2025-06-18 21:11:18,248 - INFO - Loaded 22 rows from daily_racing_data\uk_races_2025-06-15.csv
2025-06-18 21:11:18,250 - INFO - Found 22 valid URLs to scrape
2025-06-18 21:11:18,250 - INFO - Total URLs: 22, Batch size: 100, Total batches: 1
2025-06-18 21:11:18,251 - INFO - 
============================================================
2025-06-18 21:11:18,251 - INFO - STARTING BATCH 1/1 (22 URLs)
2025-06-18 21:11:18,251 - INFO - ============================================================

2025-06-18 21:11:18,251 - INFO - Batch 1 - URL 1/22: https://www.racingtv.com/results/2025-06-15/doncaster/1350
2025-06-18 21:11:18,290 - INFO - Loading page with Selenium: https://www.racingtv.com/results/2025-06-15/doncaster/1350
2025-06-18 21:11:29,195 - INFO - Racing main block detected for: https://www.racingtv.com/results/2025-06-15/doncaster/1350
2025-06-18 21:11:29,268 - INFO - Successfully loaded page: https://www.racingtv.com/results/2025-06-15/doncaster/1350
2025-06-18 21:11:29,612 - INFO - Extracted race info - Track: Doncaster Racing Results | 15th June 2025 13:50, Date: N/A, Time: 13:50
2025-06-18 21:11:29,614 - INFO - Found 2nd h3 tag: Good To Firm (Good In Places)  4YO+ 7f 6y Winner: £5,548 (10 runners)
2025-06-18 21:11:29,614 - INFO - Extracted - Going: Good To Firm (Good In Places), Distance: 7f 6y
2025-06-18 21:11:29,614 - INFO - Extracting racing data from: https://www.racingtv.com/results/2025-06-15/doncaster/1350
2025-06-18 21:11:29,646 - INFO - Processing main block #1 for https://www.racingtv.com/results/2025-06-15/doncaster/1350
2025-06-18 21:11:29,679 - INFO - Checking 2nd child of main block for first place horse...
2025-06-18 21:11:29,692 - INFO - Found alternative horse block structure with 3 links
2025-06-18 21:11:29,693 - INFO - Found alternative horse block structure with 3 links
2025-06-18 21:11:29,693 - INFO - Found alternative horse block structure with 3 links
2025-06-18 21:11:29,694 - INFO - Found alternative horse block structure with 3 links
2025-06-18 21:11:29,694 - INFO - Found alternative horse block structure with 3 links
2025-06-18 21:11:29,694 - INFO - Found alternative horse block structure with 3 links
2025-06-18 21:11:29,695 - INFO - Found alternative horse block structure with 3 links
2025-06-18 21:11:29,695 - INFO - Found alternative horse block structure with 3 links
2025-06-18 21:11:29,696 - INFO - Found alternative horse block structure with 3 links
2025-06-18 21:11:29,696 - INFO - Found alternative horse block structure with 3 links
2025-06-18 21:11:29,752 - INFO - Found likely first place horse via structure analysis: Beattie Is Back
2025-06-18 21:11:29,761 - INFO - Found potential first place horse with background styling
2025-06-18 21:11:29,762 - INFO - Found potential first place horse with background styling
2025-06-18 21:11:29,762 - INFO - Found potential first place horse with background styling
2025-06-18 21:11:29,762 - INFO - Found potential first place horse with background styling
2025-06-18 21:11:29,762 - INFO - Found potential first place horse with background styling
2025-06-18 21:11:29,763 - INFO - Found potential first place horse with background styling
2025-06-18 21:11:29,763 - INFO - Found potential first place horse with background styling
2025-06-18 21:11:29,763 - INFO - Found potential first place horse with background styling
2025-06-18 21:11:29,763 - INFO - Found potential first place horse with background styling
2025-06-18 21:11:29,766 - INFO - Found 20 horse entries for https://www.racingtv.com/results/2025-06-15/doncaster/1350 using multiple detection methods
2025-06-18 21:11:29,766 - INFO - Processing sub block #1 for https://www.racingtv.com/results/2025-06-15/doncaster/1350
2025-06-18 21:11:29,766 - INFO - Found 3 <a> tags - Horse: Too Much, Jockey: Mark Winn (claim: 0), Trainer: D Thompson
2025-06-18 21:11:29,768 - INFO - Position/Length - Found 2 children: Position: 10th, Lost by: 1/2 l
2025-06-18 21:11:29,768 - INFO - Extracted: Too Much - Position: 10th, Lost by: 1/2 l, Jockey: Mark Winn (claim: 0), Trainer: D Thompson, Age: 5, Weight: 9-3h, Rating: 69
2025-06-18 21:11:29,768 - INFO - Processing sub block #2 for https://www.racingtv.com/results/2025-06-15/doncaster/1350
2025-06-18 21:11:29,769 - INFO - Found 3 <a> tags - Horse: Diligent Henry, Jockey: D Fentiman (claim: 0), Trainer: Jessica Macey
2025-06-18 21:11:29,770 - INFO - Position/Length - Found 2 children: Position: 9th, Lost by: 3 1/2 l
2025-06-18 21:11:29,770 - INFO - Extracted: Diligent Henry - Position: 9th, Lost by: 3 1/2 l, Jockey: D Fentiman (claim: 0), Trainer: Jessica Macey, Age: 4, Weight: 8-4v, Rating: 56
2025-06-18 21:11:29,770 - INFO - Processing sub block #3 for https://www.racingtv.com/results/2025-06-15/doncaster/1350
2025-06-18 21:11:29,770 - INFO - Found 3 <a> tags - Horse: Lucky Man (IRE), Jockey: George Wood (claim: 0), Trainer: J Candlish
2025-06-18 21:11:29,772 - INFO - Position/Length - Found 2 children: Position: 8th, Lost by: 4 l
2025-06-18 21:11:29,772 - INFO - Extracted: Lucky Man (IRE) - Position: 8th, Lost by: 4 l, Jockey: George Wood (claim: 0), Trainer: J Candlish, Age: 6, Weight: 9-9, Rating: 75
2025-06-18 21:11:29,772 - INFO - Processing sub block #4 for https://www.racingtv.com/results/2025-06-15/doncaster/1350
2025-06-18 21:11:29,772 - INFO - Found 3 <a> tags - Horse: Grace Taufan, Jockey: K T O'Neill (claim: 0), Trainer: Alice Haynes
2025-06-18 21:11:29,774 - INFO - Position/Length - Found 2 children: Position: 7th, Lost by: 3/4 l
2025-06-18 21:11:29,774 - INFO - Extracted: Grace Taufan - Position: 7th, Lost by: 3/4 l, Jockey: K T O'Neill (claim: 0), Trainer: Alice Haynes, Age: 4, Weight: 9-7t, Rating: 73
2025-06-18 21:11:29,774 - INFO - Processing sub block #5 for https://www.racingtv.com/results/2025-06-15/doncaster/1350
2025-06-18 21:11:29,774 - INFO - Found 3 <a> tags - Horse: Livio Milo (IRE), Jockey: Cam Hardie (claim: 0), Trainer: S England
2025-06-18 21:11:29,776 - INFO - Position/Length - Found 2 children: Position: 6th, Lost by: 1/2 l
2025-06-18 21:11:29,776 - INFO - Extracted: Livio Milo (IRE) - Position: 6th, Lost by: 1/2 l, Jockey: Cam Hardie (claim: 0), Trainer: S England, Age: 5, Weight: 8-13, Rating: 65
2025-06-18 21:11:29,776 - INFO - Processing sub block #6 for https://www.racingtv.com/results/2025-06-15/doncaster/1350
2025-06-18 21:11:29,776 - INFO - Found 3 <a> tags - Horse: Thapa VC (IRE), Jockey: J Mitchell (claim: 0), Trainer: M G Rimell
2025-06-18 21:11:29,778 - INFO - Position/Length - Found 2 children: Position: 5th, Lost by: 1/2 l
2025-06-18 21:11:29,778 - INFO - Extracted: Thapa VC (IRE) - Position: 5th, Lost by: 1/2 l, Jockey: J Mitchell (claim: 0), Trainer: M G Rimell, Age: 7, Weight: 9-3t, Rating: 69
2025-06-18 21:11:29,778 - INFO - Processing sub block #7 for https://www.racingtv.com/results/2025-06-15/doncaster/1350
2025-06-18 21:11:29,778 - INFO - Found 3 <a> tags - Horse: Albeseeingyer, Jockey: D C Costello (claim: 0), Trainer: Steph Hollinshead
2025-06-18 21:11:29,780 - INFO - Position/Length - Found 2 children: Position: 4th, Lost by: Head
2025-06-18 21:11:29,780 - INFO - Extracted: Albeseeingyer - Position: 4th, Lost by: Head, Jockey: D C Costello (claim: 0), Trainer: Steph Hollinshead, Age: 6, Weight: 9-9, Rating: 75
2025-06-18 21:11:29,780 - INFO - Processing sub block #8 for https://www.racingtv.com/results/2025-06-15/doncaster/1350
2025-06-18 21:11:29,780 - INFO - Found 3 <a> tags - Horse: Finbar's Lad, Jockey: Cieren Fallon (claim: 0), Trainer: J & S Quinn
2025-06-18 21:11:29,782 - INFO - Position/Length - Found 2 children: Position: 3rd, Lost by: 1 3/4 l
2025-06-18 21:11:29,782 - INFO - Extracted: Finbar's Lad - Position: 3rd, Lost by: 1 3/4 l, Jockey: Cieren Fallon (claim: 0), Trainer: J & S Quinn, Age: 6, Weight: 9-5, Rating: 71
2025-06-18 21:11:29,782 - INFO - Processing sub block #9 for https://www.racingtv.com/results/2025-06-15/doncaster/1350
2025-06-18 21:11:29,782 - INFO - Found 3 <a> tags - Horse: Riot (IRE), Jockey: D Tudhope (claim: 0), Trainer: D O'Meara
2025-06-18 21:11:29,784 - INFO - Position/Length - Found 2 children: Position: 2nd, Lost by: 3/4 l
2025-06-18 21:11:29,784 - INFO - Extracted: Riot (IRE) - Position: 2nd, Lost by: 3/4 l, Jockey: D Tudhope (claim: 0), Trainer: D O'Meara, Age: 8, Weight: 9-8tv, Rating: 74
2025-06-18 21:11:29,784 - INFO - Processing sub block #10 for https://www.racingtv.com/results/2025-06-15/doncaster/1350
2025-06-18 21:11:29,784 - INFO - Found 3 <a> tags - Horse: Beattie Is Back, Jockey: J Garritty (claim: 0), Trainer: R A Fahey
2025-06-18 21:11:29,786 - INFO - Position/Length - Found 1 children: Position: 1st, Lost by: N/A
2025-06-18 21:11:29,786 - INFO - Confirmed winner: Beattie Is Back
2025-06-18 21:11:29,786 - INFO - Extracted: Beattie Is Back - Position: 1st, Lost by: N/A, Jockey: J Garritty (claim: 0), Trainer: R A Fahey, Age: 6, Weight: 9-6, Rating: 72
2025-06-18 21:11:29,786 - INFO - Processing sub block #11 for https://www.racingtv.com/results/2025-06-15/doncaster/1350
2025-06-18 21:11:29,786 - INFO - Found 3 <a> tags - Horse: Too Much, Jockey: Mark Winn (claim: 0), Trainer: D Thompson
2025-06-18 21:11:29,786 - INFO - Position/Length - Found 2 children: Position: 10th, Lost by: 1/2 l
2025-06-18 21:11:29,787 - INFO - Extracted: Too Much - Position: 10th, Lost by: 1/2 l, Jockey: Mark Winn (claim: 0), Trainer: D Thompson, Age: 5, Weight: 9-3h, Rating: 69
2025-06-18 21:11:29,787 - INFO - Processing sub block #12 for https://www.racingtv.com/results/2025-06-15/doncaster/1350
2025-06-18 21:11:29,787 - INFO - Found 3 <a> tags - Horse: Diligent Henry, Jockey: D Fentiman (claim: 0), Trainer: Jessica Macey
2025-06-18 21:11:29,787 - INFO - Position/Length - Found 2 children: Position: 9th, Lost by: 3 1/2 l
2025-06-18 21:11:29,787 - INFO - Extracted: Diligent Henry - Position: 9th, Lost by: 3 1/2 l, Jockey: D Fentiman (claim: 0), Trainer: Jessica Macey, Age: 4, Weight: 8-4v, Rating: 56
2025-06-18 21:11:29,787 - INFO - Processing sub block #13 for https://www.racingtv.com/results/2025-06-15/doncaster/1350
2025-06-18 21:11:29,788 - INFO - Found 3 <a> tags - Horse: Lucky Man (IRE), Jockey: George Wood (claim: 0), Trainer: J Candlish
2025-06-18 21:11:29,788 - INFO - Position/Length - Found 2 children: Position: 8th, Lost by: 4 l
2025-06-18 21:11:29,788 - INFO - Extracted: Lucky Man (IRE) - Position: 8th, Lost by: 4 l, Jockey: George Wood (claim: 0), Trainer: J Candlish, Age: 6, Weight: 9-9, Rating: 75
2025-06-18 21:11:29,788 - INFO - Processing sub block #14 for https://www.racingtv.com/results/2025-06-15/doncaster/1350
2025-06-18 21:11:29,789 - INFO - Found 3 <a> tags - Horse: Grace Taufan, Jockey: K T O'Neill (claim: 0), Trainer: Alice Haynes
2025-06-18 21:11:29,789 - INFO - Position/Length - Found 2 children: Position: 7th, Lost by: 3/4 l
2025-06-18 21:11:29,789 - INFO - Extracted: Grace Taufan - Position: 7th, Lost by: 3/4 l, Jockey: K T O'Neill (claim: 0), Trainer: Alice Haynes, Age: 4, Weight: 9-7t, Rating: 73
2025-06-18 21:11:29,789 - INFO - Processing sub block #15 for https://www.racingtv.com/results/2025-06-15/doncaster/1350
2025-06-18 21:11:29,790 - INFO - Found 3 <a> tags - Horse: Livio Milo (IRE), Jockey: Cam Hardie (claim: 0), Trainer: S England
2025-06-18 21:11:29,790 - INFO - Position/Length - Found 2 children: Position: 6th, Lost by: 1/2 l
2025-06-18 21:11:29,790 - INFO - Extracted: Livio Milo (IRE) - Position: 6th, Lost by: 1/2 l, Jockey: Cam Hardie (claim: 0), Trainer: S England, Age: 5, Weight: 8-13, Rating: 65
2025-06-18 21:11:29,790 - INFO - Processing sub block #16 for https://www.racingtv.com/results/2025-06-15/doncaster/1350
2025-06-18 21:11:29,791 - INFO - Found 3 <a> tags - Horse: Thapa VC (IRE), Jockey: J Mitchell (claim: 0), Trainer: M G Rimell
2025-06-18 21:11:29,791 - INFO - Position/Length - Found 2 children: Position: 5th, Lost by: 1/2 l
2025-06-18 21:11:29,791 - INFO - Extracted: Thapa VC (IRE) - Position: 5th, Lost by: 1/2 l, Jockey: J Mitchell (claim: 0), Trainer: M G Rimell, Age: 7, Weight: 9-3t, Rating: 69
2025-06-18 21:11:29,791 - INFO - Processing sub block #17 for https://www.racingtv.com/results/2025-06-15/doncaster/1350
2025-06-18 21:11:29,792 - INFO - Found 3 <a> tags - Horse: Albeseeingyer, Jockey: D C Costello (claim: 0), Trainer: Steph Hollinshead
2025-06-18 21:11:29,792 - INFO - Position/Length - Found 2 children: Position: 4th, Lost by: Head
2025-06-18 21:11:29,792 - INFO - Extracted: Albeseeingyer - Position: 4th, Lost by: Head, Jockey: D C Costello (claim: 0), Trainer: Steph Hollinshead, Age: 6, Weight: 9-9, Rating: 75
2025-06-18 21:11:29,792 - INFO - Processing sub block #18 for https://www.racingtv.com/results/2025-06-15/doncaster/1350
2025-06-18 21:11:29,793 - INFO - Found 3 <a> tags - Horse: Finbar's Lad, Jockey: Cieren Fallon (claim: 0), Trainer: J & S Quinn
2025-06-18 21:11:29,793 - INFO - Position/Length - Found 2 children: Position: 3rd, Lost by: 1 3/4 l
2025-06-18 21:11:29,793 - INFO - Extracted: Finbar's Lad - Position: 3rd, Lost by: 1 3/4 l, Jockey: Cieren Fallon (claim: 0), Trainer: J & S Quinn, Age: 6, Weight: 9-5, Rating: 71
2025-06-18 21:11:29,793 - INFO - Processing sub block #19 for https://www.racingtv.com/results/2025-06-15/doncaster/1350
2025-06-18 21:11:29,793 - INFO - Found 3 <a> tags - Horse: Riot (IRE), Jockey: D Tudhope (claim: 0), Trainer: D O'Meara
2025-06-18 21:11:29,794 - INFO - Position/Length - Found 2 children: Position: 2nd, Lost by: 3/4 l
2025-06-18 21:11:29,794 - INFO - Extracted: Riot (IRE) - Position: 2nd, Lost by: 3/4 l, Jockey: D Tudhope (claim: 0), Trainer: D O'Meara, Age: 8, Weight: 9-8tv, Rating: 74
2025-06-18 21:11:29,794 - INFO - Processing sub block #20 for https://www.racingtv.com/results/2025-06-15/doncaster/1350
2025-06-18 21:11:29,794 - INFO - Found 3 <a> tags - Horse: Beattie Is Back, Jockey: J Garritty (claim: 0), Trainer: R A Fahey
2025-06-18 21:11:29,795 - INFO - Position/Length - Found 1 children: Position: 1st, Lost by: N/A
2025-06-18 21:11:29,795 - INFO - Extracted: Beattie Is Back - Position: 1st, Lost by: N/A, Jockey: J Garritty (claim: 0), Trainer: R A Fahey, Age: 6, Weight: 9-6, Rating: 72
2025-06-18 21:11:29,795 - INFO - Successfully extracted 20/20 horse records from https://www.racingtv.com/results/2025-06-15/doncaster/1350
2025-06-18 21:11:29,795 - INFO - :) First place horse found successfully
2025-06-18 21:11:29,795 - INFO - :) First place horse found successfully
2025-06-18 21:11:29,795 - INFO - :) First place horse found successfully
2025-06-18 21:11:29,795 - INFO - :) First place horse found successfully
2025-06-18 21:11:29,795 - INFO - :) First place horse found successfully
2025-06-18 21:11:29,795 - INFO - :) First place horse found successfully
2025-06-18 21:11:29,795 - INFO - :) First place horse found successfully
2025-06-18 21:11:29,795 - INFO - :) First place horse found successfully
2025-06-18 21:11:29,796 - INFO - :) First place horse found successfully
2025-06-18 21:11:29,796 - INFO - :) First place horse found successfully
2025-06-18 21:11:29,796 - INFO - :) First place horse found successfully
2025-06-18 21:11:29,796 - INFO - :) First place horse found successfully
2025-06-18 21:11:29,796 - INFO - :) First place horse found successfully
2025-06-18 21:11:29,796 - INFO - :) First place horse found successfully
2025-06-18 21:11:29,796 - INFO - :) First place horse found successfully
2025-06-18 21:11:29,796 - INFO - :) First place horse found successfully
2025-06-18 21:11:29,796 - INFO - :) First place horse found successfully
2025-06-18 21:11:29,796 - INFO - :) First place horse found successfully
2025-06-18 21:11:29,796 - INFO - :) First place horse found successfully
2025-06-18 21:11:29,796 - INFO - :) First place horse found successfully
2025-06-18 21:11:29,796 - INFO - :) First place horse found successfully
2025-06-18 21:11:29,796 - INFO - Successfully parsed 20 horse records from: https://www.racingtv.com/results/2025-06-15/doncaster/1350
2025-06-18 21:11:29,797 - INFO - Waiting 3 seconds before next request...
2025-06-18 21:11:32,798 - INFO - Batch 1 - URL 2/22: https://www.racingtv.com/results/2025-06-15/doncaster/1425
2025-06-18 21:11:32,798 - INFO - Loading page with Selenium: https://www.racingtv.com/results/2025-06-15/doncaster/1425
2025-06-18 21:11:39,173 - INFO - Racing main block detected for: https://www.racingtv.com/results/2025-06-15/doncaster/1425
2025-06-18 21:11:39,225 - INFO - Successfully loaded page: https://www.racingtv.com/results/2025-06-15/doncaster/1425
2025-06-18 21:11:39,525 - INFO - Extracted race info - Track: Doncaster Racing Results | 15th June 2025 14:25, Date: N/A, Time: 14:25
2025-06-18 21:11:39,526 - INFO - Found 2nd h3 tag: Good To Firm  4YO+ 7f 6y Winner: £5,548 (10 runners)
2025-06-18 21:11:39,526 - INFO - Extracted - Going: Good To Firm, Distance: 7f 6y
2025-06-18 21:11:39,526 - INFO - Extracting racing data from: https://www.racingtv.com/results/2025-06-15/doncaster/1425
2025-06-18 21:11:39,553 - INFO - Processing main block #1 for https://www.racingtv.com/results/2025-06-15/doncaster/1425
2025-06-18 21:11:39,577 - INFO - Checking 2nd child of main block for first place horse...
2025-06-18 21:11:39,591 - INFO - Found alternative horse block structure with 3 links
2025-06-18 21:11:39,591 - INFO - Found alternative horse block structure with 3 links
2025-06-18 21:11:39,592 - INFO - Found alternative horse block structure with 3 links
2025-06-18 21:11:39,592 - INFO - Found alternative horse block structure with 3 links
2025-06-18 21:11:39,592 - INFO - Found alternative horse block structure with 3 links
2025-06-18 21:11:39,593 - INFO - Found alternative horse block structure with 3 links
2025-06-18 21:11:39,593 - INFO - Found alternative horse block structure with 3 links
2025-06-18 21:11:39,594 - INFO - Found alternative horse block structure with 3 links
2025-06-18 21:11:39,594 - INFO - Found alternative horse block structure with 3 links
2025-06-18 21:11:39,594 - INFO - Found alternative horse block structure with 3 links
2025-06-18 21:11:39,651 - INFO - Found likely first place horse via structure analysis: Follow Your Heart (IRE)
2025-06-18 21:11:39,661 - INFO - Found potential first place horse with background styling
2025-06-18 21:11:39,661 - INFO - Found potential first place horse with background styling
2025-06-18 21:11:39,661 - INFO - Found potential first place horse with background styling
2025-06-18 21:11:39,662 - INFO - Found potential first place horse with background styling
2025-06-18 21:11:39,662 - INFO - Found potential first place horse with background styling
2025-06-18 21:11:39,663 - INFO - Found potential first place horse with background styling
2025-06-18 21:11:39,663 - INFO - Found potential first place horse with background styling
2025-06-18 21:11:39,663 - INFO - Found potential first place horse with background styling
2025-06-18 21:11:39,664 - INFO - Found potential first place horse with background styling
2025-06-18 21:11:39,665 - INFO - Found 20 horse entries for https://www.racingtv.com/results/2025-06-15/doncaster/1425 using multiple detection methods
2025-06-18 21:11:39,665 - INFO - Processing sub block #1 for https://www.racingtv.com/results/2025-06-15/doncaster/1425
2025-06-18 21:11:39,665 - INFO - Found 3 <a> tags - Horse: Wreck It Ryley (IRE), Jockey: Rhys Clutterbuck (claim: 0), Trainer: A D Brown
2025-06-18 21:11:39,668 - INFO - Position/Length - Found 2 children: Position: 10th, Lost by: 5 l
2025-06-18 21:11:39,668 - INFO - Extracted: Wreck It Ryley (IRE) - Position: 10th, Lost by: 5 l, Jockey: Rhys Clutterbuck (claim: 0), Trainer: A D Brown, Age: 5, Weight: 9-9v, Rating: 75
2025-06-18 21:11:39,668 - INFO - Processing sub block #2 for https://www.racingtv.com/results/2025-06-15/doncaster/1425
2025-06-18 21:11:39,668 - INFO - Found 3 <a> tags - Horse: Count Palatine (IRE), Jockey: Connor Beasley (claim: 0), Trainer: M Dods
2025-06-18 21:11:39,670 - INFO - Position/Length - Found 2 children: Position: 9th, Lost by: 2 3/4 l
2025-06-18 21:11:39,670 - INFO - Extracted: Count Palatine (IRE) - Position: 9th, Lost by: 2 3/4 l, Jockey: Connor Beasley (claim: 0), Trainer: M Dods, Age: 4, Weight: 9-9, Rating: 75
2025-06-18 21:11:39,670 - INFO - Processing sub block #3 for https://www.racingtv.com/results/2025-06-15/doncaster/1425
2025-06-18 21:11:39,671 - INFO - Found 3 <a> tags - Horse: Patontheback (IRE), Jockey: J Mitchell (claim: 0), Trainer: G Tutty
2025-06-18 21:11:39,672 - INFO - Position/Length - Found 2 children: Position: 8th, Lost by: 1 3/4 l
2025-06-18 21:11:39,672 - INFO - Extracted: Patontheback (IRE) - Position: 8th, Lost by: 1 3/4 l, Jockey: J Mitchell (claim: 0), Trainer: G Tutty, Age: 7, Weight: 8-13, Rating: 65
2025-06-18 21:11:39,672 - INFO - Processing sub block #4 for https://www.racingtv.com/results/2025-06-15/doncaster/1425
2025-06-18 21:11:39,673 - INFO - Found 3 <a> tags - Horse: Wilde And Dandy, Jockey: David Probert (claim: 0), Trainer: I Furtado
2025-06-18 21:11:39,674 - INFO - Position/Length - Found 2 children: Position: 7th, Lost by: 1 1/4 l
2025-06-18 21:11:39,674 - INFO - Extracted: Wilde And Dandy - Position: 7th, Lost by: 1 1/4 l, Jockey: David Probert (claim: 0), Trainer: I Furtado, Age: 5, Weight: 8-12, Rating: 64
2025-06-18 21:11:39,674 - INFO - Processing sub block #5 for https://www.racingtv.com/results/2025-06-15/doncaster/1425
2025-06-18 21:11:39,674 - INFO - Found 3 <a> tags - Horse: Vibrato (IRE), Jockey: Lewis Edmunds (claim: 0), Trainer: J Candlish
2025-06-18 21:11:39,676 - INFO - Position/Length - Found 2 children: Position: 6th, Lost by: 1 1/2 l
2025-06-18 21:11:39,676 - INFO - Extracted: Vibrato (IRE) - Position: 6th, Lost by: 1 1/2 l, Jockey: Lewis Edmunds (claim: 0), Trainer: J Candlish, Age: 4, Weight: 9-8, Rating: 74
2025-06-18 21:11:39,676 - INFO - Processing sub block #6 for https://www.racingtv.com/results/2025-06-15/doncaster/1425
2025-06-18 21:11:39,677 - INFO - Found 3 <a> tags - Horse: Twilight Diamond, Jockey: D Tudhope (claim: 0), Trainer: D O'Meara
2025-06-18 21:11:39,678 - INFO - Position/Length - Found 2 children: Position: 5th, Lost by: 1 3/4 l
2025-06-18 21:11:39,678 - INFO - Extracted: Twilight Diamond - Position: 5th, Lost by: 1 3/4 l, Jockey: D Tudhope (claim: 0), Trainer: D O'Meara, Age: 4, Weight: 9-5t, Rating: 71
2025-06-18 21:11:39,679 - INFO - Processing sub block #7 for https://www.racingtv.com/results/2025-06-15/doncaster/1425
2025-06-18 21:11:39,679 - INFO - Found 3 <a> tags - Horse: Chifa (IRE), Jockey: L Morris (claim: 0), Trainer: E De Giles
2025-06-18 21:11:39,680 - INFO - Position/Length - Found 2 children: Position: 4th, Lost by: 1 3/4 l
2025-06-18 21:11:39,680 - INFO - Extracted: Chifa (IRE) - Position: 4th, Lost by: 1 3/4 l, Jockey: L Morris (claim: 0), Trainer: E De Giles, Age: 8, Weight: 9-3, Rating: 69
2025-06-18 21:11:39,681 - INFO - Processing sub block #8 for https://www.racingtv.com/results/2025-06-15/doncaster/1425
2025-06-18 21:11:39,681 - INFO - Found 3 <a> tags - Horse: Angel Of Rain, Jockey: George Wood (claim: 0), Trainer: James Horton
2025-06-18 21:11:39,683 - INFO - Position/Length - Found 2 children: Position: 3rd, Lost by: Neck
2025-06-18 21:11:39,683 - INFO - Extracted: Angel Of Rain - Position: 3rd, Lost by: Neck, Jockey: George Wood (claim: 0), Trainer: James Horton, Age: 4, Weight: 9-6, Rating: 72
2025-06-18 21:11:39,683 - INFO - Processing sub block #9 for https://www.racingtv.com/results/2025-06-15/doncaster/1425
2025-06-18 21:11:39,683 - INFO - Found 3 <a> tags - Horse: Novello Lad, Jockey: D Nolan (claim: 0), Trainer: P T Midgley
2025-06-18 21:11:39,685 - INFO - Position/Length - Found 2 children: Position: 2nd, Lost by: 1/2 l
2025-06-18 21:11:39,685 - INFO - Extracted: Novello Lad - Position: 2nd, Lost by: 1/2 l, Jockey: D Nolan (claim: 0), Trainer: P T Midgley, Age: 4, Weight: 9-1, Rating: 67
2025-06-18 21:11:39,685 - INFO - Processing sub block #10 for https://www.racingtv.com/results/2025-06-15/doncaster/1425
2025-06-18 21:11:39,686 - INFO - Found 3 <a> tags - Horse: Follow Your Heart (IRE), Jockey: Billy Loughnane (claim: 0), Trainer: D M Loughnane
2025-06-18 21:11:39,687 - INFO - Position/Length - Found 1 children: Position: 1st, Lost by: N/A
2025-06-18 21:11:39,687 - INFO - Confirmed winner: Follow Your Heart (IRE)
2025-06-18 21:11:39,687 - INFO - Extracted: Follow Your Heart (IRE) - Position: 1st, Lost by: N/A, Jockey: Billy Loughnane (claim: 0), Trainer: D M Loughnane, Age: 7, Weight: 9-5t, Rating: 71
2025-06-18 21:11:39,688 - INFO - Processing sub block #11 for https://www.racingtv.com/results/2025-06-15/doncaster/1425
2025-06-18 21:11:39,688 - INFO - Found 3 <a> tags - Horse: Wreck It Ryley (IRE), Jockey: Rhys Clutterbuck (claim: 0), Trainer: A D Brown
2025-06-18 21:11:39,688 - INFO - Position/Length - Found 2 children: Position: 10th, Lost by: 5 l
2025-06-18 21:11:39,688 - INFO - Extracted: Wreck It Ryley (IRE) - Position: 10th, Lost by: 5 l, Jockey: Rhys Clutterbuck (claim: 0), Trainer: A D Brown, Age: 5, Weight: 9-9v, Rating: 75
2025-06-18 21:11:39,689 - INFO - Processing sub block #12 for https://www.racingtv.com/results/2025-06-15/doncaster/1425
2025-06-18 21:11:39,689 - INFO - Found 3 <a> tags - Horse: Count Palatine (IRE), Jockey: Connor Beasley (claim: 0), Trainer: M Dods
2025-06-18 21:11:39,689 - INFO - Position/Length - Found 2 children: Position: 9th, Lost by: 2 3/4 l
2025-06-18 21:11:39,689 - INFO - Extracted: Count Palatine (IRE) - Position: 9th, Lost by: 2 3/4 l, Jockey: Connor Beasley (claim: 0), Trainer: M Dods, Age: 4, Weight: 9-9, Rating: 75
2025-06-18 21:11:39,690 - INFO - Processing sub block #13 for https://www.racingtv.com/results/2025-06-15/doncaster/1425
2025-06-18 21:11:39,690 - INFO - Found 3 <a> tags - Horse: Patontheback (IRE), Jockey: J Mitchell (claim: 0), Trainer: G Tutty
2025-06-18 21:11:39,690 - INFO - Position/Length - Found 2 children: Position: 8th, Lost by: 1 3/4 l
2025-06-18 21:11:39,690 - INFO - Extracted: Patontheback (IRE) - Position: 8th, Lost by: 1 3/4 l, Jockey: J Mitchell (claim: 0), Trainer: G Tutty, Age: 7, Weight: 8-13, Rating: 65
2025-06-18 21:11:39,690 - INFO - Processing sub block #14 for https://www.racingtv.com/results/2025-06-15/doncaster/1425
2025-06-18 21:11:39,691 - INFO - Found 3 <a> tags - Horse: Wilde And Dandy, Jockey: David Probert (claim: 0), Trainer: I Furtado
2025-06-18 21:11:39,691 - INFO - Position/Length - Found 2 children: Position: 7th, Lost by: 1 1/4 l
2025-06-18 21:11:39,691 - INFO - Extracted: Wilde And Dandy - Position: 7th, Lost by: 1 1/4 l, Jockey: David Probert (claim: 0), Trainer: I Furtado, Age: 5, Weight: 8-12, Rating: 64
2025-06-18 21:11:39,691 - INFO - Processing sub block #15 for https://www.racingtv.com/results/2025-06-15/doncaster/1425
2025-06-18 21:11:39,692 - INFO - Found 3 <a> tags - Horse: Vibrato (IRE), Jockey: Lewis Edmunds (claim: 0), Trainer: J Candlish
2025-06-18 21:11:39,692 - INFO - Position/Length - Found 2 children: Position: 6th, Lost by: 1 1/2 l
2025-06-18 21:11:39,692 - INFO - Extracted: Vibrato (IRE) - Position: 6th, Lost by: 1 1/2 l, Jockey: Lewis Edmunds (claim: 0), Trainer: J Candlish, Age: 4, Weight: 9-8, Rating: 74
2025-06-18 21:11:39,692 - INFO - Processing sub block #16 for https://www.racingtv.com/results/2025-06-15/doncaster/1425
2025-06-18 21:11:39,693 - INFO - Found 3 <a> tags - Horse: Twilight Diamond, Jockey: D Tudhope (claim: 0), Trainer: D O'Meara
2025-06-18 21:11:39,693 - INFO - Position/Length - Found 2 children: Position: 5th, Lost by: 1 3/4 l
2025-06-18 21:11:39,693 - INFO - Extracted: Twilight Diamond - Position: 5th, Lost by: 1 3/4 l, Jockey: D Tudhope (claim: 0), Trainer: D O'Meara, Age: 4, Weight: 9-5t, Rating: 71
2025-06-18 21:11:39,693 - INFO - Processing sub block #17 for https://www.racingtv.com/results/2025-06-15/doncaster/1425
2025-06-18 21:11:39,694 - INFO - Found 3 <a> tags - Horse: Chifa (IRE), Jockey: L Morris (claim: 0), Trainer: E De Giles
2025-06-18 21:11:39,694 - INFO - Position/Length - Found 2 children: Position: 4th, Lost by: 1 3/4 l
2025-06-18 21:11:39,694 - INFO - Extracted: Chifa (IRE) - Position: 4th, Lost by: 1 3/4 l, Jockey: L Morris (claim: 0), Trainer: E De Giles, Age: 8, Weight: 9-3, Rating: 69
2025-06-18 21:11:39,694 - INFO - Processing sub block #18 for https://www.racingtv.com/results/2025-06-15/doncaster/1425
2025-06-18 21:11:39,695 - INFO - Found 3 <a> tags - Horse: Angel Of Rain, Jockey: George Wood (claim: 0), Trainer: James Horton
2025-06-18 21:11:39,695 - INFO - Position/Length - Found 2 children: Position: 3rd, Lost by: Neck
2025-06-18 21:11:39,695 - INFO - Extracted: Angel Of Rain - Position: 3rd, Lost by: Neck, Jockey: George Wood (claim: 0), Trainer: James Horton, Age: 4, Weight: 9-6, Rating: 72
2025-06-18 21:11:39,695 - INFO - Processing sub block #19 for https://www.racingtv.com/results/2025-06-15/doncaster/1425
2025-06-18 21:11:39,696 - INFO - Found 3 <a> tags - Horse: Novello Lad, Jockey: D Nolan (claim: 0), Trainer: P T Midgley
2025-06-18 21:11:39,696 - INFO - Position/Length - Found 2 children: Position: 2nd, Lost by: 1/2 l
2025-06-18 21:11:39,696 - INFO - Extracted: Novello Lad - Position: 2nd, Lost by: 1/2 l, Jockey: D Nolan (claim: 0), Trainer: P T Midgley, Age: 4, Weight: 9-1, Rating: 67
2025-06-18 21:11:39,696 - INFO - Processing sub block #20 for https://www.racingtv.com/results/2025-06-15/doncaster/1425
2025-06-18 21:11:39,697 - INFO - Found 3 <a> tags - Horse: Follow Your Heart (IRE), Jockey: Billy Loughnane (claim: 0), Trainer: D M Loughnane
2025-06-18 21:11:39,697 - INFO - Position/Length - Found 1 children: Position: 1st, Lost by: N/A
2025-06-18 21:11:39,698 - INFO - Extracted: Follow Your Heart (IRE) - Position: 1st, Lost by: N/A, Jockey: Billy Loughnane (claim: 0), Trainer: D M Loughnane, Age: 7, Weight: 9-5t, Rating: 71
2025-06-18 21:11:39,698 - INFO - Successfully extracted 20/20 horse records from https://www.racingtv.com/results/2025-06-15/doncaster/1425
2025-06-18 21:11:39,698 - INFO - :) First place horse found successfully
2025-06-18 21:11:39,698 - INFO - :) First place horse found successfully
2025-06-18 21:11:39,698 - INFO - :) First place horse found successfully
2025-06-18 21:11:39,698 - INFO - :) First place horse found successfully
2025-06-18 21:11:39,698 - INFO - :) First place horse found successfully
2025-06-18 21:11:39,698 - INFO - :) First place horse found successfully
2025-06-18 21:11:39,698 - INFO - :) First place horse found successfully
2025-06-18 21:11:39,698 - INFO - :) First place horse found successfully
2025-06-18 21:11:39,698 - INFO - :) First place horse found successfully
2025-06-18 21:11:39,698 - INFO - :) First place horse found successfully
2025-06-18 21:11:39,698 - INFO - :) First place horse found successfully
2025-06-18 21:11:39,699 - INFO - :) First place horse found successfully
2025-06-18 21:11:39,699 - INFO - :) First place horse found successfully
2025-06-18 21:11:39,699 - INFO - :) First place horse found successfully
2025-06-18 21:11:39,699 - INFO - :) First place horse found successfully
2025-06-18 21:11:39,699 - INFO - :) First place horse found successfully
2025-06-18 21:11:39,699 - INFO - :) First place horse found successfully
2025-06-18 21:11:39,699 - INFO - :) First place horse found successfully
2025-06-18 21:11:39,699 - INFO - :) First place horse found successfully
2025-06-18 21:11:39,699 - INFO - :) First place horse found successfully
2025-06-18 21:11:39,699 - INFO - :) First place horse found successfully
2025-06-18 21:11:39,699 - INFO - Successfully parsed 20 horse records from: https://www.racingtv.com/results/2025-06-15/doncaster/1425
2025-06-18 21:11:39,699 - INFO - Waiting 3 seconds before next request...
2025-06-18 21:11:42,701 - INFO - Batch 1 - URL 3/22: https://www.racingtv.com/results/2025-06-15/doncaster/1500
2025-06-18 21:11:42,701 - INFO - Loading page with Selenium: https://www.racingtv.com/results/2025-06-15/doncaster/1500
2025-06-18 21:11:48,675 - INFO - Racing main block detected for: https://www.racingtv.com/results/2025-06-15/doncaster/1500
2025-06-18 21:11:48,727 - INFO - Successfully loaded page: https://www.racingtv.com/results/2025-06-15/doncaster/1500
2025-06-18 21:11:48,938 - INFO - Extracted race info - Track: Doncaster Racing Results | 15th June 2025 15:00, Date: N/A, Time: 15:00
2025-06-18 21:11:48,939 - INFO - Found 2nd h3 tag: Good To Firm  2YO only 7f 6y Winner: £3,672 (5 runners)
2025-06-18 21:11:48,939 - INFO - Extracted - Going: Good To Firm, Distance: 7f 6y
2025-06-18 21:11:48,939 - INFO - Extracting racing data from: https://www.racingtv.com/results/2025-06-15/doncaster/1500
2025-06-18 21:11:48,961 - INFO - Processing main block #1 for https://www.racingtv.com/results/2025-06-15/doncaster/1500
2025-06-18 21:11:48,979 - INFO - Checking 2nd child of main block for first place horse...
2025-06-18 21:11:48,986 - INFO - Found alternative horse block structure with 3 links
2025-06-18 21:11:48,987 - INFO - Found alternative horse block structure with 3 links
2025-06-18 21:11:48,987 - INFO - Found alternative horse block structure with 3 links
2025-06-18 21:11:48,988 - INFO - Found alternative horse block structure with 3 links
2025-06-18 21:11:48,988 - INFO - Found alternative horse block structure with 3 links
2025-06-18 21:11:49,023 - INFO - Found likely first place horse via structure analysis: Amora Queen (GER)
2025-06-18 21:11:49,030 - INFO - Found potential first place horse with background styling
2025-06-18 21:11:49,030 - INFO - Found potential first place horse with background styling
2025-06-18 21:11:49,030 - INFO - Found potential first place horse with background styling
2025-06-18 21:11:49,030 - INFO - Found potential first place horse with background styling
2025-06-18 21:11:49,032 - INFO - Found 10 horse entries for https://www.racingtv.com/results/2025-06-15/doncaster/1500 using multiple detection methods
2025-06-18 21:11:49,032 - INFO - Processing sub block #1 for https://www.racingtv.com/results/2025-06-15/doncaster/1500
2025-06-18 21:11:49,032 - INFO - Found 3 <a> tags - Horse: Alfa Patisserie (IRE), Jockey: David Probert (claim: 0), Trainer: I Furtado
2025-06-18 21:11:49,035 - INFO - Position/Length - Found 2 children: Position: 5th, Lost by: 1 1/2 l
2025-06-18 21:11:49,036 - INFO - Extracted: Alfa Patisserie (IRE) - Position: 5th, Lost by: 1 1/2 l, Jockey: David Probert (claim: 0), Trainer: I Furtado, Age: 2, Weight: 9-2, Rating: -
2025-06-18 21:11:49,036 - INFO - Processing sub block #2 for https://www.racingtv.com/results/2025-06-15/doncaster/1500
2025-06-18 21:11:49,036 - INFO - Found 3 <a> tags - Horse: Hazy Cosmic Jane (IRE), Jockey: L Morris (claim: 0), Trainer: D Donovan
2025-06-18 21:11:49,039 - INFO - Position/Length - Found 2 children: Position: 4th, Lost by: 1 1/2 l
2025-06-18 21:11:49,039 - INFO - Extracted: Hazy Cosmic Jane (IRE) - Position: 4th, Lost by: 1 1/2 l, Jockey: L Morris (claim: 0), Trainer: D Donovan, Age: 2, Weight: 9-2, Rating: -
2025-06-18 21:11:49,039 - INFO - Processing sub block #3 for https://www.racingtv.com/results/2025-06-15/doncaster/1500
2025-06-18 21:11:49,039 - INFO - Found 3 <a> tags - Horse: Just Call Me Angel, Jockey: Cieren Fallon (claim: 0), Trainer: E A L Dunlop
2025-06-18 21:11:49,041 - INFO - Position/Length - Found 2 children: Position: 3rd, Lost by: 7 l
2025-06-18 21:11:49,041 - INFO - Extracted: Just Call Me Angel - Position: 3rd, Lost by: 7 l, Jockey: Cieren Fallon (claim: 0), Trainer: E A L Dunlop, Age: 2, Weight: 9-2, Rating: -
2025-06-18 21:11:49,041 - INFO - Processing sub block #4 for https://www.racingtv.com/results/2025-06-15/doncaster/1500
2025-06-18 21:11:49,041 - INFO - Found 3 <a> tags - Horse: Artanis, Jockey: Billy Loughnane (claim: 0), Trainer: G Boughey
2025-06-18 21:11:49,043 - INFO - Position/Length - Found 2 children: Position: 2nd, Lost by: 4 l
2025-06-18 21:11:49,043 - INFO - Extracted: Artanis - Position: 2nd, Lost by: 4 l, Jockey: Billy Loughnane (claim: 0), Trainer: G Boughey, Age: 2, Weight: 9-2, Rating: -
2025-06-18 21:11:49,043 - INFO - Processing sub block #5 for https://www.racingtv.com/results/2025-06-15/doncaster/1500
2025-06-18 21:11:49,043 - INFO - Found 3 <a> tags - Horse: Amora Queen (GER), Jockey: Connor Beasley (claim: 0), Trainer: C Johnston
2025-06-18 21:11:49,045 - INFO - Position/Length - Found 1 children: Position: 1st, Lost by: N/A
2025-06-18 21:11:49,045 - INFO - Confirmed winner: Amora Queen (GER)
2025-06-18 21:11:49,045 - INFO - Extracted: Amora Queen (GER) - Position: 1st, Lost by: N/A, Jockey: Connor Beasley (claim: 0), Trainer: C Johnston, Age: 2, Weight: 9-2, Rating: -
2025-06-18 21:11:49,045 - INFO - Processing sub block #6 for https://www.racingtv.com/results/2025-06-15/doncaster/1500
2025-06-18 21:11:49,045 - INFO - Found 3 <a> tags - Horse: Alfa Patisserie (IRE), Jockey: David Probert (claim: 0), Trainer: I Furtado
2025-06-18 21:11:49,046 - INFO - Position/Length - Found 2 children: Position: 5th, Lost by: 1 1/2 l
2025-06-18 21:11:49,046 - INFO - Extracted: Alfa Patisserie (IRE) - Position: 5th, Lost by: 1 1/2 l, Jockey: David Probert (claim: 0), Trainer: I Furtado, Age: 2, Weight: 9-2, Rating: -
2025-06-18 21:11:49,046 - INFO - Processing sub block #7 for https://www.racingtv.com/results/2025-06-15/doncaster/1500
2025-06-18 21:11:49,046 - INFO - Found 3 <a> tags - Horse: Hazy Cosmic Jane (IRE), Jockey: L Morris (claim: 0), Trainer: D Donovan
2025-06-18 21:11:49,047 - INFO - Position/Length - Found 2 children: Position: 4th, Lost by: 1 1/2 l
2025-06-18 21:11:49,047 - INFO - Extracted: Hazy Cosmic Jane (IRE) - Position: 4th, Lost by: 1 1/2 l, Jockey: L Morris (claim: 0), Trainer: D Donovan, Age: 2, Weight: 9-2, Rating: -
2025-06-18 21:11:49,047 - INFO - Processing sub block #8 for https://www.racingtv.com/results/2025-06-15/doncaster/1500
2025-06-18 21:11:49,047 - INFO - Found 3 <a> tags - Horse: Just Call Me Angel, Jockey: Cieren Fallon (claim: 0), Trainer: E A L Dunlop
2025-06-18 21:11:49,048 - INFO - Position/Length - Found 2 children: Position: 3rd, Lost by: 7 l
2025-06-18 21:11:49,048 - INFO - Extracted: Just Call Me Angel - Position: 3rd, Lost by: 7 l, Jockey: Cieren Fallon (claim: 0), Trainer: E A L Dunlop, Age: 2, Weight: 9-2, Rating: -
2025-06-18 21:11:49,048 - INFO - Processing sub block #9 for https://www.racingtv.com/results/2025-06-15/doncaster/1500
2025-06-18 21:11:49,048 - INFO - Found 3 <a> tags - Horse: Artanis, Jockey: Billy Loughnane (claim: 0), Trainer: G Boughey
2025-06-18 21:11:49,048 - INFO - Position/Length - Found 2 children: Position: 2nd, Lost by: 4 l
2025-06-18 21:11:49,048 - INFO - Extracted: Artanis - Position: 2nd, Lost by: 4 l, Jockey: Billy Loughnane (claim: 0), Trainer: G Boughey, Age: 2, Weight: 9-2, Rating: -
2025-06-18 21:11:49,049 - INFO - Processing sub block #10 for https://www.racingtv.com/results/2025-06-15/doncaster/1500
2025-06-18 21:11:49,049 - INFO - Found 3 <a> tags - Horse: Amora Queen (GER), Jockey: Connor Beasley (claim: 0), Trainer: C Johnston
2025-06-18 21:11:49,049 - INFO - Position/Length - Found 1 children: Position: 1st, Lost by: N/A
2025-06-18 21:11:49,050 - INFO - Extracted: Amora Queen (GER) - Position: 1st, Lost by: N/A, Jockey: Connor Beasley (claim: 0), Trainer: C Johnston, Age: 2, Weight: 9-2, Rating: -
2025-06-18 21:11:49,050 - INFO - Successfully extracted 10/10 horse records from https://www.racingtv.com/results/2025-06-15/doncaster/1500
2025-06-18 21:11:49,050 - INFO - :) First place horse found successfully
2025-06-18 21:11:49,050 - INFO - :) First place horse found successfully
2025-06-18 21:11:49,050 - INFO - :) First place horse found successfully
2025-06-18 21:11:49,050 - INFO - :) First place horse found successfully
2025-06-18 21:11:49,050 - INFO - :) First place horse found successfully
2025-06-18 21:11:49,050 - INFO - :) First place horse found successfully
2025-06-18 21:11:49,050 - INFO - :) First place horse found successfully
2025-06-18 21:11:49,050 - INFO - :) First place horse found successfully
2025-06-18 21:11:49,050 - INFO - :) First place horse found successfully
2025-06-18 21:11:49,050 - INFO - :) First place horse found successfully
2025-06-18 21:11:49,050 - INFO - :) First place horse found successfully
2025-06-18 21:11:49,050 - INFO - Successfully parsed 10 horse records from: https://www.racingtv.com/results/2025-06-15/doncaster/1500
2025-06-18 21:11:49,051 - INFO - Waiting 3 seconds before next request...
2025-06-18 21:11:52,052 - INFO - Batch 1 - URL 4/22: https://www.racingtv.com/results/2025-06-15/doncaster/1530
2025-06-18 21:11:52,053 - INFO - Loading page with Selenium: https://www.racingtv.com/results/2025-06-15/doncaster/1530
2025-06-18 21:11:58,038 - INFO - Racing main block detected for: https://www.racingtv.com/results/2025-06-15/doncaster/1530
2025-06-18 21:11:58,100 - INFO - Successfully loaded page: https://www.racingtv.com/results/2025-06-15/doncaster/1530
2025-06-18 21:11:58,423 - INFO - Extracted race info - Track: Doncaster Racing Results | 15th June 2025 15:30, Date: N/A, Time: 15:30
2025-06-18 21:11:58,424 - INFO - Found 2nd h3 tag: Good To Firm  3YO+ 1m 3f 197y Winner: £4,320 (9 runners)
2025-06-18 21:11:58,424 - INFO - Extracted - Going: Good To Firm, Distance: 1m 3f 197y
2025-06-18 21:11:58,424 - INFO - Extracting racing data from: https://www.racingtv.com/results/2025-06-15/doncaster/1530
2025-06-18 21:11:58,456 - INFO - Processing main block #1 for https://www.racingtv.com/results/2025-06-15/doncaster/1530
2025-06-18 21:11:58,486 - INFO - Checking 2nd child of main block for first place horse...
2025-06-18 21:11:58,498 - INFO - Found alternative horse block structure with 3 links
2025-06-18 21:11:58,499 - INFO - Found alternative horse block structure with 3 links
2025-06-18 21:11:58,499 - INFO - Found alternative horse block structure with 3 links
2025-06-18 21:11:58,499 - INFO - Found alternative horse block structure with 3 links
2025-06-18 21:11:58,500 - INFO - Found alternative horse block structure with 3 links
2025-06-18 21:11:58,500 - INFO - Found alternative horse block structure with 3 links
2025-06-18 21:11:58,500 - INFO - Found alternative horse block structure with 3 links
2025-06-18 21:11:58,501 - INFO - Found alternative horse block structure with 3 links
2025-06-18 21:11:58,501 - INFO - Found alternative horse block structure with 3 links
2025-06-18 21:11:58,551 - INFO - Found likely first place horse via structure analysis: Gravitas (IRE)
2025-06-18 21:11:58,560 - INFO - Found potential first place horse with background styling
2025-06-18 21:11:58,560 - INFO - Found potential first place horse with background styling
2025-06-18 21:11:58,560 - INFO - Found potential first place horse with background styling
2025-06-18 21:11:58,560 - INFO - Found potential first place horse with background styling
2025-06-18 21:11:58,561 - INFO - Found potential first place horse with background styling
2025-06-18 21:11:58,561 - INFO - Found potential first place horse with background styling
2025-06-18 21:11:58,561 - INFO - Found potential first place horse with background styling
2025-06-18 21:11:58,561 - INFO - Found potential first place horse with background styling
2025-06-18 21:11:58,564 - INFO - Found 18 horse entries for https://www.racingtv.com/results/2025-06-15/doncaster/1530 using multiple detection methods
2025-06-18 21:11:58,564 - INFO - Processing sub block #1 for https://www.racingtv.com/results/2025-06-15/doncaster/1530
2025-06-18 21:11:58,565 - INFO - Found 3 <a> tags - Horse: Burlington Place, Jockey: K T O'Neill (claim: 0), Trainer: Mrs C A Dunnett
2025-06-18 21:11:58,566 - INFO - Position/Length - Found 2 children: Position: 9th, Lost by: 82 l
2025-06-18 21:11:58,566 - INFO - Extracted: Burlington Place - Position: 9th, Lost by: 82 l, Jockey: K T O'Neill (claim: 0), Trainer: Mrs C A Dunnett, Age: 4, Weight: 9-11, Rating: -
2025-06-18 21:11:58,566 - INFO - Processing sub block #2 for https://www.racingtv.com/results/2025-06-15/doncaster/1530
2025-06-18 21:11:58,566 - INFO - Found 3 <a> tags - Horse: Rocky Gb, Jockey: Cam Hardie (claim: 0), Trainer: P A Kirby
2025-06-18 21:11:58,568 - INFO - Position/Length - Found 2 children: Position: 8th, Lost by: 1 1/4 l
2025-06-18 21:11:58,568 - INFO - Extracted: Rocky Gb - Position: 8th, Lost by: 1 1/4 l, Jockey: Cam Hardie (claim: 0), Trainer: P A Kirby, Age: 3, Weight: 9-1, Rating: -
2025-06-18 21:11:58,568 - INFO - Processing sub block #3 for https://www.racingtv.com/results/2025-06-15/doncaster/1530
2025-06-18 21:11:58,568 - INFO - Found 3 <a> tags - Horse: Garswood Gold, Jockey: Rhys Clutterbuck (claim: 0), Trainer: C Ellam
2025-06-18 21:11:58,570 - INFO - Position/Length - Found 2 children: Position: 7th, Lost by: 28 l
2025-06-18 21:11:58,570 - INFO - Extracted: Garswood Gold - Position: 7th, Lost by: 28 l, Jockey: Rhys Clutterbuck (claim: 0), Trainer: C Ellam, Age: 6, Weight: 10-2, Rating: -
2025-06-18 21:11:58,570 - INFO - Processing sub block #4 for https://www.racingtv.com/results/2025-06-15/doncaster/1530
2025-06-18 21:11:58,570 - INFO - Found 3 <a> tags - Horse: Mr Withington (FR), Jockey: D Nolan (claim: 0), Trainer: Paul Robson
2025-06-18 21:11:58,572 - INFO - Position/Length - Found 2 children: Position: 6th, Lost by: 15 l
2025-06-18 21:11:58,572 - INFO - Extracted: Mr Withington (FR) - Position: 6th, Lost by: 15 l, Jockey: D Nolan (claim: 0), Trainer: Paul Robson, Age: 4, Weight: 10-2, Rating: -
2025-06-18 21:11:58,572 - INFO - Processing sub block #5 for https://www.racingtv.com/results/2025-06-15/doncaster/1530
2025-06-18 21:11:58,572 - INFO - Found 3 <a> tags - Horse: Little Saver (IRE), Jockey: J Mitchell (claim: 0), Trainer: H Palmer
2025-06-18 21:11:58,574 - INFO - Position/Length - Found 2 children: Position: 5th, Lost by: 1 3/4 l
2025-06-18 21:11:58,574 - INFO - Extracted: Little Saver (IRE) - Position: 5th, Lost by: 1 3/4 l, Jockey: J Mitchell (claim: 0), Trainer: H Palmer, Age: 3, Weight: 9-1, Rating: -
2025-06-18 21:11:58,574 - INFO - Processing sub block #6 for https://www.racingtv.com/results/2025-06-15/doncaster/1530
2025-06-18 21:11:58,574 - INFO - Found 3 <a> tags - Horse: Bomba Del Mundo (IRE), Jockey: Cieren Fallon (claim: 0), Trainer: H Kobeissi
2025-06-18 21:11:58,575 - INFO - Position/Length - Found 2 children: Position: 4th, Lost by: 9 l
2025-06-18 21:11:58,575 - INFO - Extracted: Bomba Del Mundo (IRE) - Position: 4th, Lost by: 9 l, Jockey: Cieren Fallon (claim: 0), Trainer: H Kobeissi, Age: 3, Weight: 9-1t, Rating: -
2025-06-18 21:11:58,576 - INFO - Processing sub block #7 for https://www.racingtv.com/results/2025-06-15/doncaster/1530
2025-06-18 21:11:58,576 - INFO - Found 3 <a> tags - Horse: Bahadur, Jockey: D Tudhope (claim: 0), Trainer: S Woods
2025-06-18 21:11:58,577 - INFO - Position/Length - Found 2 children: Position: 3rd, Lost by: 1 1/4 l
2025-06-18 21:11:58,577 - INFO - Extracted: Bahadur - Position: 3rd, Lost by: 1 1/4 l, Jockey: D Tudhope (claim: 0), Trainer: S Woods, Age: 3, Weight: 9-1, Rating: -
2025-06-18 21:11:58,577 - INFO - Processing sub block #8 for https://www.racingtv.com/results/2025-06-15/doncaster/1530
2025-06-18 21:11:58,578 - INFO - Found 3 <a> tags - Horse: Tarriance, Jockey: David Probert (claim: 0), Trainer: A M Balding
2025-06-18 21:11:58,579 - INFO - Position/Length - Found 2 children: Position: 2nd, Lost by: Neck
2025-06-18 21:11:58,579 - INFO - Extracted: Tarriance - Position: 2nd, Lost by: Neck, Jockey: David Probert (claim: 0), Trainer: A M Balding, Age: 3, Weight: 9-8, Rating: -
2025-06-18 21:11:58,580 - INFO - Processing sub block #9 for https://www.racingtv.com/results/2025-06-15/doncaster/1530
2025-06-18 21:11:58,580 - INFO - Found 3 <a> tags - Horse: Gravitas (IRE), Jockey: Billy Loughnane (claim: 0), Trainer: C Johnston
2025-06-18 21:11:58,581 - INFO - Position/Length - Found 1 children: Position: 1st, Lost by: N/A
2025-06-18 21:11:58,581 - INFO - Confirmed winner: Gravitas (IRE)
2025-06-18 21:11:58,581 - INFO - Extracted: Gravitas (IRE) - Position: 1st, Lost by: N/A, Jockey: Billy Loughnane (claim: 0), Trainer: C Johnston, Age: 3, Weight: 9-1, Rating: -
2025-06-18 21:11:58,581 - INFO - Processing sub block #10 for https://www.racingtv.com/results/2025-06-15/doncaster/1530
2025-06-18 21:11:58,582 - INFO - Found 3 <a> tags - Horse: Burlington Place, Jockey: K T O'Neill (claim: 0), Trainer: Mrs C A Dunnett
2025-06-18 21:11:58,582 - INFO - Position/Length - Found 2 children: Position: 9th, Lost by: 82 l
2025-06-18 21:11:58,582 - INFO - Extracted: Burlington Place - Position: 9th, Lost by: 82 l, Jockey: K T O'Neill (claim: 0), Trainer: Mrs C A Dunnett, Age: 4, Weight: 9-11, Rating: -
2025-06-18 21:11:58,582 - INFO - Processing sub block #11 for https://www.racingtv.com/results/2025-06-15/doncaster/1530
2025-06-18 21:11:58,583 - INFO - Found 3 <a> tags - Horse: Rocky Gb, Jockey: Cam Hardie (claim: 0), Trainer: P A Kirby
2025-06-18 21:11:58,583 - INFO - Position/Length - Found 2 children: Position: 8th, Lost by: 1 1/4 l
2025-06-18 21:11:58,583 - INFO - Extracted: Rocky Gb - Position: 8th, Lost by: 1 1/4 l, Jockey: Cam Hardie (claim: 0), Trainer: P A Kirby, Age: 3, Weight: 9-1, Rating: -
2025-06-18 21:11:58,583 - INFO - Processing sub block #12 for https://www.racingtv.com/results/2025-06-15/doncaster/1530
2025-06-18 21:11:58,583 - INFO - Found 3 <a> tags - Horse: Garswood Gold, Jockey: Rhys Clutterbuck (claim: 0), Trainer: C Ellam
2025-06-18 21:11:58,584 - INFO - Position/Length - Found 2 children: Position: 7th, Lost by: 28 l
2025-06-18 21:11:58,584 - INFO - Extracted: Garswood Gold - Position: 7th, Lost by: 28 l, Jockey: Rhys Clutterbuck (claim: 0), Trainer: C Ellam, Age: 6, Weight: 10-2, Rating: -
2025-06-18 21:11:58,584 - INFO - Processing sub block #13 for https://www.racingtv.com/results/2025-06-15/doncaster/1530
2025-06-18 21:11:58,584 - INFO - Found 3 <a> tags - Horse: Mr Withington (FR), Jockey: D Nolan (claim: 0), Trainer: Paul Robson
2025-06-18 21:11:58,585 - INFO - Position/Length - Found 2 children: Position: 6th, Lost by: 15 l
2025-06-18 21:11:58,585 - INFO - Extracted: Mr Withington (FR) - Position: 6th, Lost by: 15 l, Jockey: D Nolan (claim: 0), Trainer: Paul Robson, Age: 4, Weight: 10-2, Rating: -
2025-06-18 21:11:58,585 - INFO - Processing sub block #14 for https://www.racingtv.com/results/2025-06-15/doncaster/1530
2025-06-18 21:11:58,585 - INFO - Found 3 <a> tags - Horse: Little Saver (IRE), Jockey: J Mitchell (claim: 0), Trainer: H Palmer
2025-06-18 21:11:58,586 - INFO - Position/Length - Found 2 children: Position: 5th, Lost by: 1 3/4 l
2025-06-18 21:11:58,586 - INFO - Extracted: Little Saver (IRE) - Position: 5th, Lost by: 1 3/4 l, Jockey: J Mitchell (claim: 0), Trainer: H Palmer, Age: 3, Weight: 9-1, Rating: -
2025-06-18 21:11:58,586 - INFO - Processing sub block #15 for https://www.racingtv.com/results/2025-06-15/doncaster/1530
2025-06-18 21:11:58,586 - INFO - Found 3 <a> tags - Horse: Bomba Del Mundo (IRE), Jockey: Cieren Fallon (claim: 0), Trainer: H Kobeissi
2025-06-18 21:11:58,586 - INFO - Position/Length - Found 2 children: Position: 4th, Lost by: 9 l
2025-06-18 21:11:58,586 - INFO - Extracted: Bomba Del Mundo (IRE) - Position: 4th, Lost by: 9 l, Jockey: Cieren Fallon (claim: 0), Trainer: H Kobeissi, Age: 3, Weight: 9-1t, Rating: -
2025-06-18 21:11:58,587 - INFO - Processing sub block #16 for https://www.racingtv.com/results/2025-06-15/doncaster/1530
2025-06-18 21:11:58,587 - INFO - Found 3 <a> tags - Horse: Bahadur, Jockey: D Tudhope (claim: 0), Trainer: S Woods
2025-06-18 21:11:58,587 - INFO - Position/Length - Found 2 children: Position: 3rd, Lost by: 1 1/4 l
2025-06-18 21:11:58,587 - INFO - Extracted: Bahadur - Position: 3rd, Lost by: 1 1/4 l, Jockey: D Tudhope (claim: 0), Trainer: S Woods, Age: 3, Weight: 9-1, Rating: -
2025-06-18 21:11:58,587 - INFO - Processing sub block #17 for https://www.racingtv.com/results/2025-06-15/doncaster/1530
2025-06-18 21:11:58,588 - INFO - Found 3 <a> tags - Horse: Tarriance, Jockey: David Probert (claim: 0), Trainer: A M Balding
2025-06-18 21:11:58,588 - INFO - Position/Length - Found 2 children: Position: 2nd, Lost by: Neck
2025-06-18 21:11:58,588 - INFO - Extracted: Tarriance - Position: 2nd, Lost by: Neck, Jockey: David Probert (claim: 0), Trainer: A M Balding, Age: 3, Weight: 9-8, Rating: -
2025-06-18 21:11:58,588 - INFO - Processing sub block #18 for https://www.racingtv.com/results/2025-06-15/doncaster/1530
2025-06-18 21:11:58,588 - INFO - Found 3 <a> tags - Horse: Gravitas (IRE), Jockey: Billy Loughnane (claim: 0), Trainer: C Johnston
2025-06-18 21:11:58,589 - INFO - Position/Length - Found 1 children: Position: 1st, Lost by: N/A
2025-06-18 21:11:58,589 - INFO - Extracted: Gravitas (IRE) - Position: 1st, Lost by: N/A, Jockey: Billy Loughnane (claim: 0), Trainer: C Johnston, Age: 3, Weight: 9-1, Rating: -
2025-06-18 21:11:58,589 - INFO - Successfully extracted 18/18 horse records from https://www.racingtv.com/results/2025-06-15/doncaster/1530
2025-06-18 21:11:58,589 - INFO - :) First place horse found successfully
2025-06-18 21:11:58,589 - INFO - :) First place horse found successfully
2025-06-18 21:11:58,589 - INFO - :) First place horse found successfully
2025-06-18 21:11:58,589 - INFO - :) First place horse found successfully
2025-06-18 21:11:58,589 - INFO - :) First place horse found successfully
2025-06-18 21:11:58,589 - INFO - :) First place horse found successfully
2025-06-18 21:11:58,590 - INFO - :) First place horse found successfully
2025-06-18 21:11:58,590 - INFO - :) First place horse found successfully
2025-06-18 21:11:58,590 - INFO - :) First place horse found successfully
2025-06-18 21:11:58,590 - INFO - :) First place horse found successfully
2025-06-18 21:11:58,590 - INFO - :) First place horse found successfully
2025-06-18 21:11:58,590 - INFO - :) First place horse found successfully
2025-06-18 21:11:58,590 - INFO - :) First place horse found successfully
2025-06-18 21:11:58,590 - INFO - :) First place horse found successfully
2025-06-18 21:11:58,590 - INFO - :) First place horse found successfully
2025-06-18 21:11:58,590 - INFO - :) First place horse found successfully
2025-06-18 21:11:58,590 - INFO - :) First place horse found successfully
2025-06-18 21:11:58,590 - INFO - :) First place horse found successfully
2025-06-18 21:11:58,590 - INFO - :) First place horse found successfully
2025-06-18 21:11:58,590 - INFO - Successfully parsed 18 horse records from: https://www.racingtv.com/results/2025-06-15/doncaster/1530
2025-06-18 21:11:58,590 - INFO - Waiting 3 seconds before next request...
2025-06-18 21:12:01,591 - INFO - Batch 1 - URL 5/22: https://www.racingtv.com/results/2025-06-15/doncaster/1605
2025-06-18 21:12:01,592 - INFO - Loading page with Selenium: https://www.racingtv.com/results/2025-06-15/doncaster/1605
2025-06-18 21:12:07,447 - INFO - Racing main block detected for: https://www.racingtv.com/results/2025-06-15/doncaster/1605
2025-06-18 21:12:07,508 - INFO - Successfully loaded page: https://www.racingtv.com/results/2025-06-15/doncaster/1605
2025-06-18 21:12:07,737 - INFO - Extracted race info - Track: Doncaster Racing Results | 15th June 2025 16:05, Date: N/A, Time: 16:05
2025-06-18 21:12:07,738 - INFO - Found 2nd h3 tag: Good To Firm  4YO+ 7f 213y Winner: £5,653 (6 runners)
2025-06-18 21:12:07,738 - INFO - Extracted - Going: Good To Firm, Distance: 7f 213y
2025-06-18 21:12:07,739 - INFO - Extracting racing data from: https://www.racingtv.com/results/2025-06-15/doncaster/1605
2025-06-18 21:12:07,760 - INFO - Processing main block #1 for https://www.racingtv.com/results/2025-06-15/doncaster/1605
2025-06-18 21:12:07,780 - INFO - Checking 2nd child of main block for first place horse...
2025-06-18 21:12:07,788 - INFO - Found alternative horse block structure with 3 links
2025-06-18 21:12:07,789 - INFO - Found alternative horse block structure with 3 links
2025-06-18 21:12:07,789 - INFO - Found alternative horse block structure with 3 links
2025-06-18 21:12:07,790 - INFO - Found alternative horse block structure with 3 links
2025-06-18 21:12:07,790 - INFO - Found alternative horse block structure with 3 links
2025-06-18 21:12:07,790 - INFO - Found alternative horse block structure with 3 links
2025-06-18 21:12:07,825 - INFO - Found likely first place horse via structure analysis: Duke's Command
2025-06-18 21:12:07,831 - INFO - Found potential first place horse with background styling
2025-06-18 21:12:07,831 - INFO - Found potential first place horse with background styling
2025-06-18 21:12:07,832 - INFO - Found potential first place horse with background styling
2025-06-18 21:12:07,832 - INFO - Found potential first place horse with background styling
2025-06-18 21:12:07,832 - INFO - Found potential first place horse with background styling
2025-06-18 21:12:07,833 - INFO - Found 12 horse entries for https://www.racingtv.com/results/2025-06-15/doncaster/1605 using multiple detection methods
2025-06-18 21:12:07,833 - INFO - Processing sub block #1 for https://www.racingtv.com/results/2025-06-15/doncaster/1605
2025-06-18 21:12:07,834 - INFO - Found 3 <a> tags - Horse: Savvy Kingdom, Jockey: Billy Loughnane (claim: 0), Trainer: S Woods
2025-06-18 21:12:07,835 - INFO - Position/Length - Found 2 children: Position: 6th, Lost by: 1 1/4 l
2025-06-18 21:12:07,835 - INFO - Extracted: Savvy Kingdom - Position: 6th, Lost by: 1 1/4 l, Jockey: Billy Loughnane (claim: 0), Trainer: S Woods, Age: 4, Weight: 9-5, Rating: 76
2025-06-18 21:12:07,835 - INFO - Processing sub block #2 for https://www.racingtv.com/results/2025-06-15/doncaster/1605
2025-06-18 21:12:07,836 - INFO - Found 3 <a> tags - Horse: Mount King (IRE), Jockey: Sean Kirrane (claim: 0), Trainer: T D Easterby
2025-06-18 21:12:07,837 - INFO - Position/Length - Found 2 children: Position: 5th, Lost by: 1 1/4 l
2025-06-18 21:12:07,837 - INFO - Extracted: Mount King (IRE) - Position: 5th, Lost by: 1 1/4 l, Jockey: Sean Kirrane (claim: 0), Trainer: T D Easterby, Age: 5, Weight: 8-10tp, Rating: 67
2025-06-18 21:12:07,837 - INFO - Processing sub block #3 for https://www.racingtv.com/results/2025-06-15/doncaster/1605
2025-06-18 21:12:07,837 - INFO - Found 3 <a> tags - Horse: Dutch Decoy, Jockey: J Mitchell (claim: 0), Trainer: C Johnston
2025-06-18 21:12:07,839 - INFO - Position/Length - Found 2 children: Position: 4th, Lost by: Neck
2025-06-18 21:12:07,839 - INFO - Extracted: Dutch Decoy - Position: 4th, Lost by: Neck, Jockey: J Mitchell (claim: 0), Trainer: C Johnston, Age: 8, Weight: 9-6p, Rating: 77
2025-06-18 21:12:07,839 - INFO - Processing sub block #4 for https://www.racingtv.com/results/2025-06-15/doncaster/1605
2025-06-18 21:12:07,839 - INFO - Found 3 <a> tags - Horse: Jimmy Speaking, Jockey: Lewis Edmunds (claim: 0), Trainer: C A Dwyer
2025-06-18 21:12:07,841 - INFO - Position/Length - Found 2 children: Position: 3rd, Lost by: 1/2 l
2025-06-18 21:12:07,841 - INFO - Extracted: Jimmy Speaking - Position: 3rd, Lost by: 1/2 l, Jockey: Lewis Edmunds (claim: 0), Trainer: C A Dwyer, Age: 4, Weight: 9-4, Rating: 75
2025-06-18 21:12:07,841 - INFO - Processing sub block #5 for https://www.racingtv.com/results/2025-06-15/doncaster/1605
2025-06-18 21:12:07,841 - INFO - Found 3 <a> tags - Horse: Hale End (IRE), Jockey: Connor Beasley (claim: 0), Trainer: M Dods
2025-06-18 21:12:07,843 - INFO - Position/Length - Found 2 children: Position: 2nd, Lost by: 3/4 l
2025-06-18 21:12:07,843 - INFO - Extracted: Hale End (IRE) - Position: 2nd, Lost by: 3/4 l, Jockey: Connor Beasley (claim: 0), Trainer: M Dods, Age: 5, Weight: 9-3p, Rating: 74
2025-06-18 21:12:07,843 - INFO - Processing sub block #6 for https://www.racingtv.com/results/2025-06-15/doncaster/1605
2025-06-18 21:12:07,843 - INFO - Found 3 <a> tags - Horse: Duke's Command, Jockey: Mark Winn (claim: 0), Trainer: D O'Meara
2025-06-18 21:12:07,845 - INFO - Position/Length - Found 1 children: Position: 1st, Lost by: N/A
2025-06-18 21:12:07,845 - INFO - Confirmed winner: Duke's Command
2025-06-18 21:12:07,845 - INFO - Extracted: Duke's Command - Position: 1st, Lost by: N/A, Jockey: Mark Winn (claim: 0), Trainer: D O'Meara, Age: 4, Weight: 9-9h1, Rating: 80
2025-06-18 21:12:07,845 - INFO - Processing sub block #7 for https://www.racingtv.com/results/2025-06-15/doncaster/1605
2025-06-18 21:12:07,845 - INFO - Found 3 <a> tags - Horse: Savvy Kingdom, Jockey: Billy Loughnane (claim: 0), Trainer: S Woods
2025-06-18 21:12:07,845 - INFO - Position/Length - Found 2 children: Position: 6th, Lost by: 1 1/4 l
2025-06-18 21:12:07,846 - INFO - Extracted: Savvy Kingdom - Position: 6th, Lost by: 1 1/4 l, Jockey: Billy Loughnane (claim: 0), Trainer: S Woods, Age: 4, Weight: 9-5, Rating: 76
2025-06-18 21:12:07,846 - INFO - Processing sub block #8 for https://www.racingtv.com/results/2025-06-15/doncaster/1605
2025-06-18 21:12:07,846 - INFO - Found 3 <a> tags - Horse: Mount King (IRE), Jockey: Sean Kirrane (claim: 0), Trainer: T D Easterby
2025-06-18 21:12:07,846 - INFO - Position/Length - Found 2 children: Position: 5th, Lost by: 1 1/4 l
2025-06-18 21:12:07,846 - INFO - Extracted: Mount King (IRE) - Position: 5th, Lost by: 1 1/4 l, Jockey: Sean Kirrane (claim: 0), Trainer: T D Easterby, Age: 5, Weight: 8-10tp, Rating: 67
2025-06-18 21:12:07,846 - INFO - Processing sub block #9 for https://www.racingtv.com/results/2025-06-15/doncaster/1605
2025-06-18 21:12:07,847 - INFO - Found 3 <a> tags - Horse: Dutch Decoy, Jockey: J Mitchell (claim: 0), Trainer: C Johnston
2025-06-18 21:12:07,847 - INFO - Position/Length - Found 2 children: Position: 4th, Lost by: Neck
2025-06-18 21:12:07,847 - INFO - Extracted: Dutch Decoy - Position: 4th, Lost by: Neck, Jockey: J Mitchell (claim: 0), Trainer: C Johnston, Age: 8, Weight: 9-6p, Rating: 77
2025-06-18 21:12:07,847 - INFO - Processing sub block #10 for https://www.racingtv.com/results/2025-06-15/doncaster/1605
2025-06-18 21:12:07,848 - INFO - Found 3 <a> tags - Horse: Jimmy Speaking, Jockey: Lewis Edmunds (claim: 0), Trainer: C A Dwyer
2025-06-18 21:12:07,848 - INFO - Position/Length - Found 2 children: Position: 3rd, Lost by: 1/2 l
2025-06-18 21:12:07,848 - INFO - Extracted: Jimmy Speaking - Position: 3rd, Lost by: 1/2 l, Jockey: Lewis Edmunds (claim: 0), Trainer: C A Dwyer, Age: 4, Weight: 9-4, Rating: 75
2025-06-18 21:12:07,848 - INFO - Processing sub block #11 for https://www.racingtv.com/results/2025-06-15/doncaster/1605
2025-06-18 21:12:07,848 - INFO - Found 3 <a> tags - Horse: Hale End (IRE), Jockey: Connor Beasley (claim: 0), Trainer: M Dods
2025-06-18 21:12:07,849 - INFO - Position/Length - Found 2 children: Position: 2nd, Lost by: 3/4 l
2025-06-18 21:12:07,849 - INFO - Extracted: Hale End (IRE) - Position: 2nd, Lost by: 3/4 l, Jockey: Connor Beasley (claim: 0), Trainer: M Dods, Age: 5, Weight: 9-3p, Rating: 74
2025-06-18 21:12:07,849 - INFO - Processing sub block #12 for https://www.racingtv.com/results/2025-06-15/doncaster/1605
2025-06-18 21:12:07,849 - INFO - Found 3 <a> tags - Horse: Duke's Command, Jockey: Mark Winn (claim: 0), Trainer: D O'Meara
2025-06-18 21:12:07,850 - INFO - Position/Length - Found 1 children: Position: 1st, Lost by: N/A
2025-06-18 21:12:07,850 - INFO - Extracted: Duke's Command - Position: 1st, Lost by: N/A, Jockey: Mark Winn (claim: 0), Trainer: D O'Meara, Age: 4, Weight: 9-9h1, Rating: 80
2025-06-18 21:12:07,850 - INFO - Successfully extracted 12/12 horse records from https://www.racingtv.com/results/2025-06-15/doncaster/1605
2025-06-18 21:12:07,850 - INFO - :) First place horse found successfully
2025-06-18 21:12:07,850 - INFO - :) First place horse found successfully
2025-06-18 21:12:07,850 - INFO - :) First place horse found successfully
2025-06-18 21:12:07,850 - INFO - :) First place horse found successfully
2025-06-18 21:12:07,850 - INFO - :) First place horse found successfully
2025-06-18 21:12:07,850 - INFO - :) First place horse found successfully
2025-06-18 21:12:07,850 - INFO - :) First place horse found successfully
2025-06-18 21:12:07,851 - INFO - :) First place horse found successfully
2025-06-18 21:12:07,851 - INFO - :) First place horse found successfully
2025-06-18 21:12:07,851 - INFO - :) First place horse found successfully
2025-06-18 21:12:07,851 - INFO - :) First place horse found successfully
2025-06-18 21:12:07,851 - INFO - :) First place horse found successfully
2025-06-18 21:12:07,851 - INFO - :) First place horse found successfully
2025-06-18 21:12:07,851 - INFO - Successfully parsed 12 horse records from: https://www.racingtv.com/results/2025-06-15/doncaster/1605
2025-06-18 21:12:07,851 - INFO - Waiting 3 seconds before next request...
2025-06-18 21:12:10,852 - INFO - Batch 1 - URL 6/22: https://www.racingtv.com/results/2025-06-15/doncaster/1635
2025-06-18 21:12:10,853 - INFO - Loading page with Selenium: https://www.racingtv.com/results/2025-06-15/doncaster/1635
2025-06-18 21:12:16,762 - INFO - Racing main block detected for: https://www.racingtv.com/results/2025-06-15/doncaster/1635
2025-06-18 21:12:16,840 - INFO - Successfully loaded page: https://www.racingtv.com/results/2025-06-15/doncaster/1635
2025-06-18 21:12:17,278 - INFO - Extracted race info - Track: Doncaster Racing Results | 15th June 2025 16:35, Date: N/A, Time: 16:35
2025-06-18 21:12:17,280 - INFO - Found 2nd h3 tag: Good To Firm  3YO only 7f 6y Winner: £3,768 (12 runners)
2025-06-18 21:12:17,280 - INFO - Extracted - Going: Good To Firm, Distance: 7f 6y
2025-06-18 21:12:17,280 - INFO - Extracting racing data from: https://www.racingtv.com/results/2025-06-15/doncaster/1635
2025-06-18 21:12:17,318 - INFO - Processing main block #1 for https://www.racingtv.com/results/2025-06-15/doncaster/1635
2025-06-18 21:12:17,356 - INFO - Checking 2nd child of main block for first place horse...
2025-06-18 21:12:17,372 - INFO - Found alternative horse block structure with 3 links
2025-06-18 21:12:17,372 - INFO - Found alternative horse block structure with 3 links
2025-06-18 21:12:17,373 - INFO - Found alternative horse block structure with 3 links
2025-06-18 21:12:17,373 - INFO - Found alternative horse block structure with 3 links
2025-06-18 21:12:17,373 - INFO - Found alternative horse block structure with 3 links
2025-06-18 21:12:17,374 - INFO - Found alternative horse block structure with 3 links
2025-06-18 21:12:17,374 - INFO - Found alternative horse block structure with 3 links
2025-06-18 21:12:17,375 - INFO - Found alternative horse block structure with 3 links
2025-06-18 21:12:17,375 - INFO - Found alternative horse block structure with 3 links
2025-06-18 21:12:17,375 - INFO - Found alternative horse block structure with 3 links
2025-06-18 21:12:17,376 - INFO - Found alternative horse block structure with 3 links
2025-06-18 21:12:17,376 - INFO - Found alternative horse block structure with 3 links
2025-06-18 21:12:17,460 - INFO - Found likely first place horse via structure analysis: Sharon Curly (IRE)
2025-06-18 21:12:17,473 - INFO - Found potential first place horse with background styling
2025-06-18 21:12:17,473 - INFO - Found potential first place horse with background styling
2025-06-18 21:12:17,473 - INFO - Found potential first place horse with background styling
2025-06-18 21:12:17,474 - INFO - Found potential first place horse with background styling
2025-06-18 21:12:17,474 - INFO - Found potential first place horse with background styling
2025-06-18 21:12:17,474 - INFO - Found potential first place horse with background styling
2025-06-18 21:12:17,474 - INFO - Found potential first place horse with background styling
2025-06-18 21:12:17,475 - INFO - Found potential first place horse with background styling
2025-06-18 21:12:17,475 - INFO - Found potential first place horse with background styling
2025-06-18 21:12:17,475 - INFO - Found potential first place horse with background styling
2025-06-18 21:12:17,476 - INFO - Found potential first place horse with background styling
2025-06-18 21:12:17,480 - INFO - Found 24 horse entries for https://www.racingtv.com/results/2025-06-15/doncaster/1635 using multiple detection methods
2025-06-18 21:12:17,480 - INFO - Processing sub block #1 for https://www.racingtv.com/results/2025-06-15/doncaster/1635
2025-06-18 21:12:17,480 - INFO - Found 3 <a> tags - Horse: Morning Angel, Jockey: D C Costello (claim: 0), Trainer: M Walford
2025-06-18 21:12:17,482 - INFO - Position/Length - Found 2 children: Position: 12th, Lost by: 2 l
2025-06-18 21:12:17,482 - INFO - Extracted: Morning Angel - Position: 12th, Lost by: 2 l, Jockey: D C Costello (claim: 0), Trainer: M Walford, Age: 3, Weight: 9-3, Rating: 49
2025-06-18 21:12:17,482 - INFO - Processing sub block #2 for https://www.racingtv.com/results/2025-06-15/doncaster/1635
2025-06-18 21:12:17,483 - INFO - Found 3 <a> tags - Horse: Mavetheforcebewivu, Jockey: Rhys Clutterbuck (claim: 0), Trainer: A D Brown
2025-06-18 21:12:17,484 - INFO - Position/Length - Found 2 children: Position: 11th, Lost by: 13 l
2025-06-18 21:12:17,484 - INFO - Extracted: Mavetheforcebewivu - Position: 11th, Lost by: 13 l, Jockey: Rhys Clutterbuck (claim: 0), Trainer: A D Brown, Age: 3, Weight: 9-2p1, Rating: 48
2025-06-18 21:12:17,484 - INFO - Processing sub block #3 for https://www.racingtv.com/results/2025-06-15/doncaster/1635
2025-06-18 21:12:17,485 - INFO - Found 3 <a> tags - Horse: I Can Boogy, Jockey: Faye McManoman (claim: 0), Trainer: N Tinkler
2025-06-18 21:12:17,486 - INFO - Position/Length - Found 2 children: Position: 10th, Lost by: 2 l
2025-06-18 21:12:17,486 - INFO - Extracted: I Can Boogy - Position: 10th, Lost by: 2 l, Jockey: Faye McManoman (claim: 0), Trainer: N Tinkler, Age: 3, Weight: 9-7, Rating: 53
2025-06-18 21:12:17,486 - INFO - Processing sub block #4 for https://www.racingtv.com/results/2025-06-15/doncaster/1635
2025-06-18 21:12:17,487 - INFO - Found 3 <a> tags - Horse: Queen's Palace, Jockey: Andrew Breslin (claim: 3), Trainer: B Smart
2025-06-18 21:12:17,489 - INFO - Position/Length - Found 2 children: Position: 9th, Lost by: Neck
2025-06-18 21:12:17,489 - INFO - Extracted: Queen's Palace - Position: 9th, Lost by: Neck, Jockey: Andrew Breslin (claim: 3), Trainer: B Smart, Age: 3, Weight: 9-0, Rating: 46
2025-06-18 21:12:17,489 - INFO - Processing sub block #5 for https://www.racingtv.com/results/2025-06-15/doncaster/1635
2025-06-18 21:12:17,489 - INFO - Found 3 <a> tags - Horse: Sugar Kane, Jockey: Billy Loughnane (claim: 0), Trainer: D & C Kubler
2025-06-18 21:12:17,491 - INFO - Position/Length - Found 2 children: Position: 8th, Lost by: 1 l
2025-06-18 21:12:17,491 - INFO - Extracted: Sugar Kane - Position: 8th, Lost by: 1 l, Jockey: Billy Loughnane (claim: 0), Trainer: D & C Kubler, Age: 3, Weight: 9-2, Rating: 48
2025-06-18 21:12:17,491 - INFO - Processing sub block #6 for https://www.racingtv.com/results/2025-06-15/doncaster/1635
2025-06-18 21:12:17,492 - INFO - Found 3 <a> tags - Horse: Sandinyourshoes (IRE), Jockey: George Wood (claim: 0), Trainer: Mrs Stella Barclay
2025-06-18 21:12:17,493 - INFO - Position/Length - Found 2 children: Position: 7th, Lost by: Neck
2025-06-18 21:12:17,493 - INFO - Extracted: Sandinyourshoes (IRE) - Position: 7th, Lost by: Neck, Jockey: George Wood (claim: 0), Trainer: Mrs Stella Barclay, Age: 3, Weight: 9-4, Rating: 50
2025-06-18 21:12:17,493 - INFO - Processing sub block #7 for https://www.racingtv.com/results/2025-06-15/doncaster/1635
2025-06-18 21:12:17,494 - INFO - Found 3 <a> tags - Horse: Jimmy Henry (IRE), Jockey: Andrea Pinna (claim: 7), Trainer: M Herrington
2025-06-18 21:12:17,495 - INFO - Position/Length - Found 2 children: Position: 6th, Lost by: Nose
2025-06-18 21:12:17,495 - INFO - Extracted: Jimmy Henry (IRE) - Position: 6th, Lost by: Nose, Jockey: Andrea Pinna (claim: 7), Trainer: M Herrington, Age: 3, Weight: 9-0p, Rating: 46
2025-06-18 21:12:17,496 - INFO - Processing sub block #8 for https://www.racingtv.com/results/2025-06-15/doncaster/1635
2025-06-18 21:12:17,496 - INFO - Found 3 <a> tags - Horse: Invincible Storm (IRE), Jockey: L Morris (claim: 0), Trainer: E De Giles
2025-06-18 21:12:17,498 - INFO - Position/Length - Found 2 children: Position: 5th, Lost by: 1/2 l
2025-06-18 21:12:17,498 - INFO - Extracted: Invincible Storm (IRE) - Position: 5th, Lost by: 1/2 l, Jockey: L Morris (claim: 0), Trainer: E De Giles, Age: 3, Weight: 9-0, Rating: 46
2025-06-18 21:12:17,498 - INFO - Processing sub block #9 for https://www.racingtv.com/results/2025-06-15/doncaster/1635
2025-06-18 21:12:17,498 - INFO - Found 3 <a> tags - Horse: Miakoda (IRE), Jockey: Cieren Fallon (claim: 0), Trainer: James Owen
2025-06-18 21:12:17,500 - INFO - Position/Length - Found 2 children: Position: 4th, Lost by: 1 3/4 l
2025-06-18 21:12:17,500 - INFO - Extracted: Miakoda (IRE) - Position: 4th, Lost by: 1 3/4 l, Jockey: Cieren Fallon (claim: 0), Trainer: James Owen, Age: 3, Weight: 9-9t, Rating: 55
2025-06-18 21:12:17,500 - INFO - Processing sub block #10 for https://www.racingtv.com/results/2025-06-15/doncaster/1635
2025-06-18 21:12:17,501 - INFO - Found 3 <a> tags - Horse: Dolly's Delight (IRE), Jockey: Lewis Edmunds (claim: 0), Trainer: Miss J A Camacho
2025-06-18 21:12:17,502 - INFO - Position/Length - Found 2 children: Position: 3rd, Lost by: Short Head
2025-06-18 21:12:17,502 - INFO - Extracted: Dolly's Delight (IRE) - Position: 3rd, Lost by: Short Head, Jockey: Lewis Edmunds (claim: 0), Trainer: Miss J A Camacho, Age: 3, Weight: 9-8, Rating: 54
2025-06-18 21:12:17,502 - INFO - Processing sub block #11 for https://www.racingtv.com/results/2025-06-15/doncaster/1635
2025-06-18 21:12:17,503 - INFO - Found 3 <a> tags - Horse: Toota (IRE), Jockey: D Fentiman (claim: 0), Trainer: T D Easterby
2025-06-18 21:12:17,505 - INFO - Position/Length - Found 2 children: Position: 2nd, Lost by: 1 1/4 l
2025-06-18 21:12:17,505 - INFO - Extracted: Toota (IRE) - Position: 2nd, Lost by: 1 1/4 l, Jockey: D Fentiman (claim: 0), Trainer: T D Easterby, Age: 3, Weight: 9-9h, Rating: 55
2025-06-18 21:12:17,505 - INFO - Processing sub block #12 for https://www.racingtv.com/results/2025-06-15/doncaster/1635
2025-06-18 21:12:17,506 - INFO - Found 3 <a> tags - Horse: Sharon Curly (IRE), Jockey: O McSweeney (claim: 3), Trainer: R A Fahey
2025-06-18 21:12:17,507 - INFO - Position/Length - Found 1 children: Position: 1st, Lost by: N/A
2025-06-18 21:12:17,507 - INFO - Confirmed winner: Sharon Curly (IRE)
2025-06-18 21:12:17,507 - INFO - Extracted: Sharon Curly (IRE) - Position: 1st, Lost by: N/A, Jockey: O McSweeney (claim: 3), Trainer: R A Fahey, Age: 3, Weight: 9-7, Rating: 53
2025-06-18 21:12:17,507 - INFO - Processing sub block #13 for https://www.racingtv.com/results/2025-06-15/doncaster/1635
2025-06-18 21:12:17,508 - INFO - Found 3 <a> tags - Horse: Morning Angel, Jockey: D C Costello (claim: 0), Trainer: M Walford
2025-06-18 21:12:17,508 - INFO - Position/Length - Found 2 children: Position: 12th, Lost by: 2 l
2025-06-18 21:12:17,508 - INFO - Extracted: Morning Angel - Position: 12th, Lost by: 2 l, Jockey: D C Costello (claim: 0), Trainer: M Walford, Age: 3, Weight: 9-3, Rating: 49
2025-06-18 21:12:17,508 - INFO - Processing sub block #14 for https://www.racingtv.com/results/2025-06-15/doncaster/1635
2025-06-18 21:12:17,508 - INFO - Found 3 <a> tags - Horse: Mavetheforcebewivu, Jockey: Rhys Clutterbuck (claim: 0), Trainer: A D Brown
2025-06-18 21:12:17,509 - INFO - Position/Length - Found 2 children: Position: 11th, Lost by: 13 l
2025-06-18 21:12:17,509 - INFO - Extracted: Mavetheforcebewivu - Position: 11th, Lost by: 13 l, Jockey: Rhys Clutterbuck (claim: 0), Trainer: A D Brown, Age: 3, Weight: 9-2p1, Rating: 48
2025-06-18 21:12:17,509 - INFO - Processing sub block #15 for https://www.racingtv.com/results/2025-06-15/doncaster/1635
2025-06-18 21:12:17,509 - INFO - Found 3 <a> tags - Horse: I Can Boogy, Jockey: Faye McManoman (claim: 0), Trainer: N Tinkler
2025-06-18 21:12:17,510 - INFO - Position/Length - Found 2 children: Position: 10th, Lost by: 2 l
2025-06-18 21:12:17,510 - INFO - Extracted: I Can Boogy - Position: 10th, Lost by: 2 l, Jockey: Faye McManoman (claim: 0), Trainer: N Tinkler, Age: 3, Weight: 9-7, Rating: 53
2025-06-18 21:12:17,510 - INFO - Processing sub block #16 for https://www.racingtv.com/results/2025-06-15/doncaster/1635
2025-06-18 21:12:17,510 - INFO - Found 3 <a> tags - Horse: Queen's Palace, Jockey: Andrew Breslin (claim: 3), Trainer: B Smart
2025-06-18 21:12:17,511 - INFO - Position/Length - Found 2 children: Position: 9th, Lost by: Neck
2025-06-18 21:12:17,511 - INFO - Extracted: Queen's Palace - Position: 9th, Lost by: Neck, Jockey: Andrew Breslin (claim: 3), Trainer: B Smart, Age: 3, Weight: 9-0, Rating: 46
2025-06-18 21:12:17,511 - INFO - Processing sub block #17 for https://www.racingtv.com/results/2025-06-15/doncaster/1635
2025-06-18 21:12:17,511 - INFO - Found 3 <a> tags - Horse: Sugar Kane, Jockey: Billy Loughnane (claim: 0), Trainer: D & C Kubler
2025-06-18 21:12:17,512 - INFO - Position/Length - Found 2 children: Position: 8th, Lost by: 1 l
2025-06-18 21:12:17,512 - INFO - Extracted: Sugar Kane - Position: 8th, Lost by: 1 l, Jockey: Billy Loughnane (claim: 0), Trainer: D & C Kubler, Age: 3, Weight: 9-2, Rating: 48
2025-06-18 21:12:17,512 - INFO - Processing sub block #18 for https://www.racingtv.com/results/2025-06-15/doncaster/1635
2025-06-18 21:12:17,512 - INFO - Found 3 <a> tags - Horse: Sandinyourshoes (IRE), Jockey: George Wood (claim: 0), Trainer: Mrs Stella Barclay
2025-06-18 21:12:17,513 - INFO - Position/Length - Found 2 children: Position: 7th, Lost by: Neck
2025-06-18 21:12:17,513 - INFO - Extracted: Sandinyourshoes (IRE) - Position: 7th, Lost by: Neck, Jockey: George Wood (claim: 0), Trainer: Mrs Stella Barclay, Age: 3, Weight: 9-4, Rating: 50
2025-06-18 21:12:17,513 - INFO - Processing sub block #19 for https://www.racingtv.com/results/2025-06-15/doncaster/1635
2025-06-18 21:12:17,513 - INFO - Found 3 <a> tags - Horse: Jimmy Henry (IRE), Jockey: Andrea Pinna (claim: 7), Trainer: M Herrington
2025-06-18 21:12:17,513 - INFO - Position/Length - Found 2 children: Position: 6th, Lost by: Nose
2025-06-18 21:12:17,514 - INFO - Extracted: Jimmy Henry (IRE) - Position: 6th, Lost by: Nose, Jockey: Andrea Pinna (claim: 7), Trainer: M Herrington, Age: 3, Weight: 9-0p, Rating: 46
2025-06-18 21:12:17,514 - INFO - Processing sub block #20 for https://www.racingtv.com/results/2025-06-15/doncaster/1635
2025-06-18 21:12:17,514 - INFO - Found 3 <a> tags - Horse: Invincible Storm (IRE), Jockey: L Morris (claim: 0), Trainer: E De Giles
2025-06-18 21:12:17,514 - INFO - Position/Length - Found 2 children: Position: 5th, Lost by: 1/2 l
2025-06-18 21:12:17,514 - INFO - Extracted: Invincible Storm (IRE) - Position: 5th, Lost by: 1/2 l, Jockey: L Morris (claim: 0), Trainer: E De Giles, Age: 3, Weight: 9-0, Rating: 46
2025-06-18 21:12:17,514 - INFO - Processing sub block #21 for https://www.racingtv.com/results/2025-06-15/doncaster/1635
2025-06-18 21:12:17,515 - INFO - Found 3 <a> tags - Horse: Miakoda (IRE), Jockey: Cieren Fallon (claim: 0), Trainer: James Owen
2025-06-18 21:12:17,515 - INFO - Position/Length - Found 2 children: Position: 4th, Lost by: 1 3/4 l
2025-06-18 21:12:17,515 - INFO - Extracted: Miakoda (IRE) - Position: 4th, Lost by: 1 3/4 l, Jockey: Cieren Fallon (claim: 0), Trainer: James Owen, Age: 3, Weight: 9-9t, Rating: 55
2025-06-18 21:12:17,515 - INFO - Processing sub block #22 for https://www.racingtv.com/results/2025-06-15/doncaster/1635
2025-06-18 21:12:17,516 - INFO - Found 3 <a> tags - Horse: Dolly's Delight (IRE), Jockey: Lewis Edmunds (claim: 0), Trainer: Miss J A Camacho
2025-06-18 21:12:17,516 - INFO - Position/Length - Found 2 children: Position: 3rd, Lost by: Short Head
2025-06-18 21:12:17,516 - INFO - Extracted: Dolly's Delight (IRE) - Position: 3rd, Lost by: Short Head, Jockey: Lewis Edmunds (claim: 0), Trainer: Miss J A Camacho, Age: 3, Weight: 9-8, Rating: 54
2025-06-18 21:12:17,516 - INFO - Processing sub block #23 for https://www.racingtv.com/results/2025-06-15/doncaster/1635
2025-06-18 21:12:17,516 - INFO - Found 3 <a> tags - Horse: Toota (IRE), Jockey: D Fentiman (claim: 0), Trainer: T D Easterby
2025-06-18 21:12:17,517 - INFO - Position/Length - Found 2 children: Position: 2nd, Lost by: 1 1/4 l
2025-06-18 21:12:17,517 - INFO - Extracted: Toota (IRE) - Position: 2nd, Lost by: 1 1/4 l, Jockey: D Fentiman (claim: 0), Trainer: T D Easterby, Age: 3, Weight: 9-9h, Rating: 55
2025-06-18 21:12:17,517 - INFO - Processing sub block #24 for https://www.racingtv.com/results/2025-06-15/doncaster/1635
2025-06-18 21:12:17,517 - INFO - Found 3 <a> tags - Horse: Sharon Curly (IRE), Jockey: O McSweeney (claim: 3), Trainer: R A Fahey
2025-06-18 21:12:17,518 - INFO - Position/Length - Found 1 children: Position: 1st, Lost by: N/A
2025-06-18 21:12:17,518 - INFO - Extracted: Sharon Curly (IRE) - Position: 1st, Lost by: N/A, Jockey: O McSweeney (claim: 3), Trainer: R A Fahey, Age: 3, Weight: 9-7, Rating: 53
2025-06-18 21:12:17,518 - INFO - Successfully extracted 24/24 horse records from https://www.racingtv.com/results/2025-06-15/doncaster/1635
2025-06-18 21:12:17,518 - INFO - :) First place horse found successfully
2025-06-18 21:12:17,518 - INFO - :) First place horse found successfully
2025-06-18 21:12:17,518 - INFO - :) First place horse found successfully
2025-06-18 21:12:17,518 - INFO - :) First place horse found successfully
2025-06-18 21:12:17,518 - INFO - :) First place horse found successfully
2025-06-18 21:12:17,518 - INFO - :) First place horse found successfully
2025-06-18 21:12:17,518 - INFO - :) First place horse found successfully
2025-06-18 21:12:17,519 - INFO - :) First place horse found successfully
2025-06-18 21:12:17,519 - INFO - :) First place horse found successfully
2025-06-18 21:12:17,519 - INFO - :) First place horse found successfully
2025-06-18 21:12:17,519 - INFO - :) First place horse found successfully
2025-06-18 21:12:17,519 - INFO - :) First place horse found successfully
2025-06-18 21:12:17,519 - INFO - :) First place horse found successfully
2025-06-18 21:12:17,519 - INFO - :) First place horse found successfully
2025-06-18 21:12:17,519 - INFO - :) First place horse found successfully
2025-06-18 21:12:17,519 - INFO - :) First place horse found successfully
2025-06-18 21:12:17,519 - INFO - :) First place horse found successfully
2025-06-18 21:12:17,519 - INFO - :) First place horse found successfully
2025-06-18 21:12:17,519 - INFO - :) First place horse found successfully
2025-06-18 21:12:17,519 - INFO - :) First place horse found successfully
2025-06-18 21:12:17,519 - INFO - :) First place horse found successfully
2025-06-18 21:12:17,519 - INFO - :) First place horse found successfully
2025-06-18 21:12:17,520 - INFO - :) First place horse found successfully
2025-06-18 21:12:17,520 - INFO - :) First place horse found successfully
2025-06-18 21:12:17,520 - INFO - :) First place horse found successfully
2025-06-18 21:12:17,520 - INFO - Successfully parsed 24 horse records from: https://www.racingtv.com/results/2025-06-15/doncaster/1635
2025-06-18 21:12:17,520 - INFO - Waiting 3 seconds before next request...
2025-06-18 21:12:20,522 - INFO - Batch 1 - URL 7/22: https://www.racingtv.com/results/2025-06-15/doncaster/1705
2025-06-18 21:12:20,523 - INFO - Loading page with Selenium: https://www.racingtv.com/results/2025-06-15/doncaster/1705
2025-06-18 21:12:26,312 - INFO - Racing main block detected for: https://www.racingtv.com/results/2025-06-15/doncaster/1705
2025-06-18 21:12:26,400 - INFO - Successfully loaded page: https://www.racingtv.com/results/2025-06-15/doncaster/1705
2025-06-18 21:12:26,846 - INFO - Extracted race info - Track: Doncaster Racing Results | 15th June 2025 17:05, Date: N/A, Time: 17:05
2025-06-18 21:12:26,848 - INFO - Found 2nd h3 tag: Good To Firm  3YO only 6f 2y Winner: £3,768 (14 runners)
2025-06-18 21:12:26,849 - INFO - Extracted - Going: Good To Firm, Distance: 6f 2y
2025-06-18 21:12:26,849 - INFO - Extracting racing data from: https://www.racingtv.com/results/2025-06-15/doncaster/1705
2025-06-18 21:12:26,891 - INFO - Processing main block #1 for https://www.racingtv.com/results/2025-06-15/doncaster/1705
2025-06-18 21:12:26,935 - INFO - Checking 2nd child of main block for first place horse...
2025-06-18 21:12:26,953 - INFO - Found alternative horse block structure with 3 links
2025-06-18 21:12:26,954 - INFO - Found alternative horse block structure with 3 links
2025-06-18 21:12:26,954 - INFO - Found alternative horse block structure with 3 links
2025-06-18 21:12:26,955 - INFO - Found alternative horse block structure with 3 links
2025-06-18 21:12:26,955 - INFO - Found alternative horse block structure with 3 links
2025-06-18 21:12:26,955 - INFO - Found alternative horse block structure with 3 links
2025-06-18 21:12:26,956 - INFO - Found alternative horse block structure with 3 links
2025-06-18 21:12:26,956 - INFO - Found alternative horse block structure with 3 links
2025-06-18 21:12:26,956 - INFO - Found alternative horse block structure with 3 links
2025-06-18 21:12:26,957 - INFO - Found alternative horse block structure with 3 links
2025-06-18 21:12:26,957 - INFO - Found alternative horse block structure with 3 links
2025-06-18 21:12:26,958 - INFO - Found alternative horse block structure with 3 links
2025-06-18 21:12:26,958 - INFO - Found alternative horse block structure with 3 links
2025-06-18 21:12:26,958 - INFO - Found alternative horse block structure with 3 links
2025-06-18 21:12:27,049 - INFO - Found likely first place horse via structure analysis: Promise Time
2025-06-18 21:12:27,063 - INFO - Found potential first place horse with background styling
2025-06-18 21:12:27,063 - INFO - Found potential first place horse with background styling
2025-06-18 21:12:27,063 - INFO - Found potential first place horse with background styling
2025-06-18 21:12:27,063 - INFO - Found potential first place horse with background styling
2025-06-18 21:12:27,064 - INFO - Found potential first place horse with background styling
2025-06-18 21:12:27,064 - INFO - Found potential first place horse with background styling
2025-06-18 21:12:27,064 - INFO - Found potential first place horse with background styling
2025-06-18 21:12:27,065 - INFO - Found potential first place horse with background styling
2025-06-18 21:12:27,065 - INFO - Found potential first place horse with background styling
2025-06-18 21:12:27,065 - INFO - Found potential first place horse with background styling
2025-06-18 21:12:27,065 - INFO - Found potential first place horse with background styling
2025-06-18 21:12:27,066 - INFO - Found potential first place horse with background styling
2025-06-18 21:12:27,066 - INFO - Found potential first place horse with background styling
2025-06-18 21:12:27,071 - INFO - Found 28 horse entries for https://www.racingtv.com/results/2025-06-15/doncaster/1705 using multiple detection methods
2025-06-18 21:12:27,071 - INFO - Processing sub block #1 for https://www.racingtv.com/results/2025-06-15/doncaster/1705
2025-06-18 21:12:27,071 - INFO - Found 3 <a> tags - Horse: Pancake, Jockey: Connor Beasley (claim: 0), Trainer: M Dods
2025-06-18 21:12:27,072 - INFO - Position/Length - Found 2 children: Position: 14th, Lost by: 8 l
2025-06-18 21:12:27,072 - INFO - Extracted: Pancake - Position: 14th, Lost by: 8 l, Jockey: Connor Beasley (claim: 0), Trainer: M Dods, Age: 3, Weight: 9-6h1, Rating: 62
2025-06-18 21:12:27,073 - INFO - Processing sub block #2 for https://www.racingtv.com/results/2025-06-15/doncaster/1705
2025-06-18 21:12:27,073 - INFO - Found 3 <a> tags - Horse: Yorkshire Myth, Jockey: Lewis Chalkley (claim: 7), Trainer: M & D Easterby
2025-06-18 21:12:27,074 - INFO - Position/Length - Found 2 children: Position: 13th, Lost by: 2 l
2025-06-18 21:12:27,074 - INFO - Extracted: Yorkshire Myth - Position: 13th, Lost by: 2 l, Jockey: Lewis Chalkley (claim: 7), Trainer: M & D Easterby, Age: 3, Weight: 8-12, Rating: 54
2025-06-18 21:12:27,074 - INFO - Processing sub block #3 for https://www.racingtv.com/results/2025-06-15/doncaster/1705
2025-06-18 21:12:27,075 - INFO - Found 3 <a> tags - Horse: Triple Charged (IRE), Jockey: L Morris (claim: 0), Trainer: L Williamson
2025-06-18 21:12:27,076 - INFO - Position/Length - Found 2 children: Position: 12th, Lost by: 1 l
2025-06-18 21:12:27,076 - INFO - Extracted: Triple Charged (IRE) - Position: 12th, Lost by: 1 l, Jockey: L Morris (claim: 0), Trainer: L Williamson, Age: 3, Weight: 9-1, Rating: 57
2025-06-18 21:12:27,076 - INFO - Processing sub block #4 for https://www.racingtv.com/results/2025-06-15/doncaster/1705
2025-06-18 21:12:27,077 - INFO - Found 3 <a> tags - Horse: Cooramook (IRE), Jockey: George Wood (claim: 0), Trainer: Harry Eustace
2025-06-18 21:12:27,078 - INFO - Position/Length - Found 2 children: Position: 11th, Lost by: Head
2025-06-18 21:12:27,078 - INFO - Extracted: Cooramook (IRE) - Position: 11th, Lost by: Head, Jockey: George Wood (claim: 0), Trainer: Harry Eustace, Age: 3, Weight: 9-8, Rating: 64
2025-06-18 21:12:27,079 - INFO - Processing sub block #5 for https://www.racingtv.com/results/2025-06-15/doncaster/1705
2025-06-18 21:12:27,079 - INFO - Found 3 <a> tags - Horse: Rokuni (IRE), Jockey: K T O'Neill (claim: 0), Trainer: Mrs C A Dunnett
2025-06-18 21:12:27,081 - INFO - Position/Length - Found 2 children: Position: 10th, Lost by: 1 l
2025-06-18 21:12:27,081 - INFO - Extracted: Rokuni (IRE) - Position: 10th, Lost by: 1 l, Jockey: K T O'Neill (claim: 0), Trainer: Mrs C A Dunnett, Age: 3, Weight: 9-51, Rating: 61
2025-06-18 21:12:27,081 - INFO - Processing sub block #6 for https://www.racingtv.com/results/2025-06-15/doncaster/1705
2025-06-18 21:12:27,081 - INFO - Found 3 <a> tags - Horse: Bust A Moon, Jockey: Charlie Bennett (claim: 0), Trainer: I W McInnes
2025-06-18 21:12:27,083 - INFO - Position/Length - Found 2 children: Position: 9th, Lost by: 1 l
2025-06-18 21:12:27,083 - INFO - Extracted: Bust A Moon - Position: 9th, Lost by: 1 l, Jockey: Charlie Bennett (claim: 0), Trainer: I W McInnes, Age: 3, Weight: 9-9, Rating: 65
2025-06-18 21:12:27,083 - INFO - Processing sub block #7 for https://www.racingtv.com/results/2025-06-15/doncaster/1705
2025-06-18 21:12:27,083 - INFO - Found 3 <a> tags - Horse: Spirited Dancer, Jockey: Billy Loughnane (claim: 0), Trainer: D & C Kubler
2025-06-18 21:12:27,085 - INFO - Position/Length - Found 2 children: Position: 8th, Lost by: 1/2 l
2025-06-18 21:12:27,085 - INFO - Extracted: Spirited Dancer - Position: 8th, Lost by: 1/2 l, Jockey: Billy Loughnane (claim: 0), Trainer: D & C Kubler, Age: 3, Weight: 9-9t1, Rating: 65
2025-06-18 21:12:27,085 - INFO - Processing sub block #8 for https://www.racingtv.com/results/2025-06-15/doncaster/1705
2025-06-18 21:12:27,085 - INFO - Found 3 <a> tags - Horse: Memphisatmidnight (IRE), Jockey: Sean Kirrane (claim: 0), Trainer: T D Easterby
2025-06-18 21:12:27,087 - INFO - Position/Length - Found 2 children: Position: 7th, Lost by: 2 3/4 l
2025-06-18 21:12:27,087 - INFO - Extracted: Memphisatmidnight (IRE) - Position: 7th, Lost by: 2 3/4 l, Jockey: Sean Kirrane (claim: 0), Trainer: T D Easterby, Age: 3, Weight: 9-4, Rating: 60
2025-06-18 21:12:27,087 - INFO - Processing sub block #9 for https://www.racingtv.com/results/2025-06-15/doncaster/1705
2025-06-18 21:12:27,087 - INFO - Found 3 <a> tags - Horse: Vault Of Heaven (IRE), Jockey: J Mitchell (claim: 0), Trainer: K Frost
2025-06-18 21:12:27,089 - INFO - Position/Length - Found 2 children: Position: 6th, Lost by: 3/4 l
2025-06-18 21:12:27,089 - INFO - Extracted: Vault Of Heaven (IRE) - Position: 6th, Lost by: 3/4 l, Jockey: J Mitchell (claim: 0), Trainer: K Frost, Age: 3, Weight: 9-3, Rating: 59
2025-06-18 21:12:27,089 - INFO - Processing sub block #10 for https://www.racingtv.com/results/2025-06-15/doncaster/1705
2025-06-18 21:12:27,089 - INFO - Found 3 <a> tags - Horse: Captain Pickles (IRE), Jockey: D C Costello (claim: 0), Trainer: Mrs Stella Barclay
2025-06-18 21:12:27,091 - INFO - Position/Length - Found 2 children: Position: 5th, Lost by: Head
2025-06-18 21:12:27,091 - INFO - Extracted: Captain Pickles (IRE) - Position: 5th, Lost by: Head, Jockey: D C Costello (claim: 0), Trainer: Mrs Stella Barclay, Age: 3, Weight: 9-0, Rating: 56
2025-06-18 21:12:27,091 - INFO - Processing sub block #11 for https://www.racingtv.com/results/2025-06-15/doncaster/1705
2025-06-18 21:12:27,091 - INFO - Found 3 <a> tags - Horse: Coeur Jaune (IRE), Jockey: D Tudhope (claim: 0), Trainer: D O'Meara
2025-06-18 21:12:27,093 - INFO - Position/Length - Found 2 children: Position: 4th, Lost by: 1/2 l
2025-06-18 21:12:27,093 - INFO - Extracted: Coeur Jaune (IRE) - Position: 4th, Lost by: 1/2 l, Jockey: D Tudhope (claim: 0), Trainer: D O'Meara, Age: 3, Weight: 9-8, Rating: 64
2025-06-18 21:12:27,093 - INFO - Processing sub block #12 for https://www.racingtv.com/results/2025-06-15/doncaster/1705
2025-06-18 21:12:27,093 - INFO - Found 3 <a> tags - Horse: Atomic Mass (IRE), Jockey: Nathan Evans (claim: 0), Trainer: M & D Easterby
2025-06-18 21:12:27,094 - INFO - Position/Length - Found 2 children: Position: 3rd, Lost by: 1/2 l
2025-06-18 21:12:27,095 - INFO - Extracted: Atomic Mass (IRE) - Position: 3rd, Lost by: 1/2 l, Jockey: Nathan Evans (claim: 0), Trainer: M & D Easterby, Age: 3, Weight: 9-8, Rating: 64
2025-06-18 21:12:27,095 - INFO - Processing sub block #13 for https://www.racingtv.com/results/2025-06-15/doncaster/1705
2025-06-18 21:12:27,095 - INFO - Found 3 <a> tags - Horse: Alashos (FR), Jockey: A J Farragher (claim: 0), Trainer: James Horton
2025-06-18 21:12:27,096 - INFO - Position/Length - Found 2 children: Position: 2nd, Lost by: 1 1/2 l
2025-06-18 21:12:27,096 - INFO - Extracted: Alashos (FR) - Position: 2nd, Lost by: 1 1/2 l, Jockey: A J Farragher (claim: 0), Trainer: James Horton, Age: 3, Weight: 9-7p, Rating: 63
2025-06-18 21:12:27,097 - INFO - Processing sub block #14 for https://www.racingtv.com/results/2025-06-15/doncaster/1705
2025-06-18 21:12:27,097 - INFO - Found 3 <a> tags - Horse: Promise Time, Jockey: Alex Jary (claim: 5), Trainer: N Tinkler
2025-06-18 21:12:27,099 - INFO - Position/Length - Found 1 children: Position: 1st, Lost by: N/A
2025-06-18 21:12:27,099 - INFO - Confirmed winner: Promise Time
2025-06-18 21:12:27,099 - INFO - Extracted: Promise Time - Position: 1st, Lost by: N/A, Jockey: Alex Jary (claim: 5), Trainer: N Tinkler, Age: 3, Weight: 9-3, Rating: 59
2025-06-18 21:12:27,099 - INFO - Processing sub block #15 for https://www.racingtv.com/results/2025-06-15/doncaster/1705
2025-06-18 21:12:27,099 - INFO - Found 3 <a> tags - Horse: Pancake, Jockey: Connor Beasley (claim: 0), Trainer: M Dods
2025-06-18 21:12:27,100 - INFO - Position/Length - Found 2 children: Position: 14th, Lost by: 8 l
2025-06-18 21:12:27,100 - INFO - Extracted: Pancake - Position: 14th, Lost by: 8 l, Jockey: Connor Beasley (claim: 0), Trainer: M Dods, Age: 3, Weight: 9-6h1, Rating: 62
2025-06-18 21:12:27,100 - INFO - Processing sub block #16 for https://www.racingtv.com/results/2025-06-15/doncaster/1705
2025-06-18 21:12:27,100 - INFO - Found 3 <a> tags - Horse: Yorkshire Myth, Jockey: Lewis Chalkley (claim: 7), Trainer: M & D Easterby
2025-06-18 21:12:27,101 - INFO - Position/Length - Found 2 children: Position: 13th, Lost by: 2 l
2025-06-18 21:12:27,101 - INFO - Extracted: Yorkshire Myth - Position: 13th, Lost by: 2 l, Jockey: Lewis Chalkley (claim: 7), Trainer: M & D Easterby, Age: 3, Weight: 8-12, Rating: 54
2025-06-18 21:12:27,101 - INFO - Processing sub block #17 for https://www.racingtv.com/results/2025-06-15/doncaster/1705
2025-06-18 21:12:27,101 - INFO - Found 3 <a> tags - Horse: Triple Charged (IRE), Jockey: L Morris (claim: 0), Trainer: L Williamson
2025-06-18 21:12:27,101 - INFO - Position/Length - Found 2 children: Position: 12th, Lost by: 1 l
2025-06-18 21:12:27,102 - INFO - Extracted: Triple Charged (IRE) - Position: 12th, Lost by: 1 l, Jockey: L Morris (claim: 0), Trainer: L Williamson, Age: 3, Weight: 9-1, Rating: 57
2025-06-18 21:12:27,102 - INFO - Processing sub block #18 for https://www.racingtv.com/results/2025-06-15/doncaster/1705
2025-06-18 21:12:27,102 - INFO - Found 3 <a> tags - Horse: Cooramook (IRE), Jockey: George Wood (claim: 0), Trainer: Harry Eustace
2025-06-18 21:12:27,102 - INFO - Position/Length - Found 2 children: Position: 11th, Lost by: Head
2025-06-18 21:12:27,102 - INFO - Extracted: Cooramook (IRE) - Position: 11th, Lost by: Head, Jockey: George Wood (claim: 0), Trainer: Harry Eustace, Age: 3, Weight: 9-8, Rating: 64
2025-06-18 21:12:27,103 - INFO - Processing sub block #19 for https://www.racingtv.com/results/2025-06-15/doncaster/1705
2025-06-18 21:12:27,103 - INFO - Found 3 <a> tags - Horse: Rokuni (IRE), Jockey: K T O'Neill (claim: 0), Trainer: Mrs C A Dunnett
2025-06-18 21:12:27,103 - INFO - Position/Length - Found 2 children: Position: 10th, Lost by: 1 l
2025-06-18 21:12:27,103 - INFO - Extracted: Rokuni (IRE) - Position: 10th, Lost by: 1 l, Jockey: K T O'Neill (claim: 0), Trainer: Mrs C A Dunnett, Age: 3, Weight: 9-51, Rating: 61
2025-06-18 21:12:27,103 - INFO - Processing sub block #20 for https://www.racingtv.com/results/2025-06-15/doncaster/1705
2025-06-18 21:12:27,104 - INFO - Found 3 <a> tags - Horse: Bust A Moon, Jockey: Charlie Bennett (claim: 0), Trainer: I W McInnes
2025-06-18 21:12:27,104 - INFO - Position/Length - Found 2 children: Position: 9th, Lost by: 1 l
2025-06-18 21:12:27,104 - INFO - Extracted: Bust A Moon - Position: 9th, Lost by: 1 l, Jockey: Charlie Bennett (claim: 0), Trainer: I W McInnes, Age: 3, Weight: 9-9, Rating: 65
2025-06-18 21:12:27,104 - INFO - Processing sub block #21 for https://www.racingtv.com/results/2025-06-15/doncaster/1705
2025-06-18 21:12:27,104 - INFO - Found 3 <a> tags - Horse: Spirited Dancer, Jockey: Billy Loughnane (claim: 0), Trainer: D & C Kubler
2025-06-18 21:12:27,105 - INFO - Position/Length - Found 2 children: Position: 8th, Lost by: 1/2 l
2025-06-18 21:12:27,105 - INFO - Extracted: Spirited Dancer - Position: 8th, Lost by: 1/2 l, Jockey: Billy Loughnane (claim: 0), Trainer: D & C Kubler, Age: 3, Weight: 9-9t1, Rating: 65
2025-06-18 21:12:27,105 - INFO - Processing sub block #22 for https://www.racingtv.com/results/2025-06-15/doncaster/1705
2025-06-18 21:12:27,105 - INFO - Found 3 <a> tags - Horse: Memphisatmidnight (IRE), Jockey: Sean Kirrane (claim: 0), Trainer: T D Easterby
2025-06-18 21:12:27,106 - INFO - Position/Length - Found 2 children: Position: 7th, Lost by: 2 3/4 l
2025-06-18 21:12:27,106 - INFO - Extracted: Memphisatmidnight (IRE) - Position: 7th, Lost by: 2 3/4 l, Jockey: Sean Kirrane (claim: 0), Trainer: T D Easterby, Age: 3, Weight: 9-4, Rating: 60
2025-06-18 21:12:27,106 - INFO - Processing sub block #23 for https://www.racingtv.com/results/2025-06-15/doncaster/1705
2025-06-18 21:12:27,106 - INFO - Found 3 <a> tags - Horse: Vault Of Heaven (IRE), Jockey: J Mitchell (claim: 0), Trainer: K Frost
2025-06-18 21:12:27,107 - INFO - Position/Length - Found 2 children: Position: 6th, Lost by: 3/4 l
2025-06-18 21:12:27,107 - INFO - Extracted: Vault Of Heaven (IRE) - Position: 6th, Lost by: 3/4 l, Jockey: J Mitchell (claim: 0), Trainer: K Frost, Age: 3, Weight: 9-3, Rating: 59
2025-06-18 21:12:27,107 - INFO - Processing sub block #24 for https://www.racingtv.com/results/2025-06-15/doncaster/1705
2025-06-18 21:12:27,107 - INFO - Found 3 <a> tags - Horse: Captain Pickles (IRE), Jockey: D C Costello (claim: 0), Trainer: Mrs Stella Barclay
2025-06-18 21:12:27,107 - INFO - Position/Length - Found 2 children: Position: 5th, Lost by: Head
2025-06-18 21:12:27,108 - INFO - Extracted: Captain Pickles (IRE) - Position: 5th, Lost by: Head, Jockey: D C Costello (claim: 0), Trainer: Mrs Stella Barclay, Age: 3, Weight: 9-0, Rating: 56
2025-06-18 21:12:27,108 - INFO - Processing sub block #25 for https://www.racingtv.com/results/2025-06-15/doncaster/1705
2025-06-18 21:12:27,108 - INFO - Found 3 <a> tags - Horse: Coeur Jaune (IRE), Jockey: D Tudhope (claim: 0), Trainer: D O'Meara
2025-06-18 21:12:27,108 - INFO - Position/Length - Found 2 children: Position: 4th, Lost by: 1/2 l
2025-06-18 21:12:27,108 - INFO - Extracted: Coeur Jaune (IRE) - Position: 4th, Lost by: 1/2 l, Jockey: D Tudhope (claim: 0), Trainer: D O'Meara, Age: 3, Weight: 9-8, Rating: 64
2025-06-18 21:12:27,108 - INFO - Processing sub block #26 for https://www.racingtv.com/results/2025-06-15/doncaster/1705
2025-06-18 21:12:27,109 - INFO - Found 3 <a> tags - Horse: Atomic Mass (IRE), Jockey: Nathan Evans (claim: 0), Trainer: M & D Easterby
2025-06-18 21:12:27,109 - INFO - Position/Length - Found 2 children: Position: 3rd, Lost by: 1/2 l
2025-06-18 21:12:27,109 - INFO - Extracted: Atomic Mass (IRE) - Position: 3rd, Lost by: 1/2 l, Jockey: Nathan Evans (claim: 0), Trainer: M & D Easterby, Age: 3, Weight: 9-8, Rating: 64
2025-06-18 21:12:27,109 - INFO - Processing sub block #27 for https://www.racingtv.com/results/2025-06-15/doncaster/1705
2025-06-18 21:12:27,110 - INFO - Found 3 <a> tags - Horse: Alashos (FR), Jockey: A J Farragher (claim: 0), Trainer: James Horton
2025-06-18 21:12:27,110 - INFO - Position/Length - Found 2 children: Position: 2nd, Lost by: 1 1/2 l
2025-06-18 21:12:27,110 - INFO - Extracted: Alashos (FR) - Position: 2nd, Lost by: 1 1/2 l, Jockey: A J Farragher (claim: 0), Trainer: James Horton, Age: 3, Weight: 9-7p, Rating: 63
2025-06-18 21:12:27,110 - INFO - Processing sub block #28 for https://www.racingtv.com/results/2025-06-15/doncaster/1705
2025-06-18 21:12:27,110 - INFO - Found 3 <a> tags - Horse: Promise Time, Jockey: Alex Jary (claim: 5), Trainer: N Tinkler
2025-06-18 21:12:27,111 - INFO - Position/Length - Found 1 children: Position: 1st, Lost by: N/A
2025-06-18 21:12:27,111 - INFO - Extracted: Promise Time - Position: 1st, Lost by: N/A, Jockey: Alex Jary (claim: 5), Trainer: N Tinkler, Age: 3, Weight: 9-3, Rating: 59
2025-06-18 21:12:27,111 - INFO - Successfully extracted 28/28 horse records from https://www.racingtv.com/results/2025-06-15/doncaster/1705
2025-06-18 21:12:27,111 - INFO - :) First place horse found successfully
2025-06-18 21:12:27,111 - INFO - :) First place horse found successfully
2025-06-18 21:12:27,111 - INFO - :) First place horse found successfully
2025-06-18 21:12:27,111 - INFO - :) First place horse found successfully
2025-06-18 21:12:27,111 - INFO - :) First place horse found successfully
2025-06-18 21:12:27,111 - INFO - :) First place horse found successfully
2025-06-18 21:12:27,112 - INFO - :) First place horse found successfully
2025-06-18 21:12:27,112 - INFO - :) First place horse found successfully
2025-06-18 21:12:27,112 - INFO - :) First place horse found successfully
2025-06-18 21:12:27,112 - INFO - :) First place horse found successfully
2025-06-18 21:12:27,112 - INFO - :) First place horse found successfully
2025-06-18 21:12:27,112 - INFO - :) First place horse found successfully
2025-06-18 21:12:27,112 - INFO - :) First place horse found successfully
2025-06-18 21:12:27,112 - INFO - :) First place horse found successfully
2025-06-18 21:12:27,112 - INFO - :) First place horse found successfully
2025-06-18 21:12:27,112 - INFO - :) First place horse found successfully
2025-06-18 21:12:27,112 - INFO - :) First place horse found successfully
2025-06-18 21:12:27,112 - INFO - :) First place horse found successfully
2025-06-18 21:12:27,112 - INFO - :) First place horse found successfully
2025-06-18 21:12:27,112 - INFO - :) First place horse found successfully
2025-06-18 21:12:27,112 - INFO - :) First place horse found successfully
2025-06-18 21:12:27,113 - INFO - :) First place horse found successfully
2025-06-18 21:12:27,113 - INFO - :) First place horse found successfully
2025-06-18 21:12:27,113 - INFO - :) First place horse found successfully
2025-06-18 21:12:27,113 - INFO - :) First place horse found successfully
2025-06-18 21:12:27,113 - INFO - :) First place horse found successfully
2025-06-18 21:12:27,113 - INFO - :) First place horse found successfully
2025-06-18 21:12:27,113 - INFO - :) First place horse found successfully
2025-06-18 21:12:27,113 - INFO - :) First place horse found successfully
2025-06-18 21:12:27,113 - INFO - Successfully parsed 28 horse records from: https://www.racingtv.com/results/2025-06-15/doncaster/1705
2025-06-18 21:12:27,113 - INFO - Waiting 3 seconds before next request...
2025-06-18 21:12:30,115 - INFO - Batch 1 - URL 8/22: https://www.racingtv.com/results/2025-06-15/doncaster/1737
2025-06-18 21:12:30,116 - INFO - Loading page with Selenium: https://www.racingtv.com/results/2025-06-15/doncaster/1737
2025-06-18 21:12:35,925 - INFO - Racing main block detected for: https://www.racingtv.com/results/2025-06-15/doncaster/1737
2025-06-18 21:12:35,977 - INFO - Successfully loaded page: https://www.racingtv.com/results/2025-06-15/doncaster/1737
2025-06-18 21:12:36,413 - INFO - Extracted race info - Track: Doncaster Racing Results | 15th June 2025 17:37, Date: N/A, Time: 17:37
2025-06-18 21:12:36,414 - INFO - Found 2nd h3 tag: Good To Firm  3YO only 5f 3y Winner: £3,768 (8 runners)
2025-06-18 21:12:36,414 - INFO - Extracted - Going: Good To Firm, Distance: 5f 3y
2025-06-18 21:12:36,414 - INFO - Extracting racing data from: https://www.racingtv.com/results/2025-06-15/doncaster/1737
2025-06-18 21:12:36,446 - INFO - Processing main block #1 for https://www.racingtv.com/results/2025-06-15/doncaster/1737
2025-06-18 21:12:36,478 - INFO - Checking 2nd child of main block for first place horse...
2025-06-18 21:12:36,489 - INFO - Found alternative horse block structure with 3 links
2025-06-18 21:12:36,490 - INFO - Found alternative horse block structure with 3 links
2025-06-18 21:12:36,490 - INFO - Found alternative horse block structure with 3 links
2025-06-18 21:12:36,490 - INFO - Found alternative horse block structure with 3 links
2025-06-18 21:12:36,491 - INFO - Found alternative horse block structure with 3 links
2025-06-18 21:12:36,491 - INFO - Found alternative horse block structure with 3 links
2025-06-18 21:12:36,492 - INFO - Found alternative horse block structure with 3 links
2025-06-18 21:12:36,492 - INFO - Found alternative horse block structure with 3 links
2025-06-18 21:12:36,537 - INFO - Found likely first place horse via structure analysis: Solar Biricz (IRE)
2025-06-18 21:12:36,545 - INFO - Found potential first place horse with background styling
2025-06-18 21:12:36,545 - INFO - Found potential first place horse with background styling
2025-06-18 21:12:36,545 - INFO - Found potential first place horse with background styling
2025-06-18 21:12:36,546 - INFO - Found potential first place horse with background styling
2025-06-18 21:12:36,546 - INFO - Found potential first place horse with background styling
2025-06-18 21:12:36,546 - INFO - Found potential first place horse with background styling
2025-06-18 21:12:36,546 - INFO - Found potential first place horse with background styling
2025-06-18 21:12:36,548 - INFO - Found 16 horse entries for https://www.racingtv.com/results/2025-06-15/doncaster/1737 using multiple detection methods
2025-06-18 21:12:36,548 - INFO - Processing sub block #1 for https://www.racingtv.com/results/2025-06-15/doncaster/1737
2025-06-18 21:12:36,548 - INFO - Found 3 <a> tags - Horse: Step Along, Jockey: Lewis Edmunds (claim: 0), Trainer: W Muir & C Grassick
2025-06-18 21:12:36,550 - INFO - Position/Length - Found 2 children: Position: 8th, Lost by: 2 l
2025-06-18 21:12:36,550 - INFO - Extracted: Step Along - Position: 8th, Lost by: 2 l, Jockey: Lewis Edmunds (claim: 0), Trainer: W Muir & C Grassick, Age: 3, Weight: 9-9, Rating: 58
2025-06-18 21:12:36,550 - INFO - Processing sub block #2 for https://www.racingtv.com/results/2025-06-15/doncaster/1737
2025-06-18 21:12:36,551 - INFO - Found 3 <a> tags - Horse: Novamay, Jockey: Connor Beasley (claim: 0), Trainer: M Dods
2025-06-18 21:12:36,552 - INFO - Position/Length - Found 2 children: Position: 7th, Lost by: Short Head
2025-06-18 21:12:36,552 - INFO - Extracted: Novamay - Position: 7th, Lost by: Short Head, Jockey: Connor Beasley (claim: 0), Trainer: M Dods, Age: 3, Weight: 9-10p1, Rating: 59
2025-06-18 21:12:36,552 - INFO - Processing sub block #3 for https://www.racingtv.com/results/2025-06-15/doncaster/1737
2025-06-18 21:12:36,552 - INFO - Found 3 <a> tags - Horse: Pure Artistry (IRE), Jockey: Cieren Fallon (claim: 0), Trainer: M L W Bell
2025-06-18 21:12:36,554 - INFO - Position/Length - Found 2 children: Position: 6th, Lost by: 3/4 l
2025-06-18 21:12:36,554 - INFO - Extracted: Pure Artistry (IRE) - Position: 6th, Lost by: 3/4 l, Jockey: Cieren Fallon (claim: 0), Trainer: M L W Bell, Age: 3, Weight: 9-8t, Rating: 57
2025-06-18 21:12:36,555 - INFO - Processing sub block #4 for https://www.racingtv.com/results/2025-06-15/doncaster/1737
2025-06-18 21:12:36,555 - INFO - Found 3 <a> tags - Horse: Sun Keeper, Jockey: K T O'Neill (claim: 0), Trainer: Alice Haynes
2025-06-18 21:12:36,557 - INFO - Position/Length - Found 2 children: Position: 5th, Lost by: 1/2 l
2025-06-18 21:12:36,557 - INFO - Extracted: Sun Keeper - Position: 5th, Lost by: 1/2 l, Jockey: K T O'Neill (claim: 0), Trainer: Alice Haynes, Age: 3, Weight: 9-8t, Rating: 57
2025-06-18 21:12:36,557 - INFO - Processing sub block #5 for https://www.racingtv.com/results/2025-06-15/doncaster/1737
2025-06-18 21:12:36,557 - INFO - Found 3 <a> tags - Horse: Love Rock (IRE), Jockey: Billy Loughnane (claim: 0), Trainer: I Mohammed
2025-06-18 21:12:36,558 - INFO - Position/Length - Found 2 children: Position: 4th, Lost by: Head
2025-06-18 21:12:36,559 - INFO - Extracted: Love Rock (IRE) - Position: 4th, Lost by: Head, Jockey: Billy Loughnane (claim: 0), Trainer: I Mohammed, Age: 3, Weight: 9-7, Rating: 56
2025-06-18 21:12:36,559 - INFO - Processing sub block #6 for https://www.racingtv.com/results/2025-06-15/doncaster/1737
2025-06-18 21:12:36,559 - INFO - Found 3 <a> tags - Horse: Master Zack, Jockey: A J Farragher (claim: 0), Trainer: Martin Dunne
2025-06-18 21:12:36,560 - INFO - Position/Length - Found 2 children: Position: 3rd, Lost by: 1 1/4 l
2025-06-18 21:12:36,561 - INFO - Extracted: Master Zack - Position: 3rd, Lost by: 1 1/4 l, Jockey: A J Farragher (claim: 0), Trainer: Martin Dunne, Age: 3, Weight: 9-3ht, Rating: 52
2025-06-18 21:12:36,561 - INFO - Processing sub block #7 for https://www.racingtv.com/results/2025-06-15/doncaster/1737
2025-06-18 21:12:36,561 - INFO - Found 3 <a> tags - Horse: Wee Mary (IRE), Jockey: D Tudhope (claim: 0), Trainer: R Menzies
2025-06-18 21:12:36,562 - INFO - Position/Length - Found 2 children: Position: 2nd, Lost by: 1/2 l
2025-06-18 21:12:36,562 - INFO - Extracted: Wee Mary (IRE) - Position: 2nd, Lost by: 1/2 l, Jockey: D Tudhope (claim: 0), Trainer: R Menzies, Age: 3, Weight: 9-7h, Rating: 56
2025-06-18 21:12:36,563 - INFO - Processing sub block #8 for https://www.racingtv.com/results/2025-06-15/doncaster/1737
2025-06-18 21:12:36,563 - INFO - Found 3 <a> tags - Horse: Solar Biricz (IRE), Jockey: Ben Robinson (claim: 0), Trainer: B Ellison
2025-06-18 21:12:36,564 - INFO - Position/Length - Found 1 children: Position: 1st, Lost by: N/A
2025-06-18 21:12:36,564 - INFO - Confirmed winner: Solar Biricz (IRE)
2025-06-18 21:12:36,564 - INFO - Extracted: Solar Biricz (IRE) - Position: 1st, Lost by: N/A, Jockey: Ben Robinson (claim: 0), Trainer: B Ellison, Age: 3, Weight: 9-9, Rating: 58
2025-06-18 21:12:36,564 - INFO - Processing sub block #9 for https://www.racingtv.com/results/2025-06-15/doncaster/1737
2025-06-18 21:12:36,564 - INFO - Found 3 <a> tags - Horse: Step Along, Jockey: Lewis Edmunds (claim: 0), Trainer: W Muir & C Grassick
2025-06-18 21:12:36,565 - INFO - Position/Length - Found 2 children: Position: 8th, Lost by: 2 l
2025-06-18 21:12:36,565 - INFO - Extracted: Step Along - Position: 8th, Lost by: 2 l, Jockey: Lewis Edmunds (claim: 0), Trainer: W Muir & C Grassick, Age: 3, Weight: 9-9, Rating: 58
2025-06-18 21:12:36,565 - INFO - Processing sub block #10 for https://www.racingtv.com/results/2025-06-15/doncaster/1737
2025-06-18 21:12:36,565 - INFO - Found 3 <a> tags - Horse: Novamay, Jockey: Connor Beasley (claim: 0), Trainer: M Dods
2025-06-18 21:12:36,566 - INFO - Position/Length - Found 2 children: Position: 7th, Lost by: Short Head
2025-06-18 21:12:36,566 - INFO - Extracted: Novamay - Position: 7th, Lost by: Short Head, Jockey: Connor Beasley (claim: 0), Trainer: M Dods, Age: 3, Weight: 9-10p1, Rating: 59
2025-06-18 21:12:36,566 - INFO - Processing sub block #11 for https://www.racingtv.com/results/2025-06-15/doncaster/1737
2025-06-18 21:12:36,566 - INFO - Found 3 <a> tags - Horse: Pure Artistry (IRE), Jockey: Cieren Fallon (claim: 0), Trainer: M L W Bell
2025-06-18 21:12:36,566 - INFO - Position/Length - Found 2 children: Position: 6th, Lost by: 3/4 l
2025-06-18 21:12:36,567 - INFO - Extracted: Pure Artistry (IRE) - Position: 6th, Lost by: 3/4 l, Jockey: Cieren Fallon (claim: 0), Trainer: M L W Bell, Age: 3, Weight: 9-8t, Rating: 57
2025-06-18 21:12:36,567 - INFO - Processing sub block #12 for https://www.racingtv.com/results/2025-06-15/doncaster/1737
2025-06-18 21:12:36,567 - INFO - Found 3 <a> tags - Horse: Sun Keeper, Jockey: K T O'Neill (claim: 0), Trainer: Alice Haynes
2025-06-18 21:12:36,567 - INFO - Position/Length - Found 2 children: Position: 5th, Lost by: 1/2 l
2025-06-18 21:12:36,567 - INFO - Extracted: Sun Keeper - Position: 5th, Lost by: 1/2 l, Jockey: K T O'Neill (claim: 0), Trainer: Alice Haynes, Age: 3, Weight: 9-8t, Rating: 57
2025-06-18 21:12:36,568 - INFO - Processing sub block #13 for https://www.racingtv.com/results/2025-06-15/doncaster/1737
2025-06-18 21:12:36,568 - INFO - Found 3 <a> tags - Horse: Love Rock (IRE), Jockey: Billy Loughnane (claim: 0), Trainer: I Mohammed
2025-06-18 21:12:36,568 - INFO - Position/Length - Found 2 children: Position: 4th, Lost by: Head
2025-06-18 21:12:36,568 - INFO - Extracted: Love Rock (IRE) - Position: 4th, Lost by: Head, Jockey: Billy Loughnane (claim: 0), Trainer: I Mohammed, Age: 3, Weight: 9-7, Rating: 56
2025-06-18 21:12:36,568 - INFO - Processing sub block #14 for https://www.racingtv.com/results/2025-06-15/doncaster/1737
2025-06-18 21:12:36,569 - INFO - Found 3 <a> tags - Horse: Master Zack, Jockey: A J Farragher (claim: 0), Trainer: Martin Dunne
2025-06-18 21:12:36,569 - INFO - Position/Length - Found 2 children: Position: 3rd, Lost by: 1 1/4 l
2025-06-18 21:12:36,569 - INFO - Extracted: Master Zack - Position: 3rd, Lost by: 1 1/4 l, Jockey: A J Farragher (claim: 0), Trainer: Martin Dunne, Age: 3, Weight: 9-3ht, Rating: 52
2025-06-18 21:12:36,569 - INFO - Processing sub block #15 for https://www.racingtv.com/results/2025-06-15/doncaster/1737
2025-06-18 21:12:36,570 - INFO - Found 3 <a> tags - Horse: Wee Mary (IRE), Jockey: D Tudhope (claim: 0), Trainer: R Menzies
2025-06-18 21:12:36,570 - INFO - Position/Length - Found 2 children: Position: 2nd, Lost by: 1/2 l
2025-06-18 21:12:36,570 - INFO - Extracted: Wee Mary (IRE) - Position: 2nd, Lost by: 1/2 l, Jockey: D Tudhope (claim: 0), Trainer: R Menzies, Age: 3, Weight: 9-7h, Rating: 56
2025-06-18 21:12:36,570 - INFO - Processing sub block #16 for https://www.racingtv.com/results/2025-06-15/doncaster/1737
2025-06-18 21:12:36,571 - INFO - Found 3 <a> tags - Horse: Solar Biricz (IRE), Jockey: Ben Robinson (claim: 0), Trainer: B Ellison
2025-06-18 21:12:36,572 - INFO - Position/Length - Found 1 children: Position: 1st, Lost by: N/A
2025-06-18 21:12:36,572 - INFO - Extracted: Solar Biricz (IRE) - Position: 1st, Lost by: N/A, Jockey: Ben Robinson (claim: 0), Trainer: B Ellison, Age: 3, Weight: 9-9, Rating: 58
2025-06-18 21:12:36,572 - INFO - Successfully extracted 16/16 horse records from https://www.racingtv.com/results/2025-06-15/doncaster/1737
2025-06-18 21:12:36,572 - INFO - :) First place horse found successfully
2025-06-18 21:12:36,572 - INFO - :) First place horse found successfully
2025-06-18 21:12:36,572 - INFO - :) First place horse found successfully
2025-06-18 21:12:36,572 - INFO - :) First place horse found successfully
2025-06-18 21:12:36,572 - INFO - :) First place horse found successfully
2025-06-18 21:12:36,573 - INFO - :) First place horse found successfully
2025-06-18 21:12:36,573 - INFO - :) First place horse found successfully
2025-06-18 21:12:36,573 - INFO - :) First place horse found successfully
2025-06-18 21:12:36,573 - INFO - :) First place horse found successfully
2025-06-18 21:12:36,573 - INFO - :) First place horse found successfully
2025-06-18 21:12:36,573 - INFO - :) First place horse found successfully
2025-06-18 21:12:36,573 - INFO - :) First place horse found successfully
2025-06-18 21:12:36,573 - INFO - :) First place horse found successfully
2025-06-18 21:12:36,573 - INFO - :) First place horse found successfully
2025-06-18 21:12:36,573 - INFO - :) First place horse found successfully
2025-06-18 21:12:36,573 - INFO - :) First place horse found successfully
2025-06-18 21:12:36,573 - INFO - :) First place horse found successfully
2025-06-18 21:12:36,573 - INFO - Successfully parsed 16 horse records from: https://www.racingtv.com/results/2025-06-15/doncaster/1737
2025-06-18 21:12:36,574 - INFO - Waiting 3 seconds before next request...
2025-06-18 21:12:39,575 - INFO - Batch 1 - URL 9/22: https://www.racingtv.com/results/2025-06-15/salisbury/1415
2025-06-18 21:12:39,575 - INFO - Loading page with Selenium: https://www.racingtv.com/results/2025-06-15/salisbury/1415
2025-06-18 21:12:45,276 - INFO - Racing main block detected for: https://www.racingtv.com/results/2025-06-15/salisbury/1415
2025-06-18 21:12:45,327 - INFO - Successfully loaded page: https://www.racingtv.com/results/2025-06-15/salisbury/1415
2025-06-18 21:12:45,711 - INFO - Extracted race info - Track: Salisbury Racing Results | 15th June 2025 14:15, Date: N/A, Time: 14:15
2025-06-18 21:12:45,713 - INFO - Found 2nd h3 tag: Good To Firm (Good In Places)  3YO only 6f 213y Winner: £3,926 (10 runners)
2025-06-18 21:12:45,713 - INFO - Extracted - Going: Good To Firm (Good In Places), Distance: 6f 213y
2025-06-18 21:12:45,713 - INFO - Extracting racing data from: https://www.racingtv.com/results/2025-06-15/salisbury/1415
2025-06-18 21:12:45,748 - INFO - Processing main block #1 for https://www.racingtv.com/results/2025-06-15/salisbury/1415
2025-06-18 21:12:45,784 - INFO - Checking 2nd child of main block for first place horse...
2025-06-18 21:12:45,799 - INFO - Found alternative horse block structure with 3 links
2025-06-18 21:12:45,800 - INFO - Found alternative horse block structure with 3 links
2025-06-18 21:12:45,800 - INFO - Found alternative horse block structure with 3 links
2025-06-18 21:12:45,801 - INFO - Found alternative horse block structure with 3 links
2025-06-18 21:12:45,801 - INFO - Found alternative horse block structure with 3 links
2025-06-18 21:12:45,802 - INFO - Found alternative horse block structure with 3 links
2025-06-18 21:12:45,802 - INFO - Found alternative horse block structure with 3 links
2025-06-18 21:12:45,802 - INFO - Found alternative horse block structure with 3 links
2025-06-18 21:12:45,803 - INFO - Found alternative horse block structure with 3 links
2025-06-18 21:12:45,803 - INFO - Found alternative horse block structure with 3 links
2025-06-18 21:12:45,804 - INFO - Found alternative horse block structure with 3 links
2025-06-18 21:12:45,868 - INFO - Found likely first place horse via structure analysis: Mr Ubiquitous
2025-06-18 21:12:45,878 - INFO - Found potential first place horse with background styling
2025-06-18 21:12:45,878 - INFO - Found potential first place horse with background styling
2025-06-18 21:12:45,878 - INFO - Found potential first place horse with background styling
2025-06-18 21:12:45,879 - INFO - Found potential first place horse with background styling
2025-06-18 21:12:45,879 - INFO - Found potential first place horse with background styling
2025-06-18 21:12:45,879 - INFO - Found potential first place horse with background styling
2025-06-18 21:12:45,879 - INFO - Found potential first place horse with background styling
2025-06-18 21:12:45,880 - INFO - Found potential first place horse with background styling
2025-06-18 21:12:45,881 - INFO - Found potential first place horse with background styling
2025-06-18 21:12:45,881 - INFO - Found potential first place horse with background styling
2025-06-18 21:12:45,884 - INFO - Found 22 horse entries for https://www.racingtv.com/results/2025-06-15/salisbury/1415 using multiple detection methods
2025-06-18 21:12:45,884 - INFO - Processing sub block #1 for https://www.racingtv.com/results/2025-06-15/salisbury/1415
2025-06-18 21:12:45,884 - INFO - Found 3 <a> tags - Horse: Kaleidoscope Eyes (IRE), Jockey: Alfie Gee (claim: 7), Trainer: Harry Eustace
2025-06-18 21:12:45,885 - INFO - Position/Length - Found 1 children: Position: NR, Lost by: N/A
2025-06-18 21:12:45,885 - INFO - Extracted: Kaleidoscope Eyes (IRE) - Position: NR, Lost by: N/A, Jockey: Alfie Gee (claim: 7), Trainer: Harry Eustace, Age: 3, Weight: 9-4, Rating: 59
2025-06-18 21:12:45,885 - INFO - Processing sub block #2 for https://www.racingtv.com/results/2025-06-15/salisbury/1415
2025-06-18 21:12:45,885 - INFO - Found 3 <a> tags - Horse: Blue Empress (IRE), Jockey: Poppy Scott (claim: 5), Trainer: A Watson
2025-06-18 21:12:45,887 - INFO - Position/Length - Found 2 children: Position: 10th, Lost by: Neck
2025-06-18 21:12:45,887 - INFO - Extracted: Blue Empress (IRE) - Position: 10th, Lost by: Neck, Jockey: Poppy Scott (claim: 5), Trainer: A Watson, Age: 3, Weight: 9-10p, Rating: 65
2025-06-18 21:12:45,887 - INFO - Processing sub block #3 for https://www.racingtv.com/results/2025-06-15/salisbury/1415
2025-06-18 21:12:45,887 - INFO - Found 3 <a> tags - Horse: Enchanted Way, Jockey: Ashley Lewis (claim: 0), Trainer: A Watson
2025-06-18 21:12:45,889 - INFO - Position/Length - Found 2 children: Position: 9th, Lost by: Short Head
2025-06-18 21:12:45,890 - INFO - Extracted: Enchanted Way - Position: 9th, Lost by: Short Head, Jockey: Ashley Lewis (claim: 0), Trainer: A Watson, Age: 3, Weight: 9-9b, Rating: 64
2025-06-18 21:12:45,890 - INFO - Processing sub block #4 for https://www.racingtv.com/results/2025-06-15/salisbury/1415
2025-06-18 21:12:45,890 - INFO - Found 3 <a> tags - Horse: Mister Mcgregor (IRE), Jockey: Alfie Redman (claim: 3), Trainer: A M Balding
2025-06-18 21:12:45,892 - INFO - Position/Length - Found 2 children: Position: 8th, Lost by: 3/4 l
2025-06-18 21:12:45,892 - INFO - Extracted: Mister Mcgregor (IRE) - Position: 8th, Lost by: 3/4 l, Jockey: Alfie Redman (claim: 3), Trainer: A M Balding, Age: 3, Weight: 9-13, Rating: 68
2025-06-18 21:12:45,892 - INFO - Processing sub block #5 for https://www.racingtv.com/results/2025-06-15/salisbury/1415
2025-06-18 21:12:45,893 - INFO - Found 3 <a> tags - Horse: Jersey Maverick (IRE), Jockey: Jack Dace (claim: 0), Trainer: C Fellowes
2025-06-18 21:12:45,894 - INFO - Position/Length - Found 2 children: Position: 7th, Lost by: 4 l
2025-06-18 21:12:45,894 - INFO - Extracted: Jersey Maverick (IRE) - Position: 7th, Lost by: 4 l, Jockey: Jack Dace (claim: 0), Trainer: C Fellowes, Age: 3, Weight: 9-11p, Rating: 66
2025-06-18 21:12:45,894 - INFO - Processing sub block #6 for https://www.racingtv.com/results/2025-06-15/salisbury/1415
2025-06-18 21:12:45,895 - INFO - Found 3 <a> tags - Horse: Silca Bay, Jockey: Oliver Carmichael (claim: 3), Trainer: Eve Johnson Houghton
2025-06-18 21:12:45,896 - INFO - Position/Length - Found 2 children: Position: 6th, Lost by: 1 l
2025-06-18 21:12:45,896 - INFO - Extracted: Silca Bay - Position: 6th, Lost by: 1 l, Jockey: Oliver Carmichael (claim: 3), Trainer: Eve Johnson Houghton, Age: 3, Weight: 9-12, Rating: 67
2025-06-18 21:12:45,896 - INFO - Processing sub block #7 for https://www.racingtv.com/results/2025-06-15/salisbury/1415
2025-06-18 21:12:45,897 - INFO - Found 3 <a> tags - Horse: Saidha, Jockey: Alicia Perkins (claim: 5), Trainer: M D I Usher
2025-06-18 21:12:45,898 - INFO - Position/Length - Found 2 children: Position: 5th, Lost by: 3 3/4 l
2025-06-18 21:12:45,898 - INFO - Extracted: Saidha - Position: 5th, Lost by: 3 3/4 l, Jockey: Alicia Perkins (claim: 5), Trainer: M D I Usher, Age: 3, Weight: 9-10, Rating: 65
2025-06-18 21:12:45,898 - INFO - Processing sub block #8 for https://www.racingtv.com/results/2025-06-15/salisbury/1415
2025-06-18 21:12:45,899 - INFO - Found 3 <a> tags - Horse: Amor Cordis (IRE), Jockey: Tyrese Cameron (claim: 0), Trainer: W Greatrex
2025-06-18 21:12:45,901 - INFO - Position/Length - Found 2 children: Position: 4th, Lost by: Neck
2025-06-18 21:12:45,901 - INFO - Extracted: Amor Cordis (IRE) - Position: 4th, Lost by: Neck, Jockey: Tyrese Cameron (claim: 0), Trainer: W Greatrex, Age: 3, Weight: 9-10p, Rating: 65
2025-06-18 21:12:45,901 - INFO - Processing sub block #9 for https://www.racingtv.com/results/2025-06-15/salisbury/1415
2025-06-18 21:12:45,901 - INFO - Found 3 <a> tags - Horse: Play Me, Jockey: Donagh Murphy (claim: 7), Trainer: J R Boyle
2025-06-18 21:12:45,903 - INFO - Position/Length - Found 2 children: Position: 3rd, Lost by: 1/2 l
2025-06-18 21:12:45,903 - INFO - Extracted: Play Me - Position: 3rd, Lost by: 1/2 l, Jockey: Donagh Murphy (claim: 7), Trainer: J R Boyle, Age: 3, Weight: 9-5, Rating: 60
2025-06-18 21:12:45,903 - INFO - Processing sub block #10 for https://www.racingtv.com/results/2025-06-15/salisbury/1415
2025-06-18 21:12:45,903 - INFO - Found 3 <a> tags - Horse: Baloo's Blues, Jockey: Jack Callan (claim: 0), Trainer: C Hills
2025-06-18 21:12:45,905 - INFO - Position/Length - Found 2 children: Position: 2nd, Lost by: 2 1/4 l
2025-06-18 21:12:45,905 - INFO - Extracted: Baloo's Blues - Position: 2nd, Lost by: 2 1/4 l, Jockey: Jack Callan (claim: 0), Trainer: C Hills, Age: 3, Weight: 9-10, Rating: 65
2025-06-18 21:12:45,905 - INFO - Processing sub block #11 for https://www.racingtv.com/results/2025-06-15/salisbury/1415
2025-06-18 21:12:45,905 - INFO - Found 3 <a> tags - Horse: Mr Ubiquitous, Jockey: Jack Nicholls (claim: 0), Trainer: Harry Eustace
2025-06-18 21:12:45,907 - INFO - Position/Length - Found 1 children: Position: 1st, Lost by: N/A
2025-06-18 21:12:45,907 - INFO - Confirmed winner: Mr Ubiquitous
2025-06-18 21:12:45,907 - INFO - Extracted: Mr Ubiquitous - Position: 1st, Lost by: N/A, Jockey: Jack Nicholls (claim: 0), Trainer: Harry Eustace, Age: 3, Weight: 9-13, Rating: 68
2025-06-18 21:12:45,908 - INFO - Processing sub block #12 for https://www.racingtv.com/results/2025-06-15/salisbury/1415
2025-06-18 21:12:45,908 - INFO - Found 3 <a> tags - Horse: Kaleidoscope Eyes (IRE), Jockey: Alfie Gee (claim: 7), Trainer: Harry Eustace
2025-06-18 21:12:45,909 - INFO - Position/Length - Found 1 children: Position: NR, Lost by: N/A
2025-06-18 21:12:45,909 - INFO - Extracted: Kaleidoscope Eyes (IRE) - Position: NR, Lost by: N/A, Jockey: Alfie Gee (claim: 7), Trainer: Harry Eustace, Age: 3, Weight: 9-4, Rating: 59
2025-06-18 21:12:45,909 - INFO - Processing sub block #13 for https://www.racingtv.com/results/2025-06-15/salisbury/1415
2025-06-18 21:12:45,909 - INFO - Found 3 <a> tags - Horse: Blue Empress (IRE), Jockey: Poppy Scott (claim: 5), Trainer: A Watson
2025-06-18 21:12:45,909 - INFO - Position/Length - Found 2 children: Position: 10th, Lost by: Neck
2025-06-18 21:12:45,910 - INFO - Extracted: Blue Empress (IRE) - Position: 10th, Lost by: Neck, Jockey: Poppy Scott (claim: 5), Trainer: A Watson, Age: 3, Weight: 9-10p, Rating: 65
2025-06-18 21:12:45,910 - INFO - Processing sub block #14 for https://www.racingtv.com/results/2025-06-15/salisbury/1415
2025-06-18 21:12:45,910 - INFO - Found 3 <a> tags - Horse: Enchanted Way, Jockey: Ashley Lewis (claim: 0), Trainer: A Watson
2025-06-18 21:12:45,910 - INFO - Position/Length - Found 2 children: Position: 9th, Lost by: Short Head
2025-06-18 21:12:45,910 - INFO - Extracted: Enchanted Way - Position: 9th, Lost by: Short Head, Jockey: Ashley Lewis (claim: 0), Trainer: A Watson, Age: 3, Weight: 9-9b, Rating: 64
2025-06-18 21:12:45,910 - INFO - Processing sub block #15 for https://www.racingtv.com/results/2025-06-15/salisbury/1415
2025-06-18 21:12:45,911 - INFO - Found 3 <a> tags - Horse: Mister Mcgregor (IRE), Jockey: Alfie Redman (claim: 3), Trainer: A M Balding
2025-06-18 21:12:45,911 - INFO - Position/Length - Found 2 children: Position: 8th, Lost by: 3/4 l
2025-06-18 21:12:45,911 - INFO - Extracted: Mister Mcgregor (IRE) - Position: 8th, Lost by: 3/4 l, Jockey: Alfie Redman (claim: 3), Trainer: A M Balding, Age: 3, Weight: 9-13, Rating: 68
2025-06-18 21:12:45,911 - INFO - Processing sub block #16 for https://www.racingtv.com/results/2025-06-15/salisbury/1415
2025-06-18 21:12:45,912 - INFO - Found 3 <a> tags - Horse: Jersey Maverick (IRE), Jockey: Jack Dace (claim: 0), Trainer: C Fellowes
2025-06-18 21:12:45,912 - INFO - Position/Length - Found 2 children: Position: 7th, Lost by: 4 l
2025-06-18 21:12:45,912 - INFO - Extracted: Jersey Maverick (IRE) - Position: 7th, Lost by: 4 l, Jockey: Jack Dace (claim: 0), Trainer: C Fellowes, Age: 3, Weight: 9-11p, Rating: 66
2025-06-18 21:12:45,912 - INFO - Processing sub block #17 for https://www.racingtv.com/results/2025-06-15/salisbury/1415
2025-06-18 21:12:45,913 - INFO - Found 3 <a> tags - Horse: Silca Bay, Jockey: Oliver Carmichael (claim: 3), Trainer: Eve Johnson Houghton
2025-06-18 21:12:45,913 - INFO - Position/Length - Found 2 children: Position: 6th, Lost by: 1 l
2025-06-18 21:12:45,913 - INFO - Extracted: Silca Bay - Position: 6th, Lost by: 1 l, Jockey: Oliver Carmichael (claim: 3), Trainer: Eve Johnson Houghton, Age: 3, Weight: 9-12, Rating: 67
2025-06-18 21:12:45,913 - INFO - Processing sub block #18 for https://www.racingtv.com/results/2025-06-15/salisbury/1415
2025-06-18 21:12:45,914 - INFO - Found 3 <a> tags - Horse: Saidha, Jockey: Alicia Perkins (claim: 5), Trainer: M D I Usher
2025-06-18 21:12:45,914 - INFO - Position/Length - Found 2 children: Position: 5th, Lost by: 3 3/4 l
2025-06-18 21:12:45,914 - INFO - Extracted: Saidha - Position: 5th, Lost by: 3 3/4 l, Jockey: Alicia Perkins (claim: 5), Trainer: M D I Usher, Age: 3, Weight: 9-10, Rating: 65
2025-06-18 21:12:45,914 - INFO - Processing sub block #19 for https://www.racingtv.com/results/2025-06-15/salisbury/1415
2025-06-18 21:12:45,914 - INFO - Found 3 <a> tags - Horse: Amor Cordis (IRE), Jockey: Tyrese Cameron (claim: 0), Trainer: W Greatrex
2025-06-18 21:12:45,915 - INFO - Position/Length - Found 2 children: Position: 4th, Lost by: Neck
2025-06-18 21:12:45,915 - INFO - Extracted: Amor Cordis (IRE) - Position: 4th, Lost by: Neck, Jockey: Tyrese Cameron (claim: 0), Trainer: W Greatrex, Age: 3, Weight: 9-10p, Rating: 65
2025-06-18 21:12:45,915 - INFO - Processing sub block #20 for https://www.racingtv.com/results/2025-06-15/salisbury/1415
2025-06-18 21:12:45,916 - INFO - Found 3 <a> tags - Horse: Play Me, Jockey: Donagh Murphy (claim: 7), Trainer: J R Boyle
2025-06-18 21:12:45,916 - INFO - Position/Length - Found 2 children: Position: 3rd, Lost by: 1/2 l
2025-06-18 21:12:45,916 - INFO - Extracted: Play Me - Position: 3rd, Lost by: 1/2 l, Jockey: Donagh Murphy (claim: 7), Trainer: J R Boyle, Age: 3, Weight: 9-5, Rating: 60
2025-06-18 21:12:45,916 - INFO - Processing sub block #21 for https://www.racingtv.com/results/2025-06-15/salisbury/1415
2025-06-18 21:12:45,917 - INFO - Found 3 <a> tags - Horse: Baloo's Blues, Jockey: Jack Callan (claim: 0), Trainer: C Hills
2025-06-18 21:12:45,917 - INFO - Position/Length - Found 2 children: Position: 2nd, Lost by: 2 1/4 l
2025-06-18 21:12:45,917 - INFO - Extracted: Baloo's Blues - Position: 2nd, Lost by: 2 1/4 l, Jockey: Jack Callan (claim: 0), Trainer: C Hills, Age: 3, Weight: 9-10, Rating: 65
2025-06-18 21:12:45,917 - INFO - Processing sub block #22 for https://www.racingtv.com/results/2025-06-15/salisbury/1415
2025-06-18 21:12:45,918 - INFO - Found 3 <a> tags - Horse: Mr Ubiquitous, Jockey: Jack Nicholls (claim: 0), Trainer: Harry Eustace
2025-06-18 21:12:45,918 - INFO - Position/Length - Found 1 children: Position: 1st, Lost by: N/A
2025-06-18 21:12:45,918 - INFO - Extracted: Mr Ubiquitous - Position: 1st, Lost by: N/A, Jockey: Jack Nicholls (claim: 0), Trainer: Harry Eustace, Age: 3, Weight: 9-13, Rating: 68
2025-06-18 21:12:45,918 - INFO - Successfully extracted 22/22 horse records from https://www.racingtv.com/results/2025-06-15/salisbury/1415
2025-06-18 21:12:45,918 - INFO - :) First place horse found successfully
2025-06-18 21:12:45,918 - INFO - :) First place horse found successfully
2025-06-18 21:12:45,919 - INFO - :) First place horse found successfully
2025-06-18 21:12:45,919 - INFO - :) First place horse found successfully
2025-06-18 21:12:45,919 - INFO - :) First place horse found successfully
2025-06-18 21:12:45,919 - INFO - :) First place horse found successfully
2025-06-18 21:12:45,919 - INFO - :) First place horse found successfully
2025-06-18 21:12:45,919 - INFO - :) First place horse found successfully
2025-06-18 21:12:45,919 - INFO - :) First place horse found successfully
2025-06-18 21:12:45,919 - INFO - :) First place horse found successfully
2025-06-18 21:12:45,919 - INFO - :) First place horse found successfully
2025-06-18 21:12:45,919 - INFO - :) First place horse found successfully
2025-06-18 21:12:45,919 - INFO - :) First place horse found successfully
2025-06-18 21:12:45,919 - INFO - :) First place horse found successfully
2025-06-18 21:12:45,919 - INFO - :) First place horse found successfully
2025-06-18 21:12:45,919 - INFO - :) First place horse found successfully
2025-06-18 21:12:45,919 - INFO - :) First place horse found successfully
2025-06-18 21:12:45,919 - INFO - :) First place horse found successfully
2025-06-18 21:12:45,919 - INFO - :) First place horse found successfully
2025-06-18 21:12:45,920 - INFO - :) First place horse found successfully
2025-06-18 21:12:45,920 - INFO - :) First place horse found successfully
2025-06-18 21:12:45,920 - INFO - :) First place horse found successfully
2025-06-18 21:12:45,920 - INFO - :) First place horse found successfully
2025-06-18 21:12:45,920 - INFO - Successfully parsed 22 horse records from: https://www.racingtv.com/results/2025-06-15/salisbury/1415
2025-06-18 21:12:45,920 - INFO - Waiting 3 seconds before next request...
2025-06-18 21:12:48,921 - INFO - Batch 1 - URL 10/22: https://www.racingtv.com/results/2025-06-15/salisbury/1450
2025-06-18 21:12:48,922 - INFO - Loading page with Selenium: https://www.racingtv.com/results/2025-06-15/salisbury/1450
2025-06-18 21:12:54,732 - INFO - Racing main block detected for: https://www.racingtv.com/results/2025-06-15/salisbury/1450
2025-06-18 21:12:54,767 - INFO - Successfully loaded page: https://www.racingtv.com/results/2025-06-15/salisbury/1450
2025-06-18 21:12:54,981 - INFO - Extracted race info - Track: Salisbury Racing Results | 15th June 2025 14:50, Date: N/A, Time: 14:50
2025-06-18 21:12:54,982 - INFO - Found 2nd h3 tag: Good To Firm (Good In Places)  4YO+ 1m Winner: £4,580 (5 runners)
2025-06-18 21:12:54,982 - INFO - Extracted - Going: Good To Firm (Good In Places), Distance: 1m
2025-06-18 21:12:54,982 - INFO - Extracting racing data from: https://www.racingtv.com/results/2025-06-15/salisbury/1450
2025-06-18 21:12:55,004 - INFO - Processing main block #1 for https://www.racingtv.com/results/2025-06-15/salisbury/1450
2025-06-18 21:12:55,022 - INFO - Checking 2nd child of main block for first place horse...
2025-06-18 21:12:55,030 - INFO - Found alternative horse block structure with 3 links
2025-06-18 21:12:55,030 - INFO - Found alternative horse block structure with 3 links
2025-06-18 21:12:55,030 - INFO - Found alternative horse block structure with 3 links
2025-06-18 21:12:55,031 - INFO - Found alternative horse block structure with 3 links
2025-06-18 21:12:55,031 - INFO - Found alternative horse block structure with 3 links
2025-06-18 21:12:55,063 - INFO - Found likely first place horse via structure analysis: Hover (IRE)
2025-06-18 21:12:55,068 - INFO - Found potential first place horse with background styling
2025-06-18 21:12:55,068 - INFO - Found potential first place horse with background styling
2025-06-18 21:12:55,068 - INFO - Found potential first place horse with background styling
2025-06-18 21:12:55,068 - INFO - Found potential first place horse with background styling
2025-06-18 21:12:55,070 - INFO - Found 10 horse entries for https://www.racingtv.com/results/2025-06-15/salisbury/1450 using multiple detection methods
2025-06-18 21:12:55,070 - INFO - Processing sub block #1 for https://www.racingtv.com/results/2025-06-15/salisbury/1450
2025-06-18 21:12:55,070 - INFO - Found 3 <a> tags - Horse: Beatrice Shilling (IRE), Jockey: Daniel Muscutt (claim: 0), Trainer: K P De Foy
2025-06-18 21:12:55,072 - INFO - Position/Length - Found 2 children: Position: 5th, Lost by: 12 l
2025-06-18 21:12:55,072 - INFO - Extracted: Beatrice Shilling (IRE) - Position: 5th, Lost by: 12 l, Jockey: Daniel Muscutt (claim: 0), Trainer: K P De Foy, Age: 4, Weight: 9-9tp1, Rating: 72
2025-06-18 21:12:55,073 - INFO - Processing sub block #2 for https://www.racingtv.com/results/2025-06-15/salisbury/1450
2025-06-18 21:12:55,073 - INFO - Found 3 <a> tags - Horse: Hoornblower, Jockey: Rossa Ryan (claim: 0), Trainer: D J Coakley
2025-06-18 21:12:55,076 - INFO - Position/Length - Found 2 children: Position: 4th, Lost by: 5 l
2025-06-18 21:12:55,076 - INFO - Extracted: Hoornblower - Position: 4th, Lost by: 5 l, Jockey: Rossa Ryan (claim: 0), Trainer: D J Coakley, Age: 6, Weight: 9-4, Rating: 67
2025-06-18 21:12:55,076 - INFO - Processing sub block #3 for https://www.racingtv.com/results/2025-06-15/salisbury/1450
2025-06-18 21:12:55,077 - INFO - Found 3 <a> tags - Horse: Chourmo, Jockey: J F Egan (claim: 0), Trainer: Mark Gillard
2025-06-18 21:12:55,078 - INFO - Position/Length - Found 2 children: Position: 3rd, Lost by: 3 1/4 l
2025-06-18 21:12:55,078 - INFO - Extracted: Chourmo - Position: 3rd, Lost by: 3 1/4 l, Jockey: J F Egan (claim: 0), Trainer: Mark Gillard, Age: 5, Weight: 9-0, Rating: 63
2025-06-18 21:12:55,078 - INFO - Processing sub block #4 for https://www.racingtv.com/results/2025-06-15/salisbury/1450
2025-06-18 21:12:55,079 - INFO - Found 3 <a> tags - Horse: Magical Merlin (IRE), Jockey: Millie Wonnacott (claim: 5), Trainer: Harry Charlton
2025-06-18 21:12:55,080 - INFO - Position/Length - Found 2 children: Position: 2nd, Lost by: 1/2 l
2025-06-18 21:12:55,080 - INFO - Extracted: Magical Merlin (IRE) - Position: 2nd, Lost by: 1/2 l, Jockey: Millie Wonnacott (claim: 5), Trainer: Harry Charlton, Age: 5, Weight: 9-8p, Rating: 71
2025-06-18 21:12:55,080 - INFO - Processing sub block #5 for https://www.racingtv.com/results/2025-06-15/salisbury/1450
2025-06-18 21:12:55,081 - INFO - Found 3 <a> tags - Horse: Hover (IRE), Jockey: Harry Davies (claim: 0), Trainer: M Meade
2025-06-18 21:12:55,082 - INFO - Position/Length - Found 1 children: Position: 1st, Lost by: N/A
2025-06-18 21:12:55,082 - INFO - Confirmed winner: Hover (IRE)
2025-06-18 21:12:55,082 - INFO - Extracted: Hover (IRE) - Position: 1st, Lost by: N/A, Jockey: Harry Davies (claim: 0), Trainer: M Meade, Age: 8, Weight: 9-7, Rating: 70
2025-06-18 21:12:55,082 - INFO - Processing sub block #6 for https://www.racingtv.com/results/2025-06-15/salisbury/1450
2025-06-18 21:12:55,083 - INFO - Found 3 <a> tags - Horse: Beatrice Shilling (IRE), Jockey: Daniel Muscutt (claim: 0), Trainer: K P De Foy
2025-06-18 21:12:55,083 - INFO - Position/Length - Found 2 children: Position: 5th, Lost by: 12 l
2025-06-18 21:12:55,083 - INFO - Extracted: Beatrice Shilling (IRE) - Position: 5th, Lost by: 12 l, Jockey: Daniel Muscutt (claim: 0), Trainer: K P De Foy, Age: 4, Weight: 9-9tp1, Rating: 72
2025-06-18 21:12:55,083 - INFO - Processing sub block #7 for https://www.racingtv.com/results/2025-06-15/salisbury/1450
2025-06-18 21:12:55,083 - INFO - Found 3 <a> tags - Horse: Hoornblower, Jockey: Rossa Ryan (claim: 0), Trainer: D J Coakley
2025-06-18 21:12:55,084 - INFO - Position/Length - Found 2 children: Position: 4th, Lost by: 5 l
2025-06-18 21:12:55,084 - INFO - Extracted: Hoornblower - Position: 4th, Lost by: 5 l, Jockey: Rossa Ryan (claim: 0), Trainer: D J Coakley, Age: 6, Weight: 9-4, Rating: 67
2025-06-18 21:12:55,084 - INFO - Processing sub block #8 for https://www.racingtv.com/results/2025-06-15/salisbury/1450
2025-06-18 21:12:55,084 - INFO - Found 3 <a> tags - Horse: Chourmo, Jockey: J F Egan (claim: 0), Trainer: Mark Gillard
2025-06-18 21:12:55,085 - INFO - Position/Length - Found 2 children: Position: 3rd, Lost by: 3 1/4 l
2025-06-18 21:12:55,085 - INFO - Extracted: Chourmo - Position: 3rd, Lost by: 3 1/4 l, Jockey: J F Egan (claim: 0), Trainer: Mark Gillard, Age: 5, Weight: 9-0, Rating: 63
2025-06-18 21:12:55,085 - INFO - Processing sub block #9 for https://www.racingtv.com/results/2025-06-15/salisbury/1450
2025-06-18 21:12:55,085 - INFO - Found 3 <a> tags - Horse: Magical Merlin (IRE), Jockey: Millie Wonnacott (claim: 5), Trainer: Harry Charlton
2025-06-18 21:12:55,086 - INFO - Position/Length - Found 2 children: Position: 2nd, Lost by: 1/2 l
2025-06-18 21:12:55,086 - INFO - Extracted: Magical Merlin (IRE) - Position: 2nd, Lost by: 1/2 l, Jockey: Millie Wonnacott (claim: 5), Trainer: Harry Charlton, Age: 5, Weight: 9-8p, Rating: 71
2025-06-18 21:12:55,086 - INFO - Processing sub block #10 for https://www.racingtv.com/results/2025-06-15/salisbury/1450
2025-06-18 21:12:55,086 - INFO - Found 3 <a> tags - Horse: Hover (IRE), Jockey: Harry Davies (claim: 0), Trainer: M Meade
2025-06-18 21:12:55,087 - INFO - Position/Length - Found 1 children: Position: 1st, Lost by: N/A
2025-06-18 21:12:55,087 - INFO - Extracted: Hover (IRE) - Position: 1st, Lost by: N/A, Jockey: Harry Davies (claim: 0), Trainer: M Meade, Age: 8, Weight: 9-7, Rating: 70
2025-06-18 21:12:55,087 - INFO - Successfully extracted 10/10 horse records from https://www.racingtv.com/results/2025-06-15/salisbury/1450
2025-06-18 21:12:55,087 - INFO - :) First place horse found successfully
2025-06-18 21:12:55,087 - INFO - :) First place horse found successfully
2025-06-18 21:12:55,087 - INFO - :) First place horse found successfully
2025-06-18 21:12:55,087 - INFO - :) First place horse found successfully
2025-06-18 21:12:55,087 - INFO - :) First place horse found successfully
2025-06-18 21:12:55,087 - INFO - :) First place horse found successfully
2025-06-18 21:12:55,087 - INFO - :) First place horse found successfully
2025-06-18 21:12:55,087 - INFO - :) First place horse found successfully
2025-06-18 21:12:55,087 - INFO - :) First place horse found successfully
2025-06-18 21:12:55,087 - INFO - :) First place horse found successfully
2025-06-18 21:12:55,087 - INFO - :) First place horse found successfully
2025-06-18 21:12:55,087 - INFO - Successfully parsed 10 horse records from: https://www.racingtv.com/results/2025-06-15/salisbury/1450
2025-06-18 21:12:55,088 - INFO - Waiting 3 seconds before next request...
2025-06-18 21:12:58,089 - INFO - Batch 1 - URL 11/22: https://www.racingtv.com/results/2025-06-15/salisbury/1523
2025-06-18 21:12:58,089 - INFO - Loading page with Selenium: https://www.racingtv.com/results/2025-06-15/salisbury/1523
2025-06-18 21:13:03,984 - INFO - Racing main block detected for: https://www.racingtv.com/results/2025-06-15/salisbury/1523
2025-06-18 21:13:04,027 - INFO - Successfully loaded page: https://www.racingtv.com/results/2025-06-15/salisbury/1523
2025-06-18 21:13:04,308 - INFO - Extracted race info - Track: Salisbury Racing Results | 15th June 2025 15:23, Date: N/A, Time: 15:23
2025-06-18 21:13:04,309 - INFO - Found 2nd h3 tag: Good To Firm (Good In Places)  4YO+ 1m 1f 201y Winner: £4,580 (7 runners)
2025-06-18 21:13:04,309 - INFO - Extracted - Going: Good To Firm (Good In Places), Distance: 1m 1f 201y
2025-06-18 21:13:04,309 - INFO - Extracting racing data from: https://www.racingtv.com/results/2025-06-15/salisbury/1523
2025-06-18 21:13:04,337 - INFO - Processing main block #1 for https://www.racingtv.com/results/2025-06-15/salisbury/1523
2025-06-18 21:13:04,363 - INFO - Checking 2nd child of main block for first place horse...
2025-06-18 21:13:04,372 - INFO - Found alternative horse block structure with 3 links
2025-06-18 21:13:04,373 - INFO - Found alternative horse block structure with 3 links
2025-06-18 21:13:04,373 - INFO - Found alternative horse block structure with 3 links
2025-06-18 21:13:04,374 - INFO - Found alternative horse block structure with 3 links
2025-06-18 21:13:04,374 - INFO - Found alternative horse block structure with 3 links
2025-06-18 21:13:04,375 - INFO - Found alternative horse block structure with 3 links
2025-06-18 21:13:04,375 - INFO - Found alternative horse block structure with 3 links
2025-06-18 21:13:04,419 - INFO - Found likely first place horse via structure analysis: Golden Phase
2025-06-18 21:13:04,426 - INFO - Found potential first place horse with background styling
2025-06-18 21:13:04,426 - INFO - Found potential first place horse with background styling
2025-06-18 21:13:04,427 - INFO - Found potential first place horse with background styling
2025-06-18 21:13:04,427 - INFO - Found potential first place horse with background styling
2025-06-18 21:13:04,427 - INFO - Found potential first place horse with background styling
2025-06-18 21:13:04,427 - INFO - Found potential first place horse with background styling
2025-06-18 21:13:04,429 - INFO - Found 14 horse entries for https://www.racingtv.com/results/2025-06-15/salisbury/1523 using multiple detection methods
2025-06-18 21:13:04,429 - INFO - Processing sub block #1 for https://www.racingtv.com/results/2025-06-15/salisbury/1523
2025-06-18 21:13:04,430 - INFO - Found 3 <a> tags - Horse: Graecia (IRE), Jockey: Rob Hornby (claim: 0), Trainer: C E Longsdon
2025-06-18 21:13:04,432 - INFO - Position/Length - Found 2 children: Position: 7th, Lost by: 13 l
2025-06-18 21:13:04,432 - INFO - Extracted: Graecia (IRE) - Position: 7th, Lost by: 13 l, Jockey: Rob Hornby (claim: 0), Trainer: C E Longsdon, Age: 4, Weight: 9-9t, Rating: 73
2025-06-18 21:13:04,432 - INFO - Processing sub block #2 for https://www.racingtv.com/results/2025-06-15/salisbury/1523
2025-06-18 21:13:04,432 - INFO - Found 3 <a> tags - Horse: Sunny Corner, Jockey: Rossa Ryan (claim: 0), Trainer: W S Kittow
2025-06-18 21:13:04,434 - INFO - Position/Length - Found 2 children: Position: 6th, Lost by: 2 3/4 l
2025-06-18 21:13:04,434 - INFO - Extracted: Sunny Corner - Position: 6th, Lost by: 2 3/4 l, Jockey: Rossa Ryan (claim: 0), Trainer: W S Kittow, Age: 4, Weight: 9-5, Rating: 69
2025-06-18 21:13:04,434 - INFO - Processing sub block #3 for https://www.racingtv.com/results/2025-06-15/salisbury/1523
2025-06-18 21:13:04,434 - INFO - Found 3 <a> tags - Horse: Didaar (IRE), Jockey: Gianluca Sanna (claim: 5), Trainer: I Mohammed
2025-06-18 21:13:04,436 - INFO - Position/Length - Found 2 children: Position: 5th, Lost by: 1 l
2025-06-18 21:13:04,436 - INFO - Extracted: Didaar (IRE) - Position: 5th, Lost by: 1 l, Jockey: Gianluca Sanna (claim: 5), Trainer: I Mohammed, Age: 4, Weight: 9-8, Rating: 72
2025-06-18 21:13:04,436 - INFO - Processing sub block #4 for https://www.racingtv.com/results/2025-06-15/salisbury/1523
2025-06-18 21:13:04,436 - INFO - Found 3 <a> tags - Horse: Racing Demon, Jockey: P Cosgrave (claim: 0), Trainer: E De Giles
2025-06-18 21:13:04,438 - INFO - Position/Length - Found 2 children: Position: 4th, Lost by: 1 1/4 l
2025-06-18 21:13:04,438 - INFO - Extracted: Racing Demon - Position: 4th, Lost by: 1 1/4 l, Jockey: P Cosgrave (claim: 0), Trainer: E De Giles, Age: 5, Weight: 8-11h, Rating: 61
2025-06-18 21:13:04,438 - INFO - Processing sub block #5 for https://www.racingtv.com/results/2025-06-15/salisbury/1523
2025-06-18 21:13:04,438 - INFO - Found 3 <a> tags - Horse: Tribal Wisdom (IRE), Jockey: R Kingscote (claim: 0), Trainer: Ian Williams
2025-06-18 21:13:04,440 - INFO - Position/Length - Found 2 children: Position: 3rd, Lost by: Neck
2025-06-18 21:13:04,440 - INFO - Extracted: Tribal Wisdom (IRE) - Position: 3rd, Lost by: Neck, Jockey: R Kingscote (claim: 0), Trainer: Ian Williams, Age: 6, Weight: 9-9, Rating: 73
2025-06-18 21:13:04,440 - INFO - Processing sub block #6 for https://www.racingtv.com/results/2025-06-15/salisbury/1523
2025-06-18 21:13:04,441 - INFO - Found 3 <a> tags - Horse: Sugarloaf Lenny (IRE), Jockey: Brandon Wilkie (claim: 3), Trainer: W J Knight
2025-06-18 21:13:04,442 - INFO - Position/Length - Found 2 children: Position: 2nd, Lost by: 2 l
2025-06-18 21:13:04,442 - INFO - Extracted: Sugarloaf Lenny (IRE) - Position: 2nd, Lost by: 2 l, Jockey: Brandon Wilkie (claim: 3), Trainer: W J Knight, Age: 4, Weight: 9-7, Rating: 71
2025-06-18 21:13:04,443 - INFO - Processing sub block #7 for https://www.racingtv.com/results/2025-06-15/salisbury/1523
2025-06-18 21:13:04,443 - INFO - Found 3 <a> tags - Horse: Golden Phase, Jockey: Hollie Doyle (claim: 0), Trainer: D J Coakley
2025-06-18 21:13:04,445 - INFO - Position/Length - Found 1 children: Position: 1st, Lost by: N/A
2025-06-18 21:13:04,445 - INFO - Confirmed winner: Golden Phase
2025-06-18 21:13:04,445 - INFO - Extracted: Golden Phase - Position: 1st, Lost by: N/A, Jockey: Hollie Doyle (claim: 0), Trainer: D J Coakley, Age: 5, Weight: 8-13, Rating: 63
2025-06-18 21:13:04,445 - INFO - Processing sub block #8 for https://www.racingtv.com/results/2025-06-15/salisbury/1523
2025-06-18 21:13:04,445 - INFO - Found 3 <a> tags - Horse: Graecia (IRE), Jockey: Rob Hornby (claim: 0), Trainer: C E Longsdon
2025-06-18 21:13:04,446 - INFO - Position/Length - Found 2 children: Position: 7th, Lost by: 13 l
2025-06-18 21:13:04,446 - INFO - Extracted: Graecia (IRE) - Position: 7th, Lost by: 13 l, Jockey: Rob Hornby (claim: 0), Trainer: C E Longsdon, Age: 4, Weight: 9-9t, Rating: 73
2025-06-18 21:13:04,446 - INFO - Processing sub block #9 for https://www.racingtv.com/results/2025-06-15/salisbury/1523
2025-06-18 21:13:04,446 - INFO - Found 3 <a> tags - Horse: Sunny Corner, Jockey: Rossa Ryan (claim: 0), Trainer: W S Kittow
2025-06-18 21:13:04,446 - INFO - Position/Length - Found 2 children: Position: 6th, Lost by: 2 3/4 l
2025-06-18 21:13:04,447 - INFO - Extracted: Sunny Corner - Position: 6th, Lost by: 2 3/4 l, Jockey: Rossa Ryan (claim: 0), Trainer: W S Kittow, Age: 4, Weight: 9-5, Rating: 69
2025-06-18 21:13:04,447 - INFO - Processing sub block #10 for https://www.racingtv.com/results/2025-06-15/salisbury/1523
2025-06-18 21:13:04,447 - INFO - Found 3 <a> tags - Horse: Didaar (IRE), Jockey: Gianluca Sanna (claim: 5), Trainer: I Mohammed
2025-06-18 21:13:04,448 - INFO - Position/Length - Found 2 children: Position: 5th, Lost by: 1 l
2025-06-18 21:13:04,448 - INFO - Extracted: Didaar (IRE) - Position: 5th, Lost by: 1 l, Jockey: Gianluca Sanna (claim: 5), Trainer: I Mohammed, Age: 4, Weight: 9-8, Rating: 72
2025-06-18 21:13:04,448 - INFO - Processing sub block #11 for https://www.racingtv.com/results/2025-06-15/salisbury/1523
2025-06-18 21:13:04,448 - INFO - Found 3 <a> tags - Horse: Racing Demon, Jockey: P Cosgrave (claim: 0), Trainer: E De Giles
2025-06-18 21:13:04,448 - INFO - Position/Length - Found 2 children: Position: 4th, Lost by: 1 1/4 l
2025-06-18 21:13:04,449 - INFO - Extracted: Racing Demon - Position: 4th, Lost by: 1 1/4 l, Jockey: P Cosgrave (claim: 0), Trainer: E De Giles, Age: 5, Weight: 8-11h, Rating: 61
2025-06-18 21:13:04,449 - INFO - Processing sub block #12 for https://www.racingtv.com/results/2025-06-15/salisbury/1523
2025-06-18 21:13:04,449 - INFO - Found 3 <a> tags - Horse: Tribal Wisdom (IRE), Jockey: R Kingscote (claim: 0), Trainer: Ian Williams
2025-06-18 21:13:04,449 - INFO - Position/Length - Found 2 children: Position: 3rd, Lost by: Neck
2025-06-18 21:13:04,450 - INFO - Extracted: Tribal Wisdom (IRE) - Position: 3rd, Lost by: Neck, Jockey: R Kingscote (claim: 0), Trainer: Ian Williams, Age: 6, Weight: 9-9, Rating: 73
2025-06-18 21:13:04,450 - INFO - Processing sub block #13 for https://www.racingtv.com/results/2025-06-15/salisbury/1523
2025-06-18 21:13:04,450 - INFO - Found 3 <a> tags - Horse: Sugarloaf Lenny (IRE), Jockey: Brandon Wilkie (claim: 3), Trainer: W J Knight
2025-06-18 21:13:04,450 - INFO - Position/Length - Found 2 children: Position: 2nd, Lost by: 2 l
2025-06-18 21:13:04,450 - INFO - Extracted: Sugarloaf Lenny (IRE) - Position: 2nd, Lost by: 2 l, Jockey: Brandon Wilkie (claim: 3), Trainer: W J Knight, Age: 4, Weight: 9-7, Rating: 71
2025-06-18 21:13:04,451 - INFO - Processing sub block #14 for https://www.racingtv.com/results/2025-06-15/salisbury/1523
2025-06-18 21:13:04,451 - INFO - Found 3 <a> tags - Horse: Golden Phase, Jockey: Hollie Doyle (claim: 0), Trainer: D J Coakley
2025-06-18 21:13:04,451 - INFO - Position/Length - Found 1 children: Position: 1st, Lost by: N/A
2025-06-18 21:13:04,451 - INFO - Extracted: Golden Phase - Position: 1st, Lost by: N/A, Jockey: Hollie Doyle (claim: 0), Trainer: D J Coakley, Age: 5, Weight: 8-13, Rating: 63
2025-06-18 21:13:04,451 - INFO - Successfully extracted 14/14 horse records from https://www.racingtv.com/results/2025-06-15/salisbury/1523
2025-06-18 21:13:04,452 - INFO - :) First place horse found successfully
2025-06-18 21:13:04,452 - INFO - :) First place horse found successfully
2025-06-18 21:13:04,452 - INFO - :) First place horse found successfully
2025-06-18 21:13:04,452 - INFO - :) First place horse found successfully
2025-06-18 21:13:04,452 - INFO - :) First place horse found successfully
2025-06-18 21:13:04,452 - INFO - :) First place horse found successfully
2025-06-18 21:13:04,452 - INFO - :) First place horse found successfully
2025-06-18 21:13:04,452 - INFO - :) First place horse found successfully
2025-06-18 21:13:04,452 - INFO - :) First place horse found successfully
2025-06-18 21:13:04,452 - INFO - :) First place horse found successfully
2025-06-18 21:13:04,452 - INFO - :) First place horse found successfully
2025-06-18 21:13:04,452 - INFO - :) First place horse found successfully
2025-06-18 21:13:04,452 - INFO - :) First place horse found successfully
2025-06-18 21:13:04,452 - INFO - :) First place horse found successfully
2025-06-18 21:13:04,452 - INFO - :) First place horse found successfully
2025-06-18 21:13:04,453 - INFO - Successfully parsed 14 horse records from: https://www.racingtv.com/results/2025-06-15/salisbury/1523
2025-06-18 21:13:04,453 - INFO - Waiting 3 seconds before next request...
2025-06-18 21:13:07,455 - INFO - Batch 1 - URL 12/22: https://www.racingtv.com/results/2025-06-15/salisbury/1600
2025-06-18 21:13:07,456 - INFO - Loading page with Selenium: https://www.racingtv.com/results/2025-06-15/salisbury/1600
2025-06-18 21:13:13,373 - INFO - Racing main block detected for: https://www.racingtv.com/results/2025-06-15/salisbury/1600
2025-06-18 21:13:13,433 - INFO - Successfully loaded page: https://www.racingtv.com/results/2025-06-15/salisbury/1600
2025-06-18 21:13:13,869 - INFO - Extracted race info - Track: Salisbury Racing Results | 15th June 2025 16:00, Date: N/A, Time: 16:00
2025-06-18 21:13:13,870 - INFO - Found 2nd h3 tag: Good To Firm (Good In Places)  2YO only 6f Winner: £7,560 (10 runners)
2025-06-18 21:13:13,870 - INFO - Extracted - Going: Good To Firm (Good In Places), Distance: 6f
2025-06-18 21:13:13,871 - INFO - Extracting racing data from: https://www.racingtv.com/results/2025-06-15/salisbury/1600
2025-06-18 21:13:13,906 - INFO - Processing main block #1 for https://www.racingtv.com/results/2025-06-15/salisbury/1600
2025-06-18 21:13:13,942 - INFO - Checking 2nd child of main block for first place horse...
2025-06-18 21:13:13,956 - INFO - Found alternative horse block structure with 3 links
2025-06-18 21:13:13,957 - INFO - Found alternative horse block structure with 3 links
2025-06-18 21:13:13,958 - INFO - Found alternative horse block structure with 3 links
2025-06-18 21:13:13,958 - INFO - Found alternative horse block structure with 3 links
2025-06-18 21:13:13,959 - INFO - Found alternative horse block structure with 3 links
2025-06-18 21:13:13,959 - INFO - Found alternative horse block structure with 3 links
2025-06-18 21:13:13,960 - INFO - Found alternative horse block structure with 3 links
2025-06-18 21:13:13,960 - INFO - Found alternative horse block structure with 3 links
2025-06-18 21:13:13,961 - INFO - Found alternative horse block structure with 3 links
2025-06-18 21:13:13,961 - INFO - Found alternative horse block structure with 3 links
2025-06-18 21:13:14,027 - INFO - Found likely first place horse via structure analysis: Italica
2025-06-18 21:13:14,037 - INFO - Found potential first place horse with background styling
2025-06-18 21:13:14,037 - INFO - Found potential first place horse with background styling
2025-06-18 21:13:14,037 - INFO - Found potential first place horse with background styling
2025-06-18 21:13:14,037 - INFO - Found potential first place horse with background styling
2025-06-18 21:13:14,038 - INFO - Found potential first place horse with background styling
2025-06-18 21:13:14,038 - INFO - Found potential first place horse with background styling
2025-06-18 21:13:14,038 - INFO - Found potential first place horse with background styling
2025-06-18 21:13:14,039 - INFO - Found potential first place horse with background styling
2025-06-18 21:13:14,039 - INFO - Found potential first place horse with background styling
2025-06-18 21:13:14,046 - INFO - Found 20 horse entries for https://www.racingtv.com/results/2025-06-15/salisbury/1600 using multiple detection methods
2025-06-18 21:13:14,046 - INFO - Processing sub block #1 for https://www.racingtv.com/results/2025-06-15/salisbury/1600
2025-06-18 21:13:14,047 - INFO - Found 3 <a> tags - Horse: Dark Mandate, Jockey: Hollie Doyle (claim: 0), Trainer: C Hills
2025-06-18 21:13:14,051 - INFO - Position/Length - Found 2 children: Position: 10th, Lost by: 2 1/2 l
2025-06-18 21:13:14,051 - INFO - Extracted: Dark Mandate - Position: 10th, Lost by: 2 1/2 l, Jockey: Hollie Doyle (claim: 0), Trainer: C Hills, Age: 2, Weight: 9-4, Rating: -
2025-06-18 21:13:14,051 - INFO - Processing sub block #2 for https://www.racingtv.com/results/2025-06-15/salisbury/1600
2025-06-18 21:13:14,052 - INFO - Found 3 <a> tags - Horse: Ajuda Road, Jockey: Rossa Ryan (claim: 0), Trainer: R M Beckett
2025-06-18 21:13:14,056 - INFO - Position/Length - Found 2 children: Position: 9th, Lost by: Neck
2025-06-18 21:13:14,056 - INFO - Extracted: Ajuda Road - Position: 9th, Lost by: Neck, Jockey: Rossa Ryan (claim: 0), Trainer: R M Beckett, Age: 2, Weight: 9-4, Rating: -
2025-06-18 21:13:14,056 - INFO - Processing sub block #3 for https://www.racingtv.com/results/2025-06-15/salisbury/1600
2025-06-18 21:13:14,057 - INFO - Found 3 <a> tags - Horse: Berkshire Boom (IRE), Jockey: Rob Hornby (claim: 0), Trainer: A M Balding
2025-06-18 21:13:14,060 - INFO - Position/Length - Found 2 children: Position: 8th, Lost by: 3/4 l
2025-06-18 21:13:14,060 - INFO - Extracted: Berkshire Boom (IRE) - Position: 8th, Lost by: 3/4 l, Jockey: Rob Hornby (claim: 0), Trainer: A M Balding, Age: 2, Weight: 9-4, Rating: -
2025-06-18 21:13:14,060 - INFO - Processing sub block #4 for https://www.racingtv.com/results/2025-06-15/salisbury/1600
2025-06-18 21:13:14,061 - INFO - Found 3 <a> tags - Horse: Dublin Bay (IRE), Jockey: Daniel Muscutt (claim: 0), Trainer: Ollie Sangster
2025-06-18 21:13:14,062 - INFO - Position/Length - Found 2 children: Position: 7th, Lost by: 4 l
2025-06-18 21:13:14,062 - INFO - Extracted: Dublin Bay (IRE) - Position: 7th, Lost by: 4 l, Jockey: Daniel Muscutt (claim: 0), Trainer: Ollie Sangster, Age: 2, Weight: 9-4, Rating: -
2025-06-18 21:13:14,063 - INFO - Processing sub block #5 for https://www.racingtv.com/results/2025-06-15/salisbury/1600
2025-06-18 21:13:14,063 - INFO - Found 3 <a> tags - Horse: French Affair (IRE), Jockey: S Hitchcott (claim: 0), Trainer: R Hannon
2025-06-18 21:13:14,064 - INFO - Position/Length - Found 2 children: Position: 6th, Lost by: 1 1/2 l
2025-06-18 21:13:14,065 - INFO - Extracted: French Affair (IRE) - Position: 6th, Lost by: 1 1/2 l, Jockey: S Hitchcott (claim: 0), Trainer: R Hannon, Age: 2, Weight: 9-4, Rating: -
2025-06-18 21:13:14,065 - INFO - Processing sub block #6 for https://www.racingtv.com/results/2025-06-15/salisbury/1600
2025-06-18 21:13:14,065 - INFO - Found 3 <a> tags - Horse: Golden Brown (IRE), Jockey: Hector Crouch (claim: 0), Trainer: E Walker
2025-06-18 21:13:14,066 - INFO - Position/Length - Found 2 children: Position: 5th, Lost by: 2 1/4 l
2025-06-18 21:13:14,067 - INFO - Extracted: Golden Brown (IRE) - Position: 5th, Lost by: 2 1/4 l, Jockey: Hector Crouch (claim: 0), Trainer: E Walker, Age: 2, Weight: 9-4, Rating: -
2025-06-18 21:13:14,067 - INFO - Processing sub block #7 for https://www.racingtv.com/results/2025-06-15/salisbury/1600
2025-06-18 21:13:14,067 - INFO - Found 3 <a> tags - Horse: Orion's Belt (IRE), Jockey: S M Levey (claim: 0), Trainer: R Hannon
2025-06-18 21:13:14,069 - INFO - Position/Length - Found 2 children: Position: 4th, Lost by: Neck
2025-06-18 21:13:14,069 - INFO - Extracted: Orion's Belt (IRE) - Position: 4th, Lost by: Neck, Jockey: S M Levey (claim: 0), Trainer: R Hannon, Age: 2, Weight: 8-13, Rating: -
2025-06-18 21:13:14,069 - INFO - Processing sub block #8 for https://www.racingtv.com/results/2025-06-15/salisbury/1600
2025-06-18 21:13:14,069 - INFO - Found 3 <a> tags - Horse: Spirit Of Saxony (IRE), Jockey: Charles Bishop (claim: 0), Trainer: Eve Johnson Houghton
2025-06-18 21:13:14,071 - INFO - Position/Length - Found 2 children: Position: 3rd, Lost by: 1/2 l
2025-06-18 21:13:14,071 - INFO - Extracted: Spirit Of Saxony (IRE) - Position: 3rd, Lost by: 1/2 l, Jockey: Charles Bishop (claim: 0), Trainer: Eve Johnson Houghton, Age: 2, Weight: 9-4, Rating: -
2025-06-18 21:13:14,071 - INFO - Processing sub block #9 for https://www.racingtv.com/results/2025-06-15/salisbury/1600
2025-06-18 21:13:14,071 - INFO - Found 3 <a> tags - Horse: First Time (IRE), Jockey: T E Whelan (claim: 0), Trainer: Harry Charlton
2025-06-18 21:13:14,076 - INFO - Position/Length - Found 2 children: Position: 2nd, Lost by: Head
2025-06-18 21:13:14,076 - INFO - Extracted: First Time (IRE) - Position: 2nd, Lost by: Head, Jockey: T E Whelan (claim: 0), Trainer: Harry Charlton, Age: 2, Weight: 9-4, Rating: -
2025-06-18 21:13:14,076 - INFO - Processing sub block #10 for https://www.racingtv.com/results/2025-06-15/salisbury/1600
2025-06-18 21:13:14,077 - INFO - Found 3 <a> tags - Horse: Italica, Jockey: R Kingscote (claim: 0), Trainer: Tom Dascombe
2025-06-18 21:13:14,081 - INFO - Position/Length - Found 1 children: Position: 1st, Lost by: N/A
2025-06-18 21:13:14,081 - INFO - Confirmed winner: Italica
2025-06-18 21:13:14,081 - INFO - Extracted: Italica - Position: 1st, Lost by: N/A, Jockey: R Kingscote (claim: 0), Trainer: Tom Dascombe, Age: 2, Weight: 9-11, Rating: -
2025-06-18 21:13:14,081 - INFO - Processing sub block #11 for https://www.racingtv.com/results/2025-06-15/salisbury/1600
2025-06-18 21:13:14,082 - INFO - Found 3 <a> tags - Horse: Dark Mandate, Jockey: Hollie Doyle (claim: 0), Trainer: C Hills
2025-06-18 21:13:14,083 - INFO - Position/Length - Found 2 children: Position: 10th, Lost by: 2 1/2 l
2025-06-18 21:13:14,083 - INFO - Extracted: Dark Mandate - Position: 10th, Lost by: 2 1/2 l, Jockey: Hollie Doyle (claim: 0), Trainer: C Hills, Age: 2, Weight: 9-4, Rating: -
2025-06-18 21:13:14,083 - INFO - Processing sub block #12 for https://www.racingtv.com/results/2025-06-15/salisbury/1600
2025-06-18 21:13:14,084 - INFO - Found 3 <a> tags - Horse: Ajuda Road, Jockey: Rossa Ryan (claim: 0), Trainer: R M Beckett
2025-06-18 21:13:14,085 - INFO - Position/Length - Found 2 children: Position: 9th, Lost by: Neck
2025-06-18 21:13:14,085 - INFO - Extracted: Ajuda Road - Position: 9th, Lost by: Neck, Jockey: Rossa Ryan (claim: 0), Trainer: R M Beckett, Age: 2, Weight: 9-4, Rating: -
2025-06-18 21:13:14,085 - INFO - Processing sub block #13 for https://www.racingtv.com/results/2025-06-15/salisbury/1600
2025-06-18 21:13:14,086 - INFO - Found 3 <a> tags - Horse: Berkshire Boom (IRE), Jockey: Rob Hornby (claim: 0), Trainer: A M Balding
2025-06-18 21:13:14,087 - INFO - Position/Length - Found 2 children: Position: 8th, Lost by: 3/4 l
2025-06-18 21:13:14,087 - INFO - Extracted: Berkshire Boom (IRE) - Position: 8th, Lost by: 3/4 l, Jockey: Rob Hornby (claim: 0), Trainer: A M Balding, Age: 2, Weight: 9-4, Rating: -
2025-06-18 21:13:14,087 - INFO - Processing sub block #14 for https://www.racingtv.com/results/2025-06-15/salisbury/1600
2025-06-18 21:13:14,088 - INFO - Found 3 <a> tags - Horse: Dublin Bay (IRE), Jockey: Daniel Muscutt (claim: 0), Trainer: Ollie Sangster
2025-06-18 21:13:14,089 - INFO - Position/Length - Found 2 children: Position: 7th, Lost by: 4 l
2025-06-18 21:13:14,089 - INFO - Extracted: Dublin Bay (IRE) - Position: 7th, Lost by: 4 l, Jockey: Daniel Muscutt (claim: 0), Trainer: Ollie Sangster, Age: 2, Weight: 9-4, Rating: -
2025-06-18 21:13:14,089 - INFO - Processing sub block #15 for https://www.racingtv.com/results/2025-06-15/salisbury/1600
2025-06-18 21:13:14,089 - INFO - Found 3 <a> tags - Horse: French Affair (IRE), Jockey: S Hitchcott (claim: 0), Trainer: R Hannon
2025-06-18 21:13:14,090 - INFO - Position/Length - Found 2 children: Position: 6th, Lost by: 1 1/2 l
2025-06-18 21:13:14,090 - INFO - Extracted: French Affair (IRE) - Position: 6th, Lost by: 1 1/2 l, Jockey: S Hitchcott (claim: 0), Trainer: R Hannon, Age: 2, Weight: 9-4, Rating: -
2025-06-18 21:13:14,090 - INFO - Processing sub block #16 for https://www.racingtv.com/results/2025-06-15/salisbury/1600
2025-06-18 21:13:14,090 - INFO - Found 3 <a> tags - Horse: Golden Brown (IRE), Jockey: Hector Crouch (claim: 0), Trainer: E Walker
2025-06-18 21:13:14,091 - INFO - Position/Length - Found 2 children: Position: 5th, Lost by: 2 1/4 l
2025-06-18 21:13:14,091 - INFO - Extracted: Golden Brown (IRE) - Position: 5th, Lost by: 2 1/4 l, Jockey: Hector Crouch (claim: 0), Trainer: E Walker, Age: 2, Weight: 9-4, Rating: -
2025-06-18 21:13:14,092 - INFO - Processing sub block #17 for https://www.racingtv.com/results/2025-06-15/salisbury/1600
2025-06-18 21:13:14,092 - INFO - Found 3 <a> tags - Horse: Orion's Belt (IRE), Jockey: S M Levey (claim: 0), Trainer: R Hannon
2025-06-18 21:13:14,092 - INFO - Position/Length - Found 2 children: Position: 4th, Lost by: Neck
2025-06-18 21:13:14,092 - INFO - Extracted: Orion's Belt (IRE) - Position: 4th, Lost by: Neck, Jockey: S M Levey (claim: 0), Trainer: R Hannon, Age: 2, Weight: 8-13, Rating: -
2025-06-18 21:13:14,093 - INFO - Processing sub block #18 for https://www.racingtv.com/results/2025-06-15/salisbury/1600
2025-06-18 21:13:14,093 - INFO - Found 3 <a> tags - Horse: Spirit Of Saxony (IRE), Jockey: Charles Bishop (claim: 0), Trainer: Eve Johnson Houghton
2025-06-18 21:13:14,093 - INFO - Position/Length - Found 2 children: Position: 3rd, Lost by: 1/2 l
2025-06-18 21:13:14,093 - INFO - Extracted: Spirit Of Saxony (IRE) - Position: 3rd, Lost by: 1/2 l, Jockey: Charles Bishop (claim: 0), Trainer: Eve Johnson Houghton, Age: 2, Weight: 9-4, Rating: -
2025-06-18 21:13:14,094 - INFO - Processing sub block #19 for https://www.racingtv.com/results/2025-06-15/salisbury/1600
2025-06-18 21:13:14,094 - INFO - Found 3 <a> tags - Horse: First Time (IRE), Jockey: T E Whelan (claim: 0), Trainer: Harry Charlton
2025-06-18 21:13:14,094 - INFO - Position/Length - Found 2 children: Position: 2nd, Lost by: Head
2025-06-18 21:13:14,094 - INFO - Extracted: First Time (IRE) - Position: 2nd, Lost by: Head, Jockey: T E Whelan (claim: 0), Trainer: Harry Charlton, Age: 2, Weight: 9-4, Rating: -
2025-06-18 21:13:14,095 - INFO - Processing sub block #20 for https://www.racingtv.com/results/2025-06-15/salisbury/1600
2025-06-18 21:13:14,095 - INFO - Found 3 <a> tags - Horse: Italica, Jockey: R Kingscote (claim: 0), Trainer: Tom Dascombe
2025-06-18 21:13:14,095 - INFO - Position/Length - Found 1 children: Position: 1st, Lost by: N/A
2025-06-18 21:13:14,095 - INFO - Extracted: Italica - Position: 1st, Lost by: N/A, Jockey: R Kingscote (claim: 0), Trainer: Tom Dascombe, Age: 2, Weight: 9-11, Rating: -
2025-06-18 21:13:14,095 - INFO - Successfully extracted 20/20 horse records from https://www.racingtv.com/results/2025-06-15/salisbury/1600
2025-06-18 21:13:14,096 - INFO - :) First place horse found successfully
2025-06-18 21:13:14,096 - INFO - :) First place horse found successfully
2025-06-18 21:13:14,096 - INFO - :) First place horse found successfully
2025-06-18 21:13:14,096 - INFO - :) First place horse found successfully
2025-06-18 21:13:14,096 - INFO - :) First place horse found successfully
2025-06-18 21:13:14,096 - INFO - :) First place horse found successfully
2025-06-18 21:13:14,096 - INFO - :) First place horse found successfully
2025-06-18 21:13:14,096 - INFO - :) First place horse found successfully
2025-06-18 21:13:14,096 - INFO - :) First place horse found successfully
2025-06-18 21:13:14,096 - INFO - :) First place horse found successfully
2025-06-18 21:13:14,096 - INFO - :) First place horse found successfully
2025-06-18 21:13:14,096 - INFO - :) First place horse found successfully
2025-06-18 21:13:14,097 - INFO - :) First place horse found successfully
2025-06-18 21:13:14,097 - INFO - :) First place horse found successfully
2025-06-18 21:13:14,097 - INFO - :) First place horse found successfully
2025-06-18 21:13:14,097 - INFO - :) First place horse found successfully
2025-06-18 21:13:14,097 - INFO - :) First place horse found successfully
2025-06-18 21:13:14,097 - INFO - :) First place horse found successfully
2025-06-18 21:13:14,097 - INFO - :) First place horse found successfully
2025-06-18 21:13:14,097 - INFO - :) First place horse found successfully
2025-06-18 21:13:14,097 - INFO - :) First place horse found successfully
2025-06-18 21:13:14,097 - INFO - Successfully parsed 20 horse records from: https://www.racingtv.com/results/2025-06-15/salisbury/1600
2025-06-18 21:13:14,097 - INFO - Waiting 3 seconds before next request...
2025-06-18 21:13:17,099 - INFO - Batch 1 - URL 13/22: https://www.racingtv.com/results/2025-06-15/salisbury/1630
2025-06-18 21:13:17,099 - INFO - Loading page with Selenium: https://www.racingtv.com/results/2025-06-15/salisbury/1630
2025-06-18 21:13:23,163 - INFO - Racing main block detected for: https://www.racingtv.com/results/2025-06-15/salisbury/1630
2025-06-18 21:13:23,212 - INFO - Successfully loaded page: https://www.racingtv.com/results/2025-06-15/salisbury/1630
2025-06-18 21:13:23,413 - INFO - Extracted race info - Track: Salisbury Racing Results | 15th June 2025 16:30, Date: N/A, Time: 16:30
2025-06-18 21:13:23,414 - INFO - Found 2nd h3 tag: Good To Firm (Good In Places)  3YO+ 1m 1f 201y Winner: £20,616 (4 runners)
2025-06-18 21:13:23,414 - INFO - Extracted - Going: Good To Firm (Good In Places), Distance: 1m 1f 201y
2025-06-18 21:13:23,414 - INFO - Extracting racing data from: https://www.racingtv.com/results/2025-06-15/salisbury/1630
2025-06-18 21:13:23,433 - INFO - Processing main block #1 for https://www.racingtv.com/results/2025-06-15/salisbury/1630
2025-06-18 21:13:23,450 - INFO - Checking 2nd child of main block for first place horse...
2025-06-18 21:13:23,456 - INFO - Found alternative horse block structure with 3 links
2025-06-18 21:13:23,456 - INFO - Found alternative horse block structure with 3 links
2025-06-18 21:13:23,457 - INFO - Found alternative horse block structure with 3 links
2025-06-18 21:13:23,457 - INFO - Found alternative horse block structure with 3 links
2025-06-18 21:13:23,485 - INFO - Found likely first place horse via structure analysis: Nanino Niyati
2025-06-18 21:13:23,489 - INFO - Found potential first place horse with background styling
2025-06-18 21:13:23,489 - INFO - Found potential first place horse with background styling
2025-06-18 21:13:23,489 - INFO - Found potential first place horse with background styling
2025-06-18 21:13:23,490 - INFO - Found 8 horse entries for https://www.racingtv.com/results/2025-06-15/salisbury/1630 using multiple detection methods
2025-06-18 21:13:23,490 - INFO - Processing sub block #1 for https://www.racingtv.com/results/2025-06-15/salisbury/1630
2025-06-18 21:13:23,490 - INFO - Found 3 <a> tags - Horse: Mission Possible, Jockey: Hollie Doyle (claim: 0), Trainer: W J Haggas
2025-06-18 21:13:23,492 - INFO - Position/Length - Found 2 children: Position: 4th, Lost by: 1 1/4 l
2025-06-18 21:13:23,492 - INFO - Extracted: Mission Possible - Position: 4th, Lost by: 1 1/4 l, Jockey: Hollie Doyle (claim: 0), Trainer: W J Haggas, Age: 3, Weight: 9-2, Rating: -
2025-06-18 21:13:23,492 - INFO - Processing sub block #2 for https://www.racingtv.com/results/2025-06-15/salisbury/1630
2025-06-18 21:13:23,492 - INFO - Found 3 <a> tags - Horse: Wujjood (IRE), Jockey: Jim Crowley (claim: 0), Trainer: W J Haggas
2025-06-18 21:13:23,494 - INFO - Position/Length - Found 2 children: Position: 3rd, Lost by: 2 l
2025-06-18 21:13:23,494 - INFO - Extracted: Wujjood (IRE) - Position: 3rd, Lost by: 2 l, Jockey: Jim Crowley (claim: 0), Trainer: W J Haggas, Age: 3, Weight: 9-2, Rating: -
2025-06-18 21:13:23,495 - INFO - Processing sub block #3 for https://www.racingtv.com/results/2025-06-15/salisbury/1630
2025-06-18 21:13:23,495 - INFO - Found 3 <a> tags - Horse: Bintalina, Jockey: S De Sousa (claim: 0), Trainer: R Varian
2025-06-18 21:13:23,497 - INFO - Position/Length - Found 2 children: Position: 2nd, Lost by: 5 l
2025-06-18 21:13:23,497 - INFO - Extracted: Bintalina - Position: 2nd, Lost by: 5 l, Jockey: S De Sousa (claim: 0), Trainer: R Varian, Age: 3, Weight: 9-2, Rating: -
2025-06-18 21:13:23,497 - INFO - Processing sub block #4 for https://www.racingtv.com/results/2025-06-15/salisbury/1630
2025-06-18 21:13:23,497 - INFO - Found 3 <a> tags - Horse: Nanino Niyati, Jockey: R Kingscote (claim: 0), Trainer: D & C Kubler
2025-06-18 21:13:23,501 - INFO - Position/Length - Found 1 children: Position: 1st, Lost by: N/A
2025-06-18 21:13:23,501 - INFO - Confirmed winner: Nanino Niyati
2025-06-18 21:13:23,502 - INFO - Extracted: Nanino Niyati - Position: 1st, Lost by: N/A, Jockey: R Kingscote (claim: 0), Trainer: D & C Kubler, Age: 3, Weight: 9-2, Rating: -
2025-06-18 21:13:23,502 - INFO - Processing sub block #5 for https://www.racingtv.com/results/2025-06-15/salisbury/1630
2025-06-18 21:13:23,502 - INFO - Found 3 <a> tags - Horse: Mission Possible, Jockey: Hollie Doyle (claim: 0), Trainer: W J Haggas
2025-06-18 21:13:23,502 - INFO - Position/Length - Found 2 children: Position: 4th, Lost by: 1 1/4 l
2025-06-18 21:13:23,502 - INFO - Extracted: Mission Possible - Position: 4th, Lost by: 1 1/4 l, Jockey: Hollie Doyle (claim: 0), Trainer: W J Haggas, Age: 3, Weight: 9-2, Rating: -
2025-06-18 21:13:23,503 - INFO - Processing sub block #6 for https://www.racingtv.com/results/2025-06-15/salisbury/1630
2025-06-18 21:13:23,503 - INFO - Found 3 <a> tags - Horse: Wujjood (IRE), Jockey: Jim Crowley (claim: 0), Trainer: W J Haggas
2025-06-18 21:13:23,503 - INFO - Position/Length - Found 2 children: Position: 3rd, Lost by: 2 l
2025-06-18 21:13:23,503 - INFO - Extracted: Wujjood (IRE) - Position: 3rd, Lost by: 2 l, Jockey: Jim Crowley (claim: 0), Trainer: W J Haggas, Age: 3, Weight: 9-2, Rating: -
2025-06-18 21:13:23,503 - INFO - Processing sub block #7 for https://www.racingtv.com/results/2025-06-15/salisbury/1630
2025-06-18 21:13:23,504 - INFO - Found 3 <a> tags - Horse: Bintalina, Jockey: S De Sousa (claim: 0), Trainer: R Varian
2025-06-18 21:13:23,504 - INFO - Position/Length - Found 2 children: Position: 2nd, Lost by: 5 l
2025-06-18 21:13:23,504 - INFO - Extracted: Bintalina - Position: 2nd, Lost by: 5 l, Jockey: S De Sousa (claim: 0), Trainer: R Varian, Age: 3, Weight: 9-2, Rating: -
2025-06-18 21:13:23,504 - INFO - Processing sub block #8 for https://www.racingtv.com/results/2025-06-15/salisbury/1630
2025-06-18 21:13:23,505 - INFO - Found 3 <a> tags - Horse: Nanino Niyati, Jockey: R Kingscote (claim: 0), Trainer: D & C Kubler
2025-06-18 21:13:23,505 - INFO - Position/Length - Found 1 children: Position: 1st, Lost by: N/A
2025-06-18 21:13:23,505 - INFO - Extracted: Nanino Niyati - Position: 1st, Lost by: N/A, Jockey: R Kingscote (claim: 0), Trainer: D & C Kubler, Age: 3, Weight: 9-2, Rating: -
2025-06-18 21:13:23,505 - INFO - Successfully extracted 8/8 horse records from https://www.racingtv.com/results/2025-06-15/salisbury/1630
2025-06-18 21:13:23,505 - INFO - :) First place horse found successfully
2025-06-18 21:13:23,505 - INFO - :) First place horse found successfully
2025-06-18 21:13:23,505 - INFO - :) First place horse found successfully
2025-06-18 21:13:23,506 - INFO - :) First place horse found successfully
2025-06-18 21:13:23,506 - INFO - :) First place horse found successfully
2025-06-18 21:13:23,506 - INFO - :) First place horse found successfully
2025-06-18 21:13:23,506 - INFO - :) First place horse found successfully
2025-06-18 21:13:23,506 - INFO - :) First place horse found successfully
2025-06-18 21:13:23,506 - INFO - :) First place horse found successfully
2025-06-18 21:13:23,506 - INFO - Successfully parsed 8 horse records from: https://www.racingtv.com/results/2025-06-15/salisbury/1630
2025-06-18 21:13:23,506 - INFO - Waiting 3 seconds before next request...
2025-06-18 21:13:26,507 - INFO - Batch 1 - URL 14/22: https://www.racingtv.com/results/2025-06-15/salisbury/1700
2025-06-18 21:13:26,507 - INFO - Loading page with Selenium: https://www.racingtv.com/results/2025-06-15/salisbury/1700
2025-06-18 21:13:32,441 - INFO - Racing main block detected for: https://www.racingtv.com/results/2025-06-15/salisbury/1700
2025-06-18 21:13:32,490 - INFO - Successfully loaded page: https://www.racingtv.com/results/2025-06-15/salisbury/1700
2025-06-18 21:13:32,824 - INFO - Extracted race info - Track: Salisbury Racing Results | 15th June 2025 17:00, Date: N/A, Time: 17:00
2025-06-18 21:13:32,826 - INFO - Found 2nd h3 tag: Good To Firm (Good In Places)  4YO+ 6f 213y Winner: £5,888 (9 runners)
2025-06-18 21:13:32,826 - INFO - Extracted - Going: Good To Firm (Good In Places), Distance: 6f 213y
2025-06-18 21:13:32,826 - INFO - Extracting racing data from: https://www.racingtv.com/results/2025-06-15/salisbury/1700
2025-06-18 21:13:32,862 - INFO - Processing main block #1 for https://www.racingtv.com/results/2025-06-15/salisbury/1700
2025-06-18 21:13:32,898 - INFO - Checking 2nd child of main block for first place horse...
2025-06-18 21:13:32,910 - INFO - Found alternative horse block structure with 3 links
2025-06-18 21:13:32,911 - INFO - Found alternative horse block structure with 3 links
2025-06-18 21:13:32,911 - INFO - Found alternative horse block structure with 3 links
2025-06-18 21:13:32,912 - INFO - Found alternative horse block structure with 3 links
2025-06-18 21:13:32,912 - INFO - Found alternative horse block structure with 3 links
2025-06-18 21:13:32,913 - INFO - Found alternative horse block structure with 3 links
2025-06-18 21:13:32,913 - INFO - Found alternative horse block structure with 3 links
2025-06-18 21:13:32,914 - INFO - Found alternative horse block structure with 3 links
2025-06-18 21:13:32,914 - INFO - Found alternative horse block structure with 3 links
2025-06-18 21:13:32,975 - INFO - Found likely first place horse via structure analysis: Crimson Spirit
2025-06-18 21:13:32,984 - INFO - Found potential first place horse with background styling
2025-06-18 21:13:32,984 - INFO - Found potential first place horse with background styling
2025-06-18 21:13:32,984 - INFO - Found potential first place horse with background styling
2025-06-18 21:13:32,985 - INFO - Found potential first place horse with background styling
2025-06-18 21:13:32,985 - INFO - Found potential first place horse with background styling
2025-06-18 21:13:32,985 - INFO - Found potential first place horse with background styling
2025-06-18 21:13:32,986 - INFO - Found potential first place horse with background styling
2025-06-18 21:13:32,986 - INFO - Found potential first place horse with background styling
2025-06-18 21:13:32,988 - INFO - Found 18 horse entries for https://www.racingtv.com/results/2025-06-15/salisbury/1700 using multiple detection methods
2025-06-18 21:13:32,988 - INFO - Processing sub block #1 for https://www.racingtv.com/results/2025-06-15/salisbury/1700
2025-06-18 21:13:32,989 - INFO - Found 3 <a> tags - Horse: Newsreader (IRE), Jockey: Daniel Muscutt (claim: 0), Trainer: K P De Foy
2025-06-18 21:13:32,990 - INFO - Position/Length - Found 2 children: Position: 9th, Lost by: 5 l
2025-06-18 21:13:32,990 - INFO - Extracted: Newsreader (IRE) - Position: 9th, Lost by: 5 l, Jockey: Daniel Muscutt (claim: 0), Trainer: K P De Foy, Age: 4, Weight: 9-11, Rating: 80
2025-06-18 21:13:32,991 - INFO - Processing sub block #2 for https://www.racingtv.com/results/2025-06-15/salisbury/1700
2025-06-18 21:13:32,991 - INFO - Found 3 <a> tags - Horse: Makes Sense (IRE), Jockey: Hector Crouch (claim: 0), Trainer: Eve Johnson Houghton
2025-06-18 21:13:32,993 - INFO - Position/Length - Found 2 children: Position: 8th, Lost by: 1 3/4 l
2025-06-18 21:13:32,993 - INFO - Extracted: Makes Sense (IRE) - Position: 8th, Lost by: 1 3/4 l, Jockey: Hector Crouch (claim: 0), Trainer: Eve Johnson Houghton, Age: 4, Weight: 9-1, Rating: 70
2025-06-18 21:13:32,993 - INFO - Processing sub block #3 for https://www.racingtv.com/results/2025-06-15/salisbury/1700
2025-06-18 21:13:32,993 - INFO - Found 3 <a> tags - Horse: Little Boy Blue, Jockey: Harry Kimber (claim: 0), Trainer: W G M Turner
2025-06-18 21:13:32,995 - INFO - Position/Length - Found 2 children: Position: 7th, Lost by: Neck
2025-06-18 21:13:32,995 - INFO - Extracted: Little Boy Blue - Position: 7th, Lost by: Neck, Jockey: Harry Kimber (claim: 0), Trainer: W G M Turner, Age: 10, Weight: 9-7p, Rating: 76
2025-06-18 21:13:32,995 - INFO - Processing sub block #4 for https://www.racingtv.com/results/2025-06-15/salisbury/1700
2025-06-18 21:13:32,996 - INFO - Found 3 <a> tags - Horse: Snuggle, Jockey: Marco Ghiani (claim: 0), Trainer: C Hobson
2025-06-18 21:13:32,997 - INFO - Position/Length - Found 2 children: Position: 6th, Lost by: 1 1/4 l
2025-06-18 21:13:32,997 - INFO - Extracted: Snuggle - Position: 6th, Lost by: 1 1/4 l, Jockey: Marco Ghiani (claim: 0), Trainer: C Hobson, Age: 5, Weight: 8-7, Rating: 62
2025-06-18 21:13:32,997 - INFO - Processing sub block #5 for https://www.racingtv.com/results/2025-06-15/salisbury/1700
2025-06-18 21:13:32,998 - INFO - Found 3 <a> tags - Horse: Redredrobin, Jockey: Jack Callan (claim: 7), Trainer: M S Saunders
2025-06-18 21:13:33,000 - INFO - Position/Length - Found 2 children: Position: 5th, Lost by: 1/2 l
2025-06-18 21:13:33,000 - INFO - Extracted: Redredrobin - Position: 5th, Lost by: 1/2 l, Jockey: Jack Callan (claim: 7), Trainer: M S Saunders, Age: 8, Weight: 9-1, Rating: 70
2025-06-18 21:13:33,000 - INFO - Processing sub block #6 for https://www.racingtv.com/results/2025-06-15/salisbury/1700
2025-06-18 21:13:33,000 - INFO - Found 3 <a> tags - Horse: Bell Shot (IRE), Jockey: S De Sousa (claim: 0), Trainer: M Appleby
2025-06-18 21:13:33,002 - INFO - Position/Length - Found 2 children: Position: 4th, Lost by: 2 l
2025-06-18 21:13:33,002 - INFO - Extracted: Bell Shot (IRE) - Position: 4th, Lost by: 2 l, Jockey: S De Sousa (claim: 0), Trainer: M Appleby, Age: 6, Weight: 9-7p, Rating: 76
2025-06-18 21:13:33,002 - INFO - Processing sub block #7 for https://www.racingtv.com/results/2025-06-15/salisbury/1700
2025-06-18 21:13:33,002 - INFO - Found 3 <a> tags - Horse: Hodler (GER), Jockey: Luke Catton (claim: 5), Trainer: J R Boyle
2025-06-18 21:13:33,004 - INFO - Position/Length - Found 2 children: Position: 3rd, Lost by: 3 1/4 l
2025-06-18 21:13:33,004 - INFO - Extracted: Hodler (GER) - Position: 3rd, Lost by: 3 1/4 l, Jockey: Luke Catton (claim: 5), Trainer: J R Boyle, Age: 6, Weight: 9-9, Rating: 78
2025-06-18 21:13:33,004 - INFO - Processing sub block #8 for https://www.racingtv.com/results/2025-06-15/salisbury/1700
2025-06-18 21:13:33,004 - INFO - Found 3 <a> tags - Horse: Noel Fox (IRE), Jockey: Rossa Ryan (claim: 0), Trainer: R M Beckett
2025-06-18 21:13:33,006 - INFO - Position/Length - Found 2 children: Position: 2nd, Lost by: 1 1/4 l
2025-06-18 21:13:33,006 - INFO - Extracted: Noel Fox (IRE) - Position: 2nd, Lost by: 1 1/4 l, Jockey: Rossa Ryan (claim: 0), Trainer: R M Beckett, Age: 4, Weight: 9-7, Rating: 76
2025-06-18 21:13:33,006 - INFO - Processing sub block #9 for https://www.racingtv.com/results/2025-06-15/salisbury/1700
2025-06-18 21:13:33,007 - INFO - Found 3 <a> tags - Horse: Crimson Spirit, Jockey: R Kingscote (claim: 0), Trainer: D & C Kubler
2025-06-18 21:13:33,008 - INFO - Position/Length - Found 1 children: Position: 1st, Lost by: N/A
2025-06-18 21:13:33,008 - INFO - Confirmed winner: Crimson Spirit
2025-06-18 21:13:33,008 - INFO - Extracted: Crimson Spirit - Position: 1st, Lost by: N/A, Jockey: R Kingscote (claim: 0), Trainer: D & C Kubler, Age: 4, Weight: 9-7, Rating: 76
2025-06-18 21:13:33,009 - INFO - Processing sub block #10 for https://www.racingtv.com/results/2025-06-15/salisbury/1700
2025-06-18 21:13:33,009 - INFO - Found 3 <a> tags - Horse: Newsreader (IRE), Jockey: Daniel Muscutt (claim: 0), Trainer: K P De Foy
2025-06-18 21:13:33,009 - INFO - Position/Length - Found 2 children: Position: 9th, Lost by: 5 l
2025-06-18 21:13:33,009 - INFO - Extracted: Newsreader (IRE) - Position: 9th, Lost by: 5 l, Jockey: Daniel Muscutt (claim: 0), Trainer: K P De Foy, Age: 4, Weight: 9-11, Rating: 80
2025-06-18 21:13:33,009 - INFO - Processing sub block #11 for https://www.racingtv.com/results/2025-06-15/salisbury/1700
2025-06-18 21:13:33,010 - INFO - Found 3 <a> tags - Horse: Makes Sense (IRE), Jockey: Hector Crouch (claim: 0), Trainer: Eve Johnson Houghton
2025-06-18 21:13:33,011 - INFO - Position/Length - Found 2 children: Position: 8th, Lost by: 1 3/4 l
2025-06-18 21:13:33,011 - INFO - Extracted: Makes Sense (IRE) - Position: 8th, Lost by: 1 3/4 l, Jockey: Hector Crouch (claim: 0), Trainer: Eve Johnson Houghton, Age: 4, Weight: 9-1, Rating: 70
2025-06-18 21:13:33,011 - INFO - Processing sub block #12 for https://www.racingtv.com/results/2025-06-15/salisbury/1700
2025-06-18 21:13:33,011 - INFO - Found 3 <a> tags - Horse: Little Boy Blue, Jockey: Harry Kimber (claim: 0), Trainer: W G M Turner
2025-06-18 21:13:33,012 - INFO - Position/Length - Found 2 children: Position: 7th, Lost by: Neck
2025-06-18 21:13:33,012 - INFO - Extracted: Little Boy Blue - Position: 7th, Lost by: Neck, Jockey: Harry Kimber (claim: 0), Trainer: W G M Turner, Age: 10, Weight: 9-7p, Rating: 76
2025-06-18 21:13:33,012 - INFO - Processing sub block #13 for https://www.racingtv.com/results/2025-06-15/salisbury/1700
2025-06-18 21:13:33,012 - INFO - Found 3 <a> tags - Horse: Snuggle, Jockey: Marco Ghiani (claim: 0), Trainer: C Hobson
2025-06-18 21:13:33,013 - INFO - Position/Length - Found 2 children: Position: 6th, Lost by: 1 1/4 l
2025-06-18 21:13:33,013 - INFO - Extracted: Snuggle - Position: 6th, Lost by: 1 1/4 l, Jockey: Marco Ghiani (claim: 0), Trainer: C Hobson, Age: 5, Weight: 8-7, Rating: 62
2025-06-18 21:13:33,013 - INFO - Processing sub block #14 for https://www.racingtv.com/results/2025-06-15/salisbury/1700
2025-06-18 21:13:33,013 - INFO - Found 3 <a> tags - Horse: Redredrobin, Jockey: Jack Callan (claim: 7), Trainer: M S Saunders
2025-06-18 21:13:33,014 - INFO - Position/Length - Found 2 children: Position: 5th, Lost by: 1/2 l
2025-06-18 21:13:33,014 - INFO - Extracted: Redredrobin - Position: 5th, Lost by: 1/2 l, Jockey: Jack Callan (claim: 7), Trainer: M S Saunders, Age: 8, Weight: 9-1, Rating: 70
2025-06-18 21:13:33,014 - INFO - Processing sub block #15 for https://www.racingtv.com/results/2025-06-15/salisbury/1700
2025-06-18 21:13:33,014 - INFO - Found 3 <a> tags - Horse: Bell Shot (IRE), Jockey: S De Sousa (claim: 0), Trainer: M Appleby
2025-06-18 21:13:33,015 - INFO - Position/Length - Found 2 children: Position: 4th, Lost by: 2 l
2025-06-18 21:13:33,015 - INFO - Extracted: Bell Shot (IRE) - Position: 4th, Lost by: 2 l, Jockey: S De Sousa (claim: 0), Trainer: M Appleby, Age: 6, Weight: 9-7p, Rating: 76
2025-06-18 21:13:33,015 - INFO - Processing sub block #16 for https://www.racingtv.com/results/2025-06-15/salisbury/1700
2025-06-18 21:13:33,015 - INFO - Found 3 <a> tags - Horse: Hodler (GER), Jockey: Luke Catton (claim: 5), Trainer: J R Boyle
2025-06-18 21:13:33,016 - INFO - Position/Length - Found 2 children: Position: 3rd, Lost by: 3 1/4 l
2025-06-18 21:13:33,016 - INFO - Extracted: Hodler (GER) - Position: 3rd, Lost by: 3 1/4 l, Jockey: Luke Catton (claim: 5), Trainer: J R Boyle, Age: 6, Weight: 9-9, Rating: 78
2025-06-18 21:13:33,016 - INFO - Processing sub block #17 for https://www.racingtv.com/results/2025-06-15/salisbury/1700
2025-06-18 21:13:33,016 - INFO - Found 3 <a> tags - Horse: Noel Fox (IRE), Jockey: Rossa Ryan (claim: 0), Trainer: R M Beckett
2025-06-18 21:13:33,017 - INFO - Position/Length - Found 2 children: Position: 2nd, Lost by: 1 1/4 l
2025-06-18 21:13:33,017 - INFO - Extracted: Noel Fox (IRE) - Position: 2nd, Lost by: 1 1/4 l, Jockey: Rossa Ryan (claim: 0), Trainer: R M Beckett, Age: 4, Weight: 9-7, Rating: 76
2025-06-18 21:13:33,017 - INFO - Processing sub block #18 for https://www.racingtv.com/results/2025-06-15/salisbury/1700
2025-06-18 21:13:33,017 - INFO - Found 3 <a> tags - Horse: Crimson Spirit, Jockey: R Kingscote (claim: 0), Trainer: D & C Kubler
2025-06-18 21:13:33,017 - INFO - Position/Length - Found 1 children: Position: 1st, Lost by: N/A
2025-06-18 21:13:33,017 - INFO - Extracted: Crimson Spirit - Position: 1st, Lost by: N/A, Jockey: R Kingscote (claim: 0), Trainer: D & C Kubler, Age: 4, Weight: 9-7, Rating: 76
2025-06-18 21:13:33,018 - INFO - Successfully extracted 18/18 horse records from https://www.racingtv.com/results/2025-06-15/salisbury/1700
2025-06-18 21:13:33,018 - INFO - :) First place horse found successfully
2025-06-18 21:13:33,018 - INFO - :) First place horse found successfully
2025-06-18 21:13:33,018 - INFO - :) First place horse found successfully
2025-06-18 21:13:33,018 - INFO - :) First place horse found successfully
2025-06-18 21:13:33,018 - INFO - :) First place horse found successfully
2025-06-18 21:13:33,018 - INFO - :) First place horse found successfully
2025-06-18 21:13:33,018 - INFO - :) First place horse found successfully
2025-06-18 21:13:33,018 - INFO - :) First place horse found successfully
2025-06-18 21:13:33,018 - INFO - :) First place horse found successfully
2025-06-18 21:13:33,018 - INFO - :) First place horse found successfully
2025-06-18 21:13:33,019 - INFO - :) First place horse found successfully
2025-06-18 21:13:33,019 - INFO - :) First place horse found successfully
2025-06-18 21:13:33,019 - INFO - :) First place horse found successfully
2025-06-18 21:13:33,019 - INFO - :) First place horse found successfully
2025-06-18 21:13:33,019 - INFO - :) First place horse found successfully
2025-06-18 21:13:33,019 - INFO - :) First place horse found successfully
2025-06-18 21:13:33,019 - INFO - :) First place horse found successfully
2025-06-18 21:13:33,019 - INFO - :) First place horse found successfully
2025-06-18 21:13:33,019 - INFO - :) First place horse found successfully
2025-06-18 21:13:33,019 - INFO - Successfully parsed 18 horse records from: https://www.racingtv.com/results/2025-06-15/salisbury/1700
2025-06-18 21:13:33,019 - INFO - Waiting 3 seconds before next request...
2025-06-18 21:13:36,021 - INFO - Batch 1 - URL 15/22: https://www.racingtv.com/results/2025-06-15/salisbury/1730
2025-06-18 21:13:36,021 - INFO - Loading page with Selenium: https://www.racingtv.com/results/2025-06-15/salisbury/1730
2025-06-18 21:13:41,852 - INFO - Racing main block detected for: https://www.racingtv.com/results/2025-06-15/salisbury/1730
2025-06-18 21:13:41,893 - INFO - Successfully loaded page: https://www.racingtv.com/results/2025-06-15/salisbury/1730
2025-06-18 21:13:42,269 - INFO - Extracted race info - Track: Salisbury Racing Results | 15th June 2025 17:30, Date: N/A, Time: 17:30
2025-06-18 21:13:42,271 - INFO - Found 2nd h3 tag: Good To Firm (Good In Places)  4YO+ 1m 4f 5y Winner: £4,580 (7 runners)
2025-06-18 21:13:42,271 - INFO - Extracted - Going: Good To Firm (Good In Places), Distance: 1m 4f 5y
2025-06-18 21:13:42,271 - INFO - Extracting racing data from: https://www.racingtv.com/results/2025-06-15/salisbury/1730
2025-06-18 21:13:42,304 - INFO - Processing main block #1 for https://www.racingtv.com/results/2025-06-15/salisbury/1730
2025-06-18 21:13:42,342 - INFO - Checking 2nd child of main block for first place horse...
2025-06-18 21:13:42,359 - INFO - Found alternative horse block structure with 3 links
2025-06-18 21:13:42,359 - INFO - Found alternative horse block structure with 3 links
2025-06-18 21:13:42,360 - INFO - Found alternative horse block structure with 3 links
2025-06-18 21:13:42,360 - INFO - Found alternative horse block structure with 3 links
2025-06-18 21:13:42,361 - INFO - Found alternative horse block structure with 3 links
2025-06-18 21:13:42,362 - INFO - Found alternative horse block structure with 3 links
2025-06-18 21:13:42,362 - INFO - Found alternative horse block structure with 3 links
2025-06-18 21:13:42,408 - INFO - Found likely first place horse via structure analysis: Moon Angel
2025-06-18 21:13:42,417 - INFO - Found potential first place horse with background styling
2025-06-18 21:13:42,417 - INFO - Found potential first place horse with background styling
2025-06-18 21:13:42,417 - INFO - Found potential first place horse with background styling
2025-06-18 21:13:42,418 - INFO - Found potential first place horse with background styling
2025-06-18 21:13:42,418 - INFO - Found potential first place horse with background styling
2025-06-18 21:13:42,418 - INFO - Found potential first place horse with background styling
2025-06-18 21:13:42,420 - INFO - Found 14 horse entries for https://www.racingtv.com/results/2025-06-15/salisbury/1730 using multiple detection methods
2025-06-18 21:13:42,420 - INFO - Processing sub block #1 for https://www.racingtv.com/results/2025-06-15/salisbury/1730
2025-06-18 21:13:42,421 - INFO - Found 3 <a> tags - Horse: Fair Dinkum (IRE), Jockey: Rob Hornby (claim: 0), Trainer: J Scott
2025-06-18 21:13:42,422 - INFO - Position/Length - Found 2 children: Position: 7th, Lost by: 7 l
2025-06-18 21:13:42,423 - INFO - Extracted: Fair Dinkum (IRE) - Position: 7th, Lost by: 7 l, Jockey: Rob Hornby (claim: 0), Trainer: J Scott, Age: 5, Weight: 9-2tp, Rating: 61
2025-06-18 21:13:42,423 - INFO - Processing sub block #2 for https://www.racingtv.com/results/2025-06-15/salisbury/1730
2025-06-18 21:13:42,423 - INFO - Found 3 <a> tags - Horse: Eton Blue (IRE), Jockey: P Cosgrave (claim: 0), Trainer: George Baker
2025-06-18 21:13:42,425 - INFO - Position/Length - Found 2 children: Position: 6th, Lost by: 27 l
2025-06-18 21:13:42,425 - INFO - Extracted: Eton Blue (IRE) - Position: 6th, Lost by: 27 l, Jockey: P Cosgrave (claim: 0), Trainer: George Baker, Age: 7, Weight: 9-3, Rating: 62
2025-06-18 21:13:42,425 - INFO - Processing sub block #3 for https://www.racingtv.com/results/2025-06-15/salisbury/1730
2025-06-18 21:13:42,425 - INFO - Found 3 <a> tags - Horse: Shady Bay (IRE), Jockey: S M Levey (claim: 0), Trainer: T Ward
2025-06-18 21:13:42,427 - INFO - Position/Length - Found 2 children: Position: 5th, Lost by: 1 1/2 l
2025-06-18 21:13:42,427 - INFO - Extracted: Shady Bay (IRE) - Position: 5th, Lost by: 1 1/2 l, Jockey: S M Levey (claim: 0), Trainer: T Ward, Age: 4, Weight: 9-5t, Rating: 64
2025-06-18 21:13:42,428 - INFO - Processing sub block #4 for https://www.racingtv.com/results/2025-06-15/salisbury/1730
2025-06-18 21:13:42,428 - INFO - Found 3 <a> tags - Horse: Marioento, Jockey: Jack Callan (claim: 7), Trainer: G Boughey
2025-06-18 21:13:42,430 - INFO - Position/Length - Found 2 children: Position: 4th, Lost by: 13 l
2025-06-18 21:13:42,431 - INFO - Extracted: Marioento - Position: 4th, Lost by: 13 l, Jockey: Jack Callan (claim: 7), Trainer: G Boughey, Age: 4, Weight: 9-10tb, Rating: 69
2025-06-18 21:13:42,431 - INFO - Processing sub block #5 for https://www.racingtv.com/results/2025-06-15/salisbury/1730
2025-06-18 21:13:42,431 - INFO - Found 3 <a> tags - Horse: Forest Hills (IRE), Jockey: Hector Crouch (claim: 0), Trainer: B R Millman
2025-06-18 21:13:42,434 - INFO - Position/Length - Found 2 children: Position: 3rd, Lost by: 4 1/4 l
2025-06-18 21:13:42,434 - INFO - Extracted: Forest Hills (IRE) - Position: 3rd, Lost by: 4 1/4 l, Jockey: Hector Crouch (claim: 0), Trainer: B R Millman, Age: 4, Weight: 9-5, Rating: 64
2025-06-18 21:13:42,434 - INFO - Processing sub block #6 for https://www.racingtv.com/results/2025-06-15/salisbury/1730
2025-06-18 21:13:42,434 - INFO - Found 3 <a> tags - Horse: Spectacular Style, Jockey: R Kingscote (claim: 0), Trainer: Ian Williams
2025-06-18 21:13:42,436 - INFO - Position/Length - Found 2 children: Position: 2nd, Lost by: 1 3/4 l
2025-06-18 21:13:42,436 - INFO - Extracted: Spectacular Style - Position: 2nd, Lost by: 1 3/4 l, Jockey: R Kingscote (claim: 0), Trainer: Ian Williams, Age: 5, Weight: 9-0, Rating: 59
2025-06-18 21:13:42,436 - INFO - Processing sub block #7 for https://www.racingtv.com/results/2025-06-15/salisbury/1730
2025-06-18 21:13:42,436 - INFO - Found 3 <a> tags - Horse: Moon Angel, Jockey: Marco Ghiani (claim: 0), Trainer: S C Williams
2025-06-18 21:13:42,438 - INFO - Position/Length - Found 1 children: Position: 1st, Lost by: N/A
2025-06-18 21:13:42,438 - INFO - Confirmed winner: Moon Angel
2025-06-18 21:13:42,438 - INFO - Extracted: Moon Angel - Position: 1st, Lost by: N/A, Jockey: Marco Ghiani (claim: 0), Trainer: S C Williams, Age: 4, Weight: 9-9, Rating: 68
2025-06-18 21:13:42,438 - INFO - Processing sub block #8 for https://www.racingtv.com/results/2025-06-15/salisbury/1730
2025-06-18 21:13:42,439 - INFO - Found 3 <a> tags - Horse: Fair Dinkum (IRE), Jockey: Rob Hornby (claim: 0), Trainer: J Scott
2025-06-18 21:13:42,439 - INFO - Position/Length - Found 2 children: Position: 7th, Lost by: 7 l
2025-06-18 21:13:42,439 - INFO - Extracted: Fair Dinkum (IRE) - Position: 7th, Lost by: 7 l, Jockey: Rob Hornby (claim: 0), Trainer: J Scott, Age: 5, Weight: 9-2tp, Rating: 61
2025-06-18 21:13:42,439 - INFO - Processing sub block #9 for https://www.racingtv.com/results/2025-06-15/salisbury/1730
2025-06-18 21:13:42,440 - INFO - Found 3 <a> tags - Horse: Eton Blue (IRE), Jockey: P Cosgrave (claim: 0), Trainer: George Baker
2025-06-18 21:13:42,440 - INFO - Position/Length - Found 2 children: Position: 6th, Lost by: 27 l
2025-06-18 21:13:42,440 - INFO - Extracted: Eton Blue (IRE) - Position: 6th, Lost by: 27 l, Jockey: P Cosgrave (claim: 0), Trainer: George Baker, Age: 7, Weight: 9-3, Rating: 62
2025-06-18 21:13:42,440 - INFO - Processing sub block #10 for https://www.racingtv.com/results/2025-06-15/salisbury/1730
2025-06-18 21:13:42,441 - INFO - Found 3 <a> tags - Horse: Shady Bay (IRE), Jockey: S M Levey (claim: 0), Trainer: T Ward
2025-06-18 21:13:42,441 - INFO - Position/Length - Found 2 children: Position: 5th, Lost by: 1 1/2 l
2025-06-18 21:13:42,441 - INFO - Extracted: Shady Bay (IRE) - Position: 5th, Lost by: 1 1/2 l, Jockey: S M Levey (claim: 0), Trainer: T Ward, Age: 4, Weight: 9-5t, Rating: 64
2025-06-18 21:13:42,441 - INFO - Processing sub block #11 for https://www.racingtv.com/results/2025-06-15/salisbury/1730
2025-06-18 21:13:42,442 - INFO - Found 3 <a> tags - Horse: Marioento, Jockey: Jack Callan (claim: 7), Trainer: G Boughey
2025-06-18 21:13:42,442 - INFO - Position/Length - Found 2 children: Position: 4th, Lost by: 13 l
2025-06-18 21:13:42,442 - INFO - Extracted: Marioento - Position: 4th, Lost by: 13 l, Jockey: Jack Callan (claim: 7), Trainer: G Boughey, Age: 4, Weight: 9-10tb, Rating: 69
2025-06-18 21:13:42,442 - INFO - Processing sub block #12 for https://www.racingtv.com/results/2025-06-15/salisbury/1730
2025-06-18 21:13:42,443 - INFO - Found 3 <a> tags - Horse: Forest Hills (IRE), Jockey: Hector Crouch (claim: 0), Trainer: B R Millman
2025-06-18 21:13:42,443 - INFO - Position/Length - Found 2 children: Position: 3rd, Lost by: 4 1/4 l
2025-06-18 21:13:42,443 - INFO - Extracted: Forest Hills (IRE) - Position: 3rd, Lost by: 4 1/4 l, Jockey: Hector Crouch (claim: 0), Trainer: B R Millman, Age: 4, Weight: 9-5, Rating: 64
2025-06-18 21:13:42,443 - INFO - Processing sub block #13 for https://www.racingtv.com/results/2025-06-15/salisbury/1730
2025-06-18 21:13:42,444 - INFO - Found 3 <a> tags - Horse: Spectacular Style, Jockey: R Kingscote (claim: 0), Trainer: Ian Williams
2025-06-18 21:13:42,444 - INFO - Position/Length - Found 2 children: Position: 2nd, Lost by: 1 3/4 l
2025-06-18 21:13:42,444 - INFO - Extracted: Spectacular Style - Position: 2nd, Lost by: 1 3/4 l, Jockey: R Kingscote (claim: 0), Trainer: Ian Williams, Age: 5, Weight: 9-0, Rating: 59
2025-06-18 21:13:42,444 - INFO - Processing sub block #14 for https://www.racingtv.com/results/2025-06-15/salisbury/1730
2025-06-18 21:13:42,445 - INFO - Found 3 <a> tags - Horse: Moon Angel, Jockey: Marco Ghiani (claim: 0), Trainer: S C Williams
2025-06-18 21:13:42,445 - INFO - Position/Length - Found 1 children: Position: 1st, Lost by: N/A
2025-06-18 21:13:42,445 - INFO - Extracted: Moon Angel - Position: 1st, Lost by: N/A, Jockey: Marco Ghiani (claim: 0), Trainer: S C Williams, Age: 4, Weight: 9-9, Rating: 68
2025-06-18 21:13:42,446 - INFO - Successfully extracted 14/14 horse records from https://www.racingtv.com/results/2025-06-15/salisbury/1730
2025-06-18 21:13:42,446 - INFO - :) First place horse found successfully
2025-06-18 21:13:42,446 - INFO - :) First place horse found successfully
2025-06-18 21:13:42,446 - INFO - :) First place horse found successfully
2025-06-18 21:13:42,446 - INFO - :) First place horse found successfully
2025-06-18 21:13:42,446 - INFO - :) First place horse found successfully
2025-06-18 21:13:42,446 - INFO - :) First place horse found successfully
2025-06-18 21:13:42,446 - INFO - :) First place horse found successfully
2025-06-18 21:13:42,446 - INFO - :) First place horse found successfully
2025-06-18 21:13:42,446 - INFO - :) First place horse found successfully
2025-06-18 21:13:42,446 - INFO - :) First place horse found successfully
2025-06-18 21:13:42,446 - INFO - :) First place horse found successfully
2025-06-18 21:13:42,446 - INFO - :) First place horse found successfully
2025-06-18 21:13:42,446 - INFO - :) First place horse found successfully
2025-06-18 21:13:42,447 - INFO - :) First place horse found successfully
2025-06-18 21:13:42,447 - INFO - :) First place horse found successfully
2025-06-18 21:13:42,447 - INFO - Successfully parsed 14 horse records from: https://www.racingtv.com/results/2025-06-15/salisbury/1730
2025-06-18 21:13:42,447 - INFO - Waiting 3 seconds before next request...
2025-06-18 21:13:45,449 - INFO - Batch 1 - URL 16/22: https://www.racingtv.com/results/2025-06-15/hamilton-park/1545
2025-06-18 21:13:45,449 - INFO - Loading page with Selenium: https://www.racingtv.com/results/2025-06-15/hamilton-park/1545
2025-06-18 21:13:51,268 - INFO - Racing main block detected for: https://www.racingtv.com/results/2025-06-15/hamilton-park/1545
2025-06-18 21:13:51,317 - INFO - Successfully loaded page: https://www.racingtv.com/results/2025-06-15/hamilton-park/1545
2025-06-18 21:13:51,538 - INFO - Extracted race info - Track: N/A, Date: N/A, Time: 15:45
2025-06-18 21:13:51,539 - INFO - Found 2nd h3 tag: Good To Soft  2YO only 6f 6y Winner: £11,097 (5 runners)
2025-06-18 21:13:51,539 - INFO - Extracted - Going: Good To Soft, Distance: 6f 6y
2025-06-18 21:13:51,540 - INFO - Extracting racing data from: https://www.racingtv.com/results/2025-06-15/hamilton-park/1545
2025-06-18 21:13:51,562 - INFO - Processing main block #1 for https://www.racingtv.com/results/2025-06-15/hamilton-park/1545
2025-06-18 21:13:51,580 - INFO - Checking 2nd child of main block for first place horse...
2025-06-18 21:13:51,588 - INFO - Found alternative horse block structure with 3 links
2025-06-18 21:13:51,589 - INFO - Found alternative horse block structure with 3 links
2025-06-18 21:13:51,589 - INFO - Found alternative horse block structure with 3 links
2025-06-18 21:13:51,590 - INFO - Found alternative horse block structure with 3 links
2025-06-18 21:13:51,590 - INFO - Found alternative horse block structure with 3 links
2025-06-18 21:13:51,625 - INFO - Found likely first place horse via structure analysis: Gesayed
2025-06-18 21:13:51,630 - INFO - Found potential first place horse with background styling
2025-06-18 21:13:51,630 - INFO - Found potential first place horse with background styling
2025-06-18 21:13:51,631 - INFO - Found potential first place horse with background styling
2025-06-18 21:13:51,631 - INFO - Found potential first place horse with background styling
2025-06-18 21:13:51,632 - INFO - Found 10 horse entries for https://www.racingtv.com/results/2025-06-15/hamilton-park/1545 using multiple detection methods
2025-06-18 21:13:51,632 - INFO - Processing sub block #1 for https://www.racingtv.com/results/2025-06-15/hamilton-park/1545
2025-06-18 21:13:51,632 - INFO - Found 3 <a> tags - Horse: Masai Angel (FR), Jockey: O J Orr (claim: 0), Trainer: R A Fahey
2025-06-18 21:13:51,634 - INFO - Position/Length - Found 2 children: Position: 5th, Lost by: 41 l
2025-06-18 21:13:51,634 - INFO - Extracted: Masai Angel (FR) - Position: 5th, Lost by: 41 l, Jockey: O J Orr (claim: 0), Trainer: R A Fahey, Age: 2, Weight: 9-7, Rating: -
2025-06-18 21:13:51,634 - INFO - Processing sub block #2 for https://www.racingtv.com/results/2025-06-15/hamilton-park/1545
2025-06-18 21:13:51,635 - INFO - Found 3 <a> tags - Horse: Daizen (IRE), Jockey: D Allan (claim: 0), Trainer: R Menzies
2025-06-18 21:13:51,636 - INFO - Position/Length - Found 2 children: Position: 4th, Lost by: 10 l
2025-06-18 21:13:51,636 - INFO - Extracted: Daizen (IRE) - Position: 4th, Lost by: 10 l, Jockey: D Allan (claim: 0), Trainer: R Menzies, Age: 2, Weight: 9-7, Rating: -
2025-06-18 21:13:51,636 - INFO - Processing sub block #3 for https://www.racingtv.com/results/2025-06-15/hamilton-park/1545
2025-06-18 21:13:51,637 - INFO - Found 3 <a> tags - Horse: Vincenzo Peruggia (IRE), Jockey: D Egan (claim: 0), Trainer: C Johnston
2025-06-18 21:13:51,638 - INFO - Position/Length - Found 2 children: Position: 3rd, Lost by: 2 1/4 l
2025-06-18 21:13:51,638 - INFO - Extracted: Vincenzo Peruggia (IRE) - Position: 3rd, Lost by: 2 1/4 l, Jockey: D Egan (claim: 0), Trainer: C Johnston, Age: 2, Weight: 9-7, Rating: -
2025-06-18 21:13:51,638 - INFO - Processing sub block #4 for https://www.racingtv.com/results/2025-06-15/hamilton-park/1545
2025-06-18 21:13:51,639 - INFO - Found 3 <a> tags - Horse: Big Fun (IRE), Jockey: T Eaves (claim: 0), Trainer: K A Ryan
2025-06-18 21:13:51,640 - INFO - Position/Length - Found 2 children: Position: 2nd, Lost by: 1/2 l
2025-06-18 21:13:51,640 - INFO - Extracted: Big Fun (IRE) - Position: 2nd, Lost by: 1/2 l, Jockey: T Eaves (claim: 0), Trainer: K A Ryan, Age: 2, Weight: 9-7, Rating: -
2025-06-18 21:13:51,640 - INFO - Processing sub block #5 for https://www.racingtv.com/results/2025-06-15/hamilton-park/1545
2025-06-18 21:13:51,641 - INFO - Found 3 <a> tags - Horse: Gesayed, Jockey: C Lee (claim: 0), Trainer: K R Burke
2025-06-18 21:13:51,642 - INFO - Position/Length - Found 1 children: Position: 1st, Lost by: N/A
2025-06-18 21:13:51,642 - INFO - Confirmed winner: Gesayed
2025-06-18 21:13:51,642 - INFO - Extracted: Gesayed - Position: 1st, Lost by: N/A, Jockey: C Lee (claim: 0), Trainer: K R Burke, Age: 2, Weight: 9-2, Rating: -
2025-06-18 21:13:51,642 - INFO - Processing sub block #6 for https://www.racingtv.com/results/2025-06-15/hamilton-park/1545
2025-06-18 21:13:51,643 - INFO - Found 3 <a> tags - Horse: Masai Angel (FR), Jockey: O J Orr (claim: 0), Trainer: R A Fahey
2025-06-18 21:13:51,643 - INFO - Position/Length - Found 2 children: Position: 5th, Lost by: 41 l
2025-06-18 21:13:51,643 - INFO - Extracted: Masai Angel (FR) - Position: 5th, Lost by: 41 l, Jockey: O J Orr (claim: 0), Trainer: R A Fahey, Age: 2, Weight: 9-7, Rating: -
2025-06-18 21:13:51,643 - INFO - Processing sub block #7 for https://www.racingtv.com/results/2025-06-15/hamilton-park/1545
2025-06-18 21:13:51,644 - INFO - Found 3 <a> tags - Horse: Daizen (IRE), Jockey: D Allan (claim: 0), Trainer: R Menzies
2025-06-18 21:13:51,644 - INFO - Position/Length - Found 2 children: Position: 4th, Lost by: 10 l
2025-06-18 21:13:51,644 - INFO - Extracted: Daizen (IRE) - Position: 4th, Lost by: 10 l, Jockey: D Allan (claim: 0), Trainer: R Menzies, Age: 2, Weight: 9-7, Rating: -
2025-06-18 21:13:51,644 - INFO - Processing sub block #8 for https://www.racingtv.com/results/2025-06-15/hamilton-park/1545
2025-06-18 21:13:51,645 - INFO - Found 3 <a> tags - Horse: Vincenzo Peruggia (IRE), Jockey: D Egan (claim: 0), Trainer: C Johnston
2025-06-18 21:13:51,645 - INFO - Position/Length - Found 2 children: Position: 3rd, Lost by: 2 1/4 l
2025-06-18 21:13:51,645 - INFO - Extracted: Vincenzo Peruggia (IRE) - Position: 3rd, Lost by: 2 1/4 l, Jockey: D Egan (claim: 0), Trainer: C Johnston, Age: 2, Weight: 9-7, Rating: -
2025-06-18 21:13:51,645 - INFO - Processing sub block #9 for https://www.racingtv.com/results/2025-06-15/hamilton-park/1545
2025-06-18 21:13:51,646 - INFO - Found 3 <a> tags - Horse: Big Fun (IRE), Jockey: T Eaves (claim: 0), Trainer: K A Ryan
2025-06-18 21:13:51,646 - INFO - Position/Length - Found 2 children: Position: 2nd, Lost by: 1/2 l
2025-06-18 21:13:51,647 - INFO - Extracted: Big Fun (IRE) - Position: 2nd, Lost by: 1/2 l, Jockey: T Eaves (claim: 0), Trainer: K A Ryan, Age: 2, Weight: 9-7, Rating: -
2025-06-18 21:13:51,647 - INFO - Processing sub block #10 for https://www.racingtv.com/results/2025-06-15/hamilton-park/1545
2025-06-18 21:13:51,647 - INFO - Found 3 <a> tags - Horse: Gesayed, Jockey: C Lee (claim: 0), Trainer: K R Burke
2025-06-18 21:13:51,648 - INFO - Position/Length - Found 1 children: Position: 1st, Lost by: N/A
2025-06-18 21:13:51,648 - INFO - Extracted: Gesayed - Position: 1st, Lost by: N/A, Jockey: C Lee (claim: 0), Trainer: K R Burke, Age: 2, Weight: 9-2, Rating: -
2025-06-18 21:13:51,648 - INFO - Successfully extracted 10/10 horse records from https://www.racingtv.com/results/2025-06-15/hamilton-park/1545
2025-06-18 21:13:51,648 - INFO - :) First place horse found successfully
2025-06-18 21:13:51,648 - INFO - :) First place horse found successfully
2025-06-18 21:13:51,648 - INFO - :) First place horse found successfully
2025-06-18 21:13:51,648 - INFO - :) First place horse found successfully
2025-06-18 21:13:51,648 - INFO - :) First place horse found successfully
2025-06-18 21:13:51,648 - INFO - :) First place horse found successfully
2025-06-18 21:13:51,648 - INFO - :) First place horse found successfully
2025-06-18 21:13:51,648 - INFO - :) First place horse found successfully
2025-06-18 21:13:51,648 - INFO - :) First place horse found successfully
2025-06-18 21:13:51,649 - INFO - :) First place horse found successfully
2025-06-18 21:13:51,649 - INFO - :) First place horse found successfully
2025-06-18 21:13:51,649 - INFO - Successfully parsed 10 horse records from: https://www.racingtv.com/results/2025-06-15/hamilton-park/1545
2025-06-18 21:13:51,649 - INFO - Waiting 3 seconds before next request...
2025-06-18 21:13:54,651 - INFO - Batch 1 - URL 17/22: https://www.racingtv.com/results/2025-06-15/hamilton-park/1615
2025-06-18 21:13:54,652 - INFO - Loading page with Selenium: https://www.racingtv.com/results/2025-06-15/hamilton-park/1615
2025-06-18 21:14:00,494 - INFO - Racing main block detected for: https://www.racingtv.com/results/2025-06-15/hamilton-park/1615
2025-06-18 21:14:00,574 - INFO - Successfully loaded page: https://www.racingtv.com/results/2025-06-15/hamilton-park/1615
2025-06-18 21:14:01,096 - INFO - Extracted race info - Track: N/A, Date: N/A, Time: 16:15
2025-06-18 21:14:01,099 - INFO - Found 2nd h3 tag: Good To Soft  3YO only 6f 6y Winner: £15,462 (14 runners)
2025-06-18 21:14:01,099 - INFO - Extracted - Going: Good To Soft, Distance: 6f 6y
2025-06-18 21:14:01,099 - INFO - Extracting racing data from: https://www.racingtv.com/results/2025-06-15/hamilton-park/1615
2025-06-18 21:14:01,148 - INFO - Processing main block #1 for https://www.racingtv.com/results/2025-06-15/hamilton-park/1615
2025-06-18 21:14:01,199 - INFO - Checking 2nd child of main block for first place horse...
2025-06-18 21:14:01,219 - INFO - Found alternative horse block structure with 3 links
2025-06-18 21:14:01,220 - INFO - Found alternative horse block structure with 3 links
2025-06-18 21:14:01,220 - INFO - Found alternative horse block structure with 3 links
2025-06-18 21:14:01,220 - INFO - Found alternative horse block structure with 3 links
2025-06-18 21:14:01,221 - INFO - Found alternative horse block structure with 3 links
2025-06-18 21:14:01,221 - INFO - Found alternative horse block structure with 3 links
2025-06-18 21:14:01,221 - INFO - Found alternative horse block structure with 3 links
2025-06-18 21:14:01,222 - INFO - Found alternative horse block structure with 3 links
2025-06-18 21:14:01,222 - INFO - Found alternative horse block structure with 3 links
2025-06-18 21:14:01,223 - INFO - Found alternative horse block structure with 3 links
2025-06-18 21:14:01,223 - INFO - Found alternative horse block structure with 3 links
2025-06-18 21:14:01,223 - INFO - Found alternative horse block structure with 3 links
2025-06-18 21:14:01,224 - INFO - Found alternative horse block structure with 3 links
2025-06-18 21:14:01,224 - INFO - Found alternative horse block structure with 3 links
2025-06-18 21:14:01,305 - INFO - Found likely first place horse via structure analysis: Alpha Magic
2025-06-18 21:14:01,317 - INFO - Found potential first place horse with background styling
2025-06-18 21:14:01,318 - INFO - Found potential first place horse with background styling
2025-06-18 21:14:01,318 - INFO - Found potential first place horse with background styling
2025-06-18 21:14:01,318 - INFO - Found potential first place horse with background styling
2025-06-18 21:14:01,318 - INFO - Found potential first place horse with background styling
2025-06-18 21:14:01,319 - INFO - Found potential first place horse with background styling
2025-06-18 21:14:01,319 - INFO - Found potential first place horse with background styling
2025-06-18 21:14:01,319 - INFO - Found potential first place horse with background styling
2025-06-18 21:14:01,320 - INFO - Found potential first place horse with background styling
2025-06-18 21:14:01,320 - INFO - Found potential first place horse with background styling
2025-06-18 21:14:01,320 - INFO - Found potential first place horse with background styling
2025-06-18 21:14:01,321 - INFO - Found potential first place horse with background styling
2025-06-18 21:14:01,321 - INFO - Found potential first place horse with background styling
2025-06-18 21:14:01,325 - INFO - Found 28 horse entries for https://www.racingtv.com/results/2025-06-15/hamilton-park/1615 using multiple detection methods
2025-06-18 21:14:01,325 - INFO - Processing sub block #1 for https://www.racingtv.com/results/2025-06-15/hamilton-park/1615
2025-06-18 21:14:01,325 - INFO - Found 3 <a> tags - Horse: Beechdale, Jockey: Kaiya Fraser (claim: 0), Trainer: Miss L A Perratt
2025-06-18 21:14:01,327 - INFO - Position/Length - Found 2 children: Position: 14th, Lost by: 14 l
2025-06-18 21:14:01,327 - INFO - Extracted: Beechdale - Position: 14th, Lost by: 14 l, Jockey: Kaiya Fraser (claim: 0), Trainer: Miss L A Perratt, Age: 3, Weight: 8-13, Rating: 75
2025-06-18 21:14:01,327 - INFO - Processing sub block #2 for https://www.racingtv.com/results/2025-06-15/hamilton-park/1615
2025-06-18 21:14:01,327 - INFO - Found 3 <a> tags - Horse: Glorious Kitty (IRE), Jockey: Joanna Mason (claim: 0), Trainer: M & D Easterby
2025-06-18 21:14:01,329 - INFO - Position/Length - Found 2 children: Position: 13th, Lost by: Neck
2025-06-18 21:14:01,329 - INFO - Extracted: Glorious Kitty (IRE) - Position: 13th, Lost by: Neck, Jockey: Joanna Mason (claim: 0), Trainer: M & D Easterby, Age: 3, Weight: 8-13, Rating: 75
2025-06-18 21:14:01,329 - INFO - Processing sub block #3 for https://www.racingtv.com/results/2025-06-15/hamilton-park/1615
2025-06-18 21:14:01,330 - INFO - Found 3 <a> tags - Horse: Cabelleroso, Jockey: Jason Hart (claim: 0), Trainer: H Palmer
2025-06-18 21:14:01,331 - INFO - Position/Length - Found 2 children: Position: 12th, Lost by: 1/2 l
2025-06-18 21:14:01,331 - INFO - Extracted: Cabelleroso - Position: 12th, Lost by: 1/2 l, Jockey: Jason Hart (claim: 0), Trainer: H Palmer, Age: 3, Weight: 9-11h, Rating: 87
2025-06-18 21:14:01,331 - INFO - Processing sub block #4 for https://www.racingtv.com/results/2025-06-15/hamilton-park/1615
2025-06-18 21:14:01,332 - INFO - Found 3 <a> tags - Horse: Lesley's Boy, Jockey: O J Orr (claim: 0), Trainer: R A Fahey
2025-06-18 21:14:01,333 - INFO - Position/Length - Found 2 children: Position: 11th, Lost by: 2 l
2025-06-18 21:14:01,333 - INFO - Extracted: Lesley's Boy - Position: 11th, Lost by: 2 l, Jockey: O J Orr (claim: 0), Trainer: R A Fahey, Age: 3, Weight: 9-6, Rating: 82
2025-06-18 21:14:01,333 - INFO - Processing sub block #5 for https://www.racingtv.com/results/2025-06-15/hamilton-park/1615
2025-06-18 21:14:01,333 - INFO - Found 3 <a> tags - Horse: Far Above The Law (IRE), Jockey: Christian Howarth (claim: 3), Trainer: Alice Haynes
2025-06-18 21:14:01,335 - INFO - Position/Length - Found 2 children: Position: 10th, Lost by: 1/2 l
2025-06-18 21:14:01,335 - INFO - Extracted: Far Above The Law (IRE) - Position: 10th, Lost by: 1/2 l, Jockey: Christian Howarth (claim: 3), Trainer: Alice Haynes, Age: 3, Weight: 9-7, Rating: 83
2025-06-18 21:14:01,335 - INFO - Processing sub block #6 for https://www.racingtv.com/results/2025-06-15/hamilton-park/1615
2025-06-18 21:14:01,335 - INFO - Found 3 <a> tags - Horse: Native Honey (IRE), Jockey: Amie Waugh (claim: 3), Trainer: J S Goldie
2025-06-18 21:14:01,337 - INFO - Position/Length - Found 2 children: Position: 9th, Lost by: 3/4 l
2025-06-18 21:14:01,337 - INFO - Extracted: Native Honey (IRE) - Position: 9th, Lost by: 3/4 l, Jockey: Amie Waugh (claim: 3), Trainer: J S Goldie, Age: 3, Weight: 8-10, Rating: 72
2025-06-18 21:14:01,337 - INFO - Processing sub block #7 for https://www.racingtv.com/results/2025-06-15/hamilton-park/1615
2025-06-18 21:14:01,337 - INFO - Found 3 <a> tags - Horse: Veydari (IRE), Jockey: Ryan Sexton (claim: 0), Trainer: Miss J A Camacho
2025-06-18 21:14:01,339 - INFO - Position/Length - Found 2 children: Position: 8th, Lost by: Neck
2025-06-18 21:14:01,339 - INFO - Extracted: Veydari (IRE) - Position: 8th, Lost by: Neck, Jockey: Ryan Sexton (claim: 0), Trainer: Miss J A Camacho, Age: 3, Weight: 9-0, Rating: 76
2025-06-18 21:14:01,339 - INFO - Processing sub block #8 for https://www.racingtv.com/results/2025-06-15/hamilton-park/1615
2025-06-18 21:14:01,339 - INFO - Found 3 <a> tags - Horse: Fuji Mountain (IRE), Jockey: Zak Wheatley (claim: 3), Trainer: D Carroll
2025-06-18 21:14:01,341 - INFO - Position/Length - Found 2 children: Position: 7th, Lost by: Head
2025-06-18 21:14:01,341 - INFO - Extracted: Fuji Mountain (IRE) - Position: 7th, Lost by: Head, Jockey: Zak Wheatley (claim: 3), Trainer: D Carroll, Age: 3, Weight: 9-8, Rating: 84
2025-06-18 21:14:01,341 - INFO - Processing sub block #9 for https://www.racingtv.com/results/2025-06-15/hamilton-park/1615
2025-06-18 21:14:01,341 - INFO - Found 3 <a> tags - Horse: Educating Rita, Jockey: C Lee (claim: 0), Trainer: M Dods
2025-06-18 21:14:01,343 - INFO - Position/Length - Found 2 children: Position: 6th, Lost by: 1/2 l
2025-06-18 21:14:01,343 - INFO - Extracted: Educating Rita - Position: 6th, Lost by: 1/2 l, Jockey: C Lee (claim: 0), Trainer: M Dods, Age: 3, Weight: 9-5, Rating: 81
2025-06-18 21:14:01,343 - INFO - Processing sub block #10 for https://www.racingtv.com/results/2025-06-15/hamilton-park/1615
2025-06-18 21:14:01,343 - INFO - Found 3 <a> tags - Horse: Tarlac (IRE), Jockey: J Fanning (claim: 0), Trainer: K Scott
2025-06-18 21:14:01,345 - INFO - Position/Length - Found 2 children: Position: 5th, Lost by: Short Head
2025-06-18 21:14:01,345 - INFO - Extracted: Tarlac (IRE) - Position: 5th, Lost by: Short Head, Jockey: J Fanning (claim: 0), Trainer: K Scott, Age: 3, Weight: 8-8, Rating: 70
2025-06-18 21:14:01,345 - INFO - Processing sub block #11 for https://www.racingtv.com/results/2025-06-15/hamilton-park/1615
2025-06-18 21:14:01,346 - INFO - Found 3 <a> tags - Horse: U Sure Do (IRE), Jockey: D Allan (claim: 0), Trainer: T D Easterby
2025-06-18 21:14:01,347 - INFO - Position/Length - Found 2 children: Position: 4th, Lost by: 3/4 l
2025-06-18 21:14:01,347 - INFO - Extracted: U Sure Do (IRE) - Position: 4th, Lost by: 3/4 l, Jockey: D Allan (claim: 0), Trainer: T D Easterby, Age: 3, Weight: 9-4, Rating: 80
2025-06-18 21:14:01,348 - INFO - Processing sub block #12 for https://www.racingtv.com/results/2025-06-15/hamilton-park/1615
2025-06-18 21:14:01,348 - INFO - Found 3 <a> tags - Horse: Lord Roxby (IRE), Jockey: Rowan Scott (claim: 0), Trainer: N Tinkler
2025-06-18 21:14:01,349 - INFO - Position/Length - Found 2 children: Position: 3rd, Lost by: 3/4 l
2025-06-18 21:14:01,349 - INFO - Extracted: Lord Roxby (IRE) - Position: 3rd, Lost by: 3/4 l, Jockey: Rowan Scott (claim: 0), Trainer: N Tinkler, Age: 3, Weight: 9-8, Rating: 84
2025-06-18 21:14:01,350 - INFO - Processing sub block #13 for https://www.racingtv.com/results/2025-06-15/hamilton-park/1615
2025-06-18 21:14:01,350 - INFO - Found 3 <a> tags - Horse: Station X, Jockey: P Mulrennan (claim: 0), Trainer: B Smart
2025-06-18 21:14:01,351 - INFO - Position/Length - Found 2 children: Position: 2nd, Lost by: Neck
2025-06-18 21:14:01,352 - INFO - Extracted: Station X - Position: 2nd, Lost by: Neck, Jockey: P Mulrennan (claim: 0), Trainer: B Smart, Age: 3, Weight: 9-6, Rating: 82
2025-06-18 21:14:01,352 - INFO - Processing sub block #14 for https://www.racingtv.com/results/2025-06-15/hamilton-park/1615
2025-06-18 21:14:01,352 - INFO - Found 3 <a> tags - Horse: Alpha Magic, Jockey: Billy Garritty (claim: 0), Trainer: M & D Easterby
2025-06-18 21:14:01,354 - INFO - Position/Length - Found 1 children: Position: 1st, Lost by: N/A
2025-06-18 21:14:01,354 - INFO - Confirmed winner: Alpha Magic
2025-06-18 21:14:01,354 - INFO - Extracted: Alpha Magic - Position: 1st, Lost by: N/A, Jockey: Billy Garritty (claim: 0), Trainer: M & D Easterby, Age: 3, Weight: 9-5, Rating: 81
2025-06-18 21:14:01,354 - INFO - Processing sub block #15 for https://www.racingtv.com/results/2025-06-15/hamilton-park/1615
2025-06-18 21:14:01,354 - INFO - Found 3 <a> tags - Horse: Beechdale, Jockey: Kaiya Fraser (claim: 0), Trainer: Miss L A Perratt
2025-06-18 21:14:01,355 - INFO - Position/Length - Found 2 children: Position: 14th, Lost by: 14 l
2025-06-18 21:14:01,355 - INFO - Extracted: Beechdale - Position: 14th, Lost by: 14 l, Jockey: Kaiya Fraser (claim: 0), Trainer: Miss L A Perratt, Age: 3, Weight: 8-13, Rating: 75
2025-06-18 21:14:01,355 - INFO - Processing sub block #16 for https://www.racingtv.com/results/2025-06-15/hamilton-park/1615
2025-06-18 21:14:01,355 - INFO - Found 3 <a> tags - Horse: Glorious Kitty (IRE), Jockey: Joanna Mason (claim: 0), Trainer: M & D Easterby
2025-06-18 21:14:01,356 - INFO - Position/Length - Found 2 children: Position: 13th, Lost by: Neck
2025-06-18 21:14:01,356 - INFO - Extracted: Glorious Kitty (IRE) - Position: 13th, Lost by: Neck, Jockey: Joanna Mason (claim: 0), Trainer: M & D Easterby, Age: 3, Weight: 8-13, Rating: 75
2025-06-18 21:14:01,356 - INFO - Processing sub block #17 for https://www.racingtv.com/results/2025-06-15/hamilton-park/1615
2025-06-18 21:14:01,356 - INFO - Found 3 <a> tags - Horse: Cabelleroso, Jockey: Jason Hart (claim: 0), Trainer: H Palmer
2025-06-18 21:14:01,357 - INFO - Position/Length - Found 2 children: Position: 12th, Lost by: 1/2 l
2025-06-18 21:14:01,357 - INFO - Extracted: Cabelleroso - Position: 12th, Lost by: 1/2 l, Jockey: Jason Hart (claim: 0), Trainer: H Palmer, Age: 3, Weight: 9-11h, Rating: 87
2025-06-18 21:14:01,357 - INFO - Processing sub block #18 for https://www.racingtv.com/results/2025-06-15/hamilton-park/1615
2025-06-18 21:14:01,357 - INFO - Found 3 <a> tags - Horse: Lesley's Boy, Jockey: O J Orr (claim: 0), Trainer: R A Fahey
2025-06-18 21:14:01,358 - INFO - Position/Length - Found 2 children: Position: 11th, Lost by: 2 l
2025-06-18 21:14:01,358 - INFO - Extracted: Lesley's Boy - Position: 11th, Lost by: 2 l, Jockey: O J Orr (claim: 0), Trainer: R A Fahey, Age: 3, Weight: 9-6, Rating: 82
2025-06-18 21:14:01,358 - INFO - Processing sub block #19 for https://www.racingtv.com/results/2025-06-15/hamilton-park/1615
2025-06-18 21:14:01,358 - INFO - Found 3 <a> tags - Horse: Far Above The Law (IRE), Jockey: Christian Howarth (claim: 3), Trainer: Alice Haynes
2025-06-18 21:14:01,359 - INFO - Position/Length - Found 2 children: Position: 10th, Lost by: 1/2 l
2025-06-18 21:14:01,359 - INFO - Extracted: Far Above The Law (IRE) - Position: 10th, Lost by: 1/2 l, Jockey: Christian Howarth (claim: 3), Trainer: Alice Haynes, Age: 3, Weight: 9-7, Rating: 83
2025-06-18 21:14:01,359 - INFO - Processing sub block #20 for https://www.racingtv.com/results/2025-06-15/hamilton-park/1615
2025-06-18 21:14:01,359 - INFO - Found 3 <a> tags - Horse: Native Honey (IRE), Jockey: Amie Waugh (claim: 3), Trainer: J S Goldie
2025-06-18 21:14:01,360 - INFO - Position/Length - Found 2 children: Position: 9th, Lost by: 3/4 l
2025-06-18 21:14:01,360 - INFO - Extracted: Native Honey (IRE) - Position: 9th, Lost by: 3/4 l, Jockey: Amie Waugh (claim: 3), Trainer: J S Goldie, Age: 3, Weight: 8-10, Rating: 72
2025-06-18 21:14:01,360 - INFO - Processing sub block #21 for https://www.racingtv.com/results/2025-06-15/hamilton-park/1615
2025-06-18 21:14:01,360 - INFO - Found 3 <a> tags - Horse: Veydari (IRE), Jockey: Ryan Sexton (claim: 0), Trainer: Miss J A Camacho
2025-06-18 21:14:01,361 - INFO - Position/Length - Found 2 children: Position: 8th, Lost by: Neck
2025-06-18 21:14:01,361 - INFO - Extracted: Veydari (IRE) - Position: 8th, Lost by: Neck, Jockey: Ryan Sexton (claim: 0), Trainer: Miss J A Camacho, Age: 3, Weight: 9-0, Rating: 76
2025-06-18 21:14:01,361 - INFO - Processing sub block #22 for https://www.racingtv.com/results/2025-06-15/hamilton-park/1615
2025-06-18 21:14:01,361 - INFO - Found 3 <a> tags - Horse: Fuji Mountain (IRE), Jockey: Zak Wheatley (claim: 3), Trainer: D Carroll
2025-06-18 21:14:01,362 - INFO - Position/Length - Found 2 children: Position: 7th, Lost by: Head
2025-06-18 21:14:01,362 - INFO - Extracted: Fuji Mountain (IRE) - Position: 7th, Lost by: Head, Jockey: Zak Wheatley (claim: 3), Trainer: D Carroll, Age: 3, Weight: 9-8, Rating: 84
2025-06-18 21:14:01,362 - INFO - Processing sub block #23 for https://www.racingtv.com/results/2025-06-15/hamilton-park/1615
2025-06-18 21:14:01,362 - INFO - Found 3 <a> tags - Horse: Educating Rita, Jockey: C Lee (claim: 0), Trainer: M Dods
2025-06-18 21:14:01,362 - INFO - Position/Length - Found 2 children: Position: 6th, Lost by: 1/2 l
2025-06-18 21:14:01,363 - INFO - Extracted: Educating Rita - Position: 6th, Lost by: 1/2 l, Jockey: C Lee (claim: 0), Trainer: M Dods, Age: 3, Weight: 9-5, Rating: 81
2025-06-18 21:14:01,363 - INFO - Processing sub block #24 for https://www.racingtv.com/results/2025-06-15/hamilton-park/1615
2025-06-18 21:14:01,363 - INFO - Found 3 <a> tags - Horse: Tarlac (IRE), Jockey: J Fanning (claim: 0), Trainer: K Scott
2025-06-18 21:14:01,363 - INFO - Position/Length - Found 2 children: Position: 5th, Lost by: Short Head
2025-06-18 21:14:01,363 - INFO - Extracted: Tarlac (IRE) - Position: 5th, Lost by: Short Head, Jockey: J Fanning (claim: 0), Trainer: K Scott, Age: 3, Weight: 8-8, Rating: 70
2025-06-18 21:14:01,364 - INFO - Processing sub block #25 for https://www.racingtv.com/results/2025-06-15/hamilton-park/1615
2025-06-18 21:14:01,364 - INFO - Found 3 <a> tags - Horse: U Sure Do (IRE), Jockey: D Allan (claim: 0), Trainer: T D Easterby
2025-06-18 21:14:01,364 - INFO - Position/Length - Found 2 children: Position: 4th, Lost by: 3/4 l
2025-06-18 21:14:01,364 - INFO - Extracted: U Sure Do (IRE) - Position: 4th, Lost by: 3/4 l, Jockey: D Allan (claim: 0), Trainer: T D Easterby, Age: 3, Weight: 9-4, Rating: 80
2025-06-18 21:14:01,364 - INFO - Processing sub block #26 for https://www.racingtv.com/results/2025-06-15/hamilton-park/1615
2025-06-18 21:14:01,365 - INFO - Found 3 <a> tags - Horse: Lord Roxby (IRE), Jockey: Rowan Scott (claim: 0), Trainer: N Tinkler
2025-06-18 21:14:01,365 - INFO - Position/Length - Found 2 children: Position: 3rd, Lost by: 3/4 l
2025-06-18 21:14:01,365 - INFO - Extracted: Lord Roxby (IRE) - Position: 3rd, Lost by: 3/4 l, Jockey: Rowan Scott (claim: 0), Trainer: N Tinkler, Age: 3, Weight: 9-8, Rating: 84
2025-06-18 21:14:01,365 - INFO - Processing sub block #27 for https://www.racingtv.com/results/2025-06-15/hamilton-park/1615
2025-06-18 21:14:01,366 - INFO - Found 3 <a> tags - Horse: Station X, Jockey: P Mulrennan (claim: 0), Trainer: B Smart
2025-06-18 21:14:01,366 - INFO - Position/Length - Found 2 children: Position: 2nd, Lost by: Neck
2025-06-18 21:14:01,366 - INFO - Extracted: Station X - Position: 2nd, Lost by: Neck, Jockey: P Mulrennan (claim: 0), Trainer: B Smart, Age: 3, Weight: 9-6, Rating: 82
2025-06-18 21:14:01,366 - INFO - Processing sub block #28 for https://www.racingtv.com/results/2025-06-15/hamilton-park/1615
2025-06-18 21:14:01,366 - INFO - Found 3 <a> tags - Horse: Alpha Magic, Jockey: Billy Garritty (claim: 0), Trainer: M & D Easterby
2025-06-18 21:14:01,367 - INFO - Position/Length - Found 1 children: Position: 1st, Lost by: N/A
2025-06-18 21:14:01,367 - INFO - Extracted: Alpha Magic - Position: 1st, Lost by: N/A, Jockey: Billy Garritty (claim: 0), Trainer: M & D Easterby, Age: 3, Weight: 9-5, Rating: 81
2025-06-18 21:14:01,367 - INFO - Successfully extracted 28/28 horse records from https://www.racingtv.com/results/2025-06-15/hamilton-park/1615
2025-06-18 21:14:01,367 - INFO - :) First place horse found successfully
2025-06-18 21:14:01,367 - INFO - :) First place horse found successfully
2025-06-18 21:14:01,367 - INFO - :) First place horse found successfully
2025-06-18 21:14:01,367 - INFO - :) First place horse found successfully
2025-06-18 21:14:01,367 - INFO - :) First place horse found successfully
2025-06-18 21:14:01,368 - INFO - :) First place horse found successfully
2025-06-18 21:14:01,368 - INFO - :) First place horse found successfully
2025-06-18 21:14:01,368 - INFO - :) First place horse found successfully
2025-06-18 21:14:01,368 - INFO - :) First place horse found successfully
2025-06-18 21:14:01,368 - INFO - :) First place horse found successfully
2025-06-18 21:14:01,368 - INFO - :) First place horse found successfully
2025-06-18 21:14:01,368 - INFO - :) First place horse found successfully
2025-06-18 21:14:01,368 - INFO - :) First place horse found successfully
2025-06-18 21:14:01,368 - INFO - :) First place horse found successfully
2025-06-18 21:14:01,368 - INFO - :) First place horse found successfully
2025-06-18 21:14:01,368 - INFO - :) First place horse found successfully
2025-06-18 21:14:01,368 - INFO - :) First place horse found successfully
2025-06-18 21:14:01,368 - INFO - :) First place horse found successfully
2025-06-18 21:14:01,368 - INFO - :) First place horse found successfully
2025-06-18 21:14:01,368 - INFO - :) First place horse found successfully
2025-06-18 21:14:01,368 - INFO - :) First place horse found successfully
2025-06-18 21:14:01,368 - INFO - :) First place horse found successfully
2025-06-18 21:14:01,368 - INFO - :) First place horse found successfully
2025-06-18 21:14:01,369 - INFO - :) First place horse found successfully
2025-06-18 21:14:01,369 - INFO - :) First place horse found successfully
2025-06-18 21:14:01,369 - INFO - :) First place horse found successfully
2025-06-18 21:14:01,369 - INFO - :) First place horse found successfully
2025-06-18 21:14:01,369 - INFO - :) First place horse found successfully
2025-06-18 21:14:01,369 - INFO - :) First place horse found successfully
2025-06-18 21:14:01,369 - INFO - Successfully parsed 28 horse records from: https://www.racingtv.com/results/2025-06-15/hamilton-park/1615
2025-06-18 21:14:01,369 - INFO - Waiting 3 seconds before next request...
2025-06-18 21:14:04,370 - INFO - Batch 1 - URL 18/22: https://www.racingtv.com/results/2025-06-15/hamilton-park/1645
2025-06-18 21:14:04,371 - INFO - Loading page with Selenium: https://www.racingtv.com/results/2025-06-15/hamilton-park/1645
2025-06-18 21:14:10,371 - INFO - Racing main block detected for: https://www.racingtv.com/results/2025-06-15/hamilton-park/1645
2025-06-18 21:14:10,427 - INFO - Successfully loaded page: https://www.racingtv.com/results/2025-06-15/hamilton-park/1645
2025-06-18 21:14:10,915 - INFO - Extracted race info - Track: N/A, Date: N/A, Time: 16:45
2025-06-18 21:14:10,918 - INFO - Found 2nd h3 tag: Good To Soft  4YO+ 1m 5f 16y Winner: £18,039 (11 runners)
2025-06-18 21:14:10,918 - INFO - Extracted - Going: Good To Soft, Distance: 1m 5f 16y
2025-06-18 21:14:10,918 - INFO - Extracting racing data from: https://www.racingtv.com/results/2025-06-15/hamilton-park/1645
2025-06-18 21:14:10,960 - INFO - Processing main block #1 for https://www.racingtv.com/results/2025-06-15/hamilton-park/1645
2025-06-18 21:14:11,003 - INFO - Checking 2nd child of main block for first place horse...
2025-06-18 21:14:11,018 - INFO - Found alternative horse block structure with 3 links
2025-06-18 21:14:11,019 - INFO - Found alternative horse block structure with 3 links
2025-06-18 21:14:11,019 - INFO - Found alternative horse block structure with 3 links
2025-06-18 21:14:11,020 - INFO - Found alternative horse block structure with 3 links
2025-06-18 21:14:11,020 - INFO - Found alternative horse block structure with 3 links
2025-06-18 21:14:11,020 - INFO - Found alternative horse block structure with 3 links
2025-06-18 21:14:11,021 - INFO - Found alternative horse block structure with 3 links
2025-06-18 21:14:11,021 - INFO - Found alternative horse block structure with 3 links
2025-06-18 21:14:11,022 - INFO - Found alternative horse block structure with 3 links
2025-06-18 21:14:11,022 - INFO - Found alternative horse block structure with 3 links
2025-06-18 21:14:11,022 - INFO - Found alternative horse block structure with 3 links
2025-06-18 21:14:11,094 - INFO - Found likely first place horse via structure analysis: Sam Hawkens (IRE)
2025-06-18 21:14:11,106 - INFO - Found potential first place horse with background styling
2025-06-18 21:14:11,106 - INFO - Found potential first place horse with background styling
2025-06-18 21:14:11,106 - INFO - Found potential first place horse with background styling
2025-06-18 21:14:11,107 - INFO - Found potential first place horse with background styling
2025-06-18 21:14:11,107 - INFO - Found potential first place horse with background styling
2025-06-18 21:14:11,107 - INFO - Found potential first place horse with background styling
2025-06-18 21:14:11,108 - INFO - Found potential first place horse with background styling
2025-06-18 21:14:11,108 - INFO - Found potential first place horse with background styling
2025-06-18 21:14:11,108 - INFO - Found potential first place horse with background styling
2025-06-18 21:14:11,108 - INFO - Found potential first place horse with background styling
2025-06-18 21:14:11,113 - INFO - Found 22 horse entries for https://www.racingtv.com/results/2025-06-15/hamilton-park/1645 using multiple detection methods
2025-06-18 21:14:11,113 - INFO - Processing sub block #1 for https://www.racingtv.com/results/2025-06-15/hamilton-park/1645
2025-06-18 21:14:11,113 - INFO - Found 3 <a> tags - Horse: Tafsir (USA), Jockey: Rhys Elliott (claim: 5), Trainer: J S Goldie
2025-06-18 21:14:11,115 - INFO - Position/Length - Found 2 children: Position: 11th, Lost by: 1/2 l
2025-06-18 21:14:11,115 - INFO - Extracted: Tafsir (USA) - Position: 11th, Lost by: 1/2 l, Jockey: Rhys Elliott (claim: 5), Trainer: J S Goldie, Age: 6, Weight: 8-8p, Rating: 73
2025-06-18 21:14:11,115 - INFO - Processing sub block #2 for https://www.racingtv.com/results/2025-06-15/hamilton-park/1645
2025-06-18 21:14:11,115 - INFO - Found 3 <a> tags - Horse: Steel Tiger (IRE), Jockey: Callum Shepherd (claim: 0), Trainer: S & E Crisford
2025-06-18 21:14:11,117 - INFO - Position/Length - Found 2 children: Position: 10th, Lost by: 2 l
2025-06-18 21:14:11,117 - INFO - Extracted: Steel Tiger (IRE) - Position: 10th, Lost by: 2 l, Jockey: Callum Shepherd (claim: 0), Trainer: S & E Crisford, Age: 4, Weight: 9-10, Rating: 89
2025-06-18 21:14:11,117 - INFO - Processing sub block #3 for https://www.racingtv.com/results/2025-06-15/hamilton-park/1645
2025-06-18 21:14:11,117 - INFO - Found 3 <a> tags - Horse: Forza Orta (IRE), Jockey: Rowan Scott (claim: 0), Trainer: K A Ryan
2025-06-18 21:14:11,119 - INFO - Position/Length - Found 2 children: Position: 9th, Lost by: 1 l
2025-06-18 21:14:11,119 - INFO - Extracted: Forza Orta (IRE) - Position: 9th, Lost by: 1 l, Jockey: Rowan Scott (claim: 0), Trainer: K A Ryan, Age: 7, Weight: 8-9tb1, Rating: 74
2025-06-18 21:14:11,119 - INFO - Processing sub block #4 for https://www.racingtv.com/results/2025-06-15/hamilton-park/1645
2025-06-18 21:14:11,120 - INFO - Found 3 <a> tags - Horse: Alnayef (IRE), Jockey: Joanna Mason (claim: 0), Trainer: J S Goldie
2025-06-18 21:14:11,122 - INFO - Position/Length - Found 2 children: Position: 8th, Lost by: 2 1/2 l
2025-06-18 21:14:11,122 - INFO - Extracted: Alnayef (IRE) - Position: 8th, Lost by: 2 1/2 l, Jockey: Joanna Mason (claim: 0), Trainer: J S Goldie, Age: 4, Weight: 8-6p, Rating: 71
2025-06-18 21:14:11,122 - INFO - Processing sub block #5 for https://www.racingtv.com/results/2025-06-15/hamilton-park/1645
2025-06-18 21:14:11,122 - INFO - Found 3 <a> tags - Horse: Letsbefrank (IRE), Jockey: Amie Waugh (claim: 3), Trainer: J S Goldie
2025-06-18 21:14:11,123 - INFO - Position/Length - Found 2 children: Position: 7th, Lost by: 1 3/4 l
2025-06-18 21:14:11,124 - INFO - Extracted: Letsbefrank (IRE) - Position: 7th, Lost by: 1 3/4 l, Jockey: Amie Waugh (claim: 3), Trainer: J S Goldie, Age: 5, Weight: 8-9, Rating: 74
2025-06-18 21:14:11,124 - INFO - Processing sub block #6 for https://www.racingtv.com/results/2025-06-15/hamilton-park/1645
2025-06-18 21:14:11,124 - INFO - Found 3 <a> tags - Horse: King's Scholar (IRE), Jockey: C Lee (claim: 0), Trainer: E Walker
2025-06-18 21:14:11,125 - INFO - Position/Length - Found 2 children: Position: 6th, Lost by: 2 1/4 l
2025-06-18 21:14:11,125 - INFO - Extracted: King's Scholar (IRE) - Position: 6th, Lost by: 2 1/4 l, Jockey: C Lee (claim: 0), Trainer: E Walker, Age: 4, Weight: 9-7, Rating: 86
2025-06-18 21:14:11,126 - INFO - Processing sub block #7 for https://www.racingtv.com/results/2025-06-15/hamilton-park/1645
2025-06-18 21:14:11,126 - INFO - Found 3 <a> tags - Horse: Destinado, Jockey: Warren Fentiman (claim: 5), Trainer: James Owen
2025-06-18 21:14:11,127 - INFO - Position/Length - Found 2 children: Position: 5th, Lost by: 3/4 l
2025-06-18 21:14:11,127 - INFO - Extracted: Destinado - Position: 5th, Lost by: 3/4 l, Jockey: Warren Fentiman (claim: 5), Trainer: James Owen, Age: 7, Weight: 8-7b, Rating: 72
2025-06-18 21:14:11,127 - INFO - Processing sub block #8 for https://www.racingtv.com/results/2025-06-15/hamilton-park/1645
2025-06-18 21:14:11,128 - INFO - Found 3 <a> tags - Horse: Minstrel Knight, Jockey: K Stott (claim: 0), Trainer: E Bethell
2025-06-18 21:14:11,130 - INFO - Position/Length - Found 2 children: Position: 4th, Lost by: 1 3/4 l
2025-06-18 21:14:11,130 - INFO - Extracted: Minstrel Knight - Position: 4th, Lost by: 1 3/4 l, Jockey: K Stott (claim: 0), Trainer: E Bethell, Age: 4, Weight: 9-9, Rating: 88
2025-06-18 21:14:11,130 - INFO - Processing sub block #9 for https://www.racingtv.com/results/2025-06-15/hamilton-park/1645
2025-06-18 21:14:11,130 - INFO - Found 3 <a> tags - Horse: Per Contra (IRE), Jockey: D Allan (claim: 0), Trainer: T D Easterby
2025-06-18 21:14:11,132 - INFO - Position/Length - Found 2 children: Position: 3rd, Lost by: 1 1/2 l
2025-06-18 21:14:11,132 - INFO - Extracted: Per Contra (IRE) - Position: 3rd, Lost by: 1 1/2 l, Jockey: D Allan (claim: 0), Trainer: T D Easterby, Age: 4, Weight: 9-6, Rating: 85
2025-06-18 21:14:11,132 - INFO - Processing sub block #10 for https://www.racingtv.com/results/2025-06-15/hamilton-park/1645
2025-06-18 21:14:11,133 - INFO - Found 3 <a> tags - Horse: Savrola (IRE), Jockey: Kaiya Fraser (claim: 0), Trainer: Mrs Dianne Sayer
2025-06-18 21:14:11,134 - INFO - Position/Length - Found 2 children: Position: 2nd, Lost by: Neck
2025-06-18 21:14:11,134 - INFO - Extracted: Savrola (IRE) - Position: 2nd, Lost by: Neck, Jockey: Kaiya Fraser (claim: 0), Trainer: Mrs Dianne Sayer, Age: 6, Weight: 8-12, Rating: 77
2025-06-18 21:14:11,134 - INFO - Processing sub block #11 for https://www.racingtv.com/results/2025-06-15/hamilton-park/1645
2025-06-18 21:14:11,134 - INFO - Found 3 <a> tags - Horse: Sam Hawkens (IRE), Jockey: Harry Burns (claim: 3), Trainer: W J Haggas
2025-06-18 21:14:11,136 - INFO - Position/Length - Found 1 children: Position: 1st, Lost by: N/A
2025-06-18 21:14:11,136 - INFO - Confirmed winner: Sam Hawkens (IRE)
2025-06-18 21:14:11,136 - INFO - Extracted: Sam Hawkens (IRE) - Position: 1st, Lost by: N/A, Jockey: Harry Burns (claim: 3), Trainer: W J Haggas, Age: 4, Weight: 9-9, Rating: 88
2025-06-18 21:14:11,136 - INFO - Processing sub block #12 for https://www.racingtv.com/results/2025-06-15/hamilton-park/1645
2025-06-18 21:14:11,136 - INFO - Found 3 <a> tags - Horse: Tafsir (USA), Jockey: Rhys Elliott (claim: 5), Trainer: J S Goldie
2025-06-18 21:14:11,137 - INFO - Position/Length - Found 2 children: Position: 11th, Lost by: 1/2 l
2025-06-18 21:14:11,137 - INFO - Extracted: Tafsir (USA) - Position: 11th, Lost by: 1/2 l, Jockey: Rhys Elliott (claim: 5), Trainer: J S Goldie, Age: 6, Weight: 8-8p, Rating: 73
2025-06-18 21:14:11,137 - INFO - Processing sub block #13 for https://www.racingtv.com/results/2025-06-15/hamilton-park/1645
2025-06-18 21:14:11,137 - INFO - Found 3 <a> tags - Horse: Steel Tiger (IRE), Jockey: Callum Shepherd (claim: 0), Trainer: S & E Crisford
2025-06-18 21:14:11,138 - INFO - Position/Length - Found 2 children: Position: 10th, Lost by: 2 l
2025-06-18 21:14:11,138 - INFO - Extracted: Steel Tiger (IRE) - Position: 10th, Lost by: 2 l, Jockey: Callum Shepherd (claim: 0), Trainer: S & E Crisford, Age: 4, Weight: 9-10, Rating: 89
2025-06-18 21:14:11,138 - INFO - Processing sub block #14 for https://www.racingtv.com/results/2025-06-15/hamilton-park/1645
2025-06-18 21:14:11,138 - INFO - Found 3 <a> tags - Horse: Forza Orta (IRE), Jockey: Rowan Scott (claim: 0), Trainer: K A Ryan
2025-06-18 21:14:11,139 - INFO - Position/Length - Found 2 children: Position: 9th, Lost by: 1 l
2025-06-18 21:14:11,139 - INFO - Extracted: Forza Orta (IRE) - Position: 9th, Lost by: 1 l, Jockey: Rowan Scott (claim: 0), Trainer: K A Ryan, Age: 7, Weight: 8-9tb1, Rating: 74
2025-06-18 21:14:11,139 - INFO - Processing sub block #15 for https://www.racingtv.com/results/2025-06-15/hamilton-park/1645
2025-06-18 21:14:11,139 - INFO - Found 3 <a> tags - Horse: Alnayef (IRE), Jockey: Joanna Mason (claim: 0), Trainer: J S Goldie
2025-06-18 21:14:11,140 - INFO - Position/Length - Found 2 children: Position: 8th, Lost by: 2 1/2 l
2025-06-18 21:14:11,140 - INFO - Extracted: Alnayef (IRE) - Position: 8th, Lost by: 2 1/2 l, Jockey: Joanna Mason (claim: 0), Trainer: J S Goldie, Age: 4, Weight: 8-6p, Rating: 71
2025-06-18 21:14:11,140 - INFO - Processing sub block #16 for https://www.racingtv.com/results/2025-06-15/hamilton-park/1645
2025-06-18 21:14:11,140 - INFO - Found 3 <a> tags - Horse: Letsbefrank (IRE), Jockey: Amie Waugh (claim: 3), Trainer: J S Goldie
2025-06-18 21:14:11,140 - INFO - Position/Length - Found 2 children: Position: 7th, Lost by: 1 3/4 l
2025-06-18 21:14:11,141 - INFO - Extracted: Letsbefrank (IRE) - Position: 7th, Lost by: 1 3/4 l, Jockey: Amie Waugh (claim: 3), Trainer: J S Goldie, Age: 5, Weight: 8-9, Rating: 74
2025-06-18 21:14:11,141 - INFO - Processing sub block #17 for https://www.racingtv.com/results/2025-06-15/hamilton-park/1645
2025-06-18 21:14:11,141 - INFO - Found 3 <a> tags - Horse: King's Scholar (IRE), Jockey: C Lee (claim: 0), Trainer: E Walker
2025-06-18 21:14:11,141 - INFO - Position/Length - Found 2 children: Position: 6th, Lost by: 2 1/4 l
2025-06-18 21:14:11,141 - INFO - Extracted: King's Scholar (IRE) - Position: 6th, Lost by: 2 1/4 l, Jockey: C Lee (claim: 0), Trainer: E Walker, Age: 4, Weight: 9-7, Rating: 86
2025-06-18 21:14:11,142 - INFO - Processing sub block #18 for https://www.racingtv.com/results/2025-06-15/hamilton-park/1645
2025-06-18 21:14:11,142 - INFO - Found 3 <a> tags - Horse: Destinado, Jockey: Warren Fentiman (claim: 5), Trainer: James Owen
2025-06-18 21:14:11,142 - INFO - Position/Length - Found 2 children: Position: 5th, Lost by: 3/4 l
2025-06-18 21:14:11,142 - INFO - Extracted: Destinado - Position: 5th, Lost by: 3/4 l, Jockey: Warren Fentiman (claim: 5), Trainer: James Owen, Age: 7, Weight: 8-7b, Rating: 72
2025-06-18 21:14:11,142 - INFO - Processing sub block #19 for https://www.racingtv.com/results/2025-06-15/hamilton-park/1645
2025-06-18 21:14:11,143 - INFO - Found 3 <a> tags - Horse: Minstrel Knight, Jockey: K Stott (claim: 0), Trainer: E Bethell
2025-06-18 21:14:11,143 - INFO - Position/Length - Found 2 children: Position: 4th, Lost by: 1 3/4 l
2025-06-18 21:14:11,143 - INFO - Extracted: Minstrel Knight - Position: 4th, Lost by: 1 3/4 l, Jockey: K Stott (claim: 0), Trainer: E Bethell, Age: 4, Weight: 9-9, Rating: 88
2025-06-18 21:14:11,143 - INFO - Processing sub block #20 for https://www.racingtv.com/results/2025-06-15/hamilton-park/1645
2025-06-18 21:14:11,144 - INFO - Found 3 <a> tags - Horse: Per Contra (IRE), Jockey: D Allan (claim: 0), Trainer: T D Easterby
2025-06-18 21:14:11,144 - INFO - Position/Length - Found 2 children: Position: 3rd, Lost by: 1 1/2 l
2025-06-18 21:14:11,144 - INFO - Extracted: Per Contra (IRE) - Position: 3rd, Lost by: 1 1/2 l, Jockey: D Allan (claim: 0), Trainer: T D Easterby, Age: 4, Weight: 9-6, Rating: 85
2025-06-18 21:14:11,144 - INFO - Processing sub block #21 for https://www.racingtv.com/results/2025-06-15/hamilton-park/1645
2025-06-18 21:14:11,145 - INFO - Found 3 <a> tags - Horse: Savrola (IRE), Jockey: Kaiya Fraser (claim: 0), Trainer: Mrs Dianne Sayer
2025-06-18 21:14:11,145 - INFO - Position/Length - Found 2 children: Position: 2nd, Lost by: Neck
2025-06-18 21:14:11,145 - INFO - Extracted: Savrola (IRE) - Position: 2nd, Lost by: Neck, Jockey: Kaiya Fraser (claim: 0), Trainer: Mrs Dianne Sayer, Age: 6, Weight: 8-12, Rating: 77
2025-06-18 21:14:11,145 - INFO - Processing sub block #22 for https://www.racingtv.com/results/2025-06-15/hamilton-park/1645
2025-06-18 21:14:11,146 - INFO - Found 3 <a> tags - Horse: Sam Hawkens (IRE), Jockey: Harry Burns (claim: 3), Trainer: W J Haggas
2025-06-18 21:14:11,146 - INFO - Position/Length - Found 1 children: Position: 1st, Lost by: N/A
2025-06-18 21:14:11,146 - INFO - Extracted: Sam Hawkens (IRE) - Position: 1st, Lost by: N/A, Jockey: Harry Burns (claim: 3), Trainer: W J Haggas, Age: 4, Weight: 9-9, Rating: 88
2025-06-18 21:14:11,146 - INFO - Successfully extracted 22/22 horse records from https://www.racingtv.com/results/2025-06-15/hamilton-park/1645
2025-06-18 21:14:11,146 - INFO - :) First place horse found successfully
2025-06-18 21:14:11,146 - INFO - :) First place horse found successfully
2025-06-18 21:14:11,146 - INFO - :) First place horse found successfully
2025-06-18 21:14:11,147 - INFO - :) First place horse found successfully
2025-06-18 21:14:11,147 - INFO - :) First place horse found successfully
2025-06-18 21:14:11,147 - INFO - :) First place horse found successfully
2025-06-18 21:14:11,147 - INFO - :) First place horse found successfully
2025-06-18 21:14:11,147 - INFO - :) First place horse found successfully
2025-06-18 21:14:11,147 - INFO - :) First place horse found successfully
2025-06-18 21:14:11,147 - INFO - :) First place horse found successfully
2025-06-18 21:14:11,147 - INFO - :) First place horse found successfully
2025-06-18 21:14:11,147 - INFO - :) First place horse found successfully
2025-06-18 21:14:11,147 - INFO - :) First place horse found successfully
2025-06-18 21:14:11,147 - INFO - :) First place horse found successfully
2025-06-18 21:14:11,147 - INFO - :) First place horse found successfully
2025-06-18 21:14:11,147 - INFO - :) First place horse found successfully
2025-06-18 21:14:11,147 - INFO - :) First place horse found successfully
2025-06-18 21:14:11,147 - INFO - :) First place horse found successfully
2025-06-18 21:14:11,148 - INFO - :) First place horse found successfully
2025-06-18 21:14:11,148 - INFO - :) First place horse found successfully
2025-06-18 21:14:11,148 - INFO - :) First place horse found successfully
2025-06-18 21:14:11,148 - INFO - :) First place horse found successfully
2025-06-18 21:14:11,148 - INFO - :) First place horse found successfully
2025-06-18 21:14:11,148 - INFO - Successfully parsed 22 horse records from: https://www.racingtv.com/results/2025-06-15/hamilton-park/1645
2025-06-18 21:14:11,148 - INFO - Waiting 3 seconds before next request...
2025-06-18 21:14:14,150 - INFO - Batch 1 - URL 19/22: https://www.racingtv.com/results/2025-06-15/hamilton-park/1715
2025-06-18 21:14:14,150 - INFO - Loading page with Selenium: https://www.racingtv.com/results/2025-06-15/hamilton-park/1715
2025-06-18 21:14:19,945 - INFO - Racing main block detected for: https://www.racingtv.com/results/2025-06-15/hamilton-park/1715
2025-06-18 21:14:20,002 - INFO - Successfully loaded page: https://www.racingtv.com/results/2025-06-15/hamilton-park/1715
2025-06-18 21:14:20,442 - INFO - Extracted race info - Track: N/A, Date: N/A, Time: 17:15
2025-06-18 21:14:20,444 - INFO - Found 2nd h3 tag: Good To Soft  4YO+ 5f 7y Winner: £18,039 (12 runners)
2025-06-18 21:14:20,444 - INFO - Extracted - Going: Good To Soft, Distance: 5f 7y
2025-06-18 21:14:20,444 - INFO - Extracting racing data from: https://www.racingtv.com/results/2025-06-15/hamilton-park/1715
2025-06-18 21:14:20,486 - INFO - Processing main block #1 for https://www.racingtv.com/results/2025-06-15/hamilton-park/1715
2025-06-18 21:14:20,526 - INFO - Checking 2nd child of main block for first place horse...
2025-06-18 21:14:20,542 - INFO - Found alternative horse block structure with 3 links
2025-06-18 21:14:20,543 - INFO - Found alternative horse block structure with 3 links
2025-06-18 21:14:20,543 - INFO - Found alternative horse block structure with 3 links
2025-06-18 21:14:20,544 - INFO - Found alternative horse block structure with 3 links
2025-06-18 21:14:20,544 - INFO - Found alternative horse block structure with 3 links
2025-06-18 21:14:20,545 - INFO - Found alternative horse block structure with 3 links
2025-06-18 21:14:20,545 - INFO - Found alternative horse block structure with 3 links
2025-06-18 21:14:20,545 - INFO - Found alternative horse block structure with 3 links
2025-06-18 21:14:20,546 - INFO - Found alternative horse block structure with 3 links
2025-06-18 21:14:20,546 - INFO - Found alternative horse block structure with 3 links
2025-06-18 21:14:20,546 - INFO - Found alternative horse block structure with 3 links
2025-06-18 21:14:20,547 - INFO - Found alternative horse block structure with 3 links
2025-06-18 21:14:20,617 - INFO - Found likely first place horse via structure analysis: Bergerac (IRE)
2025-06-18 21:14:20,627 - INFO - Found potential first place horse with background styling
2025-06-18 21:14:20,627 - INFO - Found potential first place horse with background styling
2025-06-18 21:14:20,628 - INFO - Found potential first place horse with background styling
2025-06-18 21:14:20,628 - INFO - Found potential first place horse with background styling
2025-06-18 21:14:20,628 - INFO - Found potential first place horse with background styling
2025-06-18 21:14:20,629 - INFO - Found potential first place horse with background styling
2025-06-18 21:14:20,629 - INFO - Found potential first place horse with background styling
2025-06-18 21:14:20,629 - INFO - Found potential first place horse with background styling
2025-06-18 21:14:20,629 - INFO - Found potential first place horse with background styling
2025-06-18 21:14:20,630 - INFO - Found potential first place horse with background styling
2025-06-18 21:14:20,630 - INFO - Found potential first place horse with background styling
2025-06-18 21:14:20,633 - INFO - Found 24 horse entries for https://www.racingtv.com/results/2025-06-15/hamilton-park/1715 using multiple detection methods
2025-06-18 21:14:20,633 - INFO - Processing sub block #1 for https://www.racingtv.com/results/2025-06-15/hamilton-park/1715
2025-06-18 21:14:20,634 - INFO - Found 3 <a> tags - Horse: Never Dark, Jockey: Billy Garritty (claim: 0), Trainer: I Jardine
2025-06-18 21:14:20,635 - INFO - Position/Length - Found 2 children: Position: 12th, Lost by: 1 3/4 l
2025-06-18 21:14:20,635 - INFO - Extracted: Never Dark - Position: 12th, Lost by: 1 3/4 l, Jockey: Billy Garritty (claim: 0), Trainer: I Jardine, Age: 8, Weight: 9-2, Rating: 79
2025-06-18 21:14:20,635 - INFO - Processing sub block #2 for https://www.racingtv.com/results/2025-06-15/hamilton-park/1715
2025-06-18 21:14:20,636 - INFO - Found 3 <a> tags - Horse: Oriental Prince, Jockey: P Mulrennan (claim: 0), Trainer: J S Goldie
2025-06-18 21:14:20,637 - INFO - Position/Length - Found 2 children: Position: 11th, Lost by: 1 3/4 l
2025-06-18 21:14:20,638 - INFO - Extracted: Oriental Prince - Position: 11th, Lost by: 1 3/4 l, Jockey: P Mulrennan (claim: 0), Trainer: J S Goldie, Age: 4, Weight: 9-4, Rating: 81
2025-06-18 21:14:20,638 - INFO - Processing sub block #3 for https://www.racingtv.com/results/2025-06-15/hamilton-park/1715
2025-06-18 21:14:20,638 - INFO - Found 3 <a> tags - Horse: Marching Mac (IRE), Jockey: Grace McEntee (claim: 0), Trainer: P S McEntee
2025-06-18 21:14:20,640 - INFO - Position/Length - Found 2 children: Position: 10th, Lost by: 1 1/4 l
2025-06-18 21:14:20,640 - INFO - Extracted: Marching Mac (IRE) - Position: 10th, Lost by: 1 1/4 l, Jockey: Grace McEntee (claim: 0), Trainer: P S McEntee, Age: 4, Weight: 9-5t, Rating: 82
2025-06-18 21:14:20,640 - INFO - Processing sub block #4 for https://www.racingtv.com/results/2025-06-15/hamilton-park/1715
2025-06-18 21:14:20,640 - INFO - Found 3 <a> tags - Horse: Curious Rover (IRE), Jockey: Jason Hart (claim: 0), Trainer: K Scott
2025-06-18 21:14:20,642 - INFO - Position/Length - Found 2 children: Position: 9th, Lost by: Short Head
2025-06-18 21:14:20,642 - INFO - Extracted: Curious Rover (IRE) - Position: 9th, Lost by: Short Head, Jockey: Jason Hart (claim: 0), Trainer: K Scott, Age: 4, Weight: 9-6, Rating: 83
2025-06-18 21:14:20,642 - INFO - Processing sub block #5 for https://www.racingtv.com/results/2025-06-15/hamilton-park/1715
2025-06-18 21:14:20,643 - INFO - Found 3 <a> tags - Horse: Reigning Profit (IRE), Jockey: Warren Fentiman (claim: 5), Trainer: Mrs R Carr
2025-06-18 21:14:20,644 - INFO - Position/Length - Found 2 children: Position: 8th, Lost by: 1 1/2 l
2025-06-18 21:14:20,644 - INFO - Extracted: Reigning Profit (IRE) - Position: 8th, Lost by: 1 1/2 l, Jockey: Warren Fentiman (claim: 5), Trainer: Mrs R Carr, Age: 6, Weight: 9-6v, Rating: 83
2025-06-18 21:14:20,644 - INFO - Processing sub block #6 for https://www.racingtv.com/results/2025-06-15/hamilton-park/1715
2025-06-18 21:14:20,645 - INFO - Found 3 <a> tags - Horse: Zarzyni (IRE), Jockey: Joanna Mason (claim: 0), Trainer: T D Barron
2025-06-18 21:14:20,646 - INFO - Position/Length - Found 2 children: Position: 7th, Lost by: Neck
2025-06-18 21:14:20,646 - INFO - Extracted: Zarzyni (IRE) - Position: 7th, Lost by: Neck, Jockey: Joanna Mason (claim: 0), Trainer: T D Barron, Age: 8, Weight: 9-3p, Rating: 80
2025-06-18 21:14:20,646 - INFO - Processing sub block #7 for https://www.racingtv.com/results/2025-06-15/hamilton-park/1715
2025-06-18 21:14:20,647 - INFO - Found 3 <a> tags - Horse: Manila Scouse, Jockey: D Allan (claim: 0), Trainer: T D Easterby
2025-06-18 21:14:20,648 - INFO - Position/Length - Found 2 children: Position: 6th, Lost by: 1 3/4 l
2025-06-18 21:14:20,648 - INFO - Extracted: Manila Scouse - Position: 6th, Lost by: 1 3/4 l, Jockey: D Allan (claim: 0), Trainer: T D Easterby, Age: 6, Weight: 9-4t, Rating: 81
2025-06-18 21:14:20,648 - INFO - Processing sub block #8 for https://www.racingtv.com/results/2025-06-15/hamilton-park/1715
2025-06-18 21:14:20,649 - INFO - Found 3 <a> tags - Horse: Blue Day, Jockey: Callum Shepherd (claim: 0), Trainer: Harry Charlton
2025-06-18 21:14:20,650 - INFO - Position/Length - Found 2 children: Position: 5th, Lost by: Neck
2025-06-18 21:14:20,651 - INFO - Extracted: Blue Day - Position: 5th, Lost by: Neck, Jockey: Callum Shepherd (claim: 0), Trainer: Harry Charlton, Age: 4, Weight: 9-12, Rating: 89
2025-06-18 21:14:20,651 - INFO - Processing sub block #9 for https://www.racingtv.com/results/2025-06-15/hamilton-park/1715
2025-06-18 21:14:20,651 - INFO - Found 3 <a> tags - Horse: Trilby, Jockey: J Fanning (claim: 0), Trainer: S England
2025-06-18 21:14:20,652 - INFO - Position/Length - Found 2 children: Position: 4th, Lost by: Neck
2025-06-18 21:14:20,653 - INFO - Extracted: Trilby - Position: 4th, Lost by: Neck, Jockey: J Fanning (claim: 0), Trainer: S England, Age: 5, Weight: 9-6, Rating: 83
2025-06-18 21:14:20,653 - INFO - Processing sub block #10 for https://www.racingtv.com/results/2025-06-15/hamilton-park/1715
2025-06-18 21:14:20,653 - INFO - Found 3 <a> tags - Horse: Albegone, Jockey: Amie Waugh (claim: 3), Trainer: T D Easterby
2025-06-18 21:14:20,654 - INFO - Position/Length - Found 2 children: Position: 3rd, Lost by: 1 1/4 l
2025-06-18 21:14:20,655 - INFO - Extracted: Albegone - Position: 3rd, Lost by: 1 1/4 l, Jockey: Amie Waugh (claim: 3), Trainer: T D Easterby, Age: 7, Weight: 8-12p, Rating: 77
2025-06-18 21:14:20,655 - INFO - Processing sub block #11 for https://www.racingtv.com/results/2025-06-15/hamilton-park/1715
2025-06-18 21:14:20,655 - INFO - Found 3 <a> tags - Horse: Brooklyn Nine Nine (IRE), Jockey: O J Orr (claim: 0), Trainer: R A Fahey
2025-06-18 21:14:20,656 - INFO - Position/Length - Found 2 children: Position: 2nd, Lost by: 3/4 l
2025-06-18 21:14:20,657 - INFO - Extracted: Brooklyn Nine Nine (IRE) - Position: 2nd, Lost by: 3/4 l, Jockey: O J Orr (claim: 0), Trainer: R A Fahey, Age: 5, Weight: 9-0, Rating: 77
2025-06-18 21:14:20,657 - INFO - Processing sub block #12 for https://www.racingtv.com/results/2025-06-15/hamilton-park/1715
2025-06-18 21:14:20,657 - INFO - Found 3 <a> tags - Horse: Bergerac (IRE), Jockey: T Eaves (claim: 0), Trainer: K A Ryan
2025-06-18 21:14:20,658 - INFO - Position/Length - Found 1 children: Position: 1st, Lost by: N/A
2025-06-18 21:14:20,658 - INFO - Confirmed winner: Bergerac (IRE)
2025-06-18 21:14:20,659 - INFO - Extracted: Bergerac (IRE) - Position: 1st, Lost by: N/A, Jockey: T Eaves (claim: 0), Trainer: K A Ryan, Age: 7, Weight: 9-10b, Rating: 87
2025-06-18 21:14:20,659 - INFO - Processing sub block #13 for https://www.racingtv.com/results/2025-06-15/hamilton-park/1715
2025-06-18 21:14:20,659 - INFO - Found 3 <a> tags - Horse: Never Dark, Jockey: Billy Garritty (claim: 0), Trainer: I Jardine
2025-06-18 21:14:20,659 - INFO - Position/Length - Found 2 children: Position: 12th, Lost by: 1 3/4 l
2025-06-18 21:14:20,659 - INFO - Extracted: Never Dark - Position: 12th, Lost by: 1 3/4 l, Jockey: Billy Garritty (claim: 0), Trainer: I Jardine, Age: 8, Weight: 9-2, Rating: 79
2025-06-18 21:14:20,660 - INFO - Processing sub block #14 for https://www.racingtv.com/results/2025-06-15/hamilton-park/1715
2025-06-18 21:14:20,660 - INFO - Found 3 <a> tags - Horse: Oriental Prince, Jockey: P Mulrennan (claim: 0), Trainer: J S Goldie
2025-06-18 21:14:20,660 - INFO - Position/Length - Found 2 children: Position: 11th, Lost by: 1 3/4 l
2025-06-18 21:14:20,660 - INFO - Extracted: Oriental Prince - Position: 11th, Lost by: 1 3/4 l, Jockey: P Mulrennan (claim: 0), Trainer: J S Goldie, Age: 4, Weight: 9-4, Rating: 81
2025-06-18 21:14:20,660 - INFO - Processing sub block #15 for https://www.racingtv.com/results/2025-06-15/hamilton-park/1715
2025-06-18 21:14:20,661 - INFO - Found 3 <a> tags - Horse: Marching Mac (IRE), Jockey: Grace McEntee (claim: 0), Trainer: P S McEntee
2025-06-18 21:14:20,661 - INFO - Position/Length - Found 2 children: Position: 10th, Lost by: 1 1/4 l
2025-06-18 21:14:20,661 - INFO - Extracted: Marching Mac (IRE) - Position: 10th, Lost by: 1 1/4 l, Jockey: Grace McEntee (claim: 0), Trainer: P S McEntee, Age: 4, Weight: 9-5t, Rating: 82
2025-06-18 21:14:20,661 - INFO - Processing sub block #16 for https://www.racingtv.com/results/2025-06-15/hamilton-park/1715
2025-06-18 21:14:20,662 - INFO - Found 3 <a> tags - Horse: Curious Rover (IRE), Jockey: Jason Hart (claim: 0), Trainer: K Scott
2025-06-18 21:14:20,662 - INFO - Position/Length - Found 2 children: Position: 9th, Lost by: Short Head
2025-06-18 21:14:20,662 - INFO - Extracted: Curious Rover (IRE) - Position: 9th, Lost by: Short Head, Jockey: Jason Hart (claim: 0), Trainer: K Scott, Age: 4, Weight: 9-6, Rating: 83
2025-06-18 21:14:20,662 - INFO - Processing sub block #17 for https://www.racingtv.com/results/2025-06-15/hamilton-park/1715
2025-06-18 21:14:20,663 - INFO - Found 3 <a> tags - Horse: Reigning Profit (IRE), Jockey: Warren Fentiman (claim: 5), Trainer: Mrs R Carr
2025-06-18 21:14:20,663 - INFO - Position/Length - Found 2 children: Position: 8th, Lost by: 1 1/2 l
2025-06-18 21:14:20,663 - INFO - Extracted: Reigning Profit (IRE) - Position: 8th, Lost by: 1 1/2 l, Jockey: Warren Fentiman (claim: 5), Trainer: Mrs R Carr, Age: 6, Weight: 9-6v, Rating: 83
2025-06-18 21:14:20,663 - INFO - Processing sub block #18 for https://www.racingtv.com/results/2025-06-15/hamilton-park/1715
2025-06-18 21:14:20,664 - INFO - Found 3 <a> tags - Horse: Zarzyni (IRE), Jockey: Joanna Mason (claim: 0), Trainer: T D Barron
2025-06-18 21:14:20,664 - INFO - Position/Length - Found 2 children: Position: 7th, Lost by: Neck
2025-06-18 21:14:20,664 - INFO - Extracted: Zarzyni (IRE) - Position: 7th, Lost by: Neck, Jockey: Joanna Mason (claim: 0), Trainer: T D Barron, Age: 8, Weight: 9-3p, Rating: 80
2025-06-18 21:14:20,664 - INFO - Processing sub block #19 for https://www.racingtv.com/results/2025-06-15/hamilton-park/1715
2025-06-18 21:14:20,664 - INFO - Found 3 <a> tags - Horse: Manila Scouse, Jockey: D Allan (claim: 0), Trainer: T D Easterby
2025-06-18 21:14:20,665 - INFO - Position/Length - Found 2 children: Position: 6th, Lost by: 1 3/4 l
2025-06-18 21:14:20,665 - INFO - Extracted: Manila Scouse - Position: 6th, Lost by: 1 3/4 l, Jockey: D Allan (claim: 0), Trainer: T D Easterby, Age: 6, Weight: 9-4t, Rating: 81
2025-06-18 21:14:20,665 - INFO - Processing sub block #20 for https://www.racingtv.com/results/2025-06-15/hamilton-park/1715
2025-06-18 21:14:20,666 - INFO - Found 3 <a> tags - Horse: Blue Day, Jockey: Callum Shepherd (claim: 0), Trainer: Harry Charlton
2025-06-18 21:14:20,666 - INFO - Position/Length - Found 2 children: Position: 5th, Lost by: Neck
2025-06-18 21:14:20,666 - INFO - Extracted: Blue Day - Position: 5th, Lost by: Neck, Jockey: Callum Shepherd (claim: 0), Trainer: Harry Charlton, Age: 4, Weight: 9-12, Rating: 89
2025-06-18 21:14:20,666 - INFO - Processing sub block #21 for https://www.racingtv.com/results/2025-06-15/hamilton-park/1715
2025-06-18 21:14:20,666 - INFO - Found 3 <a> tags - Horse: Trilby, Jockey: J Fanning (claim: 0), Trainer: S England
2025-06-18 21:14:20,667 - INFO - Position/Length - Found 2 children: Position: 4th, Lost by: Neck
2025-06-18 21:14:20,667 - INFO - Extracted: Trilby - Position: 4th, Lost by: Neck, Jockey: J Fanning (claim: 0), Trainer: S England, Age: 5, Weight: 9-6, Rating: 83
2025-06-18 21:14:20,667 - INFO - Processing sub block #22 for https://www.racingtv.com/results/2025-06-15/hamilton-park/1715
2025-06-18 21:14:20,667 - INFO - Found 3 <a> tags - Horse: Albegone, Jockey: Amie Waugh (claim: 3), Trainer: T D Easterby
2025-06-18 21:14:20,668 - INFO - Position/Length - Found 2 children: Position: 3rd, Lost by: 1 1/4 l
2025-06-18 21:14:20,668 - INFO - Extracted: Albegone - Position: 3rd, Lost by: 1 1/4 l, Jockey: Amie Waugh (claim: 3), Trainer: T D Easterby, Age: 7, Weight: 8-12p, Rating: 77
2025-06-18 21:14:20,668 - INFO - Processing sub block #23 for https://www.racingtv.com/results/2025-06-15/hamilton-park/1715
2025-06-18 21:14:20,668 - INFO - Found 3 <a> tags - Horse: Brooklyn Nine Nine (IRE), Jockey: O J Orr (claim: 0), Trainer: R A Fahey
2025-06-18 21:14:20,669 - INFO - Position/Length - Found 2 children: Position: 2nd, Lost by: 3/4 l
2025-06-18 21:14:20,669 - INFO - Extracted: Brooklyn Nine Nine (IRE) - Position: 2nd, Lost by: 3/4 l, Jockey: O J Orr (claim: 0), Trainer: R A Fahey, Age: 5, Weight: 9-0, Rating: 77
2025-06-18 21:14:20,669 - INFO - Processing sub block #24 for https://www.racingtv.com/results/2025-06-15/hamilton-park/1715
2025-06-18 21:14:20,669 - INFO - Found 3 <a> tags - Horse: Bergerac (IRE), Jockey: T Eaves (claim: 0), Trainer: K A Ryan
2025-06-18 21:14:20,670 - INFO - Position/Length - Found 1 children: Position: 1st, Lost by: N/A
2025-06-18 21:14:20,670 - INFO - Extracted: Bergerac (IRE) - Position: 1st, Lost by: N/A, Jockey: T Eaves (claim: 0), Trainer: K A Ryan, Age: 7, Weight: 9-10b, Rating: 87
2025-06-18 21:14:20,670 - INFO - Successfully extracted 24/24 horse records from https://www.racingtv.com/results/2025-06-15/hamilton-park/1715
2025-06-18 21:14:20,670 - INFO - :) First place horse found successfully
2025-06-18 21:14:20,670 - INFO - :) First place horse found successfully
2025-06-18 21:14:20,670 - INFO - :) First place horse found successfully
2025-06-18 21:14:20,670 - INFO - :) First place horse found successfully
2025-06-18 21:14:20,670 - INFO - :) First place horse found successfully
2025-06-18 21:14:20,670 - INFO - :) First place horse found successfully
2025-06-18 21:14:20,670 - INFO - :) First place horse found successfully
2025-06-18 21:14:20,670 - INFO - :) First place horse found successfully
2025-06-18 21:14:20,670 - INFO - :) First place horse found successfully
2025-06-18 21:14:20,670 - INFO - :) First place horse found successfully
2025-06-18 21:14:20,670 - INFO - :) First place horse found successfully
2025-06-18 21:14:20,671 - INFO - :) First place horse found successfully
2025-06-18 21:14:20,671 - INFO - :) First place horse found successfully
2025-06-18 21:14:20,671 - INFO - :) First place horse found successfully
2025-06-18 21:14:20,671 - INFO - :) First place horse found successfully
2025-06-18 21:14:20,671 - INFO - :) First place horse found successfully
2025-06-18 21:14:20,671 - INFO - :) First place horse found successfully
2025-06-18 21:14:20,671 - INFO - :) First place horse found successfully
2025-06-18 21:14:20,671 - INFO - :) First place horse found successfully
2025-06-18 21:14:20,671 - INFO - :) First place horse found successfully
2025-06-18 21:14:20,671 - INFO - :) First place horse found successfully
2025-06-18 21:14:20,671 - INFO - :) First place horse found successfully
2025-06-18 21:14:20,671 - INFO - :) First place horse found successfully
2025-06-18 21:14:20,671 - INFO - :) First place horse found successfully
2025-06-18 21:14:20,671 - INFO - :) First place horse found successfully
2025-06-18 21:14:20,671 - INFO - Successfully parsed 24 horse records from: https://www.racingtv.com/results/2025-06-15/hamilton-park/1715
2025-06-18 21:14:20,672 - INFO - Waiting 3 seconds before next request...
2025-06-18 21:14:23,673 - INFO - Batch 1 - URL 20/22: https://www.racingtv.com/results/2025-06-15/hamilton-park/1745
2025-06-18 21:14:23,674 - INFO - Loading page with Selenium: https://www.racingtv.com/results/2025-06-15/hamilton-park/1745
2025-06-18 21:14:29,372 - INFO - Racing main block detected for: https://www.racingtv.com/results/2025-06-15/hamilton-park/1745
2025-06-18 21:14:29,416 - INFO - Successfully loaded page: https://www.racingtv.com/results/2025-06-15/hamilton-park/1745
2025-06-18 21:14:29,736 - INFO - Extracted race info - Track: N/A, Date: N/A, Time: 17:45
2025-06-18 21:14:29,737 - INFO - Found 2nd h3 tag: Good To Soft  3YO+ 1m 1f 35y Winner: £18,039 (8 runners)
2025-06-18 21:14:29,737 - INFO - Extracted - Going: Good To Soft, Distance: 1m 1f 35y
2025-06-18 21:14:29,737 - INFO - Extracting racing data from: https://www.racingtv.com/results/2025-06-15/hamilton-park/1745
2025-06-18 21:14:29,769 - INFO - Processing main block #1 for https://www.racingtv.com/results/2025-06-15/hamilton-park/1745
2025-06-18 21:14:29,797 - INFO - Checking 2nd child of main block for first place horse...
2025-06-18 21:14:29,809 - INFO - Found alternative horse block structure with 3 links
2025-06-18 21:14:29,810 - INFO - Found alternative horse block structure with 3 links
2025-06-18 21:14:29,810 - INFO - Found alternative horse block structure with 3 links
2025-06-18 21:14:29,811 - INFO - Found alternative horse block structure with 3 links
2025-06-18 21:14:29,811 - INFO - Found alternative horse block structure with 3 links
2025-06-18 21:14:29,812 - INFO - Found alternative horse block structure with 3 links
2025-06-18 21:14:29,812 - INFO - Found alternative horse block structure with 3 links
2025-06-18 21:14:29,812 - INFO - Found alternative horse block structure with 3 links
2025-06-18 21:14:29,863 - INFO - Found likely first place horse via structure analysis: Roarin' Success
2025-06-18 21:14:29,872 - INFO - Found potential first place horse with background styling
2025-06-18 21:14:29,872 - INFO - Found potential first place horse with background styling
2025-06-18 21:14:29,872 - INFO - Found potential first place horse with background styling
2025-06-18 21:14:29,873 - INFO - Found potential first place horse with background styling
2025-06-18 21:14:29,873 - INFO - Found potential first place horse with background styling
2025-06-18 21:14:29,873 - INFO - Found potential first place horse with background styling
2025-06-18 21:14:29,873 - INFO - Found potential first place horse with background styling
2025-06-18 21:14:29,876 - INFO - Found 16 horse entries for https://www.racingtv.com/results/2025-06-15/hamilton-park/1745 using multiple detection methods
2025-06-18 21:14:29,876 - INFO - Processing sub block #1 for https://www.racingtv.com/results/2025-06-15/hamilton-park/1745
2025-06-18 21:14:29,876 - INFO - Found 3 <a> tags - Horse: Surprised, Jockey: K Stott (claim: 0), Trainer: E Bethell
2025-06-18 21:14:29,878 - INFO - Position/Length - Found 2 children: Position: 8th, Lost by: 2 3/4 l
2025-06-18 21:14:29,878 - INFO - Extracted: Surprised - Position: 8th, Lost by: 2 3/4 l, Jockey: K Stott (claim: 0), Trainer: E Bethell, Age: 3, Weight: 9-1, Rating: 80
2025-06-18 21:14:29,878 - INFO - Processing sub block #2 for https://www.racingtv.com/results/2025-06-15/hamilton-park/1745
2025-06-18 21:14:29,878 - INFO - Found 3 <a> tags - Horse: Typical Woman, Jockey: Ryan Kavanagh (claim: 5), Trainer: Ian Williams
2025-06-18 21:14:29,880 - INFO - Position/Length - Found 2 children: Position: 7th, Lost by: 2 3/4 l
2025-06-18 21:14:29,880 - INFO - Extracted: Typical Woman - Position: 7th, Lost by: 2 3/4 l, Jockey: Ryan Kavanagh (claim: 5), Trainer: Ian Williams, Age: 6, Weight: 9-8p, Rating: 75
2025-06-18 21:14:29,880 - INFO - Processing sub block #3 for https://www.racingtv.com/results/2025-06-15/hamilton-park/1745
2025-06-18 21:14:29,880 - INFO - Found 3 <a> tags - Horse: Hackney Diamonds, Jockey: Warren Fentiman (claim: 5), Trainer: Ian Williams
2025-06-18 21:14:29,882 - INFO - Position/Length - Found 2 children: Position: 6th, Lost by: 1/2 l
2025-06-18 21:14:29,882 - INFO - Extracted: Hackney Diamonds - Position: 6th, Lost by: 1/2 l, Jockey: Warren Fentiman (claim: 5), Trainer: Ian Williams, Age: 3, Weight: 8-6, Rating: 71
2025-06-18 21:14:29,882 - INFO - Processing sub block #4 for https://www.racingtv.com/results/2025-06-15/hamilton-park/1745
2025-06-18 21:14:29,882 - INFO - Found 3 <a> tags - Horse: Penelope's Sister (IRE), Jockey: Lauren Young (claim: 7), Trainer: J S Goldie
2025-06-18 21:14:29,884 - INFO - Position/Length - Found 2 children: Position: 5th, Lost by: 4 3/4 l
2025-06-18 21:14:29,884 - INFO - Extracted: Penelope's Sister (IRE) - Position: 5th, Lost by: 4 3/4 l, Jockey: Lauren Young (claim: 7), Trainer: J S Goldie, Age: 5, Weight: 8-11, Rating: 64
2025-06-18 21:14:29,884 - INFO - Processing sub block #5 for https://www.racingtv.com/results/2025-06-15/hamilton-park/1745
2025-06-18 21:14:29,885 - INFO - Found 3 <a> tags - Horse: Zapphire (IRE), Jockey: Ryan Sexton (claim: 0), Trainer: Miss J A Camacho
2025-06-18 21:14:29,887 - INFO - Position/Length - Found 2 children: Position: 4th, Lost by: 1 1/4 l
2025-06-18 21:14:29,887 - INFO - Extracted: Zapphire (IRE) - Position: 4th, Lost by: 1 1/4 l, Jockey: Ryan Sexton (claim: 0), Trainer: Miss J A Camacho, Age: 5, Weight: 10-2p, Rating: 83
2025-06-18 21:14:29,887 - INFO - Processing sub block #6 for https://www.racingtv.com/results/2025-06-15/hamilton-park/1745
2025-06-18 21:14:29,887 - INFO - Found 3 <a> tags - Horse: Lunar Eclipse (IRE), Jockey: T Eaves (claim: 0), Trainer: K A Ryan
2025-06-18 21:14:29,889 - INFO - Position/Length - Found 2 children: Position: 3rd, Lost by: 1 1/2 l
2025-06-18 21:14:29,889 - INFO - Extracted: Lunar Eclipse (IRE) - Position: 3rd, Lost by: 1 1/2 l, Jockey: T Eaves (claim: 0), Trainer: K A Ryan, Age: 4, Weight: 10-1, Rating: 82
2025-06-18 21:14:29,889 - INFO - Processing sub block #7 for https://www.racingtv.com/results/2025-06-15/hamilton-park/1745
2025-06-18 21:14:29,889 - INFO - Found 3 <a> tags - Horse: Epidavros (IRE), Jockey: Jason Hart (claim: 0), Trainer: K Scott
2025-06-18 21:14:29,891 - INFO - Position/Length - Found 2 children: Position: 2nd, Lost by: Neck
2025-06-18 21:14:29,891 - INFO - Extracted: Epidavros (IRE) - Position: 2nd, Lost by: Neck, Jockey: Jason Hart (claim: 0), Trainer: K Scott, Age: 4, Weight: 9-5, Rating: 72
2025-06-18 21:14:29,891 - INFO - Processing sub block #8 for https://www.racingtv.com/results/2025-06-15/hamilton-park/1745
2025-06-18 21:14:29,891 - INFO - Found 3 <a> tags - Horse: Roarin' Success, Jockey: Callum Shepherd (claim: 0), Trainer: Harry Charlton
2025-06-18 21:14:29,894 - INFO - Position/Length - Found 1 children: Position: 1st, Lost by: N/A
2025-06-18 21:14:29,894 - INFO - Confirmed winner: Roarin' Success
2025-06-18 21:14:29,894 - INFO - Extracted: Roarin' Success - Position: 1st, Lost by: N/A, Jockey: Callum Shepherd (claim: 0), Trainer: Harry Charlton, Age: 5, Weight: 9-12, Rating: 79
2025-06-18 21:14:29,894 - INFO - Processing sub block #9 for https://www.racingtv.com/results/2025-06-15/hamilton-park/1745
2025-06-18 21:14:29,894 - INFO - Found 3 <a> tags - Horse: Surprised, Jockey: K Stott (claim: 0), Trainer: E Bethell
2025-06-18 21:14:29,895 - INFO - Position/Length - Found 2 children: Position: 8th, Lost by: 2 3/4 l
2025-06-18 21:14:29,895 - INFO - Extracted: Surprised - Position: 8th, Lost by: 2 3/4 l, Jockey: K Stott (claim: 0), Trainer: E Bethell, Age: 3, Weight: 9-1, Rating: 80
2025-06-18 21:14:29,895 - INFO - Processing sub block #10 for https://www.racingtv.com/results/2025-06-15/hamilton-park/1745
2025-06-18 21:14:29,895 - INFO - Found 3 <a> tags - Horse: Typical Woman, Jockey: Ryan Kavanagh (claim: 5), Trainer: Ian Williams
2025-06-18 21:14:29,896 - INFO - Position/Length - Found 2 children: Position: 7th, Lost by: 2 3/4 l
2025-06-18 21:14:29,896 - INFO - Extracted: Typical Woman - Position: 7th, Lost by: 2 3/4 l, Jockey: Ryan Kavanagh (claim: 5), Trainer: Ian Williams, Age: 6, Weight: 9-8p, Rating: 75
2025-06-18 21:14:29,896 - INFO - Processing sub block #11 for https://www.racingtv.com/results/2025-06-15/hamilton-park/1745
2025-06-18 21:14:29,896 - INFO - Found 3 <a> tags - Horse: Hackney Diamonds, Jockey: Warren Fentiman (claim: 5), Trainer: Ian Williams
2025-06-18 21:14:29,897 - INFO - Position/Length - Found 2 children: Position: 6th, Lost by: 1/2 l
2025-06-18 21:14:29,897 - INFO - Extracted: Hackney Diamonds - Position: 6th, Lost by: 1/2 l, Jockey: Warren Fentiman (claim: 5), Trainer: Ian Williams, Age: 3, Weight: 8-6, Rating: 71
2025-06-18 21:14:29,897 - INFO - Processing sub block #12 for https://www.racingtv.com/results/2025-06-15/hamilton-park/1745
2025-06-18 21:14:29,897 - INFO - Found 3 <a> tags - Horse: Penelope's Sister (IRE), Jockey: Lauren Young (claim: 7), Trainer: J S Goldie
2025-06-18 21:14:29,898 - INFO - Position/Length - Found 2 children: Position: 5th, Lost by: 4 3/4 l
2025-06-18 21:14:29,898 - INFO - Extracted: Penelope's Sister (IRE) - Position: 5th, Lost by: 4 3/4 l, Jockey: Lauren Young (claim: 7), Trainer: J S Goldie, Age: 5, Weight: 8-11, Rating: 64
2025-06-18 21:14:29,898 - INFO - Processing sub block #13 for https://www.racingtv.com/results/2025-06-15/hamilton-park/1745
2025-06-18 21:14:29,898 - INFO - Found 3 <a> tags - Horse: Zapphire (IRE), Jockey: Ryan Sexton (claim: 0), Trainer: Miss J A Camacho
2025-06-18 21:14:29,898 - INFO - Position/Length - Found 2 children: Position: 4th, Lost by: 1 1/4 l
2025-06-18 21:14:29,898 - INFO - Extracted: Zapphire (IRE) - Position: 4th, Lost by: 1 1/4 l, Jockey: Ryan Sexton (claim: 0), Trainer: Miss J A Camacho, Age: 5, Weight: 10-2p, Rating: 83
2025-06-18 21:14:29,899 - INFO - Processing sub block #14 for https://www.racingtv.com/results/2025-06-15/hamilton-park/1745
2025-06-18 21:14:29,899 - INFO - Found 3 <a> tags - Horse: Lunar Eclipse (IRE), Jockey: T Eaves (claim: 0), Trainer: K A Ryan
2025-06-18 21:14:29,900 - INFO - Position/Length - Found 2 children: Position: 3rd, Lost by: 1 1/2 l
2025-06-18 21:14:29,900 - INFO - Extracted: Lunar Eclipse (IRE) - Position: 3rd, Lost by: 1 1/2 l, Jockey: T Eaves (claim: 0), Trainer: K A Ryan, Age: 4, Weight: 10-1, Rating: 82
2025-06-18 21:14:29,900 - INFO - Processing sub block #15 for https://www.racingtv.com/results/2025-06-15/hamilton-park/1745
2025-06-18 21:14:29,900 - INFO - Found 3 <a> tags - Horse: Epidavros (IRE), Jockey: Jason Hart (claim: 0), Trainer: K Scott
2025-06-18 21:14:29,901 - INFO - Position/Length - Found 2 children: Position: 2nd, Lost by: Neck
2025-06-18 21:14:29,901 - INFO - Extracted: Epidavros (IRE) - Position: 2nd, Lost by: Neck, Jockey: Jason Hart (claim: 0), Trainer: K Scott, Age: 4, Weight: 9-5, Rating: 72
2025-06-18 21:14:29,901 - INFO - Processing sub block #16 for https://www.racingtv.com/results/2025-06-15/hamilton-park/1745
2025-06-18 21:14:29,901 - INFO - Found 3 <a> tags - Horse: Roarin' Success, Jockey: Callum Shepherd (claim: 0), Trainer: Harry Charlton
2025-06-18 21:14:29,902 - INFO - Position/Length - Found 1 children: Position: 1st, Lost by: N/A
2025-06-18 21:14:29,902 - INFO - Extracted: Roarin' Success - Position: 1st, Lost by: N/A, Jockey: Callum Shepherd (claim: 0), Trainer: Harry Charlton, Age: 5, Weight: 9-12, Rating: 79
2025-06-18 21:14:29,902 - INFO - Successfully extracted 16/16 horse records from https://www.racingtv.com/results/2025-06-15/hamilton-park/1745
2025-06-18 21:14:29,902 - INFO - :) First place horse found successfully
2025-06-18 21:14:29,902 - INFO - :) First place horse found successfully
2025-06-18 21:14:29,902 - INFO - :) First place horse found successfully
2025-06-18 21:14:29,902 - INFO - :) First place horse found successfully
2025-06-18 21:14:29,903 - INFO - :) First place horse found successfully
2025-06-18 21:14:29,903 - INFO - :) First place horse found successfully
2025-06-18 21:14:29,903 - INFO - :) First place horse found successfully
2025-06-18 21:14:29,903 - INFO - :) First place horse found successfully
2025-06-18 21:14:29,903 - INFO - :) First place horse found successfully
2025-06-18 21:14:29,903 - INFO - :) First place horse found successfully
2025-06-18 21:14:29,903 - INFO - :) First place horse found successfully
2025-06-18 21:14:29,903 - INFO - :) First place horse found successfully
2025-06-18 21:14:29,903 - INFO - :) First place horse found successfully
2025-06-18 21:14:29,903 - INFO - :) First place horse found successfully
2025-06-18 21:14:29,903 - INFO - :) First place horse found successfully
2025-06-18 21:14:29,903 - INFO - :) First place horse found successfully
2025-06-18 21:14:29,903 - INFO - :) First place horse found successfully
2025-06-18 21:14:29,903 - INFO - Successfully parsed 16 horse records from: https://www.racingtv.com/results/2025-06-15/hamilton-park/1745
2025-06-18 21:14:29,904 - INFO - Waiting 3 seconds before next request...
2025-06-18 21:14:32,905 - INFO - Batch 1 - URL 21/22: https://www.racingtv.com/results/2025-06-15/hamilton-park/1815
2025-06-18 21:14:32,905 - INFO - Loading page with Selenium: https://www.racingtv.com/results/2025-06-15/hamilton-park/1815
2025-06-18 21:14:38,657 - INFO - Racing main block detected for: https://www.racingtv.com/results/2025-06-15/hamilton-park/1815
2025-06-18 21:14:38,730 - INFO - Successfully loaded page: https://www.racingtv.com/results/2025-06-15/hamilton-park/1815
2025-06-18 21:14:39,231 - INFO - Extracted race info - Track: N/A, Date: N/A, Time: 18:15
2025-06-18 21:14:39,232 - INFO - Found 2nd h3 tag: Good To Soft  4YO+ 6f 6y Winner: £15,462 (14 runners)
2025-06-18 21:14:39,233 - INFO - Extracted - Going: Good To Soft, Distance: 6f 6y
2025-06-18 21:14:39,233 - INFO - Extracting racing data from: https://www.racingtv.com/results/2025-06-15/hamilton-park/1815
2025-06-18 21:14:39,277 - INFO - Processing main block #1 for https://www.racingtv.com/results/2025-06-15/hamilton-park/1815
2025-06-18 21:14:39,322 - INFO - Checking 2nd child of main block for first place horse...
2025-06-18 21:14:39,341 - INFO - Found alternative horse block structure with 3 links
2025-06-18 21:14:39,341 - INFO - Found alternative horse block structure with 3 links
2025-06-18 21:14:39,342 - INFO - Found alternative horse block structure with 3 links
2025-06-18 21:14:39,342 - INFO - Found alternative horse block structure with 3 links
2025-06-18 21:14:39,342 - INFO - Found alternative horse block structure with 3 links
2025-06-18 21:14:39,343 - INFO - Found alternative horse block structure with 3 links
2025-06-18 21:14:39,343 - INFO - Found alternative horse block structure with 3 links
2025-06-18 21:14:39,343 - INFO - Found alternative horse block structure with 3 links
2025-06-18 21:14:39,344 - INFO - Found alternative horse block structure with 3 links
2025-06-18 21:14:39,344 - INFO - Found alternative horse block structure with 3 links
2025-06-18 21:14:39,345 - INFO - Found alternative horse block structure with 3 links
2025-06-18 21:14:39,345 - INFO - Found alternative horse block structure with 3 links
2025-06-18 21:14:39,345 - INFO - Found alternative horse block structure with 3 links
2025-06-18 21:14:39,346 - INFO - Found alternative horse block structure with 3 links
2025-06-18 21:14:39,425 - INFO - Found likely first place horse via structure analysis: Abduction (FR)
2025-06-18 21:14:39,438 - INFO - Found potential first place horse with background styling
2025-06-18 21:14:39,439 - INFO - Found potential first place horse with background styling
2025-06-18 21:14:39,439 - INFO - Found potential first place horse with background styling
2025-06-18 21:14:39,439 - INFO - Found potential first place horse with background styling
2025-06-18 21:14:39,439 - INFO - Found potential first place horse with background styling
2025-06-18 21:14:39,440 - INFO - Found potential first place horse with background styling
2025-06-18 21:14:39,440 - INFO - Found potential first place horse with background styling
2025-06-18 21:14:39,440 - INFO - Found potential first place horse with background styling
2025-06-18 21:14:39,441 - INFO - Found potential first place horse with background styling
2025-06-18 21:14:39,441 - INFO - Found potential first place horse with background styling
2025-06-18 21:14:39,441 - INFO - Found potential first place horse with background styling
2025-06-18 21:14:39,442 - INFO - Found potential first place horse with background styling
2025-06-18 21:14:39,442 - INFO - Found potential first place horse with background styling
2025-06-18 21:14:39,446 - INFO - Found 28 horse entries for https://www.racingtv.com/results/2025-06-15/hamilton-park/1815 using multiple detection methods
2025-06-18 21:14:39,446 - INFO - Processing sub block #1 for https://www.racingtv.com/results/2025-06-15/hamilton-park/1815
2025-06-18 21:14:39,447 - INFO - Found 3 <a> tags - Horse: Sweet Thing (IRE), Jockey: Oliver Stammers (claim: 0), Trainer: Grant Tuer
2025-06-18 21:14:39,448 - INFO - Position/Length - Found 2 children: Position: 14th, Lost by: 3 1/4 l
2025-06-18 21:14:39,448 - INFO - Extracted: Sweet Thing (IRE) - Position: 14th, Lost by: 3 1/4 l, Jockey: Oliver Stammers (claim: 0), Trainer: Grant Tuer, Age: 4, Weight: 9-7, Rating: 77
2025-06-18 21:14:39,448 - INFO - Processing sub block #2 for https://www.racingtv.com/results/2025-06-15/hamilton-park/1815
2025-06-18 21:14:39,449 - INFO - Found 3 <a> tags - Horse: Mersea (FR), Jockey: Tom Kiely-Marshall (claim: 5), Trainer: Grant Tuer
2025-06-18 21:14:39,450 - INFO - Position/Length - Found 2 children: Position: 13th, Lost by: 1 l
2025-06-18 21:14:39,450 - INFO - Extracted: Mersea (FR) - Position: 13th, Lost by: 1 l, Jockey: Tom Kiely-Marshall (claim: 5), Trainer: Grant Tuer, Age: 5, Weight: 8-13, Rating: 69
2025-06-18 21:14:39,451 - INFO - Processing sub block #3 for https://www.racingtv.com/results/2025-06-15/hamilton-park/1815
2025-06-18 21:14:39,451 - INFO - Found 3 <a> tags - Horse: Brazilian Rose (IRE), Jockey: Kaiya Fraser (claim: 0), Trainer: R Menzies
2025-06-18 21:14:39,453 - INFO - Position/Length - Found 2 children: Position: 12th, Lost by: 1 3/4 l
2025-06-18 21:14:39,453 - INFO - Extracted: Brazilian Rose (IRE) - Position: 12th, Lost by: 1 3/4 l, Jockey: Kaiya Fraser (claim: 0), Trainer: R Menzies, Age: 4, Weight: 9-6, Rating: 76
2025-06-18 21:14:39,453 - INFO - Processing sub block #4 for https://www.racingtv.com/results/2025-06-15/hamilton-park/1815
2025-06-18 21:14:39,453 - INFO - Found 3 <a> tags - Horse: Rock Melody (IRE), Jockey: P Mulrennan (claim: 0), Trainer: J S Goldie
2025-06-18 21:14:39,454 - INFO - Position/Length - Found 2 children: Position: 11th, Lost by: 3/4 l
2025-06-18 21:14:39,455 - INFO - Extracted: Rock Melody (IRE) - Position: 11th, Lost by: 3/4 l, Jockey: P Mulrennan (claim: 0), Trainer: J S Goldie, Age: 6, Weight: 9-4p, Rating: 74
2025-06-18 21:14:39,455 - INFO - Processing sub block #5 for https://www.racingtv.com/results/2025-06-15/hamilton-park/1815
2025-06-18 21:14:39,455 - INFO - Found 3 <a> tags - Horse: Mr Wagyu (IRE), Jockey: Harry Russell (claim: 0), Trainer: J & S Quinn
2025-06-18 21:14:39,456 - INFO - Position/Length - Found 2 children: Position: 10th, Lost by: 2 l
2025-06-18 21:14:39,456 - INFO - Extracted: Mr Wagyu (IRE) - Position: 10th, Lost by: 2 l, Jockey: Harry Russell (claim: 0), Trainer: J & S Quinn, Age: 10, Weight: 9-6v, Rating: 76
2025-06-18 21:14:39,457 - INFO - Processing sub block #6 for https://www.racingtv.com/results/2025-06-15/hamilton-park/1815
2025-06-18 21:14:39,457 - INFO - Found 3 <a> tags - Horse: Hectic, Jockey: Billy Garritty (claim: 0), Trainer: L Bailey
2025-06-18 21:14:39,458 - INFO - Position/Length - Found 2 children: Position: 9th, Lost by: 3/4 l
2025-06-18 21:14:39,458 - INFO - Extracted: Hectic - Position: 9th, Lost by: 3/4 l, Jockey: Billy Garritty (claim: 0), Trainer: L Bailey, Age: 5, Weight: 9-7p, Rating: 77
2025-06-18 21:14:39,458 - INFO - Processing sub block #7 for https://www.racingtv.com/results/2025-06-15/hamilton-park/1815
2025-06-18 21:14:39,459 - INFO - Found 3 <a> tags - Horse: Only Spoofing (IRE), Jockey: C Lee (claim: 0), Trainer: Kevin Coleman
2025-06-18 21:14:39,460 - INFO - Position/Length - Found 2 children: Position: 8th, Lost by: Short Head
2025-06-18 21:14:39,460 - INFO - Extracted: Only Spoofing (IRE) - Position: 8th, Lost by: Short Head, Jockey: C Lee (claim: 0), Trainer: Kevin Coleman, Age: 11, Weight: 8-13, Rating: 69
2025-06-18 21:14:39,460 - INFO - Processing sub block #8 for https://www.racingtv.com/results/2025-06-15/hamilton-park/1815
2025-06-18 21:14:39,461 - INFO - Found 3 <a> tags - Horse: Cargin Bhui (IRE), Jockey: J Fanning (claim: 0), Trainer: T D Barron
2025-06-18 21:14:39,462 - INFO - Position/Length - Found 2 children: Position: 7th, Lost by: 3/4 l
2025-06-18 21:14:39,462 - INFO - Extracted: Cargin Bhui (IRE) - Position: 7th, Lost by: 3/4 l, Jockey: J Fanning (claim: 0), Trainer: T D Barron, Age: 4, Weight: 9-4, Rating: 74
2025-06-18 21:14:39,462 - INFO - Processing sub block #9 for https://www.racingtv.com/results/2025-06-15/hamilton-park/1815
2025-06-18 21:14:39,463 - INFO - Found 3 <a> tags - Horse: Sacred Falls (IRE), Jockey: Joanna Mason (claim: 0), Trainer: K Scott
2025-06-18 21:14:39,464 - INFO - Position/Length - Found 2 children: Position: 6th, Lost by: 3/4 l
2025-06-18 21:14:39,464 - INFO - Extracted: Sacred Falls (IRE) - Position: 6th, Lost by: 3/4 l, Jockey: Joanna Mason (claim: 0), Trainer: K Scott, Age: 5, Weight: 9-1p, Rating: 71
2025-06-18 21:14:39,464 - INFO - Processing sub block #10 for https://www.racingtv.com/results/2025-06-15/hamilton-park/1815
2025-06-18 21:14:39,465 - INFO - Found 3 <a> tags - Horse: Hour By Hour, Jockey: Mohammed Tabti (claim: 5), Trainer: I Jardine
2025-06-18 21:14:39,466 - INFO - Position/Length - Found 2 children: Position: 5th, Lost by: 1/2 l
2025-06-18 21:14:39,466 - INFO - Extracted: Hour By Hour - Position: 5th, Lost by: 1/2 l, Jockey: Mohammed Tabti (claim: 5), Trainer: I Jardine, Age: 5, Weight: 9-8, Rating: 78
2025-06-18 21:14:39,466 - INFO - Processing sub block #11 for https://www.racingtv.com/results/2025-06-15/hamilton-park/1815
2025-06-18 21:14:39,467 - INFO - Found 3 <a> tags - Horse: Rock Opera, Jockey: Warren Fentiman (claim: 5), Trainer: R A Fahey
2025-06-18 21:14:39,468 - INFO - Position/Length - Found 2 children: Position: 4th, Lost by: 1 l
2025-06-18 21:14:39,468 - INFO - Extracted: Rock Opera - Position: 4th, Lost by: 1 l, Jockey: Warren Fentiman (claim: 5), Trainer: R A Fahey, Age: 5, Weight: 9-9v, Rating: 79
2025-06-18 21:14:39,468 - INFO - Processing sub block #12 for https://www.racingtv.com/results/2025-06-15/hamilton-park/1815
2025-06-18 21:14:39,469 - INFO - Found 3 <a> tags - Horse: Monsieur Kodi (IRE), Jockey: O J Orr (claim: 0), Trainer: R A Fahey
2025-06-18 21:14:39,470 - INFO - Position/Length - Found 2 children: Position: 3rd, Lost by: 1 l
2025-06-18 21:14:39,470 - INFO - Extracted: Monsieur Kodi (IRE) - Position: 3rd, Lost by: 1 l, Jockey: O J Orr (claim: 0), Trainer: R A Fahey, Age: 6, Weight: 9-4, Rating: 74
2025-06-18 21:14:39,470 - INFO - Processing sub block #13 for https://www.racingtv.com/results/2025-06-15/hamilton-park/1815
2025-06-18 21:14:39,470 - INFO - Found 3 <a> tags - Horse: Sir Garfield (IRE), Jockey: Jason Hart (claim: 0), Trainer: J & S Quinn
2025-06-18 21:14:39,472 - INFO - Position/Length - Found 2 children: Position: 2nd, Lost by: Neck
2025-06-18 21:14:39,472 - INFO - Extracted: Sir Garfield (IRE) - Position: 2nd, Lost by: Neck, Jockey: Jason Hart (claim: 0), Trainer: J & S Quinn, Age: 4, Weight: 9-2b, Rating: 72
2025-06-18 21:14:39,472 - INFO - Processing sub block #14 for https://www.racingtv.com/results/2025-06-15/hamilton-park/1815
2025-06-18 21:14:39,473 - INFO - Found 3 <a> tags - Horse: Abduction (FR), Jockey: S A Gray (claim: 0), Trainer: J S Goldie
2025-06-18 21:14:39,474 - INFO - Position/Length - Found 1 children: Position: 1st, Lost by: N/A
2025-06-18 21:14:39,474 - INFO - Confirmed winner: Abduction (FR)
2025-06-18 21:14:39,474 - INFO - Extracted: Abduction (FR) - Position: 1st, Lost by: N/A, Jockey: S A Gray (claim: 0), Trainer: J S Goldie, Age: 7, Weight: 9-6v, Rating: 76
2025-06-18 21:14:39,474 - INFO - Processing sub block #15 for https://www.racingtv.com/results/2025-06-15/hamilton-park/1815
2025-06-18 21:14:39,475 - INFO - Found 3 <a> tags - Horse: Sweet Thing (IRE), Jockey: Oliver Stammers (claim: 0), Trainer: Grant Tuer
2025-06-18 21:14:39,475 - INFO - Position/Length - Found 2 children: Position: 14th, Lost by: 3 1/4 l
2025-06-18 21:14:39,475 - INFO - Extracted: Sweet Thing (IRE) - Position: 14th, Lost by: 3 1/4 l, Jockey: Oliver Stammers (claim: 0), Trainer: Grant Tuer, Age: 4, Weight: 9-7, Rating: 77
2025-06-18 21:14:39,475 - INFO - Processing sub block #16 for https://www.racingtv.com/results/2025-06-15/hamilton-park/1815
2025-06-18 21:14:39,476 - INFO - Found 3 <a> tags - Horse: Mersea (FR), Jockey: Tom Kiely-Marshall (claim: 5), Trainer: Grant Tuer
2025-06-18 21:14:39,476 - INFO - Position/Length - Found 2 children: Position: 13th, Lost by: 1 l
2025-06-18 21:14:39,476 - INFO - Extracted: Mersea (FR) - Position: 13th, Lost by: 1 l, Jockey: Tom Kiely-Marshall (claim: 5), Trainer: Grant Tuer, Age: 5, Weight: 8-13, Rating: 69
2025-06-18 21:14:39,476 - INFO - Processing sub block #17 for https://www.racingtv.com/results/2025-06-15/hamilton-park/1815
2025-06-18 21:14:39,476 - INFO - Found 3 <a> tags - Horse: Brazilian Rose (IRE), Jockey: Kaiya Fraser (claim: 0), Trainer: R Menzies
2025-06-18 21:14:39,477 - INFO - Position/Length - Found 2 children: Position: 12th, Lost by: 1 3/4 l
2025-06-18 21:14:39,477 - INFO - Extracted: Brazilian Rose (IRE) - Position: 12th, Lost by: 1 3/4 l, Jockey: Kaiya Fraser (claim: 0), Trainer: R Menzies, Age: 4, Weight: 9-6, Rating: 76
2025-06-18 21:14:39,477 - INFO - Processing sub block #18 for https://www.racingtv.com/results/2025-06-15/hamilton-park/1815
2025-06-18 21:14:39,477 - INFO - Found 3 <a> tags - Horse: Rock Melody (IRE), Jockey: P Mulrennan (claim: 0), Trainer: J S Goldie
2025-06-18 21:14:39,478 - INFO - Position/Length - Found 2 children: Position: 11th, Lost by: 3/4 l
2025-06-18 21:14:39,478 - INFO - Extracted: Rock Melody (IRE) - Position: 11th, Lost by: 3/4 l, Jockey: P Mulrennan (claim: 0), Trainer: J S Goldie, Age: 6, Weight: 9-4p, Rating: 74
2025-06-18 21:14:39,478 - INFO - Processing sub block #19 for https://www.racingtv.com/results/2025-06-15/hamilton-park/1815
2025-06-18 21:14:39,478 - INFO - Found 3 <a> tags - Horse: Mr Wagyu (IRE), Jockey: Harry Russell (claim: 0), Trainer: J & S Quinn
2025-06-18 21:14:39,479 - INFO - Position/Length - Found 2 children: Position: 10th, Lost by: 2 l
2025-06-18 21:14:39,479 - INFO - Extracted: Mr Wagyu (IRE) - Position: 10th, Lost by: 2 l, Jockey: Harry Russell (claim: 0), Trainer: J & S Quinn, Age: 10, Weight: 9-6v, Rating: 76
2025-06-18 21:14:39,479 - INFO - Processing sub block #20 for https://www.racingtv.com/results/2025-06-15/hamilton-park/1815
2025-06-18 21:14:39,479 - INFO - Found 3 <a> tags - Horse: Hectic, Jockey: Billy Garritty (claim: 0), Trainer: L Bailey
2025-06-18 21:14:39,479 - INFO - Position/Length - Found 2 children: Position: 9th, Lost by: 3/4 l
2025-06-18 21:14:39,480 - INFO - Extracted: Hectic - Position: 9th, Lost by: 3/4 l, Jockey: Billy Garritty (claim: 0), Trainer: L Bailey, Age: 5, Weight: 9-7p, Rating: 77
2025-06-18 21:14:39,480 - INFO - Processing sub block #21 for https://www.racingtv.com/results/2025-06-15/hamilton-park/1815
2025-06-18 21:14:39,480 - INFO - Found 3 <a> tags - Horse: Only Spoofing (IRE), Jockey: C Lee (claim: 0), Trainer: Kevin Coleman
2025-06-18 21:14:39,480 - INFO - Position/Length - Found 2 children: Position: 8th, Lost by: Short Head
2025-06-18 21:14:39,480 - INFO - Extracted: Only Spoofing (IRE) - Position: 8th, Lost by: Short Head, Jockey: C Lee (claim: 0), Trainer: Kevin Coleman, Age: 11, Weight: 8-13, Rating: 69
2025-06-18 21:14:39,480 - INFO - Processing sub block #22 for https://www.racingtv.com/results/2025-06-15/hamilton-park/1815
2025-06-18 21:14:39,481 - INFO - Found 3 <a> tags - Horse: Cargin Bhui (IRE), Jockey: J Fanning (claim: 0), Trainer: T D Barron
2025-06-18 21:14:39,481 - INFO - Position/Length - Found 2 children: Position: 7th, Lost by: 3/4 l
2025-06-18 21:14:39,481 - INFO - Extracted: Cargin Bhui (IRE) - Position: 7th, Lost by: 3/4 l, Jockey: J Fanning (claim: 0), Trainer: T D Barron, Age: 4, Weight: 9-4, Rating: 74
2025-06-18 21:14:39,481 - INFO - Processing sub block #23 for https://www.racingtv.com/results/2025-06-15/hamilton-park/1815
2025-06-18 21:14:39,482 - INFO - Found 3 <a> tags - Horse: Sacred Falls (IRE), Jockey: Joanna Mason (claim: 0), Trainer: K Scott
2025-06-18 21:14:39,482 - INFO - Position/Length - Found 2 children: Position: 6th, Lost by: 3/4 l
2025-06-18 21:14:39,482 - INFO - Extracted: Sacred Falls (IRE) - Position: 6th, Lost by: 3/4 l, Jockey: Joanna Mason (claim: 0), Trainer: K Scott, Age: 5, Weight: 9-1p, Rating: 71
2025-06-18 21:14:39,482 - INFO - Processing sub block #24 for https://www.racingtv.com/results/2025-06-15/hamilton-park/1815
2025-06-18 21:14:39,482 - INFO - Found 3 <a> tags - Horse: Hour By Hour, Jockey: Mohammed Tabti (claim: 5), Trainer: I Jardine
2025-06-18 21:14:39,483 - INFO - Position/Length - Found 2 children: Position: 5th, Lost by: 1/2 l
2025-06-18 21:14:39,483 - INFO - Extracted: Hour By Hour - Position: 5th, Lost by: 1/2 l, Jockey: Mohammed Tabti (claim: 5), Trainer: I Jardine, Age: 5, Weight: 9-8, Rating: 78
2025-06-18 21:14:39,483 - INFO - Processing sub block #25 for https://www.racingtv.com/results/2025-06-15/hamilton-park/1815
2025-06-18 21:14:39,483 - INFO - Found 3 <a> tags - Horse: Rock Opera, Jockey: Warren Fentiman (claim: 5), Trainer: R A Fahey
2025-06-18 21:14:39,484 - INFO - Position/Length - Found 2 children: Position: 4th, Lost by: 1 l
2025-06-18 21:14:39,484 - INFO - Extracted: Rock Opera - Position: 4th, Lost by: 1 l, Jockey: Warren Fentiman (claim: 5), Trainer: R A Fahey, Age: 5, Weight: 9-9v, Rating: 79
2025-06-18 21:14:39,484 - INFO - Processing sub block #26 for https://www.racingtv.com/results/2025-06-15/hamilton-park/1815
2025-06-18 21:14:39,484 - INFO - Found 3 <a> tags - Horse: Monsieur Kodi (IRE), Jockey: O J Orr (claim: 0), Trainer: R A Fahey
2025-06-18 21:14:39,485 - INFO - Position/Length - Found 2 children: Position: 3rd, Lost by: 1 l
2025-06-18 21:14:39,485 - INFO - Extracted: Monsieur Kodi (IRE) - Position: 3rd, Lost by: 1 l, Jockey: O J Orr (claim: 0), Trainer: R A Fahey, Age: 6, Weight: 9-4, Rating: 74
2025-06-18 21:14:39,485 - INFO - Processing sub block #27 for https://www.racingtv.com/results/2025-06-15/hamilton-park/1815
2025-06-18 21:14:39,485 - INFO - Found 3 <a> tags - Horse: Sir Garfield (IRE), Jockey: Jason Hart (claim: 0), Trainer: J & S Quinn
2025-06-18 21:14:39,486 - INFO - Position/Length - Found 2 children: Position: 2nd, Lost by: Neck
2025-06-18 21:14:39,486 - INFO - Extracted: Sir Garfield (IRE) - Position: 2nd, Lost by: Neck, Jockey: Jason Hart (claim: 0), Trainer: J & S Quinn, Age: 4, Weight: 9-2b, Rating: 72
2025-06-18 21:14:39,486 - INFO - Processing sub block #28 for https://www.racingtv.com/results/2025-06-15/hamilton-park/1815
2025-06-18 21:14:39,486 - INFO - Found 3 <a> tags - Horse: Abduction (FR), Jockey: S A Gray (claim: 0), Trainer: J S Goldie
2025-06-18 21:14:39,486 - INFO - Position/Length - Found 1 children: Position: 1st, Lost by: N/A
2025-06-18 21:14:39,487 - INFO - Extracted: Abduction (FR) - Position: 1st, Lost by: N/A, Jockey: S A Gray (claim: 0), Trainer: J S Goldie, Age: 7, Weight: 9-6v, Rating: 76
2025-06-18 21:14:39,487 - INFO - Successfully extracted 28/28 horse records from https://www.racingtv.com/results/2025-06-15/hamilton-park/1815
2025-06-18 21:14:39,487 - INFO - :) First place horse found successfully
2025-06-18 21:14:39,487 - INFO - :) First place horse found successfully
2025-06-18 21:14:39,487 - INFO - :) First place horse found successfully
2025-06-18 21:14:39,487 - INFO - :) First place horse found successfully
2025-06-18 21:14:39,487 - INFO - :) First place horse found successfully
2025-06-18 21:14:39,487 - INFO - :) First place horse found successfully
2025-06-18 21:14:39,487 - INFO - :) First place horse found successfully
2025-06-18 21:14:39,487 - INFO - :) First place horse found successfully
2025-06-18 21:14:39,487 - INFO - :) First place horse found successfully
2025-06-18 21:14:39,487 - INFO - :) First place horse found successfully
2025-06-18 21:14:39,487 - INFO - :) First place horse found successfully
2025-06-18 21:14:39,487 - INFO - :) First place horse found successfully
2025-06-18 21:14:39,487 - INFO - :) First place horse found successfully
2025-06-18 21:14:39,488 - INFO - :) First place horse found successfully
2025-06-18 21:14:39,488 - INFO - :) First place horse found successfully
2025-06-18 21:14:39,488 - INFO - :) First place horse found successfully
2025-06-18 21:14:39,488 - INFO - :) First place horse found successfully
2025-06-18 21:14:39,488 - INFO - :) First place horse found successfully
2025-06-18 21:14:39,488 - INFO - :) First place horse found successfully
2025-06-18 21:14:39,488 - INFO - :) First place horse found successfully
2025-06-18 21:14:39,488 - INFO - :) First place horse found successfully
2025-06-18 21:14:39,488 - INFO - :) First place horse found successfully
2025-06-18 21:14:39,488 - INFO - :) First place horse found successfully
2025-06-18 21:14:39,488 - INFO - :) First place horse found successfully
2025-06-18 21:14:39,488 - INFO - :) First place horse found successfully
2025-06-18 21:14:39,488 - INFO - :) First place horse found successfully
2025-06-18 21:14:39,488 - INFO - :) First place horse found successfully
2025-06-18 21:14:39,488 - INFO - :) First place horse found successfully
2025-06-18 21:14:39,488 - INFO - :) First place horse found successfully
2025-06-18 21:14:39,488 - INFO - Successfully parsed 28 horse records from: https://www.racingtv.com/results/2025-06-15/hamilton-park/1815
2025-06-18 21:14:39,489 - INFO - Waiting 3 seconds before next request...
2025-06-18 21:14:42,490 - INFO - Batch 1 - URL 22/22: https://www.racingtv.com/results/2025-06-15/hamilton-park/1845
2025-06-18 21:14:42,490 - INFO - Loading page with Selenium: https://www.racingtv.com/results/2025-06-15/hamilton-park/1845
2025-06-18 21:14:47,815 - INFO - Racing main block detected for: https://www.racingtv.com/results/2025-06-15/hamilton-park/1845
2025-06-18 21:14:47,887 - INFO - Successfully loaded page: https://www.racingtv.com/results/2025-06-15/hamilton-park/1845
2025-06-18 21:14:48,415 - INFO - Extracted race info - Track: N/A, Date: N/A, Time: 18:45
2025-06-18 21:14:48,417 - INFO - Found 2nd h3 tag: Good To Soft  4YO+ 1m 3f 15y Winner: £15,462 (14 runners)
2025-06-18 21:14:48,417 - INFO - Extracted - Going: Good To Soft, Distance: 1m 3f 15y
2025-06-18 21:14:48,417 - INFO - Extracting racing data from: https://www.racingtv.com/results/2025-06-15/hamilton-park/1845
2025-06-18 21:14:48,471 - INFO - Processing main block #1 for https://www.racingtv.com/results/2025-06-15/hamilton-park/1845
2025-06-18 21:14:48,520 - INFO - Checking 2nd child of main block for first place horse...
2025-06-18 21:14:48,540 - INFO - Found alternative horse block structure with 3 links
2025-06-18 21:14:48,540 - INFO - Found alternative horse block structure with 3 links
2025-06-18 21:14:48,541 - INFO - Found alternative horse block structure with 3 links
2025-06-18 21:14:48,541 - INFO - Found alternative horse block structure with 3 links
2025-06-18 21:14:48,542 - INFO - Found alternative horse block structure with 3 links
2025-06-18 21:14:48,542 - INFO - Found alternative horse block structure with 3 links
2025-06-18 21:14:48,543 - INFO - Found alternative horse block structure with 3 links
2025-06-18 21:14:48,543 - INFO - Found alternative horse block structure with 3 links
2025-06-18 21:14:48,543 - INFO - Found alternative horse block structure with 3 links
2025-06-18 21:14:48,544 - INFO - Found alternative horse block structure with 3 links
2025-06-18 21:14:48,544 - INFO - Found alternative horse block structure with 3 links
2025-06-18 21:14:48,544 - INFO - Found alternative horse block structure with 3 links
2025-06-18 21:14:48,545 - INFO - Found alternative horse block structure with 3 links
2025-06-18 21:14:48,545 - INFO - Found alternative horse block structure with 3 links
2025-06-18 21:14:48,630 - INFO - Found likely first place horse via structure analysis: Spanish Hustle
2025-06-18 21:14:48,644 - INFO - Found potential first place horse with background styling
2025-06-18 21:14:48,644 - INFO - Found potential first place horse with background styling
2025-06-18 21:14:48,644 - INFO - Found potential first place horse with background styling
2025-06-18 21:14:48,645 - INFO - Found potential first place horse with background styling
2025-06-18 21:14:48,645 - INFO - Found potential first place horse with background styling
2025-06-18 21:14:48,645 - INFO - Found potential first place horse with background styling
2025-06-18 21:14:48,645 - INFO - Found potential first place horse with background styling
2025-06-18 21:14:48,646 - INFO - Found potential first place horse with background styling
2025-06-18 21:14:48,646 - INFO - Found potential first place horse with background styling
2025-06-18 21:14:48,646 - INFO - Found potential first place horse with background styling
2025-06-18 21:14:48,647 - INFO - Found potential first place horse with background styling
2025-06-18 21:14:48,647 - INFO - Found potential first place horse with background styling
2025-06-18 21:14:48,647 - INFO - Found potential first place horse with background styling
2025-06-18 21:14:48,653 - INFO - Found 28 horse entries for https://www.racingtv.com/results/2025-06-15/hamilton-park/1845 using multiple detection methods
2025-06-18 21:14:48,653 - INFO - Processing sub block #1 for https://www.racingtv.com/results/2025-06-15/hamilton-park/1845
2025-06-18 21:14:48,654 - INFO - Found 3 <a> tags - Horse: High Court Judge (USA), Jockey: Mason Paetel (claim: 5), Trainer: James Owen
2025-06-18 21:14:48,655 - INFO - Position/Length - Found 2 children: Position: 14th, Lost by: 2 l
2025-06-18 21:14:48,655 - INFO - Extracted: High Court Judge (USA) - Position: 14th, Lost by: 2 l, Jockey: Mason Paetel (claim: 5), Trainer: James Owen, Age: 5, Weight: 9-9, Rating: 76
2025-06-18 21:14:48,655 - INFO - Processing sub block #2 for https://www.racingtv.com/results/2025-06-15/hamilton-park/1845
2025-06-18 21:14:48,656 - INFO - Found 3 <a> tags - Horse: Dandy's Angel (IRE), Jockey: Tom Kiely-Marshall (claim: 3), Trainer: J S Wainwright
2025-06-18 21:14:48,658 - INFO - Position/Length - Found 2 children: Position: 13th, Lost by: 3/4 l
2025-06-18 21:14:48,658 - INFO - Extracted: Dandy's Angel (IRE) - Position: 13th, Lost by: 3/4 l, Jockey: Tom Kiely-Marshall (claim: 3), Trainer: J S Wainwright, Age: 8, Weight: 8-10, Rating: 63
2025-06-18 21:14:48,658 - INFO - Processing sub block #3 for https://www.racingtv.com/results/2025-06-15/hamilton-park/1845
2025-06-18 21:14:48,658 - INFO - Found 3 <a> tags - Horse: Idyllic, Jockey: Paula Muir (claim: 0), Trainer: W Storey
2025-06-18 21:14:48,660 - INFO - Position/Length - Found 2 children: Position: 12th, Lost by: 4 l
2025-06-18 21:14:48,660 - INFO - Extracted: Idyllic - Position: 12th, Lost by: 4 l, Jockey: Paula Muir (claim: 0), Trainer: W Storey, Age: 4, Weight: 8-10, Rating: 63
2025-06-18 21:14:48,660 - INFO - Processing sub block #4 for https://www.racingtv.com/results/2025-06-15/hamilton-park/1845
2025-06-18 21:14:48,660 - INFO - Found 3 <a> tags - Horse: Clansman, Jockey: C Horgan (claim: 5), Trainer: L Bailey
2025-06-18 21:14:48,661 - INFO - Position/Length - Found 2 children: Position: 11th, Lost by: 3 1/2 l
2025-06-18 21:14:48,662 - INFO - Extracted: Clansman - Position: 11th, Lost by: 3 1/2 l, Jockey: C Horgan (claim: 5), Trainer: L Bailey, Age: 7, Weight: 9-3, Rating: 70
2025-06-18 21:14:48,662 - INFO - Processing sub block #5 for https://www.racingtv.com/results/2025-06-15/hamilton-park/1845
2025-06-18 21:14:48,662 - INFO - Found 3 <a> tags - Horse: Cascade Hall (IRE), Jockey: Amie Waugh (claim: 0), Trainer: J S Goldie
2025-06-18 21:14:48,663 - INFO - Position/Length - Found 2 children: Position: 10th, Lost by: Head
2025-06-18 21:14:48,663 - INFO - Extracted: Cascade Hall (IRE) - Position: 10th, Lost by: Head, Jockey: Amie Waugh (claim: 0), Trainer: J S Goldie, Age: 6, Weight: 8-11, Rating: 64
2025-06-18 21:14:48,664 - INFO - Processing sub block #6 for https://www.racingtv.com/results/2025-06-15/hamilton-park/1845
2025-06-18 21:14:48,664 - INFO - Found 3 <a> tags - Horse: Cougar (JPN), Jockey: Aiden Brookes (claim: 0), Trainer: I Jardine
2025-06-18 21:14:48,665 - INFO - Position/Length - Found 2 children: Position: 9th, Lost by: 3/4 l
2025-06-18 21:14:48,665 - INFO - Extracted: Cougar (JPN) - Position: 9th, Lost by: 3/4 l, Jockey: Aiden Brookes (claim: 0), Trainer: I Jardine, Age: 6, Weight: 8-10, Rating: 63
2025-06-18 21:14:48,665 - INFO - Processing sub block #7 for https://www.racingtv.com/results/2025-06-15/hamilton-park/1845
2025-06-18 21:14:48,666 - INFO - Found 3 <a> tags - Horse: Glasses Up (USA), Jockey: Rhys Elliott (claim: 5), Trainer: R M Smith
2025-06-18 21:14:48,667 - INFO - Position/Length - Found 2 children: Position: 8th, Lost by: 2 1/4 l
2025-06-18 21:14:48,667 - INFO - Extracted: Glasses Up (USA) - Position: 8th, Lost by: 2 1/4 l, Jockey: Rhys Elliott (claim: 5), Trainer: R M Smith, Age: 10, Weight: 9-2, Rating: 69
2025-06-18 21:14:48,667 - INFO - Processing sub block #8 for https://www.racingtv.com/results/2025-06-15/hamilton-park/1845
2025-06-18 21:14:48,668 - INFO - Found 3 <a> tags - Horse: Gallant Lion, Jockey: Ryan Kavanagh (claim: 3), Trainer: Ian Williams
2025-06-18 21:14:48,669 - INFO - Position/Length - Found 2 children: Position: 7th, Lost by: 1 1/4 l
2025-06-18 21:14:48,670 - INFO - Extracted: Gallant Lion - Position: 7th, Lost by: 1 1/4 l, Jockey: Ryan Kavanagh (claim: 3), Trainer: Ian Williams, Age: 5, Weight: 9-6b, Rating: 73
2025-06-18 21:14:48,670 - INFO - Processing sub block #9 for https://www.racingtv.com/results/2025-06-15/hamilton-park/1845
2025-06-18 21:14:48,670 - INFO - Found 3 <a> tags - Horse: King Chaos (IRE), Jockey: Tommie Jakes (claim: 3), Trainer: R Menzies
2025-06-18 21:14:48,672 - INFO - Position/Length - Found 2 children: Position: 6th, Lost by: 1 1/2 l
2025-06-18 21:14:48,672 - INFO - Extracted: King Chaos (IRE) - Position: 6th, Lost by: 1 1/2 l, Jockey: Tommie Jakes (claim: 3), Trainer: R Menzies, Age: 4, Weight: 9-7p, Rating: 74
2025-06-18 21:14:48,672 - INFO - Processing sub block #10 for https://www.racingtv.com/results/2025-06-15/hamilton-park/1845
2025-06-18 21:14:48,672 - INFO - Found 3 <a> tags - Horse: Terrorise, Jockey: Archie Young (claim: 3), Trainer: B Ellison
2025-06-18 21:14:48,674 - INFO - Position/Length - Found 2 children: Position: 5th, Lost by: Head
2025-06-18 21:14:48,674 - INFO - Extracted: Terrorise - Position: 5th, Lost by: Head, Jockey: Archie Young (claim: 3), Trainer: B Ellison, Age: 4, Weight: 9-4, Rating: 71
2025-06-18 21:14:48,674 - INFO - Processing sub block #11 for https://www.racingtv.com/results/2025-06-15/hamilton-park/1845
2025-06-18 21:14:48,674 - INFO - Found 3 <a> tags - Horse: Whathappensinvegas (IRE), Jockey: Warren Fentiman (claim: 3), Trainer: Ian Williams
2025-06-18 21:14:48,676 - INFO - Position/Length - Found 2 children: Position: 4th, Lost by: Neck
2025-06-18 21:14:48,676 - INFO - Extracted: Whathappensinvegas (IRE) - Position: 4th, Lost by: Neck, Jockey: Warren Fentiman (claim: 3), Trainer: Ian Williams, Age: 4, Weight: 9-9h, Rating: 76
2025-06-18 21:14:48,676 - INFO - Processing sub block #12 for https://www.racingtv.com/results/2025-06-15/hamilton-park/1845
2025-06-18 21:14:48,676 - INFO - Found 3 <a> tags - Horse: Izzari (GER), Jockey: Mohammed Tabti (claim: 3), Trainer: I Jardine
2025-06-18 21:14:48,678 - INFO - Position/Length - Found 2 children: Position: 3rd, Lost by: Neck
2025-06-18 21:14:48,678 - INFO - Extracted: Izzari (GER) - Position: 3rd, Lost by: Neck, Jockey: Mohammed Tabti (claim: 3), Trainer: I Jardine, Age: 4, Weight: 9-3, Rating: 70
2025-06-18 21:14:48,678 - INFO - Processing sub block #13 for https://www.racingtv.com/results/2025-06-15/hamilton-park/1845
2025-06-18 21:14:48,678 - INFO - Found 3 <a> tags - Horse: Golspie (IRE), Jockey: Harry Burns (claim: 0), Trainer: P Morris
2025-06-18 21:14:48,680 - INFO - Position/Length - Found 2 children: Position: 2nd, Lost by: 1 1/4 l
2025-06-18 21:14:48,680 - INFO - Extracted: Golspie (IRE) - Position: 2nd, Lost by: 1 1/4 l, Jockey: Harry Burns (claim: 0), Trainer: P Morris, Age: 5, Weight: 9-0p, Rating: 67
2025-06-18 21:14:48,680 - INFO - Processing sub block #14 for https://www.racingtv.com/results/2025-06-15/hamilton-park/1845
2025-06-18 21:14:48,680 - INFO - Found 3 <a> tags - Horse: Spanish Hustle, Jockey: Kaiya Fraser (claim: 0), Trainer: J S Goldie
2025-06-18 21:14:48,682 - INFO - Position/Length - Found 1 children: Position: 1st, Lost by: N/A
2025-06-18 21:14:48,682 - INFO - Confirmed winner: Spanish Hustle
2025-06-18 21:14:48,682 - INFO - Extracted: Spanish Hustle - Position: 1st, Lost by: N/A, Jockey: Kaiya Fraser (claim: 0), Trainer: J S Goldie, Age: 7, Weight: 9-2, Rating: 69
2025-06-18 21:14:48,682 - INFO - Processing sub block #15 for https://www.racingtv.com/results/2025-06-15/hamilton-park/1845
2025-06-18 21:14:48,682 - INFO - Found 3 <a> tags - Horse: High Court Judge (USA), Jockey: Mason Paetel (claim: 5), Trainer: James Owen
2025-06-18 21:14:48,683 - INFO - Position/Length - Found 2 children: Position: 14th, Lost by: 2 l
2025-06-18 21:14:48,683 - INFO - Extracted: High Court Judge (USA) - Position: 14th, Lost by: 2 l, Jockey: Mason Paetel (claim: 5), Trainer: James Owen, Age: 5, Weight: 9-9, Rating: 76
2025-06-18 21:14:48,683 - INFO - Processing sub block #16 for https://www.racingtv.com/results/2025-06-15/hamilton-park/1845
2025-06-18 21:14:48,683 - INFO - Found 3 <a> tags - Horse: Dandy's Angel (IRE), Jockey: Tom Kiely-Marshall (claim: 3), Trainer: J S Wainwright
2025-06-18 21:14:48,683 - INFO - Position/Length - Found 2 children: Position: 13th, Lost by: 3/4 l
2025-06-18 21:14:48,684 - INFO - Extracted: Dandy's Angel (IRE) - Position: 13th, Lost by: 3/4 l, Jockey: Tom Kiely-Marshall (claim: 3), Trainer: J S Wainwright, Age: 8, Weight: 8-10, Rating: 63
2025-06-18 21:14:48,684 - INFO - Processing sub block #17 for https://www.racingtv.com/results/2025-06-15/hamilton-park/1845
2025-06-18 21:14:48,684 - INFO - Found 3 <a> tags - Horse: Idyllic, Jockey: Paula Muir (claim: 0), Trainer: W Storey
2025-06-18 21:14:48,684 - INFO - Position/Length - Found 2 children: Position: 12th, Lost by: 4 l
2025-06-18 21:14:48,684 - INFO - Extracted: Idyllic - Position: 12th, Lost by: 4 l, Jockey: Paula Muir (claim: 0), Trainer: W Storey, Age: 4, Weight: 8-10, Rating: 63
2025-06-18 21:14:48,685 - INFO - Processing sub block #18 for https://www.racingtv.com/results/2025-06-15/hamilton-park/1845
2025-06-18 21:14:48,685 - INFO - Found 3 <a> tags - Horse: Clansman, Jockey: C Horgan (claim: 5), Trainer: L Bailey
2025-06-18 21:14:48,685 - INFO - Position/Length - Found 2 children: Position: 11th, Lost by: 3 1/2 l
2025-06-18 21:14:48,686 - INFO - Extracted: Clansman - Position: 11th, Lost by: 3 1/2 l, Jockey: C Horgan (claim: 5), Trainer: L Bailey, Age: 7, Weight: 9-3, Rating: 70
2025-06-18 21:14:48,686 - INFO - Processing sub block #19 for https://www.racingtv.com/results/2025-06-15/hamilton-park/1845
2025-06-18 21:14:48,686 - INFO - Found 3 <a> tags - Horse: Cascade Hall (IRE), Jockey: Amie Waugh (claim: 0), Trainer: J S Goldie
2025-06-18 21:14:48,687 - INFO - Position/Length - Found 2 children: Position: 10th, Lost by: Head
2025-06-18 21:14:48,687 - INFO - Extracted: Cascade Hall (IRE) - Position: 10th, Lost by: Head, Jockey: Amie Waugh (claim: 0), Trainer: J S Goldie, Age: 6, Weight: 8-11, Rating: 64
2025-06-18 21:14:48,687 - INFO - Processing sub block #20 for https://www.racingtv.com/results/2025-06-15/hamilton-park/1845
2025-06-18 21:14:48,687 - INFO - Found 3 <a> tags - Horse: Cougar (JPN), Jockey: Aiden Brookes (claim: 0), Trainer: I Jardine
2025-06-18 21:14:48,688 - INFO - Position/Length - Found 2 children: Position: 9th, Lost by: 3/4 l
2025-06-18 21:14:48,688 - INFO - Extracted: Cougar (JPN) - Position: 9th, Lost by: 3/4 l, Jockey: Aiden Brookes (claim: 0), Trainer: I Jardine, Age: 6, Weight: 8-10, Rating: 63
2025-06-18 21:14:48,688 - INFO - Processing sub block #21 for https://www.racingtv.com/results/2025-06-15/hamilton-park/1845
2025-06-18 21:14:48,688 - INFO - Found 3 <a> tags - Horse: Glasses Up (USA), Jockey: Rhys Elliott (claim: 5), Trainer: R M Smith
2025-06-18 21:14:48,688 - INFO - Position/Length - Found 2 children: Position: 8th, Lost by: 2 1/4 l
2025-06-18 21:14:48,689 - INFO - Extracted: Glasses Up (USA) - Position: 8th, Lost by: 2 1/4 l, Jockey: Rhys Elliott (claim: 5), Trainer: R M Smith, Age: 10, Weight: 9-2, Rating: 69
2025-06-18 21:14:48,689 - INFO - Processing sub block #22 for https://www.racingtv.com/results/2025-06-15/hamilton-park/1845
2025-06-18 21:14:48,689 - INFO - Found 3 <a> tags - Horse: Gallant Lion, Jockey: Ryan Kavanagh (claim: 3), Trainer: Ian Williams
2025-06-18 21:14:48,689 - INFO - Position/Length - Found 2 children: Position: 7th, Lost by: 1 1/4 l
2025-06-18 21:14:48,689 - INFO - Extracted: Gallant Lion - Position: 7th, Lost by: 1 1/4 l, Jockey: Ryan Kavanagh (claim: 3), Trainer: Ian Williams, Age: 5, Weight: 9-6b, Rating: 73
2025-06-18 21:14:48,690 - INFO - Processing sub block #23 for https://www.racingtv.com/results/2025-06-15/hamilton-park/1845
2025-06-18 21:14:48,690 - INFO - Found 3 <a> tags - Horse: King Chaos (IRE), Jockey: Tommie Jakes (claim: 3), Trainer: R Menzies
2025-06-18 21:14:48,690 - INFO - Position/Length - Found 2 children: Position: 6th, Lost by: 1 1/2 l
2025-06-18 21:14:48,690 - INFO - Extracted: King Chaos (IRE) - Position: 6th, Lost by: 1 1/2 l, Jockey: Tommie Jakes (claim: 3), Trainer: R Menzies, Age: 4, Weight: 9-7p, Rating: 74
2025-06-18 21:14:48,690 - INFO - Processing sub block #24 for https://www.racingtv.com/results/2025-06-15/hamilton-park/1845
2025-06-18 21:14:48,691 - INFO - Found 3 <a> tags - Horse: Terrorise, Jockey: Archie Young (claim: 3), Trainer: B Ellison
2025-06-18 21:14:48,691 - INFO - Position/Length - Found 2 children: Position: 5th, Lost by: Head
2025-06-18 21:14:48,691 - INFO - Extracted: Terrorise - Position: 5th, Lost by: Head, Jockey: Archie Young (claim: 3), Trainer: B Ellison, Age: 4, Weight: 9-4, Rating: 71
2025-06-18 21:14:48,691 - INFO - Processing sub block #25 for https://www.racingtv.com/results/2025-06-15/hamilton-park/1845
2025-06-18 21:14:48,692 - INFO - Found 3 <a> tags - Horse: Whathappensinvegas (IRE), Jockey: Warren Fentiman (claim: 3), Trainer: Ian Williams
2025-06-18 21:14:48,692 - INFO - Position/Length - Found 2 children: Position: 4th, Lost by: Neck
2025-06-18 21:14:48,692 - INFO - Extracted: Whathappensinvegas (IRE) - Position: 4th, Lost by: Neck, Jockey: Warren Fentiman (claim: 3), Trainer: Ian Williams, Age: 4, Weight: 9-9h, Rating: 76
2025-06-18 21:14:48,692 - INFO - Processing sub block #26 for https://www.racingtv.com/results/2025-06-15/hamilton-park/1845
2025-06-18 21:14:48,692 - INFO - Found 3 <a> tags - Horse: Izzari (GER), Jockey: Mohammed Tabti (claim: 3), Trainer: I Jardine
2025-06-18 21:14:48,693 - INFO - Position/Length - Found 2 children: Position: 3rd, Lost by: Neck
2025-06-18 21:14:48,693 - INFO - Extracted: Izzari (GER) - Position: 3rd, Lost by: Neck, Jockey: Mohammed Tabti (claim: 3), Trainer: I Jardine, Age: 4, Weight: 9-3, Rating: 70
2025-06-18 21:14:48,693 - INFO - Processing sub block #27 for https://www.racingtv.com/results/2025-06-15/hamilton-park/1845
2025-06-18 21:14:48,693 - INFO - Found 3 <a> tags - Horse: Golspie (IRE), Jockey: Harry Burns (claim: 0), Trainer: P Morris
2025-06-18 21:14:48,694 - INFO - Position/Length - Found 2 children: Position: 2nd, Lost by: 1 1/4 l
2025-06-18 21:14:48,694 - INFO - Extracted: Golspie (IRE) - Position: 2nd, Lost by: 1 1/4 l, Jockey: Harry Burns (claim: 0), Trainer: P Morris, Age: 5, Weight: 9-0p, Rating: 67
2025-06-18 21:14:48,694 - INFO - Processing sub block #28 for https://www.racingtv.com/results/2025-06-15/hamilton-park/1845
2025-06-18 21:14:48,694 - INFO - Found 3 <a> tags - Horse: Spanish Hustle, Jockey: Kaiya Fraser (claim: 0), Trainer: J S Goldie
2025-06-18 21:14:48,695 - INFO - Position/Length - Found 1 children: Position: 1st, Lost by: N/A
2025-06-18 21:14:48,695 - INFO - Extracted: Spanish Hustle - Position: 1st, Lost by: N/A, Jockey: Kaiya Fraser (claim: 0), Trainer: J S Goldie, Age: 7, Weight: 9-2, Rating: 69
2025-06-18 21:14:48,695 - INFO - Successfully extracted 28/28 horse records from https://www.racingtv.com/results/2025-06-15/hamilton-park/1845
2025-06-18 21:14:48,695 - INFO - :) First place horse found successfully
2025-06-18 21:14:48,695 - INFO - :) First place horse found successfully
2025-06-18 21:14:48,695 - INFO - :) First place horse found successfully
2025-06-18 21:14:48,696 - INFO - :) First place horse found successfully
2025-06-18 21:14:48,696 - INFO - :) First place horse found successfully
2025-06-18 21:14:48,696 - INFO - :) First place horse found successfully
2025-06-18 21:14:48,696 - INFO - :) First place horse found successfully
2025-06-18 21:14:48,696 - INFO - :) First place horse found successfully
2025-06-18 21:14:48,696 - INFO - :) First place horse found successfully
2025-06-18 21:14:48,696 - INFO - :) First place horse found successfully
2025-06-18 21:14:48,696 - INFO - :) First place horse found successfully
2025-06-18 21:14:48,696 - INFO - :) First place horse found successfully
2025-06-18 21:14:48,696 - INFO - :) First place horse found successfully
2025-06-18 21:14:48,696 - INFO - :) First place horse found successfully
2025-06-18 21:14:48,697 - INFO - :) First place horse found successfully
2025-06-18 21:14:48,697 - INFO - :) First place horse found successfully
2025-06-18 21:14:48,697 - INFO - :) First place horse found successfully
2025-06-18 21:14:48,697 - INFO - :) First place horse found successfully
2025-06-18 21:14:48,697 - INFO - :) First place horse found successfully
2025-06-18 21:14:48,697 - INFO - :) First place horse found successfully
2025-06-18 21:14:48,697 - INFO - :) First place horse found successfully
2025-06-18 21:14:48,697 - INFO - :) First place horse found successfully
2025-06-18 21:14:48,697 - INFO - :) First place horse found successfully
2025-06-18 21:14:48,697 - INFO - :) First place horse found successfully
2025-06-18 21:14:48,697 - INFO - :) First place horse found successfully
2025-06-18 21:14:48,697 - INFO - :) First place horse found successfully
2025-06-18 21:14:48,697 - INFO - :) First place horse found successfully
2025-06-18 21:14:48,697 - INFO - :) First place horse found successfully
2025-06-18 21:14:48,697 - INFO - :) First place horse found successfully
2025-06-18 21:14:48,698 - INFO - Successfully parsed 28 horse records from: https://www.racingtv.com/results/2025-06-15/hamilton-park/1845
2025-06-18 21:14:48,698 - INFO - 
Batch 1 complete - URLs: Success: 22, Failed: 0, Horses extracted: 410
2025-06-18 21:14:48,707 - INFO - Batch 1 results saved to batch_horses_batch_0001_20250618_211448.csv
2025-06-18 21:14:48,709 - INFO - Progress saved: Batch 1/1 completed
2025-06-18 21:14:48,767 - INFO - Memory cleared after batch 1
2025-06-18 21:14:48,796 - INFO - Loaded 410 records from batch_horses_batch_0001_20250618_211448.csv
2025-06-18 21:14:48,800 - INFO - Combined 410 total records into daily_racing_data\uk_horses_2025-06-15.csv
