2025-06-18 21:08:59,469 - INFO - Loaded 14 rows from daily_racing_data\irish_races_2025-06-15.csv
2025-06-18 21:08:59,472 - INFO - Found 14 valid URLs to scrape
2025-06-18 21:08:59,472 - INFO - Total URLs: 14, Batch size: 100, Total batches: 1
2025-06-18 21:08:59,473 - INFO - 
============================================================
2025-06-18 21:08:59,473 - INFO - STARTING BATCH 1/1 (14 URLs)
2025-06-18 21:08:59,473 - INFO - ============================================================

2025-06-18 21:08:59,473 - INFO - Batch 1 - URL 1/14: https://www.racingtv.com/results/2025-06-15/gowran-park/1355
2025-06-18 21:08:59,489 - INFO - Loading page with Selenium: https://www.racingtv.com/results/2025-06-15/gowran-park/1355
2025-06-18 21:09:07,379 - INFO - Racing main block detected for: https://www.racingtv.com/results/2025-06-15/gowran-park/1355
2025-06-18 21:09:07,439 - INFO - Successfully loaded page: https://www.racingtv.com/results/2025-06-15/gowran-park/1355
2025-06-18 21:09:07,784 - INFO - Extracted race info - Track: Gowran Park Racing Results | 15th June 2025 13:55, Date: N/A, Time: 13:55
2025-06-18 21:09:07,785 - INFO - Found 2nd h3 tag: Soft  2YO only 7f Winner: €10,800 (10 runners)
2025-06-18 21:09:07,785 - INFO - Extracted - Going: Soft, Distance: 7f
2025-06-18 21:09:07,786 - INFO - Extracting racing data from: https://www.racingtv.com/results/2025-06-15/gowran-park/1355
2025-06-18 21:09:07,818 - INFO - Processing main block #1 for https://www.racingtv.com/results/2025-06-15/gowran-park/1355
2025-06-18 21:09:07,849 - INFO - Checking 2nd child of main block for first place horse...
2025-06-18 21:09:07,862 - INFO - Found alternative horse block structure with 3 links
2025-06-18 21:09:07,863 - INFO - Found alternative horse block structure with 3 links
2025-06-18 21:09:07,863 - INFO - Found alternative horse block structure with 3 links
2025-06-18 21:09:07,864 - INFO - Found alternative horse block structure with 3 links
2025-06-18 21:09:07,864 - INFO - Found alternative horse block structure with 3 links
2025-06-18 21:09:07,864 - INFO - Found alternative horse block structure with 3 links
2025-06-18 21:09:07,865 - INFO - Found alternative horse block structure with 3 links
2025-06-18 21:09:07,865 - INFO - Found alternative horse block structure with 3 links
2025-06-18 21:09:07,866 - INFO - Found alternative horse block structure with 3 links
2025-06-18 21:09:07,866 - INFO - Found alternative horse block structure with 3 links
2025-06-18 21:09:07,941 - INFO - Found likely first place horse via structure analysis: Daytona (IRE)
2025-06-18 21:09:07,951 - INFO - Found potential first place horse with background styling
2025-06-18 21:09:07,952 - INFO - Found potential first place horse with background styling
2025-06-18 21:09:07,952 - INFO - Found potential first place horse with background styling
2025-06-18 21:09:07,952 - INFO - Found potential first place horse with background styling
2025-06-18 21:09:07,952 - INFO - Found potential first place horse with background styling
2025-06-18 21:09:07,953 - INFO - Found potential first place horse with background styling
2025-06-18 21:09:07,953 - INFO - Found potential first place horse with background styling
2025-06-18 21:09:07,953 - INFO - Found potential first place horse with background styling
2025-06-18 21:09:07,953 - INFO - Found potential first place horse with background styling
2025-06-18 21:09:07,957 - INFO - Found 20 horse entries for https://www.racingtv.com/results/2025-06-15/gowran-park/1355 using multiple detection methods
2025-06-18 21:09:07,957 - INFO - Processing sub block #1 for https://www.racingtv.com/results/2025-06-15/gowran-park/1355
2025-06-18 21:09:07,958 - INFO - Found 3 <a> tags - Horse: Theroadtoserfdom (IRE), Jockey: L T McAteer (claim: 0), Trainer: B W Duke
2025-06-18 21:09:07,959 - INFO - Position/Length - Found 2 children: Position: 10th, Lost by: 5 1/2 l
2025-06-18 21:09:07,959 - INFO - Extracted: Theroadtoserfdom (IRE) - Position: 10th, Lost by: 5 1/2 l, Jockey: L T McAteer (claim: 0), Trainer: B W Duke, Age: 2, Weight: 9-7, Rating: -
2025-06-18 21:09:07,960 - INFO - Processing sub block #2 for https://www.racingtv.com/results/2025-06-15/gowran-park/1355
2025-06-18 21:09:07,960 - INFO - Found 3 <a> tags - Horse: Monvoe (IRE), Jockey: B M Coen (claim: 0), Trainer: R P Cody
2025-06-18 21:09:07,962 - INFO - Position/Length - Found 2 children: Position: 9th, Lost by: 5 l
2025-06-18 21:09:07,962 - INFO - Extracted: Monvoe (IRE) - Position: 9th, Lost by: 5 l, Jockey: B M Coen (claim: 0), Trainer: R P Cody, Age: 2, Weight: 9-7, Rating: -
2025-06-18 21:09:07,962 - INFO - Processing sub block #3 for https://www.racingtv.com/results/2025-06-15/gowran-park/1355
2025-06-18 21:09:07,962 - INFO - Found 3 <a> tags - Horse: Swinging The World (IRE), Jockey: J J G Ryan (claim: 3), Trainer: J Davison
2025-06-18 21:09:07,964 - INFO - Position/Length - Found 2 children: Position: 8th, Lost by: Neck
2025-06-18 21:09:07,964 - INFO - Extracted: Swinging The World (IRE) - Position: 8th, Lost by: Neck, Jockey: J J G Ryan (claim: 3), Trainer: J Davison, Age: 2, Weight: 9-7, Rating: -
2025-06-18 21:09:07,964 - INFO - Processing sub block #4 for https://www.racingtv.com/results/2025-06-15/gowran-park/1355
2025-06-18 21:09:07,965 - INFO - Found 3 <a> tags - Horse: Mr Kobe (IRE), Jockey: C Geerdharry (claim: 7), Trainer: D Dias
2025-06-18 21:09:07,966 - INFO - Position/Length - Found 2 children: Position: 7th, Lost by: 1 1/2 l
2025-06-18 21:09:07,966 - INFO - Extracted: Mr Kobe (IRE) - Position: 7th, Lost by: 1 1/2 l, Jockey: C Geerdharry (claim: 7), Trainer: D Dias, Age: 2, Weight: 9-7h, Rating: -
2025-06-18 21:09:07,966 - INFO - Processing sub block #5 for https://www.racingtv.com/results/2025-06-15/gowran-park/1355
2025-06-18 21:09:07,967 - INFO - Found 3 <a> tags - Horse: Estoublon (IRE), Jockey: D McMonagle (claim: 0), Trainer: J P O'Brien
2025-06-18 21:09:07,969 - INFO - Position/Length - Found 2 children: Position: 6th, Lost by: 1 3/4 l
2025-06-18 21:09:07,969 - INFO - Extracted: Estoublon (IRE) - Position: 6th, Lost by: 1 3/4 l, Jockey: D McMonagle (claim: 0), Trainer: J P O'Brien, Age: 2, Weight: 9-7, Rating: -
2025-06-18 21:09:07,969 - INFO - Processing sub block #6 for https://www.racingtv.com/results/2025-06-15/gowran-park/1355
2025-06-18 21:09:07,969 - INFO - Found 3 <a> tags - Horse: Monocle Rocket (IRE), Jockey: W J Lee (claim: 0), Trainer: H De Bromhead
2025-06-18 21:09:07,970 - INFO - Position/Length - Found 2 children: Position: 5th, Lost by: 5 l
2025-06-18 21:09:07,971 - INFO - Extracted: Monocle Rocket (IRE) - Position: 5th, Lost by: 5 l, Jockey: W J Lee (claim: 0), Trainer: H De Bromhead, Age: 2, Weight: 9-7p1, Rating: -
2025-06-18 21:09:07,971 - INFO - Processing sub block #7 for https://www.racingtv.com/results/2025-06-15/gowran-park/1355
2025-06-18 21:09:07,971 - INFO - Found 3 <a> tags - Horse: Jordi Bear (IRE), Jockey: J A Heffernan (claim: 0), Trainer: J A Stack
2025-06-18 21:09:07,973 - INFO - Position/Length - Found 2 children: Position: 4th, Lost by: 4 1/4 l
2025-06-18 21:09:07,973 - INFO - Extracted: Jordi Bear (IRE) - Position: 4th, Lost by: 4 1/4 l, Jockey: J A Heffernan (claim: 0), Trainer: J A Stack, Age: 2, Weight: 9-7, Rating: -
2025-06-18 21:09:07,973 - INFO - Processing sub block #8 for https://www.racingtv.com/results/2025-06-15/gowran-park/1355
2025-06-18 21:09:07,974 - INFO - Found 3 <a> tags - Horse: Seoul Force (IRE), Jockey: S Foley (claim: 0), Trainer: Mrs J Harrington
2025-06-18 21:09:07,975 - INFO - Position/Length - Found 2 children: Position: 3rd, Lost by: Neck
2025-06-18 21:09:07,975 - INFO - Extracted: Seoul Force (IRE) - Position: 3rd, Lost by: Neck, Jockey: S Foley (claim: 0), Trainer: Mrs J Harrington, Age: 2, Weight: 9-7, Rating: -
2025-06-18 21:09:07,975 - INFO - Processing sub block #9 for https://www.racingtv.com/results/2025-06-15/gowran-park/1355
2025-06-18 21:09:07,975 - INFO - Found 3 <a> tags - Horse: Melismatic (IRE), Jockey: D P McDonogh (claim: 0), Trainer: J P O'Brien
2025-06-18 21:09:07,977 - INFO - Position/Length - Found 2 children: Position: 2nd, Lost by: 2 1/2 l
2025-06-18 21:09:07,977 - INFO - Extracted: Melismatic (IRE) - Position: 2nd, Lost by: 2 1/2 l, Jockey: D P McDonogh (claim: 0), Trainer: J P O'Brien, Age: 2, Weight: 9-7, Rating: -
2025-06-18 21:09:07,978 - INFO - Processing sub block #10 for https://www.racingtv.com/results/2025-06-15/gowran-park/1355
2025-06-18 21:09:07,978 - INFO - Found 3 <a> tags - Horse: Daytona (IRE), Jockey: J Cleary (claim: 5), Trainer: A P O'Brien
2025-06-18 21:09:07,979 - INFO - Position/Length - Found 1 children: Position: 1st, Lost by: N/A
2025-06-18 21:09:07,979 - INFO - Confirmed winner: Daytona (IRE)
2025-06-18 21:09:07,979 - INFO - Extracted: Daytona (IRE) - Position: 1st, Lost by: N/A, Jockey: J Cleary (claim: 5), Trainer: A P O'Brien, Age: 2, Weight: 9-7, Rating: -
2025-06-18 21:09:07,980 - INFO - Processing sub block #11 for https://www.racingtv.com/results/2025-06-15/gowran-park/1355
2025-06-18 21:09:07,980 - INFO - Found 3 <a> tags - Horse: Theroadtoserfdom (IRE), Jockey: L T McAteer (claim: 0), Trainer: B W Duke
2025-06-18 21:09:07,980 - INFO - Position/Length - Found 2 children: Position: 10th, Lost by: 5 1/2 l
2025-06-18 21:09:07,980 - INFO - Extracted: Theroadtoserfdom (IRE) - Position: 10th, Lost by: 5 1/2 l, Jockey: L T McAteer (claim: 0), Trainer: B W Duke, Age: 2, Weight: 9-7, Rating: -
2025-06-18 21:09:07,980 - INFO - Processing sub block #12 for https://www.racingtv.com/results/2025-06-15/gowran-park/1355
2025-06-18 21:09:07,981 - INFO - Found 3 <a> tags - Horse: Monvoe (IRE), Jockey: B M Coen (claim: 0), Trainer: R P Cody
2025-06-18 21:09:07,981 - INFO - Position/Length - Found 2 children: Position: 9th, Lost by: 5 l
2025-06-18 21:09:07,981 - INFO - Extracted: Monvoe (IRE) - Position: 9th, Lost by: 5 l, Jockey: B M Coen (claim: 0), Trainer: R P Cody, Age: 2, Weight: 9-7, Rating: -
2025-06-18 21:09:07,981 - INFO - Processing sub block #13 for https://www.racingtv.com/results/2025-06-15/gowran-park/1355
2025-06-18 21:09:07,982 - INFO - Found 3 <a> tags - Horse: Swinging The World (IRE), Jockey: J J G Ryan (claim: 3), Trainer: J Davison
2025-06-18 21:09:07,982 - INFO - Position/Length - Found 2 children: Position: 8th, Lost by: Neck
2025-06-18 21:09:07,982 - INFO - Extracted: Swinging The World (IRE) - Position: 8th, Lost by: Neck, Jockey: J J G Ryan (claim: 3), Trainer: J Davison, Age: 2, Weight: 9-7, Rating: -
2025-06-18 21:09:07,982 - INFO - Processing sub block #14 for https://www.racingtv.com/results/2025-06-15/gowran-park/1355
2025-06-18 21:09:07,982 - INFO - Found 3 <a> tags - Horse: Mr Kobe (IRE), Jockey: C Geerdharry (claim: 7), Trainer: D Dias
2025-06-18 21:09:07,983 - INFO - Position/Length - Found 2 children: Position: 7th, Lost by: 1 1/2 l
2025-06-18 21:09:07,983 - INFO - Extracted: Mr Kobe (IRE) - Position: 7th, Lost by: 1 1/2 l, Jockey: C Geerdharry (claim: 7), Trainer: D Dias, Age: 2, Weight: 9-7h, Rating: -
2025-06-18 21:09:07,983 - INFO - Processing sub block #15 for https://www.racingtv.com/results/2025-06-15/gowran-park/1355
2025-06-18 21:09:07,983 - INFO - Found 3 <a> tags - Horse: Estoublon (IRE), Jockey: D McMonagle (claim: 0), Trainer: J P O'Brien
2025-06-18 21:09:07,984 - INFO - Position/Length - Found 2 children: Position: 6th, Lost by: 1 3/4 l
2025-06-18 21:09:07,984 - INFO - Extracted: Estoublon (IRE) - Position: 6th, Lost by: 1 3/4 l, Jockey: D McMonagle (claim: 0), Trainer: J P O'Brien, Age: 2, Weight: 9-7, Rating: -
2025-06-18 21:09:07,984 - INFO - Processing sub block #16 for https://www.racingtv.com/results/2025-06-15/gowran-park/1355
2025-06-18 21:09:07,984 - INFO - Found 3 <a> tags - Horse: Monocle Rocket (IRE), Jockey: W J Lee (claim: 0), Trainer: H De Bromhead
2025-06-18 21:09:07,985 - INFO - Position/Length - Found 2 children: Position: 5th, Lost by: 5 l
2025-06-18 21:09:07,985 - INFO - Extracted: Monocle Rocket (IRE) - Position: 5th, Lost by: 5 l, Jockey: W J Lee (claim: 0), Trainer: H De Bromhead, Age: 2, Weight: 9-7p1, Rating: -
2025-06-18 21:09:07,985 - INFO - Processing sub block #17 for https://www.racingtv.com/results/2025-06-15/gowran-park/1355
2025-06-18 21:09:07,985 - INFO - Found 3 <a> tags - Horse: Jordi Bear (IRE), Jockey: J A Heffernan (claim: 0), Trainer: J A Stack
2025-06-18 21:09:07,986 - INFO - Position/Length - Found 2 children: Position: 4th, Lost by: 4 1/4 l
2025-06-18 21:09:07,986 - INFO - Extracted: Jordi Bear (IRE) - Position: 4th, Lost by: 4 1/4 l, Jockey: J A Heffernan (claim: 0), Trainer: J A Stack, Age: 2, Weight: 9-7, Rating: -
2025-06-18 21:09:07,986 - INFO - Processing sub block #18 for https://www.racingtv.com/results/2025-06-15/gowran-park/1355
2025-06-18 21:09:07,986 - INFO - Found 3 <a> tags - Horse: Seoul Force (IRE), Jockey: S Foley (claim: 0), Trainer: Mrs J Harrington
2025-06-18 21:09:07,987 - INFO - Position/Length - Found 2 children: Position: 3rd, Lost by: Neck
2025-06-18 21:09:07,987 - INFO - Extracted: Seoul Force (IRE) - Position: 3rd, Lost by: Neck, Jockey: S Foley (claim: 0), Trainer: Mrs J Harrington, Age: 2, Weight: 9-7, Rating: -
2025-06-18 21:09:07,987 - INFO - Processing sub block #19 for https://www.racingtv.com/results/2025-06-15/gowran-park/1355
2025-06-18 21:09:07,987 - INFO - Found 3 <a> tags - Horse: Melismatic (IRE), Jockey: D P McDonogh (claim: 0), Trainer: J P O'Brien
2025-06-18 21:09:07,987 - INFO - Position/Length - Found 2 children: Position: 2nd, Lost by: 2 1/2 l
2025-06-18 21:09:07,988 - INFO - Extracted: Melismatic (IRE) - Position: 2nd, Lost by: 2 1/2 l, Jockey: D P McDonogh (claim: 0), Trainer: J P O'Brien, Age: 2, Weight: 9-7, Rating: -
2025-06-18 21:09:07,988 - INFO - Processing sub block #20 for https://www.racingtv.com/results/2025-06-15/gowran-park/1355
2025-06-18 21:09:07,988 - INFO - Found 3 <a> tags - Horse: Daytona (IRE), Jockey: J Cleary (claim: 5), Trainer: A P O'Brien
2025-06-18 21:09:07,988 - INFO - Position/Length - Found 1 children: Position: 1st, Lost by: N/A
2025-06-18 21:09:07,989 - INFO - Extracted: Daytona (IRE) - Position: 1st, Lost by: N/A, Jockey: J Cleary (claim: 5), Trainer: A P O'Brien, Age: 2, Weight: 9-7, Rating: -
2025-06-18 21:09:07,989 - INFO - Successfully extracted 20/20 horse records from https://www.racingtv.com/results/2025-06-15/gowran-park/1355
2025-06-18 21:09:07,989 - INFO - :) First place horse found successfully
2025-06-18 21:09:07,989 - INFO - :) First place horse found successfully
2025-06-18 21:09:07,989 - INFO - :) First place horse found successfully
2025-06-18 21:09:07,989 - INFO - :) First place horse found successfully
2025-06-18 21:09:07,989 - INFO - :) First place horse found successfully
2025-06-18 21:09:07,989 - INFO - :) First place horse found successfully
2025-06-18 21:09:07,989 - INFO - :) First place horse found successfully
2025-06-18 21:09:07,989 - INFO - :) First place horse found successfully
2025-06-18 21:09:07,989 - INFO - :) First place horse found successfully
2025-06-18 21:09:07,989 - INFO - :) First place horse found successfully
2025-06-18 21:09:07,989 - INFO - :) First place horse found successfully
2025-06-18 21:09:07,989 - INFO - :) First place horse found successfully
2025-06-18 21:09:07,989 - INFO - :) First place horse found successfully
2025-06-18 21:09:07,990 - INFO - :) First place horse found successfully
2025-06-18 21:09:07,990 - INFO - :) First place horse found successfully
2025-06-18 21:09:07,990 - INFO - :) First place horse found successfully
2025-06-18 21:09:07,990 - INFO - :) First place horse found successfully
2025-06-18 21:09:07,990 - INFO - :) First place horse found successfully
2025-06-18 21:09:07,990 - INFO - :) First place horse found successfully
2025-06-18 21:09:07,990 - INFO - :) First place horse found successfully
2025-06-18 21:09:07,990 - INFO - :) First place horse found successfully
2025-06-18 21:09:07,990 - INFO - Successfully parsed 20 horse records from: https://www.racingtv.com/results/2025-06-15/gowran-park/1355
2025-06-18 21:09:07,990 - INFO - Waiting 3 seconds before next request...
2025-06-18 21:09:10,993 - INFO - Batch 1 - URL 2/14: https://www.racingtv.com/results/2025-06-15/gowran-park/1430
2025-06-18 21:09:10,993 - INFO - Loading page with Selenium: https://www.racingtv.com/results/2025-06-15/gowran-park/1430
2025-06-18 21:09:16,797 - INFO - Racing main block detected for: https://www.racingtv.com/results/2025-06-15/gowran-park/1430
2025-06-18 21:09:16,880 - INFO - Successfully loaded page: https://www.racingtv.com/results/2025-06-15/gowran-park/1430
2025-06-18 21:09:17,296 - INFO - Extracted race info - Track: Gowran Park Racing Results | 15th June 2025 14:30, Date: N/A, Time: 14:30
2025-06-18 21:09:17,298 - INFO - Found 2nd h3 tag: Soft  3YO only 7f Winner: €6,899 (11 runners)
2025-06-18 21:09:17,298 - INFO - Extracted - Going: Soft, Distance: 7f
2025-06-18 21:09:17,298 - INFO - Extracting racing data from: https://www.racingtv.com/results/2025-06-15/gowran-park/1430
2025-06-18 21:09:17,334 - INFO - Processing main block #1 for https://www.racingtv.com/results/2025-06-15/gowran-park/1430
2025-06-18 21:09:17,368 - INFO - Checking 2nd child of main block for first place horse...
2025-06-18 21:09:17,383 - INFO - Found alternative horse block structure with 3 links
2025-06-18 21:09:17,383 - INFO - Found alternative horse block structure with 3 links
2025-06-18 21:09:17,384 - INFO - Found alternative horse block structure with 3 links
2025-06-18 21:09:17,384 - INFO - Found alternative horse block structure with 3 links
2025-06-18 21:09:17,384 - INFO - Found alternative horse block structure with 3 links
2025-06-18 21:09:17,385 - INFO - Found alternative horse block structure with 3 links
2025-06-18 21:09:17,385 - INFO - Found alternative horse block structure with 3 links
2025-06-18 21:09:17,386 - INFO - Found alternative horse block structure with 3 links
2025-06-18 21:09:17,386 - INFO - Found alternative horse block structure with 3 links
2025-06-18 21:09:17,386 - INFO - Found alternative horse block structure with 3 links
2025-06-18 21:09:17,387 - INFO - Found alternative horse block structure with 3 links
2025-06-18 21:09:17,447 - INFO - Found likely first place horse via structure analysis: Highbury See See (IRE)
2025-06-18 21:09:17,457 - INFO - Found potential first place horse with background styling
2025-06-18 21:09:17,457 - INFO - Found potential first place horse with background styling
2025-06-18 21:09:17,457 - INFO - Found potential first place horse with background styling
2025-06-18 21:09:17,457 - INFO - Found potential first place horse with background styling
2025-06-18 21:09:17,458 - INFO - Found potential first place horse with background styling
2025-06-18 21:09:17,458 - INFO - Found potential first place horse with background styling
2025-06-18 21:09:17,458 - INFO - Found potential first place horse with background styling
2025-06-18 21:09:17,459 - INFO - Found potential first place horse with background styling
2025-06-18 21:09:17,459 - INFO - Found potential first place horse with background styling
2025-06-18 21:09:17,459 - INFO - Found potential first place horse with background styling
2025-06-18 21:09:17,462 - INFO - Found 22 horse entries for https://www.racingtv.com/results/2025-06-15/gowran-park/1430 using multiple detection methods
2025-06-18 21:09:17,462 - INFO - Processing sub block #1 for https://www.racingtv.com/results/2025-06-15/gowran-park/1430
2025-06-18 21:09:17,463 - INFO - Found 3 <a> tags - Horse: Ethereal Star (IRE), Jockey: C D Hayes (claim: 0), Trainer: M Hassett
2025-06-18 21:09:17,463 - INFO - Position/Length - Found 2 children: Position: 11th, Lost by: 5 1/2 l
2025-06-18 21:09:17,463 - INFO - Extracted: Ethereal Star (IRE) - Position: 11th, Lost by: 5 1/2 l, Jockey: C D Hayes (claim: 0), Trainer: M Hassett, Age: 3, Weight: 8-12, Rating: 54
2025-06-18 21:09:17,464 - INFO - Processing sub block #2 for https://www.racingtv.com/results/2025-06-15/gowran-park/1430
2025-06-18 21:09:17,464 - INFO - Found 3 <a> tags - Horse: Boyne Valley (IRE), Jockey: W Joyce (claim: 3), Trainer: M Mulvany
2025-06-18 21:09:17,465 - INFO - Position/Length - Found 2 children: Position: 10th, Lost by: 2 1/2 l
2025-06-18 21:09:17,465 - INFO - Extracted: Boyne Valley (IRE) - Position: 10th, Lost by: 2 1/2 l, Jockey: W Joyce (claim: 3), Trainer: M Mulvany, Age: 3, Weight: 9-10, Rating: 66
2025-06-18 21:09:17,465 - INFO - Processing sub block #3 for https://www.racingtv.com/results/2025-06-15/gowran-park/1430
2025-06-18 21:09:17,466 - INFO - Found 3 <a> tags - Horse: Givehertilxmas (IRE), Jockey: J A Heffernan (claim: 0), Trainer: G Keane
2025-06-18 21:09:17,467 - INFO - Position/Length - Found 2 children: Position: 9th, Lost by: 1/2 l
2025-06-18 21:09:17,467 - INFO - Extracted: Givehertilxmas (IRE) - Position: 9th, Lost by: 1/2 l, Jockey: J A Heffernan (claim: 0), Trainer: G Keane, Age: 3, Weight: 9-6, Rating: 62
2025-06-18 21:09:17,467 - INFO - Processing sub block #4 for https://www.racingtv.com/results/2025-06-15/gowran-park/1430
2025-06-18 21:09:17,468 - INFO - Found 3 <a> tags - Horse: Kilgharrahs Love (IRE), Jockey: R P Cleary (claim: 0), Trainer: T Cleary
2025-06-18 21:09:17,469 - INFO - Position/Length - Found 2 children: Position: 8th, Lost by: 3/4 l
2025-06-18 21:09:17,469 - INFO - Extracted: Kilgharrahs Love (IRE) - Position: 8th, Lost by: 3/4 l, Jockey: R P Cleary (claim: 0), Trainer: T Cleary, Age: 3, Weight: 8-7, Rating: 48
2025-06-18 21:09:17,469 - INFO - Processing sub block #5 for https://www.racingtv.com/results/2025-06-15/gowran-park/1430
2025-06-18 21:09:17,470 - INFO - Found 3 <a> tags - Horse: Lovely (IRE), Jockey: C Geerdharry (claim: 7), Trainer: D Dias
2025-06-18 21:09:17,471 - INFO - Position/Length - Found 2 children: Position: 7th, Lost by: Nose
2025-06-18 21:09:17,471 - INFO - Extracted: Lovely (IRE) - Position: 7th, Lost by: Nose, Jockey: C Geerdharry (claim: 7), Trainer: D Dias, Age: 3, Weight: 10-2, Rating: 72
2025-06-18 21:09:17,471 - INFO - Processing sub block #6 for https://www.racingtv.com/results/2025-06-15/gowran-park/1430
2025-06-18 21:09:17,472 - INFO - Found 3 <a> tags - Horse: Bamako (IRE), Jockey: B M Coen (claim: 0), Trainer: A Oliver
2025-06-18 21:09:17,473 - INFO - Position/Length - Found 2 children: Position: 6th, Lost by: 3 l
2025-06-18 21:09:17,473 - INFO - Extracted: Bamako (IRE) - Position: 6th, Lost by: 3 l, Jockey: B M Coen (claim: 0), Trainer: A Oliver, Age: 3, Weight: 9-0v, Rating: 56
2025-06-18 21:09:17,473 - INFO - Processing sub block #7 for https://www.racingtv.com/results/2025-06-15/gowran-park/1430
2025-06-18 21:09:17,474 - INFO - Found 3 <a> tags - Horse: Withoutfurtherado (IRE), Jockey: M W Hassett (claim: 5), Trainer: A L T Moore
2025-06-18 21:09:17,475 - INFO - Position/Length - Found 2 children: Position: 5th, Lost by: 1/2 l
2025-06-18 21:09:17,475 - INFO - Extracted: Withoutfurtherado (IRE) - Position: 5th, Lost by: 1/2 l, Jockey: M W Hassett (claim: 5), Trainer: A L T Moore, Age: 3, Weight: 9-6, Rating: 62
2025-06-18 21:09:17,475 - INFO - Processing sub block #8 for https://www.racingtv.com/results/2025-06-15/gowran-park/1430
2025-06-18 21:09:17,476 - INFO - Found 3 <a> tags - Horse: Asdana (IRE), Jockey: W J Lee (claim: 0), Trainer: W McCreery
2025-06-18 21:09:17,477 - INFO - Position/Length - Found 2 children: Position: 4th, Lost by: Head
2025-06-18 21:09:17,477 - INFO - Extracted: Asdana (IRE) - Position: 4th, Lost by: Head, Jockey: W J Lee (claim: 0), Trainer: W McCreery, Age: 3, Weight: 9-13v, Rating: 69
2025-06-18 21:09:17,477 - INFO - Processing sub block #9 for https://www.racingtv.com/results/2025-06-15/gowran-park/1430
2025-06-18 21:09:17,478 - INFO - Found 3 <a> tags - Horse: Night Magic (IRE), Jockey: S Foley (claim: 0), Trainer: Mrs J Harrington
2025-06-18 21:09:17,479 - INFO - Position/Length - Found 2 children: Position: 3rd, Lost by: 3 l
2025-06-18 21:09:17,479 - INFO - Extracted: Night Magic (IRE) - Position: 3rd, Lost by: 3 l, Jockey: S Foley (claim: 0), Trainer: Mrs J Harrington, Age: 3, Weight: 9-10, Rating: 66
2025-06-18 21:09:17,479 - INFO - Processing sub block #10 for https://www.racingtv.com/results/2025-06-15/gowran-park/1430
2025-06-18 21:09:17,480 - INFO - Found 3 <a> tags - Horse: Washington Street (IRE), Jockey: G F Carroll (claim: 0), Trainer: G M Lyons
2025-06-18 21:09:17,481 - INFO - Position/Length - Found 2 children: Position: 2nd, Lost by: 1 1/2 l
2025-06-18 21:09:17,481 - INFO - Extracted: Washington Street (IRE) - Position: 2nd, Lost by: 1 1/2 l, Jockey: G F Carroll (claim: 0), Trainer: G M Lyons, Age: 3, Weight: 10-2, Rating: 72
2025-06-18 21:09:17,481 - INFO - Processing sub block #11 for https://www.racingtv.com/results/2025-06-15/gowran-park/1430
2025-06-18 21:09:17,482 - INFO - Found 3 <a> tags - Horse: Highbury See See (IRE), Jockey: A J Slattery (claim: 0), Trainer: A Slattery
2025-06-18 21:09:17,483 - INFO - Position/Length - Found 1 children: Position: 1st, Lost by: N/A
2025-06-18 21:09:17,483 - INFO - Confirmed winner: Highbury See See (IRE)
2025-06-18 21:09:17,483 - INFO - Extracted: Highbury See See (IRE) - Position: 1st, Lost by: N/A, Jockey: A J Slattery (claim: 0), Trainer: A Slattery, Age: 3, Weight: 9-9, Rating: 65
2025-06-18 21:09:17,483 - INFO - Processing sub block #12 for https://www.racingtv.com/results/2025-06-15/gowran-park/1430
2025-06-18 21:09:17,484 - INFO - Found 3 <a> tags - Horse: Ethereal Star (IRE), Jockey: C D Hayes (claim: 0), Trainer: M Hassett
2025-06-18 21:09:17,484 - INFO - Position/Length - Found 2 children: Position: 11th, Lost by: 5 1/2 l
2025-06-18 21:09:17,484 - INFO - Extracted: Ethereal Star (IRE) - Position: 11th, Lost by: 5 1/2 l, Jockey: C D Hayes (claim: 0), Trainer: M Hassett, Age: 3, Weight: 8-12, Rating: 54
2025-06-18 21:09:17,484 - INFO - Processing sub block #13 for https://www.racingtv.com/results/2025-06-15/gowran-park/1430
2025-06-18 21:09:17,485 - INFO - Found 3 <a> tags - Horse: Boyne Valley (IRE), Jockey: W Joyce (claim: 3), Trainer: M Mulvany
2025-06-18 21:09:17,485 - INFO - Position/Length - Found 2 children: Position: 10th, Lost by: 2 1/2 l
2025-06-18 21:09:17,485 - INFO - Extracted: Boyne Valley (IRE) - Position: 10th, Lost by: 2 1/2 l, Jockey: W Joyce (claim: 3), Trainer: M Mulvany, Age: 3, Weight: 9-10, Rating: 66
2025-06-18 21:09:17,485 - INFO - Processing sub block #14 for https://www.racingtv.com/results/2025-06-15/gowran-park/1430
2025-06-18 21:09:17,486 - INFO - Found 3 <a> tags - Horse: Givehertilxmas (IRE), Jockey: J A Heffernan (claim: 0), Trainer: G Keane
2025-06-18 21:09:17,486 - INFO - Position/Length - Found 2 children: Position: 9th, Lost by: 1/2 l
2025-06-18 21:09:17,486 - INFO - Extracted: Givehertilxmas (IRE) - Position: 9th, Lost by: 1/2 l, Jockey: J A Heffernan (claim: 0), Trainer: G Keane, Age: 3, Weight: 9-6, Rating: 62
2025-06-18 21:09:17,486 - INFO - Processing sub block #15 for https://www.racingtv.com/results/2025-06-15/gowran-park/1430
2025-06-18 21:09:17,487 - INFO - Found 3 <a> tags - Horse: Kilgharrahs Love (IRE), Jockey: R P Cleary (claim: 0), Trainer: T Cleary
2025-06-18 21:09:17,487 - INFO - Position/Length - Found 2 children: Position: 8th, Lost by: 3/4 l
2025-06-18 21:09:17,487 - INFO - Extracted: Kilgharrahs Love (IRE) - Position: 8th, Lost by: 3/4 l, Jockey: R P Cleary (claim: 0), Trainer: T Cleary, Age: 3, Weight: 8-7, Rating: 48
2025-06-18 21:09:17,487 - INFO - Processing sub block #16 for https://www.racingtv.com/results/2025-06-15/gowran-park/1430
2025-06-18 21:09:17,488 - INFO - Found 3 <a> tags - Horse: Lovely (IRE), Jockey: C Geerdharry (claim: 7), Trainer: D Dias
2025-06-18 21:09:17,488 - INFO - Position/Length - Found 2 children: Position: 7th, Lost by: Nose
2025-06-18 21:09:17,488 - INFO - Extracted: Lovely (IRE) - Position: 7th, Lost by: Nose, Jockey: C Geerdharry (claim: 7), Trainer: D Dias, Age: 3, Weight: 10-2, Rating: 72
2025-06-18 21:09:17,488 - INFO - Processing sub block #17 for https://www.racingtv.com/results/2025-06-15/gowran-park/1430
2025-06-18 21:09:17,489 - INFO - Found 3 <a> tags - Horse: Bamako (IRE), Jockey: B M Coen (claim: 0), Trainer: A Oliver
2025-06-18 21:09:17,490 - INFO - Position/Length - Found 2 children: Position: 6th, Lost by: 3 l
2025-06-18 21:09:17,490 - INFO - Extracted: Bamako (IRE) - Position: 6th, Lost by: 3 l, Jockey: B M Coen (claim: 0), Trainer: A Oliver, Age: 3, Weight: 9-0v, Rating: 56
2025-06-18 21:09:17,490 - INFO - Processing sub block #18 for https://www.racingtv.com/results/2025-06-15/gowran-park/1430
2025-06-18 21:09:17,490 - INFO - Found 3 <a> tags - Horse: Withoutfurtherado (IRE), Jockey: M W Hassett (claim: 5), Trainer: A L T Moore
2025-06-18 21:09:17,491 - INFO - Position/Length - Found 2 children: Position: 5th, Lost by: 1/2 l
2025-06-18 21:09:17,491 - INFO - Extracted: Withoutfurtherado (IRE) - Position: 5th, Lost by: 1/2 l, Jockey: M W Hassett (claim: 5), Trainer: A L T Moore, Age: 3, Weight: 9-6, Rating: 62
2025-06-18 21:09:17,491 - INFO - Processing sub block #19 for https://www.racingtv.com/results/2025-06-15/gowran-park/1430
2025-06-18 21:09:17,491 - INFO - Found 3 <a> tags - Horse: Asdana (IRE), Jockey: W J Lee (claim: 0), Trainer: W McCreery
2025-06-18 21:09:17,492 - INFO - Position/Length - Found 2 children: Position: 4th, Lost by: Head
2025-06-18 21:09:17,492 - INFO - Extracted: Asdana (IRE) - Position: 4th, Lost by: Head, Jockey: W J Lee (claim: 0), Trainer: W McCreery, Age: 3, Weight: 9-13v, Rating: 69
2025-06-18 21:09:17,492 - INFO - Processing sub block #20 for https://www.racingtv.com/results/2025-06-15/gowran-park/1430
2025-06-18 21:09:17,492 - INFO - Found 3 <a> tags - Horse: Night Magic (IRE), Jockey: S Foley (claim: 0), Trainer: Mrs J Harrington
2025-06-18 21:09:17,493 - INFO - Position/Length - Found 2 children: Position: 3rd, Lost by: 3 l
2025-06-18 21:09:17,493 - INFO - Extracted: Night Magic (IRE) - Position: 3rd, Lost by: 3 l, Jockey: S Foley (claim: 0), Trainer: Mrs J Harrington, Age: 3, Weight: 9-10, Rating: 66
2025-06-18 21:09:17,493 - INFO - Processing sub block #21 for https://www.racingtv.com/results/2025-06-15/gowran-park/1430
2025-06-18 21:09:17,493 - INFO - Found 3 <a> tags - Horse: Washington Street (IRE), Jockey: G F Carroll (claim: 0), Trainer: G M Lyons
2025-06-18 21:09:17,494 - INFO - Position/Length - Found 2 children: Position: 2nd, Lost by: 1 1/2 l
2025-06-18 21:09:17,494 - INFO - Extracted: Washington Street (IRE) - Position: 2nd, Lost by: 1 1/2 l, Jockey: G F Carroll (claim: 0), Trainer: G M Lyons, Age: 3, Weight: 10-2, Rating: 72
2025-06-18 21:09:17,494 - INFO - Processing sub block #22 for https://www.racingtv.com/results/2025-06-15/gowran-park/1430
2025-06-18 21:09:17,494 - INFO - Found 3 <a> tags - Horse: Highbury See See (IRE), Jockey: A J Slattery (claim: 0), Trainer: A Slattery
2025-06-18 21:09:17,495 - INFO - Position/Length - Found 1 children: Position: 1st, Lost by: N/A
2025-06-18 21:09:17,495 - INFO - Extracted: Highbury See See (IRE) - Position: 1st, Lost by: N/A, Jockey: A J Slattery (claim: 0), Trainer: A Slattery, Age: 3, Weight: 9-9, Rating: 65
2025-06-18 21:09:17,495 - INFO - Successfully extracted 22/22 horse records from https://www.racingtv.com/results/2025-06-15/gowran-park/1430
2025-06-18 21:09:17,495 - INFO - :) First place horse found successfully
2025-06-18 21:09:17,495 - INFO - :) First place horse found successfully
2025-06-18 21:09:17,495 - INFO - :) First place horse found successfully
2025-06-18 21:09:17,495 - INFO - :) First place horse found successfully
2025-06-18 21:09:17,495 - INFO - :) First place horse found successfully
2025-06-18 21:09:17,495 - INFO - :) First place horse found successfully
2025-06-18 21:09:17,495 - INFO - :) First place horse found successfully
2025-06-18 21:09:17,495 - INFO - :) First place horse found successfully
2025-06-18 21:09:17,495 - INFO - :) First place horse found successfully
2025-06-18 21:09:17,495 - INFO - :) First place horse found successfully
2025-06-18 21:09:17,495 - INFO - :) First place horse found successfully
2025-06-18 21:09:17,495 - INFO - :) First place horse found successfully
2025-06-18 21:09:17,496 - INFO - :) First place horse found successfully
2025-06-18 21:09:17,496 - INFO - :) First place horse found successfully
2025-06-18 21:09:17,496 - INFO - :) First place horse found successfully
2025-06-18 21:09:17,496 - INFO - :) First place horse found successfully
2025-06-18 21:09:17,496 - INFO - :) First place horse found successfully
2025-06-18 21:09:17,496 - INFO - :) First place horse found successfully
2025-06-18 21:09:17,496 - INFO - :) First place horse found successfully
2025-06-18 21:09:17,496 - INFO - :) First place horse found successfully
2025-06-18 21:09:17,496 - INFO - :) First place horse found successfully
2025-06-18 21:09:17,496 - INFO - :) First place horse found successfully
2025-06-18 21:09:17,496 - INFO - :) First place horse found successfully
2025-06-18 21:09:17,496 - INFO - Successfully parsed 22 horse records from: https://www.racingtv.com/results/2025-06-15/gowran-park/1430
2025-06-18 21:09:17,497 - INFO - Waiting 3 seconds before next request...
2025-06-18 21:09:20,498 - INFO - Batch 1 - URL 3/14: https://www.racingtv.com/results/2025-06-15/gowran-park/1505
2025-06-18 21:09:20,498 - INFO - Loading page with Selenium: https://www.racingtv.com/results/2025-06-15/gowran-park/1505
2025-06-18 21:09:26,288 - INFO - Racing main block detected for: https://www.racingtv.com/results/2025-06-15/gowran-park/1505
2025-06-18 21:09:26,359 - INFO - Successfully loaded page: https://www.racingtv.com/results/2025-06-15/gowran-park/1505
2025-06-18 21:09:26,664 - INFO - Extracted race info - Track: Gowran Park Racing Results | 15th June 2025 15:05, Date: N/A, Time: 15:05
2025-06-18 21:09:26,665 - INFO - Found 2nd h3 tag: Soft  3YO+ 7f Winner: €14,400 (9 runners)
2025-06-18 21:09:26,665 - INFO - Extracted - Going: Soft, Distance: 7f
2025-06-18 21:09:26,665 - INFO - Extracting racing data from: https://www.racingtv.com/results/2025-06-15/gowran-park/1505
2025-06-18 21:09:26,696 - INFO - Processing main block #1 for https://www.racingtv.com/results/2025-06-15/gowran-park/1505
2025-06-18 21:09:26,725 - INFO - Checking 2nd child of main block for first place horse...
2025-06-18 21:09:26,738 - INFO - Found alternative horse block structure with 3 links
2025-06-18 21:09:26,738 - INFO - Found alternative horse block structure with 3 links
2025-06-18 21:09:26,739 - INFO - Found alternative horse block structure with 3 links
2025-06-18 21:09:26,739 - INFO - Found alternative horse block structure with 3 links
2025-06-18 21:09:26,740 - INFO - Found alternative horse block structure with 3 links
2025-06-18 21:09:26,740 - INFO - Found alternative horse block structure with 3 links
2025-06-18 21:09:26,740 - INFO - Found alternative horse block structure with 3 links
2025-06-18 21:09:26,741 - INFO - Found alternative horse block structure with 3 links
2025-06-18 21:09:26,741 - INFO - Found alternative horse block structure with 3 links
2025-06-18 21:09:26,793 - INFO - Found likely first place horse via structure analysis: Declaree (IRE)
2025-06-18 21:09:26,801 - INFO - Found potential first place horse with background styling
2025-06-18 21:09:26,801 - INFO - Found potential first place horse with background styling
2025-06-18 21:09:26,802 - INFO - Found potential first place horse with background styling
2025-06-18 21:09:26,802 - INFO - Found potential first place horse with background styling
2025-06-18 21:09:26,802 - INFO - Found potential first place horse with background styling
2025-06-18 21:09:26,802 - INFO - Found potential first place horse with background styling
2025-06-18 21:09:26,803 - INFO - Found potential first place horse with background styling
2025-06-18 21:09:26,803 - INFO - Found potential first place horse with background styling
2025-06-18 21:09:26,805 - INFO - Found 18 horse entries for https://www.racingtv.com/results/2025-06-15/gowran-park/1505 using multiple detection methods
2025-06-18 21:09:26,805 - INFO - Processing sub block #1 for https://www.racingtv.com/results/2025-06-15/gowran-park/1505
2025-06-18 21:09:26,806 - INFO - Found 3 <a> tags - Horse: Tai Tam Bay (IRE), Jockey: C D Hayes (claim: 0), Trainer: E & P Harty
2025-06-18 21:09:26,807 - INFO - Position/Length - Found 2 children: Position: 9th, Lost by: 6 1/2 l
2025-06-18 21:09:26,807 - INFO - Extracted: Tai Tam Bay (IRE) - Position: 9th, Lost by: 6 1/2 l, Jockey: C D Hayes (claim: 0), Trainer: E & P Harty, Age: 4, Weight: 9-6, Rating: 72
2025-06-18 21:09:26,807 - INFO - Processing sub block #2 for https://www.racingtv.com/results/2025-06-15/gowran-park/1505
2025-06-18 21:09:26,808 - INFO - Found 3 <a> tags - Horse: Gypsy Queen (IRE), Jockey: W J Lee (claim: 0), Trainer: W McCreery
2025-06-18 21:09:26,809 - INFO - Position/Length - Found 2 children: Position: 8th, Lost by: 3/4 l
2025-06-18 21:09:26,809 - INFO - Extracted: Gypsy Queen (IRE) - Position: 8th, Lost by: 3/4 l, Jockey: W J Lee (claim: 0), Trainer: W McCreery, Age: 3, Weight: 9-11, Rating: 87
2025-06-18 21:09:26,809 - INFO - Processing sub block #3 for https://www.racingtv.com/results/2025-06-15/gowran-park/1505
2025-06-18 21:09:26,810 - INFO - Found 3 <a> tags - Horse: Marakesh, Jockey: S Foley (claim: 0), Trainer: H De Bromhead
2025-06-18 21:09:26,811 - INFO - Position/Length - Found 2 children: Position: 7th, Lost by: Neck
2025-06-18 21:09:26,811 - INFO - Extracted: Marakesh - Position: 7th, Lost by: Neck, Jockey: S Foley (claim: 0), Trainer: H De Bromhead, Age: 5, Weight: 10-0, Rating: 80
2025-06-18 21:09:26,811 - INFO - Processing sub block #4 for https://www.racingtv.com/results/2025-06-15/gowran-park/1505
2025-06-18 21:09:26,812 - INFO - Found 3 <a> tags - Horse: Neo Smart (IRE), Jockey: D P McDonogh (claim: 0), Trainer: J S Bolger
2025-06-18 21:09:26,813 - INFO - Position/Length - Found 2 children: Position: 6th, Lost by: 2 1/4 l
2025-06-18 21:09:26,813 - INFO - Extracted: Neo Smart (IRE) - Position: 6th, Lost by: 2 1/4 l, Jockey: D P McDonogh (claim: 0), Trainer: J S Bolger, Age: 4, Weight: 9-6t, Rating: 72
2025-06-18 21:09:26,813 - INFO - Processing sub block #5 for https://www.racingtv.com/results/2025-06-15/gowran-park/1505
2025-06-18 21:09:26,814 - INFO - Found 3 <a> tags - Horse: Empress Artemis (IRE), Jockey: G F Carroll (claim: 0), Trainer: G M Lyons
2025-06-18 21:09:26,815 - INFO - Position/Length - Found 2 children: Position: 5th, Lost by: 2 1/2 l
2025-06-18 21:09:26,815 - INFO - Extracted: Empress Artemis (IRE) - Position: 5th, Lost by: 2 1/2 l, Jockey: G F Carroll (claim: 0), Trainer: G M Lyons, Age: 3, Weight: 9-1, Rating: 77
2025-06-18 21:09:26,815 - INFO - Processing sub block #6 for https://www.racingtv.com/results/2025-06-15/gowran-park/1505
2025-06-18 21:09:26,816 - INFO - Found 3 <a> tags - Horse: Ribchestina (IRE), Jockey: J A Powell (claim: 3), Trainer: M O'Callaghan
2025-06-18 21:09:26,817 - INFO - Position/Length - Found 2 children: Position: 4th, Lost by: Neck
2025-06-18 21:09:26,817 - INFO - Extracted: Ribchestina (IRE) - Position: 4th, Lost by: Neck, Jockey: J A Powell (claim: 3), Trainer: M O'Callaghan, Age: 4, Weight: 9-11, Rating: 77
2025-06-18 21:09:26,817 - INFO - Processing sub block #7 for https://www.racingtv.com/results/2025-06-15/gowran-park/1505
2025-06-18 21:09:26,818 - INFO - Found 3 <a> tags - Horse: Honeysuckle Rose, Jockey: D McMonagle (claim: 0), Trainer: J P O'Brien
2025-06-18 21:09:26,819 - INFO - Position/Length - Found 2 children: Position: 3rd, Lost by: 2 1/2 l
2025-06-18 21:09:26,819 - INFO - Extracted: Honeysuckle Rose - Position: 3rd, Lost by: 2 1/2 l, Jockey: D McMonagle (claim: 0), Trainer: J P O'Brien, Age: 3, Weight: 9-4, Rating: 80
2025-06-18 21:09:26,819 - INFO - Processing sub block #8 for https://www.racingtv.com/results/2025-06-15/gowran-park/1505
2025-06-18 21:09:26,820 - INFO - Found 3 <a> tags - Horse: Four Blondes (IRE), Jockey: D W O'Connor (claim: 0), Trainer: R O'Sullivan
2025-06-18 21:09:26,821 - INFO - Position/Length - Found 2 children: Position: 2nd, Lost by: Neck
2025-06-18 21:09:26,821 - INFO - Extracted: Four Blondes (IRE) - Position: 2nd, Lost by: Neck, Jockey: D W O'Connor (claim: 0), Trainer: R O'Sullivan, Age: 4, Weight: 10-0h1, Rating: 80
2025-06-18 21:09:26,821 - INFO - Processing sub block #9 for https://www.racingtv.com/results/2025-06-15/gowran-park/1505
2025-06-18 21:09:26,821 - INFO - Found 3 <a> tags - Horse: Declaree (IRE), Jockey: B M Coen (claim: 0), Trainer: J P Murtagh
2025-06-18 21:09:26,823 - INFO - Position/Length - Found 1 children: Position: 1st, Lost by: N/A
2025-06-18 21:09:26,823 - INFO - Confirmed winner: Declaree (IRE)
2025-06-18 21:09:26,823 - INFO - Extracted: Declaree (IRE) - Position: 1st, Lost by: N/A, Jockey: B M Coen (claim: 0), Trainer: J P Murtagh, Age: 4, Weight: 9-7tp, Rating: 73
2025-06-18 21:09:26,823 - INFO - Processing sub block #10 for https://www.racingtv.com/results/2025-06-15/gowran-park/1505
2025-06-18 21:09:26,823 - INFO - Found 3 <a> tags - Horse: Tai Tam Bay (IRE), Jockey: C D Hayes (claim: 0), Trainer: E & P Harty
2025-06-18 21:09:26,824 - INFO - Position/Length - Found 2 children: Position: 9th, Lost by: 6 1/2 l
2025-06-18 21:09:26,824 - INFO - Extracted: Tai Tam Bay (IRE) - Position: 9th, Lost by: 6 1/2 l, Jockey: C D Hayes (claim: 0), Trainer: E & P Harty, Age: 4, Weight: 9-6, Rating: 72
2025-06-18 21:09:26,824 - INFO - Processing sub block #11 for https://www.racingtv.com/results/2025-06-15/gowran-park/1505
2025-06-18 21:09:26,824 - INFO - Found 3 <a> tags - Horse: Gypsy Queen (IRE), Jockey: W J Lee (claim: 0), Trainer: W McCreery
2025-06-18 21:09:26,825 - INFO - Position/Length - Found 2 children: Position: 8th, Lost by: 3/4 l
2025-06-18 21:09:26,825 - INFO - Extracted: Gypsy Queen (IRE) - Position: 8th, Lost by: 3/4 l, Jockey: W J Lee (claim: 0), Trainer: W McCreery, Age: 3, Weight: 9-11, Rating: 87
2025-06-18 21:09:26,825 - INFO - Processing sub block #12 for https://www.racingtv.com/results/2025-06-15/gowran-park/1505
2025-06-18 21:09:26,825 - INFO - Found 3 <a> tags - Horse: Marakesh, Jockey: S Foley (claim: 0), Trainer: H De Bromhead
2025-06-18 21:09:26,826 - INFO - Position/Length - Found 2 children: Position: 7th, Lost by: Neck
2025-06-18 21:09:26,826 - INFO - Extracted: Marakesh - Position: 7th, Lost by: Neck, Jockey: S Foley (claim: 0), Trainer: H De Bromhead, Age: 5, Weight: 10-0, Rating: 80
2025-06-18 21:09:26,826 - INFO - Processing sub block #13 for https://www.racingtv.com/results/2025-06-15/gowran-park/1505
2025-06-18 21:09:26,826 - INFO - Found 3 <a> tags - Horse: Neo Smart (IRE), Jockey: D P McDonogh (claim: 0), Trainer: J S Bolger
2025-06-18 21:09:26,826 - INFO - Position/Length - Found 2 children: Position: 6th, Lost by: 2 1/4 l
2025-06-18 21:09:26,827 - INFO - Extracted: Neo Smart (IRE) - Position: 6th, Lost by: 2 1/4 l, Jockey: D P McDonogh (claim: 0), Trainer: J S Bolger, Age: 4, Weight: 9-6t, Rating: 72
2025-06-18 21:09:26,827 - INFO - Processing sub block #14 for https://www.racingtv.com/results/2025-06-15/gowran-park/1505
2025-06-18 21:09:26,827 - INFO - Found 3 <a> tags - Horse: Empress Artemis (IRE), Jockey: G F Carroll (claim: 0), Trainer: G M Lyons
2025-06-18 21:09:26,827 - INFO - Position/Length - Found 2 children: Position: 5th, Lost by: 2 1/2 l
2025-06-18 21:09:26,827 - INFO - Extracted: Empress Artemis (IRE) - Position: 5th, Lost by: 2 1/2 l, Jockey: G F Carroll (claim: 0), Trainer: G M Lyons, Age: 3, Weight: 9-1, Rating: 77
2025-06-18 21:09:26,827 - INFO - Processing sub block #15 for https://www.racingtv.com/results/2025-06-15/gowran-park/1505
2025-06-18 21:09:26,828 - INFO - Found 3 <a> tags - Horse: Ribchestina (IRE), Jockey: J A Powell (claim: 3), Trainer: M O'Callaghan
2025-06-18 21:09:26,828 - INFO - Position/Length - Found 2 children: Position: 4th, Lost by: Neck
2025-06-18 21:09:26,828 - INFO - Extracted: Ribchestina (IRE) - Position: 4th, Lost by: Neck, Jockey: J A Powell (claim: 3), Trainer: M O'Callaghan, Age: 4, Weight: 9-11, Rating: 77
2025-06-18 21:09:26,828 - INFO - Processing sub block #16 for https://www.racingtv.com/results/2025-06-15/gowran-park/1505
2025-06-18 21:09:26,829 - INFO - Found 3 <a> tags - Horse: Honeysuckle Rose, Jockey: D McMonagle (claim: 0), Trainer: J P O'Brien
2025-06-18 21:09:26,829 - INFO - Position/Length - Found 2 children: Position: 3rd, Lost by: 2 1/2 l
2025-06-18 21:09:26,829 - INFO - Extracted: Honeysuckle Rose - Position: 3rd, Lost by: 2 1/2 l, Jockey: D McMonagle (claim: 0), Trainer: J P O'Brien, Age: 3, Weight: 9-4, Rating: 80
2025-06-18 21:09:26,829 - INFO - Processing sub block #17 for https://www.racingtv.com/results/2025-06-15/gowran-park/1505
2025-06-18 21:09:26,829 - INFO - Found 3 <a> tags - Horse: Four Blondes (IRE), Jockey: D W O'Connor (claim: 0), Trainer: R O'Sullivan
2025-06-18 21:09:26,830 - INFO - Position/Length - Found 2 children: Position: 2nd, Lost by: Neck
2025-06-18 21:09:26,830 - INFO - Extracted: Four Blondes (IRE) - Position: 2nd, Lost by: Neck, Jockey: D W O'Connor (claim: 0), Trainer: R O'Sullivan, Age: 4, Weight: 10-0h1, Rating: 80
2025-06-18 21:09:26,830 - INFO - Processing sub block #18 for https://www.racingtv.com/results/2025-06-15/gowran-park/1505
2025-06-18 21:09:26,830 - INFO - Found 3 <a> tags - Horse: Declaree (IRE), Jockey: B M Coen (claim: 0), Trainer: J P Murtagh
2025-06-18 21:09:26,831 - INFO - Position/Length - Found 1 children: Position: 1st, Lost by: N/A
2025-06-18 21:09:26,831 - INFO - Extracted: Declaree (IRE) - Position: 1st, Lost by: N/A, Jockey: B M Coen (claim: 0), Trainer: J P Murtagh, Age: 4, Weight: 9-7tp, Rating: 73
2025-06-18 21:09:26,831 - INFO - Successfully extracted 18/18 horse records from https://www.racingtv.com/results/2025-06-15/gowran-park/1505
2025-06-18 21:09:26,831 - INFO - :) First place horse found successfully
2025-06-18 21:09:26,831 - INFO - :) First place horse found successfully
2025-06-18 21:09:26,831 - INFO - :) First place horse found successfully
2025-06-18 21:09:26,831 - INFO - :) First place horse found successfully
2025-06-18 21:09:26,832 - INFO - :) First place horse found successfully
2025-06-18 21:09:26,832 - INFO - :) First place horse found successfully
2025-06-18 21:09:26,832 - INFO - :) First place horse found successfully
2025-06-18 21:09:26,832 - INFO - :) First place horse found successfully
2025-06-18 21:09:26,832 - INFO - :) First place horse found successfully
2025-06-18 21:09:26,832 - INFO - :) First place horse found successfully
2025-06-18 21:09:26,832 - INFO - :) First place horse found successfully
2025-06-18 21:09:26,832 - INFO - :) First place horse found successfully
2025-06-18 21:09:26,832 - INFO - :) First place horse found successfully
2025-06-18 21:09:26,832 - INFO - :) First place horse found successfully
2025-06-18 21:09:26,832 - INFO - :) First place horse found successfully
2025-06-18 21:09:26,832 - INFO - :) First place horse found successfully
2025-06-18 21:09:26,832 - INFO - :) First place horse found successfully
2025-06-18 21:09:26,832 - INFO - :) First place horse found successfully
2025-06-18 21:09:26,832 - INFO - :) First place horse found successfully
2025-06-18 21:09:26,832 - INFO - Successfully parsed 18 horse records from: https://www.racingtv.com/results/2025-06-15/gowran-park/1505
2025-06-18 21:09:26,833 - INFO - Waiting 3 seconds before next request...
2025-06-18 21:09:29,834 - INFO - Batch 1 - URL 4/14: https://www.racingtv.com/results/2025-06-15/gowran-park/1535
2025-06-18 21:09:29,835 - INFO - Loading page with Selenium: https://www.racingtv.com/results/2025-06-15/gowran-park/1535
2025-06-18 21:09:35,868 - INFO - Racing main block detected for: https://www.racingtv.com/results/2025-06-15/gowran-park/1535
2025-06-18 21:09:35,954 - INFO - Successfully loaded page: https://www.racingtv.com/results/2025-06-15/gowran-park/1535
2025-06-18 21:09:36,415 - INFO - Extracted race info - Track: Gowran Park Racing Results | 15th June 2025 15:35, Date: N/A, Time: 15:35
2025-06-18 21:09:36,416 - INFO - Found 2nd h3 tag: Soft  4YO+ 1m Winner: €6,000 (15 runners)
2025-06-18 21:09:36,417 - INFO - Extracted - Going: Soft, Distance: 1m
2025-06-18 21:09:36,417 - INFO - Extracting racing data from: https://www.racingtv.com/results/2025-06-15/gowran-park/1535
2025-06-18 21:09:36,461 - INFO - Processing main block #1 for https://www.racingtv.com/results/2025-06-15/gowran-park/1535
2025-06-18 21:09:36,507 - INFO - Checking 2nd child of main block for first place horse...
2025-06-18 21:09:36,526 - INFO - Found alternative horse block structure with 3 links
2025-06-18 21:09:36,526 - INFO - Found alternative horse block structure with 3 links
2025-06-18 21:09:36,527 - INFO - Found alternative horse block structure with 3 links
2025-06-18 21:09:36,527 - INFO - Found alternative horse block structure with 3 links
2025-06-18 21:09:36,528 - INFO - Found alternative horse block structure with 3 links
2025-06-18 21:09:36,528 - INFO - Found alternative horse block structure with 3 links
2025-06-18 21:09:36,529 - INFO - Found alternative horse block structure with 3 links
2025-06-18 21:09:36,529 - INFO - Found alternative horse block structure with 3 links
2025-06-18 21:09:36,530 - INFO - Found alternative horse block structure with 3 links
2025-06-18 21:09:36,530 - INFO - Found alternative horse block structure with 3 links
2025-06-18 21:09:36,531 - INFO - Found alternative horse block structure with 3 links
2025-06-18 21:09:36,531 - INFO - Found alternative horse block structure with 3 links
2025-06-18 21:09:36,532 - INFO - Found alternative horse block structure with 3 links
2025-06-18 21:09:36,532 - INFO - Found alternative horse block structure with 3 links
2025-06-18 21:09:36,532 - INFO - Found alternative horse block structure with 3 links
2025-06-18 21:09:36,612 - INFO - Found likely first place horse via structure analysis: Sneddy Eddie (IRE)
2025-06-18 21:09:36,625 - INFO - Found potential first place horse with background styling
2025-06-18 21:09:36,625 - INFO - Found potential first place horse with background styling
2025-06-18 21:09:36,625 - INFO - Found potential first place horse with background styling
2025-06-18 21:09:36,625 - INFO - Found potential first place horse with background styling
2025-06-18 21:09:36,626 - INFO - Found potential first place horse with background styling
2025-06-18 21:09:36,626 - INFO - Found potential first place horse with background styling
2025-06-18 21:09:36,626 - INFO - Found potential first place horse with background styling
2025-06-18 21:09:36,626 - INFO - Found potential first place horse with background styling
2025-06-18 21:09:36,627 - INFO - Found potential first place horse with background styling
2025-06-18 21:09:36,627 - INFO - Found potential first place horse with background styling
2025-06-18 21:09:36,627 - INFO - Found potential first place horse with background styling
2025-06-18 21:09:36,628 - INFO - Found potential first place horse with background styling
2025-06-18 21:09:36,628 - INFO - Found potential first place horse with background styling
2025-06-18 21:09:36,628 - INFO - Found potential first place horse with background styling
2025-06-18 21:09:36,633 - INFO - Found 30 horse entries for https://www.racingtv.com/results/2025-06-15/gowran-park/1535 using multiple detection methods
2025-06-18 21:09:36,633 - INFO - Processing sub block #1 for https://www.racingtv.com/results/2025-06-15/gowran-park/1535
2025-06-18 21:09:36,634 - INFO - Found 3 <a> tags - Horse: Suityourselfboss (IRE), Jockey: S Coen (claim: 7), Trainer: M J Browne
2025-06-18 21:09:36,635 - INFO - Position/Length - Found 2 children: Position: 15th, Lost by: 1 l
2025-06-18 21:09:36,635 - INFO - Extracted: Suityourselfboss (IRE) - Position: 15th, Lost by: 1 l, Jockey: S Coen (claim: 7), Trainer: M J Browne, Age: 6, Weight: 9-5p, Rating: 49
2025-06-18 21:09:36,635 - INFO - Processing sub block #2 for https://www.racingtv.com/results/2025-06-15/gowran-park/1535
2025-06-18 21:09:36,636 - INFO - Found 3 <a> tags - Horse: Madam Alkaterina (IRE), Jockey: R M Mulligan (claim: 7), Trainer: K Dempsey
2025-06-18 21:09:36,636 - INFO - Position/Length - Found 2 children: Position: 14th, Lost by: 2 1/4 l
2025-06-18 21:09:36,636 - INFO - Extracted: Madam Alkaterina (IRE) - Position: 14th, Lost by: 2 1/4 l, Jockey: R M Mulligan (claim: 7), Trainer: K Dempsey, Age: 4, Weight: 9-4, Rating: 48
2025-06-18 21:09:36,636 - INFO - Processing sub block #3 for https://www.racingtv.com/results/2025-06-15/gowran-park/1535
2025-06-18 21:09:36,637 - INFO - Found 3 <a> tags - Horse: Pare Of Brown Eyes (IRE), Jockey: L T McAteer (claim: 0), Trainer: J M Barrett
2025-06-18 21:09:36,638 - INFO - Position/Length - Found 2 children: Position: 13th, Lost by: Short Head
2025-06-18 21:09:36,638 - INFO - Extracted: Pare Of Brown Eyes (IRE) - Position: 13th, Lost by: Short Head, Jockey: L T McAteer (claim: 0), Trainer: J M Barrett, Age: 4, Weight: 9-1p, Rating: 45
2025-06-18 21:09:36,639 - INFO - Processing sub block #4 for https://www.racingtv.com/results/2025-06-15/gowran-park/1535
2025-06-18 21:09:36,639 - INFO - Found 3 <a> tags - Horse: Dazzling Spirit (IRE), Jockey: W Joyce (claim: 3), Trainer: C Collins
2025-06-18 21:09:36,640 - INFO - Position/Length - Found 2 children: Position: 12th, Lost by: 1/2 l
2025-06-18 21:09:36,640 - INFO - Extracted: Dazzling Spirit (IRE) - Position: 12th, Lost by: 1/2 l, Jockey: W Joyce (claim: 3), Trainer: C Collins, Age: 7, Weight: 8-10, Rating: 40
2025-06-18 21:09:36,640 - INFO - Processing sub block #5 for https://www.racingtv.com/results/2025-06-15/gowran-park/1535
2025-06-18 21:09:36,641 - INFO - Found 3 <a> tags - Horse: Run The Jewels (IRE), Jockey: B M Coen (claim: 0), Trainer: Daniel McLoughlin
2025-06-18 21:09:36,642 - INFO - Position/Length - Found 2 children: Position: 11th, Lost by: 7 l
2025-06-18 21:09:36,642 - INFO - Extracted: Run The Jewels (IRE) - Position: 11th, Lost by: 7 l, Jockey: B M Coen (claim: 0), Trainer: Daniel McLoughlin, Age: 8, Weight: 9-12, Rating: 56
2025-06-18 21:09:36,642 - INFO - Processing sub block #6 for https://www.racingtv.com/results/2025-06-15/gowran-park/1535
2025-06-18 21:09:36,643 - INFO - Found 3 <a> tags - Horse: Golden Goose (IRE), Jockey: J A Heffernan (claim: 0), Trainer: Miss T L Cogan
2025-06-18 21:09:36,644 - INFO - Position/Length - Found 2 children: Position: 10th, Lost by: 1/2 l
2025-06-18 21:09:36,644 - INFO - Extracted: Golden Goose (IRE) - Position: 10th, Lost by: 1/2 l, Jockey: J A Heffernan (claim: 0), Trainer: Miss T L Cogan, Age: 5, Weight: 10-2, Rating: 60
2025-06-18 21:09:36,644 - INFO - Processing sub block #7 for https://www.racingtv.com/results/2025-06-15/gowran-park/1535
2025-06-18 21:09:36,644 - INFO - Found 3 <a> tags - Horse: Saith Seren, Jockey: G M Ryan (claim: 0), Trainer: A Lee
2025-06-18 21:09:36,646 - INFO - Position/Length - Found 2 children: Position: 9th, Lost by: 3/4 l
2025-06-18 21:09:36,646 - INFO - Extracted: Saith Seren - Position: 9th, Lost by: 3/4 l, Jockey: G M Ryan (claim: 0), Trainer: A Lee, Age: 4, Weight: 9-8h1, Rating: 52
2025-06-18 21:09:36,646 - INFO - Processing sub block #8 for https://www.racingtv.com/results/2025-06-15/gowran-park/1535
2025-06-18 21:09:36,646 - INFO - Found 3 <a> tags - Horse: Miss Abby Jools (IRE), Jockey: R P Whelan (claim: 0), Trainer: T Doyle
2025-06-18 21:09:36,648 - INFO - Position/Length - Found 2 children: Position: 8th, Lost by: 1/2 l
2025-06-18 21:09:36,648 - INFO - Extracted: Miss Abby Jools (IRE) - Position: 8th, Lost by: 1/2 l, Jockey: R P Whelan (claim: 0), Trainer: T Doyle, Age: 6, Weight: 10-1, Rating: 59
2025-06-18 21:09:36,648 - INFO - Processing sub block #9 for https://www.racingtv.com/results/2025-06-15/gowran-park/1535
2025-06-18 21:09:36,648 - INFO - Found 3 <a> tags - Horse: May Night, Jockey: K G Kennedy (claim: 5), Trainer: S M Duffy
2025-06-18 21:09:36,650 - INFO - Position/Length - Found 2 children: Position: 7th, Lost by: 2 l
2025-06-18 21:09:36,650 - INFO - Extracted: May Night - Position: 7th, Lost by: 2 l, Jockey: K G Kennedy (claim: 5), Trainer: S M Duffy, Age: 7, Weight: 9-10p, Rating: 54
2025-06-18 21:09:36,650 - INFO - Processing sub block #10 for https://www.racingtv.com/results/2025-06-15/gowran-park/1535
2025-06-18 21:09:36,650 - INFO - Found 3 <a> tags - Horse: Pegasus Of Harry, Jockey: K J Leonard (claim: 0), Trainer: E O'Connell
2025-06-18 21:09:36,652 - INFO - Position/Length - Found 2 children: Position: 6th, Lost by: 1 l
2025-06-18 21:09:36,652 - INFO - Extracted: Pegasus Of Harry - Position: 6th, Lost by: 1 l, Jockey: K J Leonard (claim: 0), Trainer: E O'Connell, Age: 4, Weight: 9-6t, Rating: 50
2025-06-18 21:09:36,652 - INFO - Processing sub block #11 for https://www.racingtv.com/results/2025-06-15/gowran-park/1535
2025-06-18 21:09:36,652 - INFO - Found 3 <a> tags - Horse: Roderick, Jockey: S Foley (claim: 0), Trainer: P Sweeney
2025-06-18 21:09:36,653 - INFO - Position/Length - Found 2 children: Position: 5th, Lost by: Head
2025-06-18 21:09:36,654 - INFO - Extracted: Roderick - Position: 5th, Lost by: Head, Jockey: S Foley (claim: 0), Trainer: P Sweeney, Age: 9, Weight: 9-1tb, Rating: 45
2025-06-18 21:09:36,654 - INFO - Processing sub block #12 for https://www.racingtv.com/results/2025-06-15/gowran-park/1535
2025-06-18 21:09:36,654 - INFO - Found 3 <a> tags - Horse: So Messi (IRE), Jockey: R Whearty (claim: 3), Trainer: T G McCourt
2025-06-18 21:09:36,655 - INFO - Position/Length - Found 2 children: Position: 4th, Lost by: 1/2 l
2025-06-18 21:09:36,656 - INFO - Extracted: So Messi (IRE) - Position: 4th, Lost by: 1/2 l, Jockey: R Whearty (claim: 3), Trainer: T G McCourt, Age: 5, Weight: 8-11t, Rating: 41
2025-06-18 21:09:36,656 - INFO - Processing sub block #13 for https://www.racingtv.com/results/2025-06-15/gowran-park/1535
2025-06-18 21:09:36,656 - INFO - Found 3 <a> tags - Horse: Carvalhal (IRE), Jockey: Nicola Burns (claim: 7), Trainer: R P Burns
2025-06-18 21:09:36,657 - INFO - Position/Length - Found 2 children: Position: 3rd, Lost by: 3/4 l
2025-06-18 21:09:36,657 - INFO - Extracted: Carvalhal (IRE) - Position: 3rd, Lost by: 3/4 l, Jockey: Nicola Burns (claim: 7), Trainer: R P Burns, Age: 4, Weight: 9-12b1, Rating: 56
2025-06-18 21:09:36,658 - INFO - Processing sub block #14 for https://www.racingtv.com/results/2025-06-15/gowran-park/1535
2025-06-18 21:09:36,658 - INFO - Found 3 <a> tags - Horse: Poppadom (IRE), Jockey: J S Dalton (claim: 10), Trainer: A Slattery
2025-06-18 21:09:36,659 - INFO - Position/Length - Found 2 children: Position: 2nd, Lost by: Neck
2025-06-18 21:09:36,659 - INFO - Extracted: Poppadom (IRE) - Position: 2nd, Lost by: Neck, Jockey: J S Dalton (claim: 10), Trainer: A Slattery, Age: 4, Weight: 9-1, Rating: 45
2025-06-18 21:09:36,659 - INFO - Processing sub block #15 for https://www.racingtv.com/results/2025-06-15/gowran-park/1535
2025-06-18 21:09:36,660 - INFO - Found 3 <a> tags - Horse: Sneddy Eddie (IRE), Jockey: P McGettigan (claim: 7), Trainer: N C Kelly
2025-06-18 21:09:36,661 - INFO - Position/Length - Found 1 children: Position: 1st, Lost by: N/A
2025-06-18 21:09:36,661 - INFO - Confirmed winner: Sneddy Eddie (IRE)
2025-06-18 21:09:36,661 - INFO - Extracted: Sneddy Eddie (IRE) - Position: 1st, Lost by: N/A, Jockey: P McGettigan (claim: 7), Trainer: N C Kelly, Age: 5, Weight: 9-6, Rating: 50
2025-06-18 21:09:36,661 - INFO - Processing sub block #16 for https://www.racingtv.com/results/2025-06-15/gowran-park/1535
2025-06-18 21:09:36,662 - INFO - Found 3 <a> tags - Horse: Suityourselfboss (IRE), Jockey: S Coen (claim: 7), Trainer: M J Browne
2025-06-18 21:09:36,662 - INFO - Position/Length - Found 2 children: Position: 15th, Lost by: 1 l
2025-06-18 21:09:36,662 - INFO - Extracted: Suityourselfboss (IRE) - Position: 15th, Lost by: 1 l, Jockey: S Coen (claim: 7), Trainer: M J Browne, Age: 6, Weight: 9-5p, Rating: 49
2025-06-18 21:09:36,662 - INFO - Processing sub block #17 for https://www.racingtv.com/results/2025-06-15/gowran-park/1535
2025-06-18 21:09:36,663 - INFO - Found 3 <a> tags - Horse: Madam Alkaterina (IRE), Jockey: R M Mulligan (claim: 7), Trainer: K Dempsey
2025-06-18 21:09:36,663 - INFO - Position/Length - Found 2 children: Position: 14th, Lost by: 2 1/4 l
2025-06-18 21:09:36,663 - INFO - Extracted: Madam Alkaterina (IRE) - Position: 14th, Lost by: 2 1/4 l, Jockey: R M Mulligan (claim: 7), Trainer: K Dempsey, Age: 4, Weight: 9-4, Rating: 48
2025-06-18 21:09:36,663 - INFO - Processing sub block #18 for https://www.racingtv.com/results/2025-06-15/gowran-park/1535
2025-06-18 21:09:36,663 - INFO - Found 3 <a> tags - Horse: Pare Of Brown Eyes (IRE), Jockey: L T McAteer (claim: 0), Trainer: J M Barrett
2025-06-18 21:09:36,664 - INFO - Position/Length - Found 2 children: Position: 13th, Lost by: Short Head
2025-06-18 21:09:36,664 - INFO - Extracted: Pare Of Brown Eyes (IRE) - Position: 13th, Lost by: Short Head, Jockey: L T McAteer (claim: 0), Trainer: J M Barrett, Age: 4, Weight: 9-1p, Rating: 45
2025-06-18 21:09:36,664 - INFO - Processing sub block #19 for https://www.racingtv.com/results/2025-06-15/gowran-park/1535
2025-06-18 21:09:36,664 - INFO - Found 3 <a> tags - Horse: Dazzling Spirit (IRE), Jockey: W Joyce (claim: 3), Trainer: C Collins
2025-06-18 21:09:36,665 - INFO - Position/Length - Found 2 children: Position: 12th, Lost by: 1/2 l
2025-06-18 21:09:36,665 - INFO - Extracted: Dazzling Spirit (IRE) - Position: 12th, Lost by: 1/2 l, Jockey: W Joyce (claim: 3), Trainer: C Collins, Age: 7, Weight: 8-10, Rating: 40
2025-06-18 21:09:36,665 - INFO - Processing sub block #20 for https://www.racingtv.com/results/2025-06-15/gowran-park/1535
2025-06-18 21:09:36,665 - INFO - Found 3 <a> tags - Horse: Run The Jewels (IRE), Jockey: B M Coen (claim: 0), Trainer: Daniel McLoughlin
2025-06-18 21:09:36,666 - INFO - Position/Length - Found 2 children: Position: 11th, Lost by: 7 l
2025-06-18 21:09:36,666 - INFO - Extracted: Run The Jewels (IRE) - Position: 11th, Lost by: 7 l, Jockey: B M Coen (claim: 0), Trainer: Daniel McLoughlin, Age: 8, Weight: 9-12, Rating: 56
2025-06-18 21:09:36,666 - INFO - Processing sub block #21 for https://www.racingtv.com/results/2025-06-15/gowran-park/1535
2025-06-18 21:09:36,666 - INFO - Found 3 <a> tags - Horse: Golden Goose (IRE), Jockey: J A Heffernan (claim: 0), Trainer: Miss T L Cogan
2025-06-18 21:09:36,667 - INFO - Position/Length - Found 2 children: Position: 10th, Lost by: 1/2 l
2025-06-18 21:09:36,667 - INFO - Extracted: Golden Goose (IRE) - Position: 10th, Lost by: 1/2 l, Jockey: J A Heffernan (claim: 0), Trainer: Miss T L Cogan, Age: 5, Weight: 10-2, Rating: 60
2025-06-18 21:09:36,667 - INFO - Processing sub block #22 for https://www.racingtv.com/results/2025-06-15/gowran-park/1535
2025-06-18 21:09:36,667 - INFO - Found 3 <a> tags - Horse: Saith Seren, Jockey: G M Ryan (claim: 0), Trainer: A Lee
2025-06-18 21:09:36,667 - INFO - Position/Length - Found 2 children: Position: 9th, Lost by: 3/4 l
2025-06-18 21:09:36,667 - INFO - Extracted: Saith Seren - Position: 9th, Lost by: 3/4 l, Jockey: G M Ryan (claim: 0), Trainer: A Lee, Age: 4, Weight: 9-8h1, Rating: 52
2025-06-18 21:09:36,668 - INFO - Processing sub block #23 for https://www.racingtv.com/results/2025-06-15/gowran-park/1535
2025-06-18 21:09:36,668 - INFO - Found 3 <a> tags - Horse: Miss Abby Jools (IRE), Jockey: R P Whelan (claim: 0), Trainer: T Doyle
2025-06-18 21:09:36,668 - INFO - Position/Length - Found 2 children: Position: 8th, Lost by: 1/2 l
2025-06-18 21:09:36,668 - INFO - Extracted: Miss Abby Jools (IRE) - Position: 8th, Lost by: 1/2 l, Jockey: R P Whelan (claim: 0), Trainer: T Doyle, Age: 6, Weight: 10-1, Rating: 59
2025-06-18 21:09:36,668 - INFO - Processing sub block #24 for https://www.racingtv.com/results/2025-06-15/gowran-park/1535
2025-06-18 21:09:36,669 - INFO - Found 3 <a> tags - Horse: May Night, Jockey: K G Kennedy (claim: 5), Trainer: S M Duffy
2025-06-18 21:09:36,669 - INFO - Position/Length - Found 2 children: Position: 7th, Lost by: 2 l
2025-06-18 21:09:36,669 - INFO - Extracted: May Night - Position: 7th, Lost by: 2 l, Jockey: K G Kennedy (claim: 5), Trainer: S M Duffy, Age: 7, Weight: 9-10p, Rating: 54
2025-06-18 21:09:36,670 - INFO - Processing sub block #25 for https://www.racingtv.com/results/2025-06-15/gowran-park/1535
2025-06-18 21:09:36,670 - INFO - Found 3 <a> tags - Horse: Pegasus Of Harry, Jockey: K J Leonard (claim: 0), Trainer: E O'Connell
2025-06-18 21:09:36,670 - INFO - Position/Length - Found 2 children: Position: 6th, Lost by: 1 l
2025-06-18 21:09:36,670 - INFO - Extracted: Pegasus Of Harry - Position: 6th, Lost by: 1 l, Jockey: K J Leonard (claim: 0), Trainer: E O'Connell, Age: 4, Weight: 9-6t, Rating: 50
2025-06-18 21:09:36,670 - INFO - Processing sub block #26 for https://www.racingtv.com/results/2025-06-15/gowran-park/1535
2025-06-18 21:09:36,671 - INFO - Found 3 <a> tags - Horse: Roderick, Jockey: S Foley (claim: 0), Trainer: P Sweeney
2025-06-18 21:09:36,671 - INFO - Position/Length - Found 2 children: Position: 5th, Lost by: Head
2025-06-18 21:09:36,671 - INFO - Extracted: Roderick - Position: 5th, Lost by: Head, Jockey: S Foley (claim: 0), Trainer: P Sweeney, Age: 9, Weight: 9-1tb, Rating: 45
2025-06-18 21:09:36,672 - INFO - Processing sub block #27 for https://www.racingtv.com/results/2025-06-15/gowran-park/1535
2025-06-18 21:09:36,672 - INFO - Found 3 <a> tags - Horse: So Messi (IRE), Jockey: R Whearty (claim: 3), Trainer: T G McCourt
2025-06-18 21:09:36,672 - INFO - Position/Length - Found 2 children: Position: 4th, Lost by: 1/2 l
2025-06-18 21:09:36,672 - INFO - Extracted: So Messi (IRE) - Position: 4th, Lost by: 1/2 l, Jockey: R Whearty (claim: 3), Trainer: T G McCourt, Age: 5, Weight: 8-11t, Rating: 41
2025-06-18 21:09:36,673 - INFO - Processing sub block #28 for https://www.racingtv.com/results/2025-06-15/gowran-park/1535
2025-06-18 21:09:36,673 - INFO - Found 3 <a> tags - Horse: Carvalhal (IRE), Jockey: Nicola Burns (claim: 7), Trainer: R P Burns
2025-06-18 21:09:36,673 - INFO - Position/Length - Found 2 children: Position: 3rd, Lost by: 3/4 l
2025-06-18 21:09:36,673 - INFO - Extracted: Carvalhal (IRE) - Position: 3rd, Lost by: 3/4 l, Jockey: Nicola Burns (claim: 7), Trainer: R P Burns, Age: 4, Weight: 9-12b1, Rating: 56
2025-06-18 21:09:36,674 - INFO - Processing sub block #29 for https://www.racingtv.com/results/2025-06-15/gowran-park/1535
2025-06-18 21:09:36,674 - INFO - Found 3 <a> tags - Horse: Poppadom (IRE), Jockey: J S Dalton (claim: 10), Trainer: A Slattery
2025-06-18 21:09:36,674 - INFO - Position/Length - Found 2 children: Position: 2nd, Lost by: Neck
2025-06-18 21:09:36,674 - INFO - Extracted: Poppadom (IRE) - Position: 2nd, Lost by: Neck, Jockey: J S Dalton (claim: 10), Trainer: A Slattery, Age: 4, Weight: 9-1, Rating: 45
2025-06-18 21:09:36,674 - INFO - Processing sub block #30 for https://www.racingtv.com/results/2025-06-15/gowran-park/1535
2025-06-18 21:09:36,675 - INFO - Found 3 <a> tags - Horse: Sneddy Eddie (IRE), Jockey: P McGettigan (claim: 7), Trainer: N C Kelly
2025-06-18 21:09:36,675 - INFO - Position/Length - Found 1 children: Position: 1st, Lost by: N/A
2025-06-18 21:09:36,675 - INFO - Extracted: Sneddy Eddie (IRE) - Position: 1st, Lost by: N/A, Jockey: P McGettigan (claim: 7), Trainer: N C Kelly, Age: 5, Weight: 9-6, Rating: 50
2025-06-18 21:09:36,675 - INFO - Successfully extracted 30/30 horse records from https://www.racingtv.com/results/2025-06-15/gowran-park/1535
2025-06-18 21:09:36,676 - INFO - :) First place horse found successfully
2025-06-18 21:09:36,676 - INFO - :) First place horse found successfully
2025-06-18 21:09:36,676 - INFO - :) First place horse found successfully
2025-06-18 21:09:36,676 - INFO - :) First place horse found successfully
2025-06-18 21:09:36,676 - INFO - :) First place horse found successfully
2025-06-18 21:09:36,676 - INFO - :) First place horse found successfully
2025-06-18 21:09:36,676 - INFO - :) First place horse found successfully
2025-06-18 21:09:36,676 - INFO - :) First place horse found successfully
2025-06-18 21:09:36,676 - INFO - :) First place horse found successfully
2025-06-18 21:09:36,676 - INFO - :) First place horse found successfully
2025-06-18 21:09:36,676 - INFO - :) First place horse found successfully
2025-06-18 21:09:36,677 - INFO - :) First place horse found successfully
2025-06-18 21:09:36,677 - INFO - :) First place horse found successfully
2025-06-18 21:09:36,677 - INFO - :) First place horse found successfully
2025-06-18 21:09:36,677 - INFO - :) First place horse found successfully
2025-06-18 21:09:36,677 - INFO - :) First place horse found successfully
2025-06-18 21:09:36,677 - INFO - :) First place horse found successfully
2025-06-18 21:09:36,677 - INFO - :) First place horse found successfully
2025-06-18 21:09:36,677 - INFO - :) First place horse found successfully
2025-06-18 21:09:36,677 - INFO - :) First place horse found successfully
2025-06-18 21:09:36,677 - INFO - :) First place horse found successfully
2025-06-18 21:09:36,677 - INFO - :) First place horse found successfully
2025-06-18 21:09:36,677 - INFO - :) First place horse found successfully
2025-06-18 21:09:36,677 - INFO - :) First place horse found successfully
2025-06-18 21:09:36,677 - INFO - :) First place horse found successfully
2025-06-18 21:09:36,677 - INFO - :) First place horse found successfully
2025-06-18 21:09:36,677 - INFO - :) First place horse found successfully
2025-06-18 21:09:36,677 - INFO - :) First place horse found successfully
2025-06-18 21:09:36,678 - INFO - :) First place horse found successfully
2025-06-18 21:09:36,678 - INFO - :) First place horse found successfully
2025-06-18 21:09:36,678 - INFO - :) First place horse found successfully
2025-06-18 21:09:36,678 - INFO - Successfully parsed 30 horse records from: https://www.racingtv.com/results/2025-06-15/gowran-park/1535
2025-06-18 21:09:36,678 - INFO - Waiting 3 seconds before next request...
2025-06-18 21:09:39,679 - INFO - Batch 1 - URL 5/14: https://www.racingtv.com/results/2025-06-15/gowran-park/1610
2025-06-18 21:09:39,680 - INFO - Loading page with Selenium: https://www.racingtv.com/results/2025-06-15/gowran-park/1610
2025-06-18 21:09:45,545 - INFO - Racing main block detected for: https://www.racingtv.com/results/2025-06-15/gowran-park/1610
2025-06-18 21:09:45,610 - INFO - Successfully loaded page: https://www.racingtv.com/results/2025-06-15/gowran-park/1610
2025-06-18 21:09:45,905 - INFO - Extracted race info - Track: Gowran Park Racing Results | 15th June 2025 16:10, Date: N/A, Time: 16:10
2025-06-18 21:09:45,906 - INFO - Found 2nd h3 tag: Soft  3YO only 1m 1f 100y Winner: €7,800 (6 runners)
2025-06-18 21:09:45,906 - INFO - Extracted - Going: Soft, Distance: 1m 1f 100y
2025-06-18 21:09:45,906 - INFO - Extracting racing data from: https://www.racingtv.com/results/2025-06-15/gowran-park/1610
2025-06-18 21:09:45,929 - INFO - Processing main block #1 for https://www.racingtv.com/results/2025-06-15/gowran-park/1610
2025-06-18 21:09:45,949 - INFO - Checking 2nd child of main block for first place horse...
2025-06-18 21:09:45,957 - INFO - Found alternative horse block structure with 3 links
2025-06-18 21:09:45,958 - INFO - Found alternative horse block structure with 3 links
2025-06-18 21:09:45,958 - INFO - Found alternative horse block structure with 3 links
2025-06-18 21:09:45,958 - INFO - Found alternative horse block structure with 3 links
2025-06-18 21:09:45,959 - INFO - Found alternative horse block structure with 3 links
2025-06-18 21:09:45,959 - INFO - Found alternative horse block structure with 3 links
2025-06-18 21:09:45,993 - INFO - Found likely first place horse via structure analysis: Starford (IRE)
2025-06-18 21:09:45,999 - INFO - Found potential first place horse with background styling
2025-06-18 21:09:46,000 - INFO - Found potential first place horse with background styling
2025-06-18 21:09:46,000 - INFO - Found potential first place horse with background styling
2025-06-18 21:09:46,000 - INFO - Found potential first place horse with background styling
2025-06-18 21:09:46,000 - INFO - Found potential first place horse with background styling
2025-06-18 21:09:46,002 - INFO - Found 12 horse entries for https://www.racingtv.com/results/2025-06-15/gowran-park/1610 using multiple detection methods
2025-06-18 21:09:46,002 - INFO - Processing sub block #1 for https://www.racingtv.com/results/2025-06-15/gowran-park/1610
2025-06-18 21:09:46,002 - INFO - Found 3 <a> tags - Horse: School Of Athens (IRE), Jockey: P McGettigan (claim: 7), Trainer: J P Murtagh
2025-06-18 21:09:46,003 - INFO - Position/Length - Found 2 children: Position: 6th, Lost by: 7 l
2025-06-18 21:09:46,003 - INFO - Extracted: School Of Athens (IRE) - Position: 6th, Lost by: 7 l, Jockey: P McGettigan (claim: 7), Trainer: J P Murtagh, Age: 3, Weight: 9-4p1, Rating: 70
2025-06-18 21:09:46,004 - INFO - Processing sub block #2 for https://www.racingtv.com/results/2025-06-15/gowran-park/1610
2025-06-18 21:09:46,004 - INFO - Found 3 <a> tags - Horse: Truth Be Told (IRE), Jockey: J Kearney (claim: 0), Trainer: D K Weld
2025-06-18 21:09:46,005 - INFO - Position/Length - Found 2 children: Position: 5th, Lost by: 4 1/4 l
2025-06-18 21:09:46,005 - INFO - Extracted: Truth Be Told (IRE) - Position: 5th, Lost by: 4 1/4 l, Jockey: J Kearney (claim: 0), Trainer: D K Weld, Age: 3, Weight: 9-12p, Rating: 78
2025-06-18 21:09:46,005 - INFO - Processing sub block #3 for https://www.racingtv.com/results/2025-06-15/gowran-park/1610
2025-06-18 21:09:46,006 - INFO - Found 3 <a> tags - Horse: Sunriseontheboyne (IRE), Jockey: W Joyce (claim: 0), Trainer: M Mulvany
2025-06-18 21:09:46,007 - INFO - Position/Length - Found 2 children: Position: 4th, Lost by: 2 1/2 l
2025-06-18 21:09:46,007 - INFO - Extracted: Sunriseontheboyne (IRE) - Position: 4th, Lost by: 2 1/2 l, Jockey: W Joyce (claim: 0), Trainer: M Mulvany, Age: 3, Weight: 9-13, Rating: 79
2025-06-18 21:09:46,007 - INFO - Processing sub block #4 for https://www.racingtv.com/results/2025-06-15/gowran-park/1610
2025-06-18 21:09:46,008 - INFO - Found 3 <a> tags - Horse: Woodshaw Whisper (IRE), Jockey: J J G Ryan (claim: 0), Trainer: G M Lyons
2025-06-18 21:09:46,009 - INFO - Position/Length - Found 2 children: Position: 3rd, Lost by: 1 3/4 l
2025-06-18 21:09:46,009 - INFO - Extracted: Woodshaw Whisper (IRE) - Position: 3rd, Lost by: 1 3/4 l, Jockey: J J G Ryan (claim: 0), Trainer: G M Lyons, Age: 3, Weight: 10-2, Rating: 82
2025-06-18 21:09:46,009 - INFO - Processing sub block #5 for https://www.racingtv.com/results/2025-06-15/gowran-park/1610
2025-06-18 21:09:46,009 - INFO - Found 3 <a> tags - Horse: Onemoredance (IRE), Jockey: J A Powell (claim: 0), Trainer: J P Murtagh
2025-06-18 21:09:46,011 - INFO - Position/Length - Found 2 children: Position: 2nd, Lost by: 3/4 l
2025-06-18 21:09:46,011 - INFO - Extracted: Onemoredance (IRE) - Position: 2nd, Lost by: 3/4 l, Jockey: J A Powell (claim: 0), Trainer: J P Murtagh, Age: 3, Weight: 8-11p1, Rating: 63
2025-06-18 21:09:46,011 - INFO - Processing sub block #6 for https://www.racingtv.com/results/2025-06-15/gowran-park/1610
2025-06-18 21:09:46,011 - INFO - Found 3 <a> tags - Horse: Starford (IRE), Jockey: M W Hassett (claim: 0), Trainer: J P O'Brien
2025-06-18 21:09:46,013 - INFO - Position/Length - Found 1 children: Position: 1st, Lost by: N/A
2025-06-18 21:09:46,013 - INFO - Confirmed winner: Starford (IRE)
2025-06-18 21:09:46,013 - INFO - Extracted: Starford (IRE) - Position: 1st, Lost by: N/A, Jockey: M W Hassett (claim: 0), Trainer: J P O'Brien, Age: 3, Weight: 9-1, Rating: 67
2025-06-18 21:09:46,013 - INFO - Processing sub block #7 for https://www.racingtv.com/results/2025-06-15/gowran-park/1610
2025-06-18 21:09:46,014 - INFO - Found 3 <a> tags - Horse: School Of Athens (IRE), Jockey: P McGettigan (claim: 7), Trainer: J P Murtagh
2025-06-18 21:09:46,014 - INFO - Position/Length - Found 2 children: Position: 6th, Lost by: 7 l
2025-06-18 21:09:46,014 - INFO - Extracted: School Of Athens (IRE) - Position: 6th, Lost by: 7 l, Jockey: P McGettigan (claim: 7), Trainer: J P Murtagh, Age: 3, Weight: 9-4p1, Rating: 70
2025-06-18 21:09:46,014 - INFO - Processing sub block #8 for https://www.racingtv.com/results/2025-06-15/gowran-park/1610
2025-06-18 21:09:46,014 - INFO - Found 3 <a> tags - Horse: Truth Be Told (IRE), Jockey: J Kearney (claim: 0), Trainer: D K Weld
2025-06-18 21:09:46,015 - INFO - Position/Length - Found 2 children: Position: 5th, Lost by: 4 1/4 l
2025-06-18 21:09:46,015 - INFO - Extracted: Truth Be Told (IRE) - Position: 5th, Lost by: 4 1/4 l, Jockey: J Kearney (claim: 0), Trainer: D K Weld, Age: 3, Weight: 9-12p, Rating: 78
2025-06-18 21:09:46,015 - INFO - Processing sub block #9 for https://www.racingtv.com/results/2025-06-15/gowran-park/1610
2025-06-18 21:09:46,015 - INFO - Found 3 <a> tags - Horse: Sunriseontheboyne (IRE), Jockey: W Joyce (claim: 0), Trainer: M Mulvany
2025-06-18 21:09:46,016 - INFO - Position/Length - Found 2 children: Position: 4th, Lost by: 2 1/2 l
2025-06-18 21:09:46,016 - INFO - Extracted: Sunriseontheboyne (IRE) - Position: 4th, Lost by: 2 1/2 l, Jockey: W Joyce (claim: 0), Trainer: M Mulvany, Age: 3, Weight: 9-13, Rating: 79
2025-06-18 21:09:46,016 - INFO - Processing sub block #10 for https://www.racingtv.com/results/2025-06-15/gowran-park/1610
2025-06-18 21:09:46,016 - INFO - Found 3 <a> tags - Horse: Woodshaw Whisper (IRE), Jockey: J J G Ryan (claim: 0), Trainer: G M Lyons
2025-06-18 21:09:46,017 - INFO - Position/Length - Found 2 children: Position: 3rd, Lost by: 1 3/4 l
2025-06-18 21:09:46,017 - INFO - Extracted: Woodshaw Whisper (IRE) - Position: 3rd, Lost by: 1 3/4 l, Jockey: J J G Ryan (claim: 0), Trainer: G M Lyons, Age: 3, Weight: 10-2, Rating: 82
2025-06-18 21:09:46,017 - INFO - Processing sub block #11 for https://www.racingtv.com/results/2025-06-15/gowran-park/1610
2025-06-18 21:09:46,017 - INFO - Found 3 <a> tags - Horse: Onemoredance (IRE), Jockey: J A Powell (claim: 0), Trainer: J P Murtagh
2025-06-18 21:09:46,017 - INFO - Position/Length - Found 2 children: Position: 2nd, Lost by: 3/4 l
2025-06-18 21:09:46,018 - INFO - Extracted: Onemoredance (IRE) - Position: 2nd, Lost by: 3/4 l, Jockey: J A Powell (claim: 0), Trainer: J P Murtagh, Age: 3, Weight: 8-11p1, Rating: 63
2025-06-18 21:09:46,018 - INFO - Processing sub block #12 for https://www.racingtv.com/results/2025-06-15/gowran-park/1610
2025-06-18 21:09:46,018 - INFO - Found 3 <a> tags - Horse: Starford (IRE), Jockey: M W Hassett (claim: 0), Trainer: J P O'Brien
2025-06-18 21:09:46,018 - INFO - Position/Length - Found 1 children: Position: 1st, Lost by: N/A
2025-06-18 21:09:46,018 - INFO - Extracted: Starford (IRE) - Position: 1st, Lost by: N/A, Jockey: M W Hassett (claim: 0), Trainer: J P O'Brien, Age: 3, Weight: 9-1, Rating: 67
2025-06-18 21:09:46,019 - INFO - Successfully extracted 12/12 horse records from https://www.racingtv.com/results/2025-06-15/gowran-park/1610
2025-06-18 21:09:46,019 - INFO - :) First place horse found successfully
2025-06-18 21:09:46,019 - INFO - :) First place horse found successfully
2025-06-18 21:09:46,019 - INFO - :) First place horse found successfully
2025-06-18 21:09:46,019 - INFO - :) First place horse found successfully
2025-06-18 21:09:46,019 - INFO - :) First place horse found successfully
2025-06-18 21:09:46,019 - INFO - :) First place horse found successfully
2025-06-18 21:09:46,019 - INFO - :) First place horse found successfully
2025-06-18 21:09:46,019 - INFO - :) First place horse found successfully
2025-06-18 21:09:46,019 - INFO - :) First place horse found successfully
2025-06-18 21:09:46,019 - INFO - :) First place horse found successfully
2025-06-18 21:09:46,019 - INFO - :) First place horse found successfully
2025-06-18 21:09:46,019 - INFO - :) First place horse found successfully
2025-06-18 21:09:46,019 - INFO - :) First place horse found successfully
2025-06-18 21:09:46,019 - INFO - Successfully parsed 12 horse records from: https://www.racingtv.com/results/2025-06-15/gowran-park/1610
2025-06-18 21:09:46,020 - INFO - Waiting 3 seconds before next request...
2025-06-18 21:09:49,021 - INFO - Batch 1 - URL 6/14: https://www.racingtv.com/results/2025-06-15/gowran-park/1640
2025-06-18 21:09:49,022 - INFO - Loading page with Selenium: https://www.racingtv.com/results/2025-06-15/gowran-park/1640
2025-06-18 21:09:54,765 - INFO - Racing main block detected for: https://www.racingtv.com/results/2025-06-15/gowran-park/1640
2025-06-18 21:09:54,811 - INFO - Successfully loaded page: https://www.racingtv.com/results/2025-06-15/gowran-park/1640
2025-06-18 21:09:55,097 - INFO - Extracted race info - Track: Gowran Park Racing Results | 15th June 2025 16:40, Date: N/A, Time: 16:40
2025-06-18 21:09:55,098 - INFO - Found 2nd h3 tag: Soft  3YO+ 1m 1f 100y Winner: €9,000 (8 runners)
2025-06-18 21:09:55,098 - INFO - Extracted - Going: Soft, Distance: 1m 1f 100y
2025-06-18 21:09:55,098 - INFO - Extracting racing data from: https://www.racingtv.com/results/2025-06-15/gowran-park/1640
2025-06-18 21:09:55,127 - INFO - Processing main block #1 for https://www.racingtv.com/results/2025-06-15/gowran-park/1640
2025-06-18 21:09:55,154 - INFO - Checking 2nd child of main block for first place horse...
2025-06-18 21:09:55,165 - INFO - Found alternative horse block structure with 3 links
2025-06-18 21:09:55,166 - INFO - Found alternative horse block structure with 3 links
2025-06-18 21:09:55,166 - INFO - Found alternative horse block structure with 3 links
2025-06-18 21:09:55,167 - INFO - Found alternative horse block structure with 3 links
2025-06-18 21:09:55,167 - INFO - Found alternative horse block structure with 3 links
2025-06-18 21:09:55,167 - INFO - Found alternative horse block structure with 3 links
2025-06-18 21:09:55,168 - INFO - Found alternative horse block structure with 3 links
2025-06-18 21:09:55,168 - INFO - Found alternative horse block structure with 3 links
2025-06-18 21:09:55,231 - INFO - Found likely first place horse via structure analysis: Offshore Bay (IRE)
2025-06-18 21:09:55,239 - INFO - Found potential first place horse with background styling
2025-06-18 21:09:55,239 - INFO - Found potential first place horse with background styling
2025-06-18 21:09:55,239 - INFO - Found potential first place horse with background styling
2025-06-18 21:09:55,239 - INFO - Found potential first place horse with background styling
2025-06-18 21:09:55,240 - INFO - Found potential first place horse with background styling
2025-06-18 21:09:55,240 - INFO - Found potential first place horse with background styling
2025-06-18 21:09:55,240 - INFO - Found potential first place horse with background styling
2025-06-18 21:09:55,242 - INFO - Found 16 horse entries for https://www.racingtv.com/results/2025-06-15/gowran-park/1640 using multiple detection methods
2025-06-18 21:09:55,242 - INFO - Processing sub block #1 for https://www.racingtv.com/results/2025-06-15/gowran-park/1640
2025-06-18 21:09:55,243 - INFO - Found 3 <a> tags - Horse: Imnoaprilfool (IRE), Jockey: W Joyce (claim: 3), Trainer: M Mulvany
2025-06-18 21:09:55,244 - INFO - Position/Length - Found 2 children: Position: 8th, Lost by: 3 1/4 l
2025-06-18 21:09:55,244 - INFO - Extracted: Imnoaprilfool (IRE) - Position: 8th, Lost by: 3 1/4 l, Jockey: W Joyce (claim: 3), Trainer: M Mulvany, Age: 3, Weight: 9-3, Rating: -
2025-06-18 21:09:55,244 - INFO - Processing sub block #2 for https://www.racingtv.com/results/2025-06-15/gowran-park/1640
2025-06-18 21:09:55,244 - INFO - Found 3 <a> tags - Horse: Parga Diamond (IRE), Jockey: D P McDonogh (claim: 0), Trainer: Miss H McLoughlin
2025-06-18 21:09:55,246 - INFO - Position/Length - Found 2 children: Position: 7th, Lost by: 2 1/4 l
2025-06-18 21:09:55,246 - INFO - Extracted: Parga Diamond (IRE) - Position: 7th, Lost by: 2 1/4 l, Jockey: D P McDonogh (claim: 0), Trainer: Miss H McLoughlin, Age: 6, Weight: 10-1ht, Rating: -
2025-06-18 21:09:55,246 - INFO - Processing sub block #3 for https://www.racingtv.com/results/2025-06-15/gowran-park/1640
2025-06-18 21:09:55,247 - INFO - Found 3 <a> tags - Horse: Green Rose (IRE), Jockey: L F Roche (claim: 0), Trainer: D K Weld
2025-06-18 21:09:55,248 - INFO - Position/Length - Found 2 children: Position: 6th, Lost by: 2 1/2 l
2025-06-18 21:09:55,248 - INFO - Extracted: Green Rose (IRE) - Position: 6th, Lost by: 2 1/2 l, Jockey: L F Roche (claim: 0), Trainer: D K Weld, Age: 3, Weight: 9-3, Rating: -
2025-06-18 21:09:55,248 - INFO - Processing sub block #4 for https://www.racingtv.com/results/2025-06-15/gowran-park/1640
2025-06-18 21:09:55,249 - INFO - Found 3 <a> tags - Horse: Ocean Diamond (IRE), Jockey: J A Heffernan (claim: 0), Trainer: Derek McCormack
2025-06-18 21:09:55,250 - INFO - Position/Length - Found 2 children: Position: 5th, Lost by: 13 l
2025-06-18 21:09:55,250 - INFO - Extracted: Ocean Diamond (IRE) - Position: 5th, Lost by: 13 l, Jockey: J A Heffernan (claim: 0), Trainer: Derek McCormack, Age: 4, Weight: 10-1, Rating: -
2025-06-18 21:09:55,250 - INFO - Processing sub block #5 for https://www.racingtv.com/results/2025-06-15/gowran-park/1640
2025-06-18 21:09:55,250 - INFO - Found 3 <a> tags - Horse: Etawa (IRE), Jockey: C D Hayes (claim: 0), Trainer: D K Weld
2025-06-18 21:09:55,252 - INFO - Position/Length - Found 2 children: Position: 4th, Lost by: 2 1/2 l
2025-06-18 21:09:55,252 - INFO - Extracted: Etawa (IRE) - Position: 4th, Lost by: 2 1/2 l, Jockey: C D Hayes (claim: 0), Trainer: D K Weld, Age: 3, Weight: 9-3, Rating: -
2025-06-18 21:09:55,252 - INFO - Processing sub block #6 for https://www.racingtv.com/results/2025-06-15/gowran-park/1640
2025-06-18 21:09:55,253 - INFO - Found 3 <a> tags - Horse: Angelight (IRE), Jockey: D McMonagle (claim: 0), Trainer: J P O'Brien
2025-06-18 21:09:55,254 - INFO - Position/Length - Found 2 children: Position: 3rd, Lost by: 5 l
2025-06-18 21:09:55,254 - INFO - Extracted: Angelight (IRE) - Position: 3rd, Lost by: 5 l, Jockey: D McMonagle (claim: 0), Trainer: J P O'Brien, Age: 3, Weight: 9-3t, Rating: -
2025-06-18 21:09:55,254 - INFO - Processing sub block #7 for https://www.racingtv.com/results/2025-06-15/gowran-park/1640
2025-06-18 21:09:55,254 - INFO - Found 3 <a> tags - Horse: Walk The Highline (IRE), Jockey: B M Coen (claim: 0), Trainer: J P Murtagh
2025-06-18 21:09:55,256 - INFO - Position/Length - Found 2 children: Position: 2nd, Lost by: 3 1/4 l
2025-06-18 21:09:55,256 - INFO - Extracted: Walk The Highline (IRE) - Position: 2nd, Lost by: 3 1/4 l, Jockey: B M Coen (claim: 0), Trainer: J P Murtagh, Age: 3, Weight: 9-3, Rating: -
2025-06-18 21:09:55,256 - INFO - Processing sub block #8 for https://www.racingtv.com/results/2025-06-15/gowran-park/1640
2025-06-18 21:09:55,256 - INFO - Found 3 <a> tags - Horse: Offshore Bay (IRE), Jockey: G F Carroll (claim: 0), Trainer: H De Bromhead
2025-06-18 21:09:55,258 - INFO - Position/Length - Found 1 children: Position: 1st, Lost by: N/A
2025-06-18 21:09:55,258 - INFO - Confirmed winner: Offshore Bay (IRE)
2025-06-18 21:09:55,258 - INFO - Extracted: Offshore Bay (IRE) - Position: 1st, Lost by: N/A, Jockey: G F Carroll (claim: 0), Trainer: H De Bromhead, Age: 3, Weight: 9-3, Rating: -
2025-06-18 21:09:55,258 - INFO - Processing sub block #9 for https://www.racingtv.com/results/2025-06-15/gowran-park/1640
2025-06-18 21:09:55,259 - INFO - Found 3 <a> tags - Horse: Imnoaprilfool (IRE), Jockey: W Joyce (claim: 3), Trainer: M Mulvany
2025-06-18 21:09:55,259 - INFO - Position/Length - Found 2 children: Position: 8th, Lost by: 3 1/4 l
2025-06-18 21:09:55,259 - INFO - Extracted: Imnoaprilfool (IRE) - Position: 8th, Lost by: 3 1/4 l, Jockey: W Joyce (claim: 3), Trainer: M Mulvany, Age: 3, Weight: 9-3, Rating: -
2025-06-18 21:09:55,259 - INFO - Processing sub block #10 for https://www.racingtv.com/results/2025-06-15/gowran-park/1640
2025-06-18 21:09:55,259 - INFO - Found 3 <a> tags - Horse: Parga Diamond (IRE), Jockey: D P McDonogh (claim: 0), Trainer: Miss H McLoughlin
2025-06-18 21:09:55,260 - INFO - Position/Length - Found 2 children: Position: 7th, Lost by: 2 1/4 l
2025-06-18 21:09:55,260 - INFO - Extracted: Parga Diamond (IRE) - Position: 7th, Lost by: 2 1/4 l, Jockey: D P McDonogh (claim: 0), Trainer: Miss H McLoughlin, Age: 6, Weight: 10-1ht, Rating: -
2025-06-18 21:09:55,260 - INFO - Processing sub block #11 for https://www.racingtv.com/results/2025-06-15/gowran-park/1640
2025-06-18 21:09:55,260 - INFO - Found 3 <a> tags - Horse: Green Rose (IRE), Jockey: L F Roche (claim: 0), Trainer: D K Weld
2025-06-18 21:09:55,261 - INFO - Position/Length - Found 2 children: Position: 6th, Lost by: 2 1/2 l
2025-06-18 21:09:55,261 - INFO - Extracted: Green Rose (IRE) - Position: 6th, Lost by: 2 1/2 l, Jockey: L F Roche (claim: 0), Trainer: D K Weld, Age: 3, Weight: 9-3, Rating: -
2025-06-18 21:09:55,261 - INFO - Processing sub block #12 for https://www.racingtv.com/results/2025-06-15/gowran-park/1640
2025-06-18 21:09:55,261 - INFO - Found 3 <a> tags - Horse: Ocean Diamond (IRE), Jockey: J A Heffernan (claim: 0), Trainer: Derek McCormack
2025-06-18 21:09:55,262 - INFO - Position/Length - Found 2 children: Position: 5th, Lost by: 13 l
2025-06-18 21:09:55,262 - INFO - Extracted: Ocean Diamond (IRE) - Position: 5th, Lost by: 13 l, Jockey: J A Heffernan (claim: 0), Trainer: Derek McCormack, Age: 4, Weight: 10-1, Rating: -
2025-06-18 21:09:55,262 - INFO - Processing sub block #13 for https://www.racingtv.com/results/2025-06-15/gowran-park/1640
2025-06-18 21:09:55,262 - INFO - Found 3 <a> tags - Horse: Etawa (IRE), Jockey: C D Hayes (claim: 0), Trainer: D K Weld
2025-06-18 21:09:55,263 - INFO - Position/Length - Found 2 children: Position: 4th, Lost by: 2 1/2 l
2025-06-18 21:09:55,263 - INFO - Extracted: Etawa (IRE) - Position: 4th, Lost by: 2 1/2 l, Jockey: C D Hayes (claim: 0), Trainer: D K Weld, Age: 3, Weight: 9-3, Rating: -
2025-06-18 21:09:55,263 - INFO - Processing sub block #14 for https://www.racingtv.com/results/2025-06-15/gowran-park/1640
2025-06-18 21:09:55,263 - INFO - Found 3 <a> tags - Horse: Angelight (IRE), Jockey: D McMonagle (claim: 0), Trainer: J P O'Brien
2025-06-18 21:09:55,264 - INFO - Position/Length - Found 2 children: Position: 3rd, Lost by: 5 l
2025-06-18 21:09:55,264 - INFO - Extracted: Angelight (IRE) - Position: 3rd, Lost by: 5 l, Jockey: D McMonagle (claim: 0), Trainer: J P O'Brien, Age: 3, Weight: 9-3t, Rating: -
2025-06-18 21:09:55,264 - INFO - Processing sub block #15 for https://www.racingtv.com/results/2025-06-15/gowran-park/1640
2025-06-18 21:09:55,264 - INFO - Found 3 <a> tags - Horse: Walk The Highline (IRE), Jockey: B M Coen (claim: 0), Trainer: J P Murtagh
2025-06-18 21:09:55,265 - INFO - Position/Length - Found 2 children: Position: 2nd, Lost by: 3 1/4 l
2025-06-18 21:09:55,265 - INFO - Extracted: Walk The Highline (IRE) - Position: 2nd, Lost by: 3 1/4 l, Jockey: B M Coen (claim: 0), Trainer: J P Murtagh, Age: 3, Weight: 9-3, Rating: -
2025-06-18 21:09:55,265 - INFO - Processing sub block #16 for https://www.racingtv.com/results/2025-06-15/gowran-park/1640
2025-06-18 21:09:55,265 - INFO - Found 3 <a> tags - Horse: Offshore Bay (IRE), Jockey: G F Carroll (claim: 0), Trainer: H De Bromhead
2025-06-18 21:09:55,266 - INFO - Position/Length - Found 1 children: Position: 1st, Lost by: N/A
2025-06-18 21:09:55,266 - INFO - Extracted: Offshore Bay (IRE) - Position: 1st, Lost by: N/A, Jockey: G F Carroll (claim: 0), Trainer: H De Bromhead, Age: 3, Weight: 9-3, Rating: -
2025-06-18 21:09:55,266 - INFO - Successfully extracted 16/16 horse records from https://www.racingtv.com/results/2025-06-15/gowran-park/1640
2025-06-18 21:09:55,266 - INFO - :) First place horse found successfully
2025-06-18 21:09:55,266 - INFO - :) First place horse found successfully
2025-06-18 21:09:55,266 - INFO - :) First place horse found successfully
2025-06-18 21:09:55,266 - INFO - :) First place horse found successfully
2025-06-18 21:09:55,266 - INFO - :) First place horse found successfully
2025-06-18 21:09:55,266 - INFO - :) First place horse found successfully
2025-06-18 21:09:55,266 - INFO - :) First place horse found successfully
2025-06-18 21:09:55,266 - INFO - :) First place horse found successfully
2025-06-18 21:09:55,266 - INFO - :) First place horse found successfully
2025-06-18 21:09:55,266 - INFO - :) First place horse found successfully
2025-06-18 21:09:55,267 - INFO - :) First place horse found successfully
2025-06-18 21:09:55,267 - INFO - :) First place horse found successfully
2025-06-18 21:09:55,267 - INFO - :) First place horse found successfully
2025-06-18 21:09:55,267 - INFO - :) First place horse found successfully
2025-06-18 21:09:55,267 - INFO - :) First place horse found successfully
2025-06-18 21:09:55,267 - INFO - :) First place horse found successfully
2025-06-18 21:09:55,267 - INFO - :) First place horse found successfully
2025-06-18 21:09:55,267 - INFO - Successfully parsed 16 horse records from: https://www.racingtv.com/results/2025-06-15/gowran-park/1640
2025-06-18 21:09:55,267 - INFO - Waiting 3 seconds before next request...
2025-06-18 21:09:58,268 - INFO - Batch 1 - URL 7/14: https://www.racingtv.com/results/2025-06-15/gowran-park/1710
2025-06-18 21:09:58,268 - INFO - Loading page with Selenium: https://www.racingtv.com/results/2025-06-15/gowran-park/1710
2025-06-18 21:10:04,006 - INFO - Racing main block detected for: https://www.racingtv.com/results/2025-06-15/gowran-park/1710
2025-06-18 21:10:04,040 - INFO - Successfully loaded page: https://www.racingtv.com/results/2025-06-15/gowran-park/1710
2025-06-18 21:10:04,231 - INFO - Extracted race info - Track: Gowran Park Racing Results | 15th June 2025 17:10, Date: N/A, Time: 17:10
2025-06-18 21:10:04,232 - INFO - Found 2nd h3 tag: Soft  3YO+ 1m 1f 100y Winner: €10,200 (4 runners)
2025-06-18 21:10:04,232 - INFO - Extracted - Going: Soft, Distance: 1m 1f 100y
2025-06-18 21:10:04,232 - INFO - Extracting racing data from: https://www.racingtv.com/results/2025-06-15/gowran-park/1710
2025-06-18 21:10:04,251 - INFO - Processing main block #1 for https://www.racingtv.com/results/2025-06-15/gowran-park/1710
2025-06-18 21:10:04,265 - INFO - Checking 2nd child of main block for first place horse...
2025-06-18 21:10:04,271 - INFO - Found alternative horse block structure with 3 links
2025-06-18 21:10:04,271 - INFO - Found alternative horse block structure with 3 links
2025-06-18 21:10:04,272 - INFO - Found alternative horse block structure with 3 links
2025-06-18 21:10:04,272 - INFO - Found alternative horse block structure with 3 links
2025-06-18 21:10:04,298 - INFO - Found likely first place horse via structure analysis: Eastwatch (IRE)
2025-06-18 21:10:04,302 - INFO - Found potential first place horse with background styling
2025-06-18 21:10:04,302 - INFO - Found potential first place horse with background styling
2025-06-18 21:10:04,303 - INFO - Found potential first place horse with background styling
2025-06-18 21:10:04,304 - INFO - Found 8 horse entries for https://www.racingtv.com/results/2025-06-15/gowran-park/1710 using multiple detection methods
2025-06-18 21:10:04,304 - INFO - Processing sub block #1 for https://www.racingtv.com/results/2025-06-15/gowran-park/1710
2025-06-18 21:10:04,304 - INFO - Found 3 <a> tags - Horse: Fleur De Chine, Jockey: S Foley (claim: 0), Trainer: Mrs J Harrington
2025-06-18 21:10:04,305 - INFO - Position/Length - Found 2 children: Position: 4th, Lost by: 28 l
2025-06-18 21:10:04,306 - INFO - Extracted: Fleur De Chine - Position: 4th, Lost by: 28 l, Jockey: S Foley (claim: 0), Trainer: Mrs J Harrington, Age: 4, Weight: 9-8p, Rating: 97
2025-06-18 21:10:04,306 - INFO - Processing sub block #2 for https://www.racingtv.com/results/2025-06-15/gowran-park/1710
2025-06-18 21:10:04,306 - INFO - Found 3 <a> tags - Horse: Viking Invasion (IRE), Jockey: D McMonagle (claim: 0), Trainer: J P O'Brien
2025-06-18 21:10:04,307 - INFO - Position/Length - Found 2 children: Position: 3rd, Lost by: 2 1/4 l
2025-06-18 21:10:04,307 - INFO - Extracted: Viking Invasion (IRE) - Position: 3rd, Lost by: 2 1/4 l, Jockey: D McMonagle (claim: 0), Trainer: J P O'Brien, Age: 3, Weight: 9-6b, Rating: 91
2025-06-18 21:10:04,307 - INFO - Processing sub block #3 for https://www.racingtv.com/results/2025-06-15/gowran-park/1710
2025-06-18 21:10:04,308 - INFO - Found 3 <a> tags - Horse: Cristal Clere (IRE), Jockey: J A Heffernan (claim: 0), Trainer: J Nallen
2025-06-18 21:10:04,310 - INFO - Position/Length - Found 2 children: Position: 2nd, Lost by: 1 l
2025-06-18 21:10:04,310 - INFO - Extracted: Cristal Clere (IRE) - Position: 2nd, Lost by: 1 l, Jockey: J A Heffernan (claim: 0), Trainer: J Nallen, Age: 7, Weight: 9-13, Rating: 101
2025-06-18 21:10:04,310 - INFO - Processing sub block #4 for https://www.racingtv.com/results/2025-06-15/gowran-park/1710
2025-06-18 21:10:04,310 - INFO - Found 3 <a> tags - Horse: Eastwatch (IRE), Jockey: A J Slattery (claim: 0), Trainer: A Slattery
2025-06-18 21:10:04,311 - INFO - Position/Length - Found 1 children: Position: 1st, Lost by: N/A
2025-06-18 21:10:04,312 - INFO - Confirmed winner: Eastwatch (IRE)
2025-06-18 21:10:04,312 - INFO - Extracted: Eastwatch (IRE) - Position: 1st, Lost by: N/A, Jockey: A J Slattery (claim: 0), Trainer: A Slattery, Age: 3, Weight: 9-6, Rating: -
2025-06-18 21:10:04,312 - INFO - Processing sub block #5 for https://www.racingtv.com/results/2025-06-15/gowran-park/1710
2025-06-18 21:10:04,312 - INFO - Found 3 <a> tags - Horse: Fleur De Chine, Jockey: S Foley (claim: 0), Trainer: Mrs J Harrington
2025-06-18 21:10:04,313 - INFO - Position/Length - Found 2 children: Position: 4th, Lost by: 28 l
2025-06-18 21:10:04,313 - INFO - Extracted: Fleur De Chine - Position: 4th, Lost by: 28 l, Jockey: S Foley (claim: 0), Trainer: Mrs J Harrington, Age: 4, Weight: 9-8p, Rating: 97
2025-06-18 21:10:04,313 - INFO - Processing sub block #6 for https://www.racingtv.com/results/2025-06-15/gowran-park/1710
2025-06-18 21:10:04,313 - INFO - Found 3 <a> tags - Horse: Viking Invasion (IRE), Jockey: D McMonagle (claim: 0), Trainer: J P O'Brien
2025-06-18 21:10:04,314 - INFO - Position/Length - Found 2 children: Position: 3rd, Lost by: 2 1/4 l
2025-06-18 21:10:04,314 - INFO - Extracted: Viking Invasion (IRE) - Position: 3rd, Lost by: 2 1/4 l, Jockey: D McMonagle (claim: 0), Trainer: J P O'Brien, Age: 3, Weight: 9-6b, Rating: 91
2025-06-18 21:10:04,314 - INFO - Processing sub block #7 for https://www.racingtv.com/results/2025-06-15/gowran-park/1710
2025-06-18 21:10:04,314 - INFO - Found 3 <a> tags - Horse: Cristal Clere (IRE), Jockey: J A Heffernan (claim: 0), Trainer: J Nallen
2025-06-18 21:10:04,314 - INFO - Position/Length - Found 2 children: Position: 2nd, Lost by: 1 l
2025-06-18 21:10:04,315 - INFO - Extracted: Cristal Clere (IRE) - Position: 2nd, Lost by: 1 l, Jockey: J A Heffernan (claim: 0), Trainer: J Nallen, Age: 7, Weight: 9-13, Rating: 101
2025-06-18 21:10:04,315 - INFO - Processing sub block #8 for https://www.racingtv.com/results/2025-06-15/gowran-park/1710
2025-06-18 21:10:04,315 - INFO - Found 3 <a> tags - Horse: Eastwatch (IRE), Jockey: A J Slattery (claim: 0), Trainer: A Slattery
2025-06-18 21:10:04,315 - INFO - Position/Length - Found 1 children: Position: 1st, Lost by: N/A
2025-06-18 21:10:04,316 - INFO - Extracted: Eastwatch (IRE) - Position: 1st, Lost by: N/A, Jockey: A J Slattery (claim: 0), Trainer: A Slattery, Age: 3, Weight: 9-6, Rating: -
2025-06-18 21:10:04,316 - INFO - Successfully extracted 8/8 horse records from https://www.racingtv.com/results/2025-06-15/gowran-park/1710
2025-06-18 21:10:04,316 - INFO - :) First place horse found successfully
2025-06-18 21:10:04,316 - INFO - :) First place horse found successfully
2025-06-18 21:10:04,316 - INFO - :) First place horse found successfully
2025-06-18 21:10:04,316 - INFO - :) First place horse found successfully
2025-06-18 21:10:04,316 - INFO - :) First place horse found successfully
2025-06-18 21:10:04,316 - INFO - :) First place horse found successfully
2025-06-18 21:10:04,316 - INFO - :) First place horse found successfully
2025-06-18 21:10:04,316 - INFO - :) First place horse found successfully
2025-06-18 21:10:04,316 - INFO - :) First place horse found successfully
2025-06-18 21:10:04,316 - INFO - Successfully parsed 8 horse records from: https://www.racingtv.com/results/2025-06-15/gowran-park/1710
2025-06-18 21:10:04,316 - INFO - Waiting 3 seconds before next request...
2025-06-18 21:10:07,317 - INFO - Batch 1 - URL 8/14: https://www.racingtv.com/results/2025-06-15/downpatrick/1405
2025-06-18 21:10:07,317 - INFO - Loading page with Selenium: https://www.racingtv.com/results/2025-06-15/downpatrick/1405
2025-06-18 21:10:13,314 - INFO - Racing main block detected for: https://www.racingtv.com/results/2025-06-15/downpatrick/1405
2025-06-18 21:10:13,389 - INFO - Successfully loaded page: https://www.racingtv.com/results/2025-06-15/downpatrick/1405
2025-06-18 21:10:14,025 - INFO - Extracted race info - Track: Downpatrick Racing Results | 15th June 2025 14:05, Date: N/A, Time: 14:05
2025-06-18 21:10:14,028 - INFO - Found 2nd h3 tag: Yielding To Soft  4YO+ 2m 5f 180y Winner: €7,200 (11 runners)
2025-06-18 21:10:14,028 - INFO - Extracted - Going: Yielding To Soft, Distance: 2m 5f 180y
2025-06-18 21:10:14,028 - INFO - Extracting racing data from: https://www.racingtv.com/results/2025-06-15/downpatrick/1405
2025-06-18 21:10:14,084 - INFO - Processing main block #1 for https://www.racingtv.com/results/2025-06-15/downpatrick/1405
2025-06-18 21:10:14,143 - INFO - Checking 2nd child of main block for first place horse...
2025-06-18 21:10:14,172 - INFO - Found alternative horse block structure with 3 links
2025-06-18 21:10:14,174 - INFO - Found alternative horse block structure with 3 links
2025-06-18 21:10:14,175 - INFO - Found alternative horse block structure with 3 links
2025-06-18 21:10:14,176 - INFO - Found alternative horse block structure with 3 links
2025-06-18 21:10:14,176 - INFO - Found alternative horse block structure with 3 links
2025-06-18 21:10:14,177 - INFO - Found alternative horse block structure with 3 links
2025-06-18 21:10:14,178 - INFO - Found alternative horse block structure with 3 links
2025-06-18 21:10:14,178 - INFO - Found alternative horse block structure with 3 links
2025-06-18 21:10:14,179 - INFO - Found alternative horse block structure with 3 links
2025-06-18 21:10:14,179 - INFO - Found alternative horse block structure with 3 links
2025-06-18 21:10:14,180 - INFO - Found alternative horse block structure with 3 links
2025-06-18 21:10:14,293 - INFO - Found likely first place horse via structure analysis: Cinammon Roll (FR)
2025-06-18 21:10:14,309 - INFO - Found potential first place horse with background styling
2025-06-18 21:10:14,309 - INFO - Found potential first place horse with background styling
2025-06-18 21:10:14,310 - INFO - Found potential first place horse with background styling
2025-06-18 21:10:14,310 - INFO - Found potential first place horse with background styling
2025-06-18 21:10:14,310 - INFO - Found potential first place horse with background styling
2025-06-18 21:10:14,310 - INFO - Found potential first place horse with background styling
2025-06-18 21:10:14,311 - INFO - Found potential first place horse with background styling
2025-06-18 21:10:14,311 - INFO - Found potential first place horse with background styling
2025-06-18 21:10:14,311 - INFO - Found potential first place horse with background styling
2025-06-18 21:10:14,312 - INFO - Found potential first place horse with background styling
2025-06-18 21:10:14,319 - INFO - Found 22 horse entries for https://www.racingtv.com/results/2025-06-15/downpatrick/1405 using multiple detection methods
2025-06-18 21:10:14,319 - INFO - Processing sub block #1 for https://www.racingtv.com/results/2025-06-15/downpatrick/1405
2025-06-18 21:10:14,319 - INFO - Found 3 <a> tags - Horse: Niamhie (IRE), Jockey: Niall Moore (claim: 2), Trainer: P Cluskey
2025-06-18 21:10:14,321 - INFO - Position/Length - Found 2 children: Position: 11th, Lost by: 45 l
2025-06-18 21:10:14,322 - INFO - Extracted: Niamhie (IRE) - Position: 11th, Lost by: 45 l, Jockey: Niall Moore (claim: 2), Trainer: P Cluskey, Age: 5, Weight: 10-11, Rating: -
2025-06-18 21:10:14,322 - INFO - Processing sub block #2 for https://www.racingtv.com/results/2025-06-15/downpatrick/1405
2025-06-18 21:10:14,322 - INFO - Found 3 <a> tags - Horse: Hickeys Hill (IRE), Jockey: D P Maxwell (claim: 2), Trainer: A McNamara
2025-06-18 21:10:14,324 - INFO - Position/Length - Found 2 children: Position: 10th, Lost by: 21 l
2025-06-18 21:10:14,324 - INFO - Extracted: Hickeys Hill (IRE) - Position: 10th, Lost by: 21 l, Jockey: D P Maxwell (claim: 2), Trainer: A McNamara, Age: 6, Weight: 11-4t, Rating: -
2025-06-18 21:10:14,324 - INFO - Processing sub block #3 for https://www.racingtv.com/results/2025-06-15/downpatrick/1405
2025-06-18 21:10:14,325 - INFO - Found 3 <a> tags - Horse: Tinker Hill (IRE), Jockey: Caragh Monaghan (claim: 4), Trainer: L Lennon
2025-06-18 21:10:14,327 - INFO - Position/Length - Found 2 children: Position: 9th, Lost by: Head
2025-06-18 21:10:14,327 - INFO - Extracted: Tinker Hill (IRE) - Position: 9th, Lost by: Head, Jockey: Caragh Monaghan (claim: 4), Trainer: L Lennon, Age: 4, Weight: 10-12, Rating: -
2025-06-18 21:10:14,327 - INFO - Processing sub block #4 for https://www.racingtv.com/results/2025-06-15/downpatrick/1405
2025-06-18 21:10:14,327 - INFO - Found 3 <a> tags - Horse: Maroto (IRE), Jockey: G B Noonan (claim: 0), Trainer: A McNamara
2025-06-18 21:10:14,329 - INFO - Position/Length - Found 2 children: Position: 8th, Lost by: 19 l
2025-06-18 21:10:14,329 - INFO - Extracted: Maroto (IRE) - Position: 8th, Lost by: 19 l, Jockey: G B Noonan (claim: 0), Trainer: A McNamara, Age: 8, Weight: 11-4t, Rating: 105
2025-06-18 21:10:14,329 - INFO - Processing sub block #5 for https://www.racingtv.com/results/2025-06-15/downpatrick/1405
2025-06-18 21:10:14,330 - INFO - Found 3 <a> tags - Horse: Never Present (IRE), Jockey: D A Kidd (claim: 4), Trainer: J C McConnell
2025-06-18 21:10:14,333 - INFO - Position/Length - Found 2 children: Position: 7th, Lost by: 5 1/2 l
2025-06-18 21:10:14,333 - INFO - Extracted: Never Present (IRE) - Position: 7th, Lost by: 5 1/2 l, Jockey: D A Kidd (claim: 4), Trainer: J C McConnell, Age: 7, Weight: 11-4, Rating: -
2025-06-18 21:10:14,333 - INFO - Processing sub block #6 for https://www.racingtv.com/results/2025-06-15/downpatrick/1405
2025-06-18 21:10:14,334 - INFO - Found 3 <a> tags - Horse: Sugar Cookie (FR), Jockey: Anna McGuinness (claim: 4), Trainer: W P Mullins
2025-06-18 21:10:14,340 - INFO - Position/Length - Found 2 children: Position: 6th, Lost by: 5 1/2 l
2025-06-18 21:10:14,340 - INFO - Extracted: Sugar Cookie (FR) - Position: 6th, Lost by: 5 1/2 l, Jockey: Anna McGuinness (claim: 4), Trainer: W P Mullins, Age: 6, Weight: 10-11, Rating: -
2025-06-18 21:10:14,341 - INFO - Processing sub block #7 for https://www.racingtv.com/results/2025-06-15/downpatrick/1405
2025-06-18 21:10:14,341 - INFO - Found 3 <a> tags - Horse: Imperial Miss (IRE), Jockey: G Brouder (claim: 0), Trainer: T Gibney
2025-06-18 21:10:14,346 - INFO - Position/Length - Found 2 children: Position: 5th, Lost by: 1/2 l
2025-06-18 21:10:14,346 - INFO - Extracted: Imperial Miss (IRE) - Position: 5th, Lost by: 1/2 l, Jockey: G Brouder (claim: 0), Trainer: T Gibney, Age: 4, Weight: 10-5, Rating: -
2025-06-18 21:10:14,346 - INFO - Processing sub block #8 for https://www.racingtv.com/results/2025-06-15/downpatrick/1405
2025-06-18 21:10:14,346 - INFO - Found 3 <a> tags - Horse: Mavetherave (IRE), Jockey: J Smith (claim: 2), Trainer: S R B Crawford
2025-06-18 21:10:14,349 - INFO - Position/Length - Found 2 children: Position: 4th, Lost by: 5 1/2 l
2025-06-18 21:10:14,349 - INFO - Extracted: Mavetherave (IRE) - Position: 4th, Lost by: 5 1/2 l, Jockey: J Smith (claim: 2), Trainer: S R B Crawford, Age: 5, Weight: 11-4, Rating: -
2025-06-18 21:10:14,349 - INFO - Processing sub block #9 for https://www.racingtv.com/results/2025-06-15/downpatrick/1405
2025-06-18 21:10:14,349 - INFO - Found 3 <a> tags - Horse: Keep Kool Coko (FR), Jockey: T Ryan (claim: 2), Trainer: A Slattery
2025-06-18 21:10:14,351 - INFO - Position/Length - Found 2 children: Position: 3rd, Lost by: 1/2 l
2025-06-18 21:10:14,351 - INFO - Extracted: Keep Kool Coko (FR) - Position: 3rd, Lost by: 1/2 l, Jockey: T Ryan (claim: 2), Trainer: A Slattery, Age: 5, Weight: 11-4, Rating: 112
2025-06-18 21:10:14,352 - INFO - Processing sub block #10 for https://www.racingtv.com/results/2025-06-15/downpatrick/1405
2025-06-18 21:10:14,352 - INFO - Found 3 <a> tags - Horse: Full Confession (IRE), Jockey: K Callaghan (claim: 2), Trainer: W P Mullins
2025-06-18 21:10:14,354 - INFO - Position/Length - Found 2 children: Position: 2nd, Lost by: 2 3/4 l
2025-06-18 21:10:14,354 - INFO - Extracted: Full Confession (IRE) - Position: 2nd, Lost by: 2 3/4 l, Jockey: K Callaghan (claim: 2), Trainer: W P Mullins, Age: 5, Weight: 11-12, Rating: -
2025-06-18 21:10:14,354 - INFO - Processing sub block #11 for https://www.racingtv.com/results/2025-06-15/downpatrick/1405
2025-06-18 21:10:14,355 - INFO - Found 3 <a> tags - Horse: Cinammon Roll (FR), Jockey: C P Millar (claim: 2), Trainer: G Elliott
2025-06-18 21:10:14,357 - INFO - Position/Length - Found 1 children: Position: 1st, Lost by: N/A
2025-06-18 21:10:14,357 - INFO - Confirmed winner: Cinammon Roll (FR)
2025-06-18 21:10:14,357 - INFO - Extracted: Cinammon Roll (FR) - Position: 1st, Lost by: N/A, Jockey: C P Millar (claim: 2), Trainer: G Elliott, Age: 5, Weight: 11-12, Rating: -
2025-06-18 21:10:14,357 - INFO - Processing sub block #12 for https://www.racingtv.com/results/2025-06-15/downpatrick/1405
2025-06-18 21:10:14,357 - INFO - Found 3 <a> tags - Horse: Niamhie (IRE), Jockey: Niall Moore (claim: 2), Trainer: P Cluskey
2025-06-18 21:10:14,358 - INFO - Position/Length - Found 2 children: Position: 11th, Lost by: 45 l
2025-06-18 21:10:14,358 - INFO - Extracted: Niamhie (IRE) - Position: 11th, Lost by: 45 l, Jockey: Niall Moore (claim: 2), Trainer: P Cluskey, Age: 5, Weight: 10-11, Rating: -
2025-06-18 21:10:14,358 - INFO - Processing sub block #13 for https://www.racingtv.com/results/2025-06-15/downpatrick/1405
2025-06-18 21:10:14,358 - INFO - Found 3 <a> tags - Horse: Hickeys Hill (IRE), Jockey: D P Maxwell (claim: 2), Trainer: A McNamara
2025-06-18 21:10:14,359 - INFO - Position/Length - Found 2 children: Position: 10th, Lost by: 21 l
2025-06-18 21:10:14,359 - INFO - Extracted: Hickeys Hill (IRE) - Position: 10th, Lost by: 21 l, Jockey: D P Maxwell (claim: 2), Trainer: A McNamara, Age: 6, Weight: 11-4t, Rating: -
2025-06-18 21:10:14,359 - INFO - Processing sub block #14 for https://www.racingtv.com/results/2025-06-15/downpatrick/1405
2025-06-18 21:10:14,359 - INFO - Found 3 <a> tags - Horse: Tinker Hill (IRE), Jockey: Caragh Monaghan (claim: 4), Trainer: L Lennon
2025-06-18 21:10:14,359 - INFO - Position/Length - Found 2 children: Position: 9th, Lost by: Head
2025-06-18 21:10:14,360 - INFO - Extracted: Tinker Hill (IRE) - Position: 9th, Lost by: Head, Jockey: Caragh Monaghan (claim: 4), Trainer: L Lennon, Age: 4, Weight: 10-12, Rating: -
2025-06-18 21:10:14,360 - INFO - Processing sub block #15 for https://www.racingtv.com/results/2025-06-15/downpatrick/1405
2025-06-18 21:10:14,360 - INFO - Found 3 <a> tags - Horse: Maroto (IRE), Jockey: G B Noonan (claim: 0), Trainer: A McNamara
2025-06-18 21:10:14,360 - INFO - Position/Length - Found 2 children: Position: 8th, Lost by: 19 l
2025-06-18 21:10:14,360 - INFO - Extracted: Maroto (IRE) - Position: 8th, Lost by: 19 l, Jockey: G B Noonan (claim: 0), Trainer: A McNamara, Age: 8, Weight: 11-4t, Rating: 105
2025-06-18 21:10:14,361 - INFO - Processing sub block #16 for https://www.racingtv.com/results/2025-06-15/downpatrick/1405
2025-06-18 21:10:14,361 - INFO - Found 3 <a> tags - Horse: Never Present (IRE), Jockey: D A Kidd (claim: 4), Trainer: J C McConnell
2025-06-18 21:10:14,361 - INFO - Position/Length - Found 2 children: Position: 7th, Lost by: 5 1/2 l
2025-06-18 21:10:14,361 - INFO - Extracted: Never Present (IRE) - Position: 7th, Lost by: 5 1/2 l, Jockey: D A Kidd (claim: 4), Trainer: J C McConnell, Age: 7, Weight: 11-4, Rating: -
2025-06-18 21:10:14,362 - INFO - Processing sub block #17 for https://www.racingtv.com/results/2025-06-15/downpatrick/1405
2025-06-18 21:10:14,362 - INFO - Found 3 <a> tags - Horse: Sugar Cookie (FR), Jockey: Anna McGuinness (claim: 4), Trainer: W P Mullins
2025-06-18 21:10:14,362 - INFO - Position/Length - Found 2 children: Position: 6th, Lost by: 5 1/2 l
2025-06-18 21:10:14,362 - INFO - Extracted: Sugar Cookie (FR) - Position: 6th, Lost by: 5 1/2 l, Jockey: Anna McGuinness (claim: 4), Trainer: W P Mullins, Age: 6, Weight: 10-11, Rating: -
2025-06-18 21:10:14,362 - INFO - Processing sub block #18 for https://www.racingtv.com/results/2025-06-15/downpatrick/1405
2025-06-18 21:10:14,363 - INFO - Found 3 <a> tags - Horse: Imperial Miss (IRE), Jockey: G Brouder (claim: 0), Trainer: T Gibney
2025-06-18 21:10:14,363 - INFO - Position/Length - Found 2 children: Position: 5th, Lost by: 1/2 l
2025-06-18 21:10:14,363 - INFO - Extracted: Imperial Miss (IRE) - Position: 5th, Lost by: 1/2 l, Jockey: G Brouder (claim: 0), Trainer: T Gibney, Age: 4, Weight: 10-5, Rating: -
2025-06-18 21:10:14,364 - INFO - Processing sub block #19 for https://www.racingtv.com/results/2025-06-15/downpatrick/1405
2025-06-18 21:10:14,364 - INFO - Found 3 <a> tags - Horse: Mavetherave (IRE), Jockey: J Smith (claim: 2), Trainer: S R B Crawford
2025-06-18 21:10:14,364 - INFO - Position/Length - Found 2 children: Position: 4th, Lost by: 5 1/2 l
2025-06-18 21:10:14,364 - INFO - Extracted: Mavetherave (IRE) - Position: 4th, Lost by: 5 1/2 l, Jockey: J Smith (claim: 2), Trainer: S R B Crawford, Age: 5, Weight: 11-4, Rating: -
2025-06-18 21:10:14,364 - INFO - Processing sub block #20 for https://www.racingtv.com/results/2025-06-15/downpatrick/1405
2025-06-18 21:10:14,365 - INFO - Found 3 <a> tags - Horse: Keep Kool Coko (FR), Jockey: T Ryan (claim: 2), Trainer: A Slattery
2025-06-18 21:10:14,365 - INFO - Position/Length - Found 2 children: Position: 3rd, Lost by: 1/2 l
2025-06-18 21:10:14,365 - INFO - Extracted: Keep Kool Coko (FR) - Position: 3rd, Lost by: 1/2 l, Jockey: T Ryan (claim: 2), Trainer: A Slattery, Age: 5, Weight: 11-4, Rating: 112
2025-06-18 21:10:14,365 - INFO - Processing sub block #21 for https://www.racingtv.com/results/2025-06-15/downpatrick/1405
2025-06-18 21:10:14,366 - INFO - Found 3 <a> tags - Horse: Full Confession (IRE), Jockey: K Callaghan (claim: 2), Trainer: W P Mullins
2025-06-18 21:10:14,366 - INFO - Position/Length - Found 2 children: Position: 2nd, Lost by: 2 3/4 l
2025-06-18 21:10:14,366 - INFO - Extracted: Full Confession (IRE) - Position: 2nd, Lost by: 2 3/4 l, Jockey: K Callaghan (claim: 2), Trainer: W P Mullins, Age: 5, Weight: 11-12, Rating: -
2025-06-18 21:10:14,366 - INFO - Processing sub block #22 for https://www.racingtv.com/results/2025-06-15/downpatrick/1405
2025-06-18 21:10:14,367 - INFO - Found 3 <a> tags - Horse: Cinammon Roll (FR), Jockey: C P Millar (claim: 2), Trainer: G Elliott
2025-06-18 21:10:14,367 - INFO - Position/Length - Found 1 children: Position: 1st, Lost by: N/A
2025-06-18 21:10:14,367 - INFO - Extracted: Cinammon Roll (FR) - Position: 1st, Lost by: N/A, Jockey: C P Millar (claim: 2), Trainer: G Elliott, Age: 5, Weight: 11-12, Rating: -
2025-06-18 21:10:14,367 - INFO - Successfully extracted 22/22 horse records from https://www.racingtv.com/results/2025-06-15/downpatrick/1405
2025-06-18 21:10:14,367 - INFO - :) First place horse found successfully
2025-06-18 21:10:14,368 - INFO - :) First place horse found successfully
2025-06-18 21:10:14,368 - INFO - :) First place horse found successfully
2025-06-18 21:10:14,368 - INFO - :) First place horse found successfully
2025-06-18 21:10:14,368 - INFO - :) First place horse found successfully
2025-06-18 21:10:14,368 - INFO - :) First place horse found successfully
2025-06-18 21:10:14,368 - INFO - :) First place horse found successfully
2025-06-18 21:10:14,368 - INFO - :) First place horse found successfully
2025-06-18 21:10:14,368 - INFO - :) First place horse found successfully
2025-06-18 21:10:14,368 - INFO - :) First place horse found successfully
2025-06-18 21:10:14,368 - INFO - :) First place horse found successfully
2025-06-18 21:10:14,369 - INFO - :) First place horse found successfully
2025-06-18 21:10:14,369 - INFO - :) First place horse found successfully
2025-06-18 21:10:14,369 - INFO - :) First place horse found successfully
2025-06-18 21:10:14,369 - INFO - :) First place horse found successfully
2025-06-18 21:10:14,369 - INFO - :) First place horse found successfully
2025-06-18 21:10:14,369 - INFO - :) First place horse found successfully
2025-06-18 21:10:14,369 - INFO - :) First place horse found successfully
2025-06-18 21:10:14,369 - INFO - :) First place horse found successfully
2025-06-18 21:10:14,369 - INFO - :) First place horse found successfully
2025-06-18 21:10:14,370 - INFO - :) First place horse found successfully
2025-06-18 21:10:14,370 - INFO - :) First place horse found successfully
2025-06-18 21:10:14,370 - INFO - :) First place horse found successfully
2025-06-18 21:10:14,370 - INFO - Successfully parsed 22 horse records from: https://www.racingtv.com/results/2025-06-15/downpatrick/1405
2025-06-18 21:10:14,370 - INFO - Waiting 3 seconds before next request...
2025-06-18 21:10:17,371 - INFO - Batch 1 - URL 9/14: https://www.racingtv.com/results/2025-06-15/downpatrick/1440
2025-06-18 21:10:17,372 - INFO - Loading page with Selenium: https://www.racingtv.com/results/2025-06-15/downpatrick/1440
2025-06-18 21:10:23,118 - INFO - Racing main block detected for: https://www.racingtv.com/results/2025-06-15/downpatrick/1440
2025-06-18 21:10:23,207 - INFO - Successfully loaded page: https://www.racingtv.com/results/2025-06-15/downpatrick/1440
2025-06-18 21:10:23,888 - INFO - Extracted race info - Track: Downpatrick Racing Results | 15th June 2025 14:40, Date: N/A, Time: 14:40
2025-06-18 21:10:23,890 - INFO - Found 2nd h3 tag: Yielding To Soft  4YO+ 2m 2f 185y Winner: €6,000 (15 runners)
2025-06-18 21:10:23,890 - INFO - Extracted - Going: Yielding To Soft, Distance: 2m 2f 185y
2025-06-18 21:10:23,891 - INFO - Extracting racing data from: https://www.racingtv.com/results/2025-06-15/downpatrick/1440
2025-06-18 21:10:23,957 - INFO - Processing main block #1 for https://www.racingtv.com/results/2025-06-15/downpatrick/1440
2025-06-18 21:10:24,027 - INFO - Checking 2nd child of main block for first place horse...
2025-06-18 21:10:24,054 - INFO - Found alternative horse block structure with 3 links
2025-06-18 21:10:24,055 - INFO - Found alternative horse block structure with 3 links
2025-06-18 21:10:24,055 - INFO - Found alternative horse block structure with 3 links
2025-06-18 21:10:24,056 - INFO - Found alternative horse block structure with 3 links
2025-06-18 21:10:24,056 - INFO - Found alternative horse block structure with 3 links
2025-06-18 21:10:24,057 - INFO - Found alternative horse block structure with 3 links
2025-06-18 21:10:24,057 - INFO - Found alternative horse block structure with 3 links
2025-06-18 21:10:24,058 - INFO - Found alternative horse block structure with 3 links
2025-06-18 21:10:24,058 - INFO - Found alternative horse block structure with 3 links
2025-06-18 21:10:24,059 - INFO - Found alternative horse block structure with 3 links
2025-06-18 21:10:24,060 - INFO - Found alternative horse block structure with 3 links
2025-06-18 21:10:24,060 - INFO - Found alternative horse block structure with 3 links
2025-06-18 21:10:24,061 - INFO - Found alternative horse block structure with 3 links
2025-06-18 21:10:24,061 - INFO - Found alternative horse block structure with 3 links
2025-06-18 21:10:24,062 - INFO - Found alternative horse block structure with 3 links
2025-06-18 21:10:24,187 - INFO - Found likely first place horse via structure analysis: Yoradreamer
2025-06-18 21:10:24,210 - INFO - Found potential first place horse with background styling
2025-06-18 21:10:24,210 - INFO - Found potential first place horse with background styling
2025-06-18 21:10:24,211 - INFO - Found potential first place horse with background styling
2025-06-18 21:10:24,211 - INFO - Found potential first place horse with background styling
2025-06-18 21:10:24,211 - INFO - Found potential first place horse with background styling
2025-06-18 21:10:24,212 - INFO - Found potential first place horse with background styling
2025-06-18 21:10:24,212 - INFO - Found potential first place horse with background styling
2025-06-18 21:10:24,212 - INFO - Found potential first place horse with background styling
2025-06-18 21:10:24,213 - INFO - Found potential first place horse with background styling
2025-06-18 21:10:24,213 - INFO - Found potential first place horse with background styling
2025-06-18 21:10:24,213 - INFO - Found potential first place horse with background styling
2025-06-18 21:10:24,214 - INFO - Found potential first place horse with background styling
2025-06-18 21:10:24,214 - INFO - Found potential first place horse with background styling
2025-06-18 21:10:24,214 - INFO - Found potential first place horse with background styling
2025-06-18 21:10:24,224 - INFO - Found 30 horse entries for https://www.racingtv.com/results/2025-06-15/downpatrick/1440 using multiple detection methods
2025-06-18 21:10:24,225 - INFO - Processing sub block #1 for https://www.racingtv.com/results/2025-06-15/downpatrick/1440
2025-06-18 21:10:24,225 - INFO - Found 3 <a> tags - Horse: Jessie's Dreamgirl (IRE), Jockey: B W Harvey (claim: 0), Trainer: J C McConnell
2025-06-18 21:10:24,227 - INFO - Position/Length - Found 1 children: Position: PU, Lost by: N/A
2025-06-18 21:10:24,227 - INFO - Extracted: Jessie's Dreamgirl (IRE) - Position: PU, Lost by: N/A, Jockey: B W Harvey (claim: 0), Trainer: J C McConnell, Age: 6, Weight: 11-5h, Rating: -
2025-06-18 21:10:24,227 - INFO - Processing sub block #2 for https://www.racingtv.com/results/2025-06-15/downpatrick/1440
2025-06-18 21:10:24,228 - INFO - Found 3 <a> tags - Horse: On The Cards (FR), Jockey: D A Kidd (claim: 7), Trainer: J C McConnell
2025-06-18 21:10:24,230 - INFO - Position/Length - Found 2 children: Position: 14th, Lost by: 40 l
2025-06-18 21:10:24,230 - INFO - Extracted: On The Cards (FR) - Position: 14th, Lost by: 40 l, Jockey: D A Kidd (claim: 7), Trainer: J C McConnell, Age: 5, Weight: 11-12, Rating: -
2025-06-18 21:10:24,230 - INFO - Processing sub block #3 for https://www.racingtv.com/results/2025-06-15/downpatrick/1440
2025-06-18 21:10:24,230 - INFO - Found 3 <a> tags - Horse: Vangelis (IRE), Jockey: E Walsh (claim: 0), Trainer: Ciaran Murphy
2025-06-18 21:10:24,232 - INFO - Position/Length - Found 2 children: Position: 13th, Lost by: 26 l
2025-06-18 21:10:24,232 - INFO - Extracted: Vangelis (IRE) - Position: 13th, Lost by: 26 l, Jockey: E Walsh (claim: 0), Trainer: Ciaran Murphy, Age: 4, Weight: 11-7, Rating: -
2025-06-18 21:10:24,232 - INFO - Processing sub block #4 for https://www.racingtv.com/results/2025-06-15/downpatrick/1440
2025-06-18 21:10:24,233 - INFO - Found 3 <a> tags - Horse: Forty Kay, Jockey: C Owens (claim: 7), Trainer: W P Mullins
2025-06-18 21:10:24,235 - INFO - Position/Length - Found 2 children: Position: 12th, Lost by: 3 3/4 l
2025-06-18 21:10:24,235 - INFO - Extracted: Forty Kay - Position: 12th, Lost by: 3 3/4 l, Jockey: C Owens (claim: 7), Trainer: W P Mullins, Age: 5, Weight: 11-5, Rating: -
2025-06-18 21:10:24,235 - INFO - Processing sub block #5 for https://www.racingtv.com/results/2025-06-15/downpatrick/1440
2025-06-18 21:10:24,235 - INFO - Found 3 <a> tags - Horse: Silk Degrees (IRE), Jockey: J Smith (claim: 5), Trainer: S R B Crawford
2025-06-18 21:10:24,238 - INFO - Position/Length - Found 2 children: Position: 11th, Lost by: 2 1/2 l
2025-06-18 21:10:24,238 - INFO - Extracted: Silk Degrees (IRE) - Position: 11th, Lost by: 2 1/2 l, Jockey: J Smith (claim: 5), Trainer: S R B Crawford, Age: 4, Weight: 11-7t, Rating: -
2025-06-18 21:10:24,238 - INFO - Processing sub block #6 for https://www.racingtv.com/results/2025-06-15/downpatrick/1440
2025-06-18 21:10:24,238 - INFO - Found 3 <a> tags - Horse: Doorman Moe (IRE), Jockey: D P Maxwell (claim: 5), Trainer: A McNamara
2025-06-18 21:10:24,241 - INFO - Position/Length - Found 2 children: Position: 10th, Lost by: 19 l
2025-06-18 21:10:24,241 - INFO - Extracted: Doorman Moe (IRE) - Position: 10th, Lost by: 19 l, Jockey: D P Maxwell (claim: 5), Trainer: A McNamara, Age: 5, Weight: 11-12, Rating: -
2025-06-18 21:10:24,241 - INFO - Processing sub block #7 for https://www.racingtv.com/results/2025-06-15/downpatrick/1440
2025-06-18 21:10:24,241 - INFO - Found 3 <a> tags - Horse: Gerrys Wish (IRE), Jockey: P Cleary (claim: 7), Trainer: G Elliott
2025-06-18 21:10:24,243 - INFO - Position/Length - Found 2 children: Position: 9th, Lost by: 27 l
2025-06-18 21:10:24,244 - INFO - Extracted: Gerrys Wish (IRE) - Position: 9th, Lost by: 27 l, Jockey: P Cleary (claim: 7), Trainer: G Elliott, Age: 4, Weight: 11-0, Rating: -
2025-06-18 21:10:24,244 - INFO - Processing sub block #8 for https://www.racingtv.com/results/2025-06-15/downpatrick/1440
2025-06-18 21:10:24,244 - INFO - Found 3 <a> tags - Horse: Take Chance (FR), Jockey: P Hanlon (claim: 7), Trainer: J C McConnell
2025-06-18 21:10:24,246 - INFO - Position/Length - Found 2 children: Position: 8th, Lost by: Head
2025-06-18 21:10:24,246 - INFO - Extracted: Take Chance (FR) - Position: 8th, Lost by: Head, Jockey: P Hanlon (claim: 7), Trainer: J C McConnell, Age: 5, Weight: 11-12, Rating: -
2025-06-18 21:10:24,246 - INFO - Processing sub block #9 for https://www.racingtv.com/results/2025-06-15/downpatrick/1440
2025-06-18 21:10:24,246 - INFO - Found 3 <a> tags - Horse: Little Boy Sivola (FR), Jockey: C Gethings (claim: 0), Trainer: P J Rothwell
2025-06-18 21:10:24,249 - INFO - Position/Length - Found 2 children: Position: 7th, Lost by: Short Head
2025-06-18 21:10:24,249 - INFO - Extracted: Little Boy Sivola (FR) - Position: 7th, Lost by: Short Head, Jockey: C Gethings (claim: 0), Trainer: P J Rothwell, Age: 4, Weight: 11-7, Rating: -
2025-06-18 21:10:24,249 - INFO - Processing sub block #10 for https://www.racingtv.com/results/2025-06-15/downpatrick/1440
2025-06-18 21:10:24,249 - INFO - Found 3 <a> tags - Horse: Colvin (IRE), Jockey: L A McKenna (claim: 5), Trainer: S R B Crawford
2025-06-18 21:10:24,252 - INFO - Position/Length - Found 2 children: Position: 6th, Lost by: 3 1/4 l
2025-06-18 21:10:24,252 - INFO - Extracted: Colvin (IRE) - Position: 6th, Lost by: 3 1/4 l, Jockey: L A McKenna (claim: 5), Trainer: S R B Crawford, Age: 6, Weight: 11-12t, Rating: 107
2025-06-18 21:10:24,252 - INFO - Processing sub block #11 for https://www.racingtv.com/results/2025-06-15/downpatrick/1440
2025-06-18 21:10:24,253 - INFO - Found 3 <a> tags - Horse: Parkgarve (IRE), Jockey: P J O'Hanlon (claim: 0), Trainer: Ian Donoghue
2025-06-18 21:10:24,255 - INFO - Position/Length - Found 2 children: Position: 5th, Lost by: 9 1/2 l
2025-06-18 21:10:24,255 - INFO - Extracted: Parkgarve (IRE) - Position: 5th, Lost by: 9 1/2 l, Jockey: P J O'Hanlon (claim: 0), Trainer: Ian Donoghue, Age: 5, Weight: 11-12t, Rating: -
2025-06-18 21:10:24,255 - INFO - Processing sub block #12 for https://www.racingtv.com/results/2025-06-15/downpatrick/1440
2025-06-18 21:10:24,255 - INFO - Found 3 <a> tags - Horse: Dramatic License (IRE), Jockey: B Bromley (claim: 5), Trainer: S R B Crawford
2025-06-18 21:10:24,257 - INFO - Position/Length - Found 2 children: Position: 4th, Lost by: 1 1/4 l
2025-06-18 21:10:24,257 - INFO - Extracted: Dramatic License (IRE) - Position: 4th, Lost by: 1 1/4 l, Jockey: B Bromley (claim: 5), Trainer: S R B Crawford, Age: 5, Weight: 11-12t, Rating: -
2025-06-18 21:10:24,257 - INFO - Processing sub block #13 for https://www.racingtv.com/results/2025-06-15/downpatrick/1440
2025-06-18 21:10:24,257 - INFO - Found 3 <a> tags - Horse: Dysart Dasher (IRE), Jockey: K Callaghan (claim: 5), Trainer: W P Mullins
2025-06-18 21:10:24,259 - INFO - Position/Length - Found 2 children: Position: 3rd, Lost by: 2 1/2 l
2025-06-18 21:10:24,259 - INFO - Extracted: Dysart Dasher (IRE) - Position: 3rd, Lost by: 2 1/2 l, Jockey: K Callaghan (claim: 5), Trainer: W P Mullins, Age: 8, Weight: 11-12t1, Rating: -
2025-06-18 21:10:24,260 - INFO - Processing sub block #14 for https://www.racingtv.com/results/2025-06-15/downpatrick/1440
2025-06-18 21:10:24,260 - INFO - Found 3 <a> tags - Horse: Penny Express (IRE), Jockey: K C Sexton (claim: 0), Trainer: G Elliott
2025-06-18 21:10:24,262 - INFO - Position/Length - Found 2 children: Position: 2nd, Lost by: 8 1/2 l
2025-06-18 21:10:24,262 - INFO - Extracted: Penny Express (IRE) - Position: 2nd, Lost by: 8 1/2 l, Jockey: K C Sexton (claim: 0), Trainer: G Elliott, Age: 5, Weight: 11-12h, Rating: 108
2025-06-18 21:10:24,262 - INFO - Processing sub block #15 for https://www.racingtv.com/results/2025-06-15/downpatrick/1440
2025-06-18 21:10:24,263 - INFO - Found 3 <a> tags - Horse: Yoradreamer, Jockey: S Cleary-Farrell (claim: 7), Trainer: W P Mullins
2025-06-18 21:10:24,265 - INFO - Position/Length - Found 1 children: Position: 1st, Lost by: N/A
2025-06-18 21:10:24,265 - INFO - Confirmed winner: Yoradreamer
2025-06-18 21:10:24,265 - INFO - Extracted: Yoradreamer - Position: 1st, Lost by: N/A, Jockey: S Cleary-Farrell (claim: 7), Trainer: W P Mullins, Age: 6, Weight: 11-12, Rating: 118
2025-06-18 21:10:24,265 - INFO - Processing sub block #16 for https://www.racingtv.com/results/2025-06-15/downpatrick/1440
2025-06-18 21:10:24,266 - INFO - Found 3 <a> tags - Horse: Jessie's Dreamgirl (IRE), Jockey: B W Harvey (claim: 0), Trainer: J C McConnell
2025-06-18 21:10:24,266 - INFO - Position/Length - Found 1 children: Position: PU, Lost by: N/A
2025-06-18 21:10:24,266 - INFO - Extracted: Jessie's Dreamgirl (IRE) - Position: PU, Lost by: N/A, Jockey: B W Harvey (claim: 0), Trainer: J C McConnell, Age: 6, Weight: 11-5h, Rating: -
2025-06-18 21:10:24,266 - INFO - Processing sub block #17 for https://www.racingtv.com/results/2025-06-15/downpatrick/1440
2025-06-18 21:10:24,267 - INFO - Found 3 <a> tags - Horse: On The Cards (FR), Jockey: D A Kidd (claim: 7), Trainer: J C McConnell
2025-06-18 21:10:24,267 - INFO - Position/Length - Found 2 children: Position: 14th, Lost by: 40 l
2025-06-18 21:10:24,267 - INFO - Extracted: On The Cards (FR) - Position: 14th, Lost by: 40 l, Jockey: D A Kidd (claim: 7), Trainer: J C McConnell, Age: 5, Weight: 11-12, Rating: -
2025-06-18 21:10:24,267 - INFO - Processing sub block #18 for https://www.racingtv.com/results/2025-06-15/downpatrick/1440
2025-06-18 21:10:24,268 - INFO - Found 3 <a> tags - Horse: Vangelis (IRE), Jockey: E Walsh (claim: 0), Trainer: Ciaran Murphy
2025-06-18 21:10:24,268 - INFO - Position/Length - Found 2 children: Position: 13th, Lost by: 26 l
2025-06-18 21:10:24,268 - INFO - Extracted: Vangelis (IRE) - Position: 13th, Lost by: 26 l, Jockey: E Walsh (claim: 0), Trainer: Ciaran Murphy, Age: 4, Weight: 11-7, Rating: -
2025-06-18 21:10:24,268 - INFO - Processing sub block #19 for https://www.racingtv.com/results/2025-06-15/downpatrick/1440
2025-06-18 21:10:24,268 - INFO - Found 3 <a> tags - Horse: Forty Kay, Jockey: C Owens (claim: 7), Trainer: W P Mullins
2025-06-18 21:10:24,269 - INFO - Position/Length - Found 2 children: Position: 12th, Lost by: 3 3/4 l
2025-06-18 21:10:24,269 - INFO - Extracted: Forty Kay - Position: 12th, Lost by: 3 3/4 l, Jockey: C Owens (claim: 7), Trainer: W P Mullins, Age: 5, Weight: 11-5, Rating: -
2025-06-18 21:10:24,269 - INFO - Processing sub block #20 for https://www.racingtv.com/results/2025-06-15/downpatrick/1440
2025-06-18 21:10:24,269 - INFO - Found 3 <a> tags - Horse: Silk Degrees (IRE), Jockey: J Smith (claim: 5), Trainer: S R B Crawford
2025-06-18 21:10:24,270 - INFO - Position/Length - Found 2 children: Position: 11th, Lost by: 2 1/2 l
2025-06-18 21:10:24,270 - INFO - Extracted: Silk Degrees (IRE) - Position: 11th, Lost by: 2 1/2 l, Jockey: J Smith (claim: 5), Trainer: S R B Crawford, Age: 4, Weight: 11-7t, Rating: -
2025-06-18 21:10:24,270 - INFO - Processing sub block #21 for https://www.racingtv.com/results/2025-06-15/downpatrick/1440
2025-06-18 21:10:24,271 - INFO - Found 3 <a> tags - Horse: Doorman Moe (IRE), Jockey: D P Maxwell (claim: 5), Trainer: A McNamara
2025-06-18 21:10:24,271 - INFO - Position/Length - Found 2 children: Position: 10th, Lost by: 19 l
2025-06-18 21:10:24,271 - INFO - Extracted: Doorman Moe (IRE) - Position: 10th, Lost by: 19 l, Jockey: D P Maxwell (claim: 5), Trainer: A McNamara, Age: 5, Weight: 11-12, Rating: -
2025-06-18 21:10:24,271 - INFO - Processing sub block #22 for https://www.racingtv.com/results/2025-06-15/downpatrick/1440
2025-06-18 21:10:24,271 - INFO - Found 3 <a> tags - Horse: Gerrys Wish (IRE), Jockey: P Cleary (claim: 7), Trainer: G Elliott
2025-06-18 21:10:24,272 - INFO - Position/Length - Found 2 children: Position: 9th, Lost by: 27 l
2025-06-18 21:10:24,272 - INFO - Extracted: Gerrys Wish (IRE) - Position: 9th, Lost by: 27 l, Jockey: P Cleary (claim: 7), Trainer: G Elliott, Age: 4, Weight: 11-0, Rating: -
2025-06-18 21:10:24,272 - INFO - Processing sub block #23 for https://www.racingtv.com/results/2025-06-15/downpatrick/1440
2025-06-18 21:10:24,272 - INFO - Found 3 <a> tags - Horse: Take Chance (FR), Jockey: P Hanlon (claim: 7), Trainer: J C McConnell
2025-06-18 21:10:24,273 - INFO - Position/Length - Found 2 children: Position: 8th, Lost by: Head
2025-06-18 21:10:24,273 - INFO - Extracted: Take Chance (FR) - Position: 8th, Lost by: Head, Jockey: P Hanlon (claim: 7), Trainer: J C McConnell, Age: 5, Weight: 11-12, Rating: -
2025-06-18 21:10:24,273 - INFO - Processing sub block #24 for https://www.racingtv.com/results/2025-06-15/downpatrick/1440
2025-06-18 21:10:24,273 - INFO - Found 3 <a> tags - Horse: Little Boy Sivola (FR), Jockey: C Gethings (claim: 0), Trainer: P J Rothwell
2025-06-18 21:10:24,274 - INFO - Position/Length - Found 2 children: Position: 7th, Lost by: Short Head
2025-06-18 21:10:24,274 - INFO - Extracted: Little Boy Sivola (FR) - Position: 7th, Lost by: Short Head, Jockey: C Gethings (claim: 0), Trainer: P J Rothwell, Age: 4, Weight: 11-7, Rating: -
2025-06-18 21:10:24,274 - INFO - Processing sub block #25 for https://www.racingtv.com/results/2025-06-15/downpatrick/1440
2025-06-18 21:10:24,274 - INFO - Found 3 <a> tags - Horse: Colvin (IRE), Jockey: L A McKenna (claim: 5), Trainer: S R B Crawford
2025-06-18 21:10:24,275 - INFO - Position/Length - Found 2 children: Position: 6th, Lost by: 3 1/4 l
2025-06-18 21:10:24,275 - INFO - Extracted: Colvin (IRE) - Position: 6th, Lost by: 3 1/4 l, Jockey: L A McKenna (claim: 5), Trainer: S R B Crawford, Age: 6, Weight: 11-12t, Rating: 107
2025-06-18 21:10:24,275 - INFO - Processing sub block #26 for https://www.racingtv.com/results/2025-06-15/downpatrick/1440
2025-06-18 21:10:24,275 - INFO - Found 3 <a> tags - Horse: Parkgarve (IRE), Jockey: P J O'Hanlon (claim: 0), Trainer: Ian Donoghue
2025-06-18 21:10:24,276 - INFO - Position/Length - Found 2 children: Position: 5th, Lost by: 9 1/2 l
2025-06-18 21:10:24,276 - INFO - Extracted: Parkgarve (IRE) - Position: 5th, Lost by: 9 1/2 l, Jockey: P J O'Hanlon (claim: 0), Trainer: Ian Donoghue, Age: 5, Weight: 11-12t, Rating: -
2025-06-18 21:10:24,276 - INFO - Processing sub block #27 for https://www.racingtv.com/results/2025-06-15/downpatrick/1440
2025-06-18 21:10:24,276 - INFO - Found 3 <a> tags - Horse: Dramatic License (IRE), Jockey: B Bromley (claim: 5), Trainer: S R B Crawford
2025-06-18 21:10:24,276 - INFO - Position/Length - Found 2 children: Position: 4th, Lost by: 1 1/4 l
2025-06-18 21:10:24,276 - INFO - Extracted: Dramatic License (IRE) - Position: 4th, Lost by: 1 1/4 l, Jockey: B Bromley (claim: 5), Trainer: S R B Crawford, Age: 5, Weight: 11-12t, Rating: -
2025-06-18 21:10:24,277 - INFO - Processing sub block #28 for https://www.racingtv.com/results/2025-06-15/downpatrick/1440
2025-06-18 21:10:24,277 - INFO - Found 3 <a> tags - Horse: Dysart Dasher (IRE), Jockey: K Callaghan (claim: 5), Trainer: W P Mullins
2025-06-18 21:10:24,277 - INFO - Position/Length - Found 2 children: Position: 3rd, Lost by: 2 1/2 l
2025-06-18 21:10:24,277 - INFO - Extracted: Dysart Dasher (IRE) - Position: 3rd, Lost by: 2 1/2 l, Jockey: K Callaghan (claim: 5), Trainer: W P Mullins, Age: 8, Weight: 11-12t1, Rating: -
2025-06-18 21:10:24,277 - INFO - Processing sub block #29 for https://www.racingtv.com/results/2025-06-15/downpatrick/1440
2025-06-18 21:10:24,278 - INFO - Found 3 <a> tags - Horse: Penny Express (IRE), Jockey: K C Sexton (claim: 0), Trainer: G Elliott
2025-06-18 21:10:24,278 - INFO - Position/Length - Found 2 children: Position: 2nd, Lost by: 8 1/2 l
2025-06-18 21:10:24,278 - INFO - Extracted: Penny Express (IRE) - Position: 2nd, Lost by: 8 1/2 l, Jockey: K C Sexton (claim: 0), Trainer: G Elliott, Age: 5, Weight: 11-12h, Rating: 108
2025-06-18 21:10:24,278 - INFO - Processing sub block #30 for https://www.racingtv.com/results/2025-06-15/downpatrick/1440
2025-06-18 21:10:24,279 - INFO - Found 3 <a> tags - Horse: Yoradreamer, Jockey: S Cleary-Farrell (claim: 7), Trainer: W P Mullins
2025-06-18 21:10:24,279 - INFO - Position/Length - Found 1 children: Position: 1st, Lost by: N/A
2025-06-18 21:10:24,279 - INFO - Extracted: Yoradreamer - Position: 1st, Lost by: N/A, Jockey: S Cleary-Farrell (claim: 7), Trainer: W P Mullins, Age: 6, Weight: 11-12, Rating: 118
2025-06-18 21:10:24,279 - INFO - Successfully extracted 30/30 horse records from https://www.racingtv.com/results/2025-06-15/downpatrick/1440
2025-06-18 21:10:24,279 - INFO - :) First place horse found successfully
2025-06-18 21:10:24,280 - INFO - :) First place horse found successfully
2025-06-18 21:10:24,280 - INFO - :) First place horse found successfully
2025-06-18 21:10:24,280 - INFO - :) First place horse found successfully
2025-06-18 21:10:24,280 - INFO - :) First place horse found successfully
2025-06-18 21:10:24,280 - INFO - :) First place horse found successfully
2025-06-18 21:10:24,280 - INFO - :) First place horse found successfully
2025-06-18 21:10:24,280 - INFO - :) First place horse found successfully
2025-06-18 21:10:24,280 - INFO - :) First place horse found successfully
2025-06-18 21:10:24,280 - INFO - :) First place horse found successfully
2025-06-18 21:10:24,280 - INFO - :) First place horse found successfully
2025-06-18 21:10:24,280 - INFO - :) First place horse found successfully
2025-06-18 21:10:24,280 - INFO - :) First place horse found successfully
2025-06-18 21:10:24,280 - INFO - :) First place horse found successfully
2025-06-18 21:10:24,280 - INFO - :) First place horse found successfully
2025-06-18 21:10:24,280 - INFO - :) First place horse found successfully
2025-06-18 21:10:24,280 - INFO - :) First place horse found successfully
2025-06-18 21:10:24,281 - INFO - :) First place horse found successfully
2025-06-18 21:10:24,281 - INFO - :) First place horse found successfully
2025-06-18 21:10:24,281 - INFO - :) First place horse found successfully
2025-06-18 21:10:24,281 - INFO - :) First place horse found successfully
2025-06-18 21:10:24,281 - INFO - :) First place horse found successfully
2025-06-18 21:10:24,281 - INFO - :) First place horse found successfully
2025-06-18 21:10:24,281 - INFO - :) First place horse found successfully
2025-06-18 21:10:24,281 - INFO - :) First place horse found successfully
2025-06-18 21:10:24,281 - INFO - :) First place horse found successfully
2025-06-18 21:10:24,281 - INFO - :) First place horse found successfully
2025-06-18 21:10:24,281 - INFO - :) First place horse found successfully
2025-06-18 21:10:24,281 - INFO - :) First place horse found successfully
2025-06-18 21:10:24,281 - INFO - :) First place horse found successfully
2025-06-18 21:10:24,281 - INFO - :) First place horse found successfully
2025-06-18 21:10:24,281 - INFO - Successfully parsed 30 horse records from: https://www.racingtv.com/results/2025-06-15/downpatrick/1440
2025-06-18 21:10:24,282 - INFO - Waiting 3 seconds before next request...
2025-06-18 21:10:27,284 - INFO - Batch 1 - URL 10/14: https://www.racingtv.com/results/2025-06-15/downpatrick/1515
2025-06-18 21:10:27,284 - INFO - Loading page with Selenium: https://www.racingtv.com/results/2025-06-15/downpatrick/1515
2025-06-18 21:10:33,070 - INFO - Racing main block detected for: https://www.racingtv.com/results/2025-06-15/downpatrick/1515
2025-06-18 21:10:33,142 - INFO - Successfully loaded page: https://www.racingtv.com/results/2025-06-15/downpatrick/1515
2025-06-18 21:10:33,563 - INFO - Extracted race info - Track: Downpatrick Racing Results | 15th June 2025 15:15, Date: N/A, Time: 15:15
2025-06-18 21:10:33,565 - INFO - Found 2nd h3 tag: Yielding To Soft  4YO+ 2m 2f 185y Winner: €13,200 (7 runners)
2025-06-18 21:10:33,565 - INFO - Extracted - Going: Yielding To Soft, Distance: 2m 2f 185y
2025-06-18 21:10:33,565 - INFO - Extracting racing data from: https://www.racingtv.com/results/2025-06-15/downpatrick/1515
2025-06-18 21:10:33,606 - INFO - Processing main block #1 for https://www.racingtv.com/results/2025-06-15/downpatrick/1515
2025-06-18 21:10:33,650 - INFO - Checking 2nd child of main block for first place horse...
2025-06-18 21:10:33,666 - INFO - Found alternative horse block structure with 3 links
2025-06-18 21:10:33,668 - INFO - Found alternative horse block structure with 3 links
2025-06-18 21:10:33,668 - INFO - Found alternative horse block structure with 3 links
2025-06-18 21:10:33,669 - INFO - Found alternative horse block structure with 3 links
2025-06-18 21:10:33,669 - INFO - Found alternative horse block structure with 3 links
2025-06-18 21:10:33,670 - INFO - Found alternative horse block structure with 3 links
2025-06-18 21:10:33,670 - INFO - Found alternative horse block structure with 3 links
2025-06-18 21:10:33,735 - INFO - Found likely first place horse via structure analysis: Theflyingbee (IRE)
2025-06-18 21:10:33,747 - INFO - Found potential first place horse with background styling
2025-06-18 21:10:33,747 - INFO - Found potential first place horse with background styling
2025-06-18 21:10:33,747 - INFO - Found potential first place horse with background styling
2025-06-18 21:10:33,747 - INFO - Found potential first place horse with background styling
2025-06-18 21:10:33,748 - INFO - Found potential first place horse with background styling
2025-06-18 21:10:33,748 - INFO - Found potential first place horse with background styling
2025-06-18 21:10:33,751 - INFO - Found 14 horse entries for https://www.racingtv.com/results/2025-06-15/downpatrick/1515 using multiple detection methods
2025-06-18 21:10:33,751 - INFO - Processing sub block #1 for https://www.racingtv.com/results/2025-06-15/downpatrick/1515
2025-06-18 21:10:33,752 - INFO - Found 3 <a> tags - Horse: Brianna Lily (IRE), Jockey: Cian Cullinan (claim: 7), Trainer: J Barcoe
2025-06-18 21:10:33,754 - INFO - Position/Length - Found 2 children: Position: 7th, Lost by: 58 l
2025-06-18 21:10:33,754 - INFO - Extracted: Brianna Lily (IRE) - Position: 7th, Lost by: 58 l, Jockey: Cian Cullinan (claim: 7), Trainer: J Barcoe, Age: 8, Weight: 10-8, Rating: 97
2025-06-18 21:10:33,754 - INFO - Processing sub block #2 for https://www.racingtv.com/results/2025-06-15/downpatrick/1515
2025-06-18 21:10:33,754 - INFO - Found 3 <a> tags - Horse: Mexican Moonshine (IRE), Jockey: K C Sexton (claim: 0), Trainer: G Elliott
2025-06-18 21:10:33,757 - INFO - Position/Length - Found 2 children: Position: 6th, Lost by: 20 l
2025-06-18 21:10:33,757 - INFO - Extracted: Mexican Moonshine (IRE) - Position: 6th, Lost by: 20 l, Jockey: K C Sexton (claim: 0), Trainer: G Elliott, Age: 6, Weight: 11-7, Rating: 110
2025-06-18 21:10:33,757 - INFO - Processing sub block #3 for https://www.racingtv.com/results/2025-06-15/downpatrick/1515
2025-06-18 21:10:33,757 - INFO - Found 3 <a> tags - Horse: Rockview Consort, Jockey: D A Kidd (claim: 7), Trainer: J C McConnell
2025-06-18 21:10:33,759 - INFO - Position/Length - Found 2 children: Position: 5th, Lost by: 11 l
2025-06-18 21:10:33,759 - INFO - Extracted: Rockview Consort - Position: 5th, Lost by: 11 l, Jockey: D A Kidd (claim: 7), Trainer: J C McConnell, Age: 6, Weight: 11-5, Rating: 108
2025-06-18 21:10:33,760 - INFO - Processing sub block #4 for https://www.racingtv.com/results/2025-06-15/downpatrick/1515
2025-06-18 21:10:33,760 - INFO - Found 3 <a> tags - Horse: Influential Lady (IRE), Jockey: K Callaghan (claim: 5), Trainer: J Barcoe
2025-06-18 21:10:33,762 - INFO - Position/Length - Found 2 children: Position: 4th, Lost by: 12 l
2025-06-18 21:10:33,762 - INFO - Extracted: Influential Lady (IRE) - Position: 4th, Lost by: 12 l, Jockey: K Callaghan (claim: 5), Trainer: J Barcoe, Age: 11, Weight: 10-7, Rating: 96
2025-06-18 21:10:33,762 - INFO - Processing sub block #5 for https://www.racingtv.com/results/2025-06-15/downpatrick/1515
2025-06-18 21:10:33,763 - INFO - Found 3 <a> tags - Horse: Dame Rapide (IRE), Jockey: G Brouder (claim: 3), Trainer: Cian Hughes
2025-06-18 21:10:33,765 - INFO - Position/Length - Found 2 children: Position: 3rd, Lost by: 5 1/2 l
2025-06-18 21:10:33,765 - INFO - Extracted: Dame Rapide (IRE) - Position: 3rd, Lost by: 5 1/2 l, Jockey: G Brouder (claim: 3), Trainer: Cian Hughes, Age: 8, Weight: 11-12, Rating: 115
2025-06-18 21:10:33,765 - INFO - Processing sub block #6 for https://www.racingtv.com/results/2025-06-15/downpatrick/1515
2025-06-18 21:10:33,765 - INFO - Found 3 <a> tags - Horse: Maxios Prime (IRE), Jockey: C Gethings (claim: 0), Trainer: P J Rothwell
2025-06-18 21:10:33,767 - INFO - Position/Length - Found 2 children: Position: 2nd, Lost by: 1 l
2025-06-18 21:10:33,767 - INFO - Extracted: Maxios Prime (IRE) - Position: 2nd, Lost by: 1 l, Jockey: C Gethings (claim: 0), Trainer: P J Rothwell, Age: 4, Weight: 10-6, Rating: 100
2025-06-18 21:10:33,767 - INFO - Processing sub block #7 for https://www.racingtv.com/results/2025-06-15/downpatrick/1515
2025-06-18 21:10:33,768 - INFO - Found 3 <a> tags - Horse: Theflyingbee (IRE), Jockey: P M O'Brien (claim: 7), Trainer: F G Hand
2025-06-18 21:10:33,770 - INFO - Position/Length - Found 1 children: Position: 1st, Lost by: N/A
2025-06-18 21:10:33,770 - INFO - Confirmed winner: Theflyingbee (IRE)
2025-06-18 21:10:33,770 - INFO - Extracted: Theflyingbee (IRE) - Position: 1st, Lost by: N/A, Jockey: P M O'Brien (claim: 7), Trainer: F G Hand, Age: 8, Weight: 11-11t, Rating: 114
2025-06-18 21:10:33,770 - INFO - Processing sub block #8 for https://www.racingtv.com/results/2025-06-15/downpatrick/1515
2025-06-18 21:10:33,770 - INFO - Found 3 <a> tags - Horse: Brianna Lily (IRE), Jockey: Cian Cullinan (claim: 7), Trainer: J Barcoe
2025-06-18 21:10:33,771 - INFO - Position/Length - Found 2 children: Position: 7th, Lost by: 58 l
2025-06-18 21:10:33,771 - INFO - Extracted: Brianna Lily (IRE) - Position: 7th, Lost by: 58 l, Jockey: Cian Cullinan (claim: 7), Trainer: J Barcoe, Age: 8, Weight: 10-8, Rating: 97
2025-06-18 21:10:33,771 - INFO - Processing sub block #9 for https://www.racingtv.com/results/2025-06-15/downpatrick/1515
2025-06-18 21:10:33,771 - INFO - Found 3 <a> tags - Horse: Mexican Moonshine (IRE), Jockey: K C Sexton (claim: 0), Trainer: G Elliott
2025-06-18 21:10:33,772 - INFO - Position/Length - Found 2 children: Position: 6th, Lost by: 20 l
2025-06-18 21:10:33,772 - INFO - Extracted: Mexican Moonshine (IRE) - Position: 6th, Lost by: 20 l, Jockey: K C Sexton (claim: 0), Trainer: G Elliott, Age: 6, Weight: 11-7, Rating: 110
2025-06-18 21:10:33,772 - INFO - Processing sub block #10 for https://www.racingtv.com/results/2025-06-15/downpatrick/1515
2025-06-18 21:10:33,772 - INFO - Found 3 <a> tags - Horse: Rockview Consort, Jockey: D A Kidd (claim: 7), Trainer: J C McConnell
2025-06-18 21:10:33,773 - INFO - Position/Length - Found 2 children: Position: 5th, Lost by: 11 l
2025-06-18 21:10:33,773 - INFO - Extracted: Rockview Consort - Position: 5th, Lost by: 11 l, Jockey: D A Kidd (claim: 7), Trainer: J C McConnell, Age: 6, Weight: 11-5, Rating: 108
2025-06-18 21:10:33,773 - INFO - Processing sub block #11 for https://www.racingtv.com/results/2025-06-15/downpatrick/1515
2025-06-18 21:10:33,773 - INFO - Found 3 <a> tags - Horse: Influential Lady (IRE), Jockey: K Callaghan (claim: 5), Trainer: J Barcoe
2025-06-18 21:10:33,774 - INFO - Position/Length - Found 2 children: Position: 4th, Lost by: 12 l
2025-06-18 21:10:33,774 - INFO - Extracted: Influential Lady (IRE) - Position: 4th, Lost by: 12 l, Jockey: K Callaghan (claim: 5), Trainer: J Barcoe, Age: 11, Weight: 10-7, Rating: 96
2025-06-18 21:10:33,774 - INFO - Processing sub block #12 for https://www.racingtv.com/results/2025-06-15/downpatrick/1515
2025-06-18 21:10:33,774 - INFO - Found 3 <a> tags - Horse: Dame Rapide (IRE), Jockey: G Brouder (claim: 3), Trainer: Cian Hughes
2025-06-18 21:10:33,775 - INFO - Position/Length - Found 2 children: Position: 3rd, Lost by: 5 1/2 l
2025-06-18 21:10:33,775 - INFO - Extracted: Dame Rapide (IRE) - Position: 3rd, Lost by: 5 1/2 l, Jockey: G Brouder (claim: 3), Trainer: Cian Hughes, Age: 8, Weight: 11-12, Rating: 115
2025-06-18 21:10:33,775 - INFO - Processing sub block #13 for https://www.racingtv.com/results/2025-06-15/downpatrick/1515
2025-06-18 21:10:33,775 - INFO - Found 3 <a> tags - Horse: Maxios Prime (IRE), Jockey: C Gethings (claim: 0), Trainer: P J Rothwell
2025-06-18 21:10:33,776 - INFO - Position/Length - Found 2 children: Position: 2nd, Lost by: 1 l
2025-06-18 21:10:33,776 - INFO - Extracted: Maxios Prime (IRE) - Position: 2nd, Lost by: 1 l, Jockey: C Gethings (claim: 0), Trainer: P J Rothwell, Age: 4, Weight: 10-6, Rating: 100
2025-06-18 21:10:33,776 - INFO - Processing sub block #14 for https://www.racingtv.com/results/2025-06-15/downpatrick/1515
2025-06-18 21:10:33,777 - INFO - Found 3 <a> tags - Horse: Theflyingbee (IRE), Jockey: P M O'Brien (claim: 7), Trainer: F G Hand
2025-06-18 21:10:33,777 - INFO - Position/Length - Found 1 children: Position: 1st, Lost by: N/A
2025-06-18 21:10:33,777 - INFO - Extracted: Theflyingbee (IRE) - Position: 1st, Lost by: N/A, Jockey: P M O'Brien (claim: 7), Trainer: F G Hand, Age: 8, Weight: 11-11t, Rating: 114
2025-06-18 21:10:33,777 - INFO - Successfully extracted 14/14 horse records from https://www.racingtv.com/results/2025-06-15/downpatrick/1515
2025-06-18 21:10:33,777 - INFO - :) First place horse found successfully
2025-06-18 21:10:33,778 - INFO - :) First place horse found successfully
2025-06-18 21:10:33,778 - INFO - :) First place horse found successfully
2025-06-18 21:10:33,778 - INFO - :) First place horse found successfully
2025-06-18 21:10:33,778 - INFO - :) First place horse found successfully
2025-06-18 21:10:33,778 - INFO - :) First place horse found successfully
2025-06-18 21:10:33,778 - INFO - :) First place horse found successfully
2025-06-18 21:10:33,778 - INFO - :) First place horse found successfully
2025-06-18 21:10:33,778 - INFO - :) First place horse found successfully
2025-06-18 21:10:33,778 - INFO - :) First place horse found successfully
2025-06-18 21:10:33,778 - INFO - :) First place horse found successfully
2025-06-18 21:10:33,778 - INFO - :) First place horse found successfully
2025-06-18 21:10:33,778 - INFO - :) First place horse found successfully
2025-06-18 21:10:33,778 - INFO - :) First place horse found successfully
2025-06-18 21:10:33,778 - INFO - :) First place horse found successfully
2025-06-18 21:10:33,778 - INFO - Successfully parsed 14 horse records from: https://www.racingtv.com/results/2025-06-15/downpatrick/1515
2025-06-18 21:10:33,779 - INFO - Waiting 3 seconds before next request...
2025-06-18 21:10:36,780 - INFO - Batch 1 - URL 11/14: https://www.racingtv.com/results/2025-06-15/downpatrick/1550
2025-06-18 21:10:36,780 - INFO - Loading page with Selenium: https://www.racingtv.com/results/2025-06-15/downpatrick/1550
2025-06-18 21:10:42,771 - INFO - Racing main block detected for: https://www.racingtv.com/results/2025-06-15/downpatrick/1550
2025-06-18 21:10:42,857 - INFO - Successfully loaded page: https://www.racingtv.com/results/2025-06-15/downpatrick/1550
2025-06-18 21:10:43,283 - INFO - Extracted race info - Track: Downpatrick Racing Results | 15th June 2025 15:50, Date: N/A, Time: 15:50
2025-06-18 21:10:43,285 - INFO - Found 2nd h3 tag: Yielding To Soft  4YO+ 2m 1f 165y Winner: €9,600 (9 runners)
2025-06-18 21:10:43,285 - INFO - Extracted - Going: Yielding To Soft, Distance: 2m 1f 165y
2025-06-18 21:10:43,285 - INFO - Extracting racing data from: https://www.racingtv.com/results/2025-06-15/downpatrick/1550
2025-06-18 21:10:43,324 - INFO - Processing main block #1 for https://www.racingtv.com/results/2025-06-15/downpatrick/1550
2025-06-18 21:10:43,366 - INFO - Checking 2nd child of main block for first place horse...
2025-06-18 21:10:43,383 - INFO - Found alternative horse block structure with 3 links
2025-06-18 21:10:43,383 - INFO - Found alternative horse block structure with 3 links
2025-06-18 21:10:43,384 - INFO - Found alternative horse block structure with 3 links
2025-06-18 21:10:43,385 - INFO - Found alternative horse block structure with 3 links
2025-06-18 21:10:43,385 - INFO - Found alternative horse block structure with 3 links
2025-06-18 21:10:43,386 - INFO - Found alternative horse block structure with 3 links
2025-06-18 21:10:43,386 - INFO - Found alternative horse block structure with 3 links
2025-06-18 21:10:43,387 - INFO - Found alternative horse block structure with 3 links
2025-06-18 21:10:43,387 - INFO - Found alternative horse block structure with 3 links
2025-06-18 21:10:43,457 - INFO - Found likely first place horse via structure analysis: Tonaghneave Well (IRE)
2025-06-18 21:10:43,469 - INFO - Found potential first place horse with background styling
2025-06-18 21:10:43,469 - INFO - Found potential first place horse with background styling
2025-06-18 21:10:43,469 - INFO - Found potential first place horse with background styling
2025-06-18 21:10:43,470 - INFO - Found potential first place horse with background styling
2025-06-18 21:10:43,470 - INFO - Found potential first place horse with background styling
2025-06-18 21:10:43,470 - INFO - Found potential first place horse with background styling
2025-06-18 21:10:43,470 - INFO - Found potential first place horse with background styling
2025-06-18 21:10:43,471 - INFO - Found potential first place horse with background styling
2025-06-18 21:10:43,475 - INFO - Found 18 horse entries for https://www.racingtv.com/results/2025-06-15/downpatrick/1550 using multiple detection methods
2025-06-18 21:10:43,475 - INFO - Processing sub block #1 for https://www.racingtv.com/results/2025-06-15/downpatrick/1550
2025-06-18 21:10:43,475 - INFO - Found 3 <a> tags - Horse: Malbay Madness (IRE), Jockey: P J O'Hanlon (claim: 0), Trainer: D A McLoughlin
2025-06-18 21:10:43,477 - INFO - Position/Length - Found 1 children: Position: UR, Lost by: N/A
2025-06-18 21:10:43,477 - INFO - Extracted: Malbay Madness (IRE) - Position: UR, Lost by: N/A, Jockey: P J O'Hanlon (claim: 0), Trainer: D A McLoughlin, Age: 5, Weight: 10-12h, Rating: 111
2025-06-18 21:10:43,477 - INFO - Processing sub block #2 for https://www.racingtv.com/results/2025-06-15/downpatrick/1550
2025-06-18 21:10:43,477 - INFO - Found 3 <a> tags - Horse: Extrapolation (IRE), Jockey: G Brouder (claim: 3), Trainer: R O'Brien
2025-06-18 21:10:43,479 - INFO - Position/Length - Found 1 children: Position: F, Lost by: N/A
2025-06-18 21:10:43,479 - INFO - Extracted: Extrapolation (IRE) - Position: F, Lost by: N/A, Jockey: G Brouder (claim: 3), Trainer: R O'Brien, Age: 8, Weight: 11-12, Rating: 125
2025-06-18 21:10:43,479 - INFO - Processing sub block #3 for https://www.racingtv.com/results/2025-06-15/downpatrick/1550
2025-06-18 21:10:43,480 - INFO - Found 3 <a> tags - Horse: Portnacoo (IRE), Jockey: P Hanlon (claim: 7), Trainer: H Smyth
2025-06-18 21:10:43,482 - INFO - Position/Length - Found 2 children: Position: 7th, Lost by: 55 l
2025-06-18 21:10:43,482 - INFO - Extracted: Portnacoo (IRE) - Position: 7th, Lost by: 55 l, Jockey: P Hanlon (claim: 7), Trainer: H Smyth, Age: 7, Weight: 11-7, Rating: 120
2025-06-18 21:10:43,482 - INFO - Processing sub block #4 for https://www.racingtv.com/results/2025-06-15/downpatrick/1550
2025-06-18 21:10:43,482 - INFO - Found 3 <a> tags - Horse: Newtown Rambler (IRE), Jockey: M P O'Connor (claim: 0), Trainer: H De Bromhead
2025-06-18 21:10:43,484 - INFO - Position/Length - Found 2 children: Position: 6th, Lost by: 8 l
2025-06-18 21:10:43,484 - INFO - Extracted: Newtown Rambler (IRE) - Position: 6th, Lost by: 8 l, Jockey: M P O'Connor (claim: 0), Trainer: H De Bromhead, Age: 6, Weight: 10-12ht, Rating: 111
2025-06-18 21:10:43,484 - INFO - Processing sub block #5 for https://www.racingtv.com/results/2025-06-15/downpatrick/1550
2025-06-18 21:10:43,485 - INFO - Found 3 <a> tags - Horse: The Dasher Conway (IRE), Jockey: K C Sexton (claim: 0), Trainer: Mrs G Callaghan
2025-06-18 21:10:43,487 - INFO - Position/Length - Found 2 children: Position: 5th, Lost by: 1/2 l
2025-06-18 21:10:43,487 - INFO - Extracted: The Dasher Conway (IRE) - Position: 5th, Lost by: 1/2 l, Jockey: K C Sexton (claim: 0), Trainer: Mrs G Callaghan, Age: 10, Weight: 11-3, Rating: 116
2025-06-18 21:10:43,487 - INFO - Processing sub block #6 for https://www.racingtv.com/results/2025-06-15/downpatrick/1550
2025-06-18 21:10:43,487 - INFO - Found 3 <a> tags - Horse: Dollar Value (USA), Jockey: M M McDonagh (claim: 0), Trainer: T G McCourt
2025-06-18 21:10:43,489 - INFO - Position/Length - Found 2 children: Position: 4th, Lost by: 13 l
2025-06-18 21:10:43,489 - INFO - Extracted: Dollar Value (USA) - Position: 4th, Lost by: 13 l, Jockey: M M McDonagh (claim: 0), Trainer: T G McCourt, Age: 10, Weight: 11-9, Rating: 122
2025-06-18 21:10:43,489 - INFO - Processing sub block #7 for https://www.racingtv.com/results/2025-06-15/downpatrick/1550
2025-06-18 21:10:43,489 - INFO - Found 3 <a> tags - Horse: Bowensonfire (FR), Jockey: F Brickley (claim: 7), Trainer: G Elliott
2025-06-18 21:10:43,491 - INFO - Position/Length - Found 2 children: Position: 3rd, Lost by: Neck
2025-06-18 21:10:43,491 - INFO - Extracted: Bowensonfire (FR) - Position: 3rd, Lost by: Neck, Jockey: F Brickley (claim: 7), Trainer: G Elliott, Age: 5, Weight: 11-10, Rating: 123
2025-06-18 21:10:43,491 - INFO - Processing sub block #8 for https://www.racingtv.com/results/2025-06-15/downpatrick/1550
2025-06-18 21:10:43,492 - INFO - Found 3 <a> tags - Horse: Run For Harry (IRE), Jockey: K E Buckley (claim: 0), Trainer: Mrs G Callaghan
2025-06-18 21:10:43,494 - INFO - Position/Length - Found 2 children: Position: 2nd, Lost by: 1 1/4 l
2025-06-18 21:10:43,494 - INFO - Extracted: Run For Harry (IRE) - Position: 2nd, Lost by: 1 1/4 l, Jockey: K E Buckley (claim: 0), Trainer: Mrs G Callaghan, Age: 7, Weight: 11-6tp, Rating: 119
2025-06-18 21:10:43,494 - INFO - Processing sub block #9 for https://www.racingtv.com/results/2025-06-15/downpatrick/1550
2025-06-18 21:10:43,494 - INFO - Found 3 <a> tags - Horse: Tonaghneave Well (IRE), Jockey: P M O'Brien (claim: 7), Trainer: G P Cromwell
2025-06-18 21:10:43,496 - INFO - Position/Length - Found 1 children: Position: 1st, Lost by: N/A
2025-06-18 21:10:43,496 - INFO - Confirmed winner: Tonaghneave Well (IRE)
2025-06-18 21:10:43,496 - INFO - Extracted: Tonaghneave Well (IRE) - Position: 1st, Lost by: N/A, Jockey: P M O'Brien (claim: 7), Trainer: G P Cromwell, Age: 5, Weight: 11-11p, Rating: 124
2025-06-18 21:10:43,496 - INFO - Processing sub block #10 for https://www.racingtv.com/results/2025-06-15/downpatrick/1550
2025-06-18 21:10:43,497 - INFO - Found 3 <a> tags - Horse: Malbay Madness (IRE), Jockey: P J O'Hanlon (claim: 0), Trainer: D A McLoughlin
2025-06-18 21:10:43,497 - INFO - Position/Length - Found 1 children: Position: UR, Lost by: N/A
2025-06-18 21:10:43,497 - INFO - Extracted: Malbay Madness (IRE) - Position: UR, Lost by: N/A, Jockey: P J O'Hanlon (claim: 0), Trainer: D A McLoughlin, Age: 5, Weight: 10-12h, Rating: 111
2025-06-18 21:10:43,497 - INFO - Processing sub block #11 for https://www.racingtv.com/results/2025-06-15/downpatrick/1550
2025-06-18 21:10:43,497 - INFO - Found 3 <a> tags - Horse: Extrapolation (IRE), Jockey: G Brouder (claim: 3), Trainer: R O'Brien
2025-06-18 21:10:43,498 - INFO - Position/Length - Found 1 children: Position: F, Lost by: N/A
2025-06-18 21:10:43,498 - INFO - Extracted: Extrapolation (IRE) - Position: F, Lost by: N/A, Jockey: G Brouder (claim: 3), Trainer: R O'Brien, Age: 8, Weight: 11-12, Rating: 125
2025-06-18 21:10:43,498 - INFO - Processing sub block #12 for https://www.racingtv.com/results/2025-06-15/downpatrick/1550
2025-06-18 21:10:43,498 - INFO - Found 3 <a> tags - Horse: Portnacoo (IRE), Jockey: P Hanlon (claim: 7), Trainer: H Smyth
2025-06-18 21:10:43,499 - INFO - Position/Length - Found 2 children: Position: 7th, Lost by: 55 l
2025-06-18 21:10:43,499 - INFO - Extracted: Portnacoo (IRE) - Position: 7th, Lost by: 55 l, Jockey: P Hanlon (claim: 7), Trainer: H Smyth, Age: 7, Weight: 11-7, Rating: 120
2025-06-18 21:10:43,499 - INFO - Processing sub block #13 for https://www.racingtv.com/results/2025-06-15/downpatrick/1550
2025-06-18 21:10:43,499 - INFO - Found 3 <a> tags - Horse: Newtown Rambler (IRE), Jockey: M P O'Connor (claim: 0), Trainer: H De Bromhead
2025-06-18 21:10:43,500 - INFO - Position/Length - Found 2 children: Position: 6th, Lost by: 8 l
2025-06-18 21:10:43,500 - INFO - Extracted: Newtown Rambler (IRE) - Position: 6th, Lost by: 8 l, Jockey: M P O'Connor (claim: 0), Trainer: H De Bromhead, Age: 6, Weight: 10-12ht, Rating: 111
2025-06-18 21:10:43,500 - INFO - Processing sub block #14 for https://www.racingtv.com/results/2025-06-15/downpatrick/1550
2025-06-18 21:10:43,500 - INFO - Found 3 <a> tags - Horse: The Dasher Conway (IRE), Jockey: K C Sexton (claim: 0), Trainer: Mrs G Callaghan
2025-06-18 21:10:43,501 - INFO - Position/Length - Found 2 children: Position: 5th, Lost by: 1/2 l
2025-06-18 21:10:43,501 - INFO - Extracted: The Dasher Conway (IRE) - Position: 5th, Lost by: 1/2 l, Jockey: K C Sexton (claim: 0), Trainer: Mrs G Callaghan, Age: 10, Weight: 11-3, Rating: 116
2025-06-18 21:10:43,501 - INFO - Processing sub block #15 for https://www.racingtv.com/results/2025-06-15/downpatrick/1550
2025-06-18 21:10:43,501 - INFO - Found 3 <a> tags - Horse: Dollar Value (USA), Jockey: M M McDonagh (claim: 0), Trainer: T G McCourt
2025-06-18 21:10:43,501 - INFO - Position/Length - Found 2 children: Position: 4th, Lost by: 13 l
2025-06-18 21:10:43,502 - INFO - Extracted: Dollar Value (USA) - Position: 4th, Lost by: 13 l, Jockey: M M McDonagh (claim: 0), Trainer: T G McCourt, Age: 10, Weight: 11-9, Rating: 122
2025-06-18 21:10:43,502 - INFO - Processing sub block #16 for https://www.racingtv.com/results/2025-06-15/downpatrick/1550
2025-06-18 21:10:43,502 - INFO - Found 3 <a> tags - Horse: Bowensonfire (FR), Jockey: F Brickley (claim: 7), Trainer: G Elliott
2025-06-18 21:10:43,502 - INFO - Position/Length - Found 2 children: Position: 3rd, Lost by: Neck
2025-06-18 21:10:43,502 - INFO - Extracted: Bowensonfire (FR) - Position: 3rd, Lost by: Neck, Jockey: F Brickley (claim: 7), Trainer: G Elliott, Age: 5, Weight: 11-10, Rating: 123
2025-06-18 21:10:43,502 - INFO - Processing sub block #17 for https://www.racingtv.com/results/2025-06-15/downpatrick/1550
2025-06-18 21:10:43,503 - INFO - Found 3 <a> tags - Horse: Run For Harry (IRE), Jockey: K E Buckley (claim: 0), Trainer: Mrs G Callaghan
2025-06-18 21:10:43,503 - INFO - Position/Length - Found 2 children: Position: 2nd, Lost by: 1 1/4 l
2025-06-18 21:10:43,503 - INFO - Extracted: Run For Harry (IRE) - Position: 2nd, Lost by: 1 1/4 l, Jockey: K E Buckley (claim: 0), Trainer: Mrs G Callaghan, Age: 7, Weight: 11-6tp, Rating: 119
2025-06-18 21:10:43,503 - INFO - Processing sub block #18 for https://www.racingtv.com/results/2025-06-15/downpatrick/1550
2025-06-18 21:10:43,504 - INFO - Found 3 <a> tags - Horse: Tonaghneave Well (IRE), Jockey: P M O'Brien (claim: 7), Trainer: G P Cromwell
2025-06-18 21:10:43,504 - INFO - Position/Length - Found 1 children: Position: 1st, Lost by: N/A
2025-06-18 21:10:43,504 - INFO - Extracted: Tonaghneave Well (IRE) - Position: 1st, Lost by: N/A, Jockey: P M O'Brien (claim: 7), Trainer: G P Cromwell, Age: 5, Weight: 11-11p, Rating: 124
2025-06-18 21:10:43,504 - INFO - Successfully extracted 18/18 horse records from https://www.racingtv.com/results/2025-06-15/downpatrick/1550
2025-06-18 21:10:43,504 - INFO - :) First place horse found successfully
2025-06-18 21:10:43,504 - INFO - :) First place horse found successfully
2025-06-18 21:10:43,505 - INFO - :) First place horse found successfully
2025-06-18 21:10:43,505 - INFO - :) First place horse found successfully
2025-06-18 21:10:43,505 - INFO - :) First place horse found successfully
2025-06-18 21:10:43,505 - INFO - :) First place horse found successfully
2025-06-18 21:10:43,505 - INFO - :) First place horse found successfully
2025-06-18 21:10:43,505 - INFO - :) First place horse found successfully
2025-06-18 21:10:43,505 - INFO - :) First place horse found successfully
2025-06-18 21:10:43,505 - INFO - :) First place horse found successfully
2025-06-18 21:10:43,505 - INFO - :) First place horse found successfully
2025-06-18 21:10:43,505 - INFO - :) First place horse found successfully
2025-06-18 21:10:43,505 - INFO - :) First place horse found successfully
2025-06-18 21:10:43,505 - INFO - :) First place horse found successfully
2025-06-18 21:10:43,505 - INFO - :) First place horse found successfully
2025-06-18 21:10:43,505 - INFO - :) First place horse found successfully
2025-06-18 21:10:43,505 - INFO - :) First place horse found successfully
2025-06-18 21:10:43,506 - INFO - :) First place horse found successfully
2025-06-18 21:10:43,506 - INFO - :) First place horse found successfully
2025-06-18 21:10:43,506 - INFO - Successfully parsed 18 horse records from: https://www.racingtv.com/results/2025-06-15/downpatrick/1550
2025-06-18 21:10:43,506 - INFO - Waiting 3 seconds before next request...
2025-06-18 21:10:46,508 - INFO - Batch 1 - URL 12/14: https://www.racingtv.com/results/2025-06-15/downpatrick/1620
2025-06-18 21:10:46,508 - INFO - Loading page with Selenium: https://www.racingtv.com/results/2025-06-15/downpatrick/1620
2025-06-18 21:10:52,303 - INFO - Racing main block detected for: https://www.racingtv.com/results/2025-06-15/downpatrick/1620
2025-06-18 21:10:52,368 - INFO - Successfully loaded page: https://www.racingtv.com/results/2025-06-15/downpatrick/1620
2025-06-18 21:10:52,825 - INFO - Extracted race info - Track: Downpatrick Racing Results | 15th June 2025 16:20, Date: N/A, Time: 16:20
2025-06-18 21:10:52,827 - INFO - Found 2nd h3 tag: Yielding To Soft  4YO+ 2m 1f 165y Winner: €6,899 (8 runners)
2025-06-18 21:10:52,827 - INFO - Extracted - Going: Yielding To Soft, Distance: 2m 1f 165y
2025-06-18 21:10:52,827 - INFO - Extracting racing data from: https://www.racingtv.com/results/2025-06-15/downpatrick/1620
2025-06-18 21:10:52,869 - INFO - Processing main block #1 for https://www.racingtv.com/results/2025-06-15/downpatrick/1620
2025-06-18 21:10:52,910 - INFO - Checking 2nd child of main block for first place horse...
2025-06-18 21:10:52,926 - INFO - Found alternative horse block structure with 3 links
2025-06-18 21:10:52,927 - INFO - Found alternative horse block structure with 3 links
2025-06-18 21:10:52,928 - INFO - Found alternative horse block structure with 3 links
2025-06-18 21:10:52,928 - INFO - Found alternative horse block structure with 3 links
2025-06-18 21:10:52,929 - INFO - Found alternative horse block structure with 3 links
2025-06-18 21:10:52,930 - INFO - Found alternative horse block structure with 3 links
2025-06-18 21:10:52,930 - INFO - Found alternative horse block structure with 3 links
2025-06-18 21:10:52,931 - INFO - Found alternative horse block structure with 3 links
2025-06-18 21:10:53,005 - INFO - Found likely first place horse via structure analysis: Bruant
2025-06-18 21:10:53,017 - INFO - Found potential first place horse with background styling
2025-06-18 21:10:53,018 - INFO - Found potential first place horse with background styling
2025-06-18 21:10:53,018 - INFO - Found potential first place horse with background styling
2025-06-18 21:10:53,018 - INFO - Found potential first place horse with background styling
2025-06-18 21:10:53,019 - INFO - Found potential first place horse with background styling
2025-06-18 21:10:53,019 - INFO - Found potential first place horse with background styling
2025-06-18 21:10:53,019 - INFO - Found potential first place horse with background styling
2025-06-18 21:10:53,023 - INFO - Found 16 horse entries for https://www.racingtv.com/results/2025-06-15/downpatrick/1620 using multiple detection methods
2025-06-18 21:10:53,023 - INFO - Processing sub block #1 for https://www.racingtv.com/results/2025-06-15/downpatrick/1620
2025-06-18 21:10:53,023 - INFO - Found 3 <a> tags - Horse: Sage Conseil (IRE), Jockey: J Smith (claim: 5), Trainer: J C McConnell
2025-06-18 21:10:53,025 - INFO - Position/Length - Found 1 children: Position: F, Lost by: N/A
2025-06-18 21:10:53,026 - INFO - Extracted: Sage Conseil (IRE) - Position: F, Lost by: N/A, Jockey: J Smith (claim: 5), Trainer: J C McConnell, Age: 7, Weight: 12-0t, Rating: -
2025-06-18 21:10:53,026 - INFO - Processing sub block #2 for https://www.racingtv.com/results/2025-06-15/downpatrick/1620
2025-06-18 21:10:53,026 - INFO - Found 3 <a> tags - Horse: Warriors Wood, Jockey: D P Maxwell (claim: 5), Trainer: A McNamara
2025-06-18 21:10:53,028 - INFO - Position/Length - Found 2 children: Position: 7th, Lost by: 42 l
2025-06-18 21:10:53,028 - INFO - Extracted: Warriors Wood - Position: 7th, Lost by: 42 l, Jockey: D P Maxwell (claim: 5), Trainer: A McNamara, Age: 5, Weight: 12-0, Rating: -
2025-06-18 21:10:53,028 - INFO - Processing sub block #3 for https://www.racingtv.com/results/2025-06-15/downpatrick/1620
2025-06-18 21:10:53,029 - INFO - Found 3 <a> tags - Horse: Ballyearl (FR), Jockey: M P O'Connor (claim: 0), Trainer: H De Bromhead
2025-06-18 21:10:53,031 - INFO - Position/Length - Found 2 children: Position: 6th, Lost by: 4 3/4 l
2025-06-18 21:10:53,031 - INFO - Extracted: Ballyearl (FR) - Position: 6th, Lost by: 4 3/4 l, Jockey: M P O'Connor (claim: 0), Trainer: H De Bromhead, Age: 4, Weight: 11-9h, Rating: 110
2025-06-18 21:10:53,032 - INFO - Processing sub block #4 for https://www.racingtv.com/results/2025-06-15/downpatrick/1620
2025-06-18 21:10:53,032 - INFO - Found 3 <a> tags - Horse: Cap Bernat (IRE), Jockey: P J O'Hanlon (claim: 0), Trainer: R McNeilly
2025-06-18 21:10:53,034 - INFO - Position/Length - Found 2 children: Position: 5th, Lost by: 4 1/2 l
2025-06-18 21:10:53,034 - INFO - Extracted: Cap Bernat (IRE) - Position: 5th, Lost by: 4 1/2 l, Jockey: P J O'Hanlon (claim: 0), Trainer: R McNeilly, Age: 12, Weight: 10-13ht, Rating: -
2025-06-18 21:10:53,034 - INFO - Processing sub block #5 for https://www.racingtv.com/results/2025-06-15/downpatrick/1620
2025-06-18 21:10:53,035 - INFO - Found 3 <a> tags - Horse: Brave Soldier (IRE), Jockey: P Hanlon (claim: 7), Trainer: M M McNiff
2025-06-18 21:10:53,036 - INFO - Position/Length - Found 2 children: Position: 4th, Lost by: 3/4 l
2025-06-18 21:10:53,037 - INFO - Extracted: Brave Soldier (IRE) - Position: 4th, Lost by: 3/4 l, Jockey: P Hanlon (claim: 7), Trainer: M M McNiff, Age: 5, Weight: 11-3, Rating: 99
2025-06-18 21:10:53,037 - INFO - Processing sub block #6 for https://www.racingtv.com/results/2025-06-15/downpatrick/1620
2025-06-18 21:10:53,037 - INFO - Found 3 <a> tags - Horse: Dunkerque (DEN), Jockey: A Balfe (claim: 7), Trainer: G P Cromwell
2025-06-18 21:10:53,039 - INFO - Position/Length - Found 2 children: Position: 3rd, Lost by: 1 l
2025-06-18 21:10:53,039 - INFO - Extracted: Dunkerque (DEN) - Position: 3rd, Lost by: 1 l, Jockey: A Balfe (claim: 7), Trainer: G P Cromwell, Age: 5, Weight: 12-0, Rating: 110
2025-06-18 21:10:53,039 - INFO - Processing sub block #7 for https://www.racingtv.com/results/2025-06-15/downpatrick/1620
2025-06-18 21:10:53,040 - INFO - Found 3 <a> tags - Horse: Boston Rajj (IRE), Jockey: C P Millar (claim: 5), Trainer: G Elliott
2025-06-18 21:10:53,042 - INFO - Position/Length - Found 2 children: Position: 2nd, Lost by: 2 1/2 l
2025-06-18 21:10:53,042 - INFO - Extracted: Boston Rajj (IRE) - Position: 2nd, Lost by: 2 1/2 l, Jockey: C P Millar (claim: 5), Trainer: G Elliott, Age: 7, Weight: 12-2, Rating: 114
2025-06-18 21:10:53,042 - INFO - Processing sub block #8 for https://www.racingtv.com/results/2025-06-15/downpatrick/1620
2025-06-18 21:10:53,042 - INFO - Found 3 <a> tags - Horse: Bruant, Jockey: K C Sexton (claim: 0), Trainer: A J Martin
2025-06-18 21:10:53,045 - INFO - Position/Length - Found 1 children: Position: 1st, Lost by: N/A
2025-06-18 21:10:53,045 - INFO - Confirmed winner: Bruant
2025-06-18 21:10:53,045 - INFO - Extracted: Bruant - Position: 1st, Lost by: N/A, Jockey: K C Sexton (claim: 0), Trainer: A J Martin, Age: 4, Weight: 10-8, Rating: -
2025-06-18 21:10:53,045 - INFO - Processing sub block #9 for https://www.racingtv.com/results/2025-06-15/downpatrick/1620
2025-06-18 21:10:53,045 - INFO - Found 3 <a> tags - Horse: Sage Conseil (IRE), Jockey: J Smith (claim: 5), Trainer: J C McConnell
2025-06-18 21:10:53,046 - INFO - Position/Length - Found 1 children: Position: F, Lost by: N/A
2025-06-18 21:10:53,046 - INFO - Extracted: Sage Conseil (IRE) - Position: F, Lost by: N/A, Jockey: J Smith (claim: 5), Trainer: J C McConnell, Age: 7, Weight: 12-0t, Rating: -
2025-06-18 21:10:53,046 - INFO - Processing sub block #10 for https://www.racingtv.com/results/2025-06-15/downpatrick/1620
2025-06-18 21:10:53,046 - INFO - Found 3 <a> tags - Horse: Warriors Wood, Jockey: D P Maxwell (claim: 5), Trainer: A McNamara
2025-06-18 21:10:53,047 - INFO - Position/Length - Found 2 children: Position: 7th, Lost by: 42 l
2025-06-18 21:10:53,047 - INFO - Extracted: Warriors Wood - Position: 7th, Lost by: 42 l, Jockey: D P Maxwell (claim: 5), Trainer: A McNamara, Age: 5, Weight: 12-0, Rating: -
2025-06-18 21:10:53,047 - INFO - Processing sub block #11 for https://www.racingtv.com/results/2025-06-15/downpatrick/1620
2025-06-18 21:10:53,047 - INFO - Found 3 <a> tags - Horse: Ballyearl (FR), Jockey: M P O'Connor (claim: 0), Trainer: H De Bromhead
2025-06-18 21:10:53,048 - INFO - Position/Length - Found 2 children: Position: 6th, Lost by: 4 3/4 l
2025-06-18 21:10:53,048 - INFO - Extracted: Ballyearl (FR) - Position: 6th, Lost by: 4 3/4 l, Jockey: M P O'Connor (claim: 0), Trainer: H De Bromhead, Age: 4, Weight: 11-9h, Rating: 110
2025-06-18 21:10:53,048 - INFO - Processing sub block #12 for https://www.racingtv.com/results/2025-06-15/downpatrick/1620
2025-06-18 21:10:53,048 - INFO - Found 3 <a> tags - Horse: Cap Bernat (IRE), Jockey: P J O'Hanlon (claim: 0), Trainer: R McNeilly
2025-06-18 21:10:53,049 - INFO - Position/Length - Found 2 children: Position: 5th, Lost by: 4 1/2 l
2025-06-18 21:10:53,049 - INFO - Extracted: Cap Bernat (IRE) - Position: 5th, Lost by: 4 1/2 l, Jockey: P J O'Hanlon (claim: 0), Trainer: R McNeilly, Age: 12, Weight: 10-13ht, Rating: -
2025-06-18 21:10:53,049 - INFO - Processing sub block #13 for https://www.racingtv.com/results/2025-06-15/downpatrick/1620
2025-06-18 21:10:53,049 - INFO - Found 3 <a> tags - Horse: Brave Soldier (IRE), Jockey: P Hanlon (claim: 7), Trainer: M M McNiff
2025-06-18 21:10:53,050 - INFO - Position/Length - Found 2 children: Position: 4th, Lost by: 3/4 l
2025-06-18 21:10:53,050 - INFO - Extracted: Brave Soldier (IRE) - Position: 4th, Lost by: 3/4 l, Jockey: P Hanlon (claim: 7), Trainer: M M McNiff, Age: 5, Weight: 11-3, Rating: 99
2025-06-18 21:10:53,050 - INFO - Processing sub block #14 for https://www.racingtv.com/results/2025-06-15/downpatrick/1620
2025-06-18 21:10:53,050 - INFO - Found 3 <a> tags - Horse: Dunkerque (DEN), Jockey: A Balfe (claim: 7), Trainer: G P Cromwell
2025-06-18 21:10:53,051 - INFO - Position/Length - Found 2 children: Position: 3rd, Lost by: 1 l
2025-06-18 21:10:53,051 - INFO - Extracted: Dunkerque (DEN) - Position: 3rd, Lost by: 1 l, Jockey: A Balfe (claim: 7), Trainer: G P Cromwell, Age: 5, Weight: 12-0, Rating: 110
2025-06-18 21:10:53,051 - INFO - Processing sub block #15 for https://www.racingtv.com/results/2025-06-15/downpatrick/1620
2025-06-18 21:10:53,051 - INFO - Found 3 <a> tags - Horse: Boston Rajj (IRE), Jockey: C P Millar (claim: 5), Trainer: G Elliott
2025-06-18 21:10:53,052 - INFO - Position/Length - Found 2 children: Position: 2nd, Lost by: 2 1/2 l
2025-06-18 21:10:53,052 - INFO - Extracted: Boston Rajj (IRE) - Position: 2nd, Lost by: 2 1/2 l, Jockey: C P Millar (claim: 5), Trainer: G Elliott, Age: 7, Weight: 12-2, Rating: 114
2025-06-18 21:10:53,052 - INFO - Processing sub block #16 for https://www.racingtv.com/results/2025-06-15/downpatrick/1620
2025-06-18 21:10:53,052 - INFO - Found 3 <a> tags - Horse: Bruant, Jockey: K C Sexton (claim: 0), Trainer: A J Martin
2025-06-18 21:10:53,052 - INFO - Position/Length - Found 1 children: Position: 1st, Lost by: N/A
2025-06-18 21:10:53,052 - INFO - Extracted: Bruant - Position: 1st, Lost by: N/A, Jockey: K C Sexton (claim: 0), Trainer: A J Martin, Age: 4, Weight: 10-8, Rating: -
2025-06-18 21:10:53,053 - INFO - Successfully extracted 16/16 horse records from https://www.racingtv.com/results/2025-06-15/downpatrick/1620
2025-06-18 21:10:53,053 - INFO - :) First place horse found successfully
2025-06-18 21:10:53,053 - INFO - :) First place horse found successfully
2025-06-18 21:10:53,053 - INFO - :) First place horse found successfully
2025-06-18 21:10:53,053 - INFO - :) First place horse found successfully
2025-06-18 21:10:53,053 - INFO - :) First place horse found successfully
2025-06-18 21:10:53,053 - INFO - :) First place horse found successfully
2025-06-18 21:10:53,053 - INFO - :) First place horse found successfully
2025-06-18 21:10:53,053 - INFO - :) First place horse found successfully
2025-06-18 21:10:53,053 - INFO - :) First place horse found successfully
2025-06-18 21:10:53,053 - INFO - :) First place horse found successfully
2025-06-18 21:10:53,053 - INFO - :) First place horse found successfully
2025-06-18 21:10:53,053 - INFO - :) First place horse found successfully
2025-06-18 21:10:53,054 - INFO - :) First place horse found successfully
2025-06-18 21:10:53,054 - INFO - :) First place horse found successfully
2025-06-18 21:10:53,054 - INFO - :) First place horse found successfully
2025-06-18 21:10:53,054 - INFO - :) First place horse found successfully
2025-06-18 21:10:53,054 - INFO - :) First place horse found successfully
2025-06-18 21:10:53,054 - INFO - Successfully parsed 16 horse records from: https://www.racingtv.com/results/2025-06-15/downpatrick/1620
2025-06-18 21:10:53,054 - INFO - Waiting 3 seconds before next request...
2025-06-18 21:10:56,055 - INFO - Batch 1 - URL 13/14: https://www.racingtv.com/results/2025-06-15/downpatrick/1650
2025-06-18 21:10:56,056 - INFO - Loading page with Selenium: https://www.racingtv.com/results/2025-06-15/downpatrick/1650
2025-06-18 21:11:01,947 - INFO - Racing main block detected for: https://www.racingtv.com/results/2025-06-15/downpatrick/1650
2025-06-18 21:11:02,042 - INFO - Successfully loaded page: https://www.racingtv.com/results/2025-06-15/downpatrick/1650
2025-06-18 21:11:02,569 - INFO - Extracted race info - Track: Downpatrick Racing Results | 15th June 2025 16:50, Date: N/A, Time: 16:50
2025-06-18 21:11:02,573 - INFO - Found 2nd h3 tag: Yielding To Soft  4YO+ 2m 1f 165y Winner: €6,000 (11 runners)
2025-06-18 21:11:02,573 - INFO - Extracted - Going: Yielding To Soft, Distance: 2m 1f 165y
2025-06-18 21:11:02,573 - INFO - Extracting racing data from: https://www.racingtv.com/results/2025-06-15/downpatrick/1650
2025-06-18 21:11:02,629 - INFO - Processing main block #1 for https://www.racingtv.com/results/2025-06-15/downpatrick/1650
2025-06-18 21:11:02,690 - INFO - Checking 2nd child of main block for first place horse...
2025-06-18 21:11:02,714 - INFO - Found alternative horse block structure with 3 links
2025-06-18 21:11:02,715 - INFO - Found alternative horse block structure with 3 links
2025-06-18 21:11:02,715 - INFO - Found alternative horse block structure with 3 links
2025-06-18 21:11:02,716 - INFO - Found alternative horse block structure with 3 links
2025-06-18 21:11:02,716 - INFO - Found alternative horse block structure with 3 links
2025-06-18 21:11:02,717 - INFO - Found alternative horse block structure with 3 links
2025-06-18 21:11:02,717 - INFO - Found alternative horse block structure with 3 links
2025-06-18 21:11:02,718 - INFO - Found alternative horse block structure with 3 links
2025-06-18 21:11:02,719 - INFO - Found alternative horse block structure with 3 links
2025-06-18 21:11:02,719 - INFO - Found alternative horse block structure with 3 links
2025-06-18 21:11:02,720 - INFO - Found alternative horse block structure with 3 links
2025-06-18 21:11:02,819 - INFO - Found likely first place horse via structure analysis: Pralognan (FR)
2025-06-18 21:11:02,838 - INFO - Found potential first place horse with background styling
2025-06-18 21:11:02,838 - INFO - Found potential first place horse with background styling
2025-06-18 21:11:02,838 - INFO - Found potential first place horse with background styling
2025-06-18 21:11:02,838 - INFO - Found potential first place horse with background styling
2025-06-18 21:11:02,839 - INFO - Found potential first place horse with background styling
2025-06-18 21:11:02,839 - INFO - Found potential first place horse with background styling
2025-06-18 21:11:02,839 - INFO - Found potential first place horse with background styling
2025-06-18 21:11:02,840 - INFO - Found potential first place horse with background styling
2025-06-18 21:11:02,840 - INFO - Found potential first place horse with background styling
2025-06-18 21:11:02,840 - INFO - Found potential first place horse with background styling
2025-06-18 21:11:02,846 - INFO - Found 22 horse entries for https://www.racingtv.com/results/2025-06-15/downpatrick/1650 using multiple detection methods
2025-06-18 21:11:02,846 - INFO - Processing sub block #1 for https://www.racingtv.com/results/2025-06-15/downpatrick/1650
2025-06-18 21:11:02,846 - INFO - Found 3 <a> tags - Horse: Baron Blake (FR), Jockey: P Hanlon (claim: 7), Trainer: J J Hanlon
2025-06-18 21:11:02,848 - INFO - Position/Length - Found 2 children: Position: 11th, Lost by: 5 1/2 l
2025-06-18 21:11:02,848 - INFO - Extracted: Baron Blake (FR) - Position: 11th, Lost by: 5 1/2 l, Jockey: P Hanlon (claim: 7), Trainer: J J Hanlon, Age: 4, Weight: 11-8, Rating: 96
2025-06-18 21:11:02,848 - INFO - Processing sub block #2 for https://www.racingtv.com/results/2025-06-15/downpatrick/1650
2025-06-18 21:11:02,849 - INFO - Found 3 <a> tags - Horse: Feast (IRE), Jockey: Anna McGuinness (claim: 7), Trainer: P J McKenna
2025-06-18 21:11:02,850 - INFO - Position/Length - Found 2 children: Position: 10th, Lost by: 13 l
2025-06-18 21:11:02,851 - INFO - Extracted: Feast (IRE) - Position: 10th, Lost by: 13 l, Jockey: Anna McGuinness (claim: 7), Trainer: P J McKenna, Age: 8, Weight: 11-8, Rating: 91
2025-06-18 21:11:02,851 - INFO - Processing sub block #3 for https://www.racingtv.com/results/2025-06-15/downpatrick/1650
2025-06-18 21:11:02,851 - INFO - Found 3 <a> tags - Horse: Every River, Jockey: Niall Moore (claim: 5), Trainer: W J Bryson
2025-06-18 21:11:02,853 - INFO - Position/Length - Found 2 children: Position: 9th, Lost by: 28 l
2025-06-18 21:11:02,853 - INFO - Extracted: Every River - Position: 9th, Lost by: 28 l, Jockey: Niall Moore (claim: 5), Trainer: W J Bryson, Age: 9, Weight: 11-0, Rating: 83
2025-06-18 21:11:02,853 - INFO - Processing sub block #4 for https://www.racingtv.com/results/2025-06-15/downpatrick/1650
2025-06-18 21:11:02,853 - INFO - Found 3 <a> tags - Horse: Small Bucks (IRE), Jockey: P M O'Brien (claim: 7), Trainer: P E Collins
2025-06-18 21:11:02,855 - INFO - Position/Length - Found 2 children: Position: 8th, Lost by: 2 l
2025-06-18 21:11:02,856 - INFO - Extracted: Small Bucks (IRE) - Position: 8th, Lost by: 2 l, Jockey: P M O'Brien (claim: 7), Trainer: P E Collins, Age: 4, Weight: 11-7h, Rating: 95
2025-06-18 21:11:02,856 - INFO - Processing sub block #5 for https://www.racingtv.com/results/2025-06-15/downpatrick/1650
2025-06-18 21:11:02,856 - INFO - Found 3 <a> tags - Horse: Live To Laugh (IRE), Jockey: B W Harvey (claim: 0), Trainer: Peter Fahey
2025-06-18 21:11:02,858 - INFO - Position/Length - Found 2 children: Position: 7th, Lost by: 1 1/4 l
2025-06-18 21:11:02,858 - INFO - Extracted: Live To Laugh (IRE) - Position: 7th, Lost by: 1 1/4 l, Jockey: B W Harvey (claim: 0), Trainer: Peter Fahey, Age: 6, Weight: 11-12, Rating: 95
2025-06-18 21:11:02,858 - INFO - Processing sub block #6 for https://www.racingtv.com/results/2025-06-15/downpatrick/1650
2025-06-18 21:11:02,858 - INFO - Found 3 <a> tags - Horse: Centaq (IRE), Jockey: P J O'Hanlon (claim: 0), Trainer: D A McLoughlin
2025-06-18 21:11:02,860 - INFO - Position/Length - Found 2 children: Position: 6th, Lost by: 1 1/4 l
2025-06-18 21:11:02,860 - INFO - Extracted: Centaq (IRE) - Position: 6th, Lost by: 1 1/4 l, Jockey: P J O'Hanlon (claim: 0), Trainer: D A McLoughlin, Age: 5, Weight: 11-2h, Rating: 85
2025-06-18 21:11:02,860 - INFO - Processing sub block #7 for https://www.racingtv.com/results/2025-06-15/downpatrick/1650
2025-06-18 21:11:02,861 - INFO - Found 3 <a> tags - Horse: I'm For Home (IRE), Jockey: M P O'Connor (claim: 0), Trainer: R K Watson
2025-06-18 21:11:02,863 - INFO - Position/Length - Found 2 children: Position: 5th, Lost by: 3 1/4 l
2025-06-18 21:11:02,863 - INFO - Extracted: I'm For Home (IRE) - Position: 5th, Lost by: 3 1/4 l, Jockey: M P O'Connor (claim: 0), Trainer: R K Watson, Age: 7, Weight: 10-9t1, Rating: 78
2025-06-18 21:11:02,863 - INFO - Processing sub block #8 for https://www.racingtv.com/results/2025-06-15/downpatrick/1650
2025-06-18 21:11:02,863 - INFO - Found 3 <a> tags - Horse: Sydney Cruiser (IRE), Jockey: C P Millar (claim: 5), Trainer: Ciaran Murphy
2025-06-18 21:11:02,865 - INFO - Position/Length - Found 2 children: Position: 4th, Lost by: 3 1/2 l
2025-06-18 21:11:02,865 - INFO - Extracted: Sydney Cruiser (IRE) - Position: 4th, Lost by: 3 1/2 l, Jockey: C P Millar (claim: 5), Trainer: Ciaran Murphy, Age: 7, Weight: 10-12p, Rating: 81
2025-06-18 21:11:02,865 - INFO - Processing sub block #9 for https://www.racingtv.com/results/2025-06-15/downpatrick/1650
2025-06-18 21:11:02,865 - INFO - Found 3 <a> tags - Horse: Chatterbox (IRE), Jockey: K E Buckley (claim: 0), Trainer: J J Murphy
2025-06-18 21:11:02,868 - INFO - Position/Length - Found 2 children: Position: 3rd, Lost by: 3 l
2025-06-18 21:11:02,868 - INFO - Extracted: Chatterbox (IRE) - Position: 3rd, Lost by: 3 l, Jockey: K E Buckley (claim: 0), Trainer: J J Murphy, Age: 6, Weight: 11-10, Rating: 93
2025-06-18 21:11:02,868 - INFO - Processing sub block #10 for https://www.racingtv.com/results/2025-06-15/downpatrick/1650
2025-06-18 21:11:02,868 - INFO - Found 3 <a> tags - Horse: Ar Nos Na Gaoithe (IRE), Jockey: H E Sexton (claim: 7), Trainer: P J Rothwell
2025-06-18 21:11:02,870 - INFO - Position/Length - Found 2 children: Position: 2nd, Lost by: 1/2 l
2025-06-18 21:11:02,870 - INFO - Extracted: Ar Nos Na Gaoithe (IRE) - Position: 2nd, Lost by: 1/2 l, Jockey: H E Sexton (claim: 7), Trainer: P J Rothwell, Age: 6, Weight: 11-5, Rating: 88
2025-06-18 21:11:02,870 - INFO - Processing sub block #11 for https://www.racingtv.com/results/2025-06-15/downpatrick/1650
2025-06-18 21:11:02,870 - INFO - Found 3 <a> tags - Horse: Pralognan (FR), Jockey: K C Sexton (claim: 0), Trainer: A J Martin
2025-06-18 21:11:02,872 - INFO - Position/Length - Found 1 children: Position: 1st, Lost by: N/A
2025-06-18 21:11:02,872 - INFO - Confirmed winner: Pralognan (FR)
2025-06-18 21:11:02,872 - INFO - Extracted: Pralognan (FR) - Position: 1st, Lost by: N/A, Jockey: K C Sexton (claim: 0), Trainer: A J Martin, Age: 6, Weight: 11-9t, Rating: 92
2025-06-18 21:11:02,873 - INFO - Processing sub block #12 for https://www.racingtv.com/results/2025-06-15/downpatrick/1650
2025-06-18 21:11:02,873 - INFO - Found 3 <a> tags - Horse: Baron Blake (FR), Jockey: P Hanlon (claim: 7), Trainer: J J Hanlon
2025-06-18 21:11:02,873 - INFO - Position/Length - Found 2 children: Position: 11th, Lost by: 5 1/2 l
2025-06-18 21:11:02,873 - INFO - Extracted: Baron Blake (FR) - Position: 11th, Lost by: 5 1/2 l, Jockey: P Hanlon (claim: 7), Trainer: J J Hanlon, Age: 4, Weight: 11-8, Rating: 96
2025-06-18 21:11:02,873 - INFO - Processing sub block #13 for https://www.racingtv.com/results/2025-06-15/downpatrick/1650
2025-06-18 21:11:02,874 - INFO - Found 3 <a> tags - Horse: Feast (IRE), Jockey: Anna McGuinness (claim: 7), Trainer: P J McKenna
2025-06-18 21:11:02,874 - INFO - Position/Length - Found 2 children: Position: 10th, Lost by: 13 l
2025-06-18 21:11:02,874 - INFO - Extracted: Feast (IRE) - Position: 10th, Lost by: 13 l, Jockey: Anna McGuinness (claim: 7), Trainer: P J McKenna, Age: 8, Weight: 11-8, Rating: 91
2025-06-18 21:11:02,874 - INFO - Processing sub block #14 for https://www.racingtv.com/results/2025-06-15/downpatrick/1650
2025-06-18 21:11:02,875 - INFO - Found 3 <a> tags - Horse: Every River, Jockey: Niall Moore (claim: 5), Trainer: W J Bryson
2025-06-18 21:11:02,875 - INFO - Position/Length - Found 2 children: Position: 9th, Lost by: 28 l
2025-06-18 21:11:02,875 - INFO - Extracted: Every River - Position: 9th, Lost by: 28 l, Jockey: Niall Moore (claim: 5), Trainer: W J Bryson, Age: 9, Weight: 11-0, Rating: 83
2025-06-18 21:11:02,875 - INFO - Processing sub block #15 for https://www.racingtv.com/results/2025-06-15/downpatrick/1650
2025-06-18 21:11:02,875 - INFO - Found 3 <a> tags - Horse: Small Bucks (IRE), Jockey: P M O'Brien (claim: 7), Trainer: P E Collins
2025-06-18 21:11:02,876 - INFO - Position/Length - Found 2 children: Position: 8th, Lost by: 2 l
2025-06-18 21:11:02,876 - INFO - Extracted: Small Bucks (IRE) - Position: 8th, Lost by: 2 l, Jockey: P M O'Brien (claim: 7), Trainer: P E Collins, Age: 4, Weight: 11-7h, Rating: 95
2025-06-18 21:11:02,876 - INFO - Processing sub block #16 for https://www.racingtv.com/results/2025-06-15/downpatrick/1650
2025-06-18 21:11:02,876 - INFO - Found 3 <a> tags - Horse: Live To Laugh (IRE), Jockey: B W Harvey (claim: 0), Trainer: Peter Fahey
2025-06-18 21:11:02,877 - INFO - Position/Length - Found 2 children: Position: 7th, Lost by: 1 1/4 l
2025-06-18 21:11:02,877 - INFO - Extracted: Live To Laugh (IRE) - Position: 7th, Lost by: 1 1/4 l, Jockey: B W Harvey (claim: 0), Trainer: Peter Fahey, Age: 6, Weight: 11-12, Rating: 95
2025-06-18 21:11:02,877 - INFO - Processing sub block #17 for https://www.racingtv.com/results/2025-06-15/downpatrick/1650
2025-06-18 21:11:02,877 - INFO - Found 3 <a> tags - Horse: Centaq (IRE), Jockey: P J O'Hanlon (claim: 0), Trainer: D A McLoughlin
2025-06-18 21:11:02,878 - INFO - Position/Length - Found 2 children: Position: 6th, Lost by: 1 1/4 l
2025-06-18 21:11:02,878 - INFO - Extracted: Centaq (IRE) - Position: 6th, Lost by: 1 1/4 l, Jockey: P J O'Hanlon (claim: 0), Trainer: D A McLoughlin, Age: 5, Weight: 11-2h, Rating: 85
2025-06-18 21:11:02,878 - INFO - Processing sub block #18 for https://www.racingtv.com/results/2025-06-15/downpatrick/1650
2025-06-18 21:11:02,878 - INFO - Found 3 <a> tags - Horse: I'm For Home (IRE), Jockey: M P O'Connor (claim: 0), Trainer: R K Watson
2025-06-18 21:11:02,879 - INFO - Position/Length - Found 2 children: Position: 5th, Lost by: 3 1/4 l
2025-06-18 21:11:02,879 - INFO - Extracted: I'm For Home (IRE) - Position: 5th, Lost by: 3 1/4 l, Jockey: M P O'Connor (claim: 0), Trainer: R K Watson, Age: 7, Weight: 10-9t1, Rating: 78
2025-06-18 21:11:02,879 - INFO - Processing sub block #19 for https://www.racingtv.com/results/2025-06-15/downpatrick/1650
2025-06-18 21:11:02,879 - INFO - Found 3 <a> tags - Horse: Sydney Cruiser (IRE), Jockey: C P Millar (claim: 5), Trainer: Ciaran Murphy
2025-06-18 21:11:02,880 - INFO - Position/Length - Found 2 children: Position: 4th, Lost by: 3 1/2 l
2025-06-18 21:11:02,880 - INFO - Extracted: Sydney Cruiser (IRE) - Position: 4th, Lost by: 3 1/2 l, Jockey: C P Millar (claim: 5), Trainer: Ciaran Murphy, Age: 7, Weight: 10-12p, Rating: 81
2025-06-18 21:11:02,880 - INFO - Processing sub block #20 for https://www.racingtv.com/results/2025-06-15/downpatrick/1650
2025-06-18 21:11:02,880 - INFO - Found 3 <a> tags - Horse: Chatterbox (IRE), Jockey: K E Buckley (claim: 0), Trainer: J J Murphy
2025-06-18 21:11:02,880 - INFO - Position/Length - Found 2 children: Position: 3rd, Lost by: 3 l
2025-06-18 21:11:02,880 - INFO - Extracted: Chatterbox (IRE) - Position: 3rd, Lost by: 3 l, Jockey: K E Buckley (claim: 0), Trainer: J J Murphy, Age: 6, Weight: 11-10, Rating: 93
2025-06-18 21:11:02,881 - INFO - Processing sub block #21 for https://www.racingtv.com/results/2025-06-15/downpatrick/1650
2025-06-18 21:11:02,881 - INFO - Found 3 <a> tags - Horse: Ar Nos Na Gaoithe (IRE), Jockey: H E Sexton (claim: 7), Trainer: P J Rothwell
2025-06-18 21:11:02,881 - INFO - Position/Length - Found 2 children: Position: 2nd, Lost by: 1/2 l
2025-06-18 21:11:02,881 - INFO - Extracted: Ar Nos Na Gaoithe (IRE) - Position: 2nd, Lost by: 1/2 l, Jockey: H E Sexton (claim: 7), Trainer: P J Rothwell, Age: 6, Weight: 11-5, Rating: 88
2025-06-18 21:11:02,881 - INFO - Processing sub block #22 for https://www.racingtv.com/results/2025-06-15/downpatrick/1650
2025-06-18 21:11:02,882 - INFO - Found 3 <a> tags - Horse: Pralognan (FR), Jockey: K C Sexton (claim: 0), Trainer: A J Martin
2025-06-18 21:11:02,882 - INFO - Position/Length - Found 1 children: Position: 1st, Lost by: N/A
2025-06-18 21:11:02,883 - INFO - Extracted: Pralognan (FR) - Position: 1st, Lost by: N/A, Jockey: K C Sexton (claim: 0), Trainer: A J Martin, Age: 6, Weight: 11-9t, Rating: 92
2025-06-18 21:11:02,883 - INFO - Successfully extracted 22/22 horse records from https://www.racingtv.com/results/2025-06-15/downpatrick/1650
2025-06-18 21:11:02,883 - INFO - :) First place horse found successfully
2025-06-18 21:11:02,883 - INFO - :) First place horse found successfully
2025-06-18 21:11:02,883 - INFO - :) First place horse found successfully
2025-06-18 21:11:02,883 - INFO - :) First place horse found successfully
2025-06-18 21:11:02,883 - INFO - :) First place horse found successfully
2025-06-18 21:11:02,883 - INFO - :) First place horse found successfully
2025-06-18 21:11:02,883 - INFO - :) First place horse found successfully
2025-06-18 21:11:02,883 - INFO - :) First place horse found successfully
2025-06-18 21:11:02,883 - INFO - :) First place horse found successfully
2025-06-18 21:11:02,883 - INFO - :) First place horse found successfully
2025-06-18 21:11:02,884 - INFO - :) First place horse found successfully
2025-06-18 21:11:02,884 - INFO - :) First place horse found successfully
2025-06-18 21:11:02,884 - INFO - :) First place horse found successfully
2025-06-18 21:11:02,884 - INFO - :) First place horse found successfully
2025-06-18 21:11:02,884 - INFO - :) First place horse found successfully
2025-06-18 21:11:02,884 - INFO - :) First place horse found successfully
2025-06-18 21:11:02,884 - INFO - :) First place horse found successfully
2025-06-18 21:11:02,884 - INFO - :) First place horse found successfully
2025-06-18 21:11:02,884 - INFO - :) First place horse found successfully
2025-06-18 21:11:02,884 - INFO - :) First place horse found successfully
2025-06-18 21:11:02,884 - INFO - :) First place horse found successfully
2025-06-18 21:11:02,884 - INFO - :) First place horse found successfully
2025-06-18 21:11:02,884 - INFO - :) First place horse found successfully
2025-06-18 21:11:02,884 - INFO - Successfully parsed 22 horse records from: https://www.racingtv.com/results/2025-06-15/downpatrick/1650
2025-06-18 21:11:02,885 - INFO - Waiting 3 seconds before next request...
2025-06-18 21:11:05,887 - INFO - Batch 1 - URL 14/14: https://www.racingtv.com/results/2025-06-15/downpatrick/1720
2025-06-18 21:11:05,888 - INFO - Loading page with Selenium: https://www.racingtv.com/results/2025-06-15/downpatrick/1720
2025-06-18 21:11:11,912 - INFO - Racing main block detected for: https://www.racingtv.com/results/2025-06-15/downpatrick/1720
2025-06-18 21:11:11,957 - INFO - Successfully loaded page: https://www.racingtv.com/results/2025-06-15/downpatrick/1720
2025-06-18 21:11:12,318 - INFO - Extracted race info - Track: Downpatrick Racing Results | 15th June 2025 17:20, Date: N/A, Time: 17:20
2025-06-18 21:11:12,320 - INFO - Found 2nd h3 tag: Yielding To Soft ace (Turf) 4YO+ 2m 1f 165y Winner: €6,601 (9 runners)
2025-06-18 21:11:12,320 - INFO - Extracted - Going: Yielding To Soft ace (Turf), Distance: 2m 1f 165y
2025-06-18 21:11:12,320 - INFO - Extracting racing data from: https://www.racingtv.com/results/2025-06-15/downpatrick/1720
2025-06-18 21:11:12,352 - INFO - Processing main block #1 for https://www.racingtv.com/results/2025-06-15/downpatrick/1720
2025-06-18 21:11:12,380 - INFO - Checking 2nd child of main block for first place horse...
2025-06-18 21:11:12,391 - INFO - Found alternative horse block structure with 3 links
2025-06-18 21:11:12,392 - INFO - Found alternative horse block structure with 3 links
2025-06-18 21:11:12,392 - INFO - Found alternative horse block structure with 3 links
2025-06-18 21:11:12,392 - INFO - Found alternative horse block structure with 3 links
2025-06-18 21:11:12,393 - INFO - Found alternative horse block structure with 3 links
2025-06-18 21:11:12,393 - INFO - Found alternative horse block structure with 3 links
2025-06-18 21:11:12,394 - INFO - Found alternative horse block structure with 3 links
2025-06-18 21:11:12,394 - INFO - Found alternative horse block structure with 3 links
2025-06-18 21:11:12,394 - INFO - Found alternative horse block structure with 3 links
2025-06-18 21:11:12,440 - INFO - Found likely first place horse via structure analysis: Liadawn (IRE)
2025-06-18 21:11:12,448 - INFO - Found potential first place horse with background styling
2025-06-18 21:11:12,448 - INFO - Found potential first place horse with background styling
2025-06-18 21:11:12,448 - INFO - Found potential first place horse with background styling
2025-06-18 21:11:12,448 - INFO - Found potential first place horse with background styling
2025-06-18 21:11:12,449 - INFO - Found potential first place horse with background styling
2025-06-18 21:11:12,449 - INFO - Found potential first place horse with background styling
2025-06-18 21:11:12,449 - INFO - Found potential first place horse with background styling
2025-06-18 21:11:12,449 - INFO - Found potential first place horse with background styling
2025-06-18 21:11:12,452 - INFO - Found 18 horse entries for https://www.racingtv.com/results/2025-06-15/downpatrick/1720 using multiple detection methods
2025-06-18 21:11:12,452 - INFO - Processing sub block #1 for https://www.racingtv.com/results/2025-06-15/downpatrick/1720
2025-06-18 21:11:12,453 - INFO - Found 3 <a> tags - Horse: Campuna (IRE), Jockey: Mr E Finegan (claim: 7), Trainer: R K Watson
2025-06-18 21:11:12,454 - INFO - Position/Length - Found 1 children: Position: PU, Lost by: N/A
2025-06-18 21:11:12,454 - INFO - Extracted: Campuna (IRE) - Position: PU, Lost by: N/A, Jockey: Mr E Finegan (claim: 7), Trainer: R K Watson, Age: 4, Weight: 11-6, Rating: -
2025-06-18 21:11:12,454 - INFO - Processing sub block #2 for https://www.racingtv.com/results/2025-06-15/downpatrick/1720
2025-06-18 21:11:12,454 - INFO - Found 3 <a> tags - Horse: No More Silver (FR), Jockey: Mr H C Swan (claim: 0), Trainer: G Elliott
2025-06-18 21:11:12,455 - INFO - Position/Length - Found 2 children: Position: 8th, Lost by: 47 l
2025-06-18 21:11:12,456 - INFO - Extracted: No More Silver (FR) - Position: 8th, Lost by: 47 l, Jockey: Mr H C Swan (claim: 0), Trainer: G Elliott, Age: 4, Weight: 11-6, Rating: -
2025-06-18 21:11:12,456 - INFO - Processing sub block #3 for https://www.racingtv.com/results/2025-06-15/downpatrick/1720
2025-06-18 21:11:12,456 - INFO - Found 3 <a> tags - Horse: Tina Yeats (IRE), Jockey: M J Molloy (claim: 7), Trainer: A J Martin
2025-06-18 21:11:12,458 - INFO - Position/Length - Found 2 children: Position: 7th, Lost by: 13 l
2025-06-18 21:11:12,458 - INFO - Extracted: Tina Yeats (IRE) - Position: 7th, Lost by: 13 l, Jockey: M J Molloy (claim: 7), Trainer: A J Martin, Age: 5, Weight: 11-11, Rating: -
2025-06-18 21:11:12,458 - INFO - Processing sub block #4 for https://www.racingtv.com/results/2025-06-15/downpatrick/1720
2025-06-18 21:11:12,458 - INFO - Found 3 <a> tags - Horse: Bebinn Court (IRE), Jockey: Mr O McGill (claim: 5), Trainer: Gary McGill
2025-06-18 21:11:12,460 - INFO - Position/Length - Found 2 children: Position: 6th, Lost by: 20 l
2025-06-18 21:11:12,460 - INFO - Extracted: Bebinn Court (IRE) - Position: 6th, Lost by: 20 l, Jockey: Mr O McGill (claim: 5), Trainer: Gary McGill, Age: 5, Weight: 11-11t1, Rating: -
2025-06-18 21:11:12,460 - INFO - Processing sub block #5 for https://www.racingtv.com/results/2025-06-15/downpatrick/1720
2025-06-18 21:11:12,460 - INFO - Found 3 <a> tags - Horse: Summer Dawn (IRE), Jockey: Mr S Connor (claim: 7), Trainer: S R B Crawford
2025-06-18 21:11:12,461 - INFO - Position/Length - Found 2 children: Position: 5th, Lost by: 9 l
2025-06-18 21:11:12,462 - INFO - Extracted: Summer Dawn (IRE) - Position: 5th, Lost by: 9 l, Jockey: Mr S Connor (claim: 7), Trainer: S R B Crawford, Age: 5, Weight: 11-11t, Rating: -
2025-06-18 21:11:12,462 - INFO - Processing sub block #6 for https://www.racingtv.com/results/2025-06-15/downpatrick/1720
2025-06-18 21:11:12,462 - INFO - Found 3 <a> tags - Horse: Shannon Bank (IRE), Jockey: Mr D G Lavery (claim: 0), Trainer: G P Cromwell
2025-06-18 21:11:12,463 - INFO - Position/Length - Found 2 children: Position: 4th, Lost by: 2 1/4 l
2025-06-18 21:11:12,463 - INFO - Extracted: Shannon Bank (IRE) - Position: 4th, Lost by: 2 1/4 l, Jockey: Mr D G Lavery (claim: 0), Trainer: G P Cromwell, Age: 6, Weight: 11-11, Rating: -
2025-06-18 21:11:12,463 - INFO - Processing sub block #7 for https://www.racingtv.com/results/2025-06-15/downpatrick/1720
2025-06-18 21:11:12,464 - INFO - Found 3 <a> tags - Horse: Walks The Talk (IRE), Jockey: Mr F R Buckley (claim: 7), Trainer: J C McConnell
2025-06-18 21:11:12,465 - INFO - Position/Length - Found 2 children: Position: 3rd, Lost by: 1 1/2 l
2025-06-18 21:11:12,465 - INFO - Extracted: Walks The Talk (IRE) - Position: 3rd, Lost by: 1 1/2 l, Jockey: Mr F R Buckley (claim: 7), Trainer: J C McConnell, Age: 6, Weight: 11-11, Rating: -
2025-06-18 21:11:12,465 - INFO - Processing sub block #8 for https://www.racingtv.com/results/2025-06-15/downpatrick/1720
2025-06-18 21:11:12,466 - INFO - Found 3 <a> tags - Horse: Beir Bua (IRE), Jockey: Mr A P Ryan (claim: 7), Trainer: A Slattery
2025-06-18 21:11:12,467 - INFO - Position/Length - Found 2 children: Position: 2nd, Lost by: 10 l
2025-06-18 21:11:12,467 - INFO - Extracted: Beir Bua (IRE) - Position: 2nd, Lost by: 10 l, Jockey: Mr A P Ryan (claim: 7), Trainer: A Slattery, Age: 4, Weight: 11-6, Rating: -
2025-06-18 21:11:12,467 - INFO - Processing sub block #9 for https://www.racingtv.com/results/2025-06-15/downpatrick/1720
2025-06-18 21:11:12,467 - INFO - Found 3 <a> tags - Horse: Liadawn (IRE), Jockey: Mr P W Mullins (claim: 0), Trainer: W P Mullins
2025-06-18 21:11:12,469 - INFO - Position/Length - Found 1 children: Position: 1st, Lost by: N/A
2025-06-18 21:11:12,469 - INFO - Confirmed winner: Liadawn (IRE)
2025-06-18 21:11:12,469 - INFO - Extracted: Liadawn (IRE) - Position: 1st, Lost by: N/A, Jockey: Mr P W Mullins (claim: 0), Trainer: W P Mullins, Age: 5, Weight: 11-11, Rating: -
2025-06-18 21:11:12,469 - INFO - Processing sub block #10 for https://www.racingtv.com/results/2025-06-15/downpatrick/1720
2025-06-18 21:11:12,469 - INFO - Found 3 <a> tags - Horse: Campuna (IRE), Jockey: Mr E Finegan (claim: 7), Trainer: R K Watson
2025-06-18 21:11:12,470 - INFO - Position/Length - Found 1 children: Position: PU, Lost by: N/A
2025-06-18 21:11:12,470 - INFO - Extracted: Campuna (IRE) - Position: PU, Lost by: N/A, Jockey: Mr E Finegan (claim: 7), Trainer: R K Watson, Age: 4, Weight: 11-6, Rating: -
2025-06-18 21:11:12,470 - INFO - Processing sub block #11 for https://www.racingtv.com/results/2025-06-15/downpatrick/1720
2025-06-18 21:11:12,470 - INFO - Found 3 <a> tags - Horse: No More Silver (FR), Jockey: Mr H C Swan (claim: 0), Trainer: G Elliott
2025-06-18 21:11:12,471 - INFO - Position/Length - Found 2 children: Position: 8th, Lost by: 47 l
2025-06-18 21:11:12,471 - INFO - Extracted: No More Silver (FR) - Position: 8th, Lost by: 47 l, Jockey: Mr H C Swan (claim: 0), Trainer: G Elliott, Age: 4, Weight: 11-6, Rating: -
2025-06-18 21:11:12,471 - INFO - Processing sub block #12 for https://www.racingtv.com/results/2025-06-15/downpatrick/1720
2025-06-18 21:11:12,471 - INFO - Found 3 <a> tags - Horse: Tina Yeats (IRE), Jockey: M J Molloy (claim: 7), Trainer: A J Martin
2025-06-18 21:11:12,471 - INFO - Position/Length - Found 2 children: Position: 7th, Lost by: 13 l
2025-06-18 21:11:12,472 - INFO - Extracted: Tina Yeats (IRE) - Position: 7th, Lost by: 13 l, Jockey: M J Molloy (claim: 7), Trainer: A J Martin, Age: 5, Weight: 11-11, Rating: -
2025-06-18 21:11:12,472 - INFO - Processing sub block #13 for https://www.racingtv.com/results/2025-06-15/downpatrick/1720
2025-06-18 21:11:12,472 - INFO - Found 3 <a> tags - Horse: Bebinn Court (IRE), Jockey: Mr O McGill (claim: 5), Trainer: Gary McGill
2025-06-18 21:11:12,473 - INFO - Position/Length - Found 2 children: Position: 6th, Lost by: 20 l
2025-06-18 21:11:12,473 - INFO - Extracted: Bebinn Court (IRE) - Position: 6th, Lost by: 20 l, Jockey: Mr O McGill (claim: 5), Trainer: Gary McGill, Age: 5, Weight: 11-11t1, Rating: -
2025-06-18 21:11:12,473 - INFO - Processing sub block #14 for https://www.racingtv.com/results/2025-06-15/downpatrick/1720
2025-06-18 21:11:12,473 - INFO - Found 3 <a> tags - Horse: Summer Dawn (IRE), Jockey: Mr S Connor (claim: 7), Trainer: S R B Crawford
2025-06-18 21:11:12,474 - INFO - Position/Length - Found 2 children: Position: 5th, Lost by: 9 l
2025-06-18 21:11:12,474 - INFO - Extracted: Summer Dawn (IRE) - Position: 5th, Lost by: 9 l, Jockey: Mr S Connor (claim: 7), Trainer: S R B Crawford, Age: 5, Weight: 11-11t, Rating: -
2025-06-18 21:11:12,474 - INFO - Processing sub block #15 for https://www.racingtv.com/results/2025-06-15/downpatrick/1720
2025-06-18 21:11:12,474 - INFO - Found 3 <a> tags - Horse: Shannon Bank (IRE), Jockey: Mr D G Lavery (claim: 0), Trainer: G P Cromwell
2025-06-18 21:11:12,474 - INFO - Position/Length - Found 2 children: Position: 4th, Lost by: 2 1/4 l
2025-06-18 21:11:12,475 - INFO - Extracted: Shannon Bank (IRE) - Position: 4th, Lost by: 2 1/4 l, Jockey: Mr D G Lavery (claim: 0), Trainer: G P Cromwell, Age: 6, Weight: 11-11, Rating: -
2025-06-18 21:11:12,475 - INFO - Processing sub block #16 for https://www.racingtv.com/results/2025-06-15/downpatrick/1720
2025-06-18 21:11:12,475 - INFO - Found 3 <a> tags - Horse: Walks The Talk (IRE), Jockey: Mr F R Buckley (claim: 7), Trainer: J C McConnell
2025-06-18 21:11:12,476 - INFO - Position/Length - Found 2 children: Position: 3rd, Lost by: 1 1/2 l
2025-06-18 21:11:12,476 - INFO - Extracted: Walks The Talk (IRE) - Position: 3rd, Lost by: 1 1/2 l, Jockey: Mr F R Buckley (claim: 7), Trainer: J C McConnell, Age: 6, Weight: 11-11, Rating: -
2025-06-18 21:11:12,476 - INFO - Processing sub block #17 for https://www.racingtv.com/results/2025-06-15/downpatrick/1720
2025-06-18 21:11:12,476 - INFO - Found 3 <a> tags - Horse: Beir Bua (IRE), Jockey: Mr A P Ryan (claim: 7), Trainer: A Slattery
2025-06-18 21:11:12,477 - INFO - Position/Length - Found 2 children: Position: 2nd, Lost by: 10 l
2025-06-18 21:11:12,477 - INFO - Extracted: Beir Bua (IRE) - Position: 2nd, Lost by: 10 l, Jockey: Mr A P Ryan (claim: 7), Trainer: A Slattery, Age: 4, Weight: 11-6, Rating: -
2025-06-18 21:11:12,477 - INFO - Processing sub block #18 for https://www.racingtv.com/results/2025-06-15/downpatrick/1720
2025-06-18 21:11:12,477 - INFO - Found 3 <a> tags - Horse: Liadawn (IRE), Jockey: Mr P W Mullins (claim: 0), Trainer: W P Mullins
2025-06-18 21:11:12,478 - INFO - Position/Length - Found 1 children: Position: 1st, Lost by: N/A
2025-06-18 21:11:12,478 - INFO - Extracted: Liadawn (IRE) - Position: 1st, Lost by: N/A, Jockey: Mr P W Mullins (claim: 0), Trainer: W P Mullins, Age: 5, Weight: 11-11, Rating: -
2025-06-18 21:11:12,478 - INFO - Successfully extracted 18/18 horse records from https://www.racingtv.com/results/2025-06-15/downpatrick/1720
2025-06-18 21:11:12,478 - INFO - :) First place horse found successfully
2025-06-18 21:11:12,478 - INFO - :) First place horse found successfully
2025-06-18 21:11:12,478 - INFO - :) First place horse found successfully
2025-06-18 21:11:12,478 - INFO - :) First place horse found successfully
2025-06-18 21:11:12,478 - INFO - :) First place horse found successfully
2025-06-18 21:11:12,478 - INFO - :) First place horse found successfully
2025-06-18 21:11:12,478 - INFO - :) First place horse found successfully
2025-06-18 21:11:12,478 - INFO - :) First place horse found successfully
2025-06-18 21:11:12,479 - INFO - :) First place horse found successfully
2025-06-18 21:11:12,479 - INFO - :) First place horse found successfully
2025-06-18 21:11:12,479 - INFO - :) First place horse found successfully
2025-06-18 21:11:12,479 - INFO - :) First place horse found successfully
2025-06-18 21:11:12,479 - INFO - :) First place horse found successfully
2025-06-18 21:11:12,479 - INFO - :) First place horse found successfully
2025-06-18 21:11:12,479 - INFO - :) First place horse found successfully
2025-06-18 21:11:12,479 - INFO - :) First place horse found successfully
2025-06-18 21:11:12,479 - INFO - :) First place horse found successfully
2025-06-18 21:11:12,479 - INFO - :) First place horse found successfully
2025-06-18 21:11:12,479 - INFO - :) First place horse found successfully
2025-06-18 21:11:12,479 - INFO - Successfully parsed 18 horse records from: https://www.racingtv.com/results/2025-06-15/downpatrick/1720
2025-06-18 21:11:12,480 - INFO - 
Batch 1 complete - URLs: Success: 14, Failed: 0, Horses extracted: 266
2025-06-18 21:11:12,488 - INFO - Batch 1 results saved to batch_horses_batch_0001_20250618_211112.csv
2025-06-18 21:11:12,489 - INFO - Progress saved: Batch 1/1 completed
2025-06-18 21:11:12,517 - INFO - Memory cleared after batch 1
2025-06-18 21:11:12,529 - INFO - Loaded 266 records from batch_horses_batch_0001_20250618_211112.csv
2025-06-18 21:11:12,532 - INFO - Combined 266 total records into daily_racing_data\irish_horses_2025-06-15.csv
