track_name,race_date,race_time,going,distance,horse_name,jockey,claims,trainer,race_position,lost_by_length,age,weight,rating,first_place_found,batch_number,url_index_in_batch
Kilbeggan Racing Results | 5th June 2022 14:10,N/A,14:10,Good To Yielding,2m 2f 59y,Prospect House (IRE),Kieran Callaghan,4,Jamie Albert Sloan,PU,N/A,4,11-7,-,True,2,1
Kilbeggan Racing Results | 5th June 2022 14:10,N/A,14:10,Good To Yielding,2m 2f 59y,Autumn Philtre (IRE),A. P. Kelly,4,Charles P. Keegan,PU,N/A,6,11-12p1,-,True,2,1
Kilbeggan Racing Results | 5th June 2022 14:10,N/A,14:10,Good To Yielding,2m 2f 59y,Aill Dubh (IRE),Philip Donovan,2,Michael Flannery,PU,N/A,5,11-12,-,True,2,1
Kilbeggan Racing Results | 5th June 2022 14:10,N/A,14:10,Good To Yielding,2m 2f 59y,Areyougoinforone (IRE),L. C. Kavanagh,4,Ray Hackett,PU,N/A,6,11-12h1,-,True,2,1
Kilbeggan Racing Results | 5th June 2022 14:10,N/A,14:10,Good To Yielding,2m 2f 59y,Itso Vango (IRE),J. P. O'Sullivan,0,Miss Elizabeth Doyle,PU,N/A,5,11-12,-,True,2,1
Kilbeggan Racing Results | 5th June 2022 14:10,N/A,14:10,Good To Yielding,2m 2f 59y,Wee Terry (IRE),Miss A. M. King,4,Mark McNiff,11th,97 l,4,11-7,-,True,2,1
Kilbeggan Racing Results | 5th June 2022 14:10,N/A,14:10,Good To Yielding,2m 2f 59y,Didnt Ask (IRE),Jack G. Gilligan,4,Paul John Gilligan,10th,8 l,5,11-12,-,True,2,1
Kilbeggan Racing Results | 5th June 2022 14:10,N/A,14:10,Good To Yielding,2m 2f 59y,Talkingthetalk (IRE),S. Fitzgerald,0,Leonard Whitmore,9th,13 l,5,11-5,-,True,2,1
Kilbeggan Racing Results | 5th June 2022 14:10,N/A,14:10,Good To Yielding,2m 2f 59y,Highlander Casseul (FR),B. P. Kennedy,4,J. G. Coogan,8th,8 l,5,11-12,-,True,2,1
Kilbeggan Racing Results | 5th June 2022 14:10,N/A,14:10,Good To Yielding,2m 2f 59y,The Grey Monty (FR),K. E. Buckley,2,John McConnell,7th,5 1/2 l,5,11-5t1,-,True,2,1
Kilbeggan Racing Results | 5th June 2022 14:10,N/A,14:10,Good To Yielding,2m 2f 59y,Latest Model (IRE),Shane Fenelon,4,John Joseph Hanlon,6th,Nose,5,11-5,-,True,2,1
Kilbeggan Racing Results | 5th June 2022 14:10,N/A,14:10,Good To Yielding,2m 2f 59y,Kilmurry Jj (IRE),A. M. McCurtin,0,Michael Barry,5th,2 1/4 l,5,11-12t,-,True,2,1
Kilbeggan Racing Results | 5th June 2022 14:10,N/A,14:10,Good To Yielding,2m 2f 59y,Butty O Brien (IRE),E. Walsh,0,Patrick Magee,4th,11 l,6,11-5,-,True,2,1
Kilbeggan Racing Results | 5th June 2022 14:10,N/A,14:10,Good To Yielding,2m 2f 59y,Call Her Now (IRE),S. O'Callaghan,4,Mrs Lorna Fowler,3rd,15 l,5,11-5h1,-,True,2,1
Kilbeggan Racing Results | 5th June 2022 14:10,N/A,14:10,Good To Yielding,2m 2f 59y,Scenic Look (IRE),D. P. Maxwell,4,Adrian Murray,2nd,11 l,4,11-0,-,True,2,1
Kilbeggan Racing Results | 5th June 2022 14:10,N/A,14:10,Good To Yielding,2m 2f 59y,The Gradual Slope (IRE),M. M. McDonagh,4,Sean O. O'Brien,1st,N/A,5,11-12,-,True,2,1
Kilbeggan Racing Results | 5th June 2022 14:10,N/A,14:10,Good To Yielding,2m 2f 59y,Prospect House (IRE),Kieran Callaghan,4,Jamie Albert Sloan,PU,N/A,4,11-7,-,True,2,1
Kilbeggan Racing Results | 5th June 2022 14:10,N/A,14:10,Good To Yielding,2m 2f 59y,Autumn Philtre (IRE),A. P. Kelly,4,Charles P. Keegan,PU,N/A,6,11-12p1,-,True,2,1
Kilbeggan Racing Results | 5th June 2022 14:10,N/A,14:10,Good To Yielding,2m 2f 59y,Aill Dubh (IRE),Philip Donovan,2,Michael Flannery,PU,N/A,5,11-12,-,True,2,1
Kilbeggan Racing Results | 5th June 2022 14:10,N/A,14:10,Good To Yielding,2m 2f 59y,Areyougoinforone (IRE),L. C. Kavanagh,4,Ray Hackett,PU,N/A,6,11-12h1,-,True,2,1
Kilbeggan Racing Results | 5th June 2022 14:10,N/A,14:10,Good To Yielding,2m 2f 59y,Itso Vango (IRE),J. P. O'Sullivan,0,Miss Elizabeth Doyle,PU,N/A,5,11-12,-,True,2,1
Kilbeggan Racing Results | 5th June 2022 14:10,N/A,14:10,Good To Yielding,2m 2f 59y,Wee Terry (IRE),Miss A. M. King,4,Mark McNiff,11th,97 l,4,11-7,-,True,2,1
Kilbeggan Racing Results | 5th June 2022 14:10,N/A,14:10,Good To Yielding,2m 2f 59y,Didnt Ask (IRE),Jack G. Gilligan,4,Paul John Gilligan,10th,8 l,5,11-12,-,True,2,1
Kilbeggan Racing Results | 5th June 2022 14:10,N/A,14:10,Good To Yielding,2m 2f 59y,Talkingthetalk (IRE),S. Fitzgerald,0,Leonard Whitmore,9th,13 l,5,11-5,-,True,2,1
Kilbeggan Racing Results | 5th June 2022 14:10,N/A,14:10,Good To Yielding,2m 2f 59y,Highlander Casseul (FR),B. P. Kennedy,4,J. G. Coogan,8th,8 l,5,11-12,-,True,2,1
Kilbeggan Racing Results | 5th June 2022 14:10,N/A,14:10,Good To Yielding,2m 2f 59y,The Grey Monty (FR),K. E. Buckley,2,John McConnell,7th,5 1/2 l,5,11-5t1,-,True,2,1
Kilbeggan Racing Results | 5th June 2022 14:10,N/A,14:10,Good To Yielding,2m 2f 59y,Latest Model (IRE),Shane Fenelon,4,John Joseph Hanlon,6th,Nose,5,11-5,-,True,2,1
Kilbeggan Racing Results | 5th June 2022 14:10,N/A,14:10,Good To Yielding,2m 2f 59y,Kilmurry Jj (IRE),A. M. McCurtin,0,Michael Barry,5th,2 1/4 l,5,11-12t,-,True,2,1
Kilbeggan Racing Results | 5th June 2022 14:10,N/A,14:10,Good To Yielding,2m 2f 59y,Butty O Brien (IRE),E. Walsh,0,Patrick Magee,4th,11 l,6,11-5,-,True,2,1
Kilbeggan Racing Results | 5th June 2022 14:10,N/A,14:10,Good To Yielding,2m 2f 59y,Call Her Now (IRE),S. O'Callaghan,4,Mrs Lorna Fowler,3rd,15 l,5,11-5h1,-,True,2,1
Kilbeggan Racing Results | 5th June 2022 14:10,N/A,14:10,Good To Yielding,2m 2f 59y,Scenic Look (IRE),D. P. Maxwell,4,Adrian Murray,2nd,11 l,4,11-0,-,True,2,1
Kilbeggan Racing Results | 5th June 2022 14:10,N/A,14:10,Good To Yielding,2m 2f 59y,The Gradual Slope (IRE),M. M. McDonagh,4,Sean O. O'Brien,1st,N/A,5,11-12,-,True,2,1
Kilbeggan Racing Results | 5th June 2022 14:45,N/A,14:45,Good To Yielding,3m 95y,Fairland (IRE),C. M. Quirke,7,Michael J. Bowe,6th,40 l,5,10-10,-,True,2,2
Kilbeggan Racing Results | 5th June 2022 14:45,N/A,14:45,Good To Yielding,3m 95y,Highland Sting (IRE),Donagh Meyler,0,John Patrick Ryan,5th,8 l,6,11-3,-,True,2,2
Kilbeggan Racing Results | 5th June 2022 14:45,N/A,14:45,Good To Yielding,3m 95y,Chiricahua (IRE),S. F. O'Keeffe,0,Paul Nolan,4th,1 l,5,11-10tp,-,True,2,2
Kilbeggan Racing Results | 5th June 2022 14:45,N/A,14:45,Good To Yielding,3m 95y,Level Neverending (IRE),J. W. Kennedy,0,Gordon Elliott,3rd,4 1/2 l,5,11-10p,-,True,2,2
Kilbeggan Racing Results | 5th June 2022 14:45,N/A,14:45,Good To Yielding,3m 95y,Rockanrye (IRE),M. M. McDonagh,0,Sean O. O'Brien,2nd,1/2 l,6,11-3,-,True,2,2
Kilbeggan Racing Results | 5th June 2022 14:45,N/A,14:45,Good To Yielding,3m 95y,He Fitz In (IRE),D. E. Mullins,0,D. E. Fitzgerald,1st,N/A,6,11-3p,-,True,2,2
Kilbeggan Racing Results | 5th June 2022 14:45,N/A,14:45,Good To Yielding,3m 95y,Fairland (IRE),C. M. Quirke,7,Michael J. Bowe,6th,40 l,5,10-10,-,True,2,2
Kilbeggan Racing Results | 5th June 2022 14:45,N/A,14:45,Good To Yielding,3m 95y,Highland Sting (IRE),Donagh Meyler,0,John Patrick Ryan,5th,8 l,6,11-3,-,True,2,2
Kilbeggan Racing Results | 5th June 2022 14:45,N/A,14:45,Good To Yielding,3m 95y,Chiricahua (IRE),S. F. O'Keeffe,0,Paul Nolan,4th,1 l,5,11-10tp,-,True,2,2
Kilbeggan Racing Results | 5th June 2022 14:45,N/A,14:45,Good To Yielding,3m 95y,Level Neverending (IRE),J. W. Kennedy,0,Gordon Elliott,3rd,4 1/2 l,5,11-10p,-,True,2,2
Kilbeggan Racing Results | 5th June 2022 14:45,N/A,14:45,Good To Yielding,3m 95y,Rockanrye (IRE),M. M. McDonagh,0,Sean O. O'Brien,2nd,1/2 l,6,11-3,-,True,2,2
Kilbeggan Racing Results | 5th June 2022 14:45,N/A,14:45,Good To Yielding,3m 95y,He Fitz In (IRE),D. E. Mullins,0,D. E. Fitzgerald,1st,N/A,6,11-3p,-,True,2,2
Kilbeggan Racing Results | 5th June 2022 15:20,N/A,15:20,Good To Yielding,3m 95y,Silverstrand (IRE),S. D. Torrens,0,John McConnell,PU,N/A,6,11-10t,88,True,2,3
Kilbeggan Racing Results | 5th June 2022 15:20,N/A,15:20,Good To Yielding,3m 95y,Major Jim (IRE),L. P. Dempsey,0,Shane Nolan,PU,N/A,9,11-2,80,True,2,3
Kilbeggan Racing Results | 5th June 2022 15:20,N/A,15:20,Good To Yielding,3m 95y,Toor Hawk (IRE),I. J. Power,0,Ms M. Flynn,F,N/A,8,11-10,88,True,2,3
Kilbeggan Racing Results | 5th June 2022 15:20,N/A,15:20,Good To Yielding,3m 95y,Rudy Catrail (IRE),Shane Fenelon,7,E. Sheehy,13th,4 1/2 l,11,11-12,90,True,2,3
Kilbeggan Racing Results | 5th June 2022 15:20,N/A,15:20,Good To Yielding,3m 95y,I Don't Get It (IRE),Gearoid Patrick Brouder,5,Neill McCluskey,12th,21 l,8,11-5,83,True,2,3
Kilbeggan Racing Results | 5th June 2022 15:20,N/A,15:20,Good To Yielding,3m 95y,Duffys Hodey (IRE),J. P. O'Sullivan,5,P. J. Rothwell,11th,6 1/2 l,5,11-8,86,True,2,3
Kilbeggan Racing Results | 5th June 2022 15:20,N/A,15:20,Good To Yielding,3m 95y,Porky Rush (IRE),Mr J. P. Kirwan,7,Ms M. Flynn,10th,1 1/2 l,7,11-7,85,True,2,3
Kilbeggan Racing Results | 5th June 2022 15:20,N/A,15:20,Good To Yielding,3m 95y,Chitchat Sally (IRE),S. F. O'Keeffe,0,Conor O'Keeffe,9th,1 1/2 l,6,11-5,83,True,2,3
Kilbeggan Racing Results | 5th June 2022 15:20,N/A,15:20,Good To Yielding,3m 95y,Homard De Chausey (FR),Richard Deegan,0,Paul Nolan,8th,16 l,5,11-11,89,True,2,3
Kilbeggan Racing Results | 5th June 2022 15:20,N/A,15:20,Good To Yielding,3m 95y,Chief Seattle (IRE),J. P. Shinnick,7,John Patrick Ryan,7th,3/4 l,7,11-5,83,True,2,3
Kilbeggan Racing Results | 5th June 2022 15:20,N/A,15:20,Good To Yielding,3m 95y,Back The West (IRE),D. E. Mullins,0,I. Madden,6th,3 3/4 l,7,11-7t,85,True,2,3
Kilbeggan Racing Results | 5th June 2022 15:20,N/A,15:20,Good To Yielding,3m 95y,Dicey Rylee (IRE),Keith Donoghue,0,Mrs Gillian Callaghan,5th,10 l,6,11-9t,87,True,2,3
Kilbeggan Racing Results | 5th June 2022 15:20,N/A,15:20,Good To Yielding,3m 95y,King's War (IRE),M. F. Mooney,0,Mrs Ann Mooney,4th,Head,13,11-2t,80,True,2,3
Kilbeggan Racing Results | 5th June 2022 15:20,N/A,15:20,Good To Yielding,3m 95y,Whatsstoppingyou (IRE),B. J. Cooper,0,Ray Hackett,3rd,Neck,6,11-9,87,True,2,3
Kilbeggan Racing Results | 5th June 2022 15:20,N/A,15:20,Good To Yielding,3m 95y,Rosy Story (IRE),R. A. Doyle,0,P. Tobin,2nd,3/4 l,9,11-6tp,84,True,2,3
Kilbeggan Racing Results | 5th June 2022 15:20,N/A,15:20,Good To Yielding,3m 95y,Killinure Lass (IRE),J. J. Slevin,0,Brian M. McMahon,1st,N/A,5,11-10,88,True,2,3
Kilbeggan Racing Results | 5th June 2022 15:20,N/A,15:20,Good To Yielding,3m 95y,Silverstrand (IRE),S. D. Torrens,0,John McConnell,PU,N/A,6,11-10t,88,True,2,3
Kilbeggan Racing Results | 5th June 2022 15:20,N/A,15:20,Good To Yielding,3m 95y,Major Jim (IRE),L. P. Dempsey,0,Shane Nolan,PU,N/A,9,11-2,80,True,2,3
Kilbeggan Racing Results | 5th June 2022 15:20,N/A,15:20,Good To Yielding,3m 95y,Toor Hawk (IRE),I. J. Power,0,Ms M. Flynn,F,N/A,8,11-10,88,True,2,3
Kilbeggan Racing Results | 5th June 2022 15:20,N/A,15:20,Good To Yielding,3m 95y,Rudy Catrail (IRE),Shane Fenelon,7,E. Sheehy,13th,4 1/2 l,11,11-12,90,True,2,3
Kilbeggan Racing Results | 5th June 2022 15:20,N/A,15:20,Good To Yielding,3m 95y,I Don't Get It (IRE),Gearoid Patrick Brouder,5,Neill McCluskey,12th,21 l,8,11-5,83,True,2,3
Kilbeggan Racing Results | 5th June 2022 15:20,N/A,15:20,Good To Yielding,3m 95y,Duffys Hodey (IRE),J. P. O'Sullivan,5,P. J. Rothwell,11th,6 1/2 l,5,11-8,86,True,2,3
Kilbeggan Racing Results | 5th June 2022 15:20,N/A,15:20,Good To Yielding,3m 95y,Porky Rush (IRE),Mr J. P. Kirwan,7,Ms M. Flynn,10th,1 1/2 l,7,11-7,85,True,2,3
Kilbeggan Racing Results | 5th June 2022 15:20,N/A,15:20,Good To Yielding,3m 95y,Chitchat Sally (IRE),S. F. O'Keeffe,0,Conor O'Keeffe,9th,1 1/2 l,6,11-5,83,True,2,3
Kilbeggan Racing Results | 5th June 2022 15:20,N/A,15:20,Good To Yielding,3m 95y,Homard De Chausey (FR),Richard Deegan,0,Paul Nolan,8th,16 l,5,11-11,89,True,2,3
Kilbeggan Racing Results | 5th June 2022 15:20,N/A,15:20,Good To Yielding,3m 95y,Chief Seattle (IRE),J. P. Shinnick,7,John Patrick Ryan,7th,3/4 l,7,11-5,83,True,2,3
Kilbeggan Racing Results | 5th June 2022 15:20,N/A,15:20,Good To Yielding,3m 95y,Back The West (IRE),D. E. Mullins,0,I. Madden,6th,3 3/4 l,7,11-7t,85,True,2,3
Kilbeggan Racing Results | 5th June 2022 15:20,N/A,15:20,Good To Yielding,3m 95y,Dicey Rylee (IRE),Keith Donoghue,0,Mrs Gillian Callaghan,5th,10 l,6,11-9t,87,True,2,3
Kilbeggan Racing Results | 5th June 2022 15:20,N/A,15:20,Good To Yielding,3m 95y,King's War (IRE),M. F. Mooney,0,Mrs Ann Mooney,4th,Head,13,11-2t,80,True,2,3
Kilbeggan Racing Results | 5th June 2022 15:20,N/A,15:20,Good To Yielding,3m 95y,Whatsstoppingyou (IRE),B. J. Cooper,0,Ray Hackett,3rd,Neck,6,11-9,87,True,2,3
Kilbeggan Racing Results | 5th June 2022 15:20,N/A,15:20,Good To Yielding,3m 95y,Rosy Story (IRE),R. A. Doyle,0,P. Tobin,2nd,3/4 l,9,11-6tp,84,True,2,3
Kilbeggan Racing Results | 5th June 2022 15:20,N/A,15:20,Good To Yielding,3m 95y,Killinure Lass (IRE),J. J. Slevin,0,Brian M. McMahon,1st,N/A,5,11-10,88,True,2,3
Kilbeggan Racing Results | 5th June 2022 15:55,N/A,15:55,Good To Yielding,2m,Millyinthemiddle (IRE),Donagh Meyler,0,Emmet Mullins,PU,N/A,7,11-11,99,True,2,4
Kilbeggan Racing Results | 5th June 2022 15:55,N/A,15:55,Good To Yielding,2m,Always Enchanting,Fergus Gillard,3,E. J. O'Grady,13th,6 1/2 l,5,11-7,95,True,2,4
Kilbeggan Racing Results | 5th June 2022 15:55,N/A,15:55,Good To Yielding,2m,Profound (IRE),Derek Thomas McGrath,7,J. Morrison,12th,1 l,7,11-6,94,True,2,4
Kilbeggan Racing Results | 5th June 2022 15:55,N/A,15:55,Good To Yielding,2m,Tim Rocco (GER),Jordan Colin Gainford,0,Peter Fahey,11th,Head,10,10-13,87,True,2,4
Kilbeggan Racing Results | 5th June 2022 15:55,N/A,15:55,Good To Yielding,2m,Jakie Mac (IRE),D. E. Mullins,0,Damian Murphy,10th,1 l,6,11-121,100,True,2,4
Kilbeggan Racing Results | 5th June 2022 15:55,N/A,15:55,Good To Yielding,2m,Helios Smart (FR),Sean Flanagan,0,Barry Connell,9th,3/4 l,5,11-7,95,True,2,4
Kilbeggan Racing Results | 5th June 2022 15:55,N/A,15:55,Good To Yielding,2m,For the Cause (IRE),S. D. Torrens,0,John McConnell,8th,Neck,7,11-5t1,93,True,2,4
Kilbeggan Racing Results | 5th June 2022 15:55,N/A,15:55,Good To Yielding,2m,Longhouse Force (IRE),D. J. O'Keeffe,0,Brian M. McMahon,7th,3 3/4 l,5,11-5,93,True,2,4
Kilbeggan Racing Results | 5th June 2022 15:55,N/A,15:55,Good To Yielding,2m,Berliet Express (IRE),J. P. O'Sullivan,5,P. J. Rothwell,6th,1 1/2 l,6,11-0t,88,True,2,4
Kilbeggan Racing Results | 5th June 2022 15:55,N/A,15:55,Good To Yielding,2m,Dixon Line,S. O'Callaghan,7,Adrian Sexton,5th,Head,4,11-7,100,True,2,4
Kilbeggan Racing Results | 5th June 2022 15:55,N/A,15:55,Good To Yielding,2m,Tullypole Annie (IRE),J. W. Kennedy,0,Peter John Flood,4th,3 1/2 l,4,11-4,97,True,2,4
Kilbeggan Racing Results | 5th June 2022 15:55,N/A,15:55,Good To Yielding,2m,Makfils (FR),Rachael Blackmore,0,Henry de Bromhead,3rd,1 1/4 l,5,11-9t,97,True,2,4
Kilbeggan Racing Results | 5th June 2022 15:55,N/A,15:55,Good To Yielding,2m,Run Like Fada (IRE),G. B. Noonan,7,Eoin Christopher McCarthy,2nd,8 l,5,11-11,99,True,2,4
Kilbeggan Racing Results | 5th June 2022 15:55,N/A,15:55,Good To Yielding,2m,Darkened (IRE),J. J. Slevin,0,Denis Hogan,1st,N/A,6,11-13tb,101,True,2,4
Kilbeggan Racing Results | 5th June 2022 15:55,N/A,15:55,Good To Yielding,2m,Millyinthemiddle (IRE),Donagh Meyler,0,Emmet Mullins,PU,N/A,7,11-11,99,True,2,4
Kilbeggan Racing Results | 5th June 2022 15:55,N/A,15:55,Good To Yielding,2m,Always Enchanting,Fergus Gillard,3,E. J. O'Grady,13th,6 1/2 l,5,11-7,95,True,2,4
Kilbeggan Racing Results | 5th June 2022 15:55,N/A,15:55,Good To Yielding,2m,Profound (IRE),Derek Thomas McGrath,7,J. Morrison,12th,1 l,7,11-6,94,True,2,4
Kilbeggan Racing Results | 5th June 2022 15:55,N/A,15:55,Good To Yielding,2m,Tim Rocco (GER),Jordan Colin Gainford,0,Peter Fahey,11th,Head,10,10-13,87,True,2,4
Kilbeggan Racing Results | 5th June 2022 15:55,N/A,15:55,Good To Yielding,2m,Jakie Mac (IRE),D. E. Mullins,0,Damian Murphy,10th,1 l,6,11-121,100,True,2,4
Kilbeggan Racing Results | 5th June 2022 15:55,N/A,15:55,Good To Yielding,2m,Helios Smart (FR),Sean Flanagan,0,Barry Connell,9th,3/4 l,5,11-7,95,True,2,4
Kilbeggan Racing Results | 5th June 2022 15:55,N/A,15:55,Good To Yielding,2m,For the Cause (IRE),S. D. Torrens,0,John McConnell,8th,Neck,7,11-5t1,93,True,2,4
Kilbeggan Racing Results | 5th June 2022 15:55,N/A,15:55,Good To Yielding,2m,Longhouse Force (IRE),D. J. O'Keeffe,0,Brian M. McMahon,7th,3 3/4 l,5,11-5,93,True,2,4
Kilbeggan Racing Results | 5th June 2022 15:55,N/A,15:55,Good To Yielding,2m,Berliet Express (IRE),J. P. O'Sullivan,5,P. J. Rothwell,6th,1 1/2 l,6,11-0t,88,True,2,4
Kilbeggan Racing Results | 5th June 2022 15:55,N/A,15:55,Good To Yielding,2m,Dixon Line,S. O'Callaghan,7,Adrian Sexton,5th,Head,4,11-7,100,True,2,4
Kilbeggan Racing Results | 5th June 2022 15:55,N/A,15:55,Good To Yielding,2m,Tullypole Annie (IRE),J. W. Kennedy,0,Peter John Flood,4th,3 1/2 l,4,11-4,97,True,2,4
Kilbeggan Racing Results | 5th June 2022 15:55,N/A,15:55,Good To Yielding,2m,Makfils (FR),Rachael Blackmore,0,Henry de Bromhead,3rd,1 1/4 l,5,11-9t,97,True,2,4
Kilbeggan Racing Results | 5th June 2022 15:55,N/A,15:55,Good To Yielding,2m,Run Like Fada (IRE),G. B. Noonan,7,Eoin Christopher McCarthy,2nd,8 l,5,11-11,99,True,2,4
Kilbeggan Racing Results | 5th June 2022 15:55,N/A,15:55,Good To Yielding,2m,Darkened (IRE),J. J. Slevin,0,Denis Hogan,1st,N/A,6,11-13tb,101,True,2,4
Kilbeggan Racing Results | 5th June 2022 16:25,N/A,16:25,Good To Yielding,2m 3f 200y,Watch House Cross (IRE),Rachael Blackmore,0,Henry de Bromhead,PU,N/A,5,11-12t,-,True,2,5
Kilbeggan Racing Results | 5th June 2022 16:25,N/A,16:25,Good To Yielding,2m 3f 200y,Act of God,Phillip Enright,0,E. J. O'Grady,F,N/A,7,11-12,-,True,2,5
Kilbeggan Racing Results | 5th June 2022 16:25,N/A,16:25,Good To Yielding,2m 3f 200y,Evies Vladimir (IRE),Keith Donoghue,0,Gavin Patrick Cromwell,BD,N/A,5,11-12,-,True,2,5
Kilbeggan Racing Results | 5th June 2022 16:25,N/A,16:25,Good To Yielding,2m 3f 200y,Hammersmith (IRE),Jack Foley,0,James A. Nash,3rd,3 3/4 l,6,11-12tp,-,True,2,5
Kilbeggan Racing Results | 5th June 2022 16:25,N/A,16:25,Good To Yielding,2m 3f 200y,Custers Mistake (IRE),I. J. Power,0,Mark McNiff,2nd,44 l,5,11-12t,-,True,2,5
Kilbeggan Racing Results | 5th June 2022 16:25,N/A,16:25,Good To Yielding,2m 3f 200y,Call Me Lyreen (IRE),J. W. Kennedy,0,Gordon Elliott,1st,N/A,6,11-12,-,True,2,5
Kilbeggan Racing Results | 5th June 2022 16:25,N/A,16:25,Good To Yielding,2m 3f 200y,Watch House Cross (IRE),Rachael Blackmore,0,Henry de Bromhead,PU,N/A,5,11-12t,-,True,2,5
Kilbeggan Racing Results | 5th June 2022 16:25,N/A,16:25,Good To Yielding,2m 3f 200y,Act of God,Phillip Enright,0,E. J. O'Grady,F,N/A,7,11-12,-,True,2,5
Kilbeggan Racing Results | 5th June 2022 16:25,N/A,16:25,Good To Yielding,2m 3f 200y,Evies Vladimir (IRE),Keith Donoghue,0,Gavin Patrick Cromwell,BD,N/A,5,11-12,-,True,2,5
Kilbeggan Racing Results | 5th June 2022 16:25,N/A,16:25,Good To Yielding,2m 3f 200y,Hammersmith (IRE),Jack Foley,0,James A. Nash,3rd,3 3/4 l,6,11-12tp,-,True,2,5
Kilbeggan Racing Results | 5th June 2022 16:25,N/A,16:25,Good To Yielding,2m 3f 200y,Custers Mistake (IRE),I. J. Power,0,Mark McNiff,2nd,44 l,5,11-12t,-,True,2,5
Kilbeggan Racing Results | 5th June 2022 16:25,N/A,16:25,Good To Yielding,2m 3f 200y,Call Me Lyreen (IRE),J. W. Kennedy,0,Gordon Elliott,1st,N/A,6,11-12,-,True,2,5
Kilbeggan Racing Results | 5th June 2022 16:55,N/A,16:55,Good To Yielding,2m 3f 200y,Presenting Bonnie (IRE),D. E. Mullins,0,John Patrick Ryan,9th,48 l,7,11-4,110,True,2,6
Kilbeggan Racing Results | 5th June 2022 16:55,N/A,16:55,Good To Yielding,2m 3f 200y,Hoke Colburn (IRE),Phillip Enright,0,Brian M. McMahon,8th,2 l,10,11-6,112,True,2,6
Kilbeggan Racing Results | 5th June 2022 16:55,N/A,16:55,Good To Yielding,2m 3f 200y,Filon D'oudairies (FR),M. P. Walsh,0,J. P. Broderick,7th,4 1/2 l,7,11-3,109,True,2,6
Kilbeggan Racing Results | 5th June 2022 16:55,N/A,16:55,Good To Yielding,2m 3f 200y,Weihnachts (IRE),S. D. Torrens,0,P. J. Rothwell,6th,9 1/2 l,8,11-11tp,117,True,2,6
Kilbeggan Racing Results | 5th June 2022 16:55,N/A,16:55,Good To Yielding,2m 3f 200y,My Manekineko,Jack Foley,0,James A. Nash,5th,Neck,13,11-8,114,True,2,6
Kilbeggan Racing Results | 5th June 2022 16:55,N/A,16:55,Good To Yielding,2m 3f 200y,Turbo (IRE),K. C. Sexton,0,J. R. Finn,4th,9 l,9,11-6t,112,True,2,6
Kilbeggan Racing Results | 5th June 2022 16:55,N/A,16:55,Good To Yielding,2m 3f 200y,Presenting Point (IRE),D. J. O'Keeffe,0,Eoghan O'Grady,3rd,5 l,8,11-4b,110,True,2,6
Kilbeggan Racing Results | 5th June 2022 16:55,N/A,16:55,Good To Yielding,2m 3f 200y,Grangeclare Native (IRE),L. P. Dempsey,0,Oliver McKiernan,2nd,5 1/2 l,7,11-0tb,106,True,2,6
Kilbeggan Racing Results | 5th June 2022 16:55,N/A,16:55,Good To Yielding,2m 3f 200y,Jack Hackett (IRE),M. M. McDonagh,0,Ciaran Murphy,1st,N/A,8,12-0v1,120,True,2,6
Kilbeggan Racing Results | 5th June 2022 16:55,N/A,16:55,Good To Yielding,2m 3f 200y,Presenting Bonnie (IRE),D. E. Mullins,0,John Patrick Ryan,9th,48 l,7,11-4,110,True,2,6
Kilbeggan Racing Results | 5th June 2022 16:55,N/A,16:55,Good To Yielding,2m 3f 200y,Hoke Colburn (IRE),Phillip Enright,0,Brian M. McMahon,8th,2 l,10,11-6,112,True,2,6
Kilbeggan Racing Results | 5th June 2022 16:55,N/A,16:55,Good To Yielding,2m 3f 200y,Filon D'oudairies (FR),M. P. Walsh,0,J. P. Broderick,7th,4 1/2 l,7,11-3,109,True,2,6
Kilbeggan Racing Results | 5th June 2022 16:55,N/A,16:55,Good To Yielding,2m 3f 200y,Weihnachts (IRE),S. D. Torrens,0,P. J. Rothwell,6th,9 1/2 l,8,11-11tp,117,True,2,6
Kilbeggan Racing Results | 5th June 2022 16:55,N/A,16:55,Good To Yielding,2m 3f 200y,My Manekineko,Jack Foley,0,James A. Nash,5th,Neck,13,11-8,114,True,2,6
Kilbeggan Racing Results | 5th June 2022 16:55,N/A,16:55,Good To Yielding,2m 3f 200y,Turbo (IRE),K. C. Sexton,0,J. R. Finn,4th,9 l,9,11-6t,112,True,2,6
Kilbeggan Racing Results | 5th June 2022 16:55,N/A,16:55,Good To Yielding,2m 3f 200y,Presenting Point (IRE),D. J. O'Keeffe,0,Eoghan O'Grady,3rd,5 l,8,11-4b,110,True,2,6
Kilbeggan Racing Results | 5th June 2022 16:55,N/A,16:55,Good To Yielding,2m 3f 200y,Grangeclare Native (IRE),L. P. Dempsey,0,Oliver McKiernan,2nd,5 1/2 l,7,11-0tb,106,True,2,6
Kilbeggan Racing Results | 5th June 2022 16:55,N/A,16:55,Good To Yielding,2m 3f 200y,Jack Hackett (IRE),M. M. McDonagh,0,Ciaran Murphy,1st,N/A,8,12-0v1,120,True,2,6
Kilbeggan Racing Results | 5th June 2022 17:25,N/A,17:25,Good To Yielding  Flat (Turf),2m,Fairy Tree (IRE),Mr J. Kelly Smith,7,Matthew J. Smith,9th,4 l,5,11-7,-,True,2,7
Kilbeggan Racing Results | 5th June 2022 17:25,N/A,17:25,Good To Yielding  Flat (Turf),2m,Kalsman (IRE),Thomas Reilly,7,Liam Lennon,8th,8 1/2 l,4,11-9,-,True,2,7
Kilbeggan Racing Results | 5th June 2022 17:25,N/A,17:25,Good To Yielding  Flat (Turf),2m,Pimp Our Green (IRE),Mr H. D. Dunne,5,L. Byrne,7th,32 l,5,12-0p1,-,True,2,7
Kilbeggan Racing Results | 5th June 2022 17:25,N/A,17:25,Good To Yielding  Flat (Turf),2m,Silas Marner (IRE),Mr Pat Taaffe,7,Charles O'Brien,6th,10 l,5,12-0,-,True,2,7
Kilbeggan Racing Results | 5th June 2022 17:25,N/A,17:25,Good To Yielding  Flat (Turf),2m,Val the Man (IRE),Mr J. C. Barry,3,Cian Michael Collins,5th,16 l,5,12-0,-,True,2,7
Kilbeggan Racing Results | 5th June 2022 17:25,N/A,17:25,Good To Yielding  Flat (Turf),2m,Innellan Shore (FR),Mr H. C. Swan,7,Gordon Elliott,4th,9 l,4,11-9,-,True,2,7
Kilbeggan Racing Results | 5th June 2022 17:25,N/A,17:25,Good To Yielding  Flat (Turf),2m,Gaudriole (FR),Kevin A. Murphy,7,Nigel Slevin,3rd,16 l,6,11-7,-,True,2,7
Kilbeggan Racing Results | 5th June 2022 17:25,N/A,17:25,Good To Yielding  Flat (Turf),2m,Down Around (IRE),Mr T. Power Roche,7,N. Dooly,2nd,14 l,5,12-0,-,True,2,7
Kilbeggan Racing Results | 5th June 2022 17:25,N/A,17:25,Good To Yielding  Flat (Turf),2m,Uncle Phil (IRE),Miss J. Townend,5,W. P. Mullins,1st,N/A,5,12-0t,-,True,2,7
Kilbeggan Racing Results | 5th June 2022 17:25,N/A,17:25,Good To Yielding  Flat (Turf),2m,Fairy Tree (IRE),Mr J. Kelly Smith,7,Matthew J. Smith,9th,4 l,5,11-7,-,True,2,7
Kilbeggan Racing Results | 5th June 2022 17:25,N/A,17:25,Good To Yielding  Flat (Turf),2m,Kalsman (IRE),Thomas Reilly,7,Liam Lennon,8th,8 1/2 l,4,11-9,-,True,2,7
Kilbeggan Racing Results | 5th June 2022 17:25,N/A,17:25,Good To Yielding  Flat (Turf),2m,Pimp Our Green (IRE),Mr H. D. Dunne,5,L. Byrne,7th,32 l,5,12-0p1,-,True,2,7
Kilbeggan Racing Results | 5th June 2022 17:25,N/A,17:25,Good To Yielding  Flat (Turf),2m,Silas Marner (IRE),Mr Pat Taaffe,7,Charles O'Brien,6th,10 l,5,12-0,-,True,2,7
Kilbeggan Racing Results | 5th June 2022 17:25,N/A,17:25,Good To Yielding  Flat (Turf),2m,Val the Man (IRE),Mr J. C. Barry,3,Cian Michael Collins,5th,16 l,5,12-0,-,True,2,7
Kilbeggan Racing Results | 5th June 2022 17:25,N/A,17:25,Good To Yielding  Flat (Turf),2m,Innellan Shore (FR),Mr H. C. Swan,7,Gordon Elliott,4th,9 l,4,11-9,-,True,2,7
Kilbeggan Racing Results | 5th June 2022 17:25,N/A,17:25,Good To Yielding  Flat (Turf),2m,Gaudriole (FR),Kevin A. Murphy,7,Nigel Slevin,3rd,16 l,6,11-7,-,True,2,7
Kilbeggan Racing Results | 5th June 2022 17:25,N/A,17:25,Good To Yielding  Flat (Turf),2m,Down Around (IRE),Mr T. Power Roche,7,N. Dooly,2nd,14 l,5,12-0,-,True,2,7
Kilbeggan Racing Results | 5th June 2022 17:25,N/A,17:25,Good To Yielding  Flat (Turf),2m,Uncle Phil (IRE),Miss J. Townend,5,W. P. Mullins,1st,N/A,5,12-0t,-,True,2,7
Gowran Park Racing Results | 6th June 2022 13:45,N/A,13:45,Yielding (Yielding To Soft In Places),7f,Hastily,K. J. Leonard,0,Tom McGuinness,10th,4 3/4 l,3,9-3,-,True,2,8
Gowran Park Racing Results | 6th June 2022 13:45,N/A,13:45,Yielding (Yielding To Soft In Places),7f,Lex Maxima (IRE),D. W. O'Connor,0,John McConnell,9th,3 3/4 l,3,9-8,-,True,2,8
Gowran Park Racing Results | 6th June 2022 13:45,N/A,13:45,Yielding (Yielding To Soft In Places),7f,Grant Wood (IRE),S. B. Kelly,0,John Patrick Murtagh,8th,3 1/2 l,3,9-8,-,True,2,8
Gowran Park Racing Results | 6th June 2022 13:45,N/A,13:45,Yielding (Yielding To Soft In Places),7f,Vernotstoppen (IRE),C. D. Hayes,0,Eddie & Patrick Harty,7th,Head,3,9-8,-,True,2,8
Gowran Park Racing Results | 6th June 2022 13:45,N/A,13:45,Yielding (Yielding To Soft In Places),7f,Merida Pulse (IRE),L. T. McAteer,3,Anthony McCann,6th,Short Head,3,9-3,-,True,2,8
Gowran Park Racing Results | 6th June 2022 13:45,N/A,13:45,Yielding (Yielding To Soft In Places),7f,Gran Roque (IRE),J. Coen,7,Adrian Murray,5th,1/2 l,3,9-3,-,True,2,8
Gowran Park Racing Results | 6th June 2022 13:45,N/A,13:45,Yielding (Yielding To Soft In Places),7f,Deuteronomy (IRE),S. M. Crosse,0,R. P. Burns,4th,7 l,3,9-8,-,True,2,8
Gowran Park Racing Results | 6th June 2022 13:45,N/A,13:45,Yielding (Yielding To Soft In Places),7f,Coreman (IRE),G. M. Ryan,0,P. J. F. Murphy,3rd,1 3/4 l,3,9-8,-,True,2,8
Gowran Park Racing Results | 6th June 2022 13:45,N/A,13:45,Yielding (Yielding To Soft In Places),7f,Fiddlers Green (IRE),N. G. McCullagh,0,John Joseph Murphy,2nd,3 1/4 l,3,9-8,-,True,2,8
Gowran Park Racing Results | 6th June 2022 13:45,N/A,13:45,Yielding (Yielding To Soft In Places),7f,Culcor,C. T. Keane,0,G. M. Lyons,1st,N/A,3,9-8b,-,True,2,8
Gowran Park Racing Results | 6th June 2022 13:45,N/A,13:45,Yielding (Yielding To Soft In Places),7f,Hastily,K. J. Leonard,0,Tom McGuinness,10th,4 3/4 l,3,9-3,-,True,2,8
Gowran Park Racing Results | 6th June 2022 13:45,N/A,13:45,Yielding (Yielding To Soft In Places),7f,Lex Maxima (IRE),D. W. O'Connor,0,John McConnell,9th,3 3/4 l,3,9-8,-,True,2,8
Gowran Park Racing Results | 6th June 2022 13:45,N/A,13:45,Yielding (Yielding To Soft In Places),7f,Grant Wood (IRE),S. B. Kelly,0,John Patrick Murtagh,8th,3 1/2 l,3,9-8,-,True,2,8
Gowran Park Racing Results | 6th June 2022 13:45,N/A,13:45,Yielding (Yielding To Soft In Places),7f,Vernotstoppen (IRE),C. D. Hayes,0,Eddie & Patrick Harty,7th,Head,3,9-8,-,True,2,8
Gowran Park Racing Results | 6th June 2022 13:45,N/A,13:45,Yielding (Yielding To Soft In Places),7f,Merida Pulse (IRE),L. T. McAteer,3,Anthony McCann,6th,Short Head,3,9-3,-,True,2,8
Gowran Park Racing Results | 6th June 2022 13:45,N/A,13:45,Yielding (Yielding To Soft In Places),7f,Gran Roque (IRE),J. Coen,7,Adrian Murray,5th,1/2 l,3,9-3,-,True,2,8
Gowran Park Racing Results | 6th June 2022 13:45,N/A,13:45,Yielding (Yielding To Soft In Places),7f,Deuteronomy (IRE),S. M. Crosse,0,R. P. Burns,4th,7 l,3,9-8,-,True,2,8
Gowran Park Racing Results | 6th June 2022 13:45,N/A,13:45,Yielding (Yielding To Soft In Places),7f,Coreman (IRE),G. M. Ryan,0,P. J. F. Murphy,3rd,1 3/4 l,3,9-8,-,True,2,8
Gowran Park Racing Results | 6th June 2022 13:45,N/A,13:45,Yielding (Yielding To Soft In Places),7f,Fiddlers Green (IRE),N. G. McCullagh,0,John Joseph Murphy,2nd,3 1/4 l,3,9-8,-,True,2,8
Gowran Park Racing Results | 6th June 2022 13:45,N/A,13:45,Yielding (Yielding To Soft In Places),7f,Culcor,C. T. Keane,0,G. M. Lyons,1st,N/A,3,9-8b,-,True,2,8
Gowran Park Racing Results | 6th June 2022 14:20,N/A,14:20,Yielding (Yielding To Soft In Places),7f,Dilawara (FR),D. B. McMonagle,0,V. C. Ward,13th,4 l,5,9-5,87,True,2,9
Gowran Park Racing Results | 6th June 2022 14:20,N/A,14:20,Yielding (Yielding To Soft In Places),7f,Bucky Larson (IRE),C. T. Keane,0,G. M. Lyons,12th,3 3/4 l,7,9-8,90,True,2,9
Gowran Park Racing Results | 6th June 2022 14:20,N/A,14:20,Yielding (Yielding To Soft In Places),7f,Timourid (IRE),L. T. McAteer,3,Paul W. Flynn,11th,1 l,5,9-5t,87,True,2,9
Gowran Park Racing Results | 6th June 2022 14:20,N/A,14:20,Yielding (Yielding To Soft In Places),7f,Laughifuwant (IRE),S. P. Bird,10,Gerard Keane,10th,1 1/4 l,7,9-13,95,True,2,9
Gowran Park Racing Results | 6th June 2022 14:20,N/A,14:20,Yielding (Yielding To Soft In Places),7f,Yermanthere (IRE),G. M. Ryan,0,Patrick T. Foley,9th,1 1/4 l,4,9-8,90,True,2,9
Gowran Park Racing Results | 6th June 2022 14:20,N/A,14:20,Yielding (Yielding To Soft In Places),7f,Laugh A Minute,Adam Caffrey,10,Adrian McGuinness,8th,1 1/4 l,7,10-0,96,True,2,9
Gowran Park Racing Results | 6th June 2022 14:20,N/A,14:20,Yielding (Yielding To Soft In Places),7f,Marbling,G. F. Carroll,0,G. M. Lyons,7th,Neck,5,9-11,93,True,2,9
Gowran Park Racing Results | 6th June 2022 14:20,N/A,14:20,Yielding (Yielding To Soft In Places),7f,Riot (IRE),S. B. Kelly,0,John Patrick Murtagh,6th,1 1/4 l,5,9-6,88,True,2,9
Gowran Park Racing Results | 6th June 2022 14:20,N/A,14:20,Yielding (Yielding To Soft In Places),7f,Soaring Monarch (IRE),C. D. Hayes,0,Peter Fahey,5th,1/2 l,5,9-3,85,True,2,9
Gowran Park Racing Results | 6th June 2022 14:20,N/A,14:20,Yielding (Yielding To Soft In Places),7f,Surrounding (IRE),R. P. Whelan,0,M. Halford,4th,1 l,9,9-13t,95,True,2,9
Gowran Park Racing Results | 6th June 2022 14:20,N/A,14:20,Yielding (Yielding To Soft In Places),7f,Punk Poet (IRE),Declan McDonogh,0,Edward Lynam,3rd,Head,5,9-3t,85,True,2,9
Gowran Park Racing Results | 6th June 2022 14:20,N/A,14:20,Yielding (Yielding To Soft In Places),7f,All Lies Ahead (IRE),William James Lee,0,W. McCreery,2nd,1 3/4 l,4,8-12,80,True,2,9
Gowran Park Racing Results | 6th June 2022 14:20,N/A,14:20,Yielding (Yielding To Soft In Places),7f,Spanish Tenor (IRE),C. J. MacRedmond,5,Adrian McGuinness,1st,N/A,8,9-10,92,True,2,9
Gowran Park Racing Results | 6th June 2022 14:20,N/A,14:20,Yielding (Yielding To Soft In Places),7f,Dilawara (FR),D. B. McMonagle,0,V. C. Ward,13th,4 l,5,9-5,87,True,2,9
Gowran Park Racing Results | 6th June 2022 14:20,N/A,14:20,Yielding (Yielding To Soft In Places),7f,Bucky Larson (IRE),C. T. Keane,0,G. M. Lyons,12th,3 3/4 l,7,9-8,90,True,2,9
Gowran Park Racing Results | 6th June 2022 14:20,N/A,14:20,Yielding (Yielding To Soft In Places),7f,Timourid (IRE),L. T. McAteer,3,Paul W. Flynn,11th,1 l,5,9-5t,87,True,2,9
Gowran Park Racing Results | 6th June 2022 14:20,N/A,14:20,Yielding (Yielding To Soft In Places),7f,Laughifuwant (IRE),S. P. Bird,10,Gerard Keane,10th,1 1/4 l,7,9-13,95,True,2,9
Gowran Park Racing Results | 6th June 2022 14:20,N/A,14:20,Yielding (Yielding To Soft In Places),7f,Yermanthere (IRE),G. M. Ryan,0,Patrick T. Foley,9th,1 1/4 l,4,9-8,90,True,2,9
Gowran Park Racing Results | 6th June 2022 14:20,N/A,14:20,Yielding (Yielding To Soft In Places),7f,Laugh A Minute,Adam Caffrey,10,Adrian McGuinness,8th,1 1/4 l,7,10-0,96,True,2,9
Gowran Park Racing Results | 6th June 2022 14:20,N/A,14:20,Yielding (Yielding To Soft In Places),7f,Marbling,G. F. Carroll,0,G. M. Lyons,7th,Neck,5,9-11,93,True,2,9
Gowran Park Racing Results | 6th June 2022 14:20,N/A,14:20,Yielding (Yielding To Soft In Places),7f,Riot (IRE),S. B. Kelly,0,John Patrick Murtagh,6th,1 1/4 l,5,9-6,88,True,2,9
Gowran Park Racing Results | 6th June 2022 14:20,N/A,14:20,Yielding (Yielding To Soft In Places),7f,Soaring Monarch (IRE),C. D. Hayes,0,Peter Fahey,5th,1/2 l,5,9-3,85,True,2,9
Gowran Park Racing Results | 6th June 2022 14:20,N/A,14:20,Yielding (Yielding To Soft In Places),7f,Surrounding (IRE),R. P. Whelan,0,M. Halford,4th,1 l,9,9-13t,95,True,2,9
Gowran Park Racing Results | 6th June 2022 14:20,N/A,14:20,Yielding (Yielding To Soft In Places),7f,Punk Poet (IRE),Declan McDonogh,0,Edward Lynam,3rd,Head,5,9-3t,85,True,2,9
Gowran Park Racing Results | 6th June 2022 14:20,N/A,14:20,Yielding (Yielding To Soft In Places),7f,All Lies Ahead (IRE),William James Lee,0,W. McCreery,2nd,1 3/4 l,4,8-12,80,True,2,9
Gowran Park Racing Results | 6th June 2022 14:20,N/A,14:20,Yielding (Yielding To Soft In Places),7f,Spanish Tenor (IRE),C. J. MacRedmond,5,Adrian McGuinness,1st,N/A,8,9-10,92,True,2,9
Gowran Park Racing Results | 6th June 2022 14:55,N/A,14:55,Yielding (Yielding To Soft In Places),1m,Miss Violet (IRE),S. D. Bowen,4,Paul Traynor,16th,8 l,3,8-7,51,True,2,10
Gowran Park Racing Results | 6th June 2022 14:55,N/A,14:55,Yielding (Yielding To Soft In Places),1m,Red Sole Diva (IRE),Wesley Joyce,4,Michael Mulvany,15th,Head,6,9-0,47,True,2,10
Gowran Park Racing Results | 6th June 2022 14:55,N/A,14:55,Yielding (Yielding To Soft In Places),1m,Tyrion's Dream (IRE),H. J. Horgan,4,Aidan Anthony Howard,14th,1 3/4 l,5,9-6tb,53,True,2,10
Gowran Park Racing Results | 6th June 2022 14:55,N/A,14:55,Yielding (Yielding To Soft In Places),1m,Coffeemeanscoffee (IRE),A. M. Glynn,4,Tom McGuinness,13th,1/2 l,7,9-5,52,True,2,10
Gowran Park Racing Results | 6th June 2022 14:55,N/A,14:55,Yielding (Yielding To Soft In Places),1m,Treble Cone,S. P. Bird,7,Gerard Keane,12th,Short Head,7,9-0,47,True,2,10
Gowran Park Racing Results | 6th June 2022 14:55,N/A,14:55,Yielding (Yielding To Soft In Places),1m,Gormanston (IRE),C. J. MacRedmond,2,Nigel Slevin,11th,Short Head,6,9-4t,51,True,2,10
Gowran Park Racing Results | 6th June 2022 14:55,N/A,14:55,Yielding (Yielding To Soft In Places),1m,I Know I Can,J. Kearney,4,F. Birrane,10th,3/4 l,5,9-4,51,True,2,10
Gowran Park Racing Results | 6th June 2022 14:55,N/A,14:55,Yielding (Yielding To Soft In Places),1m,Harbanaker (IRE),R. Whearty,4,Gavin Patrick Cromwell,9th,2 1/2 l,5,10-2,63,True,2,10
Gowran Park Racing Results | 6th June 2022 14:55,N/A,14:55,Yielding (Yielding To Soft In Places),1m,Adhuil (IRE),Amy O'Driscoll,7,Aidan Anthony Howard,8th,2 3/4 l,3,8-12,56,True,2,10
Gowran Park Racing Results | 6th June 2022 14:55,N/A,14:55,Yielding (Yielding To Soft In Places),1m,Jimmy Mcgill (IRE),J. J. G. Ryan,4,Shane Crawley,7th,Neck,4,9-0t,47,True,2,10
Gowran Park Racing Results | 6th June 2022 14:55,N/A,14:55,Yielding (Yielding To Soft In Places),1m,Lady Leanora (IRE),S. McCullagh,0,D. K. Weld,6th,Short Head,5,10-0,61,True,2,10
Gowran Park Racing Results | 6th June 2022 14:55,N/A,14:55,Yielding (Yielding To Soft In Places),1m,Wychwood Whisper (IRE),P. A. Harnett,2,M. Halford,5th,1 1/4 l,4,9-8p1,55,True,2,10
Gowran Park Racing Results | 6th June 2022 14:55,N/A,14:55,Yielding (Yielding To Soft In Places),1m,Benkogambit (IRE),J. A. Powell,4,Martin Brassil,4th,5 1/2 l,4,9-0t1,47,True,2,10
Gowran Park Racing Results | 6th June 2022 14:55,N/A,14:55,Yielding (Yielding To Soft In Places),1m,Never Back Down (IRE),D. N. Curran,4,Joseph Anthony Murray,3rd,1/2 l,7,9-8t,55,True,2,10
Gowran Park Racing Results | 6th June 2022 14:55,N/A,14:55,Yielding (Yielding To Soft In Places),1m,Helen De Pourtales (IRE),J. Coen,2,James McAuley,2nd,3/4 l,5,9-12tb,59,True,2,10
Gowran Park Racing Results | 6th June 2022 14:55,N/A,14:55,Yielding (Yielding To Soft In Places),1m,Corballis Flyer (IRE),C. Horgan,4,James M. Barrett,1st,N/A,4,9-5,52,True,2,10
Gowran Park Racing Results | 6th June 2022 14:55,N/A,14:55,Yielding (Yielding To Soft In Places),1m,Miss Violet (IRE),S. D. Bowen,4,Paul Traynor,16th,8 l,3,8-7,51,True,2,10
Gowran Park Racing Results | 6th June 2022 14:55,N/A,14:55,Yielding (Yielding To Soft In Places),1m,Red Sole Diva (IRE),Wesley Joyce,4,Michael Mulvany,15th,Head,6,9-0,47,True,2,10
Gowran Park Racing Results | 6th June 2022 14:55,N/A,14:55,Yielding (Yielding To Soft In Places),1m,Tyrion's Dream (IRE),H. J. Horgan,4,Aidan Anthony Howard,14th,1 3/4 l,5,9-6tb,53,True,2,10
Gowran Park Racing Results | 6th June 2022 14:55,N/A,14:55,Yielding (Yielding To Soft In Places),1m,Coffeemeanscoffee (IRE),A. M. Glynn,4,Tom McGuinness,13th,1/2 l,7,9-5,52,True,2,10
Gowran Park Racing Results | 6th June 2022 14:55,N/A,14:55,Yielding (Yielding To Soft In Places),1m,Treble Cone,S. P. Bird,7,Gerard Keane,12th,Short Head,7,9-0,47,True,2,10
Gowran Park Racing Results | 6th June 2022 14:55,N/A,14:55,Yielding (Yielding To Soft In Places),1m,Gormanston (IRE),C. J. MacRedmond,2,Nigel Slevin,11th,Short Head,6,9-4t,51,True,2,10
Gowran Park Racing Results | 6th June 2022 14:55,N/A,14:55,Yielding (Yielding To Soft In Places),1m,I Know I Can,J. Kearney,4,F. Birrane,10th,3/4 l,5,9-4,51,True,2,10
Gowran Park Racing Results | 6th June 2022 14:55,N/A,14:55,Yielding (Yielding To Soft In Places),1m,Harbanaker (IRE),R. Whearty,4,Gavin Patrick Cromwell,9th,2 1/2 l,5,10-2,63,True,2,10
Gowran Park Racing Results | 6th June 2022 14:55,N/A,14:55,Yielding (Yielding To Soft In Places),1m,Adhuil (IRE),Amy O'Driscoll,7,Aidan Anthony Howard,8th,2 3/4 l,3,8-12,56,True,2,10
Gowran Park Racing Results | 6th June 2022 14:55,N/A,14:55,Yielding (Yielding To Soft In Places),1m,Jimmy Mcgill (IRE),J. J. G. Ryan,4,Shane Crawley,7th,Neck,4,9-0t,47,True,2,10
Gowran Park Racing Results | 6th June 2022 14:55,N/A,14:55,Yielding (Yielding To Soft In Places),1m,Lady Leanora (IRE),S. McCullagh,0,D. K. Weld,6th,Short Head,5,10-0,61,True,2,10
Gowran Park Racing Results | 6th June 2022 14:55,N/A,14:55,Yielding (Yielding To Soft In Places),1m,Wychwood Whisper (IRE),P. A. Harnett,2,M. Halford,5th,1 1/4 l,4,9-8p1,55,True,2,10
Gowran Park Racing Results | 6th June 2022 14:55,N/A,14:55,Yielding (Yielding To Soft In Places),1m,Benkogambit (IRE),J. A. Powell,4,Martin Brassil,4th,5 1/2 l,4,9-0t1,47,True,2,10
Gowran Park Racing Results | 6th June 2022 14:55,N/A,14:55,Yielding (Yielding To Soft In Places),1m,Never Back Down (IRE),D. N. Curran,4,Joseph Anthony Murray,3rd,1/2 l,7,9-8t,55,True,2,10
Gowran Park Racing Results | 6th June 2022 14:55,N/A,14:55,Yielding (Yielding To Soft In Places),1m,Helen De Pourtales (IRE),J. Coen,2,James McAuley,2nd,3/4 l,5,9-12tb,59,True,2,10
Gowran Park Racing Results | 6th June 2022 14:55,N/A,14:55,Yielding (Yielding To Soft In Places),1m,Corballis Flyer (IRE),C. Horgan,4,James M. Barrett,1st,N/A,4,9-5,52,True,2,10
Gowran Park Racing Results | 6th June 2022 15:30,N/A,15:30,Yielding (Yielding To Soft In Places),1m 1f 100y,Nishiki Kamuro (GER),Emmet McNamara,0,John C. Shearman,13th,10 l,3,9-3,-,True,2,11
Gowran Park Racing Results | 6th June 2022 15:30,N/A,15:30,Yielding (Yielding To Soft In Places),1m 1f 100y,Deontoir (IRE),K. J. Manning,0,J. S. Bolger,12th,Head,3,9-3,-,True,2,11
Gowran Park Racing Results | 6th June 2022 15:30,N/A,15:30,Yielding (Yielding To Soft In Places),1m 1f 100y,Griseo (IRE),Siobhan Rutledge,5,John McConnell,11th,1 3/4 l,3,9-3,-,True,2,11
Gowran Park Racing Results | 6th June 2022 15:30,N/A,15:30,Yielding (Yielding To Soft In Places),1m 1f 100y,Hannah Fairy (IRE),James J. Doyle,0,M. J. Byrne,10th,7 1/2 l,3,9-3,-,True,2,11
Gowran Park Racing Results | 6th June 2022 15:30,N/A,15:30,Yielding (Yielding To Soft In Places),1m 1f 100y,Scarlet Angel (USA),C. T. Keane,0,G. M. Lyons,9th,2 l,3,9-3,-,True,2,11
Gowran Park Racing Results | 6th June 2022 15:30,N/A,15:30,Yielding (Yielding To Soft In Places),1m 1f 100y,Sefarina (IRE),R. P. Whelan,0,Jack W. Davison,8th,3 3/4 l,3,9-3,-,True,2,11
Gowran Park Racing Results | 6th June 2022 15:30,N/A,15:30,Yielding (Yielding To Soft In Places),1m 1f 100y,Lizzy's Filly (IRE),D. B. McMonagle,0,Patrick Martin,7th,1 1/2 l,3,9-3,-,True,2,11
Gowran Park Racing Results | 6th June 2022 15:30,N/A,15:30,Yielding (Yielding To Soft In Places),1m 1f 100y,Give Grace (IRE),Declan McDonogh,0,Joseph Patrick O'Brien,6th,2 3/4 l,3,9-3,-,True,2,11
Gowran Park Racing Results | 6th June 2022 15:30,N/A,15:30,Yielding (Yielding To Soft In Places),1m 1f 100y,Lisadobber (IRE),S. M. Crosse,0,Joseph Patrick O'Brien,5th,3 l,3,9-3,-,True,2,11
Gowran Park Racing Results | 6th June 2022 15:30,N/A,15:30,Yielding (Yielding To Soft In Places),1m 1f 100y,Lightship (IRE),R. C. Colgan,0,Ms Sheila Lavery,4th,1/2 l,3,9-3,-,True,2,11
Gowran Park Racing Results | 6th June 2022 15:30,N/A,15:30,Yielding (Yielding To Soft In Places),1m 1f 100y,Santa Catarina,Seamie Heffernan,0,W. P. Browne,3rd,10 l,3,9-3,-,True,2,11
Gowran Park Racing Results | 6th June 2022 15:30,N/A,15:30,Yielding (Yielding To Soft In Places),1m 1f 100y,Paris Peacock (IRE),Shane Foley,0,Mrs J. Harrington,2nd,2 1/2 l,3,9-3p1,-,True,2,11
Gowran Park Racing Results | 6th June 2022 15:30,N/A,15:30,Yielding (Yielding To Soft In Places),1m 1f 100y,Term Of Endearment,W. M. Lordan,0,Henry de Bromhead,1st,N/A,3,9-3,-,True,2,11
Gowran Park Racing Results | 6th June 2022 15:30,N/A,15:30,Yielding (Yielding To Soft In Places),1m 1f 100y,Nishiki Kamuro (GER),Emmet McNamara,0,John C. Shearman,13th,10 l,3,9-3,-,True,2,11
Gowran Park Racing Results | 6th June 2022 15:30,N/A,15:30,Yielding (Yielding To Soft In Places),1m 1f 100y,Deontoir (IRE),K. J. Manning,0,J. S. Bolger,12th,Head,3,9-3,-,True,2,11
Gowran Park Racing Results | 6th June 2022 15:30,N/A,15:30,Yielding (Yielding To Soft In Places),1m 1f 100y,Griseo (IRE),Siobhan Rutledge,5,John McConnell,11th,1 3/4 l,3,9-3,-,True,2,11
Gowran Park Racing Results | 6th June 2022 15:30,N/A,15:30,Yielding (Yielding To Soft In Places),1m 1f 100y,Hannah Fairy (IRE),James J. Doyle,0,M. J. Byrne,10th,7 1/2 l,3,9-3,-,True,2,11
Gowran Park Racing Results | 6th June 2022 15:30,N/A,15:30,Yielding (Yielding To Soft In Places),1m 1f 100y,Scarlet Angel (USA),C. T. Keane,0,G. M. Lyons,9th,2 l,3,9-3,-,True,2,11
Gowran Park Racing Results | 6th June 2022 15:30,N/A,15:30,Yielding (Yielding To Soft In Places),1m 1f 100y,Sefarina (IRE),R. P. Whelan,0,Jack W. Davison,8th,3 3/4 l,3,9-3,-,True,2,11
Gowran Park Racing Results | 6th June 2022 15:30,N/A,15:30,Yielding (Yielding To Soft In Places),1m 1f 100y,Lizzy's Filly (IRE),D. B. McMonagle,0,Patrick Martin,7th,1 1/2 l,3,9-3,-,True,2,11
Gowran Park Racing Results | 6th June 2022 15:30,N/A,15:30,Yielding (Yielding To Soft In Places),1m 1f 100y,Give Grace (IRE),Declan McDonogh,0,Joseph Patrick O'Brien,6th,2 3/4 l,3,9-3,-,True,2,11
Gowran Park Racing Results | 6th June 2022 15:30,N/A,15:30,Yielding (Yielding To Soft In Places),1m 1f 100y,Lisadobber (IRE),S. M. Crosse,0,Joseph Patrick O'Brien,5th,3 l,3,9-3,-,True,2,11
Gowran Park Racing Results | 6th June 2022 15:30,N/A,15:30,Yielding (Yielding To Soft In Places),1m 1f 100y,Lightship (IRE),R. C. Colgan,0,Ms Sheila Lavery,4th,1/2 l,3,9-3,-,True,2,11
Gowran Park Racing Results | 6th June 2022 15:30,N/A,15:30,Yielding (Yielding To Soft In Places),1m 1f 100y,Santa Catarina,Seamie Heffernan,0,W. P. Browne,3rd,10 l,3,9-3,-,True,2,11
Gowran Park Racing Results | 6th June 2022 15:30,N/A,15:30,Yielding (Yielding To Soft In Places),1m 1f 100y,Paris Peacock (IRE),Shane Foley,0,Mrs J. Harrington,2nd,2 1/2 l,3,9-3p1,-,True,2,11
Gowran Park Racing Results | 6th June 2022 15:30,N/A,15:30,Yielding (Yielding To Soft In Places),1m 1f 100y,Term Of Endearment,W. M. Lordan,0,Henry de Bromhead,1st,N/A,3,9-3,-,True,2,11
Gowran Park Racing Results | 6th June 2022 16:05,N/A,16:05,Yielding (Yielding To Soft In Places)  (Turf),1m 1f 100y,An Madra Mor (IRE),James J. Doyle,0,Tom McGuinness,14th,5 l,4,10-6,-,True,2,12
Gowran Park Racing Results | 6th June 2022 16:05,N/A,16:05,Yielding (Yielding To Soft In Places)  (Turf),1m 1f 100y,Just Godwin (IRE),K. J. Leonard,0,J. F. O'Shea,13th,17 l,3,9-8,-,True,2,12
Gowran Park Racing Results | 6th June 2022 16:05,N/A,16:05,Yielding (Yielding To Soft In Places)  (Turf),1m 1f 100y,Danesfort,Shane Foley,0,John Joseph Murphy,12th,4 l,3,9-8,-,True,2,12
Gowran Park Racing Results | 6th June 2022 16:05,N/A,16:05,Yielding (Yielding To Soft In Places)  (Turf),1m 1f 100y,Holding Aces (IRE),R. P. Cleary,0,Anthony McCann,11th,1 1/4 l,4,10-6,-,True,2,12
Gowran Park Racing Results | 6th June 2022 16:05,N/A,16:05,Yielding (Yielding To Soft In Places)  (Turf),1m 1f 100y,Gig Harbor (IRE),J. M. Sheridan,3,Noel Meade,10th,7 l,3,9-8,-,True,2,12
Gowran Park Racing Results | 6th June 2022 16:05,N/A,16:05,Yielding (Yielding To Soft In Places)  (Turf),1m 1f 100y,Conquer The Breeze (IRE),A. J. Slattery,0,A. Slattery,9th,Neck,3,9-8,-,True,2,12
Gowran Park Racing Results | 6th June 2022 16:05,N/A,16:05,Yielding (Yielding To Soft In Places)  (Turf),1m 1f 100y,The Rebel Breen,C. D. Hayes,0,Noel Meade,8th,1 1/4 l,3,9-8,-,True,2,12
Gowran Park Racing Results | 6th June 2022 16:05,N/A,16:05,Yielding (Yielding To Soft In Places)  (Turf),1m 1f 100y,Diliymi (IRE),William James Lee,0,John Joseph Hanlon,7th,2 1/2 l,5,10-6,-,True,2,12
Gowran Park Racing Results | 6th June 2022 16:05,N/A,16:05,Yielding (Yielding To Soft In Places)  (Turf),1m 1f 100y,Riccardi Medici (IRE),R. P. Whelan,0,M. Halford,6th,7 l,3,9-8t1,-,True,2,12
Gowran Park Racing Results | 6th June 2022 16:05,N/A,16:05,Yielding (Yielding To Soft In Places)  (Turf),1m 1f 100y,King Arthurs Sword (IRE),L. F. Roche,0,M. D. O'Callaghan,5th,1/2 l,5,10-6,-,True,2,12
Gowran Park Racing Results | 6th June 2022 16:05,N/A,16:05,Yielding (Yielding To Soft In Places)  (Turf),1m 1f 100y,Flash of Dawn (IRE),K. J. Manning,0,J. S. Bolger,4th,8 1/2 l,3,9-8,-,True,2,12
Gowran Park Racing Results | 6th June 2022 16:05,N/A,16:05,Yielding (Yielding To Soft In Places)  (Turf),1m 1f 100y,Rick Dalton (IRE),C. T. Keane,0,G. M. Lyons,3rd,Neck,4,10-6,-,True,2,12
Gowran Park Racing Results | 6th June 2022 16:05,N/A,16:05,Yielding (Yielding To Soft In Places)  (Turf),1m 1f 100y,Nemean (USA),S. B. Kelly,0,John Patrick Murtagh,2nd,3/4 l,3,9-8,-,True,2,12
Gowran Park Racing Results | 6th June 2022 16:05,N/A,16:05,Yielding (Yielding To Soft In Places)  (Turf),1m 1f 100y,World Famous (IRE),D. B. McMonagle,0,Joseph Patrick O'Brien,1st,N/A,3,9-8t,-,True,2,12
Gowran Park Racing Results | 6th June 2022 16:05,N/A,16:05,Yielding (Yielding To Soft In Places)  (Turf),1m 1f 100y,An Madra Mor (IRE),James J. Doyle,0,Tom McGuinness,14th,5 l,4,10-6,-,True,2,12
Gowran Park Racing Results | 6th June 2022 16:05,N/A,16:05,Yielding (Yielding To Soft In Places)  (Turf),1m 1f 100y,Just Godwin (IRE),K. J. Leonard,0,J. F. O'Shea,13th,17 l,3,9-8,-,True,2,12
Gowran Park Racing Results | 6th June 2022 16:05,N/A,16:05,Yielding (Yielding To Soft In Places)  (Turf),1m 1f 100y,Danesfort,Shane Foley,0,John Joseph Murphy,12th,4 l,3,9-8,-,True,2,12
Gowran Park Racing Results | 6th June 2022 16:05,N/A,16:05,Yielding (Yielding To Soft In Places)  (Turf),1m 1f 100y,Holding Aces (IRE),R. P. Cleary,0,Anthony McCann,11th,1 1/4 l,4,10-6,-,True,2,12
Gowran Park Racing Results | 6th June 2022 16:05,N/A,16:05,Yielding (Yielding To Soft In Places)  (Turf),1m 1f 100y,Gig Harbor (IRE),J. M. Sheridan,3,Noel Meade,10th,7 l,3,9-8,-,True,2,12
Gowran Park Racing Results | 6th June 2022 16:05,N/A,16:05,Yielding (Yielding To Soft In Places)  (Turf),1m 1f 100y,Conquer The Breeze (IRE),A. J. Slattery,0,A. Slattery,9th,Neck,3,9-8,-,True,2,12
Gowran Park Racing Results | 6th June 2022 16:05,N/A,16:05,Yielding (Yielding To Soft In Places)  (Turf),1m 1f 100y,The Rebel Breen,C. D. Hayes,0,Noel Meade,8th,1 1/4 l,3,9-8,-,True,2,12
Gowran Park Racing Results | 6th June 2022 16:05,N/A,16:05,Yielding (Yielding To Soft In Places)  (Turf),1m 1f 100y,Diliymi (IRE),William James Lee,0,John Joseph Hanlon,7th,2 1/2 l,5,10-6,-,True,2,12
Gowran Park Racing Results | 6th June 2022 16:05,N/A,16:05,Yielding (Yielding To Soft In Places)  (Turf),1m 1f 100y,Riccardi Medici (IRE),R. P. Whelan,0,M. Halford,6th,7 l,3,9-8t1,-,True,2,12
Gowran Park Racing Results | 6th June 2022 16:05,N/A,16:05,Yielding (Yielding To Soft In Places)  (Turf),1m 1f 100y,King Arthurs Sword (IRE),L. F. Roche,0,M. D. O'Callaghan,5th,1/2 l,5,10-6,-,True,2,12
Gowran Park Racing Results | 6th June 2022 16:05,N/A,16:05,Yielding (Yielding To Soft In Places)  (Turf),1m 1f 100y,Flash of Dawn (IRE),K. J. Manning,0,J. S. Bolger,4th,8 1/2 l,3,9-8,-,True,2,12
Gowran Park Racing Results | 6th June 2022 16:05,N/A,16:05,Yielding (Yielding To Soft In Places)  (Turf),1m 1f 100y,Rick Dalton (IRE),C. T. Keane,0,G. M. Lyons,3rd,Neck,4,10-6,-,True,2,12
Gowran Park Racing Results | 6th June 2022 16:05,N/A,16:05,Yielding (Yielding To Soft In Places)  (Turf),1m 1f 100y,Nemean (USA),S. B. Kelly,0,John Patrick Murtagh,2nd,3/4 l,3,9-8,-,True,2,12
Gowran Park Racing Results | 6th June 2022 16:05,N/A,16:05,Yielding (Yielding To Soft In Places)  (Turf),1m 1f 100y,World Famous (IRE),D. B. McMonagle,0,Joseph Patrick O'Brien,1st,N/A,3,9-8t,-,True,2,12
Gowran Park Racing Results | 6th June 2022 16:40,N/A,16:40,Yielding (Yielding To Soft In Places),1m 1f 100y,Level Pitch (IRE),K. J. Manning,0,J. S. Bolger,14th,1 1/4 l,3,8-10,74,True,2,13
Gowran Park Racing Results | 6th June 2022 16:40,N/A,16:40,Yielding (Yielding To Soft In Places),1m 1f 100y,Come September (IRE),D. W. O'Connor,0,Thomas Coyle,13th,13 l,6,10-6h,86,True,2,13
Gowran Park Racing Results | 6th June 2022 16:40,N/A,16:40,Yielding (Yielding To Soft In Places),1m 1f 100y,Alooqaal (IRE),R. P. Whelan,0,M. Halford,12th,1 3/4 l,3,8-12p1,76,True,2,13
Gowran Park Racing Results | 6th June 2022 16:40,N/A,16:40,Yielding (Yielding To Soft In Places),1m 1f 100y,Joe Masseria (IRE),D. B. McMonagle,0,Noel Meade,11th,5 1/2 l,3,9-6,84,True,2,13
Gowran Park Racing Results | 6th June 2022 16:40,N/A,16:40,Yielding (Yielding To Soft In Places),1m 1f 100y,Kalaroun (IRE),Seamie Heffernan,0,Miss Tara Lee Cogan,10th,Nose,4,9-4,70,True,2,13
Gowran Park Racing Results | 6th June 2022 16:40,N/A,16:40,Yielding (Yielding To Soft In Places),1m 1f 100y,Bringsty,Shane Foley,0,Adrian McGuinness,9th,7 1/2 l,4,9-8eb,74,True,2,13
Gowran Park Racing Results | 6th June 2022 16:40,N/A,16:40,Yielding (Yielding To Soft In Places),1m 1f 100y,Overheer,Tom Kiely Marshall,7,Joseph G. Murphy,8th,1 l,6,9-13,79,True,2,13
Gowran Park Racing Results | 6th June 2022 16:40,N/A,16:40,Yielding (Yielding To Soft In Places),1m 1f 100y,Disco Boots (IRE),Declan McDonogh,0,Peter Fahey,7th,1 1/4 l,4,9-10,76,True,2,13
Gowran Park Racing Results | 6th June 2022 16:40,N/A,16:40,Yielding (Yielding To Soft In Places),1m 1f 100y,Mischief Star,D. J. Gilligan,10,James McAuley,6th,Short Head,5,9-11t,77,True,2,13
Gowran Park Racing Results | 6th June 2022 16:40,N/A,16:40,Yielding (Yielding To Soft In Places),1m 1f 100y,Aingeal Dorcha (IRE),A. J. Slattery,0,A. Slattery,5th,1 1/4 l,4,9-4,70,True,2,13
Gowran Park Racing Results | 6th June 2022 16:40,N/A,16:40,Yielding (Yielding To Soft In Places),1m 1f 100y,Zola Sakura (IRE),C. T. Keane,0,G. M. Lyons,4th,1 3/4 l,4,9-11b,77,True,2,13
Gowran Park Racing Results | 6th June 2022 16:40,N/A,16:40,Yielding (Yielding To Soft In Places),1m 1f 100y,Star Official (IRE),M. P. Sheehy,3,R. Donohoe,3rd,1 l,4,9-0,66,True,2,13
Gowran Park Racing Results | 6th June 2022 16:40,N/A,16:40,Yielding (Yielding To Soft In Places),1m 1f 100y,Bay of Bengal (IRE),William James Lee,0,W. McCreery,2nd,1 l,4,10-0,80,True,2,13
Gowran Park Racing Results | 6th June 2022 16:40,N/A,16:40,Yielding (Yielding To Soft In Places),1m 1f 100y,Dha Leath (IRE),G. F. Carroll,0,Gavin Patrick Cromwell,1st,N/A,4,9-7t,73,True,2,13
Gowran Park Racing Results | 6th June 2022 16:40,N/A,16:40,Yielding (Yielding To Soft In Places),1m 1f 100y,Level Pitch (IRE),K. J. Manning,0,J. S. Bolger,14th,1 1/4 l,3,8-10,74,True,2,13
Gowran Park Racing Results | 6th June 2022 16:40,N/A,16:40,Yielding (Yielding To Soft In Places),1m 1f 100y,Come September (IRE),D. W. O'Connor,0,Thomas Coyle,13th,13 l,6,10-6h,86,True,2,13
Gowran Park Racing Results | 6th June 2022 16:40,N/A,16:40,Yielding (Yielding To Soft In Places),1m 1f 100y,Alooqaal (IRE),R. P. Whelan,0,M. Halford,12th,1 3/4 l,3,8-12p1,76,True,2,13
Gowran Park Racing Results | 6th June 2022 16:40,N/A,16:40,Yielding (Yielding To Soft In Places),1m 1f 100y,Joe Masseria (IRE),D. B. McMonagle,0,Noel Meade,11th,5 1/2 l,3,9-6,84,True,2,13
Gowran Park Racing Results | 6th June 2022 16:40,N/A,16:40,Yielding (Yielding To Soft In Places),1m 1f 100y,Kalaroun (IRE),Seamie Heffernan,0,Miss Tara Lee Cogan,10th,Nose,4,9-4,70,True,2,13
Gowran Park Racing Results | 6th June 2022 16:40,N/A,16:40,Yielding (Yielding To Soft In Places),1m 1f 100y,Bringsty,Shane Foley,0,Adrian McGuinness,9th,7 1/2 l,4,9-8eb,74,True,2,13
Gowran Park Racing Results | 6th June 2022 16:40,N/A,16:40,Yielding (Yielding To Soft In Places),1m 1f 100y,Overheer,Tom Kiely Marshall,7,Joseph G. Murphy,8th,1 l,6,9-13,79,True,2,13
Gowran Park Racing Results | 6th June 2022 16:40,N/A,16:40,Yielding (Yielding To Soft In Places),1m 1f 100y,Disco Boots (IRE),Declan McDonogh,0,Peter Fahey,7th,1 1/4 l,4,9-10,76,True,2,13
Gowran Park Racing Results | 6th June 2022 16:40,N/A,16:40,Yielding (Yielding To Soft In Places),1m 1f 100y,Mischief Star,D. J. Gilligan,10,James McAuley,6th,Short Head,5,9-11t,77,True,2,13
Gowran Park Racing Results | 6th June 2022 16:40,N/A,16:40,Yielding (Yielding To Soft In Places),1m 1f 100y,Aingeal Dorcha (IRE),A. J. Slattery,0,A. Slattery,5th,1 1/4 l,4,9-4,70,True,2,13
Gowran Park Racing Results | 6th June 2022 16:40,N/A,16:40,Yielding (Yielding To Soft In Places),1m 1f 100y,Zola Sakura (IRE),C. T. Keane,0,G. M. Lyons,4th,1 3/4 l,4,9-11b,77,True,2,13
Gowran Park Racing Results | 6th June 2022 16:40,N/A,16:40,Yielding (Yielding To Soft In Places),1m 1f 100y,Star Official (IRE),M. P. Sheehy,3,R. Donohoe,3rd,1 l,4,9-0,66,True,2,13
Gowran Park Racing Results | 6th June 2022 16:40,N/A,16:40,Yielding (Yielding To Soft In Places),1m 1f 100y,Bay of Bengal (IRE),William James Lee,0,W. McCreery,2nd,1 l,4,10-0,80,True,2,13
Gowran Park Racing Results | 6th June 2022 16:40,N/A,16:40,Yielding (Yielding To Soft In Places),1m 1f 100y,Dha Leath (IRE),G. F. Carroll,0,Gavin Patrick Cromwell,1st,N/A,4,9-7t,73,True,2,13
Gowran Park Racing Results | 6th June 2022 17:15,N/A,17:15,Yielding (Yielding To Soft In Places),1m 1f 100y,Recyclable (IRE),Wesley Joyce,7,Michael Mulvany,16th,26 l,3,9-3,53,True,2,14
Gowran Park Racing Results | 6th June 2022 17:15,N/A,17:15,Yielding (Yielding To Soft In Places),1m 1f 100y,Gregor Mendel (IRE),C. T. Keane,0,Jack W. Davison,15th,1/2 l,3,9-4,54,True,2,14
Gowran Park Racing Results | 6th June 2022 17:15,N/A,17:15,Yielding (Yielding To Soft In Places),1m 1f 100y,Eagles Perch (IRE),L. F. Roche,0,Peter Fahey,14th,1 l,3,8-11,47,True,2,14
Gowran Park Racing Results | 6th June 2022 17:15,N/A,17:15,Yielding (Yielding To Soft In Places),1m 1f 100y,Vidala (IRE),R. C. Colgan,0,Ms Sheila Lavery,13th,1 l,3,9-3,53,True,2,14
Gowran Park Racing Results | 6th June 2022 17:15,N/A,17:15,Yielding (Yielding To Soft In Places),1m 1f 100y,Sovereignty (IRE),C. J. MacRedmond,5,Adrian McGuinness,12th,Nose,3,8-11h,47,True,2,14
Gowran Park Racing Results | 6th June 2022 17:15,N/A,17:15,Yielding (Yielding To Soft In Places),1m 1f 100y,Breakintheclouds (IRE),D. King,7,Denis Hogan,11th,1 1/2 l,3,9-12p,62,True,2,14
Gowran Park Racing Results | 6th June 2022 17:15,N/A,17:15,Yielding (Yielding To Soft In Places),1m 1f 100y,Starlight Rose (IRE),R. P. Cleary,0,Peter Lawlor,10th,Head,3,8-13,49,True,2,14
Gowran Park Racing Results | 6th June 2022 17:15,N/A,17:15,Yielding (Yielding To Soft In Places),1m 1f 100y,The Insider (IRE),K. J. Leonard,0,J. F. O'Shea,9th,1 1/4 l,3,8-11,47,True,2,14
Gowran Park Racing Results | 6th June 2022 17:15,N/A,17:15,Yielding (Yielding To Soft In Places),1m 1f 100y,Litteratus (IRE),K. J. Manning,0,J. S. Bolger,8th,1/2 l,3,9-7t1,57,True,2,14
Gowran Park Racing Results | 6th June 2022 17:15,N/A,17:15,Yielding (Yielding To Soft In Places),1m 1f 100y,Say It So (IRE),S. D. Bowen,7,Denis Hogan,7th,1 1/4 l,3,9-5p,55,True,2,14
Gowran Park Racing Results | 6th June 2022 17:15,N/A,17:15,Yielding (Yielding To Soft In Places),1m 1f 100y,Surac (IRE),S. M. Crosse,0,Richard John O'Brien,6th,1 3/4 l,3,9-12,62,True,2,14
Gowran Park Racing Results | 6th June 2022 17:15,N/A,17:15,Yielding (Yielding To Soft In Places),1m 1f 100y,Forgetmenotblue (IRE),C. D. Hayes,0,D. K. Weld,5th,1 1/2 l,3,9-9b,59,True,2,14
Gowran Park Racing Results | 6th June 2022 17:15,N/A,17:15,Yielding (Yielding To Soft In Places),1m 1f 100y,Arch Enemy (IRE),J. Coen,7,Patrick Magee,4th,Neck,3,10-0,64,True,2,14
Gowran Park Racing Results | 6th June 2022 17:15,N/A,17:15,Yielding (Yielding To Soft In Places),1m 1f 100y,Rock of Candy (IRE),Shane Foley,0,Mrs J. Harrington,3rd,Head,3,10-0tp,64,True,2,14
Gowran Park Racing Results | 6th June 2022 17:15,N/A,17:15,Yielding (Yielding To Soft In Places),1m 1f 100y,Theonewedreamof (IRE),G. F. Carroll,0,Gavin Patrick Cromwell,2nd,1 1/2 l,3,9-5,55,True,2,14
Gowran Park Racing Results | 6th June 2022 17:15,N/A,17:15,Yielding (Yielding To Soft In Places),1m 1f 100y,Heather Bear (IRE),A. J. Slattery,0,A. Slattery,1st,N/A,3,9-7,57,True,2,14
Gowran Park Racing Results | 6th June 2022 17:15,N/A,17:15,Yielding (Yielding To Soft In Places),1m 1f 100y,Recyclable (IRE),Wesley Joyce,7,Michael Mulvany,16th,26 l,3,9-3,53,True,2,14
Gowran Park Racing Results | 6th June 2022 17:15,N/A,17:15,Yielding (Yielding To Soft In Places),1m 1f 100y,Gregor Mendel (IRE),C. T. Keane,0,Jack W. Davison,15th,1/2 l,3,9-4,54,True,2,14
Gowran Park Racing Results | 6th June 2022 17:15,N/A,17:15,Yielding (Yielding To Soft In Places),1m 1f 100y,Eagles Perch (IRE),L. F. Roche,0,Peter Fahey,14th,1 l,3,8-11,47,True,2,14
Gowran Park Racing Results | 6th June 2022 17:15,N/A,17:15,Yielding (Yielding To Soft In Places),1m 1f 100y,Vidala (IRE),R. C. Colgan,0,Ms Sheila Lavery,13th,1 l,3,9-3,53,True,2,14
Gowran Park Racing Results | 6th June 2022 17:15,N/A,17:15,Yielding (Yielding To Soft In Places),1m 1f 100y,Sovereignty (IRE),C. J. MacRedmond,5,Adrian McGuinness,12th,Nose,3,8-11h,47,True,2,14
Gowran Park Racing Results | 6th June 2022 17:15,N/A,17:15,Yielding (Yielding To Soft In Places),1m 1f 100y,Breakintheclouds (IRE),D. King,7,Denis Hogan,11th,1 1/2 l,3,9-12p,62,True,2,14
Gowran Park Racing Results | 6th June 2022 17:15,N/A,17:15,Yielding (Yielding To Soft In Places),1m 1f 100y,Starlight Rose (IRE),R. P. Cleary,0,Peter Lawlor,10th,Head,3,8-13,49,True,2,14
Gowran Park Racing Results | 6th June 2022 17:15,N/A,17:15,Yielding (Yielding To Soft In Places),1m 1f 100y,The Insider (IRE),K. J. Leonard,0,J. F. O'Shea,9th,1 1/4 l,3,8-11,47,True,2,14
Gowran Park Racing Results | 6th June 2022 17:15,N/A,17:15,Yielding (Yielding To Soft In Places),1m 1f 100y,Litteratus (IRE),K. J. Manning,0,J. S. Bolger,8th,1/2 l,3,9-7t1,57,True,2,14
Gowran Park Racing Results | 6th June 2022 17:15,N/A,17:15,Yielding (Yielding To Soft In Places),1m 1f 100y,Say It So (IRE),S. D. Bowen,7,Denis Hogan,7th,1 1/4 l,3,9-5p,55,True,2,14
Gowran Park Racing Results | 6th June 2022 17:15,N/A,17:15,Yielding (Yielding To Soft In Places),1m 1f 100y,Surac (IRE),S. M. Crosse,0,Richard John O'Brien,6th,1 3/4 l,3,9-12,62,True,2,14
Gowran Park Racing Results | 6th June 2022 17:15,N/A,17:15,Yielding (Yielding To Soft In Places),1m 1f 100y,Forgetmenotblue (IRE),C. D. Hayes,0,D. K. Weld,5th,1 1/2 l,3,9-9b,59,True,2,14
Gowran Park Racing Results | 6th June 2022 17:15,N/A,17:15,Yielding (Yielding To Soft In Places),1m 1f 100y,Arch Enemy (IRE),J. Coen,7,Patrick Magee,4th,Neck,3,10-0,64,True,2,14
Gowran Park Racing Results | 6th June 2022 17:15,N/A,17:15,Yielding (Yielding To Soft In Places),1m 1f 100y,Rock of Candy (IRE),Shane Foley,0,Mrs J. Harrington,3rd,Head,3,10-0tp,64,True,2,14
Gowran Park Racing Results | 6th June 2022 17:15,N/A,17:15,Yielding (Yielding To Soft In Places),1m 1f 100y,Theonewedreamof (IRE),G. F. Carroll,0,Gavin Patrick Cromwell,2nd,1 1/2 l,3,9-5,55,True,2,14
Gowran Park Racing Results | 6th June 2022 17:15,N/A,17:15,Yielding (Yielding To Soft In Places),1m 1f 100y,Heather Bear (IRE),A. J. Slattery,0,A. Slattery,1st,N/A,3,9-7,57,True,2,14
Listowel Racing Results | 6th June 2022 14:00,N/A,14:00,Soft (Heavy In Places),2m,Punk Rock Girl (IRE),D. J. McInerney,0,Cian Michael Collins,16th,26 l,4,11-2,-,True,2,15
Listowel Racing Results | 6th June 2022 14:00,N/A,14:00,Soft (Heavy In Places),2m,Lili Von Shtupp (IRE),Richard Deegan,0,Eoin Christopher McCarthy,15th,11 l,8,11-7,-,True,2,15
Listowel Racing Results | 6th June 2022 14:00,N/A,14:00,Soft (Heavy In Places),2m,Katie Dalie (IRE),Phillip Enright,0,Paul O'Flynn,14th,3 3/4 l,5,11-7,-,True,2,15
Listowel Racing Results | 6th June 2022 14:00,N/A,14:00,Soft (Heavy In Places),2m,Sayitfirst (IRE),Jamie Hayes,7,Eoin Christopher McCarthy,13th,2 1/2 l,6,11-7,-,True,2,15
Listowel Racing Results | 6th June 2022 14:00,N/A,14:00,Soft (Heavy In Places),2m,Justnotnow (IRE),Peter Carberry,0,Paul John Gilligan,12th,8 1/2 l,5,11-7,-,True,2,15
Listowel Racing Results | 6th June 2022 14:00,N/A,14:00,Soft (Heavy In Places),2m,Greenane Lady (IRE),M. M. McDonagh,7,Ciaran Murphy,11th,Head,8,11-7h1,-,True,2,15
Listowel Racing Results | 6th June 2022 14:00,N/A,14:00,Soft (Heavy In Places),2m,Roccos Inspiration (IRE),J. W. Kennedy,0,Michael G. Kennedy,10th,2 3/4 l,5,11-7,-,True,2,15
Listowel Racing Results | 6th June 2022 14:00,N/A,14:00,Soft (Heavy In Places),2m,Pepperocco (IRE),Sean Flanagan,0,David Harry Kelly,9th,2 1/2 l,5,11-7,-,True,2,15
Listowel Racing Results | 6th June 2022 14:00,N/A,14:00,Soft (Heavy In Places),2m,No Conscience (IRE),S. D. Torrens,0,Enda Bolger,8th,8 1/2 l,4,11-2,-,True,2,15
Listowel Racing Results | 6th June 2022 14:00,N/A,14:00,Soft (Heavy In Places),2m,Amazing Amy (IRE),D. E. Mullins,0,Ms Margaret Mullins,7th,3 3/4 l,7,11-7p,-,True,2,15
Listowel Racing Results | 6th June 2022 14:00,N/A,14:00,Soft (Heavy In Places),2m,Milfordfourthree (IRE),Mr R. W. Barron,7,William O'Doherty,6th,1/2 l,6,11-7p,-,True,2,15
Listowel Racing Results | 6th June 2022 14:00,N/A,14:00,Soft (Heavy In Places),2m,Whiskey Lady (IRE),R. A. Doyle,0,Gillian Scott,5th,1 3/4 l,5,11-7,-,True,2,15
Listowel Racing Results | 6th June 2022 14:00,N/A,14:00,Soft (Heavy In Places),2m,Queshi Bridge (IRE),D. J. O'Keeffe,0,Edmond Kent,4th,23 l,6,11-7,-,True,2,15
Listowel Racing Results | 6th June 2022 14:00,N/A,14:00,Soft (Heavy In Places),2m,Nos Na Gaoithe (IRE),P. Townend,0,W. P. Mullins,3rd,1 1/2 l,5,11-7t,-,True,2,15
Listowel Racing Results | 6th June 2022 14:00,N/A,14:00,Soft (Heavy In Places),2m,Katherine (IRE),Donagh Meyler,0,James M. Barrett,2nd,3/4 l,5,11-7,-,True,2,15
Listowel Racing Results | 6th June 2022 14:00,N/A,14:00,Soft (Heavy In Places),2m,Mind Your Money,Mr H. C. Swan,7,T. E. Hyde,1st,N/A,6,11-7,-,True,2,15
Listowel Racing Results | 6th June 2022 14:00,N/A,14:00,Soft (Heavy In Places),2m,Punk Rock Girl (IRE),D. J. McInerney,0,Cian Michael Collins,16th,26 l,4,11-2,-,True,2,15
Listowel Racing Results | 6th June 2022 14:00,N/A,14:00,Soft (Heavy In Places),2m,Lili Von Shtupp (IRE),Richard Deegan,0,Eoin Christopher McCarthy,15th,11 l,8,11-7,-,True,2,15
Listowel Racing Results | 6th June 2022 14:00,N/A,14:00,Soft (Heavy In Places),2m,Katie Dalie (IRE),Phillip Enright,0,Paul O'Flynn,14th,3 3/4 l,5,11-7,-,True,2,15
Listowel Racing Results | 6th June 2022 14:00,N/A,14:00,Soft (Heavy In Places),2m,Sayitfirst (IRE),Jamie Hayes,7,Eoin Christopher McCarthy,13th,2 1/2 l,6,11-7,-,True,2,15
Listowel Racing Results | 6th June 2022 14:00,N/A,14:00,Soft (Heavy In Places),2m,Justnotnow (IRE),Peter Carberry,0,Paul John Gilligan,12th,8 1/2 l,5,11-7,-,True,2,15
Listowel Racing Results | 6th June 2022 14:00,N/A,14:00,Soft (Heavy In Places),2m,Greenane Lady (IRE),M. M. McDonagh,7,Ciaran Murphy,11th,Head,8,11-7h1,-,True,2,15
Listowel Racing Results | 6th June 2022 14:00,N/A,14:00,Soft (Heavy In Places),2m,Roccos Inspiration (IRE),J. W. Kennedy,0,Michael G. Kennedy,10th,2 3/4 l,5,11-7,-,True,2,15
Listowel Racing Results | 6th June 2022 14:00,N/A,14:00,Soft (Heavy In Places),2m,Pepperocco (IRE),Sean Flanagan,0,David Harry Kelly,9th,2 1/2 l,5,11-7,-,True,2,15
Listowel Racing Results | 6th June 2022 14:00,N/A,14:00,Soft (Heavy In Places),2m,No Conscience (IRE),S. D. Torrens,0,Enda Bolger,8th,8 1/2 l,4,11-2,-,True,2,15
Listowel Racing Results | 6th June 2022 14:00,N/A,14:00,Soft (Heavy In Places),2m,Amazing Amy (IRE),D. E. Mullins,0,Ms Margaret Mullins,7th,3 3/4 l,7,11-7p,-,True,2,15
Listowel Racing Results | 6th June 2022 14:00,N/A,14:00,Soft (Heavy In Places),2m,Milfordfourthree (IRE),Mr R. W. Barron,7,William O'Doherty,6th,1/2 l,6,11-7p,-,True,2,15
Listowel Racing Results | 6th June 2022 14:00,N/A,14:00,Soft (Heavy In Places),2m,Whiskey Lady (IRE),R. A. Doyle,0,Gillian Scott,5th,1 3/4 l,5,11-7,-,True,2,15
Listowel Racing Results | 6th June 2022 14:00,N/A,14:00,Soft (Heavy In Places),2m,Queshi Bridge (IRE),D. J. O'Keeffe,0,Edmond Kent,4th,23 l,6,11-7,-,True,2,15
Listowel Racing Results | 6th June 2022 14:00,N/A,14:00,Soft (Heavy In Places),2m,Nos Na Gaoithe (IRE),P. Townend,0,W. P. Mullins,3rd,1 1/2 l,5,11-7t,-,True,2,15
Listowel Racing Results | 6th June 2022 14:00,N/A,14:00,Soft (Heavy In Places),2m,Katherine (IRE),Donagh Meyler,0,James M. Barrett,2nd,3/4 l,5,11-7,-,True,2,15
Listowel Racing Results | 6th June 2022 14:00,N/A,14:00,Soft (Heavy In Places),2m,Mind Your Money,Mr H. C. Swan,7,T. E. Hyde,1st,N/A,6,11-7,-,True,2,15
Listowel Racing Results | 6th June 2022 14:35,N/A,14:35,Soft (Heavy In Places)  Hurdle (Turf),2m,Sir Daniel (USA),Jordan Colin Gainford,0,Michael G. Kennedy,PU,N/A,6,11-12,-,True,2,16
Listowel Racing Results | 6th June 2022 14:35,N/A,14:35,Soft (Heavy In Places)  Hurdle (Turf),2m,Cosmology (IRE),J. J. Slevin,0,V. T. O'Brien,PU,N/A,6,11-12,-,True,2,16
Listowel Racing Results | 6th June 2022 14:35,N/A,14:35,Soft (Heavy In Places)  Hurdle (Turf),2m,Reserve Judgement (IRE),B. Hayes,0,John McConnell,16th,Neck,6,11-12,-,True,2,16
Listowel Racing Results | 6th June 2022 14:35,N/A,14:35,Soft (Heavy In Places)  Hurdle (Turf),2m,Kansas Joe (IRE),Mr R. W. Barron,7,William O'Doherty,15th,25 l,7,11-12t1,-,True,2,16
Listowel Racing Results | 6th June 2022 14:35,N/A,14:35,Soft (Heavy In Places)  Hurdle (Turf),2m,Breath Caught,C. P. McNamara,0,Eric McNamara,14th,9 l,7,11-12,-,True,2,16
Listowel Racing Results | 6th June 2022 14:35,N/A,14:35,Soft (Heavy In Places)  Hurdle (Turf),2m,Prince of Peace (IRE),D. E. Mullins,0,W. J. Lanigan,13th,Short Head,4,11-7p,-,True,2,16
Listowel Racing Results | 6th June 2022 14:35,N/A,14:35,Soft (Heavy In Places)  Hurdle (Turf),2m,Open the Gate (IRE),Sean Flanagan,0,Peter Fahey,12th,2 3/4 l,4,11-7,-,True,2,16
Listowel Racing Results | 6th June 2022 14:35,N/A,14:35,Soft (Heavy In Places)  Hurdle (Turf),2m,Elle Dorado Rock (IRE),Peter Carberry,0,A. J. Martin,11th,Short Head,4,11-7,-,True,2,16
Listowel Racing Results | 6th June 2022 14:35,N/A,14:35,Soft (Heavy In Places)  Hurdle (Turf),2m,Eastern Tornado (IRE),Phillip Enright,0,Michael P. Hourigan,10th,5 1/2 l,5,11-12,-,True,2,16
Listowel Racing Results | 6th June 2022 14:35,N/A,14:35,Soft (Heavy In Places)  Hurdle (Turf),2m,The Alpha Man (IRE),S. A. Mulcahy,7,Seamus G. O'Donnell,9th,6 l,6,11-12,-,True,2,16
Listowel Racing Results | 6th June 2022 14:35,N/A,14:35,Soft (Heavy In Places)  Hurdle (Turf),2m,Ned the Smith (IRE),J. C. Canavan,7,Eugene M. O'Sullivan,8th,9 1/2 l,6,11-12,-,True,2,16
Listowel Racing Results | 6th June 2022 14:35,N/A,14:35,Soft (Heavy In Places)  Hurdle (Turf),2m,Willie Bob (IRE),Jack Foley,3,Michael P. Hourigan,7th,3 3/4 l,5,11-12,-,True,2,16
Listowel Racing Results | 6th June 2022 14:35,N/A,14:35,Soft (Heavy In Places)  Hurdle (Turf),2m,Pharisees (IRE),D. J. O'Keeffe,0,Gavin Patrick Cromwell,6th,5 1/2 l,4,11-7,-,True,2,16
Listowel Racing Results | 6th June 2022 14:35,N/A,14:35,Soft (Heavy In Places)  Hurdle (Turf),2m,Out The Gap,Philip Donovan,5,Patrick G. Kelly,5th,1 1/4 l,6,11-12t,-,True,2,16
Listowel Racing Results | 6th June 2022 14:35,N/A,14:35,Soft (Heavy In Places)  Hurdle (Turf),2m,Evergreen and Red (IRE),J. W. Kennedy,0,Noel Meade,4th,1 1/4 l,4,11-7,-,True,2,16
Listowel Racing Results | 6th June 2022 14:35,N/A,14:35,Soft (Heavy In Places)  Hurdle (Turf),2m,Babylon Beach (IRE),D. L. Queally,0,Ms Debbie Hartnett,3rd,4 3/4 l,7,11-12,-,True,2,16
Listowel Racing Results | 6th June 2022 14:35,N/A,14:35,Soft (Heavy In Places)  Hurdle (Turf),2m,Moulane West (IRE),M. M. McDonagh,0,Richard Anthony Foley,2nd,8 l,6,11-12,-,True,2,16
Listowel Racing Results | 6th June 2022 14:35,N/A,14:35,Soft (Heavy In Places)  Hurdle (Turf),2m,Desert Friend (IRE),Donagh Meyler,0,Denis Hogan,1st,N/A,6,11-12,-,True,2,16
Listowel Racing Results | 6th June 2022 14:35,N/A,14:35,Soft (Heavy In Places)  Hurdle (Turf),2m,Sir Daniel (USA),Jordan Colin Gainford,0,Michael G. Kennedy,PU,N/A,6,11-12,-,True,2,16
Listowel Racing Results | 6th June 2022 14:35,N/A,14:35,Soft (Heavy In Places)  Hurdle (Turf),2m,Cosmology (IRE),J. J. Slevin,0,V. T. O'Brien,PU,N/A,6,11-12,-,True,2,16
Listowel Racing Results | 6th June 2022 14:35,N/A,14:35,Soft (Heavy In Places)  Hurdle (Turf),2m,Reserve Judgement (IRE),B. Hayes,0,John McConnell,16th,Neck,6,11-12,-,True,2,16
Listowel Racing Results | 6th June 2022 14:35,N/A,14:35,Soft (Heavy In Places)  Hurdle (Turf),2m,Kansas Joe (IRE),Mr R. W. Barron,7,William O'Doherty,15th,25 l,7,11-12t1,-,True,2,16
Listowel Racing Results | 6th June 2022 14:35,N/A,14:35,Soft (Heavy In Places)  Hurdle (Turf),2m,Breath Caught,C. P. McNamara,0,Eric McNamara,14th,9 l,7,11-12,-,True,2,16
Listowel Racing Results | 6th June 2022 14:35,N/A,14:35,Soft (Heavy In Places)  Hurdle (Turf),2m,Prince of Peace (IRE),D. E. Mullins,0,W. J. Lanigan,13th,Short Head,4,11-7p,-,True,2,16
Listowel Racing Results | 6th June 2022 14:35,N/A,14:35,Soft (Heavy In Places)  Hurdle (Turf),2m,Open the Gate (IRE),Sean Flanagan,0,Peter Fahey,12th,2 3/4 l,4,11-7,-,True,2,16
Listowel Racing Results | 6th June 2022 14:35,N/A,14:35,Soft (Heavy In Places)  Hurdle (Turf),2m,Elle Dorado Rock (IRE),Peter Carberry,0,A. J. Martin,11th,Short Head,4,11-7,-,True,2,16
Listowel Racing Results | 6th June 2022 14:35,N/A,14:35,Soft (Heavy In Places)  Hurdle (Turf),2m,Eastern Tornado (IRE),Phillip Enright,0,Michael P. Hourigan,10th,5 1/2 l,5,11-12,-,True,2,16
Listowel Racing Results | 6th June 2022 14:35,N/A,14:35,Soft (Heavy In Places)  Hurdle (Turf),2m,The Alpha Man (IRE),S. A. Mulcahy,7,Seamus G. O'Donnell,9th,6 l,6,11-12,-,True,2,16
Listowel Racing Results | 6th June 2022 14:35,N/A,14:35,Soft (Heavy In Places)  Hurdle (Turf),2m,Ned the Smith (IRE),J. C. Canavan,7,Eugene M. O'Sullivan,8th,9 1/2 l,6,11-12,-,True,2,16
Listowel Racing Results | 6th June 2022 14:35,N/A,14:35,Soft (Heavy In Places)  Hurdle (Turf),2m,Willie Bob (IRE),Jack Foley,3,Michael P. Hourigan,7th,3 3/4 l,5,11-12,-,True,2,16
Listowel Racing Results | 6th June 2022 14:35,N/A,14:35,Soft (Heavy In Places)  Hurdle (Turf),2m,Pharisees (IRE),D. J. O'Keeffe,0,Gavin Patrick Cromwell,6th,5 1/2 l,4,11-7,-,True,2,16
Listowel Racing Results | 6th June 2022 14:35,N/A,14:35,Soft (Heavy In Places)  Hurdle (Turf),2m,Out The Gap,Philip Donovan,5,Patrick G. Kelly,5th,1 1/4 l,6,11-12t,-,True,2,16
Listowel Racing Results | 6th June 2022 14:35,N/A,14:35,Soft (Heavy In Places)  Hurdle (Turf),2m,Evergreen and Red (IRE),J. W. Kennedy,0,Noel Meade,4th,1 1/4 l,4,11-7,-,True,2,16
Listowel Racing Results | 6th June 2022 14:35,N/A,14:35,Soft (Heavy In Places)  Hurdle (Turf),2m,Babylon Beach (IRE),D. L. Queally,0,Ms Debbie Hartnett,3rd,4 3/4 l,7,11-12,-,True,2,16
Listowel Racing Results | 6th June 2022 14:35,N/A,14:35,Soft (Heavy In Places)  Hurdle (Turf),2m,Moulane West (IRE),M. M. McDonagh,0,Richard Anthony Foley,2nd,8 l,6,11-12,-,True,2,16
Listowel Racing Results | 6th June 2022 14:35,N/A,14:35,Soft (Heavy In Places)  Hurdle (Turf),2m,Desert Friend (IRE),Donagh Meyler,0,Denis Hogan,1st,N/A,6,11-12,-,True,2,16
Listowel Racing Results | 6th June 2022 15:10,N/A,15:10,Soft (Heavy In Places),2m 4f,Cracklinrose (IRE),D. E. Mullins,0,John Patrick Ryan,PU,N/A,5,10-12,86,True,2,17
Listowel Racing Results | 6th June 2022 15:10,N/A,15:10,Soft (Heavy In Places),2m 4f,Prince Zaltar (FR),Rachael Blackmore,0,P. J. Rothwell,PU,N/A,5,12-0,102,True,2,17
Listowel Racing Results | 6th June 2022 15:10,N/A,15:10,Soft (Heavy In Places),2m 4f,Shannon Gray (IRE),Sean Flanagan,0,Eoin Christopher McCarthy,PU,N/A,7,11-1t,89,True,2,17
Listowel Racing Results | 6th June 2022 15:10,N/A,15:10,Soft (Heavy In Places),2m 4f,Rare Conor (IRE),D. J. O'Keeffe,0,T. Gibney,12th,22 l,11,12-0p,102,True,2,17
Listowel Racing Results | 6th June 2022 15:10,N/A,15:10,Soft (Heavy In Places),2m 4f,Dylan Lombardy (IRE),Richard Deegan,0,Eoin Christopher McCarthy,11th,32 l,6,11-7p,95,True,2,17
Listowel Racing Results | 6th June 2022 15:10,N/A,15:10,Soft (Heavy In Places),2m 4f,Shean Glory (IRE),Phillip Enright,0,Sean Aherne,10th,4 l,6,11-1t,89,True,2,17
Listowel Racing Results | 6th June 2022 15:10,N/A,15:10,Soft (Heavy In Places),2m 4f,Gold Creek (IRE),Jamie Hayes,7,Aengus King,9th,Head,8,11-5p,93,True,2,17
Listowel Racing Results | 6th June 2022 15:10,N/A,15:10,Soft (Heavy In Places),2m 4f,Allbetsoff (IRE),D. L. Queally,0,Declan Queally,8th,12 l,6,12-0,102,True,2,17
Listowel Racing Results | 6th June 2022 15:10,N/A,15:10,Soft (Heavy In Places),2m 4f,Hisdaywillcome (IRE),Mr R. Sugrue,7,Thomas Cooper,7th,1 l,5,10-13,87,True,2,17
Listowel Racing Results | 6th June 2022 15:10,N/A,15:10,Soft (Heavy In Places),2m 4f,Lighthouse Lady (IRE),J. J. Slevin,0,Edmond Kent,6th,Head,6,11-6p,94,True,2,17
Listowel Racing Results | 6th June 2022 15:10,N/A,15:10,Soft (Heavy In Places),2m 4f,Hascoeur Clermont (FR),Donagh Meyler,0,Gavin Patrick Cromwell,5th,1 1/4 l,5,11-10,98,True,2,17
Listowel Racing Results | 6th June 2022 15:10,N/A,15:10,Soft (Heavy In Places),2m 4f,The Holmeister (IRE),Jack Foley,3,Michael P. Hourigan,4th,3 1/2 l,8,10-11,85,True,2,17
Listowel Racing Results | 6th June 2022 15:10,N/A,15:10,Soft (Heavy In Places),2m 4f,My Friend The Wind (IRE),C. P. McNamara,0,Eric McNamara,3rd,5 l,7,11-6,94,True,2,17
Listowel Racing Results | 6th June 2022 15:10,N/A,15:10,Soft (Heavy In Places),2m 4f,Gringo D'ainay (FR),S. F. O'Keeffe,0,John Queally,2nd,1 3/4 l,6,11-11,99,True,2,17
Listowel Racing Results | 6th June 2022 15:10,N/A,15:10,Soft (Heavy In Places),2m 4f,Navigator Jack (IRE),M. M. McDonagh,7,Eoin Griffin,1st,N/A,5,11-10,98,True,2,17
Listowel Racing Results | 6th June 2022 15:10,N/A,15:10,Soft (Heavy In Places),2m 4f,Cracklinrose (IRE),D. E. Mullins,0,John Patrick Ryan,PU,N/A,5,10-12,86,True,2,17
Listowel Racing Results | 6th June 2022 15:10,N/A,15:10,Soft (Heavy In Places),2m 4f,Prince Zaltar (FR),Rachael Blackmore,0,P. J. Rothwell,PU,N/A,5,12-0,102,True,2,17
Listowel Racing Results | 6th June 2022 15:10,N/A,15:10,Soft (Heavy In Places),2m 4f,Shannon Gray (IRE),Sean Flanagan,0,Eoin Christopher McCarthy,PU,N/A,7,11-1t,89,True,2,17
Listowel Racing Results | 6th June 2022 15:10,N/A,15:10,Soft (Heavy In Places),2m 4f,Rare Conor (IRE),D. J. O'Keeffe,0,T. Gibney,12th,22 l,11,12-0p,102,True,2,17
Listowel Racing Results | 6th June 2022 15:10,N/A,15:10,Soft (Heavy In Places),2m 4f,Dylan Lombardy (IRE),Richard Deegan,0,Eoin Christopher McCarthy,11th,32 l,6,11-7p,95,True,2,17
Listowel Racing Results | 6th June 2022 15:10,N/A,15:10,Soft (Heavy In Places),2m 4f,Shean Glory (IRE),Phillip Enright,0,Sean Aherne,10th,4 l,6,11-1t,89,True,2,17
Listowel Racing Results | 6th June 2022 15:10,N/A,15:10,Soft (Heavy In Places),2m 4f,Gold Creek (IRE),Jamie Hayes,7,Aengus King,9th,Head,8,11-5p,93,True,2,17
Listowel Racing Results | 6th June 2022 15:10,N/A,15:10,Soft (Heavy In Places),2m 4f,Allbetsoff (IRE),D. L. Queally,0,Declan Queally,8th,12 l,6,12-0,102,True,2,17
Listowel Racing Results | 6th June 2022 15:10,N/A,15:10,Soft (Heavy In Places),2m 4f,Hisdaywillcome (IRE),Mr R. Sugrue,7,Thomas Cooper,7th,1 l,5,10-13,87,True,2,17
Listowel Racing Results | 6th June 2022 15:10,N/A,15:10,Soft (Heavy In Places),2m 4f,Lighthouse Lady (IRE),J. J. Slevin,0,Edmond Kent,6th,Head,6,11-6p,94,True,2,17
Listowel Racing Results | 6th June 2022 15:10,N/A,15:10,Soft (Heavy In Places),2m 4f,Hascoeur Clermont (FR),Donagh Meyler,0,Gavin Patrick Cromwell,5th,1 1/4 l,5,11-10,98,True,2,17
Listowel Racing Results | 6th June 2022 15:10,N/A,15:10,Soft (Heavy In Places),2m 4f,The Holmeister (IRE),Jack Foley,3,Michael P. Hourigan,4th,3 1/2 l,8,10-11,85,True,2,17
Listowel Racing Results | 6th June 2022 15:10,N/A,15:10,Soft (Heavy In Places),2m 4f,My Friend The Wind (IRE),C. P. McNamara,0,Eric McNamara,3rd,5 l,7,11-6,94,True,2,17
Listowel Racing Results | 6th June 2022 15:10,N/A,15:10,Soft (Heavy In Places),2m 4f,Gringo D'ainay (FR),S. F. O'Keeffe,0,John Queally,2nd,1 3/4 l,6,11-11,99,True,2,17
Listowel Racing Results | 6th June 2022 15:10,N/A,15:10,Soft (Heavy In Places),2m 4f,Navigator Jack (IRE),M. M. McDonagh,7,Eoin Griffin,1st,N/A,5,11-10,98,True,2,17
Listowel Racing Results | 6th June 2022 15:45,N/A,15:45,Soft (Heavy In Places),2m 4f,Alvaro,C. P. McNamara,0,Eric McNamara,PU,N/A,6,10-4,109,True,2,18
Listowel Racing Results | 6th June 2022 15:45,N/A,15:45,Soft (Heavy In Places),2m 4f,One for Joe (IRE),Phillip Enright,0,Charles Byrnes,PU,N/A,7,10-6,111,True,2,18
Listowel Racing Results | 6th June 2022 15:45,N/A,15:45,Soft (Heavy In Places),2m 4f,Rock On Seamie (IRE),D. J. O'Keeffe,0,Ray Hackett,10th,10 l,7,10-4,109,True,2,18
Listowel Racing Results | 6th June 2022 15:45,N/A,15:45,Soft (Heavy In Places),2m 4f,Eclair De Beaufeu (FR),Ms K. L. Derwin,7,E. J. O'Grady,9th,4 3/4 l,8,11-6p,125,True,2,18
Listowel Racing Results | 6th June 2022 15:45,N/A,15:45,Soft (Heavy In Places),2m 4f,Galon De Vauzelle (FR),Rachael Blackmore,0,P. J. Rothwell,8th,12 l,6,10-0,105,True,2,18
Listowel Racing Results | 6th June 2022 15:45,N/A,15:45,Soft (Heavy In Places),2m 4f,Dinny Lacey (IRE),S. D. Torrens,0,J. D. Motherway,7th,2 l,8,11-1b,120,True,2,18
Listowel Racing Results | 6th June 2022 15:45,N/A,15:45,Soft (Heavy In Places),2m 4f,Fancy Foundations,J. W. Kennedy,0,Gordon Elliott,6th,28 l,8,11-8,127,True,2,18
Listowel Racing Results | 6th June 2022 15:45,N/A,15:45,Soft (Heavy In Places),2m 4f,Railway Hurricane (IRE),M. M. McDonagh,7,Gavin Patrick Cromwell,5th,8 l,7,11-12tp,131,True,2,18
Listowel Racing Results | 6th June 2022 15:45,N/A,15:45,Soft (Heavy In Places),2m 4f,Cahirdown Boy (IRE),Jordan Colin Gainford,0,Eric McNamara,4th,3/4 l,7,10-0t,105,True,2,18
Listowel Racing Results | 6th June 2022 15:45,N/A,15:45,Soft (Heavy In Places),2m 4f,Fest Deiz (FR),Donagh Meyler,0,Kieran Purcell,3rd,1/2 l,7,11-6,125,True,2,18
Listowel Racing Results | 6th June 2022 15:45,N/A,15:45,Soft (Heavy In Places),2m 4f,Summer Tide (IRE),D. E. Mullins,0,Charles Byrnes,2nd,2 1/4 l,7,10-6v1,111,True,2,18
Listowel Racing Results | 6th June 2022 15:45,N/A,15:45,Soft (Heavy In Places),2m 4f,Molly Wedger (IRE),B. Hayes,0,Dermot P. O'Brien,1st,N/A,8,11-1,120,True,2,18
Listowel Racing Results | 6th June 2022 15:45,N/A,15:45,Soft (Heavy In Places),2m 4f,Alvaro,C. P. McNamara,0,Eric McNamara,PU,N/A,6,10-4,109,True,2,18
Listowel Racing Results | 6th June 2022 15:45,N/A,15:45,Soft (Heavy In Places),2m 4f,One for Joe (IRE),Phillip Enright,0,Charles Byrnes,PU,N/A,7,10-6,111,True,2,18
Listowel Racing Results | 6th June 2022 15:45,N/A,15:45,Soft (Heavy In Places),2m 4f,Rock On Seamie (IRE),D. J. O'Keeffe,0,Ray Hackett,10th,10 l,7,10-4,109,True,2,18
Listowel Racing Results | 6th June 2022 15:45,N/A,15:45,Soft (Heavy In Places),2m 4f,Eclair De Beaufeu (FR),Ms K. L. Derwin,7,E. J. O'Grady,9th,4 3/4 l,8,11-6p,125,True,2,18
Listowel Racing Results | 6th June 2022 15:45,N/A,15:45,Soft (Heavy In Places),2m 4f,Galon De Vauzelle (FR),Rachael Blackmore,0,P. J. Rothwell,8th,12 l,6,10-0,105,True,2,18
Listowel Racing Results | 6th June 2022 15:45,N/A,15:45,Soft (Heavy In Places),2m 4f,Dinny Lacey (IRE),S. D. Torrens,0,J. D. Motherway,7th,2 l,8,11-1b,120,True,2,18
Listowel Racing Results | 6th June 2022 15:45,N/A,15:45,Soft (Heavy In Places),2m 4f,Fancy Foundations,J. W. Kennedy,0,Gordon Elliott,6th,28 l,8,11-8,127,True,2,18
Listowel Racing Results | 6th June 2022 15:45,N/A,15:45,Soft (Heavy In Places),2m 4f,Railway Hurricane (IRE),M. M. McDonagh,7,Gavin Patrick Cromwell,5th,8 l,7,11-12tp,131,True,2,18
Listowel Racing Results | 6th June 2022 15:45,N/A,15:45,Soft (Heavy In Places),2m 4f,Cahirdown Boy (IRE),Jordan Colin Gainford,0,Eric McNamara,4th,3/4 l,7,10-0t,105,True,2,18
Listowel Racing Results | 6th June 2022 15:45,N/A,15:45,Soft (Heavy In Places),2m 4f,Fest Deiz (FR),Donagh Meyler,0,Kieran Purcell,3rd,1/2 l,7,11-6,125,True,2,18
Listowel Racing Results | 6th June 2022 15:45,N/A,15:45,Soft (Heavy In Places),2m 4f,Summer Tide (IRE),D. E. Mullins,0,Charles Byrnes,2nd,2 1/4 l,7,10-6v1,111,True,2,18
Listowel Racing Results | 6th June 2022 15:45,N/A,15:45,Soft (Heavy In Places),2m 4f,Molly Wedger (IRE),B. Hayes,0,Dermot P. O'Brien,1st,N/A,8,11-1,120,True,2,18
Listowel Racing Results | 6th June 2022 16:20,N/A,16:20,Soft (Heavy In Places),2m 3f,The Dara Man (IRE),D. E. Mullins,0,John Patrick Ryan,4th,57 l,7,11-2,-,True,2,19
Listowel Racing Results | 6th June 2022 16:20,N/A,16:20,Soft (Heavy In Places),2m 3f,Espion Du Chenet (FR),Phillip Enright,0,Louise G. Lyons,3rd,6 l,8,11-2t,-,True,2,19
Listowel Racing Results | 6th June 2022 16:20,N/A,16:20,Soft (Heavy In Places),2m 3f,Born By The Sea (IRE),Sean Flanagan,0,Paul John Gilligan,2nd,1 1/2 l,8,11-2,-,True,2,19
Listowel Racing Results | 6th June 2022 16:20,N/A,16:20,Soft (Heavy In Places),2m 3f,Easy Game (FR),P. Townend,0,W. P. Mullins,1st,N/A,8,11-12,-,True,2,19
Listowel Racing Results | 6th June 2022 16:20,N/A,16:20,Soft (Heavy In Places),2m 3f,The Dara Man (IRE),D. E. Mullins,0,John Patrick Ryan,4th,57 l,7,11-2,-,True,2,19
Listowel Racing Results | 6th June 2022 16:20,N/A,16:20,Soft (Heavy In Places),2m 3f,Espion Du Chenet (FR),Phillip Enright,0,Louise G. Lyons,3rd,6 l,8,11-2t,-,True,2,19
Listowel Racing Results | 6th June 2022 16:20,N/A,16:20,Soft (Heavy In Places),2m 3f,Born By The Sea (IRE),Sean Flanagan,0,Paul John Gilligan,2nd,1 1/2 l,8,11-2,-,True,2,19
Listowel Racing Results | 6th June 2022 16:20,N/A,16:20,Soft (Heavy In Places),2m 3f,Easy Game (FR),P. Townend,0,W. P. Mullins,1st,N/A,8,11-12,-,True,2,19
Listowel Racing Results | 6th June 2022 16:55,N/A,16:55,Soft (Heavy In Places),3m,General Ryan (IRE),Mr C. P. O'Shea,7,G. Ahern,PU,N/A,8,11-7,-,True,2,20
Listowel Racing Results | 6th June 2022 16:55,N/A,16:55,Soft (Heavy In Places),3m,Dubai Dandy (IRE),Mr M. J. Sweeney,7,Edward Creighton,PU,N/A,10,11-7p,-,True,2,20
Listowel Racing Results | 6th June 2022 16:55,N/A,16:55,Soft (Heavy In Places),3m,Ta Se Rua,Mr D. A. Mulcahy,7,P. J. Healy,F,N/A,9,11-7p1,-,True,2,20
Listowel Racing Results | 6th June 2022 16:55,N/A,16:55,Soft (Heavy In Places),3m,The Red Menace (IRE),Mr P. J. O'Neill,7,Shane Kieran Ryder,3rd,17 l,8,11-7,-,True,2,20
Listowel Racing Results | 6th June 2022 16:55,N/A,16:55,Soft (Heavy In Places),3m,Stamp Your Feet (IRE),Mr S. Connor,7,Stuart Crawford,2nd,11 l,10,11-11tp,-,True,2,20
Listowel Racing Results | 6th June 2022 16:55,N/A,16:55,Soft (Heavy In Places),3m,Stand Up and Fight (IRE),Miss A. B. O'Connor,5,Enda Bolger,1st,N/A,10,12-0b,-,True,2,20
Listowel Racing Results | 6th June 2022 16:55,N/A,16:55,Soft (Heavy In Places),3m,General Ryan (IRE),Mr C. P. O'Shea,7,G. Ahern,PU,N/A,8,11-7,-,True,2,20
Listowel Racing Results | 6th June 2022 16:55,N/A,16:55,Soft (Heavy In Places),3m,Dubai Dandy (IRE),Mr M. J. Sweeney,7,Edward Creighton,PU,N/A,10,11-7p,-,True,2,20
Listowel Racing Results | 6th June 2022 16:55,N/A,16:55,Soft (Heavy In Places),3m,Ta Se Rua,Mr D. A. Mulcahy,7,P. J. Healy,F,N/A,9,11-7p1,-,True,2,20
Listowel Racing Results | 6th June 2022 16:55,N/A,16:55,Soft (Heavy In Places),3m,The Red Menace (IRE),Mr P. J. O'Neill,7,Shane Kieran Ryder,3rd,17 l,8,11-7,-,True,2,20
Listowel Racing Results | 6th June 2022 16:55,N/A,16:55,Soft (Heavy In Places),3m,Stamp Your Feet (IRE),Mr S. Connor,7,Stuart Crawford,2nd,11 l,10,11-11tp,-,True,2,20
Listowel Racing Results | 6th June 2022 16:55,N/A,16:55,Soft (Heavy In Places),3m,Stand Up and Fight (IRE),Miss A. B. O'Connor,5,Enda Bolger,1st,N/A,10,12-0b,-,True,2,20
Listowel Racing Results | 6th June 2022 17:30,N/A,17:30,Soft (Heavy In Places)  Flat (Turf),2m 4f,Drumroe Lad (IRE),Mr D. Kiely,7,Robert Murphy,11th,57 l,5,11-7,-,True,2,21
Listowel Racing Results | 6th June 2022 17:30,N/A,17:30,Soft (Heavy In Places)  Flat (Turf),2m 4f,Stonehall (IRE),Mr J. C. Barry,3,Richard Anthony Foley,10th,23 l,5,11-7,-,True,2,21
Listowel Racing Results | 6th June 2022 17:30,N/A,17:30,Soft (Heavy In Places)  Flat (Turf),2m 4f,Getaway Henry (IRE),Mr E. P. O'Brien,5,Daniel Joseph O'Leary,9th,27 l,5,11-7,-,True,2,21
Listowel Racing Results | 6th June 2022 17:30,N/A,17:30,Soft (Heavy In Places)  Flat (Turf),2m 4f,Killoughteen (IRE),Mr A. D. Bustin,7,Miss J. M. Lee,8th,24 l,6,11-0,-,True,2,21
Listowel Racing Results | 6th June 2022 17:30,N/A,17:30,Soft (Heavy In Places)  Flat (Turf),2m 4f,Prohus Yank (IRE),Mr M. J. McGrath,7,Roger McGrath,7th,3 3/4 l,7,11-7,-,True,2,21
Listowel Racing Results | 6th June 2022 17:30,N/A,17:30,Soft (Heavy In Places)  Flat (Turf),2m 4f,Shotgun Jack (IRE),Derek Thomas McGrath,7,Patrick G. Kelly,6th,1/2 l,4,11-1,-,True,2,21
Listowel Racing Results | 6th June 2022 17:30,N/A,17:30,Soft (Heavy In Places)  Flat (Turf),2m 4f,Ferdinand Star,Mr R. W. Barron,7,Patrick Magee,5th,2 1/4 l,5,11-7,-,True,2,21
Listowel Racing Results | 6th June 2022 17:30,N/A,17:30,Soft (Heavy In Places)  Flat (Turf),2m 4f,Costaweefortune (IRE),Mr T. B. Lyons,7,Ian O'Connor,4th,41 l,6,11-0,-,True,2,21
Listowel Racing Results | 6th June 2022 17:30,N/A,17:30,Soft (Heavy In Places)  Flat (Turf),2m 4f,Old Bill Barley (IRE),Miss J. Townend,5,W. P. Mullins,3rd,4 3/4 l,5,12-0,-,True,2,21
Listowel Racing Results | 6th June 2022 17:30,N/A,17:30,Soft (Heavy In Places)  Flat (Turf),2m 4f,On the Sixth Day (IRE),Mr H. C. Swan,7,John Patrick Ryan,2nd,2 1/2 l,6,11-0,-,True,2,21
Listowel Racing Results | 6th June 2022 17:30,N/A,17:30,Soft (Heavy In Places)  Flat (Turf),2m 4f,Hot As Pepper (IRE),Mr B. W. Harvey,7,John McConnell,1st,N/A,6,11-0t1,-,True,2,21
Listowel Racing Results | 6th June 2022 17:30,N/A,17:30,Soft (Heavy In Places)  Flat (Turf),2m 4f,Drumroe Lad (IRE),Mr D. Kiely,7,Robert Murphy,11th,57 l,5,11-7,-,True,2,21
Listowel Racing Results | 6th June 2022 17:30,N/A,17:30,Soft (Heavy In Places)  Flat (Turf),2m 4f,Stonehall (IRE),Mr J. C. Barry,3,Richard Anthony Foley,10th,23 l,5,11-7,-,True,2,21
Listowel Racing Results | 6th June 2022 17:30,N/A,17:30,Soft (Heavy In Places)  Flat (Turf),2m 4f,Getaway Henry (IRE),Mr E. P. O'Brien,5,Daniel Joseph O'Leary,9th,27 l,5,11-7,-,True,2,21
Listowel Racing Results | 6th June 2022 17:30,N/A,17:30,Soft (Heavy In Places)  Flat (Turf),2m 4f,Killoughteen (IRE),Mr A. D. Bustin,7,Miss J. M. Lee,8th,24 l,6,11-0,-,True,2,21
Listowel Racing Results | 6th June 2022 17:30,N/A,17:30,Soft (Heavy In Places)  Flat (Turf),2m 4f,Prohus Yank (IRE),Mr M. J. McGrath,7,Roger McGrath,7th,3 3/4 l,7,11-7,-,True,2,21
Listowel Racing Results | 6th June 2022 17:30,N/A,17:30,Soft (Heavy In Places)  Flat (Turf),2m 4f,Shotgun Jack (IRE),Derek Thomas McGrath,7,Patrick G. Kelly,6th,1/2 l,4,11-1,-,True,2,21
Listowel Racing Results | 6th June 2022 17:30,N/A,17:30,Soft (Heavy In Places)  Flat (Turf),2m 4f,Ferdinand Star,Mr R. W. Barron,7,Patrick Magee,5th,2 1/4 l,5,11-7,-,True,2,21
Listowel Racing Results | 6th June 2022 17:30,N/A,17:30,Soft (Heavy In Places)  Flat (Turf),2m 4f,Costaweefortune (IRE),Mr T. B. Lyons,7,Ian O'Connor,4th,41 l,6,11-0,-,True,2,21
Listowel Racing Results | 6th June 2022 17:30,N/A,17:30,Soft (Heavy In Places)  Flat (Turf),2m 4f,Old Bill Barley (IRE),Miss J. Townend,5,W. P. Mullins,3rd,4 3/4 l,5,12-0,-,True,2,21
Listowel Racing Results | 6th June 2022 17:30,N/A,17:30,Soft (Heavy In Places)  Flat (Turf),2m 4f,On the Sixth Day (IRE),Mr H. C. Swan,7,John Patrick Ryan,2nd,2 1/2 l,6,11-0,-,True,2,21
Listowel Racing Results | 6th June 2022 17:30,N/A,17:30,Soft (Heavy In Places)  Flat (Turf),2m 4f,Hot As Pepper (IRE),Mr B. W. Harvey,7,John McConnell,1st,N/A,6,11-0t1,-,True,2,21
Wexford Racing Results | 8th June 2022 14:00,N/A,14:00,Yielding (Good In Places),2m,Long Wood (IRE),I. J. Power,0,Patrick Breen,PU,N/A,10,11-7,-,True,2,22
Wexford Racing Results | 8th June 2022 14:00,N/A,14:00,Yielding (Good In Places),2m,Boola Belle (IRE),Kieran Callaghan,0,Seamus Spillane,PU,N/A,6,11-7,-,True,2,22
Wexford Racing Results | 8th June 2022 14:00,N/A,14:00,Yielding (Good In Places),2m,Felicity Flick (IRE),C. M. Quirke,7,A. Slattery,PU,N/A,5,11-7,-,True,2,22
Wexford Racing Results | 8th June 2022 14:00,N/A,14:00,Yielding (Good In Places),2m,Allyouneedisone (IRE),S. D. Torrens,0,Eoin Griffin,7th,7 l,7,11-7,-,True,2,22
Wexford Racing Results | 8th June 2022 14:00,N/A,14:00,Yielding (Good In Places),2m,Karetta Davis (FR),N. T. Prendergast,7,T. Shanahan,6th,35 l,6,11-7,-,True,2,22
Wexford Racing Results | 8th June 2022 14:00,N/A,14:00,Yielding (Good In Places),2m,Agirlcalledchloe (IRE),Patrick O'Hanlon,5,P. J. Rothwell,5th,1 1/2 l,5,11-7p,-,True,2,22
Wexford Racing Results | 8th June 2022 14:00,N/A,14:00,Yielding (Good In Places),2m,Daisy Dufresne (IRE),Niall Moore,7,Gordon Elliott,4th,3 3/4 l,6,11-7,-,True,2,22
Wexford Racing Results | 8th June 2022 14:00,N/A,14:00,Yielding (Good In Places),2m,Uppertown Mya (IRE),Gearoid Patrick Brouder,5,Mary E Doyle,3rd,6 1/2 l,7,11-7p,-,True,2,22
Wexford Racing Results | 8th June 2022 14:00,N/A,14:00,Yielding (Good In Places),2m,Trendy Lady (IRE),Derek Thomas McGrath,7,Henry de Bromhead,2nd,2 3/4 l,6,11-7t1,-,True,2,22
Wexford Racing Results | 8th June 2022 14:00,N/A,14:00,Yielding (Good In Places),2m,Jakes Dream (IRE),R. J. Condon,7,Michael Winters,1st,N/A,7,11-7,-,True,2,22
Wexford Racing Results | 8th June 2022 14:00,N/A,14:00,Yielding (Good In Places),2m,Long Wood (IRE),I. J. Power,0,Patrick Breen,PU,N/A,10,11-7,-,True,2,22
Wexford Racing Results | 8th June 2022 14:00,N/A,14:00,Yielding (Good In Places),2m,Boola Belle (IRE),Kieran Callaghan,0,Seamus Spillane,PU,N/A,6,11-7,-,True,2,22
Wexford Racing Results | 8th June 2022 14:00,N/A,14:00,Yielding (Good In Places),2m,Felicity Flick (IRE),C. M. Quirke,7,A. Slattery,PU,N/A,5,11-7,-,True,2,22
Wexford Racing Results | 8th June 2022 14:00,N/A,14:00,Yielding (Good In Places),2m,Allyouneedisone (IRE),S. D. Torrens,0,Eoin Griffin,7th,7 l,7,11-7,-,True,2,22
Wexford Racing Results | 8th June 2022 14:00,N/A,14:00,Yielding (Good In Places),2m,Karetta Davis (FR),N. T. Prendergast,7,T. Shanahan,6th,35 l,6,11-7,-,True,2,22
Wexford Racing Results | 8th June 2022 14:00,N/A,14:00,Yielding (Good In Places),2m,Agirlcalledchloe (IRE),Patrick O'Hanlon,5,P. J. Rothwell,5th,1 1/2 l,5,11-7p,-,True,2,22
Wexford Racing Results | 8th June 2022 14:00,N/A,14:00,Yielding (Good In Places),2m,Daisy Dufresne (IRE),Niall Moore,7,Gordon Elliott,4th,3 3/4 l,6,11-7,-,True,2,22
Wexford Racing Results | 8th June 2022 14:00,N/A,14:00,Yielding (Good In Places),2m,Uppertown Mya (IRE),Gearoid Patrick Brouder,5,Mary E Doyle,3rd,6 1/2 l,7,11-7p,-,True,2,22
Wexford Racing Results | 8th June 2022 14:00,N/A,14:00,Yielding (Good In Places),2m,Trendy Lady (IRE),Derek Thomas McGrath,7,Henry de Bromhead,2nd,2 3/4 l,6,11-7t1,-,True,2,22
Wexford Racing Results | 8th June 2022 14:00,N/A,14:00,Yielding (Good In Places),2m,Jakes Dream (IRE),R. J. Condon,7,Michael Winters,1st,N/A,7,11-7,-,True,2,22
Wexford Racing Results | 8th June 2022 14:35,N/A,14:35,Yielding (Good In Places) unity Maiden Hurdle (Turf),2m,Other Plans (IRE),Patrick O'Hanlon,2,P. J. Rothwell,PU,N/A,5,11-4,-,True,2,23
Wexford Racing Results | 8th June 2022 14:35,N/A,14:35,Yielding (Good In Places) unity Maiden Hurdle (Turf),2m,Ballykeeran (IRE),Philip Donovan,2,Gerard Michael Hussey,PU,N/A,7,11-4,-,True,2,23
Wexford Racing Results | 8th June 2022 14:35,N/A,14:35,Yielding (Good In Places) unity Maiden Hurdle (Turf),2m,Macaban City (IRE),M. M. McDonagh,4,Gerard Michael Hussey,PU,N/A,6,11-12,-,True,2,23
Wexford Racing Results | 8th June 2022 14:35,N/A,14:35,Yielding (Good In Places) unity Maiden Hurdle (Turf),2m,Convertible (IRE),A. P. Kelly,4,Anthony McCann,9th,12 l,5,11-12,-,True,2,23
Wexford Racing Results | 8th June 2022 14:35,N/A,14:35,Yielding (Good In Places) unity Maiden Hurdle (Turf),2m,Jet Fighter (IRE),C. Brassil,2,C. W. J. Farrell,8th,31 l,5,11-4,-,True,2,23
Wexford Racing Results | 8th June 2022 14:35,N/A,14:35,Yielding (Good In Places) unity Maiden Hurdle (Turf),2m,Chainofconsequence (IRE),Jamie Hayes,4,Aengus King,7th,4 1/2 l,5,11-4,-,True,2,23
Wexford Racing Results | 8th June 2022 14:35,N/A,14:35,Yielding (Good In Places) unity Maiden Hurdle (Turf),2m,Tincurra Lad (IRE),S. A. Mulcahy,4,W. J. Martin,6th,8 l,5,11-4,-,True,2,23
Wexford Racing Results | 8th June 2022 14:35,N/A,14:35,Yielding (Good In Places) unity Maiden Hurdle (Turf),2m,King Otis (IRE),Daniel Holden,4,Kieran Purcell,5th,2 1/4 l,6,11-4,-,True,2,23
Wexford Racing Results | 8th June 2022 14:35,N/A,14:35,Yielding (Good In Places) unity Maiden Hurdle (Turf),2m,Anyonecanhaveitall,R. J. Condon,4,Eoin Doyle,4th,14 l,6,11-12,-,True,2,23
Wexford Racing Results | 8th June 2022 14:35,N/A,14:35,Yielding (Good In Places) unity Maiden Hurdle (Turf),2m,Starzov (IRE),Jack Foley,0,P. J. Rothwell,3rd,3 3/4 l,5,11-4,-,True,2,23
Wexford Racing Results | 8th June 2022 14:35,N/A,14:35,Yielding (Good In Places) unity Maiden Hurdle (Turf),2m,Copperwell (IRE),Corey McGivern,4,Gordon Elliott,2nd,2 1/4 l,7,11-4,-,True,2,23
Wexford Racing Results | 8th June 2022 14:35,N/A,14:35,Yielding (Good In Places) unity Maiden Hurdle (Turf),2m,Kings Keeper (IRE),C. G. O'Dwyer,4,Henry de Bromhead,1st,N/A,7,11-4p1,-,True,2,23
Wexford Racing Results | 8th June 2022 14:35,N/A,14:35,Yielding (Good In Places) unity Maiden Hurdle (Turf),2m,Other Plans (IRE),Patrick O'Hanlon,2,P. J. Rothwell,PU,N/A,5,11-4,-,True,2,23
Wexford Racing Results | 8th June 2022 14:35,N/A,14:35,Yielding (Good In Places) unity Maiden Hurdle (Turf),2m,Ballykeeran (IRE),Philip Donovan,2,Gerard Michael Hussey,PU,N/A,7,11-4,-,True,2,23
Wexford Racing Results | 8th June 2022 14:35,N/A,14:35,Yielding (Good In Places) unity Maiden Hurdle (Turf),2m,Macaban City (IRE),M. M. McDonagh,4,Gerard Michael Hussey,PU,N/A,6,11-12,-,True,2,23
Wexford Racing Results | 8th June 2022 14:35,N/A,14:35,Yielding (Good In Places) unity Maiden Hurdle (Turf),2m,Convertible (IRE),A. P. Kelly,4,Anthony McCann,9th,12 l,5,11-12,-,True,2,23
Wexford Racing Results | 8th June 2022 14:35,N/A,14:35,Yielding (Good In Places) unity Maiden Hurdle (Turf),2m,Jet Fighter (IRE),C. Brassil,2,C. W. J. Farrell,8th,31 l,5,11-4,-,True,2,23
Wexford Racing Results | 8th June 2022 14:35,N/A,14:35,Yielding (Good In Places) unity Maiden Hurdle (Turf),2m,Chainofconsequence (IRE),Jamie Hayes,4,Aengus King,7th,4 1/2 l,5,11-4,-,True,2,23
Wexford Racing Results | 8th June 2022 14:35,N/A,14:35,Yielding (Good In Places) unity Maiden Hurdle (Turf),2m,Tincurra Lad (IRE),S. A. Mulcahy,4,W. J. Martin,6th,8 l,5,11-4,-,True,2,23
Wexford Racing Results | 8th June 2022 14:35,N/A,14:35,Yielding (Good In Places) unity Maiden Hurdle (Turf),2m,King Otis (IRE),Daniel Holden,4,Kieran Purcell,5th,2 1/4 l,6,11-4,-,True,2,23
Wexford Racing Results | 8th June 2022 14:35,N/A,14:35,Yielding (Good In Places) unity Maiden Hurdle (Turf),2m,Anyonecanhaveitall,R. J. Condon,4,Eoin Doyle,4th,14 l,6,11-12,-,True,2,23
Wexford Racing Results | 8th June 2022 14:35,N/A,14:35,Yielding (Good In Places) unity Maiden Hurdle (Turf),2m,Starzov (IRE),Jack Foley,0,P. J. Rothwell,3rd,3 3/4 l,5,11-4,-,True,2,23
Wexford Racing Results | 8th June 2022 14:35,N/A,14:35,Yielding (Good In Places) unity Maiden Hurdle (Turf),2m,Copperwell (IRE),Corey McGivern,4,Gordon Elliott,2nd,2 1/4 l,7,11-4,-,True,2,23
Wexford Racing Results | 8th June 2022 14:35,N/A,14:35,Yielding (Good In Places) unity Maiden Hurdle (Turf),2m,Kings Keeper (IRE),C. G. O'Dwyer,4,Henry de Bromhead,1st,N/A,7,11-4p1,-,True,2,23
Wexford Racing Results | 8th June 2022 15:10,N/A,15:10,Yielding (Good In Places),3m 110y,Perceval Legallois (FR),S. D. Torrens,0,Gavin Patrick Cromwell,UR,N/A,5,11-12,-,True,2,24
Wexford Racing Results | 8th June 2022 15:10,N/A,15:10,Yielding (Good In Places),3m 110y,Gaye Niniski (IRE),D. Robinson,0,R. P. Rath,PU,N/A,7,10-11,-,True,2,24
Wexford Racing Results | 8th June 2022 15:10,N/A,15:10,Yielding (Good In Places),3m 110y,Vibrance,D. J. McInerney,0,Joseph Patrick O'Brien,PU,N/A,6,11-5,-,True,2,24
Wexford Racing Results | 8th June 2022 15:10,N/A,15:10,Yielding (Good In Places),3m 110y,As You Do (IRE),Derek Thomas McGrath,7,David Richard Barry,PU,N/A,7,11-4,-,True,2,24
Wexford Racing Results | 8th June 2022 15:10,N/A,15:10,Yielding (Good In Places),3m 110y,Qatar Spirit (FR),C. M. Quirke,7,Timothy Cleary,8th,79 l,8,11-12,-,True,2,24
Wexford Racing Results | 8th June 2022 15:10,N/A,15:10,Yielding (Good In Places),3m 110y,Croi Corcra (IRE),C. P. McNamara,0,Colin Bowe,7th,49 l,5,10-11,-,True,2,24
Wexford Racing Results | 8th June 2022 15:10,N/A,15:10,Yielding (Good In Places),3m 110y,Eva Said No (IRE),C. Halpin,7,T. Gibney,6th,1/2 l,6,10-11,-,True,2,24
Wexford Racing Results | 8th June 2022 15:10,N/A,15:10,Yielding (Good In Places),3m 110y,Bonne Derreen (IRE),Patrick O'Hanlon,5,Mark John Scallan,5th,38 l,5,10-11,-,True,2,24
Wexford Racing Results | 8th June 2022 15:10,N/A,15:10,Yielding (Good In Places),3m 110y,The Folkes Tiara (IRE),C. Brassil,5,Henry de Bromhead,4th,15 l,6,11-4t,-,True,2,24
Wexford Racing Results | 8th June 2022 15:10,N/A,15:10,Yielding (Good In Places),3m 110y,Good Girl Robin (IRE),A. P. Kelly,0,Miss D. M. O'Shea,3rd,25 l,5,10-11t,-,True,2,24
Wexford Racing Results | 8th June 2022 15:10,N/A,15:10,Yielding (Good In Places),3m 110y,Mangan Sue (IRE),Peter Carberry,0,Anthony John Black,2nd,5 l,6,10-11,-,True,2,24
Wexford Racing Results | 8th June 2022 15:10,N/A,15:10,Yielding (Good In Places),3m 110y,Don't Tell Allen (IRE),I. J. Power,0,John Queally,1st,N/A,7,11-4,-,True,2,24
Wexford Racing Results | 8th June 2022 15:10,N/A,15:10,Yielding (Good In Places),3m 110y,Perceval Legallois (FR),S. D. Torrens,0,Gavin Patrick Cromwell,UR,N/A,5,11-12,-,True,2,24
Wexford Racing Results | 8th June 2022 15:10,N/A,15:10,Yielding (Good In Places),3m 110y,Gaye Niniski (IRE),D. Robinson,0,R. P. Rath,PU,N/A,7,10-11,-,True,2,24
Wexford Racing Results | 8th June 2022 15:10,N/A,15:10,Yielding (Good In Places),3m 110y,Vibrance,D. J. McInerney,0,Joseph Patrick O'Brien,PU,N/A,6,11-5,-,True,2,24
Wexford Racing Results | 8th June 2022 15:10,N/A,15:10,Yielding (Good In Places),3m 110y,As You Do (IRE),Derek Thomas McGrath,7,David Richard Barry,PU,N/A,7,11-4,-,True,2,24
Wexford Racing Results | 8th June 2022 15:10,N/A,15:10,Yielding (Good In Places),3m 110y,Qatar Spirit (FR),C. M. Quirke,7,Timothy Cleary,8th,79 l,8,11-12,-,True,2,24
Wexford Racing Results | 8th June 2022 15:10,N/A,15:10,Yielding (Good In Places),3m 110y,Croi Corcra (IRE),C. P. McNamara,0,Colin Bowe,7th,49 l,5,10-11,-,True,2,24
Wexford Racing Results | 8th June 2022 15:10,N/A,15:10,Yielding (Good In Places),3m 110y,Eva Said No (IRE),C. Halpin,7,T. Gibney,6th,1/2 l,6,10-11,-,True,2,24
Wexford Racing Results | 8th June 2022 15:10,N/A,15:10,Yielding (Good In Places),3m 110y,Bonne Derreen (IRE),Patrick O'Hanlon,5,Mark John Scallan,5th,38 l,5,10-11,-,True,2,24
Wexford Racing Results | 8th June 2022 15:10,N/A,15:10,Yielding (Good In Places),3m 110y,The Folkes Tiara (IRE),C. Brassil,5,Henry de Bromhead,4th,15 l,6,11-4t,-,True,2,24
Wexford Racing Results | 8th June 2022 15:10,N/A,15:10,Yielding (Good In Places),3m 110y,Good Girl Robin (IRE),A. P. Kelly,0,Miss D. M. O'Shea,3rd,25 l,5,10-11t,-,True,2,24
Wexford Racing Results | 8th June 2022 15:10,N/A,15:10,Yielding (Good In Places),3m 110y,Mangan Sue (IRE),Peter Carberry,0,Anthony John Black,2nd,5 l,6,10-11,-,True,2,24
Wexford Racing Results | 8th June 2022 15:10,N/A,15:10,Yielding (Good In Places),3m 110y,Don't Tell Allen (IRE),I. J. Power,0,John Queally,1st,N/A,7,11-4,-,True,2,24
Wexford Racing Results | 8th June 2022 15:45,N/A,15:45,Yielding (Good In Places),3m 110y,Mooney Boy (IRE),C. M. Quirke,7,P. J. Rothwell,PU,N/A,5,10-12p1,86,True,2,25
Wexford Racing Results | 8th June 2022 15:45,N/A,15:45,Yielding (Good In Places),3m 110y,Lesssaidthebetter,S. D. Torrens,0,P. J. Rothwell,10th,3 3/4 l,8,10-10,84,True,2,25
Wexford Racing Results | 8th June 2022 15:45,N/A,15:45,Yielding (Good In Places),3m 110y,Balgowlah (IRE),C. P. McNamara,0,Colin A. McBratney,9th,8 1/2 l,7,10-6p,80,True,2,25
Wexford Racing Results | 8th June 2022 15:45,N/A,15:45,Yielding (Good In Places),3m 110y,Hastobedone (IRE),Mr C. Smithers,7,P. J. Rothwell,8th,13 l,6,10-12,86,True,2,25
Wexford Racing Results | 8th June 2022 15:45,N/A,15:45,Yielding (Good In Places),3m 110y,Yulong Voice,Kieran Callaghan,7,Shane Nolan,7th,2 1/2 l,5,11-10t,98,True,2,25
Wexford Racing Results | 8th June 2022 15:45,N/A,15:45,Yielding (Good In Places),3m 110y,Iridescent (USA),M. P. Fogarty,0,Jonathan Fogarty,6th,2 1/2 l,8,11-10,98,True,2,25
Wexford Racing Results | 8th June 2022 15:45,N/A,15:45,Yielding (Good In Places),3m 110y,Raven Queen (IRE),A. P. Kelly,7,Daniel G. Murphy,5th,Neck,8,10-10,84,True,2,25
Wexford Racing Results | 8th June 2022 15:45,N/A,15:45,Yielding (Good In Places),3m 110y,Roccorionach (IRE),N. T. Prendergast,7,Miss Evanna McCutcheon,4th,8 1/2 l,5,10-6,80,True,2,25
Wexford Racing Results | 8th June 2022 15:45,N/A,15:45,Yielding (Good In Places),3m 110y,Bonne Debut (IRE),Patrick O'Hanlon,5,Mark John Scallan,3rd,1/2 l,6,12-1,103,True,2,25
Wexford Racing Results | 8th June 2022 15:45,N/A,15:45,Yielding (Good In Places),3m 110y,Journey West (IRE),S. O'Callaghan,0,Colin A. McBratney,2nd,3 1/2 l,6,11-2b,90,True,2,25
Wexford Racing Results | 8th June 2022 15:45,N/A,15:45,Yielding (Good In Places),3m 110y,Bearwithmenow (IRE),G. Bourke,7,J. P. Flavin,1st,N/A,5,10-7,81,True,2,25
Wexford Racing Results | 8th June 2022 15:45,N/A,15:45,Yielding (Good In Places),3m 110y,Mooney Boy (IRE),C. M. Quirke,7,P. J. Rothwell,PU,N/A,5,10-12p1,86,True,2,25
Wexford Racing Results | 8th June 2022 15:45,N/A,15:45,Yielding (Good In Places),3m 110y,Lesssaidthebetter,S. D. Torrens,0,P. J. Rothwell,10th,3 3/4 l,8,10-10,84,True,2,25
Wexford Racing Results | 8th June 2022 15:45,N/A,15:45,Yielding (Good In Places),3m 110y,Balgowlah (IRE),C. P. McNamara,0,Colin A. McBratney,9th,8 1/2 l,7,10-6p,80,True,2,25
Wexford Racing Results | 8th June 2022 15:45,N/A,15:45,Yielding (Good In Places),3m 110y,Hastobedone (IRE),Mr C. Smithers,7,P. J. Rothwell,8th,13 l,6,10-12,86,True,2,25
Wexford Racing Results | 8th June 2022 15:45,N/A,15:45,Yielding (Good In Places),3m 110y,Yulong Voice,Kieran Callaghan,7,Shane Nolan,7th,2 1/2 l,5,11-10t,98,True,2,25
Wexford Racing Results | 8th June 2022 15:45,N/A,15:45,Yielding (Good In Places),3m 110y,Iridescent (USA),M. P. Fogarty,0,Jonathan Fogarty,6th,2 1/2 l,8,11-10,98,True,2,25
Wexford Racing Results | 8th June 2022 15:45,N/A,15:45,Yielding (Good In Places),3m 110y,Raven Queen (IRE),A. P. Kelly,7,Daniel G. Murphy,5th,Neck,8,10-10,84,True,2,25
Wexford Racing Results | 8th June 2022 15:45,N/A,15:45,Yielding (Good In Places),3m 110y,Roccorionach (IRE),N. T. Prendergast,7,Miss Evanna McCutcheon,4th,8 1/2 l,5,10-6,80,True,2,25
Wexford Racing Results | 8th June 2022 15:45,N/A,15:45,Yielding (Good In Places),3m 110y,Bonne Debut (IRE),Patrick O'Hanlon,5,Mark John Scallan,3rd,1/2 l,6,12-1,103,True,2,25
Wexford Racing Results | 8th June 2022 15:45,N/A,15:45,Yielding (Good In Places),3m 110y,Journey West (IRE),S. O'Callaghan,0,Colin A. McBratney,2nd,3 1/2 l,6,11-2b,90,True,2,25
Wexford Racing Results | 8th June 2022 15:45,N/A,15:45,Yielding (Good In Places),3m 110y,Bearwithmenow (IRE),G. Bourke,7,J. P. Flavin,1st,N/A,5,10-7,81,True,2,25
Wexford Racing Results | 8th June 2022 16:20,N/A,16:20,Yielding (Good In Places),2m 4f,Baptism Of Fire (IRE),C. G. O'Dwyer,7,Henry de Bromhead,5th,14 l,7,11-10p,-,True,2,26
Wexford Racing Results | 8th June 2022 16:20,N/A,16:20,Yielding (Good In Places),2m 4f,Il Courra (IRE),Patrick O'Hanlon,5,C. W. J. Farrell,4th,6 1/2 l,7,11-10t,-,True,2,26
Wexford Racing Results | 8th June 2022 16:20,N/A,16:20,Yielding (Good In Places),2m 4f,Fest Deiz (FR),I. J. Power,0,Kieran Purcell,3rd,14 l,7,11-10,-,True,2,26
Wexford Racing Results | 8th June 2022 16:20,N/A,16:20,Yielding (Good In Places),2m 4f,Effernock Fizz (IRE),Conor Orr,0,Miss Katy Brown,2nd,9 l,7,10-11,-,True,2,26
Wexford Racing Results | 8th June 2022 16:20,N/A,16:20,Yielding (Good In Places),2m 4f,Ganapathi (FR),Kieran Callaghan,7,W. P. Mullins,1st,N/A,6,11-10t,-,True,2,26
Wexford Racing Results | 8th June 2022 16:20,N/A,16:20,Yielding (Good In Places),2m 4f,Baptism Of Fire (IRE),C. G. O'Dwyer,7,Henry de Bromhead,5th,14 l,7,11-10p,-,True,2,26
Wexford Racing Results | 8th June 2022 16:20,N/A,16:20,Yielding (Good In Places),2m 4f,Il Courra (IRE),Patrick O'Hanlon,5,C. W. J. Farrell,4th,6 1/2 l,7,11-10t,-,True,2,26
Wexford Racing Results | 8th June 2022 16:20,N/A,16:20,Yielding (Good In Places),2m 4f,Fest Deiz (FR),I. J. Power,0,Kieran Purcell,3rd,14 l,7,11-10,-,True,2,26
Wexford Racing Results | 8th June 2022 16:20,N/A,16:20,Yielding (Good In Places),2m 4f,Effernock Fizz (IRE),Conor Orr,0,Miss Katy Brown,2nd,9 l,7,10-11,-,True,2,26
Wexford Racing Results | 8th June 2022 16:20,N/A,16:20,Yielding (Good In Places),2m 4f,Ganapathi (FR),Kieran Callaghan,7,W. P. Mullins,1st,N/A,6,11-10t,-,True,2,26
Wexford Racing Results | 8th June 2022 16:55,N/A,16:55,Yielding (Good In Places),2m 4f,Neptunus Equester (IRE),Patrick O'Hanlon,2,P. J. Rothwell,UR,N/A,7,11-0,81,True,2,27
Wexford Racing Results | 8th June 2022 16:55,N/A,16:55,Yielding (Good In Places),2m 4f,Capture the Drama (IRE),S. O'Callaghan,4,Aengus King,PU,N/A,14,10-0p,67,True,2,27
Wexford Racing Results | 8th June 2022 16:55,N/A,16:55,Yielding (Good In Places),2m 4f,Presenting Cody (IRE),Kieran Callaghan,4,Mark McNiff,F,N/A,7,12-0,95,True,2,27
Wexford Racing Results | 8th June 2022 16:55,N/A,16:55,Yielding (Good In Places),2m 4f,Greenway Machine (IRE),Mr C. Smithers,4,Ms Helen P. Markham,10th,1 l,10,11-1,82,True,2,27
Wexford Racing Results | 8th June 2022 16:55,N/A,16:55,Yielding (Good In Places),2m 4f,Crimson Chief (IRE),Derek Thomas McGrath,4,J. Morrison,9th,3/4 l,10,11-7,88,True,2,27
Wexford Racing Results | 8th June 2022 16:55,N/A,16:55,Yielding (Good In Places),2m 4f,I Don't Get It (IRE),Gearoid Patrick Brouder,2,Neill McCluskey,8th,14 l,8,11-2,83,True,2,27
Wexford Racing Results | 8th June 2022 16:55,N/A,16:55,Yielding (Good In Places),2m 4f,Garrai Phaidin (IRE),Jack Foley,0,Shane Kieran Ryder,7th,2 l,13,10-10t,77,True,2,27
Wexford Racing Results | 8th June 2022 16:55,N/A,16:55,Yielding (Good In Places),2m 4f,Steelers Appeal (IRE),N. T. Prendergast,4,Miss Evanna McCutcheon,6th,Head,9,11-12,93,True,2,27
Wexford Racing Results | 8th June 2022 16:55,N/A,16:55,Yielding (Good In Places),2m 4f,Go Battle (IRE),S. A. Mulcahy,4,Philip Michael Byrne,5th,10 l,8,10-13,80,True,2,27
Wexford Racing Results | 8th June 2022 16:55,N/A,16:55,Yielding (Good In Places),2m 4f,Dalileo (IRE),Shane Fenelon,4,John Joseph Hanlon,4th,3 3/4 l,7,11-12p,93,True,2,27
Wexford Racing Results | 8th June 2022 16:55,N/A,16:55,Yielding (Good In Places),2m 4f,Trans Wood (IRE),Philip Donovan,2,Gordon Michael Doyle,3rd,7 l,10,10-12,79,True,2,27
Wexford Racing Results | 8th June 2022 16:55,N/A,16:55,Yielding (Good In Places),2m 4f,Meehall (IRE),M. M. McDonagh,0,Eric McNamara,2nd,3 1/2 l,6,11-3h,84,True,2,27
Wexford Racing Results | 8th June 2022 16:55,N/A,16:55,Yielding (Good In Places),2m 4f,Where's Bunny (IRE),R. J. Condon,4,N. Dooly,1st,N/A,7,11-13,94,True,2,27
Wexford Racing Results | 8th June 2022 16:55,N/A,16:55,Yielding (Good In Places),2m 4f,Neptunus Equester (IRE),Patrick O'Hanlon,2,P. J. Rothwell,UR,N/A,7,11-0,81,True,2,27
Wexford Racing Results | 8th June 2022 16:55,N/A,16:55,Yielding (Good In Places),2m 4f,Capture the Drama (IRE),S. O'Callaghan,4,Aengus King,PU,N/A,14,10-0p,67,True,2,27
Wexford Racing Results | 8th June 2022 16:55,N/A,16:55,Yielding (Good In Places),2m 4f,Presenting Cody (IRE),Kieran Callaghan,4,Mark McNiff,F,N/A,7,12-0,95,True,2,27
Wexford Racing Results | 8th June 2022 16:55,N/A,16:55,Yielding (Good In Places),2m 4f,Greenway Machine (IRE),Mr C. Smithers,4,Ms Helen P. Markham,10th,1 l,10,11-1,82,True,2,27
Wexford Racing Results | 8th June 2022 16:55,N/A,16:55,Yielding (Good In Places),2m 4f,Crimson Chief (IRE),Derek Thomas McGrath,4,J. Morrison,9th,3/4 l,10,11-7,88,True,2,27
Wexford Racing Results | 8th June 2022 16:55,N/A,16:55,Yielding (Good In Places),2m 4f,I Don't Get It (IRE),Gearoid Patrick Brouder,2,Neill McCluskey,8th,14 l,8,11-2,83,True,2,27
Wexford Racing Results | 8th June 2022 16:55,N/A,16:55,Yielding (Good In Places),2m 4f,Garrai Phaidin (IRE),Jack Foley,0,Shane Kieran Ryder,7th,2 l,13,10-10t,77,True,2,27
Wexford Racing Results | 8th June 2022 16:55,N/A,16:55,Yielding (Good In Places),2m 4f,Steelers Appeal (IRE),N. T. Prendergast,4,Miss Evanna McCutcheon,6th,Head,9,11-12,93,True,2,27
Wexford Racing Results | 8th June 2022 16:55,N/A,16:55,Yielding (Good In Places),2m 4f,Go Battle (IRE),S. A. Mulcahy,4,Philip Michael Byrne,5th,10 l,8,10-13,80,True,2,27
Wexford Racing Results | 8th June 2022 16:55,N/A,16:55,Yielding (Good In Places),2m 4f,Dalileo (IRE),Shane Fenelon,4,John Joseph Hanlon,4th,3 3/4 l,7,11-12p,93,True,2,27
Wexford Racing Results | 8th June 2022 16:55,N/A,16:55,Yielding (Good In Places),2m 4f,Trans Wood (IRE),Philip Donovan,2,Gordon Michael Doyle,3rd,7 l,10,10-12,79,True,2,27
Wexford Racing Results | 8th June 2022 16:55,N/A,16:55,Yielding (Good In Places),2m 4f,Meehall (IRE),M. M. McDonagh,0,Eric McNamara,2nd,3 1/2 l,6,11-3h,84,True,2,27
Wexford Racing Results | 8th June 2022 16:55,N/A,16:55,Yielding (Good In Places),2m 4f,Where's Bunny (IRE),R. J. Condon,4,N. Dooly,1st,N/A,7,11-13,94,True,2,27
Wexford Racing Results | 8th June 2022 17:30,N/A,17:30,Yielding (Good In Places),3m 1f 70y,Blue Markie (IRE),D. P. Maxwell,7,Andrew McNamara,UR,N/A,8,11-8,96,True,2,28
Wexford Racing Results | 8th June 2022 17:30,N/A,17:30,Yielding (Good In Places),3m 1f 70y,Sidetracked,J. C. Canavan,7,P. J. F. Murphy,PU,N/A,9,11-0b1,88,True,2,28
Wexford Racing Results | 8th June 2022 17:30,N/A,17:30,Yielding (Good In Places),3m 1f 70y,Krisquin (IRE),Conor Orr,0,Shane Nolan,PU,N/A,11,10-1tb,75,True,2,28
Wexford Racing Results | 8th June 2022 17:30,N/A,17:30,Yielding (Good In Places),3m 1f 70y,Esthers Marvel (IRE),R. J. Condon,7,David Kenneth Budds,PU,N/A,9,11-12tp,100,True,2,28
Wexford Racing Results | 8th June 2022 17:30,N/A,17:30,Yielding (Good In Places),3m 1f 70y,Follow the Crowd (IRE),S. D. Torrens,0,Aidan Anthony Howard,F,N/A,7,11-12p,100,True,2,28
Wexford Racing Results | 8th June 2022 17:30,N/A,17:30,Yielding (Good In Places),3m 1f 70y,Diegos Way (IRE),K. E. Buckley,5,Cian Michael Collins,8th,1 3/4 l,9,11-5,93,True,2,28
Wexford Racing Results | 8th June 2022 17:30,N/A,17:30,Yielding (Good In Places),3m 1f 70y,Chenery (IRE),Mr R. P. Geoghegan,7,P. Kiely,7th,8 1/2 l,9,11-4p,92,True,2,28
Wexford Racing Results | 8th June 2022 17:30,N/A,17:30,Yielding (Good In Places),3m 1f 70y,Clarabello (FR),Patrick O'Hanlon,5,Miss Elizabeth Doyle,6th,2 1/2 l,7,11-10b,98,True,2,28
Wexford Racing Results | 8th June 2022 17:30,N/A,17:30,Yielding (Good In Places),3m 1f 70y,Zalika (IRE),C. P. McNamara,0,Paul John Gilligan,5th,1 l,7,10-9p1,83,True,2,28
Wexford Racing Results | 8th June 2022 17:30,N/A,17:30,Yielding (Good In Places),3m 1f 70y,Three Loud Knocks (IRE),C. M. Quirke,7,Brian Mortell,4th,3 l,10,11-1,89,True,2,28
Wexford Racing Results | 8th June 2022 17:30,N/A,17:30,Yielding (Good In Places),3m 1f 70y,I'm Not Alone (IRE),C. G. O'Dwyer,7,Conor O'Dwyer,3rd,7 l,8,10-12tp,86,True,2,28
Wexford Racing Results | 8th June 2022 17:30,N/A,17:30,Yielding (Good In Places),3m 1f 70y,Steps Match (IRE),I. J. Power,0,Michael Butler,2nd,Neck,7,11-5p,93,True,2,28
Wexford Racing Results | 8th June 2022 17:30,N/A,17:30,Yielding (Good In Places),3m 1f 70y,Secret Cargo (IRE),Mikey Hamill,0,Philip Fenton,1st,N/A,8,11-10,98,True,2,28
Wexford Racing Results | 8th June 2022 17:30,N/A,17:30,Yielding (Good In Places),3m 1f 70y,Blue Markie (IRE),D. P. Maxwell,7,Andrew McNamara,UR,N/A,8,11-8,96,True,2,28
Wexford Racing Results | 8th June 2022 17:30,N/A,17:30,Yielding (Good In Places),3m 1f 70y,Sidetracked,J. C. Canavan,7,P. J. F. Murphy,PU,N/A,9,11-0b1,88,True,2,28
Wexford Racing Results | 8th June 2022 17:30,N/A,17:30,Yielding (Good In Places),3m 1f 70y,Krisquin (IRE),Conor Orr,0,Shane Nolan,PU,N/A,11,10-1tb,75,True,2,28
Wexford Racing Results | 8th June 2022 17:30,N/A,17:30,Yielding (Good In Places),3m 1f 70y,Esthers Marvel (IRE),R. J. Condon,7,David Kenneth Budds,PU,N/A,9,11-12tp,100,True,2,28
Wexford Racing Results | 8th June 2022 17:30,N/A,17:30,Yielding (Good In Places),3m 1f 70y,Follow the Crowd (IRE),S. D. Torrens,0,Aidan Anthony Howard,F,N/A,7,11-12p,100,True,2,28
Wexford Racing Results | 8th June 2022 17:30,N/A,17:30,Yielding (Good In Places),3m 1f 70y,Diegos Way (IRE),K. E. Buckley,5,Cian Michael Collins,8th,1 3/4 l,9,11-5,93,True,2,28
Wexford Racing Results | 8th June 2022 17:30,N/A,17:30,Yielding (Good In Places),3m 1f 70y,Chenery (IRE),Mr R. P. Geoghegan,7,P. Kiely,7th,8 1/2 l,9,11-4p,92,True,2,28
Wexford Racing Results | 8th June 2022 17:30,N/A,17:30,Yielding (Good In Places),3m 1f 70y,Clarabello (FR),Patrick O'Hanlon,5,Miss Elizabeth Doyle,6th,2 1/2 l,7,11-10b,98,True,2,28
Wexford Racing Results | 8th June 2022 17:30,N/A,17:30,Yielding (Good In Places),3m 1f 70y,Zalika (IRE),C. P. McNamara,0,Paul John Gilligan,5th,1 l,7,10-9p1,83,True,2,28
Wexford Racing Results | 8th June 2022 17:30,N/A,17:30,Yielding (Good In Places),3m 1f 70y,Three Loud Knocks (IRE),C. M. Quirke,7,Brian Mortell,4th,3 l,10,11-1,89,True,2,28
Wexford Racing Results | 8th June 2022 17:30,N/A,17:30,Yielding (Good In Places),3m 1f 70y,I'm Not Alone (IRE),C. G. O'Dwyer,7,Conor O'Dwyer,3rd,7 l,8,10-12tp,86,True,2,28
Wexford Racing Results | 8th June 2022 17:30,N/A,17:30,Yielding (Good In Places),3m 1f 70y,Steps Match (IRE),I. J. Power,0,Michael Butler,2nd,Neck,7,11-5p,93,True,2,28
Wexford Racing Results | 8th June 2022 17:30,N/A,17:30,Yielding (Good In Places),3m 1f 70y,Secret Cargo (IRE),Mikey Hamill,0,Philip Fenton,1st,N/A,8,11-10,98,True,2,28
Cork Racing Results | 8th June 2022 17:05,N/A,17:05,Good,6f,Nelliestar (IRE),James J. Doyle,0,R. K. Watson,13th,11 l,2,9-2,-,True,2,29
Cork Racing Results | 8th June 2022 17:05,N/A,17:05,Good,6f,All In The Hips (IRE),G. F. Carroll,0,Jack W. Davison,12th,4 3/4 l,2,9-2,-,True,2,29
Cork Racing Results | 8th June 2022 17:05,N/A,17:05,Good,6f,Okyle Lass (IRE),Seamie Heffernan,0,Rodger Sweeney,11th,1 1/4 l,2,9-2,-,True,2,29
Cork Racing Results | 8th June 2022 17:05,N/A,17:05,Good,6f,Amemri,William James Lee,0,David Marnane,10th,3 3/4 l,2,9-2,-,True,2,29
Cork Racing Results | 8th June 2022 17:05,N/A,17:05,Good,6f,Fendi,L. T. McAteer,3,James M. Barrett,9th,2 l,2,9-2,-,True,2,29
Cork Racing Results | 8th June 2022 17:05,N/A,17:05,Good,6f,Lashes (IRE),R. P. Whelan,0,M. Halford,8th,2 l,2,9-2,-,True,2,29
Cork Racing Results | 8th June 2022 17:05,N/A,17:05,Good,6f,Miss Yvonne (IRE),T. P. Madden,0,Mrs J. Harrington,7th,2 1/4 l,2,9-2,-,True,2,29
Cork Racing Results | 8th June 2022 17:05,N/A,17:05,Good,6f,Tir Tairngire (IRE),C. T. Keane,0,John Stephen O'Donoghue,6th,1/2 l,2,9-2,-,True,2,29
Cork Racing Results | 8th June 2022 17:05,N/A,17:05,Good,6f,Finsceal Go Deo (IRE),K. J. Manning,0,J. S. Bolger,5th,3 l,2,9-2,-,True,2,29
Cork Racing Results | 8th June 2022 17:05,N/A,17:05,Good,6f,Excelia (IRE),Declan McDonogh,0,Joseph Patrick O'Brien,4th,1 1/4 l,2,9-2,-,True,2,29
Cork Racing Results | 8th June 2022 17:05,N/A,17:05,Good,6f,Ardad's Great,Shane Foley,0,Mrs J. Harrington,3rd,1 1/4 l,2,9-2,-,True,2,29
Cork Racing Results | 8th June 2022 17:05,N/A,17:05,Good,6f,Silmaniya (IRE),S. B. Kelly,0,John Patrick Murtagh,2nd,3 1/2 l,2,9-2,-,True,2,29
Cork Racing Results | 8th June 2022 17:05,N/A,17:05,Good,6f,Badb (IRE),G. M. Ryan,0,Donnacha Aidan O'Brien,1st,N/A,2,9-2,-,True,2,29
Cork Racing Results | 8th June 2022 17:05,N/A,17:05,Good,6f,Nelliestar (IRE),James J. Doyle,0,R. K. Watson,13th,11 l,2,9-2,-,True,2,29
Cork Racing Results | 8th June 2022 17:05,N/A,17:05,Good,6f,All In The Hips (IRE),G. F. Carroll,0,Jack W. Davison,12th,4 3/4 l,2,9-2,-,True,2,29
Cork Racing Results | 8th June 2022 17:05,N/A,17:05,Good,6f,Okyle Lass (IRE),Seamie Heffernan,0,Rodger Sweeney,11th,1 1/4 l,2,9-2,-,True,2,29
Cork Racing Results | 8th June 2022 17:05,N/A,17:05,Good,6f,Amemri,William James Lee,0,David Marnane,10th,3 3/4 l,2,9-2,-,True,2,29
Cork Racing Results | 8th June 2022 17:05,N/A,17:05,Good,6f,Fendi,L. T. McAteer,3,James M. Barrett,9th,2 l,2,9-2,-,True,2,29
Cork Racing Results | 8th June 2022 17:05,N/A,17:05,Good,6f,Lashes (IRE),R. P. Whelan,0,M. Halford,8th,2 l,2,9-2,-,True,2,29
Cork Racing Results | 8th June 2022 17:05,N/A,17:05,Good,6f,Miss Yvonne (IRE),T. P. Madden,0,Mrs J. Harrington,7th,2 1/4 l,2,9-2,-,True,2,29
Cork Racing Results | 8th June 2022 17:05,N/A,17:05,Good,6f,Tir Tairngire (IRE),C. T. Keane,0,John Stephen O'Donoghue,6th,1/2 l,2,9-2,-,True,2,29
Cork Racing Results | 8th June 2022 17:05,N/A,17:05,Good,6f,Finsceal Go Deo (IRE),K. J. Manning,0,J. S. Bolger,5th,3 l,2,9-2,-,True,2,29
Cork Racing Results | 8th June 2022 17:05,N/A,17:05,Good,6f,Excelia (IRE),Declan McDonogh,0,Joseph Patrick O'Brien,4th,1 1/4 l,2,9-2,-,True,2,29
Cork Racing Results | 8th June 2022 17:05,N/A,17:05,Good,6f,Ardad's Great,Shane Foley,0,Mrs J. Harrington,3rd,1 1/4 l,2,9-2,-,True,2,29
Cork Racing Results | 8th June 2022 17:05,N/A,17:05,Good,6f,Silmaniya (IRE),S. B. Kelly,0,John Patrick Murtagh,2nd,3 1/2 l,2,9-2,-,True,2,29
Cork Racing Results | 8th June 2022 17:05,N/A,17:05,Good,6f,Badb (IRE),G. M. Ryan,0,Donnacha Aidan O'Brien,1st,N/A,2,9-2,-,True,2,29
Cork Racing Results | 8th June 2022 17:40,N/A,17:40,Good,5f,Misty at Sea (IRE),J. A. Powell,7,R. R. Roberts,13th,1/2 l,6,10-1,-,True,2,30
Cork Racing Results | 8th June 2022 17:40,N/A,17:40,Good,5f,Vento Del Pozzo (IRE),S. McCullagh,5,W. M. Roper,12th,1 3/4 l,4,9-10,-,True,2,30
Cork Racing Results | 8th June 2022 17:40,N/A,17:40,Good,5f,Ballybeg Boy (IRE),D. W. O'Connor,0,John McConnell,11th,4 1/4 l,3,9-8,-,True,2,30
Cork Racing Results | 8th June 2022 17:40,N/A,17:40,Good,5f,Jedi Power (IRE),Sorcha Woods,7,Edward Lynam,10th,1/2 l,3,9-3tv1,-,True,2,30
Cork Racing Results | 8th June 2022 17:40,N/A,17:40,Good,5f,Vivaia (IRE),C. D. Hayes,0,D. K. Weld,9th,Neck,3,9-3b1,-,True,2,30
Cork Racing Results | 8th June 2022 17:40,N/A,17:40,Good,5f,Gobi Star (IRE),S. M. Crosse,0,Edward Lynam,8th,Short Head,4,10-1,-,True,2,30
Cork Racing Results | 8th June 2022 17:40,N/A,17:40,Good,5f,Ali Babes (IRE),G. M. Ryan,0,P. J. Hassett,7th,1 1/4 l,3,9-3,-,True,2,30
Cork Racing Results | 8th June 2022 17:40,N/A,17:40,Good,5f,Jupiter Express (IRE),J. M. Sheridan,3,K. J. Condon,6th,Head,3,9-8,-,True,2,30
Cork Racing Results | 8th June 2022 17:40,N/A,17:40,Good,5f,Lucky Queen (IRE),L. T. McAteer,3,P. J. F. Murphy,5th,Neck,3,9-3,-,True,2,30
Cork Racing Results | 8th June 2022 17:40,N/A,17:40,Good,5f,Baby Rosabella (IRE),C. T. Keane,0,Jack W. Davison,4th,3/4 l,3,9-3,-,True,2,30
Cork Racing Results | 8th June 2022 17:40,N/A,17:40,Good,5f,Un Bacio Ancora (IRE),Declan McDonogh,0,Eddie & Patrick Harty,3rd,1/2 l,3,9-3,-,True,2,30
Cork Racing Results | 8th June 2022 17:40,N/A,17:40,Good,5f,De Velara (FR),W. M. Lordan,0,W. P. Browne,2nd,1 1/4 l,3,9-8,-,True,2,30
Cork Racing Results | 8th June 2022 17:40,N/A,17:40,Good,5f,Funchal (IRE),William James Lee,0,W. McCreery,1st,N/A,3,9-3,-,True,2,30
Cork Racing Results | 8th June 2022 17:40,N/A,17:40,Good,5f,Misty at Sea (IRE),J. A. Powell,7,R. R. Roberts,13th,1/2 l,6,10-1,-,True,2,30
Cork Racing Results | 8th June 2022 17:40,N/A,17:40,Good,5f,Vento Del Pozzo (IRE),S. McCullagh,5,W. M. Roper,12th,1 3/4 l,4,9-10,-,True,2,30
Cork Racing Results | 8th June 2022 17:40,N/A,17:40,Good,5f,Ballybeg Boy (IRE),D. W. O'Connor,0,John McConnell,11th,4 1/4 l,3,9-8,-,True,2,30
Cork Racing Results | 8th June 2022 17:40,N/A,17:40,Good,5f,Jedi Power (IRE),Sorcha Woods,7,Edward Lynam,10th,1/2 l,3,9-3tv1,-,True,2,30
Cork Racing Results | 8th June 2022 17:40,N/A,17:40,Good,5f,Vivaia (IRE),C. D. Hayes,0,D. K. Weld,9th,Neck,3,9-3b1,-,True,2,30
Cork Racing Results | 8th June 2022 17:40,N/A,17:40,Good,5f,Gobi Star (IRE),S. M. Crosse,0,Edward Lynam,8th,Short Head,4,10-1,-,True,2,30
Cork Racing Results | 8th June 2022 17:40,N/A,17:40,Good,5f,Ali Babes (IRE),G. M. Ryan,0,P. J. Hassett,7th,1 1/4 l,3,9-3,-,True,2,30
Cork Racing Results | 8th June 2022 17:40,N/A,17:40,Good,5f,Jupiter Express (IRE),J. M. Sheridan,3,K. J. Condon,6th,Head,3,9-8,-,True,2,30
Cork Racing Results | 8th June 2022 17:40,N/A,17:40,Good,5f,Lucky Queen (IRE),L. T. McAteer,3,P. J. F. Murphy,5th,Neck,3,9-3,-,True,2,30
Cork Racing Results | 8th June 2022 17:40,N/A,17:40,Good,5f,Baby Rosabella (IRE),C. T. Keane,0,Jack W. Davison,4th,3/4 l,3,9-3,-,True,2,30
Cork Racing Results | 8th June 2022 17:40,N/A,17:40,Good,5f,Un Bacio Ancora (IRE),Declan McDonogh,0,Eddie & Patrick Harty,3rd,1/2 l,3,9-3,-,True,2,30
Cork Racing Results | 8th June 2022 17:40,N/A,17:40,Good,5f,De Velara (FR),W. M. Lordan,0,W. P. Browne,2nd,1 1/4 l,3,9-8,-,True,2,30
Cork Racing Results | 8th June 2022 17:40,N/A,17:40,Good,5f,Funchal (IRE),William James Lee,0,W. McCreery,1st,N/A,3,9-3,-,True,2,30
Cork Racing Results | 8th June 2022 18:10,N/A,18:10,Good,5f,Principalship,Shane Foley,0,Augustine Leahy,11th,3 1/4 l,5,8-13p,65,True,2,31
Cork Racing Results | 8th June 2022 18:10,N/A,18:10,Good,5f,Jon Riggens (IRE),S. M. Crosse,0,Edward Lynam,10th,2 1/4 l,4,10-2,82,True,2,31
Cork Racing Results | 8th June 2022 18:10,N/A,18:10,Good,5f,Mymomentintime (USA),L. F. Roche,0,Susan A. Finn,9th,Neck,3,8-7ht1,66,True,2,31
Cork Racing Results | 8th June 2022 18:10,N/A,18:10,Good,5f,No Speed Limit (FR),L. T. McAteer,3,P. J. McKenna,8th,1/2 l,7,9-5v,71,True,2,31
Cork Racing Results | 8th June 2022 18:10,N/A,18:10,Good,5f,Pearl Palinka (IRE),C. D. Hayes,0,D. K. Weld,7th,Neck,3,9-4,77,True,2,31
Cork Racing Results | 8th June 2022 18:10,N/A,18:10,Good,5f,Tide of Time,D. B. McMonagle,0,Edward Lynam,6th,3 l,8,10-1,81,True,2,31
Cork Racing Results | 8th June 2022 18:10,N/A,18:10,Good,5f,Amazing Emma (IRE),K. J. Manning,0,Liam McAteer,5th,Head,4,8-9,61,True,2,31
Cork Racing Results | 8th June 2022 18:10,N/A,18:10,Good,5f,Blind Beggar (IRE),C. T. Keane,0,G. M. Lyons,4th,Short Head,4,10-3,83,True,2,31
Cork Racing Results | 8th June 2022 18:10,N/A,18:10,Good,5f,Maggie Thunder (IRE),Wesley Joyce,7,P. J. Hassett,3rd,Head,6,8-7b,59,True,2,31
Cork Racing Results | 8th June 2022 18:10,N/A,18:10,Good,5f,Collective Power (IRE),William James Lee,0,Edward Lynam,2nd,1/2 l,4,9-1v1,67,True,2,31
Cork Racing Results | 8th June 2022 18:10,N/A,18:10,Good,5f,Screen Siren (IRE),M. P. Sheehy,3,Sarah Lynam,1st,N/A,4,9-5,71,True,2,31
Cork Racing Results | 8th June 2022 18:10,N/A,18:10,Good,5f,Principalship,Shane Foley,0,Augustine Leahy,11th,3 1/4 l,5,8-13p,65,True,2,31
Cork Racing Results | 8th June 2022 18:10,N/A,18:10,Good,5f,Jon Riggens (IRE),S. M. Crosse,0,Edward Lynam,10th,2 1/4 l,4,10-2,82,True,2,31
Cork Racing Results | 8th June 2022 18:10,N/A,18:10,Good,5f,Mymomentintime (USA),L. F. Roche,0,Susan A. Finn,9th,Neck,3,8-7ht1,66,True,2,31
Cork Racing Results | 8th June 2022 18:10,N/A,18:10,Good,5f,No Speed Limit (FR),L. T. McAteer,3,P. J. McKenna,8th,1/2 l,7,9-5v,71,True,2,31
Cork Racing Results | 8th June 2022 18:10,N/A,18:10,Good,5f,Pearl Palinka (IRE),C. D. Hayes,0,D. K. Weld,7th,Neck,3,9-4,77,True,2,31
Cork Racing Results | 8th June 2022 18:10,N/A,18:10,Good,5f,Tide of Time,D. B. McMonagle,0,Edward Lynam,6th,3 l,8,10-1,81,True,2,31
Cork Racing Results | 8th June 2022 18:10,N/A,18:10,Good,5f,Amazing Emma (IRE),K. J. Manning,0,Liam McAteer,5th,Head,4,8-9,61,True,2,31
Cork Racing Results | 8th June 2022 18:10,N/A,18:10,Good,5f,Blind Beggar (IRE),C. T. Keane,0,G. M. Lyons,4th,Short Head,4,10-3,83,True,2,31
Cork Racing Results | 8th June 2022 18:10,N/A,18:10,Good,5f,Maggie Thunder (IRE),Wesley Joyce,7,P. J. Hassett,3rd,Head,6,8-7b,59,True,2,31
Cork Racing Results | 8th June 2022 18:10,N/A,18:10,Good,5f,Collective Power (IRE),William James Lee,0,Edward Lynam,2nd,1/2 l,4,9-1v1,67,True,2,31
Cork Racing Results | 8th June 2022 18:10,N/A,18:10,Good,5f,Screen Siren (IRE),M. P. Sheehy,3,Sarah Lynam,1st,N/A,4,9-5,71,True,2,31
Cork Racing Results | 8th June 2022 18:40,N/A,18:40,Good,5f,Prettiest (USA),Ryan Moore,0,Aidan O'Brien,6th,Head,3,8-11,-,True,2,32
Cork Racing Results | 8th June 2022 18:40,N/A,18:40,Good,5f,Majestic Colt (IRE),James J. Doyle,0,Denis Hogan,5th,3 1/4 l,7,9-12p,-,True,2,32
Cork Racing Results | 8th June 2022 18:40,N/A,18:40,Good,5f,Gustavus Weston (IRE),G. F. Carroll,0,Joseph G. Murphy,4th,1/2 l,6,9-12h1,-,True,2,32
Cork Racing Results | 8th June 2022 18:40,N/A,18:40,Good,5f,Chocquinto (IRE),A. J. Slattery,0,Miss Hilary McLoughlin,3rd,1 1/4 l,5,9-4,-,True,2,32
Cork Racing Results | 8th June 2022 18:40,N/A,18:40,Good,5f,Pirate Jenny (IRE),M. A. Enright,0,G. M. Lyons,2nd,Short Head,3,8-11,-,True,2,32
Cork Racing Results | 8th June 2022 18:40,N/A,18:40,Good,5f,Geocentric (IRE),C. T. Keane,0,G. M. Lyons,1st,N/A,3,9-0,-,True,2,32
Cork Racing Results | 8th June 2022 18:40,N/A,18:40,Good,5f,Prettiest (USA),Ryan Moore,0,Aidan O'Brien,6th,Head,3,8-11,-,True,2,32
Cork Racing Results | 8th June 2022 18:40,N/A,18:40,Good,5f,Majestic Colt (IRE),James J. Doyle,0,Denis Hogan,5th,3 1/4 l,7,9-12p,-,True,2,32
Cork Racing Results | 8th June 2022 18:40,N/A,18:40,Good,5f,Gustavus Weston (IRE),G. F. Carroll,0,Joseph G. Murphy,4th,1/2 l,6,9-12h1,-,True,2,32
Cork Racing Results | 8th June 2022 18:40,N/A,18:40,Good,5f,Chocquinto (IRE),A. J. Slattery,0,Miss Hilary McLoughlin,3rd,1 1/4 l,5,9-4,-,True,2,32
Cork Racing Results | 8th June 2022 18:40,N/A,18:40,Good,5f,Pirate Jenny (IRE),M. A. Enright,0,G. M. Lyons,2nd,Short Head,3,8-11,-,True,2,32
Cork Racing Results | 8th June 2022 18:40,N/A,18:40,Good,5f,Geocentric (IRE),C. T. Keane,0,G. M. Lyons,1st,N/A,3,9-0,-,True,2,32
Cork Racing Results | 8th June 2022 19:10,N/A,19:10,Good,1m 4f,Annerville (IRE),S. B. Kelly,0,John Patrick Murtagh,8th,Head,4,9-9p1,-,True,2,33
Cork Racing Results | 8th June 2022 19:10,N/A,19:10,Good,1m 4f,Forbearance (IRE),Shane Foley,0,Mrs J. Harrington,7th,2 l,5,9-12,-,True,2,33
Cork Racing Results | 8th June 2022 19:10,N/A,19:10,Good,1m 4f,Thunder Kiss (IRE),C. T. Keane,0,G. M. Lyons,6th,1 3/4 l,5,9-9,-,True,2,33
Cork Racing Results | 8th June 2022 19:10,N/A,19:10,Good,1m 4f,Kiss You Later (IRE),Seamie Heffernan,0,Aidan O'Brien,5th,1/2 l,3,8-9,-,True,2,33
Cork Racing Results | 8th June 2022 19:10,N/A,19:10,Good,1m 4f,Pineapple Express (IRE),A. J. Slattery,0,A. Slattery,4th,2 l,5,9-9,-,True,2,33
Cork Racing Results | 8th June 2022 19:10,N/A,19:10,Good,1m 4f,Lily Pond (IRE),Ryan Moore,0,Aidan O'Brien,3rd,2 l,3,8-9,-,True,2,33
Cork Racing Results | 8th June 2022 19:10,N/A,19:10,Good,1m 4f,Yaxeni (FR),G. F. Carroll,0,G. M. Lyons,2nd,Neck,5,9-9,-,True,2,33
Cork Racing Results | 8th June 2022 19:10,N/A,19:10,Good,1m 4f,Rosscarbery (GER),William James Lee,0,P. Twomey,1st,N/A,4,9-9,-,True,2,33
Cork Racing Results | 8th June 2022 19:10,N/A,19:10,Good,1m 4f,Annerville (IRE),S. B. Kelly,0,John Patrick Murtagh,8th,Head,4,9-9p1,-,True,2,33
Cork Racing Results | 8th June 2022 19:10,N/A,19:10,Good,1m 4f,Forbearance (IRE),Shane Foley,0,Mrs J. Harrington,7th,2 l,5,9-12,-,True,2,33
Cork Racing Results | 8th June 2022 19:10,N/A,19:10,Good,1m 4f,Thunder Kiss (IRE),C. T. Keane,0,G. M. Lyons,6th,1 3/4 l,5,9-9,-,True,2,33
Cork Racing Results | 8th June 2022 19:10,N/A,19:10,Good,1m 4f,Kiss You Later (IRE),Seamie Heffernan,0,Aidan O'Brien,5th,1/2 l,3,8-9,-,True,2,33
Cork Racing Results | 8th June 2022 19:10,N/A,19:10,Good,1m 4f,Pineapple Express (IRE),A. J. Slattery,0,A. Slattery,4th,2 l,5,9-9,-,True,2,33
Cork Racing Results | 8th June 2022 19:10,N/A,19:10,Good,1m 4f,Lily Pond (IRE),Ryan Moore,0,Aidan O'Brien,3rd,2 l,3,8-9,-,True,2,33
Cork Racing Results | 8th June 2022 19:10,N/A,19:10,Good,1m 4f,Yaxeni (FR),G. F. Carroll,0,G. M. Lyons,2nd,Neck,5,9-9,-,True,2,33
Cork Racing Results | 8th June 2022 19:10,N/A,19:10,Good,1m 4f,Rosscarbery (GER),William James Lee,0,P. Twomey,1st,N/A,4,9-9,-,True,2,33
Cork Racing Results | 8th June 2022 19:40,N/A,19:40,Good,1m 4f,Zileo,R. P. Whelan,0,M. Halford,9th,3/4 l,4,9-6h1,88,True,2,34
Cork Racing Results | 8th June 2022 19:40,N/A,19:40,Good,1m 4f,Port Sunlight (IRE),S. McCullagh,5,D. K. Weld,8th,Neck,4,9-10b1,92,True,2,34
Cork Racing Results | 8th June 2022 19:40,N/A,19:40,Good,1m 4f,Team Of Firsts,C. T. Keane,0,G. M. Lyons,7th,1 1/4 l,4,10-0,96,True,2,34
Cork Racing Results | 8th June 2022 19:40,N/A,19:40,Good,1m 4f,Takeachancejimmy (IRE),N. M. Crosse,3,Nigel Slevin,6th,1 3/4 l,8,8-10,78,True,2,34
Cork Racing Results | 8th June 2022 19:40,N/A,19:40,Good,1m 4f,Dances with Stars (IRE),H. J. Horgan,7,Joseph Patrick O'Brien,5th,5 1/2 l,5,9-7t,89,True,2,34
Cork Racing Results | 8th June 2022 19:40,N/A,19:40,Good,1m 4f,Vischio (IRE),W. M. Lordan,0,R. Donohoe,4th,1/2 l,5,8-7,75,True,2,34
Cork Racing Results | 8th June 2022 19:40,N/A,19:40,Good,1m 4f,Massaman (IRE),G. F. Carroll,0,Jack W. Davison,3rd,Nose,4,9-0,82,True,2,34
Cork Racing Results | 8th June 2022 19:40,N/A,19:40,Good,1m 4f,Safecracker,S. B. Kelly,0,John Patrick Murtagh,2nd,2 l,4,9-7t1,89,True,2,34
Cork Racing Results | 8th June 2022 19:40,N/A,19:40,Good,1m 4f,Hell Bent (IRE),Shane Foley,0,Mrs J. Harrington,1st,N/A,4,9-4b1,86,True,2,34
Cork Racing Results | 8th June 2022 19:40,N/A,19:40,Good,1m 4f,Zileo,R. P. Whelan,0,M. Halford,9th,3/4 l,4,9-6h1,88,True,2,34
Cork Racing Results | 8th June 2022 19:40,N/A,19:40,Good,1m 4f,Port Sunlight (IRE),S. McCullagh,5,D. K. Weld,8th,Neck,4,9-10b1,92,True,2,34
Cork Racing Results | 8th June 2022 19:40,N/A,19:40,Good,1m 4f,Team Of Firsts,C. T. Keane,0,G. M. Lyons,7th,1 1/4 l,4,10-0,96,True,2,34
Cork Racing Results | 8th June 2022 19:40,N/A,19:40,Good,1m 4f,Takeachancejimmy (IRE),N. M. Crosse,3,Nigel Slevin,6th,1 3/4 l,8,8-10,78,True,2,34
Cork Racing Results | 8th June 2022 19:40,N/A,19:40,Good,1m 4f,Dances with Stars (IRE),H. J. Horgan,7,Joseph Patrick O'Brien,5th,5 1/2 l,5,9-7t,89,True,2,34
Cork Racing Results | 8th June 2022 19:40,N/A,19:40,Good,1m 4f,Vischio (IRE),W. M. Lordan,0,R. Donohoe,4th,1/2 l,5,8-7,75,True,2,34
Cork Racing Results | 8th June 2022 19:40,N/A,19:40,Good,1m 4f,Massaman (IRE),G. F. Carroll,0,Jack W. Davison,3rd,Nose,4,9-0,82,True,2,34
Cork Racing Results | 8th June 2022 19:40,N/A,19:40,Good,1m 4f,Safecracker,S. B. Kelly,0,John Patrick Murtagh,2nd,2 l,4,9-7t1,89,True,2,34
Cork Racing Results | 8th June 2022 19:40,N/A,19:40,Good,1m 4f,Hell Bent (IRE),Shane Foley,0,Mrs J. Harrington,1st,N/A,4,9-4b1,86,True,2,34
Cork Racing Results | 8th June 2022 20:10,N/A,20:10,Good,7f,Chagall (IRE),Ciara Flynn,7,Laura Hourigan,24th,13 l,6,8-13b,47,True,2,35
Cork Racing Results | 8th June 2022 20:10,N/A,20:10,Good,7f,Wait a Little (IRE),William James Lee,0,Gillian Scott,23rd,1 3/4 l,4,9-4tp,52,True,2,35
Cork Racing Results | 8th June 2022 20:10,N/A,20:10,Good,7f,Colleen's Prince (IRE),M. P. Sheehy,3,M. Halford,22nd,Neck,4,9-2,50,True,2,35
Cork Racing Results | 8th June 2022 20:10,N/A,20:10,Good,7f,Dulargy Star (IRE),Siobhan Rutledge,5,Dermot Anthony McLoughlin,21st,2 1/2 l,3,8-7p1,51,True,2,35
Cork Racing Results | 8th June 2022 20:10,N/A,20:10,Good,7f,Mister Tiddlywinks,C. T. Keane,0,Patrick Martin,20th,1/2 l,3,9-1tp,59,True,2,35
Cork Racing Results | 8th June 2022 20:10,N/A,20:10,Good,7f,Jenoow (IRE),A. J. Slattery,0,Liam Roche,19th,Short Head,7,8-13p,47,True,2,35
Cork Racing Results | 8th June 2022 20:10,N/A,20:10,Good,7f,Youceeyouceecee (IRE),D. B. McMonagle,0,Susan A. Finn,18th,1 1/4 l,10,8-13p,47,True,2,35
Cork Racing Results | 8th June 2022 20:10,N/A,20:10,Good,7f,Tawaazon (IRE),D. King,7,Denis Hogan,17th,1 3/4 l,4,10-2,64,True,2,35
Cork Racing Results | 8th June 2022 20:10,N/A,20:10,Good,7f,Tastyee (IRE),Seamie Heffernan,0,David Kenneth Budds,16th,1 3/4 l,4,9-1tp1,49,True,2,35
Cork Racing Results | 8th June 2022 20:10,N/A,20:10,Good,7f,Pink Sky at Night (IRE),J. A. Powell,7,John C. Shearman,15th,1/2 l,3,8-7,51,True,2,35
Cork Racing Results | 8th June 2022 20:10,N/A,20:10,Good,7f,Rugaday (IRE),Declan McDonogh,0,David Harry Kelly,14th,Neck,4,8-13h,47,True,2,35
Cork Racing Results | 8th June 2022 20:10,N/A,20:10,Good,7f,Lord Mczie (IRE),S. McCullagh,5,Ray Hackett,13th,Head,5,10-2p,64,True,2,35
Cork Racing Results | 8th June 2022 20:10,N/A,20:10,Good,7f,Pallasmore Lass (IRE),Shane Foley,0,G. O'Leary,12th,2 3/4 l,4,9-7b,55,True,2,35
Cork Racing Results | 8th June 2022 20:10,N/A,20:10,Good,7f,Samrogue (IRE),L. F. Roche,0,Ross O'Sullivan,11th,1 l,4,9-10,58,True,2,35
Cork Racing Results | 8th June 2022 20:10,N/A,20:10,Good,7f,Fine Distraction (IRE),J. Kearney,7,Liam McAteer,10th,3/4 l,4,9-0,48,True,2,35
Cork Racing Results | 8th June 2022 20:10,N/A,20:10,Good,7f,Heledd (IRE),Tom Kiely Marshall,7,Joseph G. Murphy,9th,Neck,3,8-11,55,True,2,35
Cork Racing Results | 8th June 2022 20:10,N/A,20:10,Good,7f,Designer Cailin (IRE),J. Coen,7,Patrick Martin,8th,Short Head,4,9-1,49,True,2,35
Cork Racing Results | 8th June 2022 20:10,N/A,20:10,Good,7f,Two Metres Apart (IRE),James J. Doyle,0,M. J. Byrne,7th,Head,4,9-5,53,True,2,35
Cork Racing Results | 8th June 2022 20:10,N/A,20:10,Good,7f,Cleveleys,S. M. Crosse,0,Richard John O'Brien,6th,1 1/2 l,4,10-2,64,True,2,35
Cork Racing Results | 8th June 2022 20:10,N/A,20:10,Good,7f,Tanseeq,G. M. Ryan,0,T. Gibney,5th,Neck,7,9-7,55,True,2,35
Cork Racing Results | 8th June 2022 20:10,N/A,20:10,Good,7f,Cheeky Peek (IRE),C. D. Maxwell,0,John P. O'Callaghan,4th,1 1/4 l,3,8-13,57,True,2,35
Cork Racing Results | 8th June 2022 20:10,N/A,20:10,Good,7f,Golden Days (IRE),R. P. Whelan,0,Tracey Collins,3rd,1 l,5,9-3p1,51,True,2,35
Cork Racing Results | 8th June 2022 20:10,N/A,20:10,Good,7f,No Patience (IRE),Kyanna Van Buuren,10,John McConnell,2nd,Short Head,4,10-2,64,True,2,35
Cork Racing Results | 8th June 2022 20:10,N/A,20:10,Good,7f,Sondheim (IRE),Neve Bennett,10,Craig O'Neill,1st,N/A,5,9-9,57,True,2,35
Cork Racing Results | 8th June 2022 20:10,N/A,20:10,Good,7f,Chagall (IRE),Ciara Flynn,7,Laura Hourigan,24th,13 l,6,8-13b,47,True,2,35
Cork Racing Results | 8th June 2022 20:10,N/A,20:10,Good,7f,Wait a Little (IRE),William James Lee,0,Gillian Scott,23rd,1 3/4 l,4,9-4tp,52,True,2,35
Cork Racing Results | 8th June 2022 20:10,N/A,20:10,Good,7f,Colleen's Prince (IRE),M. P. Sheehy,3,M. Halford,22nd,Neck,4,9-2,50,True,2,35
Cork Racing Results | 8th June 2022 20:10,N/A,20:10,Good,7f,Dulargy Star (IRE),Siobhan Rutledge,5,Dermot Anthony McLoughlin,21st,2 1/2 l,3,8-7p1,51,True,2,35
Cork Racing Results | 8th June 2022 20:10,N/A,20:10,Good,7f,Mister Tiddlywinks,C. T. Keane,0,Patrick Martin,20th,1/2 l,3,9-1tp,59,True,2,35
Cork Racing Results | 8th June 2022 20:10,N/A,20:10,Good,7f,Jenoow (IRE),A. J. Slattery,0,Liam Roche,19th,Short Head,7,8-13p,47,True,2,35
Cork Racing Results | 8th June 2022 20:10,N/A,20:10,Good,7f,Youceeyouceecee (IRE),D. B. McMonagle,0,Susan A. Finn,18th,1 1/4 l,10,8-13p,47,True,2,35
Cork Racing Results | 8th June 2022 20:10,N/A,20:10,Good,7f,Tawaazon (IRE),D. King,7,Denis Hogan,17th,1 3/4 l,4,10-2,64,True,2,35
Cork Racing Results | 8th June 2022 20:10,N/A,20:10,Good,7f,Tastyee (IRE),Seamie Heffernan,0,David Kenneth Budds,16th,1 3/4 l,4,9-1tp1,49,True,2,35
Cork Racing Results | 8th June 2022 20:10,N/A,20:10,Good,7f,Pink Sky at Night (IRE),J. A. Powell,7,John C. Shearman,15th,1/2 l,3,8-7,51,True,2,35
Cork Racing Results | 8th June 2022 20:10,N/A,20:10,Good,7f,Rugaday (IRE),Declan McDonogh,0,David Harry Kelly,14th,Neck,4,8-13h,47,True,2,35
Cork Racing Results | 8th June 2022 20:10,N/A,20:10,Good,7f,Lord Mczie (IRE),S. McCullagh,5,Ray Hackett,13th,Head,5,10-2p,64,True,2,35
Cork Racing Results | 8th June 2022 20:10,N/A,20:10,Good,7f,Pallasmore Lass (IRE),Shane Foley,0,G. O'Leary,12th,2 3/4 l,4,9-7b,55,True,2,35
Cork Racing Results | 8th June 2022 20:10,N/A,20:10,Good,7f,Samrogue (IRE),L. F. Roche,0,Ross O'Sullivan,11th,1 l,4,9-10,58,True,2,35
Cork Racing Results | 8th June 2022 20:10,N/A,20:10,Good,7f,Fine Distraction (IRE),J. Kearney,7,Liam McAteer,10th,3/4 l,4,9-0,48,True,2,35
Cork Racing Results | 8th June 2022 20:10,N/A,20:10,Good,7f,Heledd (IRE),Tom Kiely Marshall,7,Joseph G. Murphy,9th,Neck,3,8-11,55,True,2,35
Cork Racing Results | 8th June 2022 20:10,N/A,20:10,Good,7f,Designer Cailin (IRE),J. Coen,7,Patrick Martin,8th,Short Head,4,9-1,49,True,2,35
Cork Racing Results | 8th June 2022 20:10,N/A,20:10,Good,7f,Two Metres Apart (IRE),James J. Doyle,0,M. J. Byrne,7th,Head,4,9-5,53,True,2,35
Cork Racing Results | 8th June 2022 20:10,N/A,20:10,Good,7f,Cleveleys,S. M. Crosse,0,Richard John O'Brien,6th,1 1/2 l,4,10-2,64,True,2,35
Cork Racing Results | 8th June 2022 20:10,N/A,20:10,Good,7f,Tanseeq,G. M. Ryan,0,T. Gibney,5th,Neck,7,9-7,55,True,2,35
Cork Racing Results | 8th June 2022 20:10,N/A,20:10,Good,7f,Cheeky Peek (IRE),C. D. Maxwell,0,John P. O'Callaghan,4th,1 1/4 l,3,8-13,57,True,2,35
Cork Racing Results | 8th June 2022 20:10,N/A,20:10,Good,7f,Golden Days (IRE),R. P. Whelan,0,Tracey Collins,3rd,1 l,5,9-3p1,51,True,2,35
Cork Racing Results | 8th June 2022 20:10,N/A,20:10,Good,7f,No Patience (IRE),Kyanna Van Buuren,10,John McConnell,2nd,Short Head,4,10-2,64,True,2,35
Cork Racing Results | 8th June 2022 20:10,N/A,20:10,Good,7f,Sondheim (IRE),Neve Bennett,10,Craig O'Neill,1st,N/A,5,9-9,57,True,2,35
Leopardstown Racing Results | 9th June 2022 17:15,N/A,17:15,Good To Yielding,7f 12y,Ribaree (IRE),C. T. Keane,0,Jack W. Davison,NR,N/A,3,9-3,-,True,2,36
Leopardstown Racing Results | 9th June 2022 17:15,N/A,17:15,Good To Yielding,7f 12y,Enya Va (IRE),G. M. Ryan,0,Thomas Dowling,8th,55 l,4,9-13,-,True,2,36
Leopardstown Racing Results | 9th June 2022 17:15,N/A,17:15,Good To Yielding,7f 12y,Destined to Rock,G. F. Carroll,0,Garry Bernard Caldwell,7th,6 1/2 l,3,9-3v1,-,True,2,36
Leopardstown Racing Results | 9th June 2022 17:15,N/A,17:15,Good To Yielding,7f 12y,Starsong (IRE),M. A. Enright,0,J. A. Stack,6th,Head,3,9-3,-,True,2,36
Leopardstown Racing Results | 9th June 2022 17:15,N/A,17:15,Good To Yielding,7f 12y,Empress Of Bough (IRE),William James Lee,0,Anthony McCann,5th,3 3/4 l,3,9-3,-,True,2,36
Leopardstown Racing Results | 9th June 2022 17:15,N/A,17:15,Good To Yielding,7f 12y,Shanghai Dragon (IRE),S. B. Kelly,0,John Patrick Murtagh,4th,1 3/4 l,3,9-3p,-,True,2,36
Leopardstown Racing Results | 9th June 2022 17:15,N/A,17:15,Good To Yielding,7f 12y,Three Laws (IRE),Shane Foley,0,Mrs J. Harrington,3rd,4 1/4 l,3,9-3,-,True,2,36
Leopardstown Racing Results | 9th June 2022 17:15,N/A,17:15,Good To Yielding,7f 12y,Sareeha (IRE),Declan McDonogh,0,Joseph Patrick O'Brien,2nd,2 3/4 l,3,9-3,-,True,2,36
Leopardstown Racing Results | 9th June 2022 17:15,N/A,17:15,Good To Yielding,7f 12y,Yerwanthere (IRE),L. T. McAteer,3,Patrick T. Foley,1st,N/A,3,9-3,-,True,2,36
Leopardstown Racing Results | 9th June 2022 17:15,N/A,17:15,Good To Yielding,7f 12y,Ribaree (IRE),C. T. Keane,0,Jack W. Davison,NR,N/A,3,9-3,-,True,2,36
Leopardstown Racing Results | 9th June 2022 17:15,N/A,17:15,Good To Yielding,7f 12y,Enya Va (IRE),G. M. Ryan,0,Thomas Dowling,8th,55 l,4,9-13,-,True,2,36
Leopardstown Racing Results | 9th June 2022 17:15,N/A,17:15,Good To Yielding,7f 12y,Destined to Rock,G. F. Carroll,0,Garry Bernard Caldwell,7th,6 1/2 l,3,9-3v1,-,True,2,36
Leopardstown Racing Results | 9th June 2022 17:15,N/A,17:15,Good To Yielding,7f 12y,Starsong (IRE),M. A. Enright,0,J. A. Stack,6th,Head,3,9-3,-,True,2,36
Leopardstown Racing Results | 9th June 2022 17:15,N/A,17:15,Good To Yielding,7f 12y,Empress Of Bough (IRE),William James Lee,0,Anthony McCann,5th,3 3/4 l,3,9-3,-,True,2,36
Leopardstown Racing Results | 9th June 2022 17:15,N/A,17:15,Good To Yielding,7f 12y,Shanghai Dragon (IRE),S. B. Kelly,0,John Patrick Murtagh,4th,1 3/4 l,3,9-3p,-,True,2,36
Leopardstown Racing Results | 9th June 2022 17:15,N/A,17:15,Good To Yielding,7f 12y,Three Laws (IRE),Shane Foley,0,Mrs J. Harrington,3rd,4 1/4 l,3,9-3,-,True,2,36
Leopardstown Racing Results | 9th June 2022 17:15,N/A,17:15,Good To Yielding,7f 12y,Sareeha (IRE),Declan McDonogh,0,Joseph Patrick O'Brien,2nd,2 3/4 l,3,9-3,-,True,2,36
Leopardstown Racing Results | 9th June 2022 17:15,N/A,17:15,Good To Yielding,7f 12y,Yerwanthere (IRE),L. T. McAteer,3,Patrick T. Foley,1st,N/A,3,9-3,-,True,2,36
Leopardstown Racing Results | 9th June 2022 17:45,N/A,17:45,Good To Yielding,7f 12y,Cormac (IRE),Jack Cleary,4,Michael G. Cleary,10th,2 l,4,8-7,59,True,2,37
Leopardstown Racing Results | 9th June 2022 17:45,N/A,17:45,Good To Yielding,7f 12y,Shawaamekh,C. J. MacRedmond,2,J. F. Levins,9th,1/2 l,8,10-1,81,True,2,37
Leopardstown Racing Results | 9th June 2022 17:45,N/A,17:45,Good To Yielding,7f 12y,Navorrosse (IRE),Siobhan Rutledge,0,P. A. Fahy,8th,1 l,5,8-7p,59,True,2,37
Leopardstown Racing Results | 9th June 2022 17:45,N/A,17:45,Good To Yielding,7f 12y,Numoor,Cillian McConnell,4,John McConnell,7th,Short Head,4,9-7t,73,True,2,37
Leopardstown Racing Results | 9th June 2022 17:45,N/A,17:45,Good To Yielding,7f 12y,Trueba (IRE),Katelyn Young,7,John Patrick Murtagh,6th,2 1/4 l,6,9-8,74,True,2,37
Leopardstown Racing Results | 9th June 2022 17:45,N/A,17:45,Good To Yielding,7f 12y,Midnight Fire (IRE),J. Coen,2,Eddie & Patrick Harty,5th,Short Head,5,9-9tp,75,True,2,37
Leopardstown Racing Results | 9th June 2022 17:45,N/A,17:45,Good To Yielding,7f 12y,The Blue Panther (IRE),Wesley Joyce,4,Michael Mulvany,4th,Nose,4,9-7t,73,True,2,37
Leopardstown Racing Results | 9th June 2022 17:45,N/A,17:45,Good To Yielding,7f 12y,Atlas (IRE),J. Kearney,4,T. G. McCourt,3rd,3/4 l,9,8-9v,61,True,2,37
Leopardstown Racing Results | 9th June 2022 17:45,N/A,17:45,Good To Yielding,7f 12y,Earls (IRE),J. A. Powell,4,Gavin Patrick Cromwell,2nd,2 1/2 l,5,9-10b,76,True,2,37
Leopardstown Racing Results | 9th June 2022 17:45,N/A,17:45,Good To Yielding,7f 12y,Plunkett,D. J. Gilligan,7,Paul W. Flynn,1st,N/A,5,9-11,77,True,2,37
Leopardstown Racing Results | 9th June 2022 17:45,N/A,17:45,Good To Yielding,7f 12y,Cormac (IRE),Jack Cleary,4,Michael G. Cleary,10th,2 l,4,8-7,59,True,2,37
Leopardstown Racing Results | 9th June 2022 17:45,N/A,17:45,Good To Yielding,7f 12y,Shawaamekh,C. J. MacRedmond,2,J. F. Levins,9th,1/2 l,8,10-1,81,True,2,37
Leopardstown Racing Results | 9th June 2022 17:45,N/A,17:45,Good To Yielding,7f 12y,Navorrosse (IRE),Siobhan Rutledge,0,P. A. Fahy,8th,1 l,5,8-7p,59,True,2,37
Leopardstown Racing Results | 9th June 2022 17:45,N/A,17:45,Good To Yielding,7f 12y,Numoor,Cillian McConnell,4,John McConnell,7th,Short Head,4,9-7t,73,True,2,37
Leopardstown Racing Results | 9th June 2022 17:45,N/A,17:45,Good To Yielding,7f 12y,Trueba (IRE),Katelyn Young,7,John Patrick Murtagh,6th,2 1/4 l,6,9-8,74,True,2,37
Leopardstown Racing Results | 9th June 2022 17:45,N/A,17:45,Good To Yielding,7f 12y,Midnight Fire (IRE),J. Coen,2,Eddie & Patrick Harty,5th,Short Head,5,9-9tp,75,True,2,37
Leopardstown Racing Results | 9th June 2022 17:45,N/A,17:45,Good To Yielding,7f 12y,The Blue Panther (IRE),Wesley Joyce,4,Michael Mulvany,4th,Nose,4,9-7t,73,True,2,37
Leopardstown Racing Results | 9th June 2022 17:45,N/A,17:45,Good To Yielding,7f 12y,Atlas (IRE),J. Kearney,4,T. G. McCourt,3rd,3/4 l,9,8-9v,61,True,2,37
Leopardstown Racing Results | 9th June 2022 17:45,N/A,17:45,Good To Yielding,7f 12y,Earls (IRE),J. A. Powell,4,Gavin Patrick Cromwell,2nd,2 1/2 l,5,9-10b,76,True,2,37
Leopardstown Racing Results | 9th June 2022 17:45,N/A,17:45,Good To Yielding,7f 12y,Plunkett,D. J. Gilligan,7,Paul W. Flynn,1st,N/A,5,9-11,77,True,2,37
Leopardstown Racing Results | 9th June 2022 18:15,N/A,18:15,Good To Yielding,7f 12y,Real Appeal (GER),Shane Foley,0,Mrs J. Harrington,5th,1 1/2 l,5,10-0p,-,True,2,38
Leopardstown Racing Results | 9th June 2022 18:15,N/A,18:15,Good To Yielding,7f 12y,Thunder Moon (IRE),Declan McDonogh,0,Joseph Patrick O'Brien,4th,1 1/2 l,4,9-9,-,True,2,38
Leopardstown Racing Results | 9th June 2022 18:15,N/A,18:15,Good To Yielding,7f 12y,Pretreville (FR),R. P. Whelan,0,Adrian McGuinness,3rd,Nose,7,9-12,-,True,2,38
Leopardstown Racing Results | 9th June 2022 18:15,N/A,18:15,Good To Yielding,7f 12y,Straight Answer,G. F. Carroll,0,G. M. Lyons,2nd,2 l,3,8-13t,-,True,2,38
Leopardstown Racing Results | 9th June 2022 18:15,N/A,18:15,Good To Yielding,7f 12y,Dr Zempf,C. T. Keane,0,G. M. Lyons,1st,N/A,3,8-13,-,True,2,38
Leopardstown Racing Results | 9th June 2022 18:15,N/A,18:15,Good To Yielding,7f 12y,Real Appeal (GER),Shane Foley,0,Mrs J. Harrington,5th,1 1/2 l,5,10-0p,-,True,2,38
Leopardstown Racing Results | 9th June 2022 18:15,N/A,18:15,Good To Yielding,7f 12y,Thunder Moon (IRE),Declan McDonogh,0,Joseph Patrick O'Brien,4th,1 1/2 l,4,9-9,-,True,2,38
Leopardstown Racing Results | 9th June 2022 18:15,N/A,18:15,Good To Yielding,7f 12y,Pretreville (FR),R. P. Whelan,0,Adrian McGuinness,3rd,Nose,7,9-12,-,True,2,38
Leopardstown Racing Results | 9th June 2022 18:15,N/A,18:15,Good To Yielding,7f 12y,Straight Answer,G. F. Carroll,0,G. M. Lyons,2nd,2 l,3,8-13t,-,True,2,38
Leopardstown Racing Results | 9th June 2022 18:15,N/A,18:15,Good To Yielding,7f 12y,Dr Zempf,C. T. Keane,0,G. M. Lyons,1st,N/A,3,8-13,-,True,2,38
Leopardstown Racing Results | 9th June 2022 18:45,N/A,18:45,Good To Yielding,1m,Poets Cottage (IRE),C. T. Keane,0,Noel Meade,15th,Neck,3,9-6,67,True,2,39
Leopardstown Racing Results | 9th June 2022 18:45,N/A,18:45,Good To Yielding,1m,Vlad the Impaler (IRE),Seamie Heffernan,0,J. J. Lambe,14th,1 1/4 l,3,8-13,60,True,2,39
Leopardstown Racing Results | 9th June 2022 18:45,N/A,18:45,Good To Yielding,1m,Grappa Nonino (IRE),C. D. Hayes,0,D. K. Weld,13th,1/2 l,3,9-4p1,65,True,2,39
Leopardstown Racing Results | 9th June 2022 18:45,N/A,18:45,Good To Yielding,1m,Wiggle Room (IRE),D. B. McMonagle,0,W. T. Farrell,12th,1 l,3,9-0,61,True,2,39
Leopardstown Racing Results | 9th June 2022 18:45,N/A,18:45,Good To Yielding,1m,Dromore Glory (IRE),L. T. McAteer,3,Paul W. Flynn,11th,1 l,3,9-6,67,True,2,39
Leopardstown Racing Results | 9th June 2022 18:45,N/A,18:45,Good To Yielding,1m,Grizabella (IRE),R. P. Whelan,0,Jack W. Davison,10th,Short Head,3,9-9t,70,True,2,39
Leopardstown Racing Results | 9th June 2022 18:45,N/A,18:45,Good To Yielding,1m,Airglow (USA),Shane Foley,0,Mrs J. Harrington,9th,Neck,3,9-9p1,70,True,2,39
Leopardstown Racing Results | 9th June 2022 18:45,N/A,18:45,Good To Yielding,1m,Together Aclaim,G. F. Carroll,0,Gavin Patrick Cromwell,8th,Short Head,3,10-0t1,75,True,2,39
Leopardstown Racing Results | 9th June 2022 18:45,N/A,18:45,Good To Yielding,1m,Ju Ju Gabor (IRE),G. M. Ryan,0,Joseph G. Murphy,7th,1 1/4 l,3,9-6,67,True,2,39
Leopardstown Racing Results | 9th June 2022 18:45,N/A,18:45,Good To Yielding,1m,Notwithstanding (IRE),J. M. Sheridan,3,Henry de Bromhead,6th,1/2 l,3,9-6tp,67,True,2,39
Leopardstown Racing Results | 9th June 2022 18:45,N/A,18:45,Good To Yielding,1m,Chicago Lightening,S. B. Kelly,0,John Patrick Murtagh,5th,1 1/2 l,3,9-7t,68,True,2,39
Leopardstown Racing Results | 9th June 2022 18:45,N/A,18:45,Good To Yielding,1m,Level Pitch (IRE),K. J. Manning,0,J. S. Bolger,4th,1 1/4 l,3,9-13p1,74,True,2,39
Leopardstown Racing Results | 9th June 2022 18:45,N/A,18:45,Good To Yielding,1m,The Pargey Bee (IRE),Siobhan Rutledge,5,John McConnell,3rd,1/2 l,3,8-11,58,True,2,39
Leopardstown Racing Results | 9th June 2022 18:45,N/A,18:45,Good To Yielding,1m,The Last Swallow (IRE),W. M. Lordan,0,Gavin Patrick Cromwell,2nd,1 3/4 l,3,8-8t1,55,True,2,39
Leopardstown Racing Results | 9th June 2022 18:45,N/A,18:45,Good To Yielding,1m,Helpmeout (IRE),William James Lee,0,W. McCreery,1st,N/A,3,9-5,66,True,2,39
Leopardstown Racing Results | 9th June 2022 18:45,N/A,18:45,Good To Yielding,1m,Poets Cottage (IRE),C. T. Keane,0,Noel Meade,15th,Neck,3,9-6,67,True,2,39
Leopardstown Racing Results | 9th June 2022 18:45,N/A,18:45,Good To Yielding,1m,Vlad the Impaler (IRE),Seamie Heffernan,0,J. J. Lambe,14th,1 1/4 l,3,8-13,60,True,2,39
Leopardstown Racing Results | 9th June 2022 18:45,N/A,18:45,Good To Yielding,1m,Grappa Nonino (IRE),C. D. Hayes,0,D. K. Weld,13th,1/2 l,3,9-4p1,65,True,2,39
Leopardstown Racing Results | 9th June 2022 18:45,N/A,18:45,Good To Yielding,1m,Wiggle Room (IRE),D. B. McMonagle,0,W. T. Farrell,12th,1 l,3,9-0,61,True,2,39
Leopardstown Racing Results | 9th June 2022 18:45,N/A,18:45,Good To Yielding,1m,Dromore Glory (IRE),L. T. McAteer,3,Paul W. Flynn,11th,1 l,3,9-6,67,True,2,39
Leopardstown Racing Results | 9th June 2022 18:45,N/A,18:45,Good To Yielding,1m,Grizabella (IRE),R. P. Whelan,0,Jack W. Davison,10th,Short Head,3,9-9t,70,True,2,39
Leopardstown Racing Results | 9th June 2022 18:45,N/A,18:45,Good To Yielding,1m,Airglow (USA),Shane Foley,0,Mrs J. Harrington,9th,Neck,3,9-9p1,70,True,2,39
Leopardstown Racing Results | 9th June 2022 18:45,N/A,18:45,Good To Yielding,1m,Together Aclaim,G. F. Carroll,0,Gavin Patrick Cromwell,8th,Short Head,3,10-0t1,75,True,2,39
Leopardstown Racing Results | 9th June 2022 18:45,N/A,18:45,Good To Yielding,1m,Ju Ju Gabor (IRE),G. M. Ryan,0,Joseph G. Murphy,7th,1 1/4 l,3,9-6,67,True,2,39
Leopardstown Racing Results | 9th June 2022 18:45,N/A,18:45,Good To Yielding,1m,Notwithstanding (IRE),J. M. Sheridan,3,Henry de Bromhead,6th,1/2 l,3,9-6tp,67,True,2,39
Leopardstown Racing Results | 9th June 2022 18:45,N/A,18:45,Good To Yielding,1m,Chicago Lightening,S. B. Kelly,0,John Patrick Murtagh,5th,1 1/2 l,3,9-7t,68,True,2,39
Leopardstown Racing Results | 9th June 2022 18:45,N/A,18:45,Good To Yielding,1m,Level Pitch (IRE),K. J. Manning,0,J. S. Bolger,4th,1 1/4 l,3,9-13p1,74,True,2,39
Leopardstown Racing Results | 9th June 2022 18:45,N/A,18:45,Good To Yielding,1m,The Pargey Bee (IRE),Siobhan Rutledge,5,John McConnell,3rd,1/2 l,3,8-11,58,True,2,39
Leopardstown Racing Results | 9th June 2022 18:45,N/A,18:45,Good To Yielding,1m,The Last Swallow (IRE),W. M. Lordan,0,Gavin Patrick Cromwell,2nd,1 3/4 l,3,8-8t1,55,True,2,39
Leopardstown Racing Results | 9th June 2022 18:45,N/A,18:45,Good To Yielding,1m,Helpmeout (IRE),William James Lee,0,W. McCreery,1st,N/A,3,9-5,66,True,2,39
Leopardstown Racing Results | 9th June 2022 19:15,N/A,19:15,Good To Yielding,1m 1f,Lily Like,R. P. Cleary,0,Donal Kinsella,10th,9 1/2 l,5,8-11b1,61,True,2,40
Leopardstown Racing Results | 9th June 2022 19:15,N/A,19:15,Good To Yielding,1m 1f,New Moon Rising (IRE),Cillian McConnell,7,John McConnell,9th,1 3/4 l,4,9-7,71,True,2,40
Leopardstown Racing Results | 9th June 2022 19:15,N/A,19:15,Good To Yielding,1m 1f,Harriet's Force (IRE),G. M. Ryan,0,Keith Henry Clarke,8th,1/2 l,6,9-5,69,True,2,40
Leopardstown Racing Results | 9th June 2022 19:15,N/A,19:15,Good To Yielding,1m 1f,Sheer Chance (IRE),S. M. Crosse,0,Joseph Patrick O'Brien,7th,1 3/4 l,4,9-12,76,True,2,40
Leopardstown Racing Results | 9th June 2022 19:15,N/A,19:15,Good To Yielding,1m 1f,Independent Expert (IRE),A. J. Slattery,0,A. Slattery,6th,3/4 l,3,8-12,74,True,2,40
Leopardstown Racing Results | 9th June 2022 19:15,N/A,19:15,Good To Yielding,1m 1f,Capitulation (IRE),C. J. MacRedmond,5,Adrian McGuinness,5th,Short Head,3,8-11,73,True,2,40
Leopardstown Racing Results | 9th June 2022 19:15,N/A,19:15,Good To Yielding,1m 1f,Knocklane Lass (IRE),C. T. Keane,0,G. M. Lyons,4th,1 1/4 l,3,9-2,78,True,2,40
Leopardstown Racing Results | 9th June 2022 19:15,N/A,19:15,Good To Yielding,1m 1f,Zuhra (IRE),D. E. Sheehy,3,John Patrick Murtagh,3rd,2 1/4 l,3,8-11v1,73,True,2,40
Leopardstown Racing Results | 9th June 2022 19:15,N/A,19:15,Good To Yielding,1m 1f,Coill Na Sionainne (IRE),N. M. Crosse,3,W. McCreery,2nd,1/2 l,6,10-0,78,True,2,40
Leopardstown Racing Results | 9th June 2022 19:15,N/A,19:15,Good To Yielding,1m 1f,Giladah (IRE),C. D. Hayes,0,D. K. Weld,1st,N/A,3,8-8,70,True,2,40
Leopardstown Racing Results | 9th June 2022 19:15,N/A,19:15,Good To Yielding,1m 1f,Lily Like,R. P. Cleary,0,Donal Kinsella,10th,9 1/2 l,5,8-11b1,61,True,2,40
Leopardstown Racing Results | 9th June 2022 19:15,N/A,19:15,Good To Yielding,1m 1f,New Moon Rising (IRE),Cillian McConnell,7,John McConnell,9th,1 3/4 l,4,9-7,71,True,2,40
Leopardstown Racing Results | 9th June 2022 19:15,N/A,19:15,Good To Yielding,1m 1f,Harriet's Force (IRE),G. M. Ryan,0,Keith Henry Clarke,8th,1/2 l,6,9-5,69,True,2,40
Leopardstown Racing Results | 9th June 2022 19:15,N/A,19:15,Good To Yielding,1m 1f,Sheer Chance (IRE),S. M. Crosse,0,Joseph Patrick O'Brien,7th,1 3/4 l,4,9-12,76,True,2,40
Leopardstown Racing Results | 9th June 2022 19:15,N/A,19:15,Good To Yielding,1m 1f,Independent Expert (IRE),A. J. Slattery,0,A. Slattery,6th,3/4 l,3,8-12,74,True,2,40
Leopardstown Racing Results | 9th June 2022 19:15,N/A,19:15,Good To Yielding,1m 1f,Capitulation (IRE),C. J. MacRedmond,5,Adrian McGuinness,5th,Short Head,3,8-11,73,True,2,40
Leopardstown Racing Results | 9th June 2022 19:15,N/A,19:15,Good To Yielding,1m 1f,Knocklane Lass (IRE),C. T. Keane,0,G. M. Lyons,4th,1 1/4 l,3,9-2,78,True,2,40
Leopardstown Racing Results | 9th June 2022 19:15,N/A,19:15,Good To Yielding,1m 1f,Zuhra (IRE),D. E. Sheehy,3,John Patrick Murtagh,3rd,2 1/4 l,3,8-11v1,73,True,2,40
Leopardstown Racing Results | 9th June 2022 19:15,N/A,19:15,Good To Yielding,1m 1f,Coill Na Sionainne (IRE),N. M. Crosse,3,W. McCreery,2nd,1/2 l,6,10-0,78,True,2,40
Leopardstown Racing Results | 9th June 2022 19:15,N/A,19:15,Good To Yielding,1m 1f,Giladah (IRE),C. D. Hayes,0,D. K. Weld,1st,N/A,3,8-8,70,True,2,40
Leopardstown Racing Results | 9th June 2022 19:45,N/A,19:45,Good To Yielding,1m 1f,Jazz Dreamers (IRE),D. E. Sheehy,3,Seamus Fahey,22nd,1/2 l,4,10-1,64,True,2,41
Leopardstown Racing Results | 9th June 2022 19:45,N/A,19:45,Good To Yielding,1m 1f,Sayesse,Shane Foley,0,Anthony McCann,21st,50 l,8,8-12,47,True,2,41
Leopardstown Racing Results | 9th June 2022 19:45,N/A,19:45,Good To Yielding,1m 1f,Bright Glory (IRE),R. P. Whelan,0,M. Halford,20th,1 3/4 l,4,9-4p1,53,True,2,41
Leopardstown Racing Results | 9th June 2022 19:45,N/A,19:45,Good To Yielding,1m 1f,Power Drive,Ciara Flynn,7,Paul W. Flynn,19th,4 1/2 l,7,9-12p,61,True,2,41
Leopardstown Racing Results | 9th June 2022 19:45,N/A,19:45,Good To Yielding,1m 1f,Due North (IRE),Siobhan Rutledge,5,John McConnell,18th,3 3/4 l,4,9-13,62,True,2,41
Leopardstown Racing Results | 9th June 2022 19:45,N/A,19:45,Good To Yielding,1m 1f,Salt Whistle Bay (IRE),D. W. O'Connor,0,J. F. Levins,17th,3/4 l,8,9-0,49,True,2,41
Leopardstown Racing Results | 9th June 2022 19:45,N/A,19:45,Good To Yielding,1m 1f,Barrys Rock (IRE),G. M. Ryan,0,Anthony Mullins,16th,1 l,7,10-0,63,True,2,41
Leopardstown Racing Results | 9th June 2022 19:45,N/A,19:45,Good To Yielding,1m 1f,Drummer,Declan McDonogh,0,Michael Mulvany,15th,1 3/4 l,7,8-12,47,True,2,41
Leopardstown Racing Results | 9th June 2022 19:45,N/A,19:45,Good To Yielding,1m 1f,Reverberation,Seamie Heffernan,0,J. J. Lambe,14th,1 l,7,9-7,56,True,2,41
Leopardstown Racing Results | 9th June 2022 19:45,N/A,19:45,Good To Yielding,1m 1f,The Rabbit Catcher (IRE),J. J. G. Ryan,7,T. G. McCourt,13th,Head,3,8-12,59,True,2,41
Leopardstown Racing Results | 9th June 2022 19:45,N/A,19:45,Good To Yielding,1m 1f,Dr Patrick (IRE),C. D. Hayes,0,Luke Comer,12th,2 1/2 l,5,9-4,53,True,2,41
Leopardstown Racing Results | 9th June 2022 19:45,N/A,19:45,Good To Yielding,1m 1f,Purple Gown (IRE),K. J. Manning,0,J. S. Bolger,11th,1/2 l,3,8-13,60,True,2,41
Leopardstown Racing Results | 9th June 2022 19:45,N/A,19:45,Good To Yielding,1m 1f,Ragtime Red (IRE),N. M. Crosse,3,Anthony McCann,10th,Short Head,7,8-12t,47,True,2,41
Leopardstown Racing Results | 9th June 2022 19:45,N/A,19:45,Good To Yielding,1m 1f,Plugged In (IRE),W. M. Lordan,0,J. T. Gorman,9th,1/2 l,5,8-12,47,True,2,41
Leopardstown Racing Results | 9th June 2022 19:45,N/A,19:45,Good To Yielding,1m 1f,Tynamite (IRE),M. P. Sheehy,3,David Marnane,8th,3/4 l,8,8-13,48,True,2,41
Leopardstown Racing Results | 9th June 2022 19:45,N/A,19:45,Good To Yielding,1m 1f,Chimeric (IRE),J. M. Sheridan,3,J. F. Levins,7th,2 l,5,8-12p,47,True,2,41
Leopardstown Racing Results | 9th June 2022 19:45,N/A,19:45,Good To Yielding,1m 1f,Tooso (IRE),S. B. Kelly,0,John Patrick Murtagh,6th,1 1/2 l,4,9-8p,57,True,2,41
Leopardstown Racing Results | 9th June 2022 19:45,N/A,19:45,Good To Yielding,1m 1f,Heer at Dawn,G. F. Carroll,0,Gavin Patrick Cromwell,4th,Dead Heat,4,8-12,47,True,2,41
Leopardstown Racing Results | 9th June 2022 19:45,N/A,19:45,Good To Yielding,1m 1f,Dazzling Spirit (IRE),D. B. McMonagle,0,Thomas Mullins,4th,Neck,4,8-12,47,True,2,41
Leopardstown Racing Results | 9th June 2022 19:45,N/A,19:45,Good To Yielding,1m 1f,Phoenix Open (USA),K. J. Leonard,0,S. M. Duffy,3rd,2 1/4 l,6,9-5t,54,True,2,41
Leopardstown Racing Results | 9th June 2022 19:45,N/A,19:45,Good To Yielding,1m 1f,Philly's Hope (IRE),R. Whearty,7,T. G. McCourt,2nd,1 1/4 l,5,8-12p,47,True,2,41
Leopardstown Racing Results | 9th June 2022 19:45,N/A,19:45,Good To Yielding,1m 1f,Complete Fiction (IRE),R. P. Cleary,0,Jarlath P. Fahey,1st,N/A,5,8-12p,47,True,2,41
Leopardstown Racing Results | 9th June 2022 19:45,N/A,19:45,Good To Yielding,1m 1f,Jazz Dreamers (IRE),D. E. Sheehy,3,Seamus Fahey,22nd,1/2 l,4,10-1,64,True,2,41
Leopardstown Racing Results | 9th June 2022 19:45,N/A,19:45,Good To Yielding,1m 1f,Sayesse,Shane Foley,0,Anthony McCann,21st,50 l,8,8-12,47,True,2,41
Leopardstown Racing Results | 9th June 2022 19:45,N/A,19:45,Good To Yielding,1m 1f,Bright Glory (IRE),R. P. Whelan,0,M. Halford,20th,1 3/4 l,4,9-4p1,53,True,2,41
Leopardstown Racing Results | 9th June 2022 19:45,N/A,19:45,Good To Yielding,1m 1f,Power Drive,Ciara Flynn,7,Paul W. Flynn,19th,4 1/2 l,7,9-12p,61,True,2,41
Leopardstown Racing Results | 9th June 2022 19:45,N/A,19:45,Good To Yielding,1m 1f,Due North (IRE),Siobhan Rutledge,5,John McConnell,18th,3 3/4 l,4,9-13,62,True,2,41
Leopardstown Racing Results | 9th June 2022 19:45,N/A,19:45,Good To Yielding,1m 1f,Salt Whistle Bay (IRE),D. W. O'Connor,0,J. F. Levins,17th,3/4 l,8,9-0,49,True,2,41
Leopardstown Racing Results | 9th June 2022 19:45,N/A,19:45,Good To Yielding,1m 1f,Barrys Rock (IRE),G. M. Ryan,0,Anthony Mullins,16th,1 l,7,10-0,63,True,2,41
Leopardstown Racing Results | 9th June 2022 19:45,N/A,19:45,Good To Yielding,1m 1f,Drummer,Declan McDonogh,0,Michael Mulvany,15th,1 3/4 l,7,8-12,47,True,2,41
Leopardstown Racing Results | 9th June 2022 19:45,N/A,19:45,Good To Yielding,1m 1f,Reverberation,Seamie Heffernan,0,J. J. Lambe,14th,1 l,7,9-7,56,True,2,41
Leopardstown Racing Results | 9th June 2022 19:45,N/A,19:45,Good To Yielding,1m 1f,The Rabbit Catcher (IRE),J. J. G. Ryan,7,T. G. McCourt,13th,Head,3,8-12,59,True,2,41
Leopardstown Racing Results | 9th June 2022 19:45,N/A,19:45,Good To Yielding,1m 1f,Dr Patrick (IRE),C. D. Hayes,0,Luke Comer,12th,2 1/2 l,5,9-4,53,True,2,41
Leopardstown Racing Results | 9th June 2022 19:45,N/A,19:45,Good To Yielding,1m 1f,Purple Gown (IRE),K. J. Manning,0,J. S. Bolger,11th,1/2 l,3,8-13,60,True,2,41
Leopardstown Racing Results | 9th June 2022 19:45,N/A,19:45,Good To Yielding,1m 1f,Ragtime Red (IRE),N. M. Crosse,3,Anthony McCann,10th,Short Head,7,8-12t,47,True,2,41
Leopardstown Racing Results | 9th June 2022 19:45,N/A,19:45,Good To Yielding,1m 1f,Plugged In (IRE),W. M. Lordan,0,J. T. Gorman,9th,1/2 l,5,8-12,47,True,2,41
Leopardstown Racing Results | 9th June 2022 19:45,N/A,19:45,Good To Yielding,1m 1f,Tynamite (IRE),M. P. Sheehy,3,David Marnane,8th,3/4 l,8,8-13,48,True,2,41
Leopardstown Racing Results | 9th June 2022 19:45,N/A,19:45,Good To Yielding,1m 1f,Chimeric (IRE),J. M. Sheridan,3,J. F. Levins,7th,2 l,5,8-12p,47,True,2,41
Leopardstown Racing Results | 9th June 2022 19:45,N/A,19:45,Good To Yielding,1m 1f,Tooso (IRE),S. B. Kelly,0,John Patrick Murtagh,6th,1 1/2 l,4,9-8p,57,True,2,41
Leopardstown Racing Results | 9th June 2022 19:45,N/A,19:45,Good To Yielding,1m 1f,Heer at Dawn,G. F. Carroll,0,Gavin Patrick Cromwell,4th,Dead Heat,4,8-12,47,True,2,41
Leopardstown Racing Results | 9th June 2022 19:45,N/A,19:45,Good To Yielding,1m 1f,Dazzling Spirit (IRE),D. B. McMonagle,0,Thomas Mullins,4th,Neck,4,8-12,47,True,2,41
Leopardstown Racing Results | 9th June 2022 19:45,N/A,19:45,Good To Yielding,1m 1f,Phoenix Open (USA),K. J. Leonard,0,S. M. Duffy,3rd,2 1/4 l,6,9-5t,54,True,2,41
Leopardstown Racing Results | 9th June 2022 19:45,N/A,19:45,Good To Yielding,1m 1f,Philly's Hope (IRE),R. Whearty,7,T. G. McCourt,2nd,1 1/4 l,5,8-12p,47,True,2,41
Leopardstown Racing Results | 9th June 2022 19:45,N/A,19:45,Good To Yielding,1m 1f,Complete Fiction (IRE),R. P. Cleary,0,Jarlath P. Fahey,1st,N/A,5,8-12p,47,True,2,41
Leopardstown Racing Results | 9th June 2022 20:15,N/A,20:15,Good To Yielding,1m 7f,Trading Up (IRE),S. B. Kelly,0,W. J. Martin,18th,25 l,5,9-4p1,58,True,2,42
Leopardstown Racing Results | 9th June 2022 20:15,N/A,20:15,Good To Yielding,1m 7f,Nelly Murphy (IRE),J. A. Powell,7,Anthony McCann,17th,7 1/2 l,3,8-7p1,66,True,2,42
Leopardstown Racing Results | 9th June 2022 20:15,N/A,20:15,Good To Yielding,1m 7f,Politicise (IRE),Adam Caffrey,10,Adrian McGuinness,16th,14 l,6,9-11p,65,True,2,42
Leopardstown Racing Results | 9th June 2022 20:15,N/A,20:15,Good To Yielding,1m 7f,Room To Roam (IRE),Seamie Heffernan,0,John McConnell,15th,4 1/2 l,8,8-11b,51,True,2,42
Leopardstown Racing Results | 9th June 2022 20:15,N/A,20:15,Good To Yielding,1m 7f,Queen of Oriel (IRE),R. P. Cleary,0,Donal Kinsella,14th,4 3/4 l,4,8-11,51,True,2,42
Leopardstown Racing Results | 9th June 2022 20:15,N/A,20:15,Good To Yielding,1m 7f,Oranmore (IRE),C. D. Hayes,0,Luke Comer,13th,2 3/4 l,6,9-9,63,True,2,42
Leopardstown Racing Results | 9th June 2022 20:15,N/A,20:15,Good To Yielding,1m 7f,Isaiah (IRE),G. F. Carroll,0,Gavin Patrick Cromwell,12th,1 3/4 l,5,9-5,59,True,2,42
Leopardstown Racing Results | 9th June 2022 20:15,N/A,20:15,Good To Yielding,1m 7f,Walnut Beach (IRE),R. Donaghue-Leahy,10,Patrick J. Flynn,11th,1 1/2 l,5,9-12,66,True,2,42
Leopardstown Racing Results | 9th June 2022 20:15,N/A,20:15,Good To Yielding,1m 7f,Dammit (IRE),N. M. Crosse,3,Luke Comer,10th,Short Head,5,9-13p,67,True,2,42
Leopardstown Racing Results | 9th June 2022 20:15,N/A,20:15,Good To Yielding,1m 7f,Benkei (IRE),Siobhan Rutledge,5,Harry Rogers,9th,Head,12,9-2p,56,True,2,42
Leopardstown Racing Results | 9th June 2022 20:15,N/A,20:15,Good To Yielding,1m 7f,Lariat (USA),C. J. MacRedmond,5,Adrian McGuinness,8th,1/2 l,6,9-2p,56,True,2,42
Leopardstown Racing Results | 9th June 2022 20:15,N/A,20:15,Good To Yielding,1m 7f,Star of Burma (IRE),R. C. Colgan,0,Ms Sheila Lavery,7th,1/2 l,4,9-8t,62,True,2,42
Leopardstown Racing Results | 9th June 2022 20:15,N/A,20:15,Good To Yielding,1m 7f,Fox Fearless,S. McCullagh,5,Oliver McKiernan,6th,1 1/4 l,6,9-10b1,64,True,2,42
Leopardstown Racing Results | 9th June 2022 20:15,N/A,20:15,Good To Yielding,1m 7f,With A Start (IRE),C. T. Keane,0,Noel Meade,5th,1 l,7,10-0t,68,True,2,42
Leopardstown Racing Results | 9th June 2022 20:15,N/A,20:15,Good To Yielding,1m 7f,Nailed Down (IRE),K. J. Leonard,0,V. C. Ward,4th,2 l,5,8-8,48,True,2,42
Leopardstown Racing Results | 9th June 2022 20:15,N/A,20:15,Good To Yielding,1m 7f,Auckland (GER),J. M. Sheridan,3,Anthony Mullins,3rd,3/4 l,5,10-2p,70,True,2,42
Leopardstown Racing Results | 9th June 2022 20:15,N/A,20:15,Good To Yielding,1m 7f,Extensio (IRE),Sylvia O'Donnell,10,P. F. O'Donnell,2nd,1 1/4 l,5,9-7,61,True,2,42
Leopardstown Racing Results | 9th June 2022 20:15,N/A,20:15,Good To Yielding,1m 7f,Harry's Legacy,W. M. Lordan,0,Henry de Bromhead,1st,N/A,4,9-13t,67,True,2,42
Leopardstown Racing Results | 9th June 2022 20:15,N/A,20:15,Good To Yielding,1m 7f,Trading Up (IRE),S. B. Kelly,0,W. J. Martin,18th,25 l,5,9-4p1,58,True,2,42
Leopardstown Racing Results | 9th June 2022 20:15,N/A,20:15,Good To Yielding,1m 7f,Nelly Murphy (IRE),J. A. Powell,7,Anthony McCann,17th,7 1/2 l,3,8-7p1,66,True,2,42
Leopardstown Racing Results | 9th June 2022 20:15,N/A,20:15,Good To Yielding,1m 7f,Politicise (IRE),Adam Caffrey,10,Adrian McGuinness,16th,14 l,6,9-11p,65,True,2,42
Leopardstown Racing Results | 9th June 2022 20:15,N/A,20:15,Good To Yielding,1m 7f,Room To Roam (IRE),Seamie Heffernan,0,John McConnell,15th,4 1/2 l,8,8-11b,51,True,2,42
Leopardstown Racing Results | 9th June 2022 20:15,N/A,20:15,Good To Yielding,1m 7f,Queen of Oriel (IRE),R. P. Cleary,0,Donal Kinsella,14th,4 3/4 l,4,8-11,51,True,2,42
Leopardstown Racing Results | 9th June 2022 20:15,N/A,20:15,Good To Yielding,1m 7f,Oranmore (IRE),C. D. Hayes,0,Luke Comer,13th,2 3/4 l,6,9-9,63,True,2,42
Leopardstown Racing Results | 9th June 2022 20:15,N/A,20:15,Good To Yielding,1m 7f,Isaiah (IRE),G. F. Carroll,0,Gavin Patrick Cromwell,12th,1 3/4 l,5,9-5,59,True,2,42
Leopardstown Racing Results | 9th June 2022 20:15,N/A,20:15,Good To Yielding,1m 7f,Walnut Beach (IRE),R. Donaghue-Leahy,10,Patrick J. Flynn,11th,1 1/2 l,5,9-12,66,True,2,42
Leopardstown Racing Results | 9th June 2022 20:15,N/A,20:15,Good To Yielding,1m 7f,Dammit (IRE),N. M. Crosse,3,Luke Comer,10th,Short Head,5,9-13p,67,True,2,42
Leopardstown Racing Results | 9th June 2022 20:15,N/A,20:15,Good To Yielding,1m 7f,Benkei (IRE),Siobhan Rutledge,5,Harry Rogers,9th,Head,12,9-2p,56,True,2,42
Leopardstown Racing Results | 9th June 2022 20:15,N/A,20:15,Good To Yielding,1m 7f,Lariat (USA),C. J. MacRedmond,5,Adrian McGuinness,8th,1/2 l,6,9-2p,56,True,2,42
Leopardstown Racing Results | 9th June 2022 20:15,N/A,20:15,Good To Yielding,1m 7f,Star of Burma (IRE),R. C. Colgan,0,Ms Sheila Lavery,7th,1/2 l,4,9-8t,62,True,2,42
Leopardstown Racing Results | 9th June 2022 20:15,N/A,20:15,Good To Yielding,1m 7f,Fox Fearless,S. McCullagh,5,Oliver McKiernan,6th,1 1/4 l,6,9-10b1,64,True,2,42
Leopardstown Racing Results | 9th June 2022 20:15,N/A,20:15,Good To Yielding,1m 7f,With A Start (IRE),C. T. Keane,0,Noel Meade,5th,1 l,7,10-0t,68,True,2,42
Leopardstown Racing Results | 9th June 2022 20:15,N/A,20:15,Good To Yielding,1m 7f,Nailed Down (IRE),K. J. Leonard,0,V. C. Ward,4th,2 l,5,8-8,48,True,2,42
Leopardstown Racing Results | 9th June 2022 20:15,N/A,20:15,Good To Yielding,1m 7f,Auckland (GER),J. M. Sheridan,3,Anthony Mullins,3rd,3/4 l,5,10-2p,70,True,2,42
Leopardstown Racing Results | 9th June 2022 20:15,N/A,20:15,Good To Yielding,1m 7f,Extensio (IRE),Sylvia O'Donnell,10,P. F. O'Donnell,2nd,1 1/4 l,5,9-7,61,True,2,42
Leopardstown Racing Results | 9th June 2022 20:15,N/A,20:15,Good To Yielding,1m 7f,Harry's Legacy,W. M. Lordan,0,Henry de Bromhead,1st,N/A,4,9-13t,67,True,2,42
Fairyhouse Racing Results | 10th June 2022 16:45,N/A,16:45,Good (Good To Firm In Places),6f,Midnight Duke (IRE),James J. Doyle,0,Joseph Anthony Murray,17th,2 l,2,8-13,-,True,2,43
Fairyhouse Racing Results | 10th June 2022 16:45,N/A,16:45,Good (Good To Firm In Places),6f,Mount Ruapehu (IRE),A. J. Slattery,0,John F. Grogan,16th,1/2 l,2,9-9,-,True,2,43
Fairyhouse Racing Results | 10th June 2022 16:45,N/A,16:45,Good (Good To Firm In Places),6f,Gut Feeling (USA),C. J. MacRedmond,5,Adrian McGuinness,15th,Nose,2,9-5,-,True,2,43
Fairyhouse Racing Results | 10th June 2022 16:45,N/A,16:45,Good (Good To Firm In Places),6f,Thai Legacy (IRE),M. A. Gallagher,0,Kieran Patrick Cotter,14th,2 1/2 l,2,8-10,-,True,2,43
Fairyhouse Racing Results | 10th June 2022 16:45,N/A,16:45,Good (Good To Firm In Places),6f,Play It Again Zaam (IRE),C. D. Maxwell,0,John Andrew Kinsella,13th,3 l,2,8-13,-,True,2,43
Fairyhouse Racing Results | 10th June 2022 16:45,N/A,16:45,Good (Good To Firm In Places),6f,Monnow Valley,D. W. O'Connor,0,Damian Joseph English,12th,Head,2,9-1,-,True,2,43
Fairyhouse Racing Results | 10th June 2022 16:45,N/A,16:45,Good (Good To Firm In Places),6f,Inthepoorhouse (IRE),G. F. Carroll,0,Gavin Patrick Cromwell,11th,6 l,2,9-5,-,True,2,43
Fairyhouse Racing Results | 10th June 2022 16:45,N/A,16:45,Good (Good To Firm In Places),6f,Lough Swilly Lass,D. E. Sheehy,3,Ciaran Murphy,10th,2 1/2 l,2,8-8,-,True,2,43
Fairyhouse Racing Results | 10th June 2022 16:45,N/A,16:45,Good (Good To Firm In Places),6f,Goa Gajah (USA),S. M. Crosse,0,Joseph Patrick O'Brien,9th,Neck,2,9-3,-,True,2,43
Fairyhouse Racing Results | 10th June 2022 16:45,N/A,16:45,Good (Good To Firm In Places),6f,Semblance Of Order (IRE),C. T. Keane,0,Andrew Oliver,8th,3/4 l,2,9-3,-,True,2,43
Fairyhouse Racing Results | 10th June 2022 16:45,N/A,16:45,Good (Good To Firm In Places),6f,Holdonfordearlife (IRE),William James Lee,0,K. J. Condon,7th,Short Head,2,9-7,-,True,2,43
Fairyhouse Racing Results | 10th June 2022 16:45,N/A,16:45,Good (Good To Firm In Places),6f,Charming Lady (IRE),Wesley Joyce,7,T. G. McCourt,6th,Short Head,2,8-8,-,True,2,43
Fairyhouse Racing Results | 10th June 2022 16:45,N/A,16:45,Good (Good To Firm In Places),6f,Meggy Moo (IRE),C. D. Hayes,0,Noel Meade,5th,1 1/2 l,2,8-10,-,True,2,43
Fairyhouse Racing Results | 10th June 2022 16:45,N/A,16:45,Good (Good To Firm In Places),6f,Polar Bear (IRE),Shane Foley,0,Mrs J. Harrington,4th,Neck,2,9-3,-,True,2,43
Fairyhouse Racing Results | 10th June 2022 16:45,N/A,16:45,Good (Good To Firm In Places),6f,Reinforce (IRE),G. P. Halpin,0,John Stephen O'Donoghue,3rd,1/2 l,2,9-5,-,True,2,43
Fairyhouse Racing Results | 10th June 2022 16:45,N/A,16:45,Good (Good To Firm In Places),6f,Palace Gardens (IRE),W. M. Lordan,0,Kevin Thomas Coleman,2nd,3/4 l,2,8-12,-,True,2,43
Fairyhouse Racing Results | 10th June 2022 16:45,N/A,16:45,Good (Good To Firm In Places),6f,Apache Outlaw (IRE),Declan McDonogh,0,Joseph Patrick O'Brien,1st,N/A,2,9-3,-,True,2,43
Fairyhouse Racing Results | 10th June 2022 16:45,N/A,16:45,Good (Good To Firm In Places),6f,Midnight Duke (IRE),James J. Doyle,0,Joseph Anthony Murray,17th,2 l,2,8-13,-,True,2,43
Fairyhouse Racing Results | 10th June 2022 16:45,N/A,16:45,Good (Good To Firm In Places),6f,Mount Ruapehu (IRE),A. J. Slattery,0,John F. Grogan,16th,1/2 l,2,9-9,-,True,2,43
Fairyhouse Racing Results | 10th June 2022 16:45,N/A,16:45,Good (Good To Firm In Places),6f,Gut Feeling (USA),C. J. MacRedmond,5,Adrian McGuinness,15th,Nose,2,9-5,-,True,2,43
Fairyhouse Racing Results | 10th June 2022 16:45,N/A,16:45,Good (Good To Firm In Places),6f,Thai Legacy (IRE),M. A. Gallagher,0,Kieran Patrick Cotter,14th,2 1/2 l,2,8-10,-,True,2,43
Fairyhouse Racing Results | 10th June 2022 16:45,N/A,16:45,Good (Good To Firm In Places),6f,Play It Again Zaam (IRE),C. D. Maxwell,0,John Andrew Kinsella,13th,3 l,2,8-13,-,True,2,43
Fairyhouse Racing Results | 10th June 2022 16:45,N/A,16:45,Good (Good To Firm In Places),6f,Monnow Valley,D. W. O'Connor,0,Damian Joseph English,12th,Head,2,9-1,-,True,2,43
Fairyhouse Racing Results | 10th June 2022 16:45,N/A,16:45,Good (Good To Firm In Places),6f,Inthepoorhouse (IRE),G. F. Carroll,0,Gavin Patrick Cromwell,11th,6 l,2,9-5,-,True,2,43
Fairyhouse Racing Results | 10th June 2022 16:45,N/A,16:45,Good (Good To Firm In Places),6f,Lough Swilly Lass,D. E. Sheehy,3,Ciaran Murphy,10th,2 1/2 l,2,8-8,-,True,2,43
Fairyhouse Racing Results | 10th June 2022 16:45,N/A,16:45,Good (Good To Firm In Places),6f,Goa Gajah (USA),S. M. Crosse,0,Joseph Patrick O'Brien,9th,Neck,2,9-3,-,True,2,43
Fairyhouse Racing Results | 10th June 2022 16:45,N/A,16:45,Good (Good To Firm In Places),6f,Semblance Of Order (IRE),C. T. Keane,0,Andrew Oliver,8th,3/4 l,2,9-3,-,True,2,43
Fairyhouse Racing Results | 10th June 2022 16:45,N/A,16:45,Good (Good To Firm In Places),6f,Holdonfordearlife (IRE),William James Lee,0,K. J. Condon,7th,Short Head,2,9-7,-,True,2,43
Fairyhouse Racing Results | 10th June 2022 16:45,N/A,16:45,Good (Good To Firm In Places),6f,Charming Lady (IRE),Wesley Joyce,7,T. G. McCourt,6th,Short Head,2,8-8,-,True,2,43
Fairyhouse Racing Results | 10th June 2022 16:45,N/A,16:45,Good (Good To Firm In Places),6f,Meggy Moo (IRE),C. D. Hayes,0,Noel Meade,5th,1 1/2 l,2,8-10,-,True,2,43
Fairyhouse Racing Results | 10th June 2022 16:45,N/A,16:45,Good (Good To Firm In Places),6f,Polar Bear (IRE),Shane Foley,0,Mrs J. Harrington,4th,Neck,2,9-3,-,True,2,43
Fairyhouse Racing Results | 10th June 2022 16:45,N/A,16:45,Good (Good To Firm In Places),6f,Reinforce (IRE),G. P. Halpin,0,John Stephen O'Donoghue,3rd,1/2 l,2,9-5,-,True,2,43
Fairyhouse Racing Results | 10th June 2022 16:45,N/A,16:45,Good (Good To Firm In Places),6f,Palace Gardens (IRE),W. M. Lordan,0,Kevin Thomas Coleman,2nd,3/4 l,2,8-12,-,True,2,43
Fairyhouse Racing Results | 10th June 2022 16:45,N/A,16:45,Good (Good To Firm In Places),6f,Apache Outlaw (IRE),Declan McDonogh,0,Joseph Patrick O'Brien,1st,N/A,2,9-3,-,True,2,43
Fairyhouse Racing Results | 10th June 2022 17:20,N/A,17:20,Good (Good To Firm In Places),6f,Brave Troop (IRE),Siobhan Rutledge,5,John McConnell,17th,7 1/2 l,3,9-12,68,True,2,44
Fairyhouse Racing Results | 10th June 2022 17:20,N/A,17:20,Good (Good To Firm In Places),6f,Chris's Rose,J. Kearney,7,Liam McAteer,16th,2 3/4 l,3,9-8,64,True,2,44
Fairyhouse Racing Results | 10th June 2022 17:20,N/A,17:20,Good (Good To Firm In Places),6f,Tiny Bit (IRE),Shane Foley,0,Kieran Patrick Cotter,15th,1 1/4 l,3,9-7tp,63,True,2,44
Fairyhouse Racing Results | 10th June 2022 17:20,N/A,17:20,Good (Good To Firm In Places),6f,Saffies Glory (IRE),N. M. Crosse,3,W. McCreery,14th,Head,3,9-3,59,True,2,44
Fairyhouse Racing Results | 10th June 2022 17:20,N/A,17:20,Good (Good To Firm In Places),6f,Rockbury Lad,L. F. Roche,0,M. D. O'Callaghan,13th,2 1/4 l,3,9-11,67,True,2,44
Fairyhouse Racing Results | 10th June 2022 17:20,N/A,17:20,Good (Good To Firm In Places),6f,Man Is King (IRE),N. G. McCullagh,0,Sean Byrne,12th,Head,3,9-4,60,True,2,44
Fairyhouse Racing Results | 10th June 2022 17:20,N/A,17:20,Good (Good To Firm In Places),6f,Cuala Bula (IRE),C. T. Keane,0,Jack W. Davison,11th,Neck,3,9-13ht,69,True,2,44
Fairyhouse Racing Results | 10th June 2022 17:20,N/A,17:20,Good (Good To Firm In Places),6f,Cherry Bloom (IRE),M. A. Enright,0,Gillian Scott,10th,1 3/4 l,3,9-2t1,58,True,2,44
Fairyhouse Racing Results | 10th June 2022 17:20,N/A,17:20,Good (Good To Firm In Places),6f,Shining Crystal,G. P. Halpin,0,Adrian Murray,9th,Neck,3,10-0,70,True,2,44
Fairyhouse Racing Results | 10th June 2022 17:20,N/A,17:20,Good (Good To Firm In Places),6f,Takana (IRE),L. T. McAteer,3,Ciaran Murphy,8th,3 1/4 l,3,9-13,69,True,2,44
Fairyhouse Racing Results | 10th June 2022 17:20,N/A,17:20,Good (Good To Firm In Places),6f,It Might Be You (IRE),Wesley Joyce,7,Michael Mulvany,7th,2 3/4 l,3,9-8,64,True,2,44
Fairyhouse Racing Results | 10th June 2022 17:20,N/A,17:20,Good (Good To Firm In Places),6f,Wayne R Walker,Seamie Heffernan,0,Donal Kinsella,6th,Head,3,9-1,57,True,2,44
Fairyhouse Racing Results | 10th June 2022 17:20,N/A,17:20,Good (Good To Firm In Places),6f,Gallow Hill (IRE),R. C. Colgan,0,Ms Sheila Lavery,5th,Neck,3,9-9,65,True,2,44
Fairyhouse Racing Results | 10th June 2022 17:20,N/A,17:20,Good (Good To Firm In Places),6f,Walking On Clouds (IRE),Declan McDonogh,0,Padraig Roche,4th,Short Head,3,9-8tp,64,True,2,44
Fairyhouse Racing Results | 10th June 2022 17:20,N/A,17:20,Good (Good To Firm In Places),6f,Super Cub,James J. Doyle,0,Denis Hogan,3rd,2 1/2 l,3,9-12,68,True,2,44
Fairyhouse Racing Results | 10th June 2022 17:20,N/A,17:20,Good (Good To Firm In Places),6f,Jupiter Express (IRE),J. M. Sheridan,3,K. J. Condon,2nd,1/2 l,3,9-9,65,True,2,44
Fairyhouse Racing Results | 10th June 2022 17:20,N/A,17:20,Good (Good To Firm In Places),6f,Areille (IRE),William James Lee,0,K. J. Condon,1st,N/A,3,10-0,70,True,2,44
Fairyhouse Racing Results | 10th June 2022 17:20,N/A,17:20,Good (Good To Firm In Places),6f,Brave Troop (IRE),Siobhan Rutledge,5,John McConnell,17th,7 1/2 l,3,9-12,68,True,2,44
Fairyhouse Racing Results | 10th June 2022 17:20,N/A,17:20,Good (Good To Firm In Places),6f,Chris's Rose,J. Kearney,7,Liam McAteer,16th,2 3/4 l,3,9-8,64,True,2,44
Fairyhouse Racing Results | 10th June 2022 17:20,N/A,17:20,Good (Good To Firm In Places),6f,Tiny Bit (IRE),Shane Foley,0,Kieran Patrick Cotter,15th,1 1/4 l,3,9-7tp,63,True,2,44
Fairyhouse Racing Results | 10th June 2022 17:20,N/A,17:20,Good (Good To Firm In Places),6f,Saffies Glory (IRE),N. M. Crosse,3,W. McCreery,14th,Head,3,9-3,59,True,2,44
Fairyhouse Racing Results | 10th June 2022 17:20,N/A,17:20,Good (Good To Firm In Places),6f,Rockbury Lad,L. F. Roche,0,M. D. O'Callaghan,13th,2 1/4 l,3,9-11,67,True,2,44
Fairyhouse Racing Results | 10th June 2022 17:20,N/A,17:20,Good (Good To Firm In Places),6f,Man Is King (IRE),N. G. McCullagh,0,Sean Byrne,12th,Head,3,9-4,60,True,2,44
Fairyhouse Racing Results | 10th June 2022 17:20,N/A,17:20,Good (Good To Firm In Places),6f,Cuala Bula (IRE),C. T. Keane,0,Jack W. Davison,11th,Neck,3,9-13ht,69,True,2,44
Fairyhouse Racing Results | 10th June 2022 17:20,N/A,17:20,Good (Good To Firm In Places),6f,Cherry Bloom (IRE),M. A. Enright,0,Gillian Scott,10th,1 3/4 l,3,9-2t1,58,True,2,44
Fairyhouse Racing Results | 10th June 2022 17:20,N/A,17:20,Good (Good To Firm In Places),6f,Shining Crystal,G. P. Halpin,0,Adrian Murray,9th,Neck,3,10-0,70,True,2,44
Fairyhouse Racing Results | 10th June 2022 17:20,N/A,17:20,Good (Good To Firm In Places),6f,Takana (IRE),L. T. McAteer,3,Ciaran Murphy,8th,3 1/4 l,3,9-13,69,True,2,44
Fairyhouse Racing Results | 10th June 2022 17:20,N/A,17:20,Good (Good To Firm In Places),6f,It Might Be You (IRE),Wesley Joyce,7,Michael Mulvany,7th,2 3/4 l,3,9-8,64,True,2,44
Fairyhouse Racing Results | 10th June 2022 17:20,N/A,17:20,Good (Good To Firm In Places),6f,Wayne R Walker,Seamie Heffernan,0,Donal Kinsella,6th,Head,3,9-1,57,True,2,44
Fairyhouse Racing Results | 10th June 2022 17:20,N/A,17:20,Good (Good To Firm In Places),6f,Gallow Hill (IRE),R. C. Colgan,0,Ms Sheila Lavery,5th,Neck,3,9-9,65,True,2,44
Fairyhouse Racing Results | 10th June 2022 17:20,N/A,17:20,Good (Good To Firm In Places),6f,Walking On Clouds (IRE),Declan McDonogh,0,Padraig Roche,4th,Short Head,3,9-8tp,64,True,2,44
Fairyhouse Racing Results | 10th June 2022 17:20,N/A,17:20,Good (Good To Firm In Places),6f,Super Cub,James J. Doyle,0,Denis Hogan,3rd,2 1/2 l,3,9-12,68,True,2,44
Fairyhouse Racing Results | 10th June 2022 17:20,N/A,17:20,Good (Good To Firm In Places),6f,Jupiter Express (IRE),J. M. Sheridan,3,K. J. Condon,2nd,1/2 l,3,9-9,65,True,2,44
Fairyhouse Racing Results | 10th June 2022 17:20,N/A,17:20,Good (Good To Firm In Places),6f,Areille (IRE),William James Lee,0,K. J. Condon,1st,N/A,3,10-0,70,True,2,44
Fairyhouse Racing Results | 10th June 2022 17:55,N/A,17:55,Good (Good To Firm In Places),6f,Goodnight Girl (IRE),M. P. Sheehy,3,Sarah Lynam,9th,1 l,7,9-9,86,True,2,45
Fairyhouse Racing Results | 10th June 2022 17:55,N/A,17:55,Good (Good To Firm In Places),6f,Dairerin (IRE),Shane Foley,0,Mrs J. Harrington,8th,1 l,3,8-12,83,True,2,45
Fairyhouse Racing Results | 10th June 2022 17:55,N/A,17:55,Good (Good To Firm In Places),6f,Claonadh (IRE),Jessica Maye,10,W. McCreery,7th,Neck,4,9-4,81,True,2,45
Fairyhouse Racing Results | 10th June 2022 17:55,N/A,17:55,Good (Good To Firm In Places),6f,It's Snowing (IRE),N. M. Crosse,3,Mrs J. Harrington,6th,2 1/2 l,3,8-7,76,True,2,45
Fairyhouse Racing Results | 10th June 2022 17:55,N/A,17:55,Good (Good To Firm In Places),6f,Ampeson,W. M. Lordan,0,P. J. McKenna,5th,Head,5,8-7p,70,True,2,45
Fairyhouse Racing Results | 10th June 2022 17:55,N/A,17:55,Good (Good To Firm In Places),6f,Dream Today (IRE),C. J. MacRedmond,5,Adrian McGuinness,4th,3 1/2 l,7,9-13tp,90,True,2,45
Fairyhouse Racing Results | 10th June 2022 17:55,N/A,17:55,Good (Good To Firm In Places),6f,Blind Beggar (IRE),C. T. Keane,0,G. M. Lyons,3rd,3/4 l,4,9-6,83,True,2,45
Fairyhouse Racing Results | 10th June 2022 17:55,N/A,17:55,Good (Good To Firm In Places),6f,Big Gossey (IRE),D. E. Sheehy,3,Charles O'Brien,2nd,Neck,5,9-10,87,True,2,45
Fairyhouse Racing Results | 10th June 2022 17:55,N/A,17:55,Good (Good To Firm In Places),6f,Moss Tucker (IRE),J. M. Sheridan,3,K. J. Condon,1st,N/A,4,10-0t,91,True,2,45
Fairyhouse Racing Results | 10th June 2022 17:55,N/A,17:55,Good (Good To Firm In Places),6f,Goodnight Girl (IRE),M. P. Sheehy,3,Sarah Lynam,9th,1 l,7,9-9,86,True,2,45
Fairyhouse Racing Results | 10th June 2022 17:55,N/A,17:55,Good (Good To Firm In Places),6f,Dairerin (IRE),Shane Foley,0,Mrs J. Harrington,8th,1 l,3,8-12,83,True,2,45
Fairyhouse Racing Results | 10th June 2022 17:55,N/A,17:55,Good (Good To Firm In Places),6f,Claonadh (IRE),Jessica Maye,10,W. McCreery,7th,Neck,4,9-4,81,True,2,45
Fairyhouse Racing Results | 10th June 2022 17:55,N/A,17:55,Good (Good To Firm In Places),6f,It's Snowing (IRE),N. M. Crosse,3,Mrs J. Harrington,6th,2 1/2 l,3,8-7,76,True,2,45
Fairyhouse Racing Results | 10th June 2022 17:55,N/A,17:55,Good (Good To Firm In Places),6f,Ampeson,W. M. Lordan,0,P. J. McKenna,5th,Head,5,8-7p,70,True,2,45
Fairyhouse Racing Results | 10th June 2022 17:55,N/A,17:55,Good (Good To Firm In Places),6f,Dream Today (IRE),C. J. MacRedmond,5,Adrian McGuinness,4th,3 1/2 l,7,9-13tp,90,True,2,45
Fairyhouse Racing Results | 10th June 2022 17:55,N/A,17:55,Good (Good To Firm In Places),6f,Blind Beggar (IRE),C. T. Keane,0,G. M. Lyons,3rd,3/4 l,4,9-6,83,True,2,45
Fairyhouse Racing Results | 10th June 2022 17:55,N/A,17:55,Good (Good To Firm In Places),6f,Big Gossey (IRE),D. E. Sheehy,3,Charles O'Brien,2nd,Neck,5,9-10,87,True,2,45
Fairyhouse Racing Results | 10th June 2022 17:55,N/A,17:55,Good (Good To Firm In Places),6f,Moss Tucker (IRE),J. M. Sheridan,3,K. J. Condon,1st,N/A,4,10-0t,91,True,2,45
Fairyhouse Racing Results | 10th June 2022 18:30,N/A,18:30,Good (Good To Firm In Places),7f,Ace Aussie (IRE),Shane Foley,0,Mrs J. Harrington,3rd,7 1/2 l,4,10-0b1,-,True,2,46
Fairyhouse Racing Results | 10th June 2022 18:30,N/A,18:30,Good (Good To Firm In Places),7f,San Andreas (IRE),H. J. Horgan,7,Joseph Patrick O'Brien,2nd,4 1/4 l,6,10-0,-,True,2,46
Fairyhouse Racing Results | 10th June 2022 18:30,N/A,18:30,Good (Good To Firm In Places),7f,Affogato (IRE),C. T. Keane,0,G. M. Lyons,1st,N/A,3,8-13,-,True,2,46
Fairyhouse Racing Results | 10th June 2022 18:30,N/A,18:30,Good (Good To Firm In Places),7f,Ace Aussie (IRE),Shane Foley,0,Mrs J. Harrington,3rd,7 1/2 l,4,10-0b1,-,True,2,46
Fairyhouse Racing Results | 10th June 2022 18:30,N/A,18:30,Good (Good To Firm In Places),7f,San Andreas (IRE),H. J. Horgan,7,Joseph Patrick O'Brien,2nd,4 1/4 l,6,10-0,-,True,2,46
Fairyhouse Racing Results | 10th June 2022 18:30,N/A,18:30,Good (Good To Firm In Places),7f,Affogato (IRE),C. T. Keane,0,G. M. Lyons,1st,N/A,3,8-13,-,True,2,46
Fairyhouse Racing Results | 10th June 2022 19:05,N/A,19:05,Good (Good To Firm In Places),1m 5f 150y,The Vegas Raider (IRE),M. A. Enright,0,Eoin Doyle,9th,26 l,4,9-6b1,74,True,2,47
Fairyhouse Racing Results | 10th June 2022 19:05,N/A,19:05,Good (Good To Firm In Places),1m 5f 150y,Uncharted (USA),S. M. Crosse,0,Richard John O'Brien,8th,17 l,4,9-8,76,True,2,47
Fairyhouse Racing Results | 10th June 2022 19:05,N/A,19:05,Good (Good To Firm In Places),1m 5f 150y,Stellium (IRE),William James Lee,0,M. C. Grassick,7th,Neck,4,10-2,84,True,2,47
Fairyhouse Racing Results | 10th June 2022 19:05,N/A,19:05,Good (Good To Firm In Places),1m 5f 150y,Beautiful Chaos (IRE),J. Coen,7,Ross O'Sullivan,6th,1 3/4 l,4,9-5,73,True,2,47
Fairyhouse Racing Results | 10th June 2022 19:05,N/A,19:05,Good (Good To Firm In Places),1m 5f 150y,Play the Game (IRE),D. W. O'Connor,0,John McConnell,5th,9 l,9,9-5h,73,True,2,47
Fairyhouse Racing Results | 10th June 2022 19:05,N/A,19:05,Good (Good To Firm In Places),1m 5f 150y,Magnetic North (IRE),Adam Caffrey,10,Adrian McGuinness,4th,10 l,7,9-5v,73,True,2,47
Fairyhouse Racing Results | 10th June 2022 19:05,N/A,19:05,Good (Good To Firm In Places),1m 5f 150y,Sheishybrid (IRE),C. D. Hayes,0,Noel Meade,3rd,8 1/2 l,4,9-9b,77,True,2,47
Fairyhouse Racing Results | 10th June 2022 19:05,N/A,19:05,Good (Good To Firm In Places),1m 5f 150y,San Martino (IRE),C. T. Keane,0,G. M. Lyons,2nd,1 1/4 l,4,9-11p,79,True,2,47
Fairyhouse Racing Results | 10th June 2022 19:05,N/A,19:05,Good (Good To Firm In Places),1m 5f 150y,Daylight Come (IRE),K. J. Manning,0,J. S. Bolger,1st,N/A,5,9-8tp,76,True,2,47
Fairyhouse Racing Results | 10th June 2022 19:05,N/A,19:05,Good (Good To Firm In Places),1m 5f 150y,The Vegas Raider (IRE),M. A. Enright,0,Eoin Doyle,9th,26 l,4,9-6b1,74,True,2,47
Fairyhouse Racing Results | 10th June 2022 19:05,N/A,19:05,Good (Good To Firm In Places),1m 5f 150y,Uncharted (USA),S. M. Crosse,0,Richard John O'Brien,8th,17 l,4,9-8,76,True,2,47
Fairyhouse Racing Results | 10th June 2022 19:05,N/A,19:05,Good (Good To Firm In Places),1m 5f 150y,Stellium (IRE),William James Lee,0,M. C. Grassick,7th,Neck,4,10-2,84,True,2,47
Fairyhouse Racing Results | 10th June 2022 19:05,N/A,19:05,Good (Good To Firm In Places),1m 5f 150y,Beautiful Chaos (IRE),J. Coen,7,Ross O'Sullivan,6th,1 3/4 l,4,9-5,73,True,2,47
Fairyhouse Racing Results | 10th June 2022 19:05,N/A,19:05,Good (Good To Firm In Places),1m 5f 150y,Play the Game (IRE),D. W. O'Connor,0,John McConnell,5th,9 l,9,9-5h,73,True,2,47
Fairyhouse Racing Results | 10th June 2022 19:05,N/A,19:05,Good (Good To Firm In Places),1m 5f 150y,Magnetic North (IRE),Adam Caffrey,10,Adrian McGuinness,4th,10 l,7,9-5v,73,True,2,47
Fairyhouse Racing Results | 10th June 2022 19:05,N/A,19:05,Good (Good To Firm In Places),1m 5f 150y,Sheishybrid (IRE),C. D. Hayes,0,Noel Meade,3rd,8 1/2 l,4,9-9b,77,True,2,47
Fairyhouse Racing Results | 10th June 2022 19:05,N/A,19:05,Good (Good To Firm In Places),1m 5f 150y,San Martino (IRE),C. T. Keane,0,G. M. Lyons,2nd,1 1/4 l,4,9-11p,79,True,2,47
Fairyhouse Racing Results | 10th June 2022 19:05,N/A,19:05,Good (Good To Firm In Places),1m 5f 150y,Daylight Come (IRE),K. J. Manning,0,J. S. Bolger,1st,N/A,5,9-8tp,76,True,2,47
Fairyhouse Racing Results | 10th June 2022 19:40,N/A,19:40,Good (Good To Firm In Places),1m 4f,Tell Her Nothing (IRE),R. P. Cleary,0,Brendan Duke,10th,94 l,3,9-8,-,True,2,48
Fairyhouse Racing Results | 10th June 2022 19:40,N/A,19:40,Good (Good To Firm In Places),1m 4f,Twins for Joy (IRE),R. Whearty,7,T. Gibney,9th,Neck,3,9-3,-,True,2,48
Fairyhouse Racing Results | 10th June 2022 19:40,N/A,19:40,Good (Good To Firm In Places),1m 4f,Your Eyes Only (IRE),W. M. Lordan,0,W. P. Mullins,8th,1 3/4 l,3,9-3,-,True,2,48
Fairyhouse Racing Results | 10th June 2022 19:40,N/A,19:40,Good (Good To Firm In Places),1m 4f,Mi Sueno (IRE),L. T. McAteer,3,Andrew Kinsella,7th,1/2 l,3,9-8,-,True,2,48
Fairyhouse Racing Results | 10th June 2022 19:40,N/A,19:40,Good (Good To Firm In Places),1m 4f,Bringbackmemories (FR),C. T. Keane,0,G. M. Lyons,6th,10 l,3,9-8b1,-,True,2,48
Fairyhouse Racing Results | 10th June 2022 19:40,N/A,19:40,Good (Good To Firm In Places),1m 4f,Mercury Mission,William James Lee,0,W. McCreery,5th,6 l,3,9-8v1,-,True,2,48
Fairyhouse Racing Results | 10th June 2022 19:40,N/A,19:40,Good (Good To Firm In Places),1m 4f,War Correspondent (IRE),D. B. McMonagle,0,R. P. Cody,4th,1/2 l,3,9-8t,-,True,2,48
Fairyhouse Racing Results | 10th June 2022 19:40,N/A,19:40,Good (Good To Firm In Places),1m 4f,Only for Me (IRE),C. D. Maxwell,0,Mrs Jessica Magnier,3rd,3 1/2 l,3,9-8,-,True,2,48
Fairyhouse Racing Results | 10th June 2022 19:40,N/A,19:40,Good (Good To Firm In Places),1m 4f,Dancila (IRE),K. J. Manning,0,J. S. Bolger,2nd,4 1/4 l,5,10-7,-,True,2,48
Fairyhouse Racing Results | 10th June 2022 19:40,N/A,19:40,Good (Good To Firm In Places),1m 4f,Point King (IRE),S. M. Crosse,0,Joseph Patrick O'Brien,1st,N/A,3,9-8,-,True,2,48
Fairyhouse Racing Results | 10th June 2022 19:40,N/A,19:40,Good (Good To Firm In Places),1m 4f,Tell Her Nothing (IRE),R. P. Cleary,0,Brendan Duke,10th,94 l,3,9-8,-,True,2,48
Fairyhouse Racing Results | 10th June 2022 19:40,N/A,19:40,Good (Good To Firm In Places),1m 4f,Twins for Joy (IRE),R. Whearty,7,T. Gibney,9th,Neck,3,9-3,-,True,2,48
Fairyhouse Racing Results | 10th June 2022 19:40,N/A,19:40,Good (Good To Firm In Places),1m 4f,Your Eyes Only (IRE),W. M. Lordan,0,W. P. Mullins,8th,1 3/4 l,3,9-3,-,True,2,48
Fairyhouse Racing Results | 10th June 2022 19:40,N/A,19:40,Good (Good To Firm In Places),1m 4f,Mi Sueno (IRE),L. T. McAteer,3,Andrew Kinsella,7th,1/2 l,3,9-8,-,True,2,48
Fairyhouse Racing Results | 10th June 2022 19:40,N/A,19:40,Good (Good To Firm In Places),1m 4f,Bringbackmemories (FR),C. T. Keane,0,G. M. Lyons,6th,10 l,3,9-8b1,-,True,2,48
Fairyhouse Racing Results | 10th June 2022 19:40,N/A,19:40,Good (Good To Firm In Places),1m 4f,Mercury Mission,William James Lee,0,W. McCreery,5th,6 l,3,9-8v1,-,True,2,48
Fairyhouse Racing Results | 10th June 2022 19:40,N/A,19:40,Good (Good To Firm In Places),1m 4f,War Correspondent (IRE),D. B. McMonagle,0,R. P. Cody,4th,1/2 l,3,9-8t,-,True,2,48
Fairyhouse Racing Results | 10th June 2022 19:40,N/A,19:40,Good (Good To Firm In Places),1m 4f,Only for Me (IRE),C. D. Maxwell,0,Mrs Jessica Magnier,3rd,3 1/2 l,3,9-8,-,True,2,48
Fairyhouse Racing Results | 10th June 2022 19:40,N/A,19:40,Good (Good To Firm In Places),1m 4f,Dancila (IRE),K. J. Manning,0,J. S. Bolger,2nd,4 1/4 l,5,10-7,-,True,2,48
Fairyhouse Racing Results | 10th June 2022 19:40,N/A,19:40,Good (Good To Firm In Places),1m 4f,Point King (IRE),S. M. Crosse,0,Joseph Patrick O'Brien,1st,N/A,3,9-8,-,True,2,48
Fairyhouse Racing Results | 10th June 2022 20:15,N/A,20:15,Good (Good To Firm In Places),1m 4f,Moving (IRE),K. J. Manning,0,Brendan Duke,17th,3 1/4 l,5,8-12ht,47,True,2,49
Fairyhouse Racing Results | 10th June 2022 20:15,N/A,20:15,Good (Good To Firm In Places),1m 4f,Utah (IRE),Seamie Heffernan,0,J. J. Lambe,16th,4 1/4 l,8,10-2,65,True,2,49
Fairyhouse Racing Results | 10th June 2022 20:15,N/A,20:15,Good (Good To Firm In Places),1m 4f,Kalmira (IRE),N. G. McCullagh,0,Shane Crawley,15th,1 1/2 l,6,9-4h,53,True,2,49
Fairyhouse Racing Results | 10th June 2022 20:15,N/A,20:15,Good (Good To Firm In Places),1m 4f,Wojood,James J. Doyle,0,Denis Hogan,14th,Nose,6,9-9t,58,True,2,49
Fairyhouse Racing Results | 10th June 2022 20:15,N/A,20:15,Good (Good To Firm In Places),1m 4f,Nevendon,Cillian McConnell,7,John McConnell,13th,3 1/4 l,5,10-2,65,True,2,49
Fairyhouse Racing Results | 10th June 2022 20:15,N/A,20:15,Good (Good To Firm In Places),1m 4f,L'Un Deux Trois (IRE),S. McCullagh,5,Oliver McKiernan,12th,1 l,6,9-13tp,62,True,2,49
Fairyhouse Racing Results | 10th June 2022 20:15,N/A,20:15,Good (Good To Firm In Places),1m 4f,Pulsating (IRE),T. P. Madden,0,Conor O'Dwyer,11th,1 1/4 l,8,8-12,47,True,2,49
Fairyhouse Racing Results | 10th June 2022 20:15,N/A,20:15,Good (Good To Firm In Places),1m 4f,She's Good Company (IRE),C. J. MacRedmond,5,Adrian McGuinness,10th,3/4 l,4,8-13,48,True,2,49
Fairyhouse Racing Results | 10th June 2022 20:15,N/A,20:15,Good (Good To Firm In Places),1m 4f,Charlie Luciano (IRE),J. M. Sheridan,3,Noel Meade,9th,Neck,3,9-0,64,True,2,49
Fairyhouse Racing Results | 10th June 2022 20:15,N/A,20:15,Good (Good To Firm In Places),1m 4f,Universal Focus (GER),William James Lee,0,Ross O'Sullivan,8th,1 l,9,9-6b,55,True,2,49
Fairyhouse Racing Results | 10th June 2022 20:15,N/A,20:15,Good (Good To Firm In Places),1m 4f,Clueless Hill (IRE),C. D. Hayes,0,Luke Comer,7th,2 l,7,9-0tb,49,True,2,49
Fairyhouse Racing Results | 10th June 2022 20:15,N/A,20:15,Good (Good To Firm In Places),1m 4f,Angel In The Sky (FR),D. W. O'Connor,0,Luke Comer,6th,1 l,7,9-10t,59,True,2,49
Fairyhouse Racing Results | 10th June 2022 20:15,N/A,20:15,Good (Good To Firm In Places),1m 4f,Little Brother (IRE),Declan McDonogh,0,James A. Nash,5th,Nose,5,9-3,52,True,2,49
Fairyhouse Racing Results | 10th June 2022 20:15,N/A,20:15,Good (Good To Firm In Places),1m 4f,Miss Cunning (IRE),J. Coen,7,Aengus King,4th,Head,5,9-10v,59,True,2,49
Fairyhouse Racing Results | 10th June 2022 20:15,N/A,20:15,Good (Good To Firm In Places),1m 4f,Contrapposto (JPN),R. C. Colgan,0,R. Donohoe,3rd,Head,8,9-11,60,True,2,49
Fairyhouse Racing Results | 10th June 2022 20:15,N/A,20:15,Good (Good To Firm In Places),1m 4f,Draco Pulchrac (IRE),C. T. Keane,0,A. J. Martin,2nd,3/4 l,4,8-13t,48,True,2,49
Fairyhouse Racing Results | 10th June 2022 20:15,N/A,20:15,Good (Good To Firm In Places),1m 4f,Storm Steps (IRE),M. P. Sheehy,3,Patrick Martin,1st,N/A,7,9-4t,53,True,2,49
Fairyhouse Racing Results | 10th June 2022 20:15,N/A,20:15,Good (Good To Firm In Places),1m 4f,Moving (IRE),K. J. Manning,0,Brendan Duke,17th,3 1/4 l,5,8-12ht,47,True,2,49
Fairyhouse Racing Results | 10th June 2022 20:15,N/A,20:15,Good (Good To Firm In Places),1m 4f,Utah (IRE),Seamie Heffernan,0,J. J. Lambe,16th,4 1/4 l,8,10-2,65,True,2,49
Fairyhouse Racing Results | 10th June 2022 20:15,N/A,20:15,Good (Good To Firm In Places),1m 4f,Kalmira (IRE),N. G. McCullagh,0,Shane Crawley,15th,1 1/2 l,6,9-4h,53,True,2,49
Fairyhouse Racing Results | 10th June 2022 20:15,N/A,20:15,Good (Good To Firm In Places),1m 4f,Wojood,James J. Doyle,0,Denis Hogan,14th,Nose,6,9-9t,58,True,2,49
Fairyhouse Racing Results | 10th June 2022 20:15,N/A,20:15,Good (Good To Firm In Places),1m 4f,Nevendon,Cillian McConnell,7,John McConnell,13th,3 1/4 l,5,10-2,65,True,2,49
Fairyhouse Racing Results | 10th June 2022 20:15,N/A,20:15,Good (Good To Firm In Places),1m 4f,L'Un Deux Trois (IRE),S. McCullagh,5,Oliver McKiernan,12th,1 l,6,9-13tp,62,True,2,49
Fairyhouse Racing Results | 10th June 2022 20:15,N/A,20:15,Good (Good To Firm In Places),1m 4f,Pulsating (IRE),T. P. Madden,0,Conor O'Dwyer,11th,1 1/4 l,8,8-12,47,True,2,49
Fairyhouse Racing Results | 10th June 2022 20:15,N/A,20:15,Good (Good To Firm In Places),1m 4f,She's Good Company (IRE),C. J. MacRedmond,5,Adrian McGuinness,10th,3/4 l,4,8-13,48,True,2,49
Fairyhouse Racing Results | 10th June 2022 20:15,N/A,20:15,Good (Good To Firm In Places),1m 4f,Charlie Luciano (IRE),J. M. Sheridan,3,Noel Meade,9th,Neck,3,9-0,64,True,2,49
Fairyhouse Racing Results | 10th June 2022 20:15,N/A,20:15,Good (Good To Firm In Places),1m 4f,Universal Focus (GER),William James Lee,0,Ross O'Sullivan,8th,1 l,9,9-6b,55,True,2,49
Fairyhouse Racing Results | 10th June 2022 20:15,N/A,20:15,Good (Good To Firm In Places),1m 4f,Clueless Hill (IRE),C. D. Hayes,0,Luke Comer,7th,2 l,7,9-0tb,49,True,2,49
Fairyhouse Racing Results | 10th June 2022 20:15,N/A,20:15,Good (Good To Firm In Places),1m 4f,Angel In The Sky (FR),D. W. O'Connor,0,Luke Comer,6th,1 l,7,9-10t,59,True,2,49
Fairyhouse Racing Results | 10th June 2022 20:15,N/A,20:15,Good (Good To Firm In Places),1m 4f,Little Brother (IRE),Declan McDonogh,0,James A. Nash,5th,Nose,5,9-3,52,True,2,49
Fairyhouse Racing Results | 10th June 2022 20:15,N/A,20:15,Good (Good To Firm In Places),1m 4f,Miss Cunning (IRE),J. Coen,7,Aengus King,4th,Head,5,9-10v,59,True,2,49
Fairyhouse Racing Results | 10th June 2022 20:15,N/A,20:15,Good (Good To Firm In Places),1m 4f,Contrapposto (JPN),R. C. Colgan,0,R. Donohoe,3rd,Head,8,9-11,60,True,2,49
Fairyhouse Racing Results | 10th June 2022 20:15,N/A,20:15,Good (Good To Firm In Places),1m 4f,Draco Pulchrac (IRE),C. T. Keane,0,A. J. Martin,2nd,3/4 l,4,8-13t,48,True,2,49
Fairyhouse Racing Results | 10th June 2022 20:15,N/A,20:15,Good (Good To Firm In Places),1m 4f,Storm Steps (IRE),M. P. Sheehy,3,Patrick Martin,1st,N/A,7,9-4t,53,True,2,49
Clonmel Racing Results | 10th June 2022 17:00,N/A,17:00,Yielding,2m,Wallace's Cross (IRE),Jack Foley,0,Michael P. Hourigan,F,N/A,6,11-12,-,True,2,50
Clonmel Racing Results | 10th June 2022 17:00,N/A,17:00,Yielding,2m,Madame Milan (IRE),R. J. Condon,4,W. J. Lanigan,17th,42 l,5,11-5,-,True,2,50
Clonmel Racing Results | 10th June 2022 17:00,N/A,17:00,Yielding,2m,Healthisyourwealth (IRE),D. P. Maxwell,4,P. J. Rothwell,16th,34 l,5,11-12,-,True,2,50
Clonmel Racing Results | 10th June 2022 17:00,N/A,17:00,Yielding,2m,Duhallow Rainbow (IRE),E. Walsh,0,Eoghan O'Grady,15th,12 l,5,11-12,-,True,2,50
Clonmel Racing Results | 10th June 2022 17:00,N/A,17:00,Yielding,2m,Laws of Glory (IRE),C. Brassil,2,Declan Queally,14th,8 l,5,11-5,-,True,2,50
Clonmel Racing Results | 10th June 2022 17:00,N/A,17:00,Yielding,2m,Sixhandsinmypocket,Kieran Callaghan,4,Conor O'Dwyer,13th,Neck,5,11-12,-,True,2,50
Clonmel Racing Results | 10th June 2022 17:00,N/A,17:00,Yielding,2m,Multeen River (IRE),Mr C. Smithers,0,Edward Creighton,12th,7 l,6,11-12,-,True,2,50
Clonmel Racing Results | 10th June 2022 17:00,N/A,17:00,Yielding,2m,Finches Cross (IRE),Philip Donovan,2,Miss Elizabeth Anne Lalor,11th,Short Head,5,11-12,-,True,2,50
Clonmel Racing Results | 10th June 2022 17:00,N/A,17:00,Yielding,2m,Milan Echo (IRE),D. G. Whelan,4,Vincent Laurence Halley,10th,4 1/2 l,6,11-12t,-,True,2,50
Clonmel Racing Results | 10th June 2022 17:00,N/A,17:00,Yielding,2m,Irish Reports (IRE),Fergus Gillard,0,Declan Queally,9th,3/4 l,5,11-12,-,True,2,50
Clonmel Racing Results | 10th June 2022 17:00,N/A,17:00,Yielding,2m,A Nod To Getaway (IRE),Kevin A. Murphy,4,Paul O'Flynn,8th,6 l,5,11-12,-,True,2,50
Clonmel Racing Results | 10th June 2022 17:00,N/A,17:00,Yielding,2m,Trishknowsbest (IRE),Kieren Buckley,2,Andrew Lynch,7th,Neck,5,11-5h,-,True,2,50
Clonmel Racing Results | 10th June 2022 17:00,N/A,17:00,Yielding,2m,Ladiam (IRE),Patrick O'Hanlon,2,Norman Lee,6th,6 1/2 l,5,11-5h,-,True,2,50
Clonmel Racing Results | 10th June 2022 17:00,N/A,17:00,Yielding,2m,Ballard Prince (IRE),D. King,4,Eoghan O'Grady,5th,9 1/2 l,5,11-12p1,-,True,2,50
Clonmel Racing Results | 10th June 2022 17:00,N/A,17:00,Yielding,2m,Malinas Glory (IRE),S. Fitzgerald,0,Eoghan O'Grady,4th,2 l,5,11-12t,-,True,2,50
Clonmel Racing Results | 10th June 2022 17:00,N/A,17:00,Yielding,2m,Doyenna (IRE),S. O'Callaghan,0,Mrs Lorna Fowler,3rd,1 l,5,11-5t,-,True,2,50
Clonmel Racing Results | 10th June 2022 17:00,N/A,17:00,Yielding,2m,Itwasfate,C. G. O'Dwyer,4,Henry de Bromhead,2nd,Neck,5,11-12,-,True,2,50
Clonmel Racing Results | 10th June 2022 17:00,N/A,17:00,Yielding,2m,Barbaha Queen (IRE),J. P. Shinnick,0,John Patrick Ryan,1st,N/A,6,11-5,-,True,2,50
Clonmel Racing Results | 10th June 2022 17:00,N/A,17:00,Yielding,2m,Wallace's Cross (IRE),Jack Foley,0,Michael P. Hourigan,F,N/A,6,11-12,-,True,2,50
Clonmel Racing Results | 10th June 2022 17:00,N/A,17:00,Yielding,2m,Madame Milan (IRE),R. J. Condon,4,W. J. Lanigan,17th,42 l,5,11-5,-,True,2,50
Clonmel Racing Results | 10th June 2022 17:00,N/A,17:00,Yielding,2m,Healthisyourwealth (IRE),D. P. Maxwell,4,P. J. Rothwell,16th,34 l,5,11-12,-,True,2,50
Clonmel Racing Results | 10th June 2022 17:00,N/A,17:00,Yielding,2m,Duhallow Rainbow (IRE),E. Walsh,0,Eoghan O'Grady,15th,12 l,5,11-12,-,True,2,50
Clonmel Racing Results | 10th June 2022 17:00,N/A,17:00,Yielding,2m,Laws of Glory (IRE),C. Brassil,2,Declan Queally,14th,8 l,5,11-5,-,True,2,50
Clonmel Racing Results | 10th June 2022 17:00,N/A,17:00,Yielding,2m,Sixhandsinmypocket,Kieran Callaghan,4,Conor O'Dwyer,13th,Neck,5,11-12,-,True,2,50
Clonmel Racing Results | 10th June 2022 17:00,N/A,17:00,Yielding,2m,Multeen River (IRE),Mr C. Smithers,0,Edward Creighton,12th,7 l,6,11-12,-,True,2,50
Clonmel Racing Results | 10th June 2022 17:00,N/A,17:00,Yielding,2m,Finches Cross (IRE),Philip Donovan,2,Miss Elizabeth Anne Lalor,11th,Short Head,5,11-12,-,True,2,50
Clonmel Racing Results | 10th June 2022 17:00,N/A,17:00,Yielding,2m,Milan Echo (IRE),D. G. Whelan,4,Vincent Laurence Halley,10th,4 1/2 l,6,11-12t,-,True,2,50
Clonmel Racing Results | 10th June 2022 17:00,N/A,17:00,Yielding,2m,Irish Reports (IRE),Fergus Gillard,0,Declan Queally,9th,3/4 l,5,11-12,-,True,2,50
Clonmel Racing Results | 10th June 2022 17:00,N/A,17:00,Yielding,2m,A Nod To Getaway (IRE),Kevin A. Murphy,4,Paul O'Flynn,8th,6 l,5,11-12,-,True,2,50
Clonmel Racing Results | 10th June 2022 17:00,N/A,17:00,Yielding,2m,Trishknowsbest (IRE),Kieren Buckley,2,Andrew Lynch,7th,Neck,5,11-5h,-,True,2,50
Clonmel Racing Results | 10th June 2022 17:00,N/A,17:00,Yielding,2m,Ladiam (IRE),Patrick O'Hanlon,2,Norman Lee,6th,6 1/2 l,5,11-5h,-,True,2,50
Clonmel Racing Results | 10th June 2022 17:00,N/A,17:00,Yielding,2m,Ballard Prince (IRE),D. King,4,Eoghan O'Grady,5th,9 1/2 l,5,11-12p1,-,True,2,50
Clonmel Racing Results | 10th June 2022 17:00,N/A,17:00,Yielding,2m,Malinas Glory (IRE),S. Fitzgerald,0,Eoghan O'Grady,4th,2 l,5,11-12t,-,True,2,50
Clonmel Racing Results | 10th June 2022 17:00,N/A,17:00,Yielding,2m,Doyenna (IRE),S. O'Callaghan,0,Mrs Lorna Fowler,3rd,1 l,5,11-5t,-,True,2,50
Clonmel Racing Results | 10th June 2022 17:00,N/A,17:00,Yielding,2m,Itwasfate,C. G. O'Dwyer,4,Henry de Bromhead,2nd,Neck,5,11-12,-,True,2,50
Clonmel Racing Results | 10th June 2022 17:00,N/A,17:00,Yielding,2m,Barbaha Queen (IRE),J. P. Shinnick,0,John Patrick Ryan,1st,N/A,6,11-5,-,True,2,50
