track_name,race_date,race_time,going,distance,horse_name,jockey,claims,trainer,race_position,lost_by_length,age,weight,rating,first_place_found,batch_number,url_index_in_batch
Dundalk Racing Results | 12th April 2024 19:15,N/A,19:15,Standard,1m 2f 150y,Flippity Flop (IRE),C D Hayes,0,L Comer,13th,38 l,3,8-7,51,True,108,1
Dundalk Racing Results | 12th April 2024 19:15,N/A,19:15,Standard,1m 2f 150y,Galician Girl (IRE),Adam Caffrey,5,A McGuinness,12th,7 l,3,9-13,71,True,108,1
Dundalk Racing Results | 12th April 2024 19:15,N/A,19:15,Standard,1m 2f 150y,Moutarde (IRE),G F Carroll,0,G P Cromwell,11th,1 1/4 l,3,8-13,57,True,108,1
Dundalk Racing Results | 12th April 2024 19:15,N/A,19:15,Standard,1m 2f 150y,Zenato (IRE),W J Lee,0,H De Bromhead,10th,1 1/4 l,3,9-12,70,True,108,1
Dundalk Racing Results | 12th April 2024 19:15,N/A,19:15,Standard,1m 2f 150y,Nedita (IRE),L T McAteer,0,D Marnane,9th,Neck,3,9-12,70,True,108,1
Dundalk Racing Results | 12th April 2024 19:15,N/A,19:15,Standard,1m 2f 150y,So Diligent,D E Sheehy,0,T G McCourt,8th,Neck,3,8-7,51,True,108,1
Dundalk Racing Results | 12th April 2024 19:15,N/A,19:15,Standard,1m 2f 150y,Waystar (IRE),Siobhan Rutledge,3,J C McConnell,7th,1/2 l,3,8-8,52,True,108,1
Dundalk Racing Results | 12th April 2024 19:15,N/A,19:15,Standard,1m 2f 150y,Kiki Roberts (IRE),N J Ryan,7,N Meade,6th,Short Head,3,10-0,72,True,108,1
Dundalk Racing Results | 12th April 2024 19:15,N/A,19:15,Standard,1m 2f 150y,Alto Sax (IRE),C T Keane,0,G M Lyons,5th,3/4 l,3,9-9,67,True,108,1
Dundalk Racing Results | 12th April 2024 19:15,N/A,19:15,Standard,1m 2f 150y,Liberty Looming (IRE),R P Cleary,0,J S Bolger,4th,1 1/4 l,3,9-2,60,True,108,1
Dundalk Racing Results | 12th April 2024 19:15,N/A,19:15,Standard,1m 2f 150y,Cloud Seeker,A J Slattery,0,A Slattery,3rd,4 l,3,9-2,60,True,108,1
Dundalk Racing Results | 12th April 2024 19:15,N/A,19:15,Standard,1m 2f 150y,Gregorina (IRE),R P Whelan,0,A McGuinness,2nd,4 3/4 l,3,8-11v,55,True,108,1
Dundalk Racing Results | 12th April 2024 19:15,N/A,19:15,Standard,1m 2f 150y,Gesture (IRE),S Foley,0,Eoghan O'Neill,1st,N/A,3,10-4,76,True,108,1
Dundalk Racing Results | 12th April 2024 19:15,N/A,19:15,Standard,1m 2f 150y,Flippity Flop (IRE),C D Hayes,0,L Comer,13th,38 l,3,8-7,51,True,108,1
Dundalk Racing Results | 12th April 2024 19:15,N/A,19:15,Standard,1m 2f 150y,Galician Girl (IRE),Adam Caffrey,5,A McGuinness,12th,7 l,3,9-13,71,True,108,1
Dundalk Racing Results | 12th April 2024 19:15,N/A,19:15,Standard,1m 2f 150y,Moutarde (IRE),G F Carroll,0,G P Cromwell,11th,1 1/4 l,3,8-13,57,True,108,1
Dundalk Racing Results | 12th April 2024 19:15,N/A,19:15,Standard,1m 2f 150y,Zenato (IRE),W J Lee,0,H De Bromhead,10th,1 1/4 l,3,9-12,70,True,108,1
Dundalk Racing Results | 12th April 2024 19:15,N/A,19:15,Standard,1m 2f 150y,Nedita (IRE),L T McAteer,0,D Marnane,9th,Neck,3,9-12,70,True,108,1
Dundalk Racing Results | 12th April 2024 19:15,N/A,19:15,Standard,1m 2f 150y,So Diligent,D E Sheehy,0,T G McCourt,8th,Neck,3,8-7,51,True,108,1
Dundalk Racing Results | 12th April 2024 19:15,N/A,19:15,Standard,1m 2f 150y,Waystar (IRE),Siobhan Rutledge,3,J C McConnell,7th,1/2 l,3,8-8,52,True,108,1
Dundalk Racing Results | 12th April 2024 19:15,N/A,19:15,Standard,1m 2f 150y,Kiki Roberts (IRE),N J Ryan,7,N Meade,6th,Short Head,3,10-0,72,True,108,1
Dundalk Racing Results | 12th April 2024 19:15,N/A,19:15,Standard,1m 2f 150y,Alto Sax (IRE),C T Keane,0,G M Lyons,5th,3/4 l,3,9-9,67,True,108,1
Dundalk Racing Results | 12th April 2024 19:15,N/A,19:15,Standard,1m 2f 150y,Liberty Looming (IRE),R P Cleary,0,J S Bolger,4th,1 1/4 l,3,9-2,60,True,108,1
Dundalk Racing Results | 12th April 2024 19:15,N/A,19:15,Standard,1m 2f 150y,Cloud Seeker,A J Slattery,0,A Slattery,3rd,4 l,3,9-2,60,True,108,1
Dundalk Racing Results | 12th April 2024 19:15,N/A,19:15,Standard,1m 2f 150y,Gregorina (IRE),R P Whelan,0,A McGuinness,2nd,4 3/4 l,3,8-11v,55,True,108,1
Dundalk Racing Results | 12th April 2024 19:15,N/A,19:15,Standard,1m 2f 150y,Gesture (IRE),S Foley,0,Eoghan O'Neill,1st,N/A,3,10-4,76,True,108,1
Dundalk Racing Results | 12th April 2024 19:45,N/A,19:45,Standard,1m 2f 150y,Dr Patrick (IRE),C D Hayes,0,L Comer,14th,2 1/2 l,7,8-12,47,True,108,2
Dundalk Racing Results | 12th April 2024 19:45,N/A,19:45,Standard,1m 2f 150y,Albion Princess,W J Lee,0,D Kinsella,13th,1 l,5,9-5ht,54,True,108,2
Dundalk Racing Results | 12th April 2024 19:45,N/A,19:45,Standard,1m 2f 150y,Humanitarian (USA),B M Coen,0,R P Burns,12th,1/2 l,8,9-5ht,54,True,108,2
Dundalk Racing Results | 12th April 2024 19:45,N/A,19:45,Standard,1m 2f 150y,Selective Power (IRE),J J G Ryan,0,Thomas Coyle,11th,1 1/4 l,5,8-12,47,True,108,2
Dundalk Racing Results | 12th April 2024 19:45,N/A,19:45,Standard,1m 2f 150y,Lohengrin,J A Heffernan,0,E O'Connell,10th,3/4 l,4,10-2t,65,True,108,2
Dundalk Racing Results | 12th April 2024 19:45,N/A,19:45,Standard,1m 2f 150y,Miss Heartbreak (IRE),D P McDonogh,0,L Comer,9th,1 1/2 l,4,9-0,49,True,108,2
Dundalk Racing Results | 12th April 2024 19:45,N/A,19:45,Standard,1m 2f 150y,Rushford,C Horgan,7,T R Hughes,8th,3 1/4 l,5,10-1,64,True,108,2
Dundalk Racing Results | 12th April 2024 19:45,N/A,19:45,Standard,1m 2f 150y,Explorers Way (IRE),J Kearney,5,P Martin,7th,Head,5,10-0,63,True,108,2
Dundalk Racing Results | 12th April 2024 19:45,N/A,19:45,Standard,1m 2f 150y,Anjah (IRE),S Foley,0,H D McGuigan,6th,3/4 l,7,8-13tv,48,True,108,2
Dundalk Racing Results | 12th April 2024 19:45,N/A,19:45,Standard,1m 2f 150y,Darkened (IRE),K J Leonard,0,N C Kelly,5th,1 3/4 l,8,10-1tb,64,True,108,2
Dundalk Racing Results | 12th April 2024 19:45,N/A,19:45,Standard,1m 2f 150y,Jawhary,C J MacRedmond,5,A McGuinness,4th,3 3/4 l,6,10-2,65,True,108,2
Dundalk Racing Results | 12th April 2024 19:45,N/A,19:45,Standard,1m 2f 150y,Kartayaz (IRE),Siobhan Rutledge,3,J C McConnell,3rd,Neck,7,8-12,47,True,108,2
Dundalk Racing Results | 12th April 2024 19:45,N/A,19:45,Standard,1m 2f 150y,Dromore Glory (IRE),R Whearty,5,P W Flynn,2nd,4 l,5,9-3,52,True,108,2
Dundalk Racing Results | 12th April 2024 19:45,N/A,19:45,Standard,1m 2f 150y,Power Drive,D McMonagle,0,P W Flynn,1st,N/A,9,9-2p,51,True,108,2
Dundalk Racing Results | 12th April 2024 19:45,N/A,19:45,Standard,1m 2f 150y,Dr Patrick (IRE),C D Hayes,0,L Comer,14th,2 1/2 l,7,8-12,47,True,108,2
Dundalk Racing Results | 12th April 2024 19:45,N/A,19:45,Standard,1m 2f 150y,Albion Princess,W J Lee,0,D Kinsella,13th,1 l,5,9-5ht,54,True,108,2
Dundalk Racing Results | 12th April 2024 19:45,N/A,19:45,Standard,1m 2f 150y,Humanitarian (USA),B M Coen,0,R P Burns,12th,1/2 l,8,9-5ht,54,True,108,2
Dundalk Racing Results | 12th April 2024 19:45,N/A,19:45,Standard,1m 2f 150y,Selective Power (IRE),J J G Ryan,0,Thomas Coyle,11th,1 1/4 l,5,8-12,47,True,108,2
Dundalk Racing Results | 12th April 2024 19:45,N/A,19:45,Standard,1m 2f 150y,Lohengrin,J A Heffernan,0,E O'Connell,10th,3/4 l,4,10-2t,65,True,108,2
Dundalk Racing Results | 12th April 2024 19:45,N/A,19:45,Standard,1m 2f 150y,Miss Heartbreak (IRE),D P McDonogh,0,L Comer,9th,1 1/2 l,4,9-0,49,True,108,2
Dundalk Racing Results | 12th April 2024 19:45,N/A,19:45,Standard,1m 2f 150y,Rushford,C Horgan,7,T R Hughes,8th,3 1/4 l,5,10-1,64,True,108,2
Dundalk Racing Results | 12th April 2024 19:45,N/A,19:45,Standard,1m 2f 150y,Explorers Way (IRE),J Kearney,5,P Martin,7th,Head,5,10-0,63,True,108,2
Dundalk Racing Results | 12th April 2024 19:45,N/A,19:45,Standard,1m 2f 150y,Anjah (IRE),S Foley,0,H D McGuigan,6th,3/4 l,7,8-13tv,48,True,108,2
Dundalk Racing Results | 12th April 2024 19:45,N/A,19:45,Standard,1m 2f 150y,Darkened (IRE),K J Leonard,0,N C Kelly,5th,1 3/4 l,8,10-1tb,64,True,108,2
Dundalk Racing Results | 12th April 2024 19:45,N/A,19:45,Standard,1m 2f 150y,Jawhary,C J MacRedmond,5,A McGuinness,4th,3 3/4 l,6,10-2,65,True,108,2
Dundalk Racing Results | 12th April 2024 19:45,N/A,19:45,Standard,1m 2f 150y,Kartayaz (IRE),Siobhan Rutledge,3,J C McConnell,3rd,Neck,7,8-12,47,True,108,2
Dundalk Racing Results | 12th April 2024 19:45,N/A,19:45,Standard,1m 2f 150y,Dromore Glory (IRE),R Whearty,5,P W Flynn,2nd,4 l,5,9-3,52,True,108,2
Dundalk Racing Results | 12th April 2024 19:45,N/A,19:45,Standard,1m 2f 150y,Power Drive,D McMonagle,0,P W Flynn,1st,N/A,9,9-2p,51,True,108,2
Dundalk Racing Results | 12th April 2024 20:15,N/A,20:15,Standard,1m 2f 150y,Keilah (IRE),R P Whelan,0,F J Flood,14th,1 1/4 l,4,9-10,59,True,108,3
Dundalk Racing Results | 12th April 2024 20:15,N/A,20:15,Standard,1m 2f 150y,Love Mocha,D W O'Connor,0,J C McConnell,13th,Neck,4,9-5,54,True,108,3
Dundalk Racing Results | 12th April 2024 20:15,N/A,20:15,Standard,1m 2f 150y,Slaney Tide (IRE),R P Cleary,0,J S Bolger,12th,2 1/4 l,4,9-11t,60,True,108,3
Dundalk Racing Results | 12th April 2024 20:15,N/A,20:15,Standard,1m 2f 150y,Barretstown (IRE),C G O'Dwyer,5,C O'Dwyer,11th,6 l,6,9-11,60,True,108,3
Dundalk Racing Results | 12th April 2024 20:15,N/A,20:15,Standard,1m 2f 150y,Brave Thought (IRE),O McSweeney,3,L Comer,10th,Neck,4,9-12,61,True,108,3
Dundalk Racing Results | 12th April 2024 20:15,N/A,20:15,Standard,1m 2f 150y,Baile Locha Riach (FR),B M Coen,0,J P Murtagh,9th,Head,4,9-13,62,True,108,3
Dundalk Racing Results | 12th April 2024 20:15,N/A,20:15,Standard,1m 2f 150y,Carslake,Siobhan Rutledge,3,Aengus King,8th,1 1/4 l,5,8-12h,47,True,108,3
Dundalk Racing Results | 12th April 2024 20:15,N/A,20:15,Standard,1m 2f 150y,Hurricane Helen,C T Keane,0,Chris Timmons,7th,1 l,6,10-0,63,True,108,3
Dundalk Racing Results | 12th April 2024 20:15,N/A,20:15,Standard,1m 2f 150y,Muhalhel (IRE),J A Heffernan,0,A McCann,6th,1/2 l,6,8-12tb,47,True,108,3
Dundalk Racing Results | 12th April 2024 20:15,N/A,20:15,Standard,1m 2f 150y,Sky Legend,J M Sheridan,0,N C Kelly,5th,3/4 l,5,10-2tp,65,True,108,3
Dundalk Racing Results | 12th April 2024 20:15,N/A,20:15,Standard,1m 2f 150y,Say You're Sorry (IRE),C D Hayes,0,E O'Connell,4th,1/2 l,6,9-6ht1,55,True,108,3
Dundalk Racing Results | 12th April 2024 20:15,N/A,20:15,Standard,1m 2f 150y,Rock Basher (IRE),D P McDonogh,0,L Comer,3rd,2 1/2 l,5,9-6,55,True,108,3
Dundalk Racing Results | 12th April 2024 20:15,N/A,20:15,Standard,1m 2f 150y,Numidia (IRE),K J Leonard,0,Peter Lawlor,2nd,2 1/4 l,6,9-1v,50,True,108,3
Dundalk Racing Results | 12th April 2024 20:15,N/A,20:15,Standard,1m 2f 150y,Jazz Forever (IRE),D McMonagle,0,P W Flynn,1st,N/A,4,10-1,64,True,108,3
Dundalk Racing Results | 12th April 2024 20:15,N/A,20:15,Standard,1m 2f 150y,Keilah (IRE),R P Whelan,0,F J Flood,14th,1 1/4 l,4,9-10,59,True,108,3
Dundalk Racing Results | 12th April 2024 20:15,N/A,20:15,Standard,1m 2f 150y,Love Mocha,D W O'Connor,0,J C McConnell,13th,Neck,4,9-5,54,True,108,3
Dundalk Racing Results | 12th April 2024 20:15,N/A,20:15,Standard,1m 2f 150y,Slaney Tide (IRE),R P Cleary,0,J S Bolger,12th,2 1/4 l,4,9-11t,60,True,108,3
Dundalk Racing Results | 12th April 2024 20:15,N/A,20:15,Standard,1m 2f 150y,Barretstown (IRE),C G O'Dwyer,5,C O'Dwyer,11th,6 l,6,9-11,60,True,108,3
Dundalk Racing Results | 12th April 2024 20:15,N/A,20:15,Standard,1m 2f 150y,Brave Thought (IRE),O McSweeney,3,L Comer,10th,Neck,4,9-12,61,True,108,3
Dundalk Racing Results | 12th April 2024 20:15,N/A,20:15,Standard,1m 2f 150y,Baile Locha Riach (FR),B M Coen,0,J P Murtagh,9th,Head,4,9-13,62,True,108,3
Dundalk Racing Results | 12th April 2024 20:15,N/A,20:15,Standard,1m 2f 150y,Carslake,Siobhan Rutledge,3,Aengus King,8th,1 1/4 l,5,8-12h,47,True,108,3
Dundalk Racing Results | 12th April 2024 20:15,N/A,20:15,Standard,1m 2f 150y,Hurricane Helen,C T Keane,0,Chris Timmons,7th,1 l,6,10-0,63,True,108,3
Dundalk Racing Results | 12th April 2024 20:15,N/A,20:15,Standard,1m 2f 150y,Muhalhel (IRE),J A Heffernan,0,A McCann,6th,1/2 l,6,8-12tb,47,True,108,3
Dundalk Racing Results | 12th April 2024 20:15,N/A,20:15,Standard,1m 2f 150y,Sky Legend,J M Sheridan,0,N C Kelly,5th,3/4 l,5,10-2tp,65,True,108,3
Dundalk Racing Results | 12th April 2024 20:15,N/A,20:15,Standard,1m 2f 150y,Say You're Sorry (IRE),C D Hayes,0,E O'Connell,4th,1/2 l,6,9-6ht1,55,True,108,3
Dundalk Racing Results | 12th April 2024 20:15,N/A,20:15,Standard,1m 2f 150y,Rock Basher (IRE),D P McDonogh,0,L Comer,3rd,2 1/2 l,5,9-6,55,True,108,3
Dundalk Racing Results | 12th April 2024 20:15,N/A,20:15,Standard,1m 2f 150y,Numidia (IRE),K J Leonard,0,Peter Lawlor,2nd,2 1/4 l,6,9-1v,50,True,108,3
Dundalk Racing Results | 12th April 2024 20:15,N/A,20:15,Standard,1m 2f 150y,Jazz Forever (IRE),D McMonagle,0,P W Flynn,1st,N/A,4,10-1,64,True,108,3
Dundalk Racing Results | 13th April 2024 16:20,N/A,16:20,Standard,5f,Charanda (IRE),J A Heffernan,0,A Murray,NR,N/A,2,9-2,-,True,108,4
Dundalk Racing Results | 13th April 2024 16:20,N/A,16:20,Standard,5f,Ms Highway (IRE),J Cleary,7,A Murray,6th,3 1/4 l,2,9-2,-,True,108,4
Dundalk Racing Results | 13th April 2024 16:20,N/A,16:20,Standard,5f,Kitty Finn (IRE),W M Lordan,0,N Lupini,5th,9 1/2 l,2,9-2,-,True,108,4
Dundalk Racing Results | 13th April 2024 16:20,N/A,16:20,Standard,5f,Hugo's Girl (IRE),O McSweeney,3,Thomas Dowling,4th,1/2 l,2,9-2,-,True,108,4
Dundalk Racing Results | 13th April 2024 16:20,N/A,16:20,Standard,5f,Cradle Of Love (IRE),D McMonagle,0,J P O'Brien,3rd,1 l,2,9-2,-,True,108,4
Dundalk Racing Results | 13th April 2024 16:20,N/A,16:20,Standard,5f,California Dreamer,D Egan,0,A Murray,2nd,Head,2,9-2,-,True,108,4
Dundalk Racing Results | 13th April 2024 16:20,N/A,16:20,Standard,5f,Usdi Atohi (IRE),G M Ryan,0,Donnacha O'Brien,1st,N/A,2,9-2,-,True,108,4
Dundalk Racing Results | 13th April 2024 16:20,N/A,16:20,Standard,5f,Charanda (IRE),J A Heffernan,0,A Murray,NR,N/A,2,9-2,-,True,108,4
Dundalk Racing Results | 13th April 2024 16:20,N/A,16:20,Standard,5f,Ms Highway (IRE),J Cleary,7,A Murray,6th,3 1/4 l,2,9-2,-,True,108,4
Dundalk Racing Results | 13th April 2024 16:20,N/A,16:20,Standard,5f,Kitty Finn (IRE),W M Lordan,0,N Lupini,5th,9 1/2 l,2,9-2,-,True,108,4
Dundalk Racing Results | 13th April 2024 16:20,N/A,16:20,Standard,5f,Hugo's Girl (IRE),O McSweeney,3,Thomas Dowling,4th,1/2 l,2,9-2,-,True,108,4
Dundalk Racing Results | 13th April 2024 16:20,N/A,16:20,Standard,5f,Cradle Of Love (IRE),D McMonagle,0,J P O'Brien,3rd,1 l,2,9-2,-,True,108,4
Dundalk Racing Results | 13th April 2024 16:20,N/A,16:20,Standard,5f,California Dreamer,D Egan,0,A Murray,2nd,Head,2,9-2,-,True,108,4
Dundalk Racing Results | 13th April 2024 16:20,N/A,16:20,Standard,5f,Usdi Atohi (IRE),G M Ryan,0,Donnacha O'Brien,1st,N/A,2,9-2,-,True,108,4
Dundalk Racing Results | 13th April 2024 16:50,N/A,16:50,Standard,5f,Spirit Of Eagles (IRE),J Cleary,7,Thomas Dowling,NR,N/A,4,9-3t,64,True,108,5
Dundalk Racing Results | 13th April 2024 16:50,N/A,16:50,Standard,5f,Aloysius Lilius (IRE),C T Keane,0,Gerard O'Leary,9th,1 l,8,9-4t,65,True,108,5
Dundalk Racing Results | 13th April 2024 16:50,N/A,16:50,Standard,5f,No Speed Limit (FR),Adam Caffrey,5,P J McKenna,8th,1 l,9,8-13v,60,True,108,5
Dundalk Racing Results | 13th April 2024 16:50,N/A,16:50,Standard,5f,Mary Shoelaces (IRE),W Joyce,5,E & P Harty,7th,Short Head,3,8-9b,67,True,108,5
Dundalk Racing Results | 13th April 2024 16:50,N/A,16:50,Standard,5f,Samrogue (IRE),L F Roche,0,R O'Sullivan,6th,Neck,6,9-6,67,True,108,5
Dundalk Racing Results | 13th April 2024 16:50,N/A,16:50,Standard,5f,So Majestic (IRE),C D Hayes,0,Miss McGivern,5th,1 1/4 l,4,9-11ht,72,True,108,5
Dundalk Racing Results | 13th April 2024 16:50,N/A,16:50,Standard,5f,Phil's Dream (IRE),Siobhan Rutledge,3,J C McConnell,4th,1/2 l,4,8-7tv,54,True,108,5
Dundalk Racing Results | 13th April 2024 16:50,N/A,16:50,Standard,5f,Senor Carrots (IRE),W J Lee,0,A Oliver,3rd,3 1/2 l,6,9-6b,67,True,108,5
Dundalk Racing Results | 13th April 2024 16:50,N/A,16:50,Standard,5f,Pro Bono Alexander (IRE),M W Hassett,7,W P Browne,2nd,2 1/4 l,4,9-10b,71,True,108,5
Dundalk Racing Results | 13th April 2024 16:50,N/A,16:50,Standard,5f,Jered Maddox,L T McAteer,0,D Marnane,1st,N/A,8,10-4,79,True,108,5
Dundalk Racing Results | 13th April 2024 16:50,N/A,16:50,Standard,5f,Spirit Of Eagles (IRE),J Cleary,7,Thomas Dowling,NR,N/A,4,9-3t,64,True,108,5
Dundalk Racing Results | 13th April 2024 16:50,N/A,16:50,Standard,5f,Aloysius Lilius (IRE),C T Keane,0,Gerard O'Leary,9th,1 l,8,9-4t,65,True,108,5
Dundalk Racing Results | 13th April 2024 16:50,N/A,16:50,Standard,5f,No Speed Limit (FR),Adam Caffrey,5,P J McKenna,8th,1 l,9,8-13v,60,True,108,5
Dundalk Racing Results | 13th April 2024 16:50,N/A,16:50,Standard,5f,Mary Shoelaces (IRE),W Joyce,5,E & P Harty,7th,Short Head,3,8-9b,67,True,108,5
Dundalk Racing Results | 13th April 2024 16:50,N/A,16:50,Standard,5f,Samrogue (IRE),L F Roche,0,R O'Sullivan,6th,Neck,6,9-6,67,True,108,5
Dundalk Racing Results | 13th April 2024 16:50,N/A,16:50,Standard,5f,So Majestic (IRE),C D Hayes,0,Miss McGivern,5th,1 1/4 l,4,9-11ht,72,True,108,5
Dundalk Racing Results | 13th April 2024 16:50,N/A,16:50,Standard,5f,Phil's Dream (IRE),Siobhan Rutledge,3,J C McConnell,4th,1/2 l,4,8-7tv,54,True,108,5
Dundalk Racing Results | 13th April 2024 16:50,N/A,16:50,Standard,5f,Senor Carrots (IRE),W J Lee,0,A Oliver,3rd,3 1/2 l,6,9-6b,67,True,108,5
Dundalk Racing Results | 13th April 2024 16:50,N/A,16:50,Standard,5f,Pro Bono Alexander (IRE),M W Hassett,7,W P Browne,2nd,2 1/4 l,4,9-10b,71,True,108,5
Dundalk Racing Results | 13th April 2024 16:50,N/A,16:50,Standard,5f,Jered Maddox,L T McAteer,0,D Marnane,1st,N/A,8,10-4,79,True,108,5
Dundalk Racing Results | 13th April 2024 17:20,N/A,17:20,Standard,6f,The Expert,J J G Ryan,5,T G McCourt,8th,1/2 l,3,9-8,-,True,108,6
Dundalk Racing Results | 13th April 2024 17:20,N/A,17:20,Standard,6f,Judge Me Not (IRE),B M Coen,0,J P Murtagh,7th,4 1/2 l,3,9-8,-,True,108,6
Dundalk Racing Results | 13th April 2024 17:20,N/A,17:20,Standard,6f,Luxury Island (IRE),D McMonagle,0,A Oliver,6th,1 1/4 l,3,9-3,-,True,108,6
Dundalk Racing Results | 13th April 2024 17:20,N/A,17:20,Standard,6f,Vivienda,C T Keane,0,G M Lyons,5th,1/2 l,3,9-3,-,True,108,6
Dundalk Racing Results | 13th April 2024 17:20,N/A,17:20,Standard,6f,Ateenosix (IRE),R P Whelan,0,M Halford & T Collins,4th,3 1/4 l,3,9-8,-,True,108,6
Dundalk Racing Results | 13th April 2024 17:20,N/A,17:20,Standard,6f,Oh So Bright (IRE),S Foley,0,Mrs J Harrington,3rd,1 l,3,9-3t,-,True,108,6
Dundalk Racing Results | 13th April 2024 17:20,N/A,17:20,Standard,6f,Ojw Legacy (IRE),A J Slattery,0,A Slattery,2nd,Neck,3,9-3,-,True,108,6
Dundalk Racing Results | 13th April 2024 17:20,N/A,17:20,Standard,6f,Heart Of Darkness,W J Lee,0,P Twomey,1st,N/A,3,9-3,-,True,108,6
Dundalk Racing Results | 13th April 2024 17:20,N/A,17:20,Standard,6f,The Expert,J J G Ryan,5,T G McCourt,8th,1/2 l,3,9-8,-,True,108,6
Dundalk Racing Results | 13th April 2024 17:20,N/A,17:20,Standard,6f,Judge Me Not (IRE),B M Coen,0,J P Murtagh,7th,4 1/2 l,3,9-8,-,True,108,6
Dundalk Racing Results | 13th April 2024 17:20,N/A,17:20,Standard,6f,Luxury Island (IRE),D McMonagle,0,A Oliver,6th,1 1/4 l,3,9-3,-,True,108,6
Dundalk Racing Results | 13th April 2024 17:20,N/A,17:20,Standard,6f,Vivienda,C T Keane,0,G M Lyons,5th,1/2 l,3,9-3,-,True,108,6
Dundalk Racing Results | 13th April 2024 17:20,N/A,17:20,Standard,6f,Ateenosix (IRE),R P Whelan,0,M Halford & T Collins,4th,3 1/4 l,3,9-8,-,True,108,6
Dundalk Racing Results | 13th April 2024 17:20,N/A,17:20,Standard,6f,Oh So Bright (IRE),S Foley,0,Mrs J Harrington,3rd,1 l,3,9-3t,-,True,108,6
Dundalk Racing Results | 13th April 2024 17:20,N/A,17:20,Standard,6f,Ojw Legacy (IRE),A J Slattery,0,A Slattery,2nd,Neck,3,9-3,-,True,108,6
Dundalk Racing Results | 13th April 2024 17:20,N/A,17:20,Standard,6f,Heart Of Darkness,W J Lee,0,P Twomey,1st,N/A,3,9-3,-,True,108,6
Dundalk Racing Results | 13th April 2024 17:50,N/A,17:50,Standard,7f,Vina Arana (IRE),J A Heffernan,0,H De Bromhead,NR,N/A,3,9-3,-,True,108,7
Dundalk Racing Results | 13th April 2024 17:50,N/A,17:50,Standard,7f,Punta Coco (IRE),W M Lordan,0,N Lupini,10th,9 1/2 l,3,9-3,-,True,108,7
Dundalk Racing Results | 13th April 2024 17:50,N/A,17:50,Standard,7f,Authenticate,D McMonagle,0,J P O'Brien,9th,Neck,3,9-3,-,True,108,7
Dundalk Racing Results | 13th April 2024 17:50,N/A,17:50,Standard,7f,Crystal Sunset (IRE),J J G Ryan,5,E Lynam,8th,1 1/4 l,3,9-3,-,True,108,7
Dundalk Racing Results | 13th April 2024 17:50,N/A,17:50,Standard,7f,Expecting A Star (IRE),R P Whelan,0,Peter Fahey,7th,3 1/2 l,3,9-3,-,True,108,7
Dundalk Racing Results | 13th April 2024 17:50,N/A,17:50,Standard,7f,Clasina,G F Carroll,0,G M Lyons,6th,1/2 l,3,9-3,-,True,108,7
Dundalk Racing Results | 13th April 2024 17:50,N/A,17:50,Standard,7f,Rehearsal (IRE),S Foley,0,Mrs J Harrington,5th,1 1/4 l,3,9-3,-,True,108,7
Dundalk Racing Results | 13th April 2024 17:50,N/A,17:50,Standard,7f,Glen Princess (IRE),B M Coen,0,J P Murtagh,4th,3/4 l,3,9-3,-,True,108,7
Dundalk Racing Results | 13th April 2024 17:50,N/A,17:50,Standard,7f,Super Sox,W J Lee,0,P Twomey,3rd,3 3/4 l,3,9-3,-,True,108,7
Dundalk Racing Results | 13th April 2024 17:50,N/A,17:50,Standard,7f,Mayfair (IRE),R L Moore,0,A P O'Brien,2nd,1 l,3,9-3t,-,True,108,7
Dundalk Racing Results | 13th April 2024 17:50,N/A,17:50,Standard,7f,Star Magnolia (IRE),C T Keane,0,G M Lyons,1st,N/A,3,9-3,-,True,108,7
Dundalk Racing Results | 13th April 2024 17:50,N/A,17:50,Standard,7f,Vina Arana (IRE),J A Heffernan,0,H De Bromhead,NR,N/A,3,9-3,-,True,108,7
Dundalk Racing Results | 13th April 2024 17:50,N/A,17:50,Standard,7f,Punta Coco (IRE),W M Lordan,0,N Lupini,10th,9 1/2 l,3,9-3,-,True,108,7
Dundalk Racing Results | 13th April 2024 17:50,N/A,17:50,Standard,7f,Authenticate,D McMonagle,0,J P O'Brien,9th,Neck,3,9-3,-,True,108,7
Dundalk Racing Results | 13th April 2024 17:50,N/A,17:50,Standard,7f,Crystal Sunset (IRE),J J G Ryan,5,E Lynam,8th,1 1/4 l,3,9-3,-,True,108,7
Dundalk Racing Results | 13th April 2024 17:50,N/A,17:50,Standard,7f,Expecting A Star (IRE),R P Whelan,0,Peter Fahey,7th,3 1/2 l,3,9-3,-,True,108,7
Dundalk Racing Results | 13th April 2024 17:50,N/A,17:50,Standard,7f,Clasina,G F Carroll,0,G M Lyons,6th,1/2 l,3,9-3,-,True,108,7
Dundalk Racing Results | 13th April 2024 17:50,N/A,17:50,Standard,7f,Rehearsal (IRE),S Foley,0,Mrs J Harrington,5th,1 1/4 l,3,9-3,-,True,108,7
Dundalk Racing Results | 13th April 2024 17:50,N/A,17:50,Standard,7f,Glen Princess (IRE),B M Coen,0,J P Murtagh,4th,3/4 l,3,9-3,-,True,108,7
Dundalk Racing Results | 13th April 2024 17:50,N/A,17:50,Standard,7f,Super Sox,W J Lee,0,P Twomey,3rd,3 3/4 l,3,9-3,-,True,108,7
Dundalk Racing Results | 13th April 2024 17:50,N/A,17:50,Standard,7f,Mayfair (IRE),R L Moore,0,A P O'Brien,2nd,1 l,3,9-3t,-,True,108,7
Dundalk Racing Results | 13th April 2024 17:50,N/A,17:50,Standard,7f,Star Magnolia (IRE),C T Keane,0,G M Lyons,1st,N/A,3,9-3,-,True,108,7
Dundalk Racing Results | 13th April 2024 18:20,N/A,18:20,Standard,1m,Shall I Walk (IRE),L F Roche,0,L Comer,14th,3 3/4 l,4,8-12,47,True,108,8
Dundalk Racing Results | 13th April 2024 18:20,N/A,18:20,Standard,1m,Purring Along (IRE),D McMonagle,0,L Smyth,13th,7 1/2 l,5,9-4,53,True,108,8
Dundalk Racing Results | 13th April 2024 18:20,N/A,18:20,Standard,1m,Wonderwalk (IRE),C D Hayes,0,A McNamara,12th,2 l,3,8-10,60,True,108,8
Dundalk Racing Results | 13th April 2024 18:20,N/A,18:20,Standard,1m,Kudbegood (IRE),R P Whelan,0,P J F Murphy,11th,2 1/4 l,9,8-12,47,True,108,8
Dundalk Racing Results | 13th April 2024 18:20,N/A,18:20,Standard,1m,Bungle Inthedesert (IRE),Siobhan Rutledge,3,J C McConnell,10th,Nose,5,10-2,65,True,108,8
Dundalk Racing Results | 13th April 2024 18:20,N/A,18:20,Standard,1m,Sunset Nova (IRE),A J Slattery,0,A Slattery,9th,Neck,8,8-12v,47,True,108,8
Dundalk Racing Results | 13th April 2024 18:20,N/A,18:20,Standard,1m,Feature This (IRE),C T Keane,0,P W Flynn,8th,1 3/4 l,5,10-1tp,64,True,108,8
Dundalk Racing Results | 13th April 2024 18:20,N/A,18:20,Standard,1m,The Bog Bank (IRE),J J G Ryan,5,T G McCourt,7th,Neck,7,9-7tp,56,True,108,8
Dundalk Racing Results | 13th April 2024 18:20,N/A,18:20,Standard,1m,Irish Rumour (IRE),Adam Caffrey,5,Miss Jennifer Anne Lynch,6th,Head,4,9-13t,62,True,108,8
Dundalk Racing Results | 13th April 2024 18:20,N/A,18:20,Standard,1m,Gatsby Cap (IRE),K G Kennedy,7,J C McConnell,5th,Short Head,8,9-6tp,55,True,108,8
Dundalk Racing Results | 13th April 2024 18:20,N/A,18:20,Standard,1m,Leabaland (IRE),J A Heffernan,0,M M Lynch,4th,1/2 l,7,9-7b,56,True,108,8
Dundalk Racing Results | 13th April 2024 18:20,N/A,18:20,Standard,1m,Chummie (IRE),W J Lee,0,T M Walsh,3rd,2 1/4 l,6,9-2,51,True,108,8
Dundalk Racing Results | 13th April 2024 18:20,N/A,18:20,Standard,1m,Alabama Calling (IRE),L T McAteer,0,D Marnane,2nd,3 3/4 l,3,9-0,64,True,108,8
Dundalk Racing Results | 13th April 2024 18:20,N/A,18:20,Standard,1m,Suityourselfboss (IRE),M W Hassett,7,M J Browne,1st,N/A,5,9-0p,49,True,108,8
Dundalk Racing Results | 13th April 2024 18:20,N/A,18:20,Standard,1m,Shall I Walk (IRE),L F Roche,0,L Comer,14th,3 3/4 l,4,8-12,47,True,108,8
Dundalk Racing Results | 13th April 2024 18:20,N/A,18:20,Standard,1m,Purring Along (IRE),D McMonagle,0,L Smyth,13th,7 1/2 l,5,9-4,53,True,108,8
Dundalk Racing Results | 13th April 2024 18:20,N/A,18:20,Standard,1m,Wonderwalk (IRE),C D Hayes,0,A McNamara,12th,2 l,3,8-10,60,True,108,8
Dundalk Racing Results | 13th April 2024 18:20,N/A,18:20,Standard,1m,Kudbegood (IRE),R P Whelan,0,P J F Murphy,11th,2 1/4 l,9,8-12,47,True,108,8
Dundalk Racing Results | 13th April 2024 18:20,N/A,18:20,Standard,1m,Bungle Inthedesert (IRE),Siobhan Rutledge,3,J C McConnell,10th,Nose,5,10-2,65,True,108,8
Dundalk Racing Results | 13th April 2024 18:20,N/A,18:20,Standard,1m,Sunset Nova (IRE),A J Slattery,0,A Slattery,9th,Neck,8,8-12v,47,True,108,8
Dundalk Racing Results | 13th April 2024 18:20,N/A,18:20,Standard,1m,Feature This (IRE),C T Keane,0,P W Flynn,8th,1 3/4 l,5,10-1tp,64,True,108,8
Dundalk Racing Results | 13th April 2024 18:20,N/A,18:20,Standard,1m,The Bog Bank (IRE),J J G Ryan,5,T G McCourt,7th,Neck,7,9-7tp,56,True,108,8
Dundalk Racing Results | 13th April 2024 18:20,N/A,18:20,Standard,1m,Irish Rumour (IRE),Adam Caffrey,5,Miss Jennifer Anne Lynch,6th,Head,4,9-13t,62,True,108,8
Dundalk Racing Results | 13th April 2024 18:20,N/A,18:20,Standard,1m,Gatsby Cap (IRE),K G Kennedy,7,J C McConnell,5th,Short Head,8,9-6tp,55,True,108,8
Dundalk Racing Results | 13th April 2024 18:20,N/A,18:20,Standard,1m,Leabaland (IRE),J A Heffernan,0,M M Lynch,4th,1/2 l,7,9-7b,56,True,108,8
Dundalk Racing Results | 13th April 2024 18:20,N/A,18:20,Standard,1m,Chummie (IRE),W J Lee,0,T M Walsh,3rd,2 1/4 l,6,9-2,51,True,108,8
Dundalk Racing Results | 13th April 2024 18:20,N/A,18:20,Standard,1m,Alabama Calling (IRE),L T McAteer,0,D Marnane,2nd,3 3/4 l,3,9-0,64,True,108,8
Dundalk Racing Results | 13th April 2024 18:20,N/A,18:20,Standard,1m,Suityourselfboss (IRE),M W Hassett,7,M J Browne,1st,N/A,5,9-0p,49,True,108,8
Dundalk Racing Results | 13th April 2024 18:50,N/A,18:50,Standard,1m,Will Be King (IRE),D McMonagle,0,J C McConnell,NR,N/A,8,9-1t,50,True,108,9
Dundalk Racing Results | 13th April 2024 18:50,N/A,18:50,Standard,1m,Tack (FR),L T McAteer,0,J G Murray,13th,12 l,5,9-1tp,50,True,108,9
Dundalk Racing Results | 13th April 2024 18:50,N/A,18:50,Standard,1m,Ciantov (IRE),S D Bowen,5,A McNamara,12th,4 3/4 l,3,8-7tp1,57,True,108,9
Dundalk Racing Results | 13th April 2024 18:50,N/A,18:50,Standard,1m,Spirit Of Paradise (IRE),C T Keane,0,N Meade,11th,1 l,4,9-6,55,True,108,9
Dundalk Racing Results | 13th April 2024 18:50,N/A,18:50,Standard,1m,Lorr's Girl (IRE),R P Cleary,0,R Sweeney,10th,3 1/2 l,3,8-7,57,True,108,9
Dundalk Racing Results | 13th April 2024 18:50,N/A,18:50,Standard,1m,Un Bacio Ancora (IRE),B M Coen,0,P J F Murphy,9th,3/4 l,5,9-2tp,51,True,108,9
Dundalk Racing Results | 13th April 2024 18:50,N/A,18:50,Standard,1m,Hijo De La Luna (GER),J A Heffernan,0,S McConville,8th,1/2 l,4,10-2,65,True,108,9
Dundalk Racing Results | 13th April 2024 18:50,N/A,18:50,Standard,1m,Shining Aitch,J J G Ryan,5,T G McCourt,7th,2 1/4 l,7,10-0tv,63,True,108,9
Dundalk Racing Results | 13th April 2024 18:50,N/A,18:50,Standard,1m,Bride Tree,J Cleary,7,Mrs S Dawson,6th,1 3/4 l,4,9-10p,59,True,108,9
Dundalk Racing Results | 13th April 2024 18:50,N/A,18:50,Standard,1m,Bright Dick (IRE),J Kearney,5,L Comer,5th,Nose,4,10-1,64,True,108,9
Dundalk Racing Results | 13th April 2024 18:50,N/A,18:50,Standard,1m,Comfort Line (IRE),Adam Caffrey,5,A McGuinness,4th,1/2 l,7,10-0p,63,True,108,9
Dundalk Racing Results | 13th April 2024 18:50,N/A,18:50,Standard,1m,Lauroline,R M Mulligan,10,J P Murtagh,3rd,2 l,5,10-2,65,True,108,9
Dundalk Racing Results | 13th April 2024 18:50,N/A,18:50,Standard,1m,Cousin Shay,K G Kennedy,7,J C McConnell,2nd,2 1/2 l,5,9-1,50,True,108,9
Dundalk Racing Results | 13th April 2024 18:50,N/A,18:50,Standard,1m,Boadicea Belle (IRE),G F Carroll,0,M J Smith,1st,N/A,5,9-0p,49,True,108,9
Dundalk Racing Results | 13th April 2024 18:50,N/A,18:50,Standard,1m,Will Be King (IRE),D McMonagle,0,J C McConnell,NR,N/A,8,9-1t,50,True,108,9
Dundalk Racing Results | 13th April 2024 18:50,N/A,18:50,Standard,1m,Tack (FR),L T McAteer,0,J G Murray,13th,12 l,5,9-1tp,50,True,108,9
Dundalk Racing Results | 13th April 2024 18:50,N/A,18:50,Standard,1m,Ciantov (IRE),S D Bowen,5,A McNamara,12th,4 3/4 l,3,8-7tp1,57,True,108,9
Dundalk Racing Results | 13th April 2024 18:50,N/A,18:50,Standard,1m,Spirit Of Paradise (IRE),C T Keane,0,N Meade,11th,1 l,4,9-6,55,True,108,9
Dundalk Racing Results | 13th April 2024 18:50,N/A,18:50,Standard,1m,Lorr's Girl (IRE),R P Cleary,0,R Sweeney,10th,3 1/2 l,3,8-7,57,True,108,9
Dundalk Racing Results | 13th April 2024 18:50,N/A,18:50,Standard,1m,Un Bacio Ancora (IRE),B M Coen,0,P J F Murphy,9th,3/4 l,5,9-2tp,51,True,108,9
Dundalk Racing Results | 13th April 2024 18:50,N/A,18:50,Standard,1m,Hijo De La Luna (GER),J A Heffernan,0,S McConville,8th,1/2 l,4,10-2,65,True,108,9
Dundalk Racing Results | 13th April 2024 18:50,N/A,18:50,Standard,1m,Shining Aitch,J J G Ryan,5,T G McCourt,7th,2 1/4 l,7,10-0tv,63,True,108,9
Dundalk Racing Results | 13th April 2024 18:50,N/A,18:50,Standard,1m,Bride Tree,J Cleary,7,Mrs S Dawson,6th,1 3/4 l,4,9-10p,59,True,108,9
Dundalk Racing Results | 13th April 2024 18:50,N/A,18:50,Standard,1m,Bright Dick (IRE),J Kearney,5,L Comer,5th,Nose,4,10-1,64,True,108,9
Dundalk Racing Results | 13th April 2024 18:50,N/A,18:50,Standard,1m,Comfort Line (IRE),Adam Caffrey,5,A McGuinness,4th,1/2 l,7,10-0p,63,True,108,9
Dundalk Racing Results | 13th April 2024 18:50,N/A,18:50,Standard,1m,Lauroline,R M Mulligan,10,J P Murtagh,3rd,2 l,5,10-2,65,True,108,9
Dundalk Racing Results | 13th April 2024 18:50,N/A,18:50,Standard,1m,Cousin Shay,K G Kennedy,7,J C McConnell,2nd,2 1/2 l,5,9-1,50,True,108,9
Dundalk Racing Results | 13th April 2024 18:50,N/A,18:50,Standard,1m,Boadicea Belle (IRE),G F Carroll,0,M J Smith,1st,N/A,5,9-0p,49,True,108,9
Dundalk Racing Results | 13th April 2024 19:20,N/A,19:20,Standard,1m 2f 150y,Ellie B (IRE),R C Colgan,0,P Martin,11th,16 l,3,9-3,-,True,108,10
Dundalk Racing Results | 13th April 2024 19:20,N/A,19:20,Standard,1m 2f 150y,Chick Flick (IRE),J A Heffernan,0,J Halley,10th,2 1/4 l,3,9-3,-,True,108,10
Dundalk Racing Results | 13th April 2024 19:20,N/A,19:20,Standard,1m 2f 150y,Billie Frechette (IRE),C T Keane,0,N Meade,9th,3 3/4 l,3,9-3,-,True,108,10
Dundalk Racing Results | 13th April 2024 19:20,N/A,19:20,Standard,1m 2f 150y,Straya (IRE),J J G Ryan,5,J Davison,8th,1/2 l,3,9-3,-,True,108,10
Dundalk Racing Results | 13th April 2024 19:20,N/A,19:20,Standard,1m 2f 150y,Preparations (IRE),A J Slattery,0,A Slattery,7th,3/4 l,3,9-3,-,True,108,10
Dundalk Racing Results | 13th April 2024 19:20,N/A,19:20,Standard,1m 2f 150y,Jlow (IRE),R P Cleary,0,C W J Farrell,6th,1 1/2 l,3,9-3,-,True,108,10
Dundalk Racing Results | 13th April 2024 19:20,N/A,19:20,Standard,1m 2f 150y,Opaque (IRE),W M Lordan,0,A P O'Brien,5th,1 3/4 l,3,9-3,-,True,108,10
Dundalk Racing Results | 13th April 2024 19:20,N/A,19:20,Standard,1m 2f 150y,Presence (IRE),S Foley,0,Mrs J Harrington,4th,3 1/2 l,3,9-3,-,True,108,10
Dundalk Racing Results | 13th April 2024 19:20,N/A,19:20,Standard,1m 2f 150y,Evening Blossom (IRE),D McMonagle,0,J P O'Brien,3rd,1 1/2 l,3,9-3,-,True,108,10
Dundalk Racing Results | 13th April 2024 19:20,N/A,19:20,Standard,1m 2f 150y,Lady Doris (IRE),P A Harnett,5,Donnacha O'Brien,2nd,Neck,3,9-3,-,True,108,10
Dundalk Racing Results | 13th April 2024 19:20,N/A,19:20,Standard,1m 2f 150y,Port Fairy (IRE),R L Moore,0,A P O'Brien,1st,N/A,3,9-3,-,True,108,10
Dundalk Racing Results | 13th April 2024 19:20,N/A,19:20,Standard,1m 2f 150y,Ellie B (IRE),R C Colgan,0,P Martin,11th,16 l,3,9-3,-,True,108,10
Dundalk Racing Results | 13th April 2024 19:20,N/A,19:20,Standard,1m 2f 150y,Chick Flick (IRE),J A Heffernan,0,J Halley,10th,2 1/4 l,3,9-3,-,True,108,10
Dundalk Racing Results | 13th April 2024 19:20,N/A,19:20,Standard,1m 2f 150y,Billie Frechette (IRE),C T Keane,0,N Meade,9th,3 3/4 l,3,9-3,-,True,108,10
Dundalk Racing Results | 13th April 2024 19:20,N/A,19:20,Standard,1m 2f 150y,Straya (IRE),J J G Ryan,5,J Davison,8th,1/2 l,3,9-3,-,True,108,10
Dundalk Racing Results | 13th April 2024 19:20,N/A,19:20,Standard,1m 2f 150y,Preparations (IRE),A J Slattery,0,A Slattery,7th,3/4 l,3,9-3,-,True,108,10
Dundalk Racing Results | 13th April 2024 19:20,N/A,19:20,Standard,1m 2f 150y,Jlow (IRE),R P Cleary,0,C W J Farrell,6th,1 1/2 l,3,9-3,-,True,108,10
Dundalk Racing Results | 13th April 2024 19:20,N/A,19:20,Standard,1m 2f 150y,Opaque (IRE),W M Lordan,0,A P O'Brien,5th,1 3/4 l,3,9-3,-,True,108,10
Dundalk Racing Results | 13th April 2024 19:20,N/A,19:20,Standard,1m 2f 150y,Presence (IRE),S Foley,0,Mrs J Harrington,4th,3 1/2 l,3,9-3,-,True,108,10
Dundalk Racing Results | 13th April 2024 19:20,N/A,19:20,Standard,1m 2f 150y,Evening Blossom (IRE),D McMonagle,0,J P O'Brien,3rd,1 1/2 l,3,9-3,-,True,108,10
Dundalk Racing Results | 13th April 2024 19:20,N/A,19:20,Standard,1m 2f 150y,Lady Doris (IRE),P A Harnett,5,Donnacha O'Brien,2nd,Neck,3,9-3,-,True,108,10
Dundalk Racing Results | 13th April 2024 19:20,N/A,19:20,Standard,1m 2f 150y,Port Fairy (IRE),R L Moore,0,A P O'Brien,1st,N/A,3,9-3,-,True,108,10
Dundalk Racing Results | 13th April 2024 19:50,N/A,19:50,Standard,1m 2f 150y,Celestial Reign (IRE),D McMonagle,0,J P O'Brien,NR,N/A,3,9-8,-,True,108,11
Dundalk Racing Results | 13th April 2024 19:50,N/A,19:50,Standard,1m 2f 150y,Sing A New Song (IRE),R P Cleary,0,J S Bolger,NR,N/A,3,9-3,-,True,108,11
Dundalk Racing Results | 13th April 2024 19:50,N/A,19:50,Standard,1m 2f 150y,Kilbarry Jack (IRE),R P Whelan,0,A McGuinness,6th,4 3/4 l,3,9-8,-,True,108,11
Dundalk Racing Results | 13th April 2024 19:50,N/A,19:50,Standard,1m 2f 150y,Albali (IRE),B M Coen,0,A Oliver,5th,3 3/4 l,3,9-8,-,True,108,11
Dundalk Racing Results | 13th April 2024 19:50,N/A,19:50,Standard,1m 2f 150y,Huxley (IRE),G M Ryan,0,Donnacha O'Brien,4th,3 l,3,9-8,-,True,108,11
Dundalk Racing Results | 13th April 2024 19:50,N/A,19:50,Standard,1m 2f 150y,Ephesus (IRE),W M Lordan,0,A P O'Brien,3rd,1 1/4 l,3,9-8,-,True,108,11
Dundalk Racing Results | 13th April 2024 19:50,N/A,19:50,Standard,1m 2f 150y,Ozark Daze,W J Lee,0,A Oliver,2nd,1 1/2 l,3,9-8,-,True,108,11
Dundalk Racing Results | 13th April 2024 19:50,N/A,19:50,Standard,1m 2f 150y,London City (USA),R L Moore,0,A P O'Brien,1st,N/A,3,9-8,-,True,108,11
Dundalk Racing Results | 13th April 2024 19:50,N/A,19:50,Standard,1m 2f 150y,Celestial Reign (IRE),D McMonagle,0,J P O'Brien,NR,N/A,3,9-8,-,True,108,11
Dundalk Racing Results | 13th April 2024 19:50,N/A,19:50,Standard,1m 2f 150y,Sing A New Song (IRE),R P Cleary,0,J S Bolger,NR,N/A,3,9-3,-,True,108,11
Dundalk Racing Results | 13th April 2024 19:50,N/A,19:50,Standard,1m 2f 150y,Kilbarry Jack (IRE),R P Whelan,0,A McGuinness,6th,4 3/4 l,3,9-8,-,True,108,11
Dundalk Racing Results | 13th April 2024 19:50,N/A,19:50,Standard,1m 2f 150y,Albali (IRE),B M Coen,0,A Oliver,5th,3 3/4 l,3,9-8,-,True,108,11
Dundalk Racing Results | 13th April 2024 19:50,N/A,19:50,Standard,1m 2f 150y,Huxley (IRE),G M Ryan,0,Donnacha O'Brien,4th,3 l,3,9-8,-,True,108,11
Dundalk Racing Results | 13th April 2024 19:50,N/A,19:50,Standard,1m 2f 150y,Ephesus (IRE),W M Lordan,0,A P O'Brien,3rd,1 1/4 l,3,9-8,-,True,108,11
Dundalk Racing Results | 13th April 2024 19:50,N/A,19:50,Standard,1m 2f 150y,Ozark Daze,W J Lee,0,A Oliver,2nd,1 1/2 l,3,9-8,-,True,108,11
Dundalk Racing Results | 13th April 2024 19:50,N/A,19:50,Standard,1m 2f 150y,London City (USA),R L Moore,0,A P O'Brien,1st,N/A,3,9-8,-,True,108,11
Down Royal Racing Results | 14th April 2024 13:55,N/A,13:55,Yielding (Yielding To Soft In Places),2m 3f 170y,Churchtown Girl (IRE),K E Buckley,0,Ross Tumilty,PU,N/A,10,10-13t1,-,True,108,12
Down Royal Racing Results | 14th April 2024 13:55,N/A,13:55,Yielding (Yielding To Soft In Places),2m 3f 170y,Spice Diva (IRE),J J Slevin,0,S R B Crawford,F,N/A,7,10-13,-,True,108,12
Down Royal Racing Results | 14th April 2024 13:55,N/A,13:55,Yielding (Yielding To Soft In Places),2m 3f 170y,Thebeautifulgame,E Walsh,0,C Collins,BD,N/A,5,11-7,-,True,108,12
Down Royal Racing Results | 14th April 2024 13:55,N/A,13:55,Yielding (Yielding To Soft In Places),2m 3f 170y,Its Not Over Yet (IRE),J I Duggan,7,O McKiernan,BD,N/A,5,10-13,-,True,108,12
Down Royal Racing Results | 14th April 2024 13:55,N/A,13:55,Yielding (Yielding To Soft In Places),2m 3f 170y,Wishes And Dreams (IRE),M M McDonagh,3,Ciaran Murphy,11th,95 l,4,10-3t,-,True,108,12
Down Royal Racing Results | 14th April 2024 13:55,N/A,13:55,Yielding (Yielding To Soft In Places),2m 3f 170y,Cooltubrid Eva (IRE),M J M O'Sullivan,0,Diarmuid P Ryan,10th,Neck,5,10-13,-,True,108,12
Down Royal Racing Results | 14th April 2024 13:55,N/A,13:55,Yielding (Yielding To Soft In Places),2m 3f 170y,Buttoned Up (IRE),Sam Ewing,0,Peter Fahey,9th,10 l,6,10-13,-,True,108,12
Down Royal Racing Results | 14th April 2024 13:55,N/A,13:55,Yielding (Yielding To Soft In Places),2m 3f 170y,Thunder Rose (IRE),J C Gainford,0,Peter Fahey,8th,6 l,5,10-13,-,True,108,12
Down Royal Racing Results | 14th April 2024 13:55,N/A,13:55,Yielding (Yielding To Soft In Places),2m 3f 170y,Mountrivers Lass (IRE),D J O'Keeffe,0,R Murphy,7th,Head,5,10-13,-,True,108,12
Down Royal Racing Results | 14th April 2024 13:55,N/A,13:55,Yielding (Yielding To Soft In Places),2m 3f 170y,Evies Court (IRE),S D Torrens,0,N C Kelly,6th,3 3/4 l,4,10-3,-,True,108,12
Down Royal Racing Results | 14th April 2024 13:55,N/A,13:55,Yielding (Yielding To Soft In Places),2m 3f 170y,Miss D Hunter (IRE),Rachael Blackmore,0,L Fowler,5th,11 l,6,10-13,-,True,108,12
Down Royal Racing Results | 14th April 2024 13:55,N/A,13:55,Yielding (Yielding To Soft In Places),2m 3f 170y,Pallas Athene (IRE),J W Kennedy,0,G Elliott,4th,3/4 l,6,10-13,-,True,108,12
Down Royal Racing Results | 14th April 2024 13:55,N/A,13:55,Yielding (Yielding To Soft In Places),2m 3f 170y,Lothbeg (IRE),S W Flanagan,0,S R B Crawford,3rd,1 l,6,10-13t,-,True,108,12
Down Royal Racing Results | 14th April 2024 13:55,N/A,13:55,Yielding (Yielding To Soft In Places),2m 3f 170y,Milanaway (IRE),D King,0,D Hogan,2nd,5 l,6,10-13,-,True,108,12
Down Royal Racing Results | 14th April 2024 13:55,N/A,13:55,Yielding (Yielding To Soft In Places),2m 3f 170y,Lady Bluebird (IRE),Mr E Finegan,7,H P Finegan,1st,N/A,7,11-7,-,True,108,12
Down Royal Racing Results | 14th April 2024 13:55,N/A,13:55,Yielding (Yielding To Soft In Places),2m 3f 170y,Churchtown Girl (IRE),K E Buckley,0,Ross Tumilty,PU,N/A,10,10-13t1,-,True,108,12
Down Royal Racing Results | 14th April 2024 13:55,N/A,13:55,Yielding (Yielding To Soft In Places),2m 3f 170y,Spice Diva (IRE),J J Slevin,0,S R B Crawford,F,N/A,7,10-13,-,True,108,12
Down Royal Racing Results | 14th April 2024 13:55,N/A,13:55,Yielding (Yielding To Soft In Places),2m 3f 170y,Thebeautifulgame,E Walsh,0,C Collins,BD,N/A,5,11-7,-,True,108,12
Down Royal Racing Results | 14th April 2024 13:55,N/A,13:55,Yielding (Yielding To Soft In Places),2m 3f 170y,Its Not Over Yet (IRE),J I Duggan,7,O McKiernan,BD,N/A,5,10-13,-,True,108,12
Down Royal Racing Results | 14th April 2024 13:55,N/A,13:55,Yielding (Yielding To Soft In Places),2m 3f 170y,Wishes And Dreams (IRE),M M McDonagh,3,Ciaran Murphy,11th,95 l,4,10-3t,-,True,108,12
Down Royal Racing Results | 14th April 2024 13:55,N/A,13:55,Yielding (Yielding To Soft In Places),2m 3f 170y,Cooltubrid Eva (IRE),M J M O'Sullivan,0,Diarmuid P Ryan,10th,Neck,5,10-13,-,True,108,12
Down Royal Racing Results | 14th April 2024 13:55,N/A,13:55,Yielding (Yielding To Soft In Places),2m 3f 170y,Buttoned Up (IRE),Sam Ewing,0,Peter Fahey,9th,10 l,6,10-13,-,True,108,12
Down Royal Racing Results | 14th April 2024 13:55,N/A,13:55,Yielding (Yielding To Soft In Places),2m 3f 170y,Thunder Rose (IRE),J C Gainford,0,Peter Fahey,8th,6 l,5,10-13,-,True,108,12
Down Royal Racing Results | 14th April 2024 13:55,N/A,13:55,Yielding (Yielding To Soft In Places),2m 3f 170y,Mountrivers Lass (IRE),D J O'Keeffe,0,R Murphy,7th,Head,5,10-13,-,True,108,12
Down Royal Racing Results | 14th April 2024 13:55,N/A,13:55,Yielding (Yielding To Soft In Places),2m 3f 170y,Evies Court (IRE),S D Torrens,0,N C Kelly,6th,3 3/4 l,4,10-3,-,True,108,12
Down Royal Racing Results | 14th April 2024 13:55,N/A,13:55,Yielding (Yielding To Soft In Places),2m 3f 170y,Miss D Hunter (IRE),Rachael Blackmore,0,L Fowler,5th,11 l,6,10-13,-,True,108,12
Down Royal Racing Results | 14th April 2024 13:55,N/A,13:55,Yielding (Yielding To Soft In Places),2m 3f 170y,Pallas Athene (IRE),J W Kennedy,0,G Elliott,4th,3/4 l,6,10-13,-,True,108,12
Down Royal Racing Results | 14th April 2024 13:55,N/A,13:55,Yielding (Yielding To Soft In Places),2m 3f 170y,Lothbeg (IRE),S W Flanagan,0,S R B Crawford,3rd,1 l,6,10-13t,-,True,108,12
Down Royal Racing Results | 14th April 2024 13:55,N/A,13:55,Yielding (Yielding To Soft In Places),2m 3f 170y,Milanaway (IRE),D King,0,D Hogan,2nd,5 l,6,10-13,-,True,108,12
Down Royal Racing Results | 14th April 2024 13:55,N/A,13:55,Yielding (Yielding To Soft In Places),2m 3f 170y,Lady Bluebird (IRE),Mr E Finegan,7,H P Finegan,1st,N/A,7,11-7,-,True,108,12
Down Royal Racing Results | 14th April 2024 14:30,N/A,14:30,Yielding (Yielding To Soft In Places),2m 3f 170y,Gamigin (IRE),J G Gilligan,0,N C Kelly,15th,6 1/2 l,6,11-12tp,100,True,108,13
Down Royal Racing Results | 14th April 2024 14:30,N/A,14:30,Yielding (Yielding To Soft In Places),2m 3f 170y,Glenabo Bridge (IRE),J I Duggan,0,O McKiernan,14th,16 l,13,10-6tb,80,True,108,13
Down Royal Racing Results | 14th April 2024 14:30,N/A,14:30,Yielding (Yielding To Soft In Places),2m 3f 170y,Joe's Turn (IRE),Shane Fenelon,0,R P Rath,13th,5 l,8,10-6p,80,True,108,13
Down Royal Racing Results | 14th April 2024 14:30,N/A,14:30,Yielding (Yielding To Soft In Places),2m 3f 170y,Spatman De Cerisy (FR),C D Smithers,2,P Nolan,12th,1 3/4 l,5,11-7,95,True,108,13
Down Royal Racing Results | 14th April 2024 14:30,N/A,14:30,Yielding (Yielding To Soft In Places),2m 3f 170y,Kalsman (IRE),Thomas Reilly,0,L Lennon,11th,13 l,6,10-11h,85,True,108,13
Down Royal Racing Results | 14th April 2024 14:30,N/A,14:30,Yielding (Yielding To Soft In Places),2m 3f 170y,Malton Groove (IRE),M J Molloy,2,D A McLoughlin,10th,Neck,7,12-0ht1,102,True,108,13
Down Royal Racing Results | 14th April 2024 14:30,N/A,14:30,Yielding (Yielding To Soft In Places),2m 3f 170y,Portnacoo (IRE),J P Shinnick,0,Jamie Sloan,9th,1 l,6,10-12,86,True,108,13
Down Royal Racing Results | 14th April 2024 14:30,N/A,14:30,Yielding (Yielding To Soft In Places),2m 3f 170y,Perfect Pupil (IRE),Daire James McConville,0,S McConville,8th,1 l,6,11-4,92,True,108,13
Down Royal Racing Results | 14th April 2024 14:30,N/A,14:30,Yielding (Yielding To Soft In Places),2m 3f 170y,Noble Annys (IRE),P T Smithers,0,R K Watson,7th,13 l,6,10-6t1,80,True,108,13
Down Royal Racing Results | 14th April 2024 14:30,N/A,14:30,Yielding (Yielding To Soft In Places),2m 3f 170y,Barryroe Madam (FR),D Moloney,0,B McMahon,6th,5 1/2 l,5,11-4,92,True,108,13
Down Royal Racing Results | 14th April 2024 14:30,N/A,14:30,Yielding (Yielding To Soft In Places),2m 3f 170y,Tipp For Mac (IRE),Cian Cullinan,0,T Cooper,5th,1 3/4 l,7,11-9,97,True,108,13
Down Royal Racing Results | 14th April 2024 14:30,N/A,14:30,Yielding (Yielding To Soft In Places),2m 3f 170y,Stockdale (IRE),T P Harney,0,Patrick Turley,4th,2 3/4 l,8,11-2,90,True,108,13
Down Royal Racing Results | 14th April 2024 14:30,N/A,14:30,Yielding (Yielding To Soft In Places),2m 3f 170y,Scott Lang (IRE),B P Kennedy,2,P W Flynn,3rd,6 1/2 l,7,12-0p,102,True,108,13
Down Royal Racing Results | 14th April 2024 14:30,N/A,14:30,Yielding (Yielding To Soft In Places),2m 3f 170y,Jacenry (FR),P M O'Brien,0,D Harvey,2nd,6 l,5,11-6,94,True,108,13
Down Royal Racing Results | 14th April 2024 14:30,N/A,14:30,Yielding (Yielding To Soft In Places),2m 3f 170y,O'Faolains Glory (IRE),C P Millar,0,Ian Donoghue,1st,N/A,7,10-6p1,80,True,108,13
Down Royal Racing Results | 14th April 2024 14:30,N/A,14:30,Yielding (Yielding To Soft In Places),2m 3f 170y,Gamigin (IRE),J G Gilligan,0,N C Kelly,15th,6 1/2 l,6,11-12tp,100,True,108,13
Down Royal Racing Results | 14th April 2024 14:30,N/A,14:30,Yielding (Yielding To Soft In Places),2m 3f 170y,Glenabo Bridge (IRE),J I Duggan,0,O McKiernan,14th,16 l,13,10-6tb,80,True,108,13
Down Royal Racing Results | 14th April 2024 14:30,N/A,14:30,Yielding (Yielding To Soft In Places),2m 3f 170y,Joe's Turn (IRE),Shane Fenelon,0,R P Rath,13th,5 l,8,10-6p,80,True,108,13
Down Royal Racing Results | 14th April 2024 14:30,N/A,14:30,Yielding (Yielding To Soft In Places),2m 3f 170y,Spatman De Cerisy (FR),C D Smithers,2,P Nolan,12th,1 3/4 l,5,11-7,95,True,108,13
Down Royal Racing Results | 14th April 2024 14:30,N/A,14:30,Yielding (Yielding To Soft In Places),2m 3f 170y,Kalsman (IRE),Thomas Reilly,0,L Lennon,11th,13 l,6,10-11h,85,True,108,13
Down Royal Racing Results | 14th April 2024 14:30,N/A,14:30,Yielding (Yielding To Soft In Places),2m 3f 170y,Malton Groove (IRE),M J Molloy,2,D A McLoughlin,10th,Neck,7,12-0ht1,102,True,108,13
Down Royal Racing Results | 14th April 2024 14:30,N/A,14:30,Yielding (Yielding To Soft In Places),2m 3f 170y,Portnacoo (IRE),J P Shinnick,0,Jamie Sloan,9th,1 l,6,10-12,86,True,108,13
Down Royal Racing Results | 14th April 2024 14:30,N/A,14:30,Yielding (Yielding To Soft In Places),2m 3f 170y,Perfect Pupil (IRE),Daire James McConville,0,S McConville,8th,1 l,6,11-4,92,True,108,13
Down Royal Racing Results | 14th April 2024 14:30,N/A,14:30,Yielding (Yielding To Soft In Places),2m 3f 170y,Noble Annys (IRE),P T Smithers,0,R K Watson,7th,13 l,6,10-6t1,80,True,108,13
Down Royal Racing Results | 14th April 2024 14:30,N/A,14:30,Yielding (Yielding To Soft In Places),2m 3f 170y,Barryroe Madam (FR),D Moloney,0,B McMahon,6th,5 1/2 l,5,11-4,92,True,108,13
Down Royal Racing Results | 14th April 2024 14:30,N/A,14:30,Yielding (Yielding To Soft In Places),2m 3f 170y,Tipp For Mac (IRE),Cian Cullinan,0,T Cooper,5th,1 3/4 l,7,11-9,97,True,108,13
Down Royal Racing Results | 14th April 2024 14:30,N/A,14:30,Yielding (Yielding To Soft In Places),2m 3f 170y,Stockdale (IRE),T P Harney,0,Patrick Turley,4th,2 3/4 l,8,11-2,90,True,108,13
Down Royal Racing Results | 14th April 2024 14:30,N/A,14:30,Yielding (Yielding To Soft In Places),2m 3f 170y,Scott Lang (IRE),B P Kennedy,2,P W Flynn,3rd,6 1/2 l,7,12-0p,102,True,108,13
Down Royal Racing Results | 14th April 2024 14:30,N/A,14:30,Yielding (Yielding To Soft In Places),2m 3f 170y,Jacenry (FR),P M O'Brien,0,D Harvey,2nd,6 l,5,11-6,94,True,108,13
Down Royal Racing Results | 14th April 2024 14:30,N/A,14:30,Yielding (Yielding To Soft In Places),2m 3f 170y,O'Faolains Glory (IRE),C P Millar,0,Ian Donoghue,1st,N/A,7,10-6p1,80,True,108,13
Down Royal Racing Results | 14th April 2024 15:05,N/A,15:05,Yielding (Yielding To Soft In Places),2m 6f,El Capitaine (IRE),D Meyler,0,Tom Dreaper,F,N/A,6,12-0,112,True,108,14
Down Royal Racing Results | 14th April 2024 15:05,N/A,15:05,Yielding (Yielding To Soft In Places),2m 6f,Bestaline (FR),J W Kennedy,0,G Elliott,7th,4 l,5,11-12p,110,True,108,14
Down Royal Racing Results | 14th April 2024 15:05,N/A,15:05,Yielding (Yielding To Soft In Places),2m 6f,Dgalwaygallivantor (IRE),K M Donoghue,0,G P Cromwell,6th,Neck,5,11-3t,101,True,108,14
Down Royal Racing Results | 14th April 2024 15:05,N/A,15:05,Yielding (Yielding To Soft In Places),2m 6f,Squire Ohara (IRE),D King,0,A J Martin,5th,1 3/4 l,6,10-9t1,93,True,108,14
Down Royal Racing Results | 14th April 2024 15:05,N/A,15:05,Yielding (Yielding To Soft In Places),2m 6f,Pipers Boreen (IRE),C P McNamara,0,S Nolan,4th,15 l,6,11-3p,101,True,108,14
Down Royal Racing Results | 14th April 2024 15:05,N/A,15:05,Yielding (Yielding To Soft In Places),2m 6f,San Martino (IRE),Aileen O'Sullivan,7,S Millar,3rd,1/2 l,6,11-11,109,True,108,14
Down Royal Racing Results | 14th April 2024 15:05,N/A,15:05,Yielding (Yielding To Soft In Places),2m 6f,Annaghbeg (IRE),Mr S Connor,7,S R B Crawford,2nd,1 3/4 l,6,11-12p,110,True,108,14
Down Royal Racing Results | 14th April 2024 15:05,N/A,15:05,Yielding (Yielding To Soft In Places),2m 6f,Intent Approach (IRE),M P Walsh,0,C Byrnes,1st,N/A,5,11-10,108,True,108,14
Down Royal Racing Results | 14th April 2024 15:05,N/A,15:05,Yielding (Yielding To Soft In Places),2m 6f,El Capitaine (IRE),D Meyler,0,Tom Dreaper,F,N/A,6,12-0,112,True,108,14
Down Royal Racing Results | 14th April 2024 15:05,N/A,15:05,Yielding (Yielding To Soft In Places),2m 6f,Bestaline (FR),J W Kennedy,0,G Elliott,7th,4 l,5,11-12p,110,True,108,14
Down Royal Racing Results | 14th April 2024 15:05,N/A,15:05,Yielding (Yielding To Soft In Places),2m 6f,Dgalwaygallivantor (IRE),K M Donoghue,0,G P Cromwell,6th,Neck,5,11-3t,101,True,108,14
Down Royal Racing Results | 14th April 2024 15:05,N/A,15:05,Yielding (Yielding To Soft In Places),2m 6f,Squire Ohara (IRE),D King,0,A J Martin,5th,1 3/4 l,6,10-9t1,93,True,108,14
Down Royal Racing Results | 14th April 2024 15:05,N/A,15:05,Yielding (Yielding To Soft In Places),2m 6f,Pipers Boreen (IRE),C P McNamara,0,S Nolan,4th,15 l,6,11-3p,101,True,108,14
Down Royal Racing Results | 14th April 2024 15:05,N/A,15:05,Yielding (Yielding To Soft In Places),2m 6f,San Martino (IRE),Aileen O'Sullivan,7,S Millar,3rd,1/2 l,6,11-11,109,True,108,14
Down Royal Racing Results | 14th April 2024 15:05,N/A,15:05,Yielding (Yielding To Soft In Places),2m 6f,Annaghbeg (IRE),Mr S Connor,7,S R B Crawford,2nd,1 3/4 l,6,11-12p,110,True,108,14
Down Royal Racing Results | 14th April 2024 15:05,N/A,15:05,Yielding (Yielding To Soft In Places),2m 6f,Intent Approach (IRE),M P Walsh,0,C Byrnes,1st,N/A,5,11-10,108,True,108,14
Down Royal Racing Results | 14th April 2024 15:40,N/A,15:40,Yielding (Yielding To Soft In Places),2m 6f,Tony's Pet (FR),Daire James McConville,7,S McConville,PU,N/A,7,11-11,92,True,108,15
Down Royal Racing Results | 14th April 2024 15:40,N/A,15:40,Yielding (Yielding To Soft In Places),2m 6f,Georgia Celena (IRE),B W Harvey,0,J C McConnell,PU,N/A,6,11-7,88,True,108,15
Down Royal Racing Results | 14th April 2024 15:40,N/A,15:40,Yielding (Yielding To Soft In Places),2m 6f,Getaway Erin (IRE),Shane Fenelon,7,J J Hanlon,13th,75 l,5,11-6t,87,True,108,15
Down Royal Racing Results | 14th April 2024 15:40,N/A,15:40,Yielding (Yielding To Soft In Places),2m 6f,Benkei (IRE),Miss M Walsh,7,H Rogers,12th,Head,14,11-9p,90,True,108,15
Down Royal Racing Results | 14th April 2024 15:40,N/A,15:40,Yielding (Yielding To Soft In Places),2m 6f,Mahler Appeal (IRE),D E Mullins,0,G J Power,11th,12 l,8,11-6b1,87,True,108,15
Down Royal Racing Results | 14th April 2024 15:40,N/A,15:40,Yielding (Yielding To Soft In Places),2m 6f,Ocean Legacy (IRE),P J O'Hanlon,3,D A McLoughlin,10th,1/2 l,7,10-13,80,True,108,15
Down Royal Racing Results | 14th April 2024 15:40,N/A,15:40,Yielding (Yielding To Soft In Places),2m 6f,Doonbeg Don (IRE),Rachael Blackmore,0,H De Bromhead,9th,1/2 l,6,12-0,95,True,108,15
Down Royal Racing Results | 14th April 2024 15:40,N/A,15:40,Yielding (Yielding To Soft In Places),2m 6f,A Great Buzz (IRE),M P Walsh,0,R Tyner,8th,1 3/4 l,5,11-12,93,True,108,15
Down Royal Racing Results | 14th April 2024 15:40,N/A,15:40,Yielding (Yielding To Soft In Places),2m 6f,Ballycairn (IRE),R Deegan,0,Caroline Mccaldin,7th,12 l,9,11-6,87,True,108,15
Down Royal Racing Results | 14th April 2024 15:40,N/A,15:40,Yielding (Yielding To Soft In Places),2m 6f,Arthor (IRE),D J O'Keeffe,0,J J Mangan,6th,15 l,7,11-10p,91,True,108,15
Down Royal Racing Results | 14th April 2024 15:40,N/A,15:40,Yielding (Yielding To Soft In Places),2m 6f,Flashthelights (IRE),S D Torrens,0,N C Kelly,5th,2 1/4 l,8,10-13t,80,True,108,15
Down Royal Racing Results | 14th April 2024 15:40,N/A,15:40,Yielding (Yielding To Soft In Places),2m 6f,Elle Dorado Rock (IRE),D King,0,A J Martin,4th,8 l,6,11-3t,84,True,108,15
Down Royal Racing Results | 14th April 2024 15:40,N/A,15:40,Yielding (Yielding To Soft In Places),2m 6f,Paddy Elvis (IRE),J J Slevin,0,S R B Crawford,3rd,Head,5,11-4p1,85,True,108,15
Down Royal Racing Results | 14th April 2024 15:40,N/A,15:40,Yielding (Yielding To Soft In Places),2m 6f,Plain Or Battered (IRE),S F O'Keeffe,0,P J Rothwell,2nd,1 1/4 l,7,11-5,86,True,108,15
Down Royal Racing Results | 14th April 2024 15:40,N/A,15:40,Yielding (Yielding To Soft In Places),2m 6f,Tankardstown Diva (IRE),K M Donoghue,0,Ian Donoghue,1st,N/A,5,11-10,91,True,108,15
Down Royal Racing Results | 14th April 2024 15:40,N/A,15:40,Yielding (Yielding To Soft In Places),2m 6f,Tony's Pet (FR),Daire James McConville,7,S McConville,PU,N/A,7,11-11,92,True,108,15
Down Royal Racing Results | 14th April 2024 15:40,N/A,15:40,Yielding (Yielding To Soft In Places),2m 6f,Georgia Celena (IRE),B W Harvey,0,J C McConnell,PU,N/A,6,11-7,88,True,108,15
Down Royal Racing Results | 14th April 2024 15:40,N/A,15:40,Yielding (Yielding To Soft In Places),2m 6f,Getaway Erin (IRE),Shane Fenelon,7,J J Hanlon,13th,75 l,5,11-6t,87,True,108,15
Down Royal Racing Results | 14th April 2024 15:40,N/A,15:40,Yielding (Yielding To Soft In Places),2m 6f,Benkei (IRE),Miss M Walsh,7,H Rogers,12th,Head,14,11-9p,90,True,108,15
Down Royal Racing Results | 14th April 2024 15:40,N/A,15:40,Yielding (Yielding To Soft In Places),2m 6f,Mahler Appeal (IRE),D E Mullins,0,G J Power,11th,12 l,8,11-6b1,87,True,108,15
Down Royal Racing Results | 14th April 2024 15:40,N/A,15:40,Yielding (Yielding To Soft In Places),2m 6f,Ocean Legacy (IRE),P J O'Hanlon,3,D A McLoughlin,10th,1/2 l,7,10-13,80,True,108,15
Down Royal Racing Results | 14th April 2024 15:40,N/A,15:40,Yielding (Yielding To Soft In Places),2m 6f,Doonbeg Don (IRE),Rachael Blackmore,0,H De Bromhead,9th,1/2 l,6,12-0,95,True,108,15
Down Royal Racing Results | 14th April 2024 15:40,N/A,15:40,Yielding (Yielding To Soft In Places),2m 6f,A Great Buzz (IRE),M P Walsh,0,R Tyner,8th,1 3/4 l,5,11-12,93,True,108,15
Down Royal Racing Results | 14th April 2024 15:40,N/A,15:40,Yielding (Yielding To Soft In Places),2m 6f,Ballycairn (IRE),R Deegan,0,Caroline Mccaldin,7th,12 l,9,11-6,87,True,108,15
Down Royal Racing Results | 14th April 2024 15:40,N/A,15:40,Yielding (Yielding To Soft In Places),2m 6f,Arthor (IRE),D J O'Keeffe,0,J J Mangan,6th,15 l,7,11-10p,91,True,108,15
Down Royal Racing Results | 14th April 2024 15:40,N/A,15:40,Yielding (Yielding To Soft In Places),2m 6f,Flashthelights (IRE),S D Torrens,0,N C Kelly,5th,2 1/4 l,8,10-13t,80,True,108,15
Down Royal Racing Results | 14th April 2024 15:40,N/A,15:40,Yielding (Yielding To Soft In Places),2m 6f,Elle Dorado Rock (IRE),D King,0,A J Martin,4th,8 l,6,11-3t,84,True,108,15
Down Royal Racing Results | 14th April 2024 15:40,N/A,15:40,Yielding (Yielding To Soft In Places),2m 6f,Paddy Elvis (IRE),J J Slevin,0,S R B Crawford,3rd,Head,5,11-4p1,85,True,108,15
Down Royal Racing Results | 14th April 2024 15:40,N/A,15:40,Yielding (Yielding To Soft In Places),2m 6f,Plain Or Battered (IRE),S F O'Keeffe,0,P J Rothwell,2nd,1 1/4 l,7,11-5,86,True,108,15
Down Royal Racing Results | 14th April 2024 15:40,N/A,15:40,Yielding (Yielding To Soft In Places),2m 6f,Tankardstown Diva (IRE),K M Donoghue,0,Ian Donoghue,1st,N/A,5,11-10,91,True,108,15
Down Royal Racing Results | 14th April 2024 16:15,N/A,16:15,Yielding,2m 4f,Now Is The Hour (IRE),S W Flanagan,0,G P Cromwell,NR,N/A,7,11-12,-,True,108,16
Down Royal Racing Results | 14th April 2024 16:15,N/A,16:15,Yielding,2m 4f,Ballyglass Beauty (IRE),J B Foley,0,L P Cusack,PU,N/A,8,11-12,-,True,108,16
Down Royal Racing Results | 14th April 2024 16:15,N/A,16:15,Yielding,2m 4f,Petit Dejeuner (IRE),J Coen,5,Mrs D Foster,10th,29 l,6,11-5p1,-,True,108,16
Down Royal Racing Results | 14th April 2024 16:15,N/A,16:15,Yielding,2m 4f,Falvio (POL),S Fitzgerald,0,C A McBratney,9th,19 l,6,11-12,-,True,108,16
Down Royal Racing Results | 14th April 2024 16:15,N/A,16:15,Yielding,2m 4f,Fourbi (FR),Shane Fenelon,7,L Comer,8th,13 l,9,11-12h1,-,True,108,16
Down Royal Racing Results | 14th April 2024 16:15,N/A,16:15,Yielding,2m 4f,Brave Adam (IRE),Sam Ewing,0,T Cooper,7th,11 l,6,11-12t,-,True,108,16
Down Royal Racing Results | 14th April 2024 16:15,N/A,16:15,Yielding,2m 4f,Miss Tempo (IRE),Rachael Blackmore,0,H De Bromhead,6th,2 1/2 l,8,11-5,-,True,108,16
Down Royal Racing Results | 14th April 2024 16:15,N/A,16:15,Yielding,2m 4f,Extrapolation (IRE),D E Mullins,0,R O'Brien,5th,1 1/2 l,7,11-12,-,True,108,16
Down Royal Racing Results | 14th April 2024 16:15,N/A,16:15,Yielding,2m 4f,Bardenstown Lad,K M Donoghue,0,G P Cromwell,4th,6 1/2 l,9,11-12p,-,True,108,16
Down Royal Racing Results | 14th April 2024 16:15,N/A,16:15,Yielding,2m 4f,Jasmin De Cotte (FR),J C Gainford,0,P Nolan,3rd,3/4 l,5,11-12h1,-,True,108,16
Down Royal Racing Results | 14th April 2024 16:15,N/A,16:15,Yielding,2m 4f,Duffle Coat (IRE),J W Kennedy,0,G Elliott,2nd,5 1/2 l,7,11-12p,-,True,108,16
Down Royal Racing Results | 14th April 2024 16:15,N/A,16:15,Yielding,2m 4f,Dreal Deal (IRE),S D Torrens,0,J C McConnell,1st,N/A,9,11-12t,-,True,108,16
Down Royal Racing Results | 14th April 2024 16:15,N/A,16:15,Yielding,2m 4f,Now Is The Hour (IRE),S W Flanagan,0,G P Cromwell,NR,N/A,7,11-12,-,True,108,16
Down Royal Racing Results | 14th April 2024 16:15,N/A,16:15,Yielding,2m 4f,Ballyglass Beauty (IRE),J B Foley,0,L P Cusack,PU,N/A,8,11-12,-,True,108,16
Down Royal Racing Results | 14th April 2024 16:15,N/A,16:15,Yielding,2m 4f,Petit Dejeuner (IRE),J Coen,5,Mrs D Foster,10th,29 l,6,11-5p1,-,True,108,16
Down Royal Racing Results | 14th April 2024 16:15,N/A,16:15,Yielding,2m 4f,Falvio (POL),S Fitzgerald,0,C A McBratney,9th,19 l,6,11-12,-,True,108,16
Down Royal Racing Results | 14th April 2024 16:15,N/A,16:15,Yielding,2m 4f,Fourbi (FR),Shane Fenelon,7,L Comer,8th,13 l,9,11-12h1,-,True,108,16
Down Royal Racing Results | 14th April 2024 16:15,N/A,16:15,Yielding,2m 4f,Brave Adam (IRE),Sam Ewing,0,T Cooper,7th,11 l,6,11-12t,-,True,108,16
Down Royal Racing Results | 14th April 2024 16:15,N/A,16:15,Yielding,2m 4f,Miss Tempo (IRE),Rachael Blackmore,0,H De Bromhead,6th,2 1/2 l,8,11-5,-,True,108,16
Down Royal Racing Results | 14th April 2024 16:15,N/A,16:15,Yielding,2m 4f,Extrapolation (IRE),D E Mullins,0,R O'Brien,5th,1 1/2 l,7,11-12,-,True,108,16
Down Royal Racing Results | 14th April 2024 16:15,N/A,16:15,Yielding,2m 4f,Bardenstown Lad,K M Donoghue,0,G P Cromwell,4th,6 1/2 l,9,11-12p,-,True,108,16
Down Royal Racing Results | 14th April 2024 16:15,N/A,16:15,Yielding,2m 4f,Jasmin De Cotte (FR),J C Gainford,0,P Nolan,3rd,3/4 l,5,11-12h1,-,True,108,16
Down Royal Racing Results | 14th April 2024 16:15,N/A,16:15,Yielding,2m 4f,Duffle Coat (IRE),J W Kennedy,0,G Elliott,2nd,5 1/2 l,7,11-12p,-,True,108,16
Down Royal Racing Results | 14th April 2024 16:15,N/A,16:15,Yielding,2m 4f,Dreal Deal (IRE),S D Torrens,0,J C McConnell,1st,N/A,9,11-12t,-,True,108,16
Down Royal Racing Results | 14th April 2024 16:50,N/A,16:50,Yielding,2m 4f,Dinoland (FR),B W Harvey,0,J C McConnell,PU,N/A,6,11-10,98,True,108,17
Down Royal Racing Results | 14th April 2024 16:50,N/A,16:50,Yielding,2m 4f,Thegoaheadman (IRE),K Callaghan,5,J Barcoe,PU,N/A,10,10-9,83,True,108,17
Down Royal Racing Results | 14th April 2024 16:50,N/A,16:50,Yielding,2m 4f,Hunt Museum (IRE),J S McGarvey,0,F J Flood,14th,1 l,6,11-2,90,True,108,17
Down Royal Racing Results | 14th April 2024 16:50,N/A,16:50,Yielding,2m 4f,Joy Of Life (IRE),J J Slevin,0,S Neville,13th,1 3/4 l,7,11-9tp,97,True,108,17
Down Royal Racing Results | 14th April 2024 16:50,N/A,16:50,Yielding,2m 4f,Soldier Of Honour (IRE),G B Noonan,5,E McCarthy,12th,12 l,7,11-6p,94,True,108,17
Down Royal Racing Results | 14th April 2024 16:50,N/A,16:50,Yielding,2m 4f,He Fitz In (IRE),D E Mullins,0,D E Fitzgerald,11th,19 l,8,11-13v,101,True,108,17
Down Royal Racing Results | 14th April 2024 16:50,N/A,16:50,Yielding,2m 4f,Subset (IRE),S F O'Keeffe,0,Peter Maher,10th,1 3/4 l,10,10-6p,80,True,108,17
Down Royal Racing Results | 14th April 2024 16:50,N/A,16:50,Yielding,2m 4f,Welsh Saint (FR),S O'Callaghan,5,C A McBratney,9th,1 3/4 l,10,12-0p,102,True,108,17
Down Royal Racing Results | 14th April 2024 16:50,N/A,16:50,Yielding,2m 4f,Womalko (FR),J W Kennedy,0,G Elliott,8th,5 l,8,11-12,100,True,108,17
Down Royal Racing Results | 14th April 2024 16:50,N/A,16:50,Yielding,2m 4f,Land Jet (IRE),C Stone-Walsh,5,Peter Maher,7th,Neck,8,10-7,81,True,108,17
Down Royal Racing Results | 14th April 2024 16:50,N/A,16:50,Yielding,2m 4f,Ivar The Boneless (IRE),D J O'Keeffe,0,R K Watson,6th,1 l,6,11-4ht,92,True,108,17
Down Royal Racing Results | 14th April 2024 16:50,N/A,16:50,Yielding,2m 4f,Legacy Of Dreams (FR),S D Torrens,0,P J Rothwell,5th,1/2 l,9,10-11p,85,True,108,17
Down Royal Racing Results | 14th April 2024 16:50,N/A,16:50,Yielding,2m 4f,Jimli's Island,M P O'Connor,3,R K Watson,4th,4 3/4 l,8,10-3p,77,True,108,17
Down Royal Racing Results | 14th April 2024 16:50,N/A,16:50,Yielding,2m 4f,Tangental (IRE),B Hayes,0,Colm Murphy,3rd,4 l,8,10-9,83,True,108,17
Down Royal Racing Results | 14th April 2024 16:50,N/A,16:50,Yielding,2m 4f,Don't Talk (GER),D Meyler,0,K Thornton,2nd,Head,7,11-4t,92,True,108,17
Down Royal Racing Results | 14th April 2024 16:50,N/A,16:50,Yielding,2m 4f,Politicise (IRE),C P Millar,7,N Slevin,1st,N/A,8,11-12tp,100,True,108,17
Down Royal Racing Results | 14th April 2024 16:50,N/A,16:50,Yielding,2m 4f,Dinoland (FR),B W Harvey,0,J C McConnell,PU,N/A,6,11-10,98,True,108,17
Down Royal Racing Results | 14th April 2024 16:50,N/A,16:50,Yielding,2m 4f,Thegoaheadman (IRE),K Callaghan,5,J Barcoe,PU,N/A,10,10-9,83,True,108,17
Down Royal Racing Results | 14th April 2024 16:50,N/A,16:50,Yielding,2m 4f,Hunt Museum (IRE),J S McGarvey,0,F J Flood,14th,1 l,6,11-2,90,True,108,17
Down Royal Racing Results | 14th April 2024 16:50,N/A,16:50,Yielding,2m 4f,Joy Of Life (IRE),J J Slevin,0,S Neville,13th,1 3/4 l,7,11-9tp,97,True,108,17
Down Royal Racing Results | 14th April 2024 16:50,N/A,16:50,Yielding,2m 4f,Soldier Of Honour (IRE),G B Noonan,5,E McCarthy,12th,12 l,7,11-6p,94,True,108,17
Down Royal Racing Results | 14th April 2024 16:50,N/A,16:50,Yielding,2m 4f,He Fitz In (IRE),D E Mullins,0,D E Fitzgerald,11th,19 l,8,11-13v,101,True,108,17
Down Royal Racing Results | 14th April 2024 16:50,N/A,16:50,Yielding,2m 4f,Subset (IRE),S F O'Keeffe,0,Peter Maher,10th,1 3/4 l,10,10-6p,80,True,108,17
Down Royal Racing Results | 14th April 2024 16:50,N/A,16:50,Yielding,2m 4f,Welsh Saint (FR),S O'Callaghan,5,C A McBratney,9th,1 3/4 l,10,12-0p,102,True,108,17
Down Royal Racing Results | 14th April 2024 16:50,N/A,16:50,Yielding,2m 4f,Womalko (FR),J W Kennedy,0,G Elliott,8th,5 l,8,11-12,100,True,108,17
Down Royal Racing Results | 14th April 2024 16:50,N/A,16:50,Yielding,2m 4f,Land Jet (IRE),C Stone-Walsh,5,Peter Maher,7th,Neck,8,10-7,81,True,108,17
Down Royal Racing Results | 14th April 2024 16:50,N/A,16:50,Yielding,2m 4f,Ivar The Boneless (IRE),D J O'Keeffe,0,R K Watson,6th,1 l,6,11-4ht,92,True,108,17
Down Royal Racing Results | 14th April 2024 16:50,N/A,16:50,Yielding,2m 4f,Legacy Of Dreams (FR),S D Torrens,0,P J Rothwell,5th,1/2 l,9,10-11p,85,True,108,17
Down Royal Racing Results | 14th April 2024 16:50,N/A,16:50,Yielding,2m 4f,Jimli's Island,M P O'Connor,3,R K Watson,4th,4 3/4 l,8,10-3p,77,True,108,17
Down Royal Racing Results | 14th April 2024 16:50,N/A,16:50,Yielding,2m 4f,Tangental (IRE),B Hayes,0,Colm Murphy,3rd,4 l,8,10-9,83,True,108,17
Down Royal Racing Results | 14th April 2024 16:50,N/A,16:50,Yielding,2m 4f,Don't Talk (GER),D Meyler,0,K Thornton,2nd,Head,7,11-4t,92,True,108,17
Down Royal Racing Results | 14th April 2024 16:50,N/A,16:50,Yielding,2m 4f,Politicise (IRE),C P Millar,7,N Slevin,1st,N/A,8,11-12tp,100,True,108,17
Down Royal Racing Results | 14th April 2024 17:25,N/A,17:25,Yielding,3m 2f 50y,Atacanter (IRE),D J O'Keeffe,0,R O'Sullivan,11th,19 l,7,11-7p,109,True,108,18
Down Royal Racing Results | 14th April 2024 17:25,N/A,17:25,Yielding,3m 2f 50y,The Dabbler (IRE),Mr P W Gleeson,7,L P Cusack,10th,3/4 l,11,11-12p,114,True,108,18
Down Royal Racing Results | 14th April 2024 17:25,N/A,17:25,Yielding,3m 2f 50y,Amaulino (FR),D J Gilligan,5,R K Watson,9th,Neck,11,11-0tp,102,True,108,18
Down Royal Racing Results | 14th April 2024 17:25,N/A,17:25,Yielding,3m 2f 50y,Old Soul (FR),C Stone-Walsh,5,Liz Doyle,8th,8 1/2 l,7,11-11tp,113,True,108,18
Down Royal Racing Results | 14th April 2024 17:25,N/A,17:25,Yielding,3m 2f 50y,Danny The Fence (IRE),D Meyler,0,K Thornton,7th,1 3/4 l,7,10-9t,97,True,108,18
Down Royal Racing Results | 14th April 2024 17:25,N/A,17:25,Yielding,3m 2f 50y,Routine Excellence (IRE),Caragh Monaghan,7,G P Cromwell,6th,Neck,8,12-0tp,116,True,108,18
Down Royal Racing Results | 14th April 2024 17:25,N/A,17:25,Yielding,3m 2f 50y,Dr Val (IRE),G Brouder,5,E Sheehy,5th,3/4 l,6,10-11p,99,True,108,18
Down Royal Racing Results | 14th April 2024 17:25,N/A,17:25,Yielding,3m 2f 50y,The Abbey (IRE),J W Kennedy,0,G Elliott,4th,2 l,11,11-13p,115,True,108,18
Down Royal Racing Results | 14th April 2024 17:25,N/A,17:25,Yielding,3m 2f 50y,Robinstown (IRE),C P Millar,7,C Collins,3rd,2 1/2 l,9,11-7tb,109,True,108,18
Down Royal Racing Results | 14th April 2024 17:25,N/A,17:25,Yielding,3m 2f 50y,Marronstown (IRE),Rachael Blackmore,0,D M Christie,2nd,3 3/4 l,7,11-0,102,True,108,18
Down Royal Racing Results | 14th April 2024 17:25,N/A,17:25,Yielding,3m 2f 50y,Weihnachts (IRE),S D Torrens,0,P J Rothwell,1st,N/A,10,10-9p,97,True,108,18
Down Royal Racing Results | 14th April 2024 17:25,N/A,17:25,Yielding,3m 2f 50y,Atacanter (IRE),D J O'Keeffe,0,R O'Sullivan,11th,19 l,7,11-7p,109,True,108,18
Down Royal Racing Results | 14th April 2024 17:25,N/A,17:25,Yielding,3m 2f 50y,The Dabbler (IRE),Mr P W Gleeson,7,L P Cusack,10th,3/4 l,11,11-12p,114,True,108,18
Down Royal Racing Results | 14th April 2024 17:25,N/A,17:25,Yielding,3m 2f 50y,Amaulino (FR),D J Gilligan,5,R K Watson,9th,Neck,11,11-0tp,102,True,108,18
Down Royal Racing Results | 14th April 2024 17:25,N/A,17:25,Yielding,3m 2f 50y,Old Soul (FR),C Stone-Walsh,5,Liz Doyle,8th,8 1/2 l,7,11-11tp,113,True,108,18
Down Royal Racing Results | 14th April 2024 17:25,N/A,17:25,Yielding,3m 2f 50y,Danny The Fence (IRE),D Meyler,0,K Thornton,7th,1 3/4 l,7,10-9t,97,True,108,18
Down Royal Racing Results | 14th April 2024 17:25,N/A,17:25,Yielding,3m 2f 50y,Routine Excellence (IRE),Caragh Monaghan,7,G P Cromwell,6th,Neck,8,12-0tp,116,True,108,18
Down Royal Racing Results | 14th April 2024 17:25,N/A,17:25,Yielding,3m 2f 50y,Dr Val (IRE),G Brouder,5,E Sheehy,5th,3/4 l,6,10-11p,99,True,108,18
Down Royal Racing Results | 14th April 2024 17:25,N/A,17:25,Yielding,3m 2f 50y,The Abbey (IRE),J W Kennedy,0,G Elliott,4th,2 l,11,11-13p,115,True,108,18
Down Royal Racing Results | 14th April 2024 17:25,N/A,17:25,Yielding,3m 2f 50y,Robinstown (IRE),C P Millar,7,C Collins,3rd,2 1/2 l,9,11-7tb,109,True,108,18
Down Royal Racing Results | 14th April 2024 17:25,N/A,17:25,Yielding,3m 2f 50y,Marronstown (IRE),Rachael Blackmore,0,D M Christie,2nd,3 3/4 l,7,11-0,102,True,108,18
Down Royal Racing Results | 14th April 2024 17:25,N/A,17:25,Yielding,3m 2f 50y,Weihnachts (IRE),S D Torrens,0,P J Rothwell,1st,N/A,10,10-9p,97,True,108,18
Naas Racing Results | 16th April 2024 13:30,N/A,13:30,Soft (Yielding To Soft In Places),2m 119y,Fortunate Lighting (IRE),P Byrnes,5,C Byrnes,NR,N/A,6,11-5,-,True,108,19
Naas Racing Results | 16th April 2024 13:30,N/A,13:30,Soft (Yielding To Soft In Places),2m 119y,Balovale (IRE),Sam Ewing,0,E J O'Grady,UR,N/A,4,11-4h,-,True,108,19
Naas Racing Results | 16th April 2024 13:30,N/A,13:30,Soft (Yielding To Soft In Places),2m 119y,Nelsoria (IRE),P J O'Hanlon,3,P J Rothwell,18th,3 3/4 l,5,11-12,-,True,108,19
Naas Racing Results | 16th April 2024 13:30,N/A,13:30,Soft (Yielding To Soft In Places),2m 119y,Shades Of Tara,R J Condon,5,P A Fahy,17th,18 l,7,11-12,-,True,108,19
Naas Racing Results | 16th April 2024 13:30,N/A,13:30,Soft (Yielding To Soft In Places),2m 119y,Dont Tell Shirley (IRE),P T Enright,0,S Curling,16th,1 l,5,11-5,-,True,108,19
Naas Racing Results | 16th April 2024 13:30,N/A,13:30,Soft (Yielding To Soft In Places),2m 119y,Kinbara Hills (IRE),J J Slevin,0,S R B Crawford,15th,2 1/2 l,5,11-12,-,True,108,19
Naas Racing Results | 16th April 2024 13:30,N/A,13:30,Soft (Yielding To Soft In Places),2m 119y,Sadies Diamond (IRE),Shane Fenelon,7,J J Hanlon,14th,6 l,5,11-5h,-,True,108,19
Naas Racing Results | 16th April 2024 13:30,N/A,13:30,Soft (Yielding To Soft In Places),2m 119y,Market House (IRE),M J M O'Sullivan,0,B Connell,13th,2 3/4 l,4,11-4,-,True,108,19
Naas Racing Results | 16th April 2024 13:30,N/A,13:30,Soft (Yielding To Soft In Places),2m 119y,Locorotondo (IRE),C Brassil,5,M Brassil,12th,4 1/2 l,6,11-12t,-,True,108,19
Naas Racing Results | 16th April 2024 13:30,N/A,13:30,Soft (Yielding To Soft In Places),2m 119y,Let's Avit (IRE),E Walsh,0,Ciaran Murphy,11th,2 l,4,11-4t1,-,True,108,19
Naas Racing Results | 16th April 2024 13:30,N/A,13:30,Soft (Yielding To Soft In Places),2m 119y,The Mpex Kid (IRE),Ms C Skerry,7,Ciaran Murphy,10th,1 1/4 l,8,11-12,-,True,108,19
Naas Racing Results | 16th April 2024 13:30,N/A,13:30,Soft (Yielding To Soft In Places),2m 119y,Lispendense (IRE),S D Torrens,0,D Cullen,9th,1 l,9,11-12,-,True,108,19
Naas Racing Results | 16th April 2024 13:30,N/A,13:30,Soft (Yielding To Soft In Places),2m 119y,Flier,D J Gilligan,5,Mrs D Foster,8th,1/2 l,5,11-5t,-,True,108,19
Naas Racing Results | 16th April 2024 13:30,N/A,13:30,Soft (Yielding To Soft In Places),2m 119y,Hardysonofdan (IRE),K E Buckley,0,G P Cromwell,7th,2 3/4 l,4,11-4,-,True,108,19
Naas Racing Results | 16th April 2024 13:30,N/A,13:30,Soft (Yielding To Soft In Places),2m 119y,Chance Another One (IRE),J S McGarvey,0,S M Duffy,6th,11 l,5,11-12,-,True,108,19
Naas Racing Results | 16th April 2024 13:30,N/A,13:30,Soft (Yielding To Soft In Places),2m 119y,Whatsanotheryear (IRE),M P Walsh,0,P J Flynn,5th,2 1/2 l,5,11-12,-,True,108,19
Naas Racing Results | 16th April 2024 13:30,N/A,13:30,Soft (Yielding To Soft In Places),2m 119y,Minella Buddy (IRE),N T Prendergast,7,J Nallen,4th,35 l,5,11-12,-,True,108,19
Naas Racing Results | 16th April 2024 13:30,N/A,13:30,Soft (Yielding To Soft In Places),2m 119y,Omniscient,J W Kennedy,0,G Elliott,3rd,1 3/4 l,5,11-12,-,True,108,19
Naas Racing Results | 16th April 2024 13:30,N/A,13:30,Soft (Yielding To Soft In Places),2m 119y,Union Station (IRE),K M Donoghue,0,G P Cromwell,2nd,1 1/4 l,5,11-12,-,True,108,19
Naas Racing Results | 16th April 2024 13:30,N/A,13:30,Soft (Yielding To Soft In Places),2m 119y,Icare Desbois (FR),P Townend,0,W P Mullins,1st,N/A,6,11-12,-,True,108,19
Naas Racing Results | 16th April 2024 13:30,N/A,13:30,Soft (Yielding To Soft In Places),2m 119y,Fortunate Lighting (IRE),P Byrnes,5,C Byrnes,NR,N/A,6,11-5,-,True,108,19
Naas Racing Results | 16th April 2024 13:30,N/A,13:30,Soft (Yielding To Soft In Places),2m 119y,Balovale (IRE),Sam Ewing,0,E J O'Grady,UR,N/A,4,11-4h,-,True,108,19
Naas Racing Results | 16th April 2024 13:30,N/A,13:30,Soft (Yielding To Soft In Places),2m 119y,Nelsoria (IRE),P J O'Hanlon,3,P J Rothwell,18th,3 3/4 l,5,11-12,-,True,108,19
Naas Racing Results | 16th April 2024 13:30,N/A,13:30,Soft (Yielding To Soft In Places),2m 119y,Shades Of Tara,R J Condon,5,P A Fahy,17th,18 l,7,11-12,-,True,108,19
Naas Racing Results | 16th April 2024 13:30,N/A,13:30,Soft (Yielding To Soft In Places),2m 119y,Dont Tell Shirley (IRE),P T Enright,0,S Curling,16th,1 l,5,11-5,-,True,108,19
Naas Racing Results | 16th April 2024 13:30,N/A,13:30,Soft (Yielding To Soft In Places),2m 119y,Kinbara Hills (IRE),J J Slevin,0,S R B Crawford,15th,2 1/2 l,5,11-12,-,True,108,19
Naas Racing Results | 16th April 2024 13:30,N/A,13:30,Soft (Yielding To Soft In Places),2m 119y,Sadies Diamond (IRE),Shane Fenelon,7,J J Hanlon,14th,6 l,5,11-5h,-,True,108,19
Naas Racing Results | 16th April 2024 13:30,N/A,13:30,Soft (Yielding To Soft In Places),2m 119y,Market House (IRE),M J M O'Sullivan,0,B Connell,13th,2 3/4 l,4,11-4,-,True,108,19
Naas Racing Results | 16th April 2024 13:30,N/A,13:30,Soft (Yielding To Soft In Places),2m 119y,Locorotondo (IRE),C Brassil,5,M Brassil,12th,4 1/2 l,6,11-12t,-,True,108,19
Naas Racing Results | 16th April 2024 13:30,N/A,13:30,Soft (Yielding To Soft In Places),2m 119y,Let's Avit (IRE),E Walsh,0,Ciaran Murphy,11th,2 l,4,11-4t1,-,True,108,19
Naas Racing Results | 16th April 2024 13:30,N/A,13:30,Soft (Yielding To Soft In Places),2m 119y,The Mpex Kid (IRE),Ms C Skerry,7,Ciaran Murphy,10th,1 1/4 l,8,11-12,-,True,108,19
Naas Racing Results | 16th April 2024 13:30,N/A,13:30,Soft (Yielding To Soft In Places),2m 119y,Lispendense (IRE),S D Torrens,0,D Cullen,9th,1 l,9,11-12,-,True,108,19
Naas Racing Results | 16th April 2024 13:30,N/A,13:30,Soft (Yielding To Soft In Places),2m 119y,Flier,D J Gilligan,5,Mrs D Foster,8th,1/2 l,5,11-5t,-,True,108,19
Naas Racing Results | 16th April 2024 13:30,N/A,13:30,Soft (Yielding To Soft In Places),2m 119y,Hardysonofdan (IRE),K E Buckley,0,G P Cromwell,7th,2 3/4 l,4,11-4,-,True,108,19
Naas Racing Results | 16th April 2024 13:30,N/A,13:30,Soft (Yielding To Soft In Places),2m 119y,Chance Another One (IRE),J S McGarvey,0,S M Duffy,6th,11 l,5,11-12,-,True,108,19
Naas Racing Results | 16th April 2024 13:30,N/A,13:30,Soft (Yielding To Soft In Places),2m 119y,Whatsanotheryear (IRE),M P Walsh,0,P J Flynn,5th,2 1/2 l,5,11-12,-,True,108,19
Naas Racing Results | 16th April 2024 13:30,N/A,13:30,Soft (Yielding To Soft In Places),2m 119y,Minella Buddy (IRE),N T Prendergast,7,J Nallen,4th,35 l,5,11-12,-,True,108,19
Naas Racing Results | 16th April 2024 13:30,N/A,13:30,Soft (Yielding To Soft In Places),2m 119y,Omniscient,J W Kennedy,0,G Elliott,3rd,1 3/4 l,5,11-12,-,True,108,19
Naas Racing Results | 16th April 2024 13:30,N/A,13:30,Soft (Yielding To Soft In Places),2m 119y,Union Station (IRE),K M Donoghue,0,G P Cromwell,2nd,1 1/4 l,5,11-12,-,True,108,19
Naas Racing Results | 16th April 2024 13:30,N/A,13:30,Soft (Yielding To Soft In Places),2m 119y,Icare Desbois (FR),P Townend,0,W P Mullins,1st,N/A,6,11-12,-,True,108,19
Naas Racing Results | 16th April 2024 14:05,N/A,14:05,Soft (Yielding To Soft In Places),2m 119y,Construct,B W Harvey,0,J C McConnell,PU,N/A,9,11-12t,114,True,108,20
Naas Racing Results | 16th April 2024 14:05,N/A,14:05,Soft (Yielding To Soft In Places),2m 119y,Upthereforthinking (IRE),C Stone-Walsh,5,G P Cromwell,F,N/A,5,10-11,99,True,108,20
Naas Racing Results | 16th April 2024 14:05,N/A,14:05,Soft (Yielding To Soft In Places),2m 119y,Wajaaha (IRE),L A McKenna,5,P J McKenna,11th,1/2 l,9,12-0p,116,True,108,20
Naas Racing Results | 16th April 2024 14:05,N/A,14:05,Soft (Yielding To Soft In Places),2m 119y,Ebasari (IRE),D J Gilligan,5,G Elliott,10th,6 l,6,12-0t,116,True,108,20
Naas Racing Results | 16th April 2024 14:05,N/A,14:05,Soft (Yielding To Soft In Places),2m 119y,Soldante (IRE),E Walsh,0,Ciaran Murphy,9th,4 1/2 l,6,12-0t,116,True,108,20
Naas Racing Results | 16th April 2024 14:05,N/A,14:05,Soft (Yielding To Soft In Places),2m 119y,Mullins Cross (IRE),Sam Ewing,0,J J Hanlon,8th,11 l,8,10-0,88,True,108,20
Naas Racing Results | 16th April 2024 14:05,N/A,14:05,Soft (Yielding To Soft In Places),2m 119y,Red Striker (IRE),K Callaghan,5,J Barcoe,7th,1 3/4 l,9,10-1,89,True,108,20
Naas Racing Results | 16th April 2024 14:05,N/A,14:05,Soft (Yielding To Soft In Places),2m 119y,Tempo Chapter Two (IRE),K C Sexton,0,P W Flynn,6th,5 l,8,11-5b,107,True,108,20
Naas Racing Results | 16th April 2024 14:05,N/A,14:05,Soft (Yielding To Soft In Places),2m 119y,Clarens (IRE),J W Kennedy,0,J P Flavin,5th,2 1/4 l,7,12-0,116,True,108,20
Naas Racing Results | 16th April 2024 14:05,N/A,14:05,Soft (Yielding To Soft In Places),2m 119y,Answering (IRE),Mr D Doyle,7,T Doyle,4th,1 1/4 l,9,12-0,116,True,108,20
Naas Racing Results | 16th April 2024 14:05,N/A,14:05,Soft (Yielding To Soft In Places),2m 119y,Johngus (IRE),Mr S Tobin,7,S Aherne,3rd,1 1/2 l,10,11-7,109,True,108,20
Naas Racing Results | 16th April 2024 14:05,N/A,14:05,Soft (Yielding To Soft In Places),2m 119y,Verbal Sparring (IRE),J J Slevin,0,D McDonogh,2nd,3/4 l,5,10-5,93,True,108,20
Naas Racing Results | 16th April 2024 14:05,N/A,14:05,Soft (Yielding To Soft In Places),2m 119y,Cheerful Chap (IRE),J P O'Sullivan,3,P J Rothwell,1st,N/A,7,11-1p,103,True,108,20
Naas Racing Results | 16th April 2024 14:05,N/A,14:05,Soft (Yielding To Soft In Places),2m 119y,Construct,B W Harvey,0,J C McConnell,PU,N/A,9,11-12t,114,True,108,20
Naas Racing Results | 16th April 2024 14:05,N/A,14:05,Soft (Yielding To Soft In Places),2m 119y,Upthereforthinking (IRE),C Stone-Walsh,5,G P Cromwell,F,N/A,5,10-11,99,True,108,20
Naas Racing Results | 16th April 2024 14:05,N/A,14:05,Soft (Yielding To Soft In Places),2m 119y,Wajaaha (IRE),L A McKenna,5,P J McKenna,11th,1/2 l,9,12-0p,116,True,108,20
Naas Racing Results | 16th April 2024 14:05,N/A,14:05,Soft (Yielding To Soft In Places),2m 119y,Ebasari (IRE),D J Gilligan,5,G Elliott,10th,6 l,6,12-0t,116,True,108,20
Naas Racing Results | 16th April 2024 14:05,N/A,14:05,Soft (Yielding To Soft In Places),2m 119y,Soldante (IRE),E Walsh,0,Ciaran Murphy,9th,4 1/2 l,6,12-0t,116,True,108,20
Naas Racing Results | 16th April 2024 14:05,N/A,14:05,Soft (Yielding To Soft In Places),2m 119y,Mullins Cross (IRE),Sam Ewing,0,J J Hanlon,8th,11 l,8,10-0,88,True,108,20
Naas Racing Results | 16th April 2024 14:05,N/A,14:05,Soft (Yielding To Soft In Places),2m 119y,Red Striker (IRE),K Callaghan,5,J Barcoe,7th,1 3/4 l,9,10-1,89,True,108,20
Naas Racing Results | 16th April 2024 14:05,N/A,14:05,Soft (Yielding To Soft In Places),2m 119y,Tempo Chapter Two (IRE),K C Sexton,0,P W Flynn,6th,5 l,8,11-5b,107,True,108,20
Naas Racing Results | 16th April 2024 14:05,N/A,14:05,Soft (Yielding To Soft In Places),2m 119y,Clarens (IRE),J W Kennedy,0,J P Flavin,5th,2 1/4 l,7,12-0,116,True,108,20
Naas Racing Results | 16th April 2024 14:05,N/A,14:05,Soft (Yielding To Soft In Places),2m 119y,Answering (IRE),Mr D Doyle,7,T Doyle,4th,1 1/4 l,9,12-0,116,True,108,20
Naas Racing Results | 16th April 2024 14:05,N/A,14:05,Soft (Yielding To Soft In Places),2m 119y,Johngus (IRE),Mr S Tobin,7,S Aherne,3rd,1 1/2 l,10,11-7,109,True,108,20
Naas Racing Results | 16th April 2024 14:05,N/A,14:05,Soft (Yielding To Soft In Places),2m 119y,Verbal Sparring (IRE),J J Slevin,0,D McDonogh,2nd,3/4 l,5,10-5,93,True,108,20
Naas Racing Results | 16th April 2024 14:05,N/A,14:05,Soft (Yielding To Soft In Places),2m 119y,Cheerful Chap (IRE),J P O'Sullivan,3,P J Rothwell,1st,N/A,7,11-1p,103,True,108,20
Naas Racing Results | 16th April 2024 14:40,N/A,14:40,Soft (Yielding To Soft In Places),2m 3f 70y,Wardens Whisper (IRE),J P O'Sullivan,3,P J Rothwell,18th,37 l,5,11-12,-,True,108,21
Naas Racing Results | 16th April 2024 14:40,N/A,14:40,Soft (Yielding To Soft In Places),2m 3f 70y,Catchyoulater (IRE),K E Buckley,0,E Cawley,17th,6 1/2 l,5,11-12,-,True,108,21
Naas Racing Results | 16th April 2024 14:40,N/A,14:40,Soft (Yielding To Soft In Places),2m 3f 70y,Wolfhill (IRE),B Hayes,0,M J Bowe,16th,7 l,6,11-12,-,True,108,21
Naas Racing Results | 16th April 2024 14:40,N/A,14:40,Soft (Yielding To Soft In Places),2m 3f 70y,County Champs (IRE),R Deegan,0,B McMahon,15th,2 l,5,11-12,-,True,108,21
Naas Racing Results | 16th April 2024 14:40,N/A,14:40,Soft (Yielding To Soft In Places),2m 3f 70y,Lummi Island (IRE),S F O'Keeffe,0,D Deacon,14th,Head,6,11-12,-,True,108,21
Naas Racing Results | 16th April 2024 14:40,N/A,14:40,Soft (Yielding To Soft In Places),2m 3f 70y,We Will Rock You (FR),J C Gainford,0,A Donoghue,13th,1 1/4 l,6,11-5,-,True,108,21
Naas Racing Results | 16th April 2024 14:40,N/A,14:40,Soft (Yielding To Soft In Places),2m 3f 70y,Battle Roar (IRE),E Walsh,0,Ciaran Murphy,12th,9 1/2 l,5,11-12,-,True,108,21
Naas Racing Results | 16th April 2024 14:40,N/A,14:40,Soft (Yielding To Soft In Places),2m 3f 70y,Gustavo Goodway (IRE),P J O'Hanlon,3,P J Rothwell,11th,Neck,6,11-12,-,True,108,21
Naas Racing Results | 16th April 2024 14:40,N/A,14:40,Soft (Yielding To Soft In Places),2m 3f 70y,Littlewell Lariat (IRE),S D Torrens,0,Ciaran Murphy,10th,1 l,6,11-12,-,True,108,21
Naas Racing Results | 16th April 2024 14:40,N/A,14:40,Soft (Yielding To Soft In Places),2m 3f 70y,Clonclough Lady (IRE),D Meyler,0,J P Dempsey,9th,Neck,4,10-11,-,True,108,21
Naas Racing Results | 16th April 2024 14:40,N/A,14:40,Soft (Yielding To Soft In Places),2m 3f 70y,Wing Back (IRE),P T Enright,0,S Curling,8th,1 l,4,11-4,-,True,108,21
Naas Racing Results | 16th April 2024 14:40,N/A,14:40,Soft (Yielding To Soft In Places),2m 3f 70y,Ag Obair Go Crua (IRE),D E Mullins,0,J P Flavin,7th,3/4 l,5,11-12,-,True,108,21
Naas Racing Results | 16th April 2024 14:40,N/A,14:40,Soft (Yielding To Soft In Places),2m 3f 70y,Trade Master (IRE),M J M O'Sullivan,0,E Cawley,6th,2 1/4 l,5,11-12,-,True,108,21
Naas Racing Results | 16th April 2024 14:40,N/A,14:40,Soft (Yielding To Soft In Places),2m 3f 70y,The Story So Far (IRE),P Byrnes,5,C Byrnes,5th,13 l,6,11-12p,-,True,108,21
Naas Racing Results | 16th April 2024 14:40,N/A,14:40,Soft (Yielding To Soft In Places),2m 3f 70y,Dr Eggman (FR),P Townend,0,W P Mullins,4th,5 1/2 l,6,11-12h1,-,True,108,21
Naas Racing Results | 16th April 2024 14:40,N/A,14:40,Soft (Yielding To Soft In Places),2m 3f 70y,Ayiko,J J Slevin,0,S R B Crawford,3rd,4 1/4 l,5,11-12t,-,True,108,21
Naas Racing Results | 16th April 2024 14:40,N/A,14:40,Soft (Yielding To Soft In Places),2m 3f 70y,Big Stage (IRE),J W Kennedy,0,G Elliott,2nd,1 1/4 l,6,11-12,-,True,108,21
Naas Racing Results | 16th April 2024 14:40,N/A,14:40,Soft (Yielding To Soft In Places),2m 3f 70y,Born Braver (IRE),K M Donoghue,0,G P Cromwell,1st,N/A,6,11-12,-,True,108,21
Naas Racing Results | 16th April 2024 14:40,N/A,14:40,Soft (Yielding To Soft In Places),2m 3f 70y,Wardens Whisper (IRE),J P O'Sullivan,3,P J Rothwell,18th,37 l,5,11-12,-,True,108,21
Naas Racing Results | 16th April 2024 14:40,N/A,14:40,Soft (Yielding To Soft In Places),2m 3f 70y,Catchyoulater (IRE),K E Buckley,0,E Cawley,17th,6 1/2 l,5,11-12,-,True,108,21
Naas Racing Results | 16th April 2024 14:40,N/A,14:40,Soft (Yielding To Soft In Places),2m 3f 70y,Wolfhill (IRE),B Hayes,0,M J Bowe,16th,7 l,6,11-12,-,True,108,21
Naas Racing Results | 16th April 2024 14:40,N/A,14:40,Soft (Yielding To Soft In Places),2m 3f 70y,County Champs (IRE),R Deegan,0,B McMahon,15th,2 l,5,11-12,-,True,108,21
Naas Racing Results | 16th April 2024 14:40,N/A,14:40,Soft (Yielding To Soft In Places),2m 3f 70y,Lummi Island (IRE),S F O'Keeffe,0,D Deacon,14th,Head,6,11-12,-,True,108,21
Naas Racing Results | 16th April 2024 14:40,N/A,14:40,Soft (Yielding To Soft In Places),2m 3f 70y,We Will Rock You (FR),J C Gainford,0,A Donoghue,13th,1 1/4 l,6,11-5,-,True,108,21
Naas Racing Results | 16th April 2024 14:40,N/A,14:40,Soft (Yielding To Soft In Places),2m 3f 70y,Battle Roar (IRE),E Walsh,0,Ciaran Murphy,12th,9 1/2 l,5,11-12,-,True,108,21
Naas Racing Results | 16th April 2024 14:40,N/A,14:40,Soft (Yielding To Soft In Places),2m 3f 70y,Gustavo Goodway (IRE),P J O'Hanlon,3,P J Rothwell,11th,Neck,6,11-12,-,True,108,21
Naas Racing Results | 16th April 2024 14:40,N/A,14:40,Soft (Yielding To Soft In Places),2m 3f 70y,Littlewell Lariat (IRE),S D Torrens,0,Ciaran Murphy,10th,1 l,6,11-12,-,True,108,21
Naas Racing Results | 16th April 2024 14:40,N/A,14:40,Soft (Yielding To Soft In Places),2m 3f 70y,Clonclough Lady (IRE),D Meyler,0,J P Dempsey,9th,Neck,4,10-11,-,True,108,21
Naas Racing Results | 16th April 2024 14:40,N/A,14:40,Soft (Yielding To Soft In Places),2m 3f 70y,Wing Back (IRE),P T Enright,0,S Curling,8th,1 l,4,11-4,-,True,108,21
Naas Racing Results | 16th April 2024 14:40,N/A,14:40,Soft (Yielding To Soft In Places),2m 3f 70y,Ag Obair Go Crua (IRE),D E Mullins,0,J P Flavin,7th,3/4 l,5,11-12,-,True,108,21
Naas Racing Results | 16th April 2024 14:40,N/A,14:40,Soft (Yielding To Soft In Places),2m 3f 70y,Trade Master (IRE),M J M O'Sullivan,0,E Cawley,6th,2 1/4 l,5,11-12,-,True,108,21
Naas Racing Results | 16th April 2024 14:40,N/A,14:40,Soft (Yielding To Soft In Places),2m 3f 70y,The Story So Far (IRE),P Byrnes,5,C Byrnes,5th,13 l,6,11-12p,-,True,108,21
Naas Racing Results | 16th April 2024 14:40,N/A,14:40,Soft (Yielding To Soft In Places),2m 3f 70y,Dr Eggman (FR),P Townend,0,W P Mullins,4th,5 1/2 l,6,11-12h1,-,True,108,21
Naas Racing Results | 16th April 2024 14:40,N/A,14:40,Soft (Yielding To Soft In Places),2m 3f 70y,Ayiko,J J Slevin,0,S R B Crawford,3rd,4 1/4 l,5,11-12t,-,True,108,21
Naas Racing Results | 16th April 2024 14:40,N/A,14:40,Soft (Yielding To Soft In Places),2m 3f 70y,Big Stage (IRE),J W Kennedy,0,G Elliott,2nd,1 1/4 l,6,11-12,-,True,108,21
Naas Racing Results | 16th April 2024 14:40,N/A,14:40,Soft (Yielding To Soft In Places),2m 3f 70y,Born Braver (IRE),K M Donoghue,0,G P Cromwell,1st,N/A,6,11-12,-,True,108,21
Naas Racing Results | 16th April 2024 15:15,N/A,15:15,Soft (Yielding To Soft In Places),2m 3f 70y,Workforadime (IRE),P Byrnes,5,C Byrnes,NR,N/A,6,11-9,104,True,108,22
Naas Racing Results | 16th April 2024 15:15,N/A,15:15,Soft (Yielding To Soft In Places),2m 3f 70y,Nathan Wells,J W Kennedy,0,G Elliott,10th,5 l,5,12-0,109,True,108,22
Naas Racing Results | 16th April 2024 15:15,N/A,15:15,Soft (Yielding To Soft In Places),2m 3f 70y,Reve Inoui (IRE),A McCurtin,0,J P Flavin,9th,4 l,6,12-0,109,True,108,22
Naas Racing Results | 16th April 2024 15:15,N/A,15:15,Soft (Yielding To Soft In Places),2m 3f 70y,Brianna Lily (IRE),C D Smithers,7,P T Foley,8th,9 l,7,11-12p,107,True,108,22
Naas Racing Results | 16th April 2024 15:15,N/A,15:15,Soft (Yielding To Soft In Places),2m 3f 70y,That's About Right (IRE),Rachael Blackmore,0,P J Rothwell,7th,Head,6,10-9,90,True,108,22
Naas Racing Results | 16th April 2024 15:15,N/A,15:15,Soft (Yielding To Soft In Places),2m 3f 70y,Iron Allen (FR),E Walsh,0,Ciaran Murphy,6th,2 1/4 l,6,11-7,102,True,108,22
Naas Racing Results | 16th April 2024 15:15,N/A,15:15,Soft (Yielding To Soft In Places),2m 3f 70y,Gabriel Ranger (IRE),D E Mullins,0,J G Murphy,5th,1 1/2 l,5,11-6,101,True,108,22
Naas Racing Results | 16th April 2024 15:15,N/A,15:15,Soft (Yielding To Soft In Places),2m 3f 70y,General Clermont (FR),G Brouder,5,D E Fitzgerald,4th,2 1/2 l,8,11-7,102,True,108,22
Naas Racing Results | 16th April 2024 15:15,N/A,15:15,Soft (Yielding To Soft In Places),2m 3f 70y,Run For Harry (IRE),D J O'Keeffe,0,Mrs G Callaghan,3rd,7 l,6,11-10,105,True,108,22
Naas Racing Results | 16th April 2024 15:15,N/A,15:15,Soft (Yielding To Soft In Places),2m 3f 70y,Downtherefordancin,K M Donoghue,0,G P Cromwell,2nd,1/2 l,5,11-9p,104,True,108,22
Naas Racing Results | 16th April 2024 15:15,N/A,15:15,Soft (Yielding To Soft In Places),2m 3f 70y,Three In A Row (IRE),D Meyler,0,A L T Moore,1st,N/A,6,11-2,97,True,108,22
Naas Racing Results | 16th April 2024 15:15,N/A,15:15,Soft (Yielding To Soft In Places),2m 3f 70y,Workforadime (IRE),P Byrnes,5,C Byrnes,NR,N/A,6,11-9,104,True,108,22
Naas Racing Results | 16th April 2024 15:15,N/A,15:15,Soft (Yielding To Soft In Places),2m 3f 70y,Nathan Wells,J W Kennedy,0,G Elliott,10th,5 l,5,12-0,109,True,108,22
Naas Racing Results | 16th April 2024 15:15,N/A,15:15,Soft (Yielding To Soft In Places),2m 3f 70y,Reve Inoui (IRE),A McCurtin,0,J P Flavin,9th,4 l,6,12-0,109,True,108,22
Naas Racing Results | 16th April 2024 15:15,N/A,15:15,Soft (Yielding To Soft In Places),2m 3f 70y,Brianna Lily (IRE),C D Smithers,7,P T Foley,8th,9 l,7,11-12p,107,True,108,22
Naas Racing Results | 16th April 2024 15:15,N/A,15:15,Soft (Yielding To Soft In Places),2m 3f 70y,That's About Right (IRE),Rachael Blackmore,0,P J Rothwell,7th,Head,6,10-9,90,True,108,22
Naas Racing Results | 16th April 2024 15:15,N/A,15:15,Soft (Yielding To Soft In Places),2m 3f 70y,Iron Allen (FR),E Walsh,0,Ciaran Murphy,6th,2 1/4 l,6,11-7,102,True,108,22
Naas Racing Results | 16th April 2024 15:15,N/A,15:15,Soft (Yielding To Soft In Places),2m 3f 70y,Gabriel Ranger (IRE),D E Mullins,0,J G Murphy,5th,1 1/2 l,5,11-6,101,True,108,22
Naas Racing Results | 16th April 2024 15:15,N/A,15:15,Soft (Yielding To Soft In Places),2m 3f 70y,General Clermont (FR),G Brouder,5,D E Fitzgerald,4th,2 1/2 l,8,11-7,102,True,108,22
Naas Racing Results | 16th April 2024 15:15,N/A,15:15,Soft (Yielding To Soft In Places),2m 3f 70y,Run For Harry (IRE),D J O'Keeffe,0,Mrs G Callaghan,3rd,7 l,6,11-10,105,True,108,22
Naas Racing Results | 16th April 2024 15:15,N/A,15:15,Soft (Yielding To Soft In Places),2m 3f 70y,Downtherefordancin,K M Donoghue,0,G P Cromwell,2nd,1/2 l,5,11-9p,104,True,108,22
Naas Racing Results | 16th April 2024 15:15,N/A,15:15,Soft (Yielding To Soft In Places),2m 3f 70y,Three In A Row (IRE),D Meyler,0,A L T Moore,1st,N/A,6,11-2,97,True,108,22
Naas Racing Results | 16th April 2024 16:25,N/A,16:25,Soft (Yielding To Soft In Places),2m 3f 70y,Clonguile Way (IRE),Thomas Reilly,7,J C McConnell,NR,N/A,11,11-6,87,True,108,24
Naas Racing Results | 16th April 2024 16:25,N/A,16:25,Soft (Yielding To Soft In Places),2m 3f 70y,Ladyeze Man (IRE),D J O'Keeffe,0,J P Flavin,NR,N/A,6,11-11,92,True,108,24
Naas Racing Results | 16th April 2024 16:25,N/A,16:25,Soft (Yielding To Soft In Places),2m 3f 70y,Ganderstown (IRE),R J Condon,5,T P O'Connor,PU,N/A,5,11-6,87,True,108,24
Naas Racing Results | 16th April 2024 16:25,N/A,16:25,Soft (Yielding To Soft In Places),2m 3f 70y,Stellar Stow (IRE),Mr D Doyle,7,T Doyle,16th,4 l,11,10-13,80,True,108,24
Naas Racing Results | 16th April 2024 16:25,N/A,16:25,Soft (Yielding To Soft In Places),2m 3f 70y,Great Rainbow (FR),S F O'Keeffe,0,B McMahon,15th,6 1/2 l,6,11-5,86,True,108,24
Naas Racing Results | 16th April 2024 16:25,N/A,16:25,Soft (Yielding To Soft In Places),2m 3f 70y,He Picked Us,K E Buckley,0,G P Cromwell,14th,Head,5,11-9b1,90,True,108,24
Naas Racing Results | 16th April 2024 16:25,N/A,16:25,Soft (Yielding To Soft In Places),2m 3f 70y,Angelofthemorning (IRE),N T Prendergast,7,D Deacon,13th,2 l,7,11-2t,83,True,108,24
Naas Racing Results | 16th April 2024 16:25,N/A,16:25,Soft (Yielding To Soft In Places),2m 3f 70y,Max Time (IRE),D King,0,I Madden,12th,9 1/2 l,7,10-13,80,True,108,24
Naas Racing Results | 16th April 2024 16:25,N/A,16:25,Soft (Yielding To Soft In Places),2m 3f 70y,Cullenwaine (IRE),P J O'Hanlon,3,P J Rothwell,11th,1 1/2 l,6,11-4p,85,True,108,24
Naas Racing Results | 16th April 2024 16:25,N/A,16:25,Soft (Yielding To Soft In Places),2m 3f 70y,On My Bike (IRE),K M Donoghue,0,G P Cromwell,10th,1 1/4 l,6,11-11,92,True,108,24
Naas Racing Results | 16th April 2024 16:25,N/A,16:25,Soft (Yielding To Soft In Places),2m 3f 70y,Early Arrival (IRE),K Callaghan,5,J Barcoe,9th,2 1/4 l,9,11-10,91,True,108,24
Naas Racing Results | 16th April 2024 16:25,N/A,16:25,Soft (Yielding To Soft In Places),2m 3f 70y,A Mere Bagatelle (IRE),J S McGarvey,0,J J Hanlon,8th,Neck,7,12-0b1,95,True,108,24
Naas Racing Results | 16th April 2024 16:25,N/A,16:25,Soft (Yielding To Soft In Places),2m 3f 70y,One And Only (IRE),P T Enright,0,O McKiernan,7th,2 3/4 l,6,11-8t,89,True,108,24
Naas Racing Results | 16th April 2024 16:25,N/A,16:25,Soft (Yielding To Soft In Places),2m 3f 70y,Kadys Dirha (IRE),T Joseph Kelly,7,T P O'Connor,6th,2 l,7,11-1b,82,True,108,24
Naas Racing Results | 16th April 2024 16:25,N/A,16:25,Soft (Yielding To Soft In Places),2m 3f 70y,Final Endeavour (IRE),C G O'Dwyer,5,H Rogers,5th,3 l,8,10-13t,80,True,108,24
Naas Racing Results | 16th April 2024 16:25,N/A,16:25,Soft (Yielding To Soft In Places),2m 3f 70y,Rideau Canal (IRE),D J Gilligan,5,Mrs D Foster,4th,3 1/4 l,9,11-10t,91,True,108,24
Naas Racing Results | 16th April 2024 16:25,N/A,16:25,Soft (Yielding To Soft In Places),2m 3f 70y,Chosen Shant (IRE),E Walsh,0,Ciaran Murphy,3rd,1 1/2 l,8,11-9t,90,True,108,24
Naas Racing Results | 16th April 2024 16:25,N/A,16:25,Soft (Yielding To Soft In Places),2m 3f 70y,King Kali (IRE),P Byrnes,5,S Byrne,2nd,1/2 l,8,12-0,95,True,108,24
Naas Racing Results | 16th April 2024 16:25,N/A,16:25,Soft (Yielding To Soft In Places),2m 3f 70y,The Niffler (IRE),J W Kennedy,0,E O'Connell,1st,N/A,7,11-12ht,93,True,108,24
Naas Racing Results | 16th April 2024 16:25,N/A,16:25,Soft (Yielding To Soft In Places),2m 3f 70y,Clonguile Way (IRE),Thomas Reilly,7,J C McConnell,NR,N/A,11,11-6,87,True,108,24
Naas Racing Results | 16th April 2024 16:25,N/A,16:25,Soft (Yielding To Soft In Places),2m 3f 70y,Ladyeze Man (IRE),D J O'Keeffe,0,J P Flavin,NR,N/A,6,11-11,92,True,108,24
Naas Racing Results | 16th April 2024 16:25,N/A,16:25,Soft (Yielding To Soft In Places),2m 3f 70y,Ganderstown (IRE),R J Condon,5,T P O'Connor,PU,N/A,5,11-6,87,True,108,24
Naas Racing Results | 16th April 2024 16:25,N/A,16:25,Soft (Yielding To Soft In Places),2m 3f 70y,Stellar Stow (IRE),Mr D Doyle,7,T Doyle,16th,4 l,11,10-13,80,True,108,24
Naas Racing Results | 16th April 2024 16:25,N/A,16:25,Soft (Yielding To Soft In Places),2m 3f 70y,Great Rainbow (FR),S F O'Keeffe,0,B McMahon,15th,6 1/2 l,6,11-5,86,True,108,24
Naas Racing Results | 16th April 2024 16:25,N/A,16:25,Soft (Yielding To Soft In Places),2m 3f 70y,He Picked Us,K E Buckley,0,G P Cromwell,14th,Head,5,11-9b1,90,True,108,24
Naas Racing Results | 16th April 2024 16:25,N/A,16:25,Soft (Yielding To Soft In Places),2m 3f 70y,Angelofthemorning (IRE),N T Prendergast,7,D Deacon,13th,2 l,7,11-2t,83,True,108,24
Naas Racing Results | 16th April 2024 16:25,N/A,16:25,Soft (Yielding To Soft In Places),2m 3f 70y,Max Time (IRE),D King,0,I Madden,12th,9 1/2 l,7,10-13,80,True,108,24
Naas Racing Results | 16th April 2024 16:25,N/A,16:25,Soft (Yielding To Soft In Places),2m 3f 70y,Cullenwaine (IRE),P J O'Hanlon,3,P J Rothwell,11th,1 1/2 l,6,11-4p,85,True,108,24
Naas Racing Results | 16th April 2024 16:25,N/A,16:25,Soft (Yielding To Soft In Places),2m 3f 70y,On My Bike (IRE),K M Donoghue,0,G P Cromwell,10th,1 1/4 l,6,11-11,92,True,108,24
Naas Racing Results | 16th April 2024 16:25,N/A,16:25,Soft (Yielding To Soft In Places),2m 3f 70y,Early Arrival (IRE),K Callaghan,5,J Barcoe,9th,2 1/4 l,9,11-10,91,True,108,24
Naas Racing Results | 16th April 2024 16:25,N/A,16:25,Soft (Yielding To Soft In Places),2m 3f 70y,A Mere Bagatelle (IRE),J S McGarvey,0,J J Hanlon,8th,Neck,7,12-0b1,95,True,108,24
Naas Racing Results | 16th April 2024 16:25,N/A,16:25,Soft (Yielding To Soft In Places),2m 3f 70y,One And Only (IRE),P T Enright,0,O McKiernan,7th,2 3/4 l,6,11-8t,89,True,108,24
Naas Racing Results | 16th April 2024 16:25,N/A,16:25,Soft (Yielding To Soft In Places),2m 3f 70y,Kadys Dirha (IRE),T Joseph Kelly,7,T P O'Connor,6th,2 l,7,11-1b,82,True,108,24
Naas Racing Results | 16th April 2024 16:25,N/A,16:25,Soft (Yielding To Soft In Places),2m 3f 70y,Final Endeavour (IRE),C G O'Dwyer,5,H Rogers,5th,3 l,8,10-13t,80,True,108,24
Naas Racing Results | 16th April 2024 16:25,N/A,16:25,Soft (Yielding To Soft In Places),2m 3f 70y,Rideau Canal (IRE),D J Gilligan,5,Mrs D Foster,4th,3 1/4 l,9,11-10t,91,True,108,24
Naas Racing Results | 16th April 2024 16:25,N/A,16:25,Soft (Yielding To Soft In Places),2m 3f 70y,Chosen Shant (IRE),E Walsh,0,Ciaran Murphy,3rd,1 1/2 l,8,11-9t,90,True,108,24
Naas Racing Results | 16th April 2024 16:25,N/A,16:25,Soft (Yielding To Soft In Places),2m 3f 70y,King Kali (IRE),P Byrnes,5,S Byrne,2nd,1/2 l,8,12-0,95,True,108,24
Naas Racing Results | 16th April 2024 16:25,N/A,16:25,Soft (Yielding To Soft In Places),2m 3f 70y,The Niffler (IRE),J W Kennedy,0,E O'Connell,1st,N/A,7,11-12ht,93,True,108,24
Naas Racing Results | 16th April 2024 17:00,N/A,17:00,Soft (Yielding To Soft In Places),2m 119y,Strategic Power (IRE),Mr D Doyle,7,A Leahy,8th,32 l,4,11-2,-,True,108,25
Naas Racing Results | 16th April 2024 17:00,N/A,17:00,Soft (Yielding To Soft In Places),2m 119y,Dee's Getaway (IRE),Mr F Maguire,0,J P Dempsey,7th,2 3/4 l,4,11-2,-,True,108,25
Naas Racing Results | 16th April 2024 17:00,N/A,17:00,Soft (Yielding To Soft In Places),2m 119y,Dream On Baby (IRE),Mr R W Barron,5,C Motherway,6th,3 1/4 l,4,11-2,-,True,108,25
Naas Racing Results | 16th April 2024 17:00,N/A,17:00,Soft (Yielding To Soft In Places),2m 119y,Miss Lia (IRE),Mr H C Swan,5,P J Rothwell,5th,Head,4,11-2,-,True,108,25
Naas Racing Results | 16th April 2024 17:00,N/A,17:00,Soft (Yielding To Soft In Places),2m 119y,Kilbarry Ace (IRE),Mr J L Gleeson,5,C O'Keeffe,4th,3 3/4 l,4,11-2,-,True,108,25
Naas Racing Results | 16th April 2024 17:00,N/A,17:00,Soft (Yielding To Soft In Places),2m 119y,Leloopa (IRE),Mr D O'Connor,0,J Barcoe,3rd,1 1/4 l,4,11-2,-,True,108,25
Naas Racing Results | 16th April 2024 17:00,N/A,17:00,Soft (Yielding To Soft In Places),2m 119y,Crescent Moon (FR),Mr D G Lavery,0,G P Cromwell,2nd,1 1/2 l,4,11-2,-,True,108,25
Naas Racing Results | 16th April 2024 17:00,N/A,17:00,Soft (Yielding To Soft In Places),2m 119y,Blue Mosque (IRE),Mr Finn Tegetmeier,7,N Meade,1st,N/A,4,11-2,-,True,108,25
Naas Racing Results | 16th April 2024 17:00,N/A,17:00,Soft (Yielding To Soft In Places),2m 119y,Strategic Power (IRE),Mr D Doyle,7,A Leahy,8th,32 l,4,11-2,-,True,108,25
Naas Racing Results | 16th April 2024 17:00,N/A,17:00,Soft (Yielding To Soft In Places),2m 119y,Dee's Getaway (IRE),Mr F Maguire,0,J P Dempsey,7th,2 3/4 l,4,11-2,-,True,108,25
Naas Racing Results | 16th April 2024 17:00,N/A,17:00,Soft (Yielding To Soft In Places),2m 119y,Dream On Baby (IRE),Mr R W Barron,5,C Motherway,6th,3 1/4 l,4,11-2,-,True,108,25
Naas Racing Results | 16th April 2024 17:00,N/A,17:00,Soft (Yielding To Soft In Places),2m 119y,Miss Lia (IRE),Mr H C Swan,5,P J Rothwell,5th,Head,4,11-2,-,True,108,25
Naas Racing Results | 16th April 2024 17:00,N/A,17:00,Soft (Yielding To Soft In Places),2m 119y,Kilbarry Ace (IRE),Mr J L Gleeson,5,C O'Keeffe,4th,3 3/4 l,4,11-2,-,True,108,25
Naas Racing Results | 16th April 2024 17:00,N/A,17:00,Soft (Yielding To Soft In Places),2m 119y,Leloopa (IRE),Mr D O'Connor,0,J Barcoe,3rd,1 1/4 l,4,11-2,-,True,108,25
Naas Racing Results | 16th April 2024 17:00,N/A,17:00,Soft (Yielding To Soft In Places),2m 119y,Crescent Moon (FR),Mr D G Lavery,0,G P Cromwell,2nd,1 1/2 l,4,11-2,-,True,108,25
Naas Racing Results | 16th April 2024 17:00,N/A,17:00,Soft (Yielding To Soft In Places),2m 119y,Blue Mosque (IRE),Mr Finn Tegetmeier,7,N Meade,1st,N/A,4,11-2,-,True,108,25
Clonmel Racing Results | 18th April 2024 16:00,N/A,16:00,Soft To Heavy,2m 2f 152y,Boothen Boy (IRE),E Walsh,0,C Collins,PU,N/A,7,11-4,-,True,108,26
Clonmel Racing Results | 18th April 2024 16:00,N/A,16:00,Soft To Heavy,2m 2f 152y,Glenmorefiftyfour (IRE),L Quinlan,5,R Hackett,9th,5 1/2 l,8,10-12t,-,True,108,26
Clonmel Racing Results | 18th April 2024 16:00,N/A,16:00,Soft To Heavy,2m 2f 152y,Little Hero (IRE),B W Harvey,0,Paul Mulligan,8th,2 3/4 l,5,12-0,-,True,108,26
Clonmel Racing Results | 18th April 2024 16:00,N/A,16:00,Soft To Heavy,2m 2f 152y,Cloudy Tuesday (IRE),Mr T O'Connor,7,T O'Connor,7th,Short Head,9,11-8,-,True,108,26
Clonmel Racing Results | 18th April 2024 16:00,N/A,16:00,Soft To Heavy,2m 2f 152y,Action Motion (IRE),D King,0,D Hogan,6th,1/2 l,5,11-4,-,True,108,26
Clonmel Racing Results | 18th April 2024 16:00,N/A,16:00,Soft To Heavy,2m 2f 152y,Intersky Sunset (IRE),Mr J M Fennell,7,D Queally,5th,1 l,7,11-8t,-,True,108,26
Clonmel Racing Results | 18th April 2024 16:00,N/A,16:00,Soft To Heavy,2m 2f 152y,Cerberus,C P McNamara,0,A Leahy,4th,3/4 l,8,11-4p,-,True,108,26
Clonmel Racing Results | 18th April 2024 16:00,N/A,16:00,Soft To Heavy,2m 2f 152y,Dromineer Smurphy (IRE),C P Millar,7,C Collins,3rd,9 l,4,10-10t1,-,True,108,26
Clonmel Racing Results | 18th April 2024 16:00,N/A,16:00,Soft To Heavy,2m 2f 152y,Jupiter Rock (IRE),P K Donovan,5,D Hogan,2nd,5 1/2 l,4,10-6,-,True,108,26
Clonmel Racing Results | 18th April 2024 16:00,N/A,16:00,Soft To Heavy,2m 2f 152y,It Could Be You (IRE),S W Flanagan,0,T Mullins,1st,N/A,10,11-0tb,-,True,108,26
Clonmel Racing Results | 18th April 2024 16:00,N/A,16:00,Soft To Heavy,2m 2f 152y,Boothen Boy (IRE),E Walsh,0,C Collins,PU,N/A,7,11-4,-,True,108,26
Clonmel Racing Results | 18th April 2024 16:00,N/A,16:00,Soft To Heavy,2m 2f 152y,Glenmorefiftyfour (IRE),L Quinlan,5,R Hackett,9th,5 1/2 l,8,10-12t,-,True,108,26
Clonmel Racing Results | 18th April 2024 16:00,N/A,16:00,Soft To Heavy,2m 2f 152y,Little Hero (IRE),B W Harvey,0,Paul Mulligan,8th,2 3/4 l,5,12-0,-,True,108,26
Clonmel Racing Results | 18th April 2024 16:00,N/A,16:00,Soft To Heavy,2m 2f 152y,Cloudy Tuesday (IRE),Mr T O'Connor,7,T O'Connor,7th,Short Head,9,11-8,-,True,108,26
Clonmel Racing Results | 18th April 2024 16:00,N/A,16:00,Soft To Heavy,2m 2f 152y,Action Motion (IRE),D King,0,D Hogan,6th,1/2 l,5,11-4,-,True,108,26
Clonmel Racing Results | 18th April 2024 16:00,N/A,16:00,Soft To Heavy,2m 2f 152y,Intersky Sunset (IRE),Mr J M Fennell,7,D Queally,5th,1 l,7,11-8t,-,True,108,26
Clonmel Racing Results | 18th April 2024 16:00,N/A,16:00,Soft To Heavy,2m 2f 152y,Cerberus,C P McNamara,0,A Leahy,4th,3/4 l,8,11-4p,-,True,108,26
Clonmel Racing Results | 18th April 2024 16:00,N/A,16:00,Soft To Heavy,2m 2f 152y,Dromineer Smurphy (IRE),C P Millar,7,C Collins,3rd,9 l,4,10-10t1,-,True,108,26
Clonmel Racing Results | 18th April 2024 16:00,N/A,16:00,Soft To Heavy,2m 2f 152y,Jupiter Rock (IRE),P K Donovan,5,D Hogan,2nd,5 1/2 l,4,10-6,-,True,108,26
Clonmel Racing Results | 18th April 2024 16:00,N/A,16:00,Soft To Heavy,2m 2f 152y,It Could Be You (IRE),S W Flanagan,0,T Mullins,1st,N/A,10,11-0tb,-,True,108,26
Clonmel Racing Results | 18th April 2024 16:35,N/A,16:35,Soft To Heavy,2m 2f 152y,Brennus Lescribaa (FR),J W Kennedy,0,G Elliott,7th,11 l,5,11-12,-,True,108,27
Clonmel Racing Results | 18th April 2024 16:35,N/A,16:35,Soft To Heavy,2m 2f 152y,Volez Vous (IRE),S F O'Keeffe,0,D Deacon,6th,2 l,5,11-5,-,True,108,27
Clonmel Racing Results | 18th April 2024 16:35,N/A,16:35,Soft To Heavy,2m 2f 152y,Granco Rof (IRE),L A McKenna,5,C Collins,5th,5 1/2 l,6,11-12p1,-,True,108,27
Clonmel Racing Results | 18th April 2024 16:35,N/A,16:35,Soft To Heavy,2m 2f 152y,Andyourbirdcansing (IRE),P K Donovan,5,J P Ryan,4th,1 1/2 l,6,11-5,-,True,108,27
Clonmel Racing Results | 18th April 2024 16:35,N/A,16:35,Soft To Heavy,2m 2f 152y,Splendid Choice (IRE),S D Torrens,0,P J Rothwell,3rd,2 1/4 l,5,11-12,-,True,108,27
Clonmel Racing Results | 18th April 2024 16:35,N/A,16:35,Soft To Heavy,2m 2f 152y,Midweek Voices (IRE),D Meyler,0,E Doyle,2nd,3 3/4 l,5,11-12,-,True,108,27
Clonmel Racing Results | 18th April 2024 16:35,N/A,16:35,Soft To Heavy,2m 2f 152y,Whateys Quest (IRE),P Byrnes,5,C Byrnes,1st,N/A,6,11-12,-,True,108,27
Clonmel Racing Results | 18th April 2024 16:35,N/A,16:35,Soft To Heavy,2m 2f 152y,Brennus Lescribaa (FR),J W Kennedy,0,G Elliott,7th,11 l,5,11-12,-,True,108,27
Clonmel Racing Results | 18th April 2024 16:35,N/A,16:35,Soft To Heavy,2m 2f 152y,Volez Vous (IRE),S F O'Keeffe,0,D Deacon,6th,2 l,5,11-5,-,True,108,27
Clonmel Racing Results | 18th April 2024 16:35,N/A,16:35,Soft To Heavy,2m 2f 152y,Granco Rof (IRE),L A McKenna,5,C Collins,5th,5 1/2 l,6,11-12p1,-,True,108,27
Clonmel Racing Results | 18th April 2024 16:35,N/A,16:35,Soft To Heavy,2m 2f 152y,Andyourbirdcansing (IRE),P K Donovan,5,J P Ryan,4th,1 1/2 l,6,11-5,-,True,108,27
Clonmel Racing Results | 18th April 2024 16:35,N/A,16:35,Soft To Heavy,2m 2f 152y,Splendid Choice (IRE),S D Torrens,0,P J Rothwell,3rd,2 1/4 l,5,11-12,-,True,108,27
Clonmel Racing Results | 18th April 2024 16:35,N/A,16:35,Soft To Heavy,2m 2f 152y,Midweek Voices (IRE),D Meyler,0,E Doyle,2nd,3 3/4 l,5,11-12,-,True,108,27
Clonmel Racing Results | 18th April 2024 16:35,N/A,16:35,Soft To Heavy,2m 2f 152y,Whateys Quest (IRE),P Byrnes,5,C Byrnes,1st,N/A,6,11-12,-,True,108,27
Clonmel Racing Results | 18th April 2024 17:10,N/A,17:10,Soft To Heavy,2m 76y,Harveyshonor (IRE),C Owens,7,R Donohoe,18th,54 l,6,11-4,-,True,108,28
Clonmel Racing Results | 18th April 2024 17:10,N/A,17:10,Soft To Heavy,2m 76y,Bondi Boy Blue (IRE),Maite Sarah Laubies,7,Ms M Mullins,17th,18 l,6,11-4,-,True,108,28
Clonmel Racing Results | 18th April 2024 17:10,N/A,17:10,Soft To Heavy,2m 76y,Princess Felicia (IRE),R P Treacy,0,M J Tynan,16th,1 1/4 l,5,10-11,-,True,108,28
Clonmel Racing Results | 18th April 2024 17:10,N/A,17:10,Soft To Heavy,2m 76y,Strawberry Diamond (IRE),S W Flanagan,0,L Casey,15th,Neck,5,10-11,-,True,108,28
Clonmel Racing Results | 18th April 2024 17:10,N/A,17:10,Soft To Heavy,2m 76y,Lacken Run (IRE),P K Donovan,5,G M Doyle,14th,1/2 l,6,11-4,-,True,108,28
Clonmel Racing Results | 18th April 2024 17:10,N/A,17:10,Soft To Heavy,2m 76y,Red Night Sky (IRE),J P Shinnick,7,L J Archdeacon,13th,2 3/4 l,6,10-11,-,True,108,28
Clonmel Racing Results | 18th April 2024 17:10,N/A,17:10,Soft To Heavy,2m 76y,Deise Bhoy (IRE),C G O'Dwyer,5,K Purcell,12th,7 l,5,11-4,-,True,108,28
Clonmel Racing Results | 18th April 2024 17:10,N/A,17:10,Soft To Heavy,2m 76y,Springboard (IRE),C M Quirke,5,M J McDonagh,11th,4 1/4 l,5,11-4,-,True,108,28
Clonmel Racing Results | 18th April 2024 17:10,N/A,17:10,Soft To Heavy,2m 76y,Jassur Des Brosses (FR),D Meyler,0,Ms M Mullins,10th,2 1/4 l,5,11-4,-,True,108,28
Clonmel Racing Results | 18th April 2024 17:10,N/A,17:10,Soft To Heavy,2m 76y,Darcy's Friend (IRE),J S McGarvey,0,S M Duffy,9th,9 1/2 l,5,11-4,-,True,108,28
Clonmel Racing Results | 18th April 2024 17:10,N/A,17:10,Soft To Heavy,2m 76y,A Okay (IRE),Mr J P Berry,7,J A Berry,8th,5 l,5,11-4,-,True,108,28
Clonmel Racing Results | 18th April 2024 17:10,N/A,17:10,Soft To Heavy,2m 76y,Glasgow Dan (IRE),A McCurtin,0,P Kiely,7th,1/2 l,5,11-4,-,True,108,28
Clonmel Racing Results | 18th April 2024 17:10,N/A,17:10,Soft To Heavy,2m 76y,Walmix (FR),Conor Clarke,7,A Mullins,6th,1/2 l,6,11-12h,-,True,108,28
Clonmel Racing Results | 18th April 2024 17:10,N/A,17:10,Soft To Heavy,2m 76y,Slip Jig (IRE),P T Enright,0,C Motherway,5th,8 l,6,10-11,-,True,108,28
Clonmel Racing Results | 18th April 2024 17:10,N/A,17:10,Soft To Heavy,2m 76y,Lynchy Boy (IRE),Niall Moore,7,P Fenton,4th,2 1/2 l,5,11-4,-,True,108,28
Clonmel Racing Results | 18th April 2024 17:10,N/A,17:10,Soft To Heavy,2m 76y,Zulu Mike (IRE),J J Slevin,0,P J Rothwell,3rd,4 1/2 l,5,11-4,-,True,108,28
Clonmel Racing Results | 18th April 2024 17:10,N/A,17:10,Soft To Heavy,2m 76y,Maroto (IRE),P Townend,0,W P Mullins,2nd,3/4 l,7,11-4t1,-,True,108,28
Clonmel Racing Results | 18th April 2024 17:10,N/A,17:10,Soft To Heavy,2m 76y,Lady Bresil (IRE),Rachael Blackmore,0,H De Bromhead,1st,N/A,6,10-11,-,True,108,28
Clonmel Racing Results | 18th April 2024 17:10,N/A,17:10,Soft To Heavy,2m 76y,Harveyshonor (IRE),C Owens,7,R Donohoe,18th,54 l,6,11-4,-,True,108,28
Clonmel Racing Results | 18th April 2024 17:10,N/A,17:10,Soft To Heavy,2m 76y,Bondi Boy Blue (IRE),Maite Sarah Laubies,7,Ms M Mullins,17th,18 l,6,11-4,-,True,108,28
Clonmel Racing Results | 18th April 2024 17:10,N/A,17:10,Soft To Heavy,2m 76y,Princess Felicia (IRE),R P Treacy,0,M J Tynan,16th,1 1/4 l,5,10-11,-,True,108,28
Clonmel Racing Results | 18th April 2024 17:10,N/A,17:10,Soft To Heavy,2m 76y,Strawberry Diamond (IRE),S W Flanagan,0,L Casey,15th,Neck,5,10-11,-,True,108,28
Clonmel Racing Results | 18th April 2024 17:10,N/A,17:10,Soft To Heavy,2m 76y,Lacken Run (IRE),P K Donovan,5,G M Doyle,14th,1/2 l,6,11-4,-,True,108,28
Clonmel Racing Results | 18th April 2024 17:10,N/A,17:10,Soft To Heavy,2m 76y,Red Night Sky (IRE),J P Shinnick,7,L J Archdeacon,13th,2 3/4 l,6,10-11,-,True,108,28
Clonmel Racing Results | 18th April 2024 17:10,N/A,17:10,Soft To Heavy,2m 76y,Deise Bhoy (IRE),C G O'Dwyer,5,K Purcell,12th,7 l,5,11-4,-,True,108,28
Clonmel Racing Results | 18th April 2024 17:10,N/A,17:10,Soft To Heavy,2m 76y,Springboard (IRE),C M Quirke,5,M J McDonagh,11th,4 1/4 l,5,11-4,-,True,108,28
Clonmel Racing Results | 18th April 2024 17:10,N/A,17:10,Soft To Heavy,2m 76y,Jassur Des Brosses (FR),D Meyler,0,Ms M Mullins,10th,2 1/4 l,5,11-4,-,True,108,28
Clonmel Racing Results | 18th April 2024 17:10,N/A,17:10,Soft To Heavy,2m 76y,Darcy's Friend (IRE),J S McGarvey,0,S M Duffy,9th,9 1/2 l,5,11-4,-,True,108,28
Clonmel Racing Results | 18th April 2024 17:10,N/A,17:10,Soft To Heavy,2m 76y,A Okay (IRE),Mr J P Berry,7,J A Berry,8th,5 l,5,11-4,-,True,108,28
Clonmel Racing Results | 18th April 2024 17:10,N/A,17:10,Soft To Heavy,2m 76y,Glasgow Dan (IRE),A McCurtin,0,P Kiely,7th,1/2 l,5,11-4,-,True,108,28
Clonmel Racing Results | 18th April 2024 17:10,N/A,17:10,Soft To Heavy,2m 76y,Walmix (FR),Conor Clarke,7,A Mullins,6th,1/2 l,6,11-12h,-,True,108,28
Clonmel Racing Results | 18th April 2024 17:10,N/A,17:10,Soft To Heavy,2m 76y,Slip Jig (IRE),P T Enright,0,C Motherway,5th,8 l,6,10-11,-,True,108,28
Clonmel Racing Results | 18th April 2024 17:10,N/A,17:10,Soft To Heavy,2m 76y,Lynchy Boy (IRE),Niall Moore,7,P Fenton,4th,2 1/2 l,5,11-4,-,True,108,28
Clonmel Racing Results | 18th April 2024 17:10,N/A,17:10,Soft To Heavy,2m 76y,Zulu Mike (IRE),J J Slevin,0,P J Rothwell,3rd,4 1/2 l,5,11-4,-,True,108,28
Clonmel Racing Results | 18th April 2024 17:10,N/A,17:10,Soft To Heavy,2m 76y,Maroto (IRE),P Townend,0,W P Mullins,2nd,3/4 l,7,11-4t1,-,True,108,28
Clonmel Racing Results | 18th April 2024 17:10,N/A,17:10,Soft To Heavy,2m 76y,Lady Bresil (IRE),Rachael Blackmore,0,H De Bromhead,1st,N/A,6,10-11,-,True,108,28
Clonmel Racing Results | 18th April 2024 17:45,N/A,17:45,Soft To Heavy,2m 76y,Bellachamps (IRE),J P Shinnick,7,D Ahern,10th,5 l,6,11-4,85,True,108,29
Clonmel Racing Results | 18th April 2024 17:45,N/A,17:45,Soft To Heavy,2m 76y,Robindevidastar (IRE),S D Torrens,0,P J Rothwell,9th,11 l,9,11-4b,85,True,108,29
Clonmel Racing Results | 18th April 2024 17:45,N/A,17:45,Soft To Heavy,2m 76y,Jeje Plessis (FR),Niall Moore,7,P Fenton,8th,13 l,5,11-5t1,86,True,108,29
Clonmel Racing Results | 18th April 2024 17:45,N/A,17:45,Soft To Heavy,2m 76y,C'est Rien (IRE),P Townend,0,T Mullins,7th,1 3/4 l,7,11-4t,85,True,108,29
Clonmel Racing Results | 18th April 2024 17:45,N/A,17:45,Soft To Heavy,2m 76y,Shean Glory (IRE),Mr S Tobin,7,S Aherne,6th,4 1/2 l,8,10-13,80,True,108,29
Clonmel Racing Results | 18th April 2024 17:45,N/A,17:45,Soft To Heavy,2m 76y,Grand Rouge (IRE),C M Quirke,5,J Barcoe,5th,1 1/2 l,8,11-4,85,True,108,29
Clonmel Racing Results | 18th April 2024 17:45,N/A,17:45,Soft To Heavy,2m 76y,Falcon Park (IRE),N T Prendergast,7,P Hennessy,4th,2 1/4 l,8,10-13,80,True,108,29
Clonmel Racing Results | 18th April 2024 17:45,N/A,17:45,Soft To Heavy,2m 76y,Go Gill Go (IRE),J W Kennedy,0,J Grace,3rd,1/2 l,9,11-6t,87,True,108,29
Clonmel Racing Results | 18th April 2024 17:45,N/A,17:45,Soft To Heavy,2m 76y,The Niffler (IRE),A McCurtin,0,E O'Connell,2nd,3/4 l,7,12-5ht,100,True,108,29
Clonmel Racing Results | 18th April 2024 17:45,N/A,17:45,Soft To Heavy,2m 76y,Tingarran Express (IRE),B Hayes,0,Miss D O'Shea,1st,N/A,7,11-1,82,True,108,29
Clonmel Racing Results | 18th April 2024 17:45,N/A,17:45,Soft To Heavy,2m 76y,Bellachamps (IRE),J P Shinnick,7,D Ahern,10th,5 l,6,11-4,85,True,108,29
Clonmel Racing Results | 18th April 2024 17:45,N/A,17:45,Soft To Heavy,2m 76y,Robindevidastar (IRE),S D Torrens,0,P J Rothwell,9th,11 l,9,11-4b,85,True,108,29
Clonmel Racing Results | 18th April 2024 17:45,N/A,17:45,Soft To Heavy,2m 76y,Jeje Plessis (FR),Niall Moore,7,P Fenton,8th,13 l,5,11-5t1,86,True,108,29
Clonmel Racing Results | 18th April 2024 17:45,N/A,17:45,Soft To Heavy,2m 76y,C'est Rien (IRE),P Townend,0,T Mullins,7th,1 3/4 l,7,11-4t,85,True,108,29
Clonmel Racing Results | 18th April 2024 17:45,N/A,17:45,Soft To Heavy,2m 76y,Shean Glory (IRE),Mr S Tobin,7,S Aherne,6th,4 1/2 l,8,10-13,80,True,108,29
Clonmel Racing Results | 18th April 2024 17:45,N/A,17:45,Soft To Heavy,2m 76y,Grand Rouge (IRE),C M Quirke,5,J Barcoe,5th,1 1/2 l,8,11-4,85,True,108,29
Clonmel Racing Results | 18th April 2024 17:45,N/A,17:45,Soft To Heavy,2m 76y,Falcon Park (IRE),N T Prendergast,7,P Hennessy,4th,2 1/4 l,8,10-13,80,True,108,29
Clonmel Racing Results | 18th April 2024 17:45,N/A,17:45,Soft To Heavy,2m 76y,Go Gill Go (IRE),J W Kennedy,0,J Grace,3rd,1/2 l,9,11-6t,87,True,108,29
Clonmel Racing Results | 18th April 2024 17:45,N/A,17:45,Soft To Heavy,2m 76y,The Niffler (IRE),A McCurtin,0,E O'Connell,2nd,3/4 l,7,12-5ht,100,True,108,29
Clonmel Racing Results | 18th April 2024 17:45,N/A,17:45,Soft To Heavy,2m 76y,Tingarran Express (IRE),B Hayes,0,Miss D O'Shea,1st,N/A,7,11-1,82,True,108,29
Clonmel Racing Results | 18th April 2024 18:15,N/A,18:15,Soft To Heavy,2m 4f,Street Value (IRE),J J Slevin,0,J P Flavin,5th,1/2 l,9,11-2t,-,True,108,30
Clonmel Racing Results | 18th April 2024 18:15,N/A,18:15,Soft To Heavy,2m 4f,Some Joy (IRE),P T Enright,0,J P O'Keeffe,4th,23 l,6,10-9,-,True,108,30
Clonmel Racing Results | 18th April 2024 18:15,N/A,18:15,Soft To Heavy,2m 4f,Hollow Games (IRE),J W Kennedy,0,G Elliott,3rd,Head,8,11-8tb,-,True,108,30
Clonmel Racing Results | 18th April 2024 18:15,N/A,18:15,Soft To Heavy,2m 4f,Gaelic Arc (IRE),D King,0,J P Ryan,2nd,6 1/2 l,8,11-2,-,True,108,30
Clonmel Racing Results | 18th April 2024 18:15,N/A,18:15,Soft To Heavy,2m 4f,Horantzau D'airy (FR),P Townend,0,W P Mullins,1st,N/A,7,11-8t,-,True,108,30
Clonmel Racing Results | 18th April 2024 18:15,N/A,18:15,Soft To Heavy,2m 4f,Street Value (IRE),J J Slevin,0,J P Flavin,5th,1/2 l,9,11-2t,-,True,108,30
Clonmel Racing Results | 18th April 2024 18:15,N/A,18:15,Soft To Heavy,2m 4f,Some Joy (IRE),P T Enright,0,J P O'Keeffe,4th,23 l,6,10-9,-,True,108,30
Clonmel Racing Results | 18th April 2024 18:15,N/A,18:15,Soft To Heavy,2m 4f,Hollow Games (IRE),J W Kennedy,0,G Elliott,3rd,Head,8,11-8tb,-,True,108,30
Clonmel Racing Results | 18th April 2024 18:15,N/A,18:15,Soft To Heavy,2m 4f,Gaelic Arc (IRE),D King,0,J P Ryan,2nd,6 1/2 l,8,11-2,-,True,108,30
Clonmel Racing Results | 18th April 2024 18:15,N/A,18:15,Soft To Heavy,2m 4f,Horantzau D'airy (FR),P Townend,0,W P Mullins,1st,N/A,7,11-8t,-,True,108,30
Clonmel Racing Results | 18th April 2024 18:45,N/A,18:45,Soft To Heavy,2m 7f,Bella Bliss (IRE),B Hayes,0,J C McConnell,NR,N/A,7,12-0t,113,True,108,31
Clonmel Racing Results | 18th April 2024 18:45,N/A,18:45,Soft To Heavy,2m 7f,Rule Of June (IRE),P T Enright,0,L Casey,PU,N/A,10,10-2,87,True,108,31
Clonmel Racing Results | 18th April 2024 18:45,N/A,18:45,Soft To Heavy,2m 7f,Kilashee (IRE),D King,0,J P Ryan,5th,22 l,9,10-0,85,True,108,31
Clonmel Racing Results | 18th April 2024 18:45,N/A,18:45,Soft To Heavy,2m 7f,Lilian Bland (IRE),R Deegan,0,N P Hennessy,4th,37 l,8,11-0h,99,True,108,31
Clonmel Racing Results | 18th April 2024 18:45,N/A,18:45,Soft To Heavy,2m 7f,Barbaha Queen (IRE),C M Quirke,5,J P Ryan,3rd,9 l,8,10-0,85,True,108,31
Clonmel Racing Results | 18th April 2024 18:45,N/A,18:45,Soft To Heavy,2m 7f,Seangoell (IRE),J J Slevin,0,N Lee,2nd,4 l,10,10-0tb,85,True,108,31
Clonmel Racing Results | 18th April 2024 18:45,N/A,18:45,Soft To Heavy,2m 7f,Eddies Pride (IRE),G B Noonan,5,N Lee,1st,N/A,10,10-0ht,85,True,108,31
Clonmel Racing Results | 18th April 2024 18:45,N/A,18:45,Soft To Heavy,2m 7f,Bella Bliss (IRE),B Hayes,0,J C McConnell,NR,N/A,7,12-0t,113,True,108,31
Clonmel Racing Results | 18th April 2024 18:45,N/A,18:45,Soft To Heavy,2m 7f,Rule Of June (IRE),P T Enright,0,L Casey,PU,N/A,10,10-2,87,True,108,31
Clonmel Racing Results | 18th April 2024 18:45,N/A,18:45,Soft To Heavy,2m 7f,Kilashee (IRE),D King,0,J P Ryan,5th,22 l,9,10-0,85,True,108,31
Clonmel Racing Results | 18th April 2024 18:45,N/A,18:45,Soft To Heavy,2m 7f,Lilian Bland (IRE),R Deegan,0,N P Hennessy,4th,37 l,8,11-0h,99,True,108,31
Clonmel Racing Results | 18th April 2024 18:45,N/A,18:45,Soft To Heavy,2m 7f,Barbaha Queen (IRE),C M Quirke,5,J P Ryan,3rd,9 l,8,10-0,85,True,108,31
Clonmel Racing Results | 18th April 2024 18:45,N/A,18:45,Soft To Heavy,2m 7f,Seangoell (IRE),J J Slevin,0,N Lee,2nd,4 l,10,10-0tb,85,True,108,31
Clonmel Racing Results | 18th April 2024 18:45,N/A,18:45,Soft To Heavy,2m 7f,Eddies Pride (IRE),G B Noonan,5,N Lee,1st,N/A,10,10-0ht,85,True,108,31
Clonmel Racing Results | 18th April 2024 19:15,N/A,19:15,Soft To Heavy,2m 2f 152y,Black Heather (IRE),Mr J L Gleeson,5,D H Kelly,8th,26 l,5,12-0,-,True,108,32
Clonmel Racing Results | 18th April 2024 19:15,N/A,19:15,Soft To Heavy,2m 2f 152y,Major Barry (IRE),Mr D Kiely,7,John E & Kiely,7th,13 l,6,12-0,-,True,108,32
Clonmel Racing Results | 18th April 2024 19:15,N/A,19:15,Soft To Heavy,2m 2f 152y,Inn At The Park (IRE),Mr P W Mullins,0,W P Mullins,6th,1/2 l,6,12-0,-,True,108,32
Clonmel Racing Results | 18th April 2024 19:15,N/A,19:15,Soft To Heavy,2m 2f 152y,Getamotive (IRE),Mr F Maguire,0,T J Nagle-Jr,5th,1 1/2 l,6,12-0,-,True,108,32
Clonmel Racing Results | 18th April 2024 19:15,N/A,19:15,Soft To Heavy,2m 2f 152y,Remember'hesmine (IRE),Mr A P Fahey,7,P G Fahey,4th,6 1/2 l,5,12-0,-,True,108,32
Clonmel Racing Results | 18th April 2024 19:15,N/A,19:15,Soft To Heavy,2m 2f 152y,His Nibs (IRE),Mr A Jones,7,G P Cromwell,3rd,3/4 l,5,12-0,-,True,108,32
Clonmel Racing Results | 18th April 2024 19:15,N/A,19:15,Soft To Heavy,2m 2f 152y,Champagne Kid (IRE),Mr A Harvey,7,P E Collins,2nd,7 l,5,12-0,-,True,108,32
Clonmel Racing Results | 18th April 2024 19:15,N/A,19:15,Soft To Heavy,2m 2f 152y,Bleu De Vassy (FR),Mr H C Swan,5,G Elliott,1st,N/A,5,12-0,-,True,108,32
Clonmel Racing Results | 18th April 2024 19:15,N/A,19:15,Soft To Heavy,2m 2f 152y,Black Heather (IRE),Mr J L Gleeson,5,D H Kelly,8th,26 l,5,12-0,-,True,108,32
Clonmel Racing Results | 18th April 2024 19:15,N/A,19:15,Soft To Heavy,2m 2f 152y,Major Barry (IRE),Mr D Kiely,7,John E & Kiely,7th,13 l,6,12-0,-,True,108,32
Clonmel Racing Results | 18th April 2024 19:15,N/A,19:15,Soft To Heavy,2m 2f 152y,Inn At The Park (IRE),Mr P W Mullins,0,W P Mullins,6th,1/2 l,6,12-0,-,True,108,32
Clonmel Racing Results | 18th April 2024 19:15,N/A,19:15,Soft To Heavy,2m 2f 152y,Getamotive (IRE),Mr F Maguire,0,T J Nagle-Jr,5th,1 1/2 l,6,12-0,-,True,108,32
Clonmel Racing Results | 18th April 2024 19:15,N/A,19:15,Soft To Heavy,2m 2f 152y,Remember'hesmine (IRE),Mr A P Fahey,7,P G Fahey,4th,6 1/2 l,5,12-0,-,True,108,32
Clonmel Racing Results | 18th April 2024 19:15,N/A,19:15,Soft To Heavy,2m 2f 152y,His Nibs (IRE),Mr A Jones,7,G P Cromwell,3rd,3/4 l,5,12-0,-,True,108,32
Clonmel Racing Results | 18th April 2024 19:15,N/A,19:15,Soft To Heavy,2m 2f 152y,Champagne Kid (IRE),Mr A Harvey,7,P E Collins,2nd,7 l,5,12-0,-,True,108,32
Clonmel Racing Results | 18th April 2024 19:15,N/A,19:15,Soft To Heavy,2m 2f 152y,Bleu De Vassy (FR),Mr H C Swan,5,G Elliott,1st,N/A,5,12-0,-,True,108,32
Limerick Racing Results | 19th April 2024 16:45,N/A,16:45,Soft To Heavy (Heavy In Places),2m 190y,Dylan's Chance (IRE),T Joseph Kelly,7,E McCarthy,16th,2 1/2 l,4,11-7,-,True,108,33
Limerick Racing Results | 19th April 2024 16:45,N/A,16:45,Soft To Heavy (Heavy In Places),2m 190y,Let Him B (IRE),Mr A D Bustin,7,C Byrnes,15th,33 l,4,11-7,-,True,108,33
Limerick Racing Results | 19th April 2024 16:45,N/A,16:45,Soft To Heavy (Heavy In Places),2m 190y,Tannery Park,M J M O'Sullivan,0,B Connell,14th,1/2 l,4,11-7,-,True,108,33
Limerick Racing Results | 19th April 2024 16:45,N/A,16:45,Soft To Heavy (Heavy In Places),2m 190y,Thegreenthirteen (IRE),Sam Ewing,0,M A Daly,13th,1 3/4 l,4,11-7,-,True,108,33
Limerick Racing Results | 19th April 2024 16:45,N/A,16:45,Soft To Heavy (Heavy In Places),2m 190y,Duchamps Art (IRE),D E Mullins,0,Ms M Mullins,12th,2 1/4 l,4,11-0,-,True,108,33
Limerick Racing Results | 19th April 2024 16:45,N/A,16:45,Soft To Heavy (Heavy In Places),2m 190y,Warrior Lion,S F O'Keeffe,0,M McCabe,11th,6 l,4,11-7t,-,True,108,33
Limerick Racing Results | 19th April 2024 16:45,N/A,16:45,Soft To Heavy (Heavy In Places),2m 190y,Tic Tac Toe (IRE),L Quinlan,5,R Hackett,10th,1/2 l,4,11-7,-,True,108,33
Limerick Racing Results | 19th April 2024 16:45,N/A,16:45,Soft To Heavy (Heavy In Places),2m 190y,The Blaggard (IRE),G B Noonan,5,E McCarthy,9th,1 1/2 l,4,11-7,-,True,108,33
Limerick Racing Results | 19th April 2024 16:45,N/A,16:45,Soft To Heavy (Heavy In Places),2m 190y,Star Contact (IRE),P T Enright,0,S Curling,8th,3 3/4 l,4,11-0,-,True,108,33
Limerick Racing Results | 19th April 2024 16:45,N/A,16:45,Soft To Heavy (Heavy In Places),2m 190y,Kellys Grove (IRE),R J Condon,5,M Butler,7th,18 l,4,11-7,-,True,108,33
Limerick Racing Results | 19th April 2024 16:45,N/A,16:45,Soft To Heavy (Heavy In Places),2m 190y,Uhavemeinstitches (IRE),M P Walsh,0,J Motherway,6th,4 l,4,11-0,-,True,108,33
Limerick Racing Results | 19th April 2024 16:45,N/A,16:45,Soft To Heavy (Heavy In Places),2m 190y,Lope De Light,O R Brown,5,W Durkan,5th,3 1/2 l,4,11-7h,-,True,108,33
Limerick Racing Results | 19th April 2024 16:45,N/A,16:45,Soft To Heavy (Heavy In Places),2m 190y,Love Me (FR),D J O'Keeffe,0,H De Bromhead,4th,12 l,4,11-0,-,True,108,33
Limerick Racing Results | 19th April 2024 16:45,N/A,16:45,Soft To Heavy (Heavy In Places),2m 190y,Mordor (FR),J W Kennedy,0,G Elliott,3rd,5 l,4,11-7,-,True,108,33
Limerick Racing Results | 19th April 2024 16:45,N/A,16:45,Soft To Heavy (Heavy In Places),2m 190y,Palamon (IRE),S W Flanagan,0,P Nolan,2nd,5 l,4,11-7t1,-,True,108,33
Limerick Racing Results | 19th April 2024 16:45,N/A,16:45,Soft To Heavy (Heavy In Places),2m 190y,Rocky's Diamond (IRE),S Fitzgerald,0,D Queally,1st,N/A,4,11-7,-,True,108,33
Limerick Racing Results | 19th April 2024 16:45,N/A,16:45,Soft To Heavy (Heavy In Places),2m 190y,Dylan's Chance (IRE),T Joseph Kelly,7,E McCarthy,16th,2 1/2 l,4,11-7,-,True,108,33
Limerick Racing Results | 19th April 2024 16:45,N/A,16:45,Soft To Heavy (Heavy In Places),2m 190y,Let Him B (IRE),Mr A D Bustin,7,C Byrnes,15th,33 l,4,11-7,-,True,108,33
Limerick Racing Results | 19th April 2024 16:45,N/A,16:45,Soft To Heavy (Heavy In Places),2m 190y,Tannery Park,M J M O'Sullivan,0,B Connell,14th,1/2 l,4,11-7,-,True,108,33
Limerick Racing Results | 19th April 2024 16:45,N/A,16:45,Soft To Heavy (Heavy In Places),2m 190y,Thegreenthirteen (IRE),Sam Ewing,0,M A Daly,13th,1 3/4 l,4,11-7,-,True,108,33
Limerick Racing Results | 19th April 2024 16:45,N/A,16:45,Soft To Heavy (Heavy In Places),2m 190y,Duchamps Art (IRE),D E Mullins,0,Ms M Mullins,12th,2 1/4 l,4,11-0,-,True,108,33
Limerick Racing Results | 19th April 2024 16:45,N/A,16:45,Soft To Heavy (Heavy In Places),2m 190y,Warrior Lion,S F O'Keeffe,0,M McCabe,11th,6 l,4,11-7t,-,True,108,33
Limerick Racing Results | 19th April 2024 16:45,N/A,16:45,Soft To Heavy (Heavy In Places),2m 190y,Tic Tac Toe (IRE),L Quinlan,5,R Hackett,10th,1/2 l,4,11-7,-,True,108,33
Limerick Racing Results | 19th April 2024 16:45,N/A,16:45,Soft To Heavy (Heavy In Places),2m 190y,The Blaggard (IRE),G B Noonan,5,E McCarthy,9th,1 1/2 l,4,11-7,-,True,108,33
Limerick Racing Results | 19th April 2024 16:45,N/A,16:45,Soft To Heavy (Heavy In Places),2m 190y,Star Contact (IRE),P T Enright,0,S Curling,8th,3 3/4 l,4,11-0,-,True,108,33
Limerick Racing Results | 19th April 2024 16:45,N/A,16:45,Soft To Heavy (Heavy In Places),2m 190y,Kellys Grove (IRE),R J Condon,5,M Butler,7th,18 l,4,11-7,-,True,108,33
Limerick Racing Results | 19th April 2024 16:45,N/A,16:45,Soft To Heavy (Heavy In Places),2m 190y,Uhavemeinstitches (IRE),M P Walsh,0,J Motherway,6th,4 l,4,11-0,-,True,108,33
Limerick Racing Results | 19th April 2024 16:45,N/A,16:45,Soft To Heavy (Heavy In Places),2m 190y,Lope De Light,O R Brown,5,W Durkan,5th,3 1/2 l,4,11-7h,-,True,108,33
Limerick Racing Results | 19th April 2024 16:45,N/A,16:45,Soft To Heavy (Heavy In Places),2m 190y,Love Me (FR),D J O'Keeffe,0,H De Bromhead,4th,12 l,4,11-0,-,True,108,33
Limerick Racing Results | 19th April 2024 16:45,N/A,16:45,Soft To Heavy (Heavy In Places),2m 190y,Mordor (FR),J W Kennedy,0,G Elliott,3rd,5 l,4,11-7,-,True,108,33
Limerick Racing Results | 19th April 2024 16:45,N/A,16:45,Soft To Heavy (Heavy In Places),2m 190y,Palamon (IRE),S W Flanagan,0,P Nolan,2nd,5 l,4,11-7t1,-,True,108,33
Limerick Racing Results | 19th April 2024 16:45,N/A,16:45,Soft To Heavy (Heavy In Places),2m 190y,Rocky's Diamond (IRE),S Fitzgerald,0,D Queally,1st,N/A,4,11-7,-,True,108,33
Limerick Racing Results | 19th April 2024 17:20,N/A,17:20,Soft To Heavy (Heavy In Places),2m 190y,Grivei (FR),R A Doyle,0,E Griffin,PU,N/A,7,11-9t,97,True,108,34
Limerick Racing Results | 19th April 2024 17:20,N/A,17:20,Soft To Heavy (Heavy In Places),2m 190y,Drop The Harrow (IRE),S F O'Keeffe,0,M McCabe,PU,N/A,8,10-6,80,True,108,34
Limerick Racing Results | 19th April 2024 17:20,N/A,17:20,Soft To Heavy (Heavy In Places),2m 190y,Irish Impulse (IRE),P T Enright,0,R Tyner,11th,3 3/4 l,6,11-0h,88,True,108,34
Limerick Racing Results | 19th April 2024 17:20,N/A,17:20,Soft To Heavy (Heavy In Places),2m 190y,Noble Crusade (USA),K E Buckley,0,J C McConnell,10th,2 1/2 l,6,11-2,90,True,108,34
Limerick Racing Results | 19th April 2024 17:20,N/A,17:20,Soft To Heavy (Heavy In Places),2m 190y,Hypersonic Missile (IRE),S W Flanagan,0,G P Cromwell,9th,8 1/2 l,5,11-12,100,True,108,34
Limerick Racing Results | 19th April 2024 17:20,N/A,17:20,Soft To Heavy (Heavy In Places),2m 190y,Agent Tequila (IRE),M J M O'Sullivan,0,J C McConnell,8th,2 3/4 l,6,11-7,95,True,108,34
Limerick Racing Results | 19th April 2024 17:20,N/A,17:20,Soft To Heavy (Heavy In Places),2m 190y,Sainte Baol (FR),J W Kennedy,0,G Elliott,7th,1 1/2 l,6,12-0,102,True,108,34
Limerick Racing Results | 19th April 2024 17:20,N/A,17:20,Soft To Heavy (Heavy In Places),2m 190y,Brilliant Question (IRE),R P Geoghegan,7,K A Heffernan,6th,7 1/2 l,7,11-0t,88,True,108,34
Limerick Racing Results | 19th April 2024 17:20,N/A,17:20,Soft To Heavy (Heavy In Places),2m 190y,Jay Pee M (IRE),Sam Ewing,0,D W O'Sullivan,5th,Neck,5,11-10,98,True,108,34
Limerick Racing Results | 19th April 2024 17:20,N/A,17:20,Soft To Heavy (Heavy In Places),2m 190y,Bigira (FR),D Butler,7,M Fahey,4th,2 1/4 l,5,11-1,89,True,108,34
Limerick Racing Results | 19th April 2024 17:20,N/A,17:20,Soft To Heavy (Heavy In Places),2m 190y,Snow Punt (IRE),D J O'Keeffe,0,Brendan Walsh,3rd,3 l,7,11-3,91,True,108,34
Limerick Racing Results | 19th April 2024 17:20,N/A,17:20,Soft To Heavy (Heavy In Places),2m 190y,Aboy Joey (IRE),G B Noonan,5,E McCarthy,2nd,3/4 l,5,11-8,96,True,108,34
Limerick Racing Results | 19th April 2024 17:20,N/A,17:20,Soft To Heavy (Heavy In Places),2m 190y,Ernie From Nurney (IRE),P T Smithers,7,P Roche,1st,N/A,7,11-11t,99,True,108,34
Limerick Racing Results | 19th April 2024 17:20,N/A,17:20,Soft To Heavy (Heavy In Places),2m 190y,Grivei (FR),R A Doyle,0,E Griffin,PU,N/A,7,11-9t,97,True,108,34
Limerick Racing Results | 19th April 2024 17:20,N/A,17:20,Soft To Heavy (Heavy In Places),2m 190y,Drop The Harrow (IRE),S F O'Keeffe,0,M McCabe,PU,N/A,8,10-6,80,True,108,34
Limerick Racing Results | 19th April 2024 17:20,N/A,17:20,Soft To Heavy (Heavy In Places),2m 190y,Irish Impulse (IRE),P T Enright,0,R Tyner,11th,3 3/4 l,6,11-0h,88,True,108,34
Limerick Racing Results | 19th April 2024 17:20,N/A,17:20,Soft To Heavy (Heavy In Places),2m 190y,Noble Crusade (USA),K E Buckley,0,J C McConnell,10th,2 1/2 l,6,11-2,90,True,108,34
Limerick Racing Results | 19th April 2024 17:20,N/A,17:20,Soft To Heavy (Heavy In Places),2m 190y,Hypersonic Missile (IRE),S W Flanagan,0,G P Cromwell,9th,8 1/2 l,5,11-12,100,True,108,34
Limerick Racing Results | 19th April 2024 17:20,N/A,17:20,Soft To Heavy (Heavy In Places),2m 190y,Agent Tequila (IRE),M J M O'Sullivan,0,J C McConnell,8th,2 3/4 l,6,11-7,95,True,108,34
Limerick Racing Results | 19th April 2024 17:20,N/A,17:20,Soft To Heavy (Heavy In Places),2m 190y,Sainte Baol (FR),J W Kennedy,0,G Elliott,7th,1 1/2 l,6,12-0,102,True,108,34
Limerick Racing Results | 19th April 2024 17:20,N/A,17:20,Soft To Heavy (Heavy In Places),2m 190y,Brilliant Question (IRE),R P Geoghegan,7,K A Heffernan,6th,7 1/2 l,7,11-0t,88,True,108,34
Limerick Racing Results | 19th April 2024 17:20,N/A,17:20,Soft To Heavy (Heavy In Places),2m 190y,Jay Pee M (IRE),Sam Ewing,0,D W O'Sullivan,5th,Neck,5,11-10,98,True,108,34
Limerick Racing Results | 19th April 2024 17:20,N/A,17:20,Soft To Heavy (Heavy In Places),2m 190y,Bigira (FR),D Butler,7,M Fahey,4th,2 1/4 l,5,11-1,89,True,108,34
Limerick Racing Results | 19th April 2024 17:20,N/A,17:20,Soft To Heavy (Heavy In Places),2m 190y,Snow Punt (IRE),D J O'Keeffe,0,Brendan Walsh,3rd,3 l,7,11-3,91,True,108,34
Limerick Racing Results | 19th April 2024 17:20,N/A,17:20,Soft To Heavy (Heavy In Places),2m 190y,Aboy Joey (IRE),G B Noonan,5,E McCarthy,2nd,3/4 l,5,11-8,96,True,108,34
Limerick Racing Results | 19th April 2024 17:20,N/A,17:20,Soft To Heavy (Heavy In Places),2m 190y,Ernie From Nurney (IRE),P T Smithers,7,P Roche,1st,N/A,7,11-11t,99,True,108,34
Limerick Racing Results | 19th April 2024 17:50,N/A,17:50,Soft To Heavy (Heavy In Places),3m,Manatee Du Brizais (FR),S Fitzgerald,0,D Queally,UR,N/A,5,11-12t,-,True,108,35
Limerick Racing Results | 19th April 2024 17:50,N/A,17:50,Soft To Heavy (Heavy In Places),3m,Stellar Jury,S F O'Keeffe,0,V C Ward,UR,N/A,5,11-5p,-,True,108,35
Limerick Racing Results | 19th April 2024 17:50,N/A,17:50,Soft To Heavy (Heavy In Places),3m,Le Goom (FR),R A Doyle,0,E Griffin,PU,N/A,7,11-12,-,True,108,35
Limerick Racing Results | 19th April 2024 17:50,N/A,17:50,Soft To Heavy (Heavy In Places),3m,Larkins Lane (IRE),A P Heskin,0,R O'Leary,PU,N/A,5,11-5,-,True,108,35
Limerick Racing Results | 19th April 2024 17:50,N/A,17:50,Soft To Heavy (Heavy In Places),3m,Kinturk Jack (IRE),K E Buckley,0,T Gibney,6th,Neck,7,11-12,-,True,108,35
Limerick Racing Results | 19th April 2024 17:50,N/A,17:50,Soft To Heavy (Heavy In Places),3m,Agree To Disagree (IRE),A P Kelly,5,P Roche,5th,29 l,6,11-12t1,-,True,108,35
Limerick Racing Results | 19th April 2024 17:50,N/A,17:50,Soft To Heavy (Heavy In Places),3m,Lough Owel (IRE),J W Kennedy,0,G Elliott,4th,Neck,6,11-12,-,True,108,35
Limerick Racing Results | 19th April 2024 17:50,N/A,17:50,Soft To Heavy (Heavy In Places),3m,Rokathir (FR),D J O'Keeffe,0,H De Bromhead,3rd,23 l,5,11-12,-,True,108,35
Limerick Racing Results | 19th April 2024 17:50,N/A,17:50,Soft To Heavy (Heavy In Places),3m,Driscolls Hill (IRE),O R Brown,5,T Gibney,2nd,1/2 l,5,11-12,-,True,108,35
Limerick Racing Results | 19th April 2024 17:50,N/A,17:50,Soft To Heavy (Heavy In Places),3m,Dancingondaceiling (IRE),S W Flanagan,0,A Ott,1st,N/A,5,11-12,-,True,108,35
Limerick Racing Results | 19th April 2024 17:50,N/A,17:50,Soft To Heavy (Heavy In Places),3m,Manatee Du Brizais (FR),S Fitzgerald,0,D Queally,UR,N/A,5,11-12t,-,True,108,35
Limerick Racing Results | 19th April 2024 17:50,N/A,17:50,Soft To Heavy (Heavy In Places),3m,Stellar Jury,S F O'Keeffe,0,V C Ward,UR,N/A,5,11-5p,-,True,108,35
Limerick Racing Results | 19th April 2024 17:50,N/A,17:50,Soft To Heavy (Heavy In Places),3m,Le Goom (FR),R A Doyle,0,E Griffin,PU,N/A,7,11-12,-,True,108,35
Limerick Racing Results | 19th April 2024 17:50,N/A,17:50,Soft To Heavy (Heavy In Places),3m,Larkins Lane (IRE),A P Heskin,0,R O'Leary,PU,N/A,5,11-5,-,True,108,35
Limerick Racing Results | 19th April 2024 17:50,N/A,17:50,Soft To Heavy (Heavy In Places),3m,Kinturk Jack (IRE),K E Buckley,0,T Gibney,6th,Neck,7,11-12,-,True,108,35
Limerick Racing Results | 19th April 2024 17:50,N/A,17:50,Soft To Heavy (Heavy In Places),3m,Agree To Disagree (IRE),A P Kelly,5,P Roche,5th,29 l,6,11-12t1,-,True,108,35
Limerick Racing Results | 19th April 2024 17:50,N/A,17:50,Soft To Heavy (Heavy In Places),3m,Lough Owel (IRE),J W Kennedy,0,G Elliott,4th,Neck,6,11-12,-,True,108,35
Limerick Racing Results | 19th April 2024 17:50,N/A,17:50,Soft To Heavy (Heavy In Places),3m,Rokathir (FR),D J O'Keeffe,0,H De Bromhead,3rd,23 l,5,11-12,-,True,108,35
Limerick Racing Results | 19th April 2024 17:50,N/A,17:50,Soft To Heavy (Heavy In Places),3m,Driscolls Hill (IRE),O R Brown,5,T Gibney,2nd,1/2 l,5,11-12,-,True,108,35
Limerick Racing Results | 19th April 2024 17:50,N/A,17:50,Soft To Heavy (Heavy In Places),3m,Dancingondaceiling (IRE),S W Flanagan,0,A Ott,1st,N/A,5,11-12,-,True,108,35
Limerick Racing Results | 19th April 2024 18:20,N/A,18:20,Soft To Heavy (Heavy In Places),2m 3f,Derridae (IRE),D Meyler,0,M McCabe,NR,N/A,9,11-7p,95,True,108,36
Limerick Racing Results | 19th April 2024 18:20,N/A,18:20,Soft To Heavy (Heavy In Places),2m 3f,Farrokh (FR),M J M O'Sullivan,0,B Connell,PU,N/A,5,11-7,95,True,108,36
Limerick Racing Results | 19th April 2024 18:20,N/A,18:20,Soft To Heavy (Heavy In Places),2m 3f,Deramore Park (IRE),R P Geoghegan,7,B T Murphy,PU,N/A,9,10-10t,84,True,108,36
Limerick Racing Results | 19th April 2024 18:20,N/A,18:20,Soft To Heavy (Heavy In Places),2m 3f,Dream Once More (IRE),S Fitzgerald,0,D Queally,8th,9 l,5,10-13ht,87,True,108,36
Limerick Racing Results | 19th April 2024 18:20,N/A,18:20,Soft To Heavy (Heavy In Places),2m 3f,Bonnie Kellie (IRE),P T Enright,0,S Curling,7th,9 l,7,11-11t,99,True,108,36
Limerick Racing Results | 19th April 2024 18:20,N/A,18:20,Soft To Heavy (Heavy In Places),2m 3f,Knockbrack Rambler (IRE),Mr C J Shine,7,Brendan Walsh,6th,7 1/2 l,7,11-7,95,True,108,36
Limerick Racing Results | 19th April 2024 18:20,N/A,18:20,Soft To Heavy (Heavy In Places),2m 3f,Without Exception (IRE),S F O'Keeffe,0,P J Rothwell,5th,Neck,5,10-8,82,True,108,36
Limerick Racing Results | 19th April 2024 18:20,N/A,18:20,Soft To Heavy (Heavy In Places),2m 3f,Wee Charlie (IRE),D J O'Keeffe,0,T Gibney,4th,9 1/2 l,7,12-0,102,True,108,36
Limerick Racing Results | 19th April 2024 18:20,N/A,18:20,Soft To Heavy (Heavy In Places),2m 3f,Cosmic Rock (IRE),G B Noonan,5,E McCarthy,3rd,2 1/4 l,10,11-9tb1,97,True,108,36
Limerick Racing Results | 19th April 2024 18:20,N/A,18:20,Soft To Heavy (Heavy In Places),2m 3f,Beeverstown Place (IRE),Niall Moore,7,M A Cahill,2nd,3/4 l,7,11-2b1,90,True,108,36
Limerick Racing Results | 19th April 2024 18:20,N/A,18:20,Soft To Heavy (Heavy In Places),2m 3f,Cosmo Renfro (IRE),K E Buckley,0,S Nolan,1st,N/A,7,11-11p,99,True,108,36
Limerick Racing Results | 19th April 2024 18:20,N/A,18:20,Soft To Heavy (Heavy In Places),2m 3f,Derridae (IRE),D Meyler,0,M McCabe,NR,N/A,9,11-7p,95,True,108,36
Limerick Racing Results | 19th April 2024 18:20,N/A,18:20,Soft To Heavy (Heavy In Places),2m 3f,Farrokh (FR),M J M O'Sullivan,0,B Connell,PU,N/A,5,11-7,95,True,108,36
Limerick Racing Results | 19th April 2024 18:20,N/A,18:20,Soft To Heavy (Heavy In Places),2m 3f,Deramore Park (IRE),R P Geoghegan,7,B T Murphy,PU,N/A,9,10-10t,84,True,108,36
Limerick Racing Results | 19th April 2024 18:20,N/A,18:20,Soft To Heavy (Heavy In Places),2m 3f,Dream Once More (IRE),S Fitzgerald,0,D Queally,8th,9 l,5,10-13ht,87,True,108,36
Limerick Racing Results | 19th April 2024 18:20,N/A,18:20,Soft To Heavy (Heavy In Places),2m 3f,Bonnie Kellie (IRE),P T Enright,0,S Curling,7th,9 l,7,11-11t,99,True,108,36
Limerick Racing Results | 19th April 2024 18:20,N/A,18:20,Soft To Heavy (Heavy In Places),2m 3f,Knockbrack Rambler (IRE),Mr C J Shine,7,Brendan Walsh,6th,7 1/2 l,7,11-7,95,True,108,36
Limerick Racing Results | 19th April 2024 18:20,N/A,18:20,Soft To Heavy (Heavy In Places),2m 3f,Without Exception (IRE),S F O'Keeffe,0,P J Rothwell,5th,Neck,5,10-8,82,True,108,36
Limerick Racing Results | 19th April 2024 18:20,N/A,18:20,Soft To Heavy (Heavy In Places),2m 3f,Wee Charlie (IRE),D J O'Keeffe,0,T Gibney,4th,9 1/2 l,7,12-0,102,True,108,36
Limerick Racing Results | 19th April 2024 18:20,N/A,18:20,Soft To Heavy (Heavy In Places),2m 3f,Cosmic Rock (IRE),G B Noonan,5,E McCarthy,3rd,2 1/4 l,10,11-9tb1,97,True,108,36
Limerick Racing Results | 19th April 2024 18:20,N/A,18:20,Soft To Heavy (Heavy In Places),2m 3f,Beeverstown Place (IRE),Niall Moore,7,M A Cahill,2nd,3/4 l,7,11-2b1,90,True,108,36
Limerick Racing Results | 19th April 2024 18:20,N/A,18:20,Soft To Heavy (Heavy In Places),2m 3f,Cosmo Renfro (IRE),K E Buckley,0,S Nolan,1st,N/A,7,11-11p,99,True,108,36
Limerick Racing Results | 19th April 2024 18:50,N/A,18:50,Soft To Heavy (Heavy In Places),3m 120y,Gaelic Arc (IRE),D E Mullins,0,J P Ryan,NR,N/A,8,11-0,-,True,108,37
Limerick Racing Results | 19th April 2024 18:50,N/A,18:50,Soft To Heavy (Heavy In Places),3m 120y,Joyeux Machin (FR),S W Flanagan,0,P Nolan,F,N/A,7,11-0tp,-,True,108,37
Limerick Racing Results | 19th April 2024 18:50,N/A,18:50,Soft To Heavy (Heavy In Places),3m 120y,Tullyhogue Fort (IRE),Mr P J O'Neill,0,John F O'Neill,4th,13 l,8,11-0,-,True,108,37
Limerick Racing Results | 19th April 2024 18:50,N/A,18:50,Soft To Heavy (Heavy In Places),3m 120y,Bella Bliss (IRE),D J O'Keeffe,0,J C McConnell,3rd,4 l,7,10-7t,-,True,108,37
Limerick Racing Results | 19th April 2024 18:50,N/A,18:50,Soft To Heavy (Heavy In Places),3m 120y,Donacheady Gale (IRE),S F O'Keeffe,0,J P Ryan,2nd,Neck,10,11-0,-,True,108,37
Limerick Racing Results | 19th April 2024 18:50,N/A,18:50,Soft To Heavy (Heavy In Places),3m 120y,Favori De Champdou (FR),J W Kennedy,0,G Elliott,1st,N/A,9,11-8,-,True,108,37
Limerick Racing Results | 19th April 2024 18:50,N/A,18:50,Soft To Heavy (Heavy In Places),3m 120y,Gaelic Arc (IRE),D E Mullins,0,J P Ryan,NR,N/A,8,11-0,-,True,108,37
Limerick Racing Results | 19th April 2024 18:50,N/A,18:50,Soft To Heavy (Heavy In Places),3m 120y,Joyeux Machin (FR),S W Flanagan,0,P Nolan,F,N/A,7,11-0tp,-,True,108,37
Limerick Racing Results | 19th April 2024 18:50,N/A,18:50,Soft To Heavy (Heavy In Places),3m 120y,Tullyhogue Fort (IRE),Mr P J O'Neill,0,John F O'Neill,4th,13 l,8,11-0,-,True,108,37
Limerick Racing Results | 19th April 2024 18:50,N/A,18:50,Soft To Heavy (Heavy In Places),3m 120y,Bella Bliss (IRE),D J O'Keeffe,0,J C McConnell,3rd,4 l,7,10-7t,-,True,108,37
Limerick Racing Results | 19th April 2024 18:50,N/A,18:50,Soft To Heavy (Heavy In Places),3m 120y,Donacheady Gale (IRE),S F O'Keeffe,0,J P Ryan,2nd,Neck,10,11-0,-,True,108,37
Limerick Racing Results | 19th April 2024 18:50,N/A,18:50,Soft To Heavy (Heavy In Places),3m 120y,Favori De Champdou (FR),J W Kennedy,0,G Elliott,1st,N/A,9,11-8,-,True,108,37
Limerick Racing Results | 19th April 2024 19:20,N/A,19:20,Soft To Heavy (Heavy In Places),2m 1f 100y,Gendarme (IRE),S O'Callaghan,0,C Coakley,PU,N/A,9,10-0t,85,True,108,38
Limerick Racing Results | 19th April 2024 19:20,N/A,19:20,Soft To Heavy (Heavy In Places),2m 1f 100y,Dundaniel (IRE),J W Kennedy,0,M Kennedy,PU,N/A,9,12-0p,113,True,108,38
Limerick Racing Results | 19th April 2024 19:20,N/A,19:20,Soft To Heavy (Heavy In Places),2m 1f 100y,Pont Audemer (FR),S W Flanagan,0,G P Cromwell,6th,Head,5,11-5,104,True,108,38
Limerick Racing Results | 19th April 2024 19:20,N/A,19:20,Soft To Heavy (Heavy In Places),2m 1f 100y,Marelly (IRE),D J O'Keeffe,0,P J Rothwell,5th,3 3/4 l,7,11-10p1,109,True,108,38
Limerick Racing Results | 19th April 2024 19:20,N/A,19:20,Soft To Heavy (Heavy In Places),2m 1f 100y,McGrath From Clune (IRE),P T Enright,0,R Tyner,4th,19 l,8,11-4ht,103,True,108,38
Limerick Racing Results | 19th April 2024 19:20,N/A,19:20,Soft To Heavy (Heavy In Places),2m 1f 100y,Sunnyvilla (IRE),G Brouder,5,D Hassett,3rd,4 1/4 l,9,11-11p,110,True,108,38
Limerick Racing Results | 19th April 2024 19:20,N/A,19:20,Soft To Heavy (Heavy In Places),2m 1f 100y,Know The Game (IRE),D Meyler,0,Tom Dreaper,2nd,1 1/2 l,8,11-4t,103,True,108,38
Limerick Racing Results | 19th April 2024 19:20,N/A,19:20,Soft To Heavy (Heavy In Places),2m 1f 100y,Another Ocana (IRE),E Walsh,0,L J Archdeacon,1st,N/A,7,10-10,95,True,108,38
Limerick Racing Results | 19th April 2024 19:20,N/A,19:20,Soft To Heavy (Heavy In Places),2m 1f 100y,Gendarme (IRE),S O'Callaghan,0,C Coakley,PU,N/A,9,10-0t,85,True,108,38
Limerick Racing Results | 19th April 2024 19:20,N/A,19:20,Soft To Heavy (Heavy In Places),2m 1f 100y,Dundaniel (IRE),J W Kennedy,0,M Kennedy,PU,N/A,9,12-0p,113,True,108,38
Limerick Racing Results | 19th April 2024 19:20,N/A,19:20,Soft To Heavy (Heavy In Places),2m 1f 100y,Pont Audemer (FR),S W Flanagan,0,G P Cromwell,6th,Head,5,11-5,104,True,108,38
Limerick Racing Results | 19th April 2024 19:20,N/A,19:20,Soft To Heavy (Heavy In Places),2m 1f 100y,Marelly (IRE),D J O'Keeffe,0,P J Rothwell,5th,3 3/4 l,7,11-10p1,109,True,108,38
Limerick Racing Results | 19th April 2024 19:20,N/A,19:20,Soft To Heavy (Heavy In Places),2m 1f 100y,McGrath From Clune (IRE),P T Enright,0,R Tyner,4th,19 l,8,11-4ht,103,True,108,38
Limerick Racing Results | 19th April 2024 19:20,N/A,19:20,Soft To Heavy (Heavy In Places),2m 1f 100y,Sunnyvilla (IRE),G Brouder,5,D Hassett,3rd,4 1/4 l,9,11-11p,110,True,108,38
Limerick Racing Results | 19th April 2024 19:20,N/A,19:20,Soft To Heavy (Heavy In Places),2m 1f 100y,Know The Game (IRE),D Meyler,0,Tom Dreaper,2nd,1 1/2 l,8,11-4t,103,True,108,38
Limerick Racing Results | 19th April 2024 19:20,N/A,19:20,Soft To Heavy (Heavy In Places),2m 1f 100y,Another Ocana (IRE),E Walsh,0,L J Archdeacon,1st,N/A,7,10-10,95,True,108,38
Limerick Racing Results | 19th April 2024 19:50,N/A,19:50,Soft To Heavy (Heavy In Places),2m 3f,Jericho Du Fenoir (FR),Mr Pat Taaffe,7,P T Foley,NR,N/A,5,12-0,-,True,108,39
Limerick Racing Results | 19th April 2024 19:50,N/A,19:50,Soft To Heavy (Heavy In Places),2m 3f,Honky Tonk (IRE),Mr S Cleary,7,E Sheehy,PU,N/A,7,12-0t1,-,True,108,39
Limerick Racing Results | 19th April 2024 19:50,N/A,19:50,Soft To Heavy (Heavy In Places),2m 3f,Private Policy (IRE),Mr J P O'Rourke,7,P O'Rourke,5th,86 l,6,12-0,-,True,108,39
Limerick Racing Results | 19th April 2024 19:50,N/A,19:50,Soft To Heavy (Heavy In Places),2m 3f,Mr Dibbs (IRE),Mr S Cavanagh,7,A Murray,4th,15 l,5,12-0,-,True,108,39
Limerick Racing Results | 19th April 2024 19:50,N/A,19:50,Soft To Heavy (Heavy In Places),2m 3f,Silent Venture (IRE),Mr S Cotter,7,D P Murphy,3rd,30 l,5,12-0,-,True,108,39
Limerick Racing Results | 19th April 2024 19:50,N/A,19:50,Soft To Heavy (Heavy In Places),2m 3f,Olympy De Cerisy (FR),Mr R W Barron,5,D Queally,2nd,9 l,5,12-0ht1,-,True,108,39
Limerick Racing Results | 19th April 2024 19:50,N/A,19:50,Soft To Heavy (Heavy In Places),2m 3f,Ballygunner Castle (IRE),Miss J Townend,0,W P Mullins,1st,N/A,5,12-0,-,True,108,39
Limerick Racing Results | 19th April 2024 19:50,N/A,19:50,Soft To Heavy (Heavy In Places),2m 3f,Jericho Du Fenoir (FR),Mr Pat Taaffe,7,P T Foley,NR,N/A,5,12-0,-,True,108,39
Limerick Racing Results | 19th April 2024 19:50,N/A,19:50,Soft To Heavy (Heavy In Places),2m 3f,Honky Tonk (IRE),Mr S Cleary,7,E Sheehy,PU,N/A,7,12-0t1,-,True,108,39
Limerick Racing Results | 19th April 2024 19:50,N/A,19:50,Soft To Heavy (Heavy In Places),2m 3f,Private Policy (IRE),Mr J P O'Rourke,7,P O'Rourke,5th,86 l,6,12-0,-,True,108,39
Limerick Racing Results | 19th April 2024 19:50,N/A,19:50,Soft To Heavy (Heavy In Places),2m 3f,Mr Dibbs (IRE),Mr S Cavanagh,7,A Murray,4th,15 l,5,12-0,-,True,108,39
Limerick Racing Results | 19th April 2024 19:50,N/A,19:50,Soft To Heavy (Heavy In Places),2m 3f,Silent Venture (IRE),Mr S Cotter,7,D P Murphy,3rd,30 l,5,12-0,-,True,108,39
Limerick Racing Results | 19th April 2024 19:50,N/A,19:50,Soft To Heavy (Heavy In Places),2m 3f,Olympy De Cerisy (FR),Mr R W Barron,5,D Queally,2nd,9 l,5,12-0ht1,-,True,108,39
Limerick Racing Results | 19th April 2024 19:50,N/A,19:50,Soft To Heavy (Heavy In Places),2m 3f,Ballygunner Castle (IRE),Miss J Townend,0,W P Mullins,1st,N/A,5,12-0,-,True,108,39
Ballinrobe Racing Results | 19th April 2024 17:07,N/A,17:07,Soft (Soft To Heavy In Places),2m 1f 144y,Madge A Chroi (IRE),P Byrnes,5,C Byrnes,NR,N/A,6,11-7,-,True,108,40
Ballinrobe Racing Results | 19th April 2024 17:07,N/A,17:07,Soft (Soft To Heavy In Places),2m 1f 144y,Getawiggleon (FR),K M Donoghue,0,M Hourigan,14th,58 l,7,11-7,-,True,108,40
Ballinrobe Racing Results | 19th April 2024 17:07,N/A,17:07,Soft (Soft To Heavy In Places),2m 1f 144y,Easter Baroness (IRE),M P O'Connor,3,W J Burke,13th,8 1/2 l,5,10-13,-,True,108,40
Ballinrobe Racing Results | 19th April 2024 17:07,N/A,17:07,Soft (Soft To Heavy In Places),2m 1f 144y,Silin Alainn (IRE),A McCurtin,0,N Lee,12th,Nose,5,10-13,-,True,108,40
Ballinrobe Racing Results | 19th April 2024 17:07,N/A,17:07,Soft (Soft To Heavy In Places),2m 1f 144y,Me And Mrs Lee (IRE),T P Harney,7,N Lee,11th,11 l,6,10-13,-,True,108,40
Ballinrobe Racing Results | 19th April 2024 17:07,N/A,17:07,Soft (Soft To Heavy In Places),2m 1f 144y,Albatala (IRE),B W Harvey,0,J C McConnell,10th,1/2 l,5,10-13t,-,True,108,40
Ballinrobe Racing Results | 19th April 2024 17:07,N/A,17:07,Soft (Soft To Heavy In Places),2m 1f 144y,Justmadeit (IRE),D King,0,D Hogan,9th,6 1/2 l,5,10-13t1,-,True,108,40
Ballinrobe Racing Results | 19th April 2024 17:07,N/A,17:07,Soft (Soft To Heavy In Places),2m 1f 144y,Mini Getaway (IRE),C G O'Dwyer,5,M M Lynch,8th,11 l,7,10-13,-,True,108,40
Ballinrobe Racing Results | 19th April 2024 17:07,N/A,17:07,Soft (Soft To Heavy In Places),2m 1f 144y,Racing Daisy (IRE),M M McDonagh,3,D McNamara,7th,1 l,7,10-13t1,-,True,108,40
Ballinrobe Racing Results | 19th April 2024 17:07,N/A,17:07,Soft (Soft To Heavy In Places),2m 1f 144y,Cappacurry Ealu (IRE),R P Treacy,0,L Young,6th,11 l,6,10-13,-,True,108,40
Ballinrobe Racing Results | 19th April 2024 17:07,N/A,17:07,Soft (Soft To Heavy In Places),2m 1f 144y,Mill House Creek,S D Torrens,0,Stephen Gerard Carey,5th,1 3/4 l,6,11-7t,-,True,108,40
Ballinrobe Racing Results | 19th April 2024 17:07,N/A,17:07,Soft (Soft To Heavy In Places),2m 1f 144y,Phoenix Belle (IRE),Rachael Blackmore,0,H De Bromhead,4th,18 l,5,10-13,-,True,108,40
Ballinrobe Racing Results | 19th April 2024 17:07,N/A,17:07,Soft (Soft To Heavy In Places),2m 1f 144y,Slim Marvel (FR),C M Quirke,5,A Slattery,3rd,Neck,6,10-13,-,True,108,40
Ballinrobe Racing Results | 19th April 2024 17:07,N/A,17:07,Soft (Soft To Heavy In Places),2m 1f 144y,Burvea (IRE),D J Gilligan,5,D Broad,2nd,3 1/4 l,4,10-5h1,-,True,108,40
Ballinrobe Racing Results | 19th April 2024 17:07,N/A,17:07,Soft (Soft To Heavy In Places),2m 1f 144y,Diamond Nora (IRE),K C Sexton,0,D Queally,1st,N/A,5,10-13t,-,True,108,40
Ballinrobe Racing Results | 19th April 2024 17:07,N/A,17:07,Soft (Soft To Heavy In Places),2m 1f 144y,Madge A Chroi (IRE),P Byrnes,5,C Byrnes,NR,N/A,6,11-7,-,True,108,40
Ballinrobe Racing Results | 19th April 2024 17:07,N/A,17:07,Soft (Soft To Heavy In Places),2m 1f 144y,Getawiggleon (FR),K M Donoghue,0,M Hourigan,14th,58 l,7,11-7,-,True,108,40
Ballinrobe Racing Results | 19th April 2024 17:07,N/A,17:07,Soft (Soft To Heavy In Places),2m 1f 144y,Easter Baroness (IRE),M P O'Connor,3,W J Burke,13th,8 1/2 l,5,10-13,-,True,108,40
Ballinrobe Racing Results | 19th April 2024 17:07,N/A,17:07,Soft (Soft To Heavy In Places),2m 1f 144y,Silin Alainn (IRE),A McCurtin,0,N Lee,12th,Nose,5,10-13,-,True,108,40
Ballinrobe Racing Results | 19th April 2024 17:07,N/A,17:07,Soft (Soft To Heavy In Places),2m 1f 144y,Me And Mrs Lee (IRE),T P Harney,7,N Lee,11th,11 l,6,10-13,-,True,108,40
Ballinrobe Racing Results | 19th April 2024 17:07,N/A,17:07,Soft (Soft To Heavy In Places),2m 1f 144y,Albatala (IRE),B W Harvey,0,J C McConnell,10th,1/2 l,5,10-13t,-,True,108,40
Ballinrobe Racing Results | 19th April 2024 17:07,N/A,17:07,Soft (Soft To Heavy In Places),2m 1f 144y,Justmadeit (IRE),D King,0,D Hogan,9th,6 1/2 l,5,10-13t1,-,True,108,40
Ballinrobe Racing Results | 19th April 2024 17:07,N/A,17:07,Soft (Soft To Heavy In Places),2m 1f 144y,Mini Getaway (IRE),C G O'Dwyer,5,M M Lynch,8th,11 l,7,10-13,-,True,108,40
Ballinrobe Racing Results | 19th April 2024 17:07,N/A,17:07,Soft (Soft To Heavy In Places),2m 1f 144y,Racing Daisy (IRE),M M McDonagh,3,D McNamara,7th,1 l,7,10-13t1,-,True,108,40
Ballinrobe Racing Results | 19th April 2024 17:07,N/A,17:07,Soft (Soft To Heavy In Places),2m 1f 144y,Cappacurry Ealu (IRE),R P Treacy,0,L Young,6th,11 l,6,10-13,-,True,108,40
Ballinrobe Racing Results | 19th April 2024 17:07,N/A,17:07,Soft (Soft To Heavy In Places),2m 1f 144y,Mill House Creek,S D Torrens,0,Stephen Gerard Carey,5th,1 3/4 l,6,11-7t,-,True,108,40
Ballinrobe Racing Results | 19th April 2024 17:07,N/A,17:07,Soft (Soft To Heavy In Places),2m 1f 144y,Phoenix Belle (IRE),Rachael Blackmore,0,H De Bromhead,4th,18 l,5,10-13,-,True,108,40
Ballinrobe Racing Results | 19th April 2024 17:07,N/A,17:07,Soft (Soft To Heavy In Places),2m 1f 144y,Slim Marvel (FR),C M Quirke,5,A Slattery,3rd,Neck,6,10-13,-,True,108,40
Ballinrobe Racing Results | 19th April 2024 17:07,N/A,17:07,Soft (Soft To Heavy In Places),2m 1f 144y,Burvea (IRE),D J Gilligan,5,D Broad,2nd,3 1/4 l,4,10-5h1,-,True,108,40
Ballinrobe Racing Results | 19th April 2024 17:07,N/A,17:07,Soft (Soft To Heavy In Places),2m 1f 144y,Diamond Nora (IRE),K C Sexton,0,D Queally,1st,N/A,5,10-13t,-,True,108,40
Ballinrobe Racing Results | 19th April 2024 17:37,N/A,17:37,Soft (Soft To Heavy In Places)  Hurdle (Turf),2m 1f 144y,A Brave Man (IRE),Mr T Walsh,7,Barry J Fitzgerald,NR,N/A,5,11-4,-,True,108,41
Ballinrobe Racing Results | 19th April 2024 17:37,N/A,17:37,Soft (Soft To Heavy In Places)  Hurdle (Turf),2m 1f 144y,Khewilltu (IRE),C M Quirke,5,John F O'Neill,F,N/A,5,11-4,-,True,108,41
Ballinrobe Racing Results | 19th April 2024 17:37,N/A,17:37,Soft (Soft To Heavy In Places)  Hurdle (Turf),2m 1f 144y,You're Kidding Me (IRE),S D Torrens,0,E Bolger,14th,18 l,4,10-10,-,True,108,41
Ballinrobe Racing Results | 19th April 2024 17:37,N/A,17:37,Soft (Soft To Heavy In Places)  Hurdle (Turf),2m 1f 144y,Texas King (IRE),R P Treacy,0,L Young,13th,15 l,5,11-4,-,True,108,41
Ballinrobe Racing Results | 19th April 2024 17:37,N/A,17:37,Soft (Soft To Heavy In Places)  Hurdle (Turf),2m 1f 144y,Kinski (FR),P K Donovan,5,P G Kelly,12th,6 1/2 l,5,11-4,-,True,108,41
Ballinrobe Racing Results | 19th April 2024 17:37,N/A,17:37,Soft (Soft To Heavy In Places)  Hurdle (Turf),2m 1f 144y,Ontheblind (IRE),A McCurtin,0,John F O'Neill,11th,7 l,5,11-4,-,True,108,41
Ballinrobe Racing Results | 19th April 2024 17:37,N/A,17:37,Soft (Soft To Heavy In Places)  Hurdle (Turf),2m 1f 144y,Highland King (IRE),B W Harvey,0,J C McConnell,10th,1 1/4 l,5,11-12,-,True,108,41
Ballinrobe Racing Results | 19th April 2024 17:37,N/A,17:37,Soft (Soft To Heavy In Places)  Hurdle (Turf),2m 1f 144y,Opposite Ends (IRE),P Byrnes,5,C Byrnes,9th,1 1/4 l,6,11-4,-,True,108,41
Ballinrobe Racing Results | 19th April 2024 17:37,N/A,17:37,Soft (Soft To Heavy In Places)  Hurdle (Turf),2m 1f 144y,Mayday Games (IRE),D J Gilligan,5,P J Gilligan,8th,2 1/2 l,5,11-4,-,True,108,41
Ballinrobe Racing Results | 19th April 2024 17:37,N/A,17:37,Soft (Soft To Heavy In Places)  Hurdle (Turf),2m 1f 144y,Fairytale New York (IRE),D King,0,A J Martin,7th,1 1/4 l,5,11-4,-,True,108,41
Ballinrobe Racing Results | 19th April 2024 17:37,N/A,17:37,Soft (Soft To Heavy In Places)  Hurdle (Turf),2m 1f 144y,Nicholas Street (IRE),J S McGarvey,0,E Bolger,6th,5 l,4,10-10,-,True,108,41
Ballinrobe Racing Results | 19th April 2024 17:37,N/A,17:37,Soft (Soft To Heavy In Places)  Hurdle (Turf),2m 1f 144y,Giant Haystacks (IRE),B Hayes,0,Barry J Fitzgerald,5th,16 l,5,11-4,-,True,108,41
Ballinrobe Racing Results | 19th April 2024 17:37,N/A,17:37,Soft (Soft To Heavy In Places)  Hurdle (Turf),2m 1f 144y,Eoin's Charm (IRE),T Ryan,5,A Slattery,4th,1 l,5,11-4,-,True,108,41
Ballinrobe Racing Results | 19th April 2024 17:37,N/A,17:37,Soft (Soft To Heavy In Places)  Hurdle (Turf),2m 1f 144y,Napper Tandy,J Smith,7,M J Smith,3rd,Neck,6,11-12t1,-,True,108,41
Ballinrobe Racing Results | 19th April 2024 17:37,N/A,17:37,Soft (Soft To Heavy In Places)  Hurdle (Turf),2m 1f 144y,Doctor Glide (FR),K M Donoghue,0,Tom Dreaper,2nd,1/2 l,6,11-4p1,-,True,108,41
Ballinrobe Racing Results | 19th April 2024 17:37,N/A,17:37,Soft (Soft To Heavy In Places)  Hurdle (Turf),2m 1f 144y,On The Steel (IRE),C G O'Dwyer,5,C O'Dwyer,1st,N/A,5,11-4,-,True,108,41
Ballinrobe Racing Results | 19th April 2024 17:37,N/A,17:37,Soft (Soft To Heavy In Places)  Hurdle (Turf),2m 1f 144y,A Brave Man (IRE),Mr T Walsh,7,Barry J Fitzgerald,NR,N/A,5,11-4,-,True,108,41
Ballinrobe Racing Results | 19th April 2024 17:37,N/A,17:37,Soft (Soft To Heavy In Places)  Hurdle (Turf),2m 1f 144y,Khewilltu (IRE),C M Quirke,5,John F O'Neill,F,N/A,5,11-4,-,True,108,41
Ballinrobe Racing Results | 19th April 2024 17:37,N/A,17:37,Soft (Soft To Heavy In Places)  Hurdle (Turf),2m 1f 144y,You're Kidding Me (IRE),S D Torrens,0,E Bolger,14th,18 l,4,10-10,-,True,108,41
Ballinrobe Racing Results | 19th April 2024 17:37,N/A,17:37,Soft (Soft To Heavy In Places)  Hurdle (Turf),2m 1f 144y,Texas King (IRE),R P Treacy,0,L Young,13th,15 l,5,11-4,-,True,108,41
Ballinrobe Racing Results | 19th April 2024 17:37,N/A,17:37,Soft (Soft To Heavy In Places)  Hurdle (Turf),2m 1f 144y,Kinski (FR),P K Donovan,5,P G Kelly,12th,6 1/2 l,5,11-4,-,True,108,41
Ballinrobe Racing Results | 19th April 2024 17:37,N/A,17:37,Soft (Soft To Heavy In Places)  Hurdle (Turf),2m 1f 144y,Ontheblind (IRE),A McCurtin,0,John F O'Neill,11th,7 l,5,11-4,-,True,108,41
Ballinrobe Racing Results | 19th April 2024 17:37,N/A,17:37,Soft (Soft To Heavy In Places)  Hurdle (Turf),2m 1f 144y,Highland King (IRE),B W Harvey,0,J C McConnell,10th,1 1/4 l,5,11-12,-,True,108,41
Ballinrobe Racing Results | 19th April 2024 17:37,N/A,17:37,Soft (Soft To Heavy In Places)  Hurdle (Turf),2m 1f 144y,Opposite Ends (IRE),P Byrnes,5,C Byrnes,9th,1 1/4 l,6,11-4,-,True,108,41
Ballinrobe Racing Results | 19th April 2024 17:37,N/A,17:37,Soft (Soft To Heavy In Places)  Hurdle (Turf),2m 1f 144y,Mayday Games (IRE),D J Gilligan,5,P J Gilligan,8th,2 1/2 l,5,11-4,-,True,108,41
Ballinrobe Racing Results | 19th April 2024 17:37,N/A,17:37,Soft (Soft To Heavy In Places)  Hurdle (Turf),2m 1f 144y,Fairytale New York (IRE),D King,0,A J Martin,7th,1 1/4 l,5,11-4,-,True,108,41
Ballinrobe Racing Results | 19th April 2024 17:37,N/A,17:37,Soft (Soft To Heavy In Places)  Hurdle (Turf),2m 1f 144y,Nicholas Street (IRE),J S McGarvey,0,E Bolger,6th,5 l,4,10-10,-,True,108,41
Ballinrobe Racing Results | 19th April 2024 17:37,N/A,17:37,Soft (Soft To Heavy In Places)  Hurdle (Turf),2m 1f 144y,Giant Haystacks (IRE),B Hayes,0,Barry J Fitzgerald,5th,16 l,5,11-4,-,True,108,41
Ballinrobe Racing Results | 19th April 2024 17:37,N/A,17:37,Soft (Soft To Heavy In Places)  Hurdle (Turf),2m 1f 144y,Eoin's Charm (IRE),T Ryan,5,A Slattery,4th,1 l,5,11-4,-,True,108,41
Ballinrobe Racing Results | 19th April 2024 17:37,N/A,17:37,Soft (Soft To Heavy In Places)  Hurdle (Turf),2m 1f 144y,Napper Tandy,J Smith,7,M J Smith,3rd,Neck,6,11-12t1,-,True,108,41
Ballinrobe Racing Results | 19th April 2024 17:37,N/A,17:37,Soft (Soft To Heavy In Places)  Hurdle (Turf),2m 1f 144y,Doctor Glide (FR),K M Donoghue,0,Tom Dreaper,2nd,1/2 l,6,11-4p1,-,True,108,41
Ballinrobe Racing Results | 19th April 2024 17:37,N/A,17:37,Soft (Soft To Heavy In Places)  Hurdle (Turf),2m 1f 144y,On The Steel (IRE),C G O'Dwyer,5,C O'Dwyer,1st,N/A,5,11-4,-,True,108,41
Ballinrobe Racing Results | 19th April 2024 18:07,N/A,18:07,Soft (Soft To Heavy In Places),2m 1f 144y,Champagne Platinum (IRE),L Donnelly,7,E Bolger,NR,N/A,10,11-8,126,True,108,42
Ballinrobe Racing Results | 19th April 2024 18:07,N/A,18:07,Soft (Soft To Heavy In Places),2m 1f 144y,Barnacullia (IRE),K M Donoghue,0,M Mulvany,7th,58 l,7,11-3,121,True,108,42
Ballinrobe Racing Results | 19th April 2024 18:07,N/A,18:07,Soft (Soft To Heavy In Places),2m 1f 144y,The Dasher Conway (IRE),J C Gainford,0,Mrs G Callaghan,6th,1 1/4 l,9,11-0,118,True,108,42
Ballinrobe Racing Results | 19th April 2024 18:07,N/A,18:07,Soft (Soft To Heavy In Places),2m 1f 144y,Belle The Lioness (IRE),Rachael Blackmore,0,H De Bromhead,5th,5 1/2 l,7,11-3t,121,True,108,42
Ballinrobe Racing Results | 19th April 2024 18:07,N/A,18:07,Soft (Soft To Heavy In Places),2m 1f 144y,Young Fitzy (IRE),C M Quirke,5,N Lee,4th,12 l,9,10-0h,104,True,108,42
Ballinrobe Racing Results | 19th April 2024 18:07,N/A,18:07,Soft (Soft To Heavy In Places),2m 1f 144y,Zoffanien (IRE),J P Shinnick,7,D Hogan,3rd,6 1/2 l,7,11-5,123,True,108,42
Ballinrobe Racing Results | 19th April 2024 18:07,N/A,18:07,Soft (Soft To Heavy In Places),2m 1f 144y,Kings Hill (IRE),J G Gilligan,7,P J Gilligan,2nd,Head,5,11-12,130,True,108,42
Ballinrobe Racing Results | 19th April 2024 18:07,N/A,18:07,Soft (Soft To Heavy In Places),2m 1f 144y,Cheerful Chap (IRE),S D Torrens,0,P J Rothwell,1st,N/A,7,10-6p,110,True,108,42
Ballinrobe Racing Results | 19th April 2024 18:07,N/A,18:07,Soft (Soft To Heavy In Places),2m 1f 144y,Champagne Platinum (IRE),L Donnelly,7,E Bolger,NR,N/A,10,11-8,126,True,108,42
Ballinrobe Racing Results | 19th April 2024 18:07,N/A,18:07,Soft (Soft To Heavy In Places),2m 1f 144y,Barnacullia (IRE),K M Donoghue,0,M Mulvany,7th,58 l,7,11-3,121,True,108,42
Ballinrobe Racing Results | 19th April 2024 18:07,N/A,18:07,Soft (Soft To Heavy In Places),2m 1f 144y,The Dasher Conway (IRE),J C Gainford,0,Mrs G Callaghan,6th,1 1/4 l,9,11-0,118,True,108,42
Ballinrobe Racing Results | 19th April 2024 18:07,N/A,18:07,Soft (Soft To Heavy In Places),2m 1f 144y,Belle The Lioness (IRE),Rachael Blackmore,0,H De Bromhead,5th,5 1/2 l,7,11-3t,121,True,108,42
Ballinrobe Racing Results | 19th April 2024 18:07,N/A,18:07,Soft (Soft To Heavy In Places),2m 1f 144y,Young Fitzy (IRE),C M Quirke,5,N Lee,4th,12 l,9,10-0h,104,True,108,42
Ballinrobe Racing Results | 19th April 2024 18:07,N/A,18:07,Soft (Soft To Heavy In Places),2m 1f 144y,Zoffanien (IRE),J P Shinnick,7,D Hogan,3rd,6 1/2 l,7,11-5,123,True,108,42
Ballinrobe Racing Results | 19th April 2024 18:07,N/A,18:07,Soft (Soft To Heavy In Places),2m 1f 144y,Kings Hill (IRE),J G Gilligan,7,P J Gilligan,2nd,Head,5,11-12,130,True,108,42
Ballinrobe Racing Results | 19th April 2024 18:07,N/A,18:07,Soft (Soft To Heavy In Places),2m 1f 144y,Cheerful Chap (IRE),S D Torrens,0,P J Rothwell,1st,N/A,7,10-6p,110,True,108,42
Ballinrobe Racing Results | 19th April 2024 18:37,N/A,18:37,Soft (Soft To Heavy In Places),2m 6f 91y,Natural Look (IRE),Mr J M Fennell,7,D Queally,NR,N/A,8,11-9,115,True,108,43
Ballinrobe Racing Results | 19th April 2024 18:37,N/A,18:37,Soft (Soft To Heavy In Places),2m 6f 91y,Notkeepinyagoing (IRE),B W Harvey,0,J C McConnell,6th,32 l,7,11-12t,118,True,108,43
Ballinrobe Racing Results | 19th April 2024 18:37,N/A,18:37,Soft (Soft To Heavy In Places),2m 6f 91y,Rebel Early (IRE),D J Gilligan,5,W J Burke,5th,19 l,10,11-6p,112,True,108,43
Ballinrobe Racing Results | 19th April 2024 18:37,N/A,18:37,Soft (Soft To Heavy In Places),2m 6f 91y,Ginnets Girl (IRE),J C Gainford,0,G Elliott,4th,13 l,6,11-7,113,True,108,43
Ballinrobe Racing Results | 19th April 2024 18:37,N/A,18:37,Soft (Soft To Heavy In Places),2m 6f 91y,All About Lucy (IRE),K M Donoghue,0,E McCarthy,3rd,21 l,7,11-6t,112,True,108,43
Ballinrobe Racing Results | 19th April 2024 18:37,N/A,18:37,Soft (Soft To Heavy In Places),2m 6f 91y,Flidais (IRE),P K Donovan,5,J P Ryan,2nd,1 1/2 l,6,10-7,99,True,108,43
Ballinrobe Racing Results | 19th April 2024 18:37,N/A,18:37,Soft (Soft To Heavy In Places),2m 6f 91y,Game And Glory (IRE),S D Torrens,0,P J Rothwell,1st,N/A,8,10-2p,94,True,108,43
Ballinrobe Racing Results | 19th April 2024 18:37,N/A,18:37,Soft (Soft To Heavy In Places),2m 6f 91y,Natural Look (IRE),Mr J M Fennell,7,D Queally,NR,N/A,8,11-9,115,True,108,43
Ballinrobe Racing Results | 19th April 2024 18:37,N/A,18:37,Soft (Soft To Heavy In Places),2m 6f 91y,Notkeepinyagoing (IRE),B W Harvey,0,J C McConnell,6th,32 l,7,11-12t,118,True,108,43
Ballinrobe Racing Results | 19th April 2024 18:37,N/A,18:37,Soft (Soft To Heavy In Places),2m 6f 91y,Rebel Early (IRE),D J Gilligan,5,W J Burke,5th,19 l,10,11-6p,112,True,108,43
Ballinrobe Racing Results | 19th April 2024 18:37,N/A,18:37,Soft (Soft To Heavy In Places),2m 6f 91y,Ginnets Girl (IRE),J C Gainford,0,G Elliott,4th,13 l,6,11-7,113,True,108,43
Ballinrobe Racing Results | 19th April 2024 18:37,N/A,18:37,Soft (Soft To Heavy In Places),2m 6f 91y,All About Lucy (IRE),K M Donoghue,0,E McCarthy,3rd,21 l,7,11-6t,112,True,108,43
Ballinrobe Racing Results | 19th April 2024 18:37,N/A,18:37,Soft (Soft To Heavy In Places),2m 6f 91y,Flidais (IRE),P K Donovan,5,J P Ryan,2nd,1 1/2 l,6,10-7,99,True,108,43
Ballinrobe Racing Results | 19th April 2024 18:37,N/A,18:37,Soft (Soft To Heavy In Places),2m 6f 91y,Game And Glory (IRE),S D Torrens,0,P J Rothwell,1st,N/A,8,10-2p,94,True,108,43
Ballinrobe Racing Results | 19th April 2024 19:07,N/A,19:07,Soft (Soft To Heavy In Places),2m 6f 91y,Monty's Way (IRE),K M Donoghue,0,G Stanley,UR,N/A,6,11-13tp,92,True,108,44
Ballinrobe Racing Results | 19th April 2024 19:07,N/A,19:07,Soft (Soft To Heavy In Places),2m 6f 91y,Beau's Candle (IRE),K C Sexton,0,D Queally,PU,N/A,9,11-7t,86,True,108,44
Ballinrobe Racing Results | 19th April 2024 19:07,N/A,19:07,Soft (Soft To Heavy In Places),2m 6f 91y,The Flying Donkey (IRE),C P Millar,7,J Dullea,PU,N/A,6,11-5t1,84,True,108,44
Ballinrobe Racing Results | 19th April 2024 19:07,N/A,19:07,Soft (Soft To Heavy In Places),2m 6f 91y,Leis Fein (IRE),C Stone-Walsh,5,V T O'Brien,PU,N/A,9,11-9,88,True,108,44
Ballinrobe Racing Results | 19th April 2024 19:07,N/A,19:07,Soft (Soft To Heavy In Places),2m 6f 91y,Desperado Genie (IRE),T P Harney,7,C Collins,PU,N/A,6,12-0p,93,True,108,44
Ballinrobe Racing Results | 19th April 2024 19:07,N/A,19:07,Soft (Soft To Heavy In Places),2m 6f 91y,Oldtown To Emly (IRE),J G Gilligan,7,K A Heffernan,6th,1 1/2 l,6,11-1p1,80,True,108,44
Ballinrobe Racing Results | 19th April 2024 19:07,N/A,19:07,Soft (Soft To Heavy In Places),2m 6f 91y,Father Jed (IRE),D King,0,J P Ryan,5th,11 l,13,11-1,80,True,108,44
Ballinrobe Racing Results | 19th April 2024 19:07,N/A,19:07,Soft (Soft To Heavy In Places),2m 6f 91y,Lough Nigara (IRE),D J Gilligan,5,M A Daly,4th,12 l,7,12-0,93,True,108,44
Ballinrobe Racing Results | 19th April 2024 19:07,N/A,19:07,Soft (Soft To Heavy In Places),2m 6f 91y,It's Time Again (IRE),J P Shinnick,7,David Barry,3rd,5 1/2 l,8,11-11,90,True,108,44
Ballinrobe Racing Results | 19th April 2024 19:07,N/A,19:07,Soft (Soft To Heavy In Places),2m 6f 91y,Miss Vivacious (IRE),M P O'Connor,3,T Gibney,2nd,5 l,6,11-13,92,True,108,44
Ballinrobe Racing Results | 19th April 2024 19:07,N/A,19:07,Soft (Soft To Heavy In Places),2m 6f 91y,Captain Jimmy (IRE),P K Donovan,5,P G Kelly,1st,N/A,11,11-5b,84,True,108,44
Ballinrobe Racing Results | 19th April 2024 19:07,N/A,19:07,Soft (Soft To Heavy In Places),2m 6f 91y,Monty's Way (IRE),K M Donoghue,0,G Stanley,UR,N/A,6,11-13tp,92,True,108,44
Ballinrobe Racing Results | 19th April 2024 19:07,N/A,19:07,Soft (Soft To Heavy In Places),2m 6f 91y,Beau's Candle (IRE),K C Sexton,0,D Queally,PU,N/A,9,11-7t,86,True,108,44
Ballinrobe Racing Results | 19th April 2024 19:07,N/A,19:07,Soft (Soft To Heavy In Places),2m 6f 91y,The Flying Donkey (IRE),C P Millar,7,J Dullea,PU,N/A,6,11-5t1,84,True,108,44
Ballinrobe Racing Results | 19th April 2024 19:07,N/A,19:07,Soft (Soft To Heavy In Places),2m 6f 91y,Leis Fein (IRE),C Stone-Walsh,5,V T O'Brien,PU,N/A,9,11-9,88,True,108,44
Ballinrobe Racing Results | 19th April 2024 19:07,N/A,19:07,Soft (Soft To Heavy In Places),2m 6f 91y,Desperado Genie (IRE),T P Harney,7,C Collins,PU,N/A,6,12-0p,93,True,108,44
Ballinrobe Racing Results | 19th April 2024 19:07,N/A,19:07,Soft (Soft To Heavy In Places),2m 6f 91y,Oldtown To Emly (IRE),J G Gilligan,7,K A Heffernan,6th,1 1/2 l,6,11-1p1,80,True,108,44
Ballinrobe Racing Results | 19th April 2024 19:07,N/A,19:07,Soft (Soft To Heavy In Places),2m 6f 91y,Father Jed (IRE),D King,0,J P Ryan,5th,11 l,13,11-1,80,True,108,44
Ballinrobe Racing Results | 19th April 2024 19:07,N/A,19:07,Soft (Soft To Heavy In Places),2m 6f 91y,Lough Nigara (IRE),D J Gilligan,5,M A Daly,4th,12 l,7,12-0,93,True,108,44
Ballinrobe Racing Results | 19th April 2024 19:07,N/A,19:07,Soft (Soft To Heavy In Places),2m 6f 91y,It's Time Again (IRE),J P Shinnick,7,David Barry,3rd,5 1/2 l,8,11-11,90,True,108,44
Ballinrobe Racing Results | 19th April 2024 19:07,N/A,19:07,Soft (Soft To Heavy In Places),2m 6f 91y,Miss Vivacious (IRE),M P O'Connor,3,T Gibney,2nd,5 l,6,11-13,92,True,108,44
Ballinrobe Racing Results | 19th April 2024 19:07,N/A,19:07,Soft (Soft To Heavy In Places),2m 6f 91y,Captain Jimmy (IRE),P K Donovan,5,P G Kelly,1st,N/A,11,11-5b,84,True,108,44
Ballinrobe Racing Results | 19th April 2024 19:37,N/A,19:37,Soft (Soft To Heavy In Places) ap Hurdle (Turf),2m 6f 91y,Mister Twist (IRE),Mr D M Russell,7,P Fenton,NR,N/A,6,12-2,107,True,108,45
Ballinrobe Racing Results | 19th April 2024 19:37,N/A,19:37,Soft (Soft To Heavy In Places) ap Hurdle (Turf),2m 6f 91y,King Of Cong (IRE),Mr D Allen,7,T O'Brien,PU,N/A,6,12-4,109,True,108,45
Ballinrobe Racing Results | 19th April 2024 19:37,N/A,19:37,Soft (Soft To Heavy In Places) ap Hurdle (Turf),2m 6f 91y,See A Stride (IRE),Mr F D Brickley,7,G Elliott,PU,N/A,7,11-13t,104,True,108,45
Ballinrobe Racing Results | 19th April 2024 19:37,N/A,19:37,Soft (Soft To Heavy In Places) ap Hurdle (Turf),2m 6f 91y,Not May (IRE),Mr Finn Tegetmeier,7,H P Finegan,11th,26 l,10,10-8t,85,True,108,45
Ballinrobe Racing Results | 19th April 2024 19:37,N/A,19:37,Soft (Soft To Heavy In Places) ap Hurdle (Turf),2m 6f 91y,Cave Court (IRE),Mr O McGill,7,N C Kelly,10th,1 1/2 l,7,12-4,109,True,108,45
Ballinrobe Racing Results | 19th April 2024 19:37,N/A,19:37,Soft (Soft To Heavy In Places) ap Hurdle (Turf),2m 6f 91y,Sea Road Fill (IRE),Mr E P O'Brien,5,D Collins,9th,4 1/4 l,7,11-7,98,True,108,45
Ballinrobe Racing Results | 19th April 2024 19:37,N/A,19:37,Soft (Soft To Heavy In Places) ap Hurdle (Turf),2m 6f 91y,Shotgun Jack (IRE),Ms E C Costello,7,P G Kelly,8th,1/2 l,6,12-4t1,109,True,108,45
Ballinrobe Racing Results | 19th April 2024 19:37,N/A,19:37,Soft (Soft To Heavy In Places) ap Hurdle (Turf),2m 6f 91y,Trackman Tommy (IRE),Miss L Costello,7,P G Kelly,7th,6 l,6,11-5,96,True,108,45
Ballinrobe Racing Results | 19th April 2024 19:37,N/A,19:37,Soft (Soft To Heavy In Places) ap Hurdle (Turf),2m 6f 91y,The Lucky Lobster,Mr T Walsh,7,D Queally,6th,1 1/2 l,5,10-13ht1,90,True,108,45
Ballinrobe Racing Results | 19th April 2024 19:37,N/A,19:37,Soft (Soft To Heavy In Places) ap Hurdle (Turf),2m 6f 91y,Noble Talent (IRE),Mr J C Barry,3,T J Nagle-Jr,5th,3 3/4 l,7,12-4,109,True,108,45
Ballinrobe Racing Results | 19th April 2024 19:37,N/A,19:37,Soft (Soft To Heavy In Places) ap Hurdle (Turf),2m 6f 91y,Nephin Beg (IRE),Mr J L Scallan,7,S Doyle,4th,1 l,6,11-7p1,98,True,108,45
Ballinrobe Racing Results | 19th April 2024 19:37,N/A,19:37,Soft (Soft To Heavy In Places) ap Hurdle (Turf),2m 6f 91y,My Friend The Wind (IRE),Mr D Doyle,7,E McNamara,3rd,Head,9,11-6,97,True,108,45
Ballinrobe Racing Results | 19th April 2024 19:37,N/A,19:37,Soft (Soft To Heavy In Places) ap Hurdle (Turf),2m 6f 91y,Onlyamatteroftime (IRE),Mr P W Mullins,0,W P Mullins,2nd,1 1/4 l,8,12-4,109,True,108,45
Ballinrobe Racing Results | 19th April 2024 19:37,N/A,19:37,Soft (Soft To Heavy In Places) ap Hurdle (Turf),2m 6f 91y,Oneforgonzo (IRE),Mr D O'Connor,0,S Aherne,1st,N/A,6,11-8,99,True,108,45
Ballinrobe Racing Results | 19th April 2024 19:37,N/A,19:37,Soft (Soft To Heavy In Places) ap Hurdle (Turf),2m 6f 91y,Mister Twist (IRE),Mr D M Russell,7,P Fenton,NR,N/A,6,12-2,107,True,108,45
Ballinrobe Racing Results | 19th April 2024 19:37,N/A,19:37,Soft (Soft To Heavy In Places) ap Hurdle (Turf),2m 6f 91y,King Of Cong (IRE),Mr D Allen,7,T O'Brien,PU,N/A,6,12-4,109,True,108,45
Ballinrobe Racing Results | 19th April 2024 19:37,N/A,19:37,Soft (Soft To Heavy In Places) ap Hurdle (Turf),2m 6f 91y,See A Stride (IRE),Mr F D Brickley,7,G Elliott,PU,N/A,7,11-13t,104,True,108,45
Ballinrobe Racing Results | 19th April 2024 19:37,N/A,19:37,Soft (Soft To Heavy In Places) ap Hurdle (Turf),2m 6f 91y,Not May (IRE),Mr Finn Tegetmeier,7,H P Finegan,11th,26 l,10,10-8t,85,True,108,45
Ballinrobe Racing Results | 19th April 2024 19:37,N/A,19:37,Soft (Soft To Heavy In Places) ap Hurdle (Turf),2m 6f 91y,Cave Court (IRE),Mr O McGill,7,N C Kelly,10th,1 1/2 l,7,12-4,109,True,108,45
Ballinrobe Racing Results | 19th April 2024 19:37,N/A,19:37,Soft (Soft To Heavy In Places) ap Hurdle (Turf),2m 6f 91y,Sea Road Fill (IRE),Mr E P O'Brien,5,D Collins,9th,4 1/4 l,7,11-7,98,True,108,45
Ballinrobe Racing Results | 19th April 2024 19:37,N/A,19:37,Soft (Soft To Heavy In Places) ap Hurdle (Turf),2m 6f 91y,Shotgun Jack (IRE),Ms E C Costello,7,P G Kelly,8th,1/2 l,6,12-4t1,109,True,108,45
Ballinrobe Racing Results | 19th April 2024 19:37,N/A,19:37,Soft (Soft To Heavy In Places) ap Hurdle (Turf),2m 6f 91y,Trackman Tommy (IRE),Miss L Costello,7,P G Kelly,7th,6 l,6,11-5,96,True,108,45
Ballinrobe Racing Results | 19th April 2024 19:37,N/A,19:37,Soft (Soft To Heavy In Places) ap Hurdle (Turf),2m 6f 91y,The Lucky Lobster,Mr T Walsh,7,D Queally,6th,1 1/2 l,5,10-13ht1,90,True,108,45
Ballinrobe Racing Results | 19th April 2024 19:37,N/A,19:37,Soft (Soft To Heavy In Places) ap Hurdle (Turf),2m 6f 91y,Noble Talent (IRE),Mr J C Barry,3,T J Nagle-Jr,5th,3 3/4 l,7,12-4,109,True,108,45
Ballinrobe Racing Results | 19th April 2024 19:37,N/A,19:37,Soft (Soft To Heavy In Places) ap Hurdle (Turf),2m 6f 91y,Nephin Beg (IRE),Mr J L Scallan,7,S Doyle,4th,1 l,6,11-7p1,98,True,108,45
Ballinrobe Racing Results | 19th April 2024 19:37,N/A,19:37,Soft (Soft To Heavy In Places) ap Hurdle (Turf),2m 6f 91y,My Friend The Wind (IRE),Mr D Doyle,7,E McNamara,3rd,Head,9,11-6,97,True,108,45
Ballinrobe Racing Results | 19th April 2024 19:37,N/A,19:37,Soft (Soft To Heavy In Places) ap Hurdle (Turf),2m 6f 91y,Onlyamatteroftime (IRE),Mr P W Mullins,0,W P Mullins,2nd,1 1/4 l,8,12-4,109,True,108,45
Ballinrobe Racing Results | 19th April 2024 19:37,N/A,19:37,Soft (Soft To Heavy In Places) ap Hurdle (Turf),2m 6f 91y,Oneforgonzo (IRE),Mr D O'Connor,0,S Aherne,1st,N/A,6,11-8,99,True,108,45
Ballinrobe Racing Results | 19th April 2024 20:07,N/A,20:07,Soft (Soft To Heavy In Places),1m 7f 164y,El Cairos (FR),Mr J W Hendrick,7,S Doyle,NR,N/A,4,11-10,-,True,108,46
Ballinrobe Racing Results | 19th April 2024 20:07,N/A,20:07,Soft (Soft To Heavy In Places),1m 7f 164y,Chuck Bass (IRE),Ms C A Walsh,7,P A Fahy,NR,N/A,4,11-10,-,True,108,46
Ballinrobe Racing Results | 19th April 2024 20:07,N/A,20:07,Soft (Soft To Heavy In Places),1m 7f 164y,Move It (IRE),Mr M J Kenneally,7,J Halley,10th,2 3/4 l,4,11-10,-,True,108,46
Ballinrobe Racing Results | 19th April 2024 20:07,N/A,20:07,Soft (Soft To Heavy In Places),1m 7f 164y,Elusive Ruby (IRE),Mr D Doyle,7,P A Fahy,9th,7 l,4,11-3,-,True,108,46
Ballinrobe Racing Results | 19th April 2024 20:07,N/A,20:07,Soft (Soft To Heavy In Places),1m 7f 164y,Deerpark Hill (IRE),Mr S Tobin,7,S Aherne,8th,5 1/2 l,4,11-10,-,True,108,46
Ballinrobe Racing Results | 19th April 2024 20:07,N/A,20:07,Soft (Soft To Heavy In Places),1m 7f 164y,Kingdom Calling (FR),Mr J C Barry,3,E McCarthy,7th,13 l,4,11-10,-,True,108,46
Ballinrobe Racing Results | 19th April 2024 20:07,N/A,20:07,Soft (Soft To Heavy In Places),1m 7f 164y,Real Empire,Mr F Maguire,0,J J Hanlon,6th,5 l,4,11-10h,-,True,108,46
Ballinrobe Racing Results | 19th April 2024 20:07,N/A,20:07,Soft (Soft To Heavy In Places),1m 7f 164y,Mack The Chemist (IRE),Mr J L Gleeson,5,H De Bromhead,5th,2 l,4,11-10,-,True,108,46
Ballinrobe Racing Results | 19th April 2024 20:07,N/A,20:07,Soft (Soft To Heavy In Places),1m 7f 164y,Pondicherry (IRE),Mr Alan O'Sullivan,7,P McCreery,4th,3 1/4 l,4,11-10,-,True,108,46
Ballinrobe Racing Results | 19th April 2024 20:07,N/A,20:07,Soft (Soft To Heavy In Places),1m 7f 164y,Gino Bella (IRE),Mr L T Turner,7,Barry J Fitzgerald,3rd,6 l,4,11-3,-,True,108,46
Ballinrobe Racing Results | 19th April 2024 20:07,N/A,20:07,Soft (Soft To Heavy In Places),1m 7f 164y,Swingin Safari (IRE),Mr H C Swan,5,S Curling,2nd,1/2 l,4,11-10,-,True,108,46
Ballinrobe Racing Results | 19th April 2024 20:07,N/A,20:07,Soft (Soft To Heavy In Places),1m 7f 164y,Butch Cassidy (IRE),Mr E P O'Brien,5,P Fenton,1st,N/A,4,11-10,-,True,108,46
Ballinrobe Racing Results | 19th April 2024 20:07,N/A,20:07,Soft (Soft To Heavy In Places),1m 7f 164y,El Cairos (FR),Mr J W Hendrick,7,S Doyle,NR,N/A,4,11-10,-,True,108,46
Ballinrobe Racing Results | 19th April 2024 20:07,N/A,20:07,Soft (Soft To Heavy In Places),1m 7f 164y,Chuck Bass (IRE),Ms C A Walsh,7,P A Fahy,NR,N/A,4,11-10,-,True,108,46
Ballinrobe Racing Results | 19th April 2024 20:07,N/A,20:07,Soft (Soft To Heavy In Places),1m 7f 164y,Move It (IRE),Mr M J Kenneally,7,J Halley,10th,2 3/4 l,4,11-10,-,True,108,46
Ballinrobe Racing Results | 19th April 2024 20:07,N/A,20:07,Soft (Soft To Heavy In Places),1m 7f 164y,Elusive Ruby (IRE),Mr D Doyle,7,P A Fahy,9th,7 l,4,11-3,-,True,108,46
Ballinrobe Racing Results | 19th April 2024 20:07,N/A,20:07,Soft (Soft To Heavy In Places),1m 7f 164y,Deerpark Hill (IRE),Mr S Tobin,7,S Aherne,8th,5 1/2 l,4,11-10,-,True,108,46
Ballinrobe Racing Results | 19th April 2024 20:07,N/A,20:07,Soft (Soft To Heavy In Places),1m 7f 164y,Kingdom Calling (FR),Mr J C Barry,3,E McCarthy,7th,13 l,4,11-10,-,True,108,46
Ballinrobe Racing Results | 19th April 2024 20:07,N/A,20:07,Soft (Soft To Heavy In Places),1m 7f 164y,Real Empire,Mr F Maguire,0,J J Hanlon,6th,5 l,4,11-10h,-,True,108,46
Ballinrobe Racing Results | 19th April 2024 20:07,N/A,20:07,Soft (Soft To Heavy In Places),1m 7f 164y,Mack The Chemist (IRE),Mr J L Gleeson,5,H De Bromhead,5th,2 l,4,11-10,-,True,108,46
Ballinrobe Racing Results | 19th April 2024 20:07,N/A,20:07,Soft (Soft To Heavy In Places),1m 7f 164y,Pondicherry (IRE),Mr Alan O'Sullivan,7,P McCreery,4th,3 1/4 l,4,11-10,-,True,108,46
Ballinrobe Racing Results | 19th April 2024 20:07,N/A,20:07,Soft (Soft To Heavy In Places),1m 7f 164y,Gino Bella (IRE),Mr L T Turner,7,Barry J Fitzgerald,3rd,6 l,4,11-3,-,True,108,46
Ballinrobe Racing Results | 19th April 2024 20:07,N/A,20:07,Soft (Soft To Heavy In Places),1m 7f 164y,Swingin Safari (IRE),Mr H C Swan,5,S Curling,2nd,1/2 l,4,11-10,-,True,108,46
Ballinrobe Racing Results | 19th April 2024 20:07,N/A,20:07,Soft (Soft To Heavy In Places),1m 7f 164y,Butch Cassidy (IRE),Mr E P O'Brien,5,P Fenton,1st,N/A,4,11-10,-,True,108,46
Curragh Racing Results | 20th April 2024 13:35,N/A,13:35,Heavy,7f,Empress Alma (IRE),R Whearty,5,G P Cromwell,NR,N/A,3,9-3,-,True,108,47
Curragh Racing Results | 20th April 2024 13:35,N/A,13:35,Heavy,7f,Auburn Avenue (IRE),R C Colgan,0,Chris Timmons,NR,N/A,3,9-3t1,-,True,108,47
Curragh Racing Results | 20th April 2024 13:35,N/A,13:35,Heavy,7f,Clouds Collide (IRE),A J Slattery,0,A Oliver,18th,1 3/4 l,3,9-3,-,True,108,47
Curragh Racing Results | 20th April 2024 13:35,N/A,13:35,Heavy,7f,Rappell (IRE),W J Lee,0,P W Flynn,17th,3 1/4 l,3,9-8,-,True,108,47
Curragh Racing Results | 20th April 2024 13:35,N/A,13:35,Heavy,7f,Bless Me (IRE),C D Maxwell,0,J A Kinsella,16th,8 l,3,9-3,-,True,108,47
Curragh Racing Results | 20th April 2024 13:35,N/A,13:35,Heavy,7f,Solar Saving (IRE),N G McCullagh,0,J S Bolger,15th,1/2 l,3,9-8,-,True,108,47
Curragh Racing Results | 20th April 2024 13:35,N/A,13:35,Heavy,7f,Kentucky Gal (IRE),J A Heffernan,0,A Mullins,14th,1/2 l,3,9-3,-,True,108,47
Curragh Racing Results | 20th April 2024 13:35,N/A,13:35,Heavy,7f,Bleak Midwinter (IRE),W M Lordan,0,N Lupini,13th,1 1/4 l,3,9-3,-,True,108,47
Curragh Racing Results | 20th April 2024 13:35,N/A,13:35,Heavy,7f,Your Out Of Line (IRE),S P Bird,7,M Mulvany,12th,Neck,3,9-8,-,True,108,47
Curragh Racing Results | 20th April 2024 13:35,N/A,13:35,Heavy,7f,Positive Energy (IRE),N M Crosse,0,W McCreery,11th,1/2 l,3,9-8,-,True,108,47
Curragh Racing Results | 20th April 2024 13:35,N/A,13:35,Heavy,7f,Mark's One (IRE),C D Hayes,0,G P Cromwell,10th,1 l,3,9-8t1,-,True,108,47
Curragh Racing Results | 20th April 2024 13:35,N/A,13:35,Heavy,7f,No Knee Never (IRE),D McMonagle,0,J P O'Brien,9th,Short Head,3,9-8,-,True,108,47
Curragh Racing Results | 20th April 2024 13:35,N/A,13:35,Heavy,7f,Wing Glider (IRE),L F Roche,0,R Brabazon,8th,Neck,3,9-3,-,True,108,47
Curragh Racing Results | 20th April 2024 13:35,N/A,13:35,Heavy,7f,Nans View (IRE),Neve Bennett,7,J P Fahey,7th,Head,3,9-3,-,True,108,47
Curragh Racing Results | 20th April 2024 13:35,N/A,13:35,Heavy,7f,White Clover (IRE),G F Carroll,0,J G Murphy,6th,1/2 l,3,9-3,-,True,108,47
Curragh Racing Results | 20th April 2024 13:35,N/A,13:35,Heavy,7f,Abbey Actress (IRE),R P Whelan,0,John O'Donoghue,5th,3/4 l,3,9-3,-,True,108,47
Curragh Racing Results | 20th April 2024 13:35,N/A,13:35,Heavy,7f,Kailasa (IRE),B M Coen,0,J P Murtagh,4th,1/2 l,3,9-3,-,True,108,47
Curragh Racing Results | 20th April 2024 13:35,N/A,13:35,Heavy,7f,Monasterboice (IRE),C T Keane,0,N Meade,3rd,1/2 l,3,9-8b1,-,True,108,47
Curragh Racing Results | 20th April 2024 13:35,N/A,13:35,Heavy,7f,Igor Stravinsky (IRE),R L Moore,0,A P O'Brien,2nd,Short Head,3,9-8b1,-,True,108,47
Curragh Racing Results | 20th April 2024 13:35,N/A,13:35,Heavy,7f,Zaynab (IRE),D P McDonogh,0,G Elliott,1st,N/A,3,9-3,-,True,108,47
Curragh Racing Results | 20th April 2024 13:35,N/A,13:35,Heavy,7f,Empress Alma (IRE),R Whearty,5,G P Cromwell,NR,N/A,3,9-3,-,True,108,47
Curragh Racing Results | 20th April 2024 13:35,N/A,13:35,Heavy,7f,Auburn Avenue (IRE),R C Colgan,0,Chris Timmons,NR,N/A,3,9-3t1,-,True,108,47
Curragh Racing Results | 20th April 2024 13:35,N/A,13:35,Heavy,7f,Clouds Collide (IRE),A J Slattery,0,A Oliver,18th,1 3/4 l,3,9-3,-,True,108,47
Curragh Racing Results | 20th April 2024 13:35,N/A,13:35,Heavy,7f,Rappell (IRE),W J Lee,0,P W Flynn,17th,3 1/4 l,3,9-8,-,True,108,47
Curragh Racing Results | 20th April 2024 13:35,N/A,13:35,Heavy,7f,Bless Me (IRE),C D Maxwell,0,J A Kinsella,16th,8 l,3,9-3,-,True,108,47
Curragh Racing Results | 20th April 2024 13:35,N/A,13:35,Heavy,7f,Solar Saving (IRE),N G McCullagh,0,J S Bolger,15th,1/2 l,3,9-8,-,True,108,47
Curragh Racing Results | 20th April 2024 13:35,N/A,13:35,Heavy,7f,Kentucky Gal (IRE),J A Heffernan,0,A Mullins,14th,1/2 l,3,9-3,-,True,108,47
Curragh Racing Results | 20th April 2024 13:35,N/A,13:35,Heavy,7f,Bleak Midwinter (IRE),W M Lordan,0,N Lupini,13th,1 1/4 l,3,9-3,-,True,108,47
Curragh Racing Results | 20th April 2024 13:35,N/A,13:35,Heavy,7f,Your Out Of Line (IRE),S P Bird,7,M Mulvany,12th,Neck,3,9-8,-,True,108,47
Curragh Racing Results | 20th April 2024 13:35,N/A,13:35,Heavy,7f,Positive Energy (IRE),N M Crosse,0,W McCreery,11th,1/2 l,3,9-8,-,True,108,47
Curragh Racing Results | 20th April 2024 13:35,N/A,13:35,Heavy,7f,Mark's One (IRE),C D Hayes,0,G P Cromwell,10th,1 l,3,9-8t1,-,True,108,47
Curragh Racing Results | 20th April 2024 13:35,N/A,13:35,Heavy,7f,No Knee Never (IRE),D McMonagle,0,J P O'Brien,9th,Short Head,3,9-8,-,True,108,47
Curragh Racing Results | 20th April 2024 13:35,N/A,13:35,Heavy,7f,Wing Glider (IRE),L F Roche,0,R Brabazon,8th,Neck,3,9-3,-,True,108,47
Curragh Racing Results | 20th April 2024 13:35,N/A,13:35,Heavy,7f,Nans View (IRE),Neve Bennett,7,J P Fahey,7th,Head,3,9-3,-,True,108,47
Curragh Racing Results | 20th April 2024 13:35,N/A,13:35,Heavy,7f,White Clover (IRE),G F Carroll,0,J G Murphy,6th,1/2 l,3,9-3,-,True,108,47
Curragh Racing Results | 20th April 2024 13:35,N/A,13:35,Heavy,7f,Abbey Actress (IRE),R P Whelan,0,John O'Donoghue,5th,3/4 l,3,9-3,-,True,108,47
Curragh Racing Results | 20th April 2024 13:35,N/A,13:35,Heavy,7f,Kailasa (IRE),B M Coen,0,J P Murtagh,4th,1/2 l,3,9-3,-,True,108,47
Curragh Racing Results | 20th April 2024 13:35,N/A,13:35,Heavy,7f,Monasterboice (IRE),C T Keane,0,N Meade,3rd,1/2 l,3,9-8b1,-,True,108,47
Curragh Racing Results | 20th April 2024 13:35,N/A,13:35,Heavy,7f,Igor Stravinsky (IRE),R L Moore,0,A P O'Brien,2nd,Short Head,3,9-8b1,-,True,108,47
Curragh Racing Results | 20th April 2024 13:35,N/A,13:35,Heavy,7f,Zaynab (IRE),D P McDonogh,0,G Elliott,1st,N/A,3,9-3,-,True,108,47
Curragh Racing Results | 20th April 2024 14:10,N/A,14:10,Heavy,5f,Jalaybee,C D Hayes,0,D K Weld,9th,1 l,3,8-11p,-,True,108,48
Curragh Racing Results | 20th April 2024 14:10,N/A,14:10,Heavy,5f,Verified (IRE),N G McCullagh,0,Charles Weld,8th,Head,3,9-1,-,True,108,48
Curragh Racing Results | 20th April 2024 14:10,N/A,14:10,Heavy,5f,Lia Fail (IRE),T Casey,10,M Mulvany,7th,2 3/4 l,3,9-10t1,-,True,108,48
Curragh Racing Results | 20th April 2024 14:10,N/A,14:10,Heavy,5f,Bonbon (IRE),M W Hassett,7,J P O'Brien,6th,3/4 l,3,9-11t,-,True,108,48
Curragh Racing Results | 20th April 2024 14:10,N/A,14:10,Heavy,5f,Sweetest (IRE),R L Moore,0,A P O'Brien,5th,Neck,3,9-3,-,True,108,48
Curragh Racing Results | 20th April 2024 14:10,N/A,14:10,Heavy,5f,Perfect Judgement (IRE),C J MacRedmond,5,A McGuinness,4th,1 1/2 l,3,9-4p1,-,True,108,48
Curragh Racing Results | 20th April 2024 14:10,N/A,14:10,Heavy,5f,Heavenly Being (IRE),S Foley,0,Mrs J Harrington,3rd,Nose,3,9-1,-,True,108,48
Curragh Racing Results | 20th April 2024 14:10,N/A,14:10,Heavy,5f,Pansy Poe (IRE),J M Sheridan,0,J A Stack,2nd,3/4 l,3,9-2,-,True,108,48
Curragh Racing Results | 20th April 2024 14:10,N/A,14:10,Heavy,5f,Bid For Chester (IRE),W Joyce,5,M Mulvany,1st,N/A,3,9-10t,-,True,108,48
Curragh Racing Results | 20th April 2024 14:10,N/A,14:10,Heavy,5f,Jalaybee,C D Hayes,0,D K Weld,9th,1 l,3,8-11p,-,True,108,48
Curragh Racing Results | 20th April 2024 14:10,N/A,14:10,Heavy,5f,Verified (IRE),N G McCullagh,0,Charles Weld,8th,Head,3,9-1,-,True,108,48
Curragh Racing Results | 20th April 2024 14:10,N/A,14:10,Heavy,5f,Lia Fail (IRE),T Casey,10,M Mulvany,7th,2 3/4 l,3,9-10t1,-,True,108,48
Curragh Racing Results | 20th April 2024 14:10,N/A,14:10,Heavy,5f,Bonbon (IRE),M W Hassett,7,J P O'Brien,6th,3/4 l,3,9-11t,-,True,108,48
Curragh Racing Results | 20th April 2024 14:10,N/A,14:10,Heavy,5f,Sweetest (IRE),R L Moore,0,A P O'Brien,5th,Neck,3,9-3,-,True,108,48
Curragh Racing Results | 20th April 2024 14:10,N/A,14:10,Heavy,5f,Perfect Judgement (IRE),C J MacRedmond,5,A McGuinness,4th,1 1/2 l,3,9-4p1,-,True,108,48
Curragh Racing Results | 20th April 2024 14:10,N/A,14:10,Heavy,5f,Heavenly Being (IRE),S Foley,0,Mrs J Harrington,3rd,Nose,3,9-1,-,True,108,48
Curragh Racing Results | 20th April 2024 14:10,N/A,14:10,Heavy,5f,Pansy Poe (IRE),J M Sheridan,0,J A Stack,2nd,3/4 l,3,9-2,-,True,108,48
Curragh Racing Results | 20th April 2024 14:10,N/A,14:10,Heavy,5f,Bid For Chester (IRE),W Joyce,5,M Mulvany,1st,N/A,3,9-10t,-,True,108,48
Curragh Racing Results | 20th April 2024 14:45,N/A,14:45,Heavy,1m,Current Option (IRE),C J MacRedmond,5,A McGuinness,16th,2 l,8,9-7h,87,True,108,49
Curragh Racing Results | 20th April 2024 14:45,N/A,14:45,Heavy,1m,Spirit Genie (IRE),J A Heffernan,0,J Candlish,15th,3/4 l,4,9-5tp,85,True,108,49
Curragh Racing Results | 20th April 2024 14:45,N/A,14:45,Heavy,1m,Lady Lunette (IRE),B M Coen,0,R P Cody,14th,1/2 l,4,9-7,87,True,108,49
Curragh Racing Results | 20th April 2024 14:45,N/A,14:45,Heavy,1m,Grey Leader (IRE),L T McAteer,0,J G Murphy,13th,1/2 l,4,9-10,90,True,108,49
Curragh Racing Results | 20th April 2024 14:45,N/A,14:45,Heavy,1m,Pralognan (FR),W M Lordan,0,A J Martin,12th,1 1/4 l,5,8-13t,79,True,108,49
Curragh Racing Results | 20th April 2024 14:45,N/A,14:45,Heavy,1m,Sirjack Thomas (IRE),J A Powell,3,A McGuinness,11th,1 l,9,8-7,73,True,108,49
Curragh Racing Results | 20th April 2024 14:45,N/A,14:45,Heavy,1m,Fiscal Rules (IRE),N G McCullagh,0,J S Bolger,10th,1/2 l,7,9-12,92,True,108,49
Curragh Racing Results | 20th April 2024 14:45,N/A,14:45,Heavy,1m,Scholarship (IRE),S T McCullagh,3,Gerard O'Leary,9th,Neck,4,9-6,86,True,108,49
Curragh Racing Results | 20th April 2024 14:45,N/A,14:45,Heavy,1m,Independent Expert (IRE),A J Slattery,0,A Slattery,8th,Neck,5,9-1,81,True,108,49
Curragh Racing Results | 20th April 2024 14:45,N/A,14:45,Heavy,1m,Mexicali Rose,D P McDonogh,0,J P O'Brien,7th,Short Head,4,9-2,82,True,108,49
Curragh Racing Results | 20th April 2024 14:45,N/A,14:45,Heavy,1m,Simply Sideways (IRE),M W Hassett,7,T Doyle,6th,1/2 l,7,9-6,86,True,108,49
Curragh Racing Results | 20th April 2024 14:45,N/A,14:45,Heavy,1m,Fast Tara (IRE),D McMonagle,0,J P O'Brien,5th,Neck,4,9-9,89,True,108,49
Curragh Racing Results | 20th April 2024 14:45,N/A,14:45,Heavy,1m,Mr Rango (IRE),S Foley,0,John M Harney,4th,3/4 l,6,9-8p1,88,True,108,49
Curragh Racing Results | 20th April 2024 14:45,N/A,14:45,Heavy,1m,Casanova,Adam Caffrey,5,A McGuinness,3rd,Short Head,8,9-5,85,True,108,49
Curragh Racing Results | 20th April 2024 14:45,N/A,14:45,Heavy,1m,Earls (IRE),G F Carroll,0,G P Cromwell,2nd,Nose,7,9-5t,85,True,108,49
Curragh Racing Results | 20th April 2024 14:45,N/A,14:45,Heavy,1m,Crystal Black (IRE),C T Keane,0,G Keane,1st,N/A,6,10-0,94,True,108,49
Curragh Racing Results | 20th April 2024 14:45,N/A,14:45,Heavy,1m,Current Option (IRE),C J MacRedmond,5,A McGuinness,16th,2 l,8,9-7h,87,True,108,49
Curragh Racing Results | 20th April 2024 14:45,N/A,14:45,Heavy,1m,Spirit Genie (IRE),J A Heffernan,0,J Candlish,15th,3/4 l,4,9-5tp,85,True,108,49
Curragh Racing Results | 20th April 2024 14:45,N/A,14:45,Heavy,1m,Lady Lunette (IRE),B M Coen,0,R P Cody,14th,1/2 l,4,9-7,87,True,108,49
Curragh Racing Results | 20th April 2024 14:45,N/A,14:45,Heavy,1m,Grey Leader (IRE),L T McAteer,0,J G Murphy,13th,1/2 l,4,9-10,90,True,108,49
Curragh Racing Results | 20th April 2024 14:45,N/A,14:45,Heavy,1m,Pralognan (FR),W M Lordan,0,A J Martin,12th,1 1/4 l,5,8-13t,79,True,108,49
Curragh Racing Results | 20th April 2024 14:45,N/A,14:45,Heavy,1m,Sirjack Thomas (IRE),J A Powell,3,A McGuinness,11th,1 l,9,8-7,73,True,108,49
Curragh Racing Results | 20th April 2024 14:45,N/A,14:45,Heavy,1m,Fiscal Rules (IRE),N G McCullagh,0,J S Bolger,10th,1/2 l,7,9-12,92,True,108,49
Curragh Racing Results | 20th April 2024 14:45,N/A,14:45,Heavy,1m,Scholarship (IRE),S T McCullagh,3,Gerard O'Leary,9th,Neck,4,9-6,86,True,108,49
Curragh Racing Results | 20th April 2024 14:45,N/A,14:45,Heavy,1m,Independent Expert (IRE),A J Slattery,0,A Slattery,8th,Neck,5,9-1,81,True,108,49
Curragh Racing Results | 20th April 2024 14:45,N/A,14:45,Heavy,1m,Mexicali Rose,D P McDonogh,0,J P O'Brien,7th,Short Head,4,9-2,82,True,108,49
Curragh Racing Results | 20th April 2024 14:45,N/A,14:45,Heavy,1m,Simply Sideways (IRE),M W Hassett,7,T Doyle,6th,1/2 l,7,9-6,86,True,108,49
Curragh Racing Results | 20th April 2024 14:45,N/A,14:45,Heavy,1m,Fast Tara (IRE),D McMonagle,0,J P O'Brien,5th,Neck,4,9-9,89,True,108,49
Curragh Racing Results | 20th April 2024 14:45,N/A,14:45,Heavy,1m,Mr Rango (IRE),S Foley,0,John M Harney,4th,3/4 l,6,9-8p1,88,True,108,49
Curragh Racing Results | 20th April 2024 14:45,N/A,14:45,Heavy,1m,Casanova,Adam Caffrey,5,A McGuinness,3rd,Short Head,8,9-5,85,True,108,49
Curragh Racing Results | 20th April 2024 14:45,N/A,14:45,Heavy,1m,Earls (IRE),G F Carroll,0,G P Cromwell,2nd,Nose,7,9-5t,85,True,108,49
Curragh Racing Results | 20th April 2024 14:45,N/A,14:45,Heavy,1m,Crystal Black (IRE),C T Keane,0,G Keane,1st,N/A,6,10-0,94,True,108,49
Curragh Racing Results | 20th April 2024 15:20,N/A,15:20,Heavy,1m,Cyprus Springs (IRE),O McSweeney,3,L Comer,NR,N/A,4,9-9,-,True,108,50
Curragh Racing Results | 20th April 2024 15:20,N/A,15:20,Heavy,1m,Silky Suilleabhain (IRE),R Whearty,5,P W Flynn,23rd,28 l,4,9-9,-,True,108,50
Curragh Racing Results | 20th April 2024 15:20,N/A,15:20,Heavy,1m,Unassuming (FR),D McMonagle,0,J P O'Brien,22nd,2 1/4 l,4,9-4,-,True,108,50
Curragh Racing Results | 20th April 2024 15:20,N/A,15:20,Heavy,1m,Harseva (IRE),J J G Ryan,5,G Keane,21st,5 1/2 l,4,9-4t1,-,True,108,50
Curragh Racing Results | 20th April 2024 15:20,N/A,15:20,Heavy,1m,Beaumadier (IRE),C Geerdharry,7,M C Grassick,20th,1 1/2 l,4,9-9h,-,True,108,50
Curragh Racing Results | 20th April 2024 15:20,N/A,15:20,Heavy,1m,Crystal's Heir (IRE),P A Harnett,5,P W Flynn,19th,Head,6,9-4,-,True,108,50
Curragh Racing Results | 20th April 2024 15:20,N/A,15:20,Heavy,1m,Eight By Ten (IRE),S T McCullagh,3,L Comer,18th,1 l,4,9-9t,-,True,108,50
Curragh Racing Results | 20th April 2024 15:20,N/A,15:20,Heavy,1m,Winning Smut (IRE),J A Heffernan,0,M Hourigan,17th,1 l,5,9-9,-,True,108,50
Curragh Racing Results | 20th April 2024 15:20,N/A,15:20,Heavy,1m,Lord Of Excess,G P Halpin,0,C Byrnes,16th,Head,4,9-9,-,True,108,50
Curragh Racing Results | 20th April 2024 15:20,N/A,15:20,Heavy,1m,Reckless Quality (IRE),R C Colgan,0,P Martin,15th,1 l,4,9-4t,-,True,108,50
Curragh Racing Results | 20th April 2024 15:20,N/A,15:20,Heavy,1m,Jack McNamara (IRE),L T McAteer,0,A Kinirons,14th,Head,4,9-9,-,True,108,50
Curragh Racing Results | 20th April 2024 15:20,N/A,15:20,Heavy,1m,Calzaghi (IRE),C M Hogan,7,Kevin Coleman,13th,1 l,4,9-9,-,True,108,50
Curragh Racing Results | 20th April 2024 15:20,N/A,15:20,Heavy,1m,Sevensees,B M Coen,0,J P Murtagh,12th,1 3/4 l,4,9-9,-,True,108,50
Curragh Racing Results | 20th April 2024 15:20,N/A,15:20,Heavy,1m,Gunsight (IRE),Adam Caffrey,5,Michael W O'Meara,11th,4 1/4 l,4,9-9,-,True,108,50
Curragh Racing Results | 20th April 2024 15:20,N/A,15:20,Heavy,1m,Spitfire Fighter (IRE),C T Keane,0,N Meade,10th,Short Head,4,9-9t1,-,True,108,50
Curragh Racing Results | 20th April 2024 15:20,N/A,15:20,Heavy,1m,Johanna Whitty (IRE),N G McCullagh,0,J S Bolger,9th,Head,4,9-4p1,-,True,108,50
Curragh Racing Results | 20th April 2024 15:20,N/A,15:20,Heavy,1m,Expound,J M Sheridan,0,D Hogan,8th,1 l,5,9-9t,-,True,108,50
Curragh Racing Results | 20th April 2024 15:20,N/A,15:20,Heavy,1m,Passionate (IRE),A J Slattery,0,A Slattery,7th,2 3/4 l,4,9-4,-,True,108,50
Curragh Racing Results | 20th April 2024 15:20,N/A,15:20,Heavy,1m,Nelda (IRE),S Foley,0,Mrs J Harrington,6th,1 1/4 l,4,9-4,-,True,108,50
Curragh Racing Results | 20th April 2024 15:20,N/A,15:20,Heavy,1m,Come On The Lads (IRE),R P Whelan,0,J Davison,5th,Short Head,4,9-9,-,True,108,50
Curragh Racing Results | 20th April 2024 15:20,N/A,15:20,Heavy,1m,Concluding Call (IRE),W J Lee,0,W McCreery,4th,Neck,4,9-4,-,True,108,50
Curragh Racing Results | 20th April 2024 15:20,N/A,15:20,Heavy,1m,Wisdomofhindsight,G F Carroll,0,A Oliver,3rd,2 1/4 l,4,9-9,-,True,108,50
Curragh Racing Results | 20th April 2024 15:20,N/A,15:20,Heavy,1m,Uncanny (IRE),R L Moore,0,Donnacha O'Brien,2nd,2 l,4,9-4,-,True,108,50
Curragh Racing Results | 20th April 2024 15:20,N/A,15:20,Heavy,1m,State Actor (IRE),C D Hayes,0,W T Farrell,1st,N/A,4,9-9,-,True,108,50
Curragh Racing Results | 20th April 2024 15:20,N/A,15:20,Heavy,1m,Cyprus Springs (IRE),O McSweeney,3,L Comer,NR,N/A,4,9-9,-,True,108,50
Curragh Racing Results | 20th April 2024 15:20,N/A,15:20,Heavy,1m,Silky Suilleabhain (IRE),R Whearty,5,P W Flynn,23rd,28 l,4,9-9,-,True,108,50
Curragh Racing Results | 20th April 2024 15:20,N/A,15:20,Heavy,1m,Unassuming (FR),D McMonagle,0,J P O'Brien,22nd,2 1/4 l,4,9-4,-,True,108,50
Curragh Racing Results | 20th April 2024 15:20,N/A,15:20,Heavy,1m,Harseva (IRE),J J G Ryan,5,G Keane,21st,5 1/2 l,4,9-4t1,-,True,108,50
Curragh Racing Results | 20th April 2024 15:20,N/A,15:20,Heavy,1m,Beaumadier (IRE),C Geerdharry,7,M C Grassick,20th,1 1/2 l,4,9-9h,-,True,108,50
Curragh Racing Results | 20th April 2024 15:20,N/A,15:20,Heavy,1m,Crystal's Heir (IRE),P A Harnett,5,P W Flynn,19th,Head,6,9-4,-,True,108,50
Curragh Racing Results | 20th April 2024 15:20,N/A,15:20,Heavy,1m,Eight By Ten (IRE),S T McCullagh,3,L Comer,18th,1 l,4,9-9t,-,True,108,50
Curragh Racing Results | 20th April 2024 15:20,N/A,15:20,Heavy,1m,Winning Smut (IRE),J A Heffernan,0,M Hourigan,17th,1 l,5,9-9,-,True,108,50
Curragh Racing Results | 20th April 2024 15:20,N/A,15:20,Heavy,1m,Lord Of Excess,G P Halpin,0,C Byrnes,16th,Head,4,9-9,-,True,108,50
Curragh Racing Results | 20th April 2024 15:20,N/A,15:20,Heavy,1m,Reckless Quality (IRE),R C Colgan,0,P Martin,15th,1 l,4,9-4t,-,True,108,50
Curragh Racing Results | 20th April 2024 15:20,N/A,15:20,Heavy,1m,Jack McNamara (IRE),L T McAteer,0,A Kinirons,14th,Head,4,9-9,-,True,108,50
Curragh Racing Results | 20th April 2024 15:20,N/A,15:20,Heavy,1m,Calzaghi (IRE),C M Hogan,7,Kevin Coleman,13th,1 l,4,9-9,-,True,108,50
Curragh Racing Results | 20th April 2024 15:20,N/A,15:20,Heavy,1m,Sevensees,B M Coen,0,J P Murtagh,12th,1 3/4 l,4,9-9,-,True,108,50
Curragh Racing Results | 20th April 2024 15:20,N/A,15:20,Heavy,1m,Gunsight (IRE),Adam Caffrey,5,Michael W O'Meara,11th,4 1/4 l,4,9-9,-,True,108,50
Curragh Racing Results | 20th April 2024 15:20,N/A,15:20,Heavy,1m,Spitfire Fighter (IRE),C T Keane,0,N Meade,10th,Short Head,4,9-9t1,-,True,108,50
Curragh Racing Results | 20th April 2024 15:20,N/A,15:20,Heavy,1m,Johanna Whitty (IRE),N G McCullagh,0,J S Bolger,9th,Head,4,9-4p1,-,True,108,50
Curragh Racing Results | 20th April 2024 15:20,N/A,15:20,Heavy,1m,Expound,J M Sheridan,0,D Hogan,8th,1 l,5,9-9t,-,True,108,50
Curragh Racing Results | 20th April 2024 15:20,N/A,15:20,Heavy,1m,Passionate (IRE),A J Slattery,0,A Slattery,7th,2 3/4 l,4,9-4,-,True,108,50
Curragh Racing Results | 20th April 2024 15:20,N/A,15:20,Heavy,1m,Nelda (IRE),S Foley,0,Mrs J Harrington,6th,1 1/4 l,4,9-4,-,True,108,50
Curragh Racing Results | 20th April 2024 15:20,N/A,15:20,Heavy,1m,Come On The Lads (IRE),R P Whelan,0,J Davison,5th,Short Head,4,9-9,-,True,108,50
Curragh Racing Results | 20th April 2024 15:20,N/A,15:20,Heavy,1m,Concluding Call (IRE),W J Lee,0,W McCreery,4th,Neck,4,9-4,-,True,108,50
Curragh Racing Results | 20th April 2024 15:20,N/A,15:20,Heavy,1m,Wisdomofhindsight,G F Carroll,0,A Oliver,3rd,2 1/4 l,4,9-9,-,True,108,50
Curragh Racing Results | 20th April 2024 15:20,N/A,15:20,Heavy,1m,Uncanny (IRE),R L Moore,0,Donnacha O'Brien,2nd,2 l,4,9-4,-,True,108,50
Curragh Racing Results | 20th April 2024 15:20,N/A,15:20,Heavy,1m,State Actor (IRE),C D Hayes,0,W T Farrell,1st,N/A,4,9-9,-,True,108,50
