track_name,race_date,race_time,going,distance,horse_name,jockey,claims,trainer,race_position,lost_by_length,age,weight,rating,first_place_found,batch_number,url_index_in_batch
Navan Racing Results | 25th August 2022 15:00,N/A,15:00,Good (Good To Firm In Places),1m,Sir Lovealot (IRE),Adam Caffrey,7,Adrian McGuinness,14th,3 1/2 l,3,9-8,-,True,17,1
Navan Racing Results | 25th August 2022 15:00,N/A,15:00,Good (Good To Firm In Places),1m,Gentleman Jimmy (IRE),G. P. Halpin,0,William J. Fitzpatrick,13th,1 1/4 l,3,9-8,-,True,17,1
Navan Racing Results | 25th August 2022 15:00,N/A,15:00,Good (Good To Firm In Places),1m,All Aboard (IRE),R. C. Colgan,0,John Joseph Murphy,12th,Nose,3,9-8,-,True,17,1
Navan Racing Results | 25th August 2022 15:00,N/A,15:00,Good (Good To Firm In Places),1m,Untouched (IRE),P. A. Harnett,7,Luke W. Comer,11th,Neck,4,9-9,-,True,17,1
Navan Racing Results | 25th August 2022 15:00,N/A,15:00,Good (Good To Firm In Places),1m,Beachmount Paddy (IRE),J. J. G. Ryan,7,T. G. McCourt,10th,1/2 l,3,9-8,-,True,17,1
Navan Racing Results | 25th August 2022 15:00,N/A,15:00,Good (Good To Firm In Places),1m,Bodean (IRE),R. P. Whelan,0,Jarlath P. Fahey,9th,1 3/4 l,3,9-8,-,True,17,1
Navan Racing Results | 25th August 2022 15:00,N/A,15:00,Good (Good To Firm In Places),1m,Miltonia (USA),W. M. Lordan,0,Henry de Bromhead,8th,3/4 l,3,9-3,-,True,17,1
Navan Racing Results | 25th August 2022 15:00,N/A,15:00,Good (Good To Firm In Places),1m,Khattaat (IRE),L. T. McAteer,3,Paul W. Flynn,7th,1 1/4 l,3,9-8,-,True,17,1
Navan Racing Results | 25th August 2022 15:00,N/A,15:00,Good (Good To Firm In Places),1m,Actually (IRE),G. F. Carroll,0,Michael Mulvany,6th,2 l,3,9-3,-,True,17,1
Navan Racing Results | 25th August 2022 15:00,N/A,15:00,Good (Good To Firm In Places),1m,Grant Wood (IRE),Ben Martin Coen,0,John Patrick Murtagh,5th,1 1/2 l,3,9-8b1,-,True,17,1
Navan Racing Results | 25th August 2022 15:00,N/A,15:00,Good (Good To Firm In Places),1m,Oh Cleo (IRE),C. T. Keane,0,G. M. Lyons,4th,Short Head,3,9-3,-,True,17,1
Navan Racing Results | 25th August 2022 15:00,N/A,15:00,Good (Good To Firm In Places),1m,The Lute Player (IRE),Seamie Heffernan,0,Aidan O'Brien,3rd,2 l,3,9-8,-,True,17,1
Navan Racing Results | 25th August 2022 15:00,N/A,15:00,Good (Good To Firm In Places),1m,Westernesse (IRE),C. D. Hayes,0,D. K. Weld,2nd,Neck,3,9-8,-,True,17,1
Navan Racing Results | 25th August 2022 15:00,N/A,15:00,Good (Good To Firm In Places),1m,Marcher Lord (IRE),William James Lee,0,W. McCreery,1st,N/A,3,9-8,-,True,17,1
Navan Racing Results | 25th August 2022 15:00,N/A,15:00,Good (Good To Firm In Places),1m,Sir Lovealot (IRE),Adam Caffrey,7,Adrian McGuinness,14th,3 1/2 l,3,9-8,-,True,17,1
Navan Racing Results | 25th August 2022 15:00,N/A,15:00,Good (Good To Firm In Places),1m,Gentleman Jimmy (IRE),G. P. Halpin,0,William J. Fitzpatrick,13th,1 1/4 l,3,9-8,-,True,17,1
Navan Racing Results | 25th August 2022 15:00,N/A,15:00,Good (Good To Firm In Places),1m,All Aboard (IRE),R. C. Colgan,0,John Joseph Murphy,12th,Nose,3,9-8,-,True,17,1
Navan Racing Results | 25th August 2022 15:00,N/A,15:00,Good (Good To Firm In Places),1m,Untouched (IRE),P. A. Harnett,7,Luke W. Comer,11th,Neck,4,9-9,-,True,17,1
Navan Racing Results | 25th August 2022 15:00,N/A,15:00,Good (Good To Firm In Places),1m,Beachmount Paddy (IRE),J. J. G. Ryan,7,T. G. McCourt,10th,1/2 l,3,9-8,-,True,17,1
Navan Racing Results | 25th August 2022 15:00,N/A,15:00,Good (Good To Firm In Places),1m,Bodean (IRE),R. P. Whelan,0,Jarlath P. Fahey,9th,1 3/4 l,3,9-8,-,True,17,1
Navan Racing Results | 25th August 2022 15:00,N/A,15:00,Good (Good To Firm In Places),1m,Miltonia (USA),W. M. Lordan,0,Henry de Bromhead,8th,3/4 l,3,9-3,-,True,17,1
Navan Racing Results | 25th August 2022 15:00,N/A,15:00,Good (Good To Firm In Places),1m,Khattaat (IRE),L. T. McAteer,3,Paul W. Flynn,7th,1 1/4 l,3,9-8,-,True,17,1
Navan Racing Results | 25th August 2022 15:00,N/A,15:00,Good (Good To Firm In Places),1m,Actually (IRE),G. F. Carroll,0,Michael Mulvany,6th,2 l,3,9-3,-,True,17,1
Navan Racing Results | 25th August 2022 15:00,N/A,15:00,Good (Good To Firm In Places),1m,Grant Wood (IRE),Ben Martin Coen,0,John Patrick Murtagh,5th,1 1/2 l,3,9-8b1,-,True,17,1
Navan Racing Results | 25th August 2022 15:00,N/A,15:00,Good (Good To Firm In Places),1m,Oh Cleo (IRE),C. T. Keane,0,G. M. Lyons,4th,Short Head,3,9-3,-,True,17,1
Navan Racing Results | 25th August 2022 15:00,N/A,15:00,Good (Good To Firm In Places),1m,The Lute Player (IRE),Seamie Heffernan,0,Aidan O'Brien,3rd,2 l,3,9-8,-,True,17,1
Navan Racing Results | 25th August 2022 15:00,N/A,15:00,Good (Good To Firm In Places),1m,Westernesse (IRE),C. D. Hayes,0,D. K. Weld,2nd,Neck,3,9-8,-,True,17,1
Navan Racing Results | 25th August 2022 15:00,N/A,15:00,Good (Good To Firm In Places),1m,Marcher Lord (IRE),William James Lee,0,W. McCreery,1st,N/A,3,9-8,-,True,17,1
Navan Racing Results | 25th August 2022 15:35,N/A,15:35,Good (Good To Firm In Places),1m,Dreal Deal (IRE),D. B. McMonagle,0,Ronan M. P. McNally,16th,9 1/2 l,7,9-7t,73,True,17,2
Navan Racing Results | 25th August 2022 15:35,N/A,15:35,Good (Good To Firm In Places),1m,Bridgehead (IRE),C. T. Keane,0,Noel Meade,15th,2 3/4 l,3,9-0b1,72,True,17,2
Navan Racing Results | 25th August 2022 15:35,N/A,15:35,Good (Good To Firm In Places),1m,Fox Leicester (IRE),Julie Burke,0,John Michael Burke,14th,3/4 l,6,9-7b,73,True,17,2
Navan Racing Results | 25th August 2022 15:35,N/A,15:35,Good (Good To Firm In Places),1m,Queens Command (IRE),Seamie Heffernan,0,Kevin Thomas Coleman,13th,1 l,3,9-0,72,True,17,2
Navan Racing Results | 25th August 2022 15:35,N/A,15:35,Good (Good To Firm In Places),1m,Morning Approach (IRE),William James Lee,0,W. McCreery,12th,1 1/2 l,4,9-5,71,True,17,2
Navan Racing Results | 25th August 2022 15:35,N/A,15:35,Good (Good To Firm In Places),1m,Bucky Larson (IRE),S. P. Bird,10,G. M. Lyons,11th,Head,7,10-4,84,True,17,2
Navan Racing Results | 25th August 2022 15:35,N/A,15:35,Good (Good To Firm In Places),1m,Church Mountain (IRE),D. King,7,Denis Hogan,10th,Head,4,9-12t,78,True,17,2
Navan Racing Results | 25th August 2022 15:35,N/A,15:35,Good (Good To Firm In Places),1m,Molly's Gamble (IRE),M. A. Enright,0,Mrs Denise Foster,9th,Neck,3,9-2tp,74,True,17,2
Navan Racing Results | 25th August 2022 15:35,N/A,15:35,Good (Good To Firm In Places),1m,Gradulations,W. M. Lordan,0,Andrew Oliver,8th,1 l,3,9-8,80,True,17,2
Navan Racing Results | 25th August 2022 15:35,N/A,15:35,Good (Good To Firm In Places),1m,Howyoulikethat (IRE),Ben Martin Coen,0,Miss Hilary McLoughlin,7th,1/2 l,5,9-12,78,True,17,2
Navan Racing Results | 25th August 2022 15:35,N/A,15:35,Good (Good To Firm In Places),1m,Snag It (IRE),Declan McDonogh,0,Matthew J. Smith,6th,Short Head,5,9-12,78,True,17,2
Navan Racing Results | 25th August 2022 15:35,N/A,15:35,Good (Good To Firm In Places),1m,Action Motion (IRE),M. P. Sheehy,3,Andrew Oliver,5th,1 1/2 l,3,8-10p,68,True,17,2
Navan Racing Results | 25th August 2022 15:35,N/A,15:35,Good (Good To Firm In Places),1m,Tyrconnell (IRE),S. M. Crosse,0,Sarah Lynam,4th,Head,8,10-1b,81,True,17,2
Navan Racing Results | 25th August 2022 15:35,N/A,15:35,Good (Good To Firm In Places),1m,Apple of His Eye (IRE),J. A. Powell,7,Richard Brabazon,3rd,1 3/4 l,4,9-8,74,True,17,2
Navan Racing Results | 25th August 2022 15:35,N/A,15:35,Good (Good To Firm In Places),1m,Ransom,J. M. Sheridan,3,Denis Hogan,2nd,Neck,5,9-8t,74,True,17,2
Navan Racing Results | 25th August 2022 15:35,N/A,15:35,Good (Good To Firm In Places),1m,Comfort Line (IRE),G. F. Carroll,0,Michael Mulvany,1st,N/A,5,10-1tp,81,True,17,2
Navan Racing Results | 25th August 2022 15:35,N/A,15:35,Good (Good To Firm In Places),1m,Dreal Deal (IRE),D. B. McMonagle,0,Ronan M. P. McNally,16th,9 1/2 l,7,9-7t,73,True,17,2
Navan Racing Results | 25th August 2022 15:35,N/A,15:35,Good (Good To Firm In Places),1m,Bridgehead (IRE),C. T. Keane,0,Noel Meade,15th,2 3/4 l,3,9-0b1,72,True,17,2
Navan Racing Results | 25th August 2022 15:35,N/A,15:35,Good (Good To Firm In Places),1m,Fox Leicester (IRE),Julie Burke,0,John Michael Burke,14th,3/4 l,6,9-7b,73,True,17,2
Navan Racing Results | 25th August 2022 15:35,N/A,15:35,Good (Good To Firm In Places),1m,Queens Command (IRE),Seamie Heffernan,0,Kevin Thomas Coleman,13th,1 l,3,9-0,72,True,17,2
Navan Racing Results | 25th August 2022 15:35,N/A,15:35,Good (Good To Firm In Places),1m,Morning Approach (IRE),William James Lee,0,W. McCreery,12th,1 1/2 l,4,9-5,71,True,17,2
Navan Racing Results | 25th August 2022 15:35,N/A,15:35,Good (Good To Firm In Places),1m,Bucky Larson (IRE),S. P. Bird,10,G. M. Lyons,11th,Head,7,10-4,84,True,17,2
Navan Racing Results | 25th August 2022 15:35,N/A,15:35,Good (Good To Firm In Places),1m,Church Mountain (IRE),D. King,7,Denis Hogan,10th,Head,4,9-12t,78,True,17,2
Navan Racing Results | 25th August 2022 15:35,N/A,15:35,Good (Good To Firm In Places),1m,Molly's Gamble (IRE),M. A. Enright,0,Mrs Denise Foster,9th,Neck,3,9-2tp,74,True,17,2
Navan Racing Results | 25th August 2022 15:35,N/A,15:35,Good (Good To Firm In Places),1m,Gradulations,W. M. Lordan,0,Andrew Oliver,8th,1 l,3,9-8,80,True,17,2
Navan Racing Results | 25th August 2022 15:35,N/A,15:35,Good (Good To Firm In Places),1m,Howyoulikethat (IRE),Ben Martin Coen,0,Miss Hilary McLoughlin,7th,1/2 l,5,9-12,78,True,17,2
Navan Racing Results | 25th August 2022 15:35,N/A,15:35,Good (Good To Firm In Places),1m,Snag It (IRE),Declan McDonogh,0,Matthew J. Smith,6th,Short Head,5,9-12,78,True,17,2
Navan Racing Results | 25th August 2022 15:35,N/A,15:35,Good (Good To Firm In Places),1m,Action Motion (IRE),M. P. Sheehy,3,Andrew Oliver,5th,1 1/2 l,3,8-10p,68,True,17,2
Navan Racing Results | 25th August 2022 15:35,N/A,15:35,Good (Good To Firm In Places),1m,Tyrconnell (IRE),S. M. Crosse,0,Sarah Lynam,4th,Head,8,10-1b,81,True,17,2
Navan Racing Results | 25th August 2022 15:35,N/A,15:35,Good (Good To Firm In Places),1m,Apple of His Eye (IRE),J. A. Powell,7,Richard Brabazon,3rd,1 3/4 l,4,9-8,74,True,17,2
Navan Racing Results | 25th August 2022 15:35,N/A,15:35,Good (Good To Firm In Places),1m,Ransom,J. M. Sheridan,3,Denis Hogan,2nd,Neck,5,9-8t,74,True,17,2
Navan Racing Results | 25th August 2022 15:35,N/A,15:35,Good (Good To Firm In Places),1m,Comfort Line (IRE),G. F. Carroll,0,Michael Mulvany,1st,N/A,5,10-1tp,81,True,17,2
Navan Racing Results | 25th August 2022 16:10,N/A,16:10,Good (Good To Firm In Places),1m 6f,Carslake,A. J. Slattery,0,Aengus King,10th,3/4 l,3,8-8ht1,48,True,17,3
Navan Racing Results | 25th August 2022 16:10,N/A,16:10,Good (Good To Firm In Places),1m 6f,Alice Diamond (IRE),W. M. Lordan,0,Noel Meade,9th,Head,3,8-10b1,50,True,17,3
Navan Racing Results | 25th August 2022 16:10,N/A,16:10,Good (Good To Firm In Places),1m 6f,Ham and Jam (IRE),C. T. Keane,0,A. J. Martin,8th,3 3/4 l,3,9-6,60,True,17,3
Navan Racing Results | 25th August 2022 16:10,N/A,16:10,Good (Good To Firm In Places),1m 6f,Eagles Perch (IRE),Siobhan Rutledge,5,John McConnell,7th,1 1/4 l,3,9-2,56,True,17,3
Navan Racing Results | 25th August 2022 16:10,N/A,16:10,Good (Good To Firm In Places),1m 6f,Gudrun Genberg (IRE),J. A. Powell,7,Aidan Anthony Howard,6th,3 1/4 l,3,8-7,47,True,17,3
Navan Racing Results | 25th August 2022 16:10,N/A,16:10,Good (Good To Firm In Places),1m 6f,Pale Moonlight (IRE),J. Coen,5,D. K. Weld,5th,Head,3,10-1v,69,True,17,3
Navan Racing Results | 25th August 2022 16:10,N/A,16:10,Good (Good To Firm In Places),1m 6f,Caramel Lizard (IRE),T. P. Madden,0,Ross O'Sullivan,4th,1 l,3,9-11,65,True,17,3
Navan Racing Results | 25th August 2022 16:10,N/A,16:10,Good (Good To Firm In Places),1m 6f,Gatito Rapido (USA),William James Lee,0,Andrew Oliver,3rd,4 1/2 l,3,10-2,70,True,17,3
Navan Racing Results | 25th August 2022 16:10,N/A,16:10,Good (Good To Firm In Places),1m 6f,Butterfly Garden (IRE),C. D. Hayes,0,Kevin Prendergast,2nd,Nose,3,9-13,67,True,17,3
Navan Racing Results | 25th August 2022 16:10,N/A,16:10,Good (Good To Firm In Places),1m 6f,Our Scholar (IRE),Ben Martin Coen,0,John Patrick Murtagh,1st,N/A,3,9-3p1,57,True,17,3
Navan Racing Results | 25th August 2022 16:10,N/A,16:10,Good (Good To Firm In Places),1m 6f,Carslake,A. J. Slattery,0,Aengus King,10th,3/4 l,3,8-8ht1,48,True,17,3
Navan Racing Results | 25th August 2022 16:10,N/A,16:10,Good (Good To Firm In Places),1m 6f,Alice Diamond (IRE),W. M. Lordan,0,Noel Meade,9th,Head,3,8-10b1,50,True,17,3
Navan Racing Results | 25th August 2022 16:10,N/A,16:10,Good (Good To Firm In Places),1m 6f,Ham and Jam (IRE),C. T. Keane,0,A. J. Martin,8th,3 3/4 l,3,9-6,60,True,17,3
Navan Racing Results | 25th August 2022 16:10,N/A,16:10,Good (Good To Firm In Places),1m 6f,Eagles Perch (IRE),Siobhan Rutledge,5,John McConnell,7th,1 1/4 l,3,9-2,56,True,17,3
Navan Racing Results | 25th August 2022 16:10,N/A,16:10,Good (Good To Firm In Places),1m 6f,Gudrun Genberg (IRE),J. A. Powell,7,Aidan Anthony Howard,6th,3 1/4 l,3,8-7,47,True,17,3
Navan Racing Results | 25th August 2022 16:10,N/A,16:10,Good (Good To Firm In Places),1m 6f,Pale Moonlight (IRE),J. Coen,5,D. K. Weld,5th,Head,3,10-1v,69,True,17,3
Navan Racing Results | 25th August 2022 16:10,N/A,16:10,Good (Good To Firm In Places),1m 6f,Caramel Lizard (IRE),T. P. Madden,0,Ross O'Sullivan,4th,1 l,3,9-11,65,True,17,3
Navan Racing Results | 25th August 2022 16:10,N/A,16:10,Good (Good To Firm In Places),1m 6f,Gatito Rapido (USA),William James Lee,0,Andrew Oliver,3rd,4 1/2 l,3,10-2,70,True,17,3
Navan Racing Results | 25th August 2022 16:10,N/A,16:10,Good (Good To Firm In Places),1m 6f,Butterfly Garden (IRE),C. D. Hayes,0,Kevin Prendergast,2nd,Nose,3,9-13,67,True,17,3
Navan Racing Results | 25th August 2022 16:10,N/A,16:10,Good (Good To Firm In Places),1m 6f,Our Scholar (IRE),Ben Martin Coen,0,John Patrick Murtagh,1st,N/A,3,9-3p1,57,True,17,3
Navan Racing Results | 25th August 2022 16:45,N/A,16:45,Good (Good To Firm In Places),1m 6f,Tenth Amendment (IRE),G. M. Ryan,0,Keith Henry Clarke,13th,Neck,8,9-1t,50,True,17,4
Navan Racing Results | 25th August 2022 16:45,N/A,16:45,Good (Good To Firm In Places),1m 6f,Sawbuck (IRE),C. G. O'Dwyer,7,Conor O'Dwyer,12th,1 l,4,9-2,51,True,17,4
Navan Racing Results | 25th August 2022 16:45,N/A,16:45,Good (Good To Firm In Places),1m 6f,Dark Matter (IRE),Ben Martin Coen,0,A. J. Martin,11th,3/4 l,4,8-12t,47,True,17,4
Navan Racing Results | 25th August 2022 16:45,N/A,16:45,Good (Good To Firm In Places),1m 6f,Book Of Verse (USA),R. P. Cleary,0,Charles O'Brien,10th,Short Head,4,9-12tb1,61,True,17,4
Navan Racing Results | 25th August 2022 16:45,N/A,16:45,Good (Good To Firm In Places),1m 6f,Building Bridges,Seamie Heffernan,0,Gary McGill,9th,2 l,6,9-11,60,True,17,4
Navan Racing Results | 25th August 2022 16:45,N/A,16:45,Good (Good To Firm In Places),1m 6f,Amlad (IRE),Emmet McNamara,0,Andrew McNamara,8th,3/4 l,8,9-9,58,True,17,4
Navan Racing Results | 25th August 2022 16:45,N/A,16:45,Good (Good To Firm In Places),1m 6f,Walnut Beach (IRE),J. Coen,5,Patrick J. Flynn,7th,2 l,5,10-0,63,True,17,4
Navan Racing Results | 25th August 2022 16:45,N/A,16:45,Good (Good To Firm In Places),1m 6f,Fox Fearless,S. McCullagh,3,Oliver McKiernan,6th,3/4 l,6,10-1p,64,True,17,4
Navan Racing Results | 25th August 2022 16:45,N/A,16:45,Good (Good To Firm In Places),1m 6f,Dinamine (IRE),Adam Caffrey,7,David Peter Dunne,5th,Short Head,4,9-7,56,True,17,4
Navan Racing Results | 25th August 2022 16:45,N/A,16:45,Good (Good To Firm In Places),1m 6f,Franno (IRE),C. T. Keane,0,Gerard Keane,4th,1 1/2 l,5,9-9,58,True,17,4
Navan Racing Results | 25th August 2022 16:45,N/A,16:45,Good (Good To Firm In Places),1m 6f,Guild,C. D. Hayes,0,Luke Comer,3rd,4 1/2 l,7,10-2t,65,True,17,4
Navan Racing Results | 25th August 2022 16:45,N/A,16:45,Good (Good To Firm In Places),1m 6f,Benz (IRE),Declan McDonogh,0,Gordon Elliott,2nd,5 l,4,8-12,47,True,17,4
Navan Racing Results | 25th August 2022 16:45,N/A,16:45,Good (Good To Firm In Places),1m 6f,Imperial Choice (FR),William James Lee,0,Charles Byrnes,1st,N/A,7,9-5,54,True,17,4
Navan Racing Results | 25th August 2022 16:45,N/A,16:45,Good (Good To Firm In Places),1m 6f,Tenth Amendment (IRE),G. M. Ryan,0,Keith Henry Clarke,13th,Neck,8,9-1t,50,True,17,4
Navan Racing Results | 25th August 2022 16:45,N/A,16:45,Good (Good To Firm In Places),1m 6f,Sawbuck (IRE),C. G. O'Dwyer,7,Conor O'Dwyer,12th,1 l,4,9-2,51,True,17,4
Navan Racing Results | 25th August 2022 16:45,N/A,16:45,Good (Good To Firm In Places),1m 6f,Dark Matter (IRE),Ben Martin Coen,0,A. J. Martin,11th,3/4 l,4,8-12t,47,True,17,4
Navan Racing Results | 25th August 2022 16:45,N/A,16:45,Good (Good To Firm In Places),1m 6f,Book Of Verse (USA),R. P. Cleary,0,Charles O'Brien,10th,Short Head,4,9-12tb1,61,True,17,4
Navan Racing Results | 25th August 2022 16:45,N/A,16:45,Good (Good To Firm In Places),1m 6f,Building Bridges,Seamie Heffernan,0,Gary McGill,9th,2 l,6,9-11,60,True,17,4
Navan Racing Results | 25th August 2022 16:45,N/A,16:45,Good (Good To Firm In Places),1m 6f,Amlad (IRE),Emmet McNamara,0,Andrew McNamara,8th,3/4 l,8,9-9,58,True,17,4
Navan Racing Results | 25th August 2022 16:45,N/A,16:45,Good (Good To Firm In Places),1m 6f,Walnut Beach (IRE),J. Coen,5,Patrick J. Flynn,7th,2 l,5,10-0,63,True,17,4
Navan Racing Results | 25th August 2022 16:45,N/A,16:45,Good (Good To Firm In Places),1m 6f,Fox Fearless,S. McCullagh,3,Oliver McKiernan,6th,3/4 l,6,10-1p,64,True,17,4
Navan Racing Results | 25th August 2022 16:45,N/A,16:45,Good (Good To Firm In Places),1m 6f,Dinamine (IRE),Adam Caffrey,7,David Peter Dunne,5th,Short Head,4,9-7,56,True,17,4
Navan Racing Results | 25th August 2022 16:45,N/A,16:45,Good (Good To Firm In Places),1m 6f,Franno (IRE),C. T. Keane,0,Gerard Keane,4th,1 1/2 l,5,9-9,58,True,17,4
Navan Racing Results | 25th August 2022 16:45,N/A,16:45,Good (Good To Firm In Places),1m 6f,Guild,C. D. Hayes,0,Luke Comer,3rd,4 1/2 l,7,10-2t,65,True,17,4
Navan Racing Results | 25th August 2022 16:45,N/A,16:45,Good (Good To Firm In Places),1m 6f,Benz (IRE),Declan McDonogh,0,Gordon Elliott,2nd,5 l,4,8-12,47,True,17,4
Navan Racing Results | 25th August 2022 16:45,N/A,16:45,Good (Good To Firm In Places),1m 6f,Imperial Choice (FR),William James Lee,0,Charles Byrnes,1st,N/A,7,9-5,54,True,17,4
Navan Racing Results | 25th August 2022 17:15,N/A,17:15,Good (Good To Firm In Places),1m 6f,Polar Peak (IRE),G. M. Ryan,0,P. A. Fahy,13th,4 3/4 l,6,8-12t,47,True,17,5
Navan Racing Results | 25th August 2022 17:15,N/A,17:15,Good (Good To Firm In Places),1m 6f,Shaylee (IRE),T. P. Madden,0,N. Madden,12th,3/4 l,4,8-12,47,True,17,5
Navan Racing Results | 25th August 2022 17:15,N/A,17:15,Good (Good To Firm In Places),1m 6f,Quiet Desire (IRE),D. A. Kidd,10,Garry Bernard Caldwell,11th,1 3/4 l,6,9-3p,52,True,17,5
Navan Racing Results | 25th August 2022 17:15,N/A,17:15,Good (Good To Firm In Places),1m 6f,Nailed Down (IRE),M. A. Enright,0,V. C. Ward,10th,1 1/2 l,5,8-12,47,True,17,5
Navan Racing Results | 25th August 2022 17:15,N/A,17:15,Good (Good To Firm In Places),1m 6f,Gold Haven (IRE),G. F. Carroll,0,Michael Mulvany,9th,1 l,4,8-12,47,True,17,5
Navan Racing Results | 25th August 2022 17:15,N/A,17:15,Good (Good To Firm In Places),1m 6f,Miss Cunning (IRE),William James Lee,0,Aengus King,8th,1 3/4 l,5,9-10,59,True,17,5
Navan Racing Results | 25th August 2022 17:15,N/A,17:15,Good (Good To Firm In Places),1m 6f,Futurum Regem (IRE),N. M. Crosse,3,Hugh P. Finegan,7th,Neck,6,8-12,47,True,17,5
Navan Racing Results | 25th August 2022 17:15,N/A,17:15,Good (Good To Firm In Places),1m 6f,Britzka (IRE),Sam Ewing,3,Gordon Elliott,6th,2 3/4 l,4,10-1tp,64,True,17,5
Navan Racing Results | 25th August 2022 17:15,N/A,17:15,Good (Good To Firm In Places),1m 6f,Chateau Musar (IRE),G. P. Halpin,0,John Geoghegan,5th,1/2 l,5,9-4tb1,53,True,17,5
Navan Racing Results | 25th August 2022 17:15,N/A,17:15,Good (Good To Firm In Places),1m 6f,Wish Me (IRE),R. P. Cleary,0,Keith Henry Clarke,4th,Head,6,8-12,47,True,17,5
Navan Racing Results | 25th August 2022 17:15,N/A,17:15,Good (Good To Firm In Places),1m 6f,Rips Dream (IRE),A. C. Persse,7,Patrick J. Flynn,3rd,Neck,7,9-7,56,True,17,5
Navan Racing Results | 25th August 2022 17:15,N/A,17:15,Good (Good To Firm In Places),1m 6f,Punters Poet (IRE),Declan McDonogh,0,Matthew J. Smith,2nd,3/4 l,7,8-12t,47,True,17,5
Navan Racing Results | 25th August 2022 17:15,N/A,17:15,Good (Good To Firm In Places),1m 6f,Swelltime (IRE),Seamie Heffernan,0,William O'Doherty,1st,N/A,6,8-13,48,True,17,5
Navan Racing Results | 25th August 2022 17:15,N/A,17:15,Good (Good To Firm In Places),1m 6f,Polar Peak (IRE),G. M. Ryan,0,P. A. Fahy,13th,4 3/4 l,6,8-12t,47,True,17,5
Navan Racing Results | 25th August 2022 17:15,N/A,17:15,Good (Good To Firm In Places),1m 6f,Shaylee (IRE),T. P. Madden,0,N. Madden,12th,3/4 l,4,8-12,47,True,17,5
Navan Racing Results | 25th August 2022 17:15,N/A,17:15,Good (Good To Firm In Places),1m 6f,Quiet Desire (IRE),D. A. Kidd,10,Garry Bernard Caldwell,11th,1 3/4 l,6,9-3p,52,True,17,5
Navan Racing Results | 25th August 2022 17:15,N/A,17:15,Good (Good To Firm In Places),1m 6f,Nailed Down (IRE),M. A. Enright,0,V. C. Ward,10th,1 1/2 l,5,8-12,47,True,17,5
Navan Racing Results | 25th August 2022 17:15,N/A,17:15,Good (Good To Firm In Places),1m 6f,Gold Haven (IRE),G. F. Carroll,0,Michael Mulvany,9th,1 l,4,8-12,47,True,17,5
Navan Racing Results | 25th August 2022 17:15,N/A,17:15,Good (Good To Firm In Places),1m 6f,Miss Cunning (IRE),William James Lee,0,Aengus King,8th,1 3/4 l,5,9-10,59,True,17,5
Navan Racing Results | 25th August 2022 17:15,N/A,17:15,Good (Good To Firm In Places),1m 6f,Futurum Regem (IRE),N. M. Crosse,3,Hugh P. Finegan,7th,Neck,6,8-12,47,True,17,5
Navan Racing Results | 25th August 2022 17:15,N/A,17:15,Good (Good To Firm In Places),1m 6f,Britzka (IRE),Sam Ewing,3,Gordon Elliott,6th,2 3/4 l,4,10-1tp,64,True,17,5
Navan Racing Results | 25th August 2022 17:15,N/A,17:15,Good (Good To Firm In Places),1m 6f,Chateau Musar (IRE),G. P. Halpin,0,John Geoghegan,5th,1/2 l,5,9-4tb1,53,True,17,5
Navan Racing Results | 25th August 2022 17:15,N/A,17:15,Good (Good To Firm In Places),1m 6f,Wish Me (IRE),R. P. Cleary,0,Keith Henry Clarke,4th,Head,6,8-12,47,True,17,5
Navan Racing Results | 25th August 2022 17:15,N/A,17:15,Good (Good To Firm In Places),1m 6f,Rips Dream (IRE),A. C. Persse,7,Patrick J. Flynn,3rd,Neck,7,9-7,56,True,17,5
Navan Racing Results | 25th August 2022 17:15,N/A,17:15,Good (Good To Firm In Places),1m 6f,Punters Poet (IRE),Declan McDonogh,0,Matthew J. Smith,2nd,3/4 l,7,8-12t,47,True,17,5
Navan Racing Results | 25th August 2022 17:15,N/A,17:15,Good (Good To Firm In Places),1m 6f,Swelltime (IRE),Seamie Heffernan,0,William O'Doherty,1st,N/A,6,8-13,48,True,17,5
Tipperary Racing Results | 26th August 2022 16:15,N/A,16:15,Good (Good To Firm In Places),7f 110y,Little Fury (IRE),Seamie Heffernan,0,P. J. Rothwell,7th,Nose,2,9-4,-,True,17,6
Tipperary Racing Results | 26th August 2022 16:15,N/A,16:15,Good (Good To Firm In Places),7f 110y,Lightupthesky (IRE),C. D. Hayes,0,Kevin Prendergast,6th,3 3/4 l,2,9-6,-,True,17,6
Tipperary Racing Results | 26th August 2022 16:15,N/A,16:15,Good (Good To Firm In Places),7f 110y,Ooh La Belle (IRE),N. M. Crosse,3,W. McCreery,5th,2 l,2,9-4v1,-,True,17,6
Tipperary Racing Results | 26th August 2022 16:15,N/A,16:15,Good (Good To Firm In Places),7f 110y,Paulliac (IRE),William James Lee,0,K. J. Condon,4th,1 1/4 l,2,9-12,-,True,17,6
Tipperary Racing Results | 26th August 2022 16:15,N/A,16:15,Good (Good To Firm In Places),7f 110y,Lady Skipper (IRE),L. T. McAteer,3,James M. Barrett,3rd,3 l,2,9-12,-,True,17,6
Tipperary Racing Results | 26th August 2022 16:15,N/A,16:15,Good (Good To Firm In Places),7f 110y,Fendi,C. Horgan,7,James M. Barrett,2nd,1 1/4 l,2,9-8,-,True,17,6
Tipperary Racing Results | 26th August 2022 16:15,N/A,16:15,Good (Good To Firm In Places),7f 110y,Blindsided (IRE),P. A. Harnett,7,Donnacha Aidan O'Brien,1st,N/A,2,9-12b1,-,True,17,6
Tipperary Racing Results | 26th August 2022 16:15,N/A,16:15,Good (Good To Firm In Places),7f 110y,Little Fury (IRE),Seamie Heffernan,0,P. J. Rothwell,7th,Nose,2,9-4,-,True,17,6
Tipperary Racing Results | 26th August 2022 16:15,N/A,16:15,Good (Good To Firm In Places),7f 110y,Lightupthesky (IRE),C. D. Hayes,0,Kevin Prendergast,6th,3 3/4 l,2,9-6,-,True,17,6
Tipperary Racing Results | 26th August 2022 16:15,N/A,16:15,Good (Good To Firm In Places),7f 110y,Ooh La Belle (IRE),N. M. Crosse,3,W. McCreery,5th,2 l,2,9-4v1,-,True,17,6
Tipperary Racing Results | 26th August 2022 16:15,N/A,16:15,Good (Good To Firm In Places),7f 110y,Paulliac (IRE),William James Lee,0,K. J. Condon,4th,1 1/4 l,2,9-12,-,True,17,6
Tipperary Racing Results | 26th August 2022 16:15,N/A,16:15,Good (Good To Firm In Places),7f 110y,Lady Skipper (IRE),L. T. McAteer,3,James M. Barrett,3rd,3 l,2,9-12,-,True,17,6
Tipperary Racing Results | 26th August 2022 16:15,N/A,16:15,Good (Good To Firm In Places),7f 110y,Fendi,C. Horgan,7,James M. Barrett,2nd,1 1/4 l,2,9-8,-,True,17,6
Tipperary Racing Results | 26th August 2022 16:15,N/A,16:15,Good (Good To Firm In Places),7f 110y,Blindsided (IRE),P. A. Harnett,7,Donnacha Aidan O'Brien,1st,N/A,2,9-12b1,-,True,17,6
Tipperary Racing Results | 26th August 2022 16:50,N/A,16:50,Good (Good To Firm In Places),7f 110y,Apprentice (IRE),C. D. Hayes,0,Mark Cahill,12th,1/2 l,2,9-2,-,True,17,7
Tipperary Racing Results | 26th August 2022 16:50,N/A,16:50,Good (Good To Firm In Places),7f 110y,Bride Tree,Adam Caffrey,7,Adrian McGuinness,11th,2 l,2,9-2,-,True,17,7
Tipperary Racing Results | 26th August 2022 16:50,N/A,16:50,Good (Good To Firm In Places),7f 110y,The Fog Horn (IRE),James J. Doyle,0,Seamus G. O'Donnell,10th,1 3/4 l,2,9-2,-,True,17,7
Tipperary Racing Results | 26th August 2022 16:50,N/A,16:50,Good (Good To Firm In Places),7f 110y,Sashay (IRE),D. B. McMonagle,0,Joseph Patrick O'Brien,9th,1/2 l,2,9-2,-,True,17,7
Tipperary Racing Results | 26th August 2022 16:50,N/A,16:50,Good (Good To Firm In Places),7f 110y,Al Sayah,R. P. Whelan,0,John Stephen O'Donoghue,8th,Neck,2,9-2,-,True,17,7
Tipperary Racing Results | 26th August 2022 16:50,N/A,16:50,Good (Good To Firm In Places),7f 110y,Lake Illawarra (IRE),Ben Martin Coen,0,John Patrick Murtagh,7th,1 1/2 l,2,9-2,-,True,17,7
Tipperary Racing Results | 26th August 2022 16:50,N/A,16:50,Good (Good To Firm In Places),7f 110y,Satin,Shane Foley,0,Mrs J. Harrington,6th,1 3/4 l,2,9-2,-,True,17,7
Tipperary Racing Results | 26th August 2022 16:50,N/A,16:50,Good (Good To Firm In Places),7f 110y,Marsh Lock (IRE),A. J. Slattery,0,J. A. Stack,5th,1/2 l,2,9-2,-,True,17,7
Tipperary Racing Results | 26th August 2022 16:50,N/A,16:50,Good (Good To Firm In Places),7f 110y,On the Money (IRE),R. P. Cleary,0,J. S. Bolger,4th,3/4 l,2,9-2,-,True,17,7
Tipperary Racing Results | 26th August 2022 16:50,N/A,16:50,Good (Good To Firm In Places),7f 110y,Amusement (IRE),G. M. Ryan,0,Donnacha Aidan O'Brien,3rd,1/2 l,2,9-2,-,True,17,7
Tipperary Racing Results | 26th August 2022 16:50,N/A,16:50,Good (Good To Firm In Places),7f 110y,Bella Blue Eyes (IRE),William James Lee,0,P. Twomey,2nd,3 1/2 l,2,9-2,-,True,17,7
Tipperary Racing Results | 26th August 2022 16:50,N/A,16:50,Good (Good To Firm In Places),7f 110y,Library (IRE),Seamie Heffernan,0,Aidan O'Brien,1st,N/A,2,9-2,-,True,17,7
Tipperary Racing Results | 26th August 2022 16:50,N/A,16:50,Good (Good To Firm In Places),7f 110y,Apprentice (IRE),C. D. Hayes,0,Mark Cahill,12th,1/2 l,2,9-2,-,True,17,7
Tipperary Racing Results | 26th August 2022 16:50,N/A,16:50,Good (Good To Firm In Places),7f 110y,Bride Tree,Adam Caffrey,7,Adrian McGuinness,11th,2 l,2,9-2,-,True,17,7
Tipperary Racing Results | 26th August 2022 16:50,N/A,16:50,Good (Good To Firm In Places),7f 110y,The Fog Horn (IRE),James J. Doyle,0,Seamus G. O'Donnell,10th,1 3/4 l,2,9-2,-,True,17,7
Tipperary Racing Results | 26th August 2022 16:50,N/A,16:50,Good (Good To Firm In Places),7f 110y,Sashay (IRE),D. B. McMonagle,0,Joseph Patrick O'Brien,9th,1/2 l,2,9-2,-,True,17,7
Tipperary Racing Results | 26th August 2022 16:50,N/A,16:50,Good (Good To Firm In Places),7f 110y,Al Sayah,R. P. Whelan,0,John Stephen O'Donoghue,8th,Neck,2,9-2,-,True,17,7
Tipperary Racing Results | 26th August 2022 16:50,N/A,16:50,Good (Good To Firm In Places),7f 110y,Lake Illawarra (IRE),Ben Martin Coen,0,John Patrick Murtagh,7th,1 1/2 l,2,9-2,-,True,17,7
Tipperary Racing Results | 26th August 2022 16:50,N/A,16:50,Good (Good To Firm In Places),7f 110y,Satin,Shane Foley,0,Mrs J. Harrington,6th,1 3/4 l,2,9-2,-,True,17,7
Tipperary Racing Results | 26th August 2022 16:50,N/A,16:50,Good (Good To Firm In Places),7f 110y,Marsh Lock (IRE),A. J. Slattery,0,J. A. Stack,5th,1/2 l,2,9-2,-,True,17,7
Tipperary Racing Results | 26th August 2022 16:50,N/A,16:50,Good (Good To Firm In Places),7f 110y,On the Money (IRE),R. P. Cleary,0,J. S. Bolger,4th,3/4 l,2,9-2,-,True,17,7
Tipperary Racing Results | 26th August 2022 16:50,N/A,16:50,Good (Good To Firm In Places),7f 110y,Amusement (IRE),G. M. Ryan,0,Donnacha Aidan O'Brien,3rd,1/2 l,2,9-2,-,True,17,7
Tipperary Racing Results | 26th August 2022 16:50,N/A,16:50,Good (Good To Firm In Places),7f 110y,Bella Blue Eyes (IRE),William James Lee,0,P. Twomey,2nd,3 1/2 l,2,9-2,-,True,17,7
Tipperary Racing Results | 26th August 2022 16:50,N/A,16:50,Good (Good To Firm In Places),7f 110y,Library (IRE),Seamie Heffernan,0,Aidan O'Brien,1st,N/A,2,9-2,-,True,17,7
Tipperary Racing Results | 26th August 2022 17:25,N/A,17:25,Good (Good To Firm In Places),7f 110y,Exquisite Acclaim (IRE),R. P. Whelan,0,Adrian McGuinness,5th,2 l,3,9-11p,-,True,17,8
Tipperary Racing Results | 26th August 2022 17:25,N/A,17:25,Good (Good To Firm In Places),7f 110y,Freescape,M. P. Sheehy,3,David Marnane,4th,1 1/4 l,7,10-0,-,True,17,8
Tipperary Racing Results | 26th August 2022 17:25,N/A,17:25,Good (Good To Firm In Places),7f 110y,Longbourn (IRE),J. M. Sheridan,3,Ross O'Sullivan,3rd,1 1/4 l,6,9-10t,-,True,17,8
Tipperary Racing Results | 26th August 2022 17:25,N/A,17:25,Good (Good To Firm In Places),7f 110y,Alessandro Algardi (IRE),J. Coen,5,Joseph Patrick O'Brien,2nd,3/4 l,4,10-0t,-,True,17,8
Tipperary Racing Results | 26th August 2022 17:25,N/A,17:25,Good (Good To Firm In Places),7f 110y,Emporio (IRE),G. M. Ryan,0,Donnacha Aidan O'Brien,1st,N/A,4,9-10,-,True,17,8
Tipperary Racing Results | 26th August 2022 17:25,N/A,17:25,Good (Good To Firm In Places),7f 110y,Exquisite Acclaim (IRE),R. P. Whelan,0,Adrian McGuinness,5th,2 l,3,9-11p,-,True,17,8
Tipperary Racing Results | 26th August 2022 17:25,N/A,17:25,Good (Good To Firm In Places),7f 110y,Freescape,M. P. Sheehy,3,David Marnane,4th,1 1/4 l,7,10-0,-,True,17,8
Tipperary Racing Results | 26th August 2022 17:25,N/A,17:25,Good (Good To Firm In Places),7f 110y,Longbourn (IRE),J. M. Sheridan,3,Ross O'Sullivan,3rd,1 1/4 l,6,9-10t,-,True,17,8
Tipperary Racing Results | 26th August 2022 17:25,N/A,17:25,Good (Good To Firm In Places),7f 110y,Alessandro Algardi (IRE),J. Coen,5,Joseph Patrick O'Brien,2nd,3/4 l,4,10-0t,-,True,17,8
Tipperary Racing Results | 26th August 2022 17:25,N/A,17:25,Good (Good To Firm In Places),7f 110y,Emporio (IRE),G. M. Ryan,0,Donnacha Aidan O'Brien,1st,N/A,4,9-10,-,True,17,8
Tipperary Racing Results | 26th August 2022 18:00,N/A,18:00,Good (Good To Firm In Places),7f 110y,Illuminazione (IRE),S. M. Crosse,0,Joseph Patrick O'Brien,10th,3 3/4 l,3,9-2,-,True,17,9
Tipperary Racing Results | 26th August 2022 18:00,N/A,18:00,Good (Good To Firm In Places),7f 110y,West Coast (IRE),Emmet McNamara,0,Aidan O'Brien,9th,4 1/2 l,3,9-2,-,True,17,9
Tipperary Racing Results | 26th August 2022 18:00,N/A,18:00,Good (Good To Firm In Places),7f 110y,Improvised (IRE),R. P. Whelan,0,David O'Meara,8th,1 3/4 l,4,9-7p1,-,True,17,9
Tipperary Racing Results | 26th August 2022 18:00,N/A,18:00,Good (Good To Firm In Places),7f 110y,Prettiest (USA),Seamie Heffernan,0,Aidan O'Brien,7th,1/2 l,3,9-2t,-,True,17,9
Tipperary Racing Results | 26th August 2022 18:00,N/A,18:00,Good (Good To Firm In Places),7f 110y,Honey Girl (BRA),C. D. Hayes,0,Henry de Bromhead,6th,1 1/2 l,3,9-2,-,True,17,9
Tipperary Racing Results | 26th August 2022 18:00,N/A,18:00,Good (Good To Firm In Places),7f 110y,Galleria Borghese (IRE),W. M. Lordan,0,Aidan O'Brien,5th,1/2 l,3,9-2,-,True,17,9
Tipperary Racing Results | 26th August 2022 18:00,N/A,18:00,Good (Good To Firm In Places),7f 110y,Sh Boom,C. T. Keane,0,G. M. Lyons,4th,1/2 l,6,9-7p,-,True,17,9
Tipperary Racing Results | 26th August 2022 18:00,N/A,18:00,Good (Good To Firm In Places),7f 110y,Spring Feeling (FR),William James Lee,0,K. J. Condon,3rd,2 1/4 l,3,9-2,-,True,17,9
Tipperary Racing Results | 26th August 2022 18:00,N/A,18:00,Good (Good To Firm In Places),7f 110y,Night of Romance,D. B. McMonagle,0,Joseph Patrick O'Brien,2nd,1 l,4,9-7,-,True,17,9
Tipperary Racing Results | 26th August 2022 18:00,N/A,18:00,Good (Good To Firm In Places),7f 110y,Agartha (IRE),Declan McDonogh,0,Joseph Patrick O'Brien,1st,N/A,3,9-2,-,True,17,9
Tipperary Racing Results | 26th August 2022 18:00,N/A,18:00,Good (Good To Firm In Places),7f 110y,Illuminazione (IRE),S. M. Crosse,0,Joseph Patrick O'Brien,10th,3 3/4 l,3,9-2,-,True,17,9
Tipperary Racing Results | 26th August 2022 18:00,N/A,18:00,Good (Good To Firm In Places),7f 110y,West Coast (IRE),Emmet McNamara,0,Aidan O'Brien,9th,4 1/2 l,3,9-2,-,True,17,9
Tipperary Racing Results | 26th August 2022 18:00,N/A,18:00,Good (Good To Firm In Places),7f 110y,Improvised (IRE),R. P. Whelan,0,David O'Meara,8th,1 3/4 l,4,9-7p1,-,True,17,9
Tipperary Racing Results | 26th August 2022 18:00,N/A,18:00,Good (Good To Firm In Places),7f 110y,Prettiest (USA),Seamie Heffernan,0,Aidan O'Brien,7th,1/2 l,3,9-2t,-,True,17,9
Tipperary Racing Results | 26th August 2022 18:00,N/A,18:00,Good (Good To Firm In Places),7f 110y,Honey Girl (BRA),C. D. Hayes,0,Henry de Bromhead,6th,1 1/2 l,3,9-2,-,True,17,9
Tipperary Racing Results | 26th August 2022 18:00,N/A,18:00,Good (Good To Firm In Places),7f 110y,Galleria Borghese (IRE),W. M. Lordan,0,Aidan O'Brien,5th,1/2 l,3,9-2,-,True,17,9
Tipperary Racing Results | 26th August 2022 18:00,N/A,18:00,Good (Good To Firm In Places),7f 110y,Sh Boom,C. T. Keane,0,G. M. Lyons,4th,1/2 l,6,9-7p,-,True,17,9
Tipperary Racing Results | 26th August 2022 18:00,N/A,18:00,Good (Good To Firm In Places),7f 110y,Spring Feeling (FR),William James Lee,0,K. J. Condon,3rd,2 1/4 l,3,9-2,-,True,17,9
Tipperary Racing Results | 26th August 2022 18:00,N/A,18:00,Good (Good To Firm In Places),7f 110y,Night of Romance,D. B. McMonagle,0,Joseph Patrick O'Brien,2nd,1 l,4,9-7,-,True,17,9
Tipperary Racing Results | 26th August 2022 18:00,N/A,18:00,Good (Good To Firm In Places),7f 110y,Agartha (IRE),Declan McDonogh,0,Joseph Patrick O'Brien,1st,N/A,3,9-2,-,True,17,9
Tipperary Racing Results | 26th August 2022 18:35,N/A,18:35,Good (Good To Firm In Places),5f,Tamazu (IRE),J. Kearney,0,F. Birrane,10th,Neck,3,9-5t,-,True,17,10
Tipperary Racing Results | 26th August 2022 18:35,N/A,18:35,Good (Good To Firm In Places),5f,Are We Dreaming (IRE),Declan McDonogh,0,W. McCreery,9th,Neck,3,9-0v,-,True,17,10
Tipperary Racing Results | 26th August 2022 18:35,N/A,18:35,Good (Good To Firm In Places),5f,Saliteh,G. P. Halpin,0,Adrian Murray,8th,1 1/4 l,3,9-0,-,True,17,10
Tipperary Racing Results | 26th August 2022 18:35,N/A,18:35,Good (Good To Firm In Places),5f,Chocquinto (IRE),A. J. Slattery,0,Miss Hilary McLoughlin,7th,3/4 l,5,9-2,-,True,17,10
Tipperary Racing Results | 26th August 2022 18:35,N/A,18:35,Good (Good To Firm In Places),5f,The Highway Rat (IRE),R. P. Whelan,0,Andrew Oliver,6th,3 l,4,9-7,-,True,17,10
Tipperary Racing Results | 26th August 2022 18:35,N/A,18:35,Good (Good To Firm In Places),5f,Strong Johnson (IRE),C. T. Keane,0,Denis W. Cullen,5th,3/4 l,6,9-7t,-,True,17,10
Tipperary Racing Results | 26th August 2022 18:35,N/A,18:35,Good (Good To Firm In Places),5f,Ano Syra (IRE),W. M. Lordan,0,J. J. Feane,4th,2 1/4 l,3,9-0,-,True,17,10
Tipperary Racing Results | 26th August 2022 18:35,N/A,18:35,Good (Good To Firm In Places),5f,Moss Tucker (IRE),J. M. Sheridan,0,K. J. Condon,3rd,Nose,4,9-7t,-,True,17,10
Tipperary Racing Results | 26th August 2022 18:35,N/A,18:35,Good (Good To Firm In Places),5f,Erosandpsyche (IRE),William James Lee,0,P. Twomey,2nd,Nose,4,9-7v,-,True,17,10
Tipperary Racing Results | 26th August 2022 18:35,N/A,18:35,Good (Good To Firm In Places),5f,Tees Spirit,Barry McHugh,0,Adrian Nicholls,1st,N/A,4,9-7,-,True,17,10
Tipperary Racing Results | 26th August 2022 18:35,N/A,18:35,Good (Good To Firm In Places),5f,Tamazu (IRE),J. Kearney,0,F. Birrane,10th,Neck,3,9-5t,-,True,17,10
Tipperary Racing Results | 26th August 2022 18:35,N/A,18:35,Good (Good To Firm In Places),5f,Are We Dreaming (IRE),Declan McDonogh,0,W. McCreery,9th,Neck,3,9-0v,-,True,17,10
Tipperary Racing Results | 26th August 2022 18:35,N/A,18:35,Good (Good To Firm In Places),5f,Saliteh,G. P. Halpin,0,Adrian Murray,8th,1 1/4 l,3,9-0,-,True,17,10
Tipperary Racing Results | 26th August 2022 18:35,N/A,18:35,Good (Good To Firm In Places),5f,Chocquinto (IRE),A. J. Slattery,0,Miss Hilary McLoughlin,7th,3/4 l,5,9-2,-,True,17,10
Tipperary Racing Results | 26th August 2022 18:35,N/A,18:35,Good (Good To Firm In Places),5f,The Highway Rat (IRE),R. P. Whelan,0,Andrew Oliver,6th,3 l,4,9-7,-,True,17,10
Tipperary Racing Results | 26th August 2022 18:35,N/A,18:35,Good (Good To Firm In Places),5f,Strong Johnson (IRE),C. T. Keane,0,Denis W. Cullen,5th,3/4 l,6,9-7t,-,True,17,10
Tipperary Racing Results | 26th August 2022 18:35,N/A,18:35,Good (Good To Firm In Places),5f,Ano Syra (IRE),W. M. Lordan,0,J. J. Feane,4th,2 1/4 l,3,9-0,-,True,17,10
Tipperary Racing Results | 26th August 2022 18:35,N/A,18:35,Good (Good To Firm In Places),5f,Moss Tucker (IRE),J. M. Sheridan,0,K. J. Condon,3rd,Nose,4,9-7t,-,True,17,10
Tipperary Racing Results | 26th August 2022 18:35,N/A,18:35,Good (Good To Firm In Places),5f,Erosandpsyche (IRE),William James Lee,0,P. Twomey,2nd,Nose,4,9-7v,-,True,17,10
Tipperary Racing Results | 26th August 2022 18:35,N/A,18:35,Good (Good To Firm In Places),5f,Tees Spirit,Barry McHugh,0,Adrian Nicholls,1st,N/A,4,9-7,-,True,17,10
Tipperary Racing Results | 26th August 2022 19:10,N/A,19:10,Good (Good To Firm In Places),1m 1f,Luck of the Dice (IRE),S. McCullagh,0,Andrew Oliver,13th,12 l,3,9-7p1,56,True,17,11
Tipperary Racing Results | 26th August 2022 19:10,N/A,19:10,Good (Good To Firm In Places),1m 1f,Tharif (IRE),D. B. McMonagle,0,D. K. Weld,12th,Neck,3,9-11tv1,60,True,17,11
Tipperary Racing Results | 26th August 2022 19:10,N/A,19:10,Good (Good To Firm In Places),1m 1f,Drish Melody (IRE),M. P. Sheehy,0,Donal Commins,11th,3 3/4 l,3,9-7,56,True,17,11
Tipperary Racing Results | 26th August 2022 19:10,N/A,19:10,Good (Good To Firm In Places),1m 1f,Shur Lookit (IRE),Cillian McConnell,4,John McConnell,10th,1 1/4 l,3,9-4,53,True,17,11
Tipperary Racing Results | 26th August 2022 19:10,N/A,19:10,Good (Good To Firm In Places),1m 1f,Maura's Gift (IRE),L. T. McAteer,0,Paul W. Flynn,9th,Neck,3,9-3,52,True,17,11
Tipperary Racing Results | 26th August 2022 19:10,N/A,19:10,Good (Good To Firm In Places),1m 1f,Uberrima Fides,N. M. Crosse,0,Richard John O'Brien,8th,3 1/4 l,3,9-11,60,True,17,11
Tipperary Racing Results | 26th August 2022 19:10,N/A,19:10,Good (Good To Firm In Places),1m 1f,Invincible Ourse (IRE),C. J. MacRedmond,0,David Kenneth Budds,7th,1/2 l,3,8-12tp1,47,True,17,11
Tipperary Racing Results | 26th August 2022 19:10,N/A,19:10,Good (Good To Firm In Places),1m 1f,Not Just Any Eagle (IRE),J. Coen,0,Patrick J. Flynn,6th,1/2 l,3,10-1,64,True,17,11
Tipperary Racing Results | 26th August 2022 19:10,N/A,19:10,Good (Good To Firm In Places),1m 1f,Wayne R Walker,S. D. Bowen,4,Donal Kinsella,5th,1/2 l,3,9-6,55,True,17,11
Tipperary Racing Results | 26th August 2022 19:10,N/A,19:10,Good (Good To Firm In Places),1m 1f,Red Trail (IRE),J. Kearney,4,Andrew McNamara,4th,1/2 l,3,9-9,58,True,17,11
Tipperary Racing Results | 26th August 2022 19:10,N/A,19:10,Good (Good To Firm In Places),1m 1f,Brave Troop (IRE),Siobhan Rutledge,0,John McConnell,3rd,1/2 l,3,9-7,56,True,17,11
Tipperary Racing Results | 26th August 2022 19:10,N/A,19:10,Good (Good To Firm In Places),1m 1f,Lucky Queen (IRE),D. E. Sheehy,0,P. J. F. Murphy,2nd,3 1/4 l,3,9-6tp1,55,True,17,11
Tipperary Racing Results | 26th August 2022 19:10,N/A,19:10,Good (Good To Firm In Places),1m 1f,Yokkell (IRE),J. A. Powell,4,Jarlath P. Fahey,1st,N/A,3,9-7,56,True,17,11
Tipperary Racing Results | 26th August 2022 19:10,N/A,19:10,Good (Good To Firm In Places),1m 1f,Luck of the Dice (IRE),S. McCullagh,0,Andrew Oliver,13th,12 l,3,9-7p1,56,True,17,11
Tipperary Racing Results | 26th August 2022 19:10,N/A,19:10,Good (Good To Firm In Places),1m 1f,Tharif (IRE),D. B. McMonagle,0,D. K. Weld,12th,Neck,3,9-11tv1,60,True,17,11
Tipperary Racing Results | 26th August 2022 19:10,N/A,19:10,Good (Good To Firm In Places),1m 1f,Drish Melody (IRE),M. P. Sheehy,0,Donal Commins,11th,3 3/4 l,3,9-7,56,True,17,11
Tipperary Racing Results | 26th August 2022 19:10,N/A,19:10,Good (Good To Firm In Places),1m 1f,Shur Lookit (IRE),Cillian McConnell,4,John McConnell,10th,1 1/4 l,3,9-4,53,True,17,11
Tipperary Racing Results | 26th August 2022 19:10,N/A,19:10,Good (Good To Firm In Places),1m 1f,Maura's Gift (IRE),L. T. McAteer,0,Paul W. Flynn,9th,Neck,3,9-3,52,True,17,11
Tipperary Racing Results | 26th August 2022 19:10,N/A,19:10,Good (Good To Firm In Places),1m 1f,Uberrima Fides,N. M. Crosse,0,Richard John O'Brien,8th,3 1/4 l,3,9-11,60,True,17,11
Tipperary Racing Results | 26th August 2022 19:10,N/A,19:10,Good (Good To Firm In Places),1m 1f,Invincible Ourse (IRE),C. J. MacRedmond,0,David Kenneth Budds,7th,1/2 l,3,8-12tp1,47,True,17,11
Tipperary Racing Results | 26th August 2022 19:10,N/A,19:10,Good (Good To Firm In Places),1m 1f,Not Just Any Eagle (IRE),J. Coen,0,Patrick J. Flynn,6th,1/2 l,3,10-1,64,True,17,11
Tipperary Racing Results | 26th August 2022 19:10,N/A,19:10,Good (Good To Firm In Places),1m 1f,Wayne R Walker,S. D. Bowen,4,Donal Kinsella,5th,1/2 l,3,9-6,55,True,17,11
Tipperary Racing Results | 26th August 2022 19:10,N/A,19:10,Good (Good To Firm In Places),1m 1f,Red Trail (IRE),J. Kearney,4,Andrew McNamara,4th,1/2 l,3,9-9,58,True,17,11
Tipperary Racing Results | 26th August 2022 19:10,N/A,19:10,Good (Good To Firm In Places),1m 1f,Brave Troop (IRE),Siobhan Rutledge,0,John McConnell,3rd,1/2 l,3,9-7,56,True,17,11
Tipperary Racing Results | 26th August 2022 19:10,N/A,19:10,Good (Good To Firm In Places),1m 1f,Lucky Queen (IRE),D. E. Sheehy,0,P. J. F. Murphy,2nd,3 1/4 l,3,9-6tp1,55,True,17,11
Tipperary Racing Results | 26th August 2022 19:10,N/A,19:10,Good (Good To Firm In Places),1m 1f,Yokkell (IRE),J. A. Powell,4,Jarlath P. Fahey,1st,N/A,3,9-7,56,True,17,11
Tipperary Racing Results | 26th August 2022 19:40,N/A,19:40,Good (Good To Firm In Places),1m 4f 110y,Barrys Rock (IRE),J. M. Sheridan,3,Anthony Mullins,15th,10 l,7,9-13,67,True,17,12
Tipperary Racing Results | 26th August 2022 19:40,N/A,19:40,Good (Good To Firm In Places),1m 4f 110y,Turkestan,G. M. Ryan,0,Mark McNiff,14th,9 1/2 l,5,10-0t,68,True,17,12
Tipperary Racing Results | 26th August 2022 19:40,N/A,19:40,Good (Good To Firm In Places),1m 4f 110y,Der Mc (IRE),L. F. Roche,0,Michael John O'Connor,13th,Neck,6,9-4,58,True,17,12
Tipperary Racing Results | 26th August 2022 19:40,N/A,19:40,Good (Good To Firm In Places),1m 4f 110y,French Company (IRE),C. T. Keane,0,J. G. Coogan,12th,Head,4,9-10,64,True,17,12
Tipperary Racing Results | 26th August 2022 19:40,N/A,19:40,Good (Good To Firm In Places),1m 4f 110y,The Virginian (IRE),Declan McDonogh,0,Padraig Roche,11th,Head,6,10-2tp,70,True,17,12
Tipperary Racing Results | 26th August 2022 19:40,N/A,19:40,Good (Good To Firm In Places),1m 4f 110y,Kalaroun (IRE),William James Lee,0,Miss Tara Lee Cogan,10th,1 3/4 l,4,10-2tp,70,True,17,12
Tipperary Racing Results | 26th August 2022 19:40,N/A,19:40,Good (Good To Firm In Places),1m 4f 110y,Contrapposto (JPN),Ben Martin Coen,0,R. Donohoe,9th,Head,8,9-7,61,True,17,12
Tipperary Racing Results | 26th August 2022 19:40,N/A,19:40,Good (Good To Firm In Places),1m 4f 110y,Clueless Hill (IRE),Charlotte Tindale,10,Luke Comer,8th,2 l,7,8-8tb,48,True,17,12
Tipperary Racing Results | 26th August 2022 19:40,N/A,19:40,Good (Good To Firm In Places),1m 4f 110y,Slieve Bearnagh (IRE),R. P. Whelan,0,M. Halford,7th,Short Head,5,9-5tp,59,True,17,12
Tipperary Racing Results | 26th August 2022 19:40,N/A,19:40,Good (Good To Firm In Places),1m 4f 110y,Global Export (IRE),G. F. Carroll,0,Gavin Patrick Cromwell,6th,1 3/4 l,4,10-1,69,True,17,12
Tipperary Racing Results | 26th August 2022 19:40,N/A,19:40,Good (Good To Firm In Places),1m 4f 110y,Storm Steps (IRE),M. P. Sheehy,3,Patrick Martin,5th,Head,7,9-13t,67,True,17,12
Tipperary Racing Results | 26th August 2022 19:40,N/A,19:40,Good (Good To Firm In Places),1m 4f 110y,Wojood,James J. Doyle,0,Denis Hogan,4th,2 1/2 l,6,9-6tp,60,True,17,12
Tipperary Racing Results | 26th August 2022 19:40,N/A,19:40,Good (Good To Firm In Places),1m 4f 110y,Blackpoint (IRE),Shane Foley,0,John E. Kiely,3rd,1 1/4 l,6,10-0,68,True,17,12
Tipperary Racing Results | 26th August 2022 19:40,N/A,19:40,Good (Good To Firm In Places),1m 4f 110y,Extensio (IRE),Sylvia O'Donnell,10,P. F. O'Donnell,2nd,3/4 l,5,10-0,68,True,17,12
Tipperary Racing Results | 26th August 2022 19:40,N/A,19:40,Good (Good To Firm In Places),1m 4f 110y,Arctic Blaze (IRE),Siobhan Rutledge,5,John McConnell,1st,N/A,6,9-7p,61,True,17,12
Tipperary Racing Results | 26th August 2022 19:40,N/A,19:40,Good (Good To Firm In Places),1m 4f 110y,Barrys Rock (IRE),J. M. Sheridan,3,Anthony Mullins,15th,10 l,7,9-13,67,True,17,12
Tipperary Racing Results | 26th August 2022 19:40,N/A,19:40,Good (Good To Firm In Places),1m 4f 110y,Turkestan,G. M. Ryan,0,Mark McNiff,14th,9 1/2 l,5,10-0t,68,True,17,12
Tipperary Racing Results | 26th August 2022 19:40,N/A,19:40,Good (Good To Firm In Places),1m 4f 110y,Der Mc (IRE),L. F. Roche,0,Michael John O'Connor,13th,Neck,6,9-4,58,True,17,12
Tipperary Racing Results | 26th August 2022 19:40,N/A,19:40,Good (Good To Firm In Places),1m 4f 110y,French Company (IRE),C. T. Keane,0,J. G. Coogan,12th,Head,4,9-10,64,True,17,12
Tipperary Racing Results | 26th August 2022 19:40,N/A,19:40,Good (Good To Firm In Places),1m 4f 110y,The Virginian (IRE),Declan McDonogh,0,Padraig Roche,11th,Head,6,10-2tp,70,True,17,12
Tipperary Racing Results | 26th August 2022 19:40,N/A,19:40,Good (Good To Firm In Places),1m 4f 110y,Kalaroun (IRE),William James Lee,0,Miss Tara Lee Cogan,10th,1 3/4 l,4,10-2tp,70,True,17,12
Tipperary Racing Results | 26th August 2022 19:40,N/A,19:40,Good (Good To Firm In Places),1m 4f 110y,Contrapposto (JPN),Ben Martin Coen,0,R. Donohoe,9th,Head,8,9-7,61,True,17,12
Tipperary Racing Results | 26th August 2022 19:40,N/A,19:40,Good (Good To Firm In Places),1m 4f 110y,Clueless Hill (IRE),Charlotte Tindale,10,Luke Comer,8th,2 l,7,8-8tb,48,True,17,12
Tipperary Racing Results | 26th August 2022 19:40,N/A,19:40,Good (Good To Firm In Places),1m 4f 110y,Slieve Bearnagh (IRE),R. P. Whelan,0,M. Halford,7th,Short Head,5,9-5tp,59,True,17,12
Tipperary Racing Results | 26th August 2022 19:40,N/A,19:40,Good (Good To Firm In Places),1m 4f 110y,Global Export (IRE),G. F. Carroll,0,Gavin Patrick Cromwell,6th,1 3/4 l,4,10-1,69,True,17,12
Tipperary Racing Results | 26th August 2022 19:40,N/A,19:40,Good (Good To Firm In Places),1m 4f 110y,Storm Steps (IRE),M. P. Sheehy,3,Patrick Martin,5th,Head,7,9-13t,67,True,17,12
Tipperary Racing Results | 26th August 2022 19:40,N/A,19:40,Good (Good To Firm In Places),1m 4f 110y,Wojood,James J. Doyle,0,Denis Hogan,4th,2 1/2 l,6,9-6tp,60,True,17,12
Tipperary Racing Results | 26th August 2022 19:40,N/A,19:40,Good (Good To Firm In Places),1m 4f 110y,Blackpoint (IRE),Shane Foley,0,John E. Kiely,3rd,1 1/4 l,6,10-0,68,True,17,12
Tipperary Racing Results | 26th August 2022 19:40,N/A,19:40,Good (Good To Firm In Places),1m 4f 110y,Extensio (IRE),Sylvia O'Donnell,10,P. F. O'Donnell,2nd,3/4 l,5,10-0,68,True,17,12
Tipperary Racing Results | 26th August 2022 19:40,N/A,19:40,Good (Good To Firm In Places),1m 4f 110y,Arctic Blaze (IRE),Siobhan Rutledge,5,John McConnell,1st,N/A,6,9-7p,61,True,17,12
N/A,N/A,16:40,Good (Good To Yielding In Places),2m 190y,Deluca Chop (FR),K. C. Sexton,0,A. J. Martin,UR,N/A,3,10-8t,-,True,17,13
N/A,N/A,16:40,Good (Good To Yielding In Places),2m 190y,Nelly Murphy (IRE),Conor Orr,0,Anthony McCann,F,N/A,3,10-8p,-,True,17,13
N/A,N/A,16:40,Good (Good To Yielding In Places),2m 190y,Pepsiwithacap (IRE),Sean Flanagan,0,Gavin Patrick Cromwell,9th,48 l,3,10-7p,-,True,17,13
N/A,N/A,16:40,Good (Good To Yielding In Places),2m 190y,Kates Lilly (IRE),Sam Ewing,0,Andrew McCullough,8th,9 l,3,10-1,-,True,17,13
N/A,N/A,16:40,Good (Good To Yielding In Places),2m 190y,Great Rock (FR),Peter Carberry,0,A. J. Martin,7th,19 l,3,10-1,-,True,17,13
N/A,N/A,16:40,Good (Good To Yielding In Places),2m 190y,Darisana (FR),J. J. Slevin,0,P. J. Rothwell,6th,6 l,3,10-1,-,True,17,13
N/A,N/A,16:40,Good (Good To Yielding In Places),2m 190y,Calico (FR),Jordan Colin Gainford,0,Gordon Elliott,5th,9 1/2 l,3,10-1,-,True,17,13
N/A,N/A,16:40,Good (Good To Yielding In Places),2m 190y,Shetland Tony,J. W. Kennedy,0,Gordon Elliott,4th,14 l,3,10-8,-,True,17,13
N/A,N/A,16:40,Good (Good To Yielding In Places),2m 190y,Surac (IRE),D. E. Mullins,0,Richard John O'Brien,3rd,7 l,3,11-0,-,True,17,13
N/A,N/A,16:40,Good (Good To Yielding In Places),2m 190y,Bringbackmemories (FR),S. D. Torrens,0,John McConnell,2nd,2 1/4 l,3,10-8,-,True,17,13
N/A,N/A,16:40,Good (Good To Yielding In Places),2m 190y,The Insider (IRE),Davy Russell,0,Gordon Elliott,1st,N/A,3,11-0,-,True,17,13
N/A,N/A,16:40,Good (Good To Yielding In Places),2m 190y,Deluca Chop (FR),K. C. Sexton,0,A. J. Martin,UR,N/A,3,10-8t,-,True,17,13
N/A,N/A,16:40,Good (Good To Yielding In Places),2m 190y,Nelly Murphy (IRE),Conor Orr,0,Anthony McCann,F,N/A,3,10-8p,-,True,17,13
N/A,N/A,16:40,Good (Good To Yielding In Places),2m 190y,Pepsiwithacap (IRE),Sean Flanagan,0,Gavin Patrick Cromwell,9th,48 l,3,10-7p,-,True,17,13
N/A,N/A,16:40,Good (Good To Yielding In Places),2m 190y,Kates Lilly (IRE),Sam Ewing,0,Andrew McCullough,8th,9 l,3,10-1,-,True,17,13
N/A,N/A,16:40,Good (Good To Yielding In Places),2m 190y,Great Rock (FR),Peter Carberry,0,A. J. Martin,7th,19 l,3,10-1,-,True,17,13
N/A,N/A,16:40,Good (Good To Yielding In Places),2m 190y,Darisana (FR),J. J. Slevin,0,P. J. Rothwell,6th,6 l,3,10-1,-,True,17,13
N/A,N/A,16:40,Good (Good To Yielding In Places),2m 190y,Calico (FR),Jordan Colin Gainford,0,Gordon Elliott,5th,9 1/2 l,3,10-1,-,True,17,13
N/A,N/A,16:40,Good (Good To Yielding In Places),2m 190y,Shetland Tony,J. W. Kennedy,0,Gordon Elliott,4th,14 l,3,10-8,-,True,17,13
N/A,N/A,16:40,Good (Good To Yielding In Places),2m 190y,Surac (IRE),D. E. Mullins,0,Richard John O'Brien,3rd,7 l,3,11-0,-,True,17,13
N/A,N/A,16:40,Good (Good To Yielding In Places),2m 190y,Bringbackmemories (FR),S. D. Torrens,0,John McConnell,2nd,2 1/4 l,3,10-8,-,True,17,13
N/A,N/A,16:40,Good (Good To Yielding In Places),2m 190y,The Insider (IRE),Davy Russell,0,Gordon Elliott,1st,N/A,3,11-0,-,True,17,13
N/A,N/A,17:15,Good,2m 190y,Annaparnell (IRE),Sam Ewing,0,Shane Donohoe,15th,4 3/4 l,5,10-13,-,True,17,14
N/A,N/A,17:15,Good,2m 190y,Starlight Oasis,Conor Orr,0,J. Fox,14th,23 l,4,10-10,-,True,17,14
N/A,N/A,17:15,Good,2m 190y,Kilbride Girl (IRE),Patrick O'Hanlon,5,Dermot Anthony McLoughlin,13th,3 3/4 l,5,10-13,-,True,17,14
N/A,N/A,17:15,Good,2m 190y,M for Melody (IRE),S. F. O'Keeffe,0,Brian Jordan,12th,Head,5,10-13b1,-,True,17,14
N/A,N/A,17:15,Good,2m 190y,Pulsating (IRE),C. G. O'Dwyer,0,Conor O'Dwyer,11th,9 l,8,11-7,-,True,17,14
N/A,N/A,17:15,Good,2m 190y,Blossom De Mai (FR),J. P. O'Sullivan,5,P. J. Rothwell,10th,2 1/4 l,5,10-13,-,True,17,14
N/A,N/A,17:15,Good,2m 190y,Maimie's Magic (IRE),J. J. Slevin,0,Stuart Crawford,9th,1/2 l,5,10-13,-,True,17,14
N/A,N/A,17:15,Good,2m 190y,Kanors Girl (IRE),C. D. Maxwell,0,Dermot Anthony McLoughlin,8th,Nose,5,10-13,-,True,17,14
N/A,N/A,17:15,Good,2m 190y,Emily In Paris (IRE),T. Joseph Kelly,7,D. E. Fitzgerald,7th,4 3/4 l,4,10-10,-,True,17,14
N/A,N/A,17:15,Good,2m 190y,Neat Locality (IRE),Richard Deegan,0,Liam Kenny,6th,5 l,5,10-13,-,True,17,14
N/A,N/A,17:15,Good,2m 190y,Game Beaaa (IRE),D. J. O'Keeffe,0,Paul Power,5th,5 1/2 l,5,10-13,-,True,17,14
N/A,N/A,17:15,Good,2m 190y,Princess Sophia (IRE),D. E. Mullins,0,Ms Margaret Mullins,4th,8 1/2 l,5,10-13p,-,True,17,14
N/A,N/A,17:15,Good,2m 190y,Angelsworknovrtime (IRE),G. B. Noonan,7,James Andrew Fahey,3rd,5 1/2 l,6,10-13t,-,True,17,14
N/A,N/A,17:15,Good,2m 190y,Come On Du Berlais (FR),J. W. Kennedy,0,Gordon Elliott,2nd,7 1/2 l,4,11-4,-,True,17,14
N/A,N/A,17:15,Good,2m 190y,Scenic Look (IRE),Denis O'Regan,0,Adrian Murray,1st,N/A,4,11-4,-,True,17,14
N/A,N/A,17:15,Good,2m 190y,Annaparnell (IRE),Sam Ewing,0,Shane Donohoe,15th,4 3/4 l,5,10-13,-,True,17,14
N/A,N/A,17:15,Good,2m 190y,Starlight Oasis,Conor Orr,0,J. Fox,14th,23 l,4,10-10,-,True,17,14
N/A,N/A,17:15,Good,2m 190y,Kilbride Girl (IRE),Patrick O'Hanlon,5,Dermot Anthony McLoughlin,13th,3 3/4 l,5,10-13,-,True,17,14
N/A,N/A,17:15,Good,2m 190y,M for Melody (IRE),S. F. O'Keeffe,0,Brian Jordan,12th,Head,5,10-13b1,-,True,17,14
N/A,N/A,17:15,Good,2m 190y,Pulsating (IRE),C. G. O'Dwyer,0,Conor O'Dwyer,11th,9 l,8,11-7,-,True,17,14
N/A,N/A,17:15,Good,2m 190y,Blossom De Mai (FR),J. P. O'Sullivan,5,P. J. Rothwell,10th,2 1/4 l,5,10-13,-,True,17,14
N/A,N/A,17:15,Good,2m 190y,Maimie's Magic (IRE),J. J. Slevin,0,Stuart Crawford,9th,1/2 l,5,10-13,-,True,17,14
N/A,N/A,17:15,Good,2m 190y,Kanors Girl (IRE),C. D. Maxwell,0,Dermot Anthony McLoughlin,8th,Nose,5,10-13,-,True,17,14
N/A,N/A,17:15,Good,2m 190y,Emily In Paris (IRE),T. Joseph Kelly,7,D. E. Fitzgerald,7th,4 3/4 l,4,10-10,-,True,17,14
N/A,N/A,17:15,Good,2m 190y,Neat Locality (IRE),Richard Deegan,0,Liam Kenny,6th,5 l,5,10-13,-,True,17,14
N/A,N/A,17:15,Good,2m 190y,Game Beaaa (IRE),D. J. O'Keeffe,0,Paul Power,5th,5 1/2 l,5,10-13,-,True,17,14
N/A,N/A,17:15,Good,2m 190y,Princess Sophia (IRE),D. E. Mullins,0,Ms Margaret Mullins,4th,8 1/2 l,5,10-13p,-,True,17,14
N/A,N/A,17:15,Good,2m 190y,Angelsworknovrtime (IRE),G. B. Noonan,7,James Andrew Fahey,3rd,5 1/2 l,6,10-13t,-,True,17,14
N/A,N/A,17:15,Good,2m 190y,Come On Du Berlais (FR),J. W. Kennedy,0,Gordon Elliott,2nd,7 1/2 l,4,11-4,-,True,17,14
N/A,N/A,17:15,Good,2m 190y,Scenic Look (IRE),Denis O'Regan,0,Adrian Murray,1st,N/A,4,11-4,-,True,17,14
N/A,N/A,17:50,Good,2m 190y,Crecerelle (IRE),Patrick O'Hanlon,5,S. Wilson,15th,2 l,7,10-6,87,True,17,15
N/A,N/A,17:50,Good,2m 190y,Tincurra Lad (IRE),J. P. O'Sullivan,5,W. J. Martin,14th,17 l,5,11-1,96,True,17,15
N/A,N/A,17:50,Good,2m 190y,Downthecellar (IRE),M. P. Walsh,0,E. J. O'Grady,13th,3 1/4 l,8,11-1tb1,96,True,17,15
N/A,N/A,17:50,Good,2m 190y,Makfils (FR),Rachael Blackmore,0,Henry de Bromhead,12th,4 1/4 l,5,11-5t,100,True,17,15
N/A,N/A,17:50,Good,2m 190y,Ventnor (IRE),C. M. Quirke,7,James M. Barcoe,11th,1/2 l,6,10-0,81,True,17,15
N/A,N/A,17:50,Good,2m 190y,No Mor Isolation (IRE),J. J. Slevin,0,Stuart Crawford,10th,3/4 l,5,10-7,88,True,17,15
N/A,N/A,17:50,Good,2m 190y,Peace Party (IRE),E. Walsh,5,Desmond McDonogh,9th,3 l,10,11-5ht,100,True,17,15
N/A,N/A,17:50,Good,2m 190y,Shumaker (IRE),L. A. McKenna,7,Paul Traynor,8th,3 1/2 l,10,11-10p1,105,True,17,15
N/A,N/A,17:50,Good,2m 190y,Stander (IRE),Donagh Meyler,0,R. K. Watson,7th,3 1/2 l,8,10-7tp,88,True,17,15
N/A,N/A,17:50,Good,2m 190y,Bite That (IRE),G. B. Noonan,0,Patrick J. Flynn,6th,3 1/2 l,6,11-3,98,True,17,15
N/A,N/A,17:50,Good,2m 190y,Vairue (IRE),Mr C. Smithers,0,Ms Helen P. Markham,5th,4 l,6,10-10,91,True,17,15
N/A,N/A,17:50,Good,2m 190y,Mephisto (IRE),R. A. Doyle,0,Gerard Keane,4th,3/4 l,5,11-7,102,True,17,15
N/A,N/A,17:50,Good,2m 190y,Listentillitellyea (IRE),D. J. O'Keeffe,0,T. Gibney,3rd,2 1/4 l,6,12-0,109,True,17,15
N/A,N/A,17:50,Good,2m 190y,Doyenna (IRE),K. E. Buckley,0,Mrs Lorna Fowler,2nd,6 l,5,11-5t,100,True,17,15
N/A,N/A,17:50,Good,2m 190y,One Cool Poet (IRE),B. J. Cooper,0,Matthew J. Smith,1st,N/A,10,11-6t,101,True,17,15
N/A,N/A,17:50,Good,2m 190y,Crecerelle (IRE),Patrick O'Hanlon,5,S. Wilson,15th,2 l,7,10-6,87,True,17,15
N/A,N/A,17:50,Good,2m 190y,Tincurra Lad (IRE),J. P. O'Sullivan,5,W. J. Martin,14th,17 l,5,11-1,96,True,17,15
N/A,N/A,17:50,Good,2m 190y,Downthecellar (IRE),M. P. Walsh,0,E. J. O'Grady,13th,3 1/4 l,8,11-1tb1,96,True,17,15
N/A,N/A,17:50,Good,2m 190y,Makfils (FR),Rachael Blackmore,0,Henry de Bromhead,12th,4 1/4 l,5,11-5t,100,True,17,15
N/A,N/A,17:50,Good,2m 190y,Ventnor (IRE),C. M. Quirke,7,James M. Barcoe,11th,1/2 l,6,10-0,81,True,17,15
N/A,N/A,17:50,Good,2m 190y,No Mor Isolation (IRE),J. J. Slevin,0,Stuart Crawford,10th,3/4 l,5,10-7,88,True,17,15
N/A,N/A,17:50,Good,2m 190y,Peace Party (IRE),E. Walsh,5,Desmond McDonogh,9th,3 l,10,11-5ht,100,True,17,15
N/A,N/A,17:50,Good,2m 190y,Shumaker (IRE),L. A. McKenna,7,Paul Traynor,8th,3 1/2 l,10,11-10p1,105,True,17,15
N/A,N/A,17:50,Good,2m 190y,Stander (IRE),Donagh Meyler,0,R. K. Watson,7th,3 1/2 l,8,10-7tp,88,True,17,15
N/A,N/A,17:50,Good,2m 190y,Bite That (IRE),G. B. Noonan,0,Patrick J. Flynn,6th,3 1/2 l,6,11-3,98,True,17,15
N/A,N/A,17:50,Good,2m 190y,Vairue (IRE),Mr C. Smithers,0,Ms Helen P. Markham,5th,4 l,6,10-10,91,True,17,15
N/A,N/A,17:50,Good,2m 190y,Mephisto (IRE),R. A. Doyle,0,Gerard Keane,4th,3/4 l,5,11-7,102,True,17,15
N/A,N/A,17:50,Good,2m 190y,Listentillitellyea (IRE),D. J. O'Keeffe,0,T. Gibney,3rd,2 1/4 l,6,12-0,109,True,17,15
N/A,N/A,17:50,Good,2m 190y,Doyenna (IRE),K. E. Buckley,0,Mrs Lorna Fowler,2nd,6 l,5,11-5t,100,True,17,15
N/A,N/A,17:50,Good,2m 190y,One Cool Poet (IRE),B. J. Cooper,0,Matthew J. Smith,1st,N/A,10,11-6t,101,True,17,15
N/A,N/A,18:25,Good,2m 4f,Open the Gate (IRE),Sean Flanagan,0,Peter Fahey,UR,N/A,4,10-13,-,True,17,16
N/A,N/A,18:25,Good,2m 4f,Cullenwaine (IRE),Jack Foley,3,P. J. Rothwell,PU,N/A,4,10-13,-,True,17,16
N/A,N/A,18:25,Good,2m 4f,Finnthemagician (IRE),J. W. Kennedy,0,Gordon Elliott,F,N/A,4,11-7,-,True,17,16
N/A,N/A,18:25,Good,2m 4f,Haitan (IRE),R. A. Doyle,0,Josh Halley,F,N/A,4,10-13t,-,True,17,16
N/A,N/A,18:25,Good,2m 4f,Nell C (IRE),Conor Orr,0,Kevin Michael Smith,11th,8 1/2 l,4,10-6,-,True,17,16
N/A,N/A,18:25,Good,2m 4f,Therailwayman (IRE),D. J. O'Keeffe,0,E. Sheehy,10th,25 l,4,10-13,-,True,17,16
N/A,N/A,18:25,Good,2m 4f,Guest (IRE),S. D. Torrens,0,Harry Smyth,9th,14 l,4,10-13,-,True,17,16
N/A,N/A,18:25,Good,2m 4f,Modestus,Jordan Colin Gainford,0,Cian Michael Collins,8th,4 1/2 l,4,10-13,-,True,17,16
N/A,N/A,18:25,Good,2m 4f,Punk Rock Girl (IRE),Denis O'Regan,0,Cian Michael Collins,7th,1 3/4 l,4,10-6,-,True,17,16
N/A,N/A,18:25,Good,2m 4f,Realta Geal (IRE),Gavin Peter Brouder,5,F. Flood,6th,7 1/2 l,4,10-6,-,True,17,16
N/A,N/A,18:25,Good,2m 4f,Innellan Shore (FR),Sam Ewing,0,Gordon Elliott,5th,4 1/4 l,4,10-13,-,True,17,16
N/A,N/A,18:25,Good,2m 4f,Ace Aussie (IRE),J. S. McGarvey,0,John Joseph Hanlon,4th,4 1/2 l,4,11-7t,-,True,17,16
N/A,N/A,18:25,Good,2m 4f,Abstract (FR),S. F. O'Keeffe,0,Richard John O'Brien,3rd,15 l,4,10-13,-,True,17,16
N/A,N/A,18:25,Good,2m 4f,Evenwood Sonofagun (IRE),D. E. Mullins,0,Richard John O'Brien,2nd,2 1/4 l,4,10-13,-,True,17,16
N/A,N/A,18:25,Good,2m 4f,Champella (IRE),Mr T. P. Harney,7,Ross O'Sullivan,1st,N/A,4,11-0,-,True,17,16
N/A,N/A,18:25,Good,2m 4f,Open the Gate (IRE),Sean Flanagan,0,Peter Fahey,UR,N/A,4,10-13,-,True,17,16
N/A,N/A,18:25,Good,2m 4f,Cullenwaine (IRE),Jack Foley,3,P. J. Rothwell,PU,N/A,4,10-13,-,True,17,16
N/A,N/A,18:25,Good,2m 4f,Finnthemagician (IRE),J. W. Kennedy,0,Gordon Elliott,F,N/A,4,11-7,-,True,17,16
N/A,N/A,18:25,Good,2m 4f,Haitan (IRE),R. A. Doyle,0,Josh Halley,F,N/A,4,10-13t,-,True,17,16
N/A,N/A,18:25,Good,2m 4f,Nell C (IRE),Conor Orr,0,Kevin Michael Smith,11th,8 1/2 l,4,10-6,-,True,17,16
N/A,N/A,18:25,Good,2m 4f,Therailwayman (IRE),D. J. O'Keeffe,0,E. Sheehy,10th,25 l,4,10-13,-,True,17,16
N/A,N/A,18:25,Good,2m 4f,Guest (IRE),S. D. Torrens,0,Harry Smyth,9th,14 l,4,10-13,-,True,17,16
N/A,N/A,18:25,Good,2m 4f,Modestus,Jordan Colin Gainford,0,Cian Michael Collins,8th,4 1/2 l,4,10-13,-,True,17,16
N/A,N/A,18:25,Good,2m 4f,Punk Rock Girl (IRE),Denis O'Regan,0,Cian Michael Collins,7th,1 3/4 l,4,10-6,-,True,17,16
N/A,N/A,18:25,Good,2m 4f,Realta Geal (IRE),Gavin Peter Brouder,5,F. Flood,6th,7 1/2 l,4,10-6,-,True,17,16
N/A,N/A,18:25,Good,2m 4f,Innellan Shore (FR),Sam Ewing,0,Gordon Elliott,5th,4 1/4 l,4,10-13,-,True,17,16
N/A,N/A,18:25,Good,2m 4f,Ace Aussie (IRE),J. S. McGarvey,0,John Joseph Hanlon,4th,4 1/2 l,4,11-7t,-,True,17,16
N/A,N/A,18:25,Good,2m 4f,Abstract (FR),S. F. O'Keeffe,0,Richard John O'Brien,3rd,15 l,4,10-13,-,True,17,16
N/A,N/A,18:25,Good,2m 4f,Evenwood Sonofagun (IRE),D. E. Mullins,0,Richard John O'Brien,2nd,2 1/4 l,4,10-13,-,True,17,16
N/A,N/A,18:25,Good,2m 4f,Champella (IRE),Mr T. P. Harney,7,Ross O'Sullivan,1st,N/A,4,11-0,-,True,17,16
N/A,N/A,19:00,Good,3m,Home By The Lee (IRE),J. J. Slevin,0,Joseph Patrick O'Brien,RO,N/A,7,11-0,-,True,17,17
N/A,N/A,19:00,Good,3m,Duffle Coat (IRE),Davy Russell,0,Gordon Elliott,4th,9 1/2 l,5,11-0b1,-,True,17,17
N/A,N/A,19:00,Good,3m,Ronald Pump,B. J. Cooper,0,Matthew J. Smith,3rd,2 1/2 l,9,11-0tb,-,True,17,17
N/A,N/A,19:00,Good,3m,Off You Go (IRE),M. P. Walsh,0,Charles Byrnes,2nd,Short Head,9,11-0p,-,True,17,17
N/A,N/A,19:00,Good,3m,Salvador Ziggy (IRE),J. W. Kennedy,0,Gordon Elliott,1st,N/A,6,11-6,-,True,17,17
N/A,N/A,19:00,Good,3m,Home By The Lee (IRE),J. J. Slevin,0,Joseph Patrick O'Brien,RO,N/A,7,11-0,-,True,17,17
N/A,N/A,19:00,Good,3m,Duffle Coat (IRE),Davy Russell,0,Gordon Elliott,4th,9 1/2 l,5,11-0b1,-,True,17,17
N/A,N/A,19:00,Good,3m,Ronald Pump,B. J. Cooper,0,Matthew J. Smith,3rd,2 1/2 l,9,11-0tb,-,True,17,17
N/A,N/A,19:00,Good,3m,Off You Go (IRE),M. P. Walsh,0,Charles Byrnes,2nd,Short Head,9,11-0p,-,True,17,17
N/A,N/A,19:00,Good,3m,Salvador Ziggy (IRE),J. W. Kennedy,0,Gordon Elliott,1st,N/A,6,11-6,-,True,17,17
N/A,N/A,19:30,Good,3m,Canteeny Benny (IRE),Keith Donoghue,0,Paul W. Flynn,13th,43 l,6,11-9b1,97,True,17,18
N/A,N/A,19:30,Good,3m,He Fitz In (IRE),D. E. Mullins,0,D. E. Fitzgerald,12th,3 3/4 l,6,11-10p,98,True,17,18
N/A,N/A,19:30,Good,3m,What An Ocean (IRE),Davy Russell,0,Gordon Elliott,11th,44 l,6,11-11,99,True,17,18
N/A,N/A,19:30,Good,3m,Emir De Rots (FR),C. G. O'Dwyer,7,Conor O'Dwyer,10th,11 l,8,11-8,96,True,17,18
N/A,N/A,19:30,Good,3m,So Ladylike (IRE),Gavin Peter Brouder,5,Colin A. McBratney,9th,4 1/4 l,8,10-12,86,True,17,18
N/A,N/A,19:30,Good,3m,Guido Reni (IRE),Donagh Meyler,0,Karl Thornton,8th,1 l,8,11-11t,99,True,17,18
N/A,N/A,19:30,Good,3m,Supreme Vinnie (IRE),Rachael Blackmore,0,Miss D. M. O'Shea,7th,3 1/2 l,13,11-9t,97,True,17,18
N/A,N/A,19:30,Good,3m,Gold Creek (IRE),Denis O'Regan,0,S. Curling,6th,Head,8,11-0t1,88,True,17,18
N/A,N/A,19:30,Good,3m,Chief Seattle (IRE),Mr M. J. M. O'Sullivan,7,John Patrick Ryan,5th,Short Head,7,10-13,87,True,17,18
N/A,N/A,19:30,Good,3m,Game And Glory (IRE),Jack Foley,3,P. J. Rothwell,4th,5 l,6,11-3p,91,True,17,18
N/A,N/A,19:30,Good,3m,Important Message,Patrick O'Hanlon,5,David Peter Dunne,3rd,1 1/4 l,10,12-0t,102,True,17,18
N/A,N/A,19:30,Good,3m,Lily Light Foot (IRE),K. E. Buckley,0,Eddie & Patrick Harty,2nd,Neck,6,11-13p,101,True,17,18
N/A,N/A,19:30,Good,3m,Dicebox (IRE),Jordan Colin Gainford,0,John Joseph Hanlon,1st,N/A,5,11-5p,93,True,17,18
N/A,N/A,19:30,Good,3m,Canteeny Benny (IRE),Keith Donoghue,0,Paul W. Flynn,13th,43 l,6,11-9b1,97,True,17,18
N/A,N/A,19:30,Good,3m,He Fitz In (IRE),D. E. Mullins,0,D. E. Fitzgerald,12th,3 3/4 l,6,11-10p,98,True,17,18
N/A,N/A,19:30,Good,3m,What An Ocean (IRE),Davy Russell,0,Gordon Elliott,11th,44 l,6,11-11,99,True,17,18
N/A,N/A,19:30,Good,3m,Emir De Rots (FR),C. G. O'Dwyer,7,Conor O'Dwyer,10th,11 l,8,11-8,96,True,17,18
N/A,N/A,19:30,Good,3m,So Ladylike (IRE),Gavin Peter Brouder,5,Colin A. McBratney,9th,4 1/4 l,8,10-12,86,True,17,18
N/A,N/A,19:30,Good,3m,Guido Reni (IRE),Donagh Meyler,0,Karl Thornton,8th,1 l,8,11-11t,99,True,17,18
N/A,N/A,19:30,Good,3m,Supreme Vinnie (IRE),Rachael Blackmore,0,Miss D. M. O'Shea,7th,3 1/2 l,13,11-9t,97,True,17,18
N/A,N/A,19:30,Good,3m,Gold Creek (IRE),Denis O'Regan,0,S. Curling,6th,Head,8,11-0t1,88,True,17,18
N/A,N/A,19:30,Good,3m,Chief Seattle (IRE),Mr M. J. M. O'Sullivan,7,John Patrick Ryan,5th,Short Head,7,10-13,87,True,17,18
N/A,N/A,19:30,Good,3m,Game And Glory (IRE),Jack Foley,3,P. J. Rothwell,4th,5 l,6,11-3p,91,True,17,18
N/A,N/A,19:30,Good,3m,Important Message,Patrick O'Hanlon,5,David Peter Dunne,3rd,1 1/4 l,10,12-0t,102,True,17,18
N/A,N/A,19:30,Good,3m,Lily Light Foot (IRE),K. E. Buckley,0,Eddie & Patrick Harty,2nd,Neck,6,11-13p,101,True,17,18
N/A,N/A,19:30,Good,3m,Dicebox (IRE),Jordan Colin Gainford,0,John Joseph Hanlon,1st,N/A,5,11-5p,93,True,17,18
N/A,N/A,20:00,Good,2m 190y,Ramble on Muller (IRE),Mr S. Cavanagh,7,P. A. Fahy,11th,16 l,6,11-4,-,True,17,19
N/A,N/A,20:00,Good,2m 190y,Starry Heights (IRE),Mr J. W. Hendrick,7,N. Dooly,10th,Head,4,11-1,-,True,17,19
N/A,N/A,20:00,Good,2m 190y,Kurphy (IRE),Mr J. L. Gleeson,7,N. Dooly,9th,9 1/2 l,4,11-1,-,True,17,19
N/A,N/A,20:00,Good,2m 190y,Glen Na Tara (IRE),Mr J. C. Barry,3,P. J. Rothwell,8th,2 1/4 l,4,11-1,-,True,17,19
N/A,N/A,20:00,Good,2m 190y,Drumderry Harlem (IRE),Mr S. Staples,7,Mark John Scallan,7th,1 l,6,11-4t,-,True,17,19
N/A,N/A,20:00,Good,2m 190y,Lady of the Vale (IRE),Mr A. P. Ryan,7,A. Slattery,6th,1 1/4 l,5,11-4,-,True,17,19
N/A,N/A,20:00,Good,2m 190y,Ginnets Girl (IRE),Mr H. C. Swan,7,Gordon Elliott,5th,3 1/2 l,4,11-8,-,True,17,19
N/A,N/A,20:00,Good,2m 190y,A Law Of Her Own (IRE),Mr D. G. Lavery,0,Peter Fahey,4th,4 l,5,11-4,-,True,17,19
N/A,N/A,20:00,Good,2m 190y,Jetara (IRE),Mr M. J. M. O'Sullivan,7,Mrs J. Harrington,3rd,2 1/2 l,4,11-8,-,True,17,19
N/A,N/A,20:00,Good,2m 190y,Cash The Cheque (IRE),Miss A. B. O'Connor,5,Anthony McCann,2nd,Short Head,4,11-8h,-,True,17,19
N/A,N/A,20:00,Good,2m 190y,Boujee (IRE),Mr D. O'Connor,0,Mark Molloy,1st,N/A,5,11-4,-,True,17,19
N/A,N/A,20:00,Good,2m 190y,Ramble on Muller (IRE),Mr S. Cavanagh,7,P. A. Fahy,11th,16 l,6,11-4,-,True,17,19
N/A,N/A,20:00,Good,2m 190y,Starry Heights (IRE),Mr J. W. Hendrick,7,N. Dooly,10th,Head,4,11-1,-,True,17,19
N/A,N/A,20:00,Good,2m 190y,Kurphy (IRE),Mr J. L. Gleeson,7,N. Dooly,9th,9 1/2 l,4,11-1,-,True,17,19
N/A,N/A,20:00,Good,2m 190y,Glen Na Tara (IRE),Mr J. C. Barry,3,P. J. Rothwell,8th,2 1/4 l,4,11-1,-,True,17,19
N/A,N/A,20:00,Good,2m 190y,Drumderry Harlem (IRE),Mr S. Staples,7,Mark John Scallan,7th,1 l,6,11-4t,-,True,17,19
N/A,N/A,20:00,Good,2m 190y,Lady of the Vale (IRE),Mr A. P. Ryan,7,A. Slattery,6th,1 1/4 l,5,11-4,-,True,17,19
N/A,N/A,20:00,Good,2m 190y,Ginnets Girl (IRE),Mr H. C. Swan,7,Gordon Elliott,5th,3 1/2 l,4,11-8,-,True,17,19
N/A,N/A,20:00,Good,2m 190y,A Law Of Her Own (IRE),Mr D. G. Lavery,0,Peter Fahey,4th,4 l,5,11-4,-,True,17,19
N/A,N/A,20:00,Good,2m 190y,Jetara (IRE),Mr M. J. M. O'Sullivan,7,Mrs J. Harrington,3rd,2 1/2 l,4,11-8,-,True,17,19
N/A,N/A,20:00,Good,2m 190y,Cash The Cheque (IRE),Miss A. B. O'Connor,5,Anthony McCann,2nd,Short Head,4,11-8h,-,True,17,19
N/A,N/A,20:00,Good,2m 190y,Boujee (IRE),Mr D. O'Connor,0,Mark Molloy,1st,N/A,5,11-4,-,True,17,19
Curragh Racing Results | 27th August 2022 13:20,N/A,13:20,Good (Good To Firm Places)  (Turf),1m,Broad Daylight (IRE),K. J. Manning,0,J. S. Bolger,9th,Nose,2,9-5,-,True,17,20
Curragh Racing Results | 27th August 2022 13:20,N/A,13:20,Good (Good To Firm Places)  (Turf),1m,High Court Judge (USA),Ben Martin Coen,0,John Patrick Murtagh,8th,5 l,2,9-5,-,True,17,20
Curragh Racing Results | 27th August 2022 13:20,N/A,13:20,Good (Good To Firm Places)  (Turf),1m,Our Boy Wes,William James Lee,0,Emmet Mullins,7th,Neck,2,9-5,-,True,17,20
Curragh Racing Results | 27th August 2022 13:20,N/A,13:20,Good (Good To Firm Places)  (Turf),1m,Kingswood,R. P. Whelan,0,John Stephen O'Donoghue,6th,1 3/4 l,2,9-5,-,True,17,20
Curragh Racing Results | 27th August 2022 13:20,N/A,13:20,Good (Good To Firm Places)  (Turf),1m,Warrior Lion,S. M. Crosse,0,Joseph Patrick O'Brien,5th,3 1/2 l,2,9-5,-,True,17,20
Curragh Racing Results | 27th August 2022 13:20,N/A,13:20,Good (Good To Firm Places)  (Turf),1m,Pearl Of Australia (IRE),C. D. Hayes,0,Noel Meade,4th,6 l,2,9-5,-,True,17,20
Curragh Racing Results | 27th August 2022 13:20,N/A,13:20,Good (Good To Firm Places)  (Turf),1m,Voice Of Reason (IRE),C. T. Keane,0,G. M. Lyons,3rd,Head,2,9-5,-,True,17,20
Curragh Racing Results | 27th August 2022 13:20,N/A,13:20,Good (Good To Firm Places)  (Turf),1m,Gulf of Mexico (IRE),Seamie Heffernan,0,Aidan O'Brien,2nd,Neck,2,9-5,-,True,17,20
Curragh Racing Results | 27th August 2022 13:20,N/A,13:20,Good (Good To Firm Places)  (Turf),1m,Cairo (IRE),W. M. Lordan,0,Aidan O'Brien,1st,N/A,2,9-5,-,True,17,20
Curragh Racing Results | 27th August 2022 13:20,N/A,13:20,Good (Good To Firm Places)  (Turf),1m,Broad Daylight (IRE),K. J. Manning,0,J. S. Bolger,9th,Nose,2,9-5,-,True,17,20
Curragh Racing Results | 27th August 2022 13:20,N/A,13:20,Good (Good To Firm Places)  (Turf),1m,High Court Judge (USA),Ben Martin Coen,0,John Patrick Murtagh,8th,5 l,2,9-5,-,True,17,20
Curragh Racing Results | 27th August 2022 13:20,N/A,13:20,Good (Good To Firm Places)  (Turf),1m,Our Boy Wes,William James Lee,0,Emmet Mullins,7th,Neck,2,9-5,-,True,17,20
Curragh Racing Results | 27th August 2022 13:20,N/A,13:20,Good (Good To Firm Places)  (Turf),1m,Kingswood,R. P. Whelan,0,John Stephen O'Donoghue,6th,1 3/4 l,2,9-5,-,True,17,20
Curragh Racing Results | 27th August 2022 13:20,N/A,13:20,Good (Good To Firm Places)  (Turf),1m,Warrior Lion,S. M. Crosse,0,Joseph Patrick O'Brien,5th,3 1/2 l,2,9-5,-,True,17,20
Curragh Racing Results | 27th August 2022 13:20,N/A,13:20,Good (Good To Firm Places)  (Turf),1m,Pearl Of Australia (IRE),C. D. Hayes,0,Noel Meade,4th,6 l,2,9-5,-,True,17,20
Curragh Racing Results | 27th August 2022 13:20,N/A,13:20,Good (Good To Firm Places)  (Turf),1m,Voice Of Reason (IRE),C. T. Keane,0,G. M. Lyons,3rd,Head,2,9-5,-,True,17,20
Curragh Racing Results | 27th August 2022 13:20,N/A,13:20,Good (Good To Firm Places)  (Turf),1m,Gulf of Mexico (IRE),Seamie Heffernan,0,Aidan O'Brien,2nd,Neck,2,9-5,-,True,17,20
Curragh Racing Results | 27th August 2022 13:20,N/A,13:20,Good (Good To Firm Places)  (Turf),1m,Cairo (IRE),W. M. Lordan,0,Aidan O'Brien,1st,N/A,2,9-5,-,True,17,20
Curragh Racing Results | 27th August 2022 13:55,N/A,13:55,Good (Good To Firm Places),1m,Evening's Empire (IRE),C. D. Hayes,0,Eddie & Patrick Harty,8th,1 3/4 l,2,9-2,-,True,17,21
Curragh Racing Results | 27th August 2022 13:55,N/A,13:55,Good (Good To Firm Places),1m,La Dolce Vita (IRE),G. M. Ryan,0,Donnacha Aidan O'Brien,7th,3 l,2,9-2,-,True,17,21
Curragh Racing Results | 27th August 2022 13:55,N/A,13:55,Good (Good To Firm Places),1m,Caroline Street (USA),S. M. Crosse,0,Joseph Patrick O'Brien,6th,1 3/4 l,2,9-2,-,True,17,21
Curragh Racing Results | 27th August 2022 13:55,N/A,13:55,Good (Good To Firm Places),1m,Maybe Just Maybe (JPN),W. M. Lordan,0,Aidan O'Brien,5th,1 1/4 l,2,9-2,-,True,17,21
Curragh Racing Results | 27th August 2022 13:55,N/A,13:55,Good (Good To Firm Places),1m,Dame Kiri (USA),Seamie Heffernan,0,Aidan O'Brien,4th,1 l,2,9-2,-,True,17,21
Curragh Racing Results | 27th August 2022 13:55,N/A,13:55,Good (Good To Firm Places),1m,Eternal Silence (USA),Shane Foley,0,Mrs J. Harrington,3rd,Head,2,9-2,-,True,17,21
Curragh Racing Results | 27th August 2022 13:55,N/A,13:55,Good (Good To Firm Places),1m,Shelton (IRE),William James Lee,0,P. Twomey,2nd,1 1/4 l,2,9-2,-,True,17,21
Curragh Racing Results | 27th August 2022 13:55,N/A,13:55,Good (Good To Firm Places),1m,Aspen Grove (IRE),M. A. Enright,0,J. A. Stack,1st,N/A,2,9-2,-,True,17,21
Curragh Racing Results | 27th August 2022 13:55,N/A,13:55,Good (Good To Firm Places),1m,Evening's Empire (IRE),C. D. Hayes,0,Eddie & Patrick Harty,8th,1 3/4 l,2,9-2,-,True,17,21
Curragh Racing Results | 27th August 2022 13:55,N/A,13:55,Good (Good To Firm Places),1m,La Dolce Vita (IRE),G. M. Ryan,0,Donnacha Aidan O'Brien,7th,3 l,2,9-2,-,True,17,21
Curragh Racing Results | 27th August 2022 13:55,N/A,13:55,Good (Good To Firm Places),1m,Caroline Street (USA),S. M. Crosse,0,Joseph Patrick O'Brien,6th,1 3/4 l,2,9-2,-,True,17,21
Curragh Racing Results | 27th August 2022 13:55,N/A,13:55,Good (Good To Firm Places),1m,Maybe Just Maybe (JPN),W. M. Lordan,0,Aidan O'Brien,5th,1 1/4 l,2,9-2,-,True,17,21
Curragh Racing Results | 27th August 2022 13:55,N/A,13:55,Good (Good To Firm Places),1m,Dame Kiri (USA),Seamie Heffernan,0,Aidan O'Brien,4th,1 l,2,9-2,-,True,17,21
Curragh Racing Results | 27th August 2022 13:55,N/A,13:55,Good (Good To Firm Places),1m,Eternal Silence (USA),Shane Foley,0,Mrs J. Harrington,3rd,Head,2,9-2,-,True,17,21
Curragh Racing Results | 27th August 2022 13:55,N/A,13:55,Good (Good To Firm Places),1m,Shelton (IRE),William James Lee,0,P. Twomey,2nd,1 1/4 l,2,9-2,-,True,17,21
Curragh Racing Results | 27th August 2022 13:55,N/A,13:55,Good (Good To Firm Places),1m,Aspen Grove (IRE),M. A. Enright,0,J. A. Stack,1st,N/A,2,9-2,-,True,17,21
Curragh Racing Results | 27th August 2022 14:30,N/A,14:30,Good (Good To Firm Places),6f,Decorated My Life (IRE),A. J. Slattery,0,J. A. Stack,10th,Short Head,2,9-2t1,-,True,17,22
Curragh Racing Results | 27th August 2022 14:30,N/A,14:30,Good (Good To Firm Places),6f,Studio City (IRE),L. F. Roche,0,M. D. O'Callaghan,9th,1 l,2,9-5,-,True,17,22
Curragh Racing Results | 27th August 2022 14:30,N/A,14:30,Good (Good To Firm Places),6f,Tiger Paw (IRE),W. M. Lordan,0,Aidan O'Brien,8th,1 1/4 l,2,9-5tp,-,True,17,22
Curragh Racing Results | 27th August 2022 14:30,N/A,14:30,Good (Good To Firm Places),6f,Dower House (IRE),Seamie Heffernan,0,Aidan O'Brien,7th,Neck,2,9-2,-,True,17,22
Curragh Racing Results | 27th August 2022 14:30,N/A,14:30,Good (Good To Firm Places),6f,Daamberdiplomat (IRE),Ben Martin Coen,0,John Patrick Murtagh,6th,Neck,2,9-5,-,True,17,22
Curragh Racing Results | 27th August 2022 14:30,N/A,14:30,Good (Good To Firm Places),6f,Lady Tilbury,M. P. Sheehy,0,David Marnane,5th,1 3/4 l,2,9-2,-,True,17,22
Curragh Racing Results | 27th August 2022 14:30,N/A,14:30,Good (Good To Firm Places),6f,Apricot Twist (IRE),C. T. Keane,0,G. M. Lyons,4th,1/2 l,2,9-2t,-,True,17,22
Curragh Racing Results | 27th August 2022 14:30,N/A,14:30,Good (Good To Firm Places),6f,Coralillo (IRE),C. D. Hayes,0,Eddie & Patrick Harty,3rd,Neck,2,9-2t,-,True,17,22
Curragh Racing Results | 27th August 2022 14:30,N/A,14:30,Good (Good To Firm Places),6f,Ocean Quest (IRE),Shane Foley,0,Mrs J. Harrington,2nd,Short Head,2,9-2,-,True,17,22
Curragh Racing Results | 27th August 2022 14:30,N/A,14:30,Good (Good To Firm Places),6f,Treasure Trove (IRE),William James Lee,0,P. Twomey,1st,N/A,2,9-2,-,True,17,22
Curragh Racing Results | 27th August 2022 14:30,N/A,14:30,Good (Good To Firm Places),6f,Decorated My Life (IRE),A. J. Slattery,0,J. A. Stack,10th,Short Head,2,9-2t1,-,True,17,22
Curragh Racing Results | 27th August 2022 14:30,N/A,14:30,Good (Good To Firm Places),6f,Studio City (IRE),L. F. Roche,0,M. D. O'Callaghan,9th,1 l,2,9-5,-,True,17,22
Curragh Racing Results | 27th August 2022 14:30,N/A,14:30,Good (Good To Firm Places),6f,Tiger Paw (IRE),W. M. Lordan,0,Aidan O'Brien,8th,1 1/4 l,2,9-5tp,-,True,17,22
Curragh Racing Results | 27th August 2022 14:30,N/A,14:30,Good (Good To Firm Places),6f,Dower House (IRE),Seamie Heffernan,0,Aidan O'Brien,7th,Neck,2,9-2,-,True,17,22
Curragh Racing Results | 27th August 2022 14:30,N/A,14:30,Good (Good To Firm Places),6f,Daamberdiplomat (IRE),Ben Martin Coen,0,John Patrick Murtagh,6th,Neck,2,9-5,-,True,17,22
Curragh Racing Results | 27th August 2022 14:30,N/A,14:30,Good (Good To Firm Places),6f,Lady Tilbury,M. P. Sheehy,0,David Marnane,5th,1 3/4 l,2,9-2,-,True,17,22
Curragh Racing Results | 27th August 2022 14:30,N/A,14:30,Good (Good To Firm Places),6f,Apricot Twist (IRE),C. T. Keane,0,G. M. Lyons,4th,1/2 l,2,9-2t,-,True,17,22
Curragh Racing Results | 27th August 2022 14:30,N/A,14:30,Good (Good To Firm Places),6f,Coralillo (IRE),C. D. Hayes,0,Eddie & Patrick Harty,3rd,Neck,2,9-2t,-,True,17,22
Curragh Racing Results | 27th August 2022 14:30,N/A,14:30,Good (Good To Firm Places),6f,Ocean Quest (IRE),Shane Foley,0,Mrs J. Harrington,2nd,Short Head,2,9-2,-,True,17,22
Curragh Racing Results | 27th August 2022 14:30,N/A,14:30,Good (Good To Firm Places),6f,Treasure Trove (IRE),William James Lee,0,P. Twomey,1st,N/A,2,9-2,-,True,17,22
Curragh Racing Results | 27th August 2022 15:05,N/A,15:05,Good (Good To Firm Places),6f,Najat,R. P. Cleary,0,Donal Kinsella,7th,3 3/4 l,3,8-7t1,80,True,17,23
Curragh Racing Results | 27th August 2022 15:05,N/A,15:05,Good (Good To Firm Places),6f,Patsy Fagan (IRE),S. P. Davis,0,Peter Cluskey,6th,5 1/2 l,4,8-8,78,True,17,23
Curragh Racing Results | 27th August 2022 15:05,N/A,15:05,Good (Good To Firm Places),6f,Sunset Nova (IRE),C. Horgan,7,A. Slattery,5th,1 3/4 l,6,8-10,80,True,17,23
Curragh Racing Results | 27th August 2022 15:05,N/A,15:05,Good (Good To Firm Places),6f,Warrior Brave,C. T. Keane,0,Ross O'Sullivan,4th,1/2 l,4,10-0p,98,True,17,23
Curragh Racing Results | 27th August 2022 15:05,N/A,15:05,Good (Good To Firm Places),6f,Yermanthere (IRE),G. M. Ryan,0,Patrick T. Foley,3rd,2 1/2 l,4,9-6,90,True,17,23
Curragh Racing Results | 27th August 2022 15:05,N/A,15:05,Good (Good To Firm Places),6f,King Of Bavaria (IRE),Seamie Heffernan,0,Aidan O'Brien,2nd,1 3/4 l,3,10-0,101,True,17,23
Curragh Racing Results | 27th August 2022 15:05,N/A,15:05,Good (Good To Firm Places),6f,Ice Cold In Alex (IRE),J. A. Powell,7,K. J. Condon,1st,N/A,8,8-12t,82,True,17,23
Curragh Racing Results | 27th August 2022 15:05,N/A,15:05,Good (Good To Firm Places),6f,Najat,R. P. Cleary,0,Donal Kinsella,7th,3 3/4 l,3,8-7t1,80,True,17,23
Curragh Racing Results | 27th August 2022 15:05,N/A,15:05,Good (Good To Firm Places),6f,Patsy Fagan (IRE),S. P. Davis,0,Peter Cluskey,6th,5 1/2 l,4,8-8,78,True,17,23
Curragh Racing Results | 27th August 2022 15:05,N/A,15:05,Good (Good To Firm Places),6f,Sunset Nova (IRE),C. Horgan,7,A. Slattery,5th,1 3/4 l,6,8-10,80,True,17,23
Curragh Racing Results | 27th August 2022 15:05,N/A,15:05,Good (Good To Firm Places),6f,Warrior Brave,C. T. Keane,0,Ross O'Sullivan,4th,1/2 l,4,10-0p,98,True,17,23
Curragh Racing Results | 27th August 2022 15:05,N/A,15:05,Good (Good To Firm Places),6f,Yermanthere (IRE),G. M. Ryan,0,Patrick T. Foley,3rd,2 1/2 l,4,9-6,90,True,17,23
Curragh Racing Results | 27th August 2022 15:05,N/A,15:05,Good (Good To Firm Places),6f,King Of Bavaria (IRE),Seamie Heffernan,0,Aidan O'Brien,2nd,1 3/4 l,3,10-0,101,True,17,23
Curragh Racing Results | 27th August 2022 15:05,N/A,15:05,Good (Good To Firm Places),6f,Ice Cold In Alex (IRE),J. A. Powell,7,K. J. Condon,1st,N/A,8,8-12t,82,True,17,23
Curragh Racing Results | 27th August 2022 15:40,N/A,15:40,Good (Good To Firm Places),1m 1f,Lullaby (IRE),W. M. Lordan,0,Aidan O'Brien,6th,4 l,3,9-0,-,True,17,24
Curragh Racing Results | 27th August 2022 15:40,N/A,15:40,Good (Good To Firm Places),1m 1f,Seisai (IRE),Declan McDonogh,0,Joseph Patrick O'Brien,5th,1/2 l,3,9-0,-,True,17,24
Curragh Racing Results | 27th August 2022 15:40,N/A,15:40,Good (Good To Firm Places),1m 1f,Female Soldier (IRE),William James Lee,0,Thomas Mullins,4th,1 1/2 l,3,9-0,-,True,17,24
Curragh Racing Results | 27th August 2022 15:40,N/A,15:40,Good (Good To Firm Places),1m 1f,Juncture,C. T. Keane,0,G. M. Lyons,3rd,3/4 l,3,9-0,-,True,17,24
Curragh Racing Results | 27th August 2022 15:40,N/A,15:40,Good (Good To Firm Places),1m 1f,Magic Chegaga (IRE),Seamie Heffernan,0,B. Duffy,2nd,2 1/4 l,5,9-7,-,True,17,24
Curragh Racing Results | 27th August 2022 15:40,N/A,15:40,Good (Good To Firm Places),1m 1f,Viareggio (IRE),Shane Foley,0,Mrs J. Harrington,1st,N/A,3,9-0v,-,True,17,24
Curragh Racing Results | 27th August 2022 15:40,N/A,15:40,Good (Good To Firm Places),1m 1f,Lullaby (IRE),W. M. Lordan,0,Aidan O'Brien,6th,4 l,3,9-0,-,True,17,24
Curragh Racing Results | 27th August 2022 15:40,N/A,15:40,Good (Good To Firm Places),1m 1f,Seisai (IRE),Declan McDonogh,0,Joseph Patrick O'Brien,5th,1/2 l,3,9-0,-,True,17,24
Curragh Racing Results | 27th August 2022 15:40,N/A,15:40,Good (Good To Firm Places),1m 1f,Female Soldier (IRE),William James Lee,0,Thomas Mullins,4th,1 1/2 l,3,9-0,-,True,17,24
Curragh Racing Results | 27th August 2022 15:40,N/A,15:40,Good (Good To Firm Places),1m 1f,Juncture,C. T. Keane,0,G. M. Lyons,3rd,3/4 l,3,9-0,-,True,17,24
Curragh Racing Results | 27th August 2022 15:40,N/A,15:40,Good (Good To Firm Places),1m 1f,Magic Chegaga (IRE),Seamie Heffernan,0,B. Duffy,2nd,2 1/4 l,5,9-7,-,True,17,24
Curragh Racing Results | 27th August 2022 15:40,N/A,15:40,Good (Good To Firm Places),1m 1f,Viareggio (IRE),Shane Foley,0,Mrs J. Harrington,1st,N/A,3,9-0v,-,True,17,24
Curragh Racing Results | 27th August 2022 16:15,N/A,16:15,Good (Good To Firm Places),1m,Massaman (IRE),Declan McDonogh,0,Jack W. Davison,25th,1 1/2 l,4,8-13p,87,True,17,25
Curragh Racing Results | 27th August 2022 16:15,N/A,16:15,Good (Good To Firm Places),1m,Elephant John (IRE),R. P. Cleary,0,Barry Fitzgerald,24th,1 3/4 l,4,8-8,82,True,17,25
Curragh Racing Results | 27th August 2022 16:15,N/A,16:15,Good (Good To Firm Places),1m,Celtic Crown (IRE),William James Lee,0,Joseph G. Murphy,23rd,1/2 l,5,9-0v1,88,True,17,25
Curragh Racing Results | 27th August 2022 16:15,N/A,16:15,Good (Good To Firm Places),1m,Saltonstall,G. M. Ryan,0,Adrian McGuinness,22nd,4 1/4 l,8,9-9tp,97,True,17,25
Curragh Racing Results | 27th August 2022 16:15,N/A,16:15,Good (Good To Firm Places),1m,Spanish Tenor (IRE),J. Coen,5,Adrian McGuinness,21st,Neck,8,9-9,97,True,17,25
Curragh Racing Results | 27th August 2022 16:15,N/A,16:15,Good (Good To Firm Places),1m,Lexington Dash (FR),Siobhan Rutledge,5,John McConnell,20th,Neck,5,9-10t,98,True,17,25
Curragh Racing Results | 27th August 2022 16:15,N/A,16:15,Good (Good To Firm Places),1m,Jungle Cove (IRE),D. A. Kidd,10,Mrs J. Harrington,19th,1 l,5,9-9,97,True,17,25
Curragh Racing Results | 27th August 2022 16:15,N/A,16:15,Good (Good To Firm Places),1m,Crystal Black (IRE),C. D. Hayes,0,D. K. Weld,18th,1/2 l,4,9-0t1,88,True,17,25
Curragh Racing Results | 27th August 2022 16:15,N/A,16:15,Good (Good To Firm Places),1m,Hale Bopp (IRE),M. A. Enright,0,G. M. Lyons,17th,Short Head,4,9-5,93,True,17,25
Curragh Racing Results | 27th August 2022 16:15,N/A,16:15,Good (Good To Firm Places),1m,Sirjack Thomas (IRE),C. J. MacRedmond,5,Adrian McGuinness,16th,1/2 l,7,9-2,90,True,17,25
Curragh Racing Results | 27th August 2022 16:15,N/A,16:15,Good (Good To Firm Places),1m,That's Just Dandy (IRE),N. M. Crosse,3,Mrs J. Harrington,15th,Head,4,8-7,81,True,17,25
Curragh Racing Results | 27th August 2022 16:15,N/A,16:15,Good (Good To Firm Places),1m,Fastnet Crown (IRE),L. F. Roche,0,M. D. O'Callaghan,14th,1/2 l,5,9-9tp,97,True,17,25
Curragh Racing Results | 27th August 2022 16:15,N/A,16:15,Good (Good To Firm Places),1m,Imposing Supreme (IRE),J. A. Powell,7,T. Gibney,13th,Neck,6,8-7,81,True,17,25
Curragh Racing Results | 27th August 2022 16:15,N/A,16:15,Good (Good To Firm Places),1m,Comfort Line (IRE),A. J. Slattery,0,Michael Mulvany,12th,Neck,5,9-0tp,88,True,17,25
Curragh Racing Results | 27th August 2022 16:15,N/A,16:15,Good (Good To Firm Places),1m,Mr Trinket (IRE),C. P. Hoban,0,Mark Fahey,11th,Neck,3,8-7b,87,True,17,25
Curragh Racing Results | 27th August 2022 16:15,N/A,16:15,Good (Good To Firm Places),1m,Cowboy Justice (USA),Shane Foley,0,Mrs J. Harrington,10th,Nose,3,9-0t,94,True,17,25
Curragh Racing Results | 27th August 2022 16:15,N/A,16:15,Good (Good To Firm Places),1m,Janoobi (IRE),C. T. Keane,0,G. M. Lyons,9th,Neck,3,8-13,93,True,17,25
Curragh Racing Results | 27th August 2022 16:15,N/A,16:15,Good (Good To Firm Places),1m,Big Baby Bull (IRE),G. F. Carroll,0,Michael Mulvany,8th,1 l,6,9-1t,89,True,17,25
Curragh Racing Results | 27th August 2022 16:15,N/A,16:15,Good (Good To Firm Places),1m,No More Porter (IRE),K. J. Manning,0,J. J. Feane,7th,1 l,4,8-10,84,True,17,25
Curragh Racing Results | 27th August 2022 16:15,N/A,16:15,Good (Good To Firm Places),1m,Casanova,Adam Caffrey,7,Adrian McGuinness,6th,1/2 l,6,10-0,102,True,17,25
Curragh Racing Results | 27th August 2022 16:15,N/A,16:15,Good (Good To Firm Places),1m,Monaasib (USA),G. P. Halpin,0,Kevin Prendergast,5th,Short Head,4,9-10t,98,True,17,25
Curragh Racing Results | 27th August 2022 16:15,N/A,16:15,Good (Good To Firm Places),1m,Pierre Lapin (IRE),Ben Martin Coen,0,Adrian McGuinness,4th,1 1/2 l,5,9-1v1,89,True,17,25
Curragh Racing Results | 27th August 2022 16:15,N/A,16:15,Good (Good To Firm Places),1m,Star Harbour (IRE),R. P. Whelan,0,Adrian McGuinness,3rd,3/4 l,4,9-5v,93,True,17,25
Curragh Racing Results | 27th August 2022 16:15,N/A,16:15,Good (Good To Firm Places),1m,Good Heavens (IRE),D. B. McMonagle,0,Joseph Patrick O'Brien,2nd,Neck,3,9-4t,98,True,17,25
Curragh Racing Results | 27th August 2022 16:15,N/A,16:15,Good (Good To Firm Places),1m,Federal (IRE),M. P. Sheehy,3,Joseph Patrick O'Brien,1st,N/A,4,8-11,85,True,17,25
Curragh Racing Results | 27th August 2022 16:15,N/A,16:15,Good (Good To Firm Places),1m,Massaman (IRE),Declan McDonogh,0,Jack W. Davison,25th,1 1/2 l,4,8-13p,87,True,17,25
Curragh Racing Results | 27th August 2022 16:15,N/A,16:15,Good (Good To Firm Places),1m,Elephant John (IRE),R. P. Cleary,0,Barry Fitzgerald,24th,1 3/4 l,4,8-8,82,True,17,25
Curragh Racing Results | 27th August 2022 16:15,N/A,16:15,Good (Good To Firm Places),1m,Celtic Crown (IRE),William James Lee,0,Joseph G. Murphy,23rd,1/2 l,5,9-0v1,88,True,17,25
Curragh Racing Results | 27th August 2022 16:15,N/A,16:15,Good (Good To Firm Places),1m,Saltonstall,G. M. Ryan,0,Adrian McGuinness,22nd,4 1/4 l,8,9-9tp,97,True,17,25
Curragh Racing Results | 27th August 2022 16:15,N/A,16:15,Good (Good To Firm Places),1m,Spanish Tenor (IRE),J. Coen,5,Adrian McGuinness,21st,Neck,8,9-9,97,True,17,25
Curragh Racing Results | 27th August 2022 16:15,N/A,16:15,Good (Good To Firm Places),1m,Lexington Dash (FR),Siobhan Rutledge,5,John McConnell,20th,Neck,5,9-10t,98,True,17,25
Curragh Racing Results | 27th August 2022 16:15,N/A,16:15,Good (Good To Firm Places),1m,Jungle Cove (IRE),D. A. Kidd,10,Mrs J. Harrington,19th,1 l,5,9-9,97,True,17,25
Curragh Racing Results | 27th August 2022 16:15,N/A,16:15,Good (Good To Firm Places),1m,Crystal Black (IRE),C. D. Hayes,0,D. K. Weld,18th,1/2 l,4,9-0t1,88,True,17,25
Curragh Racing Results | 27th August 2022 16:15,N/A,16:15,Good (Good To Firm Places),1m,Hale Bopp (IRE),M. A. Enright,0,G. M. Lyons,17th,Short Head,4,9-5,93,True,17,25
Curragh Racing Results | 27th August 2022 16:15,N/A,16:15,Good (Good To Firm Places),1m,Sirjack Thomas (IRE),C. J. MacRedmond,5,Adrian McGuinness,16th,1/2 l,7,9-2,90,True,17,25
Curragh Racing Results | 27th August 2022 16:15,N/A,16:15,Good (Good To Firm Places),1m,That's Just Dandy (IRE),N. M. Crosse,3,Mrs J. Harrington,15th,Head,4,8-7,81,True,17,25
Curragh Racing Results | 27th August 2022 16:15,N/A,16:15,Good (Good To Firm Places),1m,Fastnet Crown (IRE),L. F. Roche,0,M. D. O'Callaghan,14th,1/2 l,5,9-9tp,97,True,17,25
Curragh Racing Results | 27th August 2022 16:15,N/A,16:15,Good (Good To Firm Places),1m,Imposing Supreme (IRE),J. A. Powell,7,T. Gibney,13th,Neck,6,8-7,81,True,17,25
Curragh Racing Results | 27th August 2022 16:15,N/A,16:15,Good (Good To Firm Places),1m,Comfort Line (IRE),A. J. Slattery,0,Michael Mulvany,12th,Neck,5,9-0tp,88,True,17,25
Curragh Racing Results | 27th August 2022 16:15,N/A,16:15,Good (Good To Firm Places),1m,Mr Trinket (IRE),C. P. Hoban,0,Mark Fahey,11th,Neck,3,8-7b,87,True,17,25
Curragh Racing Results | 27th August 2022 16:15,N/A,16:15,Good (Good To Firm Places),1m,Cowboy Justice (USA),Shane Foley,0,Mrs J. Harrington,10th,Nose,3,9-0t,94,True,17,25
Curragh Racing Results | 27th August 2022 16:15,N/A,16:15,Good (Good To Firm Places),1m,Janoobi (IRE),C. T. Keane,0,G. M. Lyons,9th,Neck,3,8-13,93,True,17,25
Curragh Racing Results | 27th August 2022 16:15,N/A,16:15,Good (Good To Firm Places),1m,Big Baby Bull (IRE),G. F. Carroll,0,Michael Mulvany,8th,1 l,6,9-1t,89,True,17,25
Curragh Racing Results | 27th August 2022 16:15,N/A,16:15,Good (Good To Firm Places),1m,No More Porter (IRE),K. J. Manning,0,J. J. Feane,7th,1 l,4,8-10,84,True,17,25
Curragh Racing Results | 27th August 2022 16:15,N/A,16:15,Good (Good To Firm Places),1m,Casanova,Adam Caffrey,7,Adrian McGuinness,6th,1/2 l,6,10-0,102,True,17,25
Curragh Racing Results | 27th August 2022 16:15,N/A,16:15,Good (Good To Firm Places),1m,Monaasib (USA),G. P. Halpin,0,Kevin Prendergast,5th,Short Head,4,9-10t,98,True,17,25
Curragh Racing Results | 27th August 2022 16:15,N/A,16:15,Good (Good To Firm Places),1m,Pierre Lapin (IRE),Ben Martin Coen,0,Adrian McGuinness,4th,1 1/2 l,5,9-1v1,89,True,17,25
Curragh Racing Results | 27th August 2022 16:15,N/A,16:15,Good (Good To Firm Places),1m,Star Harbour (IRE),R. P. Whelan,0,Adrian McGuinness,3rd,3/4 l,4,9-5v,93,True,17,25
Curragh Racing Results | 27th August 2022 16:15,N/A,16:15,Good (Good To Firm Places),1m,Good Heavens (IRE),D. B. McMonagle,0,Joseph Patrick O'Brien,2nd,Neck,3,9-4t,98,True,17,25
Curragh Racing Results | 27th August 2022 16:15,N/A,16:15,Good (Good To Firm Places),1m,Federal (IRE),M. P. Sheehy,3,Joseph Patrick O'Brien,1st,N/A,4,8-11,85,True,17,25
Curragh Racing Results | 27th August 2022 16:50,N/A,16:50,Good (Good To Firm Places),7f,Peerless (IRE),H. J. Horgan,4,Denis Hogan,16th,Neck,4,9-13,72,True,17,26
Curragh Racing Results | 27th August 2022 16:50,N/A,16:50,Good (Good To Firm Places),7f,Eriskay (IRE),O. Enright,7,D. K. Weld,15th,5 1/2 l,3,9-1v1,65,True,17,26
Curragh Racing Results | 27th August 2022 16:50,N/A,16:50,Good (Good To Firm Places),7f,Swiss Army Officer (IRE),Rachel Phelan,7,Kevin Thomas Coleman,14th,4 1/2 l,7,9-9h1,68,True,17,26
Curragh Racing Results | 27th August 2022 16:50,N/A,16:50,Good (Good To Firm Places),7f,Scorpion Black (IRE),Siobhan Rutledge,0,R. R. Roberts,13th,Head,7,8-7t,52,True,17,26
Curragh Racing Results | 27th August 2022 16:50,N/A,16:50,Good (Good To Firm Places),7f,Tribute To Jade,C. Horgan,4,Jennifer Monaghan,12th,1 1/4 l,4,8-7p,52,True,17,26
Curragh Racing Results | 27th August 2022 16:50,N/A,16:50,Good (Good To Firm Places),7f,Trueba (IRE),Michael Beresford,7,John Patrick Murtagh,11th,3/4 l,6,9-12,71,True,17,26
Curragh Racing Results | 27th August 2022 16:50,N/A,16:50,Good (Good To Firm Places),7f,The Blue Panther (IRE),J. Kearney,4,Michael Mulvany,10th,Neck,4,9-8t,67,True,17,26
Curragh Racing Results | 27th August 2022 16:50,N/A,16:50,Good (Good To Firm Places),7f,One Sweet Day (IRE),J. Coen,2,W. P. Browne,9th,2 l,4,10-2,75,True,17,26
Curragh Racing Results | 27th August 2022 16:50,N/A,16:50,Good (Good To Firm Places),7f,Sadiqaa (IRE),D. King,4,Denis Hogan,8th,Head,4,9-10,69,True,17,26
Curragh Racing Results | 27th August 2022 16:50,N/A,16:50,Good (Good To Firm Places),7f,Tanseeq,Sorcha Woods,4,T. Gibney,7th,1/2 l,7,8-7,52,True,17,26
Curragh Racing Results | 27th August 2022 16:50,N/A,16:50,Good (Good To Firm Places),7f,Shamrock Sprig (IRE),P. A. Harnett,2,Eoin Joseph McDonagh,6th,Head,4,9-7h1,66,True,17,26
Curragh Racing Results | 27th August 2022 16:50,N/A,16:50,Good (Good To Firm Places),7f,Walking On Clouds (IRE),R. Whearty,4,Padraig Roche,5th,1 1/4 l,3,8-12tp,62,True,17,26
Curragh Racing Results | 27th August 2022 16:50,N/A,16:50,Good (Good To Firm Places),7f,Ducky Mallon (IRE),C. J. MacRedmond,2,Donal Kinsella,4th,Neck,11,9-6t,65,True,17,26
Curragh Racing Results | 27th August 2022 16:50,N/A,16:50,Good (Good To Firm Places),7f,Super Cub,S. D. Bowen,4,Denis Hogan,3rd,2 l,3,9-2,66,True,17,26
Curragh Racing Results | 27th August 2022 16:50,N/A,16:50,Good (Good To Firm Places),7f,Cnodian (IRE),Jessica Maye,7,W. McCreery,2nd,1/2 l,4,9-4,63,True,17,26
Curragh Racing Results | 27th August 2022 16:50,N/A,16:50,Good (Good To Firm Places),7f,San Aer (IRE),J. A. Powell,4,Thomas Mullins,1st,N/A,4,9-12h,71,True,17,26
Curragh Racing Results | 27th August 2022 16:50,N/A,16:50,Good (Good To Firm Places),7f,Peerless (IRE),H. J. Horgan,4,Denis Hogan,16th,Neck,4,9-13,72,True,17,26
Curragh Racing Results | 27th August 2022 16:50,N/A,16:50,Good (Good To Firm Places),7f,Eriskay (IRE),O. Enright,7,D. K. Weld,15th,5 1/2 l,3,9-1v1,65,True,17,26
Curragh Racing Results | 27th August 2022 16:50,N/A,16:50,Good (Good To Firm Places),7f,Swiss Army Officer (IRE),Rachel Phelan,7,Kevin Thomas Coleman,14th,4 1/2 l,7,9-9h1,68,True,17,26
Curragh Racing Results | 27th August 2022 16:50,N/A,16:50,Good (Good To Firm Places),7f,Scorpion Black (IRE),Siobhan Rutledge,0,R. R. Roberts,13th,Head,7,8-7t,52,True,17,26
Curragh Racing Results | 27th August 2022 16:50,N/A,16:50,Good (Good To Firm Places),7f,Tribute To Jade,C. Horgan,4,Jennifer Monaghan,12th,1 1/4 l,4,8-7p,52,True,17,26
Curragh Racing Results | 27th August 2022 16:50,N/A,16:50,Good (Good To Firm Places),7f,Trueba (IRE),Michael Beresford,7,John Patrick Murtagh,11th,3/4 l,6,9-12,71,True,17,26
Curragh Racing Results | 27th August 2022 16:50,N/A,16:50,Good (Good To Firm Places),7f,The Blue Panther (IRE),J. Kearney,4,Michael Mulvany,10th,Neck,4,9-8t,67,True,17,26
Curragh Racing Results | 27th August 2022 16:50,N/A,16:50,Good (Good To Firm Places),7f,One Sweet Day (IRE),J. Coen,2,W. P. Browne,9th,2 l,4,10-2,75,True,17,26
Curragh Racing Results | 27th August 2022 16:50,N/A,16:50,Good (Good To Firm Places),7f,Sadiqaa (IRE),D. King,4,Denis Hogan,8th,Head,4,9-10,69,True,17,26
Curragh Racing Results | 27th August 2022 16:50,N/A,16:50,Good (Good To Firm Places),7f,Tanseeq,Sorcha Woods,4,T. Gibney,7th,1/2 l,7,8-7,52,True,17,26
Curragh Racing Results | 27th August 2022 16:50,N/A,16:50,Good (Good To Firm Places),7f,Shamrock Sprig (IRE),P. A. Harnett,2,Eoin Joseph McDonagh,6th,Head,4,9-7h1,66,True,17,26
Curragh Racing Results | 27th August 2022 16:50,N/A,16:50,Good (Good To Firm Places),7f,Walking On Clouds (IRE),R. Whearty,4,Padraig Roche,5th,1 1/4 l,3,8-12tp,62,True,17,26
Curragh Racing Results | 27th August 2022 16:50,N/A,16:50,Good (Good To Firm Places),7f,Ducky Mallon (IRE),C. J. MacRedmond,2,Donal Kinsella,4th,Neck,11,9-6t,65,True,17,26
Curragh Racing Results | 27th August 2022 16:50,N/A,16:50,Good (Good To Firm Places),7f,Super Cub,S. D. Bowen,4,Denis Hogan,3rd,2 l,3,9-2,66,True,17,26
Curragh Racing Results | 27th August 2022 16:50,N/A,16:50,Good (Good To Firm Places),7f,Cnodian (IRE),Jessica Maye,7,W. McCreery,2nd,1/2 l,4,9-4,63,True,17,26
Curragh Racing Results | 27th August 2022 16:50,N/A,16:50,Good (Good To Firm Places),7f,San Aer (IRE),J. A. Powell,4,Thomas Mullins,1st,N/A,4,9-12h,71,True,17,26
Curragh Racing Results | 27th August 2022 17:25,N/A,17:25,Good (Good To Firm Places),7f,Tic Tac Toe (IRE),K. J. Manning,0,Darren Bunyan,7th,1/2 l,2,8-12,71,True,17,27
Curragh Racing Results | 27th August 2022 17:25,N/A,17:25,Good (Good To Firm Places),7f,Karaoke (FR),J. Coen,5,Joseph Patrick O'Brien,6th,1/2 l,2,9-13,86,True,17,27
Curragh Racing Results | 27th August 2022 17:25,N/A,17:25,Good (Good To Firm Places),7f,Slaney Tide (IRE),R. P. Cleary,0,J. S. Bolger,5th,1 3/4 l,2,8-7t,66,True,17,27
Curragh Racing Results | 27th August 2022 17:25,N/A,17:25,Good (Good To Firm Places),7f,Hasten Slowly (IRE),C. T. Keane,0,Noel Meade,4th,1/2 l,2,9-3,76,True,17,27
Curragh Racing Results | 27th August 2022 17:25,N/A,17:25,Good (Good To Firm Places),7f,Palace Gardens (IRE),William James Lee,0,K. J. Condon,3rd,1/2 l,2,9-2b,75,True,17,27
Curragh Racing Results | 27th August 2022 17:25,N/A,17:25,Good (Good To Firm Places),7f,Woodcock Flight (IRE),C. D. Hayes,0,Kevin Prendergast,2nd,3/4 l,2,9-6,79,True,17,27
Curragh Racing Results | 27th August 2022 17:25,N/A,17:25,Good (Good To Firm Places),7f,Bossy Parker (IRE),J. A. Powell,7,John Patrick Murtagh,1st,N/A,2,9-5,78,True,17,27
Curragh Racing Results | 27th August 2022 17:25,N/A,17:25,Good (Good To Firm Places),7f,Tic Tac Toe (IRE),K. J. Manning,0,Darren Bunyan,7th,1/2 l,2,8-12,71,True,17,27
Curragh Racing Results | 27th August 2022 17:25,N/A,17:25,Good (Good To Firm Places),7f,Karaoke (FR),J. Coen,5,Joseph Patrick O'Brien,6th,1/2 l,2,9-13,86,True,17,27
Curragh Racing Results | 27th August 2022 17:25,N/A,17:25,Good (Good To Firm Places),7f,Slaney Tide (IRE),R. P. Cleary,0,J. S. Bolger,5th,1 3/4 l,2,8-7t,66,True,17,27
Curragh Racing Results | 27th August 2022 17:25,N/A,17:25,Good (Good To Firm Places),7f,Hasten Slowly (IRE),C. T. Keane,0,Noel Meade,4th,1/2 l,2,9-3,76,True,17,27
Curragh Racing Results | 27th August 2022 17:25,N/A,17:25,Good (Good To Firm Places),7f,Palace Gardens (IRE),William James Lee,0,K. J. Condon,3rd,1/2 l,2,9-2b,75,True,17,27
Curragh Racing Results | 27th August 2022 17:25,N/A,17:25,Good (Good To Firm Places),7f,Woodcock Flight (IRE),C. D. Hayes,0,Kevin Prendergast,2nd,3/4 l,2,9-6,79,True,17,27
Curragh Racing Results | 27th August 2022 17:25,N/A,17:25,Good (Good To Firm Places),7f,Bossy Parker (IRE),J. A. Powell,7,John Patrick Murtagh,1st,N/A,2,9-5,78,True,17,27
N/A,N/A,13:50,Good (Good To Yielding In Places),2m 2f 165y,Mac's Xpress (IRE),S. F. O'Keeffe,0,Mrs J. Harrington,F,N/A,4,11-9,-,True,17,28
N/A,N/A,13:50,Good (Good To Yielding In Places),2m 2f 165y,Great Island (IRE),R. A. Doyle,0,Eoin Griffin,BD,N/A,6,11-12,-,True,17,28
N/A,N/A,13:50,Good (Good To Yielding In Places),2m 2f 165y,Television (IRE),Patrick O'Hanlon,5,Hugh P. Finegan,BD,N/A,4,11-2,-,True,17,28
N/A,N/A,13:50,Good (Good To Yielding In Places),2m 2f 165y,Lily Bianca (IRE),Gearoid Patrick Brouder,5,Gearoid Patrick Brouder,BD,N/A,4,11-2h,-,True,17,28
N/A,N/A,13:50,Good (Good To Yielding In Places),2m 2f 165y,Nailed Down (IRE),J. P. O'Sullivan,5,V. C. Ward,BD,N/A,5,11-5,-,True,17,28
N/A,N/A,13:50,Good (Good To Yielding In Places),2m 2f 165y,Bookem Danno (IRE),R. Monaghan,7,John McConnell,BD,N/A,5,11-12,-,True,17,28
N/A,N/A,13:50,Good (Good To Yielding In Places),2m 2f 165y,Diliymi (IRE),Jordan Colin Gainford,0,John Joseph Hanlon,BD,N/A,5,11-12t1,-,True,17,28
N/A,N/A,13:50,Good (Good To Yielding In Places),2m 2f 165y,Nonbinding (IRE),J. W. Kennedy,0,Gordon Elliott,BD,N/A,5,11-12,-,True,17,28
N/A,N/A,13:50,Good (Good To Yielding In Places),2m 2f 165y,Keep D Change (IRE),Denis O'Regan,0,David Christie,7th,9 l,5,11-5,-,True,17,28
N/A,N/A,13:50,Good (Good To Yielding In Places),2m 2f 165y,Pretention (FR),G. Bourke,7,Vincent Carroll,6th,73 l,6,11-12,-,True,17,28
N/A,N/A,13:50,Good (Good To Yielding In Places),2m 2f 165y,Monrocher (FR),Donagh Meyler,0,Emmet Mullins,5th,6 1/2 l,5,11-12p,-,True,17,28
N/A,N/A,13:50,Good (Good To Yielding In Places),2m 2f 165y,First Shot (IRE),D. J. O'Keeffe,0,Andrew McNamara,4th,1/2 l,5,11-12,-,True,17,28
N/A,N/A,13:50,Good (Good To Yielding In Places),2m 2f 165y,L'or Des Roses (FR),K. E. Buckley,5,D. Harvey,3rd,6 l,5,11-12,-,True,17,28
N/A,N/A,13:50,Good (Good To Yielding In Places),2m 2f 165y,Duleek Street (IRE),S. D. Torrens,0,John McConnell,2nd,6 l,4,11-9t,-,True,17,28
N/A,N/A,13:50,Good (Good To Yielding In Places),2m 2f 165y,King Kal (IRE),B. Hayes,0,Colm A. Murphy,1st,N/A,6,11-12,-,True,17,28
N/A,N/A,13:50,Good (Good To Yielding In Places),2m 2f 165y,Mac's Xpress (IRE),S. F. O'Keeffe,0,Mrs J. Harrington,F,N/A,4,11-9,-,True,17,28
N/A,N/A,13:50,Good (Good To Yielding In Places),2m 2f 165y,Great Island (IRE),R. A. Doyle,0,Eoin Griffin,BD,N/A,6,11-12,-,True,17,28
N/A,N/A,13:50,Good (Good To Yielding In Places),2m 2f 165y,Television (IRE),Patrick O'Hanlon,5,Hugh P. Finegan,BD,N/A,4,11-2,-,True,17,28
N/A,N/A,13:50,Good (Good To Yielding In Places),2m 2f 165y,Lily Bianca (IRE),Gearoid Patrick Brouder,5,Gearoid Patrick Brouder,BD,N/A,4,11-2h,-,True,17,28
N/A,N/A,13:50,Good (Good To Yielding In Places),2m 2f 165y,Nailed Down (IRE),J. P. O'Sullivan,5,V. C. Ward,BD,N/A,5,11-5,-,True,17,28
N/A,N/A,13:50,Good (Good To Yielding In Places),2m 2f 165y,Bookem Danno (IRE),R. Monaghan,7,John McConnell,BD,N/A,5,11-12,-,True,17,28
N/A,N/A,13:50,Good (Good To Yielding In Places),2m 2f 165y,Diliymi (IRE),Jordan Colin Gainford,0,John Joseph Hanlon,BD,N/A,5,11-12t1,-,True,17,28
N/A,N/A,13:50,Good (Good To Yielding In Places),2m 2f 165y,Nonbinding (IRE),J. W. Kennedy,0,Gordon Elliott,BD,N/A,5,11-12,-,True,17,28
N/A,N/A,13:50,Good (Good To Yielding In Places),2m 2f 165y,Keep D Change (IRE),Denis O'Regan,0,David Christie,7th,9 l,5,11-5,-,True,17,28
N/A,N/A,13:50,Good (Good To Yielding In Places),2m 2f 165y,Pretention (FR),G. Bourke,7,Vincent Carroll,6th,73 l,6,11-12,-,True,17,28
N/A,N/A,13:50,Good (Good To Yielding In Places),2m 2f 165y,Monrocher (FR),Donagh Meyler,0,Emmet Mullins,5th,6 1/2 l,5,11-12p,-,True,17,28
N/A,N/A,13:50,Good (Good To Yielding In Places),2m 2f 165y,First Shot (IRE),D. J. O'Keeffe,0,Andrew McNamara,4th,1/2 l,5,11-12,-,True,17,28
N/A,N/A,13:50,Good (Good To Yielding In Places),2m 2f 165y,L'or Des Roses (FR),K. E. Buckley,5,D. Harvey,3rd,6 l,5,11-12,-,True,17,28
N/A,N/A,13:50,Good (Good To Yielding In Places),2m 2f 165y,Duleek Street (IRE),S. D. Torrens,0,John McConnell,2nd,6 l,4,11-9t,-,True,17,28
N/A,N/A,13:50,Good (Good To Yielding In Places),2m 2f 165y,King Kal (IRE),B. Hayes,0,Colm A. Murphy,1st,N/A,6,11-12,-,True,17,28
N/A,N/A,14:25,Good (Good To Yielding In Places),2m 2f 165y,Hillary John (IRE),Sam Ewing,0,B. R. Hamilton,PU,N/A,11,11-10p1,90,True,17,29
N/A,N/A,14:25,Good (Good To Yielding In Places),2m 2f 165y,Rio Biumoso (IRE),Thomas Reilly,7,Liam Lennon,14th,30 l,6,11-0,80,True,17,29
N/A,N/A,14:25,Good (Good To Yielding In Places),2m 2f 165y,Miss Louise (IRE),Sean Flanagan,0,E. Sheehy,13th,4 1/4 l,7,11-0tp,80,True,17,29
N/A,N/A,14:25,Good (Good To Yielding In Places),2m 2f 165y,Like a G Six (IRE),Richard Deegan,0,Patrick Eugene Turley,12th,8 l,5,11-4,84,True,17,29
N/A,N/A,14:25,Good (Good To Yielding In Places),2m 2f 165y,Jazz Ranger (IRE),K. C. Sexton,0,James Andrew Fahey,11th,6 l,10,11-8,88,True,17,29
N/A,N/A,14:25,Good (Good To Yielding In Places),2m 2f 165y,I Don't Get It (IRE),Gearoid Patrick Brouder,5,Neill McCluskey,10th,Short Head,8,11-8,88,True,17,29
N/A,N/A,14:25,Good (Good To Yielding In Places),2m 2f 165y,Pak Army (IRE),Donagh Meyler,0,Eoin Doyle,9th,8 l,7,11-8b,88,True,17,29
N/A,N/A,14:25,Good (Good To Yielding In Places),2m 2f 165y,Lesssaidthebetter,E. Walsh,5,P. J. Rothwell,8th,1/2 l,8,11-2,82,True,17,29
N/A,N/A,14:25,Good (Good To Yielding In Places),2m 2f 165y,Woodstream Lad (IRE),Derek Thomas McGrath,7,R. K. Watson,7th,1 1/4 l,5,11-5p1,85,True,17,29
N/A,N/A,14:25,Good (Good To Yielding In Places),2m 2f 165y,Happaugue (IRE),B. Hayes,0,John McConnell,6th,1/2 l,6,11-10h,90,True,17,29
N/A,N/A,14:25,Good (Good To Yielding In Places),2m 2f 165y,Alexharwill (IRE),T. N. Brett,7,L. Young,5th,1/2 l,7,11-11,91,True,17,29
N/A,N/A,14:25,Good (Good To Yielding In Places),2m 2f 165y,Y Fyn Duw a Fydd,Patrick O'Hanlon,5,Mrs Lorna Fowler,4th,3/4 l,7,11-13h,93,True,17,29
N/A,N/A,14:25,Good (Good To Yielding In Places),2m 2f 165y,Darkest Hour (IRE),C. A. Landers,0,Mark McNiff,3rd,4 l,5,11-8t,88,True,17,29
N/A,N/A,14:25,Good (Good To Yielding In Places),2m 2f 165y,Unlaoised (IRE),Conor Orr,0,Nigel Slevin,2nd,3 1/2 l,8,11-3,83,True,17,29
N/A,N/A,14:25,Good (Good To Yielding In Places),2m 2f 165y,Ask The Leader (IRE),D. J. O'Keeffe,0,David Christie,1st,N/A,6,11-12,92,True,17,29
N/A,N/A,14:25,Good (Good To Yielding In Places),2m 2f 165y,Hillary John (IRE),Sam Ewing,0,B. R. Hamilton,PU,N/A,11,11-10p1,90,True,17,29
N/A,N/A,14:25,Good (Good To Yielding In Places),2m 2f 165y,Rio Biumoso (IRE),Thomas Reilly,7,Liam Lennon,14th,30 l,6,11-0,80,True,17,29
N/A,N/A,14:25,Good (Good To Yielding In Places),2m 2f 165y,Miss Louise (IRE),Sean Flanagan,0,E. Sheehy,13th,4 1/4 l,7,11-0tp,80,True,17,29
N/A,N/A,14:25,Good (Good To Yielding In Places),2m 2f 165y,Like a G Six (IRE),Richard Deegan,0,Patrick Eugene Turley,12th,8 l,5,11-4,84,True,17,29
N/A,N/A,14:25,Good (Good To Yielding In Places),2m 2f 165y,Jazz Ranger (IRE),K. C. Sexton,0,James Andrew Fahey,11th,6 l,10,11-8,88,True,17,29
N/A,N/A,14:25,Good (Good To Yielding In Places),2m 2f 165y,I Don't Get It (IRE),Gearoid Patrick Brouder,5,Neill McCluskey,10th,Short Head,8,11-8,88,True,17,29
N/A,N/A,14:25,Good (Good To Yielding In Places),2m 2f 165y,Pak Army (IRE),Donagh Meyler,0,Eoin Doyle,9th,8 l,7,11-8b,88,True,17,29
N/A,N/A,14:25,Good (Good To Yielding In Places),2m 2f 165y,Lesssaidthebetter,E. Walsh,5,P. J. Rothwell,8th,1/2 l,8,11-2,82,True,17,29
N/A,N/A,14:25,Good (Good To Yielding In Places),2m 2f 165y,Woodstream Lad (IRE),Derek Thomas McGrath,7,R. K. Watson,7th,1 1/4 l,5,11-5p1,85,True,17,29
N/A,N/A,14:25,Good (Good To Yielding In Places),2m 2f 165y,Happaugue (IRE),B. Hayes,0,John McConnell,6th,1/2 l,6,11-10h,90,True,17,29
N/A,N/A,14:25,Good (Good To Yielding In Places),2m 2f 165y,Alexharwill (IRE),T. N. Brett,7,L. Young,5th,1/2 l,7,11-11,91,True,17,29
N/A,N/A,14:25,Good (Good To Yielding In Places),2m 2f 165y,Y Fyn Duw a Fydd,Patrick O'Hanlon,5,Mrs Lorna Fowler,4th,3/4 l,7,11-13h,93,True,17,29
N/A,N/A,14:25,Good (Good To Yielding In Places),2m 2f 165y,Darkest Hour (IRE),C. A. Landers,0,Mark McNiff,3rd,4 l,5,11-8t,88,True,17,29
N/A,N/A,14:25,Good (Good To Yielding In Places),2m 2f 165y,Unlaoised (IRE),Conor Orr,0,Nigel Slevin,2nd,3 1/2 l,8,11-3,83,True,17,29
N/A,N/A,14:25,Good (Good To Yielding In Places),2m 2f 165y,Ask The Leader (IRE),D. J. O'Keeffe,0,David Christie,1st,N/A,6,11-12,92,True,17,29
N/A,N/A,15:00,Good (Good To Yielding In Places),2m 5f 160y,Mollys Dream (IRE),Donagh Meyler,0,Eoin Doyle,10th,32 l,4,10-7,-,True,17,30
N/A,N/A,15:00,Good (Good To Yielding In Places),2m 5f 160y,Yolande Court (IRE),Denis O'Regan,0,David Christie,9th,1 1/2 l,5,10-11,-,True,17,30
N/A,N/A,15:00,Good (Good To Yielding In Places),2m 5f 160y,Blackstone Cliff (IRE),D. J. O'Keeffe,0,T. Gibney,8th,3 3/4 l,6,11-12,-,True,17,30
N/A,N/A,15:00,Good (Good To Yielding In Places),2m 5f 160y,City Limits,Gearoid Patrick Brouder,5,Gearoid Patrick Brouder,7th,7 l,8,11-4t,-,True,17,30
N/A,N/A,15:00,Good (Good To Yielding In Places),2m 5f 160y,Total Glory (IRE),Sean Flanagan,0,Cian Michael Collins,6th,1 3/4 l,5,11-4,-,True,17,30
N/A,N/A,15:00,Good (Good To Yielding In Places),2m 5f 160y,Wee Rupert,J. S. McGarvey,0,Noel C. Kelly,5th,3 l,6,11-4t,-,True,17,30
N/A,N/A,15:00,Good (Good To Yielding In Places),2m 5f 160y,Eco Pete (IRE),K. E. Buckley,5,John McConnell,4th,12 l,5,11-12,-,True,17,30
N/A,N/A,15:00,Good (Good To Yielding In Places),2m 5f 160y,Who's Houdini (IRE),D. E. Mullins,0,John Joseph Hanlon,3rd,1/2 l,6,11-4,-,True,17,30
N/A,N/A,15:00,Good (Good To Yielding In Places),2m 5f 160y,Wee Willie Nail (IRE),Sam Ewing,0,Gordon Elliott,2nd,13 l,4,11-0,-,True,17,30
N/A,N/A,15:00,Good (Good To Yielding In Places),2m 5f 160y,Desertmore House (IRE),R. A. Doyle,0,Martin Brassil,1st,N/A,7,11-4t,-,True,17,30
N/A,N/A,15:00,Good (Good To Yielding In Places),2m 5f 160y,Mollys Dream (IRE),Donagh Meyler,0,Eoin Doyle,10th,32 l,4,10-7,-,True,17,30
N/A,N/A,15:00,Good (Good To Yielding In Places),2m 5f 160y,Yolande Court (IRE),Denis O'Regan,0,David Christie,9th,1 1/2 l,5,10-11,-,True,17,30
N/A,N/A,15:00,Good (Good To Yielding In Places),2m 5f 160y,Blackstone Cliff (IRE),D. J. O'Keeffe,0,T. Gibney,8th,3 3/4 l,6,11-12,-,True,17,30
N/A,N/A,15:00,Good (Good To Yielding In Places),2m 5f 160y,City Limits,Gearoid Patrick Brouder,5,Gearoid Patrick Brouder,7th,7 l,8,11-4t,-,True,17,30
N/A,N/A,15:00,Good (Good To Yielding In Places),2m 5f 160y,Total Glory (IRE),Sean Flanagan,0,Cian Michael Collins,6th,1 3/4 l,5,11-4,-,True,17,30
N/A,N/A,15:00,Good (Good To Yielding In Places),2m 5f 160y,Wee Rupert,J. S. McGarvey,0,Noel C. Kelly,5th,3 l,6,11-4t,-,True,17,30
N/A,N/A,15:00,Good (Good To Yielding In Places),2m 5f 160y,Eco Pete (IRE),K. E. Buckley,5,John McConnell,4th,12 l,5,11-12,-,True,17,30
N/A,N/A,15:00,Good (Good To Yielding In Places),2m 5f 160y,Who's Houdini (IRE),D. E. Mullins,0,John Joseph Hanlon,3rd,1/2 l,6,11-4,-,True,17,30
N/A,N/A,15:00,Good (Good To Yielding In Places),2m 5f 160y,Wee Willie Nail (IRE),Sam Ewing,0,Gordon Elliott,2nd,13 l,4,11-0,-,True,17,30
N/A,N/A,15:00,Good (Good To Yielding In Places),2m 5f 160y,Desertmore House (IRE),R. A. Doyle,0,Martin Brassil,1st,N/A,7,11-4t,-,True,17,30
N/A,N/A,15:35,Good (Good To Yielding In Places),2m 5f 160y,Gaius (FR),J. S. McGarvey,0,Noel C. Kelly,PU,N/A,6,11-6t,100,True,17,31
N/A,N/A,15:35,Good (Good To Yielding In Places),2m 5f 160y,Make The Switch (IRE),S. D. Torrens,0,John McConnell,11th,Short Head,7,11-13t,107,True,17,31
N/A,N/A,15:35,Good (Good To Yielding In Places),2m 5f 160y,Magic Sea (IRE),E. Walsh,5,Mrs Sarah Dawson,10th,9 l,7,11-8,102,True,17,31
N/A,N/A,15:35,Good (Good To Yielding In Places),2m 5f 160y,Kilbarry Chianti (IRE),D. E. Mullins,0,Con O'Keeffe,9th,3 l,5,11-8,102,True,17,31
N/A,N/A,15:35,Good (Good To Yielding In Places),2m 5f 160y,Different Strokes (IRE),C. D. Maxwell,0,Mrs C. O'Leary,8th,Head,7,10-8p,88,True,17,31
N/A,N/A,15:35,Good (Good To Yielding In Places),2m 5f 160y,Happy Lad (IRE),Patrick O'Hanlon,5,Hugh P. Finegan,7th,3 3/4 l,10,10-11tb,91,True,17,31
N/A,N/A,15:35,Good (Good To Yielding In Places),2m 5f 160y,Our Patron Saint (IRE),G. B. Noonan,7,Mrs Sarah Dawson,6th,2 1/2 l,5,10-0,80,True,17,31
N/A,N/A,15:35,Good (Good To Yielding In Places),2m 5f 160y,Ask Charlie (IRE),K. E. Buckley,5,D. Harvey,5th,2 1/4 l,6,11-1t,95,True,17,31
N/A,N/A,15:35,Good (Good To Yielding In Places),2m 5f 160y,Getaway Goldie (IRE),Sam Ewing,0,Gordon Elliott,4th,1 1/2 l,6,11-12,106,True,17,31
N/A,N/A,15:35,Good (Good To Yielding In Places),2m 5f 160y,Diamondinthemud (IRE),Conor Orr,0,Nigel Slevin,3rd,2 l,6,11-9,103,True,17,31
N/A,N/A,15:35,Good (Good To Yielding In Places),2m 5f 160y,Rare Conor (IRE),D. J. O'Keeffe,0,T. Gibney,2nd,4 1/2 l,11,11-0,94,True,17,31
N/A,N/A,15:35,Good (Good To Yielding In Places),2m 5f 160y,Sphagnum (IRE),Denis O'Regan,0,J. P. Broderick,1st,N/A,5,11-9tp1,103,True,17,31
N/A,N/A,15:35,Good (Good To Yielding In Places),2m 5f 160y,Gaius (FR),J. S. McGarvey,0,Noel C. Kelly,PU,N/A,6,11-6t,100,True,17,31
N/A,N/A,15:35,Good (Good To Yielding In Places),2m 5f 160y,Make The Switch (IRE),S. D. Torrens,0,John McConnell,11th,Short Head,7,11-13t,107,True,17,31
N/A,N/A,15:35,Good (Good To Yielding In Places),2m 5f 160y,Magic Sea (IRE),E. Walsh,5,Mrs Sarah Dawson,10th,9 l,7,11-8,102,True,17,31
N/A,N/A,15:35,Good (Good To Yielding In Places),2m 5f 160y,Kilbarry Chianti (IRE),D. E. Mullins,0,Con O'Keeffe,9th,3 l,5,11-8,102,True,17,31
N/A,N/A,15:35,Good (Good To Yielding In Places),2m 5f 160y,Different Strokes (IRE),C. D. Maxwell,0,Mrs C. O'Leary,8th,Head,7,10-8p,88,True,17,31
N/A,N/A,15:35,Good (Good To Yielding In Places),2m 5f 160y,Happy Lad (IRE),Patrick O'Hanlon,5,Hugh P. Finegan,7th,3 3/4 l,10,10-11tb,91,True,17,31
N/A,N/A,15:35,Good (Good To Yielding In Places),2m 5f 160y,Our Patron Saint (IRE),G. B. Noonan,7,Mrs Sarah Dawson,6th,2 1/2 l,5,10-0,80,True,17,31
N/A,N/A,15:35,Good (Good To Yielding In Places),2m 5f 160y,Ask Charlie (IRE),K. E. Buckley,5,D. Harvey,5th,2 1/4 l,6,11-1t,95,True,17,31
N/A,N/A,15:35,Good (Good To Yielding In Places),2m 5f 160y,Getaway Goldie (IRE),Sam Ewing,0,Gordon Elliott,4th,1 1/2 l,6,11-12,106,True,17,31
N/A,N/A,15:35,Good (Good To Yielding In Places),2m 5f 160y,Diamondinthemud (IRE),Conor Orr,0,Nigel Slevin,3rd,2 l,6,11-9,103,True,17,31
N/A,N/A,15:35,Good (Good To Yielding In Places),2m 5f 160y,Rare Conor (IRE),D. J. O'Keeffe,0,T. Gibney,2nd,4 1/2 l,11,11-0,94,True,17,31
N/A,N/A,15:35,Good (Good To Yielding In Places),2m 5f 160y,Sphagnum (IRE),Denis O'Regan,0,J. P. Broderick,1st,N/A,5,11-9tp1,103,True,17,31
N/A,N/A,16:10,Good (Good To Yielding In Places),2m 3f 55y,Chinx Of Light (IRE),K. E. Buckley,2,John McConnell,F,N/A,6,11-12,-,True,17,32
N/A,N/A,16:10,Good (Good To Yielding In Places),2m 3f 55y,Desert Heather (IRE),C. Brassil,2,Declan Queally,5th,1 3/4 l,6,11-5,-,True,17,32
N/A,N/A,16:10,Good (Good To Yielding In Places),2m 3f 55y,Finnians Row (IRE),Patrick O'Hanlon,2,Dermot Anthony McLoughlin,4th,5 1/2 l,6,11-12t,-,True,17,32
N/A,N/A,16:10,Good (Good To Yielding In Places),2m 3f 55y,Mr Caplan (IRE),Niall Moore,4,Gordon Elliott,3rd,6 1/2 l,7,11-12h,-,True,17,32
N/A,N/A,16:10,Good (Good To Yielding In Places),2m 3f 55y,Blackstair Rocco (IRE),Conor Clarke,4,Emmet Mullins,2nd,8 1/2 l,7,11-12,-,True,17,32
N/A,N/A,16:10,Good (Good To Yielding In Places),2m 3f 55y,Uhtred (IRE),R. J. Condon,4,Joseph Patrick O'Brien,1st,N/A,7,11-12,-,True,17,32
N/A,N/A,16:10,Good (Good To Yielding In Places),2m 3f 55y,Chinx Of Light (IRE),K. E. Buckley,2,John McConnell,F,N/A,6,11-12,-,True,17,32
N/A,N/A,16:10,Good (Good To Yielding In Places),2m 3f 55y,Desert Heather (IRE),C. Brassil,2,Declan Queally,5th,1 3/4 l,6,11-5,-,True,17,32
N/A,N/A,16:10,Good (Good To Yielding In Places),2m 3f 55y,Finnians Row (IRE),Patrick O'Hanlon,2,Dermot Anthony McLoughlin,4th,5 1/2 l,6,11-12t,-,True,17,32
N/A,N/A,16:10,Good (Good To Yielding In Places),2m 3f 55y,Mr Caplan (IRE),Niall Moore,4,Gordon Elliott,3rd,6 1/2 l,7,11-12h,-,True,17,32
N/A,N/A,16:10,Good (Good To Yielding In Places),2m 3f 55y,Blackstair Rocco (IRE),Conor Clarke,4,Emmet Mullins,2nd,8 1/2 l,7,11-12,-,True,17,32
N/A,N/A,16:10,Good (Good To Yielding In Places),2m 3f 55y,Uhtred (IRE),R. J. Condon,4,Joseph Patrick O'Brien,1st,N/A,7,11-12,-,True,17,32
N/A,N/A,16:45,Good (Good To Yielding In Places),2m 3f 55y,Allez George (IRE),C. A. Landers,0,James M. Barcoe,9th,55 l,8,11-1t,81,True,17,33
N/A,N/A,16:45,Good (Good To Yielding In Places),2m 3f 55y,Capture the Drama (IRE),G. B. Noonan,7,Aengus King,8th,15 l,14,10-0p,66,True,17,33
N/A,N/A,16:45,Good (Good To Yielding In Places),2m 3f 55y,Magic Piper (IRE),D. J. O'Keeffe,0,T. Gibney,7th,4 1/2 l,8,12-0,94,True,17,33
N/A,N/A,16:45,Good (Good To Yielding In Places),2m 3f 55y,Sulafaat (IRE),Shane Fenelon,7,John Joseph Hanlon,6th,4 1/4 l,7,11-0,80,True,17,33
N/A,N/A,16:45,Good (Good To Yielding In Places),2m 3f 55y,I Can't Remember (IRE),Sean Flanagan,0,Colin A. McBratney,5th,5 1/2 l,5,11-0tp1,80,True,17,33
N/A,N/A,16:45,Good (Good To Yielding In Places),2m 3f 55y,A Mere Bagatelle (IRE),Conor Orr,0,John Joseph Hanlon,4th,Head,5,11-10,90,True,17,33
N/A,N/A,16:45,Good (Good To Yielding In Places),2m 3f 55y,Nabraska (IRE),C. D. Maxwell,0,S. Wilson,3rd,4 1/2 l,9,10-9,75,True,17,33
N/A,N/A,16:45,Good (Good To Yielding In Places),2m 3f 55y,Zagnzig (IRE),S. D. Torrens,0,Harry Smyth,2nd,3/4 l,11,10-13b1,79,True,17,33
N/A,N/A,16:45,Good (Good To Yielding In Places),2m 3f 55y,Shantou Sisu (IRE),D. E. Mullins,0,W. J. Lanigan,1st,N/A,10,11-8,88,True,17,33
N/A,N/A,16:45,Good (Good To Yielding In Places),2m 3f 55y,Allez George (IRE),C. A. Landers,0,James M. Barcoe,9th,55 l,8,11-1t,81,True,17,33
N/A,N/A,16:45,Good (Good To Yielding In Places),2m 3f 55y,Capture the Drama (IRE),G. B. Noonan,7,Aengus King,8th,15 l,14,10-0p,66,True,17,33
N/A,N/A,16:45,Good (Good To Yielding In Places),2m 3f 55y,Magic Piper (IRE),D. J. O'Keeffe,0,T. Gibney,7th,4 1/2 l,8,12-0,94,True,17,33
N/A,N/A,16:45,Good (Good To Yielding In Places),2m 3f 55y,Sulafaat (IRE),Shane Fenelon,7,John Joseph Hanlon,6th,4 1/4 l,7,11-0,80,True,17,33
N/A,N/A,16:45,Good (Good To Yielding In Places),2m 3f 55y,I Can't Remember (IRE),Sean Flanagan,0,Colin A. McBratney,5th,5 1/2 l,5,11-0tp1,80,True,17,33
N/A,N/A,16:45,Good (Good To Yielding In Places),2m 3f 55y,A Mere Bagatelle (IRE),Conor Orr,0,John Joseph Hanlon,4th,Head,5,11-10,90,True,17,33
N/A,N/A,16:45,Good (Good To Yielding In Places),2m 3f 55y,Nabraska (IRE),C. D. Maxwell,0,S. Wilson,3rd,4 1/2 l,9,10-9,75,True,17,33
N/A,N/A,16:45,Good (Good To Yielding In Places),2m 3f 55y,Zagnzig (IRE),S. D. Torrens,0,Harry Smyth,2nd,3/4 l,11,10-13b1,79,True,17,33
N/A,N/A,16:45,Good (Good To Yielding In Places),2m 3f 55y,Shantou Sisu (IRE),D. E. Mullins,0,W. J. Lanigan,1st,N/A,10,11-8,88,True,17,33
N/A,N/A,17:20,Good (Good To Yielding In Places),2m 1f 165y,All Class (FR),K. C. Sexton,0,Ronan M. P. McNally,PU,N/A,7,11-5,107,True,17,34
N/A,N/A,17:20,Good (Good To Yielding In Places),2m 1f 165y,Don Diablo (IRE),Sam Ewing,0,Gordon Elliott,7th,22 l,7,11-12h,114,True,17,34
N/A,N/A,17:20,Good (Good To Yielding In Places),2m 1f 165y,The Greek (IRE),Niall Moore,7,Gordon Elliott,6th,1 1/4 l,6,12-4tb,120,True,17,34
N/A,N/A,17:20,Good (Good To Yielding In Places),2m 1f 165y,Tisadream (IRE),Rachael Blackmore,0,Henry de Bromhead,5th,13 l,7,11-5,107,True,17,34
N/A,N/A,17:20,Good (Good To Yielding In Places),2m 1f 165y,Highstreet Roller (IRE),D. J. O'Keeffe,0,T. Gibney,4th,13 l,8,11-4t,106,True,17,34
N/A,N/A,17:20,Good (Good To Yielding In Places),2m 1f 165y,She Tops the Lot (IRE),C. Brassil,5,Henry de Bromhead,3rd,8 1/2 l,9,12-0t,116,True,17,34
N/A,N/A,17:20,Good (Good To Yielding In Places),2m 1f 165y,Joeswayornoway (IRE),Sean Flanagan,0,E. Sheehy,2nd,29 l,6,10-12tb,100,True,17,34
N/A,N/A,17:20,Good (Good To Yielding In Places),2m 1f 165y,Dollar Value (USA),Keith Donoghue,0,T. G. McCourt,1st,N/A,7,12-2,118,True,17,34
N/A,N/A,17:20,Good (Good To Yielding In Places),2m 1f 165y,All Class (FR),K. C. Sexton,0,Ronan M. P. McNally,PU,N/A,7,11-5,107,True,17,34
N/A,N/A,17:20,Good (Good To Yielding In Places),2m 1f 165y,Don Diablo (IRE),Sam Ewing,0,Gordon Elliott,7th,22 l,7,11-12h,114,True,17,34
N/A,N/A,17:20,Good (Good To Yielding In Places),2m 1f 165y,The Greek (IRE),Niall Moore,7,Gordon Elliott,6th,1 1/4 l,6,12-4tb,120,True,17,34
N/A,N/A,17:20,Good (Good To Yielding In Places),2m 1f 165y,Tisadream (IRE),Rachael Blackmore,0,Henry de Bromhead,5th,13 l,7,11-5,107,True,17,34
N/A,N/A,17:20,Good (Good To Yielding In Places),2m 1f 165y,Highstreet Roller (IRE),D. J. O'Keeffe,0,T. Gibney,4th,13 l,8,11-4t,106,True,17,34
N/A,N/A,17:20,Good (Good To Yielding In Places),2m 1f 165y,She Tops the Lot (IRE),C. Brassil,5,Henry de Bromhead,3rd,8 1/2 l,9,12-0t,116,True,17,34
N/A,N/A,17:20,Good (Good To Yielding In Places),2m 1f 165y,Joeswayornoway (IRE),Sean Flanagan,0,E. Sheehy,2nd,29 l,6,10-12tb,100,True,17,34
N/A,N/A,17:20,Good (Good To Yielding In Places),2m 1f 165y,Dollar Value (USA),Keith Donoghue,0,T. G. McCourt,1st,N/A,7,12-2,118,True,17,34
Roscommon Racing Results | 29th August 2022 16:20,N/A,16:20,Good,7f 54y,Fairfield Girl (IRE),James J. Doyle,0,Denis Hogan,6th,Head,2,8-9,-,True,17,35
Roscommon Racing Results | 29th August 2022 16:20,N/A,16:20,Good,7f 54y,Calamint (IRE),G. M. Ryan,0,Joseph G. Murphy,5th,2 1/4 l,2,8-11,-,True,17,35
Roscommon Racing Results | 29th August 2022 16:20,N/A,16:20,Good,7f 54y,Feach Amach (IRE),R. P. Cleary,0,J. S. Bolger,4th,2 3/4 l,2,8-9,-,True,17,35
Roscommon Racing Results | 29th August 2022 16:20,N/A,16:20,Good,7f 54y,Kings Time (IRE),Shane Foley,0,Mrs J. Harrington,3rd,2 3/4 l,2,9-6,-,True,17,35
Roscommon Racing Results | 29th August 2022 16:20,N/A,16:20,Good,7f 54y,Ma Belle Artiste (IRE),Declan McDonogh,0,Joseph Patrick O'Brien,2nd,2 3/4 l,2,9-3,-,True,17,35
Roscommon Racing Results | 29th August 2022 16:20,N/A,16:20,Good,7f 54y,Greenland (IRE),W. M. Lordan,0,Aidan O'Brien,1st,N/A,2,9-6,-,True,17,35
Roscommon Racing Results | 29th August 2022 16:20,N/A,16:20,Good,7f 54y,Fairfield Girl (IRE),James J. Doyle,0,Denis Hogan,6th,Head,2,8-9,-,True,17,35
Roscommon Racing Results | 29th August 2022 16:20,N/A,16:20,Good,7f 54y,Calamint (IRE),G. M. Ryan,0,Joseph G. Murphy,5th,2 1/4 l,2,8-11,-,True,17,35
Roscommon Racing Results | 29th August 2022 16:20,N/A,16:20,Good,7f 54y,Feach Amach (IRE),R. P. Cleary,0,J. S. Bolger,4th,2 3/4 l,2,8-9,-,True,17,35
Roscommon Racing Results | 29th August 2022 16:20,N/A,16:20,Good,7f 54y,Kings Time (IRE),Shane Foley,0,Mrs J. Harrington,3rd,2 3/4 l,2,9-6,-,True,17,35
Roscommon Racing Results | 29th August 2022 16:20,N/A,16:20,Good,7f 54y,Ma Belle Artiste (IRE),Declan McDonogh,0,Joseph Patrick O'Brien,2nd,2 3/4 l,2,9-3,-,True,17,35
Roscommon Racing Results | 29th August 2022 16:20,N/A,16:20,Good,7f 54y,Greenland (IRE),W. M. Lordan,0,Aidan O'Brien,1st,N/A,2,9-6,-,True,17,35
Roscommon Racing Results | 29th August 2022 16:55,N/A,16:55,Good,7f 54y,Tinkiewinkie (IRE),A. J. Slattery,0,P. F. McEnery,15th,Short Head,4,9-3t,52,True,17,36
Roscommon Racing Results | 29th August 2022 16:55,N/A,16:55,Good,7f 54y,Vormir (IRE),G. F. Carroll,0,F. Birrane,14th,1 3/4 l,5,9-6,55,True,17,36
Roscommon Racing Results | 29th August 2022 16:55,N/A,16:55,Good,7f 54y,Man Is King (IRE),N. G. McCullagh,0,Sean Byrne,13th,1 1/2 l,3,9-2,56,True,17,36
Roscommon Racing Results | 29th August 2022 16:55,N/A,16:55,Good,7f 54y,Amazing One,W. M. Lordan,0,T. J. O'Mara,12th,1 1/4 l,8,9-0tv,49,True,17,36
Roscommon Racing Results | 29th August 2022 16:55,N/A,16:55,Good,7f 54y,We're on the Way (IRE),L. T. McAteer,3,Ross O'Sullivan,11th,Nose,4,9-3p1,52,True,17,36
Roscommon Racing Results | 29th August 2022 16:55,N/A,16:55,Good,7f 54y,Almost An Angel,S. P. Bird,10,John Larkin,10th,1 1/4 l,4,10-2,65,True,17,36
Roscommon Racing Results | 29th August 2022 16:55,N/A,16:55,Good,7f 54y,Not Amused (IRE),Shane Foley,0,Mrs Prunella Dobbs,9th,1 l,4,8-12,47,True,17,36
Roscommon Racing Results | 29th August 2022 16:55,N/A,16:55,Good,7f 54y,Jimmy Mcgill (IRE),J. J. G. Ryan,7,Thomas Coyle,8th,Neck,4,8-12t,47,True,17,36
Roscommon Racing Results | 29th August 2022 16:55,N/A,16:55,Good,7f 54y,Indiana Grey (IRE),M. P. Sheehy,3,Patrick Martin,7th,1 1/2 l,6,8-12tb,47,True,17,36
Roscommon Racing Results | 29th August 2022 16:55,N/A,16:55,Good,7f 54y,Darkdeserthighway (IRE),L. F. Roche,0,M. D. O'Callaghan,6th,1/2 l,4,9-6p1,55,True,17,36
Roscommon Racing Results | 29th August 2022 16:55,N/A,16:55,Good,7f 54y,Cactus Tree (IRE),Seamie Heffernan,0,Denis Hogan,5th,1/2 l,6,8-12b,47,True,17,36
Roscommon Racing Results | 29th August 2022 16:55,N/A,16:55,Good,7f 54y,Miracles In May (IRE),Ben Martin Coen,0,Mark Cahill,4th,Head,7,9-1,50,True,17,36
Roscommon Racing Results | 29th August 2022 16:55,N/A,16:55,Good,7f 54y,Basia (IRE),C. D. Hayes,0,Gavin Patrick Cromwell,3rd,2 1/4 l,3,8-7t1,47,True,17,36
Roscommon Racing Results | 29th August 2022 16:55,N/A,16:55,Good,7f 54y,Soyounique (IRE),C. T. Keane,0,Ciaran Murphy,2nd,1 1/2 l,5,10-1ht1,64,True,17,36
Roscommon Racing Results | 29th August 2022 16:55,N/A,16:55,Good,7f 54y,Mullacash Buzz (IRE),Jack Cleary,7,Thomas Dowling,1st,N/A,4,9-12t,61,True,17,36
Roscommon Racing Results | 29th August 2022 16:55,N/A,16:55,Good,7f 54y,Tinkiewinkie (IRE),A. J. Slattery,0,P. F. McEnery,15th,Short Head,4,9-3t,52,True,17,36
Roscommon Racing Results | 29th August 2022 16:55,N/A,16:55,Good,7f 54y,Vormir (IRE),G. F. Carroll,0,F. Birrane,14th,1 3/4 l,5,9-6,55,True,17,36
Roscommon Racing Results | 29th August 2022 16:55,N/A,16:55,Good,7f 54y,Man Is King (IRE),N. G. McCullagh,0,Sean Byrne,13th,1 1/2 l,3,9-2,56,True,17,36
Roscommon Racing Results | 29th August 2022 16:55,N/A,16:55,Good,7f 54y,Amazing One,W. M. Lordan,0,T. J. O'Mara,12th,1 1/4 l,8,9-0tv,49,True,17,36
Roscommon Racing Results | 29th August 2022 16:55,N/A,16:55,Good,7f 54y,We're on the Way (IRE),L. T. McAteer,3,Ross O'Sullivan,11th,Nose,4,9-3p1,52,True,17,36
Roscommon Racing Results | 29th August 2022 16:55,N/A,16:55,Good,7f 54y,Almost An Angel,S. P. Bird,10,John Larkin,10th,1 1/4 l,4,10-2,65,True,17,36
Roscommon Racing Results | 29th August 2022 16:55,N/A,16:55,Good,7f 54y,Not Amused (IRE),Shane Foley,0,Mrs Prunella Dobbs,9th,1 l,4,8-12,47,True,17,36
Roscommon Racing Results | 29th August 2022 16:55,N/A,16:55,Good,7f 54y,Jimmy Mcgill (IRE),J. J. G. Ryan,7,Thomas Coyle,8th,Neck,4,8-12t,47,True,17,36
Roscommon Racing Results | 29th August 2022 16:55,N/A,16:55,Good,7f 54y,Indiana Grey (IRE),M. P. Sheehy,3,Patrick Martin,7th,1 1/2 l,6,8-12tb,47,True,17,36
Roscommon Racing Results | 29th August 2022 16:55,N/A,16:55,Good,7f 54y,Darkdeserthighway (IRE),L. F. Roche,0,M. D. O'Callaghan,6th,1/2 l,4,9-6p1,55,True,17,36
Roscommon Racing Results | 29th August 2022 16:55,N/A,16:55,Good,7f 54y,Cactus Tree (IRE),Seamie Heffernan,0,Denis Hogan,5th,1/2 l,6,8-12b,47,True,17,36
Roscommon Racing Results | 29th August 2022 16:55,N/A,16:55,Good,7f 54y,Miracles In May (IRE),Ben Martin Coen,0,Mark Cahill,4th,Head,7,9-1,50,True,17,36
Roscommon Racing Results | 29th August 2022 16:55,N/A,16:55,Good,7f 54y,Basia (IRE),C. D. Hayes,0,Gavin Patrick Cromwell,3rd,2 1/4 l,3,8-7t1,47,True,17,36
Roscommon Racing Results | 29th August 2022 16:55,N/A,16:55,Good,7f 54y,Soyounique (IRE),C. T. Keane,0,Ciaran Murphy,2nd,1 1/2 l,5,10-1ht1,64,True,17,36
Roscommon Racing Results | 29th August 2022 16:55,N/A,16:55,Good,7f 54y,Mullacash Buzz (IRE),Jack Cleary,7,Thomas Dowling,1st,N/A,4,9-12t,61,True,17,36
Roscommon Racing Results | 29th August 2022 17:30,N/A,17:30,Good,7f 54y,Mulgrave (IRE),D. B. McMonagle,0,John McConnell,13th,1 1/4 l,4,8-11ht,71,True,17,37
Roscommon Racing Results | 29th August 2022 17:30,N/A,17:30,Good,7f 54y,Mazagran,S. M. Crosse,0,Joseph Patrick O'Brien,12th,6 l,5,10-0,88,True,17,37
Roscommon Racing Results | 29th August 2022 17:30,N/A,17:30,Good,7f 54y,Prince Of Abington (IRE),Siobhan Rutledge,5,John McConnell,11th,7 1/2 l,4,8-7,67,True,17,37
Roscommon Racing Results | 29th August 2022 17:30,N/A,17:30,Good,7f 54y,Golden Warrior (IRE),W. M. Lordan,0,T. J. O'Mara,10th,4 1/2 l,3,9-6,85,True,17,37
Roscommon Racing Results | 29th August 2022 17:30,N/A,17:30,Good,7f 54y,Is That Love (IRE),C. J. MacRedmond,5,Adrian McGuinness,9th,Neck,5,9-6,80,True,17,37
Roscommon Racing Results | 29th August 2022 17:30,N/A,17:30,Good,7f 54y,Rick Dalton (IRE),C. T. Keane,0,G. M. Lyons,8th,1 1/4 l,4,9-8,82,True,17,37
Roscommon Racing Results | 29th August 2022 17:30,N/A,17:30,Good,7f 54y,Imposing Supreme (IRE),J. A. Powell,7,T. Gibney,7th,Head,6,9-5,79,True,17,37
Roscommon Racing Results | 29th August 2022 17:30,N/A,17:30,Good,7f 54y,Allihies (IRE),Emmet McNamara,0,Kevin Thomas Coleman,6th,1 3/4 l,3,9-4,83,True,17,37
Roscommon Racing Results | 29th August 2022 17:30,N/A,17:30,Good,7f 54y,Nebo (IRE),William James Lee,0,T. Hogan,5th,Short Head,7,9-11tv,85,True,17,37
Roscommon Racing Results | 29th August 2022 17:30,N/A,17:30,Good,7f 54y,Monzoon,T. P. Madden,0,Ross O'Sullivan,4th,1/2 l,5,9-2,76,True,17,37
Roscommon Racing Results | 29th August 2022 17:30,N/A,17:30,Good,7f 54y,Drombeg Duke (IRE),G. M. Ryan,0,Eoin Christopher McCarthy,3rd,2 1/2 l,6,9-2,76,True,17,37
Roscommon Racing Results | 29th August 2022 17:30,N/A,17:30,Good,7f 54y,Dragon Of Malta (IRE),Seamie Heffernan,0,P. F. O'Donnell,2nd,Neck,5,9-4tb,78,True,17,37
Roscommon Racing Results | 29th August 2022 17:30,N/A,17:30,Good,7f 54y,Earls (IRE),G. F. Carroll,0,Gavin Patrick Cromwell,1st,N/A,5,9-6,80,True,17,37
Roscommon Racing Results | 29th August 2022 17:30,N/A,17:30,Good,7f 54y,Mulgrave (IRE),D. B. McMonagle,0,John McConnell,13th,1 1/4 l,4,8-11ht,71,True,17,37
Roscommon Racing Results | 29th August 2022 17:30,N/A,17:30,Good,7f 54y,Mazagran,S. M. Crosse,0,Joseph Patrick O'Brien,12th,6 l,5,10-0,88,True,17,37
Roscommon Racing Results | 29th August 2022 17:30,N/A,17:30,Good,7f 54y,Prince Of Abington (IRE),Siobhan Rutledge,5,John McConnell,11th,7 1/2 l,4,8-7,67,True,17,37
Roscommon Racing Results | 29th August 2022 17:30,N/A,17:30,Good,7f 54y,Golden Warrior (IRE),W. M. Lordan,0,T. J. O'Mara,10th,4 1/2 l,3,9-6,85,True,17,37
Roscommon Racing Results | 29th August 2022 17:30,N/A,17:30,Good,7f 54y,Is That Love (IRE),C. J. MacRedmond,5,Adrian McGuinness,9th,Neck,5,9-6,80,True,17,37
Roscommon Racing Results | 29th August 2022 17:30,N/A,17:30,Good,7f 54y,Rick Dalton (IRE),C. T. Keane,0,G. M. Lyons,8th,1 1/4 l,4,9-8,82,True,17,37
Roscommon Racing Results | 29th August 2022 17:30,N/A,17:30,Good,7f 54y,Imposing Supreme (IRE),J. A. Powell,7,T. Gibney,7th,Head,6,9-5,79,True,17,37
Roscommon Racing Results | 29th August 2022 17:30,N/A,17:30,Good,7f 54y,Allihies (IRE),Emmet McNamara,0,Kevin Thomas Coleman,6th,1 3/4 l,3,9-4,83,True,17,37
Roscommon Racing Results | 29th August 2022 17:30,N/A,17:30,Good,7f 54y,Nebo (IRE),William James Lee,0,T. Hogan,5th,Short Head,7,9-11tv,85,True,17,37
Roscommon Racing Results | 29th August 2022 17:30,N/A,17:30,Good,7f 54y,Monzoon,T. P. Madden,0,Ross O'Sullivan,4th,1/2 l,5,9-2,76,True,17,37
Roscommon Racing Results | 29th August 2022 17:30,N/A,17:30,Good,7f 54y,Drombeg Duke (IRE),G. M. Ryan,0,Eoin Christopher McCarthy,3rd,2 1/2 l,6,9-2,76,True,17,37
Roscommon Racing Results | 29th August 2022 17:30,N/A,17:30,Good,7f 54y,Dragon Of Malta (IRE),Seamie Heffernan,0,P. F. O'Donnell,2nd,Neck,5,9-4tb,78,True,17,37
Roscommon Racing Results | 29th August 2022 17:30,N/A,17:30,Good,7f 54y,Earls (IRE),G. F. Carroll,0,Gavin Patrick Cromwell,1st,N/A,5,9-6,80,True,17,37
Roscommon Racing Results | 29th August 2022 18:00,N/A,18:00,Good,1m 2f 14y,Ballykeeran (IRE),R. P. Cleary,0,Gerard Michael Hussey,14th,17 l,7,10-1,-,True,17,38
Roscommon Racing Results | 29th August 2022 18:00,N/A,18:00,Good,1m 2f 14y,Beachmount Paddy (IRE),J. J. G. Ryan,7,T. G. McCourt,13th,1 1/4 l,3,9-8,-,True,17,38
Roscommon Racing Results | 29th August 2022 18:00,N/A,18:00,Good,1m 2f 14y,Lissadell (IRE),R. P. Whelan,0,Mark McNiff,12th,8 l,3,9-3,-,True,17,38
Roscommon Racing Results | 29th August 2022 18:00,N/A,18:00,Good,1m 2f 14y,Zamm Zulu (IRE),G. M. Ryan,0,P. J. F. Murphy,11th,1/2 l,5,9-10,-,True,17,38
Roscommon Racing Results | 29th August 2022 18:00,N/A,18:00,Good,1m 2f 14y,Roman Song (IRE),C. D. Hayes,0,Noel Meade,10th,5 1/2 l,3,9-8,-,True,17,38
Roscommon Racing Results | 29th August 2022 18:00,N/A,18:00,Good,1m 2f 14y,Lakewood (IRE),L. F. Roche,0,M. D. O'Callaghan,9th,3/4 l,3,9-3p,-,True,17,38
Roscommon Racing Results | 29th August 2022 18:00,N/A,18:00,Good,1m 2f 14y,Samuel Pepys (IRE),Seamie Heffernan,0,Aidan O'Brien,8th,2 l,3,9-8,-,True,17,38
Roscommon Racing Results | 29th August 2022 18:00,N/A,18:00,Good,1m 2f 14y,Apologise (IRE),A. J. Slattery,0,A. Slattery,7th,1 3/4 l,3,9-8,-,True,17,38
Roscommon Racing Results | 29th August 2022 18:00,N/A,18:00,Good,1m 2f 14y,Astelia (IRE),Shane Foley,0,Mrs J. Harrington,6th,3/4 l,3,9-3,-,True,17,38
Roscommon Racing Results | 29th August 2022 18:00,N/A,18:00,Good,1m 2f 14y,Prophets Voice (IRE),G. F. Carroll,0,Joseph G. Murphy,5th,1 1/4 l,3,9-8p1,-,True,17,38
Roscommon Racing Results | 29th August 2022 18:00,N/A,18:00,Good,1m 2f 14y,Zoffman (IRE),C. T. Keane,0,Noel Meade,4th,4 l,3,9-8,-,True,17,38
Roscommon Racing Results | 29th August 2022 18:00,N/A,18:00,Good,1m 2f 14y,Saturn Five (IRE),S. M. Crosse,0,Joseph Patrick O'Brien,3rd,1 1/2 l,3,9-8t1,-,True,17,38
Roscommon Racing Results | 29th August 2022 18:00,N/A,18:00,Good,1m 2f 14y,Lizzy's Filly (IRE),D. B. McMonagle,0,Ciaran Murphy,2nd,Head,3,9-3,-,True,17,38
Roscommon Racing Results | 29th August 2022 18:00,N/A,18:00,Good,1m 2f 14y,Free to Party (IRE),Ben Martin Coen,0,John Patrick Murtagh,1st,N/A,3,9-8p,-,True,17,38
Roscommon Racing Results | 29th August 2022 18:00,N/A,18:00,Good,1m 2f 14y,Ballykeeran (IRE),R. P. Cleary,0,Gerard Michael Hussey,14th,17 l,7,10-1,-,True,17,38
Roscommon Racing Results | 29th August 2022 18:00,N/A,18:00,Good,1m 2f 14y,Beachmount Paddy (IRE),J. J. G. Ryan,7,T. G. McCourt,13th,1 1/4 l,3,9-8,-,True,17,38
Roscommon Racing Results | 29th August 2022 18:00,N/A,18:00,Good,1m 2f 14y,Lissadell (IRE),R. P. Whelan,0,Mark McNiff,12th,8 l,3,9-3,-,True,17,38
Roscommon Racing Results | 29th August 2022 18:00,N/A,18:00,Good,1m 2f 14y,Zamm Zulu (IRE),G. M. Ryan,0,P. J. F. Murphy,11th,1/2 l,5,9-10,-,True,17,38
Roscommon Racing Results | 29th August 2022 18:00,N/A,18:00,Good,1m 2f 14y,Roman Song (IRE),C. D. Hayes,0,Noel Meade,10th,5 1/2 l,3,9-8,-,True,17,38
Roscommon Racing Results | 29th August 2022 18:00,N/A,18:00,Good,1m 2f 14y,Lakewood (IRE),L. F. Roche,0,M. D. O'Callaghan,9th,3/4 l,3,9-3p,-,True,17,38
Roscommon Racing Results | 29th August 2022 18:00,N/A,18:00,Good,1m 2f 14y,Samuel Pepys (IRE),Seamie Heffernan,0,Aidan O'Brien,8th,2 l,3,9-8,-,True,17,38
Roscommon Racing Results | 29th August 2022 18:00,N/A,18:00,Good,1m 2f 14y,Apologise (IRE),A. J. Slattery,0,A. Slattery,7th,1 3/4 l,3,9-8,-,True,17,38
Roscommon Racing Results | 29th August 2022 18:00,N/A,18:00,Good,1m 2f 14y,Astelia (IRE),Shane Foley,0,Mrs J. Harrington,6th,3/4 l,3,9-3,-,True,17,38
Roscommon Racing Results | 29th August 2022 18:00,N/A,18:00,Good,1m 2f 14y,Prophets Voice (IRE),G. F. Carroll,0,Joseph G. Murphy,5th,1 1/4 l,3,9-8p1,-,True,17,38
Roscommon Racing Results | 29th August 2022 18:00,N/A,18:00,Good,1m 2f 14y,Zoffman (IRE),C. T. Keane,0,Noel Meade,4th,4 l,3,9-8,-,True,17,38
Roscommon Racing Results | 29th August 2022 18:00,N/A,18:00,Good,1m 2f 14y,Saturn Five (IRE),S. M. Crosse,0,Joseph Patrick O'Brien,3rd,1 1/2 l,3,9-8t1,-,True,17,38
Roscommon Racing Results | 29th August 2022 18:00,N/A,18:00,Good,1m 2f 14y,Lizzy's Filly (IRE),D. B. McMonagle,0,Ciaran Murphy,2nd,Head,3,9-3,-,True,17,38
Roscommon Racing Results | 29th August 2022 18:00,N/A,18:00,Good,1m 2f 14y,Free to Party (IRE),Ben Martin Coen,0,John Patrick Murtagh,1st,N/A,3,9-8p,-,True,17,38
Roscommon Racing Results | 29th August 2022 18:30,N/A,18:30,Good,1m 3f 182y,Once Upon A River (IRE),William James Lee,0,P. Twomey,4th,1 1/4 l,3,9-2,-,True,17,39
Roscommon Racing Results | 29th August 2022 18:30,N/A,18:30,Good,1m 3f 182y,Tax For Max (GER),C. T. Keane,0,W. P. Mullins,3rd,1 1/4 l,5,9-10,-,True,17,39
Roscommon Racing Results | 29th August 2022 18:30,N/A,18:30,Good,1m 3f 182y,Magellan Strait (IRE),M. P. Sheehy,3,Joseph Patrick O'Brien,2nd,1 3/4 l,3,9-6,-,True,17,39
Roscommon Racing Results | 29th August 2022 18:30,N/A,18:30,Good,1m 3f 182y,Dancila (IRE),K. J. Manning,0,J. S. Bolger,1st,N/A,5,10-0,-,True,17,39
Roscommon Racing Results | 29th August 2022 18:30,N/A,18:30,Good,1m 3f 182y,Once Upon A River (IRE),William James Lee,0,P. Twomey,4th,1 1/4 l,3,9-2,-,True,17,39
Roscommon Racing Results | 29th August 2022 18:30,N/A,18:30,Good,1m 3f 182y,Tax For Max (GER),C. T. Keane,0,W. P. Mullins,3rd,1 1/4 l,5,9-10,-,True,17,39
Roscommon Racing Results | 29th August 2022 18:30,N/A,18:30,Good,1m 3f 182y,Magellan Strait (IRE),M. P. Sheehy,3,Joseph Patrick O'Brien,2nd,1 3/4 l,3,9-6,-,True,17,39
Roscommon Racing Results | 29th August 2022 18:30,N/A,18:30,Good,1m 3f 182y,Dancila (IRE),K. J. Manning,0,J. S. Bolger,1st,N/A,5,10-0,-,True,17,39
Roscommon Racing Results | 29th August 2022 19:00,N/A,19:00,Good,1m 3f 182y,Indigo Desert,Declan McDonogh,0,W. P. Mullins,13th,9 1/2 l,4,9-12,74,True,17,40
Roscommon Racing Results | 29th August 2022 19:00,N/A,19:00,Good,1m 3f 182y,Desert Friend (IRE),J. M. Sheridan,3,Denis Hogan,12th,2 1/2 l,6,10-0,76,True,17,40
Roscommon Racing Results | 29th August 2022 19:00,N/A,19:00,Good,1m 3f 182y,Bringsty,Cillian McConnell,7,John McConnell,11th,1 1/2 l,4,9-3,65,True,17,40
Roscommon Racing Results | 29th August 2022 19:00,N/A,19:00,Good,1m 3f 182y,Too Bright (IRE),C. T. Keane,0,Noel Meade,10th,3 1/4 l,4,9-9t,71,True,17,40
Roscommon Racing Results | 29th August 2022 19:00,N/A,19:00,Good,1m 3f 182y,Noble Crusade (USA),D. W. O'Connor,0,John McConnell,9th,1 l,4,9-11,73,True,17,40
Roscommon Racing Results | 29th August 2022 19:00,N/A,19:00,Good,1m 3f 182y,Cherub (IRE),Seamie Heffernan,0,Aidan O'Brien,8th,1 1/4 l,3,9-4t,74,True,17,40
Roscommon Racing Results | 29th August 2022 19:00,N/A,19:00,Good,1m 3f 182y,Libby (IRE),D. B. McMonagle,0,Joseph Patrick O'Brien,7th,1 1/2 l,3,9-3,73,True,17,40
Roscommon Racing Results | 29th August 2022 19:00,N/A,19:00,Good,1m 3f 182y,War Correspondent (IRE),William James Lee,0,R. P. Cody,6th,1/2 l,3,9-8tb1,78,True,17,40
Roscommon Racing Results | 29th August 2022 19:00,N/A,19:00,Good,1m 3f 182y,Magnetic North (IRE),C. J. MacRedmond,5,Adrian McGuinness,5th,1 l,7,9-7v,69,True,17,40
Roscommon Racing Results | 29th August 2022 19:00,N/A,19:00,Good,1m 3f 182y,Sootability (IRE),Jack Enright,10,Eoin Christopher McCarthy,4th,1 1/4 l,6,9-8,70,True,17,40
Roscommon Racing Results | 29th August 2022 19:00,N/A,19:00,Good,1m 3f 182y,First Emperor,P. A. Harnett,7,Donnacha Aidan O'Brien,3rd,5 l,3,9-10t,80,True,17,40
Roscommon Racing Results | 29th August 2022 19:00,N/A,19:00,Good,1m 3f 182y,Adonis (IRE),Shane Foley,0,Mrs J. Harrington,2nd,4 l,3,9-9b,79,True,17,40
Roscommon Racing Results | 29th August 2022 19:00,N/A,19:00,Good,1m 3f 182y,Disco Boots (IRE),Ben Martin Coen,0,Peter Fahey,1st,N/A,4,9-13,75,True,17,40
Roscommon Racing Results | 29th August 2022 19:00,N/A,19:00,Good,1m 3f 182y,Indigo Desert,Declan McDonogh,0,W. P. Mullins,13th,9 1/2 l,4,9-12,74,True,17,40
Roscommon Racing Results | 29th August 2022 19:00,N/A,19:00,Good,1m 3f 182y,Desert Friend (IRE),J. M. Sheridan,3,Denis Hogan,12th,2 1/2 l,6,10-0,76,True,17,40
Roscommon Racing Results | 29th August 2022 19:00,N/A,19:00,Good,1m 3f 182y,Bringsty,Cillian McConnell,7,John McConnell,11th,1 1/2 l,4,9-3,65,True,17,40
Roscommon Racing Results | 29th August 2022 19:00,N/A,19:00,Good,1m 3f 182y,Too Bright (IRE),C. T. Keane,0,Noel Meade,10th,3 1/4 l,4,9-9t,71,True,17,40
Roscommon Racing Results | 29th August 2022 19:00,N/A,19:00,Good,1m 3f 182y,Noble Crusade (USA),D. W. O'Connor,0,John McConnell,9th,1 l,4,9-11,73,True,17,40
Roscommon Racing Results | 29th August 2022 19:00,N/A,19:00,Good,1m 3f 182y,Cherub (IRE),Seamie Heffernan,0,Aidan O'Brien,8th,1 1/4 l,3,9-4t,74,True,17,40
Roscommon Racing Results | 29th August 2022 19:00,N/A,19:00,Good,1m 3f 182y,Libby (IRE),D. B. McMonagle,0,Joseph Patrick O'Brien,7th,1 1/2 l,3,9-3,73,True,17,40
Roscommon Racing Results | 29th August 2022 19:00,N/A,19:00,Good,1m 3f 182y,War Correspondent (IRE),William James Lee,0,R. P. Cody,6th,1/2 l,3,9-8tb1,78,True,17,40
Roscommon Racing Results | 29th August 2022 19:00,N/A,19:00,Good,1m 3f 182y,Magnetic North (IRE),C. J. MacRedmond,5,Adrian McGuinness,5th,1 l,7,9-7v,69,True,17,40
Roscommon Racing Results | 29th August 2022 19:00,N/A,19:00,Good,1m 3f 182y,Sootability (IRE),Jack Enright,10,Eoin Christopher McCarthy,4th,1 1/4 l,6,9-8,70,True,17,40
Roscommon Racing Results | 29th August 2022 19:00,N/A,19:00,Good,1m 3f 182y,First Emperor,P. A. Harnett,7,Donnacha Aidan O'Brien,3rd,5 l,3,9-10t,80,True,17,40
Roscommon Racing Results | 29th August 2022 19:00,N/A,19:00,Good,1m 3f 182y,Adonis (IRE),Shane Foley,0,Mrs J. Harrington,2nd,4 l,3,9-9b,79,True,17,40
Roscommon Racing Results | 29th August 2022 19:00,N/A,19:00,Good,1m 3f 182y,Disco Boots (IRE),Ben Martin Coen,0,Peter Fahey,1st,N/A,4,9-13,75,True,17,40
Roscommon Racing Results | 29th August 2022 19:30,N/A,19:30,Good,1m 3f 182y,Rihani (IRE),R. P. Whelan,0,M. Halford,14th,25 l,3,9-12b,61,True,17,41
Roscommon Racing Results | 29th August 2022 19:30,N/A,19:30,Good,1m 3f 182y,Starlight Rose (IRE),Jack Cleary,7,Thomas Dowling,13th,3/4 l,3,9-2t,51,True,17,41
Roscommon Racing Results | 29th August 2022 19:30,N/A,19:30,Good,1m 3f 182y,Runhoney (IRE),Shane Foley,0,Gearoid Patrick Brouder,12th,1/2 l,3,8-12tp1,47,True,17,41
Roscommon Racing Results | 29th August 2022 19:30,N/A,19:30,Good,1m 3f 182y,Theresathought (IRE),R. C. Colgan,0,Michael G. Cleary,11th,3/4 l,3,9-10,59,True,17,41
Roscommon Racing Results | 29th August 2022 19:30,N/A,19:30,Good,1m 3f 182y,Your Honor (IRE),M. P. Sheehy,3,James A. Nash,10th,1 l,3,9-7,56,True,17,41
Roscommon Racing Results | 29th August 2022 19:30,N/A,19:30,Good,1m 3f 182y,Breakintheclouds (IRE),J. M. Sheridan,3,Denis Hogan,9th,2 1/2 l,3,9-11p,60,True,17,41
Roscommon Racing Results | 29th August 2022 19:30,N/A,19:30,Good,1m 3f 182y,Eagles Perch (IRE),Siobhan Rutledge,5,John McConnell,8th,1 1/2 l,3,9-7p1,56,True,17,41
Roscommon Racing Results | 29th August 2022 19:30,N/A,19:30,Good,1m 3f 182y,Alice Diamond (IRE),C. T. Keane,0,Noel Meade,7th,2 3/4 l,3,9-1p,50,True,17,41
Roscommon Racing Results | 29th August 2022 19:30,N/A,19:30,Good,1m 3f 182y,Missy Zippy (IRE),J. A. Powell,7,John Stephen O'Donoghue,6th,Neck,3,9-5,54,True,17,41
Roscommon Racing Results | 29th August 2022 19:30,N/A,19:30,Good,1m 3f 182y,Portville (IRE),A. J. Slattery,0,Kieran Patrick Cotter,5th,1/2 l,3,9-8,57,True,17,41
Roscommon Racing Results | 29th August 2022 19:30,N/A,19:30,Good,1m 3f 182y,Steps In The Sand (IRE),D. J. Gilligan,7,Ms Sheila Lavery,4th,1 l,3,10-1,64,True,17,41
Roscommon Racing Results | 29th August 2022 19:30,N/A,19:30,Good,1m 3f 182y,Our Scholar (IRE),Ben Martin Coen,0,John Patrick Murtagh,3rd,3/4 l,3,10-1p,64,True,17,41
Roscommon Racing Results | 29th August 2022 19:30,N/A,19:30,Good,1m 3f 182y,Joven De Corazon (IRE),Seamie Heffernan,0,Paul Stafford,2nd,1 1/2 l,3,8-12,47,True,17,41
Roscommon Racing Results | 29th August 2022 19:30,N/A,19:30,Good,1m 3f 182y,Theonewedreamof (IRE),G. F. Carroll,0,Gavin Patrick Cromwell,1st,N/A,3,9-7,56,True,17,41
Roscommon Racing Results | 29th August 2022 19:30,N/A,19:30,Good,1m 3f 182y,Rihani (IRE),R. P. Whelan,0,M. Halford,14th,25 l,3,9-12b,61,True,17,41
Roscommon Racing Results | 29th August 2022 19:30,N/A,19:30,Good,1m 3f 182y,Starlight Rose (IRE),Jack Cleary,7,Thomas Dowling,13th,3/4 l,3,9-2t,51,True,17,41
Roscommon Racing Results | 29th August 2022 19:30,N/A,19:30,Good,1m 3f 182y,Runhoney (IRE),Shane Foley,0,Gearoid Patrick Brouder,12th,1/2 l,3,8-12tp1,47,True,17,41
Roscommon Racing Results | 29th August 2022 19:30,N/A,19:30,Good,1m 3f 182y,Theresathought (IRE),R. C. Colgan,0,Michael G. Cleary,11th,3/4 l,3,9-10,59,True,17,41
Roscommon Racing Results | 29th August 2022 19:30,N/A,19:30,Good,1m 3f 182y,Your Honor (IRE),M. P. Sheehy,3,James A. Nash,10th,1 l,3,9-7,56,True,17,41
Roscommon Racing Results | 29th August 2022 19:30,N/A,19:30,Good,1m 3f 182y,Breakintheclouds (IRE),J. M. Sheridan,3,Denis Hogan,9th,2 1/2 l,3,9-11p,60,True,17,41
Roscommon Racing Results | 29th August 2022 19:30,N/A,19:30,Good,1m 3f 182y,Eagles Perch (IRE),Siobhan Rutledge,5,John McConnell,8th,1 1/2 l,3,9-7p1,56,True,17,41
Roscommon Racing Results | 29th August 2022 19:30,N/A,19:30,Good,1m 3f 182y,Alice Diamond (IRE),C. T. Keane,0,Noel Meade,7th,2 3/4 l,3,9-1p,50,True,17,41
Roscommon Racing Results | 29th August 2022 19:30,N/A,19:30,Good,1m 3f 182y,Missy Zippy (IRE),J. A. Powell,7,John Stephen O'Donoghue,6th,Neck,3,9-5,54,True,17,41
Roscommon Racing Results | 29th August 2022 19:30,N/A,19:30,Good,1m 3f 182y,Portville (IRE),A. J. Slattery,0,Kieran Patrick Cotter,5th,1/2 l,3,9-8,57,True,17,41
Roscommon Racing Results | 29th August 2022 19:30,N/A,19:30,Good,1m 3f 182y,Steps In The Sand (IRE),D. J. Gilligan,7,Ms Sheila Lavery,4th,1 l,3,10-1,64,True,17,41
Roscommon Racing Results | 29th August 2022 19:30,N/A,19:30,Good,1m 3f 182y,Our Scholar (IRE),Ben Martin Coen,0,John Patrick Murtagh,3rd,3/4 l,3,10-1p,64,True,17,41
Roscommon Racing Results | 29th August 2022 19:30,N/A,19:30,Good,1m 3f 182y,Joven De Corazon (IRE),Seamie Heffernan,0,Paul Stafford,2nd,1 1/2 l,3,8-12,47,True,17,41
Roscommon Racing Results | 29th August 2022 19:30,N/A,19:30,Good,1m 3f 182y,Theonewedreamof (IRE),G. F. Carroll,0,Gavin Patrick Cromwell,1st,N/A,3,9-7,56,True,17,41
N/A,N/A,13:55,Good To Firm (Good In Places)  (Turf),7f,James Flyer (IRE),William James Lee,0,T. Gibney,11th,20 l,2,9-5,-,True,17,42
N/A,N/A,13:55,Good To Firm (Good In Places)  (Turf),7f,Holy Scat Passion (FR),D. W. O'Connor,0,James McAuley,10th,14 l,2,9-5,-,True,17,42
N/A,N/A,13:55,Good To Firm (Good In Places)  (Turf),7f,Rhythm King (IRE),G. M. Ryan,0,Mark Fahey,9th,Neck,2,9-5,-,True,17,42
N/A,N/A,13:55,Good To Firm (Good In Places)  (Turf),7f,Where R U Now Bob (IRE),L. F. Roche,0,Rodger Sweeney,8th,1/2 l,2,9-5,-,True,17,42
N/A,N/A,13:55,Good To Firm (Good In Places)  (Turf),7f,Gosford (IRE),C. D. Hayes,0,Edward Lynam,7th,2 1/2 l,2,9-5,-,True,17,42
N/A,N/A,13:55,Good To Firm (Good In Places)  (Turf),7f,Belissimo,C. Horgan,7,A. Slattery,6th,1 1/4 l,2,9-5,-,True,17,42
N/A,N/A,13:55,Good To Firm (Good In Places)  (Turf),7f,Union Flag (IRE),C. T. Keane,0,Noel Meade,5th,3 l,2,9-5t1,-,True,17,42
N/A,N/A,13:55,Good To Firm (Good In Places)  (Turf),7f,Subzero (IRE),W. M. Lordan,0,Aidan O'Brien,4th,2 1/2 l,2,9-5,-,True,17,42
N/A,N/A,13:55,Good To Firm (Good In Places)  (Turf),7f,Mister Mister (GER),D. B. McMonagle,0,Joseph Patrick O'Brien,3rd,Head,2,9-5,-,True,17,42
N/A,N/A,13:55,Good To Firm (Good In Places)  (Turf),7f,Lord Massusus (IRE),G. F. Carroll,0,Joseph G. Murphy,2nd,1/2 l,2,9-5,-,True,17,42
N/A,N/A,13:55,Good To Firm (Good In Places)  (Turf),7f,National Emblem (IRE),Shane Foley,0,Mrs J. Harrington,1st,N/A,2,9-5,-,True,17,42
N/A,N/A,13:55,Good To Firm (Good In Places)  (Turf),7f,James Flyer (IRE),William James Lee,0,T. Gibney,11th,20 l,2,9-5,-,True,17,42
N/A,N/A,13:55,Good To Firm (Good In Places)  (Turf),7f,Holy Scat Passion (FR),D. W. O'Connor,0,James McAuley,10th,14 l,2,9-5,-,True,17,42
N/A,N/A,13:55,Good To Firm (Good In Places)  (Turf),7f,Rhythm King (IRE),G. M. Ryan,0,Mark Fahey,9th,Neck,2,9-5,-,True,17,42
N/A,N/A,13:55,Good To Firm (Good In Places)  (Turf),7f,Where R U Now Bob (IRE),L. F. Roche,0,Rodger Sweeney,8th,1/2 l,2,9-5,-,True,17,42
N/A,N/A,13:55,Good To Firm (Good In Places)  (Turf),7f,Gosford (IRE),C. D. Hayes,0,Edward Lynam,7th,2 1/2 l,2,9-5,-,True,17,42
N/A,N/A,13:55,Good To Firm (Good In Places)  (Turf),7f,Belissimo,C. Horgan,7,A. Slattery,6th,1 1/4 l,2,9-5,-,True,17,42
N/A,N/A,13:55,Good To Firm (Good In Places)  (Turf),7f,Union Flag (IRE),C. T. Keane,0,Noel Meade,5th,3 l,2,9-5t1,-,True,17,42
N/A,N/A,13:55,Good To Firm (Good In Places)  (Turf),7f,Subzero (IRE),W. M. Lordan,0,Aidan O'Brien,4th,2 1/2 l,2,9-5,-,True,17,42
N/A,N/A,13:55,Good To Firm (Good In Places)  (Turf),7f,Mister Mister (GER),D. B. McMonagle,0,Joseph Patrick O'Brien,3rd,Head,2,9-5,-,True,17,42
N/A,N/A,13:55,Good To Firm (Good In Places)  (Turf),7f,Lord Massusus (IRE),G. F. Carroll,0,Joseph G. Murphy,2nd,1/2 l,2,9-5,-,True,17,42
N/A,N/A,13:55,Good To Firm (Good In Places)  (Turf),7f,National Emblem (IRE),Shane Foley,0,Mrs J. Harrington,1st,N/A,2,9-5,-,True,17,42
N/A,N/A,14:25,Good To Firm (Good In Places),7f,Millie's Street (IRE),R. P. Whelan,0,M. Halford,12th,1 1/2 l,3,9-3,-,True,17,43
N/A,N/A,14:25,Good To Firm (Good In Places),7f,Jeffs Princess (IRE),R. P. Cleary,0,Ray Hackett,11th,2 3/4 l,6,9-8,-,True,17,43
N/A,N/A,14:25,Good To Firm (Good In Places),7f,Cannes Do (IRE),S. D. Bowen,7,Philip Michael Byrne,10th,2 1/2 l,3,9-3,-,True,17,43
N/A,N/A,14:25,Good To Firm (Good In Places),7f,Winning Mischief (IRE),J. A. Powell,7,D. Harvey,9th,2 3/4 l,5,9-8,-,True,17,43
N/A,N/A,14:25,Good To Firm (Good In Places),7f,Lokada (FR),L. F. Roche,0,M. D. O'Callaghan,8th,4 3/4 l,3,9-3,-,True,17,43
N/A,N/A,14:25,Good To Firm (Good In Places),7f,Inchiquin Maid (IRE),C. T. Keane,0,David Kenneth Budds,7th,Neck,3,9-3,-,True,17,43
N/A,N/A,14:25,Good To Firm (Good In Places),7f,Toriangel (IRE),R. C. Colgan,0,Ms Sheila Lavery,6th,1/2 l,3,9-3,-,True,17,43
N/A,N/A,14:25,Good To Firm (Good In Places),7f,Inablink (USA),L. T. McAteer,3,Barry Fitzgerald,5th,1/2 l,3,9-3,-,True,17,43
N/A,N/A,14:25,Good To Firm (Good In Places),7f,Vadiana (IRE),G. M. Ryan,0,Tracey Collins,4th,2 l,3,9-3,-,True,17,43
N/A,N/A,14:25,Good To Firm (Good In Places),7f,Pilbara Gold (IRE),Shane Foley,0,Andrew Kinirons,3rd,1/2 l,3,9-3,-,True,17,43
N/A,N/A,14:25,Good To Firm (Good In Places),7f,Accomplished (IRE),William James Lee,0,K. J. Condon,2nd,Neck,3,9-3,-,True,17,43
N/A,N/A,14:25,Good To Firm (Good In Places),7f,Touching Clouds (USA),C. D. Hayes,0,D. K. Weld,1st,N/A,3,9-3,-,True,17,43
N/A,N/A,14:25,Good To Firm (Good In Places),7f,Millie's Street (IRE),R. P. Whelan,0,M. Halford,12th,1 1/2 l,3,9-3,-,True,17,43
N/A,N/A,14:25,Good To Firm (Good In Places),7f,Jeffs Princess (IRE),R. P. Cleary,0,Ray Hackett,11th,2 3/4 l,6,9-8,-,True,17,43
N/A,N/A,14:25,Good To Firm (Good In Places),7f,Cannes Do (IRE),S. D. Bowen,7,Philip Michael Byrne,10th,2 1/2 l,3,9-3,-,True,17,43
N/A,N/A,14:25,Good To Firm (Good In Places),7f,Winning Mischief (IRE),J. A. Powell,7,D. Harvey,9th,2 3/4 l,5,9-8,-,True,17,43
N/A,N/A,14:25,Good To Firm (Good In Places),7f,Lokada (FR),L. F. Roche,0,M. D. O'Callaghan,8th,4 3/4 l,3,9-3,-,True,17,43
N/A,N/A,14:25,Good To Firm (Good In Places),7f,Inchiquin Maid (IRE),C. T. Keane,0,David Kenneth Budds,7th,Neck,3,9-3,-,True,17,43
N/A,N/A,14:25,Good To Firm (Good In Places),7f,Toriangel (IRE),R. C. Colgan,0,Ms Sheila Lavery,6th,1/2 l,3,9-3,-,True,17,43
N/A,N/A,14:25,Good To Firm (Good In Places),7f,Inablink (USA),L. T. McAteer,3,Barry Fitzgerald,5th,1/2 l,3,9-3,-,True,17,43
N/A,N/A,14:25,Good To Firm (Good In Places),7f,Vadiana (IRE),G. M. Ryan,0,Tracey Collins,4th,2 l,3,9-3,-,True,17,43
N/A,N/A,14:25,Good To Firm (Good In Places),7f,Pilbara Gold (IRE),Shane Foley,0,Andrew Kinirons,3rd,1/2 l,3,9-3,-,True,17,43
N/A,N/A,14:25,Good To Firm (Good In Places),7f,Accomplished (IRE),William James Lee,0,K. J. Condon,2nd,Neck,3,9-3,-,True,17,43
N/A,N/A,14:25,Good To Firm (Good In Places),7f,Touching Clouds (USA),C. D. Hayes,0,D. K. Weld,1st,N/A,3,9-3,-,True,17,43
N/A,N/A,14:55,Good To Firm (Good In Places),7f,Clase Azul Ultra (IRE),D. W. O'Connor,0,James McAuley,7th,4 3/4 l,3,9-3tp1,73,True,17,44
N/A,N/A,14:55,Good To Firm (Good In Places),7f,Way to Win (IRE),G. M. Ryan,0,John Joseph Hanlon,6th,7 1/2 l,3,9-3,73,True,17,44
N/A,N/A,14:55,Good To Firm (Good In Places),7f,It's Snowing (IRE),Shane Foley,0,Mrs J. Harrington,5th,1/2 l,3,9-0v,70,True,17,44
N/A,N/A,14:55,Good To Firm (Good In Places),7f,Helpmeout (IRE),William James Lee,0,W. McCreery,4th,3/4 l,3,9-9,79,True,17,44
N/A,N/A,14:55,Good To Firm (Good In Places),7f,Hypernova (IRE),H. J. Horgan,7,Joseph Patrick O'Brien,3rd,1/2 l,3,10-0t,84,True,17,44
N/A,N/A,14:55,Good To Firm (Good In Places),7f,Band Width (IRE),Declan McDonogh,0,Andrew Oliver,2nd,Neck,3,9-6v1,76,True,17,44
N/A,N/A,14:55,Good To Firm (Good In Places),7f,Marsa (IRE),C. D. Hayes,0,Edward Lynam,1st,N/A,3,9-2,72,True,17,44
N/A,N/A,14:55,Good To Firm (Good In Places),7f,Clase Azul Ultra (IRE),D. W. O'Connor,0,James McAuley,7th,4 3/4 l,3,9-3tp1,73,True,17,44
N/A,N/A,14:55,Good To Firm (Good In Places),7f,Way to Win (IRE),G. M. Ryan,0,John Joseph Hanlon,6th,7 1/2 l,3,9-3,73,True,17,44
N/A,N/A,14:55,Good To Firm (Good In Places),7f,It's Snowing (IRE),Shane Foley,0,Mrs J. Harrington,5th,1/2 l,3,9-0v,70,True,17,44
N/A,N/A,14:55,Good To Firm (Good In Places),7f,Helpmeout (IRE),William James Lee,0,W. McCreery,4th,3/4 l,3,9-9,79,True,17,44
N/A,N/A,14:55,Good To Firm (Good In Places),7f,Hypernova (IRE),H. J. Horgan,7,Joseph Patrick O'Brien,3rd,1/2 l,3,10-0t,84,True,17,44
N/A,N/A,14:55,Good To Firm (Good In Places),7f,Band Width (IRE),Declan McDonogh,0,Andrew Oliver,2nd,Neck,3,9-6v1,76,True,17,44
N/A,N/A,14:55,Good To Firm (Good In Places),7f,Marsa (IRE),C. D. Hayes,0,Edward Lynam,1st,N/A,3,9-2,72,True,17,44
N/A,N/A,15:25,Good To Firm (Good In Places),1m,Cherry Bloom (IRE),Jack Enright,10,Gillian Scott,11th,2 1/2 l,3,8-11b,-,True,17,45
N/A,N/A,15:25,Good To Firm (Good In Places),1m,Retro Flame (IRE),Jack Cleary,7,Thomas Dowling,10th,4 3/4 l,4,9-1p,-,True,17,45
N/A,N/A,15:25,Good To Firm (Good In Places),1m,Is Fantastic (IRE),Declan McDonogh,0,Miss Hilary McLoughlin,9th,1 1/4 l,6,9-3p,-,True,17,45
N/A,N/A,15:25,Good To Firm (Good In Places),1m,Prioritise (IRE),C. D. Hayes,0,James McAuley,8th,Neck,4,9-6,-,True,17,45
N/A,N/A,15:25,Good To Firm (Good In Places),1m,Alqabeela (IRE),William James Lee,0,M. C. Grassick,7th,2 1/2 l,4,9-1,-,True,17,45
N/A,N/A,15:25,Good To Firm (Good In Places),1m,Sister Lola (IRE),Shane Foley,0,James McAuley,6th,3/4 l,5,9-6tp,-,True,17,45
N/A,N/A,15:25,Good To Firm (Good In Places),1m,Girl Crush (IRE),Siobhan Rutledge,5,Joseph Anthony Murray,5th,3/4 l,3,8-9,-,True,17,45
N/A,N/A,15:25,Good To Firm (Good In Places),1m,Ghumama (IRE),J. M. Sheridan,3,Denis Hogan,4th,1/2 l,4,9-6tp,-,True,17,45
N/A,N/A,15:25,Good To Firm (Good In Places),1m,Chica Power (IRE),C. T. Keane,0,Ciaran Murphy,3rd,2 l,4,9-1p,-,True,17,45
N/A,N/A,15:25,Good To Firm (Good In Places),1m,Je T'ai Porte (IRE),R. P. Whelan,0,M. Halford,2nd,3 1/4 l,4,9-1,-,True,17,45
N/A,N/A,15:25,Good To Firm (Good In Places),1m,Chicago Lightening,Ben Martin Coen,0,John Patrick Murtagh,1st,N/A,3,9-5tp,-,True,17,45
N/A,N/A,15:25,Good To Firm (Good In Places),1m,Cherry Bloom (IRE),Jack Enright,10,Gillian Scott,11th,2 1/2 l,3,8-11b,-,True,17,45
N/A,N/A,15:25,Good To Firm (Good In Places),1m,Retro Flame (IRE),Jack Cleary,7,Thomas Dowling,10th,4 3/4 l,4,9-1p,-,True,17,45
N/A,N/A,15:25,Good To Firm (Good In Places),1m,Is Fantastic (IRE),Declan McDonogh,0,Miss Hilary McLoughlin,9th,1 1/4 l,6,9-3p,-,True,17,45
N/A,N/A,15:25,Good To Firm (Good In Places),1m,Prioritise (IRE),C. D. Hayes,0,James McAuley,8th,Neck,4,9-6,-,True,17,45
N/A,N/A,15:25,Good To Firm (Good In Places),1m,Alqabeela (IRE),William James Lee,0,M. C. Grassick,7th,2 1/2 l,4,9-1,-,True,17,45
N/A,N/A,15:25,Good To Firm (Good In Places),1m,Sister Lola (IRE),Shane Foley,0,James McAuley,6th,3/4 l,5,9-6tp,-,True,17,45
N/A,N/A,15:25,Good To Firm (Good In Places),1m,Girl Crush (IRE),Siobhan Rutledge,5,Joseph Anthony Murray,5th,3/4 l,3,8-9,-,True,17,45
N/A,N/A,15:25,Good To Firm (Good In Places),1m,Ghumama (IRE),J. M. Sheridan,3,Denis Hogan,4th,1/2 l,4,9-6tp,-,True,17,45
N/A,N/A,15:25,Good To Firm (Good In Places),1m,Chica Power (IRE),C. T. Keane,0,Ciaran Murphy,3rd,2 l,4,9-1p,-,True,17,45
N/A,N/A,15:25,Good To Firm (Good In Places),1m,Je T'ai Porte (IRE),R. P. Whelan,0,M. Halford,2nd,3 1/4 l,4,9-1,-,True,17,45
N/A,N/A,15:25,Good To Firm (Good In Places),1m,Chicago Lightening,Ben Martin Coen,0,John Patrick Murtagh,1st,N/A,3,9-5tp,-,True,17,45
N/A,N/A,15:55,Good To Firm (Good In Places),1m,Warp Speed (JPN),S. D. Bowen,4,David Kenneth Budds,15th,6 l,4,8-12p1,47,True,17,46
N/A,N/A,15:55,Good To Firm (Good In Places),1m,Accessory (IRE),R. Donaghue-Leahy,7,Patrick J. Flynn,14th,2 3/4 l,5,8-12b,47,True,17,46
N/A,N/A,15:55,Good To Firm (Good In Places),1m,Scream (IRE),C. J. MacRedmond,0,David Peter Nagle,13th,1 l,7,8-12b,47,True,17,46
N/A,N/A,15:55,Good To Firm (Good In Places),1m,Stardayz (IRE),L. T. McAteer,0,Ciaran Murphy,12th,1 1/2 l,4,9-6tb,55,True,17,46
N/A,N/A,15:55,Good To Firm (Good In Places),1m,No Show (IRE),S. McCullagh,0,James Joseph Mangan,11th,1 l,5,9-4b,53,True,17,46
N/A,N/A,15:55,Good To Firm (Good In Places),1m,Rosie Rock (IRE),J. Coen,0,James McAuley,10th,Head,4,9-13tp1,62,True,17,46
N/A,N/A,15:55,Good To Firm (Good In Places),1m,Beleaguerment (IRE),M. P. Sheehy,0,James McAuley,9th,4 1/2 l,6,8-13tp,48,True,17,46
N/A,N/A,15:55,Good To Firm (Good In Places),1m,Breezy Zoff (IRE),R. Whearty,4,Gavin Patrick Cromwell,8th,1 l,3,9-7t,62,True,17,46
N/A,N/A,15:55,Good To Firm (Good In Places),1m,Shawaf,Siobhan Rutledge,0,John McConnell,7th,1/2 l,6,8-12t,47,True,17,46
N/A,N/A,15:55,Good To Firm (Good In Places),1m,Rose of Malta (IRE),J. A. Powell,4,P. F. O'Donnell,6th,1/2 l,3,9-8,63,True,17,46
N/A,N/A,15:55,Good To Firm (Good In Places),1m,Skontonovski,Adam Caffrey,4,Adrian McGuinness,5th,3/4 l,5,10-1v,64,True,17,46
N/A,N/A,15:55,Good To Firm (Good In Places),1m,Cherub Rock (IRE),N. M. Crosse,0,Richard John O'Brien,4th,1/2 l,3,9-8,63,True,17,46
N/A,N/A,15:55,Good To Firm (Good In Places),1m,Chimeric (IRE),J. M. Sheridan,0,J. F. Levins,3rd,3/4 l,5,9-0,49,True,17,46
N/A,N/A,15:55,Good To Firm (Good In Places),1m,Barnhill Rose,P. A. Harnett,2,Denis Hogan,2nd,2 1/2 l,4,9-5p,54,True,17,46
N/A,N/A,15:55,Good To Firm (Good In Places),1m,Qaabil (IRE),D. B. McMonagle,0,Peter Fahey,1st,N/A,6,8-12,47,True,17,46
N/A,N/A,15:55,Good To Firm (Good In Places),1m,Warp Speed (JPN),S. D. Bowen,4,David Kenneth Budds,15th,6 l,4,8-12p1,47,True,17,46
N/A,N/A,15:55,Good To Firm (Good In Places),1m,Accessory (IRE),R. Donaghue-Leahy,7,Patrick J. Flynn,14th,2 3/4 l,5,8-12b,47,True,17,46
N/A,N/A,15:55,Good To Firm (Good In Places),1m,Scream (IRE),C. J. MacRedmond,0,David Peter Nagle,13th,1 l,7,8-12b,47,True,17,46
N/A,N/A,15:55,Good To Firm (Good In Places),1m,Stardayz (IRE),L. T. McAteer,0,Ciaran Murphy,12th,1 1/2 l,4,9-6tb,55,True,17,46
N/A,N/A,15:55,Good To Firm (Good In Places),1m,No Show (IRE),S. McCullagh,0,James Joseph Mangan,11th,1 l,5,9-4b,53,True,17,46
N/A,N/A,15:55,Good To Firm (Good In Places),1m,Rosie Rock (IRE),J. Coen,0,James McAuley,10th,Head,4,9-13tp1,62,True,17,46
N/A,N/A,15:55,Good To Firm (Good In Places),1m,Beleaguerment (IRE),M. P. Sheehy,0,James McAuley,9th,4 1/2 l,6,8-13tp,48,True,17,46
N/A,N/A,15:55,Good To Firm (Good In Places),1m,Breezy Zoff (IRE),R. Whearty,4,Gavin Patrick Cromwell,8th,1 l,3,9-7t,62,True,17,46
N/A,N/A,15:55,Good To Firm (Good In Places),1m,Shawaf,Siobhan Rutledge,0,John McConnell,7th,1/2 l,6,8-12t,47,True,17,46
N/A,N/A,15:55,Good To Firm (Good In Places),1m,Rose of Malta (IRE),J. A. Powell,4,P. F. O'Donnell,6th,1/2 l,3,9-8,63,True,17,46
N/A,N/A,15:55,Good To Firm (Good In Places),1m,Skontonovski,Adam Caffrey,4,Adrian McGuinness,5th,3/4 l,5,10-1v,64,True,17,46
N/A,N/A,15:55,Good To Firm (Good In Places),1m,Cherub Rock (IRE),N. M. Crosse,0,Richard John O'Brien,4th,1/2 l,3,9-8,63,True,17,46
N/A,N/A,15:55,Good To Firm (Good In Places),1m,Chimeric (IRE),J. M. Sheridan,0,J. F. Levins,3rd,3/4 l,5,9-0,49,True,17,46
N/A,N/A,15:55,Good To Firm (Good In Places),1m,Barnhill Rose,P. A. Harnett,2,Denis Hogan,2nd,2 1/2 l,4,9-5p,54,True,17,46
N/A,N/A,15:55,Good To Firm (Good In Places),1m,Qaabil (IRE),D. B. McMonagle,0,Peter Fahey,1st,N/A,6,8-12,47,True,17,46
N/A,N/A,16:25,Good To Firm (Good In Places),1m,Emeric (IRE),Ciara Flynn,4,Paul W. Flynn,15th,1 l,5,9-13,62,True,17,47
N/A,N/A,16:25,Good To Firm (Good In Places),1m,Zonik (IRE),Cillian McConnell,4,John McConnell,14th,1 l,3,9-3t,58,True,17,47
N/A,N/A,16:25,Good To Firm (Good In Places),1m,Dodie Baby (IRE),S. D. Bowen,4,Donal Commins,13th,Nose,3,8-7,48,True,17,47
N/A,N/A,16:25,Good To Firm (Good In Places),1m,Srowland Jack (IRE),D. King,4,Adrian Sexton,12th,1 1/4 l,5,9-11,60,True,17,47
N/A,N/A,16:25,Good To Firm (Good In Places),1m,Double Martini (IRE),Siobhan Rutledge,0,John McConnell,11th,Neck,6,8-12t,47,True,17,47
N/A,N/A,16:25,Good To Firm (Good In Places),1m,Eastern Racer (IRE),M. P. Sheehy,0,James McAuley,10th,3/4 l,10,10-5b,68,True,17,47
N/A,N/A,16:25,Good To Firm (Good In Places),1m,Lifeinthefastlane (IRE),D. B. McMonagle,0,G. O'Leary,9th,Neck,3,9-2t,57,True,17,47
N/A,N/A,16:25,Good To Firm (Good In Places),1m,Nebulla,D. N. Curran,4,James Leavy,8th,Neck,10,9-11,60,True,17,47
N/A,N/A,16:25,Good To Firm (Good In Places),1m,Zaur (IRE),S. McCullagh,0,Michael Butler,7th,2 1/4 l,4,9-7v1,56,True,17,47
N/A,N/A,16:25,Good To Firm (Good In Places),1m,Angel On Fire (USA),C. Horgan,4,P. F. McEnery,6th,2 3/4 l,4,8-13ht1,48,True,17,47
N/A,N/A,16:25,Good To Firm (Good In Places),1m,Harbanaker (IRE),R. Whearty,4,Gavin Patrick Cromwell,5th,3/4 l,5,9-9v1,58,True,17,47
N/A,N/A,16:25,Good To Firm (Good In Places),1m,Finke River,J. Coen,0,James McAuley,4th,Short Head,3,9-0,55,True,17,47
N/A,N/A,16:25,Good To Firm (Good In Places),1m,Salt Whistle Bay (IRE),J. M. Sheridan,0,J. F. Levins,3rd,2 1/2 l,8,9-8p1,57,True,17,47
N/A,N/A,16:25,Good To Firm (Good In Places),1m,Fit for Function,Tom Kiely Marshall,4,Joseph G. Murphy,2nd,2 1/4 l,9,8-12,47,True,17,47
N/A,N/A,16:25,Good To Firm (Good In Places),1m,Phoenix Open (USA),D. E. Sheehy,0,S. M. Duffy,1st,N/A,6,9-4tp,53,True,17,47
N/A,N/A,16:25,Good To Firm (Good In Places),1m,Emeric (IRE),Ciara Flynn,4,Paul W. Flynn,15th,1 l,5,9-13,62,True,17,47
N/A,N/A,16:25,Good To Firm (Good In Places),1m,Zonik (IRE),Cillian McConnell,4,John McConnell,14th,1 l,3,9-3t,58,True,17,47
N/A,N/A,16:25,Good To Firm (Good In Places),1m,Dodie Baby (IRE),S. D. Bowen,4,Donal Commins,13th,Nose,3,8-7,48,True,17,47
N/A,N/A,16:25,Good To Firm (Good In Places),1m,Srowland Jack (IRE),D. King,4,Adrian Sexton,12th,1 1/4 l,5,9-11,60,True,17,47
N/A,N/A,16:25,Good To Firm (Good In Places),1m,Double Martini (IRE),Siobhan Rutledge,0,John McConnell,11th,Neck,6,8-12t,47,True,17,47
N/A,N/A,16:25,Good To Firm (Good In Places),1m,Eastern Racer (IRE),M. P. Sheehy,0,James McAuley,10th,3/4 l,10,10-5b,68,True,17,47
N/A,N/A,16:25,Good To Firm (Good In Places),1m,Lifeinthefastlane (IRE),D. B. McMonagle,0,G. O'Leary,9th,Neck,3,9-2t,57,True,17,47
N/A,N/A,16:25,Good To Firm (Good In Places),1m,Nebulla,D. N. Curran,4,James Leavy,8th,Neck,10,9-11,60,True,17,47
N/A,N/A,16:25,Good To Firm (Good In Places),1m,Zaur (IRE),S. McCullagh,0,Michael Butler,7th,2 1/4 l,4,9-7v1,56,True,17,47
N/A,N/A,16:25,Good To Firm (Good In Places),1m,Angel On Fire (USA),C. Horgan,4,P. F. McEnery,6th,2 3/4 l,4,8-13ht1,48,True,17,47
N/A,N/A,16:25,Good To Firm (Good In Places),1m,Harbanaker (IRE),R. Whearty,4,Gavin Patrick Cromwell,5th,3/4 l,5,9-9v1,58,True,17,47
N/A,N/A,16:25,Good To Firm (Good In Places),1m,Finke River,J. Coen,0,James McAuley,4th,Short Head,3,9-0,55,True,17,47
N/A,N/A,16:25,Good To Firm (Good In Places),1m,Salt Whistle Bay (IRE),J. M. Sheridan,0,J. F. Levins,3rd,2 1/2 l,8,9-8p1,57,True,17,47
N/A,N/A,16:25,Good To Firm (Good In Places),1m,Fit for Function,Tom Kiely Marshall,4,Joseph G. Murphy,2nd,2 1/4 l,9,8-12,47,True,17,47
N/A,N/A,16:25,Good To Firm (Good In Places),1m,Phoenix Open (USA),D. E. Sheehy,0,S. M. Duffy,1st,N/A,6,9-4tp,53,True,17,47
N/A,N/A,17:00,Good To Firm (Good In Places),1m,Wootton Babble (FR),A. J. Slattery,0,A. Slattery,15th,1 1/2 l,3,9-6,68,True,17,48
N/A,N/A,17:00,Good To Firm (Good In Places),1m,Bonnyrigg (IRE),D. B. McMonagle,0,James McAuley,14th,3 l,4,9-8p,64,True,17,48
N/A,N/A,17:00,Good To Firm (Good In Places),1m,Well Suited (IRE),L. F. Roche,0,T. J. O'Mara,13th,3 1/4 l,7,9-0p,56,True,17,48
N/A,N/A,17:00,Good To Firm (Good In Places),1m,Danceinthevillage (IRE),C. D. Maxwell,0,Mark McNiff,12th,1 1/4 l,4,9-5,61,True,17,48
N/A,N/A,17:00,Good To Firm (Good In Places),1m,Stormie Outlook (IRE),William James Lee,0,E. J. O'Grady,11th,Neck,3,9-4,66,True,17,48
N/A,N/A,17:00,Good To Firm (Good In Places),1m,Cleveleys,Ben Martin Coen,0,Richard John O'Brien,10th,1 3/4 l,4,9-11,67,True,17,48
N/A,N/A,17:00,Good To Firm (Good In Places),1m,You Owe Me Money (IRE),N. G. McCullagh,0,G. O'Leary,9th,3/4 l,4,9-10,66,True,17,48
N/A,N/A,17:00,Good To Firm (Good In Places),1m,Butterfly Island (IRE),C. D. Hayes,0,D. K. Weld,8th,1/2 l,3,9-6t,68,True,17,48
N/A,N/A,17:00,Good To Firm (Good In Places),1m,Wee Pablo (IRE),R. M. Mulligan,10,Patrick Martin,7th,1/2 l,5,9-13t,69,True,17,48
N/A,N/A,17:00,Good To Firm (Good In Places),1m,Leabaland (IRE),C. T. Keane,0,M. M. Lynch,6th,3/4 l,5,9-7b,63,True,17,48
N/A,N/A,17:00,Good To Firm (Good In Places),1m,Shona Mea (IRE),Shane Foley,0,Mrs J. Harrington,5th,Neck,5,9-9p,65,True,17,48
N/A,N/A,17:00,Good To Firm (Good In Places),1m,Inchiquin Star (IRE),Seamie Heffernan,0,David Marnane,4th,Nose,3,9-12b,74,True,17,48
N/A,N/A,17:00,Good To Firm (Good In Places),1m,Super Cub,J. M. Sheridan,3,Denis Hogan,3rd,1 1/4 l,3,9-4b,66,True,17,48
N/A,N/A,17:00,Good To Firm (Good In Places),1m,Monzoon,J. Coen,5,Ross O'Sullivan,2nd,1 1/2 l,5,10-6,76,True,17,48
N/A,N/A,17:00,Good To Firm (Good In Places),1m,The Blue Panther (IRE),G. F. Carroll,0,Michael Mulvany,1st,N/A,4,9-11tp1,67,True,17,48
N/A,N/A,17:00,Good To Firm (Good In Places),1m,Wootton Babble (FR),A. J. Slattery,0,A. Slattery,15th,1 1/2 l,3,9-6,68,True,17,48
N/A,N/A,17:00,Good To Firm (Good In Places),1m,Bonnyrigg (IRE),D. B. McMonagle,0,James McAuley,14th,3 l,4,9-8p,64,True,17,48
N/A,N/A,17:00,Good To Firm (Good In Places),1m,Well Suited (IRE),L. F. Roche,0,T. J. O'Mara,13th,3 1/4 l,7,9-0p,56,True,17,48
N/A,N/A,17:00,Good To Firm (Good In Places),1m,Danceinthevillage (IRE),C. D. Maxwell,0,Mark McNiff,12th,1 1/4 l,4,9-5,61,True,17,48
N/A,N/A,17:00,Good To Firm (Good In Places),1m,Stormie Outlook (IRE),William James Lee,0,E. J. O'Grady,11th,Neck,3,9-4,66,True,17,48
N/A,N/A,17:00,Good To Firm (Good In Places),1m,Cleveleys,Ben Martin Coen,0,Richard John O'Brien,10th,1 3/4 l,4,9-11,67,True,17,48
N/A,N/A,17:00,Good To Firm (Good In Places),1m,You Owe Me Money (IRE),N. G. McCullagh,0,G. O'Leary,9th,3/4 l,4,9-10,66,True,17,48
N/A,N/A,17:00,Good To Firm (Good In Places),1m,Butterfly Island (IRE),C. D. Hayes,0,D. K. Weld,8th,1/2 l,3,9-6t,68,True,17,48
N/A,N/A,17:00,Good To Firm (Good In Places),1m,Wee Pablo (IRE),R. M. Mulligan,10,Patrick Martin,7th,1/2 l,5,9-13t,69,True,17,48
N/A,N/A,17:00,Good To Firm (Good In Places),1m,Leabaland (IRE),C. T. Keane,0,M. M. Lynch,6th,3/4 l,5,9-7b,63,True,17,48
N/A,N/A,17:00,Good To Firm (Good In Places),1m,Shona Mea (IRE),Shane Foley,0,Mrs J. Harrington,5th,Neck,5,9-9p,65,True,17,48
N/A,N/A,17:00,Good To Firm (Good In Places),1m,Inchiquin Star (IRE),Seamie Heffernan,0,David Marnane,4th,Nose,3,9-12b,74,True,17,48
N/A,N/A,17:00,Good To Firm (Good In Places),1m,Super Cub,J. M. Sheridan,3,Denis Hogan,3rd,1 1/4 l,3,9-4b,66,True,17,48
N/A,N/A,17:00,Good To Firm (Good In Places),1m,Monzoon,J. Coen,5,Ross O'Sullivan,2nd,1 1/2 l,5,10-6,76,True,17,48
N/A,N/A,17:00,Good To Firm (Good In Places),1m,The Blue Panther (IRE),G. F. Carroll,0,Michael Mulvany,1st,N/A,4,9-11tp1,67,True,17,48
N/A,N/A,17:30,Good To Firm (Good In Places),1m 6f,Shadow Analysis (USA),William James Lee,0,W. McCreery,PU,N/A,4,9-4,-,True,17,49
N/A,N/A,17:30,Good To Firm (Good In Places),1m 6f,Surviving Murmansk (IRE),Adrian O'Shea,5,Mrs A. M. O'Shea,11th,Neck,4,9-9b1,-,True,17,49
N/A,N/A,17:30,Good To Firm (Good In Places),1m 6f,Thoughtthatcounts,M. A. Enright,0,Andrew Lee,10th,2 3/4 l,4,9-9h,-,True,17,49
N/A,N/A,17:30,Good To Firm (Good In Places),1m 6f,Raven Rule (IRE),R. P. Whelan,0,W. J. Burke,9th,12 l,7,9-4,-,True,17,49
N/A,N/A,17:30,Good To Firm (Good In Places),1m 6f,Feel Des Mottes (FR),C. Stone-Walsh,10,Miss Elizabeth Doyle,8th,1 l,7,9-9,-,True,17,49
N/A,N/A,17:30,Good To Firm (Good In Places),1m 6f,Douglas Dc (IRE),C. D. Hayes,0,Gordon Elliott,7th,3 1/2 l,4,9-9,-,True,17,49
N/A,N/A,17:30,Good To Firm (Good In Places),1m 6f,Hermine (FR),C. T. Keane,0,W. P. Mullins,6th,Neck,5,9-4,-,True,17,49
N/A,N/A,17:30,Good To Firm (Good In Places),1m 6f,Summer Gale (IRE),T. P. Madden,0,Mrs J. Harrington,5th,3 l,4,9-9,-,True,17,49
N/A,N/A,17:30,Good To Firm (Good In Places),1m 6f,Diamond Union,A. J. Slattery,0,E. J. O'Grady,4th,1/2 l,5,9-9,-,True,17,49
N/A,N/A,17:30,Good To Firm (Good In Places),1m 6f,Influential Lady (IRE),K. J. Manning,0,James M. Barcoe,3rd,2 1/4 l,8,9-4,-,True,17,49
N/A,N/A,17:30,Good To Firm (Good In Places),1m 6f,Pahlavi (IRE),Shane Foley,0,Mrs J. Harrington,2nd,10 l,5,9-9,-,True,17,49
N/A,N/A,17:30,Good To Firm (Good In Places),1m 6f,Zaynudin (IRE),S. M. Crosse,0,Joseph Patrick O'Brien,1st,N/A,4,9-9,-,True,17,49
N/A,N/A,17:30,Good To Firm (Good In Places),1m 6f,Shadow Analysis (USA),William James Lee,0,W. McCreery,PU,N/A,4,9-4,-,True,17,49
N/A,N/A,17:30,Good To Firm (Good In Places),1m 6f,Surviving Murmansk (IRE),Adrian O'Shea,5,Mrs A. M. O'Shea,11th,Neck,4,9-9b1,-,True,17,49
N/A,N/A,17:30,Good To Firm (Good In Places),1m 6f,Thoughtthatcounts,M. A. Enright,0,Andrew Lee,10th,2 3/4 l,4,9-9h,-,True,17,49
N/A,N/A,17:30,Good To Firm (Good In Places),1m 6f,Raven Rule (IRE),R. P. Whelan,0,W. J. Burke,9th,12 l,7,9-4,-,True,17,49
N/A,N/A,17:30,Good To Firm (Good In Places),1m 6f,Feel Des Mottes (FR),C. Stone-Walsh,10,Miss Elizabeth Doyle,8th,1 l,7,9-9,-,True,17,49
N/A,N/A,17:30,Good To Firm (Good In Places),1m 6f,Douglas Dc (IRE),C. D. Hayes,0,Gordon Elliott,7th,3 1/2 l,4,9-9,-,True,17,49
N/A,N/A,17:30,Good To Firm (Good In Places),1m 6f,Hermine (FR),C. T. Keane,0,W. P. Mullins,6th,Neck,5,9-4,-,True,17,49
N/A,N/A,17:30,Good To Firm (Good In Places),1m 6f,Summer Gale (IRE),T. P. Madden,0,Mrs J. Harrington,5th,3 l,4,9-9,-,True,17,49
N/A,N/A,17:30,Good To Firm (Good In Places),1m 6f,Diamond Union,A. J. Slattery,0,E. J. O'Grady,4th,1/2 l,5,9-9,-,True,17,49
N/A,N/A,17:30,Good To Firm (Good In Places),1m 6f,Influential Lady (IRE),K. J. Manning,0,James M. Barcoe,3rd,2 1/4 l,8,9-4,-,True,17,49
N/A,N/A,17:30,Good To Firm (Good In Places),1m 6f,Pahlavi (IRE),Shane Foley,0,Mrs J. Harrington,2nd,10 l,5,9-9,-,True,17,49
N/A,N/A,17:30,Good To Firm (Good In Places),1m 6f,Zaynudin (IRE),S. M. Crosse,0,Joseph Patrick O'Brien,1st,N/A,4,9-9,-,True,17,49
Clonmel Racing Results | 1st September 2022 16:20,N/A,16:20,Good,1m 1f 136y,Carnival Girl,C. J. MacRedmond,5,Adrian McGuinness,7th,1 1/2 l,3,9-3b,-,True,17,50
Clonmel Racing Results | 1st September 2022 16:20,N/A,16:20,Good,1m 1f 136y,Santa Catarina,Seamie Heffernan,0,W. P. Browne,6th,1/2 l,3,9-3,-,True,17,50
Clonmel Racing Results | 1st September 2022 16:20,N/A,16:20,Good,1m 1f 136y,A Shin Undine (IRE),Ben Martin Coen,5,J. A. Stack,5th,1 1/4 l,3,9-3,-,True,17,50
Clonmel Racing Results | 1st September 2022 16:20,N/A,16:20,Good,1m 1f 136y,Livia Celeste (IRE),H. J. Horgan,7,Joseph Patrick O'Brien,4th,1 1/2 l,3,9-3,-,True,17,50
Clonmel Racing Results | 1st September 2022 16:20,N/A,16:20,Good,1m 1f 136y,Any Dream Will Do (IRE),William James Lee,0,W. McCreery,3rd,1/2 l,3,9-3,-,True,17,50
Clonmel Racing Results | 1st September 2022 16:20,N/A,16:20,Good,1m 1f 136y,Three Laws (IRE),S. McCullagh,3,Mrs J. Harrington,2nd,2 1/4 l,3,9-3p1,-,True,17,50
Clonmel Racing Results | 1st September 2022 16:20,N/A,16:20,Good,1m 1f 136y,Silent Prayer,C. D. Hayes,0,D. K. Weld,1st,N/A,3,9-3v1,-,True,17,50
Clonmel Racing Results | 1st September 2022 16:20,N/A,16:20,Good,1m 1f 136y,Carnival Girl,C. J. MacRedmond,5,Adrian McGuinness,7th,1 1/2 l,3,9-3b,-,True,17,50
Clonmel Racing Results | 1st September 2022 16:20,N/A,16:20,Good,1m 1f 136y,Santa Catarina,Seamie Heffernan,0,W. P. Browne,6th,1/2 l,3,9-3,-,True,17,50
Clonmel Racing Results | 1st September 2022 16:20,N/A,16:20,Good,1m 1f 136y,A Shin Undine (IRE),Ben Martin Coen,5,J. A. Stack,5th,1 1/4 l,3,9-3,-,True,17,50
Clonmel Racing Results | 1st September 2022 16:20,N/A,16:20,Good,1m 1f 136y,Livia Celeste (IRE),H. J. Horgan,7,Joseph Patrick O'Brien,4th,1 1/2 l,3,9-3,-,True,17,50
Clonmel Racing Results | 1st September 2022 16:20,N/A,16:20,Good,1m 1f 136y,Any Dream Will Do (IRE),William James Lee,0,W. McCreery,3rd,1/2 l,3,9-3,-,True,17,50
Clonmel Racing Results | 1st September 2022 16:20,N/A,16:20,Good,1m 1f 136y,Three Laws (IRE),S. McCullagh,3,Mrs J. Harrington,2nd,2 1/4 l,3,9-3p1,-,True,17,50
Clonmel Racing Results | 1st September 2022 16:20,N/A,16:20,Good,1m 1f 136y,Silent Prayer,C. D. Hayes,0,D. K. Weld,1st,N/A,3,9-3v1,-,True,17,50
