track_name,race_date,race_time,going,distance,horse_name,jockey,claims,trainer,race_position,lost_by_length,age,weight,rating,first_place_found,batch_number,url_index_in_batch
N/A,N/A,15:20,Soft,2m,Lossiemouth (FR),D E Mullins,0,W P Mullins,F,N/A,6,11-5,-,True,161,1
N/A,N/A,15:20,Soft,2m,Fils D'oudairies (FR),Sam Ewing,0,G Elliott,4th,13 l,10,11-12,-,True,161,1
N/A,N/A,15:20,Soft,2m,Winter Fog (IRE),Mr P W Mullins,0,W P Mullins,3rd,9 l,11,11-12,-,True,161,1
N/A,N/A,15:20,Soft,2m,Daddy Long Legs (FR),S F O'Keeffe,0,W P Mullins,2nd,6 1/2 l,6,11-12,-,True,161,1
N/A,N/A,15:20,Soft,2m,State Man (FR),P Townend,0,W P Mullins,1st,N/A,8,11-12,-,True,161,1
N/A,N/A,15:20,Soft,2m,Lossiemouth (FR),D E Mullins,0,W P Mullins,F,N/A,6,11-5,-,True,161,1
N/A,N/A,15:20,Soft,2m,Fils D'oudairies (FR),Sam Ewing,0,G Elliott,4th,13 l,10,11-12,-,True,161,1
N/A,N/A,15:20,Soft,2m,Winter Fog (IRE),Mr P W Mullins,0,W P Mullins,3rd,9 l,11,11-12,-,True,161,1
N/A,N/A,15:20,Soft,2m,Daddy Long Legs (FR),S F O'Keeffe,0,W P Mullins,2nd,6 1/2 l,6,11-12,-,True,161,1
N/A,N/A,15:20,Soft,2m,State Man (FR),P Townend,0,W P Mullins,1st,N/A,8,11-12,-,True,161,1
N/A,N/A,15:50,Soft,2m,Enniskerry (IRE),S W Flanagan,0,B Connell,NR,N/A,11,11-8t,140,True,161,2
N/A,N/A,15:50,Soft,2m,James's Gate (IRE),Mr D O'Connor,0,M Brassil,NR,N/A,8,11-4t,136,True,161,2
N/A,N/A,15:50,Soft,2m,Grimaud (FR),D J Gilligan,0,G Elliott,NR,N/A,5,10-5,123,True,161,2
N/A,N/A,15:50,Soft,2m,Strutter (FR),Non Runner,0,W P Mullins,NR,N/A,6,10-0h,118,True,161,2
N/A,N/A,15:50,Soft,2m,Brave Troop (IRE),A Harvey,5,C Byrnes,PU,N/A,6,10-7,125,True,161,2
N/A,N/A,15:50,Soft,2m,Batman Girac (FR),J J Slevin,0,W P Mullins,F,N/A,5,10-11ht,129,True,161,2
N/A,N/A,15:50,Soft,2m,Relieved Of Duties (IRE),J C Gainford,0,G Elliott,16th,9 l,6,11-2,134,True,161,2
N/A,N/A,15:50,Soft,2m,Beckett Rock (IRE),Rachael Blackmore,0,H De Bromhead,15th,1/2 l,6,11-4,136,True,161,2
N/A,N/A,15:50,Soft,2m,Little Mixup (IRE),C M Quirke,5,D Hogan,14th,8 l,8,10-4,122,True,161,2
N/A,N/A,15:50,Soft,2m,Highwind (FR),B Hayes,0,W P Mullins,13th,15 l,5,10-10,128,True,161,2
N/A,N/A,15:50,Soft,2m,Stormbreaker,D E Mullins,0,W P Mullins,12th,2 l,6,10-6ht1,124,True,161,2
N/A,N/A,15:50,Soft,2m,Lord Erskine (IRE),P T Enright,0,H Rogers,11th,1 3/4 l,12,10-11b,129,True,161,2
N/A,N/A,15:50,Soft,2m,The Enabler (IRE),Sam Ewing,0,G Elliott,10th,1 3/4 l,6,10-12,130,True,161,2
N/A,N/A,15:50,Soft,2m,Aspire Tower (IRE),D J O'Keeffe,0,H De Bromhead,9th,3/4 l,9,11-12,144,True,161,2
N/A,N/A,15:50,Soft,2m,Aeros Luck (IRE),C Stone-Walsh,5,G P Cromwell,8th,1 3/4 l,6,10-9ht,127,True,161,2
N/A,N/A,15:50,Soft,2m,Tounsivator (FR),M J M O'Sullivan,0,W P Mullins,7th,4 3/4 l,6,11-11,143,True,161,2
N/A,N/A,15:50,Soft,2m,Cappucino (IRE),R Deegan,0,Liz Doyle,6th,1/2 l,6,10-21,120,True,161,2
N/A,N/A,15:50,Soft,2m,Any Road (IRE),M M McDonagh,0,E J O'Grady,5th,10 l,8,11-0,132,True,161,2
N/A,N/A,15:50,Soft,2m,Ol Man Dingle (IRE),R A Doyle,0,E Griffin,4th,2 1/2 l,6,11-2t,134,True,161,2
N/A,N/A,15:50,Soft,2m,Irish Panther,Cian Cullinan,7,E & P Harty,3rd,Head,8,10-1h1,119,True,161,2
N/A,N/A,15:50,Soft,2m,Storm Heart (FR),P Townend,0,W P Mullins,2nd,1 l,5,11-8,140,True,161,2
N/A,N/A,15:50,Soft,2m,Mclaurey (IRE),M P Walsh,0,E Mullins,1st,N/A,6,10-2,120,True,161,2
N/A,N/A,15:50,Soft,2m,Enniskerry (IRE),S W Flanagan,0,B Connell,NR,N/A,11,11-8t,140,True,161,2
N/A,N/A,15:50,Soft,2m,James's Gate (IRE),Mr D O'Connor,0,M Brassil,NR,N/A,8,11-4t,136,True,161,2
N/A,N/A,15:50,Soft,2m,Grimaud (FR),D J Gilligan,0,G Elliott,NR,N/A,5,10-5,123,True,161,2
N/A,N/A,15:50,Soft,2m,Strutter (FR),Non Runner,0,W P Mullins,NR,N/A,6,10-0h,118,True,161,2
N/A,N/A,15:50,Soft,2m,Brave Troop (IRE),A Harvey,5,C Byrnes,PU,N/A,6,10-7,125,True,161,2
N/A,N/A,15:50,Soft,2m,Batman Girac (FR),J J Slevin,0,W P Mullins,F,N/A,5,10-11ht,129,True,161,2
N/A,N/A,15:50,Soft,2m,Relieved Of Duties (IRE),J C Gainford,0,G Elliott,16th,9 l,6,11-2,134,True,161,2
N/A,N/A,15:50,Soft,2m,Beckett Rock (IRE),Rachael Blackmore,0,H De Bromhead,15th,1/2 l,6,11-4,136,True,161,2
N/A,N/A,15:50,Soft,2m,Little Mixup (IRE),C M Quirke,5,D Hogan,14th,8 l,8,10-4,122,True,161,2
N/A,N/A,15:50,Soft,2m,Highwind (FR),B Hayes,0,W P Mullins,13th,15 l,5,10-10,128,True,161,2
N/A,N/A,15:50,Soft,2m,Stormbreaker,D E Mullins,0,W P Mullins,12th,2 l,6,10-6ht1,124,True,161,2
N/A,N/A,15:50,Soft,2m,Lord Erskine (IRE),P T Enright,0,H Rogers,11th,1 3/4 l,12,10-11b,129,True,161,2
N/A,N/A,15:50,Soft,2m,The Enabler (IRE),Sam Ewing,0,G Elliott,10th,1 3/4 l,6,10-12,130,True,161,2
N/A,N/A,15:50,Soft,2m,Aspire Tower (IRE),D J O'Keeffe,0,H De Bromhead,9th,3/4 l,9,11-12,144,True,161,2
N/A,N/A,15:50,Soft,2m,Aeros Luck (IRE),C Stone-Walsh,5,G P Cromwell,8th,1 3/4 l,6,10-9ht,127,True,161,2
N/A,N/A,15:50,Soft,2m,Tounsivator (FR),M J M O'Sullivan,0,W P Mullins,7th,4 3/4 l,6,11-11,143,True,161,2
N/A,N/A,15:50,Soft,2m,Cappucino (IRE),R Deegan,0,Liz Doyle,6th,1/2 l,6,10-21,120,True,161,2
N/A,N/A,15:50,Soft,2m,Any Road (IRE),M M McDonagh,0,E J O'Grady,5th,10 l,8,11-0,132,True,161,2
N/A,N/A,15:50,Soft,2m,Ol Man Dingle (IRE),R A Doyle,0,E Griffin,4th,2 1/2 l,6,11-2t,134,True,161,2
N/A,N/A,15:50,Soft,2m,Irish Panther,Cian Cullinan,7,E & P Harty,3rd,Head,8,10-1h1,119,True,161,2
N/A,N/A,15:50,Soft,2m,Storm Heart (FR),P Townend,0,W P Mullins,2nd,1 l,5,11-8,140,True,161,2
N/A,N/A,15:50,Soft,2m,Mclaurey (IRE),M P Walsh,0,E Mullins,1st,N/A,6,10-2,120,True,161,2
N/A,N/A,16:25,Soft,2m,Oh Janey (IRE),Mr S Connor,0,S R B Crawford,NR,N/A,5,11-7,-,True,161,3
N/A,N/A,16:25,Soft,2m,Shesakindofmagic (IRE),Miss A B O'Connor,0,A McCann,10th,5 l,7,11-7,-,True,161,3
N/A,N/A,16:25,Soft,2m,Glannagaullitehous (IRE),Mr A P Ryan,0,Jonathan Sweeney,9th,36 l,6,11-7,-,True,161,3
N/A,N/A,16:25,Soft,2m,Cameletta Vega (IRE),Mr D G Lavery,0,W P Mullins,8th,23 l,6,11-7,-,True,161,3
N/A,N/A,16:25,Soft,2m,Blue Velvet (IRE),Mr H C Swan,0,W P Mullins,7th,Nose,5,11-7,-,True,161,3
N/A,N/A,16:25,Soft,2m,Churchfield Sunset (IRE),Mr J L Gleeson,0,E Mullins,6th,1 3/4 l,5,11-11t1,-,True,161,3
N/A,N/A,16:25,Soft,2m,Future Prospect (IRE),Mr P W Mullins,0,W P Mullins,5th,7 l,5,11-7,-,True,161,3
N/A,N/A,16:25,Soft,2m,Amen Kate (IRE),Mr F Maguire,0,T Cooper,4th,5 l,5,11-7,-,True,161,3
N/A,N/A,16:25,Soft,2m,Carrigmoornaspruce (IRE),Mr D L Queally,0,D Queally,3rd,6 l,5,11-7,-,True,161,3
N/A,N/A,16:25,Soft,2m,Switch From Diesel (IRE),Mr R W Barron,0,R O'Sullivan,2nd,7 1/2 l,6,11-7,-,True,161,3
N/A,N/A,16:25,Soft,2m,Bambino Fever (IRE),Miss J Townend,0,W P Mullins,1st,N/A,5,11-7,-,True,161,3
N/A,N/A,16:25,Soft,2m,Oh Janey (IRE),Mr S Connor,0,S R B Crawford,NR,N/A,5,11-7,-,True,161,3
N/A,N/A,16:25,Soft,2m,Shesakindofmagic (IRE),Miss A B O'Connor,0,A McCann,10th,5 l,7,11-7,-,True,161,3
N/A,N/A,16:25,Soft,2m,Glannagaullitehous (IRE),Mr A P Ryan,0,Jonathan Sweeney,9th,36 l,6,11-7,-,True,161,3
N/A,N/A,16:25,Soft,2m,Cameletta Vega (IRE),Mr D G Lavery,0,W P Mullins,8th,23 l,6,11-7,-,True,161,3
N/A,N/A,16:25,Soft,2m,Blue Velvet (IRE),Mr H C Swan,0,W P Mullins,7th,Nose,5,11-7,-,True,161,3
N/A,N/A,16:25,Soft,2m,Churchfield Sunset (IRE),Mr J L Gleeson,0,E Mullins,6th,1 3/4 l,5,11-11t1,-,True,161,3
N/A,N/A,16:25,Soft,2m,Future Prospect (IRE),Mr P W Mullins,0,W P Mullins,5th,7 l,5,11-7,-,True,161,3
N/A,N/A,16:25,Soft,2m,Amen Kate (IRE),Mr F Maguire,0,T Cooper,4th,5 l,5,11-7,-,True,161,3
N/A,N/A,16:25,Soft,2m,Carrigmoornaspruce (IRE),Mr D L Queally,0,D Queally,3rd,6 l,5,11-7,-,True,161,3
N/A,N/A,16:25,Soft,2m,Switch From Diesel (IRE),Mr R W Barron,0,R O'Sullivan,2nd,7 1/2 l,6,11-7,-,True,161,3
N/A,N/A,16:25,Soft,2m,Bambino Fever (IRE),Miss J Townend,0,W P Mullins,1st,N/A,5,11-7,-,True,161,3
N/A,N/A,13:00,Heavy,3m 193y,Longhouse Poet (IRE),Mr D O'Connor,0,M Brassil,NR,N/A,11,11-11tp,-,True,161,4
N/A,N/A,13:00,Heavy,3m 193y,Western Comandor (IRE),S Fitzgerald,0,E Bolger,UR,N/A,7,11-4tb1,-,True,161,4
N/A,N/A,13:00,Heavy,3m 193y,Handsworth (IRE),C G O'Dwyer,5,J P Dempsey,PU,N/A,10,11-4,-,True,161,4
N/A,N/A,13:00,Heavy,3m 193y,Cavalry Master (IRE),S F O'Keeffe,0,Peter Maher,13th,16 l,11,11-4,-,True,161,4
N/A,N/A,13:00,Heavy,3m 193y,I A Connect (IRE),Miss T Quail,7,Miss E McCutcheon,12th,8 1/2 l,10,11-11t1,-,True,161,4
N/A,N/A,13:00,Heavy,3m 193y,Born By The Sea (IRE),J G Gilligan,5,P J Gilligan,11th,1/2 l,11,11-4,-,True,161,4
N/A,N/A,13:00,Heavy,3m 193y,Well Buoy (IRE),D J O'Keeffe,0,E Bolger,10th,12 l,6,11-4,-,True,161,4
N/A,N/A,13:00,Heavy,3m 193y,Gevrey (FR),Sam Ewing,0,G Elliott,9th,1/2 l,9,11-11p,-,True,161,4
N/A,N/A,13:00,Heavy,3m 193y,Knockiel Synge (IRE),R A Doyle,0,P Flood,8th,12 l,11,11-11t,-,True,161,4
N/A,N/A,13:00,Heavy,3m 193y,Enjoy D'allen (FR),E Walsh,0,Ciaran Murphy,7th,1 1/4 l,11,11-4p,-,True,161,4
N/A,N/A,13:00,Heavy,3m 193y,Three By Two (IRE),R Deegan,0,D P Murphy,6th,12 l,9,11-7p,-,True,161,4
N/A,N/A,13:00,Heavy,3m 193y,The Goffer (IRE),J C Gainford,0,G Elliott,5th,5 l,8,11-11t,-,True,161,4
N/A,N/A,13:00,Heavy,3m 193y,Chemical Energy (IRE),K C Sexton,0,G Elliott,4th,8 l,9,11-4,-,True,161,4
N/A,N/A,13:00,Heavy,3m 193y,Stealthy Tom (IRE),S D Torrens,0,E Bolger,3rd,1/2 l,10,12-0p,-,True,161,4
N/A,N/A,13:00,Heavy,3m 193y,Coko Beach (FR),J S McGarvey,0,G Elliott,2nd,18 l,10,12-0b,-,True,161,4
N/A,N/A,13:00,Heavy,3m 193y,Vanillier (FR),K M Donoghue,0,G P Cromwell,1st,N/A,10,11-4tb1,-,True,161,4
N/A,N/A,13:00,Heavy,3m 193y,Longhouse Poet (IRE),Mr D O'Connor,0,M Brassil,NR,N/A,11,11-11tp,-,True,161,4
N/A,N/A,13:00,Heavy,3m 193y,Western Comandor (IRE),S Fitzgerald,0,E Bolger,UR,N/A,7,11-4tb1,-,True,161,4
N/A,N/A,13:00,Heavy,3m 193y,Handsworth (IRE),C G O'Dwyer,5,J P Dempsey,PU,N/A,10,11-4,-,True,161,4
N/A,N/A,13:00,Heavy,3m 193y,Cavalry Master (IRE),S F O'Keeffe,0,Peter Maher,13th,16 l,11,11-4,-,True,161,4
N/A,N/A,13:00,Heavy,3m 193y,I A Connect (IRE),Miss T Quail,7,Miss E McCutcheon,12th,8 1/2 l,10,11-11t1,-,True,161,4
N/A,N/A,13:00,Heavy,3m 193y,Born By The Sea (IRE),J G Gilligan,5,P J Gilligan,11th,1/2 l,11,11-4,-,True,161,4
N/A,N/A,13:00,Heavy,3m 193y,Well Buoy (IRE),D J O'Keeffe,0,E Bolger,10th,12 l,6,11-4,-,True,161,4
N/A,N/A,13:00,Heavy,3m 193y,Gevrey (FR),Sam Ewing,0,G Elliott,9th,1/2 l,9,11-11p,-,True,161,4
N/A,N/A,13:00,Heavy,3m 193y,Knockiel Synge (IRE),R A Doyle,0,P Flood,8th,12 l,11,11-11t,-,True,161,4
N/A,N/A,13:00,Heavy,3m 193y,Enjoy D'allen (FR),E Walsh,0,Ciaran Murphy,7th,1 1/4 l,11,11-4p,-,True,161,4
N/A,N/A,13:00,Heavy,3m 193y,Three By Two (IRE),R Deegan,0,D P Murphy,6th,12 l,9,11-7p,-,True,161,4
N/A,N/A,13:00,Heavy,3m 193y,The Goffer (IRE),J C Gainford,0,G Elliott,5th,5 l,8,11-11t,-,True,161,4
N/A,N/A,13:00,Heavy,3m 193y,Chemical Energy (IRE),K C Sexton,0,G Elliott,4th,8 l,9,11-4,-,True,161,4
N/A,N/A,13:00,Heavy,3m 193y,Stealthy Tom (IRE),S D Torrens,0,E Bolger,3rd,1/2 l,10,12-0p,-,True,161,4
N/A,N/A,13:00,Heavy,3m 193y,Coko Beach (FR),J S McGarvey,0,G Elliott,2nd,18 l,10,12-0b,-,True,161,4
N/A,N/A,13:00,Heavy,3m 193y,Vanillier (FR),K M Donoghue,0,G P Cromwell,1st,N/A,10,11-4tb1,-,True,161,4
N/A,N/A,13:30,Heavy,2m 6f 9y,Western Zara (IRE),R Deegan,0,P Nolan,UR,N/A,9,11-7,125,True,161,5
N/A,N/A,13:30,Heavy,2m 6f 9y,Queen Jane (IRE),D J O'Keeffe,0,H De Bromhead,7th,8 l,9,11-13t,131,True,161,5
N/A,N/A,13:30,Heavy,2m 6f 9y,Sea Aster (IRE),C P Millar,5,G Elliott,6th,2 3/4 l,7,10-10p,114,True,161,5
N/A,N/A,13:30,Heavy,2m 6f 9y,Splashing Out (IRE),S D Torrens,0,E Griffin,5th,7 1/2 l,7,10-11p,115,True,161,5
N/A,N/A,13:30,Heavy,2m 6f 9y,Tankardstown Diva (IRE),Caragh Monaghan,0,Ian Donoghue,4th,6 l,6,10-0,102,True,161,5
N/A,N/A,13:30,Heavy,2m 6f 9y,Music Of Tara,Sam Ewing,0,G Elliott,3rd,1/2 l,8,11-10tp,128,True,161,5
N/A,N/A,13:30,Heavy,2m 6f 9y,Sainte Dona (FR),T Joseph Kelly,7,T Cooper,2nd,1 1/2 l,8,10-13,117,True,161,5
N/A,N/A,13:30,Heavy,2m 6f 9y,Theonewedreamof (IRE),C Stone-Walsh,5,G P Cromwell,1st,N/A,6,10-3,107,True,161,5
N/A,N/A,13:30,Heavy,2m 6f 9y,Western Zara (IRE),R Deegan,0,P Nolan,UR,N/A,9,11-7,125,True,161,5
N/A,N/A,13:30,Heavy,2m 6f 9y,Queen Jane (IRE),D J O'Keeffe,0,H De Bromhead,7th,8 l,9,11-13t,131,True,161,5
N/A,N/A,13:30,Heavy,2m 6f 9y,Sea Aster (IRE),C P Millar,5,G Elliott,6th,2 3/4 l,7,10-10p,114,True,161,5
N/A,N/A,13:30,Heavy,2m 6f 9y,Splashing Out (IRE),S D Torrens,0,E Griffin,5th,7 1/2 l,7,10-11p,115,True,161,5
N/A,N/A,13:30,Heavy,2m 6f 9y,Tankardstown Diva (IRE),Caragh Monaghan,0,Ian Donoghue,4th,6 l,6,10-0,102,True,161,5
N/A,N/A,13:30,Heavy,2m 6f 9y,Music Of Tara,Sam Ewing,0,G Elliott,3rd,1/2 l,8,11-10tp,128,True,161,5
N/A,N/A,13:30,Heavy,2m 6f 9y,Sainte Dona (FR),T Joseph Kelly,7,T Cooper,2nd,1 1/2 l,8,10-13,117,True,161,5
N/A,N/A,13:30,Heavy,2m 6f 9y,Theonewedreamof (IRE),C Stone-Walsh,5,G P Cromwell,1st,N/A,6,10-3,107,True,161,5
N/A,N/A,14:00,Heavy,2m 44y,Glory Sky (IRE),L Quinlan,3,R Hackett,22nd,7 1/2 l,5,11-5,-,True,161,6
N/A,N/A,14:00,Heavy,2m 44y,Anni Day Now (IRE),Niall Moore,7,Frank Hayes,21st,18 l,7,11-5,-,True,161,6
N/A,N/A,14:00,Heavy,2m 44y,Vallon Du Plessis (FR),Mr I Ryan,7,Tom Dreaper,20th,6 1/2 l,5,11-12t,-,True,161,6
N/A,N/A,14:00,Heavy,2m 44y,Sean Mc (IRE),J P O'Sullivan,0,P Nolan,19th,2 1/2 l,5,11-12,-,True,161,6
N/A,N/A,14:00,Heavy,2m 44y,Glin Road Dream (IRE),P Byrnes,0,C Byrnes,18th,Short Head,6,11-12,-,True,161,6
N/A,N/A,14:00,Heavy,2m 44y,Summer Is Here (IRE),D Robinson,0,P J Rothwell,17th,3/4 l,5,11-12,-,True,161,6
N/A,N/A,14:00,Heavy,2m 44y,Dangerous Dan (IRE),S F O'Keeffe,0,Bernard Crowley,16th,Neck,5,11-12,-,True,161,6
N/A,N/A,14:00,Heavy,2m 44y,Seeyouatpuck (IRE),G Brouder,3,P McCreery,15th,1 1/2 l,6,11-12,-,True,161,6
N/A,N/A,14:00,Heavy,2m 44y,Give Him A Chance (IRE),T Power Roche,5,P J Rothwell,14th,1 1/2 l,6,11-12,-,True,161,6
N/A,N/A,14:00,Heavy,2m 44y,Amber Point (IRE),J C Gainford,0,G Elliott,13th,5 1/2 l,5,11-12,-,True,161,6
N/A,N/A,14:00,Heavy,2m 44y,Prince Inger (FR),S D Torrens,0,P J Rothwell,12th,2 l,5,11-12,-,True,161,6
N/A,N/A,14:00,Heavy,2m 44y,Kinturk Maggie (IRE),Sarah Kavanagh,7,T Gibney,11th,4 3/4 l,5,11-5,-,True,161,6
N/A,N/A,14:00,Heavy,2m 44y,Nelsons Dawn (IRE),E Walsh,0,E Cawley,10th,1/2 l,6,11-12h1,-,True,161,6
N/A,N/A,14:00,Heavy,2m 44y,Quint Major (IRE),L A McKenna,5,M A Molloy,9th,Short Head,7,11-12,-,True,161,6
N/A,N/A,14:00,Heavy,2m 44y,Fool Me Once (IRE),K M Donoghue,0,G P Cromwell,8th,6 l,5,11-12,-,True,161,6
N/A,N/A,14:00,Heavy,2m 44y,Washington Parks (IRE),H Morgan,0,Bernard Crowley,7th,2 1/2 l,6,11-12,-,True,161,6
N/A,N/A,14:00,Heavy,2m 44y,Free Flow (USA),D Meyler,0,R O'Sullivan,6th,4 1/2 l,5,11-12,-,True,161,6
N/A,N/A,14:00,Heavy,2m 44y,The Man's Room (IRE),R A Berry,7,Colm Murphy,5th,3 l,5,11-12,-,True,161,6
N/A,N/A,14:00,Heavy,2m 44y,Small Doses (IRE),R Deegan,0,P Nolan,4th,1/2 l,5,11-12,-,True,161,6
N/A,N/A,14:00,Heavy,2m 44y,Dont Tell Jack (IRE),M P Walsh,0,J P O'Brien,3rd,5 l,5,11-12,-,True,161,6
N/A,N/A,14:00,Heavy,2m 44y,Kainsbourg (FR),J S McGarvey,0,G Elliott,2nd,10 l,5,11-12,-,True,161,6
N/A,N/A,14:00,Heavy,2m 44y,Ethical Diamond (IRE),P Townend,0,W P Mullins,1st,N/A,5,11-12h,-,True,161,6
N/A,N/A,14:00,Heavy,2m 44y,Glory Sky (IRE),L Quinlan,3,R Hackett,22nd,7 1/2 l,5,11-5,-,True,161,6
N/A,N/A,14:00,Heavy,2m 44y,Anni Day Now (IRE),Niall Moore,7,Frank Hayes,21st,18 l,7,11-5,-,True,161,6
N/A,N/A,14:00,Heavy,2m 44y,Vallon Du Plessis (FR),Mr I Ryan,7,Tom Dreaper,20th,6 1/2 l,5,11-12t,-,True,161,6
N/A,N/A,14:00,Heavy,2m 44y,Sean Mc (IRE),J P O'Sullivan,0,P Nolan,19th,2 1/2 l,5,11-12,-,True,161,6
N/A,N/A,14:00,Heavy,2m 44y,Glin Road Dream (IRE),P Byrnes,0,C Byrnes,18th,Short Head,6,11-12,-,True,161,6
N/A,N/A,14:00,Heavy,2m 44y,Summer Is Here (IRE),D Robinson,0,P J Rothwell,17th,3/4 l,5,11-12,-,True,161,6
N/A,N/A,14:00,Heavy,2m 44y,Dangerous Dan (IRE),S F O'Keeffe,0,Bernard Crowley,16th,Neck,5,11-12,-,True,161,6
N/A,N/A,14:00,Heavy,2m 44y,Seeyouatpuck (IRE),G Brouder,3,P McCreery,15th,1 1/2 l,6,11-12,-,True,161,6
N/A,N/A,14:00,Heavy,2m 44y,Give Him A Chance (IRE),T Power Roche,5,P J Rothwell,14th,1 1/2 l,6,11-12,-,True,161,6
N/A,N/A,14:00,Heavy,2m 44y,Amber Point (IRE),J C Gainford,0,G Elliott,13th,5 1/2 l,5,11-12,-,True,161,6
N/A,N/A,14:00,Heavy,2m 44y,Prince Inger (FR),S D Torrens,0,P J Rothwell,12th,2 l,5,11-12,-,True,161,6
N/A,N/A,14:00,Heavy,2m 44y,Kinturk Maggie (IRE),Sarah Kavanagh,7,T Gibney,11th,4 3/4 l,5,11-5,-,True,161,6
N/A,N/A,14:00,Heavy,2m 44y,Nelsons Dawn (IRE),E Walsh,0,E Cawley,10th,1/2 l,6,11-12h1,-,True,161,6
N/A,N/A,14:00,Heavy,2m 44y,Quint Major (IRE),L A McKenna,5,M A Molloy,9th,Short Head,7,11-12,-,True,161,6
N/A,N/A,14:00,Heavy,2m 44y,Fool Me Once (IRE),K M Donoghue,0,G P Cromwell,8th,6 l,5,11-12,-,True,161,6
N/A,N/A,14:00,Heavy,2m 44y,Washington Parks (IRE),H Morgan,0,Bernard Crowley,7th,2 1/2 l,6,11-12,-,True,161,6
N/A,N/A,14:00,Heavy,2m 44y,Free Flow (USA),D Meyler,0,R O'Sullivan,6th,4 1/2 l,5,11-12,-,True,161,6
N/A,N/A,14:00,Heavy,2m 44y,The Man's Room (IRE),R A Berry,7,Colm Murphy,5th,3 l,5,11-12,-,True,161,6
N/A,N/A,14:00,Heavy,2m 44y,Small Doses (IRE),R Deegan,0,P Nolan,4th,1/2 l,5,11-12,-,True,161,6
N/A,N/A,14:00,Heavy,2m 44y,Dont Tell Jack (IRE),M P Walsh,0,J P O'Brien,3rd,5 l,5,11-12,-,True,161,6
N/A,N/A,14:00,Heavy,2m 44y,Kainsbourg (FR),J S McGarvey,0,G Elliott,2nd,10 l,5,11-12,-,True,161,6
N/A,N/A,14:00,Heavy,2m 44y,Ethical Diamond (IRE),P Townend,0,W P Mullins,1st,N/A,5,11-12h,-,True,161,6
N/A,N/A,14:30,Heavy,2m 3f 92y,Queen Of Seduction (IRE),Miss A Hourigan,7,G T Hourigan,F,N/A,6,11-5,-,True,161,7
N/A,N/A,14:30,Heavy,2m 3f 92y,Pirate Island (IRE),Niall Moore,7,P Fenton,F,N/A,7,11-12,-,True,161,7
N/A,N/A,14:30,Heavy,2m 3f 92y,Hills Of Glory (IRE),K M Donoghue,0,G P Cromwell,12th,8 l,8,11-12,-,True,161,7
N/A,N/A,14:30,Heavy,2m 3f 92y,Diamboy Des Carres (FR),J C Gainford,0,S Doyle,11th,3 1/2 l,9,11-12h,-,True,161,7
N/A,N/A,14:30,Heavy,2m 3f 92y,Jokers 'N' Clowns (IRE),A Balfe,7,G P Cromwell,10th,5 l,6,11-5tp1,-,True,161,7
N/A,N/A,14:30,Heavy,2m 3f 92y,Beautiful Chaos (IRE),S R Markey,7,R O'Sullivan,9th,Head,7,11-5,-,True,161,7
N/A,N/A,14:30,Heavy,2m 3f 92y,Lehaunstown,S W Flanagan,0,B Connell,8th,1 3/4 l,7,11-12,-,True,161,7
N/A,N/A,14:30,Heavy,2m 3f 92y,Along The Way,M P Walsh,0,E & P Harty,7th,3 1/4 l,5,11-12t1,-,True,161,7
N/A,N/A,14:30,Heavy,2m 3f 92y,Miss Mini Bee (IRE),S D Torrens,0,P T Foley,6th,1 1/2 l,6,11-5ht1,-,True,161,7
N/A,N/A,14:30,Heavy,2m 3f 92y,Folly Beach,Mr D O'Connor,0,M A Molloy,5th,Neck,7,11-5h,-,True,161,7
N/A,N/A,14:30,Heavy,2m 3f 92y,Stay Gold (IRE),L A McKenna,5,Colm Murphy,4th,1/2 l,6,11-12p1,-,True,161,7
N/A,N/A,14:30,Heavy,2m 3f 92y,Love At Sea (IRE),P T Enright,0,Edward F Power,3rd,6 l,7,11-5,-,True,161,7
N/A,N/A,14:30,Heavy,2m 3f 92y,Johnny Blue (IRE),P Townend,0,W P Mullins,2nd,1 3/4 l,6,11-12,-,True,161,7
N/A,N/A,14:30,Heavy,2m 3f 92y,Drusilla,T Power Roche,5,C Collins,1st,N/A,4,10-7t,-,True,161,7
N/A,N/A,14:30,Heavy,2m 3f 92y,Queen Of Seduction (IRE),Miss A Hourigan,7,G T Hourigan,F,N/A,6,11-5,-,True,161,7
N/A,N/A,14:30,Heavy,2m 3f 92y,Pirate Island (IRE),Niall Moore,7,P Fenton,F,N/A,7,11-12,-,True,161,7
N/A,N/A,14:30,Heavy,2m 3f 92y,Hills Of Glory (IRE),K M Donoghue,0,G P Cromwell,12th,8 l,8,11-12,-,True,161,7
N/A,N/A,14:30,Heavy,2m 3f 92y,Diamboy Des Carres (FR),J C Gainford,0,S Doyle,11th,3 1/2 l,9,11-12h,-,True,161,7
N/A,N/A,14:30,Heavy,2m 3f 92y,Jokers 'N' Clowns (IRE),A Balfe,7,G P Cromwell,10th,5 l,6,11-5tp1,-,True,161,7
N/A,N/A,14:30,Heavy,2m 3f 92y,Beautiful Chaos (IRE),S R Markey,7,R O'Sullivan,9th,Head,7,11-5,-,True,161,7
N/A,N/A,14:30,Heavy,2m 3f 92y,Lehaunstown,S W Flanagan,0,B Connell,8th,1 3/4 l,7,11-12,-,True,161,7
N/A,N/A,14:30,Heavy,2m 3f 92y,Along The Way,M P Walsh,0,E & P Harty,7th,3 1/4 l,5,11-12t1,-,True,161,7
N/A,N/A,14:30,Heavy,2m 3f 92y,Miss Mini Bee (IRE),S D Torrens,0,P T Foley,6th,1 1/2 l,6,11-5ht1,-,True,161,7
N/A,N/A,14:30,Heavy,2m 3f 92y,Folly Beach,Mr D O'Connor,0,M A Molloy,5th,Neck,7,11-5h,-,True,161,7
N/A,N/A,14:30,Heavy,2m 3f 92y,Stay Gold (IRE),L A McKenna,5,Colm Murphy,4th,1/2 l,6,11-12p1,-,True,161,7
N/A,N/A,14:30,Heavy,2m 3f 92y,Love At Sea (IRE),P T Enright,0,Edward F Power,3rd,6 l,7,11-5,-,True,161,7
N/A,N/A,14:30,Heavy,2m 3f 92y,Johnny Blue (IRE),P Townend,0,W P Mullins,2nd,1 3/4 l,6,11-12,-,True,161,7
N/A,N/A,14:30,Heavy,2m 3f 92y,Drusilla,T Power Roche,5,C Collins,1st,N/A,4,10-7t,-,True,161,7
N/A,N/A,15:05,Heavy,2m 3f 92y,Dumb Love (IRE),M J M O'Sullivan,0,Gerard O'Leary,NR,N/A,5,10-10,106,True,161,8
N/A,N/A,15:05,Heavy,2m 3f 92y,Jacob's Ladder (IRE),Sam Ewing,0,G Elliott,NR,N/A,6,11-12,122,True,161,8
N/A,N/A,15:05,Heavy,2m 3f 92y,Birmingham Alabama (IRE),J C Gainford,0,E D Delany,7th,6 l,6,11-3,113,True,161,8
N/A,N/A,15:05,Heavy,2m 3f 92y,Butcher Hollow (IRE),S W Flanagan,0,T Cooper,6th,3 l,6,11-8t,118,True,161,8
N/A,N/A,15:05,Heavy,2m 3f 92y,Jacovec Cavern,D E Mullins,0,P Hennessy,5th,Short Head,6,11-7h,117,True,161,8
N/A,N/A,15:05,Heavy,2m 3f 92y,The Story So Far (IRE),P Byrnes,0,C Byrnes,4th,1 1/4 l,7,11-10v,120,True,161,8
N/A,N/A,15:05,Heavy,2m 3f 92y,Duke Silver (IRE),R Deegan,0,J P O'Brien,3rd,1 3/4 l,5,10-10,106,True,161,8
N/A,N/A,15:05,Heavy,2m 3f 92y,Balko D'ange (FR),Niall Moore,7,P Fenton,2nd,7 l,5,11-12,122,True,161,8
N/A,N/A,15:05,Heavy,2m 3f 92y,Duffys Hodey (IRE),T Power Roche,5,P J Rothwell,1st,N/A,8,10-7p,103,True,161,8
N/A,N/A,15:05,Heavy,2m 3f 92y,Dumb Love (IRE),M J M O'Sullivan,0,Gerard O'Leary,NR,N/A,5,10-10,106,True,161,8
N/A,N/A,15:05,Heavy,2m 3f 92y,Jacob's Ladder (IRE),Sam Ewing,0,G Elliott,NR,N/A,6,11-12,122,True,161,8
N/A,N/A,15:05,Heavy,2m 3f 92y,Birmingham Alabama (IRE),J C Gainford,0,E D Delany,7th,6 l,6,11-3,113,True,161,8
N/A,N/A,15:05,Heavy,2m 3f 92y,Butcher Hollow (IRE),S W Flanagan,0,T Cooper,6th,3 l,6,11-8t,118,True,161,8
N/A,N/A,15:05,Heavy,2m 3f 92y,Jacovec Cavern,D E Mullins,0,P Hennessy,5th,Short Head,6,11-7h,117,True,161,8
N/A,N/A,15:05,Heavy,2m 3f 92y,The Story So Far (IRE),P Byrnes,0,C Byrnes,4th,1 1/4 l,7,11-10v,120,True,161,8
N/A,N/A,15:05,Heavy,2m 3f 92y,Duke Silver (IRE),R Deegan,0,J P O'Brien,3rd,1 3/4 l,5,10-10,106,True,161,8
N/A,N/A,15:05,Heavy,2m 3f 92y,Balko D'ange (FR),Niall Moore,7,P Fenton,2nd,7 l,5,11-12,122,True,161,8
N/A,N/A,15:05,Heavy,2m 3f 92y,Duffys Hodey (IRE),T Power Roche,5,P J Rothwell,1st,N/A,8,10-7p,103,True,161,8
N/A,N/A,15:40,Heavy,2m 7f 63y,Catch Yourself On (USA),P Hanlon,7,Miss T L Cogan,PU,N/A,6,11-12b1,-,True,161,9
N/A,N/A,15:40,Heavy,2m 7f 63y,Sir Carnegie (IRE),J S McGarvey,0,Miss T L Cogan,PU,N/A,5,11-12,-,True,161,9
N/A,N/A,15:40,Heavy,2m 7f 63y,Lady Mamie (IRE),J G Gilligan,5,P J Gilligan,PU,N/A,5,11-5,-,True,161,9
N/A,N/A,15:40,Heavy,2m 7f 63y,Chardonay (IRE),S W Flanagan,0,L Casey,8th,11 l,6,11-12t1,-,True,161,9
N/A,N/A,15:40,Heavy,2m 7f 63y,Tea In The Park (IRE),M J M O'Sullivan,0,Eamon Courtney,7th,1 1/2 l,5,11-12p1,-,True,161,9
N/A,N/A,15:40,Heavy,2m 7f 63y,Son Of Anarchy (IRE),M P Walsh,0,G Elliott,6th,15 l,6,11-12,-,True,161,9
N/A,N/A,15:40,Heavy,2m 7f 63y,Nowwhatdoyouthink (IRE),L Quinlan,3,R Hackett,5th,39 l,6,11-12t,-,True,161,9
N/A,N/A,15:40,Heavy,2m 7f 63y,Minella Post,D J O'Keeffe,0,T Gibney,4th,8 l,6,11-12,-,True,161,9
N/A,N/A,15:40,Heavy,2m 7f 63y,Prophet's Corner (IRE),Mr D Allen,7,Sean Allen,3rd,1 l,8,11-12,-,True,161,9
N/A,N/A,15:40,Heavy,2m 7f 63y,Flemensface (IRE),R A Doyle,0,E Griffin,2nd,15 l,8,11-12t1,-,True,161,9
N/A,N/A,15:40,Heavy,2m 7f 63y,Argento Boy (IRE),P Townend,0,W P Mullins,1st,N/A,6,11-12,-,True,161,9
N/A,N/A,15:40,Heavy,2m 7f 63y,Catch Yourself On (USA),P Hanlon,7,Miss T L Cogan,PU,N/A,6,11-12b1,-,True,161,9
N/A,N/A,15:40,Heavy,2m 7f 63y,Sir Carnegie (IRE),J S McGarvey,0,Miss T L Cogan,PU,N/A,5,11-12,-,True,161,9
N/A,N/A,15:40,Heavy,2m 7f 63y,Lady Mamie (IRE),J G Gilligan,5,P J Gilligan,PU,N/A,5,11-5,-,True,161,9
N/A,N/A,15:40,Heavy,2m 7f 63y,Chardonay (IRE),S W Flanagan,0,L Casey,8th,11 l,6,11-12t1,-,True,161,9
N/A,N/A,15:40,Heavy,2m 7f 63y,Tea In The Park (IRE),M J M O'Sullivan,0,Eamon Courtney,7th,1 1/2 l,5,11-12p1,-,True,161,9
N/A,N/A,15:40,Heavy,2m 7f 63y,Son Of Anarchy (IRE),M P Walsh,0,G Elliott,6th,15 l,6,11-12,-,True,161,9
N/A,N/A,15:40,Heavy,2m 7f 63y,Nowwhatdoyouthink (IRE),L Quinlan,3,R Hackett,5th,39 l,6,11-12t,-,True,161,9
N/A,N/A,15:40,Heavy,2m 7f 63y,Minella Post,D J O'Keeffe,0,T Gibney,4th,8 l,6,11-12,-,True,161,9
N/A,N/A,15:40,Heavy,2m 7f 63y,Prophet's Corner (IRE),Mr D Allen,7,Sean Allen,3rd,1 l,8,11-12,-,True,161,9
N/A,N/A,15:40,Heavy,2m 7f 63y,Flemensface (IRE),R A Doyle,0,E Griffin,2nd,15 l,8,11-12t1,-,True,161,9
N/A,N/A,15:40,Heavy,2m 7f 63y,Argento Boy (IRE),P Townend,0,W P Mullins,1st,N/A,6,11-12,-,True,161,9
N/A,N/A,16:10,Heavy,2m 7f 63y,Gers Gigi (IRE),Sam Ewing,0,G Elliott,NR,N/A,6,11-11,114,True,161,10
N/A,N/A,16:10,Heavy,2m 7f 63y,Whatsupnellie (IRE),R Deegan,0,Eric Larkin,NR,N/A,6,11-6,109,True,161,10
N/A,N/A,16:10,Heavy,2m 7f 63y,Brianna Lily (IRE),K Callaghan,5,J Barcoe,12th,18 l,8,11-0,103,True,161,10
N/A,N/A,16:10,Heavy,2m 7f 63y,No Fussing (IRE),Mr D Doyle,7,T Doyle,11th,18 l,9,10-12,101,True,161,10
N/A,N/A,16:10,Heavy,2m 7f 63y,Lady Bluebird (IRE),Mr E Finegan,7,H P Finegan,10th,9 1/2 l,8,11-12,115,True,161,10
N/A,N/A,16:10,Heavy,2m 7f 63y,Slotty Dotty (IRE),P T Enright,0,Bernard Crowley,9th,7 1/2 l,7,11-12h,115,True,161,10
N/A,N/A,16:10,Heavy,2m 7f 63y,Doyen For A Drink (IRE),A P Kelly,5,Gerard O'Leary,8th,7 l,8,10-6,95,True,161,10
N/A,N/A,16:10,Heavy,2m 7f 63y,Apples In Winter (IRE),D J O'Keeffe,0,L Casey,7th,4 3/4 l,8,10-4p,93,True,161,10
N/A,N/A,16:10,Heavy,2m 7f 63y,Juniper Hill (IRE),S W Flanagan,0,P Nolan,6th,1 1/2 l,6,10-8t1,97,True,161,10
N/A,N/A,16:10,Heavy,2m 7f 63y,Slim Marvel (FR),P K Donovan,5,A Slattery,5th,1 1/4 l,7,11-2,105,True,161,10
N/A,N/A,16:10,Heavy,2m 7f 63y,Robyndeglory (IRE),C Stone-Walsh,5,C Collins,4th,1 1/4 l,10,10-11tp,100,True,161,10
N/A,N/A,16:10,Heavy,2m 7f 63y,Glenetty (IRE),P M O'Brien,7,C O'Connell,3rd,2 l,8,10-4,93,True,161,10
N/A,N/A,16:10,Heavy,2m 7f 63y,Betty Dutton (IRE),M M McDonagh,0,E J O'Grady,2nd,2 l,7,10-13t1,102,True,161,10
N/A,N/A,16:10,Heavy,2m 7f 63y,Lucky Viv (IRE),J P Shinnick,0,Michael Barry,1st,N/A,7,10-12,101,True,161,10
N/A,N/A,16:10,Heavy,2m 7f 63y,Gers Gigi (IRE),Sam Ewing,0,G Elliott,NR,N/A,6,11-11,114,True,161,10
N/A,N/A,16:10,Heavy,2m 7f 63y,Whatsupnellie (IRE),R Deegan,0,Eric Larkin,NR,N/A,6,11-6,109,True,161,10
N/A,N/A,16:10,Heavy,2m 7f 63y,Brianna Lily (IRE),K Callaghan,5,J Barcoe,12th,18 l,8,11-0,103,True,161,10
N/A,N/A,16:10,Heavy,2m 7f 63y,No Fussing (IRE),Mr D Doyle,7,T Doyle,11th,18 l,9,10-12,101,True,161,10
N/A,N/A,16:10,Heavy,2m 7f 63y,Lady Bluebird (IRE),Mr E Finegan,7,H P Finegan,10th,9 1/2 l,8,11-12,115,True,161,10
N/A,N/A,16:10,Heavy,2m 7f 63y,Slotty Dotty (IRE),P T Enright,0,Bernard Crowley,9th,7 1/2 l,7,11-12h,115,True,161,10
N/A,N/A,16:10,Heavy,2m 7f 63y,Doyen For A Drink (IRE),A P Kelly,5,Gerard O'Leary,8th,7 l,8,10-6,95,True,161,10
N/A,N/A,16:10,Heavy,2m 7f 63y,Apples In Winter (IRE),D J O'Keeffe,0,L Casey,7th,4 3/4 l,8,10-4p,93,True,161,10
N/A,N/A,16:10,Heavy,2m 7f 63y,Juniper Hill (IRE),S W Flanagan,0,P Nolan,6th,1 1/2 l,6,10-8t1,97,True,161,10
N/A,N/A,16:10,Heavy,2m 7f 63y,Slim Marvel (FR),P K Donovan,5,A Slattery,5th,1 1/4 l,7,11-2,105,True,161,10
N/A,N/A,16:10,Heavy,2m 7f 63y,Robyndeglory (IRE),C Stone-Walsh,5,C Collins,4th,1 1/4 l,10,10-11tp,100,True,161,10
N/A,N/A,16:10,Heavy,2m 7f 63y,Glenetty (IRE),P M O'Brien,7,C O'Connell,3rd,2 l,8,10-4,93,True,161,10
N/A,N/A,16:10,Heavy,2m 7f 63y,Betty Dutton (IRE),M M McDonagh,0,E J O'Grady,2nd,2 l,7,10-13t1,102,True,161,10
N/A,N/A,16:10,Heavy,2m 7f 63y,Lucky Viv (IRE),J P Shinnick,0,Michael Barry,1st,N/A,7,10-12,101,True,161,10
N/A,N/A,16:40,N/A,2m 44y,King Of Kingsfield (IRE),Helen Peppard,0,G Elliott,,N/A,7,12-0,-,True,161,11
N/A,N/A,16:40,N/A,2m 44y,Darkdeserthighway (IRE),Lauryn Faulkner,0,M O'Callaghan,16th,99 l,7,11-12,-,True,161,11
N/A,N/A,16:40,N/A,2m 44y,Hurricane Bailey (IRE),Sacirse Duggan,0,Barry J Fitzgerald,15th,44 l,6,11-9,-,True,161,11
N/A,N/A,16:40,N/A,2m 44y,Sandyman,Evie Pierce,0,William Harvey,14th,7 1/2 l,9,12-0t,-,True,161,11
N/A,N/A,16:40,N/A,2m 44y,Quiet Desire (IRE),Abbie Hilliard,0,J C McConnell,13th,4 1/2 l,9,11-9,-,True,161,11
N/A,N/A,16:40,N/A,2m 44y,Fleadhfest (IRE),Aoibhinn Ruane,0,J S Bolger,12th,22 l,5,11-9,-,True,161,11
N/A,N/A,16:40,N/A,2m 44y,Kingsofthemidlands (FR),Shane Aylward,0,P A Fahy,11th,3 1/4 l,7,12-0,-,True,161,11
N/A,N/A,16:40,N/A,2m 44y,Broken Ice (IRE),Martin Fox,0,J C McConnell,10th,9 l,9,12-0,-,True,161,11
N/A,N/A,16:40,N/A,2m 44y,Boola Times (IRE),Megan Harris,0,D Budds,9th,2 l,4,11-12,-,True,161,11
N/A,N/A,16:40,N/A,2m 44y,Indulging,Hannah Gayer,0,T M Walsh,8th,Short Head,7,12-0,-,True,161,11
N/A,N/A,16:40,N/A,2m 44y,On Lovers Walk (IRE),Warren Shanahan,0,R O'Sullivan,7th,14 l,8,12-0t,-,True,161,11
N/A,N/A,16:40,N/A,2m 44y,Cut The Rope (FR),Lean Nolan,0,P Nolan,6th,8 l,6,12-0,-,True,161,11
N/A,N/A,16:40,N/A,2m 44y,Zoffanien (IRE),Laura Bailey,0,T O'Brien,5th,Head,8,12-0,-,True,161,11
N/A,N/A,16:40,N/A,2m 44y,Galvin (IRE),Helen Peppard,0,G Elliott,4th,3/4 l,11,12-0,-,True,161,11
N/A,N/A,16:40,N/A,2m 44y,Sheephaven Flyer (IRE),Stoqn Germanov,0,E Mullins,3rd,1 3/4 l,7,12-0,-,True,161,11
N/A,N/A,16:40,N/A,2m 44y,Caesar Rock (IRE),Shannan Walsh,0,M F Morris,2nd,4 l,9,12-0,-,True,161,11
N/A,N/A,16:40,N/A,2m 44y,Sir Gerhard (IRE),Aimee Morrissey,0,W P Mullins,1st,N/A,10,12-3,-,True,161,11
N/A,N/A,16:40,N/A,2m 44y,King Of Kingsfield (IRE),Helen Peppard,0,G Elliott,,N/A,7,12-0,-,True,161,11
N/A,N/A,16:40,N/A,2m 44y,Darkdeserthighway (IRE),Lauryn Faulkner,0,M O'Callaghan,16th,99 l,7,11-12,-,True,161,11
N/A,N/A,16:40,N/A,2m 44y,Hurricane Bailey (IRE),Sacirse Duggan,0,Barry J Fitzgerald,15th,44 l,6,11-9,-,True,161,11
N/A,N/A,16:40,N/A,2m 44y,Sandyman,Evie Pierce,0,William Harvey,14th,7 1/2 l,9,12-0t,-,True,161,11
N/A,N/A,16:40,N/A,2m 44y,Quiet Desire (IRE),Abbie Hilliard,0,J C McConnell,13th,4 1/2 l,9,11-9,-,True,161,11
N/A,N/A,16:40,N/A,2m 44y,Fleadhfest (IRE),Aoibhinn Ruane,0,J S Bolger,12th,22 l,5,11-9,-,True,161,11
N/A,N/A,16:40,N/A,2m 44y,Kingsofthemidlands (FR),Shane Aylward,0,P A Fahy,11th,3 1/4 l,7,12-0,-,True,161,11
N/A,N/A,16:40,N/A,2m 44y,Broken Ice (IRE),Martin Fox,0,J C McConnell,10th,9 l,9,12-0,-,True,161,11
N/A,N/A,16:40,N/A,2m 44y,Boola Times (IRE),Megan Harris,0,D Budds,9th,2 l,4,11-12,-,True,161,11
N/A,N/A,16:40,N/A,2m 44y,Indulging,Hannah Gayer,0,T M Walsh,8th,Short Head,7,12-0,-,True,161,11
N/A,N/A,16:40,N/A,2m 44y,On Lovers Walk (IRE),Warren Shanahan,0,R O'Sullivan,7th,14 l,8,12-0t,-,True,161,11
N/A,N/A,16:40,N/A,2m 44y,Cut The Rope (FR),Lean Nolan,0,P Nolan,6th,8 l,6,12-0,-,True,161,11
N/A,N/A,16:40,N/A,2m 44y,Zoffanien (IRE),Laura Bailey,0,T O'Brien,5th,Head,8,12-0,-,True,161,11
N/A,N/A,16:40,N/A,2m 44y,Galvin (IRE),Helen Peppard,0,G Elliott,4th,3/4 l,11,12-0,-,True,161,11
N/A,N/A,16:40,N/A,2m 44y,Sheephaven Flyer (IRE),Stoqn Germanov,0,E Mullins,3rd,1 3/4 l,7,12-0,-,True,161,11
N/A,N/A,16:40,N/A,2m 44y,Caesar Rock (IRE),Shannan Walsh,0,M F Morris,2nd,4 l,9,12-0,-,True,161,11
N/A,N/A,16:40,N/A,2m 44y,Sir Gerhard (IRE),Aimee Morrissey,0,W P Mullins,1st,N/A,10,12-3,-,True,161,11
N/A,N/A,12:55,Soft To Heavy (Heavy In Places),2m 5f 55y,Fire Force (IRE),E Walsh,0,Ciaran Murphy,11th,7 l,6,11-7tp,-,True,161,12
N/A,N/A,12:55,Soft To Heavy (Heavy In Places),2m 5f 55y,Can't Stop Smiling (IRE),S D Torrens,0,A A Howard,10th,32 l,7,11-7h,-,True,161,12
N/A,N/A,12:55,Soft To Heavy (Heavy In Places),2m 5f 55y,Whotookthebiscuit (IRE),J P Shinnick,5,T O'Brien,9th,3 1/4 l,7,11-7t,-,True,161,12
N/A,N/A,12:55,Soft To Heavy (Heavy In Places),2m 5f 55y,Spanish Maid (IRE),D Meyler,0,F J Flood,8th,9 l,7,11-7,-,True,161,12
N/A,N/A,12:55,Soft To Heavy (Heavy In Places),2m 5f 55y,Shantou Princess (IRE),K M Donoghue,0,G P Cromwell,7th,19 l,6,11-7,-,True,161,12
N/A,N/A,12:55,Soft To Heavy (Heavy In Places),2m 5f 55y,Iris Emery (FR),D E Mullins,0,W P Mullins,6th,4 1/4 l,7,11-7t,-,True,161,12
N/A,N/A,12:55,Soft To Heavy (Heavy In Places),2m 5f 55y,True Testimony (IRE),H E Sexton,7,P A Fahy,5th,13 l,6,11-7,-,True,161,12
N/A,N/A,12:55,Soft To Heavy (Heavy In Places),2m 5f 55y,Miss Manzor,M J M O'Sullivan,0,W P Mullins,4th,8 l,5,11-3,-,True,161,12
N/A,N/A,12:55,Soft To Heavy (Heavy In Places),2m 5f 55y,Paggane,P Townend,0,W P Mullins,3rd,1/2 l,6,11-7,-,True,161,12
N/A,N/A,12:55,Soft To Heavy (Heavy In Places),2m 5f 55y,Karia Des Blaises (FR),B Hayes,0,W P Mullins,2nd,2 1/2 l,5,11-3,-,True,161,12
N/A,N/A,12:55,Soft To Heavy (Heavy In Places),2m 5f 55y,Zenta (FR),M P Walsh,0,W P Mullins,1st,N/A,6,11-7,-,True,161,12
N/A,N/A,12:55,Soft To Heavy (Heavy In Places),2m 5f 55y,Fire Force (IRE),E Walsh,0,Ciaran Murphy,11th,7 l,6,11-7tp,-,True,161,12
N/A,N/A,12:55,Soft To Heavy (Heavy In Places),2m 5f 55y,Can't Stop Smiling (IRE),S D Torrens,0,A A Howard,10th,32 l,7,11-7h,-,True,161,12
N/A,N/A,12:55,Soft To Heavy (Heavy In Places),2m 5f 55y,Whotookthebiscuit (IRE),J P Shinnick,5,T O'Brien,9th,3 1/4 l,7,11-7t,-,True,161,12
N/A,N/A,12:55,Soft To Heavy (Heavy In Places),2m 5f 55y,Spanish Maid (IRE),D Meyler,0,F J Flood,8th,9 l,7,11-7,-,True,161,12
N/A,N/A,12:55,Soft To Heavy (Heavy In Places),2m 5f 55y,Shantou Princess (IRE),K M Donoghue,0,G P Cromwell,7th,19 l,6,11-7,-,True,161,12
N/A,N/A,12:55,Soft To Heavy (Heavy In Places),2m 5f 55y,Iris Emery (FR),D E Mullins,0,W P Mullins,6th,4 1/4 l,7,11-7t,-,True,161,12
N/A,N/A,12:55,Soft To Heavy (Heavy In Places),2m 5f 55y,True Testimony (IRE),H E Sexton,7,P A Fahy,5th,13 l,6,11-7,-,True,161,12
N/A,N/A,12:55,Soft To Heavy (Heavy In Places),2m 5f 55y,Miss Manzor,M J M O'Sullivan,0,W P Mullins,4th,8 l,5,11-3,-,True,161,12
N/A,N/A,12:55,Soft To Heavy (Heavy In Places),2m 5f 55y,Paggane,P Townend,0,W P Mullins,3rd,1/2 l,6,11-7,-,True,161,12
N/A,N/A,12:55,Soft To Heavy (Heavy In Places),2m 5f 55y,Karia Des Blaises (FR),B Hayes,0,W P Mullins,2nd,2 1/2 l,5,11-3,-,True,161,12
N/A,N/A,12:55,Soft To Heavy (Heavy In Places),2m 5f 55y,Zenta (FR),M P Walsh,0,W P Mullins,1st,N/A,6,11-7,-,True,161,12
N/A,N/A,13:25,Soft To Heavy (Heavy In Places),2m 5f 55y,Dawn Escape (IRE),D King,0,L Casey,12th,22 l,6,10-10,94,True,161,13
N/A,N/A,13:25,Soft To Heavy (Heavy In Places),2m 5f 55y,Ringdufferin (IRE),C P Millar,5,G Elliott,11th,49 l,7,12-1p,113,True,161,13
N/A,N/A,13:25,Soft To Heavy (Heavy In Places),2m 5f 55y,Duffys Getaway (IRE),S D Torrens,0,P J Rothwell,10th,4 1/4 l,8,10-10tp,94,True,161,13
N/A,N/A,13:25,Soft To Heavy (Heavy In Places),2m 5f 55y,Rochestown (IRE),S W Flanagan,0,Brendan Walsh,9th,9 l,10,11-5,103,True,161,13
N/A,N/A,13:25,Soft To Heavy (Heavy In Places),2m 5f 55y,Thelonglad (IRE),C M Quirke,5,M J McDonagh,8th,1 l,7,10-0,84,True,161,13
N/A,N/A,13:25,Soft To Heavy (Heavy In Places),2m 5f 55y,Malinas Glory (IRE),C Stone-Walsh,5,A O'Grady,7th,Neck,8,11-3,101,True,161,13
N/A,N/A,13:25,Soft To Heavy (Heavy In Places),2m 5f 55y,Look Dont Touch (IRE),Mr I Ryan,7,Conor Maxwell,6th,2 3/4 l,10,11-10tp,108,True,161,13
N/A,N/A,13:25,Soft To Heavy (Heavy In Places),2m 5f 55y,Oneforgonzo (IRE),S F O'Keeffe,0,S Aherne,5th,4 l,7,11-2,100,True,161,13
N/A,N/A,13:25,Soft To Heavy (Heavy In Places),2m 5f 55y,Glady Max (IRE),D J O'Keeffe,0,J J Mangan,4th,13 l,7,11-6,104,True,161,13
N/A,N/A,13:25,Soft To Heavy (Heavy In Places),2m 5f 55y,Spellacy's Cross (IRE),K Callaghan,5,J Barcoe,3rd,Neck,6,10-0,84,True,161,13
N/A,N/A,13:25,Soft To Heavy (Heavy In Places),2m 5f 55y,Mighty Oak Lad (IRE),D Meyler,0,K Thornton,2nd,1 1/4 l,7,11-6,104,True,161,13
N/A,N/A,13:25,Soft To Heavy (Heavy In Places),2m 5f 55y,Quornofamonday (IRE),K M Donoghue,0,J P Dempsey,1st,N/A,7,11-2,100,True,161,13
N/A,N/A,13:25,Soft To Heavy (Heavy In Places),2m 5f 55y,Dawn Escape (IRE),D King,0,L Casey,12th,22 l,6,10-10,94,True,161,13
N/A,N/A,13:25,Soft To Heavy (Heavy In Places),2m 5f 55y,Ringdufferin (IRE),C P Millar,5,G Elliott,11th,49 l,7,12-1p,113,True,161,13
N/A,N/A,13:25,Soft To Heavy (Heavy In Places),2m 5f 55y,Duffys Getaway (IRE),S D Torrens,0,P J Rothwell,10th,4 1/4 l,8,10-10tp,94,True,161,13
N/A,N/A,13:25,Soft To Heavy (Heavy In Places),2m 5f 55y,Rochestown (IRE),S W Flanagan,0,Brendan Walsh,9th,9 l,10,11-5,103,True,161,13
N/A,N/A,13:25,Soft To Heavy (Heavy In Places),2m 5f 55y,Thelonglad (IRE),C M Quirke,5,M J McDonagh,8th,1 l,7,10-0,84,True,161,13
N/A,N/A,13:25,Soft To Heavy (Heavy In Places),2m 5f 55y,Malinas Glory (IRE),C Stone-Walsh,5,A O'Grady,7th,Neck,8,11-3,101,True,161,13
N/A,N/A,13:25,Soft To Heavy (Heavy In Places),2m 5f 55y,Look Dont Touch (IRE),Mr I Ryan,7,Conor Maxwell,6th,2 3/4 l,10,11-10tp,108,True,161,13
N/A,N/A,13:25,Soft To Heavy (Heavy In Places),2m 5f 55y,Oneforgonzo (IRE),S F O'Keeffe,0,S Aherne,5th,4 l,7,11-2,100,True,161,13
N/A,N/A,13:25,Soft To Heavy (Heavy In Places),2m 5f 55y,Glady Max (IRE),D J O'Keeffe,0,J J Mangan,4th,13 l,7,11-6,104,True,161,13
N/A,N/A,13:25,Soft To Heavy (Heavy In Places),2m 5f 55y,Spellacy's Cross (IRE),K Callaghan,5,J Barcoe,3rd,Neck,6,10-0,84,True,161,13
N/A,N/A,13:25,Soft To Heavy (Heavy In Places),2m 5f 55y,Mighty Oak Lad (IRE),D Meyler,0,K Thornton,2nd,1 1/4 l,7,11-6,104,True,161,13
N/A,N/A,13:25,Soft To Heavy (Heavy In Places),2m 5f 55y,Quornofamonday (IRE),K M Donoghue,0,J P Dempsey,1st,N/A,7,11-2,100,True,161,13
N/A,N/A,13:55,Soft To Heavy (Heavy In Places),3m 110y,Minella Crooner (IRE),J C Gainford,0,G Elliott,5th,27 l,9,11-10b1,-,True,161,14
N/A,N/A,13:55,Soft To Heavy (Heavy In Places),3m 110y,Any Second Now (IRE),M P Walsh,0,T M Walsh,4th,12 l,13,11-9b,-,True,161,14
N/A,N/A,13:55,Soft To Heavy (Heavy In Places),3m 110y,Fil Dor (FR),Sam Ewing,0,G Elliott,3rd,6 1/2 l,7,12-0tp,-,True,161,14
N/A,N/A,13:55,Soft To Heavy (Heavy In Places),3m 110y,Affordale Fury (IRE),D Meyler,0,N Meade,2nd,3/4 l,7,11-9,-,True,161,14
N/A,N/A,13:55,Soft To Heavy (Heavy In Places),3m 110y,Sa Majeste (FR),P Townend,0,W P Mullins,1st,N/A,7,11-1,-,True,161,14
N/A,N/A,13:55,Soft To Heavy (Heavy In Places),3m 110y,Minella Crooner (IRE),J C Gainford,0,G Elliott,5th,27 l,9,11-10b1,-,True,161,14
N/A,N/A,13:55,Soft To Heavy (Heavy In Places),3m 110y,Any Second Now (IRE),M P Walsh,0,T M Walsh,4th,12 l,13,11-9b,-,True,161,14
N/A,N/A,13:55,Soft To Heavy (Heavy In Places),3m 110y,Fil Dor (FR),Sam Ewing,0,G Elliott,3rd,6 1/2 l,7,12-0tp,-,True,161,14
N/A,N/A,13:55,Soft To Heavy (Heavy In Places),3m 110y,Affordale Fury (IRE),D Meyler,0,N Meade,2nd,3/4 l,7,11-9,-,True,161,14
N/A,N/A,13:55,Soft To Heavy (Heavy In Places),3m 110y,Sa Majeste (FR),P Townend,0,W P Mullins,1st,N/A,7,11-1,-,True,161,14
N/A,N/A,14:25,Heavy,2m,Ballysax Hank (IRE),K M Donoghue,0,G P Cromwell,PU,N/A,6,11-10,-,True,161,15
N/A,N/A,14:25,Heavy,2m,Gers Gigi (IRE),Sam Ewing,0,G Elliott,5th,27 l,6,11-8,-,True,161,15
N/A,N/A,14:25,Heavy,2m,Butter Fingers (IRE),T P Harney,7,R O'Sullivan,4th,6 l,4,10-13,-,True,161,15
N/A,N/A,14:25,Heavy,2m,Whimsy,S W Flanagan,0,A McCann,3rd,3 3/4 l,6,11-7,-,True,161,15
N/A,N/A,14:25,Heavy,2m,Puturhandstogether (IRE),M P Walsh,0,J P O'Brien,2nd,1 l,4,11-2,-,True,161,15
N/A,N/A,14:25,Heavy,2m,Collaborative (IRE),P T Enright,0,O McKiernan,1st,N/A,5,11-4,-,True,161,15
N/A,N/A,14:25,Heavy,2m,Ballysax Hank (IRE),K M Donoghue,0,G P Cromwell,PU,N/A,6,11-10,-,True,161,15
N/A,N/A,14:25,Heavy,2m,Gers Gigi (IRE),Sam Ewing,0,G Elliott,5th,27 l,6,11-8,-,True,161,15
N/A,N/A,14:25,Heavy,2m,Butter Fingers (IRE),T P Harney,7,R O'Sullivan,4th,6 l,4,10-13,-,True,161,15
N/A,N/A,14:25,Heavy,2m,Whimsy,S W Flanagan,0,A McCann,3rd,3 3/4 l,6,11-7,-,True,161,15
N/A,N/A,14:25,Heavy,2m,Puturhandstogether (IRE),M P Walsh,0,J P O'Brien,2nd,1 l,4,11-2,-,True,161,15
N/A,N/A,14:25,Heavy,2m,Collaborative (IRE),P T Enright,0,O McKiernan,1st,N/A,5,11-4,-,True,161,15
N/A,N/A,14:55,Heavy,2m,Nobody (IRE),S W Flanagan,0,Brendan Walsh,S,N/A,4,11-7h,-,True,161,16
N/A,N/A,14:55,Heavy,2m,Mercurial Sea (IRE),C P Millar,5,N Slevin,F,N/A,4,11-0h1,-,True,161,16
N/A,N/A,14:55,Heavy,2m,Rockys Favourite (IRE),A Harvey,5,Paul Mulligan,11th,3 1/4 l,4,11-7,-,True,161,16
N/A,N/A,14:55,Heavy,2m,Phoenix Princess (IRE),D King,0,Brendan Walsh,10th,2 3/4 l,4,11-0,-,True,161,16
N/A,N/A,14:55,Heavy,2m,Are We Dancing (IRE),Caragh Monaghan,7,L Lennon,9th,48 l,4,11-7,-,True,161,16
N/A,N/A,14:55,Heavy,2m,Aswellasabentley (IRE),S Fitzgerald,0,L Lennon,8th,Neck,4,11-7,-,True,161,16
N/A,N/A,14:55,Heavy,2m,Hobart (IRE),G Brouder,3,J Nash,7th,4 3/4 l,4,11-7,-,True,161,16
N/A,N/A,14:55,Heavy,2m,Legionnaire Forez (FR),P Townend,0,W P Mullins,6th,9 l,4,11-7,-,True,161,16
N/A,N/A,14:55,Heavy,2m,Lagoon Nebula,S F O'Keeffe,0,A Kinirons,5th,2 1/4 l,4,11-0,-,True,161,16
N/A,N/A,14:55,Heavy,2m,Imarajan (IRE),K E Buckley,0,E & P Harty,4th,2 3/4 l,4,11-7t1,-,True,161,16
N/A,N/A,14:55,Heavy,2m,Atlantic City,E Walsh,0,Ciaran Murphy,3rd,6 1/2 l,4,11-0,-,True,161,16
N/A,N/A,14:55,Heavy,2m,Sundance Sioux (IRE),B W Harvey,0,Cian Hughes,2nd,6 l,4,11-7,-,True,161,16
N/A,N/A,14:55,Heavy,2m,Good To Be Alive (IRE),Sam Ewing,0,G Elliott,1st,N/A,4,11-7,-,True,161,16
N/A,N/A,14:55,Heavy,2m,Nobody (IRE),S W Flanagan,0,Brendan Walsh,S,N/A,4,11-7h,-,True,161,16
N/A,N/A,14:55,Heavy,2m,Mercurial Sea (IRE),C P Millar,5,N Slevin,F,N/A,4,11-0h1,-,True,161,16
N/A,N/A,14:55,Heavy,2m,Rockys Favourite (IRE),A Harvey,5,Paul Mulligan,11th,3 1/4 l,4,11-7,-,True,161,16
N/A,N/A,14:55,Heavy,2m,Phoenix Princess (IRE),D King,0,Brendan Walsh,10th,2 3/4 l,4,11-0,-,True,161,16
N/A,N/A,14:55,Heavy,2m,Are We Dancing (IRE),Caragh Monaghan,7,L Lennon,9th,48 l,4,11-7,-,True,161,16
N/A,N/A,14:55,Heavy,2m,Aswellasabentley (IRE),S Fitzgerald,0,L Lennon,8th,Neck,4,11-7,-,True,161,16
N/A,N/A,14:55,Heavy,2m,Hobart (IRE),G Brouder,3,J Nash,7th,4 3/4 l,4,11-7,-,True,161,16
N/A,N/A,14:55,Heavy,2m,Legionnaire Forez (FR),P Townend,0,W P Mullins,6th,9 l,4,11-7,-,True,161,16
N/A,N/A,14:55,Heavy,2m,Lagoon Nebula,S F O'Keeffe,0,A Kinirons,5th,2 1/4 l,4,11-0,-,True,161,16
N/A,N/A,14:55,Heavy,2m,Imarajan (IRE),K E Buckley,0,E & P Harty,4th,2 3/4 l,4,11-7t1,-,True,161,16
N/A,N/A,14:55,Heavy,2m,Atlantic City,E Walsh,0,Ciaran Murphy,3rd,6 1/2 l,4,11-0,-,True,161,16
N/A,N/A,14:55,Heavy,2m,Sundance Sioux (IRE),B W Harvey,0,Cian Hughes,2nd,6 l,4,11-7,-,True,161,16
N/A,N/A,14:55,Heavy,2m,Good To Be Alive (IRE),Sam Ewing,0,G Elliott,1st,N/A,4,11-7,-,True,161,16
N/A,N/A,15:25,Heavy,2m,Swing Davis (FR),Sam Ewing,0,G Elliott,F,N/A,5,10-13,-,True,161,17
N/A,N/A,15:25,Heavy,2m,Midnight Fairy (IRE),J P Shinnick,5,T O'Brien,11th,2 l,7,10-13,-,True,161,17
N/A,N/A,15:25,Heavy,2m,Shuil Swift (IRE),P Byrnes,0,C Byrnes,10th,11 l,5,10-13,-,True,161,17
N/A,N/A,15:25,Heavy,2m,Lady Leanora (IRE),R A Berry,7,G M Doyle,9th,4 l,8,11-7ht1,-,True,161,17
N/A,N/A,15:25,Heavy,2m,Leading Endeavour (IRE),S D Torrens,0,P J Rothwell,8th,13 l,6,10-13,-,True,161,17
N/A,N/A,15:25,Heavy,2m,Johanna'sjean (IRE),C P Millar,5,Thomas Coyle,7th,1 3/4 l,6,10-13,-,True,161,17
N/A,N/A,15:25,Heavy,2m,Turn Up The Heat (IRE),D J O'Keeffe,0,T Gibney,6th,13 l,4,10-9,-,True,161,17
N/A,N/A,15:25,Heavy,2m,Flashaway (IRE),Miss A L Fitzgibbon,7,C Byrnes,5th,2 3/4 l,6,11-7,-,True,161,17
N/A,N/A,15:25,Heavy,2m,Marie's March (IRE),A P Kelly,5,Sarah Connell,4th,3 1/4 l,6,10-13h1,-,True,161,17
N/A,N/A,15:25,Heavy,2m,Glens Lullaby (IRE),S W Flanagan,0,Peter Fahey,3rd,17 l,6,11-7,-,True,161,17
N/A,N/A,15:25,Heavy,2m,Place De La Nation (FR),S F O'Keeffe,0,W P Mullins,2nd,2 1/4 l,4,10-1,-,True,161,17
N/A,N/A,15:25,Heavy,2m,Karoline Banbou (FR),M P Walsh,0,W P Mullins,1st,N/A,5,11-7,-,True,161,17
N/A,N/A,15:25,Heavy,2m,Swing Davis (FR),Sam Ewing,0,G Elliott,F,N/A,5,10-13,-,True,161,17
N/A,N/A,15:25,Heavy,2m,Midnight Fairy (IRE),J P Shinnick,5,T O'Brien,11th,2 l,7,10-13,-,True,161,17
N/A,N/A,15:25,Heavy,2m,Shuil Swift (IRE),P Byrnes,0,C Byrnes,10th,11 l,5,10-13,-,True,161,17
N/A,N/A,15:25,Heavy,2m,Lady Leanora (IRE),R A Berry,7,G M Doyle,9th,4 l,8,11-7ht1,-,True,161,17
N/A,N/A,15:25,Heavy,2m,Leading Endeavour (IRE),S D Torrens,0,P J Rothwell,8th,13 l,6,10-13,-,True,161,17
N/A,N/A,15:25,Heavy,2m,Johanna'sjean (IRE),C P Millar,5,Thomas Coyle,7th,1 3/4 l,6,10-13,-,True,161,17
N/A,N/A,15:25,Heavy,2m,Turn Up The Heat (IRE),D J O'Keeffe,0,T Gibney,6th,13 l,4,10-9,-,True,161,17
N/A,N/A,15:25,Heavy,2m,Flashaway (IRE),Miss A L Fitzgibbon,7,C Byrnes,5th,2 3/4 l,6,11-7,-,True,161,17
N/A,N/A,15:25,Heavy,2m,Marie's March (IRE),A P Kelly,5,Sarah Connell,4th,3 1/4 l,6,10-13h1,-,True,161,17
N/A,N/A,15:25,Heavy,2m,Glens Lullaby (IRE),S W Flanagan,0,Peter Fahey,3rd,17 l,6,11-7,-,True,161,17
N/A,N/A,15:25,Heavy,2m,Place De La Nation (FR),S F O'Keeffe,0,W P Mullins,2nd,2 1/4 l,4,10-1,-,True,161,17
N/A,N/A,15:25,Heavy,2m,Karoline Banbou (FR),M P Walsh,0,W P Mullins,1st,N/A,5,11-7,-,True,161,17
N/A,N/A,15:55,Heavy,2m 3f 165y,Wendell's Lass,D J O'Keeffe,0,T Gibney,NR,N/A,6,10-6p,88,True,161,18
N/A,N/A,15:55,Heavy,2m 3f 165y,Captain Porridge (IRE),J C Gainford,0,E D Delany,PU,N/A,5,10-13,95,True,161,18
N/A,N/A,15:55,Heavy,2m 3f 165y,Ivar The Boneless (IRE),B W Harvey,0,R K Watson,12th,59 l,7,10-7tb1,89,True,161,18
N/A,N/A,15:55,Heavy,2m 3f 165y,Walk Of The Roses (IRE),M P O'Connor,0,J J Mangan,11th,2 l,6,10-6b1,88,True,161,18
N/A,N/A,15:55,Heavy,2m 3f 165y,Crossgaleschicflic (IRE),C G O'Dwyer,5,C O'Dwyer,10th,Neck,8,10-6,88,True,161,18
N/A,N/A,15:55,Heavy,2m 3f 165y,Makaiah (IRE),A P Kelly,5,Gerard O'Leary,9th,9 1/2 l,4,10-10,104,True,161,18
N/A,N/A,15:55,Heavy,2m 3f 165y,Malbay Madness (IRE),P J O'Hanlon,0,D A McLoughlin,8th,14 l,5,11-8h,104,True,161,18
N/A,N/A,15:55,Heavy,2m 3f 165y,Chemdawg (IRE),P T Enright,0,O McKiernan,7th,3 3/4 l,6,10-1p,83,True,161,18
N/A,N/A,15:55,Heavy,2m 3f 165y,Brown Boots (IRE),B Hayes,0,L P Cusack,6th,4 1/4 l,6,10-6,88,True,161,18
N/A,N/A,15:55,Heavy,2m 3f 165y,The Nagger Reidy,C Stone-Walsh,5,Stephen Gerard Carey,5th,7 l,6,11-12,108,True,161,18
N/A,N/A,15:55,Heavy,2m 3f 165y,Walk Away Harry (IRE),G B Noonan,5,Ian O'Connor,4th,8 1/2 l,7,11-11p,107,True,161,18
N/A,N/A,15:55,Heavy,2m 3f 165y,Elusive Guy (IRE),P T Smithers,7,J P Fahey,3rd,1 1/4 l,7,11-6,102,True,161,18
N/A,N/A,15:55,Heavy,2m 3f 165y,Lilian Bland (IRE),R Deegan,0,N P Hennessy,2nd,4 1/4 l,9,10-6,88,True,161,18
N/A,N/A,15:55,Heavy,2m 3f 165y,Mickie Angel (IRE),K M Donoghue,0,G P Cromwell,1st,N/A,7,11-8,104,True,161,18
N/A,N/A,15:55,Heavy,2m 3f 165y,Wendell's Lass,D J O'Keeffe,0,T Gibney,NR,N/A,6,10-6p,88,True,161,18
N/A,N/A,15:55,Heavy,2m 3f 165y,Captain Porridge (IRE),J C Gainford,0,E D Delany,PU,N/A,5,10-13,95,True,161,18
N/A,N/A,15:55,Heavy,2m 3f 165y,Ivar The Boneless (IRE),B W Harvey,0,R K Watson,12th,59 l,7,10-7tb1,89,True,161,18
N/A,N/A,15:55,Heavy,2m 3f 165y,Walk Of The Roses (IRE),M P O'Connor,0,J J Mangan,11th,2 l,6,10-6b1,88,True,161,18
N/A,N/A,15:55,Heavy,2m 3f 165y,Crossgaleschicflic (IRE),C G O'Dwyer,5,C O'Dwyer,10th,Neck,8,10-6,88,True,161,18
N/A,N/A,15:55,Heavy,2m 3f 165y,Makaiah (IRE),A P Kelly,5,Gerard O'Leary,9th,9 1/2 l,4,10-10,104,True,161,18
N/A,N/A,15:55,Heavy,2m 3f 165y,Malbay Madness (IRE),P J O'Hanlon,0,D A McLoughlin,8th,14 l,5,11-8h,104,True,161,18
N/A,N/A,15:55,Heavy,2m 3f 165y,Chemdawg (IRE),P T Enright,0,O McKiernan,7th,3 3/4 l,6,10-1p,83,True,161,18
N/A,N/A,15:55,Heavy,2m 3f 165y,Brown Boots (IRE),B Hayes,0,L P Cusack,6th,4 1/4 l,6,10-6,88,True,161,18
N/A,N/A,15:55,Heavy,2m 3f 165y,The Nagger Reidy,C Stone-Walsh,5,Stephen Gerard Carey,5th,7 l,6,11-12,108,True,161,18
N/A,N/A,15:55,Heavy,2m 3f 165y,Walk Away Harry (IRE),G B Noonan,5,Ian O'Connor,4th,8 1/2 l,7,11-11p,107,True,161,18
N/A,N/A,15:55,Heavy,2m 3f 165y,Elusive Guy (IRE),P T Smithers,7,J P Fahey,3rd,1 1/4 l,7,11-6,102,True,161,18
N/A,N/A,15:55,Heavy,2m 3f 165y,Lilian Bland (IRE),R Deegan,0,N P Hennessy,2nd,4 1/4 l,9,10-6,88,True,161,18
N/A,N/A,15:55,Heavy,2m 3f 165y,Mickie Angel (IRE),K M Donoghue,0,G P Cromwell,1st,N/A,7,11-8,104,True,161,18
N/A,N/A,16:25,Heavy,2m 3f 165y,Doyen Flyer (IRE),K Callaghan,5,J Barcoe,NR,N/A,7,10-7,87,True,161,19
N/A,N/A,16:25,Heavy,2m 3f 165y,King In Love (FR),S F O'Keeffe,0,S Aherne,NR,N/A,5,10-10h1,90,True,161,19
N/A,N/A,16:25,Heavy,2m 3f 165y,Cozone,B W Harvey,0,M J Smith,NR,N/A,8,11-4t,98,True,161,19
N/A,N/A,16:25,Heavy,2m 3f 165y,Next Stop Paris (IRE),K M Donoghue,0,G P Cromwell,F,N/A,6,11-8,102,True,161,19
N/A,N/A,16:25,Heavy,2m 3f 165y,Rajsalad (FR),C G O'Dwyer,5,C O'Dwyer,F,N/A,9,11-6,100,True,161,19
N/A,N/A,16:25,Heavy,2m 3f 165y,Shanroe Nancy (IRE),G Brouder,3,K Thornton,9th,23 l,6,10-5,85,True,161,19
N/A,N/A,16:25,Heavy,2m 3f 165y,Southgate Avenue (IRE),Niall Moore,7,P Fenton,8th,8 l,5,11-4,98,True,161,19
N/A,N/A,16:25,Heavy,2m 3f 165y,Happy Dreams (FR),C M Quirke,5,M J McDonagh,7th,Neck,8,11-7,101,True,161,19
N/A,N/A,16:25,Heavy,2m 3f 165y,I'm For Home (IRE),M P O'Connor,0,R K Watson,6th,1 1/2 l,7,10-3,83,True,161,19
N/A,N/A,16:25,Heavy,2m 3f 165y,Joya Del Mar (IRE),Mr J P Sutton,7,D A McLoughlin,5th,Head,7,11-7,101,True,161,19
N/A,N/A,16:25,Heavy,2m 3f 165y,Lord Lariat (IRE),P J O'Hanlon,0,D A McLoughlin,4th,6 1/2 l,10,11-12t,106,True,161,19
N/A,N/A,16:25,Heavy,2m 3f 165y,Buck Rogers (IRE),B Hayes,0,D H Kelly,3rd,8 l,10,11-6,100,True,161,19
N/A,N/A,16:25,Heavy,2m 3f 165y,Kingkong Ciergues (FR),S D Torrens,0,P J Rothwell,2nd,Head,5,10-8,88,True,161,19
N/A,N/A,16:25,Heavy,2m 3f 165y,Chosen Diamond (IRE),P Byrnes,0,E Cawley,1st,N/A,9,11-2p,96,True,161,19
N/A,N/A,16:25,Heavy,2m 3f 165y,Doyen Flyer (IRE),K Callaghan,5,J Barcoe,NR,N/A,7,10-7,87,True,161,19
N/A,N/A,16:25,Heavy,2m 3f 165y,King In Love (FR),S F O'Keeffe,0,S Aherne,NR,N/A,5,10-10h1,90,True,161,19
N/A,N/A,16:25,Heavy,2m 3f 165y,Cozone,B W Harvey,0,M J Smith,NR,N/A,8,11-4t,98,True,161,19
N/A,N/A,16:25,Heavy,2m 3f 165y,Next Stop Paris (IRE),K M Donoghue,0,G P Cromwell,F,N/A,6,11-8,102,True,161,19
N/A,N/A,16:25,Heavy,2m 3f 165y,Rajsalad (FR),C G O'Dwyer,5,C O'Dwyer,F,N/A,9,11-6,100,True,161,19
N/A,N/A,16:25,Heavy,2m 3f 165y,Shanroe Nancy (IRE),G Brouder,3,K Thornton,9th,23 l,6,10-5,85,True,161,19
N/A,N/A,16:25,Heavy,2m 3f 165y,Southgate Avenue (IRE),Niall Moore,7,P Fenton,8th,8 l,5,11-4,98,True,161,19
N/A,N/A,16:25,Heavy,2m 3f 165y,Happy Dreams (FR),C M Quirke,5,M J McDonagh,7th,Neck,8,11-7,101,True,161,19
N/A,N/A,16:25,Heavy,2m 3f 165y,I'm For Home (IRE),M P O'Connor,0,R K Watson,6th,1 1/2 l,7,10-3,83,True,161,19
N/A,N/A,16:25,Heavy,2m 3f 165y,Joya Del Mar (IRE),Mr J P Sutton,7,D A McLoughlin,5th,Head,7,11-7,101,True,161,19
N/A,N/A,16:25,Heavy,2m 3f 165y,Lord Lariat (IRE),P J O'Hanlon,0,D A McLoughlin,4th,6 1/2 l,10,11-12t,106,True,161,19
N/A,N/A,16:25,Heavy,2m 3f 165y,Buck Rogers (IRE),B Hayes,0,D H Kelly,3rd,8 l,10,11-6,100,True,161,19
N/A,N/A,16:25,Heavy,2m 3f 165y,Kingkong Ciergues (FR),S D Torrens,0,P J Rothwell,2nd,Head,5,10-8,88,True,161,19
N/A,N/A,16:25,Heavy,2m 3f 165y,Chosen Diamond (IRE),P Byrnes,0,E Cawley,1st,N/A,9,11-2p,96,True,161,19
Dundalk Racing Results | 7th February 2025 16:15,N/A,16:15,Standard,5f,Mint Man,C D Hayes,0,P J F Murphy,NR,N/A,4,9-3t,74,True,161,20
Dundalk Racing Results | 7th February 2025 16:15,N/A,16:15,Standard,5f,Crystal Luna (IRE),K J Leonard,0,Daniel Murphy,6th,3/4 l,4,8-10b,67,True,161,20
Dundalk Racing Results | 7th February 2025 16:15,N/A,16:15,Standard,5f,Li Ban (IRE),W M Lordan,0,A Murray,5th,1/2 l,3,9-2,87,True,161,20
Dundalk Racing Results | 7th February 2025 16:15,N/A,16:15,Standard,5f,Dontspoilasale (IRE),Adam Caffrey,3,A McGuinness,4th,1 1/4 l,5,10-0,85,True,161,20
Dundalk Racing Results | 7th February 2025 16:15,N/A,16:15,Standard,5f,Sporting Hero,J M Sheridan,0,D Hogan,3rd,1 1/4 l,5,9-4b,75,True,161,20
Dundalk Racing Results | 7th February 2025 16:15,N/A,16:15,Standard,5f,Never Shout Never (IRE),J A Powell,3,Stephen Thorne,2nd,1/2 l,5,9-4t,75,True,161,20
Dundalk Racing Results | 7th February 2025 16:15,N/A,16:15,Standard,5f,Jered Maddox,L T McAteer,0,D Marnane,1st,N/A,9,9-4,75,True,161,20
Dundalk Racing Results | 7th February 2025 16:15,N/A,16:15,Standard,5f,Mint Man,C D Hayes,0,P J F Murphy,NR,N/A,4,9-3t,74,True,161,20
Dundalk Racing Results | 7th February 2025 16:15,N/A,16:15,Standard,5f,Crystal Luna (IRE),K J Leonard,0,Daniel Murphy,6th,3/4 l,4,8-10b,67,True,161,20
Dundalk Racing Results | 7th February 2025 16:15,N/A,16:15,Standard,5f,Li Ban (IRE),W M Lordan,0,A Murray,5th,1/2 l,3,9-2,87,True,161,20
Dundalk Racing Results | 7th February 2025 16:15,N/A,16:15,Standard,5f,Dontspoilasale (IRE),Adam Caffrey,3,A McGuinness,4th,1 1/4 l,5,10-0,85,True,161,20
Dundalk Racing Results | 7th February 2025 16:15,N/A,16:15,Standard,5f,Sporting Hero,J M Sheridan,0,D Hogan,3rd,1 1/4 l,5,9-4b,75,True,161,20
Dundalk Racing Results | 7th February 2025 16:15,N/A,16:15,Standard,5f,Never Shout Never (IRE),J A Powell,3,Stephen Thorne,2nd,1/2 l,5,9-4t,75,True,161,20
Dundalk Racing Results | 7th February 2025 16:15,N/A,16:15,Standard,5f,Jered Maddox,L T McAteer,0,D Marnane,1st,N/A,9,9-4,75,True,161,20
Dundalk Racing Results | 7th February 2025 16:50,N/A,16:50,Standard,6f,Genesis (IRE),J A Powell,3,Alan McIntyre,4th,1/2 l,4,9-13t1,-,True,161,21
Dundalk Racing Results | 7th February 2025 16:50,N/A,16:50,Standard,6f,Big Gossey (IRE),R Whearty,3,C O'Brien,3rd,2 3/4 l,8,9-13t,-,True,161,21
Dundalk Racing Results | 7th February 2025 16:50,N/A,16:50,Standard,6f,Harry's Bar,J Kearney,5,Stephen Thorne,2nd,4 3/4 l,10,9-13tb1,-,True,161,21
Dundalk Racing Results | 7th February 2025 16:50,N/A,16:50,Standard,6f,Valiant Force (USA),W M Lordan,0,A Murray,1st,N/A,4,9-13,-,True,161,21
Dundalk Racing Results | 7th February 2025 16:50,N/A,16:50,Standard,6f,Genesis (IRE),J A Powell,3,Alan McIntyre,4th,1/2 l,4,9-13t1,-,True,161,21
Dundalk Racing Results | 7th February 2025 16:50,N/A,16:50,Standard,6f,Big Gossey (IRE),R Whearty,3,C O'Brien,3rd,2 3/4 l,8,9-13t,-,True,161,21
Dundalk Racing Results | 7th February 2025 16:50,N/A,16:50,Standard,6f,Harry's Bar,J Kearney,5,Stephen Thorne,2nd,4 3/4 l,10,9-13tb1,-,True,161,21
Dundalk Racing Results | 7th February 2025 16:50,N/A,16:50,Standard,6f,Valiant Force (USA),W M Lordan,0,A Murray,1st,N/A,4,9-13,-,True,161,21
Dundalk Racing Results | 7th February 2025 17:25,N/A,17:25,Standard,2m,Jabbar (IRE),K G Kennedy,5,Gerard O'Leary,6th,1 1/4 l,6,10-0,90,True,161,22
Dundalk Racing Results | 7th February 2025 17:25,N/A,17:25,Standard,2m,Ted Hastings (IRE),D P McDonogh,0,G Elliott,5th,1 1/2 l,9,9-4,80,True,161,22
Dundalk Racing Results | 7th February 2025 17:25,N/A,17:25,Standard,2m,Jerandme (IRE),C D Hayes,0,K Prendergast,4th,2 l,11,9-6v,82,True,161,22
Dundalk Racing Results | 7th February 2025 17:25,N/A,17:25,Standard,2m,Pearl Jewel (IRE),R Whearty,3,C Timmons,3rd,1 1/4 l,4,8-10,76,True,161,22
Dundalk Racing Results | 7th February 2025 17:25,N/A,17:25,Standard,2m,Pavilion End,J Kearney,5,C O'Brien,2nd,2 1/4 l,5,9-4,80,True,161,22
Dundalk Racing Results | 7th February 2025 17:25,N/A,17:25,Standard,2m,Persian Bliss,W M Lordan,0,A Murray,1st,N/A,4,9-8,88,True,161,22
Dundalk Racing Results | 7th February 2025 17:25,N/A,17:25,Standard,2m,Jabbar (IRE),K G Kennedy,5,Gerard O'Leary,6th,1 1/4 l,6,10-0,90,True,161,22
Dundalk Racing Results | 7th February 2025 17:25,N/A,17:25,Standard,2m,Ted Hastings (IRE),D P McDonogh,0,G Elliott,5th,1 1/2 l,9,9-4,80,True,161,22
Dundalk Racing Results | 7th February 2025 17:25,N/A,17:25,Standard,2m,Jerandme (IRE),C D Hayes,0,K Prendergast,4th,2 l,11,9-6v,82,True,161,22
Dundalk Racing Results | 7th February 2025 17:25,N/A,17:25,Standard,2m,Pearl Jewel (IRE),R Whearty,3,C Timmons,3rd,1 1/4 l,4,8-10,76,True,161,22
Dundalk Racing Results | 7th February 2025 17:25,N/A,17:25,Standard,2m,Pavilion End,J Kearney,5,C O'Brien,2nd,2 1/4 l,5,9-4,80,True,161,22
Dundalk Racing Results | 7th February 2025 17:25,N/A,17:25,Standard,2m,Persian Bliss,W M Lordan,0,A Murray,1st,N/A,4,9-8,88,True,161,22
Dundalk Racing Results | 7th February 2025 18:00,N/A,18:00,Standard,7f,Queens Fury (FR),W M Lordan,0,A Murray,5th,5 l,3,9-3,-,True,161,23
Dundalk Racing Results | 7th February 2025 18:00,N/A,18:00,Standard,7f,Beaune (IRE),K J Leonard,0,E O'Connell,4th,8 l,3,9-5,-,True,161,23
Dundalk Racing Results | 7th February 2025 18:00,N/A,18:00,Standard,7f,Gran Habano (IRE),C D Hayes,0,A Murray,3rd,1 1/4 l,3,9-5,-,True,161,23
Dundalk Racing Results | 7th February 2025 18:00,N/A,18:00,Standard,7f,Ze Do Asfalto (IRE),J A Heffernan,0,A Murray,2nd,Neck,3,9-5,-,True,161,23
Dundalk Racing Results | 7th February 2025 18:00,N/A,18:00,Standard,7f,Cee En Gee (IRE),D P McDonogh,0,J P O'Brien,1st,N/A,3,9-8,-,True,161,23
Dundalk Racing Results | 7th February 2025 18:00,N/A,18:00,Standard,7f,Queens Fury (FR),W M Lordan,0,A Murray,5th,5 l,3,9-3,-,True,161,23
Dundalk Racing Results | 7th February 2025 18:00,N/A,18:00,Standard,7f,Beaune (IRE),K J Leonard,0,E O'Connell,4th,8 l,3,9-5,-,True,161,23
Dundalk Racing Results | 7th February 2025 18:00,N/A,18:00,Standard,7f,Gran Habano (IRE),C D Hayes,0,A Murray,3rd,1 1/4 l,3,9-5,-,True,161,23
Dundalk Racing Results | 7th February 2025 18:00,N/A,18:00,Standard,7f,Ze Do Asfalto (IRE),J A Heffernan,0,A Murray,2nd,Neck,3,9-5,-,True,161,23
Dundalk Racing Results | 7th February 2025 18:00,N/A,18:00,Standard,7f,Cee En Gee (IRE),D P McDonogh,0,J P O'Brien,1st,N/A,3,9-8,-,True,161,23
Dundalk Racing Results | 7th February 2025 18:30,N/A,18:30,Standard,1m,Zero Fighter (IRE),Kyle Faulkner,7,E D Delany,14th,16 l,5,8-12t,47,True,161,24
Dundalk Racing Results | 7th February 2025 18:30,N/A,18:30,Standard,1m,Spirit Of Paradise (IRE),R M Mulligan,4,M Rice,13th,3/4 l,5,9-0,49,True,161,24
Dundalk Racing Results | 7th February 2025 18:30,N/A,18:30,Standard,1m,Chummie (IRE),Sorcha Woods,7,T M Walsh,12th,3/4 l,7,8-12,47,True,161,24
Dundalk Racing Results | 7th February 2025 18:30,N/A,18:30,Standard,1m,Turbo Sprint (IRE),C D Fahy,7,J C McConnell,11th,Neck,5,8-12v,47,True,161,24
Dundalk Racing Results | 7th February 2025 18:30,N/A,18:30,Standard,1m,Harbanaker (IRE),Jessica O'Gorman,7,J C McConnell,10th,1/2 l,8,8-12p1,47,True,161,24
Dundalk Racing Results | 7th February 2025 18:30,N/A,18:30,Standard,1m,Royal Tribute (IRE),R Kinkaid,7,J C McConnell,9th,1 l,7,8-12v,47,True,161,24
Dundalk Racing Results | 7th February 2025 18:30,N/A,18:30,Standard,1m,Eagles Whistle (IRE),S Coen,7,P J F Murphy,8th,2 l,5,9-2,51,True,161,24
Dundalk Racing Results | 7th February 2025 18:30,N/A,18:30,Standard,1m,May Night,J Cleary,2,S M Duffy,7th,Neck,7,9-13p,62,True,161,24
Dundalk Racing Results | 7th February 2025 18:30,N/A,18:30,Standard,1m,Saxon Kingdom (IRE),W Joyce,0,Thomas Dowling,6th,3/4 l,4,8-12t,47,True,161,24
Dundalk Racing Results | 7th February 2025 18:30,N/A,18:30,Standard,1m,Hope And Innocence (IRE),J J G Ryan,0,T G McCourt,5th,1 1/4 l,5,8-12v,47,True,161,24
Dundalk Racing Results | 7th February 2025 18:30,N/A,18:30,Standard,1m,Tara Power (IRE),R Whearty,0,K H Clarke,4th,Head,7,8-13t,48,True,161,24
Dundalk Racing Results | 7th February 2025 18:30,N/A,18:30,Standard,1m,Miss Abby Jools (IRE),K G Kennedy,2,T Doyle,3rd,Neck,6,10-0,63,True,161,24
Dundalk Racing Results | 7th February 2025 18:30,N/A,18:30,Standard,1m,Rockbury Lad,J A Powell,0,M O'Callaghan,2nd,3/4 l,6,10-2p,65,True,161,24
Dundalk Racing Results | 7th February 2025 18:30,N/A,18:30,Standard,1m,Little Keilee (IRE),Adam Caffrey,0,Ciaran Murphy,1st,N/A,5,10-1,64,True,161,24
Dundalk Racing Results | 7th February 2025 18:30,N/A,18:30,Standard,1m,Zero Fighter (IRE),Kyle Faulkner,7,E D Delany,14th,16 l,5,8-12t,47,True,161,24
Dundalk Racing Results | 7th February 2025 18:30,N/A,18:30,Standard,1m,Spirit Of Paradise (IRE),R M Mulligan,4,M Rice,13th,3/4 l,5,9-0,49,True,161,24
Dundalk Racing Results | 7th February 2025 18:30,N/A,18:30,Standard,1m,Chummie (IRE),Sorcha Woods,7,T M Walsh,12th,3/4 l,7,8-12,47,True,161,24
Dundalk Racing Results | 7th February 2025 18:30,N/A,18:30,Standard,1m,Turbo Sprint (IRE),C D Fahy,7,J C McConnell,11th,Neck,5,8-12v,47,True,161,24
Dundalk Racing Results | 7th February 2025 18:30,N/A,18:30,Standard,1m,Harbanaker (IRE),Jessica O'Gorman,7,J C McConnell,10th,1/2 l,8,8-12p1,47,True,161,24
Dundalk Racing Results | 7th February 2025 18:30,N/A,18:30,Standard,1m,Royal Tribute (IRE),R Kinkaid,7,J C McConnell,9th,1 l,7,8-12v,47,True,161,24
Dundalk Racing Results | 7th February 2025 18:30,N/A,18:30,Standard,1m,Eagles Whistle (IRE),S Coen,7,P J F Murphy,8th,2 l,5,9-2,51,True,161,24
Dundalk Racing Results | 7th February 2025 18:30,N/A,18:30,Standard,1m,May Night,J Cleary,2,S M Duffy,7th,Neck,7,9-13p,62,True,161,24
Dundalk Racing Results | 7th February 2025 18:30,N/A,18:30,Standard,1m,Saxon Kingdom (IRE),W Joyce,0,Thomas Dowling,6th,3/4 l,4,8-12t,47,True,161,24
Dundalk Racing Results | 7th February 2025 18:30,N/A,18:30,Standard,1m,Hope And Innocence (IRE),J J G Ryan,0,T G McCourt,5th,1 1/4 l,5,8-12v,47,True,161,24
Dundalk Racing Results | 7th February 2025 18:30,N/A,18:30,Standard,1m,Tara Power (IRE),R Whearty,0,K H Clarke,4th,Head,7,8-13t,48,True,161,24
Dundalk Racing Results | 7th February 2025 18:30,N/A,18:30,Standard,1m,Miss Abby Jools (IRE),K G Kennedy,2,T Doyle,3rd,Neck,6,10-0,63,True,161,24
Dundalk Racing Results | 7th February 2025 18:30,N/A,18:30,Standard,1m,Rockbury Lad,J A Powell,0,M O'Callaghan,2nd,3/4 l,6,10-2p,65,True,161,24
Dundalk Racing Results | 7th February 2025 18:30,N/A,18:30,Standard,1m,Little Keilee (IRE),Adam Caffrey,0,Ciaran Murphy,1st,N/A,5,10-1,64,True,161,24
Dundalk Racing Results | 7th February 2025 19:00,N/A,19:00,Standard,1m,Tribal Moon (IRE),J J G Ryan,3,Daniel Murphy,NR,N/A,4,9-2tp,73,True,161,25
Dundalk Racing Results | 7th February 2025 19:00,N/A,19:00,Standard,1m,Shoot To Kill (IRE),J Kearney,5,Stephen Thorne,9th,2 l,8,9-7,78,True,161,25
Dundalk Racing Results | 7th February 2025 19:00,N/A,19:00,Standard,1m,Hurricane Helen,K G Kennedy,5,C Timmons,8th,1/2 l,7,8-8,65,True,161,25
Dundalk Racing Results | 7th February 2025 19:00,N/A,19:00,Standard,1m,Punk Poet (IRE),C D Hayes,0,E Lynam,7th,1 l,8,9-0,71,True,161,25
Dundalk Racing Results | 7th February 2025 19:00,N/A,19:00,Standard,1m,Glen Princess (IRE),R Whearty,3,K H Clarke,6th,1 3/4 l,4,9-6tb,77,True,161,25
Dundalk Racing Results | 7th February 2025 19:00,N/A,19:00,Standard,1m,Wrob And Wryan (IRE),R C Colgan,0,A Lee,5th,Head,4,9-4,75,True,161,25
Dundalk Racing Results | 7th February 2025 19:00,N/A,19:00,Standard,1m,Migdam (FR),Adam Caffrey,3,A McGuinness,4th,3/4 l,6,9-11v,82,True,161,25
Dundalk Racing Results | 7th February 2025 19:00,N/A,19:00,Standard,1m,Catch The Paddy (IRE),R M Mulligan,7,P J McKenna,3rd,3 1/4 l,5,10-3,88,True,161,25
Dundalk Racing Results | 7th February 2025 19:00,N/A,19:00,Standard,1m,Elegant Madame (IRE),W M Lordan,0,A Murray,2nd,Neck,4,9-5,76,True,161,25
Dundalk Racing Results | 7th February 2025 19:00,N/A,19:00,Standard,1m,Perfect Judgement (IRE),J A Powell,3,Stephen Thorne,1st,N/A,4,9-13b,84,True,161,25
Dundalk Racing Results | 7th February 2025 19:00,N/A,19:00,Standard,1m,Tribal Moon (IRE),J J G Ryan,3,Daniel Murphy,NR,N/A,4,9-2tp,73,True,161,25
Dundalk Racing Results | 7th February 2025 19:00,N/A,19:00,Standard,1m,Shoot To Kill (IRE),J Kearney,5,Stephen Thorne,9th,2 l,8,9-7,78,True,161,25
Dundalk Racing Results | 7th February 2025 19:00,N/A,19:00,Standard,1m,Hurricane Helen,K G Kennedy,5,C Timmons,8th,1/2 l,7,8-8,65,True,161,25
Dundalk Racing Results | 7th February 2025 19:00,N/A,19:00,Standard,1m,Punk Poet (IRE),C D Hayes,0,E Lynam,7th,1 l,8,9-0,71,True,161,25
Dundalk Racing Results | 7th February 2025 19:00,N/A,19:00,Standard,1m,Glen Princess (IRE),R Whearty,3,K H Clarke,6th,1 3/4 l,4,9-6tb,77,True,161,25
Dundalk Racing Results | 7th February 2025 19:00,N/A,19:00,Standard,1m,Wrob And Wryan (IRE),R C Colgan,0,A Lee,5th,Head,4,9-4,75,True,161,25
Dundalk Racing Results | 7th February 2025 19:00,N/A,19:00,Standard,1m,Migdam (FR),Adam Caffrey,3,A McGuinness,4th,3/4 l,6,9-11v,82,True,161,25
Dundalk Racing Results | 7th February 2025 19:00,N/A,19:00,Standard,1m,Catch The Paddy (IRE),R M Mulligan,7,P J McKenna,3rd,3 1/4 l,5,10-3,88,True,161,25
Dundalk Racing Results | 7th February 2025 19:00,N/A,19:00,Standard,1m,Elegant Madame (IRE),W M Lordan,0,A Murray,2nd,Neck,4,9-5,76,True,161,25
Dundalk Racing Results | 7th February 2025 19:00,N/A,19:00,Standard,1m,Perfect Judgement (IRE),J A Powell,3,Stephen Thorne,1st,N/A,4,9-13b,84,True,161,25
Dundalk Racing Results | 7th February 2025 19:30,N/A,19:30,Standard,1m 4f,Serengeti Sunrise (IRE),J J G Ryan,3,R K Watson,NR,N/A,4,9-7,58,True,161,26
Dundalk Racing Results | 7th February 2025 19:30,N/A,19:30,Standard,1m 4f,Modern Talking,S Coen,7,R O'Brien,PU,N/A,4,9-7b1,58,True,161,26
Dundalk Racing Results | 7th February 2025 19:30,N/A,19:30,Standard,1m 4f,Gear Flat (IRE),Gabriella Hill,10,W Durkan,13th,3 l,7,9-0p,49,True,161,26
Dundalk Racing Results | 7th February 2025 19:30,N/A,19:30,Standard,1m 4f,Bambeano (IRE),J Kearney,5,C Moore,12th,1 1/2 l,8,10-2t,65,True,161,26
Dundalk Racing Results | 7th February 2025 19:30,N/A,19:30,Standard,1m 4f,Tasmanian Girl (IRE),Jessica O'Gorman,7,Aengus King,11th,7 1/2 l,5,8-12,47,True,161,26
Dundalk Racing Results | 7th February 2025 19:30,N/A,19:30,Standard,1m 4f,Someone's Wish (IRE),D P McDonogh,0,G Elliott,10th,1/2 l,5,9-8p,57,True,161,26
Dundalk Racing Results | 7th February 2025 19:30,N/A,19:30,Standard,1m 4f,L'immortale (IRE),R C Colgan,0,Thomas Dowling,9th,1/2 l,5,9-2t,51,True,161,26
Dundalk Racing Results | 7th February 2025 19:30,N/A,19:30,Standard,1m 4f,You Done Well (IRE),J A Heffernan,0,K Purcell,8th,2 1/2 l,4,9-3p,54,True,161,26
Dundalk Racing Results | 7th February 2025 19:30,N/A,19:30,Standard,1m 4f,Bright Start (USA),R Donaghue-Leahy,7,S M Duffy,7th,1 1/2 l,8,9-1p,50,True,161,26
Dundalk Racing Results | 7th February 2025 19:30,N/A,19:30,Standard,1m 4f,Fine Print (IRE),J A Powell,3,J C McConnell,6th,Head,4,8-11tp,48,True,161,26
Dundalk Racing Results | 7th February 2025 19:30,N/A,19:30,Standard,1m 4f,Gardone (IRE),C D Hayes,0,E McNamara,4th,3/4 l,5,9-6b,55,True,161,26
Dundalk Racing Results | 7th February 2025 19:30,N/A,19:30,Standard,1m 4f,Latin (IRE),J M Sheridan,0,D Hogan,4th,Dead Heat,4,9-2p,53,True,161,26
Dundalk Racing Results | 7th February 2025 19:30,N/A,19:30,Standard,1m 4f,Nusra (IRE),J Pietropaolo,7,G Ahern,3rd,1 3/4 l,8,9-13p,62,True,161,26
Dundalk Racing Results | 7th February 2025 19:30,N/A,19:30,Standard,1m 4f,Dromore Glory (IRE),R P Cleary,0,P W Flynn,2nd,Neck,6,9-9p,58,True,161,26
Dundalk Racing Results | 7th February 2025 19:30,N/A,19:30,Standard,1m 4f,Omakase (IRE),D S O'Sullivan,7,P G Fahey,1st,N/A,7,8-13,48,True,161,26
Dundalk Racing Results | 7th February 2025 19:30,N/A,19:30,Standard,1m 4f,Serengeti Sunrise (IRE),J J G Ryan,3,R K Watson,NR,N/A,4,9-7,58,True,161,26
Dundalk Racing Results | 7th February 2025 19:30,N/A,19:30,Standard,1m 4f,Modern Talking,S Coen,7,R O'Brien,PU,N/A,4,9-7b1,58,True,161,26
Dundalk Racing Results | 7th February 2025 19:30,N/A,19:30,Standard,1m 4f,Gear Flat (IRE),Gabriella Hill,10,W Durkan,13th,3 l,7,9-0p,49,True,161,26
Dundalk Racing Results | 7th February 2025 19:30,N/A,19:30,Standard,1m 4f,Bambeano (IRE),J Kearney,5,C Moore,12th,1 1/2 l,8,10-2t,65,True,161,26
Dundalk Racing Results | 7th February 2025 19:30,N/A,19:30,Standard,1m 4f,Tasmanian Girl (IRE),Jessica O'Gorman,7,Aengus King,11th,7 1/2 l,5,8-12,47,True,161,26
Dundalk Racing Results | 7th February 2025 19:30,N/A,19:30,Standard,1m 4f,Someone's Wish (IRE),D P McDonogh,0,G Elliott,10th,1/2 l,5,9-8p,57,True,161,26
Dundalk Racing Results | 7th February 2025 19:30,N/A,19:30,Standard,1m 4f,L'immortale (IRE),R C Colgan,0,Thomas Dowling,9th,1/2 l,5,9-2t,51,True,161,26
Dundalk Racing Results | 7th February 2025 19:30,N/A,19:30,Standard,1m 4f,You Done Well (IRE),J A Heffernan,0,K Purcell,8th,2 1/2 l,4,9-3p,54,True,161,26
Dundalk Racing Results | 7th February 2025 19:30,N/A,19:30,Standard,1m 4f,Bright Start (USA),R Donaghue-Leahy,7,S M Duffy,7th,1 1/2 l,8,9-1p,50,True,161,26
Dundalk Racing Results | 7th February 2025 19:30,N/A,19:30,Standard,1m 4f,Fine Print (IRE),J A Powell,3,J C McConnell,6th,Head,4,8-11tp,48,True,161,26
Dundalk Racing Results | 7th February 2025 19:30,N/A,19:30,Standard,1m 4f,Gardone (IRE),C D Hayes,0,E McNamara,4th,3/4 l,5,9-6b,55,True,161,26
Dundalk Racing Results | 7th February 2025 19:30,N/A,19:30,Standard,1m 4f,Latin (IRE),J M Sheridan,0,D Hogan,4th,Dead Heat,4,9-2p,53,True,161,26
Dundalk Racing Results | 7th February 2025 19:30,N/A,19:30,Standard,1m 4f,Nusra (IRE),J Pietropaolo,7,G Ahern,3rd,1 3/4 l,8,9-13p,62,True,161,26
Dundalk Racing Results | 7th February 2025 19:30,N/A,19:30,Standard,1m 4f,Dromore Glory (IRE),R P Cleary,0,P W Flynn,2nd,Neck,6,9-9p,58,True,161,26
Dundalk Racing Results | 7th February 2025 19:30,N/A,19:30,Standard,1m 4f,Omakase (IRE),D S O'Sullivan,7,P G Fahey,1st,N/A,7,8-13,48,True,161,26
Naas Racing Results | 8th February 2025 13:20,N/A,13:20,Soft (Yielding To Soft In Places),1m 7f 158y,Mickey Cohen (IRE),N J Ryan,7,N Meade,7th,20 l,4,11-0,-,True,161,27
Naas Racing Results | 8th February 2025 13:20,N/A,13:20,Soft (Yielding To Soft In Places),1m 7f 158y,Castleheath (IRE),E Walsh,0,Ciaran Murphy,6th,8 1/2 l,4,11-4,-,True,161,27
Naas Racing Results | 8th February 2025 13:20,N/A,13:20,Soft (Yielding To Soft In Places),1m 7f 158y,Kurasso Blue (FR),Sam Ewing,0,G Elliott,5th,Neck,4,11-7,-,True,161,27
Naas Racing Results | 8th February 2025 13:20,N/A,13:20,Soft (Yielding To Soft In Places),1m 7f 158y,Holy See (IRE),O R Brown,5,W Durkan,4th,2 l,4,11-0,-,True,161,27
Naas Racing Results | 8th February 2025 13:20,N/A,13:20,Soft (Yielding To Soft In Places),1m 7f 158y,Ephesus (IRE),D King,0,D Hogan,3rd,8 l,4,11-0t,-,True,161,27
Naas Racing Results | 8th February 2025 13:20,N/A,13:20,Soft (Yielding To Soft In Places),1m 7f 158y,Murcia (FR),P Townend,0,W P Mullins,2nd,Neck,4,11-7t,-,True,161,27
Naas Racing Results | 8th February 2025 13:20,N/A,13:20,Soft (Yielding To Soft In Places),1m 7f 158y,Bacchanalian,S F O'Keeffe,0,D Queally,1st,N/A,4,11-7,-,True,161,27
Naas Racing Results | 8th February 2025 13:20,N/A,13:20,Soft (Yielding To Soft In Places),1m 7f 158y,Mickey Cohen (IRE),N J Ryan,7,N Meade,7th,20 l,4,11-0,-,True,161,27
Naas Racing Results | 8th February 2025 13:20,N/A,13:20,Soft (Yielding To Soft In Places),1m 7f 158y,Castleheath (IRE),E Walsh,0,Ciaran Murphy,6th,8 1/2 l,4,11-4,-,True,161,27
Naas Racing Results | 8th February 2025 13:20,N/A,13:20,Soft (Yielding To Soft In Places),1m 7f 158y,Kurasso Blue (FR),Sam Ewing,0,G Elliott,5th,Neck,4,11-7,-,True,161,27
Naas Racing Results | 8th February 2025 13:20,N/A,13:20,Soft (Yielding To Soft In Places),1m 7f 158y,Holy See (IRE),O R Brown,5,W Durkan,4th,2 l,4,11-0,-,True,161,27
Naas Racing Results | 8th February 2025 13:20,N/A,13:20,Soft (Yielding To Soft In Places),1m 7f 158y,Ephesus (IRE),D King,0,D Hogan,3rd,8 l,4,11-0t,-,True,161,27
Naas Racing Results | 8th February 2025 13:20,N/A,13:20,Soft (Yielding To Soft In Places),1m 7f 158y,Murcia (FR),P Townend,0,W P Mullins,2nd,Neck,4,11-7t,-,True,161,27
Naas Racing Results | 8th February 2025 13:20,N/A,13:20,Soft (Yielding To Soft In Places),1m 7f 158y,Bacchanalian,S F O'Keeffe,0,D Queally,1st,N/A,4,11-7,-,True,161,27
Naas Racing Results | 8th February 2025 13:55,N/A,13:55,Soft (Yielding To Soft In Places),2m 2f 101y,Hay Baby (IRE),S W Flanagan,0,Peter Fahey,7th,8 l,6,10-10,-,True,161,28
Naas Racing Results | 8th February 2025 13:55,N/A,13:55,Soft (Yielding To Soft In Places),2m 2f 101y,Stretchemout (IRE),J C Gainford,0,G Elliott,6th,8 1/2 l,5,10-8,-,True,161,28
Naas Racing Results | 8th February 2025 13:55,N/A,13:55,Soft (Yielding To Soft In Places),2m 2f 101y,Attaboyarchie (IRE),Miss E J Sweeney,7,K Thornton,5th,3 l,8,10-13,-,True,161,28
Naas Racing Results | 8th February 2025 13:55,N/A,13:55,Soft (Yielding To Soft In Places),2m 2f 101y,A Tipp For Gold (IRE),P K Donovan,5,D Queally,4th,1/2 l,6,11-8h,-,True,161,28
Naas Racing Results | 8th February 2025 13:55,N/A,13:55,Soft (Yielding To Soft In Places),2m 2f 101y,Coral River (IRE),K M Donoghue,0,T Mullins,3rd,2 3/4 l,6,11-4,-,True,161,28
Naas Racing Results | 8th February 2025 13:55,N/A,13:55,Soft (Yielding To Soft In Places),2m 2f 101y,Koori Star (IRE),Sam Ewing,0,Peter Fahey,2nd,1 1/2 l,7,11-4,-,True,161,28
Naas Racing Results | 8th February 2025 13:55,N/A,13:55,Soft (Yielding To Soft In Places),2m 2f 101y,Scalpnagoon (IRE),D J Gilligan,0,G Elliott,1st,N/A,5,11-6,-,True,161,28
Naas Racing Results | 8th February 2025 13:55,N/A,13:55,Soft (Yielding To Soft In Places),2m 2f 101y,Hay Baby (IRE),S W Flanagan,0,Peter Fahey,7th,8 l,6,10-10,-,True,161,28
Naas Racing Results | 8th February 2025 13:55,N/A,13:55,Soft (Yielding To Soft In Places),2m 2f 101y,Stretchemout (IRE),J C Gainford,0,G Elliott,6th,8 1/2 l,5,10-8,-,True,161,28
Naas Racing Results | 8th February 2025 13:55,N/A,13:55,Soft (Yielding To Soft In Places),2m 2f 101y,Attaboyarchie (IRE),Miss E J Sweeney,7,K Thornton,5th,3 l,8,10-13,-,True,161,28
Naas Racing Results | 8th February 2025 13:55,N/A,13:55,Soft (Yielding To Soft In Places),2m 2f 101y,A Tipp For Gold (IRE),P K Donovan,5,D Queally,4th,1/2 l,6,11-8h,-,True,161,28
Naas Racing Results | 8th February 2025 13:55,N/A,13:55,Soft (Yielding To Soft In Places),2m 2f 101y,Coral River (IRE),K M Donoghue,0,T Mullins,3rd,2 3/4 l,6,11-4,-,True,161,28
Naas Racing Results | 8th February 2025 13:55,N/A,13:55,Soft (Yielding To Soft In Places),2m 2f 101y,Koori Star (IRE),Sam Ewing,0,Peter Fahey,2nd,1 1/2 l,7,11-4,-,True,161,28
Naas Racing Results | 8th February 2025 13:55,N/A,13:55,Soft (Yielding To Soft In Places),2m 2f 101y,Scalpnagoon (IRE),D J Gilligan,0,G Elliott,1st,N/A,5,11-6,-,True,161,28
Naas Racing Results | 8th February 2025 14:30,N/A,14:30,Soft (Yielding To Soft In Places),2m 2f 101y,Road To Home (IRE),B Hayes,0,W P Mullins,RO,N/A,6,11-12,-,True,161,29
Naas Racing Results | 8th February 2025 14:30,N/A,14:30,Soft (Yielding To Soft In Places),2m 2f 101y,Cardcounter (IRE),Sam Ewing,0,G Elliott,F,N/A,5,11-12,-,True,161,29
Naas Racing Results | 8th February 2025 14:30,N/A,14:30,Soft (Yielding To Soft In Places),2m 2f 101y,Native Dream (IRE),T Power Roche,5,W J Burke,F,N/A,7,11-12,-,True,161,29
Naas Racing Results | 8th February 2025 14:30,N/A,14:30,Soft (Yielding To Soft In Places),2m 2f 101y,Retreat Archie (IRE),P J O'Hanlon,0,Jamie Sloan,12th,3 l,6,11-12,-,True,161,29
Naas Racing Results | 8th February 2025 14:30,N/A,14:30,Soft (Yielding To Soft In Places),2m 2f 101y,Midnight Eugene (IRE),Mr D Doyle,7,T Doyle,11th,73 l,8,11-12,-,True,161,29
Naas Racing Results | 8th February 2025 14:30,N/A,14:30,Soft (Yielding To Soft In Places),2m 2f 101y,Big Mike,P T Enright,0,O McKiernan,10th,28 l,6,11-12,-,True,161,29
Naas Racing Results | 8th February 2025 14:30,N/A,14:30,Soft (Yielding To Soft In Places),2m 2f 101y,Siege Ofjadotville (IRE),L A McKenna,5,M Hassett,9th,7 1/2 l,5,11-12,-,True,161,29
Naas Racing Results | 8th February 2025 14:30,N/A,14:30,Soft (Yielding To Soft In Places),2m 2f 101y,Jersey Des Brosses (FR),D J Gilligan,0,G Elliott,8th,7 l,6,11-12t,-,True,161,29
Naas Racing Results | 8th February 2025 14:30,N/A,14:30,Soft (Yielding To Soft In Places),2m 2f 101y,Live To Laugh (IRE),S W Flanagan,0,Peter Fahey,7th,20 l,6,11-12,-,True,161,29
Naas Racing Results | 8th February 2025 14:30,N/A,14:30,Soft (Yielding To Soft In Places),2m 2f 101y,Hitak (FR),P Hanlon,7,Miss T L Cogan,6th,1/2 l,8,11-12,-,True,161,29
Naas Racing Results | 8th February 2025 14:30,N/A,14:30,Soft (Yielding To Soft In Places),2m 2f 101y,Peaceinthevalley (FR),D J O'Keeffe,0,H De Bromhead,5th,Head,6,11-12,-,True,161,29
Naas Racing Results | 8th February 2025 14:30,N/A,14:30,Soft (Yielding To Soft In Places),2m 2f 101y,Promontory (IRE),A P Kelly,5,Sarah Connell,4th,11 l,8,11-12,-,True,161,29
Naas Racing Results | 8th February 2025 14:30,N/A,14:30,Soft (Yielding To Soft In Places),2m 2f 101y,Jump Allen (FR),P Townend,0,W P Mullins,3rd,8 1/2 l,6,11-12t,-,True,161,29
Naas Racing Results | 8th February 2025 14:30,N/A,14:30,Soft (Yielding To Soft In Places),2m 2f 101y,Autoportrait (FR),G Brouder,3,M F Morris,2nd,4 l,5,11-12p,-,True,161,29
Naas Racing Results | 8th February 2025 14:30,N/A,14:30,Soft (Yielding To Soft In Places),2m 2f 101y,Lovely Hurling (IRE),M P Walsh,0,Colm Murphy,1st,N/A,6,11-12,-,True,161,29
Naas Racing Results | 8th February 2025 14:30,N/A,14:30,Soft (Yielding To Soft In Places),2m 2f 101y,Road To Home (IRE),B Hayes,0,W P Mullins,RO,N/A,6,11-12,-,True,161,29
Naas Racing Results | 8th February 2025 14:30,N/A,14:30,Soft (Yielding To Soft In Places),2m 2f 101y,Cardcounter (IRE),Sam Ewing,0,G Elliott,F,N/A,5,11-12,-,True,161,29
Naas Racing Results | 8th February 2025 14:30,N/A,14:30,Soft (Yielding To Soft In Places),2m 2f 101y,Native Dream (IRE),T Power Roche,5,W J Burke,F,N/A,7,11-12,-,True,161,29
Naas Racing Results | 8th February 2025 14:30,N/A,14:30,Soft (Yielding To Soft In Places),2m 2f 101y,Retreat Archie (IRE),P J O'Hanlon,0,Jamie Sloan,12th,3 l,6,11-12,-,True,161,29
Naas Racing Results | 8th February 2025 14:30,N/A,14:30,Soft (Yielding To Soft In Places),2m 2f 101y,Midnight Eugene (IRE),Mr D Doyle,7,T Doyle,11th,73 l,8,11-12,-,True,161,29
Naas Racing Results | 8th February 2025 14:30,N/A,14:30,Soft (Yielding To Soft In Places),2m 2f 101y,Big Mike,P T Enright,0,O McKiernan,10th,28 l,6,11-12,-,True,161,29
Naas Racing Results | 8th February 2025 14:30,N/A,14:30,Soft (Yielding To Soft In Places),2m 2f 101y,Siege Ofjadotville (IRE),L A McKenna,5,M Hassett,9th,7 1/2 l,5,11-12,-,True,161,29
Naas Racing Results | 8th February 2025 14:30,N/A,14:30,Soft (Yielding To Soft In Places),2m 2f 101y,Jersey Des Brosses (FR),D J Gilligan,0,G Elliott,8th,7 l,6,11-12t,-,True,161,29
Naas Racing Results | 8th February 2025 14:30,N/A,14:30,Soft (Yielding To Soft In Places),2m 2f 101y,Live To Laugh (IRE),S W Flanagan,0,Peter Fahey,7th,20 l,6,11-12,-,True,161,29
Naas Racing Results | 8th February 2025 14:30,N/A,14:30,Soft (Yielding To Soft In Places),2m 2f 101y,Hitak (FR),P Hanlon,7,Miss T L Cogan,6th,1/2 l,8,11-12,-,True,161,29
Naas Racing Results | 8th February 2025 14:30,N/A,14:30,Soft (Yielding To Soft In Places),2m 2f 101y,Peaceinthevalley (FR),D J O'Keeffe,0,H De Bromhead,5th,Head,6,11-12,-,True,161,29
Naas Racing Results | 8th February 2025 14:30,N/A,14:30,Soft (Yielding To Soft In Places),2m 2f 101y,Promontory (IRE),A P Kelly,5,Sarah Connell,4th,11 l,8,11-12,-,True,161,29
Naas Racing Results | 8th February 2025 14:30,N/A,14:30,Soft (Yielding To Soft In Places),2m 2f 101y,Jump Allen (FR),P Townend,0,W P Mullins,3rd,8 1/2 l,6,11-12t,-,True,161,29
Naas Racing Results | 8th February 2025 14:30,N/A,14:30,Soft (Yielding To Soft In Places),2m 2f 101y,Autoportrait (FR),G Brouder,3,M F Morris,2nd,4 l,5,11-12p,-,True,161,29
Naas Racing Results | 8th February 2025 14:30,N/A,14:30,Soft (Yielding To Soft In Places),2m 2f 101y,Lovely Hurling (IRE),M P Walsh,0,Colm Murphy,1st,N/A,6,11-12,-,True,161,29
Naas Racing Results | 8th February 2025 15:05,N/A,15:05,Soft (Yielding To Soft In Places),1m 7f 158y,Master Otis (IRE),Niall Moore,0,T Mullins,NR,N/A,6,11-1,109,True,161,30
Naas Racing Results | 8th February 2025 15:05,N/A,15:05,Soft (Yielding To Soft In Places),1m 7f 158y,Ragmans Corner (IRE),T P Harney,0,G Keane,PU,N/A,6,11-7,115,True,161,30
Naas Racing Results | 8th February 2025 15:05,N/A,15:05,Soft (Yielding To Soft In Places),1m 7f 158y,Ballycallan King (IRE),S Cleary-Farrell,0,Barry J Fitzgerald,10th,11 l,8,11-7,115,True,161,30
Naas Racing Results | 8th February 2025 15:05,N/A,15:05,Soft (Yielding To Soft In Places),1m 7f 158y,The Truant (IRE),B P Kennedy,2,P W Flynn,9th,8 1/2 l,8,10-9,103,True,161,30
Naas Racing Results | 8th February 2025 15:05,N/A,15:05,Soft (Yielding To Soft In Places),1m 7f 158y,Your Honor (IRE),P T Smithers,0,J Nash,8th,1 1/2 l,6,11-11,119,True,161,30
Naas Racing Results | 8th February 2025 15:05,N/A,15:05,Soft (Yielding To Soft In Places),1m 7f 158y,Doctor Churchill (IRE),C D Smithers,0,P J Hayes,7th,Neck,7,11-6p,114,True,161,30
Naas Racing Results | 8th February 2025 15:05,N/A,15:05,Soft (Yielding To Soft In Places),1m 7f 158y,Well Dressed (IRE),Cian Cullinan,0,E & P Harty,6th,1 1/2 l,6,12-0,122,True,161,30
Naas Racing Results | 8th February 2025 15:05,N/A,15:05,Soft (Yielding To Soft In Places),1m 7f 158y,Miss Gherkin (IRE),H E Sexton,0,P Croke,5th,3/4 l,6,11-5,113,True,161,30
Naas Racing Results | 8th February 2025 15:05,N/A,15:05,Soft (Yielding To Soft In Places),1m 7f 158y,Bynx (IRE),R A Berry,2,M Hassett,4th,Short Head,7,11-0,108,True,161,30
Naas Racing Results | 8th February 2025 15:05,N/A,15:05,Soft (Yielding To Soft In Places),1m 7f 158y,Mercury Mission,P Hanlon,0,P J Rothwell,3rd,8 1/2 l,6,10-8p,102,True,161,30
Naas Racing Results | 8th February 2025 15:05,N/A,15:05,Soft (Yielding To Soft In Places),1m 7f 158y,Fairyland Opera (IRE),Conor Clarke,0,L Fowler,2nd,Neck,6,10-12t,106,True,161,30
Naas Racing Results | 8th February 2025 15:05,N/A,15:05,Soft (Yielding To Soft In Places),1m 7f 158y,Duke Of Leggagh (IRE),P M O'Brien,0,M Mulvany,1st,N/A,5,10-11t,105,True,161,30
Naas Racing Results | 8th February 2025 15:05,N/A,15:05,Soft (Yielding To Soft In Places),1m 7f 158y,Master Otis (IRE),Niall Moore,0,T Mullins,NR,N/A,6,11-1,109,True,161,30
Naas Racing Results | 8th February 2025 15:05,N/A,15:05,Soft (Yielding To Soft In Places),1m 7f 158y,Ragmans Corner (IRE),T P Harney,0,G Keane,PU,N/A,6,11-7,115,True,161,30
Naas Racing Results | 8th February 2025 15:05,N/A,15:05,Soft (Yielding To Soft In Places),1m 7f 158y,Ballycallan King (IRE),S Cleary-Farrell,0,Barry J Fitzgerald,10th,11 l,8,11-7,115,True,161,30
Naas Racing Results | 8th February 2025 15:05,N/A,15:05,Soft (Yielding To Soft In Places),1m 7f 158y,The Truant (IRE),B P Kennedy,2,P W Flynn,9th,8 1/2 l,8,10-9,103,True,161,30
Naas Racing Results | 8th February 2025 15:05,N/A,15:05,Soft (Yielding To Soft In Places),1m 7f 158y,Your Honor (IRE),P T Smithers,0,J Nash,8th,1 1/2 l,6,11-11,119,True,161,30
Naas Racing Results | 8th February 2025 15:05,N/A,15:05,Soft (Yielding To Soft In Places),1m 7f 158y,Doctor Churchill (IRE),C D Smithers,0,P J Hayes,7th,Neck,7,11-6p,114,True,161,30
Naas Racing Results | 8th February 2025 15:05,N/A,15:05,Soft (Yielding To Soft In Places),1m 7f 158y,Well Dressed (IRE),Cian Cullinan,0,E & P Harty,6th,1 1/2 l,6,12-0,122,True,161,30
Naas Racing Results | 8th February 2025 15:05,N/A,15:05,Soft (Yielding To Soft In Places),1m 7f 158y,Miss Gherkin (IRE),H E Sexton,0,P Croke,5th,3/4 l,6,11-5,113,True,161,30
Naas Racing Results | 8th February 2025 15:05,N/A,15:05,Soft (Yielding To Soft In Places),1m 7f 158y,Bynx (IRE),R A Berry,2,M Hassett,4th,Short Head,7,11-0,108,True,161,30
Naas Racing Results | 8th February 2025 15:05,N/A,15:05,Soft (Yielding To Soft In Places),1m 7f 158y,Mercury Mission,P Hanlon,0,P J Rothwell,3rd,8 1/2 l,6,10-8p,102,True,161,30
Naas Racing Results | 8th February 2025 15:05,N/A,15:05,Soft (Yielding To Soft In Places),1m 7f 158y,Fairyland Opera (IRE),Conor Clarke,0,L Fowler,2nd,Neck,6,10-12t,106,True,161,30
Naas Racing Results | 8th February 2025 15:05,N/A,15:05,Soft (Yielding To Soft In Places),1m 7f 158y,Duke Of Leggagh (IRE),P M O'Brien,0,M Mulvany,1st,N/A,5,10-11t,105,True,161,30
Naas Racing Results | 8th February 2025 15:40,N/A,15:40,Soft (Yielding To Soft In Places) ace (Turf),1m 7f 158y,Our Sonny (IRE),Mr A P Ryan,7,T Mullins,NR,N/A,4,11-10,-,True,161,31
Naas Racing Results | 8th February 2025 15:40,N/A,15:40,Soft (Yielding To Soft In Places) ace (Turf),1m 7f 158y,Shabra Diya (IRE),Miss A B O'Connor,0,A McCann,4th,3 l,4,11-10p1,-,True,161,31
Naas Racing Results | 8th February 2025 15:40,N/A,15:40,Soft (Yielding To Soft In Places) ace (Turf),1m 7f 158y,Facile Ocean (IRE),Mr C Mullins,7,T Mullins,3rd,1 l,4,11-10,-,True,161,31
Naas Racing Results | 8th February 2025 15:40,N/A,15:40,Soft (Yielding To Soft In Places) ace (Turf),1m 7f 158y,Apples Jane (IRE),Mr J H Williamson,7,G Elliott,2nd,3/4 l,4,11-3,-,True,161,31
Naas Racing Results | 8th February 2025 15:40,N/A,15:40,Soft (Yielding To Soft In Places) ace (Turf),1m 7f 158y,Eternal Echo (IRE),Mr H C Swan,0,G Elliott,1st,N/A,4,11-10h1,-,True,161,31
Naas Racing Results | 8th February 2025 15:40,N/A,15:40,Soft (Yielding To Soft In Places) ace (Turf),1m 7f 158y,Our Sonny (IRE),Mr A P Ryan,7,T Mullins,NR,N/A,4,11-10,-,True,161,31
Naas Racing Results | 8th February 2025 15:40,N/A,15:40,Soft (Yielding To Soft In Places) ace (Turf),1m 7f 158y,Shabra Diya (IRE),Miss A B O'Connor,0,A McCann,4th,3 l,4,11-10p1,-,True,161,31
Naas Racing Results | 8th February 2025 15:40,N/A,15:40,Soft (Yielding To Soft In Places) ace (Turf),1m 7f 158y,Facile Ocean (IRE),Mr C Mullins,7,T Mullins,3rd,1 l,4,11-10,-,True,161,31
Naas Racing Results | 8th February 2025 15:40,N/A,15:40,Soft (Yielding To Soft In Places) ace (Turf),1m 7f 158y,Apples Jane (IRE),Mr J H Williamson,7,G Elliott,2nd,3/4 l,4,11-3,-,True,161,31
Naas Racing Results | 8th February 2025 15:40,N/A,15:40,Soft (Yielding To Soft In Places) ace (Turf),1m 7f 158y,Eternal Echo (IRE),Mr H C Swan,0,G Elliott,1st,N/A,4,11-10h1,-,True,161,31
Naas Racing Results | 8th February 2025 16:15,N/A,16:15,Soft,2m,Must Be Obeyed (IRE),D J O'Keeffe,0,T Gibney,3rd,57 l,9,10-11,-,True,161,32
Naas Racing Results | 8th February 2025 16:15,N/A,16:15,Soft,2m,Allegorie De Vassy (FR),P Townend,0,W P Mullins,2nd,Neck,8,11-3t,-,True,161,32
Naas Racing Results | 8th February 2025 16:15,N/A,16:15,Soft,2m,Dinoblue (FR),M P Walsh,0,W P Mullins,1st,N/A,8,11-9t,-,True,161,32
Naas Racing Results | 8th February 2025 16:15,N/A,16:15,Soft,2m,Must Be Obeyed (IRE),D J O'Keeffe,0,T Gibney,3rd,57 l,9,10-11,-,True,161,32
Naas Racing Results | 8th February 2025 16:15,N/A,16:15,Soft,2m,Allegorie De Vassy (FR),P Townend,0,W P Mullins,2nd,Neck,8,11-3t,-,True,161,32
Naas Racing Results | 8th February 2025 16:15,N/A,16:15,Soft,2m,Dinoblue (FR),M P Walsh,0,W P Mullins,1st,N/A,8,11-9t,-,True,161,32
Naas Racing Results | 8th February 2025 16:50,N/A,16:50,Soft,3m 175y,King Alex (FR),Mr J Ahern,7,G Ahern,PU,N/A,11,12-0p1,-,True,161,33
Naas Racing Results | 8th February 2025 16:50,N/A,16:50,Soft,3m 175y,Arverne (FR),Mr J R Martin,7,G P Cromwell,8th,25 l,10,12-0,-,True,161,33
Naas Racing Results | 8th February 2025 16:50,N/A,16:50,Soft,3m 175y,Lonesome Boatman (FR),Mr D Allen,0,Sean Allen,7th,29 l,9,12-0,-,True,161,33
Naas Racing Results | 8th February 2025 16:50,N/A,16:50,Soft,3m 175y,Annamix (FR),Mr M N Sharpe,7,Stephen Gerard Carey,6th,14 l,12,12-0,-,True,161,33
Naas Racing Results | 8th February 2025 16:50,N/A,16:50,Soft,3m 175y,Balkito (FR),Mr P J O'Neill,7,John F O'Neill,5th,6 l,10,12-0,-,True,161,33
Naas Racing Results | 8th February 2025 16:50,N/A,16:50,Soft,3m 175y,Big Interest (IRE),Mr B O'Neill,0,D M Christie,4th,4 l,6,12-0t,-,True,161,33
Naas Racing Results | 8th February 2025 16:50,N/A,16:50,Soft,3m 175y,Its On The Line (IRE),Mr D O'Connor,0,E Mullins,3rd,5 1/2 l,8,12-0,-,True,161,33
Naas Racing Results | 8th February 2025 16:50,N/A,16:50,Soft,3m 175y,Ontheropes (IRE),Mr C Mullins,7,T Mullins,2nd,12 l,11,12-0,-,True,161,33
Naas Racing Results | 8th February 2025 16:50,N/A,16:50,Soft,3m 175y,Ryehill (IRE),Mr L P Shanahan,7,R O'Sullivan,1st,N/A,8,12-0,-,True,161,33
Naas Racing Results | 8th February 2025 16:50,N/A,16:50,Soft,3m 175y,King Alex (FR),Mr J Ahern,7,G Ahern,PU,N/A,11,12-0p1,-,True,161,33
Naas Racing Results | 8th February 2025 16:50,N/A,16:50,Soft,3m 175y,Arverne (FR),Mr J R Martin,7,G P Cromwell,8th,25 l,10,12-0,-,True,161,33
Naas Racing Results | 8th February 2025 16:50,N/A,16:50,Soft,3m 175y,Lonesome Boatman (FR),Mr D Allen,0,Sean Allen,7th,29 l,9,12-0,-,True,161,33
Naas Racing Results | 8th February 2025 16:50,N/A,16:50,Soft,3m 175y,Annamix (FR),Mr M N Sharpe,7,Stephen Gerard Carey,6th,14 l,12,12-0,-,True,161,33
Naas Racing Results | 8th February 2025 16:50,N/A,16:50,Soft,3m 175y,Balkito (FR),Mr P J O'Neill,7,John F O'Neill,5th,6 l,10,12-0,-,True,161,33
Naas Racing Results | 8th February 2025 16:50,N/A,16:50,Soft,3m 175y,Big Interest (IRE),Mr B O'Neill,0,D M Christie,4th,4 l,6,12-0t,-,True,161,33
Naas Racing Results | 8th February 2025 16:50,N/A,16:50,Soft,3m 175y,Its On The Line (IRE),Mr D O'Connor,0,E Mullins,3rd,5 1/2 l,8,12-0,-,True,161,33
Naas Racing Results | 8th February 2025 16:50,N/A,16:50,Soft,3m 175y,Ontheropes (IRE),Mr C Mullins,7,T Mullins,2nd,12 l,11,12-0,-,True,161,33
Naas Racing Results | 8th February 2025 16:50,N/A,16:50,Soft,3m 175y,Ryehill (IRE),Mr L P Shanahan,7,R O'Sullivan,1st,N/A,8,12-0,-,True,161,33
Navan Racing Results | 9th February 2025 13:40,N/A,13:40,Soft To Heavy,1m 7f 150y,Bective Thunder (IRE),C P Millar,5,G Elliott,NR,N/A,6,11-12,-,True,161,34
Navan Racing Results | 9th February 2025 13:40,N/A,13:40,Soft To Heavy,1m 7f 150y,Journey So Far (IRE),S W Flanagan,0,G P Cromwell,UR,N/A,5,11-12,-,True,161,34
Navan Racing Results | 9th February 2025 13:40,N/A,13:40,Soft To Heavy,1m 7f 150y,Grandioso (IRE),R A Berry,7,J A Berry,PU,N/A,5,11-12,-,True,161,34
Navan Racing Results | 9th February 2025 13:40,N/A,13:40,Soft To Heavy,1m 7f 150y,Fortunes Told (IRE),K C Sexton,0,G Elliott,12th,2 l,6,11-5,-,True,161,34
Navan Racing Results | 9th February 2025 13:40,N/A,13:40,Soft To Heavy,1m 7f 150y,Ri An Chnoic (IRE),K E Buckley,0,G P Cromwell,11th,9 l,6,11-12h,-,True,161,34
Navan Racing Results | 9th February 2025 13:40,N/A,13:40,Soft To Heavy,1m 7f 150y,Glens Sensation (IRE),S D Torrens,0,Peter Fahey,10th,25 l,7,11-12,-,True,161,34
Navan Racing Results | 9th February 2025 13:40,N/A,13:40,Soft To Heavy,1m 7f 150y,Chisum (IRE),B W Harvey,0,N McKnight,9th,24 l,5,11-12,-,True,161,34
Navan Racing Results | 9th February 2025 13:40,N/A,13:40,Soft To Heavy,1m 7f 150y,Glenashling (IRE),C Stone-Walsh,5,G P Cromwell,8th,9 1/2 l,6,11-12,-,True,161,34
Navan Racing Results | 9th February 2025 13:40,N/A,13:40,Soft To Heavy,1m 7f 150y,Salt Bay (GER),Rachael Blackmore,0,H De Bromhead,7th,3/4 l,5,11-12,-,True,161,34
Navan Racing Results | 9th February 2025 13:40,N/A,13:40,Soft To Heavy,1m 7f 150y,Fierce Handay (IRE),M P Walsh,0,N Meade,6th,2 3/4 l,5,11-12,-,True,161,34
Navan Racing Results | 9th February 2025 13:40,N/A,13:40,Soft To Heavy,1m 7f 150y,Icare D'aubrelle (FR),D Meyler,0,T Cooper,5th,6 1/2 l,7,11-12,-,True,161,34
Navan Racing Results | 9th February 2025 13:40,N/A,13:40,Soft To Heavy,1m 7f 150y,Harry's Legacy,D J O'Keeffe,0,R O'Sullivan,4th,2 l,7,11-12t,-,True,161,34
Navan Racing Results | 9th February 2025 13:40,N/A,13:40,Soft To Heavy,1m 7f 150y,St Cuthbert's Cave (IRE),D J Gilligan,0,G Elliott,3rd,4 3/4 l,7,11-12t,-,True,161,34
Navan Racing Results | 9th February 2025 13:40,N/A,13:40,Soft To Heavy,1m 7f 150y,Come Walk With Me (IRE),E Walsh,0,E Cawley,2nd,8 l,6,11-12,-,True,161,34
Navan Racing Results | 9th February 2025 13:40,N/A,13:40,Soft To Heavy,1m 7f 150y,Honesty Policy (IRE),Sam Ewing,0,G Elliott,1st,N/A,5,11-12,-,True,161,34
Navan Racing Results | 9th February 2025 13:40,N/A,13:40,Soft To Heavy,1m 7f 150y,Bective Thunder (IRE),C P Millar,5,G Elliott,NR,N/A,6,11-12,-,True,161,34
Navan Racing Results | 9th February 2025 13:40,N/A,13:40,Soft To Heavy,1m 7f 150y,Journey So Far (IRE),S W Flanagan,0,G P Cromwell,UR,N/A,5,11-12,-,True,161,34
Navan Racing Results | 9th February 2025 13:40,N/A,13:40,Soft To Heavy,1m 7f 150y,Grandioso (IRE),R A Berry,7,J A Berry,PU,N/A,5,11-12,-,True,161,34
Navan Racing Results | 9th February 2025 13:40,N/A,13:40,Soft To Heavy,1m 7f 150y,Fortunes Told (IRE),K C Sexton,0,G Elliott,12th,2 l,6,11-5,-,True,161,34
Navan Racing Results | 9th February 2025 13:40,N/A,13:40,Soft To Heavy,1m 7f 150y,Ri An Chnoic (IRE),K E Buckley,0,G P Cromwell,11th,9 l,6,11-12h,-,True,161,34
Navan Racing Results | 9th February 2025 13:40,N/A,13:40,Soft To Heavy,1m 7f 150y,Glens Sensation (IRE),S D Torrens,0,Peter Fahey,10th,25 l,7,11-12,-,True,161,34
Navan Racing Results | 9th February 2025 13:40,N/A,13:40,Soft To Heavy,1m 7f 150y,Chisum (IRE),B W Harvey,0,N McKnight,9th,24 l,5,11-12,-,True,161,34
Navan Racing Results | 9th February 2025 13:40,N/A,13:40,Soft To Heavy,1m 7f 150y,Glenashling (IRE),C Stone-Walsh,5,G P Cromwell,8th,9 1/2 l,6,11-12,-,True,161,34
Navan Racing Results | 9th February 2025 13:40,N/A,13:40,Soft To Heavy,1m 7f 150y,Salt Bay (GER),Rachael Blackmore,0,H De Bromhead,7th,3/4 l,5,11-12,-,True,161,34
Navan Racing Results | 9th February 2025 13:40,N/A,13:40,Soft To Heavy,1m 7f 150y,Fierce Handay (IRE),M P Walsh,0,N Meade,6th,2 3/4 l,5,11-12,-,True,161,34
Navan Racing Results | 9th February 2025 13:40,N/A,13:40,Soft To Heavy,1m 7f 150y,Icare D'aubrelle (FR),D Meyler,0,T Cooper,5th,6 1/2 l,7,11-12,-,True,161,34
Navan Racing Results | 9th February 2025 13:40,N/A,13:40,Soft To Heavy,1m 7f 150y,Harry's Legacy,D J O'Keeffe,0,R O'Sullivan,4th,2 l,7,11-12t,-,True,161,34
Navan Racing Results | 9th February 2025 13:40,N/A,13:40,Soft To Heavy,1m 7f 150y,St Cuthbert's Cave (IRE),D J Gilligan,0,G Elliott,3rd,4 3/4 l,7,11-12t,-,True,161,34
Navan Racing Results | 9th February 2025 13:40,N/A,13:40,Soft To Heavy,1m 7f 150y,Come Walk With Me (IRE),E Walsh,0,E Cawley,2nd,8 l,6,11-12,-,True,161,34
Navan Racing Results | 9th February 2025 13:40,N/A,13:40,Soft To Heavy,1m 7f 150y,Honesty Policy (IRE),Sam Ewing,0,G Elliott,1st,N/A,5,11-12,-,True,161,34
Navan Racing Results | 9th February 2025 14:10,N/A,14:10,Soft To Heavy,2m 4f,Magic Boum (FR),Sam Ewing,0,G Elliott,6th,37 l,5,10-9,-,True,161,35
Navan Racing Results | 9th February 2025 14:10,N/A,14:10,Soft To Heavy,2m 4f,Workinonadream (IRE),S D Torrens,0,P J Rothwell,5th,2 3/4 l,7,10-9p,-,True,161,35
Navan Racing Results | 9th February 2025 14:10,N/A,14:10,Soft To Heavy,2m 4f,Grainne A Chroi (IRE),P T Enright,0,Miss M Harding,4th,4 3/4 l,6,10-9,-,True,161,35
Navan Racing Results | 9th February 2025 14:10,N/A,14:10,Soft To Heavy,2m 4f,Just For Love (IRE),P Townend,0,W P Mullins,3rd,2 1/4 l,6,10-13,-,True,161,35
Navan Racing Results | 9th February 2025 14:10,N/A,14:10,Soft To Heavy,2m 4f,Blue Mosque (IRE),D Meyler,0,N Meade,2nd,8 l,5,10-9,-,True,161,35
Navan Racing Results | 9th February 2025 14:10,N/A,14:10,Soft To Heavy,2m 4f,Tareze (IRE),D J O'Keeffe,0,H De Bromhead,1st,N/A,6,10-9,-,True,161,35
Navan Racing Results | 9th February 2025 14:10,N/A,14:10,Soft To Heavy,2m 4f,Magic Boum (FR),Sam Ewing,0,G Elliott,6th,37 l,5,10-9,-,True,161,35
Navan Racing Results | 9th February 2025 14:10,N/A,14:10,Soft To Heavy,2m 4f,Workinonadream (IRE),S D Torrens,0,P J Rothwell,5th,2 3/4 l,7,10-9p,-,True,161,35
Navan Racing Results | 9th February 2025 14:10,N/A,14:10,Soft To Heavy,2m 4f,Grainne A Chroi (IRE),P T Enright,0,Miss M Harding,4th,4 3/4 l,6,10-9,-,True,161,35
Navan Racing Results | 9th February 2025 14:10,N/A,14:10,Soft To Heavy,2m 4f,Just For Love (IRE),P Townend,0,W P Mullins,3rd,2 1/4 l,6,10-13,-,True,161,35
Navan Racing Results | 9th February 2025 14:10,N/A,14:10,Soft To Heavy,2m 4f,Blue Mosque (IRE),D Meyler,0,N Meade,2nd,8 l,5,10-9,-,True,161,35
Navan Racing Results | 9th February 2025 14:10,N/A,14:10,Soft To Heavy,2m 4f,Tareze (IRE),D J O'Keeffe,0,H De Bromhead,1st,N/A,6,10-9,-,True,161,35
Navan Racing Results | 9th February 2025 14:40,N/A,14:40,Soft To Heavy,2m 5f 180y,Riviere D'etel (FR),J C Gainford,0,G Elliott,PU,N/A,8,10-10p,-,True,161,36
Navan Racing Results | 9th February 2025 14:40,N/A,14:40,Soft To Heavy,2m 5f 180y,Minella Indo (IRE),Rachael Blackmore,0,H De Bromhead,6th,5 l,12,11-3,-,True,161,36
Navan Racing Results | 9th February 2025 14:40,N/A,14:40,Soft To Heavy,2m 5f 180y,Meet And Greet (IRE),P T Enright,0,O McKiernan,5th,6 1/2 l,9,11-3,-,True,161,36
Navan Racing Results | 9th February 2025 14:40,N/A,14:40,Soft To Heavy,2m 5f 180y,Busselton (FR),R Deegan,0,J P O'Brien,4th,3/4 l,8,11-3,-,True,161,36
Navan Racing Results | 9th February 2025 14:40,N/A,14:40,Soft To Heavy,2m 5f 180y,Farren Glory (IRE),Sam Ewing,0,G Elliott,3rd,8 1/2 l,8,11-12,-,True,161,36
Navan Racing Results | 9th February 2025 14:40,N/A,14:40,Soft To Heavy,2m 5f 180y,Thedevilscoachman (IRE),M P Walsh,0,N Meade,2nd,4 l,9,11-3t,-,True,161,36
Navan Racing Results | 9th February 2025 14:40,N/A,14:40,Soft To Heavy,2m 5f 180y,Maxxum (IRE),D J Gilligan,0,G Elliott,1st,N/A,8,11-3,-,True,161,36
Navan Racing Results | 9th February 2025 14:40,N/A,14:40,Soft To Heavy,2m 5f 180y,Riviere D'etel (FR),J C Gainford,0,G Elliott,PU,N/A,8,10-10p,-,True,161,36
Navan Racing Results | 9th February 2025 14:40,N/A,14:40,Soft To Heavy,2m 5f 180y,Minella Indo (IRE),Rachael Blackmore,0,H De Bromhead,6th,5 l,12,11-3,-,True,161,36
Navan Racing Results | 9th February 2025 14:40,N/A,14:40,Soft To Heavy,2m 5f 180y,Meet And Greet (IRE),P T Enright,0,O McKiernan,5th,6 1/2 l,9,11-3,-,True,161,36
Navan Racing Results | 9th February 2025 14:40,N/A,14:40,Soft To Heavy,2m 5f 180y,Busselton (FR),R Deegan,0,J P O'Brien,4th,3/4 l,8,11-3,-,True,161,36
Navan Racing Results | 9th February 2025 14:40,N/A,14:40,Soft To Heavy,2m 5f 180y,Farren Glory (IRE),Sam Ewing,0,G Elliott,3rd,8 1/2 l,8,11-12,-,True,161,36
Navan Racing Results | 9th February 2025 14:40,N/A,14:40,Soft To Heavy,2m 5f 180y,Thedevilscoachman (IRE),M P Walsh,0,N Meade,2nd,4 l,9,11-3t,-,True,161,36
Navan Racing Results | 9th February 2025 14:40,N/A,14:40,Soft To Heavy,2m 5f 180y,Maxxum (IRE),D J Gilligan,0,G Elliott,1st,N/A,8,11-3,-,True,161,36
Navan Racing Results | 9th February 2025 15:12,N/A,15:12,Soft To Heavy,2m 5f 180y,The Miracle Man (IRE),C Stone-Walsh,5,A L T Moore,UR,N/A,7,11-0,98,True,161,37
Navan Racing Results | 9th February 2025 15:12,N/A,15:12,Soft To Heavy,2m 5f 180y,Wrecking Ball Paul (IRE),B W Harvey,0,Paul Mulligan,PU,N/A,7,11-6t,104,True,161,37
Navan Racing Results | 9th February 2025 15:12,N/A,15:12,Soft To Heavy,2m 5f 180y,Pointe A Pitre (FR),S W Flanagan,0,P Nolan,PU,N/A,6,11-2,100,True,161,37
Navan Racing Results | 9th February 2025 15:12,N/A,15:12,Soft To Heavy,2m 5f 180y,Famous Sonnet (IRE),E M O'Sullivan,7,Ms M Flynn,PU,N/A,8,10-5,89,True,161,37
Navan Racing Results | 9th February 2025 15:12,N/A,15:12,Soft To Heavy,2m 5f 180y,Kyle Valley (IRE),S D Torrens,0,P J Rothwell,8th,53 l,7,10-0p1,84,True,161,37
Navan Racing Results | 9th February 2025 15:12,N/A,15:12,Soft To Heavy,2m 5f 180y,Cooltubrid Eva (IRE),P K Donovan,5,Diarmuid P Ryan,7th,15 l,6,11-2,100,True,161,37
Navan Racing Results | 9th February 2025 15:12,N/A,15:12,Soft To Heavy,2m 5f 180y,Not My Problem,D J O'Keeffe,0,R O'Sullivan,6th,8 l,6,11-3p,101,True,161,37
Navan Racing Results | 9th February 2025 15:12,N/A,15:12,Soft To Heavy,2m 5f 180y,Tell Nobody Nothin (IRE),D Meyler,0,N Meade,5th,2 l,5,11-9p1,107,True,161,37
Navan Racing Results | 9th February 2025 15:12,N/A,15:12,Soft To Heavy,2m 5f 180y,Nathan Wells,Sam Ewing,0,G Elliott,4th,4 1/2 l,6,11-8b1,106,True,161,37
Navan Racing Results | 9th February 2025 15:12,N/A,15:12,Soft To Heavy,2m 5f 180y,Comeonarchie (IRE),P M O'Brien,7,F G Hand,3rd,20 l,8,10-11t,95,True,161,37
Navan Racing Results | 9th February 2025 15:12,N/A,15:12,Soft To Heavy,2m 5f 180y,Coffeys Forge (IRE),D J Gilligan,0,G Elliott,2nd,14 l,9,10-8p,92,True,161,37
Navan Racing Results | 9th February 2025 15:12,N/A,15:12,Soft To Heavy,2m 5f 180y,Waittillitellyou (IRE),C P Millar,5,E Cawley,1st,N/A,11,12-2t,114,True,161,37
Navan Racing Results | 9th February 2025 15:12,N/A,15:12,Soft To Heavy,2m 5f 180y,The Miracle Man (IRE),C Stone-Walsh,5,A L T Moore,UR,N/A,7,11-0,98,True,161,37
Navan Racing Results | 9th February 2025 15:12,N/A,15:12,Soft To Heavy,2m 5f 180y,Wrecking Ball Paul (IRE),B W Harvey,0,Paul Mulligan,PU,N/A,7,11-6t,104,True,161,37
Navan Racing Results | 9th February 2025 15:12,N/A,15:12,Soft To Heavy,2m 5f 180y,Pointe A Pitre (FR),S W Flanagan,0,P Nolan,PU,N/A,6,11-2,100,True,161,37
Navan Racing Results | 9th February 2025 15:12,N/A,15:12,Soft To Heavy,2m 5f 180y,Famous Sonnet (IRE),E M O'Sullivan,7,Ms M Flynn,PU,N/A,8,10-5,89,True,161,37
Navan Racing Results | 9th February 2025 15:12,N/A,15:12,Soft To Heavy,2m 5f 180y,Kyle Valley (IRE),S D Torrens,0,P J Rothwell,8th,53 l,7,10-0p1,84,True,161,37
Navan Racing Results | 9th February 2025 15:12,N/A,15:12,Soft To Heavy,2m 5f 180y,Cooltubrid Eva (IRE),P K Donovan,5,Diarmuid P Ryan,7th,15 l,6,11-2,100,True,161,37
Navan Racing Results | 9th February 2025 15:12,N/A,15:12,Soft To Heavy,2m 5f 180y,Not My Problem,D J O'Keeffe,0,R O'Sullivan,6th,8 l,6,11-3p,101,True,161,37
Navan Racing Results | 9th February 2025 15:12,N/A,15:12,Soft To Heavy,2m 5f 180y,Tell Nobody Nothin (IRE),D Meyler,0,N Meade,5th,2 l,5,11-9p1,107,True,161,37
Navan Racing Results | 9th February 2025 15:12,N/A,15:12,Soft To Heavy,2m 5f 180y,Nathan Wells,Sam Ewing,0,G Elliott,4th,4 1/2 l,6,11-8b1,106,True,161,37
Navan Racing Results | 9th February 2025 15:12,N/A,15:12,Soft To Heavy,2m 5f 180y,Comeonarchie (IRE),P M O'Brien,7,F G Hand,3rd,20 l,8,10-11t,95,True,161,37
Navan Racing Results | 9th February 2025 15:12,N/A,15:12,Soft To Heavy,2m 5f 180y,Coffeys Forge (IRE),D J Gilligan,0,G Elliott,2nd,14 l,9,10-8p,92,True,161,37
Navan Racing Results | 9th February 2025 15:12,N/A,15:12,Soft To Heavy,2m 5f 180y,Waittillitellyou (IRE),C P Millar,5,E Cawley,1st,N/A,11,12-2t,114,True,161,37
Navan Racing Results | 9th February 2025 15:45,N/A,15:45,Soft To Heavy,2m 7f 175y,Chosen Witness (IRE),P Townend,0,W P Mullins,UR,N/A,8,11-3t,-,True,161,38
Navan Racing Results | 9th February 2025 15:45,N/A,15:45,Soft To Heavy,2m 7f 175y,Arctic Skua (IRE),P T Enright,0,V Halley,4th,64 l,8,11-3tp,-,True,161,38
Navan Racing Results | 9th February 2025 15:45,N/A,15:45,Soft To Heavy,2m 7f 175y,Three Card Brag (IRE),J C Gainford,0,G Elliott,3rd,4 3/4 l,8,11-3p,-,True,161,38
Navan Racing Results | 9th February 2025 15:45,N/A,15:45,Soft To Heavy,2m 7f 175y,Stellar Story (IRE),D J Gilligan,0,G Elliott,2nd,Neck,8,11-8p,-,True,161,38
Navan Racing Results | 9th February 2025 15:45,N/A,15:45,Soft To Heavy,2m 7f 175y,Better Days Ahead (IRE),Sam Ewing,0,G Elliott,1st,N/A,7,11-3t,-,True,161,38
Navan Racing Results | 9th February 2025 15:45,N/A,15:45,Soft To Heavy,2m 7f 175y,Chosen Witness (IRE),P Townend,0,W P Mullins,UR,N/A,8,11-3t,-,True,161,38
Navan Racing Results | 9th February 2025 15:45,N/A,15:45,Soft To Heavy,2m 7f 175y,Arctic Skua (IRE),P T Enright,0,V Halley,4th,64 l,8,11-3tp,-,True,161,38
Navan Racing Results | 9th February 2025 15:45,N/A,15:45,Soft To Heavy,2m 7f 175y,Three Card Brag (IRE),J C Gainford,0,G Elliott,3rd,4 3/4 l,8,11-3p,-,True,161,38
Navan Racing Results | 9th February 2025 15:45,N/A,15:45,Soft To Heavy,2m 7f 175y,Stellar Story (IRE),D J Gilligan,0,G Elliott,2nd,Neck,8,11-8p,-,True,161,38
Navan Racing Results | 9th February 2025 15:45,N/A,15:45,Soft To Heavy,2m 7f 175y,Better Days Ahead (IRE),Sam Ewing,0,G Elliott,1st,N/A,7,11-3t,-,True,161,38
Navan Racing Results | 9th February 2025 16:20,N/A,16:20,Soft To Heavy,2m 7f 175y,Gringo D'aubrelle (FR),Sam Ewing,0,G Elliott,NR,N/A,9,11-7p1,115,True,161,39
Navan Racing Results | 9th February 2025 16:20,N/A,16:20,Soft To Heavy,2m 7f 175y,Salmanino (FR),S F O'Keeffe,0,Liz Doyle,PU,N/A,9,11-8,116,True,161,39
Navan Racing Results | 9th February 2025 16:20,N/A,16:20,Soft To Heavy,2m 7f 175y,Weihnachts (IRE),A P Kelly,5,P J Rothwell,PU,N/A,11,10-9p,103,True,161,39
Navan Racing Results | 9th February 2025 16:20,N/A,16:20,Soft To Heavy,2m 7f 175y,Wine An Dine,D J Gilligan,0,G Elliott,11th,5 1/2 l,8,11-2tb,110,True,161,39
Navan Racing Results | 9th February 2025 16:20,N/A,16:20,Soft To Heavy,2m 7f 175y,Malton Groove (IRE),P J O'Hanlon,0,D A McLoughlin,10th,Head,8,10-4t,98,True,161,39
Navan Racing Results | 9th February 2025 16:20,N/A,16:20,Soft To Heavy,2m 7f 175y,Silver King (IRE),P T Enright,0,O McKiernan,9th,2 1/2 l,9,10-12ht,106,True,161,39
Navan Racing Results | 9th February 2025 16:20,N/A,16:20,Soft To Heavy,2m 7f 175y,Clonmeen (IRE),D J O'Keeffe,0,William P Murphy,8th,13 l,10,11-6t,114,True,161,39
Navan Racing Results | 9th February 2025 16:20,N/A,16:20,Soft To Heavy,2m 7f 175y,Whateys Quest (IRE),P Byrnes,0,C Byrnes,7th,1 l,7,11-3,111,True,161,39
Navan Racing Results | 9th February 2025 16:20,N/A,16:20,Soft To Heavy,2m 7f 175y,Rusheen (IRE),D E Mullins,0,J Dullea,6th,5 1/2 l,7,10-10,104,True,161,39
Navan Racing Results | 9th February 2025 16:20,N/A,16:20,Soft To Heavy,2m 7f 175y,Street Value (IRE),A Harvey,5,J P Flavin,5th,3 1/4 l,10,11-12t,120,True,161,39
Navan Racing Results | 9th February 2025 16:20,N/A,16:20,Soft To Heavy,2m 7f 175y,Harvey's Quay (IRE),J S McGarvey,0,E J O'Grady,4th,3/4 l,9,10-13,107,True,161,39
Navan Racing Results | 9th February 2025 16:20,N/A,16:20,Soft To Heavy,2m 7f 175y,Prince Palace (FR),H E Sexton,7,P A Fahy,3rd,2 3/4 l,7,11-4,112,True,161,39
Navan Racing Results | 9th February 2025 16:20,N/A,16:20,Soft To Heavy,2m 7f 175y,Low Style (FR),S W Flanagan,0,B Connell,2nd,1 1/2 l,8,10-6,100,True,161,39
Navan Racing Results | 9th February 2025 16:20,N/A,16:20,Soft To Heavy,2m 7f 175y,Verdant Place (IRE),S D Torrens,0,P T Foley,1st,N/A,7,11-8,116,True,161,39
Navan Racing Results | 9th February 2025 16:20,N/A,16:20,Soft To Heavy,2m 7f 175y,Gringo D'aubrelle (FR),Sam Ewing,0,G Elliott,NR,N/A,9,11-7p1,115,True,161,39
Navan Racing Results | 9th February 2025 16:20,N/A,16:20,Soft To Heavy,2m 7f 175y,Salmanino (FR),S F O'Keeffe,0,Liz Doyle,PU,N/A,9,11-8,116,True,161,39
Navan Racing Results | 9th February 2025 16:20,N/A,16:20,Soft To Heavy,2m 7f 175y,Weihnachts (IRE),A P Kelly,5,P J Rothwell,PU,N/A,11,10-9p,103,True,161,39
Navan Racing Results | 9th February 2025 16:20,N/A,16:20,Soft To Heavy,2m 7f 175y,Wine An Dine,D J Gilligan,0,G Elliott,11th,5 1/2 l,8,11-2tb,110,True,161,39
Navan Racing Results | 9th February 2025 16:20,N/A,16:20,Soft To Heavy,2m 7f 175y,Malton Groove (IRE),P J O'Hanlon,0,D A McLoughlin,10th,Head,8,10-4t,98,True,161,39
Navan Racing Results | 9th February 2025 16:20,N/A,16:20,Soft To Heavy,2m 7f 175y,Silver King (IRE),P T Enright,0,O McKiernan,9th,2 1/2 l,9,10-12ht,106,True,161,39
Navan Racing Results | 9th February 2025 16:20,N/A,16:20,Soft To Heavy,2m 7f 175y,Clonmeen (IRE),D J O'Keeffe,0,William P Murphy,8th,13 l,10,11-6t,114,True,161,39
Navan Racing Results | 9th February 2025 16:20,N/A,16:20,Soft To Heavy,2m 7f 175y,Whateys Quest (IRE),P Byrnes,0,C Byrnes,7th,1 l,7,11-3,111,True,161,39
Navan Racing Results | 9th February 2025 16:20,N/A,16:20,Soft To Heavy,2m 7f 175y,Rusheen (IRE),D E Mullins,0,J Dullea,6th,5 1/2 l,7,10-10,104,True,161,39
Navan Racing Results | 9th February 2025 16:20,N/A,16:20,Soft To Heavy,2m 7f 175y,Street Value (IRE),A Harvey,5,J P Flavin,5th,3 1/4 l,10,11-12t,120,True,161,39
Navan Racing Results | 9th February 2025 16:20,N/A,16:20,Soft To Heavy,2m 7f 175y,Harvey's Quay (IRE),J S McGarvey,0,E J O'Grady,4th,3/4 l,9,10-13,107,True,161,39
Navan Racing Results | 9th February 2025 16:20,N/A,16:20,Soft To Heavy,2m 7f 175y,Prince Palace (FR),H E Sexton,7,P A Fahy,3rd,2 3/4 l,7,11-4,112,True,161,39
Navan Racing Results | 9th February 2025 16:20,N/A,16:20,Soft To Heavy,2m 7f 175y,Low Style (FR),S W Flanagan,0,B Connell,2nd,1 1/2 l,8,10-6,100,True,161,39
Navan Racing Results | 9th February 2025 16:20,N/A,16:20,Soft To Heavy,2m 7f 175y,Verdant Place (IRE),S D Torrens,0,P T Foley,1st,N/A,7,11-8,116,True,161,39
Navan Racing Results | 9th February 2025 16:55,N/A,16:55,Soft To Heavy ace (Turf),1m 7f 150y,Teds Corner (IRE),M J Molloy,7,A J Martin,NR,N/A,5,12-0t1,-,True,161,40
Navan Racing Results | 9th February 2025 16:55,N/A,16:55,Soft To Heavy ace (Turf),1m 7f 150y,Ginny Weasley,Ms M Barcoe,7,J Barcoe,11th,19 l,6,11-7,-,True,161,40
Navan Racing Results | 9th February 2025 16:55,N/A,16:55,Soft To Heavy ace (Turf),1m 7f 150y,Bop Wont Stop (IRE),Mr J L Gleeson,3,R Sweeney,10th,6 l,5,12-0,-,True,161,40
Navan Racing Results | 9th February 2025 16:55,N/A,16:55,Soft To Heavy ace (Turf),1m 7f 150y,Noticebox,Mr D G Lavery,0,G P Cromwell,9th,2 1/2 l,5,12-0,-,True,161,40
Navan Racing Results | 9th February 2025 16:55,N/A,16:55,Soft To Heavy ace (Turf),1m 7f 150y,Mount Mason (IRE),J I Duggan,7,O McKiernan,8th,1 1/4 l,6,12-0t,-,True,161,40
Navan Racing Results | 9th February 2025 16:55,N/A,16:55,Soft To Heavy ace (Turf),1m 7f 150y,A Boy The Kid (IRE),Mr R W Barron,5,C Byrnes,7th,9 l,5,12-0h1,-,True,161,40
Navan Racing Results | 9th February 2025 16:55,N/A,16:55,Soft To Heavy ace (Turf),1m 7f 150y,Returning Officer (FR),Mr H C Swan,0,G Elliott,6th,1/2 l,5,12-0,-,True,161,40
Navan Racing Results | 9th February 2025 16:55,N/A,16:55,Soft To Heavy ace (Turf),1m 7f 150y,Polepatrick (IRE),Niall Moore,7,D A McLoughlin,5th,Head,5,12-0,-,True,161,40
Navan Racing Results | 9th February 2025 16:55,N/A,16:55,Soft To Heavy ace (Turf),1m 7f 150y,Frankie John (IRE),Mr D Doyle,7,D Hogan,4th,1 3/4 l,5,12-0,-,True,161,40
Navan Racing Results | 9th February 2025 16:55,N/A,16:55,Soft To Heavy ace (Turf),1m 7f 150y,Coyote Spirit (IRE),Mr J H Williamson,7,G Elliott,3rd,1/2 l,7,12-0,-,True,161,40
Navan Racing Results | 9th February 2025 16:55,N/A,16:55,Soft To Heavy ace (Turf),1m 7f 150y,Burrows Drive (FR),Mr F Maguire,0,J P Dempsey,2nd,5 l,5,12-0,-,True,161,40
Navan Racing Results | 9th February 2025 16:55,N/A,16:55,Soft To Heavy ace (Turf),1m 7f 150y,Copacabana,Mr P W Mullins,0,W P Mullins,1st,N/A,5,12-0,-,True,161,40
Navan Racing Results | 9th February 2025 16:55,N/A,16:55,Soft To Heavy ace (Turf),1m 7f 150y,Teds Corner (IRE),M J Molloy,7,A J Martin,NR,N/A,5,12-0t1,-,True,161,40
Navan Racing Results | 9th February 2025 16:55,N/A,16:55,Soft To Heavy ace (Turf),1m 7f 150y,Ginny Weasley,Ms M Barcoe,7,J Barcoe,11th,19 l,6,11-7,-,True,161,40
Navan Racing Results | 9th February 2025 16:55,N/A,16:55,Soft To Heavy ace (Turf),1m 7f 150y,Bop Wont Stop (IRE),Mr J L Gleeson,3,R Sweeney,10th,6 l,5,12-0,-,True,161,40
Navan Racing Results | 9th February 2025 16:55,N/A,16:55,Soft To Heavy ace (Turf),1m 7f 150y,Noticebox,Mr D G Lavery,0,G P Cromwell,9th,2 1/2 l,5,12-0,-,True,161,40
Navan Racing Results | 9th February 2025 16:55,N/A,16:55,Soft To Heavy ace (Turf),1m 7f 150y,Mount Mason (IRE),J I Duggan,7,O McKiernan,8th,1 1/4 l,6,12-0t,-,True,161,40
Navan Racing Results | 9th February 2025 16:55,N/A,16:55,Soft To Heavy ace (Turf),1m 7f 150y,A Boy The Kid (IRE),Mr R W Barron,5,C Byrnes,7th,9 l,5,12-0h1,-,True,161,40
Navan Racing Results | 9th February 2025 16:55,N/A,16:55,Soft To Heavy ace (Turf),1m 7f 150y,Returning Officer (FR),Mr H C Swan,0,G Elliott,6th,1/2 l,5,12-0,-,True,161,40
Navan Racing Results | 9th February 2025 16:55,N/A,16:55,Soft To Heavy ace (Turf),1m 7f 150y,Polepatrick (IRE),Niall Moore,7,D A McLoughlin,5th,Head,5,12-0,-,True,161,40
Navan Racing Results | 9th February 2025 16:55,N/A,16:55,Soft To Heavy ace (Turf),1m 7f 150y,Frankie John (IRE),Mr D Doyle,7,D Hogan,4th,1 3/4 l,5,12-0,-,True,161,40
Navan Racing Results | 9th February 2025 16:55,N/A,16:55,Soft To Heavy ace (Turf),1m 7f 150y,Coyote Spirit (IRE),Mr J H Williamson,7,G Elliott,3rd,1/2 l,7,12-0,-,True,161,40
Navan Racing Results | 9th February 2025 16:55,N/A,16:55,Soft To Heavy ace (Turf),1m 7f 150y,Burrows Drive (FR),Mr F Maguire,0,J P Dempsey,2nd,5 l,5,12-0,-,True,161,40
Navan Racing Results | 9th February 2025 16:55,N/A,16:55,Soft To Heavy ace (Turf),1m 7f 150y,Copacabana,Mr P W Mullins,0,W P Mullins,1st,N/A,5,12-0,-,True,161,40
Dundalk Racing Results | 12th February 2025 13:35,N/A,13:35,Standard,5f,Reposado,W M Lordan,0,A Murray,NR,N/A,3,9-7,-,True,161,41
Dundalk Racing Results | 12th February 2025 13:35,N/A,13:35,Standard,5f,Edana Of Ireland (IRE),R C Colgan,0,E Mullins,7th,5 l,3,9-2,-,True,161,41
Dundalk Racing Results | 12th February 2025 13:35,N/A,13:35,Standard,5f,Havana Goodtime,C D Hayes,0,G P Cromwell,6th,1 1/2 l,3,9-2,-,True,161,41
Dundalk Racing Results | 12th February 2025 13:35,N/A,13:35,Standard,5f,Ms Olivia (IRE),G F Carroll,0,G P Cromwell,5th,4 1/2 l,3,9-2,-,True,161,41
Dundalk Racing Results | 12th February 2025 13:35,N/A,13:35,Standard,5f,Shoney (IRE),N M Crosse,0,W McCreery,4th,2 1/2 l,3,9-2,-,True,161,41
Dundalk Racing Results | 12th February 2025 13:35,N/A,13:35,Standard,5f,Viamonte (IRE),A Browne-Souza,10,W P Browne,3rd,Neck,4,10-7t,-,True,161,41
Dundalk Racing Results | 12th February 2025 13:35,N/A,13:35,Standard,5f,Tino Pai (IRE),Nicola Burns,7,S Lavery,2nd,1/2 l,3,9-2,-,True,161,41
Dundalk Racing Results | 12th February 2025 13:35,N/A,13:35,Standard,5f,Tropical Retreat (IRE),J J G Ryan,3,T Mullins,1st,N/A,3,9-2,-,True,161,41
Dundalk Racing Results | 12th February 2025 13:35,N/A,13:35,Standard,5f,Reposado,W M Lordan,0,A Murray,NR,N/A,3,9-7,-,True,161,41
Dundalk Racing Results | 12th February 2025 13:35,N/A,13:35,Standard,5f,Edana Of Ireland (IRE),R C Colgan,0,E Mullins,7th,5 l,3,9-2,-,True,161,41
Dundalk Racing Results | 12th February 2025 13:35,N/A,13:35,Standard,5f,Havana Goodtime,C D Hayes,0,G P Cromwell,6th,1 1/2 l,3,9-2,-,True,161,41
Dundalk Racing Results | 12th February 2025 13:35,N/A,13:35,Standard,5f,Ms Olivia (IRE),G F Carroll,0,G P Cromwell,5th,4 1/2 l,3,9-2,-,True,161,41
Dundalk Racing Results | 12th February 2025 13:35,N/A,13:35,Standard,5f,Shoney (IRE),N M Crosse,0,W McCreery,4th,2 1/2 l,3,9-2,-,True,161,41
Dundalk Racing Results | 12th February 2025 13:35,N/A,13:35,Standard,5f,Viamonte (IRE),A Browne-Souza,10,W P Browne,3rd,Neck,4,10-7t,-,True,161,41
Dundalk Racing Results | 12th February 2025 13:35,N/A,13:35,Standard,5f,Tino Pai (IRE),Nicola Burns,7,S Lavery,2nd,1/2 l,3,9-2,-,True,161,41
Dundalk Racing Results | 12th February 2025 13:35,N/A,13:35,Standard,5f,Tropical Retreat (IRE),J J G Ryan,3,T Mullins,1st,N/A,3,9-2,-,True,161,41
Dundalk Racing Results | 12th February 2025 14:10,N/A,14:10,Standard,1m,Autumn Twist (IRE),J M Sheridan,0,D Hogan,8th,3/4 l,4,9-9,-,True,161,42
Dundalk Racing Results | 12th February 2025 14:10,N/A,14:10,Standard,1m,Lakota Lady (IRE),G F Carroll,0,M J Browne,7th,Head,5,9-4,-,True,161,42
Dundalk Racing Results | 12th February 2025 14:10,N/A,14:10,Standard,1m,Browned Off (IRE),R P Cleary,0,P W Flynn,6th,5 1/2 l,4,9-4,-,True,161,42
Dundalk Racing Results | 12th February 2025 14:10,N/A,14:10,Standard,1m,Dontgowithjoe (IRE),J A Heffernan,0,M J Browne,5th,Neck,4,9-9,-,True,161,42
Dundalk Racing Results | 12th February 2025 14:10,N/A,14:10,Standard,1m,Maharajjah (IRE),C T Keane,0,J F Levins,4th,Neck,4,9-9,-,True,161,42
Dundalk Racing Results | 12th February 2025 14:10,N/A,14:10,Standard,1m,Mythical Rock (IRE),L T McAteer,0,P J F Murphy,3rd,Neck,4,9-9,-,True,161,42
Dundalk Racing Results | 12th February 2025 14:10,N/A,14:10,Standard,1m,Winsome (FR),D P McDonogh,0,J P O'Brien,2nd,1/2 l,4,9-4,-,True,161,42
Dundalk Racing Results | 12th February 2025 14:10,N/A,14:10,Standard,1m,Solomon Coop (IRE),K J Leonard,0,E O'Connell,1st,N/A,4,9-9,-,True,161,42
Dundalk Racing Results | 12th February 2025 14:10,N/A,14:10,Standard,1m,Autumn Twist (IRE),J M Sheridan,0,D Hogan,8th,3/4 l,4,9-9,-,True,161,42
Dundalk Racing Results | 12th February 2025 14:10,N/A,14:10,Standard,1m,Lakota Lady (IRE),G F Carroll,0,M J Browne,7th,Head,5,9-4,-,True,161,42
Dundalk Racing Results | 12th February 2025 14:10,N/A,14:10,Standard,1m,Browned Off (IRE),R P Cleary,0,P W Flynn,6th,5 1/2 l,4,9-4,-,True,161,42
Dundalk Racing Results | 12th February 2025 14:10,N/A,14:10,Standard,1m,Dontgowithjoe (IRE),J A Heffernan,0,M J Browne,5th,Neck,4,9-9,-,True,161,42
Dundalk Racing Results | 12th February 2025 14:10,N/A,14:10,Standard,1m,Maharajjah (IRE),C T Keane,0,J F Levins,4th,Neck,4,9-9,-,True,161,42
Dundalk Racing Results | 12th February 2025 14:10,N/A,14:10,Standard,1m,Mythical Rock (IRE),L T McAteer,0,P J F Murphy,3rd,Neck,4,9-9,-,True,161,42
Dundalk Racing Results | 12th February 2025 14:10,N/A,14:10,Standard,1m,Winsome (FR),D P McDonogh,0,J P O'Brien,2nd,1/2 l,4,9-4,-,True,161,42
Dundalk Racing Results | 12th February 2025 14:10,N/A,14:10,Standard,1m,Solomon Coop (IRE),K J Leonard,0,E O'Connell,1st,N/A,4,9-9,-,True,161,42
Dundalk Racing Results | 12th February 2025 14:45,N/A,14:45,Standard,2m,Figurehead (IRE),J Cleary,5,Michael G Cleary,7th,16 l,8,8-8t,51,True,161,43
Dundalk Racing Results | 12th February 2025 14:45,N/A,14:45,Standard,2m,Lispendense (IRE),C T Keane,0,Ian Donoghue,6th,8 1/2 l,10,9-8t,65,True,161,43
Dundalk Racing Results | 12th February 2025 14:45,N/A,14:45,Standard,2m,Mephisto (IRE),J J G Ryan,3,G Keane,5th,1 1/4 l,8,9-3v,60,True,161,43
Dundalk Racing Results | 12th February 2025 14:45,N/A,14:45,Standard,2m,Is She Now (IRE),D E Sheehy,0,V C Ward,4th,1/2 l,7,8-7p1,50,True,161,43
Dundalk Racing Results | 12th February 2025 14:45,N/A,14:45,Standard,2m,Curious Bride (IRE),K J Leonard,0,E O'Connell,3rd,1 1/2 l,8,10-1t,72,True,161,43
Dundalk Racing Results | 12th February 2025 14:45,N/A,14:45,Standard,2m,Inchiquin Maid (IRE),G F Carroll,0,C Timmons,2nd,1/2 l,6,9-10,67,True,161,43
Dundalk Racing Results | 12th February 2025 14:45,N/A,14:45,Standard,2m,Scott Lang (IRE),Nicola Burns,7,P W Flynn,1st,N/A,8,9-9p,66,True,161,43
Dundalk Racing Results | 12th February 2025 14:45,N/A,14:45,Standard,2m,Figurehead (IRE),J Cleary,5,Michael G Cleary,7th,16 l,8,8-8t,51,True,161,43
Dundalk Racing Results | 12th February 2025 14:45,N/A,14:45,Standard,2m,Lispendense (IRE),C T Keane,0,Ian Donoghue,6th,8 1/2 l,10,9-8t,65,True,161,43
Dundalk Racing Results | 12th February 2025 14:45,N/A,14:45,Standard,2m,Mephisto (IRE),J J G Ryan,3,G Keane,5th,1 1/4 l,8,9-3v,60,True,161,43
Dundalk Racing Results | 12th February 2025 14:45,N/A,14:45,Standard,2m,Is She Now (IRE),D E Sheehy,0,V C Ward,4th,1/2 l,7,8-7p1,50,True,161,43
Dundalk Racing Results | 12th February 2025 14:45,N/A,14:45,Standard,2m,Curious Bride (IRE),K J Leonard,0,E O'Connell,3rd,1 1/2 l,8,10-1t,72,True,161,43
Dundalk Racing Results | 12th February 2025 14:45,N/A,14:45,Standard,2m,Inchiquin Maid (IRE),G F Carroll,0,C Timmons,2nd,1/2 l,6,9-10,67,True,161,43
Dundalk Racing Results | 12th February 2025 14:45,N/A,14:45,Standard,2m,Scott Lang (IRE),Nicola Burns,7,P W Flynn,1st,N/A,8,9-9p,66,True,161,43
Dundalk Racing Results | 12th February 2025 15:20,N/A,15:20,Standard,6f,Velvet Skies (IRE),W J Lee,0,M Mulvany,NR,N/A,4,10-0,63,True,161,44
Dundalk Racing Results | 12th February 2025 15:20,N/A,15:20,Standard,6f,Devil's Angel,Nicola Burns,7,Kevin Coleman,NR,N/A,9,10-0p1,63,True,161,44
Dundalk Racing Results | 12th February 2025 15:20,N/A,15:20,Standard,6f,Hezahunk (IRE),J M Sheridan,0,P J McKenna,13th,4 1/4 l,6,8-12b,47,True,161,44
Dundalk Racing Results | 12th February 2025 15:20,N/A,15:20,Standard,6f,Livingston Range (IRE),K G Kennedy,5,R Donohoe,12th,1 1/2 l,7,9-4t,53,True,161,44
Dundalk Racing Results | 12th February 2025 15:20,N/A,15:20,Standard,6f,Shelbourne Flyer (IRE),C T Keane,0,J C McConnell,11th,Neck,4,9-7,56,True,161,44
Dundalk Racing Results | 12th February 2025 15:20,N/A,15:20,Standard,6f,No Speed Limit (FR),K J Leonard,0,P J McKenna,10th,1 1/2 l,10,8-12v,47,True,161,44
Dundalk Racing Results | 12th February 2025 15:20,N/A,15:20,Standard,6f,Havana Notion,J A Heffernan,0,J Feane,9th,Neck,5,9-1,50,True,161,44
Dundalk Racing Results | 12th February 2025 15:20,N/A,15:20,Standard,6f,Nordic Passage (IRE),Neve Bennett,7,J F Levins,8th,1/2 l,10,8-12,47,True,161,44
Dundalk Racing Results | 12th February 2025 15:20,N/A,15:20,Standard,6f,Hastily,J Cleary,5,Tom McGuinness,7th,1 l,6,9-4,53,True,161,44
Dundalk Racing Results | 12th February 2025 15:20,N/A,15:20,Standard,6f,Jazzy Dancer (IRE),D S O'Sullivan,7,W J Martin,6th,3/4 l,7,9-13b,62,True,161,44
Dundalk Racing Results | 12th February 2025 15:20,N/A,15:20,Standard,6f,Eric Lock,J A Powell,3,N Meade,5th,1 1/4 l,3,8-7,57,True,161,44
Dundalk Racing Results | 12th February 2025 15:20,N/A,15:20,Standard,6f,Hasiyna (IRE),C D Fahy,10,J C McConnell,4th,1/2 l,5,9-6,55,True,161,44
Dundalk Racing Results | 12th February 2025 15:20,N/A,15:20,Standard,6f,Rattletheonionbag (IRE),D P McDonogh,0,W P Browne,3rd,Neck,5,8-12p,47,True,161,44
Dundalk Racing Results | 12th February 2025 15:20,N/A,15:20,Standard,6f,Clonmacash,S Coen,7,A McGuinness,2nd,1/2 l,4,10-0v,63,True,161,44
Dundalk Racing Results | 12th February 2025 15:20,N/A,15:20,Standard,6f,I'm Spartacus (IRE),Adam Caffrey,3,A McGuinness,1st,N/A,4,10-2,65,True,161,44
Dundalk Racing Results | 12th February 2025 15:20,N/A,15:20,Standard,6f,Velvet Skies (IRE),W J Lee,0,M Mulvany,NR,N/A,4,10-0,63,True,161,44
Dundalk Racing Results | 12th February 2025 15:20,N/A,15:20,Standard,6f,Devil's Angel,Nicola Burns,7,Kevin Coleman,NR,N/A,9,10-0p1,63,True,161,44
Dundalk Racing Results | 12th February 2025 15:20,N/A,15:20,Standard,6f,Hezahunk (IRE),J M Sheridan,0,P J McKenna,13th,4 1/4 l,6,8-12b,47,True,161,44
Dundalk Racing Results | 12th February 2025 15:20,N/A,15:20,Standard,6f,Livingston Range (IRE),K G Kennedy,5,R Donohoe,12th,1 1/2 l,7,9-4t,53,True,161,44
Dundalk Racing Results | 12th February 2025 15:20,N/A,15:20,Standard,6f,Shelbourne Flyer (IRE),C T Keane,0,J C McConnell,11th,Neck,4,9-7,56,True,161,44
Dundalk Racing Results | 12th February 2025 15:20,N/A,15:20,Standard,6f,No Speed Limit (FR),K J Leonard,0,P J McKenna,10th,1 1/2 l,10,8-12v,47,True,161,44
Dundalk Racing Results | 12th February 2025 15:20,N/A,15:20,Standard,6f,Havana Notion,J A Heffernan,0,J Feane,9th,Neck,5,9-1,50,True,161,44
Dundalk Racing Results | 12th February 2025 15:20,N/A,15:20,Standard,6f,Nordic Passage (IRE),Neve Bennett,7,J F Levins,8th,1/2 l,10,8-12,47,True,161,44
Dundalk Racing Results | 12th February 2025 15:20,N/A,15:20,Standard,6f,Hastily,J Cleary,5,Tom McGuinness,7th,1 l,6,9-4,53,True,161,44
Dundalk Racing Results | 12th February 2025 15:20,N/A,15:20,Standard,6f,Jazzy Dancer (IRE),D S O'Sullivan,7,W J Martin,6th,3/4 l,7,9-13b,62,True,161,44
Dundalk Racing Results | 12th February 2025 15:20,N/A,15:20,Standard,6f,Eric Lock,J A Powell,3,N Meade,5th,1 1/4 l,3,8-7,57,True,161,44
Dundalk Racing Results | 12th February 2025 15:20,N/A,15:20,Standard,6f,Hasiyna (IRE),C D Fahy,10,J C McConnell,4th,1/2 l,5,9-6,55,True,161,44
Dundalk Racing Results | 12th February 2025 15:20,N/A,15:20,Standard,6f,Rattletheonionbag (IRE),D P McDonogh,0,W P Browne,3rd,Neck,5,8-12p,47,True,161,44
Dundalk Racing Results | 12th February 2025 15:20,N/A,15:20,Standard,6f,Clonmacash,S Coen,7,A McGuinness,2nd,1/2 l,4,10-0v,63,True,161,44
Dundalk Racing Results | 12th February 2025 15:20,N/A,15:20,Standard,6f,I'm Spartacus (IRE),Adam Caffrey,3,A McGuinness,1st,N/A,4,10-2,65,True,161,44
Dundalk Racing Results | 12th February 2025 15:55,N/A,15:55,Standard,7f,Ribean (USA),N M Crosse,0,J P O'Brien,13th,1 1/2 l,3,9-3t1,-,True,161,45
Dundalk Racing Results | 12th February 2025 15:55,N/A,15:55,Standard,7f,Faye Presto (IRE),J J G Ryan,3,J Davison,12th,3 l,3,9-3,-,True,161,45
Dundalk Racing Results | 12th February 2025 15:55,N/A,15:55,Standard,7f,Jasmine Affanalis (IRE),D S O'Sullivan,7,D Marnane,11th,Short Head,3,9-3h,-,True,161,45
Dundalk Racing Results | 12th February 2025 15:55,N/A,15:55,Standard,7f,Madam Zen (IRE),G M Ryan,0,A McGuinness,10th,3/4 l,3,9-3,-,True,161,45
Dundalk Racing Results | 12th February 2025 15:55,N/A,15:55,Standard,7f,Lady Astronaut (USA),G F Carroll,0,J P O'Brien,9th,1 1/4 l,3,9-3,-,True,161,45
Dundalk Racing Results | 12th February 2025 15:55,N/A,15:55,Standard,7f,Oiche Rua (IRE),R P Cleary,0,A McGuinness,8th,1/2 l,3,9-3,-,True,161,45
Dundalk Racing Results | 12th February 2025 15:55,N/A,15:55,Standard,7f,Sottsands (IRE),Adam Caffrey,3,A McGuinness,7th,2 3/4 l,3,9-3,-,True,161,45
Dundalk Racing Results | 12th February 2025 15:55,N/A,15:55,Standard,7f,After Love (IRE),C D Hayes,0,D K Weld,6th,Neck,3,9-3,-,True,161,45
Dundalk Racing Results | 12th February 2025 15:55,N/A,15:55,Standard,7f,Timandi (IRE),L T McAteer,0,J M Barrett,5th,2 3/4 l,3,9-3,-,True,161,45
Dundalk Racing Results | 12th February 2025 15:55,N/A,15:55,Standard,7f,Scarlet Widow (IRE),J A Powell,3,E & P Harty,4th,1 1/2 l,3,9-3,-,True,161,45
Dundalk Racing Results | 12th February 2025 15:55,N/A,15:55,Standard,7f,Beautiful Affair (IRE),D P McDonogh,0,J P O'Brien,3rd,Short Head,3,9-3,-,True,161,45
Dundalk Racing Results | 12th February 2025 15:55,N/A,15:55,Standard,7f,Wannabe Royal (IRE),M P Sheehy,0,J P O'Brien,2nd,2 3/4 l,3,9-3,-,True,161,45
Dundalk Racing Results | 12th February 2025 15:55,N/A,15:55,Standard,7f,Spicy Margarita (IRE),W M Lordan,0,A Murray,1st,N/A,3,9-3,-,True,161,45
Dundalk Racing Results | 12th February 2025 15:55,N/A,15:55,Standard,7f,Ribean (USA),N M Crosse,0,J P O'Brien,13th,1 1/2 l,3,9-3t1,-,True,161,45
Dundalk Racing Results | 12th February 2025 15:55,N/A,15:55,Standard,7f,Faye Presto (IRE),J J G Ryan,3,J Davison,12th,3 l,3,9-3,-,True,161,45
Dundalk Racing Results | 12th February 2025 15:55,N/A,15:55,Standard,7f,Jasmine Affanalis (IRE),D S O'Sullivan,7,D Marnane,11th,Short Head,3,9-3h,-,True,161,45
Dundalk Racing Results | 12th February 2025 15:55,N/A,15:55,Standard,7f,Madam Zen (IRE),G M Ryan,0,A McGuinness,10th,3/4 l,3,9-3,-,True,161,45
Dundalk Racing Results | 12th February 2025 15:55,N/A,15:55,Standard,7f,Lady Astronaut (USA),G F Carroll,0,J P O'Brien,9th,1 1/4 l,3,9-3,-,True,161,45
Dundalk Racing Results | 12th February 2025 15:55,N/A,15:55,Standard,7f,Oiche Rua (IRE),R P Cleary,0,A McGuinness,8th,1/2 l,3,9-3,-,True,161,45
Dundalk Racing Results | 12th February 2025 15:55,N/A,15:55,Standard,7f,Sottsands (IRE),Adam Caffrey,3,A McGuinness,7th,2 3/4 l,3,9-3,-,True,161,45
Dundalk Racing Results | 12th February 2025 15:55,N/A,15:55,Standard,7f,After Love (IRE),C D Hayes,0,D K Weld,6th,Neck,3,9-3,-,True,161,45
Dundalk Racing Results | 12th February 2025 15:55,N/A,15:55,Standard,7f,Timandi (IRE),L T McAteer,0,J M Barrett,5th,2 3/4 l,3,9-3,-,True,161,45
Dundalk Racing Results | 12th February 2025 15:55,N/A,15:55,Standard,7f,Scarlet Widow (IRE),J A Powell,3,E & P Harty,4th,1 1/2 l,3,9-3,-,True,161,45
Dundalk Racing Results | 12th February 2025 15:55,N/A,15:55,Standard,7f,Beautiful Affair (IRE),D P McDonogh,0,J P O'Brien,3rd,Short Head,3,9-3,-,True,161,45
Dundalk Racing Results | 12th February 2025 15:55,N/A,15:55,Standard,7f,Wannabe Royal (IRE),M P Sheehy,0,J P O'Brien,2nd,2 3/4 l,3,9-3,-,True,161,45
Dundalk Racing Results | 12th February 2025 15:55,N/A,15:55,Standard,7f,Spicy Margarita (IRE),W M Lordan,0,A Murray,1st,N/A,3,9-3,-,True,161,45
Dundalk Racing Results | 12th February 2025 16:30,N/A,16:30,Standard,7f,Clarabell,D E Sheehy,0,A Sexton,8th,1 l,3,9-0t,53,True,161,46
Dundalk Racing Results | 12th February 2025 16:30,N/A,16:30,Standard,7f,Dowth (IRE),Emily Grifferty,10,N Meade,7th,Short Head,3,9-7t,60,True,161,46
Dundalk Racing Results | 12th February 2025 16:30,N/A,16:30,Standard,7f,Weegeebear (IRE),R P Cleary,0,C W J Farrell,6th,4 l,3,9-3b,56,True,161,46
Dundalk Racing Results | 12th February 2025 16:30,N/A,16:30,Standard,7f,Charanda (IRE),S Coen,7,A Murray,5th,Neck,3,9-12,65,True,161,46
Dundalk Racing Results | 12th February 2025 16:30,N/A,16:30,Standard,7f,Elvetham (IRE),C D Hayes,0,D K Weld,4th,5 1/2 l,3,9-9v1,62,True,161,46
Dundalk Racing Results | 12th February 2025 16:30,N/A,16:30,Standard,7f,Merchants Arch (IRE),D P McDonogh,0,R O'Sullivan,3rd,1/2 l,3,9-9,62,True,161,46
Dundalk Racing Results | 12th February 2025 16:30,N/A,16:30,Standard,7f,Endless Dawn,J A Powell,3,A McGuinness,2nd,Neck,3,8-12t,51,True,161,46
Dundalk Racing Results | 12th February 2025 16:30,N/A,16:30,Standard,7f,Tam Lin (IRE),C T Keane,0,Daniel Murphy,1st,N/A,3,9-5p,58,True,161,46
Dundalk Racing Results | 12th February 2025 16:30,N/A,16:30,Standard,7f,Clarabell,D E Sheehy,0,A Sexton,8th,1 l,3,9-0t,53,True,161,46
Dundalk Racing Results | 12th February 2025 16:30,N/A,16:30,Standard,7f,Dowth (IRE),Emily Grifferty,10,N Meade,7th,Short Head,3,9-7t,60,True,161,46
Dundalk Racing Results | 12th February 2025 16:30,N/A,16:30,Standard,7f,Weegeebear (IRE),R P Cleary,0,C W J Farrell,6th,4 l,3,9-3b,56,True,161,46
Dundalk Racing Results | 12th February 2025 16:30,N/A,16:30,Standard,7f,Charanda (IRE),S Coen,7,A Murray,5th,Neck,3,9-12,65,True,161,46
Dundalk Racing Results | 12th February 2025 16:30,N/A,16:30,Standard,7f,Elvetham (IRE),C D Hayes,0,D K Weld,4th,5 1/2 l,3,9-9v1,62,True,161,46
Dundalk Racing Results | 12th February 2025 16:30,N/A,16:30,Standard,7f,Merchants Arch (IRE),D P McDonogh,0,R O'Sullivan,3rd,1/2 l,3,9-9,62,True,161,46
Dundalk Racing Results | 12th February 2025 16:30,N/A,16:30,Standard,7f,Endless Dawn,J A Powell,3,A McGuinness,2nd,Neck,3,8-12t,51,True,161,46
Dundalk Racing Results | 12th February 2025 16:30,N/A,16:30,Standard,7f,Tam Lin (IRE),C T Keane,0,Daniel Murphy,1st,N/A,3,9-5p,58,True,161,46
Dundalk Racing Results | 12th February 2025 17:05,N/A,17:05,Standard,1m 4f,Pegasus Of Harry,K J Leonard,0,E O'Connell,NR,N/A,4,9-5,55,True,161,47
Dundalk Racing Results | 12th February 2025 17:05,N/A,17:05,Standard,1m 4f,Esticky End (IRE),J Cleary,5,Tom McGuinness,RR,N/A,7,9-4,52,True,161,47
Dundalk Racing Results | 12th February 2025 17:05,N/A,17:05,Standard,1m 4f,Sing A New Song (IRE),D E Sheehy,0,A Sexton,13th,2 l,4,8-11tb1,47,True,161,47
Dundalk Racing Results | 12th February 2025 17:05,N/A,17:05,Standard,1m 4f,Thegooseiscooked (IRE),J M Sheridan,0,G Keane,12th,3 l,8,8-13p,47,True,161,47
Dundalk Racing Results | 12th February 2025 17:05,N/A,17:05,Standard,1m 4f,So Diligent,Alyse Jane Clarke,10,T G McCourt,11th,1 1/2 l,4,8-11p,47,True,161,47
Dundalk Racing Results | 12th February 2025 17:05,N/A,17:05,Standard,1m 4f,Gregorina (IRE),Adam Caffrey,3,A McGuinness,10th,4 1/4 l,4,9-2v,52,True,161,47
Dundalk Racing Results | 12th February 2025 17:05,N/A,17:05,Standard,1m 4f,Newfire (IRE),W J Lee,0,R P Cody,9th,2 l,4,10-1,65,True,161,47
Dundalk Racing Results | 12th February 2025 17:05,N/A,17:05,Standard,1m 4f,Glyde Ranger (IRE),J J G Ryan,3,T G McCourt,8th,1 3/4 l,5,10-2v,64,True,161,47
Dundalk Racing Results | 12th February 2025 17:05,N/A,17:05,Standard,1m 4f,Warrior Lion,G M Ryan,0,A McCann,7th,4 1/2 l,5,10-1tb,63,True,161,47
Dundalk Racing Results | 12th February 2025 17:05,N/A,17:05,Standard,1m 4f,Gardone (IRE),W M Lordan,0,E McNamara,6th,1 l,5,9-7b,55,True,161,47
Dundalk Racing Results | 12th February 2025 17:05,N/A,17:05,Standard,1m 4f,Flier,G F Carroll,0,Mrs D Foster,5th,1/2 l,6,9-6t,54,True,161,47
Dundalk Racing Results | 12th February 2025 17:05,N/A,17:05,Standard,1m 4f,Streetscape,J A Heffernan,0,E McCarthy,4th,1 1/4 l,6,9-3,51,True,161,47
Dundalk Racing Results | 12th February 2025 17:05,N/A,17:05,Standard,1m 4f,Slowdownbarney (IRE),C D Hayes,0,J C McConnell,3rd,1 1/2 l,4,9-4tv,54,True,161,47
Dundalk Racing Results | 12th February 2025 17:05,N/A,17:05,Standard,1m 4f,Dromore Glory (IRE),R P Cleary,0,P W Flynn,2nd,Short Head,6,9-10p,58,True,161,47
Dundalk Racing Results | 12th February 2025 17:05,N/A,17:05,Standard,1m 4f,Deed Pole,C T Keane,0,Cian Hughes,1st,N/A,5,9-7,55,True,161,47
Dundalk Racing Results | 12th February 2025 17:05,N/A,17:05,Standard,1m 4f,Pegasus Of Harry,K J Leonard,0,E O'Connell,NR,N/A,4,9-5,55,True,161,47
Dundalk Racing Results | 12th February 2025 17:05,N/A,17:05,Standard,1m 4f,Esticky End (IRE),J Cleary,5,Tom McGuinness,RR,N/A,7,9-4,52,True,161,47
Dundalk Racing Results | 12th February 2025 17:05,N/A,17:05,Standard,1m 4f,Sing A New Song (IRE),D E Sheehy,0,A Sexton,13th,2 l,4,8-11tb1,47,True,161,47
Dundalk Racing Results | 12th February 2025 17:05,N/A,17:05,Standard,1m 4f,Thegooseiscooked (IRE),J M Sheridan,0,G Keane,12th,3 l,8,8-13p,47,True,161,47
Dundalk Racing Results | 12th February 2025 17:05,N/A,17:05,Standard,1m 4f,So Diligent,Alyse Jane Clarke,10,T G McCourt,11th,1 1/2 l,4,8-11p,47,True,161,47
Dundalk Racing Results | 12th February 2025 17:05,N/A,17:05,Standard,1m 4f,Gregorina (IRE),Adam Caffrey,3,A McGuinness,10th,4 1/4 l,4,9-2v,52,True,161,47
Dundalk Racing Results | 12th February 2025 17:05,N/A,17:05,Standard,1m 4f,Newfire (IRE),W J Lee,0,R P Cody,9th,2 l,4,10-1,65,True,161,47
Dundalk Racing Results | 12th February 2025 17:05,N/A,17:05,Standard,1m 4f,Glyde Ranger (IRE),J J G Ryan,3,T G McCourt,8th,1 3/4 l,5,10-2v,64,True,161,47
Dundalk Racing Results | 12th February 2025 17:05,N/A,17:05,Standard,1m 4f,Warrior Lion,G M Ryan,0,A McCann,7th,4 1/2 l,5,10-1tb,63,True,161,47
Dundalk Racing Results | 12th February 2025 17:05,N/A,17:05,Standard,1m 4f,Gardone (IRE),W M Lordan,0,E McNamara,6th,1 l,5,9-7b,55,True,161,47
Dundalk Racing Results | 12th February 2025 17:05,N/A,17:05,Standard,1m 4f,Flier,G F Carroll,0,Mrs D Foster,5th,1/2 l,6,9-6t,54,True,161,47
Dundalk Racing Results | 12th February 2025 17:05,N/A,17:05,Standard,1m 4f,Streetscape,J A Heffernan,0,E McCarthy,4th,1 1/4 l,6,9-3,51,True,161,47
Dundalk Racing Results | 12th February 2025 17:05,N/A,17:05,Standard,1m 4f,Slowdownbarney (IRE),C D Hayes,0,J C McConnell,3rd,1 1/2 l,4,9-4tv,54,True,161,47
Dundalk Racing Results | 12th February 2025 17:05,N/A,17:05,Standard,1m 4f,Dromore Glory (IRE),R P Cleary,0,P W Flynn,2nd,Short Head,6,9-10p,58,True,161,47
Dundalk Racing Results | 12th February 2025 17:05,N/A,17:05,Standard,1m 4f,Deed Pole,C T Keane,0,Cian Hughes,1st,N/A,5,9-7,55,True,161,47
Dundalk Racing Results | 12th February 2025 17:40,N/A,17:40,Standard,1m 2f 150y,Tremaine,D J O'Connor,10,D Hogan,7th,Neck,4,9-7,75,True,161,48
Dundalk Racing Results | 12th February 2025 17:40,N/A,17:40,Standard,1m 2f 150y,Storm Eric (IRE),R C Colgan,0,Jamie Flynn,6th,1 1/4 l,6,9-0,68,True,161,48
Dundalk Racing Results | 12th February 2025 17:40,N/A,17:40,Standard,1m 2f 150y,Church Mountain (IRE),J M Sheridan,0,D Hogan,5th,6 l,7,9-4tp,72,True,161,48
Dundalk Racing Results | 12th February 2025 17:40,N/A,17:40,Standard,1m 2f 150y,Solar Breeze (IRE),S Coen,7,Daniel McLoughlin,4th,1 1/2 l,6,9-9,77,True,161,48
Dundalk Racing Results | 12th February 2025 17:40,N/A,17:40,Standard,1m 2f 150y,Autocrat (IRE),Nicola Burns,7,R Donohoe,3rd,1/2 l,5,9-12b,80,True,161,48
Dundalk Racing Results | 12th February 2025 17:40,N/A,17:40,Standard,1m 2f 150y,Annaghmccanns (IRE),W M Lordan,0,S R B Crawford,2nd,1 1/4 l,5,9-4t,72,True,161,48
Dundalk Racing Results | 12th February 2025 17:40,N/A,17:40,Standard,1m 2f 150y,Genoah (IRE),C T Keane,0,M O'Callaghan,1st,N/A,4,10-0t,82,True,161,48
Dundalk Racing Results | 12th February 2025 17:40,N/A,17:40,Standard,1m 2f 150y,Tremaine,D J O'Connor,10,D Hogan,7th,Neck,4,9-7,75,True,161,48
Dundalk Racing Results | 12th February 2025 17:40,N/A,17:40,Standard,1m 2f 150y,Storm Eric (IRE),R C Colgan,0,Jamie Flynn,6th,1 1/4 l,6,9-0,68,True,161,48
Dundalk Racing Results | 12th February 2025 17:40,N/A,17:40,Standard,1m 2f 150y,Church Mountain (IRE),J M Sheridan,0,D Hogan,5th,6 l,7,9-4tp,72,True,161,48
Dundalk Racing Results | 12th February 2025 17:40,N/A,17:40,Standard,1m 2f 150y,Solar Breeze (IRE),S Coen,7,Daniel McLoughlin,4th,1 1/2 l,6,9-9,77,True,161,48
Dundalk Racing Results | 12th February 2025 17:40,N/A,17:40,Standard,1m 2f 150y,Autocrat (IRE),Nicola Burns,7,R Donohoe,3rd,1/2 l,5,9-12b,80,True,161,48
Dundalk Racing Results | 12th February 2025 17:40,N/A,17:40,Standard,1m 2f 150y,Annaghmccanns (IRE),W M Lordan,0,S R B Crawford,2nd,1 1/4 l,5,9-4t,72,True,161,48
Dundalk Racing Results | 12th February 2025 17:40,N/A,17:40,Standard,1m 2f 150y,Genoah (IRE),C T Keane,0,M O'Callaghan,1st,N/A,4,10-0t,82,True,161,48
Clonmel Racing Results | 13th February 2025 12:35,N/A,12:35,Soft (Yielding In Places),2m 3f,Snowshaan (IRE),C D Smithers,7,P T Foley,PU,N/A,6,10-13t1,-,True,161,49
Clonmel Racing Results | 13th February 2025 12:35,N/A,12:35,Soft (Yielding In Places),2m 3f,Arctic Piper (IRE),S D Torrens,0,P T Foley,F,N/A,6,10-13t1,-,True,161,49
Clonmel Racing Results | 13th February 2025 12:35,N/A,12:35,Soft (Yielding In Places),2m 3f,Connemara Shore (IRE),P T Enright,0,R Tyner,16th,Neck,5,10-13,-,True,161,49
Clonmel Racing Results | 13th February 2025 12:35,N/A,12:35,Soft (Yielding In Places),2m 3f,Aravcaria (IRE),C Stone-Walsh,5,L Whitmore,15th,58 l,10,10-13,-,True,161,49
Clonmel Racing Results | 13th February 2025 12:35,N/A,12:35,Soft (Yielding In Places),2m 3f,Taketwotoone (IRE),Mr T O'Connor,7,T O'Connor,14th,2 l,6,10-13,-,True,161,49
Clonmel Racing Results | 13th February 2025 12:35,N/A,12:35,Soft (Yielding In Places),2m 3f,Great Bird (IRE),S F O'Keeffe,0,Liz Doyle,13th,4 3/4 l,5,10-13,-,True,161,49
Clonmel Racing Results | 13th February 2025 12:35,N/A,12:35,Soft (Yielding In Places),2m 3f,Paul's Dream (IRE),D E Mullins,0,A Mullins,12th,13 l,6,10-13,-,True,161,49
Clonmel Racing Results | 13th February 2025 12:35,N/A,12:35,Soft (Yielding In Places),2m 3f,Leading Endeavour (IRE),D Robinson,0,P J Rothwell,11th,3 3/4 l,6,10-13,-,True,161,49
Clonmel Racing Results | 13th February 2025 12:35,N/A,12:35,Soft (Yielding In Places),2m 3f,Diamond Approach (IRE),J P Shinnick,5,Mary Ellen Doyle,10th,3 1/2 l,5,10-13,-,True,161,49
Clonmel Racing Results | 13th February 2025 12:35,N/A,12:35,Soft (Yielding In Places),2m 3f,She's Got Gears (IRE),C M Quirke,5,M Magnussen,9th,12 l,5,10-13,-,True,161,49
Clonmel Racing Results | 13th February 2025 12:35,N/A,12:35,Soft (Yielding In Places),2m 3f,Reina Del Mar (IRE),O R Brown,5,J P O'Brien,8th,3 3/4 l,7,11-7t,-,True,161,49
Clonmel Racing Results | 13th February 2025 12:35,N/A,12:35,Soft (Yielding In Places),2m 3f,Dollymount (IRE),P K Donovan,5,C W J Farrell,7th,1 3/4 l,5,10-13,-,True,161,49
Clonmel Racing Results | 13th February 2025 12:35,N/A,12:35,Soft (Yielding In Places),2m 3f,Twentyfourcarrot,Mr R W Barron,5,D Queally,6th,1 3/4 l,5,11-7,-,True,161,49
Clonmel Racing Results | 13th February 2025 12:35,N/A,12:35,Soft (Yielding In Places),2m 3f,Penelope's Charm (IRE),S W Flanagan,0,D W O'Sullivan,5th,4 3/4 l,7,10-13,-,True,161,49
Clonmel Racing Results | 13th February 2025 12:35,N/A,12:35,Soft (Yielding In Places),2m 3f,Are You Busy (IRE),A P Kelly,5,R Sweeney,4th,3/4 l,6,10-13,-,True,161,49
Clonmel Racing Results | 13th February 2025 12:35,N/A,12:35,Soft (Yielding In Places),2m 3f,Neon Diamond (IRE),Sam Ewing,0,G Elliott,3rd,35 l,6,11-7,-,True,161,49
Clonmel Racing Results | 13th February 2025 12:35,N/A,12:35,Soft (Yielding In Places),2m 3f,Whatsupnellie (IRE),R Deegan,0,Eric Larkin,2nd,1 1/2 l,6,10-131,-,True,161,49
Clonmel Racing Results | 13th February 2025 12:35,N/A,12:35,Soft (Yielding In Places),2m 3f,Karamoja (FR),P Townend,0,W P Mullins,1st,N/A,5,10-13h,-,True,161,49
Clonmel Racing Results | 13th February 2025 12:35,N/A,12:35,Soft (Yielding In Places),2m 3f,Snowshaan (IRE),C D Smithers,7,P T Foley,PU,N/A,6,10-13t1,-,True,161,49
Clonmel Racing Results | 13th February 2025 12:35,N/A,12:35,Soft (Yielding In Places),2m 3f,Arctic Piper (IRE),S D Torrens,0,P T Foley,F,N/A,6,10-13t1,-,True,161,49
Clonmel Racing Results | 13th February 2025 12:35,N/A,12:35,Soft (Yielding In Places),2m 3f,Connemara Shore (IRE),P T Enright,0,R Tyner,16th,Neck,5,10-13,-,True,161,49
Clonmel Racing Results | 13th February 2025 12:35,N/A,12:35,Soft (Yielding In Places),2m 3f,Aravcaria (IRE),C Stone-Walsh,5,L Whitmore,15th,58 l,10,10-13,-,True,161,49
Clonmel Racing Results | 13th February 2025 12:35,N/A,12:35,Soft (Yielding In Places),2m 3f,Taketwotoone (IRE),Mr T O'Connor,7,T O'Connor,14th,2 l,6,10-13,-,True,161,49
Clonmel Racing Results | 13th February 2025 12:35,N/A,12:35,Soft (Yielding In Places),2m 3f,Great Bird (IRE),S F O'Keeffe,0,Liz Doyle,13th,4 3/4 l,5,10-13,-,True,161,49
Clonmel Racing Results | 13th February 2025 12:35,N/A,12:35,Soft (Yielding In Places),2m 3f,Paul's Dream (IRE),D E Mullins,0,A Mullins,12th,13 l,6,10-13,-,True,161,49
Clonmel Racing Results | 13th February 2025 12:35,N/A,12:35,Soft (Yielding In Places),2m 3f,Leading Endeavour (IRE),D Robinson,0,P J Rothwell,11th,3 3/4 l,6,10-13,-,True,161,49
Clonmel Racing Results | 13th February 2025 12:35,N/A,12:35,Soft (Yielding In Places),2m 3f,Diamond Approach (IRE),J P Shinnick,5,Mary Ellen Doyle,10th,3 1/2 l,5,10-13,-,True,161,49
Clonmel Racing Results | 13th February 2025 12:35,N/A,12:35,Soft (Yielding In Places),2m 3f,She's Got Gears (IRE),C M Quirke,5,M Magnussen,9th,12 l,5,10-13,-,True,161,49
Clonmel Racing Results | 13th February 2025 12:35,N/A,12:35,Soft (Yielding In Places),2m 3f,Reina Del Mar (IRE),O R Brown,5,J P O'Brien,8th,3 3/4 l,7,11-7t,-,True,161,49
Clonmel Racing Results | 13th February 2025 12:35,N/A,12:35,Soft (Yielding In Places),2m 3f,Dollymount (IRE),P K Donovan,5,C W J Farrell,7th,1 3/4 l,5,10-13,-,True,161,49
Clonmel Racing Results | 13th February 2025 12:35,N/A,12:35,Soft (Yielding In Places),2m 3f,Twentyfourcarrot,Mr R W Barron,5,D Queally,6th,1 3/4 l,5,11-7,-,True,161,49
Clonmel Racing Results | 13th February 2025 12:35,N/A,12:35,Soft (Yielding In Places),2m 3f,Penelope's Charm (IRE),S W Flanagan,0,D W O'Sullivan,5th,4 3/4 l,7,10-13,-,True,161,49
Clonmel Racing Results | 13th February 2025 12:35,N/A,12:35,Soft (Yielding In Places),2m 3f,Are You Busy (IRE),A P Kelly,5,R Sweeney,4th,3/4 l,6,10-13,-,True,161,49
Clonmel Racing Results | 13th February 2025 12:35,N/A,12:35,Soft (Yielding In Places),2m 3f,Neon Diamond (IRE),Sam Ewing,0,G Elliott,3rd,35 l,6,11-7,-,True,161,49
Clonmel Racing Results | 13th February 2025 12:35,N/A,12:35,Soft (Yielding In Places),2m 3f,Whatsupnellie (IRE),R Deegan,0,Eric Larkin,2nd,1 1/2 l,6,10-131,-,True,161,49
Clonmel Racing Results | 13th February 2025 12:35,N/A,12:35,Soft (Yielding In Places),2m 3f,Karamoja (FR),P Townend,0,W P Mullins,1st,N/A,5,10-13h,-,True,161,49
Clonmel Racing Results | 13th February 2025 13:10,N/A,13:10,Soft (Yielding In Places),2m 21y,Caught Again (IRE),Mr W T Cronin,7,William Cronin,18th,7 l,7,11-12,-,True,161,50
Clonmel Racing Results | 13th February 2025 13:10,N/A,13:10,Soft (Yielding In Places),2m 21y,Inches Away (IRE),D King,0,D Murphy,17th,7 l,6,11-5,-,True,161,50
Clonmel Racing Results | 13th February 2025 13:10,N/A,13:10,Soft (Yielding In Places),2m 21y,Just For Luck (IRE),S W Flanagan,0,C Motherway,16th,11 l,5,11-12,-,True,161,50
Clonmel Racing Results | 13th February 2025 13:10,N/A,13:10,Soft (Yielding In Places),2m 21y,Choose Your Answer (IRE),P T Enright,0,R Tyner,15th,1/2 l,6,11-12,-,True,161,50
Clonmel Racing Results | 13th February 2025 13:10,N/A,13:10,Soft (Yielding In Places),2m 21y,Cabra Road (IRE),Mr T O'Connor,7,T O'Connor,14th,2 3/4 l,5,11-5h,-,True,161,50
Clonmel Racing Results | 13th February 2025 13:10,N/A,13:10,Soft (Yielding In Places),2m 21y,Tippinaway (IRE),R Deegan,0,Eric Larkin,13th,1 1/2 l,5,11-12,-,True,161,50
Clonmel Racing Results | 13th February 2025 13:10,N/A,13:10,Soft (Yielding In Places),2m 21y,Give Him A Chance (IRE),S D Torrens,0,P J Rothwell,12th,Head,6,11-12,-,True,161,50
Clonmel Racing Results | 13th February 2025 13:10,N/A,13:10,Soft (Yielding In Places),2m 21y,Sionainn (FR),C Stone-Walsh,5,G P Cromwell,11th,1 1/2 l,5,11-12,-,True,161,50
Clonmel Racing Results | 13th February 2025 13:10,N/A,13:10,Soft (Yielding In Places),2m 21y,Weather Alert (IRE),D E Mullins,0,T Mullins,10th,1 l,9,11-12,-,True,161,50
Clonmel Racing Results | 13th February 2025 13:10,N/A,13:10,Soft (Yielding In Places),2m 21y,Woodford Warrior (IRE),C D Smithers,7,P T Foley,9th,7 1/2 l,5,11-12,-,True,161,50
Clonmel Racing Results | 13th February 2025 13:10,N/A,13:10,Soft (Yielding In Places),2m 21y,Comanche Moon (IRE),P Byrnes,0,C Byrnes,8th,1 1/2 l,5,11-12,-,True,161,50
Clonmel Racing Results | 13th February 2025 13:10,N/A,13:10,Soft (Yielding In Places),2m 21y,Harry's Dream (IRE),Miss P Elvin,7,P J Rothwell,7th,17 l,5,11-12,-,True,161,50
Clonmel Racing Results | 13th February 2025 13:10,N/A,13:10,Soft (Yielding In Places),2m 21y,Mack The Chemist (IRE),Rachael Blackmore,0,H De Bromhead,6th,4 1/2 l,5,11-12,-,True,161,50
Clonmel Racing Results | 13th February 2025 13:10,N/A,13:10,Soft (Yielding In Places),2m 21y,Is Charlie Around (IRE),R A Doyle,0,Eamon Courtney,5th,1 1/4 l,6,11-12,-,True,161,50
Clonmel Racing Results | 13th February 2025 13:10,N/A,13:10,Soft (Yielding In Places),2m 21y,Mister Box,Sam Ewing,0,G Elliott,4th,5 1/2 l,5,11-12,-,True,161,50
Clonmel Racing Results | 13th February 2025 13:10,N/A,13:10,Soft (Yielding In Places),2m 21y,Saint Le Fort (FR),Niall Moore,7,P Fenton,3rd,4 l,5,11-12,-,True,161,50
Clonmel Racing Results | 13th February 2025 13:10,N/A,13:10,Soft (Yielding In Places),2m 21y,Yoradreamer,P Townend,0,W P Mullins,2nd,8 l,6,11-12,-,True,161,50
Clonmel Racing Results | 13th February 2025 13:10,N/A,13:10,Soft (Yielding In Places),2m 21y,Addragoole (IRE),K M Donoghue,0,G P Cromwell,1st,N/A,6,11-12,-,True,161,50
Clonmel Racing Results | 13th February 2025 13:10,N/A,13:10,Soft (Yielding In Places),2m 21y,Caught Again (IRE),Mr W T Cronin,7,William Cronin,18th,7 l,7,11-12,-,True,161,50
Clonmel Racing Results | 13th February 2025 13:10,N/A,13:10,Soft (Yielding In Places),2m 21y,Inches Away (IRE),D King,0,D Murphy,17th,7 l,6,11-5,-,True,161,50
Clonmel Racing Results | 13th February 2025 13:10,N/A,13:10,Soft (Yielding In Places),2m 21y,Just For Luck (IRE),S W Flanagan,0,C Motherway,16th,11 l,5,11-12,-,True,161,50
Clonmel Racing Results | 13th February 2025 13:10,N/A,13:10,Soft (Yielding In Places),2m 21y,Choose Your Answer (IRE),P T Enright,0,R Tyner,15th,1/2 l,6,11-12,-,True,161,50
Clonmel Racing Results | 13th February 2025 13:10,N/A,13:10,Soft (Yielding In Places),2m 21y,Cabra Road (IRE),Mr T O'Connor,7,T O'Connor,14th,2 3/4 l,5,11-5h,-,True,161,50
Clonmel Racing Results | 13th February 2025 13:10,N/A,13:10,Soft (Yielding In Places),2m 21y,Tippinaway (IRE),R Deegan,0,Eric Larkin,13th,1 1/2 l,5,11-12,-,True,161,50
Clonmel Racing Results | 13th February 2025 13:10,N/A,13:10,Soft (Yielding In Places),2m 21y,Give Him A Chance (IRE),S D Torrens,0,P J Rothwell,12th,Head,6,11-12,-,True,161,50
Clonmel Racing Results | 13th February 2025 13:10,N/A,13:10,Soft (Yielding In Places),2m 21y,Sionainn (FR),C Stone-Walsh,5,G P Cromwell,11th,1 1/2 l,5,11-12,-,True,161,50
Clonmel Racing Results | 13th February 2025 13:10,N/A,13:10,Soft (Yielding In Places),2m 21y,Weather Alert (IRE),D E Mullins,0,T Mullins,10th,1 l,9,11-12,-,True,161,50
Clonmel Racing Results | 13th February 2025 13:10,N/A,13:10,Soft (Yielding In Places),2m 21y,Woodford Warrior (IRE),C D Smithers,7,P T Foley,9th,7 1/2 l,5,11-12,-,True,161,50
Clonmel Racing Results | 13th February 2025 13:10,N/A,13:10,Soft (Yielding In Places),2m 21y,Comanche Moon (IRE),P Byrnes,0,C Byrnes,8th,1 1/2 l,5,11-12,-,True,161,50
Clonmel Racing Results | 13th February 2025 13:10,N/A,13:10,Soft (Yielding In Places),2m 21y,Harry's Dream (IRE),Miss P Elvin,7,P J Rothwell,7th,17 l,5,11-12,-,True,161,50
Clonmel Racing Results | 13th February 2025 13:10,N/A,13:10,Soft (Yielding In Places),2m 21y,Mack The Chemist (IRE),Rachael Blackmore,0,H De Bromhead,6th,4 1/2 l,5,11-12,-,True,161,50
Clonmel Racing Results | 13th February 2025 13:10,N/A,13:10,Soft (Yielding In Places),2m 21y,Is Charlie Around (IRE),R A Doyle,0,Eamon Courtney,5th,1 1/4 l,6,11-12,-,True,161,50
Clonmel Racing Results | 13th February 2025 13:10,N/A,13:10,Soft (Yielding In Places),2m 21y,Mister Box,Sam Ewing,0,G Elliott,4th,5 1/2 l,5,11-12,-,True,161,50
Clonmel Racing Results | 13th February 2025 13:10,N/A,13:10,Soft (Yielding In Places),2m 21y,Saint Le Fort (FR),Niall Moore,7,P Fenton,3rd,4 l,5,11-12,-,True,161,50
Clonmel Racing Results | 13th February 2025 13:10,N/A,13:10,Soft (Yielding In Places),2m 21y,Yoradreamer,P Townend,0,W P Mullins,2nd,8 l,6,11-12,-,True,161,50
Clonmel Racing Results | 13th February 2025 13:10,N/A,13:10,Soft (Yielding In Places),2m 21y,Addragoole (IRE),K M Donoghue,0,G P Cromwell,1st,N/A,6,11-12,-,True,161,50
