track_name,race_date,race_time,going,distance,horse_name,jockey,claims,trainer,race_position,lost_by_length,age,weight,rating,first_place_found,batch_number,url_index_in_batch
Cork Racing Results | 17th May 2023 20:20,N/A,20:20,Good (Good To Firm In Places),1m 2f 20y,Prince Of Abington (IRE),M. A. Enright,0,Miss Jennifer Anne Lynch,15th,1 l,5,9-9p,58,True,55,1
Cork Racing Results | 17th May 2023 20:20,N/A,20:20,Good (Good To Firm In Places),1m 2f 20y,Kampala Beach (IRE),R. P. Whelan,0,M. Halford & T. Collins,14th,Head,4,9-6,55,True,55,1
Cork Racing Results | 17th May 2023 20:20,N/A,20:20,Good (Good To Firm In Places),1m 2f 20y,Rock Dandy (IRE),G. M. Ryan,0,P. J. F. Murphy,13th,1/2 l,5,8-12,47,True,55,1
Cork Racing Results | 17th May 2023 20:20,N/A,20:20,Good (Good To Firm In Places),1m 2f 20y,Rockview Roman (IRE),Siobhan Rutledge,5,John McConnell,12th,1/2 l,7,9-6,55,True,55,1
Cork Racing Results | 17th May 2023 20:20,N/A,20:20,Good (Good To Firm In Places),1m 2f 20y,Gudrun Genberg (IRE),C. D. Hayes,0,Aidan Anthony Howard,11th,Neck,4,8-13,48,True,55,1
Cork Racing Results | 17th May 2023 20:20,N/A,20:20,Good (Good To Firm In Places),1m 2f 20y,Lissadell (IRE),Ben Martin Coen,0,Mark McNiff,10th,Short Head,4,9-0,49,True,55,1
Cork Racing Results | 17th May 2023 20:20,N/A,20:20,Good (Good To Firm In Places),1m 2f 20y,Magic Charm (IRE),M. W. Hassett,10,Martin Hassett,9th,1/2 l,7,9-5,54,True,55,1
Cork Racing Results | 17th May 2023 20:20,N/A,20:20,Good (Good To Firm In Places),1m 2f 20y,Shona Mea (IRE),S. McCullagh,3,Mrs J. Harrington,8th,Short Head,6,9-11v,60,True,55,1
Cork Racing Results | 17th May 2023 20:20,N/A,20:20,Good (Good To Firm In Places),1m 2f 20y,Kartayaz (IRE),Cillian McConnell,7,John McConnell,7th,Short Head,6,9-9,58,True,55,1
Cork Racing Results | 17th May 2023 20:20,N/A,20:20,Good (Good To Firm In Places),1m 2f 20y,Romann (IRE),Seamie Heffernan,0,J. F. Levins,6th,1 3/4 l,6,8-12v1,47,True,55,1
Cork Racing Results | 17th May 2023 20:20,N/A,20:20,Good (Good To Firm In Places),1m 2f 20y,Maricruz (IRE),D. W. O'Connor,0,John McConnell,5th,Head,8,9-4,53,True,55,1
Cork Racing Results | 17th May 2023 20:20,N/A,20:20,Good (Good To Firm In Places),1m 2f 20y,Evening Verse (IRE),A. J. Slattery,0,Miss Hilary McLoughlin,4th,3/4 l,6,9-8p,57,True,55,1
Cork Racing Results | 17th May 2023 20:20,N/A,20:20,Good (Good To Firm In Places),1m 2f 20y,Tastyee (IRE),W. M. Lordan,0,David Kenneth Budds,3rd,2 1/2 l,5,8-13tp,48,True,55,1
Cork Racing Results | 17th May 2023 20:20,N/A,20:20,Good (Good To Firm In Places),1m 2f 20y,No Hassle (IRE),J. M. Sheridan,3,Shane Kieran Ryder,2nd,Short Head,6,8-12,47,True,55,1
Cork Racing Results | 17th May 2023 20:20,N/A,20:20,Good (Good To Firm In Places),1m 2f 20y,Khafaaq,C. Horgan,7,A. Slattery,1st,N/A,8,9-10tb1,59,True,55,1
Cork Racing Results | 17th May 2023 20:20,N/A,20:20,Good (Good To Firm In Places),1m 2f 20y,Prince Of Abington (IRE),M. A. Enright,0,Miss Jennifer Anne Lynch,15th,1 l,5,9-9p,58,True,55,1
Cork Racing Results | 17th May 2023 20:20,N/A,20:20,Good (Good To Firm In Places),1m 2f 20y,Kampala Beach (IRE),R. P. Whelan,0,M. Halford & T. Collins,14th,Head,4,9-6,55,True,55,1
Cork Racing Results | 17th May 2023 20:20,N/A,20:20,Good (Good To Firm In Places),1m 2f 20y,Rock Dandy (IRE),G. M. Ryan,0,P. J. F. Murphy,13th,1/2 l,5,8-12,47,True,55,1
Cork Racing Results | 17th May 2023 20:20,N/A,20:20,Good (Good To Firm In Places),1m 2f 20y,Rockview Roman (IRE),Siobhan Rutledge,5,John McConnell,12th,1/2 l,7,9-6,55,True,55,1
Cork Racing Results | 17th May 2023 20:20,N/A,20:20,Good (Good To Firm In Places),1m 2f 20y,Gudrun Genberg (IRE),C. D. Hayes,0,Aidan Anthony Howard,11th,Neck,4,8-13,48,True,55,1
Cork Racing Results | 17th May 2023 20:20,N/A,20:20,Good (Good To Firm In Places),1m 2f 20y,Lissadell (IRE),Ben Martin Coen,0,Mark McNiff,10th,Short Head,4,9-0,49,True,55,1
Cork Racing Results | 17th May 2023 20:20,N/A,20:20,Good (Good To Firm In Places),1m 2f 20y,Magic Charm (IRE),M. W. Hassett,10,Martin Hassett,9th,1/2 l,7,9-5,54,True,55,1
Cork Racing Results | 17th May 2023 20:20,N/A,20:20,Good (Good To Firm In Places),1m 2f 20y,Shona Mea (IRE),S. McCullagh,3,Mrs J. Harrington,8th,Short Head,6,9-11v,60,True,55,1
Cork Racing Results | 17th May 2023 20:20,N/A,20:20,Good (Good To Firm In Places),1m 2f 20y,Kartayaz (IRE),Cillian McConnell,7,John McConnell,7th,Short Head,6,9-9,58,True,55,1
Cork Racing Results | 17th May 2023 20:20,N/A,20:20,Good (Good To Firm In Places),1m 2f 20y,Romann (IRE),Seamie Heffernan,0,J. F. Levins,6th,1 3/4 l,6,8-12v1,47,True,55,1
Cork Racing Results | 17th May 2023 20:20,N/A,20:20,Good (Good To Firm In Places),1m 2f 20y,Maricruz (IRE),D. W. O'Connor,0,John McConnell,5th,Head,8,9-4,53,True,55,1
Cork Racing Results | 17th May 2023 20:20,N/A,20:20,Good (Good To Firm In Places),1m 2f 20y,Evening Verse (IRE),A. J. Slattery,0,Miss Hilary McLoughlin,4th,3/4 l,6,9-8p,57,True,55,1
Cork Racing Results | 17th May 2023 20:20,N/A,20:20,Good (Good To Firm In Places),1m 2f 20y,Tastyee (IRE),W. M. Lordan,0,David Kenneth Budds,3rd,2 1/2 l,5,8-13tp,48,True,55,1
Cork Racing Results | 17th May 2023 20:20,N/A,20:20,Good (Good To Firm In Places),1m 2f 20y,No Hassle (IRE),J. M. Sheridan,3,Shane Kieran Ryder,2nd,Short Head,6,8-12,47,True,55,1
Cork Racing Results | 17th May 2023 20:20,N/A,20:20,Good (Good To Firm In Places),1m 2f 20y,Khafaaq,C. Horgan,7,A. Slattery,1st,N/A,8,9-10tb1,59,True,55,1
Tipperary Racing Results | 18th May 2023 17:00,N/A,17:00,Good To Yielding,2m,Caminante (IRE),K. E. Buckley,3,Gavin Patrick Cromwell,NR,N/A,4,10-13,-,True,55,2
Tipperary Racing Results | 18th May 2023 17:00,N/A,17:00,Good To Yielding,2m,My Good Pal (IRE),Phillip Enright,0,Brian Mortell,13th,6 l,4,10-13,-,True,55,2
Tipperary Racing Results | 18th May 2023 17:00,N/A,17:00,Good To Yielding,2m,Heart Of Rome (IRE),S. F. O'Keeffe,0,Paul Nolan,12th,6 l,4,10-13,-,True,55,2
Tipperary Racing Results | 18th May 2023 17:00,N/A,17:00,Good To Yielding,2m,Prince Quattro (IRE),J. P. O'Sullivan,5,P. J. Rothwell,11th,13 l,4,10-13,-,True,55,2
Tipperary Racing Results | 18th May 2023 17:00,N/A,17:00,Good To Yielding,2m,Jeje Plessis (FR),Niall Moore,7,Philip Fenton,10th,8 1/2 l,4,10-13,-,True,55,2
Tipperary Racing Results | 18th May 2023 17:00,N/A,17:00,Good To Yielding,2m,Simply The Bestone (IRE),J. J. Slevin,0,Michael G. Kennedy,9th,3 1/2 l,4,10-13,-,True,55,2
Tipperary Racing Results | 18th May 2023 17:00,N/A,17:00,Good To Yielding,2m,Jeriko De Baune (FR),B. Hayes,0,Philip Fenton,8th,5 1/2 l,4,10-13,-,True,55,2
Tipperary Racing Results | 18th May 2023 17:00,N/A,17:00,Good To Yielding,2m,Destivelle (IRE),D. J. O'Keeffe,0,Shane Kieran Ryder,7th,Head,4,10-6,-,True,55,2
Tipperary Racing Results | 18th May 2023 17:00,N/A,17:00,Good To Yielding,2m,Parish Rivals (IRE),C. D. Maxwell,0,Gavin Patrick Cromwell,6th,3 1/2 l,4,10-13,-,True,55,2
Tipperary Racing Results | 18th May 2023 17:00,N/A,17:00,Good To Yielding,2m,Aeros Luck (IRE),Sean Flanagan,0,Gavin Patrick Cromwell,5th,1 1/4 l,4,10-13,-,True,55,2
Tipperary Racing Results | 18th May 2023 17:00,N/A,17:00,Good To Yielding,2m,Spy,P. Byrnes,5,Charles Byrnes,4th,25 l,4,11-7,-,True,55,2
Tipperary Racing Results | 18th May 2023 17:00,N/A,17:00,Good To Yielding,2m,Dark Note,Philip Donovan,5,A. Slattery,3rd,9 l,4,11-7,-,True,55,2
Tipperary Racing Results | 18th May 2023 17:00,N/A,17:00,Good To Yielding,2m,Samui,Keith Donoghue,0,Gordon Elliott,2nd,4 l,4,11-7,-,True,55,2
Tipperary Racing Results | 18th May 2023 17:00,N/A,17:00,Good To Yielding,2m,Jit Langy (FR),P. Townend,0,W. P. Mullins,1st,N/A,4,10-13,-,True,55,2
Tipperary Racing Results | 18th May 2023 17:00,N/A,17:00,Good To Yielding,2m,Caminante (IRE),K. E. Buckley,3,Gavin Patrick Cromwell,NR,N/A,4,10-13,-,True,55,2
Tipperary Racing Results | 18th May 2023 17:00,N/A,17:00,Good To Yielding,2m,My Good Pal (IRE),Phillip Enright,0,Brian Mortell,13th,6 l,4,10-13,-,True,55,2
Tipperary Racing Results | 18th May 2023 17:00,N/A,17:00,Good To Yielding,2m,Heart Of Rome (IRE),S. F. O'Keeffe,0,Paul Nolan,12th,6 l,4,10-13,-,True,55,2
Tipperary Racing Results | 18th May 2023 17:00,N/A,17:00,Good To Yielding,2m,Prince Quattro (IRE),J. P. O'Sullivan,5,P. J. Rothwell,11th,13 l,4,10-13,-,True,55,2
Tipperary Racing Results | 18th May 2023 17:00,N/A,17:00,Good To Yielding,2m,Jeje Plessis (FR),Niall Moore,7,Philip Fenton,10th,8 1/2 l,4,10-13,-,True,55,2
Tipperary Racing Results | 18th May 2023 17:00,N/A,17:00,Good To Yielding,2m,Simply The Bestone (IRE),J. J. Slevin,0,Michael G. Kennedy,9th,3 1/2 l,4,10-13,-,True,55,2
Tipperary Racing Results | 18th May 2023 17:00,N/A,17:00,Good To Yielding,2m,Jeriko De Baune (FR),B. Hayes,0,Philip Fenton,8th,5 1/2 l,4,10-13,-,True,55,2
Tipperary Racing Results | 18th May 2023 17:00,N/A,17:00,Good To Yielding,2m,Destivelle (IRE),D. J. O'Keeffe,0,Shane Kieran Ryder,7th,Head,4,10-6,-,True,55,2
Tipperary Racing Results | 18th May 2023 17:00,N/A,17:00,Good To Yielding,2m,Parish Rivals (IRE),C. D. Maxwell,0,Gavin Patrick Cromwell,6th,3 1/2 l,4,10-13,-,True,55,2
Tipperary Racing Results | 18th May 2023 17:00,N/A,17:00,Good To Yielding,2m,Aeros Luck (IRE),Sean Flanagan,0,Gavin Patrick Cromwell,5th,1 1/4 l,4,10-13,-,True,55,2
Tipperary Racing Results | 18th May 2023 17:00,N/A,17:00,Good To Yielding,2m,Spy,P. Byrnes,5,Charles Byrnes,4th,25 l,4,11-7,-,True,55,2
Tipperary Racing Results | 18th May 2023 17:00,N/A,17:00,Good To Yielding,2m,Dark Note,Philip Donovan,5,A. Slattery,3rd,9 l,4,11-7,-,True,55,2
Tipperary Racing Results | 18th May 2023 17:00,N/A,17:00,Good To Yielding,2m,Samui,Keith Donoghue,0,Gordon Elliott,2nd,4 l,4,11-7,-,True,55,2
Tipperary Racing Results | 18th May 2023 17:00,N/A,17:00,Good To Yielding,2m,Jit Langy (FR),P. Townend,0,W. P. Mullins,1st,N/A,4,10-13,-,True,55,2
Tipperary Racing Results | 18th May 2023 17:30,N/A,17:30,Good To Yielding,2m,Got Glory (FR),P. Townend,0,W. P. Mullins,NR,N/A,5,11-7,-,True,55,3
Tipperary Racing Results | 18th May 2023 17:30,N/A,17:30,Good To Yielding,2m,Five Minutes More (IRE),Phillip Enright,0,Robert Tyner,14th,44 l,5,10-13,-,True,55,3
Tipperary Racing Results | 18th May 2023 17:30,N/A,17:30,Good To Yielding,2m,Sefarina (IRE),J. J. Slevin,0,Patrick J. Duffy,13th,8 1/2 l,4,10-7,-,True,55,3
Tipperary Racing Results | 18th May 2023 17:30,N/A,17:30,Good To Yielding,2m,Snow Lion (IRE),C. D. Maxwell,0,Christopher David Timmons,12th,2 1/4 l,4,10-7,-,True,55,3
Tipperary Racing Results | 18th May 2023 17:30,N/A,17:30,Good To Yielding,2m,Princess of Paris (IRE),S. Fitzgerald,3,Michael Winters,11th,4 1/2 l,5,10-13,-,True,55,3
Tipperary Racing Results | 18th May 2023 17:30,N/A,17:30,Good To Yielding,2m,Eire Comes Tribsy (IRE),K. E. Buckley,3,Mrs Lorna Fowler,10th,17 l,5,10-13,-,True,55,3
Tipperary Racing Results | 18th May 2023 17:30,N/A,17:30,Good To Yielding,2m,Toucan Do (IRE),Niall Moore,7,John Michael Burke,9th,1 1/2 l,5,10-13,-,True,55,3
Tipperary Racing Results | 18th May 2023 17:30,N/A,17:30,Good To Yielding,2m,County Graduate (IRE),D. King,5,W. J. Austin,8th,1 1/2 l,4,10-7,-,True,55,3
Tipperary Racing Results | 18th May 2023 17:30,N/A,17:30,Good To Yielding,2m,Blenheim Belle (IRE),Patrick O'Hanlon,5,Mark McNiff,7th,1 1/4 l,4,10-7,-,True,55,3
Tipperary Racing Results | 18th May 2023 17:30,N/A,17:30,Good To Yielding,2m,Not Before Time (IRE),S. D. Torrens,0,Aidan Anthony Howard,6th,6 l,5,10-13,-,True,55,3
Tipperary Racing Results | 18th May 2023 17:30,N/A,17:30,Good To Yielding,2m,Sandymount Baby (IRE),S. F. O'Keeffe,0,Mrs J. Harrington,5th,2 1/4 l,6,10-13,-,True,55,3
Tipperary Racing Results | 18th May 2023 17:30,N/A,17:30,Good To Yielding,2m,Winning Mischief (IRE),Sean Flanagan,0,M. Hourigan,4th,3 1/2 l,6,10-13,-,True,55,3
Tipperary Racing Results | 18th May 2023 17:30,N/A,17:30,Good To Yielding,2m,Katherine (IRE),Mr H. E. Sexton,7,Adrian Sexton,3rd,2 3/4 l,6,10-13,-,True,55,3
Tipperary Racing Results | 18th May 2023 17:30,N/A,17:30,Good To Yielding,2m,Russellsbelle (IRE),D. J. O'Keeffe,0,Paul O'Flynn,2nd,3/4 l,6,10-13,-,True,55,3
Tipperary Racing Results | 18th May 2023 17:30,N/A,17:30,Good To Yielding,2m,Lady of the Vale (IRE),Mr A. P. Ryan,7,A. Slattery,1st,N/A,6,11-7,-,True,55,3
Tipperary Racing Results | 18th May 2023 17:30,N/A,17:30,Good To Yielding,2m,Got Glory (FR),P. Townend,0,W. P. Mullins,NR,N/A,5,11-7,-,True,55,3
Tipperary Racing Results | 18th May 2023 17:30,N/A,17:30,Good To Yielding,2m,Five Minutes More (IRE),Phillip Enright,0,Robert Tyner,14th,44 l,5,10-13,-,True,55,3
Tipperary Racing Results | 18th May 2023 17:30,N/A,17:30,Good To Yielding,2m,Sefarina (IRE),J. J. Slevin,0,Patrick J. Duffy,13th,8 1/2 l,4,10-7,-,True,55,3
Tipperary Racing Results | 18th May 2023 17:30,N/A,17:30,Good To Yielding,2m,Snow Lion (IRE),C. D. Maxwell,0,Christopher David Timmons,12th,2 1/4 l,4,10-7,-,True,55,3
Tipperary Racing Results | 18th May 2023 17:30,N/A,17:30,Good To Yielding,2m,Princess of Paris (IRE),S. Fitzgerald,3,Michael Winters,11th,4 1/2 l,5,10-13,-,True,55,3
Tipperary Racing Results | 18th May 2023 17:30,N/A,17:30,Good To Yielding,2m,Eire Comes Tribsy (IRE),K. E. Buckley,3,Mrs Lorna Fowler,10th,17 l,5,10-13,-,True,55,3
Tipperary Racing Results | 18th May 2023 17:30,N/A,17:30,Good To Yielding,2m,Toucan Do (IRE),Niall Moore,7,John Michael Burke,9th,1 1/2 l,5,10-13,-,True,55,3
Tipperary Racing Results | 18th May 2023 17:30,N/A,17:30,Good To Yielding,2m,County Graduate (IRE),D. King,5,W. J. Austin,8th,1 1/2 l,4,10-7,-,True,55,3
Tipperary Racing Results | 18th May 2023 17:30,N/A,17:30,Good To Yielding,2m,Blenheim Belle (IRE),Patrick O'Hanlon,5,Mark McNiff,7th,1 1/4 l,4,10-7,-,True,55,3
Tipperary Racing Results | 18th May 2023 17:30,N/A,17:30,Good To Yielding,2m,Not Before Time (IRE),S. D. Torrens,0,Aidan Anthony Howard,6th,6 l,5,10-13,-,True,55,3
Tipperary Racing Results | 18th May 2023 17:30,N/A,17:30,Good To Yielding,2m,Sandymount Baby (IRE),S. F. O'Keeffe,0,Mrs J. Harrington,5th,2 1/4 l,6,10-13,-,True,55,3
Tipperary Racing Results | 18th May 2023 17:30,N/A,17:30,Good To Yielding,2m,Winning Mischief (IRE),Sean Flanagan,0,M. Hourigan,4th,3 1/2 l,6,10-13,-,True,55,3
Tipperary Racing Results | 18th May 2023 17:30,N/A,17:30,Good To Yielding,2m,Katherine (IRE),Mr H. E. Sexton,7,Adrian Sexton,3rd,2 3/4 l,6,10-13,-,True,55,3
Tipperary Racing Results | 18th May 2023 17:30,N/A,17:30,Good To Yielding,2m,Russellsbelle (IRE),D. J. O'Keeffe,0,Paul O'Flynn,2nd,3/4 l,6,10-13,-,True,55,3
Tipperary Racing Results | 18th May 2023 17:30,N/A,17:30,Good To Yielding,2m,Lady of the Vale (IRE),Mr A. P. Ryan,7,A. Slattery,1st,N/A,6,11-7,-,True,55,3
Tipperary Racing Results | 18th May 2023 18:05,N/A,18:05,Good To Yielding,2m,Boola Boola (IRE),C. Smithers,7,Mrs J. Harrington,13th,3/4 l,6,11-9p,97,True,55,4
Tipperary Racing Results | 18th May 2023 18:05,N/A,18:05,Good To Yielding,2m,Nemean (USA),Peter Carberry,0,A. J. Martin,12th,1 l,4,11-0t,94,True,55,4
Tipperary Racing Results | 18th May 2023 18:05,N/A,18:05,Good To Yielding,2m,Chilled Out (IRE),J. S. McGarvey,0,J. P. Broderick,11th,3/4 l,4,10-12,92,True,55,4
Tipperary Racing Results | 18th May 2023 18:05,N/A,18:05,Good To Yielding,2m,Galactica (FR),Keith Donoghue,0,Gavin Patrick Cromwell,10th,Neck,5,11-6t,94,True,55,4
Tipperary Racing Results | 18th May 2023 18:05,N/A,18:05,Good To Yielding,2m,Prioritise (IRE),B. Hayes,0,John McConnell,9th,1 l,5,11-3,91,True,55,4
Tipperary Racing Results | 18th May 2023 18:05,N/A,18:05,Good To Yielding,2m,Jakie Mac (IRE),Sean Flanagan,0,Damian Murphy,8th,Neck,7,11-12h,100,True,55,4
Tipperary Racing Results | 18th May 2023 18:05,N/A,18:05,Good To Yielding,2m,Crowsatedappletart (IRE),Rachael Blackmore,0,Michael Winters,7th,3 1/2 l,6,12-0t,102,True,55,4
Tipperary Racing Results | 18th May 2023 18:05,N/A,18:05,Good To Yielding,2m,Edge Of My Seat (IRE),S. D. Torrens,0,Aidan Anthony Howard,6th,1 3/4 l,5,11-6,94,True,55,4
Tipperary Racing Results | 18th May 2023 18:05,N/A,18:05,Good To Yielding,2m,Grand Cru Chatho (FR),P. Byrnes,5,Edward Cawley,5th,3 l,7,11-6t,94,True,55,4
Tipperary Racing Results | 18th May 2023 18:05,N/A,18:05,Good To Yielding,2m,Away To Milan (IRE),Patrick O'Hanlon,5,P. J. Rothwell,4th,2 3/4 l,5,11-5,93,True,55,4
Tipperary Racing Results | 18th May 2023 18:05,N/A,18:05,Good To Yielding,2m,Littel Flour (IRE),S. Fitzgerald,3,Declan Queally,3rd,2 1/2 l,6,11-7ht,95,True,55,4
Tipperary Racing Results | 18th May 2023 18:05,N/A,18:05,Good To Yielding,2m,Sovereign Duke (GER),Shane Fenelon,7,John Joseph Hanlon,2nd,1/2 l,8,11-9,97,True,55,4
Tipperary Racing Results | 18th May 2023 18:05,N/A,18:05,Good To Yielding,2m,Hi Ski (IRE),Shane O'Callaghan,7,Ross O'Sullivan,1st,N/A,8,11-4,92,True,55,4
Tipperary Racing Results | 18th May 2023 18:05,N/A,18:05,Good To Yielding,2m,Boola Boola (IRE),C. Smithers,7,Mrs J. Harrington,13th,3/4 l,6,11-9p,97,True,55,4
Tipperary Racing Results | 18th May 2023 18:05,N/A,18:05,Good To Yielding,2m,Nemean (USA),Peter Carberry,0,A. J. Martin,12th,1 l,4,11-0t,94,True,55,4
Tipperary Racing Results | 18th May 2023 18:05,N/A,18:05,Good To Yielding,2m,Chilled Out (IRE),J. S. McGarvey,0,J. P. Broderick,11th,3/4 l,4,10-12,92,True,55,4
Tipperary Racing Results | 18th May 2023 18:05,N/A,18:05,Good To Yielding,2m,Galactica (FR),Keith Donoghue,0,Gavin Patrick Cromwell,10th,Neck,5,11-6t,94,True,55,4
Tipperary Racing Results | 18th May 2023 18:05,N/A,18:05,Good To Yielding,2m,Prioritise (IRE),B. Hayes,0,John McConnell,9th,1 l,5,11-3,91,True,55,4
Tipperary Racing Results | 18th May 2023 18:05,N/A,18:05,Good To Yielding,2m,Jakie Mac (IRE),Sean Flanagan,0,Damian Murphy,8th,Neck,7,11-12h,100,True,55,4
Tipperary Racing Results | 18th May 2023 18:05,N/A,18:05,Good To Yielding,2m,Crowsatedappletart (IRE),Rachael Blackmore,0,Michael Winters,7th,3 1/2 l,6,12-0t,102,True,55,4
Tipperary Racing Results | 18th May 2023 18:05,N/A,18:05,Good To Yielding,2m,Edge Of My Seat (IRE),S. D. Torrens,0,Aidan Anthony Howard,6th,1 3/4 l,5,11-6,94,True,55,4
Tipperary Racing Results | 18th May 2023 18:05,N/A,18:05,Good To Yielding,2m,Grand Cru Chatho (FR),P. Byrnes,5,Edward Cawley,5th,3 l,7,11-6t,94,True,55,4
Tipperary Racing Results | 18th May 2023 18:05,N/A,18:05,Good To Yielding,2m,Away To Milan (IRE),Patrick O'Hanlon,5,P. J. Rothwell,4th,2 3/4 l,5,11-5,93,True,55,4
Tipperary Racing Results | 18th May 2023 18:05,N/A,18:05,Good To Yielding,2m,Littel Flour (IRE),S. Fitzgerald,3,Declan Queally,3rd,2 1/2 l,6,11-7ht,95,True,55,4
Tipperary Racing Results | 18th May 2023 18:05,N/A,18:05,Good To Yielding,2m,Sovereign Duke (GER),Shane Fenelon,7,John Joseph Hanlon,2nd,1/2 l,8,11-9,97,True,55,4
Tipperary Racing Results | 18th May 2023 18:05,N/A,18:05,Good To Yielding,2m,Hi Ski (IRE),Shane O'Callaghan,7,Ross O'Sullivan,1st,N/A,8,11-4,92,True,55,4
Tipperary Racing Results | 18th May 2023 18:40,N/A,18:40,Good To Yielding,2m,Mac's Xpress (IRE),S. F. O'Keeffe,0,Mrs J. Harrington,F,N/A,5,11-12p1,100,True,55,5
Tipperary Racing Results | 18th May 2023 18:40,N/A,18:40,Good To Yielding,2m,Dgalwaygallivantor (IRE),Sean Flanagan,0,Gavin Patrick Cromwell,13th,1 l,4,10-12,92,True,55,5
Tipperary Racing Results | 18th May 2023 18:40,N/A,18:40,Good To Yielding,2m,The Cooleen (IRE),D. E. Mullins,0,J. P. Flavin,12th,4 1/2 l,4,10-13,93,True,55,5
Tipperary Racing Results | 18th May 2023 18:40,N/A,18:40,Good To Yielding,2m,Park Of Kings (IRE),J. S. McGarvey,0,Paul Nolan,11th,18 l,5,11-9,97,True,55,5
Tipperary Racing Results | 18th May 2023 18:40,N/A,18:40,Good To Yielding,2m,Diamond Union,D. J. O'Keeffe,0,E. J. O'Grady,10th,Head,6,11-11v1,99,True,55,5
Tipperary Racing Results | 18th May 2023 18:40,N/A,18:40,Good To Yielding,2m,Pidoyne (IRE),H. Morgan,3,Henry de Bromhead,9th,6 1/2 l,5,11-10t,98,True,55,5
Tipperary Racing Results | 18th May 2023 18:40,N/A,18:40,Good To Yielding,2m,Future Proof (IRE),S. D. Torrens,0,P. J. Rothwell,8th,2 l,8,11-7p,95,True,55,5
Tipperary Racing Results | 18th May 2023 18:40,N/A,18:40,Good To Yielding,2m,Jack Holiday (IRE),P. Byrnes,5,John F. Gleeson,7th,1 l,9,11-8b,96,True,55,5
Tipperary Racing Results | 18th May 2023 18:40,N/A,18:40,Good To Yielding,2m,Custers Mistake (IRE),Mr P. J. O'Neill,7,John F. O'Neill,6th,Neck,6,12-0t,102,True,55,5
Tipperary Racing Results | 18th May 2023 18:40,N/A,18:40,Good To Yielding,2m,Castlehill Boy (IRE),Phillip Enright,0,Brendan Maurice Walsh,5th,1 1/4 l,8,11-9,97,True,55,5
Tipperary Racing Results | 18th May 2023 18:40,N/A,18:40,Good To Yielding,2m,Toor Moment (IRE),I. J. Power,0,Ms M. Flynn,4th,2 3/4 l,8,11-4,92,True,55,5
Tipperary Racing Results | 18th May 2023 18:40,N/A,18:40,Good To Yielding,2m,Hidalgo Des Mottes (FR),R. A. Doyle,0,Eoin Griffin,3rd,7 1/2 l,6,11-11,99,True,55,5
Tipperary Racing Results | 18th May 2023 18:40,N/A,18:40,Good To Yielding,2m,Inchiquin Star (IRE),A. M. McCurtin,0,P. Kiely,2nd,1 3/4 l,4,10-13,93,True,55,5
Tipperary Racing Results | 18th May 2023 18:40,N/A,18:40,Good To Yielding,2m,Fiveonefive (IRE),Denis O'Regan,0,Cian Michael Collins,1st,N/A,5,12-0,102,True,55,5
Tipperary Racing Results | 18th May 2023 18:40,N/A,18:40,Good To Yielding,2m,Mac's Xpress (IRE),S. F. O'Keeffe,0,Mrs J. Harrington,F,N/A,5,11-12p1,100,True,55,5
Tipperary Racing Results | 18th May 2023 18:40,N/A,18:40,Good To Yielding,2m,Dgalwaygallivantor (IRE),Sean Flanagan,0,Gavin Patrick Cromwell,13th,1 l,4,10-12,92,True,55,5
Tipperary Racing Results | 18th May 2023 18:40,N/A,18:40,Good To Yielding,2m,The Cooleen (IRE),D. E. Mullins,0,J. P. Flavin,12th,4 1/2 l,4,10-13,93,True,55,5
Tipperary Racing Results | 18th May 2023 18:40,N/A,18:40,Good To Yielding,2m,Park Of Kings (IRE),J. S. McGarvey,0,Paul Nolan,11th,18 l,5,11-9,97,True,55,5
Tipperary Racing Results | 18th May 2023 18:40,N/A,18:40,Good To Yielding,2m,Diamond Union,D. J. O'Keeffe,0,E. J. O'Grady,10th,Head,6,11-11v1,99,True,55,5
Tipperary Racing Results | 18th May 2023 18:40,N/A,18:40,Good To Yielding,2m,Pidoyne (IRE),H. Morgan,3,Henry de Bromhead,9th,6 1/2 l,5,11-10t,98,True,55,5
Tipperary Racing Results | 18th May 2023 18:40,N/A,18:40,Good To Yielding,2m,Future Proof (IRE),S. D. Torrens,0,P. J. Rothwell,8th,2 l,8,11-7p,95,True,55,5
Tipperary Racing Results | 18th May 2023 18:40,N/A,18:40,Good To Yielding,2m,Jack Holiday (IRE),P. Byrnes,5,John F. Gleeson,7th,1 l,9,11-8b,96,True,55,5
Tipperary Racing Results | 18th May 2023 18:40,N/A,18:40,Good To Yielding,2m,Custers Mistake (IRE),Mr P. J. O'Neill,7,John F. O'Neill,6th,Neck,6,12-0t,102,True,55,5
Tipperary Racing Results | 18th May 2023 18:40,N/A,18:40,Good To Yielding,2m,Castlehill Boy (IRE),Phillip Enright,0,Brendan Maurice Walsh,5th,1 1/4 l,8,11-9,97,True,55,5
Tipperary Racing Results | 18th May 2023 18:40,N/A,18:40,Good To Yielding,2m,Toor Moment (IRE),I. J. Power,0,Ms M. Flynn,4th,2 3/4 l,8,11-4,92,True,55,5
Tipperary Racing Results | 18th May 2023 18:40,N/A,18:40,Good To Yielding,2m,Hidalgo Des Mottes (FR),R. A. Doyle,0,Eoin Griffin,3rd,7 1/2 l,6,11-11,99,True,55,5
Tipperary Racing Results | 18th May 2023 18:40,N/A,18:40,Good To Yielding,2m,Inchiquin Star (IRE),A. M. McCurtin,0,P. Kiely,2nd,1 3/4 l,4,10-13,93,True,55,5
Tipperary Racing Results | 18th May 2023 18:40,N/A,18:40,Good To Yielding,2m,Fiveonefive (IRE),Denis O'Regan,0,Cian Michael Collins,1st,N/A,5,12-0,102,True,55,5
Tipperary Racing Results | 18th May 2023 19:15,N/A,19:15,Good To Yielding,3m,Joe's Turn (IRE),S. F. O'Keeffe,0,R. P. Rath,13th,20 l,7,11-4,-,True,55,6
Tipperary Racing Results | 18th May 2023 19:15,N/A,19:15,Good To Yielding,3m,Present Soldier (IRE),Keith Donoghue,0,Gordon Elliott,12th,14 l,6,11-4t1,-,True,55,6
Tipperary Racing Results | 18th May 2023 19:15,N/A,19:15,Good To Yielding,3m,Blackwater Soldier (IRE),A. M. McCurtin,0,David Richard Barry,11th,15 l,6,11-4,-,True,55,6
Tipperary Racing Results | 18th May 2023 19:15,N/A,19:15,Good To Yielding,3m,Crafty Rascal (IRE),L. A. McKenna,5,Edward Cawley,10th,23 l,6,11-4,-,True,55,6
Tipperary Racing Results | 18th May 2023 19:15,N/A,19:15,Good To Yielding,3m,Walk In The Dark (IRE),D. E. Mullins,0,Brendan Maurice Walsh,9th,4 1/2 l,6,11-4,-,True,55,6
Tipperary Racing Results | 18th May 2023 19:15,N/A,19:15,Good To Yielding,3m,Petite Mike (IRE),Phillip Enright,0,G. Ahern,8th,9 l,5,11-4,-,True,55,6
Tipperary Racing Results | 18th May 2023 19:15,N/A,19:15,Good To Yielding,3m,Policy Breaker (IRE),Jack G. Gilligan,7,Paul John Gilligan,7th,1/2 l,6,11-4,-,True,55,6
Tipperary Racing Results | 18th May 2023 19:15,N/A,19:15,Good To Yielding,3m,Dream Jet (IRE),Philip Donovan,5,C. W. J. Farrell,6th,12 l,5,11-4,-,True,55,6
Tipperary Racing Results | 18th May 2023 19:15,N/A,19:15,Good To Yielding,3m,Ounce Of Gold (IRE),Sarah Kavanagh,7,P. A. Fahy,5th,3/4 l,6,11-4,-,True,55,6
Tipperary Racing Results | 18th May 2023 19:15,N/A,19:15,Good To Yielding,3m,Noble Talent (IRE),J. J. Slevin,0,T. J. Nagle Jnr,4th,11 l,6,11-4,-,True,55,6
Tipperary Racing Results | 18th May 2023 19:15,N/A,19:15,Good To Yielding,3m,Misty's Gift (IRE),Denis O'Regan,0,David Harry Kelly,3rd,7 l,7,11-12t1,-,True,55,6
Tipperary Racing Results | 18th May 2023 19:15,N/A,19:15,Good To Yielding,3m,Easy Fella (IRE),Rachael Blackmore,0,R. P. Cody,2nd,2 3/4 l,6,11-4p,-,True,55,6
Tipperary Racing Results | 18th May 2023 19:15,N/A,19:15,Good To Yielding,3m,What Path (FR),P. Townend,0,W. P. Mullins,1st,N/A,6,11-12,-,True,55,6
Tipperary Racing Results | 18th May 2023 19:15,N/A,19:15,Good To Yielding,3m,Joe's Turn (IRE),S. F. O'Keeffe,0,R. P. Rath,13th,20 l,7,11-4,-,True,55,6
Tipperary Racing Results | 18th May 2023 19:15,N/A,19:15,Good To Yielding,3m,Present Soldier (IRE),Keith Donoghue,0,Gordon Elliott,12th,14 l,6,11-4t1,-,True,55,6
Tipperary Racing Results | 18th May 2023 19:15,N/A,19:15,Good To Yielding,3m,Blackwater Soldier (IRE),A. M. McCurtin,0,David Richard Barry,11th,15 l,6,11-4,-,True,55,6
Tipperary Racing Results | 18th May 2023 19:15,N/A,19:15,Good To Yielding,3m,Crafty Rascal (IRE),L. A. McKenna,5,Edward Cawley,10th,23 l,6,11-4,-,True,55,6
Tipperary Racing Results | 18th May 2023 19:15,N/A,19:15,Good To Yielding,3m,Walk In The Dark (IRE),D. E. Mullins,0,Brendan Maurice Walsh,9th,4 1/2 l,6,11-4,-,True,55,6
Tipperary Racing Results | 18th May 2023 19:15,N/A,19:15,Good To Yielding,3m,Petite Mike (IRE),Phillip Enright,0,G. Ahern,8th,9 l,5,11-4,-,True,55,6
Tipperary Racing Results | 18th May 2023 19:15,N/A,19:15,Good To Yielding,3m,Policy Breaker (IRE),Jack G. Gilligan,7,Paul John Gilligan,7th,1/2 l,6,11-4,-,True,55,6
Tipperary Racing Results | 18th May 2023 19:15,N/A,19:15,Good To Yielding,3m,Dream Jet (IRE),Philip Donovan,5,C. W. J. Farrell,6th,12 l,5,11-4,-,True,55,6
Tipperary Racing Results | 18th May 2023 19:15,N/A,19:15,Good To Yielding,3m,Ounce Of Gold (IRE),Sarah Kavanagh,7,P. A. Fahy,5th,3/4 l,6,11-4,-,True,55,6
Tipperary Racing Results | 18th May 2023 19:15,N/A,19:15,Good To Yielding,3m,Noble Talent (IRE),J. J. Slevin,0,T. J. Nagle Jnr,4th,11 l,6,11-4,-,True,55,6
Tipperary Racing Results | 18th May 2023 19:15,N/A,19:15,Good To Yielding,3m,Misty's Gift (IRE),Denis O'Regan,0,David Harry Kelly,3rd,7 l,7,11-12t1,-,True,55,6
Tipperary Racing Results | 18th May 2023 19:15,N/A,19:15,Good To Yielding,3m,Easy Fella (IRE),Rachael Blackmore,0,R. P. Cody,2nd,2 3/4 l,6,11-4p,-,True,55,6
Tipperary Racing Results | 18th May 2023 19:15,N/A,19:15,Good To Yielding,3m,What Path (FR),P. Townend,0,W. P. Mullins,1st,N/A,6,11-12,-,True,55,6
Tipperary Racing Results | 18th May 2023 19:50,N/A,19:50,Good To Yielding,3m,The Last Throw (IRE),R. A. Doyle,0,M. F. Morris,PU,N/A,7,11-8t,95,True,55,7
Tipperary Racing Results | 18th May 2023 19:50,N/A,19:50,Good To Yielding,3m,Thedancingfarrier (IRE),Mr R. J. Kiely,5,P. Kiely,PU,N/A,11,11-8,95,True,55,7
Tipperary Racing Results | 18th May 2023 19:50,N/A,19:50,Good To Yielding,3m,Holiday In Kerry (IRE),C. P. McNamara,0,Eric McNamara,14th,38 l,7,11-10p,97,True,55,7
Tipperary Racing Results | 18th May 2023 19:50,N/A,19:50,Good To Yielding,3m,Attitash (IRE),Caragh Monaghan,7,Ian Patrick Donoghue,13th,1 1/4 l,8,11-6,93,True,55,7
Tipperary Racing Results | 18th May 2023 19:50,N/A,19:50,Good To Yielding,3m,Crimson Chief (IRE),K. E. Buckley,3,J. Morrison,12th,1 1/4 l,11,11-12,99,True,55,7
Tipperary Racing Results | 18th May 2023 19:50,N/A,19:50,Good To Yielding,3m,Carrig Hill (IRE),Philip Donovan,5,E. Seymour,11th,1 l,10,11-8p,95,True,55,7
Tipperary Racing Results | 18th May 2023 19:50,N/A,19:50,Good To Yielding,3m,Ballyglass Beauty (IRE),Kieran Callaghan,7,Liam P. Cusack,10th,8 l,7,11-11,98,True,55,7
Tipperary Racing Results | 18th May 2023 19:50,N/A,19:50,Good To Yielding,3m,Cassarina Gold (IRE),Mr Jacob Smith,7,Matthew J. Smith,9th,4 3/4 l,6,11-10t,97,True,55,7
Tipperary Racing Results | 18th May 2023 19:50,N/A,19:50,Good To Yielding,3m,Alfieri (IRE),Mr J. W. Reilly,7,Ross O'Sullivan,8th,Neck,6,11-13,100,True,55,7
Tipperary Racing Results | 18th May 2023 19:50,N/A,19:50,Good To Yielding,3m,Kingston Kid (IRE),Jack G. Gilligan,7,Eugene M. O'Sullivan,7th,2 1/4 l,6,11-10tp,97,True,55,7
Tipperary Racing Results | 18th May 2023 19:50,N/A,19:50,Good To Yielding,3m,Florey Spud (IRE),Denis O'Regan,0,P. F. O'Donnell,6th,1/2 l,8,11-13,100,True,55,7
Tipperary Racing Results | 18th May 2023 19:50,N/A,19:50,Good To Yielding,3m,General Clermont (FR),D. J. O'Keeffe,0,D. E. Fitzgerald,5th,1/2 l,7,11-10,97,True,55,7
Tipperary Racing Results | 18th May 2023 19:50,N/A,19:50,Good To Yielding,3m,Fox Fearless,Phillip Enright,0,Oliver McKiernan,4th,4 1/2 l,7,11-13,100,True,55,7
Tipperary Racing Results | 18th May 2023 19:50,N/A,19:50,Good To Yielding,3m,Navigator Jack (IRE),Keith Donoghue,0,Eoin Griffin,3rd,3 l,6,12-0ht,101,True,55,7
Tipperary Racing Results | 18th May 2023 19:50,N/A,19:50,Good To Yielding,3m,Townhill Penny (IRE),B. W. Harvey,5,Gordon Elliott,2nd,3/4 l,7,11-7p,94,True,55,7
Tipperary Racing Results | 18th May 2023 19:50,N/A,19:50,Good To Yielding,3m,King Ferdinand (IRE),E. Walsh,5,Eugene M. O'Sullivan,1st,N/A,7,11-10t,97,True,55,7
Tipperary Racing Results | 18th May 2023 19:50,N/A,19:50,Good To Yielding,3m,The Last Throw (IRE),R. A. Doyle,0,M. F. Morris,PU,N/A,7,11-8t,95,True,55,7
Tipperary Racing Results | 18th May 2023 19:50,N/A,19:50,Good To Yielding,3m,Thedancingfarrier (IRE),Mr R. J. Kiely,5,P. Kiely,PU,N/A,11,11-8,95,True,55,7
Tipperary Racing Results | 18th May 2023 19:50,N/A,19:50,Good To Yielding,3m,Holiday In Kerry (IRE),C. P. McNamara,0,Eric McNamara,14th,38 l,7,11-10p,97,True,55,7
Tipperary Racing Results | 18th May 2023 19:50,N/A,19:50,Good To Yielding,3m,Attitash (IRE),Caragh Monaghan,7,Ian Patrick Donoghue,13th,1 1/4 l,8,11-6,93,True,55,7
Tipperary Racing Results | 18th May 2023 19:50,N/A,19:50,Good To Yielding,3m,Crimson Chief (IRE),K. E. Buckley,3,J. Morrison,12th,1 1/4 l,11,11-12,99,True,55,7
Tipperary Racing Results | 18th May 2023 19:50,N/A,19:50,Good To Yielding,3m,Carrig Hill (IRE),Philip Donovan,5,E. Seymour,11th,1 l,10,11-8p,95,True,55,7
Tipperary Racing Results | 18th May 2023 19:50,N/A,19:50,Good To Yielding,3m,Ballyglass Beauty (IRE),Kieran Callaghan,7,Liam P. Cusack,10th,8 l,7,11-11,98,True,55,7
Tipperary Racing Results | 18th May 2023 19:50,N/A,19:50,Good To Yielding,3m,Cassarina Gold (IRE),Mr Jacob Smith,7,Matthew J. Smith,9th,4 3/4 l,6,11-10t,97,True,55,7
Tipperary Racing Results | 18th May 2023 19:50,N/A,19:50,Good To Yielding,3m,Alfieri (IRE),Mr J. W. Reilly,7,Ross O'Sullivan,8th,Neck,6,11-13,100,True,55,7
Tipperary Racing Results | 18th May 2023 19:50,N/A,19:50,Good To Yielding,3m,Kingston Kid (IRE),Jack G. Gilligan,7,Eugene M. O'Sullivan,7th,2 1/4 l,6,11-10tp,97,True,55,7
Tipperary Racing Results | 18th May 2023 19:50,N/A,19:50,Good To Yielding,3m,Florey Spud (IRE),Denis O'Regan,0,P. F. O'Donnell,6th,1/2 l,8,11-13,100,True,55,7
Tipperary Racing Results | 18th May 2023 19:50,N/A,19:50,Good To Yielding,3m,General Clermont (FR),D. J. O'Keeffe,0,D. E. Fitzgerald,5th,1/2 l,7,11-10,97,True,55,7
Tipperary Racing Results | 18th May 2023 19:50,N/A,19:50,Good To Yielding,3m,Fox Fearless,Phillip Enright,0,Oliver McKiernan,4th,4 1/2 l,7,11-13,100,True,55,7
Tipperary Racing Results | 18th May 2023 19:50,N/A,19:50,Good To Yielding,3m,Navigator Jack (IRE),Keith Donoghue,0,Eoin Griffin,3rd,3 l,6,12-0ht,101,True,55,7
Tipperary Racing Results | 18th May 2023 19:50,N/A,19:50,Good To Yielding,3m,Townhill Penny (IRE),B. W. Harvey,5,Gordon Elliott,2nd,3/4 l,7,11-7p,94,True,55,7
Tipperary Racing Results | 18th May 2023 19:50,N/A,19:50,Good To Yielding,3m,King Ferdinand (IRE),E. Walsh,5,Eugene M. O'Sullivan,1st,N/A,7,11-10t,97,True,55,7
Tipperary Racing Results | 18th May 2023 20:25,N/A,20:25,Good To Yielding  Flat (Turf),2m,Westwind Star,Ms E. J. Fitzgerald,7,Brian Mortell,13th,3 1/2 l,6,11-7,-,True,55,8
Tipperary Racing Results | 18th May 2023 20:25,N/A,20:25,Good To Yielding  Flat (Turf),2m,Annie Questions (IRE),Mr A. Burke-Ott,7,Patrick Cronin,12th,24 l,5,11-0,-,True,55,8
Tipperary Racing Results | 18th May 2023 20:25,N/A,20:25,Good To Yielding  Flat (Turf),2m,Theanniversary Man (IRE),Niall Moore,7,Frank John Hayes,11th,2 3/4 l,4,11-1,-,True,55,8
Tipperary Racing Results | 18th May 2023 20:25,N/A,20:25,Good To Yielding  Flat (Turf),2m,Johnny Come Lately,Jack G. Gilligan,7,David M. O'Brien,10th,2 l,6,11-7,-,True,55,8
Tipperary Racing Results | 18th May 2023 20:25,N/A,20:25,Good To Yielding  Flat (Turf),2m,Miss D Hunter (IRE),Miss M. O'Sullivan,5,Mrs Lorna Fowler,9th,3 l,5,11-0,-,True,55,8
Tipperary Racing Results | 18th May 2023 20:25,N/A,20:25,Good To Yielding  Flat (Turf),2m,Lovealot Bear (IRE),Mr A. P. Ryan,7,Edmond Kent,8th,1 l,4,10-8,-,True,55,8
Tipperary Racing Results | 18th May 2023 20:25,N/A,20:25,Good To Yielding  Flat (Turf),2m,Its Not Over Yet (IRE),J. I. Duggan,7,Oliver McKiernan,7th,1/2 l,4,10-8,-,True,55,8
Tipperary Racing Results | 18th May 2023 20:25,N/A,20:25,Good To Yielding  Flat (Turf),2m,Dark Image,Mr W. T. Cronin,7,Eoin Christopher McCarthy,6th,1/2 l,5,11-7,-,True,55,8
Tipperary Racing Results | 18th May 2023 20:25,N/A,20:25,Good To Yielding  Flat (Turf),2m,Manor Royale (IRE),Mr R. W. Barron,7,Charles Byrnes,5th,3 1/2 l,4,11-1,-,True,55,8
Tipperary Racing Results | 18th May 2023 20:25,N/A,20:25,Good To Yielding  Flat (Turf),2m,Captain Jake (IRE),Mr J. Kidd,7,Mrs Lorna Fowler,4th,1 1/2 l,6,11-7,-,True,55,8
Tipperary Racing Results | 18th May 2023 20:25,N/A,20:25,Good To Yielding  Flat (Turf),2m,Fad Eadrainn (IRE),Mr Pat Taaffe,7,Patrick T. Foley,3rd,1 3/4 l,5,11-7h1,-,True,55,8
Tipperary Racing Results | 18th May 2023 20:25,N/A,20:25,Good To Yielding  Flat (Turf),2m,Ah Remy Martin (IRE),Mr J. L. Gleeson,5,T. Gibney,2nd,6 l,5,11-7,-,True,55,8
Tipperary Racing Results | 18th May 2023 20:25,N/A,20:25,Good To Yielding  Flat (Turf),2m,Readin Tommy Wrong (IRE),Mr P. W. Mullins,0,W. P. Mullins,1st,N/A,5,12-0,-,True,55,8
Tipperary Racing Results | 18th May 2023 20:25,N/A,20:25,Good To Yielding  Flat (Turf),2m,Westwind Star,Ms E. J. Fitzgerald,7,Brian Mortell,13th,3 1/2 l,6,11-7,-,True,55,8
Tipperary Racing Results | 18th May 2023 20:25,N/A,20:25,Good To Yielding  Flat (Turf),2m,Annie Questions (IRE),Mr A. Burke-Ott,7,Patrick Cronin,12th,24 l,5,11-0,-,True,55,8
Tipperary Racing Results | 18th May 2023 20:25,N/A,20:25,Good To Yielding  Flat (Turf),2m,Theanniversary Man (IRE),Niall Moore,7,Frank John Hayes,11th,2 3/4 l,4,11-1,-,True,55,8
Tipperary Racing Results | 18th May 2023 20:25,N/A,20:25,Good To Yielding  Flat (Turf),2m,Johnny Come Lately,Jack G. Gilligan,7,David M. O'Brien,10th,2 l,6,11-7,-,True,55,8
Tipperary Racing Results | 18th May 2023 20:25,N/A,20:25,Good To Yielding  Flat (Turf),2m,Miss D Hunter (IRE),Miss M. O'Sullivan,5,Mrs Lorna Fowler,9th,3 l,5,11-0,-,True,55,8
Tipperary Racing Results | 18th May 2023 20:25,N/A,20:25,Good To Yielding  Flat (Turf),2m,Lovealot Bear (IRE),Mr A. P. Ryan,7,Edmond Kent,8th,1 l,4,10-8,-,True,55,8
Tipperary Racing Results | 18th May 2023 20:25,N/A,20:25,Good To Yielding  Flat (Turf),2m,Its Not Over Yet (IRE),J. I. Duggan,7,Oliver McKiernan,7th,1/2 l,4,10-8,-,True,55,8
Tipperary Racing Results | 18th May 2023 20:25,N/A,20:25,Good To Yielding  Flat (Turf),2m,Dark Image,Mr W. T. Cronin,7,Eoin Christopher McCarthy,6th,1/2 l,5,11-7,-,True,55,8
Tipperary Racing Results | 18th May 2023 20:25,N/A,20:25,Good To Yielding  Flat (Turf),2m,Manor Royale (IRE),Mr R. W. Barron,7,Charles Byrnes,5th,3 1/2 l,4,11-1,-,True,55,8
Tipperary Racing Results | 18th May 2023 20:25,N/A,20:25,Good To Yielding  Flat (Turf),2m,Captain Jake (IRE),Mr J. Kidd,7,Mrs Lorna Fowler,4th,1 1/2 l,6,11-7,-,True,55,8
Tipperary Racing Results | 18th May 2023 20:25,N/A,20:25,Good To Yielding  Flat (Turf),2m,Fad Eadrainn (IRE),Mr Pat Taaffe,7,Patrick T. Foley,3rd,1 3/4 l,5,11-7h1,-,True,55,8
Tipperary Racing Results | 18th May 2023 20:25,N/A,20:25,Good To Yielding  Flat (Turf),2m,Ah Remy Martin (IRE),Mr J. L. Gleeson,5,T. Gibney,2nd,6 l,5,11-7,-,True,55,8
Tipperary Racing Results | 18th May 2023 20:25,N/A,20:25,Good To Yielding  Flat (Turf),2m,Readin Tommy Wrong (IRE),Mr P. W. Mullins,0,W. P. Mullins,1st,N/A,5,12-0,-,True,55,8
Leopardstown Racing Results | 19th May 2023 16:40,N/A,16:40,Good,7f 69y,Carter Hall (IRE),J. M. Sheridan,3,J. A. Stack,14th,1 1/4 l,2,9-7,-,True,55,9
Leopardstown Racing Results | 19th May 2023 16:40,N/A,16:40,Good,7f 69y,Bhean Saibhre (IRE),G. F. Carroll,0,Aidan Anthony Howard,13th,4 1/4 l,2,9-2,-,True,55,9
Leopardstown Racing Results | 19th May 2023 16:40,N/A,16:40,Good,7f 69y,Gandolfo (IRE),L. F. Roche,0,Noel Meade,12th,1 1/2 l,2,9-7,-,True,55,9
Leopardstown Racing Results | 19th May 2023 16:40,N/A,16:40,Good,7f 69y,Oiche Chiuin (IRE),R. P. Cleary,0,J. S. Bolger,11th,Head,2,9-2,-,True,55,9
Leopardstown Racing Results | 19th May 2023 16:40,N/A,16:40,Good,7f 69y,Thor's Hammer (IRE),Ben Martin Coen,0,John Patrick Murtagh,10th,Neck,2,9-7,-,True,55,9
Leopardstown Racing Results | 19th May 2023 16:40,N/A,16:40,Good,7f 69y,Gaspare Gabrielli (IRE),W. M. Lordan,0,Aidan O'Brien,9th,2 1/4 l,2,9-7,-,True,55,9
Leopardstown Racing Results | 19th May 2023 16:40,N/A,16:40,Good,7f 69y,Glamora (IRE),R. C. Colgan,0,Ms Sheila Lavery,8th,1 l,2,9-2,-,True,55,9
Leopardstown Racing Results | 19th May 2023 16:40,N/A,16:40,Good,7f 69y,Akkadian Emperor (IRE),D. B. McMonagle,0,Joseph Patrick O'Brien,7th,Head,2,9-7,-,True,55,9
Leopardstown Racing Results | 19th May 2023 16:40,N/A,16:40,Good,7f 69y,Mariner (IRE),S. B. Kelly,0,John Patrick Murtagh,6th,Head,2,9-7,-,True,55,9
Leopardstown Racing Results | 19th May 2023 16:40,N/A,16:40,Good,7f 69y,Latin (IRE),Seamie Heffernan,0,Aidan O'Brien,5th,1 3/4 l,2,9-7,-,True,55,9
Leopardstown Racing Results | 19th May 2023 16:40,N/A,16:40,Good,7f 69y,Spanish Flame (IRE),C. T. Keane,0,G. M. Lyons,4th,Short Head,2,9-7,-,True,55,9
Leopardstown Racing Results | 19th May 2023 16:40,N/A,16:40,Good,7f 69y,Star Hunter (IRE),Shane Foley,0,Mrs J. Harrington,3rd,Head,2,9-7,-,True,55,9
Leopardstown Racing Results | 19th May 2023 16:40,N/A,16:40,Good,7f 69y,Instant Appeal,S. McCullagh,3,Mrs J. Harrington,2nd,2 1/2 l,2,9-7,-,True,55,9
Leopardstown Racing Results | 19th May 2023 16:40,N/A,16:40,Good,7f 69y,Deepone,William James Lee,0,P. Twomey,1st,N/A,2,9-7,-,True,55,9
Leopardstown Racing Results | 19th May 2023 16:40,N/A,16:40,Good,7f 69y,Carter Hall (IRE),J. M. Sheridan,3,J. A. Stack,14th,1 1/4 l,2,9-7,-,True,55,9
Leopardstown Racing Results | 19th May 2023 16:40,N/A,16:40,Good,7f 69y,Bhean Saibhre (IRE),G. F. Carroll,0,Aidan Anthony Howard,13th,4 1/4 l,2,9-2,-,True,55,9
Leopardstown Racing Results | 19th May 2023 16:40,N/A,16:40,Good,7f 69y,Gandolfo (IRE),L. F. Roche,0,Noel Meade,12th,1 1/2 l,2,9-7,-,True,55,9
Leopardstown Racing Results | 19th May 2023 16:40,N/A,16:40,Good,7f 69y,Oiche Chiuin (IRE),R. P. Cleary,0,J. S. Bolger,11th,Head,2,9-2,-,True,55,9
Leopardstown Racing Results | 19th May 2023 16:40,N/A,16:40,Good,7f 69y,Thor's Hammer (IRE),Ben Martin Coen,0,John Patrick Murtagh,10th,Neck,2,9-7,-,True,55,9
Leopardstown Racing Results | 19th May 2023 16:40,N/A,16:40,Good,7f 69y,Gaspare Gabrielli (IRE),W. M. Lordan,0,Aidan O'Brien,9th,2 1/4 l,2,9-7,-,True,55,9
Leopardstown Racing Results | 19th May 2023 16:40,N/A,16:40,Good,7f 69y,Glamora (IRE),R. C. Colgan,0,Ms Sheila Lavery,8th,1 l,2,9-2,-,True,55,9
Leopardstown Racing Results | 19th May 2023 16:40,N/A,16:40,Good,7f 69y,Akkadian Emperor (IRE),D. B. McMonagle,0,Joseph Patrick O'Brien,7th,Head,2,9-7,-,True,55,9
Leopardstown Racing Results | 19th May 2023 16:40,N/A,16:40,Good,7f 69y,Mariner (IRE),S. B. Kelly,0,John Patrick Murtagh,6th,Head,2,9-7,-,True,55,9
Leopardstown Racing Results | 19th May 2023 16:40,N/A,16:40,Good,7f 69y,Latin (IRE),Seamie Heffernan,0,Aidan O'Brien,5th,1 3/4 l,2,9-7,-,True,55,9
Leopardstown Racing Results | 19th May 2023 16:40,N/A,16:40,Good,7f 69y,Spanish Flame (IRE),C. T. Keane,0,G. M. Lyons,4th,Short Head,2,9-7,-,True,55,9
Leopardstown Racing Results | 19th May 2023 16:40,N/A,16:40,Good,7f 69y,Star Hunter (IRE),Shane Foley,0,Mrs J. Harrington,3rd,Head,2,9-7,-,True,55,9
Leopardstown Racing Results | 19th May 2023 16:40,N/A,16:40,Good,7f 69y,Instant Appeal,S. McCullagh,3,Mrs J. Harrington,2nd,2 1/2 l,2,9-7,-,True,55,9
Leopardstown Racing Results | 19th May 2023 16:40,N/A,16:40,Good,7f 69y,Deepone,William James Lee,0,P. Twomey,1st,N/A,2,9-7,-,True,55,9
Leopardstown Racing Results | 19th May 2023 17:10,N/A,17:10,Good,1m,Uwoduhi Adanvto (IRE),C. J. MacRedmond,5,Miss Amanda Mooney,20th,2 3/4 l,3,9-3,-,True,55,10
Leopardstown Racing Results | 19th May 2023 17:10,N/A,17:10,Good,1m,Goldmoyne (IRE),M. A. Enright,0,Timothy Doyle,19th,2 3/4 l,3,9-8,-,True,55,10
Leopardstown Racing Results | 19th May 2023 17:10,N/A,17:10,Good,1m,Charlie Brow'n (FR),W. M. Lordan,0,T. J. O'Mara,18th,3 1/2 l,3,9-8,-,True,55,10
Leopardstown Racing Results | 19th May 2023 17:10,N/A,17:10,Good,1m,Silkies Sib (IRE),Adam Caffrey,7,Timothy Doyle,17th,Neck,3,9-8,-,True,55,10
Leopardstown Racing Results | 19th May 2023 17:10,N/A,17:10,Good,1m,Get Set Jet,D. W. O'Connor,0,Ross O'Sullivan,16th,1 1/4 l,3,9-8,-,True,55,10
Leopardstown Racing Results | 19th May 2023 17:10,N/A,17:10,Good,1m,Cruiscin Lan (IRE),G. P. Halpin,0,Kevin Prendergast,15th,1/2 l,3,9-8,-,True,55,10
Leopardstown Racing Results | 19th May 2023 17:10,N/A,17:10,Good,1m,Below Deck (IRE),R. C. Colgan,0,Luke Comer,14th,1 1/4 l,3,9-3,-,True,55,10
Leopardstown Racing Results | 19th May 2023 17:10,N/A,17:10,Good,1m,Passionate (IRE),A. J. Slattery,0,J. A. Stack,13th,1 l,3,9-3,-,True,55,10
Leopardstown Racing Results | 19th May 2023 17:10,N/A,17:10,Good,1m,Portmagee (IRE),M. P. Sheehy,0,Richard Brabazon,12th,3/4 l,3,9-3,-,True,55,10
Leopardstown Racing Results | 19th May 2023 17:10,N/A,17:10,Good,1m,Banana Three (IRE),C. T. Keane,0,G. M. Lyons,11th,1/2 l,3,9-8,-,True,55,10
Leopardstown Racing Results | 19th May 2023 17:10,N/A,17:10,Good,1m,New Route (IRE),C. D. Hayes,0,Ross O'Sullivan,10th,2 l,3,9-8,-,True,55,10
Leopardstown Racing Results | 19th May 2023 17:10,N/A,17:10,Good,1m,Free Flow (USA),L. T. McAteer,3,James M. Barrett,9th,1/2 l,3,9-8,-,True,55,10
Leopardstown Racing Results | 19th May 2023 17:10,N/A,17:10,Good,1m,City Exile,Seamie Heffernan,0,David Marnane,8th,Head,3,9-8,-,True,55,10
Leopardstown Racing Results | 19th May 2023 17:10,N/A,17:10,Good,1m,Firm Handshake (IRE),Ben Martin Coen,0,W. McCreery,7th,1 1/2 l,3,9-8v1,-,True,55,10
Leopardstown Racing Results | 19th May 2023 17:10,N/A,17:10,Good,1m,Guided (IRE),D. B. McMonagle,0,Joseph Patrick O'Brien,6th,1/2 l,3,9-3,-,True,55,10
Leopardstown Racing Results | 19th May 2023 17:10,N/A,17:10,Good,1m,Treasured Soul (IRE),G. F. Carroll,0,G. M. Lyons,5th,1 1/4 l,3,9-8,-,True,55,10
Leopardstown Racing Results | 19th May 2023 17:10,N/A,17:10,Good,1m,Night Blue (IRE),Shane Foley,0,Mrs J. Harrington,4th,3/4 l,3,9-3,-,True,55,10
Leopardstown Racing Results | 19th May 2023 17:10,N/A,17:10,Good,1m,Bella Blue Eyes (IRE),William James Lee,0,P. Twomey,3rd,1/2 l,3,9-3,-,True,55,10
Leopardstown Racing Results | 19th May 2023 17:10,N/A,17:10,Good,1m,Dawn Session (IRE),R. P. Cleary,0,J. S. Bolger,2nd,1/2 l,3,9-8,-,True,55,10
Leopardstown Racing Results | 19th May 2023 17:10,N/A,17:10,Good,1m,Winston Spencer (IRE),L. F. Roche,0,Noel Meade,1st,N/A,3,9-8,-,True,55,10
Leopardstown Racing Results | 19th May 2023 17:10,N/A,17:10,Good,1m,Uwoduhi Adanvto (IRE),C. J. MacRedmond,5,Miss Amanda Mooney,20th,2 3/4 l,3,9-3,-,True,55,10
Leopardstown Racing Results | 19th May 2023 17:10,N/A,17:10,Good,1m,Goldmoyne (IRE),M. A. Enright,0,Timothy Doyle,19th,2 3/4 l,3,9-8,-,True,55,10
Leopardstown Racing Results | 19th May 2023 17:10,N/A,17:10,Good,1m,Charlie Brow'n (FR),W. M. Lordan,0,T. J. O'Mara,18th,3 1/2 l,3,9-8,-,True,55,10
Leopardstown Racing Results | 19th May 2023 17:10,N/A,17:10,Good,1m,Silkies Sib (IRE),Adam Caffrey,7,Timothy Doyle,17th,Neck,3,9-8,-,True,55,10
Leopardstown Racing Results | 19th May 2023 17:10,N/A,17:10,Good,1m,Get Set Jet,D. W. O'Connor,0,Ross O'Sullivan,16th,1 1/4 l,3,9-8,-,True,55,10
Leopardstown Racing Results | 19th May 2023 17:10,N/A,17:10,Good,1m,Cruiscin Lan (IRE),G. P. Halpin,0,Kevin Prendergast,15th,1/2 l,3,9-8,-,True,55,10
Leopardstown Racing Results | 19th May 2023 17:10,N/A,17:10,Good,1m,Below Deck (IRE),R. C. Colgan,0,Luke Comer,14th,1 1/4 l,3,9-3,-,True,55,10
Leopardstown Racing Results | 19th May 2023 17:10,N/A,17:10,Good,1m,Passionate (IRE),A. J. Slattery,0,J. A. Stack,13th,1 l,3,9-3,-,True,55,10
Leopardstown Racing Results | 19th May 2023 17:10,N/A,17:10,Good,1m,Portmagee (IRE),M. P. Sheehy,0,Richard Brabazon,12th,3/4 l,3,9-3,-,True,55,10
Leopardstown Racing Results | 19th May 2023 17:10,N/A,17:10,Good,1m,Banana Three (IRE),C. T. Keane,0,G. M. Lyons,11th,1/2 l,3,9-8,-,True,55,10
Leopardstown Racing Results | 19th May 2023 17:10,N/A,17:10,Good,1m,New Route (IRE),C. D. Hayes,0,Ross O'Sullivan,10th,2 l,3,9-8,-,True,55,10
Leopardstown Racing Results | 19th May 2023 17:10,N/A,17:10,Good,1m,Free Flow (USA),L. T. McAteer,3,James M. Barrett,9th,1/2 l,3,9-8,-,True,55,10
Leopardstown Racing Results | 19th May 2023 17:10,N/A,17:10,Good,1m,City Exile,Seamie Heffernan,0,David Marnane,8th,Head,3,9-8,-,True,55,10
Leopardstown Racing Results | 19th May 2023 17:10,N/A,17:10,Good,1m,Firm Handshake (IRE),Ben Martin Coen,0,W. McCreery,7th,1 1/2 l,3,9-8v1,-,True,55,10
Leopardstown Racing Results | 19th May 2023 17:10,N/A,17:10,Good,1m,Guided (IRE),D. B. McMonagle,0,Joseph Patrick O'Brien,6th,1/2 l,3,9-3,-,True,55,10
Leopardstown Racing Results | 19th May 2023 17:10,N/A,17:10,Good,1m,Treasured Soul (IRE),G. F. Carroll,0,G. M. Lyons,5th,1 1/4 l,3,9-8,-,True,55,10
Leopardstown Racing Results | 19th May 2023 17:10,N/A,17:10,Good,1m,Night Blue (IRE),Shane Foley,0,Mrs J. Harrington,4th,3/4 l,3,9-3,-,True,55,10
Leopardstown Racing Results | 19th May 2023 17:10,N/A,17:10,Good,1m,Bella Blue Eyes (IRE),William James Lee,0,P. Twomey,3rd,1/2 l,3,9-3,-,True,55,10
Leopardstown Racing Results | 19th May 2023 17:10,N/A,17:10,Good,1m,Dawn Session (IRE),R. P. Cleary,0,J. S. Bolger,2nd,1/2 l,3,9-8,-,True,55,10
Leopardstown Racing Results | 19th May 2023 17:10,N/A,17:10,Good,1m,Winston Spencer (IRE),L. F. Roche,0,Noel Meade,1st,N/A,3,9-8,-,True,55,10
Leopardstown Racing Results | 19th May 2023 17:45,N/A,17:45,Good,1m,Dreaming Princess,W. M. Lordan,0,Miss Natalia Lupini,20th,Neck,3,9-2,68,True,55,11
Leopardstown Racing Results | 19th May 2023 17:45,N/A,17:45,Good,1m,Wee Pablo (IRE),Seamie Heffernan,0,Harry Rogers,19th,2 l,6,9-8t,62,True,55,11
Leopardstown Racing Results | 19th May 2023 17:45,N/A,17:45,Good,1m,Ellabella (IRE),J. Kearney,7,Andrew McNamara,18th,1/2 l,5,10-2tp,70,True,55,11
Leopardstown Racing Results | 19th May 2023 17:45,N/A,17:45,Good,1m,Mullacash Buzz (IRE),Jack Cleary,7,Thomas Dowling,17th,Neck,5,10-1t,69,True,55,11
Leopardstown Racing Results | 19th May 2023 17:45,N/A,17:45,Good,1m,Riverina Charm (IRE),J. Coen,5,Joseph Patrick O'Brien,16th,1/2 l,4,10-2,70,True,55,11
Leopardstown Racing Results | 19th May 2023 17:45,N/A,17:45,Good,1m,Shamastar (IRE),D. B. McMonagle,0,David Marnane,15th,3 l,3,8-12,64,True,55,11
Leopardstown Racing Results | 19th May 2023 17:45,N/A,17:45,Good,1m,The Bog Bank (IRE),J. J. G. Ryan,7,T. G. McCourt,14th,1 l,6,9-10p,64,True,55,11
Leopardstown Racing Results | 19th May 2023 17:45,N/A,17:45,Good,1m,Amanirenas (IRE),R. C. Colgan,0,M. C. Grassick,13th,1/2 l,4,9-9,63,True,55,11
Leopardstown Racing Results | 19th May 2023 17:45,N/A,17:45,Good,1m,St Cianans Fire (IRE),D. W. O'Connor,0,John McConnell,12th,1 l,5,9-12t,66,True,55,11
Leopardstown Racing Results | 19th May 2023 17:45,N/A,17:45,Good,1m,Bababobo (IRE),C. J. MacRedmond,5,Miss Niamh Carol Hennessy,11th,3/4 l,4,9-10,64,True,55,11
Leopardstown Racing Results | 19th May 2023 17:45,N/A,17:45,Good,1m,Geological (IRE),L. T. McAteer,3,Damian Joseph English,10th,1 1/2 l,11,9-11,65,True,55,11
Leopardstown Racing Results | 19th May 2023 17:45,N/A,17:45,Good,1m,Miss Abby Jools (IRE),Adam Caffrey,7,Charles Byrnes,9th,Head,4,10-0,68,True,55,11
Leopardstown Racing Results | 19th May 2023 17:45,N/A,17:45,Good,1m,Muhalhel (IRE),S. R. Markey,10,Anthony McCann,8th,1 3/4 l,5,9-9tp,63,True,55,11
Leopardstown Racing Results | 19th May 2023 17:45,N/A,17:45,Good,1m,Lauroline,C. Geerdharry,7,John Patrick Murtagh,7th,Neck,4,9-12,66,True,55,11
Leopardstown Racing Results | 19th May 2023 17:45,N/A,17:45,Good,1m,Asisaid (IRE),Ben Martin Coen,0,P. J. F. Murphy,6th,1/2 l,4,9-11p,65,True,55,11
Leopardstown Racing Results | 19th May 2023 17:45,N/A,17:45,Good,1m,Snowhaven (IRE),Shane Foley,0,Mrs J. Harrington,5th,1 l,3,9-0,66,True,55,11
Leopardstown Racing Results | 19th May 2023 17:45,N/A,17:45,Good,1m,Morning Approach (IRE),William James Lee,0,W. McCreery,4th,Neck,5,9-12,66,True,55,11
Leopardstown Racing Results | 19th May 2023 17:45,N/A,17:45,Good,1m,Yokkell (IRE),C. T. Keane,0,Jarlath P. Fahey,3rd,1 3/4 l,4,10-2,70,True,55,11
Leopardstown Racing Results | 19th May 2023 17:45,N/A,17:45,Good,1m,Fastman (IRE),Siobhan Rutledge,5,John McConnell,2nd,2 l,7,9-12p,66,True,55,11
Leopardstown Racing Results | 19th May 2023 17:45,N/A,17:45,Good,1m,Chavajod,L. F. Roche,0,D. P. Coakley,1st,N/A,5,10-0p1,68,True,55,11
Leopardstown Racing Results | 19th May 2023 17:45,N/A,17:45,Good,1m,Dreaming Princess,W. M. Lordan,0,Miss Natalia Lupini,20th,Neck,3,9-2,68,True,55,11
Leopardstown Racing Results | 19th May 2023 17:45,N/A,17:45,Good,1m,Wee Pablo (IRE),Seamie Heffernan,0,Harry Rogers,19th,2 l,6,9-8t,62,True,55,11
Leopardstown Racing Results | 19th May 2023 17:45,N/A,17:45,Good,1m,Ellabella (IRE),J. Kearney,7,Andrew McNamara,18th,1/2 l,5,10-2tp,70,True,55,11
Leopardstown Racing Results | 19th May 2023 17:45,N/A,17:45,Good,1m,Mullacash Buzz (IRE),Jack Cleary,7,Thomas Dowling,17th,Neck,5,10-1t,69,True,55,11
Leopardstown Racing Results | 19th May 2023 17:45,N/A,17:45,Good,1m,Riverina Charm (IRE),J. Coen,5,Joseph Patrick O'Brien,16th,1/2 l,4,10-2,70,True,55,11
Leopardstown Racing Results | 19th May 2023 17:45,N/A,17:45,Good,1m,Shamastar (IRE),D. B. McMonagle,0,David Marnane,15th,3 l,3,8-12,64,True,55,11
Leopardstown Racing Results | 19th May 2023 17:45,N/A,17:45,Good,1m,The Bog Bank (IRE),J. J. G. Ryan,7,T. G. McCourt,14th,1 l,6,9-10p,64,True,55,11
Leopardstown Racing Results | 19th May 2023 17:45,N/A,17:45,Good,1m,Amanirenas (IRE),R. C. Colgan,0,M. C. Grassick,13th,1/2 l,4,9-9,63,True,55,11
Leopardstown Racing Results | 19th May 2023 17:45,N/A,17:45,Good,1m,St Cianans Fire (IRE),D. W. O'Connor,0,John McConnell,12th,1 l,5,9-12t,66,True,55,11
Leopardstown Racing Results | 19th May 2023 17:45,N/A,17:45,Good,1m,Bababobo (IRE),C. J. MacRedmond,5,Miss Niamh Carol Hennessy,11th,3/4 l,4,9-10,64,True,55,11
Leopardstown Racing Results | 19th May 2023 17:45,N/A,17:45,Good,1m,Geological (IRE),L. T. McAteer,3,Damian Joseph English,10th,1 1/2 l,11,9-11,65,True,55,11
Leopardstown Racing Results | 19th May 2023 17:45,N/A,17:45,Good,1m,Miss Abby Jools (IRE),Adam Caffrey,7,Charles Byrnes,9th,Head,4,10-0,68,True,55,11
Leopardstown Racing Results | 19th May 2023 17:45,N/A,17:45,Good,1m,Muhalhel (IRE),S. R. Markey,10,Anthony McCann,8th,1 3/4 l,5,9-9tp,63,True,55,11
Leopardstown Racing Results | 19th May 2023 17:45,N/A,17:45,Good,1m,Lauroline,C. Geerdharry,7,John Patrick Murtagh,7th,Neck,4,9-12,66,True,55,11
Leopardstown Racing Results | 19th May 2023 17:45,N/A,17:45,Good,1m,Asisaid (IRE),Ben Martin Coen,0,P. J. F. Murphy,6th,1/2 l,4,9-11p,65,True,55,11
Leopardstown Racing Results | 19th May 2023 17:45,N/A,17:45,Good,1m,Snowhaven (IRE),Shane Foley,0,Mrs J. Harrington,5th,1 l,3,9-0,66,True,55,11
Leopardstown Racing Results | 19th May 2023 17:45,N/A,17:45,Good,1m,Morning Approach (IRE),William James Lee,0,W. McCreery,4th,Neck,5,9-12,66,True,55,11
Leopardstown Racing Results | 19th May 2023 17:45,N/A,17:45,Good,1m,Yokkell (IRE),C. T. Keane,0,Jarlath P. Fahey,3rd,1 3/4 l,4,10-2,70,True,55,11
Leopardstown Racing Results | 19th May 2023 17:45,N/A,17:45,Good,1m,Fastman (IRE),Siobhan Rutledge,5,John McConnell,2nd,2 l,7,9-12p,66,True,55,11
Leopardstown Racing Results | 19th May 2023 17:45,N/A,17:45,Good,1m,Chavajod,L. F. Roche,0,D. P. Coakley,1st,N/A,5,10-0p1,68,True,55,11
Leopardstown Racing Results | 19th May 2023 18:20,N/A,18:20,Good,1m 2f,Fleadhfest (IRE),R. P. Cleary,0,J. S. Bolger,13th,1/2 l,3,8-7,73,True,55,12
Leopardstown Racing Results | 19th May 2023 18:20,N/A,18:20,Good,1m 2f,Red Trail (IRE),D. B. McMonagle,0,Andrew McNamara,12th,10 l,4,9-0,66,True,55,12
Leopardstown Racing Results | 19th May 2023 18:20,N/A,18:20,Good,1m 2f,Giselles Ausie (IRE),R. Whearty,7,Gavin Patrick Cromwell,11th,1/2 l,4,9-11,77,True,55,12
Leopardstown Racing Results | 19th May 2023 18:20,N/A,18:20,Good,1m 2f,Eastern Wind,J. J. G. Ryan,7,T. G. McCourt,10th,1/2 l,4,10-0h,80,True,55,12
Leopardstown Racing Results | 19th May 2023 18:20,N/A,18:20,Good,1m 2f,Alma Libre (ARG),H. J. Horgan,7,Miss Natalia Lupini,9th,Head,5,9-7,73,True,55,12
Leopardstown Racing Results | 19th May 2023 18:20,N/A,18:20,Good,1m 2f,Alazne (IRE),M. W. Hassett,10,Joseph Patrick O'Brien,8th,Head,3,8-7,73,True,55,12
Leopardstown Racing Results | 19th May 2023 18:20,N/A,18:20,Good,1m 2f,Coill Na Sionainne (IRE),Jessica Maye,10,W. McCreery,7th,1 1/2 l,7,10-0,80,True,55,12
Leopardstown Racing Results | 19th May 2023 18:20,N/A,18:20,Good,1m 2f,Hazy Mehmory (IRE),J. Kearney,7,G. M. Lyons,6th,Short Head,4,10-5h,85,True,55,12
Leopardstown Racing Results | 19th May 2023 18:20,N/A,18:20,Good,1m 2f,Apprentice (IRE),A. C. Persse,7,Mark Cahill,5th,Neck,3,8-7,73,True,55,12
Leopardstown Racing Results | 19th May 2023 18:20,N/A,18:20,Good,1m 2f,Timeless Piece (IRE),L. F. Roche,0,Mrs J. Harrington,4th,Neck,3,8-7,73,True,55,12
Leopardstown Racing Results | 19th May 2023 18:20,N/A,18:20,Good,1m 2f,New Hill (IRE),R. C. Colgan,0,Ms Sheila Lavery,3rd,1 3/4 l,5,9-10,76,True,55,12
Leopardstown Racing Results | 19th May 2023 18:20,N/A,18:20,Good,1m 2f,Signora Bellissima (IRE),Ben Martin Coen,0,John Patrick Murtagh,2nd,1/2 l,3,9-1,81,True,55,12
Leopardstown Racing Results | 19th May 2023 18:20,N/A,18:20,Good,1m 2f,Musical Rhapsody (IRE),G. F. Carroll,0,Gavin Patrick Cromwell,1st,N/A,4,9-9,75,True,55,12
Leopardstown Racing Results | 19th May 2023 18:20,N/A,18:20,Good,1m 2f,Fleadhfest (IRE),R. P. Cleary,0,J. S. Bolger,13th,1/2 l,3,8-7,73,True,55,12
Leopardstown Racing Results | 19th May 2023 18:20,N/A,18:20,Good,1m 2f,Red Trail (IRE),D. B. McMonagle,0,Andrew McNamara,12th,10 l,4,9-0,66,True,55,12
Leopardstown Racing Results | 19th May 2023 18:20,N/A,18:20,Good,1m 2f,Giselles Ausie (IRE),R. Whearty,7,Gavin Patrick Cromwell,11th,1/2 l,4,9-11,77,True,55,12
Leopardstown Racing Results | 19th May 2023 18:20,N/A,18:20,Good,1m 2f,Eastern Wind,J. J. G. Ryan,7,T. G. McCourt,10th,1/2 l,4,10-0h,80,True,55,12
Leopardstown Racing Results | 19th May 2023 18:20,N/A,18:20,Good,1m 2f,Alma Libre (ARG),H. J. Horgan,7,Miss Natalia Lupini,9th,Head,5,9-7,73,True,55,12
Leopardstown Racing Results | 19th May 2023 18:20,N/A,18:20,Good,1m 2f,Alazne (IRE),M. W. Hassett,10,Joseph Patrick O'Brien,8th,Head,3,8-7,73,True,55,12
Leopardstown Racing Results | 19th May 2023 18:20,N/A,18:20,Good,1m 2f,Coill Na Sionainne (IRE),Jessica Maye,10,W. McCreery,7th,1 1/2 l,7,10-0,80,True,55,12
Leopardstown Racing Results | 19th May 2023 18:20,N/A,18:20,Good,1m 2f,Hazy Mehmory (IRE),J. Kearney,7,G. M. Lyons,6th,Short Head,4,10-5h,85,True,55,12
Leopardstown Racing Results | 19th May 2023 18:20,N/A,18:20,Good,1m 2f,Apprentice (IRE),A. C. Persse,7,Mark Cahill,5th,Neck,3,8-7,73,True,55,12
Leopardstown Racing Results | 19th May 2023 18:20,N/A,18:20,Good,1m 2f,Timeless Piece (IRE),L. F. Roche,0,Mrs J. Harrington,4th,Neck,3,8-7,73,True,55,12
Leopardstown Racing Results | 19th May 2023 18:20,N/A,18:20,Good,1m 2f,New Hill (IRE),R. C. Colgan,0,Ms Sheila Lavery,3rd,1 3/4 l,5,9-10,76,True,55,12
Leopardstown Racing Results | 19th May 2023 18:20,N/A,18:20,Good,1m 2f,Signora Bellissima (IRE),Ben Martin Coen,0,John Patrick Murtagh,2nd,1/2 l,3,9-1,81,True,55,12
Leopardstown Racing Results | 19th May 2023 18:20,N/A,18:20,Good,1m 2f,Musical Rhapsody (IRE),G. F. Carroll,0,Gavin Patrick Cromwell,1st,N/A,4,9-9,75,True,55,12
Leopardstown Racing Results | 19th May 2023 18:55,N/A,18:55,Good,1m 6f,Icykel (IRE),Ben Martin Coen,0,John Patrick Murtagh,9th,1 3/4 l,4,9-2,-,True,55,13
Leopardstown Racing Results | 19th May 2023 18:55,N/A,18:55,Good,1m 6f,Stratum,Frankie Dettori,0,W. P. Mullins,8th,3/4 l,10,9-5,-,True,55,13
Leopardstown Racing Results | 19th May 2023 18:55,N/A,18:55,Good,1m 6f,Cairde Go Deo (FR),C. T. Keane,0,G. M. Lyons,7th,1 l,4,9-2t1,-,True,55,13
Leopardstown Racing Results | 19th May 2023 18:55,N/A,18:55,Good,1m 6f,Emily Dickinson (IRE),Ryan Moore,0,Aidan O'Brien,6th,3/4 l,4,9-5,-,True,55,13
Leopardstown Racing Results | 19th May 2023 18:55,N/A,18:55,Good,1m 6f,Okita Soushi (IRE),M. P. Sheehy,0,Joseph Patrick O'Brien,5th,Head,5,9-5t,-,True,55,13
Leopardstown Racing Results | 19th May 2023 18:55,N/A,18:55,Good,1m 6f,Moon Daisy (IRE),K. J. Leonard,0,Donnacha Aidan O'Brien,4th,Neck,5,9-2b,-,True,55,13
Leopardstown Racing Results | 19th May 2023 18:55,N/A,18:55,Good,1m 6f,Dawn Rising (IRE),Declan McDonogh,0,Joseph Patrick O'Brien,3rd,2 1/2 l,6,9-5,-,True,55,13
Leopardstown Racing Results | 19th May 2023 18:55,N/A,18:55,Good,1m 6f,Point King (IRE),D. B. McMonagle,0,Joseph Patrick O'Brien,2nd,Short Head,4,9-5,-,True,55,13
Leopardstown Racing Results | 19th May 2023 18:55,N/A,18:55,Good,1m 6f,Yashin (IRE),Shane Foley,0,Mrs J. Harrington,1st,N/A,4,9-5,-,True,55,13
Leopardstown Racing Results | 19th May 2023 18:55,N/A,18:55,Good,1m 6f,Icykel (IRE),Ben Martin Coen,0,John Patrick Murtagh,9th,1 3/4 l,4,9-2,-,True,55,13
Leopardstown Racing Results | 19th May 2023 18:55,N/A,18:55,Good,1m 6f,Stratum,Frankie Dettori,0,W. P. Mullins,8th,3/4 l,10,9-5,-,True,55,13
Leopardstown Racing Results | 19th May 2023 18:55,N/A,18:55,Good,1m 6f,Cairde Go Deo (FR),C. T. Keane,0,G. M. Lyons,7th,1 l,4,9-2t1,-,True,55,13
Leopardstown Racing Results | 19th May 2023 18:55,N/A,18:55,Good,1m 6f,Emily Dickinson (IRE),Ryan Moore,0,Aidan O'Brien,6th,3/4 l,4,9-5,-,True,55,13
Leopardstown Racing Results | 19th May 2023 18:55,N/A,18:55,Good,1m 6f,Okita Soushi (IRE),M. P. Sheehy,0,Joseph Patrick O'Brien,5th,Head,5,9-5t,-,True,55,13
Leopardstown Racing Results | 19th May 2023 18:55,N/A,18:55,Good,1m 6f,Moon Daisy (IRE),K. J. Leonard,0,Donnacha Aidan O'Brien,4th,Neck,5,9-2b,-,True,55,13
Leopardstown Racing Results | 19th May 2023 18:55,N/A,18:55,Good,1m 6f,Dawn Rising (IRE),Declan McDonogh,0,Joseph Patrick O'Brien,3rd,2 1/2 l,6,9-5,-,True,55,13
Leopardstown Racing Results | 19th May 2023 18:55,N/A,18:55,Good,1m 6f,Point King (IRE),D. B. McMonagle,0,Joseph Patrick O'Brien,2nd,Short Head,4,9-5,-,True,55,13
Leopardstown Racing Results | 19th May 2023 18:55,N/A,18:55,Good,1m 6f,Yashin (IRE),Shane Foley,0,Mrs J. Harrington,1st,N/A,4,9-5,-,True,55,13
Leopardstown Racing Results | 19th May 2023 19:30,N/A,19:30,Good,1m 4f,Sand Castle (IRE),H. J. Horgan,4,Adrian Murray,21st,3 l,7,9-11t,60,True,55,14
Leopardstown Racing Results | 19th May 2023 19:30,N/A,19:30,Good,1m 4f,Chateau Musar (IRE),Tom Kiely Marshall,7,John Geoghegan,20th,1 1/2 l,6,8-13,48,True,55,14
Leopardstown Racing Results | 19th May 2023 19:30,N/A,19:30,Good,1m 4f,Nusra (IRE),C. Stone-Walsh,7,G. Ahern,19th,Neck,6,9-6p,55,True,55,14
Leopardstown Racing Results | 19th May 2023 19:30,N/A,19:30,Good,1m 4f,Champagne Terri (IRE),P. A. Harnett,2,Ian O'Connor,18th,Short Head,7,10-1,64,True,55,14
Leopardstown Racing Results | 19th May 2023 19:30,N/A,19:30,Good,1m 4f,Dani's Boy (IRE),S. P. Bird,7,J. J. Cullen,17th,1/2 l,8,8-12tp,47,True,55,14
Leopardstown Racing Results | 19th May 2023 19:30,N/A,19:30,Good,1m 4f,All Ways And Ever (IRE),J. J. G. Ryan,4,T. G. McCourt,16th,3/4 l,4,8-12,47,True,55,14
Leopardstown Racing Results | 19th May 2023 19:30,N/A,19:30,Good,1m 4f,Deluca Chop (FR),C. Horgan,7,S. M. Duffy,15th,Neck,4,9-11,60,True,55,14
Leopardstown Racing Results | 19th May 2023 19:30,N/A,19:30,Good,1m 4f,Abraham (IRE),Cillian McConnell,7,John McConnell,14th,Short Head,11,9-13,62,True,55,14
Leopardstown Racing Results | 19th May 2023 19:30,N/A,19:30,Good,1m 4f,Mythical Times (IRE),R. Whearty,2,Peter Cluskey,13th,Head,5,8-12,47,True,55,14
Leopardstown Racing Results | 19th May 2023 19:30,N/A,19:30,Good,1m 4f,Manwal (IRE),Jack Cleary,4,V. C. Ward,12th,1/2 l,5,9-13,62,True,55,14
Leopardstown Racing Results | 19th May 2023 19:30,N/A,19:30,Good,1m 4f,Tudor Manor (IRE),R. Donaghue-Leahy,7,Patrick J. Flynn,11th,Neck,7,10-1,64,True,55,14
Leopardstown Racing Results | 19th May 2023 19:30,N/A,19:30,Good,1m 4f,Must B Art (IRE),R. M. Mulligan,7,Patrick Martin,10th,1 1/4 l,6,8-13t,48,True,55,14
Leopardstown Racing Results | 19th May 2023 19:30,N/A,19:30,Good,1m 4f,Bayou Belle (IRE),Neve Bennett,7,Jarlath P. Fahey,9th,1 l,4,9-3,52,True,55,14
Leopardstown Racing Results | 19th May 2023 19:30,N/A,19:30,Good,1m 4f,Wojood,D. King,0,Denis Hogan,8th,2 1/4 l,7,9-10t,59,True,55,14
Leopardstown Racing Results | 19th May 2023 19:30,N/A,19:30,Good,1m 4f,Miss Upbeat (IRE),Siobhan Rutledge,0,John McConnell,7th,Short Head,4,9-0t,49,True,55,14
Leopardstown Racing Results | 19th May 2023 19:30,N/A,19:30,Good,1m 4f,Charlie Luciano (IRE),C. J. MacRedmond,0,Noel Meade,6th,3/4 l,4,9-13,62,True,55,14
Leopardstown Racing Results | 19th May 2023 19:30,N/A,19:30,Good,1m 4f,Hello Power (IRE),D. N. Curran,4,Darren Bunyan,5th,1 1/4 l,4,9-7,56,True,55,14
Leopardstown Racing Results | 19th May 2023 19:30,N/A,19:30,Good,1m 4f,Supreme Law (USA),J. Kearney,2,Matthew J. Smith,4th,1 1/2 l,4,9-5,54,True,55,14
Leopardstown Racing Results | 19th May 2023 19:30,N/A,19:30,Good,1m 4f,Chilean,C. Geerdharry,7,Luke Comer,3rd,1/2 l,8,9-10t,59,True,55,14
Leopardstown Racing Results | 19th May 2023 19:30,N/A,19:30,Good,1m 4f,Zileo,J. Coen,0,M. Halford & T. Collins,2nd,2 1/4 l,5,10-2,65,True,55,14
Leopardstown Racing Results | 19th May 2023 19:30,N/A,19:30,Good,1m 4f,Magnetic North (IRE),Adam Caffrey,2,Adrian McGuinness,1st,N/A,8,10-1v,64,True,55,14
Leopardstown Racing Results | 19th May 2023 19:30,N/A,19:30,Good,1m 4f,Sand Castle (IRE),H. J. Horgan,4,Adrian Murray,21st,3 l,7,9-11t,60,True,55,14
Leopardstown Racing Results | 19th May 2023 19:30,N/A,19:30,Good,1m 4f,Chateau Musar (IRE),Tom Kiely Marshall,7,John Geoghegan,20th,1 1/2 l,6,8-13,48,True,55,14
Leopardstown Racing Results | 19th May 2023 19:30,N/A,19:30,Good,1m 4f,Nusra (IRE),C. Stone-Walsh,7,G. Ahern,19th,Neck,6,9-6p,55,True,55,14
Leopardstown Racing Results | 19th May 2023 19:30,N/A,19:30,Good,1m 4f,Champagne Terri (IRE),P. A. Harnett,2,Ian O'Connor,18th,Short Head,7,10-1,64,True,55,14
Leopardstown Racing Results | 19th May 2023 19:30,N/A,19:30,Good,1m 4f,Dani's Boy (IRE),S. P. Bird,7,J. J. Cullen,17th,1/2 l,8,8-12tp,47,True,55,14
Leopardstown Racing Results | 19th May 2023 19:30,N/A,19:30,Good,1m 4f,All Ways And Ever (IRE),J. J. G. Ryan,4,T. G. McCourt,16th,3/4 l,4,8-12,47,True,55,14
Leopardstown Racing Results | 19th May 2023 19:30,N/A,19:30,Good,1m 4f,Deluca Chop (FR),C. Horgan,7,S. M. Duffy,15th,Neck,4,9-11,60,True,55,14
Leopardstown Racing Results | 19th May 2023 19:30,N/A,19:30,Good,1m 4f,Abraham (IRE),Cillian McConnell,7,John McConnell,14th,Short Head,11,9-13,62,True,55,14
Leopardstown Racing Results | 19th May 2023 19:30,N/A,19:30,Good,1m 4f,Mythical Times (IRE),R. Whearty,2,Peter Cluskey,13th,Head,5,8-12,47,True,55,14
Leopardstown Racing Results | 19th May 2023 19:30,N/A,19:30,Good,1m 4f,Manwal (IRE),Jack Cleary,4,V. C. Ward,12th,1/2 l,5,9-13,62,True,55,14
Leopardstown Racing Results | 19th May 2023 19:30,N/A,19:30,Good,1m 4f,Tudor Manor (IRE),R. Donaghue-Leahy,7,Patrick J. Flynn,11th,Neck,7,10-1,64,True,55,14
Leopardstown Racing Results | 19th May 2023 19:30,N/A,19:30,Good,1m 4f,Must B Art (IRE),R. M. Mulligan,7,Patrick Martin,10th,1 1/4 l,6,8-13t,48,True,55,14
Leopardstown Racing Results | 19th May 2023 19:30,N/A,19:30,Good,1m 4f,Bayou Belle (IRE),Neve Bennett,7,Jarlath P. Fahey,9th,1 l,4,9-3,52,True,55,14
Leopardstown Racing Results | 19th May 2023 19:30,N/A,19:30,Good,1m 4f,Wojood,D. King,0,Denis Hogan,8th,2 1/4 l,7,9-10t,59,True,55,14
Leopardstown Racing Results | 19th May 2023 19:30,N/A,19:30,Good,1m 4f,Miss Upbeat (IRE),Siobhan Rutledge,0,John McConnell,7th,Short Head,4,9-0t,49,True,55,14
Leopardstown Racing Results | 19th May 2023 19:30,N/A,19:30,Good,1m 4f,Charlie Luciano (IRE),C. J. MacRedmond,0,Noel Meade,6th,3/4 l,4,9-13,62,True,55,14
Leopardstown Racing Results | 19th May 2023 19:30,N/A,19:30,Good,1m 4f,Hello Power (IRE),D. N. Curran,4,Darren Bunyan,5th,1 1/4 l,4,9-7,56,True,55,14
Leopardstown Racing Results | 19th May 2023 19:30,N/A,19:30,Good,1m 4f,Supreme Law (USA),J. Kearney,2,Matthew J. Smith,4th,1 1/2 l,4,9-5,54,True,55,14
Leopardstown Racing Results | 19th May 2023 19:30,N/A,19:30,Good,1m 4f,Chilean,C. Geerdharry,7,Luke Comer,3rd,1/2 l,8,9-10t,59,True,55,14
Leopardstown Racing Results | 19th May 2023 19:30,N/A,19:30,Good,1m 4f,Zileo,J. Coen,0,M. Halford & T. Collins,2nd,2 1/4 l,5,10-2,65,True,55,14
Leopardstown Racing Results | 19th May 2023 19:30,N/A,19:30,Good,1m 4f,Magnetic North (IRE),Adam Caffrey,2,Adrian McGuinness,1st,N/A,8,10-1v,64,True,55,14
Leopardstown Racing Results | 19th May 2023 20:00,N/A,20:00,Good,1m 4f,S'all Good Man (IRE),Neve Bennett,7,W. T. Farrell,10th,3/4 l,7,9-8p,76,True,55,15
Leopardstown Racing Results | 19th May 2023 20:00,N/A,20:00,Good,1m 4f,Vultan (IRE),Ms P. R. Briselden,7,A. J. Martin,9th,3/4 l,6,10-6t,88,True,55,15
Leopardstown Racing Results | 19th May 2023 20:00,N/A,20:00,Good,1m 4f,Magellan Strait (IRE),Miss E. Cody,7,Joseph Patrick O'Brien,8th,1 1/2 l,4,10-10,92,True,55,15
Leopardstown Racing Results | 19th May 2023 20:00,N/A,20:00,Good,1m 4f,Hawke Eye (IRE),Siobhan Rutledge,3,John McConnell,7th,1/2 l,4,8-13,67,True,55,15
Leopardstown Racing Results | 19th May 2023 20:00,N/A,20:00,Good,1m 4f,Authorized Art (FR),Miss J. Townend,0,W. P. Mullins,6th,1/2 l,8,9-0,68,True,55,15
Leopardstown Racing Results | 19th May 2023 20:00,N/A,20:00,Good,1m 4f,In Favour,Sorcha Woods,7,Luke Comer,5th,Neck,7,9-12t,80,True,55,15
Leopardstown Racing Results | 19th May 2023 20:00,N/A,20:00,Good,1m 4f,War Correspondent (IRE),Rachael Blackmore,0,R. P. Cody,4th,Neck,4,9-12t,80,True,55,15
Leopardstown Racing Results | 19th May 2023 20:00,N/A,20:00,Good,1m 4f,Hell Bent (IRE),Jessica O'Gorman,7,Mrs J. Harrington,3rd,1 3/4 l,5,10-9,91,True,55,15
Leopardstown Racing Results | 19th May 2023 20:00,N/A,20:00,Good,1m 4f,Nibiru (IRE),Miss M. O'Sullivan,5,A. J. Martin,2nd,Neck,8,9-13tp,81,True,55,15
Leopardstown Racing Results | 19th May 2023 20:00,N/A,20:00,Good,1m 4f,Burren Song (IRE),Amy Jo Hayes,7,A. Slattery,1st,N/A,5,10-2,84,True,55,15
Leopardstown Racing Results | 19th May 2023 20:00,N/A,20:00,Good,1m 4f,S'all Good Man (IRE),Neve Bennett,7,W. T. Farrell,10th,3/4 l,7,9-8p,76,True,55,15
Leopardstown Racing Results | 19th May 2023 20:00,N/A,20:00,Good,1m 4f,Vultan (IRE),Ms P. R. Briselden,7,A. J. Martin,9th,3/4 l,6,10-6t,88,True,55,15
Leopardstown Racing Results | 19th May 2023 20:00,N/A,20:00,Good,1m 4f,Magellan Strait (IRE),Miss E. Cody,7,Joseph Patrick O'Brien,8th,1 1/2 l,4,10-10,92,True,55,15
Leopardstown Racing Results | 19th May 2023 20:00,N/A,20:00,Good,1m 4f,Hawke Eye (IRE),Siobhan Rutledge,3,John McConnell,7th,1/2 l,4,8-13,67,True,55,15
Leopardstown Racing Results | 19th May 2023 20:00,N/A,20:00,Good,1m 4f,Authorized Art (FR),Miss J. Townend,0,W. P. Mullins,6th,1/2 l,8,9-0,68,True,55,15
Leopardstown Racing Results | 19th May 2023 20:00,N/A,20:00,Good,1m 4f,In Favour,Sorcha Woods,7,Luke Comer,5th,Neck,7,9-12t,80,True,55,15
Leopardstown Racing Results | 19th May 2023 20:00,N/A,20:00,Good,1m 4f,War Correspondent (IRE),Rachael Blackmore,0,R. P. Cody,4th,Neck,4,9-12t,80,True,55,15
Leopardstown Racing Results | 19th May 2023 20:00,N/A,20:00,Good,1m 4f,Hell Bent (IRE),Jessica O'Gorman,7,Mrs J. Harrington,3rd,1 3/4 l,5,10-9,91,True,55,15
Leopardstown Racing Results | 19th May 2023 20:00,N/A,20:00,Good,1m 4f,Nibiru (IRE),Miss M. O'Sullivan,5,A. J. Martin,2nd,Neck,8,9-13tp,81,True,55,15
Leopardstown Racing Results | 19th May 2023 20:00,N/A,20:00,Good,1m 4f,Burren Song (IRE),Amy Jo Hayes,7,A. Slattery,1st,N/A,5,10-2,84,True,55,15
Leopardstown Racing Results | 19th May 2023 20:30,N/A,20:30,Good,1m 4f,Youcrackmeup,L. F. Roche,0,Mrs J. Harrington,12th,10 l,3,9-0p,-,True,55,16
Leopardstown Racing Results | 19th May 2023 20:30,N/A,20:30,Good,1m 4f,Tender Camilla (USA),C. T. Keane,0,Noel Meade,11th,2 l,3,9-0,-,True,55,16
Leopardstown Racing Results | 19th May 2023 20:30,N/A,20:30,Good,1m 4f,Only In Dreams (FR),Declan McDonogh,0,Joseph Patrick O'Brien,10th,Neck,3,9-0,-,True,55,16
Leopardstown Racing Results | 19th May 2023 20:30,N/A,20:30,Good,1m 4f,Fanaigi Linn (IRE),Kyanna Van Buuren,10,J. S. Bolger,9th,1 1/4 l,3,9-0,-,True,55,16
Leopardstown Racing Results | 19th May 2023 20:30,N/A,20:30,Good,1m 4f,Feach Amach (IRE),L. T. McAteer,3,J. S. Bolger,8th,1 l,3,9-0eb,-,True,55,16
Leopardstown Racing Results | 19th May 2023 20:30,N/A,20:30,Good,1m 4f,Celebrating Ethel (IRE),Adam Caffrey,7,Andrew Kinirons,7th,3/4 l,4,10-2,-,True,55,16
Leopardstown Racing Results | 19th May 2023 20:30,N/A,20:30,Good,1m 4f,Humtaza (IRE),C. Stone-Walsh,7,P. O'Rourke,6th,3 3/4 l,4,10-2,-,True,55,16
Leopardstown Racing Results | 19th May 2023 20:30,N/A,20:30,Good,1m 4f,Water Nymph (IRE),Ryan Moore,0,Aidan O'Brien,5th,Neck,3,9-0p,-,True,55,16
Leopardstown Racing Results | 19th May 2023 20:30,N/A,20:30,Good,1m 4f,Angelic Appeal (IRE),N. G. McCullagh,0,Mrs J. Harrington,4th,2 1/4 l,3,9-0,-,True,55,16
Leopardstown Racing Results | 19th May 2023 20:30,N/A,20:30,Good,1m 4f,Sugaree (IRE),D. B. McMonagle,0,Joseph Patrick O'Brien,3rd,1 3/4 l,3,9-0,-,True,55,16
Leopardstown Racing Results | 19th May 2023 20:30,N/A,20:30,Good,1m 4f,Scarlett O'Hara (FR),Shane Foley,0,Mrs J. Harrington,2nd,1/2 l,3,9-0,-,True,55,16
Leopardstown Racing Results | 19th May 2023 20:30,N/A,20:30,Good,1m 4f,Shamida (IRE),C. D. Hayes,0,D. K. Weld,1st,N/A,3,9-0,-,True,55,16
Leopardstown Racing Results | 19th May 2023 20:30,N/A,20:30,Good,1m 4f,Youcrackmeup,L. F. Roche,0,Mrs J. Harrington,12th,10 l,3,9-0p,-,True,55,16
Leopardstown Racing Results | 19th May 2023 20:30,N/A,20:30,Good,1m 4f,Tender Camilla (USA),C. T. Keane,0,Noel Meade,11th,2 l,3,9-0,-,True,55,16
Leopardstown Racing Results | 19th May 2023 20:30,N/A,20:30,Good,1m 4f,Only In Dreams (FR),Declan McDonogh,0,Joseph Patrick O'Brien,10th,Neck,3,9-0,-,True,55,16
Leopardstown Racing Results | 19th May 2023 20:30,N/A,20:30,Good,1m 4f,Fanaigi Linn (IRE),Kyanna Van Buuren,10,J. S. Bolger,9th,1 1/4 l,3,9-0,-,True,55,16
Leopardstown Racing Results | 19th May 2023 20:30,N/A,20:30,Good,1m 4f,Feach Amach (IRE),L. T. McAteer,3,J. S. Bolger,8th,1 l,3,9-0eb,-,True,55,16
Leopardstown Racing Results | 19th May 2023 20:30,N/A,20:30,Good,1m 4f,Celebrating Ethel (IRE),Adam Caffrey,7,Andrew Kinirons,7th,3/4 l,4,10-2,-,True,55,16
Leopardstown Racing Results | 19th May 2023 20:30,N/A,20:30,Good,1m 4f,Humtaza (IRE),C. Stone-Walsh,7,P. O'Rourke,6th,3 3/4 l,4,10-2,-,True,55,16
Leopardstown Racing Results | 19th May 2023 20:30,N/A,20:30,Good,1m 4f,Water Nymph (IRE),Ryan Moore,0,Aidan O'Brien,5th,Neck,3,9-0p,-,True,55,16
Leopardstown Racing Results | 19th May 2023 20:30,N/A,20:30,Good,1m 4f,Angelic Appeal (IRE),N. G. McCullagh,0,Mrs J. Harrington,4th,2 1/4 l,3,9-0,-,True,55,16
Leopardstown Racing Results | 19th May 2023 20:30,N/A,20:30,Good,1m 4f,Sugaree (IRE),D. B. McMonagle,0,Joseph Patrick O'Brien,3rd,1 3/4 l,3,9-0,-,True,55,16
Leopardstown Racing Results | 19th May 2023 20:30,N/A,20:30,Good,1m 4f,Scarlett O'Hara (FR),Shane Foley,0,Mrs J. Harrington,2nd,1/2 l,3,9-0,-,True,55,16
Leopardstown Racing Results | 19th May 2023 20:30,N/A,20:30,Good,1m 4f,Shamida (IRE),C. D. Hayes,0,D. K. Weld,1st,N/A,3,9-0,-,True,55,16
Downpatrick Racing Results | 19th May 2023 17:00,N/A,17:00,Good To Yielding,2m 2f 165y,Barbary Master,N. J. Ryan,7,Noel Meade,F,N/A,8,11-12tb1,-,True,55,17
Downpatrick Racing Results | 19th May 2023 17:00,N/A,17:00,Good To Yielding,2m 2f 165y,Pure Notions (FR),D. E. Mullins,0,W. P. Mullins,F,N/A,5,10-11,-,True,55,17
Downpatrick Racing Results | 19th May 2023 17:00,N/A,17:00,Good To Yielding,2m 2f 165y,Deep Sigh (FR),B. Hayes,0,John McConnell,11th,2 1/2 l,5,11-5t,-,True,55,17
Downpatrick Racing Results | 19th May 2023 17:00,N/A,17:00,Good To Yielding,2m 2f 165y,Eco Pete (IRE),B. W. Harvey,5,John McConnell,10th,1 l,6,11-12,-,True,55,17
Downpatrick Racing Results | 19th May 2023 17:00,N/A,17:00,Good To Yielding,2m 2f 165y,Ardad Derek,Shane Fenelon,7,John Joseph Hanlon,9th,7 1/2 l,4,10-12,-,True,55,17
Downpatrick Racing Results | 19th May 2023 17:00,N/A,17:00,Good To Yielding,2m 2f 165y,Castlebawn North (IRE),S. F. O'Keeffe,0,W. P. Mullins,8th,2 3/4 l,5,11-4,-,True,55,17
Downpatrick Racing Results | 19th May 2023 17:00,N/A,17:00,Good To Yielding,2m 2f 165y,Myfiabellaevard (IRE),Thomas Reilly,7,John McConnell,7th,6 1/2 l,5,10-11,-,True,55,17
Downpatrick Racing Results | 19th May 2023 17:00,N/A,17:00,Good To Yielding,2m 2f 165y,Hans Gruber,Mr J. Dunne,7,Ian Patrick Donoghue,6th,19 l,7,11-4ht,-,True,55,17
Downpatrick Racing Results | 19th May 2023 17:00,N/A,17:00,Good To Yielding,2m 2f 165y,Boskill Borden (IRE),Shane O'Callaghan,7,P. G. Fahey,5th,Neck,4,10-12,-,True,55,17
Downpatrick Racing Results | 19th May 2023 17:00,N/A,17:00,Good To Yielding,2m 2f 165y,Harel Du Marais (FR),J. J. Slevin,0,Stuart Crawford,4th,13 l,6,11-4t,-,True,55,17
Downpatrick Racing Results | 19th May 2023 17:00,N/A,17:00,Good To Yielding,2m 2f 165y,Hilton De Chaillac (FR),Peter Carberry,0,Nina Walsh,3rd,10 l,6,11-4t1,-,True,55,17
Downpatrick Racing Results | 19th May 2023 17:00,N/A,17:00,Good To Yielding,2m 2f 165y,Smooth Player (IRE),Mr R. James,7,Gordon Elliott,2nd,4 l,6,11-12,-,True,55,17
Downpatrick Racing Results | 19th May 2023 17:00,N/A,17:00,Good To Yielding,2m 2f 165y,Williamstowndancer (IRE),Mr P. W. Mullins,0,W. P. Mullins,1st,N/A,5,11-5,-,True,55,17
Downpatrick Racing Results | 19th May 2023 17:00,N/A,17:00,Good To Yielding,2m 2f 165y,Barbary Master,N. J. Ryan,7,Noel Meade,F,N/A,8,11-12tb1,-,True,55,17
Downpatrick Racing Results | 19th May 2023 17:00,N/A,17:00,Good To Yielding,2m 2f 165y,Pure Notions (FR),D. E. Mullins,0,W. P. Mullins,F,N/A,5,10-11,-,True,55,17
Downpatrick Racing Results | 19th May 2023 17:00,N/A,17:00,Good To Yielding,2m 2f 165y,Deep Sigh (FR),B. Hayes,0,John McConnell,11th,2 1/2 l,5,11-5t,-,True,55,17
Downpatrick Racing Results | 19th May 2023 17:00,N/A,17:00,Good To Yielding,2m 2f 165y,Eco Pete (IRE),B. W. Harvey,5,John McConnell,10th,1 l,6,11-12,-,True,55,17
Downpatrick Racing Results | 19th May 2023 17:00,N/A,17:00,Good To Yielding,2m 2f 165y,Ardad Derek,Shane Fenelon,7,John Joseph Hanlon,9th,7 1/2 l,4,10-12,-,True,55,17
Downpatrick Racing Results | 19th May 2023 17:00,N/A,17:00,Good To Yielding,2m 2f 165y,Castlebawn North (IRE),S. F. O'Keeffe,0,W. P. Mullins,8th,2 3/4 l,5,11-4,-,True,55,17
Downpatrick Racing Results | 19th May 2023 17:00,N/A,17:00,Good To Yielding,2m 2f 165y,Myfiabellaevard (IRE),Thomas Reilly,7,John McConnell,7th,6 1/2 l,5,10-11,-,True,55,17
Downpatrick Racing Results | 19th May 2023 17:00,N/A,17:00,Good To Yielding,2m 2f 165y,Hans Gruber,Mr J. Dunne,7,Ian Patrick Donoghue,6th,19 l,7,11-4ht,-,True,55,17
Downpatrick Racing Results | 19th May 2023 17:00,N/A,17:00,Good To Yielding,2m 2f 165y,Boskill Borden (IRE),Shane O'Callaghan,7,P. G. Fahey,5th,Neck,4,10-12,-,True,55,17
Downpatrick Racing Results | 19th May 2023 17:00,N/A,17:00,Good To Yielding,2m 2f 165y,Harel Du Marais (FR),J. J. Slevin,0,Stuart Crawford,4th,13 l,6,11-4t,-,True,55,17
Downpatrick Racing Results | 19th May 2023 17:00,N/A,17:00,Good To Yielding,2m 2f 165y,Hilton De Chaillac (FR),Peter Carberry,0,Nina Walsh,3rd,10 l,6,11-4t1,-,True,55,17
Downpatrick Racing Results | 19th May 2023 17:00,N/A,17:00,Good To Yielding,2m 2f 165y,Smooth Player (IRE),Mr R. James,7,Gordon Elliott,2nd,4 l,6,11-12,-,True,55,17
Downpatrick Racing Results | 19th May 2023 17:00,N/A,17:00,Good To Yielding,2m 2f 165y,Williamstowndancer (IRE),Mr P. W. Mullins,0,W. P. Mullins,1st,N/A,5,11-5,-,True,55,17
Downpatrick Racing Results | 19th May 2023 17:30,N/A,17:30,Good To Yielding,2m 2f 165y,Arakan Quest (IRE),Miss T. Quail,7,Sean McParlan,13th,50 l,9,11-11,106,True,55,18
Downpatrick Racing Results | 19th May 2023 17:30,N/A,17:30,Good To Yielding,2m 2f 165y,Roi De Dubai (IRE),S. D. Torrens,0,John McConnell,12th,3 1/4 l,11,11-7,102,True,55,18
Downpatrick Racing Results | 19th May 2023 17:30,N/A,17:30,Good To Yielding,2m 2f 165y,Monty's Way (IRE),Patrick O'Hanlon,5,George Stanley,11th,3/4 l,5,11-9t,104,True,55,18
Downpatrick Racing Results | 19th May 2023 17:30,N/A,17:30,Good To Yielding,2m 2f 165y,Justicialism (IRE),S. Fitzgerald,3,B. R. Hamilton,10th,2 l,5,12-0,109,True,55,18
Downpatrick Racing Results | 19th May 2023 17:30,N/A,17:30,Good To Yielding,2m 2f 165y,Dinoland (FR),B. Hayes,0,John McConnell,9th,4 3/4 l,5,11-3,98,True,55,18
Downpatrick Racing Results | 19th May 2023 17:30,N/A,17:30,Good To Yielding,2m 2f 165y,Queenie Newall (FR),Keith Donoghue,0,Gavin Patrick Cromwell,8th,Neck,5,11-5t,100,True,55,18
Downpatrick Racing Results | 19th May 2023 17:30,N/A,17:30,Good To Yielding,2m 2f 165y,Turkestan,Mr J. C. Barry,3,Mark McNiff,7th,2 l,6,11-8ht1,103,True,55,18
Downpatrick Racing Results | 19th May 2023 17:30,N/A,17:30,Good To Yielding,2m 2f 165y,Forest Pump (IRE),Sean Flanagan,0,Matthew J. Smith,6th,Head,6,11-7ht1,102,True,55,18
Downpatrick Racing Results | 19th May 2023 17:30,N/A,17:30,Good To Yielding,2m 2f 165y,Bigz Belief (IRE),Mr Jacob Smith,7,Matthew J. Smith,5th,2 3/4 l,6,11-12tb,107,True,55,18
Downpatrick Racing Results | 19th May 2023 17:30,N/A,17:30,Good To Yielding,2m 2f 165y,Willyouwalkwithme (IRE),Shane O'Callaghan,0,Harry Smyth,4th,Neck,8,11-12,107,True,55,18
Downpatrick Racing Results | 19th May 2023 17:30,N/A,17:30,Good To Yielding,2m 2f 165y,Mister Twist (IRE),Niall Moore,7,Philip Fenton,3rd,1 1/4 l,5,11-10b,105,True,55,18
Downpatrick Racing Results | 19th May 2023 17:30,N/A,17:30,Good To Yielding,2m 2f 165y,I Don't Get It (IRE),M. P. O'Connor,5,Neill McCluskey,2nd,2 3/4 l,9,11-4,99,True,55,18
Downpatrick Racing Results | 19th May 2023 17:30,N/A,17:30,Good To Yielding,2m 2f 165y,Set Point (IRE),B. W. Harvey,5,Gordon Elliott,1st,N/A,5,11-9p,104,True,55,18
Downpatrick Racing Results | 19th May 2023 17:30,N/A,17:30,Good To Yielding,2m 2f 165y,Arakan Quest (IRE),Miss T. Quail,7,Sean McParlan,13th,50 l,9,11-11,106,True,55,18
Downpatrick Racing Results | 19th May 2023 17:30,N/A,17:30,Good To Yielding,2m 2f 165y,Roi De Dubai (IRE),S. D. Torrens,0,John McConnell,12th,3 1/4 l,11,11-7,102,True,55,18
Downpatrick Racing Results | 19th May 2023 17:30,N/A,17:30,Good To Yielding,2m 2f 165y,Monty's Way (IRE),Patrick O'Hanlon,5,George Stanley,11th,3/4 l,5,11-9t,104,True,55,18
Downpatrick Racing Results | 19th May 2023 17:30,N/A,17:30,Good To Yielding,2m 2f 165y,Justicialism (IRE),S. Fitzgerald,3,B. R. Hamilton,10th,2 l,5,12-0,109,True,55,18
Downpatrick Racing Results | 19th May 2023 17:30,N/A,17:30,Good To Yielding,2m 2f 165y,Dinoland (FR),B. Hayes,0,John McConnell,9th,4 3/4 l,5,11-3,98,True,55,18
Downpatrick Racing Results | 19th May 2023 17:30,N/A,17:30,Good To Yielding,2m 2f 165y,Queenie Newall (FR),Keith Donoghue,0,Gavin Patrick Cromwell,8th,Neck,5,11-5t,100,True,55,18
Downpatrick Racing Results | 19th May 2023 17:30,N/A,17:30,Good To Yielding,2m 2f 165y,Turkestan,Mr J. C. Barry,3,Mark McNiff,7th,2 l,6,11-8ht1,103,True,55,18
Downpatrick Racing Results | 19th May 2023 17:30,N/A,17:30,Good To Yielding,2m 2f 165y,Forest Pump (IRE),Sean Flanagan,0,Matthew J. Smith,6th,Head,6,11-7ht1,102,True,55,18
Downpatrick Racing Results | 19th May 2023 17:30,N/A,17:30,Good To Yielding,2m 2f 165y,Bigz Belief (IRE),Mr Jacob Smith,7,Matthew J. Smith,5th,2 3/4 l,6,11-12tb,107,True,55,18
Downpatrick Racing Results | 19th May 2023 17:30,N/A,17:30,Good To Yielding,2m 2f 165y,Willyouwalkwithme (IRE),Shane O'Callaghan,0,Harry Smyth,4th,Neck,8,11-12,107,True,55,18
Downpatrick Racing Results | 19th May 2023 17:30,N/A,17:30,Good To Yielding,2m 2f 165y,Mister Twist (IRE),Niall Moore,7,Philip Fenton,3rd,1 1/4 l,5,11-10b,105,True,55,18
Downpatrick Racing Results | 19th May 2023 17:30,N/A,17:30,Good To Yielding,2m 2f 165y,I Don't Get It (IRE),M. P. O'Connor,5,Neill McCluskey,2nd,2 3/4 l,9,11-4,99,True,55,18
Downpatrick Racing Results | 19th May 2023 17:30,N/A,17:30,Good To Yielding,2m 2f 165y,Set Point (IRE),B. W. Harvey,5,Gordon Elliott,1st,N/A,5,11-9p,104,True,55,18
Downpatrick Racing Results | 19th May 2023 18:05,N/A,18:05,Good To Yielding,2m 5f 100y,A Dublin Job (IRE),E. Walsh,0,Ciaran Murphy,F,N/A,6,11-4p,85,True,55,19
Downpatrick Racing Results | 19th May 2023 18:05,N/A,18:05,Good To Yielding,2m 5f 100y,Howsthewoman (IRE),Jack G. Gilligan,4,John G. Carr,11th,2 l,9,10-13ht,80,True,55,19
Downpatrick Racing Results | 19th May 2023 18:05,N/A,18:05,Good To Yielding,2m 5f 100y,Echo Gate (IRE),K. E. Buckley,0,Gavin Patrick Cromwell,10th,1 1/4 l,5,11-7p1,88,True,55,19
Downpatrick Racing Results | 19th May 2023 18:05,N/A,18:05,Good To Yielding,2m 5f 100y,Perfect Arch (IRE),L. A. McKenna,2,J. J. Lambe,9th,1 3/4 l,6,11-1p,82,True,55,19
Downpatrick Racing Results | 19th May 2023 18:05,N/A,18:05,Good To Yielding,2m 5f 100y,Hide Out (IRE),Patrick O'Hanlon,0,P. J. Rothwell,8th,1 1/4 l,8,10-13p,80,True,55,19
Downpatrick Racing Results | 19th May 2023 18:05,N/A,18:05,Good To Yielding,2m 5f 100y,Brownstone (IRE),S. Fitzgerald,0,Michael Winters,7th,3/4 l,7,11-0tp,81,True,55,19
Downpatrick Racing Results | 19th May 2023 18:05,N/A,18:05,Good To Yielding,2m 5f 100y,Tingarran Express (IRE),Niall Moore,0,Philip Fenton,6th,1/2 l,6,11-5,86,True,55,19
Downpatrick Racing Results | 19th May 2023 18:05,N/A,18:05,Good To Yielding,2m 5f 100y,Latest Model (IRE),Shane Fenelon,4,John Joseph Hanlon,5th,1 3/4 l,6,11-6t,87,True,55,19
Downpatrick Racing Results | 19th May 2023 18:05,N/A,18:05,Good To Yielding,2m 5f 100y,Sulafaat (IRE),Kieran Callaghan,4,John Joseph Hanlon,4th,Neck,8,10-13,80,True,55,19
Downpatrick Racing Results | 19th May 2023 18:05,N/A,18:05,Good To Yielding,2m 5f 100y,Tango Theatre (IRE),B. W. Harvey,0,John McConnell,3rd,3 l,8,12-0tp,95,True,55,19
Downpatrick Racing Results | 19th May 2023 18:05,N/A,18:05,Good To Yielding,2m 5f 100y,Hockworthy Flyer (IRE),M. P. O'Connor,0,Andrew McNamara,2nd,2 3/4 l,8,11-3tp,84,True,55,19
Downpatrick Racing Results | 19th May 2023 18:05,N/A,18:05,Good To Yielding,2m 5f 100y,Tick Along (IRE),Thomas Reilly,4,T. G. McCourt,1st,N/A,9,11-6,87,True,55,19
Downpatrick Racing Results | 19th May 2023 18:05,N/A,18:05,Good To Yielding,2m 5f 100y,A Dublin Job (IRE),E. Walsh,0,Ciaran Murphy,F,N/A,6,11-4p,85,True,55,19
Downpatrick Racing Results | 19th May 2023 18:05,N/A,18:05,Good To Yielding,2m 5f 100y,Howsthewoman (IRE),Jack G. Gilligan,4,John G. Carr,11th,2 l,9,10-13ht,80,True,55,19
Downpatrick Racing Results | 19th May 2023 18:05,N/A,18:05,Good To Yielding,2m 5f 100y,Echo Gate (IRE),K. E. Buckley,0,Gavin Patrick Cromwell,10th,1 1/4 l,5,11-7p1,88,True,55,19
Downpatrick Racing Results | 19th May 2023 18:05,N/A,18:05,Good To Yielding,2m 5f 100y,Perfect Arch (IRE),L. A. McKenna,2,J. J. Lambe,9th,1 3/4 l,6,11-1p,82,True,55,19
Downpatrick Racing Results | 19th May 2023 18:05,N/A,18:05,Good To Yielding,2m 5f 100y,Hide Out (IRE),Patrick O'Hanlon,0,P. J. Rothwell,8th,1 1/4 l,8,10-13p,80,True,55,19
Downpatrick Racing Results | 19th May 2023 18:05,N/A,18:05,Good To Yielding,2m 5f 100y,Brownstone (IRE),S. Fitzgerald,0,Michael Winters,7th,3/4 l,7,11-0tp,81,True,55,19
Downpatrick Racing Results | 19th May 2023 18:05,N/A,18:05,Good To Yielding,2m 5f 100y,Tingarran Express (IRE),Niall Moore,0,Philip Fenton,6th,1/2 l,6,11-5,86,True,55,19
Downpatrick Racing Results | 19th May 2023 18:05,N/A,18:05,Good To Yielding,2m 5f 100y,Latest Model (IRE),Shane Fenelon,4,John Joseph Hanlon,5th,1 3/4 l,6,11-6t,87,True,55,19
Downpatrick Racing Results | 19th May 2023 18:05,N/A,18:05,Good To Yielding,2m 5f 100y,Sulafaat (IRE),Kieran Callaghan,4,John Joseph Hanlon,4th,Neck,8,10-13,80,True,55,19
Downpatrick Racing Results | 19th May 2023 18:05,N/A,18:05,Good To Yielding,2m 5f 100y,Tango Theatre (IRE),B. W. Harvey,0,John McConnell,3rd,3 l,8,12-0tp,95,True,55,19
Downpatrick Racing Results | 19th May 2023 18:05,N/A,18:05,Good To Yielding,2m 5f 100y,Hockworthy Flyer (IRE),M. P. O'Connor,0,Andrew McNamara,2nd,2 3/4 l,8,11-3tp,84,True,55,19
Downpatrick Racing Results | 19th May 2023 18:05,N/A,18:05,Good To Yielding,2m 5f 100y,Tick Along (IRE),Thomas Reilly,4,T. G. McCourt,1st,N/A,9,11-6,87,True,55,19
Downpatrick Racing Results | 19th May 2023 18:40,N/A,18:40,Good To Yielding,2m 3f 55y,Indian Admiral,K. E. Buckley,3,Patrick Griffin,PU,N/A,8,11-12,-,True,55,20
Downpatrick Racing Results | 19th May 2023 18:40,N/A,18:40,Good To Yielding,2m 3f 55y,The Miser (IRE),Eoin G. Kelly,0,W. J. Bryson,F,N/A,8,11-12t,-,True,55,20
Downpatrick Racing Results | 19th May 2023 18:40,N/A,18:40,Good To Yielding,2m 3f 55y,Annie Bella (IRE),B. W. Harvey,0,David Christie,BD,N/A,6,11-5t,-,True,55,20
Downpatrick Racing Results | 19th May 2023 18:40,N/A,18:40,Good To Yielding,2m 3f 55y,Dont Doubt Me (IRE),S. D. Torrens,0,P. J. Rothwell,BD,N/A,7,11-12p,-,True,55,20
Downpatrick Racing Results | 19th May 2023 18:40,N/A,18:40,Good To Yielding,2m 3f 55y,Sean Og (IRE),D. E. Mullins,0,Ms Margaret Mullins,9th,3 3/4 l,5,11-12,-,True,55,20
Downpatrick Racing Results | 19th May 2023 18:40,N/A,18:40,Good To Yielding,2m 3f 55y,Themanintheboots (IRE),Keith Donoghue,0,Gordon Elliott,8th,Neck,5,11-12p1,-,True,55,20
Downpatrick Racing Results | 19th May 2023 18:40,N/A,18:40,Good To Yielding,2m 3f 55y,Golden Nugget (IRE),R. A. Doyle,0,Gordon Elliott,7th,1 1/2 l,4,10-5,-,True,55,20
Downpatrick Racing Results | 19th May 2023 18:40,N/A,18:40,Good To Yielding,2m 3f 55y,Fairland (IRE),Philip Donovan,5,A. Slattery,6th,2 1/2 l,6,11-5p1,-,True,55,20
Downpatrick Racing Results | 19th May 2023 18:40,N/A,18:40,Good To Yielding,2m 3f 55y,Finnians Row (IRE),Patrick O'Hanlon,5,Dermot Anthony McLoughlin,5th,7 l,7,11-12tv1,-,True,55,20
Downpatrick Racing Results | 19th May 2023 18:40,N/A,18:40,Good To Yielding,2m 3f 55y,Some Woman (IRE),J. J. Slevin,0,Sean Thomas Doyle,4th,2 1/2 l,7,11-5h1,-,True,55,20
Downpatrick Racing Results | 19th May 2023 18:40,N/A,18:40,Good To Yielding,2m 3f 55y,Kilballyowen (IRE),Mr D. O'Connor,0,A. J. Martin,3rd,1 1/2 l,5,11-12t,-,True,55,20
Downpatrick Racing Results | 19th May 2023 18:40,N/A,18:40,Good To Yielding,2m 3f 55y,Ask The Leader (IRE),D. J. O'Keeffe,0,David Christie,2nd,2 3/4 l,7,11-5,-,True,55,20
Downpatrick Racing Results | 19th May 2023 18:40,N/A,18:40,Good To Yielding,2m 3f 55y,Lakefield Flyer (IRE),J. S. McGarvey,0,John Joseph Hanlon,1st,N/A,5,11-12,-,True,55,20
Downpatrick Racing Results | 19th May 2023 18:40,N/A,18:40,Good To Yielding,2m 3f 55y,Indian Admiral,K. E. Buckley,3,Patrick Griffin,PU,N/A,8,11-12,-,True,55,20
Downpatrick Racing Results | 19th May 2023 18:40,N/A,18:40,Good To Yielding,2m 3f 55y,The Miser (IRE),Eoin G. Kelly,0,W. J. Bryson,F,N/A,8,11-12t,-,True,55,20
Downpatrick Racing Results | 19th May 2023 18:40,N/A,18:40,Good To Yielding,2m 3f 55y,Annie Bella (IRE),B. W. Harvey,0,David Christie,BD,N/A,6,11-5t,-,True,55,20
Downpatrick Racing Results | 19th May 2023 18:40,N/A,18:40,Good To Yielding,2m 3f 55y,Dont Doubt Me (IRE),S. D. Torrens,0,P. J. Rothwell,BD,N/A,7,11-12p,-,True,55,20
Downpatrick Racing Results | 19th May 2023 18:40,N/A,18:40,Good To Yielding,2m 3f 55y,Sean Og (IRE),D. E. Mullins,0,Ms Margaret Mullins,9th,3 3/4 l,5,11-12,-,True,55,20
Downpatrick Racing Results | 19th May 2023 18:40,N/A,18:40,Good To Yielding,2m 3f 55y,Themanintheboots (IRE),Keith Donoghue,0,Gordon Elliott,8th,Neck,5,11-12p1,-,True,55,20
Downpatrick Racing Results | 19th May 2023 18:40,N/A,18:40,Good To Yielding,2m 3f 55y,Golden Nugget (IRE),R. A. Doyle,0,Gordon Elliott,7th,1 1/2 l,4,10-5,-,True,55,20
Downpatrick Racing Results | 19th May 2023 18:40,N/A,18:40,Good To Yielding,2m 3f 55y,Fairland (IRE),Philip Donovan,5,A. Slattery,6th,2 1/2 l,6,11-5p1,-,True,55,20
Downpatrick Racing Results | 19th May 2023 18:40,N/A,18:40,Good To Yielding,2m 3f 55y,Finnians Row (IRE),Patrick O'Hanlon,5,Dermot Anthony McLoughlin,5th,7 l,7,11-12tv1,-,True,55,20
Downpatrick Racing Results | 19th May 2023 18:40,N/A,18:40,Good To Yielding,2m 3f 55y,Some Woman (IRE),J. J. Slevin,0,Sean Thomas Doyle,4th,2 1/2 l,7,11-5h1,-,True,55,20
Downpatrick Racing Results | 19th May 2023 18:40,N/A,18:40,Good To Yielding,2m 3f 55y,Kilballyowen (IRE),Mr D. O'Connor,0,A. J. Martin,3rd,1 1/2 l,5,11-12t,-,True,55,20
Downpatrick Racing Results | 19th May 2023 18:40,N/A,18:40,Good To Yielding,2m 3f 55y,Ask The Leader (IRE),D. J. O'Keeffe,0,David Christie,2nd,2 3/4 l,7,11-5,-,True,55,20
Downpatrick Racing Results | 19th May 2023 18:40,N/A,18:40,Good To Yielding,2m 3f 55y,Lakefield Flyer (IRE),J. S. McGarvey,0,John Joseph Hanlon,1st,N/A,5,11-12,-,True,55,20
Downpatrick Racing Results | 19th May 2023 19:15,N/A,19:15,Good To Yielding,2m 7f 110y,Lough Des (IRE),Mr S. Connor,7,Stuart Crawford,UR,N/A,6,12-0,-,True,55,21
Downpatrick Racing Results | 19th May 2023 19:15,N/A,19:15,Good To Yielding,2m 7f 110y,Nevermindestranger (IRE),Mr B. O'Neill,0,David Christie,UR,N/A,6,12-0,-,True,55,21
Downpatrick Racing Results | 19th May 2023 19:15,N/A,19:15,Good To Yielding,2m 7f 110y,Mandilou (IRE),Mr Pat Taaffe,7,John G. Carr,S,N/A,6,11-7t1,-,True,55,21
Downpatrick Racing Results | 19th May 2023 19:15,N/A,19:15,Good To Yielding,2m 7f 110y,Matthews Hill (IRE),Mr J. W. Hendrick,7,Peter John Flood,F,N/A,7,12-0,-,True,55,21
Downpatrick Racing Results | 19th May 2023 19:15,N/A,19:15,Good To Yielding,2m 7f 110y,Time Was (IRE),Mr A. Harvey,7,B. R. Hamilton,9th,4 1/2 l,6,11-7,-,True,55,21
Downpatrick Racing Results | 19th May 2023 19:15,N/A,19:15,Good To Yielding,2m 7f 110y,Gleninnis Storm (IRE),Mr E. Finegan,7,Liam Lennon,8th,2 1/2 l,9,12-0,-,True,55,21
Downpatrick Racing Results | 19th May 2023 19:15,N/A,19:15,Good To Yielding,2m 7f 110y,Jet Fighter (IRE),Mr S. Cavanagh,7,Peter Maher,7th,1 1/2 l,6,12-0p,-,True,55,21
Downpatrick Racing Results | 19th May 2023 19:15,N/A,19:15,Good To Yielding,2m 7f 110y,Keenaghan Lass (IRE),Mr T. P. Harney,7,T. F. Shaw,6th,4 1/2 l,9,11-7,-,True,55,21
Downpatrick Racing Results | 19th May 2023 19:15,N/A,19:15,Good To Yielding,2m 7f 110y,True Or False (IRE),Mr H. C. Swan,5,D. McNamara,5th,3 1/4 l,6,11-7b1,-,True,55,21
Downpatrick Racing Results | 19th May 2023 19:15,N/A,19:15,Good To Yielding,2m 7f 110y,Ahaknowyerself (IRE),Mr A. P. Ryan,7,A. Slattery,4th,2 3/4 l,7,12-0p,-,True,55,21
Downpatrick Racing Results | 19th May 2023 19:15,N/A,19:15,Good To Yielding,2m 7f 110y,Carrig Wells (IRE),Mr D. M. Fitzgerald,7,Martin Paul Fitzgerald,3rd,9 l,8,11-7,-,True,55,21
Downpatrick Racing Results | 19th May 2023 19:15,N/A,19:15,Good To Yielding,2m 7f 110y,Big Girl Betty (IRE),Mr J. C. Barry,3,Mark McNiff,2nd,4 l,5,11-7,-,True,55,21
Downpatrick Racing Results | 19th May 2023 19:15,N/A,19:15,Good To Yielding,2m 7f 110y,Gorthill (FR),Mr N. McParlan,0,Mrs Caroline McCaldin,1st,N/A,7,12-0,-,True,55,21
Downpatrick Racing Results | 19th May 2023 19:15,N/A,19:15,Good To Yielding,2m 7f 110y,Lough Des (IRE),Mr S. Connor,7,Stuart Crawford,UR,N/A,6,12-0,-,True,55,21
Downpatrick Racing Results | 19th May 2023 19:15,N/A,19:15,Good To Yielding,2m 7f 110y,Nevermindestranger (IRE),Mr B. O'Neill,0,David Christie,UR,N/A,6,12-0,-,True,55,21
Downpatrick Racing Results | 19th May 2023 19:15,N/A,19:15,Good To Yielding,2m 7f 110y,Mandilou (IRE),Mr Pat Taaffe,7,John G. Carr,S,N/A,6,11-7t1,-,True,55,21
Downpatrick Racing Results | 19th May 2023 19:15,N/A,19:15,Good To Yielding,2m 7f 110y,Matthews Hill (IRE),Mr J. W. Hendrick,7,Peter John Flood,F,N/A,7,12-0,-,True,55,21
Downpatrick Racing Results | 19th May 2023 19:15,N/A,19:15,Good To Yielding,2m 7f 110y,Time Was (IRE),Mr A. Harvey,7,B. R. Hamilton,9th,4 1/2 l,6,11-7,-,True,55,21
Downpatrick Racing Results | 19th May 2023 19:15,N/A,19:15,Good To Yielding,2m 7f 110y,Gleninnis Storm (IRE),Mr E. Finegan,7,Liam Lennon,8th,2 1/2 l,9,12-0,-,True,55,21
Downpatrick Racing Results | 19th May 2023 19:15,N/A,19:15,Good To Yielding,2m 7f 110y,Jet Fighter (IRE),Mr S. Cavanagh,7,Peter Maher,7th,1 1/2 l,6,12-0p,-,True,55,21
Downpatrick Racing Results | 19th May 2023 19:15,N/A,19:15,Good To Yielding,2m 7f 110y,Keenaghan Lass (IRE),Mr T. P. Harney,7,T. F. Shaw,6th,4 1/2 l,9,11-7,-,True,55,21
Downpatrick Racing Results | 19th May 2023 19:15,N/A,19:15,Good To Yielding,2m 7f 110y,True Or False (IRE),Mr H. C. Swan,5,D. McNamara,5th,3 1/4 l,6,11-7b1,-,True,55,21
Downpatrick Racing Results | 19th May 2023 19:15,N/A,19:15,Good To Yielding,2m 7f 110y,Ahaknowyerself (IRE),Mr A. P. Ryan,7,A. Slattery,4th,2 3/4 l,7,12-0p,-,True,55,21
Downpatrick Racing Results | 19th May 2023 19:15,N/A,19:15,Good To Yielding,2m 7f 110y,Carrig Wells (IRE),Mr D. M. Fitzgerald,7,Martin Paul Fitzgerald,3rd,9 l,8,11-7,-,True,55,21
Downpatrick Racing Results | 19th May 2023 19:15,N/A,19:15,Good To Yielding,2m 7f 110y,Big Girl Betty (IRE),Mr J. C. Barry,3,Mark McNiff,2nd,4 l,5,11-7,-,True,55,21
Downpatrick Racing Results | 19th May 2023 19:15,N/A,19:15,Good To Yielding,2m 7f 110y,Gorthill (FR),Mr N. McParlan,0,Mrs Caroline McCaldin,1st,N/A,7,12-0,-,True,55,21
Downpatrick Racing Results | 19th May 2023 20:20,N/A,20:20,Good To Yielding,2m 1f 65y,Mustameet's Flame (IRE),Mr E. Finegan,7,Hugh P. Finegan,13th,28 l,6,12-0,-,True,55,23
Downpatrick Racing Results | 19th May 2023 20:20,N/A,20:20,Good To Yielding,2m 1f 65y,Wee Terry (IRE),Mr M. N. Sharpe,7,Shane Donohoe,12th,30 l,5,12-0,-,True,55,23
Downpatrick Racing Results | 19th May 2023 20:20,N/A,20:20,Good To Yielding,2m 1f 65y,Hinch (IRE),Mr J. Kidd,7,G. A. Kingston,11th,14 l,5,12-0,-,True,55,23
Downpatrick Racing Results | 19th May 2023 20:20,N/A,20:20,Good To Yielding,2m 1f 65y,Fatal Flaw (IRE),Mr D. G. Lavery,0,Mark J. O'Hare,10th,3 1/2 l,5,12-0,-,True,55,23
Downpatrick Racing Results | 19th May 2023 20:20,N/A,20:20,Good To Yielding,2m 1f 65y,Anooa (IRE),Mr D. Higgins,7,Gary McGill,9th,3 1/4 l,5,11-7,-,True,55,23
Downpatrick Racing Results | 19th May 2023 20:20,N/A,20:20,Good To Yielding,2m 1f 65y,Irina's Path (FR),Mr J. C. Barry,3,D. J. Barry,8th,4 l,5,12-0,-,True,55,23
Downpatrick Racing Results | 19th May 2023 20:20,N/A,20:20,Good To Yielding,2m 1f 65y,Our Uncle Jack (IRE),Mr D. M. Fitzgerald,7,Martin Paul Fitzgerald,7th,9 1/2 l,7,12-0h,-,True,55,23
Downpatrick Racing Results | 19th May 2023 20:20,N/A,20:20,Good To Yielding,2m 1f 65y,Augusta George (IRE),Mr N. Gault,7,W. J. Bryson,6th,3 l,5,12-0,-,True,55,23
Downpatrick Racing Results | 19th May 2023 20:20,N/A,20:20,Good To Yielding,2m 1f 65y,Ballybit (IRE),Mr N. McParlan,0,Mrs Caroline McCaldin,5th,Head,6,12-0,-,True,55,23
Downpatrick Racing Results | 19th May 2023 20:20,N/A,20:20,Good To Yielding,2m 1f 65y,Meranti (IRE),Mr S. Connor,7,Stuart Crawford,4th,9 l,5,12-0,-,True,55,23
Downpatrick Racing Results | 19th May 2023 20:20,N/A,20:20,Good To Yielding,2m 1f 65y,Mount Gallion (IRE),Mr O. McGill,7,B. R. Hamilton,3rd,5 l,5,12-0,-,True,55,23
Downpatrick Racing Results | 19th May 2023 20:20,N/A,20:20,Good To Yielding,2m 1f 65y,Kalanisi Flash (IRE),Mr A. Harvey,7,John McConnell,2nd,4 l,6,12-0t1,-,True,55,23
Downpatrick Racing Results | 19th May 2023 20:20,N/A,20:20,Good To Yielding,2m 1f 65y,The Wallpark (IRE),Mr H. C. Swan,5,Gordon Elliott,1st,N/A,5,12-0,-,True,55,23
Downpatrick Racing Results | 19th May 2023 20:20,N/A,20:20,Good To Yielding,2m 1f 65y,Mustameet's Flame (IRE),Mr E. Finegan,7,Hugh P. Finegan,13th,28 l,6,12-0,-,True,55,23
Downpatrick Racing Results | 19th May 2023 20:20,N/A,20:20,Good To Yielding,2m 1f 65y,Wee Terry (IRE),Mr M. N. Sharpe,7,Shane Donohoe,12th,30 l,5,12-0,-,True,55,23
Downpatrick Racing Results | 19th May 2023 20:20,N/A,20:20,Good To Yielding,2m 1f 65y,Hinch (IRE),Mr J. Kidd,7,G. A. Kingston,11th,14 l,5,12-0,-,True,55,23
Downpatrick Racing Results | 19th May 2023 20:20,N/A,20:20,Good To Yielding,2m 1f 65y,Fatal Flaw (IRE),Mr D. G. Lavery,0,Mark J. O'Hare,10th,3 1/2 l,5,12-0,-,True,55,23
Downpatrick Racing Results | 19th May 2023 20:20,N/A,20:20,Good To Yielding,2m 1f 65y,Anooa (IRE),Mr D. Higgins,7,Gary McGill,9th,3 1/4 l,5,11-7,-,True,55,23
Downpatrick Racing Results | 19th May 2023 20:20,N/A,20:20,Good To Yielding,2m 1f 65y,Irina's Path (FR),Mr J. C. Barry,3,D. J. Barry,8th,4 l,5,12-0,-,True,55,23
Downpatrick Racing Results | 19th May 2023 20:20,N/A,20:20,Good To Yielding,2m 1f 65y,Our Uncle Jack (IRE),Mr D. M. Fitzgerald,7,Martin Paul Fitzgerald,7th,9 1/2 l,7,12-0h,-,True,55,23
Downpatrick Racing Results | 19th May 2023 20:20,N/A,20:20,Good To Yielding,2m 1f 65y,Augusta George (IRE),Mr N. Gault,7,W. J. Bryson,6th,3 l,5,12-0,-,True,55,23
Downpatrick Racing Results | 19th May 2023 20:20,N/A,20:20,Good To Yielding,2m 1f 65y,Ballybit (IRE),Mr N. McParlan,0,Mrs Caroline McCaldin,5th,Head,6,12-0,-,True,55,23
Downpatrick Racing Results | 19th May 2023 20:20,N/A,20:20,Good To Yielding,2m 1f 65y,Meranti (IRE),Mr S. Connor,7,Stuart Crawford,4th,9 l,5,12-0,-,True,55,23
Downpatrick Racing Results | 19th May 2023 20:20,N/A,20:20,Good To Yielding,2m 1f 65y,Mount Gallion (IRE),Mr O. McGill,7,B. R. Hamilton,3rd,5 l,5,12-0,-,True,55,23
Downpatrick Racing Results | 19th May 2023 20:20,N/A,20:20,Good To Yielding,2m 1f 65y,Kalanisi Flash (IRE),Mr A. Harvey,7,John McConnell,2nd,4 l,6,12-0t1,-,True,55,23
Downpatrick Racing Results | 19th May 2023 20:20,N/A,20:20,Good To Yielding,2m 1f 65y,The Wallpark (IRE),Mr H. C. Swan,5,Gordon Elliott,1st,N/A,5,12-0,-,True,55,23
Wexford Racing Results | 20th May 2023 13:40,N/A,13:40,Yielding (Good In Places),2m 4f,Texas Flame (IRE),Berry M. Clifton,7,J. A. Berry,PU,N/A,5,11-7,-,True,55,24
Wexford Racing Results | 20th May 2023 13:40,N/A,13:40,Yielding (Good In Places),2m 4f,Glen Ali (IRE),Keith Donoghue,0,Ms Claire O'Connell,11th,31 l,8,11-7,-,True,55,24
Wexford Racing Results | 20th May 2023 13:40,N/A,13:40,Yielding (Good In Places),2m 4f,Alkascotch (IRE),J. J. Slevin,0,Stuart Crawford,10th,29 l,5,11-7,-,True,55,24
Wexford Racing Results | 20th May 2023 13:40,N/A,13:40,Yielding (Good In Places),2m 4f,Alo's Vision (IRE),D. J. O'Keeffe,0,W. J. Burke,9th,3 3/4 l,5,11-7,-,True,55,24
Wexford Racing Results | 20th May 2023 13:40,N/A,13:40,Yielding (Good In Places),2m 4f,Daring Sarah (IRE),D. King,5,W. J. Martin,8th,4 1/4 l,5,11-7t,-,True,55,24
Wexford Racing Results | 20th May 2023 13:40,N/A,13:40,Yielding (Good In Places),2m 4f,Matilda Park (IRE),Phillip Enright,0,G. Ahern,7th,9 l,5,11-7,-,True,55,24
Wexford Racing Results | 20th May 2023 13:40,N/A,13:40,Yielding (Good In Places),2m 4f,Oscar Tonic (IRE),M. P. O'Connor,5,Eamonn Francis Gallagher,6th,1 l,8,11-7,-,True,55,24
Wexford Racing Results | 20th May 2023 13:40,N/A,13:40,Yielding (Good In Places),2m 4f,Another Bonnie (IRE),Liam Quinlan,5,John Patrick Ryan,5th,12 l,6,11-7,-,True,55,24
Wexford Racing Results | 20th May 2023 13:40,N/A,13:40,Yielding (Good In Places),2m 4f,Artemis Angel (IRE),Sean Flanagan,0,Peter Fahey,4th,3 1/2 l,6,11-7,-,True,55,24
Wexford Racing Results | 20th May 2023 13:40,N/A,13:40,Yielding (Good In Places),2m 4f,Dylan's Day (IRE),Cian Cullinan,7,P. G. Fahey,3rd,Neck,5,11-7,-,True,55,24
Wexford Racing Results | 20th May 2023 13:40,N/A,13:40,Yielding (Good In Places),2m 4f,Young Darleen (IRE),B. W. Harvey,5,R. P. Cody,2nd,1/2 l,7,11-7,-,True,55,24
Wexford Racing Results | 20th May 2023 13:40,N/A,13:40,Yielding (Good In Places),2m 4f,Cinsa (FR),S. F. O'Keeffe,0,W. P. Mullins,1st,N/A,4,10-13,-,True,55,24
Wexford Racing Results | 20th May 2023 13:40,N/A,13:40,Yielding (Good In Places),2m 4f,Texas Flame (IRE),Berry M. Clifton,7,J. A. Berry,PU,N/A,5,11-7,-,True,55,24
Wexford Racing Results | 20th May 2023 13:40,N/A,13:40,Yielding (Good In Places),2m 4f,Glen Ali (IRE),Keith Donoghue,0,Ms Claire O'Connell,11th,31 l,8,11-7,-,True,55,24
Wexford Racing Results | 20th May 2023 13:40,N/A,13:40,Yielding (Good In Places),2m 4f,Alkascotch (IRE),J. J. Slevin,0,Stuart Crawford,10th,29 l,5,11-7,-,True,55,24
Wexford Racing Results | 20th May 2023 13:40,N/A,13:40,Yielding (Good In Places),2m 4f,Alo's Vision (IRE),D. J. O'Keeffe,0,W. J. Burke,9th,3 3/4 l,5,11-7,-,True,55,24
Wexford Racing Results | 20th May 2023 13:40,N/A,13:40,Yielding (Good In Places),2m 4f,Daring Sarah (IRE),D. King,5,W. J. Martin,8th,4 1/4 l,5,11-7t,-,True,55,24
Wexford Racing Results | 20th May 2023 13:40,N/A,13:40,Yielding (Good In Places),2m 4f,Matilda Park (IRE),Phillip Enright,0,G. Ahern,7th,9 l,5,11-7,-,True,55,24
Wexford Racing Results | 20th May 2023 13:40,N/A,13:40,Yielding (Good In Places),2m 4f,Oscar Tonic (IRE),M. P. O'Connor,5,Eamonn Francis Gallagher,6th,1 l,8,11-7,-,True,55,24
Wexford Racing Results | 20th May 2023 13:40,N/A,13:40,Yielding (Good In Places),2m 4f,Another Bonnie (IRE),Liam Quinlan,5,John Patrick Ryan,5th,12 l,6,11-7,-,True,55,24
Wexford Racing Results | 20th May 2023 13:40,N/A,13:40,Yielding (Good In Places),2m 4f,Artemis Angel (IRE),Sean Flanagan,0,Peter Fahey,4th,3 1/2 l,6,11-7,-,True,55,24
Wexford Racing Results | 20th May 2023 13:40,N/A,13:40,Yielding (Good In Places),2m 4f,Dylan's Day (IRE),Cian Cullinan,7,P. G. Fahey,3rd,Neck,5,11-7,-,True,55,24
Wexford Racing Results | 20th May 2023 13:40,N/A,13:40,Yielding (Good In Places),2m 4f,Young Darleen (IRE),B. W. Harvey,5,R. P. Cody,2nd,1/2 l,7,11-7,-,True,55,24
Wexford Racing Results | 20th May 2023 13:40,N/A,13:40,Yielding (Good In Places),2m 4f,Cinsa (FR),S. F. O'Keeffe,0,W. P. Mullins,1st,N/A,4,10-13,-,True,55,24
Wexford Racing Results | 20th May 2023 14:15,N/A,14:15,Yielding (Good In Places),2m 4f,Capture the Action (IRE),Phillip Enright,0,James Joseph Mangan,PU,N/A,10,11-11b,102,True,55,25
Wexford Racing Results | 20th May 2023 14:15,N/A,14:15,Yielding (Good In Places),2m 4f,Gelee Blanche (FR),S. Cleary-Farrell,7,Barry Fitzgerald,11th,2 l,7,11-11,102,True,55,25
Wexford Racing Results | 20th May 2023 14:15,N/A,14:15,Yielding (Good In Places),2m 4f,Where's Bunny (IRE),C. Brassil,5,N. Dooly,10th,5 1/2 l,8,11-12,103,True,55,25
Wexford Racing Results | 20th May 2023 14:15,N/A,14:15,Yielding (Good In Places),2m 4f,Hot As Pepper (IRE),B. W. Harvey,5,John McConnell,9th,1/2 l,7,11-13t,104,True,55,25
Wexford Racing Results | 20th May 2023 14:15,N/A,14:15,Yielding (Good In Places),2m 4f,Knocknagappagh (IRE),Sean Flanagan,0,Peter Fahey,8th,3/4 l,7,11-11,102,True,55,25
Wexford Racing Results | 20th May 2023 14:15,N/A,14:15,Yielding (Good In Places),2m 4f,North Of Nashville (IRE),S. F. O'Keeffe,0,Colin Bowe,7th,4 1/2 l,6,11-9,100,True,55,25
Wexford Racing Results | 20th May 2023 14:15,N/A,14:15,Yielding (Good In Places),2m 4f,Lady Iseult (IRE),Patrick O'Hanlon,5,Dermot Anthony McLoughlin,6th,1/2 l,8,12-0,105,True,55,25
Wexford Racing Results | 20th May 2023 14:15,N/A,14:15,Yielding (Good In Places),2m 4f,Cottie (IRE),M. P. O'Connor,5,Henry de Bromhead,5th,1/2 l,8,11-13t,104,True,55,25
Wexford Racing Results | 20th May 2023 14:15,N/A,14:15,Yielding (Good In Places),2m 4f,Buttons and Bows (IRE),S. D. Torrens,0,Patrick J. Flynn,4th,2 1/2 l,9,11-11b1,102,True,55,25
Wexford Racing Results | 20th May 2023 14:15,N/A,14:15,Yielding (Good In Places),2m 4f,Good As Hell (IRE),Niall Moore,7,Philip Fenton,3rd,1 1/2 l,8,12-0b,105,True,55,25
Wexford Racing Results | 20th May 2023 14:15,N/A,14:15,Yielding (Good In Places),2m 4f,Presenting Doyen (IRE),Denis O'Regan,0,Cian Michael Collins,2nd,4 1/2 l,5,11-13,104,True,55,25
Wexford Racing Results | 20th May 2023 14:15,N/A,14:15,Yielding (Good In Places),2m 4f,Fruit Blossom (IRE),Keith Donoghue,0,Gordon Elliott,1st,N/A,7,11-10p1,101,True,55,25
Wexford Racing Results | 20th May 2023 14:15,N/A,14:15,Yielding (Good In Places),2m 4f,Capture the Action (IRE),Phillip Enright,0,James Joseph Mangan,PU,N/A,10,11-11b,102,True,55,25
Wexford Racing Results | 20th May 2023 14:15,N/A,14:15,Yielding (Good In Places),2m 4f,Gelee Blanche (FR),S. Cleary-Farrell,7,Barry Fitzgerald,11th,2 l,7,11-11,102,True,55,25
Wexford Racing Results | 20th May 2023 14:15,N/A,14:15,Yielding (Good In Places),2m 4f,Where's Bunny (IRE),C. Brassil,5,N. Dooly,10th,5 1/2 l,8,11-12,103,True,55,25
Wexford Racing Results | 20th May 2023 14:15,N/A,14:15,Yielding (Good In Places),2m 4f,Hot As Pepper (IRE),B. W. Harvey,5,John McConnell,9th,1/2 l,7,11-13t,104,True,55,25
Wexford Racing Results | 20th May 2023 14:15,N/A,14:15,Yielding (Good In Places),2m 4f,Knocknagappagh (IRE),Sean Flanagan,0,Peter Fahey,8th,3/4 l,7,11-11,102,True,55,25
Wexford Racing Results | 20th May 2023 14:15,N/A,14:15,Yielding (Good In Places),2m 4f,North Of Nashville (IRE),S. F. O'Keeffe,0,Colin Bowe,7th,4 1/2 l,6,11-9,100,True,55,25
Wexford Racing Results | 20th May 2023 14:15,N/A,14:15,Yielding (Good In Places),2m 4f,Lady Iseult (IRE),Patrick O'Hanlon,5,Dermot Anthony McLoughlin,6th,1/2 l,8,12-0,105,True,55,25
Wexford Racing Results | 20th May 2023 14:15,N/A,14:15,Yielding (Good In Places),2m 4f,Cottie (IRE),M. P. O'Connor,5,Henry de Bromhead,5th,1/2 l,8,11-13t,104,True,55,25
Wexford Racing Results | 20th May 2023 14:15,N/A,14:15,Yielding (Good In Places),2m 4f,Buttons and Bows (IRE),S. D. Torrens,0,Patrick J. Flynn,4th,2 1/2 l,9,11-11b1,102,True,55,25
Wexford Racing Results | 20th May 2023 14:15,N/A,14:15,Yielding (Good In Places),2m 4f,Good As Hell (IRE),Niall Moore,7,Philip Fenton,3rd,1 1/2 l,8,12-0b,105,True,55,25
Wexford Racing Results | 20th May 2023 14:15,N/A,14:15,Yielding (Good In Places),2m 4f,Presenting Doyen (IRE),Denis O'Regan,0,Cian Michael Collins,2nd,4 1/2 l,5,11-13,104,True,55,25
Wexford Racing Results | 20th May 2023 14:15,N/A,14:15,Yielding (Good In Places),2m 4f,Fruit Blossom (IRE),Keith Donoghue,0,Gordon Elliott,1st,N/A,7,11-10p1,101,True,55,25
Wexford Racing Results | 20th May 2023 14:50,N/A,14:50,Yielding (Good In Places),2m 1f,Oskar High (IRE),R. P. Geoghegan,7,Norman Lee,12th,4 1/2 l,11,11-12,93,True,55,26
Wexford Racing Results | 20th May 2023 14:50,N/A,14:50,Yielding (Good In Places),2m 1f,Miss Us O (IRE),S. Fitzgerald,3,B. R. Hamilton,11th,15 l,8,11-11t,92,True,55,26
Wexford Racing Results | 20th May 2023 14:50,N/A,14:50,Yielding (Good In Places),2m 1f,Poker Night (IRE),M. P. O'Connor,5,R. P. Cody,10th,3 l,5,11-6,87,True,55,26
Wexford Racing Results | 20th May 2023 14:50,N/A,14:50,Yielding (Good In Places),2m 1f,Gigantamax Eevee (IRE),Mr Jacob Smith,7,Matthew J. Smith,9th,2 1/2 l,5,11-4,85,True,55,26
Wexford Racing Results | 20th May 2023 14:50,N/A,14:50,Yielding (Good In Places),2m 1f,Beat of the Sea (IRE),C. P. McNamara,0,Seamus Fahey,8th,2 3/4 l,9,10-13,80,True,55,26
Wexford Racing Results | 20th May 2023 14:50,N/A,14:50,Yielding (Good In Places),2m 1f,Bite That (IRE),C. Brassil,5,Patrick J. Flynn,7th,1 l,7,12-0,95,True,55,26
Wexford Racing Results | 20th May 2023 14:50,N/A,14:50,Yielding (Good In Places),2m 1f,Tennessee Titan (IRE),J. J. Slevin,0,Seamus Neville,6th,1 1/4 l,7,11-11,92,True,55,26
Wexford Racing Results | 20th May 2023 14:50,N/A,14:50,Yielding (Good In Places),2m 1f,Prince Of Air (FR),S. D. Torrens,0,P. J. Rothwell,5th,1 3/4 l,6,11-0,81,True,55,26
Wexford Racing Results | 20th May 2023 14:50,N/A,14:50,Yielding (Good In Places),2m 1f,Doyen For A Drink (IRE),Sean Flanagan,0,Paul Nolan,4th,1 3/4 l,6,11-5,86,True,55,26
Wexford Racing Results | 20th May 2023 14:50,N/A,14:50,Yielding (Good In Places),2m 1f,Only One Plan (IRE),D. J. O'Keeffe,0,P. J. Rothwell,3rd,2 3/4 l,6,11-6p,87,True,55,26
Wexford Racing Results | 20th May 2023 14:50,N/A,14:50,Yielding (Good In Places),2m 1f,Depeche Mo (IRE),B. W. Harvey,5,Eric Larkin,2nd,1/2 l,5,11-5,86,True,55,26
Wexford Racing Results | 20th May 2023 14:50,N/A,14:50,Yielding (Good In Places),2m 1f,Corkbeg (IRE),Denis O'Regan,0,David Harry Kelly,1st,N/A,6,11-7ht,88,True,55,26
Wexford Racing Results | 20th May 2023 14:50,N/A,14:50,Yielding (Good In Places),2m 1f,Oskar High (IRE),R. P. Geoghegan,7,Norman Lee,12th,4 1/2 l,11,11-12,93,True,55,26
Wexford Racing Results | 20th May 2023 14:50,N/A,14:50,Yielding (Good In Places),2m 1f,Miss Us O (IRE),S. Fitzgerald,3,B. R. Hamilton,11th,15 l,8,11-11t,92,True,55,26
Wexford Racing Results | 20th May 2023 14:50,N/A,14:50,Yielding (Good In Places),2m 1f,Poker Night (IRE),M. P. O'Connor,5,R. P. Cody,10th,3 l,5,11-6,87,True,55,26
Wexford Racing Results | 20th May 2023 14:50,N/A,14:50,Yielding (Good In Places),2m 1f,Gigantamax Eevee (IRE),Mr Jacob Smith,7,Matthew J. Smith,9th,2 1/2 l,5,11-4,85,True,55,26
Wexford Racing Results | 20th May 2023 14:50,N/A,14:50,Yielding (Good In Places),2m 1f,Beat of the Sea (IRE),C. P. McNamara,0,Seamus Fahey,8th,2 3/4 l,9,10-13,80,True,55,26
Wexford Racing Results | 20th May 2023 14:50,N/A,14:50,Yielding (Good In Places),2m 1f,Bite That (IRE),C. Brassil,5,Patrick J. Flynn,7th,1 l,7,12-0,95,True,55,26
Wexford Racing Results | 20th May 2023 14:50,N/A,14:50,Yielding (Good In Places),2m 1f,Tennessee Titan (IRE),J. J. Slevin,0,Seamus Neville,6th,1 1/4 l,7,11-11,92,True,55,26
Wexford Racing Results | 20th May 2023 14:50,N/A,14:50,Yielding (Good In Places),2m 1f,Prince Of Air (FR),S. D. Torrens,0,P. J. Rothwell,5th,1 3/4 l,6,11-0,81,True,55,26
Wexford Racing Results | 20th May 2023 14:50,N/A,14:50,Yielding (Good In Places),2m 1f,Doyen For A Drink (IRE),Sean Flanagan,0,Paul Nolan,4th,1 3/4 l,6,11-5,86,True,55,26
Wexford Racing Results | 20th May 2023 14:50,N/A,14:50,Yielding (Good In Places),2m 1f,Only One Plan (IRE),D. J. O'Keeffe,0,P. J. Rothwell,3rd,2 3/4 l,6,11-6p,87,True,55,26
Wexford Racing Results | 20th May 2023 14:50,N/A,14:50,Yielding (Good In Places),2m 1f,Depeche Mo (IRE),B. W. Harvey,5,Eric Larkin,2nd,1/2 l,5,11-5,86,True,55,26
Wexford Racing Results | 20th May 2023 14:50,N/A,14:50,Yielding (Good In Places),2m 1f,Corkbeg (IRE),Denis O'Regan,0,David Harry Kelly,1st,N/A,6,11-7ht,88,True,55,26
Wexford Racing Results | 20th May 2023 15:25,N/A,15:25,Yielding (Good In Places),3m 50y,Carlas Big Jim (IRE),S. F. O'Keeffe,0,L. J. Archdeacon,PU,N/A,5,10-0,87,True,55,27
Wexford Racing Results | 20th May 2023 15:25,N/A,15:25,Yielding (Good In Places),3m 50y,Millen to One (IRE),C. Smithers,7,F. Flood,PU,N/A,9,11-11,112,True,55,27
Wexford Racing Results | 20th May 2023 15:25,N/A,15:25,Yielding (Good In Places),3m 50y,Kingston Retreat,P. Byrnes,5,Sean O. O'Brien,PU,N/A,8,11-10,111,True,55,27
Wexford Racing Results | 20th May 2023 15:25,N/A,15:25,Yielding (Good In Places),3m 50y,Lighthouse Rose (IRE),I. J. Power,0,Mark McNiff,F,N/A,8,11-11,112,True,55,27
Wexford Racing Results | 20th May 2023 15:25,N/A,15:25,Yielding (Good In Places),3m 50y,Cheerful Chap (IRE),C. Brassil,5,N. Dooly,7th,18 l,6,11-4,105,True,55,27
Wexford Racing Results | 20th May 2023 15:25,N/A,15:25,Yielding (Good In Places),3m 50y,Bella Bliss (IRE),B. W. Harvey,5,John McConnell,6th,8 1/2 l,6,12-0t,115,True,55,27
Wexford Racing Results | 20th May 2023 15:25,N/A,15:25,Yielding (Good In Places),3m 50y,Dorans River (IRE),Patrick O'Hanlon,5,P. J. Rothwell,5th,6 l,13,10-4,91,True,55,27
Wexford Racing Results | 20th May 2023 15:25,N/A,15:25,Yielding (Good In Places),3m 50y,Junior Alliance (IRE),D. J. O'Keeffe,0,T. Gibney,4th,1 3/4 l,7,11-8,109,True,55,27
Wexford Racing Results | 20th May 2023 15:25,N/A,15:25,Yielding (Good In Places),3m 50y,Tangental (IRE),J. J. Slevin,0,Colm A. Murphy,3rd,1/2 l,7,10-8,95,True,55,27
Wexford Racing Results | 20th May 2023 15:25,N/A,15:25,Yielding (Good In Places),3m 50y,Ladiam (IRE),R. P. Geoghegan,7,Norman Lee,2nd,1 1/4 l,6,11-2h,103,True,55,27
Wexford Racing Results | 20th May 2023 15:25,N/A,15:25,Yielding (Good In Places),3m 50y,Ceroc (IRE),Phillip Enright,0,E. J. O'Grady,1st,N/A,5,11-8v,109,True,55,27
Wexford Racing Results | 20th May 2023 15:25,N/A,15:25,Yielding (Good In Places),3m 50y,Carlas Big Jim (IRE),S. F. O'Keeffe,0,L. J. Archdeacon,PU,N/A,5,10-0,87,True,55,27
Wexford Racing Results | 20th May 2023 15:25,N/A,15:25,Yielding (Good In Places),3m 50y,Millen to One (IRE),C. Smithers,7,F. Flood,PU,N/A,9,11-11,112,True,55,27
Wexford Racing Results | 20th May 2023 15:25,N/A,15:25,Yielding (Good In Places),3m 50y,Kingston Retreat,P. Byrnes,5,Sean O. O'Brien,PU,N/A,8,11-10,111,True,55,27
Wexford Racing Results | 20th May 2023 15:25,N/A,15:25,Yielding (Good In Places),3m 50y,Lighthouse Rose (IRE),I. J. Power,0,Mark McNiff,F,N/A,8,11-11,112,True,55,27
Wexford Racing Results | 20th May 2023 15:25,N/A,15:25,Yielding (Good In Places),3m 50y,Cheerful Chap (IRE),C. Brassil,5,N. Dooly,7th,18 l,6,11-4,105,True,55,27
Wexford Racing Results | 20th May 2023 15:25,N/A,15:25,Yielding (Good In Places),3m 50y,Bella Bliss (IRE),B. W. Harvey,5,John McConnell,6th,8 1/2 l,6,12-0t,115,True,55,27
Wexford Racing Results | 20th May 2023 15:25,N/A,15:25,Yielding (Good In Places),3m 50y,Dorans River (IRE),Patrick O'Hanlon,5,P. J. Rothwell,5th,6 l,13,10-4,91,True,55,27
Wexford Racing Results | 20th May 2023 15:25,N/A,15:25,Yielding (Good In Places),3m 50y,Junior Alliance (IRE),D. J. O'Keeffe,0,T. Gibney,4th,1 3/4 l,7,11-8,109,True,55,27
Wexford Racing Results | 20th May 2023 15:25,N/A,15:25,Yielding (Good In Places),3m 50y,Tangental (IRE),J. J. Slevin,0,Colm A. Murphy,3rd,1/2 l,7,10-8,95,True,55,27
Wexford Racing Results | 20th May 2023 15:25,N/A,15:25,Yielding (Good In Places),3m 50y,Ladiam (IRE),R. P. Geoghegan,7,Norman Lee,2nd,1 1/4 l,6,11-2h,103,True,55,27
Wexford Racing Results | 20th May 2023 15:25,N/A,15:25,Yielding (Good In Places),3m 50y,Ceroc (IRE),Phillip Enright,0,E. J. O'Grady,1st,N/A,5,11-8v,109,True,55,27
Wexford Racing Results | 20th May 2023 16:00,N/A,16:00,Yielding (Good In Places),2m,Uncle Phil (IRE),Jack Foley,0,W. P. Mullins,UR,N/A,6,11-6ht,-,True,55,28
Wexford Racing Results | 20th May 2023 16:00,N/A,16:00,Yielding (Good In Places),2m,The Flier Begley (IRE),J. J. Slevin,0,Stuart Crawford,5th,11 l,8,11-12h,-,True,55,28
Wexford Racing Results | 20th May 2023 16:00,N/A,16:00,Yielding (Good In Places),2m,The Banger Doyle (IRE),B. W. Harvey,5,John Queally,4th,3 1/4 l,7,11-12h,-,True,55,28
Wexford Racing Results | 20th May 2023 16:00,N/A,16:00,Yielding (Good In Places),2m,Galore Desassences (FR),K. E. Buckley,3,Gavin Patrick Cromwell,3rd,14 l,7,11-6,-,True,55,28
Wexford Racing Results | 20th May 2023 16:00,N/A,16:00,Yielding (Good In Places),2m,Senecia (IRE),I. J. Power,0,Vincent Laurence Halley,2nd,3 3/4 l,6,11-12,-,True,55,28
Wexford Racing Results | 20th May 2023 16:00,N/A,16:00,Yielding (Good In Places),2m,Watch House Cross (IRE),D. J. O'Keeffe,0,Henry de Bromhead,1st,N/A,6,11-6t,-,True,55,28
Wexford Racing Results | 20th May 2023 16:00,N/A,16:00,Yielding (Good In Places),2m,Uncle Phil (IRE),Jack Foley,0,W. P. Mullins,UR,N/A,6,11-6ht,-,True,55,28
Wexford Racing Results | 20th May 2023 16:00,N/A,16:00,Yielding (Good In Places),2m,The Flier Begley (IRE),J. J. Slevin,0,Stuart Crawford,5th,11 l,8,11-12h,-,True,55,28
Wexford Racing Results | 20th May 2023 16:00,N/A,16:00,Yielding (Good In Places),2m,The Banger Doyle (IRE),B. W. Harvey,5,John Queally,4th,3 1/4 l,7,11-12h,-,True,55,28
Wexford Racing Results | 20th May 2023 16:00,N/A,16:00,Yielding (Good In Places),2m,Galore Desassences (FR),K. E. Buckley,3,Gavin Patrick Cromwell,3rd,14 l,7,11-6,-,True,55,28
Wexford Racing Results | 20th May 2023 16:00,N/A,16:00,Yielding (Good In Places),2m,Senecia (IRE),I. J. Power,0,Vincent Laurence Halley,2nd,3 3/4 l,6,11-12,-,True,55,28
Wexford Racing Results | 20th May 2023 16:00,N/A,16:00,Yielding (Good In Places),2m,Watch House Cross (IRE),D. J. O'Keeffe,0,Henry de Bromhead,1st,N/A,6,11-6t,-,True,55,28
Wexford Racing Results | 20th May 2023 16:35,N/A,16:35,Yielding (Good In Places),3m 1f 50y,West Breeze (IRE),D. J. O'Keeffe,0,Michael Winters,UR,N/A,7,11-9t,102,True,55,29
Wexford Racing Results | 20th May 2023 16:35,N/A,16:35,Yielding (Good In Places),3m 1f 50y,Hardy Bloke (FR),Conor Clarke,7,Emmet Mullins,UR,N/A,6,12-0,107,True,55,29
Wexford Racing Results | 20th May 2023 16:35,N/A,16:35,Yielding (Good In Places),3m 1f 50y,Lord Gillygooley (IRE),S. Fitzgerald,3,Declan Queally,UR,N/A,8,11-11tv,104,True,55,29
Wexford Racing Results | 20th May 2023 16:35,N/A,16:35,Yielding (Good In Places),3m 1f 50y,Smitty Bacall (IRE),Phillip Enright,0,J. P. Flavin,PU,N/A,12,11-2,95,True,55,29
Wexford Racing Results | 20th May 2023 16:35,N/A,16:35,Yielding (Good In Places),3m 1f 50y,Rose Of Kalanisi (IRE),C. D. Maxwell,0,Paul Stafford,PU,N/A,6,11-12,105,True,55,29
Wexford Racing Results | 20th May 2023 16:35,N/A,16:35,Yielding (Good In Places),3m 1f 50y,Hascoeur Clermont (FR),Keith Donoghue,0,Gavin Patrick Cromwell,PU,N/A,6,11-13,106,True,55,29
Wexford Racing Results | 20th May 2023 16:35,N/A,16:35,Yielding (Good In Places),3m 1f 50y,Trickey Trix (IRE),Patrick O'Hanlon,5,Dermot Anthony McLoughlin,5th,16 l,11,10-13tp,92,True,55,29
Wexford Racing Results | 20th May 2023 16:35,N/A,16:35,Yielding (Good In Places),3m 1f 50y,Secret Cargo (IRE),Niall Moore,7,Philip Fenton,4th,6 1/2 l,9,11-13b,106,True,55,29
Wexford Racing Results | 20th May 2023 16:35,N/A,16:35,Yielding (Good In Places),3m 1f 50y,Coolcullen (IRE),K. E. Buckley,3,Brendan Duke,3rd,1 1/4 l,5,11-5,98,True,55,29
Wexford Racing Results | 20th May 2023 16:35,N/A,16:35,Yielding (Good In Places),3m 1f 50y,Walking The Walk (IRE),B. W. Harvey,5,Gordon Elliott,2nd,10 l,8,11-8tb,101,True,55,29
Wexford Racing Results | 20th May 2023 16:35,N/A,16:35,Yielding (Good In Places),3m 1f 50y,Goodnightngodbless (USA),C. G. O'Dwyer,7,J. D. Motherway,1st,N/A,10,11-4tp,97,True,55,29
Wexford Racing Results | 20th May 2023 16:35,N/A,16:35,Yielding (Good In Places),3m 1f 50y,West Breeze (IRE),D. J. O'Keeffe,0,Michael Winters,UR,N/A,7,11-9t,102,True,55,29
Wexford Racing Results | 20th May 2023 16:35,N/A,16:35,Yielding (Good In Places),3m 1f 50y,Hardy Bloke (FR),Conor Clarke,7,Emmet Mullins,UR,N/A,6,12-0,107,True,55,29
Wexford Racing Results | 20th May 2023 16:35,N/A,16:35,Yielding (Good In Places),3m 1f 50y,Lord Gillygooley (IRE),S. Fitzgerald,3,Declan Queally,UR,N/A,8,11-11tv,104,True,55,29
Wexford Racing Results | 20th May 2023 16:35,N/A,16:35,Yielding (Good In Places),3m 1f 50y,Smitty Bacall (IRE),Phillip Enright,0,J. P. Flavin,PU,N/A,12,11-2,95,True,55,29
Wexford Racing Results | 20th May 2023 16:35,N/A,16:35,Yielding (Good In Places),3m 1f 50y,Rose Of Kalanisi (IRE),C. D. Maxwell,0,Paul Stafford,PU,N/A,6,11-12,105,True,55,29
Wexford Racing Results | 20th May 2023 16:35,N/A,16:35,Yielding (Good In Places),3m 1f 50y,Hascoeur Clermont (FR),Keith Donoghue,0,Gavin Patrick Cromwell,PU,N/A,6,11-13,106,True,55,29
Wexford Racing Results | 20th May 2023 16:35,N/A,16:35,Yielding (Good In Places),3m 1f 50y,Trickey Trix (IRE),Patrick O'Hanlon,5,Dermot Anthony McLoughlin,5th,16 l,11,10-13tp,92,True,55,29
Wexford Racing Results | 20th May 2023 16:35,N/A,16:35,Yielding (Good In Places),3m 1f 50y,Secret Cargo (IRE),Niall Moore,7,Philip Fenton,4th,6 1/2 l,9,11-13b,106,True,55,29
Wexford Racing Results | 20th May 2023 16:35,N/A,16:35,Yielding (Good In Places),3m 1f 50y,Coolcullen (IRE),K. E. Buckley,3,Brendan Duke,3rd,1 1/4 l,5,11-5,98,True,55,29
Wexford Racing Results | 20th May 2023 16:35,N/A,16:35,Yielding (Good In Places),3m 1f 50y,Walking The Walk (IRE),B. W. Harvey,5,Gordon Elliott,2nd,10 l,8,11-8tb,101,True,55,29
Wexford Racing Results | 20th May 2023 16:35,N/A,16:35,Yielding (Good In Places),3m 1f 50y,Goodnightngodbless (USA),C. G. O'Dwyer,7,J. D. Motherway,1st,N/A,10,11-4tp,97,True,55,29
Wexford Racing Results | 20th May 2023 17:10,N/A,17:10,Yielding (Good In Places),2m,Dixies Girl (IRE),Mr R. W. Barron,7,Arthur Goulding,PU,N/A,6,11-11,-,True,55,30
Wexford Racing Results | 20th May 2023 17:10,N/A,17:10,Yielding (Good In Places),2m,Cool Park (IRE),Mr P. W. Mullins,0,W. P. Mullins,PU,N/A,4,11-5,-,True,55,30
Wexford Racing Results | 20th May 2023 17:10,N/A,17:10,Yielding (Good In Places),2m,You Make Me Smile (IRE),Ms C. A. Walsh,7,P. A. Fahy,10th,28 l,5,11-11,-,True,55,30
Wexford Racing Results | 20th May 2023 17:10,N/A,17:10,Yielding (Good In Places),2m,Noriska De La Mare (FR),Mr T. Hamilton,0,Philip Fenton,9th,40 l,5,11-11,-,True,55,30
Wexford Racing Results | 20th May 2023 17:10,N/A,17:10,Yielding (Good In Places),2m,Colleen Dawn (IRE),Miss E. Cody,7,Ms M. M. Gannon,8th,1 1/4 l,4,11-5,-,True,55,30
Wexford Racing Results | 20th May 2023 17:10,N/A,17:10,Yielding (Good In Places),2m,Oneforthefairgreen (IRE),Mr H. C. Swan,5,Stephen Gerard Carey,7th,6 l,5,11-11,-,True,55,30
Wexford Racing Results | 20th May 2023 17:10,N/A,17:10,Yielding (Good In Places),2m,Brucio,Mr S. Connor,7,Stuart Crawford,6th,12 l,5,11-11t,-,True,55,30
Wexford Racing Results | 20th May 2023 17:10,N/A,17:10,Yielding (Good In Places),2m,Read the Room (IRE),Miss A. Hourigan,7,G. T. Hourigan,5th,3 3/4 l,4,11-5,-,True,55,30
Wexford Racing Results | 20th May 2023 17:10,N/A,17:10,Yielding (Good In Places),2m,Little Soiree (IRE),Mr J. L. Gleeson,5,Paul Nolan,4th,7 l,5,11-11,-,True,55,30
Wexford Racing Results | 20th May 2023 17:10,N/A,17:10,Yielding (Good In Places),2m,Rhaenyra (IRE),Mr J. P. O'Rourke,7,Colm A. Murphy,3rd,6 l,5,11-11h,-,True,55,30
Wexford Racing Results | 20th May 2023 17:10,N/A,17:10,Yielding (Good In Places),2m,Familiar Dreams,Mr J. J. Codd,0,Anthony McCann,2nd,6 1/2 l,4,11-5,-,True,55,30
Wexford Racing Results | 20th May 2023 17:10,N/A,17:10,Yielding (Good In Places),2m,World Of Fortunes (IRE),Mr J. W. Kenny,7,Liam Kenny,1st,N/A,5,11-11,-,True,55,30
Wexford Racing Results | 20th May 2023 17:10,N/A,17:10,Yielding (Good In Places),2m,Dixies Girl (IRE),Mr R. W. Barron,7,Arthur Goulding,PU,N/A,6,11-11,-,True,55,30
Wexford Racing Results | 20th May 2023 17:10,N/A,17:10,Yielding (Good In Places),2m,Cool Park (IRE),Mr P. W. Mullins,0,W. P. Mullins,PU,N/A,4,11-5,-,True,55,30
Wexford Racing Results | 20th May 2023 17:10,N/A,17:10,Yielding (Good In Places),2m,You Make Me Smile (IRE),Ms C. A. Walsh,7,P. A. Fahy,10th,28 l,5,11-11,-,True,55,30
Wexford Racing Results | 20th May 2023 17:10,N/A,17:10,Yielding (Good In Places),2m,Noriska De La Mare (FR),Mr T. Hamilton,0,Philip Fenton,9th,40 l,5,11-11,-,True,55,30
Wexford Racing Results | 20th May 2023 17:10,N/A,17:10,Yielding (Good In Places),2m,Colleen Dawn (IRE),Miss E. Cody,7,Ms M. M. Gannon,8th,1 1/4 l,4,11-5,-,True,55,30
Wexford Racing Results | 20th May 2023 17:10,N/A,17:10,Yielding (Good In Places),2m,Oneforthefairgreen (IRE),Mr H. C. Swan,5,Stephen Gerard Carey,7th,6 l,5,11-11,-,True,55,30
Wexford Racing Results | 20th May 2023 17:10,N/A,17:10,Yielding (Good In Places),2m,Brucio,Mr S. Connor,7,Stuart Crawford,6th,12 l,5,11-11t,-,True,55,30
Wexford Racing Results | 20th May 2023 17:10,N/A,17:10,Yielding (Good In Places),2m,Read the Room (IRE),Miss A. Hourigan,7,G. T. Hourigan,5th,3 3/4 l,4,11-5,-,True,55,30
Wexford Racing Results | 20th May 2023 17:10,N/A,17:10,Yielding (Good In Places),2m,Little Soiree (IRE),Mr J. L. Gleeson,5,Paul Nolan,4th,7 l,5,11-11,-,True,55,30
Wexford Racing Results | 20th May 2023 17:10,N/A,17:10,Yielding (Good In Places),2m,Rhaenyra (IRE),Mr J. P. O'Rourke,7,Colm A. Murphy,3rd,6 l,5,11-11h,-,True,55,30
Wexford Racing Results | 20th May 2023 17:10,N/A,17:10,Yielding (Good In Places),2m,Familiar Dreams,Mr J. J. Codd,0,Anthony McCann,2nd,6 1/2 l,4,11-5,-,True,55,30
Wexford Racing Results | 20th May 2023 17:10,N/A,17:10,Yielding (Good In Places),2m,World Of Fortunes (IRE),Mr J. W. Kenny,7,Liam Kenny,1st,N/A,5,11-11,-,True,55,30
Naas Racing Results | 21st May 2023 13:45,N/A,13:45,Good (Good To Firm In Places),5f,Clonmacash,Ben Martin Coen,0,Miss Natalia Lupini,5th,6 1/2 l,2,9-5,-,True,55,31
Naas Racing Results | 21st May 2023 13:45,N/A,13:45,Good (Good To Firm In Places),5f,Supersonic Man,Shane Foley,0,Mrs J. Harrington,4th,3/4 l,2,9-5,-,True,55,31
Naas Racing Results | 21st May 2023 13:45,N/A,13:45,Good (Good To Firm In Places),5f,I Am Invictus (IRE),William James Lee,0,M. D. O'Callaghan,3rd,1 1/4 l,2,9-5,-,True,55,31
Naas Racing Results | 21st May 2023 13:45,N/A,13:45,Good (Good To Firm In Places),5f,Tourist,C. T. Keane,0,G. M. Lyons,2nd,2 1/2 l,2,9-5,-,True,55,31
Naas Racing Results | 21st May 2023 13:45,N/A,13:45,Good (Good To Firm In Places),5f,River Tiber (IRE),Ryan Moore,0,Aidan O'Brien,1st,N/A,2,9-8,-,True,55,31
Naas Racing Results | 21st May 2023 13:45,N/A,13:45,Good (Good To Firm In Places),5f,Clonmacash,Ben Martin Coen,0,Miss Natalia Lupini,5th,6 1/2 l,2,9-5,-,True,55,31
Naas Racing Results | 21st May 2023 13:45,N/A,13:45,Good (Good To Firm In Places),5f,Supersonic Man,Shane Foley,0,Mrs J. Harrington,4th,3/4 l,2,9-5,-,True,55,31
Naas Racing Results | 21st May 2023 13:45,N/A,13:45,Good (Good To Firm In Places),5f,I Am Invictus (IRE),William James Lee,0,M. D. O'Callaghan,3rd,1 1/4 l,2,9-5,-,True,55,31
Naas Racing Results | 21st May 2023 13:45,N/A,13:45,Good (Good To Firm In Places),5f,Tourist,C. T. Keane,0,G. M. Lyons,2nd,2 1/2 l,2,9-5,-,True,55,31
Naas Racing Results | 21st May 2023 13:45,N/A,13:45,Good (Good To Firm In Places),5f,River Tiber (IRE),Ryan Moore,0,Aidan O'Brien,1st,N/A,2,9-8,-,True,55,31
Naas Racing Results | 21st May 2023 14:45,N/A,14:45,Good (Good To Firm In Places),5f 205y,Neo Smart (IRE),R. P. Cleary,0,J. S. Bolger,13th,3/4 l,2,9-2,-,True,55,33
Naas Racing Results | 21st May 2023 14:45,N/A,14:45,Good (Good To Firm In Places),5f 205y,West Of Wichita (IRE),Seamie Heffernan,0,Kevin Thomas Coleman,12th,Neck,2,9-2,-,True,55,33
Naas Racing Results | 21st May 2023 14:45,N/A,14:45,Good (Good To Firm In Places),5f 205y,Jakku (IRE),C. T. Keane,0,G. M. Lyons,11th,3/4 l,2,9-2,-,True,55,33
Naas Racing Results | 21st May 2023 14:45,N/A,14:45,Good (Good To Firm In Places),5f 205y,Making Time (IRE),W. M. Lordan,0,Miss Natalia Lupini,10th,1/2 l,2,9-2,-,True,55,33
Naas Racing Results | 21st May 2023 14:45,N/A,14:45,Good (Good To Firm In Places),5f 205y,Bated Moon (IRE),Declan McDonogh,0,Joseph Patrick O'Brien,9th,3/4 l,2,9-2,-,True,55,33
Naas Racing Results | 21st May 2023 14:45,N/A,14:45,Good (Good To Firm In Places),5f 205y,What A Squeeze (IRE),Shane Foley,0,Mrs J. Harrington,8th,Neck,2,9-2,-,True,55,33
Naas Racing Results | 21st May 2023 14:45,N/A,14:45,Good (Good To Firm In Places),5f 205y,Smart Impression (IRE),Ben Martin Coen,0,Michael McCullagh,7th,1 l,2,9-2,-,True,55,33
Naas Racing Results | 21st May 2023 14:45,N/A,14:45,Good (Good To Firm In Places),5f 205y,Ziggy's Dream (IRE),K. T. O'Neill,0,Alice Haynes,6th,1/2 l,2,9-2,-,True,55,33
Naas Racing Results | 21st May 2023 14:45,N/A,14:45,Good (Good To Firm In Places),5f 205y,Blame Thechampagne (IRE),N. M. Crosse,0,Mrs J. Harrington,5th,Nose,2,9-2,-,True,55,33
Naas Racing Results | 21st May 2023 14:45,N/A,14:45,Good (Good To Firm In Places),5f 205y,Ribchestina (IRE),William James Lee,0,P. Twomey,4th,1 1/4 l,2,9-2,-,True,55,33
Naas Racing Results | 21st May 2023 14:45,N/A,14:45,Good (Good To Firm In Places),5f 205y,Launch (USA),Kevin Stott,0,Adrian Murray,3rd,4 1/2 l,2,9-2,-,True,55,33
Naas Racing Results | 21st May 2023 14:45,N/A,14:45,Good (Good To Firm In Places),5f 205y,Navassa Island (IRE),D. B. McMonagle,0,M. D. O'Callaghan,2nd,Neck,2,9-2,-,True,55,33
Naas Racing Results | 21st May 2023 14:45,N/A,14:45,Good (Good To Firm In Places),5f 205y,Porta Fortuna (IRE),G. M. Ryan,0,Donnacha Aidan O'Brien,1st,N/A,2,9-2,-,True,55,33
Naas Racing Results | 21st May 2023 14:45,N/A,14:45,Good (Good To Firm In Places),5f 205y,Neo Smart (IRE),R. P. Cleary,0,J. S. Bolger,13th,3/4 l,2,9-2,-,True,55,33
Naas Racing Results | 21st May 2023 14:45,N/A,14:45,Good (Good To Firm In Places),5f 205y,West Of Wichita (IRE),Seamie Heffernan,0,Kevin Thomas Coleman,12th,Neck,2,9-2,-,True,55,33
Naas Racing Results | 21st May 2023 14:45,N/A,14:45,Good (Good To Firm In Places),5f 205y,Jakku (IRE),C. T. Keane,0,G. M. Lyons,11th,3/4 l,2,9-2,-,True,55,33
Naas Racing Results | 21st May 2023 14:45,N/A,14:45,Good (Good To Firm In Places),5f 205y,Making Time (IRE),W. M. Lordan,0,Miss Natalia Lupini,10th,1/2 l,2,9-2,-,True,55,33
Naas Racing Results | 21st May 2023 14:45,N/A,14:45,Good (Good To Firm In Places),5f 205y,Bated Moon (IRE),Declan McDonogh,0,Joseph Patrick O'Brien,9th,3/4 l,2,9-2,-,True,55,33
Naas Racing Results | 21st May 2023 14:45,N/A,14:45,Good (Good To Firm In Places),5f 205y,What A Squeeze (IRE),Shane Foley,0,Mrs J. Harrington,8th,Neck,2,9-2,-,True,55,33
Naas Racing Results | 21st May 2023 14:45,N/A,14:45,Good (Good To Firm In Places),5f 205y,Smart Impression (IRE),Ben Martin Coen,0,Michael McCullagh,7th,1 l,2,9-2,-,True,55,33
Naas Racing Results | 21st May 2023 14:45,N/A,14:45,Good (Good To Firm In Places),5f 205y,Ziggy's Dream (IRE),K. T. O'Neill,0,Alice Haynes,6th,1/2 l,2,9-2,-,True,55,33
Naas Racing Results | 21st May 2023 14:45,N/A,14:45,Good (Good To Firm In Places),5f 205y,Blame Thechampagne (IRE),N. M. Crosse,0,Mrs J. Harrington,5th,Nose,2,9-2,-,True,55,33
Naas Racing Results | 21st May 2023 14:45,N/A,14:45,Good (Good To Firm In Places),5f 205y,Ribchestina (IRE),William James Lee,0,P. Twomey,4th,1 1/4 l,2,9-2,-,True,55,33
Naas Racing Results | 21st May 2023 14:45,N/A,14:45,Good (Good To Firm In Places),5f 205y,Launch (USA),Kevin Stott,0,Adrian Murray,3rd,4 1/2 l,2,9-2,-,True,55,33
Naas Racing Results | 21st May 2023 14:45,N/A,14:45,Good (Good To Firm In Places),5f 205y,Navassa Island (IRE),D. B. McMonagle,0,M. D. O'Callaghan,2nd,Neck,2,9-2,-,True,55,33
Naas Racing Results | 21st May 2023 14:45,N/A,14:45,Good (Good To Firm In Places),5f 205y,Porta Fortuna (IRE),G. M. Ryan,0,Donnacha Aidan O'Brien,1st,N/A,2,9-2,-,True,55,33
Naas Racing Results | 21st May 2023 15:15,N/A,15:15,Good (Good To Firm In Places),7f,Smile of Love (IRE),M. A. Enright,0,G. M. Lyons,11th,3/4 l,4,9-6t,-,True,55,34
Naas Racing Results | 21st May 2023 15:15,N/A,15:15,Good (Good To Firm In Places),7f,American Kestrel (IRE),D. B. McMonagle,0,Joseph Patrick O'Brien,10th,Head,4,9-6h1,-,True,55,34
Naas Racing Results | 21st May 2023 15:15,N/A,15:15,Good (Good To Firm In Places),7f,La Dolce Vita (IRE),K. J. Leonard,0,Donnacha Aidan O'Brien,9th,1 l,3,8-9,-,True,55,34
Naas Racing Results | 21st May 2023 15:15,N/A,15:15,Good (Good To Firm In Places),7f,Villanova Queen (IRE),S. McCullagh,0,Mrs J. Harrington,8th,Neck,4,9-6,-,True,55,34
Naas Racing Results | 21st May 2023 15:15,N/A,15:15,Good (Good To Firm In Places),7f,Yerwanthere (IRE),Declan McDonogh,0,Joseph Patrick O'Brien,7th,Neck,4,9-6,-,True,55,34
Naas Racing Results | 21st May 2023 15:15,N/A,15:15,Good (Good To Firm In Places),7f,Monaasib (USA),C. D. Hayes,0,Kevin Prendergast,6th,1/2 l,5,9-11t,-,True,55,34
Naas Racing Results | 21st May 2023 15:15,N/A,15:15,Good (Good To Firm In Places),7f,Mutasarref,C. T. Keane,0,G. M. Lyons,5th,1 1/2 l,5,10-0,-,True,55,34
Naas Racing Results | 21st May 2023 15:15,N/A,15:15,Good (Good To Firm In Places),7f,Panic Alarm (IRE),Shane Foley,0,Mrs J. Harrington,4th,Nose,3,9-0,-,True,55,34
Naas Racing Results | 21st May 2023 15:15,N/A,15:15,Good (Good To Firm In Places),7f,New Energy (IRE),R. C. Colgan,0,Ms Sheila Lavery,3rd,1 1/2 l,4,9-11,-,True,55,34
Naas Racing Results | 21st May 2023 15:15,N/A,15:15,Good (Good To Firm In Places),7f,Sharlouk (IRE),Ben Martin Coen,0,John Patrick Murtagh,2nd,Short Head,3,9-0,-,True,55,34
Naas Racing Results | 21st May 2023 15:15,N/A,15:15,Good (Good To Firm In Places),7f,Cosmic Vega (IRE),R. P. Whelan,0,M. Halford & T. Collins,1st,N/A,5,9-11,-,True,55,34
Naas Racing Results | 21st May 2023 15:15,N/A,15:15,Good (Good To Firm In Places),7f,Smile of Love (IRE),M. A. Enright,0,G. M. Lyons,11th,3/4 l,4,9-6t,-,True,55,34
Naas Racing Results | 21st May 2023 15:15,N/A,15:15,Good (Good To Firm In Places),7f,American Kestrel (IRE),D. B. McMonagle,0,Joseph Patrick O'Brien,10th,Head,4,9-6h1,-,True,55,34
Naas Racing Results | 21st May 2023 15:15,N/A,15:15,Good (Good To Firm In Places),7f,La Dolce Vita (IRE),K. J. Leonard,0,Donnacha Aidan O'Brien,9th,1 l,3,8-9,-,True,55,34
Naas Racing Results | 21st May 2023 15:15,N/A,15:15,Good (Good To Firm In Places),7f,Villanova Queen (IRE),S. McCullagh,0,Mrs J. Harrington,8th,Neck,4,9-6,-,True,55,34
Naas Racing Results | 21st May 2023 15:15,N/A,15:15,Good (Good To Firm In Places),7f,Yerwanthere (IRE),Declan McDonogh,0,Joseph Patrick O'Brien,7th,Neck,4,9-6,-,True,55,34
Naas Racing Results | 21st May 2023 15:15,N/A,15:15,Good (Good To Firm In Places),7f,Monaasib (USA),C. D. Hayes,0,Kevin Prendergast,6th,1/2 l,5,9-11t,-,True,55,34
Naas Racing Results | 21st May 2023 15:15,N/A,15:15,Good (Good To Firm In Places),7f,Mutasarref,C. T. Keane,0,G. M. Lyons,5th,1 1/2 l,5,10-0,-,True,55,34
Naas Racing Results | 21st May 2023 15:15,N/A,15:15,Good (Good To Firm In Places),7f,Panic Alarm (IRE),Shane Foley,0,Mrs J. Harrington,4th,Nose,3,9-0,-,True,55,34
Naas Racing Results | 21st May 2023 15:15,N/A,15:15,Good (Good To Firm In Places),7f,New Energy (IRE),R. C. Colgan,0,Ms Sheila Lavery,3rd,1 1/2 l,4,9-11,-,True,55,34
Naas Racing Results | 21st May 2023 15:15,N/A,15:15,Good (Good To Firm In Places),7f,Sharlouk (IRE),Ben Martin Coen,0,John Patrick Murtagh,2nd,Short Head,3,9-0,-,True,55,34
Naas Racing Results | 21st May 2023 15:15,N/A,15:15,Good (Good To Firm In Places),7f,Cosmic Vega (IRE),R. P. Whelan,0,M. Halford & T. Collins,1st,N/A,5,9-11,-,True,55,34
Naas Racing Results | 21st May 2023 15:45,N/A,15:45,Good (Good To Firm In Places),5f 205y,Song For Whoever (IRE),A. J. Slattery,0,John S. O'Donoghue,15th,6 l,3,9-5,-,True,55,35
Naas Racing Results | 21st May 2023 15:45,N/A,15:45,Good (Good To Firm In Places),5f 205y,Running Cool,W. M. Lordan,0,Miss Natalia Lupini,14th,3 1/4 l,3,9-5,-,True,55,35
Naas Racing Results | 21st May 2023 15:45,N/A,15:45,Good (Good To Firm In Places),5f 205y,Nightcliff (IRE),N. G. McCullagh,0,David J. Geary,13th,1 1/4 l,3,9-2t1,-,True,55,35
Naas Racing Results | 21st May 2023 15:45,N/A,15:45,Good (Good To Firm In Places),5f 205y,Apricot Twist (IRE),G. F. Carroll,0,G. M. Lyons,12th,3/4 l,3,9-2t,-,True,55,35
Naas Racing Results | 21st May 2023 15:45,N/A,15:45,Good (Good To Firm In Places),5f 205y,Clever and Cool (IRE),R. P. Cleary,0,J. S. Bolger,11th,1 3/4 l,3,9-2p,-,True,55,35
Naas Racing Results | 21st May 2023 15:45,N/A,15:45,Good (Good To Firm In Places),5f 205y,Badb (IRE),G. M. Ryan,0,Donnacha Aidan O'Brien,10th,Neck,3,9-2,-,True,55,35
Naas Racing Results | 21st May 2023 15:45,N/A,15:45,Good (Good To Firm In Places),5f 205y,Apache Outlaw (IRE),Declan McDonogh,0,Joseph Patrick O'Brien,9th,Neck,3,9-5t1,-,True,55,35
Naas Racing Results | 21st May 2023 15:45,N/A,15:45,Good (Good To Firm In Places),5f 205y,Maria Branwell (IRE),D. B. McMonagle,0,Joseph Patrick O'Brien,8th,Head,3,9-2,-,True,55,35
Naas Racing Results | 21st May 2023 15:45,N/A,15:45,Good (Good To Firm In Places),5f 205y,Mauiewowie,C. T. Keane,0,G. M. Lyons,7th,Neck,3,9-2,-,True,55,35
Naas Racing Results | 21st May 2023 15:45,N/A,15:45,Good (Good To Firm In Places),5f 205y,Torivega (IRE),R. C. Colgan,0,Ms Sheila Lavery,6th,2 3/4 l,3,9-5,-,True,55,35
Naas Racing Results | 21st May 2023 15:45,N/A,15:45,Good (Good To Firm In Places),5f 205y,Shartash (IRE),Ben Martin Coen,0,John Patrick Murtagh,5th,Head,3,9-8,-,True,55,35
Naas Racing Results | 21st May 2023 15:45,N/A,15:45,Good (Good To Firm In Places),5f 205y,Thunderbear (IRE),R. P. Whelan,0,Jack W. Davison,4th,1/2 l,3,9-5,-,True,55,35
Naas Racing Results | 21st May 2023 15:45,N/A,15:45,Good (Good To Firm In Places),5f 205y,Ocean Jewel (IRE),William James Lee,0,W. McCreery,3rd,1/2 l,3,9-2,-,True,55,35
Naas Racing Results | 21st May 2023 15:45,N/A,15:45,Good (Good To Firm In Places),5f 205y,Ocean Quest (IRE),Shane Foley,0,Mrs J. Harrington,2nd,Head,3,9-2,-,True,55,35
Naas Racing Results | 21st May 2023 15:45,N/A,15:45,Good (Good To Firm In Places),5f 205y,The Antarctic (IRE),Ryan Moore,0,Aidan O'Brien,1st,N/A,3,9-5,-,True,55,35
Naas Racing Results | 21st May 2023 15:45,N/A,15:45,Good (Good To Firm In Places),5f 205y,Song For Whoever (IRE),A. J. Slattery,0,John S. O'Donoghue,15th,6 l,3,9-5,-,True,55,35
Naas Racing Results | 21st May 2023 15:45,N/A,15:45,Good (Good To Firm In Places),5f 205y,Running Cool,W. M. Lordan,0,Miss Natalia Lupini,14th,3 1/4 l,3,9-5,-,True,55,35
Naas Racing Results | 21st May 2023 15:45,N/A,15:45,Good (Good To Firm In Places),5f 205y,Nightcliff (IRE),N. G. McCullagh,0,David J. Geary,13th,1 1/4 l,3,9-2t1,-,True,55,35
Naas Racing Results | 21st May 2023 15:45,N/A,15:45,Good (Good To Firm In Places),5f 205y,Apricot Twist (IRE),G. F. Carroll,0,G. M. Lyons,12th,3/4 l,3,9-2t,-,True,55,35
Naas Racing Results | 21st May 2023 15:45,N/A,15:45,Good (Good To Firm In Places),5f 205y,Clever and Cool (IRE),R. P. Cleary,0,J. S. Bolger,11th,1 3/4 l,3,9-2p,-,True,55,35
Naas Racing Results | 21st May 2023 15:45,N/A,15:45,Good (Good To Firm In Places),5f 205y,Badb (IRE),G. M. Ryan,0,Donnacha Aidan O'Brien,10th,Neck,3,9-2,-,True,55,35
Naas Racing Results | 21st May 2023 15:45,N/A,15:45,Good (Good To Firm In Places),5f 205y,Apache Outlaw (IRE),Declan McDonogh,0,Joseph Patrick O'Brien,9th,Neck,3,9-5t1,-,True,55,35
Naas Racing Results | 21st May 2023 15:45,N/A,15:45,Good (Good To Firm In Places),5f 205y,Maria Branwell (IRE),D. B. McMonagle,0,Joseph Patrick O'Brien,8th,Head,3,9-2,-,True,55,35
Naas Racing Results | 21st May 2023 15:45,N/A,15:45,Good (Good To Firm In Places),5f 205y,Mauiewowie,C. T. Keane,0,G. M. Lyons,7th,Neck,3,9-2,-,True,55,35
Naas Racing Results | 21st May 2023 15:45,N/A,15:45,Good (Good To Firm In Places),5f 205y,Torivega (IRE),R. C. Colgan,0,Ms Sheila Lavery,6th,2 3/4 l,3,9-5,-,True,55,35
Naas Racing Results | 21st May 2023 15:45,N/A,15:45,Good (Good To Firm In Places),5f 205y,Shartash (IRE),Ben Martin Coen,0,John Patrick Murtagh,5th,Head,3,9-8,-,True,55,35
Naas Racing Results | 21st May 2023 15:45,N/A,15:45,Good (Good To Firm In Places),5f 205y,Thunderbear (IRE),R. P. Whelan,0,Jack W. Davison,4th,1/2 l,3,9-5,-,True,55,35
Naas Racing Results | 21st May 2023 15:45,N/A,15:45,Good (Good To Firm In Places),5f 205y,Ocean Jewel (IRE),William James Lee,0,W. McCreery,3rd,1/2 l,3,9-2,-,True,55,35
Naas Racing Results | 21st May 2023 15:45,N/A,15:45,Good (Good To Firm In Places),5f 205y,Ocean Quest (IRE),Shane Foley,0,Mrs J. Harrington,2nd,Head,3,9-2,-,True,55,35
Naas Racing Results | 21st May 2023 15:45,N/A,15:45,Good (Good To Firm In Places),5f 205y,The Antarctic (IRE),Ryan Moore,0,Aidan O'Brien,1st,N/A,3,9-5,-,True,55,35
Naas Racing Results | 21st May 2023 16:15,N/A,16:15,Good (Good To Firm In Places),1m,Lolyta (IRE),G. M. Ryan,0,Andrew Kinsella,16th,12 l,3,9-3,-,True,55,36
Naas Racing Results | 21st May 2023 16:15,N/A,16:15,Good (Good To Firm In Places),1m,Anaelle (IRE),Seamie Heffernan,0,Miss Jennifer Anne Lynch,15th,3 1/2 l,3,9-3,-,True,55,36
Naas Racing Results | 21st May 2023 16:15,N/A,16:15,Good (Good To Firm In Places),1m,Dance the Flame (IRE),D. B. McMonagle,0,Ross O'Sullivan,14th,5 l,3,9-3,-,True,55,36
Naas Racing Results | 21st May 2023 16:15,N/A,16:15,Good (Good To Firm In Places),1m,Lan Mara (IRE),L. T. McAteer,3,J. S. Bolger,13th,3 3/4 l,3,9-3,-,True,55,36
Naas Racing Results | 21st May 2023 16:15,N/A,16:15,Good (Good To Firm In Places),1m,O Merisi (IRE),L. F. Roche,0,Eddie & Patrick Harty,12th,Neck,3,9-3,-,True,55,36
Naas Racing Results | 21st May 2023 16:15,N/A,16:15,Good (Good To Firm In Places),1m,Lady Kai (IRE),C. D. Hayes,0,Ross O'Sullivan,11th,2 1/2 l,3,9-3,-,True,55,36
Naas Racing Results | 21st May 2023 16:15,N/A,16:15,Good (Good To Firm In Places),1m,Hotaugustnight (IRE),M. A. Enright,0,J. A. Stack,10th,5 l,3,9-3,-,True,55,36
Naas Racing Results | 21st May 2023 16:15,N/A,16:15,Good (Good To Firm In Places),1m,Pascalia (IRE),Ben Martin Coen,0,John Patrick Murtagh,9th,1/2 l,3,9-3,-,True,55,36
Naas Racing Results | 21st May 2023 16:15,N/A,16:15,Good (Good To Firm In Places),1m,Muhaarar's Girl (IRE),R. P. Whelan,0,K. J. Condon,8th,Short Head,3,9-3t,-,True,55,36
Naas Racing Results | 21st May 2023 16:15,N/A,16:15,Good (Good To Firm In Places),1m,Velvet And Vine (IRE),G. F. Carroll,0,G. M. Lyons,7th,1 l,3,9-3,-,True,55,36
Naas Racing Results | 21st May 2023 16:15,N/A,16:15,Good (Good To Firm In Places),1m,Rival Queen (IRE),M. P. Sheehy,0,Joseph Patrick O'Brien,6th,1 1/2 l,3,9-3,-,True,55,36
Naas Racing Results | 21st May 2023 16:15,N/A,16:15,Good (Good To Firm In Places),1m,Kelly's Out (IRE),R. Donaghue-Leahy,10,Patrick J. Flynn,5th,3 l,3,9-3,-,True,55,36
Naas Racing Results | 21st May 2023 16:15,N/A,16:15,Good (Good To Firm In Places),1m,Persian Jewel (IRE),William James Lee,0,P. Twomey,4th,1 1/2 l,3,9-3,-,True,55,36
Naas Racing Results | 21st May 2023 16:15,N/A,16:15,Good (Good To Firm In Places),1m,Sweetest Rose (IRE),C. T. Keane,0,G. M. Lyons,3rd,1 l,3,9-3b1,-,True,55,36
Naas Racing Results | 21st May 2023 16:15,N/A,16:15,Good (Good To Firm In Places),1m,Lan Cinnte (IRE),Shane Foley,0,Mrs J. Harrington,2nd,2 1/4 l,3,9-3,-,True,55,36
Naas Racing Results | 21st May 2023 16:15,N/A,16:15,Good (Good To Firm In Places),1m,Unless (USA),Ryan Moore,0,Aidan O'Brien,1st,N/A,3,9-3b,-,True,55,36
Naas Racing Results | 21st May 2023 16:15,N/A,16:15,Good (Good To Firm In Places),1m,Lolyta (IRE),G. M. Ryan,0,Andrew Kinsella,16th,12 l,3,9-3,-,True,55,36
Naas Racing Results | 21st May 2023 16:15,N/A,16:15,Good (Good To Firm In Places),1m,Anaelle (IRE),Seamie Heffernan,0,Miss Jennifer Anne Lynch,15th,3 1/2 l,3,9-3,-,True,55,36
Naas Racing Results | 21st May 2023 16:15,N/A,16:15,Good (Good To Firm In Places),1m,Dance the Flame (IRE),D. B. McMonagle,0,Ross O'Sullivan,14th,5 l,3,9-3,-,True,55,36
Naas Racing Results | 21st May 2023 16:15,N/A,16:15,Good (Good To Firm In Places),1m,Lan Mara (IRE),L. T. McAteer,3,J. S. Bolger,13th,3 3/4 l,3,9-3,-,True,55,36
Naas Racing Results | 21st May 2023 16:15,N/A,16:15,Good (Good To Firm In Places),1m,O Merisi (IRE),L. F. Roche,0,Eddie & Patrick Harty,12th,Neck,3,9-3,-,True,55,36
Naas Racing Results | 21st May 2023 16:15,N/A,16:15,Good (Good To Firm In Places),1m,Lady Kai (IRE),C. D. Hayes,0,Ross O'Sullivan,11th,2 1/2 l,3,9-3,-,True,55,36
Naas Racing Results | 21st May 2023 16:15,N/A,16:15,Good (Good To Firm In Places),1m,Hotaugustnight (IRE),M. A. Enright,0,J. A. Stack,10th,5 l,3,9-3,-,True,55,36
Naas Racing Results | 21st May 2023 16:15,N/A,16:15,Good (Good To Firm In Places),1m,Pascalia (IRE),Ben Martin Coen,0,John Patrick Murtagh,9th,1/2 l,3,9-3,-,True,55,36
Naas Racing Results | 21st May 2023 16:15,N/A,16:15,Good (Good To Firm In Places),1m,Muhaarar's Girl (IRE),R. P. Whelan,0,K. J. Condon,8th,Short Head,3,9-3t,-,True,55,36
Naas Racing Results | 21st May 2023 16:15,N/A,16:15,Good (Good To Firm In Places),1m,Velvet And Vine (IRE),G. F. Carroll,0,G. M. Lyons,7th,1 l,3,9-3,-,True,55,36
Naas Racing Results | 21st May 2023 16:15,N/A,16:15,Good (Good To Firm In Places),1m,Rival Queen (IRE),M. P. Sheehy,0,Joseph Patrick O'Brien,6th,1 1/2 l,3,9-3,-,True,55,36
Naas Racing Results | 21st May 2023 16:15,N/A,16:15,Good (Good To Firm In Places),1m,Kelly's Out (IRE),R. Donaghue-Leahy,10,Patrick J. Flynn,5th,3 l,3,9-3,-,True,55,36
Naas Racing Results | 21st May 2023 16:15,N/A,16:15,Good (Good To Firm In Places),1m,Persian Jewel (IRE),William James Lee,0,P. Twomey,4th,1 1/2 l,3,9-3,-,True,55,36
Naas Racing Results | 21st May 2023 16:15,N/A,16:15,Good (Good To Firm In Places),1m,Sweetest Rose (IRE),C. T. Keane,0,G. M. Lyons,3rd,1 l,3,9-3b1,-,True,55,36
Naas Racing Results | 21st May 2023 16:15,N/A,16:15,Good (Good To Firm In Places),1m,Lan Cinnte (IRE),Shane Foley,0,Mrs J. Harrington,2nd,2 1/4 l,3,9-3,-,True,55,36
Naas Racing Results | 21st May 2023 16:15,N/A,16:15,Good (Good To Firm In Places),1m,Unless (USA),Ryan Moore,0,Aidan O'Brien,1st,N/A,3,9-3b,-,True,55,36
Naas Racing Results | 21st May 2023 16:45,N/A,16:45,Good (Good To Firm In Places),1m,Encosta (IRE),C. D. Hayes,0,Noel Meade,11th,2 3/4 l,3,8-13,80,True,55,37
Naas Racing Results | 21st May 2023 16:45,N/A,16:45,Good (Good To Firm In Places),1m,Amazing Show,C. T. Keane,0,G. M. Lyons,10th,Neck,3,9-9,90,True,55,37
Naas Racing Results | 21st May 2023 16:45,N/A,16:45,Good (Good To Firm In Places),1m,Long Count (IRE),R. P. Cleary,0,J. S. Bolger,9th,3/4 l,3,8-8,75,True,55,37
Naas Racing Results | 21st May 2023 16:45,N/A,16:45,Good (Good To Firm In Places),1m,Spirit Genie (IRE),M. W. Hassett,10,Mrs J. Harrington,8th,Neck,3,9-11t,92,True,55,37
Naas Racing Results | 21st May 2023 16:45,N/A,16:45,Good (Good To Firm In Places),1m,Kalikapour (IRE),R. P. Whelan,0,M. Halford & T. Collins,7th,2 1/4 l,3,9-9,90,True,55,37
Naas Racing Results | 21st May 2023 16:45,N/A,16:45,Good (Good To Firm In Places),1m,National Emblem (IRE),Shane Foley,0,Mrs J. Harrington,6th,1 1/4 l,3,9-8,89,True,55,37
Naas Racing Results | 21st May 2023 16:45,N/A,16:45,Good (Good To Firm In Places),1m,Sea Chariot,D. B. McMonagle,0,John Joseph Murphy,5th,1/2 l,3,9-0,81,True,55,37
Naas Racing Results | 21st May 2023 16:45,N/A,16:45,Good (Good To Firm In Places),1m,Mere Accountant (IRE),Ben Martin Coen,0,John Patrick Murtagh,4th,3/4 l,3,8-12,79,True,55,37
Naas Racing Results | 21st May 2023 16:45,N/A,16:45,Good (Good To Firm In Places),1m,Betterdaysrcoming (IRE),William James Lee,0,Andrew Oliver,3rd,1 3/4 l,3,9-8v,89,True,55,37
Naas Racing Results | 21st May 2023 16:45,N/A,16:45,Good (Good To Firm In Places),1m,Broadhurst (IRE),Ryan Moore,0,Aidan O'Brien,2nd,Head,3,9-12,93,True,55,37
Naas Racing Results | 21st May 2023 16:45,N/A,16:45,Good (Good To Firm In Places),1m,Fort Vega (FR),R. C. Colgan,0,Ms Sheila Lavery,1st,N/A,3,9-4,85,True,55,37
Naas Racing Results | 21st May 2023 16:45,N/A,16:45,Good (Good To Firm In Places),1m,Encosta (IRE),C. D. Hayes,0,Noel Meade,11th,2 3/4 l,3,8-13,80,True,55,37
Naas Racing Results | 21st May 2023 16:45,N/A,16:45,Good (Good To Firm In Places),1m,Amazing Show,C. T. Keane,0,G. M. Lyons,10th,Neck,3,9-9,90,True,55,37
Naas Racing Results | 21st May 2023 16:45,N/A,16:45,Good (Good To Firm In Places),1m,Long Count (IRE),R. P. Cleary,0,J. S. Bolger,9th,3/4 l,3,8-8,75,True,55,37
Naas Racing Results | 21st May 2023 16:45,N/A,16:45,Good (Good To Firm In Places),1m,Spirit Genie (IRE),M. W. Hassett,10,Mrs J. Harrington,8th,Neck,3,9-11t,92,True,55,37
Naas Racing Results | 21st May 2023 16:45,N/A,16:45,Good (Good To Firm In Places),1m,Kalikapour (IRE),R. P. Whelan,0,M. Halford & T. Collins,7th,2 1/4 l,3,9-9,90,True,55,37
Naas Racing Results | 21st May 2023 16:45,N/A,16:45,Good (Good To Firm In Places),1m,National Emblem (IRE),Shane Foley,0,Mrs J. Harrington,6th,1 1/4 l,3,9-8,89,True,55,37
Naas Racing Results | 21st May 2023 16:45,N/A,16:45,Good (Good To Firm In Places),1m,Sea Chariot,D. B. McMonagle,0,John Joseph Murphy,5th,1/2 l,3,9-0,81,True,55,37
Naas Racing Results | 21st May 2023 16:45,N/A,16:45,Good (Good To Firm In Places),1m,Mere Accountant (IRE),Ben Martin Coen,0,John Patrick Murtagh,4th,3/4 l,3,8-12,79,True,55,37
Naas Racing Results | 21st May 2023 16:45,N/A,16:45,Good (Good To Firm In Places),1m,Betterdaysrcoming (IRE),William James Lee,0,Andrew Oliver,3rd,1 3/4 l,3,9-8v,89,True,55,37
Naas Racing Results | 21st May 2023 16:45,N/A,16:45,Good (Good To Firm In Places),1m,Broadhurst (IRE),Ryan Moore,0,Aidan O'Brien,2nd,Head,3,9-12,93,True,55,37
Naas Racing Results | 21st May 2023 16:45,N/A,16:45,Good (Good To Firm In Places),1m,Fort Vega (FR),R. C. Colgan,0,Ms Sheila Lavery,1st,N/A,3,9-4,85,True,55,37
Naas Racing Results | 21st May 2023 17:15,N/A,17:15,Good (Good To Firm In Places),1m,Flaming Moon (IRE),Declan McDonogh,0,Matthew J. Smith,13th,3 3/4 l,6,9-13,83,True,55,38
Naas Racing Results | 21st May 2023 17:15,N/A,17:15,Good (Good To Firm In Places),1m,Comfort Line (IRE),Adam Caffrey,7,Adrian McGuinness,12th,5 l,6,9-10tp,80,True,55,38
Naas Racing Results | 21st May 2023 17:15,N/A,17:15,Good (Good To Firm In Places),1m,Ms Eagleton (IRE),C. D. Hayes,0,Miss Hilary McLoughlin,11th,2 1/2 l,5,9-2,72,True,55,38
Naas Racing Results | 21st May 2023 17:15,N/A,17:15,Good (Good To Firm In Places),1m,Laughifuwant (IRE),Seamie Heffernan,0,Gerard Keane,10th,1 1/4 l,8,9-13,83,True,55,38
Naas Racing Results | 21st May 2023 17:15,N/A,17:15,Good (Good To Firm In Places),1m,Belharra (ARG),William James Lee,0,W. McCreery,9th,1/2 l,5,9-13,83,True,55,38
Naas Racing Results | 21st May 2023 17:15,N/A,17:15,Good (Good To Firm In Places),1m,Redstone Well (IRE),M. A. Enright,0,Daniel William O'Sullivan,8th,3 1/4 l,4,9-10,80,True,55,38
Naas Racing Results | 21st May 2023 17:15,N/A,17:15,Good (Good To Firm In Places),1m,Plume Noire (IRE),J. M. Sheridan,3,B. Duffy,7th,1 1/4 l,5,9-10,80,True,55,38
Naas Racing Results | 21st May 2023 17:15,N/A,17:15,Good (Good To Firm In Places),1m,Rick Dalton (IRE),J. J. G. Ryan,7,G. M. Lyons,6th,1 3/4 l,5,9-6b1,76,True,55,38
Naas Racing Results | 21st May 2023 17:15,N/A,17:15,Good (Good To Firm In Places),1m,Red Heel (IRE),N. M. Crosse,0,W. McCreery,5th,1 1/4 l,6,9-12,82,True,55,38
Naas Racing Results | 21st May 2023 17:15,N/A,17:15,Good (Good To Firm In Places),1m,Facethepuckout (IRE),C. T. Keane,0,M. D. O'Callaghan,3rd,Short Head,7,9-7,77,True,55,38
Naas Racing Results | 21st May 2023 17:15,N/A,17:15,Good (Good To Firm In Places),1m,Independent Expert (IRE),A. J. Slattery,0,A. Slattery,3rd,Dead Heat,4,9-5,75,True,55,38
Naas Racing Results | 21st May 2023 17:15,N/A,17:15,Good (Good To Firm In Places),1m,Navagio (IRE),D. B. McMonagle,0,R. P. Cody,2nd,3/4 l,4,9-9t1,79,True,55,38
Naas Racing Results | 21st May 2023 17:15,N/A,17:15,Good (Good To Firm In Places),1m,Blues Emperor (IRE),Ben Martin Coen,0,John Patrick Murtagh,1st,N/A,4,10-0,84,True,55,38
Naas Racing Results | 21st May 2023 17:15,N/A,17:15,Good (Good To Firm In Places),1m,Flaming Moon (IRE),Declan McDonogh,0,Matthew J. Smith,13th,3 3/4 l,6,9-13,83,True,55,38
Naas Racing Results | 21st May 2023 17:15,N/A,17:15,Good (Good To Firm In Places),1m,Comfort Line (IRE),Adam Caffrey,7,Adrian McGuinness,12th,5 l,6,9-10tp,80,True,55,38
Naas Racing Results | 21st May 2023 17:15,N/A,17:15,Good (Good To Firm In Places),1m,Ms Eagleton (IRE),C. D. Hayes,0,Miss Hilary McLoughlin,11th,2 1/2 l,5,9-2,72,True,55,38
Naas Racing Results | 21st May 2023 17:15,N/A,17:15,Good (Good To Firm In Places),1m,Laughifuwant (IRE),Seamie Heffernan,0,Gerard Keane,10th,1 1/4 l,8,9-13,83,True,55,38
Naas Racing Results | 21st May 2023 17:15,N/A,17:15,Good (Good To Firm In Places),1m,Belharra (ARG),William James Lee,0,W. McCreery,9th,1/2 l,5,9-13,83,True,55,38
Naas Racing Results | 21st May 2023 17:15,N/A,17:15,Good (Good To Firm In Places),1m,Redstone Well (IRE),M. A. Enright,0,Daniel William O'Sullivan,8th,3 1/4 l,4,9-10,80,True,55,38
Naas Racing Results | 21st May 2023 17:15,N/A,17:15,Good (Good To Firm In Places),1m,Plume Noire (IRE),J. M. Sheridan,3,B. Duffy,7th,1 1/4 l,5,9-10,80,True,55,38
Naas Racing Results | 21st May 2023 17:15,N/A,17:15,Good (Good To Firm In Places),1m,Rick Dalton (IRE),J. J. G. Ryan,7,G. M. Lyons,6th,1 3/4 l,5,9-6b1,76,True,55,38
Naas Racing Results | 21st May 2023 17:15,N/A,17:15,Good (Good To Firm In Places),1m,Red Heel (IRE),N. M. Crosse,0,W. McCreery,5th,1 1/4 l,6,9-12,82,True,55,38
Naas Racing Results | 21st May 2023 17:15,N/A,17:15,Good (Good To Firm In Places),1m,Facethepuckout (IRE),C. T. Keane,0,M. D. O'Callaghan,3rd,Short Head,7,9-7,77,True,55,38
Naas Racing Results | 21st May 2023 17:15,N/A,17:15,Good (Good To Firm In Places),1m,Independent Expert (IRE),A. J. Slattery,0,A. Slattery,3rd,Dead Heat,4,9-5,75,True,55,38
Naas Racing Results | 21st May 2023 17:15,N/A,17:15,Good (Good To Firm In Places),1m,Navagio (IRE),D. B. McMonagle,0,R. P. Cody,2nd,3/4 l,4,9-9t1,79,True,55,38
Naas Racing Results | 21st May 2023 17:15,N/A,17:15,Good (Good To Firm In Places),1m,Blues Emperor (IRE),Ben Martin Coen,0,John Patrick Murtagh,1st,N/A,4,10-0,84,True,55,38
Roscommon Racing Results | 22nd May 2023 16:55,N/A,16:55,Good To Yielding (Yielding In Back Straight),7f 100y,Capallcliste (IRE),Ben Martin Coen,0,Adrian Murray,11th,28 l,3,9-8,-,True,55,39
Roscommon Racing Results | 22nd May 2023 16:55,N/A,16:55,Good To Yielding (Yielding In Back Straight),7f 100y,So Messi (IRE),D. B. McMonagle,0,Patrick Martin,10th,2 1/4 l,3,9-12t,-,True,55,39
Roscommon Racing Results | 22nd May 2023 16:55,N/A,16:55,Good To Yielding (Yielding In Back Straight),7f 100y,Kinda Tiny (IRE),R. P. Whelan,0,Timothy Doyle,9th,1 1/4 l,3,9-3,-,True,55,39
Roscommon Racing Results | 22nd May 2023 16:55,N/A,16:55,Good To Yielding (Yielding In Back Straight),7f 100y,L'immortale (IRE),William James Lee,0,M. C. Grassick,8th,1 1/2 l,3,9-10,-,True,55,39
Roscommon Racing Results | 22nd May 2023 16:55,N/A,16:55,Good To Yielding (Yielding In Back Straight),7f 100y,Burvea (IRE),Seamie Heffernan,0,D. Broad,7th,1 1/4 l,3,9-3,-,True,55,39
Roscommon Racing Results | 22nd May 2023 16:55,N/A,16:55,Good To Yielding (Yielding In Back Straight),7f 100y,Master Garvey (IRE),R. C. Colgan,0,Joseph Anthony Murray,6th,1/2 l,3,9-8,-,True,55,39
Roscommon Racing Results | 22nd May 2023 16:55,N/A,16:55,Good To Yielding (Yielding In Back Straight),7f 100y,Tasmanian Girl (IRE),J. J. G. Ryan,7,M. C. Grassick,5th,1/2 l,3,8-13b,-,True,55,39
Roscommon Racing Results | 22nd May 2023 16:55,N/A,16:55,Good To Yielding (Yielding In Back Straight),7f 100y,Lightupthesky (IRE),C. D. Hayes,0,Kevin Prendergast,4th,1/2 l,3,8-13,-,True,55,39
Roscommon Racing Results | 22nd May 2023 16:55,N/A,16:55,Good To Yielding (Yielding In Back Straight),7f 100y,Western Cape (IRE),J. M. Sheridan,3,Denis Hogan,3rd,5 l,3,9-12tp1,-,True,55,39
Roscommon Racing Results | 22nd May 2023 16:55,N/A,16:55,Good To Yielding (Yielding In Back Straight),7f 100y,One For Mum (IRE),C. T. Keane,0,G. M. Lyons,2nd,Head,3,9-5h,-,True,55,39
Roscommon Racing Results | 22nd May 2023 16:55,N/A,16:55,Good To Yielding (Yielding In Back Straight),7f 100y,Zero Fighter (IRE),Adam Caffrey,7,Noel Meade,1st,N/A,3,9-10,-,True,55,39
Roscommon Racing Results | 22nd May 2023 16:55,N/A,16:55,Good To Yielding (Yielding In Back Straight),7f 100y,Capallcliste (IRE),Ben Martin Coen,0,Adrian Murray,11th,28 l,3,9-8,-,True,55,39
Roscommon Racing Results | 22nd May 2023 16:55,N/A,16:55,Good To Yielding (Yielding In Back Straight),7f 100y,So Messi (IRE),D. B. McMonagle,0,Patrick Martin,10th,2 1/4 l,3,9-12t,-,True,55,39
Roscommon Racing Results | 22nd May 2023 16:55,N/A,16:55,Good To Yielding (Yielding In Back Straight),7f 100y,Kinda Tiny (IRE),R. P. Whelan,0,Timothy Doyle,9th,1 1/4 l,3,9-3,-,True,55,39
Roscommon Racing Results | 22nd May 2023 16:55,N/A,16:55,Good To Yielding (Yielding In Back Straight),7f 100y,L'immortale (IRE),William James Lee,0,M. C. Grassick,8th,1 1/2 l,3,9-10,-,True,55,39
Roscommon Racing Results | 22nd May 2023 16:55,N/A,16:55,Good To Yielding (Yielding In Back Straight),7f 100y,Burvea (IRE),Seamie Heffernan,0,D. Broad,7th,1 1/4 l,3,9-3,-,True,55,39
Roscommon Racing Results | 22nd May 2023 16:55,N/A,16:55,Good To Yielding (Yielding In Back Straight),7f 100y,Master Garvey (IRE),R. C. Colgan,0,Joseph Anthony Murray,6th,1/2 l,3,9-8,-,True,55,39
Roscommon Racing Results | 22nd May 2023 16:55,N/A,16:55,Good To Yielding (Yielding In Back Straight),7f 100y,Tasmanian Girl (IRE),J. J. G. Ryan,7,M. C. Grassick,5th,1/2 l,3,8-13b,-,True,55,39
Roscommon Racing Results | 22nd May 2023 16:55,N/A,16:55,Good To Yielding (Yielding In Back Straight),7f 100y,Lightupthesky (IRE),C. D. Hayes,0,Kevin Prendergast,4th,1/2 l,3,8-13,-,True,55,39
Roscommon Racing Results | 22nd May 2023 16:55,N/A,16:55,Good To Yielding (Yielding In Back Straight),7f 100y,Western Cape (IRE),J. M. Sheridan,3,Denis Hogan,3rd,5 l,3,9-12tp1,-,True,55,39
Roscommon Racing Results | 22nd May 2023 16:55,N/A,16:55,Good To Yielding (Yielding In Back Straight),7f 100y,One For Mum (IRE),C. T. Keane,0,G. M. Lyons,2nd,Head,3,9-5h,-,True,55,39
Roscommon Racing Results | 22nd May 2023 16:55,N/A,16:55,Good To Yielding (Yielding In Back Straight),7f 100y,Zero Fighter (IRE),Adam Caffrey,7,Noel Meade,1st,N/A,3,9-10,-,True,55,39
Roscommon Racing Results | 22nd May 2023 17:25,N/A,17:25,Good To Yielding (Yielding In Back Straight),7f 100y,Hasshoffman,Declan McDonogh,0,Joseph Patrick O'Brien,13th,1 1/4 l,2,9-5,-,True,55,40
Roscommon Racing Results | 22nd May 2023 17:25,N/A,17:25,Good To Yielding (Yielding In Back Straight),7f 100y,Heliogabalus (IRE),Shane Foley,0,Mrs J. Harrington,12th,2 l,2,9-9,-,True,55,40
Roscommon Racing Results | 22nd May 2023 17:25,N/A,17:25,Good To Yielding (Yielding In Back Straight),7f 100y,Lough Lannagh (IRE),Mpumelelo Mjoka,3,Kevin Thomas Coleman,11th,2 1/2 l,2,9-0,-,True,55,40
Roscommon Racing Results | 22nd May 2023 17:25,N/A,17:25,Good To Yielding (Yielding In Back Straight),7f 100y,Rock 'N' Roll Kid (IRE),R. P. Whelan,0,John S. O'Donoghue,10th,1 3/4 l,2,9-3,-,True,55,40
Roscommon Racing Results | 22nd May 2023 17:25,N/A,17:25,Good To Yielding (Yielding In Back Straight),7f 100y,Necessitate (GER),P. A. Harnett,7,Donnacha Aidan O'Brien,9th,5 l,2,9-7,-,True,55,40
Roscommon Racing Results | 22nd May 2023 17:25,N/A,17:25,Good To Yielding (Yielding In Back Straight),7f 100y,Expecto (IRE),R. P. Cleary,0,J. S. Bolger,8th,Head,2,8-8,-,True,55,40
Roscommon Racing Results | 22nd May 2023 17:25,N/A,17:25,Good To Yielding (Yielding In Back Straight),7f 100y,Pomeriggio (IRE),N. M. Crosse,0,Mrs J. Harrington,7th,3/4 l,2,9-0,-,True,55,40
Roscommon Racing Results | 22nd May 2023 17:25,N/A,17:25,Good To Yielding (Yielding In Back Straight),7f 100y,Jaadil (IRE),G. F. Carroll,0,G. M. Lyons,6th,1 3/4 l,2,8-12,-,True,55,40
Roscommon Racing Results | 22nd May 2023 17:25,N/A,17:25,Good To Yielding (Yielding In Back Straight),7f 100y,Lia Fail (IRE),C. D. Hayes,0,Michael Mulvany,5th,Head,2,8-8,-,True,55,40
Roscommon Racing Results | 22nd May 2023 17:25,N/A,17:25,Good To Yielding (Yielding In Back Straight),7f 100y,Elliptical (IRE),M. P. Sheehy,0,Joseph Patrick O'Brien,4th,3/4 l,2,9-1,-,True,55,40
Roscommon Racing Results | 22nd May 2023 17:25,N/A,17:25,Good To Yielding (Yielding In Back Straight),7f 100y,High Morale,D. B. McMonagle,0,Joseph Patrick O'Brien,3rd,1 1/4 l,2,8-13,-,True,55,40
Roscommon Racing Results | 22nd May 2023 17:25,N/A,17:25,Good To Yielding (Yielding In Back Straight),7f 100y,Courageous Strike,William James Lee,0,Adrian Murray,2nd,2 1/2 l,2,9-5,-,True,55,40
Roscommon Racing Results | 22nd May 2023 17:25,N/A,17:25,Good To Yielding (Yielding In Back Straight),7f 100y,Port Louis (IRE),C. T. Keane,0,Noel Meade,1st,N/A,2,8-13,-,True,55,40
Roscommon Racing Results | 22nd May 2023 17:25,N/A,17:25,Good To Yielding (Yielding In Back Straight),7f 100y,Hasshoffman,Declan McDonogh,0,Joseph Patrick O'Brien,13th,1 1/4 l,2,9-5,-,True,55,40
Roscommon Racing Results | 22nd May 2023 17:25,N/A,17:25,Good To Yielding (Yielding In Back Straight),7f 100y,Heliogabalus (IRE),Shane Foley,0,Mrs J. Harrington,12th,2 l,2,9-9,-,True,55,40
Roscommon Racing Results | 22nd May 2023 17:25,N/A,17:25,Good To Yielding (Yielding In Back Straight),7f 100y,Lough Lannagh (IRE),Mpumelelo Mjoka,3,Kevin Thomas Coleman,11th,2 1/2 l,2,9-0,-,True,55,40
Roscommon Racing Results | 22nd May 2023 17:25,N/A,17:25,Good To Yielding (Yielding In Back Straight),7f 100y,Rock 'N' Roll Kid (IRE),R. P. Whelan,0,John S. O'Donoghue,10th,1 3/4 l,2,9-3,-,True,55,40
Roscommon Racing Results | 22nd May 2023 17:25,N/A,17:25,Good To Yielding (Yielding In Back Straight),7f 100y,Necessitate (GER),P. A. Harnett,7,Donnacha Aidan O'Brien,9th,5 l,2,9-7,-,True,55,40
Roscommon Racing Results | 22nd May 2023 17:25,N/A,17:25,Good To Yielding (Yielding In Back Straight),7f 100y,Expecto (IRE),R. P. Cleary,0,J. S. Bolger,8th,Head,2,8-8,-,True,55,40
Roscommon Racing Results | 22nd May 2023 17:25,N/A,17:25,Good To Yielding (Yielding In Back Straight),7f 100y,Pomeriggio (IRE),N. M. Crosse,0,Mrs J. Harrington,7th,3/4 l,2,9-0,-,True,55,40
Roscommon Racing Results | 22nd May 2023 17:25,N/A,17:25,Good To Yielding (Yielding In Back Straight),7f 100y,Jaadil (IRE),G. F. Carroll,0,G. M. Lyons,6th,1 3/4 l,2,8-12,-,True,55,40
Roscommon Racing Results | 22nd May 2023 17:25,N/A,17:25,Good To Yielding (Yielding In Back Straight),7f 100y,Lia Fail (IRE),C. D. Hayes,0,Michael Mulvany,5th,Head,2,8-8,-,True,55,40
Roscommon Racing Results | 22nd May 2023 17:25,N/A,17:25,Good To Yielding (Yielding In Back Straight),7f 100y,Elliptical (IRE),M. P. Sheehy,0,Joseph Patrick O'Brien,4th,3/4 l,2,9-1,-,True,55,40
Roscommon Racing Results | 22nd May 2023 17:25,N/A,17:25,Good To Yielding (Yielding In Back Straight),7f 100y,High Morale,D. B. McMonagle,0,Joseph Patrick O'Brien,3rd,1 1/4 l,2,8-13,-,True,55,40
Roscommon Racing Results | 22nd May 2023 17:25,N/A,17:25,Good To Yielding (Yielding In Back Straight),7f 100y,Courageous Strike,William James Lee,0,Adrian Murray,2nd,2 1/2 l,2,9-5,-,True,55,40
Roscommon Racing Results | 22nd May 2023 17:25,N/A,17:25,Good To Yielding (Yielding In Back Straight),7f 100y,Port Louis (IRE),C. T. Keane,0,Noel Meade,1st,N/A,2,8-13,-,True,55,40
Roscommon Racing Results | 22nd May 2023 17:55,N/A,17:55,Good To Yielding (Yielding In Back Straight),7f 100y,Buachaill or (IRE),L. T. McAteer,0,Paul W. Flynn,15th,7 l,6,8-12,47,True,55,41
Roscommon Racing Results | 22nd May 2023 17:55,N/A,17:55,Good To Yielding (Yielding In Back Straight),7f 100y,General Idea,S. D. Bowen,7,Denis Hogan,14th,1 1/4 l,4,9-11tb1,60,True,55,41
Roscommon Racing Results | 22nd May 2023 17:55,N/A,17:55,Good To Yielding (Yielding In Back Straight),7f 100y,Ginsburg (IRE),D. E. Sheehy,0,P. Mulligan,13th,5 1/2 l,5,9-11p,60,True,55,41
Roscommon Racing Results | 22nd May 2023 17:55,N/A,17:55,Good To Yielding (Yielding In Back Straight),7f 100y,Brown Eagle (IRE),S. McCullagh,0,M. C. Grassick,12th,1 1/2 l,4,10-1b,64,True,55,41
Roscommon Racing Results | 22nd May 2023 17:55,N/A,17:55,Good To Yielding (Yielding In Back Straight),7f 100y,Tall Story (IRE),J. Coen,2,Ross O'Sullivan,11th,2 l,5,9-10v1,59,True,55,41
Roscommon Racing Results | 22nd May 2023 17:55,N/A,17:55,Good To Yielding (Yielding In Back Straight),7f 100y,Sunset Nova (IRE),Amy Jo Hayes,7,A. Slattery,10th,Short Head,7,9-11v,60,True,55,41
Roscommon Racing Results | 22nd May 2023 17:55,N/A,17:55,Good To Yielding (Yielding In Back Straight),7f 100y,Sadiqaa (IRE),Adam Caffrey,4,H. D. McGuigan,9th,1 l,5,8-12p,47,True,55,41
Roscommon Racing Results | 22nd May 2023 17:55,N/A,17:55,Good To Yielding (Yielding In Back Straight),7f 100y,Cherry Bloom (IRE),P. A. Harnett,4,Gillian Scott,8th,1/2 l,4,9-1,50,True,55,41
Roscommon Racing Results | 22nd May 2023 17:55,N/A,17:55,Good To Yielding (Yielding In Back Straight),7f 100y,It Might Be You (IRE),R. Whearty,4,Thomas Coyle,7th,3/4 l,4,8-12p1,47,True,55,41
Roscommon Racing Results | 22nd May 2023 17:55,N/A,17:55,Good To Yielding (Yielding In Back Straight),7f 100y,Deuteronomy (IRE),J. A. Powell,2,R. P. Burns,6th,Head,4,9-2,51,True,55,41
Roscommon Racing Results | 22nd May 2023 17:55,N/A,17:55,Good To Yielding (Yielding In Back Straight),7f 100y,Patrick Street,J. J. G. Ryan,4,Patrick Martin,5th,4 1/2 l,4,9-10tv1,59,True,55,41
Roscommon Racing Results | 22nd May 2023 17:55,N/A,17:55,Good To Yielding (Yielding In Back Straight),7f 100y,Golden Days (IRE),C. J. MacRedmond,0,M. Halford & T. Collins,4th,Nose,6,8-13,48,True,55,41
Roscommon Racing Results | 22nd May 2023 17:55,N/A,17:55,Good To Yielding (Yielding In Back Straight),7f 100y,Together Aclaim,Cillian McConnell,7,John McConnell,3rd,Neck,4,9-5t,54,True,55,41
Roscommon Racing Results | 22nd May 2023 17:55,N/A,17:55,Good To Yielding (Yielding In Back Straight),7f 100y,Barnhill Rose,J. M. Sheridan,0,Denis Hogan,2nd,1/2 l,5,9-6p,55,True,55,41
Roscommon Racing Results | 22nd May 2023 17:55,N/A,17:55,Good To Yielding (Yielding In Back Straight),7f 100y,Swiss Army Officer (IRE),C. Stone-Walsh,7,Kevin Thomas Coleman,1st,N/A,8,8-12,47,True,55,41
Roscommon Racing Results | 22nd May 2023 17:55,N/A,17:55,Good To Yielding (Yielding In Back Straight),7f 100y,Buachaill or (IRE),L. T. McAteer,0,Paul W. Flynn,15th,7 l,6,8-12,47,True,55,41
Roscommon Racing Results | 22nd May 2023 17:55,N/A,17:55,Good To Yielding (Yielding In Back Straight),7f 100y,General Idea,S. D. Bowen,7,Denis Hogan,14th,1 1/4 l,4,9-11tb1,60,True,55,41
Roscommon Racing Results | 22nd May 2023 17:55,N/A,17:55,Good To Yielding (Yielding In Back Straight),7f 100y,Ginsburg (IRE),D. E. Sheehy,0,P. Mulligan,13th,5 1/2 l,5,9-11p,60,True,55,41
Roscommon Racing Results | 22nd May 2023 17:55,N/A,17:55,Good To Yielding (Yielding In Back Straight),7f 100y,Brown Eagle (IRE),S. McCullagh,0,M. C. Grassick,12th,1 1/2 l,4,10-1b,64,True,55,41
Roscommon Racing Results | 22nd May 2023 17:55,N/A,17:55,Good To Yielding (Yielding In Back Straight),7f 100y,Tall Story (IRE),J. Coen,2,Ross O'Sullivan,11th,2 l,5,9-10v1,59,True,55,41
Roscommon Racing Results | 22nd May 2023 17:55,N/A,17:55,Good To Yielding (Yielding In Back Straight),7f 100y,Sunset Nova (IRE),Amy Jo Hayes,7,A. Slattery,10th,Short Head,7,9-11v,60,True,55,41
Roscommon Racing Results | 22nd May 2023 17:55,N/A,17:55,Good To Yielding (Yielding In Back Straight),7f 100y,Sadiqaa (IRE),Adam Caffrey,4,H. D. McGuigan,9th,1 l,5,8-12p,47,True,55,41
Roscommon Racing Results | 22nd May 2023 17:55,N/A,17:55,Good To Yielding (Yielding In Back Straight),7f 100y,Cherry Bloom (IRE),P. A. Harnett,4,Gillian Scott,8th,1/2 l,4,9-1,50,True,55,41
Roscommon Racing Results | 22nd May 2023 17:55,N/A,17:55,Good To Yielding (Yielding In Back Straight),7f 100y,It Might Be You (IRE),R. Whearty,4,Thomas Coyle,7th,3/4 l,4,8-12p1,47,True,55,41
Roscommon Racing Results | 22nd May 2023 17:55,N/A,17:55,Good To Yielding (Yielding In Back Straight),7f 100y,Deuteronomy (IRE),J. A. Powell,2,R. P. Burns,6th,Head,4,9-2,51,True,55,41
Roscommon Racing Results | 22nd May 2023 17:55,N/A,17:55,Good To Yielding (Yielding In Back Straight),7f 100y,Patrick Street,J. J. G. Ryan,4,Patrick Martin,5th,4 1/2 l,4,9-10tv1,59,True,55,41
Roscommon Racing Results | 22nd May 2023 17:55,N/A,17:55,Good To Yielding (Yielding In Back Straight),7f 100y,Golden Days (IRE),C. J. MacRedmond,0,M. Halford & T. Collins,4th,Nose,6,8-13,48,True,55,41
Roscommon Racing Results | 22nd May 2023 17:55,N/A,17:55,Good To Yielding (Yielding In Back Straight),7f 100y,Together Aclaim,Cillian McConnell,7,John McConnell,3rd,Neck,4,9-5t,54,True,55,41
Roscommon Racing Results | 22nd May 2023 17:55,N/A,17:55,Good To Yielding (Yielding In Back Straight),7f 100y,Barnhill Rose,J. M. Sheridan,0,Denis Hogan,2nd,1/2 l,5,9-6p,55,True,55,41
Roscommon Racing Results | 22nd May 2023 17:55,N/A,17:55,Good To Yielding (Yielding In Back Straight),7f 100y,Swiss Army Officer (IRE),C. Stone-Walsh,7,Kevin Thomas Coleman,1st,N/A,8,8-12,47,True,55,41
Roscommon Racing Results | 22nd May 2023 18:25,N/A,18:25,Good To Yielding (Yielding In Back Straight),7f 100y,Akaabir (IRE),J. M. Sheridan,0,Denis Hogan,15th,8 1/2 l,4,10-0,62,True,55,42
Roscommon Racing Results | 22nd May 2023 18:25,N/A,18:25,Good To Yielding (Yielding In Back Straight),7f 100y,Leclerc,C. J. MacRedmond,0,Adrian McGuinness,14th,1/2 l,5,9-5,53,True,55,42
Roscommon Racing Results | 22nd May 2023 18:25,N/A,18:25,Good To Yielding (Yielding In Back Straight),7f 100y,Pallasmore Lass (IRE),L. T. McAteer,0,Paul W. Flynn,13th,2 l,5,9-0tb,48,True,55,42
Roscommon Racing Results | 22nd May 2023 18:25,N/A,18:25,Good To Yielding (Yielding In Back Straight),7f 100y,Kratos,Siobhan Rutledge,0,John McConnell,12th,Head,5,9-13,61,True,55,42
Roscommon Racing Results | 22nd May 2023 18:25,N/A,18:25,Good To Yielding (Yielding In Back Straight),7f 100y,Airgead (IRE),C. Horgan,7,Mrs Prunella Dobbs,11th,Neck,7,8-13,47,True,55,42
Roscommon Racing Results | 22nd May 2023 18:25,N/A,18:25,Good To Yielding (Yielding In Back Straight),7f 100y,Maestro Stick,Jack Cleary,7,Keith Henry Clarke,10th,3 l,6,8-13t,47,True,55,42
Roscommon Racing Results | 22nd May 2023 18:25,N/A,18:25,Good To Yielding (Yielding In Back Straight),7f 100y,Derrinlaur Spender (IRE),J. A. Powell,2,Eoin Christopher McCarthy,9th,Neck,4,9-1,49,True,55,42
Roscommon Racing Results | 22nd May 2023 18:25,N/A,18:25,Good To Yielding (Yielding In Back Straight),7f 100y,Blue Wood (IRE),A. C. Persse,4,Mark Cahill,8th,1/2 l,7,9-4,52,True,55,42
Roscommon Racing Results | 22nd May 2023 18:25,N/A,18:25,Good To Yielding (Yielding In Back Straight),7f 100y,Thunder Canyon (IRE),J. Coen,2,Luke Comer,7th,1/2 l,5,9-7ht1,55,True,55,42
Roscommon Racing Results | 22nd May 2023 18:25,N/A,18:25,Good To Yielding (Yielding In Back Straight),7f 100y,Sin E Shekells,S. D. Bowen,7,J. G. Murray,6th,2 1/2 l,6,8-13p,47,True,55,42
Roscommon Racing Results | 22nd May 2023 18:25,N/A,18:25,Good To Yielding (Yielding In Back Straight),7f 100y,Singe Anglais (IRE),Adam Caffrey,4,H. D. McGuigan,5th,1/2 l,6,9-7v,55,True,55,42
Roscommon Racing Results | 22nd May 2023 18:25,N/A,18:25,Good To Yielding (Yielding In Back Straight),7f 100y,Designer Cailin (IRE),J. J. G. Ryan,4,Patrick Martin,4th,1 3/4 l,5,9-0,48,True,55,42
Roscommon Racing Results | 22nd May 2023 18:25,N/A,18:25,Good To Yielding (Yielding In Back Straight),7f 100y,Manhattan Dandy (IRE),R. Whearty,4,Thomas Coyle,3rd,Short Head,6,8-13,47,True,55,42
Roscommon Racing Results | 22nd May 2023 18:25,N/A,18:25,Good To Yielding (Yielding In Back Straight),7f 100y,Atbay (IRE),S. McCullagh,0,Mark Fahey,2nd,2 1/2 l,4,9-7,55,True,55,42
Roscommon Racing Results | 22nd May 2023 18:25,N/A,18:25,Good To Yielding (Yielding In Back Straight),7f 100y,Blue Peak (IRE),D. E. Sheehy,0,M. C. Grassick,1st,N/A,4,8-13p,47,True,55,42
Roscommon Racing Results | 22nd May 2023 18:25,N/A,18:25,Good To Yielding (Yielding In Back Straight),7f 100y,Akaabir (IRE),J. M. Sheridan,0,Denis Hogan,15th,8 1/2 l,4,10-0,62,True,55,42
Roscommon Racing Results | 22nd May 2023 18:25,N/A,18:25,Good To Yielding (Yielding In Back Straight),7f 100y,Leclerc,C. J. MacRedmond,0,Adrian McGuinness,14th,1/2 l,5,9-5,53,True,55,42
Roscommon Racing Results | 22nd May 2023 18:25,N/A,18:25,Good To Yielding (Yielding In Back Straight),7f 100y,Pallasmore Lass (IRE),L. T. McAteer,0,Paul W. Flynn,13th,2 l,5,9-0tb,48,True,55,42
Roscommon Racing Results | 22nd May 2023 18:25,N/A,18:25,Good To Yielding (Yielding In Back Straight),7f 100y,Kratos,Siobhan Rutledge,0,John McConnell,12th,Head,5,9-13,61,True,55,42
Roscommon Racing Results | 22nd May 2023 18:25,N/A,18:25,Good To Yielding (Yielding In Back Straight),7f 100y,Airgead (IRE),C. Horgan,7,Mrs Prunella Dobbs,11th,Neck,7,8-13,47,True,55,42
Roscommon Racing Results | 22nd May 2023 18:25,N/A,18:25,Good To Yielding (Yielding In Back Straight),7f 100y,Maestro Stick,Jack Cleary,7,Keith Henry Clarke,10th,3 l,6,8-13t,47,True,55,42
Roscommon Racing Results | 22nd May 2023 18:25,N/A,18:25,Good To Yielding (Yielding In Back Straight),7f 100y,Derrinlaur Spender (IRE),J. A. Powell,2,Eoin Christopher McCarthy,9th,Neck,4,9-1,49,True,55,42
Roscommon Racing Results | 22nd May 2023 18:25,N/A,18:25,Good To Yielding (Yielding In Back Straight),7f 100y,Blue Wood (IRE),A. C. Persse,4,Mark Cahill,8th,1/2 l,7,9-4,52,True,55,42
Roscommon Racing Results | 22nd May 2023 18:25,N/A,18:25,Good To Yielding (Yielding In Back Straight),7f 100y,Thunder Canyon (IRE),J. Coen,2,Luke Comer,7th,1/2 l,5,9-7ht1,55,True,55,42
Roscommon Racing Results | 22nd May 2023 18:25,N/A,18:25,Good To Yielding (Yielding In Back Straight),7f 100y,Sin E Shekells,S. D. Bowen,7,J. G. Murray,6th,2 1/2 l,6,8-13p,47,True,55,42
Roscommon Racing Results | 22nd May 2023 18:25,N/A,18:25,Good To Yielding (Yielding In Back Straight),7f 100y,Singe Anglais (IRE),Adam Caffrey,4,H. D. McGuigan,5th,1/2 l,6,9-7v,55,True,55,42
Roscommon Racing Results | 22nd May 2023 18:25,N/A,18:25,Good To Yielding (Yielding In Back Straight),7f 100y,Designer Cailin (IRE),J. J. G. Ryan,4,Patrick Martin,4th,1 3/4 l,5,9-0,48,True,55,42
Roscommon Racing Results | 22nd May 2023 18:25,N/A,18:25,Good To Yielding (Yielding In Back Straight),7f 100y,Manhattan Dandy (IRE),R. Whearty,4,Thomas Coyle,3rd,Short Head,6,8-13,47,True,55,42
Roscommon Racing Results | 22nd May 2023 18:25,N/A,18:25,Good To Yielding (Yielding In Back Straight),7f 100y,Atbay (IRE),S. McCullagh,0,Mark Fahey,2nd,2 1/2 l,4,9-7,55,True,55,42
Roscommon Racing Results | 22nd May 2023 18:25,N/A,18:25,Good To Yielding (Yielding In Back Straight),7f 100y,Blue Peak (IRE),D. E. Sheehy,0,M. C. Grassick,1st,N/A,4,8-13p,47,True,55,42
Roscommon Racing Results | 22nd May 2023 18:55,N/A,18:55,Good To Yielding (Yielding In Back Straight),1m 2f 66y,Lispendense (IRE),R. C. Colgan,0,Denis W. Cullen,14th,33 l,8,10-7,-,True,55,43
Roscommon Racing Results | 22nd May 2023 18:55,N/A,18:55,Good To Yielding (Yielding In Back Straight),1m 2f 66y,Federal Street (IRE),Seamie Heffernan,0,H. D. McGuigan,13th,6 1/2 l,4,10-7p,-,True,55,43
Roscommon Racing Results | 22nd May 2023 18:55,N/A,18:55,Good To Yielding (Yielding In Back Straight),1m 2f 66y,Famous Lane (IRE),R. P. Cleary,0,Thomas Cleary,12th,18 l,4,10-2,-,True,55,43
Roscommon Racing Results | 22nd May 2023 18:55,N/A,18:55,Good To Yielding (Yielding In Back Straight),1m 2f 66y,Parish Green (IRE),L. T. McAteer,3,J. S. Bolger,11th,7 l,3,9-7,-,True,55,43
Roscommon Racing Results | 22nd May 2023 18:55,N/A,18:55,Good To Yielding (Yielding In Back Straight),1m 2f 66y,Boston Bongo (IRE),S. Cleary-Farrell,10,Barry Fitzgerald,10th,5 l,4,10-7,-,True,55,43
Roscommon Racing Results | 22nd May 2023 18:55,N/A,18:55,Good To Yielding (Yielding In Back Straight),1m 2f 66y,Tasayad (IRE),D. N. Curran,7,Darren Bunyan,9th,1/2 l,5,10-7,-,True,55,43
Roscommon Racing Results | 22nd May 2023 18:55,N/A,18:55,Good To Yielding (Yielding In Back Straight),1m 2f 66y,Miss Mchenry (IRE),G. F. Carroll,0,G. M. Lyons,8th,3/4 l,3,9-2,-,True,55,43
Roscommon Racing Results | 22nd May 2023 18:55,N/A,18:55,Good To Yielding (Yielding In Back Straight),1m 2f 66y,Hutton Glen (IRE),C. T. Keane,0,G. M. Lyons,7th,2 l,3,9-7,-,True,55,43
Roscommon Racing Results | 22nd May 2023 18:55,N/A,18:55,Good To Yielding (Yielding In Back Straight),1m 2f 66y,Portunalia (USA),M. A. Enright,0,G. M. Lyons,6th,1 3/4 l,3,9-2,-,True,55,43
Roscommon Racing Results | 22nd May 2023 18:55,N/A,18:55,Good To Yielding (Yielding In Back Straight),1m 2f 66y,Galileo's Compass (IRE),Shane Foley,0,Mrs J. Harrington,5th,3/4 l,3,9-7,-,True,55,43
Roscommon Racing Results | 22nd May 2023 18:55,N/A,18:55,Good To Yielding (Yielding In Back Straight),1m 2f 66y,Gimmie Shelter (USA),D. B. McMonagle,0,Joseph Patrick O'Brien,4th,1/2 l,3,9-7t1,-,True,55,43
Roscommon Racing Results | 22nd May 2023 18:55,N/A,18:55,Good To Yielding (Yielding In Back Straight),1m 2f 66y,Ethical Diamond (IRE),William James Lee,0,Michael O'Meara,3rd,1 1/4 l,3,9-7,-,True,55,43
Roscommon Racing Results | 22nd May 2023 18:55,N/A,18:55,Good To Yielding (Yielding In Back Straight),1m 2f 66y,Astar (IRE),C. D. Hayes,0,D. K. Weld,2nd,1/2 l,3,9-2h1,-,True,55,43
Roscommon Racing Results | 22nd May 2023 18:55,N/A,18:55,Good To Yielding (Yielding In Back Straight),1m 2f 66y,Pearl Of Australia (IRE),L. F. Roche,0,Noel Meade,1st,N/A,3,9-7,-,True,55,43
Roscommon Racing Results | 22nd May 2023 18:55,N/A,18:55,Good To Yielding (Yielding In Back Straight),1m 2f 66y,Lispendense (IRE),R. C. Colgan,0,Denis W. Cullen,14th,33 l,8,10-7,-,True,55,43
Roscommon Racing Results | 22nd May 2023 18:55,N/A,18:55,Good To Yielding (Yielding In Back Straight),1m 2f 66y,Federal Street (IRE),Seamie Heffernan,0,H. D. McGuigan,13th,6 1/2 l,4,10-7p,-,True,55,43
Roscommon Racing Results | 22nd May 2023 18:55,N/A,18:55,Good To Yielding (Yielding In Back Straight),1m 2f 66y,Famous Lane (IRE),R. P. Cleary,0,Thomas Cleary,12th,18 l,4,10-2,-,True,55,43
Roscommon Racing Results | 22nd May 2023 18:55,N/A,18:55,Good To Yielding (Yielding In Back Straight),1m 2f 66y,Parish Green (IRE),L. T. McAteer,3,J. S. Bolger,11th,7 l,3,9-7,-,True,55,43
Roscommon Racing Results | 22nd May 2023 18:55,N/A,18:55,Good To Yielding (Yielding In Back Straight),1m 2f 66y,Boston Bongo (IRE),S. Cleary-Farrell,10,Barry Fitzgerald,10th,5 l,4,10-7,-,True,55,43
Roscommon Racing Results | 22nd May 2023 18:55,N/A,18:55,Good To Yielding (Yielding In Back Straight),1m 2f 66y,Tasayad (IRE),D. N. Curran,7,Darren Bunyan,9th,1/2 l,5,10-7,-,True,55,43
Roscommon Racing Results | 22nd May 2023 18:55,N/A,18:55,Good To Yielding (Yielding In Back Straight),1m 2f 66y,Miss Mchenry (IRE),G. F. Carroll,0,G. M. Lyons,8th,3/4 l,3,9-2,-,True,55,43
Roscommon Racing Results | 22nd May 2023 18:55,N/A,18:55,Good To Yielding (Yielding In Back Straight),1m 2f 66y,Hutton Glen (IRE),C. T. Keane,0,G. M. Lyons,7th,2 l,3,9-7,-,True,55,43
Roscommon Racing Results | 22nd May 2023 18:55,N/A,18:55,Good To Yielding (Yielding In Back Straight),1m 2f 66y,Portunalia (USA),M. A. Enright,0,G. M. Lyons,6th,1 3/4 l,3,9-2,-,True,55,43
Roscommon Racing Results | 22nd May 2023 18:55,N/A,18:55,Good To Yielding (Yielding In Back Straight),1m 2f 66y,Galileo's Compass (IRE),Shane Foley,0,Mrs J. Harrington,5th,3/4 l,3,9-7,-,True,55,43
Roscommon Racing Results | 22nd May 2023 18:55,N/A,18:55,Good To Yielding (Yielding In Back Straight),1m 2f 66y,Gimmie Shelter (USA),D. B. McMonagle,0,Joseph Patrick O'Brien,4th,1/2 l,3,9-7t1,-,True,55,43
Roscommon Racing Results | 22nd May 2023 18:55,N/A,18:55,Good To Yielding (Yielding In Back Straight),1m 2f 66y,Ethical Diamond (IRE),William James Lee,0,Michael O'Meara,3rd,1 1/4 l,3,9-7,-,True,55,43
Roscommon Racing Results | 22nd May 2023 18:55,N/A,18:55,Good To Yielding (Yielding In Back Straight),1m 2f 66y,Astar (IRE),C. D. Hayes,0,D. K. Weld,2nd,1/2 l,3,9-2h1,-,True,55,43
Roscommon Racing Results | 22nd May 2023 18:55,N/A,18:55,Good To Yielding (Yielding In Back Straight),1m 2f 66y,Pearl Of Australia (IRE),L. F. Roche,0,Noel Meade,1st,N/A,3,9-7,-,True,55,43
Roscommon Racing Results | 22nd May 2023 19:25,N/A,19:25,Good To Yielding (Yielding In Back Straight),1m 2f 66y,Butterfly Garden (IRE),D. N. Curran,7,Kevin Prendergast,9th,2 l,4,9-9,75,True,55,44
Roscommon Racing Results | 22nd May 2023 19:25,N/A,19:25,Good To Yielding (Yielding In Back Straight),1m 2f 66y,Narlita (GER),R. P. Whelan,0,Harry Rogers,8th,2 l,4,9-0h,66,True,55,44
Roscommon Racing Results | 22nd May 2023 19:25,N/A,19:25,Good To Yielding (Yielding In Back Straight),1m 2f 66y,Play It Again Zaam (IRE),Declan McDonogh,0,Joseph Patrick O'Brien,7th,Head,3,8-11,77,True,55,44
Roscommon Racing Results | 22nd May 2023 19:25,N/A,19:25,Good To Yielding (Yielding In Back Straight),1m 2f 66y,Stormy Jenn (IRE),R. Whearty,7,Peter Cluskey,6th,1 1/2 l,6,9-5,71,True,55,44
Roscommon Racing Results | 22nd May 2023 19:25,N/A,19:25,Good To Yielding (Yielding In Back Straight),1m 2f 66y,Atlantic Island (IRE),N. M. Crosse,0,Luke Comer,5th,Nose,4,9-2,68,True,55,44
Roscommon Racing Results | 22nd May 2023 19:25,N/A,19:25,Good To Yielding (Yielding In Back Straight),1m 2f 66y,Maralinga (IRE),G. M. Ryan,0,Timothy Doyle,4th,1 1/4 l,5,8-13,65,True,55,44
Roscommon Racing Results | 22nd May 2023 19:25,N/A,19:25,Good To Yielding (Yielding In Back Straight),1m 2f 66y,Dubawi Spectre,Shane Foley,0,Mrs J. Harrington,3rd,Head,3,8-13v1,79,True,55,44
Roscommon Racing Results | 22nd May 2023 19:25,N/A,19:25,Good To Yielding (Yielding In Back Straight),1m 2f 66y,Pralognan (FR),C. T. Keane,0,A. J. Martin,2nd,Neck,4,10-0t,80,True,55,44
Roscommon Racing Results | 22nd May 2023 19:25,N/A,19:25,Good To Yielding (Yielding In Back Straight),1m 2f 66y,Halla Ban (IRE),R. P. Cleary,0,J. S. Bolger,1st,N/A,3,8-7,73,True,55,44
Roscommon Racing Results | 22nd May 2023 19:25,N/A,19:25,Good To Yielding (Yielding In Back Straight),1m 2f 66y,Butterfly Garden (IRE),D. N. Curran,7,Kevin Prendergast,9th,2 l,4,9-9,75,True,55,44
Roscommon Racing Results | 22nd May 2023 19:25,N/A,19:25,Good To Yielding (Yielding In Back Straight),1m 2f 66y,Narlita (GER),R. P. Whelan,0,Harry Rogers,8th,2 l,4,9-0h,66,True,55,44
Roscommon Racing Results | 22nd May 2023 19:25,N/A,19:25,Good To Yielding (Yielding In Back Straight),1m 2f 66y,Play It Again Zaam (IRE),Declan McDonogh,0,Joseph Patrick O'Brien,7th,Head,3,8-11,77,True,55,44
Roscommon Racing Results | 22nd May 2023 19:25,N/A,19:25,Good To Yielding (Yielding In Back Straight),1m 2f 66y,Stormy Jenn (IRE),R. Whearty,7,Peter Cluskey,6th,1 1/2 l,6,9-5,71,True,55,44
Roscommon Racing Results | 22nd May 2023 19:25,N/A,19:25,Good To Yielding (Yielding In Back Straight),1m 2f 66y,Atlantic Island (IRE),N. M. Crosse,0,Luke Comer,5th,Nose,4,9-2,68,True,55,44
Roscommon Racing Results | 22nd May 2023 19:25,N/A,19:25,Good To Yielding (Yielding In Back Straight),1m 2f 66y,Maralinga (IRE),G. M. Ryan,0,Timothy Doyle,4th,1 1/4 l,5,8-13,65,True,55,44
Roscommon Racing Results | 22nd May 2023 19:25,N/A,19:25,Good To Yielding (Yielding In Back Straight),1m 2f 66y,Dubawi Spectre,Shane Foley,0,Mrs J. Harrington,3rd,Head,3,8-13v1,79,True,55,44
Roscommon Racing Results | 22nd May 2023 19:25,N/A,19:25,Good To Yielding (Yielding In Back Straight),1m 2f 66y,Pralognan (FR),C. T. Keane,0,A. J. Martin,2nd,Neck,4,10-0t,80,True,55,44
Roscommon Racing Results | 22nd May 2023 19:25,N/A,19:25,Good To Yielding (Yielding In Back Straight),1m 2f 66y,Halla Ban (IRE),R. P. Cleary,0,J. S. Bolger,1st,N/A,3,8-7,73,True,55,44
Roscommon Racing Results | 22nd May 2023 19:55,N/A,19:55,Good To Yielding (Yielding In Back Straight),1m 4f 10y,Stone Crafter (IRE),Declan McDonogh,0,E. J. O'Neill,16th,21 l,3,8-13,62,True,55,45
Roscommon Racing Results | 22nd May 2023 19:55,N/A,19:55,Good To Yielding (Yielding In Back Straight),1m 4f 10y,Allesnick (IRE),L. F. Roche,0,Eddie & Patrick Harty,15th,3 1/2 l,3,8-13tp,62,True,55,45
Roscommon Racing Results | 22nd May 2023 19:55,N/A,19:55,Good To Yielding (Yielding In Back Straight),1m 4f 10y,Baile Locha Riach (FR),S. B. Kelly,0,John Patrick Murtagh,14th,3/4 l,3,9-11,74,True,55,45
Roscommon Racing Results | 22nd May 2023 19:55,N/A,19:55,Good To Yielding (Yielding In Back Straight),1m 4f 10y,Turbo Sprint (IRE),Siobhan Rutledge,5,John McConnell,13th,1 1/4 l,3,8-13t,62,True,55,45
Roscommon Racing Results | 22nd May 2023 19:55,N/A,19:55,Good To Yielding (Yielding In Back Straight),1m 4f 10y,Blenheim Lad (IRE),William James Lee,0,Andrew Oliver,12th,2 3/4 l,3,9-4,67,True,55,45
Roscommon Racing Results | 22nd May 2023 19:55,N/A,19:55,Good To Yielding (Yielding In Back Straight),1m 4f 10y,Believe Me Now (IRE),A. J. Slattery,0,A. Slattery,11th,Nose,3,8-13,62,True,55,45
Roscommon Racing Results | 22nd May 2023 19:55,N/A,19:55,Good To Yielding (Yielding In Back Straight),1m 4f 10y,On the Money (IRE),R. P. Cleary,0,J. S. Bolger,10th,1 l,3,9-2,65,True,55,45
Roscommon Racing Results | 22nd May 2023 19:55,N/A,19:55,Good To Yielding (Yielding In Back Straight),1m 4f 10y,Macinamillion (IRE),N. M. Crosse,0,Gavin Patrick Cromwell,9th,1/2 l,3,8-8,57,True,55,45
Roscommon Racing Results | 22nd May 2023 19:55,N/A,19:55,Good To Yielding (Yielding In Back Straight),1m 4f 10y,Thats Jet (IRE),Shane Foley,0,Ross O'Sullivan,8th,2 l,3,8-10,59,True,55,45
Roscommon Racing Results | 22nd May 2023 19:55,N/A,19:55,Good To Yielding (Yielding In Back Straight),1m 4f 10y,Florida Taiga (IRE),C. D. Hayes,0,D. K. Weld,7th,1 3/4 l,3,9-3,66,True,55,45
Roscommon Racing Results | 22nd May 2023 19:55,N/A,19:55,Good To Yielding (Yielding In Back Straight),1m 4f 10y,Rauzan (IRE),R. P. Whelan,0,M. Halford & T. Collins,6th,1/2 l,3,9-10p1,73,True,55,45
Roscommon Racing Results | 22nd May 2023 19:55,N/A,19:55,Good To Yielding (Yielding In Back Straight),1m 4f 10y,Notturno (IRE),C. T. Keane,0,Noel Meade,5th,4 1/4 l,3,9-0b,63,True,55,45
Roscommon Racing Results | 22nd May 2023 19:55,N/A,19:55,Good To Yielding (Yielding In Back Straight),1m 4f 10y,Pinot Gris (IRE),G. F. Carroll,0,Gavin Patrick Cromwell,4th,3/4 l,3,8-13,62,True,55,45
Roscommon Racing Results | 22nd May 2023 19:55,N/A,19:55,Good To Yielding (Yielding In Back Straight),1m 4f 10y,Master Dunraven (IRE),Ben Martin Coen,0,John Patrick Murtagh,3rd,1 1/4 l,3,9-5,68,True,55,45
Roscommon Racing Results | 22nd May 2023 19:55,N/A,19:55,Good To Yielding (Yielding In Back Straight),1m 4f 10y,Grey Fable (IRE),R. C. Colgan,0,Ms Sheila Lavery,2nd,1 l,3,9-1,64,True,55,45
Roscommon Racing Results | 22nd May 2023 19:55,N/A,19:55,Good To Yielding (Yielding In Back Straight),1m 4f 10y,Whisky on the Hill,Adam Caffrey,7,Adrian McGuinness,1st,N/A,3,9-13,76,True,55,45
Roscommon Racing Results | 22nd May 2023 19:55,N/A,19:55,Good To Yielding (Yielding In Back Straight),1m 4f 10y,Stone Crafter (IRE),Declan McDonogh,0,E. J. O'Neill,16th,21 l,3,8-13,62,True,55,45
Roscommon Racing Results | 22nd May 2023 19:55,N/A,19:55,Good To Yielding (Yielding In Back Straight),1m 4f 10y,Allesnick (IRE),L. F. Roche,0,Eddie & Patrick Harty,15th,3 1/2 l,3,8-13tp,62,True,55,45
Roscommon Racing Results | 22nd May 2023 19:55,N/A,19:55,Good To Yielding (Yielding In Back Straight),1m 4f 10y,Baile Locha Riach (FR),S. B. Kelly,0,John Patrick Murtagh,14th,3/4 l,3,9-11,74,True,55,45
Roscommon Racing Results | 22nd May 2023 19:55,N/A,19:55,Good To Yielding (Yielding In Back Straight),1m 4f 10y,Turbo Sprint (IRE),Siobhan Rutledge,5,John McConnell,13th,1 1/4 l,3,8-13t,62,True,55,45
Roscommon Racing Results | 22nd May 2023 19:55,N/A,19:55,Good To Yielding (Yielding In Back Straight),1m 4f 10y,Blenheim Lad (IRE),William James Lee,0,Andrew Oliver,12th,2 3/4 l,3,9-4,67,True,55,45
Roscommon Racing Results | 22nd May 2023 19:55,N/A,19:55,Good To Yielding (Yielding In Back Straight),1m 4f 10y,Believe Me Now (IRE),A. J. Slattery,0,A. Slattery,11th,Nose,3,8-13,62,True,55,45
Roscommon Racing Results | 22nd May 2023 19:55,N/A,19:55,Good To Yielding (Yielding In Back Straight),1m 4f 10y,On the Money (IRE),R. P. Cleary,0,J. S. Bolger,10th,1 l,3,9-2,65,True,55,45
Roscommon Racing Results | 22nd May 2023 19:55,N/A,19:55,Good To Yielding (Yielding In Back Straight),1m 4f 10y,Macinamillion (IRE),N. M. Crosse,0,Gavin Patrick Cromwell,9th,1/2 l,3,8-8,57,True,55,45
Roscommon Racing Results | 22nd May 2023 19:55,N/A,19:55,Good To Yielding (Yielding In Back Straight),1m 4f 10y,Thats Jet (IRE),Shane Foley,0,Ross O'Sullivan,8th,2 l,3,8-10,59,True,55,45
Roscommon Racing Results | 22nd May 2023 19:55,N/A,19:55,Good To Yielding (Yielding In Back Straight),1m 4f 10y,Florida Taiga (IRE),C. D. Hayes,0,D. K. Weld,7th,1 3/4 l,3,9-3,66,True,55,45
Roscommon Racing Results | 22nd May 2023 19:55,N/A,19:55,Good To Yielding (Yielding In Back Straight),1m 4f 10y,Rauzan (IRE),R. P. Whelan,0,M. Halford & T. Collins,6th,1/2 l,3,9-10p1,73,True,55,45
Roscommon Racing Results | 22nd May 2023 19:55,N/A,19:55,Good To Yielding (Yielding In Back Straight),1m 4f 10y,Notturno (IRE),C. T. Keane,0,Noel Meade,5th,4 1/4 l,3,9-0b,63,True,55,45
Roscommon Racing Results | 22nd May 2023 19:55,N/A,19:55,Good To Yielding (Yielding In Back Straight),1m 4f 10y,Pinot Gris (IRE),G. F. Carroll,0,Gavin Patrick Cromwell,4th,3/4 l,3,8-13,62,True,55,45
Roscommon Racing Results | 22nd May 2023 19:55,N/A,19:55,Good To Yielding (Yielding In Back Straight),1m 4f 10y,Master Dunraven (IRE),Ben Martin Coen,0,John Patrick Murtagh,3rd,1 1/4 l,3,9-5,68,True,55,45
Roscommon Racing Results | 22nd May 2023 19:55,N/A,19:55,Good To Yielding (Yielding In Back Straight),1m 4f 10y,Grey Fable (IRE),R. C. Colgan,0,Ms Sheila Lavery,2nd,1 l,3,9-1,64,True,55,45
Roscommon Racing Results | 22nd May 2023 19:55,N/A,19:55,Good To Yielding (Yielding In Back Straight),1m 4f 10y,Whisky on the Hill,Adam Caffrey,7,Adrian McGuinness,1st,N/A,3,9-13,76,True,55,45
Roscommon Racing Results | 22nd May 2023 20:25,N/A,20:25,Good To Yielding (Yielding In Back Straight),1m 4f 10y,Jomont (FR),Seamie Heffernan,0,H. D. McGuigan,15th,12 l,6,8-11p,56,True,55,46
Roscommon Racing Results | 22nd May 2023 20:25,N/A,20:25,Good To Yielding (Yielding In Back Straight),1m 4f 10y,Girl Crush (IRE),G. M. Ryan,0,Garry Bernard Caldwell,14th,1 1/2 l,4,9-2v1,61,True,55,46
Roscommon Racing Results | 22nd May 2023 20:25,N/A,20:25,Good To Yielding (Yielding In Back Straight),1m 4f 10y,Wrecking Ball Paul (IRE),R. M. Mulligan,10,P. Mulligan,13th,1 1/2 l,5,9-12t,71,True,55,46
Roscommon Racing Results | 22nd May 2023 20:25,N/A,20:25,Good To Yielding (Yielding In Back Straight),1m 4f 10y,Boola Boola (IRE),N. M. Crosse,0,Mrs J. Harrington,12th,3 1/4 l,6,9-9p,68,True,55,46
Roscommon Racing Results | 22nd May 2023 20:25,N/A,20:25,Good To Yielding (Yielding In Back Straight),1m 4f 10y,Ebasari (IRE),L. F. Roche,0,Gordon Elliott,11th,13 l,5,9-9t,68,True,55,46
Roscommon Racing Results | 22nd May 2023 20:25,N/A,20:25,Good To Yielding (Yielding In Back Straight),1m 4f 10y,Hearts Are Trumps (IRE),Declan McDonogh,0,Desmond McDonogh,10th,1 1/4 l,10,9-12,71,True,55,46
Roscommon Racing Results | 22nd May 2023 20:25,N/A,20:25,Good To Yielding (Yielding In Back Straight),1m 4f 10y,Elzaamsan (IRE),R. P. Whelan,0,M. Halford & T. Collins,9th,Neck,5,9-8p,67,True,55,46
Roscommon Racing Results | 22nd May 2023 20:25,N/A,20:25,Good To Yielding (Yielding In Back Straight),1m 4f 10y,Magnetic North (IRE),Adam Caffrey,7,Adrian McGuinness,8th,2 1/2 l,8,9-12v,71,True,55,46
Roscommon Racing Results | 22nd May 2023 20:25,N/A,20:25,Good To Yielding (Yielding In Back Straight),1m 4f 10y,Five Zeros (IRE),Amy Jo Hayes,7,Nigel Slevin,7th,1 3/4 l,6,9-4,63,True,55,46
Roscommon Racing Results | 22nd May 2023 20:25,N/A,20:25,Good To Yielding (Yielding In Back Straight),1m 4f 10y,Agenda (GER),William James Lee,0,Mrs Lorna Fowler,6th,Short Head,6,9-9,68,True,55,46
Roscommon Racing Results | 22nd May 2023 20:25,N/A,20:25,Good To Yielding (Yielding In Back Straight),1m 4f 10y,Cafe Con Leche (IRE),G. P. Halpin,0,Charles Byrnes,5th,1 1/2 l,7,10-1,74,True,55,46
Roscommon Racing Results | 22nd May 2023 20:25,N/A,20:25,Good To Yielding (Yielding In Back Straight),1m 4f 10y,Scott Lang (IRE),C. T. Keane,0,Paul W. Flynn,4th,3/4 l,6,10-0p,73,True,55,46
Roscommon Racing Results | 22nd May 2023 20:25,N/A,20:25,Good To Yielding (Yielding In Back Straight),1m 4f 10y,Bigz Belief (IRE),D. B. McMonagle,0,Matthew J. Smith,3rd,1/2 l,6,8-12tb,57,True,55,46
Roscommon Racing Results | 22nd May 2023 20:25,N/A,20:25,Good To Yielding (Yielding In Back Straight),1m 4f 10y,Luminous Light,Shane Foley,0,Anthony McCann,2nd,3 1/4 l,4,10-2h,75,True,55,46
Roscommon Racing Results | 22nd May 2023 20:25,N/A,20:25,Good To Yielding (Yielding In Back Straight),1m 4f 10y,Sequoiaspirit (IRE),J. M. Sheridan,3,Ray Hackett,1st,N/A,6,9-8,67,True,55,46
Roscommon Racing Results | 22nd May 2023 20:25,N/A,20:25,Good To Yielding (Yielding In Back Straight),1m 4f 10y,Jomont (FR),Seamie Heffernan,0,H. D. McGuigan,15th,12 l,6,8-11p,56,True,55,46
Roscommon Racing Results | 22nd May 2023 20:25,N/A,20:25,Good To Yielding (Yielding In Back Straight),1m 4f 10y,Girl Crush (IRE),G. M. Ryan,0,Garry Bernard Caldwell,14th,1 1/2 l,4,9-2v1,61,True,55,46
Roscommon Racing Results | 22nd May 2023 20:25,N/A,20:25,Good To Yielding (Yielding In Back Straight),1m 4f 10y,Wrecking Ball Paul (IRE),R. M. Mulligan,10,P. Mulligan,13th,1 1/2 l,5,9-12t,71,True,55,46
Roscommon Racing Results | 22nd May 2023 20:25,N/A,20:25,Good To Yielding (Yielding In Back Straight),1m 4f 10y,Boola Boola (IRE),N. M. Crosse,0,Mrs J. Harrington,12th,3 1/4 l,6,9-9p,68,True,55,46
Roscommon Racing Results | 22nd May 2023 20:25,N/A,20:25,Good To Yielding (Yielding In Back Straight),1m 4f 10y,Ebasari (IRE),L. F. Roche,0,Gordon Elliott,11th,13 l,5,9-9t,68,True,55,46
Roscommon Racing Results | 22nd May 2023 20:25,N/A,20:25,Good To Yielding (Yielding In Back Straight),1m 4f 10y,Hearts Are Trumps (IRE),Declan McDonogh,0,Desmond McDonogh,10th,1 1/4 l,10,9-12,71,True,55,46
Roscommon Racing Results | 22nd May 2023 20:25,N/A,20:25,Good To Yielding (Yielding In Back Straight),1m 4f 10y,Elzaamsan (IRE),R. P. Whelan,0,M. Halford & T. Collins,9th,Neck,5,9-8p,67,True,55,46
Roscommon Racing Results | 22nd May 2023 20:25,N/A,20:25,Good To Yielding (Yielding In Back Straight),1m 4f 10y,Magnetic North (IRE),Adam Caffrey,7,Adrian McGuinness,8th,2 1/2 l,8,9-12v,71,True,55,46
Roscommon Racing Results | 22nd May 2023 20:25,N/A,20:25,Good To Yielding (Yielding In Back Straight),1m 4f 10y,Five Zeros (IRE),Amy Jo Hayes,7,Nigel Slevin,7th,1 3/4 l,6,9-4,63,True,55,46
Roscommon Racing Results | 22nd May 2023 20:25,N/A,20:25,Good To Yielding (Yielding In Back Straight),1m 4f 10y,Agenda (GER),William James Lee,0,Mrs Lorna Fowler,6th,Short Head,6,9-9,68,True,55,46
Roscommon Racing Results | 22nd May 2023 20:25,N/A,20:25,Good To Yielding (Yielding In Back Straight),1m 4f 10y,Cafe Con Leche (IRE),G. P. Halpin,0,Charles Byrnes,5th,1 1/2 l,7,10-1,74,True,55,46
Roscommon Racing Results | 22nd May 2023 20:25,N/A,20:25,Good To Yielding (Yielding In Back Straight),1m 4f 10y,Scott Lang (IRE),C. T. Keane,0,Paul W. Flynn,4th,3/4 l,6,10-0p,73,True,55,46
Roscommon Racing Results | 22nd May 2023 20:25,N/A,20:25,Good To Yielding (Yielding In Back Straight),1m 4f 10y,Bigz Belief (IRE),D. B. McMonagle,0,Matthew J. Smith,3rd,1/2 l,6,8-12tb,57,True,55,46
Roscommon Racing Results | 22nd May 2023 20:25,N/A,20:25,Good To Yielding (Yielding In Back Straight),1m 4f 10y,Luminous Light,Shane Foley,0,Anthony McCann,2nd,3 1/4 l,4,10-2h,75,True,55,46
Roscommon Racing Results | 22nd May 2023 20:25,N/A,20:25,Good To Yielding (Yielding In Back Straight),1m 4f 10y,Sequoiaspirit (IRE),J. M. Sheridan,3,Ray Hackett,1st,N/A,6,9-8,67,True,55,46
Punchestown Racing Results | 23rd May 2023 13:45,N/A,13:45,Good To Yielding,2m 3f 80y,Foreign Policy (IRE),Sean Flanagan,0,Noel Meade,PU,N/A,4,10-10,-,True,55,47
Punchestown Racing Results | 23rd May 2023 13:45,N/A,13:45,Good To Yielding,2m 3f 80y,Jimli's Cave (IRE),C. P. McNamara,0,R. K. Watson,12th,72 l,5,12-0,-,True,55,47
Punchestown Racing Results | 23rd May 2023 13:45,N/A,13:45,Good To Yielding,2m 3f 80y,Scipio Africanus,P. T. Smithers,7,W. M. Roper,11th,33 l,6,11-10p1,-,True,55,47
Punchestown Racing Results | 23rd May 2023 13:45,N/A,13:45,Good To Yielding,2m 3f 80y,Mornington Bay (IRE),S. D. Torrens,0,Mrs Sarah Dawson,10th,7 1/2 l,4,10-2,-,True,55,47
Punchestown Racing Results | 23rd May 2023 13:45,N/A,13:45,Good To Yielding,2m 3f 80y,No Trouble (IRE),K. E. Buckley,3,James McAuley,9th,22 l,7,11-8t,-,True,55,47
Punchestown Racing Results | 23rd May 2023 13:45,N/A,13:45,Good To Yielding,2m 3f 80y,Buzz Light (IRE),Shane O'Callaghan,7,Thomas Dowling,8th,7 l,6,10-6b1,-,True,55,47
Punchestown Racing Results | 23rd May 2023 13:45,N/A,13:45,Good To Yielding,2m 3f 80y,Commandingpresence (IRE),M. P. O'Connor,5,Andrew McNamara,7th,8 l,8,10-10,-,True,55,47
Punchestown Racing Results | 23rd May 2023 13:45,N/A,13:45,Good To Yielding,2m 3f 80y,The Bog Garden (IRE),C. Smithers,7,M. Hourigan,6th,1/2 l,5,11-0,-,True,55,47
Punchestown Racing Results | 23rd May 2023 13:45,N/A,13:45,Good To Yielding,2m 3f 80y,Benz (IRE),B. W. Harvey,5,Gordon Elliott,5th,2 l,5,12-0p,-,True,55,47
Punchestown Racing Results | 23rd May 2023 13:45,N/A,13:45,Good To Yielding,2m 3f 80y,Slige Dala (IRE),Phillip Enright,0,Patrick T. Foley,4th,4 l,8,11-6t,-,True,55,47
Punchestown Racing Results | 23rd May 2023 13:45,N/A,13:45,Good To Yielding,2m 3f 80y,Ballyquin Bay (IRE),Keith Donoghue,0,Gordon Elliott,3rd,12 l,5,11-4,-,True,55,47
Punchestown Racing Results | 23rd May 2023 13:45,N/A,13:45,Good To Yielding,2m 3f 80y,Fancy a Cosmo (IRE),Donagh Meyler,0,R. P. Cody,2nd,1/2 l,6,12-0t,-,True,55,47
Punchestown Racing Results | 23rd May 2023 13:45,N/A,13:45,Good To Yielding,2m 3f 80y,Bal De Rio (FR),D. King,5,Denis Hogan,1st,N/A,10,10-10,-,True,55,47
Punchestown Racing Results | 23rd May 2023 13:45,N/A,13:45,Good To Yielding,2m 3f 80y,Foreign Policy (IRE),Sean Flanagan,0,Noel Meade,PU,N/A,4,10-10,-,True,55,47
Punchestown Racing Results | 23rd May 2023 13:45,N/A,13:45,Good To Yielding,2m 3f 80y,Jimli's Cave (IRE),C. P. McNamara,0,R. K. Watson,12th,72 l,5,12-0,-,True,55,47
Punchestown Racing Results | 23rd May 2023 13:45,N/A,13:45,Good To Yielding,2m 3f 80y,Scipio Africanus,P. T. Smithers,7,W. M. Roper,11th,33 l,6,11-10p1,-,True,55,47
Punchestown Racing Results | 23rd May 2023 13:45,N/A,13:45,Good To Yielding,2m 3f 80y,Mornington Bay (IRE),S. D. Torrens,0,Mrs Sarah Dawson,10th,7 1/2 l,4,10-2,-,True,55,47
Punchestown Racing Results | 23rd May 2023 13:45,N/A,13:45,Good To Yielding,2m 3f 80y,No Trouble (IRE),K. E. Buckley,3,James McAuley,9th,22 l,7,11-8t,-,True,55,47
Punchestown Racing Results | 23rd May 2023 13:45,N/A,13:45,Good To Yielding,2m 3f 80y,Buzz Light (IRE),Shane O'Callaghan,7,Thomas Dowling,8th,7 l,6,10-6b1,-,True,55,47
Punchestown Racing Results | 23rd May 2023 13:45,N/A,13:45,Good To Yielding,2m 3f 80y,Commandingpresence (IRE),M. P. O'Connor,5,Andrew McNamara,7th,8 l,8,10-10,-,True,55,47
Punchestown Racing Results | 23rd May 2023 13:45,N/A,13:45,Good To Yielding,2m 3f 80y,The Bog Garden (IRE),C. Smithers,7,M. Hourigan,6th,1/2 l,5,11-0,-,True,55,47
Punchestown Racing Results | 23rd May 2023 13:45,N/A,13:45,Good To Yielding,2m 3f 80y,Benz (IRE),B. W. Harvey,5,Gordon Elliott,5th,2 l,5,12-0p,-,True,55,47
Punchestown Racing Results | 23rd May 2023 13:45,N/A,13:45,Good To Yielding,2m 3f 80y,Slige Dala (IRE),Phillip Enright,0,Patrick T. Foley,4th,4 l,8,11-6t,-,True,55,47
Punchestown Racing Results | 23rd May 2023 13:45,N/A,13:45,Good To Yielding,2m 3f 80y,Ballyquin Bay (IRE),Keith Donoghue,0,Gordon Elliott,3rd,12 l,5,11-4,-,True,55,47
Punchestown Racing Results | 23rd May 2023 13:45,N/A,13:45,Good To Yielding,2m 3f 80y,Fancy a Cosmo (IRE),Donagh Meyler,0,R. P. Cody,2nd,1/2 l,6,12-0t,-,True,55,47
Punchestown Racing Results | 23rd May 2023 13:45,N/A,13:45,Good To Yielding,2m 3f 80y,Bal De Rio (FR),D. King,5,Denis Hogan,1st,N/A,10,10-10,-,True,55,47
Punchestown Racing Results | 23rd May 2023 14:15,N/A,14:15,Good To Yielding,1m 7f 180y,Boher Road (IRE),Sean Flanagan,0,Jarlath P. Fahey,UR,N/A,4,11-7h,-,True,55,48
Punchestown Racing Results | 23rd May 2023 14:15,N/A,14:15,Good To Yielding,1m 7f 180y,Augeron (FR),D. J. O'Keeffe,0,F. Birrane,PU,N/A,4,11-7t1,-,True,55,48
Punchestown Racing Results | 23rd May 2023 14:15,N/A,14:15,Good To Yielding,1m 7f 180y,I Owe You One (IRE),P. Byrnes,5,Charles Byrnes,F,N/A,4,11-7,-,True,55,48
Punchestown Racing Results | 23rd May 2023 14:15,N/A,14:15,Good To Yielding,1m 7f 180y,Our Zebo (IRE),J. S. McGarvey,0,Noel C. Kelly,14th,96 l,4,11-7,-,True,55,48
Punchestown Racing Results | 23rd May 2023 14:15,N/A,14:15,Good To Yielding,1m 7f 180y,Gimmeago (IRE),G. B. Noonan,5,Ian O'Connor,13th,2 1/2 l,4,11-7,-,True,55,48
Punchestown Racing Results | 23rd May 2023 14:15,N/A,14:15,Good To Yielding,1m 7f 180y,Okarito River (IRE),B. P. Kennedy,7,F. Flood,12th,15 l,4,11-0,-,True,55,48
Punchestown Racing Results | 23rd May 2023 14:15,N/A,14:15,Good To Yielding,1m 7f 180y,Prince Quattro (IRE),C. Owens,7,P. J. Rothwell,11th,1/2 l,4,11-7,-,True,55,48
Punchestown Racing Results | 23rd May 2023 14:15,N/A,14:15,Good To Yielding,1m 7f 180y,Monarch of All (IRE),J. P. O'Sullivan,5,P. J. Rothwell,10th,1/2 l,4,11-7,-,True,55,48
Punchestown Racing Results | 23rd May 2023 14:15,N/A,14:15,Good To Yielding,1m 7f 180y,Joven De Corazon (IRE),Donagh Meyler,0,Paul Stafford,9th,12 l,4,11-0,-,True,55,48
Punchestown Racing Results | 23rd May 2023 14:15,N/A,14:15,Good To Yielding,1m 7f 180y,Pride Of Place (IRE),S. D. Torrens,0,M. Hourigan,8th,6 1/2 l,4,11-7,-,True,55,48
Punchestown Racing Results | 23rd May 2023 14:15,N/A,14:15,Good To Yielding,1m 7f 180y,Steps In The Sand (IRE),E. Walsh,5,John Joseph Hanlon,7th,15 l,4,11-0,-,True,55,48
Punchestown Racing Results | 23rd May 2023 14:15,N/A,14:15,Good To Yielding,1m 7f 180y,Ashdale Flyer (IRE),C. Smithers,7,Mrs J. Harrington,6th,4 3/4 l,4,11-0,-,True,55,48
Punchestown Racing Results | 23rd May 2023 14:15,N/A,14:15,Good To Yielding,1m 7f 180y,River Robe (IRE),A. M. McCurtin,0,Michael Flannery,5th,1 3/4 l,4,11-0h1,-,True,55,48
Punchestown Racing Results | 23rd May 2023 14:15,N/A,14:15,Good To Yielding,1m 7f 180y,Darraby,K. E. Buckley,3,Brendan Duke,4th,11 l,4,11-7t1,-,True,55,48
Punchestown Racing Results | 23rd May 2023 14:15,N/A,14:15,Good To Yielding,1m 7f 180y,Ta Na La (USA),Shane O'Callaghan,7,T. M. Walsh,3rd,6 l,4,11-0,-,True,55,48
Punchestown Racing Results | 23rd May 2023 14:15,N/A,14:15,Good To Yielding,1m 7f 180y,Mister Wilson (IRE),Keith Donoghue,0,Gavin Patrick Cromwell,2nd,3 l,4,11-7h,-,True,55,48
Punchestown Racing Results | 23rd May 2023 14:15,N/A,14:15,Good To Yielding,1m 7f 180y,Night Sparkle (IRE),D. E. Mullins,0,M. D. O'Callaghan,1st,N/A,4,11-0,-,True,55,48
Punchestown Racing Results | 23rd May 2023 14:15,N/A,14:15,Good To Yielding,1m 7f 180y,Boher Road (IRE),Sean Flanagan,0,Jarlath P. Fahey,UR,N/A,4,11-7h,-,True,55,48
Punchestown Racing Results | 23rd May 2023 14:15,N/A,14:15,Good To Yielding,1m 7f 180y,Augeron (FR),D. J. O'Keeffe,0,F. Birrane,PU,N/A,4,11-7t1,-,True,55,48
Punchestown Racing Results | 23rd May 2023 14:15,N/A,14:15,Good To Yielding,1m 7f 180y,I Owe You One (IRE),P. Byrnes,5,Charles Byrnes,F,N/A,4,11-7,-,True,55,48
Punchestown Racing Results | 23rd May 2023 14:15,N/A,14:15,Good To Yielding,1m 7f 180y,Our Zebo (IRE),J. S. McGarvey,0,Noel C. Kelly,14th,96 l,4,11-7,-,True,55,48
Punchestown Racing Results | 23rd May 2023 14:15,N/A,14:15,Good To Yielding,1m 7f 180y,Gimmeago (IRE),G. B. Noonan,5,Ian O'Connor,13th,2 1/2 l,4,11-7,-,True,55,48
Punchestown Racing Results | 23rd May 2023 14:15,N/A,14:15,Good To Yielding,1m 7f 180y,Okarito River (IRE),B. P. Kennedy,7,F. Flood,12th,15 l,4,11-0,-,True,55,48
Punchestown Racing Results | 23rd May 2023 14:15,N/A,14:15,Good To Yielding,1m 7f 180y,Prince Quattro (IRE),C. Owens,7,P. J. Rothwell,11th,1/2 l,4,11-7,-,True,55,48
Punchestown Racing Results | 23rd May 2023 14:15,N/A,14:15,Good To Yielding,1m 7f 180y,Monarch of All (IRE),J. P. O'Sullivan,5,P. J. Rothwell,10th,1/2 l,4,11-7,-,True,55,48
Punchestown Racing Results | 23rd May 2023 14:15,N/A,14:15,Good To Yielding,1m 7f 180y,Joven De Corazon (IRE),Donagh Meyler,0,Paul Stafford,9th,12 l,4,11-0,-,True,55,48
Punchestown Racing Results | 23rd May 2023 14:15,N/A,14:15,Good To Yielding,1m 7f 180y,Pride Of Place (IRE),S. D. Torrens,0,M. Hourigan,8th,6 1/2 l,4,11-7,-,True,55,48
Punchestown Racing Results | 23rd May 2023 14:15,N/A,14:15,Good To Yielding,1m 7f 180y,Steps In The Sand (IRE),E. Walsh,5,John Joseph Hanlon,7th,15 l,4,11-0,-,True,55,48
Punchestown Racing Results | 23rd May 2023 14:15,N/A,14:15,Good To Yielding,1m 7f 180y,Ashdale Flyer (IRE),C. Smithers,7,Mrs J. Harrington,6th,4 3/4 l,4,11-0,-,True,55,48
Punchestown Racing Results | 23rd May 2023 14:15,N/A,14:15,Good To Yielding,1m 7f 180y,River Robe (IRE),A. M. McCurtin,0,Michael Flannery,5th,1 3/4 l,4,11-0h1,-,True,55,48
Punchestown Racing Results | 23rd May 2023 14:15,N/A,14:15,Good To Yielding,1m 7f 180y,Darraby,K. E. Buckley,3,Brendan Duke,4th,11 l,4,11-7t1,-,True,55,48
Punchestown Racing Results | 23rd May 2023 14:15,N/A,14:15,Good To Yielding,1m 7f 180y,Ta Na La (USA),Shane O'Callaghan,7,T. M. Walsh,3rd,6 l,4,11-0,-,True,55,48
Punchestown Racing Results | 23rd May 2023 14:15,N/A,14:15,Good To Yielding,1m 7f 180y,Mister Wilson (IRE),Keith Donoghue,0,Gavin Patrick Cromwell,2nd,3 l,4,11-7h,-,True,55,48
Punchestown Racing Results | 23rd May 2023 14:15,N/A,14:15,Good To Yielding,1m 7f 180y,Night Sparkle (IRE),D. E. Mullins,0,M. D. O'Callaghan,1st,N/A,4,11-0,-,True,55,48
Punchestown Racing Results | 23rd May 2023 14:45,N/A,14:45,Good To Yielding,1m 7f 180y,Ar Aghaidh (IRE),E. Walsh,5,Hugh P. Finegan,16th,11 l,6,11-5,-,True,55,49
Punchestown Racing Results | 23rd May 2023 14:45,N/A,14:45,Good To Yielding,1m 7f 180y,Dugort Bay (IRE),M. M. McDonagh,5,Paul Stafford,15th,4 1/2 l,5,11-5,-,True,55,49
Punchestown Racing Results | 23rd May 2023 14:45,N/A,14:45,Good To Yielding,1m 7f 180y,Fox Leicester (IRE),Niall Moore,7,John Michael Burke,14th,3/4 l,7,11-12,-,True,55,49
Punchestown Racing Results | 23rd May 2023 14:45,N/A,14:45,Good To Yielding,1m 7f 180y,My Kurkum,Peter Carberry,0,A. J. Martin,13th,8 1/2 l,5,11-12,-,True,55,49
Punchestown Racing Results | 23rd May 2023 14:45,N/A,14:45,Good To Yielding,1m 7f 180y,Mille Miglia,Shane O'Callaghan,7,Colin A. McBratney,12th,6 l,5,11-5p,-,True,55,49
Punchestown Racing Results | 23rd May 2023 14:45,N/A,14:45,Good To Yielding,1m 7f 180y,Alkajack (IRE),J. J. Slevin,0,Stuart Crawford,11th,5 1/2 l,5,11-12,-,True,55,49
Punchestown Racing Results | 23rd May 2023 14:45,N/A,14:45,Good To Yielding,1m 7f 180y,That's About Right (IRE),C. Owens,7,P. J. Rothwell,10th,10 l,5,11-12,-,True,55,49
Punchestown Racing Results | 23rd May 2023 14:45,N/A,14:45,Good To Yielding,1m 7f 180y,Temptation Time (IRE),Phillip Enright,0,Mark McNiff,9th,2 l,5,11-12,-,True,55,49
Punchestown Racing Results | 23rd May 2023 14:45,N/A,14:45,Good To Yielding,1m 7f 180y,The Peckhampouncer (IRE),C. P. Millar,7,D. Broad,8th,3 3/4 l,6,11-12t,-,True,55,49
Punchestown Racing Results | 23rd May 2023 14:45,N/A,14:45,Good To Yielding,1m 7f 180y,Electric Eddy,K. E. Buckley,3,Mrs Prunella Dobbs,7th,13 l,5,11-12,-,True,55,49
Punchestown Racing Results | 23rd May 2023 14:45,N/A,14:45,Good To Yielding,1m 7f 180y,Dalvey,D. E. Mullins,0,James McAuley,6th,1 3/4 l,6,11-12tp,-,True,55,49
Punchestown Racing Results | 23rd May 2023 14:45,N/A,14:45,Good To Yielding,1m 7f 180y,Talk of the Town (IRE),Keith Donoghue,0,Peter John Flood,5th,1 3/4 l,8,11-12,-,True,55,49
Punchestown Racing Results | 23rd May 2023 14:45,N/A,14:45,Good To Yielding,1m 7f 180y,Humanitarian (USA),Shane Fenelon,7,John Joseph Hanlon,4th,4 l,7,11-12t,-,True,55,49
Punchestown Racing Results | 23rd May 2023 14:45,N/A,14:45,Good To Yielding,1m 7f 180y,Foxfire Glow (FR),J. S. McGarvey,0,Gordon Elliott,3rd,1 1/4 l,5,11-12t,-,True,55,49
Punchestown Racing Results | 23rd May 2023 14:45,N/A,14:45,Good To Yielding,1m 7f 180y,Striking (FR),S. F. O'Keeffe,0,Mrs J. Harrington,2nd,16 l,5,11-12,-,True,55,49
Punchestown Racing Results | 23rd May 2023 14:45,N/A,14:45,Good To Yielding,1m 7f 180y,Horantzau D'airy (FR),P. Townend,0,W. P. Mullins,1st,N/A,6,11-12t,-,True,55,49
Punchestown Racing Results | 23rd May 2023 14:45,N/A,14:45,Good To Yielding,1m 7f 180y,Ar Aghaidh (IRE),E. Walsh,5,Hugh P. Finegan,16th,11 l,6,11-5,-,True,55,49
Punchestown Racing Results | 23rd May 2023 14:45,N/A,14:45,Good To Yielding,1m 7f 180y,Dugort Bay (IRE),M. M. McDonagh,5,Paul Stafford,15th,4 1/2 l,5,11-5,-,True,55,49
Punchestown Racing Results | 23rd May 2023 14:45,N/A,14:45,Good To Yielding,1m 7f 180y,Fox Leicester (IRE),Niall Moore,7,John Michael Burke,14th,3/4 l,7,11-12,-,True,55,49
Punchestown Racing Results | 23rd May 2023 14:45,N/A,14:45,Good To Yielding,1m 7f 180y,My Kurkum,Peter Carberry,0,A. J. Martin,13th,8 1/2 l,5,11-12,-,True,55,49
Punchestown Racing Results | 23rd May 2023 14:45,N/A,14:45,Good To Yielding,1m 7f 180y,Mille Miglia,Shane O'Callaghan,7,Colin A. McBratney,12th,6 l,5,11-5p,-,True,55,49
Punchestown Racing Results | 23rd May 2023 14:45,N/A,14:45,Good To Yielding,1m 7f 180y,Alkajack (IRE),J. J. Slevin,0,Stuart Crawford,11th,5 1/2 l,5,11-12,-,True,55,49
Punchestown Racing Results | 23rd May 2023 14:45,N/A,14:45,Good To Yielding,1m 7f 180y,That's About Right (IRE),C. Owens,7,P. J. Rothwell,10th,10 l,5,11-12,-,True,55,49
Punchestown Racing Results | 23rd May 2023 14:45,N/A,14:45,Good To Yielding,1m 7f 180y,Temptation Time (IRE),Phillip Enright,0,Mark McNiff,9th,2 l,5,11-12,-,True,55,49
Punchestown Racing Results | 23rd May 2023 14:45,N/A,14:45,Good To Yielding,1m 7f 180y,The Peckhampouncer (IRE),C. P. Millar,7,D. Broad,8th,3 3/4 l,6,11-12t,-,True,55,49
Punchestown Racing Results | 23rd May 2023 14:45,N/A,14:45,Good To Yielding,1m 7f 180y,Electric Eddy,K. E. Buckley,3,Mrs Prunella Dobbs,7th,13 l,5,11-12,-,True,55,49
Punchestown Racing Results | 23rd May 2023 14:45,N/A,14:45,Good To Yielding,1m 7f 180y,Dalvey,D. E. Mullins,0,James McAuley,6th,1 3/4 l,6,11-12tp,-,True,55,49
Punchestown Racing Results | 23rd May 2023 14:45,N/A,14:45,Good To Yielding,1m 7f 180y,Talk of the Town (IRE),Keith Donoghue,0,Peter John Flood,5th,1 3/4 l,8,11-12,-,True,55,49
Punchestown Racing Results | 23rd May 2023 14:45,N/A,14:45,Good To Yielding,1m 7f 180y,Humanitarian (USA),Shane Fenelon,7,John Joseph Hanlon,4th,4 l,7,11-12t,-,True,55,49
Punchestown Racing Results | 23rd May 2023 14:45,N/A,14:45,Good To Yielding,1m 7f 180y,Foxfire Glow (FR),J. S. McGarvey,0,Gordon Elliott,3rd,1 1/4 l,5,11-12t,-,True,55,49
Punchestown Racing Results | 23rd May 2023 14:45,N/A,14:45,Good To Yielding,1m 7f 180y,Striking (FR),S. F. O'Keeffe,0,Mrs J. Harrington,2nd,16 l,5,11-12,-,True,55,49
Punchestown Racing Results | 23rd May 2023 14:45,N/A,14:45,Good To Yielding,1m 7f 180y,Horantzau D'airy (FR),P. Townend,0,W. P. Mullins,1st,N/A,6,11-12t,-,True,55,49
Punchestown Racing Results | 23rd May 2023 15:15,N/A,15:15,Good To Yielding,1m 7f 180y,Valiant Star (IRE),J. P. O'Sullivan,5,P. J. Rothwell,UR,N/A,6,11-12,-,True,55,50
Punchestown Racing Results | 23rd May 2023 15:15,N/A,15:15,Good To Yielding,1m 7f 180y,Knock Flyer (IRE),R. J. Condon,5,D. J. Barry,15th,43 l,8,11-12t,-,True,55,50
Punchestown Racing Results | 23rd May 2023 15:15,N/A,15:15,Good To Yielding,1m 7f 180y,Tomannie (IRE),Mr N. Gault,7,S. Michael Millar,14th,Head,5,11-12,-,True,55,50
Punchestown Racing Results | 23rd May 2023 15:15,N/A,15:15,Good To Yielding,1m 7f 180y,Kalsman (IRE),Thomas Reilly,7,Liam Lennon,13th,14 l,5,11-12,-,True,55,50
Punchestown Racing Results | 23rd May 2023 15:15,N/A,15:15,Good To Yielding,1m 7f 180y,I See You Now,B. Hayes,0,David Christie,12th,17 l,6,11-12,-,True,55,50
Punchestown Racing Results | 23rd May 2023 15:15,N/A,15:15,Good To Yielding,1m 7f 180y,Some Bro (IRE),S. Fitzgerald,3,B. R. Hamilton,11th,8 1/2 l,5,11-12,-,True,55,50
Punchestown Racing Results | 23rd May 2023 15:15,N/A,15:15,Good To Yielding,1m 7f 180y,Kilkee Royal (IRE),L. A. McKenna,5,Jamie Albert Sloan,10th,2 l,5,11-12,-,True,55,50
Punchestown Racing Results | 23rd May 2023 15:15,N/A,15:15,Good To Yielding,1m 7f 180y,Toor Moon (IRE),Liam Quinlan,5,Ms M. Flynn,9th,3 3/4 l,6,11-12,-,True,55,50
Punchestown Racing Results | 23rd May 2023 15:15,N/A,15:15,Good To Yielding,1m 7f 180y,Colonel Bellew (IRE),Rachael Blackmore,0,Henry de Bromhead,8th,5 l,6,11-12,-,True,55,50
Punchestown Racing Results | 23rd May 2023 15:15,N/A,15:15,Good To Yielding,1m 7f 180y,The Mediator (IRE),Keith Donoghue,0,Gordon Elliott,7th,3 1/2 l,6,11-12,-,True,55,50
Punchestown Racing Results | 23rd May 2023 15:15,N/A,15:15,Good To Yielding,1m 7f 180y,Rockview Roman (IRE),B. W. Harvey,5,John McConnell,6th,12 l,7,11-12,-,True,55,50
Punchestown Racing Results | 23rd May 2023 15:15,N/A,15:15,Good To Yielding,1m 7f 180y,Napper Tandy,D. J. O'Keeffe,0,Matthew J. Smith,5th,4 1/2 l,5,11-12,-,True,55,50
Punchestown Racing Results | 23rd May 2023 15:15,N/A,15:15,Good To Yielding,1m 7f 180y,En Or (FR),Peter Carberry,0,A. J. Martin,4th,10 l,5,11-12t1,-,True,55,50
Punchestown Racing Results | 23rd May 2023 15:15,N/A,15:15,Good To Yielding,1m 7f 180y,Sign From Above (IRE),Sean Flanagan,0,Peter Fahey,3rd,1/2 l,5,11-12,-,True,55,50
Punchestown Racing Results | 23rd May 2023 15:15,N/A,15:15,Good To Yielding,1m 7f 180y,Extrapolation (IRE),D. E. Mullins,0,Richard John O'Brien,2nd,2 1/4 l,6,11-12,-,True,55,50
Punchestown Racing Results | 23rd May 2023 15:15,N/A,15:15,Good To Yielding,1m 7f 180y,Barry Lyndon (IRE),C. D. Maxwell,0,Dermot Anthony McLoughlin,1st,N/A,5,11-12,-,True,55,50
Punchestown Racing Results | 23rd May 2023 15:15,N/A,15:15,Good To Yielding,1m 7f 180y,Valiant Star (IRE),J. P. O'Sullivan,5,P. J. Rothwell,UR,N/A,6,11-12,-,True,55,50
Punchestown Racing Results | 23rd May 2023 15:15,N/A,15:15,Good To Yielding,1m 7f 180y,Knock Flyer (IRE),R. J. Condon,5,D. J. Barry,15th,43 l,8,11-12t,-,True,55,50
Punchestown Racing Results | 23rd May 2023 15:15,N/A,15:15,Good To Yielding,1m 7f 180y,Tomannie (IRE),Mr N. Gault,7,S. Michael Millar,14th,Head,5,11-12,-,True,55,50
Punchestown Racing Results | 23rd May 2023 15:15,N/A,15:15,Good To Yielding,1m 7f 180y,Kalsman (IRE),Thomas Reilly,7,Liam Lennon,13th,14 l,5,11-12,-,True,55,50
Punchestown Racing Results | 23rd May 2023 15:15,N/A,15:15,Good To Yielding,1m 7f 180y,I See You Now,B. Hayes,0,David Christie,12th,17 l,6,11-12,-,True,55,50
Punchestown Racing Results | 23rd May 2023 15:15,N/A,15:15,Good To Yielding,1m 7f 180y,Some Bro (IRE),S. Fitzgerald,3,B. R. Hamilton,11th,8 1/2 l,5,11-12,-,True,55,50
Punchestown Racing Results | 23rd May 2023 15:15,N/A,15:15,Good To Yielding,1m 7f 180y,Kilkee Royal (IRE),L. A. McKenna,5,Jamie Albert Sloan,10th,2 l,5,11-12,-,True,55,50
Punchestown Racing Results | 23rd May 2023 15:15,N/A,15:15,Good To Yielding,1m 7f 180y,Toor Moon (IRE),Liam Quinlan,5,Ms M. Flynn,9th,3 3/4 l,6,11-12,-,True,55,50
Punchestown Racing Results | 23rd May 2023 15:15,N/A,15:15,Good To Yielding,1m 7f 180y,Colonel Bellew (IRE),Rachael Blackmore,0,Henry de Bromhead,8th,5 l,6,11-12,-,True,55,50
Punchestown Racing Results | 23rd May 2023 15:15,N/A,15:15,Good To Yielding,1m 7f 180y,The Mediator (IRE),Keith Donoghue,0,Gordon Elliott,7th,3 1/2 l,6,11-12,-,True,55,50
Punchestown Racing Results | 23rd May 2023 15:15,N/A,15:15,Good To Yielding,1m 7f 180y,Rockview Roman (IRE),B. W. Harvey,5,John McConnell,6th,12 l,7,11-12,-,True,55,50
Punchestown Racing Results | 23rd May 2023 15:15,N/A,15:15,Good To Yielding,1m 7f 180y,Napper Tandy,D. J. O'Keeffe,0,Matthew J. Smith,5th,4 1/2 l,5,11-12,-,True,55,50
Punchestown Racing Results | 23rd May 2023 15:15,N/A,15:15,Good To Yielding,1m 7f 180y,En Or (FR),Peter Carberry,0,A. J. Martin,4th,10 l,5,11-12t1,-,True,55,50
Punchestown Racing Results | 23rd May 2023 15:15,N/A,15:15,Good To Yielding,1m 7f 180y,Sign From Above (IRE),Sean Flanagan,0,Peter Fahey,3rd,1/2 l,5,11-12,-,True,55,50
Punchestown Racing Results | 23rd May 2023 15:15,N/A,15:15,Good To Yielding,1m 7f 180y,Extrapolation (IRE),D. E. Mullins,0,Richard John O'Brien,2nd,2 1/4 l,6,11-12,-,True,55,50
Punchestown Racing Results | 23rd May 2023 15:15,N/A,15:15,Good To Yielding,1m 7f 180y,Barry Lyndon (IRE),C. D. Maxwell,0,Dermot Anthony McLoughlin,1st,N/A,5,11-12,-,True,55,50
