track_name,race_date,race_time,going,distance,horse_name,jockey,claims,trainer,race_position,lost_by_length,age,weight,rating,first_place_found,batch_number,url_index_in_batch
Cork Racing Results | 4th August 2025 16:00,2025-08-04,16:00,Good (Good To Yielding In Places),2m 2f 100y,Mozzies Sister (IRE),Mr Alan O'Sullivan,7,D Queally,2nd,1 1/2 l,6,11-1,132,True,10,1
Cork Racing Results | 4th August 2025 16:00,2025-08-04,16:00,Good (Good To Yielding In Places),2m 2f 100y,Smooth Tom (IRE),C M Quirke,0,A Slattery,1st,N/A,6,11-12v,140,True,10,1
Cork Racing Results | 4th August 2025 16:00,2025-08-04,16:00,Good (Good To Yielding In Places),2m 2f 100y,Mozzies Sister (IRE),Mr Alan O'Sullivan,7,D Queally,2nd,1 1/2 l,6,11-1,132,True,10,1
Cork Racing Results | 4th August 2025 16:00,2025-08-04,16:00,Good (Good To Yielding In Places),2m 2f 100y,Smooth Tom (IRE),C M Quirke,0,A Slattery,1st,N/A,6,11-12v,140,True,10,1
Cork Racing Results | 4th August 2025 16:30,2025-08-04,16:30,Good (Good To Yielding In Places),2m 2f 100y,Cathryns Ruby (IRE),A Harvey,5,P T Foley,UR,N/A,8,11-7t1,103,True,10,2
Cork Racing Results | 4th August 2025 16:30,2025-08-04,16:30,Good (Good To Yielding In Places),2m 2f 100y,Rut Daniels (IRE),C M Quirke,0,D H Kelly,12th,33 l,6,11-6t,102,True,10,2
Cork Racing Results | 4th August 2025 16:30,2025-08-04,16:30,Good (Good To Yielding In Places),2m 2f 100y,Ask The Bookie (IRE),D King,0,G Scott,11th,20 l,8,11-4,100,True,10,2
Cork Racing Results | 4th August 2025 16:30,2025-08-04,16:30,Good (Good To Yielding In Places),2m 2f 100y,Rhythmic Tune (IRE),L A McKenna,5,M A Molloy,10th,4 3/4 l,6,10-11,93,True,10,2
Cork Racing Results | 4th August 2025 16:30,2025-08-04,16:30,Good (Good To Yielding In Places),2m 2f 100y,Sharetheknowledge (IRE),D J O'Keeffe,0,Paul Tobin,9th,9 l,6,11-4t,100,True,10,2
Cork Racing Results | 4th August 2025 16:30,2025-08-04,16:30,Good (Good To Yielding In Places),2m 2f 100y,Answering (IRE),Mr D Doyle,7,T Doyle,8th,2 1/2 l,10,11-5b,101,True,10,2
Cork Racing Results | 4th August 2025 16:30,2025-08-04,16:30,Good (Good To Yielding In Places),2m 2f 100y,Smackwater Jack (IRE),E Walsh,0,Mrs D Foster,7th,2 l,11,11-0,96,True,10,2
Cork Racing Results | 4th August 2025 16:30,2025-08-04,16:30,Good (Good To Yielding In Places),2m 2f 100y,Duke Otto (IRE),P T Smithers,7,P J Flynn,6th,2 1/2 l,7,11-12,108,True,10,2
Cork Racing Results | 4th August 2025 16:30,2025-08-04,16:30,Good (Good To Yielding In Places),2m 2f 100y,Sea Road Fill (IRE),P T Enright,0,D Collins,5th,2 1/4 l,8,10-9,91,True,10,2
Cork Racing Results | 4th August 2025 16:30,2025-08-04,16:30,Good (Good To Yielding In Places),2m 2f 100y,Seeitoldya,R J Condon,5,Miss Ellmarie Holden,4th,Neck,4,11-8,107,True,10,2
Cork Racing Results | 4th August 2025 16:30,2025-08-04,16:30,Good (Good To Yielding In Places),2m 2f 100y,Smiling Bess (IRE),D Meyler,0,R O'Sullivan,3rd,7 l,6,11-5,101,True,10,2
Cork Racing Results | 4th August 2025 16:30,2025-08-04,16:30,Good (Good To Yielding In Places),2m 2f 100y,Warm In Gorey (IRE),T Power Roche,5,P J Rothwell,2nd,1/2 l,7,11-4p,100,True,10,2
Cork Racing Results | 4th August 2025 16:30,2025-08-04,16:30,Good (Good To Yielding In Places),2m 2f 100y,Young Lucy (IRE),Mr D O'Connor,0,A J Martin,1st,N/A,6,11-8t,104,True,10,2
Cork Racing Results | 4th August 2025 16:30,2025-08-04,16:30,Good (Good To Yielding In Places),2m 2f 100y,Cathryns Ruby (IRE),A Harvey,5,P T Foley,UR,N/A,8,11-7t1,103,True,10,2
Cork Racing Results | 4th August 2025 16:30,2025-08-04,16:30,Good (Good To Yielding In Places),2m 2f 100y,Rut Daniels (IRE),C M Quirke,0,D H Kelly,12th,33 l,6,11-6t,102,True,10,2
Cork Racing Results | 4th August 2025 16:30,2025-08-04,16:30,Good (Good To Yielding In Places),2m 2f 100y,Ask The Bookie (IRE),D King,0,G Scott,11th,20 l,8,11-4,100,True,10,2
Cork Racing Results | 4th August 2025 16:30,2025-08-04,16:30,Good (Good To Yielding In Places),2m 2f 100y,Rhythmic Tune (IRE),L A McKenna,5,M A Molloy,10th,4 3/4 l,6,10-11,93,True,10,2
Cork Racing Results | 4th August 2025 16:30,2025-08-04,16:30,Good (Good To Yielding In Places),2m 2f 100y,Sharetheknowledge (IRE),D J O'Keeffe,0,Paul Tobin,9th,9 l,6,11-4t,100,True,10,2
Cork Racing Results | 4th August 2025 16:30,2025-08-04,16:30,Good (Good To Yielding In Places),2m 2f 100y,Answering (IRE),Mr D Doyle,7,T Doyle,8th,2 1/2 l,10,11-5b,101,True,10,2
Cork Racing Results | 4th August 2025 16:30,2025-08-04,16:30,Good (Good To Yielding In Places),2m 2f 100y,Smackwater Jack (IRE),E Walsh,0,Mrs D Foster,7th,2 l,11,11-0,96,True,10,2
Cork Racing Results | 4th August 2025 16:30,2025-08-04,16:30,Good (Good To Yielding In Places),2m 2f 100y,Duke Otto (IRE),P T Smithers,7,P J Flynn,6th,2 1/2 l,7,11-12,108,True,10,2
Cork Racing Results | 4th August 2025 16:30,2025-08-04,16:30,Good (Good To Yielding In Places),2m 2f 100y,Sea Road Fill (IRE),P T Enright,0,D Collins,5th,2 1/4 l,8,10-9,91,True,10,2
Cork Racing Results | 4th August 2025 16:30,2025-08-04,16:30,Good (Good To Yielding In Places),2m 2f 100y,Seeitoldya,R J Condon,5,Miss Ellmarie Holden,4th,Neck,4,11-8,107,True,10,2
Cork Racing Results | 4th August 2025 16:30,2025-08-04,16:30,Good (Good To Yielding In Places),2m 2f 100y,Smiling Bess (IRE),D Meyler,0,R O'Sullivan,3rd,7 l,6,11-5,101,True,10,2
Cork Racing Results | 4th August 2025 16:30,2025-08-04,16:30,Good (Good To Yielding In Places),2m 2f 100y,Warm In Gorey (IRE),T Power Roche,5,P J Rothwell,2nd,1/2 l,7,11-4p,100,True,10,2
Cork Racing Results | 4th August 2025 16:30,2025-08-04,16:30,Good (Good To Yielding In Places),2m 2f 100y,Young Lucy (IRE),Mr D O'Connor,0,A J Martin,1st,N/A,6,11-8t,104,True,10,2
Cork Racing Results | 4th August 2025 17:00,2025-08-04,17:00,Good (Good To Yielding In Places),2m 2f 100y,Subpoena,Mr C J Shine,7,Leonard Flynn,10th,19 l,6,11-7h,-,True,10,3
Cork Racing Results | 4th August 2025 17:00,2025-08-04,17:00,Good (Good To Yielding In Places),2m 2f 100y,Shannonvale (IRE),Mr L Burke-Ott,7,A Ott,9th,32 l,6,12-0,-,True,10,3
Cork Racing Results | 4th August 2025 17:00,2025-08-04,17:00,Good (Good To Yielding In Places),2m 2f 100y,Silly Mongoose (IRE),Mr Alan O'Sullivan,7,P T Foley,8th,26 l,4,11-11h,-,True,10,3
Cork Racing Results | 4th August 2025 17:00,2025-08-04,17:00,Good (Good To Yielding In Places),2m 2f 100y,Butch Coolidge (IRE),Mr P A King,5,D H Kelly,7th,1/2 l,5,12-0,-,True,10,3
Cork Racing Results | 4th August 2025 17:00,2025-08-04,17:00,Good (Good To Yielding In Places),2m 2f 100y,How's The Head (IRE),Miss J Townend,0,T Townend,6th,Head,6,12-0h1,-,True,10,3
Cork Racing Results | 4th August 2025 17:00,2025-08-04,17:00,Good (Good To Yielding In Places),2m 2f 100y,Court Canyon (IRE),Mr D G Lavery,0,G P Cromwell,5th,3 1/4 l,5,12-0,-,True,10,3
Cork Racing Results | 4th August 2025 17:00,2025-08-04,17:00,Good (Good To Yielding In Places),2m 2f 100y,Walks The Talk (IRE),Mr F R Buckley,7,J C McConnell,4th,1/2 l,6,11-7h,-,True,10,3
Cork Racing Results | 4th August 2025 17:00,2025-08-04,17:00,Good (Good To Yielding In Places),2m 2f 100y,Crossroads (IRE),Mr A P Ryan,5,Edward F Power,3rd,5 l,6,12-0h,-,True,10,3
Cork Racing Results | 4th August 2025 17:00,2025-08-04,17:00,Good (Good To Yielding In Places),2m 2f 100y,St Lawrence's Well (IRE),Mr D L Queally,0,D Queally,2nd,4 1/4 l,5,12-0h1,-,True,10,3
Cork Racing Results | 4th August 2025 17:00,2025-08-04,17:00,Good (Good To Yielding In Places),2m 2f 100y,Passenger (IRE),Mr F Maguire,0,D K Weld,1st,N/A,6,12-0,-,True,10,3
Cork Racing Results | 4th August 2025 17:00,2025-08-04,17:00,Good (Good To Yielding In Places),2m 2f 100y,Subpoena,Mr C J Shine,7,Leonard Flynn,10th,19 l,6,11-7h,-,True,10,3
Cork Racing Results | 4th August 2025 17:00,2025-08-04,17:00,Good (Good To Yielding In Places),2m 2f 100y,Shannonvale (IRE),Mr L Burke-Ott,7,A Ott,9th,32 l,6,12-0,-,True,10,3
Cork Racing Results | 4th August 2025 17:00,2025-08-04,17:00,Good (Good To Yielding In Places),2m 2f 100y,Silly Mongoose (IRE),Mr Alan O'Sullivan,7,P T Foley,8th,26 l,4,11-11h,-,True,10,3
Cork Racing Results | 4th August 2025 17:00,2025-08-04,17:00,Good (Good To Yielding In Places),2m 2f 100y,Butch Coolidge (IRE),Mr P A King,5,D H Kelly,7th,1/2 l,5,12-0,-,True,10,3
Cork Racing Results | 4th August 2025 17:00,2025-08-04,17:00,Good (Good To Yielding In Places),2m 2f 100y,How's The Head (IRE),Miss J Townend,0,T Townend,6th,Head,6,12-0h1,-,True,10,3
Cork Racing Results | 4th August 2025 17:00,2025-08-04,17:00,Good (Good To Yielding In Places),2m 2f 100y,Court Canyon (IRE),Mr D G Lavery,0,G P Cromwell,5th,3 1/4 l,5,12-0,-,True,10,3
Cork Racing Results | 4th August 2025 17:00,2025-08-04,17:00,Good (Good To Yielding In Places),2m 2f 100y,Walks The Talk (IRE),Mr F R Buckley,7,J C McConnell,4th,1/2 l,6,11-7h,-,True,10,3
Cork Racing Results | 4th August 2025 17:00,2025-08-04,17:00,Good (Good To Yielding In Places),2m 2f 100y,Crossroads (IRE),Mr A P Ryan,5,Edward F Power,3rd,5 l,6,12-0h,-,True,10,3
Cork Racing Results | 4th August 2025 17:00,2025-08-04,17:00,Good (Good To Yielding In Places),2m 2f 100y,St Lawrence's Well (IRE),Mr D L Queally,0,D Queally,2nd,4 1/4 l,5,12-0h1,-,True,10,3
Cork Racing Results | 4th August 2025 17:00,2025-08-04,17:00,Good (Good To Yielding In Places),2m 2f 100y,Passenger (IRE),Mr F Maguire,0,D K Weld,1st,N/A,6,12-0,-,True,10,3
Naas Racing Results | 4th August 2025 13:46,2025-08-04,13:46,Good To Yielding,5f 205y,Shoney (IRE),J Pietropaolo,7,Maurice Ahern,5th,17 l,3,9-4,71,True,10,4
Naas Racing Results | 4th August 2025 13:46,2025-08-04,13:46,Good To Yielding,5f 205y,Letherfly (IRE),C D Hayes,0,N Meade,4th,3 1/4 l,4,9-8,87,True,10,4
Naas Racing Results | 4th August 2025 13:46,2025-08-04,13:46,Good To Yielding,5f 205y,Zuheila (IRE),B M Coen,0,J P Murtagh,3rd,2 1/4 l,3,9-4,-,True,10,4
Naas Racing Results | 4th August 2025 13:46,2025-08-04,13:46,Good To Yielding,5f 205y,Kodilicious (IRE),S Foley,0,Mrs J Harrington,2nd,1/2 l,3,9-4b1,89,True,10,4
Naas Racing Results | 4th August 2025 13:46,2025-08-04,13:46,Good To Yielding,5f 205y,Bonus Time (IRE),C T Keane,0,P Twomey,1st,N/A,3,9-4t,92,True,10,4
Naas Racing Results | 4th August 2025 13:46,2025-08-04,13:46,Good To Yielding,5f 205y,Shoney (IRE),J Pietropaolo,7,Maurice Ahern,5th,17 l,3,9-4,71,True,10,4
Naas Racing Results | 4th August 2025 13:46,2025-08-04,13:46,Good To Yielding,5f 205y,Letherfly (IRE),C D Hayes,0,N Meade,4th,3 1/4 l,4,9-8,87,True,10,4
Naas Racing Results | 4th August 2025 13:46,2025-08-04,13:46,Good To Yielding,5f 205y,Zuheila (IRE),B M Coen,0,J P Murtagh,3rd,2 1/4 l,3,9-4,-,True,10,4
Naas Racing Results | 4th August 2025 13:46,2025-08-04,13:46,Good To Yielding,5f 205y,Kodilicious (IRE),S Foley,0,Mrs J Harrington,2nd,1/2 l,3,9-4b1,89,True,10,4
Naas Racing Results | 4th August 2025 13:46,2025-08-04,13:46,Good To Yielding,5f 205y,Bonus Time (IRE),C T Keane,0,P Twomey,1st,N/A,3,9-4t,92,True,10,4
Naas Racing Results | 4th August 2025 14:16,2025-08-04,14:16,Good To Yielding,5f 205y,Heartwarmer,Neve Bennett,7,W T Farrell,14th,9 l,4,9-3,79,True,10,5
Naas Racing Results | 4th August 2025 14:16,2025-08-04,14:16,Good To Yielding,5f 205y,Laugh A Minute,J Kearney,3,Stephen Thorne,13th,4 1/2 l,10,9-8,84,True,10,5
Naas Racing Results | 4th August 2025 14:16,2025-08-04,14:16,Good To Yielding,5f 205y,Dandyville (IRE),J A Heffernan,0,S R B Crawford,12th,3/4 l,7,9-9,85,True,10,5
Naas Racing Results | 4th August 2025 14:16,2025-08-04,14:16,Good To Yielding,5f 205y,Sparkling Sea (IRE),C T Keane,0,G M Lyons,11th,3 1/2 l,3,10-0,94,True,10,5
Naas Racing Results | 4th August 2025 14:16,2025-08-04,14:16,Good To Yielding,5f 205y,Jered Maddox,C Cusack,7,D Marnane,10th,4 3/4 l,9,9-0,76,True,10,5
Naas Racing Results | 4th August 2025 14:16,2025-08-04,14:16,Good To Yielding,5f 205y,Dmaniac,M W Hassett,3,M Hassett,9th,3/4 l,3,8-9,75,True,10,5
Naas Racing Results | 4th August 2025 14:16,2025-08-04,14:16,Good To Yielding,5f 205y,Never Shout Never (IRE),W M Lordan,0,Stephen Thorne,8th,Head,5,8-12t,74,True,10,5
Naas Racing Results | 4th August 2025 14:16,2025-08-04,14:16,Good To Yielding,5f 205y,Nouvel Espoir (IRE),S A Wallace,7,J Barcoe,7th,2 l,5,8-7,69,True,10,5
Naas Racing Results | 4th August 2025 14:16,2025-08-04,14:16,Good To Yielding,5f 205y,Saturn Seven (IRE),C D Hayes,0,E Lynam,6th,Head,5,8-8,70,True,10,5
Naas Racing Results | 4th August 2025 14:16,2025-08-04,14:16,Good To Yielding,5f 205y,Jon Riggens (IRE),B M Coen,0,E Lynam,5th,1 3/4 l,7,9-3tp,79,True,10,5
Naas Racing Results | 4th August 2025 14:16,2025-08-04,14:16,Good To Yielding,5f 205y,Tropical Retreat (IRE),S Foley,0,T Mullins,4th,1/2 l,3,8-13,79,True,10,5
Naas Racing Results | 4th August 2025 14:16,2025-08-04,14:16,Good To Yielding,5f 205y,Genesis (IRE),W Joyce,3,M Mulvany,3rd,1/2 l,4,8-9t,71,True,10,5
Naas Racing Results | 4th August 2025 14:16,2025-08-04,14:16,Good To Yielding,5f 205y,Betsen,J J G Ryan,0,J Davison,2nd,1 1/2 l,4,9-11,87,True,10,5
Naas Racing Results | 4th August 2025 14:16,2025-08-04,14:16,Good To Yielding,5f 205y,Mint Man,L F Roche,0,P J F Murphy,1st,N/A,4,8-9t,71,True,10,5
Naas Racing Results | 4th August 2025 14:16,2025-08-04,14:16,Good To Yielding,5f 205y,Heartwarmer,Neve Bennett,7,W T Farrell,14th,9 l,4,9-3,79,True,10,5
Naas Racing Results | 4th August 2025 14:16,2025-08-04,14:16,Good To Yielding,5f 205y,Laugh A Minute,J Kearney,3,Stephen Thorne,13th,4 1/2 l,10,9-8,84,True,10,5
Naas Racing Results | 4th August 2025 14:16,2025-08-04,14:16,Good To Yielding,5f 205y,Dandyville (IRE),J A Heffernan,0,S R B Crawford,12th,3/4 l,7,9-9,85,True,10,5
Naas Racing Results | 4th August 2025 14:16,2025-08-04,14:16,Good To Yielding,5f 205y,Sparkling Sea (IRE),C T Keane,0,G M Lyons,11th,3 1/2 l,3,10-0,94,True,10,5
Naas Racing Results | 4th August 2025 14:16,2025-08-04,14:16,Good To Yielding,5f 205y,Jered Maddox,C Cusack,7,D Marnane,10th,4 3/4 l,9,9-0,76,True,10,5
Naas Racing Results | 4th August 2025 14:16,2025-08-04,14:16,Good To Yielding,5f 205y,Dmaniac,M W Hassett,3,M Hassett,9th,3/4 l,3,8-9,75,True,10,5
Naas Racing Results | 4th August 2025 14:16,2025-08-04,14:16,Good To Yielding,5f 205y,Never Shout Never (IRE),W M Lordan,0,Stephen Thorne,8th,Head,5,8-12t,74,True,10,5
Naas Racing Results | 4th August 2025 14:16,2025-08-04,14:16,Good To Yielding,5f 205y,Nouvel Espoir (IRE),S A Wallace,7,J Barcoe,7th,2 l,5,8-7,69,True,10,5
Naas Racing Results | 4th August 2025 14:16,2025-08-04,14:16,Good To Yielding,5f 205y,Saturn Seven (IRE),C D Hayes,0,E Lynam,6th,Head,5,8-8,70,True,10,5
Naas Racing Results | 4th August 2025 14:16,2025-08-04,14:16,Good To Yielding,5f 205y,Jon Riggens (IRE),B M Coen,0,E Lynam,5th,1 3/4 l,7,9-3tp,79,True,10,5
Naas Racing Results | 4th August 2025 14:16,2025-08-04,14:16,Good To Yielding,5f 205y,Tropical Retreat (IRE),S Foley,0,T Mullins,4th,1/2 l,3,8-13,79,True,10,5
Naas Racing Results | 4th August 2025 14:16,2025-08-04,14:16,Good To Yielding,5f 205y,Genesis (IRE),W Joyce,3,M Mulvany,3rd,1/2 l,4,8-9t,71,True,10,5
Naas Racing Results | 4th August 2025 14:16,2025-08-04,14:16,Good To Yielding,5f 205y,Betsen,J J G Ryan,0,J Davison,2nd,1 1/2 l,4,9-11,87,True,10,5
Naas Racing Results | 4th August 2025 14:16,2025-08-04,14:16,Good To Yielding,5f 205y,Mint Man,L F Roche,0,P J F Murphy,1st,N/A,4,8-9t,71,True,10,5
Naas Racing Results | 4th August 2025 14:46,2025-08-04,14:46,Good To Yielding,5f 205y,Hell Left Loose,A J Casey,7,D Hogan,UR,N/A,9,8-10tp,40,True,10,6
Naas Racing Results | 4th August 2025 14:46,2025-08-04,14:46,Good To Yielding,5f 205y,Shimmerz (IRE),Neve Bennett,7,C O'Brien,17th,2 3/4 l,7,8-10h,40,True,10,6
Naas Racing Results | 4th August 2025 14:46,2025-08-04,14:46,Good To Yielding,5f 205y,Sunday Sovereign,R Whearty,0,G A Kingston,16th,Neck,8,10-0,58,True,10,6
Naas Racing Results | 4th August 2025 14:46,2025-08-04,14:46,Good To Yielding,5f 205y,Kodi Brown (IRE),Orla Tynan,7,A Slattery,15th,1/2 l,3,9-11,59,True,10,6
Naas Racing Results | 4th August 2025 14:46,2025-08-04,14:46,Good To Yielding,5f 205y,Theriverrunsdeep (IRE),P McGettigan,4,S G O'Donnell,14th,Neck,9,9-3b,47,True,10,6
Naas Racing Results | 4th August 2025 14:46,2025-08-04,14:46,Good To Yielding,5f 205y,Plastic Paddy,A S Grant,7,Tom McGuinness,13th,1 l,7,10-2h,60,True,10,6
Naas Racing Results | 4th August 2025 14:46,2025-08-04,14:46,Good To Yielding,5f 205y,He's Justagent (IRE),R M Mulligan,4,Paul Mulligan,12th,1/2 l,5,8-10p,40,True,10,6
Naas Racing Results | 4th August 2025 14:46,2025-08-04,14:46,Good To Yielding,5f 205y,Hastily,J Cleary,2,Tom McGuinness,11th,2 3/4 l,6,9-5p,49,True,10,6
Naas Racing Results | 4th August 2025 14:46,2025-08-04,14:46,Good To Yielding,5f 205y,Razzam (IRE),D J O'Connor,7,H D McGuigan,10th,1 1/2 l,5,10-0p,58,True,10,6
Naas Racing Results | 4th August 2025 14:46,2025-08-04,14:46,Good To Yielding,5f 205y,Lismacbryan Hill (IRE),J Kearney,0,P Magee,9th,1/2 l,4,9-2tb1,46,True,10,6
Naas Racing Results | 4th August 2025 14:46,2025-08-04,14:46,Good To Yielding,5f 205y,Ballysax Lil' Mick (IRE),M Popan,7,Miss K Brown,8th,1/2 l,7,9-1p,45,True,10,6
Naas Racing Results | 4th August 2025 14:46,2025-08-04,14:46,Good To Yielding,5f 205y,Distillate,S Coen,4,A McGuinness,7th,Nose,5,9-12t,56,True,10,6
Naas Racing Results | 4th August 2025 14:46,2025-08-04,14:46,Good To Yielding,5f 205y,An Laochmor (IRE),Nicola Burns,4,J G Coogan,6th,Short Head,4,9-5v,49,True,10,6
Naas Racing Results | 4th August 2025 14:46,2025-08-04,14:46,Good To Yielding,5f 205y,Jackie Brown (IRE),J S Dalton,7,A J Martin,5th,1 3/4 l,5,9-3t,47,True,10,6
Naas Racing Results | 4th August 2025 14:46,2025-08-04,14:46,Good To Yielding,5f 205y,Lismacbryan (IRE),K G Kennedy,2,P Cluskey,4th,2 1/2 l,4,9-2,46,True,10,6
Naas Racing Results | 4th August 2025 14:46,2025-08-04,14:46,Good To Yielding,5f 205y,Dinamine (IRE),W Joyce,0,M Mulvany,3rd,Head,7,9-5,49,True,10,6
Naas Racing Results | 4th August 2025 14:46,2025-08-04,14:46,Good To Yielding,5f 205y,Von Krolock (IRE),M W Hassett,0,T Doyle,2nd,3/4 l,6,9-8p,52,True,10,6
Naas Racing Results | 4th August 2025 14:46,2025-08-04,14:46,Good To Yielding,5f 205y,Annie Lavinia (IRE),Sorcha Woods,7,E Lynam,1st,N/A,3,9-7tp,55,True,10,6
Naas Racing Results | 4th August 2025 14:46,2025-08-04,14:46,Good To Yielding,5f 205y,Hell Left Loose,A J Casey,7,D Hogan,UR,N/A,9,8-10tp,40,True,10,6
Naas Racing Results | 4th August 2025 14:46,2025-08-04,14:46,Good To Yielding,5f 205y,Shimmerz (IRE),Neve Bennett,7,C O'Brien,17th,2 3/4 l,7,8-10h,40,True,10,6
Naas Racing Results | 4th August 2025 14:46,2025-08-04,14:46,Good To Yielding,5f 205y,Sunday Sovereign,R Whearty,0,G A Kingston,16th,Neck,8,10-0,58,True,10,6
Naas Racing Results | 4th August 2025 14:46,2025-08-04,14:46,Good To Yielding,5f 205y,Kodi Brown (IRE),Orla Tynan,7,A Slattery,15th,1/2 l,3,9-11,59,True,10,6
Naas Racing Results | 4th August 2025 14:46,2025-08-04,14:46,Good To Yielding,5f 205y,Theriverrunsdeep (IRE),P McGettigan,4,S G O'Donnell,14th,Neck,9,9-3b,47,True,10,6
Naas Racing Results | 4th August 2025 14:46,2025-08-04,14:46,Good To Yielding,5f 205y,Plastic Paddy,A S Grant,7,Tom McGuinness,13th,1 l,7,10-2h,60,True,10,6
Naas Racing Results | 4th August 2025 14:46,2025-08-04,14:46,Good To Yielding,5f 205y,He's Justagent (IRE),R M Mulligan,4,Paul Mulligan,12th,1/2 l,5,8-10p,40,True,10,6
Naas Racing Results | 4th August 2025 14:46,2025-08-04,14:46,Good To Yielding,5f 205y,Hastily,J Cleary,2,Tom McGuinness,11th,2 3/4 l,6,9-5p,49,True,10,6
Naas Racing Results | 4th August 2025 14:46,2025-08-04,14:46,Good To Yielding,5f 205y,Razzam (IRE),D J O'Connor,7,H D McGuigan,10th,1 1/2 l,5,10-0p,58,True,10,6
Naas Racing Results | 4th August 2025 14:46,2025-08-04,14:46,Good To Yielding,5f 205y,Lismacbryan Hill (IRE),J Kearney,0,P Magee,9th,1/2 l,4,9-2tb1,46,True,10,6
Naas Racing Results | 4th August 2025 14:46,2025-08-04,14:46,Good To Yielding,5f 205y,Ballysax Lil' Mick (IRE),M Popan,7,Miss K Brown,8th,1/2 l,7,9-1p,45,True,10,6
Naas Racing Results | 4th August 2025 14:46,2025-08-04,14:46,Good To Yielding,5f 205y,Distillate,S Coen,4,A McGuinness,7th,Nose,5,9-12t,56,True,10,6
Naas Racing Results | 4th August 2025 14:46,2025-08-04,14:46,Good To Yielding,5f 205y,An Laochmor (IRE),Nicola Burns,4,J G Coogan,6th,Short Head,4,9-5v,49,True,10,6
Naas Racing Results | 4th August 2025 14:46,2025-08-04,14:46,Good To Yielding,5f 205y,Jackie Brown (IRE),J S Dalton,7,A J Martin,5th,1 3/4 l,5,9-3t,47,True,10,6
Naas Racing Results | 4th August 2025 14:46,2025-08-04,14:46,Good To Yielding,5f 205y,Lismacbryan (IRE),K G Kennedy,2,P Cluskey,4th,2 1/2 l,4,9-2,46,True,10,6
Naas Racing Results | 4th August 2025 14:46,2025-08-04,14:46,Good To Yielding,5f 205y,Dinamine (IRE),W Joyce,0,M Mulvany,3rd,Head,7,9-5,49,True,10,6
Naas Racing Results | 4th August 2025 14:46,2025-08-04,14:46,Good To Yielding,5f 205y,Von Krolock (IRE),M W Hassett,0,T Doyle,2nd,3/4 l,6,9-8p,52,True,10,6
Naas Racing Results | 4th August 2025 14:46,2025-08-04,14:46,Good To Yielding,5f 205y,Annie Lavinia (IRE),Sorcha Woods,7,E Lynam,1st,N/A,3,9-7tp,55,True,10,6
Naas Racing Results | 4th August 2025 15:16,2025-08-04,15:16,Good To Yielding,7f,Bearwithus (IRE),P McGettigan,7,J M Barrett,16th,17 l,3,9-3v1,65,True,10,7
Naas Racing Results | 4th August 2025 15:16,2025-08-04,15:16,Good To Yielding,7f,Goldsmith (IRE),J A Heffernan,0,H D McGuigan,15th,24 l,6,9-6h,62,True,10,7
Naas Racing Results | 4th August 2025 15:16,2025-08-04,15:16,Good To Yielding,7f,Great Mover (IRE),N M Crosse,0,W McCreery,14th,Short Head,3,9-5,67,True,10,7
Naas Racing Results | 4th August 2025 15:16,2025-08-04,15:16,Good To Yielding,7f,Are You In Or Out (IRE),Sadhbh Tormey,10,P Stafford,13th,1/2 l,4,9-9,65,True,10,7
Naas Racing Results | 4th August 2025 15:16,2025-08-04,15:16,Good To Yielding,7f,Proleek Prince (IRE),R M Mulligan,7,M Rice,12th,1 1/4 l,5,10-2t,72,True,10,7
Naas Racing Results | 4th August 2025 15:16,2025-08-04,15:16,Good To Yielding,7f,Port Louis (IRE),C T Keane,0,N Meade,11th,1 1/4 l,4,10-1b,71,True,10,7
Naas Racing Results | 4th August 2025 15:16,2025-08-04,15:16,Good To Yielding,7f,Cecco (USA),J M Sheridan,0,J A Stack,10th,Head,3,9-10,72,True,10,7
Naas Racing Results | 4th August 2025 15:16,2025-08-04,15:16,Good To Yielding,7f,Martinelli (IRE),P A Harnett,5,K P Cotter,9th,Head,4,10-1b1,71,True,10,7
Naas Racing Results | 4th August 2025 15:16,2025-08-04,15:16,Good To Yielding,7f,Rising Sky (IRE),G M Ryan,0,A McCann,8th,2 1/2 l,3,9-0,62,True,10,7
Naas Racing Results | 4th August 2025 15:16,2025-08-04,15:16,Good To Yielding,7f,Dynamic Force (IRE),J J G Ryan,0,T G McCourt,7th,Neck,6,9-12,68,True,10,7
Naas Racing Results | 4th August 2025 15:16,2025-08-04,15:16,Good To Yielding,7f,Ferrybank,S O'Callaghan,5,T M Walsh,6th,1/2 l,7,9-13eb1,69,True,10,7
Naas Racing Results | 4th August 2025 15:16,2025-08-04,15:16,Good To Yielding,7f,Clever And Classy (IRE),D P McDonogh,0,J S Bolger,5th,3/4 l,3,9-0,62,True,10,7
Naas Racing Results | 4th August 2025 15:16,2025-08-04,15:16,Good To Yielding,7f,Secret Magician (IRE),M W Hassett,3,M Hassett,4th,1 1/4 l,6,9-11tp,67,True,10,7
Naas Racing Results | 4th August 2025 15:16,2025-08-04,15:16,Good To Yielding,7f,Verhoyen,D McMonagle,0,M C Grassick,3rd,1/2 l,10,10-0b,70,True,10,7
Naas Racing Results | 4th August 2025 15:16,2025-08-04,15:16,Good To Yielding,7f,Touted Plan (IRE),G F Carroll,0,J G Murphy,2nd,Nose,3,8-13,61,True,10,7
Naas Racing Results | 4th August 2025 15:16,2025-08-04,15:16,Good To Yielding,7f,Spent All Me Money (IRE),S Foley,0,A Sexton,1st,N/A,3,9-10p,72,True,10,7
Naas Racing Results | 4th August 2025 15:16,2025-08-04,15:16,Good To Yielding,7f,Bearwithus (IRE),P McGettigan,7,J M Barrett,16th,17 l,3,9-3v1,65,True,10,7
Naas Racing Results | 4th August 2025 15:16,2025-08-04,15:16,Good To Yielding,7f,Goldsmith (IRE),J A Heffernan,0,H D McGuigan,15th,24 l,6,9-6h,62,True,10,7
Naas Racing Results | 4th August 2025 15:16,2025-08-04,15:16,Good To Yielding,7f,Great Mover (IRE),N M Crosse,0,W McCreery,14th,Short Head,3,9-5,67,True,10,7
Naas Racing Results | 4th August 2025 15:16,2025-08-04,15:16,Good To Yielding,7f,Are You In Or Out (IRE),Sadhbh Tormey,10,P Stafford,13th,1/2 l,4,9-9,65,True,10,7
Naas Racing Results | 4th August 2025 15:16,2025-08-04,15:16,Good To Yielding,7f,Proleek Prince (IRE),R M Mulligan,7,M Rice,12th,1 1/4 l,5,10-2t,72,True,10,7
Naas Racing Results | 4th August 2025 15:16,2025-08-04,15:16,Good To Yielding,7f,Port Louis (IRE),C T Keane,0,N Meade,11th,1 1/4 l,4,10-1b,71,True,10,7
Naas Racing Results | 4th August 2025 15:16,2025-08-04,15:16,Good To Yielding,7f,Cecco (USA),J M Sheridan,0,J A Stack,10th,Head,3,9-10,72,True,10,7
Naas Racing Results | 4th August 2025 15:16,2025-08-04,15:16,Good To Yielding,7f,Martinelli (IRE),P A Harnett,5,K P Cotter,9th,Head,4,10-1b1,71,True,10,7
Naas Racing Results | 4th August 2025 15:16,2025-08-04,15:16,Good To Yielding,7f,Rising Sky (IRE),G M Ryan,0,A McCann,8th,2 1/2 l,3,9-0,62,True,10,7
Naas Racing Results | 4th August 2025 15:16,2025-08-04,15:16,Good To Yielding,7f,Dynamic Force (IRE),J J G Ryan,0,T G McCourt,7th,Neck,6,9-12,68,True,10,7
Naas Racing Results | 4th August 2025 15:16,2025-08-04,15:16,Good To Yielding,7f,Ferrybank,S O'Callaghan,5,T M Walsh,6th,1/2 l,7,9-13eb1,69,True,10,7
Naas Racing Results | 4th August 2025 15:16,2025-08-04,15:16,Good To Yielding,7f,Clever And Classy (IRE),D P McDonogh,0,J S Bolger,5th,3/4 l,3,9-0,62,True,10,7
Naas Racing Results | 4th August 2025 15:16,2025-08-04,15:16,Good To Yielding,7f,Secret Magician (IRE),M W Hassett,3,M Hassett,4th,1 1/4 l,6,9-11tp,67,True,10,7
Naas Racing Results | 4th August 2025 15:16,2025-08-04,15:16,Good To Yielding,7f,Verhoyen,D McMonagle,0,M C Grassick,3rd,1/2 l,10,10-0b,70,True,10,7
Naas Racing Results | 4th August 2025 15:16,2025-08-04,15:16,Good To Yielding,7f,Touted Plan (IRE),G F Carroll,0,J G Murphy,2nd,Nose,3,8-13,61,True,10,7
Naas Racing Results | 4th August 2025 15:16,2025-08-04,15:16,Good To Yielding,7f,Spent All Me Money (IRE),S Foley,0,A Sexton,1st,N/A,3,9-10p,72,True,10,7
Naas Racing Results | 4th August 2025 15:46,2025-08-04,15:46,Good To Yielding,7f,The Virginian (IRE),R P Fagan,10,P Roche,16th,1/2 l,9,9-7,63,True,10,8
Naas Racing Results | 4th August 2025 15:46,2025-08-04,15:46,Good To Yielding,7f,Shelbourne (IRE),P A Harnett,5,M Hassett,15th,Neck,4,10-1,71,True,10,8
Naas Racing Results | 4th August 2025 15:46,2025-08-04,15:46,Good To Yielding,7f,Selective Power (IRE),J J G Ryan,0,Thomas Coyle,14th,2 l,6,9-5,61,True,10,8
Naas Racing Results | 4th August 2025 15:46,2025-08-04,15:46,Good To Yielding,7f,Night Magic (IRE),S Foley,0,Mrs J Harrington,13th,1/2 l,3,9-3p1,65,True,10,8
Naas Racing Results | 4th August 2025 15:46,2025-08-04,15:46,Good To Yielding,7f,Pinball Wizard (IRE),R Coakley,0,J C McConnell,12th,1/2 l,7,9-6,62,True,10,8
Naas Racing Results | 4th August 2025 15:46,2025-08-04,15:46,Good To Yielding,7f,She's Smart (IRE),S Coen,7,A McGuinness,11th,Short Head,4,9-5,61,True,10,8
Naas Racing Results | 4th August 2025 15:46,2025-08-04,15:46,Good To Yielding,7f,Bluebelardo (IRE),W M Lordan,0,M C Grassick,10th,3/4 l,3,9-1tb1,63,True,10,8
Naas Racing Results | 4th August 2025 15:46,2025-08-04,15:46,Good To Yielding,7f,Lovely (IRE),C T Keane,0,D Dias,9th,Head,3,9-9,71,True,10,8
Naas Racing Results | 4th August 2025 15:46,2025-08-04,15:46,Good To Yielding,7f,Nedita (IRE),R C Colgan,0,D Marnane,8th,3/4 l,4,9-9,65,True,10,8
Naas Racing Results | 4th August 2025 15:46,2025-08-04,15:46,Good To Yielding,7f,Gordon Bennett (IRE),D McMonagle,0,R Brabazon,7th,Short Head,7,10-0,70,True,10,8
Naas Racing Results | 4th August 2025 15:46,2025-08-04,15:46,Good To Yielding,7f,Purring Along (IRE),R P Whelan,0,P G Fahey,6th,3/4 l,6,9-5b,61,True,10,8
Naas Racing Results | 4th August 2025 15:46,2025-08-04,15:46,Good To Yielding,7f,Racing Royalty,D S O'Sullivan,7,G Scott,5th,1/2 l,6,9-7b,63,True,10,8
Naas Racing Results | 4th August 2025 15:46,2025-08-04,15:46,Good To Yielding,7f,Lady Pagasa (IRE),B M Coen,0,J P Murtagh,4th,1/2 l,4,9-10p,66,True,10,8
Naas Racing Results | 4th August 2025 15:46,2025-08-04,15:46,Good To Yielding,7f,Send Harry (IRE),J A Heffernan,0,Miss E McCutcheon,3rd,1/2 l,3,9-2h,64,True,10,8
Naas Racing Results | 4th August 2025 15:46,2025-08-04,15:46,Good To Yielding,7f,White Clover (IRE),G F Carroll,0,J G Murphy,2nd,1/2 l,4,10-2,72,True,10,8
Naas Racing Results | 4th August 2025 15:46,2025-08-04,15:46,Good To Yielding,7f,Star Mind,Nicola Burns,7,Gerard O'Leary,1st,N/A,4,9-6,62,True,10,8
Naas Racing Results | 4th August 2025 15:46,2025-08-04,15:46,Good To Yielding,7f,The Virginian (IRE),R P Fagan,10,P Roche,16th,1/2 l,9,9-7,63,True,10,8
Naas Racing Results | 4th August 2025 15:46,2025-08-04,15:46,Good To Yielding,7f,Shelbourne (IRE),P A Harnett,5,M Hassett,15th,Neck,4,10-1,71,True,10,8
Naas Racing Results | 4th August 2025 15:46,2025-08-04,15:46,Good To Yielding,7f,Selective Power (IRE),J J G Ryan,0,Thomas Coyle,14th,2 l,6,9-5,61,True,10,8
Naas Racing Results | 4th August 2025 15:46,2025-08-04,15:46,Good To Yielding,7f,Night Magic (IRE),S Foley,0,Mrs J Harrington,13th,1/2 l,3,9-3p1,65,True,10,8
Naas Racing Results | 4th August 2025 15:46,2025-08-04,15:46,Good To Yielding,7f,Pinball Wizard (IRE),R Coakley,0,J C McConnell,12th,1/2 l,7,9-6,62,True,10,8
Naas Racing Results | 4th August 2025 15:46,2025-08-04,15:46,Good To Yielding,7f,She's Smart (IRE),S Coen,7,A McGuinness,11th,Short Head,4,9-5,61,True,10,8
Naas Racing Results | 4th August 2025 15:46,2025-08-04,15:46,Good To Yielding,7f,Bluebelardo (IRE),W M Lordan,0,M C Grassick,10th,3/4 l,3,9-1tb1,63,True,10,8
Naas Racing Results | 4th August 2025 15:46,2025-08-04,15:46,Good To Yielding,7f,Lovely (IRE),C T Keane,0,D Dias,9th,Head,3,9-9,71,True,10,8
Naas Racing Results | 4th August 2025 15:46,2025-08-04,15:46,Good To Yielding,7f,Nedita (IRE),R C Colgan,0,D Marnane,8th,3/4 l,4,9-9,65,True,10,8
Naas Racing Results | 4th August 2025 15:46,2025-08-04,15:46,Good To Yielding,7f,Gordon Bennett (IRE),D McMonagle,0,R Brabazon,7th,Short Head,7,10-0,70,True,10,8
Naas Racing Results | 4th August 2025 15:46,2025-08-04,15:46,Good To Yielding,7f,Purring Along (IRE),R P Whelan,0,P G Fahey,6th,3/4 l,6,9-5b,61,True,10,8
Naas Racing Results | 4th August 2025 15:46,2025-08-04,15:46,Good To Yielding,7f,Racing Royalty,D S O'Sullivan,7,G Scott,5th,1/2 l,6,9-7b,63,True,10,8
Naas Racing Results | 4th August 2025 15:46,2025-08-04,15:46,Good To Yielding,7f,Lady Pagasa (IRE),B M Coen,0,J P Murtagh,4th,1/2 l,4,9-10p,66,True,10,8
Naas Racing Results | 4th August 2025 15:46,2025-08-04,15:46,Good To Yielding,7f,Send Harry (IRE),J A Heffernan,0,Miss E McCutcheon,3rd,1/2 l,3,9-2h,64,True,10,8
Naas Racing Results | 4th August 2025 15:46,2025-08-04,15:46,Good To Yielding,7f,White Clover (IRE),G F Carroll,0,J G Murphy,2nd,1/2 l,4,10-2,72,True,10,8
Naas Racing Results | 4th August 2025 15:46,2025-08-04,15:46,Good To Yielding,7f,Star Mind,Nicola Burns,7,Gerard O'Leary,1st,N/A,4,9-6,62,True,10,8
Naas Racing Results | 4th August 2025 16:16,2025-08-04,16:16,Good To Yielding,1m,Hope N Pray (IRE),R P Whelan,0,J P Fahey,19th,Short Head,3,9-3,-,True,10,9
Naas Racing Results | 4th August 2025 16:16,2025-08-04,16:16,Good To Yielding,1m,Smell Of Rain (IRE),R P Cleary,0,M O'Callaghan,18th,4 1/2 l,3,9-3,-,True,10,9
Naas Racing Results | 4th August 2025 16:16,2025-08-04,16:16,Good To Yielding,1m,Mozzetta (IRE),J M Sheridan,0,P F O'Donnell,17th,6 l,3,9-3,-,True,10,9
Naas Racing Results | 4th August 2025 16:16,2025-08-04,16:16,Good To Yielding,1m,Eliza Garfield (IRE),M W Hassett,3,T Doyle,16th,2 1/4 l,3,9-3,-,True,10,9
Naas Racing Results | 4th August 2025 16:16,2025-08-04,16:16,Good To Yielding,1m,Cash Me (IRE),B M Coen,0,A Oliver,15th,2 1/2 l,3,9-3,-,True,10,9
Naas Racing Results | 4th August 2025 16:16,2025-08-04,16:16,Good To Yielding,1m,Saintly One (IRE),R Coakley,0,J S Bolger,14th,2 l,3,9-3,-,True,10,9
Naas Racing Results | 4th August 2025 16:16,2025-08-04,16:16,Good To Yielding,1m,Dolly Hello (IRE),D W O'Connor,0,R O'Sullivan,13th,1 1/4 l,3,9-3,-,True,10,9
Naas Racing Results | 4th August 2025 16:16,2025-08-04,16:16,Good To Yielding,1m,Guarded (IRE),W M Lordan,0,A P O'Brien,12th,Neck,3,9-3tp1,79,True,10,9
Naas Racing Results | 4th August 2025 16:16,2025-08-04,16:16,Good To Yielding,1m,Perfect Base (IRE),J A Heffernan,0,N Lupini,11th,1 1/4 l,3,9-3,-,True,10,9
Naas Racing Results | 4th August 2025 16:16,2025-08-04,16:16,Good To Yielding,1m,Peig Sayers (IRE),Adam Caffrey,0,Miss H McLoughlin,10th,Head,4,9-10,-,True,10,9
Naas Racing Results | 4th August 2025 16:16,2025-08-04,16:16,Good To Yielding,1m,Jess Abi (IRE),J J G Ryan,0,D K Weld,9th,1 1/2 l,3,9-3,-,True,10,9
Naas Racing Results | 4th August 2025 16:16,2025-08-04,16:16,Good To Yielding,1m,Kakori (IRE),D McMonagle,0,J P O'Brien,8th,Neck,3,9-3,-,True,10,9
Naas Racing Results | 4th August 2025 16:16,2025-08-04,16:16,Good To Yielding,1m,Crazy Bout Elvis (IRE),D P McDonogh,0,J P O'Brien,7th,2 l,3,9-3,-,True,10,9
Naas Racing Results | 4th August 2025 16:16,2025-08-04,16:16,Good To Yielding,1m,Tina's Charm (IRE),L F Roche,0,D K Weld,6th,1/2 l,3,9-3,-,True,10,9
Naas Racing Results | 4th August 2025 16:16,2025-08-04,16:16,Good To Yielding,1m,Katashuna (IRE),C D Hayes,0,D K Weld,5th,Head,3,9-3,-,True,10,9
Naas Racing Results | 4th August 2025 16:16,2025-08-04,16:16,Good To Yielding,1m,Adrienne (IRE),G F Carroll,0,T M Walsh,4th,1/2 l,3,9-3b,73,True,10,9
Naas Racing Results | 4th August 2025 16:16,2025-08-04,16:16,Good To Yielding,1m,Maarisha,A Browne-Souza,7,W P Browne,3rd,1/2 l,3,9-3,72,True,10,9
Naas Racing Results | 4th August 2025 16:16,2025-08-04,16:16,Good To Yielding,1m,Therewillbeglory (IRE),A J Slattery,0,A Slattery,2nd,3 l,3,9-3,-,True,10,9
Naas Racing Results | 4th August 2025 16:16,2025-08-04,16:16,Good To Yielding,1m,Noli Timere (IRE),C T Keane,0,M O'Callaghan,1st,N/A,3,9-3p1,77,True,10,9
Naas Racing Results | 4th August 2025 16:16,2025-08-04,16:16,Good To Yielding,1m,Hope N Pray (IRE),R P Whelan,0,J P Fahey,19th,Short Head,3,9-3,-,True,10,9
Naas Racing Results | 4th August 2025 16:16,2025-08-04,16:16,Good To Yielding,1m,Smell Of Rain (IRE),R P Cleary,0,M O'Callaghan,18th,4 1/2 l,3,9-3,-,True,10,9
Naas Racing Results | 4th August 2025 16:16,2025-08-04,16:16,Good To Yielding,1m,Mozzetta (IRE),J M Sheridan,0,P F O'Donnell,17th,6 l,3,9-3,-,True,10,9
Naas Racing Results | 4th August 2025 16:16,2025-08-04,16:16,Good To Yielding,1m,Eliza Garfield (IRE),M W Hassett,3,T Doyle,16th,2 1/4 l,3,9-3,-,True,10,9
Naas Racing Results | 4th August 2025 16:16,2025-08-04,16:16,Good To Yielding,1m,Cash Me (IRE),B M Coen,0,A Oliver,15th,2 1/2 l,3,9-3,-,True,10,9
Naas Racing Results | 4th August 2025 16:16,2025-08-04,16:16,Good To Yielding,1m,Saintly One (IRE),R Coakley,0,J S Bolger,14th,2 l,3,9-3,-,True,10,9
Naas Racing Results | 4th August 2025 16:16,2025-08-04,16:16,Good To Yielding,1m,Dolly Hello (IRE),D W O'Connor,0,R O'Sullivan,13th,1 1/4 l,3,9-3,-,True,10,9
Naas Racing Results | 4th August 2025 16:16,2025-08-04,16:16,Good To Yielding,1m,Guarded (IRE),W M Lordan,0,A P O'Brien,12th,Neck,3,9-3tp1,79,True,10,9
Naas Racing Results | 4th August 2025 16:16,2025-08-04,16:16,Good To Yielding,1m,Perfect Base (IRE),J A Heffernan,0,N Lupini,11th,1 1/4 l,3,9-3,-,True,10,9
Naas Racing Results | 4th August 2025 16:16,2025-08-04,16:16,Good To Yielding,1m,Peig Sayers (IRE),Adam Caffrey,0,Miss H McLoughlin,10th,Head,4,9-10,-,True,10,9
Naas Racing Results | 4th August 2025 16:16,2025-08-04,16:16,Good To Yielding,1m,Jess Abi (IRE),J J G Ryan,0,D K Weld,9th,1 1/2 l,3,9-3,-,True,10,9
Naas Racing Results | 4th August 2025 16:16,2025-08-04,16:16,Good To Yielding,1m,Kakori (IRE),D McMonagle,0,J P O'Brien,8th,Neck,3,9-3,-,True,10,9
Naas Racing Results | 4th August 2025 16:16,2025-08-04,16:16,Good To Yielding,1m,Crazy Bout Elvis (IRE),D P McDonogh,0,J P O'Brien,7th,2 l,3,9-3,-,True,10,9
Naas Racing Results | 4th August 2025 16:16,2025-08-04,16:16,Good To Yielding,1m,Tina's Charm (IRE),L F Roche,0,D K Weld,6th,1/2 l,3,9-3,-,True,10,9
Naas Racing Results | 4th August 2025 16:16,2025-08-04,16:16,Good To Yielding,1m,Katashuna (IRE),C D Hayes,0,D K Weld,5th,Head,3,9-3,-,True,10,9
Naas Racing Results | 4th August 2025 16:16,2025-08-04,16:16,Good To Yielding,1m,Adrienne (IRE),G F Carroll,0,T M Walsh,4th,1/2 l,3,9-3b,73,True,10,9
Naas Racing Results | 4th August 2025 16:16,2025-08-04,16:16,Good To Yielding,1m,Maarisha,A Browne-Souza,7,W P Browne,3rd,1/2 l,3,9-3,72,True,10,9
Naas Racing Results | 4th August 2025 16:16,2025-08-04,16:16,Good To Yielding,1m,Therewillbeglory (IRE),A J Slattery,0,A Slattery,2nd,3 l,3,9-3,-,True,10,9
Naas Racing Results | 4th August 2025 16:16,2025-08-04,16:16,Good To Yielding,1m,Noli Timere (IRE),C T Keane,0,M O'Callaghan,1st,N/A,3,9-3p1,77,True,10,9
Naas Racing Results | 4th August 2025 16:46,2025-08-04,16:46,Good To Yielding,5f 205y,Bullet Bourbon (IRE),R P Cleary,0,T G McCourt,21st,2 1/2 l,2,8-13,66,True,10,10
Naas Racing Results | 4th August 2025 16:46,2025-08-04,16:46,Good To Yielding,5f 205y,Gelato (IRE),L F Roche,0,K P Cotter,20th,2 3/4 l,2,8-9,-,True,10,10
Naas Racing Results | 4th August 2025 16:46,2025-08-04,16:46,Good To Yielding,5f 205y,Pints In Peace (IRE),D W O'Connor,0,Daniel McLoughlin,19th,Neck,2,9-2,-,True,10,10
Naas Racing Results | 4th August 2025 16:46,2025-08-04,16:46,Good To Yielding,5f 205y,Wicklow Gap (IRE),R Whearty,0,G P Cromwell,18th,Head,2,9-0,-,True,10,10
Naas Racing Results | 4th August 2025 16:46,2025-08-04,16:46,Good To Yielding,5f 205y,Stone Bear (IRE),J A Heffernan,0,R O'Sullivan,17th,3/4 l,2,8-11,-,True,10,10
Naas Racing Results | 4th August 2025 16:46,2025-08-04,16:46,Good To Yielding,5f 205y,Cosmic Clarets (IRE),O J Orr,0,R A Fahey,16th,3 1/2 l,2,9-2,-,True,10,10
Naas Racing Results | 4th August 2025 16:46,2025-08-04,16:46,Good To Yielding,5f 205y,Aurora Mist (IRE),A J Slattery,0,A Slattery,15th,2 l,2,8-9,-,True,10,10
Naas Racing Results | 4th August 2025 16:46,2025-08-04,16:46,Good To Yielding,5f 205y,Namiid (IRE),B M Coen,0,J P Murtagh,14th,Nose,2,9-6,81,True,10,10
Naas Racing Results | 4th August 2025 16:46,2025-08-04,16:46,Good To Yielding,5f 205y,Tropical Dreamer (IRE),T Eaves,0,K A Ryan,13th,1 l,2,9-0,80,True,10,10
Naas Racing Results | 4th August 2025 16:46,2025-08-04,16:46,Good To Yielding,5f 205y,Wild Berries (IRE),G M Ryan,0,R O'Sullivan,12th,3/4 l,2,9-1,-,True,10,10
Naas Racing Results | 4th August 2025 16:46,2025-08-04,16:46,Good To Yielding,5f 205y,Sanctijude (IRE),N M Crosse,0,W McCreery,11th,Neck,2,8-13,-,True,10,10
Naas Racing Results | 4th August 2025 16:46,2025-08-04,16:46,Good To Yielding,5f 205y,Dancing Saxon (IRE),C D Hayes,0,J P O'Brien,10th,Neck,2,8-11,-,True,10,10
Naas Racing Results | 4th August 2025 16:46,2025-08-04,16:46,Good To Yielding,5f 205y,Amiata (IRE),G F Carroll,0,G M Lyons,9th,1/2 l,2,9-8,-,True,10,10
Naas Racing Results | 4th August 2025 16:46,2025-08-04,16:46,Good To Yielding,5f 205y,There's A Chance (IRE),W M Lordan,0,K A Ryan,8th,2 1/2 l,2,8-9,74,True,10,10
Naas Racing Results | 4th August 2025 16:46,2025-08-04,16:46,Good To Yielding,5f 205y,Which Wolf Wins (IRE),M P Sheehy,0,J P O'Brien,7th,3/4 l,2,9-0,78,True,10,10
Naas Racing Results | 4th August 2025 16:46,2025-08-04,16:46,Good To Yielding,5f 205y,Green Soul (IRE),D P McDonogh,0,J P O'Brien,6th,Nose,2,9-2,87,True,10,10
Naas Racing Results | 4th August 2025 16:46,2025-08-04,16:46,Good To Yielding,5f 205y,Front Line Fury (IRE),C Shepherd,0,George Scott,5th,1/2 l,2,9-2,90,True,10,10
Naas Racing Results | 4th August 2025 16:46,2025-08-04,16:46,Good To Yielding,5f 205y,Jel Pepper (IRE),H Crouch,0,P & O Cole,4th,2 l,2,9-0,100,True,10,10
Naas Racing Results | 4th August 2025 16:46,2025-08-04,16:46,Good To Yielding,5f 205y,Unbreakable Duke (IRE),K J Leonard,0,D Dias,3rd,3/4 l,2,9-0,-,True,10,10
Naas Racing Results | 4th August 2025 16:46,2025-08-04,16:46,Good To Yielding,5f 205y,Summer Is Tomorrow (IRE),D McMonagle,0,J P O'Brien,2nd,Nose,2,9-4,86,True,10,10
Naas Racing Results | 4th August 2025 16:46,2025-08-04,16:46,Good To Yielding,5f 205y,Howd'yadoit (IRE),C T Keane,0,G M Lyons,1st,N/A,2,9-0,87,True,10,10
Naas Racing Results | 4th August 2025 16:46,2025-08-04,16:46,Good To Yielding,5f 205y,Bullet Bourbon (IRE),R P Cleary,0,T G McCourt,21st,2 1/2 l,2,8-13,66,True,10,10
Naas Racing Results | 4th August 2025 16:46,2025-08-04,16:46,Good To Yielding,5f 205y,Gelato (IRE),L F Roche,0,K P Cotter,20th,2 3/4 l,2,8-9,-,True,10,10
Naas Racing Results | 4th August 2025 16:46,2025-08-04,16:46,Good To Yielding,5f 205y,Pints In Peace (IRE),D W O'Connor,0,Daniel McLoughlin,19th,Neck,2,9-2,-,True,10,10
Naas Racing Results | 4th August 2025 16:46,2025-08-04,16:46,Good To Yielding,5f 205y,Wicklow Gap (IRE),R Whearty,0,G P Cromwell,18th,Head,2,9-0,-,True,10,10
Naas Racing Results | 4th August 2025 16:46,2025-08-04,16:46,Good To Yielding,5f 205y,Stone Bear (IRE),J A Heffernan,0,R O'Sullivan,17th,3/4 l,2,8-11,-,True,10,10
Naas Racing Results | 4th August 2025 16:46,2025-08-04,16:46,Good To Yielding,5f 205y,Cosmic Clarets (IRE),O J Orr,0,R A Fahey,16th,3 1/2 l,2,9-2,-,True,10,10
Naas Racing Results | 4th August 2025 16:46,2025-08-04,16:46,Good To Yielding,5f 205y,Aurora Mist (IRE),A J Slattery,0,A Slattery,15th,2 l,2,8-9,-,True,10,10
Naas Racing Results | 4th August 2025 16:46,2025-08-04,16:46,Good To Yielding,5f 205y,Namiid (IRE),B M Coen,0,J P Murtagh,14th,Nose,2,9-6,81,True,10,10
Naas Racing Results | 4th August 2025 16:46,2025-08-04,16:46,Good To Yielding,5f 205y,Tropical Dreamer (IRE),T Eaves,0,K A Ryan,13th,1 l,2,9-0,80,True,10,10
Naas Racing Results | 4th August 2025 16:46,2025-08-04,16:46,Good To Yielding,5f 205y,Wild Berries (IRE),G M Ryan,0,R O'Sullivan,12th,3/4 l,2,9-1,-,True,10,10
Naas Racing Results | 4th August 2025 16:46,2025-08-04,16:46,Good To Yielding,5f 205y,Sanctijude (IRE),N M Crosse,0,W McCreery,11th,Neck,2,8-13,-,True,10,10
Naas Racing Results | 4th August 2025 16:46,2025-08-04,16:46,Good To Yielding,5f 205y,Dancing Saxon (IRE),C D Hayes,0,J P O'Brien,10th,Neck,2,8-11,-,True,10,10
Naas Racing Results | 4th August 2025 16:46,2025-08-04,16:46,Good To Yielding,5f 205y,Amiata (IRE),G F Carroll,0,G M Lyons,9th,1/2 l,2,9-8,-,True,10,10
Naas Racing Results | 4th August 2025 16:46,2025-08-04,16:46,Good To Yielding,5f 205y,There's A Chance (IRE),W M Lordan,0,K A Ryan,8th,2 1/2 l,2,8-9,74,True,10,10
Naas Racing Results | 4th August 2025 16:46,2025-08-04,16:46,Good To Yielding,5f 205y,Which Wolf Wins (IRE),M P Sheehy,0,J P O'Brien,7th,3/4 l,2,9-0,78,True,10,10
Naas Racing Results | 4th August 2025 16:46,2025-08-04,16:46,Good To Yielding,5f 205y,Green Soul (IRE),D P McDonogh,0,J P O'Brien,6th,Nose,2,9-2,87,True,10,10
Naas Racing Results | 4th August 2025 16:46,2025-08-04,16:46,Good To Yielding,5f 205y,Front Line Fury (IRE),C Shepherd,0,George Scott,5th,1/2 l,2,9-2,90,True,10,10
Naas Racing Results | 4th August 2025 16:46,2025-08-04,16:46,Good To Yielding,5f 205y,Jel Pepper (IRE),H Crouch,0,P & O Cole,4th,2 l,2,9-0,100,True,10,10
Naas Racing Results | 4th August 2025 16:46,2025-08-04,16:46,Good To Yielding,5f 205y,Unbreakable Duke (IRE),K J Leonard,0,D Dias,3rd,3/4 l,2,9-0,-,True,10,10
Naas Racing Results | 4th August 2025 16:46,2025-08-04,16:46,Good To Yielding,5f 205y,Summer Is Tomorrow (IRE),D McMonagle,0,J P O'Brien,2nd,Nose,2,9-4,86,True,10,10
Naas Racing Results | 4th August 2025 16:46,2025-08-04,16:46,Good To Yielding,5f 205y,Howd'yadoit (IRE),C T Keane,0,G M Lyons,1st,N/A,2,9-0,87,True,10,10
Naas Racing Results | 4th August 2025 17:16,2025-08-04,17:16,Good To Yielding,1m 2f 84y,Smaoineamh Sile,L F Roche,0,Conor Maxwell,16th,1 3/4 l,7,8-11,62,True,10,11
Naas Racing Results | 4th August 2025 17:16,2025-08-04,17:16,Good To Yielding,1m 2f 84y,Eyetrap,Nicola Burns,7,R P Burns,15th,Neck,5,9-8,73,True,10,11
Naas Racing Results | 4th August 2025 17:16,2025-08-04,17:16,Good To Yielding,1m 2f 84y,Lough Leane (IRE),J Pietropaolo,7,Maurice Ahern,14th,1 l,5,9-10,75,True,10,11
Naas Racing Results | 4th August 2025 17:16,2025-08-04,17:16,Good To Yielding,1m 2f 84y,Tiscommonknowledge (IRE),J A Heffernan,0,P Roche,13th,6 l,4,9-1,66,True,10,11
Naas Racing Results | 4th August 2025 17:16,2025-08-04,17:16,Good To Yielding,1m 2f 84y,Purple Sky (IRE),D P McDonogh,0,J S Bolger,12th,Short Head,4,9-2t,67,True,10,11
Naas Racing Results | 4th August 2025 17:16,2025-08-04,17:16,Good To Yielding,1m 2f 84y,Green Icon (FR),J M Sheridan,0,D Hogan,11th,1 3/4 l,3,8-13,72,True,10,11
Naas Racing Results | 4th August 2025 17:16,2025-08-04,17:16,Good To Yielding,1m 2f 84y,Doctor Grace (IRE),S Coen,7,A McGuinness,10th,1 l,5,9-6p,71,True,10,11
Naas Racing Results | 4th August 2025 17:16,2025-08-04,17:16,Good To Yielding,1m 2f 84y,Voice Of Reason (IRE),P McGettigan,7,W Delahunty,9th,1/2 l,5,9-11,76,True,10,11
Naas Racing Results | 4th August 2025 17:16,2025-08-04,17:16,Good To Yielding,1m 2f 84y,Letiza (IRE),G F Carroll,0,H De Bromhead,8th,1/2 l,5,9-11,76,True,10,11
Naas Racing Results | 4th August 2025 17:16,2025-08-04,17:16,Good To Yielding,1m 2f 84y,Zipster (IRE),D S O'Sullivan,7,Gerard O'Leary,7th,1/2 l,4,9-12,77,True,10,11
Naas Racing Results | 4th August 2025 17:16,2025-08-04,17:16,Good To Yielding,1m 2f 84y,Autocrat (IRE),K G Kennedy,5,R Donohoe,6th,1/2 l,5,9-4b,69,True,10,11
Naas Racing Results | 4th August 2025 17:16,2025-08-04,17:16,Good To Yielding,1m 2f 84y,Molto Amichi (IRE),C T Keane,0,E Griffin,5th,Short Head,4,10-0,79,True,10,11
Naas Racing Results | 4th August 2025 17:16,2025-08-04,17:16,Good To Yielding,1m 2f 84y,Jr Mahon (IRE),Adam Caffrey,0,Ian Donoghue,4th,Short Head,3,8-11,70,True,10,11
Naas Racing Results | 4th August 2025 17:16,2025-08-04,17:16,Good To Yielding,1m 2f 84y,Keilah (IRE),N M Crosse,0,W McCreery,3rd,Head,5,8-10,61,True,10,11
Naas Racing Results | 4th August 2025 17:16,2025-08-04,17:16,Good To Yielding,1m 2f 84y,Some Good Men Gone (FR),A J Slattery,0,A Slattery,2nd,2 3/4 l,3,8-11,70,True,10,11
Naas Racing Results | 4th August 2025 17:16,2025-08-04,17:16,Good To Yielding,1m 2f 84y,Ob La Di (IRE),B M Coen,0,J P Murtagh,1st,N/A,4,9-13tp,78,True,10,11
Naas Racing Results | 4th August 2025 17:16,2025-08-04,17:16,Good To Yielding,1m 2f 84y,Smaoineamh Sile,L F Roche,0,Conor Maxwell,16th,1 3/4 l,7,8-11,62,True,10,11
Naas Racing Results | 4th August 2025 17:16,2025-08-04,17:16,Good To Yielding,1m 2f 84y,Eyetrap,Nicola Burns,7,R P Burns,15th,Neck,5,9-8,73,True,10,11
Naas Racing Results | 4th August 2025 17:16,2025-08-04,17:16,Good To Yielding,1m 2f 84y,Lough Leane (IRE),J Pietropaolo,7,Maurice Ahern,14th,1 l,5,9-10,75,True,10,11
Naas Racing Results | 4th August 2025 17:16,2025-08-04,17:16,Good To Yielding,1m 2f 84y,Tiscommonknowledge (IRE),J A Heffernan,0,P Roche,13th,6 l,4,9-1,66,True,10,11
Naas Racing Results | 4th August 2025 17:16,2025-08-04,17:16,Good To Yielding,1m 2f 84y,Purple Sky (IRE),D P McDonogh,0,J S Bolger,12th,Short Head,4,9-2t,67,True,10,11
Naas Racing Results | 4th August 2025 17:16,2025-08-04,17:16,Good To Yielding,1m 2f 84y,Green Icon (FR),J M Sheridan,0,D Hogan,11th,1 3/4 l,3,8-13,72,True,10,11
Naas Racing Results | 4th August 2025 17:16,2025-08-04,17:16,Good To Yielding,1m 2f 84y,Doctor Grace (IRE),S Coen,7,A McGuinness,10th,1 l,5,9-6p,71,True,10,11
Naas Racing Results | 4th August 2025 17:16,2025-08-04,17:16,Good To Yielding,1m 2f 84y,Voice Of Reason (IRE),P McGettigan,7,W Delahunty,9th,1/2 l,5,9-11,76,True,10,11
Naas Racing Results | 4th August 2025 17:16,2025-08-04,17:16,Good To Yielding,1m 2f 84y,Letiza (IRE),G F Carroll,0,H De Bromhead,8th,1/2 l,5,9-11,76,True,10,11
Naas Racing Results | 4th August 2025 17:16,2025-08-04,17:16,Good To Yielding,1m 2f 84y,Zipster (IRE),D S O'Sullivan,7,Gerard O'Leary,7th,1/2 l,4,9-12,77,True,10,11
Naas Racing Results | 4th August 2025 17:16,2025-08-04,17:16,Good To Yielding,1m 2f 84y,Autocrat (IRE),K G Kennedy,5,R Donohoe,6th,1/2 l,5,9-4b,69,True,10,11
Naas Racing Results | 4th August 2025 17:16,2025-08-04,17:16,Good To Yielding,1m 2f 84y,Molto Amichi (IRE),C T Keane,0,E Griffin,5th,Short Head,4,10-0,79,True,10,11
Naas Racing Results | 4th August 2025 17:16,2025-08-04,17:16,Good To Yielding,1m 2f 84y,Jr Mahon (IRE),Adam Caffrey,0,Ian Donoghue,4th,Short Head,3,8-11,70,True,10,11
Naas Racing Results | 4th August 2025 17:16,2025-08-04,17:16,Good To Yielding,1m 2f 84y,Keilah (IRE),N M Crosse,0,W McCreery,3rd,Head,5,8-10,61,True,10,11
Naas Racing Results | 4th August 2025 17:16,2025-08-04,17:16,Good To Yielding,1m 2f 84y,Some Good Men Gone (FR),A J Slattery,0,A Slattery,2nd,2 3/4 l,3,8-11,70,True,10,11
Naas Racing Results | 4th August 2025 17:16,2025-08-04,17:16,Good To Yielding,1m 2f 84y,Ob La Di (IRE),B M Coen,0,J P Murtagh,1st,N/A,4,9-13tp,78,True,10,11
Roscommon Racing Results | 5th August 2025 16:38,2025-08-05,16:38,Good To Yielding (Good In Places),2m 4f 59y,Eden Valley (IRE),Mr D Doyle,7,T Doyle,PU,N/A,7,11-12,-,True,10,12
Roscommon Racing Results | 5th August 2025 16:38,2025-08-05,16:38,Good To Yielding (Good In Places),2m 4f 59y,Accustomed (IRE),D King,0,E D Delany,F,N/A,5,11-12,-,True,10,12
Roscommon Racing Results | 5th August 2025 16:38,2025-08-05,16:38,Good To Yielding (Good In Places),2m 4f 59y,Tamberian (IRE),K E Buckley,0,Conor Maxwell,13th,29 l,5,11-12,-,True,10,12
Roscommon Racing Results | 5th August 2025 16:38,2025-08-05,16:38,Good To Yielding (Good In Places),2m 4f 59y,Halo Halo (IRE),Mr L Burke-Ott,7,Miss J M Lee,12th,1 3/4 l,5,11-5t1,-,True,10,12
Roscommon Racing Results | 5th August 2025 16:38,2025-08-05,16:38,Good To Yielding (Good In Places),2m 4f 59y,Fourtwofour (IRE),B W Harvey,0,C Collins,11th,1 3/4 l,4,11-8,-,True,10,12
Roscommon Racing Results | 5th August 2025 16:38,2025-08-05,16:38,Good To Yielding (Good In Places),2m 4f 59y,Beau Coup (FR),J C Gainford,0,C Bowe,10th,19 l,5,11-12p1,-,True,10,12
Roscommon Racing Results | 5th August 2025 16:38,2025-08-05,16:38,Good To Yielding (Good In Places),2m 4f 59y,Gaoithe Glory (IRE),J Coen,3,E McNamara,9th,20 l,5,11-12t,-,True,10,12
Roscommon Racing Results | 5th August 2025 16:38,2025-08-05,16:38,Good To Yielding (Good In Places),2m 4f 59y,Krishna Bellevue (FR),D Meyler,0,R O'Sullivan,8th,2 l,5,11-12b1,-,True,10,12
Roscommon Racing Results | 5th August 2025 16:38,2025-08-05,16:38,Good To Yielding (Good In Places),2m 4f 59y,Noticebox,K M Donoghue,0,G P Cromwell,7th,5 1/2 l,5,11-12h,115,True,10,12
Roscommon Racing Results | 5th August 2025 16:38,2025-08-05,16:38,Good To Yielding (Good In Places),2m 4f 59y,March On Dave (IRE),C M Quirke,0,M O Quigley,6th,13 l,8,11-12,-,True,10,12
Roscommon Racing Results | 5th August 2025 16:38,2025-08-05,16:38,Good To Yielding (Good In Places),2m 4f 59y,Jetaway Nana (IRE),D J Gilligan,0,C Collins,5th,1/2 l,5,11-5,-,True,10,12
Roscommon Racing Results | 5th August 2025 16:38,2025-08-05,16:38,Good To Yielding (Good In Places),2m 4f 59y,Tangara Bay (FR),D J O'Keeffe,0,H De Bromhead,4th,1 l,5,11-5,-,True,10,12
Roscommon Racing Results | 5th August 2025 16:38,2025-08-05,16:38,Good To Yielding (Good In Places),2m 4f 59y,Jazzy Rock (IRE),A Harvey,5,Francis Casey,3rd,8 l,6,11-5,-,True,10,12
Roscommon Racing Results | 5th August 2025 16:38,2025-08-05,16:38,Good To Yielding (Good In Places),2m 4f 59y,Following Orders (IRE),C M Hogan,7,P J Rothwell,2nd,1 1/4 l,5,11-12,106,True,10,12
Roscommon Racing Results | 5th August 2025 16:38,2025-08-05,16:38,Good To Yielding (Good In Places),2m 4f 59y,Power Of Words (IRE),J W Kennedy,0,G Elliott,1st,N/A,4,11-8h,110,True,10,12
Roscommon Racing Results | 5th August 2025 16:38,2025-08-05,16:38,Good To Yielding (Good In Places),2m 4f 59y,Eden Valley (IRE),Mr D Doyle,7,T Doyle,PU,N/A,7,11-12,-,True,10,12
Roscommon Racing Results | 5th August 2025 16:38,2025-08-05,16:38,Good To Yielding (Good In Places),2m 4f 59y,Accustomed (IRE),D King,0,E D Delany,F,N/A,5,11-12,-,True,10,12
Roscommon Racing Results | 5th August 2025 16:38,2025-08-05,16:38,Good To Yielding (Good In Places),2m 4f 59y,Tamberian (IRE),K E Buckley,0,Conor Maxwell,13th,29 l,5,11-12,-,True,10,12
Roscommon Racing Results | 5th August 2025 16:38,2025-08-05,16:38,Good To Yielding (Good In Places),2m 4f 59y,Halo Halo (IRE),Mr L Burke-Ott,7,Miss J M Lee,12th,1 3/4 l,5,11-5t1,-,True,10,12
Roscommon Racing Results | 5th August 2025 16:38,2025-08-05,16:38,Good To Yielding (Good In Places),2m 4f 59y,Fourtwofour (IRE),B W Harvey,0,C Collins,11th,1 3/4 l,4,11-8,-,True,10,12
Roscommon Racing Results | 5th August 2025 16:38,2025-08-05,16:38,Good To Yielding (Good In Places),2m 4f 59y,Beau Coup (FR),J C Gainford,0,C Bowe,10th,19 l,5,11-12p1,-,True,10,12
Roscommon Racing Results | 5th August 2025 16:38,2025-08-05,16:38,Good To Yielding (Good In Places),2m 4f 59y,Gaoithe Glory (IRE),J Coen,3,E McNamara,9th,20 l,5,11-12t,-,True,10,12
Roscommon Racing Results | 5th August 2025 16:38,2025-08-05,16:38,Good To Yielding (Good In Places),2m 4f 59y,Krishna Bellevue (FR),D Meyler,0,R O'Sullivan,8th,2 l,5,11-12b1,-,True,10,12
Roscommon Racing Results | 5th August 2025 16:38,2025-08-05,16:38,Good To Yielding (Good In Places),2m 4f 59y,Noticebox,K M Donoghue,0,G P Cromwell,7th,5 1/2 l,5,11-12h,115,True,10,12
Roscommon Racing Results | 5th August 2025 16:38,2025-08-05,16:38,Good To Yielding (Good In Places),2m 4f 59y,March On Dave (IRE),C M Quirke,0,M O Quigley,6th,13 l,8,11-12,-,True,10,12
Roscommon Racing Results | 5th August 2025 16:38,2025-08-05,16:38,Good To Yielding (Good In Places),2m 4f 59y,Jetaway Nana (IRE),D J Gilligan,0,C Collins,5th,1/2 l,5,11-5,-,True,10,12
Roscommon Racing Results | 5th August 2025 16:38,2025-08-05,16:38,Good To Yielding (Good In Places),2m 4f 59y,Tangara Bay (FR),D J O'Keeffe,0,H De Bromhead,4th,1 l,5,11-5,-,True,10,12
Roscommon Racing Results | 5th August 2025 16:38,2025-08-05,16:38,Good To Yielding (Good In Places),2m 4f 59y,Jazzy Rock (IRE),A Harvey,5,Francis Casey,3rd,8 l,6,11-5,-,True,10,12
Roscommon Racing Results | 5th August 2025 16:38,2025-08-05,16:38,Good To Yielding (Good In Places),2m 4f 59y,Following Orders (IRE),C M Hogan,7,P J Rothwell,2nd,1 1/4 l,5,11-12,106,True,10,12
Roscommon Racing Results | 5th August 2025 16:38,2025-08-05,16:38,Good To Yielding (Good In Places),2m 4f 59y,Power Of Words (IRE),J W Kennedy,0,G Elliott,1st,N/A,4,11-8h,110,True,10,12
Roscommon Racing Results | 5th August 2025 17:10,2025-08-05,17:10,Good To Yielding (Good In Places),1m 7f 110y,Silk Degrees (IRE),Sam Ewing,0,S R B Crawford,15th,21 l,4,11-1,-,True,10,13
Roscommon Racing Results | 5th August 2025 17:10,2025-08-05,17:10,Good To Yielding (Good In Places),1m 7f 110y,River Derwent,A Harvey,5,Thomas Coyle,14th,6 1/2 l,7,11-12t,-,True,10,13
Roscommon Racing Results | 5th August 2025 17:10,2025-08-05,17:10,Good To Yielding (Good In Places),1m 7f 110y,Morning Mayhem,R A Doyle,0,P Flood,13th,7 l,4,11-1,-,True,10,13
Roscommon Racing Results | 5th August 2025 17:10,2025-08-05,17:10,Good To Yielding (Good In Places),1m 7f 110y,Burlington House (FR),P T Enright,0,O McKiernan,12th,1 3/4 l,4,11-1h1,-,True,10,13
Roscommon Racing Results | 5th August 2025 17:10,2025-08-05,17:10,Good To Yielding (Good In Places),1m 7f 110y,Keaner's Boy (IRE),Mr B M Coonan,7,V C Ward,11th,2 1/2 l,5,11-4,-,True,10,13
Roscommon Racing Results | 5th August 2025 17:10,2025-08-05,17:10,Good To Yielding (Good In Places),1m 7f 110y,Roman Harry (IRE),J Smith,5,C O'Connell,10th,7 l,5,11-12ht,-,True,10,13
Roscommon Racing Results | 5th August 2025 17:10,2025-08-05,17:10,Good To Yielding (Good In Places),1m 7f 110y,Bella Colombia (IRE),D J O'Keeffe,0,S K Ryder,9th,3 1/4 l,4,11-2,-,True,10,13
Roscommon Racing Results | 5th August 2025 17:10,2025-08-05,17:10,Good To Yielding (Good In Places),1m 7f 110y,Breezingwithdstars (IRE),S F O'Keeffe,0,M Flannery,8th,3 l,5,11-4,-,True,10,13
Roscommon Racing Results | 5th August 2025 17:10,2025-08-05,17:10,Good To Yielding (Good In Places),1m 7f 110y,Miss Bella Vista (IRE),P M O'Brien,5,D A McLoughlin,7th,3 1/4 l,4,10-8,-,True,10,13
Roscommon Racing Results | 5th August 2025 17:10,2025-08-05,17:10,Good To Yielding (Good In Places),1m 7f 110y,Rosie's Wings (IRE),P J O'Hanlon,0,L Fowler,6th,4 l,5,11-4,-,True,10,13
Roscommon Racing Results | 5th August 2025 17:10,2025-08-05,17:10,Good To Yielding (Good In Places),1m 7f 110y,Zaryagle (IRE),S D Torrens,0,P J Rothwell,5th,3 1/2 l,4,11-1,-,True,10,13
Roscommon Racing Results | 5th August 2025 17:10,2025-08-05,17:10,Good To Yielding (Good In Places),1m 7f 110y,Scottish Reel (IRE),A M King,7,M M McNiff,4th,10 l,4,11-1t1,-,True,10,13
Roscommon Racing Results | 5th August 2025 17:10,2025-08-05,17:10,Good To Yielding (Good In Places),1m 7f 110y,Cool Summer (IRE),D Meyler,0,Miss H McLoughlin,3rd,1 l,5,10-11h,-,True,10,13
Roscommon Racing Results | 5th August 2025 17:10,2025-08-05,17:10,Good To Yielding (Good In Places),1m 7f 110y,Firebrand (GER),D King,0,J Nallen,2nd,2 l,5,11-12tp,108,True,10,13
Roscommon Racing Results | 5th August 2025 17:10,2025-08-05,17:10,Good To Yielding (Good In Places),1m 7f 110y,Laurie Blue (IRE),J C Gainford,0,E D Delany,1st,N/A,7,10-11t,97,True,10,13
Roscommon Racing Results | 5th August 2025 17:10,2025-08-05,17:10,Good To Yielding (Good In Places),1m 7f 110y,Silk Degrees (IRE),Sam Ewing,0,S R B Crawford,15th,21 l,4,11-1,-,True,10,13
Roscommon Racing Results | 5th August 2025 17:10,2025-08-05,17:10,Good To Yielding (Good In Places),1m 7f 110y,River Derwent,A Harvey,5,Thomas Coyle,14th,6 1/2 l,7,11-12t,-,True,10,13
Roscommon Racing Results | 5th August 2025 17:10,2025-08-05,17:10,Good To Yielding (Good In Places),1m 7f 110y,Morning Mayhem,R A Doyle,0,P Flood,13th,7 l,4,11-1,-,True,10,13
Roscommon Racing Results | 5th August 2025 17:10,2025-08-05,17:10,Good To Yielding (Good In Places),1m 7f 110y,Burlington House (FR),P T Enright,0,O McKiernan,12th,1 3/4 l,4,11-1h1,-,True,10,13
Roscommon Racing Results | 5th August 2025 17:10,2025-08-05,17:10,Good To Yielding (Good In Places),1m 7f 110y,Keaner's Boy (IRE),Mr B M Coonan,7,V C Ward,11th,2 1/2 l,5,11-4,-,True,10,13
Roscommon Racing Results | 5th August 2025 17:10,2025-08-05,17:10,Good To Yielding (Good In Places),1m 7f 110y,Roman Harry (IRE),J Smith,5,C O'Connell,10th,7 l,5,11-12ht,-,True,10,13
Roscommon Racing Results | 5th August 2025 17:10,2025-08-05,17:10,Good To Yielding (Good In Places),1m 7f 110y,Bella Colombia (IRE),D J O'Keeffe,0,S K Ryder,9th,3 1/4 l,4,11-2,-,True,10,13
Roscommon Racing Results | 5th August 2025 17:10,2025-08-05,17:10,Good To Yielding (Good In Places),1m 7f 110y,Breezingwithdstars (IRE),S F O'Keeffe,0,M Flannery,8th,3 l,5,11-4,-,True,10,13
Roscommon Racing Results | 5th August 2025 17:10,2025-08-05,17:10,Good To Yielding (Good In Places),1m 7f 110y,Miss Bella Vista (IRE),P M O'Brien,5,D A McLoughlin,7th,3 1/4 l,4,10-8,-,True,10,13
Roscommon Racing Results | 5th August 2025 17:10,2025-08-05,17:10,Good To Yielding (Good In Places),1m 7f 110y,Rosie's Wings (IRE),P J O'Hanlon,0,L Fowler,6th,4 l,5,11-4,-,True,10,13
Roscommon Racing Results | 5th August 2025 17:10,2025-08-05,17:10,Good To Yielding (Good In Places),1m 7f 110y,Zaryagle (IRE),S D Torrens,0,P J Rothwell,5th,3 1/2 l,4,11-1,-,True,10,13
Roscommon Racing Results | 5th August 2025 17:10,2025-08-05,17:10,Good To Yielding (Good In Places),1m 7f 110y,Scottish Reel (IRE),A M King,7,M M McNiff,4th,10 l,4,11-1t1,-,True,10,13
Roscommon Racing Results | 5th August 2025 17:10,2025-08-05,17:10,Good To Yielding (Good In Places),1m 7f 110y,Cool Summer (IRE),D Meyler,0,Miss H McLoughlin,3rd,1 l,5,10-11h,-,True,10,13
Roscommon Racing Results | 5th August 2025 17:10,2025-08-05,17:10,Good To Yielding (Good In Places),1m 7f 110y,Firebrand (GER),D King,0,J Nallen,2nd,2 l,5,11-12tp,108,True,10,13
Roscommon Racing Results | 5th August 2025 17:10,2025-08-05,17:10,Good To Yielding (Good In Places),1m 7f 110y,Laurie Blue (IRE),J C Gainford,0,E D Delany,1st,N/A,7,10-11t,97,True,10,13
Roscommon Racing Results | 5th August 2025 17:45,2025-08-05,17:45,Good To Yielding (Good In Places),1m 7f 110y,San Franco (IRE),P M O'Brien,5,D A McLoughlin,PU,N/A,5,11-4p1,-,True,10,14
Roscommon Racing Results | 5th August 2025 17:45,2025-08-05,17:45,Good To Yielding (Good In Places),1m 7f 110y,Timurshah (IRE),A P Kelly,3,P Byrne,14th,17 l,4,11-1,-,True,10,14
Roscommon Racing Results | 5th August 2025 17:45,2025-08-05,17:45,Good To Yielding (Good In Places),1m 7f 110y,Saviour Blu (IRE),C M Quirke,0,M Flannery,13th,1 1/2 l,6,11-4,-,True,10,14
Roscommon Racing Results | 5th August 2025 17:45,2025-08-05,17:45,Good To Yielding (Good In Places),1m 7f 110y,Youknowme (IRE),R A Doyle,0,P J Rothwell,12th,6 1/2 l,4,11-1,-,True,10,14
Roscommon Racing Results | 5th August 2025 17:45,2025-08-05,17:45,Good To Yielding (Good In Places),1m 7f 110y,Camlin Park (IRE),A Harvey,5,J C McConnell,11th,3/4 l,5,10-11t1,-,True,10,14
Roscommon Racing Results | 5th August 2025 17:45,2025-08-05,17:45,Good To Yielding (Good In Places),1m 7f 110y,Big Dee (IRE),G B Noonan,5,E McCarthy,10th,2 l,6,11-12h,-,True,10,14
Roscommon Racing Results | 5th August 2025 17:45,2025-08-05,17:45,Good To Yielding (Good In Places),1m 7f 110y,El Regalo (IRE),D King,0,S K Ryder,9th,9 l,4,11-1,-,True,10,14
Roscommon Racing Results | 5th August 2025 17:45,2025-08-05,17:45,Good To Yielding (Good In Places),1m 7f 110y,Bossy Bird (IRE),D J Gilligan,0,T Gibney,8th,17 l,5,10-11t,-,True,10,14
Roscommon Racing Results | 5th August 2025 17:45,2025-08-05,17:45,Good To Yielding (Good In Places),1m 7f 110y,Mon Sheriffe,C M Hogan,7,P J Rothwell,7th,Head,4,11-1,-,True,10,14
Roscommon Racing Results | 5th August 2025 17:45,2025-08-05,17:45,Good To Yielding (Good In Places),1m 7f 110y,We're Back Again (IRE),D J O'Keeffe,0,P Griffin,6th,4 1/2 l,4,11-1,-,True,10,14
Roscommon Racing Results | 5th August 2025 17:45,2025-08-05,17:45,Good To Yielding (Good In Places),1m 7f 110y,Ned In The Park (IRE),Mr D Doyle,7,T Doyle,5th,Head,6,11-4h,107,True,10,14
Roscommon Racing Results | 5th August 2025 17:45,2025-08-05,17:45,Good To Yielding (Good In Places),1m 7f 110y,Oh Janey (IRE),Sam Ewing,0,S R B Crawford,4th,1/2 l,5,10-11t,-,True,10,14
Roscommon Racing Results | 5th August 2025 17:45,2025-08-05,17:45,Good To Yielding (Good In Places),1m 7f 110y,Chantilly Wings (IRE),J C Gainford,0,C Collins,3rd,2 1/2 l,4,11-1,-,True,10,14
Roscommon Racing Results | 5th August 2025 17:45,2025-08-05,17:45,Good To Yielding (Good In Places),1m 7f 110y,Bold Fury (IRE),Mr T C Kileff,7,S R B Crawford,2nd,1 3/4 l,6,11-4h,-,True,10,14
Roscommon Racing Results | 5th August 2025 17:45,2025-08-05,17:45,Good To Yielding (Good In Places),1m 7f 110y,Yosemite Gold,P T Enright,0,E Doyle,1st,N/A,4,11-1,109,True,10,14
Roscommon Racing Results | 5th August 2025 17:45,2025-08-05,17:45,Good To Yielding (Good In Places),1m 7f 110y,San Franco (IRE),P M O'Brien,5,D A McLoughlin,PU,N/A,5,11-4p1,-,True,10,14
Roscommon Racing Results | 5th August 2025 17:45,2025-08-05,17:45,Good To Yielding (Good In Places),1m 7f 110y,Timurshah (IRE),A P Kelly,3,P Byrne,14th,17 l,4,11-1,-,True,10,14
Roscommon Racing Results | 5th August 2025 17:45,2025-08-05,17:45,Good To Yielding (Good In Places),1m 7f 110y,Saviour Blu (IRE),C M Quirke,0,M Flannery,13th,1 1/2 l,6,11-4,-,True,10,14
Roscommon Racing Results | 5th August 2025 17:45,2025-08-05,17:45,Good To Yielding (Good In Places),1m 7f 110y,Youknowme (IRE),R A Doyle,0,P J Rothwell,12th,6 1/2 l,4,11-1,-,True,10,14
Roscommon Racing Results | 5th August 2025 17:45,2025-08-05,17:45,Good To Yielding (Good In Places),1m 7f 110y,Camlin Park (IRE),A Harvey,5,J C McConnell,11th,3/4 l,5,10-11t1,-,True,10,14
Roscommon Racing Results | 5th August 2025 17:45,2025-08-05,17:45,Good To Yielding (Good In Places),1m 7f 110y,Big Dee (IRE),G B Noonan,5,E McCarthy,10th,2 l,6,11-12h,-,True,10,14
Roscommon Racing Results | 5th August 2025 17:45,2025-08-05,17:45,Good To Yielding (Good In Places),1m 7f 110y,El Regalo (IRE),D King,0,S K Ryder,9th,9 l,4,11-1,-,True,10,14
Roscommon Racing Results | 5th August 2025 17:45,2025-08-05,17:45,Good To Yielding (Good In Places),1m 7f 110y,Bossy Bird (IRE),D J Gilligan,0,T Gibney,8th,17 l,5,10-11t,-,True,10,14
Roscommon Racing Results | 5th August 2025 17:45,2025-08-05,17:45,Good To Yielding (Good In Places),1m 7f 110y,Mon Sheriffe,C M Hogan,7,P J Rothwell,7th,Head,4,11-1,-,True,10,14
Roscommon Racing Results | 5th August 2025 17:45,2025-08-05,17:45,Good To Yielding (Good In Places),1m 7f 110y,We're Back Again (IRE),D J O'Keeffe,0,P Griffin,6th,4 1/2 l,4,11-1,-,True,10,14
Roscommon Racing Results | 5th August 2025 17:45,2025-08-05,17:45,Good To Yielding (Good In Places),1m 7f 110y,Ned In The Park (IRE),Mr D Doyle,7,T Doyle,5th,Head,6,11-4h,107,True,10,14
Roscommon Racing Results | 5th August 2025 17:45,2025-08-05,17:45,Good To Yielding (Good In Places),1m 7f 110y,Oh Janey (IRE),Sam Ewing,0,S R B Crawford,4th,1/2 l,5,10-11t,-,True,10,14
Roscommon Racing Results | 5th August 2025 17:45,2025-08-05,17:45,Good To Yielding (Good In Places),1m 7f 110y,Chantilly Wings (IRE),J C Gainford,0,C Collins,3rd,2 1/2 l,4,11-1,-,True,10,14
Roscommon Racing Results | 5th August 2025 17:45,2025-08-05,17:45,Good To Yielding (Good In Places),1m 7f 110y,Bold Fury (IRE),Mr T C Kileff,7,S R B Crawford,2nd,1 3/4 l,6,11-4h,-,True,10,14
Roscommon Racing Results | 5th August 2025 17:45,2025-08-05,17:45,Good To Yielding (Good In Places),1m 7f 110y,Yosemite Gold,P T Enright,0,E Doyle,1st,N/A,4,11-1,109,True,10,14
Roscommon Racing Results | 5th August 2025 18:20,2025-08-05,18:20,Good To Yielding (Good In Places),3m,Emily's Choice (IRE),E Staples,7,C Bowe,16th,5 1/2 l,7,10-12b1,96,True,10,15
Roscommon Racing Results | 5th August 2025 18:20,2025-08-05,18:20,Good To Yielding (Good In Places),3m,Grace Faraday (IRE),E Finegan,7,A McCann,15th,19 l,7,10-9h,93,True,10,15
Roscommon Racing Results | 5th August 2025 18:20,2025-08-05,18:20,Good To Yielding (Good In Places),3m,Scottish Dancer (IRE),C M Quirke,0,E Doyle,14th,25 l,6,10-10tb,94,True,10,15
Roscommon Racing Results | 5th August 2025 18:20,2025-08-05,18:20,Good To Yielding (Good In Places),3m,Adaliz (GER),D J O'Keeffe,0,H De Bromhead,13th,1 3/4 l,5,11-5p,103,True,10,15
Roscommon Racing Results | 5th August 2025 18:20,2025-08-05,18:20,Good To Yielding (Good In Places),3m,Zefiro Dodville (FR),H E Sexton,7,A Sexton,12th,8 l,7,11-11p,109,True,10,15
Roscommon Racing Results | 5th August 2025 18:20,2025-08-05,18:20,Good To Yielding (Good In Places),3m,Ballyglass Beauty (IRE),R A Berry,7,L P Cusack,11th,1 1/4 l,9,11-5,103,True,10,15
Roscommon Racing Results | 5th August 2025 18:20,2025-08-05,18:20,Good To Yielding (Good In Places),3m,John Storey (IRE),Mr P W Gleeson,7,L P Cusack,10th,Short Head,7,11-2,100,True,10,15
Roscommon Racing Results | 5th August 2025 18:20,2025-08-05,18:20,Good To Yielding (Good In Places),3m,Evening's Empire (IRE),D Meyler,0,J Barcoe,9th,2 l,5,10-10,94,True,10,15
Roscommon Racing Results | 5th August 2025 18:20,2025-08-05,18:20,Good To Yielding (Good In Places),3m,Mister Vic (IRE),Mr L T Turner,7,N C Kelly,8th,3 3/4 l,7,11-6t,104,True,10,15
Roscommon Racing Results | 5th August 2025 18:20,2025-08-05,18:20,Good To Yielding (Good In Places),3m,Hees Dynamite (IRE),C M Hogan,7,E McNamara,7th,1 3/4 l,7,11-3,101,True,10,15
Roscommon Racing Results | 5th August 2025 18:20,2025-08-05,18:20,Good To Yielding (Good In Places),3m,Its Not Over Yet (IRE),P T Enright,0,O McKiernan,6th,Head,6,11-4,102,True,10,15
Roscommon Racing Results | 5th August 2025 18:20,2025-08-05,18:20,Good To Yielding (Good In Places),3m,Themanintheboots (IRE),J W Kennedy,0,G Elliott,5th,1 1/4 l,7,11-5p,103,True,10,15
Roscommon Racing Results | 5th August 2025 18:20,2025-08-05,18:20,Good To Yielding (Good In Places),3m,Rebellious Gale (IRE),K C Sexton,0,A J Martin,4th,3 3/4 l,9,10-10t,94,True,10,15
Roscommon Racing Results | 5th August 2025 18:20,2025-08-05,18:20,Good To Yielding (Good In Places),3m,Smallcraftwarning (IRE),D King,0,J P Ryan,3rd,6 l,8,11-1t,99,True,10,15
Roscommon Racing Results | 5th August 2025 18:20,2025-08-05,18:20,Good To Yielding (Good In Places),3m,Inthenickoftime (IRE),S D Torrens,0,E Bolger,2nd,2 1/4 l,5,11-1,99,True,10,15
Roscommon Racing Results | 5th August 2025 18:20,2025-08-05,18:20,Good To Yielding (Good In Places),3m,Mags Nelson (IRE),D J Gilligan,0,R O'Sullivan,1st,N/A,6,11-4,102,True,10,15
Roscommon Racing Results | 5th August 2025 18:20,2025-08-05,18:20,Good To Yielding (Good In Places),3m,Emily's Choice (IRE),E Staples,7,C Bowe,16th,5 1/2 l,7,10-12b1,96,True,10,15
Roscommon Racing Results | 5th August 2025 18:20,2025-08-05,18:20,Good To Yielding (Good In Places),3m,Grace Faraday (IRE),E Finegan,7,A McCann,15th,19 l,7,10-9h,93,True,10,15
Roscommon Racing Results | 5th August 2025 18:20,2025-08-05,18:20,Good To Yielding (Good In Places),3m,Scottish Dancer (IRE),C M Quirke,0,E Doyle,14th,25 l,6,10-10tb,94,True,10,15
Roscommon Racing Results | 5th August 2025 18:20,2025-08-05,18:20,Good To Yielding (Good In Places),3m,Adaliz (GER),D J O'Keeffe,0,H De Bromhead,13th,1 3/4 l,5,11-5p,103,True,10,15
Roscommon Racing Results | 5th August 2025 18:20,2025-08-05,18:20,Good To Yielding (Good In Places),3m,Zefiro Dodville (FR),H E Sexton,7,A Sexton,12th,8 l,7,11-11p,109,True,10,15
Roscommon Racing Results | 5th August 2025 18:20,2025-08-05,18:20,Good To Yielding (Good In Places),3m,Ballyglass Beauty (IRE),R A Berry,7,L P Cusack,11th,1 1/4 l,9,11-5,103,True,10,15
Roscommon Racing Results | 5th August 2025 18:20,2025-08-05,18:20,Good To Yielding (Good In Places),3m,John Storey (IRE),Mr P W Gleeson,7,L P Cusack,10th,Short Head,7,11-2,100,True,10,15
Roscommon Racing Results | 5th August 2025 18:20,2025-08-05,18:20,Good To Yielding (Good In Places),3m,Evening's Empire (IRE),D Meyler,0,J Barcoe,9th,2 l,5,10-10,94,True,10,15
Roscommon Racing Results | 5th August 2025 18:20,2025-08-05,18:20,Good To Yielding (Good In Places),3m,Mister Vic (IRE),Mr L T Turner,7,N C Kelly,8th,3 3/4 l,7,11-6t,104,True,10,15
Roscommon Racing Results | 5th August 2025 18:20,2025-08-05,18:20,Good To Yielding (Good In Places),3m,Hees Dynamite (IRE),C M Hogan,7,E McNamara,7th,1 3/4 l,7,11-3,101,True,10,15
Roscommon Racing Results | 5th August 2025 18:20,2025-08-05,18:20,Good To Yielding (Good In Places),3m,Its Not Over Yet (IRE),P T Enright,0,O McKiernan,6th,Head,6,11-4,102,True,10,15
Roscommon Racing Results | 5th August 2025 18:20,2025-08-05,18:20,Good To Yielding (Good In Places),3m,Themanintheboots (IRE),J W Kennedy,0,G Elliott,5th,1 1/4 l,7,11-5p,103,True,10,15
Roscommon Racing Results | 5th August 2025 18:20,2025-08-05,18:20,Good To Yielding (Good In Places),3m,Rebellious Gale (IRE),K C Sexton,0,A J Martin,4th,3 3/4 l,9,10-10t,94,True,10,15
Roscommon Racing Results | 5th August 2025 18:20,2025-08-05,18:20,Good To Yielding (Good In Places),3m,Smallcraftwarning (IRE),D King,0,J P Ryan,3rd,6 l,8,11-1t,99,True,10,15
Roscommon Racing Results | 5th August 2025 18:20,2025-08-05,18:20,Good To Yielding (Good In Places),3m,Inthenickoftime (IRE),S D Torrens,0,E Bolger,2nd,2 1/4 l,5,11-1,99,True,10,15
Roscommon Racing Results | 5th August 2025 18:20,2025-08-05,18:20,Good To Yielding (Good In Places),3m,Mags Nelson (IRE),D J Gilligan,0,R O'Sullivan,1st,N/A,6,11-4,102,True,10,15
Roscommon Racing Results | 5th August 2025 18:55,2025-08-05,18:55,Yielding (Good To Yielding In Places),2m 142y,Fiveonefive (IRE),J C Gainford,0,C Collins,RO,N/A,7,11-12,-,True,10,16
Roscommon Racing Results | 5th August 2025 18:55,2025-08-05,18:55,Yielding (Good To Yielding In Places),2m 142y,St Cuthbert's Cave (IRE),J W Kennedy,0,G Elliott,F,N/A,7,11-12t,116,True,10,16
Roscommon Racing Results | 5th August 2025 18:55,2025-08-05,18:55,Yielding (Good To Yielding In Places),2m 142y,Eve's Hope (IRE),C M Quirke,0,M O Quigley,4th,24 l,7,11-5t,-,True,10,16
Roscommon Racing Results | 5th August 2025 18:55,2025-08-05,18:55,Yielding (Good To Yielding In Places),2m 142y,Maidenstreetprince (IRE),P Byrnes,0,C Byrnes,3rd,1 1/4 l,8,11-12,126,True,10,16
Roscommon Racing Results | 5th August 2025 18:55,2025-08-05,18:55,Yielding (Good To Yielding In Places),2m 142y,Old Bill Barley (IRE),K Callaghan,5,W P Mullins,2nd,11 l,8,11-12,-,True,10,16
Roscommon Racing Results | 5th August 2025 18:55,2025-08-05,18:55,Yielding (Good To Yielding In Places),2m 142y,Solsbury Hill (IRE),C G O'Dwyer,5,C O'Dwyer,1st,N/A,6,11-12,-,True,10,16
Roscommon Racing Results | 5th August 2025 18:55,2025-08-05,18:55,Yielding (Good To Yielding In Places),2m 142y,Fiveonefive (IRE),J C Gainford,0,C Collins,RO,N/A,7,11-12,-,True,10,16
Roscommon Racing Results | 5th August 2025 18:55,2025-08-05,18:55,Yielding (Good To Yielding In Places),2m 142y,St Cuthbert's Cave (IRE),J W Kennedy,0,G Elliott,F,N/A,7,11-12t,116,True,10,16
Roscommon Racing Results | 5th August 2025 18:55,2025-08-05,18:55,Yielding (Good To Yielding In Places),2m 142y,Eve's Hope (IRE),C M Quirke,0,M O Quigley,4th,24 l,7,11-5t,-,True,10,16
Roscommon Racing Results | 5th August 2025 18:55,2025-08-05,18:55,Yielding (Good To Yielding In Places),2m 142y,Maidenstreetprince (IRE),P Byrnes,0,C Byrnes,3rd,1 1/4 l,8,11-12,126,True,10,16
Roscommon Racing Results | 5th August 2025 18:55,2025-08-05,18:55,Yielding (Good To Yielding In Places),2m 142y,Old Bill Barley (IRE),K Callaghan,5,W P Mullins,2nd,11 l,8,11-12,-,True,10,16
Roscommon Racing Results | 5th August 2025 18:55,2025-08-05,18:55,Yielding (Good To Yielding In Places),2m 142y,Solsbury Hill (IRE),C G O'Dwyer,5,C O'Dwyer,1st,N/A,6,11-12,-,True,10,16
Roscommon Racing Results | 5th August 2025 19:30,2025-08-05,19:30,Yielding (Good To Yielding In Places),2m 5f 155y,Tullyhogue Fort (IRE),Mr P J O'Neill,7,John F O'Neill,UR,N/A,9,11-3t,89,True,10,17
Roscommon Racing Results | 5th August 2025 19:30,2025-08-05,19:30,Yielding (Good To Yielding In Places),2m 5f 155y,Greenway Machine (IRE),S O'Callaghan,5,Ms H P Markham,UR,N/A,13,10-0,72,True,10,17
Roscommon Racing Results | 5th August 2025 19:30,2025-08-05,19:30,Yielding (Good To Yielding In Places),2m 5f 155y,Max Time (IRE),B P Kennedy,7,I Madden,F,N/A,8,10-0p,72,True,10,17
Roscommon Racing Results | 5th August 2025 19:30,2025-08-05,19:30,Yielding (Good To Yielding In Places),2m 5f 155y,Malton Groove (IRE),Mr D McGill,7,D A McLoughlin,13th,69 l,8,12-0tp,100,True,10,17
Roscommon Racing Results | 5th August 2025 19:30,2025-08-05,19:30,Yielding (Good To Yielding In Places),2m 5f 155y,Zolpharine (IRE),H E Sexton,7,J P Ryan,12th,10 l,7,11-2,88,True,10,17
Roscommon Racing Results | 5th August 2025 19:30,2025-08-05,19:30,Yielding (Good To Yielding In Places),2m 5f 155y,Long Road (IRE),S D Torrens,0,P J Rothwell,11th,Neck,6,11-6p1,92,True,10,17
Roscommon Racing Results | 5th August 2025 19:30,2025-08-05,19:30,Yielding (Good To Yielding In Places),2m 5f 155y,Hob's Angel (IRE),P T Smithers,7,J Barcoe,10th,Short Head,9,10-4,76,True,10,17
Roscommon Racing Results | 5th August 2025 19:30,2025-08-05,19:30,Yielding (Good To Yielding In Places),2m 5f 155y,Je Suis (IRE),Mr A P Kennedy,7,S Curling,9th,Head,6,11-12,98,True,10,17
Roscommon Racing Results | 5th August 2025 19:30,2025-08-05,19:30,Yielding (Good To Yielding In Places),2m 5f 155y,Stily (FR),S F O'Keeffe,0,M J McDonagh,8th,2 1/2 l,5,11-0t,86,True,10,17
Roscommon Racing Results | 5th August 2025 19:30,2025-08-05,19:30,Yielding (Good To Yielding In Places),2m 5f 155y,One Night Standard (IRE),K M Donoghue,0,G P Cromwell,7th,Neck,6,12-0,100,True,10,17
Roscommon Racing Results | 5th August 2025 19:30,2025-08-05,19:30,Yielding (Good To Yielding In Places),2m 5f 155y,One Way Traffic (IRE),P T Enright,0,O McKiernan,6th,1 l,8,11-9,95,True,10,17
Roscommon Racing Results | 5th August 2025 19:30,2025-08-05,19:30,Yielding (Good To Yielding In Places),2m 5f 155y,My Friend The Wind (IRE),G B Noonan,5,E McNamara,5th,5 1/2 l,10,11-0p,86,True,10,17
Roscommon Racing Results | 5th August 2025 19:30,2025-08-05,19:30,Yielding (Good To Yielding In Places),2m 5f 155y,Likable Chancer (IRE),D King,0,D Howard,4th,1 3/4 l,11,10-7tb,79,True,10,17
Roscommon Racing Results | 5th August 2025 19:30,2025-08-05,19:30,Yielding (Good To Yielding In Places),2m 5f 155y,Burru (IRE),Mr R Sugrue,7,L Kenny,3rd,3 3/4 l,7,11-13h,99,True,10,17
Roscommon Racing Results | 5th August 2025 19:30,2025-08-05,19:30,Yielding (Good To Yielding In Places),2m 5f 155y,Gaelic Des Chastys (FR),P M O'Brien,5,E McNamara,2nd,Short Head,9,11-8,94,True,10,17
Roscommon Racing Results | 5th August 2025 19:30,2025-08-05,19:30,Yielding (Good To Yielding In Places),2m 5f 155y,It's Never Simple (IRE),R A Doyle,0,M Brassil,1st,N/A,7,11-3tp1,89,True,10,17
Roscommon Racing Results | 5th August 2025 19:30,2025-08-05,19:30,Yielding (Good To Yielding In Places),2m 5f 155y,Tullyhogue Fort (IRE),Mr P J O'Neill,7,John F O'Neill,UR,N/A,9,11-3t,89,True,10,17
Roscommon Racing Results | 5th August 2025 19:30,2025-08-05,19:30,Yielding (Good To Yielding In Places),2m 5f 155y,Greenway Machine (IRE),S O'Callaghan,5,Ms H P Markham,UR,N/A,13,10-0,72,True,10,17
Roscommon Racing Results | 5th August 2025 19:30,2025-08-05,19:30,Yielding (Good To Yielding In Places),2m 5f 155y,Max Time (IRE),B P Kennedy,7,I Madden,F,N/A,8,10-0p,72,True,10,17
Roscommon Racing Results | 5th August 2025 19:30,2025-08-05,19:30,Yielding (Good To Yielding In Places),2m 5f 155y,Malton Groove (IRE),Mr D McGill,7,D A McLoughlin,13th,69 l,8,12-0tp,100,True,10,17
Roscommon Racing Results | 5th August 2025 19:30,2025-08-05,19:30,Yielding (Good To Yielding In Places),2m 5f 155y,Zolpharine (IRE),H E Sexton,7,J P Ryan,12th,10 l,7,11-2,88,True,10,17
Roscommon Racing Results | 5th August 2025 19:30,2025-08-05,19:30,Yielding (Good To Yielding In Places),2m 5f 155y,Long Road (IRE),S D Torrens,0,P J Rothwell,11th,Neck,6,11-6p1,92,True,10,17
Roscommon Racing Results | 5th August 2025 19:30,2025-08-05,19:30,Yielding (Good To Yielding In Places),2m 5f 155y,Hob's Angel (IRE),P T Smithers,7,J Barcoe,10th,Short Head,9,10-4,76,True,10,17
Roscommon Racing Results | 5th August 2025 19:30,2025-08-05,19:30,Yielding (Good To Yielding In Places),2m 5f 155y,Je Suis (IRE),Mr A P Kennedy,7,S Curling,9th,Head,6,11-12,98,True,10,17
Roscommon Racing Results | 5th August 2025 19:30,2025-08-05,19:30,Yielding (Good To Yielding In Places),2m 5f 155y,Stily (FR),S F O'Keeffe,0,M J McDonagh,8th,2 1/2 l,5,11-0t,86,True,10,17
Roscommon Racing Results | 5th August 2025 19:30,2025-08-05,19:30,Yielding (Good To Yielding In Places),2m 5f 155y,One Night Standard (IRE),K M Donoghue,0,G P Cromwell,7th,Neck,6,12-0,100,True,10,17
Roscommon Racing Results | 5th August 2025 19:30,2025-08-05,19:30,Yielding (Good To Yielding In Places),2m 5f 155y,One Way Traffic (IRE),P T Enright,0,O McKiernan,6th,1 l,8,11-9,95,True,10,17
Roscommon Racing Results | 5th August 2025 19:30,2025-08-05,19:30,Yielding (Good To Yielding In Places),2m 5f 155y,My Friend The Wind (IRE),G B Noonan,5,E McNamara,5th,5 1/2 l,10,11-0p,86,True,10,17
Roscommon Racing Results | 5th August 2025 19:30,2025-08-05,19:30,Yielding (Good To Yielding In Places),2m 5f 155y,Likable Chancer (IRE),D King,0,D Howard,4th,1 3/4 l,11,10-7tb,79,True,10,17
Roscommon Racing Results | 5th August 2025 19:30,2025-08-05,19:30,Yielding (Good To Yielding In Places),2m 5f 155y,Burru (IRE),Mr R Sugrue,7,L Kenny,3rd,3 3/4 l,7,11-13h,99,True,10,17
Roscommon Racing Results | 5th August 2025 19:30,2025-08-05,19:30,Yielding (Good To Yielding In Places),2m 5f 155y,Gaelic Des Chastys (FR),P M O'Brien,5,E McNamara,2nd,Short Head,9,11-8,94,True,10,17
Roscommon Racing Results | 5th August 2025 19:30,2025-08-05,19:30,Yielding (Good To Yielding In Places),2m 5f 155y,It's Never Simple (IRE),R A Doyle,0,M Brassil,1st,N/A,7,11-3tp1,89,True,10,17
Roscommon Racing Results | 5th August 2025 20:00,2025-08-05,20:00,Yielding (Good To Yielding In Places),3m 1f 10y,Yorkshire Escape (IRE),J P O'Sullivan,0,D Queally,UR,N/A,6,10-12,83,True,10,18
Roscommon Racing Results | 5th August 2025 20:00,2025-08-05,20:00,Yielding (Good To Yielding In Places),3m 1f 10y,General Hubble (IRE),J W Kennedy,0,G Elliott,UR,N/A,7,11-10p,95,True,10,18
Roscommon Racing Results | 5th August 2025 20:00,2025-08-05,20:00,Yielding (Good To Yielding In Places),3m 1f 10y,Smitty Bacall (IRE),D J O'Keeffe,0,J P Flavin,PU,N/A,14,11-3tp,88,True,10,18
Roscommon Racing Results | 5th August 2025 20:00,2025-08-05,20:00,Yielding (Good To Yielding In Places),3m 1f 10y,Definiteadare (IRE),P J O'Hanlon,0,C Coakley,13th,3 l,11,10-13p,84,True,10,18
Roscommon Racing Results | 5th August 2025 20:00,2025-08-05,20:00,Yielding (Good To Yielding In Places),3m 1f 10y,Cullenwaine (IRE),S D Torrens,0,P J Rothwell,12th,2 1/4 l,7,10-7p,78,True,10,18
Roscommon Racing Results | 5th August 2025 20:00,2025-08-05,20:00,Yielding (Good To Yielding In Places),3m 1f 10y,Jimli's Cave (IRE),M P O'Connor,0,R K Watson,11th,24 l,7,11-6b,91,True,10,18
Roscommon Racing Results | 5th August 2025 20:00,2025-08-05,20:00,Yielding (Good To Yielding In Places),3m 1f 10y,Nazine (IRE),C M Quirke,0,M J McDonagh,10th,5 l,8,11-1b,86,True,10,18
Roscommon Racing Results | 5th August 2025 20:00,2025-08-05,20:00,Yielding (Good To Yielding In Places),3m 1f 10y,Racing Daisy (IRE),Conor Clarke,7,Patrick J Hassett,9th,1 1/4 l,8,10-7tp1,78,True,10,18
Roscommon Racing Results | 5th August 2025 20:00,2025-08-05,20:00,Yielding (Good To Yielding In Places),3m 1f 10y,Haveuseentherain (IRE),D King,0,S G Walsh,8th,9 l,10,10-1,72,True,10,18
Roscommon Racing Results | 5th August 2025 20:00,2025-08-05,20:00,Yielding (Good To Yielding In Places),3m 1f 10y,Meehall (IRE),G B Noonan,5,E McNamara,7th,4 1/4 l,9,11-12t,97,True,10,18
Roscommon Racing Results | 5th August 2025 20:00,2025-08-05,20:00,Yielding (Good To Yielding In Places),3m 1f 10y,Captain Kate (IRE),P M O'Brien,5,E Sheehy,6th,Nose,6,10-1p,72,True,10,18
Roscommon Racing Results | 5th August 2025 20:00,2025-08-05,20:00,Yielding (Good To Yielding In Places),3m 1f 10y,Western Model (IRE),E Staples,7,P Nolan,5th,3/4 l,6,11-9,94,True,10,18
Roscommon Racing Results | 5th August 2025 20:00,2025-08-05,20:00,Yielding (Good To Yielding In Places),3m 1f 10y,Jeu De Pic (FR),K C Sexton,0,T Cooper,4th,1 3/4 l,6,11-12p,97,True,10,18
Roscommon Racing Results | 5th August 2025 20:00,2025-08-05,20:00,Yielding (Good To Yielding In Places),3m 1f 10y,Woodie Wango (IRE),A Harvey,5,Rosemary Connors,3rd,8 l,7,11-5,90,True,10,18
Roscommon Racing Results | 5th August 2025 20:00,2025-08-05,20:00,Yielding (Good To Yielding In Places),3m 1f 10y,Hit The Frame,L Quinlan,0,J P Flavin,2nd,2 3/4 l,6,10-8tb1,79,True,10,18
Roscommon Racing Results | 5th August 2025 20:00,2025-08-05,20:00,Yielding (Good To Yielding In Places),3m 1f 10y,Il Silenzio,R A Doyle,0,M Brassil,1st,N/A,8,11-2tp,87,True,10,18
Roscommon Racing Results | 5th August 2025 20:00,2025-08-05,20:00,Yielding (Good To Yielding In Places),3m 1f 10y,Yorkshire Escape (IRE),J P O'Sullivan,0,D Queally,UR,N/A,6,10-12,83,True,10,18
Roscommon Racing Results | 5th August 2025 20:00,2025-08-05,20:00,Yielding (Good To Yielding In Places),3m 1f 10y,General Hubble (IRE),J W Kennedy,0,G Elliott,UR,N/A,7,11-10p,95,True,10,18
Roscommon Racing Results | 5th August 2025 20:00,2025-08-05,20:00,Yielding (Good To Yielding In Places),3m 1f 10y,Smitty Bacall (IRE),D J O'Keeffe,0,J P Flavin,PU,N/A,14,11-3tp,88,True,10,18
Roscommon Racing Results | 5th August 2025 20:00,2025-08-05,20:00,Yielding (Good To Yielding In Places),3m 1f 10y,Definiteadare (IRE),P J O'Hanlon,0,C Coakley,13th,3 l,11,10-13p,84,True,10,18
Roscommon Racing Results | 5th August 2025 20:00,2025-08-05,20:00,Yielding (Good To Yielding In Places),3m 1f 10y,Cullenwaine (IRE),S D Torrens,0,P J Rothwell,12th,2 1/4 l,7,10-7p,78,True,10,18
Roscommon Racing Results | 5th August 2025 20:00,2025-08-05,20:00,Yielding (Good To Yielding In Places),3m 1f 10y,Jimli's Cave (IRE),M P O'Connor,0,R K Watson,11th,24 l,7,11-6b,91,True,10,18
Roscommon Racing Results | 5th August 2025 20:00,2025-08-05,20:00,Yielding (Good To Yielding In Places),3m 1f 10y,Nazine (IRE),C M Quirke,0,M J McDonagh,10th,5 l,8,11-1b,86,True,10,18
Roscommon Racing Results | 5th August 2025 20:00,2025-08-05,20:00,Yielding (Good To Yielding In Places),3m 1f 10y,Racing Daisy (IRE),Conor Clarke,7,Patrick J Hassett,9th,1 1/4 l,8,10-7tp1,78,True,10,18
Roscommon Racing Results | 5th August 2025 20:00,2025-08-05,20:00,Yielding (Good To Yielding In Places),3m 1f 10y,Haveuseentherain (IRE),D King,0,S G Walsh,8th,9 l,10,10-1,72,True,10,18
Roscommon Racing Results | 5th August 2025 20:00,2025-08-05,20:00,Yielding (Good To Yielding In Places),3m 1f 10y,Meehall (IRE),G B Noonan,5,E McNamara,7th,4 1/4 l,9,11-12t,97,True,10,18
Roscommon Racing Results | 5th August 2025 20:00,2025-08-05,20:00,Yielding (Good To Yielding In Places),3m 1f 10y,Captain Kate (IRE),P M O'Brien,5,E Sheehy,6th,Nose,6,10-1p,72,True,10,18
Roscommon Racing Results | 5th August 2025 20:00,2025-08-05,20:00,Yielding (Good To Yielding In Places),3m 1f 10y,Western Model (IRE),E Staples,7,P Nolan,5th,3/4 l,6,11-9,94,True,10,18
Roscommon Racing Results | 5th August 2025 20:00,2025-08-05,20:00,Yielding (Good To Yielding In Places),3m 1f 10y,Jeu De Pic (FR),K C Sexton,0,T Cooper,4th,1 3/4 l,6,11-12p,97,True,10,18
Roscommon Racing Results | 5th August 2025 20:00,2025-08-05,20:00,Yielding (Good To Yielding In Places),3m 1f 10y,Woodie Wango (IRE),A Harvey,5,Rosemary Connors,3rd,8 l,7,11-5,90,True,10,18
Roscommon Racing Results | 5th August 2025 20:00,2025-08-05,20:00,Yielding (Good To Yielding In Places),3m 1f 10y,Hit The Frame,L Quinlan,0,J P Flavin,2nd,2 3/4 l,6,10-8tb1,79,True,10,18
Roscommon Racing Results | 5th August 2025 20:00,2025-08-05,20:00,Yielding (Good To Yielding In Places),3m 1f 10y,Il Silenzio,R A Doyle,0,M Brassil,1st,N/A,8,11-2tp,87,True,10,18
Roscommon Racing Results | 5th August 2025 20:30,2025-08-05,20:30,Good To Yielding (Good In Places),1m 7f 110y,Hopeful Hero (IRE),Mr Alan O'Sullivan,7,T Hogan,S,N/A,4,11-10,-,True,10,19
Roscommon Racing Results | 5th August 2025 20:30,2025-08-05,20:30,Good To Yielding (Good In Places),1m 7f 110y,Kool Runnings (IRE),Mr D L Queally,0,Richard Morrissey,12th,2 l,4,11-10ht,-,True,10,19
Roscommon Racing Results | 5th August 2025 20:30,2025-08-05,20:30,Good To Yielding (Good In Places),1m 7f 110y,Jodoro (IRE),Mr D McGill,7,D A McLoughlin,11th,73 l,4,11-10,-,True,10,19
Roscommon Racing Results | 5th August 2025 20:30,2025-08-05,20:30,Good To Yielding (Good In Places),1m 7f 110y,Boo Radley (IRE),Mr P W Mullins,0,W P Mullins,10th,1/2 l,4,11-10,-,True,10,19
Roscommon Racing Results | 5th August 2025 20:30,2025-08-05,20:30,Good To Yielding (Good In Places),1m 7f 110y,Barrys Spirit (IRE),Mr D G Lavery,0,G P Cromwell,9th,9 l,4,11-10,-,True,10,19
Roscommon Racing Results | 5th August 2025 20:30,2025-08-05,20:30,Good To Yielding (Good In Places),1m 7f 110y,Keiths Boy (IRE),Mr L P Shanahan,7,S Fahey,8th,3/4 l,4,11-10,-,True,10,19
Roscommon Racing Results | 5th August 2025 20:30,2025-08-05,20:30,Good To Yielding (Good In Places),1m 7f 110y,Bradley's Row (IRE),Mr B Barry,7,Charlie Keegan,7th,4 3/4 l,4,11-10,-,True,10,19
Roscommon Racing Results | 5th August 2025 20:30,2025-08-05,20:30,Good To Yielding (Good In Places),1m 7f 110y,Dash At Dags (IRE),Mr P W Gleeson,7,Stephanie Ocsko-Moore,6th,2 1/2 l,4,11-10,-,True,10,19
Roscommon Racing Results | 5th August 2025 20:30,2025-08-05,20:30,Good To Yielding (Good In Places),1m 7f 110y,We Be Grand (IRE),Mr R W Barron,5,E McNamara,5th,5 1/2 l,4,11-10,-,True,10,19
Roscommon Racing Results | 5th August 2025 20:30,2025-08-05,20:30,Good To Yielding (Good In Places),1m 7f 110y,Mc Swagger (IRE),Mr J H Williamson,7,E McCarthy,4th,5 l,4,11-10,-,True,10,19
Roscommon Racing Results | 5th August 2025 20:30,2025-08-05,20:30,Good To Yielding (Good In Places),1m 7f 110y,Mr Master Mac (IRE),Mr J L Gleeson,0,M Fahey,3rd,6 l,4,11-10,-,True,10,19
Roscommon Racing Results | 5th August 2025 20:30,2025-08-05,20:30,Good To Yielding (Good In Places),1m 7f 110y,Cloughjordan (IRE),Mr D Doyle,7,S Curling,2nd,1 l,4,11-10,-,True,10,19
Roscommon Racing Results | 5th August 2025 20:30,2025-08-05,20:30,Good To Yielding (Good In Places),1m 7f 110y,Ripsnorter (FR),Mr A P Ryan,5,A Slattery,1st,N/A,4,11-10h,-,True,10,19
Roscommon Racing Results | 5th August 2025 20:30,2025-08-05,20:30,Good To Yielding (Good In Places),1m 7f 110y,Hopeful Hero (IRE),Mr Alan O'Sullivan,7,T Hogan,S,N/A,4,11-10,-,True,10,19
Roscommon Racing Results | 5th August 2025 20:30,2025-08-05,20:30,Good To Yielding (Good In Places),1m 7f 110y,Kool Runnings (IRE),Mr D L Queally,0,Richard Morrissey,12th,2 l,4,11-10ht,-,True,10,19
Roscommon Racing Results | 5th August 2025 20:30,2025-08-05,20:30,Good To Yielding (Good In Places),1m 7f 110y,Jodoro (IRE),Mr D McGill,7,D A McLoughlin,11th,73 l,4,11-10,-,True,10,19
Roscommon Racing Results | 5th August 2025 20:30,2025-08-05,20:30,Good To Yielding (Good In Places),1m 7f 110y,Boo Radley (IRE),Mr P W Mullins,0,W P Mullins,10th,1/2 l,4,11-10,-,True,10,19
Roscommon Racing Results | 5th August 2025 20:30,2025-08-05,20:30,Good To Yielding (Good In Places),1m 7f 110y,Barrys Spirit (IRE),Mr D G Lavery,0,G P Cromwell,9th,9 l,4,11-10,-,True,10,19
Roscommon Racing Results | 5th August 2025 20:30,2025-08-05,20:30,Good To Yielding (Good In Places),1m 7f 110y,Keiths Boy (IRE),Mr L P Shanahan,7,S Fahey,8th,3/4 l,4,11-10,-,True,10,19
Roscommon Racing Results | 5th August 2025 20:30,2025-08-05,20:30,Good To Yielding (Good In Places),1m 7f 110y,Bradley's Row (IRE),Mr B Barry,7,Charlie Keegan,7th,4 3/4 l,4,11-10,-,True,10,19
Roscommon Racing Results | 5th August 2025 20:30,2025-08-05,20:30,Good To Yielding (Good In Places),1m 7f 110y,Dash At Dags (IRE),Mr P W Gleeson,7,Stephanie Ocsko-Moore,6th,2 1/2 l,4,11-10,-,True,10,19
Roscommon Racing Results | 5th August 2025 20:30,2025-08-05,20:30,Good To Yielding (Good In Places),1m 7f 110y,We Be Grand (IRE),Mr R W Barron,5,E McNamara,5th,5 1/2 l,4,11-10,-,True,10,19
Roscommon Racing Results | 5th August 2025 20:30,2025-08-05,20:30,Good To Yielding (Good In Places),1m 7f 110y,Mc Swagger (IRE),Mr J H Williamson,7,E McCarthy,4th,5 l,4,11-10,-,True,10,19
Roscommon Racing Results | 5th August 2025 20:30,2025-08-05,20:30,Good To Yielding (Good In Places),1m 7f 110y,Mr Master Mac (IRE),Mr J L Gleeson,0,M Fahey,3rd,6 l,4,11-10,-,True,10,19
Roscommon Racing Results | 5th August 2025 20:30,2025-08-05,20:30,Good To Yielding (Good In Places),1m 7f 110y,Cloughjordan (IRE),Mr D Doyle,7,S Curling,2nd,1 l,4,11-10,-,True,10,19
Roscommon Racing Results | 5th August 2025 20:30,2025-08-05,20:30,Good To Yielding (Good In Places),1m 7f 110y,Ripsnorter (FR),Mr A P Ryan,5,A Slattery,1st,N/A,4,11-10h,-,True,10,19
Sligo Racing Results | 6th August 2025 16:50,2025-08-06,16:50,Good To Yielding (Yielding In Places),1m 2f 129y,Guest Star,C D Fahy,10,J C McConnell,12th,5 1/2 l,4,9-3b,54,True,10,20
Sligo Racing Results | 6th August 2025 16:50,2025-08-06,16:50,Good To Yielding (Yielding In Places),1m 2f 129y,Pearl Of Australia (IRE),S Foley,0,R O'Sullivan,11th,4 3/4 l,5,9-8,66,True,10,20
Sligo Racing Results | 6th August 2025 16:50,2025-08-06,16:50,Good To Yielding (Yielding In Places),1m 2f 129y,Powerful Hook Head (GER),D McMonagle,0,J P O'Brien,10th,Head,4,9-8t,67,True,10,20
Sligo Racing Results | 6th August 2025 16:50,2025-08-06,16:50,Good To Yielding (Yielding In Places),1m 2f 129y,Dont Do Dramas (IRE),W Joyce,3,M Mulvany,9th,1 1/4 l,4,9-13,62,True,10,20
Sligo Racing Results | 6th August 2025 16:50,2025-08-06,16:50,Good To Yielding (Yielding In Places),1m 2f 129y,El Bello,Taylor Kingsley,7,R Hurley,8th,1/2 l,6,9-13p,61,True,10,20
Sligo Racing Results | 6th August 2025 16:50,2025-08-06,16:50,Good To Yielding (Yielding In Places),1m 2f 129y,Picpoul (IRE),S A Wallace,7,M Rice,7th,1 1/2 l,7,10-2tp,43,True,10,20
Sligo Racing Results | 6th August 2025 16:50,2025-08-06,16:50,Good To Yielding (Yielding In Places),1m 2f 129y,Capital Theory,S Coen,7,H D McGuigan,6th,1/2 l,6,9-13,85,True,10,20
Sligo Racing Results | 6th August 2025 16:50,2025-08-06,16:50,Good To Yielding (Yielding In Places),1m 2f 129y,Roderick,P McGettigan,7,P Sweeney,5th,3/4 l,9,9-3tp,56,True,10,20
Sligo Racing Results | 6th August 2025 16:50,2025-08-06,16:50,Good To Yielding (Yielding In Places),1m 2f 129y,Quatrain (IRE),R P Whelan,0,K J Condon,4th,Neck,4,10-2tv1,66,True,10,20
Sligo Racing Results | 6th August 2025 16:50,2025-08-06,16:50,Good To Yielding (Yielding In Places),1m 2f 129y,Loingseoir (IRE),Nicola Burns,7,M C Grassick,3rd,1/2 l,9,10-2t,67,True,10,20
Sligo Racing Results | 6th August 2025 16:50,2025-08-06,16:50,Good To Yielding (Yielding In Places),1m 2f 129y,Tartaraghan (IRE),K G Kennedy,5,J C McConnell,2nd,1 3/4 l,4,9-8,64,True,10,20
Sligo Racing Results | 6th August 2025 16:50,2025-08-06,16:50,Good To Yielding (Yielding In Places),1m 2f 129y,Antoine De Paris (IRE),C T Keane,0,N Meade,1st,N/A,3,9-0,63,True,10,20
Sligo Racing Results | 6th August 2025 16:50,2025-08-06,16:50,Good To Yielding (Yielding In Places),1m 2f 129y,Guest Star,C D Fahy,10,J C McConnell,12th,5 1/2 l,4,9-3b,54,True,10,20
Sligo Racing Results | 6th August 2025 16:50,2025-08-06,16:50,Good To Yielding (Yielding In Places),1m 2f 129y,Pearl Of Australia (IRE),S Foley,0,R O'Sullivan,11th,4 3/4 l,5,9-8,66,True,10,20
Sligo Racing Results | 6th August 2025 16:50,2025-08-06,16:50,Good To Yielding (Yielding In Places),1m 2f 129y,Powerful Hook Head (GER),D McMonagle,0,J P O'Brien,10th,Head,4,9-8t,67,True,10,20
Sligo Racing Results | 6th August 2025 16:50,2025-08-06,16:50,Good To Yielding (Yielding In Places),1m 2f 129y,Dont Do Dramas (IRE),W Joyce,3,M Mulvany,9th,1 1/4 l,4,9-13,62,True,10,20
Sligo Racing Results | 6th August 2025 16:50,2025-08-06,16:50,Good To Yielding (Yielding In Places),1m 2f 129y,El Bello,Taylor Kingsley,7,R Hurley,8th,1/2 l,6,9-13p,61,True,10,20
Sligo Racing Results | 6th August 2025 16:50,2025-08-06,16:50,Good To Yielding (Yielding In Places),1m 2f 129y,Picpoul (IRE),S A Wallace,7,M Rice,7th,1 1/2 l,7,10-2tp,43,True,10,20
Sligo Racing Results | 6th August 2025 16:50,2025-08-06,16:50,Good To Yielding (Yielding In Places),1m 2f 129y,Capital Theory,S Coen,7,H D McGuigan,6th,1/2 l,6,9-13,85,True,10,20
Sligo Racing Results | 6th August 2025 16:50,2025-08-06,16:50,Good To Yielding (Yielding In Places),1m 2f 129y,Roderick,P McGettigan,7,P Sweeney,5th,3/4 l,9,9-3tp,56,True,10,20
Sligo Racing Results | 6th August 2025 16:50,2025-08-06,16:50,Good To Yielding (Yielding In Places),1m 2f 129y,Quatrain (IRE),R P Whelan,0,K J Condon,4th,Neck,4,10-2tv1,66,True,10,20
Sligo Racing Results | 6th August 2025 16:50,2025-08-06,16:50,Good To Yielding (Yielding In Places),1m 2f 129y,Loingseoir (IRE),Nicola Burns,7,M C Grassick,3rd,1/2 l,9,10-2t,67,True,10,20
Sligo Racing Results | 6th August 2025 16:50,2025-08-06,16:50,Good To Yielding (Yielding In Places),1m 2f 129y,Tartaraghan (IRE),K G Kennedy,5,J C McConnell,2nd,1 3/4 l,4,9-8,64,True,10,20
Sligo Racing Results | 6th August 2025 16:50,2025-08-06,16:50,Good To Yielding (Yielding In Places),1m 2f 129y,Antoine De Paris (IRE),C T Keane,0,N Meade,1st,N/A,3,9-0,63,True,10,20
Sligo Racing Results | 6th August 2025 17:20,2025-08-06,17:20,Good To Yielding (Yielding In Places),1m 2f 129y,Sceptred Isle,C D Hayes,0,G A Kingston,6th,2 1/4 l,8,9-1h,75,True,10,21
Sligo Racing Results | 6th August 2025 17:20,2025-08-06,17:20,Good To Yielding (Yielding In Places),1m 2f 129y,Grizabella (IRE),R Whearty,3,P W Flynn,5th,3 l,6,8-13t,73,True,10,21
Sligo Racing Results | 6th August 2025 17:20,2025-08-06,17:20,Good To Yielding (Yielding In Places),1m 2f 129y,Annie's Angel (IRE),D McMonagle,0,J P O'Brien,4th,2 1/2 l,3,8-11p,80,True,10,21
Sligo Racing Results | 6th August 2025 17:20,2025-08-06,17:20,Good To Yielding (Yielding In Places),1m 2f 129y,Ina Mina,W Joyce,3,M Mulvany,3rd,3 1/4 l,4,9-3,77,True,10,21
Sligo Racing Results | 6th August 2025 17:20,2025-08-06,17:20,Good To Yielding (Yielding In Places),1m 2f 129y,Thatwilldoso (IRE),R P Cleary,0,Kevin Coleman,2nd,2 1/2 l,4,9-5,72,True,10,21
Sligo Racing Results | 6th August 2025 17:20,2025-08-06,17:20,Good To Yielding (Yielding In Places),1m 2f 129y,Lady Lunette (IRE),C T Keane,0,R P Cody,1st,N/A,5,10-0p,88,True,10,21
Sligo Racing Results | 6th August 2025 17:20,2025-08-06,17:20,Good To Yielding (Yielding In Places),1m 2f 129y,Sceptred Isle,C D Hayes,0,G A Kingston,6th,2 1/4 l,8,9-1h,75,True,10,21
Sligo Racing Results | 6th August 2025 17:20,2025-08-06,17:20,Good To Yielding (Yielding In Places),1m 2f 129y,Grizabella (IRE),R Whearty,3,P W Flynn,5th,3 l,6,8-13t,73,True,10,21
Sligo Racing Results | 6th August 2025 17:20,2025-08-06,17:20,Good To Yielding (Yielding In Places),1m 2f 129y,Annie's Angel (IRE),D McMonagle,0,J P O'Brien,4th,2 1/2 l,3,8-11p,80,True,10,21
Sligo Racing Results | 6th August 2025 17:20,2025-08-06,17:20,Good To Yielding (Yielding In Places),1m 2f 129y,Ina Mina,W Joyce,3,M Mulvany,3rd,3 1/4 l,4,9-3,77,True,10,21
Sligo Racing Results | 6th August 2025 17:20,2025-08-06,17:20,Good To Yielding (Yielding In Places),1m 2f 129y,Thatwilldoso (IRE),R P Cleary,0,Kevin Coleman,2nd,2 1/2 l,4,9-5,72,True,10,21
Sligo Racing Results | 6th August 2025 17:20,2025-08-06,17:20,Good To Yielding (Yielding In Places),1m 2f 129y,Lady Lunette (IRE),C T Keane,0,R P Cody,1st,N/A,5,10-0p,88,True,10,21
Sligo Racing Results | 6th August 2025 17:50,2025-08-06,17:50,Good To Yielding (Yielding In Places),6f 21y,Whoopi G (IRE),C D Hayes,0,N Meade,10th,26 l,2,8-8t1,-,True,10,22
Sligo Racing Results | 6th August 2025 17:50,2025-08-06,17:50,Good To Yielding (Yielding In Places),6f 21y,Pliny (IRE),C T Keane,0,N Meade,9th,1 1/4 l,2,9-1,-,True,10,22
Sligo Racing Results | 6th August 2025 17:50,2025-08-06,17:50,Good To Yielding (Yielding In Places),6f 21y,Methodtomy Madness (IRE),N M Crosse,0,Daniel Murphy,8th,3/4 l,2,9-1b,-,True,10,22
Sligo Racing Results | 6th August 2025 17:50,2025-08-06,17:50,Good To Yielding (Yielding In Places),6f 21y,Fortuity (IRE),S Foley,0,Mrs J Harrington,7th,3/4 l,2,9-4,-,True,10,22
Sligo Racing Results | 6th August 2025 17:50,2025-08-06,17:50,Good To Yielding (Yielding In Places),6f 21y,Idiocracy (IRE),M P Sheehy,0,J P O'Brien,6th,1/2 l,2,9-4,-,True,10,22
Sligo Racing Results | 6th August 2025 17:50,2025-08-06,17:50,Good To Yielding (Yielding In Places),6f 21y,The Love Machine (IRE),W Joyce,3,M Mulvany,5th,3/4 l,2,8-13,-,True,10,22
Sligo Racing Results | 6th August 2025 17:50,2025-08-06,17:50,Good To Yielding (Yielding In Places),6f 21y,Saxon Grace (IRE),R P Cleary,0,C O'Connell,4th,2 3/4 l,2,8-8,-,True,10,22
Sligo Racing Results | 6th August 2025 17:50,2025-08-06,17:50,Good To Yielding (Yielding In Places),6f 21y,Coincidental Glory (IRE),Adam Caffrey,0,A McGuinness,3rd,Neck,2,9-7,-,True,10,22
Sligo Racing Results | 6th August 2025 17:50,2025-08-06,17:50,Good To Yielding (Yielding In Places),6f 21y,Raphello (IRE),D McMonagle,0,J P O'Brien,2nd,Head,2,9-9,75,True,10,22
Sligo Racing Results | 6th August 2025 17:50,2025-08-06,17:50,Good To Yielding (Yielding In Places),6f 21y,Felix Somary (IRE),R P Whelan,0,John O'Donoghue,1st,N/A,2,9-7,-,True,10,22
Sligo Racing Results | 6th August 2025 17:50,2025-08-06,17:50,Good To Yielding (Yielding In Places),6f 21y,Whoopi G (IRE),C D Hayes,0,N Meade,10th,26 l,2,8-8t1,-,True,10,22
Sligo Racing Results | 6th August 2025 17:50,2025-08-06,17:50,Good To Yielding (Yielding In Places),6f 21y,Pliny (IRE),C T Keane,0,N Meade,9th,1 1/4 l,2,9-1,-,True,10,22
Sligo Racing Results | 6th August 2025 17:50,2025-08-06,17:50,Good To Yielding (Yielding In Places),6f 21y,Methodtomy Madness (IRE),N M Crosse,0,Daniel Murphy,8th,3/4 l,2,9-1b,-,True,10,22
Sligo Racing Results | 6th August 2025 17:50,2025-08-06,17:50,Good To Yielding (Yielding In Places),6f 21y,Fortuity (IRE),S Foley,0,Mrs J Harrington,7th,3/4 l,2,9-4,-,True,10,22
Sligo Racing Results | 6th August 2025 17:50,2025-08-06,17:50,Good To Yielding (Yielding In Places),6f 21y,Idiocracy (IRE),M P Sheehy,0,J P O'Brien,6th,1/2 l,2,9-4,-,True,10,22
Sligo Racing Results | 6th August 2025 17:50,2025-08-06,17:50,Good To Yielding (Yielding In Places),6f 21y,The Love Machine (IRE),W Joyce,3,M Mulvany,5th,3/4 l,2,8-13,-,True,10,22
Sligo Racing Results | 6th August 2025 17:50,2025-08-06,17:50,Good To Yielding (Yielding In Places),6f 21y,Saxon Grace (IRE),R P Cleary,0,C O'Connell,4th,2 3/4 l,2,8-8,-,True,10,22
Sligo Racing Results | 6th August 2025 17:50,2025-08-06,17:50,Good To Yielding (Yielding In Places),6f 21y,Coincidental Glory (IRE),Adam Caffrey,0,A McGuinness,3rd,Neck,2,9-7,-,True,10,22
Sligo Racing Results | 6th August 2025 17:50,2025-08-06,17:50,Good To Yielding (Yielding In Places),6f 21y,Raphello (IRE),D McMonagle,0,J P O'Brien,2nd,Head,2,9-9,75,True,10,22
Sligo Racing Results | 6th August 2025 17:50,2025-08-06,17:50,Good To Yielding (Yielding In Places),6f 21y,Felix Somary (IRE),R P Whelan,0,John O'Donoghue,1st,N/A,2,9-7,-,True,10,22
Sligo Racing Results | 6th August 2025 18:25,2025-08-06,18:25,Good To Yielding (Yielding In Places),6f 21y,Darwin's Angel (IRE),C T Keane,0,Stephen Thorne,13th,5 l,2,9-1p1,59,True,10,23
Sligo Racing Results | 6th August 2025 18:25,2025-08-06,18:25,Good To Yielding (Yielding In Places),6f 21y,Smart Sioux (IRE),R P Cleary,0,C O'Connell,12th,1 1/4 l,2,9-10t,68,True,10,23
Sligo Racing Results | 6th August 2025 18:25,2025-08-06,18:25,Good To Yielding (Yielding In Places),6f 21y,Enthusiastically (IRE),G M Ryan,0,Donnacha O'Brien,11th,1 1/2 l,2,9-0p1,58,True,10,23
Sligo Racing Results | 6th August 2025 18:25,2025-08-06,18:25,Good To Yielding (Yielding In Places),6f 21y,Glowgetter (IRE),L F Roche,0,J Davison,10th,1 l,2,8-7b1,50,True,10,23
Sligo Racing Results | 6th August 2025 18:25,2025-08-06,18:25,Good To Yielding (Yielding In Places),6f 21y,Sovereign Thought (IRE),P A Harnett,5,Donnacha O'Brien,9th,1 1/2 l,2,9-7,65,True,10,23
Sligo Racing Results | 6th August 2025 18:25,2025-08-06,18:25,Good To Yielding (Yielding In Places),6f 21y,Sapphire Dream (IRE),A J Slattery,0,A Slattery,8th,1 1/4 l,2,8-10h,54,True,10,23
Sligo Racing Results | 6th August 2025 18:25,2025-08-06,18:25,Good To Yielding (Yielding In Places),6f 21y,Luna Beaux (IRE),C D Hayes,0,Miss K McGivern,7th,3/4 l,2,8-11,55,True,10,23
Sligo Racing Results | 6th August 2025 18:25,2025-08-06,18:25,Good To Yielding (Yielding In Places),6f 21y,Cuban Princess,J Pietropaolo,7,J P O'Brien,6th,1/2 l,2,9-10,68,True,10,23
Sligo Racing Results | 6th August 2025 18:25,2025-08-06,18:25,Good To Yielding (Yielding In Places),6f 21y,Award Ceremony (IRE),J Cleary,5,Donnacha O'Brien,5th,3/4 l,2,9-12h1,70,True,10,23
Sligo Racing Results | 6th August 2025 18:25,2025-08-06,18:25,Good To Yielding (Yielding In Places),6f 21y,Gas Works Wall (IRE),D McMonagle,0,J P O'Brien,4th,1 1/2 l,2,9-0p,58,True,10,23
Sligo Racing Results | 6th August 2025 18:25,2025-08-06,18:25,Good To Yielding (Yielding In Places),6f 21y,Glamazon (IRE),S Foley,0,Mrs J Harrington,2nd,3/4 l,2,9-10,68,True,10,23
Sligo Racing Results | 6th August 2025 18:25,2025-08-06,18:25,Good To Yielding (Yielding In Places),6f 21y,Andosky (IRE),W Joyce,3,M Mulvany,2nd,Dead Heat,2,9-6t,64,True,10,23
Sligo Racing Results | 6th August 2025 18:25,2025-08-06,18:25,Good To Yielding (Yielding In Places),6f 21y,Prairie Echoes (IRE),G F Carroll,0,K P Cotter,1st,N/A,2,9-6,64,True,10,23
Sligo Racing Results | 6th August 2025 18:25,2025-08-06,18:25,Good To Yielding (Yielding In Places),6f 21y,Darwin's Angel (IRE),C T Keane,0,Stephen Thorne,13th,5 l,2,9-1p1,59,True,10,23
Sligo Racing Results | 6th August 2025 18:25,2025-08-06,18:25,Good To Yielding (Yielding In Places),6f 21y,Smart Sioux (IRE),R P Cleary,0,C O'Connell,12th,1 1/4 l,2,9-10t,68,True,10,23
Sligo Racing Results | 6th August 2025 18:25,2025-08-06,18:25,Good To Yielding (Yielding In Places),6f 21y,Enthusiastically (IRE),G M Ryan,0,Donnacha O'Brien,11th,1 1/2 l,2,9-0p1,58,True,10,23
Sligo Racing Results | 6th August 2025 18:25,2025-08-06,18:25,Good To Yielding (Yielding In Places),6f 21y,Glowgetter (IRE),L F Roche,0,J Davison,10th,1 l,2,8-7b1,50,True,10,23
Sligo Racing Results | 6th August 2025 18:25,2025-08-06,18:25,Good To Yielding (Yielding In Places),6f 21y,Sovereign Thought (IRE),P A Harnett,5,Donnacha O'Brien,9th,1 1/2 l,2,9-7,65,True,10,23
Sligo Racing Results | 6th August 2025 18:25,2025-08-06,18:25,Good To Yielding (Yielding In Places),6f 21y,Sapphire Dream (IRE),A J Slattery,0,A Slattery,8th,1 1/4 l,2,8-10h,54,True,10,23
Sligo Racing Results | 6th August 2025 18:25,2025-08-06,18:25,Good To Yielding (Yielding In Places),6f 21y,Luna Beaux (IRE),C D Hayes,0,Miss K McGivern,7th,3/4 l,2,8-11,55,True,10,23
Sligo Racing Results | 6th August 2025 18:25,2025-08-06,18:25,Good To Yielding (Yielding In Places),6f 21y,Cuban Princess,J Pietropaolo,7,J P O'Brien,6th,1/2 l,2,9-10,68,True,10,23
Sligo Racing Results | 6th August 2025 18:25,2025-08-06,18:25,Good To Yielding (Yielding In Places),6f 21y,Award Ceremony (IRE),J Cleary,5,Donnacha O'Brien,5th,3/4 l,2,9-12h1,70,True,10,23
Sligo Racing Results | 6th August 2025 18:25,2025-08-06,18:25,Good To Yielding (Yielding In Places),6f 21y,Gas Works Wall (IRE),D McMonagle,0,J P O'Brien,4th,1 1/2 l,2,9-0p,58,True,10,23
Sligo Racing Results | 6th August 2025 18:25,2025-08-06,18:25,Good To Yielding (Yielding In Places),6f 21y,Glamazon (IRE),S Foley,0,Mrs J Harrington,2nd,3/4 l,2,9-10,68,True,10,23
Sligo Racing Results | 6th August 2025 18:25,2025-08-06,18:25,Good To Yielding (Yielding In Places),6f 21y,Andosky (IRE),W Joyce,3,M Mulvany,2nd,Dead Heat,2,9-6t,64,True,10,23
Sligo Racing Results | 6th August 2025 18:25,2025-08-06,18:25,Good To Yielding (Yielding In Places),6f 21y,Prairie Echoes (IRE),G F Carroll,0,K P Cotter,1st,N/A,2,9-6,64,True,10,23
Sligo Racing Results | 6th August 2025 19:00,2025-08-06,19:00,Good To Yielding (Yielding In Places),6f 21y,Al Rojo Vivo (IRE),A Browne-Souza,7,K P Cotter,10th,26 l,3,9-1b1,45,True,10,24
Sligo Racing Results | 6th August 2025 19:00,2025-08-06,19:00,Good To Yielding (Yielding In Places),6f 21y,Arizona Robbins (IRE),A J Slattery,0,A Slattery,9th,2 3/4 l,3,8-13,43,True,10,24
Sligo Racing Results | 6th August 2025 19:00,2025-08-06,19:00,Good To Yielding (Yielding In Places),6f 21y,James The Second (IRE),T Casey,10,M Mulvany,8th,Head,3,9-3b,47,True,10,24
Sligo Racing Results | 6th August 2025 19:00,2025-08-06,19:00,Good To Yielding (Yielding In Places),6f 21y,Romantic War (IRE),J S Dalton,10,J G Murray,7th,1 1/4 l,3,8-10,40,True,10,24
Sligo Racing Results | 6th August 2025 19:00,2025-08-06,19:00,Good To Yielding (Yielding In Places),6f 21y,Therussiancomposer,P McGettigan,7,Ciaran Murphy,6th,1 1/4 l,3,8-12,42,True,10,24
Sligo Racing Results | 6th August 2025 19:00,2025-08-06,19:00,Good To Yielding (Yielding In Places),6f 21y,Carmina Burana (IRE),N M Crosse,0,A Kinirons,5th,1 1/4 l,3,8-10,40,True,10,24
Sligo Racing Results | 6th August 2025 19:00,2025-08-06,19:00,Good To Yielding (Yielding In Places),6f 21y,Star Allure (IRE),R P Cleary,0,C O'Connell,4th,2 1/4 l,3,8-10tp1,40,True,10,24
Sligo Racing Results | 6th August 2025 19:00,2025-08-06,19:00,Good To Yielding (Yielding In Places),6f 21y,Masked Angel (IRE),C Geerdharry,7,D Dias,3rd,Head,3,10-2,60,True,10,24
Sligo Racing Results | 6th August 2025 19:00,2025-08-06,19:00,Good To Yielding (Yielding In Places),6f 21y,Pinmoney,C T Keane,0,Daniel Murphy,2nd,2 1/2 l,3,9-5p1,49,True,10,24
Sligo Racing Results | 6th August 2025 19:00,2025-08-06,19:00,Good To Yielding (Yielding In Places),6f 21y,Undefeatable (IRE),W Joyce,3,K Smith,1st,N/A,3,9-7,51,True,10,24
Sligo Racing Results | 6th August 2025 19:00,2025-08-06,19:00,Good To Yielding (Yielding In Places),6f 21y,Al Rojo Vivo (IRE),A Browne-Souza,7,K P Cotter,10th,26 l,3,9-1b1,45,True,10,24
Sligo Racing Results | 6th August 2025 19:00,2025-08-06,19:00,Good To Yielding (Yielding In Places),6f 21y,Arizona Robbins (IRE),A J Slattery,0,A Slattery,9th,2 3/4 l,3,8-13,43,True,10,24
Sligo Racing Results | 6th August 2025 19:00,2025-08-06,19:00,Good To Yielding (Yielding In Places),6f 21y,James The Second (IRE),T Casey,10,M Mulvany,8th,Head,3,9-3b,47,True,10,24
Sligo Racing Results | 6th August 2025 19:00,2025-08-06,19:00,Good To Yielding (Yielding In Places),6f 21y,Romantic War (IRE),J S Dalton,10,J G Murray,7th,1 1/4 l,3,8-10,40,True,10,24
Sligo Racing Results | 6th August 2025 19:00,2025-08-06,19:00,Good To Yielding (Yielding In Places),6f 21y,Therussiancomposer,P McGettigan,7,Ciaran Murphy,6th,1 1/4 l,3,8-12,42,True,10,24
Sligo Racing Results | 6th August 2025 19:00,2025-08-06,19:00,Good To Yielding (Yielding In Places),6f 21y,Carmina Burana (IRE),N M Crosse,0,A Kinirons,5th,1 1/4 l,3,8-10,40,True,10,24
Sligo Racing Results | 6th August 2025 19:00,2025-08-06,19:00,Good To Yielding (Yielding In Places),6f 21y,Star Allure (IRE),R P Cleary,0,C O'Connell,4th,2 1/4 l,3,8-10tp1,40,True,10,24
Sligo Racing Results | 6th August 2025 19:00,2025-08-06,19:00,Good To Yielding (Yielding In Places),6f 21y,Masked Angel (IRE),C Geerdharry,7,D Dias,3rd,Head,3,10-2,60,True,10,24
Sligo Racing Results | 6th August 2025 19:00,2025-08-06,19:00,Good To Yielding (Yielding In Places),6f 21y,Pinmoney,C T Keane,0,Daniel Murphy,2nd,2 1/2 l,3,9-5p1,49,True,10,24
Sligo Racing Results | 6th August 2025 19:00,2025-08-06,19:00,Good To Yielding (Yielding In Places),6f 21y,Undefeatable (IRE),W Joyce,3,K Smith,1st,N/A,3,9-7,51,True,10,24
Sligo Racing Results | 6th August 2025 19:35,2025-08-06,19:35,Good To Yielding (Yielding In Places),1m 5f 103y,Show Your Workings (IRE),P A Harnett,5,Sean Davis,7th,24 l,3,10-1,59,True,10,25
Sligo Racing Results | 6th August 2025 19:35,2025-08-06,19:35,Good To Yielding (Yielding In Places),1m 5f 103y,Immortal Jock (IRE),G F Carroll,0,A Oliver,6th,66 l,3,10-2p1,60,True,10,25
Sligo Racing Results | 6th August 2025 19:35,2025-08-06,19:35,Good To Yielding (Yielding In Places),1m 5f 103y,Curroy Lady,C T Keane,0,M M McNiff,5th,1 3/4 l,3,9-11,55,True,10,25
Sligo Racing Results | 6th August 2025 19:35,2025-08-06,19:35,Good To Yielding (Yielding In Places),1m 5f 103y,Whats New (IRE),A J Slattery,0,A Slattery,4th,1 1/2 l,3,10-1v,59,True,10,25
Sligo Racing Results | 6th August 2025 19:35,2025-08-06,19:35,Good To Yielding (Yielding In Places),1m 5f 103y,Echinacea,J Cleary,5,Kevin Coleman,3rd,2 1/2 l,3,10-2,60,True,10,25
Sligo Racing Results | 6th August 2025 19:35,2025-08-06,19:35,Good To Yielding (Yielding In Places),1m 5f 103y,God The Highness (IRE),S Foley,0,Mrs J Harrington,2nd,Head,3,10-2,60,True,10,25
Sligo Racing Results | 6th August 2025 19:35,2025-08-06,19:35,Good To Yielding (Yielding In Places),1m 5f 103y,Trubshaw,Gabriella Hill,10,H De Bromhead,1st,N/A,3,10-2p1,60,True,10,25
Sligo Racing Results | 6th August 2025 19:35,2025-08-06,19:35,Good To Yielding (Yielding In Places),1m 5f 103y,Show Your Workings (IRE),P A Harnett,5,Sean Davis,7th,24 l,3,10-1,59,True,10,25
Sligo Racing Results | 6th August 2025 19:35,2025-08-06,19:35,Good To Yielding (Yielding In Places),1m 5f 103y,Immortal Jock (IRE),G F Carroll,0,A Oliver,6th,66 l,3,10-2p1,60,True,10,25
Sligo Racing Results | 6th August 2025 19:35,2025-08-06,19:35,Good To Yielding (Yielding In Places),1m 5f 103y,Curroy Lady,C T Keane,0,M M McNiff,5th,1 3/4 l,3,9-11,55,True,10,25
Sligo Racing Results | 6th August 2025 19:35,2025-08-06,19:35,Good To Yielding (Yielding In Places),1m 5f 103y,Whats New (IRE),A J Slattery,0,A Slattery,4th,1 1/2 l,3,10-1v,59,True,10,25
Sligo Racing Results | 6th August 2025 19:35,2025-08-06,19:35,Good To Yielding (Yielding In Places),1m 5f 103y,Echinacea,J Cleary,5,Kevin Coleman,3rd,2 1/2 l,3,10-2,60,True,10,25
Sligo Racing Results | 6th August 2025 19:35,2025-08-06,19:35,Good To Yielding (Yielding In Places),1m 5f 103y,God The Highness (IRE),S Foley,0,Mrs J Harrington,2nd,Head,3,10-2,60,True,10,25
Sligo Racing Results | 6th August 2025 19:35,2025-08-06,19:35,Good To Yielding (Yielding In Places),1m 5f 103y,Trubshaw,Gabriella Hill,10,H De Bromhead,1st,N/A,3,10-2p1,60,True,10,25
Sligo Racing Results | 6th August 2025 20:10,2025-08-06,20:10,Good To Yielding (Yielding In Places),1m 5f 103y,Explorers Way (IRE),R C Colgan,0,A Kinirons,13th,21 l,6,10-3h,60,True,10,26
Sligo Racing Results | 6th August 2025 20:10,2025-08-06,20:10,Good To Yielding (Yielding In Places),1m 5f 103y,Florida Taiga (IRE),S Foley,0,S Fahey,12th,Neck,5,9-0tb,43,True,10,26
Sligo Racing Results | 6th August 2025 20:10,2025-08-06,20:10,Good To Yielding (Yielding In Places),1m 5f 103y,Lilac Lady (IRE),Nicola Burns,7,M M McNiff,11th,Head,5,8-13,42,True,10,26
Sligo Racing Results | 6th August 2025 20:10,2025-08-06,20:10,Good To Yielding (Yielding In Places),1m 5f 103y,Anjah (IRE),J S Dalton,10,H D McGuigan,10th,2 1/2 l,8,8-12tv,41,True,10,26
Sligo Racing Results | 6th August 2025 20:10,2025-08-06,20:10,Good To Yielding (Yielding In Places),1m 5f 103y,Viceregent,P McGettigan,7,H D McGuigan,9th,1/2 l,8,9-13,56,True,10,26
Sligo Racing Results | 6th August 2025 20:10,2025-08-06,20:10,Good To Yielding (Yielding In Places),1m 5f 103y,You Make Me Smile (IRE),K G Kennedy,5,P A Fahy,8th,1 l,7,9-2,45,True,10,26
Sligo Racing Results | 6th August 2025 20:10,2025-08-06,20:10,Good To Yielding (Yielding In Places),1m 5f 103y,Tastyee (IRE),L P Keniry,0,D Budds,7th,Short Head,7,9-3tb1,46,True,10,26
Sligo Racing Results | 6th August 2025 20:10,2025-08-06,20:10,Good To Yielding (Yielding In Places),1m 5f 103y,Daymer Bay (IRE),S Coen,7,Ciaran Murphy,6th,2 l,4,9-10tp1,53,True,10,26
Sligo Racing Results | 6th August 2025 20:10,2025-08-06,20:10,Good To Yielding (Yielding In Places),1m 5f 103y,Highland Bells (IRE),W Joyce,3,M Mulvany,5th,1 1/4 l,4,8-13,42,True,10,26
Sligo Racing Results | 6th August 2025 20:10,2025-08-06,20:10,Good To Yielding (Yielding In Places),1m 5f 103y,Dumb Love (IRE),D S O'Sullivan,7,Gerard O'Leary,4th,3 l,5,10-0,57,True,10,26
Sligo Racing Results | 6th August 2025 20:10,2025-08-06,20:10,Good To Yielding (Yielding In Places),1m 5f 103y,Serotonin,D McMonagle,0,P W Flynn,3rd,1 1/4 l,5,9-11b,54,True,10,26
Sligo Racing Results | 6th August 2025 20:10,2025-08-06,20:10,Good To Yielding (Yielding In Places),1m 5f 103y,Arcland (IRE),G F Carroll,0,G P Cromwell,2nd,5 l,9,9-7,50,True,10,26
Sligo Racing Results | 6th August 2025 20:10,2025-08-06,20:10,Good To Yielding (Yielding In Places),1m 5f 103y,Chopsticks (IRE),C D Hayes,0,J C McConnell,1st,N/A,5,9-8p,51,True,10,26
Sligo Racing Results | 6th August 2025 20:10,2025-08-06,20:10,Good To Yielding (Yielding In Places),1m 5f 103y,Explorers Way (IRE),R C Colgan,0,A Kinirons,13th,21 l,6,10-3h,60,True,10,26
Sligo Racing Results | 6th August 2025 20:10,2025-08-06,20:10,Good To Yielding (Yielding In Places),1m 5f 103y,Florida Taiga (IRE),S Foley,0,S Fahey,12th,Neck,5,9-0tb,43,True,10,26
Sligo Racing Results | 6th August 2025 20:10,2025-08-06,20:10,Good To Yielding (Yielding In Places),1m 5f 103y,Lilac Lady (IRE),Nicola Burns,7,M M McNiff,11th,Head,5,8-13,42,True,10,26
Sligo Racing Results | 6th August 2025 20:10,2025-08-06,20:10,Good To Yielding (Yielding In Places),1m 5f 103y,Anjah (IRE),J S Dalton,10,H D McGuigan,10th,2 1/2 l,8,8-12tv,41,True,10,26
Sligo Racing Results | 6th August 2025 20:10,2025-08-06,20:10,Good To Yielding (Yielding In Places),1m 5f 103y,Viceregent,P McGettigan,7,H D McGuigan,9th,1/2 l,8,9-13,56,True,10,26
Sligo Racing Results | 6th August 2025 20:10,2025-08-06,20:10,Good To Yielding (Yielding In Places),1m 5f 103y,You Make Me Smile (IRE),K G Kennedy,5,P A Fahy,8th,1 l,7,9-2,45,True,10,26
Sligo Racing Results | 6th August 2025 20:10,2025-08-06,20:10,Good To Yielding (Yielding In Places),1m 5f 103y,Tastyee (IRE),L P Keniry,0,D Budds,7th,Short Head,7,9-3tb1,46,True,10,26
Sligo Racing Results | 6th August 2025 20:10,2025-08-06,20:10,Good To Yielding (Yielding In Places),1m 5f 103y,Daymer Bay (IRE),S Coen,7,Ciaran Murphy,6th,2 l,4,9-10tp1,53,True,10,26
Sligo Racing Results | 6th August 2025 20:10,2025-08-06,20:10,Good To Yielding (Yielding In Places),1m 5f 103y,Highland Bells (IRE),W Joyce,3,M Mulvany,5th,1 1/4 l,4,8-13,42,True,10,26
Sligo Racing Results | 6th August 2025 20:10,2025-08-06,20:10,Good To Yielding (Yielding In Places),1m 5f 103y,Dumb Love (IRE),D S O'Sullivan,7,Gerard O'Leary,4th,3 l,5,10-0,57,True,10,26
Sligo Racing Results | 6th August 2025 20:10,2025-08-06,20:10,Good To Yielding (Yielding In Places),1m 5f 103y,Serotonin,D McMonagle,0,P W Flynn,3rd,1 1/4 l,5,9-11b,54,True,10,26
Sligo Racing Results | 6th August 2025 20:10,2025-08-06,20:10,Good To Yielding (Yielding In Places),1m 5f 103y,Arcland (IRE),G F Carroll,0,G P Cromwell,2nd,5 l,9,9-7,50,True,10,26
Sligo Racing Results | 6th August 2025 20:10,2025-08-06,20:10,Good To Yielding (Yielding In Places),1m 5f 103y,Chopsticks (IRE),C D Hayes,0,J C McConnell,1st,N/A,5,9-8p,51,True,10,26
Wexford Racing Results | 6th August 2025 17:00,2025-08-06,17:00,Good (Good To Yielding In Places),2m 190y,Howayahoney (IRE),G B Noonan,5,E McCarthy,F,N/A,4,10-8,-,True,10,27
Wexford Racing Results | 6th August 2025 17:00,2025-08-06,17:00,Good (Good To Yielding In Places),2m 190y,Ailbhe Ava (IRE),S W Flanagan,0,G P Cromwell,12th,1 l,4,10-8,-,True,10,27
Wexford Racing Results | 6th August 2025 17:00,2025-08-06,17:00,Good (Good To Yielding In Places),2m 190y,Brackloon Bay (IRE),P T Enright,0,S K Ryder,11th,Neck,4,10-8,-,True,10,27
Wexford Racing Results | 6th August 2025 17:00,2025-08-06,17:00,Good (Good To Yielding In Places),2m 190y,Maxios Lady (IRE),S D Torrens,0,P J Rothwell,10th,12 l,4,10-8,-,True,10,27
Wexford Racing Results | 6th August 2025 17:00,2025-08-06,17:00,Good (Good To Yielding In Places),2m 190y,Caman Rocco (IRE),C Stone-Walsh,0,G P Cromwell,9th,3 1/2 l,4,10-8,-,True,10,27
Wexford Racing Results | 6th August 2025 17:00,2025-08-06,17:00,Good (Good To Yielding In Places),2m 190y,Lady With The Hat (IRE),B W Harvey,0,C Collins,8th,3 1/4 l,4,10-8,-,True,10,27
Wexford Racing Results | 6th August 2025 17:00,2025-08-06,17:00,Good (Good To Yielding In Places),2m 190y,Red Sea Girl (IRE),D King,0,N Stokes,7th,6 l,4,10-8,-,True,10,27
Wexford Racing Results | 6th August 2025 17:00,2025-08-06,17:00,Good (Good To Yielding In Places),2m 190y,Wonderwalk (IRE),Mr B M Coonan,7,V C Ward,6th,2 1/2 l,4,10-8h,-,True,10,27
Wexford Racing Results | 6th August 2025 17:00,2025-08-06,17:00,Good (Good To Yielding In Places),2m 190y,Shing Shang Lily (IRE),D J Gilligan,0,C Collins,5th,4 l,4,10-8,-,True,10,27
Wexford Racing Results | 6th August 2025 17:00,2025-08-06,17:00,Good (Good To Yielding In Places),2m 190y,Lady Maxios (IRE),J C Gainford,0,C Collins,4th,3/4 l,4,10-8,-,True,10,27
Wexford Racing Results | 6th August 2025 17:00,2025-08-06,17:00,Good (Good To Yielding In Places),2m 190y,Game Phoenix (IRE),L Quinlan,0,Paul Power,3rd,3 1/4 l,4,10-8,100,True,10,27
Wexford Racing Results | 6th August 2025 17:00,2025-08-06,17:00,Good (Good To Yielding In Places),2m 190y,Riverwoods (IRE),D J O'Keeffe,0,H De Bromhead,2nd,2 3/4 l,4,10-8,-,True,10,27
Wexford Racing Results | 6th August 2025 17:00,2025-08-06,17:00,Good (Good To Yielding In Places),2m 190y,Abel Mabel (IRE),Niall Moore,5,Arthur Goulding,1st,N/A,4,10-8,-,True,10,27
Wexford Racing Results | 6th August 2025 17:00,2025-08-06,17:00,Good (Good To Yielding In Places),2m 190y,Howayahoney (IRE),G B Noonan,5,E McCarthy,F,N/A,4,10-8,-,True,10,27
Wexford Racing Results | 6th August 2025 17:00,2025-08-06,17:00,Good (Good To Yielding In Places),2m 190y,Ailbhe Ava (IRE),S W Flanagan,0,G P Cromwell,12th,1 l,4,10-8,-,True,10,27
Wexford Racing Results | 6th August 2025 17:00,2025-08-06,17:00,Good (Good To Yielding In Places),2m 190y,Brackloon Bay (IRE),P T Enright,0,S K Ryder,11th,Neck,4,10-8,-,True,10,27
Wexford Racing Results | 6th August 2025 17:00,2025-08-06,17:00,Good (Good To Yielding In Places),2m 190y,Maxios Lady (IRE),S D Torrens,0,P J Rothwell,10th,12 l,4,10-8,-,True,10,27
Wexford Racing Results | 6th August 2025 17:00,2025-08-06,17:00,Good (Good To Yielding In Places),2m 190y,Caman Rocco (IRE),C Stone-Walsh,0,G P Cromwell,9th,3 1/2 l,4,10-8,-,True,10,27
Wexford Racing Results | 6th August 2025 17:00,2025-08-06,17:00,Good (Good To Yielding In Places),2m 190y,Lady With The Hat (IRE),B W Harvey,0,C Collins,8th,3 1/4 l,4,10-8,-,True,10,27
Wexford Racing Results | 6th August 2025 17:00,2025-08-06,17:00,Good (Good To Yielding In Places),2m 190y,Red Sea Girl (IRE),D King,0,N Stokes,7th,6 l,4,10-8,-,True,10,27
Wexford Racing Results | 6th August 2025 17:00,2025-08-06,17:00,Good (Good To Yielding In Places),2m 190y,Wonderwalk (IRE),Mr B M Coonan,7,V C Ward,6th,2 1/2 l,4,10-8h,-,True,10,27
Wexford Racing Results | 6th August 2025 17:00,2025-08-06,17:00,Good (Good To Yielding In Places),2m 190y,Shing Shang Lily (IRE),D J Gilligan,0,C Collins,5th,4 l,4,10-8,-,True,10,27
Wexford Racing Results | 6th August 2025 17:00,2025-08-06,17:00,Good (Good To Yielding In Places),2m 190y,Lady Maxios (IRE),J C Gainford,0,C Collins,4th,3/4 l,4,10-8,-,True,10,27
Wexford Racing Results | 6th August 2025 17:00,2025-08-06,17:00,Good (Good To Yielding In Places),2m 190y,Game Phoenix (IRE),L Quinlan,0,Paul Power,3rd,3 1/4 l,4,10-8,100,True,10,27
Wexford Racing Results | 6th August 2025 17:00,2025-08-06,17:00,Good (Good To Yielding In Places),2m 190y,Riverwoods (IRE),D J O'Keeffe,0,H De Bromhead,2nd,2 3/4 l,4,10-8,-,True,10,27
Wexford Racing Results | 6th August 2025 17:00,2025-08-06,17:00,Good (Good To Yielding In Places),2m 190y,Abel Mabel (IRE),Niall Moore,5,Arthur Goulding,1st,N/A,4,10-8,-,True,10,27
Wexford Racing Results | 6th August 2025 17:35,2025-08-06,17:35,Good (Good To Yielding In Places),2m 4f 50y,Irina's Path (FR),J W Kennedy,0,G Elliott,PU,N/A,7,11-4,102,True,10,28
Wexford Racing Results | 6th August 2025 17:35,2025-08-06,17:35,Good (Good To Yielding In Places),2m 4f 50y,Silent Selector (IRE),B Hayes,0,Gerard O'Leary,PU,N/A,5,11-0t,98,True,10,28
Wexford Racing Results | 6th August 2025 17:35,2025-08-06,17:35,Good (Good To Yielding In Places),2m 4f 50y,Doctor Confusion (FR),D J O'Keeffe,0,H De Bromhead,PU,N/A,4,11-0,102,True,10,28
Wexford Racing Results | 6th August 2025 17:35,2025-08-06,17:35,Good (Good To Yielding In Places),2m 4f 50y,Ciao Adios (IRE),Eoin G Kelly,7,A Murray,PU,N/A,6,11-6tp,104,True,10,28
Wexford Racing Results | 6th August 2025 17:35,2025-08-06,17:35,Good (Good To Yielding In Places),2m 4f 50y,Tell Nobody Nothin (IRE),D Meyler,0,N Meade,10th,19 l,5,11-8b1,106,True,10,28
Wexford Racing Results | 6th August 2025 17:35,2025-08-06,17:35,Good (Good To Yielding In Places),2m 4f 50y,Fast Felix (IRE),G B Noonan,5,E McCarthy,9th,15 l,7,11-9t,107,True,10,28
Wexford Racing Results | 6th August 2025 17:35,2025-08-06,17:35,Good (Good To Yielding In Places),2m 4f 50y,You Done Well (IRE),P J Cody,7,K Purcell,8th,4 1/2 l,4,11-3b,105,True,10,28
Wexford Racing Results | 6th August 2025 17:35,2025-08-06,17:35,Good (Good To Yielding In Places),2m 4f 50y,Miss Maxfort (IRE),D King,0,N Stokes,7th,6 l,5,11-2t1,100,True,10,28
Wexford Racing Results | 6th August 2025 17:35,2025-08-06,17:35,Good (Good To Yielding In Places),2m 4f 50y,Hey Babbs (IRE),P M O'Brien,5,D A McLoughlin,6th,4 1/4 l,5,11-1t,99,True,10,28
Wexford Racing Results | 6th August 2025 17:35,2025-08-06,17:35,Good (Good To Yielding In Places),2m 4f 50y,Eternal Angel (FR),J C Gainford,0,Miss Ellmarie Holden,5th,1 3/4 l,5,11-12,110,True,10,28
Wexford Racing Results | 6th August 2025 17:35,2025-08-06,17:35,Good (Good To Yielding In Places),2m 4f 50y,Colleen Danu (IRE),S D Torrens,0,P T Foley,4th,7 l,6,11-11t,109,True,10,28
Wexford Racing Results | 6th August 2025 17:35,2025-08-06,17:35,Good (Good To Yielding In Places),2m 4f 50y,Spring Meadow (IRE),S W Flanagan,0,E McNamara,3rd,3 3/4 l,8,11-11ht,109,True,10,28
Wexford Racing Results | 6th August 2025 17:35,2025-08-06,17:35,Good (Good To Yielding In Places),2m 4f 50y,Club Manager,A Harvey,5,R O'Sullivan,2nd,9 1/2 l,5,11-12p,110,True,10,28
Wexford Racing Results | 6th August 2025 17:35,2025-08-06,17:35,Good (Good To Yielding In Places),2m 4f 50y,Custers Mistake (IRE),Mr D McGill,7,R J Tumilty,1st,N/A,8,11-5,103,True,10,28
Wexford Racing Results | 6th August 2025 17:35,2025-08-06,17:35,Good (Good To Yielding In Places),2m 4f 50y,Irina's Path (FR),J W Kennedy,0,G Elliott,PU,N/A,7,11-4,102,True,10,28
Wexford Racing Results | 6th August 2025 17:35,2025-08-06,17:35,Good (Good To Yielding In Places),2m 4f 50y,Silent Selector (IRE),B Hayes,0,Gerard O'Leary,PU,N/A,5,11-0t,98,True,10,28
Wexford Racing Results | 6th August 2025 17:35,2025-08-06,17:35,Good (Good To Yielding In Places),2m 4f 50y,Doctor Confusion (FR),D J O'Keeffe,0,H De Bromhead,PU,N/A,4,11-0,102,True,10,28
Wexford Racing Results | 6th August 2025 17:35,2025-08-06,17:35,Good (Good To Yielding In Places),2m 4f 50y,Ciao Adios (IRE),Eoin G Kelly,7,A Murray,PU,N/A,6,11-6tp,104,True,10,28
Wexford Racing Results | 6th August 2025 17:35,2025-08-06,17:35,Good (Good To Yielding In Places),2m 4f 50y,Tell Nobody Nothin (IRE),D Meyler,0,N Meade,10th,19 l,5,11-8b1,106,True,10,28
Wexford Racing Results | 6th August 2025 17:35,2025-08-06,17:35,Good (Good To Yielding In Places),2m 4f 50y,Fast Felix (IRE),G B Noonan,5,E McCarthy,9th,15 l,7,11-9t,107,True,10,28
Wexford Racing Results | 6th August 2025 17:35,2025-08-06,17:35,Good (Good To Yielding In Places),2m 4f 50y,You Done Well (IRE),P J Cody,7,K Purcell,8th,4 1/2 l,4,11-3b,105,True,10,28
Wexford Racing Results | 6th August 2025 17:35,2025-08-06,17:35,Good (Good To Yielding In Places),2m 4f 50y,Miss Maxfort (IRE),D King,0,N Stokes,7th,6 l,5,11-2t1,100,True,10,28
Wexford Racing Results | 6th August 2025 17:35,2025-08-06,17:35,Good (Good To Yielding In Places),2m 4f 50y,Hey Babbs (IRE),P M O'Brien,5,D A McLoughlin,6th,4 1/4 l,5,11-1t,99,True,10,28
Wexford Racing Results | 6th August 2025 17:35,2025-08-06,17:35,Good (Good To Yielding In Places),2m 4f 50y,Eternal Angel (FR),J C Gainford,0,Miss Ellmarie Holden,5th,1 3/4 l,5,11-12,110,True,10,28
Wexford Racing Results | 6th August 2025 17:35,2025-08-06,17:35,Good (Good To Yielding In Places),2m 4f 50y,Colleen Danu (IRE),S D Torrens,0,P T Foley,4th,7 l,6,11-11t,109,True,10,28
Wexford Racing Results | 6th August 2025 17:35,2025-08-06,17:35,Good (Good To Yielding In Places),2m 4f 50y,Spring Meadow (IRE),S W Flanagan,0,E McNamara,3rd,3 3/4 l,8,11-11ht,109,True,10,28
Wexford Racing Results | 6th August 2025 17:35,2025-08-06,17:35,Good (Good To Yielding In Places),2m 4f 50y,Club Manager,A Harvey,5,R O'Sullivan,2nd,9 1/2 l,5,11-12p,110,True,10,28
Wexford Racing Results | 6th August 2025 17:35,2025-08-06,17:35,Good (Good To Yielding In Places),2m 4f 50y,Custers Mistake (IRE),Mr D McGill,7,R J Tumilty,1st,N/A,8,11-5,103,True,10,28
Wexford Racing Results | 6th August 2025 18:07,2025-08-06,18:07,Good (Good To Yielding In Places),2m 3f 130y,Sense The Tension (IRE),Mr E T Mellerick,7,Kenneth Daly,UR,N/A,9,11-12t,-,True,10,29
Wexford Racing Results | 6th August 2025 18:07,2025-08-06,18:07,Good (Good To Yielding In Places),2m 3f 130y,Joya Del Mar (IRE),L A McKenna,5,D A McLoughlin,PU,N/A,7,11-5,-,True,10,29
Wexford Racing Results | 6th August 2025 18:07,2025-08-06,18:07,Good (Good To Yielding In Places),2m 3f 130y,Hms Seahorse (IRE),S F O'Keeffe,0,P Nolan,F,N/A,7,11-12b,-,True,10,29
Wexford Racing Results | 6th August 2025 18:07,2025-08-06,18:07,Good (Good To Yielding In Places),2m 3f 130y,Larkfield Lidaho (IRE),C Stone-Walsh,0,R P Rath,7th,20 l,5,11-12,-,True,10,29
Wexford Racing Results | 6th August 2025 18:07,2025-08-06,18:07,Good (Good To Yielding In Places),2m 3f 130y,Fiddledee (IRE),P J Cody,7,E Doyle,6th,2 3/4 l,6,11-5,-,True,10,29
Wexford Racing Results | 6th August 2025 18:07,2025-08-06,18:07,Good (Good To Yielding In Places),2m 3f 130y,Mr Escobar (IRE),B Hayes,0,W P Mullins,5th,5 1/2 l,7,11-12ht,-,True,10,29
Wexford Racing Results | 6th August 2025 18:07,2025-08-06,18:07,Good (Good To Yielding In Places),2m 3f 130y,Rauzan (IRE),P T Enright,0,E Doyle,4th,28 l,5,11-12p,-,True,10,29
Wexford Racing Results | 6th August 2025 18:07,2025-08-06,18:07,Good (Good To Yielding In Places),2m 3f 130y,Speculatrix,J W Kennedy,0,G Elliott,3rd,12 l,6,11-5,-,True,10,29
Wexford Racing Results | 6th August 2025 18:07,2025-08-06,18:07,Good (Good To Yielding In Places),2m 3f 130y,West Away (IRE),K M Donoghue,0,Ian Donoghue,2nd,1 l,7,11-12t,-,True,10,29
Wexford Racing Results | 6th August 2025 18:07,2025-08-06,18:07,Good (Good To Yielding In Places),2m 3f 130y,Ashdale Flyer (IRE),S W Flanagan,0,Mrs J Harrington,1st,N/A,6,11-5p,-,True,10,29
Wexford Racing Results | 6th August 2025 18:07,2025-08-06,18:07,Good (Good To Yielding In Places),2m 3f 130y,Sense The Tension (IRE),Mr E T Mellerick,7,Kenneth Daly,UR,N/A,9,11-12t,-,True,10,29
Wexford Racing Results | 6th August 2025 18:07,2025-08-06,18:07,Good (Good To Yielding In Places),2m 3f 130y,Joya Del Mar (IRE),L A McKenna,5,D A McLoughlin,PU,N/A,7,11-5,-,True,10,29
Wexford Racing Results | 6th August 2025 18:07,2025-08-06,18:07,Good (Good To Yielding In Places),2m 3f 130y,Hms Seahorse (IRE),S F O'Keeffe,0,P Nolan,F,N/A,7,11-12b,-,True,10,29
Wexford Racing Results | 6th August 2025 18:07,2025-08-06,18:07,Good (Good To Yielding In Places),2m 3f 130y,Larkfield Lidaho (IRE),C Stone-Walsh,0,R P Rath,7th,20 l,5,11-12,-,True,10,29
Wexford Racing Results | 6th August 2025 18:07,2025-08-06,18:07,Good (Good To Yielding In Places),2m 3f 130y,Fiddledee (IRE),P J Cody,7,E Doyle,6th,2 3/4 l,6,11-5,-,True,10,29
Wexford Racing Results | 6th August 2025 18:07,2025-08-06,18:07,Good (Good To Yielding In Places),2m 3f 130y,Mr Escobar (IRE),B Hayes,0,W P Mullins,5th,5 1/2 l,7,11-12ht,-,True,10,29
Wexford Racing Results | 6th August 2025 18:07,2025-08-06,18:07,Good (Good To Yielding In Places),2m 3f 130y,Rauzan (IRE),P T Enright,0,E Doyle,4th,28 l,5,11-12p,-,True,10,29
Wexford Racing Results | 6th August 2025 18:07,2025-08-06,18:07,Good (Good To Yielding In Places),2m 3f 130y,Speculatrix,J W Kennedy,0,G Elliott,3rd,12 l,6,11-5,-,True,10,29
Wexford Racing Results | 6th August 2025 18:07,2025-08-06,18:07,Good (Good To Yielding In Places),2m 3f 130y,West Away (IRE),K M Donoghue,0,Ian Donoghue,2nd,1 l,7,11-12t,-,True,10,29
Wexford Racing Results | 6th August 2025 18:07,2025-08-06,18:07,Good (Good To Yielding In Places),2m 3f 130y,Ashdale Flyer (IRE),S W Flanagan,0,Mrs J Harrington,1st,N/A,6,11-5p,-,True,10,29
Wexford Racing Results | 6th August 2025 18:42,2025-08-06,18:42,Good (Good To Yielding In Places),2m 3f 130y,Chiefs Kingdom (IRE),E Staples,7,P Nolan,11th,8 1/2 l,7,11-8tp1,106,True,10,30
Wexford Racing Results | 6th August 2025 18:42,2025-08-06,18:42,Good (Good To Yielding In Places),2m 3f 130y,Doyen Flyer (IRE),H E Sexton,7,J Barcoe,10th,4 l,7,10-0,82,True,10,30
Wexford Racing Results | 6th August 2025 18:42,2025-08-06,18:42,Good (Good To Yielding In Places),2m 3f 130y,Inchidaly Copper (IRE),R J Condon,5,A Ott,9th,Neck,9,11-11p,109,True,10,30
Wexford Racing Results | 6th August 2025 18:42,2025-08-06,18:42,Good (Good To Yielding In Places),2m 3f 130y,Walk In Time (IRE),S O'Callaghan,5,D H Kelly,8th,1/2 l,8,10-1tp,85,True,10,30
Wexford Racing Results | 6th August 2025 18:42,2025-08-06,18:42,Good (Good To Yielding In Places),2m 3f 130y,I A Connect (IRE),L A McKenna,5,Miss E McCutcheon,7th,2 1/4 l,10,11-8,106,True,10,30
Wexford Racing Results | 6th August 2025 18:42,2025-08-06,18:42,Good (Good To Yielding In Places),2m 3f 130y,Crowsatedappletart (IRE),G Brouder,3,M Winters,6th,2 3/4 l,8,11-8p,106,True,10,30
Wexford Racing Results | 6th August 2025 18:42,2025-08-06,18:42,Good (Good To Yielding In Places),2m 3f 130y,Jumping Susie (IRE),B W Harvey,0,J C McConnell,5th,11 l,7,12-0t,112,True,10,30
Wexford Racing Results | 6th August 2025 18:42,2025-08-06,18:42,Good (Good To Yielding In Places),2m 3f 130y,A Nod To Getaway (IRE),G B Noonan,5,P O'Flynn,4th,1/2 l,8,10-5tv,89,True,10,30
Wexford Racing Results | 6th August 2025 18:42,2025-08-06,18:42,Good (Good To Yielding In Places),2m 3f 130y,Newtown Rambler (IRE),M P O'Connor,0,H De Bromhead,3rd,1/2 l,6,11-10ht,108,True,10,30
Wexford Racing Results | 6th August 2025 18:42,2025-08-06,18:42,Good (Good To Yielding In Places),2m 3f 130y,Birdsandthebees (IRE),P T Smithers,7,P Roche,2nd,Short Head,8,11-5h,103,True,10,30
Wexford Racing Results | 6th August 2025 18:42,2025-08-06,18:42,Good (Good To Yielding In Places),2m 3f 130y,Finnians Row (IRE),P M O'Brien,5,D A McLoughlin,1st,N/A,9,10-12tv,96,True,10,30
Wexford Racing Results | 6th August 2025 18:42,2025-08-06,18:42,Good (Good To Yielding In Places),2m 3f 130y,Chiefs Kingdom (IRE),E Staples,7,P Nolan,11th,8 1/2 l,7,11-8tp1,106,True,10,30
Wexford Racing Results | 6th August 2025 18:42,2025-08-06,18:42,Good (Good To Yielding In Places),2m 3f 130y,Doyen Flyer (IRE),H E Sexton,7,J Barcoe,10th,4 l,7,10-0,82,True,10,30
Wexford Racing Results | 6th August 2025 18:42,2025-08-06,18:42,Good (Good To Yielding In Places),2m 3f 130y,Inchidaly Copper (IRE),R J Condon,5,A Ott,9th,Neck,9,11-11p,109,True,10,30
Wexford Racing Results | 6th August 2025 18:42,2025-08-06,18:42,Good (Good To Yielding In Places),2m 3f 130y,Walk In Time (IRE),S O'Callaghan,5,D H Kelly,8th,1/2 l,8,10-1tp,85,True,10,30
Wexford Racing Results | 6th August 2025 18:42,2025-08-06,18:42,Good (Good To Yielding In Places),2m 3f 130y,I A Connect (IRE),L A McKenna,5,Miss E McCutcheon,7th,2 1/4 l,10,11-8,106,True,10,30
Wexford Racing Results | 6th August 2025 18:42,2025-08-06,18:42,Good (Good To Yielding In Places),2m 3f 130y,Crowsatedappletart (IRE),G Brouder,3,M Winters,6th,2 3/4 l,8,11-8p,106,True,10,30
Wexford Racing Results | 6th August 2025 18:42,2025-08-06,18:42,Good (Good To Yielding In Places),2m 3f 130y,Jumping Susie (IRE),B W Harvey,0,J C McConnell,5th,11 l,7,12-0t,112,True,10,30
Wexford Racing Results | 6th August 2025 18:42,2025-08-06,18:42,Good (Good To Yielding In Places),2m 3f 130y,A Nod To Getaway (IRE),G B Noonan,5,P O'Flynn,4th,1/2 l,8,10-5tv,89,True,10,30
Wexford Racing Results | 6th August 2025 18:42,2025-08-06,18:42,Good (Good To Yielding In Places),2m 3f 130y,Newtown Rambler (IRE),M P O'Connor,0,H De Bromhead,3rd,1/2 l,6,11-10ht,108,True,10,30
Wexford Racing Results | 6th August 2025 18:42,2025-08-06,18:42,Good (Good To Yielding In Places),2m 3f 130y,Birdsandthebees (IRE),P T Smithers,7,P Roche,2nd,Short Head,8,11-5h,103,True,10,30
Wexford Racing Results | 6th August 2025 18:42,2025-08-06,18:42,Good (Good To Yielding In Places),2m 3f 130y,Finnians Row (IRE),P M O'Brien,5,D A McLoughlin,1st,N/A,9,10-12tv,96,True,10,30
Wexford Racing Results | 6th August 2025 19:17,2025-08-06,19:17,Good (Good To Yielding In Places),3m 1f 70y,Prince Zaltar (FR),S D Torrens,0,P J Rothwell,PU,N/A,8,10-8p1,110,True,10,31
Wexford Racing Results | 6th August 2025 19:17,2025-08-06,19:17,Good (Good To Yielding In Places),3m 1f 70y,Starzov (IRE),C M Hogan,7,P J Rothwell,PU,N/A,8,10-0p,100,True,10,31
Wexford Racing Results | 6th August 2025 19:17,2025-08-06,19:17,Good (Good To Yielding In Places),3m 1f 70y,Nt Field Minnesota (IRE),P Townend,0,W P Mullins,PU,N/A,7,10-11t,113,True,10,31
Wexford Racing Results | 6th August 2025 19:17,2025-08-06,19:17,Good (Good To Yielding In Places),3m 1f 70y,Arrycan (IRE),R Deegan,0,L P Cusack,9th,34 l,11,10-11,113,True,10,31
Wexford Racing Results | 6th August 2025 19:17,2025-08-06,19:17,Good (Good To Yielding In Places),3m 1f 70y,Juniper Hill (IRE),S W Flanagan,0,P Nolan,8th,3 1/4 l,6,10-7t,109,True,10,31
Wexford Racing Results | 6th August 2025 19:17,2025-08-06,19:17,Good (Good To Yielding In Places),3m 1f 70y,Donkey Years (IRE),D J Gilligan,0,E McNamara,7th,20 l,11,11-4tp,120,True,10,31
Wexford Racing Results | 6th August 2025 19:17,2025-08-06,19:17,Good (Good To Yielding In Places),3m 1f 70y,Cavalry Master (IRE),S F O'Keeffe,0,Peter Maher,6th,1 1/2 l,11,11-4tp,120,True,10,31
Wexford Racing Results | 6th August 2025 19:17,2025-08-06,19:17,Good (Good To Yielding In Places),3m 1f 70y,Run For Pat (IRE),Sam Ewing,0,G Elliott,5th,2 1/2 l,8,10-3b,105,True,10,31
Wexford Racing Results | 6th August 2025 19:17,2025-08-06,19:17,Good (Good To Yielding In Places),3m 1f 70y,Sea Aster (IRE),J W Kennedy,0,G Elliott,4th,20 l,7,11-4p,120,True,10,31
Wexford Racing Results | 6th August 2025 19:17,2025-08-06,19:17,Good (Good To Yielding In Places),3m 1f 70y,Sam Magee (IRE),D J O'Keeffe,0,H De Bromhead,3rd,2 1/4 l,8,11-6t,122,True,10,31
Wexford Racing Results | 6th August 2025 19:17,2025-08-06,19:17,Good (Good To Yielding In Places),3m 1f 70y,Tullyveery Lad (IRE),D Meyler,0,R P Cody,2nd,12 l,9,10-9,111,True,10,31
Wexford Racing Results | 6th August 2025 19:17,2025-08-06,19:17,Good (Good To Yielding In Places),3m 1f 70y,Outside The Door (IRE),P T Smithers,7,P Roche,1st,N/A,9,11-12b,128,True,10,31
Wexford Racing Results | 6th August 2025 19:17,2025-08-06,19:17,Good (Good To Yielding In Places),3m 1f 70y,Prince Zaltar (FR),S D Torrens,0,P J Rothwell,PU,N/A,8,10-8p1,110,True,10,31
Wexford Racing Results | 6th August 2025 19:17,2025-08-06,19:17,Good (Good To Yielding In Places),3m 1f 70y,Starzov (IRE),C M Hogan,7,P J Rothwell,PU,N/A,8,10-0p,100,True,10,31
Wexford Racing Results | 6th August 2025 19:17,2025-08-06,19:17,Good (Good To Yielding In Places),3m 1f 70y,Nt Field Minnesota (IRE),P Townend,0,W P Mullins,PU,N/A,7,10-11t,113,True,10,31
Wexford Racing Results | 6th August 2025 19:17,2025-08-06,19:17,Good (Good To Yielding In Places),3m 1f 70y,Arrycan (IRE),R Deegan,0,L P Cusack,9th,34 l,11,10-11,113,True,10,31
Wexford Racing Results | 6th August 2025 19:17,2025-08-06,19:17,Good (Good To Yielding In Places),3m 1f 70y,Juniper Hill (IRE),S W Flanagan,0,P Nolan,8th,3 1/4 l,6,10-7t,109,True,10,31
Wexford Racing Results | 6th August 2025 19:17,2025-08-06,19:17,Good (Good To Yielding In Places),3m 1f 70y,Donkey Years (IRE),D J Gilligan,0,E McNamara,7th,20 l,11,11-4tp,120,True,10,31
Wexford Racing Results | 6th August 2025 19:17,2025-08-06,19:17,Good (Good To Yielding In Places),3m 1f 70y,Cavalry Master (IRE),S F O'Keeffe,0,Peter Maher,6th,1 1/2 l,11,11-4tp,120,True,10,31
Wexford Racing Results | 6th August 2025 19:17,2025-08-06,19:17,Good (Good To Yielding In Places),3m 1f 70y,Run For Pat (IRE),Sam Ewing,0,G Elliott,5th,2 1/2 l,8,10-3b,105,True,10,31
Wexford Racing Results | 6th August 2025 19:17,2025-08-06,19:17,Good (Good To Yielding In Places),3m 1f 70y,Sea Aster (IRE),J W Kennedy,0,G Elliott,4th,20 l,7,11-4p,120,True,10,31
Wexford Racing Results | 6th August 2025 19:17,2025-08-06,19:17,Good (Good To Yielding In Places),3m 1f 70y,Sam Magee (IRE),D J O'Keeffe,0,H De Bromhead,3rd,2 1/4 l,8,11-6t,122,True,10,31
Wexford Racing Results | 6th August 2025 19:17,2025-08-06,19:17,Good (Good To Yielding In Places),3m 1f 70y,Tullyveery Lad (IRE),D Meyler,0,R P Cody,2nd,12 l,9,10-9,111,True,10,31
Wexford Racing Results | 6th August 2025 19:17,2025-08-06,19:17,Good (Good To Yielding In Places),3m 1f 70y,Outside The Door (IRE),P T Smithers,7,P Roche,1st,N/A,9,11-12b,128,True,10,31
Wexford Racing Results | 6th August 2025 19:52,2025-08-06,19:52,Good (Good To Yielding In Places),2m,Tuckmill (IRE),J Coen,3,Peter Fahey,PU,N/A,9,11-12b,114,True,10,32
Wexford Racing Results | 6th August 2025 19:52,2025-08-06,19:52,Good (Good To Yielding In Places),2m,Time Marches On (IRE),A Harvey,5,J Motherway,5th,40 l,9,11-8p,110,True,10,32
Wexford Racing Results | 6th August 2025 19:52,2025-08-06,19:52,Good (Good To Yielding In Places),2m,Depalma (IRE),R A Berry,7,Colm Murphy,4th,3 3/4 l,6,10-9,97,True,10,32
Wexford Racing Results | 6th August 2025 19:52,2025-08-06,19:52,Good (Good To Yielding In Places),2m,Woodstream Lad (IRE),C M Hogan,7,P J Rothwell,3rd,16 l,8,11-0b,102,True,10,32
Wexford Racing Results | 6th August 2025 19:52,2025-08-06,19:52,Good (Good To Yielding In Places),2m,Itwasfate,D J O'Keeffe,0,H De Bromhead,2nd,7 l,8,11-4p,106,True,10,32
Wexford Racing Results | 6th August 2025 19:52,2025-08-06,19:52,Good (Good To Yielding In Places),2m,Bynx (IRE),S W Flanagan,0,M Hassett,1st,N/A,7,11-5,107,True,10,32
Wexford Racing Results | 6th August 2025 19:52,2025-08-06,19:52,Good (Good To Yielding In Places),2m,Tuckmill (IRE),J Coen,3,Peter Fahey,PU,N/A,9,11-12b,114,True,10,32
Wexford Racing Results | 6th August 2025 19:52,2025-08-06,19:52,Good (Good To Yielding In Places),2m,Time Marches On (IRE),A Harvey,5,J Motherway,5th,40 l,9,11-8p,110,True,10,32
Wexford Racing Results | 6th August 2025 19:52,2025-08-06,19:52,Good (Good To Yielding In Places),2m,Depalma (IRE),R A Berry,7,Colm Murphy,4th,3 3/4 l,6,10-9,97,True,10,32
Wexford Racing Results | 6th August 2025 19:52,2025-08-06,19:52,Good (Good To Yielding In Places),2m,Woodstream Lad (IRE),C M Hogan,7,P J Rothwell,3rd,16 l,8,11-0b,102,True,10,32
Wexford Racing Results | 6th August 2025 19:52,2025-08-06,19:52,Good (Good To Yielding In Places),2m,Itwasfate,D J O'Keeffe,0,H De Bromhead,2nd,7 l,8,11-4p,106,True,10,32
Wexford Racing Results | 6th August 2025 19:52,2025-08-06,19:52,Good (Good To Yielding In Places),2m,Bynx (IRE),S W Flanagan,0,M Hassett,1st,N/A,7,11-5,107,True,10,32
Wexford Racing Results | 6th August 2025 20:27,2025-08-06,20:27,Good (Good To Yielding In Places),2m,Biddy Early (IRE),Mr B M Coonan,7,E Sheehy,PU,N/A,4,11-5,-,True,10,33
Wexford Racing Results | 6th August 2025 20:27,2025-08-06,20:27,Good (Good To Yielding In Places),2m,Cailin Fort (IRE),Mr H D Dunne,5,R P Rath,10th,14 l,4,11-5,-,True,10,33
Wexford Racing Results | 6th August 2025 20:27,2025-08-06,20:27,Good (Good To Yielding In Places),2m,Notmiwadi (IRE),Mr C McConnell,7,J C McConnell,9th,4 1/2 l,4,11-5,-,True,10,33
Wexford Racing Results | 6th August 2025 20:27,2025-08-06,20:27,Good (Good To Yielding In Places),2m,Tudorista (IRE),Mr D G Lavery,0,G P Cromwell,8th,1 1/2 l,4,11-5,-,True,10,33
Wexford Racing Results | 6th August 2025 20:27,2025-08-06,20:27,Good (Good To Yielding In Places),2m,Ain't She A Beauty (IRE),Mr J H Williamson,7,P J Rothwell,7th,9 l,4,11-5,-,True,10,33
Wexford Racing Results | 6th August 2025 20:27,2025-08-06,20:27,Good (Good To Yielding In Places),2m,Miss Guiry (IRE),Mr P A King,5,D H Kelly,6th,3 1/4 l,4,11-5,-,True,10,33
Wexford Racing Results | 6th August 2025 20:27,2025-08-06,20:27,Good (Good To Yielding In Places),2m,Mysilverriverfeale (IRE),Mr H C Swan,0,T Cooper,5th,1 1/2 l,4,11-5,-,True,10,33
Wexford Racing Results | 6th August 2025 20:27,2025-08-06,20:27,Good (Good To Yielding In Places),2m,Muted Melody (IRE),Mr D Doyle,7,A Mullins,4th,4 3/4 l,4,11-5h,-,True,10,33
Wexford Racing Results | 6th August 2025 20:27,2025-08-06,20:27,Good (Good To Yielding In Places),2m,Miss Jocund (IRE),Mr J L Gleeson,0,H De Bromhead,3rd,3 3/4 l,4,11-5,-,True,10,33
Wexford Racing Results | 6th August 2025 20:27,2025-08-06,20:27,Good (Good To Yielding In Places),2m,Mahon Falls (IRE),Mr P W Mullins,0,W P Mullins,2nd,2 1/4 l,4,11-5,-,True,10,33
Wexford Racing Results | 6th August 2025 20:27,2025-08-06,20:27,Good (Good To Yielding In Places),2m,Beir Bua (IRE),Mr A P Ryan,5,A Slattery,1st,N/A,4,11-5t1,-,True,10,33
Wexford Racing Results | 6th August 2025 20:27,2025-08-06,20:27,Good (Good To Yielding In Places),2m,Biddy Early (IRE),Mr B M Coonan,7,E Sheehy,PU,N/A,4,11-5,-,True,10,33
Wexford Racing Results | 6th August 2025 20:27,2025-08-06,20:27,Good (Good To Yielding In Places),2m,Cailin Fort (IRE),Mr H D Dunne,5,R P Rath,10th,14 l,4,11-5,-,True,10,33
Wexford Racing Results | 6th August 2025 20:27,2025-08-06,20:27,Good (Good To Yielding In Places),2m,Notmiwadi (IRE),Mr C McConnell,7,J C McConnell,9th,4 1/2 l,4,11-5,-,True,10,33
Wexford Racing Results | 6th August 2025 20:27,2025-08-06,20:27,Good (Good To Yielding In Places),2m,Tudorista (IRE),Mr D G Lavery,0,G P Cromwell,8th,1 1/2 l,4,11-5,-,True,10,33
Wexford Racing Results | 6th August 2025 20:27,2025-08-06,20:27,Good (Good To Yielding In Places),2m,Ain't She A Beauty (IRE),Mr J H Williamson,7,P J Rothwell,7th,9 l,4,11-5,-,True,10,33
Wexford Racing Results | 6th August 2025 20:27,2025-08-06,20:27,Good (Good To Yielding In Places),2m,Miss Guiry (IRE),Mr P A King,5,D H Kelly,6th,3 1/4 l,4,11-5,-,True,10,33
Wexford Racing Results | 6th August 2025 20:27,2025-08-06,20:27,Good (Good To Yielding In Places),2m,Mysilverriverfeale (IRE),Mr H C Swan,0,T Cooper,5th,1 1/2 l,4,11-5,-,True,10,33
Wexford Racing Results | 6th August 2025 20:27,2025-08-06,20:27,Good (Good To Yielding In Places),2m,Muted Melody (IRE),Mr D Doyle,7,A Mullins,4th,4 3/4 l,4,11-5h,-,True,10,33
Wexford Racing Results | 6th August 2025 20:27,2025-08-06,20:27,Good (Good To Yielding In Places),2m,Miss Jocund (IRE),Mr J L Gleeson,0,H De Bromhead,3rd,3 3/4 l,4,11-5,-,True,10,33
Wexford Racing Results | 6th August 2025 20:27,2025-08-06,20:27,Good (Good To Yielding In Places),2m,Mahon Falls (IRE),Mr P W Mullins,0,W P Mullins,2nd,2 1/4 l,4,11-5,-,True,10,33
Wexford Racing Results | 6th August 2025 20:27,2025-08-06,20:27,Good (Good To Yielding In Places),2m,Beir Bua (IRE),Mr A P Ryan,5,A Slattery,1st,N/A,4,11-5t1,-,True,10,33
Sligo Racing Results | 7th August 2025 17:05,2025-08-07,17:05,Good (Good To Yielding In Places),2m 1f 193y,Ovidstown Hill,J W Kennedy,0,G Elliott,5th,19 l,6,10-12,98,True,10,34
Sligo Racing Results | 7th August 2025 17:05,2025-08-07,17:05,Good (Good To Yielding In Places),2m 1f 193y,Angelsworknovrtime (IRE),A Harvey,5,James Andrew Fahey,4th,1 1/2 l,9,10-8t,92,True,10,34
Sligo Racing Results | 7th August 2025 17:05,2025-08-07,17:05,Good (Good To Yielding In Places),2m 1f 193y,Must Meet Cecil (IRE),E Staples,7,C Collins,3rd,5 l,7,11-4p,104,True,10,34
Sligo Racing Results | 7th August 2025 17:05,2025-08-07,17:05,Good (Good To Yielding In Places),2m 1f 193y,Oh So Charming,J P O'Sullivan,0,D Queally,2nd,2 1/2 l,5,11-6t,113,True,10,34
Sligo Racing Results | 7th August 2025 17:05,2025-08-07,17:05,Good (Good To Yielding In Places),2m 1f 193y,Mount Sinai (IRE),B Hayes,0,W P Mullins,1st,N/A,7,10-6,116,True,10,34
Sligo Racing Results | 7th August 2025 17:05,2025-08-07,17:05,Good (Good To Yielding In Places),2m 1f 193y,Ovidstown Hill,J W Kennedy,0,G Elliott,5th,19 l,6,10-12,98,True,10,34
Sligo Racing Results | 7th August 2025 17:05,2025-08-07,17:05,Good (Good To Yielding In Places),2m 1f 193y,Angelsworknovrtime (IRE),A Harvey,5,James Andrew Fahey,4th,1 1/2 l,9,10-8t,92,True,10,34
Sligo Racing Results | 7th August 2025 17:05,2025-08-07,17:05,Good (Good To Yielding In Places),2m 1f 193y,Must Meet Cecil (IRE),E Staples,7,C Collins,3rd,5 l,7,11-4p,104,True,10,34
Sligo Racing Results | 7th August 2025 17:05,2025-08-07,17:05,Good (Good To Yielding In Places),2m 1f 193y,Oh So Charming,J P O'Sullivan,0,D Queally,2nd,2 1/2 l,5,11-6t,113,True,10,34
Sligo Racing Results | 7th August 2025 17:05,2025-08-07,17:05,Good (Good To Yielding In Places),2m 1f 193y,Mount Sinai (IRE),B Hayes,0,W P Mullins,1st,N/A,7,10-6,116,True,10,34
Sligo Racing Results | 7th August 2025 17:35,2025-08-07,17:35,Good (Good To Yielding In Places),2m 1f 193y,Doyentoseeyou (IRE),D J Gilligan,0,R O'Sullivan,7th,27 l,4,11-4,-,True,10,35
Sligo Racing Results | 7th August 2025 17:35,2025-08-07,17:35,Good (Good To Yielding In Places),2m 1f 193y,Shoot The Crows (IRE),S W Flanagan,0,C Bowe,6th,11 l,5,11-7,-,True,10,35
Sligo Racing Results | 7th August 2025 17:35,2025-08-07,17:35,Good (Good To Yielding In Places),2m 1f 193y,Awakening (IRE),C M Quirke,0,J M Burke,5th,2 1/4 l,4,11-4,-,True,10,35
Sligo Racing Results | 7th August 2025 17:35,2025-08-07,17:35,Good (Good To Yielding In Places),2m 1f 193y,Backwithyourown (IRE),E Walsh,0,J M Burke,4th,15 l,5,11-7,-,True,10,35
Sligo Racing Results | 7th August 2025 17:35,2025-08-07,17:35,Good (Good To Yielding In Places),2m 1f 193y,Eye Of A Tiger (IRE),D King,0,J P Ryan,3rd,5 1/2 l,5,11-7,112,True,10,35
Sligo Racing Results | 7th August 2025 17:35,2025-08-07,17:35,Good (Good To Yielding In Places),2m 1f 193y,Whispering Hopes (IRE),J W Kennedy,0,G Elliott,2nd,3 1/4 l,5,11-7,101,True,10,35
Sligo Racing Results | 7th August 2025 17:35,2025-08-07,17:35,Good (Good To Yielding In Places),2m 1f 193y,Forty Kay,P Townend,0,W P Mullins,1st,N/A,5,11-7,-,True,10,35
Sligo Racing Results | 7th August 2025 17:35,2025-08-07,17:35,Good (Good To Yielding In Places),2m 1f 193y,Doyentoseeyou (IRE),D J Gilligan,0,R O'Sullivan,7th,27 l,4,11-4,-,True,10,35
Sligo Racing Results | 7th August 2025 17:35,2025-08-07,17:35,Good (Good To Yielding In Places),2m 1f 193y,Shoot The Crows (IRE),S W Flanagan,0,C Bowe,6th,11 l,5,11-7,-,True,10,35
Sligo Racing Results | 7th August 2025 17:35,2025-08-07,17:35,Good (Good To Yielding In Places),2m 1f 193y,Awakening (IRE),C M Quirke,0,J M Burke,5th,2 1/4 l,4,11-4,-,True,10,35
Sligo Racing Results | 7th August 2025 17:35,2025-08-07,17:35,Good (Good To Yielding In Places),2m 1f 193y,Backwithyourown (IRE),E Walsh,0,J M Burke,4th,15 l,5,11-7,-,True,10,35
Sligo Racing Results | 7th August 2025 17:35,2025-08-07,17:35,Good (Good To Yielding In Places),2m 1f 193y,Eye Of A Tiger (IRE),D King,0,J P Ryan,3rd,5 1/2 l,5,11-7,112,True,10,35
Sligo Racing Results | 7th August 2025 17:35,2025-08-07,17:35,Good (Good To Yielding In Places),2m 1f 193y,Whispering Hopes (IRE),J W Kennedy,0,G Elliott,2nd,3 1/4 l,5,11-7,101,True,10,35
Sligo Racing Results | 7th August 2025 17:35,2025-08-07,17:35,Good (Good To Yielding In Places),2m 1f 193y,Forty Kay,P Townend,0,W P Mullins,1st,N/A,5,11-7,-,True,10,35
Sligo Racing Results | 7th August 2025 18:05,2025-08-07,18:05,Good (Good To Yielding In Places),2m 1f 193y,Huntsgrove (IRE),D King,0,J P Ryan,8th,Neck,7,11-3,109,True,10,36
Sligo Racing Results | 7th August 2025 18:05,2025-08-07,18:05,Good (Good To Yielding In Places),2m 1f 193y,Spick And Span (IRE),K C Sexton,0,James Andrew Fahey,7th,3 1/4 l,8,10-13,105,True,10,36
Sligo Racing Results | 7th August 2025 18:05,2025-08-07,18:05,Good (Good To Yielding In Places),2m 1f 193y,Jurality,B P Kennedy,7,P W Flynn,6th,3 1/2 l,4,10-10,102,True,10,36
Sligo Racing Results | 7th August 2025 18:05,2025-08-07,18:05,Good (Good To Yielding In Places),2m 1f 193y,No Demand (IRE),D J O'Keeffe,0,D Collins,5th,13 l,6,10-13,102,True,10,36
Sligo Racing Results | 7th August 2025 18:05,2025-08-07,18:05,Good (Good To Yielding In Places),2m 1f 193y,Spy,P Byrnes,0,C Byrnes,4th,Head,6,11-7p,113,True,10,36
Sligo Racing Results | 7th August 2025 18:05,2025-08-07,18:05,Good (Good To Yielding In Places),2m 1f 193y,Claude (IRE),J J Slevin,0,J P O'Brien,3rd,1 l,4,11-7p,-,True,10,36
Sligo Racing Results | 7th August 2025 18:05,2025-08-07,18:05,Good (Good To Yielding In Places),2m 1f 193y,Chortal,F Brickley,7,G Elliott,2nd,5 l,4,11-7t,116,True,10,36
Sligo Racing Results | 7th August 2025 18:05,2025-08-07,18:05,Good (Good To Yielding In Places),2m 1f 193y,Ballykinlar (IRE),E Staples,7,Donncha Duggan,1st,N/A,6,11-1t,107,True,10,36
Sligo Racing Results | 7th August 2025 18:05,2025-08-07,18:05,Good (Good To Yielding In Places),2m 1f 193y,Huntsgrove (IRE),D King,0,J P Ryan,8th,Neck,7,11-3,109,True,10,36
Sligo Racing Results | 7th August 2025 18:05,2025-08-07,18:05,Good (Good To Yielding In Places),2m 1f 193y,Spick And Span (IRE),K C Sexton,0,James Andrew Fahey,7th,3 1/4 l,8,10-13,105,True,10,36
Sligo Racing Results | 7th August 2025 18:05,2025-08-07,18:05,Good (Good To Yielding In Places),2m 1f 193y,Jurality,B P Kennedy,7,P W Flynn,6th,3 1/2 l,4,10-10,102,True,10,36
Sligo Racing Results | 7th August 2025 18:05,2025-08-07,18:05,Good (Good To Yielding In Places),2m 1f 193y,No Demand (IRE),D J O'Keeffe,0,D Collins,5th,13 l,6,10-13,102,True,10,36
Sligo Racing Results | 7th August 2025 18:05,2025-08-07,18:05,Good (Good To Yielding In Places),2m 1f 193y,Spy,P Byrnes,0,C Byrnes,4th,Head,6,11-7p,113,True,10,36
Sligo Racing Results | 7th August 2025 18:05,2025-08-07,18:05,Good (Good To Yielding In Places),2m 1f 193y,Claude (IRE),J J Slevin,0,J P O'Brien,3rd,1 l,4,11-7p,-,True,10,36
Sligo Racing Results | 7th August 2025 18:05,2025-08-07,18:05,Good (Good To Yielding In Places),2m 1f 193y,Chortal,F Brickley,7,G Elliott,2nd,5 l,4,11-7t,116,True,10,36
Sligo Racing Results | 7th August 2025 18:05,2025-08-07,18:05,Good (Good To Yielding In Places),2m 1f 193y,Ballykinlar (IRE),E Staples,7,Donncha Duggan,1st,N/A,6,11-1t,107,True,10,36
Sligo Racing Results | 7th August 2025 18:35,2025-08-07,18:35,Good (Good To Yielding In Places),2m 1f 193y,Colorado Charlie (IRE),S F O'Keeffe,0,M M McNiff,14th,21 l,5,11-11,97,True,10,37
Sligo Racing Results | 7th August 2025 18:35,2025-08-07,18:35,Good (Good To Yielding In Places),2m 1f 193y,Rynok Square (IRE),B P Kennedy,7,Peter Maher,13th,Neck,7,10-0,72,True,10,37
Sligo Racing Results | 7th August 2025 18:35,2025-08-07,18:35,Good (Good To Yielding In Places),2m 1f 193y,Eastmore,P Byrnes,0,C Byrnes,12th,12 l,5,11-8,94,True,10,37
Sligo Racing Results | 7th August 2025 18:35,2025-08-07,18:35,Good (Good To Yielding In Places),2m 1f 193y,Rockys Favourite (IRE),P Cleary,7,Paul Mulligan,11th,1/2 l,4,11-3t,92,True,10,37
Sligo Racing Results | 7th August 2025 18:35,2025-08-07,18:35,Good (Good To Yielding In Places),2m 1f 193y,Annalough (IRE),A M King,7,M M McNiff,10th,8 l,5,10-3t,75,True,10,37
Sligo Racing Results | 7th August 2025 18:35,2025-08-07,18:35,Good (Good To Yielding In Places),2m 1f 193y,Kinbara Hills (IRE),Ms E Dunseath,7,S Wilson,9th,3 1/2 l,6,11-6,92,True,10,37
Sligo Racing Results | 7th August 2025 18:35,2025-08-07,18:35,Good (Good To Yielding In Places),2m 1f 193y,Miss Gitana (IRE),J W Kennedy,0,G Elliott,8th,1 1/4 l,4,11-8,97,True,10,37
Sligo Racing Results | 7th August 2025 18:35,2025-08-07,18:35,Good (Good To Yielding In Places),2m 1f 193y,Dream Shaper (IRE),D King,0,I Madden,7th,Neck,6,11-9p1,95,True,10,37
Sligo Racing Results | 7th August 2025 18:35,2025-08-07,18:35,Good (Good To Yielding In Places),2m 1f 193y,Chancer Dancer (IRE),A Harvey,5,N C Kelly,6th,7 l,8,11-1,87,True,10,37
Sligo Racing Results | 7th August 2025 18:35,2025-08-07,18:35,Good (Good To Yielding In Places),2m 1f 193y,Moulane West (IRE),P M O'Brien,5,M M McNiff,5th,Neck,9,11-11t,97,True,10,37
Sligo Racing Results | 7th August 2025 18:35,2025-08-07,18:35,Good (Good To Yielding In Places),2m 1f 193y,Dontdooddson (FR),P T Enright,0,D Collins,4th,2 1/4 l,12,10-5,77,True,10,37
Sligo Racing Results | 7th August 2025 18:35,2025-08-07,18:35,Good (Good To Yielding In Places),2m 1f 193y,Shing Shilla (IRE),S O'Callaghan,5,A Sexton,3rd,1/2 l,5,10-3h1,75,True,10,37
Sligo Racing Results | 7th August 2025 18:35,2025-08-07,18:35,Good (Good To Yielding In Places),2m 1f 193y,Lodilomoco (IRE),J J Slevin,0,J P Ryan,2nd,2 1/2 l,7,11-7,93,True,10,37
Sligo Racing Results | 7th August 2025 18:35,2025-08-07,18:35,Good (Good To Yielding In Places),2m 1f 193y,Torquay Road (IRE),D J Gilligan,0,C Collins,1st,N/A,6,12-0,100,True,10,37
Sligo Racing Results | 7th August 2025 18:35,2025-08-07,18:35,Good (Good To Yielding In Places),2m 1f 193y,Colorado Charlie (IRE),S F O'Keeffe,0,M M McNiff,14th,21 l,5,11-11,97,True,10,37
Sligo Racing Results | 7th August 2025 18:35,2025-08-07,18:35,Good (Good To Yielding In Places),2m 1f 193y,Rynok Square (IRE),B P Kennedy,7,Peter Maher,13th,Neck,7,10-0,72,True,10,37
Sligo Racing Results | 7th August 2025 18:35,2025-08-07,18:35,Good (Good To Yielding In Places),2m 1f 193y,Eastmore,P Byrnes,0,C Byrnes,12th,12 l,5,11-8,94,True,10,37
Sligo Racing Results | 7th August 2025 18:35,2025-08-07,18:35,Good (Good To Yielding In Places),2m 1f 193y,Rockys Favourite (IRE),P Cleary,7,Paul Mulligan,11th,1/2 l,4,11-3t,92,True,10,37
Sligo Racing Results | 7th August 2025 18:35,2025-08-07,18:35,Good (Good To Yielding In Places),2m 1f 193y,Annalough (IRE),A M King,7,M M McNiff,10th,8 l,5,10-3t,75,True,10,37
Sligo Racing Results | 7th August 2025 18:35,2025-08-07,18:35,Good (Good To Yielding In Places),2m 1f 193y,Kinbara Hills (IRE),Ms E Dunseath,7,S Wilson,9th,3 1/2 l,6,11-6,92,True,10,37
Sligo Racing Results | 7th August 2025 18:35,2025-08-07,18:35,Good (Good To Yielding In Places),2m 1f 193y,Miss Gitana (IRE),J W Kennedy,0,G Elliott,8th,1 1/4 l,4,11-8,97,True,10,37
Sligo Racing Results | 7th August 2025 18:35,2025-08-07,18:35,Good (Good To Yielding In Places),2m 1f 193y,Dream Shaper (IRE),D King,0,I Madden,7th,Neck,6,11-9p1,95,True,10,37
Sligo Racing Results | 7th August 2025 18:35,2025-08-07,18:35,Good (Good To Yielding In Places),2m 1f 193y,Chancer Dancer (IRE),A Harvey,5,N C Kelly,6th,7 l,8,11-1,87,True,10,37
Sligo Racing Results | 7th August 2025 18:35,2025-08-07,18:35,Good (Good To Yielding In Places),2m 1f 193y,Moulane West (IRE),P M O'Brien,5,M M McNiff,5th,Neck,9,11-11t,97,True,10,37
Sligo Racing Results | 7th August 2025 18:35,2025-08-07,18:35,Good (Good To Yielding In Places),2m 1f 193y,Dontdooddson (FR),P T Enright,0,D Collins,4th,2 1/4 l,12,10-5,77,True,10,37
Sligo Racing Results | 7th August 2025 18:35,2025-08-07,18:35,Good (Good To Yielding In Places),2m 1f 193y,Shing Shilla (IRE),S O'Callaghan,5,A Sexton,3rd,1/2 l,5,10-3h1,75,True,10,37
Sligo Racing Results | 7th August 2025 18:35,2025-08-07,18:35,Good (Good To Yielding In Places),2m 1f 193y,Lodilomoco (IRE),J J Slevin,0,J P Ryan,2nd,2 1/2 l,7,11-7,93,True,10,37
Sligo Racing Results | 7th August 2025 18:35,2025-08-07,18:35,Good (Good To Yielding In Places),2m 1f 193y,Torquay Road (IRE),D J Gilligan,0,C Collins,1st,N/A,6,12-0,100,True,10,37
Sligo Racing Results | 7th August 2025 19:05,2025-08-07,19:05,Good (Good To Yielding In Places),2m 4f 168y,Wild Ridge (IRE),P M O'Brien,5,V Wilson,PU,N/A,7,11-4,-,True,10,38
Sligo Racing Results | 7th August 2025 19:05,2025-08-07,19:05,Good (Good To Yielding In Places),2m 4f 168y,Swing Time (IRE),J J Slevin,0,V T O'Brien,6th,4 1/4 l,6,11-4,-,True,10,38
Sligo Racing Results | 7th August 2025 19:05,2025-08-07,19:05,Good (Good To Yielding In Places),2m 4f 168y,Ballydrum (IRE),D King,0,J P Ryan,5th,1/2 l,8,10-11,-,True,10,38
Sligo Racing Results | 7th August 2025 19:05,2025-08-07,19:05,Good (Good To Yielding In Places),2m 4f 168y,Red Or White (IRE),H E Sexton,7,J P Ryan,4th,6 1/2 l,6,11-4,98,True,10,38
Sligo Racing Results | 7th August 2025 19:05,2025-08-07,19:05,Good (Good To Yielding In Places),2m 4f 168y,Hobart (IRE),D J Gilligan,0,J Nash,3rd,11 l,4,11-0,99,True,10,38
Sligo Racing Results | 7th August 2025 19:05,2025-08-07,19:05,Good (Good To Yielding In Places),2m 4f 168y,Luck Between Us (IRE),J P Shinnick,3,Donncha Duggan,2nd,1 1/4 l,5,11-4,-,True,10,38
Sligo Racing Results | 7th August 2025 19:05,2025-08-07,19:05,Good (Good To Yielding In Places),2m 4f 168y,Lord Ffrench (IRE),P T Enright,0,S Curling,1st,N/A,5,11-4,-,True,10,38
Sligo Racing Results | 7th August 2025 19:05,2025-08-07,19:05,Good (Good To Yielding In Places),2m 4f 168y,Wild Ridge (IRE),P M O'Brien,5,V Wilson,PU,N/A,7,11-4,-,True,10,38
Sligo Racing Results | 7th August 2025 19:05,2025-08-07,19:05,Good (Good To Yielding In Places),2m 4f 168y,Swing Time (IRE),J J Slevin,0,V T O'Brien,6th,4 1/4 l,6,11-4,-,True,10,38
Sligo Racing Results | 7th August 2025 19:05,2025-08-07,19:05,Good (Good To Yielding In Places),2m 4f 168y,Ballydrum (IRE),D King,0,J P Ryan,5th,1/2 l,8,10-11,-,True,10,38
Sligo Racing Results | 7th August 2025 19:05,2025-08-07,19:05,Good (Good To Yielding In Places),2m 4f 168y,Red Or White (IRE),H E Sexton,7,J P Ryan,4th,6 1/2 l,6,11-4,98,True,10,38
Sligo Racing Results | 7th August 2025 19:05,2025-08-07,19:05,Good (Good To Yielding In Places),2m 4f 168y,Hobart (IRE),D J Gilligan,0,J Nash,3rd,11 l,4,11-0,99,True,10,38
Sligo Racing Results | 7th August 2025 19:05,2025-08-07,19:05,Good (Good To Yielding In Places),2m 4f 168y,Luck Between Us (IRE),J P Shinnick,3,Donncha Duggan,2nd,1 1/4 l,5,11-4,-,True,10,38
Sligo Racing Results | 7th August 2025 19:05,2025-08-07,19:05,Good (Good To Yielding In Places),2m 4f 168y,Lord Ffrench (IRE),P T Enright,0,S Curling,1st,N/A,5,11-4,-,True,10,38
Sligo Racing Results | 7th August 2025 19:35,2025-08-07,19:35,Good (Good To Yielding In Places),2m 4f 168y,Great Ocean (FR),D J Gilligan,0,C Collins,PU,N/A,9,11-0tp,108,True,10,39
Sligo Racing Results | 7th August 2025 19:35,2025-08-07,19:35,Good (Good To Yielding In Places),2m 4f 168y,Boston Rajj (IRE),J W Kennedy,0,G Elliott,5th,1/2 l,7,11-9,117,True,10,39
Sligo Racing Results | 7th August 2025 19:35,2025-08-07,19:35,Good (Good To Yielding In Places),2m 4f 168y,Cornmarket (IRE),A M King,7,John Cullen,4th,2 3/4 l,6,10-0,94,True,10,39
Sligo Racing Results | 7th August 2025 19:35,2025-08-07,19:35,Good (Good To Yielding In Places),2m 4f 168y,Brave Soldier (IRE),P T Enright,0,M M McNiff,3rd,1 1/4 l,5,10-5,99,True,10,39
Sligo Racing Results | 7th August 2025 19:35,2025-08-07,19:35,Good (Good To Yielding In Places),2m 4f 168y,Grange Walk (IRE),Mr D McGill,7,J P Ryan,2nd,5 l,10,11-12b,120,True,10,39
Sligo Racing Results | 7th August 2025 19:35,2025-08-07,19:35,Good (Good To Yielding In Places),2m 4f 168y,Fortunate Lighting (IRE),A Harvey,5,Thomas Coyle,1st,N/A,7,10-13,107,True,10,39
Sligo Racing Results | 7th August 2025 19:35,2025-08-07,19:35,Good (Good To Yielding In Places),2m 4f 168y,Great Ocean (FR),D J Gilligan,0,C Collins,PU,N/A,9,11-0tp,108,True,10,39
Sligo Racing Results | 7th August 2025 19:35,2025-08-07,19:35,Good (Good To Yielding In Places),2m 4f 168y,Boston Rajj (IRE),J W Kennedy,0,G Elliott,5th,1/2 l,7,11-9,117,True,10,39
Sligo Racing Results | 7th August 2025 19:35,2025-08-07,19:35,Good (Good To Yielding In Places),2m 4f 168y,Cornmarket (IRE),A M King,7,John Cullen,4th,2 3/4 l,6,10-0,94,True,10,39
Sligo Racing Results | 7th August 2025 19:35,2025-08-07,19:35,Good (Good To Yielding In Places),2m 4f 168y,Brave Soldier (IRE),P T Enright,0,M M McNiff,3rd,1 1/4 l,5,10-5,99,True,10,39
Sligo Racing Results | 7th August 2025 19:35,2025-08-07,19:35,Good (Good To Yielding In Places),2m 4f 168y,Grange Walk (IRE),Mr D McGill,7,J P Ryan,2nd,5 l,10,11-12b,120,True,10,39
Sligo Racing Results | 7th August 2025 19:35,2025-08-07,19:35,Good (Good To Yielding In Places),2m 4f 168y,Fortunate Lighting (IRE),A Harvey,5,Thomas Coyle,1st,N/A,7,10-13,107,True,10,39
Sligo Racing Results | 7th August 2025 20:05,2025-08-07,20:05,Good (Good To Yielding In Places) ace (Turf),2m 2f 134y,Rosie Brown (IRE),Mr S Cavanagh,7,Peter Maher,9th,6 l,5,11-11,-,True,10,40
Sligo Racing Results | 7th August 2025 20:05,2025-08-07,20:05,Good (Good To Yielding In Places) ace (Turf),2m 2f 134y,Aboras Mahler (IRE),Mr S Connor,7,James Andrew Fahey,8th,43 l,5,11-11,-,True,10,40
Sligo Racing Results | 7th August 2025 20:05,2025-08-07,20:05,Good (Good To Yielding In Places) ace (Turf),2m 2f 134y,Katdezire (FR),Mr D Doyle,7,S Curling,7th,15 l,5,11-11,-,True,10,40
Sligo Racing Results | 7th August 2025 20:05,2025-08-07,20:05,Good (Good To Yielding In Places) ace (Turf),2m 2f 134y,Georgie's Pearl (IRE),E Finegan,7,A McCann,6th,11 l,5,11-11h,-,True,10,40
Sligo Racing Results | 7th August 2025 20:05,2025-08-07,20:05,Good (Good To Yielding In Places) ace (Turf),2m 2f 134y,Run For The Border (IRE),Mr D McGill,7,J P Ryan,5th,4 1/2 l,5,11-11,-,True,10,40
Sligo Racing Results | 7th August 2025 20:05,2025-08-07,20:05,Good (Good To Yielding In Places) ace (Turf),2m 2f 134y,Loughdoo (IRE),Aileen O'Sullivan,7,S Millar,4th,28 l,5,11-11,-,True,10,40
Sligo Racing Results | 7th August 2025 20:05,2025-08-07,20:05,Good (Good To Yielding In Places) ace (Turf),2m 2f 134y,Barra Rua (IRE),Mr J L Gleeson,0,E Mullins,3rd,12 l,5,11-11,-,True,10,40
Sligo Racing Results | 7th August 2025 20:05,2025-08-07,20:05,Good (Good To Yielding In Places) ace (Turf),2m 2f 134y,Run For Mahler (IRE),Mr Alan O'Sullivan,7,C Byrnes,2nd,2 1/4 l,6,11-11t,-,True,10,40
Sligo Racing Results | 7th August 2025 20:05,2025-08-07,20:05,Good (Good To Yielding In Places) ace (Turf),2m 2f 134y,Noble Name (IRE),Mr D O'Sullivan,7,C O'Connell,1st,N/A,5,11-11ht,-,True,10,40
Sligo Racing Results | 7th August 2025 20:05,2025-08-07,20:05,Good (Good To Yielding In Places) ace (Turf),2m 2f 134y,Rosie Brown (IRE),Mr S Cavanagh,7,Peter Maher,9th,6 l,5,11-11,-,True,10,40
Sligo Racing Results | 7th August 2025 20:05,2025-08-07,20:05,Good (Good To Yielding In Places) ace (Turf),2m 2f 134y,Aboras Mahler (IRE),Mr S Connor,7,James Andrew Fahey,8th,43 l,5,11-11,-,True,10,40
Sligo Racing Results | 7th August 2025 20:05,2025-08-07,20:05,Good (Good To Yielding In Places) ace (Turf),2m 2f 134y,Katdezire (FR),Mr D Doyle,7,S Curling,7th,15 l,5,11-11,-,True,10,40
Sligo Racing Results | 7th August 2025 20:05,2025-08-07,20:05,Good (Good To Yielding In Places) ace (Turf),2m 2f 134y,Georgie's Pearl (IRE),E Finegan,7,A McCann,6th,11 l,5,11-11h,-,True,10,40
Sligo Racing Results | 7th August 2025 20:05,2025-08-07,20:05,Good (Good To Yielding In Places) ace (Turf),2m 2f 134y,Run For The Border (IRE),Mr D McGill,7,J P Ryan,5th,4 1/2 l,5,11-11,-,True,10,40
Sligo Racing Results | 7th August 2025 20:05,2025-08-07,20:05,Good (Good To Yielding In Places) ace (Turf),2m 2f 134y,Loughdoo (IRE),Aileen O'Sullivan,7,S Millar,4th,28 l,5,11-11,-,True,10,40
Sligo Racing Results | 7th August 2025 20:05,2025-08-07,20:05,Good (Good To Yielding In Places) ace (Turf),2m 2f 134y,Barra Rua (IRE),Mr J L Gleeson,0,E Mullins,3rd,12 l,5,11-11,-,True,10,40
Sligo Racing Results | 7th August 2025 20:05,2025-08-07,20:05,Good (Good To Yielding In Places) ace (Turf),2m 2f 134y,Run For Mahler (IRE),Mr Alan O'Sullivan,7,C Byrnes,2nd,2 1/4 l,6,11-11t,-,True,10,40
Sligo Racing Results | 7th August 2025 20:05,2025-08-07,20:05,Good (Good To Yielding In Places) ace (Turf),2m 2f 134y,Noble Name (IRE),Mr D O'Sullivan,7,C O'Connell,1st,N/A,5,11-11ht,-,True,10,40
N/A,2025-08-07,17:20,Good (Good To Firm In Places)  (Turf),1m,Palace Tyne (IRE),J J G Ryan,0,J Davison,9th,2 l,2,9-5,-,True,10,41
N/A,2025-08-07,17:20,Good (Good To Firm In Places)  (Turf),1m,Qalaa (USA),D McMonagle,0,J P O'Brien,8th,3/4 l,2,9-5,-,True,10,41
N/A,2025-08-07,17:20,Good (Good To Firm In Places)  (Turf),1m,Claret (IRE),J Cleary,5,A P O'Brien,7th,3/4 l,2,9-5,-,True,10,41
N/A,2025-08-07,17:20,Good (Good To Firm In Places)  (Turf),1m,Res Ipsa,C T Keane,0,G M Lyons,6th,1 3/4 l,2,9-5,-,True,10,41
N/A,2025-08-07,17:20,Good (Good To Firm In Places)  (Turf),1m,Tiyadal (IRE),B M Coen,0,J P Murtagh,5th,Neck,2,9-5,-,True,10,41
N/A,2025-08-07,17:20,Good (Good To Firm In Places)  (Turf),1m,Pierre Grosse,S Foley,0,Mrs J Harrington,4th,1/2 l,2,9-5,-,True,10,41
N/A,2025-08-07,17:20,Good (Good To Firm In Places)  (Turf),1m,Kalir (IRE),C D Hayes,0,D K Weld,3rd,Short Head,2,9-5,-,True,10,41
N/A,2025-08-07,17:20,Good (Good To Firm In Places)  (Turf),1m,Strikewhileitshot,N M Crosse,0,Mrs J Harrington,2nd,8 l,2,9-5,-,True,10,41
N/A,2025-08-07,17:20,Good (Good To Firm In Places)  (Turf),1m,Montreal (IRE),W M Lordan,0,A P O'Brien,1st,N/A,2,9-5,-,True,10,41
N/A,2025-08-07,17:20,Good (Good To Firm In Places)  (Turf),1m,Palace Tyne (IRE),J J G Ryan,0,J Davison,9th,2 l,2,9-5,-,True,10,41
N/A,2025-08-07,17:20,Good (Good To Firm In Places)  (Turf),1m,Qalaa (USA),D McMonagle,0,J P O'Brien,8th,3/4 l,2,9-5,-,True,10,41
N/A,2025-08-07,17:20,Good (Good To Firm In Places)  (Turf),1m,Claret (IRE),J Cleary,5,A P O'Brien,7th,3/4 l,2,9-5,-,True,10,41
N/A,2025-08-07,17:20,Good (Good To Firm In Places)  (Turf),1m,Res Ipsa,C T Keane,0,G M Lyons,6th,1 3/4 l,2,9-5,-,True,10,41
N/A,2025-08-07,17:20,Good (Good To Firm In Places)  (Turf),1m,Tiyadal (IRE),B M Coen,0,J P Murtagh,5th,Neck,2,9-5,-,True,10,41
N/A,2025-08-07,17:20,Good (Good To Firm In Places)  (Turf),1m,Pierre Grosse,S Foley,0,Mrs J Harrington,4th,1/2 l,2,9-5,-,True,10,41
N/A,2025-08-07,17:20,Good (Good To Firm In Places)  (Turf),1m,Kalir (IRE),C D Hayes,0,D K Weld,3rd,Short Head,2,9-5,-,True,10,41
N/A,2025-08-07,17:20,Good (Good To Firm In Places)  (Turf),1m,Strikewhileitshot,N M Crosse,0,Mrs J Harrington,2nd,8 l,2,9-5,-,True,10,41
N/A,2025-08-07,17:20,Good (Good To Firm In Places)  (Turf),1m,Montreal (IRE),W M Lordan,0,A P O'Brien,1st,N/A,2,9-5,-,True,10,41
N/A,2025-08-07,17:53,Good (Good To Firm In Places),1m 1f,Elman (IRE),B M Coen,0,J P Murtagh,NR,N/A,3,9-8t,-,True,10,42
N/A,2025-08-07,17:53,Good (Good To Firm In Places),1m 1f,Drumaugh Boy (IRE),L T McAteer,0,D M Christie,13th,11 l,3,9-8,-,True,10,42
N/A,2025-08-07,17:53,Good (Good To Firm In Places),1m 1f,Chico Chico (IRE),R C Colgan,0,D Kinsella,12th,11 l,3,9-8,-,True,10,42
N/A,2025-08-07,17:53,Good (Good To Firm In Places),1m 1f,Sporting Aclaim,J M Sheridan,0,D Hogan,11th,3 1/2 l,3,9-8,-,True,10,42
N/A,2025-08-07,17:53,Good (Good To Firm In Places),1m 1f,Marmeladova (IRE),J J G Ryan,0,K J Condon,10th,3/4 l,4,9-11,-,True,10,42
N/A,2025-08-07,17:53,Good (Good To Firm In Places),1m 1f,Battle Borne (IRE),G F Carroll,0,G P Cromwell,9th,1 l,3,9-8,-,True,10,42
N/A,2025-08-07,17:53,Good (Good To Firm In Places),1m 1f,Land Of The Giants (IRE),W M Lordan,0,N Lupini,8th,1/2 l,3,9-8,-,True,10,42
N/A,2025-08-07,17:53,Good (Good To Firm In Places),1m 1f,Candidly (IRE),G M Ryan,0,Donnacha O'Brien,7th,4 1/2 l,3,9-3,-,True,10,42
N/A,2025-08-07,17:53,Good (Good To Firm In Places),1m 1f,Hamadhan (IRE),J A Heffernan,0,J P Murtagh,6th,1 l,3,9-8,-,True,10,42
N/A,2025-08-07,17:53,Good (Good To Firm In Places),1m 1f,Sigliosa,C T Keane,0,J J Murphy,5th,2 1/4 l,3,9-8,-,True,10,42
N/A,2025-08-07,17:53,Good (Good To Firm In Places),1m 1f,Wild Sapphire (IRE),C D Hayes,0,D K Weld,4th,2 1/2 l,3,9-8p1,84,True,10,42
N/A,2025-08-07,17:53,Good (Good To Firm In Places),1m 1f,Ben Lawers,S Foley,0,Mrs J Harrington,3rd,1 3/4 l,3,9-8t1,-,True,10,42
N/A,2025-08-07,17:53,Good (Good To Firm In Places),1m 1f,Slaney Drive (IRE),D P McDonogh,0,J S Bolger,2nd,1 l,3,9-8,-,True,10,42
N/A,2025-08-07,17:53,Good (Good To Firm In Places),1m 1f,Cadogan,D McMonagle,0,J P O'Brien,1st,N/A,3,9-8t1,-,True,10,42
N/A,2025-08-07,17:53,Good (Good To Firm In Places),1m 1f,Elman (IRE),B M Coen,0,J P Murtagh,NR,N/A,3,9-8t,-,True,10,42
N/A,2025-08-07,17:53,Good (Good To Firm In Places),1m 1f,Drumaugh Boy (IRE),L T McAteer,0,D M Christie,13th,11 l,3,9-8,-,True,10,42
N/A,2025-08-07,17:53,Good (Good To Firm In Places),1m 1f,Chico Chico (IRE),R C Colgan,0,D Kinsella,12th,11 l,3,9-8,-,True,10,42
N/A,2025-08-07,17:53,Good (Good To Firm In Places),1m 1f,Sporting Aclaim,J M Sheridan,0,D Hogan,11th,3 1/2 l,3,9-8,-,True,10,42
N/A,2025-08-07,17:53,Good (Good To Firm In Places),1m 1f,Marmeladova (IRE),J J G Ryan,0,K J Condon,10th,3/4 l,4,9-11,-,True,10,42
N/A,2025-08-07,17:53,Good (Good To Firm In Places),1m 1f,Battle Borne (IRE),G F Carroll,0,G P Cromwell,9th,1 l,3,9-8,-,True,10,42
N/A,2025-08-07,17:53,Good (Good To Firm In Places),1m 1f,Land Of The Giants (IRE),W M Lordan,0,N Lupini,8th,1/2 l,3,9-8,-,True,10,42
N/A,2025-08-07,17:53,Good (Good To Firm In Places),1m 1f,Candidly (IRE),G M Ryan,0,Donnacha O'Brien,7th,4 1/2 l,3,9-3,-,True,10,42
N/A,2025-08-07,17:53,Good (Good To Firm In Places),1m 1f,Hamadhan (IRE),J A Heffernan,0,J P Murtagh,6th,1 l,3,9-8,-,True,10,42
N/A,2025-08-07,17:53,Good (Good To Firm In Places),1m 1f,Sigliosa,C T Keane,0,J J Murphy,5th,2 1/4 l,3,9-8,-,True,10,42
N/A,2025-08-07,17:53,Good (Good To Firm In Places),1m 1f,Wild Sapphire (IRE),C D Hayes,0,D K Weld,4th,2 1/2 l,3,9-8p1,84,True,10,42
N/A,2025-08-07,17:53,Good (Good To Firm In Places),1m 1f,Ben Lawers,S Foley,0,Mrs J Harrington,3rd,1 3/4 l,3,9-8t1,-,True,10,42
N/A,2025-08-07,17:53,Good (Good To Firm In Places),1m 1f,Slaney Drive (IRE),D P McDonogh,0,J S Bolger,2nd,1 l,3,9-8,-,True,10,42
N/A,2025-08-07,17:53,Good (Good To Firm In Places),1m 1f,Cadogan,D McMonagle,0,J P O'Brien,1st,N/A,3,9-8t1,-,True,10,42
N/A,2025-08-07,18:23,Good (Good To Firm In Places),1m,Jancis (IRE),W M Lordan,0,W McCreery,6th,1 3/4 l,4,9-6,104,True,10,43
N/A,2025-08-07,18:23,Good (Good To Firm In Places),1m,Lord Massusus (IRE),G F Carroll,0,J G Murphy,5th,5 l,5,9-9h,106,True,10,43
N/A,2025-08-07,18:23,Good (Good To Firm In Places),1m,Mutasarref,C T Keane,0,G M Lyons,4th,Neck,7,9-9,108,True,10,43
N/A,2025-08-07,18:23,Good (Good To Firm In Places),1m,Chicago Critic,J A Heffernan,0,J P Murtagh,3rd,1/2 l,4,9-9,110,True,10,43
N/A,2025-08-07,18:23,Good (Good To Firm In Places),1m,Alakazi (FR),B M Coen,0,J P Murtagh,2nd,1/2 l,3,9-2,108,True,10,43
N/A,2025-08-07,18:23,Good (Good To Firm In Places),1m,Johan,R P Whelan,0,J Channon,1st,N/A,8,9-9,109,True,10,43
N/A,2025-08-07,18:23,Good (Good To Firm In Places),1m,Jancis (IRE),W M Lordan,0,W McCreery,6th,1 3/4 l,4,9-6,104,True,10,43
N/A,2025-08-07,18:23,Good (Good To Firm In Places),1m,Lord Massusus (IRE),G F Carroll,0,J G Murphy,5th,5 l,5,9-9h,106,True,10,43
N/A,2025-08-07,18:23,Good (Good To Firm In Places),1m,Mutasarref,C T Keane,0,G M Lyons,4th,Neck,7,9-9,108,True,10,43
N/A,2025-08-07,18:23,Good (Good To Firm In Places),1m,Chicago Critic,J A Heffernan,0,J P Murtagh,3rd,1/2 l,4,9-9,110,True,10,43
N/A,2025-08-07,18:23,Good (Good To Firm In Places),1m,Alakazi (FR),B M Coen,0,J P Murtagh,2nd,1/2 l,3,9-2,108,True,10,43
N/A,2025-08-07,18:23,Good (Good To Firm In Places),1m,Johan,R P Whelan,0,J Channon,1st,N/A,8,9-9,109,True,10,43
N/A,2025-08-07,18:53,Good (Good To Firm In Places),1m 4f,Layfayette (IRE),C D Hayes,0,N Meade,6th,5 l,8,9-9tb,101,True,10,44
N/A,2025-08-07,18:53,Good (Good To Firm In Places),1m 4f,This Songisforyou (USA),R P Whelan,0,E Mullins,5th,1/2 l,7,9-9,99,True,10,44
N/A,2025-08-07,18:53,Good (Good To Firm In Places),1m 4f,Sea The Boss,S Foley,0,Mrs J Harrington,4th,3 1/4 l,4,9-6,94,True,10,44
N/A,2025-08-07,18:53,Good (Good To Firm In Places),1m 4f,Siege Of Troy,B M Coen,0,J P Murtagh,3rd,1/2 l,4,9-6tp,99,True,10,44
N/A,2025-08-07,18:53,Good (Good To Firm In Places),1m 4f,Crystal Black (IRE),C T Keane,0,G Keane,2nd,1/2 l,7,9-9t,112,True,10,44
N/A,2025-08-07,18:53,Good (Good To Firm In Places),1m 4f,Sons And Lovers,D McMonagle,0,J P O'Brien,1st,N/A,4,9-9,110,True,10,44
N/A,2025-08-07,18:53,Good (Good To Firm In Places),1m 4f,Layfayette (IRE),C D Hayes,0,N Meade,6th,5 l,8,9-9tb,101,True,10,44
N/A,2025-08-07,18:53,Good (Good To Firm In Places),1m 4f,This Songisforyou (USA),R P Whelan,0,E Mullins,5th,1/2 l,7,9-9,99,True,10,44
N/A,2025-08-07,18:53,Good (Good To Firm In Places),1m 4f,Sea The Boss,S Foley,0,Mrs J Harrington,4th,3 1/4 l,4,9-6,94,True,10,44
N/A,2025-08-07,18:53,Good (Good To Firm In Places),1m 4f,Siege Of Troy,B M Coen,0,J P Murtagh,3rd,1/2 l,4,9-6tp,99,True,10,44
N/A,2025-08-07,18:53,Good (Good To Firm In Places),1m 4f,Crystal Black (IRE),C T Keane,0,G Keane,2nd,1/2 l,7,9-9t,112,True,10,44
N/A,2025-08-07,18:53,Good (Good To Firm In Places),1m 4f,Sons And Lovers,D McMonagle,0,J P O'Brien,1st,N/A,4,9-9,110,True,10,44
N/A,2025-08-07,19:23,Good (Good To Firm In Places),7f 42y,Akeela,C T Keane,0,Ian Donoghue,PU,N/A,5,9-2t,46,True,10,45
N/A,2025-08-07,19:23,Good (Good To Firm In Places),7f 42y,Goldmoyne (IRE),R P Whelan,0,T Doyle,17th,3/4 l,5,9-7,51,True,10,45
N/A,2025-08-07,19:23,Good (Good To Firm In Places),7f 42y,Cherry Pink (IRE),J A Orr,10,W Durkan,16th,1/2 l,5,10-2v,60,True,10,45
N/A,2025-08-07,19:23,Good (Good To Firm In Places),7f 42y,La Tulipe Noire (IRE),J A Heffernan,0,Aengus King,15th,Neck,5,9-8p,52,True,10,45
N/A,2025-08-07,19:23,Good (Good To Firm In Places),7f 42y,Rock Etoile (IRE),A Browne-Souza,7,A Slattery,14th,1 l,7,10-2,60,True,10,45
N/A,2025-08-07,19:23,Good (Good To Firm In Places),7f 42y,Draiocht (IRE),W M Lordan,0,T J O'Mara,13th,Head,5,8-13,43,True,10,45
N/A,2025-08-07,19:23,Good (Good To Firm In Places),7f 42y,Amanirenas (IRE),G M Ryan,0,M C Grassick,12th,2 l,6,9-4b1,48,True,10,45
N/A,2025-08-07,19:23,Good (Good To Firm In Places),7f 42y,Carrickfinn,W Joyce,3,Shane Gallagher,11th,Head,6,9-3tb,47,True,10,45
N/A,2025-08-07,19:23,Good (Good To Firm In Places),7f 42y,La La Lucrative (IRE),R C Colgan,0,M J Smith,10th,1/2 l,4,10-1h,59,True,10,45
N/A,2025-08-07,19:23,Good (Good To Firm In Places),7f 42y,Crypto Crash,L T McAteer,0,D Marnane,9th,Neck,4,9-1v1,45,True,10,45
N/A,2025-08-07,19:23,Good (Good To Firm In Places),7f 42y,Miqdaad (IRE),R Coakley,0,J C McConnell,8th,Neck,5,9-2v,46,True,10,45
N/A,2025-08-07,19:23,Good (Good To Firm In Places),7f 42y,Tynamite (IRE),Rebecca Parsons,10,D Marnane,7th,Neck,11,9-2,46,True,10,45
N/A,2025-08-07,19:23,Good (Good To Firm In Places),7f 42y,Sobriety Blue (IRE),A J Slattery,0,A Slattery,6th,1/2 l,4,9-5,49,True,10,45
N/A,2025-08-07,19:23,Good (Good To Firm In Places),7f 42y,Hasiyna (IRE),C D Hayes,0,J C McConnell,5th,1 1/2 l,5,9-4,48,True,10,45
N/A,2025-08-07,19:23,Good (Good To Firm In Places),7f 42y,Lorr's Girl (IRE),K J Leonard,0,R Sweeney,4th,1/2 l,4,9-10,54,True,10,45
N/A,2025-08-07,19:23,Good (Good To Firm In Places),7f 42y,Liamo (IRE),P A Harnett,5,Brendan Walsh,3rd,1 1/4 l,4,9-4tb,48,True,10,45
N/A,2025-08-07,19:23,Good (Good To Firm In Places),7f 42y,Shelbourne Flyer (IRE),D McMonagle,0,J C McConnell,2nd,1 l,4,9-12t,56,True,10,45
N/A,2025-08-07,19:23,Good (Good To Firm In Places),7f 42y,Altimara (IRE),D W O'Connor,0,R O'Sullivan,1st,N/A,4,10-2h,60,True,10,45
N/A,2025-08-07,19:23,Good (Good To Firm In Places),7f 42y,Akeela,C T Keane,0,Ian Donoghue,PU,N/A,5,9-2t,46,True,10,45
N/A,2025-08-07,19:23,Good (Good To Firm In Places),7f 42y,Goldmoyne (IRE),R P Whelan,0,T Doyle,17th,3/4 l,5,9-7,51,True,10,45
N/A,2025-08-07,19:23,Good (Good To Firm In Places),7f 42y,Cherry Pink (IRE),J A Orr,10,W Durkan,16th,1/2 l,5,10-2v,60,True,10,45
N/A,2025-08-07,19:23,Good (Good To Firm In Places),7f 42y,La Tulipe Noire (IRE),J A Heffernan,0,Aengus King,15th,Neck,5,9-8p,52,True,10,45
N/A,2025-08-07,19:23,Good (Good To Firm In Places),7f 42y,Rock Etoile (IRE),A Browne-Souza,7,A Slattery,14th,1 l,7,10-2,60,True,10,45
N/A,2025-08-07,19:23,Good (Good To Firm In Places),7f 42y,Draiocht (IRE),W M Lordan,0,T J O'Mara,13th,Head,5,8-13,43,True,10,45
N/A,2025-08-07,19:23,Good (Good To Firm In Places),7f 42y,Amanirenas (IRE),G M Ryan,0,M C Grassick,12th,2 l,6,9-4b1,48,True,10,45
N/A,2025-08-07,19:23,Good (Good To Firm In Places),7f 42y,Carrickfinn,W Joyce,3,Shane Gallagher,11th,Head,6,9-3tb,47,True,10,45
N/A,2025-08-07,19:23,Good (Good To Firm In Places),7f 42y,La La Lucrative (IRE),R C Colgan,0,M J Smith,10th,1/2 l,4,10-1h,59,True,10,45
N/A,2025-08-07,19:23,Good (Good To Firm In Places),7f 42y,Crypto Crash,L T McAteer,0,D Marnane,9th,Neck,4,9-1v1,45,True,10,45
N/A,2025-08-07,19:23,Good (Good To Firm In Places),7f 42y,Miqdaad (IRE),R Coakley,0,J C McConnell,8th,Neck,5,9-2v,46,True,10,45
N/A,2025-08-07,19:23,Good (Good To Firm In Places),7f 42y,Tynamite (IRE),Rebecca Parsons,10,D Marnane,7th,Neck,11,9-2,46,True,10,45
N/A,2025-08-07,19:23,Good (Good To Firm In Places),7f 42y,Sobriety Blue (IRE),A J Slattery,0,A Slattery,6th,1/2 l,4,9-5,49,True,10,45
N/A,2025-08-07,19:23,Good (Good To Firm In Places),7f 42y,Hasiyna (IRE),C D Hayes,0,J C McConnell,5th,1 1/2 l,5,9-4,48,True,10,45
N/A,2025-08-07,19:23,Good (Good To Firm In Places),7f 42y,Lorr's Girl (IRE),K J Leonard,0,R Sweeney,4th,1/2 l,4,9-10,54,True,10,45
N/A,2025-08-07,19:23,Good (Good To Firm In Places),7f 42y,Liamo (IRE),P A Harnett,5,Brendan Walsh,3rd,1 1/4 l,4,9-4tb,48,True,10,45
N/A,2025-08-07,19:23,Good (Good To Firm In Places),7f 42y,Shelbourne Flyer (IRE),D McMonagle,0,J C McConnell,2nd,1 l,4,9-12t,56,True,10,45
N/A,2025-08-07,19:23,Good (Good To Firm In Places),7f 42y,Altimara (IRE),D W O'Connor,0,R O'Sullivan,1st,N/A,4,10-2h,60,True,10,45
N/A,2025-08-07,19:53,Good (Good To Firm In Places),1m 1f,Summer Island (USA),D McMonagle,0,J C McConnell,21st,8 l,3,9-1,65,True,10,46
N/A,2025-08-07,19:53,Good (Good To Firm In Places),1m 1f,Smaoineamh Sile,J J G Ryan,0,Conor Maxwell,20th,Neck,7,9-6,62,True,10,46
N/A,2025-08-07,19:53,Good (Good To Firm In Places),1m 1f,Eighty Eight (IRE),J A Heffernan,0,J Feane,19th,1/2 l,6,9-9,65,True,10,46
N/A,2025-08-07,19:53,Good (Good To Firm In Places),1m 1f,Church Mountain (IRE),J M Sheridan,0,D Hogan,18th,1 l,7,9-4tp,60,True,10,46
N/A,2025-08-07,19:53,Good (Good To Firm In Places),1m 1f,Silkies Sib (IRE),R P Whelan,0,T Doyle,17th,Neck,5,9-5h,61,True,10,46
N/A,2025-08-07,19:53,Good (Good To Firm In Places),1m 1f,Moondharrig (IRE),B M Coen,0,E Doyle,16th,1/2 l,5,9-6t,62,True,10,46
N/A,2025-08-07,19:53,Good (Good To Firm In Places),1m 1f,Electric Beauty (IRE),W Joyce,3,M Mulvany,15th,Neck,3,9-3,67,True,10,46
N/A,2025-08-07,19:53,Good (Good To Firm In Places),1m 1f,Limbocall (IRE),L F Roche,0,M O'Callaghan,14th,3/4 l,3,8-9,59,True,10,46
N/A,2025-08-07,19:53,Good (Good To Firm In Places),1m 1f,The Bog Bank (IRE),Alyse Jane Clarke,7,T G McCourt,13th,1/2 l,8,9-6tp,62,True,10,46
N/A,2025-08-07,19:53,Good (Good To Firm In Places),1m 1f,Beauty Generation (IRE),S Foley,0,Mrs J Harrington,12th,Nose,4,9-11v,67,True,10,46
N/A,2025-08-07,19:53,Good (Good To Firm In Places),1m 1f,Zabeir (IRE),D P McDonogh,0,D Kinsella,11th,Neck,6,9-9tp,65,True,10,46
N/A,2025-08-07,19:53,Good (Good To Firm In Places),1m 1f,Colugo (IRE),Adam Caffrey,0,Ian Donoghue,10th,1 3/4 l,4,9-6h,62,True,10,46
N/A,2025-08-07,19:53,Good (Good To Firm In Places),1m 1f,Galician Girl (IRE),N M Crosse,0,J C McConnell,9th,1/2 l,4,8-9t,51,True,10,46
N/A,2025-08-07,19:53,Good (Good To Firm In Places),1m 1f,Rockbury Lad,C T Keane,0,M O'Callaghan,8th,Head,6,9-10tp,66,True,10,46
N/A,2025-08-07,19:53,Good (Good To Firm In Places),1m 1f,Boyne Valley (IRE),T Casey,10,M Mulvany,7th,Neck,3,8-11,61,True,10,46
N/A,2025-08-07,19:53,Good (Good To Firm In Places),1m 1f,Four White Fury,L T McAteer,0,D Marnane,6th,1/2 l,3,8-12,62,True,10,46
N/A,2025-08-07,19:53,Good (Good To Firm In Places),1m 1f,Harry The Rogue (IRE),S Coen,7,A Slattery,5th,3/4 l,4,10-3,73,True,10,46
N/A,2025-08-07,19:53,Good (Good To Firm In Places),1m 1f,Cooley's Mist (IRE),W M Lordan,0,N Lupini,4th,Short Head,3,9-3,67,True,10,46
N/A,2025-08-07,19:53,Good (Good To Firm In Places),1m 1f,Rampage (IRE),R Whearty,3,T G McCourt,3rd,3 1/4 l,6,9-10tv,66,True,10,46
N/A,2025-08-07,19:53,Good (Good To Firm In Places),1m 1f,Medieval Night (IRE),C D Hayes,0,D K Weld,2nd,1 1/2 l,3,9-1v1,65,True,10,46
N/A,2025-08-07,19:53,Good (Good To Firm In Places),1m 1f,Sinbad My Dad (IRE),J E Harnett,10,S Fahey,1st,N/A,4,9-9,65,True,10,46
N/A,2025-08-07,19:53,Good (Good To Firm In Places),1m 1f,Summer Island (USA),D McMonagle,0,J C McConnell,21st,8 l,3,9-1,65,True,10,46
N/A,2025-08-07,19:53,Good (Good To Firm In Places),1m 1f,Smaoineamh Sile,J J G Ryan,0,Conor Maxwell,20th,Neck,7,9-6,62,True,10,46
N/A,2025-08-07,19:53,Good (Good To Firm In Places),1m 1f,Eighty Eight (IRE),J A Heffernan,0,J Feane,19th,1/2 l,6,9-9,65,True,10,46
N/A,2025-08-07,19:53,Good (Good To Firm In Places),1m 1f,Church Mountain (IRE),J M Sheridan,0,D Hogan,18th,1 l,7,9-4tp,60,True,10,46
N/A,2025-08-07,19:53,Good (Good To Firm In Places),1m 1f,Silkies Sib (IRE),R P Whelan,0,T Doyle,17th,Neck,5,9-5h,61,True,10,46
N/A,2025-08-07,19:53,Good (Good To Firm In Places),1m 1f,Moondharrig (IRE),B M Coen,0,E Doyle,16th,1/2 l,5,9-6t,62,True,10,46
N/A,2025-08-07,19:53,Good (Good To Firm In Places),1m 1f,Electric Beauty (IRE),W Joyce,3,M Mulvany,15th,Neck,3,9-3,67,True,10,46
N/A,2025-08-07,19:53,Good (Good To Firm In Places),1m 1f,Limbocall (IRE),L F Roche,0,M O'Callaghan,14th,3/4 l,3,8-9,59,True,10,46
N/A,2025-08-07,19:53,Good (Good To Firm In Places),1m 1f,The Bog Bank (IRE),Alyse Jane Clarke,7,T G McCourt,13th,1/2 l,8,9-6tp,62,True,10,46
N/A,2025-08-07,19:53,Good (Good To Firm In Places),1m 1f,Beauty Generation (IRE),S Foley,0,Mrs J Harrington,12th,Nose,4,9-11v,67,True,10,46
N/A,2025-08-07,19:53,Good (Good To Firm In Places),1m 1f,Zabeir (IRE),D P McDonogh,0,D Kinsella,11th,Neck,6,9-9tp,65,True,10,46
N/A,2025-08-07,19:53,Good (Good To Firm In Places),1m 1f,Colugo (IRE),Adam Caffrey,0,Ian Donoghue,10th,1 3/4 l,4,9-6h,62,True,10,46
N/A,2025-08-07,19:53,Good (Good To Firm In Places),1m 1f,Galician Girl (IRE),N M Crosse,0,J C McConnell,9th,1/2 l,4,8-9t,51,True,10,46
N/A,2025-08-07,19:53,Good (Good To Firm In Places),1m 1f,Rockbury Lad,C T Keane,0,M O'Callaghan,8th,Head,6,9-10tp,66,True,10,46
N/A,2025-08-07,19:53,Good (Good To Firm In Places),1m 1f,Boyne Valley (IRE),T Casey,10,M Mulvany,7th,Neck,3,8-11,61,True,10,46
N/A,2025-08-07,19:53,Good (Good To Firm In Places),1m 1f,Four White Fury,L T McAteer,0,D Marnane,6th,1/2 l,3,8-12,62,True,10,46
N/A,2025-08-07,19:53,Good (Good To Firm In Places),1m 1f,Harry The Rogue (IRE),S Coen,7,A Slattery,5th,3/4 l,4,10-3,73,True,10,46
N/A,2025-08-07,19:53,Good (Good To Firm In Places),1m 1f,Cooley's Mist (IRE),W M Lordan,0,N Lupini,4th,Short Head,3,9-3,67,True,10,46
N/A,2025-08-07,19:53,Good (Good To Firm In Places),1m 1f,Rampage (IRE),R Whearty,3,T G McCourt,3rd,3 1/4 l,6,9-10tv,66,True,10,46
N/A,2025-08-07,19:53,Good (Good To Firm In Places),1m 1f,Medieval Night (IRE),C D Hayes,0,D K Weld,2nd,1 1/2 l,3,9-1v1,65,True,10,46
N/A,2025-08-07,19:53,Good (Good To Firm In Places),1m 1f,Sinbad My Dad (IRE),J E Harnett,10,S Fahey,1st,N/A,4,9-9,65,True,10,46
N/A,2025-08-07,20:25,Good (Good To Firm In Places) ap (Turf),1m 7f,Lady Kai (IRE),Mr J H Williamson,7,R O'Sullivan,UR,N/A,5,11-3p,64,True,10,47
N/A,2025-08-07,20:25,Good (Good To Firm In Places) ap (Turf),1m 7f,Supreme Law (IRE),Ms M Kelly,7,Miss S J Harty,10th,24 l,6,10-7,43,True,10,47
N/A,2025-08-07,20:25,Good (Good To Firm In Places) ap (Turf),1m 7f,Friary Road (IRE),Mr J M Halford,7,T M Walsh,9th,5 1/2 l,5,12-1,76,True,10,47
N/A,2025-08-07,20:25,Good (Good To Firm In Places) ap (Turf),1m 7f,Takarengo (IRE),Ms M Barcoe,7,J Barcoe,8th,2 1/4 l,9,11-2,63,True,10,47
N/A,2025-08-07,20:25,Good (Good To Firm In Places) ap (Turf),1m 7f,Rich Belief,Mrs C Schnyder,7,K Thornton,7th,3 1/4 l,8,11-10tb,71,True,10,47
N/A,2025-08-07,20:25,Good (Good To Firm In Places) ap (Turf),1m 7f,Curious Bride (IRE),Thuva Hjalmarsson,7,E O'Connell,6th,4 1/4 l,8,12-2t,77,True,10,47
N/A,2025-08-07,20:25,Good (Good To Firm In Places) ap (Turf),1m 7f,The Truant (IRE),Mr F Maguire,0,P W Flynn,5th,Neck,8,11-5t,66,True,10,47
N/A,2025-08-07,20:25,Good (Good To Firm In Places) ap (Turf),1m 7f,Walking On Glass (IRE),Miss A B O'Connor,0,P Roche,4th,4 1/2 l,10,11-6p,67,True,10,47
N/A,2025-08-07,20:25,Good (Good To Firm In Places) ap (Turf),1m 7f,Grappa Nonino (IRE),Sara Horcajada,7,D K Weld,3rd,1 3/4 l,6,11-11v,72,True,10,47
N/A,2025-08-07,20:25,Good (Good To Firm In Places) ap (Turf),1m 7f,Party Dress (IRE),Noemi Pulcini,7,W McCreery,2nd,3 l,5,11-12p1,73,True,10,47
N/A,2025-08-07,20:25,Good (Good To Firm In Places) ap (Turf),1m 7f,Louiescall (IRE),Miss Teagan Padgett,7,D H Kelly,1st,N/A,4,11-8,69,True,10,47
N/A,2025-08-07,20:25,Good (Good To Firm In Places) ap (Turf),1m 7f,Lady Kai (IRE),Mr J H Williamson,7,R O'Sullivan,UR,N/A,5,11-3p,64,True,10,47
N/A,2025-08-07,20:25,Good (Good To Firm In Places) ap (Turf),1m 7f,Supreme Law (IRE),Ms M Kelly,7,Miss S J Harty,10th,24 l,6,10-7,43,True,10,47
N/A,2025-08-07,20:25,Good (Good To Firm In Places) ap (Turf),1m 7f,Friary Road (IRE),Mr J M Halford,7,T M Walsh,9th,5 1/2 l,5,12-1,76,True,10,47
N/A,2025-08-07,20:25,Good (Good To Firm In Places) ap (Turf),1m 7f,Takarengo (IRE),Ms M Barcoe,7,J Barcoe,8th,2 1/4 l,9,11-2,63,True,10,47
N/A,2025-08-07,20:25,Good (Good To Firm In Places) ap (Turf),1m 7f,Rich Belief,Mrs C Schnyder,7,K Thornton,7th,3 1/4 l,8,11-10tb,71,True,10,47
N/A,2025-08-07,20:25,Good (Good To Firm In Places) ap (Turf),1m 7f,Curious Bride (IRE),Thuva Hjalmarsson,7,E O'Connell,6th,4 1/4 l,8,12-2t,77,True,10,47
N/A,2025-08-07,20:25,Good (Good To Firm In Places) ap (Turf),1m 7f,The Truant (IRE),Mr F Maguire,0,P W Flynn,5th,Neck,8,11-5t,66,True,10,47
N/A,2025-08-07,20:25,Good (Good To Firm In Places) ap (Turf),1m 7f,Walking On Glass (IRE),Miss A B O'Connor,0,P Roche,4th,4 1/2 l,10,11-6p,67,True,10,47
N/A,2025-08-07,20:25,Good (Good To Firm In Places) ap (Turf),1m 7f,Grappa Nonino (IRE),Sara Horcajada,7,D K Weld,3rd,1 3/4 l,6,11-11v,72,True,10,47
N/A,2025-08-07,20:25,Good (Good To Firm In Places) ap (Turf),1m 7f,Party Dress (IRE),Noemi Pulcini,7,W McCreery,2nd,3 l,5,11-12p1,73,True,10,47
N/A,2025-08-07,20:25,Good (Good To Firm In Places) ap (Turf),1m 7f,Louiescall (IRE),Miss Teagan Padgett,7,D H Kelly,1st,N/A,4,11-8,69,True,10,47
Wexford Racing Results | 8th August 2025 16:18,2025-08-08,16:18,Good To Yielding,2m 180y,Willuhaveamineral (IRE),S Fitzgerald,0,M Winters,14th,27 l,5,10-11,-,True,10,48
Wexford Racing Results | 8th August 2025 16:18,2025-08-08,16:18,Good To Yielding,2m 180y,Hale Bopp (IRE),C Owens,7,R Donohoe,13th,9 l,7,11-12h1,-,True,10,48
Wexford Racing Results | 8th August 2025 16:18,2025-08-08,16:18,Good To Yielding,2m 180y,Dark Berkshire (IRE),C M Hogan,7,P J Rothwell,12th,14 l,5,11-4,-,True,10,48
Wexford Racing Results | 8th August 2025 16:18,2025-08-08,16:18,Good To Yielding,2m 180y,An Capall Liath (IRE),C Stone-Walsh,0,R P Rath,11th,18 l,5,10-11,-,True,10,48
Wexford Racing Results | 8th August 2025 16:18,2025-08-08,16:18,Good To Yielding,2m 180y,Abitlikethat (IRE),R A Doyle,0,P J Rothwell,10th,18 l,5,11-4,-,True,10,48
Wexford Racing Results | 8th August 2025 16:18,2025-08-08,16:18,Good To Yielding,2m 180y,The Happy Huntsman (IRE),E Finegan,7,A Ott,9th,1 1/2 l,5,11-4,-,True,10,48
Wexford Racing Results | 8th August 2025 16:18,2025-08-08,16:18,Good To Yielding,2m 180y,Little Miss Chief (IRE),T E O'Connor,7,S Fahey,8th,10 l,5,10-11,-,True,10,48
Wexford Racing Results | 8th August 2025 16:18,2025-08-08,16:18,Good To Yielding,2m 180y,Prince Inger (FR),S D Torrens,0,P J Rothwell,7th,4 1/2 l,5,11-4,-,True,10,48
Wexford Racing Results | 8th August 2025 16:18,2025-08-08,16:18,Good To Yielding,2m 180y,Complete Fiction (IRE),P T Smithers,7,J P Fahey,6th,1/2 l,8,11-12,108,True,10,48
Wexford Racing Results | 8th August 2025 16:18,2025-08-08,16:18,Good To Yielding,2m 180y,Chasing Crowns (IRE),H E Sexton,7,E Sheehy,5th,4 l,5,10-11,-,True,10,48
Wexford Racing Results | 8th August 2025 16:18,2025-08-08,16:18,Good To Yielding,2m 180y,Fool Me Once (IRE),E Staples,7,G P Cromwell,4th,1 1/2 l,5,11-4,109,True,10,48
Wexford Racing Results | 8th August 2025 16:18,2025-08-08,16:18,Good To Yielding,2m 180y,Kara De Thaix (FR),P Townend,0,W P Mullins,3rd,1/2 l,5,10-11,-,True,10,48
Wexford Racing Results | 8th August 2025 16:18,2025-08-08,16:18,Good To Yielding,2m 180y,The Monkey Pole (IRE),Ms E L Herbison,7,N Dooly,2nd,1/2 l,5,11-4,-,True,10,48
Wexford Racing Results | 8th August 2025 16:18,2025-08-08,16:18,Good To Yielding,2m 180y,Lady Doyanne (IRE),D J O'Keeffe,0,H De Bromhead,1st,N/A,5,10-11,-,True,10,48
Wexford Racing Results | 8th August 2025 16:18,2025-08-08,16:18,Good To Yielding,2m 180y,Willuhaveamineral (IRE),S Fitzgerald,0,M Winters,14th,27 l,5,10-11,-,True,10,48
Wexford Racing Results | 8th August 2025 16:18,2025-08-08,16:18,Good To Yielding,2m 180y,Hale Bopp (IRE),C Owens,7,R Donohoe,13th,9 l,7,11-12h1,-,True,10,48
Wexford Racing Results | 8th August 2025 16:18,2025-08-08,16:18,Good To Yielding,2m 180y,Dark Berkshire (IRE),C M Hogan,7,P J Rothwell,12th,14 l,5,11-4,-,True,10,48
Wexford Racing Results | 8th August 2025 16:18,2025-08-08,16:18,Good To Yielding,2m 180y,An Capall Liath (IRE),C Stone-Walsh,0,R P Rath,11th,18 l,5,10-11,-,True,10,48
Wexford Racing Results | 8th August 2025 16:18,2025-08-08,16:18,Good To Yielding,2m 180y,Abitlikethat (IRE),R A Doyle,0,P J Rothwell,10th,18 l,5,11-4,-,True,10,48
Wexford Racing Results | 8th August 2025 16:18,2025-08-08,16:18,Good To Yielding,2m 180y,The Happy Huntsman (IRE),E Finegan,7,A Ott,9th,1 1/2 l,5,11-4,-,True,10,48
Wexford Racing Results | 8th August 2025 16:18,2025-08-08,16:18,Good To Yielding,2m 180y,Little Miss Chief (IRE),T E O'Connor,7,S Fahey,8th,10 l,5,10-11,-,True,10,48
Wexford Racing Results | 8th August 2025 16:18,2025-08-08,16:18,Good To Yielding,2m 180y,Prince Inger (FR),S D Torrens,0,P J Rothwell,7th,4 1/2 l,5,11-4,-,True,10,48
Wexford Racing Results | 8th August 2025 16:18,2025-08-08,16:18,Good To Yielding,2m 180y,Complete Fiction (IRE),P T Smithers,7,J P Fahey,6th,1/2 l,8,11-12,108,True,10,48
Wexford Racing Results | 8th August 2025 16:18,2025-08-08,16:18,Good To Yielding,2m 180y,Chasing Crowns (IRE),H E Sexton,7,E Sheehy,5th,4 l,5,10-11,-,True,10,48
Wexford Racing Results | 8th August 2025 16:18,2025-08-08,16:18,Good To Yielding,2m 180y,Fool Me Once (IRE),E Staples,7,G P Cromwell,4th,1 1/2 l,5,11-4,109,True,10,48
Wexford Racing Results | 8th August 2025 16:18,2025-08-08,16:18,Good To Yielding,2m 180y,Kara De Thaix (FR),P Townend,0,W P Mullins,3rd,1/2 l,5,10-11,-,True,10,48
Wexford Racing Results | 8th August 2025 16:18,2025-08-08,16:18,Good To Yielding,2m 180y,The Monkey Pole (IRE),Ms E L Herbison,7,N Dooly,2nd,1/2 l,5,11-4,-,True,10,48
Wexford Racing Results | 8th August 2025 16:18,2025-08-08,16:18,Good To Yielding,2m 180y,Lady Doyanne (IRE),D J O'Keeffe,0,H De Bromhead,1st,N/A,5,10-11,-,True,10,48
Wexford Racing Results | 8th August 2025 16:53,2025-08-08,16:53,Good To Yielding,2m 180y,Emily's Light (IRE),Mr E P O'Brien,5,Miss M Harding,PU,N/A,6,11-5b,91,True,10,49
Wexford Racing Results | 8th August 2025 16:53,2025-08-08,16:53,Good To Yielding,2m 180y,Veras Bar (IRE),M P O'Connor,0,Michael Barry,13th,5 l,5,10-11,83,True,10,49
Wexford Racing Results | 8th August 2025 16:53,2025-08-08,16:53,Good To Yielding,2m 180y,Keep D Change (IRE),S Cleary-Farrell,7,Stephanie Ocsko-Moore,12th,3 1/2 l,8,10-0,72,True,10,49
Wexford Racing Results | 8th August 2025 16:53,2025-08-08,16:53,Good To Yielding,2m 180y,Stormy Jenn (IRE),L A McKenna,5,P Cluskey,11th,30 l,8,10-11p,83,True,10,49
Wexford Racing Results | 8th August 2025 16:53,2025-08-08,16:53,Good To Yielding,2m 180y,Sidiriya (IRE),S D Torrens,0,P J Rothwell,10th,2 1/2 l,6,11-2,88,True,10,49
Wexford Racing Results | 8th August 2025 16:53,2025-08-08,16:53,Good To Yielding,2m 180y,Stoneyford Lady (IRE),D J O'Keeffe,0,H De Bromhead,9th,2 1/4 l,6,12-0,100,True,10,49
Wexford Racing Results | 8th August 2025 16:53,2025-08-08,16:53,Good To Yielding,2m 180y,Auntie Lacey (IRE),E Staples,7,P Nolan,8th,4 3/4 l,5,11-9,95,True,10,49
Wexford Racing Results | 8th August 2025 16:53,2025-08-08,16:53,Good To Yielding,2m 180y,Ballycommon Chapel (IRE),C Owens,7,R Donohoe,7th,3/4 l,7,10-11p,83,True,10,49
Wexford Racing Results | 8th August 2025 16:53,2025-08-08,16:53,Good To Yielding,2m 180y,Gerrys Wish (IRE),Sam Ewing,0,G Elliott,6th,Neck,4,11-2,91,True,10,49
Wexford Racing Results | 8th August 2025 16:53,2025-08-08,16:53,Good To Yielding,2m 180y,Polly Poppins (IRE),G Brouder,3,Bernard Crowley,5th,7 l,5,11-5h,91,True,10,49
Wexford Racing Results | 8th August 2025 16:53,2025-08-08,16:53,Good To Yielding,2m 180y,Paul's Dream (IRE),D E Mullins,0,A Mullins,4th,1/2 l,6,11-6,92,True,10,49
Wexford Racing Results | 8th August 2025 16:53,2025-08-08,16:53,Good To Yielding,2m 180y,Onebrightbluerose (IRE),D King,0,Patrick Cronin,3rd,1 3/4 l,6,11-4,90,True,10,49
Wexford Racing Results | 8th August 2025 16:53,2025-08-08,16:53,Good To Yielding,2m 180y,Influential Lady (IRE),K Callaghan,5,J Barcoe,2nd,1 3/4 l,11,11-6,92,True,10,49
Wexford Racing Results | 8th August 2025 16:53,2025-08-08,16:53,Good To Yielding,2m 180y,Chosen Shant (IRE),P T Enright,0,Aengus King,1st,N/A,9,12-0,100,True,10,49
Wexford Racing Results | 8th August 2025 16:53,2025-08-08,16:53,Good To Yielding,2m 180y,Emily's Light (IRE),Mr E P O'Brien,5,Miss M Harding,PU,N/A,6,11-5b,91,True,10,49
Wexford Racing Results | 8th August 2025 16:53,2025-08-08,16:53,Good To Yielding,2m 180y,Veras Bar (IRE),M P O'Connor,0,Michael Barry,13th,5 l,5,10-11,83,True,10,49
Wexford Racing Results | 8th August 2025 16:53,2025-08-08,16:53,Good To Yielding,2m 180y,Keep D Change (IRE),S Cleary-Farrell,7,Stephanie Ocsko-Moore,12th,3 1/2 l,8,10-0,72,True,10,49
Wexford Racing Results | 8th August 2025 16:53,2025-08-08,16:53,Good To Yielding,2m 180y,Stormy Jenn (IRE),L A McKenna,5,P Cluskey,11th,30 l,8,10-11p,83,True,10,49
Wexford Racing Results | 8th August 2025 16:53,2025-08-08,16:53,Good To Yielding,2m 180y,Sidiriya (IRE),S D Torrens,0,P J Rothwell,10th,2 1/2 l,6,11-2,88,True,10,49
Wexford Racing Results | 8th August 2025 16:53,2025-08-08,16:53,Good To Yielding,2m 180y,Stoneyford Lady (IRE),D J O'Keeffe,0,H De Bromhead,9th,2 1/4 l,6,12-0,100,True,10,49
Wexford Racing Results | 8th August 2025 16:53,2025-08-08,16:53,Good To Yielding,2m 180y,Auntie Lacey (IRE),E Staples,7,P Nolan,8th,4 3/4 l,5,11-9,95,True,10,49
Wexford Racing Results | 8th August 2025 16:53,2025-08-08,16:53,Good To Yielding,2m 180y,Ballycommon Chapel (IRE),C Owens,7,R Donohoe,7th,3/4 l,7,10-11p,83,True,10,49
Wexford Racing Results | 8th August 2025 16:53,2025-08-08,16:53,Good To Yielding,2m 180y,Gerrys Wish (IRE),Sam Ewing,0,G Elliott,6th,Neck,4,11-2,91,True,10,49
Wexford Racing Results | 8th August 2025 16:53,2025-08-08,16:53,Good To Yielding,2m 180y,Polly Poppins (IRE),G Brouder,3,Bernard Crowley,5th,7 l,5,11-5h,91,True,10,49
Wexford Racing Results | 8th August 2025 16:53,2025-08-08,16:53,Good To Yielding,2m 180y,Paul's Dream (IRE),D E Mullins,0,A Mullins,4th,1/2 l,6,11-6,92,True,10,49
Wexford Racing Results | 8th August 2025 16:53,2025-08-08,16:53,Good To Yielding,2m 180y,Onebrightbluerose (IRE),D King,0,Patrick Cronin,3rd,1 3/4 l,6,11-4,90,True,10,49
Wexford Racing Results | 8th August 2025 16:53,2025-08-08,16:53,Good To Yielding,2m 180y,Influential Lady (IRE),K Callaghan,5,J Barcoe,2nd,1 3/4 l,11,11-6,92,True,10,49
Wexford Racing Results | 8th August 2025 16:53,2025-08-08,16:53,Good To Yielding,2m 180y,Chosen Shant (IRE),P T Enright,0,Aengus King,1st,N/A,9,12-0,100,True,10,49
Wexford Racing Results | 8th August 2025 17:28,2025-08-08,17:28,Good To Yielding,2m 180y,The Blaggard (IRE),G B Noonan,5,E McCarthy,PU,N/A,5,10-3,107,True,10,50
Wexford Racing Results | 8th August 2025 17:28,2025-08-08,17:28,Good To Yielding,2m 180y,First Dare (IRE),E Staples,7,Liz Doyle,F,N/A,7,11-0,118,True,10,50
Wexford Racing Results | 8th August 2025 17:28,2025-08-08,17:28,Good To Yielding,2m 180y,Inchiquin Star (IRE),C M Quirke,0,P Kiely,8th,7 1/2 l,6,10-9p,113,True,10,50
Wexford Racing Results | 8th August 2025 17:28,2025-08-08,17:28,Good To Yielding,2m 180y,Moonovercloon (IRE),J Smith,5,M J Smith,7th,1 l,8,11-8t,126,True,10,50
Wexford Racing Results | 8th August 2025 17:28,2025-08-08,17:28,Good To Yielding,2m 180y,Star Official (IRE),C Owens,7,R Donohoe,6th,1 1/4 l,7,10-1p,105,True,10,50
Wexford Racing Results | 8th August 2025 17:28,2025-08-08,17:28,Good To Yielding,2m 180y,Red Glory (IRE),D J O'Keeffe,0,H De Bromhead,5th,1/2 l,7,10-12,116,True,10,50
Wexford Racing Results | 8th August 2025 17:28,2025-08-08,17:28,Good To Yielding,2m 180y,Bowensonfire (FR),J W Kennedy,0,G Elliott,4th,4 l,5,11-13,131,True,10,50
Wexford Racing Results | 8th August 2025 17:28,2025-08-08,17:28,Good To Yielding,2m 180y,War Correspondent (IRE),P J Cody,7,R P Cody,3rd,3/4 l,6,11-0tp,118,True,10,50
Wexford Racing Results | 8th August 2025 17:28,2025-08-08,17:28,Good To Yielding,2m 180y,Feud,D E Mullins,0,R O'Brien,2nd,Neck,5,11-12,130,True,10,50
Wexford Racing Results | 8th August 2025 17:28,2025-08-08,17:28,Good To Yielding,2m 180y,Mercury Mission,C M Hogan,7,P J Rothwell,1st,N/A,6,10-6p,110,True,10,50
Wexford Racing Results | 8th August 2025 17:28,2025-08-08,17:28,Good To Yielding,2m 180y,The Blaggard (IRE),G B Noonan,5,E McCarthy,PU,N/A,5,10-3,107,True,10,50
Wexford Racing Results | 8th August 2025 17:28,2025-08-08,17:28,Good To Yielding,2m 180y,First Dare (IRE),E Staples,7,Liz Doyle,F,N/A,7,11-0,118,True,10,50
Wexford Racing Results | 8th August 2025 17:28,2025-08-08,17:28,Good To Yielding,2m 180y,Inchiquin Star (IRE),C M Quirke,0,P Kiely,8th,7 1/2 l,6,10-9p,113,True,10,50
Wexford Racing Results | 8th August 2025 17:28,2025-08-08,17:28,Good To Yielding,2m 180y,Moonovercloon (IRE),J Smith,5,M J Smith,7th,1 l,8,11-8t,126,True,10,50
Wexford Racing Results | 8th August 2025 17:28,2025-08-08,17:28,Good To Yielding,2m 180y,Star Official (IRE),C Owens,7,R Donohoe,6th,1 1/4 l,7,10-1p,105,True,10,50
Wexford Racing Results | 8th August 2025 17:28,2025-08-08,17:28,Good To Yielding,2m 180y,Red Glory (IRE),D J O'Keeffe,0,H De Bromhead,5th,1/2 l,7,10-12,116,True,10,50
Wexford Racing Results | 8th August 2025 17:28,2025-08-08,17:28,Good To Yielding,2m 180y,Bowensonfire (FR),J W Kennedy,0,G Elliott,4th,4 l,5,11-13,131,True,10,50
Wexford Racing Results | 8th August 2025 17:28,2025-08-08,17:28,Good To Yielding,2m 180y,War Correspondent (IRE),P J Cody,7,R P Cody,3rd,3/4 l,6,11-0tp,118,True,10,50
Wexford Racing Results | 8th August 2025 17:28,2025-08-08,17:28,Good To Yielding,2m 180y,Feud,D E Mullins,0,R O'Brien,2nd,Neck,5,11-12,130,True,10,50
Wexford Racing Results | 8th August 2025 17:28,2025-08-08,17:28,Good To Yielding,2m 180y,Mercury Mission,C M Hogan,7,P J Rothwell,1st,N/A,6,10-6p,110,True,10,50
