track_name,race_date,race_time,going,distance,horse_name,jockey,claims,trainer,race_position,lost_by_length,age,weight,rating,first_place_found,batch_number,url_index_in_batch
Dundalk Racing Results | 4th December 2024 15:30,N/A,15:30,Standard,5f,Hi George (IRE),Non Runner,0,N Slevin,NR,N/A,2,9-7,-,True,154,1
Dundalk Racing Results | 4th December 2024 15:30,N/A,15:30,Standard,5f,Argent Rapide (IRE),J M Sheridan,0,A McCann,9th,32 l,2,9-2,-,True,154,1
Dundalk Racing Results | 4th December 2024 15:30,N/A,15:30,Standard,5f,The Duke Mardukas,D E Sheehy,0,J P Murtagh,8th,1/2 l,2,9-7b,-,True,154,1
Dundalk Racing Results | 4th December 2024 15:30,N/A,15:30,Standard,5f,Cali Case,L F Roche,0,M O'Callaghan,7th,1 l,2,9-7ht1,-,True,154,1
Dundalk Racing Results | 4th December 2024 15:30,N/A,15:30,Standard,5f,Little Lando (IRE),L T McAteer,0,D Marnane,6th,3 1/4 l,2,9-7,-,True,154,1
Dundalk Racing Results | 4th December 2024 15:30,N/A,15:30,Standard,5f,Tino Pai (IRE),R P Cleary,0,S Lavery,5th,1 l,2,9-2,-,True,154,1
Dundalk Racing Results | 4th December 2024 15:30,N/A,15:30,Standard,5f,Bansha Belle (IRE),J J G Ryan,3,Stephen Thorne,4th,Neck,2,9-2b1,-,True,154,1
Dundalk Racing Results | 4th December 2024 15:30,N/A,15:30,Standard,5f,Hello Luna (FR),D P McDonogh,0,J P O'Brien,3rd,1 1/2 l,2,9-2,-,True,154,1
Dundalk Racing Results | 4th December 2024 15:30,N/A,15:30,Standard,5f,Sharkii (IRE),R P Whelan,0,D Dias,2nd,1/2 l,2,9-7t,-,True,154,1
Dundalk Racing Results | 4th December 2024 15:30,N/A,15:30,Standard,5f,Ohmyviette (FR),M Santos,0,W P Browne,1st,N/A,2,9-7,-,True,154,1
Dundalk Racing Results | 4th December 2024 15:30,N/A,15:30,Standard,5f,Hi George (IRE),Non Runner,0,N Slevin,NR,N/A,2,9-7,-,True,154,1
Dundalk Racing Results | 4th December 2024 15:30,N/A,15:30,Standard,5f,Argent Rapide (IRE),J M Sheridan,0,A McCann,9th,32 l,2,9-2,-,True,154,1
Dundalk Racing Results | 4th December 2024 15:30,N/A,15:30,Standard,5f,The Duke Mardukas,D E Sheehy,0,J P Murtagh,8th,1/2 l,2,9-7b,-,True,154,1
Dundalk Racing Results | 4th December 2024 15:30,N/A,15:30,Standard,5f,Cali Case,L F Roche,0,M O'Callaghan,7th,1 l,2,9-7ht1,-,True,154,1
Dundalk Racing Results | 4th December 2024 15:30,N/A,15:30,Standard,5f,Little Lando (IRE),L T McAteer,0,D Marnane,6th,3 1/4 l,2,9-7,-,True,154,1
Dundalk Racing Results | 4th December 2024 15:30,N/A,15:30,Standard,5f,Tino Pai (IRE),R P Cleary,0,S Lavery,5th,1 l,2,9-2,-,True,154,1
Dundalk Racing Results | 4th December 2024 15:30,N/A,15:30,Standard,5f,Bansha Belle (IRE),J J G Ryan,3,Stephen Thorne,4th,Neck,2,9-2b1,-,True,154,1
Dundalk Racing Results | 4th December 2024 15:30,N/A,15:30,Standard,5f,Hello Luna (FR),D P McDonogh,0,J P O'Brien,3rd,1 1/2 l,2,9-2,-,True,154,1
Dundalk Racing Results | 4th December 2024 15:30,N/A,15:30,Standard,5f,Sharkii (IRE),R P Whelan,0,D Dias,2nd,1/2 l,2,9-7t,-,True,154,1
Dundalk Racing Results | 4th December 2024 15:30,N/A,15:30,Standard,5f,Ohmyviette (FR),M Santos,0,W P Browne,1st,N/A,2,9-7,-,True,154,1
Dundalk Racing Results | 4th December 2024 16:00,N/A,16:00,Standard,7f,Dear Daphne (IRE),M P Sheehy,0,R K Watson,13th,11 l,4,9-3p,-,True,154,2
Dundalk Racing Results | 4th December 2024 16:00,N/A,16:00,Standard,7f,The Expert,Sadhbh Tormey,10,T G McCourt,12th,4 3/4 l,3,8-13v1,-,True,154,2
Dundalk Racing Results | 4th December 2024 16:00,N/A,16:00,Standard,7f,Boomerang Bill (IRE),S R Markey,10,R O'Sullivan,11th,1 l,5,9-8,-,True,154,2
Dundalk Racing Results | 4th December 2024 16:00,N/A,16:00,Standard,7f,Signor Ferrari (IRE),L F Roche,0,P J F Murphy,10th,3 1/4 l,3,10-2,-,True,154,2
Dundalk Racing Results | 4th December 2024 16:00,N/A,16:00,Standard,7f,Nezeeh (IRE),J M Sheridan,0,D Hogan,9th,1/2 l,3,9-9p,-,True,154,2
Dundalk Racing Results | 4th December 2024 16:00,N/A,16:00,Standard,7f,Clonmacash,R P Cleary,0,A McGuinness,8th,Neck,3,9-7b,-,True,154,2
Dundalk Racing Results | 4th December 2024 16:00,N/A,16:00,Standard,7f,Rumbled Again (IRE),S Coen,7,G P Cromwell,7th,1 l,4,9-3b,-,True,154,2
Dundalk Racing Results | 4th December 2024 16:00,N/A,16:00,Standard,7f,Shoot To Kill (IRE),D W O'Connor,0,Stephen Thorne,6th,Head,7,10-2p,-,True,154,2
Dundalk Racing Results | 4th December 2024 16:00,N/A,16:00,Standard,7f,Big Baby Bull (IRE),Nicola Burns,7,John Hayes,5th,3/4 l,8,9-3tp,-,True,154,2
Dundalk Racing Results | 4th December 2024 16:00,N/A,16:00,Standard,7f,Sayifyouwill,S P Davis,0,Sean Davis,4th,Head,6,10-2,-,True,154,2
Dundalk Racing Results | 4th December 2024 16:00,N/A,16:00,Standard,7f,Nikki Swango (IRE),N M Crosse,0,A McGuinness,3rd,Neck,3,9-1,-,True,154,2
Dundalk Racing Results | 4th December 2024 16:00,N/A,16:00,Standard,7f,Skontonovski,J A Powell,3,A McGuinness,2nd,3/4 l,7,9-11v,-,True,154,2
Dundalk Racing Results | 4th December 2024 16:00,N/A,16:00,Standard,7f,Comfort Line (IRE),J Kearney,5,A McGuinness,1st,N/A,7,9-11v,-,True,154,2
Dundalk Racing Results | 4th December 2024 16:00,N/A,16:00,Standard,7f,Dear Daphne (IRE),M P Sheehy,0,R K Watson,13th,11 l,4,9-3p,-,True,154,2
Dundalk Racing Results | 4th December 2024 16:00,N/A,16:00,Standard,7f,The Expert,Sadhbh Tormey,10,T G McCourt,12th,4 3/4 l,3,8-13v1,-,True,154,2
Dundalk Racing Results | 4th December 2024 16:00,N/A,16:00,Standard,7f,Boomerang Bill (IRE),S R Markey,10,R O'Sullivan,11th,1 l,5,9-8,-,True,154,2
Dundalk Racing Results | 4th December 2024 16:00,N/A,16:00,Standard,7f,Signor Ferrari (IRE),L F Roche,0,P J F Murphy,10th,3 1/4 l,3,10-2,-,True,154,2
Dundalk Racing Results | 4th December 2024 16:00,N/A,16:00,Standard,7f,Nezeeh (IRE),J M Sheridan,0,D Hogan,9th,1/2 l,3,9-9p,-,True,154,2
Dundalk Racing Results | 4th December 2024 16:00,N/A,16:00,Standard,7f,Clonmacash,R P Cleary,0,A McGuinness,8th,Neck,3,9-7b,-,True,154,2
Dundalk Racing Results | 4th December 2024 16:00,N/A,16:00,Standard,7f,Rumbled Again (IRE),S Coen,7,G P Cromwell,7th,1 l,4,9-3b,-,True,154,2
Dundalk Racing Results | 4th December 2024 16:00,N/A,16:00,Standard,7f,Shoot To Kill (IRE),D W O'Connor,0,Stephen Thorne,6th,Head,7,10-2p,-,True,154,2
Dundalk Racing Results | 4th December 2024 16:00,N/A,16:00,Standard,7f,Big Baby Bull (IRE),Nicola Burns,7,John Hayes,5th,3/4 l,8,9-3tp,-,True,154,2
Dundalk Racing Results | 4th December 2024 16:00,N/A,16:00,Standard,7f,Sayifyouwill,S P Davis,0,Sean Davis,4th,Head,6,10-2,-,True,154,2
Dundalk Racing Results | 4th December 2024 16:00,N/A,16:00,Standard,7f,Nikki Swango (IRE),N M Crosse,0,A McGuinness,3rd,Neck,3,9-1,-,True,154,2
Dundalk Racing Results | 4th December 2024 16:00,N/A,16:00,Standard,7f,Skontonovski,J A Powell,3,A McGuinness,2nd,3/4 l,7,9-11v,-,True,154,2
Dundalk Racing Results | 4th December 2024 16:00,N/A,16:00,Standard,7f,Comfort Line (IRE),J Kearney,5,A McGuinness,1st,N/A,7,9-11v,-,True,154,2
Dundalk Racing Results | 4th December 2024 16:30,N/A,16:30,Standard,7f,Wasittheway (IRE),J A Powell,0,T G McCourt,9th,6 l,2,9-0,-,True,154,3
Dundalk Racing Results | 4th December 2024 16:30,N/A,16:30,Standard,7f,Tommy McJohn (IRE),G F Carroll,0,G P Cromwell,8th,3/4 l,2,9-12,-,True,154,3
Dundalk Racing Results | 4th December 2024 16:30,N/A,16:30,Standard,7f,Shuyak (IRE),N M Crosse,0,P J F Murphy,7th,2 1/4 l,2,8-11,-,True,154,3
Dundalk Racing Results | 4th December 2024 16:30,N/A,16:30,Standard,7f,Skillman Ave (IRE),R Whearty,3,G P Cromwell,6th,2 1/2 l,2,8-11,-,True,154,3
Dundalk Racing Results | 4th December 2024 16:30,N/A,16:30,Standard,7f,Nyman (IRE),M W Hassett,5,H De Bromhead,5th,1 1/4 l,2,9-12t,-,True,154,3
Dundalk Racing Results | 4th December 2024 16:30,N/A,16:30,Standard,7f,Sci Fi (IRE),D P McDonogh,0,J P O'Brien,4th,4 1/4 l,2,8-13,-,True,154,3
Dundalk Racing Results | 4th December 2024 16:30,N/A,16:30,Standard,7f,Karazhal (IRE),R P Whelan,0,M Halford & T Collins,3rd,1 3/4 l,2,9-4,-,True,154,3
Dundalk Racing Results | 4th December 2024 16:30,N/A,16:30,Standard,7f,Wizard Of Odds (IRE),C D Hayes,0,Stephen Thorne,2nd,2 l,2,9-6,-,True,154,3
Dundalk Racing Results | 4th December 2024 16:30,N/A,16:30,Standard,7f,Donna Nook,J J G Ryan,3,G M Lyons,1st,N/A,2,8-13,-,True,154,3
Dundalk Racing Results | 4th December 2024 16:30,N/A,16:30,Standard,7f,Wasittheway (IRE),J A Powell,0,T G McCourt,9th,6 l,2,9-0,-,True,154,3
Dundalk Racing Results | 4th December 2024 16:30,N/A,16:30,Standard,7f,Tommy McJohn (IRE),G F Carroll,0,G P Cromwell,8th,3/4 l,2,9-12,-,True,154,3
Dundalk Racing Results | 4th December 2024 16:30,N/A,16:30,Standard,7f,Shuyak (IRE),N M Crosse,0,P J F Murphy,7th,2 1/4 l,2,8-11,-,True,154,3
Dundalk Racing Results | 4th December 2024 16:30,N/A,16:30,Standard,7f,Skillman Ave (IRE),R Whearty,3,G P Cromwell,6th,2 1/2 l,2,8-11,-,True,154,3
Dundalk Racing Results | 4th December 2024 16:30,N/A,16:30,Standard,7f,Nyman (IRE),M W Hassett,5,H De Bromhead,5th,1 1/4 l,2,9-12t,-,True,154,3
Dundalk Racing Results | 4th December 2024 16:30,N/A,16:30,Standard,7f,Sci Fi (IRE),D P McDonogh,0,J P O'Brien,4th,4 1/4 l,2,8-13,-,True,154,3
Dundalk Racing Results | 4th December 2024 16:30,N/A,16:30,Standard,7f,Karazhal (IRE),R P Whelan,0,M Halford & T Collins,3rd,1 3/4 l,2,9-4,-,True,154,3
Dundalk Racing Results | 4th December 2024 16:30,N/A,16:30,Standard,7f,Wizard Of Odds (IRE),C D Hayes,0,Stephen Thorne,2nd,2 l,2,9-6,-,True,154,3
Dundalk Racing Results | 4th December 2024 16:30,N/A,16:30,Standard,7f,Donna Nook,J J G Ryan,3,G M Lyons,1st,N/A,2,8-13,-,True,154,3
Dundalk Racing Results | 4th December 2024 17:00,N/A,17:00,Standard,1m,City Pass (IRE),M P Sheehy,0,K P Cotter,14th,13 l,2,8-11,60,True,154,4
Dundalk Racing Results | 4th December 2024 17:00,N/A,17:00,Standard,1m,Felicity Smoak (IRE),R P Cleary,0,P Nolan,13th,Head,2,9-2,65,True,154,4
Dundalk Racing Results | 4th December 2024 17:00,N/A,17:00,Standard,1m,Zuzzudio,R Whearty,3,G P Cromwell,12th,Neck,2,8-11t,60,True,154,4
Dundalk Racing Results | 4th December 2024 17:00,N/A,17:00,Standard,1m,Marys Not Contrary,N M Crosse,0,Mrs J Harrington,11th,Short Head,2,9-10,73,True,154,4
Dundalk Racing Results | 4th December 2024 17:00,N/A,17:00,Standard,1m,In The Minus (IRE),S P Davis,0,Sean Davis,10th,3/4 l,2,8-12,61,True,154,4
Dundalk Racing Results | 4th December 2024 17:00,N/A,17:00,Standard,1m,Temps Leve (IRE),M W Hassett,5,J P O'Brien,9th,1 1/2 l,2,9-1p,64,True,154,4
Dundalk Racing Results | 4th December 2024 17:00,N/A,17:00,Standard,1m,Chica Guerrera (IRE),K G Kennedy,7,M Fahey,8th,1 l,2,9-3,66,True,154,4
Dundalk Racing Results | 4th December 2024 17:00,N/A,17:00,Standard,1m,Source Code (FR),D P McDonogh,0,J P O'Brien,7th,1/2 l,2,9-11b,74,True,154,4
Dundalk Racing Results | 4th December 2024 17:00,N/A,17:00,Standard,1m,Merchants Arch (IRE),L F Roche,0,R O'Sullivan,6th,1/2 l,2,9-0,63,True,154,4
Dundalk Racing Results | 4th December 2024 17:00,N/A,17:00,Standard,1m,Whats New (IRE),J M Sheridan,0,A Slattery,5th,Head,2,8-11,60,True,154,4
Dundalk Racing Results | 4th December 2024 17:00,N/A,17:00,Standard,1m,Adrienne (IRE),R P Whelan,0,T M Walsh,4th,1 1/4 l,2,9-5v,68,True,154,4
Dundalk Racing Results | 4th December 2024 17:00,N/A,17:00,Standard,1m,Vlhova,C D Hayes,0,Kevin Coleman,3rd,2 l,2,9-5,68,True,154,4
Dundalk Racing Results | 4th December 2024 17:00,N/A,17:00,Standard,1m,Bishopton (IRE),R C Colgan,0,N Lupini,2nd,Neck,2,9-9,72,True,154,4
Dundalk Racing Results | 4th December 2024 17:00,N/A,17:00,Standard,1m,Ja'marr,L T McAteer,0,D Marnane,1st,N/A,2,9-12,75,True,154,4
Dundalk Racing Results | 4th December 2024 17:00,N/A,17:00,Standard,1m,City Pass (IRE),M P Sheehy,0,K P Cotter,14th,13 l,2,8-11,60,True,154,4
Dundalk Racing Results | 4th December 2024 17:00,N/A,17:00,Standard,1m,Felicity Smoak (IRE),R P Cleary,0,P Nolan,13th,Head,2,9-2,65,True,154,4
Dundalk Racing Results | 4th December 2024 17:00,N/A,17:00,Standard,1m,Zuzzudio,R Whearty,3,G P Cromwell,12th,Neck,2,8-11t,60,True,154,4
Dundalk Racing Results | 4th December 2024 17:00,N/A,17:00,Standard,1m,Marys Not Contrary,N M Crosse,0,Mrs J Harrington,11th,Short Head,2,9-10,73,True,154,4
Dundalk Racing Results | 4th December 2024 17:00,N/A,17:00,Standard,1m,In The Minus (IRE),S P Davis,0,Sean Davis,10th,3/4 l,2,8-12,61,True,154,4
Dundalk Racing Results | 4th December 2024 17:00,N/A,17:00,Standard,1m,Temps Leve (IRE),M W Hassett,5,J P O'Brien,9th,1 1/2 l,2,9-1p,64,True,154,4
Dundalk Racing Results | 4th December 2024 17:00,N/A,17:00,Standard,1m,Chica Guerrera (IRE),K G Kennedy,7,M Fahey,8th,1 l,2,9-3,66,True,154,4
Dundalk Racing Results | 4th December 2024 17:00,N/A,17:00,Standard,1m,Source Code (FR),D P McDonogh,0,J P O'Brien,7th,1/2 l,2,9-11b,74,True,154,4
Dundalk Racing Results | 4th December 2024 17:00,N/A,17:00,Standard,1m,Merchants Arch (IRE),L F Roche,0,R O'Sullivan,6th,1/2 l,2,9-0,63,True,154,4
Dundalk Racing Results | 4th December 2024 17:00,N/A,17:00,Standard,1m,Whats New (IRE),J M Sheridan,0,A Slattery,5th,Head,2,8-11,60,True,154,4
Dundalk Racing Results | 4th December 2024 17:00,N/A,17:00,Standard,1m,Adrienne (IRE),R P Whelan,0,T M Walsh,4th,1 1/4 l,2,9-5v,68,True,154,4
Dundalk Racing Results | 4th December 2024 17:00,N/A,17:00,Standard,1m,Vlhova,C D Hayes,0,Kevin Coleman,3rd,2 l,2,9-5,68,True,154,4
Dundalk Racing Results | 4th December 2024 17:00,N/A,17:00,Standard,1m,Bishopton (IRE),R C Colgan,0,N Lupini,2nd,Neck,2,9-9,72,True,154,4
Dundalk Racing Results | 4th December 2024 17:00,N/A,17:00,Standard,1m,Ja'marr,L T McAteer,0,D Marnane,1st,N/A,2,9-12,75,True,154,4
Dundalk Racing Results | 4th December 2024 17:30,N/A,17:30,Standard,1m,Solomon Coop (IRE),R C Colgan,0,N Lupini,14th,Head,3,9-9,71,True,154,5
Dundalk Racing Results | 4th December 2024 17:30,N/A,17:30,Standard,1m,Wrecking Ball Paul (IRE),R M Mulligan,7,Paul Mulligan,13th,2 3/4 l,6,9-10t,71,True,154,5
Dundalk Racing Results | 4th December 2024 17:30,N/A,17:30,Standard,1m,New Definition,K G Kennedy,7,R O'Brien,12th,1 l,4,9-11v,72,True,154,5
Dundalk Racing Results | 4th December 2024 17:30,N/A,17:30,Standard,1m,Punk Poet (IRE),C D Hayes,0,E Lynam,11th,1/2 l,7,10-1,76,True,154,5
Dundalk Racing Results | 4th December 2024 17:30,N/A,17:30,Standard,1m,Zabeir (IRE),D P McDonogh,0,D Kinsella,10th,1 1/2 l,5,9-8t,69,True,154,5
Dundalk Racing Results | 4th December 2024 17:30,N/A,17:30,Standard,1m,Ransom,J M Sheridan,0,P Sweeney,9th,Head,7,10-0t,75,True,154,5
Dundalk Racing Results | 4th December 2024 17:30,N/A,17:30,Standard,1m,Prince Of Eyeries (IRE),L T McAteer,0,J M Barrett,8th,Neck,3,9-9b1,71,True,154,5
Dundalk Racing Results | 4th December 2024 17:30,N/A,17:30,Standard,1m,Annaghmccanns (IRE),J J G Ryan,3,S R B Crawford,7th,Short Head,4,9-12t,73,True,154,5
Dundalk Racing Results | 4th December 2024 17:30,N/A,17:30,Standard,1m,Seti (IRE),R Whearty,3,N Meade,6th,1 1/2 l,3,9-9,71,True,154,5
Dundalk Racing Results | 4th December 2024 17:30,N/A,17:30,Standard,1m,Perfect Judgement (IRE),M W Hassett,5,Stephen Thorne,5th,1/2 l,3,9-13v,75,True,154,5
Dundalk Racing Results | 4th December 2024 17:30,N/A,17:30,Standard,1m,Anvika (IRE),J Cleary,7,S Lavery,4th,Head,3,10-1,77,True,154,5
Dundalk Racing Results | 4th December 2024 17:30,N/A,17:30,Standard,1m,Shaaden (IRE),R Donaghue-Leahy,7,P J Flynn,3rd,Neck,4,9-10,71,True,154,5
Dundalk Racing Results | 4th December 2024 17:30,N/A,17:30,Standard,1m,Rock Etoile (IRE),A Browne-Souza,10,A Slattery,2nd,Head,6,9-9,70,True,154,5
Dundalk Racing Results | 4th December 2024 17:30,N/A,17:30,Standard,1m,Nakasero (IRE),R P Whelan,0,M Halford & T Collins,1st,N/A,3,9-12,74,True,154,5
Dundalk Racing Results | 4th December 2024 17:30,N/A,17:30,Standard,1m,Solomon Coop (IRE),R C Colgan,0,N Lupini,14th,Head,3,9-9,71,True,154,5
Dundalk Racing Results | 4th December 2024 17:30,N/A,17:30,Standard,1m,Wrecking Ball Paul (IRE),R M Mulligan,7,Paul Mulligan,13th,2 3/4 l,6,9-10t,71,True,154,5
Dundalk Racing Results | 4th December 2024 17:30,N/A,17:30,Standard,1m,New Definition,K G Kennedy,7,R O'Brien,12th,1 l,4,9-11v,72,True,154,5
Dundalk Racing Results | 4th December 2024 17:30,N/A,17:30,Standard,1m,Punk Poet (IRE),C D Hayes,0,E Lynam,11th,1/2 l,7,10-1,76,True,154,5
Dundalk Racing Results | 4th December 2024 17:30,N/A,17:30,Standard,1m,Zabeir (IRE),D P McDonogh,0,D Kinsella,10th,1 1/2 l,5,9-8t,69,True,154,5
Dundalk Racing Results | 4th December 2024 17:30,N/A,17:30,Standard,1m,Ransom,J M Sheridan,0,P Sweeney,9th,Head,7,10-0t,75,True,154,5
Dundalk Racing Results | 4th December 2024 17:30,N/A,17:30,Standard,1m,Prince Of Eyeries (IRE),L T McAteer,0,J M Barrett,8th,Neck,3,9-9b1,71,True,154,5
Dundalk Racing Results | 4th December 2024 17:30,N/A,17:30,Standard,1m,Annaghmccanns (IRE),J J G Ryan,3,S R B Crawford,7th,Short Head,4,9-12t,73,True,154,5
Dundalk Racing Results | 4th December 2024 17:30,N/A,17:30,Standard,1m,Seti (IRE),R Whearty,3,N Meade,6th,1 1/2 l,3,9-9,71,True,154,5
Dundalk Racing Results | 4th December 2024 17:30,N/A,17:30,Standard,1m,Perfect Judgement (IRE),M W Hassett,5,Stephen Thorne,5th,1/2 l,3,9-13v,75,True,154,5
Dundalk Racing Results | 4th December 2024 17:30,N/A,17:30,Standard,1m,Anvika (IRE),J Cleary,7,S Lavery,4th,Head,3,10-1,77,True,154,5
Dundalk Racing Results | 4th December 2024 17:30,N/A,17:30,Standard,1m,Shaaden (IRE),R Donaghue-Leahy,7,P J Flynn,3rd,Neck,4,9-10,71,True,154,5
Dundalk Racing Results | 4th December 2024 17:30,N/A,17:30,Standard,1m,Rock Etoile (IRE),A Browne-Souza,10,A Slattery,2nd,Head,6,9-9,70,True,154,5
Dundalk Racing Results | 4th December 2024 17:30,N/A,17:30,Standard,1m,Nakasero (IRE),R P Whelan,0,M Halford & T Collins,1st,N/A,3,9-12,74,True,154,5
Dundalk Racing Results | 4th December 2024 18:00,N/A,18:00,Standard,6f,Eriskay (IRE),C D Hayes,0,D K Weld,14th,1 l,5,8-13tp,47,True,154,6
Dundalk Racing Results | 4th December 2024 18:00,N/A,18:00,Standard,6f,Princess Plumeria (IRE),R P Cleary,0,T Cleary,13th,2 1/4 l,6,8-13t,47,True,154,6
Dundalk Racing Results | 4th December 2024 18:00,N/A,18:00,Standard,6f,Hezahunk (IRE),K G Kennedy,7,A McGuinness,12th,1/2 l,5,8-13v,47,True,154,6
Dundalk Racing Results | 4th December 2024 18:00,N/A,18:00,Standard,6f,Bruce Lightning (IRE),J Kearney,5,P Martin,11th,Neck,3,10-2tv,64,True,154,6
Dundalk Racing Results | 4th December 2024 18:00,N/A,18:00,Standard,6f,Conversant (IRE),J M Sheridan,0,Ciaran Murphy,10th,1 1/4 l,9,8-13tv,47,True,154,6
Dundalk Racing Results | 4th December 2024 18:00,N/A,18:00,Standard,6f,Maestro Stick,N G McCullagh,0,K H Clarke,9th,1/2 l,7,8-13t,47,True,154,6
Dundalk Racing Results | 4th December 2024 18:00,N/A,18:00,Standard,6f,Crystal Luna (IRE),J J G Ryan,3,Daniel Murphy,8th,3/4 l,3,10-1p,63,True,154,6
Dundalk Racing Results | 4th December 2024 18:00,N/A,18:00,Standard,6f,Velvet Skies (IRE),G F Carroll,0,M Mulvany,7th,1 l,3,10-2b,64,True,154,6
Dundalk Racing Results | 4th December 2024 18:00,N/A,18:00,Standard,6f,American In Paris (IRE),R Whearty,3,P W Flynn,6th,1/2 l,4,8-13t,47,True,154,6
Dundalk Racing Results | 4th December 2024 18:00,N/A,18:00,Standard,6f,Fly To Glory (IRE),N M Crosse,0,P J F Murphy,5th,Short Head,5,9-7,55,True,154,6
Dundalk Racing Results | 4th December 2024 18:00,N/A,18:00,Standard,6f,Rattletheonionbag (IRE),R P Whelan,0,W P Browne,4th,1/2 l,4,9-1b,49,True,154,6
Dundalk Racing Results | 4th December 2024 18:00,N/A,18:00,Standard,6f,The Cola Brasil,M W Hassett,5,M J Browne,3rd,1/2 l,8,9-11p,59,True,154,6
Dundalk Racing Results | 4th December 2024 18:00,N/A,18:00,Standard,6f,Wild Mountain (IRE),D P McDonogh,0,P J McKenna,2nd,Neck,5,9-1p,49,True,154,6
Dundalk Racing Results | 4th December 2024 18:00,N/A,18:00,Standard,6f,Hasiyna (IRE),J A Powell,3,J C McConnell,1st,N/A,4,8-13,47,True,154,6
Dundalk Racing Results | 4th December 2024 18:00,N/A,18:00,Standard,6f,Eriskay (IRE),C D Hayes,0,D K Weld,14th,1 l,5,8-13tp,47,True,154,6
Dundalk Racing Results | 4th December 2024 18:00,N/A,18:00,Standard,6f,Princess Plumeria (IRE),R P Cleary,0,T Cleary,13th,2 1/4 l,6,8-13t,47,True,154,6
Dundalk Racing Results | 4th December 2024 18:00,N/A,18:00,Standard,6f,Hezahunk (IRE),K G Kennedy,7,A McGuinness,12th,1/2 l,5,8-13v,47,True,154,6
Dundalk Racing Results | 4th December 2024 18:00,N/A,18:00,Standard,6f,Bruce Lightning (IRE),J Kearney,5,P Martin,11th,Neck,3,10-2tv,64,True,154,6
Dundalk Racing Results | 4th December 2024 18:00,N/A,18:00,Standard,6f,Conversant (IRE),J M Sheridan,0,Ciaran Murphy,10th,1 1/4 l,9,8-13tv,47,True,154,6
Dundalk Racing Results | 4th December 2024 18:00,N/A,18:00,Standard,6f,Maestro Stick,N G McCullagh,0,K H Clarke,9th,1/2 l,7,8-13t,47,True,154,6
Dundalk Racing Results | 4th December 2024 18:00,N/A,18:00,Standard,6f,Crystal Luna (IRE),J J G Ryan,3,Daniel Murphy,8th,3/4 l,3,10-1p,63,True,154,6
Dundalk Racing Results | 4th December 2024 18:00,N/A,18:00,Standard,6f,Velvet Skies (IRE),G F Carroll,0,M Mulvany,7th,1 l,3,10-2b,64,True,154,6
Dundalk Racing Results | 4th December 2024 18:00,N/A,18:00,Standard,6f,American In Paris (IRE),R Whearty,3,P W Flynn,6th,1/2 l,4,8-13t,47,True,154,6
Dundalk Racing Results | 4th December 2024 18:00,N/A,18:00,Standard,6f,Fly To Glory (IRE),N M Crosse,0,P J F Murphy,5th,Short Head,5,9-7,55,True,154,6
Dundalk Racing Results | 4th December 2024 18:00,N/A,18:00,Standard,6f,Rattletheonionbag (IRE),R P Whelan,0,W P Browne,4th,1/2 l,4,9-1b,49,True,154,6
Dundalk Racing Results | 4th December 2024 18:00,N/A,18:00,Standard,6f,The Cola Brasil,M W Hassett,5,M J Browne,3rd,1/2 l,8,9-11p,59,True,154,6
Dundalk Racing Results | 4th December 2024 18:00,N/A,18:00,Standard,6f,Wild Mountain (IRE),D P McDonogh,0,P J McKenna,2nd,Neck,5,9-1p,49,True,154,6
Dundalk Racing Results | 4th December 2024 18:00,N/A,18:00,Standard,6f,Hasiyna (IRE),J A Powell,3,J C McConnell,1st,N/A,4,8-13,47,True,154,6
Dundalk Racing Results | 4th December 2024 18:30,N/A,18:30,Standard,1m 2f 150y,Chavajod,W Joyce,5,D P Coakley,9th,3 1/4 l,6,9-6v,72,True,154,7
Dundalk Racing Results | 4th December 2024 18:30,N/A,18:30,Standard,1m 2f 150y,Serengeti Sunrise (IRE),M W Hassett,5,R K Watson,8th,2 3/4 l,3,8-7,61,True,154,7
Dundalk Racing Results | 4th December 2024 18:30,N/A,18:30,Standard,1m 2f 150y,Lady Arwen,L F Roche,0,C O'Dwyer,7th,1 l,5,9-4,70,True,154,7
Dundalk Racing Results | 4th December 2024 18:30,N/A,18:30,Standard,1m 2f 150y,Encosta (IRE),C D Hayes,0,N Meade,6th,1 1/2 l,4,9-6p1,72,True,154,7
Dundalk Racing Results | 4th December 2024 18:30,N/A,18:30,Standard,1m 2f 150y,Not Just Any Eagle (IRE),R Donaghue-Leahy,7,P J Flynn,5th,1/2 l,5,10-1,81,True,154,7
Dundalk Racing Results | 4th December 2024 18:30,N/A,18:30,Standard,1m 2f 150y,Proleek Prince (IRE),R M Mulligan,7,M Rice,4th,Neck,4,10-0,80,True,154,7
Dundalk Racing Results | 4th December 2024 18:30,N/A,18:30,Standard,1m 2f 150y,The World's Astage (IRE),R P Whelan,0,D Dias,3rd,3 1/2 l,4,9-4tp,70,True,154,7
Dundalk Racing Results | 4th December 2024 18:30,N/A,18:30,Standard,1m 2f 150y,Come On The Lads (IRE),R Whearty,3,G P Cromwell,2nd,3 1/2 l,4,9-13,79,True,154,7
Dundalk Racing Results | 4th December 2024 18:30,N/A,18:30,Standard,1m 2f 150y,En Or (FR),J J G Ryan,3,A J Martin,1st,N/A,6,10-2t,82,True,154,7
Dundalk Racing Results | 4th December 2024 18:30,N/A,18:30,Standard,1m 2f 150y,Chavajod,W Joyce,5,D P Coakley,9th,3 1/4 l,6,9-6v,72,True,154,7
Dundalk Racing Results | 4th December 2024 18:30,N/A,18:30,Standard,1m 2f 150y,Serengeti Sunrise (IRE),M W Hassett,5,R K Watson,8th,2 3/4 l,3,8-7,61,True,154,7
Dundalk Racing Results | 4th December 2024 18:30,N/A,18:30,Standard,1m 2f 150y,Lady Arwen,L F Roche,0,C O'Dwyer,7th,1 l,5,9-4,70,True,154,7
Dundalk Racing Results | 4th December 2024 18:30,N/A,18:30,Standard,1m 2f 150y,Encosta (IRE),C D Hayes,0,N Meade,6th,1 1/2 l,4,9-6p1,72,True,154,7
Dundalk Racing Results | 4th December 2024 18:30,N/A,18:30,Standard,1m 2f 150y,Not Just Any Eagle (IRE),R Donaghue-Leahy,7,P J Flynn,5th,1/2 l,5,10-1,81,True,154,7
Dundalk Racing Results | 4th December 2024 18:30,N/A,18:30,Standard,1m 2f 150y,Proleek Prince (IRE),R M Mulligan,7,M Rice,4th,Neck,4,10-0,80,True,154,7
Dundalk Racing Results | 4th December 2024 18:30,N/A,18:30,Standard,1m 2f 150y,The World's Astage (IRE),R P Whelan,0,D Dias,3rd,3 1/2 l,4,9-4tp,70,True,154,7
Dundalk Racing Results | 4th December 2024 18:30,N/A,18:30,Standard,1m 2f 150y,Come On The Lads (IRE),R Whearty,3,G P Cromwell,2nd,3 1/2 l,4,9-13,79,True,154,7
Dundalk Racing Results | 4th December 2024 18:30,N/A,18:30,Standard,1m 2f 150y,En Or (FR),J J G Ryan,3,A J Martin,1st,N/A,6,10-2t,82,True,154,7
Dundalk Racing Results | 6th December 2024 17:00,N/A,17:00,Standard,5f,The Poacher Daly (IRE),R P Whelan,0,J Davison,NR,N/A,3,9-12p1,78,True,154,8
Dundalk Racing Results | 6th December 2024 17:00,N/A,17:00,Standard,5f,Samrogue (IRE),L F Roche,0,R O'Sullivan,10th,1 1/4 l,6,10-6,86,True,154,8
Dundalk Racing Results | 6th December 2024 17:00,N/A,17:00,Standard,5f,Revenite,N M Crosse,0,P F McEnery,9th,Head,4,9-1,67,True,154,8
Dundalk Racing Results | 6th December 2024 17:00,N/A,17:00,Standard,5f,Hero Of The Hour,R Whearty,3,T G McCourt,8th,1 3/4 l,7,9-5v,71,True,154,8
Dundalk Racing Results | 6th December 2024 17:00,N/A,17:00,Standard,5f,Make Clear,S Foley,0,P McCreery,7th,Neck,4,9-6b1,72,True,154,8
Dundalk Racing Results | 6th December 2024 17:00,N/A,17:00,Standard,5f,Dream Today (IRE),M W Hassett,5,Stephen Thorne,6th,Head,9,10-0tp,80,True,154,8
Dundalk Racing Results | 6th December 2024 17:00,N/A,17:00,Standard,5f,Court Phoenix (IRE),W Joyce,5,J G Coogan,5th,3/4 l,3,10-1h,81,True,154,8
Dundalk Racing Results | 6th December 2024 17:00,N/A,17:00,Standard,5f,Inishmot Prince (IRE),J J G Ryan,3,T G McCourt,4th,1/2 l,6,10-3v,83,True,154,8
Dundalk Racing Results | 6th December 2024 17:00,N/A,17:00,Standard,5f,Mint Man,C D Hayes,0,P J F Murphy,3rd,Neck,3,9-6t,72,True,154,8
Dundalk Racing Results | 6th December 2024 17:00,N/A,17:00,Standard,5f,Sporting Hero,Nicola Burns,7,D Hogan,2nd,Head,4,9-9b,75,True,154,8
Dundalk Racing Results | 6th December 2024 17:00,N/A,17:00,Standard,5f,Never Shout Never (IRE),J A Powell,3,Stephen Thorne,1st,N/A,4,9-7t,73,True,154,8
Dundalk Racing Results | 6th December 2024 17:00,N/A,17:00,Standard,5f,The Poacher Daly (IRE),R P Whelan,0,J Davison,NR,N/A,3,9-12p1,78,True,154,8
Dundalk Racing Results | 6th December 2024 17:00,N/A,17:00,Standard,5f,Samrogue (IRE),L F Roche,0,R O'Sullivan,10th,1 1/4 l,6,10-6,86,True,154,8
Dundalk Racing Results | 6th December 2024 17:00,N/A,17:00,Standard,5f,Revenite,N M Crosse,0,P F McEnery,9th,Head,4,9-1,67,True,154,8
Dundalk Racing Results | 6th December 2024 17:00,N/A,17:00,Standard,5f,Hero Of The Hour,R Whearty,3,T G McCourt,8th,1 3/4 l,7,9-5v,71,True,154,8
Dundalk Racing Results | 6th December 2024 17:00,N/A,17:00,Standard,5f,Make Clear,S Foley,0,P McCreery,7th,Neck,4,9-6b1,72,True,154,8
Dundalk Racing Results | 6th December 2024 17:00,N/A,17:00,Standard,5f,Dream Today (IRE),M W Hassett,5,Stephen Thorne,6th,Head,9,10-0tp,80,True,154,8
Dundalk Racing Results | 6th December 2024 17:00,N/A,17:00,Standard,5f,Court Phoenix (IRE),W Joyce,5,J G Coogan,5th,3/4 l,3,10-1h,81,True,154,8
Dundalk Racing Results | 6th December 2024 17:00,N/A,17:00,Standard,5f,Inishmot Prince (IRE),J J G Ryan,3,T G McCourt,4th,1/2 l,6,10-3v,83,True,154,8
Dundalk Racing Results | 6th December 2024 17:00,N/A,17:00,Standard,5f,Mint Man,C D Hayes,0,P J F Murphy,3rd,Neck,3,9-6t,72,True,154,8
Dundalk Racing Results | 6th December 2024 17:00,N/A,17:00,Standard,5f,Sporting Hero,Nicola Burns,7,D Hogan,2nd,Head,4,9-9b,75,True,154,8
Dundalk Racing Results | 6th December 2024 17:00,N/A,17:00,Standard,5f,Never Shout Never (IRE),J A Powell,3,Stephen Thorne,1st,N/A,4,9-7t,73,True,154,8
Dundalk Racing Results | 6th December 2024 17:30,N/A,17:30,Standard,1m,Beaune (IRE),N M Crosse,0,E O'Connell,11th,16 l,2,9-7h1,-,True,154,9
Dundalk Racing Results | 6th December 2024 17:30,N/A,17:30,Standard,1m,Ribee (IRE),W Joyce,5,M Mulvany,10th,3/4 l,2,9-7,-,True,154,9
Dundalk Racing Results | 6th December 2024 17:30,N/A,17:30,Standard,1m,Chriselli (IRE),L F Roche,0,D Cullen,9th,1 1/2 l,2,9-2,-,True,154,9
Dundalk Racing Results | 6th December 2024 17:30,N/A,17:30,Standard,1m,Haqawi (IRE),D J Murphy,10,M Halford & T Collins,8th,1 1/4 l,2,9-2,-,True,154,9
Dundalk Racing Results | 6th December 2024 17:30,N/A,17:30,Standard,1m,Final Secret,D E Sheehy,0,D Dias,7th,1 3/4 l,2,9-2,-,True,154,9
Dundalk Racing Results | 6th December 2024 17:30,N/A,17:30,Standard,1m,Glinka (IRE),C D Hayes,0,J P O'Brien,6th,1 3/4 l,2,9-7,-,True,154,9
Dundalk Racing Results | 6th December 2024 17:30,N/A,17:30,Standard,1m,Palmezzano (IRE),M W Hassett,5,J P O'Brien,5th,Short Head,2,9-7,-,True,154,9
Dundalk Racing Results | 6th December 2024 17:30,N/A,17:30,Standard,1m,Mariner Boy,D P McDonogh,0,J P O'Brien,4th,3 l,2,9-7,-,True,154,9
Dundalk Racing Results | 6th December 2024 17:30,N/A,17:30,Standard,1m,Artic Power (IRE),R P Whelan,0,M Halford & T Collins,3rd,1 1/2 l,2,9-7,-,True,154,9
Dundalk Racing Results | 6th December 2024 17:30,N/A,17:30,Standard,1m,Inns Of Fear (IRE),S Foley,0,M Fahey,2nd,1 l,2,9-7,-,True,154,9
Dundalk Racing Results | 6th December 2024 17:30,N/A,17:30,Standard,1m,Ardagh Red (IRE),Nicola Burns,7,A Murray,1st,N/A,2,9-7,-,True,154,9
Dundalk Racing Results | 6th December 2024 17:30,N/A,17:30,Standard,1m,Beaune (IRE),N M Crosse,0,E O'Connell,11th,16 l,2,9-7h1,-,True,154,9
Dundalk Racing Results | 6th December 2024 17:30,N/A,17:30,Standard,1m,Ribee (IRE),W Joyce,5,M Mulvany,10th,3/4 l,2,9-7,-,True,154,9
Dundalk Racing Results | 6th December 2024 17:30,N/A,17:30,Standard,1m,Chriselli (IRE),L F Roche,0,D Cullen,9th,1 1/2 l,2,9-2,-,True,154,9
Dundalk Racing Results | 6th December 2024 17:30,N/A,17:30,Standard,1m,Haqawi (IRE),D J Murphy,10,M Halford & T Collins,8th,1 1/4 l,2,9-2,-,True,154,9
Dundalk Racing Results | 6th December 2024 17:30,N/A,17:30,Standard,1m,Final Secret,D E Sheehy,0,D Dias,7th,1 3/4 l,2,9-2,-,True,154,9
Dundalk Racing Results | 6th December 2024 17:30,N/A,17:30,Standard,1m,Glinka (IRE),C D Hayes,0,J P O'Brien,6th,1 3/4 l,2,9-7,-,True,154,9
Dundalk Racing Results | 6th December 2024 17:30,N/A,17:30,Standard,1m,Palmezzano (IRE),M W Hassett,5,J P O'Brien,5th,Short Head,2,9-7,-,True,154,9
Dundalk Racing Results | 6th December 2024 17:30,N/A,17:30,Standard,1m,Mariner Boy,D P McDonogh,0,J P O'Brien,4th,3 l,2,9-7,-,True,154,9
Dundalk Racing Results | 6th December 2024 17:30,N/A,17:30,Standard,1m,Artic Power (IRE),R P Whelan,0,M Halford & T Collins,3rd,1 1/2 l,2,9-7,-,True,154,9
Dundalk Racing Results | 6th December 2024 17:30,N/A,17:30,Standard,1m,Inns Of Fear (IRE),S Foley,0,M Fahey,2nd,1 l,2,9-7,-,True,154,9
Dundalk Racing Results | 6th December 2024 17:30,N/A,17:30,Standard,1m,Ardagh Red (IRE),Nicola Burns,7,A Murray,1st,N/A,2,9-7,-,True,154,9
Dundalk Racing Results | 6th December 2024 18:00,N/A,18:00,Standard,1m,Blues Emperor (IRE),P McGettigan,7,J P Murtagh,7th,2 3/4 l,5,10-0p,96,True,154,10
Dundalk Racing Results | 6th December 2024 18:00,N/A,18:00,Standard,1m,Benavente,R C Colgan,0,Kevin Coleman,6th,3 1/2 l,6,9-3,85,True,154,10
Dundalk Racing Results | 6th December 2024 18:00,N/A,18:00,Standard,1m,Walhaan (IRE),D P McDonogh,0,Ciaran Murphy,5th,3/4 l,8,9-11tp,93,True,154,10
Dundalk Racing Results | 6th December 2024 18:00,N/A,18:00,Standard,1m,Hightimeyouwon,J J G Ryan,3,Stephen Thorne,4th,Neck,8,9-7b,89,True,154,10
Dundalk Racing Results | 6th December 2024 18:00,N/A,18:00,Standard,1m,No More Porter (IRE),R P Whelan,0,A McGuinness,3rd,1/2 l,6,9-3tp,85,True,154,10
Dundalk Racing Results | 6th December 2024 18:00,N/A,18:00,Standard,1m,Exquisite Acclaim (IRE),J A Powell,3,A McGuinness,2nd,2 l,5,9-5p,87,True,154,10
Dundalk Racing Results | 6th December 2024 18:00,N/A,18:00,Standard,1m,Catch The Paddy (IRE),R M Mulligan,7,P J McKenna,1st,N/A,4,9-2,84,True,154,10
Dundalk Racing Results | 6th December 2024 18:00,N/A,18:00,Standard,1m,Blues Emperor (IRE),P McGettigan,7,J P Murtagh,7th,2 3/4 l,5,10-0p,96,True,154,10
Dundalk Racing Results | 6th December 2024 18:00,N/A,18:00,Standard,1m,Benavente,R C Colgan,0,Kevin Coleman,6th,3 1/2 l,6,9-3,85,True,154,10
Dundalk Racing Results | 6th December 2024 18:00,N/A,18:00,Standard,1m,Walhaan (IRE),D P McDonogh,0,Ciaran Murphy,5th,3/4 l,8,9-11tp,93,True,154,10
Dundalk Racing Results | 6th December 2024 18:00,N/A,18:00,Standard,1m,Hightimeyouwon,J J G Ryan,3,Stephen Thorne,4th,Neck,8,9-7b,89,True,154,10
Dundalk Racing Results | 6th December 2024 18:00,N/A,18:00,Standard,1m,No More Porter (IRE),R P Whelan,0,A McGuinness,3rd,1/2 l,6,9-3tp,85,True,154,10
Dundalk Racing Results | 6th December 2024 18:00,N/A,18:00,Standard,1m,Exquisite Acclaim (IRE),J A Powell,3,A McGuinness,2nd,2 l,5,9-5p,87,True,154,10
Dundalk Racing Results | 6th December 2024 18:00,N/A,18:00,Standard,1m,Catch The Paddy (IRE),R M Mulligan,7,P J McKenna,1st,N/A,4,9-2,84,True,154,10
Dundalk Racing Results | 6th December 2024 18:30,N/A,18:30,Standard,1m,Streetscape,R P Whelan,0,E McCarthy,14th,8 1/2 l,5,9-5,54,True,154,11
Dundalk Racing Results | 6th December 2024 18:30,N/A,18:30,Standard,1m,Pillar Of Hope,R C Colgan,0,P Sweeney,13th,1/2 l,6,9-13,62,True,154,11
Dundalk Racing Results | 6th December 2024 18:30,N/A,18:30,Standard,1m,Endless Pursuit (IRE),S Foley,0,Mrs J Harrington,12th,1 l,4,9-10,59,True,154,11
Dundalk Racing Results | 6th December 2024 18:30,N/A,18:30,Standard,1m,Suityourselfboss (IRE),M W Hassett,5,M J Browne,11th,Neck,5,9-8p,57,True,154,11
Dundalk Racing Results | 6th December 2024 18:30,N/A,18:30,Standard,1m,Zahee (IRE),D W O'Connor,0,J C McConnell,10th,Short Head,9,9-13ht,62,True,154,11
Dundalk Racing Results | 6th December 2024 18:30,N/A,18:30,Standard,1m,Purring Along (IRE),R Donaghue-Leahy,7,Aidan Melia,9th,3/4 l,5,9-8,57,True,154,11
Dundalk Racing Results | 6th December 2024 18:30,N/A,18:30,Standard,1m,El Padre (USA),Nicola Burns,7,R P Burns,8th,Neck,8,9-8,57,True,154,11
Dundalk Racing Results | 6th December 2024 18:30,N/A,18:30,Standard,1m,Sobriety Blue (IRE),J S Dalton,10,A Slattery,7th,Neck,3,9-12,62,True,154,11
Dundalk Racing Results | 6th December 2024 18:30,N/A,18:30,Standard,1m,Eastern Wind,J J G Ryan,3,T G McCourt,6th,1 1/2 l,5,10-1p,64,True,154,11
Dundalk Racing Results | 6th December 2024 18:30,N/A,18:30,Standard,1m,Tassarolo,J M Sheridan,0,D Hogan,5th,Head,3,10-0t1,64,True,154,11
Dundalk Racing Results | 6th December 2024 18:30,N/A,18:30,Standard,1m,Adare Beauty (IRE),J Cleary,7,Thomas Dowling,4th,3 l,4,9-0tb1,49,True,154,11
Dundalk Racing Results | 6th December 2024 18:30,N/A,18:30,Standard,1m,Master Garvey (IRE),L T McAteer,0,Joseph Murray,3rd,Head,4,9-2,51,True,154,11
Dundalk Racing Results | 6th December 2024 18:30,N/A,18:30,Standard,1m,Esticky End (IRE),W Joyce,0,Tom McGuinness,2nd,6 l,6,8-12,47,True,154,11
Dundalk Racing Results | 6th December 2024 18:30,N/A,18:30,Standard,1m,Morning Approach (IRE),J Kearney,5,W McCreery,1st,N/A,6,9-12,61,True,154,11
Dundalk Racing Results | 6th December 2024 18:30,N/A,18:30,Standard,1m,Streetscape,R P Whelan,0,E McCarthy,14th,8 1/2 l,5,9-5,54,True,154,11
Dundalk Racing Results | 6th December 2024 18:30,N/A,18:30,Standard,1m,Pillar Of Hope,R C Colgan,0,P Sweeney,13th,1/2 l,6,9-13,62,True,154,11
Dundalk Racing Results | 6th December 2024 18:30,N/A,18:30,Standard,1m,Endless Pursuit (IRE),S Foley,0,Mrs J Harrington,12th,1 l,4,9-10,59,True,154,11
Dundalk Racing Results | 6th December 2024 18:30,N/A,18:30,Standard,1m,Suityourselfboss (IRE),M W Hassett,5,M J Browne,11th,Neck,5,9-8p,57,True,154,11
Dundalk Racing Results | 6th December 2024 18:30,N/A,18:30,Standard,1m,Zahee (IRE),D W O'Connor,0,J C McConnell,10th,Short Head,9,9-13ht,62,True,154,11
Dundalk Racing Results | 6th December 2024 18:30,N/A,18:30,Standard,1m,Purring Along (IRE),R Donaghue-Leahy,7,Aidan Melia,9th,3/4 l,5,9-8,57,True,154,11
Dundalk Racing Results | 6th December 2024 18:30,N/A,18:30,Standard,1m,El Padre (USA),Nicola Burns,7,R P Burns,8th,Neck,8,9-8,57,True,154,11
Dundalk Racing Results | 6th December 2024 18:30,N/A,18:30,Standard,1m,Sobriety Blue (IRE),J S Dalton,10,A Slattery,7th,Neck,3,9-12,62,True,154,11
Dundalk Racing Results | 6th December 2024 18:30,N/A,18:30,Standard,1m,Eastern Wind,J J G Ryan,3,T G McCourt,6th,1 1/2 l,5,10-1p,64,True,154,11
Dundalk Racing Results | 6th December 2024 18:30,N/A,18:30,Standard,1m,Tassarolo,J M Sheridan,0,D Hogan,5th,Head,3,10-0t1,64,True,154,11
Dundalk Racing Results | 6th December 2024 18:30,N/A,18:30,Standard,1m,Adare Beauty (IRE),J Cleary,7,Thomas Dowling,4th,3 l,4,9-0tb1,49,True,154,11
Dundalk Racing Results | 6th December 2024 18:30,N/A,18:30,Standard,1m,Master Garvey (IRE),L T McAteer,0,Joseph Murray,3rd,Head,4,9-2,51,True,154,11
Dundalk Racing Results | 6th December 2024 18:30,N/A,18:30,Standard,1m,Esticky End (IRE),W Joyce,0,Tom McGuinness,2nd,6 l,6,8-12,47,True,154,11
Dundalk Racing Results | 6th December 2024 18:30,N/A,18:30,Standard,1m,Morning Approach (IRE),J Kearney,5,W McCreery,1st,N/A,6,9-12,61,True,154,11
Dundalk Racing Results | 6th December 2024 19:00,N/A,19:00,Standard,1m,Atbay (IRE),R M Mulligan,0,G A Kingston,14th,4 3/4 l,5,8-12,44,True,154,12
Dundalk Racing Results | 6th December 2024 19:00,N/A,19:00,Standard,1m,Chou Chou (IRE),C D Hayes,0,E O'Connell,13th,2 l,3,9-1,51,True,154,12
Dundalk Racing Results | 6th December 2024 19:00,N/A,19:00,Standard,1m,Butterfly Bush (IRE),D E Sheehy,0,S McConville,12th,3 1/2 l,3,8-13,49,True,154,12
Dundalk Racing Results | 6th December 2024 19:00,N/A,19:00,Standard,1m,Accwest (IRE),D P McDonogh,0,A McGuinness,11th,1 1/4 l,4,9-0,49,True,154,12
Dundalk Racing Results | 6th December 2024 19:00,N/A,19:00,Standard,1m,Agia (IRE),R Whearty,0,P W Flynn,10th,2 1/2 l,4,10-2,65,True,154,12
Dundalk Racing Results | 6th December 2024 19:00,N/A,19:00,Standard,1m,Hope And Innocence (IRE),M W Hassett,0,T G McCourt,9th,Short Head,4,8-12,47,True,154,12
Dundalk Racing Results | 6th December 2024 19:00,N/A,19:00,Standard,1m,Cu Chulainn,R P Whelan,0,Laura Hourigan,8th,3/4 l,6,9-2,51,True,154,12
Dundalk Racing Results | 6th December 2024 19:00,N/A,19:00,Standard,1m,Hieloray (IRE),R P Cleary,0,Aidan Melia,7th,Head,3,9-11,61,True,154,12
Dundalk Racing Results | 6th December 2024 19:00,N/A,19:00,Standard,1m,Roderick,J M Sheridan,0,P Sweeney,6th,1/2 l,8,9-1,50,True,154,12
Dundalk Racing Results | 6th December 2024 19:00,N/A,19:00,Standard,1m,Saxon Kingdom (IRE),W Joyce,0,Thomas Dowling,5th,1/2 l,3,8-11,45,True,154,12
Dundalk Racing Results | 6th December 2024 19:00,N/A,19:00,Standard,1m,Pink Oxalis (IRE),J J G Ryan,0,Stephen Thorne,4th,1/2 l,3,9-11,61,True,154,12
Dundalk Racing Results | 6th December 2024 19:00,N/A,19:00,Standard,1m,Deed Pole,G F Carroll,0,Cian Hughes,3rd,1 1/4 l,4,9-4,53,True,154,12
Dundalk Racing Results | 6th December 2024 19:00,N/A,19:00,Standard,1m,Royal Tribute (IRE),J A Powell,0,J C McConnell,2nd,2 3/4 l,6,8-12,47,True,154,12
Dundalk Racing Results | 6th December 2024 19:00,N/A,19:00,Standard,1m,Nedita (IRE),L T McAteer,0,D Marnane,1st,N/A,3,9-9,59,True,154,12
Dundalk Racing Results | 6th December 2024 19:00,N/A,19:00,Standard,1m,Atbay (IRE),R M Mulligan,0,G A Kingston,14th,4 3/4 l,5,8-12,44,True,154,12
Dundalk Racing Results | 6th December 2024 19:00,N/A,19:00,Standard,1m,Chou Chou (IRE),C D Hayes,0,E O'Connell,13th,2 l,3,9-1,51,True,154,12
Dundalk Racing Results | 6th December 2024 19:00,N/A,19:00,Standard,1m,Butterfly Bush (IRE),D E Sheehy,0,S McConville,12th,3 1/2 l,3,8-13,49,True,154,12
Dundalk Racing Results | 6th December 2024 19:00,N/A,19:00,Standard,1m,Accwest (IRE),D P McDonogh,0,A McGuinness,11th,1 1/4 l,4,9-0,49,True,154,12
Dundalk Racing Results | 6th December 2024 19:00,N/A,19:00,Standard,1m,Agia (IRE),R Whearty,0,P W Flynn,10th,2 1/2 l,4,10-2,65,True,154,12
Dundalk Racing Results | 6th December 2024 19:00,N/A,19:00,Standard,1m,Hope And Innocence (IRE),M W Hassett,0,T G McCourt,9th,Short Head,4,8-12,47,True,154,12
Dundalk Racing Results | 6th December 2024 19:00,N/A,19:00,Standard,1m,Cu Chulainn,R P Whelan,0,Laura Hourigan,8th,3/4 l,6,9-2,51,True,154,12
Dundalk Racing Results | 6th December 2024 19:00,N/A,19:00,Standard,1m,Hieloray (IRE),R P Cleary,0,Aidan Melia,7th,Head,3,9-11,61,True,154,12
Dundalk Racing Results | 6th December 2024 19:00,N/A,19:00,Standard,1m,Roderick,J M Sheridan,0,P Sweeney,6th,1/2 l,8,9-1,50,True,154,12
Dundalk Racing Results | 6th December 2024 19:00,N/A,19:00,Standard,1m,Saxon Kingdom (IRE),W Joyce,0,Thomas Dowling,5th,1/2 l,3,8-11,45,True,154,12
Dundalk Racing Results | 6th December 2024 19:00,N/A,19:00,Standard,1m,Pink Oxalis (IRE),J J G Ryan,0,Stephen Thorne,4th,1/2 l,3,9-11,61,True,154,12
Dundalk Racing Results | 6th December 2024 19:00,N/A,19:00,Standard,1m,Deed Pole,G F Carroll,0,Cian Hughes,3rd,1 1/4 l,4,9-4,53,True,154,12
Dundalk Racing Results | 6th December 2024 19:00,N/A,19:00,Standard,1m,Royal Tribute (IRE),J A Powell,0,J C McConnell,2nd,2 3/4 l,6,8-12,47,True,154,12
Dundalk Racing Results | 6th December 2024 19:00,N/A,19:00,Standard,1m,Nedita (IRE),L T McAteer,0,D Marnane,1st,N/A,3,9-9,59,True,154,12
Dundalk Racing Results | 6th December 2024 19:30,N/A,19:30,Standard,1m 2f 150y,Aird,S Foley,0,H De Bromhead,NR,N/A,4,9-5,-,True,154,13
Dundalk Racing Results | 6th December 2024 19:30,N/A,19:30,Standard,1m 2f 150y,Coney Rose (IRE),J J G Ryan,0,Cian Hughes,NR,N/A,3,9-3,-,True,154,13
Dundalk Racing Results | 6th December 2024 19:30,N/A,19:30,Standard,1m 2f 150y,Suil Awan,J A Powell,0,T J O'Mara,11th,7 l,3,9-8,-,True,154,13
Dundalk Racing Results | 6th December 2024 19:30,N/A,19:30,Standard,1m 2f 150y,Ginnos Port (IRE),R C Colgan,0,P Martin,10th,2 l,5,9-10,-,True,154,13
Dundalk Racing Results | 6th December 2024 19:30,N/A,19:30,Standard,1m 2f 150y,Miss Australie (IRE),C Horgan,0,P O'Rourke,9th,6 1/2 l,3,9-3,-,True,154,13
Dundalk Racing Results | 6th December 2024 19:30,N/A,19:30,Standard,1m 2f 150y,Woodlander (IRE),N M Crosse,0,W McCreery,8th,7 l,3,9-8,-,True,154,13
Dundalk Racing Results | 6th December 2024 19:30,N/A,19:30,Standard,1m 2f 150y,Disco Boy (IRE),K G Kennedy,0,S Byrne,7th,1 l,5,9-10,-,True,154,13
Dundalk Racing Results | 6th December 2024 19:30,N/A,19:30,Standard,1m 2f 150y,Sportingsilvermine (IRE),Nicola Burns,0,D Hogan,6th,3 1/4 l,3,9-8,-,True,154,13
Dundalk Racing Results | 6th December 2024 19:30,N/A,19:30,Standard,1m 2f 150y,Bloom Vega (IRE),R M Mulligan,0,J P Murtagh,5th,Head,3,9-3,-,True,154,13
Dundalk Racing Results | 6th December 2024 19:30,N/A,19:30,Standard,1m 2f 150y,Expelliarmus (IRE),D P McDonogh,0,J P O'Brien,4th,3/4 l,4,9-5,-,True,154,13
Dundalk Racing Results | 6th December 2024 19:30,N/A,19:30,Standard,1m 2f 150y,Mythical Rock (IRE),L T McAteer,0,J M Barrett,3rd,1 3/4 l,3,9-8,-,True,154,13
Dundalk Racing Results | 6th December 2024 19:30,N/A,19:30,Standard,1m 2f 150y,Dahab (IRE),J M Sheridan,0,D Hogan,2nd,Neck,3,9-8,-,True,154,13
Dundalk Racing Results | 6th December 2024 19:30,N/A,19:30,Standard,1m 2f 150y,Liltia,M W Hassett,0,W McCreery,1st,N/A,3,9-3,-,True,154,13
Dundalk Racing Results | 6th December 2024 19:30,N/A,19:30,Standard,1m 2f 150y,Aird,S Foley,0,H De Bromhead,NR,N/A,4,9-5,-,True,154,13
Dundalk Racing Results | 6th December 2024 19:30,N/A,19:30,Standard,1m 2f 150y,Coney Rose (IRE),J J G Ryan,0,Cian Hughes,NR,N/A,3,9-3,-,True,154,13
Dundalk Racing Results | 6th December 2024 19:30,N/A,19:30,Standard,1m 2f 150y,Suil Awan,J A Powell,0,T J O'Mara,11th,7 l,3,9-8,-,True,154,13
Dundalk Racing Results | 6th December 2024 19:30,N/A,19:30,Standard,1m 2f 150y,Ginnos Port (IRE),R C Colgan,0,P Martin,10th,2 l,5,9-10,-,True,154,13
Dundalk Racing Results | 6th December 2024 19:30,N/A,19:30,Standard,1m 2f 150y,Miss Australie (IRE),C Horgan,0,P O'Rourke,9th,6 1/2 l,3,9-3,-,True,154,13
Dundalk Racing Results | 6th December 2024 19:30,N/A,19:30,Standard,1m 2f 150y,Woodlander (IRE),N M Crosse,0,W McCreery,8th,7 l,3,9-8,-,True,154,13
Dundalk Racing Results | 6th December 2024 19:30,N/A,19:30,Standard,1m 2f 150y,Disco Boy (IRE),K G Kennedy,0,S Byrne,7th,1 l,5,9-10,-,True,154,13
Dundalk Racing Results | 6th December 2024 19:30,N/A,19:30,Standard,1m 2f 150y,Sportingsilvermine (IRE),Nicola Burns,0,D Hogan,6th,3 1/4 l,3,9-8,-,True,154,13
Dundalk Racing Results | 6th December 2024 19:30,N/A,19:30,Standard,1m 2f 150y,Bloom Vega (IRE),R M Mulligan,0,J P Murtagh,5th,Head,3,9-3,-,True,154,13
Dundalk Racing Results | 6th December 2024 19:30,N/A,19:30,Standard,1m 2f 150y,Expelliarmus (IRE),D P McDonogh,0,J P O'Brien,4th,3/4 l,4,9-5,-,True,154,13
Dundalk Racing Results | 6th December 2024 19:30,N/A,19:30,Standard,1m 2f 150y,Mythical Rock (IRE),L T McAteer,0,J M Barrett,3rd,1 3/4 l,3,9-8,-,True,154,13
Dundalk Racing Results | 6th December 2024 19:30,N/A,19:30,Standard,1m 2f 150y,Dahab (IRE),J M Sheridan,0,D Hogan,2nd,Neck,3,9-8,-,True,154,13
Dundalk Racing Results | 6th December 2024 19:30,N/A,19:30,Standard,1m 2f 150y,Liltia,M W Hassett,0,W McCreery,1st,N/A,3,9-3,-,True,154,13
Dundalk Racing Results | 6th December 2024 20:00,N/A,20:00,Standard,1m 4f,Scott Lang (IRE),S Coen,0,P W Flynn,NR,N/A,7,10-0,63,True,154,14
Dundalk Racing Results | 6th December 2024 20:00,N/A,20:00,Standard,1m 4f,Audscar,C D Fahy,0,J C McConnell,14th,5 l,4,9-0,49,True,154,14
Dundalk Racing Results | 6th December 2024 20:00,N/A,20:00,Standard,1m 4f,Sliogan (FR),K G Kennedy,0,J C McConnell,13th,3 1/2 l,3,8-9,48,True,154,14
Dundalk Racing Results | 6th December 2024 20:00,N/A,20:00,Standard,1m 4f,Brackloon Bay (IRE),R M Mulligan,0,S K Ryder,12th,2 3/4 l,3,8-8,46,True,154,14
Dundalk Racing Results | 6th December 2024 20:00,N/A,20:00,Standard,1m 4f,Maxwell Smart (IRE),M W Hassett,0,T G McCourt,11th,1 1/4 l,3,8-8,45,True,154,14
Dundalk Racing Results | 6th December 2024 20:00,N/A,20:00,Standard,1m 4f,Churchill Rose (IRE),S Coen,0,Arthur Goulding,10th,5 l,4,9-11,60,True,154,14
Dundalk Racing Results | 6th December 2024 20:00,N/A,20:00,Standard,1m 4f,Obama Army,J J G Ryan,0,E McCarthy,9th,Head,4,9-12,61,True,154,14
Dundalk Racing Results | 6th December 2024 20:00,N/A,20:00,Standard,1m 4f,Figurehead (IRE),J Cleary,0,Michael G Cleary,8th,1 l,7,9-8,57,True,154,14
Dundalk Racing Results | 6th December 2024 20:00,N/A,20:00,Standard,1m 4f,Wishes And Dreams (IRE),Nicola Burns,0,Ciaran Murphy,7th,1 l,4,9-2,51,True,154,14
Dundalk Racing Results | 6th December 2024 20:00,N/A,20:00,Standard,1m 4f,Waystar (IRE),J A Powell,0,J C McConnell,6th,1 1/2 l,3,8-12,51,True,154,14
Dundalk Racing Results | 6th December 2024 20:00,N/A,20:00,Standard,1m 4f,Jawhary,J Kearney,0,A McGuinness,5th,1/2 l,6,9-9,58,True,154,14
Dundalk Racing Results | 6th December 2024 20:00,N/A,20:00,Standard,1m 4f,Chopsticks (IRE),W Joyce,0,S M Duffy,4th,3/4 l,4,9-4,53,True,154,14
Dundalk Racing Results | 6th December 2024 20:00,N/A,20:00,Standard,1m 4f,A Daughtersdelight (IRE),P McGettigan,0,P Magee,3rd,Head,3,9-3,56,True,154,14
Dundalk Racing Results | 6th December 2024 20:00,N/A,20:00,Standard,1m 4f,Billie Frechette (IRE),R Whearty,0,N Meade,2nd,Neck,3,9-2,55,True,154,14
Dundalk Racing Results | 6th December 2024 20:00,N/A,20:00,Standard,1m 4f,Just Another Eagle (IRE),R Donaghue-Leahy,0,P J Flynn,1st,N/A,4,8-12,46,True,154,14
Dundalk Racing Results | 6th December 2024 20:00,N/A,20:00,Standard,1m 4f,Scott Lang (IRE),S Coen,0,P W Flynn,NR,N/A,7,10-0,63,True,154,14
Dundalk Racing Results | 6th December 2024 20:00,N/A,20:00,Standard,1m 4f,Audscar,C D Fahy,0,J C McConnell,14th,5 l,4,9-0,49,True,154,14
Dundalk Racing Results | 6th December 2024 20:00,N/A,20:00,Standard,1m 4f,Sliogan (FR),K G Kennedy,0,J C McConnell,13th,3 1/2 l,3,8-9,48,True,154,14
Dundalk Racing Results | 6th December 2024 20:00,N/A,20:00,Standard,1m 4f,Brackloon Bay (IRE),R M Mulligan,0,S K Ryder,12th,2 3/4 l,3,8-8,46,True,154,14
Dundalk Racing Results | 6th December 2024 20:00,N/A,20:00,Standard,1m 4f,Maxwell Smart (IRE),M W Hassett,0,T G McCourt,11th,1 1/4 l,3,8-8,45,True,154,14
Dundalk Racing Results | 6th December 2024 20:00,N/A,20:00,Standard,1m 4f,Churchill Rose (IRE),S Coen,0,Arthur Goulding,10th,5 l,4,9-11,60,True,154,14
Dundalk Racing Results | 6th December 2024 20:00,N/A,20:00,Standard,1m 4f,Obama Army,J J G Ryan,0,E McCarthy,9th,Head,4,9-12,61,True,154,14
Dundalk Racing Results | 6th December 2024 20:00,N/A,20:00,Standard,1m 4f,Figurehead (IRE),J Cleary,0,Michael G Cleary,8th,1 l,7,9-8,57,True,154,14
Dundalk Racing Results | 6th December 2024 20:00,N/A,20:00,Standard,1m 4f,Wishes And Dreams (IRE),Nicola Burns,0,Ciaran Murphy,7th,1 l,4,9-2,51,True,154,14
Dundalk Racing Results | 6th December 2024 20:00,N/A,20:00,Standard,1m 4f,Waystar (IRE),J A Powell,0,J C McConnell,6th,1 1/2 l,3,8-12,51,True,154,14
Dundalk Racing Results | 6th December 2024 20:00,N/A,20:00,Standard,1m 4f,Jawhary,J Kearney,0,A McGuinness,5th,1/2 l,6,9-9,58,True,154,14
Dundalk Racing Results | 6th December 2024 20:00,N/A,20:00,Standard,1m 4f,Chopsticks (IRE),W Joyce,0,S M Duffy,4th,3/4 l,4,9-4,53,True,154,14
Dundalk Racing Results | 6th December 2024 20:00,N/A,20:00,Standard,1m 4f,A Daughtersdelight (IRE),P McGettigan,0,P Magee,3rd,Head,3,9-3,56,True,154,14
Dundalk Racing Results | 6th December 2024 20:00,N/A,20:00,Standard,1m 4f,Billie Frechette (IRE),R Whearty,0,N Meade,2nd,Neck,3,9-2,55,True,154,14
Dundalk Racing Results | 6th December 2024 20:00,N/A,20:00,Standard,1m 4f,Just Another Eagle (IRE),R Donaghue-Leahy,0,P J Flynn,1st,N/A,4,8-12,46,True,154,14
Dundalk Racing Results | 6th December 2024 20:30,N/A,20:30,Standard,1m 4f,En Or (FR),D P McDonogh,0,A J Martin,NR,N/A,6,9-3,82,True,154,15
Dundalk Racing Results | 6th December 2024 20:30,N/A,20:30,Standard,1m 4f,Migdam (FR),J J G Ryan,0,A McGuinness,6th,4 1/4 l,5,9-3,89,True,154,15
Dundalk Racing Results | 6th December 2024 20:30,N/A,20:30,Standard,1m 4f,Ceallach (IRE),S Foley,0,M Halford & T Collins,5th,1 1/2 l,5,10-3,103,True,154,15
Dundalk Racing Results | 6th December 2024 20:30,N/A,20:30,Standard,1m 4f,Slieve Binnian (IRE),R P Whelan,0,M Halford & T Collins,4th,Short Head,4,9-7,93,True,154,15
Dundalk Racing Results | 6th December 2024 20:30,N/A,20:30,Standard,1m 4f,Come On The Lads (IRE),M W Hassett,0,G P Cromwell,3rd,3/4 l,4,8-7,79,True,154,15
Dundalk Racing Results | 6th December 2024 20:30,N/A,20:30,Standard,1m 4f,Tribal Star (IRE),J A Powell,0,A McGuinness,2nd,1/2 l,3,8-7,82,True,154,15
Dundalk Racing Results | 6th December 2024 20:30,N/A,20:30,Standard,1m 4f,San Andreas (IRE),S A Wallace,0,J P O'Brien,1st,N/A,8,9-2,88,True,154,15
Dundalk Racing Results | 6th December 2024 20:30,N/A,20:30,Standard,1m 4f,En Or (FR),D P McDonogh,0,A J Martin,NR,N/A,6,9-3,82,True,154,15
Dundalk Racing Results | 6th December 2024 20:30,N/A,20:30,Standard,1m 4f,Migdam (FR),J J G Ryan,0,A McGuinness,6th,4 1/4 l,5,9-3,89,True,154,15
Dundalk Racing Results | 6th December 2024 20:30,N/A,20:30,Standard,1m 4f,Ceallach (IRE),S Foley,0,M Halford & T Collins,5th,1 1/2 l,5,10-3,103,True,154,15
Dundalk Racing Results | 6th December 2024 20:30,N/A,20:30,Standard,1m 4f,Slieve Binnian (IRE),R P Whelan,0,M Halford & T Collins,4th,Short Head,4,9-7,93,True,154,15
Dundalk Racing Results | 6th December 2024 20:30,N/A,20:30,Standard,1m 4f,Come On The Lads (IRE),M W Hassett,0,G P Cromwell,3rd,3/4 l,4,8-7,79,True,154,15
Dundalk Racing Results | 6th December 2024 20:30,N/A,20:30,Standard,1m 4f,Tribal Star (IRE),J A Powell,0,A McGuinness,2nd,1/2 l,3,8-7,82,True,154,15
Dundalk Racing Results | 6th December 2024 20:30,N/A,20:30,Standard,1m 4f,San Andreas (IRE),S A Wallace,0,J P O'Brien,1st,N/A,8,9-2,88,True,154,15
Navan Racing Results | 7th December 2024 11:30,N/A,11:30,Yielding (Yielding To Soft In Places),2m,Thurman (IRE),Non Runner,7,Colm Murphy,NR,N/A,4,11-0,-,True,154,16
Navan Racing Results | 7th December 2024 11:30,N/A,11:30,Yielding (Yielding To Soft In Places),2m,Dance Monkey (FR),D J Gilligan,0,S R B Crawford,UR,N/A,4,11-7,-,True,154,16
Navan Racing Results | 7th December 2024 11:30,N/A,11:30,Yielding (Yielding To Soft In Places),2m,Kaid D'authie (FR),P Townend,0,W P Mullins,F,N/A,4,11-7,-,True,154,16
Navan Racing Results | 7th December 2024 11:30,N/A,11:30,Yielding (Yielding To Soft In Places),2m,Monnow Valley,C Stone-Walsh,5,P Cluskey,17th,14 l,4,11-7t,-,True,154,16
Navan Racing Results | 7th December 2024 11:30,N/A,11:30,Yielding (Yielding To Soft In Places),2m,Clondyke River (IRE),P T Enright,0,Paul Mulligan,16th,29 l,4,11-7,-,True,154,16
Navan Racing Results | 7th December 2024 11:30,N/A,11:30,Yielding (Yielding To Soft In Places),2m,Alright George (IRE),J P O'Sullivan,0,P J Rothwell,15th,14 l,4,11-7,-,True,154,16
Navan Racing Results | 7th December 2024 11:30,N/A,11:30,Yielding (Yielding To Soft In Places),2m,Diamond Steel (IRE),M P O'Connor,0,H De Bromhead,14th,10 l,4,11-0,-,True,154,16
Navan Racing Results | 7th December 2024 11:30,N/A,11:30,Yielding (Yielding To Soft In Places),2m,Dollymount (IRE),P K Donovan,5,C W J Farrell,13th,Neck,4,11-0,-,True,154,16
Navan Racing Results | 7th December 2024 11:30,N/A,11:30,Yielding (Yielding To Soft In Places),2m,Simpson's Paradox (IRE),Mr C P Tierney,7,J A Kinsella,12th,2 1/2 l,4,11-7t,-,True,154,16
Navan Racing Results | 7th December 2024 11:30,N/A,11:30,Yielding (Yielding To Soft In Places),2m,Knockraha Eagle (IRE),K M Donoghue,0,Ian Donoghue,11th,5 1/2 l,4,11-7t1,-,True,154,16
Navan Racing Results | 7th December 2024 11:30,N/A,11:30,Yielding (Yielding To Soft In Places),2m,Telnobody (IRE),B Hayes,0,R O'Sullivan,10th,4 1/2 l,4,11-0,-,True,154,16
Navan Racing Results | 7th December 2024 11:30,N/A,11:30,Yielding (Yielding To Soft In Places),2m,Teds Corner (IRE),Mr J Costello,7,A J Martin,9th,1 1/2 l,4,11-7,-,True,154,16
Navan Racing Results | 7th December 2024 11:30,N/A,11:30,Yielding (Yielding To Soft In Places),2m,Jarvis Brook (IRE),R Deegan,0,P Nolan,8th,1 l,4,11-7,-,True,154,16
Navan Racing Results | 7th December 2024 11:30,N/A,11:30,Yielding (Yielding To Soft In Places),2m,Queenie St Clair (IRE),K C Sexton,0,E Sheehy,7th,3 1/4 l,4,11-0,-,True,154,16
Navan Racing Results | 7th December 2024 11:30,N/A,11:30,Yielding (Yielding To Soft In Places),2m,Kilfera,D Meyler,0,Ms M Mullins,6th,7 l,4,11-0,-,True,154,16
Navan Racing Results | 7th December 2024 11:30,N/A,11:30,Yielding (Yielding To Soft In Places),2m,Duke Of Leggagh (IRE),S W Flanagan,0,M Mulvany,5th,1/2 l,4,11-7t,-,True,154,16
Navan Racing Results | 7th December 2024 11:30,N/A,11:30,Yielding (Yielding To Soft In Places),2m,Along The Way,S D Torrens,0,E & P Harty,4th,2 l,4,11-7,-,True,154,16
Navan Racing Results | 7th December 2024 11:30,N/A,11:30,Yielding (Yielding To Soft In Places),2m,Arch Hall (IRE),B W Harvey,0,Joseph Murray,3rd,2 1/4 l,4,11-7ht1,-,True,154,16
Navan Racing Results | 7th December 2024 11:30,N/A,11:30,Yielding (Yielding To Soft In Places),2m,Eastern Legend (IRE),M J M O'Sullivan,0,J S Bolger,2nd,3/4 l,4,11-7t,-,True,154,16
Navan Racing Results | 7th December 2024 11:30,N/A,11:30,Yielding (Yielding To Soft In Places),2m,Magic Boum (FR),Sam Ewing,0,G Elliott,1st,N/A,4,11-0,-,True,154,16
Navan Racing Results | 7th December 2024 11:30,N/A,11:30,Yielding (Yielding To Soft In Places),2m,Thurman (IRE),Non Runner,7,Colm Murphy,NR,N/A,4,11-0,-,True,154,16
Navan Racing Results | 7th December 2024 11:30,N/A,11:30,Yielding (Yielding To Soft In Places),2m,Dance Monkey (FR),D J Gilligan,0,S R B Crawford,UR,N/A,4,11-7,-,True,154,16
Navan Racing Results | 7th December 2024 11:30,N/A,11:30,Yielding (Yielding To Soft In Places),2m,Kaid D'authie (FR),P Townend,0,W P Mullins,F,N/A,4,11-7,-,True,154,16
Navan Racing Results | 7th December 2024 11:30,N/A,11:30,Yielding (Yielding To Soft In Places),2m,Monnow Valley,C Stone-Walsh,5,P Cluskey,17th,14 l,4,11-7t,-,True,154,16
Navan Racing Results | 7th December 2024 11:30,N/A,11:30,Yielding (Yielding To Soft In Places),2m,Clondyke River (IRE),P T Enright,0,Paul Mulligan,16th,29 l,4,11-7,-,True,154,16
Navan Racing Results | 7th December 2024 11:30,N/A,11:30,Yielding (Yielding To Soft In Places),2m,Alright George (IRE),J P O'Sullivan,0,P J Rothwell,15th,14 l,4,11-7,-,True,154,16
Navan Racing Results | 7th December 2024 11:30,N/A,11:30,Yielding (Yielding To Soft In Places),2m,Diamond Steel (IRE),M P O'Connor,0,H De Bromhead,14th,10 l,4,11-0,-,True,154,16
Navan Racing Results | 7th December 2024 11:30,N/A,11:30,Yielding (Yielding To Soft In Places),2m,Dollymount (IRE),P K Donovan,5,C W J Farrell,13th,Neck,4,11-0,-,True,154,16
Navan Racing Results | 7th December 2024 11:30,N/A,11:30,Yielding (Yielding To Soft In Places),2m,Simpson's Paradox (IRE),Mr C P Tierney,7,J A Kinsella,12th,2 1/2 l,4,11-7t,-,True,154,16
Navan Racing Results | 7th December 2024 11:30,N/A,11:30,Yielding (Yielding To Soft In Places),2m,Knockraha Eagle (IRE),K M Donoghue,0,Ian Donoghue,11th,5 1/2 l,4,11-7t1,-,True,154,16
Navan Racing Results | 7th December 2024 11:30,N/A,11:30,Yielding (Yielding To Soft In Places),2m,Telnobody (IRE),B Hayes,0,R O'Sullivan,10th,4 1/2 l,4,11-0,-,True,154,16
Navan Racing Results | 7th December 2024 11:30,N/A,11:30,Yielding (Yielding To Soft In Places),2m,Teds Corner (IRE),Mr J Costello,7,A J Martin,9th,1 1/2 l,4,11-7,-,True,154,16
Navan Racing Results | 7th December 2024 11:30,N/A,11:30,Yielding (Yielding To Soft In Places),2m,Jarvis Brook (IRE),R Deegan,0,P Nolan,8th,1 l,4,11-7,-,True,154,16
Navan Racing Results | 7th December 2024 11:30,N/A,11:30,Yielding (Yielding To Soft In Places),2m,Queenie St Clair (IRE),K C Sexton,0,E Sheehy,7th,3 1/4 l,4,11-0,-,True,154,16
Navan Racing Results | 7th December 2024 11:30,N/A,11:30,Yielding (Yielding To Soft In Places),2m,Kilfera,D Meyler,0,Ms M Mullins,6th,7 l,4,11-0,-,True,154,16
Navan Racing Results | 7th December 2024 11:30,N/A,11:30,Yielding (Yielding To Soft In Places),2m,Duke Of Leggagh (IRE),S W Flanagan,0,M Mulvany,5th,1/2 l,4,11-7t,-,True,154,16
Navan Racing Results | 7th December 2024 11:30,N/A,11:30,Yielding (Yielding To Soft In Places),2m,Along The Way,S D Torrens,0,E & P Harty,4th,2 l,4,11-7,-,True,154,16
Navan Racing Results | 7th December 2024 11:30,N/A,11:30,Yielding (Yielding To Soft In Places),2m,Arch Hall (IRE),B W Harvey,0,Joseph Murray,3rd,2 1/4 l,4,11-7ht1,-,True,154,16
Navan Racing Results | 7th December 2024 11:30,N/A,11:30,Yielding (Yielding To Soft In Places),2m,Eastern Legend (IRE),M J M O'Sullivan,0,J S Bolger,2nd,3/4 l,4,11-7t,-,True,154,16
Navan Racing Results | 7th December 2024 11:30,N/A,11:30,Yielding (Yielding To Soft In Places),2m,Magic Boum (FR),Sam Ewing,0,G Elliott,1st,N/A,4,11-0,-,True,154,16
Navan Racing Results | 7th December 2024 12:00,N/A,12:00,Yielding (Yielding To Soft In Places),2m,Kirsca De Thaix (FR),Non Runner,0,W P Mullins,NR,N/A,4,11-0,-,True,154,17
Navan Racing Results | 7th December 2024 12:00,N/A,12:00,Yielding (Yielding To Soft In Places),2m,Party President (IRE),Non Runner,7,A Mullins,NR,N/A,4,11-7,-,True,154,17
Navan Racing Results | 7th December 2024 12:00,N/A,12:00,Yielding (Yielding To Soft In Places),2m,Kentucky Beach (FR),T Power Roche,7,P J Rothwell,NR,N/A,4,11-7,-,True,154,17
Navan Racing Results | 7th December 2024 12:00,N/A,12:00,Yielding (Yielding To Soft In Places),2m,Tubberfinn Lady (IRE),J Kearney,5,M Mulvany,PU,N/A,4,11-0,-,True,154,17
Navan Racing Results | 7th December 2024 12:00,N/A,12:00,Yielding (Yielding To Soft In Places),2m,Le Bugiste (FR),K M Donoghue,0,G P Cromwell,15th,3 l,4,11-7t,-,True,154,17
Navan Racing Results | 7th December 2024 12:00,N/A,12:00,Yielding (Yielding To Soft In Places),2m,Pleasureofpressure (IRE),J P O'Sullivan,0,P J Rothwell,14th,45 l,4,11-7,-,True,154,17
Navan Racing Results | 7th December 2024 12:00,N/A,12:00,Yielding (Yielding To Soft In Places),2m,Rio Doce (IRE),R J Condon,5,J A Kinsella,13th,8 1/2 l,4,11-7t,-,True,154,17
Navan Racing Results | 7th December 2024 12:00,N/A,12:00,Yielding (Yielding To Soft In Places),2m,Deadclassy (IRE),R A Doyle,0,D Cullen,12th,47 l,4,11-0,-,True,154,17
Navan Racing Results | 7th December 2024 12:00,N/A,12:00,Yielding (Yielding To Soft In Places),2m,Quinn The Eskimo (GER),S F O'Keeffe,0,P Nolan,11th,1 3/4 l,4,11-7,-,True,154,17
Navan Racing Results | 7th December 2024 12:00,N/A,12:00,Yielding (Yielding To Soft In Places),2m,Lucy Wang (IRE),P T Enright,0,J Halley,10th,11 l,4,11-0,-,True,154,17
Navan Racing Results | 7th December 2024 12:00,N/A,12:00,Yielding (Yielding To Soft In Places),2m,Kir (FR),B Hayes,0,H De Bromhead,9th,3/4 l,4,11-7,-,True,154,17
Navan Racing Results | 7th December 2024 12:00,N/A,12:00,Yielding (Yielding To Soft In Places),2m,Driveonwill (IRE),D Meyler,0,R O'Sullivan,8th,2 1/4 l,4,11-7,-,True,154,17
Navan Racing Results | 7th December 2024 12:00,N/A,12:00,Yielding (Yielding To Soft In Places),2m,Scalpnagoon (IRE),D J Gilligan,0,G Elliott,7th,5 1/2 l,4,11-7,-,True,154,17
Navan Racing Results | 7th December 2024 12:00,N/A,12:00,Yielding (Yielding To Soft In Places),2m,Putapoundinthejar (IRE),D King,0,A J Martin,6th,4 l,4,11-7,-,True,154,17
Navan Racing Results | 7th December 2024 12:00,N/A,12:00,Yielding (Yielding To Soft In Places),2m,Echoing Silence (IRE),M P O'Connor,0,H De Bromhead,5th,7 l,4,11-0,-,True,154,17
Navan Racing Results | 7th December 2024 12:00,N/A,12:00,Yielding (Yielding To Soft In Places),2m,Dont Tell Jack (IRE),R Deegan,0,J P O'Brien,4th,4 3/4 l,4,11-7,-,True,154,17
Navan Racing Results | 7th December 2024 12:00,N/A,12:00,Yielding (Yielding To Soft In Places),2m,Grimaud (FR),Sam Ewing,0,G Elliott,3rd,6 l,4,11-7,-,True,154,17
Navan Racing Results | 7th December 2024 12:00,N/A,12:00,Yielding (Yielding To Soft In Places),2m,Autoportrait (FR),G Brouder,5,M F Morris,2nd,2 l,4,11-7,-,True,154,17
Navan Racing Results | 7th December 2024 12:00,N/A,12:00,Yielding (Yielding To Soft In Places),2m,Goraibhmaithagat (IRE),S D Torrens,0,Colm Murphy,1st,N/A,4,11-7,-,True,154,17
Navan Racing Results | 7th December 2024 12:00,N/A,12:00,Yielding (Yielding To Soft In Places),2m,Kirsca De Thaix (FR),Non Runner,0,W P Mullins,NR,N/A,4,11-0,-,True,154,17
Navan Racing Results | 7th December 2024 12:00,N/A,12:00,Yielding (Yielding To Soft In Places),2m,Party President (IRE),Non Runner,7,A Mullins,NR,N/A,4,11-7,-,True,154,17
Navan Racing Results | 7th December 2024 12:00,N/A,12:00,Yielding (Yielding To Soft In Places),2m,Kentucky Beach (FR),T Power Roche,7,P J Rothwell,NR,N/A,4,11-7,-,True,154,17
Navan Racing Results | 7th December 2024 12:00,N/A,12:00,Yielding (Yielding To Soft In Places),2m,Tubberfinn Lady (IRE),J Kearney,5,M Mulvany,PU,N/A,4,11-0,-,True,154,17
Navan Racing Results | 7th December 2024 12:00,N/A,12:00,Yielding (Yielding To Soft In Places),2m,Le Bugiste (FR),K M Donoghue,0,G P Cromwell,15th,3 l,4,11-7t,-,True,154,17
Navan Racing Results | 7th December 2024 12:00,N/A,12:00,Yielding (Yielding To Soft In Places),2m,Pleasureofpressure (IRE),J P O'Sullivan,0,P J Rothwell,14th,45 l,4,11-7,-,True,154,17
Navan Racing Results | 7th December 2024 12:00,N/A,12:00,Yielding (Yielding To Soft In Places),2m,Rio Doce (IRE),R J Condon,5,J A Kinsella,13th,8 1/2 l,4,11-7t,-,True,154,17
Navan Racing Results | 7th December 2024 12:00,N/A,12:00,Yielding (Yielding To Soft In Places),2m,Deadclassy (IRE),R A Doyle,0,D Cullen,12th,47 l,4,11-0,-,True,154,17
Navan Racing Results | 7th December 2024 12:00,N/A,12:00,Yielding (Yielding To Soft In Places),2m,Quinn The Eskimo (GER),S F O'Keeffe,0,P Nolan,11th,1 3/4 l,4,11-7,-,True,154,17
Navan Racing Results | 7th December 2024 12:00,N/A,12:00,Yielding (Yielding To Soft In Places),2m,Lucy Wang (IRE),P T Enright,0,J Halley,10th,11 l,4,11-0,-,True,154,17
Navan Racing Results | 7th December 2024 12:00,N/A,12:00,Yielding (Yielding To Soft In Places),2m,Kir (FR),B Hayes,0,H De Bromhead,9th,3/4 l,4,11-7,-,True,154,17
Navan Racing Results | 7th December 2024 12:00,N/A,12:00,Yielding (Yielding To Soft In Places),2m,Driveonwill (IRE),D Meyler,0,R O'Sullivan,8th,2 1/4 l,4,11-7,-,True,154,17
Navan Racing Results | 7th December 2024 12:00,N/A,12:00,Yielding (Yielding To Soft In Places),2m,Scalpnagoon (IRE),D J Gilligan,0,G Elliott,7th,5 1/2 l,4,11-7,-,True,154,17
Navan Racing Results | 7th December 2024 12:00,N/A,12:00,Yielding (Yielding To Soft In Places),2m,Putapoundinthejar (IRE),D King,0,A J Martin,6th,4 l,4,11-7,-,True,154,17
Navan Racing Results | 7th December 2024 12:00,N/A,12:00,Yielding (Yielding To Soft In Places),2m,Echoing Silence (IRE),M P O'Connor,0,H De Bromhead,5th,7 l,4,11-0,-,True,154,17
Navan Racing Results | 7th December 2024 12:00,N/A,12:00,Yielding (Yielding To Soft In Places),2m,Dont Tell Jack (IRE),R Deegan,0,J P O'Brien,4th,4 3/4 l,4,11-7,-,True,154,17
Navan Racing Results | 7th December 2024 12:00,N/A,12:00,Yielding (Yielding To Soft In Places),2m,Grimaud (FR),Sam Ewing,0,G Elliott,3rd,6 l,4,11-7,-,True,154,17
Navan Racing Results | 7th December 2024 12:00,N/A,12:00,Yielding (Yielding To Soft In Places),2m,Autoportrait (FR),G Brouder,5,M F Morris,2nd,2 l,4,11-7,-,True,154,17
Navan Racing Results | 7th December 2024 12:00,N/A,12:00,Yielding (Yielding To Soft In Places),2m,Goraibhmaithagat (IRE),S D Torrens,0,Colm Murphy,1st,N/A,4,11-7,-,True,154,17
Navan Racing Results | 7th December 2024 12:32,N/A,12:32,Soft,2m,Millbrook Queen (IRE),C Owens,7,A J Martin,NR,N/A,5,11-5,-,True,154,18
Navan Racing Results | 7th December 2024 12:32,N/A,12:32,Soft,2m,Fisherman's Friend (IRE),C Stone-Walsh,5,Ian Donoghue,NR,N/A,5,11-12,-,True,154,18
Navan Racing Results | 7th December 2024 12:32,N/A,12:32,Soft,2m,Drumlee Lake (IRE),Mr N McParlan,0,S McParlan,25th,54 l,9,11-12,-,True,154,18
Navan Racing Results | 7th December 2024 12:32,N/A,12:32,Soft,2m,Parish Rivals (IRE),P M O'Brien,7,G P Cromwell,24th,7 1/2 l,5,11-12,-,True,154,18
Navan Racing Results | 7th December 2024 12:32,N/A,12:32,Soft,2m,Turf Range (IRE),J Coen,3,D Broad,23rd,3 1/4 l,8,11-12,-,True,154,18
Navan Racing Results | 7th December 2024 12:32,N/A,12:32,Soft,2m,Mileview (IRE),S Fitzgerald,0,C A McBratney,22nd,16 l,6,11-12h1,-,True,154,18
Navan Racing Results | 7th December 2024 12:32,N/A,12:32,Soft,2m,The Noelie (IRE),P K Donovan,5,Paul Mulligan,21st,11 l,5,11-12,-,True,154,18
Navan Racing Results | 7th December 2024 12:32,N/A,12:32,Soft,2m,Lehaunstown,S W Flanagan,0,B Connell,20th,4 l,6,11-12,-,True,154,18
Navan Racing Results | 7th December 2024 12:32,N/A,12:32,Soft,2m,Areana (IRE),B W Harvey,0,Conor Maxwell,19th,1 1/2 l,5,11-5t,-,True,154,18
Navan Racing Results | 7th December 2024 12:32,N/A,12:32,Soft,2m,Next Stop Paris (IRE),K M Donoghue,0,G P Cromwell,18th,10 l,5,11-12,-,True,154,18
Navan Racing Results | 7th December 2024 12:32,N/A,12:32,Soft,2m,Pen To Paper,B Hayes,0,H De Bromhead,17th,2 l,5,11-12,-,True,154,18
Navan Racing Results | 7th December 2024 12:32,N/A,12:32,Soft,2m,Ivasecret (IRE),C P Millar,5,C Collins,16th,3 1/2 l,6,11-12,-,True,154,18
Navan Racing Results | 7th December 2024 12:32,N/A,12:32,Soft,2m,Trade Master (IRE),R Deegan,0,E Cawley,15th,1 1/4 l,5,11-12,-,True,154,18
Navan Racing Results | 7th December 2024 12:32,N/A,12:32,Soft,2m,Hills Of Glory (IRE),K C Sexton,0,G P Cromwell,14th,Neck,7,11-12,-,True,154,18
Navan Racing Results | 7th December 2024 12:32,N/A,12:32,Soft,2m,Theophilos (IRE),J Kearney,5,G Keane,13th,3 3/4 l,5,11-12t,-,True,154,18
Navan Racing Results | 7th December 2024 12:32,N/A,12:32,Soft,2m,Timmy Tuesday (IRE),D J Gilligan,0,G Elliott,12th,1 l,6,11-12,-,True,154,18
Navan Racing Results | 7th December 2024 12:32,N/A,12:32,Soft,2m,Presenting Max (IRE),D King,0,A J Martin,11th,3 l,5,11-12,-,True,154,18
Navan Racing Results | 7th December 2024 12:32,N/A,12:32,Soft,2m,Meetmeinstlouis (IRE),G Brouder,5,M F Morris,10th,1 1/4 l,5,11-5,-,True,154,18
Navan Racing Results | 7th December 2024 12:32,N/A,12:32,Soft,2m,Scarlet Purse (IRE),A Harvey,5,J C McConnell,9th,6 l,5,11-5,-,True,154,18
Navan Racing Results | 7th December 2024 12:32,N/A,12:32,Soft,2m,Attaboyarchie (IRE),Miss E J Sweeney,0,K Thornton,8th,Head,7,11-12t1,-,True,154,18
Navan Racing Results | 7th December 2024 12:32,N/A,12:32,Soft,2m,His Nibs (IRE),K E Buckley,0,G P Cromwell,7th,2 1/2 l,5,11-12,-,True,154,18
Navan Racing Results | 7th December 2024 12:32,N/A,12:32,Soft,2m,Mr Rango (IRE),P T Enright,0,John M Harney,6th,5 1/2 l,6,11-12,-,True,154,18
Navan Racing Results | 7th December 2024 12:32,N/A,12:32,Soft,2m,Come Walk With Me (IRE),E Walsh,0,E Cawley,5th,5 1/2 l,5,11-12,-,True,154,18
Navan Racing Results | 7th December 2024 12:32,N/A,12:32,Soft,2m,Joueur Masque (FR),S D Torrens,0,W P Mullins,4th,9 1/2 l,5,11-12h1,-,True,154,18
Navan Racing Results | 7th December 2024 12:32,N/A,12:32,Soft,2m,Workahead (IRE),M P O'Connor,0,H De Bromhead,3rd,5 l,6,11-12,-,True,154,18
Navan Racing Results | 7th December 2024 12:32,N/A,12:32,Soft,2m,The Enabler (IRE),Sam Ewing,0,G Elliott,2nd,4 1/4 l,5,11-12,-,True,154,18
Navan Racing Results | 7th December 2024 12:32,N/A,12:32,Soft,2m,Jasmin De Vaux (FR),P Townend,0,W P Mullins,1st,N/A,5,11-12,-,True,154,18
Navan Racing Results | 7th December 2024 12:32,N/A,12:32,Soft,2m,Millbrook Queen (IRE),C Owens,7,A J Martin,NR,N/A,5,11-5,-,True,154,18
Navan Racing Results | 7th December 2024 12:32,N/A,12:32,Soft,2m,Fisherman's Friend (IRE),C Stone-Walsh,5,Ian Donoghue,NR,N/A,5,11-12,-,True,154,18
Navan Racing Results | 7th December 2024 12:32,N/A,12:32,Soft,2m,Drumlee Lake (IRE),Mr N McParlan,0,S McParlan,25th,54 l,9,11-12,-,True,154,18
Navan Racing Results | 7th December 2024 12:32,N/A,12:32,Soft,2m,Parish Rivals (IRE),P M O'Brien,7,G P Cromwell,24th,7 1/2 l,5,11-12,-,True,154,18
Navan Racing Results | 7th December 2024 12:32,N/A,12:32,Soft,2m,Turf Range (IRE),J Coen,3,D Broad,23rd,3 1/4 l,8,11-12,-,True,154,18
Navan Racing Results | 7th December 2024 12:32,N/A,12:32,Soft,2m,Mileview (IRE),S Fitzgerald,0,C A McBratney,22nd,16 l,6,11-12h1,-,True,154,18
Navan Racing Results | 7th December 2024 12:32,N/A,12:32,Soft,2m,The Noelie (IRE),P K Donovan,5,Paul Mulligan,21st,11 l,5,11-12,-,True,154,18
Navan Racing Results | 7th December 2024 12:32,N/A,12:32,Soft,2m,Lehaunstown,S W Flanagan,0,B Connell,20th,4 l,6,11-12,-,True,154,18
Navan Racing Results | 7th December 2024 12:32,N/A,12:32,Soft,2m,Areana (IRE),B W Harvey,0,Conor Maxwell,19th,1 1/2 l,5,11-5t,-,True,154,18
Navan Racing Results | 7th December 2024 12:32,N/A,12:32,Soft,2m,Next Stop Paris (IRE),K M Donoghue,0,G P Cromwell,18th,10 l,5,11-12,-,True,154,18
Navan Racing Results | 7th December 2024 12:32,N/A,12:32,Soft,2m,Pen To Paper,B Hayes,0,H De Bromhead,17th,2 l,5,11-12,-,True,154,18
Navan Racing Results | 7th December 2024 12:32,N/A,12:32,Soft,2m,Ivasecret (IRE),C P Millar,5,C Collins,16th,3 1/2 l,6,11-12,-,True,154,18
Navan Racing Results | 7th December 2024 12:32,N/A,12:32,Soft,2m,Trade Master (IRE),R Deegan,0,E Cawley,15th,1 1/4 l,5,11-12,-,True,154,18
Navan Racing Results | 7th December 2024 12:32,N/A,12:32,Soft,2m,Hills Of Glory (IRE),K C Sexton,0,G P Cromwell,14th,Neck,7,11-12,-,True,154,18
Navan Racing Results | 7th December 2024 12:32,N/A,12:32,Soft,2m,Theophilos (IRE),J Kearney,5,G Keane,13th,3 3/4 l,5,11-12t,-,True,154,18
Navan Racing Results | 7th December 2024 12:32,N/A,12:32,Soft,2m,Timmy Tuesday (IRE),D J Gilligan,0,G Elliott,12th,1 l,6,11-12,-,True,154,18
Navan Racing Results | 7th December 2024 12:32,N/A,12:32,Soft,2m,Presenting Max (IRE),D King,0,A J Martin,11th,3 l,5,11-12,-,True,154,18
Navan Racing Results | 7th December 2024 12:32,N/A,12:32,Soft,2m,Meetmeinstlouis (IRE),G Brouder,5,M F Morris,10th,1 1/4 l,5,11-5,-,True,154,18
Navan Racing Results | 7th December 2024 12:32,N/A,12:32,Soft,2m,Scarlet Purse (IRE),A Harvey,5,J C McConnell,9th,6 l,5,11-5,-,True,154,18
Navan Racing Results | 7th December 2024 12:32,N/A,12:32,Soft,2m,Attaboyarchie (IRE),Miss E J Sweeney,0,K Thornton,8th,Head,7,11-12t1,-,True,154,18
Navan Racing Results | 7th December 2024 12:32,N/A,12:32,Soft,2m,His Nibs (IRE),K E Buckley,0,G P Cromwell,7th,2 1/2 l,5,11-12,-,True,154,18
Navan Racing Results | 7th December 2024 12:32,N/A,12:32,Soft,2m,Mr Rango (IRE),P T Enright,0,John M Harney,6th,5 1/2 l,6,11-12,-,True,154,18
Navan Racing Results | 7th December 2024 12:32,N/A,12:32,Soft,2m,Come Walk With Me (IRE),E Walsh,0,E Cawley,5th,5 1/2 l,5,11-12,-,True,154,18
Navan Racing Results | 7th December 2024 12:32,N/A,12:32,Soft,2m,Joueur Masque (FR),S D Torrens,0,W P Mullins,4th,9 1/2 l,5,11-12h1,-,True,154,18
Navan Racing Results | 7th December 2024 12:32,N/A,12:32,Soft,2m,Workahead (IRE),M P O'Connor,0,H De Bromhead,3rd,5 l,6,11-12,-,True,154,18
Navan Racing Results | 7th December 2024 12:32,N/A,12:32,Soft,2m,The Enabler (IRE),Sam Ewing,0,G Elliott,2nd,4 1/4 l,5,11-12,-,True,154,18
Navan Racing Results | 7th December 2024 12:32,N/A,12:32,Soft,2m,Jasmin De Vaux (FR),P Townend,0,W P Mullins,1st,N/A,5,11-12,-,True,154,18
Navan Racing Results | 7th December 2024 13:07,N/A,13:07,Soft,2m 4f,Rockstown Girl (IRE),S W Flanagan,0,A McCann,NR,N/A,6,10-10t,-,True,154,19
Navan Racing Results | 7th December 2024 13:07,N/A,13:07,Soft,2m 4f,Will The Wise (IRE),K M Donoghue,0,G P Cromwell,6th,32 l,5,11-3,-,True,154,19
Navan Racing Results | 7th December 2024 13:07,N/A,13:07,Soft,2m 4f,Patter Merchant (IRE),D J Gilligan,0,G Elliott,5th,7 l,5,11-3,-,True,154,19
Navan Racing Results | 7th December 2024 13:07,N/A,13:07,Soft,2m 4f,My Great Mate (IRE),P Townend,0,W P Mullins,4th,10 l,5,11-3,-,True,154,19
Navan Racing Results | 7th December 2024 13:07,N/A,13:07,Soft,2m 4f,Mozzies Sister (IRE),S Fitzgerald,0,D Queally,3rd,5 l,5,10-10t,-,True,154,19
Navan Racing Results | 7th December 2024 13:07,N/A,13:07,Soft,2m 4f,Fleur In The Park (IRE),C M Quirke,0,A Slattery,2nd,Neck,5,11-3,-,True,154,19
Navan Racing Results | 7th December 2024 13:07,N/A,13:07,Soft,2m 4f,The Yellow Clay (IRE),Sam Ewing,0,G Elliott,1st,N/A,5,11-6,-,True,154,19
Navan Racing Results | 7th December 2024 13:07,N/A,13:07,Soft,2m 4f,Rockstown Girl (IRE),S W Flanagan,0,A McCann,NR,N/A,6,10-10t,-,True,154,19
Navan Racing Results | 7th December 2024 13:07,N/A,13:07,Soft,2m 4f,Will The Wise (IRE),K M Donoghue,0,G P Cromwell,6th,32 l,5,11-3,-,True,154,19
Navan Racing Results | 7th December 2024 13:07,N/A,13:07,Soft,2m 4f,Patter Merchant (IRE),D J Gilligan,0,G Elliott,5th,7 l,5,11-3,-,True,154,19
Navan Racing Results | 7th December 2024 13:07,N/A,13:07,Soft,2m 4f,My Great Mate (IRE),P Townend,0,W P Mullins,4th,10 l,5,11-3,-,True,154,19
Navan Racing Results | 7th December 2024 13:07,N/A,13:07,Soft,2m 4f,Mozzies Sister (IRE),S Fitzgerald,0,D Queally,3rd,5 l,5,10-10t,-,True,154,19
Navan Racing Results | 7th December 2024 13:07,N/A,13:07,Soft,2m 4f,Fleur In The Park (IRE),C M Quirke,0,A Slattery,2nd,Neck,5,11-3,-,True,154,19
Navan Racing Results | 7th December 2024 13:07,N/A,13:07,Soft,2m 4f,The Yellow Clay (IRE),Sam Ewing,0,G Elliott,1st,N/A,5,11-6,-,True,154,19
Navan Racing Results | 7th December 2024 13:42,N/A,13:42,Soft (Soft To Heavy In Places),3m 1f 50y,Minella Sixo (IRE),D J Gilligan,0,G Elliott,NR,N/A,5,11-4,133,True,154,20
Navan Racing Results | 7th December 2024 13:42,N/A,13:42,Soft (Soft To Heavy In Places),3m 1f 50y,Jody Ted (IRE),M M McDonagh,0,E Griffin,PU,N/A,8,10-10t1,125,True,154,20
Navan Racing Results | 7th December 2024 13:42,N/A,13:42,Soft (Soft To Heavy In Places),3m 1f 50y,Slanagaibhgoleir (IRE),C Stone-Walsh,5,G Elliott,PU,N/A,6,10-7,122,True,154,20
Navan Racing Results | 7th December 2024 13:42,N/A,13:42,Soft (Soft To Heavy In Places),3m 1f 50y,Four Clean Aces (IRE),B Hayes,0,W P Mullins,PU,N/A,6,10-11,126,True,154,20
Navan Racing Results | 7th December 2024 13:42,N/A,13:42,Soft (Soft To Heavy In Places),3m 1f 50y,Good Time Jonny (IRE),Mr J H Williamson,7,A J Martin,17th,6 l,9,11-7t,136,True,154,20
Navan Racing Results | 7th December 2024 13:42,N/A,13:42,Soft (Soft To Heavy In Places),3m 1f 50y,Digby (IRE),P M O'Brien,7,D A McLoughlin,16th,12 l,9,10-8,123,True,154,20
Navan Racing Results | 7th December 2024 13:42,N/A,13:42,Soft (Soft To Heavy In Places),3m 1f 50y,Sarah Beara (IRE),P T Enright,0,S Curling,15th,7 l,6,10-1,116,True,154,20
Navan Racing Results | 7th December 2024 13:42,N/A,13:42,Soft (Soft To Heavy In Places),3m 1f 50y,Space Tourist (IRE),S Cleary-Farrell,7,W P Mullins,14th,9 l,7,11-0,129,True,154,20
Navan Racing Results | 7th December 2024 13:42,N/A,13:42,Soft (Soft To Heavy In Places),3m 1f 50y,Lucky Lyreen (IRE),K C Sexton,0,G Elliott,13th,7 1/2 l,6,11-4,133,True,154,20
Navan Racing Results | 7th December 2024 13:42,N/A,13:42,Soft (Soft To Heavy In Places),3m 1f 50y,Beaufort Scale (IRE),J Coen,3,G Elliott,12th,2 3/4 l,5,10-7t,122,True,154,20
Navan Racing Results | 7th December 2024 13:42,N/A,13:42,Soft (Soft To Heavy In Places),3m 1f 50y,Prends Garde A Toi (FR),Sam Ewing,0,G Elliott,11th,Neck,5,10-12,127,True,154,20
Navan Racing Results | 7th December 2024 13:42,N/A,13:42,Soft (Soft To Heavy In Places),3m 1f 50y,My Trump Card (IRE),C P Millar,5,G Elliott,10th,1 3/4 l,6,10-13,128,True,154,20
Navan Racing Results | 7th December 2024 13:42,N/A,13:42,Soft (Soft To Heavy In Places),3m 1f 50y,Intense Raffles (FR),Bryony Frost,0,T Gibney,9th,4 3/4 l,6,11-12,141,True,154,20
Navan Racing Results | 7th December 2024 13:42,N/A,13:42,Soft (Soft To Heavy In Places),3m 1f 50y,Open To Question (USA),D Meyler,0,N Meade,8th,3 1/2 l,4,10-12,128,True,154,20
Navan Racing Results | 7th December 2024 13:42,N/A,13:42,Soft (Soft To Heavy In Places),3m 1f 50y,Paggane,P Townend,0,W P Mullins,7th,4 3/4 l,5,10-8,123,True,154,20
Navan Racing Results | 7th December 2024 13:42,N/A,13:42,Soft (Soft To Heavy In Places),3m 1f 50y,Iceberg Theory (IRE),S W Flanagan,0,P Nolan,6th,Neck,5,10-6p,121,True,154,20
Navan Racing Results | 7th December 2024 13:42,N/A,13:42,Soft (Soft To Heavy In Places),3m 1f 50y,Fortunedefortunata (IRE),D J Gilligan,0,G Elliott,5th,3/4 l,7,10-11,126,True,154,20
Navan Racing Results | 7th December 2024 13:42,N/A,13:42,Soft (Soft To Heavy In Places),3m 1f 50y,Gaoth Chuil (IRE),G Brouder,5,T M Walsh,4th,9 l,6,11-4,133,True,154,20
Navan Racing Results | 7th December 2024 13:42,N/A,13:42,Soft (Soft To Heavy In Places),3m 1f 50y,Oscars Brother (IRE),D King,0,Connor King,3rd,Short Head,6,11-1,130,True,154,20
Navan Racing Results | 7th December 2024 13:42,N/A,13:42,Soft (Soft To Heavy In Places),3m 1f 50y,Backmersackme (IRE),Conor Clarke,7,E Mullins,2nd,Short Head,5,10-8t1,123,True,154,20
Navan Racing Results | 7th December 2024 13:42,N/A,13:42,Soft (Soft To Heavy In Places),3m 1f 50y,Flicker Of Hope (FR),A P Kelly,5,M Fahey,1st,N/A,5,10-5,120,True,154,20
Navan Racing Results | 7th December 2024 13:42,N/A,13:42,Soft (Soft To Heavy In Places),3m 1f 50y,Minella Sixo (IRE),D J Gilligan,0,G Elliott,NR,N/A,5,11-4,133,True,154,20
Navan Racing Results | 7th December 2024 13:42,N/A,13:42,Soft (Soft To Heavy In Places),3m 1f 50y,Jody Ted (IRE),M M McDonagh,0,E Griffin,PU,N/A,8,10-10t1,125,True,154,20
Navan Racing Results | 7th December 2024 13:42,N/A,13:42,Soft (Soft To Heavy In Places),3m 1f 50y,Slanagaibhgoleir (IRE),C Stone-Walsh,5,G Elliott,PU,N/A,6,10-7,122,True,154,20
Navan Racing Results | 7th December 2024 13:42,N/A,13:42,Soft (Soft To Heavy In Places),3m 1f 50y,Four Clean Aces (IRE),B Hayes,0,W P Mullins,PU,N/A,6,10-11,126,True,154,20
Navan Racing Results | 7th December 2024 13:42,N/A,13:42,Soft (Soft To Heavy In Places),3m 1f 50y,Good Time Jonny (IRE),Mr J H Williamson,7,A J Martin,17th,6 l,9,11-7t,136,True,154,20
Navan Racing Results | 7th December 2024 13:42,N/A,13:42,Soft (Soft To Heavy In Places),3m 1f 50y,Digby (IRE),P M O'Brien,7,D A McLoughlin,16th,12 l,9,10-8,123,True,154,20
Navan Racing Results | 7th December 2024 13:42,N/A,13:42,Soft (Soft To Heavy In Places),3m 1f 50y,Sarah Beara (IRE),P T Enright,0,S Curling,15th,7 l,6,10-1,116,True,154,20
Navan Racing Results | 7th December 2024 13:42,N/A,13:42,Soft (Soft To Heavy In Places),3m 1f 50y,Space Tourist (IRE),S Cleary-Farrell,7,W P Mullins,14th,9 l,7,11-0,129,True,154,20
Navan Racing Results | 7th December 2024 13:42,N/A,13:42,Soft (Soft To Heavy In Places),3m 1f 50y,Lucky Lyreen (IRE),K C Sexton,0,G Elliott,13th,7 1/2 l,6,11-4,133,True,154,20
Navan Racing Results | 7th December 2024 13:42,N/A,13:42,Soft (Soft To Heavy In Places),3m 1f 50y,Beaufort Scale (IRE),J Coen,3,G Elliott,12th,2 3/4 l,5,10-7t,122,True,154,20
Navan Racing Results | 7th December 2024 13:42,N/A,13:42,Soft (Soft To Heavy In Places),3m 1f 50y,Prends Garde A Toi (FR),Sam Ewing,0,G Elliott,11th,Neck,5,10-12,127,True,154,20
Navan Racing Results | 7th December 2024 13:42,N/A,13:42,Soft (Soft To Heavy In Places),3m 1f 50y,My Trump Card (IRE),C P Millar,5,G Elliott,10th,1 3/4 l,6,10-13,128,True,154,20
Navan Racing Results | 7th December 2024 13:42,N/A,13:42,Soft (Soft To Heavy In Places),3m 1f 50y,Intense Raffles (FR),Bryony Frost,0,T Gibney,9th,4 3/4 l,6,11-12,141,True,154,20
Navan Racing Results | 7th December 2024 13:42,N/A,13:42,Soft (Soft To Heavy In Places),3m 1f 50y,Open To Question (USA),D Meyler,0,N Meade,8th,3 1/2 l,4,10-12,128,True,154,20
Navan Racing Results | 7th December 2024 13:42,N/A,13:42,Soft (Soft To Heavy In Places),3m 1f 50y,Paggane,P Townend,0,W P Mullins,7th,4 3/4 l,5,10-8,123,True,154,20
Navan Racing Results | 7th December 2024 13:42,N/A,13:42,Soft (Soft To Heavy In Places),3m 1f 50y,Iceberg Theory (IRE),S W Flanagan,0,P Nolan,6th,Neck,5,10-6p,121,True,154,20
Navan Racing Results | 7th December 2024 13:42,N/A,13:42,Soft (Soft To Heavy In Places),3m 1f 50y,Fortunedefortunata (IRE),D J Gilligan,0,G Elliott,5th,3/4 l,7,10-11,126,True,154,20
Navan Racing Results | 7th December 2024 13:42,N/A,13:42,Soft (Soft To Heavy In Places),3m 1f 50y,Gaoth Chuil (IRE),G Brouder,5,T M Walsh,4th,9 l,6,11-4,133,True,154,20
Navan Racing Results | 7th December 2024 13:42,N/A,13:42,Soft (Soft To Heavy In Places),3m 1f 50y,Oscars Brother (IRE),D King,0,Connor King,3rd,Short Head,6,11-1,130,True,154,20
Navan Racing Results | 7th December 2024 13:42,N/A,13:42,Soft (Soft To Heavy In Places),3m 1f 50y,Backmersackme (IRE),Conor Clarke,7,E Mullins,2nd,Short Head,5,10-8t1,123,True,154,20
Navan Racing Results | 7th December 2024 13:42,N/A,13:42,Soft (Soft To Heavy In Places),3m 1f 50y,Flicker Of Hope (FR),A P Kelly,5,M Fahey,1st,N/A,5,10-5,120,True,154,20
Navan Racing Results | 7th December 2024 14:17,N/A,14:17,Soft,2m 4f 150y,Mr Saxobeat (IRE),C M Hogan,7,T Gibney,UR,N/A,8,10-0t,124,True,154,21
Navan Racing Results | 7th December 2024 14:17,N/A,14:17,Soft,2m 4f 150y,Hercule Du Seuil (FR),A P Kelly,5,W P Mullins,PU,N/A,7,11-12ht,150,True,154,21
Navan Racing Results | 7th December 2024 14:17,N/A,14:17,Soft,2m 4f 150y,Aime Desjy (FR),S F O'Keeffe,0,W P Mullins,PU,N/A,9,10-11,135,True,154,21
Navan Racing Results | 7th December 2024 14:17,N/A,14:17,Soft,2m 4f 150y,Macdermott (FR),B Hayes,0,W P Mullins,PU,N/A,6,11-4,142,True,154,21
Navan Racing Results | 7th December 2024 14:17,N/A,14:17,Soft,2m 4f 150y,Spirit Of Legend (FR),P T Enright,0,H De Bromhead,F,N/A,7,10-1t,125,True,154,21
Navan Racing Results | 7th December 2024 14:17,N/A,14:17,Soft,2m 4f 150y,Arctic Bresil,S D Torrens,0,H De Bromhead,14th,6 l,7,10-5t,129,True,154,21
Navan Racing Results | 7th December 2024 14:17,N/A,14:17,Soft,2m 4f 150y,Miss Tempo (IRE),M P O'Connor,0,H De Bromhead,13th,3/4 l,8,10-1,125,True,154,21
Navan Racing Results | 7th December 2024 14:17,N/A,14:17,Soft,2m 4f 150y,Riaan (IRE),D J Gilligan,0,G Elliott,12th,3 3/4 l,7,10-12,136,True,154,21
Navan Racing Results | 7th December 2024 14:17,N/A,14:17,Soft,2m 4f 150y,Battle It Out (IRE),C G O'Dwyer,5,C O'Dwyer,11th,7 1/2 l,6,10-3h,127,True,154,21
Navan Racing Results | 7th December 2024 14:17,N/A,14:17,Soft,2m 4f 150y,Klarc Kent (FR),M J M O'Sullivan,0,W P Mullins,10th,2 1/2 l,8,10-6,130,True,154,21
Navan Racing Results | 7th December 2024 14:17,N/A,14:17,Soft,2m 4f 150y,Adamantly Chosen (IRE),P Townend,0,W P Mullins,9th,3 3/4 l,7,11-8,146,True,154,21
Navan Racing Results | 7th December 2024 14:17,N/A,14:17,Soft,2m 4f 150y,Must Be Obeyed (IRE),D Meyler,0,T Gibney,8th,6 1/2 l,8,10-7,131,True,154,21
Navan Racing Results | 7th December 2024 14:17,N/A,14:17,Soft,2m 4f 150y,Captains Nephew (IRE),T Power Roche,7,P J Rothwell,7th,Neck,7,10-7t,131,True,154,21
Navan Racing Results | 7th December 2024 14:17,N/A,14:17,Soft,2m 4f 150y,Lucid Dreams (IRE),D King,0,J P Ryan,6th,1/2 l,9,11-7,145,True,154,21
Navan Racing Results | 7th December 2024 14:17,N/A,14:17,Soft,2m 4f 150y,Espanito Bello (FR),S W Flanagan,0,B Connell,5th,3 1/4 l,10,11-7v,145,True,154,21
Navan Racing Results | 7th December 2024 14:17,N/A,14:17,Soft,2m 4f 150y,Music Of Tara,Mr J L Gleeson,3,H De Bromhead,4th,1 1/4 l,7,10-4tp1,128,True,154,21
Navan Racing Results | 7th December 2024 14:17,N/A,14:17,Soft,2m 4f 150y,The Big Chap (IRE),G Brouder,5,P W Flynn,3rd,4 l,7,11-6p,144,True,154,21
Navan Racing Results | 7th December 2024 14:17,N/A,14:17,Soft,2m 4f 150y,Mars Harper,C P Millar,5,G Elliott,2nd,3 3/4 l,8,10-8tp,132,True,154,21
Navan Racing Results | 7th December 2024 14:17,N/A,14:17,Soft,2m 4f 150y,Sa Fureur (IRE),Sam Ewing,0,G Elliott,1st,N/A,7,11-5,143,True,154,21
Navan Racing Results | 7th December 2024 14:17,N/A,14:17,Soft,2m 4f 150y,Mr Saxobeat (IRE),C M Hogan,7,T Gibney,UR,N/A,8,10-0t,124,True,154,21
Navan Racing Results | 7th December 2024 14:17,N/A,14:17,Soft,2m 4f 150y,Hercule Du Seuil (FR),A P Kelly,5,W P Mullins,PU,N/A,7,11-12ht,150,True,154,21
Navan Racing Results | 7th December 2024 14:17,N/A,14:17,Soft,2m 4f 150y,Aime Desjy (FR),S F O'Keeffe,0,W P Mullins,PU,N/A,9,10-11,135,True,154,21
Navan Racing Results | 7th December 2024 14:17,N/A,14:17,Soft,2m 4f 150y,Macdermott (FR),B Hayes,0,W P Mullins,PU,N/A,6,11-4,142,True,154,21
Navan Racing Results | 7th December 2024 14:17,N/A,14:17,Soft,2m 4f 150y,Spirit Of Legend (FR),P T Enright,0,H De Bromhead,F,N/A,7,10-1t,125,True,154,21
Navan Racing Results | 7th December 2024 14:17,N/A,14:17,Soft,2m 4f 150y,Arctic Bresil,S D Torrens,0,H De Bromhead,14th,6 l,7,10-5t,129,True,154,21
Navan Racing Results | 7th December 2024 14:17,N/A,14:17,Soft,2m 4f 150y,Miss Tempo (IRE),M P O'Connor,0,H De Bromhead,13th,3/4 l,8,10-1,125,True,154,21
Navan Racing Results | 7th December 2024 14:17,N/A,14:17,Soft,2m 4f 150y,Riaan (IRE),D J Gilligan,0,G Elliott,12th,3 3/4 l,7,10-12,136,True,154,21
Navan Racing Results | 7th December 2024 14:17,N/A,14:17,Soft,2m 4f 150y,Battle It Out (IRE),C G O'Dwyer,5,C O'Dwyer,11th,7 1/2 l,6,10-3h,127,True,154,21
Navan Racing Results | 7th December 2024 14:17,N/A,14:17,Soft,2m 4f 150y,Klarc Kent (FR),M J M O'Sullivan,0,W P Mullins,10th,2 1/2 l,8,10-6,130,True,154,21
Navan Racing Results | 7th December 2024 14:17,N/A,14:17,Soft,2m 4f 150y,Adamantly Chosen (IRE),P Townend,0,W P Mullins,9th,3 3/4 l,7,11-8,146,True,154,21
Navan Racing Results | 7th December 2024 14:17,N/A,14:17,Soft,2m 4f 150y,Must Be Obeyed (IRE),D Meyler,0,T Gibney,8th,6 1/2 l,8,10-7,131,True,154,21
Navan Racing Results | 7th December 2024 14:17,N/A,14:17,Soft,2m 4f 150y,Captains Nephew (IRE),T Power Roche,7,P J Rothwell,7th,Neck,7,10-7t,131,True,154,21
Navan Racing Results | 7th December 2024 14:17,N/A,14:17,Soft,2m 4f 150y,Lucid Dreams (IRE),D King,0,J P Ryan,6th,1/2 l,9,11-7,145,True,154,21
Navan Racing Results | 7th December 2024 14:17,N/A,14:17,Soft,2m 4f 150y,Espanito Bello (FR),S W Flanagan,0,B Connell,5th,3 1/4 l,10,11-7v,145,True,154,21
Navan Racing Results | 7th December 2024 14:17,N/A,14:17,Soft,2m 4f 150y,Music Of Tara,Mr J L Gleeson,3,H De Bromhead,4th,1 1/4 l,7,10-4tp1,128,True,154,21
Navan Racing Results | 7th December 2024 14:17,N/A,14:17,Soft,2m 4f 150y,The Big Chap (IRE),G Brouder,5,P W Flynn,3rd,4 l,7,11-6p,144,True,154,21
Navan Racing Results | 7th December 2024 14:17,N/A,14:17,Soft,2m 4f 150y,Mars Harper,C P Millar,5,G Elliott,2nd,3 3/4 l,8,10-8tp,132,True,154,21
Navan Racing Results | 7th December 2024 14:17,N/A,14:17,Soft,2m 4f 150y,Sa Fureur (IRE),Sam Ewing,0,G Elliott,1st,N/A,7,11-5,143,True,154,21
Navan Racing Results | 7th December 2024 14:52,N/A,14:52,Soft,2m 4f 150y,American Money (IRE),K E Buckley,0,E & P Harty,PU,N/A,7,11-12,-,True,154,22
Navan Racing Results | 7th December 2024 14:52,N/A,14:52,Soft,2m 4f 150y,Splashing Out (IRE),S D Torrens,0,E Griffin,PU,N/A,6,11-5,-,True,154,22
Navan Racing Results | 7th December 2024 14:52,N/A,14:52,Soft,2m 4f 150y,Dee Capo (FR),D J Gilligan,0,G Elliott,F,N/A,5,11-12,-,True,154,22
Navan Racing Results | 7th December 2024 14:52,N/A,14:52,Soft,2m 4f 150y,Duffys Getaway (IRE),J P O'Sullivan,0,P J Rothwell,15th,4 l,7,11-12,-,True,154,22
Navan Racing Results | 7th December 2024 14:52,N/A,14:52,Soft,2m 4f 150y,Gringo D'aubrelle (FR),J S McGarvey,0,G Elliott,14th,4 1/2 l,8,11-12,-,True,154,22
Navan Racing Results | 7th December 2024 14:52,N/A,14:52,Soft,2m 4f 150y,No Flies On Him (IRE),M M McDonagh,0,E J O'Grady,13th,3 1/2 l,5,11-12,-,True,154,22
Navan Racing Results | 7th December 2024 14:52,N/A,14:52,Soft,2m 4f 150y,Coming Up Easy (IRE),M P O'Connor,0,H De Bromhead,12th,9 1/2 l,6,11-12t,-,True,154,22
Navan Racing Results | 7th December 2024 14:52,N/A,14:52,Soft,2m 4f 150y,Three In A Row (IRE),D Meyler,0,A L T Moore,11th,2 1/4 l,6,11-12,-,True,154,22
Navan Racing Results | 7th December 2024 14:52,N/A,14:52,Soft,2m 4f 150y,Vaureal (FR),R Deegan,0,C Bowe,10th,7 l,5,11-12,-,True,154,22
Navan Racing Results | 7th December 2024 14:52,N/A,14:52,Soft,2m 4f 150y,Backtonormal (IRE),K M Donoghue,0,G P Cromwell,9th,4 l,6,11-12,-,True,154,22
Navan Racing Results | 7th December 2024 14:52,N/A,14:52,Soft,2m 4f 150y,Mahon's Way (IRE),D J O'Keeffe,0,H De Bromhead,8th,2 1/2 l,6,11-12,-,True,154,22
Navan Racing Results | 7th December 2024 14:52,N/A,14:52,Soft,2m 4f 150y,Chosen Witness (IRE),S F O'Keeffe,0,W P Mullins,7th,1 1/2 l,7,11-12t,-,True,154,22
Navan Racing Results | 7th December 2024 14:52,N/A,14:52,Soft,2m 4f 150y,Now Is The Hour (IRE),S W Flanagan,0,G P Cromwell,6th,3/4 l,7,11-12,-,True,154,22
Navan Racing Results | 7th December 2024 14:52,N/A,14:52,Soft,2m 4f 150y,Park The Giant (IRE),Niall Moore,7,P Fenton,5th,29 l,6,11-12,-,True,154,22
Navan Racing Results | 7th December 2024 14:52,N/A,14:52,Soft,2m 4f 150y,What's Up Darling (IRE),Sam Ewing,0,G Elliott,4th,8 l,7,11-12,-,True,154,22
Navan Racing Results | 7th December 2024 14:52,N/A,14:52,Soft,2m 4f 150y,Good Land (FR),Mr F Maguire,0,B Connell,3rd,1 1/2 l,8,11-12,-,True,154,22
Navan Racing Results | 7th December 2024 14:52,N/A,14:52,Soft,2m 4f 150y,Waterford Whispers (IRE),B Hayes,0,H De Bromhead,2nd,9 l,6,11-12,-,True,154,22
Navan Racing Results | 7th December 2024 14:52,N/A,14:52,Soft,2m 4f 150y,Ile Atlantique (FR),P Townend,0,W P Mullins,1st,N/A,6,11-12t1,-,True,154,22
Navan Racing Results | 7th December 2024 14:52,N/A,14:52,Soft,2m 4f 150y,American Money (IRE),K E Buckley,0,E & P Harty,PU,N/A,7,11-12,-,True,154,22
Navan Racing Results | 7th December 2024 14:52,N/A,14:52,Soft,2m 4f 150y,Splashing Out (IRE),S D Torrens,0,E Griffin,PU,N/A,6,11-5,-,True,154,22
Navan Racing Results | 7th December 2024 14:52,N/A,14:52,Soft,2m 4f 150y,Dee Capo (FR),D J Gilligan,0,G Elliott,F,N/A,5,11-12,-,True,154,22
Navan Racing Results | 7th December 2024 14:52,N/A,14:52,Soft,2m 4f 150y,Duffys Getaway (IRE),J P O'Sullivan,0,P J Rothwell,15th,4 l,7,11-12,-,True,154,22
Navan Racing Results | 7th December 2024 14:52,N/A,14:52,Soft,2m 4f 150y,Gringo D'aubrelle (FR),J S McGarvey,0,G Elliott,14th,4 1/2 l,8,11-12,-,True,154,22
Navan Racing Results | 7th December 2024 14:52,N/A,14:52,Soft,2m 4f 150y,No Flies On Him (IRE),M M McDonagh,0,E J O'Grady,13th,3 1/2 l,5,11-12,-,True,154,22
Navan Racing Results | 7th December 2024 14:52,N/A,14:52,Soft,2m 4f 150y,Coming Up Easy (IRE),M P O'Connor,0,H De Bromhead,12th,9 1/2 l,6,11-12t,-,True,154,22
Navan Racing Results | 7th December 2024 14:52,N/A,14:52,Soft,2m 4f 150y,Three In A Row (IRE),D Meyler,0,A L T Moore,11th,2 1/4 l,6,11-12,-,True,154,22
Navan Racing Results | 7th December 2024 14:52,N/A,14:52,Soft,2m 4f 150y,Vaureal (FR),R Deegan,0,C Bowe,10th,7 l,5,11-12,-,True,154,22
Navan Racing Results | 7th December 2024 14:52,N/A,14:52,Soft,2m 4f 150y,Backtonormal (IRE),K M Donoghue,0,G P Cromwell,9th,4 l,6,11-12,-,True,154,22
Navan Racing Results | 7th December 2024 14:52,N/A,14:52,Soft,2m 4f 150y,Mahon's Way (IRE),D J O'Keeffe,0,H De Bromhead,8th,2 1/2 l,6,11-12,-,True,154,22
Navan Racing Results | 7th December 2024 14:52,N/A,14:52,Soft,2m 4f 150y,Chosen Witness (IRE),S F O'Keeffe,0,W P Mullins,7th,1 1/2 l,7,11-12t,-,True,154,22
Navan Racing Results | 7th December 2024 14:52,N/A,14:52,Soft,2m 4f 150y,Now Is The Hour (IRE),S W Flanagan,0,G P Cromwell,6th,3/4 l,7,11-12,-,True,154,22
Navan Racing Results | 7th December 2024 14:52,N/A,14:52,Soft,2m 4f 150y,Park The Giant (IRE),Niall Moore,7,P Fenton,5th,29 l,6,11-12,-,True,154,22
Navan Racing Results | 7th December 2024 14:52,N/A,14:52,Soft,2m 4f 150y,What's Up Darling (IRE),Sam Ewing,0,G Elliott,4th,8 l,7,11-12,-,True,154,22
Navan Racing Results | 7th December 2024 14:52,N/A,14:52,Soft,2m 4f 150y,Good Land (FR),Mr F Maguire,0,B Connell,3rd,1 1/2 l,8,11-12,-,True,154,22
Navan Racing Results | 7th December 2024 14:52,N/A,14:52,Soft,2m 4f 150y,Waterford Whispers (IRE),B Hayes,0,H De Bromhead,2nd,9 l,6,11-12,-,True,154,22
Navan Racing Results | 7th December 2024 14:52,N/A,14:52,Soft,2m 4f 150y,Ile Atlantique (FR),P Townend,0,W P Mullins,1st,N/A,6,11-12t1,-,True,154,22
Navan Racing Results | 7th December 2024 15:27,N/A,15:27,Soft (Soft To Heavy In Places),2m,Roxy Roulette (IRE),Mr Thomas P Smith Carberry,7,A J Martin,7th,72 l,7,11-7,-,True,154,23
Navan Racing Results | 7th December 2024 15:27,N/A,15:27,Soft (Soft To Heavy In Places),2m,Silk Row (IRE),Mr L P Shanahan,7,P McCreery,6th,45 l,6,11-7,-,True,154,23
Navan Racing Results | 7th December 2024 15:27,N/A,15:27,Soft (Soft To Heavy In Places),2m,Beckistine (IRE),Mr J L Gleeson,3,M A Molloy,5th,3/4 l,5,12-0,-,True,154,23
Navan Racing Results | 7th December 2024 15:27,N/A,15:27,Soft (Soft To Heavy In Places),2m,Kaleo Ametsa (FR),Mr J H Williamson,7,J Halley,4th,13 l,4,11-7t1,-,True,154,23
Navan Racing Results | 7th December 2024 15:27,N/A,15:27,Soft (Soft To Heavy In Places),2m,Jolie Folie (IRE),Mr S Connor,7,S R B Crawford,3rd,9 1/2 l,5,11-7,-,True,154,23
Navan Racing Results | 7th December 2024 15:27,N/A,15:27,Soft (Soft To Heavy In Places),2m,Coyote Spirit (IRE),Mr J R Martin,7,F G Hand,2nd,3 1/2 l,6,12-0,-,True,154,23
Navan Racing Results | 7th December 2024 15:27,N/A,15:27,Soft (Soft To Heavy In Places),2m,He Can't Dance (IRE),Mr H C Swan,0,G Elliott,1st,N/A,4,12-0,-,True,154,23
Navan Racing Results | 7th December 2024 15:27,N/A,15:27,Soft (Soft To Heavy In Places),2m,Roxy Roulette (IRE),Mr Thomas P Smith Carberry,7,A J Martin,7th,72 l,7,11-7,-,True,154,23
Navan Racing Results | 7th December 2024 15:27,N/A,15:27,Soft (Soft To Heavy In Places),2m,Silk Row (IRE),Mr L P Shanahan,7,P McCreery,6th,45 l,6,11-7,-,True,154,23
Navan Racing Results | 7th December 2024 15:27,N/A,15:27,Soft (Soft To Heavy In Places),2m,Beckistine (IRE),Mr J L Gleeson,3,M A Molloy,5th,3/4 l,5,12-0,-,True,154,23
Navan Racing Results | 7th December 2024 15:27,N/A,15:27,Soft (Soft To Heavy In Places),2m,Kaleo Ametsa (FR),Mr J H Williamson,7,J Halley,4th,13 l,4,11-7t1,-,True,154,23
Navan Racing Results | 7th December 2024 15:27,N/A,15:27,Soft (Soft To Heavy In Places),2m,Jolie Folie (IRE),Mr S Connor,7,S R B Crawford,3rd,9 1/2 l,5,11-7,-,True,154,23
Navan Racing Results | 7th December 2024 15:27,N/A,15:27,Soft (Soft To Heavy In Places),2m,Coyote Spirit (IRE),Mr J R Martin,7,F G Hand,2nd,3 1/2 l,6,12-0,-,True,154,23
Navan Racing Results | 7th December 2024 15:27,N/A,15:27,Soft (Soft To Heavy In Places),2m,He Can't Dance (IRE),Mr H C Swan,0,G Elliott,1st,N/A,4,12-0,-,True,154,23
Cork Racing Results | 8th December 2024 12:03,N/A,12:03,Soft (Yielding To Soft In Places),1m 7f 145y,Pomeriggio (IRE),J Coen,3,Peter Fahey,UR,N/A,3,10-7,-,True,154,24
Cork Racing Results | 8th December 2024 12:03,N/A,12:03,Soft (Yielding To Soft In Places),1m 7f 145y,Babich (IRE),S W Flanagan,0,G P Cromwell,UR,N/A,3,11-0t,-,True,154,24
Cork Racing Results | 8th December 2024 12:03,N/A,12:03,Soft (Yielding To Soft In Places),1m 7f 145y,Maxios Prime (IRE),T Power Roche,7,P J Rothwell,18th,6 1/2 l,3,10-7,-,True,154,24
Cork Racing Results | 8th December 2024 12:03,N/A,12:03,Soft (Yielding To Soft In Places),1m 7f 145y,Tir Og (IRE),C M Quirke,5,E Seymour,17th,4 3/4 l,3,10-7,-,True,154,24
Cork Racing Results | 8th December 2024 12:03,N/A,12:03,Soft (Yielding To Soft In Places),1m 7f 145y,Samothraki (FR),J C Gainford,0,A McCann,16th,2 1/2 l,3,10-7,-,True,154,24
Cork Racing Results | 8th December 2024 12:03,N/A,12:03,Soft (Yielding To Soft In Places),1m 7f 145y,Timeonourside (IRE),R A Doyle,0,Leonard Flynn,15th,10 l,3,11-0h1,-,True,154,24
Cork Racing Results | 8th December 2024 12:03,N/A,12:03,Soft (Yielding To Soft In Places),1m 7f 145y,Fighting Falcon (IRE),P T Enright,0,J Halley,14th,1/2 l,3,11-0t1,-,True,154,24
Cork Racing Results | 8th December 2024 12:03,N/A,12:03,Soft (Yielding To Soft In Places),1m 7f 145y,Nans View (IRE),A P Kelly,5,J P Fahey,13th,22 l,3,10-7,-,True,154,24
Cork Racing Results | 8th December 2024 12:03,N/A,12:03,Soft (Yielding To Soft In Places),1m 7f 145y,King Of The Bronx (IRE),S Fitzgerald,0,G P Cromwell,12th,Neck,3,11-0,-,True,154,24
Cork Racing Results | 8th December 2024 12:03,N/A,12:03,Soft (Yielding To Soft In Places),1m 7f 145y,Miss Gitana (IRE),K C Sexton,0,G Elliott,11th,1/2 l,3,10-7,-,True,154,24
Cork Racing Results | 8th December 2024 12:03,N/A,12:03,Soft (Yielding To Soft In Places),1m 7f 145y,Ameilya,D King,0,J M Barrett,10th,Head,3,10-7,-,True,154,24
Cork Racing Results | 8th December 2024 12:03,N/A,12:03,Soft (Yielding To Soft In Places),1m 7f 145y,Tremaine,D E Mullins,0,D Hogan,9th,6 l,3,11-0,-,True,154,24
Cork Racing Results | 8th December 2024 12:03,N/A,12:03,Soft (Yielding To Soft In Places),1m 7f 145y,Doctor Confusion (FR),D J O'Keeffe,0,H De Bromhead,8th,8 l,3,11-0,-,True,154,24
Cork Racing Results | 8th December 2024 12:03,N/A,12:03,Soft (Yielding To Soft In Places),1m 7f 145y,You Played Well (IRE),Mr P J Cody,7,K Purcell,7th,4 1/4 l,3,11-0,-,True,154,24
Cork Racing Results | 8th December 2024 12:03,N/A,12:03,Soft (Yielding To Soft In Places),1m 7f 145y,You Done Well (IRE),D Meyler,0,K Purcell,6th,4 1/2 l,3,11-0,-,True,154,24
Cork Racing Results | 8th December 2024 12:03,N/A,12:03,Soft (Yielding To Soft In Places),1m 7f 145y,Castleheath (IRE),E Walsh,0,Ciaran Murphy,5th,Head,3,11-0,-,True,154,24
Cork Racing Results | 8th December 2024 12:03,N/A,12:03,Soft (Yielding To Soft In Places),1m 7f 145y,Carried With Love (IRE),S D Torrens,0,J P O'Brien,4th,2 l,3,10-7,-,True,154,24
Cork Racing Results | 8th December 2024 12:03,N/A,12:03,Soft (Yielding To Soft In Places),1m 7f 145y,Lakota Blue (FR),Sam Ewing,0,G Elliott,3rd,7 l,3,11-0,-,True,154,24
Cork Racing Results | 8th December 2024 12:03,N/A,12:03,Soft (Yielding To Soft In Places),1m 7f 145y,Turn And Finish (IRE),R Deegan,0,J P O'Brien,2nd,1 1/4 l,3,11-0,-,True,154,24
Cork Racing Results | 8th December 2024 12:03,N/A,12:03,Soft (Yielding To Soft In Places),1m 7f 145y,Puturhandstogether (IRE),M P Walsh,0,J P O'Brien,1st,N/A,3,11-0,-,True,154,24
Cork Racing Results | 8th December 2024 12:03,N/A,12:03,Soft (Yielding To Soft In Places),1m 7f 145y,Pomeriggio (IRE),J Coen,3,Peter Fahey,UR,N/A,3,10-7,-,True,154,24
Cork Racing Results | 8th December 2024 12:03,N/A,12:03,Soft (Yielding To Soft In Places),1m 7f 145y,Babich (IRE),S W Flanagan,0,G P Cromwell,UR,N/A,3,11-0t,-,True,154,24
Cork Racing Results | 8th December 2024 12:03,N/A,12:03,Soft (Yielding To Soft In Places),1m 7f 145y,Maxios Prime (IRE),T Power Roche,7,P J Rothwell,18th,6 1/2 l,3,10-7,-,True,154,24
Cork Racing Results | 8th December 2024 12:03,N/A,12:03,Soft (Yielding To Soft In Places),1m 7f 145y,Tir Og (IRE),C M Quirke,5,E Seymour,17th,4 3/4 l,3,10-7,-,True,154,24
Cork Racing Results | 8th December 2024 12:03,N/A,12:03,Soft (Yielding To Soft In Places),1m 7f 145y,Samothraki (FR),J C Gainford,0,A McCann,16th,2 1/2 l,3,10-7,-,True,154,24
Cork Racing Results | 8th December 2024 12:03,N/A,12:03,Soft (Yielding To Soft In Places),1m 7f 145y,Timeonourside (IRE),R A Doyle,0,Leonard Flynn,15th,10 l,3,11-0h1,-,True,154,24
Cork Racing Results | 8th December 2024 12:03,N/A,12:03,Soft (Yielding To Soft In Places),1m 7f 145y,Fighting Falcon (IRE),P T Enright,0,J Halley,14th,1/2 l,3,11-0t1,-,True,154,24
Cork Racing Results | 8th December 2024 12:03,N/A,12:03,Soft (Yielding To Soft In Places),1m 7f 145y,Nans View (IRE),A P Kelly,5,J P Fahey,13th,22 l,3,10-7,-,True,154,24
Cork Racing Results | 8th December 2024 12:03,N/A,12:03,Soft (Yielding To Soft In Places),1m 7f 145y,King Of The Bronx (IRE),S Fitzgerald,0,G P Cromwell,12th,Neck,3,11-0,-,True,154,24
Cork Racing Results | 8th December 2024 12:03,N/A,12:03,Soft (Yielding To Soft In Places),1m 7f 145y,Miss Gitana (IRE),K C Sexton,0,G Elliott,11th,1/2 l,3,10-7,-,True,154,24
Cork Racing Results | 8th December 2024 12:03,N/A,12:03,Soft (Yielding To Soft In Places),1m 7f 145y,Ameilya,D King,0,J M Barrett,10th,Head,3,10-7,-,True,154,24
Cork Racing Results | 8th December 2024 12:03,N/A,12:03,Soft (Yielding To Soft In Places),1m 7f 145y,Tremaine,D E Mullins,0,D Hogan,9th,6 l,3,11-0,-,True,154,24
Cork Racing Results | 8th December 2024 12:03,N/A,12:03,Soft (Yielding To Soft In Places),1m 7f 145y,Doctor Confusion (FR),D J O'Keeffe,0,H De Bromhead,8th,8 l,3,11-0,-,True,154,24
Cork Racing Results | 8th December 2024 12:03,N/A,12:03,Soft (Yielding To Soft In Places),1m 7f 145y,You Played Well (IRE),Mr P J Cody,7,K Purcell,7th,4 1/4 l,3,11-0,-,True,154,24
Cork Racing Results | 8th December 2024 12:03,N/A,12:03,Soft (Yielding To Soft In Places),1m 7f 145y,You Done Well (IRE),D Meyler,0,K Purcell,6th,4 1/2 l,3,11-0,-,True,154,24
Cork Racing Results | 8th December 2024 12:03,N/A,12:03,Soft (Yielding To Soft In Places),1m 7f 145y,Castleheath (IRE),E Walsh,0,Ciaran Murphy,5th,Head,3,11-0,-,True,154,24
Cork Racing Results | 8th December 2024 12:03,N/A,12:03,Soft (Yielding To Soft In Places),1m 7f 145y,Carried With Love (IRE),S D Torrens,0,J P O'Brien,4th,2 l,3,10-7,-,True,154,24
Cork Racing Results | 8th December 2024 12:03,N/A,12:03,Soft (Yielding To Soft In Places),1m 7f 145y,Lakota Blue (FR),Sam Ewing,0,G Elliott,3rd,7 l,3,11-0,-,True,154,24
Cork Racing Results | 8th December 2024 12:03,N/A,12:03,Soft (Yielding To Soft In Places),1m 7f 145y,Turn And Finish (IRE),R Deegan,0,J P O'Brien,2nd,1 1/4 l,3,11-0,-,True,154,24
Cork Racing Results | 8th December 2024 12:03,N/A,12:03,Soft (Yielding To Soft In Places),1m 7f 145y,Puturhandstogether (IRE),M P Walsh,0,J P O'Brien,1st,N/A,3,11-0,-,True,154,24
Cork Racing Results | 8th December 2024 12:33,N/A,12:33,Soft (Yielding To Soft In Places),1m 7f 145y,Simpson's Paradox (IRE),A M King,7,J A Kinsella,NR,N/A,4,11-12t,-,True,154,25
Cork Racing Results | 8th December 2024 12:33,N/A,12:33,Soft (Yielding To Soft In Places),1m 7f 145y,Wakey Wakey Man (IRE),R Deegan,0,J Dullea,NR,N/A,4,11-12,-,True,154,25
Cork Racing Results | 8th December 2024 12:33,N/A,12:33,Soft (Yielding To Soft In Places),1m 7f 145y,Teds Corner (IRE),Non Runner,0,A J Martin,NR,N/A,4,11-12,-,True,154,25
Cork Racing Results | 8th December 2024 12:33,N/A,12:33,Soft (Yielding To Soft In Places),1m 7f 145y,Presenting Max (IRE),Non Runner,0,A J Martin,NR,N/A,5,11-12,-,True,154,25
Cork Racing Results | 8th December 2024 12:33,N/A,12:33,Soft (Yielding To Soft In Places),1m 7f 145y,Famous Sonnet (IRE),E M O'Sullivan,7,Ms M Flynn,UR,N/A,7,11-12,-,True,154,25
Cork Racing Results | 8th December 2024 12:33,N/A,12:33,Soft (Yielding To Soft In Places),1m 7f 145y,Park That (IRE),S D Torrens,0,E Bolger,F,N/A,4,11-12,-,True,154,25
Cork Racing Results | 8th December 2024 12:33,N/A,12:33,Soft (Yielding To Soft In Places),1m 7f 145y,Spring Evening (IRE),J P O'Sullivan,0,Yvonne Latta,18th,17 l,4,11-12h1,-,True,154,25
Cork Racing Results | 8th December 2024 12:33,N/A,12:33,Soft (Yielding To Soft In Places),1m 7f 145y,Hitthehayson (IRE),T Power Roche,7,P J Rothwell,17th,48 l,5,11-12,-,True,154,25
Cork Racing Results | 8th December 2024 12:33,N/A,12:33,Soft (Yielding To Soft In Places),1m 7f 145y,Notimelikedpresent (IRE),J S McGarvey,0,R Tyner,16th,4 3/4 l,4,11-12,-,True,154,25
Cork Racing Results | 8th December 2024 12:33,N/A,12:33,Soft (Yielding To Soft In Places),1m 7f 145y,Mujeres Isla (IRE),R P Treacy,0,R Tyner,15th,1 3/4 l,4,11-12,-,True,154,25
Cork Racing Results | 8th December 2024 12:33,N/A,12:33,Soft (Yielding To Soft In Places),1m 7f 145y,Kilcrea Castle (IRE),M P O'Connor,0,J J Mangan,14th,Neck,4,11-12h1,-,True,154,25
Cork Racing Results | 8th December 2024 12:33,N/A,12:33,Soft (Yielding To Soft In Places),1m 7f 145y,Lost Features (IRE),J G Gilligan,5,D Collins,13th,3 3/4 l,4,11-5,-,True,154,25
Cork Racing Results | 8th December 2024 12:33,N/A,12:33,Soft (Yielding To Soft In Places),1m 7f 145y,Aclass (IRE),C M Quirke,5,J P Flavin,12th,3 1/4 l,6,11-12,-,True,154,25
Cork Racing Results | 8th December 2024 12:33,N/A,12:33,Soft (Yielding To Soft In Places),1m 7f 145y,A Family Affair (IRE),J P Shinnick,5,T O'Brien,11th,2 1/4 l,4,11-5,-,True,154,25
Cork Racing Results | 8th December 2024 12:33,N/A,12:33,Soft (Yielding To Soft In Places),1m 7f 145y,Comanche Moon (IRE),S F O'Keeffe,0,C Byrnes,10th,11 l,4,11-12,-,True,154,25
Cork Racing Results | 8th December 2024 12:33,N/A,12:33,Soft (Yielding To Soft In Places),1m 7f 145y,Rocky Rock On (IRE),K M Donoghue,0,E Cawley,9th,7 l,4,11-12,-,True,154,25
Cork Racing Results | 8th December 2024 12:33,N/A,12:33,Soft (Yielding To Soft In Places),1m 7f 145y,Big Dispute (IRE),P T Enright,0,Con McSweeney,8th,3 1/4 l,5,11-12,-,True,154,25
Cork Racing Results | 8th December 2024 12:33,N/A,12:33,Soft (Yielding To Soft In Places),1m 7f 145y,James The Brave (IRE),B Hayes,0,Padraig Butler,7th,1 1/4 l,4,11-12,-,True,154,25
Cork Racing Results | 8th December 2024 12:33,N/A,12:33,Soft (Yielding To Soft In Places),1m 7f 145y,Shadow Paddy (IRE),G B Noonan,5,E McCarthy,6th,24 l,4,11-12,-,True,154,25
Cork Racing Results | 8th December 2024 12:33,N/A,12:33,Soft (Yielding To Soft In Places),1m 7f 145y,Titanium (FR),E Walsh,0,Ciaran Murphy,5th,3/4 l,5,11-12t,-,True,154,25
Cork Racing Results | 8th December 2024 12:33,N/A,12:33,Soft (Yielding To Soft In Places),1m 7f 145y,Pure Steel (IRE),M P Walsh,0,J J Mangan,4th,10 l,4,11-12,-,True,154,25
Cork Racing Results | 8th December 2024 12:33,N/A,12:33,Soft (Yielding To Soft In Places),1m 7f 145y,Icare D'aubrelle (FR),D Meyler,0,T Cooper,3rd,3 1/4 l,6,11-12,-,True,154,25
Cork Racing Results | 8th December 2024 12:33,N/A,12:33,Soft (Yielding To Soft In Places),1m 7f 145y,Kappa Jy Pyke (FR),P Townend,0,W P Mullins,2nd,4 1/4 l,4,11-12,-,True,154,25
Cork Racing Results | 8th December 2024 12:33,N/A,12:33,Soft (Yielding To Soft In Places),1m 7f 145y,Sky Lord,D J O'Keeffe,0,H De Bromhead,1st,N/A,5,11-12,-,True,154,25
Cork Racing Results | 8th December 2024 12:33,N/A,12:33,Soft (Yielding To Soft In Places),1m 7f 145y,Simpson's Paradox (IRE),A M King,7,J A Kinsella,NR,N/A,4,11-12t,-,True,154,25
Cork Racing Results | 8th December 2024 12:33,N/A,12:33,Soft (Yielding To Soft In Places),1m 7f 145y,Wakey Wakey Man (IRE),R Deegan,0,J Dullea,NR,N/A,4,11-12,-,True,154,25
Cork Racing Results | 8th December 2024 12:33,N/A,12:33,Soft (Yielding To Soft In Places),1m 7f 145y,Teds Corner (IRE),Non Runner,0,A J Martin,NR,N/A,4,11-12,-,True,154,25
Cork Racing Results | 8th December 2024 12:33,N/A,12:33,Soft (Yielding To Soft In Places),1m 7f 145y,Presenting Max (IRE),Non Runner,0,A J Martin,NR,N/A,5,11-12,-,True,154,25
Cork Racing Results | 8th December 2024 12:33,N/A,12:33,Soft (Yielding To Soft In Places),1m 7f 145y,Famous Sonnet (IRE),E M O'Sullivan,7,Ms M Flynn,UR,N/A,7,11-12,-,True,154,25
Cork Racing Results | 8th December 2024 12:33,N/A,12:33,Soft (Yielding To Soft In Places),1m 7f 145y,Park That (IRE),S D Torrens,0,E Bolger,F,N/A,4,11-12,-,True,154,25
Cork Racing Results | 8th December 2024 12:33,N/A,12:33,Soft (Yielding To Soft In Places),1m 7f 145y,Spring Evening (IRE),J P O'Sullivan,0,Yvonne Latta,18th,17 l,4,11-12h1,-,True,154,25
Cork Racing Results | 8th December 2024 12:33,N/A,12:33,Soft (Yielding To Soft In Places),1m 7f 145y,Hitthehayson (IRE),T Power Roche,7,P J Rothwell,17th,48 l,5,11-12,-,True,154,25
Cork Racing Results | 8th December 2024 12:33,N/A,12:33,Soft (Yielding To Soft In Places),1m 7f 145y,Notimelikedpresent (IRE),J S McGarvey,0,R Tyner,16th,4 3/4 l,4,11-12,-,True,154,25
Cork Racing Results | 8th December 2024 12:33,N/A,12:33,Soft (Yielding To Soft In Places),1m 7f 145y,Mujeres Isla (IRE),R P Treacy,0,R Tyner,15th,1 3/4 l,4,11-12,-,True,154,25
Cork Racing Results | 8th December 2024 12:33,N/A,12:33,Soft (Yielding To Soft In Places),1m 7f 145y,Kilcrea Castle (IRE),M P O'Connor,0,J J Mangan,14th,Neck,4,11-12h1,-,True,154,25
Cork Racing Results | 8th December 2024 12:33,N/A,12:33,Soft (Yielding To Soft In Places),1m 7f 145y,Lost Features (IRE),J G Gilligan,5,D Collins,13th,3 3/4 l,4,11-5,-,True,154,25
Cork Racing Results | 8th December 2024 12:33,N/A,12:33,Soft (Yielding To Soft In Places),1m 7f 145y,Aclass (IRE),C M Quirke,5,J P Flavin,12th,3 1/4 l,6,11-12,-,True,154,25
Cork Racing Results | 8th December 2024 12:33,N/A,12:33,Soft (Yielding To Soft In Places),1m 7f 145y,A Family Affair (IRE),J P Shinnick,5,T O'Brien,11th,2 1/4 l,4,11-5,-,True,154,25
Cork Racing Results | 8th December 2024 12:33,N/A,12:33,Soft (Yielding To Soft In Places),1m 7f 145y,Comanche Moon (IRE),S F O'Keeffe,0,C Byrnes,10th,11 l,4,11-12,-,True,154,25
Cork Racing Results | 8th December 2024 12:33,N/A,12:33,Soft (Yielding To Soft In Places),1m 7f 145y,Rocky Rock On (IRE),K M Donoghue,0,E Cawley,9th,7 l,4,11-12,-,True,154,25
Cork Racing Results | 8th December 2024 12:33,N/A,12:33,Soft (Yielding To Soft In Places),1m 7f 145y,Big Dispute (IRE),P T Enright,0,Con McSweeney,8th,3 1/4 l,5,11-12,-,True,154,25
Cork Racing Results | 8th December 2024 12:33,N/A,12:33,Soft (Yielding To Soft In Places),1m 7f 145y,James The Brave (IRE),B Hayes,0,Padraig Butler,7th,1 1/4 l,4,11-12,-,True,154,25
Cork Racing Results | 8th December 2024 12:33,N/A,12:33,Soft (Yielding To Soft In Places),1m 7f 145y,Shadow Paddy (IRE),G B Noonan,5,E McCarthy,6th,24 l,4,11-12,-,True,154,25
Cork Racing Results | 8th December 2024 12:33,N/A,12:33,Soft (Yielding To Soft In Places),1m 7f 145y,Titanium (FR),E Walsh,0,Ciaran Murphy,5th,3/4 l,5,11-12t,-,True,154,25
Cork Racing Results | 8th December 2024 12:33,N/A,12:33,Soft (Yielding To Soft In Places),1m 7f 145y,Pure Steel (IRE),M P Walsh,0,J J Mangan,4th,10 l,4,11-12,-,True,154,25
Cork Racing Results | 8th December 2024 12:33,N/A,12:33,Soft (Yielding To Soft In Places),1m 7f 145y,Icare D'aubrelle (FR),D Meyler,0,T Cooper,3rd,3 1/4 l,6,11-12,-,True,154,25
Cork Racing Results | 8th December 2024 12:33,N/A,12:33,Soft (Yielding To Soft In Places),1m 7f 145y,Kappa Jy Pyke (FR),P Townend,0,W P Mullins,2nd,4 1/4 l,4,11-12,-,True,154,25
Cork Racing Results | 8th December 2024 12:33,N/A,12:33,Soft (Yielding To Soft In Places),1m 7f 145y,Sky Lord,D J O'Keeffe,0,H De Bromhead,1st,N/A,5,11-12,-,True,154,25
Cork Racing Results | 8th December 2024 13:05,N/A,13:05,Soft (Yielding To Soft In Places),3m 80y,Luckinthecity,P Townend,0,W P Mullins,F,N/A,5,11-3,-,True,154,26
Cork Racing Results | 8th December 2024 13:05,N/A,13:05,Soft (Yielding To Soft In Places),3m 80y,Churchroad Prince (IRE),M J M O'Sullivan,0,Jonathan Sweeney,5th,3 1/4 l,6,11-0,-,True,154,26
Cork Racing Results | 8th December 2024 13:05,N/A,13:05,Soft (Yielding To Soft In Places),3m 80y,Therellbguddaysyet (IRE),D J O'Keeffe,0,M J O'Connor,4th,16 l,8,11-0,-,True,154,26
Cork Racing Results | 8th December 2024 13:05,N/A,13:05,Soft (Yielding To Soft In Places),3m 80y,Just For Love (IRE),D E Mullins,0,W P Mullins,3rd,2 1/4 l,5,10-10,-,True,154,26
Cork Racing Results | 8th December 2024 13:05,N/A,13:05,Soft (Yielding To Soft In Places),3m 80y,Minella Sixo (IRE),Sam Ewing,0,G Elliott,2nd,2 1/2 l,5,11-3,-,True,154,26
Cork Racing Results | 8th December 2024 13:05,N/A,13:05,Soft (Yielding To Soft In Places),3m 80y,Pray Tell (IRE),J P Shinnick,0,D Kenneally,1st,N/A,8,11-0,-,True,154,26
Cork Racing Results | 8th December 2024 13:05,N/A,13:05,Soft (Yielding To Soft In Places),3m 80y,Luckinthecity,P Townend,0,W P Mullins,F,N/A,5,11-3,-,True,154,26
Cork Racing Results | 8th December 2024 13:05,N/A,13:05,Soft (Yielding To Soft In Places),3m 80y,Churchroad Prince (IRE),M J M O'Sullivan,0,Jonathan Sweeney,5th,3 1/4 l,6,11-0,-,True,154,26
Cork Racing Results | 8th December 2024 13:05,N/A,13:05,Soft (Yielding To Soft In Places),3m 80y,Therellbguddaysyet (IRE),D J O'Keeffe,0,M J O'Connor,4th,16 l,8,11-0,-,True,154,26
Cork Racing Results | 8th December 2024 13:05,N/A,13:05,Soft (Yielding To Soft In Places),3m 80y,Just For Love (IRE),D E Mullins,0,W P Mullins,3rd,2 1/4 l,5,10-10,-,True,154,26
Cork Racing Results | 8th December 2024 13:05,N/A,13:05,Soft (Yielding To Soft In Places),3m 80y,Minella Sixo (IRE),Sam Ewing,0,G Elliott,2nd,2 1/2 l,5,11-3,-,True,154,26
Cork Racing Results | 8th December 2024 13:05,N/A,13:05,Soft (Yielding To Soft In Places),3m 80y,Pray Tell (IRE),J P Shinnick,0,D Kenneally,1st,N/A,8,11-0,-,True,154,26
Cork Racing Results | 8th December 2024 13:40,N/A,13:40,Yielding (Yielding To Soft In Places),2m 160y,Air Drop (IRE),Sam Ewing,0,G Elliott,UR,N/A,6,10-13,-,True,154,27
Cork Racing Results | 8th December 2024 13:40,N/A,13:40,Yielding (Yielding To Soft In Places),2m 160y,Zenta (FR),P Townend,0,W P Mullins,PU,N/A,5,10-13,-,True,154,27
Cork Racing Results | 8th December 2024 13:40,N/A,13:40,Yielding (Yielding To Soft In Places),2m 160y,Must Be Dreaming (IRE),J P Shinnick,0,G Ahern,6th,4 1/4 l,7,10-13tp,-,True,154,27
Cork Racing Results | 8th December 2024 13:40,N/A,13:40,Yielding (Yielding To Soft In Places),2m 160y,A Law Of Her Own (IRE),D E Mullins,0,Peter Fahey,5th,8 1/2 l,7,10-13,-,True,154,27
Cork Racing Results | 8th December 2024 13:40,N/A,13:40,Yielding (Yielding To Soft In Places),2m 160y,Kilbarry Saint (FR),D J O'Keeffe,0,C O'Keeffe,4th,4 1/4 l,5,10-13t,-,True,154,27
Cork Racing Results | 8th December 2024 13:40,N/A,13:40,Yielding (Yielding To Soft In Places),2m 160y,Karia Des Blaises (FR),B Hayes,0,W P Mullins,3rd,4 1/4 l,4,10-7,-,True,154,27
Cork Racing Results | 8th December 2024 13:40,N/A,13:40,Yielding (Yielding To Soft In Places),2m 160y,Nara (FR),M P Walsh,0,H De Bromhead,2nd,3 3/4 l,4,10-7h,-,True,154,27
Cork Racing Results | 8th December 2024 13:40,N/A,13:40,Yielding (Yielding To Soft In Places),2m 160y,Only By Night (IRE),S W Flanagan,0,G P Cromwell,1st,N/A,6,10-13,-,True,154,27
Cork Racing Results | 8th December 2024 13:40,N/A,13:40,Yielding (Yielding To Soft In Places),2m 160y,Air Drop (IRE),Sam Ewing,0,G Elliott,UR,N/A,6,10-13,-,True,154,27
Cork Racing Results | 8th December 2024 13:40,N/A,13:40,Yielding (Yielding To Soft In Places),2m 160y,Zenta (FR),P Townend,0,W P Mullins,PU,N/A,5,10-13,-,True,154,27
Cork Racing Results | 8th December 2024 13:40,N/A,13:40,Yielding (Yielding To Soft In Places),2m 160y,Must Be Dreaming (IRE),J P Shinnick,0,G Ahern,6th,4 1/4 l,7,10-13tp,-,True,154,27
Cork Racing Results | 8th December 2024 13:40,N/A,13:40,Yielding (Yielding To Soft In Places),2m 160y,A Law Of Her Own (IRE),D E Mullins,0,Peter Fahey,5th,8 1/2 l,7,10-13,-,True,154,27
Cork Racing Results | 8th December 2024 13:40,N/A,13:40,Yielding (Yielding To Soft In Places),2m 160y,Kilbarry Saint (FR),D J O'Keeffe,0,C O'Keeffe,4th,4 1/4 l,5,10-13t,-,True,154,27
Cork Racing Results | 8th December 2024 13:40,N/A,13:40,Yielding (Yielding To Soft In Places),2m 160y,Karia Des Blaises (FR),B Hayes,0,W P Mullins,3rd,4 1/4 l,4,10-7,-,True,154,27
Cork Racing Results | 8th December 2024 13:40,N/A,13:40,Yielding (Yielding To Soft In Places),2m 160y,Nara (FR),M P Walsh,0,H De Bromhead,2nd,3 3/4 l,4,10-7h,-,True,154,27
Cork Racing Results | 8th December 2024 13:40,N/A,13:40,Yielding (Yielding To Soft In Places),2m 160y,Only By Night (IRE),S W Flanagan,0,G P Cromwell,1st,N/A,6,10-13,-,True,154,27
Cork Racing Results | 8th December 2024 14:15,N/A,14:15,Yielding (Yielding To Soft In Places),2m 160y,Banbridge (IRE),R Deegan,0,J P O'Brien,UR,N/A,8,12-0,-,True,154,28
Cork Racing Results | 8th December 2024 14:15,N/A,14:15,Yielding (Yielding To Soft In Places),2m 160y,Ferny Hollow (IRE),Mr P W Mullins,0,W P Mullins,F,N/A,9,11-7h,-,True,154,28
Cork Racing Results | 8th December 2024 14:15,N/A,14:15,Yielding (Yielding To Soft In Places),2m 160y,Hunters Yarn (IRE),B Hayes,0,W P Mullins,6th,21 l,7,11-4,-,True,154,28
Cork Racing Results | 8th December 2024 14:15,N/A,14:15,Yielding (Yielding To Soft In Places),2m 160y,The Banger Doyle (IRE),M J M O'Sullivan,0,J Queally,5th,5 1/2 l,8,11-4,-,True,154,28
Cork Racing Results | 8th December 2024 14:15,N/A,14:15,Yielding (Yielding To Soft In Places),2m 160y,Blue Lord (FR),D E Mullins,0,W P Mullins,4th,12 l,9,11-4t,-,True,154,28
Cork Racing Results | 8th December 2024 14:15,N/A,14:15,Yielding (Yielding To Soft In Places),2m 160y,Appreciate It (IRE),S F O'Keeffe,0,W P Mullins,3rd,6 l,10,11-4t,-,True,154,28
Cork Racing Results | 8th December 2024 14:15,N/A,14:15,Yielding (Yielding To Soft In Places),2m 160y,Dinoblue (FR),M P Walsh,0,W P Mullins,2nd,10 l,7,11-7,-,True,154,28
Cork Racing Results | 8th December 2024 14:15,N/A,14:15,Yielding (Yielding To Soft In Places),2m 160y,Energumene (FR),P Townend,0,W P Mullins,1st,N/A,10,11-4,-,True,154,28
Cork Racing Results | 8th December 2024 14:15,N/A,14:15,Yielding (Yielding To Soft In Places),2m 160y,Banbridge (IRE),R Deegan,0,J P O'Brien,UR,N/A,8,12-0,-,True,154,28
Cork Racing Results | 8th December 2024 14:15,N/A,14:15,Yielding (Yielding To Soft In Places),2m 160y,Ferny Hollow (IRE),Mr P W Mullins,0,W P Mullins,F,N/A,9,11-7h,-,True,154,28
Cork Racing Results | 8th December 2024 14:15,N/A,14:15,Yielding (Yielding To Soft In Places),2m 160y,Hunters Yarn (IRE),B Hayes,0,W P Mullins,6th,21 l,7,11-4,-,True,154,28
Cork Racing Results | 8th December 2024 14:15,N/A,14:15,Yielding (Yielding To Soft In Places),2m 160y,The Banger Doyle (IRE),M J M O'Sullivan,0,J Queally,5th,5 1/2 l,8,11-4,-,True,154,28
Cork Racing Results | 8th December 2024 14:15,N/A,14:15,Yielding (Yielding To Soft In Places),2m 160y,Blue Lord (FR),D E Mullins,0,W P Mullins,4th,12 l,9,11-4t,-,True,154,28
Cork Racing Results | 8th December 2024 14:15,N/A,14:15,Yielding (Yielding To Soft In Places),2m 160y,Appreciate It (IRE),S F O'Keeffe,0,W P Mullins,3rd,6 l,10,11-4t,-,True,154,28
Cork Racing Results | 8th December 2024 14:15,N/A,14:15,Yielding (Yielding To Soft In Places),2m 160y,Dinoblue (FR),M P Walsh,0,W P Mullins,2nd,10 l,7,11-7,-,True,154,28
Cork Racing Results | 8th December 2024 14:15,N/A,14:15,Yielding (Yielding To Soft In Places),2m 160y,Energumene (FR),P Townend,0,W P Mullins,1st,N/A,10,11-4,-,True,154,28
Cork Racing Results | 8th December 2024 14:50,N/A,14:50,Soft (Yielding To Soft In Places),2m 4f,Aine's Lad (IRE),B W Harvey,0,M J Smith,NR,N/A,5,11-4ht,106,True,154,29
Cork Racing Results | 8th December 2024 14:50,N/A,14:50,Soft (Yielding To Soft In Places),2m 4f,Whatsafellatodo (IRE),D Meyler,0,Richard Daniels,NR,N/A,11,11-5,107,True,154,29
Cork Racing Results | 8th December 2024 14:50,N/A,14:50,Soft (Yielding To Soft In Places),2m 4f,Voice Of Reason (IRE),Sam Ewing,0,G Elliott,18th,2 l,4,11-4tp1,106,True,154,29
Cork Racing Results | 8th December 2024 14:50,N/A,14:50,Soft (Yielding To Soft In Places),2m 4f,From The Ashes (IRE),R P Treacy,0,C Byrnes,17th,6 1/2 l,7,11-8,110,True,154,29
Cork Racing Results | 8th December 2024 14:50,N/A,14:50,Soft (Yielding To Soft In Places),2m 4f,Storm Mahler (IRE),C P McNamara,0,E McNamara,16th,4 3/4 l,6,11-3,105,True,154,29
Cork Racing Results | 8th December 2024 14:50,N/A,14:50,Soft (Yielding To Soft In Places),2m 4f,Walk Away Harry (IRE),S W Flanagan,0,Ian O'Connor,15th,13 l,6,11-8p,110,True,154,29
Cork Racing Results | 8th December 2024 14:50,N/A,14:50,Soft (Yielding To Soft In Places),2m 4f,Tomjackwilliam (IRE),G B Noonan,5,E McCarthy,14th,Head,7,11-1,103,True,154,29
Cork Racing Results | 8th December 2024 14:50,N/A,14:50,Soft (Yielding To Soft In Places),2m 4f,Lucky Viv (IRE),J P Shinnick,5,Michael Barry,13th,2 1/4 l,6,11-3,105,True,154,29
Cork Racing Results | 8th December 2024 14:50,N/A,14:50,Soft (Yielding To Soft In Places),2m 4f,Buck Rogers (IRE),C M Quirke,5,D H Kelly,12th,Neck,9,11-0,102,True,154,29
Cork Racing Results | 8th December 2024 14:50,N/A,14:50,Soft (Yielding To Soft In Places),2m 4f,Crowsatedappletart (IRE),G Brouder,5,M Winters,11th,3 l,7,10-7,95,True,154,29
Cork Racing Results | 8th December 2024 14:50,N/A,14:50,Soft (Yielding To Soft In Places),2m 4f,Toor Khov (IRE),L Quinlan,3,Ms M Flynn,10th,1 1/2 l,6,12-0,116,True,154,29
Cork Racing Results | 8th December 2024 14:50,N/A,14:50,Soft (Yielding To Soft In Places),2m 4f,Another Ocana (IRE),E Walsh,0,L J Archdeacon,9th,Short Head,7,10-9,97,True,154,29
Cork Racing Results | 8th December 2024 14:50,N/A,14:50,Soft (Yielding To Soft In Places),2m 4f,Glorytogod Tom (IRE),S F O'Keeffe,0,M P Fitzgerald,8th,1 1/2 l,7,11-2h,104,True,154,29
Cork Racing Results | 8th December 2024 14:50,N/A,14:50,Soft (Yielding To Soft In Places),2m 4f,Killaney King (IRE),D J O'Keeffe,0,H De Bromhead,7th,4 l,6,12-0,116,True,154,29
Cork Racing Results | 8th December 2024 14:50,N/A,14:50,Soft (Yielding To Soft In Places),2m 4f,King Ferdinand (IRE),M J M O'Sullivan,0,E M O'Sullivan,6th,3 3/4 l,8,11-2t,104,True,154,29
Cork Racing Results | 8th December 2024 14:50,N/A,14:50,Soft (Yielding To Soft In Places),2m 4f,Young Lucy (IRE),D King,0,A J Martin,5th,1 3/4 l,5,11-2,104,True,154,29
Cork Racing Results | 8th December 2024 14:50,N/A,14:50,Soft (Yielding To Soft In Places),2m 4f,Johnny Blue (IRE),P Townend,0,W P Mullins,4th,2 1/4 l,5,11-9,111,True,154,29
Cork Racing Results | 8th December 2024 14:50,N/A,14:50,Soft (Yielding To Soft In Places),2m 4f,Mercury Mission,T Power Roche,7,P J Rothwell,3rd,1 1/2 l,5,10-13p1,101,True,154,29
Cork Racing Results | 8th December 2024 14:50,N/A,14:50,Soft (Yielding To Soft In Places),2m 4f,Junior Rattler (IRE),P T Enright,0,O McKiernan,2nd,2 l,9,11-9tp,111,True,154,29
Cork Racing Results | 8th December 2024 14:50,N/A,14:50,Soft (Yielding To Soft In Places),2m 4f,One Big Boum (IRE),B Hayes,0,P Fenton,1st,N/A,5,11-5,107,True,154,29
Cork Racing Results | 8th December 2024 14:50,N/A,14:50,Soft (Yielding To Soft In Places),2m 4f,Aine's Lad (IRE),B W Harvey,0,M J Smith,NR,N/A,5,11-4ht,106,True,154,29
Cork Racing Results | 8th December 2024 14:50,N/A,14:50,Soft (Yielding To Soft In Places),2m 4f,Whatsafellatodo (IRE),D Meyler,0,Richard Daniels,NR,N/A,11,11-5,107,True,154,29
Cork Racing Results | 8th December 2024 14:50,N/A,14:50,Soft (Yielding To Soft In Places),2m 4f,Voice Of Reason (IRE),Sam Ewing,0,G Elliott,18th,2 l,4,11-4tp1,106,True,154,29
Cork Racing Results | 8th December 2024 14:50,N/A,14:50,Soft (Yielding To Soft In Places),2m 4f,From The Ashes (IRE),R P Treacy,0,C Byrnes,17th,6 1/2 l,7,11-8,110,True,154,29
Cork Racing Results | 8th December 2024 14:50,N/A,14:50,Soft (Yielding To Soft In Places),2m 4f,Storm Mahler (IRE),C P McNamara,0,E McNamara,16th,4 3/4 l,6,11-3,105,True,154,29
Cork Racing Results | 8th December 2024 14:50,N/A,14:50,Soft (Yielding To Soft In Places),2m 4f,Walk Away Harry (IRE),S W Flanagan,0,Ian O'Connor,15th,13 l,6,11-8p,110,True,154,29
Cork Racing Results | 8th December 2024 14:50,N/A,14:50,Soft (Yielding To Soft In Places),2m 4f,Tomjackwilliam (IRE),G B Noonan,5,E McCarthy,14th,Head,7,11-1,103,True,154,29
Cork Racing Results | 8th December 2024 14:50,N/A,14:50,Soft (Yielding To Soft In Places),2m 4f,Lucky Viv (IRE),J P Shinnick,5,Michael Barry,13th,2 1/4 l,6,11-3,105,True,154,29
Cork Racing Results | 8th December 2024 14:50,N/A,14:50,Soft (Yielding To Soft In Places),2m 4f,Buck Rogers (IRE),C M Quirke,5,D H Kelly,12th,Neck,9,11-0,102,True,154,29
Cork Racing Results | 8th December 2024 14:50,N/A,14:50,Soft (Yielding To Soft In Places),2m 4f,Crowsatedappletart (IRE),G Brouder,5,M Winters,11th,3 l,7,10-7,95,True,154,29
Cork Racing Results | 8th December 2024 14:50,N/A,14:50,Soft (Yielding To Soft In Places),2m 4f,Toor Khov (IRE),L Quinlan,3,Ms M Flynn,10th,1 1/2 l,6,12-0,116,True,154,29
Cork Racing Results | 8th December 2024 14:50,N/A,14:50,Soft (Yielding To Soft In Places),2m 4f,Another Ocana (IRE),E Walsh,0,L J Archdeacon,9th,Short Head,7,10-9,97,True,154,29
Cork Racing Results | 8th December 2024 14:50,N/A,14:50,Soft (Yielding To Soft In Places),2m 4f,Glorytogod Tom (IRE),S F O'Keeffe,0,M P Fitzgerald,8th,1 1/2 l,7,11-2h,104,True,154,29
Cork Racing Results | 8th December 2024 14:50,N/A,14:50,Soft (Yielding To Soft In Places),2m 4f,Killaney King (IRE),D J O'Keeffe,0,H De Bromhead,7th,4 l,6,12-0,116,True,154,29
Cork Racing Results | 8th December 2024 14:50,N/A,14:50,Soft (Yielding To Soft In Places),2m 4f,King Ferdinand (IRE),M J M O'Sullivan,0,E M O'Sullivan,6th,3 3/4 l,8,11-2t,104,True,154,29
Cork Racing Results | 8th December 2024 14:50,N/A,14:50,Soft (Yielding To Soft In Places),2m 4f,Young Lucy (IRE),D King,0,A J Martin,5th,1 3/4 l,5,11-2,104,True,154,29
Cork Racing Results | 8th December 2024 14:50,N/A,14:50,Soft (Yielding To Soft In Places),2m 4f,Johnny Blue (IRE),P Townend,0,W P Mullins,4th,2 1/4 l,5,11-9,111,True,154,29
Cork Racing Results | 8th December 2024 14:50,N/A,14:50,Soft (Yielding To Soft In Places),2m 4f,Mercury Mission,T Power Roche,7,P J Rothwell,3rd,1 1/2 l,5,10-13p1,101,True,154,29
Cork Racing Results | 8th December 2024 14:50,N/A,14:50,Soft (Yielding To Soft In Places),2m 4f,Junior Rattler (IRE),P T Enright,0,O McKiernan,2nd,2 l,9,11-9tp,111,True,154,29
Cork Racing Results | 8th December 2024 14:50,N/A,14:50,Soft (Yielding To Soft In Places),2m 4f,One Big Boum (IRE),B Hayes,0,P Fenton,1st,N/A,5,11-5,107,True,154,29
Cork Racing Results | 8th December 2024 15:25,N/A,15:25,Soft (Yielding To Soft In Places),2m 4f,Liberated Light (IRE),Mr J L Gleeson,3,John E & Kiely,NR,N/A,5,11-12p1,100,True,154,30
Cork Racing Results | 8th December 2024 15:25,N/A,15:25,Soft (Yielding To Soft In Places),2m 4f,Chautuaqua (IRE),D King,0,D Hogan,NR,N/A,6,12-0,102,True,154,30
Cork Racing Results | 8th December 2024 15:25,N/A,15:25,Soft (Yielding To Soft In Places),2m 4f,Zoomtime (IRE),Miss A L Fitzgibbon,7,C Byrnes,22nd,8 1/2 l,6,12-0,102,True,154,30
Cork Racing Results | 8th December 2024 15:25,N/A,15:25,Soft (Yielding To Soft In Places),2m 4f,Splendid Choice (IRE),T Power Roche,7,P J Rothwell,21st,36 l,5,11-10p1,98,True,154,30
Cork Racing Results | 8th December 2024 15:25,N/A,15:25,Soft (Yielding To Soft In Places),2m 4f,Ladyeze Man (IRE),C Stone-Walsh,5,J P Flavin,20th,17 l,6,11-0t,88,True,154,30
Cork Racing Results | 8th December 2024 15:25,N/A,15:25,Soft (Yielding To Soft In Places),2m 4f,Del Girl (IRE),S F O'Keeffe,0,S Crawley,19th,6 1/2 l,5,11-2,90,True,154,30
Cork Racing Results | 8th December 2024 15:25,N/A,15:25,Soft (Yielding To Soft In Places),2m 4f,Do The Math (IRE),K E Buckley,0,S Crawley,18th,1/2 l,5,11-1,89,True,154,30
Cork Racing Results | 8th December 2024 15:25,N/A,15:25,Soft (Yielding To Soft In Places),2m 4f,Kobalt St Georges (FR),R P Treacy,0,R Tyner,17th,1 3/4 l,4,11-13h1,101,True,154,30
Cork Racing Results | 8th December 2024 15:25,N/A,15:25,Soft (Yielding To Soft In Places),2m 4f,Let Him B (IRE),R Deegan,0,C Byrnes,16th,6 l,4,11-7,95,True,154,30
Cork Racing Results | 8th December 2024 15:25,N/A,15:25,Soft (Yielding To Soft In Places),2m 4f,Imperial Tune (IRE),S W Flanagan,0,L Casey,15th,Nose,8,11-1,89,True,154,30
Cork Racing Results | 8th December 2024 15:25,N/A,15:25,Soft (Yielding To Soft In Places),2m 4f,Island Mccoo (IRE),C M Quirke,5,D Collins,14th,3 1/2 l,7,11-8,96,True,154,30
Cork Racing Results | 8th December 2024 15:25,N/A,15:25,Soft (Yielding To Soft In Places),2m 4f,Wyoming Baby (IRE),B Hayes,0,R Tyner,13th,4 1/4 l,6,11-2,90,True,154,30
Cork Racing Results | 8th December 2024 15:25,N/A,15:25,Soft (Yielding To Soft In Places),2m 4f,Rebel Cowgirl (IRE),D E Mullins,0,M A Cahill,12th,17 l,5,11-0h1,88,True,154,30
Cork Racing Results | 8th December 2024 15:25,N/A,15:25,Soft (Yielding To Soft In Places),2m 4f,Colleen Danu (IRE),M J M O'Sullivan,0,P T Foley,11th,6 1/2 l,5,11-13,101,True,154,30
Cork Racing Results | 8th December 2024 15:25,N/A,15:25,Soft (Yielding To Soft In Places),2m 4f,Dalmatic (IRE),C P Millar,5,W J O'Doherty,10th,5 l,4,11-3,91,True,154,30
Cork Racing Results | 8th December 2024 15:25,N/A,15:25,Soft (Yielding To Soft In Places),2m 4f,Lispendense (IRE),D Meyler,0,D Cullen,9th,1 3/4 l,9,11-7t1,95,True,154,30
Cork Racing Results | 8th December 2024 15:25,N/A,15:25,Soft (Yielding To Soft In Places),2m 4f,Phildante (IRE),H Morgan,0,E Doyle,8th,2 1/4 l,7,10-12t,86,True,154,30
Cork Racing Results | 8th December 2024 15:25,N/A,15:25,Soft (Yielding To Soft In Places),2m 4f,Coffee Bay (IRE),A Harvey,5,J P Flavin,7th,12 l,6,11-5,93,True,154,30
Cork Racing Results | 8th December 2024 15:25,N/A,15:25,Soft (Yielding To Soft In Places),2m 4f,A Nod To Getaway (IRE),G B Noonan,5,P O'Flynn,6th,1/2 l,7,10-12t,86,True,154,30
Cork Racing Results | 8th December 2024 15:25,N/A,15:25,Soft (Yielding To Soft In Places),2m 4f,Junot (IRE),G Brouder,5,M Winters,5th,3 l,5,11-3,91,True,154,30
Cork Racing Results | 8th December 2024 15:25,N/A,15:25,Soft (Yielding To Soft In Places),2m 4f,Seskin Flash (IRE),L Quinlan,3,P Carey,4th,4 l,5,11-6,94,True,154,30
Cork Racing Results | 8th December 2024 15:25,N/A,15:25,Soft (Yielding To Soft In Places),2m 4f,The Dooner Citizen (IRE),Mr Alan O'Sullivan,7,E M O'Sullivan,3rd,1 1/4 l,6,10-11tp1,85,True,154,30
Cork Racing Results | 8th December 2024 15:25,N/A,15:25,Soft (Yielding To Soft In Places),2m 4f,Hesasmoothoperator (IRE),D J O'Keeffe,0,T Gibney,2nd,Short Head,6,11-3,91,True,154,30
Cork Racing Results | 8th December 2024 15:25,N/A,15:25,Soft (Yielding To Soft In Places),2m 4f,One And Only (IRE),P T Enright,0,O McKiernan,1st,N/A,6,11-0tp,88,True,154,30
Cork Racing Results | 8th December 2024 15:25,N/A,15:25,Soft (Yielding To Soft In Places),2m 4f,Liberated Light (IRE),Mr J L Gleeson,3,John E & Kiely,NR,N/A,5,11-12p1,100,True,154,30
Cork Racing Results | 8th December 2024 15:25,N/A,15:25,Soft (Yielding To Soft In Places),2m 4f,Chautuaqua (IRE),D King,0,D Hogan,NR,N/A,6,12-0,102,True,154,30
Cork Racing Results | 8th December 2024 15:25,N/A,15:25,Soft (Yielding To Soft In Places),2m 4f,Zoomtime (IRE),Miss A L Fitzgibbon,7,C Byrnes,22nd,8 1/2 l,6,12-0,102,True,154,30
Cork Racing Results | 8th December 2024 15:25,N/A,15:25,Soft (Yielding To Soft In Places),2m 4f,Splendid Choice (IRE),T Power Roche,7,P J Rothwell,21st,36 l,5,11-10p1,98,True,154,30
Cork Racing Results | 8th December 2024 15:25,N/A,15:25,Soft (Yielding To Soft In Places),2m 4f,Ladyeze Man (IRE),C Stone-Walsh,5,J P Flavin,20th,17 l,6,11-0t,88,True,154,30
Cork Racing Results | 8th December 2024 15:25,N/A,15:25,Soft (Yielding To Soft In Places),2m 4f,Del Girl (IRE),S F O'Keeffe,0,S Crawley,19th,6 1/2 l,5,11-2,90,True,154,30
Cork Racing Results | 8th December 2024 15:25,N/A,15:25,Soft (Yielding To Soft In Places),2m 4f,Do The Math (IRE),K E Buckley,0,S Crawley,18th,1/2 l,5,11-1,89,True,154,30
Cork Racing Results | 8th December 2024 15:25,N/A,15:25,Soft (Yielding To Soft In Places),2m 4f,Kobalt St Georges (FR),R P Treacy,0,R Tyner,17th,1 3/4 l,4,11-13h1,101,True,154,30
Cork Racing Results | 8th December 2024 15:25,N/A,15:25,Soft (Yielding To Soft In Places),2m 4f,Let Him B (IRE),R Deegan,0,C Byrnes,16th,6 l,4,11-7,95,True,154,30
Cork Racing Results | 8th December 2024 15:25,N/A,15:25,Soft (Yielding To Soft In Places),2m 4f,Imperial Tune (IRE),S W Flanagan,0,L Casey,15th,Nose,8,11-1,89,True,154,30
Cork Racing Results | 8th December 2024 15:25,N/A,15:25,Soft (Yielding To Soft In Places),2m 4f,Island Mccoo (IRE),C M Quirke,5,D Collins,14th,3 1/2 l,7,11-8,96,True,154,30
Cork Racing Results | 8th December 2024 15:25,N/A,15:25,Soft (Yielding To Soft In Places),2m 4f,Wyoming Baby (IRE),B Hayes,0,R Tyner,13th,4 1/4 l,6,11-2,90,True,154,30
Cork Racing Results | 8th December 2024 15:25,N/A,15:25,Soft (Yielding To Soft In Places),2m 4f,Rebel Cowgirl (IRE),D E Mullins,0,M A Cahill,12th,17 l,5,11-0h1,88,True,154,30
Cork Racing Results | 8th December 2024 15:25,N/A,15:25,Soft (Yielding To Soft In Places),2m 4f,Colleen Danu (IRE),M J M O'Sullivan,0,P T Foley,11th,6 1/2 l,5,11-13,101,True,154,30
Cork Racing Results | 8th December 2024 15:25,N/A,15:25,Soft (Yielding To Soft In Places),2m 4f,Dalmatic (IRE),C P Millar,5,W J O'Doherty,10th,5 l,4,11-3,91,True,154,30
Cork Racing Results | 8th December 2024 15:25,N/A,15:25,Soft (Yielding To Soft In Places),2m 4f,Lispendense (IRE),D Meyler,0,D Cullen,9th,1 3/4 l,9,11-7t1,95,True,154,30
Cork Racing Results | 8th December 2024 15:25,N/A,15:25,Soft (Yielding To Soft In Places),2m 4f,Phildante (IRE),H Morgan,0,E Doyle,8th,2 1/4 l,7,10-12t,86,True,154,30
Cork Racing Results | 8th December 2024 15:25,N/A,15:25,Soft (Yielding To Soft In Places),2m 4f,Coffee Bay (IRE),A Harvey,5,J P Flavin,7th,12 l,6,11-5,93,True,154,30
Cork Racing Results | 8th December 2024 15:25,N/A,15:25,Soft (Yielding To Soft In Places),2m 4f,A Nod To Getaway (IRE),G B Noonan,5,P O'Flynn,6th,1/2 l,7,10-12t,86,True,154,30
Cork Racing Results | 8th December 2024 15:25,N/A,15:25,Soft (Yielding To Soft In Places),2m 4f,Junot (IRE),G Brouder,5,M Winters,5th,3 l,5,11-3,91,True,154,30
Cork Racing Results | 8th December 2024 15:25,N/A,15:25,Soft (Yielding To Soft In Places),2m 4f,Seskin Flash (IRE),L Quinlan,3,P Carey,4th,4 l,5,11-6,94,True,154,30
Cork Racing Results | 8th December 2024 15:25,N/A,15:25,Soft (Yielding To Soft In Places),2m 4f,The Dooner Citizen (IRE),Mr Alan O'Sullivan,7,E M O'Sullivan,3rd,1 1/4 l,6,10-11tp1,85,True,154,30
Cork Racing Results | 8th December 2024 15:25,N/A,15:25,Soft (Yielding To Soft In Places),2m 4f,Hesasmoothoperator (IRE),D J O'Keeffe,0,T Gibney,2nd,Short Head,6,11-3,91,True,154,30
Cork Racing Results | 8th December 2024 15:25,N/A,15:25,Soft (Yielding To Soft In Places),2m 4f,One And Only (IRE),P T Enright,0,O McKiernan,1st,N/A,6,11-0tp,88,True,154,30
N/A,N/A,11:50,Yielding,2m 98y,Someone's Wish (IRE),Sam Ewing,0,G Elliott,NR,N/A,4,11-3p,-,True,154,31
N/A,N/A,11:50,Yielding,2m 98y,An Epic Song (FR),R A Doyle,0,M Brassil,F,N/A,7,11-5,-,True,154,31
N/A,N/A,11:50,Yielding,2m 98y,Brazil (IRE),M P Walsh,0,P Roche,9th,3 1/4 l,6,11-5t,-,True,154,31
N/A,N/A,11:50,Yielding,2m 98y,Nas Na Riogh (IRE),M P O'Connor,0,H De Bromhead,8th,15 l,6,11-5,-,True,154,31
N/A,N/A,11:50,Yielding,2m 98y,Conyers Hill (IRE),J C Gainford,0,P Nolan,7th,3 1/2 l,6,11-5,-,True,154,31
N/A,N/A,11:50,Yielding,2m 98y,Fascile Mode (IRE),D E Mullins,0,T Mullins,6th,1/2 l,6,11-9,-,True,154,31
N/A,N/A,11:50,Yielding,2m 98y,Canal End (IRE),S D Torrens,0,Peter Fahey,5th,2 1/2 l,6,11-5,-,True,154,31
N/A,N/A,11:50,Yielding,2m 98y,Zurich (FR),B Hayes,0,H De Bromhead,4th,4 1/4 l,5,11-5,-,True,154,31
N/A,N/A,11:50,Yielding,2m 98y,Listentillitellyea (IRE),K E Buckley,0,T Gibney,3rd,3/4 l,8,11-5,-,True,154,31
N/A,N/A,11:50,Yielding,2m 98y,Jasko Des Dames (FR),D J O'Keeffe,0,H De Bromhead,2nd,6 1/2 l,5,11-12t,-,True,154,31
N/A,N/A,11:50,Yielding,2m 98y,Ifiwerearichman (IRE),S F O'Keeffe,0,P Nolan,1st,N/A,6,11-5h,-,True,154,31
N/A,N/A,11:50,Yielding,2m 98y,Someone's Wish (IRE),Sam Ewing,0,G Elliott,NR,N/A,4,11-3p,-,True,154,31
N/A,N/A,11:50,Yielding,2m 98y,An Epic Song (FR),R A Doyle,0,M Brassil,F,N/A,7,11-5,-,True,154,31
N/A,N/A,11:50,Yielding,2m 98y,Brazil (IRE),M P Walsh,0,P Roche,9th,3 1/4 l,6,11-5t,-,True,154,31
N/A,N/A,11:50,Yielding,2m 98y,Nas Na Riogh (IRE),M P O'Connor,0,H De Bromhead,8th,15 l,6,11-5,-,True,154,31
N/A,N/A,11:50,Yielding,2m 98y,Conyers Hill (IRE),J C Gainford,0,P Nolan,7th,3 1/2 l,6,11-5,-,True,154,31
N/A,N/A,11:50,Yielding,2m 98y,Fascile Mode (IRE),D E Mullins,0,T Mullins,6th,1/2 l,6,11-9,-,True,154,31
N/A,N/A,11:50,Yielding,2m 98y,Canal End (IRE),S D Torrens,0,Peter Fahey,5th,2 1/2 l,6,11-5,-,True,154,31
N/A,N/A,11:50,Yielding,2m 98y,Zurich (FR),B Hayes,0,H De Bromhead,4th,4 1/4 l,5,11-5,-,True,154,31
N/A,N/A,11:50,Yielding,2m 98y,Listentillitellyea (IRE),K E Buckley,0,T Gibney,3rd,3/4 l,8,11-5,-,True,154,31
N/A,N/A,11:50,Yielding,2m 98y,Jasko Des Dames (FR),D J O'Keeffe,0,H De Bromhead,2nd,6 1/2 l,5,11-12t,-,True,154,31
N/A,N/A,11:50,Yielding,2m 98y,Ifiwerearichman (IRE),S F O'Keeffe,0,P Nolan,1st,N/A,6,11-5h,-,True,154,31
N/A,N/A,12:20,Yielding,2m 7f 70y,Billericay Dickie (IRE),S F O'Keeffe,0,W P Mullins,NR,N/A,5,11-12,-,True,154,32
N/A,N/A,12:20,Yielding,2m 7f 70y,Cleatus Poolaw,D J Gilligan,0,G Elliott,NR,N/A,6,11-12,-,True,154,32
N/A,N/A,12:20,Yielding,2m 7f 70y,Cosmo Renfro (IRE),K E Buckley,0,S Nolan,PU,N/A,7,11-12,-,True,154,32
N/A,N/A,12:20,Yielding,2m 7f 70y,Futurum Regem (IRE),B W Harvey,0,H P Finegan,8th,9 1/2 l,8,11-12,-,True,154,32
N/A,N/A,12:20,Yielding,2m 7f 70y,Castle Field Boy (IRE),M J M O'Sullivan,0,P T Foley,7th,6 1/2 l,8,11-12t,-,True,154,32
N/A,N/A,12:20,Yielding,2m 7f 70y,Dorans Law (IRE),J P O'Sullivan,0,P J Rothwell,6th,9 1/2 l,6,11-12,-,True,154,32
N/A,N/A,12:20,Yielding,2m 7f 70y,Buachaillbocht,M P Walsh,0,T M Walsh,5th,31 l,6,11-12t1,-,True,154,32
N/A,N/A,12:20,Yielding,2m 7f 70y,Olympic Man (FR),D E Mullins,0,W P Mullins,4th,1 l,7,11-12,-,True,154,32
N/A,N/A,12:20,Yielding,2m 7f 70y,Mossy Fen Park (IRE),D J O'Keeffe,0,H De Bromhead,3rd,2 3/4 l,5,11-12,-,True,154,32
N/A,N/A,12:20,Yielding,2m 7f 70y,Shannon Royale (IRE),Sam Ewing,0,G Elliott,2nd,1 1/2 l,6,11-12p,-,True,154,32
N/A,N/A,12:20,Yielding,2m 7f 70y,Dancing City (FR),P Townend,0,W P Mullins,1st,N/A,7,11-12,-,True,154,32
N/A,N/A,12:20,Yielding,2m 7f 70y,Billericay Dickie (IRE),S F O'Keeffe,0,W P Mullins,NR,N/A,5,11-12,-,True,154,32
N/A,N/A,12:20,Yielding,2m 7f 70y,Cleatus Poolaw,D J Gilligan,0,G Elliott,NR,N/A,6,11-12,-,True,154,32
N/A,N/A,12:20,Yielding,2m 7f 70y,Cosmo Renfro (IRE),K E Buckley,0,S Nolan,PU,N/A,7,11-12,-,True,154,32
N/A,N/A,12:20,Yielding,2m 7f 70y,Futurum Regem (IRE),B W Harvey,0,H P Finegan,8th,9 1/2 l,8,11-12,-,True,154,32
N/A,N/A,12:20,Yielding,2m 7f 70y,Castle Field Boy (IRE),M J M O'Sullivan,0,P T Foley,7th,6 1/2 l,8,11-12t,-,True,154,32
N/A,N/A,12:20,Yielding,2m 7f 70y,Dorans Law (IRE),J P O'Sullivan,0,P J Rothwell,6th,9 1/2 l,6,11-12,-,True,154,32
N/A,N/A,12:20,Yielding,2m 7f 70y,Buachaillbocht,M P Walsh,0,T M Walsh,5th,31 l,6,11-12t1,-,True,154,32
N/A,N/A,12:20,Yielding,2m 7f 70y,Olympic Man (FR),D E Mullins,0,W P Mullins,4th,1 l,7,11-12,-,True,154,32
N/A,N/A,12:20,Yielding,2m 7f 70y,Mossy Fen Park (IRE),D J O'Keeffe,0,H De Bromhead,3rd,2 3/4 l,5,11-12,-,True,154,32
N/A,N/A,12:20,Yielding,2m 7f 70y,Shannon Royale (IRE),Sam Ewing,0,G Elliott,2nd,1 1/2 l,6,11-12p,-,True,154,32
N/A,N/A,12:20,Yielding,2m 7f 70y,Dancing City (FR),P Townend,0,W P Mullins,1st,N/A,7,11-12,-,True,154,32
N/A,N/A,12:50,Good To Yielding,2m 3f 15y,Syracus Du Houx (FR),P T Enright,0,O McKiernan,UR,N/A,6,11-12p,-,True,154,33
N/A,N/A,12:50,Good To Yielding,2m 3f 15y,Ourgingernut (IRE),H E Sexton,7,P A Fahy,PU,N/A,5,11-12,-,True,154,33
N/A,N/A,12:50,Good To Yielding,2m 3f 15y,Tag Master (IRE),Anna McGuinness,7,T Gibney,PU,N/A,6,11-12,-,True,154,33
N/A,N/A,12:50,Good To Yielding,2m 3f 15y,Chardonay (IRE),R P Treacy,0,L Casey,16th,18 l,5,11-12,-,True,154,33
N/A,N/A,12:50,Good To Yielding,2m 3f 15y,Lady's Slipper (IRE),D E Mullins,0,D Murphy,15th,3 1/4 l,6,11-5,-,True,154,33
N/A,N/A,12:50,Good To Yielding,2m 3f 15y,Midnight Eugene (IRE),Mr D Doyle,7,T Doyle,14th,8 1/2 l,7,11-12,-,True,154,33
N/A,N/A,12:50,Good To Yielding,2m 3f 15y,Millie B (IRE),C M Quirke,5,Miss E Lalor,13th,59 l,6,11-5,-,True,154,33
N/A,N/A,12:50,Good To Yielding,2m 3f 15y,Roc My Haarth (IRE),L Quinlan,3,R Hackett,12th,4 3/4 l,5,11-12,-,True,154,33
N/A,N/A,12:50,Good To Yielding,2m 3f 15y,Carricktriss (IRE),H Morgan,0,E Doyle,11th,3 1/2 l,5,11-12t,-,True,154,33
N/A,N/A,12:50,Good To Yielding,2m 3f 15y,Tumuch (FR),Sam Ewing,0,G Elliott,10th,8 1/2 l,5,11-12,-,True,154,33
N/A,N/A,12:50,Good To Yielding,2m 3f 15y,Silas Marner (IRE),G Brouder,5,C O'Brien,9th,15 l,7,11-12t,-,True,154,33
N/A,N/A,12:50,Good To Yielding,2m 3f 15y,Ballysax Hank (IRE),K M Donoghue,0,B W Duke,8th,1 1/2 l,5,11-12,-,True,154,33
N/A,N/A,12:50,Good To Yielding,2m 3f 15y,Supreme Ruler (FR),S W Flanagan,0,B Connell,7th,4 1/2 l,5,11-12,-,True,154,33
N/A,N/A,12:50,Good To Yielding,2m 3f 15y,Goody Four Shoes (IRE),D King,0,T Gibney,6th,6 1/2 l,6,11-12,-,True,154,33
N/A,N/A,12:50,Good To Yielding,2m 3f 15y,Minella Post,K E Buckley,0,T Gibney,5th,Short Head,5,11-12,-,True,154,33
N/A,N/A,12:50,Good To Yielding,2m 3f 15y,Joystick (FR),P Townend,0,W P Mullins,4th,3/4 l,5,11-12,-,True,154,33
N/A,N/A,12:50,Good To Yielding,2m 3f 15y,Mclaurey (IRE),M P Walsh,0,E Mullins,3rd,1 1/4 l,5,11-12,-,True,154,33
N/A,N/A,12:50,Good To Yielding,2m 3f 15y,Forty Coats (IRE),D J O'Keeffe,0,H De Bromhead,2nd,4 1/2 l,5,11-12,-,True,154,33
N/A,N/A,12:50,Good To Yielding,2m 3f 15y,James's Gate (IRE),R A Doyle,0,M Brassil,1st,N/A,7,11-12t,-,True,154,33
N/A,N/A,12:50,Good To Yielding,2m 3f 15y,Syracus Du Houx (FR),P T Enright,0,O McKiernan,UR,N/A,6,11-12p,-,True,154,33
N/A,N/A,12:50,Good To Yielding,2m 3f 15y,Ourgingernut (IRE),H E Sexton,7,P A Fahy,PU,N/A,5,11-12,-,True,154,33
N/A,N/A,12:50,Good To Yielding,2m 3f 15y,Tag Master (IRE),Anna McGuinness,7,T Gibney,PU,N/A,6,11-12,-,True,154,33
N/A,N/A,12:50,Good To Yielding,2m 3f 15y,Chardonay (IRE),R P Treacy,0,L Casey,16th,18 l,5,11-12,-,True,154,33
N/A,N/A,12:50,Good To Yielding,2m 3f 15y,Lady's Slipper (IRE),D E Mullins,0,D Murphy,15th,3 1/4 l,6,11-5,-,True,154,33
N/A,N/A,12:50,Good To Yielding,2m 3f 15y,Midnight Eugene (IRE),Mr D Doyle,7,T Doyle,14th,8 1/2 l,7,11-12,-,True,154,33
N/A,N/A,12:50,Good To Yielding,2m 3f 15y,Millie B (IRE),C M Quirke,5,Miss E Lalor,13th,59 l,6,11-5,-,True,154,33
N/A,N/A,12:50,Good To Yielding,2m 3f 15y,Roc My Haarth (IRE),L Quinlan,3,R Hackett,12th,4 3/4 l,5,11-12,-,True,154,33
N/A,N/A,12:50,Good To Yielding,2m 3f 15y,Carricktriss (IRE),H Morgan,0,E Doyle,11th,3 1/2 l,5,11-12t,-,True,154,33
N/A,N/A,12:50,Good To Yielding,2m 3f 15y,Tumuch (FR),Sam Ewing,0,G Elliott,10th,8 1/2 l,5,11-12,-,True,154,33
N/A,N/A,12:50,Good To Yielding,2m 3f 15y,Silas Marner (IRE),G Brouder,5,C O'Brien,9th,15 l,7,11-12t,-,True,154,33
N/A,N/A,12:50,Good To Yielding,2m 3f 15y,Ballysax Hank (IRE),K M Donoghue,0,B W Duke,8th,1 1/2 l,5,11-12,-,True,154,33
N/A,N/A,12:50,Good To Yielding,2m 3f 15y,Supreme Ruler (FR),S W Flanagan,0,B Connell,7th,4 1/2 l,5,11-12,-,True,154,33
N/A,N/A,12:50,Good To Yielding,2m 3f 15y,Goody Four Shoes (IRE),D King,0,T Gibney,6th,6 1/2 l,6,11-12,-,True,154,33
N/A,N/A,12:50,Good To Yielding,2m 3f 15y,Minella Post,K E Buckley,0,T Gibney,5th,Short Head,5,11-12,-,True,154,33
N/A,N/A,12:50,Good To Yielding,2m 3f 15y,Joystick (FR),P Townend,0,W P Mullins,4th,3/4 l,5,11-12,-,True,154,33
N/A,N/A,12:50,Good To Yielding,2m 3f 15y,Mclaurey (IRE),M P Walsh,0,E Mullins,3rd,1 1/4 l,5,11-12,-,True,154,33
N/A,N/A,12:50,Good To Yielding,2m 3f 15y,Forty Coats (IRE),D J O'Keeffe,0,H De Bromhead,2nd,4 1/2 l,5,11-12,-,True,154,33
N/A,N/A,12:50,Good To Yielding,2m 3f 15y,James's Gate (IRE),R A Doyle,0,M Brassil,1st,N/A,7,11-12t,-,True,154,33
N/A,N/A,13:20,Good To Yielding,2m 3f 15y,Whimsy,J C Gainford,0,A McCann,NR,N/A,5,10-11,-,True,154,34
N/A,N/A,13:20,Good To Yielding,2m 3f 15y,Femme Magnifique (IRE),D E Mullins,0,W P Mullins,PU,N/A,6,10-11t,-,True,154,34
N/A,N/A,13:20,Good To Yielding,2m 3f 15y,Pastorale (FR),M P O'Connor,0,H De Bromhead,9th,7 l,5,10-11,-,True,154,34
N/A,N/A,13:20,Good To Yielding,2m 3f 15y,Reina Del Mar (IRE),R Deegan,0,J P O'Brien,8th,Head,6,10-11t,-,True,154,34
N/A,N/A,13:20,Good To Yielding,2m 3f 15y,Rockstown Girl (IRE),M J M O'Sullivan,0,A McCann,7th,2 3/4 l,6,11-1t,-,True,154,34
N/A,N/A,13:20,Good To Yielding,2m 3f 15y,Cool Park (IRE),B Hayes,0,W P Mullins,6th,2 1/4 l,5,10-11,-,True,154,34
N/A,N/A,13:20,Good To Yielding,2m 3f 15y,The Great Nudie (IRE),S W Flanagan,0,C Bowe,5th,1 1/4 l,4,10-11,-,True,154,34
N/A,N/A,13:20,Good To Yielding,2m 3f 15y,Disco Dancer (IRE),Sam Ewing,0,G Elliott,4th,4 l,5,10-11t,-,True,154,34
N/A,N/A,13:20,Good To Yielding,2m 3f 15y,Cottesloe Sunshine (IRE),O R Brown,0,J P O'Brien,3rd,1/2 l,5,10-11,-,True,154,34
N/A,N/A,13:20,Good To Yielding,2m 3f 15y,Tareze (IRE),D J O'Keeffe,0,H De Bromhead,2nd,3 1/2 l,5,10-11,-,True,154,34
N/A,N/A,13:20,Good To Yielding,2m 3f 15y,Hey Sunshine (IRE),P Townend,0,W P Mullins,1st,N/A,5,10-11,-,True,154,34
N/A,N/A,13:20,Good To Yielding,2m 3f 15y,Whimsy,J C Gainford,0,A McCann,NR,N/A,5,10-11,-,True,154,34
N/A,N/A,13:20,Good To Yielding,2m 3f 15y,Femme Magnifique (IRE),D E Mullins,0,W P Mullins,PU,N/A,6,10-11t,-,True,154,34
N/A,N/A,13:20,Good To Yielding,2m 3f 15y,Pastorale (FR),M P O'Connor,0,H De Bromhead,9th,7 l,5,10-11,-,True,154,34
N/A,N/A,13:20,Good To Yielding,2m 3f 15y,Reina Del Mar (IRE),R Deegan,0,J P O'Brien,8th,Head,6,10-11t,-,True,154,34
N/A,N/A,13:20,Good To Yielding,2m 3f 15y,Rockstown Girl (IRE),M J M O'Sullivan,0,A McCann,7th,2 3/4 l,6,11-1t,-,True,154,34
N/A,N/A,13:20,Good To Yielding,2m 3f 15y,Cool Park (IRE),B Hayes,0,W P Mullins,6th,2 1/4 l,5,10-11,-,True,154,34
N/A,N/A,13:20,Good To Yielding,2m 3f 15y,The Great Nudie (IRE),S W Flanagan,0,C Bowe,5th,1 1/4 l,4,10-11,-,True,154,34
N/A,N/A,13:20,Good To Yielding,2m 3f 15y,Disco Dancer (IRE),Sam Ewing,0,G Elliott,4th,4 l,5,10-11t,-,True,154,34
N/A,N/A,13:20,Good To Yielding,2m 3f 15y,Cottesloe Sunshine (IRE),O R Brown,0,J P O'Brien,3rd,1/2 l,5,10-11,-,True,154,34
N/A,N/A,13:20,Good To Yielding,2m 3f 15y,Tareze (IRE),D J O'Keeffe,0,H De Bromhead,2nd,3 1/2 l,5,10-11,-,True,154,34
N/A,N/A,13:20,Good To Yielding,2m 3f 15y,Hey Sunshine (IRE),P Townend,0,W P Mullins,1st,N/A,5,10-11,-,True,154,34
N/A,N/A,13:50,Good To Yielding,2m 122y,Port Joulain (FR),P Townend,0,W P Mullins,PU,N/A,5,11-12,-,True,154,35
N/A,N/A,13:50,Good To Yielding,2m 122y,Uppertown Hill (IRE),T Power Roche,7,P J Rothwell,13th,27 l,5,11-12,-,True,154,35
N/A,N/A,13:50,Good To Yielding,2m 122y,Garde My Fortune (IRE),B W Harvey,0,K Thornton,12th,Short Head,5,11-12,-,True,154,35
N/A,N/A,13:50,Good To Yielding,2m 122y,Shanroe Nancy (IRE),D Meyler,0,K Thornton,11th,1 1/4 l,5,11-12,-,True,154,35
N/A,N/A,13:50,Good To Yielding,2m 122y,Millbrook Queen (IRE),D King,0,A J Martin,10th,1/2 l,5,11-5,-,True,154,35
N/A,N/A,13:50,Good To Yielding,2m 122y,French Hill (IRE),S Fitzgerald,0,G P Cromwell,9th,2 1/2 l,5,11-5,-,True,154,35
N/A,N/A,13:50,Good To Yielding,2m 122y,Royal Noble (IRE),P Cleary,7,Michael G Cleary,8th,Short Head,5,11-12h1,-,True,154,35
N/A,N/A,13:50,Good To Yielding,2m 122y,Gringo D'ainay (FR),B Hayes,0,J Queally,7th,1 l,8,11-12,-,True,154,35
N/A,N/A,13:50,Good To Yielding,2m 122y,Glenashling (IRE),K M Donoghue,0,G P Cromwell,6th,9 l,5,11-12,-,True,154,35
N/A,N/A,13:50,Good To Yielding,2m 122y,Restless Lady (IRE),G B Noonan,5,N Lee,5th,1 1/2 l,6,11-5,-,True,154,35
N/A,N/A,13:50,Good To Yielding,2m 122y,Withabitofluk,D J O'Keeffe,0,H De Bromhead,4th,6 l,5,11-12,-,True,154,35
N/A,N/A,13:50,Good To Yielding,2m 122y,Bayrann (IRE),Mr D Doyle,7,T Doyle,3rd,Head,5,11-12,-,True,154,35
N/A,N/A,13:50,Good To Yielding,2m 122y,Brave Brigadier,K E Buckley,0,T Gibney,2nd,11 l,5,11-12,-,True,154,35
N/A,N/A,13:50,Good To Yielding,2m 122y,You Oughta Know (IRE),D E Mullins,0,W P Mullins,1st,N/A,6,11-12t1,-,True,154,35
N/A,N/A,13:50,Good To Yielding,2m 122y,Port Joulain (FR),P Townend,0,W P Mullins,PU,N/A,5,11-12,-,True,154,35
N/A,N/A,13:50,Good To Yielding,2m 122y,Uppertown Hill (IRE),T Power Roche,7,P J Rothwell,13th,27 l,5,11-12,-,True,154,35
N/A,N/A,13:50,Good To Yielding,2m 122y,Garde My Fortune (IRE),B W Harvey,0,K Thornton,12th,Short Head,5,11-12,-,True,154,35
N/A,N/A,13:50,Good To Yielding,2m 122y,Shanroe Nancy (IRE),D Meyler,0,K Thornton,11th,1 1/4 l,5,11-12,-,True,154,35
N/A,N/A,13:50,Good To Yielding,2m 122y,Millbrook Queen (IRE),D King,0,A J Martin,10th,1/2 l,5,11-5,-,True,154,35
N/A,N/A,13:50,Good To Yielding,2m 122y,French Hill (IRE),S Fitzgerald,0,G P Cromwell,9th,2 1/2 l,5,11-5,-,True,154,35
N/A,N/A,13:50,Good To Yielding,2m 122y,Royal Noble (IRE),P Cleary,7,Michael G Cleary,8th,Short Head,5,11-12h1,-,True,154,35
N/A,N/A,13:50,Good To Yielding,2m 122y,Gringo D'ainay (FR),B Hayes,0,J Queally,7th,1 l,8,11-12,-,True,154,35
N/A,N/A,13:50,Good To Yielding,2m 122y,Glenashling (IRE),K M Donoghue,0,G P Cromwell,6th,9 l,5,11-12,-,True,154,35
N/A,N/A,13:50,Good To Yielding,2m 122y,Restless Lady (IRE),G B Noonan,5,N Lee,5th,1 1/2 l,6,11-5,-,True,154,35
N/A,N/A,13:50,Good To Yielding,2m 122y,Withabitofluk,D J O'Keeffe,0,H De Bromhead,4th,6 l,5,11-12,-,True,154,35
N/A,N/A,13:50,Good To Yielding,2m 122y,Bayrann (IRE),Mr D Doyle,7,T Doyle,3rd,Head,5,11-12,-,True,154,35
N/A,N/A,13:50,Good To Yielding,2m 122y,Brave Brigadier,K E Buckley,0,T Gibney,2nd,11 l,5,11-12,-,True,154,35
N/A,N/A,13:50,Good To Yielding,2m 122y,You Oughta Know (IRE),D E Mullins,0,W P Mullins,1st,N/A,6,11-12t1,-,True,154,35
N/A,N/A,14:20,Good To Yielding,2m 122y,But What (IRE),C M Quirke,5,A Slattery,NR,N/A,6,11-9,-,True,154,36
N/A,N/A,14:20,Good To Yielding,2m 122y,Jigoro (FR),Sam Ewing,0,G Elliott,NR,N/A,5,11-12,-,True,154,36
N/A,N/A,14:20,Good To Yielding,2m 122y,Got Glory (FR),D E Mullins,0,W P Mullins,PU,N/A,6,11-2,-,True,154,36
N/A,N/A,14:20,Good To Yielding,2m 122y,Best Years Yet,R A Doyle,0,M Brassil,7th,4 3/4 l,5,11-12h1,-,True,154,36
N/A,N/A,14:20,Good To Yielding,2m 122y,Meet And Greet (IRE),P T Enright,0,O McKiernan,6th,1/2 l,8,11-12,-,True,154,36
N/A,N/A,14:20,Good To Yielding,2m 122y,On The Steel (IRE),C G O'Dwyer,5,C O'Dwyer,5th,15 l,5,11-9,-,True,154,36
N/A,N/A,14:20,Good To Yielding,2m 122y,Beckett Rock (IRE),D J O'Keeffe,0,H De Bromhead,4th,3 1/4 l,5,11-12,-,True,154,36
N/A,N/A,14:20,Good To Yielding,2m 122y,Rockymountainbleu (IRE),T Power Roche,7,P J Rothwell,3rd,18 l,6,11-9,-,True,154,36
N/A,N/A,14:20,Good To Yielding,2m 122y,Colonel Mustard (FR),K M Donoghue,0,L Fowler,2nd,3 3/4 l,9,11-12,-,True,154,36
N/A,N/A,14:20,Good To Yielding,2m 122y,Kitzbuhel (FR),P Townend,0,W P Mullins,1st,N/A,4,11-12,-,True,154,36
N/A,N/A,14:20,Good To Yielding,2m 122y,But What (IRE),C M Quirke,5,A Slattery,NR,N/A,6,11-9,-,True,154,36
N/A,N/A,14:20,Good To Yielding,2m 122y,Jigoro (FR),Sam Ewing,0,G Elliott,NR,N/A,5,11-12,-,True,154,36
N/A,N/A,14:20,Good To Yielding,2m 122y,Got Glory (FR),D E Mullins,0,W P Mullins,PU,N/A,6,11-2,-,True,154,36
N/A,N/A,14:20,Good To Yielding,2m 122y,Best Years Yet,R A Doyle,0,M Brassil,7th,4 3/4 l,5,11-12h1,-,True,154,36
N/A,N/A,14:20,Good To Yielding,2m 122y,Meet And Greet (IRE),P T Enright,0,O McKiernan,6th,1/2 l,8,11-12,-,True,154,36
N/A,N/A,14:20,Good To Yielding,2m 122y,On The Steel (IRE),C G O'Dwyer,5,C O'Dwyer,5th,15 l,5,11-9,-,True,154,36
N/A,N/A,14:20,Good To Yielding,2m 122y,Beckett Rock (IRE),D J O'Keeffe,0,H De Bromhead,4th,3 1/4 l,5,11-12,-,True,154,36
N/A,N/A,14:20,Good To Yielding,2m 122y,Rockymountainbleu (IRE),T Power Roche,7,P J Rothwell,3rd,18 l,6,11-9,-,True,154,36
N/A,N/A,14:20,Good To Yielding,2m 122y,Colonel Mustard (FR),K M Donoghue,0,L Fowler,2nd,3 3/4 l,9,11-12,-,True,154,36
N/A,N/A,14:20,Good To Yielding,2m 122y,Kitzbuhel (FR),P Townend,0,W P Mullins,1st,N/A,4,11-12,-,True,154,36
N/A,N/A,14:50,Good To Yielding,2m 7f 182y,Native Song (IRE),T Power Roche,7,P Kiely,NR,N/A,7,10-8,82,True,154,37
N/A,N/A,14:50,Good To Yielding,2m 7f 182y,Gaye Winnie (IRE),C P Millar,5,G Elliott,NR,N/A,6,11-4,92,True,154,37
N/A,N/A,14:50,Good To Yielding,2m 7f 182y,Whatsyourstatus (IRE),A P Kelly,5,G O'Loughlin,NR,N/A,11,11-10t,98,True,154,37
N/A,N/A,14:50,Good To Yielding,2m 7f 182y,French Milan (IRE),S D Torrens,0,A A Howard,17th,15 l,6,10-12t,86,True,154,37
N/A,N/A,14:50,Good To Yielding,2m 7f 182y,Elle Dorado Rock (IRE),D King,0,A J Martin,16th,3 1/2 l,6,10-9t,83,True,154,37
N/A,N/A,14:50,Good To Yielding,2m 7f 182y,Land Jet (IRE),S F O'Keeffe,0,Peter Maher,15th,1 1/2 l,8,10-6,80,True,154,37
N/A,N/A,14:50,Good To Yielding,2m 7f 182y,Carrig Carol (IRE),J C Gainford,0,P Croke,14th,3 1/4 l,7,11-5,93,True,154,37
N/A,N/A,14:50,Good To Yielding,2m 7f 182y,Must Go Now (IRE),E Walsh,0,E Cawley,13th,1 l,7,11-12h1,100,True,154,37
N/A,N/A,14:50,Good To Yielding,2m 7f 182y,Doonbeg Don (IRE),M P O'Connor,0,H De Bromhead,12th,1 3/4 l,6,11-4,92,True,154,37
N/A,N/A,14:50,Good To Yielding,2m 7f 182y,Another Nightmare (IRE),P Hanlon,7,Miss T L Cogan,11th,1 1/4 l,6,10-12p,86,True,154,37
N/A,N/A,14:50,Good To Yielding,2m 7f 182y,Important Message,J Kearney,3,G A Kingston,10th,1 1/4 l,12,10-12,86,True,154,37
N/A,N/A,14:50,Good To Yielding,2m 7f 182y,Perfect Pupil (IRE),Anna McGuinness,7,S McConville,9th,1 l,6,11-3,91,True,154,37
N/A,N/A,14:50,Good To Yielding,2m 7f 182y,Schiehallion (IRE),P J O'Hanlon,0,D A McLoughlin,8th,2 1/2 l,7,11-10p1,98,True,154,37
N/A,N/A,14:50,Good To Yielding,2m 7f 182y,John Storey (IRE),R A Berry,7,L P Cusack,7th,3/4 l,6,11-6,94,True,154,37
N/A,N/A,14:50,Good To Yielding,2m 7f 182y,Joya Del Mar (IRE),P M O'Brien,7,D A McLoughlin,6th,1 3/4 l,6,12-0,102,True,154,37
N/A,N/A,14:50,Good To Yielding,2m 7f 182y,Brave Adam (IRE),T Joseph Kelly,7,T Cooper,5th,1 1/2 l,6,11-9t,97,True,154,37
N/A,N/A,14:50,Good To Yielding,2m 7f 182y,County Champs (IRE),P T Enright,0,B McMahon,4th,3 l,5,10-6p,80,True,154,37
N/A,N/A,14:50,Good To Yielding,2m 7f 182y,Not My Problem,T P Harney,7,R O'Sullivan,3rd,3/4 l,5,11-12p,100,True,154,37
N/A,N/A,14:50,Good To Yielding,2m 7f 182y,Comeonarchie (IRE),D J Gilligan,0,F G Hand,2nd,3/4 l,7,11-4t,92,True,154,37
N/A,N/A,14:50,Good To Yielding,2m 7f 182y,Sammy Smart,D J O'Keeffe,0,T Gibney,1st,N/A,8,11-13,101,True,154,37
N/A,N/A,14:50,Good To Yielding,2m 7f 182y,Native Song (IRE),T Power Roche,7,P Kiely,NR,N/A,7,10-8,82,True,154,37
N/A,N/A,14:50,Good To Yielding,2m 7f 182y,Gaye Winnie (IRE),C P Millar,5,G Elliott,NR,N/A,6,11-4,92,True,154,37
N/A,N/A,14:50,Good To Yielding,2m 7f 182y,Whatsyourstatus (IRE),A P Kelly,5,G O'Loughlin,NR,N/A,11,11-10t,98,True,154,37
N/A,N/A,14:50,Good To Yielding,2m 7f 182y,French Milan (IRE),S D Torrens,0,A A Howard,17th,15 l,6,10-12t,86,True,154,37
N/A,N/A,14:50,Good To Yielding,2m 7f 182y,Elle Dorado Rock (IRE),D King,0,A J Martin,16th,3 1/2 l,6,10-9t,83,True,154,37
N/A,N/A,14:50,Good To Yielding,2m 7f 182y,Land Jet (IRE),S F O'Keeffe,0,Peter Maher,15th,1 1/2 l,8,10-6,80,True,154,37
N/A,N/A,14:50,Good To Yielding,2m 7f 182y,Carrig Carol (IRE),J C Gainford,0,P Croke,14th,3 1/4 l,7,11-5,93,True,154,37
N/A,N/A,14:50,Good To Yielding,2m 7f 182y,Must Go Now (IRE),E Walsh,0,E Cawley,13th,1 l,7,11-12h1,100,True,154,37
N/A,N/A,14:50,Good To Yielding,2m 7f 182y,Doonbeg Don (IRE),M P O'Connor,0,H De Bromhead,12th,1 3/4 l,6,11-4,92,True,154,37
N/A,N/A,14:50,Good To Yielding,2m 7f 182y,Another Nightmare (IRE),P Hanlon,7,Miss T L Cogan,11th,1 1/4 l,6,10-12p,86,True,154,37
N/A,N/A,14:50,Good To Yielding,2m 7f 182y,Important Message,J Kearney,3,G A Kingston,10th,1 1/4 l,12,10-12,86,True,154,37
N/A,N/A,14:50,Good To Yielding,2m 7f 182y,Perfect Pupil (IRE),Anna McGuinness,7,S McConville,9th,1 l,6,11-3,91,True,154,37
N/A,N/A,14:50,Good To Yielding,2m 7f 182y,Schiehallion (IRE),P J O'Hanlon,0,D A McLoughlin,8th,2 1/2 l,7,11-10p1,98,True,154,37
N/A,N/A,14:50,Good To Yielding,2m 7f 182y,John Storey (IRE),R A Berry,7,L P Cusack,7th,3/4 l,6,11-6,94,True,154,37
N/A,N/A,14:50,Good To Yielding,2m 7f 182y,Joya Del Mar (IRE),P M O'Brien,7,D A McLoughlin,6th,1 3/4 l,6,12-0,102,True,154,37
N/A,N/A,14:50,Good To Yielding,2m 7f 182y,Brave Adam (IRE),T Joseph Kelly,7,T Cooper,5th,1 1/2 l,6,11-9t,97,True,154,37
N/A,N/A,14:50,Good To Yielding,2m 7f 182y,County Champs (IRE),P T Enright,0,B McMahon,4th,3 l,5,10-6p,80,True,154,37
N/A,N/A,14:50,Good To Yielding,2m 7f 182y,Not My Problem,T P Harney,7,R O'Sullivan,3rd,3/4 l,5,11-12p,100,True,154,37
N/A,N/A,14:50,Good To Yielding,2m 7f 182y,Comeonarchie (IRE),D J Gilligan,0,F G Hand,2nd,3/4 l,7,11-4t,92,True,154,37
N/A,N/A,14:50,Good To Yielding,2m 7f 182y,Sammy Smart,D J O'Keeffe,0,T Gibney,1st,N/A,8,11-13,101,True,154,37
N/A,N/A,15:20,Good To Yielding,2m 7f 182y,Mr Mcwhinny (IRE),J G Gilligan,5,P J Gilligan,NR,N/A,6,10-13t,87,True,154,38
N/A,N/A,15:20,Good To Yielding,2m 7f 182y,Ragin Cajun (IRE),D J Gilligan,0,M J Smith,F,N/A,11,11-7tp,95,True,154,38
N/A,N/A,15:20,Good To Yielding,2m 7f 182y,Me And Mrs Lee (IRE),G B Noonan,5,N Lee,18th,3 3/4 l,6,10-6,80,True,154,38
N/A,N/A,15:20,Good To Yielding,2m 7f 182y,Apples In Winter (IRE),S W Flanagan,0,L Casey,17th,5 l,7,11-7p1,95,True,154,38
N/A,N/A,15:20,Good To Yielding,2m 7f 182y,Will It Be You (IRE),R Deegan,0,L P Cusack,16th,1 1/2 l,7,10-13,87,True,154,38
N/A,N/A,15:20,Good To Yielding,2m 7f 182y,Getaclan (IRE),A Harvey,5,D McNamara,15th,4 1/2 l,9,10-6h,80,True,154,38
N/A,N/A,15:20,Good To Yielding,2m 7f 182y,Midleton Rare (IRE),Mr J P Sutton,7,D A McLoughlin,14th,1 3/4 l,6,11-11,99,True,154,38
N/A,N/A,15:20,Good To Yielding,2m 7f 182y,Rideau Canal (IRE),D J O'Keeffe,0,Mrs D Foster,13th,6 l,9,10-13tp,87,True,154,38
N/A,N/A,15:20,Good To Yielding,2m 7f 182y,Milanaway (IRE),T Power Roche,7,D Hogan,12th,2 1/2 l,6,12-0t,102,True,154,38
N/A,N/A,15:20,Good To Yielding,2m 7f 182y,Down The Park (IRE),P J O'Hanlon,0,D A McLoughlin,11th,3 3/4 l,6,10-8t,82,True,154,38
N/A,N/A,15:20,Good To Yielding,2m 7f 182y,Not Before Time (IRE),S D Torrens,0,A A Howard,10th,Neck,6,11-2b,90,True,154,38
N/A,N/A,15:20,Good To Yielding,2m 7f 182y,Hill Rocket (IRE),C P Millar,5,C Collins,9th,1 l,6,11-6p,94,True,154,38
N/A,N/A,15:20,Good To Yielding,2m 7f 182y,Lariat,B W Harvey,0,J C McConnell,8th,1/2 l,8,10-12p,86,True,154,38
N/A,N/A,15:20,Good To Yielding,2m 7f 182y,Barryroe Madam (FR),M J M O'Sullivan,0,B McMahon,7th,1/2 l,5,11-2h,90,True,154,38
N/A,N/A,15:20,Good To Yielding,2m 7f 182y,Ballagh Star (IRE),S Fitzgerald,0,Mrs Y Dunleavy,6th,1 1/4 l,6,10-13tp,87,True,154,38
N/A,N/A,15:20,Good To Yielding,2m 7f 182y,Le Malin (FR),Mr N McParlan,0,S McParlan,5th,1/2 l,10,11-7,95,True,154,38
N/A,N/A,15:20,Good To Yielding,2m 7f 182y,He Fitz In (IRE),D E Mullins,0,D E Fitzgerald,4th,6 l,8,11-3b,91,True,154,38
N/A,N/A,15:20,Good To Yielding,2m 7f 182y,Hatfield Hammer (IRE),C Stone-Walsh,5,P Nolan,3rd,Neck,5,11-1p,89,True,154,38
N/A,N/A,15:20,Good To Yielding,2m 7f 182y,Aurea Fortuna (IRE),D King,0,A J Martin,2nd,4 3/4 l,5,11-9,97,True,154,38
N/A,N/A,15:20,Good To Yielding,2m 7f 182y,Shantou Princess (IRE),K M Donoghue,0,G P Cromwell,1st,N/A,5,11-6,94,True,154,38
N/A,N/A,15:20,Good To Yielding,2m 7f 182y,Mr Mcwhinny (IRE),J G Gilligan,5,P J Gilligan,NR,N/A,6,10-13t,87,True,154,38
N/A,N/A,15:20,Good To Yielding,2m 7f 182y,Ragin Cajun (IRE),D J Gilligan,0,M J Smith,F,N/A,11,11-7tp,95,True,154,38
N/A,N/A,15:20,Good To Yielding,2m 7f 182y,Me And Mrs Lee (IRE),G B Noonan,5,N Lee,18th,3 3/4 l,6,10-6,80,True,154,38
N/A,N/A,15:20,Good To Yielding,2m 7f 182y,Apples In Winter (IRE),S W Flanagan,0,L Casey,17th,5 l,7,11-7p1,95,True,154,38
N/A,N/A,15:20,Good To Yielding,2m 7f 182y,Will It Be You (IRE),R Deegan,0,L P Cusack,16th,1 1/2 l,7,10-13,87,True,154,38
N/A,N/A,15:20,Good To Yielding,2m 7f 182y,Getaclan (IRE),A Harvey,5,D McNamara,15th,4 1/2 l,9,10-6h,80,True,154,38
N/A,N/A,15:20,Good To Yielding,2m 7f 182y,Midleton Rare (IRE),Mr J P Sutton,7,D A McLoughlin,14th,1 3/4 l,6,11-11,99,True,154,38
N/A,N/A,15:20,Good To Yielding,2m 7f 182y,Rideau Canal (IRE),D J O'Keeffe,0,Mrs D Foster,13th,6 l,9,10-13tp,87,True,154,38
N/A,N/A,15:20,Good To Yielding,2m 7f 182y,Milanaway (IRE),T Power Roche,7,D Hogan,12th,2 1/2 l,6,12-0t,102,True,154,38
N/A,N/A,15:20,Good To Yielding,2m 7f 182y,Down The Park (IRE),P J O'Hanlon,0,D A McLoughlin,11th,3 3/4 l,6,10-8t,82,True,154,38
N/A,N/A,15:20,Good To Yielding,2m 7f 182y,Not Before Time (IRE),S D Torrens,0,A A Howard,10th,Neck,6,11-2b,90,True,154,38
N/A,N/A,15:20,Good To Yielding,2m 7f 182y,Hill Rocket (IRE),C P Millar,5,C Collins,9th,1 l,6,11-6p,94,True,154,38
N/A,N/A,15:20,Good To Yielding,2m 7f 182y,Lariat,B W Harvey,0,J C McConnell,8th,1/2 l,8,10-12p,86,True,154,38
N/A,N/A,15:20,Good To Yielding,2m 7f 182y,Barryroe Madam (FR),M J M O'Sullivan,0,B McMahon,7th,1/2 l,5,11-2h,90,True,154,38
N/A,N/A,15:20,Good To Yielding,2m 7f 182y,Ballagh Star (IRE),S Fitzgerald,0,Mrs Y Dunleavy,6th,1 1/4 l,6,10-13tp,87,True,154,38
N/A,N/A,15:20,Good To Yielding,2m 7f 182y,Le Malin (FR),Mr N McParlan,0,S McParlan,5th,1/2 l,10,11-7,95,True,154,38
N/A,N/A,15:20,Good To Yielding,2m 7f 182y,He Fitz In (IRE),D E Mullins,0,D E Fitzgerald,4th,6 l,8,11-3b,91,True,154,38
N/A,N/A,15:20,Good To Yielding,2m 7f 182y,Hatfield Hammer (IRE),C Stone-Walsh,5,P Nolan,3rd,Neck,5,11-1p,89,True,154,38
N/A,N/A,15:20,Good To Yielding,2m 7f 182y,Aurea Fortuna (IRE),D King,0,A J Martin,2nd,4 3/4 l,5,11-9,97,True,154,38
N/A,N/A,15:20,Good To Yielding,2m 7f 182y,Shantou Princess (IRE),K M Donoghue,0,G P Cromwell,1st,N/A,5,11-6,94,True,154,38
Dundalk Racing Results | 11th December 2024 14:55,N/A,14:55,Standard,5f,Soar Beyond (IRE),Adam Caffrey,3,D K Weld,7th,1 1/4 l,3,9-3b1,-,True,154,39
Dundalk Racing Results | 11th December 2024 14:55,N/A,14:55,Standard,5f,Fox Island,L F Roche,0,G A Kingston,6th,9 l,4,9-3,-,True,154,39
Dundalk Racing Results | 11th December 2024 14:55,N/A,14:55,Standard,5f,Happy Henry (IRE),N M Crosse,0,W McCreery,5th,1 3/4 l,3,9-8,-,True,154,39
Dundalk Racing Results | 11th December 2024 14:55,N/A,14:55,Standard,5f,Magic Force (IRE),S Coen,7,M J Browne,4th,1/2 l,3,9-8,-,True,154,39
Dundalk Racing Results | 11th December 2024 14:55,N/A,14:55,Standard,5f,Abiding Star (IRE),C D Hayes,0,John Hayes,3rd,4 l,3,9-3,-,True,154,39
Dundalk Racing Results | 11th December 2024 14:55,N/A,14:55,Standard,5f,Crystal Luna (IRE),C T Keane,0,Daniel Murphy,2nd,1 l,3,9-3b,-,True,154,39
Dundalk Racing Results | 11th December 2024 14:55,N/A,14:55,Standard,5f,Mint Man,R P Whelan,0,P J F Murphy,1st,N/A,3,9-8t,-,True,154,39
Dundalk Racing Results | 11th December 2024 14:55,N/A,14:55,Standard,5f,Soar Beyond (IRE),Adam Caffrey,3,D K Weld,7th,1 1/4 l,3,9-3b1,-,True,154,39
Dundalk Racing Results | 11th December 2024 14:55,N/A,14:55,Standard,5f,Fox Island,L F Roche,0,G A Kingston,6th,9 l,4,9-3,-,True,154,39
Dundalk Racing Results | 11th December 2024 14:55,N/A,14:55,Standard,5f,Happy Henry (IRE),N M Crosse,0,W McCreery,5th,1 3/4 l,3,9-8,-,True,154,39
Dundalk Racing Results | 11th December 2024 14:55,N/A,14:55,Standard,5f,Magic Force (IRE),S Coen,7,M J Browne,4th,1/2 l,3,9-8,-,True,154,39
Dundalk Racing Results | 11th December 2024 14:55,N/A,14:55,Standard,5f,Abiding Star (IRE),C D Hayes,0,John Hayes,3rd,4 l,3,9-3,-,True,154,39
Dundalk Racing Results | 11th December 2024 14:55,N/A,14:55,Standard,5f,Crystal Luna (IRE),C T Keane,0,Daniel Murphy,2nd,1 l,3,9-3b,-,True,154,39
Dundalk Racing Results | 11th December 2024 14:55,N/A,14:55,Standard,5f,Mint Man,R P Whelan,0,P J F Murphy,1st,N/A,3,9-8t,-,True,154,39
Dundalk Racing Results | 11th December 2024 15:25,N/A,15:25,Standard,1m 4f,Timourid (IRE),K G Kennedy,7,D Hogan,NR,N/A,7,8-10b,-,True,154,40
Dundalk Racing Results | 11th December 2024 15:25,N/A,15:25,Standard,1m 4f,Away He Goes (IRE),A J Casey,10,D Hogan,13th,19 l,8,8-12p,-,True,154,40
Dundalk Racing Results | 11th December 2024 15:25,N/A,15:25,Standard,1m 4f,Carrickfinn,W Joyce,5,Shane Gallagher,12th,2 l,5,9-0tp,-,True,154,40
Dundalk Racing Results | 11th December 2024 15:25,N/A,15:25,Standard,1m 4f,There's No Limit (IRE),R Whearty,3,C Collins,11th,2 l,3,8-13b,-,True,154,40
Dundalk Racing Results | 11th December 2024 15:25,N/A,15:25,Standard,1m 4f,Infatuator (IRE),S Foley,0,R Donohoe,10th,4 1/2 l,3,8-11b1,-,True,154,40
Dundalk Racing Results | 11th December 2024 15:25,N/A,15:25,Standard,1m 4f,Tasmanian Girl (IRE),R Donaghue-Leahy,7,Aengus King,9th,1/2 l,4,8-12t,-,True,154,40
Dundalk Racing Results | 11th December 2024 15:25,N/A,15:25,Standard,1m 4f,Imadpour (IRE),L F Roche,0,A McNamara,8th,1 l,4,8-10p1,-,True,154,40
Dundalk Racing Results | 11th December 2024 15:25,N/A,15:25,Standard,1m 4f,A Daughtersdelight (IRE),P McGettigan,7,P Magee,7th,1/2 l,3,8-7,-,True,154,40
Dundalk Racing Results | 11th December 2024 15:25,N/A,15:25,Standard,1m 4f,Darkened (IRE),C D Hayes,0,N C Kelly,6th,1/2 l,8,8-10tb,-,True,154,40
Dundalk Racing Results | 11th December 2024 15:25,N/A,15:25,Standard,1m 4f,God Of Thunder (IRE),J M Sheridan,0,D Hogan,5th,Short Head,5,9-2p1,-,True,154,40
Dundalk Racing Results | 11th December 2024 15:25,N/A,15:25,Standard,1m 4f,Rockview Consort,C D Fahy,10,J C McConnell,4th,2 l,5,9-12,-,True,154,40
Dundalk Racing Results | 11th December 2024 15:25,N/A,15:25,Standard,1m 4f,Autocrat (IRE),Nicola Burns,7,R Donohoe,3rd,3 l,4,9-10b,-,True,154,40
Dundalk Racing Results | 11th December 2024 15:25,N/A,15:25,Standard,1m 4f,Rhythm And Tyne (IRE),D P McDonogh,0,C Byrnes,2nd,Head,4,8-12,-,True,154,40
Dundalk Racing Results | 11th December 2024 15:25,N/A,15:25,Standard,1m 4f,Chicago Storm,C T Keane,0,C Timmons,1st,N/A,5,9-2,-,True,154,40
Dundalk Racing Results | 11th December 2024 15:25,N/A,15:25,Standard,1m 4f,Timourid (IRE),K G Kennedy,7,D Hogan,NR,N/A,7,8-10b,-,True,154,40
Dundalk Racing Results | 11th December 2024 15:25,N/A,15:25,Standard,1m 4f,Away He Goes (IRE),A J Casey,10,D Hogan,13th,19 l,8,8-12p,-,True,154,40
Dundalk Racing Results | 11th December 2024 15:25,N/A,15:25,Standard,1m 4f,Carrickfinn,W Joyce,5,Shane Gallagher,12th,2 l,5,9-0tp,-,True,154,40
Dundalk Racing Results | 11th December 2024 15:25,N/A,15:25,Standard,1m 4f,There's No Limit (IRE),R Whearty,3,C Collins,11th,2 l,3,8-13b,-,True,154,40
Dundalk Racing Results | 11th December 2024 15:25,N/A,15:25,Standard,1m 4f,Infatuator (IRE),S Foley,0,R Donohoe,10th,4 1/2 l,3,8-11b1,-,True,154,40
Dundalk Racing Results | 11th December 2024 15:25,N/A,15:25,Standard,1m 4f,Tasmanian Girl (IRE),R Donaghue-Leahy,7,Aengus King,9th,1/2 l,4,8-12t,-,True,154,40
Dundalk Racing Results | 11th December 2024 15:25,N/A,15:25,Standard,1m 4f,Imadpour (IRE),L F Roche,0,A McNamara,8th,1 l,4,8-10p1,-,True,154,40
Dundalk Racing Results | 11th December 2024 15:25,N/A,15:25,Standard,1m 4f,A Daughtersdelight (IRE),P McGettigan,7,P Magee,7th,1/2 l,3,8-7,-,True,154,40
Dundalk Racing Results | 11th December 2024 15:25,N/A,15:25,Standard,1m 4f,Darkened (IRE),C D Hayes,0,N C Kelly,6th,1/2 l,8,8-10tb,-,True,154,40
Dundalk Racing Results | 11th December 2024 15:25,N/A,15:25,Standard,1m 4f,God Of Thunder (IRE),J M Sheridan,0,D Hogan,5th,Short Head,5,9-2p1,-,True,154,40
Dundalk Racing Results | 11th December 2024 15:25,N/A,15:25,Standard,1m 4f,Rockview Consort,C D Fahy,10,J C McConnell,4th,2 l,5,9-12,-,True,154,40
Dundalk Racing Results | 11th December 2024 15:25,N/A,15:25,Standard,1m 4f,Autocrat (IRE),Nicola Burns,7,R Donohoe,3rd,3 l,4,9-10b,-,True,154,40
Dundalk Racing Results | 11th December 2024 15:25,N/A,15:25,Standard,1m 4f,Rhythm And Tyne (IRE),D P McDonogh,0,C Byrnes,2nd,Head,4,8-12,-,True,154,40
Dundalk Racing Results | 11th December 2024 15:25,N/A,15:25,Standard,1m 4f,Chicago Storm,C T Keane,0,C Timmons,1st,N/A,5,9-2,-,True,154,40
Dundalk Racing Results | 11th December 2024 16:00,N/A,16:00,Standard,1m,De La Cruz (IRE),Non Runner,3,C Timmons,NR,N/A,2,9-2,-,True,154,41
Dundalk Racing Results | 11th December 2024 16:00,N/A,16:00,Standard,1m,Heaven's On Fire (IRE),J J G Ryan,3,T G McCourt,NR,N/A,2,9-2,-,True,154,41
Dundalk Racing Results | 11th December 2024 16:00,N/A,16:00,Standard,1m,Pekan (IRE),R C Colgan,0,S Lavery,11th,1 1/4 l,2,9-2,-,True,154,41
Dundalk Racing Results | 11th December 2024 16:00,N/A,16:00,Standard,1m,Go Flo Jo (IRE),W Joyce,5,P G Fahey,10th,2 l,2,9-2,-,True,154,41
Dundalk Racing Results | 11th December 2024 16:00,N/A,16:00,Standard,1m,Love Sonnet (IRE),S Foley,0,J J Murphy,9th,Neck,2,9-2,-,True,154,41
Dundalk Racing Results | 11th December 2024 16:00,N/A,16:00,Standard,1m,Bridezilla (IRE),J M Sheridan,0,A Slattery,8th,2 l,2,9-2,-,True,154,41
Dundalk Racing Results | 11th December 2024 16:00,N/A,16:00,Standard,1m,Princess Of Saxony (IRE),G F Carroll,0,A Oliver,7th,3/4 l,2,9-2,-,True,154,41
Dundalk Racing Results | 11th December 2024 16:00,N/A,16:00,Standard,1m,Beautiful Affair (IRE),D P McDonogh,0,J P O'Brien,6th,3/4 l,2,9-2,-,True,154,41
Dundalk Racing Results | 11th December 2024 16:00,N/A,16:00,Standard,1m,Denim And Diamonds (IRE),M P Sheehy,0,J P O'Brien,5th,1/2 l,2,9-2t,-,True,154,41
Dundalk Racing Results | 11th December 2024 16:00,N/A,16:00,Standard,1m,Electric Beauty (IRE),R P Whelan,0,K J Condon,4th,3 l,2,9-2,-,True,154,41
Dundalk Racing Results | 11th December 2024 16:00,N/A,16:00,Standard,1m,Calrissiana,R P Cleary,0,N Meade,3rd,1/2 l,2,9-2p,-,True,154,41
Dundalk Racing Results | 11th December 2024 16:00,N/A,16:00,Standard,1m,Heather (IRE),C T Keane,0,G M Lyons,2nd,Neck,2,9-2,-,True,154,41
Dundalk Racing Results | 11th December 2024 16:00,N/A,16:00,Standard,1m,Sweet Illusions (USA),C D Hayes,0,J P O'Brien,1st,N/A,2,9-2,-,True,154,41
Dundalk Racing Results | 11th December 2024 16:00,N/A,16:00,Standard,1m,De La Cruz (IRE),Non Runner,3,C Timmons,NR,N/A,2,9-2,-,True,154,41
Dundalk Racing Results | 11th December 2024 16:00,N/A,16:00,Standard,1m,Heaven's On Fire (IRE),J J G Ryan,3,T G McCourt,NR,N/A,2,9-2,-,True,154,41
Dundalk Racing Results | 11th December 2024 16:00,N/A,16:00,Standard,1m,Pekan (IRE),R C Colgan,0,S Lavery,11th,1 1/4 l,2,9-2,-,True,154,41
Dundalk Racing Results | 11th December 2024 16:00,N/A,16:00,Standard,1m,Go Flo Jo (IRE),W Joyce,5,P G Fahey,10th,2 l,2,9-2,-,True,154,41
Dundalk Racing Results | 11th December 2024 16:00,N/A,16:00,Standard,1m,Love Sonnet (IRE),S Foley,0,J J Murphy,9th,Neck,2,9-2,-,True,154,41
Dundalk Racing Results | 11th December 2024 16:00,N/A,16:00,Standard,1m,Bridezilla (IRE),J M Sheridan,0,A Slattery,8th,2 l,2,9-2,-,True,154,41
Dundalk Racing Results | 11th December 2024 16:00,N/A,16:00,Standard,1m,Princess Of Saxony (IRE),G F Carroll,0,A Oliver,7th,3/4 l,2,9-2,-,True,154,41
Dundalk Racing Results | 11th December 2024 16:00,N/A,16:00,Standard,1m,Beautiful Affair (IRE),D P McDonogh,0,J P O'Brien,6th,3/4 l,2,9-2,-,True,154,41
Dundalk Racing Results | 11th December 2024 16:00,N/A,16:00,Standard,1m,Denim And Diamonds (IRE),M P Sheehy,0,J P O'Brien,5th,1/2 l,2,9-2t,-,True,154,41
Dundalk Racing Results | 11th December 2024 16:00,N/A,16:00,Standard,1m,Electric Beauty (IRE),R P Whelan,0,K J Condon,4th,3 l,2,9-2,-,True,154,41
Dundalk Racing Results | 11th December 2024 16:00,N/A,16:00,Standard,1m,Calrissiana,R P Cleary,0,N Meade,3rd,1/2 l,2,9-2p,-,True,154,41
Dundalk Racing Results | 11th December 2024 16:00,N/A,16:00,Standard,1m,Heather (IRE),C T Keane,0,G M Lyons,2nd,Neck,2,9-2,-,True,154,41
Dundalk Racing Results | 11th December 2024 16:00,N/A,16:00,Standard,1m,Sweet Illusions (USA),C D Hayes,0,J P O'Brien,1st,N/A,2,9-2,-,True,154,41
Dundalk Racing Results | 11th December 2024 16:30,N/A,16:30,Standard,6f,Star Allure (IRE),Nicola Burns,7,C O'Connell,9th,Head,2,8-12,56,True,154,42
Dundalk Racing Results | 11th December 2024 16:30,N/A,16:30,Standard,6f,Romantic War (IRE),R P Cleary,0,A McGuinness,8th,Neck,2,8-11,55,True,154,42
Dundalk Racing Results | 11th December 2024 16:30,N/A,16:30,Standard,6f,Kensington Hope (IRE),L T McAteer,0,A McCann,7th,Neck,2,9-2,60,True,154,42
Dundalk Racing Results | 11th December 2024 16:30,N/A,16:30,Standard,6f,Petit Fusee (IRE),R M Mulligan,7,P Martin,6th,4 l,2,8-7p1,51,True,154,42
Dundalk Racing Results | 11th December 2024 16:30,N/A,16:30,Standard,6f,Bansha Belle (IRE),J J G Ryan,3,Stephen Thorne,5th,1 1/2 l,2,9-11b,69,True,154,42
Dundalk Racing Results | 11th December 2024 16:30,N/A,16:30,Standard,6f,Vanilla Baby (IRE),D P McDonogh,0,J P O'Brien,4th,Nose,2,9-1,59,True,154,42
Dundalk Racing Results | 11th December 2024 16:30,N/A,16:30,Standard,6f,Powerful Lady (FR),R P Whelan,0,N Lupini,3rd,1 1/2 l,2,9-12,70,True,154,42
Dundalk Racing Results | 11th December 2024 16:30,N/A,16:30,Standard,6f,Movin And Groovin (IRE),N M Crosse,0,A McGuinness,2nd,1 1/2 l,2,8-7,51,True,154,42
Dundalk Racing Results | 11th December 2024 16:30,N/A,16:30,Standard,6f,Brigadier Kakuru (IRE),C T Keane,0,Daniel Murphy,1st,N/A,2,9-10,68,True,154,42
Dundalk Racing Results | 11th December 2024 16:30,N/A,16:30,Standard,6f,Star Allure (IRE),Nicola Burns,7,C O'Connell,9th,Head,2,8-12,56,True,154,42
Dundalk Racing Results | 11th December 2024 16:30,N/A,16:30,Standard,6f,Romantic War (IRE),R P Cleary,0,A McGuinness,8th,Neck,2,8-11,55,True,154,42
Dundalk Racing Results | 11th December 2024 16:30,N/A,16:30,Standard,6f,Kensington Hope (IRE),L T McAteer,0,A McCann,7th,Neck,2,9-2,60,True,154,42
Dundalk Racing Results | 11th December 2024 16:30,N/A,16:30,Standard,6f,Petit Fusee (IRE),R M Mulligan,7,P Martin,6th,4 l,2,8-7p1,51,True,154,42
Dundalk Racing Results | 11th December 2024 16:30,N/A,16:30,Standard,6f,Bansha Belle (IRE),J J G Ryan,3,Stephen Thorne,5th,1 1/2 l,2,9-11b,69,True,154,42
Dundalk Racing Results | 11th December 2024 16:30,N/A,16:30,Standard,6f,Vanilla Baby (IRE),D P McDonogh,0,J P O'Brien,4th,Nose,2,9-1,59,True,154,42
Dundalk Racing Results | 11th December 2024 16:30,N/A,16:30,Standard,6f,Powerful Lady (FR),R P Whelan,0,N Lupini,3rd,1 1/2 l,2,9-12,70,True,154,42
Dundalk Racing Results | 11th December 2024 16:30,N/A,16:30,Standard,6f,Movin And Groovin (IRE),N M Crosse,0,A McGuinness,2nd,1 1/2 l,2,8-7,51,True,154,42
Dundalk Racing Results | 11th December 2024 16:30,N/A,16:30,Standard,6f,Brigadier Kakuru (IRE),C T Keane,0,Daniel Murphy,1st,N/A,2,9-10,68,True,154,42
Dundalk Racing Results | 11th December 2024 17:00,N/A,17:00,Standard,7f,Blue Bangor (IRE),G P Halpin,0,John M Harney,NR,N/A,2,9-7,-,True,154,43
Dundalk Racing Results | 11th December 2024 17:00,N/A,17:00,Standard,7f,Frankton (FR),C T Keane,0,K J Condon,7th,2 3/4 l,2,9-7t,-,True,154,43
Dundalk Racing Results | 11th December 2024 17:00,N/A,17:00,Standard,7f,Alshmayme Sister (IRE),N G McCullagh,0,K J Condon,6th,1 3/4 l,2,9-2,-,True,154,43
Dundalk Racing Results | 11th December 2024 17:00,N/A,17:00,Standard,7f,Kayamite (IRE),R C Colgan,0,C Timmons,5th,1/2 l,2,9-2t,-,True,154,43
Dundalk Racing Results | 11th December 2024 17:00,N/A,17:00,Standard,7f,March To The Band,R P Whelan,0,John O'Donoghue,4th,3 l,2,9-7p,-,True,154,43
Dundalk Racing Results | 11th December 2024 17:00,N/A,17:00,Standard,7f,Wannabe Royal (IRE),M P Sheehy,0,J P O'Brien,3rd,1 1/2 l,2,9-2,-,True,154,43
Dundalk Racing Results | 11th December 2024 17:00,N/A,17:00,Standard,7f,Nepal (IRE),S Foley,0,J J Murphy,2nd,1/2 l,2,9-7,-,True,154,43
Dundalk Racing Results | 11th December 2024 17:00,N/A,17:00,Standard,7f,Spycraft (FR),D P McDonogh,0,J P O'Brien,1st,N/A,2,9-7,-,True,154,43
Dundalk Racing Results | 11th December 2024 17:00,N/A,17:00,Standard,7f,Blue Bangor (IRE),G P Halpin,0,John M Harney,NR,N/A,2,9-7,-,True,154,43
Dundalk Racing Results | 11th December 2024 17:00,N/A,17:00,Standard,7f,Frankton (FR),C T Keane,0,K J Condon,7th,2 3/4 l,2,9-7t,-,True,154,43
Dundalk Racing Results | 11th December 2024 17:00,N/A,17:00,Standard,7f,Alshmayme Sister (IRE),N G McCullagh,0,K J Condon,6th,1 3/4 l,2,9-2,-,True,154,43
Dundalk Racing Results | 11th December 2024 17:00,N/A,17:00,Standard,7f,Kayamite (IRE),R C Colgan,0,C Timmons,5th,1/2 l,2,9-2t,-,True,154,43
Dundalk Racing Results | 11th December 2024 17:00,N/A,17:00,Standard,7f,March To The Band,R P Whelan,0,John O'Donoghue,4th,3 l,2,9-7p,-,True,154,43
Dundalk Racing Results | 11th December 2024 17:00,N/A,17:00,Standard,7f,Wannabe Royal (IRE),M P Sheehy,0,J P O'Brien,3rd,1 1/2 l,2,9-2,-,True,154,43
Dundalk Racing Results | 11th December 2024 17:00,N/A,17:00,Standard,7f,Nepal (IRE),S Foley,0,J J Murphy,2nd,1/2 l,2,9-7,-,True,154,43
Dundalk Racing Results | 11th December 2024 17:00,N/A,17:00,Standard,7f,Spycraft (FR),D P McDonogh,0,J P O'Brien,1st,N/A,2,9-7,-,True,154,43
Dundalk Racing Results | 11th December 2024 17:30,N/A,17:30,Standard,7f,Jazzy Dancer (IRE),R Donaghue-Leahy,7,W J Martin,NR,N/A,6,10-0p,61,True,154,44
Dundalk Racing Results | 11th December 2024 17:30,N/A,17:30,Standard,7f,Wonder Spirit,R Donaghue-Leahy,7,G A Kingston,14th,4 1/4 l,6,9-0,47,True,154,44
Dundalk Racing Results | 11th December 2024 17:30,N/A,17:30,Standard,7f,Circles (IRE),R P Cleary,0,A McCann,13th,3 l,5,9-13tb,60,True,154,44
Dundalk Racing Results | 11th December 2024 17:30,N/A,17:30,Standard,7f,The Bog Bank (IRE),Sadhbh Tormey,10,T G McCourt,12th,1 l,7,9-10tv,57,True,154,44
Dundalk Racing Results | 11th December 2024 17:30,N/A,17:30,Standard,7f,Villemacho (IRE),P McGettigan,7,J Feane,11th,1 l,4,9-13,60,True,154,44
Dundalk Racing Results | 11th December 2024 17:30,N/A,17:30,Standard,7f,Task Ahead (IRE),D W O'Connor,0,J C McConnell,10th,Short Head,3,9-10,57,True,154,44
Dundalk Racing Results | 11th December 2024 17:30,N/A,17:30,Standard,7f,Eastern Capital (IRE),R C Colgan,0,P Martin,9th,3/4 l,3,9-6,53,True,154,44
Dundalk Racing Results | 11th December 2024 17:30,N/A,17:30,Standard,7f,Draiocht (IRE),M P Sheehy,0,T J O'Mara,8th,Head,4,9-0,47,True,154,44
Dundalk Racing Results | 11th December 2024 17:30,N/A,17:30,Standard,7f,Maestro Stick,N G McCullagh,0,K H Clarke,7th,3/4 l,7,9-0t,47,True,154,44
Dundalk Racing Results | 11th December 2024 17:30,N/A,17:30,Standard,7f,Chestnutter (IRE),J A Powell,3,J C McConnell,6th,1/2 l,5,9-0v,44,True,154,44
Dundalk Racing Results | 11th December 2024 17:30,N/A,17:30,Standard,7f,Half Nutz (IRE),J Kearney,5,A McGuinness,5th,1 3/4 l,7,10-2,63,True,154,44
Dundalk Racing Results | 11th December 2024 17:30,N/A,17:30,Standard,7f,Golden Days (IRE),J Cleary,7,M Halford & T Collins,4th,1 1/4 l,7,9-12v1,59,True,154,44
Dundalk Racing Results | 11th December 2024 17:30,N/A,17:30,Standard,7f,Ferrari Desert,S Coen,7,M Fahey,3rd,1 l,4,9-11t,58,True,154,44
Dundalk Racing Results | 11th December 2024 17:30,N/A,17:30,Standard,7f,Harry The Rogue (IRE),N M Crosse,0,A Slattery,2nd,1/2 l,3,9-4,51,True,154,44
Dundalk Racing Results | 11th December 2024 17:30,N/A,17:30,Standard,7f,Hastily,Nicola Burns,7,Tom McGuinness,1st,N/A,5,9-0p1,47,True,154,44
Dundalk Racing Results | 11th December 2024 17:30,N/A,17:30,Standard,7f,Jazzy Dancer (IRE),R Donaghue-Leahy,7,W J Martin,NR,N/A,6,10-0p,61,True,154,44
Dundalk Racing Results | 11th December 2024 17:30,N/A,17:30,Standard,7f,Wonder Spirit,R Donaghue-Leahy,7,G A Kingston,14th,4 1/4 l,6,9-0,47,True,154,44
Dundalk Racing Results | 11th December 2024 17:30,N/A,17:30,Standard,7f,Circles (IRE),R P Cleary,0,A McCann,13th,3 l,5,9-13tb,60,True,154,44
Dundalk Racing Results | 11th December 2024 17:30,N/A,17:30,Standard,7f,The Bog Bank (IRE),Sadhbh Tormey,10,T G McCourt,12th,1 l,7,9-10tv,57,True,154,44
Dundalk Racing Results | 11th December 2024 17:30,N/A,17:30,Standard,7f,Villemacho (IRE),P McGettigan,7,J Feane,11th,1 l,4,9-13,60,True,154,44
Dundalk Racing Results | 11th December 2024 17:30,N/A,17:30,Standard,7f,Task Ahead (IRE),D W O'Connor,0,J C McConnell,10th,Short Head,3,9-10,57,True,154,44
Dundalk Racing Results | 11th December 2024 17:30,N/A,17:30,Standard,7f,Eastern Capital (IRE),R C Colgan,0,P Martin,9th,3/4 l,3,9-6,53,True,154,44
Dundalk Racing Results | 11th December 2024 17:30,N/A,17:30,Standard,7f,Draiocht (IRE),M P Sheehy,0,T J O'Mara,8th,Head,4,9-0,47,True,154,44
Dundalk Racing Results | 11th December 2024 17:30,N/A,17:30,Standard,7f,Maestro Stick,N G McCullagh,0,K H Clarke,7th,3/4 l,7,9-0t,47,True,154,44
Dundalk Racing Results | 11th December 2024 17:30,N/A,17:30,Standard,7f,Chestnutter (IRE),J A Powell,3,J C McConnell,6th,1/2 l,5,9-0v,44,True,154,44
Dundalk Racing Results | 11th December 2024 17:30,N/A,17:30,Standard,7f,Half Nutz (IRE),J Kearney,5,A McGuinness,5th,1 3/4 l,7,10-2,63,True,154,44
Dundalk Racing Results | 11th December 2024 17:30,N/A,17:30,Standard,7f,Golden Days (IRE),J Cleary,7,M Halford & T Collins,4th,1 1/4 l,7,9-12v1,59,True,154,44
Dundalk Racing Results | 11th December 2024 17:30,N/A,17:30,Standard,7f,Ferrari Desert,S Coen,7,M Fahey,3rd,1 l,4,9-11t,58,True,154,44
Dundalk Racing Results | 11th December 2024 17:30,N/A,17:30,Standard,7f,Harry The Rogue (IRE),N M Crosse,0,A Slattery,2nd,1/2 l,3,9-4,51,True,154,44
Dundalk Racing Results | 11th December 2024 17:30,N/A,17:30,Standard,7f,Hastily,Nicola Burns,7,Tom McGuinness,1st,N/A,5,9-0p1,47,True,154,44
Dundalk Racing Results | 11th December 2024 18:00,N/A,18:00,Standard,1m 2f 150y,Tassarolo,J M Sheridan,0,D Hogan,NR,N/A,3,10-0t,64,True,154,45
Dundalk Racing Results | 11th December 2024 18:00,N/A,18:00,Standard,1m 2f 150y,Buckhead Betty (IRE),S Foley,0,R O'Sullivan,12th,Short Head,3,9-8p,58,True,154,45
Dundalk Racing Results | 11th December 2024 18:00,N/A,18:00,Standard,1m 2f 150y,Snag It (IRE),C D Hayes,0,P J F Murphy,11th,Nose,7,9-9t,57,True,154,45
Dundalk Racing Results | 11th December 2024 18:00,N/A,18:00,Standard,1m 2f 150y,Relevant Range (IRE),D King,3,G Scott,10th,1 1/4 l,5,10-0p,62,True,154,45
Dundalk Racing Results | 11th December 2024 18:00,N/A,18:00,Standard,1m 2f 150y,Jalo (IRE),J J G Ryan,3,T G McCourt,9th,1 1/2 l,4,8-13tv,47,True,154,45
Dundalk Racing Results | 11th December 2024 18:00,N/A,18:00,Standard,1m 2f 150y,Highland King (IRE),R M Mulligan,7,J C McConnell,8th,Neck,5,10-0p,62,True,154,45
Dundalk Racing Results | 11th December 2024 18:00,N/A,18:00,Standard,1m 2f 150y,Muhalhel (IRE),N M Crosse,0,A McCann,7th,1/2 l,6,9-0tb,48,True,154,45
Dundalk Racing Results | 11th December 2024 18:00,N/A,18:00,Standard,1m 2f 150y,Waystar (IRE),J A Powell,3,J C McConnell,6th,Neck,3,9-1,51,True,154,45
Dundalk Racing Results | 11th December 2024 18:00,N/A,18:00,Standard,1m 2f 150y,Hijo De La Luna (GER),L T McAteer,0,S McConville,5th,1 l,4,9-3p,51,True,154,45
Dundalk Racing Results | 11th December 2024 18:00,N/A,18:00,Standard,1m 2f 150y,Guest Star,C T Keane,0,M Fahey,4th,3/4 l,3,9-2b,52,True,154,45
Dundalk Racing Results | 11th December 2024 18:00,N/A,18:00,Standard,1m 2f 150y,Ranko Express (IRE),S Coen,7,A Slattery,3rd,Neck,4,9-5,53,True,154,45
Dundalk Racing Results | 11th December 2024 18:00,N/A,18:00,Standard,1m 2f 150y,Limestone Red (IRE),R P Whelan,0,M Halford & T Collins,2nd,Short Head,4,10-2p,64,True,154,45
Dundalk Racing Results | 11th December 2024 18:00,N/A,18:00,Standard,1m 2f 150y,Belles Feuilles (FR),G F Carroll,0,G P Cromwell,1st,N/A,4,9-5,53,True,154,45
Dundalk Racing Results | 11th December 2024 18:00,N/A,18:00,Standard,1m 2f 150y,Tassarolo,J M Sheridan,0,D Hogan,NR,N/A,3,10-0t,64,True,154,45
Dundalk Racing Results | 11th December 2024 18:00,N/A,18:00,Standard,1m 2f 150y,Buckhead Betty (IRE),S Foley,0,R O'Sullivan,12th,Short Head,3,9-8p,58,True,154,45
Dundalk Racing Results | 11th December 2024 18:00,N/A,18:00,Standard,1m 2f 150y,Snag It (IRE),C D Hayes,0,P J F Murphy,11th,Nose,7,9-9t,57,True,154,45
Dundalk Racing Results | 11th December 2024 18:00,N/A,18:00,Standard,1m 2f 150y,Relevant Range (IRE),D King,3,G Scott,10th,1 1/4 l,5,10-0p,62,True,154,45
Dundalk Racing Results | 11th December 2024 18:00,N/A,18:00,Standard,1m 2f 150y,Jalo (IRE),J J G Ryan,3,T G McCourt,9th,1 1/2 l,4,8-13tv,47,True,154,45
Dundalk Racing Results | 11th December 2024 18:00,N/A,18:00,Standard,1m 2f 150y,Highland King (IRE),R M Mulligan,7,J C McConnell,8th,Neck,5,10-0p,62,True,154,45
Dundalk Racing Results | 11th December 2024 18:00,N/A,18:00,Standard,1m 2f 150y,Muhalhel (IRE),N M Crosse,0,A McCann,7th,1/2 l,6,9-0tb,48,True,154,45
Dundalk Racing Results | 11th December 2024 18:00,N/A,18:00,Standard,1m 2f 150y,Waystar (IRE),J A Powell,3,J C McConnell,6th,Neck,3,9-1,51,True,154,45
Dundalk Racing Results | 11th December 2024 18:00,N/A,18:00,Standard,1m 2f 150y,Hijo De La Luna (GER),L T McAteer,0,S McConville,5th,1 l,4,9-3p,51,True,154,45
Dundalk Racing Results | 11th December 2024 18:00,N/A,18:00,Standard,1m 2f 150y,Guest Star,C T Keane,0,M Fahey,4th,3/4 l,3,9-2b,52,True,154,45
Dundalk Racing Results | 11th December 2024 18:00,N/A,18:00,Standard,1m 2f 150y,Ranko Express (IRE),S Coen,7,A Slattery,3rd,Neck,4,9-5,53,True,154,45
Dundalk Racing Results | 11th December 2024 18:00,N/A,18:00,Standard,1m 2f 150y,Limestone Red (IRE),R P Whelan,0,M Halford & T Collins,2nd,Short Head,4,10-2p,64,True,154,45
Dundalk Racing Results | 11th December 2024 18:00,N/A,18:00,Standard,1m 2f 150y,Belles Feuilles (FR),G F Carroll,0,G P Cromwell,1st,N/A,4,9-5,53,True,154,45
Dundalk Racing Results | 11th December 2024 18:30,N/A,18:30,Standard,1m 2f 150y,Knock Flyer (IRE),K G Kennedy,7,G Elliott,NR,N/A,9,8-13p,47,True,154,46
Dundalk Racing Results | 11th December 2024 18:30,N/A,18:30,Standard,1m 2f 150y,Promo Queen (IRE),C T Keane,0,C Timmons,NR,N/A,3,9-6t,56,True,154,46
Dundalk Racing Results | 11th December 2024 18:30,N/A,18:30,Standard,1m 2f 150y,Slowdownbarney (IRE),D W O'Connor,0,J C McConnell,11th,Head,3,9-8tv1,58,True,154,46
Dundalk Racing Results | 11th December 2024 18:30,N/A,18:30,Standard,1m 2f 150y,Wajaaha (IRE),R M Mulligan,7,P J McKenna,10th,1/2 l,9,9-6v,54,True,154,46
Dundalk Racing Results | 11th December 2024 18:30,N/A,18:30,Standard,1m 2f 150y,Saga Des Aigles (IRE),G P Halpin,0,C W J Farrell,9th,3/4 l,4,10-2,64,True,154,46
Dundalk Racing Results | 11th December 2024 18:30,N/A,18:30,Standard,1m 2f 150y,Deuteronomy (IRE),Nicola Burns,7,R P Burns,8th,1/2 l,5,8-13,47,True,154,46
Dundalk Racing Results | 11th December 2024 18:30,N/A,18:30,Standard,1m 2f 150y,Omakase (IRE),S Coen,7,P G Fahey,7th,1/2 l,6,9-4,52,True,154,46
Dundalk Racing Results | 11th December 2024 18:30,N/A,18:30,Standard,1m 2f 150y,Rumbled Again (IRE),G F Carroll,0,G P Cromwell,6th,Head,4,9-10,58,True,154,46
Dundalk Racing Results | 11th December 2024 18:30,N/A,18:30,Standard,1m 2f 150y,Wayside Lady (IRE),J A Powell,3,P J Hayes,5th,1 3/4 l,4,8-13tp,47,True,154,46
Dundalk Racing Results | 11th December 2024 18:30,N/A,18:30,Standard,1m 2f 150y,Roderick,J M Sheridan,0,P Sweeney,4th,Neck,8,9-2tb,50,True,154,46
Dundalk Racing Results | 11th December 2024 18:30,N/A,18:30,Standard,1m 2f 150y,Is She Now (IRE),R C Colgan,0,V C Ward,3rd,2 1/4 l,6,9-6,54,True,154,46
Dundalk Racing Results | 11th December 2024 18:30,N/A,18:30,Standard,1m 2f 150y,Gallo Dell Cielo (IRE),R Donaghue-Leahy,7,P J Flynn,2nd,3 l,4,9-8,56,True,154,46
Dundalk Racing Results | 11th December 2024 18:30,N/A,18:30,Standard,1m 2f 150y,The Real Screamer (IRE),C D Hayes,0,P W Flynn,1st,N/A,3,9-10,60,True,154,46
Dundalk Racing Results | 11th December 2024 18:30,N/A,18:30,Standard,1m 2f 150y,Knock Flyer (IRE),K G Kennedy,7,G Elliott,NR,N/A,9,8-13p,47,True,154,46
Dundalk Racing Results | 11th December 2024 18:30,N/A,18:30,Standard,1m 2f 150y,Promo Queen (IRE),C T Keane,0,C Timmons,NR,N/A,3,9-6t,56,True,154,46
Dundalk Racing Results | 11th December 2024 18:30,N/A,18:30,Standard,1m 2f 150y,Slowdownbarney (IRE),D W O'Connor,0,J C McConnell,11th,Head,3,9-8tv1,58,True,154,46
Dundalk Racing Results | 11th December 2024 18:30,N/A,18:30,Standard,1m 2f 150y,Wajaaha (IRE),R M Mulligan,7,P J McKenna,10th,1/2 l,9,9-6v,54,True,154,46
Dundalk Racing Results | 11th December 2024 18:30,N/A,18:30,Standard,1m 2f 150y,Saga Des Aigles (IRE),G P Halpin,0,C W J Farrell,9th,3/4 l,4,10-2,64,True,154,46
Dundalk Racing Results | 11th December 2024 18:30,N/A,18:30,Standard,1m 2f 150y,Deuteronomy (IRE),Nicola Burns,7,R P Burns,8th,1/2 l,5,8-13,47,True,154,46
Dundalk Racing Results | 11th December 2024 18:30,N/A,18:30,Standard,1m 2f 150y,Omakase (IRE),S Coen,7,P G Fahey,7th,1/2 l,6,9-4,52,True,154,46
Dundalk Racing Results | 11th December 2024 18:30,N/A,18:30,Standard,1m 2f 150y,Rumbled Again (IRE),G F Carroll,0,G P Cromwell,6th,Head,4,9-10,58,True,154,46
Dundalk Racing Results | 11th December 2024 18:30,N/A,18:30,Standard,1m 2f 150y,Wayside Lady (IRE),J A Powell,3,P J Hayes,5th,1 3/4 l,4,8-13tp,47,True,154,46
Dundalk Racing Results | 11th December 2024 18:30,N/A,18:30,Standard,1m 2f 150y,Roderick,J M Sheridan,0,P Sweeney,4th,Neck,8,9-2tb,50,True,154,46
Dundalk Racing Results | 11th December 2024 18:30,N/A,18:30,Standard,1m 2f 150y,Is She Now (IRE),R C Colgan,0,V C Ward,3rd,2 1/4 l,6,9-6,54,True,154,46
Dundalk Racing Results | 11th December 2024 18:30,N/A,18:30,Standard,1m 2f 150y,Gallo Dell Cielo (IRE),R Donaghue-Leahy,7,P J Flynn,2nd,3 l,4,9-8,56,True,154,46
Dundalk Racing Results | 11th December 2024 18:30,N/A,18:30,Standard,1m 2f 150y,The Real Screamer (IRE),C D Hayes,0,P W Flynn,1st,N/A,3,9-10,60,True,154,46
Cork Racing Results | 13th December 2024 12:00,N/A,12:00,Yielding,2m 40y,Simpson's Paradox (IRE),Mr C P Tierney,7,J A Kinsella,NR,N/A,4,11-7t,-,True,154,47
Cork Racing Results | 13th December 2024 12:00,N/A,12:00,Yielding,2m 40y,Kared'as De Cougny (FR),Niall Moore,7,P Fenton,UR,N/A,4,11-7,-,True,154,47
Cork Racing Results | 13th December 2024 12:00,N/A,12:00,Yielding,2m 40y,Black Fern (IRE),J P Shinnick,5,Padraig Butler,18th,9 1/2 l,4,11-0,-,True,154,47
Cork Racing Results | 13th December 2024 12:00,N/A,12:00,Yielding,2m 40y,Alright George (IRE),T Power Roche,7,P J Rothwell,17th,1 1/2 l,4,11-7,-,True,154,47
Cork Racing Results | 13th December 2024 12:00,N/A,12:00,Yielding,2m 40y,Chef's Kiss (IRE),J P O'Sullivan,0,P J Rothwell,16th,1 1/4 l,4,11-7,-,True,154,47
Cork Racing Results | 13th December 2024 12:00,N/A,12:00,Yielding,2m 40y,Tea In The Park (IRE),R A Doyle,0,Eamon Courtney,15th,8 1/2 l,4,11-7,-,True,154,47
Cork Racing Results | 13th December 2024 12:00,N/A,12:00,Yielding,2m 40y,Another Challenge (IRE),P T Enright,0,O McKiernan,14th,3 1/4 l,4,11-7,-,True,154,47
Cork Racing Results | 13th December 2024 12:00,N/A,12:00,Yielding,2m 40y,Marine Ranger (IRE),H E Sexton,7,P A Fahy,13th,1 l,4,11-7,-,True,154,47
Cork Racing Results | 13th December 2024 12:00,N/A,12:00,Yielding,2m 40y,Gimme A Buzz (IRE),S D Torrens,0,E Bolger,12th,2 1/2 l,4,11-7h1,-,True,154,47
Cork Racing Results | 13th December 2024 12:00,N/A,12:00,Yielding,2m 40y,Nettuno Italia (IRE),T P Harney,7,R O'Sullivan,11th,2 3/4 l,4,11-7,-,True,154,47
Cork Racing Results | 13th December 2024 12:00,N/A,12:00,Yielding,2m 40y,Scriabin (FR),M M McDonagh,0,P Griffin,10th,3 l,4,11-7,-,True,154,47
Cork Racing Results | 13th December 2024 12:00,N/A,12:00,Yielding,2m 40y,Royal Reprobate (IRE),K E Buckley,0,G P Cromwell,9th,3 1/2 l,4,11-7,-,True,154,47
Cork Racing Results | 13th December 2024 12:00,N/A,12:00,Yielding,2m 40y,Crescent Moon (FR),S W Flanagan,0,G P Cromwell,8th,4 3/4 l,4,11-0,-,True,154,47
Cork Racing Results | 13th December 2024 12:00,N/A,12:00,Yielding,2m 40y,I'll Sort That (IRE),S Fitzgerald,0,D Queally,7th,1/2 l,4,11-7,-,True,154,47
Cork Racing Results | 13th December 2024 12:00,N/A,12:00,Yielding,2m 40y,Dutch Gold (IRE),D Meyler,0,N Meade,6th,4 1/4 l,4,11-7,-,True,154,47
Cork Racing Results | 13th December 2024 12:00,N/A,12:00,Yielding,2m 40y,Kilgame (FR),D J O'Keeffe,0,H De Bromhead,5th,1 3/4 l,4,11-7,-,True,154,47
Cork Racing Results | 13th December 2024 12:00,N/A,12:00,Yielding,2m 40y,Van Demon (IRE),D King,0,N Meade,4th,1/2 l,4,11-7,-,True,154,47
Cork Racing Results | 13th December 2024 12:00,N/A,12:00,Yielding,2m 40y,Hello Jack (IRE),J C Gainford,0,G Elliott,3rd,12 l,4,11-7,-,True,154,47
Cork Racing Results | 13th December 2024 12:00,N/A,12:00,Yielding,2m 40y,Dream Diamond (IRE),M J M O'Sullivan,0,M Kennedy,2nd,3 1/2 l,4,11-7,-,True,154,47
Cork Racing Results | 13th December 2024 12:00,N/A,12:00,Yielding,2m 40y,Kel Histoire (FR),M P Walsh,0,W P Mullins,1st,N/A,4,11-7,-,True,154,47
Cork Racing Results | 13th December 2024 12:00,N/A,12:00,Yielding,2m 40y,Simpson's Paradox (IRE),Mr C P Tierney,7,J A Kinsella,NR,N/A,4,11-7t,-,True,154,47
Cork Racing Results | 13th December 2024 12:00,N/A,12:00,Yielding,2m 40y,Kared'as De Cougny (FR),Niall Moore,7,P Fenton,UR,N/A,4,11-7,-,True,154,47
Cork Racing Results | 13th December 2024 12:00,N/A,12:00,Yielding,2m 40y,Black Fern (IRE),J P Shinnick,5,Padraig Butler,18th,9 1/2 l,4,11-0,-,True,154,47
Cork Racing Results | 13th December 2024 12:00,N/A,12:00,Yielding,2m 40y,Alright George (IRE),T Power Roche,7,P J Rothwell,17th,1 1/2 l,4,11-7,-,True,154,47
Cork Racing Results | 13th December 2024 12:00,N/A,12:00,Yielding,2m 40y,Chef's Kiss (IRE),J P O'Sullivan,0,P J Rothwell,16th,1 1/4 l,4,11-7,-,True,154,47
Cork Racing Results | 13th December 2024 12:00,N/A,12:00,Yielding,2m 40y,Tea In The Park (IRE),R A Doyle,0,Eamon Courtney,15th,8 1/2 l,4,11-7,-,True,154,47
Cork Racing Results | 13th December 2024 12:00,N/A,12:00,Yielding,2m 40y,Another Challenge (IRE),P T Enright,0,O McKiernan,14th,3 1/4 l,4,11-7,-,True,154,47
Cork Racing Results | 13th December 2024 12:00,N/A,12:00,Yielding,2m 40y,Marine Ranger (IRE),H E Sexton,7,P A Fahy,13th,1 l,4,11-7,-,True,154,47
Cork Racing Results | 13th December 2024 12:00,N/A,12:00,Yielding,2m 40y,Gimme A Buzz (IRE),S D Torrens,0,E Bolger,12th,2 1/2 l,4,11-7h1,-,True,154,47
Cork Racing Results | 13th December 2024 12:00,N/A,12:00,Yielding,2m 40y,Nettuno Italia (IRE),T P Harney,7,R O'Sullivan,11th,2 3/4 l,4,11-7,-,True,154,47
Cork Racing Results | 13th December 2024 12:00,N/A,12:00,Yielding,2m 40y,Scriabin (FR),M M McDonagh,0,P Griffin,10th,3 l,4,11-7,-,True,154,47
Cork Racing Results | 13th December 2024 12:00,N/A,12:00,Yielding,2m 40y,Royal Reprobate (IRE),K E Buckley,0,G P Cromwell,9th,3 1/2 l,4,11-7,-,True,154,47
Cork Racing Results | 13th December 2024 12:00,N/A,12:00,Yielding,2m 40y,Crescent Moon (FR),S W Flanagan,0,G P Cromwell,8th,4 3/4 l,4,11-0,-,True,154,47
Cork Racing Results | 13th December 2024 12:00,N/A,12:00,Yielding,2m 40y,I'll Sort That (IRE),S Fitzgerald,0,D Queally,7th,1/2 l,4,11-7,-,True,154,47
Cork Racing Results | 13th December 2024 12:00,N/A,12:00,Yielding,2m 40y,Dutch Gold (IRE),D Meyler,0,N Meade,6th,4 1/4 l,4,11-7,-,True,154,47
Cork Racing Results | 13th December 2024 12:00,N/A,12:00,Yielding,2m 40y,Kilgame (FR),D J O'Keeffe,0,H De Bromhead,5th,1 3/4 l,4,11-7,-,True,154,47
Cork Racing Results | 13th December 2024 12:00,N/A,12:00,Yielding,2m 40y,Van Demon (IRE),D King,0,N Meade,4th,1/2 l,4,11-7,-,True,154,47
Cork Racing Results | 13th December 2024 12:00,N/A,12:00,Yielding,2m 40y,Hello Jack (IRE),J C Gainford,0,G Elliott,3rd,12 l,4,11-7,-,True,154,47
Cork Racing Results | 13th December 2024 12:00,N/A,12:00,Yielding,2m 40y,Dream Diamond (IRE),M J M O'Sullivan,0,M Kennedy,2nd,3 1/2 l,4,11-7,-,True,154,47
Cork Racing Results | 13th December 2024 12:00,N/A,12:00,Yielding,2m 40y,Kel Histoire (FR),M P Walsh,0,W P Mullins,1st,N/A,4,11-7,-,True,154,47
Cork Racing Results | 13th December 2024 12:30,N/A,12:30,Yielding,2m 40y,Faceman (IRE),C M Quirke,5,D H Kelly,18th,4 1/2 l,5,11-12,-,True,154,48
Cork Racing Results | 13th December 2024 12:30,N/A,12:30,Yielding,2m 40y,I Ballyadam Moon (FR),S F O'Keeffe,0,T O'Brien,17th,6 l,6,11-12t,-,True,154,48
Cork Racing Results | 13th December 2024 12:30,N/A,12:30,Yielding,2m 40y,Beefeater (IRE),M J M O'Sullivan,0,Eamon Courtney,16th,6 1/2 l,5,11-12t1,-,True,154,48
Cork Racing Results | 13th December 2024 12:30,N/A,12:30,Yielding,2m 40y,Hitthehayson (IRE),J P O'Sullivan,0,P J Rothwell,15th,7 1/2 l,5,11-12,-,True,154,48
Cork Racing Results | 13th December 2024 12:30,N/A,12:30,Yielding,2m 40y,Calypso Bluebird (IRE),C M Hogan,7,E McCarthy,14th,1 l,5,11-5,-,True,154,48
Cork Racing Results | 13th December 2024 12:30,N/A,12:30,Yielding,2m 40y,Raby Mere (FR),R P Treacy,0,Louise G Lyons,13th,4 1/4 l,5,11-12,-,True,154,48
Cork Racing Results | 13th December 2024 12:30,N/A,12:30,Yielding,2m 40y,Choose Your Answer (IRE),P T Enright,0,R Tyner,12th,3/4 l,5,11-12,-,True,154,48
Cork Racing Results | 13th December 2024 12:30,N/A,12:30,Yielding,2m 40y,Ifyouaskme (IRE),D J O'Keeffe,0,Richard Hennessy,11th,14 l,8,11-12,-,True,154,48
Cork Racing Results | 13th December 2024 12:30,N/A,12:30,Yielding,2m 40y,Wrecking Ballbilly (IRE),J S McGarvey,0,N C Kelly,10th,7 l,5,11-12,-,True,154,48
Cork Racing Results | 13th December 2024 12:30,N/A,12:30,Yielding,2m 40y,Justlikefire,S Fitzgerald,0,D Queally,9th,2 l,5,11-12,-,True,154,48
Cork Racing Results | 13th December 2024 12:30,N/A,12:30,Yielding,2m 40y,Paul's Dream (IRE),D N Cullinane,5,A Mullins,8th,Neck,5,11-5,-,True,154,48
Cork Racing Results | 13th December 2024 12:30,N/A,12:30,Yielding,2m 40y,Sheriffhill (IRE),J P Shinnick,5,T O'Brien,7th,Head,6,11-12,-,True,154,48
Cork Racing Results | 13th December 2024 12:30,N/A,12:30,Yielding,2m 40y,Are You Busy (IRE),M P O'Connor,0,R Sweeney,6th,4 1/4 l,5,11-5,-,True,154,48
Cork Racing Results | 13th December 2024 12:30,N/A,12:30,Yielding,2m 40y,His Nibs (IRE),K E Buckley,0,G P Cromwell,5th,12 l,5,11-12,-,True,154,48
Cork Racing Results | 13th December 2024 12:30,N/A,12:30,Yielding,2m 40y,Mic Drop (IRE),S W Flanagan,0,D M O'Brien,4th,Short Head,5,11-12,-,True,154,48
Cork Racing Results | 13th December 2024 12:30,N/A,12:30,Yielding,2m 40y,He's Gorgeous (IRE),H E Sexton,7,P A Fahy,3rd,1 1/4 l,5,11-12,-,True,154,48
Cork Racing Results | 13th December 2024 12:30,N/A,12:30,Yielding,2m 40y,Magic McColgan (IRE),P Townend,0,W P Mullins,2nd,15 l,5,11-5,-,True,154,48
Cork Racing Results | 13th December 2024 12:30,N/A,12:30,Yielding,2m 40y,Relieved Of Duties (IRE),J C Gainford,0,G Elliott,1st,N/A,5,11-12,-,True,154,48
Cork Racing Results | 13th December 2024 12:30,N/A,12:30,Yielding,2m 40y,Faceman (IRE),C M Quirke,5,D H Kelly,18th,4 1/2 l,5,11-12,-,True,154,48
Cork Racing Results | 13th December 2024 12:30,N/A,12:30,Yielding,2m 40y,I Ballyadam Moon (FR),S F O'Keeffe,0,T O'Brien,17th,6 l,6,11-12t,-,True,154,48
Cork Racing Results | 13th December 2024 12:30,N/A,12:30,Yielding,2m 40y,Beefeater (IRE),M J M O'Sullivan,0,Eamon Courtney,16th,6 1/2 l,5,11-12t1,-,True,154,48
Cork Racing Results | 13th December 2024 12:30,N/A,12:30,Yielding,2m 40y,Hitthehayson (IRE),J P O'Sullivan,0,P J Rothwell,15th,7 1/2 l,5,11-12,-,True,154,48
Cork Racing Results | 13th December 2024 12:30,N/A,12:30,Yielding,2m 40y,Calypso Bluebird (IRE),C M Hogan,7,E McCarthy,14th,1 l,5,11-5,-,True,154,48
Cork Racing Results | 13th December 2024 12:30,N/A,12:30,Yielding,2m 40y,Raby Mere (FR),R P Treacy,0,Louise G Lyons,13th,4 1/4 l,5,11-12,-,True,154,48
Cork Racing Results | 13th December 2024 12:30,N/A,12:30,Yielding,2m 40y,Choose Your Answer (IRE),P T Enright,0,R Tyner,12th,3/4 l,5,11-12,-,True,154,48
Cork Racing Results | 13th December 2024 12:30,N/A,12:30,Yielding,2m 40y,Ifyouaskme (IRE),D J O'Keeffe,0,Richard Hennessy,11th,14 l,8,11-12,-,True,154,48
Cork Racing Results | 13th December 2024 12:30,N/A,12:30,Yielding,2m 40y,Wrecking Ballbilly (IRE),J S McGarvey,0,N C Kelly,10th,7 l,5,11-12,-,True,154,48
Cork Racing Results | 13th December 2024 12:30,N/A,12:30,Yielding,2m 40y,Justlikefire,S Fitzgerald,0,D Queally,9th,2 l,5,11-12,-,True,154,48
Cork Racing Results | 13th December 2024 12:30,N/A,12:30,Yielding,2m 40y,Paul's Dream (IRE),D N Cullinane,5,A Mullins,8th,Neck,5,11-5,-,True,154,48
Cork Racing Results | 13th December 2024 12:30,N/A,12:30,Yielding,2m 40y,Sheriffhill (IRE),J P Shinnick,5,T O'Brien,7th,Head,6,11-12,-,True,154,48
Cork Racing Results | 13th December 2024 12:30,N/A,12:30,Yielding,2m 40y,Are You Busy (IRE),M P O'Connor,0,R Sweeney,6th,4 1/4 l,5,11-5,-,True,154,48
Cork Racing Results | 13th December 2024 12:30,N/A,12:30,Yielding,2m 40y,His Nibs (IRE),K E Buckley,0,G P Cromwell,5th,12 l,5,11-12,-,True,154,48
Cork Racing Results | 13th December 2024 12:30,N/A,12:30,Yielding,2m 40y,Mic Drop (IRE),S W Flanagan,0,D M O'Brien,4th,Short Head,5,11-12,-,True,154,48
Cork Racing Results | 13th December 2024 12:30,N/A,12:30,Yielding,2m 40y,He's Gorgeous (IRE),H E Sexton,7,P A Fahy,3rd,1 1/4 l,5,11-12,-,True,154,48
Cork Racing Results | 13th December 2024 12:30,N/A,12:30,Yielding,2m 40y,Magic McColgan (IRE),P Townend,0,W P Mullins,2nd,15 l,5,11-5,-,True,154,48
Cork Racing Results | 13th December 2024 12:30,N/A,12:30,Yielding,2m 40y,Relieved Of Duties (IRE),J C Gainford,0,G Elliott,1st,N/A,5,11-12,-,True,154,48
Cork Racing Results | 13th December 2024 13:05,N/A,13:05,Yielding,2m 40y,Eve's Hope (IRE),C M Quirke,0,M O Quigley,NR,N/A,6,11-11t,104,True,154,49
Cork Racing Results | 13th December 2024 13:05,N/A,13:05,Yielding,2m 40y,Marelly (IRE),C M Hogan,4,P J Rothwell,NR,N/A,7,12-0p,107,True,154,49
Cork Racing Results | 13th December 2024 13:05,N/A,13:05,Yielding,2m 40y,Benzine,K Callaghan,2,J Morrison,14th,41 l,5,11-6,99,True,154,49
Cork Racing Results | 13th December 2024 13:05,N/A,13:05,Yielding,2m 40y,Kalnoo (IRE),P K Donovan,0,P Kiely,13th,Neck,7,10-1,80,True,154,49
Cork Racing Results | 13th December 2024 13:05,N/A,13:05,Yielding,2m 40y,Whotookthebiscuit (IRE),S D Greene,4,H De Bromhead,12th,15 l,6,11-9t,102,True,154,49
Cork Racing Results | 13th December 2024 13:05,N/A,13:05,Yielding,2m 40y,Phoenix Cowboy (USA),Niall Moore,4,M Winters,11th,2 l,7,11-9,102,True,154,49
Cork Racing Results | 13th December 2024 13:05,N/A,13:05,Yielding,2m 40y,Red Trail (IRE),A P Kelly,0,A McNamara,10th,2 1/4 l,5,11-4,97,True,154,49
Cork Racing Results | 13th December 2024 13:05,N/A,13:05,Yielding,2m 40y,Gamigin (IRE),G Brouder,0,N C Kelly,9th,2 l,6,11-11tp,104,True,154,49
Cork Racing Results | 13th December 2024 13:05,N/A,13:05,Yielding,2m 40y,Dontdooddson (FR),J G Gilligan,2,D Collins,8th,4 1/2 l,11,10-2,81,True,154,49
Cork Racing Results | 13th December 2024 13:05,N/A,13:05,Yielding,2m 40y,Expelliarmus (IRE),O R Brown,2,J P O'Brien,7th,2 1/2 l,4,11-11p1,104,True,154,49
Cork Racing Results | 13th December 2024 13:05,N/A,13:05,Yielding,2m 40y,Road To The Weir (IRE),A M King,4,J Neilan,6th,Neck,8,10-5t,84,True,154,49
Cork Racing Results | 13th December 2024 13:05,N/A,13:05,Yielding,2m 40y,Bid Up (IRE),T P Harney,4,R O'Sullivan,5th,Head,3,10-11,105,True,154,49
Cork Racing Results | 13th December 2024 13:05,N/A,13:05,Yielding,2m 40y,Heidi's Frontiere (IRE),J Coen,0,M Kennedy,4th,1 l,6,10-6,85,True,154,49
Cork Racing Results | 13th December 2024 13:05,N/A,13:05,Yielding,2m 40y,Star Official (IRE),C Owens,4,R Donohoe,3rd,7 l,6,11-6,99,True,154,49
Cork Racing Results | 13th December 2024 13:05,N/A,13:05,Yielding,2m 40y,Wardens Whisper (IRE),T Power Roche,4,P J Rothwell,2nd,3 l,5,10-9p,88,True,154,49
Cork Racing Results | 13th December 2024 13:05,N/A,13:05,Yielding,2m 40y,Robbies Rock,C Stone-Walsh,0,G P Cromwell,1st,N/A,3,10-11t,105,True,154,49
Cork Racing Results | 13th December 2024 13:05,N/A,13:05,Yielding,2m 40y,Eve's Hope (IRE),C M Quirke,0,M O Quigley,NR,N/A,6,11-11t,104,True,154,49
Cork Racing Results | 13th December 2024 13:05,N/A,13:05,Yielding,2m 40y,Marelly (IRE),C M Hogan,4,P J Rothwell,NR,N/A,7,12-0p,107,True,154,49
Cork Racing Results | 13th December 2024 13:05,N/A,13:05,Yielding,2m 40y,Benzine,K Callaghan,2,J Morrison,14th,41 l,5,11-6,99,True,154,49
Cork Racing Results | 13th December 2024 13:05,N/A,13:05,Yielding,2m 40y,Kalnoo (IRE),P K Donovan,0,P Kiely,13th,Neck,7,10-1,80,True,154,49
Cork Racing Results | 13th December 2024 13:05,N/A,13:05,Yielding,2m 40y,Whotookthebiscuit (IRE),S D Greene,4,H De Bromhead,12th,15 l,6,11-9t,102,True,154,49
Cork Racing Results | 13th December 2024 13:05,N/A,13:05,Yielding,2m 40y,Phoenix Cowboy (USA),Niall Moore,4,M Winters,11th,2 l,7,11-9,102,True,154,49
Cork Racing Results | 13th December 2024 13:05,N/A,13:05,Yielding,2m 40y,Red Trail (IRE),A P Kelly,0,A McNamara,10th,2 1/4 l,5,11-4,97,True,154,49
Cork Racing Results | 13th December 2024 13:05,N/A,13:05,Yielding,2m 40y,Gamigin (IRE),G Brouder,0,N C Kelly,9th,2 l,6,11-11tp,104,True,154,49
Cork Racing Results | 13th December 2024 13:05,N/A,13:05,Yielding,2m 40y,Dontdooddson (FR),J G Gilligan,2,D Collins,8th,4 1/2 l,11,10-2,81,True,154,49
Cork Racing Results | 13th December 2024 13:05,N/A,13:05,Yielding,2m 40y,Expelliarmus (IRE),O R Brown,2,J P O'Brien,7th,2 1/2 l,4,11-11p1,104,True,154,49
Cork Racing Results | 13th December 2024 13:05,N/A,13:05,Yielding,2m 40y,Road To The Weir (IRE),A M King,4,J Neilan,6th,Neck,8,10-5t,84,True,154,49
Cork Racing Results | 13th December 2024 13:05,N/A,13:05,Yielding,2m 40y,Bid Up (IRE),T P Harney,4,R O'Sullivan,5th,Head,3,10-11,105,True,154,49
Cork Racing Results | 13th December 2024 13:05,N/A,13:05,Yielding,2m 40y,Heidi's Frontiere (IRE),J Coen,0,M Kennedy,4th,1 l,6,10-6,85,True,154,49
Cork Racing Results | 13th December 2024 13:05,N/A,13:05,Yielding,2m 40y,Star Official (IRE),C Owens,4,R Donohoe,3rd,7 l,6,11-6,99,True,154,49
Cork Racing Results | 13th December 2024 13:05,N/A,13:05,Yielding,2m 40y,Wardens Whisper (IRE),T Power Roche,4,P J Rothwell,2nd,3 l,5,10-9p,88,True,154,49
Cork Racing Results | 13th December 2024 13:05,N/A,13:05,Yielding,2m 40y,Robbies Rock,C Stone-Walsh,0,G P Cromwell,1st,N/A,3,10-11t,105,True,154,49
Cork Racing Results | 13th December 2024 13:40,N/A,13:40,Yielding,2m 4f,Barnahash Primrose (IRE),Mr D O'Connor,0,Jonathan Sweeney,NR,N/A,6,11-7,-,True,154,50
Cork Racing Results | 13th December 2024 13:40,N/A,13:40,Yielding,2m 4f,Firm Belief (IRE),M P O'Connor,0,R Sweeney,PU,N/A,6,11-7,-,True,154,50
Cork Racing Results | 13th December 2024 13:40,N/A,13:40,Yielding,2m 4f,Sweet Chestnut (IRE),R A Doyle,0,D Deacon,PU,N/A,5,11-7,-,True,154,50
Cork Racing Results | 13th December 2024 13:40,N/A,13:40,Yielding,2m 4f,She'll Be Kept (IRE),J P Shinnick,5,Sean Allen,PU,N/A,4,11-7t1,-,True,154,50
Cork Racing Results | 13th December 2024 13:40,N/A,13:40,Yielding,2m 4f,Penelope's Charm (IRE),S W Flanagan,0,D W O'Sullivan,PU,N/A,6,11-7,-,True,154,50
Cork Racing Results | 13th December 2024 13:40,N/A,13:40,Yielding,2m 4f,Youre A Derry Girl (IRE),Mr P J Cody,7,S G Walsh,PU,N/A,7,11-7,-,True,154,50
Cork Racing Results | 13th December 2024 13:40,N/A,13:40,Yielding,2m 4f,Connemara Shore (IRE),P T Enright,0,R Tyner,PU,N/A,4,11-7,-,True,154,50
Cork Racing Results | 13th December 2024 13:40,N/A,13:40,Yielding,2m 4f,Opera Point (IRE),J Aherne,7,A O'Grady,12th,14 l,6,11-7,-,True,154,50
Cork Racing Results | 13th December 2024 13:40,N/A,13:40,Yielding,2m 4f,Ellies Rock (IRE),J Smith,7,Olivia Hegarty,11th,1 3/4 l,6,11-7,-,True,154,50
Cork Racing Results | 13th December 2024 13:40,N/A,13:40,Yielding,2m 4f,Whatsupnellie (IRE),T Power Roche,7,Eric Larkin,10th,9 1/2 l,5,11-7,-,True,154,50
Cork Racing Results | 13th December 2024 13:40,N/A,13:40,Yielding,2m 4f,Meitheal (IRE),E Walsh,0,John E & Kiely,9th,2 1/2 l,5,11-7,-,True,154,50
Cork Racing Results | 13th December 2024 13:40,N/A,13:40,Yielding,2m 4f,Mountrivers Lass (IRE),H E Sexton,7,R Murphy,8th,22 l,5,11-7,-,True,154,50
Cork Racing Results | 13th December 2024 13:40,N/A,13:40,Yielding,2m 4f,Tiffiny's Girl (IRE),D Meyler,0,W J Burke,7th,2 1/4 l,4,11-7,-,True,154,50
Cork Racing Results | 13th December 2024 13:40,N/A,13:40,Yielding,2m 4f,Johanna Whitty (IRE),M J M O'Sullivan,0,J S Bolger,6th,1/2 l,4,11-7,-,True,154,50
Cork Racing Results | 13th December 2024 13:40,N/A,13:40,Yielding,2m 4f,Doyen Evening (IRE),K C Sexton,0,C Collins,5th,16 l,5,11-7,-,True,154,50
Cork Racing Results | 13th December 2024 13:40,N/A,13:40,Yielding,2m 4f,Neon Diamond (IRE),J C Gainford,0,G Elliott,4th,1/2 l,5,11-7,-,True,154,50
Cork Racing Results | 13th December 2024 13:40,N/A,13:40,Yielding,2m 4f,Lady Of The Locke (IRE),S F O'Keeffe,0,C Byrnes,3rd,16 l,4,11-7,-,True,154,50
Cork Racing Results | 13th December 2024 13:40,N/A,13:40,Yielding,2m 4f,Full Of Life (FR),D J O'Keeffe,0,H De Bromhead,2nd,13 l,5,11-7,-,True,154,50
Cork Racing Results | 13th December 2024 13:40,N/A,13:40,Yielding,2m 4f,Fancy Girl (IRE),P Townend,0,W P Mullins,1st,N/A,6,11-7,-,True,154,50
Cork Racing Results | 13th December 2024 13:40,N/A,13:40,Yielding,2m 4f,Barnahash Primrose (IRE),Mr D O'Connor,0,Jonathan Sweeney,NR,N/A,6,11-7,-,True,154,50
Cork Racing Results | 13th December 2024 13:40,N/A,13:40,Yielding,2m 4f,Firm Belief (IRE),M P O'Connor,0,R Sweeney,PU,N/A,6,11-7,-,True,154,50
Cork Racing Results | 13th December 2024 13:40,N/A,13:40,Yielding,2m 4f,Sweet Chestnut (IRE),R A Doyle,0,D Deacon,PU,N/A,5,11-7,-,True,154,50
Cork Racing Results | 13th December 2024 13:40,N/A,13:40,Yielding,2m 4f,She'll Be Kept (IRE),J P Shinnick,5,Sean Allen,PU,N/A,4,11-7t1,-,True,154,50
Cork Racing Results | 13th December 2024 13:40,N/A,13:40,Yielding,2m 4f,Penelope's Charm (IRE),S W Flanagan,0,D W O'Sullivan,PU,N/A,6,11-7,-,True,154,50
Cork Racing Results | 13th December 2024 13:40,N/A,13:40,Yielding,2m 4f,Youre A Derry Girl (IRE),Mr P J Cody,7,S G Walsh,PU,N/A,7,11-7,-,True,154,50
Cork Racing Results | 13th December 2024 13:40,N/A,13:40,Yielding,2m 4f,Connemara Shore (IRE),P T Enright,0,R Tyner,PU,N/A,4,11-7,-,True,154,50
Cork Racing Results | 13th December 2024 13:40,N/A,13:40,Yielding,2m 4f,Opera Point (IRE),J Aherne,7,A O'Grady,12th,14 l,6,11-7,-,True,154,50
Cork Racing Results | 13th December 2024 13:40,N/A,13:40,Yielding,2m 4f,Ellies Rock (IRE),J Smith,7,Olivia Hegarty,11th,1 3/4 l,6,11-7,-,True,154,50
Cork Racing Results | 13th December 2024 13:40,N/A,13:40,Yielding,2m 4f,Whatsupnellie (IRE),T Power Roche,7,Eric Larkin,10th,9 1/2 l,5,11-7,-,True,154,50
Cork Racing Results | 13th December 2024 13:40,N/A,13:40,Yielding,2m 4f,Meitheal (IRE),E Walsh,0,John E & Kiely,9th,2 1/2 l,5,11-7,-,True,154,50
Cork Racing Results | 13th December 2024 13:40,N/A,13:40,Yielding,2m 4f,Mountrivers Lass (IRE),H E Sexton,7,R Murphy,8th,22 l,5,11-7,-,True,154,50
Cork Racing Results | 13th December 2024 13:40,N/A,13:40,Yielding,2m 4f,Tiffiny's Girl (IRE),D Meyler,0,W J Burke,7th,2 1/4 l,4,11-7,-,True,154,50
Cork Racing Results | 13th December 2024 13:40,N/A,13:40,Yielding,2m 4f,Johanna Whitty (IRE),M J M O'Sullivan,0,J S Bolger,6th,1/2 l,4,11-7,-,True,154,50
Cork Racing Results | 13th December 2024 13:40,N/A,13:40,Yielding,2m 4f,Doyen Evening (IRE),K C Sexton,0,C Collins,5th,16 l,5,11-7,-,True,154,50
Cork Racing Results | 13th December 2024 13:40,N/A,13:40,Yielding,2m 4f,Neon Diamond (IRE),J C Gainford,0,G Elliott,4th,1/2 l,5,11-7,-,True,154,50
Cork Racing Results | 13th December 2024 13:40,N/A,13:40,Yielding,2m 4f,Lady Of The Locke (IRE),S F O'Keeffe,0,C Byrnes,3rd,16 l,4,11-7,-,True,154,50
Cork Racing Results | 13th December 2024 13:40,N/A,13:40,Yielding,2m 4f,Full Of Life (FR),D J O'Keeffe,0,H De Bromhead,2nd,13 l,5,11-7,-,True,154,50
Cork Racing Results | 13th December 2024 13:40,N/A,13:40,Yielding,2m 4f,Fancy Girl (IRE),P Townend,0,W P Mullins,1st,N/A,6,11-7,-,True,154,50
