track_name,race_date,race_time,going,distance,horse_name,jockey,claims,trainer,race_position,lost_by_length,age,weight,rating,first_place_found,batch_number,url_index_in_batch
Curragh Racing Results | 1st June 2022 17:10,N/A,17:10,Good  (Turf),7f,Monnow Valley,D. W. O'Connor,0,Damian Joseph English,9th,2 3/4 l,2,9-5,-,True,1,1
Curragh Racing Results | 1st June 2022 17:10,N/A,17:10,Good  (Turf),7f,Segomo (IRE),G. M. Ryan,0,Donnacha Aidan O'Brien,8th,1 3/4 l,2,9-5,-,True,1,1
Curragh Racing Results | 1st June 2022 17:10,N/A,17:10,Good  (Turf),7f,He's Justagent (IRE),William James Lee,0,A. McIntyre,7th,3/4 l,2,9-5,-,True,1,1
Curragh Racing Results | 1st June 2022 17:10,N/A,17:10,Good  (Turf),7f,Arabian Legend (IRE),A. J. Slattery,0,J. A. Stack,6th,1/2 l,2,9-5,-,True,1,1
Curragh Racing Results | 1st June 2022 17:10,N/A,17:10,Good  (Turf),7f,Grey Fable (IRE),R. C. Colgan,0,Ms Sheila Lavery,5th,1 3/4 l,2,9-5,-,True,1,1
Curragh Racing Results | 1st June 2022 17:10,N/A,17:10,Good  (Turf),7f,Dubawi Spectre,Shane Foley,0,Mrs J. Harrington,4th,Short Head,2,9-5,-,True,1,1
Curragh Racing Results | 1st June 2022 17:10,N/A,17:10,Good  (Turf),7f,Shadowed (IRE),S. M. Crosse,0,Joseph Patrick O'Brien,3rd,1 3/4 l,2,9-5,-,True,1,1
Curragh Racing Results | 1st June 2022 17:10,N/A,17:10,Good  (Turf),7f,Auguste Rodin (IRE),Ryan Moore,0,Aidan O'Brien,2nd,2 1/4 l,2,9-5,-,True,1,1
Curragh Racing Results | 1st June 2022 17:10,N/A,17:10,Good  (Turf),7f,Crypto Force,C. T. Keane,0,M. D. O'Callaghan,1st,N/A,2,9-5,-,True,1,1
Curragh Racing Results | 1st June 2022 17:10,N/A,17:10,Good  (Turf),7f,Monnow Valley,D. W. O'Connor,0,Damian Joseph English,9th,2 3/4 l,2,9-5,-,True,1,1
Curragh Racing Results | 1st June 2022 17:10,N/A,17:10,Good  (Turf),7f,Segomo (IRE),G. M. Ryan,0,Donnacha Aidan O'Brien,8th,1 3/4 l,2,9-5,-,True,1,1
Curragh Racing Results | 1st June 2022 17:10,N/A,17:10,Good  (Turf),7f,He's Justagent (IRE),William James Lee,0,A. McIntyre,7th,3/4 l,2,9-5,-,True,1,1
Curragh Racing Results | 1st June 2022 17:10,N/A,17:10,Good  (Turf),7f,Arabian Legend (IRE),A. J. Slattery,0,J. A. Stack,6th,1/2 l,2,9-5,-,True,1,1
Curragh Racing Results | 1st June 2022 17:10,N/A,17:10,Good  (Turf),7f,Grey Fable (IRE),R. C. Colgan,0,Ms Sheila Lavery,5th,1 3/4 l,2,9-5,-,True,1,1
Curragh Racing Results | 1st June 2022 17:10,N/A,17:10,Good  (Turf),7f,Dubawi Spectre,Shane Foley,0,Mrs J. Harrington,4th,Short Head,2,9-5,-,True,1,1
Curragh Racing Results | 1st June 2022 17:10,N/A,17:10,Good  (Turf),7f,Shadowed (IRE),S. M. Crosse,0,Joseph Patrick O'Brien,3rd,1 3/4 l,2,9-5,-,True,1,1
Curragh Racing Results | 1st June 2022 17:10,N/A,17:10,Good  (Turf),7f,Auguste Rodin (IRE),Ryan Moore,0,Aidan O'Brien,2nd,2 1/4 l,2,9-5,-,True,1,1
Curragh Racing Results | 1st June 2022 17:10,N/A,17:10,Good  (Turf),7f,Crypto Force,C. T. Keane,0,M. D. O'Callaghan,1st,N/A,2,9-5,-,True,1,1
Curragh Racing Results | 1st June 2022 17:45,N/A,17:45,Good,6f,Kodi Noir (IRE),J. M. Sheridan,3,Adrian Murray,5th,2 l,2,9-5,-,True,1,2
Curragh Racing Results | 1st June 2022 17:45,N/A,17:45,Good,6f,Vega Raider,Shane Foley,0,Mrs J. Harrington,4th,3 1/4 l,2,9-5,-,True,1,2
Curragh Racing Results | 1st June 2022 17:45,N/A,17:45,Good,6f,News At Ten,R. P. Cleary,0,M. D. O'Callaghan,3rd,4 1/2 l,2,9-5,-,True,1,2
Curragh Racing Results | 1st June 2022 17:45,N/A,17:45,Good,6f,New Image,C. T. Keane,0,G. M. Lyons,2nd,4 l,2,9-5,-,True,1,2
Curragh Racing Results | 1st June 2022 17:45,N/A,17:45,Good,6f,Age of Kings (IRE),Ryan Moore,0,Aidan O'Brien,1st,N/A,2,9-5,-,True,1,2
Curragh Racing Results | 1st June 2022 17:45,N/A,17:45,Good,6f,Kodi Noir (IRE),J. M. Sheridan,3,Adrian Murray,5th,2 l,2,9-5,-,True,1,2
Curragh Racing Results | 1st June 2022 17:45,N/A,17:45,Good,6f,Vega Raider,Shane Foley,0,Mrs J. Harrington,4th,3 1/4 l,2,9-5,-,True,1,2
Curragh Racing Results | 1st June 2022 17:45,N/A,17:45,Good,6f,News At Ten,R. P. Cleary,0,M. D. O'Callaghan,3rd,4 1/2 l,2,9-5,-,True,1,2
Curragh Racing Results | 1st June 2022 17:45,N/A,17:45,Good,6f,New Image,C. T. Keane,0,G. M. Lyons,2nd,4 l,2,9-5,-,True,1,2
Curragh Racing Results | 1st June 2022 17:45,N/A,17:45,Good,6f,Age of Kings (IRE),Ryan Moore,0,Aidan O'Brien,1st,N/A,2,9-5,-,True,1,2
Curragh Racing Results | 1st June 2022 18:15,N/A,18:15,Good (Good To Firm In Places),1m 4f,Kayleigh Grace (IRE),C. Horgan,7,Ronald O'Neill,14th,21 l,3,9-3,-,True,1,3
Curragh Racing Results | 1st June 2022 18:15,N/A,18:15,Good (Good To Firm In Places),1m 4f,Butterfly Rose (IRE),Seamie Heffernan,0,Aidan O'Brien,13th,19 l,3,9-3t1,-,True,1,3
Curragh Racing Results | 1st June 2022 18:15,N/A,18:15,Good (Good To Firm In Places),1m 4f,Rockabill Angel,D. B. McMonagle,0,Joseph Patrick O'Brien,12th,1 3/4 l,3,9-3,-,True,1,3
Curragh Racing Results | 1st June 2022 18:15,N/A,18:15,Good (Good To Firm In Places),1m 4f,Circus Act (IRE),N. P. O'Sullivan,10,James A. Nash,11th,2 1/2 l,3,9-3,-,True,1,3
Curragh Racing Results | 1st June 2022 18:15,N/A,18:15,Good (Good To Firm In Places),1m 4f,Ysobel (IRE),K. J. Manning,0,Eddie & Patrick Harty,10th,4 3/4 l,3,9-3,-,True,1,3
Curragh Racing Results | 1st June 2022 18:15,N/A,18:15,Good (Good To Firm In Places),1m 4f,Regally Blonde,R. P. Whelan,0,Andrew Oliver,9th,1/2 l,3,9-3,-,True,1,3
Curragh Racing Results | 1st June 2022 18:15,N/A,18:15,Good (Good To Firm In Places),1m 4f,Cherub (IRE),W. M. Lordan,0,Aidan O'Brien,8th,1 l,3,9-3t1,-,True,1,3
Curragh Racing Results | 1st June 2022 18:15,N/A,18:15,Good (Good To Firm In Places),1m 4f,Corky (IRE),Declan McDonogh,0,Joseph Patrick O'Brien,7th,Neck,3,9-3,-,True,1,3
Curragh Racing Results | 1st June 2022 18:15,N/A,18:15,Good (Good To Firm In Places),1m 4f,Scenic Look (IRE),J. Coen,7,Adrian Murray,6th,2 1/4 l,4,10-2,-,True,1,3
Curragh Racing Results | 1st June 2022 18:15,N/A,18:15,Good (Good To Firm In Places),1m 4f,Isotta (IRE),C. T. Keane,0,G. M. Lyons,5th,1/2 l,3,9-3,-,True,1,3
Curragh Racing Results | 1st June 2022 18:15,N/A,18:15,Good (Good To Firm In Places),1m 4f,Marvelosa (IRE),Ben Martin Coen,0,Richard John O'Brien,4th,2 1/4 l,3,9-3,-,True,1,3
Curragh Racing Results | 1st June 2022 18:15,N/A,18:15,Good (Good To Firm In Places),1m 4f,Zaniyka (IRE),C. D. Hayes,0,D. K. Weld,3rd,Nose,3,9-3,-,True,1,3
Curragh Racing Results | 1st June 2022 18:15,N/A,18:15,Good (Good To Firm In Places),1m 4f,Over the Rainbow (IRE),Ryan Moore,0,Aidan O'Brien,2nd,2 1/4 l,3,9-3,-,True,1,3
Curragh Racing Results | 1st June 2022 18:15,N/A,18:15,Good (Good To Firm In Places),1m 4f,Fennela (IRE),Shane Foley,0,Mrs J. Harrington,1st,N/A,3,9-3p1,-,True,1,3
Curragh Racing Results | 1st June 2022 18:15,N/A,18:15,Good (Good To Firm In Places),1m 4f,Kayleigh Grace (IRE),C. Horgan,7,Ronald O'Neill,14th,21 l,3,9-3,-,True,1,3
Curragh Racing Results | 1st June 2022 18:15,N/A,18:15,Good (Good To Firm In Places),1m 4f,Butterfly Rose (IRE),Seamie Heffernan,0,Aidan O'Brien,13th,19 l,3,9-3t1,-,True,1,3
Curragh Racing Results | 1st June 2022 18:15,N/A,18:15,Good (Good To Firm In Places),1m 4f,Rockabill Angel,D. B. McMonagle,0,Joseph Patrick O'Brien,12th,1 3/4 l,3,9-3,-,True,1,3
Curragh Racing Results | 1st June 2022 18:15,N/A,18:15,Good (Good To Firm In Places),1m 4f,Circus Act (IRE),N. P. O'Sullivan,10,James A. Nash,11th,2 1/2 l,3,9-3,-,True,1,3
Curragh Racing Results | 1st June 2022 18:15,N/A,18:15,Good (Good To Firm In Places),1m 4f,Ysobel (IRE),K. J. Manning,0,Eddie & Patrick Harty,10th,4 3/4 l,3,9-3,-,True,1,3
Curragh Racing Results | 1st June 2022 18:15,N/A,18:15,Good (Good To Firm In Places),1m 4f,Regally Blonde,R. P. Whelan,0,Andrew Oliver,9th,1/2 l,3,9-3,-,True,1,3
Curragh Racing Results | 1st June 2022 18:15,N/A,18:15,Good (Good To Firm In Places),1m 4f,Cherub (IRE),W. M. Lordan,0,Aidan O'Brien,8th,1 l,3,9-3t1,-,True,1,3
Curragh Racing Results | 1st June 2022 18:15,N/A,18:15,Good (Good To Firm In Places),1m 4f,Corky (IRE),Declan McDonogh,0,Joseph Patrick O'Brien,7th,Neck,3,9-3,-,True,1,3
Curragh Racing Results | 1st June 2022 18:15,N/A,18:15,Good (Good To Firm In Places),1m 4f,Scenic Look (IRE),J. Coen,7,Adrian Murray,6th,2 1/4 l,4,10-2,-,True,1,3
Curragh Racing Results | 1st June 2022 18:15,N/A,18:15,Good (Good To Firm In Places),1m 4f,Isotta (IRE),C. T. Keane,0,G. M. Lyons,5th,1/2 l,3,9-3,-,True,1,3
Curragh Racing Results | 1st June 2022 18:15,N/A,18:15,Good (Good To Firm In Places),1m 4f,Marvelosa (IRE),Ben Martin Coen,0,Richard John O'Brien,4th,2 1/4 l,3,9-3,-,True,1,3
Curragh Racing Results | 1st June 2022 18:15,N/A,18:15,Good (Good To Firm In Places),1m 4f,Zaniyka (IRE),C. D. Hayes,0,D. K. Weld,3rd,Nose,3,9-3,-,True,1,3
Curragh Racing Results | 1st June 2022 18:15,N/A,18:15,Good (Good To Firm In Places),1m 4f,Over the Rainbow (IRE),Ryan Moore,0,Aidan O'Brien,2nd,2 1/4 l,3,9-3,-,True,1,3
Curragh Racing Results | 1st June 2022 18:15,N/A,18:15,Good (Good To Firm In Places),1m 4f,Fennela (IRE),Shane Foley,0,Mrs J. Harrington,1st,N/A,3,9-3p1,-,True,1,3
Curragh Racing Results | 1st June 2022 18:45,N/A,18:45,Good,5f,Magniffico,D. E. Sheehy,3,John Patrick Murtagh,10th,1/2 l,3,8-10,82,True,1,4
Curragh Racing Results | 1st June 2022 18:45,N/A,18:45,Good,5f,Sablonne,Shane Foley,0,Mrs J. Harrington,9th,1/2 l,3,9-6p,92,True,1,4
Curragh Racing Results | 1st June 2022 18:45,N/A,18:45,Good,5f,Thunder Eclipse (IRE),D. J. Gilligan,10,J. A. Stack,8th,Neck,3,9-10p,96,True,1,4
Curragh Racing Results | 1st June 2022 18:45,N/A,18:45,Good,5f,Loveday (IRE),N. M. Crosse,3,W. McCreery,7th,1 l,3,9-7,93,True,1,4
Curragh Racing Results | 1st June 2022 18:45,N/A,18:45,Good,5f,Neo Soul (IRE),C. T. Keane,0,G. M. Lyons,6th,1/2 l,3,9-3b,89,True,1,4
Curragh Racing Results | 1st June 2022 18:45,N/A,18:45,Good,5f,Harmony Rose,J. M. Sheridan,3,K. J. Condon,5th,Short Head,3,8-13,85,True,1,4
Curragh Racing Results | 1st June 2022 18:45,N/A,18:45,Good,5f,Speedacus (IRE),Declan McDonogh,0,Kieran Patrick Cotter,4th,Short Head,3,8-9,81,True,1,4
Curragh Racing Results | 1st June 2022 18:45,N/A,18:45,Good,5f,Beautiful Sunshine,J. Coen,7,Adrian Murray,3rd,Short Head,3,9-1,87,True,1,4
Curragh Racing Results | 1st June 2022 18:45,N/A,18:45,Good,5f,Little Queenie (IRE),Ciara Flynn,7,Paul W. Flynn,2nd,3 3/4 l,3,8-7,79,True,1,4
Curragh Racing Results | 1st June 2022 18:45,N/A,18:45,Good,5f,Ano Syra (IRE),W. M. Lordan,0,J. J. Feane,1st,N/A,3,8-7,79,True,1,4
Curragh Racing Results | 1st June 2022 18:45,N/A,18:45,Good,5f,Magniffico,D. E. Sheehy,3,John Patrick Murtagh,10th,1/2 l,3,8-10,82,True,1,4
Curragh Racing Results | 1st June 2022 18:45,N/A,18:45,Good,5f,Sablonne,Shane Foley,0,Mrs J. Harrington,9th,1/2 l,3,9-6p,92,True,1,4
Curragh Racing Results | 1st June 2022 18:45,N/A,18:45,Good,5f,Thunder Eclipse (IRE),D. J. Gilligan,10,J. A. Stack,8th,Neck,3,9-10p,96,True,1,4
Curragh Racing Results | 1st June 2022 18:45,N/A,18:45,Good,5f,Loveday (IRE),N. M. Crosse,3,W. McCreery,7th,1 l,3,9-7,93,True,1,4
Curragh Racing Results | 1st June 2022 18:45,N/A,18:45,Good,5f,Neo Soul (IRE),C. T. Keane,0,G. M. Lyons,6th,1/2 l,3,9-3b,89,True,1,4
Curragh Racing Results | 1st June 2022 18:45,N/A,18:45,Good,5f,Harmony Rose,J. M. Sheridan,3,K. J. Condon,5th,Short Head,3,8-13,85,True,1,4
Curragh Racing Results | 1st June 2022 18:45,N/A,18:45,Good,5f,Speedacus (IRE),Declan McDonogh,0,Kieran Patrick Cotter,4th,Short Head,3,8-9,81,True,1,4
Curragh Racing Results | 1st June 2022 18:45,N/A,18:45,Good,5f,Beautiful Sunshine,J. Coen,7,Adrian Murray,3rd,Short Head,3,9-1,87,True,1,4
Curragh Racing Results | 1st June 2022 18:45,N/A,18:45,Good,5f,Little Queenie (IRE),Ciara Flynn,7,Paul W. Flynn,2nd,3 3/4 l,3,8-7,79,True,1,4
Curragh Racing Results | 1st June 2022 18:45,N/A,18:45,Good,5f,Ano Syra (IRE),W. M. Lordan,0,J. J. Feane,1st,N/A,3,8-7,79,True,1,4
Curragh Racing Results | 1st June 2022 19:15,N/A,19:15,Good (Good To Firm In Places),1m 6f,Crowns Major (JPN),R. P. Whelan,0,Emmet Mullins,13th,1 1/4 l,5,9-9,97,True,1,5
Curragh Racing Results | 1st June 2022 19:15,N/A,19:15,Good (Good To Firm In Places),1m 6f,No Say Ever,Shane Foley,0,Miss Amanda Mooney,12th,4 1/2 l,6,8-13,87,True,1,5
Curragh Racing Results | 1st June 2022 19:15,N/A,19:15,Good (Good To Firm In Places),1m 6f,Monas Melody (IRE),Seamie Heffernan,0,S. Curling,11th,1 1/2 l,6,9-0,88,True,1,5
Curragh Racing Results | 1st June 2022 19:15,N/A,19:15,Good (Good To Firm In Places),1m 6f,Distant Chimes (GER),W. M. Lordan,0,Henry de Bromhead,10th,5 1/2 l,7,8-11,85,True,1,5
Curragh Racing Results | 1st June 2022 19:15,N/A,19:15,Good (Good To Firm In Places),1m 6f,Benaud (IRE),S. M. Crosse,0,Joseph Patrick O'Brien,9th,Short Head,4,10-0t,102,True,1,5
Curragh Racing Results | 1st June 2022 19:15,N/A,19:15,Good (Good To Firm In Places),1m 6f,Agitare (IRE),K. J. Manning,0,J. S. Bolger,8th,1 l,5,9-11,99,True,1,5
Curragh Racing Results | 1st June 2022 19:15,N/A,19:15,Good (Good To Firm In Places),1m 6f,Yafordadoe (IRE),G. F. Carroll,0,Gavin Patrick Cromwell,7th,1 1/4 l,6,8-13p,87,True,1,5
Curragh Racing Results | 1st June 2022 19:15,N/A,19:15,Good (Good To Firm In Places),1m 6f,The Names Jock (IRE),J. Coen,7,John E. Kiely,6th,Head,6,9-0,88,True,1,5
Curragh Racing Results | 1st June 2022 19:15,N/A,19:15,Good (Good To Firm In Places),1m 6f,Micro Manage (IRE),Ryan Moore,0,W. P. Mullins,5th,1 1/4 l,6,9-9,97,True,1,5
Curragh Racing Results | 1st June 2022 19:15,N/A,19:15,Good (Good To Firm In Places),1m 6f,Phoenix Cowboy (USA),C. T. Keane,0,G. M. Lyons,4th,1 3/4 l,5,9-8,96,True,1,5
Curragh Racing Results | 1st June 2022 19:15,N/A,19:15,Good (Good To Firm In Places),1m 6f,Kazakdaria (IRE),C. D. Hayes,0,D. K. Weld,3rd,1 1/2 l,4,8-12,86,True,1,5
Curragh Racing Results | 1st June 2022 19:15,N/A,19:15,Good (Good To Firm In Places),1m 6f,Moon Daisy (IRE),G. M. Ryan,0,Donnacha Aidan O'Brien,2nd,4 l,4,9-0b,88,True,1,5
Curragh Racing Results | 1st June 2022 19:15,N/A,19:15,Good (Good To Firm In Places),1m 6f,Earl of Tyrone (IRE),William James Lee,0,P. Twomey,1st,N/A,4,8-13t,87,True,1,5
Curragh Racing Results | 1st June 2022 19:15,N/A,19:15,Good (Good To Firm In Places),1m 6f,Crowns Major (JPN),R. P. Whelan,0,Emmet Mullins,13th,1 1/4 l,5,9-9,97,True,1,5
Curragh Racing Results | 1st June 2022 19:15,N/A,19:15,Good (Good To Firm In Places),1m 6f,No Say Ever,Shane Foley,0,Miss Amanda Mooney,12th,4 1/2 l,6,8-13,87,True,1,5
Curragh Racing Results | 1st June 2022 19:15,N/A,19:15,Good (Good To Firm In Places),1m 6f,Monas Melody (IRE),Seamie Heffernan,0,S. Curling,11th,1 1/2 l,6,9-0,88,True,1,5
Curragh Racing Results | 1st June 2022 19:15,N/A,19:15,Good (Good To Firm In Places),1m 6f,Distant Chimes (GER),W. M. Lordan,0,Henry de Bromhead,10th,5 1/2 l,7,8-11,85,True,1,5
Curragh Racing Results | 1st June 2022 19:15,N/A,19:15,Good (Good To Firm In Places),1m 6f,Benaud (IRE),S. M. Crosse,0,Joseph Patrick O'Brien,9th,Short Head,4,10-0t,102,True,1,5
Curragh Racing Results | 1st June 2022 19:15,N/A,19:15,Good (Good To Firm In Places),1m 6f,Agitare (IRE),K. J. Manning,0,J. S. Bolger,8th,1 l,5,9-11,99,True,1,5
Curragh Racing Results | 1st June 2022 19:15,N/A,19:15,Good (Good To Firm In Places),1m 6f,Yafordadoe (IRE),G. F. Carroll,0,Gavin Patrick Cromwell,7th,1 1/4 l,6,8-13p,87,True,1,5
Curragh Racing Results | 1st June 2022 19:15,N/A,19:15,Good (Good To Firm In Places),1m 6f,The Names Jock (IRE),J. Coen,7,John E. Kiely,6th,Head,6,9-0,88,True,1,5
Curragh Racing Results | 1st June 2022 19:15,N/A,19:15,Good (Good To Firm In Places),1m 6f,Micro Manage (IRE),Ryan Moore,0,W. P. Mullins,5th,1 1/4 l,6,9-9,97,True,1,5
Curragh Racing Results | 1st June 2022 19:15,N/A,19:15,Good (Good To Firm In Places),1m 6f,Phoenix Cowboy (USA),C. T. Keane,0,G. M. Lyons,4th,1 3/4 l,5,9-8,96,True,1,5
Curragh Racing Results | 1st June 2022 19:15,N/A,19:15,Good (Good To Firm In Places),1m 6f,Kazakdaria (IRE),C. D. Hayes,0,D. K. Weld,3rd,1 1/2 l,4,8-12,86,True,1,5
Curragh Racing Results | 1st June 2022 19:15,N/A,19:15,Good (Good To Firm In Places),1m 6f,Moon Daisy (IRE),G. M. Ryan,0,Donnacha Aidan O'Brien,2nd,4 l,4,9-0b,88,True,1,5
Curragh Racing Results | 1st June 2022 19:15,N/A,19:15,Good (Good To Firm In Places),1m 6f,Earl of Tyrone (IRE),William James Lee,0,P. Twomey,1st,N/A,4,8-13t,87,True,1,5
Curragh Racing Results | 1st June 2022 19:50,N/A,19:50,Good,6f 63y,El Magnifique (IRE),C. T. Keane,0,M. D. O'Callaghan,16th,7 1/2 l,3,9-8,-,True,1,6
Curragh Racing Results | 1st June 2022 19:50,N/A,19:50,Good,6f 63y,Peppermint Bay (IRE),K. J. Manning,0,J. J. Feane,15th,3 1/2 l,4,9-11,-,True,1,6
Curragh Racing Results | 1st June 2022 19:50,N/A,19:50,Good,6f 63y,West Bay Duchess (IRE),G. M. Ryan,0,Kieran Patrick Cotter,14th,2 l,3,9-3,-,True,1,6
Curragh Racing Results | 1st June 2022 19:50,N/A,19:50,Good,6f 63y,Senor Carrots (IRE),G. F. Carroll,0,Andrew Oliver,13th,1 1/4 l,4,10-2,-,True,1,6
Curragh Racing Results | 1st June 2022 19:50,N/A,19:50,Good,6f 63y,Lisamaria (IRE),William James Lee,0,Paul W. Flynn,12th,1 l,3,9-3,-,True,1,6
Curragh Racing Results | 1st June 2022 19:50,N/A,19:50,Good,6f 63y,Ballysax Lil' Mick (IRE),Gearoid Patrick Brouder,7,Miss Katy Brown,11th,3 3/4 l,4,10-2,-,True,1,6
Curragh Racing Results | 1st June 2022 19:50,N/A,19:50,Good,6f 63y,Leclerc,C. J. MacRedmond,5,Adrian McGuinness,10th,Nose,4,10-2,-,True,1,6
Curragh Racing Results | 1st June 2022 19:50,N/A,19:50,Good,6f 63y,Selective Power (IRE),C. P. Hoban,0,Edward Lynam,9th,2 l,3,9-8,-,True,1,6
Curragh Racing Results | 1st June 2022 19:50,N/A,19:50,Good,6f 63y,Shoebox King (IRE),J. Coen,7,Kevin Thomas Coleman,8th,1 l,3,9-8,-,True,1,6
Curragh Racing Results | 1st June 2022 19:50,N/A,19:50,Good,6f 63y,Schiele (IRE),Declan McDonogh,0,Joseph Patrick O'Brien,7th,3/4 l,3,9-8b,-,True,1,6
Curragh Racing Results | 1st June 2022 19:50,N/A,19:50,Good,6f 63y,Coolree (IRE),M. A. Enright,0,Miss Jennifer Anne Lynch,6th,2 l,3,9-8,-,True,1,6
Curragh Racing Results | 1st June 2022 19:50,N/A,19:50,Good,6f 63y,Chicago Lightening,Ben Martin Coen,0,John Patrick Murtagh,5th,1/2 l,3,9-3p1,-,True,1,6
Curragh Racing Results | 1st June 2022 19:50,N/A,19:50,Good,6f 63y,Lord Abama (IRE),R. P. Whelan,0,M. Halford,4th,2 1/4 l,3,9-8,-,True,1,6
Curragh Racing Results | 1st June 2022 19:50,N/A,19:50,Good,6f 63y,Chrismoltisanti (IRE),M. A. Gallagher,0,Ross O'Sullivan,3rd,3/4 l,3,9-8,-,True,1,6
Curragh Racing Results | 1st June 2022 19:50,N/A,19:50,Good,6f 63y,Grigal (IRE),T. P. Madden,0,Richard Brabazon,2nd,2 l,3,9-3,-,True,1,6
Curragh Racing Results | 1st June 2022 19:50,N/A,19:50,Good,6f 63y,Aratori (IRE),C. D. Hayes,0,Eddie & Patrick Harty,1st,N/A,3,9-3,-,True,1,6
Curragh Racing Results | 1st June 2022 19:50,N/A,19:50,Good,6f 63y,El Magnifique (IRE),C. T. Keane,0,M. D. O'Callaghan,16th,7 1/2 l,3,9-8,-,True,1,6
Curragh Racing Results | 1st June 2022 19:50,N/A,19:50,Good,6f 63y,Peppermint Bay (IRE),K. J. Manning,0,J. J. Feane,15th,3 1/2 l,4,9-11,-,True,1,6
Curragh Racing Results | 1st June 2022 19:50,N/A,19:50,Good,6f 63y,West Bay Duchess (IRE),G. M. Ryan,0,Kieran Patrick Cotter,14th,2 l,3,9-3,-,True,1,6
Curragh Racing Results | 1st June 2022 19:50,N/A,19:50,Good,6f 63y,Senor Carrots (IRE),G. F. Carroll,0,Andrew Oliver,13th,1 1/4 l,4,10-2,-,True,1,6
Curragh Racing Results | 1st June 2022 19:50,N/A,19:50,Good,6f 63y,Lisamaria (IRE),William James Lee,0,Paul W. Flynn,12th,1 l,3,9-3,-,True,1,6
Curragh Racing Results | 1st June 2022 19:50,N/A,19:50,Good,6f 63y,Ballysax Lil' Mick (IRE),Gearoid Patrick Brouder,7,Miss Katy Brown,11th,3 3/4 l,4,10-2,-,True,1,6
Curragh Racing Results | 1st June 2022 19:50,N/A,19:50,Good,6f 63y,Leclerc,C. J. MacRedmond,5,Adrian McGuinness,10th,Nose,4,10-2,-,True,1,6
Curragh Racing Results | 1st June 2022 19:50,N/A,19:50,Good,6f 63y,Selective Power (IRE),C. P. Hoban,0,Edward Lynam,9th,2 l,3,9-8,-,True,1,6
Curragh Racing Results | 1st June 2022 19:50,N/A,19:50,Good,6f 63y,Shoebox King (IRE),J. Coen,7,Kevin Thomas Coleman,8th,1 l,3,9-8,-,True,1,6
Curragh Racing Results | 1st June 2022 19:50,N/A,19:50,Good,6f 63y,Schiele (IRE),Declan McDonogh,0,Joseph Patrick O'Brien,7th,3/4 l,3,9-8b,-,True,1,6
Curragh Racing Results | 1st June 2022 19:50,N/A,19:50,Good,6f 63y,Coolree (IRE),M. A. Enright,0,Miss Jennifer Anne Lynch,6th,2 l,3,9-8,-,True,1,6
Curragh Racing Results | 1st June 2022 19:50,N/A,19:50,Good,6f 63y,Chicago Lightening,Ben Martin Coen,0,John Patrick Murtagh,5th,1/2 l,3,9-3p1,-,True,1,6
Curragh Racing Results | 1st June 2022 19:50,N/A,19:50,Good,6f 63y,Lord Abama (IRE),R. P. Whelan,0,M. Halford,4th,2 1/4 l,3,9-8,-,True,1,6
Curragh Racing Results | 1st June 2022 19:50,N/A,19:50,Good,6f 63y,Chrismoltisanti (IRE),M. A. Gallagher,0,Ross O'Sullivan,3rd,3/4 l,3,9-8,-,True,1,6
Curragh Racing Results | 1st June 2022 19:50,N/A,19:50,Good,6f 63y,Grigal (IRE),T. P. Madden,0,Richard Brabazon,2nd,2 l,3,9-3,-,True,1,6
Curragh Racing Results | 1st June 2022 19:50,N/A,19:50,Good,6f 63y,Aratori (IRE),C. D. Hayes,0,Eddie & Patrick Harty,1st,N/A,3,9-3,-,True,1,6
Curragh Racing Results | 1st June 2022 20:20,N/A,20:20,Good,6f 63y,Vento Del Drago (IRE),M. A. Gallagher,0,W. M. Roper,30th,20 l,5,8-7,49,True,1,7
Curragh Racing Results | 1st June 2022 20:20,N/A,20:20,Good,6f 63y,Greek Opera (IRE),M. P. Sheehy,3,James A. Nash,29th,13 l,4,9-2,58,True,1,7
Curragh Racing Results | 1st June 2022 20:20,N/A,20:20,Good,6f 63y,Even Flow (IRE),Sorcha Woods,7,R. K. Watson,28th,1 l,4,9-10,66,True,1,7
Curragh Racing Results | 1st June 2022 20:20,N/A,20:20,Good,6f 63y,Sagittarius Rising (IRE),Cillian McConnell,7,John McConnell,27th,Neck,7,9-1tp,57,True,1,7
Curragh Racing Results | 1st June 2022 20:20,N/A,20:20,Good,6f 63y,Florence Thompson (IRE),S. D. Bowen,7,Denis Hogan,26th,1/2 l,5,8-12,54,True,1,7
Curragh Racing Results | 1st June 2022 20:20,N/A,20:20,Good,6f 63y,Woodrow (IRE),S. McCullagh,5,Leanne Breen,25th,Neck,5,9-9,65,True,1,7
Curragh Racing Results | 1st June 2022 20:20,N/A,20:20,Good,6f 63y,Nana Patsy (IRE),D. W. O'Connor,0,John McConnell,24th,Neck,4,9-2ht,58,True,1,7
Curragh Racing Results | 1st June 2022 20:20,N/A,20:20,Good,6f 63y,Tostal (IRE),K. J. Manning,0,J. S. Bolger,23rd,3 1/2 l,3,9-5,69,True,1,7
Curragh Racing Results | 1st June 2022 20:20,N/A,20:20,Good,6f 63y,Misty at Sea (IRE),J. A. Powell,7,R. R. Roberts,22nd,Neck,6,8-7,49,True,1,7
Curragh Racing Results | 1st June 2022 20:20,N/A,20:20,Good,6f 63y,Geological (IRE),A. J. Slattery,0,Damian Joseph English,21st,1 3/4 l,10,9-10,66,True,1,7
Curragh Racing Results | 1st June 2022 20:20,N/A,20:20,Good,6f 63y,Bellick,Kyanna Van Buuren,10,John McConnell,20th,1 1/4 l,7,8-7b,49,True,1,7
Curragh Racing Results | 1st June 2022 20:20,N/A,20:20,Good,6f 63y,Sunset Nova (IRE),Amy Jo Hayes,7,A. Slattery,19th,1 1/4 l,6,10-3,73,True,1,7
Curragh Racing Results | 1st June 2022 20:20,N/A,20:20,Good,6f 63y,Arcanears (IRE),R. P. Whelan,0,M. Halford,18th,Neck,7,9-13,69,True,1,7
Curragh Racing Results | 1st June 2022 20:20,N/A,20:20,Good,6f 63y,Misterio (IRE),S. P. Davis,0,Sean Byrne,17th,Short Head,5,9-0,56,True,1,7
Curragh Racing Results | 1st June 2022 20:20,N/A,20:20,Good,6f 63y,Queen's Pardon,Declan McDonogh,0,Eddie & Patrick Harty,16th,3/4 l,3,9-6,70,True,1,7
Curragh Racing Results | 1st June 2022 20:20,N/A,20:20,Good,6f 63y,We're on the Way (IRE),J. Coen,7,Ross O'Sullivan,15th,Neck,4,9-0,56,True,1,7
Curragh Racing Results | 1st June 2022 20:20,N/A,20:20,Good,6f 63y,Lexington Liberty (IRE),Seamie Heffernan,0,Denis Hogan,14th,Head,4,9-4t,60,True,1,7
Curragh Racing Results | 1st June 2022 20:20,N/A,20:20,Good,6f 63y,Cuala Bula (IRE),Ben Martin Coen,0,Jack W. Davison,13th,Neck,3,9-5,69,True,1,7
Curragh Racing Results | 1st June 2022 20:20,N/A,20:20,Good,6f 63y,Fit for Function,Tom Kiely Marshall,7,Joseph G. Murphy,12th,3 1/2 l,9,8-12,54,True,1,7
Curragh Racing Results | 1st June 2022 20:20,N/A,20:20,Good,6f 63y,Darkdeserthighway (IRE),D. B. McMonagle,0,M. D. O'Callaghan,11th,Neck,4,9-0b,56,True,1,7
Curragh Racing Results | 1st June 2022 20:20,N/A,20:20,Good,6f 63y,Ampeson,L. T. McAteer,3,P. J. McKenna,10th,Short Head,5,10-0p,70,True,1,7
Curragh Racing Results | 1st June 2022 20:20,N/A,20:20,Good,6f 63y,Two Metres Apart (IRE),James J. Doyle,0,M. J. Byrne,9th,Head,4,8-13,55,True,1,7
Curragh Racing Results | 1st June 2022 20:20,N/A,20:20,Good,6f 63y,Missemma (IRE),Shane Foley,0,Kieran Patrick Cotter,8th,Head,4,8-13b1,55,True,1,7
Curragh Racing Results | 1st June 2022 20:20,N/A,20:20,Good,6f 63y,Might And Mercy,C. T. Keane,0,Noel Meade,7th,2 1/4 l,3,9-7,71,True,1,7
Curragh Racing Results | 1st June 2022 20:20,N/A,20:20,Good,6f 63y,Jered Maddox,William James Lee,0,David Marnane,6th,1/2 l,6,9-12b,68,True,1,7
Curragh Racing Results | 1st June 2022 20:20,N/A,20:20,Good,6f 63y,Inishmot Prince (IRE),J. J. G. Ryan,7,T. G. McCourt,5th,1/2 l,4,9-10,66,True,1,7
Curragh Racing Results | 1st June 2022 20:20,N/A,20:20,Good,6f 63y,Andromedas Kingdom (IRE),G. M. Ryan,0,M. C. Grassick,4th,Head,4,8-11b1,53,True,1,7
Curragh Racing Results | 1st June 2022 20:20,N/A,20:20,Good,6f 63y,Cailin Cliste (IRE),C. D. Hayes,0,John Stephen O'Donoghue,2nd,Dead Heat,3,9-3,67,True,1,7
Curragh Racing Results | 1st June 2022 20:20,N/A,20:20,Good,6f 63y,Gordon Bennett (IRE),G. F. Carroll,0,Richard Brabazon,2nd,2 1/4 l,4,10-0,70,True,1,7
Curragh Racing Results | 1st June 2022 20:20,N/A,20:20,Good,6f 63y,Markievicz (IRE),R. P. Cleary,0,Ms Sheila Lavery,1st,N/A,4,8-7,49,True,1,7
Curragh Racing Results | 1st June 2022 20:20,N/A,20:20,Good,6f 63y,Vento Del Drago (IRE),M. A. Gallagher,0,W. M. Roper,30th,20 l,5,8-7,49,True,1,7
Curragh Racing Results | 1st June 2022 20:20,N/A,20:20,Good,6f 63y,Greek Opera (IRE),M. P. Sheehy,3,James A. Nash,29th,13 l,4,9-2,58,True,1,7
Curragh Racing Results | 1st June 2022 20:20,N/A,20:20,Good,6f 63y,Even Flow (IRE),Sorcha Woods,7,R. K. Watson,28th,1 l,4,9-10,66,True,1,7
Curragh Racing Results | 1st June 2022 20:20,N/A,20:20,Good,6f 63y,Sagittarius Rising (IRE),Cillian McConnell,7,John McConnell,27th,Neck,7,9-1tp,57,True,1,7
Curragh Racing Results | 1st June 2022 20:20,N/A,20:20,Good,6f 63y,Florence Thompson (IRE),S. D. Bowen,7,Denis Hogan,26th,1/2 l,5,8-12,54,True,1,7
Curragh Racing Results | 1st June 2022 20:20,N/A,20:20,Good,6f 63y,Woodrow (IRE),S. McCullagh,5,Leanne Breen,25th,Neck,5,9-9,65,True,1,7
Curragh Racing Results | 1st June 2022 20:20,N/A,20:20,Good,6f 63y,Nana Patsy (IRE),D. W. O'Connor,0,John McConnell,24th,Neck,4,9-2ht,58,True,1,7
Curragh Racing Results | 1st June 2022 20:20,N/A,20:20,Good,6f 63y,Tostal (IRE),K. J. Manning,0,J. S. Bolger,23rd,3 1/2 l,3,9-5,69,True,1,7
Curragh Racing Results | 1st June 2022 20:20,N/A,20:20,Good,6f 63y,Misty at Sea (IRE),J. A. Powell,7,R. R. Roberts,22nd,Neck,6,8-7,49,True,1,7
Curragh Racing Results | 1st June 2022 20:20,N/A,20:20,Good,6f 63y,Geological (IRE),A. J. Slattery,0,Damian Joseph English,21st,1 3/4 l,10,9-10,66,True,1,7
Curragh Racing Results | 1st June 2022 20:20,N/A,20:20,Good,6f 63y,Bellick,Kyanna Van Buuren,10,John McConnell,20th,1 1/4 l,7,8-7b,49,True,1,7
Curragh Racing Results | 1st June 2022 20:20,N/A,20:20,Good,6f 63y,Sunset Nova (IRE),Amy Jo Hayes,7,A. Slattery,19th,1 1/4 l,6,10-3,73,True,1,7
Curragh Racing Results | 1st June 2022 20:20,N/A,20:20,Good,6f 63y,Arcanears (IRE),R. P. Whelan,0,M. Halford,18th,Neck,7,9-13,69,True,1,7
Curragh Racing Results | 1st June 2022 20:20,N/A,20:20,Good,6f 63y,Misterio (IRE),S. P. Davis,0,Sean Byrne,17th,Short Head,5,9-0,56,True,1,7
Curragh Racing Results | 1st June 2022 20:20,N/A,20:20,Good,6f 63y,Queen's Pardon,Declan McDonogh,0,Eddie & Patrick Harty,16th,3/4 l,3,9-6,70,True,1,7
Curragh Racing Results | 1st June 2022 20:20,N/A,20:20,Good,6f 63y,We're on the Way (IRE),J. Coen,7,Ross O'Sullivan,15th,Neck,4,9-0,56,True,1,7
Curragh Racing Results | 1st June 2022 20:20,N/A,20:20,Good,6f 63y,Lexington Liberty (IRE),Seamie Heffernan,0,Denis Hogan,14th,Head,4,9-4t,60,True,1,7
Curragh Racing Results | 1st June 2022 20:20,N/A,20:20,Good,6f 63y,Cuala Bula (IRE),Ben Martin Coen,0,Jack W. Davison,13th,Neck,3,9-5,69,True,1,7
Curragh Racing Results | 1st June 2022 20:20,N/A,20:20,Good,6f 63y,Fit for Function,Tom Kiely Marshall,7,Joseph G. Murphy,12th,3 1/2 l,9,8-12,54,True,1,7
Curragh Racing Results | 1st June 2022 20:20,N/A,20:20,Good,6f 63y,Darkdeserthighway (IRE),D. B. McMonagle,0,M. D. O'Callaghan,11th,Neck,4,9-0b,56,True,1,7
Curragh Racing Results | 1st June 2022 20:20,N/A,20:20,Good,6f 63y,Ampeson,L. T. McAteer,3,P. J. McKenna,10th,Short Head,5,10-0p,70,True,1,7
Curragh Racing Results | 1st June 2022 20:20,N/A,20:20,Good,6f 63y,Two Metres Apart (IRE),James J. Doyle,0,M. J. Byrne,9th,Head,4,8-13,55,True,1,7
Curragh Racing Results | 1st June 2022 20:20,N/A,20:20,Good,6f 63y,Missemma (IRE),Shane Foley,0,Kieran Patrick Cotter,8th,Head,4,8-13b1,55,True,1,7
Curragh Racing Results | 1st June 2022 20:20,N/A,20:20,Good,6f 63y,Might And Mercy,C. T. Keane,0,Noel Meade,7th,2 1/4 l,3,9-7,71,True,1,7
Curragh Racing Results | 1st June 2022 20:20,N/A,20:20,Good,6f 63y,Jered Maddox,William James Lee,0,David Marnane,6th,1/2 l,6,9-12b,68,True,1,7
Curragh Racing Results | 1st June 2022 20:20,N/A,20:20,Good,6f 63y,Inishmot Prince (IRE),J. J. G. Ryan,7,T. G. McCourt,5th,1/2 l,4,9-10,66,True,1,7
Curragh Racing Results | 1st June 2022 20:20,N/A,20:20,Good,6f 63y,Andromedas Kingdom (IRE),G. M. Ryan,0,M. C. Grassick,4th,Head,4,8-11b1,53,True,1,7
Curragh Racing Results | 1st June 2022 20:20,N/A,20:20,Good,6f 63y,Cailin Cliste (IRE),C. D. Hayes,0,John Stephen O'Donoghue,2nd,Dead Heat,3,9-3,67,True,1,7
Curragh Racing Results | 1st June 2022 20:20,N/A,20:20,Good,6f 63y,Gordon Bennett (IRE),G. F. Carroll,0,Richard Brabazon,2nd,2 1/4 l,4,10-0,70,True,1,7
Curragh Racing Results | 1st June 2022 20:20,N/A,20:20,Good,6f 63y,Markievicz (IRE),R. P. Cleary,0,Ms Sheila Lavery,1st,N/A,4,8-7,49,True,1,7
Leopardstown Racing Results | 2nd June 2022 17:05,N/A,17:05,Good (Good To Firm In Places),7f,Amusement (IRE),G. M. Ryan,0,Donnacha Aidan O'Brien,5th,1/2 l,2,9-2,-,True,1,8
Leopardstown Racing Results | 2nd June 2022 17:05,N/A,17:05,Good (Good To Firm In Places),7f,Aurifodina (IRE),K. J. Manning,0,J. S. Bolger,4th,2 1/2 l,2,9-2,-,True,1,8
Leopardstown Racing Results | 2nd June 2022 17:05,N/A,17:05,Good (Good To Firm In Places),7f,Unless (USA),Ryan Moore,0,Aidan O'Brien,3rd,Head,2,9-2,-,True,1,8
Leopardstown Racing Results | 2nd June 2022 17:05,N/A,17:05,Good (Good To Firm In Places),7f,Madly Truly (IRE),D. B. McMonagle,0,Joseph Patrick O'Brien,2nd,1 l,2,9-2,-,True,1,8
Leopardstown Racing Results | 2nd June 2022 17:05,N/A,17:05,Good (Good To Firm In Places),7f,Sheyya (IRE),Ben Martin Coen,0,John Patrick Murtagh,1st,N/A,2,9-2,-,True,1,8
Leopardstown Racing Results | 2nd June 2022 17:05,N/A,17:05,Good (Good To Firm In Places),7f,Amusement (IRE),G. M. Ryan,0,Donnacha Aidan O'Brien,5th,1/2 l,2,9-2,-,True,1,8
Leopardstown Racing Results | 2nd June 2022 17:05,N/A,17:05,Good (Good To Firm In Places),7f,Aurifodina (IRE),K. J. Manning,0,J. S. Bolger,4th,2 1/2 l,2,9-2,-,True,1,8
Leopardstown Racing Results | 2nd June 2022 17:05,N/A,17:05,Good (Good To Firm In Places),7f,Unless (USA),Ryan Moore,0,Aidan O'Brien,3rd,Head,2,9-2,-,True,1,8
Leopardstown Racing Results | 2nd June 2022 17:05,N/A,17:05,Good (Good To Firm In Places),7f,Madly Truly (IRE),D. B. McMonagle,0,Joseph Patrick O'Brien,2nd,1 l,2,9-2,-,True,1,8
Leopardstown Racing Results | 2nd June 2022 17:05,N/A,17:05,Good (Good To Firm In Places),7f,Sheyya (IRE),Ben Martin Coen,0,John Patrick Murtagh,1st,N/A,2,9-2,-,True,1,8
Leopardstown Racing Results | 2nd June 2022 17:40,N/A,17:40,Good (Good To Firm In Places),1m,Indian Lilac (IRE),A. J. Slattery,0,A. Slattery,16th,Head,5,9-4v1,67,True,1,9
Leopardstown Racing Results | 2nd June 2022 17:40,N/A,17:40,Good (Good To Firm In Places),1m,Silent Performance (IRE),James J. Doyle,0,N. Stokes,15th,Head,5,9-5t,68,True,1,9
Leopardstown Racing Results | 2nd June 2022 17:40,N/A,17:40,Good (Good To Firm In Places),1m,Cleopatra's Needle (IRE),W. M. Lordan,0,Harry Rogers,14th,Neck,4,9-0t,63,True,1,9
Leopardstown Racing Results | 2nd June 2022 17:40,N/A,17:40,Good (Good To Firm In Places),1m,Almost An Angel,Shane Foley,0,John Larkin,13th,Nose,4,9-6p1,69,True,1,9
Leopardstown Racing Results | 2nd June 2022 17:40,N/A,17:40,Good (Good To Firm In Places),1m,San Aer (IRE),Ben Martin Coen,0,Thomas Mullins,12th,1 1/4 l,4,9-9h1,72,True,1,9
Leopardstown Racing Results | 2nd June 2022 17:40,N/A,17:40,Good (Good To Firm In Places),1m,Higher Kingdom,D. W. O'Connor,0,John McConnell,11th,Neck,5,9-12ht1,75,True,1,9
Leopardstown Racing Results | 2nd June 2022 17:40,N/A,17:40,Good (Good To Firm In Places),1m,Rosie Rock (IRE),Adam Caffrey,10,Adrian McGuinness,10th,Head,4,9-6,69,True,1,9
Leopardstown Racing Results | 2nd June 2022 17:40,N/A,17:40,Good (Good To Firm In Places),1m,Supreme Law (USA),J. A. Powell,7,Sabrina J. Harty,9th,Head,3,8-7,67,True,1,9
Leopardstown Racing Results | 2nd June 2022 17:40,N/A,17:40,Good (Good To Firm In Places),1m,Dark Note,Declan McDonogh,0,Joseph Patrick O'Brien,8th,Neck,3,9-0,74,True,1,9
Leopardstown Racing Results | 2nd June 2022 17:40,N/A,17:40,Good (Good To Firm In Places),1m,Ice Cold In Alex (IRE),J. M. Sheridan,3,K. J. Condon,7th,1 1/4 l,8,10-2t,79,True,1,9
Leopardstown Racing Results | 2nd June 2022 17:40,N/A,17:40,Good (Good To Firm In Places),1m,Nevada Brave (IRE),C. D. Hayes,0,Luke Comer,6th,1 l,4,8-7,56,True,1,9
Leopardstown Racing Results | 2nd June 2022 17:40,N/A,17:40,Good (Good To Firm In Places),1m,Atlas (IRE),D. B. McMonagle,0,T. G. McCourt,5th,Nose,9,8-12v,61,True,1,9
Leopardstown Racing Results | 2nd June 2022 17:40,N/A,17:40,Good (Good To Firm In Places),1m,Big Dream (IRE),William James Lee,0,Anthony McCann,4th,Neck,4,9-6t,69,True,1,9
Leopardstown Racing Results | 2nd June 2022 17:40,N/A,17:40,Good (Good To Firm In Places),1m,Juyush,M. A. Enright,0,Miss Jennifer Anne Lynch,3rd,Head,7,10-1t,78,True,1,9
Leopardstown Racing Results | 2nd June 2022 17:40,N/A,17:40,Good (Good To Firm In Places),1m,Zahee (IRE),Cillian McConnell,7,John McConnell,2nd,1 1/2 l,7,10-1ht,78,True,1,9
Leopardstown Racing Results | 2nd June 2022 17:40,N/A,17:40,Good (Good To Firm In Places),1m,Focus Required (IRE),N. M. Crosse,3,Luke Comer,1st,N/A,6,8-10t,59,True,1,9
Leopardstown Racing Results | 2nd June 2022 17:40,N/A,17:40,Good (Good To Firm In Places),1m,Indian Lilac (IRE),A. J. Slattery,0,A. Slattery,16th,Head,5,9-4v1,67,True,1,9
Leopardstown Racing Results | 2nd June 2022 17:40,N/A,17:40,Good (Good To Firm In Places),1m,Silent Performance (IRE),James J. Doyle,0,N. Stokes,15th,Head,5,9-5t,68,True,1,9
Leopardstown Racing Results | 2nd June 2022 17:40,N/A,17:40,Good (Good To Firm In Places),1m,Cleopatra's Needle (IRE),W. M. Lordan,0,Harry Rogers,14th,Neck,4,9-0t,63,True,1,9
Leopardstown Racing Results | 2nd June 2022 17:40,N/A,17:40,Good (Good To Firm In Places),1m,Almost An Angel,Shane Foley,0,John Larkin,13th,Nose,4,9-6p1,69,True,1,9
Leopardstown Racing Results | 2nd June 2022 17:40,N/A,17:40,Good (Good To Firm In Places),1m,San Aer (IRE),Ben Martin Coen,0,Thomas Mullins,12th,1 1/4 l,4,9-9h1,72,True,1,9
Leopardstown Racing Results | 2nd June 2022 17:40,N/A,17:40,Good (Good To Firm In Places),1m,Higher Kingdom,D. W. O'Connor,0,John McConnell,11th,Neck,5,9-12ht1,75,True,1,9
Leopardstown Racing Results | 2nd June 2022 17:40,N/A,17:40,Good (Good To Firm In Places),1m,Rosie Rock (IRE),Adam Caffrey,10,Adrian McGuinness,10th,Head,4,9-6,69,True,1,9
Leopardstown Racing Results | 2nd June 2022 17:40,N/A,17:40,Good (Good To Firm In Places),1m,Supreme Law (USA),J. A. Powell,7,Sabrina J. Harty,9th,Head,3,8-7,67,True,1,9
Leopardstown Racing Results | 2nd June 2022 17:40,N/A,17:40,Good (Good To Firm In Places),1m,Dark Note,Declan McDonogh,0,Joseph Patrick O'Brien,8th,Neck,3,9-0,74,True,1,9
Leopardstown Racing Results | 2nd June 2022 17:40,N/A,17:40,Good (Good To Firm In Places),1m,Ice Cold In Alex (IRE),J. M. Sheridan,3,K. J. Condon,7th,1 1/4 l,8,10-2t,79,True,1,9
Leopardstown Racing Results | 2nd June 2022 17:40,N/A,17:40,Good (Good To Firm In Places),1m,Nevada Brave (IRE),C. D. Hayes,0,Luke Comer,6th,1 l,4,8-7,56,True,1,9
Leopardstown Racing Results | 2nd June 2022 17:40,N/A,17:40,Good (Good To Firm In Places),1m,Atlas (IRE),D. B. McMonagle,0,T. G. McCourt,5th,Nose,9,8-12v,61,True,1,9
Leopardstown Racing Results | 2nd June 2022 17:40,N/A,17:40,Good (Good To Firm In Places),1m,Big Dream (IRE),William James Lee,0,Anthony McCann,4th,Neck,4,9-6t,69,True,1,9
Leopardstown Racing Results | 2nd June 2022 17:40,N/A,17:40,Good (Good To Firm In Places),1m,Juyush,M. A. Enright,0,Miss Jennifer Anne Lynch,3rd,Head,7,10-1t,78,True,1,9
Leopardstown Racing Results | 2nd June 2022 17:40,N/A,17:40,Good (Good To Firm In Places),1m,Zahee (IRE),Cillian McConnell,7,John McConnell,2nd,1 1/2 l,7,10-1ht,78,True,1,9
Leopardstown Racing Results | 2nd June 2022 17:40,N/A,17:40,Good (Good To Firm In Places),1m,Focus Required (IRE),N. M. Crosse,3,Luke Comer,1st,N/A,6,8-10t,59,True,1,9
Leopardstown Racing Results | 2nd June 2022 18:15,N/A,18:15,Good (Good To Firm In Places),1m 1f,Patrick Sarsfield (FR),Declan McDonogh,0,Joseph Patrick O'Brien,6th,3 1/2 l,6,9-9t,-,True,1,10
Leopardstown Racing Results | 2nd June 2022 18:15,N/A,18:15,Good (Good To Firm In Places),1m 1f,Morning Soldier (IRE),William James Lee,0,Thomas Mullins,5th,4 1/2 l,3,8-12,-,True,1,10
Leopardstown Racing Results | 2nd June 2022 18:15,N/A,18:15,Good (Good To Firm In Places),1m 1f,Finans Bay (IRE),R. P. Whelan,0,M. Halford,4th,4 1/4 l,5,9-9b1,-,True,1,10
Leopardstown Racing Results | 2nd June 2022 18:15,N/A,18:15,Good (Good To Firm In Places),1m 1f,Charterhouse,R. C. Colgan,0,John Joseph Murphy,3rd,3 1/4 l,4,9-9b,-,True,1,10
Leopardstown Racing Results | 2nd June 2022 18:15,N/A,18:15,Good (Good To Firm In Places),1m 1f,Georgeville,C. T. Keane,0,G. M. Lyons,2nd,3 3/4 l,6,9-12t,-,True,1,10
Leopardstown Racing Results | 2nd June 2022 18:15,N/A,18:15,Good (Good To Firm In Places),1m 1f,Cadillac (IRE),Shane Foley,0,Mrs J. Harrington,1st,N/A,4,9-9b1,-,True,1,10
Leopardstown Racing Results | 2nd June 2022 18:15,N/A,18:15,Good (Good To Firm In Places),1m 1f,Patrick Sarsfield (FR),Declan McDonogh,0,Joseph Patrick O'Brien,6th,3 1/2 l,6,9-9t,-,True,1,10
Leopardstown Racing Results | 2nd June 2022 18:15,N/A,18:15,Good (Good To Firm In Places),1m 1f,Morning Soldier (IRE),William James Lee,0,Thomas Mullins,5th,4 1/2 l,3,8-12,-,True,1,10
Leopardstown Racing Results | 2nd June 2022 18:15,N/A,18:15,Good (Good To Firm In Places),1m 1f,Finans Bay (IRE),R. P. Whelan,0,M. Halford,4th,4 1/4 l,5,9-9b1,-,True,1,10
Leopardstown Racing Results | 2nd June 2022 18:15,N/A,18:15,Good (Good To Firm In Places),1m 1f,Charterhouse,R. C. Colgan,0,John Joseph Murphy,3rd,3 1/4 l,4,9-9b,-,True,1,10
Leopardstown Racing Results | 2nd June 2022 18:15,N/A,18:15,Good (Good To Firm In Places),1m 1f,Georgeville,C. T. Keane,0,G. M. Lyons,2nd,3 3/4 l,6,9-12t,-,True,1,10
Leopardstown Racing Results | 2nd June 2022 18:15,N/A,18:15,Good (Good To Firm In Places),1m 1f,Cadillac (IRE),Shane Foley,0,Mrs J. Harrington,1st,N/A,4,9-9b1,-,True,1,10
Leopardstown Racing Results | 2nd June 2022 18:50,N/A,18:50,Good (Good To Firm In Places),1m 1f,Miramis (IRE),R. C. Colgan,0,Ms Sheila Lavery,12th,Head,4,9-0p1,81,True,1,11
Leopardstown Racing Results | 2nd June 2022 18:50,N/A,18:50,Good (Good To Firm In Places),1m 1f,Dearg Jazz (IRE),Seamie Heffernan,0,W. McCreery,11th,1 l,4,9-3,84,True,1,11
Leopardstown Racing Results | 2nd June 2022 18:50,N/A,18:50,Good (Good To Firm In Places),1m 1f,Lord Park (IRE),Kyanna Van Buuren,10,John McConnell,10th,3/4 l,5,8-9t,76,True,1,11
Leopardstown Racing Results | 2nd June 2022 18:50,N/A,18:50,Good (Good To Firm In Places),1m 1f,Probe,C. D. Hayes,0,D. K. Weld,9th,Short Head,4,9-12v1,93,True,1,11
Leopardstown Racing Results | 2nd June 2022 18:50,N/A,18:50,Good (Good To Firm In Places),1m 1f,Hale Bopp (IRE),C. T. Keane,0,G. M. Lyons,8th,Head,4,9-10,91,True,1,11
Leopardstown Racing Results | 2nd June 2022 18:50,N/A,18:50,Good (Good To Firm In Places),1m 1f,Ides Of August (USA),G. F. Carroll,0,G. M. Lyons,7th,Neck,4,10-1,96,True,1,11
Leopardstown Racing Results | 2nd June 2022 18:50,N/A,18:50,Good (Good To Firm In Places),1m 1f,Himalayan Beauty (IRE),Shane Foley,0,Mrs J. Harrington,6th,Neck,4,8-10p,77,True,1,11
Leopardstown Racing Results | 2nd June 2022 18:50,N/A,18:50,Good (Good To Firm In Places),1m 1f,River Derwent,H. J. Horgan,7,Joseph Patrick O'Brien,5th,1 l,4,9-1,82,True,1,11
Leopardstown Racing Results | 2nd June 2022 18:50,N/A,18:50,Good (Good To Firm In Places),1m 1f,Elzaam Blue (IRE),William James Lee,0,Darren Bunyan,4th,1 3/4 l,4,8-13,80,True,1,11
Leopardstown Racing Results | 2nd June 2022 18:50,N/A,18:50,Good (Good To Firm In Places),1m 1f,Jungle Cove (IRE),S. McCullagh,5,Mrs J. Harrington,3rd,2 l,5,9-5,86,True,1,11
Leopardstown Racing Results | 2nd June 2022 18:50,N/A,18:50,Good (Good To Firm In Places),1m 1f,Coill Na Sionainne (IRE),N. M. Crosse,3,W. McCreery,2nd,1/2 l,6,8-11,78,True,1,11
Leopardstown Racing Results | 2nd June 2022 18:50,N/A,18:50,Good (Good To Firm In Places),1m 1f,Chicago Bear (IRE),Ben Martin Coen,0,John Patrick Murtagh,1st,N/A,4,9-2,83,True,1,11
Leopardstown Racing Results | 2nd June 2022 18:50,N/A,18:50,Good (Good To Firm In Places),1m 1f,Miramis (IRE),R. C. Colgan,0,Ms Sheila Lavery,12th,Head,4,9-0p1,81,True,1,11
Leopardstown Racing Results | 2nd June 2022 18:50,N/A,18:50,Good (Good To Firm In Places),1m 1f,Dearg Jazz (IRE),Seamie Heffernan,0,W. McCreery,11th,1 l,4,9-3,84,True,1,11
Leopardstown Racing Results | 2nd June 2022 18:50,N/A,18:50,Good (Good To Firm In Places),1m 1f,Lord Park (IRE),Kyanna Van Buuren,10,John McConnell,10th,3/4 l,5,8-9t,76,True,1,11
Leopardstown Racing Results | 2nd June 2022 18:50,N/A,18:50,Good (Good To Firm In Places),1m 1f,Probe,C. D. Hayes,0,D. K. Weld,9th,Short Head,4,9-12v1,93,True,1,11
Leopardstown Racing Results | 2nd June 2022 18:50,N/A,18:50,Good (Good To Firm In Places),1m 1f,Hale Bopp (IRE),C. T. Keane,0,G. M. Lyons,8th,Head,4,9-10,91,True,1,11
Leopardstown Racing Results | 2nd June 2022 18:50,N/A,18:50,Good (Good To Firm In Places),1m 1f,Ides Of August (USA),G. F. Carroll,0,G. M. Lyons,7th,Neck,4,10-1,96,True,1,11
Leopardstown Racing Results | 2nd June 2022 18:50,N/A,18:50,Good (Good To Firm In Places),1m 1f,Himalayan Beauty (IRE),Shane Foley,0,Mrs J. Harrington,6th,Neck,4,8-10p,77,True,1,11
Leopardstown Racing Results | 2nd June 2022 18:50,N/A,18:50,Good (Good To Firm In Places),1m 1f,River Derwent,H. J. Horgan,7,Joseph Patrick O'Brien,5th,1 l,4,9-1,82,True,1,11
Leopardstown Racing Results | 2nd June 2022 18:50,N/A,18:50,Good (Good To Firm In Places),1m 1f,Elzaam Blue (IRE),William James Lee,0,Darren Bunyan,4th,1 3/4 l,4,8-13,80,True,1,11
Leopardstown Racing Results | 2nd June 2022 18:50,N/A,18:50,Good (Good To Firm In Places),1m 1f,Jungle Cove (IRE),S. McCullagh,5,Mrs J. Harrington,3rd,2 l,5,9-5,86,True,1,11
Leopardstown Racing Results | 2nd June 2022 18:50,N/A,18:50,Good (Good To Firm In Places),1m 1f,Coill Na Sionainne (IRE),N. M. Crosse,3,W. McCreery,2nd,1/2 l,6,8-11,78,True,1,11
Leopardstown Racing Results | 2nd June 2022 18:50,N/A,18:50,Good (Good To Firm In Places),1m 1f,Chicago Bear (IRE),Ben Martin Coen,0,John Patrick Murtagh,1st,N/A,4,9-2,83,True,1,11
Leopardstown Racing Results | 2nd June 2022 19:20,N/A,19:20,Good,1m 4f,Jezebel Queen (IRE),G. F. Carroll,0,G. M. Lyons,4th,3 3/4 l,3,9-0,-,True,1,12
Leopardstown Racing Results | 2nd June 2022 19:20,N/A,19:20,Good,1m 4f,Inuit (FR),S. M. Crosse,0,Joseph Patrick O'Brien,3rd,1 1/2 l,3,9-5,-,True,1,12
Leopardstown Racing Results | 2nd June 2022 19:20,N/A,19:20,Good,1m 4f,Boundless Ocean (IRE),K. J. Manning,0,J. S. Bolger,2nd,1 l,3,9-5,-,True,1,12
Leopardstown Racing Results | 2nd June 2022 19:20,N/A,19:20,Good,1m 4f,Cairde Go Deo (FR),C. T. Keane,0,G. M. Lyons,1st,N/A,3,9-3,-,True,1,12
Leopardstown Racing Results | 2nd June 2022 19:20,N/A,19:20,Good,1m 4f,Jezebel Queen (IRE),G. F. Carroll,0,G. M. Lyons,4th,3 3/4 l,3,9-0,-,True,1,12
Leopardstown Racing Results | 2nd June 2022 19:20,N/A,19:20,Good,1m 4f,Inuit (FR),S. M. Crosse,0,Joseph Patrick O'Brien,3rd,1 1/2 l,3,9-5,-,True,1,12
Leopardstown Racing Results | 2nd June 2022 19:20,N/A,19:20,Good,1m 4f,Boundless Ocean (IRE),K. J. Manning,0,J. S. Bolger,2nd,1 l,3,9-5,-,True,1,12
Leopardstown Racing Results | 2nd June 2022 19:20,N/A,19:20,Good,1m 4f,Cairde Go Deo (FR),C. T. Keane,0,G. M. Lyons,1st,N/A,3,9-3,-,True,1,12
Leopardstown Racing Results | 2nd June 2022 19:50,N/A,19:50,Good,1m 4f 180y,Patience Patience (IRE),D. E. Sheehy,0,Mrs Jessica Magnier,14th,47 l,6,9-5t,74,True,1,13
Leopardstown Racing Results | 2nd June 2022 19:50,N/A,19:50,Good,1m 4f 180y,Scott Lang (IRE),L. T. McAteer,0,Paul W. Flynn,13th,9 1/2 l,5,9-7p,76,True,1,13
Leopardstown Racing Results | 2nd June 2022 19:50,N/A,19:50,Good,1m 4f 180y,Big Challenge (IRE),Jack Cleary,4,R. Donohoe,12th,4 1/2 l,8,9-1,70,True,1,13
Leopardstown Racing Results | 2nd June 2022 19:50,N/A,19:50,Good,1m 4f 180y,Ransom,D. King,4,Denis Hogan,11th,Neck,5,9-11t,80,True,1,13
Leopardstown Racing Results | 2nd June 2022 19:50,N/A,19:50,Good,1m 4f 180y,S'all Good Man (IRE),Neve Bennett,7,W. T. Farrell,10th,4 3/4 l,6,9-3p1,72,True,1,13
Leopardstown Racing Results | 2nd June 2022 19:50,N/A,19:50,Good,1m 4f 180y,Dollar Value (USA),J. J. G. Ryan,4,T. G. McCourt,9th,1 1/4 l,7,9-3p,72,True,1,13
Leopardstown Racing Results | 2nd June 2022 19:50,N/A,19:50,Good,1m 4f 180y,Gibraltar (IRE),M. P. Sheehy,0,W. P. Mullins,8th,1 3/4 l,5,9-2,71,True,1,13
Leopardstown Racing Results | 2nd June 2022 19:50,N/A,19:50,Good,1m 4f 180y,Meritorious,A. C. Persse,2,John McConnell,7th,Short Head,4,10-0,83,True,1,13
Leopardstown Racing Results | 2nd June 2022 19:50,N/A,19:50,Good,1m 4f 180y,Takarengo (IRE),S. McCullagh,0,Thomas Mullins,6th,2 3/4 l,6,10-2p,85,True,1,13
Leopardstown Racing Results | 2nd June 2022 19:50,N/A,19:50,Good,1m 4f 180y,Magnetic North (IRE),Adam Caffrey,7,Adrian McGuinness,5th,1 3/4 l,7,9-5v,74,True,1,13
Leopardstown Racing Results | 2nd June 2022 19:50,N/A,19:50,Good,1m 4f 180y,Fascinating Shadow (IRE),J. Coen,2,John Joseph Hanlon,4th,1 1/2 l,4,9-13,82,True,1,13
Leopardstown Racing Results | 2nd June 2022 19:50,N/A,19:50,Good,1m 4f 180y,Razdan (IRE),Georgia Dobie,0,Christopher David Timmons,3rd,2 1/4 l,4,9-8ht,77,True,1,13
Leopardstown Racing Results | 2nd June 2022 19:50,N/A,19:50,Good,1m 4f 180y,Arctic Blaze (IRE),J. A. Powell,4,John McConnell,2nd,1 3/4 l,6,8-7p,62,True,1,13
Leopardstown Racing Results | 2nd June 2022 19:50,N/A,19:50,Good,1m 4f 180y,Startedwithakiss (IRE),D. B. McMonagle,0,Joseph Patrick O'Brien,1st,N/A,4,9-8,77,True,1,13
Leopardstown Racing Results | 2nd June 2022 19:50,N/A,19:50,Good,1m 4f 180y,Patience Patience (IRE),D. E. Sheehy,0,Mrs Jessica Magnier,14th,47 l,6,9-5t,74,True,1,13
Leopardstown Racing Results | 2nd June 2022 19:50,N/A,19:50,Good,1m 4f 180y,Scott Lang (IRE),L. T. McAteer,0,Paul W. Flynn,13th,9 1/2 l,5,9-7p,76,True,1,13
Leopardstown Racing Results | 2nd June 2022 19:50,N/A,19:50,Good,1m 4f 180y,Big Challenge (IRE),Jack Cleary,4,R. Donohoe,12th,4 1/2 l,8,9-1,70,True,1,13
Leopardstown Racing Results | 2nd June 2022 19:50,N/A,19:50,Good,1m 4f 180y,Ransom,D. King,4,Denis Hogan,11th,Neck,5,9-11t,80,True,1,13
Leopardstown Racing Results | 2nd June 2022 19:50,N/A,19:50,Good,1m 4f 180y,S'all Good Man (IRE),Neve Bennett,7,W. T. Farrell,10th,4 3/4 l,6,9-3p1,72,True,1,13
Leopardstown Racing Results | 2nd June 2022 19:50,N/A,19:50,Good,1m 4f 180y,Dollar Value (USA),J. J. G. Ryan,4,T. G. McCourt,9th,1 1/4 l,7,9-3p,72,True,1,13
Leopardstown Racing Results | 2nd June 2022 19:50,N/A,19:50,Good,1m 4f 180y,Gibraltar (IRE),M. P. Sheehy,0,W. P. Mullins,8th,1 3/4 l,5,9-2,71,True,1,13
Leopardstown Racing Results | 2nd June 2022 19:50,N/A,19:50,Good,1m 4f 180y,Meritorious,A. C. Persse,2,John McConnell,7th,Short Head,4,10-0,83,True,1,13
Leopardstown Racing Results | 2nd June 2022 19:50,N/A,19:50,Good,1m 4f 180y,Takarengo (IRE),S. McCullagh,0,Thomas Mullins,6th,2 3/4 l,6,10-2p,85,True,1,13
Leopardstown Racing Results | 2nd June 2022 19:50,N/A,19:50,Good,1m 4f 180y,Magnetic North (IRE),Adam Caffrey,7,Adrian McGuinness,5th,1 3/4 l,7,9-5v,74,True,1,13
Leopardstown Racing Results | 2nd June 2022 19:50,N/A,19:50,Good,1m 4f 180y,Fascinating Shadow (IRE),J. Coen,2,John Joseph Hanlon,4th,1 1/2 l,4,9-13,82,True,1,13
Leopardstown Racing Results | 2nd June 2022 19:50,N/A,19:50,Good,1m 4f 180y,Razdan (IRE),Georgia Dobie,0,Christopher David Timmons,3rd,2 1/4 l,4,9-8ht,77,True,1,13
Leopardstown Racing Results | 2nd June 2022 19:50,N/A,19:50,Good,1m 4f 180y,Arctic Blaze (IRE),J. A. Powell,4,John McConnell,2nd,1 3/4 l,6,8-7p,62,True,1,13
Leopardstown Racing Results | 2nd June 2022 19:50,N/A,19:50,Good,1m 4f 180y,Startedwithakiss (IRE),D. B. McMonagle,0,Joseph Patrick O'Brien,1st,N/A,4,9-8,77,True,1,13
Leopardstown Racing Results | 2nd June 2022 20:20,N/A,20:20,Good,1m 2f,Lost (FR),Seamie Heffernan,0,Aidan O'Brien,12th,5 1/2 l,3,9-4t1,59,True,1,14
Leopardstown Racing Results | 2nd June 2022 20:20,N/A,20:20,Good,1m 2f,Zonik (IRE),D. W. O'Connor,0,John McConnell,11th,2 1/4 l,3,10-0,69,True,1,14
Leopardstown Racing Results | 2nd June 2022 20:20,N/A,20:20,Good,1m 2f,Be Adored (IRE),R. P. Cleary,0,M. D. O'Callaghan,10th,Neck,3,9-6b1,61,True,1,14
Leopardstown Racing Results | 2nd June 2022 20:20,N/A,20:20,Good,1m 2f,Lightly Spiced (IRE),Kyanna Van Buuren,10,John McConnell,9th,Neck,3,8-7tp1,48,True,1,14
Leopardstown Racing Results | 2nd June 2022 20:20,N/A,20:20,Good,1m 2f,Dodie Baby (IRE),James J. Doyle,0,Donal Commins,8th,1 3/4 l,3,8-7,48,True,1,14
Leopardstown Racing Results | 2nd June 2022 20:20,N/A,20:20,Good,1m 2f,Lechro (IRE),D. J. Gilligan,10,J. A. Stack,7th,1/2 l,3,9-12,67,True,1,14
Leopardstown Racing Results | 2nd June 2022 20:20,N/A,20:20,Good,1m 2f,Gabbys Girl (IRE),J. Coen,7,Thomas Mullins,6th,1 1/4 l,3,9-8,63,True,1,14
Leopardstown Racing Results | 2nd June 2022 20:20,N/A,20:20,Good,1m 2f,Rihani (IRE),R. P. Whelan,0,M. Halford,5th,Neck,3,9-9,64,True,1,14
Leopardstown Racing Results | 2nd June 2022 20:20,N/A,20:20,Good,1m 2f,Golden Ticket (IRE),William James Lee,0,Andrew Oliver,4th,3 3/4 l,3,9-9h,64,True,1,14
Leopardstown Racing Results | 2nd June 2022 20:20,N/A,20:20,Good,1m 2f,Miss Vizeun (IRE),C. T. Keane,0,Nigel Slevin,3rd,2 3/4 l,3,9-9,64,True,1,14
Leopardstown Racing Results | 2nd June 2022 20:20,N/A,20:20,Good,1m 2f,Highland King (IRE),Ben Martin Coen,0,John Patrick Murtagh,2nd,3 1/4 l,3,10-0,69,True,1,14
Leopardstown Racing Results | 2nd June 2022 20:20,N/A,20:20,Good,1m 2f,I Have A Voice (IRE),K. J. Manning,0,J. S. Bolger,1st,N/A,3,9-12p,67,True,1,14
Leopardstown Racing Results | 2nd June 2022 20:20,N/A,20:20,Good,1m 2f,Lost (FR),Seamie Heffernan,0,Aidan O'Brien,12th,5 1/2 l,3,9-4t1,59,True,1,14
Leopardstown Racing Results | 2nd June 2022 20:20,N/A,20:20,Good,1m 2f,Zonik (IRE),D. W. O'Connor,0,John McConnell,11th,2 1/4 l,3,10-0,69,True,1,14
Leopardstown Racing Results | 2nd June 2022 20:20,N/A,20:20,Good,1m 2f,Be Adored (IRE),R. P. Cleary,0,M. D. O'Callaghan,10th,Neck,3,9-6b1,61,True,1,14
Leopardstown Racing Results | 2nd June 2022 20:20,N/A,20:20,Good,1m 2f,Lightly Spiced (IRE),Kyanna Van Buuren,10,John McConnell,9th,Neck,3,8-7tp1,48,True,1,14
Leopardstown Racing Results | 2nd June 2022 20:20,N/A,20:20,Good,1m 2f,Dodie Baby (IRE),James J. Doyle,0,Donal Commins,8th,1 3/4 l,3,8-7,48,True,1,14
Leopardstown Racing Results | 2nd June 2022 20:20,N/A,20:20,Good,1m 2f,Lechro (IRE),D. J. Gilligan,10,J. A. Stack,7th,1/2 l,3,9-12,67,True,1,14
Leopardstown Racing Results | 2nd June 2022 20:20,N/A,20:20,Good,1m 2f,Gabbys Girl (IRE),J. Coen,7,Thomas Mullins,6th,1 1/4 l,3,9-8,63,True,1,14
Leopardstown Racing Results | 2nd June 2022 20:20,N/A,20:20,Good,1m 2f,Rihani (IRE),R. P. Whelan,0,M. Halford,5th,Neck,3,9-9,64,True,1,14
Leopardstown Racing Results | 2nd June 2022 20:20,N/A,20:20,Good,1m 2f,Golden Ticket (IRE),William James Lee,0,Andrew Oliver,4th,3 3/4 l,3,9-9h,64,True,1,14
Leopardstown Racing Results | 2nd June 2022 20:20,N/A,20:20,Good,1m 2f,Miss Vizeun (IRE),C. T. Keane,0,Nigel Slevin,3rd,2 3/4 l,3,9-9,64,True,1,14
Leopardstown Racing Results | 2nd June 2022 20:20,N/A,20:20,Good,1m 2f,Highland King (IRE),Ben Martin Coen,0,John Patrick Murtagh,2nd,3 1/4 l,3,10-0,69,True,1,14
Leopardstown Racing Results | 2nd June 2022 20:20,N/A,20:20,Good,1m 2f,I Have A Voice (IRE),K. J. Manning,0,J. S. Bolger,1st,N/A,3,9-12p,67,True,1,14
Down Royal Racing Results | 3rd June 2022 16:50,N/A,16:50,Good (Good To Yielding In Places),2m 100y,Midnight Fortune (IRE),C. P. McNamara,0,Noel C. Kelly,7th,5 1/2 l,4,10-4,-,True,1,15
Down Royal Racing Results | 3rd June 2022 16:50,N/A,16:50,Good (Good To Yielding In Places),2m 100y,Bellaney Gem (IRE),Mr S. Connor,7,Stuart Crawford,6th,5 l,9,11-3t,-,True,1,15
Down Royal Racing Results | 3rd June 2022 16:50,N/A,16:50,Good (Good To Yielding In Places),2m 100y,Runway Queen,A. P. Kelly,7,Anthony McCann,5th,1/2 l,4,10-4,-,True,1,15
Down Royal Racing Results | 3rd June 2022 16:50,N/A,16:50,Good (Good To Yielding In Places),2m 100y,Presenting Meghan (IRE),E. Walsh,5,David Christie,4th,1/2 l,8,10-9p,-,True,1,15
Down Royal Racing Results | 3rd June 2022 16:50,N/A,16:50,Good (Good To Yielding In Places),2m 100y,Sit Down Lucy (IRE),K. C. Sexton,0,Peter Fahey,3rd,14 l,8,10-13,-,True,1,15
Down Royal Racing Results | 3rd June 2022 16:50,N/A,16:50,Good (Good To Yielding In Places),2m 100y,Anna Bunina (FR),M. M. McDonagh,7,John McConnell,2nd,1 3/4 l,6,11-7t,-,True,1,15
Down Royal Racing Results | 3rd June 2022 16:50,N/A,16:50,Good (Good To Yielding In Places),2m 100y,Shesadream (IRE),J. W. Kennedy,0,Gordon Elliott,1st,N/A,5,10-13,-,True,1,15
Down Royal Racing Results | 3rd June 2022 16:50,N/A,16:50,Good (Good To Yielding In Places),2m 100y,Midnight Fortune (IRE),C. P. McNamara,0,Noel C. Kelly,7th,5 1/2 l,4,10-4,-,True,1,15
Down Royal Racing Results | 3rd June 2022 16:50,N/A,16:50,Good (Good To Yielding In Places),2m 100y,Bellaney Gem (IRE),Mr S. Connor,7,Stuart Crawford,6th,5 l,9,11-3t,-,True,1,15
Down Royal Racing Results | 3rd June 2022 16:50,N/A,16:50,Good (Good To Yielding In Places),2m 100y,Runway Queen,A. P. Kelly,7,Anthony McCann,5th,1/2 l,4,10-4,-,True,1,15
Down Royal Racing Results | 3rd June 2022 16:50,N/A,16:50,Good (Good To Yielding In Places),2m 100y,Presenting Meghan (IRE),E. Walsh,5,David Christie,4th,1/2 l,8,10-9p,-,True,1,15
Down Royal Racing Results | 3rd June 2022 16:50,N/A,16:50,Good (Good To Yielding In Places),2m 100y,Sit Down Lucy (IRE),K. C. Sexton,0,Peter Fahey,3rd,14 l,8,10-13,-,True,1,15
Down Royal Racing Results | 3rd June 2022 16:50,N/A,16:50,Good (Good To Yielding In Places),2m 100y,Anna Bunina (FR),M. M. McDonagh,7,John McConnell,2nd,1 3/4 l,6,11-7t,-,True,1,15
Down Royal Racing Results | 3rd June 2022 16:50,N/A,16:50,Good (Good To Yielding In Places),2m 100y,Shesadream (IRE),J. W. Kennedy,0,Gordon Elliott,1st,N/A,5,10-13,-,True,1,15
Down Royal Racing Results | 3rd June 2022 17:25,N/A,17:25,Good (Good To Yielding In Places),2m 100y,Haddock De Grissay (FR),Mr B. Dunleavy,7,Mary E Doyle,F,N/A,5,11-4,-,True,1,16
Down Royal Racing Results | 3rd June 2022 17:25,N/A,17:25,Good (Good To Yielding In Places),2m 100y,Magi Gal (IRE),C. L. Walsh,7,John McConnell,10th,Head,6,11-5ht,-,True,1,16
Down Royal Racing Results | 3rd June 2022 17:25,N/A,17:25,Good (Good To Yielding In Places),2m 100y,Shanes Passion (IRE),Kieran Callaghan,7,Jamie Albert Sloan,9th,12 l,5,11-4,-,True,1,16
Down Royal Racing Results | 3rd June 2022 17:25,N/A,17:25,Good (Good To Yielding In Places),2m 100y,Ithaka (IRE),K. C. Sexton,0,Ronan M. P. McNally,8th,6 1/2 l,6,11-4,-,True,1,16
Down Royal Racing Results | 3rd June 2022 17:25,N/A,17:25,Good (Good To Yielding In Places),2m 100y,Penthouse Poppet (IRE),Mikey Hamill,0,Colin A. McBratney,7th,14 l,5,10-11,-,True,1,16
Down Royal Racing Results | 3rd June 2022 17:25,N/A,17:25,Good (Good To Yielding In Places),2m 100y,Convertible (IRE),A. P. Kelly,7,Anthony McCann,6th,6 1/2 l,5,11-12,-,True,1,16
Down Royal Racing Results | 3rd June 2022 17:25,N/A,17:25,Good (Good To Yielding In Places),2m 100y,No Mor Isolation (IRE),Peter Carberry,0,Stuart Crawford,5th,7 l,5,11-4,-,True,1,16
Down Royal Racing Results | 3rd June 2022 17:25,N/A,17:25,Good (Good To Yielding In Places),2m 100y,Cocoplum (IRE),C. P. McNamara,0,Colin A. McBratney,4th,1 1/4 l,5,10-11,-,True,1,16
Down Royal Racing Results | 3rd June 2022 17:25,N/A,17:25,Good (Good To Yielding In Places),2m 100y,No Trouble (IRE),R. A. Doyle,0,John McConnell,3rd,18 l,6,11-12t,-,True,1,16
Down Royal Racing Results | 3rd June 2022 17:25,N/A,17:25,Good (Good To Yielding In Places),2m 100y,Champ De Gane (FR),M. M. McDonagh,7,Stuart Crawford,2nd,1 3/4 l,5,11-4t,-,True,1,16
Down Royal Racing Results | 3rd June 2022 17:25,N/A,17:25,Good (Good To Yielding In Places),2m 100y,Banks Boy (IRE),J. W. Kennedy,0,Gordon Elliott,1st,N/A,6,11-4,-,True,1,16
Down Royal Racing Results | 3rd June 2022 17:25,N/A,17:25,Good (Good To Yielding In Places),2m 100y,Haddock De Grissay (FR),Mr B. Dunleavy,7,Mary E Doyle,F,N/A,5,11-4,-,True,1,16
Down Royal Racing Results | 3rd June 2022 17:25,N/A,17:25,Good (Good To Yielding In Places),2m 100y,Magi Gal (IRE),C. L. Walsh,7,John McConnell,10th,Head,6,11-5ht,-,True,1,16
Down Royal Racing Results | 3rd June 2022 17:25,N/A,17:25,Good (Good To Yielding In Places),2m 100y,Shanes Passion (IRE),Kieran Callaghan,7,Jamie Albert Sloan,9th,12 l,5,11-4,-,True,1,16
Down Royal Racing Results | 3rd June 2022 17:25,N/A,17:25,Good (Good To Yielding In Places),2m 100y,Ithaka (IRE),K. C. Sexton,0,Ronan M. P. McNally,8th,6 1/2 l,6,11-4,-,True,1,16
Down Royal Racing Results | 3rd June 2022 17:25,N/A,17:25,Good (Good To Yielding In Places),2m 100y,Penthouse Poppet (IRE),Mikey Hamill,0,Colin A. McBratney,7th,14 l,5,10-11,-,True,1,16
Down Royal Racing Results | 3rd June 2022 17:25,N/A,17:25,Good (Good To Yielding In Places),2m 100y,Convertible (IRE),A. P. Kelly,7,Anthony McCann,6th,6 1/2 l,5,11-12,-,True,1,16
Down Royal Racing Results | 3rd June 2022 17:25,N/A,17:25,Good (Good To Yielding In Places),2m 100y,No Mor Isolation (IRE),Peter Carberry,0,Stuart Crawford,5th,7 l,5,11-4,-,True,1,16
Down Royal Racing Results | 3rd June 2022 17:25,N/A,17:25,Good (Good To Yielding In Places),2m 100y,Cocoplum (IRE),C. P. McNamara,0,Colin A. McBratney,4th,1 1/4 l,5,10-11,-,True,1,16
Down Royal Racing Results | 3rd June 2022 17:25,N/A,17:25,Good (Good To Yielding In Places),2m 100y,No Trouble (IRE),R. A. Doyle,0,John McConnell,3rd,18 l,6,11-12t,-,True,1,16
Down Royal Racing Results | 3rd June 2022 17:25,N/A,17:25,Good (Good To Yielding In Places),2m 100y,Champ De Gane (FR),M. M. McDonagh,7,Stuart Crawford,2nd,1 3/4 l,5,11-4t,-,True,1,16
Down Royal Racing Results | 3rd June 2022 17:25,N/A,17:25,Good (Good To Yielding In Places),2m 100y,Banks Boy (IRE),J. W. Kennedy,0,Gordon Elliott,1st,N/A,6,11-4,-,True,1,16
Down Royal Racing Results | 3rd June 2022 18:00,N/A,18:00,Good (Good To Yielding In Places),2m 4f 80y,Hochtdeag (IRE),B Mulligan,4,P. Mulligan,PU,N/A,4,10-12p1,-,True,1,17
Down Royal Racing Results | 3rd June 2022 18:00,N/A,18:00,Good (Good To Yielding In Places),2m 4f 80y,Knocky (IRE),Mr R. P. Geoghegan,4,Gerald Stephen Quinn,10th,85 l,6,11-4t1,-,True,1,17
Down Royal Racing Results | 3rd June 2022 18:00,N/A,18:00,Good (Good To Yielding In Places),2m 4f 80y,Sholsang (IRE),A. P. Kelly,4,David Christie,9th,26 l,6,11-4,-,True,1,17
Down Royal Racing Results | 3rd June 2022 18:00,N/A,18:00,Good (Good To Yielding In Places),2m 4f 80y,Copper Point (IRE),Kieran Callaghan,4,Noel C. Kelly,8th,13 l,5,11-4t1,-,True,1,17
Down Royal Racing Results | 3rd June 2022 18:00,N/A,18:00,Good (Good To Yielding In Places),2m 4f 80y,Every River,C. G. O'Dwyer,4,W. J. Bryson,7th,4 1/2 l,6,11-4,-,True,1,17
Down Royal Racing Results | 3rd June 2022 18:00,N/A,18:00,Good (Good To Yielding In Places),2m 4f 80y,So Ladylike (IRE),S. O'Callaghan,0,Colin A. McBratney,6th,11 l,8,10-11,-,True,1,17
Down Royal Racing Results | 3rd June 2022 18:00,N/A,18:00,Good (Good To Yielding In Places),2m 4f 80y,Ask Philip (IRE),Kevin A. Murphy,4,Gordon Elliott,5th,1/2 l,5,11-4,-,True,1,17
Down Royal Racing Results | 3rd June 2022 18:00,N/A,18:00,Good (Good To Yielding In Places),2m 4f 80y,Run For Pat (IRE),E. Walsh,0,Gordon Elliott,4th,4 1/2 l,5,11-4b,-,True,1,17
Down Royal Racing Results | 3rd June 2022 18:00,N/A,18:00,Good (Good To Yielding In Places),2m 4f 80y,Bout Time Bobby (IRE),Thomas Reilly,4,John McConnell,3rd,2 1/4 l,7,11-4t,-,True,1,17
Down Royal Racing Results | 3rd June 2022 18:00,N/A,18:00,Good (Good To Yielding In Places),2m 4f 80y,Kelly's Birr (IRE),M. M. McDonagh,4,John Patrick Ryan,2nd,3 3/4 l,5,10-11,-,True,1,17
Down Royal Racing Results | 3rd June 2022 18:00,N/A,18:00,Good (Good To Yielding In Places),2m 4f 80y,Dovlator (IRE),Patrick O'Hanlon,2,Dermot Anthony McLoughlin,1st,N/A,6,11-4,-,True,1,17
Down Royal Racing Results | 3rd June 2022 18:00,N/A,18:00,Good (Good To Yielding In Places),2m 4f 80y,Hochtdeag (IRE),B Mulligan,4,P. Mulligan,PU,N/A,4,10-12p1,-,True,1,17
Down Royal Racing Results | 3rd June 2022 18:00,N/A,18:00,Good (Good To Yielding In Places),2m 4f 80y,Knocky (IRE),Mr R. P. Geoghegan,4,Gerald Stephen Quinn,10th,85 l,6,11-4t1,-,True,1,17
Down Royal Racing Results | 3rd June 2022 18:00,N/A,18:00,Good (Good To Yielding In Places),2m 4f 80y,Sholsang (IRE),A. P. Kelly,4,David Christie,9th,26 l,6,11-4,-,True,1,17
Down Royal Racing Results | 3rd June 2022 18:00,N/A,18:00,Good (Good To Yielding In Places),2m 4f 80y,Copper Point (IRE),Kieran Callaghan,4,Noel C. Kelly,8th,13 l,5,11-4t1,-,True,1,17
Down Royal Racing Results | 3rd June 2022 18:00,N/A,18:00,Good (Good To Yielding In Places),2m 4f 80y,Every River,C. G. O'Dwyer,4,W. J. Bryson,7th,4 1/2 l,6,11-4,-,True,1,17
Down Royal Racing Results | 3rd June 2022 18:00,N/A,18:00,Good (Good To Yielding In Places),2m 4f 80y,So Ladylike (IRE),S. O'Callaghan,0,Colin A. McBratney,6th,11 l,8,10-11,-,True,1,17
Down Royal Racing Results | 3rd June 2022 18:00,N/A,18:00,Good (Good To Yielding In Places),2m 4f 80y,Ask Philip (IRE),Kevin A. Murphy,4,Gordon Elliott,5th,1/2 l,5,11-4,-,True,1,17
Down Royal Racing Results | 3rd June 2022 18:00,N/A,18:00,Good (Good To Yielding In Places),2m 4f 80y,Run For Pat (IRE),E. Walsh,0,Gordon Elliott,4th,4 1/2 l,5,11-4b,-,True,1,17
Down Royal Racing Results | 3rd June 2022 18:00,N/A,18:00,Good (Good To Yielding In Places),2m 4f 80y,Bout Time Bobby (IRE),Thomas Reilly,4,John McConnell,3rd,2 1/4 l,7,11-4t,-,True,1,17
Down Royal Racing Results | 3rd June 2022 18:00,N/A,18:00,Good (Good To Yielding In Places),2m 4f 80y,Kelly's Birr (IRE),M. M. McDonagh,4,John Patrick Ryan,2nd,3 3/4 l,5,10-11,-,True,1,17
Down Royal Racing Results | 3rd June 2022 18:00,N/A,18:00,Good (Good To Yielding In Places),2m 4f 80y,Dovlator (IRE),Patrick O'Hanlon,2,Dermot Anthony McLoughlin,1st,N/A,6,11-4,-,True,1,17
Down Royal Racing Results | 3rd June 2022 18:35,N/A,18:35,Good (Good To Yielding In Places),2m 4f 80y,Lady Iseult (IRE),Patrick O'Hanlon,5,Dermot Anthony McLoughlin,UR,N/A,7,11-11,99,True,1,18
Down Royal Racing Results | 3rd June 2022 18:35,N/A,18:35,Good (Good To Yielding In Places),2m 4f 80y,Fil the Power,J. B. Kane,5,Kevin Michael Smith,F,N/A,5,11-2,90,True,1,18
Down Royal Racing Results | 3rd June 2022 18:35,N/A,18:35,Good (Good To Yielding In Places),2m 4f 80y,Sam Lorenzo (IRE),S. O'Callaghan,7,W. J. Bryson,BD,N/A,7,11-9,97,True,1,18
Down Royal Racing Results | 3rd June 2022 18:35,N/A,18:35,Good (Good To Yielding In Places),2m 4f 80y,Minella Moment (IRE),Cian Chester,7,Gordon Elliott,14th,10 l,7,11-0,88,True,1,18
Down Royal Racing Results | 3rd June 2022 18:35,N/A,18:35,Good (Good To Yielding In Places),2m 4f 80y,Alice O'byrne (IRE),A. P. Kelly,7,David Christie,13th,2 3/4 l,8,11-13,101,True,1,18
Down Royal Racing Results | 3rd June 2022 18:35,N/A,18:35,Good (Good To Yielding In Places),2m 4f 80y,Miss Polly Shelby (IRE),K. C. Sexton,0,Ronan M. P. McNally,12th,1/2 l,5,10-13p,87,True,1,18
Down Royal Racing Results | 3rd June 2022 18:35,N/A,18:35,Good (Good To Yielding In Places),2m 4f 80y,Sweet Will (IRE),C. P. McNamara,0,Gavin Patrick Cromwell,11th,4 1/2 l,5,11-6p,94,True,1,18
Down Royal Racing Results | 3rd June 2022 18:35,N/A,18:35,Good (Good To Yielding In Places),2m 4f 80y,Oromo (IRE),Kieran Callaghan,7,Karl Thornton,10th,1 l,9,10-12t,86,True,1,18
Down Royal Racing Results | 3rd June 2022 18:35,N/A,18:35,Good (Good To Yielding In Places),2m 4f 80y,Kingfisher Lane (IRE),Mr S. Connor,7,Stuart Crawford,9th,Neck,6,12-0,102,True,1,18
Down Royal Racing Results | 3rd June 2022 18:35,N/A,18:35,Good (Good To Yielding In Places),2m 4f 80y,Serpolette (IRE),E. Walsh,5,E. D. Delany,8th,13 l,7,11-6ht,94,True,1,18
Down Royal Racing Results | 3rd June 2022 18:35,N/A,18:35,Good (Good To Yielding In Places),2m 4f 80y,Greenandwhitearmy (IRE),C. G. O'Dwyer,7,Neil McKnight,7th,Short Head,10,10-9,83,True,1,18
Down Royal Racing Results | 3rd June 2022 18:35,N/A,18:35,Good (Good To Yielding In Places),2m 4f 80y,Battle of Benburb (IRE),K. E. Buckley,5,John McConnell,6th,2 1/4 l,5,11-1t1,89,True,1,18
Down Royal Racing Results | 3rd June 2022 18:35,N/A,18:35,Good (Good To Yielding In Places),2m 4f 80y,Deo Bellator (IRE),Mr N. Gault,7,S. Michael Millar,5th,1/2 l,9,11-4,92,True,1,18
Down Royal Racing Results | 3rd June 2022 18:35,N/A,18:35,Good (Good To Yielding In Places),2m 4f 80y,Falco Du Sauzay (FR),Peter Carberry,0,Anthony McCann,4th,2 3/4 l,7,10-6,80,True,1,18
Down Royal Racing Results | 3rd June 2022 18:35,N/A,18:35,Good (Good To Yielding In Places),2m 4f 80y,Keepthefaithinme (IRE),Miss Georgie Benson,7,Gordon Elliott,3rd,3/4 l,6,11-9p1,97,True,1,18
Down Royal Racing Results | 3rd June 2022 18:35,N/A,18:35,Good (Good To Yielding In Places),2m 4f 80y,Wild Caprice (IRE),Mr H. C. Swan,7,John Patrick Ryan,2nd,5 1/2 l,8,11-7,95,True,1,18
Down Royal Racing Results | 3rd June 2022 18:35,N/A,18:35,Good (Good To Yielding In Places),2m 4f 80y,The Grey Lad (IRE),G. B. Noonan,7,Paul W. Flynn,1st,N/A,6,11-11,99,True,1,18
Down Royal Racing Results | 3rd June 2022 18:35,N/A,18:35,Good (Good To Yielding In Places),2m 4f 80y,Lady Iseult (IRE),Patrick O'Hanlon,5,Dermot Anthony McLoughlin,UR,N/A,7,11-11,99,True,1,18
Down Royal Racing Results | 3rd June 2022 18:35,N/A,18:35,Good (Good To Yielding In Places),2m 4f 80y,Fil the Power,J. B. Kane,5,Kevin Michael Smith,F,N/A,5,11-2,90,True,1,18
Down Royal Racing Results | 3rd June 2022 18:35,N/A,18:35,Good (Good To Yielding In Places),2m 4f 80y,Sam Lorenzo (IRE),S. O'Callaghan,7,W. J. Bryson,BD,N/A,7,11-9,97,True,1,18
Down Royal Racing Results | 3rd June 2022 18:35,N/A,18:35,Good (Good To Yielding In Places),2m 4f 80y,Minella Moment (IRE),Cian Chester,7,Gordon Elliott,14th,10 l,7,11-0,88,True,1,18
Down Royal Racing Results | 3rd June 2022 18:35,N/A,18:35,Good (Good To Yielding In Places),2m 4f 80y,Alice O'byrne (IRE),A. P. Kelly,7,David Christie,13th,2 3/4 l,8,11-13,101,True,1,18
Down Royal Racing Results | 3rd June 2022 18:35,N/A,18:35,Good (Good To Yielding In Places),2m 4f 80y,Miss Polly Shelby (IRE),K. C. Sexton,0,Ronan M. P. McNally,12th,1/2 l,5,10-13p,87,True,1,18
Down Royal Racing Results | 3rd June 2022 18:35,N/A,18:35,Good (Good To Yielding In Places),2m 4f 80y,Sweet Will (IRE),C. P. McNamara,0,Gavin Patrick Cromwell,11th,4 1/2 l,5,11-6p,94,True,1,18
Down Royal Racing Results | 3rd June 2022 18:35,N/A,18:35,Good (Good To Yielding In Places),2m 4f 80y,Oromo (IRE),Kieran Callaghan,7,Karl Thornton,10th,1 l,9,10-12t,86,True,1,18
Down Royal Racing Results | 3rd June 2022 18:35,N/A,18:35,Good (Good To Yielding In Places),2m 4f 80y,Kingfisher Lane (IRE),Mr S. Connor,7,Stuart Crawford,9th,Neck,6,12-0,102,True,1,18
Down Royal Racing Results | 3rd June 2022 18:35,N/A,18:35,Good (Good To Yielding In Places),2m 4f 80y,Serpolette (IRE),E. Walsh,5,E. D. Delany,8th,13 l,7,11-6ht,94,True,1,18
Down Royal Racing Results | 3rd June 2022 18:35,N/A,18:35,Good (Good To Yielding In Places),2m 4f 80y,Greenandwhitearmy (IRE),C. G. O'Dwyer,7,Neil McKnight,7th,Short Head,10,10-9,83,True,1,18
Down Royal Racing Results | 3rd June 2022 18:35,N/A,18:35,Good (Good To Yielding In Places),2m 4f 80y,Battle of Benburb (IRE),K. E. Buckley,5,John McConnell,6th,2 1/4 l,5,11-1t1,89,True,1,18
Down Royal Racing Results | 3rd June 2022 18:35,N/A,18:35,Good (Good To Yielding In Places),2m 4f 80y,Deo Bellator (IRE),Mr N. Gault,7,S. Michael Millar,5th,1/2 l,9,11-4,92,True,1,18
Down Royal Racing Results | 3rd June 2022 18:35,N/A,18:35,Good (Good To Yielding In Places),2m 4f 80y,Falco Du Sauzay (FR),Peter Carberry,0,Anthony McCann,4th,2 3/4 l,7,10-6,80,True,1,18
Down Royal Racing Results | 3rd June 2022 18:35,N/A,18:35,Good (Good To Yielding In Places),2m 4f 80y,Keepthefaithinme (IRE),Miss Georgie Benson,7,Gordon Elliott,3rd,3/4 l,6,11-9p1,97,True,1,18
Down Royal Racing Results | 3rd June 2022 18:35,N/A,18:35,Good (Good To Yielding In Places),2m 4f 80y,Wild Caprice (IRE),Mr H. C. Swan,7,John Patrick Ryan,2nd,5 1/2 l,8,11-7,95,True,1,18
Down Royal Racing Results | 3rd June 2022 18:35,N/A,18:35,Good (Good To Yielding In Places),2m 4f 80y,The Grey Lad (IRE),G. B. Noonan,7,Paul W. Flynn,1st,N/A,6,11-11,99,True,1,18
Down Royal Racing Results | 3rd June 2022 19:10,N/A,19:10,Good (Good To Yielding In Places),2m 4f 80y,Curlew Hill (IRE),Corey McGivern,7,Gordon Elliott,PU,N/A,7,12-0,125,True,1,19
Down Royal Racing Results | 3rd June 2022 19:10,N/A,19:10,Good (Good To Yielding In Places),2m 4f 80y,Don Diablo (IRE),B Mulligan,7,Gordon Elliott,PU,N/A,7,11-9h,120,True,1,19
Down Royal Racing Results | 3rd June 2022 19:10,N/A,19:10,Good (Good To Yielding In Places),2m 4f 80y,Gladiatorial (IRE),Mr D. McGill,7,Noel C. Kelly,PU,N/A,7,11-7t1,118,True,1,19
Down Royal Racing Results | 3rd June 2022 19:10,N/A,19:10,Good (Good To Yielding In Places),2m 4f 80y,Curious Times (IRE),Peter Carberry,0,Stuart Crawford,PU,N/A,9,11-4t,115,True,1,19
Down Royal Racing Results | 3rd June 2022 19:10,N/A,19:10,Good (Good To Yielding In Places),2m 4f 80y,Cusp of Carabelli (IRE),M. M. McDonagh,7,David M. O'Brien,4th,18 l,9,11-5,116,True,1,19
Down Royal Racing Results | 3rd June 2022 19:10,N/A,19:10,Good (Good To Yielding In Places),2m 4f 80y,Turbojet,R. A. Doyle,0,Dermot Anthony McLoughlin,3rd,5 1/2 l,11,11-1tp,112,True,1,19
Down Royal Racing Results | 3rd June 2022 19:10,N/A,19:10,Good (Good To Yielding In Places),2m 4f 80y,Guiri (GER),C. G. O'Dwyer,7,Mrs J. Harrington,2nd,8 l,7,11-8p,119,True,1,19
Down Royal Racing Results | 3rd June 2022 19:10,N/A,19:10,Good (Good To Yielding In Places),2m 4f 80y,Bravo Team (IRE),J. W. Kennedy,0,Gordon Elliott,1st,N/A,6,11-2tp1,113,True,1,19
Down Royal Racing Results | 3rd June 2022 19:10,N/A,19:10,Good (Good To Yielding In Places),2m 4f 80y,Curlew Hill (IRE),Corey McGivern,7,Gordon Elliott,PU,N/A,7,12-0,125,True,1,19
Down Royal Racing Results | 3rd June 2022 19:10,N/A,19:10,Good (Good To Yielding In Places),2m 4f 80y,Don Diablo (IRE),B Mulligan,7,Gordon Elliott,PU,N/A,7,11-9h,120,True,1,19
Down Royal Racing Results | 3rd June 2022 19:10,N/A,19:10,Good (Good To Yielding In Places),2m 4f 80y,Gladiatorial (IRE),Mr D. McGill,7,Noel C. Kelly,PU,N/A,7,11-7t1,118,True,1,19
Down Royal Racing Results | 3rd June 2022 19:10,N/A,19:10,Good (Good To Yielding In Places),2m 4f 80y,Curious Times (IRE),Peter Carberry,0,Stuart Crawford,PU,N/A,9,11-4t,115,True,1,19
Down Royal Racing Results | 3rd June 2022 19:10,N/A,19:10,Good (Good To Yielding In Places),2m 4f 80y,Cusp of Carabelli (IRE),M. M. McDonagh,7,David M. O'Brien,4th,18 l,9,11-5,116,True,1,19
Down Royal Racing Results | 3rd June 2022 19:10,N/A,19:10,Good (Good To Yielding In Places),2m 4f 80y,Turbojet,R. A. Doyle,0,Dermot Anthony McLoughlin,3rd,5 1/2 l,11,11-1tp,112,True,1,19
Down Royal Racing Results | 3rd June 2022 19:10,N/A,19:10,Good (Good To Yielding In Places),2m 4f 80y,Guiri (GER),C. G. O'Dwyer,7,Mrs J. Harrington,2nd,8 l,7,11-8p,119,True,1,19
Down Royal Racing Results | 3rd June 2022 19:10,N/A,19:10,Good (Good To Yielding In Places),2m 4f 80y,Bravo Team (IRE),J. W. Kennedy,0,Gordon Elliott,1st,N/A,6,11-2tp1,113,True,1,19
Down Royal Racing Results | 3rd June 2022 19:45,N/A,19:45,Good (Good To Yielding In Places) s I.N.H. Flat (Turf),2m 100y,Merlins Mount (IRE),B Mulligan,7,P. Mulligan,PU,N/A,4,11-2t1,-,True,1,20
Down Royal Racing Results | 3rd June 2022 19:45,N/A,19:45,Good (Good To Yielding In Places) s I.N.H. Flat (Turf),2m 100y,Lough Muckno (IRE),N. J. Ryan,7,Patrick Magee,11th,4 1/2 l,4,11-2,-,True,1,20
Down Royal Racing Results | 3rd June 2022 19:45,N/A,19:45,Good (Good To Yielding In Places) s I.N.H. Flat (Turf),2m 100y,Peekaboo Lily (IRE),Cian Chester,7,Nigel Slevin,10th,29 l,4,11-2,-,True,1,20
Down Royal Racing Results | 3rd June 2022 19:45,N/A,19:45,Good (Good To Yielding In Places) s I.N.H. Flat (Turf),2m 100y,Getaway to Spain (IRE),Mr D. McGill,7,Noel C. Kelly,9th,1 1/4 l,4,11-2t1,-,True,1,20
Down Royal Racing Results | 3rd June 2022 19:45,N/A,19:45,Good (Good To Yielding In Places) s I.N.H. Flat (Turf),2m 100y,Iconography (FR),Mr H. C. Swan,7,Gordon Elliott,8th,7 1/2 l,4,11-2,-,True,1,20
Down Royal Racing Results | 3rd June 2022 19:45,N/A,19:45,Good (Good To Yielding In Places) s I.N.H. Flat (Turf),2m 100y,Ellaria Moon (IRE),Mr C. P. Millar,7,Gordon Elliott,7th,Neck,4,11-2,-,True,1,20
Down Royal Racing Results | 3rd June 2022 19:45,N/A,19:45,Good (Good To Yielding In Places) s I.N.H. Flat (Turf),2m 100y,Our Pink Lady (IRE),Mr S. Connor,7,Stuart Crawford,6th,6 l,4,11-2t1,-,True,1,20
Down Royal Racing Results | 3rd June 2022 19:45,N/A,19:45,Good (Good To Yielding In Places) s I.N.H. Flat (Turf),2m 100y,Cash The Cheque (IRE),Mr J. Dunne,7,Anthony McCann,5th,1/2 l,4,11-2,-,True,1,20
Down Royal Racing Results | 3rd June 2022 19:45,N/A,19:45,Good (Good To Yielding In Places) s I.N.H. Flat (Turf),2m 100y,Jumping Susie (IRE),Mr B. W. Harvey,7,John McConnell,4th,10 l,4,11-2,-,True,1,20
Down Royal Racing Results | 3rd June 2022 19:45,N/A,19:45,Good (Good To Yielding In Places) s I.N.H. Flat (Turf),2m 100y,Ah Fuhgeddaboudit (IRE),Mr E. P. O'Brien,5,Denis Hogan,3rd,1/2 l,4,11-2,-,True,1,20
Down Royal Racing Results | 3rd June 2022 19:45,N/A,19:45,Good (Good To Yielding In Places) s I.N.H. Flat (Turf),2m 100y,Love At Sea (IRE),Mr John Reddington,7,Thomas Gallagher,2nd,1 l,4,11-2,-,True,1,20
Down Royal Racing Results | 3rd June 2022 19:45,N/A,19:45,Good (Good To Yielding In Places) s I.N.H. Flat (Turf),2m 100y,Champella (IRE),Mr T. P. Harney,7,Ross O'Sullivan,1st,N/A,4,11-2,-,True,1,20
Down Royal Racing Results | 3rd June 2022 19:45,N/A,19:45,Good (Good To Yielding In Places) s I.N.H. Flat (Turf),2m 100y,Merlins Mount (IRE),B Mulligan,7,P. Mulligan,PU,N/A,4,11-2t1,-,True,1,20
Down Royal Racing Results | 3rd June 2022 19:45,N/A,19:45,Good (Good To Yielding In Places) s I.N.H. Flat (Turf),2m 100y,Lough Muckno (IRE),N. J. Ryan,7,Patrick Magee,11th,4 1/2 l,4,11-2,-,True,1,20
Down Royal Racing Results | 3rd June 2022 19:45,N/A,19:45,Good (Good To Yielding In Places) s I.N.H. Flat (Turf),2m 100y,Peekaboo Lily (IRE),Cian Chester,7,Nigel Slevin,10th,29 l,4,11-2,-,True,1,20
Down Royal Racing Results | 3rd June 2022 19:45,N/A,19:45,Good (Good To Yielding In Places) s I.N.H. Flat (Turf),2m 100y,Getaway to Spain (IRE),Mr D. McGill,7,Noel C. Kelly,9th,1 1/4 l,4,11-2t1,-,True,1,20
Down Royal Racing Results | 3rd June 2022 19:45,N/A,19:45,Good (Good To Yielding In Places) s I.N.H. Flat (Turf),2m 100y,Iconography (FR),Mr H. C. Swan,7,Gordon Elliott,8th,7 1/2 l,4,11-2,-,True,1,20
Down Royal Racing Results | 3rd June 2022 19:45,N/A,19:45,Good (Good To Yielding In Places) s I.N.H. Flat (Turf),2m 100y,Ellaria Moon (IRE),Mr C. P. Millar,7,Gordon Elliott,7th,Neck,4,11-2,-,True,1,20
Down Royal Racing Results | 3rd June 2022 19:45,N/A,19:45,Good (Good To Yielding In Places) s I.N.H. Flat (Turf),2m 100y,Our Pink Lady (IRE),Mr S. Connor,7,Stuart Crawford,6th,6 l,4,11-2t1,-,True,1,20
Down Royal Racing Results | 3rd June 2022 19:45,N/A,19:45,Good (Good To Yielding In Places) s I.N.H. Flat (Turf),2m 100y,Cash The Cheque (IRE),Mr J. Dunne,7,Anthony McCann,5th,1/2 l,4,11-2,-,True,1,20
Down Royal Racing Results | 3rd June 2022 19:45,N/A,19:45,Good (Good To Yielding In Places) s I.N.H. Flat (Turf),2m 100y,Jumping Susie (IRE),Mr B. W. Harvey,7,John McConnell,4th,10 l,4,11-2,-,True,1,20
Down Royal Racing Results | 3rd June 2022 19:45,N/A,19:45,Good (Good To Yielding In Places) s I.N.H. Flat (Turf),2m 100y,Ah Fuhgeddaboudit (IRE),Mr E. P. O'Brien,5,Denis Hogan,3rd,1/2 l,4,11-2,-,True,1,20
Down Royal Racing Results | 3rd June 2022 19:45,N/A,19:45,Good (Good To Yielding In Places) s I.N.H. Flat (Turf),2m 100y,Love At Sea (IRE),Mr John Reddington,7,Thomas Gallagher,2nd,1 l,4,11-2,-,True,1,20
Down Royal Racing Results | 3rd June 2022 19:45,N/A,19:45,Good (Good To Yielding In Places) s I.N.H. Flat (Turf),2m 100y,Champella (IRE),Mr T. P. Harney,7,Ross O'Sullivan,1st,N/A,4,11-2,-,True,1,20
Down Royal Racing Results | 3rd June 2022 20:20,N/A,20:20,Good (Good To Yielding In Places)  Flat (Turf),2m 100y,A Chuisle Mo Chroi (IRE),Mr N. Gault,7,Nigel Johnston,8th,99 l,7,11-0,-,True,1,21
Down Royal Racing Results | 3rd June 2022 20:20,N/A,20:20,Good (Good To Yielding In Places)  Flat (Turf),2m 100y,Glascar More (IRE),Mr S. Connor,7,Stuart Crawford,7th,8 1/2 l,6,11-7,-,True,1,21
Down Royal Racing Results | 3rd June 2022 20:20,N/A,20:20,Good (Good To Yielding In Places)  Flat (Turf),2m 100y,Single Edition (IRE),Mr C. P. Millar,7,Nigel Slevin,6th,Neck,4,11-9,-,True,1,21
Down Royal Racing Results | 3rd June 2022 20:20,N/A,20:20,Good (Good To Yielding In Places)  Flat (Turf),2m 100y,Ballyporeen (IRE),Mr M. J. M. O'Sullivan,7,J. J. Lambe,5th,2 l,5,11-7,-,True,1,21
Down Royal Racing Results | 3rd June 2022 20:20,N/A,20:20,Good (Good To Yielding In Places)  Flat (Turf),2m 100y,Special Rate (IRE),Mr B. Dunleavy,7,Mary E Doyle,4th,9 1/2 l,5,11-7,-,True,1,21
Down Royal Racing Results | 3rd June 2022 20:20,N/A,20:20,Good (Good To Yielding In Places)  Flat (Turf),2m 100y,Dreamz (IRE),Mr J. L. Gleeson,7,Brian Nolan,3rd,4 1/4 l,5,11-0ht1,-,True,1,21
Down Royal Racing Results | 3rd June 2022 20:20,N/A,20:20,Good (Good To Yielding In Places)  Flat (Turf),2m 100y,Miss Fourie (IRE),Mr J. Dunne,7,Gavin Patrick Cromwell,2nd,3/4 l,5,11-7,-,True,1,21
Down Royal Racing Results | 3rd June 2022 20:20,N/A,20:20,Good (Good To Yielding In Places)  Flat (Turf),2m 100y,The Last Mardi (IRE),Mr H. C. Swan,7,Gordon Elliott,1st,N/A,5,12-0,-,True,1,21
Down Royal Racing Results | 3rd June 2022 20:20,N/A,20:20,Good (Good To Yielding In Places)  Flat (Turf),2m 100y,A Chuisle Mo Chroi (IRE),Mr N. Gault,7,Nigel Johnston,8th,99 l,7,11-0,-,True,1,21
Down Royal Racing Results | 3rd June 2022 20:20,N/A,20:20,Good (Good To Yielding In Places)  Flat (Turf),2m 100y,Glascar More (IRE),Mr S. Connor,7,Stuart Crawford,7th,8 1/2 l,6,11-7,-,True,1,21
Down Royal Racing Results | 3rd June 2022 20:20,N/A,20:20,Good (Good To Yielding In Places)  Flat (Turf),2m 100y,Single Edition (IRE),Mr C. P. Millar,7,Nigel Slevin,6th,Neck,4,11-9,-,True,1,21
Down Royal Racing Results | 3rd June 2022 20:20,N/A,20:20,Good (Good To Yielding In Places)  Flat (Turf),2m 100y,Ballyporeen (IRE),Mr M. J. M. O'Sullivan,7,J. J. Lambe,5th,2 l,5,11-7,-,True,1,21
Down Royal Racing Results | 3rd June 2022 20:20,N/A,20:20,Good (Good To Yielding In Places)  Flat (Turf),2m 100y,Special Rate (IRE),Mr B. Dunleavy,7,Mary E Doyle,4th,9 1/2 l,5,11-7,-,True,1,21
Down Royal Racing Results | 3rd June 2022 20:20,N/A,20:20,Good (Good To Yielding In Places)  Flat (Turf),2m 100y,Dreamz (IRE),Mr J. L. Gleeson,7,Brian Nolan,3rd,4 1/4 l,5,11-0ht1,-,True,1,21
Down Royal Racing Results | 3rd June 2022 20:20,N/A,20:20,Good (Good To Yielding In Places)  Flat (Turf),2m 100y,Miss Fourie (IRE),Mr J. Dunne,7,Gavin Patrick Cromwell,2nd,3/4 l,5,11-7,-,True,1,21
Down Royal Racing Results | 3rd June 2022 20:20,N/A,20:20,Good (Good To Yielding In Places)  Flat (Turf),2m 100y,The Last Mardi (IRE),Mr H. C. Swan,7,Gordon Elliott,1st,N/A,5,12-0,-,True,1,21
Tramore Racing Results | 3rd June 2022 17:00,N/A,17:00,Good To Yielding,1m 7f 50y,Convara (IRE),Daniel Holden,7,Donal Commins,9th,32 l,8,11-3p,105,True,1,22
Tramore Racing Results | 3rd June 2022 17:00,N/A,17:00,Good To Yielding,1m 7f 50y,Ashqar (IRE),Jack Foley,3,Declan Queally,8th,6 1/2 l,7,10-11tv,99,True,1,22
Tramore Racing Results | 3rd June 2022 17:00,N/A,17:00,Good To Yielding,1m 7f 50y,Bilbo Bagins (IRE),S. F. O'Keeffe,0,R. P. Burns,7th,2 l,13,10-0p,88,True,1,22
Tramore Racing Results | 3rd June 2022 17:00,N/A,17:00,Good To Yielding,1m 7f 50y,Clody Valley (IRE),Sean Flanagan,0,Miss Elizabeth Doyle,6th,13 l,7,10-13t,101,True,1,22
Tramore Racing Results | 3rd June 2022 17:00,N/A,17:00,Good To Yielding,1m 7f 50y,Tisadream (IRE),Rachael Blackmore,0,Henry de Bromhead,5th,7 l,7,11-7,109,True,1,22
Tramore Racing Results | 3rd June 2022 17:00,N/A,17:00,Good To Yielding,1m 7f 50y,Jack Holiday (IRE),D. J. O'Keeffe,0,John F. Gleeson,4th,1 1/2 l,8,11-7b,109,True,1,22
Tramore Racing Results | 3rd June 2022 17:00,N/A,17:00,Good To Yielding,1m 7f 50y,She Tops the Lot (IRE),C. Brassil,5,Henry de Bromhead,3rd,2 3/4 l,9,12-1t,117,True,1,22
Tramore Racing Results | 3rd June 2022 17:00,N/A,17:00,Good To Yielding,1m 7f 50y,Inagh's Gift (IRE),S. A. Mulcahy,7,Sean P. Hennessy,2nd,5 l,9,10-0p1,88,True,1,22
Tramore Racing Results | 3rd June 2022 17:00,N/A,17:00,Good To Yielding,1m 7f 50y,Mater Matuta (IRE),Jordan Colin Gainford,0,E. D. Delany,1st,N/A,6,10-0t,88,True,1,22
Tramore Racing Results | 3rd June 2022 17:00,N/A,17:00,Good To Yielding,1m 7f 50y,Convara (IRE),Daniel Holden,7,Donal Commins,9th,32 l,8,11-3p,105,True,1,22
Tramore Racing Results | 3rd June 2022 17:00,N/A,17:00,Good To Yielding,1m 7f 50y,Ashqar (IRE),Jack Foley,3,Declan Queally,8th,6 1/2 l,7,10-11tv,99,True,1,22
Tramore Racing Results | 3rd June 2022 17:00,N/A,17:00,Good To Yielding,1m 7f 50y,Bilbo Bagins (IRE),S. F. O'Keeffe,0,R. P. Burns,7th,2 l,13,10-0p,88,True,1,22
Tramore Racing Results | 3rd June 2022 17:00,N/A,17:00,Good To Yielding,1m 7f 50y,Clody Valley (IRE),Sean Flanagan,0,Miss Elizabeth Doyle,6th,13 l,7,10-13t,101,True,1,22
Tramore Racing Results | 3rd June 2022 17:00,N/A,17:00,Good To Yielding,1m 7f 50y,Tisadream (IRE),Rachael Blackmore,0,Henry de Bromhead,5th,7 l,7,11-7,109,True,1,22
Tramore Racing Results | 3rd June 2022 17:00,N/A,17:00,Good To Yielding,1m 7f 50y,Jack Holiday (IRE),D. J. O'Keeffe,0,John F. Gleeson,4th,1 1/2 l,8,11-7b,109,True,1,22
Tramore Racing Results | 3rd June 2022 17:00,N/A,17:00,Good To Yielding,1m 7f 50y,She Tops the Lot (IRE),C. Brassil,5,Henry de Bromhead,3rd,2 3/4 l,9,12-1t,117,True,1,22
Tramore Racing Results | 3rd June 2022 17:00,N/A,17:00,Good To Yielding,1m 7f 50y,Inagh's Gift (IRE),S. A. Mulcahy,7,Sean P. Hennessy,2nd,5 l,9,10-0p1,88,True,1,22
Tramore Racing Results | 3rd June 2022 17:00,N/A,17:00,Good To Yielding,1m 7f 50y,Mater Matuta (IRE),Jordan Colin Gainford,0,E. D. Delany,1st,N/A,6,10-0t,88,True,1,22
Tramore Racing Results | 3rd June 2022 17:36,N/A,17:36,Good To Yielding,2m 5f,Good World (IRE),Jack Foley,3,Eoin Griffin,PU,N/A,7,11-12,-,True,1,23
Tramore Racing Results | 3rd June 2022 17:36,N/A,17:36,Good To Yielding,2m 5f,Winding River (IRE),B. Browne,0,Oliver McKiernan,F,N/A,5,11-12t,-,True,1,23
Tramore Racing Results | 3rd June 2022 17:36,N/A,17:36,Good To Yielding,2m 5f,Tech Talk (IRE),Keith Donoghue,0,J. T. R. Dreaper,9th,4 1/2 l,7,11-12h,-,True,1,23
Tramore Racing Results | 3rd June 2022 17:36,N/A,17:36,Good To Yielding,2m 5f,Morning Skye (IRE),Richard Deegan,0,Peter John Flood,8th,15 l,7,11-12t1,-,True,1,23
Tramore Racing Results | 3rd June 2022 17:36,N/A,17:36,Good To Yielding,2m 5f,Famous Escape (IRE),D. E. Mullins,0,Ms Margaret Mullins,7th,2 l,7,11-5,-,True,1,23
Tramore Racing Results | 3rd June 2022 17:36,N/A,17:36,Good To Yielding,2m 5f,Brideswell Lad (IRE),S. F. O'Keeffe,0,Seamus Neville,6th,3 1/4 l,6,11-12,-,True,1,23
Tramore Racing Results | 3rd June 2022 17:36,N/A,17:36,Good To Yielding,2m 5f,Loughaneala Og (IRE),Phillip Enright,0,W. J. Burke,5th,7 l,7,11-5,-,True,1,23
Tramore Racing Results | 3rd June 2022 17:36,N/A,17:36,Good To Yielding,2m 5f,Coole Arcade (IRE),Rachael Blackmore,0,Henry de Bromhead,4th,18 l,8,11-12t,-,True,1,23
Tramore Racing Results | 3rd June 2022 17:36,N/A,17:36,Good To Yielding,2m 5f,Mutual Respect (IRE),Shane Fenelon,7,John Joseph Hanlon,3rd,1/2 l,6,11-12p1,-,True,1,23
Tramore Racing Results | 3rd June 2022 17:36,N/A,17:36,Good To Yielding,2m 5f,Leac an Scail Lady (IRE),D. J. O'Keeffe,0,Henry de Bromhead,2nd,3/4 l,6,11-5,-,True,1,23
Tramore Racing Results | 3rd June 2022 17:36,N/A,17:36,Good To Yielding,2m 5f,Lake Chad (IRE),B. Hayes,0,Philip Fenton,1st,N/A,7,11-12,-,True,1,23
Tramore Racing Results | 3rd June 2022 17:36,N/A,17:36,Good To Yielding,2m 5f,Good World (IRE),Jack Foley,3,Eoin Griffin,PU,N/A,7,11-12,-,True,1,23
Tramore Racing Results | 3rd June 2022 17:36,N/A,17:36,Good To Yielding,2m 5f,Winding River (IRE),B. Browne,0,Oliver McKiernan,F,N/A,5,11-12t,-,True,1,23
Tramore Racing Results | 3rd June 2022 17:36,N/A,17:36,Good To Yielding,2m 5f,Tech Talk (IRE),Keith Donoghue,0,J. T. R. Dreaper,9th,4 1/2 l,7,11-12h,-,True,1,23
Tramore Racing Results | 3rd June 2022 17:36,N/A,17:36,Good To Yielding,2m 5f,Morning Skye (IRE),Richard Deegan,0,Peter John Flood,8th,15 l,7,11-12t1,-,True,1,23
Tramore Racing Results | 3rd June 2022 17:36,N/A,17:36,Good To Yielding,2m 5f,Famous Escape (IRE),D. E. Mullins,0,Ms Margaret Mullins,7th,2 l,7,11-5,-,True,1,23
Tramore Racing Results | 3rd June 2022 17:36,N/A,17:36,Good To Yielding,2m 5f,Brideswell Lad (IRE),S. F. O'Keeffe,0,Seamus Neville,6th,3 1/4 l,6,11-12,-,True,1,23
Tramore Racing Results | 3rd June 2022 17:36,N/A,17:36,Good To Yielding,2m 5f,Loughaneala Og (IRE),Phillip Enright,0,W. J. Burke,5th,7 l,7,11-5,-,True,1,23
Tramore Racing Results | 3rd June 2022 17:36,N/A,17:36,Good To Yielding,2m 5f,Coole Arcade (IRE),Rachael Blackmore,0,Henry de Bromhead,4th,18 l,8,11-12t,-,True,1,23
Tramore Racing Results | 3rd June 2022 17:36,N/A,17:36,Good To Yielding,2m 5f,Mutual Respect (IRE),Shane Fenelon,7,John Joseph Hanlon,3rd,1/2 l,6,11-12p1,-,True,1,23
Tramore Racing Results | 3rd June 2022 17:36,N/A,17:36,Good To Yielding,2m 5f,Leac an Scail Lady (IRE),D. J. O'Keeffe,0,Henry de Bromhead,2nd,3/4 l,6,11-5,-,True,1,23
Tramore Racing Results | 3rd June 2022 17:36,N/A,17:36,Good To Yielding,2m 5f,Lake Chad (IRE),B. Hayes,0,Philip Fenton,1st,N/A,7,11-12,-,True,1,23
Tramore Racing Results | 3rd June 2022 18:11,N/A,18:11,Good To Yielding,2m 120y,Izeo (FR),Sean Flanagan,0,Miss Elizabeth Doyle,11th,25 l,4,10-13,-,True,1,24
Tramore Racing Results | 3rd June 2022 18:11,N/A,18:11,Good To Yielding,2m 120y,Cloudy Fountain (IRE),Jack Foley,3,David Harry Kelly,10th,50 l,4,10-6,-,True,1,24
Tramore Racing Results | 3rd June 2022 18:11,N/A,18:11,Good To Yielding,2m 120y,South East Star (IRE),I. J. Power,0,Eoin Doyle,9th,4 1/2 l,4,10-13,-,True,1,24
Tramore Racing Results | 3rd June 2022 18:11,N/A,18:11,Good To Yielding,2m 120y,Benz (IRE),L. P. Dempsey,0,Gordon Elliott,8th,6 1/2 l,4,10-13,-,True,1,24
Tramore Racing Results | 3rd June 2022 18:11,N/A,18:11,Good To Yielding,2m 120y,Laser Focus (IRE),D. J. O'Keeffe,0,Henry de Bromhead,7th,9 l,4,10-13t1,-,True,1,24
Tramore Racing Results | 3rd June 2022 18:11,N/A,18:11,Good To Yielding,2m 120y,Alex D,S. Fitzgerald,0,L. Young,6th,2 3/4 l,4,11-7h,-,True,1,24
Tramore Racing Results | 3rd June 2022 18:11,N/A,18:11,Good To Yielding,2m 120y,Baron Wild (IRE),Rachael Blackmore,0,Henry de Bromhead,5th,1 l,4,11-7t,-,True,1,24
Tramore Racing Results | 3rd June 2022 18:11,N/A,18:11,Good To Yielding,2m 120y,Burren Song (IRE),Mr A. P. Ryan,7,A. Slattery,4th,3/4 l,4,11-7,-,True,1,24
Tramore Racing Results | 3rd June 2022 18:11,N/A,18:11,Good To Yielding,2m 120y,Ballyquin Bay (IRE),Jordan Colin Gainford,0,Gordon Elliott,3rd,Nose,4,10-13,-,True,1,24
Tramore Racing Results | 3rd June 2022 18:11,N/A,18:11,Good To Yielding,2m 120y,Prince of Verona (USA),S. A. Mulcahy,7,Denis Hogan,2nd,4 l,4,11-7,-,True,1,24
Tramore Racing Results | 3rd June 2022 18:11,N/A,18:11,Good To Yielding,2m 120y,Eagle Terrace,Donagh Meyler,0,Denis Hogan,1st,N/A,4,10-13,-,True,1,24
Tramore Racing Results | 3rd June 2022 18:11,N/A,18:11,Good To Yielding,2m 120y,Izeo (FR),Sean Flanagan,0,Miss Elizabeth Doyle,11th,25 l,4,10-13,-,True,1,24
Tramore Racing Results | 3rd June 2022 18:11,N/A,18:11,Good To Yielding,2m 120y,Cloudy Fountain (IRE),Jack Foley,3,David Harry Kelly,10th,50 l,4,10-6,-,True,1,24
Tramore Racing Results | 3rd June 2022 18:11,N/A,18:11,Good To Yielding,2m 120y,South East Star (IRE),I. J. Power,0,Eoin Doyle,9th,4 1/2 l,4,10-13,-,True,1,24
Tramore Racing Results | 3rd June 2022 18:11,N/A,18:11,Good To Yielding,2m 120y,Benz (IRE),L. P. Dempsey,0,Gordon Elliott,8th,6 1/2 l,4,10-13,-,True,1,24
Tramore Racing Results | 3rd June 2022 18:11,N/A,18:11,Good To Yielding,2m 120y,Laser Focus (IRE),D. J. O'Keeffe,0,Henry de Bromhead,7th,9 l,4,10-13t1,-,True,1,24
Tramore Racing Results | 3rd June 2022 18:11,N/A,18:11,Good To Yielding,2m 120y,Alex D,S. Fitzgerald,0,L. Young,6th,2 3/4 l,4,11-7h,-,True,1,24
Tramore Racing Results | 3rd June 2022 18:11,N/A,18:11,Good To Yielding,2m 120y,Baron Wild (IRE),Rachael Blackmore,0,Henry de Bromhead,5th,1 l,4,11-7t,-,True,1,24
Tramore Racing Results | 3rd June 2022 18:11,N/A,18:11,Good To Yielding,2m 120y,Burren Song (IRE),Mr A. P. Ryan,7,A. Slattery,4th,3/4 l,4,11-7,-,True,1,24
Tramore Racing Results | 3rd June 2022 18:11,N/A,18:11,Good To Yielding,2m 120y,Ballyquin Bay (IRE),Jordan Colin Gainford,0,Gordon Elliott,3rd,Nose,4,10-13,-,True,1,24
Tramore Racing Results | 3rd June 2022 18:11,N/A,18:11,Good To Yielding,2m 120y,Prince of Verona (USA),S. A. Mulcahy,7,Denis Hogan,2nd,4 l,4,11-7,-,True,1,24
Tramore Racing Results | 3rd June 2022 18:11,N/A,18:11,Good To Yielding,2m 120y,Eagle Terrace,Donagh Meyler,0,Denis Hogan,1st,N/A,4,10-13,-,True,1,24
Tramore Racing Results | 3rd June 2022 18:46,N/A,18:46,Good To Yielding,2m 120y,Ardamir (FR),D. J. O'Keeffe,0,P. F. O'Donnell,9th,18 l,10,12-0p,116,True,1,25
Tramore Racing Results | 3rd June 2022 18:46,N/A,18:46,Good To Yielding,2m 120y,Scalino (IRE),Mr T. Hamilton,0,Louise G. Lyons,8th,34 l,6,11-12,114,True,1,25
Tramore Racing Results | 3rd June 2022 18:46,N/A,18:46,Good To Yielding,2m 120y,One Last Tango (IRE),L. P. Dempsey,0,Eoin Griffin,7th,6 1/2 l,5,11-5,107,True,1,25
Tramore Racing Results | 3rd June 2022 18:46,N/A,18:46,Good To Yielding,2m 120y,Crescent Lake,Jack Foley,3,Terence O'Brien,6th,1/2 l,5,10-9t1,97,True,1,25
Tramore Racing Results | 3rd June 2022 18:46,N/A,18:46,Good To Yielding,2m 120y,Feel Des Mottes (FR),Sean Flanagan,0,Miss Elizabeth Doyle,5th,Short Head,7,11-4h,106,True,1,25
Tramore Racing Results | 3rd June 2022 18:46,N/A,18:46,Good To Yielding,2m 120y,Craic Eile (IRE),C. M. Quirke,7,David Kenneth Budds,4th,5 1/2 l,5,11-11t,113,True,1,25
Tramore Racing Results | 3rd June 2022 18:46,N/A,18:46,Good To Yielding,2m 120y,Name Me Famous (IRE),Richard Deegan,0,Eoin Christopher McCarthy,3rd,7 l,6,11-6tp,108,True,1,25
Tramore Racing Results | 3rd June 2022 18:46,N/A,18:46,Good To Yielding,2m 120y,Tom Mcgreevy (IRE),J. P. O'Sullivan,5,Miss Elizabeth Doyle,2nd,2 l,7,11-9ht,111,True,1,25
Tramore Racing Results | 3rd June 2022 18:46,N/A,18:46,Good To Yielding,2m 120y,Wild Shot,S. Fitzgerald,5,John McConnell,1st,N/A,8,12-0t,116,True,1,25
Tramore Racing Results | 3rd June 2022 18:46,N/A,18:46,Good To Yielding,2m 120y,Ardamir (FR),D. J. O'Keeffe,0,P. F. O'Donnell,9th,18 l,10,12-0p,116,True,1,25
Tramore Racing Results | 3rd June 2022 18:46,N/A,18:46,Good To Yielding,2m 120y,Scalino (IRE),Mr T. Hamilton,0,Louise G. Lyons,8th,34 l,6,11-12,114,True,1,25
Tramore Racing Results | 3rd June 2022 18:46,N/A,18:46,Good To Yielding,2m 120y,One Last Tango (IRE),L. P. Dempsey,0,Eoin Griffin,7th,6 1/2 l,5,11-5,107,True,1,25
Tramore Racing Results | 3rd June 2022 18:46,N/A,18:46,Good To Yielding,2m 120y,Crescent Lake,Jack Foley,3,Terence O'Brien,6th,1/2 l,5,10-9t1,97,True,1,25
Tramore Racing Results | 3rd June 2022 18:46,N/A,18:46,Good To Yielding,2m 120y,Feel Des Mottes (FR),Sean Flanagan,0,Miss Elizabeth Doyle,5th,Short Head,7,11-4h,106,True,1,25
Tramore Racing Results | 3rd June 2022 18:46,N/A,18:46,Good To Yielding,2m 120y,Craic Eile (IRE),C. M. Quirke,7,David Kenneth Budds,4th,5 1/2 l,5,11-11t,113,True,1,25
Tramore Racing Results | 3rd June 2022 18:46,N/A,18:46,Good To Yielding,2m 120y,Name Me Famous (IRE),Richard Deegan,0,Eoin Christopher McCarthy,3rd,7 l,6,11-6tp,108,True,1,25
Tramore Racing Results | 3rd June 2022 18:46,N/A,18:46,Good To Yielding,2m 120y,Tom Mcgreevy (IRE),J. P. O'Sullivan,5,Miss Elizabeth Doyle,2nd,2 l,7,11-9ht,111,True,1,25
Tramore Racing Results | 3rd June 2022 18:46,N/A,18:46,Good To Yielding,2m 120y,Wild Shot,S. Fitzgerald,5,John McConnell,1st,N/A,8,12-0t,116,True,1,25
Tramore Racing Results | 3rd June 2022 19:21,N/A,19:21,Good To Yielding,2m 5f 30y,Steak and Onions (IRE),Richard Deegan,0,Eoin Christopher McCarthy,UR,N/A,7,11-7p,-,True,1,26
Tramore Racing Results | 3rd June 2022 19:21,N/A,19:21,Good To Yielding,2m 5f 30y,Lady Whistledown (USA),Daniel Holden,7,Steve Jones,PU,N/A,5,11-7p1,-,True,1,26
Tramore Racing Results | 3rd June 2022 19:21,N/A,19:21,Good To Yielding,2m 5f 30y,Celine R (IRE),P. T. Smithers,7,Mark Fahey,PU,N/A,5,11-7,-,True,1,26
Tramore Racing Results | 3rd June 2022 19:21,N/A,19:21,Good To Yielding,2m 5f 30y,Monnie Shanahan (IRE),I. J. Power,0,Declan Queally,12th,14 l,5,11-7,-,True,1,26
Tramore Racing Results | 3rd June 2022 19:21,N/A,19:21,Good To Yielding,2m 5f 30y,Magic Conqueror (IRE),D. J. O'Keeffe,0,Michael G. Kennedy,11th,24 l,5,11-7,-,True,1,26
Tramore Racing Results | 3rd June 2022 19:21,N/A,19:21,Good To Yielding,2m 5f 30y,Conor's Gift (IRE),S. F. O'Keeffe,0,Colin Motherway,10th,12 l,6,11-7,-,True,1,26
Tramore Racing Results | 3rd June 2022 19:21,N/A,19:21,Good To Yielding,2m 5f 30y,Some Woman (IRE),Rachael Blackmore,0,Sean Thomas Doyle,9th,15 l,6,11-7,-,True,1,26
Tramore Racing Results | 3rd June 2022 19:21,N/A,19:21,Good To Yielding,2m 5f 30y,Susie Miller (IRE),Phillip Enright,0,S. Curling,8th,1 1/4 l,6,11-7h,-,True,1,26
Tramore Racing Results | 3rd June 2022 19:21,N/A,19:21,Good To Yielding,2m 5f 30y,What An Ocean (IRE),Jordan Colin Gainford,0,Gordon Elliott,7th,2 1/2 l,6,11-7,-,True,1,26
Tramore Racing Results | 3rd June 2022 19:21,N/A,19:21,Good To Yielding,2m 5f 30y,Diamondinthemud (IRE),Conor Orr,0,Nigel Slevin,6th,17 l,6,11-7,-,True,1,26
Tramore Racing Results | 3rd June 2022 19:21,N/A,19:21,Good To Yielding,2m 5f 30y,It'saleader (IRE),Sean Flanagan,0,Garrett James Power,5th,3/4 l,6,11-7,-,True,1,26
Tramore Racing Results | 3rd June 2022 19:21,N/A,19:21,Good To Yielding,2m 5f 30y,Maska Du Morvan (FR),Gearoid Patrick Brouder,5,Mary E Doyle,4th,12 l,5,11-7,-,True,1,26
Tramore Racing Results | 3rd June 2022 19:21,N/A,19:21,Good To Yielding,2m 5f 30y,Clairmc (IRE),Keith Donoghue,0,Gavin Patrick Cromwell,3rd,1 l,5,11-7,-,True,1,26
Tramore Racing Results | 3rd June 2022 19:21,N/A,19:21,Good To Yielding,2m 5f 30y,Shannon Glory (IRE),S. Fitzgerald,0,Paul Power,2nd,10 l,5,11-7,-,True,1,26
Tramore Racing Results | 3rd June 2022 19:21,N/A,19:21,Good To Yielding,2m 5f 30y,Highland Penny (IRE),Jack Foley,0,R. P. Cody,1st,N/A,6,11-7b,-,True,1,26
Tramore Racing Results | 3rd June 2022 19:21,N/A,19:21,Good To Yielding,2m 5f 30y,Steak and Onions (IRE),Richard Deegan,0,Eoin Christopher McCarthy,UR,N/A,7,11-7p,-,True,1,26
Tramore Racing Results | 3rd June 2022 19:21,N/A,19:21,Good To Yielding,2m 5f 30y,Lady Whistledown (USA),Daniel Holden,7,Steve Jones,PU,N/A,5,11-7p1,-,True,1,26
Tramore Racing Results | 3rd June 2022 19:21,N/A,19:21,Good To Yielding,2m 5f 30y,Celine R (IRE),P. T. Smithers,7,Mark Fahey,PU,N/A,5,11-7,-,True,1,26
Tramore Racing Results | 3rd June 2022 19:21,N/A,19:21,Good To Yielding,2m 5f 30y,Monnie Shanahan (IRE),I. J. Power,0,Declan Queally,12th,14 l,5,11-7,-,True,1,26
Tramore Racing Results | 3rd June 2022 19:21,N/A,19:21,Good To Yielding,2m 5f 30y,Magic Conqueror (IRE),D. J. O'Keeffe,0,Michael G. Kennedy,11th,24 l,5,11-7,-,True,1,26
Tramore Racing Results | 3rd June 2022 19:21,N/A,19:21,Good To Yielding,2m 5f 30y,Conor's Gift (IRE),S. F. O'Keeffe,0,Colin Motherway,10th,12 l,6,11-7,-,True,1,26
Tramore Racing Results | 3rd June 2022 19:21,N/A,19:21,Good To Yielding,2m 5f 30y,Some Woman (IRE),Rachael Blackmore,0,Sean Thomas Doyle,9th,15 l,6,11-7,-,True,1,26
Tramore Racing Results | 3rd June 2022 19:21,N/A,19:21,Good To Yielding,2m 5f 30y,Susie Miller (IRE),Phillip Enright,0,S. Curling,8th,1 1/4 l,6,11-7h,-,True,1,26
Tramore Racing Results | 3rd June 2022 19:21,N/A,19:21,Good To Yielding,2m 5f 30y,What An Ocean (IRE),Jordan Colin Gainford,0,Gordon Elliott,7th,2 1/2 l,6,11-7,-,True,1,26
Tramore Racing Results | 3rd June 2022 19:21,N/A,19:21,Good To Yielding,2m 5f 30y,Diamondinthemud (IRE),Conor Orr,0,Nigel Slevin,6th,17 l,6,11-7,-,True,1,26
Tramore Racing Results | 3rd June 2022 19:21,N/A,19:21,Good To Yielding,2m 5f 30y,It'saleader (IRE),Sean Flanagan,0,Garrett James Power,5th,3/4 l,6,11-7,-,True,1,26
Tramore Racing Results | 3rd June 2022 19:21,N/A,19:21,Good To Yielding,2m 5f 30y,Maska Du Morvan (FR),Gearoid Patrick Brouder,5,Mary E Doyle,4th,12 l,5,11-7,-,True,1,26
Tramore Racing Results | 3rd June 2022 19:21,N/A,19:21,Good To Yielding,2m 5f 30y,Clairmc (IRE),Keith Donoghue,0,Gavin Patrick Cromwell,3rd,1 l,5,11-7,-,True,1,26
Tramore Racing Results | 3rd June 2022 19:21,N/A,19:21,Good To Yielding,2m 5f 30y,Shannon Glory (IRE),S. Fitzgerald,0,Paul Power,2nd,10 l,5,11-7,-,True,1,26
Tramore Racing Results | 3rd June 2022 19:21,N/A,19:21,Good To Yielding,2m 5f 30y,Highland Penny (IRE),Jack Foley,0,R. P. Cody,1st,N/A,6,11-7b,-,True,1,26
Tramore Racing Results | 3rd June 2022 19:56,N/A,19:56,Good To Yielding,2m 5f 30y,Trouble and Strife (IRE),Jack Foley,3,Eoin Doyle,PU,N/A,7,12-0tb,95,True,1,27
Tramore Racing Results | 3rd June 2022 19:56,N/A,19:56,Good To Yielding,2m 5f 30y,Duke Otto (IRE),S. Fitzgerald,5,Patrick J. Flynn,PU,N/A,4,11-5,92,True,1,27
Tramore Racing Results | 3rd June 2022 19:56,N/A,19:56,Good To Yielding,2m 5f 30y,Another Star (IRE),Mr J. P. Kirwan,7,Declan Queally,PU,N/A,5,11-5,86,True,1,27
Tramore Racing Results | 3rd June 2022 19:56,N/A,19:56,Good To Yielding,2m 5f 30y,Gibbet Hill (IRE),S. F. O'Keeffe,0,Anthony John Black,PU,N/A,8,11-3,84,True,1,27
Tramore Racing Results | 3rd June 2022 19:56,N/A,19:56,Good To Yielding,2m 5f 30y,Port Luna (IRE),Mr C. Smithers,7,Ms Helen P. Markham,PU,N/A,6,10-13,80,True,1,27
Tramore Racing Results | 3rd June 2022 19:56,N/A,19:56,Good To Yielding,2m 5f 30y,Elliedee (IRE),Jordan Colin Gainford,0,David Kenneth Budds,F,N/A,5,11-4b1,85,True,1,27
Tramore Racing Results | 3rd June 2022 19:56,N/A,19:56,Good To Yielding,2m 5f 30y,Miss Oriental (IRE),Richard Deegan,0,Eoin Christopher McCarthy,10th,61 l,6,10-13b,80,True,1,27
Tramore Racing Results | 3rd June 2022 19:56,N/A,19:56,Good To Yielding,2m 5f 30y,Finnians Row (IRE),C. D. Maxwell,0,Dermot Anthony McLoughlin,9th,13 l,6,11-11t,92,True,1,27
Tramore Racing Results | 3rd June 2022 19:56,N/A,19:56,Good To Yielding,2m 5f 30y,Westernerona (IRE),Sean Flanagan,0,Garrett James Power,8th,4 1/4 l,7,11-12p,93,True,1,27
Tramore Racing Results | 3rd June 2022 19:56,N/A,19:56,Good To Yielding,2m 5f 30y,Ballycastle Brat (IRE),T. N. Brett,7,L. Young,7th,3 1/4 l,5,11-4t1,85,True,1,27
Tramore Racing Results | 3rd June 2022 19:56,N/A,19:56,Good To Yielding,2m 5f 30y,No Way Pedro (IRE),I. J. Power,0,Michael Butler,6th,4 3/4 l,8,10-13,80,True,1,27
Tramore Racing Results | 3rd June 2022 19:56,N/A,19:56,Good To Yielding,2m 5f 30y,Well Polly (IRE),D. J. O'Keeffe,0,Miss J. M. Lee,5th,7 1/2 l,8,10-13p1,80,True,1,27
Tramore Racing Results | 3rd June 2022 19:56,N/A,19:56,Good To Yielding,2m 5f 30y,Emancipator (IRE),A. M. McCurtin,3,Terence O'Brien,4th,Head,6,11-8b,89,True,1,27
Tramore Racing Results | 3rd June 2022 19:56,N/A,19:56,Good To Yielding,2m 5f 30y,Ocojohn (IRE),B. J. Cooper,0,Thomas Cooper,3rd,2 3/4 l,5,11-13,94,True,1,27
Tramore Racing Results | 3rd June 2022 19:56,N/A,19:56,Good To Yielding,2m 5f 30y,Eric Carmen (IRE),Phillip Enright,0,Eoin Doyle,2nd,2 l,6,11-3,84,True,1,27
Tramore Racing Results | 3rd June 2022 19:56,N/A,19:56,Good To Yielding,2m 5f 30y,Frazel Express (IRE),Donagh Meyler,0,James M. Barcoe,1st,N/A,10,11-9,90,True,1,27
Tramore Racing Results | 3rd June 2022 19:56,N/A,19:56,Good To Yielding,2m 5f 30y,Trouble and Strife (IRE),Jack Foley,3,Eoin Doyle,PU,N/A,7,12-0tb,95,True,1,27
Tramore Racing Results | 3rd June 2022 19:56,N/A,19:56,Good To Yielding,2m 5f 30y,Duke Otto (IRE),S. Fitzgerald,5,Patrick J. Flynn,PU,N/A,4,11-5,92,True,1,27
Tramore Racing Results | 3rd June 2022 19:56,N/A,19:56,Good To Yielding,2m 5f 30y,Another Star (IRE),Mr J. P. Kirwan,7,Declan Queally,PU,N/A,5,11-5,86,True,1,27
Tramore Racing Results | 3rd June 2022 19:56,N/A,19:56,Good To Yielding,2m 5f 30y,Gibbet Hill (IRE),S. F. O'Keeffe,0,Anthony John Black,PU,N/A,8,11-3,84,True,1,27
Tramore Racing Results | 3rd June 2022 19:56,N/A,19:56,Good To Yielding,2m 5f 30y,Port Luna (IRE),Mr C. Smithers,7,Ms Helen P. Markham,PU,N/A,6,10-13,80,True,1,27
Tramore Racing Results | 3rd June 2022 19:56,N/A,19:56,Good To Yielding,2m 5f 30y,Elliedee (IRE),Jordan Colin Gainford,0,David Kenneth Budds,F,N/A,5,11-4b1,85,True,1,27
Tramore Racing Results | 3rd June 2022 19:56,N/A,19:56,Good To Yielding,2m 5f 30y,Miss Oriental (IRE),Richard Deegan,0,Eoin Christopher McCarthy,10th,61 l,6,10-13b,80,True,1,27
Tramore Racing Results | 3rd June 2022 19:56,N/A,19:56,Good To Yielding,2m 5f 30y,Finnians Row (IRE),C. D. Maxwell,0,Dermot Anthony McLoughlin,9th,13 l,6,11-11t,92,True,1,27
Tramore Racing Results | 3rd June 2022 19:56,N/A,19:56,Good To Yielding,2m 5f 30y,Westernerona (IRE),Sean Flanagan,0,Garrett James Power,8th,4 1/4 l,7,11-12p,93,True,1,27
Tramore Racing Results | 3rd June 2022 19:56,N/A,19:56,Good To Yielding,2m 5f 30y,Ballycastle Brat (IRE),T. N. Brett,7,L. Young,7th,3 1/4 l,5,11-4t1,85,True,1,27
Tramore Racing Results | 3rd June 2022 19:56,N/A,19:56,Good To Yielding,2m 5f 30y,No Way Pedro (IRE),I. J. Power,0,Michael Butler,6th,4 3/4 l,8,10-13,80,True,1,27
Tramore Racing Results | 3rd June 2022 19:56,N/A,19:56,Good To Yielding,2m 5f 30y,Well Polly (IRE),D. J. O'Keeffe,0,Miss J. M. Lee,5th,7 1/2 l,8,10-13p1,80,True,1,27
Tramore Racing Results | 3rd June 2022 19:56,N/A,19:56,Good To Yielding,2m 5f 30y,Emancipator (IRE),A. M. McCurtin,3,Terence O'Brien,4th,Head,6,11-8b,89,True,1,27
Tramore Racing Results | 3rd June 2022 19:56,N/A,19:56,Good To Yielding,2m 5f 30y,Ocojohn (IRE),B. J. Cooper,0,Thomas Cooper,3rd,2 3/4 l,5,11-13,94,True,1,27
Tramore Racing Results | 3rd June 2022 19:56,N/A,19:56,Good To Yielding,2m 5f 30y,Eric Carmen (IRE),Phillip Enright,0,Eoin Doyle,2nd,2 l,6,11-3,84,True,1,27
Tramore Racing Results | 3rd June 2022 19:56,N/A,19:56,Good To Yielding,2m 5f 30y,Frazel Express (IRE),Donagh Meyler,0,James M. Barcoe,1st,N/A,10,11-9,90,True,1,27
Tramore Racing Results | 3rd June 2022 20:30,N/A,20:30,Good To Yielding  Flat (Turf),2m 120y,El Nido (IRE),Ms S. C. McNamara,7,Turlough O'Connor,12th,17 l,7,12-0,-,True,1,28
Tramore Racing Results | 3rd June 2022 20:30,N/A,20:30,Good To Yielding  Flat (Turf),2m 120y,Lighthouse Dandy (IRE),Ms N. A. Kane,7,Eoin Christopher McCarthy,11th,56 l,5,12-0,-,True,1,28
Tramore Racing Results | 3rd June 2022 20:30,N/A,20:30,Good To Yielding  Flat (Turf),2m 120y,Valamar (IRE),Miss L. S. Howard,7,Timothy Townend,10th,3 1/4 l,6,11-7ht1,-,True,1,28
Tramore Racing Results | 3rd June 2022 20:30,N/A,20:30,Good To Yielding  Flat (Turf),2m 120y,Rathkenty Light (IRE),Ms Stacey Kidd,7,Mark Fahey,9th,7 l,6,11-7,-,True,1,28
Tramore Racing Results | 3rd June 2022 20:30,N/A,20:30,Good To Yielding  Flat (Turf),2m 120y,Linden Blaze (IRE),Miss J. Walton,7,R. P. Rath,8th,15 l,5,12-0,-,True,1,28
Tramore Racing Results | 3rd June 2022 20:30,N/A,20:30,Good To Yielding  Flat (Turf),2m 120y,Angelsworknovrtime (IRE),Miss M. O'Sullivan,5,James Andrew Fahey,7th,21 l,6,11-7ht,-,True,1,28
Tramore Racing Results | 3rd June 2022 20:30,N/A,20:30,Good To Yielding  Flat (Turf),2m 120y,Ko Kate (IRE),Miss A. B. O'Connor,5,Ray Hackett,6th,1/2 l,5,11-7,-,True,1,28
Tramore Racing Results | 3rd June 2022 20:30,N/A,20:30,Good To Yielding  Flat (Turf),2m 120y,Our Uncle Jack (IRE),Miss S. M. Doyle,7,Martin Paul Fitzgerald,5th,1/2 l,6,12-0,-,True,1,28
Tramore Racing Results | 3rd June 2022 20:30,N/A,20:30,Good To Yielding  Flat (Turf),2m 120y,Polo Lounge (IRE),Miss J. Townend,5,W. P. Mullins,4th,18 l,5,12-0,-,True,1,28
Tramore Racing Results | 3rd June 2022 20:30,N/A,20:30,Good To Yielding  Flat (Turf),2m 120y,New Sheriff (IRE),Miss R. Murphy,7,Brian Nolan,3rd,1/2 l,6,12-0t1,-,True,1,28
Tramore Racing Results | 3rd June 2022 20:30,N/A,20:30,Good To Yielding  Flat (Turf),2m 120y,Moresby Buoy (IRE),Miss T. Quail,7,Dermot P. O'Brien,2nd,9 l,5,12-0,-,True,1,28
Tramore Racing Results | 3rd June 2022 20:30,N/A,20:30,Good To Yielding  Flat (Turf),2m 120y,The Friday Man,Ms Lisa O'Neill,0,Gordon Elliott,1st,N/A,5,12-0,-,True,1,28
Tramore Racing Results | 3rd June 2022 20:30,N/A,20:30,Good To Yielding  Flat (Turf),2m 120y,El Nido (IRE),Ms S. C. McNamara,7,Turlough O'Connor,12th,17 l,7,12-0,-,True,1,28
Tramore Racing Results | 3rd June 2022 20:30,N/A,20:30,Good To Yielding  Flat (Turf),2m 120y,Lighthouse Dandy (IRE),Ms N. A. Kane,7,Eoin Christopher McCarthy,11th,56 l,5,12-0,-,True,1,28
Tramore Racing Results | 3rd June 2022 20:30,N/A,20:30,Good To Yielding  Flat (Turf),2m 120y,Valamar (IRE),Miss L. S. Howard,7,Timothy Townend,10th,3 1/4 l,6,11-7ht1,-,True,1,28
Tramore Racing Results | 3rd June 2022 20:30,N/A,20:30,Good To Yielding  Flat (Turf),2m 120y,Rathkenty Light (IRE),Ms Stacey Kidd,7,Mark Fahey,9th,7 l,6,11-7,-,True,1,28
Tramore Racing Results | 3rd June 2022 20:30,N/A,20:30,Good To Yielding  Flat (Turf),2m 120y,Linden Blaze (IRE),Miss J. Walton,7,R. P. Rath,8th,15 l,5,12-0,-,True,1,28
Tramore Racing Results | 3rd June 2022 20:30,N/A,20:30,Good To Yielding  Flat (Turf),2m 120y,Angelsworknovrtime (IRE),Miss M. O'Sullivan,5,James Andrew Fahey,7th,21 l,6,11-7ht,-,True,1,28
Tramore Racing Results | 3rd June 2022 20:30,N/A,20:30,Good To Yielding  Flat (Turf),2m 120y,Ko Kate (IRE),Miss A. B. O'Connor,5,Ray Hackett,6th,1/2 l,5,11-7,-,True,1,28
Tramore Racing Results | 3rd June 2022 20:30,N/A,20:30,Good To Yielding  Flat (Turf),2m 120y,Our Uncle Jack (IRE),Miss S. M. Doyle,7,Martin Paul Fitzgerald,5th,1/2 l,6,12-0,-,True,1,28
Tramore Racing Results | 3rd June 2022 20:30,N/A,20:30,Good To Yielding  Flat (Turf),2m 120y,Polo Lounge (IRE),Miss J. Townend,5,W. P. Mullins,4th,18 l,5,12-0,-,True,1,28
Tramore Racing Results | 3rd June 2022 20:30,N/A,20:30,Good To Yielding  Flat (Turf),2m 120y,New Sheriff (IRE),Miss R. Murphy,7,Brian Nolan,3rd,1/2 l,6,12-0t1,-,True,1,28
Tramore Racing Results | 3rd June 2022 20:30,N/A,20:30,Good To Yielding  Flat (Turf),2m 120y,Moresby Buoy (IRE),Miss T. Quail,7,Dermot P. O'Brien,2nd,9 l,5,12-0,-,True,1,28
Tramore Racing Results | 3rd June 2022 20:30,N/A,20:30,Good To Yielding  Flat (Turf),2m 120y,The Friday Man,Ms Lisa O'Neill,0,Gordon Elliott,1st,N/A,5,12-0,-,True,1,28
Tramore Racing Results | 4th June 2022 12:45,N/A,12:45,Yielding (Good In Places),2m 175y,Ask the Chimneys (IRE),Phillip Enright,0,Leonard Paul Flynn,PU,N/A,5,11-4,-,True,1,29
Tramore Racing Results | 4th June 2022 12:45,N/A,12:45,Yielding (Good In Places),2m 175y,Ballard Prince (IRE),Mr J. Aherne,7,Eoghan O'Grady,10th,57 l,5,11-4t1,-,True,1,29
Tramore Racing Results | 4th June 2022 12:45,N/A,12:45,Yielding (Good In Places),2m 175y,Duhallow Rainbow (IRE),D. J. O'Keeffe,0,Eoghan O'Grady,9th,6 1/2 l,5,11-4t1,-,True,1,29
Tramore Racing Results | 4th June 2022 12:45,N/A,12:45,Yielding (Good In Places),2m 175y,Elusive Gigolo (IRE),J. W. Kennedy,0,Gordon Elliott,8th,7 l,6,11-4,-,True,1,29
Tramore Racing Results | 4th June 2022 12:45,N/A,12:45,Yielding (Good In Places),2m 175y,Western Australia (IRE),R. A. Doyle,0,John Halley,7th,Head,6,11-12t,-,True,1,29
Tramore Racing Results | 4th June 2022 12:45,N/A,12:45,Yielding (Good In Places),2m 175y,Gallic Boy (IRE),S. F. O'Keeffe,0,John O. Clifford,6th,3 l,7,11-4,-,True,1,29
Tramore Racing Results | 4th June 2022 12:45,N/A,12:45,Yielding (Good In Places),2m 175y,Brown Monday (FR),Shane Fenelon,7,John Joseph Hanlon,5th,4 l,5,11-4,-,True,1,29
Tramore Racing Results | 4th June 2022 12:45,N/A,12:45,Yielding (Good In Places),2m 175y,Milan Echo (IRE),I. J. Power,0,Vincent Laurence Halley,4th,6 1/2 l,6,11-4t,-,True,1,29
Tramore Racing Results | 4th June 2022 12:45,N/A,12:45,Yielding (Good In Places),2m 175y,Freddie Robdal (IRE),Rachael Blackmore,0,Henry de Bromhead,3rd,3 l,5,11-4,-,True,1,29
Tramore Racing Results | 4th June 2022 12:45,N/A,12:45,Yielding (Good In Places),2m 175y,Tudor Manor (IRE),G. B. Noonan,0,Patrick J. Flynn,2nd,1 1/4 l,6,11-4,-,True,1,29
Tramore Racing Results | 4th June 2022 12:45,N/A,12:45,Yielding (Good In Places),2m 175y,Churchtown Ruby (IRE),Jack Foley,3,Declan Queally,1st,N/A,5,10-11h,-,True,1,29
Tramore Racing Results | 4th June 2022 12:45,N/A,12:45,Yielding (Good In Places),2m 175y,Ask the Chimneys (IRE),Phillip Enright,0,Leonard Paul Flynn,PU,N/A,5,11-4,-,True,1,29
Tramore Racing Results | 4th June 2022 12:45,N/A,12:45,Yielding (Good In Places),2m 175y,Ballard Prince (IRE),Mr J. Aherne,7,Eoghan O'Grady,10th,57 l,5,11-4t1,-,True,1,29
Tramore Racing Results | 4th June 2022 12:45,N/A,12:45,Yielding (Good In Places),2m 175y,Duhallow Rainbow (IRE),D. J. O'Keeffe,0,Eoghan O'Grady,9th,6 1/2 l,5,11-4t1,-,True,1,29
Tramore Racing Results | 4th June 2022 12:45,N/A,12:45,Yielding (Good In Places),2m 175y,Elusive Gigolo (IRE),J. W. Kennedy,0,Gordon Elliott,8th,7 l,6,11-4,-,True,1,29
Tramore Racing Results | 4th June 2022 12:45,N/A,12:45,Yielding (Good In Places),2m 175y,Western Australia (IRE),R. A. Doyle,0,John Halley,7th,Head,6,11-12t,-,True,1,29
Tramore Racing Results | 4th June 2022 12:45,N/A,12:45,Yielding (Good In Places),2m 175y,Gallic Boy (IRE),S. F. O'Keeffe,0,John O. Clifford,6th,3 l,7,11-4,-,True,1,29
Tramore Racing Results | 4th June 2022 12:45,N/A,12:45,Yielding (Good In Places),2m 175y,Brown Monday (FR),Shane Fenelon,7,John Joseph Hanlon,5th,4 l,5,11-4,-,True,1,29
Tramore Racing Results | 4th June 2022 12:45,N/A,12:45,Yielding (Good In Places),2m 175y,Milan Echo (IRE),I. J. Power,0,Vincent Laurence Halley,4th,6 1/2 l,6,11-4t,-,True,1,29
Tramore Racing Results | 4th June 2022 12:45,N/A,12:45,Yielding (Good In Places),2m 175y,Freddie Robdal (IRE),Rachael Blackmore,0,Henry de Bromhead,3rd,3 l,5,11-4,-,True,1,29
Tramore Racing Results | 4th June 2022 12:45,N/A,12:45,Yielding (Good In Places),2m 175y,Tudor Manor (IRE),G. B. Noonan,0,Patrick J. Flynn,2nd,1 1/4 l,6,11-4,-,True,1,29
Tramore Racing Results | 4th June 2022 12:45,N/A,12:45,Yielding (Good In Places),2m 175y,Churchtown Ruby (IRE),Jack Foley,3,Declan Queally,1st,N/A,5,10-11h,-,True,1,29
Tramore Racing Results | 4th June 2022 13:15,N/A,13:15,Yielding (Good In Places),2m 175y,Fairytale Bliss (IRE),Conor Orr,0,Nigel Slevin,13th,6 1/2 l,7,11-9,90,True,1,30
Tramore Racing Results | 4th June 2022 13:15,N/A,13:15,Yielding (Good In Places),2m 175y,Lilian Bland (IRE),S. Fitzgerald,5,Niall Patrick Hennessy,12th,4 1/4 l,6,11-6h,87,True,1,30
Tramore Racing Results | 4th June 2022 13:15,N/A,13:15,Yielding (Good In Places),2m 175y,Caddy Shack (IRE),Mr J. P. Berry,7,J. A. Berry,11th,2 1/4 l,8,11-7,88,True,1,30
Tramore Racing Results | 4th June 2022 13:15,N/A,13:15,Yielding (Good In Places),2m 175y,Shamad (IRE),S. O'Callaghan,7,Nigel Slevin,10th,4 1/4 l,8,11-13,94,True,1,30
Tramore Racing Results | 4th June 2022 13:15,N/A,13:15,Yielding (Good In Places),2m 175y,Grinn (IRE),Sean Flanagan,0,David M. O'Brien,9th,2 3/4 l,6,11-0tp,81,True,1,30
Tramore Racing Results | 4th June 2022 13:15,N/A,13:15,Yielding (Good In Places),2m 175y,Morepowertoya (FR),D. J. O'Keeffe,0,Paul Power,8th,4 l,4,11-4,90,True,1,30
Tramore Racing Results | 4th June 2022 13:15,N/A,13:15,Yielding (Good In Places),2m 175y,Darkest Hour (IRE),Phillip Enright,0,Mark McNiff,7th,4 1/4 l,5,11-9t,90,True,1,30
Tramore Racing Results | 4th June 2022 13:15,N/A,13:15,Yielding (Good In Places),2m 175y,Hard Target (IRE),R. A. Doyle,0,David Harry Kelly,6th,5 l,5,11-3,84,True,1,30
Tramore Racing Results | 4th June 2022 13:15,N/A,13:15,Yielding (Good In Places),2m 175y,Caridadi (IRE),B. Hayes,0,J. Morrison,5th,9 1/2 l,11,11-6,87,True,1,30
Tramore Racing Results | 4th June 2022 13:15,N/A,13:15,Yielding (Good In Places),2m 175y,Breagagh (IRE),Mr N. Gault,7,S. Michael Millar,4th,1/2 l,4,11-9,95,True,1,30
Tramore Racing Results | 4th June 2022 13:15,N/A,13:15,Yielding (Good In Places),2m 175y,Moonlit Sea,D. E. Mullins,0,W. J. Lanigan,3rd,2 3/4 l,6,11-2,83,True,1,30
Tramore Racing Results | 4th June 2022 13:15,N/A,13:15,Yielding (Good In Places),2m 175y,He's Leading Me on (IRE),C. P. McNamara,0,L. Young,2nd,Neck,5,11-2t,83,True,1,30
Tramore Racing Results | 4th June 2022 13:15,N/A,13:15,Yielding (Good In Places),2m 175y,Stilyker (IRE),P. Townend,0,W. P. Mullins,1st,N/A,6,11-11,92,True,1,30
Tramore Racing Results | 4th June 2022 13:15,N/A,13:15,Yielding (Good In Places),2m 175y,Fairytale Bliss (IRE),Conor Orr,0,Nigel Slevin,13th,6 1/2 l,7,11-9,90,True,1,30
Tramore Racing Results | 4th June 2022 13:15,N/A,13:15,Yielding (Good In Places),2m 175y,Lilian Bland (IRE),S. Fitzgerald,5,Niall Patrick Hennessy,12th,4 1/4 l,6,11-6h,87,True,1,30
Tramore Racing Results | 4th June 2022 13:15,N/A,13:15,Yielding (Good In Places),2m 175y,Caddy Shack (IRE),Mr J. P. Berry,7,J. A. Berry,11th,2 1/4 l,8,11-7,88,True,1,30
Tramore Racing Results | 4th June 2022 13:15,N/A,13:15,Yielding (Good In Places),2m 175y,Shamad (IRE),S. O'Callaghan,7,Nigel Slevin,10th,4 1/4 l,8,11-13,94,True,1,30
Tramore Racing Results | 4th June 2022 13:15,N/A,13:15,Yielding (Good In Places),2m 175y,Grinn (IRE),Sean Flanagan,0,David M. O'Brien,9th,2 3/4 l,6,11-0tp,81,True,1,30
Tramore Racing Results | 4th June 2022 13:15,N/A,13:15,Yielding (Good In Places),2m 175y,Morepowertoya (FR),D. J. O'Keeffe,0,Paul Power,8th,4 l,4,11-4,90,True,1,30
Tramore Racing Results | 4th June 2022 13:15,N/A,13:15,Yielding (Good In Places),2m 175y,Darkest Hour (IRE),Phillip Enright,0,Mark McNiff,7th,4 1/4 l,5,11-9t,90,True,1,30
Tramore Racing Results | 4th June 2022 13:15,N/A,13:15,Yielding (Good In Places),2m 175y,Hard Target (IRE),R. A. Doyle,0,David Harry Kelly,6th,5 l,5,11-3,84,True,1,30
Tramore Racing Results | 4th June 2022 13:15,N/A,13:15,Yielding (Good In Places),2m 175y,Caridadi (IRE),B. Hayes,0,J. Morrison,5th,9 1/2 l,11,11-6,87,True,1,30
Tramore Racing Results | 4th June 2022 13:15,N/A,13:15,Yielding (Good In Places),2m 175y,Breagagh (IRE),Mr N. Gault,7,S. Michael Millar,4th,1/2 l,4,11-9,95,True,1,30
Tramore Racing Results | 4th June 2022 13:15,N/A,13:15,Yielding (Good In Places),2m 175y,Moonlit Sea,D. E. Mullins,0,W. J. Lanigan,3rd,2 3/4 l,6,11-2,83,True,1,30
Tramore Racing Results | 4th June 2022 13:15,N/A,13:15,Yielding (Good In Places),2m 175y,He's Leading Me on (IRE),C. P. McNamara,0,L. Young,2nd,Neck,5,11-2t,83,True,1,30
Tramore Racing Results | 4th June 2022 13:15,N/A,13:15,Yielding (Good In Places),2m 175y,Stilyker (IRE),P. Townend,0,W. P. Mullins,1st,N/A,6,11-11,92,True,1,30
Tramore Racing Results | 4th June 2022 13:50,N/A,13:50,Yielding (Good In Places),2m 5f 120y,Fainche (IRE),Philip Donovan,5,E. Sheehy,PU,N/A,5,11-5,-,True,1,31
Tramore Racing Results | 4th June 2022 13:50,N/A,13:50,Yielding (Good In Places),2m 5f 120y,Devils Cape,Jordan Colin Gainford,0,Gordon Elliott,PU,N/A,4,11-6,-,True,1,31
Tramore Racing Results | 4th June 2022 13:50,N/A,13:50,Yielding (Good In Places),2m 5f 120y,Maybenextyear (IRE),Patrick O'Hanlon,5,Paul Stafford,PU,N/A,6,11-12b1,-,True,1,31
Tramore Racing Results | 4th June 2022 13:50,N/A,13:50,Yielding (Good In Places),2m 5f 120y,Cheerful Chap (IRE),Jack Foley,3,N. Dooly,PU,N/A,5,11-12,-,True,1,31
Tramore Racing Results | 4th June 2022 13:50,N/A,13:50,Yielding (Good In Places),2m 5f 120y,Ask the Bishop (IRE),J. J. Slevin,0,Michael Butler,9th,19 l,5,11-12p1,-,True,1,31
Tramore Racing Results | 4th June 2022 13:50,N/A,13:50,Yielding (Good In Places),2m 5f 120y,Bob The Builder (IRE),B. Hayes,0,Sean Thomas Doyle,8th,4 3/4 l,5,11-12,-,True,1,31
Tramore Racing Results | 4th June 2022 13:50,N/A,13:50,Yielding (Good In Places),2m 5f 120y,Mr Brogue (IRE),S. O'Callaghan,7,Seamus Braddish,7th,11 l,6,11-12p1,-,True,1,31
Tramore Racing Results | 4th June 2022 13:50,N/A,13:50,Yielding (Good In Places),2m 5f 120y,Breffni Brave (IRE),J. W. Kennedy,0,Gordon Elliott,6th,13 l,5,11-12,-,True,1,31
Tramore Racing Results | 4th June 2022 13:50,N/A,13:50,Yielding (Good In Places),2m 5f 120y,Sarsfield (IRE),S. Fitzgerald,5,John Patrick Ryan,5th,17 l,5,11-12,-,True,1,31
Tramore Racing Results | 4th June 2022 13:50,N/A,13:50,Yielding (Good In Places),2m 5f 120y,Jetango (IRE),Donagh Meyler,0,Kieran Purcell,4th,3 1/2 l,6,11-12t,-,True,1,31
Tramore Racing Results | 4th June 2022 13:50,N/A,13:50,Yielding (Good In Places),2m 5f 120y,One More Lass (IRE),I. J. Power,0,Ms M. Flynn,3rd,3 l,8,11-5h1,-,True,1,31
Tramore Racing Results | 4th June 2022 13:50,N/A,13:50,Yielding (Good In Places),2m 5f 120y,Frontier General (IRE),Rachael Blackmore,0,Henry de Bromhead,2nd,3 1/2 l,5,11-12tp1,-,True,1,31
Tramore Racing Results | 4th June 2022 13:50,N/A,13:50,Yielding (Good In Places),2m 5f 120y,Maciver (IRE),Phillip Enright,0,Eoghan O'Grady,1st,N/A,5,11-12tp1,-,True,1,31
Tramore Racing Results | 4th June 2022 13:50,N/A,13:50,Yielding (Good In Places),2m 5f 120y,Fainche (IRE),Philip Donovan,5,E. Sheehy,PU,N/A,5,11-5,-,True,1,31
Tramore Racing Results | 4th June 2022 13:50,N/A,13:50,Yielding (Good In Places),2m 5f 120y,Devils Cape,Jordan Colin Gainford,0,Gordon Elliott,PU,N/A,4,11-6,-,True,1,31
Tramore Racing Results | 4th June 2022 13:50,N/A,13:50,Yielding (Good In Places),2m 5f 120y,Maybenextyear (IRE),Patrick O'Hanlon,5,Paul Stafford,PU,N/A,6,11-12b1,-,True,1,31
Tramore Racing Results | 4th June 2022 13:50,N/A,13:50,Yielding (Good In Places),2m 5f 120y,Cheerful Chap (IRE),Jack Foley,3,N. Dooly,PU,N/A,5,11-12,-,True,1,31
Tramore Racing Results | 4th June 2022 13:50,N/A,13:50,Yielding (Good In Places),2m 5f 120y,Ask the Bishop (IRE),J. J. Slevin,0,Michael Butler,9th,19 l,5,11-12p1,-,True,1,31
Tramore Racing Results | 4th June 2022 13:50,N/A,13:50,Yielding (Good In Places),2m 5f 120y,Bob The Builder (IRE),B. Hayes,0,Sean Thomas Doyle,8th,4 3/4 l,5,11-12,-,True,1,31
Tramore Racing Results | 4th June 2022 13:50,N/A,13:50,Yielding (Good In Places),2m 5f 120y,Mr Brogue (IRE),S. O'Callaghan,7,Seamus Braddish,7th,11 l,6,11-12p1,-,True,1,31
Tramore Racing Results | 4th June 2022 13:50,N/A,13:50,Yielding (Good In Places),2m 5f 120y,Breffni Brave (IRE),J. W. Kennedy,0,Gordon Elliott,6th,13 l,5,11-12,-,True,1,31
Tramore Racing Results | 4th June 2022 13:50,N/A,13:50,Yielding (Good In Places),2m 5f 120y,Sarsfield (IRE),S. Fitzgerald,5,John Patrick Ryan,5th,17 l,5,11-12,-,True,1,31
Tramore Racing Results | 4th June 2022 13:50,N/A,13:50,Yielding (Good In Places),2m 5f 120y,Jetango (IRE),Donagh Meyler,0,Kieran Purcell,4th,3 1/2 l,6,11-12t,-,True,1,31
Tramore Racing Results | 4th June 2022 13:50,N/A,13:50,Yielding (Good In Places),2m 5f 120y,One More Lass (IRE),I. J. Power,0,Ms M. Flynn,3rd,3 l,8,11-5h1,-,True,1,31
Tramore Racing Results | 4th June 2022 13:50,N/A,13:50,Yielding (Good In Places),2m 5f 120y,Frontier General (IRE),Rachael Blackmore,0,Henry de Bromhead,2nd,3 1/2 l,5,11-12tp1,-,True,1,31
Tramore Racing Results | 4th June 2022 13:50,N/A,13:50,Yielding (Good In Places),2m 5f 120y,Maciver (IRE),Phillip Enright,0,Eoghan O'Grady,1st,N/A,5,11-12tp1,-,True,1,31
Tramore Racing Results | 4th June 2022 14:25,N/A,14:25,Yielding (Good In Places),2m 5f 120y,Goldwin Magic (FR),Jack Foley,0,David A. Kiely,PU,N/A,8,11-10,105,True,1,32
Tramore Racing Results | 4th June 2022 14:25,N/A,14:25,Yielding (Good In Places),2m 5f 120y,Game And Glory (IRE),J. P. O'Sullivan,5,P. J. Rothwell,11th,4 3/4 l,6,11-1,96,True,1,32
Tramore Racing Results | 4th June 2022 14:25,N/A,14:25,Yielding (Good In Places),2m 5f 120y,Quins Court (IRE),D. J. O'Keeffe,0,Patrick J. Duffy,10th,34 l,6,10-0,95,True,1,32
Tramore Racing Results | 4th June 2022 14:25,N/A,14:25,Yielding (Good In Places),2m 5f 120y,Supreme Vinnie (IRE),Rachael Blackmore,0,Miss D. M. O'Shea,9th,3 3/4 l,13,11-7t,102,True,1,32
Tramore Racing Results | 4th June 2022 14:25,N/A,14:25,Yielding (Good In Places),2m 5f 120y,Rose Of Kalanisi (IRE),C. D. Maxwell,0,Paul Stafford,8th,1/2 l,5,11-2,97,True,1,32
Tramore Racing Results | 4th June 2022 14:25,N/A,14:25,Yielding (Good In Places),2m 5f 120y,Kells Priory (IRE),R. J. Condon,7,Louise G. Lyons,7th,1 3/4 l,5,11-10,105,True,1,32
Tramore Racing Results | 4th June 2022 14:25,N/A,14:25,Yielding (Good In Places),2m 5f 120y,Miss Louise (IRE),Kieran Callaghan,7,E. Sheehy,6th,1 1/4 l,7,10-0,95,True,1,32
Tramore Racing Results | 4th June 2022 14:25,N/A,14:25,Yielding (Good In Places),2m 5f 120y,Where's Bunny (IRE),Jordan Colin Gainford,0,N. Dooly,5th,1/2 l,7,11-0,95,True,1,32
Tramore Racing Results | 4th June 2022 14:25,N/A,14:25,Yielding (Good In Places),2m 5f 120y,Steppenwolf (FR),L. P. Dempsey,0,Gavin Patrick Cromwell,4th,1 3/4 l,4,11-3,104,True,1,32
Tramore Racing Results | 4th June 2022 14:25,N/A,14:25,Yielding (Good In Places),2m 5f 120y,Rips Dream (IRE),G. B. Noonan,0,Patrick J. Flynn,3rd,2 3/4 l,7,11-9,104,True,1,32
Tramore Racing Results | 4th June 2022 14:25,N/A,14:25,Yielding (Good In Places),2m 5f 120y,Garcon Doux (IRE),B. Hayes,0,Philip Fenton,2nd,3 3/4 l,6,12-0,109,True,1,32
Tramore Racing Results | 4th June 2022 14:25,N/A,14:25,Yielding (Good In Places),2m 5f 120y,Kingston Retreat,D. E. Mullins,0,Sean O. O'Brien,1st,N/A,7,11-11,106,True,1,32
Tramore Racing Results | 4th June 2022 14:25,N/A,14:25,Yielding (Good In Places),2m 5f 120y,Goldwin Magic (FR),Jack Foley,0,David A. Kiely,PU,N/A,8,11-10,105,True,1,32
Tramore Racing Results | 4th June 2022 14:25,N/A,14:25,Yielding (Good In Places),2m 5f 120y,Game And Glory (IRE),J. P. O'Sullivan,5,P. J. Rothwell,11th,4 3/4 l,6,11-1,96,True,1,32
Tramore Racing Results | 4th June 2022 14:25,N/A,14:25,Yielding (Good In Places),2m 5f 120y,Quins Court (IRE),D. J. O'Keeffe,0,Patrick J. Duffy,10th,34 l,6,10-0,95,True,1,32
Tramore Racing Results | 4th June 2022 14:25,N/A,14:25,Yielding (Good In Places),2m 5f 120y,Supreme Vinnie (IRE),Rachael Blackmore,0,Miss D. M. O'Shea,9th,3 3/4 l,13,11-7t,102,True,1,32
Tramore Racing Results | 4th June 2022 14:25,N/A,14:25,Yielding (Good In Places),2m 5f 120y,Rose Of Kalanisi (IRE),C. D. Maxwell,0,Paul Stafford,8th,1/2 l,5,11-2,97,True,1,32
Tramore Racing Results | 4th June 2022 14:25,N/A,14:25,Yielding (Good In Places),2m 5f 120y,Kells Priory (IRE),R. J. Condon,7,Louise G. Lyons,7th,1 3/4 l,5,11-10,105,True,1,32
Tramore Racing Results | 4th June 2022 14:25,N/A,14:25,Yielding (Good In Places),2m 5f 120y,Miss Louise (IRE),Kieran Callaghan,7,E. Sheehy,6th,1 1/4 l,7,10-0,95,True,1,32
Tramore Racing Results | 4th June 2022 14:25,N/A,14:25,Yielding (Good In Places),2m 5f 120y,Where's Bunny (IRE),Jordan Colin Gainford,0,N. Dooly,5th,1/2 l,7,11-0,95,True,1,32
Tramore Racing Results | 4th June 2022 14:25,N/A,14:25,Yielding (Good In Places),2m 5f 120y,Steppenwolf (FR),L. P. Dempsey,0,Gavin Patrick Cromwell,4th,1 3/4 l,4,11-3,104,True,1,32
Tramore Racing Results | 4th June 2022 14:25,N/A,14:25,Yielding (Good In Places),2m 5f 120y,Rips Dream (IRE),G. B. Noonan,0,Patrick J. Flynn,3rd,2 3/4 l,7,11-9,104,True,1,32
Tramore Racing Results | 4th June 2022 14:25,N/A,14:25,Yielding (Good In Places),2m 5f 120y,Garcon Doux (IRE),B. Hayes,0,Philip Fenton,2nd,3 3/4 l,6,12-0,109,True,1,32
Tramore Racing Results | 4th June 2022 14:25,N/A,14:25,Yielding (Good In Places),2m 5f 120y,Kingston Retreat,D. E. Mullins,0,Sean O. O'Brien,1st,N/A,7,11-11,106,True,1,32
Tramore Racing Results | 4th June 2022 15:00,N/A,15:00,Yielding (Good In Places),1m 7f 100y,Raven Rule (IRE),D. J. O'Keeffe,0,W. J. Burke,UR,N/A,7,11-7,-,True,1,33
Tramore Racing Results | 4th June 2022 15:00,N/A,15:00,Yielding (Good In Places),1m 7f 100y,Our Nancy (IRE),A. M. McCurtin,3,P. J. Hassett,F,N/A,6,11-7,-,True,1,33
Tramore Racing Results | 4th June 2022 15:00,N/A,15:00,Yielding (Good In Places),1m 7f 100y,Kilcarry View (IRE),Philip Donovan,5,John Patrick Ryan,9th,44 l,9,11-7,-,True,1,33
Tramore Racing Results | 4th June 2022 15:00,N/A,15:00,Yielding (Good In Places),1m 7f 100y,Hide and Seek (FR),Rachael Blackmore,0,Henry de Bromhead,8th,1 3/4 l,5,11-7t,-,True,1,33
Tramore Racing Results | 4th June 2022 15:00,N/A,15:00,Yielding (Good In Places),1m 7f 100y,Quarry Lil (IRE),Phillip Enright,0,Paul O'Flynn,7th,12 l,8,11-7,-,True,1,33
Tramore Racing Results | 4th June 2022 15:00,N/A,15:00,Yielding (Good In Places),1m 7f 100y,Good As Hell (IRE),B. Hayes,0,Philip Fenton,6th,4 l,7,11-7b,-,True,1,33
Tramore Racing Results | 4th June 2022 15:00,N/A,15:00,Yielding (Good In Places),1m 7f 100y,Reverse Polarity (IRE),Richard Deegan,0,Mark Fahey,5th,4 l,7,11-7,-,True,1,33
Tramore Racing Results | 4th June 2022 15:00,N/A,15:00,Yielding (Good In Places),1m 7f 100y,Will You Win (IRE),S. Fitzgerald,5,Oliver McKiernan,4th,1 1/4 l,7,11-7tp,-,True,1,33
Tramore Racing Results | 4th June 2022 15:00,N/A,15:00,Yielding (Good In Places),1m 7f 100y,Influential Lady (IRE),Kieran Callaghan,7,James M. Barcoe,3rd,1/2 l,8,11-7,-,True,1,33
Tramore Racing Results | 4th June 2022 15:00,N/A,15:00,Yielding (Good In Places),1m 7f 100y,Mighty Meggsie (IRE),S. F. O'Keeffe,0,Mrs J. Harrington,2nd,14 l,6,11-7h,-,True,1,33
Tramore Racing Results | 4th June 2022 15:00,N/A,15:00,Yielding (Good In Places),1m 7f 100y,Mi Lighthouse (IRE),P. Townend,0,W. P. Mullins,1st,N/A,8,11-7,-,True,1,33
Tramore Racing Results | 4th June 2022 15:00,N/A,15:00,Yielding (Good In Places),1m 7f 100y,Raven Rule (IRE),D. J. O'Keeffe,0,W. J. Burke,UR,N/A,7,11-7,-,True,1,33
Tramore Racing Results | 4th June 2022 15:00,N/A,15:00,Yielding (Good In Places),1m 7f 100y,Our Nancy (IRE),A. M. McCurtin,3,P. J. Hassett,F,N/A,6,11-7,-,True,1,33
Tramore Racing Results | 4th June 2022 15:00,N/A,15:00,Yielding (Good In Places),1m 7f 100y,Kilcarry View (IRE),Philip Donovan,5,John Patrick Ryan,9th,44 l,9,11-7,-,True,1,33
Tramore Racing Results | 4th June 2022 15:00,N/A,15:00,Yielding (Good In Places),1m 7f 100y,Hide and Seek (FR),Rachael Blackmore,0,Henry de Bromhead,8th,1 3/4 l,5,11-7t,-,True,1,33
Tramore Racing Results | 4th June 2022 15:00,N/A,15:00,Yielding (Good In Places),1m 7f 100y,Quarry Lil (IRE),Phillip Enright,0,Paul O'Flynn,7th,12 l,8,11-7,-,True,1,33
Tramore Racing Results | 4th June 2022 15:00,N/A,15:00,Yielding (Good In Places),1m 7f 100y,Good As Hell (IRE),B. Hayes,0,Philip Fenton,6th,4 l,7,11-7b,-,True,1,33
Tramore Racing Results | 4th June 2022 15:00,N/A,15:00,Yielding (Good In Places),1m 7f 100y,Reverse Polarity (IRE),Richard Deegan,0,Mark Fahey,5th,4 l,7,11-7,-,True,1,33
Tramore Racing Results | 4th June 2022 15:00,N/A,15:00,Yielding (Good In Places),1m 7f 100y,Will You Win (IRE),S. Fitzgerald,5,Oliver McKiernan,4th,1 1/4 l,7,11-7tp,-,True,1,33
Tramore Racing Results | 4th June 2022 15:00,N/A,15:00,Yielding (Good In Places),1m 7f 100y,Influential Lady (IRE),Kieran Callaghan,7,James M. Barcoe,3rd,1/2 l,8,11-7,-,True,1,33
Tramore Racing Results | 4th June 2022 15:00,N/A,15:00,Yielding (Good In Places),1m 7f 100y,Mighty Meggsie (IRE),S. F. O'Keeffe,0,Mrs J. Harrington,2nd,14 l,6,11-7h,-,True,1,33
Tramore Racing Results | 4th June 2022 15:00,N/A,15:00,Yielding (Good In Places),1m 7f 100y,Mi Lighthouse (IRE),P. Townend,0,W. P. Mullins,1st,N/A,8,11-7,-,True,1,33
Tramore Racing Results | 4th June 2022 15:35,N/A,15:35,Yielding (Good In Places),2m 5f 50y,Bolbec (FR),Shane Fenelon,7,John Joseph Hanlon,PU,N/A,8,12-0,106,True,1,34
Tramore Racing Results | 4th June 2022 15:35,N/A,15:35,Yielding (Good In Places),2m 5f 50y,Grangeclare Native (IRE),D. J. O'Keeffe,0,Oliver McKiernan,10th,26 l,7,12-0tb,106,True,1,34
Tramore Racing Results | 4th June 2022 15:35,N/A,15:35,Yielding (Good In Places),2m 5f 50y,Ardaghs Choice (IRE),K. C. Sexton,0,E. Sheehy,9th,5 1/2 l,7,11-10,102,True,1,34
Tramore Racing Results | 4th June 2022 15:35,N/A,15:35,Yielding (Good In Places),2m 5f 50y,Double Windsor (IRE),Sean Flanagan,0,David M. O'Brien,8th,5 l,10,10-10b,88,True,1,34
Tramore Racing Results | 4th June 2022 15:35,N/A,15:35,Yielding (Good In Places),2m 5f 50y,Shes Some Doll (IRE),K. E. Buckley,5,Gavin Patrick Cromwell,7th,4 1/4 l,7,11-7t,99,True,1,34
Tramore Racing Results | 4th June 2022 15:35,N/A,15:35,Yielding (Good In Places),2m 5f 50y,Shantou Sisu (IRE),N. T. Prendergast,7,W. J. Lanigan,6th,3 l,10,10-13,91,True,1,34
Tramore Racing Results | 4th June 2022 15:35,N/A,15:35,Yielding (Good In Places),2m 5f 50y,Imperial View (IRE),Rachael Blackmore,0,Henry de Bromhead,5th,4 l,7,11-10tp,102,True,1,34
Tramore Racing Results | 4th June 2022 15:35,N/A,15:35,Yielding (Good In Places),2m 5f 50y,Walking The Walk (IRE),S. F. O'Keeffe,0,P. J. Rothwell,4th,5 1/2 l,7,10-4t,82,True,1,34
Tramore Racing Results | 4th June 2022 15:35,N/A,15:35,Yielding (Good In Places),2m 5f 50y,Singing Banjo (IRE),Mr B. J. Walsh,7,P. J. Rothwell,3rd,4 1/4 l,12,10-10p,88,True,1,34
Tramore Racing Results | 4th June 2022 15:35,N/A,15:35,Yielding (Good In Places),2m 5f 50y,Malina Girl (IRE),Keith Donoghue,0,Gavin Patrick Cromwell,2nd,5 1/2 l,5,11-13,105,True,1,34
Tramore Racing Results | 4th June 2022 15:35,N/A,15:35,Yielding (Good In Places),2m 5f 50y,Bitview Colin (IRE),D. E. Mullins,0,John Patrick Ryan,1st,N/A,11,10-5b,83,True,1,34
Tramore Racing Results | 4th June 2022 15:35,N/A,15:35,Yielding (Good In Places),2m 5f 50y,Bolbec (FR),Shane Fenelon,7,John Joseph Hanlon,PU,N/A,8,12-0,106,True,1,34
Tramore Racing Results | 4th June 2022 15:35,N/A,15:35,Yielding (Good In Places),2m 5f 50y,Grangeclare Native (IRE),D. J. O'Keeffe,0,Oliver McKiernan,10th,26 l,7,12-0tb,106,True,1,34
Tramore Racing Results | 4th June 2022 15:35,N/A,15:35,Yielding (Good In Places),2m 5f 50y,Ardaghs Choice (IRE),K. C. Sexton,0,E. Sheehy,9th,5 1/2 l,7,11-10,102,True,1,34
Tramore Racing Results | 4th June 2022 15:35,N/A,15:35,Yielding (Good In Places),2m 5f 50y,Double Windsor (IRE),Sean Flanagan,0,David M. O'Brien,8th,5 l,10,10-10b,88,True,1,34
Tramore Racing Results | 4th June 2022 15:35,N/A,15:35,Yielding (Good In Places),2m 5f 50y,Shes Some Doll (IRE),K. E. Buckley,5,Gavin Patrick Cromwell,7th,4 1/4 l,7,11-7t,99,True,1,34
Tramore Racing Results | 4th June 2022 15:35,N/A,15:35,Yielding (Good In Places),2m 5f 50y,Shantou Sisu (IRE),N. T. Prendergast,7,W. J. Lanigan,6th,3 l,10,10-13,91,True,1,34
Tramore Racing Results | 4th June 2022 15:35,N/A,15:35,Yielding (Good In Places),2m 5f 50y,Imperial View (IRE),Rachael Blackmore,0,Henry de Bromhead,5th,4 l,7,11-10tp,102,True,1,34
Tramore Racing Results | 4th June 2022 15:35,N/A,15:35,Yielding (Good In Places),2m 5f 50y,Walking The Walk (IRE),S. F. O'Keeffe,0,P. J. Rothwell,4th,5 1/2 l,7,10-4t,82,True,1,34
Tramore Racing Results | 4th June 2022 15:35,N/A,15:35,Yielding (Good In Places),2m 5f 50y,Singing Banjo (IRE),Mr B. J. Walsh,7,P. J. Rothwell,3rd,4 1/4 l,12,10-10p,88,True,1,34
Tramore Racing Results | 4th June 2022 15:35,N/A,15:35,Yielding (Good In Places),2m 5f 50y,Malina Girl (IRE),Keith Donoghue,0,Gavin Patrick Cromwell,2nd,5 1/2 l,5,11-13,105,True,1,34
Tramore Racing Results | 4th June 2022 15:35,N/A,15:35,Yielding (Good In Places),2m 5f 50y,Bitview Colin (IRE),D. E. Mullins,0,John Patrick Ryan,1st,N/A,11,10-5b,83,True,1,34
Tramore Racing Results | 4th June 2022 16:10,N/A,16:10,Yielding (Good In Places)  Flat (Turf),2m 175y,Kilbeg Rocco (IRE),Mr Pat Taaffe,7,John Queally,S,N/A,5,11-11,-,True,1,35
Tramore Racing Results | 4th June 2022 16:10,N/A,16:10,Yielding (Good In Places)  Flat (Turf),2m 175y,Aeroplane Peggy (IRE),Mr P. J. Cody,7,Kieran Purcell,12th,99 l,5,11-11tp1,-,True,1,35
Tramore Racing Results | 4th June 2022 16:10,N/A,16:10,Yielding (Good In Places)  Flat (Turf),2m 175y,Zela Bella (IRE),Mr L. Burke-Ott,7,Michael Winters,11th,3/4 l,5,11-11,-,True,1,35
Tramore Racing Results | 4th June 2022 16:10,N/A,16:10,Yielding (Good In Places)  Flat (Turf),2m 175y,Golden Gem (IRE),Mr J. L. Gleeson,7,Colin Motherway,10th,34 l,4,11-6t1,-,True,1,35
Tramore Racing Results | 4th June 2022 16:10,N/A,16:10,Yielding (Good In Places)  Flat (Turf),2m 175y,Molly Hall (IRE),Mr H. D. Dunne,5,Barry Fitzgerald,9th,17 l,4,11-6,-,True,1,35
Tramore Racing Results | 4th June 2022 16:10,N/A,16:10,Yielding (Good In Places)  Flat (Turf),2m 175y,Cruisin Susan (IRE),Mr R. A. Berry,7,J. A. Berry,8th,6 1/2 l,5,11-11,-,True,1,35
Tramore Racing Results | 4th June 2022 16:10,N/A,16:10,Yielding (Good In Places)  Flat (Turf),2m 175y,Presenting J (IRE),Mr M. J. M. O'Sullivan,7,Michael G. Kennedy,7th,4 1/4 l,5,11-11,-,True,1,35
Tramore Racing Results | 4th June 2022 16:10,N/A,16:10,Yielding (Good In Places)  Flat (Turf),2m 175y,Trishknowsbest (IRE),Mr J. Dunne,7,Andrew Lynch,6th,1 1/2 l,5,11-11h,-,True,1,35
Tramore Racing Results | 4th June 2022 16:10,N/A,16:10,Yielding (Good In Places)  Flat (Turf),2m 175y,Visible Attraction (IRE),Mr H. C. Swan,7,Gordon Elliott,5th,4 l,5,11-11,-,True,1,35
Tramore Racing Results | 4th June 2022 16:10,N/A,16:10,Yielding (Good In Places)  Flat (Turf),2m 175y,Bambeano (IRE),Mr P. A. King,5,Mark Fahey,4th,5 l,5,11-11,-,True,1,35
Tramore Racing Results | 4th June 2022 16:10,N/A,16:10,Yielding (Good In Places)  Flat (Turf),2m 175y,State Of Honor (IRE),Mr T. P. Harney,7,Ross O'Sullivan,3rd,3 l,5,11-11,-,True,1,35
Tramore Racing Results | 4th June 2022 16:10,N/A,16:10,Yielding (Good In Places)  Flat (Turf),2m 175y,Princess Sophia (IRE),Mr T. Hamilton,0,Ms Margaret Mullins,2nd,7 l,5,11-11p1,-,True,1,35
Tramore Racing Results | 4th June 2022 16:10,N/A,16:10,Yielding (Good In Places)  Flat (Turf),2m 175y,Quel Reve (IRE),Miss J. Townend,5,W. P. Mullins,1st,N/A,5,11-11,-,True,1,35
Tramore Racing Results | 4th June 2022 16:10,N/A,16:10,Yielding (Good In Places)  Flat (Turf),2m 175y,Kilbeg Rocco (IRE),Mr Pat Taaffe,7,John Queally,S,N/A,5,11-11,-,True,1,35
Tramore Racing Results | 4th June 2022 16:10,N/A,16:10,Yielding (Good In Places)  Flat (Turf),2m 175y,Aeroplane Peggy (IRE),Mr P. J. Cody,7,Kieran Purcell,12th,99 l,5,11-11tp1,-,True,1,35
Tramore Racing Results | 4th June 2022 16:10,N/A,16:10,Yielding (Good In Places)  Flat (Turf),2m 175y,Zela Bella (IRE),Mr L. Burke-Ott,7,Michael Winters,11th,3/4 l,5,11-11,-,True,1,35
Tramore Racing Results | 4th June 2022 16:10,N/A,16:10,Yielding (Good In Places)  Flat (Turf),2m 175y,Golden Gem (IRE),Mr J. L. Gleeson,7,Colin Motherway,10th,34 l,4,11-6t1,-,True,1,35
Tramore Racing Results | 4th June 2022 16:10,N/A,16:10,Yielding (Good In Places)  Flat (Turf),2m 175y,Molly Hall (IRE),Mr H. D. Dunne,5,Barry Fitzgerald,9th,17 l,4,11-6,-,True,1,35
Tramore Racing Results | 4th June 2022 16:10,N/A,16:10,Yielding (Good In Places)  Flat (Turf),2m 175y,Cruisin Susan (IRE),Mr R. A. Berry,7,J. A. Berry,8th,6 1/2 l,5,11-11,-,True,1,35
Tramore Racing Results | 4th June 2022 16:10,N/A,16:10,Yielding (Good In Places)  Flat (Turf),2m 175y,Presenting J (IRE),Mr M. J. M. O'Sullivan,7,Michael G. Kennedy,7th,4 1/4 l,5,11-11,-,True,1,35
Tramore Racing Results | 4th June 2022 16:10,N/A,16:10,Yielding (Good In Places)  Flat (Turf),2m 175y,Trishknowsbest (IRE),Mr J. Dunne,7,Andrew Lynch,6th,1 1/2 l,5,11-11h,-,True,1,35
Tramore Racing Results | 4th June 2022 16:10,N/A,16:10,Yielding (Good In Places)  Flat (Turf),2m 175y,Visible Attraction (IRE),Mr H. C. Swan,7,Gordon Elliott,5th,4 l,5,11-11,-,True,1,35
Tramore Racing Results | 4th June 2022 16:10,N/A,16:10,Yielding (Good In Places)  Flat (Turf),2m 175y,Bambeano (IRE),Mr P. A. King,5,Mark Fahey,4th,5 l,5,11-11,-,True,1,35
Tramore Racing Results | 4th June 2022 16:10,N/A,16:10,Yielding (Good In Places)  Flat (Turf),2m 175y,State Of Honor (IRE),Mr T. P. Harney,7,Ross O'Sullivan,3rd,3 l,5,11-11,-,True,1,35
Tramore Racing Results | 4th June 2022 16:10,N/A,16:10,Yielding (Good In Places)  Flat (Turf),2m 175y,Princess Sophia (IRE),Mr T. Hamilton,0,Ms Margaret Mullins,2nd,7 l,5,11-11p1,-,True,1,35
Tramore Racing Results | 4th June 2022 16:10,N/A,16:10,Yielding (Good In Places)  Flat (Turf),2m 175y,Quel Reve (IRE),Miss J. Townend,5,W. P. Mullins,1st,N/A,5,11-11,-,True,1,35
Listowel Racing Results | 4th June 2022 13:05,N/A,13:05,Good,6f 60y,Lough Swilly Lass,Reserve,0,Ciaran Murphy,NR,N/A,2,8-11,-,True,1,36
Listowel Racing Results | 4th June 2022 13:05,N/A,13:05,Good,6f 60y,Alma Hermosa (IRE),D. E. Sheehy,3,E. D. Linehan,14th,9 l,2,8-11,-,True,1,36
Listowel Racing Results | 4th June 2022 13:05,N/A,13:05,Good,6f 60y,Zezul,S. B. Kelly,0,Paul Gammell,13th,Short Head,2,9-4t1,-,True,1,36
Listowel Racing Results | 4th June 2022 13:05,N/A,13:05,Good,6f 60y,Malbay Madness (IRE),James J. Doyle,0,E. D. Linehan,12th,Neck,2,9-0,-,True,1,36
Listowel Racing Results | 4th June 2022 13:05,N/A,13:05,Good,6f 60y,Slick Chick (IRE),Shane Foley,0,Mrs J. Harrington,11th,3/4 l,2,8-13,-,True,1,36
Listowel Racing Results | 4th June 2022 13:05,N/A,13:05,Good,6f 60y,Ard Mhacha (IRE),J. A. Powell,7,John Patrick Murtagh,10th,2 1/2 l,2,9-2,-,True,1,36
Listowel Racing Results | 4th June 2022 13:05,N/A,13:05,Good,6f 60y,Camilla Gherardini (IRE),L. T. McAteer,3,James M. Barrett,9th,1/2 l,2,9-1,-,True,1,36
Listowel Racing Results | 4th June 2022 13:05,N/A,13:05,Good,6f 60y,Twenty to Three (IRE),A. J. Slattery,0,David Marnane,8th,1 1/4 l,2,9-8,-,True,1,36
Listowel Racing Results | 4th June 2022 13:05,N/A,13:05,Good,6f 60y,Western Cape (IRE),G. M. Ryan,0,Donnacha Aidan O'Brien,7th,1 1/4 l,2,9-6,-,True,1,36
Listowel Racing Results | 4th June 2022 13:05,N/A,13:05,Good,6f 60y,Static Charge,G. F. Carroll,0,Joseph G. Murphy,6th,Neck,2,9-8,-,True,1,36
Listowel Racing Results | 4th June 2022 13:05,N/A,13:05,Good,6f 60y,Ooh La Belle (IRE),N. M. Crosse,3,W. McCreery,5th,Head,2,8-13,-,True,1,36
Listowel Racing Results | 4th June 2022 13:05,N/A,13:05,Good,6f 60y,Pretty Persuasion (IRE),William James Lee,0,W. McCreery,4th,3 l,2,8-13v1,-,True,1,36
Listowel Racing Results | 4th June 2022 13:05,N/A,13:05,Good,6f 60y,Reckoning Force (USA),Declan McDonogh,0,Joseph Patrick O'Brien,3rd,1/2 l,2,9-2,-,True,1,36
Listowel Racing Results | 4th June 2022 13:05,N/A,13:05,Good,6f 60y,Rumbled Again (IRE),C. T. Keane,0,Denis Hogan,2nd,1 1/4 l,2,9-6,-,True,1,36
Listowel Racing Results | 4th June 2022 13:05,N/A,13:05,Good,6f 60y,Cash Or Crypto (IRE),M. P. Sheehy,3,David Marnane,1st,N/A,2,9-6,-,True,1,36
Listowel Racing Results | 4th June 2022 13:05,N/A,13:05,Good,6f 60y,Lough Swilly Lass,Reserve,0,Ciaran Murphy,NR,N/A,2,8-11,-,True,1,36
Listowel Racing Results | 4th June 2022 13:05,N/A,13:05,Good,6f 60y,Alma Hermosa (IRE),D. E. Sheehy,3,E. D. Linehan,14th,9 l,2,8-11,-,True,1,36
Listowel Racing Results | 4th June 2022 13:05,N/A,13:05,Good,6f 60y,Zezul,S. B. Kelly,0,Paul Gammell,13th,Short Head,2,9-4t1,-,True,1,36
Listowel Racing Results | 4th June 2022 13:05,N/A,13:05,Good,6f 60y,Malbay Madness (IRE),James J. Doyle,0,E. D. Linehan,12th,Neck,2,9-0,-,True,1,36
Listowel Racing Results | 4th June 2022 13:05,N/A,13:05,Good,6f 60y,Slick Chick (IRE),Shane Foley,0,Mrs J. Harrington,11th,3/4 l,2,8-13,-,True,1,36
Listowel Racing Results | 4th June 2022 13:05,N/A,13:05,Good,6f 60y,Ard Mhacha (IRE),J. A. Powell,7,John Patrick Murtagh,10th,2 1/2 l,2,9-2,-,True,1,36
Listowel Racing Results | 4th June 2022 13:05,N/A,13:05,Good,6f 60y,Camilla Gherardini (IRE),L. T. McAteer,3,James M. Barrett,9th,1/2 l,2,9-1,-,True,1,36
Listowel Racing Results | 4th June 2022 13:05,N/A,13:05,Good,6f 60y,Twenty to Three (IRE),A. J. Slattery,0,David Marnane,8th,1 1/4 l,2,9-8,-,True,1,36
Listowel Racing Results | 4th June 2022 13:05,N/A,13:05,Good,6f 60y,Western Cape (IRE),G. M. Ryan,0,Donnacha Aidan O'Brien,7th,1 1/4 l,2,9-6,-,True,1,36
Listowel Racing Results | 4th June 2022 13:05,N/A,13:05,Good,6f 60y,Static Charge,G. F. Carroll,0,Joseph G. Murphy,6th,Neck,2,9-8,-,True,1,36
Listowel Racing Results | 4th June 2022 13:05,N/A,13:05,Good,6f 60y,Ooh La Belle (IRE),N. M. Crosse,3,W. McCreery,5th,Head,2,8-13,-,True,1,36
Listowel Racing Results | 4th June 2022 13:05,N/A,13:05,Good,6f 60y,Pretty Persuasion (IRE),William James Lee,0,W. McCreery,4th,3 l,2,8-13v1,-,True,1,36
Listowel Racing Results | 4th June 2022 13:05,N/A,13:05,Good,6f 60y,Reckoning Force (USA),Declan McDonogh,0,Joseph Patrick O'Brien,3rd,1/2 l,2,9-2,-,True,1,36
Listowel Racing Results | 4th June 2022 13:05,N/A,13:05,Good,6f 60y,Rumbled Again (IRE),C. T. Keane,0,Denis Hogan,2nd,1 1/4 l,2,9-6,-,True,1,36
Listowel Racing Results | 4th June 2022 13:05,N/A,13:05,Good,6f 60y,Cash Or Crypto (IRE),M. P. Sheehy,3,David Marnane,1st,N/A,2,9-6,-,True,1,36
Listowel Racing Results | 4th June 2022 13:40,N/A,13:40,Good,6f 60y,Pulse Of Shanghai (IRE),C. J. MacRedmond,5,Adrian McGuinness,10th,1/2 l,6,9-13p,77,True,1,37
Listowel Racing Results | 4th June 2022 13:40,N/A,13:40,Good,6f 60y,Fit for Function,Tom Kiely Marshall,7,Joseph G. Murphy,9th,Head,9,8-7,57,True,1,37
Listowel Racing Results | 4th June 2022 13:40,N/A,13:40,Good,6f 60y,Talking Tough (IRE),Declan McDonogh,0,Michael Mulvany,8th,Neck,5,8-10,60,True,1,37
Listowel Racing Results | 4th June 2022 13:40,N/A,13:40,Good,6f 60y,Mogwli (IRE),N. M. Crosse,3,W. McCreery,7th,Head,5,9-9,73,True,1,37
Listowel Racing Results | 4th June 2022 13:40,N/A,13:40,Good,6f 60y,Pretty Smart (IRE),D. B. McMonagle,0,Patrick Martin,6th,1/2 l,6,9-4,68,True,1,37
Listowel Racing Results | 4th June 2022 13:40,N/A,13:40,Good,6f 60y,The Blue Panther (IRE),G. F. Carroll,0,Michael Mulvany,5th,3/4 l,4,9-9t,73,True,1,37
Listowel Racing Results | 4th June 2022 13:40,N/A,13:40,Good,6f 60y,Mickey The Steel,Wesley Joyce,7,Joseph Anthony Murray,4th,1 1/4 l,4,10-2t,80,True,1,37
Listowel Racing Results | 4th June 2022 13:40,N/A,13:40,Good,6f 60y,Mercurial (IRE),S. D. Bowen,7,John J. Nallen,3rd,1 1/4 l,3,9-6,78,True,1,37
Listowel Racing Results | 4th June 2022 13:40,N/A,13:40,Good,6f 60y,Theriverrunsdeep (IRE),C. T. Keane,0,Seamus G. O'Donnell,2nd,1 3/4 l,6,9-5b,69,True,1,37
Listowel Racing Results | 4th June 2022 13:40,N/A,13:40,Good,6f 60y,Amirat Alward (IRE),William James Lee,0,W. McCreery,1st,N/A,3,9-4,76,True,1,37
Listowel Racing Results | 4th June 2022 13:40,N/A,13:40,Good,6f 60y,Pulse Of Shanghai (IRE),C. J. MacRedmond,5,Adrian McGuinness,10th,1/2 l,6,9-13p,77,True,1,37
Listowel Racing Results | 4th June 2022 13:40,N/A,13:40,Good,6f 60y,Fit for Function,Tom Kiely Marshall,7,Joseph G. Murphy,9th,Head,9,8-7,57,True,1,37
Listowel Racing Results | 4th June 2022 13:40,N/A,13:40,Good,6f 60y,Talking Tough (IRE),Declan McDonogh,0,Michael Mulvany,8th,Neck,5,8-10,60,True,1,37
Listowel Racing Results | 4th June 2022 13:40,N/A,13:40,Good,6f 60y,Mogwli (IRE),N. M. Crosse,3,W. McCreery,7th,Head,5,9-9,73,True,1,37
Listowel Racing Results | 4th June 2022 13:40,N/A,13:40,Good,6f 60y,Pretty Smart (IRE),D. B. McMonagle,0,Patrick Martin,6th,1/2 l,6,9-4,68,True,1,37
Listowel Racing Results | 4th June 2022 13:40,N/A,13:40,Good,6f 60y,The Blue Panther (IRE),G. F. Carroll,0,Michael Mulvany,5th,3/4 l,4,9-9t,73,True,1,37
Listowel Racing Results | 4th June 2022 13:40,N/A,13:40,Good,6f 60y,Mickey The Steel,Wesley Joyce,7,Joseph Anthony Murray,4th,1 1/4 l,4,10-2t,80,True,1,37
Listowel Racing Results | 4th June 2022 13:40,N/A,13:40,Good,6f 60y,Mercurial (IRE),S. D. Bowen,7,John J. Nallen,3rd,1 1/4 l,3,9-6,78,True,1,37
Listowel Racing Results | 4th June 2022 13:40,N/A,13:40,Good,6f 60y,Theriverrunsdeep (IRE),C. T. Keane,0,Seamus G. O'Donnell,2nd,1 3/4 l,6,9-5b,69,True,1,37
Listowel Racing Results | 4th June 2022 13:40,N/A,13:40,Good,6f 60y,Amirat Alward (IRE),William James Lee,0,W. McCreery,1st,N/A,3,9-4,76,True,1,37
Listowel Racing Results | 4th June 2022 14:15,N/A,14:15,Good,7f 15y,Mudamer (IRE),G. P. Halpin,0,Kevin Prendergast,3rd,Short Head,3,9-5t,-,True,1,38
Listowel Racing Results | 4th June 2022 14:15,N/A,14:15,Good,7f 15y,Perfect Thunder,H. J. Horgan,7,Joseph Patrick O'Brien,2nd,1 1/2 l,3,9-5,-,True,1,38
Listowel Racing Results | 4th June 2022 14:15,N/A,14:15,Good,7f 15y,Warren Beach (IRE),William James Lee,0,K. J. Condon,1st,N/A,3,9-8b,-,True,1,38
Listowel Racing Results | 4th June 2022 14:15,N/A,14:15,Good,7f 15y,Mudamer (IRE),G. P. Halpin,0,Kevin Prendergast,3rd,Short Head,3,9-5t,-,True,1,38
Listowel Racing Results | 4th June 2022 14:15,N/A,14:15,Good,7f 15y,Perfect Thunder,H. J. Horgan,7,Joseph Patrick O'Brien,2nd,1 1/2 l,3,9-5,-,True,1,38
Listowel Racing Results | 4th June 2022 14:15,N/A,14:15,Good,7f 15y,Warren Beach (IRE),William James Lee,0,K. J. Condon,1st,N/A,3,9-8b,-,True,1,38
Listowel Racing Results | 4th June 2022 14:50,N/A,14:50,Good,7f 15y,Ecoeye,J. Coen,7,Augustine Leahy,12th,5 l,10,9-3p,61,True,1,39
Listowel Racing Results | 4th June 2022 14:50,N/A,14:50,Good,7f 15y,Jenoow (IRE),A. J. Slattery,0,Liam Roche,11th,4 3/4 l,7,8-7tv1,51,True,1,39
Listowel Racing Results | 4th June 2022 14:50,N/A,14:50,Good,7f 15y,Karlsberg (IRE),C. T. Keane,0,Shane Crawley,10th,3/4 l,4,10-0,72,True,1,39
Listowel Racing Results | 4th June 2022 14:50,N/A,14:50,Good,7f 15y,High Altitude (IRE),R. C. Colgan,0,John Joseph Murphy,9th,1 3/4 l,8,9-11,69,True,1,39
Listowel Racing Results | 4th June 2022 14:50,N/A,14:50,Good,7f 15y,Miss Florentine (IRE),R. Whearty,7,Ross O'Sullivan,8th,1 1/4 l,5,9-12,70,True,1,39
Listowel Racing Results | 4th June 2022 14:50,N/A,14:50,Good,7f 15y,Trueba (IRE),Michael Beresford,10,John Patrick Murtagh,7th,3/4 l,6,10-2,74,True,1,39
Listowel Racing Results | 4th June 2022 14:50,N/A,14:50,Good,7f 15y,Bears Hug (IRE),M. A. Gallagher,0,Adrian Sexton,6th,3/4 l,4,10-0,72,True,1,39
Listowel Racing Results | 4th June 2022 14:50,N/A,14:50,Good,7f 15y,Pinball Wizard (IRE),S. D. Bowen,7,John J. Nallen,5th,3 3/4 l,4,9-7,65,True,1,39
Listowel Racing Results | 4th June 2022 14:50,N/A,14:50,Good,7f 15y,Mary Salome (IRE),D. J. Gilligan,10,Andrew Kinirons,4th,Neck,6,9-8,66,True,1,39
Listowel Racing Results | 4th June 2022 14:50,N/A,14:50,Good,7f 15y,Macadam's Rock (IRE),William James Lee,0,Miss Hilary McLoughlin,3rd,Neck,4,9-11,69,True,1,39
Listowel Racing Results | 4th June 2022 14:50,N/A,14:50,Good,7f 15y,Drombeg Duke (IRE),G. M. Ryan,0,Eoin Christopher McCarthy,2nd,1/2 l,6,10-2,74,True,1,39
Listowel Racing Results | 4th June 2022 14:50,N/A,14:50,Good,7f 15y,Bobby K (IRE),Declan McDonogh,0,Michael O'Meara,1st,N/A,7,9-11,69,True,1,39
Listowel Racing Results | 4th June 2022 14:50,N/A,14:50,Good,7f 15y,Ecoeye,J. Coen,7,Augustine Leahy,12th,5 l,10,9-3p,61,True,1,39
Listowel Racing Results | 4th June 2022 14:50,N/A,14:50,Good,7f 15y,Jenoow (IRE),A. J. Slattery,0,Liam Roche,11th,4 3/4 l,7,8-7tv1,51,True,1,39
Listowel Racing Results | 4th June 2022 14:50,N/A,14:50,Good,7f 15y,Karlsberg (IRE),C. T. Keane,0,Shane Crawley,10th,3/4 l,4,10-0,72,True,1,39
Listowel Racing Results | 4th June 2022 14:50,N/A,14:50,Good,7f 15y,High Altitude (IRE),R. C. Colgan,0,John Joseph Murphy,9th,1 3/4 l,8,9-11,69,True,1,39
Listowel Racing Results | 4th June 2022 14:50,N/A,14:50,Good,7f 15y,Miss Florentine (IRE),R. Whearty,7,Ross O'Sullivan,8th,1 1/4 l,5,9-12,70,True,1,39
Listowel Racing Results | 4th June 2022 14:50,N/A,14:50,Good,7f 15y,Trueba (IRE),Michael Beresford,10,John Patrick Murtagh,7th,3/4 l,6,10-2,74,True,1,39
Listowel Racing Results | 4th June 2022 14:50,N/A,14:50,Good,7f 15y,Bears Hug (IRE),M. A. Gallagher,0,Adrian Sexton,6th,3/4 l,4,10-0,72,True,1,39
Listowel Racing Results | 4th June 2022 14:50,N/A,14:50,Good,7f 15y,Pinball Wizard (IRE),S. D. Bowen,7,John J. Nallen,5th,3 3/4 l,4,9-7,65,True,1,39
Listowel Racing Results | 4th June 2022 14:50,N/A,14:50,Good,7f 15y,Mary Salome (IRE),D. J. Gilligan,10,Andrew Kinirons,4th,Neck,6,9-8,66,True,1,39
Listowel Racing Results | 4th June 2022 14:50,N/A,14:50,Good,7f 15y,Macadam's Rock (IRE),William James Lee,0,Miss Hilary McLoughlin,3rd,Neck,4,9-11,69,True,1,39
Listowel Racing Results | 4th June 2022 14:50,N/A,14:50,Good,7f 15y,Drombeg Duke (IRE),G. M. Ryan,0,Eoin Christopher McCarthy,2nd,1/2 l,6,10-2,74,True,1,39
Listowel Racing Results | 4th June 2022 14:50,N/A,14:50,Good,7f 15y,Bobby K (IRE),Declan McDonogh,0,Michael O'Meara,1st,N/A,7,9-11,69,True,1,39
Listowel Racing Results | 4th June 2022 15:25,N/A,15:25,Good,7f 15y,Craft Irish (IRE),N. M. Crosse,3,P. J. F. Murphy,NR,N/A,4,10-2,73,True,1,40
Listowel Racing Results | 4th June 2022 15:25,N/A,15:25,Good,7f 15y,Bantry,C. T. Keane,0,John Joseph Murphy,11th,5 l,3,8-13t,66,True,1,40
Listowel Racing Results | 4th June 2022 15:25,N/A,15:25,Good,7f 15y,Guessthebill (IRE),S. B. Kelly,0,John Patrick Murtagh,10th,1 l,7,10-1,72,True,1,40
Listowel Racing Results | 4th June 2022 15:25,N/A,15:25,Good,7f 15y,Petticoat Rule (IRE),William James Lee,0,Gillian Scott,9th,1 l,5,10-0p,71,True,1,40
Listowel Racing Results | 4th June 2022 15:25,N/A,15:25,Good,7f 15y,The Pocket Flyer (IRE),J. Coen,7,R. P. Cody,8th,Nose,4,9-11,68,True,1,40
Listowel Racing Results | 4th June 2022 15:25,N/A,15:25,Good,7f 15y,Mr Rango (IRE),M. A. Gallagher,0,Ross O'Sullivan,7th,Head,4,9-10,67,True,1,40
Listowel Racing Results | 4th June 2022 15:25,N/A,15:25,Good,7f 15y,Gegenpressing,Declan McDonogh,0,Eddie & Patrick Harty,6th,3/4 l,4,9-8t,65,True,1,40
Listowel Racing Results | 4th June 2022 15:25,N/A,15:25,Good,7f 15y,Clara's Approach (IRE),M. A. Enright,0,Miss Jennifer Anne Lynch,5th,1 3/4 l,4,9-5,62,True,1,40
Listowel Racing Results | 4th June 2022 15:25,N/A,15:25,Good,7f 15y,Wee Pablo (IRE),D. B. McMonagle,0,Patrick Martin,4th,Neck,5,9-12t,69,True,1,40
Listowel Racing Results | 4th June 2022 15:25,N/A,15:25,Good,7f 15y,Zerinda (IRE),C. D. Hayes,0,Patrick Joseph Hayes,3rd,Head,4,9-9,66,True,1,40
Listowel Racing Results | 4th June 2022 15:25,N/A,15:25,Good,7f 15y,Inchiquin Star (IRE),G. F. Carroll,0,David Marnane,2nd,Short Head,3,9-2,69,True,1,40
Listowel Racing Results | 4th June 2022 15:25,N/A,15:25,Good,7f 15y,Grigadale (IRE),L. F. Roche,0,Jarlath P. Fahey,1st,N/A,4,9-7p1,64,True,1,40
Listowel Racing Results | 4th June 2022 15:25,N/A,15:25,Good,7f 15y,Craft Irish (IRE),N. M. Crosse,3,P. J. F. Murphy,NR,N/A,4,10-2,73,True,1,40
Listowel Racing Results | 4th June 2022 15:25,N/A,15:25,Good,7f 15y,Bantry,C. T. Keane,0,John Joseph Murphy,11th,5 l,3,8-13t,66,True,1,40
Listowel Racing Results | 4th June 2022 15:25,N/A,15:25,Good,7f 15y,Guessthebill (IRE),S. B. Kelly,0,John Patrick Murtagh,10th,1 l,7,10-1,72,True,1,40
Listowel Racing Results | 4th June 2022 15:25,N/A,15:25,Good,7f 15y,Petticoat Rule (IRE),William James Lee,0,Gillian Scott,9th,1 l,5,10-0p,71,True,1,40
Listowel Racing Results | 4th June 2022 15:25,N/A,15:25,Good,7f 15y,The Pocket Flyer (IRE),J. Coen,7,R. P. Cody,8th,Nose,4,9-11,68,True,1,40
Listowel Racing Results | 4th June 2022 15:25,N/A,15:25,Good,7f 15y,Mr Rango (IRE),M. A. Gallagher,0,Ross O'Sullivan,7th,Head,4,9-10,67,True,1,40
Listowel Racing Results | 4th June 2022 15:25,N/A,15:25,Good,7f 15y,Gegenpressing,Declan McDonogh,0,Eddie & Patrick Harty,6th,3/4 l,4,9-8t,65,True,1,40
Listowel Racing Results | 4th June 2022 15:25,N/A,15:25,Good,7f 15y,Clara's Approach (IRE),M. A. Enright,0,Miss Jennifer Anne Lynch,5th,1 3/4 l,4,9-5,62,True,1,40
Listowel Racing Results | 4th June 2022 15:25,N/A,15:25,Good,7f 15y,Wee Pablo (IRE),D. B. McMonagle,0,Patrick Martin,4th,Neck,5,9-12t,69,True,1,40
Listowel Racing Results | 4th June 2022 15:25,N/A,15:25,Good,7f 15y,Zerinda (IRE),C. D. Hayes,0,Patrick Joseph Hayes,3rd,Head,4,9-9,66,True,1,40
Listowel Racing Results | 4th June 2022 15:25,N/A,15:25,Good,7f 15y,Inchiquin Star (IRE),G. F. Carroll,0,David Marnane,2nd,Short Head,3,9-2,69,True,1,40
Listowel Racing Results | 4th June 2022 15:25,N/A,15:25,Good,7f 15y,Grigadale (IRE),L. F. Roche,0,Jarlath P. Fahey,1st,N/A,4,9-7p1,64,True,1,40
Listowel Racing Results | 4th June 2022 15:56,N/A,15:56,Good,1m,Hardly Useless (IRE),C. D. Hayes,0,T. Gibney,16th,15 l,3,9-6t1,56,True,1,41
Listowel Racing Results | 4th June 2022 15:56,N/A,15:56,Good,1m,The Lion Strikes (IRE),M. A. Enright,0,Miss Jennifer Anne Lynch,15th,Head,3,9-7,57,True,1,41
Listowel Racing Results | 4th June 2022 15:56,N/A,15:56,Good,1m,Short N Sweet (IRE),S. McCullagh,5,Mrs J. Harrington,14th,Neck,3,9-5b1,55,True,1,41
Listowel Racing Results | 4th June 2022 15:56,N/A,15:56,Good,1m,Run Silver Run (IRE),M. A. Gallagher,0,Denis W. Cullen,13th,2 l,3,9-6,56,True,1,41
Listowel Racing Results | 4th June 2022 15:56,N/A,15:56,Good,1m,Domestic Goddess (IRE),Shane Foley,0,Mrs J. Harrington,12th,1 1/4 l,3,9-13v,63,True,1,41
Listowel Racing Results | 4th June 2022 15:56,N/A,15:56,Good,1m,Anima Erat (FR),Wesley Joyce,7,F. Flood,11th,3/4 l,3,8-11p,47,True,1,41
Listowel Racing Results | 4th June 2022 15:56,N/A,15:56,Good,1m,Yokkell (IRE),L. F. Roche,0,Jarlath P. Fahey,10th,Neck,3,9-8,58,True,1,41
Listowel Racing Results | 4th June 2022 15:56,N/A,15:56,Good,1m,Basia (IRE),William James Lee,0,Gavin Patrick Cromwell,9th,2 l,3,9-5,55,True,1,41
Listowel Racing Results | 4th June 2022 15:56,N/A,15:56,Good,1m,Sovereignty (IRE),C. J. MacRedmond,5,Adrian McGuinness,8th,3/4 l,3,8-11h,47,True,1,41
Listowel Racing Results | 4th June 2022 15:56,N/A,15:56,Good,1m,Testimone (IRE),J. M. Sheridan,3,G. O'Leary,7th,1/2 l,3,9-6p1,56,True,1,41
Listowel Racing Results | 4th June 2022 15:56,N/A,15:56,Good,1m,Pessoa,R. C. Colgan,0,John Joseph Murphy,6th,1 1/4 l,3,9-7,57,True,1,41
Listowel Racing Results | 4th June 2022 15:56,N/A,15:56,Good,1m,Drish Melody (IRE),James J. Doyle,0,Donal Commins,5th,1/2 l,3,9-11,61,True,1,41
Listowel Racing Results | 4th June 2022 15:56,N/A,15:56,Good,1m,Palais D'elysee,S. B. Kelly,0,John Patrick Murtagh,4th,2 1/4 l,3,9-13,63,True,1,41
Listowel Racing Results | 4th June 2022 15:56,N/A,15:56,Good,1m,Breezy Zoff (IRE),G. F. Carroll,0,Gavin Patrick Cromwell,3rd,2 l,3,10-0,64,True,1,41
Listowel Racing Results | 4th June 2022 15:56,N/A,15:56,Good,1m,The Insider (IRE),K. J. Leonard,0,J. F. O'Shea,2nd,Neck,3,8-11,47,True,1,41
Listowel Racing Results | 4th June 2022 15:56,N/A,15:56,Good,1m,The Dazzer (IRE),C. T. Keane,0,Patrick Martin,1st,N/A,3,9-6,56,True,1,41
Listowel Racing Results | 4th June 2022 15:56,N/A,15:56,Good,1m,Hardly Useless (IRE),C. D. Hayes,0,T. Gibney,16th,15 l,3,9-6t1,56,True,1,41
Listowel Racing Results | 4th June 2022 15:56,N/A,15:56,Good,1m,The Lion Strikes (IRE),M. A. Enright,0,Miss Jennifer Anne Lynch,15th,Head,3,9-7,57,True,1,41
Listowel Racing Results | 4th June 2022 15:56,N/A,15:56,Good,1m,Short N Sweet (IRE),S. McCullagh,5,Mrs J. Harrington,14th,Neck,3,9-5b1,55,True,1,41
Listowel Racing Results | 4th June 2022 15:56,N/A,15:56,Good,1m,Run Silver Run (IRE),M. A. Gallagher,0,Denis W. Cullen,13th,2 l,3,9-6,56,True,1,41
Listowel Racing Results | 4th June 2022 15:56,N/A,15:56,Good,1m,Domestic Goddess (IRE),Shane Foley,0,Mrs J. Harrington,12th,1 1/4 l,3,9-13v,63,True,1,41
Listowel Racing Results | 4th June 2022 15:56,N/A,15:56,Good,1m,Anima Erat (FR),Wesley Joyce,7,F. Flood,11th,3/4 l,3,8-11p,47,True,1,41
Listowel Racing Results | 4th June 2022 15:56,N/A,15:56,Good,1m,Yokkell (IRE),L. F. Roche,0,Jarlath P. Fahey,10th,Neck,3,9-8,58,True,1,41
Listowel Racing Results | 4th June 2022 15:56,N/A,15:56,Good,1m,Basia (IRE),William James Lee,0,Gavin Patrick Cromwell,9th,2 l,3,9-5,55,True,1,41
Listowel Racing Results | 4th June 2022 15:56,N/A,15:56,Good,1m,Sovereignty (IRE),C. J. MacRedmond,5,Adrian McGuinness,8th,3/4 l,3,8-11h,47,True,1,41
Listowel Racing Results | 4th June 2022 15:56,N/A,15:56,Good,1m,Testimone (IRE),J. M. Sheridan,3,G. O'Leary,7th,1/2 l,3,9-6p1,56,True,1,41
Listowel Racing Results | 4th June 2022 15:56,N/A,15:56,Good,1m,Pessoa,R. C. Colgan,0,John Joseph Murphy,6th,1 1/4 l,3,9-7,57,True,1,41
Listowel Racing Results | 4th June 2022 15:56,N/A,15:56,Good,1m,Drish Melody (IRE),James J. Doyle,0,Donal Commins,5th,1/2 l,3,9-11,61,True,1,41
Listowel Racing Results | 4th June 2022 15:56,N/A,15:56,Good,1m,Palais D'elysee,S. B. Kelly,0,John Patrick Murtagh,4th,2 1/4 l,3,9-13,63,True,1,41
Listowel Racing Results | 4th June 2022 15:56,N/A,15:56,Good,1m,Breezy Zoff (IRE),G. F. Carroll,0,Gavin Patrick Cromwell,3rd,2 l,3,10-0,64,True,1,41
Listowel Racing Results | 4th June 2022 15:56,N/A,15:56,Good,1m,The Insider (IRE),K. J. Leonard,0,J. F. O'Shea,2nd,Neck,3,8-11,47,True,1,41
Listowel Racing Results | 4th June 2022 15:56,N/A,15:56,Good,1m,The Dazzer (IRE),C. T. Keane,0,Patrick Martin,1st,N/A,3,9-6,56,True,1,41
Listowel Racing Results | 4th June 2022 16:37,N/A,16:37,Good,1m,Lizzy's Filly (IRE),D. B. McMonagle,0,Patrick Martin,NR,N/A,3,9-3,-,True,1,42
Listowel Racing Results | 4th June 2022 16:37,N/A,16:37,Good,1m,Inspiratrice (IRE),G. F. Carroll,0,Michael G. Kennedy,11th,9 l,3,9-3,-,True,1,42
Listowel Racing Results | 4th June 2022 16:37,N/A,16:37,Good,1m,Didn'thavemuchtodo (IRE),Declan McDonogh,0,Joseph Patrick O'Brien,10th,Neck,3,9-3,-,True,1,42
Listowel Racing Results | 4th June 2022 16:37,N/A,16:37,Good,1m,Baroness Blixen,C. T. Keane,0,John Joseph Murphy,9th,3/4 l,3,9-3,-,True,1,42
Listowel Racing Results | 4th June 2022 16:37,N/A,16:37,Good,1m,Cherub Rock (IRE),N. M. Crosse,3,Richard John O'Brien,8th,Nose,3,9-3,-,True,1,42
Listowel Racing Results | 4th June 2022 16:37,N/A,16:37,Good,1m,Flame Of Eire (IRE),A. J. Slattery,0,A. Slattery,7th,1 1/4 l,3,9-3,-,True,1,42
Listowel Racing Results | 4th June 2022 16:37,N/A,16:37,Good,1m,Believeinmiracles (IRE),William James Lee,0,W. McCreery,6th,2 1/2 l,3,9-3,-,True,1,42
Listowel Racing Results | 4th June 2022 16:37,N/A,16:37,Good,1m,Livia Celeste (IRE),S. M. Crosse,0,Joseph Patrick O'Brien,5th,Short Head,3,9-3,-,True,1,42
Listowel Racing Results | 4th June 2022 16:37,N/A,16:37,Good,1m,Red Azalea (IRE),G. M. Ryan,0,Donnacha Aidan O'Brien,4th,Head,3,9-3,-,True,1,42
Listowel Racing Results | 4th June 2022 16:37,N/A,16:37,Good,1m,Butterfly Island (IRE),C. D. Hayes,0,D. K. Weld,3rd,3 l,3,9-3b,-,True,1,42
Listowel Racing Results | 4th June 2022 16:37,N/A,16:37,Good,1m,Tawny Coster (IRE),M. A. Enright,0,J. A. Stack,2nd,1/2 l,3,9-3t,-,True,1,42
Listowel Racing Results | 4th June 2022 16:37,N/A,16:37,Good,1m,Ha Ha Ha (IRE),Shane Foley,0,Mrs J. Harrington,1st,N/A,3,9-3,-,True,1,42
Listowel Racing Results | 4th June 2022 16:37,N/A,16:37,Good,1m,Lizzy's Filly (IRE),D. B. McMonagle,0,Patrick Martin,NR,N/A,3,9-3,-,True,1,42
Listowel Racing Results | 4th June 2022 16:37,N/A,16:37,Good,1m,Inspiratrice (IRE),G. F. Carroll,0,Michael G. Kennedy,11th,9 l,3,9-3,-,True,1,42
Listowel Racing Results | 4th June 2022 16:37,N/A,16:37,Good,1m,Didn'thavemuchtodo (IRE),Declan McDonogh,0,Joseph Patrick O'Brien,10th,Neck,3,9-3,-,True,1,42
Listowel Racing Results | 4th June 2022 16:37,N/A,16:37,Good,1m,Baroness Blixen,C. T. Keane,0,John Joseph Murphy,9th,3/4 l,3,9-3,-,True,1,42
Listowel Racing Results | 4th June 2022 16:37,N/A,16:37,Good,1m,Cherub Rock (IRE),N. M. Crosse,3,Richard John O'Brien,8th,Nose,3,9-3,-,True,1,42
Listowel Racing Results | 4th June 2022 16:37,N/A,16:37,Good,1m,Flame Of Eire (IRE),A. J. Slattery,0,A. Slattery,7th,1 1/4 l,3,9-3,-,True,1,42
Listowel Racing Results | 4th June 2022 16:37,N/A,16:37,Good,1m,Believeinmiracles (IRE),William James Lee,0,W. McCreery,6th,2 1/2 l,3,9-3,-,True,1,42
Listowel Racing Results | 4th June 2022 16:37,N/A,16:37,Good,1m,Livia Celeste (IRE),S. M. Crosse,0,Joseph Patrick O'Brien,5th,Short Head,3,9-3,-,True,1,42
Listowel Racing Results | 4th June 2022 16:37,N/A,16:37,Good,1m,Red Azalea (IRE),G. M. Ryan,0,Donnacha Aidan O'Brien,4th,Head,3,9-3,-,True,1,42
Listowel Racing Results | 4th June 2022 16:37,N/A,16:37,Good,1m,Butterfly Island (IRE),C. D. Hayes,0,D. K. Weld,3rd,3 l,3,9-3b,-,True,1,42
Listowel Racing Results | 4th June 2022 16:37,N/A,16:37,Good,1m,Tawny Coster (IRE),M. A. Enright,0,J. A. Stack,2nd,1/2 l,3,9-3t,-,True,1,42
Listowel Racing Results | 4th June 2022 16:37,N/A,16:37,Good,1m,Ha Ha Ha (IRE),Shane Foley,0,Mrs J. Harrington,1st,N/A,3,9-3,-,True,1,42
Listowel Racing Results | 4th June 2022 17:07,N/A,17:07,Good,1m,Desiderius Erasmus (IRE),S. M. Crosse,0,Liam Roche,13th,30 l,8,9-9,-,True,1,43
Listowel Racing Results | 4th June 2022 17:07,N/A,17:07,Good,1m,City Angel (IRE),L. T. McAteer,3,James M. Barrett,12th,4 1/2 l,4,9-9,-,True,1,43
Listowel Racing Results | 4th June 2022 17:07,N/A,17:07,Good,1m,Black Smoke (IRE),M. P. Sheehy,3,Liam Roche,11th,3 1/2 l,5,9-9,-,True,1,43
Listowel Racing Results | 4th June 2022 17:07,N/A,17:07,Good,1m,Mambacita (USA),M. A. Gallagher,0,Charles Weld,10th,7 1/2 l,4,9-4,-,True,1,43
Listowel Racing Results | 4th June 2022 17:07,N/A,17:07,Good,1m,Rock Dandy (IRE),C. Horgan,7,A. Slattery,9th,1 1/4 l,4,9-9,-,True,1,43
Listowel Racing Results | 4th June 2022 17:07,N/A,17:07,Good,1m,Coeur d'Or (IRE),C. D. Hayes,0,D. K. Weld,8th,Neck,6,9-9,-,True,1,43
Listowel Racing Results | 4th June 2022 17:07,N/A,17:07,Good,1m,Knocknakilla (IRE),J. M. Sheridan,3,G. O'Leary,7th,1 3/4 l,4,9-9,-,True,1,43
Listowel Racing Results | 4th June 2022 17:07,N/A,17:07,Good,1m,Roman Bull (IRE),M. A. Enright,0,Michael O'Meara,6th,Head,4,9-9,-,True,1,43
Listowel Racing Results | 4th June 2022 17:07,N/A,17:07,Good,1m,Baalbec Beauty (IRE),Declan McDonogh,0,Miss Hilary McLoughlin,5th,1 1/4 l,4,9-4,-,True,1,43
Listowel Racing Results | 4th June 2022 17:07,N/A,17:07,Good,1m,True Artist (IRE),Shane Foley,0,G. O'Leary,4th,1 1/4 l,4,9-9,-,True,1,43
Listowel Racing Results | 4th June 2022 17:07,N/A,17:07,Good,1m,Jaafel (IRE),C. T. Keane,0,Denis Hogan,3rd,Head,4,9-9t,-,True,1,43
Listowel Racing Results | 4th June 2022 17:07,N/A,17:07,Good,1m,Ms Eagleton (IRE),William James Lee,0,Miss Hilary McLoughlin,2nd,2 l,4,9-4,-,True,1,43
Listowel Racing Results | 4th June 2022 17:07,N/A,17:07,Good,1m,Apple of His Eye (IRE),J. A. Powell,7,Richard Brabazon,1st,N/A,4,9-4,-,True,1,43
Listowel Racing Results | 4th June 2022 17:07,N/A,17:07,Good,1m,Desiderius Erasmus (IRE),S. M. Crosse,0,Liam Roche,13th,30 l,8,9-9,-,True,1,43
Listowel Racing Results | 4th June 2022 17:07,N/A,17:07,Good,1m,City Angel (IRE),L. T. McAteer,3,James M. Barrett,12th,4 1/2 l,4,9-9,-,True,1,43
Listowel Racing Results | 4th June 2022 17:07,N/A,17:07,Good,1m,Black Smoke (IRE),M. P. Sheehy,3,Liam Roche,11th,3 1/2 l,5,9-9,-,True,1,43
Listowel Racing Results | 4th June 2022 17:07,N/A,17:07,Good,1m,Mambacita (USA),M. A. Gallagher,0,Charles Weld,10th,7 1/2 l,4,9-4,-,True,1,43
Listowel Racing Results | 4th June 2022 17:07,N/A,17:07,Good,1m,Rock Dandy (IRE),C. Horgan,7,A. Slattery,9th,1 1/4 l,4,9-9,-,True,1,43
Listowel Racing Results | 4th June 2022 17:07,N/A,17:07,Good,1m,Coeur d'Or (IRE),C. D. Hayes,0,D. K. Weld,8th,Neck,6,9-9,-,True,1,43
Listowel Racing Results | 4th June 2022 17:07,N/A,17:07,Good,1m,Knocknakilla (IRE),J. M. Sheridan,3,G. O'Leary,7th,1 3/4 l,4,9-9,-,True,1,43
Listowel Racing Results | 4th June 2022 17:07,N/A,17:07,Good,1m,Roman Bull (IRE),M. A. Enright,0,Michael O'Meara,6th,Head,4,9-9,-,True,1,43
Listowel Racing Results | 4th June 2022 17:07,N/A,17:07,Good,1m,Baalbec Beauty (IRE),Declan McDonogh,0,Miss Hilary McLoughlin,5th,1 1/4 l,4,9-4,-,True,1,43
Listowel Racing Results | 4th June 2022 17:07,N/A,17:07,Good,1m,True Artist (IRE),Shane Foley,0,G. O'Leary,4th,1 1/4 l,4,9-9,-,True,1,43
Listowel Racing Results | 4th June 2022 17:07,N/A,17:07,Good,1m,Jaafel (IRE),C. T. Keane,0,Denis Hogan,3rd,Head,4,9-9t,-,True,1,43
Listowel Racing Results | 4th June 2022 17:07,N/A,17:07,Good,1m,Ms Eagleton (IRE),William James Lee,0,Miss Hilary McLoughlin,2nd,2 l,4,9-4,-,True,1,43
Listowel Racing Results | 4th June 2022 17:07,N/A,17:07,Good,1m,Apple of His Eye (IRE),J. A. Powell,7,Richard Brabazon,1st,N/A,4,9-4,-,True,1,43
Listowel Racing Results | 5th June 2022 13:55,N/A,13:55,Yielding (Good In Places),6f 60y,McCauley's Tavern (IRE),D. J. Gilligan,10,J. A. Stack,6th,2 1/2 l,2,9-7,-,True,1,44
Listowel Racing Results | 5th June 2022 13:55,N/A,13:55,Yielding (Good In Places),6f 60y,Roman Hands (IRE),Shane Foley,0,Mrs J. Harrington,5th,2 1/2 l,2,9-7,-,True,1,44
Listowel Racing Results | 5th June 2022 13:55,N/A,13:55,Yielding (Good In Places),6f 60y,Vanguard Star (IRE),S. M. Crosse,0,Joseph Patrick O'Brien,4th,1 1/4 l,2,9-7,-,True,1,44
Listowel Racing Results | 5th June 2022 13:55,N/A,13:55,Yielding (Good In Places),6f 60y,Congo River (USA),Seamie Heffernan,0,Aidan O'Brien,3rd,1 1/2 l,2,9-7,-,True,1,44
Listowel Racing Results | 5th June 2022 13:55,N/A,13:55,Yielding (Good In Places),6f 60y,Blindsided (IRE),G. M. Ryan,0,Donnacha Aidan O'Brien,2nd,3 l,2,9-7,-,True,1,44
Listowel Racing Results | 5th June 2022 13:55,N/A,13:55,Yielding (Good In Places),6f 60y,Ti Sento (IRE),R. P. Whelan,0,Adrian McGuinness,1st,N/A,2,9-7,-,True,1,44
Listowel Racing Results | 5th June 2022 13:55,N/A,13:55,Yielding (Good In Places),6f 60y,McCauley's Tavern (IRE),D. J. Gilligan,10,J. A. Stack,6th,2 1/2 l,2,9-7,-,True,1,44
Listowel Racing Results | 5th June 2022 13:55,N/A,13:55,Yielding (Good In Places),6f 60y,Roman Hands (IRE),Shane Foley,0,Mrs J. Harrington,5th,2 1/2 l,2,9-7,-,True,1,44
Listowel Racing Results | 5th June 2022 13:55,N/A,13:55,Yielding (Good In Places),6f 60y,Vanguard Star (IRE),S. M. Crosse,0,Joseph Patrick O'Brien,4th,1 1/4 l,2,9-7,-,True,1,44
Listowel Racing Results | 5th June 2022 13:55,N/A,13:55,Yielding (Good In Places),6f 60y,Congo River (USA),Seamie Heffernan,0,Aidan O'Brien,3rd,1 1/2 l,2,9-7,-,True,1,44
Listowel Racing Results | 5th June 2022 13:55,N/A,13:55,Yielding (Good In Places),6f 60y,Blindsided (IRE),G. M. Ryan,0,Donnacha Aidan O'Brien,2nd,3 l,2,9-7,-,True,1,44
Listowel Racing Results | 5th June 2022 13:55,N/A,13:55,Yielding (Good In Places),6f 60y,Ti Sento (IRE),R. P. Whelan,0,Adrian McGuinness,1st,N/A,2,9-7,-,True,1,44
Listowel Racing Results | 5th June 2022 14:30,N/A,14:30,Yielding (Good In Places),6f 60y,Zebos Beanos (IRE),A. J. Slattery,0,D. McNamara,8th,3 3/4 l,3,9-3,-,True,1,45
Listowel Racing Results | 5th June 2022 14:30,N/A,14:30,Yielding (Good In Places),6f 60y,Belardeen (IRE),C. T. Keane,0,Miss Hilary McLoughlin,7th,5 1/2 l,4,9-11,-,True,1,45
Listowel Racing Results | 5th June 2022 14:30,N/A,14:30,Yielding (Good In Places),6f 60y,Millyupdahilly (IRE),M. A. Gallagher,0,Ross O'Sullivan,6th,1 1/2 l,3,9-3,-,True,1,45
Listowel Racing Results | 5th June 2022 14:30,N/A,14:30,Yielding (Good In Places),6f 60y,Esculenta (IRE),S. B. Kelly,0,John Patrick Murtagh,5th,1/2 l,3,9-3,-,True,1,45
Listowel Racing Results | 5th June 2022 14:30,N/A,14:30,Yielding (Good In Places),6f 60y,Osraige (IRE),J. Coen,7,Joseph Patrick O'Brien,4th,4 l,3,9-3b1,-,True,1,45
Listowel Racing Results | 5th June 2022 14:30,N/A,14:30,Yielding (Good In Places),6f 60y,Lopes Gold (IRE),Shane Foley,0,Mrs J. Harrington,3rd,Nose,3,9-3p,-,True,1,45
Listowel Racing Results | 5th June 2022 14:30,N/A,14:30,Yielding (Good In Places),6f 60y,Are We Dreaming (IRE),William James Lee,0,W. McCreery,2nd,2 1/2 l,3,9-3,-,True,1,45
Listowel Racing Results | 5th June 2022 14:30,N/A,14:30,Yielding (Good In Places),6f 60y,Coumshingaun (IRE),W. M. Lordan,0,Kevin Thomas Coleman,1st,N/A,3,9-3,-,True,1,45
Listowel Racing Results | 5th June 2022 14:30,N/A,14:30,Yielding (Good In Places),6f 60y,Zebos Beanos (IRE),A. J. Slattery,0,D. McNamara,8th,3 3/4 l,3,9-3,-,True,1,45
Listowel Racing Results | 5th June 2022 14:30,N/A,14:30,Yielding (Good In Places),6f 60y,Belardeen (IRE),C. T. Keane,0,Miss Hilary McLoughlin,7th,5 1/2 l,4,9-11,-,True,1,45
Listowel Racing Results | 5th June 2022 14:30,N/A,14:30,Yielding (Good In Places),6f 60y,Millyupdahilly (IRE),M. A. Gallagher,0,Ross O'Sullivan,6th,1 1/2 l,3,9-3,-,True,1,45
Listowel Racing Results | 5th June 2022 14:30,N/A,14:30,Yielding (Good In Places),6f 60y,Esculenta (IRE),S. B. Kelly,0,John Patrick Murtagh,5th,1/2 l,3,9-3,-,True,1,45
Listowel Racing Results | 5th June 2022 14:30,N/A,14:30,Yielding (Good In Places),6f 60y,Osraige (IRE),J. Coen,7,Joseph Patrick O'Brien,4th,4 l,3,9-3b1,-,True,1,45
Listowel Racing Results | 5th June 2022 14:30,N/A,14:30,Yielding (Good In Places),6f 60y,Lopes Gold (IRE),Shane Foley,0,Mrs J. Harrington,3rd,Nose,3,9-3p,-,True,1,45
Listowel Racing Results | 5th June 2022 14:30,N/A,14:30,Yielding (Good In Places),6f 60y,Are We Dreaming (IRE),William James Lee,0,W. McCreery,2nd,2 1/2 l,3,9-3,-,True,1,45
Listowel Racing Results | 5th June 2022 14:30,N/A,14:30,Yielding (Good In Places),6f 60y,Coumshingaun (IRE),W. M. Lordan,0,Kevin Thomas Coleman,1st,N/A,3,9-3,-,True,1,45
Listowel Racing Results | 5th June 2022 15:05,N/A,15:05,Yielding (Good In Places),7f,Sceolan (IRE),William James Lee,0,W. McCreery,7th,1/2 l,3,9-4v,75,True,1,46
Listowel Racing Results | 5th June 2022 15:05,N/A,15:05,Yielding (Good In Places),7f,Bells on Her Toes (IRE),A. J. Slattery,0,A. Slattery,6th,3/4 l,3,9-5v,76,True,1,46
Listowel Racing Results | 5th June 2022 15:05,N/A,15:05,Yielding (Good In Places),7f,Navagio (IRE),S. B. Kelly,0,John Patrick Murtagh,5th,1/2 l,3,9-11,82,True,1,46
Listowel Racing Results | 5th June 2022 15:05,N/A,15:05,Yielding (Good In Places),7f,Common Practice (IRE),S. M. Crosse,0,Joseph Patrick O'Brien,4th,1 1/4 l,3,9-4,75,True,1,46
Listowel Racing Results | 5th June 2022 15:05,N/A,15:05,Yielding (Good In Places),7f,National Gallery (IRE),Declan McDonogh,0,Joseph Patrick O'Brien,3rd,Neck,3,9-7p1,78,True,1,46
Listowel Racing Results | 5th June 2022 15:05,N/A,15:05,Yielding (Good In Places),7f,Galleria Borghese (IRE),W. M. Lordan,0,Aidan O'Brien,2nd,1/2 l,3,10-0,85,True,1,46
Listowel Racing Results | 5th June 2022 15:05,N/A,15:05,Yielding (Good In Places),7f,Princess Rajj (IRE),A. M. Glynn,7,Mrs J. Harrington,1st,N/A,3,9-3tp,74,True,1,46
Listowel Racing Results | 5th June 2022 15:05,N/A,15:05,Yielding (Good In Places),7f,Sceolan (IRE),William James Lee,0,W. McCreery,7th,1/2 l,3,9-4v,75,True,1,46
Listowel Racing Results | 5th June 2022 15:05,N/A,15:05,Yielding (Good In Places),7f,Bells on Her Toes (IRE),A. J. Slattery,0,A. Slattery,6th,3/4 l,3,9-5v,76,True,1,46
Listowel Racing Results | 5th June 2022 15:05,N/A,15:05,Yielding (Good In Places),7f,Navagio (IRE),S. B. Kelly,0,John Patrick Murtagh,5th,1/2 l,3,9-11,82,True,1,46
Listowel Racing Results | 5th June 2022 15:05,N/A,15:05,Yielding (Good In Places),7f,Common Practice (IRE),S. M. Crosse,0,Joseph Patrick O'Brien,4th,1 1/4 l,3,9-4,75,True,1,46
Listowel Racing Results | 5th June 2022 15:05,N/A,15:05,Yielding (Good In Places),7f,National Gallery (IRE),Declan McDonogh,0,Joseph Patrick O'Brien,3rd,Neck,3,9-7p1,78,True,1,46
Listowel Racing Results | 5th June 2022 15:05,N/A,15:05,Yielding (Good In Places),7f,Galleria Borghese (IRE),W. M. Lordan,0,Aidan O'Brien,2nd,1/2 l,3,10-0,85,True,1,46
Listowel Racing Results | 5th June 2022 15:05,N/A,15:05,Yielding (Good In Places),7f,Princess Rajj (IRE),A. M. Glynn,7,Mrs J. Harrington,1st,N/A,3,9-3tp,74,True,1,46
Listowel Racing Results | 5th June 2022 15:40,N/A,15:40,Yielding (Good In Places),2m 40y,Top Line Tommy (IRE),William James Lee,0,E. J. O'Grady,5th,8 l,6,9-4,75,True,1,47
Listowel Racing Results | 5th June 2022 15:40,N/A,15:40,Yielding (Good In Places),2m 40y,Jukebox Jive (FR),R. C. Colgan,0,Shane Nolan,4th,2 1/2 l,8,9-5t,76,True,1,47
Listowel Racing Results | 5th June 2022 15:40,N/A,15:40,Yielding (Good In Places),2m 40y,Artistic Choice (IRE),K. J. Leonard,0,Donnacha Aidan O'Brien,3rd,1 1/2 l,3,8-7,84,True,1,47
Listowel Racing Results | 5th June 2022 15:40,N/A,15:40,Yielding (Good In Places),2m 40y,Jon Snow (FR),Shane Foley,0,W. P. Mullins,2nd,1 1/4 l,7,9-6,77,True,1,47
Listowel Racing Results | 5th June 2022 15:40,N/A,15:40,Yielding (Good In Places),2m 40y,Buckman Tavern (FR),Seamie Heffernan,0,A. J. Martin,1st,N/A,6,9-3t,74,True,1,47
Listowel Racing Results | 5th June 2022 15:40,N/A,15:40,Yielding (Good In Places),2m 40y,Top Line Tommy (IRE),William James Lee,0,E. J. O'Grady,5th,8 l,6,9-4,75,True,1,47
Listowel Racing Results | 5th June 2022 15:40,N/A,15:40,Yielding (Good In Places),2m 40y,Jukebox Jive (FR),R. C. Colgan,0,Shane Nolan,4th,2 1/2 l,8,9-5t,76,True,1,47
Listowel Racing Results | 5th June 2022 15:40,N/A,15:40,Yielding (Good In Places),2m 40y,Artistic Choice (IRE),K. J. Leonard,0,Donnacha Aidan O'Brien,3rd,1 1/2 l,3,8-7,84,True,1,47
Listowel Racing Results | 5th June 2022 15:40,N/A,15:40,Yielding (Good In Places),2m 40y,Jon Snow (FR),Shane Foley,0,W. P. Mullins,2nd,1 1/4 l,7,9-6,77,True,1,47
Listowel Racing Results | 5th June 2022 15:40,N/A,15:40,Yielding (Good In Places),2m 40y,Buckman Tavern (FR),Seamie Heffernan,0,A. J. Martin,1st,N/A,6,9-3t,74,True,1,47
Listowel Racing Results | 5th June 2022 16:10,N/A,16:10,Yielding (Good In Places)  (Turf),1m,Fond Farewell (IRE),R. C. Colgan,0,John Joseph Murphy,6th,1/2 l,3,9-8,-,True,1,48
Listowel Racing Results | 5th June 2022 16:10,N/A,16:10,Yielding (Good In Places)  (Turf),1m,Lucky San Jore,Shane Foley,0,Mrs J. Harrington,5th,1/2 l,3,9-8p1,-,True,1,48
Listowel Racing Results | 5th June 2022 16:10,N/A,16:10,Yielding (Good In Places)  (Turf),1m,Angelus Griseo (IRE),S. M. Crosse,0,Joseph Patrick O'Brien,4th,8 1/2 l,3,9-8,-,True,1,48
Listowel Racing Results | 5th June 2022 16:10,N/A,16:10,Yielding (Good In Places)  (Turf),1m,Chilled Out (IRE),Declan McDonogh,0,Joseph Patrick O'Brien,3rd,2 l,3,9-8,-,True,1,48
Listowel Racing Results | 5th June 2022 16:10,N/A,16:10,Yielding (Good In Places)  (Turf),1m,Hotrocket (IRE),C. T. Keane,0,John Joseph Murphy,2nd,3 1/2 l,3,9-8,-,True,1,48
Listowel Racing Results | 5th June 2022 16:10,N/A,16:10,Yielding (Good In Places)  (Turf),1m,Elmos Fire (IRE),William James Lee,0,Andrew Kinirons,1st,N/A,3,9-8,-,True,1,48
Listowel Racing Results | 5th June 2022 16:10,N/A,16:10,Yielding (Good In Places)  (Turf),1m,Fond Farewell (IRE),R. C. Colgan,0,John Joseph Murphy,6th,1/2 l,3,9-8,-,True,1,48
Listowel Racing Results | 5th June 2022 16:10,N/A,16:10,Yielding (Good In Places)  (Turf),1m,Lucky San Jore,Shane Foley,0,Mrs J. Harrington,5th,1/2 l,3,9-8p1,-,True,1,48
Listowel Racing Results | 5th June 2022 16:10,N/A,16:10,Yielding (Good In Places)  (Turf),1m,Angelus Griseo (IRE),S. M. Crosse,0,Joseph Patrick O'Brien,4th,8 1/2 l,3,9-8,-,True,1,48
Listowel Racing Results | 5th June 2022 16:10,N/A,16:10,Yielding (Good In Places)  (Turf),1m,Chilled Out (IRE),Declan McDonogh,0,Joseph Patrick O'Brien,3rd,2 l,3,9-8,-,True,1,48
Listowel Racing Results | 5th June 2022 16:10,N/A,16:10,Yielding (Good In Places)  (Turf),1m,Hotrocket (IRE),C. T. Keane,0,John Joseph Murphy,2nd,3 1/2 l,3,9-8,-,True,1,48
Listowel Racing Results | 5th June 2022 16:10,N/A,16:10,Yielding (Good In Places)  (Turf),1m,Elmos Fire (IRE),William James Lee,0,Andrew Kinirons,1st,N/A,3,9-8,-,True,1,48
Listowel Racing Results | 5th June 2022 16:40,N/A,16:40,Yielding (Good In Places),1m,Cormac (IRE),Jack Cleary,7,Michael G. Cleary,15th,30 l,4,9-2t,49,True,1,49
Listowel Racing Results | 5th June 2022 16:40,N/A,16:40,Yielding (Good In Places),1m,Shimla Rolann,R. C. Colgan,0,Miss Hilary McLoughlin,14th,3 1/2 l,4,9-13h,60,True,1,49
Listowel Racing Results | 5th June 2022 16:40,N/A,16:40,Yielding (Good In Places),1m,Tanseeq,C. D. Hayes,0,T. Gibney,13th,1 3/4 l,7,9-8,55,True,1,49
Listowel Racing Results | 5th June 2022 16:40,N/A,16:40,Yielding (Good In Places),1m,Chagall (IRE),M. A. Enright,0,Laura Hourigan,12th,Neck,6,9-0,47,True,1,49
Listowel Racing Results | 5th June 2022 16:40,N/A,16:40,Yielding (Good In Places),1m,Desert Wave,James J. Doyle,0,Kevin Thomas Coleman,11th,4 1/2 l,5,9-2,49,True,1,49
Listowel Racing Results | 5th June 2022 16:40,N/A,16:40,Yielding (Good In Places),1m,Kudbegood (IRE),R. P. Whelan,0,P. J. F. Murphy,10th,Head,7,9-13tp,60,True,1,49
Listowel Racing Results | 5th June 2022 16:40,N/A,16:40,Yielding (Good In Places),1m,Miracles In May (IRE),M. P. Sheehy,3,Mark Cahill,9th,Neck,7,9-6tp1,53,True,1,49
Listowel Racing Results | 5th June 2022 16:40,N/A,16:40,Yielding (Good In Places),1m,Sheila (IRE),C. T. Keane,0,Denis Hogan,8th,2 l,5,10-2b,63,True,1,49
Listowel Racing Results | 5th June 2022 16:40,N/A,16:40,Yielding (Good In Places),1m,Well Funded (IRE),P. A. Harnett,7,Eoin Christopher McCarthy,7th,6 l,6,9-12,59,True,1,49
Listowel Racing Results | 5th June 2022 16:40,N/A,16:40,Yielding (Good In Places),1m,Barnhill Rose,S. D. Bowen,7,Denis Hogan,6th,1 3/4 l,4,9-0,47,True,1,49
Listowel Racing Results | 5th June 2022 16:40,N/A,16:40,Yielding (Good In Places),1m,Transition,G. M. Ryan,0,Tracey Collins,5th,1 1/4 l,5,9-0h,47,True,1,49
Listowel Racing Results | 5th June 2022 16:40,N/A,16:40,Yielding (Good In Places),1m,Han Solo,W. M. Lordan,0,Augustine Leahy,4th,Neck,6,9-6p,53,True,1,49
Listowel Racing Results | 5th June 2022 16:40,N/A,16:40,Yielding (Good In Places),1m,Morning Dew (GER),William James Lee,0,Andrew Kinirons,3rd,1 1/4 l,6,9-1,48,True,1,49
Listowel Racing Results | 5th June 2022 16:40,N/A,16:40,Yielding (Good In Places),1m,Coviglia (IRE),D. J. Gilligan,10,C. Moore,2nd,1 3/4 l,8,10-2,63,True,1,49
Listowel Racing Results | 5th June 2022 16:40,N/A,16:40,Yielding (Good In Places),1m,Miss Cunning (IRE),J. Coen,7,Aengus King,1st,N/A,5,9-5b,52,True,1,49
Listowel Racing Results | 5th June 2022 16:40,N/A,16:40,Yielding (Good In Places),1m,Cormac (IRE),Jack Cleary,7,Michael G. Cleary,15th,30 l,4,9-2t,49,True,1,49
Listowel Racing Results | 5th June 2022 16:40,N/A,16:40,Yielding (Good In Places),1m,Shimla Rolann,R. C. Colgan,0,Miss Hilary McLoughlin,14th,3 1/2 l,4,9-13h,60,True,1,49
Listowel Racing Results | 5th June 2022 16:40,N/A,16:40,Yielding (Good In Places),1m,Tanseeq,C. D. Hayes,0,T. Gibney,13th,1 3/4 l,7,9-8,55,True,1,49
Listowel Racing Results | 5th June 2022 16:40,N/A,16:40,Yielding (Good In Places),1m,Chagall (IRE),M. A. Enright,0,Laura Hourigan,12th,Neck,6,9-0,47,True,1,49
Listowel Racing Results | 5th June 2022 16:40,N/A,16:40,Yielding (Good In Places),1m,Desert Wave,James J. Doyle,0,Kevin Thomas Coleman,11th,4 1/2 l,5,9-2,49,True,1,49
Listowel Racing Results | 5th June 2022 16:40,N/A,16:40,Yielding (Good In Places),1m,Kudbegood (IRE),R. P. Whelan,0,P. J. F. Murphy,10th,Head,7,9-13tp,60,True,1,49
Listowel Racing Results | 5th June 2022 16:40,N/A,16:40,Yielding (Good In Places),1m,Miracles In May (IRE),M. P. Sheehy,3,Mark Cahill,9th,Neck,7,9-6tp1,53,True,1,49
Listowel Racing Results | 5th June 2022 16:40,N/A,16:40,Yielding (Good In Places),1m,Sheila (IRE),C. T. Keane,0,Denis Hogan,8th,2 l,5,10-2b,63,True,1,49
Listowel Racing Results | 5th June 2022 16:40,N/A,16:40,Yielding (Good In Places),1m,Well Funded (IRE),P. A. Harnett,7,Eoin Christopher McCarthy,7th,6 l,6,9-12,59,True,1,49
Listowel Racing Results | 5th June 2022 16:40,N/A,16:40,Yielding (Good In Places),1m,Barnhill Rose,S. D. Bowen,7,Denis Hogan,6th,1 3/4 l,4,9-0,47,True,1,49
Listowel Racing Results | 5th June 2022 16:40,N/A,16:40,Yielding (Good In Places),1m,Transition,G. M. Ryan,0,Tracey Collins,5th,1 1/4 l,5,9-0h,47,True,1,49
Listowel Racing Results | 5th June 2022 16:40,N/A,16:40,Yielding (Good In Places),1m,Han Solo,W. M. Lordan,0,Augustine Leahy,4th,Neck,6,9-6p,53,True,1,49
Listowel Racing Results | 5th June 2022 16:40,N/A,16:40,Yielding (Good In Places),1m,Morning Dew (GER),William James Lee,0,Andrew Kinirons,3rd,1 1/4 l,6,9-1,48,True,1,49
Listowel Racing Results | 5th June 2022 16:40,N/A,16:40,Yielding (Good In Places),1m,Coviglia (IRE),D. J. Gilligan,10,C. Moore,2nd,1 3/4 l,8,10-2,63,True,1,49
Listowel Racing Results | 5th June 2022 16:40,N/A,16:40,Yielding (Good In Places),1m,Miss Cunning (IRE),J. Coen,7,Aengus King,1st,N/A,5,9-5b,52,True,1,49
Listowel Racing Results | 5th June 2022 17:10,N/A,17:10,Yielding (Good In Places),1m 4f 210y,Belsanndi (FR),Ms K. L. Derwin,7,E. J. O'Grady,6th,6 1/2 l,6,11-0,-,True,1,50
Listowel Racing Results | 5th June 2022 17:10,N/A,17:10,Yielding (Good In Places),1m 4f 210y,Corbin (GER),Mr J. Younge,7,S. M. Duffy,5th,2 1/2 l,8,11-0,-,True,1,50
Listowel Racing Results | 5th June 2022 17:10,N/A,17:10,Yielding (Good In Places),1m 4f 210y,Free Royal (IRE),Miss G. German,7,Ms Sheila Lavery,4th,3 1/2 l,5,11-0t,-,True,1,50
Listowel Racing Results | 5th June 2022 17:10,N/A,17:10,Yielding (Good In Places),1m 4f 210y,Dance Jupiter (IRE),Mr T. Hamilton,0,Joseph Patrick O'Brien,3rd,3 1/2 l,6,11-0,-,True,1,50
Listowel Racing Results | 5th June 2022 17:10,N/A,17:10,Yielding (Good In Places),1m 4f 210y,Barbados (IRE),Mr M. J. M. O'Sullivan,7,Mrs J. Harrington,2nd,1 1/2 l,6,11-5tp,-,True,1,50
Listowel Racing Results | 5th June 2022 17:10,N/A,17:10,Yielding (Good In Places),1m 4f 210y,Dark Spark (IRE),Miss A. L. Fitzgibbon,7,Michael Winters,1st,N/A,6,11-0,-,True,1,50
Listowel Racing Results | 5th June 2022 17:10,N/A,17:10,Yielding (Good In Places),1m 4f 210y,Belsanndi (FR),Ms K. L. Derwin,7,E. J. O'Grady,6th,6 1/2 l,6,11-0,-,True,1,50
Listowel Racing Results | 5th June 2022 17:10,N/A,17:10,Yielding (Good In Places),1m 4f 210y,Corbin (GER),Mr J. Younge,7,S. M. Duffy,5th,2 1/2 l,8,11-0,-,True,1,50
Listowel Racing Results | 5th June 2022 17:10,N/A,17:10,Yielding (Good In Places),1m 4f 210y,Free Royal (IRE),Miss G. German,7,Ms Sheila Lavery,4th,3 1/2 l,5,11-0t,-,True,1,50
Listowel Racing Results | 5th June 2022 17:10,N/A,17:10,Yielding (Good In Places),1m 4f 210y,Dance Jupiter (IRE),Mr T. Hamilton,0,Joseph Patrick O'Brien,3rd,3 1/2 l,6,11-0,-,True,1,50
Listowel Racing Results | 5th June 2022 17:10,N/A,17:10,Yielding (Good In Places),1m 4f 210y,Barbados (IRE),Mr M. J. M. O'Sullivan,7,Mrs J. Harrington,2nd,1 1/2 l,6,11-5tp,-,True,1,50
Listowel Racing Results | 5th June 2022 17:10,N/A,17:10,Yielding (Good In Places),1m 4f 210y,Dark Spark (IRE),Miss A. L. Fitzgibbon,7,Michael Winters,1st,N/A,6,11-0,-,True,1,50
