track_name,race_date,race_time,going,distance,horse_name,jockey,claims,trainer,race_position,lost_by_length,age,weight,rating,first_place_found,batch_number,url_index_in_batch
N/A,N/A,18:55,Yielding (Yielding To Soft In Places),6f,Hernes Hill,D. W. O'Connor,0,John McConnell,17th,26 l,4,9-8t,62,True,81,1
N/A,N/A,18:55,Yielding (Yielding To Soft In Places),6f,Shoebox King (IRE),C. M. Hogan,10,Kevin Thomas Coleman,16th,5 1/2 l,4,9-9b,63,True,81,1
N/A,N/A,18:55,Yielding (Yielding To Soft In Places),6f,Hot Whispers (IRE),N. M. Crosse,0,Adrian Brendan Joyce,15th,Neck,4,8-12tp,52,True,81,1
N/A,N/A,18:55,Yielding (Yielding To Soft In Places),6f,The Fog Horn (IRE),J. J. G. Ryan,7,Seamus G. O'Donnell,14th,Neck,3,9-8b,64,True,81,1
N/A,N/A,18:55,Yielding (Yielding To Soft In Places),6f,Ever Rock (IRE),Wesley Joyce,7,J. J. Lambe,13th,1 3/4 l,7,8-12,52,True,81,1
N/A,N/A,18:55,Yielding (Yielding To Soft In Places),6f,Redshore City (IRE),Siobhan Rutledge,3,John McConnell,12th,Neck,3,8-8,50,True,81,1
N/A,N/A,18:55,Yielding (Yielding To Soft In Places),6f,Maponus (IRE),Declan McDonogh,0,E. J. O'Neill,11th,Head,4,8-13,53,True,81,1
N/A,N/A,18:55,Yielding (Yielding To Soft In Places),6f,Iva Batt (IRE),R. P. Whelan,0,Adrian McGuinness,10th,Short Head,5,10-2p,70,True,81,1
N/A,N/A,18:55,Yielding (Yielding To Soft In Places),6f,Starnight (IRE),Ben Martin Coen,0,John Patrick Murtagh,9th,Head,3,9-11p1,67,True,81,1
N/A,N/A,18:55,Yielding (Yielding To Soft In Places),6f,Mogwli (IRE),Jessica Maye,10,W. McCreery,8th,Nose,6,9-2v,56,True,81,1
N/A,N/A,18:55,Yielding (Yielding To Soft In Places),6f,Tiktok Time (IRE),Andrew Joseph Slattery,0,David Marnane,7th,2 l,3,8-9h,51,True,81,1
N/A,N/A,18:55,Yielding (Yielding To Soft In Places),6f,Es Vedra (IRE),L. F. Roche,0,Charles Weld,6th,1/2 l,3,9-7,63,True,81,1
N/A,N/A,18:55,Yielding (Yielding To Soft In Places),6f,Marks Bear (IRE),William James Lee,0,W. J. Burke,5th,1 3/4 l,5,9-12,66,True,81,1
N/A,N/A,18:55,Yielding (Yielding To Soft In Places),6f,Step Back In Time (IRE),C. J. MacRedmond,5,Christopher David Timmons,4th,Neck,5,8-13p,53,True,81,1
N/A,N/A,18:55,Yielding (Yielding To Soft In Places),6f,Queenie St Clair (IRE),C. T. Keane,0,Noel Meade,3rd,3/4 l,3,10-0b1,70,True,81,1
N/A,N/A,18:55,Yielding (Yielding To Soft In Places),6f,Cavallo Pazzo (IRE),D. B. McMonagle,0,Joseph Patrick O'Brien,2nd,3/4 l,4,10-0t,68,True,81,1
N/A,N/A,18:55,Yielding (Yielding To Soft In Places),6f,Universally (IRE),C. D. Hayes,0,E. J. O'Neill,1st,N/A,4,9-7b,61,True,81,1
N/A,N/A,18:55,Yielding (Yielding To Soft In Places),6f,Hernes Hill,D. W. O'Connor,0,John McConnell,17th,26 l,4,9-8t,62,True,81,1
N/A,N/A,18:55,Yielding (Yielding To Soft In Places),6f,Shoebox King (IRE),C. M. Hogan,10,Kevin Thomas Coleman,16th,5 1/2 l,4,9-9b,63,True,81,1
N/A,N/A,18:55,Yielding (Yielding To Soft In Places),6f,Hot Whispers (IRE),N. M. Crosse,0,Adrian Brendan Joyce,15th,Neck,4,8-12tp,52,True,81,1
N/A,N/A,18:55,Yielding (Yielding To Soft In Places),6f,The Fog Horn (IRE),J. J. G. Ryan,7,Seamus G. O'Donnell,14th,Neck,3,9-8b,64,True,81,1
N/A,N/A,18:55,Yielding (Yielding To Soft In Places),6f,Ever Rock (IRE),Wesley Joyce,7,J. J. Lambe,13th,1 3/4 l,7,8-12,52,True,81,1
N/A,N/A,18:55,Yielding (Yielding To Soft In Places),6f,Redshore City (IRE),Siobhan Rutledge,3,John McConnell,12th,Neck,3,8-8,50,True,81,1
N/A,N/A,18:55,Yielding (Yielding To Soft In Places),6f,Maponus (IRE),Declan McDonogh,0,E. J. O'Neill,11th,Head,4,8-13,53,True,81,1
N/A,N/A,18:55,Yielding (Yielding To Soft In Places),6f,Iva Batt (IRE),R. P. Whelan,0,Adrian McGuinness,10th,Short Head,5,10-2p,70,True,81,1
N/A,N/A,18:55,Yielding (Yielding To Soft In Places),6f,Starnight (IRE),Ben Martin Coen,0,John Patrick Murtagh,9th,Head,3,9-11p1,67,True,81,1
N/A,N/A,18:55,Yielding (Yielding To Soft In Places),6f,Mogwli (IRE),Jessica Maye,10,W. McCreery,8th,Nose,6,9-2v,56,True,81,1
N/A,N/A,18:55,Yielding (Yielding To Soft In Places),6f,Tiktok Time (IRE),Andrew Joseph Slattery,0,David Marnane,7th,2 l,3,8-9h,51,True,81,1
N/A,N/A,18:55,Yielding (Yielding To Soft In Places),6f,Es Vedra (IRE),L. F. Roche,0,Charles Weld,6th,1/2 l,3,9-7,63,True,81,1
N/A,N/A,18:55,Yielding (Yielding To Soft In Places),6f,Marks Bear (IRE),William James Lee,0,W. J. Burke,5th,1 3/4 l,5,9-12,66,True,81,1
N/A,N/A,18:55,Yielding (Yielding To Soft In Places),6f,Step Back In Time (IRE),C. J. MacRedmond,5,Christopher David Timmons,4th,Neck,5,8-13p,53,True,81,1
N/A,N/A,18:55,Yielding (Yielding To Soft In Places),6f,Queenie St Clair (IRE),C. T. Keane,0,Noel Meade,3rd,3/4 l,3,10-0b1,70,True,81,1
N/A,N/A,18:55,Yielding (Yielding To Soft In Places),6f,Cavallo Pazzo (IRE),D. B. McMonagle,0,Joseph Patrick O'Brien,2nd,3/4 l,4,10-0t,68,True,81,1
N/A,N/A,18:55,Yielding (Yielding To Soft In Places),6f,Universally (IRE),C. D. Hayes,0,E. J. O'Neill,1st,N/A,4,9-7b,61,True,81,1
N/A,N/A,14:05,Soft (Heavy In Places),7f 15y,Bofa (IRE),H. J. Horgan,7,J. J. Feane,5th,10 l,2,9-7,-,True,81,2
N/A,N/A,14:05,Soft (Heavy In Places),7f 15y,Orderofthephoenix (IRE),R. P. Whelan,0,Adrian McGuinness,4th,2 1/2 l,2,9-2,-,True,81,2
N/A,N/A,14:05,Soft (Heavy In Places),7f 15y,Master Of The Hunt (IRE),K. K. Hennessy,5,Aidan O'Brien,3rd,1/2 l,2,9-7,-,True,81,2
N/A,N/A,14:05,Soft (Heavy In Places),7f 15y,My Princess (IRE),Andrew Joseph Slattery,0,A. Slattery,2nd,Head,2,9-2,-,True,81,2
N/A,N/A,14:05,Soft (Heavy In Places),7f 15y,Starliner (IRE),G. M. Ryan,0,Donnacha Aidan O'Brien,1st,N/A,2,9-7,-,True,81,2
N/A,N/A,14:05,Soft (Heavy In Places),7f 15y,Bofa (IRE),H. J. Horgan,7,J. J. Feane,5th,10 l,2,9-7,-,True,81,2
N/A,N/A,14:05,Soft (Heavy In Places),7f 15y,Orderofthephoenix (IRE),R. P. Whelan,0,Adrian McGuinness,4th,2 1/2 l,2,9-2,-,True,81,2
N/A,N/A,14:05,Soft (Heavy In Places),7f 15y,Master Of The Hunt (IRE),K. K. Hennessy,5,Aidan O'Brien,3rd,1/2 l,2,9-7,-,True,81,2
N/A,N/A,14:05,Soft (Heavy In Places),7f 15y,My Princess (IRE),Andrew Joseph Slattery,0,A. Slattery,2nd,Head,2,9-2,-,True,81,2
N/A,N/A,14:05,Soft (Heavy In Places),7f 15y,Starliner (IRE),G. M. Ryan,0,Donnacha Aidan O'Brien,1st,N/A,2,9-7,-,True,81,2
N/A,N/A,14:40,Soft (Heavy In Places),7f 15y,Little Keilee (IRE),J. Coen,5,Ciaran Murphy,11th,3 l,3,10-0,65,True,81,3
N/A,N/A,14:40,Soft (Heavy In Places),7f 15y,Rock Dandy (IRE),C. Stone-Walsh,7,P. J. F. Murphy,10th,Neck,5,9-11b,59,True,81,3
N/A,N/A,14:40,Soft (Heavy In Places),7f 15y,Lucky Queen (IRE),J. Kearney,7,P. J. F. Murphy,9th,Neck,4,9-12tp,60,True,81,3
N/A,N/A,14:40,Soft (Heavy In Places),7f 15y,Talking Tough (IRE),C. D. Hayes,0,S. M. Duffy,8th,Neck,6,8-13tp,47,True,81,3
N/A,N/A,14:40,Soft (Heavy In Places),7f 15y,Purring Along (IRE),N. M. Crosse,0,S. M. Duffy,7th,3/4 l,4,9-9,57,True,81,3
N/A,N/A,14:40,Soft (Heavy In Places),7f 15y,Von Krolock (IRE),R. P. Whelan,0,Timothy Doyle,6th,1 3/4 l,4,9-4,52,True,81,3
N/A,N/A,14:40,Soft (Heavy In Places),7f 15y,Almost An Angel,C. J. MacRedmond,5,John Larkin,5th,1 3/4 l,5,8-13,47,True,81,3
N/A,N/A,14:40,Soft (Heavy In Places),7f 15y,Nibras Rainbow (IRE),Shane Foley,0,Paul W. Flynn,4th,3/4 l,3,9-9p,60,True,81,3
N/A,N/A,14:40,Soft (Heavy In Places),7f 15y,Lisieux (IRE),Adam Caffrey,5,Adrian McGuinness,3rd,1/2 l,3,9-0,51,True,81,3
N/A,N/A,14:40,Soft (Heavy In Places),7f 15y,Zephron,Oisin Murphy,0,Denis W. Cullen,2nd,1/2 l,6,9-9p,57,True,81,3
N/A,N/A,14:40,Soft (Heavy In Places),7f 15y,Racing Royalty,William James Lee,0,Gillian Scott,1st,N/A,4,9-12b,60,True,81,3
N/A,N/A,14:40,Soft (Heavy In Places),7f 15y,Little Keilee (IRE),J. Coen,5,Ciaran Murphy,11th,3 l,3,10-0,65,True,81,3
N/A,N/A,14:40,Soft (Heavy In Places),7f 15y,Rock Dandy (IRE),C. Stone-Walsh,7,P. J. F. Murphy,10th,Neck,5,9-11b,59,True,81,3
N/A,N/A,14:40,Soft (Heavy In Places),7f 15y,Lucky Queen (IRE),J. Kearney,7,P. J. F. Murphy,9th,Neck,4,9-12tp,60,True,81,3
N/A,N/A,14:40,Soft (Heavy In Places),7f 15y,Talking Tough (IRE),C. D. Hayes,0,S. M. Duffy,8th,Neck,6,8-13tp,47,True,81,3
N/A,N/A,14:40,Soft (Heavy In Places),7f 15y,Purring Along (IRE),N. M. Crosse,0,S. M. Duffy,7th,3/4 l,4,9-9,57,True,81,3
N/A,N/A,14:40,Soft (Heavy In Places),7f 15y,Von Krolock (IRE),R. P. Whelan,0,Timothy Doyle,6th,1 3/4 l,4,9-4,52,True,81,3
N/A,N/A,14:40,Soft (Heavy In Places),7f 15y,Almost An Angel,C. J. MacRedmond,5,John Larkin,5th,1 3/4 l,5,8-13,47,True,81,3
N/A,N/A,14:40,Soft (Heavy In Places),7f 15y,Nibras Rainbow (IRE),Shane Foley,0,Paul W. Flynn,4th,3/4 l,3,9-9p,60,True,81,3
N/A,N/A,14:40,Soft (Heavy In Places),7f 15y,Lisieux (IRE),Adam Caffrey,5,Adrian McGuinness,3rd,1/2 l,3,9-0,51,True,81,3
N/A,N/A,14:40,Soft (Heavy In Places),7f 15y,Zephron,Oisin Murphy,0,Denis W. Cullen,2nd,1/2 l,6,9-9p,57,True,81,3
N/A,N/A,14:40,Soft (Heavy In Places),7f 15y,Racing Royalty,William James Lee,0,Gillian Scott,1st,N/A,4,9-12b,60,True,81,3
N/A,N/A,15:15,Soft (Heavy In Places),7f 15y,Elephant John (IRE),G. M. Ryan,0,Eoin Christopher McCarthy,13th,9 1/2 l,5,9-2,66,True,81,4
N/A,N/A,15:15,Soft (Heavy In Places),7f 15y,Finsceal Go Deo (IRE),L. T. McAteer,0,J. S. Bolger,12th,4 1/2 l,3,9-0,67,True,81,4
N/A,N/A,15:15,Soft (Heavy In Places),7f 15y,Desert Haven,C. T. Keane,0,Noel Meade,11th,Head,3,9-11t,78,True,81,4
N/A,N/A,15:15,Soft (Heavy In Places),7f 15y,On Our Radar (IRE),Andrew Joseph Slattery,0,A. Slattery,10th,4 3/4 l,3,9-1,68,True,81,4
N/A,N/A,15:15,Soft (Heavy In Places),7f 15y,Ivasecret (IRE),L. F. Roche,0,John Joseph Hanlon,9th,5 1/2 l,5,9-6,70,True,81,4
N/A,N/A,15:15,Soft (Heavy In Places),7f 15y,Free Solo (IRE),J. Coen,5,P. J. F. Murphy,8th,3 1/2 l,6,10-1tp,79,True,81,4
N/A,N/A,15:15,Soft (Heavy In Places),7f 15y,Run Forrest Run (IRE),C. D. Hayes,0,Michael Fenton,7th,Neck,5,8-12p,62,True,81,4
N/A,N/A,15:15,Soft (Heavy In Places),7f 15y,Stag Night (IRE),William James Lee,0,W. McCreery,6th,1 1/4 l,5,10-2,80,True,81,4
N/A,N/A,15:15,Soft (Heavy In Places),7f 15y,Eastern Wind,J. J. G. Ryan,7,T. G. McCourt,5th,1/2 l,4,9-12p,76,True,81,4
N/A,N/A,15:15,Soft (Heavy In Places),7f 15y,Sirjack Thomas (IRE),Adam Caffrey,5,Adrian McGuinness,4th,Neck,8,9-12,76,True,81,4
N/A,N/A,15:15,Soft (Heavy In Places),7f 15y,Brave Troop (IRE),D. King,5,Barry Fitzgerald,3rd,Nose,4,10-2,80,True,81,4
N/A,N/A,15:15,Soft (Heavy In Places),7f 15y,Mercurial (IRE),S. D. Bowen,7,John J. Nallen,2nd,Nose,4,9-4p,68,True,81,4
N/A,N/A,15:15,Soft (Heavy In Places),7f 15y,Dragon Of Malta (IRE),Oisin Murphy,0,P. F. O'Donnell,1st,N/A,6,9-12tb,76,True,81,4
N/A,N/A,15:15,Soft (Heavy In Places),7f 15y,Elephant John (IRE),G. M. Ryan,0,Eoin Christopher McCarthy,13th,9 1/2 l,5,9-2,66,True,81,4
N/A,N/A,15:15,Soft (Heavy In Places),7f 15y,Finsceal Go Deo (IRE),L. T. McAteer,0,J. S. Bolger,12th,4 1/2 l,3,9-0,67,True,81,4
N/A,N/A,15:15,Soft (Heavy In Places),7f 15y,Desert Haven,C. T. Keane,0,Noel Meade,11th,Head,3,9-11t,78,True,81,4
N/A,N/A,15:15,Soft (Heavy In Places),7f 15y,On Our Radar (IRE),Andrew Joseph Slattery,0,A. Slattery,10th,4 3/4 l,3,9-1,68,True,81,4
N/A,N/A,15:15,Soft (Heavy In Places),7f 15y,Ivasecret (IRE),L. F. Roche,0,John Joseph Hanlon,9th,5 1/2 l,5,9-6,70,True,81,4
N/A,N/A,15:15,Soft (Heavy In Places),7f 15y,Free Solo (IRE),J. Coen,5,P. J. F. Murphy,8th,3 1/2 l,6,10-1tp,79,True,81,4
N/A,N/A,15:15,Soft (Heavy In Places),7f 15y,Run Forrest Run (IRE),C. D. Hayes,0,Michael Fenton,7th,Neck,5,8-12p,62,True,81,4
N/A,N/A,15:15,Soft (Heavy In Places),7f 15y,Stag Night (IRE),William James Lee,0,W. McCreery,6th,1 1/4 l,5,10-2,80,True,81,4
N/A,N/A,15:15,Soft (Heavy In Places),7f 15y,Eastern Wind,J. J. G. Ryan,7,T. G. McCourt,5th,1/2 l,4,9-12p,76,True,81,4
N/A,N/A,15:15,Soft (Heavy In Places),7f 15y,Sirjack Thomas (IRE),Adam Caffrey,5,Adrian McGuinness,4th,Neck,8,9-12,76,True,81,4
N/A,N/A,15:15,Soft (Heavy In Places),7f 15y,Brave Troop (IRE),D. King,5,Barry Fitzgerald,3rd,Nose,4,10-2,80,True,81,4
N/A,N/A,15:15,Soft (Heavy In Places),7f 15y,Mercurial (IRE),S. D. Bowen,7,John J. Nallen,2nd,Nose,4,9-4p,68,True,81,4
N/A,N/A,15:15,Soft (Heavy In Places),7f 15y,Dragon Of Malta (IRE),Oisin Murphy,0,P. F. O'Donnell,1st,N/A,6,9-12tb,76,True,81,4
N/A,N/A,15:50,Soft (Heavy In Places),1m 1f,Fizzical (IRE),J. M. Sheridan,0,J. A. Stack,9th,1 1/4 l,4,9-4,-,True,81,5
N/A,N/A,15:50,Soft (Heavy In Places),1m 1f,Blues Emperor (IRE),Ben Martin Coen,0,John Patrick Murtagh,8th,21 l,4,9-9,-,True,81,5
N/A,N/A,15:50,Soft (Heavy In Places),1m 1f,Fleetfoot (IRE),L. T. McAteer,0,J. S. Bolger,7th,6 l,3,9-4t,-,True,81,5
N/A,N/A,15:50,Soft (Heavy In Places),1m 1f,Keep In Touch (IRE),C. D. Hayes,0,D. K. Weld,6th,Neck,3,8-13v,-,True,81,5
N/A,N/A,15:50,Soft (Heavy In Places),1m 1f,Any Dream Will Do (IRE),William James Lee,0,W. McCreery,5th,1 3/4 l,4,9-4p,-,True,81,5
N/A,N/A,15:50,Soft (Heavy In Places),1m 1f,Kingswood,R. P. Whelan,0,John S. O'Donoghue,4th,3 l,3,9-4,-,True,81,5
N/A,N/A,15:50,Soft (Heavy In Places),1m 1f,Curvature (IRE),Shane Foley,0,Mrs J. Harrington,3rd,1/2 l,3,8-13,-,True,81,5
N/A,N/A,15:50,Soft (Heavy In Places),1m 1f,Miramis (IRE),D. B. McMonagle,0,Joseph Patrick O'Brien,2nd,Neck,5,9-7,-,True,81,5
N/A,N/A,15:50,Soft (Heavy In Places),1m 1f,Maud Gonne Spirit (IRE),N. M. Crosse,0,Mrs J. Harrington,1st,N/A,6,9-4p,-,True,81,5
N/A,N/A,15:50,Soft (Heavy In Places),1m 1f,Fizzical (IRE),J. M. Sheridan,0,J. A. Stack,9th,1 1/4 l,4,9-4,-,True,81,5
N/A,N/A,15:50,Soft (Heavy In Places),1m 1f,Blues Emperor (IRE),Ben Martin Coen,0,John Patrick Murtagh,8th,21 l,4,9-9,-,True,81,5
N/A,N/A,15:50,Soft (Heavy In Places),1m 1f,Fleetfoot (IRE),L. T. McAteer,0,J. S. Bolger,7th,6 l,3,9-4t,-,True,81,5
N/A,N/A,15:50,Soft (Heavy In Places),1m 1f,Keep In Touch (IRE),C. D. Hayes,0,D. K. Weld,6th,Neck,3,8-13v,-,True,81,5
N/A,N/A,15:50,Soft (Heavy In Places),1m 1f,Any Dream Will Do (IRE),William James Lee,0,W. McCreery,5th,1 3/4 l,4,9-4p,-,True,81,5
N/A,N/A,15:50,Soft (Heavy In Places),1m 1f,Kingswood,R. P. Whelan,0,John S. O'Donoghue,4th,3 l,3,9-4,-,True,81,5
N/A,N/A,15:50,Soft (Heavy In Places),1m 1f,Curvature (IRE),Shane Foley,0,Mrs J. Harrington,3rd,1/2 l,3,8-13,-,True,81,5
N/A,N/A,15:50,Soft (Heavy In Places),1m 1f,Miramis (IRE),D. B. McMonagle,0,Joseph Patrick O'Brien,2nd,Neck,5,9-7,-,True,81,5
N/A,N/A,15:50,Soft (Heavy In Places),1m 1f,Maud Gonne Spirit (IRE),N. M. Crosse,0,Mrs J. Harrington,1st,N/A,6,9-4p,-,True,81,5
N/A,N/A,16:25,Soft (Heavy In Places),1m,Bid For Chester (IRE),Wesley Joyce,7,Michael Mulvany,6th,1/2 l,2,8-11,-,True,81,6
N/A,N/A,16:25,Soft (Heavy In Places),1m,Tamrat (IRE),C. T. Keane,0,G. M. Lyons,5th,2 1/4 l,2,9-8,-,True,81,6
N/A,N/A,16:25,Soft (Heavy In Places),1m,Spanish Flame (IRE),J. Kearney,7,G. M. Lyons,4th,1 1/2 l,2,9-11,-,True,81,6
N/A,N/A,16:25,Soft (Heavy In Places),1m,Asian Daze (IRE),D. E. Sheehy,3,John Patrick Murtagh,3rd,1 3/4 l,2,9-3,-,True,81,6
N/A,N/A,16:25,Soft (Heavy In Places),1m,Old Faithful (FR),Oisin Murphy,0,Aidan O'Brien,2nd,2 1/2 l,2,9-1,-,True,81,6
N/A,N/A,16:25,Soft (Heavy In Places),1m,Nor Time Nor Tide (IRE),C. Stone-Walsh,7,Joseph Patrick O'Brien,1st,N/A,2,9-5,-,True,81,6
N/A,N/A,16:25,Soft (Heavy In Places),1m,Bid For Chester (IRE),Wesley Joyce,7,Michael Mulvany,6th,1/2 l,2,8-11,-,True,81,6
N/A,N/A,16:25,Soft (Heavy In Places),1m,Tamrat (IRE),C. T. Keane,0,G. M. Lyons,5th,2 1/4 l,2,9-8,-,True,81,6
N/A,N/A,16:25,Soft (Heavy In Places),1m,Spanish Flame (IRE),J. Kearney,7,G. M. Lyons,4th,1 1/2 l,2,9-11,-,True,81,6
N/A,N/A,16:25,Soft (Heavy In Places),1m,Asian Daze (IRE),D. E. Sheehy,3,John Patrick Murtagh,3rd,1 3/4 l,2,9-3,-,True,81,6
N/A,N/A,16:25,Soft (Heavy In Places),1m,Old Faithful (FR),Oisin Murphy,0,Aidan O'Brien,2nd,2 1/2 l,2,9-1,-,True,81,6
N/A,N/A,16:25,Soft (Heavy In Places),1m,Nor Time Nor Tide (IRE),C. Stone-Walsh,7,Joseph Patrick O'Brien,1st,N/A,2,9-5,-,True,81,6
N/A,N/A,17:00,Soft (Heavy In Places),1m,Small Oasis,Oisin Murphy,0,Mrs J. Harrington,10th,8 1/2 l,3,9-6b,94,True,81,7
N/A,N/A,17:00,Soft (Heavy In Places),1m,Casanova,R. P. Whelan,0,Adrian McGuinness,9th,Neck,7,9-9,93,True,81,7
N/A,N/A,17:00,Soft (Heavy In Places),1m,Earls (IRE),G. F. Carroll,0,Gavin Patrick Cromwell,8th,Head,6,9-2t,86,True,81,7
N/A,N/A,17:00,Soft (Heavy In Places),1m,Lust (IRE),C. T. Keane,0,G. M. Lyons,7th,1 l,5,9-12t,96,True,81,7
N/A,N/A,17:00,Soft (Heavy In Places),1m,Saltonstall,Adam Caffrey,5,Adrian McGuinness,6th,Neck,9,9-11tp,95,True,81,7
N/A,N/A,17:00,Soft (Heavy In Places),1m,Cristal Clere (IRE),S. D. Bowen,7,John J. Nallen,5th,1 l,5,9-9,93,True,81,7
N/A,N/A,17:00,Soft (Heavy In Places),1m,Snapraeterea (IRE),Declan McDonogh,0,Joseph Patrick O'Brien,4th,1 1/2 l,5,10-0,98,True,81,7
N/A,N/A,17:00,Soft (Heavy In Places),1m,Fast Tara (IRE),Ben Martin Coen,0,John Patrick Murtagh,3rd,1/2 l,3,9-3,91,True,81,7
N/A,N/A,17:00,Soft (Heavy In Places),1m,Laughifuwant (IRE),J. Kearney,7,Gerard Keane,2nd,1 l,8,9-7,91,True,81,7
N/A,N/A,17:00,Soft (Heavy In Places),1m,Spanish Tenor (IRE),C. J. MacRedmond,5,Adrian McGuinness,1st,N/A,9,9-1,85,True,81,7
N/A,N/A,17:00,Soft (Heavy In Places),1m,Small Oasis,Oisin Murphy,0,Mrs J. Harrington,10th,8 1/2 l,3,9-6b,94,True,81,7
N/A,N/A,17:00,Soft (Heavy In Places),1m,Casanova,R. P. Whelan,0,Adrian McGuinness,9th,Neck,7,9-9,93,True,81,7
N/A,N/A,17:00,Soft (Heavy In Places),1m,Earls (IRE),G. F. Carroll,0,Gavin Patrick Cromwell,8th,Head,6,9-2t,86,True,81,7
N/A,N/A,17:00,Soft (Heavy In Places),1m,Lust (IRE),C. T. Keane,0,G. M. Lyons,7th,1 l,5,9-12t,96,True,81,7
N/A,N/A,17:00,Soft (Heavy In Places),1m,Saltonstall,Adam Caffrey,5,Adrian McGuinness,6th,Neck,9,9-11tp,95,True,81,7
N/A,N/A,17:00,Soft (Heavy In Places),1m,Cristal Clere (IRE),S. D. Bowen,7,John J. Nallen,5th,1 l,5,9-9,93,True,81,7
N/A,N/A,17:00,Soft (Heavy In Places),1m,Snapraeterea (IRE),Declan McDonogh,0,Joseph Patrick O'Brien,4th,1 1/2 l,5,10-0,98,True,81,7
N/A,N/A,17:00,Soft (Heavy In Places),1m,Fast Tara (IRE),Ben Martin Coen,0,John Patrick Murtagh,3rd,1/2 l,3,9-3,91,True,81,7
N/A,N/A,17:00,Soft (Heavy In Places),1m,Laughifuwant (IRE),J. Kearney,7,Gerard Keane,2nd,1 l,8,9-7,91,True,81,7
N/A,N/A,17:00,Soft (Heavy In Places),1m,Spanish Tenor (IRE),C. J. MacRedmond,5,Adrian McGuinness,1st,N/A,9,9-1,85,True,81,7
N/A,N/A,17:35,Soft (Heavy In Places),1m 6f 55y,Ikigai Star (IRE),D. B. McMonagle,0,Joseph Patrick O'Brien,6th,13 l,3,9-10tb1,82,True,81,8
N/A,N/A,17:35,Soft (Heavy In Places),1m 6f 55y,Esquiline (FR),Ben Martin Coen,0,John Patrick Murtagh,5th,3 1/2 l,3,10-0p,86,True,81,8
N/A,N/A,17:35,Soft (Heavy In Places),1m 6f 55y,Master Dunraven (IRE),Wesley Joyce,7,John Patrick Murtagh,4th,2 3/4 l,3,8-13,71,True,81,8
N/A,N/A,17:35,Soft (Heavy In Places),1m 6f 55y,Quiz Test (IRE),Shane Foley,0,Sean Byrne,3rd,Neck,3,8-12,70,True,81,8
N/A,N/A,17:35,Soft (Heavy In Places),1m 6f 55y,Pinot Gris (IRE),G. F. Carroll,0,Gavin Patrick Cromwell,2nd,Head,3,9-9p,81,True,81,8
N/A,N/A,17:35,Soft (Heavy In Places),1m 6f 55y,Eastern Legend (IRE),L. T. McAteer,0,J. S. Bolger,1st,N/A,3,9-7t,79,True,81,8
N/A,N/A,17:35,Soft (Heavy In Places),1m 6f 55y,Ikigai Star (IRE),D. B. McMonagle,0,Joseph Patrick O'Brien,6th,13 l,3,9-10tb1,82,True,81,8
N/A,N/A,17:35,Soft (Heavy In Places),1m 6f 55y,Esquiline (FR),Ben Martin Coen,0,John Patrick Murtagh,5th,3 1/2 l,3,10-0p,86,True,81,8
N/A,N/A,17:35,Soft (Heavy In Places),1m 6f 55y,Master Dunraven (IRE),Wesley Joyce,7,John Patrick Murtagh,4th,2 3/4 l,3,8-13,71,True,81,8
N/A,N/A,17:35,Soft (Heavy In Places),1m 6f 55y,Quiz Test (IRE),Shane Foley,0,Sean Byrne,3rd,Neck,3,8-12,70,True,81,8
N/A,N/A,17:35,Soft (Heavy In Places),1m 6f 55y,Pinot Gris (IRE),G. F. Carroll,0,Gavin Patrick Cromwell,2nd,Head,3,9-9p,81,True,81,8
N/A,N/A,17:35,Soft (Heavy In Places),1m 6f 55y,Eastern Legend (IRE),L. T. McAteer,0,J. S. Bolger,1st,N/A,3,9-7t,79,True,81,8
N/A,N/A,14:10,Yielding To Soft,2m,Must Meet at Mals (IRE),Gavin Peter Brouder,5,P. J. F. Hassett,PU,N/A,6,11-12,-,True,81,9
N/A,N/A,14:10,Yielding To Soft,2m,Mountain Fame (IRE),E. Walsh,3,Damian Murphy,16th,21 l,7,11-5,-,True,81,9
N/A,N/A,14:10,Yielding To Soft,2m,Shotgun Jack (IRE),C. G. O'Dwyer,5,Patrick G. Kelly,15th,2 l,5,11-12,-,True,81,9
N/A,N/A,14:10,Yielding To Soft,2m,Jimmy De Giant (IRE),Phillip Enright,0,Robert Widger,14th,Head,5,11-12,-,True,81,9
N/A,N/A,14:10,Yielding To Soft,2m,Squire Ohara (IRE),Peter Carberry,0,A. J. Martin,13th,1 3/4 l,5,11-12,-,True,81,9
N/A,N/A,14:10,Yielding To Soft,2m,Enoughofthat (IRE),M. J. M. O'Sullivan,0,Eugene M. O'Sullivan,12th,3 l,5,11-12,-,True,81,9
N/A,N/A,14:10,Yielding To Soft,2m,Dorans Law (IRE),D. J. O'Keeffe,0,M. Hourigan,11th,3 3/4 l,5,11-12,-,True,81,9
N/A,N/A,14:10,Yielding To Soft,2m,River Vale (IRE),A. P. Heskin,0,Michael Winters,10th,1 1/2 l,7,11-12,-,True,81,9
N/A,N/A,14:10,Yielding To Soft,2m,Hell Left Loose,Sean Flanagan,0,Vincent Carroll,9th,2 1/2 l,7,11-12t,-,True,81,9
N/A,N/A,14:10,Yielding To Soft,2m,Ladybela,A. M. McCurtin,0,P. Kiely,8th,Neck,5,11-5h,-,True,81,9
N/A,N/A,14:10,Yielding To Soft,2m,Oogum Boogum (IRE),Mr E. T. Mellerick,7,David Kenneth Budds,7th,3/4 l,5,11-12,-,True,81,9
N/A,N/A,14:10,Yielding To Soft,2m,Cloudy Fountain (IRE),Mr Alan O'Sullivan,7,W. J. Burke,6th,2 1/2 l,5,11-5,-,True,81,9
N/A,N/A,14:10,Yielding To Soft,2m,Forever Frankie (IRE),S. F. O'Keeffe,0,Sean Aherne,5th,1/2 l,6,11-12,-,True,81,9
N/A,N/A,14:10,Yielding To Soft,2m,Vadsa Queen (IRE),P. Townend,0,W. P. Mullins,4th,7 l,5,11-5,-,True,81,9
N/A,N/A,14:10,Yielding To Soft,2m,Missus Beeton (IRE),S. Fitzgerald,0,Shane Nolan,3rd,2 1/4 l,5,11-5,-,True,81,9
N/A,N/A,14:10,Yielding To Soft,2m,Ballycallan King (IRE),Conor Clarke,7,Barry Fitzgerald,2nd,4 l,6,11-12p,-,True,81,9
N/A,N/A,14:10,Yielding To Soft,2m,The Shantou King (IRE),M. M. McDonagh,5,Aengus King,1st,N/A,6,11-12tp,-,True,81,9
N/A,N/A,14:10,Yielding To Soft,2m,Must Meet at Mals (IRE),Gavin Peter Brouder,5,P. J. F. Hassett,PU,N/A,6,11-12,-,True,81,9
N/A,N/A,14:10,Yielding To Soft,2m,Mountain Fame (IRE),E. Walsh,3,Damian Murphy,16th,21 l,7,11-5,-,True,81,9
N/A,N/A,14:10,Yielding To Soft,2m,Shotgun Jack (IRE),C. G. O'Dwyer,5,Patrick G. Kelly,15th,2 l,5,11-12,-,True,81,9
N/A,N/A,14:10,Yielding To Soft,2m,Jimmy De Giant (IRE),Phillip Enright,0,Robert Widger,14th,Head,5,11-12,-,True,81,9
N/A,N/A,14:10,Yielding To Soft,2m,Squire Ohara (IRE),Peter Carberry,0,A. J. Martin,13th,1 3/4 l,5,11-12,-,True,81,9
N/A,N/A,14:10,Yielding To Soft,2m,Enoughofthat (IRE),M. J. M. O'Sullivan,0,Eugene M. O'Sullivan,12th,3 l,5,11-12,-,True,81,9
N/A,N/A,14:10,Yielding To Soft,2m,Dorans Law (IRE),D. J. O'Keeffe,0,M. Hourigan,11th,3 3/4 l,5,11-12,-,True,81,9
N/A,N/A,14:10,Yielding To Soft,2m,River Vale (IRE),A. P. Heskin,0,Michael Winters,10th,1 1/2 l,7,11-12,-,True,81,9
N/A,N/A,14:10,Yielding To Soft,2m,Hell Left Loose,Sean Flanagan,0,Vincent Carroll,9th,2 1/2 l,7,11-12t,-,True,81,9
N/A,N/A,14:10,Yielding To Soft,2m,Ladybela,A. M. McCurtin,0,P. Kiely,8th,Neck,5,11-5h,-,True,81,9
N/A,N/A,14:10,Yielding To Soft,2m,Oogum Boogum (IRE),Mr E. T. Mellerick,7,David Kenneth Budds,7th,3/4 l,5,11-12,-,True,81,9
N/A,N/A,14:10,Yielding To Soft,2m,Cloudy Fountain (IRE),Mr Alan O'Sullivan,7,W. J. Burke,6th,2 1/2 l,5,11-5,-,True,81,9
N/A,N/A,14:10,Yielding To Soft,2m,Forever Frankie (IRE),S. F. O'Keeffe,0,Sean Aherne,5th,1/2 l,6,11-12,-,True,81,9
N/A,N/A,14:10,Yielding To Soft,2m,Vadsa Queen (IRE),P. Townend,0,W. P. Mullins,4th,7 l,5,11-5,-,True,81,9
N/A,N/A,14:10,Yielding To Soft,2m,Missus Beeton (IRE),S. Fitzgerald,0,Shane Nolan,3rd,2 1/4 l,5,11-5,-,True,81,9
N/A,N/A,14:10,Yielding To Soft,2m,Ballycallan King (IRE),Conor Clarke,7,Barry Fitzgerald,2nd,4 l,6,11-12p,-,True,81,9
N/A,N/A,14:10,Yielding To Soft,2m,The Shantou King (IRE),M. M. McDonagh,5,Aengus King,1st,N/A,6,11-12tp,-,True,81,9
N/A,N/A,14:45,Yielding To Soft,2m,Zolpharine (IRE),Liam Quinlan,5,John Patrick Ryan,4th,28 l,5,11-7,-,True,81,10
N/A,N/A,14:45,Yielding To Soft,2m,Bialystok (IRE),P. Townend,0,W. P. Mullins,3rd,1/2 l,5,11-12h,-,True,81,10
N/A,N/A,14:45,Yielding To Soft,2m,Broomfield Bijou (IRE),Keith Donoghue,0,J. P. Dempsey,2nd,3 l,5,11-5,-,True,81,10
N/A,N/A,14:45,Yielding To Soft,2m,The Wallpark (IRE),J. W. Kennedy,0,Gordon Elliott,1st,N/A,5,11-7,-,True,81,10
N/A,N/A,14:45,Yielding To Soft,2m,Zolpharine (IRE),Liam Quinlan,5,John Patrick Ryan,4th,28 l,5,11-7,-,True,81,10
N/A,N/A,14:45,Yielding To Soft,2m,Bialystok (IRE),P. Townend,0,W. P. Mullins,3rd,1/2 l,5,11-12h,-,True,81,10
N/A,N/A,14:45,Yielding To Soft,2m,Broomfield Bijou (IRE),Keith Donoghue,0,J. P. Dempsey,2nd,3 l,5,11-5,-,True,81,10
N/A,N/A,14:45,Yielding To Soft,2m,The Wallpark (IRE),J. W. Kennedy,0,Gordon Elliott,1st,N/A,5,11-7,-,True,81,10
N/A,N/A,15:15,Yielding To Soft,3m,Mister Beeton (IRE),S. Fitzgerald,0,Shane Nolan,PU,N/A,6,11-0,118,True,81,11
N/A,N/A,15:15,Yielding To Soft,3m,Scarpia (IRE),C. P. McNamara,0,Eric McNamara,PU,N/A,9,11-4t,122,True,81,11
N/A,N/A,15:15,Yielding To Soft,3m,Pairc Na Ngael (IRE),S. D. Torrens,0,Charles Byrnes,PU,N/A,9,10-1p,105,True,81,11
N/A,N/A,15:15,Yielding To Soft,3m,Peaches And Cream (IRE),Keith Donoghue,0,Gavin Patrick Cromwell,7th,15 l,8,11-4,122,True,81,11
N/A,N/A,15:15,Yielding To Soft,3m,Dorans River (IRE),C. M. Quirke,5,P. J. Rothwell,6th,54 l,13,10-5p,109,True,81,11
N/A,N/A,15:15,Yielding To Soft,3m,Fully Charged,D. J. O'Keeffe,0,Henry de Bromhead,5th,9 l,9,11-7b,125,True,81,11
N/A,N/A,15:15,Yielding To Soft,3m,Foxfire Glow (FR),M. P. Walsh,0,Gordon Elliott,4th,4 1/2 l,5,11-3t,121,True,81,11
N/A,N/A,15:15,Yielding To Soft,3m,The Little Yank (IRE),Liam Quinlan,5,John Patrick Ryan,3rd,6 1/2 l,8,11-2,120,True,81,11
N/A,N/A,15:15,Yielding To Soft,3m,Call The Tune (IRE),M. J. M. O'Sullivan,0,Barry Connell,2nd,6 1/2 l,9,10-10,114,True,81,11
N/A,N/A,15:15,Yielding To Soft,3m,Ballyglass Beauty (IRE),C. G. O'Dwyer,5,Liam P. Cusack,1st,N/A,7,10-0,103,True,81,11
N/A,N/A,15:15,Yielding To Soft,3m,Mister Beeton (IRE),S. Fitzgerald,0,Shane Nolan,PU,N/A,6,11-0,118,True,81,11
N/A,N/A,15:15,Yielding To Soft,3m,Scarpia (IRE),C. P. McNamara,0,Eric McNamara,PU,N/A,9,11-4t,122,True,81,11
N/A,N/A,15:15,Yielding To Soft,3m,Pairc Na Ngael (IRE),S. D. Torrens,0,Charles Byrnes,PU,N/A,9,10-1p,105,True,81,11
N/A,N/A,15:15,Yielding To Soft,3m,Peaches And Cream (IRE),Keith Donoghue,0,Gavin Patrick Cromwell,7th,15 l,8,11-4,122,True,81,11
N/A,N/A,15:15,Yielding To Soft,3m,Dorans River (IRE),C. M. Quirke,5,P. J. Rothwell,6th,54 l,13,10-5p,109,True,81,11
N/A,N/A,15:15,Yielding To Soft,3m,Fully Charged,D. J. O'Keeffe,0,Henry de Bromhead,5th,9 l,9,11-7b,125,True,81,11
N/A,N/A,15:15,Yielding To Soft,3m,Foxfire Glow (FR),M. P. Walsh,0,Gordon Elliott,4th,4 1/2 l,5,11-3t,121,True,81,11
N/A,N/A,15:15,Yielding To Soft,3m,The Little Yank (IRE),Liam Quinlan,5,John Patrick Ryan,3rd,6 1/2 l,8,11-2,120,True,81,11
N/A,N/A,15:15,Yielding To Soft,3m,Call The Tune (IRE),M. J. M. O'Sullivan,0,Barry Connell,2nd,6 1/2 l,9,10-10,114,True,81,11
N/A,N/A,15:15,Yielding To Soft,3m,Ballyglass Beauty (IRE),C. G. O'Dwyer,5,Liam P. Cusack,1st,N/A,7,10-0,103,True,81,11
N/A,N/A,15:50,Yielding To Soft,2m 4f,Rebel Early (IRE),D. J. O'Keeffe,0,W. J. Burke,6th,9 l,9,10-12p,-,True,81,12
N/A,N/A,15:50,Yielding To Soft,2m 4f,Heia (FR),P. Townend,0,W. P. Mullins,5th,13 l,6,11-5,-,True,81,12
N/A,N/A,15:50,Yielding To Soft,2m 4f,Effernock Fizz (IRE),C. P. Millar,7,Cian Michael Collins,4th,6 l,8,11-5tp,-,True,81,12
N/A,N/A,15:50,Yielding To Soft,2m 4f,My Design (IRE),Mr R. W. Barron,7,Declan Queally,3rd,2 1/2 l,8,11-5b1,-,True,81,12
N/A,N/A,15:50,Yielding To Soft,2m 4f,Time To Rocco (IRE),M. J. M. O'Sullivan,0,Colin Motherway,2nd,8 l,6,11-5h,-,True,81,12
N/A,N/A,15:50,Yielding To Soft,2m 4f,Brides Hill (IRE),Keith Donoghue,0,Gavin Patrick Cromwell,1st,N/A,6,11-5,-,True,81,12
N/A,N/A,15:50,Yielding To Soft,2m 4f,Rebel Early (IRE),D. J. O'Keeffe,0,W. J. Burke,6th,9 l,9,10-12p,-,True,81,12
N/A,N/A,15:50,Yielding To Soft,2m 4f,Heia (FR),P. Townend,0,W. P. Mullins,5th,13 l,6,11-5,-,True,81,12
N/A,N/A,15:50,Yielding To Soft,2m 4f,Effernock Fizz (IRE),C. P. Millar,7,Cian Michael Collins,4th,6 l,8,11-5tp,-,True,81,12
N/A,N/A,15:50,Yielding To Soft,2m 4f,My Design (IRE),Mr R. W. Barron,7,Declan Queally,3rd,2 1/2 l,8,11-5b1,-,True,81,12
N/A,N/A,15:50,Yielding To Soft,2m 4f,Time To Rocco (IRE),M. J. M. O'Sullivan,0,Colin Motherway,2nd,8 l,6,11-5h,-,True,81,12
N/A,N/A,15:50,Yielding To Soft,2m 4f,Brides Hill (IRE),Keith Donoghue,0,Gavin Patrick Cromwell,1st,N/A,6,11-5,-,True,81,12
N/A,N/A,16:25,Yielding To Soft,3m,Gevrey (FR),B. Hayes,0,Gordon Elliott,PU,N/A,7,10-9p,138,True,81,13
N/A,N/A,16:25,Yielding To Soft,3m,Captain Cattistock,Liam Harrison,0,Fergal O'Brien,PU,N/A,10,10-7tp,136,True,81,13
N/A,N/A,16:25,Yielding To Soft,3m,A Wave Of The Sea (IRE),S. D. Torrens,0,Joseph Patrick O'Brien,15th,15 l,7,11-0p,143,True,81,13
N/A,N/A,16:25,Yielding To Soft,3m,Stealthy Tom (IRE),M. M. McDonagh,5,Enda Bolger,14th,2 l,8,10-11p,140,True,81,13
N/A,N/A,16:25,Yielding To Soft,3m,Born By The Sea (IRE),Jack G. Gilligan,7,Paul John Gilligan,13th,Neck,9,10-9,138,True,81,13
N/A,N/A,16:25,Yielding To Soft,3m,Ciel De Neige (FR),M. P. Walsh,0,W. P. Mullins,12th,2 3/4 l,8,11-3b,146,True,81,13
N/A,N/A,16:25,Yielding To Soft,3m,Hurricane Georgie (IRE),M. J. M. O'Sullivan,0,Gordon Elliott,11th,5 1/2 l,6,10-11,140,True,81,13
N/A,N/A,16:25,Yielding To Soft,3m,Life In The Park (IRE),M. P. O'Connor,3,Henry de Bromhead,10th,2 1/2 l,6,10-10,139,True,81,13
N/A,N/A,16:25,Yielding To Soft,3m,Ain't That A Shame (IRE),Rachael Blackmore,0,Henry de Bromhead,9th,2 1/4 l,9,11-3,146,True,81,13
N/A,N/A,16:25,Yielding To Soft,3m,Stumptown (IRE),D. E. Mullins,0,Gavin Patrick Cromwell,8th,1 3/4 l,6,10-11,140,True,81,13
N/A,N/A,16:25,Yielding To Soft,3m,Gabbys Cross (IRE),Peter Carberry,0,Henry de Bromhead,7th,1 l,8,10-12,141,True,81,13
N/A,N/A,16:25,Yielding To Soft,3m,Chemical Energy (IRE),Jordan Colin Gainford,0,Gordon Elliott,6th,Neck,7,11-4,147,True,81,13
N/A,N/A,16:25,Yielding To Soft,3m,The Goffer (IRE),K. E. Buckley,3,Gordon Elliott,5th,3 1/4 l,6,11-2t1,145,True,81,13
N/A,N/A,16:25,Yielding To Soft,3m,Authorized Art (FR),P. Townend,0,W. P. Mullins,4th,Nose,8,11-8p,151,True,81,13
N/A,N/A,16:25,Yielding To Soft,3m,Foxy Jacks (IRE),Gavin Peter Brouder,5,M. F. Morris,3rd,2 3/4 l,9,11-4p,147,True,81,13
N/A,N/A,16:25,Yielding To Soft,3m,Salvador Ziggy (IRE),J. W. Kennedy,0,Gordon Elliott,2nd,3 3/4 l,7,11-7,150,True,81,13
N/A,N/A,16:25,Yielding To Soft,3m,Desertmore House (IRE),R. A. Doyle,0,Martin Brassil,1st,N/A,8,10-6t,135,True,81,13
N/A,N/A,16:25,Yielding To Soft,3m,Gevrey (FR),B. Hayes,0,Gordon Elliott,PU,N/A,7,10-9p,138,True,81,13
N/A,N/A,16:25,Yielding To Soft,3m,Captain Cattistock,Liam Harrison,0,Fergal O'Brien,PU,N/A,10,10-7tp,136,True,81,13
N/A,N/A,16:25,Yielding To Soft,3m,A Wave Of The Sea (IRE),S. D. Torrens,0,Joseph Patrick O'Brien,15th,15 l,7,11-0p,143,True,81,13
N/A,N/A,16:25,Yielding To Soft,3m,Stealthy Tom (IRE),M. M. McDonagh,5,Enda Bolger,14th,2 l,8,10-11p,140,True,81,13
N/A,N/A,16:25,Yielding To Soft,3m,Born By The Sea (IRE),Jack G. Gilligan,7,Paul John Gilligan,13th,Neck,9,10-9,138,True,81,13
N/A,N/A,16:25,Yielding To Soft,3m,Ciel De Neige (FR),M. P. Walsh,0,W. P. Mullins,12th,2 3/4 l,8,11-3b,146,True,81,13
N/A,N/A,16:25,Yielding To Soft,3m,Hurricane Georgie (IRE),M. J. M. O'Sullivan,0,Gordon Elliott,11th,5 1/2 l,6,10-11,140,True,81,13
N/A,N/A,16:25,Yielding To Soft,3m,Life In The Park (IRE),M. P. O'Connor,3,Henry de Bromhead,10th,2 1/2 l,6,10-10,139,True,81,13
N/A,N/A,16:25,Yielding To Soft,3m,Ain't That A Shame (IRE),Rachael Blackmore,0,Henry de Bromhead,9th,2 1/4 l,9,11-3,146,True,81,13
N/A,N/A,16:25,Yielding To Soft,3m,Stumptown (IRE),D. E. Mullins,0,Gavin Patrick Cromwell,8th,1 3/4 l,6,10-11,140,True,81,13
N/A,N/A,16:25,Yielding To Soft,3m,Gabbys Cross (IRE),Peter Carberry,0,Henry de Bromhead,7th,1 l,8,10-12,141,True,81,13
N/A,N/A,16:25,Yielding To Soft,3m,Chemical Energy (IRE),Jordan Colin Gainford,0,Gordon Elliott,6th,Neck,7,11-4,147,True,81,13
N/A,N/A,16:25,Yielding To Soft,3m,The Goffer (IRE),K. E. Buckley,3,Gordon Elliott,5th,3 1/4 l,6,11-2t1,145,True,81,13
N/A,N/A,16:25,Yielding To Soft,3m,Authorized Art (FR),P. Townend,0,W. P. Mullins,4th,Nose,8,11-8p,151,True,81,13
N/A,N/A,16:25,Yielding To Soft,3m,Foxy Jacks (IRE),Gavin Peter Brouder,5,M. F. Morris,3rd,2 3/4 l,9,11-4p,147,True,81,13
N/A,N/A,16:25,Yielding To Soft,3m,Salvador Ziggy (IRE),J. W. Kennedy,0,Gordon Elliott,2nd,3 3/4 l,7,11-7,150,True,81,13
N/A,N/A,16:25,Yielding To Soft,3m,Desertmore House (IRE),R. A. Doyle,0,Martin Brassil,1st,N/A,8,10-6t,135,True,81,13
N/A,N/A,17:00,Yielding To Soft,2m 6f,Freedom To Dream (FR),Sean Flanagan,0,Peter Fahey,PU,N/A,8,11-12,-,True,81,14
N/A,N/A,17:00,Yielding To Soft,2m 6f,Longhouse Star (IRE),Phillip Enright,0,S. Curling,PU,N/A,6,11-12,-,True,81,14
N/A,N/A,17:00,Yielding To Soft,2m 6f,Sky Sprinter (IRE),S. F. O'Keeffe,0,W. P. Mullins,F,N/A,6,11-12,-,True,81,14
N/A,N/A,17:00,Yielding To Soft,2m 6f,Soldier Of Honour (IRE),G. B. Noonan,5,Eoin Christopher McCarthy,6th,1 1/2 l,6,11-12,-,True,81,14
N/A,N/A,17:00,Yielding To Soft,2m 6f,Midnight Our Fred (IRE),D. E. Mullins,0,J. P. Flavin,5th,58 l,6,11-12,-,True,81,14
N/A,N/A,17:00,Yielding To Soft,2m 6f,The Friday Man,J. W. Kennedy,0,Gordon Elliott,4th,8 1/2 l,6,11-12,-,True,81,14
N/A,N/A,17:00,Yielding To Soft,2m 6f,Gold Bullion (FR),Rachael Blackmore,0,Henry de Bromhead,3rd,2 l,7,11-12t,-,True,81,14
N/A,N/A,17:00,Yielding To Soft,2m 6f,Genois (FR),M. P. Walsh,0,Enda Bolger,2nd,4 l,7,11-12,-,True,81,14
N/A,N/A,17:00,Yielding To Soft,2m 6f,Power of Pause (IRE),P. Townend,0,W. P. Mullins,1st,N/A,8,11-12,-,True,81,14
N/A,N/A,17:00,Yielding To Soft,2m 6f,Freedom To Dream (FR),Sean Flanagan,0,Peter Fahey,PU,N/A,8,11-12,-,True,81,14
N/A,N/A,17:00,Yielding To Soft,2m 6f,Longhouse Star (IRE),Phillip Enright,0,S. Curling,PU,N/A,6,11-12,-,True,81,14
N/A,N/A,17:00,Yielding To Soft,2m 6f,Sky Sprinter (IRE),S. F. O'Keeffe,0,W. P. Mullins,F,N/A,6,11-12,-,True,81,14
N/A,N/A,17:00,Yielding To Soft,2m 6f,Soldier Of Honour (IRE),G. B. Noonan,5,Eoin Christopher McCarthy,6th,1 1/2 l,6,11-12,-,True,81,14
N/A,N/A,17:00,Yielding To Soft,2m 6f,Midnight Our Fred (IRE),D. E. Mullins,0,J. P. Flavin,5th,58 l,6,11-12,-,True,81,14
N/A,N/A,17:00,Yielding To Soft,2m 6f,The Friday Man,J. W. Kennedy,0,Gordon Elliott,4th,8 1/2 l,6,11-12,-,True,81,14
N/A,N/A,17:00,Yielding To Soft,2m 6f,Gold Bullion (FR),Rachael Blackmore,0,Henry de Bromhead,3rd,2 l,7,11-12t,-,True,81,14
N/A,N/A,17:00,Yielding To Soft,2m 6f,Genois (FR),M. P. Walsh,0,Enda Bolger,2nd,4 l,7,11-12,-,True,81,14
N/A,N/A,17:00,Yielding To Soft,2m 6f,Power of Pause (IRE),P. Townend,0,W. P. Mullins,1st,N/A,8,11-12,-,True,81,14
N/A,N/A,17:35,Yielding To Soft,2m 4f,Isolde's Voice (IRE),Mr E. P. O'Brien,5,Sean Aherne,PU,N/A,7,11-7,-,True,81,15
N/A,N/A,17:35,Yielding To Soft,2m 4f,Traditude Tara (IRE),Mr P. W. Mullins,0,W. P. Mullins,10th,14 l,5,11-7,-,True,81,15
N/A,N/A,17:35,Yielding To Soft,2m 4f,Sheheree (IRE),Mr P. Hanlon,7,John Joseph Hanlon,9th,Neck,5,12-0,-,True,81,15
N/A,N/A,17:35,Yielding To Soft,2m 4f,Making My Way Back (IRE),Mr H. C. Swan,5,John Neilan,8th,19 l,6,12-0,-,True,81,15
N/A,N/A,17:35,Yielding To Soft,2m 4f,Mag Dillane (IRE),Mr R. W. Barron,7,Eric McNamara,7th,1 3/4 l,5,11-7,-,True,81,15
N/A,N/A,17:35,Yielding To Soft,2m 4f,Rising Dust (IRE),Mr A. Burke-Ott,7,M. Hourigan,6th,Neck,5,12-0,-,True,81,15
N/A,N/A,17:35,Yielding To Soft,2m 4f,Lummi Island (IRE),Mr R. Sugrue,7,D. Deacon,5th,6 l,5,12-0,-,True,81,15
N/A,N/A,17:35,Yielding To Soft,2m 4f,Jet Setting Jim (IRE),Mr J. L. Gleeson,5,John Queally,4th,5 l,6,12-0,-,True,81,15
N/A,N/A,17:35,Yielding To Soft,2m 4f,Toor Khov (IRE),Mr D. O'Connor,0,Ms M. Flynn,3rd,3/4 l,5,12-0,-,True,81,15
N/A,N/A,17:35,Yielding To Soft,2m 4f,Noble Talent (IRE),Mr Finian Maguire,0,T. J. Nagle Jnr,2nd,4 1/2 l,6,12-0,-,True,81,15
N/A,N/A,17:35,Yielding To Soft,2m 4f,Chosen Templar (IRE),Mr J. P. O'Rourke,7,P. O'Rourke,1st,N/A,5,12-0,-,True,81,15
N/A,N/A,17:35,Yielding To Soft,2m 4f,Isolde's Voice (IRE),Mr E. P. O'Brien,5,Sean Aherne,PU,N/A,7,11-7,-,True,81,15
N/A,N/A,17:35,Yielding To Soft,2m 4f,Traditude Tara (IRE),Mr P. W. Mullins,0,W. P. Mullins,10th,14 l,5,11-7,-,True,81,15
N/A,N/A,17:35,Yielding To Soft,2m 4f,Sheheree (IRE),Mr P. Hanlon,7,John Joseph Hanlon,9th,Neck,5,12-0,-,True,81,15
N/A,N/A,17:35,Yielding To Soft,2m 4f,Making My Way Back (IRE),Mr H. C. Swan,5,John Neilan,8th,19 l,6,12-0,-,True,81,15
N/A,N/A,17:35,Yielding To Soft,2m 4f,Mag Dillane (IRE),Mr R. W. Barron,7,Eric McNamara,7th,1 3/4 l,5,11-7,-,True,81,15
N/A,N/A,17:35,Yielding To Soft,2m 4f,Rising Dust (IRE),Mr A. Burke-Ott,7,M. Hourigan,6th,Neck,5,12-0,-,True,81,15
N/A,N/A,17:35,Yielding To Soft,2m 4f,Lummi Island (IRE),Mr R. Sugrue,7,D. Deacon,5th,6 l,5,12-0,-,True,81,15
N/A,N/A,17:35,Yielding To Soft,2m 4f,Jet Setting Jim (IRE),Mr J. L. Gleeson,5,John Queally,4th,5 l,6,12-0,-,True,81,15
N/A,N/A,17:35,Yielding To Soft,2m 4f,Toor Khov (IRE),Mr D. O'Connor,0,Ms M. Flynn,3rd,3/4 l,5,12-0,-,True,81,15
N/A,N/A,17:35,Yielding To Soft,2m 4f,Noble Talent (IRE),Mr Finian Maguire,0,T. J. Nagle Jnr,2nd,4 1/2 l,6,12-0,-,True,81,15
N/A,N/A,17:35,Yielding To Soft,2m 4f,Chosen Templar (IRE),Mr J. P. O'Rourke,7,P. O'Rourke,1st,N/A,5,12-0,-,True,81,15
N/A,N/A,13:40,Soft To Heavy,1m,Magic Defense (IRE),C. Horgan,7,Kieran Purcell,10th,1 3/4 l,2,9-2,-,True,81,16
N/A,N/A,13:40,Soft To Heavy,1m,Phoenix Princess (IRE),S. D. Bowen,7,Brendan Maurice Walsh,9th,5 1/2 l,2,9-3,-,True,81,16
N/A,N/A,13:40,Soft To Heavy,1m,I've Been Dreaming (IRE),G. M. Ryan,0,Mark Fahey,8th,3 1/2 l,2,9-2,-,True,81,16
N/A,N/A,13:40,Soft To Heavy,1m,You Done Well (IRE),Shane Foley,0,Kieran Purcell,7th,2 1/4 l,2,9-2,-,True,81,16
N/A,N/A,13:40,Soft To Heavy,1m,Sportingsilvermine (IRE),J. M. Sheridan,0,Adrian Brendan Joyce,6th,Short Head,2,9-6,-,True,81,16
N/A,N/A,13:40,Soft To Heavy,1m,Harry The Rogue (IRE),Andrew Joseph Slattery,0,A. Slattery,5th,3/4 l,2,9-2,-,True,81,16
N/A,N/A,13:40,Soft To Heavy,1m,Sinbad My Dad (IRE),R. Whearty,5,Seamus Fahey,4th,1/2 l,2,9-0,-,True,81,16
N/A,N/A,13:40,Soft To Heavy,1m,Kilworth Kate (IRE),Amy Jo Hayes,7,A. Slattery,3rd,1 3/4 l,2,8-9,-,True,81,16
N/A,N/A,13:40,Soft To Heavy,1m,Cardinal Zin (IRE),William James Lee,0,W. McCreery,2nd,5 1/2 l,2,9-6,-,True,81,16
N/A,N/A,13:40,Soft To Heavy,1m,Look at the Stars,Declan McDonogh,0,Joseph Patrick O'Brien,1st,N/A,2,9-6,-,True,81,16
N/A,N/A,13:40,Soft To Heavy,1m,Magic Defense (IRE),C. Horgan,7,Kieran Purcell,10th,1 3/4 l,2,9-2,-,True,81,16
N/A,N/A,13:40,Soft To Heavy,1m,Phoenix Princess (IRE),S. D. Bowen,7,Brendan Maurice Walsh,9th,5 1/2 l,2,9-3,-,True,81,16
N/A,N/A,13:40,Soft To Heavy,1m,I've Been Dreaming (IRE),G. M. Ryan,0,Mark Fahey,8th,3 1/2 l,2,9-2,-,True,81,16
N/A,N/A,13:40,Soft To Heavy,1m,You Done Well (IRE),Shane Foley,0,Kieran Purcell,7th,2 1/4 l,2,9-2,-,True,81,16
N/A,N/A,13:40,Soft To Heavy,1m,Sportingsilvermine (IRE),J. M. Sheridan,0,Adrian Brendan Joyce,6th,Short Head,2,9-6,-,True,81,16
N/A,N/A,13:40,Soft To Heavy,1m,Harry The Rogue (IRE),Andrew Joseph Slattery,0,A. Slattery,5th,3/4 l,2,9-2,-,True,81,16
N/A,N/A,13:40,Soft To Heavy,1m,Sinbad My Dad (IRE),R. Whearty,5,Seamus Fahey,4th,1/2 l,2,9-0,-,True,81,16
N/A,N/A,13:40,Soft To Heavy,1m,Kilworth Kate (IRE),Amy Jo Hayes,7,A. Slattery,3rd,1 3/4 l,2,8-9,-,True,81,16
N/A,N/A,13:40,Soft To Heavy,1m,Cardinal Zin (IRE),William James Lee,0,W. McCreery,2nd,5 1/2 l,2,9-6,-,True,81,16
N/A,N/A,13:40,Soft To Heavy,1m,Look at the Stars,Declan McDonogh,0,Joseph Patrick O'Brien,1st,N/A,2,9-6,-,True,81,16
N/A,N/A,14:15,Soft To Heavy,1m,Talking Tough (IRE),C. D. Hayes,0,S. M. Duffy,15th,1 3/4 l,6,8-7tp,47,True,81,17
N/A,N/A,14:15,Soft To Heavy,1m,Rock Etoile (IRE),Andrew Joseph Slattery,0,A. Slattery,14th,Neck,5,10-1v,69,True,81,17
N/A,N/A,14:15,Soft To Heavy,1m,Kodiac Prince (IRE),D. King,5,Thomas Cleary,13th,3/4 l,6,10-0p,68,True,81,17
N/A,N/A,14:15,Soft To Heavy,1m,Medici Pass (IRE),Declan McDonogh,0,Michael O'Meara,12th,2 l,3,8-13,57,True,81,17
N/A,N/A,14:15,Soft To Heavy,1m,Noble Crusade (USA),D. W. O'Connor,0,John McConnell,11th,Neck,5,9-7,61,True,81,17
N/A,N/A,14:15,Soft To Heavy,1m,Drish Melody (IRE),T. Kiely-Marshall,7,Donal Commins,10th,Nose,4,8-9b,49,True,81,17
N/A,N/A,14:15,Soft To Heavy,1m,Run The Jewels (IRE),S. McCullagh,3,Michael McCullagh,9th,1 1/4 l,6,9-10,64,True,81,17
N/A,N/A,14:15,Soft To Heavy,1m,Almost An Angel,D. E. Sheehy,3,John Larkin,8th,1 1/2 l,5,8-7,47,True,81,17
N/A,N/A,14:15,Soft To Heavy,1m,Breezy Zoff (IRE),G. F. Carroll,0,Gavin Patrick Cromwell,7th,3/4 l,4,9-4ht,58,True,81,17
N/A,N/A,14:15,Soft To Heavy,1m,Fleadhfest (IRE),L. T. McAteer,0,J. S. Bolger,6th,1/2 l,3,9-1t1,59,True,81,17
N/A,N/A,14:15,Soft To Heavy,1m,Starting Monday (IRE),William James Lee,0,Gillian Scott,5th,3 1/4 l,6,9-12p,66,True,81,17
N/A,N/A,14:15,Soft To Heavy,1m,Indigo Five (IRE),Ben Martin Coen,0,J. J. Feane,4th,Short Head,4,9-8p1,62,True,81,17
N/A,N/A,14:15,Soft To Heavy,1m,Coolree (IRE),L. F. Roche,0,Miss Jennifer Anne Lynch,3rd,1 3/4 l,4,10-0,68,True,81,17
N/A,N/A,14:15,Soft To Heavy,1m,Wrist Art (IRE),M. W. Hassett,7,Timothy Doyle,2nd,2 3/4 l,6,9-2,56,True,81,17
N/A,N/A,14:15,Soft To Heavy,1m,Drop The Dip (IRE),G. M. Ryan,0,T. Gibney,1st,N/A,3,9-1,59,True,81,17
N/A,N/A,14:15,Soft To Heavy,1m,Talking Tough (IRE),C. D. Hayes,0,S. M. Duffy,15th,1 3/4 l,6,8-7tp,47,True,81,17
N/A,N/A,14:15,Soft To Heavy,1m,Rock Etoile (IRE),Andrew Joseph Slattery,0,A. Slattery,14th,Neck,5,10-1v,69,True,81,17
N/A,N/A,14:15,Soft To Heavy,1m,Kodiac Prince (IRE),D. King,5,Thomas Cleary,13th,3/4 l,6,10-0p,68,True,81,17
N/A,N/A,14:15,Soft To Heavy,1m,Medici Pass (IRE),Declan McDonogh,0,Michael O'Meara,12th,2 l,3,8-13,57,True,81,17
N/A,N/A,14:15,Soft To Heavy,1m,Noble Crusade (USA),D. W. O'Connor,0,John McConnell,11th,Neck,5,9-7,61,True,81,17
N/A,N/A,14:15,Soft To Heavy,1m,Drish Melody (IRE),T. Kiely-Marshall,7,Donal Commins,10th,Nose,4,8-9b,49,True,81,17
N/A,N/A,14:15,Soft To Heavy,1m,Run The Jewels (IRE),S. McCullagh,3,Michael McCullagh,9th,1 1/4 l,6,9-10,64,True,81,17
N/A,N/A,14:15,Soft To Heavy,1m,Almost An Angel,D. E. Sheehy,3,John Larkin,8th,1 1/2 l,5,8-7,47,True,81,17
N/A,N/A,14:15,Soft To Heavy,1m,Breezy Zoff (IRE),G. F. Carroll,0,Gavin Patrick Cromwell,7th,3/4 l,4,9-4ht,58,True,81,17
N/A,N/A,14:15,Soft To Heavy,1m,Fleadhfest (IRE),L. T. McAteer,0,J. S. Bolger,6th,1/2 l,3,9-1t1,59,True,81,17
N/A,N/A,14:15,Soft To Heavy,1m,Starting Monday (IRE),William James Lee,0,Gillian Scott,5th,3 1/4 l,6,9-12p,66,True,81,17
N/A,N/A,14:15,Soft To Heavy,1m,Indigo Five (IRE),Ben Martin Coen,0,J. J. Feane,4th,Short Head,4,9-8p1,62,True,81,17
N/A,N/A,14:15,Soft To Heavy,1m,Coolree (IRE),L. F. Roche,0,Miss Jennifer Anne Lynch,3rd,1 3/4 l,4,10-0,68,True,81,17
N/A,N/A,14:15,Soft To Heavy,1m,Wrist Art (IRE),M. W. Hassett,7,Timothy Doyle,2nd,2 3/4 l,6,9-2,56,True,81,17
N/A,N/A,14:15,Soft To Heavy,1m,Drop The Dip (IRE),G. M. Ryan,0,T. Gibney,1st,N/A,3,9-1,59,True,81,17
N/A,N/A,14:50,Soft To Heavy,1m,Limestone Red (IRE),N. G. McCullagh,0,M. Halford & T. Collins,11th,2 1/2 l,3,9-8,-,True,81,18
N/A,N/A,14:50,Soft To Heavy,1m,Carrickfinn,G. F. Carroll,0,C. Moore,10th,6 1/2 l,4,9-12t,-,True,81,18
N/A,N/A,14:50,Soft To Heavy,1m,Time Tells All (IRE),C. D. Hayes,0,D. K. Weld,9th,Neck,3,9-8tb1,-,True,81,18
N/A,N/A,14:50,Soft To Heavy,1m,Sectarius (IRE),G. M. Ryan,0,P. J. F. Murphy,8th,2 l,3,9-8,-,True,81,18
N/A,N/A,14:50,Soft To Heavy,1m,Fashion Flair,R. P. Whelan,0,John S. O'Donoghue,7th,1 3/4 l,4,9-7,-,True,81,18
N/A,N/A,14:50,Soft To Heavy,1m,Sevensees,Ben Martin Coen,0,John Patrick Murtagh,6th,1 l,3,9-8,-,True,81,18
N/A,N/A,14:50,Soft To Heavy,1m,Simpson's Paradox (IRE),Shane Foley,0,Mrs J. Harrington,5th,1 3/4 l,3,9-8,-,True,81,18
N/A,N/A,14:50,Soft To Heavy,1m,Rick Dalton (IRE),C. T. Keane,0,Cian Michael Collins,4th,1/2 l,5,9-12t1,-,True,81,18
N/A,N/A,14:50,Soft To Heavy,1m,Toll Stone (IRE),William James Lee,0,K. J. Condon,3rd,1 l,3,9-8t,-,True,81,18
N/A,N/A,14:50,Soft To Heavy,1m,Randall Poets Lass (IRE),R. Whearty,5,Seamus Fahey,2nd,1/2 l,3,9-3,-,True,81,18
N/A,N/A,14:50,Soft To Heavy,1m,Water Nymph (IRE),Jack Cleary,7,Aidan O'Brien,1st,N/A,3,9-3p,-,True,81,18
N/A,N/A,14:50,Soft To Heavy,1m,Limestone Red (IRE),N. G. McCullagh,0,M. Halford & T. Collins,11th,2 1/2 l,3,9-8,-,True,81,18
N/A,N/A,14:50,Soft To Heavy,1m,Carrickfinn,G. F. Carroll,0,C. Moore,10th,6 1/2 l,4,9-12t,-,True,81,18
N/A,N/A,14:50,Soft To Heavy,1m,Time Tells All (IRE),C. D. Hayes,0,D. K. Weld,9th,Neck,3,9-8tb1,-,True,81,18
N/A,N/A,14:50,Soft To Heavy,1m,Sectarius (IRE),G. M. Ryan,0,P. J. F. Murphy,8th,2 l,3,9-8,-,True,81,18
N/A,N/A,14:50,Soft To Heavy,1m,Fashion Flair,R. P. Whelan,0,John S. O'Donoghue,7th,1 3/4 l,4,9-7,-,True,81,18
N/A,N/A,14:50,Soft To Heavy,1m,Sevensees,Ben Martin Coen,0,John Patrick Murtagh,6th,1 l,3,9-8,-,True,81,18
N/A,N/A,14:50,Soft To Heavy,1m,Simpson's Paradox (IRE),Shane Foley,0,Mrs J. Harrington,5th,1 3/4 l,3,9-8,-,True,81,18
N/A,N/A,14:50,Soft To Heavy,1m,Rick Dalton (IRE),C. T. Keane,0,Cian Michael Collins,4th,1/2 l,5,9-12t1,-,True,81,18
N/A,N/A,14:50,Soft To Heavy,1m,Toll Stone (IRE),William James Lee,0,K. J. Condon,3rd,1 l,3,9-8t,-,True,81,18
N/A,N/A,14:50,Soft To Heavy,1m,Randall Poets Lass (IRE),R. Whearty,5,Seamus Fahey,2nd,1/2 l,3,9-3,-,True,81,18
N/A,N/A,14:50,Soft To Heavy,1m,Water Nymph (IRE),Jack Cleary,7,Aidan O'Brien,1st,N/A,3,9-3p,-,True,81,18
N/A,N/A,15:25,Soft To Heavy,1m 1f,Anycity (IRE),D. E. Sheehy,3,John Larkin,11th,18 l,7,8-7t,57,True,81,19
N/A,N/A,15:25,Soft To Heavy,1m 1f,Dazzling Spirit (IRE),J. Kearney,7,Thomas Mullins,10th,3/4 l,5,9-6,70,True,81,19
N/A,N/A,15:25,Soft To Heavy,1m 1f,Comfort Line (IRE),Adam Caffrey,5,Adrian McGuinness,9th,1 l,6,9-9tp,73,True,81,19
N/A,N/A,15:25,Soft To Heavy,1m 1f,Ayrton (FR),William James Lee,0,T. J. O'Mara,8th,2 l,4,9-6h1,70,True,81,19
N/A,N/A,15:25,Soft To Heavy,1m 1f,Duke Of Leggagh (IRE),G. F. Carroll,0,Michael Mulvany,7th,Nose,3,9-6,75,True,81,19
N/A,N/A,15:25,Soft To Heavy,1m 1f,Yokkell (IRE),R. P. Whelan,0,Jarlath P. Fahey,6th,1 1/4 l,4,9-8b1,72,True,81,19
N/A,N/A,15:25,Soft To Heavy,1m 1f,Bridge Of Dawn (IRE),L. T. McAteer,0,J. S. Bolger,5th,1 1/4 l,4,9-8p1,72,True,81,19
N/A,N/A,15:25,Soft To Heavy,1m 1f,Sea Gardens (FR),M. W. Hassett,7,Joseph Patrick O'Brien,4th,4 3/4 l,3,9-9p,78,True,81,19
N/A,N/A,15:25,Soft To Heavy,1m 1f,Eloquent Arthur,J. M. Sheridan,0,Adrian Brendan Joyce,3rd,2 l,5,9-8b,72,True,81,19
N/A,N/A,15:25,Soft To Heavy,1m 1f,Independent Expert (IRE),Andrew Joseph Slattery,0,A. Slattery,2nd,2 1/2 l,4,9-11,75,True,81,19
N/A,N/A,15:25,Soft To Heavy,1m 1f,Simply Sideways (IRE),S. D. Bowen,7,Timothy Doyle,1st,N/A,6,9-7,71,True,81,19
N/A,N/A,15:25,Soft To Heavy,1m 1f,Anycity (IRE),D. E. Sheehy,3,John Larkin,11th,18 l,7,8-7t,57,True,81,19
N/A,N/A,15:25,Soft To Heavy,1m 1f,Dazzling Spirit (IRE),J. Kearney,7,Thomas Mullins,10th,3/4 l,5,9-6,70,True,81,19
N/A,N/A,15:25,Soft To Heavy,1m 1f,Comfort Line (IRE),Adam Caffrey,5,Adrian McGuinness,9th,1 l,6,9-9tp,73,True,81,19
N/A,N/A,15:25,Soft To Heavy,1m 1f,Ayrton (FR),William James Lee,0,T. J. O'Mara,8th,2 l,4,9-6h1,70,True,81,19
N/A,N/A,15:25,Soft To Heavy,1m 1f,Duke Of Leggagh (IRE),G. F. Carroll,0,Michael Mulvany,7th,Nose,3,9-6,75,True,81,19
N/A,N/A,15:25,Soft To Heavy,1m 1f,Yokkell (IRE),R. P. Whelan,0,Jarlath P. Fahey,6th,1 1/4 l,4,9-8b1,72,True,81,19
N/A,N/A,15:25,Soft To Heavy,1m 1f,Bridge Of Dawn (IRE),L. T. McAteer,0,J. S. Bolger,5th,1 1/4 l,4,9-8p1,72,True,81,19
N/A,N/A,15:25,Soft To Heavy,1m 1f,Sea Gardens (FR),M. W. Hassett,7,Joseph Patrick O'Brien,4th,4 3/4 l,3,9-9p,78,True,81,19
N/A,N/A,15:25,Soft To Heavy,1m 1f,Eloquent Arthur,J. M. Sheridan,0,Adrian Brendan Joyce,3rd,2 l,5,9-8b,72,True,81,19
N/A,N/A,15:25,Soft To Heavy,1m 1f,Independent Expert (IRE),Andrew Joseph Slattery,0,A. Slattery,2nd,2 1/2 l,4,9-11,75,True,81,19
N/A,N/A,15:25,Soft To Heavy,1m 1f,Simply Sideways (IRE),S. D. Bowen,7,Timothy Doyle,1st,N/A,6,9-7,71,True,81,19
N/A,N/A,16:00,Soft To Heavy,1m 4f,Cruiscin Lan (IRE),G. P. Halpin,0,Kevin Prendergast,14th,3/4 l,3,9-9,65,True,81,20
N/A,N/A,16:00,Soft To Heavy,1m 4f,Blenheim Lad (IRE),C. D. Hayes,0,Andrew Oliver,13th,1 1/4 l,3,9-3p1,59,True,81,20
N/A,N/A,16:00,Soft To Heavy,1m 4f,Alluring (USA),William James Lee,0,K. J. Condon,12th,1 1/4 l,3,9-10,66,True,81,20
N/A,N/A,16:00,Soft To Heavy,1m 4f,Susiesparkle (IRE),Siobhan Rutledge,3,Ms Sheila Lavery,11th,3 1/2 l,3,9-8,64,True,81,20
N/A,N/A,16:00,Soft To Heavy,1m 4f,Siouxanne (IRE),G. F. Carroll,0,Gavin Patrick Cromwell,10th,1 l,3,9-5t1,61,True,81,20
N/A,N/A,16:00,Soft To Heavy,1m 4f,Grey Fable (IRE),R. C. Colgan,0,Ms Sheila Lavery,9th,7 1/2 l,3,9-12,68,True,81,20
N/A,N/A,16:00,Soft To Heavy,1m 4f,Macinamillion (IRE),R. Whearty,5,Gavin Patrick Cromwell,8th,4 1/2 l,3,9-0,56,True,81,20
N/A,N/A,16:00,Soft To Heavy,1m 4f,Timeless Piece (IRE),C. Stone-Walsh,7,Mrs J. Harrington,7th,Neck,3,10-1,71,True,81,20
N/A,N/A,16:00,Soft To Heavy,1m 4f,Right Now (IRE),J. J. Slevin,0,Joseph Patrick O'Brien,6th,1 1/4 l,3,10-2,72,True,81,20
N/A,N/A,16:00,Soft To Heavy,1m 4f,Kermiya (IRE),Ben Martin Coen,0,John Patrick Murtagh,5th,Short Head,3,10-0,70,True,81,20
N/A,N/A,16:00,Soft To Heavy,1m 4f,Kitty Mcfee (IRE),R. P. Whelan,0,John S. O'Donoghue,4th,1 3/4 l,3,9-11,67,True,81,20
N/A,N/A,16:00,Soft To Heavy,1m 4f,Rough And Tough (IRE),G. M. Ryan,0,Michael Mulvany,3rd,1 1/4 l,3,9-0,56,True,81,20
N/A,N/A,16:00,Soft To Heavy,1m 4f,Katonah (IRE),C. T. Keane,0,Noel Meade,2nd,8 1/2 l,3,9-6,62,True,81,20
N/A,N/A,16:00,Soft To Heavy,1m 4f,Night Moon (GER),L. T. McAteer,0,David Marnane,1st,N/A,3,9-4,60,True,81,20
N/A,N/A,16:00,Soft To Heavy,1m 4f,Cruiscin Lan (IRE),G. P. Halpin,0,Kevin Prendergast,14th,3/4 l,3,9-9,65,True,81,20
N/A,N/A,16:00,Soft To Heavy,1m 4f,Blenheim Lad (IRE),C. D. Hayes,0,Andrew Oliver,13th,1 1/4 l,3,9-3p1,59,True,81,20
N/A,N/A,16:00,Soft To Heavy,1m 4f,Alluring (USA),William James Lee,0,K. J. Condon,12th,1 1/4 l,3,9-10,66,True,81,20
N/A,N/A,16:00,Soft To Heavy,1m 4f,Susiesparkle (IRE),Siobhan Rutledge,3,Ms Sheila Lavery,11th,3 1/2 l,3,9-8,64,True,81,20
N/A,N/A,16:00,Soft To Heavy,1m 4f,Siouxanne (IRE),G. F. Carroll,0,Gavin Patrick Cromwell,10th,1 l,3,9-5t1,61,True,81,20
N/A,N/A,16:00,Soft To Heavy,1m 4f,Grey Fable (IRE),R. C. Colgan,0,Ms Sheila Lavery,9th,7 1/2 l,3,9-12,68,True,81,20
N/A,N/A,16:00,Soft To Heavy,1m 4f,Macinamillion (IRE),R. Whearty,5,Gavin Patrick Cromwell,8th,4 1/2 l,3,9-0,56,True,81,20
N/A,N/A,16:00,Soft To Heavy,1m 4f,Timeless Piece (IRE),C. Stone-Walsh,7,Mrs J. Harrington,7th,Neck,3,10-1,71,True,81,20
N/A,N/A,16:00,Soft To Heavy,1m 4f,Right Now (IRE),J. J. Slevin,0,Joseph Patrick O'Brien,6th,1 1/4 l,3,10-2,72,True,81,20
N/A,N/A,16:00,Soft To Heavy,1m 4f,Kermiya (IRE),Ben Martin Coen,0,John Patrick Murtagh,5th,Short Head,3,10-0,70,True,81,20
N/A,N/A,16:00,Soft To Heavy,1m 4f,Kitty Mcfee (IRE),R. P. Whelan,0,John S. O'Donoghue,4th,1 3/4 l,3,9-11,67,True,81,20
N/A,N/A,16:00,Soft To Heavy,1m 4f,Rough And Tough (IRE),G. M. Ryan,0,Michael Mulvany,3rd,1 1/4 l,3,9-0,56,True,81,20
N/A,N/A,16:00,Soft To Heavy,1m 4f,Katonah (IRE),C. T. Keane,0,Noel Meade,2nd,8 1/2 l,3,9-6,62,True,81,20
N/A,N/A,16:00,Soft To Heavy,1m 4f,Night Moon (GER),L. T. McAteer,0,David Marnane,1st,N/A,3,9-4,60,True,81,20
N/A,N/A,16:35,Soft To Heavy,1m 4f,San Martino (IRE),R. P. Whelan,0,Peter Fahey,12th,18 l,5,9-5b,82,True,81,21
N/A,N/A,16:35,Soft To Heavy,1m 4f,Vultan (IRE),Ben Martin Coen,0,A. J. Martin,11th,5 1/2 l,6,9-4t,81,True,81,21
N/A,N/A,16:35,Soft To Heavy,1m 4f,Michigan State (FR),J. M. Sheridan,0,J. A. Stack,10th,3 1/2 l,5,8-13t1,76,True,81,21
N/A,N/A,16:35,Soft To Heavy,1m 4f,Bold Approach (IRE),L. T. McAteer,0,J. S. Bolger,9th,1/2 l,7,9-2p,79,True,81,21
N/A,N/A,16:35,Soft To Heavy,1m 4f,No Niki No (IRE),Declan McDonogh,0,E. J. O'Neill,8th,1 l,7,9-6b,83,True,81,21
N/A,N/A,16:35,Soft To Heavy,1m 4f,Oriole,Adam Caffrey,5,Ian Patrick Donoghue,7th,Short Head,4,9-4p,81,True,81,21
N/A,N/A,16:35,Soft To Heavy,1m 4f,Immelmann (USA),Shane Foley,0,W. P. Mullins,6th,1/2 l,5,8-12,75,True,81,21
N/A,N/A,16:35,Soft To Heavy,1m 4f,Caradoc (IRE),L. F. Roche,0,Eric McNamara,5th,1 1/2 l,8,9-5t,82,True,81,21
N/A,N/A,16:35,Soft To Heavy,1m 4f,Lord Erskine (IRE),Siobhan Rutledge,3,Harry Rogers,4th,Neck,10,9-2p,79,True,81,21
N/A,N/A,16:35,Soft To Heavy,1m 4f,Imaginarium (IRE),C. T. Keane,0,G. M. Lyons,3rd,1 1/2 l,4,10-0,91,True,81,21
N/A,N/A,16:35,Soft To Heavy,1m 4f,Vischio (IRE),M. P. Sheehy,0,R. Donohoe,2nd,5 l,6,9-6,83,True,81,21
N/A,N/A,16:35,Soft To Heavy,1m 4f,Vera Verto (IRE),G. F. Carroll,0,Gavin Patrick Cromwell,1st,N/A,5,9-4t,81,True,81,21
N/A,N/A,16:35,Soft To Heavy,1m 4f,San Martino (IRE),R. P. Whelan,0,Peter Fahey,12th,18 l,5,9-5b,82,True,81,21
N/A,N/A,16:35,Soft To Heavy,1m 4f,Vultan (IRE),Ben Martin Coen,0,A. J. Martin,11th,5 1/2 l,6,9-4t,81,True,81,21
N/A,N/A,16:35,Soft To Heavy,1m 4f,Michigan State (FR),J. M. Sheridan,0,J. A. Stack,10th,3 1/2 l,5,8-13t1,76,True,81,21
N/A,N/A,16:35,Soft To Heavy,1m 4f,Bold Approach (IRE),L. T. McAteer,0,J. S. Bolger,9th,1/2 l,7,9-2p,79,True,81,21
N/A,N/A,16:35,Soft To Heavy,1m 4f,No Niki No (IRE),Declan McDonogh,0,E. J. O'Neill,8th,1 l,7,9-6b,83,True,81,21
N/A,N/A,16:35,Soft To Heavy,1m 4f,Oriole,Adam Caffrey,5,Ian Patrick Donoghue,7th,Short Head,4,9-4p,81,True,81,21
N/A,N/A,16:35,Soft To Heavy,1m 4f,Immelmann (USA),Shane Foley,0,W. P. Mullins,6th,1/2 l,5,8-12,75,True,81,21
N/A,N/A,16:35,Soft To Heavy,1m 4f,Caradoc (IRE),L. F. Roche,0,Eric McNamara,5th,1 1/2 l,8,9-5t,82,True,81,21
N/A,N/A,16:35,Soft To Heavy,1m 4f,Lord Erskine (IRE),Siobhan Rutledge,3,Harry Rogers,4th,Neck,10,9-2p,79,True,81,21
N/A,N/A,16:35,Soft To Heavy,1m 4f,Imaginarium (IRE),C. T. Keane,0,G. M. Lyons,3rd,1 1/2 l,4,10-0,91,True,81,21
N/A,N/A,16:35,Soft To Heavy,1m 4f,Vischio (IRE),M. P. Sheehy,0,R. Donohoe,2nd,5 l,6,9-6,83,True,81,21
N/A,N/A,16:35,Soft To Heavy,1m 4f,Vera Verto (IRE),G. F. Carroll,0,Gavin Patrick Cromwell,1st,N/A,5,9-4t,81,True,81,21
N/A,N/A,17:10,Soft To Heavy,1m 4f,Acquest (IRE),M. P. Sheehy,0,Joseph Patrick O'Brien,7th,33 l,3,9-8,-,True,81,22
N/A,N/A,17:10,Soft To Heavy,1m 4f,V Power,Declan McDonogh,0,Joseph Patrick O'Brien,6th,1 1/2 l,3,9-8,-,True,81,22
N/A,N/A,17:10,Soft To Heavy,1m 4f,Peddler's Lane (IRE),Ben Martin Coen,0,A. J. Martin,5th,7 l,5,10-1,-,True,81,22
N/A,N/A,17:10,Soft To Heavy,1m 4f,Nomenclature (FR),N. M. Crosse,0,John S. O'Donoghue,4th,3/4 l,3,9-3,-,True,81,22
N/A,N/A,17:10,Soft To Heavy,1m 4f,Harsh,C. Stone-Walsh,7,Joseph Patrick O'Brien,3rd,1/2 l,3,9-8p1,-,True,81,22
N/A,N/A,17:10,Soft To Heavy,1m 4f,Hey Whatever (IRE),C. T. Keane,0,Noel Meade,2nd,Short Head,3,9-3,-,True,81,22
N/A,N/A,17:10,Soft To Heavy,1m 4f,Charming Star (IRE),J. J. G. Ryan,7,T. G. McCourt,1st,N/A,3,9-8p,-,True,81,22
N/A,N/A,17:10,Soft To Heavy,1m 4f,Acquest (IRE),M. P. Sheehy,0,Joseph Patrick O'Brien,7th,33 l,3,9-8,-,True,81,22
N/A,N/A,17:10,Soft To Heavy,1m 4f,V Power,Declan McDonogh,0,Joseph Patrick O'Brien,6th,1 1/2 l,3,9-8,-,True,81,22
N/A,N/A,17:10,Soft To Heavy,1m 4f,Peddler's Lane (IRE),Ben Martin Coen,0,A. J. Martin,5th,7 l,5,10-1,-,True,81,22
N/A,N/A,17:10,Soft To Heavy,1m 4f,Nomenclature (FR),N. M. Crosse,0,John S. O'Donoghue,4th,3/4 l,3,9-3,-,True,81,22
N/A,N/A,17:10,Soft To Heavy,1m 4f,Harsh,C. Stone-Walsh,7,Joseph Patrick O'Brien,3rd,1/2 l,3,9-8p1,-,True,81,22
N/A,N/A,17:10,Soft To Heavy,1m 4f,Hey Whatever (IRE),C. T. Keane,0,Noel Meade,2nd,Short Head,3,9-3,-,True,81,22
N/A,N/A,17:10,Soft To Heavy,1m 4f,Charming Star (IRE),J. J. G. Ryan,7,T. G. McCourt,1st,N/A,3,9-8p,-,True,81,22
N/A,N/A,17:45,Soft To Heavy,1m 6f 55y,Crystal Caves (FR),G. M. Ryan,0,T. Gibney,13th,15 l,4,9-9,63,True,81,23
N/A,N/A,17:45,Soft To Heavy,1m 6f 55y,Sir Allen,Andrew Joseph Slattery,0,A. Slattery,12th,6 l,4,10-0,68,True,81,23
N/A,N/A,17:45,Soft To Heavy,1m 6f 55y,Inchiquin Maid (IRE),C. Stone-Walsh,7,David Kenneth Budds,11th,1 1/4 l,4,9-11t,65,True,81,23
N/A,N/A,17:45,Soft To Heavy,1m 6f 55y,Rain (GER),C. D. Hayes,0,James M. Barcoe,10th,3 1/4 l,4,9-10,64,True,81,23
N/A,N/A,17:45,Soft To Heavy,1m 6f 55y,Global Export (IRE),R. Whearty,5,Gavin Patrick Cromwell,9th,3 1/4 l,5,9-9h,63,True,81,23
N/A,N/A,17:45,Soft To Heavy,1m 6f 55y,Butterfly Garden (IRE),S. McCullagh,3,Kevin Prendergast,8th,2 1/4 l,4,10-0t,68,True,81,23
N/A,N/A,17:45,Soft To Heavy,1m 6f 55y,Streetscape,William James Lee,0,Eoin Christopher McCarthy,7th,3 1/2 l,4,9-6,60,True,81,23
N/A,N/A,17:45,Soft To Heavy,1m 6f 55y,Spring Wind (IRE),L. T. McAteer,0,Barry Fitzgerald,6th,1/2 l,4,9-12,66,True,81,23
N/A,N/A,17:45,Soft To Heavy,1m 6f 55y,Chicago Storm,P. A. Harnett,5,Peter Fahey,5th,Short Head,4,9-11,65,True,81,23
N/A,N/A,17:45,Soft To Heavy,1m 6f 55y,Weather Alert (IRE),Ben Martin Coen,0,Thomas Mullins,4th,1 l,7,9-8,62,True,81,23
N/A,N/A,17:45,Soft To Heavy,1m 6f 55y,Zileo,R. P. Whelan,0,M. Halford & T. Collins,3rd,1 1/2 l,5,10-2tp,70,True,81,23
N/A,N/A,17:45,Soft To Heavy,1m 6f 55y,Viceregent,Adam Caffrey,5,Charles Byrnes,2nd,4 3/4 l,6,9-8p1,62,True,81,23
N/A,N/A,17:45,Soft To Heavy,1m 6f 55y,Arabian King,C. T. Keane,0,Cian Michael Collins,1st,N/A,7,9-8t,62,True,81,23
N/A,N/A,17:45,Soft To Heavy,1m 6f 55y,Crystal Caves (FR),G. M. Ryan,0,T. Gibney,13th,15 l,4,9-9,63,True,81,23
N/A,N/A,17:45,Soft To Heavy,1m 6f 55y,Sir Allen,Andrew Joseph Slattery,0,A. Slattery,12th,6 l,4,10-0,68,True,81,23
N/A,N/A,17:45,Soft To Heavy,1m 6f 55y,Inchiquin Maid (IRE),C. Stone-Walsh,7,David Kenneth Budds,11th,1 1/4 l,4,9-11t,65,True,81,23
N/A,N/A,17:45,Soft To Heavy,1m 6f 55y,Rain (GER),C. D. Hayes,0,James M. Barcoe,10th,3 1/4 l,4,9-10,64,True,81,23
N/A,N/A,17:45,Soft To Heavy,1m 6f 55y,Global Export (IRE),R. Whearty,5,Gavin Patrick Cromwell,9th,3 1/4 l,5,9-9h,63,True,81,23
N/A,N/A,17:45,Soft To Heavy,1m 6f 55y,Butterfly Garden (IRE),S. McCullagh,3,Kevin Prendergast,8th,2 1/4 l,4,10-0t,68,True,81,23
N/A,N/A,17:45,Soft To Heavy,1m 6f 55y,Streetscape,William James Lee,0,Eoin Christopher McCarthy,7th,3 1/2 l,4,9-6,60,True,81,23
N/A,N/A,17:45,Soft To Heavy,1m 6f 55y,Spring Wind (IRE),L. T. McAteer,0,Barry Fitzgerald,6th,1/2 l,4,9-12,66,True,81,23
N/A,N/A,17:45,Soft To Heavy,1m 6f 55y,Chicago Storm,P. A. Harnett,5,Peter Fahey,5th,Short Head,4,9-11,65,True,81,23
N/A,N/A,17:45,Soft To Heavy,1m 6f 55y,Weather Alert (IRE),Ben Martin Coen,0,Thomas Mullins,4th,1 l,7,9-8,62,True,81,23
N/A,N/A,17:45,Soft To Heavy,1m 6f 55y,Zileo,R. P. Whelan,0,M. Halford & T. Collins,3rd,1 1/2 l,5,10-2tp,70,True,81,23
N/A,N/A,17:45,Soft To Heavy,1m 6f 55y,Viceregent,Adam Caffrey,5,Charles Byrnes,2nd,4 3/4 l,6,9-8p1,62,True,81,23
N/A,N/A,17:45,Soft To Heavy,1m 6f 55y,Arabian King,C. T. Keane,0,Cian Michael Collins,1st,N/A,7,9-8t,62,True,81,23
N/A,N/A,13:35,Yielding To Soft,2m 4f,So Original (IRE),M. P. O'Connor,3,Henry de Bromhead,PU,N/A,6,11-12h1,-,True,81,24
N/A,N/A,13:35,Yielding To Soft,2m 4f,Colline Fleurie (IRE),D. J. O'Keeffe,0,Brendan Maurice Walsh,PU,N/A,5,11-5,-,True,81,24
N/A,N/A,13:35,Yielding To Soft,2m 4f,Talk In The Park (IRE),D. E. Mullins,0,Ms Margaret Mullins,F,N/A,5,11-12,-,True,81,24
N/A,N/A,13:35,Yielding To Soft,2m 4f,Padraigs Boy (IRE),J. J. Slevin,0,Ms A. Curran,BD,N/A,7,11-12,-,True,81,24
N/A,N/A,13:35,Yielding To Soft,2m 4f,Bright Lad (IRE),A. P. Heskin,0,F. Costello,14th,81 l,7,11-12,-,True,81,24
N/A,N/A,13:35,Yielding To Soft,2m 4f,Clyde The Glide (IRE),S. Fitzgerald,0,Patrick G. Kelly,13th,9 1/2 l,6,11-12,-,True,81,24
N/A,N/A,13:35,Yielding To Soft,2m 4f,Due Course (IRE),Mr J. P. O'Rourke,7,P. O'Rourke,12th,3 3/4 l,5,11-12,-,True,81,24
N/A,N/A,13:35,Yielding To Soft,2m 4f,Applicationofcash (IRE),Phillip Enright,0,S. Curling,11th,1 3/4 l,5,11-12,-,True,81,24
N/A,N/A,13:35,Yielding To Soft,2m 4f,Soldat Flamboyant (IRE),A. M. McCurtin,0,Daniel G. Murphy,10th,Head,6,11-12,-,True,81,24
N/A,N/A,13:35,Yielding To Soft,2m 4f,Now Is The Hour (IRE),Keith Donoghue,0,Gavin Patrick Cromwell,9th,1 3/4 l,6,11-12,-,True,81,24
N/A,N/A,13:35,Yielding To Soft,2m 4f,The Dooner Citizen (IRE),Mr Alan O'Sullivan,7,Eugene M. O'Sullivan,8th,3 l,5,11-12,-,True,81,24
N/A,N/A,13:35,Yielding To Soft,2m 4f,Ballerina Boxer (IRE),B. W. Harvey,3,John McConnell,7th,2 3/4 l,5,11-5,-,True,81,24
N/A,N/A,13:35,Yielding To Soft,2m 4f,Shindilla (IRE),Sean Flanagan,0,Peter Fahey,6th,7 1/2 l,5,11-5,-,True,81,24
N/A,N/A,13:35,Yielding To Soft,2m 4f,Sonny Fella,J. S. McGarvey,0,W. M. Roper,5th,19 l,5,11-12,-,True,81,24
N/A,N/A,13:35,Yielding To Soft,2m 4f,Just Three (IRE),Jack G. Gilligan,7,Paul John Gilligan,4th,4 1/4 l,6,11-12,-,True,81,24
N/A,N/A,13:35,Yielding To Soft,2m 4f,Secrecies Of Stone (IRE),Jordan Colin Gainford,0,Paul Nolan,3rd,Short Head,5,11-12,-,True,81,24
N/A,N/A,13:35,Yielding To Soft,2m 4f,River Tara (IRE),P. Townend,0,W. P. Mullins,2nd,14 l,5,11-5,-,True,81,24
N/A,N/A,13:35,Yielding To Soft,2m 4f,Tag Man (IRE),Rachael Blackmore,0,Henry de Bromhead,1st,N/A,7,11-12t,-,True,81,24
N/A,N/A,13:35,Yielding To Soft,2m 4f,So Original (IRE),M. P. O'Connor,3,Henry de Bromhead,PU,N/A,6,11-12h1,-,True,81,24
N/A,N/A,13:35,Yielding To Soft,2m 4f,Colline Fleurie (IRE),D. J. O'Keeffe,0,Brendan Maurice Walsh,PU,N/A,5,11-5,-,True,81,24
N/A,N/A,13:35,Yielding To Soft,2m 4f,Talk In The Park (IRE),D. E. Mullins,0,Ms Margaret Mullins,F,N/A,5,11-12,-,True,81,24
N/A,N/A,13:35,Yielding To Soft,2m 4f,Padraigs Boy (IRE),J. J. Slevin,0,Ms A. Curran,BD,N/A,7,11-12,-,True,81,24
N/A,N/A,13:35,Yielding To Soft,2m 4f,Bright Lad (IRE),A. P. Heskin,0,F. Costello,14th,81 l,7,11-12,-,True,81,24
N/A,N/A,13:35,Yielding To Soft,2m 4f,Clyde The Glide (IRE),S. Fitzgerald,0,Patrick G. Kelly,13th,9 1/2 l,6,11-12,-,True,81,24
N/A,N/A,13:35,Yielding To Soft,2m 4f,Due Course (IRE),Mr J. P. O'Rourke,7,P. O'Rourke,12th,3 3/4 l,5,11-12,-,True,81,24
N/A,N/A,13:35,Yielding To Soft,2m 4f,Applicationofcash (IRE),Phillip Enright,0,S. Curling,11th,1 3/4 l,5,11-12,-,True,81,24
N/A,N/A,13:35,Yielding To Soft,2m 4f,Soldat Flamboyant (IRE),A. M. McCurtin,0,Daniel G. Murphy,10th,Head,6,11-12,-,True,81,24
N/A,N/A,13:35,Yielding To Soft,2m 4f,Now Is The Hour (IRE),Keith Donoghue,0,Gavin Patrick Cromwell,9th,1 3/4 l,6,11-12,-,True,81,24
N/A,N/A,13:35,Yielding To Soft,2m 4f,The Dooner Citizen (IRE),Mr Alan O'Sullivan,7,Eugene M. O'Sullivan,8th,3 l,5,11-12,-,True,81,24
N/A,N/A,13:35,Yielding To Soft,2m 4f,Ballerina Boxer (IRE),B. W. Harvey,3,John McConnell,7th,2 3/4 l,5,11-5,-,True,81,24
N/A,N/A,13:35,Yielding To Soft,2m 4f,Shindilla (IRE),Sean Flanagan,0,Peter Fahey,6th,7 1/2 l,5,11-5,-,True,81,24
N/A,N/A,13:35,Yielding To Soft,2m 4f,Sonny Fella,J. S. McGarvey,0,W. M. Roper,5th,19 l,5,11-12,-,True,81,24
N/A,N/A,13:35,Yielding To Soft,2m 4f,Just Three (IRE),Jack G. Gilligan,7,Paul John Gilligan,4th,4 1/4 l,6,11-12,-,True,81,24
N/A,N/A,13:35,Yielding To Soft,2m 4f,Secrecies Of Stone (IRE),Jordan Colin Gainford,0,Paul Nolan,3rd,Short Head,5,11-12,-,True,81,24
N/A,N/A,13:35,Yielding To Soft,2m 4f,River Tara (IRE),P. Townend,0,W. P. Mullins,2nd,14 l,5,11-5,-,True,81,24
N/A,N/A,13:35,Yielding To Soft,2m 4f,Tag Man (IRE),Rachael Blackmore,0,Henry de Bromhead,1st,N/A,7,11-12t,-,True,81,24
N/A,N/A,14:05,Yielding To Soft,2m,Ifiwerearichman (IRE),S. F. O'Keeffe,0,Paul Nolan,PU,N/A,5,10-6h,129,True,81,25
N/A,N/A,14:05,Yielding To Soft,2m,The Big Chap (IRE),Rachael Blackmore,0,Paul W. Flynn,16th,18 l,6,10-0t,123,True,81,25
N/A,N/A,14:05,Yielding To Soft,2m,Wouldn't You Agree (IRE),M. M. McDonagh,5,Eoin Griffin,15th,4 1/2 l,9,10-0b,123,True,81,25
N/A,N/A,14:05,Yielding To Soft,2m,Aime Desjy (FR),D. E. Mullins,0,W. P. Mullins,14th,1 3/4 l,8,10-6,129,True,81,25
N/A,N/A,14:05,Yielding To Soft,2m,Glan (IRE),Jordan Colin Gainford,0,Gordon Elliott,13th,Head,8,10-12,135,True,81,25
N/A,N/A,14:05,Yielding To Soft,2m,Captains Nephew (IRE),C. M. Quirke,5,P. J. Rothwell,12th,1 1/2 l,6,10-0t,123,True,81,25
N/A,N/A,14:05,Yielding To Soft,2m,Fils D'oudairies (FR),D. J. Gilligan,5,Gordon Elliott,11th,5 1/2 l,8,11-12,149,True,81,25
N/A,N/A,14:05,Yielding To Soft,2m,Filey Bay (IRE),S. D. Torrens,0,Emmet Mullins,10th,1/2 l,7,11-5t,142,True,81,25
N/A,N/A,14:05,Yielding To Soft,2m,My Gaffer (IRE),D. J. O'Keeffe,0,John Patrick Ryan,9th,3 3/4 l,5,10-0,123,True,81,25
N/A,N/A,14:05,Yielding To Soft,2m,Magic Tricks (FR),J. S. McGarvey,0,Gordon Elliott,8th,1 l,7,11-2,139,True,81,25
N/A,N/A,14:05,Yielding To Soft,2m,Cash Back (FR),Kieran Callaghan,5,W. P. Mullins,7th,1 1/4 l,11,11-1,138,True,81,25
N/A,N/A,14:05,Yielding To Soft,2m,Volantis (IRE),M. J. M. O'Sullivan,0,Ross O'Sullivan,6th,Head,5,10-3,126,True,81,25
N/A,N/A,14:05,Yielding To Soft,2m,Icare Allen (FR),M. P. Walsh,0,W. P. Mullins,5th,1 1/4 l,5,11-3t,140,True,81,25
N/A,N/A,14:05,Yielding To Soft,2m,Thecompanysergeant,D. King,5,Adrian Brendan Joyce,4th,1/2 l,6,10-7,130,True,81,25
N/A,N/A,14:05,Yielding To Soft,2m,Shecouldbeanything (IRE),J. W. Kennedy,0,Gordon Elliott,3rd,4 1/2 l,6,11-2,139,True,81,25
N/A,N/A,14:05,Yielding To Soft,2m,Horantzau D'airy (FR),P. Townend,0,W. P. Mullins,2nd,1 1/2 l,6,10-7t,130,True,81,25
N/A,N/A,14:05,Yielding To Soft,2m,Man O Work (IRE),Cian Cullinan,7,P. G. Fahey,1st,N/A,5,10-2,125,True,81,25
N/A,N/A,14:05,Yielding To Soft,2m,Ifiwerearichman (IRE),S. F. O'Keeffe,0,Paul Nolan,PU,N/A,5,10-6h,129,True,81,25
N/A,N/A,14:05,Yielding To Soft,2m,The Big Chap (IRE),Rachael Blackmore,0,Paul W. Flynn,16th,18 l,6,10-0t,123,True,81,25
N/A,N/A,14:05,Yielding To Soft,2m,Wouldn't You Agree (IRE),M. M. McDonagh,5,Eoin Griffin,15th,4 1/2 l,9,10-0b,123,True,81,25
N/A,N/A,14:05,Yielding To Soft,2m,Aime Desjy (FR),D. E. Mullins,0,W. P. Mullins,14th,1 3/4 l,8,10-6,129,True,81,25
N/A,N/A,14:05,Yielding To Soft,2m,Glan (IRE),Jordan Colin Gainford,0,Gordon Elliott,13th,Head,8,10-12,135,True,81,25
N/A,N/A,14:05,Yielding To Soft,2m,Captains Nephew (IRE),C. M. Quirke,5,P. J. Rothwell,12th,1 1/2 l,6,10-0t,123,True,81,25
N/A,N/A,14:05,Yielding To Soft,2m,Fils D'oudairies (FR),D. J. Gilligan,5,Gordon Elliott,11th,5 1/2 l,8,11-12,149,True,81,25
N/A,N/A,14:05,Yielding To Soft,2m,Filey Bay (IRE),S. D. Torrens,0,Emmet Mullins,10th,1/2 l,7,11-5t,142,True,81,25
N/A,N/A,14:05,Yielding To Soft,2m,My Gaffer (IRE),D. J. O'Keeffe,0,John Patrick Ryan,9th,3 3/4 l,5,10-0,123,True,81,25
N/A,N/A,14:05,Yielding To Soft,2m,Magic Tricks (FR),J. S. McGarvey,0,Gordon Elliott,8th,1 l,7,11-2,139,True,81,25
N/A,N/A,14:05,Yielding To Soft,2m,Cash Back (FR),Kieran Callaghan,5,W. P. Mullins,7th,1 1/4 l,11,11-1,138,True,81,25
N/A,N/A,14:05,Yielding To Soft,2m,Volantis (IRE),M. J. M. O'Sullivan,0,Ross O'Sullivan,6th,Head,5,10-3,126,True,81,25
N/A,N/A,14:05,Yielding To Soft,2m,Icare Allen (FR),M. P. Walsh,0,W. P. Mullins,5th,1 1/4 l,5,11-3t,140,True,81,25
N/A,N/A,14:05,Yielding To Soft,2m,Thecompanysergeant,D. King,5,Adrian Brendan Joyce,4th,1/2 l,6,10-7,130,True,81,25
N/A,N/A,14:05,Yielding To Soft,2m,Shecouldbeanything (IRE),J. W. Kennedy,0,Gordon Elliott,3rd,4 1/2 l,6,11-2,139,True,81,25
N/A,N/A,14:05,Yielding To Soft,2m,Horantzau D'airy (FR),P. Townend,0,W. P. Mullins,2nd,1 1/2 l,6,10-7t,130,True,81,25
N/A,N/A,14:05,Yielding To Soft,2m,Man O Work (IRE),Cian Cullinan,7,P. G. Fahey,1st,N/A,5,10-2,125,True,81,25
N/A,N/A,14:40,Yielding To Soft,3m,Ranger Billy (IRE),M. J. M. O'Sullivan,0,Eoin Doyle,PU,N/A,7,11-10,91,True,81,26
N/A,N/A,14:40,Yielding To Soft,3m,Dunleer Phoenix (IRE),J. W. Kennedy,0,Gordon Elliott,PU,N/A,7,11-8p,89,True,81,26
N/A,N/A,14:40,Yielding To Soft,3m,Oskar High (IRE),Shane O'Callaghan,5,Norman Lee,PU,N/A,11,11-3p,84,True,81,26
N/A,N/A,14:40,Yielding To Soft,3m,Gendarme (IRE),Patrick O'Hanlon,5,Charles Coakley,PU,N/A,8,11-11tv,92,True,81,26
N/A,N/A,14:40,Yielding To Soft,3m,Crimson Chief (IRE),K. E. Buckley,3,J. Morrison,PU,N/A,11,11-6,87,True,81,26
N/A,N/A,14:40,Yielding To Soft,3m,Sweet Bonnie (IRE),D. J. O'Keeffe,0,J. P. Flavin,PU,N/A,5,11-3p,84,True,81,26
N/A,N/A,14:40,Yielding To Soft,3m,Flemenora (IRE),S. Fitzgerald,0,Mrs Yvonne Dunleavy,12th,Head,6,10-13t,80,True,81,26
N/A,N/A,14:40,Yielding To Soft,3m,Inchidaly Robin (IRE),Mr A. Burke-Ott,7,Alexander Ott,11th,1 l,6,11-12tp1,93,True,81,26
N/A,N/A,14:40,Yielding To Soft,3m,Punk Rock Girl (IRE),Jordan Colin Gainford,0,Cian Michael Collins,10th,3 l,5,10-13tp,80,True,81,26
N/A,N/A,14:40,Yielding To Soft,3m,Heart Of Rome (IRE),Sean Flanagan,0,Paul Nolan,9th,24 l,4,11-2p,88,True,81,26
N/A,N/A,14:40,Yielding To Soft,3m,O'Faolains Glory (IRE),J. P. O'Sullivan,3,N. Dooly,8th,1 3/4 l,6,11-0,81,True,81,26
N/A,N/A,14:40,Yielding To Soft,3m,Keeffelee (IRE),D. King,5,Miss J. M. Lee,7th,3 1/4 l,9,11-8p,89,True,81,26
N/A,N/A,14:40,Yielding To Soft,3m,Glorious Singer (IRE),E. M. O'Sullivan,7,Ms M. Flynn,6th,1/2 l,8,11-7,88,True,81,26
N/A,N/A,14:40,Yielding To Soft,3m,Meehall (IRE),C. P. McNamara,0,Eric McNamara,5th,1 1/4 l,7,11-10tp,91,True,81,26
N/A,N/A,14:40,Yielding To Soft,3m,Stellar Symphony (IRE),J. P. Shinnick,7,Terence O'Brien,4th,7 l,8,11-10t,91,True,81,26
N/A,N/A,14:40,Yielding To Soft,3m,Jacks Fancy (IRE),Rachael Blackmore,0,Henry de Bromhead,3rd,2 3/4 l,5,11-5h,86,True,81,26
N/A,N/A,14:40,Yielding To Soft,3m,Oh'herewego (IRE),Phillip Enright,0,V. T. O'Brien,2nd,8 1/2 l,14,10-13,80,True,81,26
N/A,N/A,14:40,Yielding To Soft,3m,Ragin Cajun (IRE),J. Smith,7,Matthew J. Smith,1st,N/A,10,11-9tb,90,True,81,26
N/A,N/A,14:40,Yielding To Soft,3m,Ranger Billy (IRE),M. J. M. O'Sullivan,0,Eoin Doyle,PU,N/A,7,11-10,91,True,81,26
N/A,N/A,14:40,Yielding To Soft,3m,Dunleer Phoenix (IRE),J. W. Kennedy,0,Gordon Elliott,PU,N/A,7,11-8p,89,True,81,26
N/A,N/A,14:40,Yielding To Soft,3m,Oskar High (IRE),Shane O'Callaghan,5,Norman Lee,PU,N/A,11,11-3p,84,True,81,26
N/A,N/A,14:40,Yielding To Soft,3m,Gendarme (IRE),Patrick O'Hanlon,5,Charles Coakley,PU,N/A,8,11-11tv,92,True,81,26
N/A,N/A,14:40,Yielding To Soft,3m,Crimson Chief (IRE),K. E. Buckley,3,J. Morrison,PU,N/A,11,11-6,87,True,81,26
N/A,N/A,14:40,Yielding To Soft,3m,Sweet Bonnie (IRE),D. J. O'Keeffe,0,J. P. Flavin,PU,N/A,5,11-3p,84,True,81,26
N/A,N/A,14:40,Yielding To Soft,3m,Flemenora (IRE),S. Fitzgerald,0,Mrs Yvonne Dunleavy,12th,Head,6,10-13t,80,True,81,26
N/A,N/A,14:40,Yielding To Soft,3m,Inchidaly Robin (IRE),Mr A. Burke-Ott,7,Alexander Ott,11th,1 l,6,11-12tp1,93,True,81,26
N/A,N/A,14:40,Yielding To Soft,3m,Punk Rock Girl (IRE),Jordan Colin Gainford,0,Cian Michael Collins,10th,3 l,5,10-13tp,80,True,81,26
N/A,N/A,14:40,Yielding To Soft,3m,Heart Of Rome (IRE),Sean Flanagan,0,Paul Nolan,9th,24 l,4,11-2p,88,True,81,26
N/A,N/A,14:40,Yielding To Soft,3m,O'Faolains Glory (IRE),J. P. O'Sullivan,3,N. Dooly,8th,1 3/4 l,6,11-0,81,True,81,26
N/A,N/A,14:40,Yielding To Soft,3m,Keeffelee (IRE),D. King,5,Miss J. M. Lee,7th,3 1/4 l,9,11-8p,89,True,81,26
N/A,N/A,14:40,Yielding To Soft,3m,Glorious Singer (IRE),E. M. O'Sullivan,7,Ms M. Flynn,6th,1/2 l,8,11-7,88,True,81,26
N/A,N/A,14:40,Yielding To Soft,3m,Meehall (IRE),C. P. McNamara,0,Eric McNamara,5th,1 1/4 l,7,11-10tp,91,True,81,26
N/A,N/A,14:40,Yielding To Soft,3m,Stellar Symphony (IRE),J. P. Shinnick,7,Terence O'Brien,4th,7 l,8,11-10t,91,True,81,26
N/A,N/A,14:40,Yielding To Soft,3m,Jacks Fancy (IRE),Rachael Blackmore,0,Henry de Bromhead,3rd,2 3/4 l,5,11-5h,86,True,81,26
N/A,N/A,14:40,Yielding To Soft,3m,Oh'herewego (IRE),Phillip Enright,0,V. T. O'Brien,2nd,8 1/2 l,14,10-13,80,True,81,26
N/A,N/A,14:40,Yielding To Soft,3m,Ragin Cajun (IRE),J. Smith,7,Matthew J. Smith,1st,N/A,10,11-9tb,90,True,81,26
N/A,N/A,15:15,Yielding To Soft,3m,Jeriko De Baune (FR),Niall Moore,7,Philip Fenton,UR,N/A,4,11-9,95,True,81,27
N/A,N/A,15:15,Yielding To Soft,3m,Masterstonemason (IRE),A. P. Heskin,0,F. Costello,PU,N/A,9,11-2p,83,True,81,27
N/A,N/A,15:15,Yielding To Soft,3m,Coppercoast Paudie (IRE),E. M. O'Sullivan,7,Ms M. Flynn,PU,N/A,10,10-13,80,True,81,27
N/A,N/A,15:15,Yielding To Soft,3m,Jesina (IRE),G. B. Noonan,5,Eoin Christopher McCarthy,PU,N/A,7,11-12t,93,True,81,27
N/A,N/A,15:15,Yielding To Soft,3m,Roman Parish (IRE),Sean Flanagan,0,David M. O'Brien,PU,N/A,5,11-8,89,True,81,27
N/A,N/A,15:15,Yielding To Soft,3m,Ballagh Star (IRE),S. Fitzgerald,0,Mrs Yvonne Dunleavy,PU,N/A,5,11-10tp,91,True,81,27
N/A,N/A,15:15,Yielding To Soft,3m,Red Finch (IRE),Mr D. Doyle,7,Timothy Doyle,PU,N/A,9,10-13,80,True,81,27
N/A,N/A,15:15,Yielding To Soft,3m,Miss Laura (IRE),D. J. O'Keeffe,0,Brendan Maurice Walsh,PU,N/A,8,11-0,81,True,81,27
N/A,N/A,15:15,Yielding To Soft,3m,Millies Dream (IRE),Keith Donoghue,0,Gavin Patrick Cromwell,PU,N/A,5,11-8p,89,True,81,27
N/A,N/A,15:15,Yielding To Soft,3m,Hees Dynamite (IRE),C. P. McNamara,0,Eric McNamara,PU,N/A,5,11-11t1,92,True,81,27
N/A,N/A,15:15,Yielding To Soft,3m,Gigantamax Eevee (IRE),J. Smith,7,Matthew J. Smith,F,N/A,5,10-13p,80,True,81,27
N/A,N/A,15:15,Yielding To Soft,3m,Spring Street (IRE),D. J. Gilligan,5,J. P. Flavin,F,N/A,5,12-0tp,95,True,81,27
N/A,N/A,15:15,Yielding To Soft,3m,Father Jed (IRE),Liam Quinlan,5,John Patrick Ryan,5th,99 l,12,11-5,86,True,81,27
N/A,N/A,15:15,Yielding To Soft,3m,Greatmindstinkalik (IRE),R. P. Treacy,0,Matthew J. Smith,4th,24 l,6,11-0t,81,True,81,27
N/A,N/A,15:15,Yielding To Soft,3m,Mr Social (IRE),M. M. McDonagh,5,Eoin Griffin,3rd,6 l,5,11-6,87,True,81,27
N/A,N/A,15:15,Yielding To Soft,3m,Amazing Amy (IRE),Mr Alan O'Sullivan,7,Eugene M. O'Sullivan,2nd,4 3/4 l,8,11-4p,85,True,81,27
N/A,N/A,15:15,Yielding To Soft,3m,Another Nightmare (IRE),Shane Fenelon,7,John Joseph Hanlon,1st,N/A,5,11-10,91,True,81,27
N/A,N/A,15:15,Yielding To Soft,3m,Jeriko De Baune (FR),Niall Moore,7,Philip Fenton,UR,N/A,4,11-9,95,True,81,27
N/A,N/A,15:15,Yielding To Soft,3m,Masterstonemason (IRE),A. P. Heskin,0,F. Costello,PU,N/A,9,11-2p,83,True,81,27
N/A,N/A,15:15,Yielding To Soft,3m,Coppercoast Paudie (IRE),E. M. O'Sullivan,7,Ms M. Flynn,PU,N/A,10,10-13,80,True,81,27
N/A,N/A,15:15,Yielding To Soft,3m,Jesina (IRE),G. B. Noonan,5,Eoin Christopher McCarthy,PU,N/A,7,11-12t,93,True,81,27
N/A,N/A,15:15,Yielding To Soft,3m,Roman Parish (IRE),Sean Flanagan,0,David M. O'Brien,PU,N/A,5,11-8,89,True,81,27
N/A,N/A,15:15,Yielding To Soft,3m,Ballagh Star (IRE),S. Fitzgerald,0,Mrs Yvonne Dunleavy,PU,N/A,5,11-10tp,91,True,81,27
N/A,N/A,15:15,Yielding To Soft,3m,Red Finch (IRE),Mr D. Doyle,7,Timothy Doyle,PU,N/A,9,10-13,80,True,81,27
N/A,N/A,15:15,Yielding To Soft,3m,Miss Laura (IRE),D. J. O'Keeffe,0,Brendan Maurice Walsh,PU,N/A,8,11-0,81,True,81,27
N/A,N/A,15:15,Yielding To Soft,3m,Millies Dream (IRE),Keith Donoghue,0,Gavin Patrick Cromwell,PU,N/A,5,11-8p,89,True,81,27
N/A,N/A,15:15,Yielding To Soft,3m,Hees Dynamite (IRE),C. P. McNamara,0,Eric McNamara,PU,N/A,5,11-11t1,92,True,81,27
N/A,N/A,15:15,Yielding To Soft,3m,Gigantamax Eevee (IRE),J. Smith,7,Matthew J. Smith,F,N/A,5,10-13p,80,True,81,27
N/A,N/A,15:15,Yielding To Soft,3m,Spring Street (IRE),D. J. Gilligan,5,J. P. Flavin,F,N/A,5,12-0tp,95,True,81,27
N/A,N/A,15:15,Yielding To Soft,3m,Father Jed (IRE),Liam Quinlan,5,John Patrick Ryan,5th,99 l,12,11-5,86,True,81,27
N/A,N/A,15:15,Yielding To Soft,3m,Greatmindstinkalik (IRE),R. P. Treacy,0,Matthew J. Smith,4th,24 l,6,11-0t,81,True,81,27
N/A,N/A,15:15,Yielding To Soft,3m,Mr Social (IRE),M. M. McDonagh,5,Eoin Griffin,3rd,6 l,5,11-6,87,True,81,27
N/A,N/A,15:15,Yielding To Soft,3m,Amazing Amy (IRE),Mr Alan O'Sullivan,7,Eugene M. O'Sullivan,2nd,4 3/4 l,8,11-4p,85,True,81,27
N/A,N/A,15:15,Yielding To Soft,3m,Another Nightmare (IRE),Shane Fenelon,7,John Joseph Hanlon,1st,N/A,5,11-10,91,True,81,27
N/A,N/A,15:50,Yielding To Soft,2m 4f,Dancing Jeremy (IRE),M. M. McDonagh,5,James Andrew Fahey,UR,N/A,8,11-12,107,True,81,28
N/A,N/A,15:50,Yielding To Soft,2m 4f,I Am Rocco,Phillip Enright,0,Brian M. McMahon,PU,N/A,6,11-2,97,True,81,28
N/A,N/A,15:50,Yielding To Soft,2m 4f,Punters Poet (IRE),T. Joseph Kelly,7,Eoin Christopher McCarthy,F,N/A,8,10-12tp,93,True,81,28
N/A,N/A,15:50,Yielding To Soft,2m 4f,Le Malin (FR),Mr N. McParlan,0,Sean McParlan,11th,16 l,9,12-0,109,True,81,28
N/A,N/A,15:50,Yielding To Soft,2m 4f,Filon D'oudairies (FR),C. G. O'Dwyer,5,J. P. Broderick,10th,6 1/2 l,8,12-0,109,True,81,28
N/A,N/A,15:50,Yielding To Soft,2m 4f,Chainofconsequence (IRE),S. F. O'Keeffe,0,Michael J. McDonagh,9th,11 l,6,10-12,93,True,81,28
N/A,N/A,15:50,Yielding To Soft,2m 4f,Clonmeen (IRE),S. D. Torrens,0,W. P. Murphy,8th,Head,8,11-9t,104,True,81,28
N/A,N/A,15:50,Yielding To Soft,2m 4f,Midnight It Is,Keith Donoghue,0,Gavin Patrick Cromwell,7th,2 3/4 l,7,11-9p,104,True,81,28
N/A,N/A,15:50,Yielding To Soft,2m 4f,Rebel Waltz (IRE),D. J. O'Keeffe,0,T. J. Nagle Jnr,6th,4 1/4 l,9,11-3,98,True,81,28
N/A,N/A,15:50,Yielding To Soft,2m 4f,Kilashee (IRE),D. King,5,John Patrick Ryan,5th,1/2 l,8,10-5,86,True,81,28
N/A,N/A,15:50,Yielding To Soft,2m 4f,Leish Oscars Son (IRE),K. E. Buckley,3,Gavin Patrick Cromwell,4th,2 1/2 l,7,11-6,101,True,81,28
N/A,N/A,15:50,Yielding To Soft,2m 4f,Cahirdown Boy (IRE),C. P. McNamara,0,Eric McNamara,3rd,6 l,8,11-8t,103,True,81,28
N/A,N/A,15:50,Yielding To Soft,2m 4f,Likable Chancer (IRE),C. M. Quirke,5,Daniel John Howard,2nd,4 l,9,10-3tb,84,True,81,28
N/A,N/A,15:50,Yielding To Soft,2m 4f,Cave Court (IRE),J. S. McGarvey,0,Noel C. Kelly,1st,N/A,6,11-0,95,True,81,28
N/A,N/A,15:50,Yielding To Soft,2m 4f,Dancing Jeremy (IRE),M. M. McDonagh,5,James Andrew Fahey,UR,N/A,8,11-12,107,True,81,28
N/A,N/A,15:50,Yielding To Soft,2m 4f,I Am Rocco,Phillip Enright,0,Brian M. McMahon,PU,N/A,6,11-2,97,True,81,28
N/A,N/A,15:50,Yielding To Soft,2m 4f,Punters Poet (IRE),T. Joseph Kelly,7,Eoin Christopher McCarthy,F,N/A,8,10-12tp,93,True,81,28
N/A,N/A,15:50,Yielding To Soft,2m 4f,Le Malin (FR),Mr N. McParlan,0,Sean McParlan,11th,16 l,9,12-0,109,True,81,28
N/A,N/A,15:50,Yielding To Soft,2m 4f,Filon D'oudairies (FR),C. G. O'Dwyer,5,J. P. Broderick,10th,6 1/2 l,8,12-0,109,True,81,28
N/A,N/A,15:50,Yielding To Soft,2m 4f,Chainofconsequence (IRE),S. F. O'Keeffe,0,Michael J. McDonagh,9th,11 l,6,10-12,93,True,81,28
N/A,N/A,15:50,Yielding To Soft,2m 4f,Clonmeen (IRE),S. D. Torrens,0,W. P. Murphy,8th,Head,8,11-9t,104,True,81,28
N/A,N/A,15:50,Yielding To Soft,2m 4f,Midnight It Is,Keith Donoghue,0,Gavin Patrick Cromwell,7th,2 3/4 l,7,11-9p,104,True,81,28
N/A,N/A,15:50,Yielding To Soft,2m 4f,Rebel Waltz (IRE),D. J. O'Keeffe,0,T. J. Nagle Jnr,6th,4 1/4 l,9,11-3,98,True,81,28
N/A,N/A,15:50,Yielding To Soft,2m 4f,Kilashee (IRE),D. King,5,John Patrick Ryan,5th,1/2 l,8,10-5,86,True,81,28
N/A,N/A,15:50,Yielding To Soft,2m 4f,Leish Oscars Son (IRE),K. E. Buckley,3,Gavin Patrick Cromwell,4th,2 1/2 l,7,11-6,101,True,81,28
N/A,N/A,15:50,Yielding To Soft,2m 4f,Cahirdown Boy (IRE),C. P. McNamara,0,Eric McNamara,3rd,6 l,8,11-8t,103,True,81,28
N/A,N/A,15:50,Yielding To Soft,2m 4f,Likable Chancer (IRE),C. M. Quirke,5,Daniel John Howard,2nd,4 l,9,10-3tb,84,True,81,28
N/A,N/A,15:50,Yielding To Soft,2m 4f,Cave Court (IRE),J. S. McGarvey,0,Noel C. Kelly,1st,N/A,6,11-0,95,True,81,28
N/A,N/A,16:25,Yielding To Soft,2m 1f,For Everyone (IRE),Phillip Enright,0,Mark McNiff,PU,N/A,7,11-1t1,123,True,81,29
N/A,N/A,16:25,Yielding To Soft,2m 1f,Roseys Hollow (IRE),M. P. Walsh,0,Jonathan Sweeney,PU,N/A,9,11-4,126,True,81,29
N/A,N/A,16:25,Yielding To Soft,2m 1f,Nelly's Money (IRE),D. J. O'Keeffe,0,John Patrick Ryan,F,N/A,10,10-0t,108,True,81,29
N/A,N/A,16:25,Yielding To Soft,2m 1f,Espion Du Chenet (FR),R. P. Treacy,0,Louise G. Lyons,9th,54 l,9,10-5tp,113,True,81,29
N/A,N/A,16:25,Yielding To Soft,2m 1f,The Dara Man (IRE),Liam Quinlan,5,John Patrick Ryan,8th,12 l,8,10-13t,121,True,81,29
N/A,N/A,16:25,Yielding To Soft,2m 1f,Say It Ain't So,D. King,5,Ray Hackett,7th,1 1/2 l,8,11-0t,122,True,81,29
N/A,N/A,16:25,Yielding To Soft,2m 1f,Minx Tiara (IRE),Sean Flanagan,0,David M. O'Brien,6th,2 l,8,11-12,134,True,81,29
N/A,N/A,16:25,Yielding To Soft,2m 1f,Vado Forte (FR),M. J. M. O'Sullivan,0,Ross O'Sullivan,5th,4 3/4 l,10,11-6t1,128,True,81,29
N/A,N/A,16:25,Yielding To Soft,2m 1f,Irish Blaze (IRE),Jordan Colin Gainford,0,Gordon Elliott,4th,1 1/4 l,7,11-0h,122,True,81,29
N/A,N/A,16:25,Yielding To Soft,2m 1f,Bythesametoken (IRE),Robert Dunne,0,Ross O'Sullivan,3rd,9 1/2 l,9,10-8tp,116,True,81,29
N/A,N/A,16:25,Yielding To Soft,2m 1f,Barnacullia (IRE),Keith Donoghue,0,Michael Mulvany,2nd,1 1/2 l,6,11-11,133,True,81,29
N/A,N/A,16:25,Yielding To Soft,2m 1f,Fighting Fit,Gavin Peter Brouder,5,J. P. Dempsey,1st,N/A,8,11-10t,132,True,81,29
N/A,N/A,16:25,Yielding To Soft,2m 1f,For Everyone (IRE),Phillip Enright,0,Mark McNiff,PU,N/A,7,11-1t1,123,True,81,29
N/A,N/A,16:25,Yielding To Soft,2m 1f,Roseys Hollow (IRE),M. P. Walsh,0,Jonathan Sweeney,PU,N/A,9,11-4,126,True,81,29
N/A,N/A,16:25,Yielding To Soft,2m 1f,Nelly's Money (IRE),D. J. O'Keeffe,0,John Patrick Ryan,F,N/A,10,10-0t,108,True,81,29
N/A,N/A,16:25,Yielding To Soft,2m 1f,Espion Du Chenet (FR),R. P. Treacy,0,Louise G. Lyons,9th,54 l,9,10-5tp,113,True,81,29
N/A,N/A,16:25,Yielding To Soft,2m 1f,The Dara Man (IRE),Liam Quinlan,5,John Patrick Ryan,8th,12 l,8,10-13t,121,True,81,29
N/A,N/A,16:25,Yielding To Soft,2m 1f,Say It Ain't So,D. King,5,Ray Hackett,7th,1 1/2 l,8,11-0t,122,True,81,29
N/A,N/A,16:25,Yielding To Soft,2m 1f,Minx Tiara (IRE),Sean Flanagan,0,David M. O'Brien,6th,2 l,8,11-12,134,True,81,29
N/A,N/A,16:25,Yielding To Soft,2m 1f,Vado Forte (FR),M. J. M. O'Sullivan,0,Ross O'Sullivan,5th,4 3/4 l,10,11-6t1,128,True,81,29
N/A,N/A,16:25,Yielding To Soft,2m 1f,Irish Blaze (IRE),Jordan Colin Gainford,0,Gordon Elliott,4th,1 1/4 l,7,11-0h,122,True,81,29
N/A,N/A,16:25,Yielding To Soft,2m 1f,Bythesametoken (IRE),Robert Dunne,0,Ross O'Sullivan,3rd,9 1/2 l,9,10-8tp,116,True,81,29
N/A,N/A,16:25,Yielding To Soft,2m 1f,Barnacullia (IRE),Keith Donoghue,0,Michael Mulvany,2nd,1 1/2 l,6,11-11,133,True,81,29
N/A,N/A,16:25,Yielding To Soft,2m 1f,Fighting Fit,Gavin Peter Brouder,5,J. P. Dempsey,1st,N/A,8,11-10t,132,True,81,29
N/A,N/A,17:00,Yielding To Soft,1m 6f,Zebos Beanos (IRE),Mr A. Harvey,7,D. McNamara,9th,55 l,4,10-9,-,True,81,30
N/A,N/A,17:00,Yielding To Soft,1m 6f,Mr Rango (IRE),Mr L. P. Shanahan,7,Ross O'Sullivan,8th,2 3/4 l,5,11-7,-,True,81,30
N/A,N/A,17:00,Yielding To Soft,1m 6f,Final Endeavour (IRE),Miss M. Walsh,7,Harry Rogers,7th,14 l,7,11-0,-,True,81,30
N/A,N/A,17:00,Yielding To Soft,1m 6f,Mister Fogpatches (IRE),Ms C. A. Walsh,7,P. A. Fahy,6th,6 1/2 l,9,11-0,-,True,81,30
N/A,N/A,17:00,Yielding To Soft,1m 6f,Carslake,Ms E. C. Costello,7,Aengus King,5th,1 1/4 l,4,11-0,-,True,81,30
N/A,N/A,17:00,Yielding To Soft,1m 6f,Derby De Thaix (FR),Miss H. Heffernan,7,James Andrew Fahey,4th,9 l,10,11-0,-,True,81,30
N/A,N/A,17:00,Yielding To Soft,1m 6f,Queen Of Seduction (IRE),Mr H. C. Swan,5,Mrs J. Harrington,3rd,11 l,4,10-13p,-,True,81,30
N/A,N/A,17:00,Yielding To Soft,1m 6f,Minella Mate (IRE),Mr J. L. Gleeson,5,John J. Nallen,2nd,3 1/4 l,5,11-4,-,True,81,30
N/A,N/A,17:00,Yielding To Soft,1m 6f,Coeur Sublime (IRE),Mr A. Jones,0,Henry de Bromhead,1st,N/A,8,11-0t,-,True,81,30
N/A,N/A,17:00,Yielding To Soft,1m 6f,Zebos Beanos (IRE),Mr A. Harvey,7,D. McNamara,9th,55 l,4,10-9,-,True,81,30
N/A,N/A,17:00,Yielding To Soft,1m 6f,Mr Rango (IRE),Mr L. P. Shanahan,7,Ross O'Sullivan,8th,2 3/4 l,5,11-7,-,True,81,30
N/A,N/A,17:00,Yielding To Soft,1m 6f,Final Endeavour (IRE),Miss M. Walsh,7,Harry Rogers,7th,14 l,7,11-0,-,True,81,30
N/A,N/A,17:00,Yielding To Soft,1m 6f,Mister Fogpatches (IRE),Ms C. A. Walsh,7,P. A. Fahy,6th,6 1/2 l,9,11-0,-,True,81,30
N/A,N/A,17:00,Yielding To Soft,1m 6f,Carslake,Ms E. C. Costello,7,Aengus King,5th,1 1/4 l,4,11-0,-,True,81,30
N/A,N/A,17:00,Yielding To Soft,1m 6f,Derby De Thaix (FR),Miss H. Heffernan,7,James Andrew Fahey,4th,9 l,10,11-0,-,True,81,30
N/A,N/A,17:00,Yielding To Soft,1m 6f,Queen Of Seduction (IRE),Mr H. C. Swan,5,Mrs J. Harrington,3rd,11 l,4,10-13p,-,True,81,30
N/A,N/A,17:00,Yielding To Soft,1m 6f,Minella Mate (IRE),Mr J. L. Gleeson,5,John J. Nallen,2nd,3 1/4 l,5,11-4,-,True,81,30
N/A,N/A,17:00,Yielding To Soft,1m 6f,Coeur Sublime (IRE),Mr A. Jones,0,Henry de Bromhead,1st,N/A,8,11-0t,-,True,81,30
N/A,N/A,17:35,Yielding To Soft  Flat (Turf),2m,Baunmore Lady (IRE),P. J. Cawley,7,Brian M. McMahon,9th,60 l,4,11-9,-,True,81,31
N/A,N/A,17:35,Yielding To Soft  Flat (Turf),2m,Ceis Charraigin (IRE),Mr J. P. Collins,7,G. Ahern,8th,46 l,4,11-9t,-,True,81,31
N/A,N/A,17:35,Yielding To Soft  Flat (Turf),2m,Baiser Inedit (FR),Mr A. Harvey,7,John McConnell,7th,8 l,6,11-11,-,True,81,31
N/A,N/A,17:35,Yielding To Soft  Flat (Turf),2m,Imperial Fox (IRE),Mr H. C. Swan,5,Padraig Butler,6th,5 1/2 l,5,11-11,-,True,81,31
N/A,N/A,17:35,Yielding To Soft  Flat (Turf),2m,Westerhope (IRE),Mr A. P. Fahey,7,P. G. Fahey,5th,20 l,5,11-11,-,True,81,31
N/A,N/A,17:35,Yielding To Soft  Flat (Turf),2m,Miss Oreo (IRE),Mr P. Hanlon,7,John Joseph Hanlon,4th,4 3/4 l,5,11-11h,-,True,81,31
N/A,N/A,17:35,Yielding To Soft  Flat (Turf),2m,Mount Sinai (IRE),Mr P. W. Mullins,0,W. P. Mullins,3rd,2 1/2 l,5,11-11,-,True,81,31
N/A,N/A,17:35,Yielding To Soft  Flat (Turf),2m,Oneforthefairgreen (IRE),Miss A. B. O'Connor,3,Stephen Gerard Carey,2nd,2 1/4 l,5,11-11,-,True,81,31
N/A,N/A,17:35,Yielding To Soft  Flat (Turf),2m,Springs A Girl (IRE),Mr R. W. Barron,7,Richard John O'Brien,1st,N/A,4,11-9,-,True,81,31
N/A,N/A,17:35,Yielding To Soft  Flat (Turf),2m,Baunmore Lady (IRE),P. J. Cawley,7,Brian M. McMahon,9th,60 l,4,11-9,-,True,81,31
N/A,N/A,17:35,Yielding To Soft  Flat (Turf),2m,Ceis Charraigin (IRE),Mr J. P. Collins,7,G. Ahern,8th,46 l,4,11-9t,-,True,81,31
N/A,N/A,17:35,Yielding To Soft  Flat (Turf),2m,Baiser Inedit (FR),Mr A. Harvey,7,John McConnell,7th,8 l,6,11-11,-,True,81,31
N/A,N/A,17:35,Yielding To Soft  Flat (Turf),2m,Imperial Fox (IRE),Mr H. C. Swan,5,Padraig Butler,6th,5 1/2 l,5,11-11,-,True,81,31
N/A,N/A,17:35,Yielding To Soft  Flat (Turf),2m,Westerhope (IRE),Mr A. P. Fahey,7,P. G. Fahey,5th,20 l,5,11-11,-,True,81,31
N/A,N/A,17:35,Yielding To Soft  Flat (Turf),2m,Miss Oreo (IRE),Mr P. Hanlon,7,John Joseph Hanlon,4th,4 3/4 l,5,11-11h,-,True,81,31
N/A,N/A,17:35,Yielding To Soft  Flat (Turf),2m,Mount Sinai (IRE),Mr P. W. Mullins,0,W. P. Mullins,3rd,2 1/2 l,5,11-11,-,True,81,31
N/A,N/A,17:35,Yielding To Soft  Flat (Turf),2m,Oneforthefairgreen (IRE),Miss A. B. O'Connor,3,Stephen Gerard Carey,2nd,2 1/4 l,5,11-11,-,True,81,31
N/A,N/A,17:35,Yielding To Soft  Flat (Turf),2m,Springs A Girl (IRE),Mr R. W. Barron,7,Richard John O'Brien,1st,N/A,4,11-9,-,True,81,31
N/A,N/A,16:50,Standard,5f,Bobbys Glory (IRE),R. P. Whelan,0,Kieran Patrick Cotter,9th,6 1/2 l,2,9-5,-,True,81,32
N/A,N/A,16:50,Standard,5f,Comein Comein (IRE),Manoel Marques,0,W. P. Browne,8th,3/4 l,2,9-5,-,True,81,32
N/A,N/A,16:50,Standard,5f,Janzoor (IRE),Declan McDonogh,0,D. J. Bunyan & G. O'Leary,7th,Neck,2,9-5b1,-,True,81,32
N/A,N/A,16:50,Standard,5f,Vanity Pays,William James Lee,0,P. Twomey,6th,2 1/2 l,2,9-0v,-,True,81,32
N/A,N/A,16:50,Standard,5f,Tarsus (IRE),Andrew Joseph Slattery,0,A. Slattery,5th,1/2 l,2,9-5,-,True,81,32
N/A,N/A,16:50,Standard,5f,Clonmacash,Ben Martin Coen,0,Miss Natalia Lupini,4th,4 l,2,9-5b1,-,True,81,32
N/A,N/A,16:50,Standard,5f,Jakku (IRE),J. Kearney,7,G. M. Lyons,3rd,3 1/4 l,2,9-0,-,True,81,32
N/A,N/A,16:50,Standard,5f,Emerald Banner (IRE),Shane Foley,0,Mrs J. Harrington,2nd,3/4 l,2,9-0,-,True,81,32
N/A,N/A,16:50,Standard,5f,Alabama (IRE),C. T. Keane,0,Aidan O'Brien,1st,N/A,2,9-5b,-,True,81,32
N/A,N/A,16:50,Standard,5f,Bobbys Glory (IRE),R. P. Whelan,0,Kieran Patrick Cotter,9th,6 1/2 l,2,9-5,-,True,81,32
N/A,N/A,16:50,Standard,5f,Comein Comein (IRE),Manoel Marques,0,W. P. Browne,8th,3/4 l,2,9-5,-,True,81,32
N/A,N/A,16:50,Standard,5f,Janzoor (IRE),Declan McDonogh,0,D. J. Bunyan & G. O'Leary,7th,Neck,2,9-5b1,-,True,81,32
N/A,N/A,16:50,Standard,5f,Vanity Pays,William James Lee,0,P. Twomey,6th,2 1/2 l,2,9-0v,-,True,81,32
N/A,N/A,16:50,Standard,5f,Tarsus (IRE),Andrew Joseph Slattery,0,A. Slattery,5th,1/2 l,2,9-5,-,True,81,32
N/A,N/A,16:50,Standard,5f,Clonmacash,Ben Martin Coen,0,Miss Natalia Lupini,4th,4 l,2,9-5b1,-,True,81,32
N/A,N/A,16:50,Standard,5f,Jakku (IRE),J. Kearney,7,G. M. Lyons,3rd,3 1/4 l,2,9-0,-,True,81,32
N/A,N/A,16:50,Standard,5f,Emerald Banner (IRE),Shane Foley,0,Mrs J. Harrington,2nd,3/4 l,2,9-0,-,True,81,32
N/A,N/A,16:50,Standard,5f,Alabama (IRE),C. T. Keane,0,Aidan O'Brien,1st,N/A,2,9-5b,-,True,81,32
N/A,N/A,17:25,Standard,6f,Queen of Cong (IRE),M. P. Sheehy,0,Josh Halley,14th,12 l,2,9-1,-,True,81,33
N/A,N/A,17:25,Standard,6f,Zippy Rocket (GER),C. D. Maxwell,0,Gavin Patrick Cromwell,13th,Neck,2,8-13,-,True,81,33
N/A,N/A,17:25,Standard,6f,Moltophino (IRE),R. Whearty,5,John Andrew Kinsella,12th,1 l,2,9-8,-,True,81,33
N/A,N/A,17:25,Standard,6f,Love Ya (IRE),N. M. Crosse,0,W. McCreery,11th,Head,2,8-11,-,True,81,33
N/A,N/A,17:25,Standard,6f,Relentless Flyer (IRE),Declan McDonogh,0,Joseph Patrick O'Brien,10th,Head,2,9-1,-,True,81,33
N/A,N/A,17:25,Standard,6f,Darazeni (IRE),R. P. Whelan,0,M. Halford & T. Collins,9th,Short Head,2,9-8,-,True,81,33
N/A,N/A,17:25,Standard,6f,Academy Winner (USA),G. M. Ryan,0,Anthony Mullins,8th,1 1/4 l,2,9-8,-,True,81,33
N/A,N/A,17:25,Standard,6f,Gangster Granny (IRE),Shane Foley,0,Mrs J. Harrington,7th,1 1/2 l,2,9-1,-,True,81,33
N/A,N/A,17:25,Standard,6f,Jacks Inn (IRE),Andrew Joseph Slattery,0,A. Slattery,6th,3 1/2 l,2,9-6,-,True,81,33
N/A,N/A,17:25,Standard,6f,Byzantine Empress,C. D. Hayes,0,Kevin Thomas Coleman,5th,Head,2,8-9,-,True,81,33
N/A,N/A,17:25,Standard,6f,Sumptuary Law (IRE),C. T. Keane,0,G. M. Lyons,4th,1 3/4 l,2,9-1,-,True,81,33
N/A,N/A,17:25,Standard,6f,Perfect Judgement (IRE),Ben Martin Coen,0,Adrian McGuinness,3rd,1 1/2 l,2,9-6,-,True,81,33
N/A,N/A,17:25,Standard,6f,Dreamondo,G. F. Carroll,0,W. P. Browne,2nd,1 1/2 l,2,9-6,-,True,81,33
N/A,N/A,17:25,Standard,6f,Nikki Swango (IRE),William James Lee,0,Miss Natalia Lupini,1st,N/A,2,8-13,-,True,81,33
N/A,N/A,17:25,Standard,6f,Queen of Cong (IRE),M. P. Sheehy,0,Josh Halley,14th,12 l,2,9-1,-,True,81,33
N/A,N/A,17:25,Standard,6f,Zippy Rocket (GER),C. D. Maxwell,0,Gavin Patrick Cromwell,13th,Neck,2,8-13,-,True,81,33
N/A,N/A,17:25,Standard,6f,Moltophino (IRE),R. Whearty,5,John Andrew Kinsella,12th,1 l,2,9-8,-,True,81,33
N/A,N/A,17:25,Standard,6f,Love Ya (IRE),N. M. Crosse,0,W. McCreery,11th,Head,2,8-11,-,True,81,33
N/A,N/A,17:25,Standard,6f,Relentless Flyer (IRE),Declan McDonogh,0,Joseph Patrick O'Brien,10th,Head,2,9-1,-,True,81,33
N/A,N/A,17:25,Standard,6f,Darazeni (IRE),R. P. Whelan,0,M. Halford & T. Collins,9th,Short Head,2,9-8,-,True,81,33
N/A,N/A,17:25,Standard,6f,Academy Winner (USA),G. M. Ryan,0,Anthony Mullins,8th,1 1/4 l,2,9-8,-,True,81,33
N/A,N/A,17:25,Standard,6f,Gangster Granny (IRE),Shane Foley,0,Mrs J. Harrington,7th,1 1/2 l,2,9-1,-,True,81,33
N/A,N/A,17:25,Standard,6f,Jacks Inn (IRE),Andrew Joseph Slattery,0,A. Slattery,6th,3 1/2 l,2,9-6,-,True,81,33
N/A,N/A,17:25,Standard,6f,Byzantine Empress,C. D. Hayes,0,Kevin Thomas Coleman,5th,Head,2,8-9,-,True,81,33
N/A,N/A,17:25,Standard,6f,Sumptuary Law (IRE),C. T. Keane,0,G. M. Lyons,4th,1 3/4 l,2,9-1,-,True,81,33
N/A,N/A,17:25,Standard,6f,Perfect Judgement (IRE),Ben Martin Coen,0,Adrian McGuinness,3rd,1 1/2 l,2,9-6,-,True,81,33
N/A,N/A,17:25,Standard,6f,Dreamondo,G. F. Carroll,0,W. P. Browne,2nd,1 1/2 l,2,9-6,-,True,81,33
N/A,N/A,17:25,Standard,6f,Nikki Swango (IRE),William James Lee,0,Miss Natalia Lupini,1st,N/A,2,8-13,-,True,81,33
N/A,N/A,18:00,Standard,7f,Lockdown,S. R. Markey,10,Anthony McCann,NR,N/A,5,9-10t,64,True,81,34
N/A,N/A,18:00,Standard,7f,Adams Barbour (IRE),Siobhan Rutledge,3,L. Smyth,13th,2 3/4 l,6,9-11t,65,True,81,34
N/A,N/A,18:00,Standard,7f,Ghumama (IRE),Shane Foley,0,James McAuley,12th,1 1/4 l,5,10-1tb,69,True,81,34
N/A,N/A,18:00,Standard,7f,Zahee (IRE),Cillian McConnell,7,John McConnell,11th,1 l,8,9-13ht,67,True,81,34
N/A,N/A,18:00,Standard,7f,Plezantlysurprised,C. D. Maxwell,0,Mrs Jessica Magnier,10th,1/2 l,5,9-11p,65,True,81,34
N/A,N/A,18:00,Standard,7f,Inishmot Prince (IRE),J. J. G. Ryan,5,T. G. McCourt,9th,3/4 l,5,10-0,68,True,81,34
N/A,N/A,18:00,Standard,7f,Play It Again Zaam (IRE),R. Whearty,5,John Andrew Kinsella,8th,2 3/4 l,3,9-8p,65,True,81,34
N/A,N/A,18:00,Standard,7f,Emorcee (IRE),L. T. McAteer,0,David Marnane,7th,3/4 l,3,9-9p1,66,True,81,34
N/A,N/A,18:00,Standard,7f,Dromantine (IRE),R. P. Whelan,0,M. Halford & T. Collins,6th,1/2 l,3,9-11p,68,True,81,34
N/A,N/A,18:00,Standard,7f,Jaafel (IRE),G. F. Carroll,0,James McAuley,5th,3/4 l,5,10-2t,70,True,81,34
N/A,N/A,18:00,Standard,7f,Giuseppe Cassioli,C. T. Keane,0,D. J. Bunyan & G. O'Leary,4th,1 1/4 l,6,10-2,70,True,81,34
N/A,N/A,18:00,Standard,7f,Exquisite Acclaim (IRE),Adam Caffrey,5,Adrian McGuinness,3rd,3/4 l,4,9-13p,67,True,81,34
N/A,N/A,18:00,Standard,7f,Talia (IRE),William James Lee,0,Miss Natalia Lupini,2nd,1/2 l,3,9-11,68,True,81,34
N/A,N/A,18:00,Standard,7f,Charlisse (IRE),L. F. Roche,0,Denis W. Cullen,1st,N/A,4,10-2,70,True,81,34
N/A,N/A,18:00,Standard,7f,Lockdown,S. R. Markey,10,Anthony McCann,NR,N/A,5,9-10t,64,True,81,34
N/A,N/A,18:00,Standard,7f,Adams Barbour (IRE),Siobhan Rutledge,3,L. Smyth,13th,2 3/4 l,6,9-11t,65,True,81,34
N/A,N/A,18:00,Standard,7f,Ghumama (IRE),Shane Foley,0,James McAuley,12th,1 1/4 l,5,10-1tb,69,True,81,34
N/A,N/A,18:00,Standard,7f,Zahee (IRE),Cillian McConnell,7,John McConnell,11th,1 l,8,9-13ht,67,True,81,34
N/A,N/A,18:00,Standard,7f,Plezantlysurprised,C. D. Maxwell,0,Mrs Jessica Magnier,10th,1/2 l,5,9-11p,65,True,81,34
N/A,N/A,18:00,Standard,7f,Inishmot Prince (IRE),J. J. G. Ryan,5,T. G. McCourt,9th,3/4 l,5,10-0,68,True,81,34
N/A,N/A,18:00,Standard,7f,Play It Again Zaam (IRE),R. Whearty,5,John Andrew Kinsella,8th,2 3/4 l,3,9-8p,65,True,81,34
N/A,N/A,18:00,Standard,7f,Emorcee (IRE),L. T. McAteer,0,David Marnane,7th,3/4 l,3,9-9p1,66,True,81,34
N/A,N/A,18:00,Standard,7f,Dromantine (IRE),R. P. Whelan,0,M. Halford & T. Collins,6th,1/2 l,3,9-11p,68,True,81,34
N/A,N/A,18:00,Standard,7f,Jaafel (IRE),G. F. Carroll,0,James McAuley,5th,3/4 l,5,10-2t,70,True,81,34
N/A,N/A,18:00,Standard,7f,Giuseppe Cassioli,C. T. Keane,0,D. J. Bunyan & G. O'Leary,4th,1 1/4 l,6,10-2,70,True,81,34
N/A,N/A,18:00,Standard,7f,Exquisite Acclaim (IRE),Adam Caffrey,5,Adrian McGuinness,3rd,3/4 l,4,9-13p,67,True,81,34
N/A,N/A,18:00,Standard,7f,Talia (IRE),William James Lee,0,Miss Natalia Lupini,2nd,1/2 l,3,9-11,68,True,81,34
N/A,N/A,18:00,Standard,7f,Charlisse (IRE),L. F. Roche,0,Denis W. Cullen,1st,N/A,4,10-2,70,True,81,34
N/A,N/A,18:30,Standard,1m,Miltonia (USA),R. P. Whelan,0,M. Halford & T. Collins,14th,Neck,4,9-0,47,True,81,35
N/A,N/A,18:30,Standard,1m,Flotus Radiance (IRE),Ben Martin Coen,0,Paul Power,13th,Nose,3,9-6,57,True,81,35
N/A,N/A,18:30,Standard,1m,Above It All (IRE),Siobhan Rutledge,3,John McConnell,12th,Neck,4,9-1,48,True,81,35
N/A,N/A,18:30,Standard,1m,My Little Tip (IRE),William James Lee,0,James McAuley,11th,1 l,4,9-11tp,58,True,81,35
N/A,N/A,18:30,Standard,1m,Static Charge,Declan McDonogh,0,Desmond McDonogh,10th,Short Head,3,8-10p,47,True,81,35
N/A,N/A,18:30,Standard,1m,Jazz Dreamers (IRE),R. Whearty,5,Seamus Fahey,9th,1/2 l,5,10-0,61,True,81,35
N/A,N/A,18:30,Standard,1m,James Henry (IRE),C. D. Hayes,0,Leanne Breen,8th,Head,4,9-8v1,55,True,81,35
N/A,N/A,18:30,Standard,1m,Sunset Nova (IRE),Andrew Joseph Slattery,0,A. Slattery,7th,1/2 l,7,9-3,50,True,81,35
N/A,N/A,18:30,Standard,1m,Designer Cailin (IRE),J. Kearney,7,Patrick Martin,6th,1 1/4 l,5,9-0,47,True,81,35
N/A,N/A,18:30,Standard,1m,Lasting Peace (IRE),C. T. Keane,0,Noel Meade,5th,Head,3,9-9b,60,True,81,35
N/A,N/A,18:30,Standard,1m,Saoirses Lulaby (IRE),J. A. Powell,5,P. J. F. Murphy,4th,1/2 l,3,8-11t,48,True,81,35
N/A,N/A,18:30,Standard,1m,Qaabil (IRE),P. A. Harnett,5,Peter Fahey,3rd,1/2 l,7,9-0,47,True,81,35
N/A,N/A,18:30,Standard,1m,Yester (IRE),Shane Foley,0,James McAuley,2nd,3/4 l,7,9-13b,60,True,81,35
N/A,N/A,18:30,Standard,1m,Rockbury Lad,L. F. Roche,0,M. D. O'Callaghan,1st,N/A,4,10-0p,61,True,81,35
N/A,N/A,18:30,Standard,1m,Miltonia (USA),R. P. Whelan,0,M. Halford & T. Collins,14th,Neck,4,9-0,47,True,81,35
N/A,N/A,18:30,Standard,1m,Flotus Radiance (IRE),Ben Martin Coen,0,Paul Power,13th,Nose,3,9-6,57,True,81,35
N/A,N/A,18:30,Standard,1m,Above It All (IRE),Siobhan Rutledge,3,John McConnell,12th,Neck,4,9-1,48,True,81,35
N/A,N/A,18:30,Standard,1m,My Little Tip (IRE),William James Lee,0,James McAuley,11th,1 l,4,9-11tp,58,True,81,35
N/A,N/A,18:30,Standard,1m,Static Charge,Declan McDonogh,0,Desmond McDonogh,10th,Short Head,3,8-10p,47,True,81,35
N/A,N/A,18:30,Standard,1m,Jazz Dreamers (IRE),R. Whearty,5,Seamus Fahey,9th,1/2 l,5,10-0,61,True,81,35
N/A,N/A,18:30,Standard,1m,James Henry (IRE),C. D. Hayes,0,Leanne Breen,8th,Head,4,9-8v1,55,True,81,35
N/A,N/A,18:30,Standard,1m,Sunset Nova (IRE),Andrew Joseph Slattery,0,A. Slattery,7th,1/2 l,7,9-3,50,True,81,35
N/A,N/A,18:30,Standard,1m,Designer Cailin (IRE),J. Kearney,7,Patrick Martin,6th,1 1/4 l,5,9-0,47,True,81,35
N/A,N/A,18:30,Standard,1m,Lasting Peace (IRE),C. T. Keane,0,Noel Meade,5th,Head,3,9-9b,60,True,81,35
N/A,N/A,18:30,Standard,1m,Saoirses Lulaby (IRE),J. A. Powell,5,P. J. F. Murphy,4th,1/2 l,3,8-11t,48,True,81,35
N/A,N/A,18:30,Standard,1m,Qaabil (IRE),P. A. Harnett,5,Peter Fahey,3rd,1/2 l,7,9-0,47,True,81,35
N/A,N/A,18:30,Standard,1m,Yester (IRE),Shane Foley,0,James McAuley,2nd,3/4 l,7,9-13b,60,True,81,35
N/A,N/A,18:30,Standard,1m,Rockbury Lad,L. F. Roche,0,M. D. O'Callaghan,1st,N/A,4,10-0p,61,True,81,35
N/A,N/A,19:00,Standard,1m,Madame Peltier (IRE),C. Stone-Walsh,7,James McAuley,14th,3/4 l,6,9-11,60,True,81,36
N/A,N/A,19:00,Standard,1m,Nancy Angel (IRE),Siobhan Rutledge,3,John McConnell,13th,Head,3,8-8p1,46,True,81,36
N/A,N/A,19:00,Standard,1m,Flag High (IRE),M. P. Sheehy,0,John McConnell,12th,3/4 l,4,8-13,48,True,81,36
N/A,N/A,19:00,Standard,1m,Circles (IRE),G. M. Ryan,0,Anthony McCann,11th,7 1/2 l,4,9-10tb,59,True,81,36
N/A,N/A,19:00,Standard,1m,Monzoon,H. J. Horgan,7,Ross O'Sullivan,10th,Short Head,6,9-8,57,True,81,36
N/A,N/A,19:00,Standard,1m,Feature This (IRE),R. Whearty,5,Paul W. Flynn,9th,3/4 l,4,9-8tp,57,True,81,36
N/A,N/A,19:00,Standard,1m,Ferrybank,C. D. Hayes,0,T. M. Walsh,8th,Neck,5,9-7tp1,56,True,81,36
N/A,N/A,19:00,Standard,1m,General Idea,G. F. Carroll,0,Ian Patrick Donoghue,7th,1 3/4 l,4,9-12t,61,True,81,36
N/A,N/A,19:00,Standard,1m,Pulse Of Shanghai (IRE),Shane Foley,0,James McAuley,6th,1 1/4 l,7,9-5tb,54,True,81,36
N/A,N/A,19:00,Standard,1m,Tynamite (IRE),L. T. McAteer,0,David Marnane,5th,Short Head,9,8-12,47,True,81,36
N/A,N/A,19:00,Standard,1m,Harbanaker (IRE),C. T. Keane,0,James McAuley,4th,Neck,6,9-5t,54,True,81,36
N/A,N/A,19:00,Standard,1m,Indiana Grey (IRE),J. Kearney,7,Patrick Martin,3rd,1/2 l,7,9-13tp,62,True,81,36
N/A,N/A,19:00,Standard,1m,Allo Arry (IRE),Adam Caffrey,5,Adrian McGuinness,2nd,Head,4,10-7,70,True,81,36
N/A,N/A,19:00,Standard,1m,Hale Bopp (IRE),R. C. Colgan,0,R. Donohoe,1st,N/A,5,9-11,60,True,81,36
N/A,N/A,19:00,Standard,1m,Madame Peltier (IRE),C. Stone-Walsh,7,James McAuley,14th,3/4 l,6,9-11,60,True,81,36
N/A,N/A,19:00,Standard,1m,Nancy Angel (IRE),Siobhan Rutledge,3,John McConnell,13th,Head,3,8-8p1,46,True,81,36
N/A,N/A,19:00,Standard,1m,Flag High (IRE),M. P. Sheehy,0,John McConnell,12th,3/4 l,4,8-13,48,True,81,36
N/A,N/A,19:00,Standard,1m,Circles (IRE),G. M. Ryan,0,Anthony McCann,11th,7 1/2 l,4,9-10tb,59,True,81,36
N/A,N/A,19:00,Standard,1m,Monzoon,H. J. Horgan,7,Ross O'Sullivan,10th,Short Head,6,9-8,57,True,81,36
N/A,N/A,19:00,Standard,1m,Feature This (IRE),R. Whearty,5,Paul W. Flynn,9th,3/4 l,4,9-8tp,57,True,81,36
N/A,N/A,19:00,Standard,1m,Ferrybank,C. D. Hayes,0,T. M. Walsh,8th,Neck,5,9-7tp1,56,True,81,36
N/A,N/A,19:00,Standard,1m,General Idea,G. F. Carroll,0,Ian Patrick Donoghue,7th,1 3/4 l,4,9-12t,61,True,81,36
N/A,N/A,19:00,Standard,1m,Pulse Of Shanghai (IRE),Shane Foley,0,James McAuley,6th,1 1/4 l,7,9-5tb,54,True,81,36
N/A,N/A,19:00,Standard,1m,Tynamite (IRE),L. T. McAteer,0,David Marnane,5th,Short Head,9,8-12,47,True,81,36
N/A,N/A,19:00,Standard,1m,Harbanaker (IRE),C. T. Keane,0,James McAuley,4th,Neck,6,9-5t,54,True,81,36
N/A,N/A,19:00,Standard,1m,Indiana Grey (IRE),J. Kearney,7,Patrick Martin,3rd,1/2 l,7,9-13tp,62,True,81,36
N/A,N/A,19:00,Standard,1m,Allo Arry (IRE),Adam Caffrey,5,Adrian McGuinness,2nd,Head,4,10-7,70,True,81,36
N/A,N/A,19:00,Standard,1m,Hale Bopp (IRE),R. C. Colgan,0,R. Donohoe,1st,N/A,5,9-11,60,True,81,36
N/A,N/A,19:30,Standard,1m 4f,Khadaash,Mr C. Fahy,7,John McConnell,RR,N/A,6,9-9,72,True,81,37
N/A,N/A,19:30,Standard,1m 4f,Patience Patience (IRE),J. J. G. Ryan,0,Mrs Jessica Magnier,12th,3 1/2 l,7,9-4tp,67,True,81,37
N/A,N/A,19:30,Standard,1m 4f,Rushford,C. Horgan,4,T. R. Hughes,11th,1 l,4,9-6,69,True,81,37
N/A,N/A,19:30,Standard,1m 4f,Killeemore Lad (IRE),Amy Jo Hayes,4,A. Slattery,10th,3/4 l,5,9-5,68,True,81,37
N/A,N/A,19:30,Standard,1m 4f,Cold Steel (USA),J. Coen,0,Andrew Oliver,9th,Neck,5,10-2,79,True,81,37
N/A,N/A,19:30,Standard,1m 4f,In Favour,M. W. Hassett,7,Luke Comer,8th,Head,7,9-13t,76,True,81,37
N/A,N/A,19:30,Standard,1m 4f,Dalvey,Adam Caffrey,0,James McAuley,7th,1 3/4 l,6,10-2tp,79,True,81,37
N/A,N/A,19:30,Standard,1m 4f,Liberated Light (IRE),C. Stone-Walsh,2,John E. & Thomas Kiely,6th,3 l,4,9-8,71,True,81,37
N/A,N/A,19:30,Standard,1m 4f,Elzaamsan (IRE),J. Kearney,2,M. Halford & T. Collins,5th,1 1/4 l,5,8-13tb,62,True,81,37
N/A,N/A,19:30,Standard,1m 4f,Palace Rock (IRE),Cillian McConnell,7,Francis Casey,4th,3/4 l,6,9-11,74,True,81,37
N/A,N/A,19:30,Standard,1m 4f,Luke Short,R. Whearty,0,Noel Meade,3rd,3/4 l,6,9-11,74,True,81,37
N/A,N/A,19:30,Standard,1m 4f,S'all Good Man (IRE),C. J. MacRedmond,0,W. T. Farrell,2nd,3/4 l,7,9-12p,75,True,81,37
N/A,N/A,19:30,Standard,1m 4f,Longclaw (USA),J. A. Powell,0,P. J. F. Murphy,1st,N/A,6,10-2p,79,True,81,37
N/A,N/A,19:30,Standard,1m 4f,Khadaash,Mr C. Fahy,7,John McConnell,RR,N/A,6,9-9,72,True,81,37
N/A,N/A,19:30,Standard,1m 4f,Patience Patience (IRE),J. J. G. Ryan,0,Mrs Jessica Magnier,12th,3 1/2 l,7,9-4tp,67,True,81,37
N/A,N/A,19:30,Standard,1m 4f,Rushford,C. Horgan,4,T. R. Hughes,11th,1 l,4,9-6,69,True,81,37
N/A,N/A,19:30,Standard,1m 4f,Killeemore Lad (IRE),Amy Jo Hayes,4,A. Slattery,10th,3/4 l,5,9-5,68,True,81,37
N/A,N/A,19:30,Standard,1m 4f,Cold Steel (USA),J. Coen,0,Andrew Oliver,9th,Neck,5,10-2,79,True,81,37
N/A,N/A,19:30,Standard,1m 4f,In Favour,M. W. Hassett,7,Luke Comer,8th,Head,7,9-13t,76,True,81,37
N/A,N/A,19:30,Standard,1m 4f,Dalvey,Adam Caffrey,0,James McAuley,7th,1 3/4 l,6,10-2tp,79,True,81,37
N/A,N/A,19:30,Standard,1m 4f,Liberated Light (IRE),C. Stone-Walsh,2,John E. & Thomas Kiely,6th,3 l,4,9-8,71,True,81,37
N/A,N/A,19:30,Standard,1m 4f,Elzaamsan (IRE),J. Kearney,2,M. Halford & T. Collins,5th,1 1/4 l,5,8-13tb,62,True,81,37
N/A,N/A,19:30,Standard,1m 4f,Palace Rock (IRE),Cillian McConnell,7,Francis Casey,4th,3/4 l,6,9-11,74,True,81,37
N/A,N/A,19:30,Standard,1m 4f,Luke Short,R. Whearty,0,Noel Meade,3rd,3/4 l,6,9-11,74,True,81,37
N/A,N/A,19:30,Standard,1m 4f,S'all Good Man (IRE),C. J. MacRedmond,0,W. T. Farrell,2nd,3/4 l,7,9-12p,75,True,81,37
N/A,N/A,19:30,Standard,1m 4f,Longclaw (USA),J. A. Powell,0,P. J. F. Murphy,1st,N/A,6,10-2p,79,True,81,37
N/A,N/A,20:00,Standard,1m 2f 150y,Double Martini (IRE),Siobhan Rutledge,3,John McConnell,14th,2 1/2 l,7,8-13t,47,True,81,38
N/A,N/A,20:00,Standard,1m 2f 150y,Ballycommon Chapel (IRE),Declan McDonogh,0,Peter Cluskey,13th,1 l,5,8-13,47,True,81,38
N/A,N/A,20:00,Standard,1m 2f 150y,Barrys Rock (IRE),J. J. G. Ryan,5,Anthony Mullins,12th,3 1/4 l,8,9-12v,60,True,81,38
N/A,N/A,20:00,Standard,1m 2f 150y,Taxiing (USA),C. Horgan,7,A. Slattery,11th,Neck,3,9-5,58,True,81,38
N/A,N/A,20:00,Standard,1m 2f 150y,Lilac Lady (IRE),D. E. Sheehy,3,M. C. Grassick,10th,1 1/4 l,3,8-8p,47,True,81,38
N/A,N/A,20:00,Standard,1m 2f 150y,He Knows When (IRE),R. C. Colgan,0,Luke Comer,9th,1/2 l,3,9-7t,60,True,81,38
N/A,N/A,20:00,Standard,1m 2f 150y,Hinemoa (FR),A. C. Persse,7,Mark Cahill,8th,1 3/4 l,7,9-4,52,True,81,38
N/A,N/A,20:00,Standard,1m 2f 150y,Draco Pulchrac (IRE),Ben Martin Coen,0,A. J. Martin,7th,1 1/2 l,5,10-0t,62,True,81,38
N/A,N/A,20:00,Standard,1m 2f 150y,King Of Wessex (ARG),G. F. Carroll,0,Andrew Oliver,6th,1/2 l,3,9-11,64,True,81,38
N/A,N/A,20:00,Standard,1m 2f 150y,Tara Power (IRE),G. M. Ryan,0,Keith Henry Clarke,5th,1/2 l,5,8-13,47,True,81,38
N/A,N/A,20:00,Standard,1m 2f 150y,Nevada Brave (IRE),C. D. Hayes,0,Luke Comer,4th,1/2 l,5,8-13,47,True,81,38
N/A,N/A,20:00,Standard,1m 2f 150y,Union Flag (IRE),R. Whearty,5,Noel Meade,3rd,2 1/2 l,3,9-10,63,True,81,38
N/A,N/A,20:00,Standard,1m 2f 150y,Barretstown (IRE),William James Lee,0,Conor O'Dwyer,2nd,2 3/4 l,5,9-9,57,True,81,38
N/A,N/A,20:00,Standard,1m 2f 150y,Fairytale Princess (IRE),C. T. Keane,0,G. M. Lyons,1st,N/A,3,9-2,55,True,81,38
N/A,N/A,20:00,Standard,1m 2f 150y,Double Martini (IRE),Siobhan Rutledge,3,John McConnell,14th,2 1/2 l,7,8-13t,47,True,81,38
N/A,N/A,20:00,Standard,1m 2f 150y,Ballycommon Chapel (IRE),Declan McDonogh,0,Peter Cluskey,13th,1 l,5,8-13,47,True,81,38
N/A,N/A,20:00,Standard,1m 2f 150y,Barrys Rock (IRE),J. J. G. Ryan,5,Anthony Mullins,12th,3 1/4 l,8,9-12v,60,True,81,38
N/A,N/A,20:00,Standard,1m 2f 150y,Taxiing (USA),C. Horgan,7,A. Slattery,11th,Neck,3,9-5,58,True,81,38
N/A,N/A,20:00,Standard,1m 2f 150y,Lilac Lady (IRE),D. E. Sheehy,3,M. C. Grassick,10th,1 1/4 l,3,8-8p,47,True,81,38
N/A,N/A,20:00,Standard,1m 2f 150y,He Knows When (IRE),R. C. Colgan,0,Luke Comer,9th,1/2 l,3,9-7t,60,True,81,38
N/A,N/A,20:00,Standard,1m 2f 150y,Hinemoa (FR),A. C. Persse,7,Mark Cahill,8th,1 3/4 l,7,9-4,52,True,81,38
N/A,N/A,20:00,Standard,1m 2f 150y,Draco Pulchrac (IRE),Ben Martin Coen,0,A. J. Martin,7th,1 1/2 l,5,10-0t,62,True,81,38
N/A,N/A,20:00,Standard,1m 2f 150y,King Of Wessex (ARG),G. F. Carroll,0,Andrew Oliver,6th,1/2 l,3,9-11,64,True,81,38
N/A,N/A,20:00,Standard,1m 2f 150y,Tara Power (IRE),G. M. Ryan,0,Keith Henry Clarke,5th,1/2 l,5,8-13,47,True,81,38
N/A,N/A,20:00,Standard,1m 2f 150y,Nevada Brave (IRE),C. D. Hayes,0,Luke Comer,4th,1/2 l,5,8-13,47,True,81,38
N/A,N/A,20:00,Standard,1m 2f 150y,Union Flag (IRE),R. Whearty,5,Noel Meade,3rd,2 1/2 l,3,9-10,63,True,81,38
N/A,N/A,20:00,Standard,1m 2f 150y,Barretstown (IRE),William James Lee,0,Conor O'Dwyer,2nd,2 3/4 l,5,9-9,57,True,81,38
N/A,N/A,20:00,Standard,1m 2f 150y,Fairytale Princess (IRE),C. T. Keane,0,G. M. Lyons,1st,N/A,3,9-2,55,True,81,38
N/A,N/A,20:30,Standard,1m 2f 150y,Landue,S. B. Kelly,0,R. K. Watson,14th,3/4 l,8,9-12tp,61,True,81,39
N/A,N/A,20:30,Standard,1m 2f 150y,Destined to Rock,M. P. Sheehy,0,John McConnell,13th,6 l,4,8-12,47,True,81,39
N/A,N/A,20:30,Standard,1m 2f 150y,Ten To Ten (IRE),N. M. Crosse,0,Luke Comer,12th,3 1/4 l,5,9-5p,54,True,81,39
N/A,N/A,20:30,Standard,1m 2f 150y,Emperor Of Silk (IRE),S. McCullagh,3,Luke Comer,11th,1 l,6,10-0,63,True,81,39
N/A,N/A,20:30,Standard,1m 2f 150y,Romann (IRE),J. A. Powell,5,J. F. Levins,10th,Short Head,6,8-12v,47,True,81,39
N/A,N/A,20:30,Standard,1m 2f 150y,Blackstone Cliff (IRE),Ben Martin Coen,0,Shane Crawley,9th,Head,7,8-12ht,47,True,81,39
N/A,N/A,20:30,Standard,1m 2f 150y,Curzon Queen (IRE),D. E. Sheehy,3,Kieran Patrick Cotter,8th,Neck,3,8-8,48,True,81,39
N/A,N/A,20:30,Standard,1m 2f 150y,Say You're Sorry (IRE),William James Lee,0,Eamonn O'Connell,7th,1 l,5,9-11,60,True,81,39
N/A,N/A,20:30,Standard,1m 2f 150y,Mads Black Eights (IRE),Declan McDonogh,0,Matthew J. Smith,6th,1/2 l,7,9-13,62,True,81,39
N/A,N/A,20:30,Standard,1m 2f 150y,Gatsby Cap (IRE),Siobhan Rutledge,3,John McConnell,5th,2 l,7,8-12tp,47,True,81,39
N/A,N/A,20:30,Standard,1m 2f 150y,Doctor Grace (IRE),R. P. Whelan,0,M. Halford & T. Collins,4th,3/4 l,3,9-2,56,True,81,39
N/A,N/A,20:30,Standard,1m 2f 150y,Deluca Chop (FR),Shane Foley,0,S. M. Duffy,3rd,Nose,4,9-8p,57,True,81,39
N/A,N/A,20:30,Standard,1m 2f 150y,Numidia (IRE),K. J. Leonard,0,Peter Lawlor,2nd,Short Head,5,8-12v,47,True,81,39
N/A,N/A,20:30,Standard,1m 2f 150y,Dark Street (IRE),C. D. Hayes,0,Luke Comer,1st,N/A,5,8-12,47,True,81,39
N/A,N/A,20:30,Standard,1m 2f 150y,Landue,S. B. Kelly,0,R. K. Watson,14th,3/4 l,8,9-12tp,61,True,81,39
N/A,N/A,20:30,Standard,1m 2f 150y,Destined to Rock,M. P. Sheehy,0,John McConnell,13th,6 l,4,8-12,47,True,81,39
N/A,N/A,20:30,Standard,1m 2f 150y,Ten To Ten (IRE),N. M. Crosse,0,Luke Comer,12th,3 1/4 l,5,9-5p,54,True,81,39
N/A,N/A,20:30,Standard,1m 2f 150y,Emperor Of Silk (IRE),S. McCullagh,3,Luke Comer,11th,1 l,6,10-0,63,True,81,39
N/A,N/A,20:30,Standard,1m 2f 150y,Romann (IRE),J. A. Powell,5,J. F. Levins,10th,Short Head,6,8-12v,47,True,81,39
N/A,N/A,20:30,Standard,1m 2f 150y,Blackstone Cliff (IRE),Ben Martin Coen,0,Shane Crawley,9th,Head,7,8-12ht,47,True,81,39
N/A,N/A,20:30,Standard,1m 2f 150y,Curzon Queen (IRE),D. E. Sheehy,3,Kieran Patrick Cotter,8th,Neck,3,8-8,48,True,81,39
N/A,N/A,20:30,Standard,1m 2f 150y,Say You're Sorry (IRE),William James Lee,0,Eamonn O'Connell,7th,1 l,5,9-11,60,True,81,39
N/A,N/A,20:30,Standard,1m 2f 150y,Mads Black Eights (IRE),Declan McDonogh,0,Matthew J. Smith,6th,1/2 l,7,9-13,62,True,81,39
N/A,N/A,20:30,Standard,1m 2f 150y,Gatsby Cap (IRE),Siobhan Rutledge,3,John McConnell,5th,2 l,7,8-12tp,47,True,81,39
N/A,N/A,20:30,Standard,1m 2f 150y,Doctor Grace (IRE),R. P. Whelan,0,M. Halford & T. Collins,4th,3/4 l,3,9-2,56,True,81,39
N/A,N/A,20:30,Standard,1m 2f 150y,Deluca Chop (FR),Shane Foley,0,S. M. Duffy,3rd,Nose,4,9-8p,57,True,81,39
N/A,N/A,20:30,Standard,1m 2f 150y,Numidia (IRE),K. J. Leonard,0,Peter Lawlor,2nd,Short Head,5,8-12v,47,True,81,39
N/A,N/A,20:30,Standard,1m 2f 150y,Dark Street (IRE),C. D. Hayes,0,Luke Comer,1st,N/A,5,8-12,47,True,81,39
N/A,N/A,13:20,Yielding To Soft,6f,Easyshineadiamond (IRE),Adrian O'Shea,5,Mrs A. M. O'Shea,11th,2 1/2 l,2,9-2,-,True,81,40
N/A,N/A,13:20,Yielding To Soft,6f,Our Queen Bee (IRE),R. C. Colgan,0,Philip Michael Byrne,10th,17 l,2,9-2,-,True,81,40
N/A,N/A,13:20,Yielding To Soft,6f,Our Dagger (IRE),M. P. Sheehy,0,John Larkin,9th,3 1/2 l,2,9-7,-,True,81,40
N/A,N/A,13:20,Yielding To Soft,6f,Maria Land (IRE),D. W. O'Connor,0,John McConnell,8th,2 1/4 l,2,9-2h1,-,True,81,40
N/A,N/A,13:20,Yielding To Soft,6f,Star Hunter (IRE),Shane Foley,0,Mrs J. Harrington,7th,1 1/2 l,2,9-7,-,True,81,40
N/A,N/A,13:20,Yielding To Soft,6f,Rebelsontherun (IRE),L. F. Roche,0,M. D. O'Callaghan,5th,Dead Heat,2,9-7b1,-,True,81,40
N/A,N/A,13:20,Yielding To Soft,6f,Latin (IRE),P. A. Harnett,5,Aidan O'Brien,5th,1/2 l,2,9-7,-,True,81,40
N/A,N/A,13:20,Yielding To Soft,6f,Battle Fleet (FR),Frankie Dettori,0,Aidan O'Brien,4th,2 1/2 l,2,9-7,-,True,81,40
N/A,N/A,13:20,Yielding To Soft,6f,Emperor of Rome (IRE),K. K. Hennessy,5,Aidan O'Brien,3rd,2 1/4 l,2,9-7b1,-,True,81,40
N/A,N/A,13:20,Yielding To Soft,6f,Il Pellegrino (IRE),Declan McDonogh,0,Joseph Patrick O'Brien,2nd,3 1/2 l,2,9-7,-,True,81,40
N/A,N/A,13:20,Yielding To Soft,6f,Pipsy (IRE),C. T. Keane,0,G. M. Lyons,1st,N/A,2,9-2,-,True,81,40
N/A,N/A,13:20,Yielding To Soft,6f,Easyshineadiamond (IRE),Adrian O'Shea,5,Mrs A. M. O'Shea,11th,2 1/2 l,2,9-2,-,True,81,40
N/A,N/A,13:20,Yielding To Soft,6f,Our Queen Bee (IRE),R. C. Colgan,0,Philip Michael Byrne,10th,17 l,2,9-2,-,True,81,40
N/A,N/A,13:20,Yielding To Soft,6f,Our Dagger (IRE),M. P. Sheehy,0,John Larkin,9th,3 1/2 l,2,9-7,-,True,81,40
N/A,N/A,13:20,Yielding To Soft,6f,Maria Land (IRE),D. W. O'Connor,0,John McConnell,8th,2 1/4 l,2,9-2h1,-,True,81,40
N/A,N/A,13:20,Yielding To Soft,6f,Star Hunter (IRE),Shane Foley,0,Mrs J. Harrington,7th,1 1/2 l,2,9-7,-,True,81,40
N/A,N/A,13:20,Yielding To Soft,6f,Rebelsontherun (IRE),L. F. Roche,0,M. D. O'Callaghan,5th,Dead Heat,2,9-7b1,-,True,81,40
N/A,N/A,13:20,Yielding To Soft,6f,Latin (IRE),P. A. Harnett,5,Aidan O'Brien,5th,1/2 l,2,9-7,-,True,81,40
N/A,N/A,13:20,Yielding To Soft,6f,Battle Fleet (FR),Frankie Dettori,0,Aidan O'Brien,4th,2 1/2 l,2,9-7,-,True,81,40
N/A,N/A,13:20,Yielding To Soft,6f,Emperor of Rome (IRE),K. K. Hennessy,5,Aidan O'Brien,3rd,2 1/4 l,2,9-7b1,-,True,81,40
N/A,N/A,13:20,Yielding To Soft,6f,Il Pellegrino (IRE),Declan McDonogh,0,Joseph Patrick O'Brien,2nd,3 1/2 l,2,9-7,-,True,81,40
N/A,N/A,13:20,Yielding To Soft,6f,Pipsy (IRE),C. T. Keane,0,G. M. Lyons,1st,N/A,2,9-2,-,True,81,40
N/A,N/A,13:55,Yielding To Soft,7f,Alabama Pearl (IRE),Ben Martin Coen,0,John Patrick Murtagh,11th,2 1/4 l,3,9-10b,84,True,81,41
N/A,N/A,13:55,Yielding To Soft,7f,Pinar Del Rio,N. M. Crosse,0,Joe Conlon,10th,3 1/4 l,4,8-13p,70,True,81,41
N/A,N/A,13:55,Yielding To Soft,7f,Shawaamekh,D. W. O'Connor,0,J. F. Levins,9th,2 3/4 l,9,9-1t,72,True,81,41
N/A,N/A,13:55,Yielding To Soft,7f,Heavenly Power (IRE),J. J. G. Ryan,5,Edward Lynam,8th,Neck,5,9-13,84,True,81,41
N/A,N/A,13:55,Yielding To Soft,7f,Semblance Of Order (IRE),G. F. Carroll,0,Andrew Oliver,7th,1/2 l,3,9-8,82,True,81,41
N/A,N/A,13:55,Yielding To Soft,7f,Secret Magician (IRE),M. W. Hassett,7,Martin Hassett,6th,1/2 l,4,9-4,75,True,81,41
N/A,N/A,13:55,Yielding To Soft,7f,Half Nutz (IRE),Adam Caffrey,5,Adrian McGuinness,5th,3 3/4 l,6,9-3,74,True,81,41
N/A,N/A,13:55,Yielding To Soft,7f,Loingseoir (IRE),R. C. Colgan,0,M. C. Grassick,4th,Neck,7,10-0t,85,True,81,41
N/A,N/A,13:55,Yielding To Soft,7f,No More Porter (IRE),C. J. MacRedmond,5,Adrian McGuinness,3rd,1 1/4 l,5,9-12t,83,True,81,41
N/A,N/A,13:55,Yielding To Soft,7f,Fernao (IRE),William James Lee,0,W. McCreery,2nd,1 1/4 l,4,9-11v1,82,True,81,41
N/A,N/A,13:55,Yielding To Soft,7f,Dagoda (IRE),L. F. Roche,0,Miss Jennifer Anne Lynch,1st,N/A,5,9-2,73,True,81,41
N/A,N/A,13:55,Yielding To Soft,7f,Alabama Pearl (IRE),Ben Martin Coen,0,John Patrick Murtagh,11th,2 1/4 l,3,9-10b,84,True,81,41
N/A,N/A,13:55,Yielding To Soft,7f,Pinar Del Rio,N. M. Crosse,0,Joe Conlon,10th,3 1/4 l,4,8-13p,70,True,81,41
N/A,N/A,13:55,Yielding To Soft,7f,Shawaamekh,D. W. O'Connor,0,J. F. Levins,9th,2 3/4 l,9,9-1t,72,True,81,41
N/A,N/A,13:55,Yielding To Soft,7f,Heavenly Power (IRE),J. J. G. Ryan,5,Edward Lynam,8th,Neck,5,9-13,84,True,81,41
N/A,N/A,13:55,Yielding To Soft,7f,Semblance Of Order (IRE),G. F. Carroll,0,Andrew Oliver,7th,1/2 l,3,9-8,82,True,81,41
N/A,N/A,13:55,Yielding To Soft,7f,Secret Magician (IRE),M. W. Hassett,7,Martin Hassett,6th,1/2 l,4,9-4,75,True,81,41
N/A,N/A,13:55,Yielding To Soft,7f,Half Nutz (IRE),Adam Caffrey,5,Adrian McGuinness,5th,3 3/4 l,6,9-3,74,True,81,41
N/A,N/A,13:55,Yielding To Soft,7f,Loingseoir (IRE),R. C. Colgan,0,M. C. Grassick,4th,Neck,7,10-0t,85,True,81,41
N/A,N/A,13:55,Yielding To Soft,7f,No More Porter (IRE),C. J. MacRedmond,5,Adrian McGuinness,3rd,1 1/4 l,5,9-12t,83,True,81,41
N/A,N/A,13:55,Yielding To Soft,7f,Fernao (IRE),William James Lee,0,W. McCreery,2nd,1 1/4 l,4,9-11v1,82,True,81,41
N/A,N/A,13:55,Yielding To Soft,7f,Dagoda (IRE),L. F. Roche,0,Miss Jennifer Anne Lynch,1st,N/A,5,9-2,73,True,81,41
N/A,N/A,14:30,Yielding To Soft,1m,Ozark Daze,G. F. Carroll,0,Andrew Oliver,6th,16 l,2,9-5,-,True,81,42
N/A,N/A,14:30,Yielding To Soft,1m,Stromberg,M. P. Sheehy,0,Joseph Patrick O'Brien,5th,Short Head,2,9-5,-,True,81,42
N/A,N/A,14:30,Yielding To Soft,1m,Navy Seal (IRE),Frankie Dettori,0,Aidan O'Brien,4th,1 1/2 l,2,9-5,-,True,81,42
N/A,N/A,14:30,Yielding To Soft,1m,Grosvenor Square (IRE),C. T. Keane,0,Aidan O'Brien,3rd,Short Head,2,9-5,-,True,81,42
N/A,N/A,14:30,Yielding To Soft,1m,Chief Little Rock (IRE),G. M. Ryan,0,Aidan O'Brien,2nd,1 3/4 l,2,9-5,-,True,81,42
N/A,N/A,14:30,Yielding To Soft,1m,Deepone,William James Lee,0,P. Twomey,1st,N/A,2,9-5,-,True,81,42
N/A,N/A,14:30,Yielding To Soft,1m,Ozark Daze,G. F. Carroll,0,Andrew Oliver,6th,16 l,2,9-5,-,True,81,42
N/A,N/A,14:30,Yielding To Soft,1m,Stromberg,M. P. Sheehy,0,Joseph Patrick O'Brien,5th,Short Head,2,9-5,-,True,81,42
N/A,N/A,14:30,Yielding To Soft,1m,Navy Seal (IRE),Frankie Dettori,0,Aidan O'Brien,4th,1 1/2 l,2,9-5,-,True,81,42
N/A,N/A,14:30,Yielding To Soft,1m,Grosvenor Square (IRE),C. T. Keane,0,Aidan O'Brien,3rd,Short Head,2,9-5,-,True,81,42
N/A,N/A,14:30,Yielding To Soft,1m,Chief Little Rock (IRE),G. M. Ryan,0,Aidan O'Brien,2nd,1 3/4 l,2,9-5,-,True,81,42
N/A,N/A,14:30,Yielding To Soft,1m,Deepone,William James Lee,0,P. Twomey,1st,N/A,2,9-5,-,True,81,42
N/A,N/A,15:05,Yielding To Soft,5f,Livingston Range (IRE),Siobhan Rutledge,3,Leanne Breen,NR,N/A,5,8-7tb,79,True,81,43
N/A,N/A,15:05,Yielding To Soft,5f,Hallowed Time (IRE),C. D. Hayes,0,E. J. O'Neill,NR,N/A,5,8-7b,79,True,81,43
N/A,N/A,15:05,Yielding To Soft,5f,Mount Ruapehu (IRE),C. Horgan,7,John F. Grogan,16th,8 l,3,8-7p1,80,True,81,43
N/A,N/A,15:05,Yielding To Soft,5f,Never Shout Never (IRE),J. A. Powell,5,J. A. Stack,15th,3 1/2 l,3,9-2,89,True,81,43
N/A,N/A,15:05,Yielding To Soft,5f,Master Matt,R. P. Whelan,0,M. Halford & T. Collins,14th,Neck,7,9-4tp,90,True,81,43
N/A,N/A,15:05,Yielding To Soft,5f,Nordic Passage (IRE),R. P. Cleary,0,J. F. Levins,13th,Head,8,8-7,79,True,81,43
N/A,N/A,15:05,Yielding To Soft,5f,Elda (IRE),N. M. Crosse,0,Andrew Kinirons,12th,2 1/4 l,4,8-7,79,True,81,43
N/A,N/A,15:05,Yielding To Soft,5f,Sioux Spirit (IRE),L. F. Roche,0,K. J. Condon,11th,3/4 l,3,8-8v,81,True,81,43
N/A,N/A,15:05,Yielding To Soft,5f,Silmaniya (IRE),Ben Martin Coen,0,John Patrick Murtagh,10th,Short Head,3,9-0p,87,True,81,43
N/A,N/A,15:05,Yielding To Soft,5f,Curraheen Princess (IRE),Andrew Joseph Slattery,0,N. Stokes,9th,Nose,5,8-7p1,79,True,81,43
N/A,N/A,15:05,Yielding To Soft,5f,Real Force,C. Stone-Walsh,7,D. J. Bunyan & G. O'Leary,8th,Neck,6,9-7,93,True,81,43
N/A,N/A,15:05,Yielding To Soft,5f,Swift Flight (FR),N. G. McCullagh,0,K. J. Condon,7th,1 3/4 l,5,8-7t,79,True,81,43
N/A,N/A,15:05,Yielding To Soft,5f,The Organiser,M. P. Sheehy,0,J. F. Levins,6th,3/4 l,4,8-11,83,True,81,43
N/A,N/A,15:05,Yielding To Soft,5f,Mickey The Steel,Wesley Joyce,7,Joseph Anthony Murray,5th,Head,5,8-10tp,82,True,81,43
N/A,N/A,15:05,Yielding To Soft,5f,Jon Riggens (IRE),J. J. G. Ryan,5,Edward Lynam,4th,Nose,5,9-5t,91,True,81,43
N/A,N/A,15:05,Yielding To Soft,5f,The Highway Rat (IRE),William James Lee,0,Andrew Oliver,3rd,1 1/2 l,5,10-0,100,True,81,43
N/A,N/A,15:05,Yielding To Soft,5f,Harry's Hill,M. W. Hassett,7,Martin Hassett,2nd,Head,5,8-7,79,True,81,43
N/A,N/A,15:05,Yielding To Soft,5f,Laugh A Minute,Adam Caffrey,5,Adrian McGuinness,1st,N/A,8,9-3,89,True,81,43
N/A,N/A,15:05,Yielding To Soft,5f,Livingston Range (IRE),Siobhan Rutledge,3,Leanne Breen,NR,N/A,5,8-7tb,79,True,81,43
N/A,N/A,15:05,Yielding To Soft,5f,Hallowed Time (IRE),C. D. Hayes,0,E. J. O'Neill,NR,N/A,5,8-7b,79,True,81,43
N/A,N/A,15:05,Yielding To Soft,5f,Mount Ruapehu (IRE),C. Horgan,7,John F. Grogan,16th,8 l,3,8-7p1,80,True,81,43
N/A,N/A,15:05,Yielding To Soft,5f,Never Shout Never (IRE),J. A. Powell,5,J. A. Stack,15th,3 1/2 l,3,9-2,89,True,81,43
N/A,N/A,15:05,Yielding To Soft,5f,Master Matt,R. P. Whelan,0,M. Halford & T. Collins,14th,Neck,7,9-4tp,90,True,81,43
N/A,N/A,15:05,Yielding To Soft,5f,Nordic Passage (IRE),R. P. Cleary,0,J. F. Levins,13th,Head,8,8-7,79,True,81,43
N/A,N/A,15:05,Yielding To Soft,5f,Elda (IRE),N. M. Crosse,0,Andrew Kinirons,12th,2 1/4 l,4,8-7,79,True,81,43
N/A,N/A,15:05,Yielding To Soft,5f,Sioux Spirit (IRE),L. F. Roche,0,K. J. Condon,11th,3/4 l,3,8-8v,81,True,81,43
N/A,N/A,15:05,Yielding To Soft,5f,Silmaniya (IRE),Ben Martin Coen,0,John Patrick Murtagh,10th,Short Head,3,9-0p,87,True,81,43
N/A,N/A,15:05,Yielding To Soft,5f,Curraheen Princess (IRE),Andrew Joseph Slattery,0,N. Stokes,9th,Nose,5,8-7p1,79,True,81,43
N/A,N/A,15:05,Yielding To Soft,5f,Real Force,C. Stone-Walsh,7,D. J. Bunyan & G. O'Leary,8th,Neck,6,9-7,93,True,81,43
N/A,N/A,15:05,Yielding To Soft,5f,Swift Flight (FR),N. G. McCullagh,0,K. J. Condon,7th,1 3/4 l,5,8-7t,79,True,81,43
N/A,N/A,15:05,Yielding To Soft,5f,The Organiser,M. P. Sheehy,0,J. F. Levins,6th,3/4 l,4,8-11,83,True,81,43
N/A,N/A,15:05,Yielding To Soft,5f,Mickey The Steel,Wesley Joyce,7,Joseph Anthony Murray,5th,Head,5,8-10tp,82,True,81,43
N/A,N/A,15:05,Yielding To Soft,5f,Jon Riggens (IRE),J. J. G. Ryan,5,Edward Lynam,4th,Nose,5,9-5t,91,True,81,43
N/A,N/A,15:05,Yielding To Soft,5f,The Highway Rat (IRE),William James Lee,0,Andrew Oliver,3rd,1 1/2 l,5,10-0,100,True,81,43
N/A,N/A,15:05,Yielding To Soft,5f,Harry's Hill,M. W. Hassett,7,Martin Hassett,2nd,Head,5,8-7,79,True,81,43
N/A,N/A,15:05,Yielding To Soft,5f,Laugh A Minute,Adam Caffrey,5,Adrian McGuinness,1st,N/A,8,9-3,89,True,81,43
N/A,N/A,15:40,Yielding To Soft,7f,Do It With Style (IRE),K. J. Leonard,0,Donnacha Aidan O'Brien,PU,N/A,2,9-0,-,True,81,44
N/A,N/A,15:40,Yielding To Soft,7f,Riviera Queen (IRE),N. M. Crosse,0,Mrs J. Harrington,22nd,Short Head,2,9-0,-,True,81,44
N/A,N/A,15:40,Yielding To Soft,7f,Count Palatine (IRE),L. T. McAteer,0,Brian Meehan,21st,Head,2,9-5,-,True,81,44
N/A,N/A,15:40,Yielding To Soft,7f,Aratayvo (IRE),C. D. Hayes,0,D. K. Weld,20th,1/2 l,2,9-5,-,True,81,44
N/A,N/A,15:40,Yielding To Soft,7f,What A Squeeze (IRE),Shane Foley,0,Mrs J. Harrington,19th,1/2 l,2,9-0,-,True,81,44
N/A,N/A,15:40,Yielding To Soft,7f,Western (IRE),Pat Dobbs,0,Richard Hannon,18th,3/4 l,2,9-5,-,True,81,44
N/A,N/A,15:40,Yielding To Soft,7f,Mission To Moon (IRE),R. P. Whelan,0,Roger Varian,17th,1 l,2,9-5,-,True,81,44
N/A,N/A,15:40,Yielding To Soft,7f,Chaturanga (IRE),Declan McDonogh,0,Archie Watson,16th,Head,2,9-5p,-,True,81,44
N/A,N/A,15:40,Yielding To Soft,7f,Tsunami Speed,G. P. Halpin,0,Adrian Murray,15th,1 1/2 l,2,9-5t,-,True,81,44
N/A,N/A,15:40,Yielding To Soft,7f,Raknah (IRE),Andrew Joseph Slattery,0,Mrs J. Harrington,14th,1/2 l,2,9-0,-,True,81,44
N/A,N/A,15:40,Yielding To Soft,7f,Cathal (IRE),S. McCullagh,0,P. Twomey,13th,1 l,2,9-5b1,-,True,81,44
N/A,N/A,15:40,Yielding To Soft,7f,Havanagreattime (IRE),N. Callan,0,Richard Hughes,12th,Head,2,9-5,-,True,81,44
N/A,N/A,15:40,Yielding To Soft,7f,Guildenstern (IRE),G. M. Ryan,0,Donnacha Aidan O'Brien,11th,Neck,2,9-5,-,True,81,44
N/A,N/A,15:40,Yielding To Soft,7f,Beauty Thunder (IRE),J. Kearney,0,G. M. Lyons,10th,3/4 l,2,9-5,-,True,81,44
N/A,N/A,15:40,Yielding To Soft,7f,Thor's Hammer (IRE),Ben Martin Coen,0,John Patrick Murtagh,9th,1/2 l,2,9-5p1,-,True,81,44
N/A,N/A,15:40,Yielding To Soft,7f,Pianoforte,J. A. Powell,0,Andrew Balding,8th,1/2 l,2,9-5,-,True,81,44
N/A,N/A,15:40,Yielding To Soft,7f,Akkadian Emperor (IRE),M. P. Sheehy,0,Joseph Patrick O'Brien,7th,1 1/4 l,2,9-5,-,True,81,44
N/A,N/A,15:40,Yielding To Soft,7f,Chicago Fireball (IRE),S. B. Kelly,0,John Patrick Murtagh,6th,3/4 l,2,9-5,-,True,81,44
N/A,N/A,15:40,Yielding To Soft,7f,Soldier's Empire (IRE),L. F. Roche,0,G. M. Lyons,5th,1/2 l,2,9-5,-,True,81,44
N/A,N/A,15:40,Yielding To Soft,7f,Storm Miami (IRE),G. F. Carroll,0,G. M. Lyons,4th,1 l,2,9-0,-,True,81,44
N/A,N/A,15:40,Yielding To Soft,7f,My Mate Alfie (IRE),C. T. Keane,0,G. M. Lyons,3rd,Neck,2,9-5,-,True,81,44
N/A,N/A,15:40,Yielding To Soft,7f,Cherry Blossom (IRE),Frankie Dettori,0,Aidan O'Brien,2nd,6 l,2,9-0,-,True,81,44
N/A,N/A,15:40,Yielding To Soft,7f,One Look (IRE),William James Lee,0,P. Twomey,1st,N/A,2,9-0,-,True,81,44
N/A,N/A,15:40,Yielding To Soft,7f,Do It With Style (IRE),K. J. Leonard,0,Donnacha Aidan O'Brien,PU,N/A,2,9-0,-,True,81,44
N/A,N/A,15:40,Yielding To Soft,7f,Riviera Queen (IRE),N. M. Crosse,0,Mrs J. Harrington,22nd,Short Head,2,9-0,-,True,81,44
N/A,N/A,15:40,Yielding To Soft,7f,Count Palatine (IRE),L. T. McAteer,0,Brian Meehan,21st,Head,2,9-5,-,True,81,44
N/A,N/A,15:40,Yielding To Soft,7f,Aratayvo (IRE),C. D. Hayes,0,D. K. Weld,20th,1/2 l,2,9-5,-,True,81,44
N/A,N/A,15:40,Yielding To Soft,7f,What A Squeeze (IRE),Shane Foley,0,Mrs J. Harrington,19th,1/2 l,2,9-0,-,True,81,44
N/A,N/A,15:40,Yielding To Soft,7f,Western (IRE),Pat Dobbs,0,Richard Hannon,18th,3/4 l,2,9-5,-,True,81,44
N/A,N/A,15:40,Yielding To Soft,7f,Mission To Moon (IRE),R. P. Whelan,0,Roger Varian,17th,1 l,2,9-5,-,True,81,44
N/A,N/A,15:40,Yielding To Soft,7f,Chaturanga (IRE),Declan McDonogh,0,Archie Watson,16th,Head,2,9-5p,-,True,81,44
N/A,N/A,15:40,Yielding To Soft,7f,Tsunami Speed,G. P. Halpin,0,Adrian Murray,15th,1 1/2 l,2,9-5t,-,True,81,44
N/A,N/A,15:40,Yielding To Soft,7f,Raknah (IRE),Andrew Joseph Slattery,0,Mrs J. Harrington,14th,1/2 l,2,9-0,-,True,81,44
N/A,N/A,15:40,Yielding To Soft,7f,Cathal (IRE),S. McCullagh,0,P. Twomey,13th,1 l,2,9-5b1,-,True,81,44
N/A,N/A,15:40,Yielding To Soft,7f,Havanagreattime (IRE),N. Callan,0,Richard Hughes,12th,Head,2,9-5,-,True,81,44
N/A,N/A,15:40,Yielding To Soft,7f,Guildenstern (IRE),G. M. Ryan,0,Donnacha Aidan O'Brien,11th,Neck,2,9-5,-,True,81,44
N/A,N/A,15:40,Yielding To Soft,7f,Beauty Thunder (IRE),J. Kearney,0,G. M. Lyons,10th,3/4 l,2,9-5,-,True,81,44
N/A,N/A,15:40,Yielding To Soft,7f,Thor's Hammer (IRE),Ben Martin Coen,0,John Patrick Murtagh,9th,1/2 l,2,9-5p1,-,True,81,44
N/A,N/A,15:40,Yielding To Soft,7f,Pianoforte,J. A. Powell,0,Andrew Balding,8th,1/2 l,2,9-5,-,True,81,44
N/A,N/A,15:40,Yielding To Soft,7f,Akkadian Emperor (IRE),M. P. Sheehy,0,Joseph Patrick O'Brien,7th,1 1/4 l,2,9-5,-,True,81,44
N/A,N/A,15:40,Yielding To Soft,7f,Chicago Fireball (IRE),S. B. Kelly,0,John Patrick Murtagh,6th,3/4 l,2,9-5,-,True,81,44
N/A,N/A,15:40,Yielding To Soft,7f,Soldier's Empire (IRE),L. F. Roche,0,G. M. Lyons,5th,1/2 l,2,9-5,-,True,81,44
N/A,N/A,15:40,Yielding To Soft,7f,Storm Miami (IRE),G. F. Carroll,0,G. M. Lyons,4th,1 l,2,9-0,-,True,81,44
N/A,N/A,15:40,Yielding To Soft,7f,My Mate Alfie (IRE),C. T. Keane,0,G. M. Lyons,3rd,Neck,2,9-5,-,True,81,44
N/A,N/A,15:40,Yielding To Soft,7f,Cherry Blossom (IRE),Frankie Dettori,0,Aidan O'Brien,2nd,6 l,2,9-0,-,True,81,44
N/A,N/A,15:40,Yielding To Soft,7f,One Look (IRE),William James Lee,0,P. Twomey,1st,N/A,2,9-0,-,True,81,44
N/A,N/A,16:15,Yielding To Soft,1m,Goldmoyne (IRE),Amy Jo Hayes,2,Timothy Doyle,NR,N/A,3,8-13,55,True,81,45
N/A,N/A,16:15,Yielding To Soft,1m,Sorrento Point,C. Stone-Walsh,2,Joseph Patrick O'Brien,18th,28 l,3,9-13,69,True,81,45
N/A,N/A,16:15,Yielding To Soft,1m,Hastily,S. P. Bird,7,Tom McGuinness,17th,3/4 l,4,9-11,63,True,81,45
N/A,N/A,16:15,Yielding To Soft,1m,Brewel Hill (IRE),Jack Cleary,2,Peter McCreery,16th,Neck,7,10-0,66,True,81,45
N/A,N/A,16:15,Yielding To Soft,1m,Old Peculier,C. Geerdharry,7,Mark Fahey,15th,Short Head,4,9-9,61,True,81,45
N/A,N/A,16:15,Yielding To Soft,1m,Lightupthesky (IRE),R. M. Mulligan,7,V. C. Ward,14th,Neck,3,8-7,49,True,81,45
N/A,N/A,16:15,Yielding To Soft,1m,Deuteronomy (IRE),K. G. Kennedy,7,R. P. Burns,13th,1 l,4,8-9,47,True,81,45
N/A,N/A,16:15,Yielding To Soft,1m,Essential Part (IRE),Cillian McConnell,4,Peter McCreery,12th,1/2 l,5,9-5t,57,True,81,45
N/A,N/A,16:15,Yielding To Soft,1m,Coffeemeanscoffee (IRE),C. M. Hogan,7,Tom McGuinness,11th,1 l,8,9-0,52,True,81,45
N/A,N/A,16:15,Yielding To Soft,1m,Partisan Hero (IRE),Wesley Joyce,2,D. K. Weld,10th,Nose,3,9-12p,68,True,81,45
N/A,N/A,16:15,Yielding To Soft,1m,Tortured Soul,J. Kearney,2,G. M. Lyons,9th,Short Head,3,8-9,51,True,81,45
N/A,N/A,16:15,Yielding To Soft,1m,Morning Approach (IRE),C. Horgan,2,W. McCreery,8th,1 1/2 l,5,9-11,63,True,81,45
N/A,N/A,16:15,Yielding To Soft,1m,Madakasham Jam (IRE),Sorcha Woods,4,Jack W. Davison,7th,1 l,3,8-11h1,53,True,81,45
N/A,N/A,16:15,Yielding To Soft,1m,Stormy Jenn (IRE),Neve Bennett,4,Peter Cluskey,6th,1/2 l,6,10-2,68,True,81,45
N/A,N/A,16:15,Yielding To Soft,1m,Toriangel (IRE),D. A. Kidd,7,Ms Sheila Lavery,5th,Neck,4,9-11,63,True,81,45
N/A,N/A,16:15,Yielding To Soft,1m,Stay Local (IRE),H. J. Horgan,2,Aidan Anthony Howard,4th,2 3/4 l,5,9-10,62,True,81,45
N/A,N/A,16:15,Yielding To Soft,1m,Bride Tree,A. C. Persse,2,Mrs Sarah Dawson,3rd,1/2 l,3,8-7p,49,True,81,45
N/A,N/A,16:15,Yielding To Soft,1m,Tall Story (IRE),T. Kiely-Marshall,4,Ross O'Sullivan,2nd,2 l,5,8-9p,47,True,81,45
N/A,N/A,16:15,Yielding To Soft,1m,Magic Charm (IRE),M. W. Hassett,4,Martin Hassett,1st,N/A,7,9-1b1,53,True,81,45
N/A,N/A,16:15,Yielding To Soft,1m,Goldmoyne (IRE),Amy Jo Hayes,2,Timothy Doyle,NR,N/A,3,8-13,55,True,81,45
N/A,N/A,16:15,Yielding To Soft,1m,Sorrento Point,C. Stone-Walsh,2,Joseph Patrick O'Brien,18th,28 l,3,9-13,69,True,81,45
N/A,N/A,16:15,Yielding To Soft,1m,Hastily,S. P. Bird,7,Tom McGuinness,17th,3/4 l,4,9-11,63,True,81,45
N/A,N/A,16:15,Yielding To Soft,1m,Brewel Hill (IRE),Jack Cleary,2,Peter McCreery,16th,Neck,7,10-0,66,True,81,45
N/A,N/A,16:15,Yielding To Soft,1m,Old Peculier,C. Geerdharry,7,Mark Fahey,15th,Short Head,4,9-9,61,True,81,45
N/A,N/A,16:15,Yielding To Soft,1m,Lightupthesky (IRE),R. M. Mulligan,7,V. C. Ward,14th,Neck,3,8-7,49,True,81,45
N/A,N/A,16:15,Yielding To Soft,1m,Deuteronomy (IRE),K. G. Kennedy,7,R. P. Burns,13th,1 l,4,8-9,47,True,81,45
N/A,N/A,16:15,Yielding To Soft,1m,Essential Part (IRE),Cillian McConnell,4,Peter McCreery,12th,1/2 l,5,9-5t,57,True,81,45
N/A,N/A,16:15,Yielding To Soft,1m,Coffeemeanscoffee (IRE),C. M. Hogan,7,Tom McGuinness,11th,1 l,8,9-0,52,True,81,45
N/A,N/A,16:15,Yielding To Soft,1m,Partisan Hero (IRE),Wesley Joyce,2,D. K. Weld,10th,Nose,3,9-12p,68,True,81,45
N/A,N/A,16:15,Yielding To Soft,1m,Tortured Soul,J. Kearney,2,G. M. Lyons,9th,Short Head,3,8-9,51,True,81,45
N/A,N/A,16:15,Yielding To Soft,1m,Morning Approach (IRE),C. Horgan,2,W. McCreery,8th,1 1/2 l,5,9-11,63,True,81,45
N/A,N/A,16:15,Yielding To Soft,1m,Madakasham Jam (IRE),Sorcha Woods,4,Jack W. Davison,7th,1 l,3,8-11h1,53,True,81,45
N/A,N/A,16:15,Yielding To Soft,1m,Stormy Jenn (IRE),Neve Bennett,4,Peter Cluskey,6th,1/2 l,6,10-2,68,True,81,45
N/A,N/A,16:15,Yielding To Soft,1m,Toriangel (IRE),D. A. Kidd,7,Ms Sheila Lavery,5th,Neck,4,9-11,63,True,81,45
N/A,N/A,16:15,Yielding To Soft,1m,Stay Local (IRE),H. J. Horgan,2,Aidan Anthony Howard,4th,2 3/4 l,5,9-10,62,True,81,45
N/A,N/A,16:15,Yielding To Soft,1m,Bride Tree,A. C. Persse,2,Mrs Sarah Dawson,3rd,1/2 l,3,8-7p,49,True,81,45
N/A,N/A,16:15,Yielding To Soft,1m,Tall Story (IRE),T. Kiely-Marshall,4,Ross O'Sullivan,2nd,2 l,5,8-9p,47,True,81,45
N/A,N/A,16:15,Yielding To Soft,1m,Magic Charm (IRE),M. W. Hassett,4,Martin Hassett,1st,N/A,7,9-1b1,53,True,81,45
N/A,N/A,16:50,Yielding To Soft,6f,Loma Larnee,William James Lee,0,Andrew Oliver,10th,3 1/2 l,3,9-3,-,True,81,46
N/A,N/A,16:50,Yielding To Soft,6f,A Day In Deauville (IRE),N. M. Crosse,0,Gillian Scott,9th,1 3/4 l,3,9-3,-,True,81,46
N/A,N/A,16:50,Yielding To Soft,6f,First Gentleman (IRE),Shane Foley,0,Mrs J. Harrington,8th,10 l,3,9-8b,-,True,81,46
N/A,N/A,16:50,Yielding To Soft,6f,Charlie Brow'n (FR),Ben Martin Coen,0,T. J. O'Mara,7th,5 1/2 l,3,9-8,-,True,81,46
N/A,N/A,16:50,Yielding To Soft,6f,Never Cry Never (IRE),Andrew Joseph Slattery,0,J. A. Stack,6th,3 1/4 l,3,9-8,-,True,81,46
N/A,N/A,16:50,Yielding To Soft,6f,Vera's Secret (IRE),L. T. McAteer,0,J. J. Feane,5th,Neck,4,9-5,-,True,81,46
N/A,N/A,16:50,Yielding To Soft,6f,Alexander John (IRE),Declan McDonogh,0,Luke Comer,4th,3/4 l,3,9-8t,-,True,81,46
N/A,N/A,16:50,Yielding To Soft,6f,Nouvel Espoir (IRE),C. D. Hayes,0,James M. Barcoe,3rd,3 l,3,9-8,-,True,81,46
N/A,N/A,16:50,Yielding To Soft,6f,Un Bacio Ancora (IRE),Siobhan Rutledge,3,C. W. J. Farrell,2nd,4 1/4 l,4,9-5tp,-,True,81,46
N/A,N/A,16:50,Yielding To Soft,6f,Yosemite Valley,G. M. Ryan,0,Donnacha Aidan O'Brien,1st,N/A,3,9-8,-,True,81,46
N/A,N/A,16:50,Yielding To Soft,6f,Loma Larnee,William James Lee,0,Andrew Oliver,10th,3 1/2 l,3,9-3,-,True,81,46
N/A,N/A,16:50,Yielding To Soft,6f,A Day In Deauville (IRE),N. M. Crosse,0,Gillian Scott,9th,1 3/4 l,3,9-3,-,True,81,46
N/A,N/A,16:50,Yielding To Soft,6f,First Gentleman (IRE),Shane Foley,0,Mrs J. Harrington,8th,10 l,3,9-8b,-,True,81,46
N/A,N/A,16:50,Yielding To Soft,6f,Charlie Brow'n (FR),Ben Martin Coen,0,T. J. O'Mara,7th,5 1/2 l,3,9-8,-,True,81,46
N/A,N/A,16:50,Yielding To Soft,6f,Never Cry Never (IRE),Andrew Joseph Slattery,0,J. A. Stack,6th,3 1/4 l,3,9-8,-,True,81,46
N/A,N/A,16:50,Yielding To Soft,6f,Vera's Secret (IRE),L. T. McAteer,0,J. J. Feane,5th,Neck,4,9-5,-,True,81,46
N/A,N/A,16:50,Yielding To Soft,6f,Alexander John (IRE),Declan McDonogh,0,Luke Comer,4th,3/4 l,3,9-8t,-,True,81,46
N/A,N/A,16:50,Yielding To Soft,6f,Nouvel Espoir (IRE),C. D. Hayes,0,James M. Barcoe,3rd,3 l,3,9-8,-,True,81,46
N/A,N/A,16:50,Yielding To Soft,6f,Un Bacio Ancora (IRE),Siobhan Rutledge,3,C. W. J. Farrell,2nd,4 1/4 l,4,9-5tp,-,True,81,46
N/A,N/A,16:50,Yielding To Soft,6f,Yosemite Valley,G. M. Ryan,0,Donnacha Aidan O'Brien,1st,N/A,3,9-8,-,True,81,46
N/A,N/A,17:25,Yielding To Soft,1m 2f,Neddies Boy (IRE),Jack Cleary,7,R. P. Burns,19th,14 l,5,9-13,-,True,81,47
N/A,N/A,17:25,Yielding To Soft,1m 2f,Barrogstown Girl (IRE),R. P. Whelan,0,Jarlath P. Fahey,18th,4 1/2 l,3,9-3,-,True,81,47
N/A,N/A,17:25,Yielding To Soft,1m 2f,Ricky Bobby (IRE),D. W. O'Connor,0,Timothy Doyle,17th,1 3/4 l,8,9-13,-,True,81,47
N/A,N/A,17:25,Yielding To Soft,1m 2f,Reel Her In (IRE),G. F. Carroll,0,Gavin Patrick Cromwell,16th,2 3/4 l,3,9-3,-,True,81,47
N/A,N/A,17:25,Yielding To Soft,1m 2f,Keilah (IRE),C. J. MacRedmond,5,F. Flood,15th,3 1/4 l,3,9-3,-,True,81,47
N/A,N/A,17:25,Yielding To Soft,1m 2f,Dorset Lady (IRE),G. M. Ryan,0,Timothy Doyle,14th,Head,6,9-8,-,True,81,47
N/A,N/A,17:25,Yielding To Soft,1m 2f,Hutton (IRE),H. J. Horgan,7,Joseph Patrick O'Brien,13th,1/2 l,3,9-8,-,True,81,47
N/A,N/A,17:25,Yielding To Soft,1m 2f,Jupiter Rock (IRE),Declan McDonogh,0,Joseph Patrick O'Brien,12th,3/4 l,3,9-8,-,True,81,47
N/A,N/A,17:25,Yielding To Soft,1m 2f,Bay Of Sanibel (GER),N. M. Crosse,0,Mrs J. Harrington,11th,3/4 l,3,9-3,-,True,81,47
N/A,N/A,17:25,Yielding To Soft,1m 2f,Maroon and White (IRE),Adam Caffrey,5,Adrian McGuinness,10th,1 l,3,9-3,-,True,81,47
N/A,N/A,17:25,Yielding To Soft,1m 2f,Wisdomofhindsight,William James Lee,0,Andrew Oliver,9th,3/4 l,3,9-8,-,True,81,47
N/A,N/A,17:25,Yielding To Soft,1m 2f,Golden Ash (IRE),L. T. McAteer,0,J. S. Bolger,8th,3 l,3,9-3,-,True,81,47
N/A,N/A,17:25,Yielding To Soft,1m 2f,Neptunes Staircase (IRE),C. T. Keane,0,G. M. Lyons,7th,1 l,3,9-8,-,True,81,47
N/A,N/A,17:25,Yielding To Soft,1m 2f,Sioux Eagle (IRE),J. A. Powell,5,Patrick T. Foley,6th,1/2 l,4,9-13p1,-,True,81,47
N/A,N/A,17:25,Yielding To Soft,1m 2f,Feathertop,Shane Foley,0,Mrs J. Harrington,5th,Head,3,9-3,-,True,81,47
N/A,N/A,17:25,Yielding To Soft,1m 2f,Lion Wait,C. D. Hayes,0,Andrew Oliver,4th,3 l,3,9-8,-,True,81,47
N/A,N/A,17:25,Yielding To Soft,1m 2f,Teorema (IRE),R. P. Cleary,0,J. S. Bolger,3rd,Neck,3,9-3,-,True,81,47
N/A,N/A,17:25,Yielding To Soft,1m 2f,Shrewsbury Road (IRE),Ben Martin Coen,0,John Joseph Murphy,2nd,1/2 l,3,9-8,-,True,81,47
N/A,N/A,17:25,Yielding To Soft,1m 2f,Nostringsattached (IRE),R. C. Colgan,0,Andrew Kinirons,1st,N/A,4,9-8,-,True,81,47
N/A,N/A,17:25,Yielding To Soft,1m 2f,Neddies Boy (IRE),Jack Cleary,7,R. P. Burns,19th,14 l,5,9-13,-,True,81,47
N/A,N/A,17:25,Yielding To Soft,1m 2f,Barrogstown Girl (IRE),R. P. Whelan,0,Jarlath P. Fahey,18th,4 1/2 l,3,9-3,-,True,81,47
N/A,N/A,17:25,Yielding To Soft,1m 2f,Ricky Bobby (IRE),D. W. O'Connor,0,Timothy Doyle,17th,1 3/4 l,8,9-13,-,True,81,47
N/A,N/A,17:25,Yielding To Soft,1m 2f,Reel Her In (IRE),G. F. Carroll,0,Gavin Patrick Cromwell,16th,2 3/4 l,3,9-3,-,True,81,47
N/A,N/A,17:25,Yielding To Soft,1m 2f,Keilah (IRE),C. J. MacRedmond,5,F. Flood,15th,3 1/4 l,3,9-3,-,True,81,47
N/A,N/A,17:25,Yielding To Soft,1m 2f,Dorset Lady (IRE),G. M. Ryan,0,Timothy Doyle,14th,Head,6,9-8,-,True,81,47
N/A,N/A,17:25,Yielding To Soft,1m 2f,Hutton (IRE),H. J. Horgan,7,Joseph Patrick O'Brien,13th,1/2 l,3,9-8,-,True,81,47
N/A,N/A,17:25,Yielding To Soft,1m 2f,Jupiter Rock (IRE),Declan McDonogh,0,Joseph Patrick O'Brien,12th,3/4 l,3,9-8,-,True,81,47
N/A,N/A,17:25,Yielding To Soft,1m 2f,Bay Of Sanibel (GER),N. M. Crosse,0,Mrs J. Harrington,11th,3/4 l,3,9-3,-,True,81,47
N/A,N/A,17:25,Yielding To Soft,1m 2f,Maroon and White (IRE),Adam Caffrey,5,Adrian McGuinness,10th,1 l,3,9-3,-,True,81,47
N/A,N/A,17:25,Yielding To Soft,1m 2f,Wisdomofhindsight,William James Lee,0,Andrew Oliver,9th,3/4 l,3,9-8,-,True,81,47
N/A,N/A,17:25,Yielding To Soft,1m 2f,Golden Ash (IRE),L. T. McAteer,0,J. S. Bolger,8th,3 l,3,9-3,-,True,81,47
N/A,N/A,17:25,Yielding To Soft,1m 2f,Neptunes Staircase (IRE),C. T. Keane,0,G. M. Lyons,7th,1 l,3,9-8,-,True,81,47
N/A,N/A,17:25,Yielding To Soft,1m 2f,Sioux Eagle (IRE),J. A. Powell,5,Patrick T. Foley,6th,1/2 l,4,9-13p1,-,True,81,47
N/A,N/A,17:25,Yielding To Soft,1m 2f,Feathertop,Shane Foley,0,Mrs J. Harrington,5th,Head,3,9-3,-,True,81,47
N/A,N/A,17:25,Yielding To Soft,1m 2f,Lion Wait,C. D. Hayes,0,Andrew Oliver,4th,3 l,3,9-8,-,True,81,47
N/A,N/A,17:25,Yielding To Soft,1m 2f,Teorema (IRE),R. P. Cleary,0,J. S. Bolger,3rd,Neck,3,9-3,-,True,81,47
N/A,N/A,17:25,Yielding To Soft,1m 2f,Shrewsbury Road (IRE),Ben Martin Coen,0,John Joseph Murphy,2nd,1/2 l,3,9-8,-,True,81,47
N/A,N/A,17:25,Yielding To Soft,1m 2f,Nostringsattached (IRE),R. C. Colgan,0,Andrew Kinirons,1st,N/A,4,9-8,-,True,81,47
N/A,N/A,13:35,Yielding To Soft,2m,Balally Park (IRE),Phillip Enright,0,Thomas Cooper,UR,N/A,4,11-7,-,True,81,48
N/A,N/A,13:35,Yielding To Soft,2m,Eabha Rose (IRE),Gavin Peter Brouder,5,Thomas P. O'Connor,15th,61 l,4,11-0,-,True,81,48
N/A,N/A,13:35,Yielding To Soft,2m,Black Vega (IRE),R. P. Treacy,0,John F. Gleeson,14th,5 1/2 l,4,11-7,-,True,81,48
N/A,N/A,13:35,Yielding To Soft,2m,Askwell (IRE),C. P. McNamara,0,Eric McNamara,13th,6 l,4,11-7,-,True,81,48
N/A,N/A,13:35,Yielding To Soft,2m,Juke Box (FR),J. P. Shinnick,7,Philip Fenton,12th,4 3/4 l,4,11-7,-,True,81,48
N/A,N/A,13:35,Yielding To Soft,2m,Imperial Delta (IRE),A. M. McCurtin,0,Desmond Kenneally,11th,13 l,4,11-7,-,True,81,48
N/A,N/A,13:35,Yielding To Soft,2m,Scottish Dancer (IRE),Shane O'Callaghan,5,Eoin Doyle,10th,6 l,4,11-7,-,True,81,48
N/A,N/A,13:35,Yielding To Soft,2m,Boxcar Molly (IRE),G. B. Noonan,5,Eoin Christopher McCarthy,9th,2 1/2 l,4,11-0,-,True,81,48
N/A,N/A,13:35,Yielding To Soft,2m,Tippin And Tappin (IRE),D. J. O'Keeffe,0,Enda Bolger,8th,6 l,4,11-7,-,True,81,48
N/A,N/A,13:35,Yielding To Soft,2m,Dudley's Bar (IRE),L. A. McKenna,5,Colm A. Murphy,7th,4 l,4,11-7t,-,True,81,48
N/A,N/A,13:35,Yielding To Soft,2m,Good Heavens (IRE),M. P. Walsh,0,Joseph Patrick O'Brien,6th,1/2 l,4,11-7t,-,True,81,48
N/A,N/A,13:35,Yielding To Soft,2m,Molly's Gamble (IRE),Seamus Cronin,5,Paul O'Flynn,5th,1 l,4,11-0tp,-,True,81,48
N/A,N/A,13:35,Yielding To Soft,2m,Showman,Sean Flanagan,0,Peter Fahey,4th,5 l,4,11-7,-,True,81,48
N/A,N/A,13:35,Yielding To Soft,2m,Wandering Rocks,Paul O'Brien,7,William Durkan,3rd,11 l,4,11-7t,-,True,81,48
N/A,N/A,13:35,Yielding To Soft,2m,Ninth Loch (IRE),P. Townend,0,W. P. Mullins,2nd,1 1/2 l,4,11-7,-,True,81,48
N/A,N/A,13:35,Yielding To Soft,2m,Smooth Tom (IRE),C. M. Quirke,5,A. Slattery,1st,N/A,4,11-7,-,True,81,48
N/A,N/A,13:35,Yielding To Soft,2m,Balally Park (IRE),Phillip Enright,0,Thomas Cooper,UR,N/A,4,11-7,-,True,81,48
N/A,N/A,13:35,Yielding To Soft,2m,Eabha Rose (IRE),Gavin Peter Brouder,5,Thomas P. O'Connor,15th,61 l,4,11-0,-,True,81,48
N/A,N/A,13:35,Yielding To Soft,2m,Black Vega (IRE),R. P. Treacy,0,John F. Gleeson,14th,5 1/2 l,4,11-7,-,True,81,48
N/A,N/A,13:35,Yielding To Soft,2m,Askwell (IRE),C. P. McNamara,0,Eric McNamara,13th,6 l,4,11-7,-,True,81,48
N/A,N/A,13:35,Yielding To Soft,2m,Juke Box (FR),J. P. Shinnick,7,Philip Fenton,12th,4 3/4 l,4,11-7,-,True,81,48
N/A,N/A,13:35,Yielding To Soft,2m,Imperial Delta (IRE),A. M. McCurtin,0,Desmond Kenneally,11th,13 l,4,11-7,-,True,81,48
N/A,N/A,13:35,Yielding To Soft,2m,Scottish Dancer (IRE),Shane O'Callaghan,5,Eoin Doyle,10th,6 l,4,11-7,-,True,81,48
N/A,N/A,13:35,Yielding To Soft,2m,Boxcar Molly (IRE),G. B. Noonan,5,Eoin Christopher McCarthy,9th,2 1/2 l,4,11-0,-,True,81,48
N/A,N/A,13:35,Yielding To Soft,2m,Tippin And Tappin (IRE),D. J. O'Keeffe,0,Enda Bolger,8th,6 l,4,11-7,-,True,81,48
N/A,N/A,13:35,Yielding To Soft,2m,Dudley's Bar (IRE),L. A. McKenna,5,Colm A. Murphy,7th,4 l,4,11-7t,-,True,81,48
N/A,N/A,13:35,Yielding To Soft,2m,Good Heavens (IRE),M. P. Walsh,0,Joseph Patrick O'Brien,6th,1/2 l,4,11-7t,-,True,81,48
N/A,N/A,13:35,Yielding To Soft,2m,Molly's Gamble (IRE),Seamus Cronin,5,Paul O'Flynn,5th,1 l,4,11-0tp,-,True,81,48
N/A,N/A,13:35,Yielding To Soft,2m,Showman,Sean Flanagan,0,Peter Fahey,4th,5 l,4,11-7,-,True,81,48
N/A,N/A,13:35,Yielding To Soft,2m,Wandering Rocks,Paul O'Brien,7,William Durkan,3rd,11 l,4,11-7t,-,True,81,48
N/A,N/A,13:35,Yielding To Soft,2m,Ninth Loch (IRE),P. Townend,0,W. P. Mullins,2nd,1 1/2 l,4,11-7,-,True,81,48
N/A,N/A,13:35,Yielding To Soft,2m,Smooth Tom (IRE),C. M. Quirke,5,A. Slattery,1st,N/A,4,11-7,-,True,81,48
N/A,N/A,14:10,Yielding To Soft,2m 4f,What Path (FR),D. E. Mullins,0,W. P. Mullins,6th,1 1/4 l,6,11-10,-,True,81,49
N/A,N/A,14:10,Yielding To Soft,2m 4f,Baltic Bird,R. J. Condon,5,William Durkan,5th,1 3/4 l,4,11-2h,-,True,81,49
N/A,N/A,14:10,Yielding To Soft,2m 4f,Pink In The Park (IRE),B. Hayes,0,W. P. Mullins,4th,4 l,6,11-3,-,True,81,49
N/A,N/A,14:10,Yielding To Soft,2m 4f,Reverend Hubert (IRE),Phillip Enright,0,Charles Byrnes,3rd,Neck,5,11-5,-,True,81,49
N/A,N/A,14:10,Yielding To Soft,2m 4f,Sequestered (IRE),Jack G. Gilligan,7,Paul John Gilligan,2nd,5 1/2 l,5,11-5,-,True,81,49
N/A,N/A,14:10,Yielding To Soft,2m 4f,High Class Hero,P. Townend,0,W. P. Mullins,1st,N/A,6,11-5,-,True,81,49
N/A,N/A,14:10,Yielding To Soft,2m 4f,What Path (FR),D. E. Mullins,0,W. P. Mullins,6th,1 1/4 l,6,11-10,-,True,81,49
N/A,N/A,14:10,Yielding To Soft,2m 4f,Baltic Bird,R. J. Condon,5,William Durkan,5th,1 3/4 l,4,11-2h,-,True,81,49
N/A,N/A,14:10,Yielding To Soft,2m 4f,Pink In The Park (IRE),B. Hayes,0,W. P. Mullins,4th,4 l,6,11-3,-,True,81,49
N/A,N/A,14:10,Yielding To Soft,2m 4f,Reverend Hubert (IRE),Phillip Enright,0,Charles Byrnes,3rd,Neck,5,11-5,-,True,81,49
N/A,N/A,14:10,Yielding To Soft,2m 4f,Sequestered (IRE),Jack G. Gilligan,7,Paul John Gilligan,2nd,5 1/2 l,5,11-5,-,True,81,49
N/A,N/A,14:10,Yielding To Soft,2m 4f,High Class Hero,P. Townend,0,W. P. Mullins,1st,N/A,6,11-5,-,True,81,49
N/A,N/A,14:45,Yielding To Soft,2m 4f,Sams Profile,Phillip Enright,0,M. F. Morris,PU,N/A,9,11-10,135,True,81,50
N/A,N/A,14:45,Yielding To Soft,2m 4f,Skippin Court (IRE),K. C. Sexton,0,Peter Fahey,PU,N/A,6,10-8,119,True,81,50
N/A,N/A,14:45,Yielding To Soft,2m 4f,Low Lie The Fields (IRE),Rachael Blackmore,0,Henry de Bromhead,11th,23 l,9,10-0t,111,True,81,50
N/A,N/A,14:45,Yielding To Soft,2m 4f,Hartur D'arc (FR),D. J. O'Keeffe,0,T. Gibney,10th,5 1/2 l,6,10-5t,116,True,81,50
N/A,N/A,14:45,Yielding To Soft,2m 4f,Cerberus,C. G. O'Dwyer,5,Augustine Leahy,9th,2 l,7,10-9p,120,True,81,50
N/A,N/A,14:45,Yielding To Soft,2m 4f,Marelly (IRE),Richard Deegan,0,Eoin Christopher McCarthy,8th,Neck,6,10-6,117,True,81,50
N/A,N/A,14:45,Yielding To Soft,2m 4f,Garrybello (FR),M. J. M. O'Sullivan,0,Thomas Cooper,7th,1 l,5,10-12t,123,True,81,50
N/A,N/A,14:45,Yielding To Soft,2m 4f,The Little Yank (IRE),Liam Quinlan,5,John Patrick Ryan,6th,1/2 l,8,10-9,120,True,81,50
N/A,N/A,14:45,Yielding To Soft,2m 4f,Sequoiaspirit (IRE),Kieran Callaghan,5,Ray Hackett,5th,3/4 l,6,10-3,114,True,81,50
N/A,N/A,14:45,Yielding To Soft,2m 4f,The Four Sixes (IRE),C. P. Millar,7,Gordon Elliott,4th,4 l,5,10-6,117,True,81,50
N/A,N/A,14:45,Yielding To Soft,2m 4f,Buddy One (IRE),Jack G. Gilligan,7,Paul John Gilligan,3rd,3/4 l,6,11-12t1,137,True,81,50
N/A,N/A,14:45,Yielding To Soft,2m 4f,Bugs Moran (IRE),J. W. Kennedy,0,Noel Meade,2nd,3/4 l,6,11-5,130,True,81,50
N/A,N/A,14:45,Yielding To Soft,2m 4f,Gold Speed (FR),Sean Flanagan,0,Adrian Murray,1st,N/A,10,10-7h,118,True,81,50
N/A,N/A,14:45,Yielding To Soft,2m 4f,Sams Profile,Phillip Enright,0,M. F. Morris,PU,N/A,9,11-10,135,True,81,50
N/A,N/A,14:45,Yielding To Soft,2m 4f,Skippin Court (IRE),K. C. Sexton,0,Peter Fahey,PU,N/A,6,10-8,119,True,81,50
N/A,N/A,14:45,Yielding To Soft,2m 4f,Low Lie The Fields (IRE),Rachael Blackmore,0,Henry de Bromhead,11th,23 l,9,10-0t,111,True,81,50
N/A,N/A,14:45,Yielding To Soft,2m 4f,Hartur D'arc (FR),D. J. O'Keeffe,0,T. Gibney,10th,5 1/2 l,6,10-5t,116,True,81,50
N/A,N/A,14:45,Yielding To Soft,2m 4f,Cerberus,C. G. O'Dwyer,5,Augustine Leahy,9th,2 l,7,10-9p,120,True,81,50
N/A,N/A,14:45,Yielding To Soft,2m 4f,Marelly (IRE),Richard Deegan,0,Eoin Christopher McCarthy,8th,Neck,6,10-6,117,True,81,50
N/A,N/A,14:45,Yielding To Soft,2m 4f,Garrybello (FR),M. J. M. O'Sullivan,0,Thomas Cooper,7th,1 l,5,10-12t,123,True,81,50
N/A,N/A,14:45,Yielding To Soft,2m 4f,The Little Yank (IRE),Liam Quinlan,5,John Patrick Ryan,6th,1/2 l,8,10-9,120,True,81,50
N/A,N/A,14:45,Yielding To Soft,2m 4f,Sequoiaspirit (IRE),Kieran Callaghan,5,Ray Hackett,5th,3/4 l,6,10-3,114,True,81,50
N/A,N/A,14:45,Yielding To Soft,2m 4f,The Four Sixes (IRE),C. P. Millar,7,Gordon Elliott,4th,4 l,5,10-6,117,True,81,50
N/A,N/A,14:45,Yielding To Soft,2m 4f,Buddy One (IRE),Jack G. Gilligan,7,Paul John Gilligan,3rd,3/4 l,6,11-12t1,137,True,81,50
N/A,N/A,14:45,Yielding To Soft,2m 4f,Bugs Moran (IRE),J. W. Kennedy,0,Noel Meade,2nd,3/4 l,6,11-5,130,True,81,50
N/A,N/A,14:45,Yielding To Soft,2m 4f,Gold Speed (FR),Sean Flanagan,0,Adrian Murray,1st,N/A,10,10-7h,118,True,81,50
