track_name,race_date,race_time,going,distance,horse_name,jockey,claims,trainer,race_position,lost_by_length,age,weight,rating,first_place_found,batch_number,url_index_in_batch
Downpatrick Racing Results | 10th May 2024 18:45,N/A,18:45,Good (Good To Firm In Places),2m 1f 160y,Get Down To It (IRE),D J O'Keeffe,0,T Gibney,NR,N/A,5,10-13h1,94,True,113,1
Downpatrick Racing Results | 10th May 2024 18:45,N/A,18:45,Good (Good To Firm In Places),2m 1f 160y,Whotookthebiscuit (IRE),Rachael Blackmore,0,H De Bromhead,NR,N/A,6,11-8t,103,True,113,1
Downpatrick Racing Results | 10th May 2024 18:45,N/A,18:45,Good (Good To Firm In Places),2m 1f 160y,Mayos Vendangeur (IRE),S D Torrens,0,P J Rothwell,S,N/A,5,10-8,89,True,113,1
Downpatrick Racing Results | 10th May 2024 18:45,N/A,18:45,Good (Good To Firm In Places),2m 1f 160y,Rossies Tara,P T Enright,0,M M McNiff,10th,3 3/4 l,8,10-0t,81,True,113,1
Downpatrick Racing Results | 10th May 2024 18:45,N/A,18:45,Good (Good To Firm In Places),2m 1f 160y,Yolande Court (IRE),D King,0,G A Kingston,9th,21 l,7,10-4,85,True,113,1
Downpatrick Racing Results | 10th May 2024 18:45,N/A,18:45,Good (Good To Firm In Places),2m 1f 160y,Magic Olinger (IRE),R A Doyle,0,G Keane,8th,3 1/4 l,6,11-3,98,True,113,1
Downpatrick Racing Results | 10th May 2024 18:45,N/A,18:45,Good (Good To Firm In Places),2m 1f 160y,Inatosha (IRE),J Coen,5,A McCann,7th,21 l,5,10-2,83,True,113,1
Downpatrick Racing Results | 10th May 2024 18:45,N/A,18:45,Good (Good To Firm In Places),2m 1f 160y,Doctor Nightingale (IRE),D J Gilligan,3,G Elliott,6th,2 3/4 l,4,11-12,113,True,113,1
Downpatrick Racing Results | 10th May 2024 18:45,N/A,18:45,Good (Good To Firm In Places),2m 1f 160y,Mullins Cross (IRE),J C Gainford,0,J J Hanlon,5th,1/2 l,8,10-4b,85,True,113,1
Downpatrick Racing Results | 10th May 2024 18:45,N/A,18:45,Good (Good To Firm In Places),2m 1f 160y,Grace Faraday (IRE),J P O'Sullivan,0,A McCann,4th,4 1/4 l,6,10-10,91,True,113,1
Downpatrick Racing Results | 10th May 2024 18:45,N/A,18:45,Good (Good To Firm In Places),2m 1f 160y,Hidden Land (USA),Mr J C Barry,3,A Kinirons,3rd,6 l,7,12-0h,109,True,113,1
Downpatrick Racing Results | 10th May 2024 18:45,N/A,18:45,Good (Good To Firm In Places),2m 1f 160y,Not May (IRE),J P Shinnick,7,H P Finegan,2nd,1/2 l,10,10-2tp1,83,True,113,1
Downpatrick Racing Results | 10th May 2024 18:45,N/A,18:45,Good (Good To Firm In Places),2m 1f 160y,Redwood Queen (IRE),P Byrnes,3,C Byrnes,1st,N/A,7,11-2,97,True,113,1
Downpatrick Racing Results | 10th May 2024 18:45,N/A,18:45,Good (Good To Firm In Places),2m 1f 160y,Get Down To It (IRE),D J O'Keeffe,0,T Gibney,NR,N/A,5,10-13h1,94,True,113,1
Downpatrick Racing Results | 10th May 2024 18:45,N/A,18:45,Good (Good To Firm In Places),2m 1f 160y,Whotookthebiscuit (IRE),Rachael Blackmore,0,H De Bromhead,NR,N/A,6,11-8t,103,True,113,1
Downpatrick Racing Results | 10th May 2024 18:45,N/A,18:45,Good (Good To Firm In Places),2m 1f 160y,Mayos Vendangeur (IRE),S D Torrens,0,P J Rothwell,S,N/A,5,10-8,89,True,113,1
Downpatrick Racing Results | 10th May 2024 18:45,N/A,18:45,Good (Good To Firm In Places),2m 1f 160y,Rossies Tara,P T Enright,0,M M McNiff,10th,3 3/4 l,8,10-0t,81,True,113,1
Downpatrick Racing Results | 10th May 2024 18:45,N/A,18:45,Good (Good To Firm In Places),2m 1f 160y,Yolande Court (IRE),D King,0,G A Kingston,9th,21 l,7,10-4,85,True,113,1
Downpatrick Racing Results | 10th May 2024 18:45,N/A,18:45,Good (Good To Firm In Places),2m 1f 160y,Magic Olinger (IRE),R A Doyle,0,G Keane,8th,3 1/4 l,6,11-3,98,True,113,1
Downpatrick Racing Results | 10th May 2024 18:45,N/A,18:45,Good (Good To Firm In Places),2m 1f 160y,Inatosha (IRE),J Coen,5,A McCann,7th,21 l,5,10-2,83,True,113,1
Downpatrick Racing Results | 10th May 2024 18:45,N/A,18:45,Good (Good To Firm In Places),2m 1f 160y,Doctor Nightingale (IRE),D J Gilligan,3,G Elliott,6th,2 3/4 l,4,11-12,113,True,113,1
Downpatrick Racing Results | 10th May 2024 18:45,N/A,18:45,Good (Good To Firm In Places),2m 1f 160y,Mullins Cross (IRE),J C Gainford,0,J J Hanlon,5th,1/2 l,8,10-4b,85,True,113,1
Downpatrick Racing Results | 10th May 2024 18:45,N/A,18:45,Good (Good To Firm In Places),2m 1f 160y,Grace Faraday (IRE),J P O'Sullivan,0,A McCann,4th,4 1/4 l,6,10-10,91,True,113,1
Downpatrick Racing Results | 10th May 2024 18:45,N/A,18:45,Good (Good To Firm In Places),2m 1f 160y,Hidden Land (USA),Mr J C Barry,3,A Kinirons,3rd,6 l,7,12-0h,109,True,113,1
Downpatrick Racing Results | 10th May 2024 18:45,N/A,18:45,Good (Good To Firm In Places),2m 1f 160y,Not May (IRE),J P Shinnick,7,H P Finegan,2nd,1/2 l,10,10-2tp1,83,True,113,1
Downpatrick Racing Results | 10th May 2024 18:45,N/A,18:45,Good (Good To Firm In Places),2m 1f 160y,Redwood Queen (IRE),P Byrnes,3,C Byrnes,1st,N/A,7,11-2,97,True,113,1
Downpatrick Racing Results | 10th May 2024 19:20,N/A,19:20,Good (Good To Firm In Places),2m 3f 100y,Coastguard Lady (IRE),J P O'Sullivan,0,P J Rothwell,NR,N/A,6,11-4tp,85,True,113,2
Downpatrick Racing Results | 10th May 2024 19:20,N/A,19:20,Good (Good To Firm In Places),2m 3f 100y,Kate Ill Know (IRE),S Fitzgerald,0,D Budds,NR,N/A,11,10-13t,80,True,113,2
Downpatrick Racing Results | 10th May 2024 19:20,N/A,19:20,Good (Good To Firm In Places),2m 3f 100y,Junot (IRE),D J O'Keeffe,0,M Winters,NR,N/A,5,11-11tp,92,True,113,2
Downpatrick Racing Results | 10th May 2024 19:20,N/A,19:20,Good (Good To Firm In Places),2m 3f 100y,Katzoff (IRE),T P Harney,7,J Morrison,PU,N/A,7,10-12,79,True,113,2
Downpatrick Racing Results | 10th May 2024 19:20,N/A,19:20,Good (Good To Firm In Places),2m 3f 100y,Seasett,Shane Fenelon,7,J J Hanlon,PU,N/A,6,12-0p,95,True,113,2
Downpatrick Racing Results | 10th May 2024 19:20,N/A,19:20,Good (Good To Firm In Places),2m 3f 100y,Ivar The Boneless (IRE),D Meyler,0,R K Watson,7th,13 l,6,11-11ht,92,True,113,2
Downpatrick Racing Results | 10th May 2024 19:20,N/A,19:20,Good (Good To Firm In Places),2m 3f 100y,Flashthelights (IRE),S D Torrens,0,N C Kelly,6th,9 1/2 l,8,11-0tp,81,True,113,2
Downpatrick Racing Results | 10th May 2024 19:20,N/A,19:20,Good (Good To Firm In Places),2m 3f 100y,Ciankyle (IRE),S W Flanagan,0,P Cluskey,5th,1 3/4 l,13,11-0,81,True,113,2
Downpatrick Racing Results | 10th May 2024 19:20,N/A,19:20,Good (Good To Firm In Places),2m 3f 100y,Always Giving (IRE),Mr J W Hendrick,7,Tom Dreaper,4th,16 l,6,11-2,83,True,113,2
Downpatrick Racing Results | 10th May 2024 19:20,N/A,19:20,Good (Good To Firm In Places),2m 3f 100y,Erigmoor,D J Gilligan,3,G Elliott,3rd,3/4 l,6,11-12,93,True,113,2
Downpatrick Racing Results | 10th May 2024 19:20,N/A,19:20,Good (Good To Firm In Places),2m 3f 100y,One And Only (IRE),P T Enright,0,O McKiernan,2nd,1/2 l,6,11-7t,88,True,113,2
Downpatrick Racing Results | 10th May 2024 19:20,N/A,19:20,Good (Good To Firm In Places),2m 3f 100y,O'Faolains Glory (IRE),K M Donoghue,0,Ian Donoghue,1st,N/A,7,11-11p,92,True,113,2
Downpatrick Racing Results | 10th May 2024 19:20,N/A,19:20,Good (Good To Firm In Places),2m 3f 100y,Coastguard Lady (IRE),J P O'Sullivan,0,P J Rothwell,NR,N/A,6,11-4tp,85,True,113,2
Downpatrick Racing Results | 10th May 2024 19:20,N/A,19:20,Good (Good To Firm In Places),2m 3f 100y,Kate Ill Know (IRE),S Fitzgerald,0,D Budds,NR,N/A,11,10-13t,80,True,113,2
Downpatrick Racing Results | 10th May 2024 19:20,N/A,19:20,Good (Good To Firm In Places),2m 3f 100y,Junot (IRE),D J O'Keeffe,0,M Winters,NR,N/A,5,11-11tp,92,True,113,2
Downpatrick Racing Results | 10th May 2024 19:20,N/A,19:20,Good (Good To Firm In Places),2m 3f 100y,Katzoff (IRE),T P Harney,7,J Morrison,PU,N/A,7,10-12,79,True,113,2
Downpatrick Racing Results | 10th May 2024 19:20,N/A,19:20,Good (Good To Firm In Places),2m 3f 100y,Seasett,Shane Fenelon,7,J J Hanlon,PU,N/A,6,12-0p,95,True,113,2
Downpatrick Racing Results | 10th May 2024 19:20,N/A,19:20,Good (Good To Firm In Places),2m 3f 100y,Ivar The Boneless (IRE),D Meyler,0,R K Watson,7th,13 l,6,11-11ht,92,True,113,2
Downpatrick Racing Results | 10th May 2024 19:20,N/A,19:20,Good (Good To Firm In Places),2m 3f 100y,Flashthelights (IRE),S D Torrens,0,N C Kelly,6th,9 1/2 l,8,11-0tp,81,True,113,2
Downpatrick Racing Results | 10th May 2024 19:20,N/A,19:20,Good (Good To Firm In Places),2m 3f 100y,Ciankyle (IRE),S W Flanagan,0,P Cluskey,5th,1 3/4 l,13,11-0,81,True,113,2
Downpatrick Racing Results | 10th May 2024 19:20,N/A,19:20,Good (Good To Firm In Places),2m 3f 100y,Always Giving (IRE),Mr J W Hendrick,7,Tom Dreaper,4th,16 l,6,11-2,83,True,113,2
Downpatrick Racing Results | 10th May 2024 19:20,N/A,19:20,Good (Good To Firm In Places),2m 3f 100y,Erigmoor,D J Gilligan,3,G Elliott,3rd,3/4 l,6,11-12,93,True,113,2
Downpatrick Racing Results | 10th May 2024 19:20,N/A,19:20,Good (Good To Firm In Places),2m 3f 100y,One And Only (IRE),P T Enright,0,O McKiernan,2nd,1/2 l,6,11-7t,88,True,113,2
Downpatrick Racing Results | 10th May 2024 19:20,N/A,19:20,Good (Good To Firm In Places),2m 3f 100y,O'Faolains Glory (IRE),K M Donoghue,0,Ian Donoghue,1st,N/A,7,11-11p,92,True,113,2
Downpatrick Racing Results | 10th May 2024 19:55,N/A,19:55,Good (Good To Firm In Places),2m 7f 150y,Amaulino (FR),D Meyler,0,R K Watson,NR,N/A,11,11-12tp,100,True,113,3
Downpatrick Racing Results | 10th May 2024 19:55,N/A,19:55,Good (Good To Firm In Places),2m 7f 150y,Nuttorridge (IRE),P T Enright,0,M M McNiff,NR,N/A,9,11-2tb,90,True,113,3
Downpatrick Racing Results | 10th May 2024 19:55,N/A,19:55,Good (Good To Firm In Places),2m 7f 150y,Agirlcalledchloe (IRE),Non Runner,0,P J Rothwell,NR,N/A,7,10-2p,76,True,113,3
Downpatrick Racing Results | 10th May 2024 19:55,N/A,19:55,Good (Good To Firm In Places),2m 7f 150y,Ardaghs Choice (IRE),C P Millar,7,E Sheehy,PU,N/A,9,11-10b,98,True,113,3
Downpatrick Racing Results | 10th May 2024 19:55,N/A,19:55,Good (Good To Firm In Places),2m 7f 150y,Ocean Legacy (IRE),J J Slevin,0,D A McLoughlin,F,N/A,7,11-0,88,True,113,3
Downpatrick Racing Results | 10th May 2024 19:55,N/A,19:55,Good (Good To Firm In Places),2m 7f 150y,Fox Fearless,J I Duggan,7,O McKiernan,10th,6 1/2 l,8,11-7,95,True,113,3
Downpatrick Racing Results | 10th May 2024 19:55,N/A,19:55,Good (Good To Firm In Places),2m 7f 150y,Faith Loving (FR),R Deegan,0,Caroline Mccaldin,9th,3 1/4 l,9,11-7p1,95,True,113,3
Downpatrick Racing Results | 10th May 2024 19:55,N/A,19:55,Good (Good To Firm In Places),2m 7f 150y,Keep Me Posted (IRE),Miss L Costello,7,T Costello,8th,2 l,7,11-1t,89,True,113,3
Downpatrick Racing Results | 10th May 2024 19:55,N/A,19:55,Good (Good To Firm In Places),2m 7f 150y,Townhill Penny (IRE),J C Gainford,0,G Elliott,7th,22 l,8,11-7p,95,True,113,3
Downpatrick Racing Results | 10th May 2024 19:55,N/A,19:55,Good (Good To Firm In Places),2m 7f 150y,Gladiatorial (IRE),Mr O McGill,7,N C Kelly,6th,1 1/2 l,9,12-0t,102,True,113,3
Downpatrick Racing Results | 10th May 2024 19:55,N/A,19:55,Good (Good To Firm In Places),2m 7f 150y,Tangental (IRE),B Hayes,0,Colm Murphy,5th,11 l,8,10-11,85,True,113,3
Downpatrick Racing Results | 10th May 2024 19:55,N/A,19:55,Good (Good To Firm In Places),2m 7f 150y,Ocodango Boy (IRE),G Brouder,5,P McCreery,4th,Nose,7,10-6p,80,True,113,3
Downpatrick Racing Results | 10th May 2024 19:55,N/A,19:55,Good (Good To Firm In Places),2m 7f 150y,Lady Kate (IRE),L Quinlan,5,R Hackett,3rd,3 3/4 l,7,11-11,99,True,113,3
Downpatrick Racing Results | 10th May 2024 19:55,N/A,19:55,Good (Good To Firm In Places),2m 7f 150y,Welsh Saint (FR),S W Flanagan,0,C A McBratney,2nd,1 1/4 l,10,11-13,101,True,113,3
Downpatrick Racing Results | 10th May 2024 19:55,N/A,19:55,Good (Good To Firm In Places),2m 7f 150y,Jump The Shark (IRE),K M Donoghue,0,G P Cromwell,1st,N/A,6,11-8,96,True,113,3
Downpatrick Racing Results | 10th May 2024 19:55,N/A,19:55,Good (Good To Firm In Places),2m 7f 150y,Amaulino (FR),D Meyler,0,R K Watson,NR,N/A,11,11-12tp,100,True,113,3
Downpatrick Racing Results | 10th May 2024 19:55,N/A,19:55,Good (Good To Firm In Places),2m 7f 150y,Nuttorridge (IRE),P T Enright,0,M M McNiff,NR,N/A,9,11-2tb,90,True,113,3
Downpatrick Racing Results | 10th May 2024 19:55,N/A,19:55,Good (Good To Firm In Places),2m 7f 150y,Agirlcalledchloe (IRE),Non Runner,0,P J Rothwell,NR,N/A,7,10-2p,76,True,113,3
Downpatrick Racing Results | 10th May 2024 19:55,N/A,19:55,Good (Good To Firm In Places),2m 7f 150y,Ardaghs Choice (IRE),C P Millar,7,E Sheehy,PU,N/A,9,11-10b,98,True,113,3
Downpatrick Racing Results | 10th May 2024 19:55,N/A,19:55,Good (Good To Firm In Places),2m 7f 150y,Ocean Legacy (IRE),J J Slevin,0,D A McLoughlin,F,N/A,7,11-0,88,True,113,3
Downpatrick Racing Results | 10th May 2024 19:55,N/A,19:55,Good (Good To Firm In Places),2m 7f 150y,Fox Fearless,J I Duggan,7,O McKiernan,10th,6 1/2 l,8,11-7,95,True,113,3
Downpatrick Racing Results | 10th May 2024 19:55,N/A,19:55,Good (Good To Firm In Places),2m 7f 150y,Faith Loving (FR),R Deegan,0,Caroline Mccaldin,9th,3 1/4 l,9,11-7p1,95,True,113,3
Downpatrick Racing Results | 10th May 2024 19:55,N/A,19:55,Good (Good To Firm In Places),2m 7f 150y,Keep Me Posted (IRE),Miss L Costello,7,T Costello,8th,2 l,7,11-1t,89,True,113,3
Downpatrick Racing Results | 10th May 2024 19:55,N/A,19:55,Good (Good To Firm In Places),2m 7f 150y,Townhill Penny (IRE),J C Gainford,0,G Elliott,7th,22 l,8,11-7p,95,True,113,3
Downpatrick Racing Results | 10th May 2024 19:55,N/A,19:55,Good (Good To Firm In Places),2m 7f 150y,Gladiatorial (IRE),Mr O McGill,7,N C Kelly,6th,1 1/2 l,9,12-0t,102,True,113,3
Downpatrick Racing Results | 10th May 2024 19:55,N/A,19:55,Good (Good To Firm In Places),2m 7f 150y,Tangental (IRE),B Hayes,0,Colm Murphy,5th,11 l,8,10-11,85,True,113,3
Downpatrick Racing Results | 10th May 2024 19:55,N/A,19:55,Good (Good To Firm In Places),2m 7f 150y,Ocodango Boy (IRE),G Brouder,5,P McCreery,4th,Nose,7,10-6p,80,True,113,3
Downpatrick Racing Results | 10th May 2024 19:55,N/A,19:55,Good (Good To Firm In Places),2m 7f 150y,Lady Kate (IRE),L Quinlan,5,R Hackett,3rd,3 3/4 l,7,11-11,99,True,113,3
Downpatrick Racing Results | 10th May 2024 19:55,N/A,19:55,Good (Good To Firm In Places),2m 7f 150y,Welsh Saint (FR),S W Flanagan,0,C A McBratney,2nd,1 1/4 l,10,11-13,101,True,113,3
Downpatrick Racing Results | 10th May 2024 19:55,N/A,19:55,Good (Good To Firm In Places),2m 7f 150y,Jump The Shark (IRE),K M Donoghue,0,G P Cromwell,1st,N/A,6,11-8,96,True,113,3
Downpatrick Racing Results | 10th May 2024 20:30,N/A,20:30,Good (Good To Firm In Places),2m 1f 160y,Ocean Brew (IRE),Mr H C Swan,3,G Elliott,NR,N/A,5,11-11,-,True,113,4
Downpatrick Racing Results | 10th May 2024 20:30,N/A,20:30,Good (Good To Firm In Places),2m 1f 160y,Wild Mandate (IRE),Mr J C Barry,3,M M McNiff,NR,N/A,5,11-11,-,True,113,4
Downpatrick Racing Results | 10th May 2024 20:30,N/A,20:30,Good (Good To Firm In Places),2m 1f 160y,Molly Molone (IRE),Miss A B O'Connor,3,A McCann,8th,41 l,5,11-11,-,True,113,4
Downpatrick Racing Results | 10th May 2024 20:30,N/A,20:30,Good (Good To Firm In Places),2m 1f 160y,Road To Mallow (IRE),Mr S Connor,7,S R B Crawford,7th,18 l,5,11-11,-,True,113,4
Downpatrick Racing Results | 10th May 2024 20:30,N/A,20:30,Good (Good To Firm In Places),2m 1f 160y,Dontcall (IRE),Miss P Elvin,7,P J Rothwell,6th,1 3/4 l,6,11-11,-,True,113,4
Downpatrick Racing Results | 10th May 2024 20:30,N/A,20:30,Good (Good To Firm In Places),2m 1f 160y,Mrs Wemyss (IRE),Miss C Butler,7,E Sheehy,5th,8 1/2 l,6,11-11,-,True,113,4
Downpatrick Racing Results | 10th May 2024 20:30,N/A,20:30,Good (Good To Firm In Places),2m 1f 160y,Vroomvroomboo (IRE),Miss H Heffernan,7,James Andrew Fahey,4th,6 l,6,11-11,-,True,113,4
Downpatrick Racing Results | 10th May 2024 20:30,N/A,20:30,Good (Good To Firm In Places),2m 1f 160y,Katie's Casper (IRE),Mr D McGill,7,D A McLoughlin,3rd,6 1/2 l,5,11-11t1,-,True,113,4
Downpatrick Racing Results | 10th May 2024 20:30,N/A,20:30,Good (Good To Firm In Places),2m 1f 160y,Ellen Kelly (IRE),Miss J Townend,0,W P Mullins,2nd,2 1/2 l,5,11-11,-,True,113,4
Downpatrick Racing Results | 10th May 2024 20:30,N/A,20:30,Good (Good To Firm In Places),2m 1f 160y,Sansrisk (FR),Mr F Maguire,0,J P Dempsey,1st,N/A,5,11-11p1,-,True,113,4
Downpatrick Racing Results | 10th May 2024 20:30,N/A,20:30,Good (Good To Firm In Places),2m 1f 160y,Ocean Brew (IRE),Mr H C Swan,3,G Elliott,NR,N/A,5,11-11,-,True,113,4
Downpatrick Racing Results | 10th May 2024 20:30,N/A,20:30,Good (Good To Firm In Places),2m 1f 160y,Wild Mandate (IRE),Mr J C Barry,3,M M McNiff,NR,N/A,5,11-11,-,True,113,4
Downpatrick Racing Results | 10th May 2024 20:30,N/A,20:30,Good (Good To Firm In Places),2m 1f 160y,Molly Molone (IRE),Miss A B O'Connor,3,A McCann,8th,41 l,5,11-11,-,True,113,4
Downpatrick Racing Results | 10th May 2024 20:30,N/A,20:30,Good (Good To Firm In Places),2m 1f 160y,Road To Mallow (IRE),Mr S Connor,7,S R B Crawford,7th,18 l,5,11-11,-,True,113,4
Downpatrick Racing Results | 10th May 2024 20:30,N/A,20:30,Good (Good To Firm In Places),2m 1f 160y,Dontcall (IRE),Miss P Elvin,7,P J Rothwell,6th,1 3/4 l,6,11-11,-,True,113,4
Downpatrick Racing Results | 10th May 2024 20:30,N/A,20:30,Good (Good To Firm In Places),2m 1f 160y,Mrs Wemyss (IRE),Miss C Butler,7,E Sheehy,5th,8 1/2 l,6,11-11,-,True,113,4
Downpatrick Racing Results | 10th May 2024 20:30,N/A,20:30,Good (Good To Firm In Places),2m 1f 160y,Vroomvroomboo (IRE),Miss H Heffernan,7,James Andrew Fahey,4th,6 l,6,11-11,-,True,113,4
Downpatrick Racing Results | 10th May 2024 20:30,N/A,20:30,Good (Good To Firm In Places),2m 1f 160y,Katie's Casper (IRE),Mr D McGill,7,D A McLoughlin,3rd,6 1/2 l,5,11-11t1,-,True,113,4
Downpatrick Racing Results | 10th May 2024 20:30,N/A,20:30,Good (Good To Firm In Places),2m 1f 160y,Ellen Kelly (IRE),Miss J Townend,0,W P Mullins,2nd,2 1/2 l,5,11-11,-,True,113,4
Downpatrick Racing Results | 10th May 2024 20:30,N/A,20:30,Good (Good To Firm In Places),2m 1f 160y,Sansrisk (FR),Mr F Maguire,0,J P Dempsey,1st,N/A,5,11-11p1,-,True,113,4
Naas Racing Results | 11th May 2024 13:25,N/A,13:25,Good,5f,Celtic Chieftain (IRE),W M Lordan,0,A P O'Brien,NR,N/A,2,9-7,-,True,113,5
Naas Racing Results | 11th May 2024 13:25,N/A,13:25,Good,5f,El Fontenaro (IRE),L F Roche,0,J P Fahey,NR,N/A,2,9-2,-,True,113,5
Naas Racing Results | 11th May 2024 13:25,N/A,13:25,Good,5f,Your Cheaten Heart (IRE),R C Colgan,0,L Comer,10th,1/2 l,2,9-2,-,True,113,5
Naas Racing Results | 11th May 2024 13:25,N/A,13:25,Good,5f,Clever And Classy (IRE),A J Slattery,0,J S Bolger,9th,4 l,2,9-2,-,True,113,5
Naas Racing Results | 11th May 2024 13:25,N/A,13:25,Good,5f,Eclairage (IRE),S Foley,0,Daniel Murphy,8th,1 1/2 l,2,9-2,-,True,113,5
Naas Racing Results | 11th May 2024 13:25,N/A,13:25,Good,5f,Keithal (IRE),R P Whelan,0,K P Cotter,7th,Head,2,9-2,-,True,113,5
Naas Racing Results | 11th May 2024 13:25,N/A,13:25,Good,5f,Withoutfurtherado (IRE),J J G Ryan,5,Miss Jennifer Anne Lynch,6th,3/4 l,2,9-7,-,True,113,5
Naas Racing Results | 11th May 2024 13:25,N/A,13:25,Good,5f,Weegeebear (IRE),G F Carroll,0,G M Lyons,5th,2 1/4 l,2,9-7,-,True,113,5
Naas Racing Results | 11th May 2024 13:25,N/A,13:25,Good,5f,Flamengo's Queen (IRE),J Cleary,7,A Murray,4th,Neck,2,9-2,-,True,113,5
Naas Racing Results | 11th May 2024 13:25,N/A,13:25,Good,5f,Hugo's Girl (IRE),O McSweeney,3,Thomas Dowling,3rd,2 1/4 l,2,9-2,-,True,113,5
Naas Racing Results | 11th May 2024 13:25,N/A,13:25,Good,5f,Tommy McJohn (IRE),C T Keane,0,M O'Callaghan,2nd,3 1/4 l,2,9-7,-,True,113,5
Naas Racing Results | 11th May 2024 13:25,N/A,13:25,Good,5f,Make Haste,G M Ryan,0,D Dias,1st,N/A,2,9-2t1,-,True,113,5
Naas Racing Results | 11th May 2024 13:25,N/A,13:25,Good,5f,Celtic Chieftain (IRE),W M Lordan,0,A P O'Brien,NR,N/A,2,9-7,-,True,113,5
Naas Racing Results | 11th May 2024 13:25,N/A,13:25,Good,5f,El Fontenaro (IRE),L F Roche,0,J P Fahey,NR,N/A,2,9-2,-,True,113,5
Naas Racing Results | 11th May 2024 13:25,N/A,13:25,Good,5f,Your Cheaten Heart (IRE),R C Colgan,0,L Comer,10th,1/2 l,2,9-2,-,True,113,5
Naas Racing Results | 11th May 2024 13:25,N/A,13:25,Good,5f,Clever And Classy (IRE),A J Slattery,0,J S Bolger,9th,4 l,2,9-2,-,True,113,5
Naas Racing Results | 11th May 2024 13:25,N/A,13:25,Good,5f,Eclairage (IRE),S Foley,0,Daniel Murphy,8th,1 1/2 l,2,9-2,-,True,113,5
Naas Racing Results | 11th May 2024 13:25,N/A,13:25,Good,5f,Keithal (IRE),R P Whelan,0,K P Cotter,7th,Head,2,9-2,-,True,113,5
Naas Racing Results | 11th May 2024 13:25,N/A,13:25,Good,5f,Withoutfurtherado (IRE),J J G Ryan,5,Miss Jennifer Anne Lynch,6th,3/4 l,2,9-7,-,True,113,5
Naas Racing Results | 11th May 2024 13:25,N/A,13:25,Good,5f,Weegeebear (IRE),G F Carroll,0,G M Lyons,5th,2 1/4 l,2,9-7,-,True,113,5
Naas Racing Results | 11th May 2024 13:25,N/A,13:25,Good,5f,Flamengo's Queen (IRE),J Cleary,7,A Murray,4th,Neck,2,9-2,-,True,113,5
Naas Racing Results | 11th May 2024 13:25,N/A,13:25,Good,5f,Hugo's Girl (IRE),O McSweeney,3,Thomas Dowling,3rd,2 1/4 l,2,9-2,-,True,113,5
Naas Racing Results | 11th May 2024 13:25,N/A,13:25,Good,5f,Tommy McJohn (IRE),C T Keane,0,M O'Callaghan,2nd,3 1/4 l,2,9-7,-,True,113,5
Naas Racing Results | 11th May 2024 13:25,N/A,13:25,Good,5f,Make Haste,G M Ryan,0,D Dias,1st,N/A,2,9-2t1,-,True,113,5
Naas Racing Results | 11th May 2024 14:00,N/A,14:00,Good,5f,Imperial Khan (IRE),A C Persse,7,Liam G O'brien,13th,3 3/4 l,5,8-7p,51,True,113,6
Naas Racing Results | 11th May 2024 14:00,N/A,14:00,Good,5f,Shoebox King (IRE),N M Crosse,0,Kevin Coleman,12th,Neck,5,8-12,57,True,113,6
Naas Racing Results | 11th May 2024 14:00,N/A,14:00,Good,5f,Inishmot Prince (IRE),J J G Ryan,5,T G McCourt,11th,1 l,6,10-2v,75,True,113,6
Naas Racing Results | 11th May 2024 14:00,N/A,14:00,Good,5f,Below Deck (IRE),M W Hassett,7,L Comer,10th,Nose,4,8-7p,51,True,113,6
Naas Racing Results | 11th May 2024 14:00,N/A,14:00,Good,5f,Senado Square,C Horgan,7,A Slattery,9th,Head,4,9-8,67,True,113,6
Naas Racing Results | 11th May 2024 14:00,N/A,14:00,Good,5f,Rumbled Again (IRE),J M Sheridan,0,D Hogan,8th,1 1/4 l,4,9-11b,70,True,113,6
Naas Racing Results | 11th May 2024 14:00,N/A,14:00,Good,5f,Jazzy Dancer (IRE),L T McAteer,0,W J Martin,7th,2 l,6,9-5v,64,True,113,6
Naas Racing Results | 11th May 2024 14:00,N/A,14:00,Good,5f,American In Paris (IRE),K G Kennedy,7,D Hogan,6th,Neck,4,8-7b,51,True,113,6
Naas Racing Results | 11th May 2024 14:00,N/A,14:00,Good,5f,Bold Optimist (IRE),O McSweeney,3,Daniel McLoughlin,5th,1/2 l,4,9-13p,72,True,113,6
Naas Racing Results | 11th May 2024 14:00,N/A,14:00,Good,5f,So Majestic (IRE),C D Hayes,0,Miss McGivern,4th,1 1/2 l,4,9-12ht,71,True,113,6
Naas Racing Results | 11th May 2024 14:00,N/A,14:00,Good,5f,Keke,W J Lee,0,E Lynam,3rd,Head,4,9-8t,67,True,113,6
Naas Racing Results | 11th May 2024 14:00,N/A,14:00,Good,5f,Reinforce (IRE),R P Whelan,0,Miss K Brown,2nd,3/4 l,4,8-8,53,True,113,6
Naas Racing Results | 11th May 2024 14:00,N/A,14:00,Good,5f,Mehman,S Foley,0,Gerard O'Leary,1st,N/A,5,10-2t,75,True,113,6
Naas Racing Results | 11th May 2024 14:00,N/A,14:00,Good,5f,Imperial Khan (IRE),A C Persse,7,Liam G O'brien,13th,3 3/4 l,5,8-7p,51,True,113,6
Naas Racing Results | 11th May 2024 14:00,N/A,14:00,Good,5f,Shoebox King (IRE),N M Crosse,0,Kevin Coleman,12th,Neck,5,8-12,57,True,113,6
Naas Racing Results | 11th May 2024 14:00,N/A,14:00,Good,5f,Inishmot Prince (IRE),J J G Ryan,5,T G McCourt,11th,1 l,6,10-2v,75,True,113,6
Naas Racing Results | 11th May 2024 14:00,N/A,14:00,Good,5f,Below Deck (IRE),M W Hassett,7,L Comer,10th,Nose,4,8-7p,51,True,113,6
Naas Racing Results | 11th May 2024 14:00,N/A,14:00,Good,5f,Senado Square,C Horgan,7,A Slattery,9th,Head,4,9-8,67,True,113,6
Naas Racing Results | 11th May 2024 14:00,N/A,14:00,Good,5f,Rumbled Again (IRE),J M Sheridan,0,D Hogan,8th,1 1/4 l,4,9-11b,70,True,113,6
Naas Racing Results | 11th May 2024 14:00,N/A,14:00,Good,5f,Jazzy Dancer (IRE),L T McAteer,0,W J Martin,7th,2 l,6,9-5v,64,True,113,6
Naas Racing Results | 11th May 2024 14:00,N/A,14:00,Good,5f,American In Paris (IRE),K G Kennedy,7,D Hogan,6th,Neck,4,8-7b,51,True,113,6
Naas Racing Results | 11th May 2024 14:00,N/A,14:00,Good,5f,Bold Optimist (IRE),O McSweeney,3,Daniel McLoughlin,5th,1/2 l,4,9-13p,72,True,113,6
Naas Racing Results | 11th May 2024 14:00,N/A,14:00,Good,5f,So Majestic (IRE),C D Hayes,0,Miss McGivern,4th,1 1/2 l,4,9-12ht,71,True,113,6
Naas Racing Results | 11th May 2024 14:00,N/A,14:00,Good,5f,Keke,W J Lee,0,E Lynam,3rd,Head,4,9-8t,67,True,113,6
Naas Racing Results | 11th May 2024 14:00,N/A,14:00,Good,5f,Reinforce (IRE),R P Whelan,0,Miss K Brown,2nd,3/4 l,4,8-8,53,True,113,6
Naas Racing Results | 11th May 2024 14:00,N/A,14:00,Good,5f,Mehman,S Foley,0,Gerard O'Leary,1st,N/A,5,10-2t,75,True,113,6
Naas Racing Results | 11th May 2024 14:35,N/A,14:35,Good,5f 205y,Hooz In Court (IRE),C D Hayes,0,E & P Harty,9th,3 3/4 l,2,9-2,-,True,113,7
Naas Racing Results | 11th May 2024 14:35,N/A,14:35,Good,5f 205y,Limit Off (IRE),W J Lee,0,A Murray,8th,1 1/4 l,2,9-7,-,True,113,7
Naas Racing Results | 11th May 2024 14:35,N/A,14:35,Good,5f 205y,Go On Green,L F Roche,0,J G Coogan,7th,1 1/4 l,2,9-7,-,True,113,7
Naas Racing Results | 11th May 2024 14:35,N/A,14:35,Good,5f 205y,No Straight Swaps (IRE),R P Whelan,0,John O'Donoghue,6th,1 3/4 l,2,9-2h1,-,True,113,7
Naas Racing Results | 11th May 2024 14:35,N/A,14:35,Good,5f 205y,Pompano Beach (IRE),D McMonagle,0,J P O'Brien,5th,1/2 l,2,9-2,-,True,113,7
Naas Racing Results | 11th May 2024 14:35,N/A,14:35,Good,5f 205y,Snapdragon (IRE),W M Lordan,0,A P O'Brien,4th,Neck,2,9-7,-,True,113,7
Naas Racing Results | 11th May 2024 14:35,N/A,14:35,Good,5f 205y,Twinkling Toes (IRE),N G McCullagh,0,Charles Weld,3rd,1/2 l,2,9-2,-,True,113,7
Naas Racing Results | 11th May 2024 14:35,N/A,14:35,Good,5f 205y,Gazelle D'or (IRE),D E Sheehy,0,M C Grassick,2nd,2 3/4 l,2,9-2,-,True,113,7
Naas Racing Results | 11th May 2024 14:35,N/A,14:35,Good,5f 205y,One Smack Mac (IRE),C T Keane,0,G M Lyons,1st,N/A,2,9-7,-,True,113,7
Naas Racing Results | 11th May 2024 14:35,N/A,14:35,Good,5f 205y,Hooz In Court (IRE),C D Hayes,0,E & P Harty,9th,3 3/4 l,2,9-2,-,True,113,7
Naas Racing Results | 11th May 2024 14:35,N/A,14:35,Good,5f 205y,Limit Off (IRE),W J Lee,0,A Murray,8th,1 1/4 l,2,9-7,-,True,113,7
Naas Racing Results | 11th May 2024 14:35,N/A,14:35,Good,5f 205y,Go On Green,L F Roche,0,J G Coogan,7th,1 1/4 l,2,9-7,-,True,113,7
Naas Racing Results | 11th May 2024 14:35,N/A,14:35,Good,5f 205y,No Straight Swaps (IRE),R P Whelan,0,John O'Donoghue,6th,1 3/4 l,2,9-2h1,-,True,113,7
Naas Racing Results | 11th May 2024 14:35,N/A,14:35,Good,5f 205y,Pompano Beach (IRE),D McMonagle,0,J P O'Brien,5th,1/2 l,2,9-2,-,True,113,7
Naas Racing Results | 11th May 2024 14:35,N/A,14:35,Good,5f 205y,Snapdragon (IRE),W M Lordan,0,A P O'Brien,4th,Neck,2,9-7,-,True,113,7
Naas Racing Results | 11th May 2024 14:35,N/A,14:35,Good,5f 205y,Twinkling Toes (IRE),N G McCullagh,0,Charles Weld,3rd,1/2 l,2,9-2,-,True,113,7
Naas Racing Results | 11th May 2024 14:35,N/A,14:35,Good,5f 205y,Gazelle D'or (IRE),D E Sheehy,0,M C Grassick,2nd,2 3/4 l,2,9-2,-,True,113,7
Naas Racing Results | 11th May 2024 14:35,N/A,14:35,Good,5f 205y,One Smack Mac (IRE),C T Keane,0,G M Lyons,1st,N/A,2,9-7,-,True,113,7
Naas Racing Results | 11th May 2024 15:05,N/A,15:05,Good,5f 205y,New Definition,K G Kennedy,7,R O'Brien,NR,N/A,4,10-7,92,True,113,8
Naas Racing Results | 11th May 2024 15:05,N/A,15:05,Good,5f 205y,Cash Or Crypto (IRE),L T McAteer,0,D Marnane,RR,N/A,4,9-8,79,True,113,8
Naas Racing Results | 11th May 2024 15:05,N/A,15:05,Good,5f 205y,Sporting Hero,J M Sheridan,0,D Hogan,13th,2 l,4,9-9,80,True,113,8
Naas Racing Results | 11th May 2024 15:05,N/A,15:05,Good,5f 205y,Only Spoofing (IRE),M P Sheehy,0,Kevin Coleman,12th,6 1/2 l,10,9-12,83,True,113,8
Naas Racing Results | 11th May 2024 15:05,N/A,15:05,Good,5f 205y,Mount Ruapehu (IRE),A J Slattery,0,A Slattery,11th,1 1/4 l,4,9-2t,73,True,113,8
Naas Racing Results | 11th May 2024 15:05,N/A,15:05,Good,5f 205y,Amanirenas (IRE),D E Sheehy,0,M C Grassick,10th,1 1/4 l,5,8-9,66,True,113,8
Naas Racing Results | 11th May 2024 15:05,N/A,15:05,Good,5f 205y,Musical Tribute,R Whearty,5,K H Clarke,9th,Head,4,9-8tp1,79,True,113,8
Naas Racing Results | 11th May 2024 15:05,N/A,15:05,Good,5f 205y,Blairmayne (IRE),W M Lordan,0,N Lupini,8th,1 l,11,9-7,78,True,113,8
Naas Racing Results | 11th May 2024 15:05,N/A,15:05,Good,5f 205y,Dream Today (IRE),C J MacRedmond,5,A McGuinness,7th,Neck,9,9-8tp,79,True,113,8
Naas Racing Results | 11th May 2024 15:05,N/A,15:05,Good,5f 205y,The Organiser,D W O'Connor,0,J F Levins,6th,1/2 l,5,9-11,82,True,113,8
Naas Racing Results | 11th May 2024 15:05,N/A,15:05,Good,5f 205y,Rough Diamond (IRE),B M Coen,0,E Lynam,5th,1/2 l,7,9-9tp1,80,True,113,8
Naas Racing Results | 11th May 2024 15:05,N/A,15:05,Good,5f 205y,Gordon Bennett (IRE),G F Carroll,0,R Brabazon,4th,Neck,6,9-8,79,True,113,8
Naas Racing Results | 11th May 2024 15:05,N/A,15:05,Good,5f 205y,Coumshingaun (IRE),D McMonagle,0,Kevin Coleman,3rd,1 1/2 l,5,9-5,76,True,113,8
Naas Racing Results | 11th May 2024 15:05,N/A,15:05,Good,5f 205y,Midnight Fire (IRE),C D Hayes,0,E & P Harty,2nd,3/4 l,7,8-12t,69,True,113,8
Naas Racing Results | 11th May 2024 15:05,N/A,15:05,Good,5f 205y,Dance Night Andday (IRE),C T Keane,0,R O'Sullivan,1st,N/A,4,9-12,83,True,113,8
Naas Racing Results | 11th May 2024 15:05,N/A,15:05,Good,5f 205y,New Definition,K G Kennedy,7,R O'Brien,NR,N/A,4,10-7,92,True,113,8
Naas Racing Results | 11th May 2024 15:05,N/A,15:05,Good,5f 205y,Cash Or Crypto (IRE),L T McAteer,0,D Marnane,RR,N/A,4,9-8,79,True,113,8
Naas Racing Results | 11th May 2024 15:05,N/A,15:05,Good,5f 205y,Sporting Hero,J M Sheridan,0,D Hogan,13th,2 l,4,9-9,80,True,113,8
Naas Racing Results | 11th May 2024 15:05,N/A,15:05,Good,5f 205y,Only Spoofing (IRE),M P Sheehy,0,Kevin Coleman,12th,6 1/2 l,10,9-12,83,True,113,8
Naas Racing Results | 11th May 2024 15:05,N/A,15:05,Good,5f 205y,Mount Ruapehu (IRE),A J Slattery,0,A Slattery,11th,1 1/4 l,4,9-2t,73,True,113,8
Naas Racing Results | 11th May 2024 15:05,N/A,15:05,Good,5f 205y,Amanirenas (IRE),D E Sheehy,0,M C Grassick,10th,1 1/4 l,5,8-9,66,True,113,8
Naas Racing Results | 11th May 2024 15:05,N/A,15:05,Good,5f 205y,Musical Tribute,R Whearty,5,K H Clarke,9th,Head,4,9-8tp1,79,True,113,8
Naas Racing Results | 11th May 2024 15:05,N/A,15:05,Good,5f 205y,Blairmayne (IRE),W M Lordan,0,N Lupini,8th,1 l,11,9-7,78,True,113,8
Naas Racing Results | 11th May 2024 15:05,N/A,15:05,Good,5f 205y,Dream Today (IRE),C J MacRedmond,5,A McGuinness,7th,Neck,9,9-8tp,79,True,113,8
Naas Racing Results | 11th May 2024 15:05,N/A,15:05,Good,5f 205y,The Organiser,D W O'Connor,0,J F Levins,6th,1/2 l,5,9-11,82,True,113,8
Naas Racing Results | 11th May 2024 15:05,N/A,15:05,Good,5f 205y,Rough Diamond (IRE),B M Coen,0,E Lynam,5th,1/2 l,7,9-9tp1,80,True,113,8
Naas Racing Results | 11th May 2024 15:05,N/A,15:05,Good,5f 205y,Gordon Bennett (IRE),G F Carroll,0,R Brabazon,4th,Neck,6,9-8,79,True,113,8
Naas Racing Results | 11th May 2024 15:05,N/A,15:05,Good,5f 205y,Coumshingaun (IRE),D McMonagle,0,Kevin Coleman,3rd,1 1/2 l,5,9-5,76,True,113,8
Naas Racing Results | 11th May 2024 15:05,N/A,15:05,Good,5f 205y,Midnight Fire (IRE),C D Hayes,0,E & P Harty,2nd,3/4 l,7,8-12t,69,True,113,8
Naas Racing Results | 11th May 2024 15:05,N/A,15:05,Good,5f 205y,Dance Night Andday (IRE),C T Keane,0,R O'Sullivan,1st,N/A,4,9-12,83,True,113,8
Naas Racing Results | 11th May 2024 15:40,N/A,15:40,Good,5f 205y,Bid For Chester (IRE),W Joyce,5,M Mulvany,NR,N/A,3,9-12t,91,True,113,9
Naas Racing Results | 11th May 2024 15:40,N/A,15:40,Good,5f 205y,Port Louis (IRE),R Whearty,5,N Meade,14th,1 l,3,8-13,78,True,113,9
Naas Racing Results | 11th May 2024 15:40,N/A,15:40,Good,5f 205y,Clarita (IRE),G F Carroll,0,G P Cromwell,13th,Nose,3,9-1b1,80,True,113,9
Naas Racing Results | 11th May 2024 15:40,N/A,15:40,Good,5f 205y,Edwardian (USA),W M Lordan,0,A P O'Brien,12th,1 l,3,9-9,88,True,113,9
Naas Racing Results | 11th May 2024 15:40,N/A,15:40,Good,5f 205y,Elinor Dashwood (IRE),Adam Caffrey,5,A McGuinness,11th,1 l,3,9-0,79,True,113,9
Naas Racing Results | 11th May 2024 15:40,N/A,15:40,Good,5f 205y,Perfect Judgement (IRE),C J MacRedmond,5,A McGuinness,10th,1 l,3,9-3p,82,True,113,9
Naas Racing Results | 11th May 2024 15:40,N/A,15:40,Good,5f 205y,Vassula Ryden (IRE),W J Lee,0,W McCreery,9th,Head,3,9-5v,84,True,113,9
Naas Racing Results | 11th May 2024 15:40,N/A,15:40,Good,5f 205y,Valentino Express (IRE),J A Powell,3,D J Bunyan,8th,Short Head,3,8-7t,72,True,113,9
Naas Racing Results | 11th May 2024 15:40,N/A,15:40,Good,5f 205y,Verified (IRE),N G McCullagh,0,Charles Weld,7th,2 l,3,8-13b1,78,True,113,9
Naas Racing Results | 11th May 2024 15:40,N/A,15:40,Good,5f 205y,Anvika (IRE),B M Coen,0,S Lavery,6th,2 1/4 l,3,8-13,78,True,113,9
Naas Racing Results | 11th May 2024 15:40,N/A,15:40,Good,5f 205y,Nikki Swango (IRE),M W Hassett,7,N Lupini,5th,1/2 l,3,9-0,79,True,113,9
Naas Racing Results | 11th May 2024 15:40,N/A,15:40,Good,5f 205y,Ohailbhic (IRE),D McMonagle,0,J Feane,4th,Short Head,3,9-5,84,True,113,9
Naas Racing Results | 11th May 2024 15:40,N/A,15:40,Good,5f 205y,Tai Tam Bay (IRE),C D Hayes,0,E & P Harty,3rd,Short Head,3,8-13,78,True,113,9
Naas Racing Results | 11th May 2024 15:40,N/A,15:40,Good,5f 205y,Kortez Bay (IRE),R C Colgan,0,S Lavery,2nd,1 l,3,9-6,85,True,113,9
Naas Racing Results | 11th May 2024 15:40,N/A,15:40,Good,5f 205y,Eclipse Emerald (IRE),J M Sheridan,0,J A Stack,1st,N/A,3,9-10,89,True,113,9
Naas Racing Results | 11th May 2024 15:40,N/A,15:40,Good,5f 205y,Bid For Chester (IRE),W Joyce,5,M Mulvany,NR,N/A,3,9-12t,91,True,113,9
Naas Racing Results | 11th May 2024 15:40,N/A,15:40,Good,5f 205y,Port Louis (IRE),R Whearty,5,N Meade,14th,1 l,3,8-13,78,True,113,9
Naas Racing Results | 11th May 2024 15:40,N/A,15:40,Good,5f 205y,Clarita (IRE),G F Carroll,0,G P Cromwell,13th,Nose,3,9-1b1,80,True,113,9
Naas Racing Results | 11th May 2024 15:40,N/A,15:40,Good,5f 205y,Edwardian (USA),W M Lordan,0,A P O'Brien,12th,1 l,3,9-9,88,True,113,9
Naas Racing Results | 11th May 2024 15:40,N/A,15:40,Good,5f 205y,Elinor Dashwood (IRE),Adam Caffrey,5,A McGuinness,11th,1 l,3,9-0,79,True,113,9
Naas Racing Results | 11th May 2024 15:40,N/A,15:40,Good,5f 205y,Perfect Judgement (IRE),C J MacRedmond,5,A McGuinness,10th,1 l,3,9-3p,82,True,113,9
Naas Racing Results | 11th May 2024 15:40,N/A,15:40,Good,5f 205y,Vassula Ryden (IRE),W J Lee,0,W McCreery,9th,Head,3,9-5v,84,True,113,9
Naas Racing Results | 11th May 2024 15:40,N/A,15:40,Good,5f 205y,Valentino Express (IRE),J A Powell,3,D J Bunyan,8th,Short Head,3,8-7t,72,True,113,9
Naas Racing Results | 11th May 2024 15:40,N/A,15:40,Good,5f 205y,Verified (IRE),N G McCullagh,0,Charles Weld,7th,2 l,3,8-13b1,78,True,113,9
Naas Racing Results | 11th May 2024 15:40,N/A,15:40,Good,5f 205y,Anvika (IRE),B M Coen,0,S Lavery,6th,2 1/4 l,3,8-13,78,True,113,9
Naas Racing Results | 11th May 2024 15:40,N/A,15:40,Good,5f 205y,Nikki Swango (IRE),M W Hassett,7,N Lupini,5th,1/2 l,3,9-0,79,True,113,9
Naas Racing Results | 11th May 2024 15:40,N/A,15:40,Good,5f 205y,Ohailbhic (IRE),D McMonagle,0,J Feane,4th,Short Head,3,9-5,84,True,113,9
Naas Racing Results | 11th May 2024 15:40,N/A,15:40,Good,5f 205y,Tai Tam Bay (IRE),C D Hayes,0,E & P Harty,3rd,Short Head,3,8-13,78,True,113,9
Naas Racing Results | 11th May 2024 15:40,N/A,15:40,Good,5f 205y,Kortez Bay (IRE),R C Colgan,0,S Lavery,2nd,1 l,3,9-6,85,True,113,9
Naas Racing Results | 11th May 2024 15:40,N/A,15:40,Good,5f 205y,Eclipse Emerald (IRE),J M Sheridan,0,J A Stack,1st,N/A,3,9-10,89,True,113,9
Naas Racing Results | 11th May 2024 16:15,N/A,16:15,Good (Good To Yielding In Places),1m 2f 84y,Higher Leaves (IRE),W J Lee,0,H De Bromhead,5th,Nose,3,9-2,-,True,113,10
Naas Racing Results | 11th May 2024 16:15,N/A,16:15,Good (Good To Yielding In Places),1m 2f 84y,Flight Of Fancy (IRE),W M Lordan,0,A P O'Brien,4th,1/2 l,3,9-2,-,True,113,10
Naas Racing Results | 11th May 2024 16:15,N/A,16:15,Good (Good To Yielding In Places),1m 2f 84y,Je Zous (IRE),D McMonagle,0,J P O'Brien,3rd,1 3/4 l,3,9-2,-,True,113,10
Naas Racing Results | 11th May 2024 16:15,N/A,16:15,Good (Good To Yielding In Places),1m 2f 84y,Madam Celeste (IRE),C T Keane,0,G M Lyons,2nd,Neck,3,9-2,-,True,113,10
Naas Racing Results | 11th May 2024 16:15,N/A,16:15,Good (Good To Yielding In Places),1m 2f 84y,Sea The Boss,S Foley,0,Mrs J Harrington,1st,N/A,3,9-2,-,True,113,10
Naas Racing Results | 11th May 2024 16:15,N/A,16:15,Good (Good To Yielding In Places),1m 2f 84y,Higher Leaves (IRE),W J Lee,0,H De Bromhead,5th,Nose,3,9-2,-,True,113,10
Naas Racing Results | 11th May 2024 16:15,N/A,16:15,Good (Good To Yielding In Places),1m 2f 84y,Flight Of Fancy (IRE),W M Lordan,0,A P O'Brien,4th,1/2 l,3,9-2,-,True,113,10
Naas Racing Results | 11th May 2024 16:15,N/A,16:15,Good (Good To Yielding In Places),1m 2f 84y,Je Zous (IRE),D McMonagle,0,J P O'Brien,3rd,1 3/4 l,3,9-2,-,True,113,10
Naas Racing Results | 11th May 2024 16:15,N/A,16:15,Good (Good To Yielding In Places),1m 2f 84y,Madam Celeste (IRE),C T Keane,0,G M Lyons,2nd,Neck,3,9-2,-,True,113,10
Naas Racing Results | 11th May 2024 16:15,N/A,16:15,Good (Good To Yielding In Places),1m 2f 84y,Sea The Boss,S Foley,0,Mrs J Harrington,1st,N/A,3,9-2,-,True,113,10
Naas Racing Results | 11th May 2024 16:50,N/A,16:50,Good (Good To Yielding In Places),1m 2f 84y,Naturally Nimble (GER),D McMonagle,0,J P O'Brien,4th,Head,3,8-13,-,True,113,11
Naas Racing Results | 11th May 2024 16:50,N/A,16:50,Good (Good To Yielding In Places),1m 2f 84y,Messerschmitt (IRE),C T Keane,0,N Meade,3rd,1 1/2 l,3,9-8,-,True,113,11
Naas Racing Results | 11th May 2024 16:50,N/A,16:50,Good (Good To Yielding In Places),1m 2f 84y,Gibbs Island,B M Coen,0,A Oliver,2nd,Short Head,3,8-13,-,True,113,11
Naas Racing Results | 11th May 2024 16:50,N/A,16:50,Good (Good To Yielding In Places),1m 2f 84y,Old Faithful (FR),W M Lordan,0,A P O'Brien,1st,N/A,3,9-0,-,True,113,11
Naas Racing Results | 11th May 2024 16:50,N/A,16:50,Good (Good To Yielding In Places),1m 2f 84y,Naturally Nimble (GER),D McMonagle,0,J P O'Brien,4th,Head,3,8-13,-,True,113,11
Naas Racing Results | 11th May 2024 16:50,N/A,16:50,Good (Good To Yielding In Places),1m 2f 84y,Messerschmitt (IRE),C T Keane,0,N Meade,3rd,1 1/2 l,3,9-8,-,True,113,11
Naas Racing Results | 11th May 2024 16:50,N/A,16:50,Good (Good To Yielding In Places),1m 2f 84y,Gibbs Island,B M Coen,0,A Oliver,2nd,Short Head,3,8-13,-,True,113,11
Naas Racing Results | 11th May 2024 16:50,N/A,16:50,Good (Good To Yielding In Places),1m 2f 84y,Old Faithful (FR),W M Lordan,0,A P O'Brien,1st,N/A,3,9-0,-,True,113,11
Naas Racing Results | 11th May 2024 17:25,N/A,17:25,Good (Good To Yielding In Places),1m,Red Viburnum (IRE),Non Runner,0,D K Weld,NR,N/A,3,9-3,-,True,113,12
Naas Racing Results | 11th May 2024 17:25,N/A,17:25,Good (Good To Yielding In Places),1m,Peppa's Sister (IRE),L T McAteer,0,Peter Maher,NR,N/A,4,10-2h1,-,True,113,12
Naas Racing Results | 11th May 2024 17:25,N/A,17:25,Good (Good To Yielding In Places),1m,Golden Ocean (GER),D McMonagle,0,M O'Callaghan,NR,N/A,3,9-3,-,True,113,12
Naas Racing Results | 11th May 2024 17:25,N/A,17:25,Good (Good To Yielding In Places),1m,Sprinkles (IRE),L F Roche,0,P Roche,11th,Neck,3,9-3h1,-,True,113,12
Naas Racing Results | 11th May 2024 17:25,N/A,17:25,Good (Good To Yielding In Places),1m,Gleaning (IRE),W M Lordan,0,A P O'Brien,10th,Head,3,9-3,-,True,113,12
Naas Racing Results | 11th May 2024 17:25,N/A,17:25,Good (Good To Yielding In Places),1m,Imperial Miss (IRE),N G McCullagh,0,M Halford & T Collins,9th,1 1/2 l,3,9-3,-,True,113,12
Naas Racing Results | 11th May 2024 17:25,N/A,17:25,Good (Good To Yielding In Places),1m,Harseva (IRE),J J G Ryan,5,G Keane,8th,2 3/4 l,4,10-2,-,True,113,12
Naas Racing Results | 11th May 2024 17:25,N/A,17:25,Good (Good To Yielding In Places),1m,Mapa (CAN),R C Colgan,0,S Lavery,7th,2 l,3,9-3,-,True,113,12
Naas Racing Results | 11th May 2024 17:25,N/A,17:25,Good (Good To Yielding In Places),1m,Dakota Girl (IRE),N M Crosse,0,Mrs J Harrington,6th,1/2 l,3,9-3,-,True,113,12
Naas Racing Results | 11th May 2024 17:25,N/A,17:25,Good (Good To Yielding In Places),1m,Eternal Reign (IRE),R P Whelan,0,M Halford & T Collins,5th,1 1/4 l,3,9-3,-,True,113,12
Naas Racing Results | 11th May 2024 17:25,N/A,17:25,Good (Good To Yielding In Places),1m,Magical Circle (IRE),S Foley,0,Mrs J Harrington,4th,Head,3,9-3,-,True,113,12
Naas Racing Results | 11th May 2024 17:25,N/A,17:25,Good (Good To Yielding In Places),1m,Auburn Avenue (IRE),B M Coen,0,Chris Timmons,3rd,1 1/2 l,3,9-3t1,-,True,113,12
Naas Racing Results | 11th May 2024 17:25,N/A,17:25,Good (Good To Yielding In Places),1m,Quadruple,C T Keane,0,G M Lyons,2nd,Neck,3,9-3,-,True,113,12
Naas Racing Results | 11th May 2024 17:25,N/A,17:25,Good (Good To Yielding In Places),1m,Duckadilly (IRE),O McSweeney,3,Daniel McLoughlin,1st,N/A,3,9-3,-,True,113,12
Naas Racing Results | 11th May 2024 17:25,N/A,17:25,Good (Good To Yielding In Places),1m,Red Viburnum (IRE),Non Runner,0,D K Weld,NR,N/A,3,9-3,-,True,113,12
Naas Racing Results | 11th May 2024 17:25,N/A,17:25,Good (Good To Yielding In Places),1m,Peppa's Sister (IRE),L T McAteer,0,Peter Maher,NR,N/A,4,10-2h1,-,True,113,12
Naas Racing Results | 11th May 2024 17:25,N/A,17:25,Good (Good To Yielding In Places),1m,Golden Ocean (GER),D McMonagle,0,M O'Callaghan,NR,N/A,3,9-3,-,True,113,12
Naas Racing Results | 11th May 2024 17:25,N/A,17:25,Good (Good To Yielding In Places),1m,Sprinkles (IRE),L F Roche,0,P Roche,11th,Neck,3,9-3h1,-,True,113,12
Naas Racing Results | 11th May 2024 17:25,N/A,17:25,Good (Good To Yielding In Places),1m,Gleaning (IRE),W M Lordan,0,A P O'Brien,10th,Head,3,9-3,-,True,113,12
Naas Racing Results | 11th May 2024 17:25,N/A,17:25,Good (Good To Yielding In Places),1m,Imperial Miss (IRE),N G McCullagh,0,M Halford & T Collins,9th,1 1/2 l,3,9-3,-,True,113,12
Naas Racing Results | 11th May 2024 17:25,N/A,17:25,Good (Good To Yielding In Places),1m,Harseva (IRE),J J G Ryan,5,G Keane,8th,2 3/4 l,4,10-2,-,True,113,12
Naas Racing Results | 11th May 2024 17:25,N/A,17:25,Good (Good To Yielding In Places),1m,Mapa (CAN),R C Colgan,0,S Lavery,7th,2 l,3,9-3,-,True,113,12
Naas Racing Results | 11th May 2024 17:25,N/A,17:25,Good (Good To Yielding In Places),1m,Dakota Girl (IRE),N M Crosse,0,Mrs J Harrington,6th,1/2 l,3,9-3,-,True,113,12
Naas Racing Results | 11th May 2024 17:25,N/A,17:25,Good (Good To Yielding In Places),1m,Eternal Reign (IRE),R P Whelan,0,M Halford & T Collins,5th,1 1/4 l,3,9-3,-,True,113,12
Naas Racing Results | 11th May 2024 17:25,N/A,17:25,Good (Good To Yielding In Places),1m,Magical Circle (IRE),S Foley,0,Mrs J Harrington,4th,Head,3,9-3,-,True,113,12
Naas Racing Results | 11th May 2024 17:25,N/A,17:25,Good (Good To Yielding In Places),1m,Auburn Avenue (IRE),B M Coen,0,Chris Timmons,3rd,1 1/2 l,3,9-3t1,-,True,113,12
Naas Racing Results | 11th May 2024 17:25,N/A,17:25,Good (Good To Yielding In Places),1m,Quadruple,C T Keane,0,G M Lyons,2nd,Neck,3,9-3,-,True,113,12
Naas Racing Results | 11th May 2024 17:25,N/A,17:25,Good (Good To Yielding In Places),1m,Duckadilly (IRE),O McSweeney,3,Daniel McLoughlin,1st,N/A,3,9-3,-,True,113,12
Cork Racing Results | 11th May 2024 14:15,N/A,14:15,Good (Good To Yielding In Places),2m 1f 65y,Kilcrea Castle (IRE),M P O'Connor,3,J J Mangan,NR,N/A,4,11-7,-,True,113,13
Cork Racing Results | 11th May 2024 14:15,N/A,14:15,Good (Good To Yielding In Places),2m 1f 65y,Royal Reprobate (IRE),K M Donoghue,0,G P Cromwell,NR,N/A,4,11-7,-,True,113,13
Cork Racing Results | 11th May 2024 14:15,N/A,14:15,Good (Good To Yielding In Places),2m 1f 65y,Bitofajokelike (IRE),C P McNamara,0,E McNamara,17th,22 l,4,11-7,-,True,113,13
Cork Racing Results | 11th May 2024 14:15,N/A,14:15,Good (Good To Yielding In Places),2m 1f 65y,Give Me A Smile (IRE),M P Walsh,0,E Bolger,16th,2 3/4 l,4,11-0,-,True,113,13
Cork Racing Results | 11th May 2024 14:15,N/A,14:15,Good (Good To Yielding In Places),2m 1f 65y,Kir Royal Blou (FR),S Fitzgerald,0,W J Burke,15th,3 l,4,11-7,-,True,113,13
Cork Racing Results | 11th May 2024 14:15,N/A,14:15,Good (Good To Yielding In Places),2m 1f 65y,Tamborasi River (IRE),L Quinlan,5,R Hackett,14th,6 l,4,11-7,-,True,113,13
Cork Racing Results | 11th May 2024 14:15,N/A,14:15,Good (Good To Yielding In Places),2m 1f 65y,Star Of Mayo,G B Noonan,5,E McNamara,13th,9 1/2 l,4,11-7,-,True,113,13
Cork Racing Results | 11th May 2024 14:15,N/A,14:15,Good (Good To Yielding In Places),2m 1f 65y,Kellys Grove (IRE),R J Condon,5,M Butler,12th,2 3/4 l,4,11-7,-,True,113,13
Cork Racing Results | 11th May 2024 14:15,N/A,14:15,Good (Good To Yielding In Places),2m 1f 65y,Lynskey (IRE),B W Harvey,0,Joseph Murray,11th,1 1/4 l,4,11-7,-,True,113,13
Cork Racing Results | 11th May 2024 14:15,N/A,14:15,Good (Good To Yielding In Places),2m 1f 65y,Rhythm And Tyne (IRE),P Byrnes,3,C Byrnes,10th,6 l,4,11-7,-,True,113,13
Cork Racing Results | 11th May 2024 14:15,N/A,14:15,Good (Good To Yielding In Places),2m 1f 65y,Tannery Park,M J M O'Sullivan,0,B Connell,9th,1 1/4 l,4,11-7,-,True,113,13
Cork Racing Results | 11th May 2024 14:15,N/A,14:15,Good (Good To Yielding In Places),2m 1f 65y,King In Love (FR),S F O'Keeffe,0,S Aherne,8th,1 1/2 l,4,11-7,-,True,113,13
Cork Racing Results | 11th May 2024 14:15,N/A,14:15,Good (Good To Yielding In Places),2m 1f 65y,Happy Me (IRE),D J O'Keeffe,0,W J Burke,7th,3/4 l,4,11-7,-,True,113,13
Cork Racing Results | 11th May 2024 14:15,N/A,14:15,Good (Good To Yielding In Places),2m 1f 65y,Katakana (FR),Rachael Blackmore,0,H De Bromhead,6th,1 1/4 l,4,11-0ht,-,True,113,13
Cork Racing Results | 11th May 2024 14:15,N/A,14:15,Good (Good To Yielding In Places),2m 1f 65y,Duchamps Art (IRE),Maite Sarah Laubies,7,Ms M Mullins,5th,7 l,4,11-0,-,True,113,13
Cork Racing Results | 11th May 2024 14:15,N/A,14:15,Good (Good To Yielding In Places),2m 1f 65y,Voice Of Reason (IRE),J C Gainford,0,G Elliott,4th,24 l,4,11-7,-,True,113,13
Cork Racing Results | 11th May 2024 14:15,N/A,14:15,Good (Good To Yielding In Places),2m 1f 65y,Dutch Gold (IRE),D Meyler,0,N Meade,3rd,3 1/4 l,4,11-7,-,True,113,13
Cork Racing Results | 11th May 2024 14:15,N/A,14:15,Good (Good To Yielding In Places),2m 1f 65y,Trustyourinstinct (IRE),S D Torrens,0,J P O'Brien,2nd,1 3/4 l,4,11-7,-,True,113,13
Cork Racing Results | 11th May 2024 14:15,N/A,14:15,Good (Good To Yielding In Places),2m 1f 65y,Palamon (IRE),S W Flanagan,0,P Nolan,1st,N/A,4,11-7t,-,True,113,13
Cork Racing Results | 11th May 2024 14:15,N/A,14:15,Good (Good To Yielding In Places),2m 1f 65y,Kilcrea Castle (IRE),M P O'Connor,3,J J Mangan,NR,N/A,4,11-7,-,True,113,13
Cork Racing Results | 11th May 2024 14:15,N/A,14:15,Good (Good To Yielding In Places),2m 1f 65y,Royal Reprobate (IRE),K M Donoghue,0,G P Cromwell,NR,N/A,4,11-7,-,True,113,13
Cork Racing Results | 11th May 2024 14:15,N/A,14:15,Good (Good To Yielding In Places),2m 1f 65y,Bitofajokelike (IRE),C P McNamara,0,E McNamara,17th,22 l,4,11-7,-,True,113,13
Cork Racing Results | 11th May 2024 14:15,N/A,14:15,Good (Good To Yielding In Places),2m 1f 65y,Give Me A Smile (IRE),M P Walsh,0,E Bolger,16th,2 3/4 l,4,11-0,-,True,113,13
Cork Racing Results | 11th May 2024 14:15,N/A,14:15,Good (Good To Yielding In Places),2m 1f 65y,Kir Royal Blou (FR),S Fitzgerald,0,W J Burke,15th,3 l,4,11-7,-,True,113,13
Cork Racing Results | 11th May 2024 14:15,N/A,14:15,Good (Good To Yielding In Places),2m 1f 65y,Tamborasi River (IRE),L Quinlan,5,R Hackett,14th,6 l,4,11-7,-,True,113,13
Cork Racing Results | 11th May 2024 14:15,N/A,14:15,Good (Good To Yielding In Places),2m 1f 65y,Star Of Mayo,G B Noonan,5,E McNamara,13th,9 1/2 l,4,11-7,-,True,113,13
Cork Racing Results | 11th May 2024 14:15,N/A,14:15,Good (Good To Yielding In Places),2m 1f 65y,Kellys Grove (IRE),R J Condon,5,M Butler,12th,2 3/4 l,4,11-7,-,True,113,13
Cork Racing Results | 11th May 2024 14:15,N/A,14:15,Good (Good To Yielding In Places),2m 1f 65y,Lynskey (IRE),B W Harvey,0,Joseph Murray,11th,1 1/4 l,4,11-7,-,True,113,13
Cork Racing Results | 11th May 2024 14:15,N/A,14:15,Good (Good To Yielding In Places),2m 1f 65y,Rhythm And Tyne (IRE),P Byrnes,3,C Byrnes,10th,6 l,4,11-7,-,True,113,13
Cork Racing Results | 11th May 2024 14:15,N/A,14:15,Good (Good To Yielding In Places),2m 1f 65y,Tannery Park,M J M O'Sullivan,0,B Connell,9th,1 1/4 l,4,11-7,-,True,113,13
Cork Racing Results | 11th May 2024 14:15,N/A,14:15,Good (Good To Yielding In Places),2m 1f 65y,King In Love (FR),S F O'Keeffe,0,S Aherne,8th,1 1/2 l,4,11-7,-,True,113,13
Cork Racing Results | 11th May 2024 14:15,N/A,14:15,Good (Good To Yielding In Places),2m 1f 65y,Happy Me (IRE),D J O'Keeffe,0,W J Burke,7th,3/4 l,4,11-7,-,True,113,13
Cork Racing Results | 11th May 2024 14:15,N/A,14:15,Good (Good To Yielding In Places),2m 1f 65y,Katakana (FR),Rachael Blackmore,0,H De Bromhead,6th,1 1/4 l,4,11-0ht,-,True,113,13
Cork Racing Results | 11th May 2024 14:15,N/A,14:15,Good (Good To Yielding In Places),2m 1f 65y,Duchamps Art (IRE),Maite Sarah Laubies,7,Ms M Mullins,5th,7 l,4,11-0,-,True,113,13
Cork Racing Results | 11th May 2024 14:15,N/A,14:15,Good (Good To Yielding In Places),2m 1f 65y,Voice Of Reason (IRE),J C Gainford,0,G Elliott,4th,24 l,4,11-7,-,True,113,13
Cork Racing Results | 11th May 2024 14:15,N/A,14:15,Good (Good To Yielding In Places),2m 1f 65y,Dutch Gold (IRE),D Meyler,0,N Meade,3rd,3 1/4 l,4,11-7,-,True,113,13
Cork Racing Results | 11th May 2024 14:15,N/A,14:15,Good (Good To Yielding In Places),2m 1f 65y,Trustyourinstinct (IRE),S D Torrens,0,J P O'Brien,2nd,1 3/4 l,4,11-7,-,True,113,13
Cork Racing Results | 11th May 2024 14:15,N/A,14:15,Good (Good To Yielding In Places),2m 1f 65y,Palamon (IRE),S W Flanagan,0,P Nolan,1st,N/A,4,11-7t,-,True,113,13
Cork Racing Results | 11th May 2024 14:50,N/A,14:50,Good,2m 1f 65y,Star Harbour (IRE),D J O'Keeffe,0,A McGuinness,NR,N/A,6,11-7,-,True,113,14
Cork Racing Results | 11th May 2024 14:50,N/A,14:50,Good,2m 1f 65y,Do The Math (IRE),K E Buckley,0,S Crawley,NR,N/A,5,11-4,-,True,113,14
Cork Racing Results | 11th May 2024 14:50,N/A,14:50,Good,2m 1f 65y,Topothelane (IRE),S F O'Keeffe,0,J P O'Keeffe,9th,13 l,7,11-4,-,True,113,14
Cork Racing Results | 11th May 2024 14:50,N/A,14:50,Good,2m 1f 65y,Lispendense (IRE),S D Torrens,0,D Cullen,8th,6 l,9,11-4,-,True,113,14
Cork Racing Results | 11th May 2024 14:50,N/A,14:50,Good,2m 1f 65y,Ossie's Lodge (IRE),P T Enright,0,A J Martin,7th,1 1/4 l,5,11-8t,-,True,113,14
Cork Racing Results | 11th May 2024 14:50,N/A,14:50,Good,2m 1f 65y,Boom Boom Boom,P Byrnes,3,C Byrnes,6th,Head,7,11-4p,-,True,113,14
Cork Racing Results | 11th May 2024 14:50,N/A,14:50,Good,2m 1f 65y,Barrier (FR),D J Gilligan,3,G Elliott,5th,Neck,4,11-3,-,True,113,14
Cork Racing Results | 11th May 2024 14:50,N/A,14:50,Good,2m 1f 65y,Walmix (FR),Conor Clarke,7,A Mullins,4th,2 l,6,11-7h,-,True,113,14
Cork Racing Results | 11th May 2024 14:50,N/A,14:50,Good,2m 1f 65y,Realism (IRE),M P Walsh,0,J P O'Brien,3rd,2 1/2 l,5,11-5,-,True,113,14
Cork Racing Results | 11th May 2024 14:50,N/A,14:50,Good,2m 1f 65y,Sequoiaspirit (IRE),L Quinlan,5,R Hackett,2nd,3 l,7,11-11,-,True,113,14
Cork Racing Results | 11th May 2024 14:50,N/A,14:50,Good,2m 1f 65y,Master Otis (IRE),S W Flanagan,0,T Mullins,1st,N/A,5,11-5,-,True,113,14
Cork Racing Results | 11th May 2024 14:50,N/A,14:50,Good,2m 1f 65y,Star Harbour (IRE),D J O'Keeffe,0,A McGuinness,NR,N/A,6,11-7,-,True,113,14
Cork Racing Results | 11th May 2024 14:50,N/A,14:50,Good,2m 1f 65y,Do The Math (IRE),K E Buckley,0,S Crawley,NR,N/A,5,11-4,-,True,113,14
Cork Racing Results | 11th May 2024 14:50,N/A,14:50,Good,2m 1f 65y,Topothelane (IRE),S F O'Keeffe,0,J P O'Keeffe,9th,13 l,7,11-4,-,True,113,14
Cork Racing Results | 11th May 2024 14:50,N/A,14:50,Good,2m 1f 65y,Lispendense (IRE),S D Torrens,0,D Cullen,8th,6 l,9,11-4,-,True,113,14
Cork Racing Results | 11th May 2024 14:50,N/A,14:50,Good,2m 1f 65y,Ossie's Lodge (IRE),P T Enright,0,A J Martin,7th,1 1/4 l,5,11-8t,-,True,113,14
Cork Racing Results | 11th May 2024 14:50,N/A,14:50,Good,2m 1f 65y,Boom Boom Boom,P Byrnes,3,C Byrnes,6th,Head,7,11-4p,-,True,113,14
Cork Racing Results | 11th May 2024 14:50,N/A,14:50,Good,2m 1f 65y,Barrier (FR),D J Gilligan,3,G Elliott,5th,Neck,4,11-3,-,True,113,14
Cork Racing Results | 11th May 2024 14:50,N/A,14:50,Good,2m 1f 65y,Walmix (FR),Conor Clarke,7,A Mullins,4th,2 l,6,11-7h,-,True,113,14
Cork Racing Results | 11th May 2024 14:50,N/A,14:50,Good,2m 1f 65y,Realism (IRE),M P Walsh,0,J P O'Brien,3rd,2 1/2 l,5,11-5,-,True,113,14
Cork Racing Results | 11th May 2024 14:50,N/A,14:50,Good,2m 1f 65y,Sequoiaspirit (IRE),L Quinlan,5,R Hackett,2nd,3 l,7,11-11,-,True,113,14
Cork Racing Results | 11th May 2024 14:50,N/A,14:50,Good,2m 1f 65y,Master Otis (IRE),S W Flanagan,0,T Mullins,1st,N/A,5,11-5,-,True,113,14
Cork Racing Results | 11th May 2024 15:25,N/A,15:25,Good,2m 3f 50y,Intertwine (FR),S Fitzgerald,0,D Queally,NR,N/A,6,11-7h1,-,True,113,15
Cork Racing Results | 11th May 2024 15:25,N/A,15:25,Good,2m 3f 50y,Thebeautifulgame,E Walsh,0,C Collins,NR,N/A,5,11-7,-,True,113,15
Cork Racing Results | 11th May 2024 15:25,N/A,15:25,Good,2m 3f 50y,Broomfield Gale (IRE),D J O'Keeffe,0,R Murphy,UR,N/A,6,11-7,-,True,113,15
Cork Racing Results | 11th May 2024 15:25,N/A,15:25,Good,2m 3f 50y,Getawiggleon (FR),J P Shinnick,7,M Hourigan,F,N/A,7,11-7h,-,True,113,15
Cork Racing Results | 11th May 2024 15:25,N/A,15:25,Good,2m 3f 50y,Cathedral Rocks (IRE),K E Buckley,0,G P Cromwell,15th,6 l,5,11-7,-,True,113,15
Cork Racing Results | 11th May 2024 15:25,N/A,15:25,Good,2m 3f 50y,Stone Rosie (IRE),S D Torrens,0,P J Rothwell,14th,10 l,6,11-7,-,True,113,15
Cork Racing Results | 11th May 2024 15:25,N/A,15:25,Good,2m 3f 50y,Lothbeg (IRE),S W Flanagan,0,S R B Crawford,13th,49 l,6,11-7t,-,True,113,15
Cork Racing Results | 11th May 2024 15:25,N/A,15:25,Good,2m 3f 50y,Lucy Prunella (IRE),G Brouder,5,M F Morris,12th,Neck,9,11-7t,-,True,113,15
Cork Racing Results | 11th May 2024 15:25,N/A,15:25,Good,2m 3f 50y,Lazy Bones (IRE),D J Gilligan,3,G Elliott,11th,2 1/2 l,5,11-7,-,True,113,15
Cork Racing Results | 11th May 2024 15:25,N/A,15:25,Good,2m 3f 50y,So Fortunate (IRE),S F O'Keeffe,0,J P O'Keeffe,10th,14 l,7,11-7,-,True,113,15
Cork Racing Results | 11th May 2024 15:25,N/A,15:25,Good,2m 3f 50y,Dear Ryta (IRE),Mr L Burke-Ott,7,A Ott,9th,1 1/4 l,6,11-7,-,True,113,15
Cork Racing Results | 11th May 2024 15:25,N/A,15:25,Good,2m 3f 50y,Daly Pursuit (IRE),G B Noonan,5,Patrick J Hassett,8th,1 1/2 l,7,11-7,-,True,113,15
Cork Racing Results | 11th May 2024 15:25,N/A,15:25,Good,2m 3f 50y,Lucky Viv (IRE),A McCurtin,0,Michael Barry,7th,6 1/2 l,6,11-7,-,True,113,15
Cork Racing Results | 11th May 2024 15:25,N/A,15:25,Good,2m 3f 50y,Michal (IRE),B Hayes,0,Colm Murphy,6th,3/4 l,6,11-7,-,True,113,15
Cork Racing Results | 11th May 2024 15:25,N/A,15:25,Good,2m 3f 50y,Field A Thistles (IRE),R Deegan,0,Ms M Mullins,5th,1/2 l,5,11-7,-,True,113,15
Cork Racing Results | 11th May 2024 15:25,N/A,15:25,Good,2m 3f 50y,Nells Choice (IRE),C P Millar,7,C Collins,4th,5 1/2 l,5,11-7,-,True,113,15
Cork Racing Results | 11th May 2024 15:25,N/A,15:25,Good,2m 3f 50y,Rosalys (IRE),Rachael Blackmore,0,H De Bromhead,3rd,1 3/4 l,5,11-7t,-,True,113,15
Cork Racing Results | 11th May 2024 15:25,N/A,15:25,Good,2m 3f 50y,Cast A Spell (IRE),D Meyler,0,T Hogan,2nd,2 1/2 l,6,11-7v,-,True,113,15
Cork Racing Results | 11th May 2024 15:25,N/A,15:25,Good,2m 3f 50y,Jolie Jewel (FR),P T Enright,0,B McMahon,1st,N/A,5,11-7,-,True,113,15
Cork Racing Results | 11th May 2024 15:25,N/A,15:25,Good,2m 3f 50y,Intertwine (FR),S Fitzgerald,0,D Queally,NR,N/A,6,11-7h1,-,True,113,15
Cork Racing Results | 11th May 2024 15:25,N/A,15:25,Good,2m 3f 50y,Thebeautifulgame,E Walsh,0,C Collins,NR,N/A,5,11-7,-,True,113,15
Cork Racing Results | 11th May 2024 15:25,N/A,15:25,Good,2m 3f 50y,Broomfield Gale (IRE),D J O'Keeffe,0,R Murphy,UR,N/A,6,11-7,-,True,113,15
Cork Racing Results | 11th May 2024 15:25,N/A,15:25,Good,2m 3f 50y,Getawiggleon (FR),J P Shinnick,7,M Hourigan,F,N/A,7,11-7h,-,True,113,15
Cork Racing Results | 11th May 2024 15:25,N/A,15:25,Good,2m 3f 50y,Cathedral Rocks (IRE),K E Buckley,0,G P Cromwell,15th,6 l,5,11-7,-,True,113,15
Cork Racing Results | 11th May 2024 15:25,N/A,15:25,Good,2m 3f 50y,Stone Rosie (IRE),S D Torrens,0,P J Rothwell,14th,10 l,6,11-7,-,True,113,15
Cork Racing Results | 11th May 2024 15:25,N/A,15:25,Good,2m 3f 50y,Lothbeg (IRE),S W Flanagan,0,S R B Crawford,13th,49 l,6,11-7t,-,True,113,15
Cork Racing Results | 11th May 2024 15:25,N/A,15:25,Good,2m 3f 50y,Lucy Prunella (IRE),G Brouder,5,M F Morris,12th,Neck,9,11-7t,-,True,113,15
Cork Racing Results | 11th May 2024 15:25,N/A,15:25,Good,2m 3f 50y,Lazy Bones (IRE),D J Gilligan,3,G Elliott,11th,2 1/2 l,5,11-7,-,True,113,15
Cork Racing Results | 11th May 2024 15:25,N/A,15:25,Good,2m 3f 50y,So Fortunate (IRE),S F O'Keeffe,0,J P O'Keeffe,10th,14 l,7,11-7,-,True,113,15
Cork Racing Results | 11th May 2024 15:25,N/A,15:25,Good,2m 3f 50y,Dear Ryta (IRE),Mr L Burke-Ott,7,A Ott,9th,1 1/4 l,6,11-7,-,True,113,15
Cork Racing Results | 11th May 2024 15:25,N/A,15:25,Good,2m 3f 50y,Daly Pursuit (IRE),G B Noonan,5,Patrick J Hassett,8th,1 1/2 l,7,11-7,-,True,113,15
Cork Racing Results | 11th May 2024 15:25,N/A,15:25,Good,2m 3f 50y,Lucky Viv (IRE),A McCurtin,0,Michael Barry,7th,6 1/2 l,6,11-7,-,True,113,15
Cork Racing Results | 11th May 2024 15:25,N/A,15:25,Good,2m 3f 50y,Michal (IRE),B Hayes,0,Colm Murphy,6th,3/4 l,6,11-7,-,True,113,15
Cork Racing Results | 11th May 2024 15:25,N/A,15:25,Good,2m 3f 50y,Field A Thistles (IRE),R Deegan,0,Ms M Mullins,5th,1/2 l,5,11-7,-,True,113,15
Cork Racing Results | 11th May 2024 15:25,N/A,15:25,Good,2m 3f 50y,Nells Choice (IRE),C P Millar,7,C Collins,4th,5 1/2 l,5,11-7,-,True,113,15
Cork Racing Results | 11th May 2024 15:25,N/A,15:25,Good,2m 3f 50y,Rosalys (IRE),Rachael Blackmore,0,H De Bromhead,3rd,1 3/4 l,5,11-7t,-,True,113,15
Cork Racing Results | 11th May 2024 15:25,N/A,15:25,Good,2m 3f 50y,Cast A Spell (IRE),D Meyler,0,T Hogan,2nd,2 1/2 l,6,11-7v,-,True,113,15
Cork Racing Results | 11th May 2024 15:25,N/A,15:25,Good,2m 3f 50y,Jolie Jewel (FR),P T Enright,0,B McMahon,1st,N/A,5,11-7,-,True,113,15
Cork Racing Results | 11th May 2024 15:55,N/A,15:55,Good,2m 4f,Reve Inoui (IRE),D J O'Keeffe,0,J P Flavin,NR,N/A,6,11-8,107,True,113,16
Cork Racing Results | 11th May 2024 15:55,N/A,15:55,Good,2m 4f,Mister Twist (IRE),B Hayes,0,P Fenton,17th,32 l,6,11-8,107,True,113,16
Cork Racing Results | 11th May 2024 15:55,N/A,15:55,Good,2m 4f,Rebel Rose (IRE),A P Kelly,5,M Fahey,16th,1 1/4 l,8,12-0b1,113,True,113,16
Cork Racing Results | 11th May 2024 15:55,N/A,15:55,Good,2m 4f,Benny The Duke (IRE),O R Brown,5,R P Cody,15th,1 1/4 l,7,12-0,113,True,113,16
Cork Racing Results | 11th May 2024 15:55,N/A,15:55,Good,2m 4f,Carrig Rock (IRE),J C Gainford,0,P Croke,14th,Neck,9,11-12t1,111,True,113,16
Cork Racing Results | 11th May 2024 15:55,N/A,15:55,Good,2m 4f,Cotteemcavennigoal (IRE),S F O'Keeffe,0,S Crawley,13th,17 l,9,11-10t,109,True,113,16
Cork Racing Results | 11th May 2024 15:55,N/A,15:55,Good,2m 4f,Gordons Aura (IRE),D J Gilligan,3,G Elliott,12th,5 1/2 l,5,12-0p,113,True,113,16
Cork Racing Results | 11th May 2024 15:55,N/A,15:55,Good,2m 4f,Hammersmith (IRE),M J M O'Sullivan,0,T O'Brien,11th,1/2 l,8,11-11tb,110,True,113,16
Cork Racing Results | 11th May 2024 15:55,N/A,15:55,Good,2m 4f,Golden Sandbanks,S W Flanagan,0,P W Flynn,10th,3 3/4 l,7,11-8tp,107,True,113,16
Cork Racing Results | 11th May 2024 15:55,N/A,15:55,Good,2m 4f,All About Lucy (IRE),G B Noonan,5,E McCarthy,9th,3/4 l,7,11-11t,110,True,113,16
Cork Racing Results | 11th May 2024 15:55,N/A,15:55,Good,2m 4f,Dubeyeracingcraic (IRE),P Byrnes,3,C Byrnes,8th,1 1/2 l,5,11-10,109,True,113,16
Cork Racing Results | 11th May 2024 15:55,N/A,15:55,Good,2m 4f,Simpletwistoffaith (IRE),D Meyler,0,Patrick J Hassett,7th,3 l,7,11-8,107,True,113,16
Cork Racing Results | 11th May 2024 15:55,N/A,15:55,Good,2m 4f,For Fear Of Frost (IRE),R A Doyle,0,M F Morris,6th,2 1/4 l,6,11-7,106,True,113,16
Cork Racing Results | 11th May 2024 15:55,N/A,15:55,Good,2m 4f,Penny Jar (IRE),P M O'Brien,7,P Downey,5th,1 1/4 l,8,11-10tp,109,True,113,16
Cork Racing Results | 11th May 2024 15:55,N/A,15:55,Good,2m 4f,Downtherefordancin,K M Donoghue,0,G P Cromwell,4th,3/4 l,5,11-9p,108,True,113,16
Cork Racing Results | 11th May 2024 15:55,N/A,15:55,Good,2m 4f,Joyeux Vivo (FR),M P Walsh,0,John E & Kiely,3rd,1/2 l,5,11-12,111,True,113,16
Cork Racing Results | 11th May 2024 15:55,N/A,15:55,Good,2m 4f,Ring O Roses,Rachael Blackmore,0,H De Bromhead,2nd,2 l,6,12-0h,113,True,113,16
Cork Racing Results | 11th May 2024 15:55,N/A,15:55,Good,2m 4f,Anyway (GER),C P Millar,7,D Budds,1st,N/A,6,11-9p,108,True,113,16
Cork Racing Results | 11th May 2024 15:55,N/A,15:55,Good,2m 4f,Reve Inoui (IRE),D J O'Keeffe,0,J P Flavin,NR,N/A,6,11-8,107,True,113,16
Cork Racing Results | 11th May 2024 15:55,N/A,15:55,Good,2m 4f,Mister Twist (IRE),B Hayes,0,P Fenton,17th,32 l,6,11-8,107,True,113,16
Cork Racing Results | 11th May 2024 15:55,N/A,15:55,Good,2m 4f,Rebel Rose (IRE),A P Kelly,5,M Fahey,16th,1 1/4 l,8,12-0b1,113,True,113,16
Cork Racing Results | 11th May 2024 15:55,N/A,15:55,Good,2m 4f,Benny The Duke (IRE),O R Brown,5,R P Cody,15th,1 1/4 l,7,12-0,113,True,113,16
Cork Racing Results | 11th May 2024 15:55,N/A,15:55,Good,2m 4f,Carrig Rock (IRE),J C Gainford,0,P Croke,14th,Neck,9,11-12t1,111,True,113,16
Cork Racing Results | 11th May 2024 15:55,N/A,15:55,Good,2m 4f,Cotteemcavennigoal (IRE),S F O'Keeffe,0,S Crawley,13th,17 l,9,11-10t,109,True,113,16
Cork Racing Results | 11th May 2024 15:55,N/A,15:55,Good,2m 4f,Gordons Aura (IRE),D J Gilligan,3,G Elliott,12th,5 1/2 l,5,12-0p,113,True,113,16
Cork Racing Results | 11th May 2024 15:55,N/A,15:55,Good,2m 4f,Hammersmith (IRE),M J M O'Sullivan,0,T O'Brien,11th,1/2 l,8,11-11tb,110,True,113,16
Cork Racing Results | 11th May 2024 15:55,N/A,15:55,Good,2m 4f,Golden Sandbanks,S W Flanagan,0,P W Flynn,10th,3 3/4 l,7,11-8tp,107,True,113,16
Cork Racing Results | 11th May 2024 15:55,N/A,15:55,Good,2m 4f,All About Lucy (IRE),G B Noonan,5,E McCarthy,9th,3/4 l,7,11-11t,110,True,113,16
Cork Racing Results | 11th May 2024 15:55,N/A,15:55,Good,2m 4f,Dubeyeracingcraic (IRE),P Byrnes,3,C Byrnes,8th,1 1/2 l,5,11-10,109,True,113,16
Cork Racing Results | 11th May 2024 15:55,N/A,15:55,Good,2m 4f,Simpletwistoffaith (IRE),D Meyler,0,Patrick J Hassett,7th,3 l,7,11-8,107,True,113,16
Cork Racing Results | 11th May 2024 15:55,N/A,15:55,Good,2m 4f,For Fear Of Frost (IRE),R A Doyle,0,M F Morris,6th,2 1/4 l,6,11-7,106,True,113,16
Cork Racing Results | 11th May 2024 15:55,N/A,15:55,Good,2m 4f,Penny Jar (IRE),P M O'Brien,7,P Downey,5th,1 1/4 l,8,11-10tp,109,True,113,16
Cork Racing Results | 11th May 2024 15:55,N/A,15:55,Good,2m 4f,Downtherefordancin,K M Donoghue,0,G P Cromwell,4th,3/4 l,5,11-9p,108,True,113,16
Cork Racing Results | 11th May 2024 15:55,N/A,15:55,Good,2m 4f,Joyeux Vivo (FR),M P Walsh,0,John E & Kiely,3rd,1/2 l,5,11-12,111,True,113,16
Cork Racing Results | 11th May 2024 15:55,N/A,15:55,Good,2m 4f,Ring O Roses,Rachael Blackmore,0,H De Bromhead,2nd,2 l,6,12-0h,113,True,113,16
Cork Racing Results | 11th May 2024 15:55,N/A,15:55,Good,2m 4f,Anyway (GER),C P Millar,7,D Budds,1st,N/A,6,11-9p,108,True,113,16
Cork Racing Results | 11th May 2024 16:30,N/A,16:30,Good,3m 120y,Walk Away Harry (IRE),P Byrnes,3,C Byrnes,NR,N/A,6,11-12,-,True,113,17
Cork Racing Results | 11th May 2024 16:30,N/A,16:30,Good,3m 120y,Toor Khov (IRE),L Quinlan,5,Ms M Flynn,NR,N/A,6,11-12,-,True,113,17
Cork Racing Results | 11th May 2024 16:30,N/A,16:30,Good,3m 120y,Leinster King (IRE),E M O'Sullivan,7,Ms M Flynn,NR,N/A,9,11-12,-,True,113,17
Cork Racing Results | 11th May 2024 16:30,N/A,16:30,Good,3m 120y,Island Mccoo (IRE),R P Geoghegan,7,B T Murphy,13th,1/2 l,7,11-12h1,-,True,113,17
Cork Racing Results | 11th May 2024 16:30,N/A,16:30,Good,3m 120y,Shanghai Rooster (IRE),E Walsh,0,C Collins,12th,1 l,5,11-12,-,True,113,17
Cork Racing Results | 11th May 2024 16:30,N/A,16:30,Good,3m 120y,Just Jack (IRE),Mr C J Shine,7,Brendan Walsh,11th,12 l,6,11-12t1,-,True,113,17
Cork Racing Results | 11th May 2024 16:30,N/A,16:30,Good,3m 120y,Manatee Du Brizais (FR),S Fitzgerald,0,D Queally,10th,3/4 l,5,11-12t,-,True,113,17
Cork Racing Results | 11th May 2024 16:30,N/A,16:30,Good,3m 120y,Foxy Rock (IRE),R A Doyle,0,M F Morris,9th,5 1/2 l,6,11-12p1,-,True,113,17
Cork Racing Results | 11th May 2024 16:30,N/A,16:30,Good,3m 120y,La Vega Moon (IRE),J S McGarvey,0,J J Hanlon,8th,2 1/2 l,6,11-12p,-,True,113,17
Cork Racing Results | 11th May 2024 16:30,N/A,16:30,Good,3m 120y,Lummi Island (IRE),S F O'Keeffe,0,D Deacon,7th,Short Head,6,11-12,-,True,113,17
Cork Racing Results | 11th May 2024 16:30,N/A,16:30,Good,3m 120y,Diamond Duke (IRE),D J O'Keeffe,0,M F Morris,6th,6 1/2 l,5,11-12tp1,-,True,113,17
Cork Racing Results | 11th May 2024 16:30,N/A,16:30,Good,3m 120y,Graigue Corner (IRE),Mr D Doyle,7,N Stokes,5th,4 1/4 l,6,11-12,-,True,113,17
Cork Racing Results | 11th May 2024 16:30,N/A,16:30,Good,3m 120y,Georgian Quarter (IRE),M P Walsh,0,John E & Kiely,4th,3 3/4 l,5,11-12,-,True,113,17
Cork Racing Results | 11th May 2024 16:30,N/A,16:30,Good,3m 120y,Now So Jake (IRE),P T Enright,0,D H Kelly,3rd,5 1/2 l,6,11-12,-,True,113,17
Cork Racing Results | 11th May 2024 16:30,N/A,16:30,Good,3m 120y,Find A Fortune (IRE),J C Gainford,0,G Elliott,2nd,2 1/4 l,7,11-12,-,True,113,17
Cork Racing Results | 11th May 2024 16:30,N/A,16:30,Good,3m 120y,Maxi Mac Gold (FR),S W Flanagan,0,P Nolan,1st,N/A,5,11-12t1,-,True,113,17
Cork Racing Results | 11th May 2024 16:30,N/A,16:30,Good,3m 120y,Walk Away Harry (IRE),P Byrnes,3,C Byrnes,NR,N/A,6,11-12,-,True,113,17
Cork Racing Results | 11th May 2024 16:30,N/A,16:30,Good,3m 120y,Toor Khov (IRE),L Quinlan,5,Ms M Flynn,NR,N/A,6,11-12,-,True,113,17
Cork Racing Results | 11th May 2024 16:30,N/A,16:30,Good,3m 120y,Leinster King (IRE),E M O'Sullivan,7,Ms M Flynn,NR,N/A,9,11-12,-,True,113,17
Cork Racing Results | 11th May 2024 16:30,N/A,16:30,Good,3m 120y,Island Mccoo (IRE),R P Geoghegan,7,B T Murphy,13th,1/2 l,7,11-12h1,-,True,113,17
Cork Racing Results | 11th May 2024 16:30,N/A,16:30,Good,3m 120y,Shanghai Rooster (IRE),E Walsh,0,C Collins,12th,1 l,5,11-12,-,True,113,17
Cork Racing Results | 11th May 2024 16:30,N/A,16:30,Good,3m 120y,Just Jack (IRE),Mr C J Shine,7,Brendan Walsh,11th,12 l,6,11-12t1,-,True,113,17
Cork Racing Results | 11th May 2024 16:30,N/A,16:30,Good,3m 120y,Manatee Du Brizais (FR),S Fitzgerald,0,D Queally,10th,3/4 l,5,11-12t,-,True,113,17
Cork Racing Results | 11th May 2024 16:30,N/A,16:30,Good,3m 120y,Foxy Rock (IRE),R A Doyle,0,M F Morris,9th,5 1/2 l,6,11-12p1,-,True,113,17
Cork Racing Results | 11th May 2024 16:30,N/A,16:30,Good,3m 120y,La Vega Moon (IRE),J S McGarvey,0,J J Hanlon,8th,2 1/2 l,6,11-12p,-,True,113,17
Cork Racing Results | 11th May 2024 16:30,N/A,16:30,Good,3m 120y,Lummi Island (IRE),S F O'Keeffe,0,D Deacon,7th,Short Head,6,11-12,-,True,113,17
Cork Racing Results | 11th May 2024 16:30,N/A,16:30,Good,3m 120y,Diamond Duke (IRE),D J O'Keeffe,0,M F Morris,6th,6 1/2 l,5,11-12tp1,-,True,113,17
Cork Racing Results | 11th May 2024 16:30,N/A,16:30,Good,3m 120y,Graigue Corner (IRE),Mr D Doyle,7,N Stokes,5th,4 1/4 l,6,11-12,-,True,113,17
Cork Racing Results | 11th May 2024 16:30,N/A,16:30,Good,3m 120y,Georgian Quarter (IRE),M P Walsh,0,John E & Kiely,4th,3 3/4 l,5,11-12,-,True,113,17
Cork Racing Results | 11th May 2024 16:30,N/A,16:30,Good,3m 120y,Now So Jake (IRE),P T Enright,0,D H Kelly,3rd,5 1/2 l,6,11-12,-,True,113,17
Cork Racing Results | 11th May 2024 16:30,N/A,16:30,Good,3m 120y,Find A Fortune (IRE),J C Gainford,0,G Elliott,2nd,2 1/4 l,7,11-12,-,True,113,17
Cork Racing Results | 11th May 2024 16:30,N/A,16:30,Good,3m 120y,Maxi Mac Gold (FR),S W Flanagan,0,P Nolan,1st,N/A,5,11-12t1,-,True,113,17
Cork Racing Results | 11th May 2024 17:05,N/A,17:05,Good,3m 120y,Walk In Time (IRE),R A Doyle,0,D H Kelly,NR,N/A,7,11-11,92,True,113,18
Cork Racing Results | 11th May 2024 17:05,N/A,17:05,Good,3m 120y,Ella Rose (IRE),N T Prendergast,7,D E Prendergast,PU,N/A,7,11-5,86,True,113,18
Cork Racing Results | 11th May 2024 17:05,N/A,17:05,Good,3m 120y,Red Coral House (IRE),C P McNamara,0,L P Cusack,PU,N/A,6,11-6tp1,87,True,113,18
Cork Racing Results | 11th May 2024 17:05,N/A,17:05,Good,3m 120y,Ma Hoey (IRE),G B Noonan,5,E McCarthy,16th,55 l,8,11-11tp,92,True,113,18
Cork Racing Results | 11th May 2024 17:05,N/A,17:05,Good,3m 120y,Ladyeze Man (IRE),D J O'Keeffe,0,J P Flavin,15th,19 l,6,11-11,92,True,113,18
Cork Racing Results | 11th May 2024 17:05,N/A,17:05,Good,3m 120y,Aghmorough Bridge (IRE),Miss M M McElligott,7,William P Murphy,14th,1/2 l,8,11-12,93,True,113,18
Cork Racing Results | 11th May 2024 17:05,N/A,17:05,Good,3m 120y,Khewilltu (IRE),R Deegan,0,John F O'Neill,13th,1 1/4 l,5,11-5,86,True,113,18
Cork Racing Results | 11th May 2024 17:05,N/A,17:05,Good,3m 120y,Araglen Star (IRE),J P Shinnick,7,S M O'Donoghue,12th,11 l,7,10-13,80,True,113,18
Cork Racing Results | 11th May 2024 17:05,N/A,17:05,Good,3m 120y,Toor Moon (IRE),L Quinlan,5,Ms M Flynn,11th,8 1/2 l,7,11-13h,94,True,113,18
Cork Racing Results | 11th May 2024 17:05,N/A,17:05,Good,3m 120y,Ask And Answer (IRE),Mr S Tobin,7,S Aherne,10th,3 1/4 l,11,10-13,80,True,113,18
Cork Racing Results | 11th May 2024 17:05,N/A,17:05,Good,3m 120y,Tramps Like Us (IRE),A P Kelly,5,D H Kelly,9th,2 l,5,12-0tb,95,True,113,18
Cork Racing Results | 11th May 2024 17:05,N/A,17:05,Good,3m 120y,Rewrite The Script (IRE),P Byrnes,3,M A Daly,8th,4 1/2 l,7,11-2,83,True,113,18
Cork Racing Results | 11th May 2024 17:05,N/A,17:05,Good,3m 120y,Miss D Hunter (IRE),Rachael Blackmore,0,L Fowler,7th,4 3/4 l,6,11-11,92,True,113,18
Cork Racing Results | 11th May 2024 17:05,N/A,17:05,Good,3m 120y,Forgetthesurprise (IRE),Mr Shane O'Callaghan,5,N Madden,6th,Neck,10,11-12t,93,True,113,18
Cork Racing Results | 11th May 2024 17:05,N/A,17:05,Good,3m 120y,Cloughroe (IRE),D J Gilligan,3,P J Gilligan,5th,1 l,6,12-0t,95,True,113,18
Cork Racing Results | 11th May 2024 17:05,N/A,17:05,Good,3m 120y,Steps Match (IRE),K E Buckley,0,M Butler,4th,1/2 l,9,11-12,93,True,113,18
Cork Racing Results | 11th May 2024 17:05,N/A,17:05,Good,3m 120y,Twoplustwo Equals (IRE),S W Flanagan,0,Paul Tobin,3rd,7 l,7,11-11h1,92,True,113,18
Cork Racing Results | 11th May 2024 17:05,N/A,17:05,Good,3m 120y,Yulong Voice,S Fitzgerald,0,S Nolan,2nd,1/2 l,7,11-13t,94,True,113,18
Cork Racing Results | 11th May 2024 17:05,N/A,17:05,Good,3m 120y,Glencourt Valley (IRE),J B Foley,0,L P Cusack,1st,N/A,7,11-3,84,True,113,18
Cork Racing Results | 11th May 2024 17:05,N/A,17:05,Good,3m 120y,Walk In Time (IRE),R A Doyle,0,D H Kelly,NR,N/A,7,11-11,92,True,113,18
Cork Racing Results | 11th May 2024 17:05,N/A,17:05,Good,3m 120y,Ella Rose (IRE),N T Prendergast,7,D E Prendergast,PU,N/A,7,11-5,86,True,113,18
Cork Racing Results | 11th May 2024 17:05,N/A,17:05,Good,3m 120y,Red Coral House (IRE),C P McNamara,0,L P Cusack,PU,N/A,6,11-6tp1,87,True,113,18
Cork Racing Results | 11th May 2024 17:05,N/A,17:05,Good,3m 120y,Ma Hoey (IRE),G B Noonan,5,E McCarthy,16th,55 l,8,11-11tp,92,True,113,18
Cork Racing Results | 11th May 2024 17:05,N/A,17:05,Good,3m 120y,Ladyeze Man (IRE),D J O'Keeffe,0,J P Flavin,15th,19 l,6,11-11,92,True,113,18
Cork Racing Results | 11th May 2024 17:05,N/A,17:05,Good,3m 120y,Aghmorough Bridge (IRE),Miss M M McElligott,7,William P Murphy,14th,1/2 l,8,11-12,93,True,113,18
Cork Racing Results | 11th May 2024 17:05,N/A,17:05,Good,3m 120y,Khewilltu (IRE),R Deegan,0,John F O'Neill,13th,1 1/4 l,5,11-5,86,True,113,18
Cork Racing Results | 11th May 2024 17:05,N/A,17:05,Good,3m 120y,Araglen Star (IRE),J P Shinnick,7,S M O'Donoghue,12th,11 l,7,10-13,80,True,113,18
Cork Racing Results | 11th May 2024 17:05,N/A,17:05,Good,3m 120y,Toor Moon (IRE),L Quinlan,5,Ms M Flynn,11th,8 1/2 l,7,11-13h,94,True,113,18
Cork Racing Results | 11th May 2024 17:05,N/A,17:05,Good,3m 120y,Ask And Answer (IRE),Mr S Tobin,7,S Aherne,10th,3 1/4 l,11,10-13,80,True,113,18
Cork Racing Results | 11th May 2024 17:05,N/A,17:05,Good,3m 120y,Tramps Like Us (IRE),A P Kelly,5,D H Kelly,9th,2 l,5,12-0tb,95,True,113,18
Cork Racing Results | 11th May 2024 17:05,N/A,17:05,Good,3m 120y,Rewrite The Script (IRE),P Byrnes,3,M A Daly,8th,4 1/2 l,7,11-2,83,True,113,18
Cork Racing Results | 11th May 2024 17:05,N/A,17:05,Good,3m 120y,Miss D Hunter (IRE),Rachael Blackmore,0,L Fowler,7th,4 3/4 l,6,11-11,92,True,113,18
Cork Racing Results | 11th May 2024 17:05,N/A,17:05,Good,3m 120y,Forgetthesurprise (IRE),Mr Shane O'Callaghan,5,N Madden,6th,Neck,10,11-12t,93,True,113,18
Cork Racing Results | 11th May 2024 17:05,N/A,17:05,Good,3m 120y,Cloughroe (IRE),D J Gilligan,3,P J Gilligan,5th,1 l,6,12-0t,95,True,113,18
Cork Racing Results | 11th May 2024 17:05,N/A,17:05,Good,3m 120y,Steps Match (IRE),K E Buckley,0,M Butler,4th,1/2 l,9,11-12,93,True,113,18
Cork Racing Results | 11th May 2024 17:05,N/A,17:05,Good,3m 120y,Twoplustwo Equals (IRE),S W Flanagan,0,Paul Tobin,3rd,7 l,7,11-11h1,92,True,113,18
Cork Racing Results | 11th May 2024 17:05,N/A,17:05,Good,3m 120y,Yulong Voice,S Fitzgerald,0,S Nolan,2nd,1/2 l,7,11-13t,94,True,113,18
Cork Racing Results | 11th May 2024 17:05,N/A,17:05,Good,3m 120y,Glencourt Valley (IRE),J B Foley,0,L P Cusack,1st,N/A,7,11-3,84,True,113,18
Cork Racing Results | 11th May 2024 17:40,N/A,17:40,Good,2m 60y,Absolute Bliss,Mr S Tobin,7,Paul Tobin,NR,N/A,4,11-5,-,True,113,19
Cork Racing Results | 11th May 2024 17:40,N/A,17:40,Good,2m 60y,Chapter Thirty (IRE),Mr R Sugrue,7,E McCarthy,17th,1/2 l,4,11-5,-,True,113,19
Cork Racing Results | 11th May 2024 17:40,N/A,17:40,Good,2m 60y,She'll Be Kept (IRE),Mr E P O'Brien,5,D Kenneally,16th,23 l,4,11-5,-,True,113,19
Cork Racing Results | 11th May 2024 17:40,N/A,17:40,Good,2m 60y,Coldcave (IRE),Miss P Elvin,7,P J Rothwell,15th,1 l,4,11-5,-,True,113,19
Cork Racing Results | 11th May 2024 17:40,N/A,17:40,Good,2m 60y,Cash Chase (IRE),Mr D J Walsh,7,Brendan Walsh,14th,9 l,4,11-5,-,True,113,19
Cork Racing Results | 11th May 2024 17:40,N/A,17:40,Good,2m 60y,Gortmore Lady (IRE),Mr F Maguire,0,C Collins,13th,2 1/4 l,4,11-5,-,True,113,19
Cork Racing Results | 11th May 2024 17:40,N/A,17:40,Good,2m 60y,Dream On Baby (IRE),Mr Alan O'Sullivan,7,C Motherway,12th,3/4 l,4,11-5,-,True,113,19
Cork Racing Results | 11th May 2024 17:40,N/A,17:40,Good,2m 60y,Endless Pursuit (IRE),Mr T Hamilton,0,Mrs J Harrington,11th,2 3/4 l,4,11-5,-,True,113,19
Cork Racing Results | 11th May 2024 17:40,N/A,17:40,Good,2m 60y,Blue Eyed Girl,Mr D G Lavery,0,Patrick Turley,10th,4 l,4,11-5t1,-,True,113,19
Cork Racing Results | 11th May 2024 17:40,N/A,17:40,Good,2m 60y,Miss Corby (IRE),Mr D T Hyde,7,M F Morris,9th,2 1/2 l,4,11-5h,-,True,113,19
Cork Racing Results | 11th May 2024 17:40,N/A,17:40,Good,2m 60y,Sea Of Doubt (IRE),Mr T Walsh,7,R P Rath,8th,2 l,4,11-5,-,True,113,19
Cork Racing Results | 11th May 2024 17:40,N/A,17:40,Good,2m 60y,Landenatsea (IRE),Mr S Staples,7,P Flood,7th,3 1/4 l,4,11-5,-,True,113,19
Cork Racing Results | 11th May 2024 17:40,N/A,17:40,Good,2m 60y,Twentyfourcarrot,Mr J C Barry,3,D Queally,6th,4 1/4 l,4,11-5t,-,True,113,19
Cork Racing Results | 11th May 2024 17:40,N/A,17:40,Good,2m 60y,Leloopa (IRE),Mr H C Swan,3,J Barcoe,5th,3 1/4 l,4,11-5,-,True,113,19
Cork Racing Results | 11th May 2024 17:40,N/A,17:40,Good,2m 60y,Moyneard (IRE),Mr D Doyle,7,T Doyle,4th,1 1/4 l,4,11-5,-,True,113,19
Cork Racing Results | 11th May 2024 17:40,N/A,17:40,Good,2m 60y,Georgia's Charm (IRE),Miss A B O'Connor,3,Ms M Mullins,3rd,3 1/2 l,4,11-5,-,True,113,19
Cork Racing Results | 11th May 2024 17:40,N/A,17:40,Good,2m 60y,Sellerna Bay (IRE),Mr A P Ryan,7,M Fahey,2nd,2 1/2 l,4,11-5,-,True,113,19
Cork Racing Results | 11th May 2024 17:40,N/A,17:40,Good,2m 60y,Churchfield Sunset (IRE),Mr J L Gleeson,5,E Mullins,1st,N/A,4,11-5,-,True,113,19
Cork Racing Results | 11th May 2024 17:40,N/A,17:40,Good,2m 60y,Absolute Bliss,Mr S Tobin,7,Paul Tobin,NR,N/A,4,11-5,-,True,113,19
Cork Racing Results | 11th May 2024 17:40,N/A,17:40,Good,2m 60y,Chapter Thirty (IRE),Mr R Sugrue,7,E McCarthy,17th,1/2 l,4,11-5,-,True,113,19
Cork Racing Results | 11th May 2024 17:40,N/A,17:40,Good,2m 60y,She'll Be Kept (IRE),Mr E P O'Brien,5,D Kenneally,16th,23 l,4,11-5,-,True,113,19
Cork Racing Results | 11th May 2024 17:40,N/A,17:40,Good,2m 60y,Coldcave (IRE),Miss P Elvin,7,P J Rothwell,15th,1 l,4,11-5,-,True,113,19
Cork Racing Results | 11th May 2024 17:40,N/A,17:40,Good,2m 60y,Cash Chase (IRE),Mr D J Walsh,7,Brendan Walsh,14th,9 l,4,11-5,-,True,113,19
Cork Racing Results | 11th May 2024 17:40,N/A,17:40,Good,2m 60y,Gortmore Lady (IRE),Mr F Maguire,0,C Collins,13th,2 1/4 l,4,11-5,-,True,113,19
Cork Racing Results | 11th May 2024 17:40,N/A,17:40,Good,2m 60y,Dream On Baby (IRE),Mr Alan O'Sullivan,7,C Motherway,12th,3/4 l,4,11-5,-,True,113,19
Cork Racing Results | 11th May 2024 17:40,N/A,17:40,Good,2m 60y,Endless Pursuit (IRE),Mr T Hamilton,0,Mrs J Harrington,11th,2 3/4 l,4,11-5,-,True,113,19
Cork Racing Results | 11th May 2024 17:40,N/A,17:40,Good,2m 60y,Blue Eyed Girl,Mr D G Lavery,0,Patrick Turley,10th,4 l,4,11-5t1,-,True,113,19
Cork Racing Results | 11th May 2024 17:40,N/A,17:40,Good,2m 60y,Miss Corby (IRE),Mr D T Hyde,7,M F Morris,9th,2 1/2 l,4,11-5h,-,True,113,19
Cork Racing Results | 11th May 2024 17:40,N/A,17:40,Good,2m 60y,Sea Of Doubt (IRE),Mr T Walsh,7,R P Rath,8th,2 l,4,11-5,-,True,113,19
Cork Racing Results | 11th May 2024 17:40,N/A,17:40,Good,2m 60y,Landenatsea (IRE),Mr S Staples,7,P Flood,7th,3 1/4 l,4,11-5,-,True,113,19
Cork Racing Results | 11th May 2024 17:40,N/A,17:40,Good,2m 60y,Twentyfourcarrot,Mr J C Barry,3,D Queally,6th,4 1/4 l,4,11-5t,-,True,113,19
Cork Racing Results | 11th May 2024 17:40,N/A,17:40,Good,2m 60y,Leloopa (IRE),Mr H C Swan,3,J Barcoe,5th,3 1/4 l,4,11-5,-,True,113,19
Cork Racing Results | 11th May 2024 17:40,N/A,17:40,Good,2m 60y,Moyneard (IRE),Mr D Doyle,7,T Doyle,4th,1 1/4 l,4,11-5,-,True,113,19
Cork Racing Results | 11th May 2024 17:40,N/A,17:40,Good,2m 60y,Georgia's Charm (IRE),Miss A B O'Connor,3,Ms M Mullins,3rd,3 1/2 l,4,11-5,-,True,113,19
Cork Racing Results | 11th May 2024 17:40,N/A,17:40,Good,2m 60y,Sellerna Bay (IRE),Mr A P Ryan,7,M Fahey,2nd,2 1/2 l,4,11-5,-,True,113,19
Cork Racing Results | 11th May 2024 17:40,N/A,17:40,Good,2m 60y,Churchfield Sunset (IRE),Mr J L Gleeson,5,E Mullins,1st,N/A,4,11-5,-,True,113,19
Killarney Racing Results | 12th May 2024 13:00,N/A,13:00,Good To Yielding (Good In Places),2m 1f,Heroes Rise (IRE),J C Gainford,0,G Elliott,NR,N/A,4,10-13,-,True,113,20
Killarney Racing Results | 12th May 2024 13:00,N/A,13:00,Good To Yielding (Good In Places),2m 1f,King In Love (FR),S F O'Keeffe,0,S Aherne,NR,N/A,4,10-13,-,True,113,20
Killarney Racing Results | 12th May 2024 13:00,N/A,13:00,Good To Yielding (Good In Places),2m 1f,Arthur (GER),S F O'Keeffe,0,S Aherne,PU,N/A,4,10-13,-,True,113,20
Killarney Racing Results | 12th May 2024 13:00,N/A,13:00,Good To Yielding (Good In Places),2m 1f,Her Self (IRE),M M McDonagh,0,M Hourigan,PU,N/A,4,10-6,-,True,113,20
Killarney Racing Results | 12th May 2024 13:00,N/A,13:00,Good To Yielding (Good In Places),2m 1f,Dalmatic (IRE),M J M O'Sullivan,0,W J O'Doherty,F,N/A,4,10-13,-,True,113,20
Killarney Racing Results | 12th May 2024 13:00,N/A,13:00,Good To Yielding (Good In Places),2m 1f,Tenor D Anjou (FR),B Hayes,0,P Fenton,13th,2 l,4,10-13,-,True,113,20
Killarney Racing Results | 12th May 2024 13:00,N/A,13:00,Good To Yielding (Good In Places),2m 1f,Navy Beach (IRE),D King,0,A J Martin,12th,1 1/2 l,4,10-13,-,True,113,20
Killarney Racing Results | 12th May 2024 13:00,N/A,13:00,Good To Yielding (Good In Places),2m 1f,The Rebel County (IRE),N J Ryan,7,N Meade,11th,6 l,4,10-13,-,True,113,20
Killarney Racing Results | 12th May 2024 13:00,N/A,13:00,Good To Yielding (Good In Places),2m 1f,Redcliff Glen (GER),P Byrnes,3,C Byrnes,10th,Head,4,10-13,-,True,113,20
Killarney Racing Results | 12th May 2024 13:00,N/A,13:00,Good To Yielding (Good In Places),2m 1f,Getting There (IRE),S W Flanagan,0,W J Burke,9th,1 1/4 l,4,10-13h,-,True,113,20
Killarney Racing Results | 12th May 2024 13:00,N/A,13:00,Good To Yielding (Good In Places),2m 1f,Ballinoe Blaze (IRE),G B Noonan,5,E McCarthy,8th,7 1/2 l,4,10-13,-,True,113,20
Killarney Racing Results | 12th May 2024 13:00,N/A,13:00,Good To Yielding (Good In Places),2m 1f,Spitfire Fighter (IRE),D J O'Keeffe,0,N Meade,7th,1 1/2 l,4,10-13,-,True,113,20
Killarney Racing Results | 12th May 2024 13:00,N/A,13:00,Good To Yielding (Good In Places),2m 1f,Nicholas Street (IRE),M P Walsh,0,E Bolger,6th,12 l,4,10-13,-,True,113,20
Killarney Racing Results | 12th May 2024 13:00,N/A,13:00,Good To Yielding (Good In Places),2m 1f,Halla Paroiste (IRE),D J Gilligan,3,C Collins,5th,1/2 l,4,10-13,-,True,113,20
Killarney Racing Results | 12th May 2024 13:00,N/A,13:00,Good To Yielding (Good In Places),2m 1f,Tic Tac Toe (IRE),L Quinlan,5,R Hackett,4th,11 l,4,10-13,-,True,113,20
Killarney Racing Results | 12th May 2024 13:00,N/A,13:00,Good To Yielding (Good In Places),2m 1f,Duhallow Jury (IRE),J P Shinnick,7,L J Archdeacon,3rd,14 l,4,10-6,-,True,113,20
Killarney Racing Results | 12th May 2024 13:00,N/A,13:00,Good To Yielding (Good In Places),2m 1f,How About No (FR),J J Slevin,0,J P O'Brien,2nd,1 1/2 l,4,11-7,-,True,113,20
Killarney Racing Results | 12th May 2024 13:00,N/A,13:00,Good To Yielding (Good In Places),2m 1f,St Faz (FR),P T Enright,0,E J O'Grady,1st,N/A,4,11-7h,-,True,113,20
Killarney Racing Results | 12th May 2024 13:00,N/A,13:00,Good To Yielding (Good In Places),2m 1f,Heroes Rise (IRE),J C Gainford,0,G Elliott,NR,N/A,4,10-13,-,True,113,20
Killarney Racing Results | 12th May 2024 13:00,N/A,13:00,Good To Yielding (Good In Places),2m 1f,King In Love (FR),S F O'Keeffe,0,S Aherne,NR,N/A,4,10-13,-,True,113,20
Killarney Racing Results | 12th May 2024 13:00,N/A,13:00,Good To Yielding (Good In Places),2m 1f,Arthur (GER),S F O'Keeffe,0,S Aherne,PU,N/A,4,10-13,-,True,113,20
Killarney Racing Results | 12th May 2024 13:00,N/A,13:00,Good To Yielding (Good In Places),2m 1f,Her Self (IRE),M M McDonagh,0,M Hourigan,PU,N/A,4,10-6,-,True,113,20
Killarney Racing Results | 12th May 2024 13:00,N/A,13:00,Good To Yielding (Good In Places),2m 1f,Dalmatic (IRE),M J M O'Sullivan,0,W J O'Doherty,F,N/A,4,10-13,-,True,113,20
Killarney Racing Results | 12th May 2024 13:00,N/A,13:00,Good To Yielding (Good In Places),2m 1f,Tenor D Anjou (FR),B Hayes,0,P Fenton,13th,2 l,4,10-13,-,True,113,20
Killarney Racing Results | 12th May 2024 13:00,N/A,13:00,Good To Yielding (Good In Places),2m 1f,Navy Beach (IRE),D King,0,A J Martin,12th,1 1/2 l,4,10-13,-,True,113,20
Killarney Racing Results | 12th May 2024 13:00,N/A,13:00,Good To Yielding (Good In Places),2m 1f,The Rebel County (IRE),N J Ryan,7,N Meade,11th,6 l,4,10-13,-,True,113,20
Killarney Racing Results | 12th May 2024 13:00,N/A,13:00,Good To Yielding (Good In Places),2m 1f,Redcliff Glen (GER),P Byrnes,3,C Byrnes,10th,Head,4,10-13,-,True,113,20
Killarney Racing Results | 12th May 2024 13:00,N/A,13:00,Good To Yielding (Good In Places),2m 1f,Getting There (IRE),S W Flanagan,0,W J Burke,9th,1 1/4 l,4,10-13h,-,True,113,20
Killarney Racing Results | 12th May 2024 13:00,N/A,13:00,Good To Yielding (Good In Places),2m 1f,Ballinoe Blaze (IRE),G B Noonan,5,E McCarthy,8th,7 1/2 l,4,10-13,-,True,113,20
Killarney Racing Results | 12th May 2024 13:00,N/A,13:00,Good To Yielding (Good In Places),2m 1f,Spitfire Fighter (IRE),D J O'Keeffe,0,N Meade,7th,1 1/2 l,4,10-13,-,True,113,20
Killarney Racing Results | 12th May 2024 13:00,N/A,13:00,Good To Yielding (Good In Places),2m 1f,Nicholas Street (IRE),M P Walsh,0,E Bolger,6th,12 l,4,10-13,-,True,113,20
Killarney Racing Results | 12th May 2024 13:00,N/A,13:00,Good To Yielding (Good In Places),2m 1f,Halla Paroiste (IRE),D J Gilligan,3,C Collins,5th,1/2 l,4,10-13,-,True,113,20
Killarney Racing Results | 12th May 2024 13:00,N/A,13:00,Good To Yielding (Good In Places),2m 1f,Tic Tac Toe (IRE),L Quinlan,5,R Hackett,4th,11 l,4,10-13,-,True,113,20
Killarney Racing Results | 12th May 2024 13:00,N/A,13:00,Good To Yielding (Good In Places),2m 1f,Duhallow Jury (IRE),J P Shinnick,7,L J Archdeacon,3rd,14 l,4,10-6,-,True,113,20
Killarney Racing Results | 12th May 2024 13:00,N/A,13:00,Good To Yielding (Good In Places),2m 1f,How About No (FR),J J Slevin,0,J P O'Brien,2nd,1 1/2 l,4,11-7,-,True,113,20
Killarney Racing Results | 12th May 2024 13:00,N/A,13:00,Good To Yielding (Good In Places),2m 1f,St Faz (FR),P T Enright,0,E J O'Grady,1st,N/A,4,11-7h,-,True,113,20
Killarney Racing Results | 12th May 2024 13:35,N/A,13:35,Good To Yielding,2m 1f,King's Commander (FR),Shane Fenelon,7,J J Hanlon,NR,N/A,6,11-12,-,True,113,21
Killarney Racing Results | 12th May 2024 13:35,N/A,13:35,Good To Yielding,2m 1f,Botanic Ridge (IRE),M P O'Connor,3,Arthur Goulding,PU,N/A,7,11-4t,-,True,113,21
Killarney Racing Results | 12th May 2024 13:35,N/A,13:35,Good To Yielding,2m 1f,Taking Control (IRE),D J Gilligan,3,G Scott,PU,N/A,6,11-4,-,True,113,21
Killarney Racing Results | 12th May 2024 13:35,N/A,13:35,Good To Yielding,2m 1f,Sharetheknowledge (IRE),D J O'Keeffe,0,Paul Tobin,PU,N/A,5,11-4,-,True,113,21
Killarney Racing Results | 12th May 2024 13:35,N/A,13:35,Good To Yielding,2m 1f,Marks Bear (IRE),S W Flanagan,0,W J Burke,PU,N/A,6,11-12,-,True,113,21
Killarney Racing Results | 12th May 2024 13:35,N/A,13:35,Good To Yielding,2m 1f,March Law (IRE),J Smith,7,M J Smith,PU,N/A,6,11-12,-,True,113,21
Killarney Racing Results | 12th May 2024 13:35,N/A,13:35,Good To Yielding,2m 1f,Jocker Du Moulin (FR),J C Gainford,0,G Elliott,PU,N/A,5,11-4,-,True,113,21
Killarney Racing Results | 12th May 2024 13:35,N/A,13:35,Good To Yielding,2m 1f,Monty Cross (IRE),M M McDonagh,0,E J O'Grady,9th,1 l,6,11-4,-,True,113,21
Killarney Racing Results | 12th May 2024 13:35,N/A,13:35,Good To Yielding,2m 1f,Charlie Buckett (IRE),C P McNamara,0,E McNamara,8th,34 l,5,11-4,-,True,113,21
Killarney Racing Results | 12th May 2024 13:35,N/A,13:35,Good To Yielding,2m 1f,Relevant Range (IRE),R P Geoghegan,7,G Scott,7th,11 l,5,11-12h,-,True,113,21
Killarney Racing Results | 12th May 2024 13:35,N/A,13:35,Good To Yielding,2m 1f,Expound,D King,0,D Hogan,6th,1/2 l,5,11-4t,-,True,113,21
Killarney Racing Results | 12th May 2024 13:35,N/A,13:35,Good To Yielding,2m 1f,Fast Felix (IRE),G B Noonan,5,E McCarthy,5th,1 1/2 l,6,11-4t,-,True,113,21
Killarney Racing Results | 12th May 2024 13:35,N/A,13:35,Good To Yielding,2m 1f,Stumblin In (IRE),J J Doyle,0,P M J Doyle,4th,4 1/2 l,5,10-11,-,True,113,21
Killarney Racing Results | 12th May 2024 13:35,N/A,13:35,Good To Yielding,2m 1f,Sionnach Eile (IRE),M J M O'Sullivan,0,J G Murphy,3rd,15 l,7,11-12,-,True,113,21
Killarney Racing Results | 12th May 2024 13:35,N/A,13:35,Good To Yielding,2m 1f,Irish Panther,J J Slevin,0,E J O'Grady,2nd,24 l,7,11-4,-,True,113,21
Killarney Racing Results | 12th May 2024 13:35,N/A,13:35,Good To Yielding,2m 1f,Al Gasparo (FR),K M Donoghue,0,G P Cromwell,1st,N/A,5,11-4t,-,True,113,21
Killarney Racing Results | 12th May 2024 13:35,N/A,13:35,Good To Yielding,2m 1f,King's Commander (FR),Shane Fenelon,7,J J Hanlon,NR,N/A,6,11-12,-,True,113,21
Killarney Racing Results | 12th May 2024 13:35,N/A,13:35,Good To Yielding,2m 1f,Botanic Ridge (IRE),M P O'Connor,3,Arthur Goulding,PU,N/A,7,11-4t,-,True,113,21
Killarney Racing Results | 12th May 2024 13:35,N/A,13:35,Good To Yielding,2m 1f,Taking Control (IRE),D J Gilligan,3,G Scott,PU,N/A,6,11-4,-,True,113,21
Killarney Racing Results | 12th May 2024 13:35,N/A,13:35,Good To Yielding,2m 1f,Sharetheknowledge (IRE),D J O'Keeffe,0,Paul Tobin,PU,N/A,5,11-4,-,True,113,21
Killarney Racing Results | 12th May 2024 13:35,N/A,13:35,Good To Yielding,2m 1f,Marks Bear (IRE),S W Flanagan,0,W J Burke,PU,N/A,6,11-12,-,True,113,21
Killarney Racing Results | 12th May 2024 13:35,N/A,13:35,Good To Yielding,2m 1f,March Law (IRE),J Smith,7,M J Smith,PU,N/A,6,11-12,-,True,113,21
Killarney Racing Results | 12th May 2024 13:35,N/A,13:35,Good To Yielding,2m 1f,Jocker Du Moulin (FR),J C Gainford,0,G Elliott,PU,N/A,5,11-4,-,True,113,21
Killarney Racing Results | 12th May 2024 13:35,N/A,13:35,Good To Yielding,2m 1f,Monty Cross (IRE),M M McDonagh,0,E J O'Grady,9th,1 l,6,11-4,-,True,113,21
Killarney Racing Results | 12th May 2024 13:35,N/A,13:35,Good To Yielding,2m 1f,Charlie Buckett (IRE),C P McNamara,0,E McNamara,8th,34 l,5,11-4,-,True,113,21
Killarney Racing Results | 12th May 2024 13:35,N/A,13:35,Good To Yielding,2m 1f,Relevant Range (IRE),R P Geoghegan,7,G Scott,7th,11 l,5,11-12h,-,True,113,21
Killarney Racing Results | 12th May 2024 13:35,N/A,13:35,Good To Yielding,2m 1f,Expound,D King,0,D Hogan,6th,1/2 l,5,11-4t,-,True,113,21
Killarney Racing Results | 12th May 2024 13:35,N/A,13:35,Good To Yielding,2m 1f,Fast Felix (IRE),G B Noonan,5,E McCarthy,5th,1 1/2 l,6,11-4t,-,True,113,21
Killarney Racing Results | 12th May 2024 13:35,N/A,13:35,Good To Yielding,2m 1f,Stumblin In (IRE),J J Doyle,0,P M J Doyle,4th,4 1/2 l,5,10-11,-,True,113,21
Killarney Racing Results | 12th May 2024 13:35,N/A,13:35,Good To Yielding,2m 1f,Sionnach Eile (IRE),M J M O'Sullivan,0,J G Murphy,3rd,15 l,7,11-12,-,True,113,21
Killarney Racing Results | 12th May 2024 13:35,N/A,13:35,Good To Yielding,2m 1f,Irish Panther,J J Slevin,0,E J O'Grady,2nd,24 l,7,11-4,-,True,113,21
Killarney Racing Results | 12th May 2024 13:35,N/A,13:35,Good To Yielding,2m 1f,Al Gasparo (FR),K M Donoghue,0,G P Cromwell,1st,N/A,5,11-4t,-,True,113,21
Killarney Racing Results | 12th May 2024 14:10,N/A,14:10,Good To Yielding,2m 1f,Gaillimh A Run (IRE),J S McGarvey,0,J Queally,PU,N/A,7,11-0,-,True,113,22
Killarney Racing Results | 12th May 2024 14:10,N/A,14:10,Good To Yielding,2m 1f,Effernock Fizz (IRE),C P Millar,0,C Collins,6th,5 1/2 l,9,11-0tp,-,True,113,22
Killarney Racing Results | 12th May 2024 14:10,N/A,14:10,Good To Yielding,2m 1f,Miss Fourie (IRE),D J O'Keeffe,0,Peter Fahey,5th,1 3/4 l,7,11-0,-,True,113,22
Killarney Racing Results | 12th May 2024 14:10,N/A,14:10,Good To Yielding,2m 1f,Royal Eagle (IRE),D J Gilligan,0,G Elliott,4th,4 1/2 l,6,11-0,-,True,113,22
Killarney Racing Results | 12th May 2024 14:10,N/A,14:10,Good To Yielding,2m 1f,Shecouldbeanything (IRE),J C Gainford,0,G Elliott,3rd,1 1/2 l,7,11-7t,-,True,113,22
Killarney Racing Results | 12th May 2024 14:10,N/A,14:10,Good To Yielding,2m 1f,Lady Rita (IRE),Rachael Blackmore,0,Louise G Lyons,2nd,4 1/2 l,8,11-0tp,-,True,113,22
Killarney Racing Results | 12th May 2024 14:10,N/A,14:10,Good To Yielding,2m 1f,Minx Tiara (IRE),S W Flanagan,0,D M O'Brien,1st,N/A,9,11-0,-,True,113,22
Killarney Racing Results | 12th May 2024 14:10,N/A,14:10,Good To Yielding,2m 1f,Gaillimh A Run (IRE),J S McGarvey,0,J Queally,PU,N/A,7,11-0,-,True,113,22
Killarney Racing Results | 12th May 2024 14:10,N/A,14:10,Good To Yielding,2m 1f,Effernock Fizz (IRE),C P Millar,0,C Collins,6th,5 1/2 l,9,11-0tp,-,True,113,22
Killarney Racing Results | 12th May 2024 14:10,N/A,14:10,Good To Yielding,2m 1f,Miss Fourie (IRE),D J O'Keeffe,0,Peter Fahey,5th,1 3/4 l,7,11-0,-,True,113,22
Killarney Racing Results | 12th May 2024 14:10,N/A,14:10,Good To Yielding,2m 1f,Royal Eagle (IRE),D J Gilligan,0,G Elliott,4th,4 1/2 l,6,11-0,-,True,113,22
Killarney Racing Results | 12th May 2024 14:10,N/A,14:10,Good To Yielding,2m 1f,Shecouldbeanything (IRE),J C Gainford,0,G Elliott,3rd,1 1/2 l,7,11-7t,-,True,113,22
Killarney Racing Results | 12th May 2024 14:10,N/A,14:10,Good To Yielding,2m 1f,Lady Rita (IRE),Rachael Blackmore,0,Louise G Lyons,2nd,4 1/2 l,8,11-0tp,-,True,113,22
Killarney Racing Results | 12th May 2024 14:10,N/A,14:10,Good To Yielding,2m 1f,Minx Tiara (IRE),S W Flanagan,0,D M O'Brien,1st,N/A,9,11-0,-,True,113,22
Killarney Racing Results | 12th May 2024 14:45,N/A,14:45,Good To Yielding,2m 1f,Fascile Mode (IRE),J B Foley,0,T Mullins,NR,N/A,6,11-5,132,True,113,23
Killarney Racing Results | 12th May 2024 14:45,N/A,14:45,Good To Yielding,2m 1f,Cheerful Chap (IRE),S D Torrens,0,P J Rothwell,NR,N/A,7,10-4p,117,True,113,23
Killarney Racing Results | 12th May 2024 14:45,N/A,14:45,Good To Yielding,2m 1f,Icare Desbois (FR),P Townend,0,W P Mullins,UR,N/A,6,10-12,125,True,113,23
Killarney Racing Results | 12th May 2024 14:45,N/A,14:45,Good To Yielding,2m 1f,Encanto Bruno (IRE),K M Donoghue,0,G P Cromwell,PU,N/A,6,11-12,139,True,113,23
Killarney Racing Results | 12th May 2024 14:45,N/A,14:45,Good To Yielding,2m 1f,Common Practice (IRE),A P Kelly,5,J P O'Brien,PU,N/A,5,11-12tp,139,True,113,23
Killarney Racing Results | 12th May 2024 14:45,N/A,14:45,Good To Yielding,2m 1f,By Your Side,J Coen,5,G Elliott,8th,25 l,5,10-11,124,True,113,23
Killarney Racing Results | 12th May 2024 14:45,N/A,14:45,Good To Yielding,2m 1f,Clarens (IRE),D J O'Keeffe,0,J P Flavin,7th,1 3/4 l,7,10-3,116,True,113,23
Killarney Racing Results | 12th May 2024 14:45,N/A,14:45,Good To Yielding,2m 1f,Rock On Seamie (IRE),L Quinlan,5,R Hackett,6th,6 1/2 l,9,10-6,119,True,113,23
Killarney Racing Results | 12th May 2024 14:45,N/A,14:45,Good To Yielding,2m 1f,Set Point (IRE),D J Gilligan,3,G Elliott,5th,2 1/2 l,6,10-12p,125,True,113,23
Killarney Racing Results | 12th May 2024 14:45,N/A,14:45,Good To Yielding,2m 1f,Zeeband (IRE),S O'Callaghan,5,P J Gilligan,4th,2 1/4 l,7,10-2t,115,True,113,23
Killarney Racing Results | 12th May 2024 14:45,N/A,14:45,Good To Yielding,2m 1f,Fiveonefive (IRE),J C Gainford,0,C Collins,3rd,7 1/2 l,6,10-12p,125,True,113,23
Killarney Racing Results | 12th May 2024 14:45,N/A,14:45,Good To Yielding,2m 1f,So Scottish (FR),M P Walsh,0,E Mullins,2nd,Head,7,11-0p,127,True,113,23
Killarney Racing Results | 12th May 2024 14:45,N/A,14:45,Good To Yielding,2m 1f,Senecia (IRE),P T Enright,0,V Halley,1st,N/A,7,11-1,128,True,113,23
Killarney Racing Results | 12th May 2024 14:45,N/A,14:45,Good To Yielding,2m 1f,Fascile Mode (IRE),J B Foley,0,T Mullins,NR,N/A,6,11-5,132,True,113,23
Killarney Racing Results | 12th May 2024 14:45,N/A,14:45,Good To Yielding,2m 1f,Cheerful Chap (IRE),S D Torrens,0,P J Rothwell,NR,N/A,7,10-4p,117,True,113,23
Killarney Racing Results | 12th May 2024 14:45,N/A,14:45,Good To Yielding,2m 1f,Icare Desbois (FR),P Townend,0,W P Mullins,UR,N/A,6,10-12,125,True,113,23
Killarney Racing Results | 12th May 2024 14:45,N/A,14:45,Good To Yielding,2m 1f,Encanto Bruno (IRE),K M Donoghue,0,G P Cromwell,PU,N/A,6,11-12,139,True,113,23
Killarney Racing Results | 12th May 2024 14:45,N/A,14:45,Good To Yielding,2m 1f,Common Practice (IRE),A P Kelly,5,J P O'Brien,PU,N/A,5,11-12tp,139,True,113,23
Killarney Racing Results | 12th May 2024 14:45,N/A,14:45,Good To Yielding,2m 1f,By Your Side,J Coen,5,G Elliott,8th,25 l,5,10-11,124,True,113,23
Killarney Racing Results | 12th May 2024 14:45,N/A,14:45,Good To Yielding,2m 1f,Clarens (IRE),D J O'Keeffe,0,J P Flavin,7th,1 3/4 l,7,10-3,116,True,113,23
Killarney Racing Results | 12th May 2024 14:45,N/A,14:45,Good To Yielding,2m 1f,Rock On Seamie (IRE),L Quinlan,5,R Hackett,6th,6 1/2 l,9,10-6,119,True,113,23
Killarney Racing Results | 12th May 2024 14:45,N/A,14:45,Good To Yielding,2m 1f,Set Point (IRE),D J Gilligan,3,G Elliott,5th,2 1/2 l,6,10-12p,125,True,113,23
Killarney Racing Results | 12th May 2024 14:45,N/A,14:45,Good To Yielding,2m 1f,Zeeband (IRE),S O'Callaghan,5,P J Gilligan,4th,2 1/4 l,7,10-2t,115,True,113,23
Killarney Racing Results | 12th May 2024 14:45,N/A,14:45,Good To Yielding,2m 1f,Fiveonefive (IRE),J C Gainford,0,C Collins,3rd,7 1/2 l,6,10-12p,125,True,113,23
Killarney Racing Results | 12th May 2024 14:45,N/A,14:45,Good To Yielding,2m 1f,So Scottish (FR),M P Walsh,0,E Mullins,2nd,Head,7,11-0p,127,True,113,23
Killarney Racing Results | 12th May 2024 14:45,N/A,14:45,Good To Yielding,2m 1f,Senecia (IRE),P T Enright,0,V Halley,1st,N/A,7,11-1,128,True,113,23
Killarney Racing Results | 12th May 2024 15:20,N/A,15:20,Good To Yielding,2m 7f,Decimation (IRE),C P McNamara,0,E McNamara,5th,82 l,9,11-4,-,True,113,24
Killarney Racing Results | 12th May 2024 15:20,N/A,15:20,Good To Yielding,2m 7f,Music Of Tara,Rachael Blackmore,0,H De Bromhead,4th,1 l,7,11-3t,-,True,113,24
Killarney Racing Results | 12th May 2024 15:20,N/A,15:20,Good To Yielding,2m 7f,Gaelic Arc (IRE),D King,0,J P Ryan,3rd,22 l,8,11-4,-,True,113,24
Killarney Racing Results | 12th May 2024 15:20,N/A,15:20,Good To Yielding,2m 7f,Duffle Coat (IRE),D J Gilligan,3,G Elliott,2nd,1/2 l,7,11-4p,-,True,113,24
Killarney Racing Results | 12th May 2024 15:20,N/A,15:20,Good To Yielding,2m 7f,Solitary Man (IRE),D J O'Keeffe,0,E Bolger,1st,N/A,6,11-4,-,True,113,24
Killarney Racing Results | 12th May 2024 15:20,N/A,15:20,Good To Yielding,2m 7f,Decimation (IRE),C P McNamara,0,E McNamara,5th,82 l,9,11-4,-,True,113,24
Killarney Racing Results | 12th May 2024 15:20,N/A,15:20,Good To Yielding,2m 7f,Music Of Tara,Rachael Blackmore,0,H De Bromhead,4th,1 l,7,11-3t,-,True,113,24
Killarney Racing Results | 12th May 2024 15:20,N/A,15:20,Good To Yielding,2m 7f,Gaelic Arc (IRE),D King,0,J P Ryan,3rd,22 l,8,11-4,-,True,113,24
Killarney Racing Results | 12th May 2024 15:20,N/A,15:20,Good To Yielding,2m 7f,Duffle Coat (IRE),D J Gilligan,3,G Elliott,2nd,1/2 l,7,11-4p,-,True,113,24
Killarney Racing Results | 12th May 2024 15:20,N/A,15:20,Good To Yielding,2m 7f,Solitary Man (IRE),D J O'Keeffe,0,E Bolger,1st,N/A,6,11-4,-,True,113,24
Killarney Racing Results | 12th May 2024 15:55,N/A,15:55,Good To Yielding,2m 4f 180y,Imperial Fox (IRE),D J O'Keeffe,0,Padraig Butler,PU,N/A,6,11-7tp,-,True,113,25
Killarney Racing Results | 12th May 2024 15:55,N/A,15:55,Good To Yielding,2m 4f 180y,Sadies Diamond (IRE),J S McGarvey,0,J J Hanlon,PU,N/A,5,11-7h,-,True,113,25
Killarney Racing Results | 12th May 2024 15:55,N/A,15:55,Good To Yielding,2m 4f 180y,Pebble Bleu (IRE),P T Enright,0,C Motherway,PU,N/A,5,11-7,-,True,113,25
Killarney Racing Results | 12th May 2024 15:55,N/A,15:55,Good To Yielding,2m 4f 180y,Seventy Eight Team (IRE),D J Gilligan,3,P J Gilligan,F,N/A,6,11-7,-,True,113,25
Killarney Racing Results | 12th May 2024 15:55,N/A,15:55,Good To Yielding,2m 4f 180y,Electric Dreamer (IRE),S W Flanagan,0,W J Burke,6th,1 l,6,11-7,-,True,113,25
Killarney Racing Results | 12th May 2024 15:55,N/A,15:55,Good To Yielding,2m 4f 180y,Miss Oreo (IRE),Shane Fenelon,7,J J Hanlon,5th,3 1/2 l,6,11-7h,-,True,113,25
Killarney Racing Results | 12th May 2024 15:55,N/A,15:55,Good To Yielding,2m 4f 180y,Costanuci (IRE),B Hayes,0,J Queally,4th,24 l,7,11-7,-,True,113,25
Killarney Racing Results | 12th May 2024 15:55,N/A,15:55,Good To Yielding,2m 4f 180y,Sea Aster (IRE),J C Gainford,0,G Elliott,3rd,2 3/4 l,6,11-7p,-,True,113,25
Killarney Racing Results | 12th May 2024 15:55,N/A,15:55,Good To Yielding,2m 4f 180y,Henning (IRE),D King,0,D Hogan,2nd,7 l,7,11-7,-,True,113,25
Killarney Racing Results | 12th May 2024 15:55,N/A,15:55,Good To Yielding,2m 4f 180y,Saylavee (IRE),P Townend,0,W P Mullins,1st,N/A,7,11-7,-,True,113,25
Killarney Racing Results | 12th May 2024 15:55,N/A,15:55,Good To Yielding,2m 4f 180y,Imperial Fox (IRE),D J O'Keeffe,0,Padraig Butler,PU,N/A,6,11-7tp,-,True,113,25
Killarney Racing Results | 12th May 2024 15:55,N/A,15:55,Good To Yielding,2m 4f 180y,Sadies Diamond (IRE),J S McGarvey,0,J J Hanlon,PU,N/A,5,11-7h,-,True,113,25
Killarney Racing Results | 12th May 2024 15:55,N/A,15:55,Good To Yielding,2m 4f 180y,Pebble Bleu (IRE),P T Enright,0,C Motherway,PU,N/A,5,11-7,-,True,113,25
Killarney Racing Results | 12th May 2024 15:55,N/A,15:55,Good To Yielding,2m 4f 180y,Seventy Eight Team (IRE),D J Gilligan,3,P J Gilligan,F,N/A,6,11-7,-,True,113,25
Killarney Racing Results | 12th May 2024 15:55,N/A,15:55,Good To Yielding,2m 4f 180y,Electric Dreamer (IRE),S W Flanagan,0,W J Burke,6th,1 l,6,11-7,-,True,113,25
Killarney Racing Results | 12th May 2024 15:55,N/A,15:55,Good To Yielding,2m 4f 180y,Miss Oreo (IRE),Shane Fenelon,7,J J Hanlon,5th,3 1/2 l,6,11-7h,-,True,113,25
Killarney Racing Results | 12th May 2024 15:55,N/A,15:55,Good To Yielding,2m 4f 180y,Costanuci (IRE),B Hayes,0,J Queally,4th,24 l,7,11-7,-,True,113,25
Killarney Racing Results | 12th May 2024 15:55,N/A,15:55,Good To Yielding,2m 4f 180y,Sea Aster (IRE),J C Gainford,0,G Elliott,3rd,2 3/4 l,6,11-7p,-,True,113,25
Killarney Racing Results | 12th May 2024 15:55,N/A,15:55,Good To Yielding,2m 4f 180y,Henning (IRE),D King,0,D Hogan,2nd,7 l,7,11-7,-,True,113,25
Killarney Racing Results | 12th May 2024 15:55,N/A,15:55,Good To Yielding,2m 4f 180y,Saylavee (IRE),P Townend,0,W P Mullins,1st,N/A,7,11-7,-,True,113,25
Killarney Racing Results | 12th May 2024 16:30,N/A,16:30,Good To Yielding,3m 2f,Fakiera (FR),R A Doyle,0,E Griffin,UR,N/A,9,10-8tb,122,True,113,26
Killarney Racing Results | 12th May 2024 16:30,N/A,16:30,Good To Yielding,3m 2f,Birchdale (IRE),M P Walsh,0,E Bolger,PU,N/A,10,11-3b,131,True,113,26
Killarney Racing Results | 12th May 2024 16:30,N/A,16:30,Good To Yielding,3m 2f,Cavalry Master (IRE),J C Gainford,0,G Elliott,F,N/A,10,10-13tb,127,True,113,26
Killarney Racing Results | 12th May 2024 16:30,N/A,16:30,Good To Yielding,3m 2f,True Faith (IRE),Rachael Blackmore,0,H De Bromhead,F,N/A,8,10-10,124,True,113,26
Killarney Racing Results | 12th May 2024 16:30,N/A,16:30,Good To Yielding,3m 2f,Irish Blaze (IRE),E Walsh,0,C Collins,11th,1 3/4 l,8,11-2h,130,True,113,26
Killarney Racing Results | 12th May 2024 16:30,N/A,16:30,Good To Yielding,3m 2f,The Abbey (IRE),D J Gilligan,3,G Elliott,10th,16 l,11,10-1p,115,True,113,26
Killarney Racing Results | 12th May 2024 16:30,N/A,16:30,Good To Yielding,3m 2f,West Cork Wildway (IRE),K M Donoghue,0,P O'Flynn,9th,3/4 l,10,11-5p,133,True,113,26
Killarney Racing Results | 12th May 2024 16:30,N/A,16:30,Good To Yielding,3m 2f,Potters Party (IRE),D J O'Keeffe,0,H De Bromhead,8th,Head,7,10-6tp,120,True,113,26
Killarney Racing Results | 12th May 2024 16:30,N/A,16:30,Good To Yielding,3m 2f,The Little Yank (IRE),S F O'Keeffe,0,J P Ryan,7th,6 l,9,10-0,114,True,113,26
Killarney Racing Results | 12th May 2024 16:30,N/A,16:30,Good To Yielding,3m 2f,Jumping Jet (IRE),C P Millar,7,G Elliott,6th,8 1/2 l,8,11-0,128,True,113,26
Killarney Racing Results | 12th May 2024 16:30,N/A,16:30,Good To Yielding,3m 2f,Hascoeur Clermont (FR),S W Flanagan,0,G P Cromwell,5th,1/2 l,7,10-9,123,True,113,26
Killarney Racing Results | 12th May 2024 16:30,N/A,16:30,Good To Yielding,3m 2f,Macgiloney (IRE),D King,0,D Hogan,4th,6 l,11,10-9,123,True,113,26
Killarney Racing Results | 12th May 2024 16:30,N/A,16:30,Good To Yielding,3m 2f,Midnight Our Fred (IRE),P T Enright,0,J P Flavin,3rd,4 3/4 l,7,10-4t,118,True,113,26
Killarney Racing Results | 12th May 2024 16:30,N/A,16:30,Good To Yielding,3m 2f,Stealthy Tom (IRE),C G O'Dwyer,5,E Bolger,2nd,1 3/4 l,9,11-12p,140,True,113,26
Killarney Racing Results | 12th May 2024 16:30,N/A,16:30,Good To Yielding,3m 2f,Brideswell Lad (IRE),J J Slevin,0,S Neville,1st,N/A,8,11-8,136,True,113,26
Killarney Racing Results | 12th May 2024 16:30,N/A,16:30,Good To Yielding,3m 2f,Fakiera (FR),R A Doyle,0,E Griffin,UR,N/A,9,10-8tb,122,True,113,26
Killarney Racing Results | 12th May 2024 16:30,N/A,16:30,Good To Yielding,3m 2f,Birchdale (IRE),M P Walsh,0,E Bolger,PU,N/A,10,11-3b,131,True,113,26
Killarney Racing Results | 12th May 2024 16:30,N/A,16:30,Good To Yielding,3m 2f,Cavalry Master (IRE),J C Gainford,0,G Elliott,F,N/A,10,10-13tb,127,True,113,26
Killarney Racing Results | 12th May 2024 16:30,N/A,16:30,Good To Yielding,3m 2f,True Faith (IRE),Rachael Blackmore,0,H De Bromhead,F,N/A,8,10-10,124,True,113,26
Killarney Racing Results | 12th May 2024 16:30,N/A,16:30,Good To Yielding,3m 2f,Irish Blaze (IRE),E Walsh,0,C Collins,11th,1 3/4 l,8,11-2h,130,True,113,26
Killarney Racing Results | 12th May 2024 16:30,N/A,16:30,Good To Yielding,3m 2f,The Abbey (IRE),D J Gilligan,3,G Elliott,10th,16 l,11,10-1p,115,True,113,26
Killarney Racing Results | 12th May 2024 16:30,N/A,16:30,Good To Yielding,3m 2f,West Cork Wildway (IRE),K M Donoghue,0,P O'Flynn,9th,3/4 l,10,11-5p,133,True,113,26
Killarney Racing Results | 12th May 2024 16:30,N/A,16:30,Good To Yielding,3m 2f,Potters Party (IRE),D J O'Keeffe,0,H De Bromhead,8th,Head,7,10-6tp,120,True,113,26
Killarney Racing Results | 12th May 2024 16:30,N/A,16:30,Good To Yielding,3m 2f,The Little Yank (IRE),S F O'Keeffe,0,J P Ryan,7th,6 l,9,10-0,114,True,113,26
Killarney Racing Results | 12th May 2024 16:30,N/A,16:30,Good To Yielding,3m 2f,Jumping Jet (IRE),C P Millar,7,G Elliott,6th,8 1/2 l,8,11-0,128,True,113,26
Killarney Racing Results | 12th May 2024 16:30,N/A,16:30,Good To Yielding,3m 2f,Hascoeur Clermont (FR),S W Flanagan,0,G P Cromwell,5th,1/2 l,7,10-9,123,True,113,26
Killarney Racing Results | 12th May 2024 16:30,N/A,16:30,Good To Yielding,3m 2f,Macgiloney (IRE),D King,0,D Hogan,4th,6 l,11,10-9,123,True,113,26
Killarney Racing Results | 12th May 2024 16:30,N/A,16:30,Good To Yielding,3m 2f,Midnight Our Fred (IRE),P T Enright,0,J P Flavin,3rd,4 3/4 l,7,10-4t,118,True,113,26
Killarney Racing Results | 12th May 2024 16:30,N/A,16:30,Good To Yielding,3m 2f,Stealthy Tom (IRE),C G O'Dwyer,5,E Bolger,2nd,1 3/4 l,9,11-12p,140,True,113,26
Killarney Racing Results | 12th May 2024 16:30,N/A,16:30,Good To Yielding,3m 2f,Brideswell Lad (IRE),J J Slevin,0,S Neville,1st,N/A,8,11-8,136,True,113,26
Killarney Racing Results | 12th May 2024 17:05,N/A,17:05,Good To Yielding  Flat (Turf),2m 1f,Casa Manolo (IRE),Conor Clarke,7,L J Archdeacon,12th,77 l,4,11-10,-,True,113,27
Killarney Racing Results | 12th May 2024 17:05,N/A,17:05,Good To Yielding  Flat (Turf),2m 1f,Light On His Feet (IRE),J P Shinnick,7,T O'Brien,11th,Head,4,11-10,-,True,113,27
Killarney Racing Results | 12th May 2024 17:05,N/A,17:05,Good To Yielding  Flat (Turf),2m 1f,Kingdom Calling (FR),Shane Fenelon,7,E McCarthy,10th,28 l,4,11-10,-,True,113,27
Killarney Racing Results | 12th May 2024 17:05,N/A,17:05,Good To Yielding  Flat (Turf),2m 1f,Florida Strait (IRE),Mr T Hamilton,0,J P O'Brien,9th,33 l,4,11-10,-,True,113,27
Killarney Racing Results | 12th May 2024 17:05,N/A,17:05,Good To Yielding  Flat (Turf),2m 1f,Brave Soldier (IRE),T P Harney,7,Miss M M Gannon,8th,1 3/4 l,4,11-10,-,True,113,27
Killarney Racing Results | 12th May 2024 17:05,N/A,17:05,Good To Yielding  Flat (Turf),2m 1f,Highland Earl (IRE),Mr P W Gleeson,7,L P Cusack,7th,2 1/2 l,4,11-10,-,True,113,27
Killarney Racing Results | 12th May 2024 17:05,N/A,17:05,Good To Yielding  Flat (Turf),2m 1f,Mother Ship (IRE),Mr P Hanlon,7,J J Hanlon,6th,1 3/4 l,4,11-3,-,True,113,27
Killarney Racing Results | 12th May 2024 17:05,N/A,17:05,Good To Yielding  Flat (Turf),2m 1f,Shadow Paddy (IRE),T Joseph Kelly,7,E McCarthy,5th,5 1/2 l,4,11-10,-,True,113,27
Killarney Racing Results | 12th May 2024 17:05,N/A,17:05,Good To Yielding  Flat (Turf),2m 1f,Spinola Bay,Mr H C Swan,3,G Elliott,4th,3 l,4,11-10,-,True,113,27
Killarney Racing Results | 12th May 2024 17:05,N/A,17:05,Good To Yielding  Flat (Turf),2m 1f,Gather Yourself (IRE),C P Millar,7,C Collins,3rd,Neck,4,11-10,-,True,113,27
Killarney Racing Results | 12th May 2024 17:05,N/A,17:05,Good To Yielding  Flat (Turf),2m 1f,Derryville (IRE),Mr D Doyle,7,S Curling,2nd,19 l,4,11-3,-,True,113,27
Killarney Racing Results | 12th May 2024 17:05,N/A,17:05,Good To Yielding  Flat (Turf),2m 1f,Kalium (FR),Mr P W Mullins,0,S Doyle,1st,N/A,4,11-10,-,True,113,27
Killarney Racing Results | 12th May 2024 17:05,N/A,17:05,Good To Yielding  Flat (Turf),2m 1f,Casa Manolo (IRE),Conor Clarke,7,L J Archdeacon,12th,77 l,4,11-10,-,True,113,27
Killarney Racing Results | 12th May 2024 17:05,N/A,17:05,Good To Yielding  Flat (Turf),2m 1f,Light On His Feet (IRE),J P Shinnick,7,T O'Brien,11th,Head,4,11-10,-,True,113,27
Killarney Racing Results | 12th May 2024 17:05,N/A,17:05,Good To Yielding  Flat (Turf),2m 1f,Kingdom Calling (FR),Shane Fenelon,7,E McCarthy,10th,28 l,4,11-10,-,True,113,27
Killarney Racing Results | 12th May 2024 17:05,N/A,17:05,Good To Yielding  Flat (Turf),2m 1f,Florida Strait (IRE),Mr T Hamilton,0,J P O'Brien,9th,33 l,4,11-10,-,True,113,27
Killarney Racing Results | 12th May 2024 17:05,N/A,17:05,Good To Yielding  Flat (Turf),2m 1f,Brave Soldier (IRE),T P Harney,7,Miss M M Gannon,8th,1 3/4 l,4,11-10,-,True,113,27
Killarney Racing Results | 12th May 2024 17:05,N/A,17:05,Good To Yielding  Flat (Turf),2m 1f,Highland Earl (IRE),Mr P W Gleeson,7,L P Cusack,7th,2 1/2 l,4,11-10,-,True,113,27
Killarney Racing Results | 12th May 2024 17:05,N/A,17:05,Good To Yielding  Flat (Turf),2m 1f,Mother Ship (IRE),Mr P Hanlon,7,J J Hanlon,6th,1 3/4 l,4,11-3,-,True,113,27
Killarney Racing Results | 12th May 2024 17:05,N/A,17:05,Good To Yielding  Flat (Turf),2m 1f,Shadow Paddy (IRE),T Joseph Kelly,7,E McCarthy,5th,5 1/2 l,4,11-10,-,True,113,27
Killarney Racing Results | 12th May 2024 17:05,N/A,17:05,Good To Yielding  Flat (Turf),2m 1f,Spinola Bay,Mr H C Swan,3,G Elliott,4th,3 l,4,11-10,-,True,113,27
Killarney Racing Results | 12th May 2024 17:05,N/A,17:05,Good To Yielding  Flat (Turf),2m 1f,Gather Yourself (IRE),C P Millar,7,C Collins,3rd,Neck,4,11-10,-,True,113,27
Killarney Racing Results | 12th May 2024 17:05,N/A,17:05,Good To Yielding  Flat (Turf),2m 1f,Derryville (IRE),Mr D Doyle,7,S Curling,2nd,19 l,4,11-3,-,True,113,27
Killarney Racing Results | 12th May 2024 17:05,N/A,17:05,Good To Yielding  Flat (Turf),2m 1f,Kalium (FR),Mr P W Mullins,0,S Doyle,1st,N/A,4,11-10,-,True,113,27
Leopardstown Racing Results | 12th May 2024 13:15,N/A,13:15,Good (Good To Firm In Places),7f 53y,Speedwood (FR),Non Runner,0,E & P Harty,NR,N/A,3,9-8,-,True,113,28
Leopardstown Racing Results | 12th May 2024 13:15,N/A,13:15,Good (Good To Firm In Places),7f 53y,Perfect Reel (IRE),C Geerdharry,7,M C Grassick,NR,N/A,3,9-8,-,True,113,28
Leopardstown Racing Results | 12th May 2024 13:15,N/A,13:15,Good (Good To Firm In Places),7f 53y,Hot To Foxtrot (IRE),L T McAteer,0,P T Foley,NR,N/A,4,10-1,-,True,113,28
Leopardstown Racing Results | 12th May 2024 13:15,N/A,13:15,Good (Good To Firm In Places),7f 53y,Sayfa Fad (IRE),G P Halpin,0,J Geoghegan,12th,3 3/4 l,3,9-3,-,True,113,28
Leopardstown Racing Results | 12th May 2024 13:15,N/A,13:15,Good (Good To Firm In Places),7f 53y,Saxon Kingdom (IRE),D E Sheehy,0,M C Grassick,11th,3/4 l,3,9-8h1,-,True,113,28
Leopardstown Racing Results | 12th May 2024 13:15,N/A,13:15,Good (Good To Firm In Places),7f 53y,Sub Rosa,R C Colgan,0,D Kinsella,10th,1 l,4,10-1t1,-,True,113,28
Leopardstown Racing Results | 12th May 2024 13:15,N/A,13:15,Good (Good To Firm In Places),7f 53y,Mastastroque (IRE),A J Slattery,0,J A Stack,9th,Neck,3,9-8,-,True,113,28
Leopardstown Racing Results | 12th May 2024 13:15,N/A,13:15,Good (Good To Firm In Places),7f 53y,Hilasmos,B M Coen,0,A Oliver,8th,Neck,3,9-8p1,-,True,113,28
Leopardstown Racing Results | 12th May 2024 13:15,N/A,13:15,Good (Good To Firm In Places),7f 53y,Invincible Keen (IRE),N G McCullagh,0,M Halford & T Collins,7th,2 1/4 l,3,9-8,-,True,113,28
Leopardstown Racing Results | 12th May 2024 13:15,N/A,13:15,Good (Good To Firm In Places),7f 53y,Purple Sky (IRE),Gabriella Adela Hill,10,J S Bolger,6th,1 1/2 l,3,9-3,-,True,113,28
Leopardstown Racing Results | 12th May 2024 13:15,N/A,13:15,Good (Good To Firm In Places),7f 53y,Versatile (IRE),S Foley,0,Mrs J Harrington,5th,1 3/4 l,3,9-8t1,-,True,113,28
Leopardstown Racing Results | 12th May 2024 13:15,N/A,13:15,Good (Good To Firm In Places),7f 53y,An Mhi Abu (IRE),C D Hayes,0,G P Cromwell,4th,1 1/2 l,3,9-8,-,True,113,28
Leopardstown Racing Results | 12th May 2024 13:15,N/A,13:15,Good (Good To Firm In Places),7f 53y,White Clover (IRE),G F Carroll,0,J G Murphy,3rd,2 l,3,9-3,-,True,113,28
Leopardstown Racing Results | 12th May 2024 13:15,N/A,13:15,Good (Good To Firm In Places),7f 53y,Apricot Ice (IRE),C T Keane,0,G M Lyons,2nd,2 1/4 l,3,9-3,-,True,113,28
Leopardstown Racing Results | 12th May 2024 13:15,N/A,13:15,Good (Good To Firm In Places),7f 53y,Igor Stravinsky (IRE),W M Lordan,0,A P O'Brien,1st,N/A,3,9-8b,-,True,113,28
Leopardstown Racing Results | 12th May 2024 13:15,N/A,13:15,Good (Good To Firm In Places),7f 53y,Speedwood (FR),Non Runner,0,E & P Harty,NR,N/A,3,9-8,-,True,113,28
Leopardstown Racing Results | 12th May 2024 13:15,N/A,13:15,Good (Good To Firm In Places),7f 53y,Perfect Reel (IRE),C Geerdharry,7,M C Grassick,NR,N/A,3,9-8,-,True,113,28
Leopardstown Racing Results | 12th May 2024 13:15,N/A,13:15,Good (Good To Firm In Places),7f 53y,Hot To Foxtrot (IRE),L T McAteer,0,P T Foley,NR,N/A,4,10-1,-,True,113,28
Leopardstown Racing Results | 12th May 2024 13:15,N/A,13:15,Good (Good To Firm In Places),7f 53y,Sayfa Fad (IRE),G P Halpin,0,J Geoghegan,12th,3 3/4 l,3,9-3,-,True,113,28
Leopardstown Racing Results | 12th May 2024 13:15,N/A,13:15,Good (Good To Firm In Places),7f 53y,Saxon Kingdom (IRE),D E Sheehy,0,M C Grassick,11th,3/4 l,3,9-8h1,-,True,113,28
Leopardstown Racing Results | 12th May 2024 13:15,N/A,13:15,Good (Good To Firm In Places),7f 53y,Sub Rosa,R C Colgan,0,D Kinsella,10th,1 l,4,10-1t1,-,True,113,28
Leopardstown Racing Results | 12th May 2024 13:15,N/A,13:15,Good (Good To Firm In Places),7f 53y,Mastastroque (IRE),A J Slattery,0,J A Stack,9th,Neck,3,9-8,-,True,113,28
Leopardstown Racing Results | 12th May 2024 13:15,N/A,13:15,Good (Good To Firm In Places),7f 53y,Hilasmos,B M Coen,0,A Oliver,8th,Neck,3,9-8p1,-,True,113,28
Leopardstown Racing Results | 12th May 2024 13:15,N/A,13:15,Good (Good To Firm In Places),7f 53y,Invincible Keen (IRE),N G McCullagh,0,M Halford & T Collins,7th,2 1/4 l,3,9-8,-,True,113,28
Leopardstown Racing Results | 12th May 2024 13:15,N/A,13:15,Good (Good To Firm In Places),7f 53y,Purple Sky (IRE),Gabriella Adela Hill,10,J S Bolger,6th,1 1/2 l,3,9-3,-,True,113,28
Leopardstown Racing Results | 12th May 2024 13:15,N/A,13:15,Good (Good To Firm In Places),7f 53y,Versatile (IRE),S Foley,0,Mrs J Harrington,5th,1 3/4 l,3,9-8t1,-,True,113,28
Leopardstown Racing Results | 12th May 2024 13:15,N/A,13:15,Good (Good To Firm In Places),7f 53y,An Mhi Abu (IRE),C D Hayes,0,G P Cromwell,4th,1 1/2 l,3,9-8,-,True,113,28
Leopardstown Racing Results | 12th May 2024 13:15,N/A,13:15,Good (Good To Firm In Places),7f 53y,White Clover (IRE),G F Carroll,0,J G Murphy,3rd,2 l,3,9-3,-,True,113,28
Leopardstown Racing Results | 12th May 2024 13:15,N/A,13:15,Good (Good To Firm In Places),7f 53y,Apricot Ice (IRE),C T Keane,0,G M Lyons,2nd,2 1/4 l,3,9-3,-,True,113,28
Leopardstown Racing Results | 12th May 2024 13:15,N/A,13:15,Good (Good To Firm In Places),7f 53y,Igor Stravinsky (IRE),W M Lordan,0,A P O'Brien,1st,N/A,3,9-8b,-,True,113,28
Leopardstown Racing Results | 12th May 2024 13:50,N/A,13:50,Good (Good To Firm In Places),1m 4f,Albali (IRE),B M Coen,0,A Oliver,9th,14 l,3,9-8,-,True,113,29
Leopardstown Racing Results | 12th May 2024 13:50,N/A,13:50,Good (Good To Firm In Places),1m 4f,Final Entry (IRE),S Foley,0,Mrs J Harrington,8th,4 1/2 l,3,9-8tp1,-,True,113,29
Leopardstown Racing Results | 12th May 2024 13:50,N/A,13:50,Good (Good To Firm In Places),1m 4f,Dark Oak (IRE),G F Carroll,0,J G Murphy,7th,9 1/2 l,3,9-3,-,True,113,29
Leopardstown Racing Results | 12th May 2024 13:50,N/A,13:50,Good (Good To Firm In Places),1m 4f,Teofimo (IRE),D P McDonogh,0,J S Bolger,6th,Nose,3,9-8,-,True,113,29
Leopardstown Racing Results | 12th May 2024 13:50,N/A,13:50,Good (Good To Firm In Places),1m 4f,Timurshah (IRE),N G McCullagh,0,M Halford & T Collins,5th,1 3/4 l,3,9-8,-,True,113,29
Leopardstown Racing Results | 12th May 2024 13:50,N/A,13:50,Good (Good To Firm In Places),1m 4f,Highland Bling (IRE),S T McCullagh,3,Mrs J Harrington,4th,2 l,3,9-8,-,True,113,29
Leopardstown Racing Results | 12th May 2024 13:50,N/A,13:50,Good (Good To Firm In Places),1m 4f,Vice President (IRE),J Cleary,7,A P O'Brien,3rd,Nose,3,9-8,-,True,113,29
Leopardstown Racing Results | 12th May 2024 13:50,N/A,13:50,Good (Good To Firm In Places),1m 4f,Himalayan Heights (IRE),C T Keane,0,G M Lyons,2nd,7 1/2 l,3,9-8,-,True,113,29
Leopardstown Racing Results | 12th May 2024 13:50,N/A,13:50,Good (Good To Firm In Places),1m 4f,Highbury (FR),W M Lordan,0,A P O'Brien,1st,N/A,3,9-8,-,True,113,29
Leopardstown Racing Results | 12th May 2024 13:50,N/A,13:50,Good (Good To Firm In Places),1m 4f,Albali (IRE),B M Coen,0,A Oliver,9th,14 l,3,9-8,-,True,113,29
Leopardstown Racing Results | 12th May 2024 13:50,N/A,13:50,Good (Good To Firm In Places),1m 4f,Final Entry (IRE),S Foley,0,Mrs J Harrington,8th,4 1/2 l,3,9-8tp1,-,True,113,29
Leopardstown Racing Results | 12th May 2024 13:50,N/A,13:50,Good (Good To Firm In Places),1m 4f,Dark Oak (IRE),G F Carroll,0,J G Murphy,7th,9 1/2 l,3,9-3,-,True,113,29
Leopardstown Racing Results | 12th May 2024 13:50,N/A,13:50,Good (Good To Firm In Places),1m 4f,Teofimo (IRE),D P McDonogh,0,J S Bolger,6th,Nose,3,9-8,-,True,113,29
Leopardstown Racing Results | 12th May 2024 13:50,N/A,13:50,Good (Good To Firm In Places),1m 4f,Timurshah (IRE),N G McCullagh,0,M Halford & T Collins,5th,1 3/4 l,3,9-8,-,True,113,29
Leopardstown Racing Results | 12th May 2024 13:50,N/A,13:50,Good (Good To Firm In Places),1m 4f,Highland Bling (IRE),S T McCullagh,3,Mrs J Harrington,4th,2 l,3,9-8,-,True,113,29
Leopardstown Racing Results | 12th May 2024 13:50,N/A,13:50,Good (Good To Firm In Places),1m 4f,Vice President (IRE),J Cleary,7,A P O'Brien,3rd,Nose,3,9-8,-,True,113,29
Leopardstown Racing Results | 12th May 2024 13:50,N/A,13:50,Good (Good To Firm In Places),1m 4f,Himalayan Heights (IRE),C T Keane,0,G M Lyons,2nd,7 1/2 l,3,9-8,-,True,113,29
Leopardstown Racing Results | 12th May 2024 13:50,N/A,13:50,Good (Good To Firm In Places),1m 4f,Highbury (FR),W M Lordan,0,A P O'Brien,1st,N/A,3,9-8,-,True,113,29
Leopardstown Racing Results | 12th May 2024 14:25,N/A,14:25,Good (Good To Firm In Places),1m,Ameilya,L T McAteer,0,J M Barrett,7th,2 1/4 l,3,9-2,-,True,113,30
Leopardstown Racing Results | 12th May 2024 14:25,N/A,14:25,Good (Good To Firm In Places),1m,One Look (IRE),S Foley,0,P Twomey,6th,2 1/4 l,3,9-2t1,-,True,113,30
Leopardstown Racing Results | 12th May 2024 14:25,N/A,14:25,Good (Good To Firm In Places),1m,Cheeky Wink (IRE),B M Coen,0,J P Murtagh,5th,Neck,3,9-2,-,True,113,30
Leopardstown Racing Results | 12th May 2024 14:25,N/A,14:25,Good (Good To Firm In Places),1m,Unreasonable (IRE),D P McDonogh,0,J P O'Brien,4th,2 3/4 l,3,9-2,-,True,113,30
Leopardstown Racing Results | 12th May 2024 14:25,N/A,14:25,Good (Good To Firm In Places),1m,Vina Arana (IRE),G F Carroll,0,H De Bromhead,3rd,Head,3,9-2,-,True,113,30
Leopardstown Racing Results | 12th May 2024 14:25,N/A,14:25,Good (Good To Firm In Places),1m,Buttons (IRE),W M Lordan,0,A P O'Brien,2nd,3/4 l,3,9-2,-,True,113,30
Leopardstown Racing Results | 12th May 2024 14:25,N/A,14:25,Good (Good To Firm In Places),1m,Wendla,C T Keane,0,G M Lyons,1st,N/A,3,9-2,-,True,113,30
Leopardstown Racing Results | 12th May 2024 14:25,N/A,14:25,Good (Good To Firm In Places),1m,Ameilya,L T McAteer,0,J M Barrett,7th,2 1/4 l,3,9-2,-,True,113,30
Leopardstown Racing Results | 12th May 2024 14:25,N/A,14:25,Good (Good To Firm In Places),1m,One Look (IRE),S Foley,0,P Twomey,6th,2 1/4 l,3,9-2t1,-,True,113,30
Leopardstown Racing Results | 12th May 2024 14:25,N/A,14:25,Good (Good To Firm In Places),1m,Cheeky Wink (IRE),B M Coen,0,J P Murtagh,5th,Neck,3,9-2,-,True,113,30
Leopardstown Racing Results | 12th May 2024 14:25,N/A,14:25,Good (Good To Firm In Places),1m,Unreasonable (IRE),D P McDonogh,0,J P O'Brien,4th,2 3/4 l,3,9-2,-,True,113,30
Leopardstown Racing Results | 12th May 2024 14:25,N/A,14:25,Good (Good To Firm In Places),1m,Vina Arana (IRE),G F Carroll,0,H De Bromhead,3rd,Head,3,9-2,-,True,113,30
Leopardstown Racing Results | 12th May 2024 14:25,N/A,14:25,Good (Good To Firm In Places),1m,Buttons (IRE),W M Lordan,0,A P O'Brien,2nd,3/4 l,3,9-2,-,True,113,30
Leopardstown Racing Results | 12th May 2024 14:25,N/A,14:25,Good (Good To Firm In Places),1m,Wendla,C T Keane,0,G M Lyons,1st,N/A,3,9-2,-,True,113,30
Leopardstown Racing Results | 12th May 2024 15:00,N/A,15:00,Good (Good To Firm In Places),1m,Yosemite Valley,G M Ryan,0,Donnacha O'Brien,NR,N/A,4,9-9,-,True,113,31
Leopardstown Racing Results | 12th May 2024 15:00,N/A,15:00,Good (Good To Firm In Places),1m,Quar Shamar (GER),S Foley,0,Mrs J Harrington,NR,N/A,4,9-9p1,-,True,113,31
Leopardstown Racing Results | 12th May 2024 15:00,N/A,15:00,Good (Good To Firm In Places),1m,Fiscal Rules (IRE),D P McDonogh,0,J S Bolger,5th,1 1/2 l,7,9-9,-,True,113,31
Leopardstown Racing Results | 12th May 2024 15:00,N/A,15:00,Good (Good To Firm In Places),1m,Power Under Me (IRE),C T Keane,0,G M Lyons,4th,1 3/4 l,6,9-9t,-,True,113,31
Leopardstown Racing Results | 12th May 2024 15:00,N/A,15:00,Good (Good To Firm In Places),1m,Knight To King (IRE),C D Hayes,0,D K Weld,3rd,3/4 l,4,9-9,-,True,113,31
Leopardstown Racing Results | 12th May 2024 15:00,N/A,15:00,Good (Good To Firm In Places),1m,Real Appeal (GER),B M Coen,0,A McGuinness,2nd,1/2 l,7,9-9p,-,True,113,31
Leopardstown Racing Results | 12th May 2024 15:00,N/A,15:00,Good (Good To Firm In Places),1m,Bold Discovery (USA),S Foley,0,Mrs J Harrington,1st,N/A,4,9-9,-,True,113,31
Leopardstown Racing Results | 12th May 2024 15:00,N/A,15:00,Good (Good To Firm In Places),1m,Yosemite Valley,G M Ryan,0,Donnacha O'Brien,NR,N/A,4,9-9,-,True,113,31
Leopardstown Racing Results | 12th May 2024 15:00,N/A,15:00,Good (Good To Firm In Places),1m,Quar Shamar (GER),S Foley,0,Mrs J Harrington,NR,N/A,4,9-9p1,-,True,113,31
Leopardstown Racing Results | 12th May 2024 15:00,N/A,15:00,Good (Good To Firm In Places),1m,Fiscal Rules (IRE),D P McDonogh,0,J S Bolger,5th,1 1/2 l,7,9-9,-,True,113,31
Leopardstown Racing Results | 12th May 2024 15:00,N/A,15:00,Good (Good To Firm In Places),1m,Power Under Me (IRE),C T Keane,0,G M Lyons,4th,1 3/4 l,6,9-9t,-,True,113,31
Leopardstown Racing Results | 12th May 2024 15:00,N/A,15:00,Good (Good To Firm In Places),1m,Knight To King (IRE),C D Hayes,0,D K Weld,3rd,3/4 l,4,9-9,-,True,113,31
Leopardstown Racing Results | 12th May 2024 15:00,N/A,15:00,Good (Good To Firm In Places),1m,Real Appeal (GER),B M Coen,0,A McGuinness,2nd,1/2 l,7,9-9p,-,True,113,31
Leopardstown Racing Results | 12th May 2024 15:00,N/A,15:00,Good (Good To Firm In Places),1m,Bold Discovery (USA),S Foley,0,Mrs J Harrington,1st,N/A,4,9-9,-,True,113,31
Leopardstown Racing Results | 12th May 2024 15:35,N/A,15:35,Good (Good To Firm In Places),1m 2f,Bremen (IRE),G M Ryan,0,Donnacha O'Brien,5th,1/2 l,3,9-5,-,True,113,32
Leopardstown Racing Results | 12th May 2024 15:35,N/A,15:35,Good (Good To Firm In Places),1m 2f,Keeper's Heart (IRE),C T Keane,0,G M Lyons,4th,1/2 l,3,9-5,-,True,113,32
Leopardstown Racing Results | 12th May 2024 15:35,N/A,15:35,Good (Good To Firm In Places),1m 2f,Taraj (IRE),C D Hayes,0,D K Weld,3rd,Head,3,9-5,-,True,113,32
Leopardstown Racing Results | 12th May 2024 15:35,N/A,15:35,Good (Good To Firm In Places),1m 2f,Euphoric,D P McDonogh,0,A P O'Brien,2nd,1 l,3,9-5,-,True,113,32
Leopardstown Racing Results | 12th May 2024 15:35,N/A,15:35,Good (Good To Firm In Places),1m 2f,Los Angeles (IRE),W M Lordan,0,A P O'Brien,1st,N/A,3,9-5,-,True,113,32
Leopardstown Racing Results | 12th May 2024 15:35,N/A,15:35,Good (Good To Firm In Places),1m 2f,Bremen (IRE),G M Ryan,0,Donnacha O'Brien,5th,1/2 l,3,9-5,-,True,113,32
Leopardstown Racing Results | 12th May 2024 15:35,N/A,15:35,Good (Good To Firm In Places),1m 2f,Keeper's Heart (IRE),C T Keane,0,G M Lyons,4th,1/2 l,3,9-5,-,True,113,32
Leopardstown Racing Results | 12th May 2024 15:35,N/A,15:35,Good (Good To Firm In Places),1m 2f,Taraj (IRE),C D Hayes,0,D K Weld,3rd,Head,3,9-5,-,True,113,32
Leopardstown Racing Results | 12th May 2024 15:35,N/A,15:35,Good (Good To Firm In Places),1m 2f,Euphoric,D P McDonogh,0,A P O'Brien,2nd,1 l,3,9-5,-,True,113,32
Leopardstown Racing Results | 12th May 2024 15:35,N/A,15:35,Good (Good To Firm In Places),1m 2f,Los Angeles (IRE),W M Lordan,0,A P O'Brien,1st,N/A,3,9-5,-,True,113,32
Leopardstown Racing Results | 12th May 2024 16:10,N/A,16:10,Good (Good To Firm In Places),1m 2f,Vivacious Lady (IRE),N G McCullagh,0,M Halford & T Collins,9th,3 1/2 l,3,9-1,-,True,113,33
Leopardstown Racing Results | 12th May 2024 16:10,N/A,16:10,Good (Good To Firm In Places),1m 2f,Shavasi (IRE),D P McDonogh,0,J P O'Brien,8th,2 l,3,9-1,-,True,113,33
Leopardstown Racing Results | 12th May 2024 16:10,N/A,16:10,Good (Good To Firm In Places),1m 2f,Breathe Again (IRE),R C Colgan,0,S Lavery,7th,1/2 l,3,9-1,-,True,113,33
Leopardstown Racing Results | 12th May 2024 16:10,N/A,16:10,Good (Good To Firm In Places),1m 2f,Comic Book,S Foley,0,Mrs J Harrington,6th,1 1/4 l,3,9-1,-,True,113,33
Leopardstown Racing Results | 12th May 2024 16:10,N/A,16:10,Good (Good To Firm In Places),1m 2f,North Africa (IRE),J Cleary,7,A P O'Brien,5th,1/2 l,3,9-1,-,True,113,33
Leopardstown Racing Results | 12th May 2024 16:10,N/A,16:10,Good (Good To Firm In Places),1m 2f,Ob La Di (IRE),B M Coen,0,J P Murtagh,4th,1 3/4 l,3,9-1,-,True,113,33
Leopardstown Racing Results | 12th May 2024 16:10,N/A,16:10,Good (Good To Firm In Places),1m 2f,Fleetingly (USA),W M Lordan,0,A P O'Brien,3rd,4 1/4 l,3,9-1b,-,True,113,33
Leopardstown Racing Results | 12th May 2024 16:10,N/A,16:10,Good (Good To Firm In Places),1m 2f,Finsceal Luas (IRE),A J Slattery,0,J S Bolger,2nd,2 1/4 l,3,9-1t1,-,True,113,33
Leopardstown Racing Results | 12th May 2024 16:10,N/A,16:10,Good (Good To Firm In Places),1m 2f,Lope De Lilas (IRE),C T Keane,0,W P Mullins,1st,N/A,3,9-1,-,True,113,33
Leopardstown Racing Results | 12th May 2024 16:10,N/A,16:10,Good (Good To Firm In Places),1m 2f,Vivacious Lady (IRE),N G McCullagh,0,M Halford & T Collins,9th,3 1/2 l,3,9-1,-,True,113,33
Leopardstown Racing Results | 12th May 2024 16:10,N/A,16:10,Good (Good To Firm In Places),1m 2f,Shavasi (IRE),D P McDonogh,0,J P O'Brien,8th,2 l,3,9-1,-,True,113,33
Leopardstown Racing Results | 12th May 2024 16:10,N/A,16:10,Good (Good To Firm In Places),1m 2f,Breathe Again (IRE),R C Colgan,0,S Lavery,7th,1/2 l,3,9-1,-,True,113,33
Leopardstown Racing Results | 12th May 2024 16:10,N/A,16:10,Good (Good To Firm In Places),1m 2f,Comic Book,S Foley,0,Mrs J Harrington,6th,1 1/4 l,3,9-1,-,True,113,33
Leopardstown Racing Results | 12th May 2024 16:10,N/A,16:10,Good (Good To Firm In Places),1m 2f,North Africa (IRE),J Cleary,7,A P O'Brien,5th,1/2 l,3,9-1,-,True,113,33
Leopardstown Racing Results | 12th May 2024 16:10,N/A,16:10,Good (Good To Firm In Places),1m 2f,Ob La Di (IRE),B M Coen,0,J P Murtagh,4th,1 3/4 l,3,9-1,-,True,113,33
Leopardstown Racing Results | 12th May 2024 16:10,N/A,16:10,Good (Good To Firm In Places),1m 2f,Fleetingly (USA),W M Lordan,0,A P O'Brien,3rd,4 1/4 l,3,9-1b,-,True,113,33
Leopardstown Racing Results | 12th May 2024 16:10,N/A,16:10,Good (Good To Firm In Places),1m 2f,Finsceal Luas (IRE),A J Slattery,0,J S Bolger,2nd,2 1/4 l,3,9-1t1,-,True,113,33
Leopardstown Racing Results | 12th May 2024 16:10,N/A,16:10,Good (Good To Firm In Places),1m 2f,Lope De Lilas (IRE),C T Keane,0,W P Mullins,1st,N/A,3,9-1,-,True,113,33
Leopardstown Racing Results | 12th May 2024 16:45,N/A,16:45,Good (Good To Firm In Places),1m 2f,Joe Masseria (IRE),N M Crosse,0,L Breen,NR,N/A,5,9-3,79,True,113,34
Leopardstown Racing Results | 12th May 2024 16:45,N/A,16:45,Good (Good To Firm In Places),1m 2f,Lady Arwen,C Horgan,7,C O'Dwyer,NR,N/A,5,9-2,78,True,113,34
Leopardstown Racing Results | 12th May 2024 16:45,N/A,16:45,Good (Good To Firm In Places),1m 2f,Jaafel (IRE),S P Davis,0,C Byrnes,11th,3/4 l,6,9-1,77,True,113,34
Leopardstown Racing Results | 12th May 2024 16:45,N/A,16:45,Good (Good To Firm In Places),1m 2f,Grey Leader (IRE),G F Carroll,0,J G Murphy,10th,3/4 l,4,9-13,89,True,113,34
Leopardstown Racing Results | 12th May 2024 16:45,N/A,16:45,Good (Good To Firm In Places),1m 2f,Complete Fiction (IRE),C D Hayes,0,J P Fahey,9th,Neck,7,8-13p,75,True,113,34
Leopardstown Racing Results | 12th May 2024 16:45,N/A,16:45,Good (Good To Firm In Places),1m 2f,Come On The Lads (IRE),J M Sheridan,0,J Davison,8th,1/2 l,4,8-12,74,True,113,34
Leopardstown Racing Results | 12th May 2024 16:45,N/A,16:45,Good (Good To Firm In Places),1m 2f,Ceallach (IRE),W M Lordan,0,M Halford & T Collins,7th,1/2 l,5,10-0t,90,True,113,34
Leopardstown Racing Results | 12th May 2024 16:45,N/A,16:45,Good (Good To Firm In Places),1m 2f,Hutton Glen (IRE),C T Keane,0,G M Lyons,6th,1 3/4 l,4,9-1,77,True,113,34
Leopardstown Racing Results | 12th May 2024 16:45,N/A,16:45,Good (Good To Firm In Places),1m 2f,Chavajod,R Coakley,0,D P Coakley,5th,2 l,6,9-2b,78,True,113,34
Leopardstown Racing Results | 12th May 2024 16:45,N/A,16:45,Good (Good To Firm In Places),1m 2f,Squire Danagher,B M Coen,0,A Oliver,4th,Head,4,9-5b,81,True,113,34
Leopardstown Racing Results | 12th May 2024 16:45,N/A,16:45,Good (Good To Firm In Places),1m 2f,Global Energy,K G Kennedy,7,S Lavery,3rd,2 3/4 l,5,9-4,80,True,113,34
Leopardstown Racing Results | 12th May 2024 16:45,N/A,16:45,Good (Good To Firm In Places),1m 2f,Ethical Diamond (IRE),D P McDonogh,0,W P Mullins,2nd,Nose,4,9-13,89,True,113,34
Leopardstown Racing Results | 12th May 2024 16:45,N/A,16:45,Good (Good To Firm In Places),1m 2f,Saturn (IRE),S Foley,0,Mrs J Harrington,1st,N/A,4,9-4t,80,True,113,34
Leopardstown Racing Results | 12th May 2024 16:45,N/A,16:45,Good (Good To Firm In Places),1m 2f,Joe Masseria (IRE),N M Crosse,0,L Breen,NR,N/A,5,9-3,79,True,113,34
Leopardstown Racing Results | 12th May 2024 16:45,N/A,16:45,Good (Good To Firm In Places),1m 2f,Lady Arwen,C Horgan,7,C O'Dwyer,NR,N/A,5,9-2,78,True,113,34
Leopardstown Racing Results | 12th May 2024 16:45,N/A,16:45,Good (Good To Firm In Places),1m 2f,Jaafel (IRE),S P Davis,0,C Byrnes,11th,3/4 l,6,9-1,77,True,113,34
Leopardstown Racing Results | 12th May 2024 16:45,N/A,16:45,Good (Good To Firm In Places),1m 2f,Grey Leader (IRE),G F Carroll,0,J G Murphy,10th,3/4 l,4,9-13,89,True,113,34
Leopardstown Racing Results | 12th May 2024 16:45,N/A,16:45,Good (Good To Firm In Places),1m 2f,Complete Fiction (IRE),C D Hayes,0,J P Fahey,9th,Neck,7,8-13p,75,True,113,34
Leopardstown Racing Results | 12th May 2024 16:45,N/A,16:45,Good (Good To Firm In Places),1m 2f,Come On The Lads (IRE),J M Sheridan,0,J Davison,8th,1/2 l,4,8-12,74,True,113,34
Leopardstown Racing Results | 12th May 2024 16:45,N/A,16:45,Good (Good To Firm In Places),1m 2f,Ceallach (IRE),W M Lordan,0,M Halford & T Collins,7th,1/2 l,5,10-0t,90,True,113,34
Leopardstown Racing Results | 12th May 2024 16:45,N/A,16:45,Good (Good To Firm In Places),1m 2f,Hutton Glen (IRE),C T Keane,0,G M Lyons,6th,1 3/4 l,4,9-1,77,True,113,34
Leopardstown Racing Results | 12th May 2024 16:45,N/A,16:45,Good (Good To Firm In Places),1m 2f,Chavajod,R Coakley,0,D P Coakley,5th,2 l,6,9-2b,78,True,113,34
Leopardstown Racing Results | 12th May 2024 16:45,N/A,16:45,Good (Good To Firm In Places),1m 2f,Squire Danagher,B M Coen,0,A Oliver,4th,Head,4,9-5b,81,True,113,34
Leopardstown Racing Results | 12th May 2024 16:45,N/A,16:45,Good (Good To Firm In Places),1m 2f,Global Energy,K G Kennedy,7,S Lavery,3rd,2 3/4 l,5,9-4,80,True,113,34
Leopardstown Racing Results | 12th May 2024 16:45,N/A,16:45,Good (Good To Firm In Places),1m 2f,Ethical Diamond (IRE),D P McDonogh,0,W P Mullins,2nd,Nose,4,9-13,89,True,113,34
Leopardstown Racing Results | 12th May 2024 16:45,N/A,16:45,Good (Good To Firm In Places),1m 2f,Saturn (IRE),S Foley,0,Mrs J Harrington,1st,N/A,4,9-4t,80,True,113,34
Leopardstown Racing Results | 12th May 2024 17:20,N/A,17:20,Good (Good To Firm In Places),1m 4f,Cow Chico (IRE),K Stott,0,J P O'Brien,8th,44 l,3,9-8t,81,True,113,35
Leopardstown Racing Results | 12th May 2024 17:20,N/A,17:20,Good (Good To Firm In Places),1m 4f,Benvoy (IRE),S Foley,0,H De Bromhead,7th,4 l,3,8-13,72,True,113,35
Leopardstown Racing Results | 12th May 2024 17:20,N/A,17:20,Good (Good To Firm In Places),1m 4f,Cloud Seeker,A J Slattery,0,A Slattery,6th,Head,3,8-7,66,True,113,35
Leopardstown Racing Results | 12th May 2024 17:20,N/A,17:20,Good (Good To Firm In Places),1m 4f,Huxley (IRE),G M Ryan,0,Donnacha O'Brien,5th,2 1/4 l,3,9-11,84,True,113,35
Leopardstown Racing Results | 12th May 2024 17:20,N/A,17:20,Good (Good To Firm In Places),1m 4f,Natural Ruler (IRE),B M Coen,0,J P Murtagh,4th,3/4 l,3,9-2,75,True,113,35
Leopardstown Racing Results | 12th May 2024 17:20,N/A,17:20,Good (Good To Firm In Places),1m 4f,Tamrat (IRE),C T Keane,0,G M Lyons,3rd,1/2 l,3,10-1,88,True,113,35
Leopardstown Racing Results | 12th May 2024 17:20,N/A,17:20,Good (Good To Firm In Places),1m 4f,Invention (IRE),P A Harnett,5,Donnacha O'Brien,2nd,1 3/4 l,3,9-12,85,True,113,35
Leopardstown Racing Results | 12th May 2024 17:20,N/A,17:20,Good (Good To Firm In Places),1m 4f,Ortelius (USA),W M Lordan,0,A P O'Brien,1st,N/A,3,9-12,85,True,113,35
Leopardstown Racing Results | 12th May 2024 17:20,N/A,17:20,Good (Good To Firm In Places),1m 4f,Cow Chico (IRE),K Stott,0,J P O'Brien,8th,44 l,3,9-8t,81,True,113,35
Leopardstown Racing Results | 12th May 2024 17:20,N/A,17:20,Good (Good To Firm In Places),1m 4f,Benvoy (IRE),S Foley,0,H De Bromhead,7th,4 l,3,8-13,72,True,113,35
Leopardstown Racing Results | 12th May 2024 17:20,N/A,17:20,Good (Good To Firm In Places),1m 4f,Cloud Seeker,A J Slattery,0,A Slattery,6th,Head,3,8-7,66,True,113,35
Leopardstown Racing Results | 12th May 2024 17:20,N/A,17:20,Good (Good To Firm In Places),1m 4f,Huxley (IRE),G M Ryan,0,Donnacha O'Brien,5th,2 1/4 l,3,9-11,84,True,113,35
Leopardstown Racing Results | 12th May 2024 17:20,N/A,17:20,Good (Good To Firm In Places),1m 4f,Natural Ruler (IRE),B M Coen,0,J P Murtagh,4th,3/4 l,3,9-2,75,True,113,35
Leopardstown Racing Results | 12th May 2024 17:20,N/A,17:20,Good (Good To Firm In Places),1m 4f,Tamrat (IRE),C T Keane,0,G M Lyons,3rd,1/2 l,3,10-1,88,True,113,35
Leopardstown Racing Results | 12th May 2024 17:20,N/A,17:20,Good (Good To Firm In Places),1m 4f,Invention (IRE),P A Harnett,5,Donnacha O'Brien,2nd,1 3/4 l,3,9-12,85,True,113,35
Leopardstown Racing Results | 12th May 2024 17:20,N/A,17:20,Good (Good To Firm In Places),1m 4f,Ortelius (USA),W M Lordan,0,A P O'Brien,1st,N/A,3,9-12,85,True,113,35
Roscommon Racing Results | 13th May 2024 16:25,N/A,16:25,Soft,7f 148y,All Right By Me (IRE),C T Keane,0,G M Lyons,NR,N/A,2,9-2,-,True,113,36
Roscommon Racing Results | 13th May 2024 16:25,N/A,16:25,Soft,7f 148y,William F Browne (IRE),G F Carroll,0,G M Lyons,NR,N/A,2,9-2,-,True,113,36
Roscommon Racing Results | 13th May 2024 16:25,N/A,16:25,Soft,7f 148y,Your Call (IRE),J A Powell,3,N Meade,NR,N/A,2,9-2,-,True,113,36
Roscommon Racing Results | 13th May 2024 16:25,N/A,16:25,Soft,7f 148y,Undefeatable (IRE),J J G Ryan,5,K Smith,10th,3 1/4 l,2,9-0,-,True,113,36
Roscommon Racing Results | 13th May 2024 16:25,N/A,16:25,Soft,7f 148y,Pure Granite (IRE),Adam Caffrey,5,John M Harney,9th,4 1/2 l,2,9-4,-,True,113,36
Roscommon Racing Results | 13th May 2024 16:25,N/A,16:25,Soft,7f 148y,Handmedownmybible (IRE),R C Colgan,0,P Magee,8th,11 l,2,9-2,-,True,113,36
Roscommon Racing Results | 13th May 2024 16:25,N/A,16:25,Soft,7f 148y,Refreshment (IRE),R P Whelan,0,M Fahey,7th,5 1/2 l,2,9-4,-,True,113,36
Roscommon Racing Results | 13th May 2024 16:25,N/A,16:25,Soft,7f 148y,Zaraahmando (IRE),B M Coen,0,A Slattery,6th,3/4 l,2,9-0,-,True,113,36
Roscommon Racing Results | 13th May 2024 16:25,N/A,16:25,Soft,7f 148y,Nermansa (IRE),A J Slattery,0,D Marnane,5th,3 1/2 l,2,8-9,-,True,113,36
Roscommon Racing Results | 13th May 2024 16:25,N/A,16:25,Soft,7f 148y,Native Honey (IRE),D P McDonogh,0,J S Bolger,4th,3 l,2,9-0,-,True,113,36
Roscommon Racing Results | 13th May 2024 16:25,N/A,16:25,Soft,7f 148y,Elzem (IRE),D McMonagle,0,J P O'Brien,3rd,1/2 l,2,9-0,-,True,113,36
Roscommon Racing Results | 13th May 2024 16:25,N/A,16:25,Soft,7f 148y,I Am Me (IRE),G M Ryan,0,Donnacha O'Brien,2nd,3/4 l,2,9-2,-,True,113,36
Roscommon Racing Results | 13th May 2024 16:25,N/A,16:25,Soft,7f 148y,Lady O (IRE),S Foley,0,Mrs J Harrington,1st,N/A,2,8-13,-,True,113,36
Roscommon Racing Results | 13th May 2024 16:25,N/A,16:25,Soft,7f 148y,All Right By Me (IRE),C T Keane,0,G M Lyons,NR,N/A,2,9-2,-,True,113,36
Roscommon Racing Results | 13th May 2024 16:25,N/A,16:25,Soft,7f 148y,William F Browne (IRE),G F Carroll,0,G M Lyons,NR,N/A,2,9-2,-,True,113,36
Roscommon Racing Results | 13th May 2024 16:25,N/A,16:25,Soft,7f 148y,Your Call (IRE),J A Powell,3,N Meade,NR,N/A,2,9-2,-,True,113,36
Roscommon Racing Results | 13th May 2024 16:25,N/A,16:25,Soft,7f 148y,Undefeatable (IRE),J J G Ryan,5,K Smith,10th,3 1/4 l,2,9-0,-,True,113,36
Roscommon Racing Results | 13th May 2024 16:25,N/A,16:25,Soft,7f 148y,Pure Granite (IRE),Adam Caffrey,5,John M Harney,9th,4 1/2 l,2,9-4,-,True,113,36
Roscommon Racing Results | 13th May 2024 16:25,N/A,16:25,Soft,7f 148y,Handmedownmybible (IRE),R C Colgan,0,P Magee,8th,11 l,2,9-2,-,True,113,36
Roscommon Racing Results | 13th May 2024 16:25,N/A,16:25,Soft,7f 148y,Refreshment (IRE),R P Whelan,0,M Fahey,7th,5 1/2 l,2,9-4,-,True,113,36
Roscommon Racing Results | 13th May 2024 16:25,N/A,16:25,Soft,7f 148y,Zaraahmando (IRE),B M Coen,0,A Slattery,6th,3/4 l,2,9-0,-,True,113,36
Roscommon Racing Results | 13th May 2024 16:25,N/A,16:25,Soft,7f 148y,Nermansa (IRE),A J Slattery,0,D Marnane,5th,3 1/2 l,2,8-9,-,True,113,36
Roscommon Racing Results | 13th May 2024 16:25,N/A,16:25,Soft,7f 148y,Native Honey (IRE),D P McDonogh,0,J S Bolger,4th,3 l,2,9-0,-,True,113,36
Roscommon Racing Results | 13th May 2024 16:25,N/A,16:25,Soft,7f 148y,Elzem (IRE),D McMonagle,0,J P O'Brien,3rd,1/2 l,2,9-0,-,True,113,36
Roscommon Racing Results | 13th May 2024 16:25,N/A,16:25,Soft,7f 148y,I Am Me (IRE),G M Ryan,0,Donnacha O'Brien,2nd,3/4 l,2,9-2,-,True,113,36
Roscommon Racing Results | 13th May 2024 16:25,N/A,16:25,Soft,7f 148y,Lady O (IRE),S Foley,0,Mrs J Harrington,1st,N/A,2,8-13,-,True,113,36
Roscommon Racing Results | 13th May 2024 16:55,N/A,16:55,Soft,7f 148y,Maestro Stick,G M Ryan,0,K H Clarke,NR,N/A,7,8-12t,47,True,113,37
Roscommon Racing Results | 13th May 2024 16:55,N/A,16:55,Soft,7f 148y,Second Fiddle (IRE),D P McDonogh,0,C P Donoghue,NR,N/A,5,8-13t,48,True,113,37
Roscommon Racing Results | 13th May 2024 16:55,N/A,16:55,Soft,7f 148y,Wild Mountain (IRE),J M Sheridan,0,P J McKenna,12th,3 3/4 l,5,9-9p,58,True,113,37
Roscommon Racing Results | 13th May 2024 16:55,N/A,16:55,Soft,7f 148y,Lightupthesky (IRE),K J Leonard,0,V C Ward,11th,3/4 l,4,8-12,47,True,113,37
Roscommon Racing Results | 13th May 2024 16:55,N/A,16:55,Soft,7f 148y,Knockmore Prince (IRE),Siobhan Rutledge,3,J C McConnell,10th,2 l,4,8-12,47,True,113,37
Roscommon Racing Results | 13th May 2024 16:55,N/A,16:55,Soft,7f 148y,Gosford (IRE),J J G Ryan,5,E Lynam,9th,Head,4,9-13,62,True,113,37
Roscommon Racing Results | 13th May 2024 16:55,N/A,16:55,Soft,7f 148y,Wonder Spirit,C J MacRedmond,5,G A Kingston,8th,Head,6,8-13,48,True,113,37
Roscommon Racing Results | 13th May 2024 16:55,N/A,16:55,Soft,7f 148y,River Derwent,Adam Caffrey,5,Thomas Coyle,7th,1 1/4 l,6,9-12tb,61,True,113,37
Roscommon Racing Results | 13th May 2024 16:55,N/A,16:55,Soft,7f 148y,Purring Along (IRE),N M Crosse,0,Thomas Dowling,6th,1/2 l,5,9-3,52,True,113,37
Roscommon Racing Results | 13th May 2024 16:55,N/A,16:55,Soft,7f 148y,Feature This (IRE),D McMonagle,0,P W Flynn,5th,1/2 l,5,9-6tp,55,True,113,37
Roscommon Racing Results | 13th May 2024 16:55,N/A,16:55,Soft,7f 148y,Boadicea Belle (IRE),G F Carroll,0,M J Smith,4th,3/4 l,5,9-9p,58,True,113,37
Roscommon Racing Results | 13th May 2024 16:55,N/A,16:55,Soft,7f 148y,Cherry Pink (IRE),D J Murphy,10,M Halford & T Collins,3rd,4 1/4 l,4,9-5b,54,True,113,37
Roscommon Racing Results | 13th May 2024 16:55,N/A,16:55,Soft,7f 148y,Barnhill Rose,P A Harnett,5,D Hogan,2nd,Head,6,10-2p,65,True,113,37
Roscommon Racing Results | 13th May 2024 16:55,N/A,16:55,Soft,7f 148y,Play It Again Zaam (IRE),R Whearty,5,Conor Maxwell,1st,N/A,4,9-11v,60,True,113,37
Roscommon Racing Results | 13th May 2024 16:55,N/A,16:55,Soft,7f 148y,Maestro Stick,G M Ryan,0,K H Clarke,NR,N/A,7,8-12t,47,True,113,37
Roscommon Racing Results | 13th May 2024 16:55,N/A,16:55,Soft,7f 148y,Second Fiddle (IRE),D P McDonogh,0,C P Donoghue,NR,N/A,5,8-13t,48,True,113,37
Roscommon Racing Results | 13th May 2024 16:55,N/A,16:55,Soft,7f 148y,Wild Mountain (IRE),J M Sheridan,0,P J McKenna,12th,3 3/4 l,5,9-9p,58,True,113,37
Roscommon Racing Results | 13th May 2024 16:55,N/A,16:55,Soft,7f 148y,Lightupthesky (IRE),K J Leonard,0,V C Ward,11th,3/4 l,4,8-12,47,True,113,37
Roscommon Racing Results | 13th May 2024 16:55,N/A,16:55,Soft,7f 148y,Knockmore Prince (IRE),Siobhan Rutledge,3,J C McConnell,10th,2 l,4,8-12,47,True,113,37
Roscommon Racing Results | 13th May 2024 16:55,N/A,16:55,Soft,7f 148y,Gosford (IRE),J J G Ryan,5,E Lynam,9th,Head,4,9-13,62,True,113,37
Roscommon Racing Results | 13th May 2024 16:55,N/A,16:55,Soft,7f 148y,Wonder Spirit,C J MacRedmond,5,G A Kingston,8th,Head,6,8-13,48,True,113,37
Roscommon Racing Results | 13th May 2024 16:55,N/A,16:55,Soft,7f 148y,River Derwent,Adam Caffrey,5,Thomas Coyle,7th,1 1/4 l,6,9-12tb,61,True,113,37
Roscommon Racing Results | 13th May 2024 16:55,N/A,16:55,Soft,7f 148y,Purring Along (IRE),N M Crosse,0,Thomas Dowling,6th,1/2 l,5,9-3,52,True,113,37
Roscommon Racing Results | 13th May 2024 16:55,N/A,16:55,Soft,7f 148y,Feature This (IRE),D McMonagle,0,P W Flynn,5th,1/2 l,5,9-6tp,55,True,113,37
Roscommon Racing Results | 13th May 2024 16:55,N/A,16:55,Soft,7f 148y,Boadicea Belle (IRE),G F Carroll,0,M J Smith,4th,3/4 l,5,9-9p,58,True,113,37
Roscommon Racing Results | 13th May 2024 16:55,N/A,16:55,Soft,7f 148y,Cherry Pink (IRE),D J Murphy,10,M Halford & T Collins,3rd,4 1/4 l,4,9-5b,54,True,113,37
Roscommon Racing Results | 13th May 2024 16:55,N/A,16:55,Soft,7f 148y,Barnhill Rose,P A Harnett,5,D Hogan,2nd,Head,6,10-2p,65,True,113,37
Roscommon Racing Results | 13th May 2024 16:55,N/A,16:55,Soft,7f 148y,Play It Again Zaam (IRE),R Whearty,5,Conor Maxwell,1st,N/A,4,9-11v,60,True,113,37
Roscommon Racing Results | 13th May 2024 17:25,N/A,17:25,Soft,7f 148y,Arthur's Victory (IRE),D P McDonogh,0,J Nash,NR,N/A,6,9-8,57,True,113,38
Roscommon Racing Results | 13th May 2024 17:25,N/A,17:25,Soft,7f 148y,L'immortale (IRE),D E Sheehy,0,M C Grassick,NR,N/A,4,9-1h1,50,True,113,38
Roscommon Racing Results | 13th May 2024 17:25,N/A,17:25,Soft,7f 148y,Marvellous Lady (IRE),C T Keane,0,E D Delany,NR,N/A,3,9-4,65,True,113,38
Roscommon Racing Results | 13th May 2024 17:25,N/A,17:25,Soft,7f 148y,Jujubella (IRE),B M Coen,0,S Crawley,12th,1 1/4 l,3,8-12,59,True,113,38
Roscommon Racing Results | 13th May 2024 17:25,N/A,17:25,Soft,7f 148y,Surviving Murmansk (IRE),C T Keane,0,J Barcoe,11th,14 l,6,9-9,58,True,113,38
Roscommon Racing Results | 13th May 2024 17:25,N/A,17:25,Soft,7f 148y,Dazzling Spirit (IRE),G F Carroll,0,Mrs D Foster,10th,Neck,6,9-12,61,True,113,38
Roscommon Racing Results | 13th May 2024 17:25,N/A,17:25,Soft,7f 148y,Thirtysecondstreet (IRE),J A Powell,3,L Comer,9th,2 3/4 l,4,8-12t,47,True,113,38
Roscommon Racing Results | 13th May 2024 17:25,N/A,17:25,Soft,7f 148y,Notforalongtime,O McSweeney,3,Laura Hourigan,8th,Head,7,9-10p,59,True,113,38
Roscommon Racing Results | 13th May 2024 17:25,N/A,17:25,Soft,7f 148y,Navorrosse (IRE),C J MacRedmond,5,G A Kingston,7th,Short Head,7,9-4,53,True,113,38
Roscommon Racing Results | 13th May 2024 17:25,N/A,17:25,Soft,7f 148y,On Our Radar (IRE),C Horgan,7,A Slattery,6th,1 1/4 l,4,10-2,65,True,113,38
Roscommon Racing Results | 13th May 2024 17:25,N/A,17:25,Soft,7f 148y,Reckless Quality (IRE),R C Colgan,0,P Martin,5th,3/4 l,4,8-12t,47,True,113,38
Roscommon Racing Results | 13th May 2024 17:25,N/A,17:25,Soft,7f 148y,Golden Days (IRE),R P Whelan,0,M Halford & T Collins,4th,3/4 l,7,9-7p,56,True,113,38
Roscommon Racing Results | 13th May 2024 17:25,N/A,17:25,Soft,7f 148y,Super Cub,J M Sheridan,0,D Hogan,3rd,2 1/4 l,5,9-6b,55,True,113,38
Roscommon Racing Results | 13th May 2024 17:25,N/A,17:25,Soft,7f 148y,Atbay (IRE),S Foley,0,M Fahey,2nd,4 3/4 l,5,8-12b,47,True,113,38
Roscommon Racing Results | 13th May 2024 17:25,N/A,17:25,Soft,7f 148y,Vikki Wall (IRE),J J G Ryan,5,Ian Donoghue,1st,N/A,4,8-13,48,True,113,38
Roscommon Racing Results | 13th May 2024 17:25,N/A,17:25,Soft,7f 148y,Arthur's Victory (IRE),D P McDonogh,0,J Nash,NR,N/A,6,9-8,57,True,113,38
Roscommon Racing Results | 13th May 2024 17:25,N/A,17:25,Soft,7f 148y,L'immortale (IRE),D E Sheehy,0,M C Grassick,NR,N/A,4,9-1h1,50,True,113,38
Roscommon Racing Results | 13th May 2024 17:25,N/A,17:25,Soft,7f 148y,Marvellous Lady (IRE),C T Keane,0,E D Delany,NR,N/A,3,9-4,65,True,113,38
Roscommon Racing Results | 13th May 2024 17:25,N/A,17:25,Soft,7f 148y,Jujubella (IRE),B M Coen,0,S Crawley,12th,1 1/4 l,3,8-12,59,True,113,38
Roscommon Racing Results | 13th May 2024 17:25,N/A,17:25,Soft,7f 148y,Surviving Murmansk (IRE),C T Keane,0,J Barcoe,11th,14 l,6,9-9,58,True,113,38
Roscommon Racing Results | 13th May 2024 17:25,N/A,17:25,Soft,7f 148y,Dazzling Spirit (IRE),G F Carroll,0,Mrs D Foster,10th,Neck,6,9-12,61,True,113,38
Roscommon Racing Results | 13th May 2024 17:25,N/A,17:25,Soft,7f 148y,Thirtysecondstreet (IRE),J A Powell,3,L Comer,9th,2 3/4 l,4,8-12t,47,True,113,38
Roscommon Racing Results | 13th May 2024 17:25,N/A,17:25,Soft,7f 148y,Notforalongtime,O McSweeney,3,Laura Hourigan,8th,Head,7,9-10p,59,True,113,38
Roscommon Racing Results | 13th May 2024 17:25,N/A,17:25,Soft,7f 148y,Navorrosse (IRE),C J MacRedmond,5,G A Kingston,7th,Short Head,7,9-4,53,True,113,38
Roscommon Racing Results | 13th May 2024 17:25,N/A,17:25,Soft,7f 148y,On Our Radar (IRE),C Horgan,7,A Slattery,6th,1 1/4 l,4,10-2,65,True,113,38
Roscommon Racing Results | 13th May 2024 17:25,N/A,17:25,Soft,7f 148y,Reckless Quality (IRE),R C Colgan,0,P Martin,5th,3/4 l,4,8-12t,47,True,113,38
Roscommon Racing Results | 13th May 2024 17:25,N/A,17:25,Soft,7f 148y,Golden Days (IRE),R P Whelan,0,M Halford & T Collins,4th,3/4 l,7,9-7p,56,True,113,38
Roscommon Racing Results | 13th May 2024 17:25,N/A,17:25,Soft,7f 148y,Super Cub,J M Sheridan,0,D Hogan,3rd,2 1/4 l,5,9-6b,55,True,113,38
Roscommon Racing Results | 13th May 2024 17:25,N/A,17:25,Soft,7f 148y,Atbay (IRE),S Foley,0,M Fahey,2nd,4 3/4 l,5,8-12b,47,True,113,38
Roscommon Racing Results | 13th May 2024 17:25,N/A,17:25,Soft,7f 148y,Vikki Wall (IRE),J J G Ryan,5,Ian Donoghue,1st,N/A,4,8-13,48,True,113,38
Roscommon Racing Results | 13th May 2024 17:55,N/A,17:55,Soft,7f 148y,Excuzio Joe (IRE),G M Ryan,0,P J F Murphy,15th,1/2 l,7,10-1,79,True,113,39
Roscommon Racing Results | 13th May 2024 17:55,N/A,17:55,Soft,7f 148y,True Statesman (IRE),R P Whelan,0,A McGuinness,14th,6 1/2 l,4,9-12,76,True,113,39
Roscommon Racing Results | 13th May 2024 17:55,N/A,17:55,Soft,7f 148y,Gustavus Weston (IRE),G F Carroll,0,J G Murphy,13th,5 1/2 l,8,9-12,76,True,113,39
Roscommon Racing Results | 13th May 2024 17:55,N/A,17:55,Soft,7f 148y,Rockbury Lad,C T Keane,0,M O'Callaghan,12th,1 1/2 l,5,9-4,68,True,113,39
Roscommon Racing Results | 13th May 2024 17:55,N/A,17:55,Soft,7f 148y,Church Mountain (IRE),J M Sheridan,0,D Hogan,11th,3/4 l,6,9-11t,75,True,113,39
Roscommon Racing Results | 13th May 2024 17:55,N/A,17:55,Soft,7f 148y,Mile End,B M Coen,0,Ciaran Murphy,10th,1 l,4,9-12,76,True,113,39
Roscommon Racing Results | 13th May 2024 17:55,N/A,17:55,Soft,7f 148y,Rio Largo (IRE),D P McDonogh,0,L Comer,9th,Neck,4,9-6,70,True,113,39
Roscommon Racing Results | 13th May 2024 17:55,N/A,17:55,Soft,7f 148y,Brave Troop (IRE),L T McAteer,0,Barry J Fitzgerald,8th,1/2 l,5,10-1,79,True,113,39
Roscommon Racing Results | 13th May 2024 17:55,N/A,17:55,Soft,7f 148y,Little Keilee (IRE),N M Crosse,0,Ciaran Murphy,7th,1 l,4,9-7,71,True,113,39
Roscommon Racing Results | 13th May 2024 17:55,N/A,17:55,Soft,7f 148y,Shoot To Kill (IRE),C J MacRedmond,5,A McGuinness,6th,1/2 l,7,9-12,76,True,113,39
Roscommon Racing Results | 13th May 2024 17:55,N/A,17:55,Soft,7f 148y,Orandi (FR),J Kearney,5,A J Martin,5th,3/4 l,6,10-6t,84,True,113,39
Roscommon Racing Results | 13th May 2024 17:55,N/A,17:55,Soft,7f 148y,Polar Bear (IRE),S Foley,0,Mrs J Harrington,4th,Short Head,4,9-11v,75,True,113,39
Roscommon Racing Results | 13th May 2024 17:55,N/A,17:55,Soft,7f 148y,May Night,K G Kennedy,7,D Hogan,3rd,3/4 l,6,9-12p,76,True,113,39
Roscommon Racing Results | 13th May 2024 17:55,N/A,17:55,Soft,7f 148y,Arch Enemy (IRE),S P Bird,7,P Magee,2nd,2 3/4 l,5,9-4,68,True,113,39
Roscommon Racing Results | 13th May 2024 17:55,N/A,17:55,Soft,7f 148y,Brains (IRE),Adam Caffrey,5,R Donohoe,1st,N/A,8,9-8tb,72,True,113,39
Roscommon Racing Results | 13th May 2024 17:55,N/A,17:55,Soft,7f 148y,Excuzio Joe (IRE),G M Ryan,0,P J F Murphy,15th,1/2 l,7,10-1,79,True,113,39
Roscommon Racing Results | 13th May 2024 17:55,N/A,17:55,Soft,7f 148y,True Statesman (IRE),R P Whelan,0,A McGuinness,14th,6 1/2 l,4,9-12,76,True,113,39
Roscommon Racing Results | 13th May 2024 17:55,N/A,17:55,Soft,7f 148y,Gustavus Weston (IRE),G F Carroll,0,J G Murphy,13th,5 1/2 l,8,9-12,76,True,113,39
Roscommon Racing Results | 13th May 2024 17:55,N/A,17:55,Soft,7f 148y,Rockbury Lad,C T Keane,0,M O'Callaghan,12th,1 1/2 l,5,9-4,68,True,113,39
Roscommon Racing Results | 13th May 2024 17:55,N/A,17:55,Soft,7f 148y,Church Mountain (IRE),J M Sheridan,0,D Hogan,11th,3/4 l,6,9-11t,75,True,113,39
Roscommon Racing Results | 13th May 2024 17:55,N/A,17:55,Soft,7f 148y,Mile End,B M Coen,0,Ciaran Murphy,10th,1 l,4,9-12,76,True,113,39
Roscommon Racing Results | 13th May 2024 17:55,N/A,17:55,Soft,7f 148y,Rio Largo (IRE),D P McDonogh,0,L Comer,9th,Neck,4,9-6,70,True,113,39
Roscommon Racing Results | 13th May 2024 17:55,N/A,17:55,Soft,7f 148y,Brave Troop (IRE),L T McAteer,0,Barry J Fitzgerald,8th,1/2 l,5,10-1,79,True,113,39
Roscommon Racing Results | 13th May 2024 17:55,N/A,17:55,Soft,7f 148y,Little Keilee (IRE),N M Crosse,0,Ciaran Murphy,7th,1 l,4,9-7,71,True,113,39
Roscommon Racing Results | 13th May 2024 17:55,N/A,17:55,Soft,7f 148y,Shoot To Kill (IRE),C J MacRedmond,5,A McGuinness,6th,1/2 l,7,9-12,76,True,113,39
Roscommon Racing Results | 13th May 2024 17:55,N/A,17:55,Soft,7f 148y,Orandi (FR),J Kearney,5,A J Martin,5th,3/4 l,6,10-6t,84,True,113,39
Roscommon Racing Results | 13th May 2024 17:55,N/A,17:55,Soft,7f 148y,Polar Bear (IRE),S Foley,0,Mrs J Harrington,4th,Short Head,4,9-11v,75,True,113,39
Roscommon Racing Results | 13th May 2024 17:55,N/A,17:55,Soft,7f 148y,May Night,K G Kennedy,7,D Hogan,3rd,3/4 l,6,9-12p,76,True,113,39
Roscommon Racing Results | 13th May 2024 17:55,N/A,17:55,Soft,7f 148y,Arch Enemy (IRE),S P Bird,7,P Magee,2nd,2 3/4 l,5,9-4,68,True,113,39
Roscommon Racing Results | 13th May 2024 17:55,N/A,17:55,Soft,7f 148y,Brains (IRE),Adam Caffrey,5,R Donohoe,1st,N/A,8,9-8tb,72,True,113,39
Roscommon Racing Results | 13th May 2024 18:25,N/A,18:25,Soft,1m 2f 101y,Jack Spriggins (IRE),B M Coen,0,J P Murtagh,7th,Neck,3,9-5,-,True,113,40
Roscommon Racing Results | 13th May 2024 18:25,N/A,18:25,Soft,1m 2f 101y,A Daughtersdelight (IRE),J J G Ryan,5,P Magee,6th,Neck,3,9-0t,-,True,113,40
Roscommon Racing Results | 13th May 2024 18:25,N/A,18:25,Soft,1m 2f 101y,Fine Point (IRE),A J Slattery,0,J S Bolger,5th,3 1/2 l,3,9-5,-,True,113,40
Roscommon Racing Results | 13th May 2024 18:25,N/A,18:25,Soft,1m 2f 101y,Window Of Time (IRE),N M Crosse,0,J P O'Brien,4th,2 3/4 l,3,9-0,-,True,113,40
Roscommon Racing Results | 13th May 2024 18:25,N/A,18:25,Soft,1m 2f 101y,Neski Sherelski (IRE),D P McDonogh,0,J P O'Brien,3rd,Nose,3,9-10,-,True,113,40
Roscommon Racing Results | 13th May 2024 18:25,N/A,18:25,Soft,1m 2f 101y,Action Plan (IRE),S Foley,0,Gerard O'Leary,2nd,1/2 l,3,9-10,-,True,113,40
Roscommon Racing Results | 13th May 2024 18:25,N/A,18:25,Soft,1m 2f 101y,Naval Force (IRE),G M Ryan,0,Donnacha O'Brien,1st,N/A,3,9-10,-,True,113,40
Roscommon Racing Results | 13th May 2024 18:25,N/A,18:25,Soft,1m 2f 101y,Jack Spriggins (IRE),B M Coen,0,J P Murtagh,7th,Neck,3,9-5,-,True,113,40
Roscommon Racing Results | 13th May 2024 18:25,N/A,18:25,Soft,1m 2f 101y,A Daughtersdelight (IRE),J J G Ryan,5,P Magee,6th,Neck,3,9-0t,-,True,113,40
Roscommon Racing Results | 13th May 2024 18:25,N/A,18:25,Soft,1m 2f 101y,Fine Point (IRE),A J Slattery,0,J S Bolger,5th,3 1/2 l,3,9-5,-,True,113,40
Roscommon Racing Results | 13th May 2024 18:25,N/A,18:25,Soft,1m 2f 101y,Window Of Time (IRE),N M Crosse,0,J P O'Brien,4th,2 3/4 l,3,9-0,-,True,113,40
Roscommon Racing Results | 13th May 2024 18:25,N/A,18:25,Soft,1m 2f 101y,Neski Sherelski (IRE),D P McDonogh,0,J P O'Brien,3rd,Nose,3,9-10,-,True,113,40
Roscommon Racing Results | 13th May 2024 18:25,N/A,18:25,Soft,1m 2f 101y,Action Plan (IRE),S Foley,0,Gerard O'Leary,2nd,1/2 l,3,9-10,-,True,113,40
Roscommon Racing Results | 13th May 2024 18:25,N/A,18:25,Soft,1m 2f 101y,Naval Force (IRE),G M Ryan,0,Donnacha O'Brien,1st,N/A,3,9-10,-,True,113,40
Roscommon Racing Results | 13th May 2024 18:55,N/A,18:55,Soft,1m 4f 40y,Wajaaha (IRE),D J Power,4,P J McKenna,11th,2 1/2 l,9,9-4v,63,True,113,41
Roscommon Racing Results | 13th May 2024 18:55,N/A,18:55,Soft,1m 4f 40y,Unterberg (IRE),C M Hogan,2,Laura Hourigan,10th,4 3/4 l,5,9-11,70,True,113,41
Roscommon Racing Results | 13th May 2024 18:55,N/A,18:55,Soft,1m 4f 40y,Mater Matuta (IRE),Kyle Faulkner,7,E D Delany,9th,3 1/2 l,8,8-7t,52,True,113,41
Roscommon Racing Results | 13th May 2024 18:55,N/A,18:55,Soft,1m 4f 40y,Milteye,C Horgan,0,E J O'Grady,8th,8 l,4,10-0t1,73,True,113,41
Roscommon Racing Results | 13th May 2024 18:55,N/A,18:55,Soft,1m 4f 40y,French Company (IRE),C Geerdharry,2,J G Coogan,7th,2 1/2 l,6,9-13,72,True,113,41
Roscommon Racing Results | 13th May 2024 18:55,N/A,18:55,Soft,1m 4f 40y,Quiz Test (IRE),K G Kennedy,0,S Byrne,6th,1 3/4 l,4,9-12,71,True,113,41
Roscommon Racing Results | 13th May 2024 18:55,N/A,18:55,Soft,1m 4f 40y,L'Un Deux Trois (IRE),Sorcha Woods,0,O McKiernan,5th,1 1/2 l,8,9-4tp,63,True,113,41
Roscommon Racing Results | 13th May 2024 18:55,N/A,18:55,Soft,1m 4f 40y,Scott Lang (IRE),J Cleary,0,P W Flynn,4th,3/4 l,7,9-8p,67,True,113,41
Roscommon Racing Results | 13th May 2024 18:55,N/A,18:55,Soft,1m 4f 40y,Duke Of Leggagh (IRE),S P Bird,2,M Mulvany,3rd,1/2 l,4,10-2t,75,True,113,41
Roscommon Racing Results | 13th May 2024 18:55,N/A,18:55,Soft,1m 4f 40y,Sixpack,R M Mulligan,2,J P Murtagh,2nd,1/2 l,4,9-10,69,True,113,41
Roscommon Racing Results | 13th May 2024 18:55,N/A,18:55,Soft,1m 4f 40y,Jabbar (IRE),Amy Jo Hayes,0,Gerard O'Leary,1st,N/A,5,9-13,72,True,113,41
Roscommon Racing Results | 13th May 2024 18:55,N/A,18:55,Soft,1m 4f 40y,Wajaaha (IRE),D J Power,4,P J McKenna,11th,2 1/2 l,9,9-4v,63,True,113,41
Roscommon Racing Results | 13th May 2024 18:55,N/A,18:55,Soft,1m 4f 40y,Unterberg (IRE),C M Hogan,2,Laura Hourigan,10th,4 3/4 l,5,9-11,70,True,113,41
Roscommon Racing Results | 13th May 2024 18:55,N/A,18:55,Soft,1m 4f 40y,Mater Matuta (IRE),Kyle Faulkner,7,E D Delany,9th,3 1/2 l,8,8-7t,52,True,113,41
Roscommon Racing Results | 13th May 2024 18:55,N/A,18:55,Soft,1m 4f 40y,Milteye,C Horgan,0,E J O'Grady,8th,8 l,4,10-0t1,73,True,113,41
Roscommon Racing Results | 13th May 2024 18:55,N/A,18:55,Soft,1m 4f 40y,French Company (IRE),C Geerdharry,2,J G Coogan,7th,2 1/2 l,6,9-13,72,True,113,41
Roscommon Racing Results | 13th May 2024 18:55,N/A,18:55,Soft,1m 4f 40y,Quiz Test (IRE),K G Kennedy,0,S Byrne,6th,1 3/4 l,4,9-12,71,True,113,41
Roscommon Racing Results | 13th May 2024 18:55,N/A,18:55,Soft,1m 4f 40y,L'Un Deux Trois (IRE),Sorcha Woods,0,O McKiernan,5th,1 1/2 l,8,9-4tp,63,True,113,41
Roscommon Racing Results | 13th May 2024 18:55,N/A,18:55,Soft,1m 4f 40y,Scott Lang (IRE),J Cleary,0,P W Flynn,4th,3/4 l,7,9-8p,67,True,113,41
Roscommon Racing Results | 13th May 2024 18:55,N/A,18:55,Soft,1m 4f 40y,Duke Of Leggagh (IRE),S P Bird,2,M Mulvany,3rd,1/2 l,4,10-2t,75,True,113,41
Roscommon Racing Results | 13th May 2024 18:55,N/A,18:55,Soft,1m 4f 40y,Sixpack,R M Mulligan,2,J P Murtagh,2nd,1/2 l,4,9-10,69,True,113,41
Roscommon Racing Results | 13th May 2024 18:55,N/A,18:55,Soft,1m 4f 40y,Jabbar (IRE),Amy Jo Hayes,0,Gerard O'Leary,1st,N/A,5,9-13,72,True,113,41
Roscommon Racing Results | 13th May 2024 19:25,N/A,19:25,Soft,1m 4f 40y,Florida Taiga (IRE),N M Crosse,0,S M Duffy,7th,37 l,4,9-4,-,True,113,42
Roscommon Racing Results | 13th May 2024 19:25,N/A,19:25,Soft,1m 4f 40y,Unassuming (FR),D P McDonogh,0,J P O'Brien,6th,4 3/4 l,4,9-4t,-,True,113,42
Roscommon Racing Results | 13th May 2024 19:25,N/A,19:25,Soft,1m 4f 40y,Influential Lady (IRE),K Callaghan,5,J Barcoe,5th,1/2 l,10,9-4,-,True,113,42
Roscommon Racing Results | 13th May 2024 19:25,N/A,19:25,Soft,1m 4f 40y,Mollys Glory (IRE),D E Sheehy,0,M C Grassick,4th,7 l,9,9-4t,-,True,113,42
Roscommon Racing Results | 13th May 2024 19:25,N/A,19:25,Soft,1m 4f 40y,Royal Hollow (IRE),A J Slattery,0,A Slattery,3rd,1 3/4 l,6,9-4h,-,True,113,42
Roscommon Racing Results | 13th May 2024 19:25,N/A,19:25,Soft,1m 4f 40y,Stariam (IRE),S Foley,0,Mrs J Harrington,2nd,Head,4,9-4,-,True,113,42
Roscommon Racing Results | 13th May 2024 19:25,N/A,19:25,Soft,1m 4f 40y,Chemdawg (IRE),R P Whelan,0,O McKiernan,1st,N/A,5,9-4,-,True,113,42
Roscommon Racing Results | 13th May 2024 19:25,N/A,19:25,Soft,1m 4f 40y,Florida Taiga (IRE),N M Crosse,0,S M Duffy,7th,37 l,4,9-4,-,True,113,42
Roscommon Racing Results | 13th May 2024 19:25,N/A,19:25,Soft,1m 4f 40y,Unassuming (FR),D P McDonogh,0,J P O'Brien,6th,4 3/4 l,4,9-4t,-,True,113,42
Roscommon Racing Results | 13th May 2024 19:25,N/A,19:25,Soft,1m 4f 40y,Influential Lady (IRE),K Callaghan,5,J Barcoe,5th,1/2 l,10,9-4,-,True,113,42
Roscommon Racing Results | 13th May 2024 19:25,N/A,19:25,Soft,1m 4f 40y,Mollys Glory (IRE),D E Sheehy,0,M C Grassick,4th,7 l,9,9-4t,-,True,113,42
Roscommon Racing Results | 13th May 2024 19:25,N/A,19:25,Soft,1m 4f 40y,Royal Hollow (IRE),A J Slattery,0,A Slattery,3rd,1 3/4 l,6,9-4h,-,True,113,42
Roscommon Racing Results | 13th May 2024 19:25,N/A,19:25,Soft,1m 4f 40y,Stariam (IRE),S Foley,0,Mrs J Harrington,2nd,Head,4,9-4,-,True,113,42
Roscommon Racing Results | 13th May 2024 19:25,N/A,19:25,Soft,1m 4f 40y,Chemdawg (IRE),R P Whelan,0,O McKiernan,1st,N/A,5,9-4,-,True,113,42
Killarney Racing Results | 13th May 2024 16:40,N/A,16:40,Yielding,2m 6f 100y,Kyusha (IRE),J S McGarvey,0,J J Hanlon,NR,N/A,6,10-13b1,-,True,113,43
Killarney Racing Results | 13th May 2024 16:40,N/A,16:40,Yielding,2m 6f 100y,Innatendue (FR),B W Harvey,0,J C McConnell,NR,N/A,6,11-7t,-,True,113,43
Killarney Racing Results | 13th May 2024 16:40,N/A,16:40,Yielding,2m 6f 100y,Millwood Lady (IRE),Jack Gilligan,7,M J O'Connor,PU,N/A,6,10-13,-,True,113,43
Killarney Racing Results | 13th May 2024 16:40,N/A,16:40,Yielding,2m 6f 100y,Lady Mamie (IRE),S O'Callaghan,5,P J Gilligan,PU,N/A,4,10-5,-,True,113,43
Killarney Racing Results | 13th May 2024 16:40,N/A,16:40,Yielding,2m 6f 100y,Jokers 'N' Clowns (IRE),C Stone-Walsh,5,G P Cromwell,PU,N/A,5,10-13h,-,True,113,43
Killarney Racing Results | 13th May 2024 16:40,N/A,16:40,Yielding,2m 6f 100y,Mazza's Mahler (IRE),D J Gilligan,3,Barry J Fitzgerald,F,N/A,8,10-13,-,True,113,43
Killarney Racing Results | 13th May 2024 16:40,N/A,16:40,Yielding,2m 6f 100y,Hurricane Honey (IRE),J S McGarvey,0,G Elliott,12th,Short Head,5,10-13,-,True,113,43
Killarney Racing Results | 13th May 2024 16:40,N/A,16:40,Yielding,2m 6f 100y,Red Night Sky (IRE),Mr C J Shine,7,L J Archdeacon,11th,28 l,6,10-13,-,True,113,43
Killarney Racing Results | 13th May 2024 16:40,N/A,16:40,Yielding,2m 6f 100y,Mountrivers Lass (IRE),Dylan Whelan,7,R Murphy,10th,14 l,5,10-13,-,True,113,43
Killarney Racing Results | 13th May 2024 16:40,N/A,16:40,Yielding,2m 6f 100y,Roedora (IRE),J J Slevin,0,J P O'Brien,9th,26 l,5,11-7,-,True,113,43
Killarney Racing Results | 13th May 2024 16:40,N/A,16:40,Yielding,2m 6f 100y,Larkins Lane (IRE),R A Doyle,0,R O'Leary,8th,2 1/2 l,5,10-13,-,True,113,43
Killarney Racing Results | 13th May 2024 16:40,N/A,16:40,Yielding,2m 6f 100y,Star Contact (IRE),R Deegan,0,S Curling,7th,6 l,4,10-5,-,True,113,43
Killarney Racing Results | 13th May 2024 16:40,N/A,16:40,Yielding,2m 6f 100y,Tilloughna (IRE),D J O'Keeffe,0,D Budds,6th,7 l,6,10-13,-,True,113,43
Killarney Racing Results | 13th May 2024 16:40,N/A,16:40,Yielding,2m 6f 100y,Rebel Treaty (IRE),P T Enright,0,Con McSweeney,5th,Neck,6,10-13,-,True,113,43
Killarney Racing Results | 13th May 2024 16:40,N/A,16:40,Yielding,2m 6f 100y,Milanaway (IRE),D King,0,D Hogan,4th,19 l,6,10-13,-,True,113,43
Killarney Racing Results | 13th May 2024 16:40,N/A,16:40,Yielding,2m 6f 100y,Kudasheva (IRE),Rachael Blackmore,0,H De Bromhead,3rd,4 1/2 l,6,10-13t,-,True,113,43
Killarney Racing Results | 13th May 2024 16:40,N/A,16:40,Yielding,2m 6f 100y,Wudya (IRE),Sam Ewing,0,G Elliott,2nd,4 1/4 l,5,10-13,-,True,113,43
Killarney Racing Results | 13th May 2024 16:40,N/A,16:40,Yielding,2m 6f 100y,Littlebiggie (IRE),L Quinlan,5,R Hackett,1st,N/A,7,10-13h,-,True,113,43
Killarney Racing Results | 13th May 2024 16:40,N/A,16:40,Yielding,2m 6f 100y,Kyusha (IRE),J S McGarvey,0,J J Hanlon,NR,N/A,6,10-13b1,-,True,113,43
Killarney Racing Results | 13th May 2024 16:40,N/A,16:40,Yielding,2m 6f 100y,Innatendue (FR),B W Harvey,0,J C McConnell,NR,N/A,6,11-7t,-,True,113,43
Killarney Racing Results | 13th May 2024 16:40,N/A,16:40,Yielding,2m 6f 100y,Millwood Lady (IRE),Jack Gilligan,7,M J O'Connor,PU,N/A,6,10-13,-,True,113,43
Killarney Racing Results | 13th May 2024 16:40,N/A,16:40,Yielding,2m 6f 100y,Lady Mamie (IRE),S O'Callaghan,5,P J Gilligan,PU,N/A,4,10-5,-,True,113,43
Killarney Racing Results | 13th May 2024 16:40,N/A,16:40,Yielding,2m 6f 100y,Jokers 'N' Clowns (IRE),C Stone-Walsh,5,G P Cromwell,PU,N/A,5,10-13h,-,True,113,43
Killarney Racing Results | 13th May 2024 16:40,N/A,16:40,Yielding,2m 6f 100y,Mazza's Mahler (IRE),D J Gilligan,3,Barry J Fitzgerald,F,N/A,8,10-13,-,True,113,43
Killarney Racing Results | 13th May 2024 16:40,N/A,16:40,Yielding,2m 6f 100y,Hurricane Honey (IRE),J S McGarvey,0,G Elliott,12th,Short Head,5,10-13,-,True,113,43
Killarney Racing Results | 13th May 2024 16:40,N/A,16:40,Yielding,2m 6f 100y,Red Night Sky (IRE),Mr C J Shine,7,L J Archdeacon,11th,28 l,6,10-13,-,True,113,43
Killarney Racing Results | 13th May 2024 16:40,N/A,16:40,Yielding,2m 6f 100y,Mountrivers Lass (IRE),Dylan Whelan,7,R Murphy,10th,14 l,5,10-13,-,True,113,43
Killarney Racing Results | 13th May 2024 16:40,N/A,16:40,Yielding,2m 6f 100y,Roedora (IRE),J J Slevin,0,J P O'Brien,9th,26 l,5,11-7,-,True,113,43
Killarney Racing Results | 13th May 2024 16:40,N/A,16:40,Yielding,2m 6f 100y,Larkins Lane (IRE),R A Doyle,0,R O'Leary,8th,2 1/2 l,5,10-13,-,True,113,43
Killarney Racing Results | 13th May 2024 16:40,N/A,16:40,Yielding,2m 6f 100y,Star Contact (IRE),R Deegan,0,S Curling,7th,6 l,4,10-5,-,True,113,43
Killarney Racing Results | 13th May 2024 16:40,N/A,16:40,Yielding,2m 6f 100y,Tilloughna (IRE),D J O'Keeffe,0,D Budds,6th,7 l,6,10-13,-,True,113,43
Killarney Racing Results | 13th May 2024 16:40,N/A,16:40,Yielding,2m 6f 100y,Rebel Treaty (IRE),P T Enright,0,Con McSweeney,5th,Neck,6,10-13,-,True,113,43
Killarney Racing Results | 13th May 2024 16:40,N/A,16:40,Yielding,2m 6f 100y,Milanaway (IRE),D King,0,D Hogan,4th,19 l,6,10-13,-,True,113,43
Killarney Racing Results | 13th May 2024 16:40,N/A,16:40,Yielding,2m 6f 100y,Kudasheva (IRE),Rachael Blackmore,0,H De Bromhead,3rd,4 1/2 l,6,10-13t,-,True,113,43
Killarney Racing Results | 13th May 2024 16:40,N/A,16:40,Yielding,2m 6f 100y,Wudya (IRE),Sam Ewing,0,G Elliott,2nd,4 1/4 l,5,10-13,-,True,113,43
Killarney Racing Results | 13th May 2024 16:40,N/A,16:40,Yielding,2m 6f 100y,Littlebiggie (IRE),L Quinlan,5,R Hackett,1st,N/A,7,10-13h,-,True,113,43
Killarney Racing Results | 13th May 2024 17:10,N/A,17:10,Good To Yielding,2m 4f 50y,Presenting Max (IRE),D Meyler,0,A J Martin,NR,N/A,5,11-4,-,True,113,44
Killarney Racing Results | 13th May 2024 17:10,N/A,17:10,Good To Yielding,2m 4f 50y,Ally Kazoo (IRE),P T Enright,0,S Curling,NR,N/A,5,11-4,-,True,113,44
Killarney Racing Results | 13th May 2024 17:10,N/A,17:10,Good To Yielding,2m 4f 50y,St Cuthbert's Cave (IRE),C P Millar,7,G Elliott,PU,N/A,6,11-12,-,True,113,44
Killarney Racing Results | 13th May 2024 17:10,N/A,17:10,Good To Yielding,2m 4f 50y,Tokens Glory (IRE),M P O'Connor,3,J P O'Keeffe,11th,11 l,5,11-4t1,-,True,113,44
Killarney Racing Results | 13th May 2024 17:10,N/A,17:10,Good To Yielding,2m 4f 50y,Wolfhill (IRE),N T Prendergast,7,M J Bowe,10th,15 l,6,11-4,-,True,113,44
Killarney Racing Results | 13th May 2024 17:10,N/A,17:10,Good To Yielding,2m 4f 50y,Ollie La Ba Ba (IRE),G B Noonan,5,E McCarthy,9th,3 3/4 l,6,11-4t,-,True,113,44
Killarney Racing Results | 13th May 2024 17:10,N/A,17:10,Good To Yielding,2m 4f 50y,Hackney Hill (IRE),M M McDonagh,0,E J O'Grady,8th,30 l,6,11-4,-,True,113,44
Killarney Racing Results | 13th May 2024 17:10,N/A,17:10,Good To Yielding,2m 4f 50y,Moonlight Jazz,Rachael Blackmore,0,H De Bromhead,7th,13 l,5,11-4,-,True,113,44
Killarney Racing Results | 13th May 2024 17:10,N/A,17:10,Good To Yielding,2m 4f 50y,Ikalimix (FR),S F O'Keeffe,0,E M O'Sullivan,6th,13 l,6,11-4,-,True,113,44
Killarney Racing Results | 13th May 2024 17:10,N/A,17:10,Good To Yielding,2m 4f 50y,Safran Et Bleu (IRE),J J Doyle,0,P M J Doyle,5th,36 l,5,11-4,-,True,113,44
Killarney Racing Results | 13th May 2024 17:10,N/A,17:10,Good To Yielding,2m 4f 50y,Crooked Tannie (IRE),K M Donoghue,0,C Collins,4th,5 1/2 l,5,11-12t,-,True,113,44
Killarney Racing Results | 13th May 2024 17:10,N/A,17:10,Good To Yielding,2m 4f 50y,Jet Setting Jim (IRE),M J M O'Sullivan,0,J Queally,3rd,11 l,7,11-12,-,True,113,44
Killarney Racing Results | 13th May 2024 17:10,N/A,17:10,Good To Yielding,2m 4f 50y,Winning Smut (IRE),D J O'Keeffe,0,M Hourigan,2nd,1/2 l,5,11-4,-,True,113,44
Killarney Racing Results | 13th May 2024 17:10,N/A,17:10,Good To Yielding,2m 4f 50y,Park The Giant (IRE),B Hayes,0,P Fenton,1st,N/A,6,11-4,-,True,113,44
Killarney Racing Results | 13th May 2024 17:10,N/A,17:10,Good To Yielding,2m 4f 50y,Presenting Max (IRE),D Meyler,0,A J Martin,NR,N/A,5,11-4,-,True,113,44
Killarney Racing Results | 13th May 2024 17:10,N/A,17:10,Good To Yielding,2m 4f 50y,Ally Kazoo (IRE),P T Enright,0,S Curling,NR,N/A,5,11-4,-,True,113,44
Killarney Racing Results | 13th May 2024 17:10,N/A,17:10,Good To Yielding,2m 4f 50y,St Cuthbert's Cave (IRE),C P Millar,7,G Elliott,PU,N/A,6,11-12,-,True,113,44
Killarney Racing Results | 13th May 2024 17:10,N/A,17:10,Good To Yielding,2m 4f 50y,Tokens Glory (IRE),M P O'Connor,3,J P O'Keeffe,11th,11 l,5,11-4t1,-,True,113,44
Killarney Racing Results | 13th May 2024 17:10,N/A,17:10,Good To Yielding,2m 4f 50y,Wolfhill (IRE),N T Prendergast,7,M J Bowe,10th,15 l,6,11-4,-,True,113,44
Killarney Racing Results | 13th May 2024 17:10,N/A,17:10,Good To Yielding,2m 4f 50y,Ollie La Ba Ba (IRE),G B Noonan,5,E McCarthy,9th,3 3/4 l,6,11-4t,-,True,113,44
Killarney Racing Results | 13th May 2024 17:10,N/A,17:10,Good To Yielding,2m 4f 50y,Hackney Hill (IRE),M M McDonagh,0,E J O'Grady,8th,30 l,6,11-4,-,True,113,44
Killarney Racing Results | 13th May 2024 17:10,N/A,17:10,Good To Yielding,2m 4f 50y,Moonlight Jazz,Rachael Blackmore,0,H De Bromhead,7th,13 l,5,11-4,-,True,113,44
Killarney Racing Results | 13th May 2024 17:10,N/A,17:10,Good To Yielding,2m 4f 50y,Ikalimix (FR),S F O'Keeffe,0,E M O'Sullivan,6th,13 l,6,11-4,-,True,113,44
Killarney Racing Results | 13th May 2024 17:10,N/A,17:10,Good To Yielding,2m 4f 50y,Safran Et Bleu (IRE),J J Doyle,0,P M J Doyle,5th,36 l,5,11-4,-,True,113,44
Killarney Racing Results | 13th May 2024 17:10,N/A,17:10,Good To Yielding,2m 4f 50y,Crooked Tannie (IRE),K M Donoghue,0,C Collins,4th,5 1/2 l,5,11-12t,-,True,113,44
Killarney Racing Results | 13th May 2024 17:10,N/A,17:10,Good To Yielding,2m 4f 50y,Jet Setting Jim (IRE),M J M O'Sullivan,0,J Queally,3rd,11 l,7,11-12,-,True,113,44
Killarney Racing Results | 13th May 2024 17:10,N/A,17:10,Good To Yielding,2m 4f 50y,Winning Smut (IRE),D J O'Keeffe,0,M Hourigan,2nd,1/2 l,5,11-4,-,True,113,44
Killarney Racing Results | 13th May 2024 17:10,N/A,17:10,Good To Yielding,2m 4f 50y,Park The Giant (IRE),B Hayes,0,P Fenton,1st,N/A,6,11-4,-,True,113,44
Killarney Racing Results | 13th May 2024 17:40,N/A,17:40,Good To Yielding,2m 4f 50y,On The Steel (IRE),C G O'Dwyer,5,C O'Dwyer,PU,N/A,5,11-10,-,True,113,45
Killarney Racing Results | 13th May 2024 17:40,N/A,17:40,Good To Yielding,2m 4f 50y,Undeniable Alibi (FR),D J Gilligan,3,G Elliott,7th,5 l,5,11-10,-,True,113,45
Killarney Racing Results | 13th May 2024 17:40,N/A,17:40,Good To Yielding,2m 4f 50y,Linden Arden (IRE),C M Quirke,5,M J Bowe,6th,3 1/4 l,6,11-10,-,True,113,45
Killarney Racing Results | 13th May 2024 17:40,N/A,17:40,Good To Yielding,2m 4f 50y,Oscars Brother (IRE),D King,0,Connor King,5th,1/2 l,6,11-10,-,True,113,45
Killarney Racing Results | 13th May 2024 17:40,N/A,17:40,Good To Yielding,2m 4f 50y,One Big Boum (IRE),Niall Moore,7,P Fenton,4th,2 1/4 l,5,11-4,-,True,113,45
Killarney Racing Results | 13th May 2024 17:40,N/A,17:40,Good To Yielding,2m 4f 50y,Dundaniel (IRE),M J M O'Sullivan,0,M Kennedy,3rd,5 l,9,11-4,-,True,113,45
Killarney Racing Results | 13th May 2024 17:40,N/A,17:40,Good To Yielding,2m 4f 50y,My Lyka,P Townend,0,W P Mullins,2nd,Nose,5,11-4,-,True,113,45
Killarney Racing Results | 13th May 2024 17:40,N/A,17:40,Good To Yielding,2m 4f 50y,Nas Na Riogh (IRE),Rachael Blackmore,0,H De Bromhead,1st,N/A,6,11-10,-,True,113,45
Killarney Racing Results | 13th May 2024 17:40,N/A,17:40,Good To Yielding,2m 4f 50y,On The Steel (IRE),C G O'Dwyer,5,C O'Dwyer,PU,N/A,5,11-10,-,True,113,45
Killarney Racing Results | 13th May 2024 17:40,N/A,17:40,Good To Yielding,2m 4f 50y,Undeniable Alibi (FR),D J Gilligan,3,G Elliott,7th,5 l,5,11-10,-,True,113,45
Killarney Racing Results | 13th May 2024 17:40,N/A,17:40,Good To Yielding,2m 4f 50y,Linden Arden (IRE),C M Quirke,5,M J Bowe,6th,3 1/4 l,6,11-10,-,True,113,45
Killarney Racing Results | 13th May 2024 17:40,N/A,17:40,Good To Yielding,2m 4f 50y,Oscars Brother (IRE),D King,0,Connor King,5th,1/2 l,6,11-10,-,True,113,45
Killarney Racing Results | 13th May 2024 17:40,N/A,17:40,Good To Yielding,2m 4f 50y,One Big Boum (IRE),Niall Moore,7,P Fenton,4th,2 1/4 l,5,11-4,-,True,113,45
Killarney Racing Results | 13th May 2024 17:40,N/A,17:40,Good To Yielding,2m 4f 50y,Dundaniel (IRE),M J M O'Sullivan,0,M Kennedy,3rd,5 l,9,11-4,-,True,113,45
Killarney Racing Results | 13th May 2024 17:40,N/A,17:40,Good To Yielding,2m 4f 50y,My Lyka,P Townend,0,W P Mullins,2nd,Nose,5,11-4,-,True,113,45
Killarney Racing Results | 13th May 2024 17:40,N/A,17:40,Good To Yielding,2m 4f 50y,Nas Na Riogh (IRE),Rachael Blackmore,0,H De Bromhead,1st,N/A,6,11-10,-,True,113,45
Killarney Racing Results | 13th May 2024 18:10,N/A,18:10,Good To Yielding,2m 4f 50y,Pitwood Road,J P Shinnick,7,T O'Brien,PU,N/A,6,10-11b,111,True,113,46
Killarney Racing Results | 13th May 2024 18:10,N/A,18:10,Good To Yielding,2m 4f 50y,The Other Mozzie (IRE),K M Donoghue,0,G P Cromwell,14th,6 1/2 l,5,11-7,121,True,113,46
Killarney Racing Results | 13th May 2024 18:10,N/A,18:10,Good To Yielding,2m 4f 50y,Sea Music (IRE),D Meyler,0,E Mullins,13th,12 l,6,11-2,116,True,113,46
Killarney Racing Results | 13th May 2024 18:10,N/A,18:10,Good To Yielding,2m 4f 50y,Jazzy Matty (FR),J J Slevin,0,C Collins,12th,24 l,5,11-12tp,126,True,113,46
Killarney Racing Results | 13th May 2024 18:10,N/A,18:10,Good To Yielding,2m 4f 50y,Park Of Kings (IRE),M P Walsh,0,P Nolan,11th,16 l,6,11-0tp1,114,True,113,46
Killarney Racing Results | 13th May 2024 18:10,N/A,18:10,Good To Yielding,2m 4f 50y,Zoffanien (IRE),D King,0,D Hogan,10th,1 l,7,11-9,123,True,113,46
Killarney Racing Results | 13th May 2024 18:10,N/A,18:10,Good To Yielding,2m 4f 50y,Ballywilliam Boy (IRE),D J O'Keeffe,0,M Hourigan,9th,1 1/4 l,9,11-2p1,116,True,113,46
Killarney Racing Results | 13th May 2024 18:10,N/A,18:10,Good To Yielding,2m 4f 50y,Miss Tempo (IRE),Rachael Blackmore,0,H De Bromhead,8th,1 3/4 l,8,11-5,119,True,113,46
Killarney Racing Results | 13th May 2024 18:10,N/A,18:10,Good To Yielding,2m 4f 50y,Aldo The Apache (IRE),R J Condon,5,Colm Murphy,7th,5 1/2 l,8,11-9t,123,True,113,46
Killarney Racing Results | 13th May 2024 18:10,N/A,18:10,Good To Yielding,2m 4f 50y,Optional Mix (IRE),S O'Callaghan,5,E Doyle,6th,4 l,8,10-12t,112,True,113,46
Killarney Racing Results | 13th May 2024 18:10,N/A,18:10,Good To Yielding,2m 4f 50y,Idol (FR),P T Enright,0,S Curling,5th,2 l,6,10-7,107,True,113,46
Killarney Racing Results | 13th May 2024 18:10,N/A,18:10,Good To Yielding,2m 4f 50y,Mercury Mission,D J Gilligan,3,M J O'Connor,4th,1 l,5,10-6,106,True,113,46
Killarney Racing Results | 13th May 2024 18:10,N/A,18:10,Good To Yielding,2m 4f 50y,Garrybello (FR),M J M O'Sullivan,0,T Cooper,3rd,2 3/4 l,6,11-6ht,120,True,113,46
Killarney Racing Results | 13th May 2024 18:10,N/A,18:10,Good To Yielding,2m 4f 50y,Ceroc (IRE),M M McDonagh,0,E J O'Grady,2nd,Neck,6,10-12b,112,True,113,46
Killarney Racing Results | 13th May 2024 18:10,N/A,18:10,Good To Yielding,2m 4f 50y,Uhtred (IRE),Sam Ewing,0,G Elliott,1st,N/A,9,11-4,118,True,113,46
Killarney Racing Results | 13th May 2024 18:10,N/A,18:10,Good To Yielding,2m 4f 50y,Pitwood Road,J P Shinnick,7,T O'Brien,PU,N/A,6,10-11b,111,True,113,46
Killarney Racing Results | 13th May 2024 18:10,N/A,18:10,Good To Yielding,2m 4f 50y,The Other Mozzie (IRE),K M Donoghue,0,G P Cromwell,14th,6 1/2 l,5,11-7,121,True,113,46
Killarney Racing Results | 13th May 2024 18:10,N/A,18:10,Good To Yielding,2m 4f 50y,Sea Music (IRE),D Meyler,0,E Mullins,13th,12 l,6,11-2,116,True,113,46
Killarney Racing Results | 13th May 2024 18:10,N/A,18:10,Good To Yielding,2m 4f 50y,Jazzy Matty (FR),J J Slevin,0,C Collins,12th,24 l,5,11-12tp,126,True,113,46
Killarney Racing Results | 13th May 2024 18:10,N/A,18:10,Good To Yielding,2m 4f 50y,Park Of Kings (IRE),M P Walsh,0,P Nolan,11th,16 l,6,11-0tp1,114,True,113,46
Killarney Racing Results | 13th May 2024 18:10,N/A,18:10,Good To Yielding,2m 4f 50y,Zoffanien (IRE),D King,0,D Hogan,10th,1 l,7,11-9,123,True,113,46
Killarney Racing Results | 13th May 2024 18:10,N/A,18:10,Good To Yielding,2m 4f 50y,Ballywilliam Boy (IRE),D J O'Keeffe,0,M Hourigan,9th,1 1/4 l,9,11-2p1,116,True,113,46
Killarney Racing Results | 13th May 2024 18:10,N/A,18:10,Good To Yielding,2m 4f 50y,Miss Tempo (IRE),Rachael Blackmore,0,H De Bromhead,8th,1 3/4 l,8,11-5,119,True,113,46
Killarney Racing Results | 13th May 2024 18:10,N/A,18:10,Good To Yielding,2m 4f 50y,Aldo The Apache (IRE),R J Condon,5,Colm Murphy,7th,5 1/2 l,8,11-9t,123,True,113,46
Killarney Racing Results | 13th May 2024 18:10,N/A,18:10,Good To Yielding,2m 4f 50y,Optional Mix (IRE),S O'Callaghan,5,E Doyle,6th,4 l,8,10-12t,112,True,113,46
Killarney Racing Results | 13th May 2024 18:10,N/A,18:10,Good To Yielding,2m 4f 50y,Idol (FR),P T Enright,0,S Curling,5th,2 l,6,10-7,107,True,113,46
Killarney Racing Results | 13th May 2024 18:10,N/A,18:10,Good To Yielding,2m 4f 50y,Mercury Mission,D J Gilligan,3,M J O'Connor,4th,1 l,5,10-6,106,True,113,46
Killarney Racing Results | 13th May 2024 18:10,N/A,18:10,Good To Yielding,2m 4f 50y,Garrybello (FR),M J M O'Sullivan,0,T Cooper,3rd,2 3/4 l,6,11-6ht,120,True,113,46
Killarney Racing Results | 13th May 2024 18:10,N/A,18:10,Good To Yielding,2m 4f 50y,Ceroc (IRE),M M McDonagh,0,E J O'Grady,2nd,Neck,6,10-12b,112,True,113,46
Killarney Racing Results | 13th May 2024 18:10,N/A,18:10,Good To Yielding,2m 4f 50y,Uhtred (IRE),Sam Ewing,0,G Elliott,1st,N/A,9,11-4,118,True,113,46
Killarney Racing Results | 13th May 2024 18:40,N/A,18:40,Good To Yielding,2m 4f 100y,Effernock Fizz (IRE),C P Millar,0,C Collins,NR,N/A,9,10-7tp,-,True,113,47
Killarney Racing Results | 13th May 2024 18:40,N/A,18:40,Good To Yielding,2m 4f 100y,Visionarian (IRE),K M Donoghue,0,G P Cromwell,NR,N/A,9,11-3,-,True,113,47
Killarney Racing Results | 13th May 2024 18:40,N/A,18:40,Good To Yielding,2m 4f 100y,Salvador Ziggy (IRE),J C Gainford,0,G Elliott,NR,N/A,8,11-3,-,True,113,47
Killarney Racing Results | 13th May 2024 18:40,N/A,18:40,Good To Yielding,2m 4f 100y,Bonnie Kellie (IRE),P T Enright,0,S Curling,NR,N/A,7,10-7,-,True,113,47
Killarney Racing Results | 13th May 2024 18:40,N/A,18:40,Good To Yielding,2m 4f 100y,Fury Road (IRE),D J Gilligan,0,G Elliott,4th,22 l,10,11-8tp,-,True,113,47
Killarney Racing Results | 13th May 2024 18:40,N/A,18:40,Good To Yielding,2m 4f 100y,Gentleman De Mee (FR),M P Walsh,0,W P Mullins,3rd,2 3/4 l,8,11-12ht,-,True,113,47
Killarney Racing Results | 13th May 2024 18:40,N/A,18:40,Good To Yielding,2m 4f 100y,French Dynamite (FR),D J O'Keeffe,0,M F Morris,2nd,5 1/2 l,9,11-0t,-,True,113,47
Killarney Racing Results | 13th May 2024 18:40,N/A,18:40,Good To Yielding,2m 4f 100y,Ash Tree Meadow (FR),Sam Ewing,0,G Elliott,1st,N/A,8,11-8t,-,True,113,47
Killarney Racing Results | 13th May 2024 18:40,N/A,18:40,Good To Yielding,2m 4f 100y,Effernock Fizz (IRE),C P Millar,0,C Collins,NR,N/A,9,10-7tp,-,True,113,47
Killarney Racing Results | 13th May 2024 18:40,N/A,18:40,Good To Yielding,2m 4f 100y,Visionarian (IRE),K M Donoghue,0,G P Cromwell,NR,N/A,9,11-3,-,True,113,47
Killarney Racing Results | 13th May 2024 18:40,N/A,18:40,Good To Yielding,2m 4f 100y,Salvador Ziggy (IRE),J C Gainford,0,G Elliott,NR,N/A,8,11-3,-,True,113,47
Killarney Racing Results | 13th May 2024 18:40,N/A,18:40,Good To Yielding,2m 4f 100y,Bonnie Kellie (IRE),P T Enright,0,S Curling,NR,N/A,7,10-7,-,True,113,47
Killarney Racing Results | 13th May 2024 18:40,N/A,18:40,Good To Yielding,2m 4f 100y,Fury Road (IRE),D J Gilligan,0,G Elliott,4th,22 l,10,11-8tp,-,True,113,47
Killarney Racing Results | 13th May 2024 18:40,N/A,18:40,Good To Yielding,2m 4f 100y,Gentleman De Mee (FR),M P Walsh,0,W P Mullins,3rd,2 3/4 l,8,11-12ht,-,True,113,47
Killarney Racing Results | 13th May 2024 18:40,N/A,18:40,Good To Yielding,2m 4f 100y,French Dynamite (FR),D J O'Keeffe,0,M F Morris,2nd,5 1/2 l,9,11-0t,-,True,113,47
Killarney Racing Results | 13th May 2024 18:40,N/A,18:40,Good To Yielding,2m 4f 100y,Ash Tree Meadow (FR),Sam Ewing,0,G Elliott,1st,N/A,8,11-8t,-,True,113,47
Killarney Racing Results | 13th May 2024 19:10,N/A,19:10,Good To Yielding,2m 4f 100y,Malton Groove (IRE),J J Slevin,0,D A McLoughlin,NR,N/A,7,11-7ht,99,True,113,48
Killarney Racing Results | 13th May 2024 19:10,N/A,19:10,Good To Yielding,2m 4f 100y,General Clermont (FR),G Brouder,5,D E Fitzgerald,NR,N/A,8,11-4,96,True,113,48
Killarney Racing Results | 13th May 2024 19:10,N/A,19:10,Good To Yielding,2m 4f 100y,Definiteadare (IRE),S O'Callaghan,5,C Coakley,PU,N/A,10,10-10,88,True,113,48
Killarney Racing Results | 13th May 2024 19:10,N/A,19:10,Good To Yielding,2m 4f 100y,Presenting Point (IRE),D J O'Keeffe,0,A O'Grady,PU,N/A,10,11-8b,100,True,113,48
Killarney Racing Results | 13th May 2024 19:10,N/A,19:10,Good To Yielding,2m 4f 100y,Lake Chad (IRE),Niall Moore,7,P Fenton,9th,25 l,9,11-10,102,True,113,48
Killarney Racing Results | 13th May 2024 19:10,N/A,19:10,Good To Yielding,2m 4f 100y,Land Jet (IRE),S F O'Keeffe,0,Peter Maher,8th,15 l,8,10-2,80,True,113,48
Killarney Racing Results | 13th May 2024 19:10,N/A,19:10,Good To Yielding,2m 4f 100y,Out Of The Park (IRE),P T Enright,0,A O'Grady,7th,1/2 l,6,10-6p1,84,True,113,48
Killarney Racing Results | 13th May 2024 19:10,N/A,19:10,Good To Yielding,2m 4f 100y,Nazine (IRE),C M Quirke,5,M J McDonagh,6th,9 1/2 l,7,11-1p1,93,True,113,48
Killarney Racing Results | 13th May 2024 19:10,N/A,19:10,Good To Yielding,2m 4f 100y,Copper Coast (IRE),M J M O'Sullivan,0,Sarah Connell,5th,3/4 l,6,10-2t,80,True,113,48
Killarney Racing Results | 13th May 2024 19:10,N/A,19:10,Good To Yielding,2m 4f 100y,Walk In The Dark (IRE),D J Gilligan,3,Brendan Walsh,4th,Nose,7,11-12,104,True,113,48
Killarney Racing Results | 13th May 2024 19:10,N/A,19:10,Good To Yielding,2m 4f 100y,Lilian Bland (IRE),R Deegan,0,N P Hennessy,3rd,14 l,8,11-7h,99,True,113,48
Killarney Racing Results | 13th May 2024 19:10,N/A,19:10,Good To Yielding,2m 4f 100y,Listenheretomejack (IRE),D Meyler,0,E Doyle,2nd,5 l,9,11-1,93,True,113,48
Killarney Racing Results | 13th May 2024 19:10,N/A,19:10,Good To Yielding,2m 4f 100y,A Mere Bagatelle (IRE),Shane Fenelon,7,J J Hanlon,1st,N/A,7,11-10b,102,True,113,48
Killarney Racing Results | 13th May 2024 19:10,N/A,19:10,Good To Yielding,2m 4f 100y,Malton Groove (IRE),J J Slevin,0,D A McLoughlin,NR,N/A,7,11-7ht,99,True,113,48
Killarney Racing Results | 13th May 2024 19:10,N/A,19:10,Good To Yielding,2m 4f 100y,General Clermont (FR),G Brouder,5,D E Fitzgerald,NR,N/A,8,11-4,96,True,113,48
Killarney Racing Results | 13th May 2024 19:10,N/A,19:10,Good To Yielding,2m 4f 100y,Definiteadare (IRE),S O'Callaghan,5,C Coakley,PU,N/A,10,10-10,88,True,113,48
Killarney Racing Results | 13th May 2024 19:10,N/A,19:10,Good To Yielding,2m 4f 100y,Presenting Point (IRE),D J O'Keeffe,0,A O'Grady,PU,N/A,10,11-8b,100,True,113,48
Killarney Racing Results | 13th May 2024 19:10,N/A,19:10,Good To Yielding,2m 4f 100y,Lake Chad (IRE),Niall Moore,7,P Fenton,9th,25 l,9,11-10,102,True,113,48
Killarney Racing Results | 13th May 2024 19:10,N/A,19:10,Good To Yielding,2m 4f 100y,Land Jet (IRE),S F O'Keeffe,0,Peter Maher,8th,15 l,8,10-2,80,True,113,48
Killarney Racing Results | 13th May 2024 19:10,N/A,19:10,Good To Yielding,2m 4f 100y,Out Of The Park (IRE),P T Enright,0,A O'Grady,7th,1/2 l,6,10-6p1,84,True,113,48
Killarney Racing Results | 13th May 2024 19:10,N/A,19:10,Good To Yielding,2m 4f 100y,Nazine (IRE),C M Quirke,5,M J McDonagh,6th,9 1/2 l,7,11-1p1,93,True,113,48
Killarney Racing Results | 13th May 2024 19:10,N/A,19:10,Good To Yielding,2m 4f 100y,Copper Coast (IRE),M J M O'Sullivan,0,Sarah Connell,5th,3/4 l,6,10-2t,80,True,113,48
Killarney Racing Results | 13th May 2024 19:10,N/A,19:10,Good To Yielding,2m 4f 100y,Walk In The Dark (IRE),D J Gilligan,3,Brendan Walsh,4th,Nose,7,11-12,104,True,113,48
Killarney Racing Results | 13th May 2024 19:10,N/A,19:10,Good To Yielding,2m 4f 100y,Lilian Bland (IRE),R Deegan,0,N P Hennessy,3rd,14 l,8,11-7h,99,True,113,48
Killarney Racing Results | 13th May 2024 19:10,N/A,19:10,Good To Yielding,2m 4f 100y,Listenheretomejack (IRE),D Meyler,0,E Doyle,2nd,5 l,9,11-1,93,True,113,48
Killarney Racing Results | 13th May 2024 19:10,N/A,19:10,Good To Yielding,2m 4f 100y,A Mere Bagatelle (IRE),Shane Fenelon,7,J J Hanlon,1st,N/A,7,11-10b,102,True,113,48
Killarney Racing Results | 13th May 2024 19:45,N/A,19:45,Good To Yielding,2m 7f,Annamix (FR),Mr P W Mullins,0,W P Mullins,NR,N/A,11,12-3t,-,True,113,49
Killarney Racing Results | 13th May 2024 19:45,N/A,19:45,Good To Yielding,2m 7f,Jeremy Pass (IRE),Mr P A King,5,S Curling,NR,N/A,9,11-7p,-,True,113,49
Killarney Racing Results | 13th May 2024 19:45,N/A,19:45,Good To Yielding,2m 7f,Battleoverdoyen (IRE),Mr J M Halford,7,G Elliott,UR,N/A,11,11-7t,-,True,113,49
Killarney Racing Results | 13th May 2024 19:45,N/A,19:45,Good To Yielding,2m 7f,Au Fleuron (FR),Mr B O'Neill,0,D M Christie,10th,24 l,7,11-7,-,True,113,49
Killarney Racing Results | 13th May 2024 19:45,N/A,19:45,Good To Yielding,2m 7f,Nice To Meet (IRE),Mr T Power Roche,7,M J O'Connor,9th,1 l,8,11-11p,-,True,113,49
Killarney Racing Results | 13th May 2024 19:45,N/A,19:45,Good To Yielding,2m 7f,Grange Island (IRE),Mr J G Murphy,7,W J Burke,8th,15 l,8,12-0tp1,-,True,113,49
Killarney Racing Results | 13th May 2024 19:45,N/A,19:45,Good To Yielding,2m 7f,Hardline (IRE),Mr J H Williamson,7,G Elliott,7th,19 l,12,11-7p,-,True,113,49
Killarney Racing Results | 13th May 2024 19:45,N/A,19:45,Good To Yielding,2m 7f,Younowhatimean (IRE),Mr R Sugrue,7,E McCarthy,6th,6 1/2 l,7,11-71,-,True,113,49
Killarney Racing Results | 13th May 2024 19:45,N/A,19:45,Good To Yielding,2m 7f,Low Lie The Fields (IRE),Mr B T Stone,7,Peter Maher,5th,4 3/4 l,10,11-7p,-,True,113,49
Killarney Racing Results | 13th May 2024 19:45,N/A,19:45,Good To Yielding,2m 7f,Earths Furies (IRE),Mr Alan O'Sullivan,7,E M O'Sullivan,4th,14 l,8,11-7p,-,True,113,49
Killarney Racing Results | 13th May 2024 19:45,N/A,19:45,Good To Yielding,2m 7f,Shiroccosmagicgem (IRE),Mr J C Barry,3,Edward F Power,3rd,1 l,6,11-4p,-,True,113,49
Killarney Racing Results | 13th May 2024 19:45,N/A,19:45,Good To Yielding,2m 7f,Romeo Magico (IRE),Mr D McGill,7,E Mullins,2nd,2 1/2 l,6,12-0,-,True,113,49
Killarney Racing Results | 13th May 2024 19:45,N/A,19:45,Good To Yielding,2m 7f,Early Doors (FR),Mr D O'Connor,0,E Bolger,1st,N/A,11,11-7p,-,True,113,49
Killarney Racing Results | 13th May 2024 19:45,N/A,19:45,Good To Yielding,2m 7f,Annamix (FR),Mr P W Mullins,0,W P Mullins,NR,N/A,11,12-3t,-,True,113,49
Killarney Racing Results | 13th May 2024 19:45,N/A,19:45,Good To Yielding,2m 7f,Jeremy Pass (IRE),Mr P A King,5,S Curling,NR,N/A,9,11-7p,-,True,113,49
Killarney Racing Results | 13th May 2024 19:45,N/A,19:45,Good To Yielding,2m 7f,Battleoverdoyen (IRE),Mr J M Halford,7,G Elliott,UR,N/A,11,11-7t,-,True,113,49
Killarney Racing Results | 13th May 2024 19:45,N/A,19:45,Good To Yielding,2m 7f,Au Fleuron (FR),Mr B O'Neill,0,D M Christie,10th,24 l,7,11-7,-,True,113,49
Killarney Racing Results | 13th May 2024 19:45,N/A,19:45,Good To Yielding,2m 7f,Nice To Meet (IRE),Mr T Power Roche,7,M J O'Connor,9th,1 l,8,11-11p,-,True,113,49
Killarney Racing Results | 13th May 2024 19:45,N/A,19:45,Good To Yielding,2m 7f,Grange Island (IRE),Mr J G Murphy,7,W J Burke,8th,15 l,8,12-0tp1,-,True,113,49
Killarney Racing Results | 13th May 2024 19:45,N/A,19:45,Good To Yielding,2m 7f,Hardline (IRE),Mr J H Williamson,7,G Elliott,7th,19 l,12,11-7p,-,True,113,49
Killarney Racing Results | 13th May 2024 19:45,N/A,19:45,Good To Yielding,2m 7f,Younowhatimean (IRE),Mr R Sugrue,7,E McCarthy,6th,6 1/2 l,7,11-71,-,True,113,49
Killarney Racing Results | 13th May 2024 19:45,N/A,19:45,Good To Yielding,2m 7f,Low Lie The Fields (IRE),Mr B T Stone,7,Peter Maher,5th,4 3/4 l,10,11-7p,-,True,113,49
Killarney Racing Results | 13th May 2024 19:45,N/A,19:45,Good To Yielding,2m 7f,Earths Furies (IRE),Mr Alan O'Sullivan,7,E M O'Sullivan,4th,14 l,8,11-7p,-,True,113,49
Killarney Racing Results | 13th May 2024 19:45,N/A,19:45,Good To Yielding,2m 7f,Shiroccosmagicgem (IRE),Mr J C Barry,3,Edward F Power,3rd,1 l,6,11-4p,-,True,113,49
Killarney Racing Results | 13th May 2024 19:45,N/A,19:45,Good To Yielding,2m 7f,Romeo Magico (IRE),Mr D McGill,7,E Mullins,2nd,2 1/2 l,6,12-0,-,True,113,49
Killarney Racing Results | 13th May 2024 19:45,N/A,19:45,Good To Yielding,2m 7f,Early Doors (FR),Mr D O'Connor,0,E Bolger,1st,N/A,11,11-7p,-,True,113,49
Killarney Racing Results | 13th May 2024 20:20,N/A,20:20,Good To Yielding  Flat (Turf),2m 1f,Jeu De Pic (FR),Miss P Elvin,7,T Cooper,NR,N/A,5,12-0,-,True,113,50
Killarney Racing Results | 13th May 2024 20:20,N/A,20:20,Good To Yielding  Flat (Turf),2m 1f,Florance (IRE),Miss A B O'Connor,3,A McCann,NR,N/A,6,11-7,-,True,113,50
Killarney Racing Results | 13th May 2024 20:20,N/A,20:20,Good To Yielding  Flat (Turf),2m 1f,Whiskeyforluck (IRE),Ms N J Irvine,7,Eric Larkin,8th,N/A,5,11-7t1,-,True,113,50
Killarney Racing Results | 13th May 2024 20:20,N/A,20:20,Good To Yielding  Flat (Turf),2m 1f,Reel Orange (IRE),Miss T Quail,7,S Curling,7th,17 l,5,11-7,-,True,113,50
Killarney Racing Results | 13th May 2024 20:20,N/A,20:20,Good To Yielding  Flat (Turf),2m 1f,Rubies Or Gold (IRE),Miss S Doyle,7,Ms M Mullins,6th,2 1/2 l,5,12-0,-,True,113,50
Killarney Racing Results | 13th May 2024 20:20,N/A,20:20,Good To Yielding  Flat (Turf),2m 1f,Torquay Road (IRE),Miss G Benson,7,P Flood,5th,1/2 l,5,12-0,-,True,113,50
Killarney Racing Results | 13th May 2024 20:20,N/A,20:20,Good To Yielding  Flat (Turf),2m 1f,Dansanttothetune (IRE),Ms J E Grant,7,D M O'Brien,4th,6 l,6,11-7,-,True,113,50
Killarney Racing Results | 13th May 2024 20:20,N/A,20:20,Good To Yielding  Flat (Turf),2m 1f,Whatsyourproblem (IRE),Miss O M Queally,7,J Queally,3rd,3 l,6,12-0,-,True,113,50
Killarney Racing Results | 13th May 2024 20:20,N/A,20:20,Good To Yielding  Flat (Turf),2m 1f,Major Barry (IRE),Ms A Power,7,John E & Kiely,2nd,1 3/4 l,6,12-0ht1,-,True,113,50
Killarney Racing Results | 13th May 2024 20:20,N/A,20:20,Good To Yielding  Flat (Turf),2m 1f,Jump Allen (FR),Miss J Townend,0,W P Mullins,1st,N/A,5,12-0t1,-,True,113,50
Killarney Racing Results | 13th May 2024 20:20,N/A,20:20,Good To Yielding  Flat (Turf),2m 1f,Jeu De Pic (FR),Miss P Elvin,7,T Cooper,NR,N/A,5,12-0,-,True,113,50
Killarney Racing Results | 13th May 2024 20:20,N/A,20:20,Good To Yielding  Flat (Turf),2m 1f,Florance (IRE),Miss A B O'Connor,3,A McCann,NR,N/A,6,11-7,-,True,113,50
Killarney Racing Results | 13th May 2024 20:20,N/A,20:20,Good To Yielding  Flat (Turf),2m 1f,Whiskeyforluck (IRE),Ms N J Irvine,7,Eric Larkin,8th,N/A,5,11-7t1,-,True,113,50
Killarney Racing Results | 13th May 2024 20:20,N/A,20:20,Good To Yielding  Flat (Turf),2m 1f,Reel Orange (IRE),Miss T Quail,7,S Curling,7th,17 l,5,11-7,-,True,113,50
Killarney Racing Results | 13th May 2024 20:20,N/A,20:20,Good To Yielding  Flat (Turf),2m 1f,Rubies Or Gold (IRE),Miss S Doyle,7,Ms M Mullins,6th,2 1/2 l,5,12-0,-,True,113,50
Killarney Racing Results | 13th May 2024 20:20,N/A,20:20,Good To Yielding  Flat (Turf),2m 1f,Torquay Road (IRE),Miss G Benson,7,P Flood,5th,1/2 l,5,12-0,-,True,113,50
Killarney Racing Results | 13th May 2024 20:20,N/A,20:20,Good To Yielding  Flat (Turf),2m 1f,Dansanttothetune (IRE),Ms J E Grant,7,D M O'Brien,4th,6 l,6,11-7,-,True,113,50
Killarney Racing Results | 13th May 2024 20:20,N/A,20:20,Good To Yielding  Flat (Turf),2m 1f,Whatsyourproblem (IRE),Miss O M Queally,7,J Queally,3rd,3 l,6,12-0,-,True,113,50
Killarney Racing Results | 13th May 2024 20:20,N/A,20:20,Good To Yielding  Flat (Turf),2m 1f,Major Barry (IRE),Ms A Power,7,John E & Kiely,2nd,1 3/4 l,6,12-0ht1,-,True,113,50
Killarney Racing Results | 13th May 2024 20:20,N/A,20:20,Good To Yielding  Flat (Turf),2m 1f,Jump Allen (FR),Miss J Townend,0,W P Mullins,1st,N/A,5,12-0t1,-,True,113,50
