track_name,race_date,race_time,going,distance,horse_name,jockey,claims,trainer,race_position,lost_by_length,age,weight,rating,first_place_found,batch_number,url_index_in_batch
N/A,2025-09-27,17:40,Good To Yielding (Yielding In Places) ace (Turf),2m,Apalachiyeats (IRE),Kevin A Murphy,7,E M O'Sullivan,9th,30 l,5,11-7t1,-,True,20,1
N/A,2025-09-27,17:40,Good To Yielding (Yielding In Places) ace (Turf),2m,Jisco Du Brem (FR),Mr D O'Connor,0,Jonathan Sweeney,8th,15 l,6,12-0t,-,True,20,1
N/A,2025-09-27,17:40,Good To Yielding (Yielding In Places) ace (Turf),2m,Tiger Twins (IRE),C M Hogan,7,E McCarthy,7th,9 l,4,11-5,-,True,20,1
N/A,2025-09-27,17:40,Good To Yielding (Yielding In Places) ace (Turf),2m,Samba Train (IRE),Miss A B O'Connor,0,E Bolger,6th,3 1/4 l,4,11-5,-,True,20,1
N/A,2025-09-27,17:40,Good To Yielding (Yielding In Places) ace (Turf),2m,Casterly Rock (IRE),E Finegan,7,P E Collins,5th,1 l,5,12-0,-,True,20,1
N/A,2025-09-27,17:40,Good To Yielding (Yielding In Places) ace (Turf),2m,Starting Fifteen,Mr F Maguire,0,E McNamara,4th,6 1/2 l,4,11-5,-,True,20,1
N/A,2025-09-27,17:40,Good To Yielding (Yielding In Places) ace (Turf),2m,Parnell Street (IRE),Mr A P Ryan,5,A Slattery,3rd,3 1/2 l,5,12-0,-,True,20,1
N/A,2025-09-27,17:40,Good To Yielding (Yielding In Places) ace (Turf),2m,Moon Sky (FR),Mr H C Swan,0,E McCarthy,2nd,1 3/4 l,4,11-5,-,True,20,1
N/A,2025-09-27,17:40,Good To Yielding (Yielding In Places) ace (Turf),2m,That Danny Feeling (IRE),Mr Alan O'Sullivan,7,T O'Brien,1st,N/A,5,12-0,-,True,20,1
N/A,2025-09-27,17:40,Good To Yielding (Yielding In Places) ace (Turf),2m,Apalachiyeats (IRE),Kevin A Murphy,7,E M O'Sullivan,9th,30 l,5,11-7t1,-,True,20,1
N/A,2025-09-27,17:40,Good To Yielding (Yielding In Places) ace (Turf),2m,Jisco Du Brem (FR),Mr D O'Connor,0,Jonathan Sweeney,8th,15 l,6,12-0t,-,True,20,1
N/A,2025-09-27,17:40,Good To Yielding (Yielding In Places) ace (Turf),2m,Tiger Twins (IRE),C M Hogan,7,E McCarthy,7th,9 l,4,11-5,-,True,20,1
N/A,2025-09-27,17:40,Good To Yielding (Yielding In Places) ace (Turf),2m,Samba Train (IRE),Miss A B O'Connor,0,E Bolger,6th,3 1/4 l,4,11-5,-,True,20,1
N/A,2025-09-27,17:40,Good To Yielding (Yielding In Places) ace (Turf),2m,Casterly Rock (IRE),E Finegan,7,P E Collins,5th,1 l,5,12-0,-,True,20,1
N/A,2025-09-27,17:40,Good To Yielding (Yielding In Places) ace (Turf),2m,Starting Fifteen,Mr F Maguire,0,E McNamara,4th,6 1/2 l,4,11-5,-,True,20,1
N/A,2025-09-27,17:40,Good To Yielding (Yielding In Places) ace (Turf),2m,Parnell Street (IRE),Mr A P Ryan,5,A Slattery,3rd,3 1/2 l,5,12-0,-,True,20,1
N/A,2025-09-27,17:40,Good To Yielding (Yielding In Places) ace (Turf),2m,Moon Sky (FR),Mr H C Swan,0,E McCarthy,2nd,1 3/4 l,4,11-5,-,True,20,1
N/A,2025-09-27,17:40,Good To Yielding (Yielding In Places) ace (Turf),2m,That Danny Feeling (IRE),Mr Alan O'Sullivan,7,T O'Brien,1st,N/A,5,12-0,-,True,20,1
N/A,2025-09-28,13:30,Yielding To Soft,1m 1f,Doctor Angelicus,Luke McAteer,0,B W Duke,8th,7 l,2,9-7t1,-,True,20,2
N/A,2025-09-28,13:30,Yielding To Soft,1m 1f,Elm Creek (IRE),Ronan Whelan,0,Donnacha O'Brien,7th,Neck,2,9-7,-,True,20,2
N/A,2025-09-28,13:30,Yielding To Soft,1m 1f,Vantage Code (IRE),Ben Coen,0,E Mullins,6th,10 l,2,9-7,-,True,20,2
N/A,2025-09-28,13:30,Yielding To Soft,1m 1f,Sharkeyboy (FR),J M Sheridan,0,W P Mullins,5th,1 1/4 l,2,9-7,-,True,20,2
N/A,2025-09-28,13:30,Yielding To Soft,1m 1f,Kalir (IRE),C D Hayes,0,D K Weld,4th,1 1/2 l,2,9-7,-,True,20,2
N/A,2025-09-28,13:30,Yielding To Soft,1m 1f,Enceladus (IRE),D Browne McMonagle,0,J P O'Brien,3rd,3 1/2 l,2,9-7,-,True,20,2
N/A,2025-09-28,13:30,Yielding To Soft,1m 1f,Cape Cod (IRE),Wayne Lordan,0,A P O'Brien,2nd,1 3/4 l,2,9-7,-,True,20,2
N/A,2025-09-28,13:30,Yielding To Soft,1m 1f,South Island (IRE),Gavin Ryan,0,Donnacha O'Brien,1st,N/A,2,9-7,79,True,20,2
N/A,2025-09-28,13:30,Yielding To Soft,1m 1f,Doctor Angelicus,Luke McAteer,0,B W Duke,8th,7 l,2,9-7t1,-,True,20,2
N/A,2025-09-28,13:30,Yielding To Soft,1m 1f,Elm Creek (IRE),Ronan Whelan,0,Donnacha O'Brien,7th,Neck,2,9-7,-,True,20,2
N/A,2025-09-28,13:30,Yielding To Soft,1m 1f,Vantage Code (IRE),Ben Coen,0,E Mullins,6th,10 l,2,9-7,-,True,20,2
N/A,2025-09-28,13:30,Yielding To Soft,1m 1f,Sharkeyboy (FR),J M Sheridan,0,W P Mullins,5th,1 1/4 l,2,9-7,-,True,20,2
N/A,2025-09-28,13:30,Yielding To Soft,1m 1f,Kalir (IRE),C D Hayes,0,D K Weld,4th,1 1/2 l,2,9-7,-,True,20,2
N/A,2025-09-28,13:30,Yielding To Soft,1m 1f,Enceladus (IRE),D Browne McMonagle,0,J P O'Brien,3rd,3 1/2 l,2,9-7,-,True,20,2
N/A,2025-09-28,13:30,Yielding To Soft,1m 1f,Cape Cod (IRE),Wayne Lordan,0,A P O'Brien,2nd,1 3/4 l,2,9-7,-,True,20,2
N/A,2025-09-28,13:30,Yielding To Soft,1m 1f,South Island (IRE),Gavin Ryan,0,Donnacha O'Brien,1st,N/A,2,9-7,79,True,20,2
N/A,2025-09-28,14:05,Soft,7f,In The Gloaming (IRE),Billy Lee,0,A Oliver,12th,6 1/2 l,2,9-7,-,True,20,3
N/A,2025-09-28,14:05,Soft,7f,Dream Legend (IRE),J M Sheridan,0,E D Delany,11th,2 l,2,9-7,-,True,20,3
N/A,2025-09-28,14:05,Soft,7f,Arizona Star (IRE),Leigh Roche,0,P McCreery,10th,4 1/2 l,2,9-2,-,True,20,3
N/A,2025-09-28,14:05,Soft,7f,Iff In Doubt (IRE),J J G Ryan,0,E Lynam,9th,1 1/4 l,2,9-7t,-,True,20,3
N/A,2025-09-28,14:05,Soft,7f,Lil Hot Shot,D S O'Sullivan,7,D Marnane,8th,1/2 l,2,9-2,-,True,20,3
N/A,2025-09-28,14:05,Soft,7f,Admiral Will Brown,Ben Coen,0,Daniel McLoughlin,7th,8 1/2 l,2,9-7,-,True,20,3
N/A,2025-09-28,14:05,Soft,7f,Believe Believe (IRE),Jamie Powell,3,M O'Callaghan,6th,2 1/4 l,2,9-7,-,True,20,3
N/A,2025-09-28,14:05,Soft,7f,Hambelton (IRE),Luke McAteer,0,D Marnane,5th,1 1/4 l,2,9-7,-,True,20,3
N/A,2025-09-28,14:05,Soft,7f,Sunrush (IRE),Andrew Slattery,0,A Slattery,4th,4 1/2 l,2,9-7,-,True,20,3
N/A,2025-09-28,14:05,Soft,7f,White Sand Beach (USA),Wayne Lordan,0,A P O'Brien,3rd,1 1/2 l,2,9-2,-,True,20,3
N/A,2025-09-28,14:05,Soft,7f,Zia Zabel (IRE),Seamie Heffernan,0,N Lupini,2nd,4 1/2 l,2,9-7,-,True,20,3
N/A,2025-09-28,14:05,Soft,7f,Spangled Sands (IRE),D Browne McMonagle,0,J P O'Brien,1st,N/A,2,9-7t,-,True,20,3
N/A,2025-09-28,14:05,Soft,7f,In The Gloaming (IRE),Billy Lee,0,A Oliver,12th,6 1/2 l,2,9-7,-,True,20,3
N/A,2025-09-28,14:05,Soft,7f,Dream Legend (IRE),J M Sheridan,0,E D Delany,11th,2 l,2,9-7,-,True,20,3
N/A,2025-09-28,14:05,Soft,7f,Arizona Star (IRE),Leigh Roche,0,P McCreery,10th,4 1/2 l,2,9-2,-,True,20,3
N/A,2025-09-28,14:05,Soft,7f,Iff In Doubt (IRE),J J G Ryan,0,E Lynam,9th,1 1/4 l,2,9-7t,-,True,20,3
N/A,2025-09-28,14:05,Soft,7f,Lil Hot Shot,D S O'Sullivan,7,D Marnane,8th,1/2 l,2,9-2,-,True,20,3
N/A,2025-09-28,14:05,Soft,7f,Admiral Will Brown,Ben Coen,0,Daniel McLoughlin,7th,8 1/2 l,2,9-7,-,True,20,3
N/A,2025-09-28,14:05,Soft,7f,Believe Believe (IRE),Jamie Powell,3,M O'Callaghan,6th,2 1/4 l,2,9-7,-,True,20,3
N/A,2025-09-28,14:05,Soft,7f,Hambelton (IRE),Luke McAteer,0,D Marnane,5th,1 1/4 l,2,9-7,-,True,20,3
N/A,2025-09-28,14:05,Soft,7f,Sunrush (IRE),Andrew Slattery,0,A Slattery,4th,4 1/2 l,2,9-7,-,True,20,3
N/A,2025-09-28,14:05,Soft,7f,White Sand Beach (USA),Wayne Lordan,0,A P O'Brien,3rd,1 1/2 l,2,9-2,-,True,20,3
N/A,2025-09-28,14:05,Soft,7f,Zia Zabel (IRE),Seamie Heffernan,0,N Lupini,2nd,4 1/2 l,2,9-7,-,True,20,3
N/A,2025-09-28,14:05,Soft,7f,Spangled Sands (IRE),D Browne McMonagle,0,J P O'Brien,1st,N/A,2,9-7t,-,True,20,3
N/A,2025-09-28,14:37,Soft,7f,Kensington Lane (IRE),Gavin Ryan,0,Donnacha O'Brien,9th,Neck,2,9-2,92,True,20,4
N/A,2025-09-28,14:37,Soft,7f,Alibah (IRE),D Browne McMonagle,0,J P O'Brien,8th,1 1/4 l,2,9-2,-,True,20,4
N/A,2025-09-28,14:37,Soft,7f,Zous And Me (IRE),D P McDonogh,0,J P O'Brien,7th,6 1/2 l,2,9-2,-,True,20,4
N/A,2025-09-28,14:37,Soft,7f,Smexy (IRE),J J G Ryan,0,G M Lyons,6th,1 3/4 l,2,9-2,94,True,20,4
N/A,2025-09-28,14:37,Soft,7f,Magny Cours (IRE),Ben Coen,0,Daniel McLoughlin,5th,2 1/2 l,2,9-2,88,True,20,4
N/A,2025-09-28,14:37,Soft,7f,Amelia Earhart (IRE),Wayne Lordan,0,A P O'Brien,4th,2 l,2,9-2,88,True,20,4
N/A,2025-09-28,14:37,Soft,7f,Minerva (IRE),Ronan Whelan,0,A P O'Brien,3rd,Short Head,2,9-2p1,-,True,20,4
N/A,2025-09-28,14:37,Soft,7f,Pivotal Attack,G F Carroll,0,J G Murphy,2nd,2 3/4 l,2,9-2,100,True,20,4
N/A,2025-09-28,14:37,Soft,7f,Black Caviar Gold (IRE),Billy Lee,0,P Twomey,1st,N/A,2,9-2,85,True,20,4
N/A,2025-09-28,14:37,Soft,7f,Kensington Lane (IRE),Gavin Ryan,0,Donnacha O'Brien,9th,Neck,2,9-2,92,True,20,4
N/A,2025-09-28,14:37,Soft,7f,Alibah (IRE),D Browne McMonagle,0,J P O'Brien,8th,1 1/4 l,2,9-2,-,True,20,4
N/A,2025-09-28,14:37,Soft,7f,Zous And Me (IRE),D P McDonogh,0,J P O'Brien,7th,6 1/2 l,2,9-2,-,True,20,4
N/A,2025-09-28,14:37,Soft,7f,Smexy (IRE),J J G Ryan,0,G M Lyons,6th,1 3/4 l,2,9-2,94,True,20,4
N/A,2025-09-28,14:37,Soft,7f,Magny Cours (IRE),Ben Coen,0,Daniel McLoughlin,5th,2 1/2 l,2,9-2,88,True,20,4
N/A,2025-09-28,14:37,Soft,7f,Amelia Earhart (IRE),Wayne Lordan,0,A P O'Brien,4th,2 l,2,9-2,88,True,20,4
N/A,2025-09-28,14:37,Soft,7f,Minerva (IRE),Ronan Whelan,0,A P O'Brien,3rd,Short Head,2,9-2p1,-,True,20,4
N/A,2025-09-28,14:37,Soft,7f,Pivotal Attack,G F Carroll,0,J G Murphy,2nd,2 3/4 l,2,9-2,100,True,20,4
N/A,2025-09-28,14:37,Soft,7f,Black Caviar Gold (IRE),Billy Lee,0,P Twomey,1st,N/A,2,9-2,85,True,20,4
N/A,2025-09-28,15:12,Soft,6f,Fregada (IRE),Seamie Heffernan,0,J Feane,11th,2 3/4 l,3,9-2,97,True,20,5
N/A,2025-09-28,15:12,Soft,6f,Big Gossey (IRE),R Whearty,0,C O'Brien,10th,Neck,8,9-7t,108,True,20,5
N/A,2025-09-28,15:12,Soft,6f,Bounty (IRE),Ronan Whelan,0,A P O'Brien,9th,3/4 l,3,9-5,92,True,20,5
N/A,2025-09-28,15:12,Soft,6f,Ides Of March (IRE),Wayne Lordan,0,A P O'Brien,8th,1/2 l,3,9-5,103,True,20,5
N/A,2025-09-28,15:12,Soft,6f,Vespertilio (FR),D Browne McMonagle,0,W McCreery,7th,1 3/4 l,4,9-4,103,True,20,5
N/A,2025-09-28,15:12,Soft,6f,Queen Of Mougins (IRE),C D Hayes,0,A Murray,6th,3 1/2 l,4,9-4,105,True,20,5
N/A,2025-09-28,15:12,Soft,6f,My Mate Alfie (IRE),G F Carroll,0,G M Lyons,5th,2 1/2 l,4,9-7b,112,True,20,5
N/A,2025-09-28,15:12,Soft,6f,Crestofdistinction,Ben Coen,0,J Channon,4th,1 3/4 l,3,9-5p,105,True,20,5
N/A,2025-09-28,15:12,Soft,6f,Spycatcher (IRE),S H James,0,K R Burke,3rd,1/2 l,7,9-7,108,True,20,5
N/A,2025-09-28,15:12,Soft,6f,King Cuan,Billy Lee,0,P Twomey,2nd,Neck,4,9-7,104,True,20,5
N/A,2025-09-28,15:12,Soft,6f,Art Power (IRE),D Allan,0,T D Easterby,1st,N/A,8,9-7,109,True,20,5
N/A,2025-09-28,15:12,Soft,6f,Fregada (IRE),Seamie Heffernan,0,J Feane,11th,2 3/4 l,3,9-2,97,True,20,5
N/A,2025-09-28,15:12,Soft,6f,Big Gossey (IRE),R Whearty,0,C O'Brien,10th,Neck,8,9-7t,108,True,20,5
N/A,2025-09-28,15:12,Soft,6f,Bounty (IRE),Ronan Whelan,0,A P O'Brien,9th,3/4 l,3,9-5,92,True,20,5
N/A,2025-09-28,15:12,Soft,6f,Ides Of March (IRE),Wayne Lordan,0,A P O'Brien,8th,1/2 l,3,9-5,103,True,20,5
N/A,2025-09-28,15:12,Soft,6f,Vespertilio (FR),D Browne McMonagle,0,W McCreery,7th,1 3/4 l,4,9-4,103,True,20,5
N/A,2025-09-28,15:12,Soft,6f,Queen Of Mougins (IRE),C D Hayes,0,A Murray,6th,3 1/2 l,4,9-4,105,True,20,5
N/A,2025-09-28,15:12,Soft,6f,My Mate Alfie (IRE),G F Carroll,0,G M Lyons,5th,2 1/2 l,4,9-7b,112,True,20,5
N/A,2025-09-28,15:12,Soft,6f,Crestofdistinction,Ben Coen,0,J Channon,4th,1 3/4 l,3,9-5p,105,True,20,5
N/A,2025-09-28,15:12,Soft,6f,Spycatcher (IRE),S H James,0,K R Burke,3rd,1/2 l,7,9-7,108,True,20,5
N/A,2025-09-28,15:12,Soft,6f,King Cuan,Billy Lee,0,P Twomey,2nd,Neck,4,9-7,104,True,20,5
N/A,2025-09-28,15:12,Soft,6f,Art Power (IRE),D Allan,0,T D Easterby,1st,N/A,8,9-7,109,True,20,5
N/A,2025-09-28,15:47,Yielding To Soft,7f,Which Wolf Wins (IRE),D Browne McMonagle,0,J P O'Brien,11th,8 1/2 l,2,10-3,85,True,20,6
N/A,2025-09-28,15:47,Yielding To Soft,7f,Elora Prince (IRE),P McGettigan,7,K P Cotter,10th,1 1/2 l,2,8-8,62,True,20,6
N/A,2025-09-28,15:47,Yielding To Soft,7f,Elly Bay (IRE),Jamie Powell,3,J P Murtagh,9th,1 1/2 l,2,9-5,73,True,20,6
N/A,2025-09-28,15:47,Yielding To Soft,7f,Luna Mia,Ronan Whelan,0,M O'Callaghan,8th,Short Head,2,10-1p,83,True,20,6
N/A,2025-09-28,15:47,Yielding To Soft,7f,Venetian Star (IRE),Ben Coen,0,J P Murtagh,7th,1/2 l,2,9-7b1,75,True,20,6
N/A,2025-09-28,15:47,Yielding To Soft,7f,Estoublon (IRE),J Pietropaolo,7,J P O'Brien,6th,1/2 l,2,9-8,76,True,20,6
N/A,2025-09-28,15:47,Yielding To Soft,7f,The Holy Apostle (IRE),R Donaghue-Leahy,7,B W Duke,5th,3/4 l,2,9-0,68,True,20,6
N/A,2025-09-28,15:47,Yielding To Soft,7f,Dunleer Dancer (IRE),R P Cleary,0,D Kinsella,4th,2 1/2 l,2,9-0,68,True,20,6
N/A,2025-09-28,15:47,Yielding To Soft,7f,Sanctijude (IRE),Billy Lee,0,W McCreery,3rd,1/2 l,2,9-12,80,True,20,6
N/A,2025-09-28,15:47,Yielding To Soft,7f,Sunrise Angel (IRE),Andrew Slattery,0,A Slattery,2nd,Neck,2,8-9,63,True,20,6
N/A,2025-09-28,15:47,Yielding To Soft,7f,Invincible Will (IRE),G F Carroll,0,G P Cromwell,1st,N/A,2,9-8h,76,True,20,6
N/A,2025-09-28,15:47,Yielding To Soft,7f,Which Wolf Wins (IRE),D Browne McMonagle,0,J P O'Brien,11th,8 1/2 l,2,10-3,85,True,20,6
N/A,2025-09-28,15:47,Yielding To Soft,7f,Elora Prince (IRE),P McGettigan,7,K P Cotter,10th,1 1/2 l,2,8-8,62,True,20,6
N/A,2025-09-28,15:47,Yielding To Soft,7f,Elly Bay (IRE),Jamie Powell,3,J P Murtagh,9th,1 1/2 l,2,9-5,73,True,20,6
N/A,2025-09-28,15:47,Yielding To Soft,7f,Luna Mia,Ronan Whelan,0,M O'Callaghan,8th,Short Head,2,10-1p,83,True,20,6
N/A,2025-09-28,15:47,Yielding To Soft,7f,Venetian Star (IRE),Ben Coen,0,J P Murtagh,7th,1/2 l,2,9-7b1,75,True,20,6
N/A,2025-09-28,15:47,Yielding To Soft,7f,Estoublon (IRE),J Pietropaolo,7,J P O'Brien,6th,1/2 l,2,9-8,76,True,20,6
N/A,2025-09-28,15:47,Yielding To Soft,7f,The Holy Apostle (IRE),R Donaghue-Leahy,7,B W Duke,5th,3/4 l,2,9-0,68,True,20,6
N/A,2025-09-28,15:47,Yielding To Soft,7f,Dunleer Dancer (IRE),R P Cleary,0,D Kinsella,4th,2 1/2 l,2,9-0,68,True,20,6
N/A,2025-09-28,15:47,Yielding To Soft,7f,Sanctijude (IRE),Billy Lee,0,W McCreery,3rd,1/2 l,2,9-12,80,True,20,6
N/A,2025-09-28,15:47,Yielding To Soft,7f,Sunrise Angel (IRE),Andrew Slattery,0,A Slattery,2nd,Neck,2,8-9,63,True,20,6
N/A,2025-09-28,15:47,Yielding To Soft,7f,Invincible Will (IRE),G F Carroll,0,G P Cromwell,1st,N/A,2,9-8h,76,True,20,6
N/A,2025-09-28,16:22,Yielding,2m 170y,Sea Of Sands (GER),Nicola Burns,7,W P Mullins,30th,99 l,7,9-7ht,96,True,20,7
N/A,2025-09-28,16:22,Yielding,2m 170y,London City (USA),J Cleary,5,A P O'Brien,29th,5 1/2 l,4,10-1p1,104,True,20,7
N/A,2025-09-28,16:22,Yielding,2m 170y,Tashkhan (IRE),Ben Robinson,0,B Ellison,28th,15 l,7,10-2v,105,True,20,7
N/A,2025-09-28,16:22,Yielding,2m 170y,Intellotto (IRE),J Pietropaolo,7,J P O'Brien,27th,5 1/2 l,5,8-9tb1,84,True,20,7
N/A,2025-09-28,16:22,Yielding,2m 170y,Happy Pharoah (IRE),Gavin Ryan,0,Donnacha O'Brien,26th,2 3/4 l,3,9-0t,91,True,20,7
N/A,2025-09-28,16:22,Yielding,2m 170y,Nurburgring (IRE),D Browne McMonagle,0,J P O'Brien,25th,1 1/4 l,5,9-6tb1,95,True,20,7
N/A,2025-09-28,16:22,Yielding,2m 170y,Too Bossy For Us (IRE),J M Sheridan,0,W P Mullins,24th,3 3/4 l,4,9-2h,91,True,20,7
N/A,2025-09-28,16:22,Yielding,2m 170y,Tribal Star (IRE),Adam Caffrey,0,A McGuinness,23rd,Head,4,9-1p,83,True,20,7
N/A,2025-09-28,16:22,Yielding,2m 170y,Falcon Eight (IRE),C D Hayes,0,D K Weld,22nd,1/2 l,10,9-6p,95,True,20,7
N/A,2025-09-28,16:22,Yielding,2m 170y,Filey Bay (IRE),R M Mulligan,7,E Mullins,21st,3 3/4 l,9,9-5ht,94,True,20,7
N/A,2025-09-28,16:22,Yielding,2m 170y,Poetic Sound (IRE),G F Carroll,0,G M Lyons,20th,Neck,4,9-11,100,True,20,7
N/A,2025-09-28,16:22,Yielding,2m 170y,Mon Coeur (IRE),R C Colgan,0,J G Murphy,19th,Neck,9,8-10,85,True,20,7
N/A,2025-09-28,16:22,Yielding,2m 170y,Sixandahalf (IRE),R Whearty,0,G P Cromwell,18th,Head,5,9-4,93,True,20,7
N/A,2025-09-28,16:22,Yielding,2m 170y,Zoffman (IRE),Jamie Powell,3,N Meade,17th,Neck,6,8-12p,87,True,20,7
N/A,2025-09-28,16:22,Yielding,2m 170y,Shackleton (IRE),Wayne Lordan,0,A P O'Brien,16th,1 l,3,9-9p,107,True,20,7
N/A,2025-09-28,16:22,Yielding,2m 170y,Tounsivator (FR),Shane Foley,0,W P Mullins,15th,2 l,6,8-10,78,True,20,7
N/A,2025-09-28,16:22,Yielding,2m 170y,Helvic Dream (IRE),J J G Ryan,0,N Meade,14th,1 1/4 l,8,9-12t,101,True,20,7
N/A,2025-09-28,16:22,Yielding,2m 170y,Sirius (FR),Ben Coen,0,W P Mullins,13th,1 1/4 l,6,9-2h,91,True,20,7
N/A,2025-09-28,16:22,Yielding,2m 170y,Comfort Zone (IRE),D P McDonogh,0,J P O'Brien,12th,1/2 l,6,9-5b,94,True,20,7
N/A,2025-09-28,16:22,Yielding,2m 170y,Minstrel Knight,Andrew Slattery,0,E Bethell,11th,Neck,4,8-11,86,True,20,7
N/A,2025-09-28,16:22,Yielding,2m 170y,Plontier (FR),Seamie Heffernan,0,W P Mullins,10th,Nose,9,8-13,88,True,20,7
N/A,2025-09-28,16:22,Yielding,2m 170y,Small Fry (IRE),N M Crosse,0,J P O'Brien,9th,Head,4,9-3,92,True,20,7
N/A,2025-09-28,16:22,Yielding,2m 170y,Mr Percy (IRE),H J Horgan,5,J P O'Brien,8th,1/2 l,5,9-6p,95,True,20,7
N/A,2025-09-28,16:22,Yielding,2m 170y,Aeronautic (IRE),Wayne Hassett,3,J P O'Brien,7th,Head,4,9-8t,97,True,20,7
N/A,2025-09-28,16:22,Yielding,2m 170y,Ascending (IRE),Billy Lee,0,H De Bromhead,6th,3/4 l,6,9-10,99,True,20,7
N/A,2025-09-28,16:22,Yielding,2m 170y,Dawn Rising (IRE),Scott McCullagh,0,J P O'Brien,5th,Neck,8,9-8tp1,97,True,20,7
N/A,2025-09-28,16:22,Yielding,2m 170y,Lord Erskine (IRE),Wesley Joyce,3,H Rogers,4th,1 3/4 l,12,8-12b,87,True,20,7
N/A,2025-09-28,16:22,Yielding,2m 170y,Queenstown (IRE),Ronan Whelan,0,A P O'Brien,3rd,2 3/4 l,5,10-1b,104,True,20,7
N/A,2025-09-28,16:22,Yielding,2m 170y,Chally Chute (IRE),S Coen,7,R O'Sullivan,2nd,1/2 l,7,10-1,104,True,20,7
N/A,2025-09-28,16:22,Yielding,2m 170y,Puturhandstogether (IRE),N G McCullagh,0,J P O'Brien,1st,N/A,4,8-7,82,True,20,7
N/A,2025-09-28,16:22,Yielding,2m 170y,Sea Of Sands (GER),Nicola Burns,7,W P Mullins,30th,99 l,7,9-7ht,96,True,20,7
N/A,2025-09-28,16:22,Yielding,2m 170y,London City (USA),J Cleary,5,A P O'Brien,29th,5 1/2 l,4,10-1p1,104,True,20,7
N/A,2025-09-28,16:22,Yielding,2m 170y,Tashkhan (IRE),Ben Robinson,0,B Ellison,28th,15 l,7,10-2v,105,True,20,7
N/A,2025-09-28,16:22,Yielding,2m 170y,Intellotto (IRE),J Pietropaolo,7,J P O'Brien,27th,5 1/2 l,5,8-9tb1,84,True,20,7
N/A,2025-09-28,16:22,Yielding,2m 170y,Happy Pharoah (IRE),Gavin Ryan,0,Donnacha O'Brien,26th,2 3/4 l,3,9-0t,91,True,20,7
N/A,2025-09-28,16:22,Yielding,2m 170y,Nurburgring (IRE),D Browne McMonagle,0,J P O'Brien,25th,1 1/4 l,5,9-6tb1,95,True,20,7
N/A,2025-09-28,16:22,Yielding,2m 170y,Too Bossy For Us (IRE),J M Sheridan,0,W P Mullins,24th,3 3/4 l,4,9-2h,91,True,20,7
N/A,2025-09-28,16:22,Yielding,2m 170y,Tribal Star (IRE),Adam Caffrey,0,A McGuinness,23rd,Head,4,9-1p,83,True,20,7
N/A,2025-09-28,16:22,Yielding,2m 170y,Falcon Eight (IRE),C D Hayes,0,D K Weld,22nd,1/2 l,10,9-6p,95,True,20,7
N/A,2025-09-28,16:22,Yielding,2m 170y,Filey Bay (IRE),R M Mulligan,7,E Mullins,21st,3 3/4 l,9,9-5ht,94,True,20,7
N/A,2025-09-28,16:22,Yielding,2m 170y,Poetic Sound (IRE),G F Carroll,0,G M Lyons,20th,Neck,4,9-11,100,True,20,7
N/A,2025-09-28,16:22,Yielding,2m 170y,Mon Coeur (IRE),R C Colgan,0,J G Murphy,19th,Neck,9,8-10,85,True,20,7
N/A,2025-09-28,16:22,Yielding,2m 170y,Sixandahalf (IRE),R Whearty,0,G P Cromwell,18th,Head,5,9-4,93,True,20,7
N/A,2025-09-28,16:22,Yielding,2m 170y,Zoffman (IRE),Jamie Powell,3,N Meade,17th,Neck,6,8-12p,87,True,20,7
N/A,2025-09-28,16:22,Yielding,2m 170y,Shackleton (IRE),Wayne Lordan,0,A P O'Brien,16th,1 l,3,9-9p,107,True,20,7
N/A,2025-09-28,16:22,Yielding,2m 170y,Tounsivator (FR),Shane Foley,0,W P Mullins,15th,2 l,6,8-10,78,True,20,7
N/A,2025-09-28,16:22,Yielding,2m 170y,Helvic Dream (IRE),J J G Ryan,0,N Meade,14th,1 1/4 l,8,9-12t,101,True,20,7
N/A,2025-09-28,16:22,Yielding,2m 170y,Sirius (FR),Ben Coen,0,W P Mullins,13th,1 1/4 l,6,9-2h,91,True,20,7
N/A,2025-09-28,16:22,Yielding,2m 170y,Comfort Zone (IRE),D P McDonogh,0,J P O'Brien,12th,1/2 l,6,9-5b,94,True,20,7
N/A,2025-09-28,16:22,Yielding,2m 170y,Minstrel Knight,Andrew Slattery,0,E Bethell,11th,Neck,4,8-11,86,True,20,7
N/A,2025-09-28,16:22,Yielding,2m 170y,Plontier (FR),Seamie Heffernan,0,W P Mullins,10th,Nose,9,8-13,88,True,20,7
N/A,2025-09-28,16:22,Yielding,2m 170y,Small Fry (IRE),N M Crosse,0,J P O'Brien,9th,Head,4,9-3,92,True,20,7
N/A,2025-09-28,16:22,Yielding,2m 170y,Mr Percy (IRE),H J Horgan,5,J P O'Brien,8th,1/2 l,5,9-6p,95,True,20,7
N/A,2025-09-28,16:22,Yielding,2m 170y,Aeronautic (IRE),Wayne Hassett,3,J P O'Brien,7th,Head,4,9-8t,97,True,20,7
N/A,2025-09-28,16:22,Yielding,2m 170y,Ascending (IRE),Billy Lee,0,H De Bromhead,6th,3/4 l,6,9-10,99,True,20,7
N/A,2025-09-28,16:22,Yielding,2m 170y,Dawn Rising (IRE),Scott McCullagh,0,J P O'Brien,5th,Neck,8,9-8tp1,97,True,20,7
N/A,2025-09-28,16:22,Yielding,2m 170y,Lord Erskine (IRE),Wesley Joyce,3,H Rogers,4th,1 3/4 l,12,8-12b,87,True,20,7
N/A,2025-09-28,16:22,Yielding,2m 170y,Queenstown (IRE),Ronan Whelan,0,A P O'Brien,3rd,2 3/4 l,5,10-1b,104,True,20,7
N/A,2025-09-28,16:22,Yielding,2m 170y,Chally Chute (IRE),S Coen,7,R O'Sullivan,2nd,1/2 l,7,10-1,104,True,20,7
N/A,2025-09-28,16:22,Yielding,2m 170y,Puturhandstogether (IRE),N G McCullagh,0,J P O'Brien,1st,N/A,4,8-7,82,True,20,7
N/A,2025-09-28,16:57,Yielding To Soft,6f,Lynns Dash (IRE),Gavin Ryan,0,M Fahey,15th,1/2 l,3,9-3,-,True,20,8
N/A,2025-09-28,16:57,Yielding To Soft,6f,Gozo Glory (IRE),Adam Caffrey,0,Miss H McLoughlin,14th,5 l,3,9-8h1,-,True,20,8
N/A,2025-09-28,16:57,Yielding To Soft,6f,Astute Power (IRE),J J G Ryan,0,E Lynam,13th,3 1/2 l,3,9-8t1,-,True,20,8
N/A,2025-09-28,16:57,Yielding To Soft,6f,Java Wood (IRE),Seamie Heffernan,0,K Smith,12th,3 l,5,9-10h,-,True,20,8
N/A,2025-09-28,16:57,Yielding To Soft,6f,Eyesforthefuture (IRE),Wesley Joyce,3,P M Verling,11th,3 3/4 l,3,9-3t1,-,True,20,8
N/A,2025-09-28,16:57,Yielding To Soft,6f,La Campanella (IRE),M Crehan,3,G Keane,10th,2 1/2 l,3,9-3,-,True,20,8
N/A,2025-09-28,16:57,Yielding To Soft,6f,Vanity's Boy (IRE),Killian Leonard,0,Daniel Murphy,9th,3/4 l,3,9-8,-,True,20,8
N/A,2025-09-28,16:57,Yielding To Soft,6f,Bennu (IRE),A Browne-Souza,7,W P Browne,8th,1 1/2 l,4,9-10,-,True,20,8
N/A,2025-09-28,16:57,Yielding To Soft,6f,Harry Longabaugh (IRE),Wayne Lordan,0,P C O'Donnell,7th,4 3/4 l,3,9-8,-,True,20,8
N/A,2025-09-28,16:57,Yielding To Soft,6f,Cecco (USA),J M Sheridan,0,J A Stack,6th,2 3/4 l,3,9-8b,69,True,20,8
N/A,2025-09-28,16:57,Yielding To Soft,6f,Washington Street (IRE),G F Carroll,0,G M Lyons,5th,1/2 l,3,9-8,79,True,20,8
N/A,2025-09-28,16:57,Yielding To Soft,6f,Glory To Be (IRE),D Browne McMonagle,0,M C Grassick,4th,Short Head,3,9-3p1,68,True,20,8
N/A,2025-09-28,16:57,Yielding To Soft,6f,Poweracclaim (IRE),Ben Coen,0,J P Murtagh,3rd,2 l,3,9-8,75,True,20,8
N/A,2025-09-28,16:57,Yielding To Soft,6f,Lunigiana (IRE),Billy Lee,0,W McCreery,2nd,Neck,3,9-3,77,True,20,8
N/A,2025-09-28,16:57,Yielding To Soft,6f,Spodo Komodo,Ronan Whelan,0,J Feane,1st,N/A,3,9-8,68,True,20,8
N/A,2025-09-28,16:57,Yielding To Soft,6f,Lynns Dash (IRE),Gavin Ryan,0,M Fahey,15th,1/2 l,3,9-3,-,True,20,8
N/A,2025-09-28,16:57,Yielding To Soft,6f,Gozo Glory (IRE),Adam Caffrey,0,Miss H McLoughlin,14th,5 l,3,9-8h1,-,True,20,8
N/A,2025-09-28,16:57,Yielding To Soft,6f,Astute Power (IRE),J J G Ryan,0,E Lynam,13th,3 1/2 l,3,9-8t1,-,True,20,8
N/A,2025-09-28,16:57,Yielding To Soft,6f,Java Wood (IRE),Seamie Heffernan,0,K Smith,12th,3 l,5,9-10h,-,True,20,8
N/A,2025-09-28,16:57,Yielding To Soft,6f,Eyesforthefuture (IRE),Wesley Joyce,3,P M Verling,11th,3 3/4 l,3,9-3t1,-,True,20,8
N/A,2025-09-28,16:57,Yielding To Soft,6f,La Campanella (IRE),M Crehan,3,G Keane,10th,2 1/2 l,3,9-3,-,True,20,8
N/A,2025-09-28,16:57,Yielding To Soft,6f,Vanity's Boy (IRE),Killian Leonard,0,Daniel Murphy,9th,3/4 l,3,9-8,-,True,20,8
N/A,2025-09-28,16:57,Yielding To Soft,6f,Bennu (IRE),A Browne-Souza,7,W P Browne,8th,1 1/2 l,4,9-10,-,True,20,8
N/A,2025-09-28,16:57,Yielding To Soft,6f,Harry Longabaugh (IRE),Wayne Lordan,0,P C O'Donnell,7th,4 3/4 l,3,9-8,-,True,20,8
N/A,2025-09-28,16:57,Yielding To Soft,6f,Cecco (USA),J M Sheridan,0,J A Stack,6th,2 3/4 l,3,9-8b,69,True,20,8
N/A,2025-09-28,16:57,Yielding To Soft,6f,Washington Street (IRE),G F Carroll,0,G M Lyons,5th,1/2 l,3,9-8,79,True,20,8
N/A,2025-09-28,16:57,Yielding To Soft,6f,Glory To Be (IRE),D Browne McMonagle,0,M C Grassick,4th,Short Head,3,9-3p1,68,True,20,8
N/A,2025-09-28,16:57,Yielding To Soft,6f,Poweracclaim (IRE),Ben Coen,0,J P Murtagh,3rd,2 l,3,9-8,75,True,20,8
N/A,2025-09-28,16:57,Yielding To Soft,6f,Lunigiana (IRE),Billy Lee,0,W McCreery,2nd,Neck,3,9-3,77,True,20,8
N/A,2025-09-28,16:57,Yielding To Soft,6f,Spodo Komodo,Ronan Whelan,0,J Feane,1st,N/A,3,9-8,68,True,20,8
N/A,2025-09-28,17:30,Yielding ap (Turf),1m 2f,Keilah (IRE),Mr M N Sharpe,7,W McCreery,UR,N/A,5,11-7,61,True,20,9
N/A,2025-09-28,17:30,Yielding ap (Turf),1m 2f,Victoria Kesia (IRE),Mr H C Swan,0,J G Murphy,UR,N/A,4,11-13,67,True,20,9
N/A,2025-09-28,17:30,Yielding ap (Turf),1m 2f,Brewel Hill (IRE),Mr R W Barron,5,P McCreery,20th,2 3/4 l,9,11-8,62,True,20,9
N/A,2025-09-28,17:30,Yielding ap (Turf),1m 2f,Aingeal Dorcha (IRE),Miss L Costello,7,A Slattery,19th,1 1/4 l,7,11-10,64,True,20,9
N/A,2025-09-28,17:30,Yielding ap (Turf),1m 2f,Red Veil (IRE),Mr J M Halford,7,A Sexton,18th,3 1/2 l,3,11-3,62,True,20,9
N/A,2025-09-28,17:30,Yielding ap (Turf),1m 2f,Ozark Daze,Mr J Dunne,7,J Davison,17th,6 l,4,12-2tp,70,True,20,9
N/A,2025-09-28,17:30,Yielding ap (Turf),1m 2f,Vivacious Lady (IRE),Miss M O'Sullivan,5,T Collins,16th,2 1/4 l,4,11-9,63,True,20,9
N/A,2025-09-28,17:30,Yielding ap (Turf),1m 2f,Hemight (IRE),Mr P W Gleeson,7,P F O'Donnell,15th,1 1/2 l,4,11-10,64,True,20,9
N/A,2025-09-28,17:30,Yielding ap (Turf),1m 2f,Rain (GER),Miss A B O'Connor,0,E & P Harty,14th,4 1/2 l,6,11-10,64,True,20,9
N/A,2025-09-28,17:30,Yielding ap (Turf),1m 2f,Timandi (IRE),Miss A Ruane,7,J M Barrett,13th,3/4 l,3,11-4,63,True,20,9
N/A,2025-09-28,17:30,Yielding ap (Turf),1m 2f,Powerful Hook Head (GER),Mr J L Gleeson,0,J P O'Brien,12th,1 1/4 l,4,12-1tp,69,True,20,9
N/A,2025-09-28,17:30,Yielding ap (Turf),1m 2f,Bucaneer's Spirit (IRE),Mr J P Sutton,7,Ian Donoghue,11th,1 3/4 l,4,11-8,62,True,20,9
N/A,2025-09-28,17:30,Yielding ap (Turf),1m 2f,Wertpol (IRE),Miss G Benson,7,J P Murtagh,10th,1 1/2 l,3,11-12,71,True,20,9
N/A,2025-09-28,17:30,Yielding ap (Turf),1m 2f,No More Porter (IRE),Mr F Maguire,0,A McGuinness,9th,Neck,7,12-2tp,70,True,20,9
N/A,2025-09-28,17:30,Yielding ap (Turf),1m 2f,Loingseoir (IRE),Mr J H Williamson,7,M C Grassick,8th,1 3/4 l,9,12-0t,68,True,20,9
N/A,2025-09-28,17:30,Yielding ap (Turf),1m 2f,Migdam (FR),Mr F R Buckley,7,E Buckley,7th,3/4 l,6,11-11h,65,True,20,9
N/A,2025-09-28,17:30,Yielding ap (Turf),1m 2f,Tilani (IRE),Mr P J Smullen,7,D K Weld,6th,3/4 l,3,11-5p,64,True,20,9
N/A,2025-09-28,17:30,Yielding ap (Turf),1m 2f,Zuzukel (FR),Mr D O'Connor,0,A J Martin,5th,3 1/2 l,5,11-9t,63,True,20,9
N/A,2025-09-28,17:30,Yielding ap (Turf),1m 2f,Alfalfa (IRE),Mr D Doyle,7,T Doyle,4th,3/4 l,7,11-9,63,True,20,9
N/A,2025-09-28,17:30,Yielding ap (Turf),1m 2f,Sylkie,Mr E P O'Brien,5,D Howard,3rd,1 3/4 l,4,11-10p,64,True,20,9
N/A,2025-09-28,17:30,Yielding ap (Turf),1m 2f,Gotta Catch'em All (IRE),Miss M Walsh,7,H Rogers,2nd,1 3/4 l,5,11-6p,60,True,20,9
N/A,2025-09-28,17:30,Yielding ap (Turf),1m 2f,Castleheath (IRE),Mr Alan O'Sullivan,7,Ciaran Murphy,1st,N/A,4,11-13,67,True,20,9
N/A,2025-09-28,17:30,Yielding ap (Turf),1m 2f,Keilah (IRE),Mr M N Sharpe,7,W McCreery,UR,N/A,5,11-7,61,True,20,9
N/A,2025-09-28,17:30,Yielding ap (Turf),1m 2f,Victoria Kesia (IRE),Mr H C Swan,0,J G Murphy,UR,N/A,4,11-13,67,True,20,9
N/A,2025-09-28,17:30,Yielding ap (Turf),1m 2f,Brewel Hill (IRE),Mr R W Barron,5,P McCreery,20th,2 3/4 l,9,11-8,62,True,20,9
N/A,2025-09-28,17:30,Yielding ap (Turf),1m 2f,Aingeal Dorcha (IRE),Miss L Costello,7,A Slattery,19th,1 1/4 l,7,11-10,64,True,20,9
N/A,2025-09-28,17:30,Yielding ap (Turf),1m 2f,Red Veil (IRE),Mr J M Halford,7,A Sexton,18th,3 1/2 l,3,11-3,62,True,20,9
N/A,2025-09-28,17:30,Yielding ap (Turf),1m 2f,Ozark Daze,Mr J Dunne,7,J Davison,17th,6 l,4,12-2tp,70,True,20,9
N/A,2025-09-28,17:30,Yielding ap (Turf),1m 2f,Vivacious Lady (IRE),Miss M O'Sullivan,5,T Collins,16th,2 1/4 l,4,11-9,63,True,20,9
N/A,2025-09-28,17:30,Yielding ap (Turf),1m 2f,Hemight (IRE),Mr P W Gleeson,7,P F O'Donnell,15th,1 1/2 l,4,11-10,64,True,20,9
N/A,2025-09-28,17:30,Yielding ap (Turf),1m 2f,Rain (GER),Miss A B O'Connor,0,E & P Harty,14th,4 1/2 l,6,11-10,64,True,20,9
N/A,2025-09-28,17:30,Yielding ap (Turf),1m 2f,Timandi (IRE),Miss A Ruane,7,J M Barrett,13th,3/4 l,3,11-4,63,True,20,9
N/A,2025-09-28,17:30,Yielding ap (Turf),1m 2f,Powerful Hook Head (GER),Mr J L Gleeson,0,J P O'Brien,12th,1 1/4 l,4,12-1tp,69,True,20,9
N/A,2025-09-28,17:30,Yielding ap (Turf),1m 2f,Bucaneer's Spirit (IRE),Mr J P Sutton,7,Ian Donoghue,11th,1 3/4 l,4,11-8,62,True,20,9
N/A,2025-09-28,17:30,Yielding ap (Turf),1m 2f,Wertpol (IRE),Miss G Benson,7,J P Murtagh,10th,1 1/2 l,3,11-12,71,True,20,9
N/A,2025-09-28,17:30,Yielding ap (Turf),1m 2f,No More Porter (IRE),Mr F Maguire,0,A McGuinness,9th,Neck,7,12-2tp,70,True,20,9
N/A,2025-09-28,17:30,Yielding ap (Turf),1m 2f,Loingseoir (IRE),Mr J H Williamson,7,M C Grassick,8th,1 3/4 l,9,12-0t,68,True,20,9
N/A,2025-09-28,17:30,Yielding ap (Turf),1m 2f,Migdam (FR),Mr F R Buckley,7,E Buckley,7th,3/4 l,6,11-11h,65,True,20,9
N/A,2025-09-28,17:30,Yielding ap (Turf),1m 2f,Tilani (IRE),Mr P J Smullen,7,D K Weld,6th,3/4 l,3,11-5p,64,True,20,9
N/A,2025-09-28,17:30,Yielding ap (Turf),1m 2f,Zuzukel (FR),Mr D O'Connor,0,A J Martin,5th,3 1/2 l,5,11-9t,63,True,20,9
N/A,2025-09-28,17:30,Yielding ap (Turf),1m 2f,Alfalfa (IRE),Mr D Doyle,7,T Doyle,4th,3/4 l,7,11-9,63,True,20,9
N/A,2025-09-28,17:30,Yielding ap (Turf),1m 2f,Sylkie,Mr E P O'Brien,5,D Howard,3rd,1 3/4 l,4,11-10p,64,True,20,9
N/A,2025-09-28,17:30,Yielding ap (Turf),1m 2f,Gotta Catch'em All (IRE),Miss M Walsh,7,H Rogers,2nd,1 3/4 l,5,11-6p,60,True,20,9
N/A,2025-09-28,17:30,Yielding ap (Turf),1m 2f,Castleheath (IRE),Mr Alan O'Sullivan,7,Ciaran Murphy,1st,N/A,4,11-13,67,True,20,9
N/A,2025-09-29,13:40,Good To Yielding (Good In Places),1m 7f 135y,Dark Lieutenant (IRE),Harry Sexton,7,P A Fahy,UR,N/A,4,11-7,-,True,20,10
N/A,2025-09-29,13:40,Good To Yielding (Good In Places),1m 7f 135y,First Ascent (IRE),Jack Kennedy,0,G Elliott,PU,N/A,4,11-7t,-,True,20,10
N/A,2025-09-29,13:40,Good To Yielding (Good In Places),1m 7f 135y,Middlethird Marvel,J J Slevin,0,N Lee,13th,57 l,4,11-0h,-,True,20,10
N/A,2025-09-29,13:40,Good To Yielding (Good In Places),1m 7f 135y,Maharajjah (IRE),Ryan Treacy,0,L Young,12th,2 3/4 l,4,11-7t1,-,True,20,10
N/A,2025-09-29,13:40,Good To Yielding (Good In Places),1m 7f 135y,Burlington House (FR),Phillip Enright,0,O McKiernan,11th,11 l,4,11-7h,-,True,20,10
N/A,2025-09-29,13:40,Good To Yielding (Good In Places),1m 7f 135y,Scottish Reel (IRE),Alan King,7,M M McNiff,10th,1/2 l,4,11-7,-,True,20,10
N/A,2025-09-29,13:40,Good To Yielding (Good In Places),1m 7f 135y,Grennanstown Lady (IRE),Shane Fitzgerald,0,G Keane,9th,Head,4,11-0,-,True,20,10
N/A,2025-09-29,13:40,Good To Yielding (Good In Places),1m 7f 135y,Notmiwadi (IRE),D A Kidd,7,J C McConnell,8th,3/4 l,4,11-0,-,True,20,10
N/A,2025-09-29,13:40,Good To Yielding (Good In Places),1m 7f 135y,Boltlander (IRE),J C Gainford,0,G Elliott,7th,2 1/2 l,4,11-7,-,True,20,10
N/A,2025-09-29,13:40,Good To Yielding (Good In Places),1m 7f 135y,My Shadow (IRE),Simon Torrens,0,P J Flynn,6th,3 l,4,11-7,-,True,20,10
N/A,2025-09-29,13:40,Good To Yielding (Good In Places),1m 7f 135y,Certamen (IRE),K E Buckley,0,E Buckley,5th,11 l,4,11-7,-,True,20,10
N/A,2025-09-29,13:40,Good To Yielding (Good In Places),1m 7f 135y,Jacko Star (IRE),Keith Donoghue,0,J P Dempsey,4th,2 1/4 l,4,11-7,-,True,20,10
N/A,2025-09-29,13:40,Good To Yielding (Good In Places),1m 7f 135y,Hopeful Hero (IRE),Donagh Meyler,0,T Hogan,3rd,Neck,4,11-7,-,True,20,10
N/A,2025-09-29,13:40,Good To Yielding (Good In Places),1m 7f 135y,Hobart (IRE),D J Gilligan,0,J Nash,2nd,4 3/4 l,4,11-7,104,True,20,10
N/A,2025-09-29,13:40,Good To Yielding (Good In Places),1m 7f 135y,Rakki,P Townend,0,W P Mullins,1st,N/A,4,11-7,107,True,20,10
N/A,2025-09-29,13:40,Good To Yielding (Good In Places),1m 7f 135y,Dark Lieutenant (IRE),Harry Sexton,7,P A Fahy,UR,N/A,4,11-7,-,True,20,10
N/A,2025-09-29,13:40,Good To Yielding (Good In Places),1m 7f 135y,First Ascent (IRE),Jack Kennedy,0,G Elliott,PU,N/A,4,11-7t,-,True,20,10
N/A,2025-09-29,13:40,Good To Yielding (Good In Places),1m 7f 135y,Middlethird Marvel,J J Slevin,0,N Lee,13th,57 l,4,11-0h,-,True,20,10
N/A,2025-09-29,13:40,Good To Yielding (Good In Places),1m 7f 135y,Maharajjah (IRE),Ryan Treacy,0,L Young,12th,2 3/4 l,4,11-7t1,-,True,20,10
N/A,2025-09-29,13:40,Good To Yielding (Good In Places),1m 7f 135y,Burlington House (FR),Phillip Enright,0,O McKiernan,11th,11 l,4,11-7h,-,True,20,10
N/A,2025-09-29,13:40,Good To Yielding (Good In Places),1m 7f 135y,Scottish Reel (IRE),Alan King,7,M M McNiff,10th,1/2 l,4,11-7,-,True,20,10
N/A,2025-09-29,13:40,Good To Yielding (Good In Places),1m 7f 135y,Grennanstown Lady (IRE),Shane Fitzgerald,0,G Keane,9th,Head,4,11-0,-,True,20,10
N/A,2025-09-29,13:40,Good To Yielding (Good In Places),1m 7f 135y,Notmiwadi (IRE),D A Kidd,7,J C McConnell,8th,3/4 l,4,11-0,-,True,20,10
N/A,2025-09-29,13:40,Good To Yielding (Good In Places),1m 7f 135y,Boltlander (IRE),J C Gainford,0,G Elliott,7th,2 1/2 l,4,11-7,-,True,20,10
N/A,2025-09-29,13:40,Good To Yielding (Good In Places),1m 7f 135y,My Shadow (IRE),Simon Torrens,0,P J Flynn,6th,3 l,4,11-7,-,True,20,10
N/A,2025-09-29,13:40,Good To Yielding (Good In Places),1m 7f 135y,Certamen (IRE),K E Buckley,0,E Buckley,5th,11 l,4,11-7,-,True,20,10
N/A,2025-09-29,13:40,Good To Yielding (Good In Places),1m 7f 135y,Jacko Star (IRE),Keith Donoghue,0,J P Dempsey,4th,2 1/4 l,4,11-7,-,True,20,10
N/A,2025-09-29,13:40,Good To Yielding (Good In Places),1m 7f 135y,Hopeful Hero (IRE),Donagh Meyler,0,T Hogan,3rd,Neck,4,11-7,-,True,20,10
N/A,2025-09-29,13:40,Good To Yielding (Good In Places),1m 7f 135y,Hobart (IRE),D J Gilligan,0,J Nash,2nd,4 3/4 l,4,11-7,104,True,20,10
N/A,2025-09-29,13:40,Good To Yielding (Good In Places),1m 7f 135y,Rakki,P Townend,0,W P Mullins,1st,N/A,4,11-7,107,True,20,10
N/A,2025-09-29,14:15,Good To Yielding (Good In Places),1m 7f 135y,My Mate Tony (IRE),Gearoid Brouder,5,P McCreery,16th,2 3/4 l,4,11-12,100,True,20,11
N/A,2025-09-29,14:15,Good To Yielding (Good In Places),1m 7f 135y,Gekkota (FR),Phillip Enright,0,T J O'Mara,15th,Neck,9,11-6,92,True,20,11
N/A,2025-09-29,14:15,Good To Yielding (Good In Places),1m 7f 135y,Uncle Gerhard (IRE),Charlie O'Dwyer,5,G O'Loughlin,14th,2 3/4 l,10,11-6,92,True,20,11
N/A,2025-09-29,14:15,Good To Yielding (Good In Places),1m 7f 135y,Skyscraper (FR),K C Sexton,0,A J Martin,13th,1/2 l,6,11-7t,93,True,20,11
N/A,2025-09-29,14:15,Good To Yielding (Good In Places),1m 7f 135y,Arthur's Victory (IRE),Danny Mullins,0,J Nash,12th,1/2 l,7,10-12,84,True,20,11
N/A,2025-09-29,14:15,Good To Yielding (Good In Places),1m 7f 135y,At The Wings (IRE),Sam Ewing,0,N Lee,11th,1 1/2 l,5,11-1h,87,True,20,11
N/A,2025-09-29,14:15,Good To Yielding (Good In Places),1m 7f 135y,Takemeuptocarlow (IRE),C Lamon,7,A Sexton,10th,2 1/4 l,6,10-2p,74,True,20,11
N/A,2025-09-29,14:15,Good To Yielding (Good In Places),1m 7f 135y,Lariat,Brian Hayes,0,L P Cusack,9th,1 3/4 l,9,11-0p,86,True,20,11
N/A,2025-09-29,14:15,Good To Yielding (Good In Places),1m 7f 135y,Stormy Jenn (IRE),S Cleary-Farrell,7,P Cluskey,8th,3/4 l,8,10-9p,81,True,20,11
N/A,2025-09-29,14:15,Good To Yielding (Good In Places),1m 7f 135y,I'm Flattered (IRE),A P Kelly,3,P Roche,7th,1 1/2 l,5,12-0t,100,True,20,11
N/A,2025-09-29,14:15,Good To Yielding (Good In Places),1m 7f 135y,Quinn The Eskimo (GER),R Deegan,0,P Nolan,6th,3 1/4 l,5,11-5t1,91,True,20,11
N/A,2025-09-29,14:15,Good To Yielding (Good In Places),1m 7f 135y,Pleasureofpressure (IRE),T Power Roche,5,P J Rothwell,5th,1 3/4 l,5,10-9,81,True,20,11
N/A,2025-09-29,14:15,Good To Yielding (Good In Places),1m 7f 135y,Backinabit (IRE),D J Gilligan,0,R O'Sullivan,4th,5 1/2 l,6,10-8,80,True,20,11
N/A,2025-09-29,14:15,Good To Yielding (Good In Places),1m 7f 135y,Spanish John (IRE),Harry Sexton,7,P A Fahy,3rd,5 l,7,11-0,86,True,20,11
N/A,2025-09-29,14:15,Good To Yielding (Good In Places),1m 7f 135y,No Big Deal (IRE),G Brouder,3,C O'Brien,2nd,3 3/4 l,5,11-5t,91,True,20,11
N/A,2025-09-29,14:15,Good To Yielding (Good In Places),1m 7f 135y,Hope She Flies (IRE),Shane Fitzgerald,0,B Cawley,1st,N/A,5,10-12,84,True,20,11
N/A,2025-09-29,14:15,Good To Yielding (Good In Places),1m 7f 135y,My Mate Tony (IRE),Gearoid Brouder,5,P McCreery,16th,2 3/4 l,4,11-12,100,True,20,11
N/A,2025-09-29,14:15,Good To Yielding (Good In Places),1m 7f 135y,Gekkota (FR),Phillip Enright,0,T J O'Mara,15th,Neck,9,11-6,92,True,20,11
N/A,2025-09-29,14:15,Good To Yielding (Good In Places),1m 7f 135y,Uncle Gerhard (IRE),Charlie O'Dwyer,5,G O'Loughlin,14th,2 3/4 l,10,11-6,92,True,20,11
N/A,2025-09-29,14:15,Good To Yielding (Good In Places),1m 7f 135y,Skyscraper (FR),K C Sexton,0,A J Martin,13th,1/2 l,6,11-7t,93,True,20,11
N/A,2025-09-29,14:15,Good To Yielding (Good In Places),1m 7f 135y,Arthur's Victory (IRE),Danny Mullins,0,J Nash,12th,1/2 l,7,10-12,84,True,20,11
N/A,2025-09-29,14:15,Good To Yielding (Good In Places),1m 7f 135y,At The Wings (IRE),Sam Ewing,0,N Lee,11th,1 1/2 l,5,11-1h,87,True,20,11
N/A,2025-09-29,14:15,Good To Yielding (Good In Places),1m 7f 135y,Takemeuptocarlow (IRE),C Lamon,7,A Sexton,10th,2 1/4 l,6,10-2p,74,True,20,11
N/A,2025-09-29,14:15,Good To Yielding (Good In Places),1m 7f 135y,Lariat,Brian Hayes,0,L P Cusack,9th,1 3/4 l,9,11-0p,86,True,20,11
N/A,2025-09-29,14:15,Good To Yielding (Good In Places),1m 7f 135y,Stormy Jenn (IRE),S Cleary-Farrell,7,P Cluskey,8th,3/4 l,8,10-9p,81,True,20,11
N/A,2025-09-29,14:15,Good To Yielding (Good In Places),1m 7f 135y,I'm Flattered (IRE),A P Kelly,3,P Roche,7th,1 1/2 l,5,12-0t,100,True,20,11
N/A,2025-09-29,14:15,Good To Yielding (Good In Places),1m 7f 135y,Quinn The Eskimo (GER),R Deegan,0,P Nolan,6th,3 1/4 l,5,11-5t1,91,True,20,11
N/A,2025-09-29,14:15,Good To Yielding (Good In Places),1m 7f 135y,Pleasureofpressure (IRE),T Power Roche,5,P J Rothwell,5th,1 3/4 l,5,10-9,81,True,20,11
N/A,2025-09-29,14:15,Good To Yielding (Good In Places),1m 7f 135y,Backinabit (IRE),D J Gilligan,0,R O'Sullivan,4th,5 1/2 l,6,10-8,80,True,20,11
N/A,2025-09-29,14:15,Good To Yielding (Good In Places),1m 7f 135y,Spanish John (IRE),Harry Sexton,7,P A Fahy,3rd,5 l,7,11-0,86,True,20,11
N/A,2025-09-29,14:15,Good To Yielding (Good In Places),1m 7f 135y,No Big Deal (IRE),G Brouder,3,C O'Brien,2nd,3 3/4 l,5,11-5t,91,True,20,11
N/A,2025-09-29,14:15,Good To Yielding (Good In Places),1m 7f 135y,Hope She Flies (IRE),Shane Fitzgerald,0,B Cawley,1st,N/A,5,10-12,84,True,20,11
N/A,2025-09-29,14:50,Good To Yielding (Good In Places),2m 4f 53y,Amboyna (IRE),D J Gilligan,0,John E & Kiely,UR,N/A,5,11-7,-,True,20,12
N/A,2025-09-29,14:50,Good To Yielding (Good In Places),2m 4f 53y,Toor Idaho (IRE),Danny Mullins,0,Ms M Flynn,PU,N/A,5,10-13,95,True,20,12
N/A,2025-09-29,14:50,Good To Yielding (Good In Places),2m 4f 53y,Invincible Oscar (IRE),Simon Torrens,0,N C Kelly,PU,N/A,4,10-10,-,True,20,12
N/A,2025-09-29,14:50,Good To Yielding (Good In Places),2m 4f 53y,Littleladyingreen (IRE),Conor Stone-Walsh,0,Gary McGill,13th,7 1/2 l,4,10-10,-,True,20,12
N/A,2025-09-29,14:50,Good To Yielding (Good In Places),2m 4f 53y,Yoursimplythebest (IRE),Shane Fitzgerald,0,G Keane,12th,6 1/2 l,5,10-13,-,True,20,12
N/A,2025-09-29,14:50,Good To Yielding (Good In Places),2m 4f 53y,Dolce N' Milana (IRE),P Townend,0,W P Mullins,11th,2 l,5,10-13,-,True,20,12
N/A,2025-09-29,14:50,Good To Yielding (Good In Places),2m 4f 53y,Clarnagh Maid (IRE),J C Gainford,0,G Elliott,10th,1 3/4 l,5,10-13,-,True,20,12
N/A,2025-09-29,14:50,Good To Yielding (Good In Places),2m 4f 53y,Poyraz Approach (IRE),James Smith,5,M J Smith,9th,9 l,4,11-4h,-,True,20,12
N/A,2025-09-29,14:50,Good To Yielding (Good In Places),2m 4f 53y,Prized Jet (IRE),Donagh Meyler,0,J J Hanlon,8th,4 1/2 l,5,10-13,-,True,20,12
N/A,2025-09-29,14:50,Good To Yielding (Good In Places),2m 4f 53y,Woodland Adventure (IRE),Jack Kennedy,0,G Elliott,7th,16 l,4,11-4,-,True,20,12
N/A,2025-09-29,14:50,Good To Yielding (Good In Places),2m 4f 53y,Sarandon (IRE),Ross Berry,7,Colm Murphy,6th,3 3/4 l,5,10-13t,-,True,20,12
N/A,2025-09-29,14:50,Good To Yielding (Good In Places),2m 4f 53y,Miss Jocund (IRE),Darragh O'Keeffe,0,H De Bromhead,5th,3/4 l,4,10-10,-,True,20,12
N/A,2025-09-29,14:50,Good To Yielding (Good In Places),2m 4f 53y,Youre A Derry Girl (IRE),P J Cody,7,S G Walsh,4th,13 l,8,11-7,109,True,20,12
N/A,2025-09-29,14:50,Good To Yielding (Good In Places),2m 4f 53y,Atlantic City,E Finegan,7,Ciaran Murphy,3rd,1 1/2 l,4,10-10b1,107,True,20,12
N/A,2025-09-29,14:50,Good To Yielding (Good In Places),2m 4f 53y,Music Of Life (IRE),Mr H C Swan,0,D Hogan,2nd,5 1/2 l,5,10-13,101,True,20,12
N/A,2025-09-29,14:50,Good To Yielding (Good In Places),2m 4f 53y,Walks The Talk (IRE),Alex Harvey,0,J C McConnell,1st,N/A,6,10-13h,-,True,20,12
N/A,2025-09-29,14:50,Good To Yielding (Good In Places),2m 4f 53y,Amboyna (IRE),D J Gilligan,0,John E & Kiely,UR,N/A,5,11-7,-,True,20,12
N/A,2025-09-29,14:50,Good To Yielding (Good In Places),2m 4f 53y,Toor Idaho (IRE),Danny Mullins,0,Ms M Flynn,PU,N/A,5,10-13,95,True,20,12
N/A,2025-09-29,14:50,Good To Yielding (Good In Places),2m 4f 53y,Invincible Oscar (IRE),Simon Torrens,0,N C Kelly,PU,N/A,4,10-10,-,True,20,12
N/A,2025-09-29,14:50,Good To Yielding (Good In Places),2m 4f 53y,Littleladyingreen (IRE),Conor Stone-Walsh,0,Gary McGill,13th,7 1/2 l,4,10-10,-,True,20,12
N/A,2025-09-29,14:50,Good To Yielding (Good In Places),2m 4f 53y,Yoursimplythebest (IRE),Shane Fitzgerald,0,G Keane,12th,6 1/2 l,5,10-13,-,True,20,12
N/A,2025-09-29,14:50,Good To Yielding (Good In Places),2m 4f 53y,Dolce N' Milana (IRE),P Townend,0,W P Mullins,11th,2 l,5,10-13,-,True,20,12
N/A,2025-09-29,14:50,Good To Yielding (Good In Places),2m 4f 53y,Clarnagh Maid (IRE),J C Gainford,0,G Elliott,10th,1 3/4 l,5,10-13,-,True,20,12
N/A,2025-09-29,14:50,Good To Yielding (Good In Places),2m 4f 53y,Poyraz Approach (IRE),James Smith,5,M J Smith,9th,9 l,4,11-4h,-,True,20,12
N/A,2025-09-29,14:50,Good To Yielding (Good In Places),2m 4f 53y,Prized Jet (IRE),Donagh Meyler,0,J J Hanlon,8th,4 1/2 l,5,10-13,-,True,20,12
N/A,2025-09-29,14:50,Good To Yielding (Good In Places),2m 4f 53y,Woodland Adventure (IRE),Jack Kennedy,0,G Elliott,7th,16 l,4,11-4,-,True,20,12
N/A,2025-09-29,14:50,Good To Yielding (Good In Places),2m 4f 53y,Sarandon (IRE),Ross Berry,7,Colm Murphy,6th,3 3/4 l,5,10-13t,-,True,20,12
N/A,2025-09-29,14:50,Good To Yielding (Good In Places),2m 4f 53y,Miss Jocund (IRE),Darragh O'Keeffe,0,H De Bromhead,5th,3/4 l,4,10-10,-,True,20,12
N/A,2025-09-29,14:50,Good To Yielding (Good In Places),2m 4f 53y,Youre A Derry Girl (IRE),P J Cody,7,S G Walsh,4th,13 l,8,11-7,109,True,20,12
N/A,2025-09-29,14:50,Good To Yielding (Good In Places),2m 4f 53y,Atlantic City,E Finegan,7,Ciaran Murphy,3rd,1 1/2 l,4,10-10b1,107,True,20,12
N/A,2025-09-29,14:50,Good To Yielding (Good In Places),2m 4f 53y,Music Of Life (IRE),Mr H C Swan,0,D Hogan,2nd,5 1/2 l,5,10-13,101,True,20,12
N/A,2025-09-29,14:50,Good To Yielding (Good In Places),2m 4f 53y,Walks The Talk (IRE),Alex Harvey,0,J C McConnell,1st,N/A,6,10-13h,-,True,20,12
N/A,2025-09-29,15:25,Good To Yielding (Good In Places),2m 4f 53y,Mr Erwitt (IRE),Donagh Meyler,0,V T O'Brien,PU,N/A,6,11-4t,85,True,20,13
N/A,2025-09-29,15:25,Good To Yielding (Good In Places),2m 4f 53y,Nazine (IRE),Sean O'Keeffe,0,M J McDonagh,PU,N/A,8,10-10p,77,True,20,13
N/A,2025-09-29,15:25,Good To Yielding (Good In Places),2m 4f 53y,Annilogs Force (IRE),Mr B Barry,7,R Dunne,13th,23 l,5,11-4v1,85,True,20,13
N/A,2025-09-29,15:25,Good To Yielding (Good In Places),2m 4f 53y,Derby De Thaix (FR),Miss H Heffernan,7,James Andrew Fahey,12th,1 l,12,10-13,80,True,20,13
N/A,2025-09-29,15:25,Good To Yielding (Good In Places),2m 4f 53y,Little Boy Sivola (FR),T Power Roche,5,P J Rothwell,11th,16 l,4,11-9,93,True,20,13
N/A,2025-09-29,15:25,Good To Yielding (Good In Places),2m 4f 53y,Kilbrin Rocco (IRE),Darragh O'Keeffe,0,E McCarthy,10th,1 1/4 l,6,11-10,91,True,20,13
N/A,2025-09-29,15:25,Good To Yielding (Good In Places),2m 4f 53y,Appian Way (FR),Ms A Power,7,Ms M Flynn,9th,5 l,9,10-5,72,True,20,13
N/A,2025-09-29,15:25,Good To Yielding (Good In Places),2m 4f 53y,Swing Time (IRE),J J Slevin,0,V T O'Brien,8th,4 1/2 l,6,11-5,86,True,20,13
N/A,2025-09-29,15:25,Good To Yielding (Good In Places),2m 4f 53y,Donnrua Dream (IRE),E Staples,7,R Hackett,7th,2 1/2 l,8,11-11p,92,True,20,13
N/A,2025-09-29,15:25,Good To Yielding (Good In Places),2m 4f 53y,Hard Target (IRE),C M Quirke,0,D H Kelly,6th,2 1/4 l,8,11-5p,86,True,20,13
N/A,2025-09-29,15:25,Good To Yielding (Good In Places),2m 4f 53y,Nettuno Italia (IRE),S R Markey,7,R O'Sullivan,5th,1 1/4 l,5,11-9,90,True,20,13
N/A,2025-09-29,15:25,Good To Yielding (Good In Places),2m 4f 53y,Mellem (IRE),T E O'Connor,7,M Fahey,4th,2 l,6,11-10tb,91,True,20,13
N/A,2025-09-29,15:25,Good To Yielding (Good In Places),2m 4f 53y,Gortmore Lady (IRE),Eoin Walsh,0,A J Martin,3rd,3/4 l,5,11-3,84,True,20,13
N/A,2025-09-29,15:25,Good To Yielding (Good In Places),2m 4f 53y,Live To Laugh (IRE),Sam Ewing,0,Peter Fahey,2nd,4 3/4 l,6,11-12,93,True,20,13
N/A,2025-09-29,15:25,Good To Yielding (Good In Places),2m 4f 53y,Hitthehayson (IRE),Conor Stone-Walsh,0,Ian Donoghue,1st,N/A,6,10-11p,78,True,20,13
N/A,2025-09-29,15:25,Good To Yielding (Good In Places),2m 4f 53y,Mr Erwitt (IRE),Donagh Meyler,0,V T O'Brien,PU,N/A,6,11-4t,85,True,20,13
N/A,2025-09-29,15:25,Good To Yielding (Good In Places),2m 4f 53y,Nazine (IRE),Sean O'Keeffe,0,M J McDonagh,PU,N/A,8,10-10p,77,True,20,13
N/A,2025-09-29,15:25,Good To Yielding (Good In Places),2m 4f 53y,Annilogs Force (IRE),Mr B Barry,7,R Dunne,13th,23 l,5,11-4v1,85,True,20,13
N/A,2025-09-29,15:25,Good To Yielding (Good In Places),2m 4f 53y,Derby De Thaix (FR),Miss H Heffernan,7,James Andrew Fahey,12th,1 l,12,10-13,80,True,20,13
N/A,2025-09-29,15:25,Good To Yielding (Good In Places),2m 4f 53y,Little Boy Sivola (FR),T Power Roche,5,P J Rothwell,11th,16 l,4,11-9,93,True,20,13
N/A,2025-09-29,15:25,Good To Yielding (Good In Places),2m 4f 53y,Kilbrin Rocco (IRE),Darragh O'Keeffe,0,E McCarthy,10th,1 1/4 l,6,11-10,91,True,20,13
N/A,2025-09-29,15:25,Good To Yielding (Good In Places),2m 4f 53y,Appian Way (FR),Ms A Power,7,Ms M Flynn,9th,5 l,9,10-5,72,True,20,13
N/A,2025-09-29,15:25,Good To Yielding (Good In Places),2m 4f 53y,Swing Time (IRE),J J Slevin,0,V T O'Brien,8th,4 1/2 l,6,11-5,86,True,20,13
N/A,2025-09-29,15:25,Good To Yielding (Good In Places),2m 4f 53y,Donnrua Dream (IRE),E Staples,7,R Hackett,7th,2 1/2 l,8,11-11p,92,True,20,13
N/A,2025-09-29,15:25,Good To Yielding (Good In Places),2m 4f 53y,Hard Target (IRE),C M Quirke,0,D H Kelly,6th,2 1/4 l,8,11-5p,86,True,20,13
N/A,2025-09-29,15:25,Good To Yielding (Good In Places),2m 4f 53y,Nettuno Italia (IRE),S R Markey,7,R O'Sullivan,5th,1 1/4 l,5,11-9,90,True,20,13
N/A,2025-09-29,15:25,Good To Yielding (Good In Places),2m 4f 53y,Mellem (IRE),T E O'Connor,7,M Fahey,4th,2 l,6,11-10tb,91,True,20,13
N/A,2025-09-29,15:25,Good To Yielding (Good In Places),2m 4f 53y,Gortmore Lady (IRE),Eoin Walsh,0,A J Martin,3rd,3/4 l,5,11-3,84,True,20,13
N/A,2025-09-29,15:25,Good To Yielding (Good In Places),2m 4f 53y,Live To Laugh (IRE),Sam Ewing,0,Peter Fahey,2nd,4 3/4 l,6,11-12,93,True,20,13
N/A,2025-09-29,15:25,Good To Yielding (Good In Places),2m 4f 53y,Hitthehayson (IRE),Conor Stone-Walsh,0,Ian Donoghue,1st,N/A,6,10-11p,78,True,20,13
N/A,2025-09-29,16:00,Good To Yielding (Good In Places),3m 25y,Mephisto (IRE),Shane Fitzgerald,0,G Keane,PU,N/A,8,11-6v,114,True,20,14
N/A,2025-09-29,16:00,Good To Yielding (Good In Places),3m 25y,Its Not Over Yet (IRE),Phillip Enright,0,O McKiernan,9th,3 3/4 l,6,10-11,105,True,20,14
N/A,2025-09-29,16:00,Good To Yielding (Good In Places),3m 25y,Birmingham Alabama (IRE),J C Gainford,0,E D Delany,8th,1 1/4 l,6,11-13,121,True,20,14
N/A,2025-09-29,16:00,Good To Yielding (Good In Places),3m 25y,Bigira (FR),T E O'Connor,7,M Fahey,7th,5 1/2 l,6,10-2t,96,True,20,14
N/A,2025-09-29,16:00,Good To Yielding (Good In Places),3m 25y,Ballyglass Beauty (IRE),Mr P W Gleeson,7,L P Cusack,6th,3 3/4 l,9,10-4,98,True,20,14
N/A,2025-09-29,16:00,Good To Yielding (Good In Places),3m 25y,Milanaway (IRE),G Brouder,3,D Hogan,5th,5 1/2 l,7,10-0t,94,True,20,14
N/A,2025-09-29,16:00,Good To Yielding (Good In Places),3m 25y,Themanintheboots (IRE),Sam Ewing,0,G Elliott,4th,8 l,7,10-4p,98,True,20,14
N/A,2025-09-29,16:00,Good To Yielding (Good In Places),3m 25y,Mags Nelson (IRE),D J Gilligan,0,R O'Sullivan,3rd,18 l,6,11-2,110,True,20,14
N/A,2025-09-29,16:00,Good To Yielding (Good In Places),3m 25y,Another Choice (IRE),James Smith,5,M J Smith,2nd,1 1/4 l,8,11-3b1,111,True,20,14
N/A,2025-09-29,16:00,Good To Yielding (Good In Places),3m 25y,Quantum Quest (IRE),J J Slevin,0,H De Bromhead,1st,N/A,5,11-6p1,114,True,20,14
N/A,2025-09-29,16:00,Good To Yielding (Good In Places),3m 25y,Mephisto (IRE),Shane Fitzgerald,0,G Keane,PU,N/A,8,11-6v,114,True,20,14
N/A,2025-09-29,16:00,Good To Yielding (Good In Places),3m 25y,Its Not Over Yet (IRE),Phillip Enright,0,O McKiernan,9th,3 3/4 l,6,10-11,105,True,20,14
N/A,2025-09-29,16:00,Good To Yielding (Good In Places),3m 25y,Birmingham Alabama (IRE),J C Gainford,0,E D Delany,8th,1 1/4 l,6,11-13,121,True,20,14
N/A,2025-09-29,16:00,Good To Yielding (Good In Places),3m 25y,Bigira (FR),T E O'Connor,7,M Fahey,7th,5 1/2 l,6,10-2t,96,True,20,14
N/A,2025-09-29,16:00,Good To Yielding (Good In Places),3m 25y,Ballyglass Beauty (IRE),Mr P W Gleeson,7,L P Cusack,6th,3 3/4 l,9,10-4,98,True,20,14
N/A,2025-09-29,16:00,Good To Yielding (Good In Places),3m 25y,Milanaway (IRE),G Brouder,3,D Hogan,5th,5 1/2 l,7,10-0t,94,True,20,14
N/A,2025-09-29,16:00,Good To Yielding (Good In Places),3m 25y,Themanintheboots (IRE),Sam Ewing,0,G Elliott,4th,8 l,7,10-4p,98,True,20,14
N/A,2025-09-29,16:00,Good To Yielding (Good In Places),3m 25y,Mags Nelson (IRE),D J Gilligan,0,R O'Sullivan,3rd,18 l,6,11-2,110,True,20,14
N/A,2025-09-29,16:00,Good To Yielding (Good In Places),3m 25y,Another Choice (IRE),James Smith,5,M J Smith,2nd,1 1/4 l,8,11-3b1,111,True,20,14
N/A,2025-09-29,16:00,Good To Yielding (Good In Places),3m 25y,Quantum Quest (IRE),J J Slevin,0,H De Bromhead,1st,N/A,5,11-6p1,114,True,20,14
N/A,2025-09-29,16:35,Good To Yielding (Yielding In Places),2m 147y,Laurie Blue (IRE),J C Gainford,0,E D Delany,6th,34 l,7,10-8t,-,True,20,15
N/A,2025-09-29,16:35,Good To Yielding (Yielding In Places),2m 147y,Littlebiggie (IRE),D J Gilligan,0,R Hackett,5th,13 l,8,10-8t,114,True,20,15
N/A,2025-09-29,16:35,Good To Yielding (Yielding In Places),2m 147y,Itsalladream (IRE),Jack Gilligan,0,P J Gilligan,4th,17 l,6,11-1,124,True,20,15
N/A,2025-09-29,16:35,Good To Yielding (Yielding In Places),2m 147y,King Of Kingsfield (IRE),Jack Kennedy,0,G Elliott,3rd,1 3/4 l,7,11-5t,143,True,20,15
N/A,2025-09-29,16:35,Good To Yielding (Yielding In Places),2m 147y,Special Cadeau,Darragh O'Keeffe,0,H De Bromhead,2nd,1 1/4 l,7,11-1,138,True,20,15
N/A,2025-09-29,16:35,Good To Yielding (Yielding In Places),2m 147y,Westport Cove (FR),P Townend,0,W P Mullins,1st,N/A,7,11-1ht,144,True,20,15
N/A,2025-09-29,16:35,Good To Yielding (Yielding In Places),2m 147y,Laurie Blue (IRE),J C Gainford,0,E D Delany,6th,34 l,7,10-8t,-,True,20,15
N/A,2025-09-29,16:35,Good To Yielding (Yielding In Places),2m 147y,Littlebiggie (IRE),D J Gilligan,0,R Hackett,5th,13 l,8,10-8t,114,True,20,15
N/A,2025-09-29,16:35,Good To Yielding (Yielding In Places),2m 147y,Itsalladream (IRE),Jack Gilligan,0,P J Gilligan,4th,17 l,6,11-1,124,True,20,15
N/A,2025-09-29,16:35,Good To Yielding (Yielding In Places),2m 147y,King Of Kingsfield (IRE),Jack Kennedy,0,G Elliott,3rd,1 3/4 l,7,11-5t,143,True,20,15
N/A,2025-09-29,16:35,Good To Yielding (Yielding In Places),2m 147y,Special Cadeau,Darragh O'Keeffe,0,H De Bromhead,2nd,1 1/4 l,7,11-1,138,True,20,15
N/A,2025-09-29,16:35,Good To Yielding (Yielding In Places),2m 147y,Westport Cove (FR),P Townend,0,W P Mullins,1st,N/A,7,11-1ht,144,True,20,15
N/A,2025-09-29,17:10,Good To Yielding (Yielding In Places),2m 5f 146y,Sea Aster (IRE),Jack Kennedy,0,G Elliott,PU,N/A,7,11-8p,116,True,20,16
N/A,2025-09-29,17:10,Good To Yielding (Yielding In Places),2m 5f 146y,Ashdale Flyer (IRE),Donagh Meyler,0,Mrs J Harrington,8th,18 l,6,10-11p,105,True,20,16
N/A,2025-09-29,17:10,Good To Yielding (Yielding In Places),2m 5f 146y,Nt Field Minnesota (IRE),P Townend,0,W P Mullins,7th,13 l,7,11-3t,111,True,20,16
N/A,2025-09-29,17:10,Good To Yielding (Yielding In Places),2m 5f 146y,Juniper Hill (IRE),E Staples,7,P Nolan,6th,14 l,6,10-11t,105,True,20,16
N/A,2025-09-29,17:10,Good To Yielding (Yielding In Places),2m 5f 146y,Killinure Lass (IRE),J C Gainford,0,J P Dempsey,5th,Head,8,11-0p,108,True,20,16
N/A,2025-09-29,17:10,Good To Yielding (Yielding In Places),2m 5f 146y,Betty Dutton (IRE),Phillip Enright,0,A Slattery,4th,2 3/4 l,7,10-6,100,True,20,16
N/A,2025-09-29,17:10,Good To Yielding (Yielding In Places),2m 5f 146y,Howya Luveen (IRE),John Shinnick,3,R O'Sullivan,3rd,5 1/2 l,7,10-10t,104,True,20,16
N/A,2025-09-29,17:10,Good To Yielding (Yielding In Places),2m 5f 146y,Kilashee (IRE),Michael Kenneally,7,J P Ryan,2nd,8 1/2 l,10,10-0,90,True,20,16
N/A,2025-09-29,17:10,Good To Yielding (Yielding In Places),2m 5f 146y,Cobra Queen (IRE),Darragh O'Keeffe,0,H De Bromhead,1st,N/A,6,11-12,120,True,20,16
N/A,2025-09-29,17:10,Good To Yielding (Yielding In Places),2m 5f 146y,Sea Aster (IRE),Jack Kennedy,0,G Elliott,PU,N/A,7,11-8p,116,True,20,16
N/A,2025-09-29,17:10,Good To Yielding (Yielding In Places),2m 5f 146y,Ashdale Flyer (IRE),Donagh Meyler,0,Mrs J Harrington,8th,18 l,6,10-11p,105,True,20,16
N/A,2025-09-29,17:10,Good To Yielding (Yielding In Places),2m 5f 146y,Nt Field Minnesota (IRE),P Townend,0,W P Mullins,7th,13 l,7,11-3t,111,True,20,16
N/A,2025-09-29,17:10,Good To Yielding (Yielding In Places),2m 5f 146y,Juniper Hill (IRE),E Staples,7,P Nolan,6th,14 l,6,10-11t,105,True,20,16
N/A,2025-09-29,17:10,Good To Yielding (Yielding In Places),2m 5f 146y,Killinure Lass (IRE),J C Gainford,0,J P Dempsey,5th,Head,8,11-0p,108,True,20,16
N/A,2025-09-29,17:10,Good To Yielding (Yielding In Places),2m 5f 146y,Betty Dutton (IRE),Phillip Enright,0,A Slattery,4th,2 3/4 l,7,10-6,100,True,20,16
N/A,2025-09-29,17:10,Good To Yielding (Yielding In Places),2m 5f 146y,Howya Luveen (IRE),John Shinnick,3,R O'Sullivan,3rd,5 1/2 l,7,10-10t,104,True,20,16
N/A,2025-09-29,17:10,Good To Yielding (Yielding In Places),2m 5f 146y,Kilashee (IRE),Michael Kenneally,7,J P Ryan,2nd,8 1/2 l,10,10-0,90,True,20,16
N/A,2025-09-29,17:10,Good To Yielding (Yielding In Places),2m 5f 146y,Cobra Queen (IRE),Darragh O'Keeffe,0,H De Bromhead,1st,N/A,6,11-12,120,True,20,16
N/A,2025-09-29,17:45,Good To Yielding (Good In Places),1m 7f 135y,Ozark's Walk (IRE),Mr B Barry,7,R Dunne,NR,N/A,5,12-0,-,True,20,17
N/A,2025-09-29,17:45,Good To Yielding (Good In Places),1m 7f 135y,Seventeen B (IRE),Mr J L Gleeson,0,Peter Fahey,10th,52 l,5,12-0,-,True,20,17
N/A,2025-09-29,17:45,Good To Yielding (Good In Places),1m 7f 135y,Gethegoodtimesroll (IRE),Mr R Sugrue,7,Peter Maher,9th,45 l,7,12-0,-,True,20,17
N/A,2025-09-29,17:45,Good To Yielding (Good In Places),1m 7f 135y,Gaelic Empress (IRE),Mr H C Swan,0,J Nash,8th,1 3/4 l,5,11-7,-,True,20,17
N/A,2025-09-29,17:45,Good To Yielding (Good In Places),1m 7f 135y,Hi Handsome (IRE),Mr T A Halford,7,T Cleary,7th,1 3/4 l,5,12-0,-,True,20,17
N/A,2025-09-29,17:45,Good To Yielding (Good In Places),1m 7f 135y,Blossomfort Flyer (IRE),Mr R W Barron,5,D Queally,6th,2 3/4 l,5,11-7ht1,-,True,20,17
N/A,2025-09-29,17:45,Good To Yielding (Good In Places),1m 7f 135y,Texas Red (FR),Mr P J O'Neill,7,R O'Leary,5th,2 1/4 l,5,12-0,-,True,20,17
N/A,2025-09-29,17:45,Good To Yielding (Good In Places),1m 7f 135y,Rush Slowly (IRE),Mr S Cavanagh,7,Peter Maher,4th,17 l,7,11-7,-,True,20,17
N/A,2025-09-29,17:45,Good To Yielding (Good In Places),1m 7f 135y,Shadys Lady (IRE),Mr D L Queally,0,D Queally,3rd,2 1/4 l,7,11-7h,-,True,20,17
N/A,2025-09-29,17:45,Good To Yielding (Good In Places),1m 7f 135y,Minnatrix (IRE),Mr J H Williamson,7,E McCarthy,2nd,6 1/2 l,5,12-0,-,True,20,17
N/A,2025-09-29,17:45,Good To Yielding (Good In Places),1m 7f 135y,Onlyforfrankie (IRE),Mr E M Nugent,7,B McMahon,1st,N/A,5,12-0,-,True,20,17
N/A,2025-09-29,17:45,Good To Yielding (Good In Places),1m 7f 135y,Ozark's Walk (IRE),Mr B Barry,7,R Dunne,NR,N/A,5,12-0,-,True,20,17
N/A,2025-09-29,17:45,Good To Yielding (Good In Places),1m 7f 135y,Seventeen B (IRE),Mr J L Gleeson,0,Peter Fahey,10th,52 l,5,12-0,-,True,20,17
N/A,2025-09-29,17:45,Good To Yielding (Good In Places),1m 7f 135y,Gethegoodtimesroll (IRE),Mr R Sugrue,7,Peter Maher,9th,45 l,7,12-0,-,True,20,17
N/A,2025-09-29,17:45,Good To Yielding (Good In Places),1m 7f 135y,Gaelic Empress (IRE),Mr H C Swan,0,J Nash,8th,1 3/4 l,5,11-7,-,True,20,17
N/A,2025-09-29,17:45,Good To Yielding (Good In Places),1m 7f 135y,Hi Handsome (IRE),Mr T A Halford,7,T Cleary,7th,1 3/4 l,5,12-0,-,True,20,17
N/A,2025-09-29,17:45,Good To Yielding (Good In Places),1m 7f 135y,Blossomfort Flyer (IRE),Mr R W Barron,5,D Queally,6th,2 3/4 l,5,11-7ht1,-,True,20,17
N/A,2025-09-29,17:45,Good To Yielding (Good In Places),1m 7f 135y,Texas Red (FR),Mr P J O'Neill,7,R O'Leary,5th,2 1/4 l,5,12-0,-,True,20,17
N/A,2025-09-29,17:45,Good To Yielding (Good In Places),1m 7f 135y,Rush Slowly (IRE),Mr S Cavanagh,7,Peter Maher,4th,17 l,7,11-7,-,True,20,17
N/A,2025-09-29,17:45,Good To Yielding (Good In Places),1m 7f 135y,Shadys Lady (IRE),Mr D L Queally,0,D Queally,3rd,2 1/4 l,7,11-7h,-,True,20,17
N/A,2025-09-29,17:45,Good To Yielding (Good In Places),1m 7f 135y,Minnatrix (IRE),Mr J H Williamson,7,E McCarthy,2nd,6 1/2 l,5,12-0,-,True,20,17
N/A,2025-09-29,17:45,Good To Yielding (Good In Places),1m 7f 135y,Onlyforfrankie (IRE),Mr E M Nugent,7,B McMahon,1st,N/A,5,12-0,-,True,20,17
N/A,2025-09-29,14:04,Yielding (Good To Yielding In Places),5f,Carnival Spirit (IRE),Aileen O'Sullivan,7,S Millar,12th,1 3/4 l,2,8-7,43,True,20,18
N/A,2025-09-29,14:04,Yielding (Good To Yielding In Places),5f,Hooves Your Daddy (IRE),Neve Bennett,7,J P Fahey,11th,2 3/4 l,2,9-5,63,True,20,18
N/A,2025-09-29,14:04,Yielding (Good To Yielding In Places),5f,Star Reign (IRE),C D Hayes,0,G Elliott,10th,Neck,2,8-10t1,54,True,20,18
N/A,2025-09-29,14:04,Yielding (Good To Yielding In Places),5f,Gelato (IRE),J Cleary,5,K P Cotter,9th,3/4 l,2,9-5b,63,True,20,18
N/A,2025-09-29,14:04,Yielding (Good To Yielding In Places),5f,Imnotleavinyou (IRE),T Casey,10,M Mulvany,8th,1 3/4 l,2,8-7t,51,True,20,18
N/A,2025-09-29,14:04,Yielding (Good To Yielding In Places),5f,Prairie Echoes (IRE),Nicola Burns,7,K P Cotter,6th,Head,2,9-11t1,69,True,20,18
N/A,2025-09-29,14:04,Yielding (Good To Yielding In Places),5f,The Love Machine (IRE),Wesley Joyce,3,M Mulvany,6th,Dead Heat,2,9-4t,62,True,20,18
N/A,2025-09-29,14:04,Yielding (Good To Yielding In Places),5f,Another Nice'day (IRE),R P Cleary,0,Miss Jennifer Anne Lynch,5th,1/2 l,2,8-11p1,55,True,20,18
N/A,2025-09-29,14:04,Yielding (Good To Yielding In Places),5f,Award Ceremony (IRE),Gavin Ryan,0,Donnacha O'Brien,4th,1/2 l,2,9-9,67,True,20,18
N/A,2025-09-29,14:04,Yielding (Good To Yielding In Places),5f,Believe In Glory (IRE),Jamie Powell,3,K J Condon,3rd,1/2 l,2,8-13t,57,True,20,18
N/A,2025-09-29,14:04,Yielding (Good To Yielding In Places),5f,Final Melody (IRE),Seamie Heffernan,0,N Lupini,2nd,1 1/4 l,2,9-5,63,True,20,18
N/A,2025-09-29,14:04,Yielding (Good To Yielding In Places),5f,Love Bomb (IRE),Billy Lee,0,W McCreery,1st,N/A,2,9-7,65,True,20,18
N/A,2025-09-29,14:04,Yielding (Good To Yielding In Places),5f,Carnival Spirit (IRE),Aileen O'Sullivan,7,S Millar,12th,1 3/4 l,2,8-7,43,True,20,18
N/A,2025-09-29,14:04,Yielding (Good To Yielding In Places),5f,Hooves Your Daddy (IRE),Neve Bennett,7,J P Fahey,11th,2 3/4 l,2,9-5,63,True,20,18
N/A,2025-09-29,14:04,Yielding (Good To Yielding In Places),5f,Star Reign (IRE),C D Hayes,0,G Elliott,10th,Neck,2,8-10t1,54,True,20,18
N/A,2025-09-29,14:04,Yielding (Good To Yielding In Places),5f,Gelato (IRE),J Cleary,5,K P Cotter,9th,3/4 l,2,9-5b,63,True,20,18
N/A,2025-09-29,14:04,Yielding (Good To Yielding In Places),5f,Imnotleavinyou (IRE),T Casey,10,M Mulvany,8th,1 3/4 l,2,8-7t,51,True,20,18
N/A,2025-09-29,14:04,Yielding (Good To Yielding In Places),5f,Prairie Echoes (IRE),Nicola Burns,7,K P Cotter,6th,Head,2,9-11t1,69,True,20,18
N/A,2025-09-29,14:04,Yielding (Good To Yielding In Places),5f,The Love Machine (IRE),Wesley Joyce,3,M Mulvany,6th,Dead Heat,2,9-4t,62,True,20,18
N/A,2025-09-29,14:04,Yielding (Good To Yielding In Places),5f,Another Nice'day (IRE),R P Cleary,0,Miss Jennifer Anne Lynch,5th,1/2 l,2,8-11p1,55,True,20,18
N/A,2025-09-29,14:04,Yielding (Good To Yielding In Places),5f,Award Ceremony (IRE),Gavin Ryan,0,Donnacha O'Brien,4th,1/2 l,2,9-9,67,True,20,18
N/A,2025-09-29,14:04,Yielding (Good To Yielding In Places),5f,Believe In Glory (IRE),Jamie Powell,3,K J Condon,3rd,1/2 l,2,8-13t,57,True,20,18
N/A,2025-09-29,14:04,Yielding (Good To Yielding In Places),5f,Final Melody (IRE),Seamie Heffernan,0,N Lupini,2nd,1 1/4 l,2,9-5,63,True,20,18
N/A,2025-09-29,14:04,Yielding (Good To Yielding In Places),5f,Love Bomb (IRE),Billy Lee,0,W McCreery,1st,N/A,2,9-7,65,True,20,18
N/A,2025-09-29,14:39,Yielding (Good To Yielding In Places),1m 4f 194y,No Niki No (IRE),C T Keane,0,Eoghan O'Neill,8th,10 l,9,9-10v1,85,True,20,19
N/A,2025-09-29,14:39,Yielding (Good To Yielding In Places),1m 4f 194y,Sissi (IRE),D Browne McMonagle,0,J P O'Brien,7th,3/4 l,4,8-13t,74,True,20,19
N/A,2025-09-29,14:39,Yielding (Good To Yielding In Places),1m 4f 194y,Mo Ghille Mar (IRE),Nicola Burns,7,Mrs J Harrington,6th,3/4 l,4,10-0p,89,True,20,19
N/A,2025-09-29,14:39,Yielding (Good To Yielding In Places),1m 4f 194y,Pearl Jewel (IRE),Jamie Powell,3,C Timmons,5th,3/4 l,4,8-7,68,True,20,19
N/A,2025-09-29,14:39,Yielding (Good To Yielding In Places),1m 4f 194y,Master Sydney (IRE),R Whearty,0,P W Flynn,4th,1 3/4 l,4,8-8t1,69,True,20,19
N/A,2025-09-29,14:39,Yielding (Good To Yielding In Places),1m 4f 194y,Billie Frechette (IRE),C D Hayes,0,N Meade,3rd,1 1/4 l,4,8-10t,71,True,20,19
N/A,2025-09-29,14:39,Yielding (Good To Yielding In Places),1m 4f 194y,Alba Chiara (IRE),Wayne Lordan,0,N Lupini,2nd,1 1/2 l,3,8-13,81,True,20,19
N/A,2025-09-29,14:39,Yielding (Good To Yielding In Places),1m 4f 194y,Navy Waters (IRE),N M Crosse,0,W McCreery,1st,N/A,4,8-12v,73,True,20,19
N/A,2025-09-29,14:39,Yielding (Good To Yielding In Places),1m 4f 194y,No Niki No (IRE),C T Keane,0,Eoghan O'Neill,8th,10 l,9,9-10v1,85,True,20,19
N/A,2025-09-29,14:39,Yielding (Good To Yielding In Places),1m 4f 194y,Sissi (IRE),D Browne McMonagle,0,J P O'Brien,7th,3/4 l,4,8-13t,74,True,20,19
N/A,2025-09-29,14:39,Yielding (Good To Yielding In Places),1m 4f 194y,Mo Ghille Mar (IRE),Nicola Burns,7,Mrs J Harrington,6th,3/4 l,4,10-0p,89,True,20,19
N/A,2025-09-29,14:39,Yielding (Good To Yielding In Places),1m 4f 194y,Pearl Jewel (IRE),Jamie Powell,3,C Timmons,5th,3/4 l,4,8-7,68,True,20,19
N/A,2025-09-29,14:39,Yielding (Good To Yielding In Places),1m 4f 194y,Master Sydney (IRE),R Whearty,0,P W Flynn,4th,1 3/4 l,4,8-8t1,69,True,20,19
N/A,2025-09-29,14:39,Yielding (Good To Yielding In Places),1m 4f 194y,Billie Frechette (IRE),C D Hayes,0,N Meade,3rd,1 1/4 l,4,8-10t,71,True,20,19
N/A,2025-09-29,14:39,Yielding (Good To Yielding In Places),1m 4f 194y,Alba Chiara (IRE),Wayne Lordan,0,N Lupini,2nd,1 1/2 l,3,8-13,81,True,20,19
N/A,2025-09-29,14:39,Yielding (Good To Yielding In Places),1m 4f 194y,Navy Waters (IRE),N M Crosse,0,W McCreery,1st,N/A,4,8-12v,73,True,20,19
N/A,2025-09-29,15:14,Yielding (Good To Yielding In Places),7f 26y,Stonyfalls (IRE),Wayne Hassett,3,Paul Traynor,12th,7 l,2,8-8,-,True,20,20
N/A,2025-09-29,15:14,Yielding (Good To Yielding In Places),7f 26y,Saxon Grace (IRE),Wayne Lordan,0,C O'Connell,11th,1 1/2 l,2,8-8,-,True,20,20
N/A,2025-09-29,15:14,Yielding (Good To Yielding In Places),7f 26y,Aquilla Star (IRE),N M Crosse,0,J C McConnell,10th,Neck,2,8-12,-,True,20,20
N/A,2025-09-29,15:14,Yielding (Good To Yielding In Places),7f 26y,Fortuity (IRE),Shane Foley,0,Mrs J Harrington,9th,1 l,2,9-2,-,True,20,20
N/A,2025-09-29,15:14,Yielding (Good To Yielding In Places),7f 26y,Apiary (IRE),R P Cleary,0,Kevin Coleman,8th,1/2 l,2,8-10,-,True,20,20
N/A,2025-09-29,15:14,Yielding (Good To Yielding In Places),7f 26y,Grey Intentions (IRE),Jamie Powell,3,E & P Harty,7th,1 1/4 l,2,8-12,-,True,20,20
N/A,2025-09-29,15:14,Yielding (Good To Yielding In Places),7f 26y,Matilda Joslyngage (IRE),J Pietropaolo,7,Kevin Coleman,6th,1/2 l,2,8-12,-,True,20,20
N/A,2025-09-29,15:14,Yielding (Good To Yielding In Places),7f 26y,Idiocracy (IRE),D Browne McMonagle,0,J P O'Brien,5th,Short Head,2,9-2,73,True,20,20
N/A,2025-09-29,15:14,Yielding (Good To Yielding In Places),7f 26y,Tharaka (IRE),N G McCullagh,0,K J Condon,4th,1 1/2 l,2,8-10t,67,True,20,20
N/A,2025-09-29,15:14,Yielding (Good To Yielding In Places),7f 26y,Running Point (IRE),Leigh Roche,0,J P Fahey,3rd,1/2 l,2,8-8,-,True,20,20
N/A,2025-09-29,15:14,Yielding (Good To Yielding In Places),7f 26y,Celestial Siren (IRE),C D Hayes,0,A Oliver,2nd,4 3/4 l,2,8-10,72,True,20,20
N/A,2025-09-29,15:14,Yielding (Good To Yielding In Places),7f 26y,Stars Will Shine (IRE),C T Keane,0,N Meade,1st,N/A,2,9-0,-,True,20,20
N/A,2025-09-29,15:14,Yielding (Good To Yielding In Places),7f 26y,Stonyfalls (IRE),Wayne Hassett,3,Paul Traynor,12th,7 l,2,8-8,-,True,20,20
N/A,2025-09-29,15:14,Yielding (Good To Yielding In Places),7f 26y,Saxon Grace (IRE),Wayne Lordan,0,C O'Connell,11th,1 1/2 l,2,8-8,-,True,20,20
N/A,2025-09-29,15:14,Yielding (Good To Yielding In Places),7f 26y,Aquilla Star (IRE),N M Crosse,0,J C McConnell,10th,Neck,2,8-12,-,True,20,20
N/A,2025-09-29,15:14,Yielding (Good To Yielding In Places),7f 26y,Fortuity (IRE),Shane Foley,0,Mrs J Harrington,9th,1 l,2,9-2,-,True,20,20
N/A,2025-09-29,15:14,Yielding (Good To Yielding In Places),7f 26y,Apiary (IRE),R P Cleary,0,Kevin Coleman,8th,1/2 l,2,8-10,-,True,20,20
N/A,2025-09-29,15:14,Yielding (Good To Yielding In Places),7f 26y,Grey Intentions (IRE),Jamie Powell,3,E & P Harty,7th,1 1/4 l,2,8-12,-,True,20,20
N/A,2025-09-29,15:14,Yielding (Good To Yielding In Places),7f 26y,Matilda Joslyngage (IRE),J Pietropaolo,7,Kevin Coleman,6th,1/2 l,2,8-12,-,True,20,20
N/A,2025-09-29,15:14,Yielding (Good To Yielding In Places),7f 26y,Idiocracy (IRE),D Browne McMonagle,0,J P O'Brien,5th,Short Head,2,9-2,73,True,20,20
N/A,2025-09-29,15:14,Yielding (Good To Yielding In Places),7f 26y,Tharaka (IRE),N G McCullagh,0,K J Condon,4th,1 1/2 l,2,8-10t,67,True,20,20
N/A,2025-09-29,15:14,Yielding (Good To Yielding In Places),7f 26y,Running Point (IRE),Leigh Roche,0,J P Fahey,3rd,1/2 l,2,8-8,-,True,20,20
N/A,2025-09-29,15:14,Yielding (Good To Yielding In Places),7f 26y,Celestial Siren (IRE),C D Hayes,0,A Oliver,2nd,4 3/4 l,2,8-10,72,True,20,20
N/A,2025-09-29,15:14,Yielding (Good To Yielding In Places),7f 26y,Stars Will Shine (IRE),C T Keane,0,N Meade,1st,N/A,2,9-0,-,True,20,20
N/A,2025-09-29,15:49,Yielding (Good To Yielding In Places),7f 26y,Shesthekingsmaid (IRE),R M Mulligan,7,Paul Mulligan,13th,1 3/4 l,3,9-3p1,-,True,20,21
N/A,2025-09-29,15:49,Yielding (Good To Yielding In Places),7f 26y,Drumaugh Boy (IRE),J J G Ryan,0,D M Christie,12th,1 l,3,9-8,-,True,20,21
N/A,2025-09-29,15:49,Yielding (Good To Yielding In Places),7f 26y,Monastere,R C Colgan,0,K Thornton,11th,8 l,3,9-8,-,True,20,21
N/A,2025-09-29,15:49,Yielding (Good To Yielding In Places),7f 26y,Chester Nimitz (IRE),Ben Coen,0,N Meade,10th,Neck,3,9-8,72,True,20,21
N/A,2025-09-29,15:49,Yielding (Good To Yielding In Places),7f 26y,Tour Guide Tom (IRE),Adam Caffrey,0,C Byrnes,9th,1 l,3,9-8,-,True,20,21
N/A,2025-09-29,15:49,Yielding (Good To Yielding In Places),7f 26y,Miqdaar (IRE),Shane Foley,0,Daniel Murphy,8th,Short Head,3,9-8,-,True,20,21
N/A,2025-09-29,15:49,Yielding (Good To Yielding In Places),7f 26y,Obscenity (IRE),D P McDonogh,0,J P O'Brien,7th,2 l,3,9-8,-,True,20,21
N/A,2025-09-29,15:49,Yielding (Good To Yielding In Places),7f 26y,Kakori (IRE),D Browne McMonagle,0,J P O'Brien,6th,Head,3,9-3,-,True,20,21
N/A,2025-09-29,15:49,Yielding (Good To Yielding In Places),7f 26y,Millraceflow (IRE),Billy Lee,0,A Oliver,5th,1/2 l,3,9-8,-,True,20,21
N/A,2025-09-29,15:49,Yielding (Good To Yielding In Places),7f 26y,The Corporate Guy (IRE),G F Carroll,0,G P Cromwell,4th,1 3/4 l,3,9-8,-,True,20,21
N/A,2025-09-29,15:49,Yielding (Good To Yielding In Places),7f 26y,Perfect Base (IRE),Seamie Heffernan,0,N Lupini,14th,Neck,3,9-3p1,73,True,20,21
N/A,2025-09-29,15:49,Yielding (Good To Yielding In Places),7f 26y,Tokyo Treasure (IRE),Luke McAteer,0,P T Foley,3rd,2 1/2 l,3,9-8t,-,True,20,21
N/A,2025-09-29,15:49,Yielding (Good To Yielding In Places),7f 26y,Diego El Queso (IRE),C T Keane,0,G M Lyons,2nd,4 l,3,9-8,87,True,20,21
N/A,2025-09-29,15:49,Yielding (Good To Yielding In Places),7f 26y,Smiling (IRE),Wayne Lordan,0,A P O'Brien,1st,N/A,3,9-3,72,True,20,21
N/A,2025-09-29,15:49,Yielding (Good To Yielding In Places),7f 26y,Shesthekingsmaid (IRE),R M Mulligan,7,Paul Mulligan,13th,1 3/4 l,3,9-3p1,-,True,20,21
N/A,2025-09-29,15:49,Yielding (Good To Yielding In Places),7f 26y,Drumaugh Boy (IRE),J J G Ryan,0,D M Christie,12th,1 l,3,9-8,-,True,20,21
N/A,2025-09-29,15:49,Yielding (Good To Yielding In Places),7f 26y,Monastere,R C Colgan,0,K Thornton,11th,8 l,3,9-8,-,True,20,21
N/A,2025-09-29,15:49,Yielding (Good To Yielding In Places),7f 26y,Chester Nimitz (IRE),Ben Coen,0,N Meade,10th,Neck,3,9-8,72,True,20,21
N/A,2025-09-29,15:49,Yielding (Good To Yielding In Places),7f 26y,Tour Guide Tom (IRE),Adam Caffrey,0,C Byrnes,9th,1 l,3,9-8,-,True,20,21
N/A,2025-09-29,15:49,Yielding (Good To Yielding In Places),7f 26y,Miqdaar (IRE),Shane Foley,0,Daniel Murphy,8th,Short Head,3,9-8,-,True,20,21
N/A,2025-09-29,15:49,Yielding (Good To Yielding In Places),7f 26y,Obscenity (IRE),D P McDonogh,0,J P O'Brien,7th,2 l,3,9-8,-,True,20,21
N/A,2025-09-29,15:49,Yielding (Good To Yielding In Places),7f 26y,Kakori (IRE),D Browne McMonagle,0,J P O'Brien,6th,Head,3,9-3,-,True,20,21
N/A,2025-09-29,15:49,Yielding (Good To Yielding In Places),7f 26y,Millraceflow (IRE),Billy Lee,0,A Oliver,5th,1/2 l,3,9-8,-,True,20,21
N/A,2025-09-29,15:49,Yielding (Good To Yielding In Places),7f 26y,The Corporate Guy (IRE),G F Carroll,0,G P Cromwell,4th,1 3/4 l,3,9-8,-,True,20,21
N/A,2025-09-29,15:49,Yielding (Good To Yielding In Places),7f 26y,Perfect Base (IRE),Seamie Heffernan,0,N Lupini,14th,Neck,3,9-3p1,73,True,20,21
N/A,2025-09-29,15:49,Yielding (Good To Yielding In Places),7f 26y,Tokyo Treasure (IRE),Luke McAteer,0,P T Foley,3rd,2 1/2 l,3,9-8t,-,True,20,21
N/A,2025-09-29,15:49,Yielding (Good To Yielding In Places),7f 26y,Diego El Queso (IRE),C T Keane,0,G M Lyons,2nd,4 l,3,9-8,87,True,20,21
N/A,2025-09-29,15:49,Yielding (Good To Yielding In Places),7f 26y,Smiling (IRE),Wayne Lordan,0,A P O'Brien,1st,N/A,3,9-3,72,True,20,21
N/A,2025-09-29,16:24,Yielding (Good To Yielding In Places),7f 26y,Lough Leane (IRE),Leigh Roche,0,Maurice Ahern,13th,2 1/4 l,5,9-10,66,True,20,22
N/A,2025-09-29,16:24,Yielding (Good To Yielding In Places),7f 26y,Toy Soldier (IRE),J Pietropaolo,7,Maurice Ahern,12th,2 3/4 l,3,10-0,73,True,20,22
N/A,2025-09-29,16:24,Yielding (Good To Yielding In Places),7f 26y,Moyassr (IRE),N M Crosse,0,P W Flynn,11th,1 l,4,9-4,60,True,20,22
N/A,2025-09-29,16:24,Yielding (Good To Yielding In Places),7f 26y,Shelbourne Flyer (IRE),D Browne McMonagle,0,J C McConnell,10th,Neck,4,9-0t,56,True,20,22
N/A,2025-09-29,16:24,Yielding (Good To Yielding In Places),7f 26y,Hot To Foxtrot (IRE),Luke McAteer,0,J Feane,9th,1 3/4 l,5,9-8t,64,True,20,22
N/A,2025-09-29,16:24,Yielding (Good To Yielding In Places),7f 26y,Sister Lily (IRE),Nicola Burns,7,R P Burns,8th,Head,4,9-5,61,True,20,22
N/A,2025-09-29,16:24,Yielding (Good To Yielding In Places),7f 26y,Perry Mason,D P McDonogh,0,Maurice Ahern,7th,1/2 l,4,9-7,63,True,20,22
N/A,2025-09-29,16:24,Yielding (Good To Yielding In Places),7f 26y,Spirit Of Eagles (IRE),Wesley Joyce,3,Thomas Dowling,6th,1 1/4 l,5,8-7,43,True,20,22
N/A,2025-09-29,16:24,Yielding (Good To Yielding In Places),7f 26y,Burford Beauty (IRE),G F Carroll,0,G P Cromwell,5th,1/2 l,3,9-8t,67,True,20,22
N/A,2025-09-29,16:24,Yielding (Good To Yielding In Places),7f 26y,Distillate,Adam Caffrey,0,A McGuinness,4th,1/2 l,5,9-2t,58,True,20,22
N/A,2025-09-29,16:24,Yielding (Good To Yielding In Places),7f 26y,Blue Wood (IRE),P McGettigan,7,K Smith,3rd,Neck,9,8-7t,40,True,20,22
N/A,2025-09-29,16:24,Yielding (Good To Yielding In Places),7f 26y,Port Louis (IRE),C T Keane,0,N Meade,2nd,4 1/4 l,4,9-12,68,True,20,22
N/A,2025-09-29,16:24,Yielding (Good To Yielding In Places),7f 26y,Bishopton (IRE),S Coen,7,N Lupini,1st,N/A,3,9-12,71,True,20,22
N/A,2025-09-29,16:24,Yielding (Good To Yielding In Places),7f 26y,Lough Leane (IRE),Leigh Roche,0,Maurice Ahern,13th,2 1/4 l,5,9-10,66,True,20,22
N/A,2025-09-29,16:24,Yielding (Good To Yielding In Places),7f 26y,Toy Soldier (IRE),J Pietropaolo,7,Maurice Ahern,12th,2 3/4 l,3,10-0,73,True,20,22
N/A,2025-09-29,16:24,Yielding (Good To Yielding In Places),7f 26y,Moyassr (IRE),N M Crosse,0,P W Flynn,11th,1 l,4,9-4,60,True,20,22
N/A,2025-09-29,16:24,Yielding (Good To Yielding In Places),7f 26y,Shelbourne Flyer (IRE),D Browne McMonagle,0,J C McConnell,10th,Neck,4,9-0t,56,True,20,22
N/A,2025-09-29,16:24,Yielding (Good To Yielding In Places),7f 26y,Hot To Foxtrot (IRE),Luke McAteer,0,J Feane,9th,1 3/4 l,5,9-8t,64,True,20,22
N/A,2025-09-29,16:24,Yielding (Good To Yielding In Places),7f 26y,Sister Lily (IRE),Nicola Burns,7,R P Burns,8th,Head,4,9-5,61,True,20,22
N/A,2025-09-29,16:24,Yielding (Good To Yielding In Places),7f 26y,Perry Mason,D P McDonogh,0,Maurice Ahern,7th,1/2 l,4,9-7,63,True,20,22
N/A,2025-09-29,16:24,Yielding (Good To Yielding In Places),7f 26y,Spirit Of Eagles (IRE),Wesley Joyce,3,Thomas Dowling,6th,1 1/4 l,5,8-7,43,True,20,22
N/A,2025-09-29,16:24,Yielding (Good To Yielding In Places),7f 26y,Burford Beauty (IRE),G F Carroll,0,G P Cromwell,5th,1/2 l,3,9-8t,67,True,20,22
N/A,2025-09-29,16:24,Yielding (Good To Yielding In Places),7f 26y,Distillate,Adam Caffrey,0,A McGuinness,4th,1/2 l,5,9-2t,58,True,20,22
N/A,2025-09-29,16:24,Yielding (Good To Yielding In Places),7f 26y,Blue Wood (IRE),P McGettigan,7,K Smith,3rd,Neck,9,8-7t,40,True,20,22
N/A,2025-09-29,16:24,Yielding (Good To Yielding In Places),7f 26y,Port Louis (IRE),C T Keane,0,N Meade,2nd,4 1/4 l,4,9-12,68,True,20,22
N/A,2025-09-29,16:24,Yielding (Good To Yielding In Places),7f 26y,Bishopton (IRE),S Coen,7,N Lupini,1st,N/A,3,9-12,71,True,20,22
N/A,2025-09-29,16:55,Yielding (Good To Yielding In Places),1m 3f 10y,I'll Be Handy (IRE),Seamie Heffernan,0,M J Smith,14th,Neck,3,9-2b1,52,True,20,23
N/A,2025-09-29,16:55,Yielding (Good To Yielding In Places),1m 3f 10y,Ghumama (IRE),P McGettigan,7,Wayne Swindle,13th,1 3/4 l,7,9-11tp,55,True,20,23
N/A,2025-09-29,16:55,Yielding (Good To Yielding In Places),1m 3f 10y,Lunar Landscape,J J G Ryan,0,Thomas Coyle,12th,Neck,5,10-2,60,True,20,23
N/A,2025-09-29,16:55,Yielding (Good To Yielding In Places),1m 3f 10y,Smaoineamh Sile,R Whearty,0,Conor Maxwell,11th,Neck,7,10-1,59,True,20,23
N/A,2025-09-29,16:55,Yielding (Good To Yielding In Places),1m 3f 10y,My Vonnie (IRE),D Browne McMonagle,0,M Rice,10th,Neck,4,9-10,54,True,20,23
N/A,2025-09-29,16:55,Yielding (Good To Yielding In Places),1m 3f 10y,Highland King (IRE),C D Hayes,0,E Buckley,9th,Neck,6,9-9p,53,True,20,23
N/A,2025-09-29,16:55,Yielding (Good To Yielding In Places),1m 3f 10y,Diamond Cross (IRE),Adam Caffrey,0,K H Clarke,8th,Neck,3,8-12,48,True,20,23
N/A,2025-09-29,16:55,Yielding (Good To Yielding In Places),1m 3f 10y,Milverton,R C Colgan,0,K Thornton,7th,2 1/2 l,6,9-11t,55,True,20,23
N/A,2025-09-29,16:55,Yielding (Good To Yielding In Places),1m 3f 10y,Churchill Gale (IRE),Sadhbh Tormey,10,T G McCourt,6th,3/4 l,3,9-1v,51,True,20,23
N/A,2025-09-29,16:55,Yielding (Good To Yielding In Places),1m 3f 10y,Galaxy Wonder (IRE),Nicola Burns,7,A McNamara,5th,1 1/4 l,3,9-6v,56,True,20,23
N/A,2025-09-29,16:55,Yielding (Good To Yielding In Places),1m 3f 10y,Thegooseiscooked (IRE),J Kearney,3,G Keane,4th,1/2 l,8,9-11,55,True,20,23
N/A,2025-09-29,16:55,Yielding (Good To Yielding In Places),1m 3f 10y,Secret Rock (IRE),C T Keane,0,A J Martin,3rd,1/2 l,6,10-0,58,True,20,23
N/A,2025-09-29,16:55,Yielding (Good To Yielding In Places),1m 3f 10y,Searcog (IRE),J Pietropaolo,7,P Magee,2nd,1/2 l,3,9-2,52,True,20,23
N/A,2025-09-29,16:55,Yielding (Good To Yielding In Places),1m 3f 10y,Faro Island,Billy Lee,0,A Oliver,1st,N/A,3,9-10p1,60,True,20,23
N/A,2025-09-29,16:55,Yielding (Good To Yielding In Places),1m 3f 10y,I'll Be Handy (IRE),Seamie Heffernan,0,M J Smith,14th,Neck,3,9-2b1,52,True,20,23
N/A,2025-09-29,16:55,Yielding (Good To Yielding In Places),1m 3f 10y,Ghumama (IRE),P McGettigan,7,Wayne Swindle,13th,1 3/4 l,7,9-11tp,55,True,20,23
N/A,2025-09-29,16:55,Yielding (Good To Yielding In Places),1m 3f 10y,Lunar Landscape,J J G Ryan,0,Thomas Coyle,12th,Neck,5,10-2,60,True,20,23
N/A,2025-09-29,16:55,Yielding (Good To Yielding In Places),1m 3f 10y,Smaoineamh Sile,R Whearty,0,Conor Maxwell,11th,Neck,7,10-1,59,True,20,23
N/A,2025-09-29,16:55,Yielding (Good To Yielding In Places),1m 3f 10y,My Vonnie (IRE),D Browne McMonagle,0,M Rice,10th,Neck,4,9-10,54,True,20,23
N/A,2025-09-29,16:55,Yielding (Good To Yielding In Places),1m 3f 10y,Highland King (IRE),C D Hayes,0,E Buckley,9th,Neck,6,9-9p,53,True,20,23
N/A,2025-09-29,16:55,Yielding (Good To Yielding In Places),1m 3f 10y,Diamond Cross (IRE),Adam Caffrey,0,K H Clarke,8th,Neck,3,8-12,48,True,20,23
N/A,2025-09-29,16:55,Yielding (Good To Yielding In Places),1m 3f 10y,Milverton,R C Colgan,0,K Thornton,7th,2 1/2 l,6,9-11t,55,True,20,23
N/A,2025-09-29,16:55,Yielding (Good To Yielding In Places),1m 3f 10y,Churchill Gale (IRE),Sadhbh Tormey,10,T G McCourt,6th,3/4 l,3,9-1v,51,True,20,23
N/A,2025-09-29,16:55,Yielding (Good To Yielding In Places),1m 3f 10y,Galaxy Wonder (IRE),Nicola Burns,7,A McNamara,5th,1 1/4 l,3,9-6v,56,True,20,23
N/A,2025-09-29,16:55,Yielding (Good To Yielding In Places),1m 3f 10y,Thegooseiscooked (IRE),J Kearney,3,G Keane,4th,1/2 l,8,9-11,55,True,20,23
N/A,2025-09-29,16:55,Yielding (Good To Yielding In Places),1m 3f 10y,Secret Rock (IRE),C T Keane,0,A J Martin,3rd,1/2 l,6,10-0,58,True,20,23
N/A,2025-09-29,16:55,Yielding (Good To Yielding In Places),1m 3f 10y,Searcog (IRE),J Pietropaolo,7,P Magee,2nd,1/2 l,3,9-2,52,True,20,23
N/A,2025-09-29,16:55,Yielding (Good To Yielding In Places),1m 3f 10y,Faro Island,Billy Lee,0,A Oliver,1st,N/A,3,9-10p1,60,True,20,23
N/A,2025-09-29,17:25,Yielding (Good To Yielding In Places),1m 4f 194y,It's Tim,Shane Foley,0,Maurice Ahern,13th,Neck,4,10-5,85,True,20,24
N/A,2025-09-29,17:25,Yielding (Good To Yielding In Places),1m 4f 194y,Royal Alliance (FR),J Pietropaolo,7,Maurice Ahern,12th,1/2 l,3,9-6,79,True,20,24
N/A,2025-09-29,17:25,Yielding (Good To Yielding In Places),1m 4f 194y,Thyer,Leigh Roche,0,Maurice Ahern,11th,6 l,4,10-2,82,True,20,24
N/A,2025-09-29,17:25,Yielding (Good To Yielding In Places),1m 4f 194y,Almenfee (GER),Luke McAteer,0,D A McLoughlin,10th,6 1/2 l,4,8-11t1,63,True,20,24
N/A,2025-09-29,17:25,Yielding (Good To Yielding In Places),1m 4f 194y,Son Of Hypnos (IRE),Wesley Joyce,3,K Smith,9th,1 l,8,8-12tb,64,True,20,24
N/A,2025-09-29,17:25,Yielding (Good To Yielding In Places),1m 4f 194y,Boxing Great (IRE),R C Colgan,0,K Thornton,8th,1 1/4 l,5,9-11,77,True,20,24
N/A,2025-09-29,17:25,Yielding (Good To Yielding In Places),1m 4f 194y,Doctor Grace (IRE),Wayne Hassett,3,A McGuinness,7th,Neck,5,9-3p,69,True,20,24
N/A,2025-09-29,17:25,Yielding (Good To Yielding In Places),1m 4f 194y,Razdan (IRE),C D Hayes,0,C Timmons,6th,Head,7,9-10tp,76,True,20,24
N/A,2025-09-29,17:25,Yielding (Good To Yielding In Places),1m 4f 194y,Sir Callisto (IRE),C T Keane,0,A J Martin,5th,3/4 l,5,9-9t,75,True,20,24
N/A,2025-09-29,17:25,Yielding (Good To Yielding In Places),1m 4f 194y,Pillar Of Hope,P McGettigan,7,P Sweeney,4th,2 1/4 l,7,9-4,70,True,20,24
N/A,2025-09-29,17:25,Yielding (Good To Yielding In Places),1m 4f 194y,Goin',Seamie Heffernan,0,A J Martin,3rd,2 1/2 l,5,9-0,66,True,20,24
N/A,2025-09-29,17:25,Yielding (Good To Yielding In Places),1m 4f 194y,Railwayview Lady (IRE),Adam Caffrey,0,A Oliver,2nd,Neck,3,9-6,79,True,20,24
N/A,2025-09-29,17:25,Yielding (Good To Yielding In Places),1m 4f 194y,Glenroyal (IRE),D Browne McMonagle,0,J P O'Brien,1st,N/A,3,9-4p,77,True,20,24
N/A,2025-09-29,17:25,Yielding (Good To Yielding In Places),1m 4f 194y,It's Tim,Shane Foley,0,Maurice Ahern,13th,Neck,4,10-5,85,True,20,24
N/A,2025-09-29,17:25,Yielding (Good To Yielding In Places),1m 4f 194y,Royal Alliance (FR),J Pietropaolo,7,Maurice Ahern,12th,1/2 l,3,9-6,79,True,20,24
N/A,2025-09-29,17:25,Yielding (Good To Yielding In Places),1m 4f 194y,Thyer,Leigh Roche,0,Maurice Ahern,11th,6 l,4,10-2,82,True,20,24
N/A,2025-09-29,17:25,Yielding (Good To Yielding In Places),1m 4f 194y,Almenfee (GER),Luke McAteer,0,D A McLoughlin,10th,6 1/2 l,4,8-11t1,63,True,20,24
N/A,2025-09-29,17:25,Yielding (Good To Yielding In Places),1m 4f 194y,Son Of Hypnos (IRE),Wesley Joyce,3,K Smith,9th,1 l,8,8-12tb,64,True,20,24
N/A,2025-09-29,17:25,Yielding (Good To Yielding In Places),1m 4f 194y,Boxing Great (IRE),R C Colgan,0,K Thornton,8th,1 1/4 l,5,9-11,77,True,20,24
N/A,2025-09-29,17:25,Yielding (Good To Yielding In Places),1m 4f 194y,Doctor Grace (IRE),Wayne Hassett,3,A McGuinness,7th,Neck,5,9-3p,69,True,20,24
N/A,2025-09-29,17:25,Yielding (Good To Yielding In Places),1m 4f 194y,Razdan (IRE),C D Hayes,0,C Timmons,6th,Head,7,9-10tp,76,True,20,24
N/A,2025-09-29,17:25,Yielding (Good To Yielding In Places),1m 4f 194y,Sir Callisto (IRE),C T Keane,0,A J Martin,5th,3/4 l,5,9-9t,75,True,20,24
N/A,2025-09-29,17:25,Yielding (Good To Yielding In Places),1m 4f 194y,Pillar Of Hope,P McGettigan,7,P Sweeney,4th,2 1/4 l,7,9-4,70,True,20,24
N/A,2025-09-29,17:25,Yielding (Good To Yielding In Places),1m 4f 194y,Goin',Seamie Heffernan,0,A J Martin,3rd,2 1/2 l,5,9-0,66,True,20,24
N/A,2025-09-29,17:25,Yielding (Good To Yielding In Places),1m 4f 194y,Railwayview Lady (IRE),Adam Caffrey,0,A Oliver,2nd,Neck,3,9-6,79,True,20,24
N/A,2025-09-29,17:25,Yielding (Good To Yielding In Places),1m 4f 194y,Glenroyal (IRE),D Browne McMonagle,0,J P O'Brien,1st,N/A,3,9-4p,77,True,20,24
Cork Racing Results | 30th September 2025 13:45,2025-09-30,13:45,Good To Yielding,5f,Battleforsupremacy (IRE),Ben Coen,0,Daniel McLoughlin,7th,2 3/4 l,2,9-7,-,True,20,25
Cork Racing Results | 30th September 2025 13:45,2025-09-30,13:45,Good To Yielding,5f,Sceitimini (IRE),Seamie Heffernan,0,R Sweeney,6th,2 1/2 l,2,9-7,-,True,20,25
Cork Racing Results | 30th September 2025 13:45,2025-09-30,13:45,Good To Yielding,5f,Cactus (IRE),Wayne Lordan,0,A P O'Brien,5th,1/2 l,2,9-2t,76,True,20,25
Cork Racing Results | 30th September 2025 13:45,2025-09-30,13:45,Good To Yielding,5f,Realistic Dream (IRE),Adam Browne-Souza,7,A Slattery,4th,1 1/2 l,2,9-2,-,True,20,25
Cork Racing Results | 30th September 2025 13:45,2025-09-30,13:45,Good To Yielding,5f,Ennoble (IRE),Dylan Browne McMonagle,0,J P O'Brien,3rd,Neck,2,9-7,-,True,20,25
Cork Racing Results | 30th September 2025 13:45,2025-09-30,13:45,Good To Yielding,5f,Bad Boy Rizz (IRE),Shane Foley,0,R O'Sullivan,2nd,1/2 l,2,9-7t,74,True,20,25
Cork Racing Results | 30th September 2025 13:45,2025-09-30,13:45,Good To Yielding,5f,Tornado Kiss (IRE),Andrew Slattery,0,A Slattery,1st,N/A,2,9-2,-,True,20,25
Cork Racing Results | 30th September 2025 13:45,2025-09-30,13:45,Good To Yielding,5f,Battleforsupremacy (IRE),Ben Coen,0,Daniel McLoughlin,7th,2 3/4 l,2,9-7,-,True,20,25
Cork Racing Results | 30th September 2025 13:45,2025-09-30,13:45,Good To Yielding,5f,Sceitimini (IRE),Seamie Heffernan,0,R Sweeney,6th,2 1/2 l,2,9-7,-,True,20,25
Cork Racing Results | 30th September 2025 13:45,2025-09-30,13:45,Good To Yielding,5f,Cactus (IRE),Wayne Lordan,0,A P O'Brien,5th,1/2 l,2,9-2t,76,True,20,25
Cork Racing Results | 30th September 2025 13:45,2025-09-30,13:45,Good To Yielding,5f,Realistic Dream (IRE),Adam Browne-Souza,7,A Slattery,4th,1 1/2 l,2,9-2,-,True,20,25
Cork Racing Results | 30th September 2025 13:45,2025-09-30,13:45,Good To Yielding,5f,Ennoble (IRE),Dylan Browne McMonagle,0,J P O'Brien,3rd,Neck,2,9-7,-,True,20,25
Cork Racing Results | 30th September 2025 13:45,2025-09-30,13:45,Good To Yielding,5f,Bad Boy Rizz (IRE),Shane Foley,0,R O'Sullivan,2nd,1/2 l,2,9-7t,74,True,20,25
Cork Racing Results | 30th September 2025 13:45,2025-09-30,13:45,Good To Yielding,5f,Tornado Kiss (IRE),Andrew Slattery,0,A Slattery,1st,N/A,2,9-2,-,True,20,25
Cork Racing Results | 30th September 2025 14:15,2025-09-30,14:15,Yielding,6f,Disco Version (IRE),J Pietropaolo,7,R O'Brien,12th,12 l,2,8-7,47,True,20,26
Cork Racing Results | 30th September 2025 14:15,2025-09-30,14:15,Yielding,6f,Ardadslosttheplot (IRE),Nathan Crosse,0,D Marnane,11th,Neck,2,9-2,70,True,20,26
Cork Racing Results | 30th September 2025 14:15,2025-09-30,14:15,Yielding,6f,Allsortz (IRE),Luke McAteer,0,D Marnane,10th,Head,2,10-1,83,True,20,26
Cork Racing Results | 30th September 2025 14:15,2025-09-30,14:15,Yielding,6f,Bullet Bourbon (IRE),R Whearty,0,T G McCourt,9th,1 l,2,8-7h,61,True,20,26
Cork Racing Results | 30th September 2025 14:15,2025-09-30,14:15,Yielding,6f,Fleur De Rose (IRE),Gavin Ryan,0,Donnacha O'Brien,8th,Neck,2,9-3,71,True,20,26
Cork Racing Results | 30th September 2025 14:15,2025-09-30,14:15,Yielding,6f,Soy El Fuego (IRE),Colin Keane,0,G M Lyons,7th,Nose,2,9-6t,74,True,20,26
Cork Racing Results | 30th September 2025 14:15,2025-09-30,14:15,Yielding,6f,Sup Of Red (IRE),Wesley Joyce,3,J Davison,6th,Head,2,8-10p,64,True,20,26
Cork Racing Results | 30th September 2025 14:15,2025-09-30,14:15,Yielding,6f,Joyful Tidings,G F Carroll,0,G P Cromwell,5th,Head,2,9-13,81,True,20,26
Cork Racing Results | 30th September 2025 14:15,2025-09-30,14:15,Yielding,6f,Glamazon (IRE),Shane Foley,0,Mrs J Harrington,4th,1/2 l,2,9-2,70,True,20,26
Cork Racing Results | 30th September 2025 14:15,2025-09-30,14:15,Yielding,6f,Raphello (IRE),Dylan Browne McMonagle,0,J P O'Brien,3rd,1/2 l,2,9-11,79,True,20,26
Cork Racing Results | 30th September 2025 14:15,2025-09-30,14:15,Yielding,6f,Cisterna (IRE),Andrew Slattery,0,A Slattery,2nd,2 1/4 l,2,8-7v,60,True,20,26
Cork Racing Results | 30th September 2025 14:15,2025-09-30,14:15,Yielding,6f,Nakamura (IRE),Ben Coen,0,J P Murtagh,1st,N/A,2,9-11b,79,True,20,26
Cork Racing Results | 30th September 2025 14:15,2025-09-30,14:15,Yielding,6f,Disco Version (IRE),J Pietropaolo,7,R O'Brien,12th,12 l,2,8-7,47,True,20,26
Cork Racing Results | 30th September 2025 14:15,2025-09-30,14:15,Yielding,6f,Ardadslosttheplot (IRE),Nathan Crosse,0,D Marnane,11th,Neck,2,9-2,70,True,20,26
Cork Racing Results | 30th September 2025 14:15,2025-09-30,14:15,Yielding,6f,Allsortz (IRE),Luke McAteer,0,D Marnane,10th,Head,2,10-1,83,True,20,26
Cork Racing Results | 30th September 2025 14:15,2025-09-30,14:15,Yielding,6f,Bullet Bourbon (IRE),R Whearty,0,T G McCourt,9th,1 l,2,8-7h,61,True,20,26
Cork Racing Results | 30th September 2025 14:15,2025-09-30,14:15,Yielding,6f,Fleur De Rose (IRE),Gavin Ryan,0,Donnacha O'Brien,8th,Neck,2,9-3,71,True,20,26
Cork Racing Results | 30th September 2025 14:15,2025-09-30,14:15,Yielding,6f,Soy El Fuego (IRE),Colin Keane,0,G M Lyons,7th,Nose,2,9-6t,74,True,20,26
Cork Racing Results | 30th September 2025 14:15,2025-09-30,14:15,Yielding,6f,Sup Of Red (IRE),Wesley Joyce,3,J Davison,6th,Head,2,8-10p,64,True,20,26
Cork Racing Results | 30th September 2025 14:15,2025-09-30,14:15,Yielding,6f,Joyful Tidings,G F Carroll,0,G P Cromwell,5th,Head,2,9-13,81,True,20,26
Cork Racing Results | 30th September 2025 14:15,2025-09-30,14:15,Yielding,6f,Glamazon (IRE),Shane Foley,0,Mrs J Harrington,4th,1/2 l,2,9-2,70,True,20,26
Cork Racing Results | 30th September 2025 14:15,2025-09-30,14:15,Yielding,6f,Raphello (IRE),Dylan Browne McMonagle,0,J P O'Brien,3rd,1/2 l,2,9-11,79,True,20,26
Cork Racing Results | 30th September 2025 14:15,2025-09-30,14:15,Yielding,6f,Cisterna (IRE),Andrew Slattery,0,A Slattery,2nd,2 1/4 l,2,8-7v,60,True,20,26
Cork Racing Results | 30th September 2025 14:15,2025-09-30,14:15,Yielding,6f,Nakamura (IRE),Ben Coen,0,J P Murtagh,1st,N/A,2,9-11b,79,True,20,26
Cork Racing Results | 30th September 2025 14:45,2025-09-30,14:45,Yielding,6f,Shoney (IRE),Patrick McGettigan,7,Maurice Ahern,12th,3 1/4 l,3,8-13,66,True,20,27
Cork Racing Results | 30th September 2025 14:45,2025-09-30,14:45,Yielding,6f,Pickersgill (IRE),R C Colgan,0,S Lavery,11th,Neck,3,9-1,68,True,20,27
Cork Racing Results | 30th September 2025 14:45,2025-09-30,14:45,Yielding,6f,Aurora Nova (IRE),Nicola Burns,7,A McNamara,10th,3/4 l,6,9-8,73,True,20,27
Cork Racing Results | 30th September 2025 14:45,2025-09-30,14:45,Yielding,6f,Convo (IRE),J J G Ryan,0,J Davison,9th,2 l,3,10-0t,81,True,20,27
Cork Racing Results | 30th September 2025 14:45,2025-09-30,14:45,Yielding,6f,Amemri,Luke McAteer,0,D Marnane,8th,Nose,5,9-7,72,True,20,27
Cork Racing Results | 30th September 2025 14:45,2025-09-30,14:45,Yielding,6f,White Clover (IRE),G F Carroll,0,J G Murphy,7th,Head,4,9-7,72,True,20,27
Cork Racing Results | 30th September 2025 14:45,2025-09-30,14:45,Yielding,6f,Bundle Of Interest (IRE),Billy Lee,0,W McCreery,6th,2 l,3,9-6v,73,True,20,27
Cork Racing Results | 30th September 2025 14:45,2025-09-30,14:45,Yielding,6f,Kwa Herini,J Pietropaolo,7,Kevin Coleman,5th,1 3/4 l,4,8-9p1,60,True,20,27
Cork Racing Results | 30th September 2025 14:45,2025-09-30,14:45,Yielding,6f,Staysound Susie (IRE),Andrew Slattery,0,A Slattery,4th,Head,4,9-9,74,True,20,27
Cork Racing Results | 30th September 2025 14:45,2025-09-30,14:45,Yielding,6f,Amicitia (IRE),Ben Coen,0,J P Murtagh,3rd,1/2 l,3,9-8,75,True,20,27
Cork Racing Results | 30th September 2025 14:45,2025-09-30,14:45,Yielding,6f,Likedbymike (IRE),Seamie Heffernan,0,M J Byrne,2nd,Short Head,3,9-9p1,76,True,20,27
Cork Racing Results | 30th September 2025 14:45,2025-09-30,14:45,Yielding,6f,Winters Breath (IRE),Dylan Browne McMonagle,0,W McCreery,1st,N/A,3,9-0,67,True,20,27
Cork Racing Results | 30th September 2025 14:45,2025-09-30,14:45,Yielding,6f,Shoney (IRE),Patrick McGettigan,7,Maurice Ahern,12th,3 1/4 l,3,8-13,66,True,20,27
Cork Racing Results | 30th September 2025 14:45,2025-09-30,14:45,Yielding,6f,Pickersgill (IRE),R C Colgan,0,S Lavery,11th,Neck,3,9-1,68,True,20,27
Cork Racing Results | 30th September 2025 14:45,2025-09-30,14:45,Yielding,6f,Aurora Nova (IRE),Nicola Burns,7,A McNamara,10th,3/4 l,6,9-8,73,True,20,27
Cork Racing Results | 30th September 2025 14:45,2025-09-30,14:45,Yielding,6f,Convo (IRE),J J G Ryan,0,J Davison,9th,2 l,3,10-0t,81,True,20,27
Cork Racing Results | 30th September 2025 14:45,2025-09-30,14:45,Yielding,6f,Amemri,Luke McAteer,0,D Marnane,8th,Nose,5,9-7,72,True,20,27
Cork Racing Results | 30th September 2025 14:45,2025-09-30,14:45,Yielding,6f,White Clover (IRE),G F Carroll,0,J G Murphy,7th,Head,4,9-7,72,True,20,27
Cork Racing Results | 30th September 2025 14:45,2025-09-30,14:45,Yielding,6f,Bundle Of Interest (IRE),Billy Lee,0,W McCreery,6th,2 l,3,9-6v,73,True,20,27
Cork Racing Results | 30th September 2025 14:45,2025-09-30,14:45,Yielding,6f,Kwa Herini,J Pietropaolo,7,Kevin Coleman,5th,1 3/4 l,4,8-9p1,60,True,20,27
Cork Racing Results | 30th September 2025 14:45,2025-09-30,14:45,Yielding,6f,Staysound Susie (IRE),Andrew Slattery,0,A Slattery,4th,Head,4,9-9,74,True,20,27
Cork Racing Results | 30th September 2025 14:45,2025-09-30,14:45,Yielding,6f,Amicitia (IRE),Ben Coen,0,J P Murtagh,3rd,1/2 l,3,9-8,75,True,20,27
Cork Racing Results | 30th September 2025 14:45,2025-09-30,14:45,Yielding,6f,Likedbymike (IRE),Seamie Heffernan,0,M J Byrne,2nd,Short Head,3,9-9p1,76,True,20,27
Cork Racing Results | 30th September 2025 14:45,2025-09-30,14:45,Yielding,6f,Winters Breath (IRE),Dylan Browne McMonagle,0,W McCreery,1st,N/A,3,9-0,67,True,20,27
Cork Racing Results | 30th September 2025 15:15,2025-09-30,15:15,Yielding,6f,Devil's Angel,Nicola Burns,7,R Hurley,10th,8 1/2 l,9,9-13b,56,True,20,28
Cork Racing Results | 30th September 2025 15:15,2025-09-30,15:15,Yielding,6f,Jazzy Dancer (IRE),N G McCullagh,0,W J Martin,9th,1 l,7,9-9tp,52,True,20,28
Cork Racing Results | 30th September 2025 15:15,2025-09-30,15:15,Yielding,6f,Romantic War (IRE),Wesley Joyce,3,J G Murray,8th,3/4 l,3,8-12p,43,True,20,28
Cork Racing Results | 30th September 2025 15:15,2025-09-30,15:15,Yielding,6f,Shoebox King (IRE),J Pietropaolo,7,Kevin Coleman,7th,1/2 l,6,8-11b,40,True,20,28
Cork Racing Results | 30th September 2025 15:15,2025-09-30,15:15,Yielding,6f,Step Back In Time (IRE),Colin Keane,0,C Timmons,6th,1/2 l,7,9-10p,53,True,20,28
Cork Racing Results | 30th September 2025 15:15,2025-09-30,15:15,Yielding,6f,I'm Spartacus (IRE),Adam Caffrey,0,A McGuinness,5th,4 l,4,10-0,57,True,20,28
Cork Racing Results | 30th September 2025 15:15,2025-09-30,15:15,Yielding,6f,American In Paris (IRE),Dylan Browne McMonagle,0,P W Flynn,4th,1/2 l,5,9-3tv,46,True,20,28
Cork Racing Results | 30th September 2025 15:15,2025-09-30,15:15,Yielding,6f,Reponse Finale (IRE),A J Casey,10,L Casey,3rd,Short Head,3,9-5,50,True,20,28
Cork Racing Results | 30th September 2025 15:15,2025-09-30,15:15,Yielding,6f,Sovereign Banter (IRE),J S Dalton,10,A Slattery,2nd,1 1/4 l,3,8-10tb1,41,True,20,28
Cork Racing Results | 30th September 2025 15:15,2025-09-30,15:15,Yielding,6f,Ukiyo (IRE),R Whearty,0,G P Cromwell,1st,N/A,4,9-7,50,True,20,28
Cork Racing Results | 30th September 2025 15:15,2025-09-30,15:15,Yielding,6f,Devil's Angel,Nicola Burns,7,R Hurley,10th,8 1/2 l,9,9-13b,56,True,20,28
Cork Racing Results | 30th September 2025 15:15,2025-09-30,15:15,Yielding,6f,Jazzy Dancer (IRE),N G McCullagh,0,W J Martin,9th,1 l,7,9-9tp,52,True,20,28
Cork Racing Results | 30th September 2025 15:15,2025-09-30,15:15,Yielding,6f,Romantic War (IRE),Wesley Joyce,3,J G Murray,8th,3/4 l,3,8-12p,43,True,20,28
Cork Racing Results | 30th September 2025 15:15,2025-09-30,15:15,Yielding,6f,Shoebox King (IRE),J Pietropaolo,7,Kevin Coleman,7th,1/2 l,6,8-11b,40,True,20,28
Cork Racing Results | 30th September 2025 15:15,2025-09-30,15:15,Yielding,6f,Step Back In Time (IRE),Colin Keane,0,C Timmons,6th,1/2 l,7,9-10p,53,True,20,28
Cork Racing Results | 30th September 2025 15:15,2025-09-30,15:15,Yielding,6f,I'm Spartacus (IRE),Adam Caffrey,0,A McGuinness,5th,4 l,4,10-0,57,True,20,28
Cork Racing Results | 30th September 2025 15:15,2025-09-30,15:15,Yielding,6f,American In Paris (IRE),Dylan Browne McMonagle,0,P W Flynn,4th,1/2 l,5,9-3tv,46,True,20,28
Cork Racing Results | 30th September 2025 15:15,2025-09-30,15:15,Yielding,6f,Reponse Finale (IRE),A J Casey,10,L Casey,3rd,Short Head,3,9-5,50,True,20,28
Cork Racing Results | 30th September 2025 15:15,2025-09-30,15:15,Yielding,6f,Sovereign Banter (IRE),J S Dalton,10,A Slattery,2nd,1 1/4 l,3,8-10tb1,41,True,20,28
Cork Racing Results | 30th September 2025 15:15,2025-09-30,15:15,Yielding,6f,Ukiyo (IRE),R Whearty,0,G P Cromwell,1st,N/A,4,9-7,50,True,20,28
Cork Racing Results | 30th September 2025 15:45,2025-09-30,15:45,Yielding,1m,Lamberella (IRE),Luke McAteer,0,D Marnane,16th,1 1/4 l,2,9-2,-,True,20,29
Cork Racing Results | 30th September 2025 15:45,2025-09-30,15:45,Yielding,1m,Itsyouitsyouitsyou (IRE),Nathan Crosse,0,D Marnane,15th,6 1/2 l,2,9-2,-,True,20,29
Cork Racing Results | 30th September 2025 15:45,2025-09-30,15:45,Yielding,1m,Keepsgettingbetter (IRE),Ronan Whelan,0,Donnacha O'Brien,14th,6 l,2,9-2,-,True,20,29
Cork Racing Results | 30th September 2025 15:45,2025-09-30,15:45,Yielding,1m,Ballaghkeen (IRE),Ross Coakley,0,J S Bolger,13th,Short Head,2,9-2t,-,True,20,29
Cork Racing Results | 30th September 2025 15:45,2025-09-30,15:45,Yielding,1m,Celestially (IRE),Colin Keane,0,Donnacha O'Brien,12th,1/2 l,2,9-2,-,True,20,29
Cork Racing Results | 30th September 2025 15:45,2025-09-30,15:45,Yielding,1m,Almeiyda (IRE),C D Hayes,0,D K Weld,11th,Neck,2,9-2,-,True,20,29
Cork Racing Results | 30th September 2025 15:45,2025-09-30,15:45,Yielding,1m,Chablis Rock (IRE),D P McDonogh,0,J P O'Brien,10th,1/2 l,2,9-2,-,True,20,29
Cork Racing Results | 30th September 2025 15:45,2025-09-30,15:45,Yielding,1m,Yousaynothingatall (IRE),Dylan Browne McMonagle,0,J P O'Brien,9th,Neck,2,9-2,-,True,20,29
Cork Racing Results | 30th September 2025 15:45,2025-09-30,15:45,Yielding,1m,I Hope You Dance (FR),Billy Lee,0,H De Bromhead,8th,Neck,2,9-2,-,True,20,29
Cork Racing Results | 30th September 2025 15:45,2025-09-30,15:45,Yielding,1m,Coolangatta (IRE),Gavin Ryan,0,Donnacha O'Brien,7th,3 1/2 l,2,9-2,-,True,20,29
Cork Racing Results | 30th September 2025 15:45,2025-09-30,15:45,Yielding,1m,Ridersinthesky (GER),Shane Foley,0,Mrs J Harrington,6th,1/2 l,2,9-2p,93,True,20,29
Cork Racing Results | 30th September 2025 15:45,2025-09-30,15:45,Yielding,1m,Rayzera (IRE),Ben Coen,0,J P Murtagh,5th,1 1/2 l,2,9-2,-,True,20,29
Cork Racing Results | 30th September 2025 15:45,2025-09-30,15:45,Yielding,1m,Jojo's Legacy (IRE),Andrew Slattery,0,A Slattery,4th,Head,2,9-2,-,True,20,29
Cork Racing Results | 30th September 2025 15:45,2025-09-30,15:45,Yielding,1m,River Ara (IRE),Wayne Lordan,0,A P O'Brien,3rd,2 3/4 l,2,9-2,-,True,20,29
Cork Racing Results | 30th September 2025 15:45,2025-09-30,15:45,Yielding,1m,Ifweonlyhavelove (FR),R P Cleary,0,C W J Farrell,2nd,1/2 l,2,9-2,-,True,20,29
Cork Racing Results | 30th September 2025 15:45,2025-09-30,15:45,Yielding,1m,Bloom (IRE),J Cleary,5,A P O'Brien,1st,N/A,2,9-2,-,True,20,29
Cork Racing Results | 30th September 2025 15:45,2025-09-30,15:45,Yielding,1m,Lamberella (IRE),Luke McAteer,0,D Marnane,16th,1 1/4 l,2,9-2,-,True,20,29
Cork Racing Results | 30th September 2025 15:45,2025-09-30,15:45,Yielding,1m,Itsyouitsyouitsyou (IRE),Nathan Crosse,0,D Marnane,15th,6 1/2 l,2,9-2,-,True,20,29
Cork Racing Results | 30th September 2025 15:45,2025-09-30,15:45,Yielding,1m,Keepsgettingbetter (IRE),Ronan Whelan,0,Donnacha O'Brien,14th,6 l,2,9-2,-,True,20,29
Cork Racing Results | 30th September 2025 15:45,2025-09-30,15:45,Yielding,1m,Ballaghkeen (IRE),Ross Coakley,0,J S Bolger,13th,Short Head,2,9-2t,-,True,20,29
Cork Racing Results | 30th September 2025 15:45,2025-09-30,15:45,Yielding,1m,Celestially (IRE),Colin Keane,0,Donnacha O'Brien,12th,1/2 l,2,9-2,-,True,20,29
Cork Racing Results | 30th September 2025 15:45,2025-09-30,15:45,Yielding,1m,Almeiyda (IRE),C D Hayes,0,D K Weld,11th,Neck,2,9-2,-,True,20,29
Cork Racing Results | 30th September 2025 15:45,2025-09-30,15:45,Yielding,1m,Chablis Rock (IRE),D P McDonogh,0,J P O'Brien,10th,1/2 l,2,9-2,-,True,20,29
Cork Racing Results | 30th September 2025 15:45,2025-09-30,15:45,Yielding,1m,Yousaynothingatall (IRE),Dylan Browne McMonagle,0,J P O'Brien,9th,Neck,2,9-2,-,True,20,29
Cork Racing Results | 30th September 2025 15:45,2025-09-30,15:45,Yielding,1m,I Hope You Dance (FR),Billy Lee,0,H De Bromhead,8th,Neck,2,9-2,-,True,20,29
Cork Racing Results | 30th September 2025 15:45,2025-09-30,15:45,Yielding,1m,Coolangatta (IRE),Gavin Ryan,0,Donnacha O'Brien,7th,3 1/2 l,2,9-2,-,True,20,29
Cork Racing Results | 30th September 2025 15:45,2025-09-30,15:45,Yielding,1m,Ridersinthesky (GER),Shane Foley,0,Mrs J Harrington,6th,1/2 l,2,9-2p,93,True,20,29
Cork Racing Results | 30th September 2025 15:45,2025-09-30,15:45,Yielding,1m,Rayzera (IRE),Ben Coen,0,J P Murtagh,5th,1 1/2 l,2,9-2,-,True,20,29
Cork Racing Results | 30th September 2025 15:45,2025-09-30,15:45,Yielding,1m,Jojo's Legacy (IRE),Andrew Slattery,0,A Slattery,4th,Head,2,9-2,-,True,20,29
Cork Racing Results | 30th September 2025 15:45,2025-09-30,15:45,Yielding,1m,River Ara (IRE),Wayne Lordan,0,A P O'Brien,3rd,2 3/4 l,2,9-2,-,True,20,29
Cork Racing Results | 30th September 2025 15:45,2025-09-30,15:45,Yielding,1m,Ifweonlyhavelove (FR),R P Cleary,0,C W J Farrell,2nd,1/2 l,2,9-2,-,True,20,29
Cork Racing Results | 30th September 2025 15:45,2025-09-30,15:45,Yielding,1m,Bloom (IRE),J Cleary,5,A P O'Brien,1st,N/A,2,9-2,-,True,20,29
Cork Racing Results | 30th September 2025 16:15,2025-09-30,16:15,Yielding,1m 2f 90y,Sharpen (IRE),Gavin Ryan,0,Donnacha O'Brien,7th,1 3/4 l,3,9-0,96,True,20,30
Cork Racing Results | 30th September 2025 16:15,2025-09-30,16:15,Yielding,1m 2f 90y,Reyenzi (FR),Ben Coen,0,J P Murtagh,6th,3/4 l,3,9-5,103,True,20,30
Cork Racing Results | 30th September 2025 16:15,2025-09-30,16:15,Yielding,1m 2f 90y,Eastwatch (IRE),Andrew Slattery,0,A Slattery,5th,1/2 l,3,9-5,96,True,20,30
Cork Racing Results | 30th September 2025 16:15,2025-09-30,16:15,Yielding,1m 2f 90y,Tangapour (IRE),Seamie Heffernan,0,J P Murtagh,4th,1 3/4 l,3,9-5,107,True,20,30
Cork Racing Results | 30th September 2025 16:15,2025-09-30,16:15,Yielding,1m 2f 90y,Iowa City (FR),Billy Lee,0,P Twomey,3rd,2 l,3,9-0,95,True,20,30
Cork Racing Results | 30th September 2025 16:15,2025-09-30,16:15,Yielding,1m 2f 90y,Cadogan,Dylan Browne McMonagle,0,J P O'Brien,2nd,1 1/4 l,3,9-5t,93,True,20,30
Cork Racing Results | 30th September 2025 16:15,2025-09-30,16:15,Yielding,1m 2f 90y,Purview,Colin Keane,0,D K Weld,1st,N/A,3,9-5,110,True,20,30
Cork Racing Results | 30th September 2025 16:15,2025-09-30,16:15,Yielding,1m 2f 90y,Sharpen (IRE),Gavin Ryan,0,Donnacha O'Brien,7th,1 3/4 l,3,9-0,96,True,20,30
Cork Racing Results | 30th September 2025 16:15,2025-09-30,16:15,Yielding,1m 2f 90y,Reyenzi (FR),Ben Coen,0,J P Murtagh,6th,3/4 l,3,9-5,103,True,20,30
Cork Racing Results | 30th September 2025 16:15,2025-09-30,16:15,Yielding,1m 2f 90y,Eastwatch (IRE),Andrew Slattery,0,A Slattery,5th,1/2 l,3,9-5,96,True,20,30
Cork Racing Results | 30th September 2025 16:15,2025-09-30,16:15,Yielding,1m 2f 90y,Tangapour (IRE),Seamie Heffernan,0,J P Murtagh,4th,1 3/4 l,3,9-5,107,True,20,30
Cork Racing Results | 30th September 2025 16:15,2025-09-30,16:15,Yielding,1m 2f 90y,Iowa City (FR),Billy Lee,0,P Twomey,3rd,2 l,3,9-0,95,True,20,30
Cork Racing Results | 30th September 2025 16:15,2025-09-30,16:15,Yielding,1m 2f 90y,Cadogan,Dylan Browne McMonagle,0,J P O'Brien,2nd,1 1/4 l,3,9-5t,93,True,20,30
Cork Racing Results | 30th September 2025 16:15,2025-09-30,16:15,Yielding,1m 2f 90y,Purview,Colin Keane,0,D K Weld,1st,N/A,3,9-5,110,True,20,30
Cork Racing Results | 30th September 2025 16:45,2025-09-30,16:45,Yielding,1m,Solomon Coop (IRE),Orla Tynan,10,M J Tynan,14th,2 1/4 l,4,8-12,74,True,20,31
Cork Racing Results | 30th September 2025 16:45,2025-09-30,16:45,Yielding,1m,Sujet,Colin Keane,0,D K Weld,13th,Neck,3,9-9,89,True,20,31
Cork Racing Results | 30th September 2025 16:45,2025-09-30,16:45,Yielding,1m,Brewing,Seamie Heffernan,0,Kevin Coleman,12th,2 3/4 l,6,10-2,92,True,20,31
Cork Racing Results | 30th September 2025 16:45,2025-09-30,16:45,Yielding,1m,Pier Pressure (FR),Nicola Burns,7,G M Lyons,11th,Neck,5,9-8h,84,True,20,31
Cork Racing Results | 30th September 2025 16:45,2025-09-30,16:45,Yielding,1m,Facethepuckout (IRE),Leigh Roche,0,M O'Callaghan,10th,Head,9,9-0,76,True,20,31
Cork Racing Results | 30th September 2025 16:45,2025-09-30,16:45,Yielding,1m,Gerrit's Gem (IRE),J Cleary,5,K P Cotter,9th,Head,5,9-4,80,True,20,31
Cork Racing Results | 30th September 2025 16:45,2025-09-30,16:45,Yielding,1m,Walhaan (IRE),Patrick McGettigan,7,Ciaran Murphy,8th,2 3/4 l,9,9-8tp,84,True,20,31
Cork Racing Results | 30th September 2025 16:45,2025-09-30,16:45,Yielding,1m,Blues Emperor (IRE),Ben Coen,0,J P Murtagh,7th,1 l,6,10-1p,91,True,20,31
Cork Racing Results | 30th September 2025 16:45,2025-09-30,16:45,Yielding,1m,I Am Superman (IRE),Jamie Powell,3,M O'Callaghan,6th,1/2 l,9,9-10t,86,True,20,31
Cork Racing Results | 30th September 2025 16:45,2025-09-30,16:45,Yielding,1m,Zaraahmando (IRE),Andrew Slattery,0,A Slattery,5th,1 3/4 l,3,8-9,75,True,20,31
Cork Racing Results | 30th September 2025 16:45,2025-09-30,16:45,Yielding,1m,Ja'marr,Luke McAteer,0,D Marnane,4th,Short Head,3,8-10,76,True,20,31
Cork Racing Results | 30th September 2025 16:45,2025-09-30,16:45,Yielding,1m,Sun Soldier (IRE),C D Hayes,0,A Oliver,3rd,Neck,3,8-11b,77,True,20,31
Cork Racing Results | 30th September 2025 16:45,2025-09-30,16:45,Yielding,1m,Mathan (IRE),Dylan Browne McMonagle,0,J P O'Brien,2nd,1 3/4 l,3,9-3,83,True,20,31
Cork Racing Results | 30th September 2025 16:45,2025-09-30,16:45,Yielding,1m,Falls Of Acharn,Shane Foley,0,Mrs J Harrington,1st,N/A,3,8-8,74,True,20,31
Cork Racing Results | 30th September 2025 16:45,2025-09-30,16:45,Yielding,1m,Solomon Coop (IRE),Orla Tynan,10,M J Tynan,14th,2 1/4 l,4,8-12,74,True,20,31
Cork Racing Results | 30th September 2025 16:45,2025-09-30,16:45,Yielding,1m,Sujet,Colin Keane,0,D K Weld,13th,Neck,3,9-9,89,True,20,31
Cork Racing Results | 30th September 2025 16:45,2025-09-30,16:45,Yielding,1m,Brewing,Seamie Heffernan,0,Kevin Coleman,12th,2 3/4 l,6,10-2,92,True,20,31
Cork Racing Results | 30th September 2025 16:45,2025-09-30,16:45,Yielding,1m,Pier Pressure (FR),Nicola Burns,7,G M Lyons,11th,Neck,5,9-8h,84,True,20,31
Cork Racing Results | 30th September 2025 16:45,2025-09-30,16:45,Yielding,1m,Facethepuckout (IRE),Leigh Roche,0,M O'Callaghan,10th,Head,9,9-0,76,True,20,31
Cork Racing Results | 30th September 2025 16:45,2025-09-30,16:45,Yielding,1m,Gerrit's Gem (IRE),J Cleary,5,K P Cotter,9th,Head,5,9-4,80,True,20,31
Cork Racing Results | 30th September 2025 16:45,2025-09-30,16:45,Yielding,1m,Walhaan (IRE),Patrick McGettigan,7,Ciaran Murphy,8th,2 3/4 l,9,9-8tp,84,True,20,31
Cork Racing Results | 30th September 2025 16:45,2025-09-30,16:45,Yielding,1m,Blues Emperor (IRE),Ben Coen,0,J P Murtagh,7th,1 l,6,10-1p,91,True,20,31
Cork Racing Results | 30th September 2025 16:45,2025-09-30,16:45,Yielding,1m,I Am Superman (IRE),Jamie Powell,3,M O'Callaghan,6th,1/2 l,9,9-10t,86,True,20,31
Cork Racing Results | 30th September 2025 16:45,2025-09-30,16:45,Yielding,1m,Zaraahmando (IRE),Andrew Slattery,0,A Slattery,5th,1 3/4 l,3,8-9,75,True,20,31
Cork Racing Results | 30th September 2025 16:45,2025-09-30,16:45,Yielding,1m,Ja'marr,Luke McAteer,0,D Marnane,4th,Short Head,3,8-10,76,True,20,31
Cork Racing Results | 30th September 2025 16:45,2025-09-30,16:45,Yielding,1m,Sun Soldier (IRE),C D Hayes,0,A Oliver,3rd,Neck,3,8-11b,77,True,20,31
Cork Racing Results | 30th September 2025 16:45,2025-09-30,16:45,Yielding,1m,Mathan (IRE),Dylan Browne McMonagle,0,J P O'Brien,2nd,1 3/4 l,3,9-3,83,True,20,31
Cork Racing Results | 30th September 2025 16:45,2025-09-30,16:45,Yielding,1m,Falls Of Acharn,Shane Foley,0,Mrs J Harrington,1st,N/A,3,8-8,74,True,20,31
Cork Racing Results | 30th September 2025 17:20,2025-09-30,17:20,Yielding,1m,Sayfa Fad (IRE),Dylan Browne McMonagle,0,P W Flynn,13th,3 1/2 l,4,9-9b,53,True,20,32
Cork Racing Results | 30th September 2025 17:20,2025-09-30,17:20,Yielding,1m,Una Matata (IRE),Colin Keane,0,C Timmons,12th,8 l,4,9-12t,56,True,20,32
Cork Racing Results | 30th September 2025 17:20,2025-09-30,17:20,Yielding,1m,Swiss Army Officer (IRE),J Pietropaolo,7,Kevin Coleman,11th,1 l,10,8-10,40,True,20,32
Cork Racing Results | 30th September 2025 17:20,2025-09-30,17:20,Yielding,1m,Mapa (CAN),R C Colgan,0,S Lavery,10th,1/2 l,4,10-1t1,59,True,20,32
Cork Racing Results | 30th September 2025 17:20,2025-09-30,17:20,Yielding,1m,Super Over (IRE),Nicola Burns,7,C Byrnes,9th,1 3/4 l,7,9-9p,53,True,20,32
Cork Racing Results | 30th September 2025 17:20,2025-09-30,17:20,Yielding,1m,Relevant Range (IRE),Billy Lee,0,G Scott,8th,2 1/2 l,6,9-9p,53,True,20,32
Cork Racing Results | 30th September 2025 17:20,2025-09-30,17:20,Yielding,1m,Tynamite (IRE),Luke McAteer,0,D Marnane,7th,1/2 l,11,8-11,41,True,20,32
Cork Racing Results | 30th September 2025 17:20,2025-09-30,17:20,Yielding,1m,Famous Enough (IRE),Wesley Joyce,3,P T Foley,6th,Neck,5,9-12t,49,True,20,32
Cork Racing Results | 30th September 2025 17:20,2025-09-30,17:20,Yielding,1m,Liamo (IRE),J E Harnett,7,Brendan Walsh,5th,1 1/2 l,4,9-4t,48,True,20,32
Cork Racing Results | 30th September 2025 17:20,2025-09-30,17:20,Yielding,1m,Purring Along (IRE),J Cleary,5,P G Fahey,4th,2 3/4 l,6,9-12,56,True,20,32
Cork Racing Results | 30th September 2025 17:20,2025-09-30,17:20,Yielding,1m,Vierson (IRE),Patrick McGettigan,7,Ciaran Murphy,3rd,3/4 l,4,10-2,60,True,20,32
Cork Racing Results | 30th September 2025 17:20,2025-09-30,17:20,Yielding,1m,Micasso (IRE),R P Cleary,0,D Kinsella,2nd,1/2 l,3,8-11tp,45,True,20,32
Cork Racing Results | 30th September 2025 17:20,2025-09-30,17:20,Yielding,1m,La Tulipe Noire (IRE),Jessica O'Gorman,7,Aengus King,1st,N/A,5,9-4p,48,True,20,32
Cork Racing Results | 30th September 2025 17:20,2025-09-30,17:20,Yielding,1m,Sayfa Fad (IRE),Dylan Browne McMonagle,0,P W Flynn,13th,3 1/2 l,4,9-9b,53,True,20,32
Cork Racing Results | 30th September 2025 17:20,2025-09-30,17:20,Yielding,1m,Una Matata (IRE),Colin Keane,0,C Timmons,12th,8 l,4,9-12t,56,True,20,32
Cork Racing Results | 30th September 2025 17:20,2025-09-30,17:20,Yielding,1m,Swiss Army Officer (IRE),J Pietropaolo,7,Kevin Coleman,11th,1 l,10,8-10,40,True,20,32
Cork Racing Results | 30th September 2025 17:20,2025-09-30,17:20,Yielding,1m,Mapa (CAN),R C Colgan,0,S Lavery,10th,1/2 l,4,10-1t1,59,True,20,32
Cork Racing Results | 30th September 2025 17:20,2025-09-30,17:20,Yielding,1m,Super Over (IRE),Nicola Burns,7,C Byrnes,9th,1 3/4 l,7,9-9p,53,True,20,32
Cork Racing Results | 30th September 2025 17:20,2025-09-30,17:20,Yielding,1m,Relevant Range (IRE),Billy Lee,0,G Scott,8th,2 1/2 l,6,9-9p,53,True,20,32
Cork Racing Results | 30th September 2025 17:20,2025-09-30,17:20,Yielding,1m,Tynamite (IRE),Luke McAteer,0,D Marnane,7th,1/2 l,11,8-11,41,True,20,32
Cork Racing Results | 30th September 2025 17:20,2025-09-30,17:20,Yielding,1m,Famous Enough (IRE),Wesley Joyce,3,P T Foley,6th,Neck,5,9-12t,49,True,20,32
Cork Racing Results | 30th September 2025 17:20,2025-09-30,17:20,Yielding,1m,Liamo (IRE),J E Harnett,7,Brendan Walsh,5th,1 1/2 l,4,9-4t,48,True,20,32
Cork Racing Results | 30th September 2025 17:20,2025-09-30,17:20,Yielding,1m,Purring Along (IRE),J Cleary,5,P G Fahey,4th,2 3/4 l,6,9-12,56,True,20,32
Cork Racing Results | 30th September 2025 17:20,2025-09-30,17:20,Yielding,1m,Vierson (IRE),Patrick McGettigan,7,Ciaran Murphy,3rd,3/4 l,4,10-2,60,True,20,32
Cork Racing Results | 30th September 2025 17:20,2025-09-30,17:20,Yielding,1m,Micasso (IRE),R P Cleary,0,D Kinsella,2nd,1/2 l,3,8-11tp,45,True,20,32
Cork Racing Results | 30th September 2025 17:20,2025-09-30,17:20,Yielding,1m,La Tulipe Noire (IRE),Jessica O'Gorman,7,Aengus King,1st,N/A,5,9-4p,48,True,20,32
N/A,2025-10-01,13:38,Soft,7f 205y,Rockys Favourite (IRE),Rory Mulligan,7,Paul Mulligan,8th,16 l,4,9-2tb1,-,True,20,33
N/A,2025-10-01,13:38,Soft,7f 205y,Glenevies (IRE),Luke McAteer,0,D Marnane,7th,3 l,3,9-2,-,True,20,33
N/A,2025-10-01,13:38,Soft,7f 205y,Thru The Gap (IRE),Patrick McGettigan,7,P Magee,6th,1 1/4 l,3,9-2,68,True,20,33
N/A,2025-10-01,13:38,Soft,7f 205y,Rei De Rocko (FR),Sam Coen,7,A Slattery,5th,9 1/2 l,3,9-8,-,True,20,33
N/A,2025-10-01,13:38,Soft,7f 205y,Georg Zhukov (IRE),C D Hayes,0,N Meade,4th,3 1/2 l,3,8-13,57,True,20,33
N/A,2025-10-01,13:38,Soft,7f 205y,All Told (IRE),Dylan Browne McMonagle,0,J P O'Brien,3rd,1 1/2 l,3,8-13,55,True,20,33
N/A,2025-10-01,13:38,Soft,7f 205y,Late Night Talking (IRE),Colin Keane,0,K P Cotter,2nd,1 1/2 l,4,9-2,54,True,20,33
N/A,2025-10-01,13:38,Soft,7f 205y,Just Jump (IRE),J M Sheridan,0,D Hogan,1st,N/A,3,8-13,65,True,20,33
N/A,2025-10-01,13:38,Soft,7f 205y,Rockys Favourite (IRE),Rory Mulligan,7,Paul Mulligan,8th,16 l,4,9-2tb1,-,True,20,33
N/A,2025-10-01,13:38,Soft,7f 205y,Glenevies (IRE),Luke McAteer,0,D Marnane,7th,3 l,3,9-2,-,True,20,33
N/A,2025-10-01,13:38,Soft,7f 205y,Thru The Gap (IRE),Patrick McGettigan,7,P Magee,6th,1 1/4 l,3,9-2,68,True,20,33
N/A,2025-10-01,13:38,Soft,7f 205y,Rei De Rocko (FR),Sam Coen,7,A Slattery,5th,9 1/2 l,3,9-8,-,True,20,33
N/A,2025-10-01,13:38,Soft,7f 205y,Georg Zhukov (IRE),C D Hayes,0,N Meade,4th,3 1/2 l,3,8-13,57,True,20,33
N/A,2025-10-01,13:38,Soft,7f 205y,All Told (IRE),Dylan Browne McMonagle,0,J P O'Brien,3rd,1 1/2 l,3,8-13,55,True,20,33
N/A,2025-10-01,13:38,Soft,7f 205y,Late Night Talking (IRE),Colin Keane,0,K P Cotter,2nd,1 1/2 l,4,9-2,54,True,20,33
N/A,2025-10-01,13:38,Soft,7f 205y,Just Jump (IRE),J M Sheridan,0,D Hogan,1st,N/A,3,8-13,65,True,20,33
N/A,2025-10-01,14:13,Soft,7f 205y,Bang Po (IRE),J M Sheridan,0,L McAteer,15th,7 l,5,9-1,45,True,20,34
N/A,2025-10-01,14:13,Soft,7f 205y,Tartaraghan (IRE),Colin Keane,0,J C McConnell,14th,3 1/2 l,4,9-13,57,True,20,34
N/A,2025-10-01,14:13,Soft,7f 205y,Bahama Bear (IRE),Adam Caffrey,0,N Slevin,13th,2 1/4 l,4,10-2,60,True,20,34
N/A,2025-10-01,14:13,Soft,7f 205y,Wayside Lady (IRE),Andrew Slattery,0,A Slattery,12th,Neck,5,8-10,40,True,20,34
N/A,2025-10-01,14:13,Soft,7f 205y,Goldsmith (IRE),Dylan Browne McMonagle,0,H D McGuigan,11th,1/2 l,6,10-0,58,True,20,34
N/A,2025-10-01,14:13,Soft,7f 205y,Desert Of The Sea (IRE),J J G Ryan,0,T G McCourt,10th,3/4 l,4,9-6,50,True,20,34
N/A,2025-10-01,14:13,Soft,7f 205y,Master Garvey (IRE),Wesley Joyce,3,Joseph Murray,9th,Neck,5,9-2tp1,46,True,20,34
N/A,2025-10-01,14:13,Soft,7f 205y,Roman Harry (IRE),Ben Coen,0,C O'Connell,8th,Neck,5,9-9p,53,True,20,34
N/A,2025-10-01,14:13,Soft,7f 205y,Takeachancejimmy (IRE),R C Colgan,0,N Slevin,7th,3/4 l,11,9-9,53,True,20,34
N/A,2025-10-01,14:13,Soft,7f 205y,Carvalhal (IRE),Nicola Burns,7,R P Burns,6th,1/2 l,4,9-9p1,53,True,20,34
N/A,2025-10-01,14:13,Soft,7f 205y,Fleetfootsoldier (IRE),Seamie Heffernan,0,N Lupini,5th,Neck,5,9-3,47,True,20,34
N/A,2025-10-01,14:13,Soft,7f 205y,Rock Etoile (IRE),Adam Browne-Souza,7,A Slattery,4th,1/2 l,7,9-10,54,True,20,34
N/A,2025-10-01,14:13,Soft,7f 205y,Mythical Rock (IRE),Luke McAteer,0,P J F Murphy,3rd,3 1/4 l,4,9-12,56,True,20,34
N/A,2025-10-01,14:13,Soft,7f 205y,Nibras Rainbow (IRE),Gary Carroll,0,G P Cromwell,2nd,Head,5,9-3v,47,True,20,34
N/A,2025-10-01,14:13,Soft,7f 205y,Mogwli (IRE),Megan Telford-Kelly,10,W McCreery,1st,N/A,8,9-12v,56,True,20,34
N/A,2025-10-01,14:13,Soft,7f 205y,Bang Po (IRE),J M Sheridan,0,L McAteer,15th,7 l,5,9-1,45,True,20,34
N/A,2025-10-01,14:13,Soft,7f 205y,Tartaraghan (IRE),Colin Keane,0,J C McConnell,14th,3 1/2 l,4,9-13,57,True,20,34
N/A,2025-10-01,14:13,Soft,7f 205y,Bahama Bear (IRE),Adam Caffrey,0,N Slevin,13th,2 1/4 l,4,10-2,60,True,20,34
N/A,2025-10-01,14:13,Soft,7f 205y,Wayside Lady (IRE),Andrew Slattery,0,A Slattery,12th,Neck,5,8-10,40,True,20,34
N/A,2025-10-01,14:13,Soft,7f 205y,Goldsmith (IRE),Dylan Browne McMonagle,0,H D McGuigan,11th,1/2 l,6,10-0,58,True,20,34
N/A,2025-10-01,14:13,Soft,7f 205y,Desert Of The Sea (IRE),J J G Ryan,0,T G McCourt,10th,3/4 l,4,9-6,50,True,20,34
N/A,2025-10-01,14:13,Soft,7f 205y,Master Garvey (IRE),Wesley Joyce,3,Joseph Murray,9th,Neck,5,9-2tp1,46,True,20,34
N/A,2025-10-01,14:13,Soft,7f 205y,Roman Harry (IRE),Ben Coen,0,C O'Connell,8th,Neck,5,9-9p,53,True,20,34
N/A,2025-10-01,14:13,Soft,7f 205y,Takeachancejimmy (IRE),R C Colgan,0,N Slevin,7th,3/4 l,11,9-9,53,True,20,34
N/A,2025-10-01,14:13,Soft,7f 205y,Carvalhal (IRE),Nicola Burns,7,R P Burns,6th,1/2 l,4,9-9p1,53,True,20,34
N/A,2025-10-01,14:13,Soft,7f 205y,Fleetfootsoldier (IRE),Seamie Heffernan,0,N Lupini,5th,Neck,5,9-3,47,True,20,34
N/A,2025-10-01,14:13,Soft,7f 205y,Rock Etoile (IRE),Adam Browne-Souza,7,A Slattery,4th,1/2 l,7,9-10,54,True,20,34
N/A,2025-10-01,14:13,Soft,7f 205y,Mythical Rock (IRE),Luke McAteer,0,P J F Murphy,3rd,3 1/4 l,4,9-12,56,True,20,34
N/A,2025-10-01,14:13,Soft,7f 205y,Nibras Rainbow (IRE),Gary Carroll,0,G P Cromwell,2nd,Head,5,9-3v,47,True,20,34
N/A,2025-10-01,14:13,Soft,7f 205y,Mogwli (IRE),Megan Telford-Kelly,10,W McCreery,1st,N/A,8,9-12v,56,True,20,34
N/A,2025-10-01,14:48,Soft,7f 205y,Imposing Supreme (IRE),Rory Mulligan,7,T Gibney,PU,N/A,9,10-2,72,True,20,35
N/A,2025-10-01,14:48,Soft,7f 205y,Pachmena (IRE),Leigh Roche,0,M J Smith,14th,9 l,8,10-1ht,71,True,20,35
N/A,2025-10-01,14:48,Soft,7f 205y,Heart Of Darkness,Sam Coen,7,A McGuinness,13th,1 3/4 l,4,9-9p1,65,True,20,35
N/A,2025-10-01,14:48,Soft,7f 205y,Comfort Line (IRE),Adam Caffrey,0,A McGuinness,12th,3/4 l,8,9-9v,65,True,20,35
N/A,2025-10-01,14:48,Soft,7f 205y,Port Louis (IRE),Colin Keane,0,N Meade,11th,Neck,4,9-12,68,True,20,35
N/A,2025-10-01,14:48,Soft,7f 205y,Ferrybank,C D Hayes,0,T M Walsh,10th,2 l,7,9-6tb,62,True,20,35
N/A,2025-10-01,14:48,Soft,7f 205y,William F Browne (IRE),Dylan Browne McMonagle,0,P W Flynn,9th,4 3/4 l,3,9-7b,66,True,20,35
N/A,2025-10-01,14:48,Soft,7f 205y,Brandon Creek,J Cleary,5,Gerard O'Leary,8th,3/4 l,3,9-2,61,True,20,35
N/A,2025-10-01,14:48,Soft,7f 205y,Virgil Tibbs (IRE),Nathan Crosse,0,J C McConnell,7th,1 3/4 l,3,9-2,61,True,20,35
N/A,2025-10-01,14:48,Soft,7f 205y,Rampage (IRE),J J G Ryan,0,T G McCourt,6th,3/4 l,6,9-7tv,63,True,20,35
N/A,2025-10-01,14:48,Soft,7f 205y,Still She Blooms,R C Colgan,0,C Timmons,5th,1 1/4 l,4,9-8h,64,True,20,35
N/A,2025-10-01,14:48,Soft,7f 205y,The Blue Panther (IRE),Nicola Burns,7,R P Burns,4th,2 l,7,9-5p,61,True,20,35
N/A,2025-10-01,14:48,Soft,7f 205y,Dragon Of Malta (IRE),J Pietropaolo,7,P F O'Donnell,3rd,3/4 l,8,10-12tb,82,True,20,35
N/A,2025-10-01,14:48,Soft,7f 205y,Tofino (IRE),Gary Carroll,0,G P Cromwell,2nd,6 l,3,9-7,66,True,20,35
N/A,2025-10-01,14:48,Soft,7f 205y,Ribee (IRE),Wesley Joyce,3,M Mulvany,1st,N/A,3,9-3t1,62,True,20,35
N/A,2025-10-01,14:48,Soft,7f 205y,Imposing Supreme (IRE),Rory Mulligan,7,T Gibney,PU,N/A,9,10-2,72,True,20,35
N/A,2025-10-01,14:48,Soft,7f 205y,Pachmena (IRE),Leigh Roche,0,M J Smith,14th,9 l,8,10-1ht,71,True,20,35
N/A,2025-10-01,14:48,Soft,7f 205y,Heart Of Darkness,Sam Coen,7,A McGuinness,13th,1 3/4 l,4,9-9p1,65,True,20,35
N/A,2025-10-01,14:48,Soft,7f 205y,Comfort Line (IRE),Adam Caffrey,0,A McGuinness,12th,3/4 l,8,9-9v,65,True,20,35
N/A,2025-10-01,14:48,Soft,7f 205y,Port Louis (IRE),Colin Keane,0,N Meade,11th,Neck,4,9-12,68,True,20,35
N/A,2025-10-01,14:48,Soft,7f 205y,Ferrybank,C D Hayes,0,T M Walsh,10th,2 l,7,9-6tb,62,True,20,35
N/A,2025-10-01,14:48,Soft,7f 205y,William F Browne (IRE),Dylan Browne McMonagle,0,P W Flynn,9th,4 3/4 l,3,9-7b,66,True,20,35
N/A,2025-10-01,14:48,Soft,7f 205y,Brandon Creek,J Cleary,5,Gerard O'Leary,8th,3/4 l,3,9-2,61,True,20,35
N/A,2025-10-01,14:48,Soft,7f 205y,Virgil Tibbs (IRE),Nathan Crosse,0,J C McConnell,7th,1 3/4 l,3,9-2,61,True,20,35
N/A,2025-10-01,14:48,Soft,7f 205y,Rampage (IRE),J J G Ryan,0,T G McCourt,6th,3/4 l,6,9-7tv,63,True,20,35
N/A,2025-10-01,14:48,Soft,7f 205y,Still She Blooms,R C Colgan,0,C Timmons,5th,1 1/4 l,4,9-8h,64,True,20,35
N/A,2025-10-01,14:48,Soft,7f 205y,The Blue Panther (IRE),Nicola Burns,7,R P Burns,4th,2 l,7,9-5p,61,True,20,35
N/A,2025-10-01,14:48,Soft,7f 205y,Dragon Of Malta (IRE),J Pietropaolo,7,P F O'Donnell,3rd,3/4 l,8,10-12tb,82,True,20,35
N/A,2025-10-01,14:48,Soft,7f 205y,Tofino (IRE),Gary Carroll,0,G P Cromwell,2nd,6 l,3,9-7,66,True,20,35
N/A,2025-10-01,14:48,Soft,7f 205y,Ribee (IRE),Wesley Joyce,3,M Mulvany,1st,N/A,3,9-3t1,62,True,20,35
N/A,2025-10-01,15:23,Soft,5f 3y,Miss Travers (IRE),Gary Carroll,0,J G Murphy,7th,5 1/2 l,3,9-3,-,True,20,36
N/A,2025-10-01,15:23,Soft,5f 3y,Be Good Or Begone (IRE),Shane Foley,0,Daniel Murphy,6th,1/2 l,3,9-3,-,True,20,36
N/A,2025-10-01,15:23,Soft,5f 3y,She's A Gift,C D Hayes,0,J C McConnell,5th,8 1/2 l,3,9-3,-,True,20,36
N/A,2025-10-01,15:23,Soft,5f 3y,Snowballs (IRE),Nathan Crosse,0,W McCreery,4th,3 1/4 l,3,9-8,-,True,20,36
N/A,2025-10-01,15:23,Soft,5f 3y,Star Allure (IRE),R P Cleary,0,C O'Connell,3rd,3/4 l,3,9-3b1,34,True,20,36
N/A,2025-10-01,15:23,Soft,5f 3y,Glory To Be (IRE),Dylan Browne McMonagle,0,M C Grassick,2nd,3 l,3,9-3b1,68,True,20,36
N/A,2025-10-01,15:23,Soft,5f 3y,Arklow Lad (IRE),D P McDonogh,0,K P Cotter,1st,N/A,3,9-8t,69,True,20,36
N/A,2025-10-01,15:23,Soft,5f 3y,Miss Travers (IRE),Gary Carroll,0,J G Murphy,7th,5 1/2 l,3,9-3,-,True,20,36
N/A,2025-10-01,15:23,Soft,5f 3y,Be Good Or Begone (IRE),Shane Foley,0,Daniel Murphy,6th,1/2 l,3,9-3,-,True,20,36
N/A,2025-10-01,15:23,Soft,5f 3y,She's A Gift,C D Hayes,0,J C McConnell,5th,8 1/2 l,3,9-3,-,True,20,36
N/A,2025-10-01,15:23,Soft,5f 3y,Snowballs (IRE),Nathan Crosse,0,W McCreery,4th,3 1/4 l,3,9-8,-,True,20,36
N/A,2025-10-01,15:23,Soft,5f 3y,Star Allure (IRE),R P Cleary,0,C O'Connell,3rd,3/4 l,3,9-3b1,34,True,20,36
N/A,2025-10-01,15:23,Soft,5f 3y,Glory To Be (IRE),Dylan Browne McMonagle,0,M C Grassick,2nd,3 l,3,9-3b1,68,True,20,36
N/A,2025-10-01,15:23,Soft,5f 3y,Arklow Lad (IRE),D P McDonogh,0,K P Cotter,1st,N/A,3,9-8t,69,True,20,36
N/A,2025-10-01,15:58,Soft,5f 3y,Kilmood Susan (IRE),Shane Foley,0,Daniel Murphy,10th,11 l,3,9-6b,72,True,20,37
N/A,2025-10-01,15:58,Soft,5f 3y,Beauty Queen (IRE),J Cleary,5,Gerard O'Leary,9th,2 l,3,10-2h,82,True,20,37
N/A,2025-10-01,15:58,Soft,5f 3y,Mint Man,Ronan Whelan,0,P J F Murphy,8th,Neck,4,9-10t,76,True,20,37
N/A,2025-10-01,15:58,Soft,5f 3y,Sporting Hero,Seamie Heffernan,0,D Hogan,7th,Neck,5,9-6b,72,True,20,37
N/A,2025-10-01,15:58,Soft,5f 3y,Aurora Nova (IRE),Nicola Burns,7,A McNamara,6th,1/2 l,6,9-7,73,True,20,37
N/A,2025-10-01,15:58,Soft,5f 3y,Skillman Ave (IRE),Ross Coakley,0,J C McConnell,5th,3/4 l,3,9-3,69,True,20,37
N/A,2025-10-01,15:58,Soft,5f 3y,Dontspoilasale (IRE),Luke McAteer,0,D Hogan,4th,1 1/2 l,5,9-9b1,75,True,20,37
N/A,2025-10-01,15:58,Soft,5f 3y,Emerald Harmony (IRE),Ben Coen,0,J P Murtagh,3rd,1/2 l,4,9-11,77,True,20,37
N/A,2025-10-01,15:58,Soft,5f 3y,Escaping Thejungle (IRE),Colin Keane,0,E D Delany,2nd,1/2 l,5,9-7,73,True,20,37
N/A,2025-10-01,15:58,Soft,5f 3y,Nezeeh (IRE),J M Sheridan,0,D Hogan,1st,N/A,4,10-4b,84,True,20,37
N/A,2025-10-01,15:58,Soft,5f 3y,Kilmood Susan (IRE),Shane Foley,0,Daniel Murphy,10th,11 l,3,9-6b,72,True,20,37
N/A,2025-10-01,15:58,Soft,5f 3y,Beauty Queen (IRE),J Cleary,5,Gerard O'Leary,9th,2 l,3,10-2h,82,True,20,37
N/A,2025-10-01,15:58,Soft,5f 3y,Mint Man,Ronan Whelan,0,P J F Murphy,8th,Neck,4,9-10t,76,True,20,37
N/A,2025-10-01,15:58,Soft,5f 3y,Sporting Hero,Seamie Heffernan,0,D Hogan,7th,Neck,5,9-6b,72,True,20,37
N/A,2025-10-01,15:58,Soft,5f 3y,Aurora Nova (IRE),Nicola Burns,7,A McNamara,6th,1/2 l,6,9-7,73,True,20,37
N/A,2025-10-01,15:58,Soft,5f 3y,Skillman Ave (IRE),Ross Coakley,0,J C McConnell,5th,3/4 l,3,9-3,69,True,20,37
N/A,2025-10-01,15:58,Soft,5f 3y,Dontspoilasale (IRE),Luke McAteer,0,D Hogan,4th,1 1/2 l,5,9-9b1,75,True,20,37
N/A,2025-10-01,15:58,Soft,5f 3y,Emerald Harmony (IRE),Ben Coen,0,J P Murtagh,3rd,1/2 l,4,9-11,77,True,20,37
N/A,2025-10-01,15:58,Soft,5f 3y,Escaping Thejungle (IRE),Colin Keane,0,E D Delany,2nd,1/2 l,5,9-7,73,True,20,37
N/A,2025-10-01,15:58,Soft,5f 3y,Nezeeh (IRE),J M Sheridan,0,D Hogan,1st,N/A,4,10-4b,84,True,20,37
N/A,2025-10-01,16:33,Soft,1m 4f 110y,The Mighty Penny (IRE),A S Grant,4,J C McConnell,9th,10 l,4,8-12b1,54,True,20,38
N/A,2025-10-01,16:33,Soft,1m 4f 110y,Breathe Again (IRE),R Donaghue-Leahy,0,S Lavery,8th,1 l,4,9-6,62,True,20,38
N/A,2025-10-01,16:33,Soft,1m 4f 110y,Share The Treasure (IRE),Darragh O'Sullivan,0,T Hogan,7th,1 3/4 l,4,8-7,44,True,20,38
N/A,2025-10-01,16:33,Soft,1m 4f 110y,Sir Callisto (IRE),Rory Mulligan,0,A J Martin,6th,2 1/4 l,5,10-5t,75,True,20,38
N/A,2025-10-01,16:33,Soft,1m 4f 110y,Arch Enemy (IRE),J Pietropaolo,2,P Magee,5th,3 1/2 l,6,9-10,66,True,20,38
N/A,2025-10-01,16:33,Soft,1m 4f 110y,Miss Australie (IRE),Sam Coen,0,A McGuinness,4th,3 3/4 l,4,9-7,63,True,20,38
N/A,2025-10-01,16:33,Soft,1m 4f 110y,Capital Theory,Patrick McGettigan,0,H D McGuigan,3rd,2 1/2 l,6,10-0,70,True,20,38
N/A,2025-10-01,16:33,Soft,1m 4f 110y,Maxwell Smart (IRE),Sadhbh Tormey,4,T G McCourt,2nd,5 l,4,8-13,55,True,20,38
N/A,2025-10-01,16:33,Soft,1m 4f 110y,Duke Of Leggagh (IRE),T Casey,4,M Mulvany,1st,N/A,5,9-13t,69,True,20,38
N/A,2025-10-01,16:33,Soft,1m 4f 110y,The Mighty Penny (IRE),A S Grant,4,J C McConnell,9th,10 l,4,8-12b1,54,True,20,38
N/A,2025-10-01,16:33,Soft,1m 4f 110y,Breathe Again (IRE),R Donaghue-Leahy,0,S Lavery,8th,1 l,4,9-6,62,True,20,38
N/A,2025-10-01,16:33,Soft,1m 4f 110y,Share The Treasure (IRE),Darragh O'Sullivan,0,T Hogan,7th,1 3/4 l,4,8-7,44,True,20,38
N/A,2025-10-01,16:33,Soft,1m 4f 110y,Sir Callisto (IRE),Rory Mulligan,0,A J Martin,6th,2 1/4 l,5,10-5t,75,True,20,38
N/A,2025-10-01,16:33,Soft,1m 4f 110y,Arch Enemy (IRE),J Pietropaolo,2,P Magee,5th,3 1/2 l,6,9-10,66,True,20,38
N/A,2025-10-01,16:33,Soft,1m 4f 110y,Miss Australie (IRE),Sam Coen,0,A McGuinness,4th,3 3/4 l,4,9-7,63,True,20,38
N/A,2025-10-01,16:33,Soft,1m 4f 110y,Capital Theory,Patrick McGettigan,0,H D McGuigan,3rd,2 1/2 l,6,10-0,70,True,20,38
N/A,2025-10-01,16:33,Soft,1m 4f 110y,Maxwell Smart (IRE),Sadhbh Tormey,4,T G McCourt,2nd,5 l,4,8-13,55,True,20,38
N/A,2025-10-01,16:33,Soft,1m 4f 110y,Duke Of Leggagh (IRE),T Casey,4,M Mulvany,1st,N/A,5,9-13t,69,True,20,38
N/A,2025-10-01,17:08,Soft,1m 4f 110y,San Franco (IRE),Nicola Burns,7,D A McLoughlin,11th,99 l,5,10-0p,-,True,20,39
N/A,2025-10-01,17:08,Soft,1m 4f 110y,Stone Rulya (IRE),Colin Keane,0,G M Lyons,10th,Neck,3,9-8,-,True,20,39
N/A,2025-10-01,17:08,Soft,1m 4f 110y,Royal Impact (IRE),J J G Ryan,0,J Davison,9th,3 l,3,9-8,-,True,20,39
N/A,2025-10-01,17:08,Soft,1m 4f 110y,Eastern Blue Bird (IRE),Seamie Heffernan,0,P A Fahy,8th,Neck,4,10-0,-,True,20,39
N/A,2025-10-01,17:08,Soft,1m 4f 110y,Onaqui (IRE),Dylan Browne McMonagle,0,J P O'Brien,7th,3 l,3,9-3,-,True,20,39
N/A,2025-10-01,17:08,Soft,1m 4f 110y,Bobby Kirova,Luke McAteer,0,P J F Murphy,6th,1 1/2 l,3,9-8,-,True,20,39
N/A,2025-10-01,17:08,Soft,1m 4f 110y,Cala Gracioneta (IRE),R C Colgan,0,M J Smith,5th,Neck,3,9-3,-,True,20,39
N/A,2025-10-01,17:08,Soft,1m 4f 110y,Jr Mahon (IRE),Sam Coen,7,Ian Donoghue,4th,2 1/2 l,3,9-8,69,True,20,39
N/A,2025-10-01,17:08,Soft,1m 4f 110y,Mcloughlin (IRE),Gary Carroll,0,G P Cromwell,3rd,Head,3,9-8p1,-,True,20,39
N/A,2025-10-01,17:08,Soft,1m 4f 110y,Likewhatyousee (USA),R P Cleary,0,C W J Farrell,2nd,4 l,3,9-3,-,True,20,39
N/A,2025-10-01,17:08,Soft,1m 4f 110y,Lifting Sails (IRE),Shane Foley,0,Mrs J Harrington,1st,N/A,3,9-3,-,True,20,39
N/A,2025-10-01,17:08,Soft,1m 4f 110y,San Franco (IRE),Nicola Burns,7,D A McLoughlin,11th,99 l,5,10-0p,-,True,20,39
N/A,2025-10-01,17:08,Soft,1m 4f 110y,Stone Rulya (IRE),Colin Keane,0,G M Lyons,10th,Neck,3,9-8,-,True,20,39
N/A,2025-10-01,17:08,Soft,1m 4f 110y,Royal Impact (IRE),J J G Ryan,0,J Davison,9th,3 l,3,9-8,-,True,20,39
N/A,2025-10-01,17:08,Soft,1m 4f 110y,Eastern Blue Bird (IRE),Seamie Heffernan,0,P A Fahy,8th,Neck,4,10-0,-,True,20,39
N/A,2025-10-01,17:08,Soft,1m 4f 110y,Onaqui (IRE),Dylan Browne McMonagle,0,J P O'Brien,7th,3 l,3,9-3,-,True,20,39
N/A,2025-10-01,17:08,Soft,1m 4f 110y,Bobby Kirova,Luke McAteer,0,P J F Murphy,6th,1 1/2 l,3,9-8,-,True,20,39
N/A,2025-10-01,17:08,Soft,1m 4f 110y,Cala Gracioneta (IRE),R C Colgan,0,M J Smith,5th,Neck,3,9-3,-,True,20,39
N/A,2025-10-01,17:08,Soft,1m 4f 110y,Jr Mahon (IRE),Sam Coen,7,Ian Donoghue,4th,2 1/2 l,3,9-8,69,True,20,39
N/A,2025-10-01,17:08,Soft,1m 4f 110y,Mcloughlin (IRE),Gary Carroll,0,G P Cromwell,3rd,Head,3,9-8p1,-,True,20,39
N/A,2025-10-01,17:08,Soft,1m 4f 110y,Likewhatyousee (USA),R P Cleary,0,C W J Farrell,2nd,4 l,3,9-3,-,True,20,39
N/A,2025-10-01,17:08,Soft,1m 4f 110y,Lifting Sails (IRE),Shane Foley,0,Mrs J Harrington,1st,N/A,3,9-3,-,True,20,39
Sligo Racing Results | 1st October 2025 13:50,2025-10-01,13:50,Yielding,2m 1f 120y,Redwood Queen (IRE),Eoin Staples,7,C Collins,UR,N/A,8,11-7,-,True,20,40
Sligo Racing Results | 1st October 2025 13:50,2025-10-01,13:50,Yielding,2m 1f 120y,Costanuci (IRE),Brian Hayes,0,J Queally,4th,49 l,8,11-7,110,True,20,40
Sligo Racing Results | 1st October 2025 13:50,2025-10-01,13:50,Yielding,2m 1f 120y,True Testimony (IRE),Keith Donoghue,0,Ian Donoghue,3rd,1 3/4 l,6,11-7,124,True,20,40
Sligo Racing Results | 1st October 2025 13:50,2025-10-01,13:50,Yielding,2m 1f 120y,Ad Caelum (IRE),Danny Mullins,0,J P Ryan,2nd,24 l,6,11-7,-,True,20,40
Sligo Racing Results | 1st October 2025 13:50,2025-10-01,13:50,Yielding,2m 1f 120y,Jalila Moriviere (FR),P Townend,0,W P Mullins,1st,N/A,6,11-7t,-,True,20,40
Sligo Racing Results | 1st October 2025 13:50,2025-10-01,13:50,Yielding,2m 1f 120y,Redwood Queen (IRE),Eoin Staples,7,C Collins,UR,N/A,8,11-7,-,True,20,40
Sligo Racing Results | 1st October 2025 13:50,2025-10-01,13:50,Yielding,2m 1f 120y,Costanuci (IRE),Brian Hayes,0,J Queally,4th,49 l,8,11-7,110,True,20,40
Sligo Racing Results | 1st October 2025 13:50,2025-10-01,13:50,Yielding,2m 1f 120y,True Testimony (IRE),Keith Donoghue,0,Ian Donoghue,3rd,1 3/4 l,6,11-7,124,True,20,40
Sligo Racing Results | 1st October 2025 13:50,2025-10-01,13:50,Yielding,2m 1f 120y,Ad Caelum (IRE),Danny Mullins,0,J P Ryan,2nd,24 l,6,11-7,-,True,20,40
Sligo Racing Results | 1st October 2025 13:50,2025-10-01,13:50,Yielding,2m 1f 120y,Jalila Moriviere (FR),P Townend,0,W P Mullins,1st,N/A,6,11-7t,-,True,20,40
Sligo Racing Results | 1st October 2025 14:25,2025-10-01,14:25,Yielding,2m 1f 120y,Zeeband (IRE),Jack Gilligan,5,P J Gilligan,PU,N/A,8,11-12t,-,True,20,41
Sligo Racing Results | 1st October 2025 14:25,2025-10-01,14:25,Yielding,2m 1f 120y,Telecon,Tiernan Power Roche,5,P J Rothwell,F,N/A,8,11-12,-,True,20,41
Sligo Racing Results | 1st October 2025 14:25,2025-10-01,14:25,Yielding,2m 1f 120y,Tonaghneave Well (IRE),Kieren Buckley,0,G P Cromwell,6th,28 l,5,11-12,-,True,20,41
Sligo Racing Results | 1st October 2025 14:25,2025-10-01,14:25,Yielding,2m 1f 120y,Jet Setting Jim (IRE),J J Slevin,0,J Queally,5th,2 3/4 l,8,11-12,130,True,20,41
Sligo Racing Results | 1st October 2025 14:25,2025-10-01,14:25,Yielding,2m 1f 120y,Sporting Glory (IRE),Jack Kennedy,0,G Elliott,4th,4 3/4 l,9,11-12,-,True,20,41
Sligo Racing Results | 1st October 2025 14:25,2025-10-01,14:25,Yielding,2m 1f 120y,Nowwhatdoyouthink (IRE),Danny Gilligan,0,R Hackett,3rd,2 1/4 l,6,11-12t,-,True,20,41
Sligo Racing Results | 1st October 2025 14:25,2025-10-01,14:25,Yielding,2m 1f 120y,Blaze The Way (IRE),Danny Mullins,0,Ms M Mullins,2nd,1 3/4 l,7,11-12,-,True,20,41
Sligo Racing Results | 1st October 2025 14:25,2025-10-01,14:25,Yielding,2m 1f 120y,Addragoole (IRE),Keith Donoghue,0,G P Cromwell,1st,N/A,6,11-12,-,True,20,41
Sligo Racing Results | 1st October 2025 14:25,2025-10-01,14:25,Yielding,2m 1f 120y,Zeeband (IRE),Jack Gilligan,5,P J Gilligan,PU,N/A,8,11-12t,-,True,20,41
Sligo Racing Results | 1st October 2025 14:25,2025-10-01,14:25,Yielding,2m 1f 120y,Telecon,Tiernan Power Roche,5,P J Rothwell,F,N/A,8,11-12,-,True,20,41
Sligo Racing Results | 1st October 2025 14:25,2025-10-01,14:25,Yielding,2m 1f 120y,Tonaghneave Well (IRE),Kieren Buckley,0,G P Cromwell,6th,28 l,5,11-12,-,True,20,41
Sligo Racing Results | 1st October 2025 14:25,2025-10-01,14:25,Yielding,2m 1f 120y,Jet Setting Jim (IRE),J J Slevin,0,J Queally,5th,2 3/4 l,8,11-12,130,True,20,41
Sligo Racing Results | 1st October 2025 14:25,2025-10-01,14:25,Yielding,2m 1f 120y,Sporting Glory (IRE),Jack Kennedy,0,G Elliott,4th,4 3/4 l,9,11-12,-,True,20,41
Sligo Racing Results | 1st October 2025 14:25,2025-10-01,14:25,Yielding,2m 1f 120y,Nowwhatdoyouthink (IRE),Danny Gilligan,0,R Hackett,3rd,2 1/4 l,6,11-12t,-,True,20,41
Sligo Racing Results | 1st October 2025 14:25,2025-10-01,14:25,Yielding,2m 1f 120y,Blaze The Way (IRE),Danny Mullins,0,Ms M Mullins,2nd,1 3/4 l,7,11-12,-,True,20,41
Sligo Racing Results | 1st October 2025 14:25,2025-10-01,14:25,Yielding,2m 1f 120y,Addragoole (IRE),Keith Donoghue,0,G P Cromwell,1st,N/A,6,11-12,-,True,20,41
Sligo Racing Results | 1st October 2025 15:00,2025-10-01,15:00,Yielding,2m 1f 120y,In The Trenches,Keith Donoghue,0,G P Cromwell,F,N/A,5,11-6,114,True,20,42
Sligo Racing Results | 1st October 2025 15:00,2025-10-01,15:00,Yielding,2m 1f 120y,Saint Peregrine (IRE),Conor Clarke,7,J P Ryan,F,N/A,6,10-3,97,True,20,42
Sligo Racing Results | 1st October 2025 15:00,2025-10-01,15:00,Yielding,2m 1f 120y,Metamorpheus (IRE),Alex Harvey,0,R O'Brien,4th,7 1/2 l,6,11-1,109,True,20,42
Sligo Racing Results | 1st October 2025 15:00,2025-10-01,15:00,Yielding,2m 1f 120y,Spinning Web (IRE),Danny Mullins,0,Ms M Mullins,3rd,7 1/2 l,5,12-2t,124,True,20,42
Sligo Racing Results | 1st October 2025 15:00,2025-10-01,15:00,Yielding,2m 1f 120y,Clonshire River (IRE),Kieren Buckley,0,E & P Harty,2nd,3 1/2 l,8,11-9t,117,True,20,42
Sligo Racing Results | 1st October 2025 15:00,2025-10-01,15:00,Yielding,2m 1f 120y,Sayitfirst (IRE),G Brouder,3,D Collins,1st,N/A,9,10-0,89,True,20,42
Sligo Racing Results | 1st October 2025 15:00,2025-10-01,15:00,Yielding,2m 1f 120y,In The Trenches,Keith Donoghue,0,G P Cromwell,F,N/A,5,11-6,114,True,20,42
Sligo Racing Results | 1st October 2025 15:00,2025-10-01,15:00,Yielding,2m 1f 120y,Saint Peregrine (IRE),Conor Clarke,7,J P Ryan,F,N/A,6,10-3,97,True,20,42
Sligo Racing Results | 1st October 2025 15:00,2025-10-01,15:00,Yielding,2m 1f 120y,Metamorpheus (IRE),Alex Harvey,0,R O'Brien,4th,7 1/2 l,6,11-1,109,True,20,42
Sligo Racing Results | 1st October 2025 15:00,2025-10-01,15:00,Yielding,2m 1f 120y,Spinning Web (IRE),Danny Mullins,0,Ms M Mullins,3rd,7 1/2 l,5,12-2t,124,True,20,42
Sligo Racing Results | 1st October 2025 15:00,2025-10-01,15:00,Yielding,2m 1f 120y,Clonshire River (IRE),Kieren Buckley,0,E & P Harty,2nd,3 1/2 l,8,11-9t,117,True,20,42
Sligo Racing Results | 1st October 2025 15:00,2025-10-01,15:00,Yielding,2m 1f 120y,Sayitfirst (IRE),G Brouder,3,D Collins,1st,N/A,9,10-0,89,True,20,42
Sligo Racing Results | 1st October 2025 15:35,2025-10-01,15:35,Yielding,2m 5f 27y,Hatfield Hammer (IRE),Eoin Staples,7,P Nolan,PU,N/A,6,11-12p,98,True,20,43
Sligo Racing Results | 1st October 2025 15:35,2025-10-01,15:35,Yielding,2m 5f 27y,Mr Eastwood (IRE),P F Kavanagh,7,R Hackett,10th,26 l,8,11-12t,-,True,20,43
Sligo Racing Results | 1st October 2025 15:35,2025-10-01,15:35,Yielding,2m 5f 27y,Quarry Tiepy (IRE),P Townend,0,W P Mullins,9th,20 l,8,11-5t1,-,True,20,43
Sligo Racing Results | 1st October 2025 15:35,2025-10-01,15:35,Yielding,2m 5f 27y,Tyson (GER),Sean O'Keeffe,0,P Nolan,8th,2 1/4 l,5,11-12h,-,True,20,43
Sligo Racing Results | 1st October 2025 15:35,2025-10-01,15:35,Yielding,2m 5f 27y,Captain P (IRE),J C Gainford,0,C Collins,7th,4 1/2 l,5,11-12tp,-,True,20,43
Sligo Racing Results | 1st October 2025 15:35,2025-10-01,15:35,Yielding,2m 5f 27y,Whiskey Serenade,Keith Donoghue,0,G P Cromwell,6th,Head,5,11-5,-,True,20,43
Sligo Racing Results | 1st October 2025 15:35,2025-10-01,15:35,Yielding,2m 5f 27y,Vroomvroomboo (IRE),Philip Donovan,3,James Andrew Fahey,5th,12 l,7,11-5t,-,True,20,43
Sligo Racing Results | 1st October 2025 15:35,2025-10-01,15:35,Yielding,2m 5f 27y,Rebellious Gale (IRE),Kevin Sexton,0,A J Martin,4th,1 1/2 l,9,11-12t,92,True,20,43
Sligo Racing Results | 1st October 2025 15:35,2025-10-01,15:35,Yielding,2m 5f 27y,Fremantle Doctor (IRE),Ben Harvey,0,J C McConnell,3rd,6 l,7,11-12t,-,True,20,43
Sligo Racing Results | 1st October 2025 15:35,2025-10-01,15:35,Yielding,2m 5f 27y,Hurricane Honey (IRE),Kieren Buckley,0,A Murray,2nd,Neck,6,11-5t,93,True,20,43
Sligo Racing Results | 1st October 2025 15:35,2025-10-01,15:35,Yielding,2m 5f 27y,Stretchemout (IRE),Jack Kennedy,0,G Elliott,1st,N/A,5,11-5tp,-,True,20,43
Sligo Racing Results | 1st October 2025 15:35,2025-10-01,15:35,Yielding,2m 5f 27y,Hatfield Hammer (IRE),Eoin Staples,7,P Nolan,PU,N/A,6,11-12p,98,True,20,43
Sligo Racing Results | 1st October 2025 15:35,2025-10-01,15:35,Yielding,2m 5f 27y,Mr Eastwood (IRE),P F Kavanagh,7,R Hackett,10th,26 l,8,11-12t,-,True,20,43
Sligo Racing Results | 1st October 2025 15:35,2025-10-01,15:35,Yielding,2m 5f 27y,Quarry Tiepy (IRE),P Townend,0,W P Mullins,9th,20 l,8,11-5t1,-,True,20,43
Sligo Racing Results | 1st October 2025 15:35,2025-10-01,15:35,Yielding,2m 5f 27y,Tyson (GER),Sean O'Keeffe,0,P Nolan,8th,2 1/4 l,5,11-12h,-,True,20,43
Sligo Racing Results | 1st October 2025 15:35,2025-10-01,15:35,Yielding,2m 5f 27y,Captain P (IRE),J C Gainford,0,C Collins,7th,4 1/2 l,5,11-12tp,-,True,20,43
Sligo Racing Results | 1st October 2025 15:35,2025-10-01,15:35,Yielding,2m 5f 27y,Whiskey Serenade,Keith Donoghue,0,G P Cromwell,6th,Head,5,11-5,-,True,20,43
Sligo Racing Results | 1st October 2025 15:35,2025-10-01,15:35,Yielding,2m 5f 27y,Vroomvroomboo (IRE),Philip Donovan,3,James Andrew Fahey,5th,12 l,7,11-5t,-,True,20,43
Sligo Racing Results | 1st October 2025 15:35,2025-10-01,15:35,Yielding,2m 5f 27y,Rebellious Gale (IRE),Kevin Sexton,0,A J Martin,4th,1 1/2 l,9,11-12t,92,True,20,43
Sligo Racing Results | 1st October 2025 15:35,2025-10-01,15:35,Yielding,2m 5f 27y,Fremantle Doctor (IRE),Ben Harvey,0,J C McConnell,3rd,6 l,7,11-12t,-,True,20,43
Sligo Racing Results | 1st October 2025 15:35,2025-10-01,15:35,Yielding,2m 5f 27y,Hurricane Honey (IRE),Kieren Buckley,0,A Murray,2nd,Neck,6,11-5t,93,True,20,43
Sligo Racing Results | 1st October 2025 15:35,2025-10-01,15:35,Yielding,2m 5f 27y,Stretchemout (IRE),Jack Kennedy,0,G Elliott,1st,N/A,5,11-5tp,-,True,20,43
Sligo Racing Results | 1st October 2025 16:10,2025-10-01,16:10,Yielding,2m 5f 27y,Walk In The Dark (IRE),Danny Mullins,0,Brendan Walsh,PU,N/A,8,12-0,99,True,20,44
Sligo Racing Results | 1st October 2025 16:10,2025-10-01,16:10,Yielding,2m 5f 27y,St Anthonys Corner (IRE),J J Slevin,0,N Lee,11th,30 l,5,11-1p1,86,True,20,44
Sligo Racing Results | 1st October 2025 16:10,2025-10-01,16:10,Yielding,2m 5f 27y,Aliunde (IRE),Phillip Enright,0,M M McNiff,10th,16 l,8,10-13t,84,True,20,44
Sligo Racing Results | 1st October 2025 16:10,2025-10-01,16:10,Yielding,2m 5f 27y,Futurum Regem (IRE),Ben Harvey,0,H P Finegan,9th,4 1/4 l,9,11-5p,90,True,20,44
Sligo Racing Results | 1st October 2025 16:10,2025-10-01,16:10,Yielding,2m 5f 27y,Sydney Cruiser (IRE),Eoghan Finegan,7,Ciaran Murphy,8th,7 1/2 l,7,11-0p,85,True,20,44
Sligo Racing Results | 1st October 2025 16:10,2025-10-01,16:10,Yielding,2m 5f 27y,Likable Chancer (IRE),S O'Callaghan,5,D Howard,7th,1 l,11,10-12tb,83,True,20,44
Sligo Racing Results | 1st October 2025 16:10,2025-10-01,16:10,Yielding,2m 5f 27y,Feast (IRE),Anna McGuinness,7,P J McKenna,6th,1 3/4 l,8,10-5,76,True,20,44
Sligo Racing Results | 1st October 2025 16:10,2025-10-01,16:10,Yielding,2m 5f 27y,Fr Gilligansvoyge,Patrick M O'Brien,5,John G Carr,5th,8 1/2 l,12,10-0tv,68,True,20,44
Sligo Racing Results | 1st October 2025 16:10,2025-10-01,16:10,Yielding,2m 5f 27y,Cornmarket (IRE),Alan King,7,John Cullen,4th,2 3/4 l,6,11-9,94,True,20,44
Sligo Racing Results | 1st October 2025 16:10,2025-10-01,16:10,Yielding,2m 5f 27y,Moonshine Girl (IRE),Danny Gilligan,0,P J Gilligan,3rd,3/4 l,6,10-5,76,True,20,44
Sligo Racing Results | 1st October 2025 16:10,2025-10-01,16:10,Yielding,2m 5f 27y,Due Course (IRE),Keith Donoghue,0,G P Cromwell,2nd,1 3/4 l,7,11-12tb1,97,True,20,44
Sligo Racing Results | 1st October 2025 16:10,2025-10-01,16:10,Yielding,2m 5f 27y,The Striker Dylan (IRE),Brian Hayes,0,L P Cusack,1st,N/A,7,11-9,94,True,20,44
Sligo Racing Results | 1st October 2025 16:10,2025-10-01,16:10,Yielding,2m 5f 27y,Walk In The Dark (IRE),Danny Mullins,0,Brendan Walsh,PU,N/A,8,12-0,99,True,20,44
Sligo Racing Results | 1st October 2025 16:10,2025-10-01,16:10,Yielding,2m 5f 27y,St Anthonys Corner (IRE),J J Slevin,0,N Lee,11th,30 l,5,11-1p1,86,True,20,44
Sligo Racing Results | 1st October 2025 16:10,2025-10-01,16:10,Yielding,2m 5f 27y,Aliunde (IRE),Phillip Enright,0,M M McNiff,10th,16 l,8,10-13t,84,True,20,44
Sligo Racing Results | 1st October 2025 16:10,2025-10-01,16:10,Yielding,2m 5f 27y,Futurum Regem (IRE),Ben Harvey,0,H P Finegan,9th,4 1/4 l,9,11-5p,90,True,20,44
Sligo Racing Results | 1st October 2025 16:10,2025-10-01,16:10,Yielding,2m 5f 27y,Sydney Cruiser (IRE),Eoghan Finegan,7,Ciaran Murphy,8th,7 1/2 l,7,11-0p,85,True,20,44
Sligo Racing Results | 1st October 2025 16:10,2025-10-01,16:10,Yielding,2m 5f 27y,Likable Chancer (IRE),S O'Callaghan,5,D Howard,7th,1 l,11,10-12tb,83,True,20,44
Sligo Racing Results | 1st October 2025 16:10,2025-10-01,16:10,Yielding,2m 5f 27y,Feast (IRE),Anna McGuinness,7,P J McKenna,6th,1 3/4 l,8,10-5,76,True,20,44
Sligo Racing Results | 1st October 2025 16:10,2025-10-01,16:10,Yielding,2m 5f 27y,Fr Gilligansvoyge,Patrick M O'Brien,5,John G Carr,5th,8 1/2 l,12,10-0tv,68,True,20,44
Sligo Racing Results | 1st October 2025 16:10,2025-10-01,16:10,Yielding,2m 5f 27y,Cornmarket (IRE),Alan King,7,John Cullen,4th,2 3/4 l,6,11-9,94,True,20,44
Sligo Racing Results | 1st October 2025 16:10,2025-10-01,16:10,Yielding,2m 5f 27y,Moonshine Girl (IRE),Danny Gilligan,0,P J Gilligan,3rd,3/4 l,6,10-5,76,True,20,44
Sligo Racing Results | 1st October 2025 16:10,2025-10-01,16:10,Yielding,2m 5f 27y,Due Course (IRE),Keith Donoghue,0,G P Cromwell,2nd,1 3/4 l,7,11-12tb1,97,True,20,44
Sligo Racing Results | 1st October 2025 16:10,2025-10-01,16:10,Yielding,2m 5f 27y,The Striker Dylan (IRE),Brian Hayes,0,L P Cusack,1st,N/A,7,11-9,94,True,20,44
Sligo Racing Results | 1st October 2025 16:43,2025-10-01,16:43,Yielding,2m 5f 27y,Huntsgrove (IRE),Harry Sexton,7,J P Ryan,5th,37 l,7,11-4,-,True,20,45
Sligo Racing Results | 1st October 2025 16:43,2025-10-01,16:43,Yielding,2m 5f 27y,A Penny A Hundred (FR),P Townend,0,W P Mullins,4th,4 l,6,11-3,132,True,20,45
Sligo Racing Results | 1st October 2025 16:43,2025-10-01,16:43,Yielding,2m 5f 27y,Fascile Mode (IRE),Danny Mullins,0,T Mullins,3rd,1/2 l,7,11-10p,133,True,20,45
Sligo Racing Results | 1st October 2025 16:43,2025-10-01,16:43,Yielding,2m 5f 27y,Jesse Evans (IRE),Donagh Meyler,0,N Meade,2nd,3 3/4 l,9,11-10t,151,True,20,45
Sligo Racing Results | 1st October 2025 16:43,2025-10-01,16:43,Yielding,2m 5f 27y,Riaan (IRE),Danny Gilligan,0,G Elliott,1st,N/A,8,11-10p,132,True,20,45
Sligo Racing Results | 1st October 2025 16:43,2025-10-01,16:43,Yielding,2m 5f 27y,Huntsgrove (IRE),Harry Sexton,7,J P Ryan,5th,37 l,7,11-4,-,True,20,45
Sligo Racing Results | 1st October 2025 16:43,2025-10-01,16:43,Yielding,2m 5f 27y,A Penny A Hundred (FR),P Townend,0,W P Mullins,4th,4 l,6,11-3,132,True,20,45
Sligo Racing Results | 1st October 2025 16:43,2025-10-01,16:43,Yielding,2m 5f 27y,Fascile Mode (IRE),Danny Mullins,0,T Mullins,3rd,1/2 l,7,11-10p,133,True,20,45
Sligo Racing Results | 1st October 2025 16:43,2025-10-01,16:43,Yielding,2m 5f 27y,Jesse Evans (IRE),Donagh Meyler,0,N Meade,2nd,3 3/4 l,9,11-10t,151,True,20,45
Sligo Racing Results | 1st October 2025 16:43,2025-10-01,16:43,Yielding,2m 5f 27y,Riaan (IRE),Danny Gilligan,0,G Elliott,1st,N/A,8,11-10p,132,True,20,45
Sligo Racing Results | 1st October 2025 17:18,2025-10-01,17:18,Yielding,3m 1f 182y,Ardaghs Choice (IRE),Harry Sexton,7,E Sheehy,UR,N/A,10,11-4b,90,True,20,46
Sligo Racing Results | 1st October 2025 17:18,2025-10-01,17:18,Yielding,3m 1f 182y,Eddies Pride (IRE),Michael Kenneally,7,N Lee,10th,13 l,11,10-7ht,79,True,20,46
Sligo Racing Results | 1st October 2025 17:18,2025-10-01,17:18,Yielding,3m 1f 182y,Game And Glory (IRE),Tiernan Power Roche,5,P J Rothwell,9th,1/2 l,9,10-8p,80,True,20,46
Sligo Racing Results | 1st October 2025 17:18,2025-10-01,17:18,Yielding,3m 1f 182y,Will It Be You (IRE),R Deegan,0,L P Cusack,8th,11 l,8,10-8,80,True,20,46
Sligo Racing Results | 1st October 2025 17:18,2025-10-01,17:18,Yielding,3m 1f 182y,John Storey (IRE),Mr P W Gleeson,7,L P Cusack,7th,19 l,7,11-11p1,97,True,20,46
Sligo Racing Results | 1st October 2025 17:18,2025-10-01,17:18,Yielding,3m 1f 182y,The Little Yank (IRE),Eoin Staples,7,J P Ryan,6th,6 l,10,11-10b,96,True,20,46
Sligo Racing Results | 1st October 2025 17:18,2025-10-01,17:18,Yielding,3m 1f 182y,Seventy Eight Team (IRE),Jack Gilligan,5,P J Gilligan,5th,1 l,7,10-12,84,True,20,46
Sligo Racing Results | 1st October 2025 17:18,2025-10-01,17:18,Yielding,3m 1f 182y,Broken Ice (IRE),D A Kidd,7,J C McConnell,4th,5 1/2 l,9,12-0t,100,True,20,46
Sligo Racing Results | 1st October 2025 17:18,2025-10-01,17:18,Yielding,3m 1f 182y,He Fitz In (IRE),Danny Mullins,0,D E Fitzgerald,3rd,Head,9,11-1b,87,True,20,46
Sligo Racing Results | 1st October 2025 17:18,2025-10-01,17:18,Yielding,3m 1f 182y,Tennesse Boy (IRE),Phillip Enright,0,R Tyner,2nd,1/2 l,6,10-0t,72,True,20,46
Sligo Racing Results | 1st October 2025 17:18,2025-10-01,17:18,Yielding,3m 1f 182y,Ballagh Star (IRE),Danny Gilligan,0,Mrs Y Dunleavy,1st,N/A,7,11-1tp,87,True,20,46
Sligo Racing Results | 1st October 2025 17:18,2025-10-01,17:18,Yielding,3m 1f 182y,Ardaghs Choice (IRE),Harry Sexton,7,E Sheehy,UR,N/A,10,11-4b,90,True,20,46
Sligo Racing Results | 1st October 2025 17:18,2025-10-01,17:18,Yielding,3m 1f 182y,Eddies Pride (IRE),Michael Kenneally,7,N Lee,10th,13 l,11,10-7ht,79,True,20,46
Sligo Racing Results | 1st October 2025 17:18,2025-10-01,17:18,Yielding,3m 1f 182y,Game And Glory (IRE),Tiernan Power Roche,5,P J Rothwell,9th,1/2 l,9,10-8p,80,True,20,46
Sligo Racing Results | 1st October 2025 17:18,2025-10-01,17:18,Yielding,3m 1f 182y,Will It Be You (IRE),R Deegan,0,L P Cusack,8th,11 l,8,10-8,80,True,20,46
Sligo Racing Results | 1st October 2025 17:18,2025-10-01,17:18,Yielding,3m 1f 182y,John Storey (IRE),Mr P W Gleeson,7,L P Cusack,7th,19 l,7,11-11p1,97,True,20,46
Sligo Racing Results | 1st October 2025 17:18,2025-10-01,17:18,Yielding,3m 1f 182y,The Little Yank (IRE),Eoin Staples,7,J P Ryan,6th,6 l,10,11-10b,96,True,20,46
Sligo Racing Results | 1st October 2025 17:18,2025-10-01,17:18,Yielding,3m 1f 182y,Seventy Eight Team (IRE),Jack Gilligan,5,P J Gilligan,5th,1 l,7,10-12,84,True,20,46
Sligo Racing Results | 1st October 2025 17:18,2025-10-01,17:18,Yielding,3m 1f 182y,Broken Ice (IRE),D A Kidd,7,J C McConnell,4th,5 1/2 l,9,12-0t,100,True,20,46
Sligo Racing Results | 1st October 2025 17:18,2025-10-01,17:18,Yielding,3m 1f 182y,He Fitz In (IRE),Danny Mullins,0,D E Fitzgerald,3rd,Head,9,11-1b,87,True,20,46
Sligo Racing Results | 1st October 2025 17:18,2025-10-01,17:18,Yielding,3m 1f 182y,Tennesse Boy (IRE),Phillip Enright,0,R Tyner,2nd,1/2 l,6,10-0t,72,True,20,46
Sligo Racing Results | 1st October 2025 17:18,2025-10-01,17:18,Yielding,3m 1f 182y,Ballagh Star (IRE),Danny Gilligan,0,Mrs Y Dunleavy,1st,N/A,7,11-1tp,87,True,20,46
N/A,2025-10-02,13:35,Soft,7f 195y,Farabove The Limit (IRE),C T Hayes,0,G Elliott,11th,2 3/4 l,2,9-10b1,68,True,20,47
N/A,2025-10-02,13:35,Soft,7f 195y,Dialin For Dollars (IRE),Nathan Crosse,0,D Marnane,10th,1/2 l,2,8-9p1,53,True,20,47
N/A,2025-10-02,13:35,Soft,7f 195y,Maker's Mark (IRE),J J G Ryan,0,T G McCourt,9th,7 l,2,9-6,64,True,20,47
N/A,2025-10-02,13:35,Soft,7f 195y,War Saint (IRE),Ben Coen,0,J P Murtagh,8th,5 1/2 l,2,9-4p1,62,True,20,47
N/A,2025-10-02,13:35,Soft,7f 195y,Chapel Island (IRE),Wesley Joyce,3,M Mulvany,7th,Head,2,9-12t,70,True,20,47
N/A,2025-10-02,13:35,Soft,7f 195y,Jewels Legacy (IRE),Alan Persse,7,M A Cahill,6th,1 1/4 l,2,8-7p1,47,True,20,47
N/A,2025-10-02,13:35,Soft,7f 195y,Green Universe (IRE),D P McDonogh,0,J P O'Brien,5th,1/2 l,2,9-0b1,58,True,20,47
N/A,2025-10-02,13:35,Soft,7f 195y,Mr Tony (IRE),Wayne Hassett,3,J P O'Brien,4th,3/4 l,2,8-11,55,True,20,47
N/A,2025-10-02,13:35,Soft,7f 195y,Blessings To You (IRE),J M Sheridan,0,J A Stack,3rd,2 1/4 l,2,8-13b1,57,True,20,47
N/A,2025-10-02,13:35,Soft,7f 195y,Down The Glen (IRE),Shane Foley,0,R O'Sullivan,2nd,5 l,2,9-5,63,True,20,47
N/A,2025-10-02,13:35,Soft,7f 195y,Synners Kid (IRE),Dylan Browne McMonagle,0,J P O'Brien,1st,N/A,2,10-2t,74,True,20,47
N/A,2025-10-02,13:35,Soft,7f 195y,Farabove The Limit (IRE),C T Hayes,0,G Elliott,11th,2 3/4 l,2,9-10b1,68,True,20,47
N/A,2025-10-02,13:35,Soft,7f 195y,Dialin For Dollars (IRE),Nathan Crosse,0,D Marnane,10th,1/2 l,2,8-9p1,53,True,20,47
N/A,2025-10-02,13:35,Soft,7f 195y,Maker's Mark (IRE),J J G Ryan,0,T G McCourt,9th,7 l,2,9-6,64,True,20,47
N/A,2025-10-02,13:35,Soft,7f 195y,War Saint (IRE),Ben Coen,0,J P Murtagh,8th,5 1/2 l,2,9-4p1,62,True,20,47
N/A,2025-10-02,13:35,Soft,7f 195y,Chapel Island (IRE),Wesley Joyce,3,M Mulvany,7th,Head,2,9-12t,70,True,20,47
N/A,2025-10-02,13:35,Soft,7f 195y,Jewels Legacy (IRE),Alan Persse,7,M A Cahill,6th,1 1/4 l,2,8-7p1,47,True,20,47
N/A,2025-10-02,13:35,Soft,7f 195y,Green Universe (IRE),D P McDonogh,0,J P O'Brien,5th,1/2 l,2,9-0b1,58,True,20,47
N/A,2025-10-02,13:35,Soft,7f 195y,Mr Tony (IRE),Wayne Hassett,3,J P O'Brien,4th,3/4 l,2,8-11,55,True,20,47
N/A,2025-10-02,13:35,Soft,7f 195y,Blessings To You (IRE),J M Sheridan,0,J A Stack,3rd,2 1/4 l,2,8-13b1,57,True,20,47
N/A,2025-10-02,13:35,Soft,7f 195y,Down The Glen (IRE),Shane Foley,0,R O'Sullivan,2nd,5 l,2,9-5,63,True,20,47
N/A,2025-10-02,13:35,Soft,7f 195y,Synners Kid (IRE),Dylan Browne McMonagle,0,J P O'Brien,1st,N/A,2,10-2t,74,True,20,47
N/A,2025-10-02,14:05,Soft,7f 195y,Vocology (IRE),R C Colgan,0,Thomas Coyle,8th,1/2 l,4,9-6,-,True,20,48
N/A,2025-10-02,14:05,Soft,7f 195y,Maarisha,Adam Browne-Souza,7,W P Browne,7th,20 l,3,9-3,69,True,20,48
N/A,2025-10-02,14:05,Soft,7f 195y,Tina's Charm (IRE),Adam Caffrey,0,D K Weld,6th,1/2 l,3,9-3,74,True,20,48
N/A,2025-10-02,14:05,Soft,7f 195y,Joyful Princess (IRE),K G Kennedy,5,Mrs J Harrington,5th,3 1/4 l,3,9-3,76,True,20,48
N/A,2025-10-02,14:05,Soft,7f 195y,Tea Rose (IRE),J Cleary,5,A P O'Brien,4th,2 l,3,9-3,-,True,20,48
N/A,2025-10-02,14:05,Soft,7f 195y,Beautiful Affair (IRE),H J Horgan,5,J P O'Brien,3rd,1 1/4 l,3,9-3p,66,True,20,48
N/A,2025-10-02,14:05,Soft,7f 195y,Thru And Thru (IRE),Nicola Burns,7,Rory Devine,2nd,Head,3,9-3t,-,True,20,48
N/A,2025-10-02,14:05,Soft,7f 195y,Tswalu (IRE),J Pietropaolo,7,J P O'Brien,1st,N/A,3,9-3,80,True,20,48
N/A,2025-10-02,14:05,Soft,7f 195y,Vocology (IRE),R C Colgan,0,Thomas Coyle,8th,1/2 l,4,9-6,-,True,20,48
N/A,2025-10-02,14:05,Soft,7f 195y,Maarisha,Adam Browne-Souza,7,W P Browne,7th,20 l,3,9-3,69,True,20,48
N/A,2025-10-02,14:05,Soft,7f 195y,Tina's Charm (IRE),Adam Caffrey,0,D K Weld,6th,1/2 l,3,9-3,74,True,20,48
N/A,2025-10-02,14:05,Soft,7f 195y,Joyful Princess (IRE),K G Kennedy,5,Mrs J Harrington,5th,3 1/4 l,3,9-3,76,True,20,48
N/A,2025-10-02,14:05,Soft,7f 195y,Tea Rose (IRE),J Cleary,5,A P O'Brien,4th,2 l,3,9-3,-,True,20,48
N/A,2025-10-02,14:05,Soft,7f 195y,Beautiful Affair (IRE),H J Horgan,5,J P O'Brien,3rd,1 1/4 l,3,9-3p,66,True,20,48
N/A,2025-10-02,14:05,Soft,7f 195y,Thru And Thru (IRE),Nicola Burns,7,Rory Devine,2nd,Head,3,9-3t,-,True,20,48
N/A,2025-10-02,14:05,Soft,7f 195y,Tswalu (IRE),J Pietropaolo,7,J P O'Brien,1st,N/A,3,9-3,80,True,20,48
N/A,2025-10-02,14:35,Soft,7f 195y,Morethan Ambitions (USA),Andrew Slattery,0,A Slattery,10th,12 l,3,9-11t1,55,True,20,49
N/A,2025-10-02,14:35,Soft,7f 195y,Petite Madame (IRE),Neve Bennett,7,J P Fahey,9th,14 l,3,8-10,40,True,20,49
N/A,2025-10-02,14:35,Soft,7f 195y,Beat The Devil (IRE),R C Colgan,0,P Magee,8th,2 1/4 l,3,9-7t,51,True,20,49
N/A,2025-10-02,14:35,Soft,7f 195y,Marzanda (IRE),R Whearty,0,T G McCourt,7th,6 l,3,10-2p1,60,True,20,49
N/A,2025-10-02,14:35,Soft,7f 195y,Wasittheway (IRE),J J G Ryan,0,T G McCourt,6th,1/2 l,3,9-3v,47,True,20,49
N/A,2025-10-02,14:35,Soft,7f 195y,Stiorra (IRE),J S Dalton,10,A Slattery,5th,2 1/4 l,3,9-8tb1,52,True,20,49
N/A,2025-10-02,14:35,Soft,7f 195y,Eric Lock,Emily Grifferty,10,N Meade,4th,Nose,3,9-10,54,True,20,49
N/A,2025-10-02,14:35,Soft,7f 195y,Romantic War (IRE),Wesley Joyce,3,J G Murray,3rd,4 3/4 l,3,8-13p,43,True,20,49
N/A,2025-10-02,14:35,Soft,7f 195y,Givehertilxmas (IRE),Colin Keane,0,G Keane,2nd,1/2 l,3,9-13,57,True,20,49
N/A,2025-10-02,14:35,Soft,7f 195y,Edergole's Angel (IRE),Megan Telford-Kelly,10,W McCreery,1st,N/A,3,9-11v,55,True,20,49
N/A,2025-10-02,14:35,Soft,7f 195y,Morethan Ambitions (USA),Andrew Slattery,0,A Slattery,10th,12 l,3,9-11t1,55,True,20,49
N/A,2025-10-02,14:35,Soft,7f 195y,Petite Madame (IRE),Neve Bennett,7,J P Fahey,9th,14 l,3,8-10,40,True,20,49
N/A,2025-10-02,14:35,Soft,7f 195y,Beat The Devil (IRE),R C Colgan,0,P Magee,8th,2 1/4 l,3,9-7t,51,True,20,49
N/A,2025-10-02,14:35,Soft,7f 195y,Marzanda (IRE),R Whearty,0,T G McCourt,7th,6 l,3,10-2p1,60,True,20,49
N/A,2025-10-02,14:35,Soft,7f 195y,Wasittheway (IRE),J J G Ryan,0,T G McCourt,6th,1/2 l,3,9-3v,47,True,20,49
N/A,2025-10-02,14:35,Soft,7f 195y,Stiorra (IRE),J S Dalton,10,A Slattery,5th,2 1/4 l,3,9-8tb1,52,True,20,49
N/A,2025-10-02,14:35,Soft,7f 195y,Eric Lock,Emily Grifferty,10,N Meade,4th,Nose,3,9-10,54,True,20,49
N/A,2025-10-02,14:35,Soft,7f 195y,Romantic War (IRE),Wesley Joyce,3,J G Murray,3rd,4 3/4 l,3,8-13p,43,True,20,49
N/A,2025-10-02,14:35,Soft,7f 195y,Givehertilxmas (IRE),Colin Keane,0,G Keane,2nd,1/2 l,3,9-13,57,True,20,49
N/A,2025-10-02,14:35,Soft,7f 195y,Edergole's Angel (IRE),Megan Telford-Kelly,10,W McCreery,1st,N/A,3,9-11v,55,True,20,49
N/A,2025-10-02,15:10,Soft,7f 195y,Everylittlestep (IRE),D P McDonogh,0,Yvonne Latta,9th,1 3/4 l,7,8-12tp1,64,True,20,50
N/A,2025-10-02,15:10,Soft,7f 195y,Storm Averted (IRE),Terry Casey,10,M Mulvany,8th,3 l,4,9-7t,73,True,20,50
N/A,2025-10-02,15:10,Soft,7f 195y,Mile End,Billy Lee,0,Ciaran Murphy,7th,Head,5,9-8p,74,True,20,50
N/A,2025-10-02,15:10,Soft,7f 195y,Banner Beauty (IRE),Ronan Whelan,0,E Buckley,6th,Nose,3,9-9,78,True,20,50
N/A,2025-10-02,15:10,Soft,7f 195y,Electric Beauty (IRE),Wesley Joyce,3,M Mulvany,5th,2 1/2 l,3,9-3,72,True,20,50
N/A,2025-10-02,15:10,Soft,7f 195y,Fast Tara (IRE),Luke McAteer,0,P W Flynn,4th,Head,5,9-9,75,True,20,50
N/A,2025-10-02,15:10,Soft,7f 195y,Vega's Muse,Shane Foley,0,Mrs J Harrington,3rd,1/2 l,3,9-6p,75,True,20,50
N/A,2025-10-02,15:10,Soft,7f 195y,Gloriously Glam (IRE),Adam Caffrey,0,A McGuinness,2nd,2 1/2 l,3,9-6p,75,True,20,50
N/A,2025-10-02,15:10,Soft,7f 195y,Shavasi (IRE),Dylan Browne McMonagle,0,J P O'Brien,1st,N/A,4,9-12,78,True,20,50
N/A,2025-10-02,15:10,Soft,7f 195y,Everylittlestep (IRE),D P McDonogh,0,Yvonne Latta,9th,1 3/4 l,7,8-12tp1,64,True,20,50
N/A,2025-10-02,15:10,Soft,7f 195y,Storm Averted (IRE),Terry Casey,10,M Mulvany,8th,3 l,4,9-7t,73,True,20,50
N/A,2025-10-02,15:10,Soft,7f 195y,Mile End,Billy Lee,0,Ciaran Murphy,7th,Head,5,9-8p,74,True,20,50
N/A,2025-10-02,15:10,Soft,7f 195y,Banner Beauty (IRE),Ronan Whelan,0,E Buckley,6th,Nose,3,9-9,78,True,20,50
N/A,2025-10-02,15:10,Soft,7f 195y,Electric Beauty (IRE),Wesley Joyce,3,M Mulvany,5th,2 1/2 l,3,9-3,72,True,20,50
N/A,2025-10-02,15:10,Soft,7f 195y,Fast Tara (IRE),Luke McAteer,0,P W Flynn,4th,Head,5,9-9,75,True,20,50
N/A,2025-10-02,15:10,Soft,7f 195y,Vega's Muse,Shane Foley,0,Mrs J Harrington,3rd,1/2 l,3,9-6p,75,True,20,50
N/A,2025-10-02,15:10,Soft,7f 195y,Gloriously Glam (IRE),Adam Caffrey,0,A McGuinness,2nd,2 1/2 l,3,9-6p,75,True,20,50
N/A,2025-10-02,15:10,Soft,7f 195y,Shavasi (IRE),Dylan Browne McMonagle,0,J P O'Brien,1st,N/A,4,9-12,78,True,20,50
