track_name,race_date,race_time,going,distance,horse_name,jockey,claims,trainer,race_position,lost_by_length,age,weight,rating,first_place_found,batch_number,url_index_in_batch
Killarney Racing Results | 6th October 2025 14:13,2025-10-06,14:13,Soft (Soft To Heavy In Places),1m 30y,Eliza Garfield (IRE),Ronan Whelan,0,T Doyle,8th,6 l,3,9-3,-,True,22,1
Killarney Racing Results | 6th October 2025 14:13,2025-10-06,14:13,Soft (Soft To Heavy In Places),1m 30y,Petrol Head (IRE),Seamie Heffernan,0,H D McGuigan,7th,2 1/4 l,9,9-11,48,True,22,1
Killarney Racing Results | 6th October 2025 14:13,2025-10-06,14:13,Soft (Soft To Heavy In Places),1m 30y,Pure Granite (IRE),Leigh Roche,0,John M Harney,6th,3 l,3,9-8,-,True,22,1
Killarney Racing Results | 6th October 2025 14:13,2025-10-06,14:13,Soft (Soft To Heavy In Places),1m 30y,Radient Man (IRE),Shane Foley,0,J J Murphy,5th,3 1/2 l,3,9-8,-,True,22,1
Killarney Racing Results | 6th October 2025 14:13,2025-10-06,14:13,Soft (Soft To Heavy In Places),1m 30y,Galley Point (IRE),Killian Leonard,0,T J O'Mara,4th,1/2 l,3,9-8,-,True,22,1
Killarney Racing Results | 6th October 2025 14:13,2025-10-06,14:13,Soft (Soft To Heavy In Places),1m 30y,Sigliosa,Colin Keane,0,J J Murphy,3rd,Short Head,3,9-8,75,True,22,1
Killarney Racing Results | 6th October 2025 14:13,2025-10-06,14:13,Soft (Soft To Heavy In Places),1m 30y,Green Kite (IRE),R P Cleary,0,Kevin Coleman,2nd,5 1/2 l,3,9-8,-,True,22,1
Killarney Racing Results | 6th October 2025 14:13,2025-10-06,14:13,Soft (Soft To Heavy In Places),1m 30y,Lady Lilac (IRE),Gary Carroll,0,J G Murphy,1st,N/A,3,9-3,78,True,22,1
Killarney Racing Results | 6th October 2025 14:13,2025-10-06,14:13,Soft (Soft To Heavy In Places),1m 30y,Eliza Garfield (IRE),Ronan Whelan,0,T Doyle,8th,6 l,3,9-3,-,True,22,1
Killarney Racing Results | 6th October 2025 14:13,2025-10-06,14:13,Soft (Soft To Heavy In Places),1m 30y,Petrol Head (IRE),Seamie Heffernan,0,H D McGuigan,7th,2 1/4 l,9,9-11,48,True,22,1
Killarney Racing Results | 6th October 2025 14:13,2025-10-06,14:13,Soft (Soft To Heavy In Places),1m 30y,Pure Granite (IRE),Leigh Roche,0,John M Harney,6th,3 l,3,9-8,-,True,22,1
Killarney Racing Results | 6th October 2025 14:13,2025-10-06,14:13,Soft (Soft To Heavy In Places),1m 30y,Radient Man (IRE),Shane Foley,0,J J Murphy,5th,3 1/2 l,3,9-8,-,True,22,1
Killarney Racing Results | 6th October 2025 14:13,2025-10-06,14:13,Soft (Soft To Heavy In Places),1m 30y,Galley Point (IRE),Killian Leonard,0,T J O'Mara,4th,1/2 l,3,9-8,-,True,22,1
Killarney Racing Results | 6th October 2025 14:13,2025-10-06,14:13,Soft (Soft To Heavy In Places),1m 30y,Sigliosa,Colin Keane,0,J J Murphy,3rd,Short Head,3,9-8,75,True,22,1
Killarney Racing Results | 6th October 2025 14:13,2025-10-06,14:13,Soft (Soft To Heavy In Places),1m 30y,Green Kite (IRE),R P Cleary,0,Kevin Coleman,2nd,5 1/2 l,3,9-8,-,True,22,1
Killarney Racing Results | 6th October 2025 14:13,2025-10-06,14:13,Soft (Soft To Heavy In Places),1m 30y,Lady Lilac (IRE),Gary Carroll,0,J G Murphy,1st,N/A,3,9-3,78,True,22,1
Killarney Racing Results | 6th October 2025 14:48,2025-10-06,14:48,Soft,1m 30y,Toy Soldier (IRE),J Pietropaolo,7,Maurice Ahern,11th,2 1/2 l,3,10-1,71,True,22,2
Killarney Racing Results | 6th October 2025 14:48,2025-10-06,14:48,Soft,1m 30y,De Boode (IRE),Colin Keane,0,G M Lyons,10th,1/2 l,3,9-10,66,True,22,2
Killarney Racing Results | 6th October 2025 14:48,2025-10-06,14:48,Soft,1m 30y,Staywitherjohnny (IRE),Ben Coen,0,Ciaran Murphy,9th,3/4 l,3,9-6p1,62,True,22,2
Killarney Racing Results | 6th October 2025 14:48,2025-10-06,14:48,Soft,1m 30y,Report To Station (IRE),Ronan Whelan,0,J P Fahey,8th,2 l,3,9-10,66,True,22,2
Killarney Racing Results | 6th October 2025 14:48,2025-10-06,14:48,Soft,1m 30y,Casheldale Lass (IRE),R C Colgan,0,A Kinirons,7th,4 1/2 l,3,9-7,63,True,22,2
Killarney Racing Results | 6th October 2025 14:48,2025-10-06,14:48,Soft,1m 30y,Sheamus Seimhiu (IRE),Nicola Burns,7,C Timmons,6th,3 1/4 l,3,9-6,62,True,22,2
Killarney Racing Results | 6th October 2025 14:48,2025-10-06,14:48,Soft,1m 30y,Obscenity (IRE),D P McDonogh,0,J P O'Brien,5th,1 1/4 l,3,9-9,65,True,22,2
Killarney Racing Results | 6th October 2025 14:48,2025-10-06,14:48,Soft,1m 30y,Justenzia (IRE),J M Sheridan,0,D Hogan,4th,Neck,3,9-10p,66,True,22,2
Killarney Racing Results | 6th October 2025 14:48,2025-10-06,14:48,Soft,1m 30y,Ribee (IRE),Wesley Joyce,3,M Mulvany,3rd,3/4 l,3,9-13t,62,True,22,2
Killarney Racing Results | 6th October 2025 14:48,2025-10-06,14:48,Soft,1m 30y,Skippinandajumpin (IRE),Dylan Browne McMonagle,0,J P O'Brien,2nd,1 1/4 l,3,9-2,58,True,22,2
Killarney Racing Results | 6th October 2025 14:48,2025-10-06,14:48,Soft,1m 30y,Spanish Temptress (IRE),Billy Lee,0,R O'Brien,1st,N/A,3,9-9,65,True,22,2
Killarney Racing Results | 6th October 2025 14:48,2025-10-06,14:48,Soft,1m 30y,Toy Soldier (IRE),J Pietropaolo,7,Maurice Ahern,11th,2 1/2 l,3,10-1,71,True,22,2
Killarney Racing Results | 6th October 2025 14:48,2025-10-06,14:48,Soft,1m 30y,De Boode (IRE),Colin Keane,0,G M Lyons,10th,1/2 l,3,9-10,66,True,22,2
Killarney Racing Results | 6th October 2025 14:48,2025-10-06,14:48,Soft,1m 30y,Staywitherjohnny (IRE),Ben Coen,0,Ciaran Murphy,9th,3/4 l,3,9-6p1,62,True,22,2
Killarney Racing Results | 6th October 2025 14:48,2025-10-06,14:48,Soft,1m 30y,Report To Station (IRE),Ronan Whelan,0,J P Fahey,8th,2 l,3,9-10,66,True,22,2
Killarney Racing Results | 6th October 2025 14:48,2025-10-06,14:48,Soft,1m 30y,Casheldale Lass (IRE),R C Colgan,0,A Kinirons,7th,4 1/2 l,3,9-7,63,True,22,2
Killarney Racing Results | 6th October 2025 14:48,2025-10-06,14:48,Soft,1m 30y,Sheamus Seimhiu (IRE),Nicola Burns,7,C Timmons,6th,3 1/4 l,3,9-6,62,True,22,2
Killarney Racing Results | 6th October 2025 14:48,2025-10-06,14:48,Soft,1m 30y,Obscenity (IRE),D P McDonogh,0,J P O'Brien,5th,1 1/4 l,3,9-9,65,True,22,2
Killarney Racing Results | 6th October 2025 14:48,2025-10-06,14:48,Soft,1m 30y,Justenzia (IRE),J M Sheridan,0,D Hogan,4th,Neck,3,9-10p,66,True,22,2
Killarney Racing Results | 6th October 2025 14:48,2025-10-06,14:48,Soft,1m 30y,Ribee (IRE),Wesley Joyce,3,M Mulvany,3rd,3/4 l,3,9-13t,62,True,22,2
Killarney Racing Results | 6th October 2025 14:48,2025-10-06,14:48,Soft,1m 30y,Skippinandajumpin (IRE),Dylan Browne McMonagle,0,J P O'Brien,2nd,1 1/4 l,3,9-2,58,True,22,2
Killarney Racing Results | 6th October 2025 14:48,2025-10-06,14:48,Soft,1m 30y,Spanish Temptress (IRE),Billy Lee,0,R O'Brien,1st,N/A,3,9-9,65,True,22,2
Killarney Racing Results | 6th October 2025 15:23,2025-10-06,15:23,Soft,1m 30y,Drish Melody (IRE),Shane Foley,0,Ian O'Connor,15th,6 1/2 l,6,8-10p,40,True,22,3
Killarney Racing Results | 6th October 2025 15:23,2025-10-06,15:23,Soft,1m 30y,Wrist Art (IRE),Sam Coen,7,T Doyle,14th,4 3/4 l,8,9-10,54,True,22,3
Killarney Racing Results | 6th October 2025 15:23,2025-10-06,15:23,Soft,1m 30y,Bella Mistiko (IRE),J S Dalton,10,E Sheehy,13th,3/4 l,4,9-1tp,45,True,22,3
Killarney Racing Results | 6th October 2025 15:23,2025-10-06,15:23,Soft,1m 30y,Angels Instead (IRE),Leigh Roche,0,Miss Jennifer Anne Lynch,12th,14 l,3,9-5,52,True,22,3
Killarney Racing Results | 6th October 2025 15:23,2025-10-06,15:23,Soft,1m 30y,Jacks Inn (IRE),Wayne Hassett,3,John M Harney,11th,3/4 l,4,8-13,43,True,22,3
Killarney Racing Results | 6th October 2025 15:23,2025-10-06,15:23,Soft,1m 30y,Wasittheway (IRE),J J G Ryan,0,T G McCourt,10th,2 l,3,9-0v,47,True,22,3
Killarney Racing Results | 6th October 2025 15:23,2025-10-06,15:23,Soft,1m 30y,Carvalhal (IRE),Nicola Burns,7,R P Burns,9th,Neck,4,9-9b,53,True,22,3
Killarney Racing Results | 6th October 2025 15:23,2025-10-06,15:23,Soft,1m 30y,Starting Monday (IRE),Billy Lee,0,G Scott,8th,1 1/2 l,8,9-11p,55,True,22,3
Killarney Racing Results | 6th October 2025 15:23,2025-10-06,15:23,Soft,1m 30y,Hell Left Loose,C D Hayes,0,D Hogan,7th,Head,9,8-10tp,40,True,22,3
Killarney Racing Results | 6th October 2025 15:23,2025-10-06,15:23,Soft,1m 30y,Half Nutz (IRE),Ronan Whelan,0,T O'Brien,6th,Neck,8,9-3,47,True,22,3
Killarney Racing Results | 6th October 2025 15:23,2025-10-06,15:23,Soft,1m 30y,Vierson (IRE),Patrick McGettigan,7,Ciaran Murphy,5th,1/2 l,4,10-4,62,True,22,3
Killarney Racing Results | 6th October 2025 15:23,2025-10-06,15:23,Soft,1m 30y,Lady Delila (IRE),R P Cleary,0,C P Donoghue,4th,1/2 l,5,8-10,40,True,22,3
Killarney Racing Results | 6th October 2025 15:23,2025-10-06,15:23,Soft,1m 30y,Super Exceed (IRE),Seamie Heffernan,0,T Mullins,3rd,Nose,4,10-2h,60,True,22,3
Killarney Racing Results | 6th October 2025 15:23,2025-10-06,15:23,Soft,1m 30y,Swiss Army Officer (IRE),J Pietropaolo,7,Kevin Coleman,2nd,1/2 l,10,8-10,40,True,22,3
Killarney Racing Results | 6th October 2025 15:23,2025-10-06,15:23,Soft,1m 30y,Draiocht (IRE),Killian Leonard,0,T J O'Mara,1st,N/A,5,8-10,40,True,22,3
Killarney Racing Results | 6th October 2025 15:23,2025-10-06,15:23,Soft,1m 30y,Drish Melody (IRE),Shane Foley,0,Ian O'Connor,15th,6 1/2 l,6,8-10p,40,True,22,3
Killarney Racing Results | 6th October 2025 15:23,2025-10-06,15:23,Soft,1m 30y,Wrist Art (IRE),Sam Coen,7,T Doyle,14th,4 3/4 l,8,9-10,54,True,22,3
Killarney Racing Results | 6th October 2025 15:23,2025-10-06,15:23,Soft,1m 30y,Bella Mistiko (IRE),J S Dalton,10,E Sheehy,13th,3/4 l,4,9-1tp,45,True,22,3
Killarney Racing Results | 6th October 2025 15:23,2025-10-06,15:23,Soft,1m 30y,Angels Instead (IRE),Leigh Roche,0,Miss Jennifer Anne Lynch,12th,14 l,3,9-5,52,True,22,3
Killarney Racing Results | 6th October 2025 15:23,2025-10-06,15:23,Soft,1m 30y,Jacks Inn (IRE),Wayne Hassett,3,John M Harney,11th,3/4 l,4,8-13,43,True,22,3
Killarney Racing Results | 6th October 2025 15:23,2025-10-06,15:23,Soft,1m 30y,Wasittheway (IRE),J J G Ryan,0,T G McCourt,10th,2 l,3,9-0v,47,True,22,3
Killarney Racing Results | 6th October 2025 15:23,2025-10-06,15:23,Soft,1m 30y,Carvalhal (IRE),Nicola Burns,7,R P Burns,9th,Neck,4,9-9b,53,True,22,3
Killarney Racing Results | 6th October 2025 15:23,2025-10-06,15:23,Soft,1m 30y,Starting Monday (IRE),Billy Lee,0,G Scott,8th,1 1/2 l,8,9-11p,55,True,22,3
Killarney Racing Results | 6th October 2025 15:23,2025-10-06,15:23,Soft,1m 30y,Hell Left Loose,C D Hayes,0,D Hogan,7th,Head,9,8-10tp,40,True,22,3
Killarney Racing Results | 6th October 2025 15:23,2025-10-06,15:23,Soft,1m 30y,Half Nutz (IRE),Ronan Whelan,0,T O'Brien,6th,Neck,8,9-3,47,True,22,3
Killarney Racing Results | 6th October 2025 15:23,2025-10-06,15:23,Soft,1m 30y,Vierson (IRE),Patrick McGettigan,7,Ciaran Murphy,5th,1/2 l,4,10-4,62,True,22,3
Killarney Racing Results | 6th October 2025 15:23,2025-10-06,15:23,Soft,1m 30y,Lady Delila (IRE),R P Cleary,0,C P Donoghue,4th,1/2 l,5,8-10,40,True,22,3
Killarney Racing Results | 6th October 2025 15:23,2025-10-06,15:23,Soft,1m 30y,Super Exceed (IRE),Seamie Heffernan,0,T Mullins,3rd,Nose,4,10-2h,60,True,22,3
Killarney Racing Results | 6th October 2025 15:23,2025-10-06,15:23,Soft,1m 30y,Swiss Army Officer (IRE),J Pietropaolo,7,Kevin Coleman,2nd,1/2 l,10,8-10,40,True,22,3
Killarney Racing Results | 6th October 2025 15:23,2025-10-06,15:23,Soft,1m 30y,Draiocht (IRE),Killian Leonard,0,T J O'Mara,1st,N/A,5,8-10,40,True,22,3
Killarney Racing Results | 6th October 2025 15:58,2025-10-06,15:58,Soft,1m 3f 50y,Carrara,Seamie Heffernan,0,A J Martin,7th,21 l,3,9-3,77,True,22,4
Killarney Racing Results | 6th October 2025 15:58,2025-10-06,15:58,Soft,1m 3f 50y,A Pearl Starling (IRE),Ronan Whelan,0,K J Condon,6th,1 1/4 l,3,9-3,-,True,22,4
Killarney Racing Results | 6th October 2025 15:58,2025-10-06,15:58,Soft,1m 3f 50y,Darragh Cross (IRE),Colin Keane,0,G M Lyons,5th,12 l,3,9-3,-,True,22,4
Killarney Racing Results | 6th October 2025 15:58,2025-10-06,15:58,Soft,1m 3f 50y,Alexa Next (IRE),Wayne Hassett,3,M Hassett,4th,Neck,3,9-3,67,True,22,4
Killarney Racing Results | 6th October 2025 15:58,2025-10-06,15:58,Soft,1m 3f 50y,Marazion (IRE),Shane Foley,0,Mrs J Harrington,3rd,2 l,3,9-3,82,True,22,4
Killarney Racing Results | 6th October 2025 15:58,2025-10-06,15:58,Soft,1m 3f 50y,Forthill (FR),Billy Lee,0,P Twomey,2nd,2 1/2 l,3,9-3,-,True,22,4
Killarney Racing Results | 6th October 2025 15:58,2025-10-06,15:58,Soft,1m 3f 50y,Gifted (IRE),Wayne Lordan,0,A P O'Brien,1st,N/A,3,9-3p1,-,True,22,4
Killarney Racing Results | 6th October 2025 15:58,2025-10-06,15:58,Soft,1m 3f 50y,Carrara,Seamie Heffernan,0,A J Martin,7th,21 l,3,9-3,77,True,22,4
Killarney Racing Results | 6th October 2025 15:58,2025-10-06,15:58,Soft,1m 3f 50y,A Pearl Starling (IRE),Ronan Whelan,0,K J Condon,6th,1 1/4 l,3,9-3,-,True,22,4
Killarney Racing Results | 6th October 2025 15:58,2025-10-06,15:58,Soft,1m 3f 50y,Darragh Cross (IRE),Colin Keane,0,G M Lyons,5th,12 l,3,9-3,-,True,22,4
Killarney Racing Results | 6th October 2025 15:58,2025-10-06,15:58,Soft,1m 3f 50y,Alexa Next (IRE),Wayne Hassett,3,M Hassett,4th,Neck,3,9-3,67,True,22,4
Killarney Racing Results | 6th October 2025 15:58,2025-10-06,15:58,Soft,1m 3f 50y,Marazion (IRE),Shane Foley,0,Mrs J Harrington,3rd,2 l,3,9-3,82,True,22,4
Killarney Racing Results | 6th October 2025 15:58,2025-10-06,15:58,Soft,1m 3f 50y,Forthill (FR),Billy Lee,0,P Twomey,2nd,2 1/2 l,3,9-3,-,True,22,4
Killarney Racing Results | 6th October 2025 15:58,2025-10-06,15:58,Soft,1m 3f 50y,Gifted (IRE),Wayne Lordan,0,A P O'Brien,1st,N/A,3,9-3p1,-,True,22,4
Killarney Racing Results | 6th October 2025 16:33,2025-10-06,16:33,Soft,1m 3f 50y,Tilani (IRE),Jack Dace,4,D K Weld,7th,8 l,3,9-8p,64,True,22,5
Killarney Racing Results | 6th October 2025 16:33,2025-10-06,16:33,Soft,1m 3f 50y,God The Highness (IRE),K G Kennedy,0,Mrs J Harrington,6th,1/2 l,3,9-5,61,True,22,5
Killarney Racing Results | 6th October 2025 16:33,2025-10-06,16:33,Soft,1m 3f 50y,Lily Parr,J Kearney,0,S Lavery,5th,Neck,3,9-11,67,True,22,5
Killarney Racing Results | 6th October 2025 16:33,2025-10-06,16:33,Soft,1m 3f 50y,Timandi (IRE),A S Grant,7,J M Barrett,4th,1 1/2 l,3,9-7,63,True,22,5
Killarney Racing Results | 6th October 2025 16:33,2025-10-06,16:33,Soft,1m 3f 50y,Sayidah New Bay,Rory Mulligan,4,John O'Donoghue,3rd,1/2 l,3,9-5,61,True,22,5
Killarney Racing Results | 6th October 2025 16:33,2025-10-06,16:33,Soft,1m 3f 50y,Chica Guerrera (IRE),J E Harnett,7,M Fahey,2nd,Head,3,9-13,69,True,22,5
Killarney Racing Results | 6th October 2025 16:33,2025-10-06,16:33,Soft,1m 3f 50y,Blue Moon Boy (IRE),J Pietropaolo,7,A Kinirons,1st,N/A,3,10-3,73,True,22,5
Killarney Racing Results | 6th October 2025 16:33,2025-10-06,16:33,Soft,1m 3f 50y,Tilani (IRE),Jack Dace,4,D K Weld,7th,8 l,3,9-8p,64,True,22,5
Killarney Racing Results | 6th October 2025 16:33,2025-10-06,16:33,Soft,1m 3f 50y,God The Highness (IRE),K G Kennedy,0,Mrs J Harrington,6th,1/2 l,3,9-5,61,True,22,5
Killarney Racing Results | 6th October 2025 16:33,2025-10-06,16:33,Soft,1m 3f 50y,Lily Parr,J Kearney,0,S Lavery,5th,Neck,3,9-11,67,True,22,5
Killarney Racing Results | 6th October 2025 16:33,2025-10-06,16:33,Soft,1m 3f 50y,Timandi (IRE),A S Grant,7,J M Barrett,4th,1 1/2 l,3,9-7,63,True,22,5
Killarney Racing Results | 6th October 2025 16:33,2025-10-06,16:33,Soft,1m 3f 50y,Sayidah New Bay,Rory Mulligan,4,John O'Donoghue,3rd,1/2 l,3,9-5,61,True,22,5
Killarney Racing Results | 6th October 2025 16:33,2025-10-06,16:33,Soft,1m 3f 50y,Chica Guerrera (IRE),J E Harnett,7,M Fahey,2nd,Head,3,9-13,69,True,22,5
Killarney Racing Results | 6th October 2025 16:33,2025-10-06,16:33,Soft,1m 3f 50y,Blue Moon Boy (IRE),J Pietropaolo,7,A Kinirons,1st,N/A,3,10-3,73,True,22,5
Killarney Racing Results | 6th October 2025 17:08,2025-10-06,17:08,Soft,1m 3f 50y,Mytimetoshine (IRE),Darragh O'Sullivan,7,Donncha Duggan,6th,6 l,5,9-9,-,True,22,6
Killarney Racing Results | 6th October 2025 17:08,2025-10-06,17:08,Soft,1m 3f 50y,Tinsioux (IRE),D W O'Connor,0,S Lavery,5th,2 1/4 l,4,9-9,-,True,22,6
Killarney Racing Results | 6th October 2025 17:08,2025-10-06,17:08,Soft,1m 3f 50y,Radar Ahead,Sam Coen,7,T G McCourt,4th,5 l,4,9-4,73,True,22,6
Killarney Racing Results | 6th October 2025 17:08,2025-10-06,17:08,Soft,1m 3f 50y,Icare Desbois (FR),Colin Keane,0,D H Kelly,3rd,Nose,7,9-9,-,True,22,6
Killarney Racing Results | 6th October 2025 17:08,2025-10-06,17:08,Soft,1m 3f 50y,Factual Fact (FR),Gary Carroll,0,H De Bromhead,2nd,8 1/2 l,6,9-9,-,True,22,6
Killarney Racing Results | 6th October 2025 17:08,2025-10-06,17:08,Soft,1m 3f 50y,Seo Linn (IRE),Billy Lee,0,P Twomey,1st,N/A,5,9-4,82,True,22,6
Killarney Racing Results | 6th October 2025 17:08,2025-10-06,17:08,Soft,1m 3f 50y,Mytimetoshine (IRE),Darragh O'Sullivan,7,Donncha Duggan,6th,6 l,5,9-9,-,True,22,6
Killarney Racing Results | 6th October 2025 17:08,2025-10-06,17:08,Soft,1m 3f 50y,Tinsioux (IRE),D W O'Connor,0,S Lavery,5th,2 1/4 l,4,9-9,-,True,22,6
Killarney Racing Results | 6th October 2025 17:08,2025-10-06,17:08,Soft,1m 3f 50y,Radar Ahead,Sam Coen,7,T G McCourt,4th,5 l,4,9-4,73,True,22,6
Killarney Racing Results | 6th October 2025 17:08,2025-10-06,17:08,Soft,1m 3f 50y,Icare Desbois (FR),Colin Keane,0,D H Kelly,3rd,Nose,7,9-9,-,True,22,6
Killarney Racing Results | 6th October 2025 17:08,2025-10-06,17:08,Soft,1m 3f 50y,Factual Fact (FR),Gary Carroll,0,H De Bromhead,2nd,8 1/2 l,6,9-9,-,True,22,6
Killarney Racing Results | 6th October 2025 17:08,2025-10-06,17:08,Soft,1m 3f 50y,Seo Linn (IRE),Billy Lee,0,P Twomey,1st,N/A,5,9-4,82,True,22,6
Tipperary Racing Results | 6th October 2025 13:50,2025-10-06,13:50,Good To Yielding,2m 100y,Cockney Cleopatra (IRE),Philip Donovan,3,P M J Doyle,F,N/A,4,10-12,-,True,22,7
Tipperary Racing Results | 6th October 2025 13:50,2025-10-06,13:50,Good To Yielding,2m 100y,Nunya (IRE),Phillip Enright,0,Leonard Flynn,7th,5 l,4,10-12,-,True,22,7
Tipperary Racing Results | 6th October 2025 13:50,2025-10-06,13:50,Good To Yielding,2m 100y,Crystal Supreme (IRE),Michael Kenneally,7,D Queally,6th,13 l,4,10-12,-,True,22,7
Tipperary Racing Results | 6th October 2025 13:50,2025-10-06,13:50,Good To Yielding,2m 100y,B Da Powders (IRE),Kevin A Murphy,7,D Queally,5th,50 l,6,10-13,-,True,22,7
Tipperary Racing Results | 6th October 2025 13:50,2025-10-06,13:50,Good To Yielding,2m 100y,Queen's Meadow (IRE),Darragh O'Keeffe,0,D Queally,4th,3 l,5,10-13,-,True,22,7
Tipperary Racing Results | 6th October 2025 13:50,2025-10-06,13:50,Good To Yielding,2m 100y,La Dame Blanche (IRE),Mr K P Healy,7,Dermot Kilmartin,3rd,13 l,6,11-7h,-,True,22,7
Tipperary Racing Results | 6th October 2025 13:50,2025-10-06,13:50,Good To Yielding,2m 100y,Clarnagh Maid (IRE),Danny Gilligan,0,G Elliott,2nd,6 l,5,10-13,-,True,22,7
Tipperary Racing Results | 6th October 2025 13:50,2025-10-06,13:50,Good To Yielding,2m 100y,Getaway Beo (IRE),Jack Kennedy,0,G Elliott,1st,N/A,5,10-13,-,True,22,7
Tipperary Racing Results | 6th October 2025 13:50,2025-10-06,13:50,Good To Yielding,2m 100y,Cockney Cleopatra (IRE),Philip Donovan,3,P M J Doyle,F,N/A,4,10-12,-,True,22,7
Tipperary Racing Results | 6th October 2025 13:50,2025-10-06,13:50,Good To Yielding,2m 100y,Nunya (IRE),Phillip Enright,0,Leonard Flynn,7th,5 l,4,10-12,-,True,22,7
Tipperary Racing Results | 6th October 2025 13:50,2025-10-06,13:50,Good To Yielding,2m 100y,Crystal Supreme (IRE),Michael Kenneally,7,D Queally,6th,13 l,4,10-12,-,True,22,7
Tipperary Racing Results | 6th October 2025 13:50,2025-10-06,13:50,Good To Yielding,2m 100y,B Da Powders (IRE),Kevin A Murphy,7,D Queally,5th,50 l,6,10-13,-,True,22,7
Tipperary Racing Results | 6th October 2025 13:50,2025-10-06,13:50,Good To Yielding,2m 100y,Queen's Meadow (IRE),Darragh O'Keeffe,0,D Queally,4th,3 l,5,10-13,-,True,22,7
Tipperary Racing Results | 6th October 2025 13:50,2025-10-06,13:50,Good To Yielding,2m 100y,La Dame Blanche (IRE),Mr K P Healy,7,Dermot Kilmartin,3rd,13 l,6,11-7h,-,True,22,7
Tipperary Racing Results | 6th October 2025 13:50,2025-10-06,13:50,Good To Yielding,2m 100y,Clarnagh Maid (IRE),Danny Gilligan,0,G Elliott,2nd,6 l,5,10-13,-,True,22,7
Tipperary Racing Results | 6th October 2025 13:50,2025-10-06,13:50,Good To Yielding,2m 100y,Getaway Beo (IRE),Jack Kennedy,0,G Elliott,1st,N/A,5,10-13,-,True,22,7
Tipperary Racing Results | 6th October 2025 14:25,2025-10-06,14:25,Good To Yielding  Hurdle (Turf),2m 100y,Knockmore (IRE),Shane Fitzgerald,0,A Leahy,PU,N/A,4,11-3,-,True,22,8
Tipperary Racing Results | 6th October 2025 14:25,2025-10-06,14:25,Good To Yielding  Hurdle (Turf),2m 100y,Molto Amichi (IRE),R A Doyle,0,E Griffin,F,N/A,4,11-3,-,True,22,8
Tipperary Racing Results | 6th October 2025 14:25,2025-10-06,14:25,Good To Yielding  Hurdle (Turf),2m 100y,Ballyredinkingston (IRE),Daniel King,0,J P Ryan,9th,13 l,5,11-4,-,True,22,8
Tipperary Racing Results | 6th October 2025 14:25,2025-10-06,14:25,Good To Yielding  Hurdle (Turf),2m 100y,Uptaurintop (IRE),Jack Gilligan,5,E M O'Sullivan,8th,3 3/4 l,5,11-4t1,-,True,22,8
Tipperary Racing Results | 6th October 2025 14:25,2025-10-06,14:25,Good To Yielding  Hurdle (Turf),2m 100y,Humble Brag (IRE),Phillip Enright,0,D Hassett,7th,2 1/4 l,4,11-3,-,True,22,8
Tipperary Racing Results | 6th October 2025 14:25,2025-10-06,14:25,Good To Yielding  Hurdle (Turf),2m 100y,Illtakehimmyself (IRE),Gary Noonan,3,E McNamara,6th,3 1/2 l,4,11-3,-,True,22,8
Tipperary Racing Results | 6th October 2025 14:25,2025-10-06,14:25,Good To Yielding  Hurdle (Turf),2m 100y,King's Son (FR),J J Slevin,0,S Neville,5th,10 l,5,11-4,-,True,22,8
Tipperary Racing Results | 6th October 2025 14:25,2025-10-06,14:25,Good To Yielding  Hurdle (Turf),2m 100y,Lupin Du Groschene (FR),J P O'Neill,7,P Fenton,4th,7 l,4,11-3,-,True,22,8
Tipperary Racing Results | 6th October 2025 14:25,2025-10-06,14:25,Good To Yielding  Hurdle (Turf),2m 100y,It's Not His Fault (IRE),Calum Hogan,7,E McNamara,3rd,15 l,4,11-3,-,True,22,8
Tipperary Racing Results | 6th October 2025 14:25,2025-10-06,14:25,Good To Yielding  Hurdle (Turf),2m 100y,Letos (FR),Danny Mullins,0,A Mullins,2nd,6 1/2 l,5,11-4,120,True,22,8
Tipperary Racing Results | 6th October 2025 14:25,2025-10-06,14:25,Good To Yielding  Hurdle (Turf),2m 100y,Ace Brannigan (IRE),Darragh O'Keeffe,0,H De Bromhead,1st,N/A,5,11-4,-,True,22,8
Tipperary Racing Results | 6th October 2025 14:25,2025-10-06,14:25,Good To Yielding  Hurdle (Turf),2m 100y,Knockmore (IRE),Shane Fitzgerald,0,A Leahy,PU,N/A,4,11-3,-,True,22,8
Tipperary Racing Results | 6th October 2025 14:25,2025-10-06,14:25,Good To Yielding  Hurdle (Turf),2m 100y,Molto Amichi (IRE),R A Doyle,0,E Griffin,F,N/A,4,11-3,-,True,22,8
Tipperary Racing Results | 6th October 2025 14:25,2025-10-06,14:25,Good To Yielding  Hurdle (Turf),2m 100y,Ballyredinkingston (IRE),Daniel King,0,J P Ryan,9th,13 l,5,11-4,-,True,22,8
Tipperary Racing Results | 6th October 2025 14:25,2025-10-06,14:25,Good To Yielding  Hurdle (Turf),2m 100y,Uptaurintop (IRE),Jack Gilligan,5,E M O'Sullivan,8th,3 3/4 l,5,11-4t1,-,True,22,8
Tipperary Racing Results | 6th October 2025 14:25,2025-10-06,14:25,Good To Yielding  Hurdle (Turf),2m 100y,Humble Brag (IRE),Phillip Enright,0,D Hassett,7th,2 1/4 l,4,11-3,-,True,22,8
Tipperary Racing Results | 6th October 2025 14:25,2025-10-06,14:25,Good To Yielding  Hurdle (Turf),2m 100y,Illtakehimmyself (IRE),Gary Noonan,3,E McNamara,6th,3 1/2 l,4,11-3,-,True,22,8
Tipperary Racing Results | 6th October 2025 14:25,2025-10-06,14:25,Good To Yielding  Hurdle (Turf),2m 100y,King's Son (FR),J J Slevin,0,S Neville,5th,10 l,5,11-4,-,True,22,8
Tipperary Racing Results | 6th October 2025 14:25,2025-10-06,14:25,Good To Yielding  Hurdle (Turf),2m 100y,Lupin Du Groschene (FR),J P O'Neill,7,P Fenton,4th,7 l,4,11-3,-,True,22,8
Tipperary Racing Results | 6th October 2025 14:25,2025-10-06,14:25,Good To Yielding  Hurdle (Turf),2m 100y,It's Not His Fault (IRE),Calum Hogan,7,E McNamara,3rd,15 l,4,11-3,-,True,22,8
Tipperary Racing Results | 6th October 2025 14:25,2025-10-06,14:25,Good To Yielding  Hurdle (Turf),2m 100y,Letos (FR),Danny Mullins,0,A Mullins,2nd,6 1/2 l,5,11-4,120,True,22,8
Tipperary Racing Results | 6th October 2025 14:25,2025-10-06,14:25,Good To Yielding  Hurdle (Turf),2m 100y,Ace Brannigan (IRE),Darragh O'Keeffe,0,H De Bromhead,1st,N/A,5,11-4,-,True,22,8
Tipperary Racing Results | 6th October 2025 15:00,2025-10-06,15:00,Good To Yielding,2m 100y,Finnicky Filly (IRE),Michael Kenneally,7,J P Ryan,PU,N/A,7,10-10,81,True,22,9
Tipperary Racing Results | 6th October 2025 15:00,2025-10-06,15:00,Good To Yielding,2m 100y,Sceptred Isle,Danny Gilligan,0,G A Kingston,F,N/A,8,11-2h,87,True,22,9
Tipperary Racing Results | 6th October 2025 15:00,2025-10-06,15:00,Good To Yielding,2m 100y,Bella Colombia (IRE),Darragh O'Keeffe,0,S K Ryder,5th,8 l,4,10-10,82,True,22,9
Tipperary Racing Results | 6th October 2025 15:00,2025-10-06,15:00,Good To Yielding,2m 100y,Doyen Og (IRE),C Lamon,7,A Sexton,4th,11 l,6,10-11,82,True,22,9
Tipperary Racing Results | 6th October 2025 15:00,2025-10-06,15:00,Good To Yielding,2m 100y,Eaglewood (IRE),Sean O'Keeffe,0,Leonard Flynn,3rd,1 3/4 l,5,12-0,99,True,22,9
Tipperary Racing Results | 6th October 2025 15:00,2025-10-06,15:00,Good To Yielding,2m 100y,Volez Vous (IRE),B P Kennedy,7,D Deacon,2nd,10 l,6,11-2t,87,True,22,9
Tipperary Racing Results | 6th October 2025 15:00,2025-10-06,15:00,Good To Yielding,2m 100y,Romella (IRE),Phillip Enright,0,Brendan Walsh,1st,N/A,11,11-0tp,85,True,22,9
Tipperary Racing Results | 6th October 2025 15:00,2025-10-06,15:00,Good To Yielding,2m 100y,Finnicky Filly (IRE),Michael Kenneally,7,J P Ryan,PU,N/A,7,10-10,81,True,22,9
Tipperary Racing Results | 6th October 2025 15:00,2025-10-06,15:00,Good To Yielding,2m 100y,Sceptred Isle,Danny Gilligan,0,G A Kingston,F,N/A,8,11-2h,87,True,22,9
Tipperary Racing Results | 6th October 2025 15:00,2025-10-06,15:00,Good To Yielding,2m 100y,Bella Colombia (IRE),Darragh O'Keeffe,0,S K Ryder,5th,8 l,4,10-10,82,True,22,9
Tipperary Racing Results | 6th October 2025 15:00,2025-10-06,15:00,Good To Yielding,2m 100y,Doyen Og (IRE),C Lamon,7,A Sexton,4th,11 l,6,10-11,82,True,22,9
Tipperary Racing Results | 6th October 2025 15:00,2025-10-06,15:00,Good To Yielding,2m 100y,Eaglewood (IRE),Sean O'Keeffe,0,Leonard Flynn,3rd,1 3/4 l,5,12-0,99,True,22,9
Tipperary Racing Results | 6th October 2025 15:00,2025-10-06,15:00,Good To Yielding,2m 100y,Volez Vous (IRE),B P Kennedy,7,D Deacon,2nd,10 l,6,11-2t,87,True,22,9
Tipperary Racing Results | 6th October 2025 15:00,2025-10-06,15:00,Good To Yielding,2m 100y,Romella (IRE),Phillip Enright,0,Brendan Walsh,1st,N/A,11,11-0tp,85,True,22,9
Tipperary Racing Results | 6th October 2025 15:35,2025-10-06,15:35,Good To Yielding,2m 3f 160y,Blackwater River (IRE),Eoin Walsh,0,E M O'Sullivan,PU,N/A,4,11-2,-,True,22,10
Tipperary Racing Results | 6th October 2025 15:35,2025-10-06,15:35,Good To Yielding,2m 3f 160y,Apalachiyeats (IRE),Kevin A Murphy,7,E M O'Sullivan,PU,N/A,5,11-4t,-,True,22,10
Tipperary Racing Results | 6th October 2025 15:35,2025-10-06,15:35,Good To Yielding,2m 3f 160y,Cuguilla (IRE),Conor Clarke,7,J P Ryan,8th,2 3/4 l,5,10-11,-,True,22,10
Tipperary Racing Results | 6th October 2025 15:35,2025-10-06,15:35,Good To Yielding,2m 3f 160y,Another Belter (IRE),Danny Mullins,0,P Hennessy,7th,14 l,6,11-4,-,True,22,10
Tipperary Racing Results | 6th October 2025 15:35,2025-10-06,15:35,Good To Yielding,2m 3f 160y,Friar Hogan (IRE),Philip Byrnes,0,D Hassett,6th,8 l,4,11-2t1,-,True,22,10
Tipperary Racing Results | 6th October 2025 15:35,2025-10-06,15:35,Good To Yielding,2m 3f 160y,Itsallinthegenes (IRE),Cian Quirke,0,D H Kelly,5th,8 1/2 l,5,11-4t,-,True,22,10
Tipperary Racing Results | 6th October 2025 15:35,2025-10-06,15:35,Good To Yielding,2m 3f 160y,Long Branch (IRE),J J Slevin,0,S Neville,4th,1 3/4 l,5,11-4,-,True,22,10
Tipperary Racing Results | 6th October 2025 15:35,2025-10-06,15:35,Good To Yielding,2m 3f 160y,Obey The Order (IRE),Tiernan Power Roche,5,P J Rothwell,3rd,4 1/2 l,5,11-4,-,True,22,10
Tipperary Racing Results | 6th October 2025 15:35,2025-10-06,15:35,Good To Yielding,2m 3f 160y,King Jon Oliver (FR),John Shinnick,3,L Fowler,2nd,6 l,5,11-4,-,True,22,10
Tipperary Racing Results | 6th October 2025 15:35,2025-10-06,15:35,Good To Yielding,2m 3f 160y,Watchful Protector (IRE),Donagh Meyler,0,E Mullins,1st,N/A,5,11-4,-,True,22,10
Tipperary Racing Results | 6th October 2025 15:35,2025-10-06,15:35,Good To Yielding,2m 3f 160y,Blackwater River (IRE),Eoin Walsh,0,E M O'Sullivan,PU,N/A,4,11-2,-,True,22,10
Tipperary Racing Results | 6th October 2025 15:35,2025-10-06,15:35,Good To Yielding,2m 3f 160y,Apalachiyeats (IRE),Kevin A Murphy,7,E M O'Sullivan,PU,N/A,5,11-4t,-,True,22,10
Tipperary Racing Results | 6th October 2025 15:35,2025-10-06,15:35,Good To Yielding,2m 3f 160y,Cuguilla (IRE),Conor Clarke,7,J P Ryan,8th,2 3/4 l,5,10-11,-,True,22,10
Tipperary Racing Results | 6th October 2025 15:35,2025-10-06,15:35,Good To Yielding,2m 3f 160y,Another Belter (IRE),Danny Mullins,0,P Hennessy,7th,14 l,6,11-4,-,True,22,10
Tipperary Racing Results | 6th October 2025 15:35,2025-10-06,15:35,Good To Yielding,2m 3f 160y,Friar Hogan (IRE),Philip Byrnes,0,D Hassett,6th,8 l,4,11-2t1,-,True,22,10
Tipperary Racing Results | 6th October 2025 15:35,2025-10-06,15:35,Good To Yielding,2m 3f 160y,Itsallinthegenes (IRE),Cian Quirke,0,D H Kelly,5th,8 1/2 l,5,11-4t,-,True,22,10
Tipperary Racing Results | 6th October 2025 15:35,2025-10-06,15:35,Good To Yielding,2m 3f 160y,Long Branch (IRE),J J Slevin,0,S Neville,4th,1 3/4 l,5,11-4,-,True,22,10
Tipperary Racing Results | 6th October 2025 15:35,2025-10-06,15:35,Good To Yielding,2m 3f 160y,Obey The Order (IRE),Tiernan Power Roche,5,P J Rothwell,3rd,4 1/2 l,5,11-4,-,True,22,10
Tipperary Racing Results | 6th October 2025 15:35,2025-10-06,15:35,Good To Yielding,2m 3f 160y,King Jon Oliver (FR),John Shinnick,3,L Fowler,2nd,6 l,5,11-4,-,True,22,10
Tipperary Racing Results | 6th October 2025 15:35,2025-10-06,15:35,Good To Yielding,2m 3f 160y,Watchful Protector (IRE),Donagh Meyler,0,E Mullins,1st,N/A,5,11-4,-,True,22,10
Tipperary Racing Results | 6th October 2025 16:10,2025-10-06,16:10,Good To Yielding,2m 7f 60y,Lucky Viv (IRE),John Shinnick,3,Michael Barry,7th,62 l,7,11-12,107,True,22,11
Tipperary Racing Results | 6th October 2025 16:10,2025-10-06,16:10,Good To Yielding,2m 7f 60y,Time In A Bottle,Mr J H Williamson,7,H De Bromhead,6th,14 l,5,11-7ht,102,True,22,11
Tipperary Racing Results | 6th October 2025 16:10,2025-10-06,16:10,Good To Yielding,2m 7f 60y,Back The West (IRE),Daniel King,0,I Madden,5th,2 3/4 l,10,10-0,72,True,22,11
Tipperary Racing Results | 6th October 2025 16:10,2025-10-06,16:10,Good To Yielding,2m 7f 60y,Cullig (IRE),Simon Torrens,0,P T Foley,4th,7 1/2 l,6,11-9ht,104,True,22,11
Tipperary Racing Results | 6th October 2025 16:10,2025-10-06,16:10,Good To Yielding,2m 7f 60y,Jetaway Nana (IRE),Eoin Staples,7,C Collins,3rd,1 3/4 l,5,11-5,100,True,22,11
Tipperary Racing Results | 6th October 2025 16:10,2025-10-06,16:10,Good To Yielding,2m 7f 60y,Mickey Cohen (IRE),Donagh Meyler,0,N Meade,2nd,8 l,4,11-1,100,True,22,11
Tipperary Racing Results | 6th October 2025 16:10,2025-10-06,16:10,Good To Yielding,2m 7f 60y,Flidais (IRE),Michael Kenneally,7,J P Ryan,1st,N/A,7,11-1,96,True,22,11
Tipperary Racing Results | 6th October 2025 16:10,2025-10-06,16:10,Good To Yielding,2m 7f 60y,Lucky Viv (IRE),John Shinnick,3,Michael Barry,7th,62 l,7,11-12,107,True,22,11
Tipperary Racing Results | 6th October 2025 16:10,2025-10-06,16:10,Good To Yielding,2m 7f 60y,Time In A Bottle,Mr J H Williamson,7,H De Bromhead,6th,14 l,5,11-7ht,102,True,22,11
Tipperary Racing Results | 6th October 2025 16:10,2025-10-06,16:10,Good To Yielding,2m 7f 60y,Back The West (IRE),Daniel King,0,I Madden,5th,2 3/4 l,10,10-0,72,True,22,11
Tipperary Racing Results | 6th October 2025 16:10,2025-10-06,16:10,Good To Yielding,2m 7f 60y,Cullig (IRE),Simon Torrens,0,P T Foley,4th,7 1/2 l,6,11-9ht,104,True,22,11
Tipperary Racing Results | 6th October 2025 16:10,2025-10-06,16:10,Good To Yielding,2m 7f 60y,Jetaway Nana (IRE),Eoin Staples,7,C Collins,3rd,1 3/4 l,5,11-5,100,True,22,11
Tipperary Racing Results | 6th October 2025 16:10,2025-10-06,16:10,Good To Yielding,2m 7f 60y,Mickey Cohen (IRE),Donagh Meyler,0,N Meade,2nd,8 l,4,11-1,100,True,22,11
Tipperary Racing Results | 6th October 2025 16:10,2025-10-06,16:10,Good To Yielding,2m 7f 60y,Flidais (IRE),Michael Kenneally,7,J P Ryan,1st,N/A,7,11-1,96,True,22,11
Tipperary Racing Results | 6th October 2025 16:43,2025-10-06,16:43,Good To Yielding,2m 7f 60y,Damoso (IRE),Tiernan Power Roche,5,P J Rothwell,PU,N/A,4,10-12t,87,True,22,12
Tipperary Racing Results | 6th October 2025 16:43,2025-10-06,16:43,Good To Yielding,2m 7f 60y,Doorman Moe (IRE),Darragh O'Keeffe,0,A McNamara,PU,N/A,5,11-11t,96,True,22,12
Tipperary Racing Results | 6th October 2025 16:43,2025-10-06,16:43,Good To Yielding,2m 7f 60y,Stormy Master (IRE),Daniel King,0,R Hackett,13th,9 l,11,10-7b,78,True,22,12
Tipperary Racing Results | 6th October 2025 16:43,2025-10-06,16:43,Good To Yielding,2m 7f 60y,Technology (IRE),Alex Harvey,0,J C McConnell,12th,Short Head,8,11-3ht,88,True,22,12
Tipperary Racing Results | 6th October 2025 16:43,2025-10-06,16:43,Good To Yielding,2m 7f 60y,Southgate Avenue (IRE),Niall Moore,5,P Fenton,11th,3/4 l,5,11-0,85,True,22,12
Tipperary Racing Results | 6th October 2025 16:43,2025-10-06,16:43,Good To Yielding,2m 7f 60y,Lily's Choice (IRE),Peter Smithers,7,D H Kelly,10th,1 l,7,10-4tb1,75,True,22,12
Tipperary Racing Results | 6th October 2025 16:43,2025-10-06,16:43,Good To Yielding,2m 7f 60y,Themanintheboots (IRE),Jack Kennedy,0,G Elliott,9th,7 l,7,11-11p,96,True,22,12
Tipperary Racing Results | 6th October 2025 16:43,2025-10-06,16:43,Good To Yielding,2m 7f 60y,The Eggler (IRE),Phillip Enright,0,B McMahon,8th,20 l,4,10-13h,88,True,22,12
Tipperary Racing Results | 6th October 2025 16:43,2025-10-06,16:43,Good To Yielding,2m 7f 60y,Barryroe Madam (FR),James Smith,5,B McMahon,7th,4 1/2 l,6,11-11h,96,True,22,12
Tipperary Racing Results | 6th October 2025 16:43,2025-10-06,16:43,Good To Yielding,2m 7f 60y,Mountrivers Lass (IRE),R Deegan,0,R Murphy,6th,3/4 l,6,11-6,91,True,22,12
Tipperary Racing Results | 6th October 2025 16:43,2025-10-06,16:43,Good To Yielding,2m 7f 60y,Glaoinn An Airgead (IRE),Sean O'Keeffe,0,J Barcoe,5th,1 1/4 l,7,10-1,72,True,22,12
Tipperary Racing Results | 6th October 2025 16:43,2025-10-06,16:43,Good To Yielding,2m 7f 60y,Pebble Bleu (IRE),Michael Kenneally,7,C Motherway,4th,6 1/2 l,6,11-6ht,91,True,22,12
Tipperary Racing Results | 6th October 2025 16:43,2025-10-06,16:43,Good To Yielding,2m 7f 60y,The Little Yank (IRE),J Aherne,7,J P Ryan,3rd,2 l,10,11-12b,97,True,22,12
Tipperary Racing Results | 6th October 2025 16:43,2025-10-06,16:43,Good To Yielding,2m 7f 60y,County Champs (IRE),Philip Byrnes,0,B McMahon,2nd,1 3/4 l,6,10-12p,83,True,22,12
Tipperary Racing Results | 6th October 2025 16:43,2025-10-06,16:43,Good To Yielding,2m 7f 60y,Love Bite (IRE),A P Kelly,3,Mrs G O'Connor,1st,N/A,7,10-4p1,75,True,22,12
Tipperary Racing Results | 6th October 2025 16:43,2025-10-06,16:43,Good To Yielding,2m 7f 60y,Damoso (IRE),Tiernan Power Roche,5,P J Rothwell,PU,N/A,4,10-12t,87,True,22,12
Tipperary Racing Results | 6th October 2025 16:43,2025-10-06,16:43,Good To Yielding,2m 7f 60y,Doorman Moe (IRE),Darragh O'Keeffe,0,A McNamara,PU,N/A,5,11-11t,96,True,22,12
Tipperary Racing Results | 6th October 2025 16:43,2025-10-06,16:43,Good To Yielding,2m 7f 60y,Stormy Master (IRE),Daniel King,0,R Hackett,13th,9 l,11,10-7b,78,True,22,12
Tipperary Racing Results | 6th October 2025 16:43,2025-10-06,16:43,Good To Yielding,2m 7f 60y,Technology (IRE),Alex Harvey,0,J C McConnell,12th,Short Head,8,11-3ht,88,True,22,12
Tipperary Racing Results | 6th October 2025 16:43,2025-10-06,16:43,Good To Yielding,2m 7f 60y,Southgate Avenue (IRE),Niall Moore,5,P Fenton,11th,3/4 l,5,11-0,85,True,22,12
Tipperary Racing Results | 6th October 2025 16:43,2025-10-06,16:43,Good To Yielding,2m 7f 60y,Lily's Choice (IRE),Peter Smithers,7,D H Kelly,10th,1 l,7,10-4tb1,75,True,22,12
Tipperary Racing Results | 6th October 2025 16:43,2025-10-06,16:43,Good To Yielding,2m 7f 60y,Themanintheboots (IRE),Jack Kennedy,0,G Elliott,9th,7 l,7,11-11p,96,True,22,12
Tipperary Racing Results | 6th October 2025 16:43,2025-10-06,16:43,Good To Yielding,2m 7f 60y,The Eggler (IRE),Phillip Enright,0,B McMahon,8th,20 l,4,10-13h,88,True,22,12
Tipperary Racing Results | 6th October 2025 16:43,2025-10-06,16:43,Good To Yielding,2m 7f 60y,Barryroe Madam (FR),James Smith,5,B McMahon,7th,4 1/2 l,6,11-11h,96,True,22,12
Tipperary Racing Results | 6th October 2025 16:43,2025-10-06,16:43,Good To Yielding,2m 7f 60y,Mountrivers Lass (IRE),R Deegan,0,R Murphy,6th,3/4 l,6,11-6,91,True,22,12
Tipperary Racing Results | 6th October 2025 16:43,2025-10-06,16:43,Good To Yielding,2m 7f 60y,Glaoinn An Airgead (IRE),Sean O'Keeffe,0,J Barcoe,5th,1 1/4 l,7,10-1,72,True,22,12
Tipperary Racing Results | 6th October 2025 16:43,2025-10-06,16:43,Good To Yielding,2m 7f 60y,Pebble Bleu (IRE),Michael Kenneally,7,C Motherway,4th,6 1/2 l,6,11-6ht,91,True,22,12
Tipperary Racing Results | 6th October 2025 16:43,2025-10-06,16:43,Good To Yielding,2m 7f 60y,The Little Yank (IRE),J Aherne,7,J P Ryan,3rd,2 l,10,11-12b,97,True,22,12
Tipperary Racing Results | 6th October 2025 16:43,2025-10-06,16:43,Good To Yielding,2m 7f 60y,County Champs (IRE),Philip Byrnes,0,B McMahon,2nd,1 3/4 l,6,10-12p,83,True,22,12
Tipperary Racing Results | 6th October 2025 16:43,2025-10-06,16:43,Good To Yielding,2m 7f 60y,Love Bite (IRE),A P Kelly,3,Mrs G O'Connor,1st,N/A,7,10-4p1,75,True,22,12
Tipperary Racing Results | 6th October 2025 17:18,2025-10-06,17:18,Good To Yielding,2m 100y,Nothing Da Now (IRE),Mr J C Barry,0,M Magnussen,5th,11 l,5,11-3,-,True,22,13
Tipperary Racing Results | 6th October 2025 17:18,2025-10-06,17:18,Good To Yielding,2m 100y,Theran (FR),Mr D Doyle,7,P M J Doyle,4th,3 1/2 l,4,11-13t1,-,True,22,13
Tipperary Racing Results | 6th October 2025 17:18,2025-10-06,17:18,Good To Yielding,2m 100y,Eagle's Quest,Mr P W Mullins,0,Ms M Mullins,3rd,5 1/2 l,5,11-12,-,True,22,13
Tipperary Racing Results | 6th October 2025 17:18,2025-10-06,17:18,Good To Yielding,2m 100y,Garahon (FR),Mr J L Gleeson,0,E Mullins,2nd,11 l,5,12-0,-,True,22,13
Tipperary Racing Results | 6th October 2025 17:18,2025-10-06,17:18,Good To Yielding,2m 100y,State Pension (IRE),Mr A P Ryan,5,D H Kelly,1st,N/A,5,11-12,-,True,22,13
Tipperary Racing Results | 6th October 2025 17:18,2025-10-06,17:18,Good To Yielding,2m 100y,Nothing Da Now (IRE),Mr J C Barry,0,M Magnussen,5th,11 l,5,11-3,-,True,22,13
Tipperary Racing Results | 6th October 2025 17:18,2025-10-06,17:18,Good To Yielding,2m 100y,Theran (FR),Mr D Doyle,7,P M J Doyle,4th,3 1/2 l,4,11-13t1,-,True,22,13
Tipperary Racing Results | 6th October 2025 17:18,2025-10-06,17:18,Good To Yielding,2m 100y,Eagle's Quest,Mr P W Mullins,0,Ms M Mullins,3rd,5 1/2 l,5,11-12,-,True,22,13
Tipperary Racing Results | 6th October 2025 17:18,2025-10-06,17:18,Good To Yielding,2m 100y,Garahon (FR),Mr J L Gleeson,0,E Mullins,2nd,11 l,5,12-0,-,True,22,13
Tipperary Racing Results | 6th October 2025 17:18,2025-10-06,17:18,Good To Yielding,2m 100y,State Pension (IRE),Mr A P Ryan,5,D H Kelly,1st,N/A,5,11-12,-,True,22,13
Galway Racing Results | 7th October 2025 14:20,2025-10-07,14:20,Yielding,2m 130y,Golden Order (IRE),Eoin Walsh,0,Patrick Reilly,5th,31 l,5,11-5,-,True,22,14
Galway Racing Results | 7th October 2025 14:20,2025-10-07,14:20,Yielding,2m 130y,Getaways Charm (IRE),Darragh O'Keeffe,0,P W Flynn,4th,41 l,5,11-5,-,True,22,14
Galway Racing Results | 7th October 2025 14:20,2025-10-07,14:20,Yielding,2m 130y,Phoenix Arizona (IRE),Mr P J O'Neill,7,John F O'Neill,3rd,9 1/2 l,6,11-12,-,True,22,14
Galway Racing Results | 7th October 2025 14:20,2025-10-07,14:20,Yielding,2m 130y,Survivors Sister (IRE),Jack Gilligan,5,P J Gilligan,2nd,12 l,6,11-5,-,True,22,14
Galway Racing Results | 7th October 2025 14:20,2025-10-07,14:20,Yielding,2m 130y,Welonlyhavedone (IRE),Keith Donoghue,0,G P Cromwell,1st,N/A,5,11-12,-,True,22,14
Galway Racing Results | 7th October 2025 14:20,2025-10-07,14:20,Yielding,2m 130y,Golden Order (IRE),Eoin Walsh,0,Patrick Reilly,5th,31 l,5,11-5,-,True,22,14
Galway Racing Results | 7th October 2025 14:20,2025-10-07,14:20,Yielding,2m 130y,Getaways Charm (IRE),Darragh O'Keeffe,0,P W Flynn,4th,41 l,5,11-5,-,True,22,14
Galway Racing Results | 7th October 2025 14:20,2025-10-07,14:20,Yielding,2m 130y,Phoenix Arizona (IRE),Mr P J O'Neill,7,John F O'Neill,3rd,9 1/2 l,6,11-12,-,True,22,14
Galway Racing Results | 7th October 2025 14:20,2025-10-07,14:20,Yielding,2m 130y,Survivors Sister (IRE),Jack Gilligan,5,P J Gilligan,2nd,12 l,6,11-5,-,True,22,14
Galway Racing Results | 7th October 2025 14:20,2025-10-07,14:20,Yielding,2m 130y,Welonlyhavedone (IRE),Keith Donoghue,0,G P Cromwell,1st,N/A,5,11-12,-,True,22,14
Galway Racing Results | 7th October 2025 14:50,2025-10-07,14:50,Yielding,2m 130y,Brilliant Question (IRE),Phillip Enright,0,K A Heffernan,11th,3 l,8,10-4t,85,True,22,15
Galway Racing Results | 7th October 2025 14:50,2025-10-07,14:50,Yielding,2m 130y,Mayo For Sam (IRE),Cian Quirke,0,M Flannery,10th,1 l,5,10-0,81,True,22,15
Galway Racing Results | 7th October 2025 14:50,2025-10-07,14:50,Yielding,2m 130y,Valsorpresa,Donagh Meyler,0,Richard Daniels,9th,3 l,7,11-5,100,True,22,15
Galway Racing Results | 7th October 2025 14:50,2025-10-07,14:50,Yielding,2m 130y,Katherine (IRE),Harry Sexton,7,A Sexton,8th,1 3/4 l,8,11-6p,101,True,22,15
Galway Racing Results | 7th October 2025 14:50,2025-10-07,14:50,Yielding,2m 130y,Moulane West (IRE),Michael Kenneally,7,M M McNiff,7th,2 l,9,11-2t,97,True,22,15
Galway Racing Results | 7th October 2025 14:50,2025-10-07,14:50,Yielding,2m 130y,Zaryagle (IRE),Simon Torrens,0,P J Rothwell,6th,9 1/2 l,4,10-12,94,True,22,15
Galway Racing Results | 7th October 2025 14:50,2025-10-07,14:50,Yielding,2m 130y,Marelly (IRE),Tiernan Power Roche,5,P J Rothwell,5th,Neck,8,11-7p,102,True,22,15
Galway Racing Results | 7th October 2025 14:50,2025-10-07,14:50,Yielding,2m 130y,Baroness Orczy (IRE),Sean Flanagan,0,B Connell,4th,5 l,5,11-0,95,True,22,15
Galway Racing Results | 7th October 2025 14:50,2025-10-07,14:50,Yielding,2m 130y,Bowgate Street (IRE),Darragh O'Keeffe,0,M Flannery,3rd,Neck,6,10-4t,85,True,22,15
Galway Racing Results | 7th October 2025 14:50,2025-10-07,14:50,Yielding,2m 130y,Harpy Eagle (IRE),Paddy Cody,7,R P Cody,2nd,1/2 l,4,11-7,103,True,22,15
Galway Racing Results | 7th October 2025 14:50,2025-10-07,14:50,Yielding,2m 130y,Torquay Road (IRE),Eoin Staples,7,C Collins,1st,N/A,6,11-12,107,True,22,15
Galway Racing Results | 7th October 2025 14:50,2025-10-07,14:50,Yielding,2m 130y,Brilliant Question (IRE),Phillip Enright,0,K A Heffernan,11th,3 l,8,10-4t,85,True,22,15
Galway Racing Results | 7th October 2025 14:50,2025-10-07,14:50,Yielding,2m 130y,Mayo For Sam (IRE),Cian Quirke,0,M Flannery,10th,1 l,5,10-0,81,True,22,15
Galway Racing Results | 7th October 2025 14:50,2025-10-07,14:50,Yielding,2m 130y,Valsorpresa,Donagh Meyler,0,Richard Daniels,9th,3 l,7,11-5,100,True,22,15
Galway Racing Results | 7th October 2025 14:50,2025-10-07,14:50,Yielding,2m 130y,Katherine (IRE),Harry Sexton,7,A Sexton,8th,1 3/4 l,8,11-6p,101,True,22,15
Galway Racing Results | 7th October 2025 14:50,2025-10-07,14:50,Yielding,2m 130y,Moulane West (IRE),Michael Kenneally,7,M M McNiff,7th,2 l,9,11-2t,97,True,22,15
Galway Racing Results | 7th October 2025 14:50,2025-10-07,14:50,Yielding,2m 130y,Zaryagle (IRE),Simon Torrens,0,P J Rothwell,6th,9 1/2 l,4,10-12,94,True,22,15
Galway Racing Results | 7th October 2025 14:50,2025-10-07,14:50,Yielding,2m 130y,Marelly (IRE),Tiernan Power Roche,5,P J Rothwell,5th,Neck,8,11-7p,102,True,22,15
Galway Racing Results | 7th October 2025 14:50,2025-10-07,14:50,Yielding,2m 130y,Baroness Orczy (IRE),Sean Flanagan,0,B Connell,4th,5 l,5,11-0,95,True,22,15
Galway Racing Results | 7th October 2025 14:50,2025-10-07,14:50,Yielding,2m 130y,Bowgate Street (IRE),Darragh O'Keeffe,0,M Flannery,3rd,Neck,6,10-4t,85,True,22,15
Galway Racing Results | 7th October 2025 14:50,2025-10-07,14:50,Yielding,2m 130y,Harpy Eagle (IRE),Paddy Cody,7,R P Cody,2nd,1/2 l,4,11-7,103,True,22,15
Galway Racing Results | 7th October 2025 14:50,2025-10-07,14:50,Yielding,2m 130y,Torquay Road (IRE),Eoin Staples,7,C Collins,1st,N/A,6,11-12,107,True,22,15
Galway Racing Results | 7th October 2025 15:20,2025-10-07,15:20,Yielding,2m 6f 60y,Sporting Glance (FR),Eoin Staples,7,C Collins,F,N/A,6,11-12t,120,True,22,16
Galway Racing Results | 7th October 2025 15:20,2025-10-07,15:20,Yielding,2m 6f 60y,Black Soul (IRE),Michael Kenneally,7,P Kiely,9th,6 l,6,11-6,114,True,22,16
Galway Racing Results | 7th October 2025 15:20,2025-10-07,15:20,Yielding,2m 6f 60y,Ilbdare (IRE),Phillip Enright,0,M M McNiff,8th,Short Head,5,10-3t,97,True,22,16
Galway Racing Results | 7th October 2025 15:20,2025-10-07,15:20,Yielding,2m 6f 60y,Jacovec Cavern,Danny Mullins,0,P Hennessy,7th,8 l,6,11-6tp,114,True,22,16
Galway Racing Results | 7th October 2025 15:20,2025-10-07,15:20,Yielding,2m 6f 60y,Simpletwistoffaith (IRE),Cian Quirke,0,John F O'Neill,6th,7 l,8,10-0,91,True,22,16
Galway Racing Results | 7th October 2025 15:20,2025-10-07,15:20,Yielding,2m 6f 60y,Boston Rajj (IRE),Jack Kennedy,0,G Elliott,5th,4 1/2 l,7,11-7,115,True,22,16
Galway Racing Results | 7th October 2025 15:20,2025-10-07,15:20,Yielding,2m 6f 60y,Kingkong Ciergues (FR),Simon Torrens,0,P J Rothwell,4th,2 1/4 l,5,10-0p,92,True,22,16
Galway Racing Results | 7th October 2025 15:20,2025-10-07,15:20,Yielding,2m 6f 60y,Dysart Dasher (IRE),Paul Townend,0,W P Mullins,3rd,Short Head,8,11-9t,117,True,22,16
Galway Racing Results | 7th October 2025 15:20,2025-10-07,15:20,Yielding,2m 6f 60y,Imperial Miss (IRE),Sean O'Keeffe,0,T Gibney,2nd,Neck,4,10-1t,97,True,22,16
Galway Racing Results | 7th October 2025 15:20,2025-10-07,15:20,Yielding,2m 6f 60y,Paul Collins (IRE),J J Slevin,0,B McMahon,1st,N/A,5,10-13,107,True,22,16
Galway Racing Results | 7th October 2025 15:20,2025-10-07,15:20,Yielding,2m 6f 60y,Sporting Glance (FR),Eoin Staples,7,C Collins,F,N/A,6,11-12t,120,True,22,16
Galway Racing Results | 7th October 2025 15:20,2025-10-07,15:20,Yielding,2m 6f 60y,Black Soul (IRE),Michael Kenneally,7,P Kiely,9th,6 l,6,11-6,114,True,22,16
Galway Racing Results | 7th October 2025 15:20,2025-10-07,15:20,Yielding,2m 6f 60y,Ilbdare (IRE),Phillip Enright,0,M M McNiff,8th,Short Head,5,10-3t,97,True,22,16
Galway Racing Results | 7th October 2025 15:20,2025-10-07,15:20,Yielding,2m 6f 60y,Jacovec Cavern,Danny Mullins,0,P Hennessy,7th,8 l,6,11-6tp,114,True,22,16
Galway Racing Results | 7th October 2025 15:20,2025-10-07,15:20,Yielding,2m 6f 60y,Simpletwistoffaith (IRE),Cian Quirke,0,John F O'Neill,6th,7 l,8,10-0,91,True,22,16
Galway Racing Results | 7th October 2025 15:20,2025-10-07,15:20,Yielding,2m 6f 60y,Boston Rajj (IRE),Jack Kennedy,0,G Elliott,5th,4 1/2 l,7,11-7,115,True,22,16
Galway Racing Results | 7th October 2025 15:20,2025-10-07,15:20,Yielding,2m 6f 60y,Kingkong Ciergues (FR),Simon Torrens,0,P J Rothwell,4th,2 1/4 l,5,10-0p,92,True,22,16
Galway Racing Results | 7th October 2025 15:20,2025-10-07,15:20,Yielding,2m 6f 60y,Dysart Dasher (IRE),Paul Townend,0,W P Mullins,3rd,Short Head,8,11-9t,117,True,22,16
Galway Racing Results | 7th October 2025 15:20,2025-10-07,15:20,Yielding,2m 6f 60y,Imperial Miss (IRE),Sean O'Keeffe,0,T Gibney,2nd,Neck,4,10-1t,97,True,22,16
Galway Racing Results | 7th October 2025 15:20,2025-10-07,15:20,Yielding,2m 6f 60y,Paul Collins (IRE),J J Slevin,0,B McMahon,1st,N/A,5,10-13,107,True,22,16
Galway Racing Results | 7th October 2025 15:50,2025-10-07,15:50,Yielding,2m 6f 60y,Costanuci (IRE),Miss O M Queally,7,J Queally,5th,60 l,8,11-9,113,True,22,17
Galway Racing Results | 7th October 2025 15:50,2025-10-07,15:50,Yielding,2m 6f 60y,Gers Gigi (IRE),Jack Kennedy,0,G Elliott,4th,58 l,6,11-12,116,True,22,17
Galway Racing Results | 7th October 2025 15:50,2025-10-07,15:50,Yielding,2m 6f 60y,Ladiam (IRE),Gary Noonan,3,N Lee,3rd,20 l,8,10-9t,99,True,22,17
Galway Racing Results | 7th October 2025 15:50,2025-10-07,15:50,Yielding,2m 6f 60y,Grace Faraday (IRE),Alex Harvey,0,A McCann,2nd,11 l,7,10-0h,90,True,22,17
Galway Racing Results | 7th October 2025 15:50,2025-10-07,15:50,Yielding,2m 6f 60y,Kilashee (IRE),Michael Kenneally,7,J P Ryan,1st,N/A,10,10-0,90,True,22,17
Galway Racing Results | 7th October 2025 15:50,2025-10-07,15:50,Yielding,2m 6f 60y,Costanuci (IRE),Miss O M Queally,7,J Queally,5th,60 l,8,11-9,113,True,22,17
Galway Racing Results | 7th October 2025 15:50,2025-10-07,15:50,Yielding,2m 6f 60y,Gers Gigi (IRE),Jack Kennedy,0,G Elliott,4th,58 l,6,11-12,116,True,22,17
Galway Racing Results | 7th October 2025 15:50,2025-10-07,15:50,Yielding,2m 6f 60y,Ladiam (IRE),Gary Noonan,3,N Lee,3rd,20 l,8,10-9t,99,True,22,17
Galway Racing Results | 7th October 2025 15:50,2025-10-07,15:50,Yielding,2m 6f 60y,Grace Faraday (IRE),Alex Harvey,0,A McCann,2nd,11 l,7,10-0h,90,True,22,17
Galway Racing Results | 7th October 2025 15:50,2025-10-07,15:50,Yielding,2m 6f 60y,Kilashee (IRE),Michael Kenneally,7,J P Ryan,1st,N/A,10,10-0,90,True,22,17
Galway Racing Results | 7th October 2025 16:20,2025-10-07,16:20,Yielding,2m 2f 54y,Bridie's Beau (IRE),Kieren Buckley,0,G P Cromwell,6th,8 1/2 l,6,11-12,-,True,22,18
Galway Racing Results | 7th October 2025 16:20,2025-10-07,16:20,Yielding,2m 2f 54y,More Coko (FR),Danny Mullins,0,W P Mullins,5th,10 l,5,11-12h,-,True,22,18
Galway Racing Results | 7th October 2025 16:20,2025-10-07,16:20,Yielding,2m 2f 54y,Crescent Moon (FR),Sean Flanagan,0,G P Cromwell,4th,Neck,5,11-5,-,True,22,18
Galway Racing Results | 7th October 2025 16:20,2025-10-07,16:20,Yielding,2m 2f 54y,Road To Home (IRE),Brian Hayes,0,W P Mullins,3rd,9 l,6,11-12,-,True,22,18
Galway Racing Results | 7th October 2025 16:20,2025-10-07,16:20,Yielding,2m 2f 54y,Will The Wise (IRE),Keith Donoghue,0,G P Cromwell,2nd,1/2 l,6,11-12,130,True,22,18
Galway Racing Results | 7th October 2025 16:20,2025-10-07,16:20,Yielding,2m 2f 54y,Ol Man Dingle (IRE),R A Doyle,0,E Griffin,1st,N/A,6,11-12,-,True,22,18
Galway Racing Results | 7th October 2025 16:20,2025-10-07,16:20,Yielding,2m 2f 54y,Bridie's Beau (IRE),Kieren Buckley,0,G P Cromwell,6th,8 1/2 l,6,11-12,-,True,22,18
Galway Racing Results | 7th October 2025 16:20,2025-10-07,16:20,Yielding,2m 2f 54y,More Coko (FR),Danny Mullins,0,W P Mullins,5th,10 l,5,11-12h,-,True,22,18
Galway Racing Results | 7th October 2025 16:20,2025-10-07,16:20,Yielding,2m 2f 54y,Crescent Moon (FR),Sean Flanagan,0,G P Cromwell,4th,Neck,5,11-5,-,True,22,18
Galway Racing Results | 7th October 2025 16:20,2025-10-07,16:20,Yielding,2m 2f 54y,Road To Home (IRE),Brian Hayes,0,W P Mullins,3rd,9 l,6,11-12,-,True,22,18
Galway Racing Results | 7th October 2025 16:20,2025-10-07,16:20,Yielding,2m 2f 54y,Will The Wise (IRE),Keith Donoghue,0,G P Cromwell,2nd,1/2 l,6,11-12,130,True,22,18
Galway Racing Results | 7th October 2025 16:20,2025-10-07,16:20,Yielding,2m 2f 54y,Ol Man Dingle (IRE),R A Doyle,0,E Griffin,1st,N/A,6,11-12,-,True,22,18
Galway Racing Results | 7th October 2025 16:50,2025-10-07,16:50,Yielding,2m 2f 54y,Luimneach (IRE),Charlie O'Dwyer,5,D McDonogh,UR,N/A,8,11-0ht1,98,True,22,19
Galway Racing Results | 7th October 2025 16:50,2025-10-07,16:50,Yielding,2m 2f 54y,Quornofamonday (IRE),Donagh Meyler,0,J P Dempsey,UR,N/A,7,11-12,110,True,22,19
Galway Racing Results | 7th October 2025 16:50,2025-10-07,16:50,Yielding,2m 2f 54y,Andyourbirdcansing (IRE),Michael Kenneally,7,J P Ryan,F,N/A,7,10-4,88,True,22,19
Galway Racing Results | 7th October 2025 16:50,2025-10-07,16:50,Yielding,2m 2f 54y,Lake Chad (IRE),Niall Moore,5,P Fenton,6th,65 l,10,11-5b,103,True,22,19
Galway Racing Results | 7th October 2025 16:50,2025-10-07,16:50,Yielding,2m 2f 54y,Carlas Big Jim (IRE),Daniel King,0,L J Archdeacon,5th,1 3/4 l,7,10-8,92,True,22,19
Galway Racing Results | 7th October 2025 16:50,2025-10-07,16:50,Yielding,2m 2f 54y,Finnians Row (IRE),Patrick M O'Brien,5,D A McLoughlin,4th,2 l,9,11-3tv,101,True,22,19
Galway Racing Results | 7th October 2025 16:50,2025-10-07,16:50,Yielding,2m 2f 54y,Stily (FR),Sean O'Keeffe,0,M J McDonagh,3rd,3 3/4 l,5,10-2,86,True,22,19
Galway Racing Results | 7th October 2025 16:50,2025-10-07,16:50,Yielding,2m 2f 54y,Vaureal (FR),Keith Donoghue,0,Ian Donoghue,2nd,5 1/2 l,6,11-9,107,True,22,19
Galway Racing Results | 7th October 2025 16:50,2025-10-07,16:50,Yielding,2m 2f 54y,Inthenickoftime (IRE),Simon Torrens,0,E Bolger,1st,N/A,5,11-8,106,True,22,19
Galway Racing Results | 7th October 2025 16:50,2025-10-07,16:50,Yielding,2m 2f 54y,Luimneach (IRE),Charlie O'Dwyer,5,D McDonogh,UR,N/A,8,11-0ht1,98,True,22,19
Galway Racing Results | 7th October 2025 16:50,2025-10-07,16:50,Yielding,2m 2f 54y,Quornofamonday (IRE),Donagh Meyler,0,J P Dempsey,UR,N/A,7,11-12,110,True,22,19
Galway Racing Results | 7th October 2025 16:50,2025-10-07,16:50,Yielding,2m 2f 54y,Andyourbirdcansing (IRE),Michael Kenneally,7,J P Ryan,F,N/A,7,10-4,88,True,22,19
Galway Racing Results | 7th October 2025 16:50,2025-10-07,16:50,Yielding,2m 2f 54y,Lake Chad (IRE),Niall Moore,5,P Fenton,6th,65 l,10,11-5b,103,True,22,19
Galway Racing Results | 7th October 2025 16:50,2025-10-07,16:50,Yielding,2m 2f 54y,Carlas Big Jim (IRE),Daniel King,0,L J Archdeacon,5th,1 3/4 l,7,10-8,92,True,22,19
Galway Racing Results | 7th October 2025 16:50,2025-10-07,16:50,Yielding,2m 2f 54y,Finnians Row (IRE),Patrick M O'Brien,5,D A McLoughlin,4th,2 l,9,11-3tv,101,True,22,19
Galway Racing Results | 7th October 2025 16:50,2025-10-07,16:50,Yielding,2m 2f 54y,Stily (FR),Sean O'Keeffe,0,M J McDonagh,3rd,3 3/4 l,5,10-2,86,True,22,19
Galway Racing Results | 7th October 2025 16:50,2025-10-07,16:50,Yielding,2m 2f 54y,Vaureal (FR),Keith Donoghue,0,Ian Donoghue,2nd,5 1/2 l,6,11-9,107,True,22,19
Galway Racing Results | 7th October 2025 16:50,2025-10-07,16:50,Yielding,2m 2f 54y,Inthenickoftime (IRE),Simon Torrens,0,E Bolger,1st,N/A,5,11-8,106,True,22,19
Galway Racing Results | 7th October 2025 17:20,2025-10-07,17:20,Yielding,2m 130y,Quinta Brigada (IRE),Mr R W Barron,5,Colm Ryan,8th,Head,4,11-10,-,True,22,20
Galway Racing Results | 7th October 2025 17:20,2025-10-07,17:20,Yielding,2m 130y,L'as De Watt (FR),Mr E P O'Brien,5,P Fenton,7th,3 1/2 l,4,11-10,-,True,22,20
Galway Racing Results | 7th October 2025 17:20,2025-10-07,17:20,Yielding,2m 130y,Faith Of Empires (TUR),Mr D O'Connor,0,E Mullins,6th,Head,4,11-10,-,True,22,20
Galway Racing Results | 7th October 2025 17:20,2025-10-07,17:20,Yielding,2m 130y,Poet's Gale (IRE),Mr J Costello,7,A J Martin,5th,3 l,4,11-10,-,True,22,20
Galway Racing Results | 7th October 2025 17:20,2025-10-07,17:20,Yielding,2m 130y,Answer That (IRE),Miss A B O'Connor,0,A McCann,4th,Neck,4,11-10,-,True,22,20
Galway Racing Results | 7th October 2025 17:20,2025-10-07,17:20,Yielding,2m 130y,Jet Renegade (IRE),Mr J C Barry,0,A Kinirons,3rd,3 l,4,11-10,-,True,22,20
Galway Racing Results | 7th October 2025 17:20,2025-10-07,17:20,Yielding,2m 130y,Zeus Power (GER),Mr J L Gleeson,0,J P O'Brien,2nd,1 1/4 l,4,11-10,-,True,22,20
Galway Racing Results | 7th October 2025 17:20,2025-10-07,17:20,Yielding,2m 130y,Mullaghgloss (IRE),Mr A P Ryan,5,A Slattery,1st,N/A,4,11-10,-,True,22,20
Galway Racing Results | 7th October 2025 17:20,2025-10-07,17:20,Yielding,2m 130y,Quinta Brigada (IRE),Mr R W Barron,5,Colm Ryan,8th,Head,4,11-10,-,True,22,20
Galway Racing Results | 7th October 2025 17:20,2025-10-07,17:20,Yielding,2m 130y,L'as De Watt (FR),Mr E P O'Brien,5,P Fenton,7th,3 1/2 l,4,11-10,-,True,22,20
Galway Racing Results | 7th October 2025 17:20,2025-10-07,17:20,Yielding,2m 130y,Faith Of Empires (TUR),Mr D O'Connor,0,E Mullins,6th,Head,4,11-10,-,True,22,20
Galway Racing Results | 7th October 2025 17:20,2025-10-07,17:20,Yielding,2m 130y,Poet's Gale (IRE),Mr J Costello,7,A J Martin,5th,3 l,4,11-10,-,True,22,20
Galway Racing Results | 7th October 2025 17:20,2025-10-07,17:20,Yielding,2m 130y,Answer That (IRE),Miss A B O'Connor,0,A McCann,4th,Neck,4,11-10,-,True,22,20
Galway Racing Results | 7th October 2025 17:20,2025-10-07,17:20,Yielding,2m 130y,Jet Renegade (IRE),Mr J C Barry,0,A Kinirons,3rd,3 l,4,11-10,-,True,22,20
Galway Racing Results | 7th October 2025 17:20,2025-10-07,17:20,Yielding,2m 130y,Zeus Power (GER),Mr J L Gleeson,0,J P O'Brien,2nd,1 1/4 l,4,11-10,-,True,22,20
Galway Racing Results | 7th October 2025 17:20,2025-10-07,17:20,Yielding,2m 130y,Mullaghgloss (IRE),Mr A P Ryan,5,A Slattery,1st,N/A,4,11-10,-,True,22,20
Navan Racing Results | 8th October 2025 13:52,2025-10-08,13:52,Yielding,5f 180y,Prominent Princess (IRE),Declan McDonogh,0,C O'Connell,14th,1 l,2,8-11,-,True,22,21
Navan Racing Results | 8th October 2025 13:52,2025-10-08,13:52,Yielding,5f 180y,Buster's Universal (IRE),Keithen Kennedy,5,Mrs J Harrington,13th,2 l,2,9-6,-,True,22,21
Navan Racing Results | 8th October 2025 13:52,2025-10-08,13:52,Yielding,5f 180y,Lock'd Up Lane,Patrick McGettigan,7,Sean Davis,12th,3 1/2 l,2,8-11,-,True,22,21
Navan Racing Results | 8th October 2025 13:52,2025-10-08,13:52,Yielding,5f 180y,Pliny (IRE),Chris Hayes,0,N Meade,11th,Neck,2,9-0b1,78,True,22,21
Navan Racing Results | 8th October 2025 13:52,2025-10-08,13:52,Yielding,5f 180y,Beau Army (IRE),Rory Cleary,0,A McGuinness,10th,1 3/4 l,2,8-9,-,True,22,21
Navan Racing Results | 8th October 2025 13:52,2025-10-08,13:52,Yielding,5f 180y,Raven's Call (IRE),Wayne Hassett,3,E Lynam,9th,3/4 l,2,8-9,-,True,22,21
Navan Racing Results | 8th October 2025 13:52,2025-10-08,13:52,Yielding,5f 180y,Realistic Dream (IRE),Andrew Slattery,0,A Slattery,8th,Neck,2,8-9,-,True,22,21
Navan Racing Results | 8th October 2025 13:52,2025-10-08,13:52,Yielding,5f 180y,Dream And Believe (IRE),Dylan Browne McMonagle,0,Daniel Murphy,7th,1 1/2 l,2,9-2,-,True,22,21
Navan Racing Results | 8th October 2025 13:52,2025-10-08,13:52,Yielding,5f 180y,Queenofthefairys (IRE),Wesley Joyce,3,Paul Mulligan,6th,2 1/2 l,2,8-9,-,True,22,21
Navan Racing Results | 8th October 2025 13:52,2025-10-08,13:52,Yielding,5f 180y,White Smoke (IRE),Wayne Lordan,0,M C Grassick,5th,2 3/4 l,2,8-9,84,True,22,21
Navan Racing Results | 8th October 2025 13:52,2025-10-08,13:52,Yielding,5f 180y,Elly Bay (IRE),Jamie Powell,0,J P Murtagh,4th,1 1/2 l,2,8-9,71,True,22,21
Navan Racing Results | 8th October 2025 13:52,2025-10-08,13:52,Yielding,5f 180y,Anushka (IRE),Billy Lee,0,H De Bromhead,3rd,3/4 l,2,9-3,-,True,22,21
Navan Racing Results | 8th October 2025 13:52,2025-10-08,13:52,Yielding,5f 180y,Ocean's Breath (IRE),Colin Keane,0,G M Lyons,2nd,3/4 l,2,9-4,-,True,22,21
Navan Racing Results | 8th October 2025 13:52,2025-10-08,13:52,Yielding,5f 180y,Kindergarten (IRE),Shane Foley,0,Mrs J Harrington,1st,N/A,2,8-13,-,True,22,21
Navan Racing Results | 8th October 2025 13:52,2025-10-08,13:52,Yielding,5f 180y,Prominent Princess (IRE),Declan McDonogh,0,C O'Connell,14th,1 l,2,8-11,-,True,22,21
Navan Racing Results | 8th October 2025 13:52,2025-10-08,13:52,Yielding,5f 180y,Buster's Universal (IRE),Keithen Kennedy,5,Mrs J Harrington,13th,2 l,2,9-6,-,True,22,21
Navan Racing Results | 8th October 2025 13:52,2025-10-08,13:52,Yielding,5f 180y,Lock'd Up Lane,Patrick McGettigan,7,Sean Davis,12th,3 1/2 l,2,8-11,-,True,22,21
Navan Racing Results | 8th October 2025 13:52,2025-10-08,13:52,Yielding,5f 180y,Pliny (IRE),Chris Hayes,0,N Meade,11th,Neck,2,9-0b1,78,True,22,21
Navan Racing Results | 8th October 2025 13:52,2025-10-08,13:52,Yielding,5f 180y,Beau Army (IRE),Rory Cleary,0,A McGuinness,10th,1 3/4 l,2,8-9,-,True,22,21
Navan Racing Results | 8th October 2025 13:52,2025-10-08,13:52,Yielding,5f 180y,Raven's Call (IRE),Wayne Hassett,3,E Lynam,9th,3/4 l,2,8-9,-,True,22,21
Navan Racing Results | 8th October 2025 13:52,2025-10-08,13:52,Yielding,5f 180y,Realistic Dream (IRE),Andrew Slattery,0,A Slattery,8th,Neck,2,8-9,-,True,22,21
Navan Racing Results | 8th October 2025 13:52,2025-10-08,13:52,Yielding,5f 180y,Dream And Believe (IRE),Dylan Browne McMonagle,0,Daniel Murphy,7th,1 1/2 l,2,9-2,-,True,22,21
Navan Racing Results | 8th October 2025 13:52,2025-10-08,13:52,Yielding,5f 180y,Queenofthefairys (IRE),Wesley Joyce,3,Paul Mulligan,6th,2 1/2 l,2,8-9,-,True,22,21
Navan Racing Results | 8th October 2025 13:52,2025-10-08,13:52,Yielding,5f 180y,White Smoke (IRE),Wayne Lordan,0,M C Grassick,5th,2 3/4 l,2,8-9,84,True,22,21
Navan Racing Results | 8th October 2025 13:52,2025-10-08,13:52,Yielding,5f 180y,Elly Bay (IRE),Jamie Powell,0,J P Murtagh,4th,1 1/2 l,2,8-9,71,True,22,21
Navan Racing Results | 8th October 2025 13:52,2025-10-08,13:52,Yielding,5f 180y,Anushka (IRE),Billy Lee,0,H De Bromhead,3rd,3/4 l,2,9-3,-,True,22,21
Navan Racing Results | 8th October 2025 13:52,2025-10-08,13:52,Yielding,5f 180y,Ocean's Breath (IRE),Colin Keane,0,G M Lyons,2nd,3/4 l,2,9-4,-,True,22,21
Navan Racing Results | 8th October 2025 13:52,2025-10-08,13:52,Yielding,5f 180y,Kindergarten (IRE),Shane Foley,0,Mrs J Harrington,1st,N/A,2,8-13,-,True,22,21
Navan Racing Results | 8th October 2025 14:22,2025-10-08,14:22,Yielding,5f 180y,She's A Gift,Chris Hayes,0,J C McConnell,12th,3 3/4 l,3,9-3,-,True,22,22
Navan Racing Results | 8th October 2025 14:22,2025-10-08,14:22,Yielding,5f 180y,Close Encounter (IRE),Declan McDonogh,0,C O'Brien,11th,7 1/2 l,3,9-3h,-,True,22,22
Navan Racing Results | 8th October 2025 14:22,2025-10-08,14:22,Yielding,5f 180y,Desert Power (IRE),James Ryan,0,E Lynam,10th,Nose,4,9-9t,69,True,22,22
Navan Racing Results | 8th October 2025 14:22,2025-10-08,14:22,Yielding,5f 180y,Vanity's Boy (IRE),Killian Leonard,0,Daniel Murphy,9th,Neck,3,9-8,-,True,22,22
Navan Racing Results | 8th October 2025 14:22,2025-10-08,14:22,Yielding,5f 180y,Dandy Land (IRE),Nathan Crosse,0,W McCreery,8th,4 1/2 l,3,9-3,-,True,22,22
Navan Racing Results | 8th October 2025 14:22,2025-10-08,14:22,Yielding,5f 180y,Edmond Halley (IRE),Dylan Browne McMonagle,0,K P Cotter,7th,1 1/4 l,3,9-8,-,True,22,22
Navan Racing Results | 8th October 2025 14:22,2025-10-08,14:22,Yielding,5f 180y,Men Of Honour (IRE),Sam Coen,7,A Slattery,6th,1 l,3,9-8t1,72,True,22,22
Navan Racing Results | 8th October 2025 14:22,2025-10-08,14:22,Yielding,5f 180y,Poweracclaim (IRE),Ben Coen,0,J P Murtagh,5th,Head,3,9-8h1,73,True,22,22
Navan Racing Results | 8th October 2025 14:22,2025-10-08,14:22,Yielding,5f 180y,Lunigiana (IRE),Billy Lee,0,W McCreery,4th,Head,3,9-3,76,True,22,22
Navan Racing Results | 8th October 2025 14:22,2025-10-08,14:22,Yielding,5f 180y,Glory To Be (IRE),Wayne Lordan,0,M C Grassick,3rd,3/4 l,3,9-3b,68,True,22,22
Navan Racing Results | 8th October 2025 14:22,2025-10-08,14:22,Yielding,5f 180y,Ballintogher (IRE),Ronan Whelan,0,Daniel Murphy,2nd,Head,3,9-8,73,True,22,22
Navan Racing Results | 8th October 2025 14:22,2025-10-08,14:22,Yielding,5f 180y,Chester Nimitz (IRE),Colin Keane,0,N Meade,1st,N/A,3,9-8,72,True,22,22
Navan Racing Results | 8th October 2025 14:22,2025-10-08,14:22,Yielding,5f 180y,She's A Gift,Chris Hayes,0,J C McConnell,12th,3 3/4 l,3,9-3,-,True,22,22
Navan Racing Results | 8th October 2025 14:22,2025-10-08,14:22,Yielding,5f 180y,Close Encounter (IRE),Declan McDonogh,0,C O'Brien,11th,7 1/2 l,3,9-3h,-,True,22,22
Navan Racing Results | 8th October 2025 14:22,2025-10-08,14:22,Yielding,5f 180y,Desert Power (IRE),James Ryan,0,E Lynam,10th,Nose,4,9-9t,69,True,22,22
Navan Racing Results | 8th October 2025 14:22,2025-10-08,14:22,Yielding,5f 180y,Vanity's Boy (IRE),Killian Leonard,0,Daniel Murphy,9th,Neck,3,9-8,-,True,22,22
Navan Racing Results | 8th October 2025 14:22,2025-10-08,14:22,Yielding,5f 180y,Dandy Land (IRE),Nathan Crosse,0,W McCreery,8th,4 1/2 l,3,9-3,-,True,22,22
Navan Racing Results | 8th October 2025 14:22,2025-10-08,14:22,Yielding,5f 180y,Edmond Halley (IRE),Dylan Browne McMonagle,0,K P Cotter,7th,1 1/4 l,3,9-8,-,True,22,22
Navan Racing Results | 8th October 2025 14:22,2025-10-08,14:22,Yielding,5f 180y,Men Of Honour (IRE),Sam Coen,7,A Slattery,6th,1 l,3,9-8t1,72,True,22,22
Navan Racing Results | 8th October 2025 14:22,2025-10-08,14:22,Yielding,5f 180y,Poweracclaim (IRE),Ben Coen,0,J P Murtagh,5th,Head,3,9-8h1,73,True,22,22
Navan Racing Results | 8th October 2025 14:22,2025-10-08,14:22,Yielding,5f 180y,Lunigiana (IRE),Billy Lee,0,W McCreery,4th,Head,3,9-3,76,True,22,22
Navan Racing Results | 8th October 2025 14:22,2025-10-08,14:22,Yielding,5f 180y,Glory To Be (IRE),Wayne Lordan,0,M C Grassick,3rd,3/4 l,3,9-3b,68,True,22,22
Navan Racing Results | 8th October 2025 14:22,2025-10-08,14:22,Yielding,5f 180y,Ballintogher (IRE),Ronan Whelan,0,Daniel Murphy,2nd,Head,3,9-8,73,True,22,22
Navan Racing Results | 8th October 2025 14:22,2025-10-08,14:22,Yielding,5f 180y,Chester Nimitz (IRE),Colin Keane,0,N Meade,1st,N/A,3,9-8,72,True,22,22
Navan Racing Results | 8th October 2025 14:52,2025-10-08,14:52,Yielding,5f 180y,Wedding Year (IRE),Rory Cleary,0,A McGuinness,13th,22 l,2,8-7t,47,True,22,23
Navan Racing Results | 8th October 2025 14:52,2025-10-08,14:52,Yielding,5f 180y,Gas Works Wall (IRE),Wayne Hassett,3,J P O'Brien,12th,1 1/4 l,2,8-11p,55,True,22,23
Navan Racing Results | 8th October 2025 14:52,2025-10-08,14:52,Yielding,5f 180y,Elza Diva (IRE),Chris Hayes,0,M Fahey,11th,1/2 l,2,8-7,49,True,22,23
Navan Racing Results | 8th October 2025 14:52,2025-10-08,14:52,Yielding,5f 180y,Imnotleavinyou (IRE),Wesley Joyce,3,M Mulvany,10th,2 1/2 l,2,8-7t,51,True,22,23
Navan Racing Results | 8th October 2025 14:52,2025-10-08,14:52,Yielding,5f 180y,That's No Joke (IRE),Dylan Browne McMonagle,0,J P O'Brien,9th,Short Head,2,10-0,72,True,22,23
Navan Racing Results | 8th October 2025 14:52,2025-10-08,14:52,Yielding,5f 180y,Saxon Grace (IRE),Colin Keane,0,C O'Connell,8th,Neck,2,9-4,62,True,22,23
Navan Racing Results | 8th October 2025 14:52,2025-10-08,14:52,Yielding,5f 180y,Cisterna (IRE),Sam Coen,7,A Slattery,7th,Neck,2,9-5v,63,True,22,23
Navan Racing Results | 8th October 2025 14:52,2025-10-08,14:52,Yielding,5f 180y,Worldly (IRE),Nathan Crosse,0,J Halley,6th,1/2 l,2,8-7,47,True,22,23
Navan Racing Results | 8th October 2025 14:52,2025-10-08,14:52,Yielding,5f 180y,Aurora Mist (IRE),Andrew Slattery,0,A Slattery,5th,3/4 l,2,9-6,64,True,22,23
Navan Racing Results | 8th October 2025 14:52,2025-10-08,14:52,Yielding,5f 180y,Stock Market,Freya Frain,10,A P O'Brien,4th,1 1/2 l,2,9-8b,66,True,22,23
Navan Racing Results | 8th October 2025 14:52,2025-10-08,14:52,Yielding,5f 180y,Bay Of Supremacy (IRE),Ben Coen,0,J P Murtagh,3rd,1/2 l,2,10-1b,73,True,22,23
Navan Racing Results | 8th October 2025 14:52,2025-10-08,14:52,Yielding,5f 180y,Believe In Glory (IRE),Ronan Whelan,0,K J Condon,2nd,3 3/4 l,2,8-13t,57,True,22,23
Navan Racing Results | 8th October 2025 14:52,2025-10-08,14:52,Yielding,5f 180y,The Love Machine (IRE),Terry Casey,10,M Mulvany,1st,N/A,2,9-3t,61,True,22,23
Navan Racing Results | 8th October 2025 14:52,2025-10-08,14:52,Yielding,5f 180y,Wedding Year (IRE),Rory Cleary,0,A McGuinness,13th,22 l,2,8-7t,47,True,22,23
Navan Racing Results | 8th October 2025 14:52,2025-10-08,14:52,Yielding,5f 180y,Gas Works Wall (IRE),Wayne Hassett,3,J P O'Brien,12th,1 1/4 l,2,8-11p,55,True,22,23
Navan Racing Results | 8th October 2025 14:52,2025-10-08,14:52,Yielding,5f 180y,Elza Diva (IRE),Chris Hayes,0,M Fahey,11th,1/2 l,2,8-7,49,True,22,23
Navan Racing Results | 8th October 2025 14:52,2025-10-08,14:52,Yielding,5f 180y,Imnotleavinyou (IRE),Wesley Joyce,3,M Mulvany,10th,2 1/2 l,2,8-7t,51,True,22,23
Navan Racing Results | 8th October 2025 14:52,2025-10-08,14:52,Yielding,5f 180y,That's No Joke (IRE),Dylan Browne McMonagle,0,J P O'Brien,9th,Short Head,2,10-0,72,True,22,23
Navan Racing Results | 8th October 2025 14:52,2025-10-08,14:52,Yielding,5f 180y,Saxon Grace (IRE),Colin Keane,0,C O'Connell,8th,Neck,2,9-4,62,True,22,23
Navan Racing Results | 8th October 2025 14:52,2025-10-08,14:52,Yielding,5f 180y,Cisterna (IRE),Sam Coen,7,A Slattery,7th,Neck,2,9-5v,63,True,22,23
Navan Racing Results | 8th October 2025 14:52,2025-10-08,14:52,Yielding,5f 180y,Worldly (IRE),Nathan Crosse,0,J Halley,6th,1/2 l,2,8-7,47,True,22,23
Navan Racing Results | 8th October 2025 14:52,2025-10-08,14:52,Yielding,5f 180y,Aurora Mist (IRE),Andrew Slattery,0,A Slattery,5th,3/4 l,2,9-6,64,True,22,23
Navan Racing Results | 8th October 2025 14:52,2025-10-08,14:52,Yielding,5f 180y,Stock Market,Freya Frain,10,A P O'Brien,4th,1 1/2 l,2,9-8b,66,True,22,23
Navan Racing Results | 8th October 2025 14:52,2025-10-08,14:52,Yielding,5f 180y,Bay Of Supremacy (IRE),Ben Coen,0,J P Murtagh,3rd,1/2 l,2,10-1b,73,True,22,23
Navan Racing Results | 8th October 2025 14:52,2025-10-08,14:52,Yielding,5f 180y,Believe In Glory (IRE),Ronan Whelan,0,K J Condon,2nd,3 3/4 l,2,8-13t,57,True,22,23
Navan Racing Results | 8th October 2025 14:52,2025-10-08,14:52,Yielding,5f 180y,The Love Machine (IRE),Terry Casey,10,M Mulvany,1st,N/A,2,9-3t,61,True,22,23
Navan Racing Results | 8th October 2025 15:22,2025-10-08,15:22,Yielding,5f 180y,Roman Harry (IRE),Ben Coen,0,C O'Connell,17th,4 1/2 l,5,9-9p,52,True,22,24
Navan Racing Results | 8th October 2025 15:22,2025-10-08,15:22,Yielding,5f 180y,Layoftheland (IRE),Rory Cleary,0,Sean Davis,16th,1 1/4 l,4,8-11t,40,True,22,24
Navan Racing Results | 8th October 2025 15:22,2025-10-08,15:22,Yielding,5f 180y,Stanhope,Keithen Kennedy,5,J C McConnell,15th,2 1/2 l,11,9-0,43,True,22,24
Navan Racing Results | 8th October 2025 15:22,2025-10-08,15:22,Yielding,5f 180y,Eruption (IRE),Ross Coakley,0,J C McConnell,14th,1 1/2 l,6,9-1b,44,True,22,24
Navan Racing Results | 8th October 2025 15:22,2025-10-08,15:22,Yielding,5f 180y,Far At Sea (IRE),Killian Leonard,0,P J F Murphy,13th,1 1/2 l,3,8-11,41,True,22,24
Navan Racing Results | 8th October 2025 15:22,2025-10-08,15:22,Yielding,5f 180y,Reponse Finale (IRE),A J Casey,10,L Casey,12th,1 l,3,9-6,50,True,22,24
Navan Racing Results | 8th October 2025 15:22,2025-10-08,15:22,Yielding,5f 180y,Ukiyo (IRE),Robert Whearty,0,G P Cromwell,11th,Neck,4,9-13,56,True,22,24
Navan Racing Results | 8th October 2025 15:22,2025-10-08,15:22,Yielding,5f 180y,Run Forrest Run (IRE),James Ryan,0,Thomas Coyle,10th,Short Head,7,9-12tb,55,True,22,24
Navan Racing Results | 8th October 2025 15:22,2025-10-08,15:22,Yielding,5f 180y,Kwa Herini,Julian Pietropaolo,7,Kevin Coleman,9th,Short Head,4,10-2b1,59,True,22,24
Navan Racing Results | 8th October 2025 15:22,2025-10-08,15:22,Yielding,5f 180y,American In Paris (IRE),Dylan Browne McMonagle,0,P W Flynn,8th,3/4 l,5,9-2tv,45,True,22,24
Navan Racing Results | 8th October 2025 15:22,2025-10-08,15:22,Yielding,5f 180y,Annie Lavinia (IRE),Billy Lee,0,E Lynam,7th,1 l,3,10-0tp,58,True,22,24
Navan Racing Results | 8th October 2025 15:22,2025-10-08,15:22,Yielding,5f 180y,Only Spoofing (IRE),Sam Coen,7,Kevin Coleman,6th,3 1/4 l,11,10-1,58,True,22,24
Navan Racing Results | 8th October 2025 15:22,2025-10-08,15:22,Yielding,5f 180y,Jazzy Dancer (IRE),N G McCullagh,0,W J Martin,5th,3/4 l,7,9-8,51,True,22,24
Navan Racing Results | 8th October 2025 15:22,2025-10-08,15:22,Yielding,5f 180y,Browned Off (IRE),Shane Foley,0,P W Flynn,4th,Nose,4,8-11b1,40,True,22,24
Navan Racing Results | 8th October 2025 15:22,2025-10-08,15:22,Yielding,5f 180y,Platino Bianco (IRE),Gavin Ryan,0,C Timmons,3rd,2 1/2 l,4,8-12,41,True,22,24
Navan Racing Results | 8th October 2025 15:22,2025-10-08,15:22,Yielding,5f 180y,Gimmieminnie (IRE),Aleesha McArdle,10,M Rice,2nd,1/2 l,4,8-11ht,40,True,22,24
Navan Racing Results | 8th October 2025 15:22,2025-10-08,15:22,Yielding,5f 180y,Step Back In Time (IRE),Colin Keane,0,C Timmons,1st,N/A,7,9-8p,51,True,22,24
Navan Racing Results | 8th October 2025 15:22,2025-10-08,15:22,Yielding,5f 180y,Roman Harry (IRE),Ben Coen,0,C O'Connell,17th,4 1/2 l,5,9-9p,52,True,22,24
Navan Racing Results | 8th October 2025 15:22,2025-10-08,15:22,Yielding,5f 180y,Layoftheland (IRE),Rory Cleary,0,Sean Davis,16th,1 1/4 l,4,8-11t,40,True,22,24
Navan Racing Results | 8th October 2025 15:22,2025-10-08,15:22,Yielding,5f 180y,Stanhope,Keithen Kennedy,5,J C McConnell,15th,2 1/2 l,11,9-0,43,True,22,24
Navan Racing Results | 8th October 2025 15:22,2025-10-08,15:22,Yielding,5f 180y,Eruption (IRE),Ross Coakley,0,J C McConnell,14th,1 1/2 l,6,9-1b,44,True,22,24
Navan Racing Results | 8th October 2025 15:22,2025-10-08,15:22,Yielding,5f 180y,Far At Sea (IRE),Killian Leonard,0,P J F Murphy,13th,1 1/2 l,3,8-11,41,True,22,24
Navan Racing Results | 8th October 2025 15:22,2025-10-08,15:22,Yielding,5f 180y,Reponse Finale (IRE),A J Casey,10,L Casey,12th,1 l,3,9-6,50,True,22,24
Navan Racing Results | 8th October 2025 15:22,2025-10-08,15:22,Yielding,5f 180y,Ukiyo (IRE),Robert Whearty,0,G P Cromwell,11th,Neck,4,9-13,56,True,22,24
Navan Racing Results | 8th October 2025 15:22,2025-10-08,15:22,Yielding,5f 180y,Run Forrest Run (IRE),James Ryan,0,Thomas Coyle,10th,Short Head,7,9-12tb,55,True,22,24
Navan Racing Results | 8th October 2025 15:22,2025-10-08,15:22,Yielding,5f 180y,Kwa Herini,Julian Pietropaolo,7,Kevin Coleman,9th,Short Head,4,10-2b1,59,True,22,24
Navan Racing Results | 8th October 2025 15:22,2025-10-08,15:22,Yielding,5f 180y,American In Paris (IRE),Dylan Browne McMonagle,0,P W Flynn,8th,3/4 l,5,9-2tv,45,True,22,24
Navan Racing Results | 8th October 2025 15:22,2025-10-08,15:22,Yielding,5f 180y,Annie Lavinia (IRE),Billy Lee,0,E Lynam,7th,1 l,3,10-0tp,58,True,22,24
Navan Racing Results | 8th October 2025 15:22,2025-10-08,15:22,Yielding,5f 180y,Only Spoofing (IRE),Sam Coen,7,Kevin Coleman,6th,3 1/4 l,11,10-1,58,True,22,24
Navan Racing Results | 8th October 2025 15:22,2025-10-08,15:22,Yielding,5f 180y,Jazzy Dancer (IRE),N G McCullagh,0,W J Martin,5th,3/4 l,7,9-8,51,True,22,24
Navan Racing Results | 8th October 2025 15:22,2025-10-08,15:22,Yielding,5f 180y,Browned Off (IRE),Shane Foley,0,P W Flynn,4th,Nose,4,8-11b1,40,True,22,24
Navan Racing Results | 8th October 2025 15:22,2025-10-08,15:22,Yielding,5f 180y,Platino Bianco (IRE),Gavin Ryan,0,C Timmons,3rd,2 1/2 l,4,8-12,41,True,22,24
Navan Racing Results | 8th October 2025 15:22,2025-10-08,15:22,Yielding,5f 180y,Gimmieminnie (IRE),Aleesha McArdle,10,M Rice,2nd,1/2 l,4,8-11ht,40,True,22,24
Navan Racing Results | 8th October 2025 15:22,2025-10-08,15:22,Yielding,5f 180y,Step Back In Time (IRE),Colin Keane,0,C Timmons,1st,N/A,7,9-8p,51,True,22,24
Navan Racing Results | 8th October 2025 15:52,2025-10-08,15:52,Yielding,1m 40y,Dyker Heights (IRE),Robbie Colgan,0,M J Smith,13th,8 l,2,9-2,-,True,22,25
Navan Racing Results | 8th October 2025 15:52,2025-10-08,15:52,Yielding,1m 40y,Coul Dore (IRE),Ronan Whelan,0,S R B Crawford,12th,1 1/2 l,2,9-7,-,True,22,25
Navan Racing Results | 8th October 2025 15:52,2025-10-08,15:52,Yielding,1m 40y,Arctic Assassin (IRE),J M Sheridan,0,J P O'Brien,11th,4 1/4 l,2,9-7,-,True,22,25
Navan Racing Results | 8th October 2025 15:52,2025-10-08,15:52,Yielding,1m 40y,Proposition (IRE),J Cleary,5,A P O'Brien,10th,Neck,2,9-7,-,True,22,25
Navan Racing Results | 8th October 2025 15:52,2025-10-08,15:52,Yielding,1m 40y,Dreoilin (IRE),Ross Coakley,0,J S Bolger,9th,Neck,2,9-2,-,True,22,25
Navan Racing Results | 8th October 2025 15:52,2025-10-08,15:52,Yielding,1m 40y,Cameclose (IRE),James Ryan,0,J Davison,8th,3/4 l,2,9-7,-,True,22,25
Navan Racing Results | 8th October 2025 15:52,2025-10-08,15:52,Yielding,1m 40y,Ex Animo (IRE),Wayne Lordan,0,A P O'Brien,7th,3 l,2,9-7,-,True,22,25
Navan Racing Results | 8th October 2025 15:52,2025-10-08,15:52,Yielding,1m 40y,Totally Puzzled (IRE),Billy Lee,0,H De Bromhead,6th,Head,2,9-2,-,True,22,25
Navan Racing Results | 8th October 2025 15:52,2025-10-08,15:52,Yielding,1m 40y,Hippology,Declan McDonogh,0,J P O'Brien,5th,3/4 l,2,9-7,-,True,22,25
Navan Racing Results | 8th October 2025 15:52,2025-10-08,15:52,Yielding,1m 40y,Johnny Soda (IRE),Adam Caffrey,0,A McGuinness,4th,3 3/4 l,2,9-7,-,True,22,25
Navan Racing Results | 8th October 2025 15:52,2025-10-08,15:52,Yielding,1m 40y,Ardad Ned (IRE),Colin Keane,0,N Meade,3rd,Head,2,9-7,-,True,22,25
Navan Racing Results | 8th October 2025 15:52,2025-10-08,15:52,Yielding,1m 40y,James J Braddock,Dylan Browne McMonagle,0,J P O'Brien,2nd,1/2 l,2,9-7,-,True,22,25
Navan Racing Results | 8th October 2025 15:52,2025-10-08,15:52,Yielding,1m 40y,Sugar Goodson (IRE),Chris Hayes,0,G Elliott,1st,N/A,2,9-7,-,True,22,25
Navan Racing Results | 8th October 2025 15:52,2025-10-08,15:52,Yielding,1m 40y,Dyker Heights (IRE),Robbie Colgan,0,M J Smith,13th,8 l,2,9-2,-,True,22,25
Navan Racing Results | 8th October 2025 15:52,2025-10-08,15:52,Yielding,1m 40y,Coul Dore (IRE),Ronan Whelan,0,S R B Crawford,12th,1 1/2 l,2,9-7,-,True,22,25
Navan Racing Results | 8th October 2025 15:52,2025-10-08,15:52,Yielding,1m 40y,Arctic Assassin (IRE),J M Sheridan,0,J P O'Brien,11th,4 1/4 l,2,9-7,-,True,22,25
Navan Racing Results | 8th October 2025 15:52,2025-10-08,15:52,Yielding,1m 40y,Proposition (IRE),J Cleary,5,A P O'Brien,10th,Neck,2,9-7,-,True,22,25
Navan Racing Results | 8th October 2025 15:52,2025-10-08,15:52,Yielding,1m 40y,Dreoilin (IRE),Ross Coakley,0,J S Bolger,9th,Neck,2,9-2,-,True,22,25
Navan Racing Results | 8th October 2025 15:52,2025-10-08,15:52,Yielding,1m 40y,Cameclose (IRE),James Ryan,0,J Davison,8th,3/4 l,2,9-7,-,True,22,25
Navan Racing Results | 8th October 2025 15:52,2025-10-08,15:52,Yielding,1m 40y,Ex Animo (IRE),Wayne Lordan,0,A P O'Brien,7th,3 l,2,9-7,-,True,22,25
Navan Racing Results | 8th October 2025 15:52,2025-10-08,15:52,Yielding,1m 40y,Totally Puzzled (IRE),Billy Lee,0,H De Bromhead,6th,Head,2,9-2,-,True,22,25
Navan Racing Results | 8th October 2025 15:52,2025-10-08,15:52,Yielding,1m 40y,Hippology,Declan McDonogh,0,J P O'Brien,5th,3/4 l,2,9-7,-,True,22,25
Navan Racing Results | 8th October 2025 15:52,2025-10-08,15:52,Yielding,1m 40y,Johnny Soda (IRE),Adam Caffrey,0,A McGuinness,4th,3 3/4 l,2,9-7,-,True,22,25
Navan Racing Results | 8th October 2025 15:52,2025-10-08,15:52,Yielding,1m 40y,Ardad Ned (IRE),Colin Keane,0,N Meade,3rd,Head,2,9-7,-,True,22,25
Navan Racing Results | 8th October 2025 15:52,2025-10-08,15:52,Yielding,1m 40y,James J Braddock,Dylan Browne McMonagle,0,J P O'Brien,2nd,1/2 l,2,9-7,-,True,22,25
Navan Racing Results | 8th October 2025 15:52,2025-10-08,15:52,Yielding,1m 40y,Sugar Goodson (IRE),Chris Hayes,0,G Elliott,1st,N/A,2,9-7,-,True,22,25
Navan Racing Results | 8th October 2025 16:24,2025-10-08,16:24,Yielding,1m 40y,Um Wadi (IRE),Dylan Browne McMonagle,0,J P O'Brien,9th,1 l,4,9-10,80,True,22,26
Navan Racing Results | 8th October 2025 16:24,2025-10-08,16:24,Yielding,1m 40y,Spanish Princess (IRE),Julian Pietropaolo,7,J C McConnell,8th,2 3/4 l,4,8-9,65,True,22,26
Navan Racing Results | 8th October 2025 16:24,2025-10-08,16:24,Yielding,1m 40y,Storm Averted (IRE),Wesley Joyce,3,M Mulvany,7th,1 l,4,9-3t,73,True,22,26
Navan Racing Results | 8th October 2025 16:24,2025-10-08,16:24,Yielding,1m 40y,Tachos (IRE),Chris Hayes,0,D K Weld,6th,3/4 l,4,10-0t,84,True,22,26
Navan Racing Results | 8th October 2025 16:24,2025-10-08,16:24,Yielding,1m 40y,Love Is Blind (IRE),Wayne Hassett,3,J P O'Brien,5th,2 1/2 l,3,9-9,82,True,22,26
Navan Racing Results | 8th October 2025 16:24,2025-10-08,16:24,Yielding,1m 40y,Bundle Of Interest (IRE),Nathan Crosse,0,W McCreery,4th,Short Head,3,8-13v,72,True,22,26
Navan Racing Results | 8th October 2025 16:24,2025-10-08,16:24,Yielding,1m 40y,Thrifty Of Digby (IRE),Shane Foley,0,Mrs J Harrington,3rd,5 1/2 l,4,9-5,75,True,22,26
Navan Racing Results | 8th October 2025 16:24,2025-10-08,16:24,Yielding,1m 40y,Fast Tara (IRE),Luke McAteer,0,P W Flynn,2nd,1/2 l,5,9-5t,75,True,22,26
Navan Racing Results | 8th October 2025 16:24,2025-10-08,16:24,Yielding,1m 40y,Gloriously Glam (IRE),Adam Caffrey,0,A McGuinness,1st,N/A,3,9-2p,75,True,22,26
Navan Racing Results | 8th October 2025 16:24,2025-10-08,16:24,Yielding,1m 40y,Um Wadi (IRE),Dylan Browne McMonagle,0,J P O'Brien,9th,1 l,4,9-10,80,True,22,26
Navan Racing Results | 8th October 2025 16:24,2025-10-08,16:24,Yielding,1m 40y,Spanish Princess (IRE),Julian Pietropaolo,7,J C McConnell,8th,2 3/4 l,4,8-9,65,True,22,26
Navan Racing Results | 8th October 2025 16:24,2025-10-08,16:24,Yielding,1m 40y,Storm Averted (IRE),Wesley Joyce,3,M Mulvany,7th,1 l,4,9-3t,73,True,22,26
Navan Racing Results | 8th October 2025 16:24,2025-10-08,16:24,Yielding,1m 40y,Tachos (IRE),Chris Hayes,0,D K Weld,6th,3/4 l,4,10-0t,84,True,22,26
Navan Racing Results | 8th October 2025 16:24,2025-10-08,16:24,Yielding,1m 40y,Love Is Blind (IRE),Wayne Hassett,3,J P O'Brien,5th,2 1/2 l,3,9-9,82,True,22,26
Navan Racing Results | 8th October 2025 16:24,2025-10-08,16:24,Yielding,1m 40y,Bundle Of Interest (IRE),Nathan Crosse,0,W McCreery,4th,Short Head,3,8-13v,72,True,22,26
Navan Racing Results | 8th October 2025 16:24,2025-10-08,16:24,Yielding,1m 40y,Thrifty Of Digby (IRE),Shane Foley,0,Mrs J Harrington,3rd,5 1/2 l,4,9-5,75,True,22,26
Navan Racing Results | 8th October 2025 16:24,2025-10-08,16:24,Yielding,1m 40y,Fast Tara (IRE),Luke McAteer,0,P W Flynn,2nd,1/2 l,5,9-5t,75,True,22,26
Navan Racing Results | 8th October 2025 16:24,2025-10-08,16:24,Yielding,1m 40y,Gloriously Glam (IRE),Adam Caffrey,0,A McGuinness,1st,N/A,3,9-2p,75,True,22,26
Navan Racing Results | 8th October 2025 16:55,2025-10-08,16:55,Yielding,1m 2f 30y,Among The Pines (IRE),Billy Lee,0,M C Grassick,17th,7 1/2 l,4,10-1t,59,True,22,27
Navan Racing Results | 8th October 2025 16:55,2025-10-08,16:55,Yielding,1m 2f 30y,Portmagee (IRE),Chris Hayes,0,J C McConnell,16th,7 1/2 l,5,8-10b1,40,True,22,27
Navan Racing Results | 8th October 2025 16:55,2025-10-08,16:55,Yielding,1m 2f 30y,Bella Boyne (IRE),Emily Grifferty,10,J C McConnell,15th,1 1/4 l,3,8-11,45,True,22,27
Navan Racing Results | 8th October 2025 16:55,2025-10-08,16:55,Yielding,1m 2f 30y,Duchess Anne (IRE),Ronan Whelan,0,Mrs D Foster,14th,3 1/2 l,4,9-3,47,True,22,27
Navan Racing Results | 8th October 2025 16:55,2025-10-08,16:55,Yielding,1m 2f 30y,Master Garvey (IRE),Wesley Joyce,3,Joseph Murray,13th,2 l,5,9-1tp,45,True,22,27
Navan Racing Results | 8th October 2025 16:55,2025-10-08,16:55,Yielding,1m 2f 30y,If Dora Could,Rory Cleary,0,Dermot Kilmartin,12th,2 l,3,9-5,53,True,22,27
Navan Racing Results | 8th October 2025 16:55,2025-10-08,16:55,Yielding,1m 2f 30y,Takeachancejimmy (IRE),Robbie Colgan,0,N Slevin,11th,1 l,11,9-6,50,True,22,27
Navan Racing Results | 8th October 2025 16:55,2025-10-08,16:55,Yielding,1m 2f 30y,Patrick Street,Rory Mulligan,7,A Kinirons,10th,1 l,6,9-5tp,49,True,22,27
Navan Racing Results | 8th October 2025 16:55,2025-10-08,16:55,Yielding,1m 2f 30y,Desert Of The Sea (IRE),James Ryan,0,T G McCourt,9th,1 1/4 l,4,9-5,49,True,22,27
Navan Racing Results | 8th October 2025 16:55,2025-10-08,16:55,Yielding,1m 2f 30y,Purring Along (IRE),J Cleary,5,P G Fahey,8th,1 1/2 l,6,9-10b,54,True,22,27
Navan Racing Results | 8th October 2025 16:55,2025-10-08,16:55,Yielding,1m 2f 30y,Fleetfootsoldier (IRE),Wayne Lordan,0,N Lupini,7th,1/2 l,5,9-3t,47,True,22,27
Navan Racing Results | 8th October 2025 16:55,2025-10-08,16:55,Yielding,1m 2f 30y,Galaxy Wonder (IRE),Nicola Burns,7,A McNamara,6th,1 1/2 l,3,9-8v,56,True,22,27
Navan Racing Results | 8th October 2025 16:55,2025-10-08,16:55,Yielding,1m 2f 30y,Harseva (IRE),J M Sheridan,0,P Magee,5th,1/2 l,5,9-5t,49,True,22,27
Navan Racing Results | 8th October 2025 16:55,2025-10-08,16:55,Yielding,1m 2f 30y,Miss Americana,Declan McDonogh,0,C O'Brien,4th,1/2 l,3,8-9,43,True,22,27
Navan Racing Results | 8th October 2025 16:55,2025-10-08,16:55,Yielding,1m 2f 30y,Marzanda (IRE),Robert Whearty,0,T G McCourt,3rd,3/4 l,3,9-12,60,True,22,27
Navan Racing Results | 8th October 2025 16:55,2025-10-08,16:55,Yielding,1m 2f 30y,Prom Queen (IRE),Patrick McGettigan,7,A McCann,2nd,5 l,4,8-10,40,True,22,27
Navan Racing Results | 8th October 2025 16:55,2025-10-08,16:55,Yielding,1m 2f 30y,Forlio,Colin Keane,0,P W Flynn,1st,N/A,6,9-9t,53,True,22,27
Navan Racing Results | 8th October 2025 16:55,2025-10-08,16:55,Yielding,1m 2f 30y,Among The Pines (IRE),Billy Lee,0,M C Grassick,17th,7 1/2 l,4,10-1t,59,True,22,27
Navan Racing Results | 8th October 2025 16:55,2025-10-08,16:55,Yielding,1m 2f 30y,Portmagee (IRE),Chris Hayes,0,J C McConnell,16th,7 1/2 l,5,8-10b1,40,True,22,27
Navan Racing Results | 8th October 2025 16:55,2025-10-08,16:55,Yielding,1m 2f 30y,Bella Boyne (IRE),Emily Grifferty,10,J C McConnell,15th,1 1/4 l,3,8-11,45,True,22,27
Navan Racing Results | 8th October 2025 16:55,2025-10-08,16:55,Yielding,1m 2f 30y,Duchess Anne (IRE),Ronan Whelan,0,Mrs D Foster,14th,3 1/2 l,4,9-3,47,True,22,27
Navan Racing Results | 8th October 2025 16:55,2025-10-08,16:55,Yielding,1m 2f 30y,Master Garvey (IRE),Wesley Joyce,3,Joseph Murray,13th,2 l,5,9-1tp,45,True,22,27
Navan Racing Results | 8th October 2025 16:55,2025-10-08,16:55,Yielding,1m 2f 30y,If Dora Could,Rory Cleary,0,Dermot Kilmartin,12th,2 l,3,9-5,53,True,22,27
Navan Racing Results | 8th October 2025 16:55,2025-10-08,16:55,Yielding,1m 2f 30y,Takeachancejimmy (IRE),Robbie Colgan,0,N Slevin,11th,1 l,11,9-6,50,True,22,27
Navan Racing Results | 8th October 2025 16:55,2025-10-08,16:55,Yielding,1m 2f 30y,Patrick Street,Rory Mulligan,7,A Kinirons,10th,1 l,6,9-5tp,49,True,22,27
Navan Racing Results | 8th October 2025 16:55,2025-10-08,16:55,Yielding,1m 2f 30y,Desert Of The Sea (IRE),James Ryan,0,T G McCourt,9th,1 1/4 l,4,9-5,49,True,22,27
Navan Racing Results | 8th October 2025 16:55,2025-10-08,16:55,Yielding,1m 2f 30y,Purring Along (IRE),J Cleary,5,P G Fahey,8th,1 1/2 l,6,9-10b,54,True,22,27
Navan Racing Results | 8th October 2025 16:55,2025-10-08,16:55,Yielding,1m 2f 30y,Fleetfootsoldier (IRE),Wayne Lordan,0,N Lupini,7th,1/2 l,5,9-3t,47,True,22,27
Navan Racing Results | 8th October 2025 16:55,2025-10-08,16:55,Yielding,1m 2f 30y,Galaxy Wonder (IRE),Nicola Burns,7,A McNamara,6th,1 1/2 l,3,9-8v,56,True,22,27
Navan Racing Results | 8th October 2025 16:55,2025-10-08,16:55,Yielding,1m 2f 30y,Harseva (IRE),J M Sheridan,0,P Magee,5th,1/2 l,5,9-5t,49,True,22,27
Navan Racing Results | 8th October 2025 16:55,2025-10-08,16:55,Yielding,1m 2f 30y,Miss Americana,Declan McDonogh,0,C O'Brien,4th,1/2 l,3,8-9,43,True,22,27
Navan Racing Results | 8th October 2025 16:55,2025-10-08,16:55,Yielding,1m 2f 30y,Marzanda (IRE),Robert Whearty,0,T G McCourt,3rd,3/4 l,3,9-12,60,True,22,27
Navan Racing Results | 8th October 2025 16:55,2025-10-08,16:55,Yielding,1m 2f 30y,Prom Queen (IRE),Patrick McGettigan,7,A McCann,2nd,5 l,4,8-10,40,True,22,27
Navan Racing Results | 8th October 2025 16:55,2025-10-08,16:55,Yielding,1m 2f 30y,Forlio,Colin Keane,0,P W Flynn,1st,N/A,6,9-9t,53,True,22,27
Navan Racing Results | 8th October 2025 17:27,2025-10-08,17:27,Yielding,1m 2f 30y,Quick Blessing (IRE),Patrick McGettigan,7,C Moore,17th,2 l,5,8-12t,40,True,22,28
Navan Racing Results | 8th October 2025 17:27,2025-10-08,17:27,Yielding,1m 2f 30y,Crackles (FR),Jamie Powell,0,K P Cotter,16th,28 l,3,9-6,52,True,22,28
Navan Racing Results | 8th October 2025 17:27,2025-10-08,17:27,Yielding,1m 2f 30y,Sea View Lady (IRE),Dylan Browne McMonagle,0,M A Cahill,15th,17 l,3,9-8t1,54,True,22,28
Navan Racing Results | 8th October 2025 17:27,2025-10-08,17:27,Yielding,1m 2f 30y,Sottsands (IRE),Sam Coen,7,A McGuinness,14th,2 l,3,9-11,57,True,22,28
Navan Racing Results | 8th October 2025 17:27,2025-10-08,17:27,Yielding,1m 2f 30y,Game Phoenix (IRE),Ben Coen,0,Paul Power,13th,3 l,4,9-4,46,True,22,28
Navan Racing Results | 8th October 2025 17:27,2025-10-08,17:27,Yielding,1m 2f 30y,Together Aclaim,Keithen Kennedy,5,J C McConnell,12th,Head,6,8-12t,40,True,22,28
Navan Racing Results | 8th October 2025 17:27,2025-10-08,17:27,Yielding,1m 2f 30y,Diamond Cross (IRE),Adam Caffrey,0,K H Clarke,11th,6 1/2 l,3,9-2p1,48,True,22,28
Navan Racing Results | 8th October 2025 17:27,2025-10-08,17:27,Yielding,1m 2f 30y,Alumni Lia (IRE),J Cleary,5,A Murray,10th,Short Head,3,9-8,54,True,22,28
Navan Racing Results | 8th October 2025 17:27,2025-10-08,17:27,Yielding,1m 2f 30y,Gudrun Genberg (IRE),Wayne Hassett,3,A A Howard,9th,2 l,6,8-12t,40,True,22,28
Navan Racing Results | 8th October 2025 17:27,2025-10-08,17:27,Yielding,1m 2f 30y,Bang Po (IRE),Terry Casey,10,L McAteer,8th,3/4 l,5,9-0b,42,True,22,28
Navan Racing Results | 8th October 2025 17:27,2025-10-08,17:27,Yielding,1m 2f 30y,Galician Girl (IRE),D W O'Connor,0,J C McConnell,7th,3/4 l,4,10-0t,56,True,22,28
Navan Racing Results | 8th October 2025 17:27,2025-10-08,17:27,Yielding,1m 2f 30y,Piatra Neamt (IRE),A J Casey,10,S M Duffy,6th,1 3/4 l,4,9-13p1,55,True,22,28
Navan Racing Results | 8th October 2025 17:27,2025-10-08,17:27,Yielding,1m 2f 30y,Celtic Druid (IRE),James Ryan,0,T G McCourt,5th,3/4 l,4,9-8,50,True,22,28
Navan Racing Results | 8th October 2025 17:27,2025-10-08,17:27,Yielding,1m 2f 30y,Searcog (IRE),Julian Pietropaolo,7,P Magee,4th,1/2 l,3,9-9,55,True,22,28
Navan Racing Results | 8th October 2025 17:27,2025-10-08,17:27,Yielding,1m 2f 30y,Launch Time,Colin Keane,0,Cian Hughes,3rd,1/2 l,3,9-5,51,True,22,28
Navan Racing Results | 8th October 2025 17:27,2025-10-08,17:27,Yielding,1m 2f 30y,Kodi Brown (IRE),Andrew Slattery,0,A Slattery,2nd,1 1/2 l,3,9-9,55,True,22,28
Navan Racing Results | 8th October 2025 17:27,2025-10-08,17:27,Yielding,1m 2f 30y,Boyne Valley (IRE),Wesley Joyce,3,M Mulvany,1st,N/A,3,9-9t,55,True,22,28
Navan Racing Results | 8th October 2025 17:27,2025-10-08,17:27,Yielding,1m 2f 30y,Quick Blessing (IRE),Patrick McGettigan,7,C Moore,17th,2 l,5,8-12t,40,True,22,28
Navan Racing Results | 8th October 2025 17:27,2025-10-08,17:27,Yielding,1m 2f 30y,Crackles (FR),Jamie Powell,0,K P Cotter,16th,28 l,3,9-6,52,True,22,28
Navan Racing Results | 8th October 2025 17:27,2025-10-08,17:27,Yielding,1m 2f 30y,Sea View Lady (IRE),Dylan Browne McMonagle,0,M A Cahill,15th,17 l,3,9-8t1,54,True,22,28
Navan Racing Results | 8th October 2025 17:27,2025-10-08,17:27,Yielding,1m 2f 30y,Sottsands (IRE),Sam Coen,7,A McGuinness,14th,2 l,3,9-11,57,True,22,28
Navan Racing Results | 8th October 2025 17:27,2025-10-08,17:27,Yielding,1m 2f 30y,Game Phoenix (IRE),Ben Coen,0,Paul Power,13th,3 l,4,9-4,46,True,22,28
Navan Racing Results | 8th October 2025 17:27,2025-10-08,17:27,Yielding,1m 2f 30y,Together Aclaim,Keithen Kennedy,5,J C McConnell,12th,Head,6,8-12t,40,True,22,28
Navan Racing Results | 8th October 2025 17:27,2025-10-08,17:27,Yielding,1m 2f 30y,Diamond Cross (IRE),Adam Caffrey,0,K H Clarke,11th,6 1/2 l,3,9-2p1,48,True,22,28
Navan Racing Results | 8th October 2025 17:27,2025-10-08,17:27,Yielding,1m 2f 30y,Alumni Lia (IRE),J Cleary,5,A Murray,10th,Short Head,3,9-8,54,True,22,28
Navan Racing Results | 8th October 2025 17:27,2025-10-08,17:27,Yielding,1m 2f 30y,Gudrun Genberg (IRE),Wayne Hassett,3,A A Howard,9th,2 l,6,8-12t,40,True,22,28
Navan Racing Results | 8th October 2025 17:27,2025-10-08,17:27,Yielding,1m 2f 30y,Bang Po (IRE),Terry Casey,10,L McAteer,8th,3/4 l,5,9-0b,42,True,22,28
Navan Racing Results | 8th October 2025 17:27,2025-10-08,17:27,Yielding,1m 2f 30y,Galician Girl (IRE),D W O'Connor,0,J C McConnell,7th,3/4 l,4,10-0t,56,True,22,28
Navan Racing Results | 8th October 2025 17:27,2025-10-08,17:27,Yielding,1m 2f 30y,Piatra Neamt (IRE),A J Casey,10,S M Duffy,6th,1 3/4 l,4,9-13p1,55,True,22,28
Navan Racing Results | 8th October 2025 17:27,2025-10-08,17:27,Yielding,1m 2f 30y,Celtic Druid (IRE),James Ryan,0,T G McCourt,5th,3/4 l,4,9-8,50,True,22,28
Navan Racing Results | 8th October 2025 17:27,2025-10-08,17:27,Yielding,1m 2f 30y,Searcog (IRE),Julian Pietropaolo,7,P Magee,4th,1/2 l,3,9-9,55,True,22,28
Navan Racing Results | 8th October 2025 17:27,2025-10-08,17:27,Yielding,1m 2f 30y,Launch Time,Colin Keane,0,Cian Hughes,3rd,1/2 l,3,9-5,51,True,22,28
Navan Racing Results | 8th October 2025 17:27,2025-10-08,17:27,Yielding,1m 2f 30y,Kodi Brown (IRE),Andrew Slattery,0,A Slattery,2nd,1 1/2 l,3,9-9,55,True,22,28
Navan Racing Results | 8th October 2025 17:27,2025-10-08,17:27,Yielding,1m 2f 30y,Boyne Valley (IRE),Wesley Joyce,3,M Mulvany,1st,N/A,3,9-9t,55,True,22,28
Thurles Racing Results | 9th October 2025 13:45,2025-10-09,13:45,Good To Yielding (Yielding In Places),1m 44y,My Girl Jersie (IRE),Leigh Roche,0,P W Flynn,9th,17 l,2,9-2,-,True,22,29
Thurles Racing Results | 9th October 2025 13:45,2025-10-09,13:45,Good To Yielding (Yielding In Places),1m 44y,Miss Mercier (IRE),Adam Browne-Souza,7,J M Burke,8th,3 3/4 l,2,9-2,-,True,22,29
Thurles Racing Results | 9th October 2025 13:45,2025-10-09,13:45,Good To Yielding (Yielding In Places),1m 44y,Baiana (GER),J M Sheridan,0,J P O'Brien,7th,4 1/2 l,2,9-2,-,True,22,29
Thurles Racing Results | 9th October 2025 13:45,2025-10-09,13:45,Good To Yielding (Yielding In Places),1m 44y,Survivor's Code (IRE),Colin Keane,0,E Mullins,6th,1 1/4 l,2,9-2v1,-,True,22,29
Thurles Racing Results | 9th October 2025 13:45,2025-10-09,13:45,Good To Yielding (Yielding In Places),1m 44y,Mother's Day (IRE),J Cleary,5,A P O'Brien,5th,6 l,2,9-2,-,True,22,29
Thurles Racing Results | 9th October 2025 13:45,2025-10-09,13:45,Good To Yielding (Yielding In Places),1m 44y,Arrietty (IRE),Ronan Whelan,0,J P O'Brien,4th,5 l,2,9-2,-,True,22,29
Thurles Racing Results | 9th October 2025 13:45,2025-10-09,13:45,Good To Yielding (Yielding In Places),1m 44y,Johanna Walsh (IRE),Declan McDonogh,0,J P O'Brien,3rd,3/4 l,2,9-2t1,-,True,22,29
Thurles Racing Results | 9th October 2025 13:45,2025-10-09,13:45,Good To Yielding (Yielding In Places),1m 44y,Cape Primrose (IRE),Wayne Lordan,0,A P O'Brien,2nd,1/2 l,2,9-2,-,True,22,29
Thurles Racing Results | 9th October 2025 13:45,2025-10-09,13:45,Good To Yielding (Yielding In Places),1m 44y,Green Carrera,Dylan Browne McMonagle,0,J P O'Brien,1st,N/A,2,9-2t,-,True,22,29
Thurles Racing Results | 9th October 2025 13:45,2025-10-09,13:45,Good To Yielding (Yielding In Places),1m 44y,My Girl Jersie (IRE),Leigh Roche,0,P W Flynn,9th,17 l,2,9-2,-,True,22,29
Thurles Racing Results | 9th October 2025 13:45,2025-10-09,13:45,Good To Yielding (Yielding In Places),1m 44y,Miss Mercier (IRE),Adam Browne-Souza,7,J M Burke,8th,3 3/4 l,2,9-2,-,True,22,29
Thurles Racing Results | 9th October 2025 13:45,2025-10-09,13:45,Good To Yielding (Yielding In Places),1m 44y,Baiana (GER),J M Sheridan,0,J P O'Brien,7th,4 1/2 l,2,9-2,-,True,22,29
Thurles Racing Results | 9th October 2025 13:45,2025-10-09,13:45,Good To Yielding (Yielding In Places),1m 44y,Survivor's Code (IRE),Colin Keane,0,E Mullins,6th,1 1/4 l,2,9-2v1,-,True,22,29
Thurles Racing Results | 9th October 2025 13:45,2025-10-09,13:45,Good To Yielding (Yielding In Places),1m 44y,Mother's Day (IRE),J Cleary,5,A P O'Brien,5th,6 l,2,9-2,-,True,22,29
Thurles Racing Results | 9th October 2025 13:45,2025-10-09,13:45,Good To Yielding (Yielding In Places),1m 44y,Arrietty (IRE),Ronan Whelan,0,J P O'Brien,4th,5 l,2,9-2,-,True,22,29
Thurles Racing Results | 9th October 2025 13:45,2025-10-09,13:45,Good To Yielding (Yielding In Places),1m 44y,Johanna Walsh (IRE),Declan McDonogh,0,J P O'Brien,3rd,3/4 l,2,9-2t1,-,True,22,29
Thurles Racing Results | 9th October 2025 13:45,2025-10-09,13:45,Good To Yielding (Yielding In Places),1m 44y,Cape Primrose (IRE),Wayne Lordan,0,A P O'Brien,2nd,1/2 l,2,9-2,-,True,22,29
Thurles Racing Results | 9th October 2025 13:45,2025-10-09,13:45,Good To Yielding (Yielding In Places),1m 44y,Green Carrera,Dylan Browne McMonagle,0,J P O'Brien,1st,N/A,2,9-2t,-,True,22,29
Thurles Racing Results | 9th October 2025 14:20,2025-10-09,14:20,Good To Yielding (Yielding In Places),1m 44y,Doctor Angelicus,Luke McAteer,0,B W Duke,11th,24 l,2,8-13t,-,True,22,30
Thurles Racing Results | 9th October 2025 14:20,2025-10-09,14:20,Good To Yielding (Yielding In Places),1m 44y,Connor Of Mali (IRE),J M Sheridan,0,L J Archdeacon,10th,1 1/2 l,2,8-13,-,True,22,30
Thurles Racing Results | 9th October 2025 14:20,2025-10-09,14:20,Good To Yielding (Yielding In Places),1m 44y,Zorka (FR),Seamie Heffernan,0,J Halley,9th,1/2 l,2,8-12,-,True,22,30
Thurles Racing Results | 9th October 2025 14:20,2025-10-09,14:20,Good To Yielding (Yielding In Places),1m 44y,Cadreville (IRE),Neve Bennett,7,J P Fahey,8th,12 l,2,8-13,-,True,22,30
Thurles Racing Results | 9th October 2025 14:20,2025-10-09,14:20,Good To Yielding (Yielding In Places),1m 44y,Tenacious (IRE),Shane Foley,0,Mrs J Harrington,7th,3/4 l,2,9-0,-,True,22,30
Thurles Racing Results | 9th October 2025 14:20,2025-10-09,14:20,Good To Yielding (Yielding In Places),1m 44y,Vantage Code (IRE),Ben Coen,0,E Mullins,6th,1 3/4 l,2,9-1,-,True,22,30
Thurles Racing Results | 9th October 2025 14:20,2025-10-09,14:20,Good To Yielding (Yielding In Places),1m 44y,Blissful Bonita (IRE),Robert Whearty,0,G P Cromwell,5th,1 1/2 l,2,8-8,-,True,22,30
Thurles Racing Results | 9th October 2025 14:20,2025-10-09,14:20,Good To Yielding (Yielding In Places),1m 44y,Duke Of Cumberland (IRE),Dylan Browne McMonagle,0,J P O'Brien,4th,Nose,2,9-9t,85,True,22,30
Thurles Racing Results | 9th October 2025 14:20,2025-10-09,14:20,Good To Yielding (Yielding In Places),1m 44y,Chapel Lane (IRE),Billy Lee,0,W McCreery,3rd,1 1/4 l,2,9-3v1,-,True,22,30
Thurles Racing Results | 9th October 2025 14:20,2025-10-09,14:20,Good To Yielding (Yielding In Places),1m 44y,Matilda Joslyngage (IRE),Julian Pietropaolo,7,Kevin Coleman,2nd,1 3/4 l,2,9-2,-,True,22,30
Thurles Racing Results | 9th October 2025 14:20,2025-10-09,14:20,Good To Yielding (Yielding In Places),1m 44y,Killashee Warrior,Jamie Powell,0,E & P Harty,1st,N/A,2,9-4,-,True,22,30
Thurles Racing Results | 9th October 2025 14:20,2025-10-09,14:20,Good To Yielding (Yielding In Places),1m 44y,Doctor Angelicus,Luke McAteer,0,B W Duke,11th,24 l,2,8-13t,-,True,22,30
Thurles Racing Results | 9th October 2025 14:20,2025-10-09,14:20,Good To Yielding (Yielding In Places),1m 44y,Connor Of Mali (IRE),J M Sheridan,0,L J Archdeacon,10th,1 1/2 l,2,8-13,-,True,22,30
Thurles Racing Results | 9th October 2025 14:20,2025-10-09,14:20,Good To Yielding (Yielding In Places),1m 44y,Zorka (FR),Seamie Heffernan,0,J Halley,9th,1/2 l,2,8-12,-,True,22,30
Thurles Racing Results | 9th October 2025 14:20,2025-10-09,14:20,Good To Yielding (Yielding In Places),1m 44y,Cadreville (IRE),Neve Bennett,7,J P Fahey,8th,12 l,2,8-13,-,True,22,30
Thurles Racing Results | 9th October 2025 14:20,2025-10-09,14:20,Good To Yielding (Yielding In Places),1m 44y,Tenacious (IRE),Shane Foley,0,Mrs J Harrington,7th,3/4 l,2,9-0,-,True,22,30
Thurles Racing Results | 9th October 2025 14:20,2025-10-09,14:20,Good To Yielding (Yielding In Places),1m 44y,Vantage Code (IRE),Ben Coen,0,E Mullins,6th,1 3/4 l,2,9-1,-,True,22,30
Thurles Racing Results | 9th October 2025 14:20,2025-10-09,14:20,Good To Yielding (Yielding In Places),1m 44y,Blissful Bonita (IRE),Robert Whearty,0,G P Cromwell,5th,1 1/2 l,2,8-8,-,True,22,30
Thurles Racing Results | 9th October 2025 14:20,2025-10-09,14:20,Good To Yielding (Yielding In Places),1m 44y,Duke Of Cumberland (IRE),Dylan Browne McMonagle,0,J P O'Brien,4th,Nose,2,9-9t,85,True,22,30
Thurles Racing Results | 9th October 2025 14:20,2025-10-09,14:20,Good To Yielding (Yielding In Places),1m 44y,Chapel Lane (IRE),Billy Lee,0,W McCreery,3rd,1 1/4 l,2,9-3v1,-,True,22,30
Thurles Racing Results | 9th October 2025 14:20,2025-10-09,14:20,Good To Yielding (Yielding In Places),1m 44y,Matilda Joslyngage (IRE),Julian Pietropaolo,7,Kevin Coleman,2nd,1 3/4 l,2,9-2,-,True,22,30
Thurles Racing Results | 9th October 2025 14:20,2025-10-09,14:20,Good To Yielding (Yielding In Places),1m 44y,Killashee Warrior,Jamie Powell,0,E & P Harty,1st,N/A,2,9-4,-,True,22,30
Thurles Racing Results | 9th October 2025 14:55,2025-10-09,14:55,Good To Yielding (Yielding In Places),1m 44y,Rob's Umberella,Billy Lee,0,T J O'Mara,14th,28 l,4,9-12,55,True,22,31
Thurles Racing Results | 9th October 2025 14:55,2025-10-09,14:55,Good To Yielding (Yielding In Places),1m 44y,Native Flag (IRE),Adam Browne-Souza,7,M J Browne,13th,4 3/4 l,4,9-11h,54,True,22,31
Thurles Racing Results | 9th October 2025 14:55,2025-10-09,14:55,Good To Yielding (Yielding In Places),1m 44y,Quarry Stone (IRE),Chris Hayes,0,G Hassett,12th,Short Head,3,9-3,49,True,22,31
Thurles Racing Results | 9th October 2025 14:55,2025-10-09,14:55,Good To Yielding (Yielding In Places),1m 44y,Super Over (IRE),S P Davis,0,C Byrnes,11th,2 1/2 l,7,9-8v,51,True,22,31
Thurles Racing Results | 9th October 2025 14:55,2025-10-09,14:55,Good To Yielding (Yielding In Places),1m 44y,Pink Socks (IRE),Nicola Burns,7,T Doyle,10th,Head,6,9-8b,51,True,22,31
Thurles Racing Results | 9th October 2025 14:55,2025-10-09,14:55,Good To Yielding (Yielding In Places),1m 44y,Draiocht (IRE),Killian Leonard,0,T J O'Mara,9th,1/2 l,5,9-4,40,True,22,31
Thurles Racing Results | 9th October 2025 14:55,2025-10-09,14:55,Good To Yielding (Yielding In Places),1m 44y,Can I Kiss You (IRE),Gavin Ryan,0,J M Barrett,8th,3/4 l,3,9-8h1,54,True,22,31
Thurles Racing Results | 9th October 2025 14:55,2025-10-09,14:55,Good To Yielding (Yielding In Places),1m 44y,Rodeeve,Wesley Joyce,3,T Doyle,7th,1/2 l,4,10-2,59,True,22,31
Thurles Racing Results | 9th October 2025 14:55,2025-10-09,14:55,Good To Yielding (Yielding In Places),1m 44y,Kitty Bear (IRE),Andrew Slattery,0,A Slattery,6th,1 1/4 l,3,9-7,53,True,22,31
Thurles Racing Results | 9th October 2025 14:55,2025-10-09,14:55,Good To Yielding (Yielding In Places),1m 44y,Rock Etoile (IRE),Sam Coen,7,A Slattery,5th,Neck,7,9-9,52,True,22,31
Thurles Racing Results | 9th October 2025 14:55,2025-10-09,14:55,Good To Yielding (Yielding In Places),1m 44y,Hale Bopp (IRE),Shane Foley,0,R Donohoe,4th,Head,7,9-1,44,True,22,31
Thurles Racing Results | 9th October 2025 14:55,2025-10-09,14:55,Good To Yielding (Yielding In Places),1m 44y,Slaney Swagger (IRE),P A Harnett,5,P Byrne,3rd,3/4 l,4,10-1b,58,True,22,31
Thurles Racing Results | 9th October 2025 14:55,2025-10-09,14:55,Good To Yielding (Yielding In Places),1m 44y,Mythical Rock (IRE),Luke McAteer,0,P J F Murphy,2nd,Neck,4,9-13p,56,True,22,31
Thurles Racing Results | 9th October 2025 14:55,2025-10-09,14:55,Good To Yielding (Yielding In Places),1m 44y,Queen Aethelflaed (IRE),J M Sheridan,0,A Slattery,1st,N/A,3,9-12t,58,True,22,31
Thurles Racing Results | 9th October 2025 14:55,2025-10-09,14:55,Good To Yielding (Yielding In Places),1m 44y,Rob's Umberella,Billy Lee,0,T J O'Mara,14th,28 l,4,9-12,55,True,22,31
Thurles Racing Results | 9th October 2025 14:55,2025-10-09,14:55,Good To Yielding (Yielding In Places),1m 44y,Native Flag (IRE),Adam Browne-Souza,7,M J Browne,13th,4 3/4 l,4,9-11h,54,True,22,31
Thurles Racing Results | 9th October 2025 14:55,2025-10-09,14:55,Good To Yielding (Yielding In Places),1m 44y,Quarry Stone (IRE),Chris Hayes,0,G Hassett,12th,Short Head,3,9-3,49,True,22,31
Thurles Racing Results | 9th October 2025 14:55,2025-10-09,14:55,Good To Yielding (Yielding In Places),1m 44y,Super Over (IRE),S P Davis,0,C Byrnes,11th,2 1/2 l,7,9-8v,51,True,22,31
Thurles Racing Results | 9th October 2025 14:55,2025-10-09,14:55,Good To Yielding (Yielding In Places),1m 44y,Pink Socks (IRE),Nicola Burns,7,T Doyle,10th,Head,6,9-8b,51,True,22,31
Thurles Racing Results | 9th October 2025 14:55,2025-10-09,14:55,Good To Yielding (Yielding In Places),1m 44y,Draiocht (IRE),Killian Leonard,0,T J O'Mara,9th,1/2 l,5,9-4,40,True,22,31
Thurles Racing Results | 9th October 2025 14:55,2025-10-09,14:55,Good To Yielding (Yielding In Places),1m 44y,Can I Kiss You (IRE),Gavin Ryan,0,J M Barrett,8th,3/4 l,3,9-8h1,54,True,22,31
Thurles Racing Results | 9th October 2025 14:55,2025-10-09,14:55,Good To Yielding (Yielding In Places),1m 44y,Rodeeve,Wesley Joyce,3,T Doyle,7th,1/2 l,4,10-2,59,True,22,31
Thurles Racing Results | 9th October 2025 14:55,2025-10-09,14:55,Good To Yielding (Yielding In Places),1m 44y,Kitty Bear (IRE),Andrew Slattery,0,A Slattery,6th,1 1/4 l,3,9-7,53,True,22,31
Thurles Racing Results | 9th October 2025 14:55,2025-10-09,14:55,Good To Yielding (Yielding In Places),1m 44y,Rock Etoile (IRE),Sam Coen,7,A Slattery,5th,Neck,7,9-9,52,True,22,31
Thurles Racing Results | 9th October 2025 14:55,2025-10-09,14:55,Good To Yielding (Yielding In Places),1m 44y,Hale Bopp (IRE),Shane Foley,0,R Donohoe,4th,Head,7,9-1,44,True,22,31
Thurles Racing Results | 9th October 2025 14:55,2025-10-09,14:55,Good To Yielding (Yielding In Places),1m 44y,Slaney Swagger (IRE),P A Harnett,5,P Byrne,3rd,3/4 l,4,10-1b,58,True,22,31
Thurles Racing Results | 9th October 2025 14:55,2025-10-09,14:55,Good To Yielding (Yielding In Places),1m 44y,Mythical Rock (IRE),Luke McAteer,0,P J F Murphy,2nd,Neck,4,9-13p,56,True,22,31
Thurles Racing Results | 9th October 2025 14:55,2025-10-09,14:55,Good To Yielding (Yielding In Places),1m 44y,Queen Aethelflaed (IRE),J M Sheridan,0,A Slattery,1st,N/A,3,9-12t,58,True,22,31
Thurles Racing Results | 9th October 2025 15:30,2025-10-09,15:30,Good To Yielding (Yielding In Places),1m 4f 132y,Silkies Sib (IRE),Sam Coen,7,T Doyle,9th,1 3/4 l,5,10-2,60,True,22,32
Thurles Racing Results | 9th October 2025 15:30,2025-10-09,15:30,Good To Yielding (Yielding In Places),1m 4f 132y,Shakita (IRE),Nicola Burns,7,T Mullins,8th,3 3/4 l,3,8-11,47,True,22,32
Thurles Racing Results | 9th October 2025 15:30,2025-10-09,15:30,Good To Yielding (Yielding In Places),1m 4f 132y,Highway Sixty One (IRE),Robbie Colgan,0,A McNamara,7th,1 3/4 l,3,8-12b,48,True,22,32
Thurles Racing Results | 9th October 2025 15:30,2025-10-09,15:30,Good To Yielding (Yielding In Places),1m 4f 132y,Share The Treasure (IRE),Darragh O'Sullivan,7,T Hogan,6th,1/2 l,4,8-12,42,True,22,32
Thurles Racing Results | 9th October 2025 15:30,2025-10-09,15:30,Good To Yielding (Yielding In Places),1m 4f 132y,Charlie Brow'n (FR),P A Harnett,5,T J O'Mara,5th,3/4 l,5,9-12,56,True,22,32
Thurles Racing Results | 9th October 2025 15:30,2025-10-09,15:30,Good To Yielding (Yielding In Places),1m 4f 132y,Wayside Lady (IRE),J S Dalton,10,A Slattery,4th,1/2 l,5,8-10,40,True,22,32
Thurles Racing Results | 9th October 2025 15:30,2025-10-09,15:30,Good To Yielding (Yielding In Places),1m 4f 132y,Spy,S P Davis,0,C Byrnes,3rd,2 1/2 l,6,10-0p,58,True,22,32
Thurles Racing Results | 9th October 2025 15:30,2025-10-09,15:30,Good To Yielding (Yielding In Places),1m 4f 132y,Nancee Spain (IRE),Scott McCullagh,0,Daniel McLoughlin,2nd,3 l,3,9-4p,54,True,22,32
Thurles Racing Results | 9th October 2025 15:30,2025-10-09,15:30,Good To Yielding (Yielding In Places),1m 4f 132y,Tickling (IRE),Killian Leonard,0,M A Molloy,1st,N/A,3,9-0,50,True,22,32
Thurles Racing Results | 9th October 2025 15:30,2025-10-09,15:30,Good To Yielding (Yielding In Places),1m 4f 132y,Silkies Sib (IRE),Sam Coen,7,T Doyle,9th,1 3/4 l,5,10-2,60,True,22,32
Thurles Racing Results | 9th October 2025 15:30,2025-10-09,15:30,Good To Yielding (Yielding In Places),1m 4f 132y,Shakita (IRE),Nicola Burns,7,T Mullins,8th,3 3/4 l,3,8-11,47,True,22,32
Thurles Racing Results | 9th October 2025 15:30,2025-10-09,15:30,Good To Yielding (Yielding In Places),1m 4f 132y,Highway Sixty One (IRE),Robbie Colgan,0,A McNamara,7th,1 3/4 l,3,8-12b,48,True,22,32
Thurles Racing Results | 9th October 2025 15:30,2025-10-09,15:30,Good To Yielding (Yielding In Places),1m 4f 132y,Share The Treasure (IRE),Darragh O'Sullivan,7,T Hogan,6th,1/2 l,4,8-12,42,True,22,32
Thurles Racing Results | 9th October 2025 15:30,2025-10-09,15:30,Good To Yielding (Yielding In Places),1m 4f 132y,Charlie Brow'n (FR),P A Harnett,5,T J O'Mara,5th,3/4 l,5,9-12,56,True,22,32
Thurles Racing Results | 9th October 2025 15:30,2025-10-09,15:30,Good To Yielding (Yielding In Places),1m 4f 132y,Wayside Lady (IRE),J S Dalton,10,A Slattery,4th,1/2 l,5,8-10,40,True,22,32
Thurles Racing Results | 9th October 2025 15:30,2025-10-09,15:30,Good To Yielding (Yielding In Places),1m 4f 132y,Spy,S P Davis,0,C Byrnes,3rd,2 1/2 l,6,10-0p,58,True,22,32
Thurles Racing Results | 9th October 2025 15:30,2025-10-09,15:30,Good To Yielding (Yielding In Places),1m 4f 132y,Nancee Spain (IRE),Scott McCullagh,0,Daniel McLoughlin,2nd,3 l,3,9-4p,54,True,22,32
Thurles Racing Results | 9th October 2025 15:30,2025-10-09,15:30,Good To Yielding (Yielding In Places),1m 4f 132y,Tickling (IRE),Killian Leonard,0,M A Molloy,1st,N/A,3,9-0,50,True,22,32
Thurles Racing Results | 9th October 2025 16:05,2025-10-09,16:05,Good To Yielding (Yielding In Places),1m 4f 132y,Sears Crossing (IRE),Shane Foley,0,Mrs J Harrington,6th,1 1/4 l,3,9-12p,82,True,22,33
Thurles Racing Results | 9th October 2025 16:05,2025-10-09,16:05,Good To Yielding (Yielding In Places),1m 4f 132y,Justenzia (IRE),Keithen Kennedy,5,D Hogan,5th,2 3/4 l,3,8-10p,66,True,22,33
Thurles Racing Results | 9th October 2025 16:05,2025-10-09,16:05,Good To Yielding (Yielding In Places),1m 4f 132y,Wertpol (IRE),Ben Coen,0,J P Murtagh,4th,4 1/4 l,3,9-0,70,True,22,33
Thurles Racing Results | 9th October 2025 16:05,2025-10-09,16:05,Good To Yielding (Yielding In Places),1m 4f 132y,Angelo Pio (IRE),Dylan Browne McMonagle,0,J P O'Brien,3rd,2 1/4 l,3,10-0t,84,True,22,33
Thurles Racing Results | 9th October 2025 16:05,2025-10-09,16:05,Good To Yielding (Yielding In Places),1m 4f 132y,Lady Plimsoll (IRE),Jamie Powell,0,M O'Callaghan,2nd,1 1/4 l,3,8-11,67,True,22,33
Thurles Racing Results | 9th October 2025 16:05,2025-10-09,16:05,Good To Yielding (Yielding In Places),1m 4f 132y,Truth Be Told (IRE),Chris Hayes,0,D K Weld,1st,N/A,3,9-3,73,True,22,33
Thurles Racing Results | 9th October 2025 16:05,2025-10-09,16:05,Good To Yielding (Yielding In Places),1m 4f 132y,Sears Crossing (IRE),Shane Foley,0,Mrs J Harrington,6th,1 1/4 l,3,9-12p,82,True,22,33
Thurles Racing Results | 9th October 2025 16:05,2025-10-09,16:05,Good To Yielding (Yielding In Places),1m 4f 132y,Justenzia (IRE),Keithen Kennedy,5,D Hogan,5th,2 3/4 l,3,8-10p,66,True,22,33
Thurles Racing Results | 9th October 2025 16:05,2025-10-09,16:05,Good To Yielding (Yielding In Places),1m 4f 132y,Wertpol (IRE),Ben Coen,0,J P Murtagh,4th,4 1/4 l,3,9-0,70,True,22,33
Thurles Racing Results | 9th October 2025 16:05,2025-10-09,16:05,Good To Yielding (Yielding In Places),1m 4f 132y,Angelo Pio (IRE),Dylan Browne McMonagle,0,J P O'Brien,3rd,2 1/4 l,3,10-0t,84,True,22,33
Thurles Racing Results | 9th October 2025 16:05,2025-10-09,16:05,Good To Yielding (Yielding In Places),1m 4f 132y,Lady Plimsoll (IRE),Jamie Powell,0,M O'Callaghan,2nd,1 1/4 l,3,8-11,67,True,22,33
Thurles Racing Results | 9th October 2025 16:05,2025-10-09,16:05,Good To Yielding (Yielding In Places),1m 4f 132y,Truth Be Told (IRE),Chris Hayes,0,D K Weld,1st,N/A,3,9-3,73,True,22,33
Thurles Racing Results | 9th October 2025 16:40,2025-10-09,16:40,Good To Yielding (Yielding In Places),2m 66y,Silent Dawn (IRE),Nathan Crosse,0,A Murray,11th,21 l,6,10-2tp,-,True,22,34
Thurles Racing Results | 9th October 2025 16:40,2025-10-09,16:40,Good To Yielding (Yielding In Places),2m 66y,Young Churchill (IRE),Chris Hayes,0,N Meade,10th,Head,4,10-2p1,71,True,22,34
Thurles Racing Results | 9th October 2025 16:40,2025-10-09,16:40,Good To Yielding (Yielding In Places),2m 66y,Onaqui (IRE),Declan McDonogh,0,J P O'Brien,9th,5 1/2 l,3,9-3,68,True,22,34
Thurles Racing Results | 9th October 2025 16:40,2025-10-09,16:40,Good To Yielding (Yielding In Places),2m 66y,Dippedinmoonlight (IRE),Gary Carroll,0,E Mullins,8th,1 1/2 l,5,9-11,-,True,22,34
Thurles Racing Results | 9th October 2025 16:40,2025-10-09,16:40,Good To Yielding (Yielding In Places),2m 66y,Hidalgo Des Mottes (FR),Julian Pietropaolo,7,E Griffin,7th,3 1/4 l,8,10-2tb,97,True,22,34
Thurles Racing Results | 9th October 2025 16:40,2025-10-09,16:40,Good To Yielding (Yielding In Places),2m 66y,Quint Major (IRE),James Ryan,0,M A Molloy,6th,2 1/2 l,7,10-2,-,True,22,34
Thurles Racing Results | 9th October 2025 16:40,2025-10-09,16:40,Good To Yielding (Yielding In Places),2m 66y,Lieber Nicc (IRE),Billy Lee,0,H De Bromhead,5th,5 1/2 l,6,10-2,-,True,22,34
Thurles Racing Results | 9th October 2025 16:40,2025-10-09,16:40,Good To Yielding (Yielding In Places),2m 66y,Kilcrea Rock (IRE),Dylan Browne McMonagle,0,J P O'Brien,4th,Neck,3,9-8t1,75,True,22,34
Thurles Racing Results | 9th October 2025 16:40,2025-10-09,16:40,Good To Yielding (Yielding In Places),2m 66y,Powerful Hook Head (GER),Wayne Hassett,3,J P O'Brien,3rd,1/2 l,4,10-2tb1,67,True,22,34
Thurles Racing Results | 9th October 2025 16:40,2025-10-09,16:40,Good To Yielding (Yielding In Places),2m 66y,Dream On Baby (IRE),Ben Coen,0,E Mullins,2nd,8 1/2 l,5,9-11,-,True,22,34
Thurles Racing Results | 9th October 2025 16:40,2025-10-09,16:40,Good To Yielding (Yielding In Places),2m 66y,Sorrentino (IRE),Colin Keane,0,W P Mullins,1st,N/A,7,10-2h,87,True,22,34
Thurles Racing Results | 9th October 2025 16:40,2025-10-09,16:40,Good To Yielding (Yielding In Places),2m 66y,Silent Dawn (IRE),Nathan Crosse,0,A Murray,11th,21 l,6,10-2tp,-,True,22,34
Thurles Racing Results | 9th October 2025 16:40,2025-10-09,16:40,Good To Yielding (Yielding In Places),2m 66y,Young Churchill (IRE),Chris Hayes,0,N Meade,10th,Head,4,10-2p1,71,True,22,34
Thurles Racing Results | 9th October 2025 16:40,2025-10-09,16:40,Good To Yielding (Yielding In Places),2m 66y,Onaqui (IRE),Declan McDonogh,0,J P O'Brien,9th,5 1/2 l,3,9-3,68,True,22,34
Thurles Racing Results | 9th October 2025 16:40,2025-10-09,16:40,Good To Yielding (Yielding In Places),2m 66y,Dippedinmoonlight (IRE),Gary Carroll,0,E Mullins,8th,1 1/2 l,5,9-11,-,True,22,34
Thurles Racing Results | 9th October 2025 16:40,2025-10-09,16:40,Good To Yielding (Yielding In Places),2m 66y,Hidalgo Des Mottes (FR),Julian Pietropaolo,7,E Griffin,7th,3 1/4 l,8,10-2tb,97,True,22,34
Thurles Racing Results | 9th October 2025 16:40,2025-10-09,16:40,Good To Yielding (Yielding In Places),2m 66y,Quint Major (IRE),James Ryan,0,M A Molloy,6th,2 1/2 l,7,10-2,-,True,22,34
Thurles Racing Results | 9th October 2025 16:40,2025-10-09,16:40,Good To Yielding (Yielding In Places),2m 66y,Lieber Nicc (IRE),Billy Lee,0,H De Bromhead,5th,5 1/2 l,6,10-2,-,True,22,34
Thurles Racing Results | 9th October 2025 16:40,2025-10-09,16:40,Good To Yielding (Yielding In Places),2m 66y,Kilcrea Rock (IRE),Dylan Browne McMonagle,0,J P O'Brien,4th,Neck,3,9-8t1,75,True,22,34
Thurles Racing Results | 9th October 2025 16:40,2025-10-09,16:40,Good To Yielding (Yielding In Places),2m 66y,Powerful Hook Head (GER),Wayne Hassett,3,J P O'Brien,3rd,1/2 l,4,10-2tb1,67,True,22,34
Thurles Racing Results | 9th October 2025 16:40,2025-10-09,16:40,Good To Yielding (Yielding In Places),2m 66y,Dream On Baby (IRE),Ben Coen,0,E Mullins,2nd,8 1/2 l,5,9-11,-,True,22,34
Thurles Racing Results | 9th October 2025 16:40,2025-10-09,16:40,Good To Yielding (Yielding In Places),2m 66y,Sorrentino (IRE),Colin Keane,0,W P Mullins,1st,N/A,7,10-2h,87,True,22,34
Thurles Racing Results | 9th October 2025 17:15,2025-10-09,17:15,Good To Yielding (Yielding In Places),2m 66y,Doctor Grace (IRE),Sam Coen,7,A McGuinness,12th,3 1/2 l,5,9-11p,67,True,22,35
Thurles Racing Results | 9th October 2025 17:15,2025-10-09,17:15,Good To Yielding (Yielding In Places),2m 66y,Royal Cave (IRE),Robbie Colgan,0,C Timmons,11th,19 l,6,9-1p,57,True,22,35
Thurles Racing Results | 9th October 2025 17:15,2025-10-09,17:15,Good To Yielding (Yielding In Places),2m 66y,Macinamillion (IRE),Robert Whearty,0,G P Cromwell,10th,Neck,5,9-2p,58,True,22,35
Thurles Racing Results | 9th October 2025 17:15,2025-10-09,17:15,Good To Yielding (Yielding In Places),2m 66y,Walking On Glass (IRE),R P Fagan,10,P Roche,9th,Neck,10,9-7p,63,True,22,35
Thurles Racing Results | 9th October 2025 17:15,2025-10-09,17:15,Good To Yielding (Yielding In Places),2m 66y,Elusive Guy (IRE),Neve Bennett,7,J P Fahey,8th,2 1/2 l,7,9-7,63,True,22,35
Thurles Racing Results | 9th October 2025 17:15,2025-10-09,17:15,Good To Yielding (Yielding In Places),2m 66y,Plunkett Street,Billy Lee,0,Michael W O'Meara,7th,1/2 l,7,9-8,64,True,22,35
Thurles Racing Results | 9th October 2025 17:15,2025-10-09,17:15,Good To Yielding (Yielding In Places),2m 66y,The Truant (IRE),Leigh Roche,0,P W Flynn,6th,1 1/2 l,8,10-0t,70,True,22,35
Thurles Racing Results | 9th October 2025 17:15,2025-10-09,17:15,Good To Yielding (Yielding In Places),2m 66y,Goin',Colin Keane,0,A J Martin,5th,1/2 l,5,9-13,69,True,22,35
Thurles Racing Results | 9th October 2025 17:15,2025-10-09,17:15,Good To Yielding (Yielding In Places),2m 66y,Trubshaw,Gabriella Hill,7,H De Bromhead,4th,1/2 l,3,8-13p,63,True,22,35
Thurles Racing Results | 9th October 2025 17:15,2025-10-09,17:15,Good To Yielding (Yielding In Places),2m 66y,Bynx (IRE),Wayne Hassett,3,M Hassett,3rd,1 3/4 l,7,8-8,50,True,22,35
Thurles Racing Results | 9th October 2025 17:15,2025-10-09,17:15,Good To Yielding (Yielding In Places),2m 66y,Migdam (FR),Seamie Heffernan,0,E Buckley,2nd,Head,6,9-8,64,True,22,35
Thurles Racing Results | 9th October 2025 17:15,2025-10-09,17:15,Good To Yielding (Yielding In Places),2m 66y,Grann's Boy (IRE),Adam Caffrey,0,H Rogers,1st,N/A,5,9-1,57,True,22,35
Thurles Racing Results | 9th October 2025 17:15,2025-10-09,17:15,Good To Yielding (Yielding In Places),2m 66y,Doctor Grace (IRE),Sam Coen,7,A McGuinness,12th,3 1/2 l,5,9-11p,67,True,22,35
Thurles Racing Results | 9th October 2025 17:15,2025-10-09,17:15,Good To Yielding (Yielding In Places),2m 66y,Royal Cave (IRE),Robbie Colgan,0,C Timmons,11th,19 l,6,9-1p,57,True,22,35
Thurles Racing Results | 9th October 2025 17:15,2025-10-09,17:15,Good To Yielding (Yielding In Places),2m 66y,Macinamillion (IRE),Robert Whearty,0,G P Cromwell,10th,Neck,5,9-2p,58,True,22,35
Thurles Racing Results | 9th October 2025 17:15,2025-10-09,17:15,Good To Yielding (Yielding In Places),2m 66y,Walking On Glass (IRE),R P Fagan,10,P Roche,9th,Neck,10,9-7p,63,True,22,35
Thurles Racing Results | 9th October 2025 17:15,2025-10-09,17:15,Good To Yielding (Yielding In Places),2m 66y,Elusive Guy (IRE),Neve Bennett,7,J P Fahey,8th,2 1/2 l,7,9-7,63,True,22,35
Thurles Racing Results | 9th October 2025 17:15,2025-10-09,17:15,Good To Yielding (Yielding In Places),2m 66y,Plunkett Street,Billy Lee,0,Michael W O'Meara,7th,1/2 l,7,9-8,64,True,22,35
Thurles Racing Results | 9th October 2025 17:15,2025-10-09,17:15,Good To Yielding (Yielding In Places),2m 66y,The Truant (IRE),Leigh Roche,0,P W Flynn,6th,1 1/2 l,8,10-0t,70,True,22,35
Thurles Racing Results | 9th October 2025 17:15,2025-10-09,17:15,Good To Yielding (Yielding In Places),2m 66y,Goin',Colin Keane,0,A J Martin,5th,1/2 l,5,9-13,69,True,22,35
Thurles Racing Results | 9th October 2025 17:15,2025-10-09,17:15,Good To Yielding (Yielding In Places),2m 66y,Trubshaw,Gabriella Hill,7,H De Bromhead,4th,1/2 l,3,8-13p,63,True,22,35
Thurles Racing Results | 9th October 2025 17:15,2025-10-09,17:15,Good To Yielding (Yielding In Places),2m 66y,Bynx (IRE),Wayne Hassett,3,M Hassett,3rd,1 3/4 l,7,8-8,50,True,22,35
Thurles Racing Results | 9th October 2025 17:15,2025-10-09,17:15,Good To Yielding (Yielding In Places),2m 66y,Migdam (FR),Seamie Heffernan,0,E Buckley,2nd,Head,6,9-8,64,True,22,35
Thurles Racing Results | 9th October 2025 17:15,2025-10-09,17:15,Good To Yielding (Yielding In Places),2m 66y,Grann's Boy (IRE),Adam Caffrey,0,H Rogers,1st,N/A,5,9-1,57,True,22,35
Tramore Racing Results | 9th October 2025 14:05,2025-10-09,14:05,Yielding (Soft In Places),2m,Kingston Fire (IRE),Mr J D Coffey,7,Paul Power,8th,46 l,4,11-11,-,True,22,36
Tramore Racing Results | 9th October 2025 14:05,2025-10-09,14:05,Yielding (Soft In Places),2m,Keep It Together (IRE),B P Kennedy,7,D Buckley,7th,38 l,7,11-5,-,True,22,36
Tramore Racing Results | 9th October 2025 14:05,2025-10-09,14:05,Yielding (Soft In Places),2m,Getone (IRE),Mr J C Barry,0,V Halley,6th,2 1/2 l,6,11-12,-,True,22,36
Tramore Racing Results | 9th October 2025 14:05,2025-10-09,14:05,Yielding (Soft In Places),2m,Katdezire (FR),Phillip Enright,0,S Curling,5th,9 1/2 l,5,11-5b1,-,True,22,36
Tramore Racing Results | 9th October 2025 14:05,2025-10-09,14:05,Yielding (Soft In Places),2m,Miss Donna (IRE),Mr D Kiely,7,Patrick Kiely,4th,9 1/2 l,4,11-4t,-,True,22,36
Tramore Racing Results | 9th October 2025 14:05,2025-10-09,14:05,Yielding (Soft In Places),2m,Gentle Annie (IRE),John Shinnick,3,T O'Brien,3rd,1/2 l,5,11-5t,-,True,22,36
Tramore Racing Results | 9th October 2025 14:05,2025-10-09,14:05,Yielding (Soft In Places),2m,Maxicourt (IRE),Michael Kenneally,7,P J Duffy,2nd,2 1/4 l,4,11-11,-,True,22,36
Tramore Racing Results | 9th October 2025 14:05,2025-10-09,14:05,Yielding (Soft In Places),2m,Cousin Kate (IRE),Daniel King,0,D Hogan,1st,N/A,4,11-4,-,True,22,36
Tramore Racing Results | 9th October 2025 14:05,2025-10-09,14:05,Yielding (Soft In Places),2m,Kingston Fire (IRE),Mr J D Coffey,7,Paul Power,8th,46 l,4,11-11,-,True,22,36
Tramore Racing Results | 9th October 2025 14:05,2025-10-09,14:05,Yielding (Soft In Places),2m,Keep It Together (IRE),B P Kennedy,7,D Buckley,7th,38 l,7,11-5,-,True,22,36
Tramore Racing Results | 9th October 2025 14:05,2025-10-09,14:05,Yielding (Soft In Places),2m,Getone (IRE),Mr J C Barry,0,V Halley,6th,2 1/2 l,6,11-12,-,True,22,36
Tramore Racing Results | 9th October 2025 14:05,2025-10-09,14:05,Yielding (Soft In Places),2m,Katdezire (FR),Phillip Enright,0,S Curling,5th,9 1/2 l,5,11-5b1,-,True,22,36
Tramore Racing Results | 9th October 2025 14:05,2025-10-09,14:05,Yielding (Soft In Places),2m,Miss Donna (IRE),Mr D Kiely,7,Patrick Kiely,4th,9 1/2 l,4,11-4t,-,True,22,36
Tramore Racing Results | 9th October 2025 14:05,2025-10-09,14:05,Yielding (Soft In Places),2m,Gentle Annie (IRE),John Shinnick,3,T O'Brien,3rd,1/2 l,5,11-5t,-,True,22,36
Tramore Racing Results | 9th October 2025 14:05,2025-10-09,14:05,Yielding (Soft In Places),2m,Maxicourt (IRE),Michael Kenneally,7,P J Duffy,2nd,2 1/4 l,4,11-11,-,True,22,36
Tramore Racing Results | 9th October 2025 14:05,2025-10-09,14:05,Yielding (Soft In Places),2m,Cousin Kate (IRE),Daniel King,0,D Hogan,1st,N/A,4,11-4,-,True,22,36
Tramore Racing Results | 9th October 2025 14:40,2025-10-09,14:40,Yielding (Soft In Places),2m,Falcon Park (IRE),Sean Flanagan,0,J J Hanlon,UR,N/A,9,12-0p,98,True,22,37
Tramore Racing Results | 9th October 2025 14:40,2025-10-09,14:40,Yielding (Soft In Places),2m,Port Rashid (IRE),Miss J Townend,0,T Townend,7th,1 3/4 l,14,10-8t,78,True,22,37
Tramore Racing Results | 9th October 2025 14:40,2025-10-09,14:40,Yielding (Soft In Places),2m,Surviving Murmansk (IRE),Harry Sexton,7,J Barcoe,6th,2 1/4 l,7,10-8,78,True,22,37
Tramore Racing Results | 9th October 2025 14:40,2025-10-09,14:40,Yielding (Soft In Places),2m,Angelsworknovrtime (IRE),Mr J Younge,7,James Andrew Fahey,5th,Neck,9,11-8t,92,True,22,37
Tramore Racing Results | 9th October 2025 14:40,2025-10-09,14:40,Yielding (Soft In Places),2m,Kilbarry Ce Ce (IRE),Michael Kenneally,7,C O'Keeffe,4th,2 1/2 l,5,12-0,98,True,22,37
Tramore Racing Results | 9th October 2025 14:40,2025-10-09,14:40,Yielding (Soft In Places),2m,King Bob (IRE),Tiernan Power Roche,5,P J Rothwell,3rd,1 3/4 l,4,10-6,77,True,22,37
Tramore Racing Results | 9th October 2025 14:40,2025-10-09,14:40,Yielding (Soft In Places),2m,Stoneyford Lady (IRE),Darragh O'Keeffe,0,H De Bromhead,2nd,5 1/2 l,6,11-13tp1,97,True,22,37
Tramore Racing Results | 9th October 2025 14:40,2025-10-09,14:40,Yielding (Soft In Places),2m,Rock Ya Boy Ya (IRE),A Balfe,7,Francis Casey,1st,N/A,7,12-2,93,True,22,37
Tramore Racing Results | 9th October 2025 14:40,2025-10-09,14:40,Yielding (Soft In Places),2m,Falcon Park (IRE),Sean Flanagan,0,J J Hanlon,UR,N/A,9,12-0p,98,True,22,37
Tramore Racing Results | 9th October 2025 14:40,2025-10-09,14:40,Yielding (Soft In Places),2m,Port Rashid (IRE),Miss J Townend,0,T Townend,7th,1 3/4 l,14,10-8t,78,True,22,37
Tramore Racing Results | 9th October 2025 14:40,2025-10-09,14:40,Yielding (Soft In Places),2m,Surviving Murmansk (IRE),Harry Sexton,7,J Barcoe,6th,2 1/4 l,7,10-8,78,True,22,37
Tramore Racing Results | 9th October 2025 14:40,2025-10-09,14:40,Yielding (Soft In Places),2m,Angelsworknovrtime (IRE),Mr J Younge,7,James Andrew Fahey,5th,Neck,9,11-8t,92,True,22,37
Tramore Racing Results | 9th October 2025 14:40,2025-10-09,14:40,Yielding (Soft In Places),2m,Kilbarry Ce Ce (IRE),Michael Kenneally,7,C O'Keeffe,4th,2 1/2 l,5,12-0,98,True,22,37
Tramore Racing Results | 9th October 2025 14:40,2025-10-09,14:40,Yielding (Soft In Places),2m,King Bob (IRE),Tiernan Power Roche,5,P J Rothwell,3rd,1 3/4 l,4,10-6,77,True,22,37
Tramore Racing Results | 9th October 2025 14:40,2025-10-09,14:40,Yielding (Soft In Places),2m,Stoneyford Lady (IRE),Darragh O'Keeffe,0,H De Bromhead,2nd,5 1/2 l,6,11-13tp1,97,True,22,37
Tramore Racing Results | 9th October 2025 14:40,2025-10-09,14:40,Yielding (Soft In Places),2m,Rock Ya Boy Ya (IRE),A Balfe,7,Francis Casey,1st,N/A,7,12-2,93,True,22,37
Tramore Racing Results | 9th October 2025 15:15,2025-10-09,15:15,Yielding (Soft In Places),2m 4f 73y,Supreme Axel (IRE),Philip Donovan,3,James Andrew Fahey,PU,N/A,6,10-13,-,True,22,38
Tramore Racing Results | 9th October 2025 15:15,2025-10-09,15:15,Yielding (Soft In Places),2m 4f 73y,East Cork Flyer (IRE),John Shinnick,3,W J Burke,8th,4 l,4,10-11,-,True,22,38
Tramore Racing Results | 9th October 2025 15:15,2025-10-09,15:15,Yielding (Soft In Places),2m 4f 73y,Katie's Casper (IRE),Patrick M O'Brien,5,D A McLoughlin,7th,3 1/2 l,6,10-13t,-,True,22,38
Tramore Racing Results | 9th October 2025 15:15,2025-10-09,15:15,Yielding (Soft In Places),2m 4f 73y,Ballinagaine Girl (IRE),A Leahy,7,J J Hanlon,6th,24 l,5,10-13,-,True,22,38
Tramore Racing Results | 9th October 2025 15:15,2025-10-09,15:15,Yielding (Soft In Places),2m 4f 73y,Amboyna (IRE),Darragh O'Keeffe,0,John E & Kiely,5th,13 l,5,11-7,102,True,22,38
Tramore Racing Results | 9th October 2025 15:15,2025-10-09,15:15,Yielding (Soft In Places),2m 4f 73y,Atlantic City,Eoghan Finegan,7,Ciaran Murphy,4th,19 l,4,10-11b,105,True,22,38
Tramore Racing Results | 9th October 2025 15:15,2025-10-09,15:15,Yielding (Soft In Places),2m 4f 73y,Kom Tu Voudras (FR),Simon Torrens,0,W P Mullins,3rd,1 1/2 l,5,10-13t1,-,True,22,38
Tramore Racing Results | 9th October 2025 15:15,2025-10-09,15:15,Yielding (Soft In Places),2m 4f 73y,Glenmalure Lady (IRE),James Smith,5,C O'Connell,2nd,27 l,6,10-13t,-,True,22,38
Tramore Racing Results | 9th October 2025 15:15,2025-10-09,15:15,Yielding (Soft In Places),2m 4f 73y,Venusienne (FR),Paul Townend,0,W P Mullins,1st,N/A,5,10-13h1,-,True,22,38
Tramore Racing Results | 9th October 2025 15:15,2025-10-09,15:15,Yielding (Soft In Places),2m 4f 73y,Supreme Axel (IRE),Philip Donovan,3,James Andrew Fahey,PU,N/A,6,10-13,-,True,22,38
Tramore Racing Results | 9th October 2025 15:15,2025-10-09,15:15,Yielding (Soft In Places),2m 4f 73y,East Cork Flyer (IRE),John Shinnick,3,W J Burke,8th,4 l,4,10-11,-,True,22,38
Tramore Racing Results | 9th October 2025 15:15,2025-10-09,15:15,Yielding (Soft In Places),2m 4f 73y,Katie's Casper (IRE),Patrick M O'Brien,5,D A McLoughlin,7th,3 1/2 l,6,10-13t,-,True,22,38
Tramore Racing Results | 9th October 2025 15:15,2025-10-09,15:15,Yielding (Soft In Places),2m 4f 73y,Ballinagaine Girl (IRE),A Leahy,7,J J Hanlon,6th,24 l,5,10-13,-,True,22,38
Tramore Racing Results | 9th October 2025 15:15,2025-10-09,15:15,Yielding (Soft In Places),2m 4f 73y,Amboyna (IRE),Darragh O'Keeffe,0,John E & Kiely,5th,13 l,5,11-7,102,True,22,38
Tramore Racing Results | 9th October 2025 15:15,2025-10-09,15:15,Yielding (Soft In Places),2m 4f 73y,Atlantic City,Eoghan Finegan,7,Ciaran Murphy,4th,19 l,4,10-11b,105,True,22,38
Tramore Racing Results | 9th October 2025 15:15,2025-10-09,15:15,Yielding (Soft In Places),2m 4f 73y,Kom Tu Voudras (FR),Simon Torrens,0,W P Mullins,3rd,1 1/2 l,5,10-13t1,-,True,22,38
Tramore Racing Results | 9th October 2025 15:15,2025-10-09,15:15,Yielding (Soft In Places),2m 4f 73y,Glenmalure Lady (IRE),James Smith,5,C O'Connell,2nd,27 l,6,10-13t,-,True,22,38
Tramore Racing Results | 9th October 2025 15:15,2025-10-09,15:15,Yielding (Soft In Places),2m 4f 73y,Venusienne (FR),Paul Townend,0,W P Mullins,1st,N/A,5,10-13h1,-,True,22,38
Tramore Racing Results | 9th October 2025 15:50,2025-10-09,15:50,Yielding (Soft In Places),2m 4f 73y,Rhythm Of Life (FR),Finn Brickley,7,G Elliott,7th,16 l,4,11-4p,104,True,22,39
Tramore Racing Results | 9th October 2025 15:50,2025-10-09,15:50,Yielding (Soft In Places),2m 4f 73y,Front Door Famous (IRE),Keith Donoghue,0,G P Cromwell,6th,6 1/2 l,5,11-10,108,True,22,39
Tramore Racing Results | 9th October 2025 15:50,2025-10-09,15:50,Yielding (Soft In Places),2m 4f 73y,Silent Selector (IRE),Sean Flanagan,0,Gerard O'Leary,5th,Neck,5,11-3,101,True,22,39
Tramore Racing Results | 9th October 2025 15:50,2025-10-09,15:50,Yielding (Soft In Places),2m 4f 73y,Brilliant Light,G Brouder,3,J J Hanlon,4th,2 3/4 l,8,11-7p,105,True,22,39
Tramore Racing Results | 9th October 2025 15:50,2025-10-09,15:50,Yielding (Soft In Places),2m 4f 73y,Tullyveery Lad (IRE),Donagh Meyler,0,R P Cody,3rd,3 3/4 l,9,11-12p,110,True,22,39
Tramore Racing Results | 9th October 2025 15:50,2025-10-09,15:50,Yielding (Soft In Places),2m 4f 73y,Inthenickoftime (IRE),Simon Torrens,0,E Bolger,2nd,1 1/4 l,5,11-4,102,True,22,39
Tramore Racing Results | 9th October 2025 15:50,2025-10-09,15:50,Yielding (Soft In Places),2m 4f 73y,Killinure Lass (IRE),J C Gainford,0,J P Dempsey,1st,N/A,8,11-7p,105,True,22,39
Tramore Racing Results | 9th October 2025 15:50,2025-10-09,15:50,Yielding (Soft In Places),2m 4f 73y,Rhythm Of Life (FR),Finn Brickley,7,G Elliott,7th,16 l,4,11-4p,104,True,22,39
Tramore Racing Results | 9th October 2025 15:50,2025-10-09,15:50,Yielding (Soft In Places),2m 4f 73y,Front Door Famous (IRE),Keith Donoghue,0,G P Cromwell,6th,6 1/2 l,5,11-10,108,True,22,39
Tramore Racing Results | 9th October 2025 15:50,2025-10-09,15:50,Yielding (Soft In Places),2m 4f 73y,Silent Selector (IRE),Sean Flanagan,0,Gerard O'Leary,5th,Neck,5,11-3,101,True,22,39
Tramore Racing Results | 9th October 2025 15:50,2025-10-09,15:50,Yielding (Soft In Places),2m 4f 73y,Brilliant Light,G Brouder,3,J J Hanlon,4th,2 3/4 l,8,11-7p,105,True,22,39
Tramore Racing Results | 9th October 2025 15:50,2025-10-09,15:50,Yielding (Soft In Places),2m 4f 73y,Tullyveery Lad (IRE),Donagh Meyler,0,R P Cody,3rd,3 3/4 l,9,11-12p,110,True,22,39
Tramore Racing Results | 9th October 2025 15:50,2025-10-09,15:50,Yielding (Soft In Places),2m 4f 73y,Inthenickoftime (IRE),Simon Torrens,0,E Bolger,2nd,1 1/4 l,5,11-4,102,True,22,39
Tramore Racing Results | 9th October 2025 15:50,2025-10-09,15:50,Yielding (Soft In Places),2m 4f 73y,Killinure Lass (IRE),J C Gainford,0,J P Dempsey,1st,N/A,8,11-7p,105,True,22,39
Tramore Racing Results | 9th October 2025 16:25,2025-10-09,16:25,Yielding (Good In Places),1m 7f 110y,Added Bonus (IRE),Phillip Enright,0,Brendan Walsh,7th,3 1/4 l,11,10-0tp,72,True,22,40
Tramore Racing Results | 9th October 2025 16:25,2025-10-09,16:25,Yielding (Good In Places),1m 7f 110y,Takarengo (IRE),Donagh Meyler,0,J Barcoe,6th,1/2 l,9,11-5,102,True,22,40
Tramore Racing Results | 9th October 2025 16:25,2025-10-09,16:25,Yielding (Good In Places),1m 7f 110y,Itsalonglongroad,S O'Callaghan,5,C Coakley,5th,6 1/2 l,11,11-5v,102,True,22,40
Tramore Racing Results | 9th October 2025 16:25,2025-10-09,16:25,Yielding (Good In Places),1m 7f 110y,Lady Rose Hackett,Darragh O'Keeffe,0,H De Bromhead,4th,6 1/2 l,6,11-3,100,True,22,40
Tramore Racing Results | 9th October 2025 16:25,2025-10-09,16:25,Yielding (Good In Places),1m 7f 110y,Polly Poppins (IRE),Michael Kenneally,7,Bernard Crowley,3rd,3 1/4 l,5,10-8,91,True,22,40
Tramore Racing Results | 9th October 2025 16:25,2025-10-09,16:25,Yielding (Good In Places),1m 7f 110y,Sayitfirst (IRE),G Brouder,3,D Collins,2nd,Short Head,9,11-0,97,True,22,40
Tramore Racing Results | 9th October 2025 16:25,2025-10-09,16:25,Yielding (Good In Places),1m 7f 110y,May Call You Back,Brian Hayes,0,W P Mullins,1st,N/A,7,11-4,101,True,22,40
Tramore Racing Results | 9th October 2025 16:25,2025-10-09,16:25,Yielding (Good In Places),1m 7f 110y,Added Bonus (IRE),Phillip Enright,0,Brendan Walsh,7th,3 1/4 l,11,10-0tp,72,True,22,40
Tramore Racing Results | 9th October 2025 16:25,2025-10-09,16:25,Yielding (Good In Places),1m 7f 110y,Takarengo (IRE),Donagh Meyler,0,J Barcoe,6th,1/2 l,9,11-5,102,True,22,40
Tramore Racing Results | 9th October 2025 16:25,2025-10-09,16:25,Yielding (Good In Places),1m 7f 110y,Itsalonglongroad,S O'Callaghan,5,C Coakley,5th,6 1/2 l,11,11-5v,102,True,22,40
Tramore Racing Results | 9th October 2025 16:25,2025-10-09,16:25,Yielding (Good In Places),1m 7f 110y,Lady Rose Hackett,Darragh O'Keeffe,0,H De Bromhead,4th,6 1/2 l,6,11-3,100,True,22,40
Tramore Racing Results | 9th October 2025 16:25,2025-10-09,16:25,Yielding (Good In Places),1m 7f 110y,Polly Poppins (IRE),Michael Kenneally,7,Bernard Crowley,3rd,3 1/4 l,5,10-8,91,True,22,40
Tramore Racing Results | 9th October 2025 16:25,2025-10-09,16:25,Yielding (Good In Places),1m 7f 110y,Sayitfirst (IRE),G Brouder,3,D Collins,2nd,Short Head,9,11-0,97,True,22,40
Tramore Racing Results | 9th October 2025 16:25,2025-10-09,16:25,Yielding (Good In Places),1m 7f 110y,May Call You Back,Brian Hayes,0,W P Mullins,1st,N/A,7,11-4,101,True,22,40
Tramore Racing Results | 9th October 2025 17:00,2025-10-09,17:00,Yielding (Good In Places),2m 4f 80y,Prized Jet (IRE),Ben Harvey,0,J J Hanlon,UR,N/A,5,11-5,-,True,22,41
Tramore Racing Results | 9th October 2025 17:00,2025-10-09,17:00,Yielding (Good In Places),2m 4f 80y,Mullanour (IRE),Tiernan Power Roche,5,W J Martin,9th,12 l,6,11-12,92,True,22,41
Tramore Racing Results | 9th October 2025 17:00,2025-10-09,17:00,Yielding (Good In Places),2m 4f 80y,North Moon (FR),Sean O'Keeffe,0,W P Mullins,8th,1 l,5,11-12,-,True,22,41
Tramore Racing Results | 9th October 2025 17:00,2025-10-09,17:00,Yielding (Good In Places),2m 4f 80y,Kells Priory (IRE),Ryan Treacy,0,Louise G Lyons,7th,3 3/4 l,8,11-12p,106,True,22,41
Tramore Racing Results | 9th October 2025 17:00,2025-10-09,17:00,Yielding (Good In Places),2m 4f 80y,Wakey Wakey Man (IRE),J C Gainford,0,Miss Ellmarie Holden,6th,3 1/2 l,5,11-12,-,True,22,41
Tramore Racing Results | 9th October 2025 17:00,2025-10-09,17:00,Yielding (Good In Places),2m 4f 80y,Figurehead (IRE),Simon Torrens,0,Michael G Cleary,5th,8 l,8,11-12,96,True,22,41
Tramore Racing Results | 9th October 2025 17:00,2025-10-09,17:00,Yielding (Good In Places),2m 4f 80y,Sharetheknowledge (IRE),Darragh O'Keeffe,0,Paul Tobin,4th,2 1/4 l,6,11-12t,-,True,22,41
Tramore Racing Results | 9th October 2025 17:00,2025-10-09,17:00,Yielding (Good In Places),2m 4f 80y,Mount Shenshan (IRE),Danny Mullins,0,T Mullins,3rd,6 l,7,11-5,100,True,22,41
Tramore Racing Results | 9th October 2025 17:00,2025-10-09,17:00,Yielding (Good In Places),2m 4f 80y,Menas Miracle (IRE),Conor Stone-Walsh,0,Brendan Walsh,2nd,1 3/4 l,6,11-5t,87,True,22,41
Tramore Racing Results | 9th October 2025 17:00,2025-10-09,17:00,Yielding (Good In Places),2m 4f 80y,Juke Box Rock (IRE),Keith Donoghue,0,G P Cromwell,1st,N/A,6,11-12,-,True,22,41
Tramore Racing Results | 9th October 2025 17:00,2025-10-09,17:00,Yielding (Good In Places),2m 4f 80y,Prized Jet (IRE),Ben Harvey,0,J J Hanlon,UR,N/A,5,11-5,-,True,22,41
Tramore Racing Results | 9th October 2025 17:00,2025-10-09,17:00,Yielding (Good In Places),2m 4f 80y,Mullanour (IRE),Tiernan Power Roche,5,W J Martin,9th,12 l,6,11-12,92,True,22,41
Tramore Racing Results | 9th October 2025 17:00,2025-10-09,17:00,Yielding (Good In Places),2m 4f 80y,North Moon (FR),Sean O'Keeffe,0,W P Mullins,8th,1 l,5,11-12,-,True,22,41
Tramore Racing Results | 9th October 2025 17:00,2025-10-09,17:00,Yielding (Good In Places),2m 4f 80y,Kells Priory (IRE),Ryan Treacy,0,Louise G Lyons,7th,3 3/4 l,8,11-12p,106,True,22,41
Tramore Racing Results | 9th October 2025 17:00,2025-10-09,17:00,Yielding (Good In Places),2m 4f 80y,Wakey Wakey Man (IRE),J C Gainford,0,Miss Ellmarie Holden,6th,3 1/2 l,5,11-12,-,True,22,41
Tramore Racing Results | 9th October 2025 17:00,2025-10-09,17:00,Yielding (Good In Places),2m 4f 80y,Figurehead (IRE),Simon Torrens,0,Michael G Cleary,5th,8 l,8,11-12,96,True,22,41
Tramore Racing Results | 9th October 2025 17:00,2025-10-09,17:00,Yielding (Good In Places),2m 4f 80y,Sharetheknowledge (IRE),Darragh O'Keeffe,0,Paul Tobin,4th,2 1/4 l,6,11-12t,-,True,22,41
Tramore Racing Results | 9th October 2025 17:00,2025-10-09,17:00,Yielding (Good In Places),2m 4f 80y,Mount Shenshan (IRE),Danny Mullins,0,T Mullins,3rd,6 l,7,11-5,100,True,22,41
Tramore Racing Results | 9th October 2025 17:00,2025-10-09,17:00,Yielding (Good In Places),2m 4f 80y,Menas Miracle (IRE),Conor Stone-Walsh,0,Brendan Walsh,2nd,1 3/4 l,6,11-5t,87,True,22,41
Tramore Racing Results | 9th October 2025 17:00,2025-10-09,17:00,Yielding (Good In Places),2m 4f 80y,Juke Box Rock (IRE),Keith Donoghue,0,G P Cromwell,1st,N/A,6,11-12,-,True,22,41
Tramore Racing Results | 9th October 2025 17:35,2025-10-09,17:35,Yielding (Soft In Places) ace (Turf),2m,Beara Beauty (IRE),Ms K M Ryan,7,J J Hanlon,PU,N/A,4,11-6,-,True,22,42
Tramore Racing Results | 9th October 2025 17:35,2025-10-09,17:35,Yielding (Soft In Places) ace (Turf),2m,Goodmancon (IRE),Ms S K Breen,7,P Breen,7th,6 1/2 l,5,12-0t1,-,True,22,42
Tramore Racing Results | 9th October 2025 17:35,2025-10-09,17:35,Yielding (Soft In Places) ace (Turf),2m,Paymelater (IRE),Aileen O'Sullivan,7,S Millar,6th,1 3/4 l,6,12-0,-,True,22,42
Tramore Racing Results | 9th October 2025 17:35,2025-10-09,17:35,Yielding (Soft In Places) ace (Turf),2m,Boo Radley (IRE),Miss J Townend,0,W P Mullins,5th,3 3/4 l,4,11-13,-,True,22,42
Tramore Racing Results | 9th October 2025 17:35,2025-10-09,17:35,Yielding (Soft In Places) ace (Turf),2m,Wartime Leader (IRE),Miss G Benson,7,D Hogan,4th,3 1/4 l,5,12-0t1,-,True,22,42
Tramore Racing Results | 9th October 2025 17:35,2025-10-09,17:35,Yielding (Soft In Places) ace (Turf),2m,Moon Mission,Miss P Elvin,7,P J Rothwell,3rd,3 l,4,11-13t,-,True,22,42
Tramore Racing Results | 9th October 2025 17:35,2025-10-09,17:35,Yielding (Soft In Places) ace (Turf),2m,Le Roi Du Livet (FR),Ms H Phillips,7,P Fenton,2nd,Nose,4,11-13,-,True,22,42
Tramore Racing Results | 9th October 2025 17:35,2025-10-09,17:35,Yielding (Soft In Places) ace (Turf),2m,Barra Rua (IRE),Miss M O'Sullivan,5,E Mullins,1st,N/A,5,11-7,-,True,22,42
Tramore Racing Results | 9th October 2025 17:35,2025-10-09,17:35,Yielding (Soft In Places) ace (Turf),2m,Beara Beauty (IRE),Ms K M Ryan,7,J J Hanlon,PU,N/A,4,11-6,-,True,22,42
Tramore Racing Results | 9th October 2025 17:35,2025-10-09,17:35,Yielding (Soft In Places) ace (Turf),2m,Goodmancon (IRE),Ms S K Breen,7,P Breen,7th,6 1/2 l,5,12-0t1,-,True,22,42
Tramore Racing Results | 9th October 2025 17:35,2025-10-09,17:35,Yielding (Soft In Places) ace (Turf),2m,Paymelater (IRE),Aileen O'Sullivan,7,S Millar,6th,1 3/4 l,6,12-0,-,True,22,42
Tramore Racing Results | 9th October 2025 17:35,2025-10-09,17:35,Yielding (Soft In Places) ace (Turf),2m,Boo Radley (IRE),Miss J Townend,0,W P Mullins,5th,3 3/4 l,4,11-13,-,True,22,42
Tramore Racing Results | 9th October 2025 17:35,2025-10-09,17:35,Yielding (Soft In Places) ace (Turf),2m,Wartime Leader (IRE),Miss G Benson,7,D Hogan,4th,3 1/4 l,5,12-0t1,-,True,22,42
Tramore Racing Results | 9th October 2025 17:35,2025-10-09,17:35,Yielding (Soft In Places) ace (Turf),2m,Moon Mission,Miss P Elvin,7,P J Rothwell,3rd,3 l,4,11-13t,-,True,22,42
Tramore Racing Results | 9th October 2025 17:35,2025-10-09,17:35,Yielding (Soft In Places) ace (Turf),2m,Le Roi Du Livet (FR),Ms H Phillips,7,P Fenton,2nd,Nose,4,11-13,-,True,22,42
Tramore Racing Results | 9th October 2025 17:35,2025-10-09,17:35,Yielding (Soft In Places) ace (Turf),2m,Barra Rua (IRE),Miss M O'Sullivan,5,E Mullins,1st,N/A,5,11-7,-,True,22,42
N/A,2025-10-10,14:13,Yielding (Yielding To Soft In Places),2m 1f 65y,Black Gem (IRE),Alex Harvey,0,J C McConnell,NR,N/A,4,11-11t,-,True,22,43
N/A,2025-10-10,14:13,Yielding (Yielding To Soft In Places),2m 1f 65y,Bethngracieschance (IRE),Sean Flanagan,0,C Bowe,11th,14 l,4,11-4,-,True,22,43
N/A,2025-10-10,14:13,Yielding (Yielding To Soft In Places),2m 1f 65y,Blossomfort Flyer (IRE),Michael Kenneally,7,D Queally,10th,6 1/2 l,5,11-5t,-,True,22,43
N/A,2025-10-10,14:13,Yielding (Yielding To Soft In Places),2m 1f 65y,Artic Chief (IRE),Caragh Monaghan,7,L Lennon,9th,5 1/2 l,4,11-11,-,True,22,43
N/A,2025-10-10,14:13,Yielding (Yielding To Soft In Places),2m 1f 65y,Scary Askari,Mr N McParlan,0,S McParlan,8th,1 l,5,11-12,-,True,22,43
N/A,2025-10-10,14:13,Yielding (Yielding To Soft In Places),2m 1f 65y,Trixaboutmaisie (IRE),Sean O'Keeffe,0,C Bowe,7th,2 1/2 l,4,11-4,-,True,22,43
N/A,2025-10-10,14:13,Yielding (Yielding To Soft In Places),2m 1f 65y,Laska Du Breuil (FR),Kieren Buckley,0,G P Cromwell,6th,2 1/2 l,4,11-11,-,True,22,43
N/A,2025-10-10,14:13,Yielding (Yielding To Soft In Places),2m 1f 65y,Grennanstown Lady (IRE),Shane Fitzgerald,0,G Keane,5th,8 1/2 l,4,11-4,-,True,22,43
N/A,2025-10-10,14:13,Yielding (Yielding To Soft In Places),2m 1f 65y,Tropical Twist (IRE),Jack Kennedy,0,G Elliott,4th,3/4 l,4,11-4,-,True,22,43
N/A,2025-10-10,14:13,Yielding (Yielding To Soft In Places),2m 1f 65y,Campbell Black (IRE),J C Gainford,0,William Harvey,3rd,15 l,5,11-12,-,True,22,43
N/A,2025-10-10,14:13,Yielding (Yielding To Soft In Places),2m 1f 65y,Luker's Tipple (IRE),Keith Donoghue,0,G P Cromwell,2nd,1/2 l,4,11-11,118,True,22,43
N/A,2025-10-10,14:13,Yielding (Yielding To Soft In Places),2m 1f 65y,Barrys Spirit (IRE),Eoin Staples,7,G P Cromwell,1st,N/A,4,11-11,-,True,22,43
N/A,2025-10-10,14:13,Yielding (Yielding To Soft In Places),2m 1f 65y,Black Gem (IRE),Alex Harvey,0,J C McConnell,NR,N/A,4,11-11t,-,True,22,43
N/A,2025-10-10,14:13,Yielding (Yielding To Soft In Places),2m 1f 65y,Bethngracieschance (IRE),Sean Flanagan,0,C Bowe,11th,14 l,4,11-4,-,True,22,43
N/A,2025-10-10,14:13,Yielding (Yielding To Soft In Places),2m 1f 65y,Blossomfort Flyer (IRE),Michael Kenneally,7,D Queally,10th,6 1/2 l,5,11-5t,-,True,22,43
N/A,2025-10-10,14:13,Yielding (Yielding To Soft In Places),2m 1f 65y,Artic Chief (IRE),Caragh Monaghan,7,L Lennon,9th,5 1/2 l,4,11-11,-,True,22,43
N/A,2025-10-10,14:13,Yielding (Yielding To Soft In Places),2m 1f 65y,Scary Askari,Mr N McParlan,0,S McParlan,8th,1 l,5,11-12,-,True,22,43
N/A,2025-10-10,14:13,Yielding (Yielding To Soft In Places),2m 1f 65y,Trixaboutmaisie (IRE),Sean O'Keeffe,0,C Bowe,7th,2 1/2 l,4,11-4,-,True,22,43
N/A,2025-10-10,14:13,Yielding (Yielding To Soft In Places),2m 1f 65y,Laska Du Breuil (FR),Kieren Buckley,0,G P Cromwell,6th,2 1/2 l,4,11-11,-,True,22,43
N/A,2025-10-10,14:13,Yielding (Yielding To Soft In Places),2m 1f 65y,Grennanstown Lady (IRE),Shane Fitzgerald,0,G Keane,5th,8 1/2 l,4,11-4,-,True,22,43
N/A,2025-10-10,14:13,Yielding (Yielding To Soft In Places),2m 1f 65y,Tropical Twist (IRE),Jack Kennedy,0,G Elliott,4th,3/4 l,4,11-4,-,True,22,43
N/A,2025-10-10,14:13,Yielding (Yielding To Soft In Places),2m 1f 65y,Campbell Black (IRE),J C Gainford,0,William Harvey,3rd,15 l,5,11-12,-,True,22,43
N/A,2025-10-10,14:13,Yielding (Yielding To Soft In Places),2m 1f 65y,Luker's Tipple (IRE),Keith Donoghue,0,G P Cromwell,2nd,1/2 l,4,11-11,118,True,22,43
N/A,2025-10-10,14:13,Yielding (Yielding To Soft In Places),2m 1f 65y,Barrys Spirit (IRE),Eoin Staples,7,G P Cromwell,1st,N/A,4,11-11,-,True,22,43
N/A,2025-10-10,14:48,Yielding (Yielding To Soft In Places),2m 1f 65y,Whispering Hopes (IRE),Jack Kennedy,0,G Elliott,6th,33 l,5,11-7,104,True,22,44
N/A,2025-10-10,14:48,Yielding (Yielding To Soft In Places),2m 1f 65y,A Snow White Park (IRE),Danny Mullins,0,Ms M Mullins,5th,14 l,4,11-9,107,True,22,44
N/A,2025-10-10,14:48,Yielding (Yielding To Soft In Places),2m 1f 65y,Oh So Charming,Michael Kenneally,7,D Queally,4th,Neck,5,11-12ht,109,True,22,44
N/A,2025-10-10,14:48,Yielding (Yielding To Soft In Places),2m 1f 65y,Diamond Tipp (IRE),Alex Harvey,0,J C McConnell,3rd,1 3/4 l,5,11-11t,108,True,22,44
N/A,2025-10-10,14:48,Yielding (Yielding To Soft In Places),2m 1f 65y,Derry Lad (IRE),Donagh Meyler,0,E Mullins,2nd,2 1/2 l,7,11-2,99,True,22,44
N/A,2025-10-10,14:48,Yielding (Yielding To Soft In Places),2m 1f 65y,Oh Janey (IRE),Sam Ewing,0,S R B Crawford,1st,N/A,5,11-3t,100,True,22,44
N/A,2025-10-10,14:48,Yielding (Yielding To Soft In Places),2m 1f 65y,Whispering Hopes (IRE),Jack Kennedy,0,G Elliott,6th,33 l,5,11-7,104,True,22,44
N/A,2025-10-10,14:48,Yielding (Yielding To Soft In Places),2m 1f 65y,A Snow White Park (IRE),Danny Mullins,0,Ms M Mullins,5th,14 l,4,11-9,107,True,22,44
N/A,2025-10-10,14:48,Yielding (Yielding To Soft In Places),2m 1f 65y,Oh So Charming,Michael Kenneally,7,D Queally,4th,Neck,5,11-12ht,109,True,22,44
N/A,2025-10-10,14:48,Yielding (Yielding To Soft In Places),2m 1f 65y,Diamond Tipp (IRE),Alex Harvey,0,J C McConnell,3rd,1 3/4 l,5,11-11t,108,True,22,44
N/A,2025-10-10,14:48,Yielding (Yielding To Soft In Places),2m 1f 65y,Derry Lad (IRE),Donagh Meyler,0,E Mullins,2nd,2 1/2 l,7,11-2,99,True,22,44
N/A,2025-10-10,14:48,Yielding (Yielding To Soft In Places),2m 1f 65y,Oh Janey (IRE),Sam Ewing,0,S R B Crawford,1st,N/A,5,11-3t,100,True,22,44
N/A,2025-10-10,15:23,Yielding (Yielding To Soft In Places),2m 1f 65y,Clonclough Lady (IRE),Conor Stone-Walsh,0,J P Dempsey,F,N/A,5,10-9b1,81,True,22,45
N/A,2025-10-10,15:23,Yielding (Yielding To Soft In Places),2m 1f 65y,Garadice (IRE),Eoin Staples,7,D M Christie,8th,91 l,5,10-13tp1,85,True,22,45
N/A,2025-10-10,15:23,Yielding (Yielding To Soft In Places),2m 1f 65y,Flashthelights (IRE),Alex Harvey,0,N C Kelly,7th,14 l,9,11-4t,90,True,22,45
N/A,2025-10-10,15:23,Yielding (Yielding To Soft In Places),2m 1f 65y,Chanceawetmorning (IRE),Darragh O'Keeffe,0,N C Kelly,6th,9 l,5,11-13t1,99,True,22,45
N/A,2025-10-10,15:23,Yielding (Yielding To Soft In Places),2m 1f 65y,Bringsty,Simon Torrens,0,N C Kelly,5th,2 3/4 l,7,11-2,88,True,22,45
N/A,2025-10-10,15:23,Yielding (Yielding To Soft In Places),2m 1f 65y,Aswellasabentley (IRE),Keith Donoghue,0,G P Cromwell,4th,3/4 l,4,11-10,97,True,22,45
N/A,2025-10-10,15:23,Yielding (Yielding To Soft In Places),2m 1f 65y,Parkgarve (IRE),Sam Ewing,0,Ian Donoghue,3rd,2 1/4 l,5,11-11t,97,True,22,45
N/A,2025-10-10,15:23,Yielding (Yielding To Soft In Places),2m 1f 65y,Centaq (IRE),Patrick M O'Brien,5,D A McLoughlin,2nd,2 1/2 l,5,10-10,82,True,22,45
N/A,2025-10-10,15:23,Yielding (Yielding To Soft In Places),2m 1f 65y,Someone's Wish (IRE),Jack Kennedy,0,G Elliott,1st,N/A,5,11-12p,98,True,22,45
N/A,2025-10-10,15:23,Yielding (Yielding To Soft In Places),2m 1f 65y,Clonclough Lady (IRE),Conor Stone-Walsh,0,J P Dempsey,F,N/A,5,10-9b1,81,True,22,45
N/A,2025-10-10,15:23,Yielding (Yielding To Soft In Places),2m 1f 65y,Garadice (IRE),Eoin Staples,7,D M Christie,8th,91 l,5,10-13tp1,85,True,22,45
N/A,2025-10-10,15:23,Yielding (Yielding To Soft In Places),2m 1f 65y,Flashthelights (IRE),Alex Harvey,0,N C Kelly,7th,14 l,9,11-4t,90,True,22,45
N/A,2025-10-10,15:23,Yielding (Yielding To Soft In Places),2m 1f 65y,Chanceawetmorning (IRE),Darragh O'Keeffe,0,N C Kelly,6th,9 l,5,11-13t1,99,True,22,45
N/A,2025-10-10,15:23,Yielding (Yielding To Soft In Places),2m 1f 65y,Bringsty,Simon Torrens,0,N C Kelly,5th,2 3/4 l,7,11-2,88,True,22,45
N/A,2025-10-10,15:23,Yielding (Yielding To Soft In Places),2m 1f 65y,Aswellasabentley (IRE),Keith Donoghue,0,G P Cromwell,4th,3/4 l,4,11-10,97,True,22,45
N/A,2025-10-10,15:23,Yielding (Yielding To Soft In Places),2m 1f 65y,Parkgarve (IRE),Sam Ewing,0,Ian Donoghue,3rd,2 1/4 l,5,11-11t,97,True,22,45
N/A,2025-10-10,15:23,Yielding (Yielding To Soft In Places),2m 1f 65y,Centaq (IRE),Patrick M O'Brien,5,D A McLoughlin,2nd,2 1/2 l,5,10-10,82,True,22,45
N/A,2025-10-10,15:23,Yielding (Yielding To Soft In Places),2m 1f 65y,Someone's Wish (IRE),Jack Kennedy,0,G Elliott,1st,N/A,5,11-12p,98,True,22,45
N/A,2025-10-10,15:58,Yielding (Yielding To Soft In Places),2m 5f 180y,Pas Peur De Toi (FR),J C Gainford,0,G Elliott,4th,3/4 l,7,11-4,-,True,22,46
N/A,2025-10-10,15:58,Yielding (Yielding To Soft In Places),2m 5f 180y,Isn't He Westie (IRE),Anna McGuinness,7,M G Quinn,3rd,20 l,6,11-4,-,True,22,46
N/A,2025-10-10,15:58,Yielding (Yielding To Soft In Places),2m 5f 180y,Bold Rhyme (IRE),Darragh O'Keeffe,0,D M Christie,2nd,9 l,5,11-4,-,True,22,46
N/A,2025-10-10,15:58,Yielding (Yielding To Soft In Places),2m 5f 180y,Pour Les Filles,Jack Kennedy,0,G Elliott,1st,N/A,7,11-12,124,True,22,46
N/A,2025-10-10,15:58,Yielding (Yielding To Soft In Places),2m 5f 180y,Pas Peur De Toi (FR),J C Gainford,0,G Elliott,4th,3/4 l,7,11-4,-,True,22,46
N/A,2025-10-10,15:58,Yielding (Yielding To Soft In Places),2m 5f 180y,Isn't He Westie (IRE),Anna McGuinness,7,M G Quinn,3rd,20 l,6,11-4,-,True,22,46
N/A,2025-10-10,15:58,Yielding (Yielding To Soft In Places),2m 5f 180y,Bold Rhyme (IRE),Darragh O'Keeffe,0,D M Christie,2nd,9 l,5,11-4,-,True,22,46
N/A,2025-10-10,15:58,Yielding (Yielding To Soft In Places),2m 5f 180y,Pour Les Filles,Jack Kennedy,0,G Elliott,1st,N/A,7,11-12,124,True,22,46
N/A,2025-10-10,16:30,Yielding (Yielding To Soft In Places),2m 5f 180y,Tiny Angel (IRE),Simon Torrens,0,N C Kelly,11th,16 l,5,10-13b1,85,True,22,47
N/A,2025-10-10,16:30,Yielding (Yielding To Soft In Places),2m 5f 180y,Marronstown (IRE),J C Gainford,0,D M Christie,10th,6 1/2 l,8,12-0,100,True,22,47
N/A,2025-10-10,16:30,Yielding (Yielding To Soft In Places),2m 5f 180y,Appian Way (FR),Ms A Power,7,Ms M Flynn,9th,6 1/2 l,9,10-0p,72,True,22,47
N/A,2025-10-10,16:30,Yielding (Yielding To Soft In Places),2m 5f 180y,Comeonarchie (IRE),Mr J R Martin,7,F G Hand,8th,13 l,8,11-4t,90,True,22,47
N/A,2025-10-10,16:30,Yielding (Yielding To Soft In Places),2m 5f 180y,Bella Union (IRE),Alex Harvey,0,J C McConnell,7th,1 1/4 l,9,10-10p,82,True,22,47
N/A,2025-10-10,16:30,Yielding (Yielding To Soft In Places),2m 5f 180y,Joya Del Mar (IRE),Mr J P Sutton,7,D A McLoughlin,6th,Short Head,7,11-12p,98,True,22,47
N/A,2025-10-10,16:30,Yielding (Yielding To Soft In Places),2m 5f 180y,Morell River (IRE),Sean O'Keeffe,0,C Bowe,5th,3/4 l,5,11-5,91,True,22,47
N/A,2025-10-10,16:30,Yielding (Yielding To Soft In Places),2m 5f 180y,Schiehallion (IRE),Patrick M O'Brien,5,D A McLoughlin,4th,4 1/2 l,8,11-12p,98,True,22,47
N/A,2025-10-10,16:30,Yielding (Yielding To Soft In Places),2m 5f 180y,Oogum Boogum (IRE),Shane Fitzgerald,0,D Budds,3rd,1 3/4 l,7,11-0p,86,True,22,47
N/A,2025-10-10,16:30,Yielding (Yielding To Soft In Places),2m 5f 180y,Georgia Celena (IRE),Darragh O'Keeffe,0,J C McConnell,2nd,1 3/4 l,7,11-3,89,True,22,47
N/A,2025-10-10,16:30,Yielding (Yielding To Soft In Places),2m 5f 180y,Hitthehayson (IRE),Conor Stone-Walsh,0,Ian Donoghue,1st,N/A,6,10-13p,85,True,22,47
N/A,2025-10-10,16:30,Yielding (Yielding To Soft In Places),2m 5f 180y,Tiny Angel (IRE),Simon Torrens,0,N C Kelly,11th,16 l,5,10-13b1,85,True,22,47
N/A,2025-10-10,16:30,Yielding (Yielding To Soft In Places),2m 5f 180y,Marronstown (IRE),J C Gainford,0,D M Christie,10th,6 1/2 l,8,12-0,100,True,22,47
N/A,2025-10-10,16:30,Yielding (Yielding To Soft In Places),2m 5f 180y,Appian Way (FR),Ms A Power,7,Ms M Flynn,9th,6 1/2 l,9,10-0p,72,True,22,47
N/A,2025-10-10,16:30,Yielding (Yielding To Soft In Places),2m 5f 180y,Comeonarchie (IRE),Mr J R Martin,7,F G Hand,8th,13 l,8,11-4t,90,True,22,47
N/A,2025-10-10,16:30,Yielding (Yielding To Soft In Places),2m 5f 180y,Bella Union (IRE),Alex Harvey,0,J C McConnell,7th,1 1/4 l,9,10-10p,82,True,22,47
N/A,2025-10-10,16:30,Yielding (Yielding To Soft In Places),2m 5f 180y,Joya Del Mar (IRE),Mr J P Sutton,7,D A McLoughlin,6th,Short Head,7,11-12p,98,True,22,47
N/A,2025-10-10,16:30,Yielding (Yielding To Soft In Places),2m 5f 180y,Morell River (IRE),Sean O'Keeffe,0,C Bowe,5th,3/4 l,5,11-5,91,True,22,47
N/A,2025-10-10,16:30,Yielding (Yielding To Soft In Places),2m 5f 180y,Schiehallion (IRE),Patrick M O'Brien,5,D A McLoughlin,4th,4 1/2 l,8,11-12p,98,True,22,47
N/A,2025-10-10,16:30,Yielding (Yielding To Soft In Places),2m 5f 180y,Oogum Boogum (IRE),Shane Fitzgerald,0,D Budds,3rd,1 3/4 l,7,11-0p,86,True,22,47
N/A,2025-10-10,16:30,Yielding (Yielding To Soft In Places),2m 5f 180y,Georgia Celena (IRE),Darragh O'Keeffe,0,J C McConnell,2nd,1 3/4 l,7,11-3,89,True,22,47
N/A,2025-10-10,16:30,Yielding (Yielding To Soft In Places),2m 5f 180y,Hitthehayson (IRE),Conor Stone-Walsh,0,Ian Donoghue,1st,N/A,6,10-13p,85,True,22,47
N/A,2025-10-10,17:05,Yielding (Yielding To Soft In Places),2m 3f 100y,Boston Jury (IRE),Jack Kennedy,0,G Elliott,7th,6 1/2 l,5,11-12,-,True,22,48
N/A,2025-10-10,17:05,Yielding (Yielding To Soft In Places),2m 3f 100y,Nakassama (IRE),Simon Torrens,0,N C Kelly,6th,5 1/2 l,5,11-12,93,True,22,48
N/A,2025-10-10,17:05,Yielding (Yielding To Soft In Places),2m 3f 100y,Ar Nos Na Gaoithe (IRE),Tiernan Power Roche,5,P J Rothwell,5th,21 l,6,11-5p,-,True,22,48
N/A,2025-10-10,17:05,Yielding (Yielding To Soft In Places),2m 3f 100y,Tell Us This (IRE),Eoin Staples,7,G P Cromwell,4th,3 3/4 l,6,11-12,-,True,22,48
N/A,2025-10-10,17:05,Yielding (Yielding To Soft In Places),2m 3f 100y,The Electrical Kid (IRE),Darragh O'Keeffe,0,H De Bromhead,3rd,2 3/4 l,8,11-12,-,True,22,48
N/A,2025-10-10,17:05,Yielding (Yielding To Soft In Places),2m 3f 100y,Sophia Rose (IRE),Keith Donoghue,0,G P Cromwell,2nd,3 1/2 l,6,11-5,-,True,22,48
N/A,2025-10-10,17:05,Yielding (Yielding To Soft In Places),2m 3f 100y,Seskin Flash (IRE),Donagh Meyler,0,J P Dempsey,1st,N/A,6,11-12h,-,True,22,48
N/A,2025-10-10,17:05,Yielding (Yielding To Soft In Places),2m 3f 100y,Boston Jury (IRE),Jack Kennedy,0,G Elliott,7th,6 1/2 l,5,11-12,-,True,22,48
N/A,2025-10-10,17:05,Yielding (Yielding To Soft In Places),2m 3f 100y,Nakassama (IRE),Simon Torrens,0,N C Kelly,6th,5 1/2 l,5,11-12,93,True,22,48
N/A,2025-10-10,17:05,Yielding (Yielding To Soft In Places),2m 3f 100y,Ar Nos Na Gaoithe (IRE),Tiernan Power Roche,5,P J Rothwell,5th,21 l,6,11-5p,-,True,22,48
N/A,2025-10-10,17:05,Yielding (Yielding To Soft In Places),2m 3f 100y,Tell Us This (IRE),Eoin Staples,7,G P Cromwell,4th,3 3/4 l,6,11-12,-,True,22,48
N/A,2025-10-10,17:05,Yielding (Yielding To Soft In Places),2m 3f 100y,The Electrical Kid (IRE),Darragh O'Keeffe,0,H De Bromhead,3rd,2 3/4 l,8,11-12,-,True,22,48
N/A,2025-10-10,17:05,Yielding (Yielding To Soft In Places),2m 3f 100y,Sophia Rose (IRE),Keith Donoghue,0,G P Cromwell,2nd,3 1/2 l,6,11-5,-,True,22,48
N/A,2025-10-10,17:05,Yielding (Yielding To Soft In Places),2m 3f 100y,Seskin Flash (IRE),Donagh Meyler,0,J P Dempsey,1st,N/A,6,11-12h,-,True,22,48
N/A,2025-10-10,17:37,Yielding (Yielding To Soft In Places),2m 7f 150y,Game And Glory (IRE),Tiernan Power Roche,5,P J Rothwell,PU,N/A,9,10-5p,77,True,22,49
N/A,2025-10-10,17:37,Yielding (Yielding To Soft In Places),2m 7f 150y,Jimli's Cave (IRE),Darragh O'Keeffe,0,R K Watson,6th,15 l,7,11-4b,90,True,22,49
N/A,2025-10-10,17:37,Yielding (Yielding To Soft In Places),2m 7f 150y,On The Tide (IRE),Eoin Staples,7,S Neville,5th,35 l,7,12-0,100,True,22,49
N/A,2025-10-10,17:37,Yielding (Yielding To Soft In Places),2m 7f 150y,Stretchemout (IRE),Jack Kennedy,0,G Elliott,4th,5 1/2 l,5,11-13tp,99,True,22,49
N/A,2025-10-10,17:37,Yielding (Yielding To Soft In Places),2m 7f 150y,Greenway Machine (IRE),Sam Ewing,0,Ms H P Markham,3rd,23 l,13,10-0,72,True,22,49
N/A,2025-10-10,17:37,Yielding (Yielding To Soft In Places),2m 7f 150y,Toor Moon (IRE),Danny Mullins,0,Ms M Flynn,2nd,5 1/2 l,8,10-8,80,True,22,49
N/A,2025-10-10,17:37,Yielding (Yielding To Soft In Places),2m 7f 150y,Small Town Hero (IRE),Conor Stone-Walsh,0,Ian Donoghue,1st,N/A,5,10-5p,77,True,22,49
N/A,2025-10-10,17:37,Yielding (Yielding To Soft In Places),2m 7f 150y,Game And Glory (IRE),Tiernan Power Roche,5,P J Rothwell,PU,N/A,9,10-5p,77,True,22,49
N/A,2025-10-10,17:37,Yielding (Yielding To Soft In Places),2m 7f 150y,Jimli's Cave (IRE),Darragh O'Keeffe,0,R K Watson,6th,15 l,7,11-4b,90,True,22,49
N/A,2025-10-10,17:37,Yielding (Yielding To Soft In Places),2m 7f 150y,On The Tide (IRE),Eoin Staples,7,S Neville,5th,35 l,7,12-0,100,True,22,49
N/A,2025-10-10,17:37,Yielding (Yielding To Soft In Places),2m 7f 150y,Stretchemout (IRE),Jack Kennedy,0,G Elliott,4th,5 1/2 l,5,11-13tp,99,True,22,49
N/A,2025-10-10,17:37,Yielding (Yielding To Soft In Places),2m 7f 150y,Greenway Machine (IRE),Sam Ewing,0,Ms H P Markham,3rd,23 l,13,10-0,72,True,22,49
N/A,2025-10-10,17:37,Yielding (Yielding To Soft In Places),2m 7f 150y,Toor Moon (IRE),Danny Mullins,0,Ms M Flynn,2nd,5 1/2 l,8,10-8,80,True,22,49
N/A,2025-10-10,17:37,Yielding (Yielding To Soft In Places),2m 7f 150y,Small Town Hero (IRE),Conor Stone-Walsh,0,Ian Donoghue,1st,N/A,5,10-5p,77,True,22,49
Dundalk Racing Results | 10th October 2025 16:50,2025-10-10,16:50,Standard,5f,Sir Alfie (IRE),Billy Lee,0,C Byrnes,12th,2 1/4 l,2,9-5,92,True,22,50
Dundalk Racing Results | 10th October 2025 16:50,2025-10-10,16:50,Standard,5f,Xerling (IRE),Leigh Roche,0,N Lupini,11th,1 3/4 l,2,9-0,-,True,22,50
Dundalk Racing Results | 10th October 2025 16:50,2025-10-10,16:50,Standard,5f,Jack The Bachelor (IRE),Jack Kearney,0,Stephen Thorne,10th,Neck,2,9-5,92,True,22,50
Dundalk Racing Results | 10th October 2025 16:50,2025-10-10,16:50,Standard,5f,By The Lake (IRE),Robert Whearty,0,G M Lyons,9th,Nose,2,9-0,83,True,22,50
Dundalk Racing Results | 10th October 2025 16:50,2025-10-10,16:50,Standard,5f,Howd'yadoit (IRE),James Ryan,0,G M Lyons,8th,Neck,2,9-5,92,True,22,50
Dundalk Racing Results | 10th October 2025 16:50,2025-10-10,16:50,Standard,5f,Strait And Narrow (IRE),Jamie Powell,0,M O'Callaghan,7th,Neck,2,9-0,-,True,22,50
Dundalk Racing Results | 10th October 2025 16:50,2025-10-10,16:50,Standard,5f,Treasured Royal (IRE),Gary Carroll,0,G P Cromwell,6th,Head,2,9-0,-,True,22,50
Dundalk Racing Results | 10th October 2025 16:50,2025-10-10,16:50,Standard,5f,Tornado Kiss (IRE),Andrew Slattery,0,A Slattery,5th,1 3/4 l,2,9-0,82,True,22,50
Dundalk Racing Results | 10th October 2025 16:50,2025-10-10,16:50,Standard,5f,Kansas (IRE),Ronan Whelan,0,A P O'Brien,4th,1 1/4 l,2,9-5p,102,True,22,50
Dundalk Racing Results | 10th October 2025 16:50,2025-10-10,16:50,Standard,5f,Aegina,Gavin Ryan,0,Donnacha O'Brien,3rd,3/4 l,2,9-0,-,True,22,50
Dundalk Racing Results | 10th October 2025 16:50,2025-10-10,16:50,Standard,5f,Sirius A (IRE),J Mitchell,0,James Horton,2nd,1 l,2,9-5,96,True,22,50
Dundalk Racing Results | 10th October 2025 16:50,2025-10-10,16:50,Standard,5f,Ipanema Queen (IRE),David Egan,0,A Murray,1st,N/A,2,9-3,95,True,22,50
Dundalk Racing Results | 10th October 2025 16:50,2025-10-10,16:50,Standard,5f,Sir Alfie (IRE),Billy Lee,0,C Byrnes,12th,2 1/4 l,2,9-5,92,True,22,50
Dundalk Racing Results | 10th October 2025 16:50,2025-10-10,16:50,Standard,5f,Xerling (IRE),Leigh Roche,0,N Lupini,11th,1 3/4 l,2,9-0,-,True,22,50
Dundalk Racing Results | 10th October 2025 16:50,2025-10-10,16:50,Standard,5f,Jack The Bachelor (IRE),Jack Kearney,0,Stephen Thorne,10th,Neck,2,9-5,92,True,22,50
Dundalk Racing Results | 10th October 2025 16:50,2025-10-10,16:50,Standard,5f,By The Lake (IRE),Robert Whearty,0,G M Lyons,9th,Nose,2,9-0,83,True,22,50
Dundalk Racing Results | 10th October 2025 16:50,2025-10-10,16:50,Standard,5f,Howd'yadoit (IRE),James Ryan,0,G M Lyons,8th,Neck,2,9-5,92,True,22,50
Dundalk Racing Results | 10th October 2025 16:50,2025-10-10,16:50,Standard,5f,Strait And Narrow (IRE),Jamie Powell,0,M O'Callaghan,7th,Neck,2,9-0,-,True,22,50
Dundalk Racing Results | 10th October 2025 16:50,2025-10-10,16:50,Standard,5f,Treasured Royal (IRE),Gary Carroll,0,G P Cromwell,6th,Head,2,9-0,-,True,22,50
Dundalk Racing Results | 10th October 2025 16:50,2025-10-10,16:50,Standard,5f,Tornado Kiss (IRE),Andrew Slattery,0,A Slattery,5th,1 3/4 l,2,9-0,82,True,22,50
Dundalk Racing Results | 10th October 2025 16:50,2025-10-10,16:50,Standard,5f,Kansas (IRE),Ronan Whelan,0,A P O'Brien,4th,1 1/4 l,2,9-5p,102,True,22,50
Dundalk Racing Results | 10th October 2025 16:50,2025-10-10,16:50,Standard,5f,Aegina,Gavin Ryan,0,Donnacha O'Brien,3rd,3/4 l,2,9-0,-,True,22,50
Dundalk Racing Results | 10th October 2025 16:50,2025-10-10,16:50,Standard,5f,Sirius A (IRE),J Mitchell,0,James Horton,2nd,1 l,2,9-5,96,True,22,50
Dundalk Racing Results | 10th October 2025 16:50,2025-10-10,16:50,Standard,5f,Ipanema Queen (IRE),David Egan,0,A Murray,1st,N/A,2,9-3,95,True,22,50
