track_name,race_date,race_time,going,distance,horse_name,jockey,claims,trainer,race_position,lost_by_length,age,weight,rating,first_place_found,batch_number,url_index_in_batch
Punchestown Racing Results | 23rd May 2023 15:45,N/A,15:45,Good To Yielding,1m 7f 180y,Maxios Show (IRE),Mr O. McGill,7,Gary McGill,15th,22 l,5,11-1,88,True,56,1
Punchestown Racing Results | 23rd May 2023 15:45,N/A,15:45,Good To Yielding,1m 7f 180y,Good Bye Milan (IRE),M. M. McDonagh,5,Charles Byrnes,14th,6 l,6,11-2,89,True,56,1
Punchestown Racing Results | 23rd May 2023 15:45,N/A,15:45,Good To Yielding,1m 7f 180y,Stansfield (IRE),Philip Donovan,5,Paul Traynor,13th,37 l,9,11-8p,95,True,56,1
Punchestown Racing Results | 23rd May 2023 15:45,N/A,15:45,Good To Yielding,1m 7f 180y,Breagagh (IRE),Mr N. Gault,7,S. Michael Millar,12th,4 1/2 l,5,11-6,93,True,56,1
Punchestown Racing Results | 23rd May 2023 15:45,N/A,15:45,Good To Yielding,1m 7f 180y,Alphonse Le Grande (IRE),Peter Carberry,0,A. J. Martin,11th,Neck,4,11-0,93,True,56,1
Punchestown Racing Results | 23rd May 2023 15:45,N/A,15:45,Good To Yielding,1m 7f 180y,Carlton Gardens,Keith Donoghue,0,Gavin Patrick Cromwell,10th,1/2 l,4,11-6,99,True,56,1
Punchestown Racing Results | 23rd May 2023 15:45,N/A,15:45,Good To Yielding,1m 7f 180y,Fireworks (FR),J. S. McGarvey,0,John Joseph Hanlon,9th,2 l,5,11-7p,94,True,56,1
Punchestown Racing Results | 23rd May 2023 15:45,N/A,15:45,Good To Yielding,1m 7f 180y,Twoplustwo Equals (IRE),Sean Flanagan,0,P. Tobin,8th,1/2 l,6,11-7,94,True,56,1
Punchestown Racing Results | 23rd May 2023 15:45,N/A,15:45,Good To Yielding,1m 7f 180y,Presenting Lad (IRE),Phillip Enright,0,Mark McNiff,7th,3 1/4 l,7,11-6t,93,True,56,1
Punchestown Racing Results | 23rd May 2023 15:45,N/A,15:45,Good To Yielding,1m 7f 180y,Mater Matuta (IRE),Rachael Blackmore,0,E. D. Delany,6th,1 l,7,11-5tp,92,True,56,1
Punchestown Racing Results | 23rd May 2023 15:45,N/A,15:45,Good To Yielding,1m 7f 180y,Skip Mahler (IRE),J. P. Shinnick,7,Mrs Lorna Fowler,5th,Neck,6,11-8h,95,True,56,1
Punchestown Racing Results | 23rd May 2023 15:45,N/A,15:45,Good To Yielding,1m 7f 180y,Indulging,Shane O'Callaghan,7,T. M. Walsh,4th,5 l,5,11-2,89,True,56,1
Punchestown Racing Results | 23rd May 2023 15:45,N/A,15:45,Good To Yielding,1m 7f 180y,Our Bobby (IRE),Niall Moore,7,John Michael Burke,3rd,1 1/4 l,6,11-9h1,96,True,56,1
Punchestown Racing Results | 23rd May 2023 15:45,N/A,15:45,Good To Yielding,1m 7f 180y,Crafty Gael (IRE),B. W. Harvey,5,Ross O'Sullivan,2nd,1 1/4 l,4,10-12p1,91,True,56,1
Punchestown Racing Results | 23rd May 2023 15:45,N/A,15:45,Good To Yielding,1m 7f 180y,Vale Of Glory (IRE),Eoin G. Kelly,7,Adrian Murray,1st,N/A,8,11-13,100,True,56,1
Punchestown Racing Results | 23rd May 2023 15:45,N/A,15:45,Good To Yielding,1m 7f 180y,Maxios Show (IRE),Mr O. McGill,7,Gary McGill,15th,22 l,5,11-1,88,True,56,1
Punchestown Racing Results | 23rd May 2023 15:45,N/A,15:45,Good To Yielding,1m 7f 180y,Good Bye Milan (IRE),M. M. McDonagh,5,Charles Byrnes,14th,6 l,6,11-2,89,True,56,1
Punchestown Racing Results | 23rd May 2023 15:45,N/A,15:45,Good To Yielding,1m 7f 180y,Stansfield (IRE),Philip Donovan,5,Paul Traynor,13th,37 l,9,11-8p,95,True,56,1
Punchestown Racing Results | 23rd May 2023 15:45,N/A,15:45,Good To Yielding,1m 7f 180y,Breagagh (IRE),Mr N. Gault,7,S. Michael Millar,12th,4 1/2 l,5,11-6,93,True,56,1
Punchestown Racing Results | 23rd May 2023 15:45,N/A,15:45,Good To Yielding,1m 7f 180y,Alphonse Le Grande (IRE),Peter Carberry,0,A. J. Martin,11th,Neck,4,11-0,93,True,56,1
Punchestown Racing Results | 23rd May 2023 15:45,N/A,15:45,Good To Yielding,1m 7f 180y,Carlton Gardens,Keith Donoghue,0,Gavin Patrick Cromwell,10th,1/2 l,4,11-6,99,True,56,1
Punchestown Racing Results | 23rd May 2023 15:45,N/A,15:45,Good To Yielding,1m 7f 180y,Fireworks (FR),J. S. McGarvey,0,John Joseph Hanlon,9th,2 l,5,11-7p,94,True,56,1
Punchestown Racing Results | 23rd May 2023 15:45,N/A,15:45,Good To Yielding,1m 7f 180y,Twoplustwo Equals (IRE),Sean Flanagan,0,P. Tobin,8th,1/2 l,6,11-7,94,True,56,1
Punchestown Racing Results | 23rd May 2023 15:45,N/A,15:45,Good To Yielding,1m 7f 180y,Presenting Lad (IRE),Phillip Enright,0,Mark McNiff,7th,3 1/4 l,7,11-6t,93,True,56,1
Punchestown Racing Results | 23rd May 2023 15:45,N/A,15:45,Good To Yielding,1m 7f 180y,Mater Matuta (IRE),Rachael Blackmore,0,E. D. Delany,6th,1 l,7,11-5tp,92,True,56,1
Punchestown Racing Results | 23rd May 2023 15:45,N/A,15:45,Good To Yielding,1m 7f 180y,Skip Mahler (IRE),J. P. Shinnick,7,Mrs Lorna Fowler,5th,Neck,6,11-8h,95,True,56,1
Punchestown Racing Results | 23rd May 2023 15:45,N/A,15:45,Good To Yielding,1m 7f 180y,Indulging,Shane O'Callaghan,7,T. M. Walsh,4th,5 l,5,11-2,89,True,56,1
Punchestown Racing Results | 23rd May 2023 15:45,N/A,15:45,Good To Yielding,1m 7f 180y,Our Bobby (IRE),Niall Moore,7,John Michael Burke,3rd,1 1/4 l,6,11-9h1,96,True,56,1
Punchestown Racing Results | 23rd May 2023 15:45,N/A,15:45,Good To Yielding,1m 7f 180y,Crafty Gael (IRE),B. W. Harvey,5,Ross O'Sullivan,2nd,1 1/4 l,4,10-12p1,91,True,56,1
Punchestown Racing Results | 23rd May 2023 15:45,N/A,15:45,Good To Yielding,1m 7f 180y,Vale Of Glory (IRE),Eoin G. Kelly,7,Adrian Murray,1st,N/A,8,11-13,100,True,56,1
Punchestown Racing Results | 23rd May 2023 16:15,N/A,16:15,Good To Yielding,1m 7f 180y,Lucy Van Pelt (IRE),J. J. Slevin,0,Peter Maher,PU,N/A,8,11-5,92,True,56,2
Punchestown Racing Results | 23rd May 2023 16:15,N/A,16:15,Good To Yielding,1m 7f 180y,Mad for the Craic,C. P. McNamara,0,Eric McNamara,14th,89 l,5,11-0t1,87,True,56,2
Punchestown Racing Results | 23rd May 2023 16:15,N/A,16:15,Good To Yielding,1m 7f 180y,Tincurra Lad (IRE),Donagh Meyler,0,W. J. Martin,13th,31 l,6,11-2h,89,True,56,2
Punchestown Racing Results | 23rd May 2023 16:15,N/A,16:15,Good To Yielding,1m 7f 180y,Toms Courage (IRE),Niall Moore,7,John Michael Burke,12th,2 1/4 l,9,11-13h,100,True,56,2
Punchestown Racing Results | 23rd May 2023 16:15,N/A,16:15,Good To Yielding,1m 7f 180y,Serpolette (IRE),Phillip Enright,0,E. D. Delany,11th,4 3/4 l,8,11-5,92,True,56,2
Punchestown Racing Results | 23rd May 2023 16:15,N/A,16:15,Good To Yielding,1m 7f 180y,Future Proof (IRE),Patrick O'Hanlon,5,P. J. Rothwell,10th,1/2 l,8,11-8p,95,True,56,2
Punchestown Racing Results | 23rd May 2023 16:15,N/A,16:15,Good To Yielding,1m 7f 180y,Mac's Xpress (IRE),S. F. O'Keeffe,0,Mrs J. Harrington,9th,4 1/2 l,5,11-13p,100,True,56,2
Punchestown Racing Results | 23rd May 2023 16:15,N/A,16:15,Good To Yielding,1m 7f 180y,Star Official (IRE),D. E. Mullins,0,R. Donohoe,8th,1 1/2 l,5,11-13,100,True,56,2
Punchestown Racing Results | 23rd May 2023 16:15,N/A,16:15,Good To Yielding,1m 7f 180y,Shana Cloon (IRE),Sean Flanagan,0,Gavin Patrick Cromwell,7th,3 3/4 l,4,10-10,89,True,56,2
Punchestown Racing Results | 23rd May 2023 16:15,N/A,16:15,Good To Yielding,1m 7f 180y,Action Station (IRE),K. E. Buckley,3,Mrs Prunella Dobbs,6th,1 3/4 l,7,11-8,95,True,56,2
Punchestown Racing Results | 23rd May 2023 16:15,N/A,16:15,Good To Yielding,1m 7f 180y,The Virginian (IRE),P. T. Smithers,7,Padraig Roche,5th,1/2 l,7,11-6t,93,True,56,2
Punchestown Racing Results | 23rd May 2023 16:15,N/A,16:15,Good To Yielding,1m 7f 180y,Light Parade (IRE),D. J. O'Keeffe,0,W. J. Burke,4th,2 1/2 l,6,11-7,94,True,56,2
Punchestown Racing Results | 23rd May 2023 16:15,N/A,16:15,Good To Yielding,1m 7f 180y,Redwood Queen (IRE),M. M. McDonagh,5,Charles Byrnes,3rd,1 1/4 l,6,11-0,87,True,56,2
Punchestown Racing Results | 23rd May 2023 16:15,N/A,16:15,Good To Yielding,1m 7f 180y,Movie King (IRE),Mr B. M. Coonan,7,A. J. Martin,2nd,1 1/4 l,6,11-1t,88,True,56,2
Punchestown Racing Results | 23rd May 2023 16:15,N/A,16:15,Good To Yielding,1m 7f 180y,Princess Sophia (IRE),E. Walsh,5,Ciaran Murphy,1st,N/A,6,11-0h1,87,True,56,2
Punchestown Racing Results | 23rd May 2023 16:15,N/A,16:15,Good To Yielding,1m 7f 180y,Lucy Van Pelt (IRE),J. J. Slevin,0,Peter Maher,PU,N/A,8,11-5,92,True,56,2
Punchestown Racing Results | 23rd May 2023 16:15,N/A,16:15,Good To Yielding,1m 7f 180y,Mad for the Craic,C. P. McNamara,0,Eric McNamara,14th,89 l,5,11-0t1,87,True,56,2
Punchestown Racing Results | 23rd May 2023 16:15,N/A,16:15,Good To Yielding,1m 7f 180y,Tincurra Lad (IRE),Donagh Meyler,0,W. J. Martin,13th,31 l,6,11-2h,89,True,56,2
Punchestown Racing Results | 23rd May 2023 16:15,N/A,16:15,Good To Yielding,1m 7f 180y,Toms Courage (IRE),Niall Moore,7,John Michael Burke,12th,2 1/4 l,9,11-13h,100,True,56,2
Punchestown Racing Results | 23rd May 2023 16:15,N/A,16:15,Good To Yielding,1m 7f 180y,Serpolette (IRE),Phillip Enright,0,E. D. Delany,11th,4 3/4 l,8,11-5,92,True,56,2
Punchestown Racing Results | 23rd May 2023 16:15,N/A,16:15,Good To Yielding,1m 7f 180y,Future Proof (IRE),Patrick O'Hanlon,5,P. J. Rothwell,10th,1/2 l,8,11-8p,95,True,56,2
Punchestown Racing Results | 23rd May 2023 16:15,N/A,16:15,Good To Yielding,1m 7f 180y,Mac's Xpress (IRE),S. F. O'Keeffe,0,Mrs J. Harrington,9th,4 1/2 l,5,11-13p,100,True,56,2
Punchestown Racing Results | 23rd May 2023 16:15,N/A,16:15,Good To Yielding,1m 7f 180y,Star Official (IRE),D. E. Mullins,0,R. Donohoe,8th,1 1/2 l,5,11-13,100,True,56,2
Punchestown Racing Results | 23rd May 2023 16:15,N/A,16:15,Good To Yielding,1m 7f 180y,Shana Cloon (IRE),Sean Flanagan,0,Gavin Patrick Cromwell,7th,3 3/4 l,4,10-10,89,True,56,2
Punchestown Racing Results | 23rd May 2023 16:15,N/A,16:15,Good To Yielding,1m 7f 180y,Action Station (IRE),K. E. Buckley,3,Mrs Prunella Dobbs,6th,1 3/4 l,7,11-8,95,True,56,2
Punchestown Racing Results | 23rd May 2023 16:15,N/A,16:15,Good To Yielding,1m 7f 180y,The Virginian (IRE),P. T. Smithers,7,Padraig Roche,5th,1/2 l,7,11-6t,93,True,56,2
Punchestown Racing Results | 23rd May 2023 16:15,N/A,16:15,Good To Yielding,1m 7f 180y,Light Parade (IRE),D. J. O'Keeffe,0,W. J. Burke,4th,2 1/2 l,6,11-7,94,True,56,2
Punchestown Racing Results | 23rd May 2023 16:15,N/A,16:15,Good To Yielding,1m 7f 180y,Redwood Queen (IRE),M. M. McDonagh,5,Charles Byrnes,3rd,1 1/4 l,6,11-0,87,True,56,2
Punchestown Racing Results | 23rd May 2023 16:15,N/A,16:15,Good To Yielding,1m 7f 180y,Movie King (IRE),Mr B. M. Coonan,7,A. J. Martin,2nd,1 1/4 l,6,11-1t,88,True,56,2
Punchestown Racing Results | 23rd May 2023 16:15,N/A,16:15,Good To Yielding,1m 7f 180y,Princess Sophia (IRE),E. Walsh,5,Ciaran Murphy,1st,N/A,6,11-0h1,87,True,56,2
Gowran Park Racing Results | 23rd May 2023 17:10,N/A,17:10,Good,1m 1f 100y,Onameridance (IRE),H. J. Horgan,7,Joseph Patrick O'Brien,4th,1 1/2 l,4,9-12t,-,True,56,6
Gowran Park Racing Results | 23rd May 2023 17:10,N/A,17:10,Good,1m 1f 100y,Aurifodina (IRE),R. P. Cleary,0,J. S. Bolger,3rd,6 1/2 l,3,8-13p1,-,True,56,6
Gowran Park Racing Results | 23rd May 2023 17:10,N/A,17:10,Good,1m 1f 100y,Mashia (IRE),C. D. Hayes,0,D. K. Weld,2nd,3 3/4 l,3,9-3,-,True,56,6
Gowran Park Racing Results | 23rd May 2023 17:10,N/A,17:10,Good,1m 1f 100y,Moon De Vega,William James Lee,0,P. Twomey,1st,N/A,4,9-12tp1,-,True,56,6
Gowran Park Racing Results | 23rd May 2023 17:10,N/A,17:10,Good,1m 1f 100y,Onameridance (IRE),H. J. Horgan,7,Joseph Patrick O'Brien,4th,1 1/2 l,4,9-12t,-,True,56,6
Gowran Park Racing Results | 23rd May 2023 17:10,N/A,17:10,Good,1m 1f 100y,Aurifodina (IRE),R. P. Cleary,0,J. S. Bolger,3rd,6 1/2 l,3,8-13p1,-,True,56,6
Gowran Park Racing Results | 23rd May 2023 17:10,N/A,17:10,Good,1m 1f 100y,Mashia (IRE),C. D. Hayes,0,D. K. Weld,2nd,3 3/4 l,3,9-3,-,True,56,6
Gowran Park Racing Results | 23rd May 2023 17:10,N/A,17:10,Good,1m 1f 100y,Moon De Vega,William James Lee,0,P. Twomey,1st,N/A,4,9-12tp1,-,True,56,6
Gowran Park Racing Results | 23rd May 2023 17:40,N/A,17:40,Good,1m 1f 100y,Baby Intello (IRE),G. F. Carroll,0,E. J. O'Neill,17th,29 l,3,9-3,-,True,56,7
Gowran Park Racing Results | 23rd May 2023 17:40,N/A,17:40,Good,1m 1f 100y,Nathalia Eclipse (IRE),M. A. Enright,0,J. A. Stack,16th,1 3/4 l,3,9-3,-,True,56,7
Gowran Park Racing Results | 23rd May 2023 17:40,N/A,17:40,Good,1m 1f 100y,Whispering Hopes (IRE),D. N. Curran,7,Darren Bunyan,15th,1 1/2 l,3,9-3,-,True,56,7
Gowran Park Racing Results | 23rd May 2023 17:40,N/A,17:40,Good,1m 1f 100y,Susie Wosie (IRE),L. F. Roche,0,Noel Meade,14th,3 l,3,9-3,-,True,56,7
Gowran Park Racing Results | 23rd May 2023 17:40,N/A,17:40,Good,1m 1f 100y,Mayo For Sam (IRE),J. M. Sheridan,3,Denis Hogan,13th,Head,3,9-3,-,True,56,7
Gowran Park Racing Results | 23rd May 2023 17:40,N/A,17:40,Good,1m 1f 100y,Alluring (USA),D. W. O'Connor,0,K. J. Condon,12th,4 1/4 l,3,9-3,-,True,56,7
Gowran Park Racing Results | 23rd May 2023 17:40,N/A,17:40,Good,1m 1f 100y,Paris Review (IRE),Shane Foley,0,Mrs J. Harrington,11th,2 1/2 l,3,9-3,-,True,56,7
Gowran Park Racing Results | 23rd May 2023 17:40,N/A,17:40,Good,1m 1f 100y,Time To Soar (IRE),A. J. Slattery,0,A. Slattery,10th,1 3/4 l,3,9-3,-,True,56,7
Gowran Park Racing Results | 23rd May 2023 17:40,N/A,17:40,Good,1m 1f 100y,Givemehoperosa (IRE),R. P. Whelan,0,Jack W. Davison,9th,2 1/4 l,3,9-3,-,True,56,7
Gowran Park Racing Results | 23rd May 2023 17:40,N/A,17:40,Good,1m 1f 100y,Skyquake (IRE),M. P. Sheehy,0,Joseph Patrick O'Brien,8th,Neck,3,9-3,-,True,56,7
Gowran Park Racing Results | 23rd May 2023 17:40,N/A,17:40,Good,1m 1f 100y,Doctor Nightingale (IRE),Declan McDonogh,0,Gordon Elliott,7th,1 1/4 l,3,9-3,-,True,56,7
Gowran Park Racing Results | 23rd May 2023 17:40,N/A,17:40,Good,1m 1f 100y,Dalliances (IRE),Ben Martin Coen,0,John Patrick Murtagh,6th,3/4 l,3,9-3,-,True,56,7
Gowran Park Racing Results | 23rd May 2023 17:40,N/A,17:40,Good,1m 1f 100y,Hey Whatever (IRE),C. T. Keane,0,Noel Meade,5th,Neck,3,9-3,-,True,56,7
Gowran Park Racing Results | 23rd May 2023 17:40,N/A,17:40,Good,1m 1f 100y,Phases of Venus (IRE),William James Lee,0,P. Twomey,4th,1 1/4 l,3,9-3h,-,True,56,7
Gowran Park Racing Results | 23rd May 2023 17:40,N/A,17:40,Good,1m 1f 100y,As Fast As Wind (IRE),J. Coen,5,Adrian Murray,3rd,1/2 l,3,9-3b1,-,True,56,7
Gowran Park Racing Results | 23rd May 2023 17:40,N/A,17:40,Good,1m 1f 100y,Letiza (IRE),C. D. Hayes,0,J. J. Feane,2nd,1 l,3,9-3,-,True,56,7
Gowran Park Racing Results | 23rd May 2023 17:40,N/A,17:40,Good,1m 1f 100y,Perfect Portrait,D. B. McMonagle,0,Joseph Patrick O'Brien,1st,N/A,3,9-3,-,True,56,7
Gowran Park Racing Results | 23rd May 2023 17:40,N/A,17:40,Good,1m 1f 100y,Baby Intello (IRE),G. F. Carroll,0,E. J. O'Neill,17th,29 l,3,9-3,-,True,56,7
Gowran Park Racing Results | 23rd May 2023 17:40,N/A,17:40,Good,1m 1f 100y,Nathalia Eclipse (IRE),M. A. Enright,0,J. A. Stack,16th,1 3/4 l,3,9-3,-,True,56,7
Gowran Park Racing Results | 23rd May 2023 17:40,N/A,17:40,Good,1m 1f 100y,Whispering Hopes (IRE),D. N. Curran,7,Darren Bunyan,15th,1 1/2 l,3,9-3,-,True,56,7
Gowran Park Racing Results | 23rd May 2023 17:40,N/A,17:40,Good,1m 1f 100y,Susie Wosie (IRE),L. F. Roche,0,Noel Meade,14th,3 l,3,9-3,-,True,56,7
Gowran Park Racing Results | 23rd May 2023 17:40,N/A,17:40,Good,1m 1f 100y,Mayo For Sam (IRE),J. M. Sheridan,3,Denis Hogan,13th,Head,3,9-3,-,True,56,7
Gowran Park Racing Results | 23rd May 2023 17:40,N/A,17:40,Good,1m 1f 100y,Alluring (USA),D. W. O'Connor,0,K. J. Condon,12th,4 1/4 l,3,9-3,-,True,56,7
Gowran Park Racing Results | 23rd May 2023 17:40,N/A,17:40,Good,1m 1f 100y,Paris Review (IRE),Shane Foley,0,Mrs J. Harrington,11th,2 1/2 l,3,9-3,-,True,56,7
Gowran Park Racing Results | 23rd May 2023 17:40,N/A,17:40,Good,1m 1f 100y,Time To Soar (IRE),A. J. Slattery,0,A. Slattery,10th,1 3/4 l,3,9-3,-,True,56,7
Gowran Park Racing Results | 23rd May 2023 17:40,N/A,17:40,Good,1m 1f 100y,Givemehoperosa (IRE),R. P. Whelan,0,Jack W. Davison,9th,2 1/4 l,3,9-3,-,True,56,7
Gowran Park Racing Results | 23rd May 2023 17:40,N/A,17:40,Good,1m 1f 100y,Skyquake (IRE),M. P. Sheehy,0,Joseph Patrick O'Brien,8th,Neck,3,9-3,-,True,56,7
Gowran Park Racing Results | 23rd May 2023 17:40,N/A,17:40,Good,1m 1f 100y,Doctor Nightingale (IRE),Declan McDonogh,0,Gordon Elliott,7th,1 1/4 l,3,9-3,-,True,56,7
Gowran Park Racing Results | 23rd May 2023 17:40,N/A,17:40,Good,1m 1f 100y,Dalliances (IRE),Ben Martin Coen,0,John Patrick Murtagh,6th,3/4 l,3,9-3,-,True,56,7
Gowran Park Racing Results | 23rd May 2023 17:40,N/A,17:40,Good,1m 1f 100y,Hey Whatever (IRE),C. T. Keane,0,Noel Meade,5th,Neck,3,9-3,-,True,56,7
Gowran Park Racing Results | 23rd May 2023 17:40,N/A,17:40,Good,1m 1f 100y,Phases of Venus (IRE),William James Lee,0,P. Twomey,4th,1 1/4 l,3,9-3h,-,True,56,7
Gowran Park Racing Results | 23rd May 2023 17:40,N/A,17:40,Good,1m 1f 100y,As Fast As Wind (IRE),J. Coen,5,Adrian Murray,3rd,1/2 l,3,9-3b1,-,True,56,7
Gowran Park Racing Results | 23rd May 2023 17:40,N/A,17:40,Good,1m 1f 100y,Letiza (IRE),C. D. Hayes,0,J. J. Feane,2nd,1 l,3,9-3,-,True,56,7
Gowran Park Racing Results | 23rd May 2023 17:40,N/A,17:40,Good,1m 1f 100y,Perfect Portrait,D. B. McMonagle,0,Joseph Patrick O'Brien,1st,N/A,3,9-3,-,True,56,7
Gowran Park Racing Results | 23rd May 2023 18:10,N/A,18:10,Good,1m,Dream Footsteps (IRE),G. M. Ryan,0,Patrick T. Foley,NR,N/A,5,10-1,-,True,56,8
Gowran Park Racing Results | 23rd May 2023 18:10,N/A,18:10,Good,1m,Famous Enough (IRE),Seamie Heffernan,0,Liam G. O'Brien,14th,1 l,3,9-8,-,True,56,8
Gowran Park Racing Results | 23rd May 2023 18:10,N/A,18:10,Good,1m,Moondharrig (IRE),Shane Foley,0,Eoin Doyle,13th,2 1/4 l,3,9-8t,-,True,56,8
Gowran Park Racing Results | 23rd May 2023 18:10,N/A,18:10,Good,1m,At Long Last (IRE),William James Lee,0,Andrew Oliver,12th,Nose,4,10-1,-,True,56,8
Gowran Park Racing Results | 23rd May 2023 18:10,N/A,18:10,Good,1m,Trishuli River (IRE),R. P. Whelan,0,Shane Crawley,11th,2 1/4 l,3,9-3,-,True,56,8
Gowran Park Racing Results | 23rd May 2023 18:10,N/A,18:10,Good,1m,Mobilise,G. F. Carroll,0,G. M. Lyons,10th,Neck,3,9-8,-,True,56,8
Gowran Park Racing Results | 23rd May 2023 18:10,N/A,18:10,Good,1m,Booyea (IRE),R. C. Colgan,0,T. Gibney,9th,Neck,3,9-8,-,True,56,8
Gowran Park Racing Results | 23rd May 2023 18:10,N/A,18:10,Good,1m,Monitola,M. A. Enright,0,G. M. Lyons,8th,1 1/4 l,3,9-8,-,True,56,8
Gowran Park Racing Results | 23rd May 2023 18:10,N/A,18:10,Good,1m,Mythical Phoenix (IRE),D. W. O'Connor,0,John McConnell,7th,2 l,3,9-8,-,True,56,8
Gowran Park Racing Results | 23rd May 2023 18:10,N/A,18:10,Good,1m,Caulaincourt (IRE),C. T. Keane,0,G. M. Lyons,6th,1/2 l,3,9-8,-,True,56,8
Gowran Park Racing Results | 23rd May 2023 18:10,N/A,18:10,Good,1m,Thefullbackline,L. T. McAteer,3,Patrick T. Foley,5th,4 1/4 l,4,10-6,-,True,56,8
Gowran Park Racing Results | 23rd May 2023 18:10,N/A,18:10,Good,1m,Shayzann (IRE),Ben Martin Coen,0,John Patrick Murtagh,4th,1 3/4 l,3,9-8,-,True,56,8
Gowran Park Racing Results | 23rd May 2023 18:10,N/A,18:10,Good,1m,Highland Rahy (USA),J. M. Sheridan,3,J. A. Stack,3rd,Head,3,9-8,-,True,56,8
Gowran Park Racing Results | 23rd May 2023 18:10,N/A,18:10,Good,1m,Cuban Dawn (IRE),R. P. Cleary,0,J. S. Bolger,2nd,1/2 l,3,9-8t,-,True,56,8
Gowran Park Racing Results | 23rd May 2023 18:10,N/A,18:10,Good,1m,Nation's Call (IRE),C. D. Hayes,0,D. K. Weld,1st,N/A,3,9-8,-,True,56,8
Gowran Park Racing Results | 23rd May 2023 18:10,N/A,18:10,Good,1m,Dream Footsteps (IRE),G. M. Ryan,0,Patrick T. Foley,NR,N/A,5,10-1,-,True,56,8
Gowran Park Racing Results | 23rd May 2023 18:10,N/A,18:10,Good,1m,Famous Enough (IRE),Seamie Heffernan,0,Liam G. O'Brien,14th,1 l,3,9-8,-,True,56,8
Gowran Park Racing Results | 23rd May 2023 18:10,N/A,18:10,Good,1m,Moondharrig (IRE),Shane Foley,0,Eoin Doyle,13th,2 1/4 l,3,9-8t,-,True,56,8
Gowran Park Racing Results | 23rd May 2023 18:10,N/A,18:10,Good,1m,At Long Last (IRE),William James Lee,0,Andrew Oliver,12th,Nose,4,10-1,-,True,56,8
Gowran Park Racing Results | 23rd May 2023 18:10,N/A,18:10,Good,1m,Trishuli River (IRE),R. P. Whelan,0,Shane Crawley,11th,2 1/4 l,3,9-3,-,True,56,8
Gowran Park Racing Results | 23rd May 2023 18:10,N/A,18:10,Good,1m,Mobilise,G. F. Carroll,0,G. M. Lyons,10th,Neck,3,9-8,-,True,56,8
Gowran Park Racing Results | 23rd May 2023 18:10,N/A,18:10,Good,1m,Booyea (IRE),R. C. Colgan,0,T. Gibney,9th,Neck,3,9-8,-,True,56,8
Gowran Park Racing Results | 23rd May 2023 18:10,N/A,18:10,Good,1m,Monitola,M. A. Enright,0,G. M. Lyons,8th,1 1/4 l,3,9-8,-,True,56,8
Gowran Park Racing Results | 23rd May 2023 18:10,N/A,18:10,Good,1m,Mythical Phoenix (IRE),D. W. O'Connor,0,John McConnell,7th,2 l,3,9-8,-,True,56,8
Gowran Park Racing Results | 23rd May 2023 18:10,N/A,18:10,Good,1m,Caulaincourt (IRE),C. T. Keane,0,G. M. Lyons,6th,1/2 l,3,9-8,-,True,56,8
Gowran Park Racing Results | 23rd May 2023 18:10,N/A,18:10,Good,1m,Thefullbackline,L. T. McAteer,3,Patrick T. Foley,5th,4 1/4 l,4,10-6,-,True,56,8
Gowran Park Racing Results | 23rd May 2023 18:10,N/A,18:10,Good,1m,Shayzann (IRE),Ben Martin Coen,0,John Patrick Murtagh,4th,1 3/4 l,3,9-8,-,True,56,8
Gowran Park Racing Results | 23rd May 2023 18:10,N/A,18:10,Good,1m,Highland Rahy (USA),J. M. Sheridan,3,J. A. Stack,3rd,Head,3,9-8,-,True,56,8
Gowran Park Racing Results | 23rd May 2023 18:10,N/A,18:10,Good,1m,Cuban Dawn (IRE),R. P. Cleary,0,J. S. Bolger,2nd,1/2 l,3,9-8t,-,True,56,8
Gowran Park Racing Results | 23rd May 2023 18:10,N/A,18:10,Good,1m,Nation's Call (IRE),C. D. Hayes,0,D. K. Weld,1st,N/A,3,9-8,-,True,56,8
Gowran Park Racing Results | 23rd May 2023 18:40,N/A,18:40,Good,1m,Vidala (IRE),M. W. Hassett,10,Ms Sheila Lavery,NR,N/A,4,9-0,47,True,56,9
Gowran Park Racing Results | 23rd May 2023 18:40,N/A,18:40,Good,1m,Merlins Muse (USA),K. J. Leonard,0,Tom McGuinness,13th,13 l,8,9-10,57,True,56,9
Gowran Park Racing Results | 23rd May 2023 18:40,N/A,18:40,Good,1m,Rocky Dreams,Shane Foley,0,James McAuley,12th,4 1/4 l,6,10-0p,61,True,56,9
Gowran Park Racing Results | 23rd May 2023 18:40,N/A,18:40,Good,1m,Run for You (IRE),Adam Caffrey,7,Adrian McGuinness,11th,2 3/4 l,4,9-12,59,True,56,9
Gowran Park Racing Results | 23rd May 2023 18:40,N/A,18:40,Good,1m,Flier,M. A. Enright,0,Mrs Denise Foster,10th,1 1/2 l,4,9-3t,50,True,56,9
Gowran Park Racing Results | 23rd May 2023 18:40,N/A,18:40,Good,1m,Aurora Nova (IRE),C. T. Keane,0,Andrew McNamara,9th,3/4 l,4,9-13,60,True,56,9
Gowran Park Racing Results | 23rd May 2023 18:40,N/A,18:40,Good,1m,Gatsby Cap (IRE),Siobhan Rutledge,5,John McConnell,8th,Neck,7,9-0p,47,True,56,9
Gowran Park Racing Results | 23rd May 2023 18:40,N/A,18:40,Good,1m,Von Krolock (IRE),G. M. Ryan,0,Timothy Doyle,7th,1 1/4 l,4,9-3,50,True,56,9
Gowran Park Racing Results | 23rd May 2023 18:40,N/A,18:40,Good,1m,Well Suited (IRE),William James Lee,0,T. J. O'Mara,6th,1 1/4 l,8,9-2v,49,True,56,9
Gowran Park Racing Results | 23rd May 2023 18:40,N/A,18:40,Good,1m,Wrist Art (IRE),C. D. Hayes,0,Timothy Doyle,5th,2 3/4 l,6,9-0t1,47,True,56,9
Gowran Park Racing Results | 23rd May 2023 18:40,N/A,18:40,Good,1m,Everylittlestep (IRE),N. G. McCullagh,0,Yvonne Latta,4th,Head,5,9-3ht,50,True,56,9
Gowran Park Racing Results | 23rd May 2023 18:40,N/A,18:40,Good,1m,Nyla Rua (IRE),R. P. Whelan,0,Jack W. Davison,3rd,Neck,4,9-2p,49,True,56,9
Gowran Park Racing Results | 23rd May 2023 18:40,N/A,18:40,Good,1m,Bright Moment (IRE),Ben Martin Coen,0,J. J. Feane,2nd,1 1/4 l,5,9-7,54,True,56,9
Gowran Park Racing Results | 23rd May 2023 18:40,N/A,18:40,Good,1m,Pinball Wizard (IRE),S. D. Bowen,7,John J. Nallen,1st,N/A,5,9-9,56,True,56,9
Gowran Park Racing Results | 23rd May 2023 18:40,N/A,18:40,Good,1m,Vidala (IRE),M. W. Hassett,10,Ms Sheila Lavery,NR,N/A,4,9-0,47,True,56,9
Gowran Park Racing Results | 23rd May 2023 18:40,N/A,18:40,Good,1m,Merlins Muse (USA),K. J. Leonard,0,Tom McGuinness,13th,13 l,8,9-10,57,True,56,9
Gowran Park Racing Results | 23rd May 2023 18:40,N/A,18:40,Good,1m,Rocky Dreams,Shane Foley,0,James McAuley,12th,4 1/4 l,6,10-0p,61,True,56,9
Gowran Park Racing Results | 23rd May 2023 18:40,N/A,18:40,Good,1m,Run for You (IRE),Adam Caffrey,7,Adrian McGuinness,11th,2 3/4 l,4,9-12,59,True,56,9
Gowran Park Racing Results | 23rd May 2023 18:40,N/A,18:40,Good,1m,Flier,M. A. Enright,0,Mrs Denise Foster,10th,1 1/2 l,4,9-3t,50,True,56,9
Gowran Park Racing Results | 23rd May 2023 18:40,N/A,18:40,Good,1m,Aurora Nova (IRE),C. T. Keane,0,Andrew McNamara,9th,3/4 l,4,9-13,60,True,56,9
Gowran Park Racing Results | 23rd May 2023 18:40,N/A,18:40,Good,1m,Gatsby Cap (IRE),Siobhan Rutledge,5,John McConnell,8th,Neck,7,9-0p,47,True,56,9
Gowran Park Racing Results | 23rd May 2023 18:40,N/A,18:40,Good,1m,Von Krolock (IRE),G. M. Ryan,0,Timothy Doyle,7th,1 1/4 l,4,9-3,50,True,56,9
Gowran Park Racing Results | 23rd May 2023 18:40,N/A,18:40,Good,1m,Well Suited (IRE),William James Lee,0,T. J. O'Mara,6th,1 1/4 l,8,9-2v,49,True,56,9
Gowran Park Racing Results | 23rd May 2023 18:40,N/A,18:40,Good,1m,Wrist Art (IRE),C. D. Hayes,0,Timothy Doyle,5th,2 3/4 l,6,9-0t1,47,True,56,9
Gowran Park Racing Results | 23rd May 2023 18:40,N/A,18:40,Good,1m,Everylittlestep (IRE),N. G. McCullagh,0,Yvonne Latta,4th,Head,5,9-3ht,50,True,56,9
Gowran Park Racing Results | 23rd May 2023 18:40,N/A,18:40,Good,1m,Nyla Rua (IRE),R. P. Whelan,0,Jack W. Davison,3rd,Neck,4,9-2p,49,True,56,9
Gowran Park Racing Results | 23rd May 2023 18:40,N/A,18:40,Good,1m,Bright Moment (IRE),Ben Martin Coen,0,J. J. Feane,2nd,1 1/4 l,5,9-7,54,True,56,9
Gowran Park Racing Results | 23rd May 2023 18:40,N/A,18:40,Good,1m,Pinball Wizard (IRE),S. D. Bowen,7,John J. Nallen,1st,N/A,5,9-9,56,True,56,9
Gowran Park Racing Results | 23rd May 2023 19:10,N/A,19:10,Good,1m,The Rabbit Catcher (IRE),R. Whearty,7,Peter Cluskey,16th,8 1/2 l,4,8-12,47,True,56,10
Gowran Park Racing Results | 23rd May 2023 19:10,N/A,19:10,Good,1m,Gentleman Jimmy (IRE),R. P. Cleary,0,William J. Fitzpatrick,15th,8 l,4,8-12t,47,True,56,10
Gowran Park Racing Results | 23rd May 2023 19:10,N/A,19:10,Good,1m,El Maga (IRE),K. J. Leonard,0,Tom McGuinness,14th,3 3/4 l,4,9-4,53,True,56,10
Gowran Park Racing Results | 23rd May 2023 19:10,N/A,19:10,Good,1m,Lily Like,William James Lee,0,Donal Kinsella,13th,2 1/4 l,6,9-6,55,True,56,10
Gowran Park Racing Results | 23rd May 2023 19:10,N/A,19:10,Good,1m,Man Is King (IRE),D. E. Sheehy,3,Sean Byrne,12th,1 1/4 l,4,8-12,47,True,56,10
Gowran Park Racing Results | 23rd May 2023 19:10,N/A,19:10,Good,1m,Albatala (IRE),D. W. O'Connor,0,John McConnell,11th,1 1/4 l,4,9-10t1,59,True,56,10
Gowran Park Racing Results | 23rd May 2023 19:10,N/A,19:10,Good,1m,Wonder Spirit,J. J. G. Ryan,7,G. A. Kingston,10th,Nose,5,9-6p,55,True,56,10
Gowran Park Racing Results | 23rd May 2023 19:10,N/A,19:10,Good,1m,Salt Whistle Bay (IRE),D. B. McMonagle,0,Charles Coakley,9th,1 1/4 l,9,9-2p,51,True,56,10
Gowran Park Racing Results | 23rd May 2023 19:10,N/A,19:10,Good,1m,Leviosa (IRE),Shane Foley,0,Seamus Fahey,8th,3/4 l,6,9-3p,52,True,56,10
Gowran Park Racing Results | 23rd May 2023 19:10,N/A,19:10,Good,1m,Pink Socks (IRE),G. M. Ryan,0,Timothy Doyle,7th,2 3/4 l,4,8-12,47,True,56,10
Gowran Park Racing Results | 23rd May 2023 19:10,N/A,19:10,Good,1m,Simply Sideways (IRE),R. P. Whelan,0,Timothy Doyle,6th,Nose,6,9-12,61,True,56,10
Gowran Park Racing Results | 23rd May 2023 19:10,N/A,19:10,Good,1m,Boomerang Bill (IRE),C. D. Hayes,0,Aidan Anthony Howard,5th,3/4 l,4,9-7,56,True,56,10
Gowran Park Racing Results | 23rd May 2023 19:10,N/A,19:10,Good,1m,Skontonovski,C. J. MacRedmond,5,Adrian McGuinness,4th,Head,6,9-10v,59,True,56,10
Gowran Park Racing Results | 23rd May 2023 19:10,N/A,19:10,Good,1m,Plugged In (IRE),N. M. Crosse,0,J. T. Gorman,3rd,2 1/4 l,6,8-12,47,True,56,10
Gowran Park Racing Results | 23rd May 2023 19:10,N/A,19:10,Good,1m,Super Cub,J. M. Sheridan,3,Denis Hogan,2nd,Neck,4,10-2p,65,True,56,10
Gowran Park Racing Results | 23rd May 2023 19:10,N/A,19:10,Good,1m,Shona Mea (IRE),S. McCullagh,3,Mrs J. Harrington,1st,N/A,6,9-11v,60,True,56,10
Gowran Park Racing Results | 23rd May 2023 19:10,N/A,19:10,Good,1m,The Rabbit Catcher (IRE),R. Whearty,7,Peter Cluskey,16th,8 1/2 l,4,8-12,47,True,56,10
Gowran Park Racing Results | 23rd May 2023 19:10,N/A,19:10,Good,1m,Gentleman Jimmy (IRE),R. P. Cleary,0,William J. Fitzpatrick,15th,8 l,4,8-12t,47,True,56,10
Gowran Park Racing Results | 23rd May 2023 19:10,N/A,19:10,Good,1m,El Maga (IRE),K. J. Leonard,0,Tom McGuinness,14th,3 3/4 l,4,9-4,53,True,56,10
Gowran Park Racing Results | 23rd May 2023 19:10,N/A,19:10,Good,1m,Lily Like,William James Lee,0,Donal Kinsella,13th,2 1/4 l,6,9-6,55,True,56,10
Gowran Park Racing Results | 23rd May 2023 19:10,N/A,19:10,Good,1m,Man Is King (IRE),D. E. Sheehy,3,Sean Byrne,12th,1 1/4 l,4,8-12,47,True,56,10
Gowran Park Racing Results | 23rd May 2023 19:10,N/A,19:10,Good,1m,Albatala (IRE),D. W. O'Connor,0,John McConnell,11th,1 1/4 l,4,9-10t1,59,True,56,10
Gowran Park Racing Results | 23rd May 2023 19:10,N/A,19:10,Good,1m,Wonder Spirit,J. J. G. Ryan,7,G. A. Kingston,10th,Nose,5,9-6p,55,True,56,10
Gowran Park Racing Results | 23rd May 2023 19:10,N/A,19:10,Good,1m,Salt Whistle Bay (IRE),D. B. McMonagle,0,Charles Coakley,9th,1 1/4 l,9,9-2p,51,True,56,10
Gowran Park Racing Results | 23rd May 2023 19:10,N/A,19:10,Good,1m,Leviosa (IRE),Shane Foley,0,Seamus Fahey,8th,3/4 l,6,9-3p,52,True,56,10
Gowran Park Racing Results | 23rd May 2023 19:10,N/A,19:10,Good,1m,Pink Socks (IRE),G. M. Ryan,0,Timothy Doyle,7th,2 3/4 l,4,8-12,47,True,56,10
Gowran Park Racing Results | 23rd May 2023 19:10,N/A,19:10,Good,1m,Simply Sideways (IRE),R. P. Whelan,0,Timothy Doyle,6th,Nose,6,9-12,61,True,56,10
Gowran Park Racing Results | 23rd May 2023 19:10,N/A,19:10,Good,1m,Boomerang Bill (IRE),C. D. Hayes,0,Aidan Anthony Howard,5th,3/4 l,4,9-7,56,True,56,10
Gowran Park Racing Results | 23rd May 2023 19:10,N/A,19:10,Good,1m,Skontonovski,C. J. MacRedmond,5,Adrian McGuinness,4th,Head,6,9-10v,59,True,56,10
Gowran Park Racing Results | 23rd May 2023 19:10,N/A,19:10,Good,1m,Plugged In (IRE),N. M. Crosse,0,J. T. Gorman,3rd,2 1/4 l,6,8-12,47,True,56,10
Gowran Park Racing Results | 23rd May 2023 19:10,N/A,19:10,Good,1m,Super Cub,J. M. Sheridan,3,Denis Hogan,2nd,Neck,4,10-2p,65,True,56,10
Gowran Park Racing Results | 23rd May 2023 19:10,N/A,19:10,Good,1m,Shona Mea (IRE),S. McCullagh,3,Mrs J. Harrington,1st,N/A,6,9-11v,60,True,56,10
Gowran Park Racing Results | 23rd May 2023 19:40,N/A,19:40,Good,7f,Daonethatgotaway,G. M. Ryan,0,Mark Fahey,16th,3 1/4 l,3,9-3,66,True,56,11
Gowran Park Racing Results | 23rd May 2023 19:40,N/A,19:40,Good,7f,Claycastle (IRE),C. D. Hayes,0,John Joseph Hanlon,15th,1 3/4 l,3,9-2,65,True,56,11
Gowran Park Racing Results | 23rd May 2023 19:40,N/A,19:40,Good,7f,Zouperior,L. F. Roche,0,Peter Fahey,14th,1 l,3,8-9,58,True,56,11
Gowran Park Racing Results | 23rd May 2023 19:40,N/A,19:40,Good,7f,The Stray Sod (IRE),Siobhan Rutledge,5,John McConnell,13th,1 1/4 l,3,9-3,66,True,56,11
Gowran Park Racing Results | 23rd May 2023 19:40,N/A,19:40,Good,7f,Parana Delta,C. Stone-Walsh,7,Joseph Patrick O'Brien,12th,1 l,3,9-5,68,True,56,11
Gowran Park Racing Results | 23rd May 2023 19:40,N/A,19:40,Good,7f,Louis Le Broc (IRE),J. A. Powell,5,Darren Bunyan,11th,1 1/4 l,3,8-8b,57,True,56,11
Gowran Park Racing Results | 23rd May 2023 19:40,N/A,19:40,Good,7f,Love Mocha,Shane Foley,0,Mrs J. Harrington,10th,1 1/2 l,3,9-12b1,75,True,56,11
Gowran Park Racing Results | 23rd May 2023 19:40,N/A,19:40,Good,7f,Rio Largo (IRE),Declan McDonogh,0,Luke Comer,9th,1/2 l,3,9-10,73,True,56,11
Gowran Park Racing Results | 23rd May 2023 19:40,N/A,19:40,Good,7f,Millieblue (IRE),Seamie Heffernan,0,Nigel Slevin,8th,Neck,3,8-10h1,59,True,56,11
Gowran Park Racing Results | 23rd May 2023 19:40,N/A,19:40,Good,7f,Alabama Pearl (IRE),Ben Martin Coen,0,John Patrick Murtagh,7th,3/4 l,3,9-12b1,75,True,56,11
Gowran Park Racing Results | 23rd May 2023 19:40,N/A,19:40,Good,7f,Finsceal Go Deo (IRE),L. T. McAteer,3,J. S. Bolger,6th,Nose,3,9-10,73,True,56,11
Gowran Park Racing Results | 23rd May 2023 19:40,N/A,19:40,Good,7f,Hasten Slowly (IRE),C. T. Keane,0,Noel Meade,5th,1 1/4 l,3,9-11,74,True,56,11
Gowran Park Racing Results | 23rd May 2023 19:40,N/A,19:40,Good,7f,Kaydees Magic (IRE),R. C. Colgan,0,Ms Sheila Lavery,4th,Short Head,3,9-6,69,True,56,11
Gowran Park Racing Results | 23rd May 2023 19:40,N/A,19:40,Good,7f,Magnanimous Mehmus (IRE),D. B. McMonagle,0,Adrian Murray,3rd,2 3/4 l,3,9-8b1,71,True,56,11
Gowran Park Racing Results | 23rd May 2023 19:40,N/A,19:40,Good,7f,Rathbranchurch (IRE),G. F. Carroll,0,Michael Mulvany,2nd,1 l,3,9-4,67,True,56,11
Gowran Park Racing Results | 23rd May 2023 19:40,N/A,19:40,Good,7f,Rumbled Again (IRE),J. M. Sheridan,3,Denis Hogan,1st,N/A,3,9-7b,70,True,56,11
Gowran Park Racing Results | 23rd May 2023 19:40,N/A,19:40,Good,7f,Daonethatgotaway,G. M. Ryan,0,Mark Fahey,16th,3 1/4 l,3,9-3,66,True,56,11
Gowran Park Racing Results | 23rd May 2023 19:40,N/A,19:40,Good,7f,Claycastle (IRE),C. D. Hayes,0,John Joseph Hanlon,15th,1 3/4 l,3,9-2,65,True,56,11
Gowran Park Racing Results | 23rd May 2023 19:40,N/A,19:40,Good,7f,Zouperior,L. F. Roche,0,Peter Fahey,14th,1 l,3,8-9,58,True,56,11
Gowran Park Racing Results | 23rd May 2023 19:40,N/A,19:40,Good,7f,The Stray Sod (IRE),Siobhan Rutledge,5,John McConnell,13th,1 1/4 l,3,9-3,66,True,56,11
Gowran Park Racing Results | 23rd May 2023 19:40,N/A,19:40,Good,7f,Parana Delta,C. Stone-Walsh,7,Joseph Patrick O'Brien,12th,1 l,3,9-5,68,True,56,11
Gowran Park Racing Results | 23rd May 2023 19:40,N/A,19:40,Good,7f,Louis Le Broc (IRE),J. A. Powell,5,Darren Bunyan,11th,1 1/4 l,3,8-8b,57,True,56,11
Gowran Park Racing Results | 23rd May 2023 19:40,N/A,19:40,Good,7f,Love Mocha,Shane Foley,0,Mrs J. Harrington,10th,1 1/2 l,3,9-12b1,75,True,56,11
Gowran Park Racing Results | 23rd May 2023 19:40,N/A,19:40,Good,7f,Rio Largo (IRE),Declan McDonogh,0,Luke Comer,9th,1/2 l,3,9-10,73,True,56,11
Gowran Park Racing Results | 23rd May 2023 19:40,N/A,19:40,Good,7f,Millieblue (IRE),Seamie Heffernan,0,Nigel Slevin,8th,Neck,3,8-10h1,59,True,56,11
Gowran Park Racing Results | 23rd May 2023 19:40,N/A,19:40,Good,7f,Alabama Pearl (IRE),Ben Martin Coen,0,John Patrick Murtagh,7th,3/4 l,3,9-12b1,75,True,56,11
Gowran Park Racing Results | 23rd May 2023 19:40,N/A,19:40,Good,7f,Finsceal Go Deo (IRE),L. T. McAteer,3,J. S. Bolger,6th,Nose,3,9-10,73,True,56,11
Gowran Park Racing Results | 23rd May 2023 19:40,N/A,19:40,Good,7f,Hasten Slowly (IRE),C. T. Keane,0,Noel Meade,5th,1 1/4 l,3,9-11,74,True,56,11
Gowran Park Racing Results | 23rd May 2023 19:40,N/A,19:40,Good,7f,Kaydees Magic (IRE),R. C. Colgan,0,Ms Sheila Lavery,4th,Short Head,3,9-6,69,True,56,11
Gowran Park Racing Results | 23rd May 2023 19:40,N/A,19:40,Good,7f,Magnanimous Mehmus (IRE),D. B. McMonagle,0,Adrian Murray,3rd,2 3/4 l,3,9-8b1,71,True,56,11
Gowran Park Racing Results | 23rd May 2023 19:40,N/A,19:40,Good,7f,Rathbranchurch (IRE),G. F. Carroll,0,Michael Mulvany,2nd,1 l,3,9-4,67,True,56,11
Gowran Park Racing Results | 23rd May 2023 19:40,N/A,19:40,Good,7f,Rumbled Again (IRE),J. M. Sheridan,3,Denis Hogan,1st,N/A,3,9-7b,70,True,56,11
Gowran Park Racing Results | 23rd May 2023 20:10,N/A,20:10,Good,1m 5f 155y,Ballybaun Star (IRE),J. A. Powell,5,T. Gibney,RR,N/A,6,8-8t,48,True,56,12
Gowran Park Racing Results | 23rd May 2023 20:10,N/A,20:10,Good,1m 5f 155y,Kalu Pande (IRE),Declan McDonogh,0,Denis Leahy,14th,7 1/2 l,5,8-13,53,True,56,12
Gowran Park Racing Results | 23rd May 2023 20:10,N/A,20:10,Good,1m 5f 155y,Jawhary,J. Coen,5,Matthew J. Smith,13th,2 1/4 l,5,10-2,70,True,56,12
Gowran Park Racing Results | 23rd May 2023 20:10,N/A,20:10,Good,1m 5f 155y,Benkei (IRE),Siobhan Rutledge,5,Harry Rogers,12th,1 1/2 l,13,8-9p,49,True,56,12
Gowran Park Racing Results | 23rd May 2023 20:10,N/A,20:10,Good,1m 5f 155y,Allhart (IRE),D. E. Sheehy,3,V. C. Ward,11th,6 1/2 l,5,8-7,47,True,56,12
Gowran Park Racing Results | 23rd May 2023 20:10,N/A,20:10,Good,1m 5f 155y,Punters Poet (IRE),N. M. Crosse,0,Eoin Christopher McCarthy,10th,Neck,8,8-7t,47,True,56,12
Gowran Park Racing Results | 23rd May 2023 20:10,N/A,20:10,Good,1m 5f 155y,Make The Switch (IRE),C. Stone-Walsh,7,G. A. Kingston,9th,Neck,8,9-8p,62,True,56,12
Gowran Park Racing Results | 23rd May 2023 20:10,N/A,20:10,Good,1m 5f 155y,Surviving Murmansk (IRE),Adrian O'Shea,5,Mrs A. M. O'Shea,8th,1 1/2 l,5,9-13,67,True,56,12
Gowran Park Racing Results | 23rd May 2023 20:10,N/A,20:10,Good,1m 5f 155y,Swelltime (IRE),Seamie Heffernan,0,William O'Doherty,7th,2 l,7,8-11,51,True,56,12
Gowran Park Racing Results | 23rd May 2023 20:10,N/A,20:10,Good,1m 5f 155y,Rock On Pedro (IRE),M. A. Enright,0,Eoin Doyle,6th,2 l,5,9-8p,62,True,56,12
Gowran Park Racing Results | 23rd May 2023 20:10,N/A,20:10,Good,1m 5f 155y,Celtic Revival (IRE),J. J. G. Ryan,7,Edward Lynam,5th,2 3/4 l,4,9-12h,66,True,56,12
Gowran Park Racing Results | 23rd May 2023 20:10,N/A,20:10,Good,1m 5f 155y,Douglas Dc (IRE),J. Kearney,7,Gordon Elliott,4th,2 1/4 l,5,10-2p,70,True,56,12
Gowran Park Racing Results | 23rd May 2023 20:10,N/A,20:10,Good,1m 5f 155y,Tory Reel (IRE),C. D. Hayes,0,Eoin Christopher McCarthy,3rd,1 1/2 l,4,8-7,47,True,56,12
Gowran Park Racing Results | 23rd May 2023 20:10,N/A,20:10,Good,1m 5f 155y,Kalmira (IRE),Ben Martin Coen,0,Shane Crawley,2nd,1/2 l,7,9-6,60,True,56,12
Gowran Park Racing Results | 23rd May 2023 20:10,N/A,20:10,Good,1m 5f 155y,All In Peder (FR),W. M. Lordan,0,Emmet Mullins,1st,N/A,4,8-7p1,47,True,56,12
Gowran Park Racing Results | 23rd May 2023 20:10,N/A,20:10,Good,1m 5f 155y,Ballybaun Star (IRE),J. A. Powell,5,T. Gibney,RR,N/A,6,8-8t,48,True,56,12
Gowran Park Racing Results | 23rd May 2023 20:10,N/A,20:10,Good,1m 5f 155y,Kalu Pande (IRE),Declan McDonogh,0,Denis Leahy,14th,7 1/2 l,5,8-13,53,True,56,12
Gowran Park Racing Results | 23rd May 2023 20:10,N/A,20:10,Good,1m 5f 155y,Jawhary,J. Coen,5,Matthew J. Smith,13th,2 1/4 l,5,10-2,70,True,56,12
Gowran Park Racing Results | 23rd May 2023 20:10,N/A,20:10,Good,1m 5f 155y,Benkei (IRE),Siobhan Rutledge,5,Harry Rogers,12th,1 1/2 l,13,8-9p,49,True,56,12
Gowran Park Racing Results | 23rd May 2023 20:10,N/A,20:10,Good,1m 5f 155y,Allhart (IRE),D. E. Sheehy,3,V. C. Ward,11th,6 1/2 l,5,8-7,47,True,56,12
Gowran Park Racing Results | 23rd May 2023 20:10,N/A,20:10,Good,1m 5f 155y,Punters Poet (IRE),N. M. Crosse,0,Eoin Christopher McCarthy,10th,Neck,8,8-7t,47,True,56,12
Gowran Park Racing Results | 23rd May 2023 20:10,N/A,20:10,Good,1m 5f 155y,Make The Switch (IRE),C. Stone-Walsh,7,G. A. Kingston,9th,Neck,8,9-8p,62,True,56,12
Gowran Park Racing Results | 23rd May 2023 20:10,N/A,20:10,Good,1m 5f 155y,Surviving Murmansk (IRE),Adrian O'Shea,5,Mrs A. M. O'Shea,8th,1 1/2 l,5,9-13,67,True,56,12
Gowran Park Racing Results | 23rd May 2023 20:10,N/A,20:10,Good,1m 5f 155y,Swelltime (IRE),Seamie Heffernan,0,William O'Doherty,7th,2 l,7,8-11,51,True,56,12
Gowran Park Racing Results | 23rd May 2023 20:10,N/A,20:10,Good,1m 5f 155y,Rock On Pedro (IRE),M. A. Enright,0,Eoin Doyle,6th,2 l,5,9-8p,62,True,56,12
Gowran Park Racing Results | 23rd May 2023 20:10,N/A,20:10,Good,1m 5f 155y,Celtic Revival (IRE),J. J. G. Ryan,7,Edward Lynam,5th,2 3/4 l,4,9-12h,66,True,56,12
Gowran Park Racing Results | 23rd May 2023 20:10,N/A,20:10,Good,1m 5f 155y,Douglas Dc (IRE),J. Kearney,7,Gordon Elliott,4th,2 1/4 l,5,10-2p,70,True,56,12
Gowran Park Racing Results | 23rd May 2023 20:10,N/A,20:10,Good,1m 5f 155y,Tory Reel (IRE),C. D. Hayes,0,Eoin Christopher McCarthy,3rd,1 1/2 l,4,8-7,47,True,56,12
Gowran Park Racing Results | 23rd May 2023 20:10,N/A,20:10,Good,1m 5f 155y,Kalmira (IRE),Ben Martin Coen,0,Shane Crawley,2nd,1/2 l,7,9-6,60,True,56,12
Gowran Park Racing Results | 23rd May 2023 20:10,N/A,20:10,Good,1m 5f 155y,All In Peder (FR),W. M. Lordan,0,Emmet Mullins,1st,N/A,4,8-7p1,47,True,56,12
Limerick Racing Results | 25th May 2023 17:30,N/A,17:30,Good (Good To Yielding In Places),2m 1f 160y,Withallduerespect (IRE),C. G. O'Dwyer,5,Michael G. Kennedy,PU,N/A,9,11-10,98,True,56,13
Limerick Racing Results | 25th May 2023 17:30,N/A,17:30,Good (Good To Yielding In Places),2m 1f 160y,Fly De Megaudais (FR),S. F. O'Keeffe,0,Michael J. McDonagh,PU,N/A,10,10-6,80,True,56,13
Limerick Racing Results | 25th May 2023 17:30,N/A,17:30,Good (Good To Yielding In Places),2m 1f 160y,I'vedoneitall (IRE),Shane Fenelon,7,E. Sheehy,PU,N/A,6,10-6,80,True,56,13
Limerick Racing Results | 25th May 2023 17:30,N/A,17:30,Good (Good To Yielding In Places),2m 1f 160y,Hard Rain (IRE),Phillip Enright,0,James Daniel Dullea,PU,N/A,8,11-13,101,True,56,13
Limerick Racing Results | 25th May 2023 17:30,N/A,17:30,Good (Good To Yielding In Places),2m 1f 160y,Added Bonus (IRE),D. J. O'Keeffe,0,Brendan Maurice Walsh,PU,N/A,9,11-0t,88,True,56,13
Limerick Racing Results | 25th May 2023 17:30,N/A,17:30,Good (Good To Yielding In Places),2m 1f 160y,Western Sea (IRE),Mr L. P. Shanahan,7,Ross O'Sullivan,8th,1/2 l,10,11-10,98,True,56,13
Limerick Racing Results | 25th May 2023 17:30,N/A,17:30,Good (Good To Yielding In Places),2m 1f 160y,Quantatmental (IRE),B. W. Harvey,5,Cian Michael Collins,7th,20 l,8,11-13b,101,True,56,13
Limerick Racing Results | 25th May 2023 17:30,N/A,17:30,Good (Good To Yielding In Places),2m 1f 160y,Crowsatedappletart (IRE),S. Fitzgerald,3,Michael Winters,6th,2 3/4 l,6,11-5t,93,True,56,13
Limerick Racing Results | 25th May 2023 17:30,N/A,17:30,Good (Good To Yielding In Places),2m 1f 160y,Go Battle (IRE),Shane O'Callaghan,7,Philip Michael Byrne,5th,4 l,9,10-2t1,76,True,56,13
Limerick Racing Results | 25th May 2023 17:30,N/A,17:30,Good (Good To Yielding In Places),2m 1f 160y,Name Me Famous (IRE),Sean Flanagan,0,Eoin Christopher McCarthy,4th,1 3/4 l,7,11-5tp,93,True,56,13
Limerick Racing Results | 25th May 2023 17:30,N/A,17:30,Good (Good To Yielding In Places),2m 1f 160y,Dreamsrmadeofthis (IRE),T. Joseph Kelly,7,Enda Bolger,3rd,3 l,6,12-0p,102,True,56,13
Limerick Racing Results | 25th May 2023 17:30,N/A,17:30,Good (Good To Yielding In Places),2m 1f 160y,Berliet Express (IRE),S. D. Torrens,0,P. J. Rothwell,2nd,8 l,7,10-10t,84,True,56,13
Limerick Racing Results | 25th May 2023 17:30,N/A,17:30,Good (Good To Yielding In Places),2m 1f 160y,The Eye Of Tulla (IRE),Peter Carberry,0,Brian M. McMahon,1st,N/A,7,10-1p,75,True,56,13
Limerick Racing Results | 25th May 2023 17:30,N/A,17:30,Good (Good To Yielding In Places),2m 1f 160y,Withallduerespect (IRE),C. G. O'Dwyer,5,Michael G. Kennedy,PU,N/A,9,11-10,98,True,56,13
Limerick Racing Results | 25th May 2023 17:30,N/A,17:30,Good (Good To Yielding In Places),2m 1f 160y,Fly De Megaudais (FR),S. F. O'Keeffe,0,Michael J. McDonagh,PU,N/A,10,10-6,80,True,56,13
Limerick Racing Results | 25th May 2023 17:30,N/A,17:30,Good (Good To Yielding In Places),2m 1f 160y,I'vedoneitall (IRE),Shane Fenelon,7,E. Sheehy,PU,N/A,6,10-6,80,True,56,13
Limerick Racing Results | 25th May 2023 17:30,N/A,17:30,Good (Good To Yielding In Places),2m 1f 160y,Hard Rain (IRE),Phillip Enright,0,James Daniel Dullea,PU,N/A,8,11-13,101,True,56,13
Limerick Racing Results | 25th May 2023 17:30,N/A,17:30,Good (Good To Yielding In Places),2m 1f 160y,Added Bonus (IRE),D. J. O'Keeffe,0,Brendan Maurice Walsh,PU,N/A,9,11-0t,88,True,56,13
Limerick Racing Results | 25th May 2023 17:30,N/A,17:30,Good (Good To Yielding In Places),2m 1f 160y,Western Sea (IRE),Mr L. P. Shanahan,7,Ross O'Sullivan,8th,1/2 l,10,11-10,98,True,56,13
Limerick Racing Results | 25th May 2023 17:30,N/A,17:30,Good (Good To Yielding In Places),2m 1f 160y,Quantatmental (IRE),B. W. Harvey,5,Cian Michael Collins,7th,20 l,8,11-13b,101,True,56,13
Limerick Racing Results | 25th May 2023 17:30,N/A,17:30,Good (Good To Yielding In Places),2m 1f 160y,Crowsatedappletart (IRE),S. Fitzgerald,3,Michael Winters,6th,2 3/4 l,6,11-5t,93,True,56,13
Limerick Racing Results | 25th May 2023 17:30,N/A,17:30,Good (Good To Yielding In Places),2m 1f 160y,Go Battle (IRE),Shane O'Callaghan,7,Philip Michael Byrne,5th,4 l,9,10-2t1,76,True,56,13
Limerick Racing Results | 25th May 2023 17:30,N/A,17:30,Good (Good To Yielding In Places),2m 1f 160y,Name Me Famous (IRE),Sean Flanagan,0,Eoin Christopher McCarthy,4th,1 3/4 l,7,11-5tp,93,True,56,13
Limerick Racing Results | 25th May 2023 17:30,N/A,17:30,Good (Good To Yielding In Places),2m 1f 160y,Dreamsrmadeofthis (IRE),T. Joseph Kelly,7,Enda Bolger,3rd,3 l,6,12-0p,102,True,56,13
Limerick Racing Results | 25th May 2023 17:30,N/A,17:30,Good (Good To Yielding In Places),2m 1f 160y,Berliet Express (IRE),S. D. Torrens,0,P. J. Rothwell,2nd,8 l,7,10-10t,84,True,56,13
Limerick Racing Results | 25th May 2023 17:30,N/A,17:30,Good (Good To Yielding In Places),2m 1f 160y,The Eye Of Tulla (IRE),Peter Carberry,0,Brian M. McMahon,1st,N/A,7,10-1p,75,True,56,13
Limerick Racing Results | 25th May 2023 18:00,N/A,18:00,Good (Good To Yielding In Places),2m 3f 160y,Effernock Fizz (IRE),D. J. O'Keeffe,0,Cian Michael Collins,4th,1 1/2 l,8,11-2tp,-,True,56,14
Limerick Racing Results | 25th May 2023 18:00,N/A,18:00,Good (Good To Yielding In Places),2m 3f 160y,Minx Tiara (IRE),Sean Flanagan,0,David M. O'Brien,3rd,17 l,8,10-11,-,True,56,14
Limerick Racing Results | 25th May 2023 18:00,N/A,18:00,Good (Good To Yielding In Places),2m 3f 160y,Hurricane Georgie (IRE),B. W. Harvey,5,Gordon Elliott,2nd,1 1/4 l,6,10-11,-,True,56,14
Limerick Racing Results | 25th May 2023 18:00,N/A,18:00,Good (Good To Yielding In Places),2m 3f 160y,Jeremys Flame (IRE),Keith Donoghue,0,Gavin Patrick Cromwell,1st,N/A,9,11-7h,-,True,56,14
Limerick Racing Results | 25th May 2023 18:00,N/A,18:00,Good (Good To Yielding In Places),2m 3f 160y,Effernock Fizz (IRE),D. J. O'Keeffe,0,Cian Michael Collins,4th,1 1/2 l,8,11-2tp,-,True,56,14
Limerick Racing Results | 25th May 2023 18:00,N/A,18:00,Good (Good To Yielding In Places),2m 3f 160y,Minx Tiara (IRE),Sean Flanagan,0,David M. O'Brien,3rd,17 l,8,10-11,-,True,56,14
Limerick Racing Results | 25th May 2023 18:00,N/A,18:00,Good (Good To Yielding In Places),2m 3f 160y,Hurricane Georgie (IRE),B. W. Harvey,5,Gordon Elliott,2nd,1 1/4 l,6,10-11,-,True,56,14
Limerick Racing Results | 25th May 2023 18:00,N/A,18:00,Good (Good To Yielding In Places),2m 3f 160y,Jeremys Flame (IRE),Keith Donoghue,0,Gavin Patrick Cromwell,1st,N/A,9,11-7h,-,True,56,14
Limerick Racing Results | 25th May 2023 18:30,N/A,18:30,Good To Yielding,2m 6f 160y,Winter Carnival (IRE),S. Fitzgerald,3,John Neilan,UR,N/A,8,11-12b1,-,True,56,15
Limerick Racing Results | 25th May 2023 18:30,N/A,18:30,Good To Yielding,2m 6f 160y,Hutchie (IRE),A. M. McCurtin,0,Ms Debbie Hartnett,PU,N/A,7,11-12t,-,True,56,15
Limerick Racing Results | 25th May 2023 18:30,N/A,18:30,Good To Yielding,2m 6f 160y,Golas Tiep (FR),Shane O'Callaghan,7,Colin A. McBratney,9th,4 1/4 l,7,11-12b,-,True,56,15
Limerick Racing Results | 25th May 2023 18:30,N/A,18:30,Good To Yielding,2m 6f 160y,Shannon Glory (IRE),D. E. Mullins,0,Paul Power,8th,Head,6,11-5,-,True,56,15
Limerick Racing Results | 25th May 2023 18:30,N/A,18:30,Good To Yielding,2m 6f 160y,Freedom To Dream (FR),Sean Flanagan,0,Peter Fahey,7th,38 l,8,11-12,-,True,56,15
Limerick Racing Results | 25th May 2023 18:30,N/A,18:30,Good To Yielding,2m 6f 160y,Desert Friend (IRE),Donagh Meyler,0,Denis Hogan,6th,11 l,7,11-12,-,True,56,15
Limerick Racing Results | 25th May 2023 18:30,N/A,18:30,Good To Yielding,2m 6f 160y,Caesar Rock (IRE),R. A. Doyle,0,M. F. Morris,5th,Nose,7,11-12p,-,True,56,15
Limerick Racing Results | 25th May 2023 18:30,N/A,18:30,Good To Yielding,2m 6f 160y,San Salvador (IRE),J. J. Slevin,0,Joseph Patrick O'Brien,4th,5 1/2 l,7,11-12,-,True,56,15
Limerick Racing Results | 25th May 2023 18:30,N/A,18:30,Good To Yielding,2m 6f 160y,Grozni (FR),M. M. McDonagh,5,Charles Byrnes,3rd,2 l,7,11-12,-,True,56,15
Limerick Racing Results | 25th May 2023 18:30,N/A,18:30,Good To Yielding,2m 6f 160y,The Friday Man,Keith Donoghue,0,Gordon Elliott,2nd,1 3/4 l,6,11-12,-,True,56,15
Limerick Racing Results | 25th May 2023 18:30,N/A,18:30,Good To Yielding,2m 6f 160y,Toss Again (IRE),D. J. O'Keeffe,0,Henry de Bromhead,1st,N/A,6,11-12t,-,True,56,15
Limerick Racing Results | 25th May 2023 18:30,N/A,18:30,Good To Yielding,2m 6f 160y,Winter Carnival (IRE),S. Fitzgerald,3,John Neilan,UR,N/A,8,11-12b1,-,True,56,15
Limerick Racing Results | 25th May 2023 18:30,N/A,18:30,Good To Yielding,2m 6f 160y,Hutchie (IRE),A. M. McCurtin,0,Ms Debbie Hartnett,PU,N/A,7,11-12t,-,True,56,15
Limerick Racing Results | 25th May 2023 18:30,N/A,18:30,Good To Yielding,2m 6f 160y,Golas Tiep (FR),Shane O'Callaghan,7,Colin A. McBratney,9th,4 1/4 l,7,11-12b,-,True,56,15
Limerick Racing Results | 25th May 2023 18:30,N/A,18:30,Good To Yielding,2m 6f 160y,Shannon Glory (IRE),D. E. Mullins,0,Paul Power,8th,Head,6,11-5,-,True,56,15
Limerick Racing Results | 25th May 2023 18:30,N/A,18:30,Good To Yielding,2m 6f 160y,Freedom To Dream (FR),Sean Flanagan,0,Peter Fahey,7th,38 l,8,11-12,-,True,56,15
Limerick Racing Results | 25th May 2023 18:30,N/A,18:30,Good To Yielding,2m 6f 160y,Desert Friend (IRE),Donagh Meyler,0,Denis Hogan,6th,11 l,7,11-12,-,True,56,15
Limerick Racing Results | 25th May 2023 18:30,N/A,18:30,Good To Yielding,2m 6f 160y,Caesar Rock (IRE),R. A. Doyle,0,M. F. Morris,5th,Nose,7,11-12p,-,True,56,15
Limerick Racing Results | 25th May 2023 18:30,N/A,18:30,Good To Yielding,2m 6f 160y,San Salvador (IRE),J. J. Slevin,0,Joseph Patrick O'Brien,4th,5 1/2 l,7,11-12,-,True,56,15
Limerick Racing Results | 25th May 2023 18:30,N/A,18:30,Good To Yielding,2m 6f 160y,Grozni (FR),M. M. McDonagh,5,Charles Byrnes,3rd,2 l,7,11-12,-,True,56,15
Limerick Racing Results | 25th May 2023 18:30,N/A,18:30,Good To Yielding,2m 6f 160y,The Friday Man,Keith Donoghue,0,Gordon Elliott,2nd,1 3/4 l,6,11-12,-,True,56,15
Limerick Racing Results | 25th May 2023 18:30,N/A,18:30,Good To Yielding,2m 6f 160y,Toss Again (IRE),D. J. O'Keeffe,0,Henry de Bromhead,1st,N/A,6,11-12t,-,True,56,15
Limerick Racing Results | 25th May 2023 19:00,N/A,19:00,Good To Yielding,2m 3f 160y,Definiteadare (IRE),Patrick O'Hanlon,5,Charles Coakley,PU,N/A,9,12-0,94,True,56,16
Limerick Racing Results | 25th May 2023 19:00,N/A,19:00,Good To Yielding,2m 3f 160y,Shean Glory (IRE),Phillip Enright,0,Sean Aherne,PU,N/A,7,11-7,87,True,56,16
Limerick Racing Results | 25th May 2023 19:00,N/A,19:00,Good To Yielding,2m 3f 160y,Stormy Master (IRE),D. J. O'Keeffe,0,Ray Hackett,PU,N/A,9,11-5p,85,True,56,16
Limerick Racing Results | 25th May 2023 19:00,N/A,19:00,Good To Yielding,2m 3f 160y,Tiantu (IRE),Miss J. M. Cook,7,Paul Power,PU,N/A,10,11-4tp,84,True,56,16
Limerick Racing Results | 25th May 2023 19:00,N/A,19:00,Good To Yielding,2m 3f 160y,Big Leg Up (IRE),L. A. McKenna,5,J. G. Cosgrave,PU,N/A,9,11-11b,91,True,56,16
Limerick Racing Results | 25th May 2023 19:00,N/A,19:00,Good To Yielding,2m 3f 160y,Deux Par Deux (FR),K. E. Buckley,3,Mrs Denise Foster,PU,N/A,9,11-9t,89,True,56,16
Limerick Racing Results | 25th May 2023 19:00,N/A,19:00,Good To Yielding,2m 3f 160y,Cluan Dara (IRE),D. E. Mullins,0,John Patrick Ryan,PU,N/A,11,10-4,70,True,56,16
Limerick Racing Results | 25th May 2023 19:00,N/A,19:00,Good To Yielding,2m 3f 160y,Likable Chancer (IRE),D. J. Gilligan,7,Daniel John Howard,8th,6 1/2 l,9,11-4tb,84,True,56,16
Limerick Racing Results | 25th May 2023 19:00,N/A,19:00,Good To Yielding,2m 3f 160y,Elusive Star (IRE),C. Smithers,7,M. Hourigan,7th,1/2 l,9,11-11b1,91,True,56,16
Limerick Racing Results | 25th May 2023 19:00,N/A,19:00,Good To Yielding,2m 3f 160y,Repeat That (IRE),J. J. Slevin,0,Michael Butler,6th,1/2 l,10,10-12,78,True,56,16
Limerick Racing Results | 25th May 2023 19:00,N/A,19:00,Good To Yielding,2m 3f 160y,O Mio Babbino (IRE),J. P. Shinnick,7,Patrick Cronin,5th,3/4 l,7,11-12,92,True,56,16
Limerick Racing Results | 25th May 2023 19:00,N/A,19:00,Good To Yielding,2m 3f 160y,Tech Talk (IRE),Keith Donoghue,0,J. T. R. Dreaper,4th,3/4 l,8,11-12,92,True,56,16
Limerick Racing Results | 25th May 2023 19:00,N/A,19:00,Good To Yielding,2m 3f 160y,Meehall (IRE),M. M. McDonagh,5,Eric McNamara,3rd,3 l,7,11-10p,90,True,56,16
Limerick Racing Results | 25th May 2023 19:00,N/A,19:00,Good To Yielding,2m 3f 160y,Winnie Woodnutt (IRE),Mr A. Harvey,7,D. Harvey,2nd,10 l,7,12-0ht,94,True,56,16
Limerick Racing Results | 25th May 2023 19:00,N/A,19:00,Good To Yielding,2m 3f 160y,Legacy Of Dreams (FR),S. D. Torrens,0,P. J. Rothwell,1st,N/A,8,10-11b,77,True,56,16
Limerick Racing Results | 25th May 2023 19:00,N/A,19:00,Good To Yielding,2m 3f 160y,Definiteadare (IRE),Patrick O'Hanlon,5,Charles Coakley,PU,N/A,9,12-0,94,True,56,16
Limerick Racing Results | 25th May 2023 19:00,N/A,19:00,Good To Yielding,2m 3f 160y,Shean Glory (IRE),Phillip Enright,0,Sean Aherne,PU,N/A,7,11-7,87,True,56,16
Limerick Racing Results | 25th May 2023 19:00,N/A,19:00,Good To Yielding,2m 3f 160y,Stormy Master (IRE),D. J. O'Keeffe,0,Ray Hackett,PU,N/A,9,11-5p,85,True,56,16
Limerick Racing Results | 25th May 2023 19:00,N/A,19:00,Good To Yielding,2m 3f 160y,Tiantu (IRE),Miss J. M. Cook,7,Paul Power,PU,N/A,10,11-4tp,84,True,56,16
Limerick Racing Results | 25th May 2023 19:00,N/A,19:00,Good To Yielding,2m 3f 160y,Big Leg Up (IRE),L. A. McKenna,5,J. G. Cosgrave,PU,N/A,9,11-11b,91,True,56,16
Limerick Racing Results | 25th May 2023 19:00,N/A,19:00,Good To Yielding,2m 3f 160y,Deux Par Deux (FR),K. E. Buckley,3,Mrs Denise Foster,PU,N/A,9,11-9t,89,True,56,16
Limerick Racing Results | 25th May 2023 19:00,N/A,19:00,Good To Yielding,2m 3f 160y,Cluan Dara (IRE),D. E. Mullins,0,John Patrick Ryan,PU,N/A,11,10-4,70,True,56,16
Limerick Racing Results | 25th May 2023 19:00,N/A,19:00,Good To Yielding,2m 3f 160y,Likable Chancer (IRE),D. J. Gilligan,7,Daniel John Howard,8th,6 1/2 l,9,11-4tb,84,True,56,16
Limerick Racing Results | 25th May 2023 19:00,N/A,19:00,Good To Yielding,2m 3f 160y,Elusive Star (IRE),C. Smithers,7,M. Hourigan,7th,1/2 l,9,11-11b1,91,True,56,16
Limerick Racing Results | 25th May 2023 19:00,N/A,19:00,Good To Yielding,2m 3f 160y,Repeat That (IRE),J. J. Slevin,0,Michael Butler,6th,1/2 l,10,10-12,78,True,56,16
Limerick Racing Results | 25th May 2023 19:00,N/A,19:00,Good To Yielding,2m 3f 160y,O Mio Babbino (IRE),J. P. Shinnick,7,Patrick Cronin,5th,3/4 l,7,11-12,92,True,56,16
Limerick Racing Results | 25th May 2023 19:00,N/A,19:00,Good To Yielding,2m 3f 160y,Tech Talk (IRE),Keith Donoghue,0,J. T. R. Dreaper,4th,3/4 l,8,11-12,92,True,56,16
Limerick Racing Results | 25th May 2023 19:00,N/A,19:00,Good To Yielding,2m 3f 160y,Meehall (IRE),M. M. McDonagh,5,Eric McNamara,3rd,3 l,7,11-10p,90,True,56,16
Limerick Racing Results | 25th May 2023 19:00,N/A,19:00,Good To Yielding,2m 3f 160y,Winnie Woodnutt (IRE),Mr A. Harvey,7,D. Harvey,2nd,10 l,7,12-0ht,94,True,56,16
Limerick Racing Results | 25th May 2023 19:00,N/A,19:00,Good To Yielding,2m 3f 160y,Legacy Of Dreams (FR),S. D. Torrens,0,P. J. Rothwell,1st,N/A,8,10-11b,77,True,56,16
Limerick Racing Results | 25th May 2023 19:30,N/A,19:30,Good To Yielding,2m 3f 160y,Somethingaboutcian,S. Fitzgerald,3,Shane Nolan,PU,N/A,7,11-12t,-,True,56,17
Limerick Racing Results | 25th May 2023 19:30,N/A,19:30,Good To Yielding,2m 3f 160y,Zanjabeel,L. A. McKenna,0,Stephanie Ocsko-Moore,PU,N/A,10,11-12t,-,True,56,17
Limerick Racing Results | 25th May 2023 19:30,N/A,19:30,Good To Yielding,2m 3f 160y,It'sallabouteve (IRE),A. M. McCurtin,0,Brendan Maurice Walsh,PU,N/A,7,11-5,-,True,56,17
Limerick Racing Results | 25th May 2023 19:30,N/A,19:30,Good To Yielding,2m 3f 160y,Steppenwolf (FR),Keith Donoghue,0,Gavin Patrick Cromwell,PU,N/A,5,11-12,-,True,56,17
Limerick Racing Results | 25th May 2023 19:30,N/A,19:30,Good To Yielding,2m 3f 160y,Bonne Debut (IRE),J. J. Slevin,0,Mark John Scallan,10th,1 l,7,11-5,-,True,56,17
Limerick Racing Results | 25th May 2023 19:30,N/A,19:30,Good To Yielding,2m 3f 160y,Jetango (IRE),R. A. Doyle,0,W. J. Burke,9th,11 l,7,11-12tp,-,True,56,17
Limerick Racing Results | 25th May 2023 19:30,N/A,19:30,Good To Yielding,2m 3f 160y,Friends N Commerce (IRE),Philip Donovan,5,Patrick G. Kelly,8th,Neck,7,11-12,-,True,56,17
Limerick Racing Results | 25th May 2023 19:30,N/A,19:30,Good To Yielding,2m 3f 160y,Vocito (IRE),M. P. O'Connor,5,Eoin Doyle,7th,13 l,5,11-12p,-,True,56,17
Limerick Racing Results | 25th May 2023 19:30,N/A,19:30,Good To Yielding,2m 3f 160y,Some Dove (IRE),Rachael Blackmore,0,Henry de Bromhead,6th,8 l,6,11-5,-,True,56,17
Limerick Racing Results | 25th May 2023 19:30,N/A,19:30,Good To Yielding,2m 3f 160y,Pale Blue Dot (FR),D. King,5,Denis Hogan,5th,8 1/2 l,7,11-12p,-,True,56,17
Limerick Racing Results | 25th May 2023 19:30,N/A,19:30,Good To Yielding,2m 3f 160y,Hope Des Blins (FR),Liam Quinlan,5,John Patrick Ryan,4th,1 1/4 l,6,11-5,-,True,56,17
Limerick Racing Results | 25th May 2023 19:30,N/A,19:30,Good To Yielding,2m 3f 160y,Gali Flight (FR),B. Hayes,0,Philip Fenton,3rd,7 l,7,11-12p,-,True,56,17
Limerick Racing Results | 25th May 2023 19:30,N/A,19:30,Good To Yielding,2m 3f 160y,Look Dont Touch (IRE),Patrick O'Hanlon,5,Dermot Anthony McLoughlin,2nd,1 1/2 l,8,11-12t,-,True,56,17
Limerick Racing Results | 25th May 2023 19:30,N/A,19:30,Good To Yielding,2m 3f 160y,Clounts Pride (IRE),G. B. Noonan,5,Eoin Christopher McCarthy,1st,N/A,10,11-12,-,True,56,17
Limerick Racing Results | 25th May 2023 19:30,N/A,19:30,Good To Yielding,2m 3f 160y,Somethingaboutcian,S. Fitzgerald,3,Shane Nolan,PU,N/A,7,11-12t,-,True,56,17
Limerick Racing Results | 25th May 2023 19:30,N/A,19:30,Good To Yielding,2m 3f 160y,Zanjabeel,L. A. McKenna,0,Stephanie Ocsko-Moore,PU,N/A,10,11-12t,-,True,56,17
Limerick Racing Results | 25th May 2023 19:30,N/A,19:30,Good To Yielding,2m 3f 160y,It'sallabouteve (IRE),A. M. McCurtin,0,Brendan Maurice Walsh,PU,N/A,7,11-5,-,True,56,17
Limerick Racing Results | 25th May 2023 19:30,N/A,19:30,Good To Yielding,2m 3f 160y,Steppenwolf (FR),Keith Donoghue,0,Gavin Patrick Cromwell,PU,N/A,5,11-12,-,True,56,17
Limerick Racing Results | 25th May 2023 19:30,N/A,19:30,Good To Yielding,2m 3f 160y,Bonne Debut (IRE),J. J. Slevin,0,Mark John Scallan,10th,1 l,7,11-5,-,True,56,17
Limerick Racing Results | 25th May 2023 19:30,N/A,19:30,Good To Yielding,2m 3f 160y,Jetango (IRE),R. A. Doyle,0,W. J. Burke,9th,11 l,7,11-12tp,-,True,56,17
Limerick Racing Results | 25th May 2023 19:30,N/A,19:30,Good To Yielding,2m 3f 160y,Friends N Commerce (IRE),Philip Donovan,5,Patrick G. Kelly,8th,Neck,7,11-12,-,True,56,17
Limerick Racing Results | 25th May 2023 19:30,N/A,19:30,Good To Yielding,2m 3f 160y,Vocito (IRE),M. P. O'Connor,5,Eoin Doyle,7th,13 l,5,11-12p,-,True,56,17
Limerick Racing Results | 25th May 2023 19:30,N/A,19:30,Good To Yielding,2m 3f 160y,Some Dove (IRE),Rachael Blackmore,0,Henry de Bromhead,6th,8 l,6,11-5,-,True,56,17
Limerick Racing Results | 25th May 2023 19:30,N/A,19:30,Good To Yielding,2m 3f 160y,Pale Blue Dot (FR),D. King,5,Denis Hogan,5th,8 1/2 l,7,11-12p,-,True,56,17
Limerick Racing Results | 25th May 2023 19:30,N/A,19:30,Good To Yielding,2m 3f 160y,Hope Des Blins (FR),Liam Quinlan,5,John Patrick Ryan,4th,1 1/4 l,6,11-5,-,True,56,17
Limerick Racing Results | 25th May 2023 19:30,N/A,19:30,Good To Yielding,2m 3f 160y,Gali Flight (FR),B. Hayes,0,Philip Fenton,3rd,7 l,7,11-12p,-,True,56,17
Limerick Racing Results | 25th May 2023 19:30,N/A,19:30,Good To Yielding,2m 3f 160y,Look Dont Touch (IRE),Patrick O'Hanlon,5,Dermot Anthony McLoughlin,2nd,1 1/2 l,8,11-12t,-,True,56,17
Limerick Racing Results | 25th May 2023 19:30,N/A,19:30,Good To Yielding,2m 3f 160y,Clounts Pride (IRE),G. B. Noonan,5,Eoin Christopher McCarthy,1st,N/A,10,11-12,-,True,56,17
Limerick Racing Results | 25th May 2023 20:00,N/A,20:00,Good To Yielding,2m 6f 160y,Rudy Catrail (IRE),Gavin Peter Brouder,5,E. Sheehy,UR,N/A,12,10-0,74,True,56,18
Limerick Racing Results | 25th May 2023 20:00,N/A,20:00,Good To Yielding,2m 6f 160y,He Fitz In (IRE),D. E. Mullins,0,D. E. Fitzgerald,PU,N/A,7,11-2p,90,True,56,18
Limerick Racing Results | 25th May 2023 20:00,N/A,20:00,Good To Yielding,2m 6f 160y,Full Noise (IRE),Keith Donoghue,0,Ronan M. P. McNally,PU,N/A,7,11-10,98,True,56,18
Limerick Racing Results | 25th May 2023 20:00,N/A,20:00,Good To Yielding,2m 6f 160y,Chainofconsequence (IRE),S. F. O'Keeffe,0,Michael J. McDonagh,PU,N/A,6,11-9,97,True,56,18
Limerick Racing Results | 25th May 2023 20:00,N/A,20:00,Good To Yielding,2m 6f 160y,Citizen's Army (IRE),Jack G. Gilligan,7,Eugene M. O'Sullivan,12th,73 l,8,10-11p,85,True,56,18
Limerick Racing Results | 25th May 2023 20:00,N/A,20:00,Good To Yielding,2m 6f 160y,Well Joey (IRE),M. M. McDonagh,5,Paul Stafford,11th,24 l,12,11-4t,92,True,56,18
Limerick Racing Results | 25th May 2023 20:00,N/A,20:00,Good To Yielding,2m 6f 160y,Steps Match (IRE),K. E. Buckley,3,Michael Butler,10th,2 l,8,11-5,93,True,56,18
Limerick Racing Results | 25th May 2023 20:00,N/A,20:00,Good To Yielding,2m 6f 160y,Wild Caprice (IRE),Liam Quinlan,5,John Patrick Ryan,9th,Neck,9,11-4,92,True,56,18
Limerick Racing Results | 25th May 2023 20:00,N/A,20:00,Good To Yielding,2m 6f 160y,Shamror Lass (IRE),Sean Flanagan,0,Miss D. M. O'Shea,8th,18 l,6,10-4p,78,True,56,18
Limerick Racing Results | 25th May 2023 20:00,N/A,20:00,Good To Yielding,2m 6f 160y,Golden Glen (IRE),Shane O'Callaghan,7,Brendan Maurice Walsh,7th,23 l,9,10-1tp,75,True,56,18
Limerick Racing Results | 25th May 2023 20:00,N/A,20:00,Good To Yielding,2m 6f 160y,Seskin Flyer (IRE),Phillip Enright,0,Patrick Carey,6th,16 l,12,10-1,75,True,56,18
Limerick Racing Results | 25th May 2023 20:00,N/A,20:00,Good To Yielding,2m 6f 160y,Sean Says (IRE),Thomas Reilly,7,Rodger Sweeney,5th,4 1/2 l,7,11-7p,95,True,56,18
Limerick Racing Results | 25th May 2023 20:00,N/A,20:00,Good To Yielding,2m 6f 160y,Sanibel Island (IRE),D. J. O'Keeffe,0,M. Hourigan,4th,8 1/2 l,11,10-12,86,True,56,18
Limerick Racing Results | 25th May 2023 20:00,N/A,20:00,Good To Yielding,2m 6f 160y,Gondor (IRE),R. J. Condon,5,Colm A. Murphy,3rd,2 1/2 l,8,11-9,97,True,56,18
Limerick Racing Results | 25th May 2023 20:00,N/A,20:00,Good To Yielding,2m 6f 160y,Tullyhogue Fort (IRE),J. J. Slevin,0,John F. O'Neill,2nd,3/4 l,7,10-8,82,True,56,18
Limerick Racing Results | 25th May 2023 20:00,N/A,20:00,Good To Yielding,2m 6f 160y,Glen Ava (IRE),Patrick Michael O'Brien,7,Ms Claire O'Connell,1st,N/A,7,10-7p,81,True,56,18
Limerick Racing Results | 25th May 2023 20:00,N/A,20:00,Good To Yielding,2m 6f 160y,Rudy Catrail (IRE),Gavin Peter Brouder,5,E. Sheehy,UR,N/A,12,10-0,74,True,56,18
Limerick Racing Results | 25th May 2023 20:00,N/A,20:00,Good To Yielding,2m 6f 160y,He Fitz In (IRE),D. E. Mullins,0,D. E. Fitzgerald,PU,N/A,7,11-2p,90,True,56,18
Limerick Racing Results | 25th May 2023 20:00,N/A,20:00,Good To Yielding,2m 6f 160y,Full Noise (IRE),Keith Donoghue,0,Ronan M. P. McNally,PU,N/A,7,11-10,98,True,56,18
Limerick Racing Results | 25th May 2023 20:00,N/A,20:00,Good To Yielding,2m 6f 160y,Chainofconsequence (IRE),S. F. O'Keeffe,0,Michael J. McDonagh,PU,N/A,6,11-9,97,True,56,18
Limerick Racing Results | 25th May 2023 20:00,N/A,20:00,Good To Yielding,2m 6f 160y,Citizen's Army (IRE),Jack G. Gilligan,7,Eugene M. O'Sullivan,12th,73 l,8,10-11p,85,True,56,18
Limerick Racing Results | 25th May 2023 20:00,N/A,20:00,Good To Yielding,2m 6f 160y,Well Joey (IRE),M. M. McDonagh,5,Paul Stafford,11th,24 l,12,11-4t,92,True,56,18
Limerick Racing Results | 25th May 2023 20:00,N/A,20:00,Good To Yielding,2m 6f 160y,Steps Match (IRE),K. E. Buckley,3,Michael Butler,10th,2 l,8,11-5,93,True,56,18
Limerick Racing Results | 25th May 2023 20:00,N/A,20:00,Good To Yielding,2m 6f 160y,Wild Caprice (IRE),Liam Quinlan,5,John Patrick Ryan,9th,Neck,9,11-4,92,True,56,18
Limerick Racing Results | 25th May 2023 20:00,N/A,20:00,Good To Yielding,2m 6f 160y,Shamror Lass (IRE),Sean Flanagan,0,Miss D. M. O'Shea,8th,18 l,6,10-4p,78,True,56,18
Limerick Racing Results | 25th May 2023 20:00,N/A,20:00,Good To Yielding,2m 6f 160y,Golden Glen (IRE),Shane O'Callaghan,7,Brendan Maurice Walsh,7th,23 l,9,10-1tp,75,True,56,18
Limerick Racing Results | 25th May 2023 20:00,N/A,20:00,Good To Yielding,2m 6f 160y,Seskin Flyer (IRE),Phillip Enright,0,Patrick Carey,6th,16 l,12,10-1,75,True,56,18
Limerick Racing Results | 25th May 2023 20:00,N/A,20:00,Good To Yielding,2m 6f 160y,Sean Says (IRE),Thomas Reilly,7,Rodger Sweeney,5th,4 1/2 l,7,11-7p,95,True,56,18
Limerick Racing Results | 25th May 2023 20:00,N/A,20:00,Good To Yielding,2m 6f 160y,Sanibel Island (IRE),D. J. O'Keeffe,0,M. Hourigan,4th,8 1/2 l,11,10-12,86,True,56,18
Limerick Racing Results | 25th May 2023 20:00,N/A,20:00,Good To Yielding,2m 6f 160y,Gondor (IRE),R. J. Condon,5,Colm A. Murphy,3rd,2 1/2 l,8,11-9,97,True,56,18
Limerick Racing Results | 25th May 2023 20:00,N/A,20:00,Good To Yielding,2m 6f 160y,Tullyhogue Fort (IRE),J. J. Slevin,0,John F. O'Neill,2nd,3/4 l,7,10-8,82,True,56,18
Limerick Racing Results | 25th May 2023 20:00,N/A,20:00,Good To Yielding,2m 6f 160y,Glen Ava (IRE),Patrick Michael O'Brien,7,Ms Claire O'Connell,1st,N/A,7,10-7p,81,True,56,18
Limerick Racing Results | 25th May 2023 20:30,N/A,20:30,Good To Yielding,3m 1f 110y,Centurion Steel (IRE),M. P. O'Connor,5,Henry de Bromhead,PU,N/A,8,12-0tp,116,True,56,19
Limerick Racing Results | 25th May 2023 20:30,N/A,20:30,Good To Yielding,3m 1f 110y,Influential Lady (IRE),Kieran Callaghan,7,James M. Barcoe,PU,N/A,9,11-5,107,True,56,19
Limerick Racing Results | 25th May 2023 20:30,N/A,20:30,Good To Yielding,3m 1f 110y,Outside The Door (IRE),P. T. Smithers,7,Padraig Roche,PU,N/A,7,11-8,110,True,56,19
Limerick Racing Results | 25th May 2023 20:30,N/A,20:30,Good To Yielding,3m 1f 110y,Presenting Point (IRE),D. J. O'Keeffe,0,A. M. O'Grady,7th,30 l,9,11-7b,109,True,56,19
Limerick Racing Results | 25th May 2023 20:30,N/A,20:30,Good To Yielding,3m 1f 110y,Lord Gillygooley (IRE),S. Fitzgerald,3,Declan Queally,6th,28 l,8,11-2tv,104,True,56,19
Limerick Racing Results | 25th May 2023 20:30,N/A,20:30,Good To Yielding,3m 1f 110y,Earths Furies (IRE),E. Walsh,5,Eugene M. O'Sullivan,5th,1 l,7,11-0b,102,True,56,19
Limerick Racing Results | 25th May 2023 20:30,N/A,20:30,Good To Yielding,3m 1f 110y,Battle Of Mirbat (IRE),S. F. O'Keeffe,0,Michael J. McDonagh,4th,6 1/2 l,6,11-10,112,True,56,19
Limerick Racing Results | 25th May 2023 20:30,N/A,20:30,Good To Yielding,3m 1f 110y,Oscer Romero (IRE),Patrick O'Hanlon,5,P. J. Rothwell,3rd,10 l,8,11-6p,108,True,56,19
Limerick Racing Results | 25th May 2023 20:30,N/A,20:30,Good To Yielding,3m 1f 110y,Goodnightngodbless (USA),C. G. O'Dwyer,5,J. D. Motherway,2nd,6 1/2 l,10,11-2tp,104,True,56,19
Limerick Racing Results | 25th May 2023 20:30,N/A,20:30,Good To Yielding,3m 1f 110y,The Abbey (IRE),D. J. Gilligan,7,Gordon Elliott,1st,N/A,10,11-4p,106,True,56,19
Limerick Racing Results | 25th May 2023 20:30,N/A,20:30,Good To Yielding,3m 1f 110y,Centurion Steel (IRE),M. P. O'Connor,5,Henry de Bromhead,PU,N/A,8,12-0tp,116,True,56,19
Limerick Racing Results | 25th May 2023 20:30,N/A,20:30,Good To Yielding,3m 1f 110y,Influential Lady (IRE),Kieran Callaghan,7,James M. Barcoe,PU,N/A,9,11-5,107,True,56,19
Limerick Racing Results | 25th May 2023 20:30,N/A,20:30,Good To Yielding,3m 1f 110y,Outside The Door (IRE),P. T. Smithers,7,Padraig Roche,PU,N/A,7,11-8,110,True,56,19
Limerick Racing Results | 25th May 2023 20:30,N/A,20:30,Good To Yielding,3m 1f 110y,Presenting Point (IRE),D. J. O'Keeffe,0,A. M. O'Grady,7th,30 l,9,11-7b,109,True,56,19
Limerick Racing Results | 25th May 2023 20:30,N/A,20:30,Good To Yielding,3m 1f 110y,Lord Gillygooley (IRE),S. Fitzgerald,3,Declan Queally,6th,28 l,8,11-2tv,104,True,56,19
Limerick Racing Results | 25th May 2023 20:30,N/A,20:30,Good To Yielding,3m 1f 110y,Earths Furies (IRE),E. Walsh,5,Eugene M. O'Sullivan,5th,1 l,7,11-0b,102,True,56,19
Limerick Racing Results | 25th May 2023 20:30,N/A,20:30,Good To Yielding,3m 1f 110y,Battle Of Mirbat (IRE),S. F. O'Keeffe,0,Michael J. McDonagh,4th,6 1/2 l,6,11-10,112,True,56,19
Limerick Racing Results | 25th May 2023 20:30,N/A,20:30,Good To Yielding,3m 1f 110y,Oscer Romero (IRE),Patrick O'Hanlon,5,P. J. Rothwell,3rd,10 l,8,11-6p,108,True,56,19
Limerick Racing Results | 25th May 2023 20:30,N/A,20:30,Good To Yielding,3m 1f 110y,Goodnightngodbless (USA),C. G. O'Dwyer,5,J. D. Motherway,2nd,6 1/2 l,10,11-2tp,104,True,56,19
Limerick Racing Results | 25th May 2023 20:30,N/A,20:30,Good To Yielding,3m 1f 110y,The Abbey (IRE),D. J. Gilligan,7,Gordon Elliott,1st,N/A,10,11-4p,106,True,56,19
Curragh Racing Results | 26th May 2023 16:50,N/A,16:50,Good (Good To Firm In Places),6f,Time'll Tell,R. Whearty,7,John Andrew Kinsella,17th,4 3/4 l,2,8-10,-,True,56,20
Curragh Racing Results | 26th May 2023 16:50,N/A,16:50,Good (Good To Firm In Places),6f,Chou Chou (IRE),L. F. Roche,0,Noel Meade,16th,Neck,2,9-1,-,True,56,20
Curragh Racing Results | 26th May 2023 16:50,N/A,16:50,Good (Good To Firm In Places),6f,Guest Star,Shane Foley,0,Mrs J. Harrington,15th,1/2 l,2,9-7,-,True,56,20
Curragh Racing Results | 26th May 2023 16:50,N/A,16:50,Good (Good To Firm In Places),6f,Velvet Skies (IRE),G. F. Carroll,0,Michael Mulvany,14th,1/2 l,2,8-13,-,True,56,20
Curragh Racing Results | 26th May 2023 16:50,N/A,16:50,Good (Good To Firm In Places),6f,Spicy Water (IRE),N. M. Crosse,0,W. McCreery,13th,Head,2,9-0,-,True,56,20
Curragh Racing Results | 26th May 2023 16:50,N/A,16:50,Good (Good To Firm In Places),6f,Jakajaro (IRE),C. T. Keane,0,David Marnane,12th,3/4 l,2,9-5,-,True,56,20
Curragh Racing Results | 26th May 2023 16:50,N/A,16:50,Good (Good To Firm In Places),6f,Transcending Glory (IRE),S. B. Kelly,0,John Patrick Murtagh,11th,1 l,2,9-5,-,True,56,20
Curragh Racing Results | 26th May 2023 16:50,N/A,16:50,Good (Good To Firm In Places),6f,Sanshiro (IRE),D. N. Curran,7,Darren Bunyan,10th,1/2 l,2,8-13,-,True,56,20
Curragh Racing Results | 26th May 2023 16:50,N/A,16:50,Good (Good To Firm In Places),6f,Rush Queen (IRE),R. P. Whelan,0,Adrian McGuinness,9th,Nose,2,9-2,-,True,56,20
Curragh Racing Results | 26th May 2023 16:50,N/A,16:50,Good (Good To Firm In Places),6f,St Laurence's Gate (IRE),G. M. Ryan,0,James M. Barrett,8th,Neck,2,9-1,-,True,56,20
Curragh Racing Results | 26th May 2023 16:50,N/A,16:50,Good (Good To Firm In Places),6f,Absolute Advantage,D. B. McMonagle,0,Joseph Patrick O'Brien,6th,1 1/4 l,2,9-7t1,-,True,56,20
Curragh Racing Results | 26th May 2023 16:50,N/A,16:50,Good (Good To Firm In Places),6f,Si Senior (IRE),Seamie Heffernan,0,Patrick Magee,6th,Dead Heat,2,8-8,-,True,56,20
Curragh Racing Results | 26th May 2023 16:50,N/A,16:50,Good (Good To Firm In Places),6f,Ocean Baroque (IRE),Declan McDonogh,0,Kieran Patrick Cotter,5th,2 l,2,9-1,-,True,56,20
Curragh Racing Results | 26th May 2023 16:50,N/A,16:50,Good (Good To Firm In Places),6f,King Cuan,William James Lee,0,P. Twomey,4th,Short Head,2,9-3,-,True,56,20
Curragh Racing Results | 26th May 2023 16:50,N/A,16:50,Good (Good To Firm In Places),6f,Loterie (IRE),C. D. Hayes,0,Eddie & Patrick Harty,3rd,1 1/4 l,2,8-12,-,True,56,20
Curragh Racing Results | 26th May 2023 16:50,N/A,16:50,Good (Good To Firm In Places),6f,Gaenari (IRE),D. E. Sheehy,3,Diego Dias,2nd,Neck,2,8-12h1,-,True,56,20
Curragh Racing Results | 26th May 2023 16:50,N/A,16:50,Good (Good To Firm In Places),6f,Nemonte (IRE),M. P. Sheehy,0,Joseph Patrick O'Brien,1st,N/A,2,8-10,-,True,56,20
Curragh Racing Results | 26th May 2023 16:50,N/A,16:50,Good (Good To Firm In Places),6f,Time'll Tell,R. Whearty,7,John Andrew Kinsella,17th,4 3/4 l,2,8-10,-,True,56,20
Curragh Racing Results | 26th May 2023 16:50,N/A,16:50,Good (Good To Firm In Places),6f,Chou Chou (IRE),L. F. Roche,0,Noel Meade,16th,Neck,2,9-1,-,True,56,20
Curragh Racing Results | 26th May 2023 16:50,N/A,16:50,Good (Good To Firm In Places),6f,Guest Star,Shane Foley,0,Mrs J. Harrington,15th,1/2 l,2,9-7,-,True,56,20
Curragh Racing Results | 26th May 2023 16:50,N/A,16:50,Good (Good To Firm In Places),6f,Velvet Skies (IRE),G. F. Carroll,0,Michael Mulvany,14th,1/2 l,2,8-13,-,True,56,20
Curragh Racing Results | 26th May 2023 16:50,N/A,16:50,Good (Good To Firm In Places),6f,Spicy Water (IRE),N. M. Crosse,0,W. McCreery,13th,Head,2,9-0,-,True,56,20
Curragh Racing Results | 26th May 2023 16:50,N/A,16:50,Good (Good To Firm In Places),6f,Jakajaro (IRE),C. T. Keane,0,David Marnane,12th,3/4 l,2,9-5,-,True,56,20
Curragh Racing Results | 26th May 2023 16:50,N/A,16:50,Good (Good To Firm In Places),6f,Transcending Glory (IRE),S. B. Kelly,0,John Patrick Murtagh,11th,1 l,2,9-5,-,True,56,20
Curragh Racing Results | 26th May 2023 16:50,N/A,16:50,Good (Good To Firm In Places),6f,Sanshiro (IRE),D. N. Curran,7,Darren Bunyan,10th,1/2 l,2,8-13,-,True,56,20
Curragh Racing Results | 26th May 2023 16:50,N/A,16:50,Good (Good To Firm In Places),6f,Rush Queen (IRE),R. P. Whelan,0,Adrian McGuinness,9th,Nose,2,9-2,-,True,56,20
Curragh Racing Results | 26th May 2023 16:50,N/A,16:50,Good (Good To Firm In Places),6f,St Laurence's Gate (IRE),G. M. Ryan,0,James M. Barrett,8th,Neck,2,9-1,-,True,56,20
Curragh Racing Results | 26th May 2023 16:50,N/A,16:50,Good (Good To Firm In Places),6f,Absolute Advantage,D. B. McMonagle,0,Joseph Patrick O'Brien,6th,1 1/4 l,2,9-7t1,-,True,56,20
Curragh Racing Results | 26th May 2023 16:50,N/A,16:50,Good (Good To Firm In Places),6f,Si Senior (IRE),Seamie Heffernan,0,Patrick Magee,6th,Dead Heat,2,8-8,-,True,56,20
Curragh Racing Results | 26th May 2023 16:50,N/A,16:50,Good (Good To Firm In Places),6f,Ocean Baroque (IRE),Declan McDonogh,0,Kieran Patrick Cotter,5th,2 l,2,9-1,-,True,56,20
Curragh Racing Results | 26th May 2023 16:50,N/A,16:50,Good (Good To Firm In Places),6f,King Cuan,William James Lee,0,P. Twomey,4th,Short Head,2,9-3,-,True,56,20
Curragh Racing Results | 26th May 2023 16:50,N/A,16:50,Good (Good To Firm In Places),6f,Loterie (IRE),C. D. Hayes,0,Eddie & Patrick Harty,3rd,1 1/4 l,2,8-12,-,True,56,20
Curragh Racing Results | 26th May 2023 16:50,N/A,16:50,Good (Good To Firm In Places),6f,Gaenari (IRE),D. E. Sheehy,3,Diego Dias,2nd,Neck,2,8-12h1,-,True,56,20
Curragh Racing Results | 26th May 2023 16:50,N/A,16:50,Good (Good To Firm In Places),6f,Nemonte (IRE),M. P. Sheehy,0,Joseph Patrick O'Brien,1st,N/A,2,8-10,-,True,56,20
Curragh Racing Results | 26th May 2023 17:25,N/A,17:25,Good (Good To Firm In Places),6f,Thunder Dance,N. M. Crosse,0,W. McCreery,13th,28 l,3,9-3b1,-,True,56,21
Curragh Racing Results | 26th May 2023 17:25,N/A,17:25,Good (Good To Firm In Places),6f,Giocoso (IRE),A. J. Slattery,0,A. Slattery,12th,1 l,4,9-12,-,True,56,21
Curragh Racing Results | 26th May 2023 17:25,N/A,17:25,Good (Good To Firm In Places),6f,Dark Willow (IRE),Siobhan Rutledge,5,Mrs Mary Whelehan,11th,2 1/2 l,3,9-3,-,True,56,21
Curragh Racing Results | 26th May 2023 17:25,N/A,17:25,Good (Good To Firm In Places),6f,Contradanza (IRE),C. D. Hayes,0,John Patrick Hayes,10th,1/2 l,4,9-12,-,True,56,21
Curragh Racing Results | 26th May 2023 17:25,N/A,17:25,Good (Good To Firm In Places),6f,Hope And Innocence (IRE),S. B. Kelly,0,John Patrick Murtagh,9th,1 1/2 l,3,9-3,-,True,56,21
Curragh Racing Results | 26th May 2023 17:25,N/A,17:25,Good (Good To Firm In Places),6f,Machnamh (IRE),Kyanna Van Buuren,10,J. S. Bolger,8th,1/2 l,3,9-3,-,True,56,21
Curragh Racing Results | 26th May 2023 17:25,N/A,17:25,Good (Good To Firm In Places),6f,Danvers Gold (IRE),Shane Foley,0,Mrs J. Harrington,7th,2 l,3,9-3,-,True,56,21
Curragh Racing Results | 26th May 2023 17:25,N/A,17:25,Good (Good To Firm In Places),6f,Daisy Jones (USA),C. J. MacRedmond,5,Takashi Kodama,6th,3/4 l,5,9-12v1,-,True,56,21
Curragh Racing Results | 26th May 2023 17:25,N/A,17:25,Good (Good To Firm In Places),6f,Saturn Seven (IRE),William James Lee,0,K. J. Condon,5th,3/4 l,3,9-3t,-,True,56,21
Curragh Racing Results | 26th May 2023 17:25,N/A,17:25,Good (Good To Firm In Places),6f,Miracle Nation (IRE),G. P. Halpin,0,Kevin Prendergast,4th,Short Head,3,9-3t1,-,True,56,21
Curragh Racing Results | 26th May 2023 17:25,N/A,17:25,Good (Good To Firm In Places),6f,Sibyl Charm (IRE),D. B. McMonagle,0,Joseph Patrick O'Brien,3rd,1 1/2 l,3,9-3,-,True,56,21
Curragh Racing Results | 26th May 2023 17:25,N/A,17:25,Good (Good To Firm In Places),6f,Roaming Star (IRE),Seamie Heffernan,0,W. P. Browne,2nd,2 1/2 l,3,9-3,-,True,56,21
Curragh Racing Results | 26th May 2023 17:25,N/A,17:25,Good (Good To Firm In Places),6f,Ostraka (IRE),R. P. Whelan,0,M. Halford & T. Collins,1st,N/A,3,9-3,-,True,56,21
Curragh Racing Results | 26th May 2023 17:25,N/A,17:25,Good (Good To Firm In Places),6f,Thunder Dance,N. M. Crosse,0,W. McCreery,13th,28 l,3,9-3b1,-,True,56,21
Curragh Racing Results | 26th May 2023 17:25,N/A,17:25,Good (Good To Firm In Places),6f,Giocoso (IRE),A. J. Slattery,0,A. Slattery,12th,1 l,4,9-12,-,True,56,21
Curragh Racing Results | 26th May 2023 17:25,N/A,17:25,Good (Good To Firm In Places),6f,Dark Willow (IRE),Siobhan Rutledge,5,Mrs Mary Whelehan,11th,2 1/2 l,3,9-3,-,True,56,21
Curragh Racing Results | 26th May 2023 17:25,N/A,17:25,Good (Good To Firm In Places),6f,Contradanza (IRE),C. D. Hayes,0,John Patrick Hayes,10th,1/2 l,4,9-12,-,True,56,21
Curragh Racing Results | 26th May 2023 17:25,N/A,17:25,Good (Good To Firm In Places),6f,Hope And Innocence (IRE),S. B. Kelly,0,John Patrick Murtagh,9th,1 1/2 l,3,9-3,-,True,56,21
Curragh Racing Results | 26th May 2023 17:25,N/A,17:25,Good (Good To Firm In Places),6f,Machnamh (IRE),Kyanna Van Buuren,10,J. S. Bolger,8th,1/2 l,3,9-3,-,True,56,21
Curragh Racing Results | 26th May 2023 17:25,N/A,17:25,Good (Good To Firm In Places),6f,Danvers Gold (IRE),Shane Foley,0,Mrs J. Harrington,7th,2 l,3,9-3,-,True,56,21
Curragh Racing Results | 26th May 2023 17:25,N/A,17:25,Good (Good To Firm In Places),6f,Daisy Jones (USA),C. J. MacRedmond,5,Takashi Kodama,6th,3/4 l,5,9-12v1,-,True,56,21
Curragh Racing Results | 26th May 2023 17:25,N/A,17:25,Good (Good To Firm In Places),6f,Saturn Seven (IRE),William James Lee,0,K. J. Condon,5th,3/4 l,3,9-3t,-,True,56,21
Curragh Racing Results | 26th May 2023 17:25,N/A,17:25,Good (Good To Firm In Places),6f,Miracle Nation (IRE),G. P. Halpin,0,Kevin Prendergast,4th,Short Head,3,9-3t1,-,True,56,21
Curragh Racing Results | 26th May 2023 17:25,N/A,17:25,Good (Good To Firm In Places),6f,Sibyl Charm (IRE),D. B. McMonagle,0,Joseph Patrick O'Brien,3rd,1 1/2 l,3,9-3,-,True,56,21
Curragh Racing Results | 26th May 2023 17:25,N/A,17:25,Good (Good To Firm In Places),6f,Roaming Star (IRE),Seamie Heffernan,0,W. P. Browne,2nd,2 1/2 l,3,9-3,-,True,56,21
Curragh Racing Results | 26th May 2023 17:25,N/A,17:25,Good (Good To Firm In Places),6f,Ostraka (IRE),R. P. Whelan,0,M. Halford & T. Collins,1st,N/A,3,9-3,-,True,56,21
Curragh Racing Results | 26th May 2023 18:00,N/A,18:00,Good (Good To Firm In Places),1m,Angel Above (IRE),N. M. Crosse,0,Luke Comer,10th,3/4 l,3,8-9,75,True,56,22
Curragh Racing Results | 26th May 2023 18:00,N/A,18:00,Good (Good To Firm In Places),1m,Cyber Attack (IRE),G. F. Carroll,0,Gavin Patrick Cromwell,9th,Short Head,3,9-0,80,True,56,22
Curragh Racing Results | 26th May 2023 18:00,N/A,18:00,Good (Good To Firm In Places),1m,Amazing Show,M. A. Enright,0,G. M. Lyons,8th,2 1/4 l,3,9-9b1,89,True,56,22
Curragh Racing Results | 26th May 2023 18:00,N/A,18:00,Good (Good To Firm In Places),1m,Semantics (USA),C. T. Keane,0,G. M. Lyons,7th,3/4 l,3,8-11,77,True,56,22
Curragh Racing Results | 26th May 2023 18:00,N/A,18:00,Good (Good To Firm In Places),1m,Vernet (IRE),Declan McDonogh,0,Joseph Patrick O'Brien,6th,1 1/2 l,3,9-9,89,True,56,22
Curragh Racing Results | 26th May 2023 18:00,N/A,18:00,Good (Good To Firm In Places),1m,Impact Warrior (IRE),William James Lee,0,P. Twomey,5th,1/2 l,3,9-12t,92,True,56,22
Curragh Racing Results | 26th May 2023 18:00,N/A,18:00,Good (Good To Firm In Places),1m,Tea Olive (FR),L. F. Roche,0,Noel Meade,4th,Neck,3,8-11,77,True,56,22
Curragh Racing Results | 26th May 2023 18:00,N/A,18:00,Good (Good To Firm In Places),1m,Snowcapped (IRE),Shane Foley,0,Mrs J. Harrington,3rd,1/2 l,3,9-6,86,True,56,22
Curragh Racing Results | 26th May 2023 18:00,N/A,18:00,Good (Good To Firm In Places),1m,Clounmacon (IRE),J. A. Powell,5,John Patrick Murtagh,2nd,Head,3,9-10,90,True,56,22
Curragh Racing Results | 26th May 2023 18:00,N/A,18:00,Good (Good To Firm In Places),1m,Bellaphina (IRE),C. D. Maxwell,0,John Andrew Kinsella,1st,N/A,3,9-2,82,True,56,22
Curragh Racing Results | 26th May 2023 18:00,N/A,18:00,Good (Good To Firm In Places),1m,Angel Above (IRE),N. M. Crosse,0,Luke Comer,10th,3/4 l,3,8-9,75,True,56,22
Curragh Racing Results | 26th May 2023 18:00,N/A,18:00,Good (Good To Firm In Places),1m,Cyber Attack (IRE),G. F. Carroll,0,Gavin Patrick Cromwell,9th,Short Head,3,9-0,80,True,56,22
Curragh Racing Results | 26th May 2023 18:00,N/A,18:00,Good (Good To Firm In Places),1m,Amazing Show,M. A. Enright,0,G. M. Lyons,8th,2 1/4 l,3,9-9b1,89,True,56,22
Curragh Racing Results | 26th May 2023 18:00,N/A,18:00,Good (Good To Firm In Places),1m,Semantics (USA),C. T. Keane,0,G. M. Lyons,7th,3/4 l,3,8-11,77,True,56,22
Curragh Racing Results | 26th May 2023 18:00,N/A,18:00,Good (Good To Firm In Places),1m,Vernet (IRE),Declan McDonogh,0,Joseph Patrick O'Brien,6th,1 1/2 l,3,9-9,89,True,56,22
Curragh Racing Results | 26th May 2023 18:00,N/A,18:00,Good (Good To Firm In Places),1m,Impact Warrior (IRE),William James Lee,0,P. Twomey,5th,1/2 l,3,9-12t,92,True,56,22
Curragh Racing Results | 26th May 2023 18:00,N/A,18:00,Good (Good To Firm In Places),1m,Tea Olive (FR),L. F. Roche,0,Noel Meade,4th,Neck,3,8-11,77,True,56,22
Curragh Racing Results | 26th May 2023 18:00,N/A,18:00,Good (Good To Firm In Places),1m,Snowcapped (IRE),Shane Foley,0,Mrs J. Harrington,3rd,1/2 l,3,9-6,86,True,56,22
Curragh Racing Results | 26th May 2023 18:00,N/A,18:00,Good (Good To Firm In Places),1m,Clounmacon (IRE),J. A. Powell,5,John Patrick Murtagh,2nd,Head,3,9-10,90,True,56,22
Curragh Racing Results | 26th May 2023 18:00,N/A,18:00,Good (Good To Firm In Places),1m,Bellaphina (IRE),C. D. Maxwell,0,John Andrew Kinsella,1st,N/A,3,9-2,82,True,56,22
Curragh Racing Results | 26th May 2023 18:30,N/A,18:30,Good (Good To Firm In Places),7f,Go Til Its Over (IRE),K. J. Leonard,0,Philip Michael Byrne,8th,6 1/2 l,3,9-8,-,True,56,23
Curragh Racing Results | 26th May 2023 18:30,N/A,18:30,Good (Good To Firm In Places),7f,Beyond the Steps (IRE),Shane Foley,0,Mrs J. Harrington,7th,3 1/4 l,3,9-8t1,-,True,56,23
Curragh Racing Results | 26th May 2023 18:30,N/A,18:30,Good (Good To Firm In Places),7f,Dream Escape,D. B. McMonagle,0,Thomas Mullins,6th,1/2 l,4,10-5,-,True,56,23
Curragh Racing Results | 26th May 2023 18:30,N/A,18:30,Good (Good To Firm In Places),7f,Lope De Rueda,William James Lee,0,Charles O'Brien,5th,1 1/2 l,3,9-8,-,True,56,23
Curragh Racing Results | 26th May 2023 18:30,N/A,18:30,Good (Good To Firm In Places),7f,The Franchise (IRE),Declan McDonogh,0,Joseph Patrick O'Brien,4th,1/2 l,3,9-8,-,True,56,23
Curragh Racing Results | 26th May 2023 18:30,N/A,18:30,Good (Good To Firm In Places),7f,Hotaugustnight (IRE),M. A. Enright,0,J. A. Stack,3rd,1 l,3,9-3,-,True,56,23
Curragh Racing Results | 26th May 2023 18:30,N/A,18:30,Good (Good To Firm In Places),7f,Space Age (IRE),C. T. Keane,0,John Joseph Murphy,2nd,Neck,3,9-8,-,True,56,23
Curragh Racing Results | 26th May 2023 18:30,N/A,18:30,Good (Good To Firm In Places),7f,Subzero (IRE),Ryan Moore,0,Aidan O'Brien,1st,N/A,3,9-8,-,True,56,23
Curragh Racing Results | 26th May 2023 18:30,N/A,18:30,Good (Good To Firm In Places),7f,Go Til Its Over (IRE),K. J. Leonard,0,Philip Michael Byrne,8th,6 1/2 l,3,9-8,-,True,56,23
Curragh Racing Results | 26th May 2023 18:30,N/A,18:30,Good (Good To Firm In Places),7f,Beyond the Steps (IRE),Shane Foley,0,Mrs J. Harrington,7th,3 1/4 l,3,9-8t1,-,True,56,23
Curragh Racing Results | 26th May 2023 18:30,N/A,18:30,Good (Good To Firm In Places),7f,Dream Escape,D. B. McMonagle,0,Thomas Mullins,6th,1/2 l,4,10-5,-,True,56,23
Curragh Racing Results | 26th May 2023 18:30,N/A,18:30,Good (Good To Firm In Places),7f,Lope De Rueda,William James Lee,0,Charles O'Brien,5th,1 1/2 l,3,9-8,-,True,56,23
Curragh Racing Results | 26th May 2023 18:30,N/A,18:30,Good (Good To Firm In Places),7f,The Franchise (IRE),Declan McDonogh,0,Joseph Patrick O'Brien,4th,1/2 l,3,9-8,-,True,56,23
Curragh Racing Results | 26th May 2023 18:30,N/A,18:30,Good (Good To Firm In Places),7f,Hotaugustnight (IRE),M. A. Enright,0,J. A. Stack,3rd,1 l,3,9-3,-,True,56,23
Curragh Racing Results | 26th May 2023 18:30,N/A,18:30,Good (Good To Firm In Places),7f,Space Age (IRE),C. T. Keane,0,John Joseph Murphy,2nd,Neck,3,9-8,-,True,56,23
Curragh Racing Results | 26th May 2023 18:30,N/A,18:30,Good (Good To Firm In Places),7f,Subzero (IRE),Ryan Moore,0,Aidan O'Brien,1st,N/A,3,9-8,-,True,56,23
Curragh Racing Results | 26th May 2023 19:00,N/A,19:00,Good (Good To Firm In Places),7f,Shanghai Dragon (IRE),L. T. McAteer,3,Patrick T. Foley,17th,17 l,4,9-10v,85,True,56,24
Curragh Racing Results | 26th May 2023 19:00,N/A,19:00,Good (Good To Firm In Places),7f,She's In the Game (IRE),Neve Bennett,7,W. T. Farrell,16th,1 1/4 l,6,9-12,87,True,56,24
Curragh Racing Results | 26th May 2023 19:00,N/A,19:00,Good (Good To Firm In Places),7f,Miramis (IRE),C. Stone-Walsh,7,Joseph Patrick O'Brien,15th,Neck,5,10-0,89,True,56,24
Curragh Racing Results | 26th May 2023 19:00,N/A,19:00,Good (Good To Firm In Places),7f,Maid To Shine (IRE),M. P. Sheehy,0,G. Hassett,14th,1/2 l,4,8-8t,69,True,56,24
Curragh Racing Results | 26th May 2023 19:00,N/A,19:00,Good (Good To Firm In Places),7f,Big Baby Bull (IRE),S. D. Bowen,7,Denis Hogan,13th,Head,7,9-6t,81,True,56,24
Curragh Racing Results | 26th May 2023 19:00,N/A,19:00,Good (Good To Firm In Places),7f,Might And Mercy,C. T. Keane,0,Noel Meade,12th,4 3/4 l,4,9-5p,80,True,56,24
Curragh Racing Results | 26th May 2023 19:00,N/A,19:00,Good (Good To Firm In Places),7f,Bells on Her Toes (IRE),A. J. Slattery,0,A. Slattery,11th,1/2 l,4,8-12v,73,True,56,24
Curragh Racing Results | 26th May 2023 19:00,N/A,19:00,Good (Good To Firm In Places),7f,Hightimeyouwon,C. J. MacRedmond,5,Adrian McGuinness,10th,1 1/4 l,7,9-3b,78,True,56,24
Curragh Racing Results | 26th May 2023 19:00,N/A,19:00,Good (Good To Firm In Places),7f,Toriangel (IRE),R. C. Colgan,0,Ms Sheila Lavery,9th,3/4 l,4,8-13,74,True,56,24
Curragh Racing Results | 26th May 2023 19:00,N/A,19:00,Good (Good To Firm In Places),7f,Touching Clouds (USA),C. D. Hayes,0,D. K. Weld,8th,Short Head,4,9-1,76,True,56,24
Curragh Racing Results | 26th May 2023 19:00,N/A,19:00,Good (Good To Firm In Places),7f,Half Nutz (IRE),R. P. Whelan,0,Adrian McGuinness,7th,Short Head,6,9-4,79,True,56,24
Curragh Racing Results | 26th May 2023 19:00,N/A,19:00,Good (Good To Firm In Places),7f,Exquisite Acclaim (IRE),Adam Caffrey,7,Adrian McGuinness,6th,Nose,4,9-12p,87,True,56,24
Curragh Racing Results | 26th May 2023 19:00,N/A,19:00,Good (Good To Firm In Places),7f,No Niki No (IRE),Declan McDonogh,0,E. J. O'Neill,5th,1 3/4 l,7,9-4b,79,True,56,24
Curragh Racing Results | 26th May 2023 19:00,N/A,19:00,Good (Good To Firm In Places),7f,Jered Maddox,J. A. Powell,5,David Marnane,4th,Neck,7,8-9,70,True,56,24
Curragh Racing Results | 26th May 2023 19:00,N/A,19:00,Good (Good To Firm In Places),7f,Midnight Fire (IRE),L. F. Roche,0,Eddie & Patrick Harty,3rd,Nose,6,8-10t,71,True,56,24
Curragh Racing Results | 26th May 2023 19:00,N/A,19:00,Good (Good To Firm In Places),7f,Ice Cold In Alex (IRE),N. G. McCullagh,0,K. J. Condon,2nd,2 1/2 l,9,9-10t,85,True,56,24
Curragh Racing Results | 26th May 2023 19:00,N/A,19:00,Good (Good To Firm In Places),7f,Verhoyen,William James Lee,0,M. C. Grassick,1st,N/A,8,9-6b,81,True,56,24
Curragh Racing Results | 26th May 2023 19:00,N/A,19:00,Good (Good To Firm In Places),7f,Shanghai Dragon (IRE),L. T. McAteer,3,Patrick T. Foley,17th,17 l,4,9-10v,85,True,56,24
Curragh Racing Results | 26th May 2023 19:00,N/A,19:00,Good (Good To Firm In Places),7f,She's In the Game (IRE),Neve Bennett,7,W. T. Farrell,16th,1 1/4 l,6,9-12,87,True,56,24
Curragh Racing Results | 26th May 2023 19:00,N/A,19:00,Good (Good To Firm In Places),7f,Miramis (IRE),C. Stone-Walsh,7,Joseph Patrick O'Brien,15th,Neck,5,10-0,89,True,56,24
Curragh Racing Results | 26th May 2023 19:00,N/A,19:00,Good (Good To Firm In Places),7f,Maid To Shine (IRE),M. P. Sheehy,0,G. Hassett,14th,1/2 l,4,8-8t,69,True,56,24
Curragh Racing Results | 26th May 2023 19:00,N/A,19:00,Good (Good To Firm In Places),7f,Big Baby Bull (IRE),S. D. Bowen,7,Denis Hogan,13th,Head,7,9-6t,81,True,56,24
Curragh Racing Results | 26th May 2023 19:00,N/A,19:00,Good (Good To Firm In Places),7f,Might And Mercy,C. T. Keane,0,Noel Meade,12th,4 3/4 l,4,9-5p,80,True,56,24
Curragh Racing Results | 26th May 2023 19:00,N/A,19:00,Good (Good To Firm In Places),7f,Bells on Her Toes (IRE),A. J. Slattery,0,A. Slattery,11th,1/2 l,4,8-12v,73,True,56,24
Curragh Racing Results | 26th May 2023 19:00,N/A,19:00,Good (Good To Firm In Places),7f,Hightimeyouwon,C. J. MacRedmond,5,Adrian McGuinness,10th,1 1/4 l,7,9-3b,78,True,56,24
Curragh Racing Results | 26th May 2023 19:00,N/A,19:00,Good (Good To Firm In Places),7f,Toriangel (IRE),R. C. Colgan,0,Ms Sheila Lavery,9th,3/4 l,4,8-13,74,True,56,24
Curragh Racing Results | 26th May 2023 19:00,N/A,19:00,Good (Good To Firm In Places),7f,Touching Clouds (USA),C. D. Hayes,0,D. K. Weld,8th,Short Head,4,9-1,76,True,56,24
Curragh Racing Results | 26th May 2023 19:00,N/A,19:00,Good (Good To Firm In Places),7f,Half Nutz (IRE),R. P. Whelan,0,Adrian McGuinness,7th,Short Head,6,9-4,79,True,56,24
Curragh Racing Results | 26th May 2023 19:00,N/A,19:00,Good (Good To Firm In Places),7f,Exquisite Acclaim (IRE),Adam Caffrey,7,Adrian McGuinness,6th,Nose,4,9-12p,87,True,56,24
Curragh Racing Results | 26th May 2023 19:00,N/A,19:00,Good (Good To Firm In Places),7f,No Niki No (IRE),Declan McDonogh,0,E. J. O'Neill,5th,1 3/4 l,7,9-4b,79,True,56,24
Curragh Racing Results | 26th May 2023 19:00,N/A,19:00,Good (Good To Firm In Places),7f,Jered Maddox,J. A. Powell,5,David Marnane,4th,Neck,7,8-9,70,True,56,24
Curragh Racing Results | 26th May 2023 19:00,N/A,19:00,Good (Good To Firm In Places),7f,Midnight Fire (IRE),L. F. Roche,0,Eddie & Patrick Harty,3rd,Nose,6,8-10t,71,True,56,24
Curragh Racing Results | 26th May 2023 19:00,N/A,19:00,Good (Good To Firm In Places),7f,Ice Cold In Alex (IRE),N. G. McCullagh,0,K. J. Condon,2nd,2 1/2 l,9,9-10t,85,True,56,24
Curragh Racing Results | 26th May 2023 19:00,N/A,19:00,Good (Good To Firm In Places),7f,Verhoyen,William James Lee,0,M. C. Grassick,1st,N/A,8,9-6b,81,True,56,24
Curragh Racing Results | 26th May 2023 19:30,N/A,19:30,Good (Good To Firm In Places),1m,Loingseoir (IRE),Siobhan Rutledge,5,M. C. Grassick,20th,6 1/2 l,7,8-8t,84,True,56,25
Curragh Racing Results | 26th May 2023 19:30,N/A,19:30,Good (Good To Firm In Places),1m,Point Gellibrand (IRE),D. B. McMonagle,0,Joseph Patrick O'Brien,19th,1/2 l,4,9-6,96,True,56,25
Curragh Racing Results | 26th May 2023 19:30,N/A,19:30,Good (Good To Firm In Places),1m,I Am Superman (IRE),C. T. Keane,0,M. D. O'Callaghan,18th,1 1/2 l,7,10-0,104,True,56,25
Curragh Racing Results | 26th May 2023 19:30,N/A,19:30,Good (Good To Firm In Places),1m,All Lies Ahead (IRE),William James Lee,0,W. McCreery,17th,2 1/2 l,5,9-1,91,True,56,25
Curragh Racing Results | 26th May 2023 19:30,N/A,19:30,Good (Good To Firm In Places),1m,Earls (IRE),G. F. Carroll,0,Gavin Patrick Cromwell,16th,Neck,6,9-2t,92,True,56,25
Curragh Racing Results | 26th May 2023 19:30,N/A,19:30,Good (Good To Firm In Places),1m,Pierre Lapin (IRE),Shane Foley,0,Adrian McGuinness,15th,Neck,6,8-12p,88,True,56,25
Curragh Racing Results | 26th May 2023 19:30,N/A,19:30,Good (Good To Firm In Places),1m,San Aer (IRE),N. M. Crosse,0,Thomas Mullins,14th,1 l,5,8-10t,86,True,56,25
Curragh Racing Results | 26th May 2023 19:30,N/A,19:30,Good (Good To Firm In Places),1m,Vocal Studies (IRE),R. P. Cleary,0,J. S. Bolger,13th,Nose,4,8-7,83,True,56,25
Curragh Racing Results | 26th May 2023 19:30,N/A,19:30,Good (Good To Firm In Places),1m,Coins Cross (IRE),C. D. Hayes,0,Eddie & Patrick Harty,12th,Short Head,5,8-7,83,True,56,25
Curragh Racing Results | 26th May 2023 19:30,N/A,19:30,Good (Good To Firm In Places),1m,Tosen Wish (IRE),C. J. MacRedmond,5,Adrian McGuinness,11th,1/2 l,4,8-13t,89,True,56,25
Curragh Racing Results | 26th May 2023 19:30,N/A,19:30,Good (Good To Firm In Places),1m,Howyoulikethat (IRE),M. A. Enright,0,Miss Hilary McLoughlin,10th,1 l,6,9-2,92,True,56,25
Curragh Racing Results | 26th May 2023 19:30,N/A,19:30,Good (Good To Firm In Places),1m,Flame Of Eire (IRE),A. J. Slattery,0,A. Slattery,9th,Head,4,9-8,98,True,56,25
Curragh Racing Results | 26th May 2023 19:30,N/A,19:30,Good (Good To Firm In Places),1m,Saltonstall,Adam Caffrey,7,Adrian McGuinness,8th,3/4 l,9,9-13tp,103,True,56,25
Curragh Racing Results | 26th May 2023 19:30,N/A,19:30,Good (Good To Firm In Places),1m,Final Voyage (IRE),S. B. Kelly,0,John Patrick Murtagh,7th,Head,5,9-3,93,True,56,25
Curragh Racing Results | 26th May 2023 19:30,N/A,19:30,Good (Good To Firm In Places),1m,Gambe Veloci (IRE),Declan McDonogh,0,Joseph Patrick O'Brien,6th,Head,4,8-8,84,True,56,25
Curragh Racing Results | 26th May 2023 19:30,N/A,19:30,Good (Good To Firm In Places),1m,Current Option (IRE),D. W. O'Connor,0,Adrian McGuinness,5th,Neck,7,9-8,98,True,56,25
Curragh Racing Results | 26th May 2023 19:30,N/A,19:30,Good (Good To Firm In Places),1m,No More Porter (IRE),R. P. Whelan,0,Adrian McGuinness,4th,2 1/4 l,5,8-9p,85,True,56,25
Curragh Racing Results | 26th May 2023 19:30,N/A,19:30,Good (Good To Firm In Places),1m,Adelaise (IRE),M. P. Sheehy,0,Joseph Patrick O'Brien,3rd,1/2 l,4,8-9h1,85,True,56,25
Curragh Racing Results | 26th May 2023 19:30,N/A,19:30,Good (Good To Firm In Places),1m,Dunum (IRE),W. M. Lordan,0,Miss Natalia Lupini,2nd,Short Head,5,9-3,93,True,56,25
Curragh Racing Results | 26th May 2023 19:30,N/A,19:30,Good (Good To Firm In Places),1m,Rahmi (IRE),D. E. Sheehy,3,John Patrick Murtagh,1st,N/A,4,8-11,87,True,56,25
Curragh Racing Results | 26th May 2023 19:30,N/A,19:30,Good (Good To Firm In Places),1m,Loingseoir (IRE),Siobhan Rutledge,5,M. C. Grassick,20th,6 1/2 l,7,8-8t,84,True,56,25
Curragh Racing Results | 26th May 2023 19:30,N/A,19:30,Good (Good To Firm In Places),1m,Point Gellibrand (IRE),D. B. McMonagle,0,Joseph Patrick O'Brien,19th,1/2 l,4,9-6,96,True,56,25
Curragh Racing Results | 26th May 2023 19:30,N/A,19:30,Good (Good To Firm In Places),1m,I Am Superman (IRE),C. T. Keane,0,M. D. O'Callaghan,18th,1 1/2 l,7,10-0,104,True,56,25
Curragh Racing Results | 26th May 2023 19:30,N/A,19:30,Good (Good To Firm In Places),1m,All Lies Ahead (IRE),William James Lee,0,W. McCreery,17th,2 1/2 l,5,9-1,91,True,56,25
Curragh Racing Results | 26th May 2023 19:30,N/A,19:30,Good (Good To Firm In Places),1m,Earls (IRE),G. F. Carroll,0,Gavin Patrick Cromwell,16th,Neck,6,9-2t,92,True,56,25
Curragh Racing Results | 26th May 2023 19:30,N/A,19:30,Good (Good To Firm In Places),1m,Pierre Lapin (IRE),Shane Foley,0,Adrian McGuinness,15th,Neck,6,8-12p,88,True,56,25
Curragh Racing Results | 26th May 2023 19:30,N/A,19:30,Good (Good To Firm In Places),1m,San Aer (IRE),N. M. Crosse,0,Thomas Mullins,14th,1 l,5,8-10t,86,True,56,25
Curragh Racing Results | 26th May 2023 19:30,N/A,19:30,Good (Good To Firm In Places),1m,Vocal Studies (IRE),R. P. Cleary,0,J. S. Bolger,13th,Nose,4,8-7,83,True,56,25
Curragh Racing Results | 26th May 2023 19:30,N/A,19:30,Good (Good To Firm In Places),1m,Coins Cross (IRE),C. D. Hayes,0,Eddie & Patrick Harty,12th,Short Head,5,8-7,83,True,56,25
Curragh Racing Results | 26th May 2023 19:30,N/A,19:30,Good (Good To Firm In Places),1m,Tosen Wish (IRE),C. J. MacRedmond,5,Adrian McGuinness,11th,1/2 l,4,8-13t,89,True,56,25
Curragh Racing Results | 26th May 2023 19:30,N/A,19:30,Good (Good To Firm In Places),1m,Howyoulikethat (IRE),M. A. Enright,0,Miss Hilary McLoughlin,10th,1 l,6,9-2,92,True,56,25
Curragh Racing Results | 26th May 2023 19:30,N/A,19:30,Good (Good To Firm In Places),1m,Flame Of Eire (IRE),A. J. Slattery,0,A. Slattery,9th,Head,4,9-8,98,True,56,25
Curragh Racing Results | 26th May 2023 19:30,N/A,19:30,Good (Good To Firm In Places),1m,Saltonstall,Adam Caffrey,7,Adrian McGuinness,8th,3/4 l,9,9-13tp,103,True,56,25
Curragh Racing Results | 26th May 2023 19:30,N/A,19:30,Good (Good To Firm In Places),1m,Final Voyage (IRE),S. B. Kelly,0,John Patrick Murtagh,7th,Head,5,9-3,93,True,56,25
Curragh Racing Results | 26th May 2023 19:30,N/A,19:30,Good (Good To Firm In Places),1m,Gambe Veloci (IRE),Declan McDonogh,0,Joseph Patrick O'Brien,6th,Head,4,8-8,84,True,56,25
Curragh Racing Results | 26th May 2023 19:30,N/A,19:30,Good (Good To Firm In Places),1m,Current Option (IRE),D. W. O'Connor,0,Adrian McGuinness,5th,Neck,7,9-8,98,True,56,25
Curragh Racing Results | 26th May 2023 19:30,N/A,19:30,Good (Good To Firm In Places),1m,No More Porter (IRE),R. P. Whelan,0,Adrian McGuinness,4th,2 1/4 l,5,8-9p,85,True,56,25
Curragh Racing Results | 26th May 2023 19:30,N/A,19:30,Good (Good To Firm In Places),1m,Adelaise (IRE),M. P. Sheehy,0,Joseph Patrick O'Brien,3rd,1/2 l,4,8-9h1,85,True,56,25
Curragh Racing Results | 26th May 2023 19:30,N/A,19:30,Good (Good To Firm In Places),1m,Dunum (IRE),W. M. Lordan,0,Miss Natalia Lupini,2nd,Short Head,5,9-3,93,True,56,25
Curragh Racing Results | 26th May 2023 19:30,N/A,19:30,Good (Good To Firm In Places),1m,Rahmi (IRE),D. E. Sheehy,3,John Patrick Murtagh,1st,N/A,4,8-11,87,True,56,25
Curragh Racing Results | 26th May 2023 20:00,N/A,20:00,Good (Good To Firm In Places),6f,Gustavus Weston (IRE),G. F. Carroll,0,Joseph G. Murphy,15th,1/2 l,7,9-10,96,True,56,26
Curragh Racing Results | 26th May 2023 20:00,N/A,20:00,Good (Good To Firm In Places),6f,Mickey The Steel,D. B. McMonagle,0,Joseph Anthony Murray,14th,Neck,5,9-6tp,92,True,56,26
Curragh Racing Results | 26th May 2023 20:00,N/A,20:00,Good (Good To Firm In Places),6f,Heavenly Power (IRE),C. D. Hayes,0,Edward Lynam,13th,Head,5,8-9,81,True,56,26
Curragh Racing Results | 26th May 2023 20:00,N/A,20:00,Good (Good To Firm In Places),6f,Dandyville (IRE),W. M. Lordan,0,Miss Natalia Lupini,12th,2 3/4 l,5,9-4,90,True,56,26
Curragh Racing Results | 26th May 2023 20:00,N/A,20:00,Good (Good To Firm In Places),6f,Dream Today (IRE),C. J. MacRedmond,5,Adrian McGuinness,11th,1 1/4 l,8,9-2tp,88,True,56,26
Curragh Racing Results | 26th May 2023 20:00,N/A,20:00,Good (Good To Firm In Places),6f,Greek Flower (IRE),C. Horgan,7,J. J. Feane,10th,Short Head,4,8-7,79,True,56,26
Curragh Racing Results | 26th May 2023 20:00,N/A,20:00,Good (Good To Firm In Places),6f,Swift Flight (FR),R. P. Whelan,0,K. J. Condon,9th,3/4 l,5,8-9t,81,True,56,26
Curragh Racing Results | 26th May 2023 20:00,N/A,20:00,Good (Good To Firm In Places),6f,Stag Night (IRE),N. M. Crosse,0,W. McCreery,8th,1/2 l,5,9-2,88,True,56,26
Curragh Racing Results | 26th May 2023 20:00,N/A,20:00,Good (Good To Firm In Places),6f,Carrytheone,S. B. Kelly,0,John Patrick Murtagh,7th,Head,6,10-2tp1,102,True,56,26
Curragh Racing Results | 26th May 2023 20:00,N/A,20:00,Good (Good To Firm In Places),6f,Secret Magician (IRE),R. P. Cleary,0,Martin Hassett,6th,3/4 l,4,8-7,79,True,56,26
Curragh Racing Results | 26th May 2023 20:00,N/A,20:00,Good (Good To Firm In Places),6f,Anthem National (IRE),Declan McDonogh,0,Joseph Patrick O'Brien,5th,1 1/4 l,4,9-11,97,True,56,26
Curragh Racing Results | 26th May 2023 20:00,N/A,20:00,Good (Good To Firm In Places),6f,Jon Riggens (IRE),C. T. Keane,0,Edward Lynam,4th,3/4 l,5,9-0t,86,True,56,26
Curragh Racing Results | 26th May 2023 20:00,N/A,20:00,Good (Good To Firm In Places),6f,Hurricane Ivor (IRE),Shane Foley,0,Mrs J. Harrington,3rd,Neck,6,10-1,101,True,56,26
Curragh Racing Results | 26th May 2023 20:00,N/A,20:00,Good (Good To Firm In Places),6f,Laugh A Minute,Adam Caffrey,7,Adrian McGuinness,2nd,Head,8,9-6,92,True,56,26
Curragh Racing Results | 26th May 2023 20:00,N/A,20:00,Good (Good To Firm In Places),6f,Tawaazon (IRE),J. A. Powell,5,James McAuley,1st,N/A,5,9-4tb,90,True,56,26
Curragh Racing Results | 26th May 2023 20:00,N/A,20:00,Good (Good To Firm In Places),6f,Gustavus Weston (IRE),G. F. Carroll,0,Joseph G. Murphy,15th,1/2 l,7,9-10,96,True,56,26
Curragh Racing Results | 26th May 2023 20:00,N/A,20:00,Good (Good To Firm In Places),6f,Mickey The Steel,D. B. McMonagle,0,Joseph Anthony Murray,14th,Neck,5,9-6tp,92,True,56,26
Curragh Racing Results | 26th May 2023 20:00,N/A,20:00,Good (Good To Firm In Places),6f,Heavenly Power (IRE),C. D. Hayes,0,Edward Lynam,13th,Head,5,8-9,81,True,56,26
Curragh Racing Results | 26th May 2023 20:00,N/A,20:00,Good (Good To Firm In Places),6f,Dandyville (IRE),W. M. Lordan,0,Miss Natalia Lupini,12th,2 3/4 l,5,9-4,90,True,56,26
Curragh Racing Results | 26th May 2023 20:00,N/A,20:00,Good (Good To Firm In Places),6f,Dream Today (IRE),C. J. MacRedmond,5,Adrian McGuinness,11th,1 1/4 l,8,9-2tp,88,True,56,26
Curragh Racing Results | 26th May 2023 20:00,N/A,20:00,Good (Good To Firm In Places),6f,Greek Flower (IRE),C. Horgan,7,J. J. Feane,10th,Short Head,4,8-7,79,True,56,26
Curragh Racing Results | 26th May 2023 20:00,N/A,20:00,Good (Good To Firm In Places),6f,Swift Flight (FR),R. P. Whelan,0,K. J. Condon,9th,3/4 l,5,8-9t,81,True,56,26
Curragh Racing Results | 26th May 2023 20:00,N/A,20:00,Good (Good To Firm In Places),6f,Stag Night (IRE),N. M. Crosse,0,W. McCreery,8th,1/2 l,5,9-2,88,True,56,26
Curragh Racing Results | 26th May 2023 20:00,N/A,20:00,Good (Good To Firm In Places),6f,Carrytheone,S. B. Kelly,0,John Patrick Murtagh,7th,Head,6,10-2tp1,102,True,56,26
Curragh Racing Results | 26th May 2023 20:00,N/A,20:00,Good (Good To Firm In Places),6f,Secret Magician (IRE),R. P. Cleary,0,Martin Hassett,6th,3/4 l,4,8-7,79,True,56,26
Curragh Racing Results | 26th May 2023 20:00,N/A,20:00,Good (Good To Firm In Places),6f,Anthem National (IRE),Declan McDonogh,0,Joseph Patrick O'Brien,5th,1 1/4 l,4,9-11,97,True,56,26
Curragh Racing Results | 26th May 2023 20:00,N/A,20:00,Good (Good To Firm In Places),6f,Jon Riggens (IRE),C. T. Keane,0,Edward Lynam,4th,3/4 l,5,9-0t,86,True,56,26
Curragh Racing Results | 26th May 2023 20:00,N/A,20:00,Good (Good To Firm In Places),6f,Hurricane Ivor (IRE),Shane Foley,0,Mrs J. Harrington,3rd,Neck,6,10-1,101,True,56,26
Curragh Racing Results | 26th May 2023 20:00,N/A,20:00,Good (Good To Firm In Places),6f,Laugh A Minute,Adam Caffrey,7,Adrian McGuinness,2nd,Head,8,9-6,92,True,56,26
Curragh Racing Results | 26th May 2023 20:00,N/A,20:00,Good (Good To Firm In Places),6f,Tawaazon (IRE),J. A. Powell,5,James McAuley,1st,N/A,5,9-4tb,90,True,56,26
Curragh Racing Results | 26th May 2023 20:30,N/A,20:30,Good (Good To Firm In Places),1m,Extensio (IRE),Sylvia O'Donnell,10,P. F. O'Donnell,20th,Head,6,9-8,71,True,56,27
Curragh Racing Results | 26th May 2023 20:30,N/A,20:30,Good (Good To Firm In Places),1m,My Minervina (IRE),R. P. Whelan,0,Peter Fahey,19th,Short Head,5,10-0b,77,True,56,27
Curragh Racing Results | 26th May 2023 20:30,N/A,20:30,Good (Good To Firm In Places),1m,Dare to Flare (IRE),Amy Jo Hayes,7,A. Slattery,18th,3/4 l,7,10-0,77,True,56,27
Curragh Racing Results | 26th May 2023 20:30,N/A,20:30,Good (Good To Firm In Places),1m,Giselles Ausie (IRE),G. F. Carroll,0,Gavin Patrick Cromwell,17th,Head,4,10-0,77,True,56,27
Curragh Racing Results | 26th May 2023 20:30,N/A,20:30,Good (Good To Firm In Places),1m,Giuseppe Cassioli,D. N. Curran,7,Darren Bunyan,16th,Neck,6,10-1,78,True,56,27
Curragh Racing Results | 26th May 2023 20:30,N/A,20:30,Good (Good To Firm In Places),1m,Old Peculier,G. M. Ryan,0,Mark Fahey,15th,Short Head,4,9-6,69,True,56,27
Curragh Racing Results | 26th May 2023 20:30,N/A,20:30,Good (Good To Firm In Places),1m,Relevant Range (IRE),N. M. Crosse,0,Gillian Scott,14th,Neck,4,9-13p,76,True,56,27
Curragh Racing Results | 26th May 2023 20:30,N/A,20:30,Good (Good To Firm In Places),1m,Gradulations,W. M. Lordan,0,Andrew Oliver,13th,1/2 l,4,9-13,76,True,56,27
Curragh Racing Results | 26th May 2023 20:30,N/A,20:30,Good (Good To Firm In Places),1m,A Shin Undine (IRE),M. A. Enright,0,Mrs Denise Foster,12th,Head,4,9-11p,74,True,56,27
Curragh Racing Results | 26th May 2023 20:30,N/A,20:30,Good (Good To Firm In Places),1m,Benavente,J. Kearney,7,Richard John O'Brien,11th,3/4 l,5,10-2,79,True,56,27
Curragh Racing Results | 26th May 2023 20:30,N/A,20:30,Good (Good To Firm In Places),1m,Monzoon,L. F. Roche,0,Ross O'Sullivan,10th,Neck,6,9-9,72,True,56,27
Curragh Racing Results | 26th May 2023 20:30,N/A,20:30,Good (Good To Firm In Places),1m,Secret Spy,D. B. McMonagle,0,Andrew Oliver,9th,Head,4,9-8t,71,True,56,27
Curragh Racing Results | 26th May 2023 20:30,N/A,20:30,Good (Good To Firm In Places),1m,Darkdeserthighway (IRE),Siobhan Rutledge,5,M. D. O'Callaghan,8th,Head,5,9-4b,67,True,56,27
Curragh Racing Results | 26th May 2023 20:30,N/A,20:30,Good (Good To Firm In Places),1m,Facethepuckout (IRE),C. T. Keane,0,M. D. O'Callaghan,7th,3/4 l,7,10-1,78,True,56,27
Curragh Racing Results | 26th May 2023 20:30,N/A,20:30,Good (Good To Firm In Places),1m,Akmaam (FR),E. A. Murphy,10,J. F. Levins,6th,1/2 l,5,9-8,71,True,56,27
Curragh Racing Results | 26th May 2023 20:30,N/A,20:30,Good (Good To Firm In Places),1m,Eloquent Arthur,J. M. Sheridan,3,Denis Hogan,5th,1/2 l,5,9-11t,74,True,56,27
Curragh Racing Results | 26th May 2023 20:30,N/A,20:30,Good (Good To Firm In Places),1m,Helpmeout (IRE),William James Lee,0,W. McCreery,4th,3/4 l,4,9-13,76,True,56,27
Curragh Racing Results | 26th May 2023 20:30,N/A,20:30,Good (Good To Firm In Places),1m,Jaafel (IRE),C. J. MacRedmond,5,Adrian McGuinness,3rd,Neck,5,9-12t,75,True,56,27
Curragh Racing Results | 26th May 2023 20:30,N/A,20:30,Good (Good To Firm In Places),1m,Coeur d'Or (IRE),C. D. Hayes,0,D. K. Weld,2nd,1/2 l,7,10-1t,78,True,56,27
Curragh Racing Results | 26th May 2023 20:30,N/A,20:30,Good (Good To Firm In Places),1m,Sirjack Thomas (IRE),Adam Caffrey,7,Adrian McGuinness,1st,N/A,8,9-12,75,True,56,27
Curragh Racing Results | 26th May 2023 20:30,N/A,20:30,Good (Good To Firm In Places),1m,Extensio (IRE),Sylvia O'Donnell,10,P. F. O'Donnell,20th,Head,6,9-8,71,True,56,27
Curragh Racing Results | 26th May 2023 20:30,N/A,20:30,Good (Good To Firm In Places),1m,My Minervina (IRE),R. P. Whelan,0,Peter Fahey,19th,Short Head,5,10-0b,77,True,56,27
Curragh Racing Results | 26th May 2023 20:30,N/A,20:30,Good (Good To Firm In Places),1m,Dare to Flare (IRE),Amy Jo Hayes,7,A. Slattery,18th,3/4 l,7,10-0,77,True,56,27
Curragh Racing Results | 26th May 2023 20:30,N/A,20:30,Good (Good To Firm In Places),1m,Giselles Ausie (IRE),G. F. Carroll,0,Gavin Patrick Cromwell,17th,Head,4,10-0,77,True,56,27
Curragh Racing Results | 26th May 2023 20:30,N/A,20:30,Good (Good To Firm In Places),1m,Giuseppe Cassioli,D. N. Curran,7,Darren Bunyan,16th,Neck,6,10-1,78,True,56,27
Curragh Racing Results | 26th May 2023 20:30,N/A,20:30,Good (Good To Firm In Places),1m,Old Peculier,G. M. Ryan,0,Mark Fahey,15th,Short Head,4,9-6,69,True,56,27
Curragh Racing Results | 26th May 2023 20:30,N/A,20:30,Good (Good To Firm In Places),1m,Relevant Range (IRE),N. M. Crosse,0,Gillian Scott,14th,Neck,4,9-13p,76,True,56,27
Curragh Racing Results | 26th May 2023 20:30,N/A,20:30,Good (Good To Firm In Places),1m,Gradulations,W. M. Lordan,0,Andrew Oliver,13th,1/2 l,4,9-13,76,True,56,27
Curragh Racing Results | 26th May 2023 20:30,N/A,20:30,Good (Good To Firm In Places),1m,A Shin Undine (IRE),M. A. Enright,0,Mrs Denise Foster,12th,Head,4,9-11p,74,True,56,27
Curragh Racing Results | 26th May 2023 20:30,N/A,20:30,Good (Good To Firm In Places),1m,Benavente,J. Kearney,7,Richard John O'Brien,11th,3/4 l,5,10-2,79,True,56,27
Curragh Racing Results | 26th May 2023 20:30,N/A,20:30,Good (Good To Firm In Places),1m,Monzoon,L. F. Roche,0,Ross O'Sullivan,10th,Neck,6,9-9,72,True,56,27
Curragh Racing Results | 26th May 2023 20:30,N/A,20:30,Good (Good To Firm In Places),1m,Secret Spy,D. B. McMonagle,0,Andrew Oliver,9th,Head,4,9-8t,71,True,56,27
Curragh Racing Results | 26th May 2023 20:30,N/A,20:30,Good (Good To Firm In Places),1m,Darkdeserthighway (IRE),Siobhan Rutledge,5,M. D. O'Callaghan,8th,Head,5,9-4b,67,True,56,27
Curragh Racing Results | 26th May 2023 20:30,N/A,20:30,Good (Good To Firm In Places),1m,Facethepuckout (IRE),C. T. Keane,0,M. D. O'Callaghan,7th,3/4 l,7,10-1,78,True,56,27
Curragh Racing Results | 26th May 2023 20:30,N/A,20:30,Good (Good To Firm In Places),1m,Akmaam (FR),E. A. Murphy,10,J. F. Levins,6th,1/2 l,5,9-8,71,True,56,27
Curragh Racing Results | 26th May 2023 20:30,N/A,20:30,Good (Good To Firm In Places),1m,Eloquent Arthur,J. M. Sheridan,3,Denis Hogan,5th,1/2 l,5,9-11t,74,True,56,27
Curragh Racing Results | 26th May 2023 20:30,N/A,20:30,Good (Good To Firm In Places),1m,Helpmeout (IRE),William James Lee,0,W. McCreery,4th,3/4 l,4,9-13,76,True,56,27
Curragh Racing Results | 26th May 2023 20:30,N/A,20:30,Good (Good To Firm In Places),1m,Jaafel (IRE),C. J. MacRedmond,5,Adrian McGuinness,3rd,Neck,5,9-12t,75,True,56,27
Curragh Racing Results | 26th May 2023 20:30,N/A,20:30,Good (Good To Firm In Places),1m,Coeur d'Or (IRE),C. D. Hayes,0,D. K. Weld,2nd,1/2 l,7,10-1t,78,True,56,27
Curragh Racing Results | 26th May 2023 20:30,N/A,20:30,Good (Good To Firm In Places),1m,Sirjack Thomas (IRE),Adam Caffrey,7,Adrian McGuinness,1st,N/A,8,9-12,75,True,56,27
Limerick Racing Results | 26th May 2023 17:10,N/A,17:10,Good To Yielding,2m 100y,Ivy Hall (IRE),Philip Donovan,5,John Patrick Ryan,S,N/A,5,10-11,-,True,56,28
Limerick Racing Results | 26th May 2023 17:10,N/A,17:10,Good To Yielding,2m 100y,Champagne Mahler (IRE),Rachael Blackmore,0,Henry de Bromhead,PU,N/A,5,11-8,-,True,56,28
Limerick Racing Results | 26th May 2023 17:10,N/A,17:10,Good To Yielding,2m 100y,Pots and Pans (IRE),J. S. McGarvey,0,John Joseph Hanlon,F,N/A,4,10-12,-,True,56,28
Limerick Racing Results | 26th May 2023 17:10,N/A,17:10,Good To Yielding,2m 100y,Taking Control (IRE),D. King,5,Gillian Scott,15th,36 l,5,11-4,-,True,56,28
Limerick Racing Results | 26th May 2023 17:10,N/A,17:10,Good To Yielding,2m 100y,Truckers Call (IRE),D. J. O'Keeffe,0,W. J. Burke,14th,15 l,6,11-4h1,-,True,56,28
Limerick Racing Results | 26th May 2023 17:10,N/A,17:10,Good To Yielding,2m 100y,Champagne Saloon (IRE),M. P. O'Connor,5,Sean Aherne,13th,3 3/4 l,7,11-6ht1,-,True,56,28
Limerick Racing Results | 26th May 2023 17:10,N/A,17:10,Good To Yielding,2m 100y,One Cool Citizen (IRE),Jack G. Gilligan,7,Eugene M. O'Sullivan,12th,11 l,5,11-8,-,True,56,28
Limerick Racing Results | 26th May 2023 17:10,N/A,17:10,Good To Yielding,2m 100y,Tareefa Boy (IRE),Sarah Kavanagh,7,Gordon Michael Doyle,11th,17 l,7,11-4,-,True,56,28
Limerick Racing Results | 26th May 2023 17:10,N/A,17:10,Good To Yielding,2m 100y,Super Glory (IRE),Shane Fenelon,7,John Joseph Hanlon,10th,16 l,6,10-11,-,True,56,28
Limerick Racing Results | 26th May 2023 17:10,N/A,17:10,Good To Yielding,2m 100y,Mont Beuvray (IRE),D. E. Mullins,0,John Patrick Ryan,9th,4 1/2 l,5,11-4,-,True,56,28
Limerick Racing Results | 26th May 2023 17:10,N/A,17:10,Good To Yielding,2m 100y,Emily In Paris (IRE),T. Joseph Kelly,7,D. E. Fitzgerald,8th,4 1/4 l,5,10-11,-,True,56,28
Limerick Racing Results | 26th May 2023 17:10,N/A,17:10,Good To Yielding,2m 100y,Second Intention (IRE),Phillip Enright,0,E. J. O'Grady,7th,3 3/4 l,6,11-8,-,True,56,28
Limerick Racing Results | 26th May 2023 17:10,N/A,17:10,Good To Yielding,2m 100y,Ideal De Ciergues (FR),D. J. Gilligan,7,Gordon Elliott,6th,3 l,5,11-12,-,True,56,28
Limerick Racing Results | 26th May 2023 17:10,N/A,17:10,Good To Yielding,2m 100y,Manisanda,K. E. Buckley,3,Mrs Lorna Fowler,5th,3 l,7,11-5t1,-,True,56,28
Limerick Racing Results | 26th May 2023 17:10,N/A,17:10,Good To Yielding,2m 100y,Master Splinter (IRE),Mr B. Dunleavy,7,Mary E Doyle,4th,1 1/4 l,6,11-8,-,True,56,28
Limerick Racing Results | 26th May 2023 17:10,N/A,17:10,Good To Yielding,2m 100y,Angelsworknovrtime (IRE),Donagh Meyler,0,James Andrew Fahey,3rd,3 3/4 l,7,10-11h,-,True,56,28
Limerick Racing Results | 26th May 2023 17:10,N/A,17:10,Good To Yielding,2m 100y,Littlefoot (IRE),L. A. McKenna,5,Mark Molloy,2nd,3/4 l,5,11-4,-,True,56,28
Limerick Racing Results | 26th May 2023 17:10,N/A,17:10,Good To Yielding,2m 100y,My Gaffer (IRE),Liam Quinlan,5,John Patrick Ryan,1st,N/A,5,11-4,-,True,56,28
Limerick Racing Results | 26th May 2023 17:10,N/A,17:10,Good To Yielding,2m 100y,Ivy Hall (IRE),Philip Donovan,5,John Patrick Ryan,S,N/A,5,10-11,-,True,56,28
Limerick Racing Results | 26th May 2023 17:10,N/A,17:10,Good To Yielding,2m 100y,Champagne Mahler (IRE),Rachael Blackmore,0,Henry de Bromhead,PU,N/A,5,11-8,-,True,56,28
Limerick Racing Results | 26th May 2023 17:10,N/A,17:10,Good To Yielding,2m 100y,Pots and Pans (IRE),J. S. McGarvey,0,John Joseph Hanlon,F,N/A,4,10-12,-,True,56,28
Limerick Racing Results | 26th May 2023 17:10,N/A,17:10,Good To Yielding,2m 100y,Taking Control (IRE),D. King,5,Gillian Scott,15th,36 l,5,11-4,-,True,56,28
Limerick Racing Results | 26th May 2023 17:10,N/A,17:10,Good To Yielding,2m 100y,Truckers Call (IRE),D. J. O'Keeffe,0,W. J. Burke,14th,15 l,6,11-4h1,-,True,56,28
Limerick Racing Results | 26th May 2023 17:10,N/A,17:10,Good To Yielding,2m 100y,Champagne Saloon (IRE),M. P. O'Connor,5,Sean Aherne,13th,3 3/4 l,7,11-6ht1,-,True,56,28
Limerick Racing Results | 26th May 2023 17:10,N/A,17:10,Good To Yielding,2m 100y,One Cool Citizen (IRE),Jack G. Gilligan,7,Eugene M. O'Sullivan,12th,11 l,5,11-8,-,True,56,28
Limerick Racing Results | 26th May 2023 17:10,N/A,17:10,Good To Yielding,2m 100y,Tareefa Boy (IRE),Sarah Kavanagh,7,Gordon Michael Doyle,11th,17 l,7,11-4,-,True,56,28
Limerick Racing Results | 26th May 2023 17:10,N/A,17:10,Good To Yielding,2m 100y,Super Glory (IRE),Shane Fenelon,7,John Joseph Hanlon,10th,16 l,6,10-11,-,True,56,28
Limerick Racing Results | 26th May 2023 17:10,N/A,17:10,Good To Yielding,2m 100y,Mont Beuvray (IRE),D. E. Mullins,0,John Patrick Ryan,9th,4 1/2 l,5,11-4,-,True,56,28
Limerick Racing Results | 26th May 2023 17:10,N/A,17:10,Good To Yielding,2m 100y,Emily In Paris (IRE),T. Joseph Kelly,7,D. E. Fitzgerald,8th,4 1/4 l,5,10-11,-,True,56,28
Limerick Racing Results | 26th May 2023 17:10,N/A,17:10,Good To Yielding,2m 100y,Second Intention (IRE),Phillip Enright,0,E. J. O'Grady,7th,3 3/4 l,6,11-8,-,True,56,28
Limerick Racing Results | 26th May 2023 17:10,N/A,17:10,Good To Yielding,2m 100y,Ideal De Ciergues (FR),D. J. Gilligan,7,Gordon Elliott,6th,3 l,5,11-12,-,True,56,28
Limerick Racing Results | 26th May 2023 17:10,N/A,17:10,Good To Yielding,2m 100y,Manisanda,K. E. Buckley,3,Mrs Lorna Fowler,5th,3 l,7,11-5t1,-,True,56,28
Limerick Racing Results | 26th May 2023 17:10,N/A,17:10,Good To Yielding,2m 100y,Master Splinter (IRE),Mr B. Dunleavy,7,Mary E Doyle,4th,1 1/4 l,6,11-8,-,True,56,28
Limerick Racing Results | 26th May 2023 17:10,N/A,17:10,Good To Yielding,2m 100y,Angelsworknovrtime (IRE),Donagh Meyler,0,James Andrew Fahey,3rd,3 3/4 l,7,10-11h,-,True,56,28
Limerick Racing Results | 26th May 2023 17:10,N/A,17:10,Good To Yielding,2m 100y,Littlefoot (IRE),L. A. McKenna,5,Mark Molloy,2nd,3/4 l,5,11-4,-,True,56,28
Limerick Racing Results | 26th May 2023 17:10,N/A,17:10,Good To Yielding,2m 100y,My Gaffer (IRE),Liam Quinlan,5,John Patrick Ryan,1st,N/A,5,11-4,-,True,56,28
Limerick Racing Results | 26th May 2023 17:45,N/A,17:45,Good To Yielding,2m 3f,Smallcashprize (IRE),K. E. Buckley,3,Mrs Prunella Dobbs,UR,N/A,6,11-7,-,True,56,29
Limerick Racing Results | 26th May 2023 17:45,N/A,17:45,Good To Yielding,2m 3f,Cryptos Dream (IRE),Sean Flanagan,0,E. Sheehy,PU,N/A,4,11-1,-,True,56,29
Limerick Racing Results | 26th May 2023 17:45,N/A,17:45,Good To Yielding,2m 3f,Manhattan Lady (IRE),S. F. O'Keeffe,0,Mrs J. Harrington,16th,12 l,5,11-7ht1,-,True,56,29
Limerick Racing Results | 26th May 2023 17:45,N/A,17:45,Good To Yielding,2m 3f,Wee Valerie (IRE),B. W. Harvey,5,Hugh P. Finegan,15th,6 l,6,11-7t,-,True,56,29
Limerick Racing Results | 26th May 2023 17:45,N/A,17:45,Good To Yielding,2m 3f,Brianna Lily (IRE),Denis O'Regan,0,Patrick T. Foley,14th,2 3/4 l,6,11-7,-,True,56,29
Limerick Racing Results | 26th May 2023 17:45,N/A,17:45,Good To Yielding,2m 3f,Ar Aghaidh (IRE),E. Walsh,5,Hugh P. Finegan,13th,7 l,6,11-7,-,True,56,29
Limerick Racing Results | 26th May 2023 17:45,N/A,17:45,Good To Yielding,2m 3f,Laws of Glory (IRE),D. King,5,Gillian Scott,12th,1 l,6,11-7t,-,True,56,29
Limerick Racing Results | 26th May 2023 17:45,N/A,17:45,Good To Yielding,2m 3f,Mikita (USA),Reserve,7,Matthew J. Smith,11th,20 l,5,11-7t,-,True,56,29
Limerick Racing Results | 26th May 2023 17:45,N/A,17:45,Good To Yielding,2m 3f,Goodie Girl (IRE),Patrick O'Hanlon,5,Dermot Anthony McLoughlin,10th,7 l,5,11-7,-,True,56,29
Limerick Racing Results | 26th May 2023 17:45,N/A,17:45,Good To Yielding,2m 3f,Glendars Mahler (IRE),Donagh Meyler,0,James Andrew Fahey,9th,1 3/4 l,7,11-7,-,True,56,29
Limerick Racing Results | 26th May 2023 17:45,N/A,17:45,Good To Yielding,2m 3f,Miss Madeline (IRE),Liam Quinlan,5,A. Slattery,8th,8 l,5,11-7,-,True,56,29
Limerick Racing Results | 26th May 2023 17:45,N/A,17:45,Good To Yielding,2m 3f,Glory Liss (IRE),Phillip Enright,0,Terence O'Brien,7th,4 1/2 l,6,11-7,-,True,56,29
Limerick Racing Results | 26th May 2023 17:45,N/A,17:45,Good To Yielding,2m 3f,Stormalong (IRE),D. J. O'Keeffe,0,David Kenneth Budds,6th,5 l,5,11-7t,-,True,56,29
Limerick Racing Results | 26th May 2023 17:45,N/A,17:45,Good To Yielding,2m 3f,Weseekherthere (IRE),D. J. Gilligan,7,Gordon Elliott,5th,1 l,4,11-1,-,True,56,29
Limerick Racing Results | 26th May 2023 17:45,N/A,17:45,Good To Yielding,2m 3f,Lucky Viv (IRE),A. M. McCurtin,0,Michael Barry,4th,1/2 l,5,11-7,-,True,56,29
Limerick Racing Results | 26th May 2023 17:45,N/A,17:45,Good To Yielding,2m 3f,Cullagh Pride (IRE),S. D. Torrens,0,Seamus Fahey,3rd,2 l,5,11-7h1,-,True,56,29
Limerick Racing Results | 26th May 2023 17:45,N/A,17:45,Good To Yielding,2m 3f,Cash The Cheque (IRE),Conor Orr,0,Anthony McCann,2nd,6 l,5,11-7h,-,True,56,29
Limerick Racing Results | 26th May 2023 17:45,N/A,17:45,Good To Yielding,2m 3f,Space Tourist (IRE),Mr P. W. Mullins,0,W. P. Mullins,1st,N/A,6,11-7,-,True,56,29
Limerick Racing Results | 26th May 2023 17:45,N/A,17:45,Good To Yielding,2m 3f,Smallcashprize (IRE),K. E. Buckley,3,Mrs Prunella Dobbs,UR,N/A,6,11-7,-,True,56,29
Limerick Racing Results | 26th May 2023 17:45,N/A,17:45,Good To Yielding,2m 3f,Cryptos Dream (IRE),Sean Flanagan,0,E. Sheehy,PU,N/A,4,11-1,-,True,56,29
Limerick Racing Results | 26th May 2023 17:45,N/A,17:45,Good To Yielding,2m 3f,Manhattan Lady (IRE),S. F. O'Keeffe,0,Mrs J. Harrington,16th,12 l,5,11-7ht1,-,True,56,29
Limerick Racing Results | 26th May 2023 17:45,N/A,17:45,Good To Yielding,2m 3f,Wee Valerie (IRE),B. W. Harvey,5,Hugh P. Finegan,15th,6 l,6,11-7t,-,True,56,29
Limerick Racing Results | 26th May 2023 17:45,N/A,17:45,Good To Yielding,2m 3f,Brianna Lily (IRE),Denis O'Regan,0,Patrick T. Foley,14th,2 3/4 l,6,11-7,-,True,56,29
Limerick Racing Results | 26th May 2023 17:45,N/A,17:45,Good To Yielding,2m 3f,Ar Aghaidh (IRE),E. Walsh,5,Hugh P. Finegan,13th,7 l,6,11-7,-,True,56,29
Limerick Racing Results | 26th May 2023 17:45,N/A,17:45,Good To Yielding,2m 3f,Laws of Glory (IRE),D. King,5,Gillian Scott,12th,1 l,6,11-7t,-,True,56,29
Limerick Racing Results | 26th May 2023 17:45,N/A,17:45,Good To Yielding,2m 3f,Mikita (USA),Reserve,7,Matthew J. Smith,11th,20 l,5,11-7t,-,True,56,29
Limerick Racing Results | 26th May 2023 17:45,N/A,17:45,Good To Yielding,2m 3f,Goodie Girl (IRE),Patrick O'Hanlon,5,Dermot Anthony McLoughlin,10th,7 l,5,11-7,-,True,56,29
Limerick Racing Results | 26th May 2023 17:45,N/A,17:45,Good To Yielding,2m 3f,Glendars Mahler (IRE),Donagh Meyler,0,James Andrew Fahey,9th,1 3/4 l,7,11-7,-,True,56,29
Limerick Racing Results | 26th May 2023 17:45,N/A,17:45,Good To Yielding,2m 3f,Miss Madeline (IRE),Liam Quinlan,5,A. Slattery,8th,8 l,5,11-7,-,True,56,29
Limerick Racing Results | 26th May 2023 17:45,N/A,17:45,Good To Yielding,2m 3f,Glory Liss (IRE),Phillip Enright,0,Terence O'Brien,7th,4 1/2 l,6,11-7,-,True,56,29
Limerick Racing Results | 26th May 2023 17:45,N/A,17:45,Good To Yielding,2m 3f,Stormalong (IRE),D. J. O'Keeffe,0,David Kenneth Budds,6th,5 l,5,11-7t,-,True,56,29
Limerick Racing Results | 26th May 2023 17:45,N/A,17:45,Good To Yielding,2m 3f,Weseekherthere (IRE),D. J. Gilligan,7,Gordon Elliott,5th,1 l,4,11-1,-,True,56,29
Limerick Racing Results | 26th May 2023 17:45,N/A,17:45,Good To Yielding,2m 3f,Lucky Viv (IRE),A. M. McCurtin,0,Michael Barry,4th,1/2 l,5,11-7,-,True,56,29
Limerick Racing Results | 26th May 2023 17:45,N/A,17:45,Good To Yielding,2m 3f,Cullagh Pride (IRE),S. D. Torrens,0,Seamus Fahey,3rd,2 l,5,11-7h1,-,True,56,29
Limerick Racing Results | 26th May 2023 17:45,N/A,17:45,Good To Yielding,2m 3f,Cash The Cheque (IRE),Conor Orr,0,Anthony McCann,2nd,6 l,5,11-7h,-,True,56,29
Limerick Racing Results | 26th May 2023 17:45,N/A,17:45,Good To Yielding,2m 3f,Space Tourist (IRE),Mr P. W. Mullins,0,W. P. Mullins,1st,N/A,6,11-7,-,True,56,29
Limerick Racing Results | 26th May 2023 18:15,N/A,18:15,Good To Yielding,2m 3f,Sixty Seconds (IRE),C. P. McNamara,0,Eric McNamara,PU,N/A,6,11-9,90,True,56,30
Limerick Racing Results | 26th May 2023 18:15,N/A,18:15,Good To Yielding,2m 3f,Plusthevat (IRE),D. E. Mullins,0,P. A. Fahy,15th,6 l,7,11-8h1,89,True,56,30
Limerick Racing Results | 26th May 2023 18:15,N/A,18:15,Good To Yielding,2m 3f,Mr Macphisto (IRE),Keith Donoghue,0,Eoin Griffin,14th,9 1/2 l,7,11-5t1,86,True,56,30
Limerick Racing Results | 26th May 2023 18:15,N/A,18:15,Good To Yielding,2m 3f,Miala Araya (IRE),Niall Moore,7,Mark Cahill,13th,6 l,8,10-13,80,True,56,30
Limerick Racing Results | 26th May 2023 18:15,N/A,18:15,Good To Yielding,2m 3f,Tullig Wood (IRE),Phillip Enright,0,Thomas Cooper,12th,Short Head,6,11-4,85,True,56,30
Limerick Racing Results | 26th May 2023 18:15,N/A,18:15,Good To Yielding,2m 3f,Social Distancing (BAR),J. P. O'Sullivan,5,Neill McCluskey,11th,3 3/4 l,6,11-2,83,True,56,30
Limerick Racing Results | 26th May 2023 18:15,N/A,18:15,Good To Yielding,2m 3f,Darkest Dawn (IRE),B. P. Kennedy,7,J. F. O'Shea,10th,4 3/4 l,5,10-13b,80,True,56,30
Limerick Racing Results | 26th May 2023 18:15,N/A,18:15,Good To Yielding,2m 3f,Flyin Hawaiian,S. F. O'Keeffe,0,Paul Nolan,9th,1 3/4 l,5,11-9,90,True,56,30
Limerick Racing Results | 26th May 2023 18:15,N/A,18:15,Good To Yielding,2m 3f,Up the Club (IRE),D. J. O'Keeffe,0,D. E. Fitzgerald,8th,1 l,7,11-5,86,True,56,30
Limerick Racing Results | 26th May 2023 18:15,N/A,18:15,Good To Yielding,2m 3f,War God (IRE),C. Owens,7,R. Donohoe,7th,16 l,8,11-5t,86,True,56,30
Limerick Racing Results | 26th May 2023 18:15,N/A,18:15,Good To Yielding,2m 3f,Kanors Girl (IRE),Patrick O'Hanlon,5,Dermot Anthony McLoughlin,6th,1/2 l,6,11-2,83,True,56,30
Limerick Racing Results | 26th May 2023 18:15,N/A,18:15,Good To Yielding,2m 3f,Walk In Time (IRE),Denis O'Regan,0,David Harry Kelly,5th,13 l,6,11-5,86,True,56,30
Limerick Racing Results | 26th May 2023 18:15,N/A,18:15,Good To Yielding,2m 3f,Lilian Bland (IRE),Mr M. J. Sweeney,7,Niall Patrick Hennessy,4th,1 1/2 l,7,11-9h,90,True,56,30
Limerick Racing Results | 26th May 2023 18:15,N/A,18:15,Good To Yielding,2m 3f,Huit Reflets (FR),J. J. Slevin,0,Miss Elizabeth Doyle,3rd,1 1/4 l,6,11-6,87,True,56,30
Limerick Racing Results | 26th May 2023 18:15,N/A,18:15,Good To Yielding,2m 3f,Dragon's Pass (IRE),D. J. Gilligan,7,Mrs Denise Foster,2nd,11 l,7,11-12t,93,True,56,30
Limerick Racing Results | 26th May 2023 18:15,N/A,18:15,Good To Yielding,2m 3f,Reflectionist (FR),Sean Flanagan,0,Gavin Patrick Cromwell,1st,N/A,6,11-11ht,92,True,56,30
Limerick Racing Results | 26th May 2023 18:15,N/A,18:15,Good To Yielding,2m 3f,Sixty Seconds (IRE),C. P. McNamara,0,Eric McNamara,PU,N/A,6,11-9,90,True,56,30
Limerick Racing Results | 26th May 2023 18:15,N/A,18:15,Good To Yielding,2m 3f,Plusthevat (IRE),D. E. Mullins,0,P. A. Fahy,15th,6 l,7,11-8h1,89,True,56,30
Limerick Racing Results | 26th May 2023 18:15,N/A,18:15,Good To Yielding,2m 3f,Mr Macphisto (IRE),Keith Donoghue,0,Eoin Griffin,14th,9 1/2 l,7,11-5t1,86,True,56,30
Limerick Racing Results | 26th May 2023 18:15,N/A,18:15,Good To Yielding,2m 3f,Miala Araya (IRE),Niall Moore,7,Mark Cahill,13th,6 l,8,10-13,80,True,56,30
Limerick Racing Results | 26th May 2023 18:15,N/A,18:15,Good To Yielding,2m 3f,Tullig Wood (IRE),Phillip Enright,0,Thomas Cooper,12th,Short Head,6,11-4,85,True,56,30
Limerick Racing Results | 26th May 2023 18:15,N/A,18:15,Good To Yielding,2m 3f,Social Distancing (BAR),J. P. O'Sullivan,5,Neill McCluskey,11th,3 3/4 l,6,11-2,83,True,56,30
Limerick Racing Results | 26th May 2023 18:15,N/A,18:15,Good To Yielding,2m 3f,Darkest Dawn (IRE),B. P. Kennedy,7,J. F. O'Shea,10th,4 3/4 l,5,10-13b,80,True,56,30
Limerick Racing Results | 26th May 2023 18:15,N/A,18:15,Good To Yielding,2m 3f,Flyin Hawaiian,S. F. O'Keeffe,0,Paul Nolan,9th,1 3/4 l,5,11-9,90,True,56,30
Limerick Racing Results | 26th May 2023 18:15,N/A,18:15,Good To Yielding,2m 3f,Up the Club (IRE),D. J. O'Keeffe,0,D. E. Fitzgerald,8th,1 l,7,11-5,86,True,56,30
Limerick Racing Results | 26th May 2023 18:15,N/A,18:15,Good To Yielding,2m 3f,War God (IRE),C. Owens,7,R. Donohoe,7th,16 l,8,11-5t,86,True,56,30
Limerick Racing Results | 26th May 2023 18:15,N/A,18:15,Good To Yielding,2m 3f,Kanors Girl (IRE),Patrick O'Hanlon,5,Dermot Anthony McLoughlin,6th,1/2 l,6,11-2,83,True,56,30
Limerick Racing Results | 26th May 2023 18:15,N/A,18:15,Good To Yielding,2m 3f,Walk In Time (IRE),Denis O'Regan,0,David Harry Kelly,5th,13 l,6,11-5,86,True,56,30
Limerick Racing Results | 26th May 2023 18:15,N/A,18:15,Good To Yielding,2m 3f,Lilian Bland (IRE),Mr M. J. Sweeney,7,Niall Patrick Hennessy,4th,1 1/2 l,7,11-9h,90,True,56,30
Limerick Racing Results | 26th May 2023 18:15,N/A,18:15,Good To Yielding,2m 3f,Huit Reflets (FR),J. J. Slevin,0,Miss Elizabeth Doyle,3rd,1 1/4 l,6,11-6,87,True,56,30
Limerick Racing Results | 26th May 2023 18:15,N/A,18:15,Good To Yielding,2m 3f,Dragon's Pass (IRE),D. J. Gilligan,7,Mrs Denise Foster,2nd,11 l,7,11-12t,93,True,56,30
Limerick Racing Results | 26th May 2023 18:15,N/A,18:15,Good To Yielding,2m 3f,Reflectionist (FR),Sean Flanagan,0,Gavin Patrick Cromwell,1st,N/A,6,11-11ht,92,True,56,30
Limerick Racing Results | 26th May 2023 18:45,N/A,18:45,Good To Yielding,2m 3f,Toon Town (IRE),A. M. McCurtin,0,Brendan Maurice Walsh,PU,N/A,6,11-7,88,True,56,31
Limerick Racing Results | 26th May 2023 18:45,N/A,18:45,Good To Yielding,2m 3f,Dromore Warrior (IRE),Donagh Meyler,0,James Andrew Fahey,PU,N/A,6,11-4,85,True,56,31
Limerick Racing Results | 26th May 2023 18:45,N/A,18:45,Good To Yielding,2m 3f,Roman Parish (IRE),Sean Flanagan,0,David M. O'Brien,PU,N/A,5,11-11,92,True,56,31
Limerick Racing Results | 26th May 2023 18:45,N/A,18:45,Good To Yielding,2m 3f,My Little Lily (IRE),Niall Moore,7,S. M. Duffy,14th,15 l,6,11-1v1,82,True,56,31
Limerick Racing Results | 26th May 2023 18:45,N/A,18:45,Good To Yielding,2m 3f,Ramble on Muller (IRE),D. E. Mullins,0,P. A. Fahy,13th,1 1/2 l,7,11-2,83,True,56,31
Limerick Racing Results | 26th May 2023 18:45,N/A,18:45,Good To Yielding,2m 3f,Corkbeg (IRE),Denis O'Regan,0,David Harry Kelly,12th,20 l,6,12-0ht,95,True,56,31
Limerick Racing Results | 26th May 2023 18:45,N/A,18:45,Good To Yielding,2m 3f,One More Lass (IRE),Liam Quinlan,5,Ms M. Flynn,11th,24 l,9,10-13,80,True,56,31
Limerick Racing Results | 26th May 2023 18:45,N/A,18:45,Good To Yielding,2m 3f,Flyaway Maggie (IRE),Patrick O'Hanlon,5,Michael Flannery,10th,4 3/4 l,5,10-13t,80,True,56,31
Limerick Racing Results | 26th May 2023 18:45,N/A,18:45,Good To Yielding,2m 3f,Millies Dream (IRE),Keith Donoghue,0,Gavin Patrick Cromwell,9th,1/2 l,5,11-9,90,True,56,31
Limerick Racing Results | 26th May 2023 18:45,N/A,18:45,Good To Yielding,2m 3f,In A Nice Way (IRE),Shane O'Callaghan,7,Stephen Ryan,8th,Short Head,7,11-9p1,90,True,56,31
Limerick Racing Results | 26th May 2023 18:45,N/A,18:45,Good To Yielding,2m 3f,Brehon Star (IRE),S. F. O'Keeffe,0,Shane Crawley,7th,1 3/4 l,5,11-5,86,True,56,31
Limerick Racing Results | 26th May 2023 18:45,N/A,18:45,Good To Yielding,2m 3f,Londonofficecallin (IRE),C. P. McNamara,0,Eric McNamara,6th,3/4 l,6,10-13,80,True,56,31
Limerick Racing Results | 26th May 2023 18:45,N/A,18:45,Good To Yielding,2m 3f,Kilmurry Jj (IRE),J. J. Slevin,0,Michael Barry,5th,3 1/2 l,6,11-9t,90,True,56,31
Limerick Racing Results | 26th May 2023 18:45,N/A,18:45,Good To Yielding,2m 3f,Roccorionach (IRE),N. T. Prendergast,7,T. Shanahan,4th,3 1/4 l,6,10-13,80,True,56,31
Limerick Racing Results | 26th May 2023 18:45,N/A,18:45,Good To Yielding,2m 3f,Susie Miller (IRE),Phillip Enright,0,S. Curling,3rd,6 1/2 l,7,12-0,95,True,56,31
Limerick Racing Results | 26th May 2023 18:45,N/A,18:45,Good To Yielding,2m 3f,Macs Lady (IRE),B. W. Harvey,5,Shane Kieran Ryder,2nd,2 1/2 l,5,11-2,83,True,56,31
Limerick Racing Results | 26th May 2023 18:45,N/A,18:45,Good To Yielding,2m 3f,Bal Kauto (FR),S. Fitzgerald,3,Declan Queally,1st,N/A,6,11-0ht1,81,True,56,31
Limerick Racing Results | 26th May 2023 18:45,N/A,18:45,Good To Yielding,2m 3f,Toon Town (IRE),A. M. McCurtin,0,Brendan Maurice Walsh,PU,N/A,6,11-7,88,True,56,31
Limerick Racing Results | 26th May 2023 18:45,N/A,18:45,Good To Yielding,2m 3f,Dromore Warrior (IRE),Donagh Meyler,0,James Andrew Fahey,PU,N/A,6,11-4,85,True,56,31
Limerick Racing Results | 26th May 2023 18:45,N/A,18:45,Good To Yielding,2m 3f,Roman Parish (IRE),Sean Flanagan,0,David M. O'Brien,PU,N/A,5,11-11,92,True,56,31
Limerick Racing Results | 26th May 2023 18:45,N/A,18:45,Good To Yielding,2m 3f,My Little Lily (IRE),Niall Moore,7,S. M. Duffy,14th,15 l,6,11-1v1,82,True,56,31
Limerick Racing Results | 26th May 2023 18:45,N/A,18:45,Good To Yielding,2m 3f,Ramble on Muller (IRE),D. E. Mullins,0,P. A. Fahy,13th,1 1/2 l,7,11-2,83,True,56,31
Limerick Racing Results | 26th May 2023 18:45,N/A,18:45,Good To Yielding,2m 3f,Corkbeg (IRE),Denis O'Regan,0,David Harry Kelly,12th,20 l,6,12-0ht,95,True,56,31
Limerick Racing Results | 26th May 2023 18:45,N/A,18:45,Good To Yielding,2m 3f,One More Lass (IRE),Liam Quinlan,5,Ms M. Flynn,11th,24 l,9,10-13,80,True,56,31
Limerick Racing Results | 26th May 2023 18:45,N/A,18:45,Good To Yielding,2m 3f,Flyaway Maggie (IRE),Patrick O'Hanlon,5,Michael Flannery,10th,4 3/4 l,5,10-13t,80,True,56,31
Limerick Racing Results | 26th May 2023 18:45,N/A,18:45,Good To Yielding,2m 3f,Millies Dream (IRE),Keith Donoghue,0,Gavin Patrick Cromwell,9th,1/2 l,5,11-9,90,True,56,31
Limerick Racing Results | 26th May 2023 18:45,N/A,18:45,Good To Yielding,2m 3f,In A Nice Way (IRE),Shane O'Callaghan,7,Stephen Ryan,8th,Short Head,7,11-9p1,90,True,56,31
Limerick Racing Results | 26th May 2023 18:45,N/A,18:45,Good To Yielding,2m 3f,Brehon Star (IRE),S. F. O'Keeffe,0,Shane Crawley,7th,1 3/4 l,5,11-5,86,True,56,31
Limerick Racing Results | 26th May 2023 18:45,N/A,18:45,Good To Yielding,2m 3f,Londonofficecallin (IRE),C. P. McNamara,0,Eric McNamara,6th,3/4 l,6,10-13,80,True,56,31
Limerick Racing Results | 26th May 2023 18:45,N/A,18:45,Good To Yielding,2m 3f,Kilmurry Jj (IRE),J. J. Slevin,0,Michael Barry,5th,3 1/2 l,6,11-9t,90,True,56,31
Limerick Racing Results | 26th May 2023 18:45,N/A,18:45,Good To Yielding,2m 3f,Roccorionach (IRE),N. T. Prendergast,7,T. Shanahan,4th,3 1/4 l,6,10-13,80,True,56,31
Limerick Racing Results | 26th May 2023 18:45,N/A,18:45,Good To Yielding,2m 3f,Susie Miller (IRE),Phillip Enright,0,S. Curling,3rd,6 1/2 l,7,12-0,95,True,56,31
Limerick Racing Results | 26th May 2023 18:45,N/A,18:45,Good To Yielding,2m 3f,Macs Lady (IRE),B. W. Harvey,5,Shane Kieran Ryder,2nd,2 1/2 l,5,11-2,83,True,56,31
Limerick Racing Results | 26th May 2023 18:45,N/A,18:45,Good To Yielding,2m 3f,Bal Kauto (FR),S. Fitzgerald,3,Declan Queally,1st,N/A,6,11-0ht1,81,True,56,31
Limerick Racing Results | 26th May 2023 19:15,N/A,19:15,Good To Yielding,2m 3f,Sarah's Soldier (IRE),D. E. Mullins,0,P. A. Fahy,PU,N/A,5,11-1,95,True,56,32
Limerick Racing Results | 26th May 2023 19:15,N/A,19:15,Good To Yielding,2m 3f,Instant Return (IRE),Shane Fenelon,7,John Joseph Hanlon,16th,30 l,7,12-0,108,True,56,32
Limerick Racing Results | 26th May 2023 19:15,N/A,19:15,Good To Yielding,2m 3f,Mont Athena,J. J. Slevin,0,Anthony McCann,15th,18 l,4,10-2,88,True,56,32
Limerick Racing Results | 26th May 2023 19:15,N/A,19:15,Good To Yielding,2m 3f,No Bodder (IRE),Donagh Meyler,0,Anthony Mullins,14th,11 l,7,10-13,93,True,56,32
Limerick Racing Results | 26th May 2023 19:15,N/A,19:15,Good To Yielding,2m 3f,Leroy Leroy,D. J. O'Keeffe,0,John Joseph Hanlon,13th,4 1/2 l,7,11-1,95,True,56,32
Limerick Racing Results | 26th May 2023 19:15,N/A,19:15,Good To Yielding,2m 3f,Gekkota (FR),Phillip Enright,0,T. J. O'Mara,12th,10 l,7,11-10,104,True,56,32
Limerick Racing Results | 26th May 2023 19:15,N/A,19:15,Good To Yielding,2m 3f,Rebel Waltz (IRE),R. P. Geoghegan,7,T. J. Nagle Jnr,11th,Neck,9,11-8,102,True,56,32
Limerick Racing Results | 26th May 2023 19:15,N/A,19:15,Good To Yielding,2m 3f,Farceur De Sivola (FR),Liam Quinlan,5,John Patrick Ryan,10th,9 l,8,11-1,95,True,56,32
Limerick Racing Results | 26th May 2023 19:15,N/A,19:15,Good To Yielding,2m 3f,Deep Pockets (FR),A. M. McCurtin,0,Eoin Christopher McCarthy,9th,2 1/4 l,5,11-0t,94,True,56,32
Limerick Racing Results | 26th May 2023 19:15,N/A,19:15,Good To Yielding,2m 3f,Bear Claws (IRE),C. P. McNamara,0,Eric McNamara,8th,8 l,7,10-13t,93,True,56,32
Limerick Racing Results | 26th May 2023 19:15,N/A,19:15,Good To Yielding,2m 3f,Ricky Langford (IRE),Patrick O'Hanlon,5,P. J. Rothwell,7th,2 1/4 l,9,10-6,86,True,56,32
Limerick Racing Results | 26th May 2023 19:15,N/A,19:15,Good To Yielding,2m 3f,Trendy Lady (IRE),M. P. O'Connor,5,Henry de Bromhead,6th,Neck,7,11-6t,100,True,56,32
Limerick Racing Results | 26th May 2023 19:15,N/A,19:15,Good To Yielding,2m 3f,Figurehead (IRE),S. F. O'Keeffe,0,Sean Aherne,5th,3 1/4 l,6,11-8h1,102,True,56,32
Limerick Racing Results | 26th May 2023 19:15,N/A,19:15,Good To Yielding,2m 3f,Cloudy Fountain (IRE),Sean Flanagan,0,W. J. Burke,4th,6 1/2 l,5,10-6,86,True,56,32
Limerick Racing Results | 26th May 2023 19:15,N/A,19:15,Good To Yielding,2m 3f,Rathnaleen Kal (IRE),G. B. Noonan,5,Eoin Christopher McCarthy,3rd,2 3/4 l,6,11-4,98,True,56,32
Limerick Racing Results | 26th May 2023 19:15,N/A,19:15,Good To Yielding,2m 3f,Atimetodream (IRE),Rachael Blackmore,0,Henry de Bromhead,2nd,3 3/4 l,5,11-5,99,True,56,32
Limerick Racing Results | 26th May 2023 19:15,N/A,19:15,Good To Yielding,2m 3f,I Don't Get It (IRE),J. P. O'Sullivan,5,Neill McCluskey,1st,N/A,9,11-8,102,True,56,32
Limerick Racing Results | 26th May 2023 19:15,N/A,19:15,Good To Yielding,2m 3f,Sarah's Soldier (IRE),D. E. Mullins,0,P. A. Fahy,PU,N/A,5,11-1,95,True,56,32
Limerick Racing Results | 26th May 2023 19:15,N/A,19:15,Good To Yielding,2m 3f,Instant Return (IRE),Shane Fenelon,7,John Joseph Hanlon,16th,30 l,7,12-0,108,True,56,32
Limerick Racing Results | 26th May 2023 19:15,N/A,19:15,Good To Yielding,2m 3f,Mont Athena,J. J. Slevin,0,Anthony McCann,15th,18 l,4,10-2,88,True,56,32
Limerick Racing Results | 26th May 2023 19:15,N/A,19:15,Good To Yielding,2m 3f,No Bodder (IRE),Donagh Meyler,0,Anthony Mullins,14th,11 l,7,10-13,93,True,56,32
Limerick Racing Results | 26th May 2023 19:15,N/A,19:15,Good To Yielding,2m 3f,Leroy Leroy,D. J. O'Keeffe,0,John Joseph Hanlon,13th,4 1/2 l,7,11-1,95,True,56,32
Limerick Racing Results | 26th May 2023 19:15,N/A,19:15,Good To Yielding,2m 3f,Gekkota (FR),Phillip Enright,0,T. J. O'Mara,12th,10 l,7,11-10,104,True,56,32
Limerick Racing Results | 26th May 2023 19:15,N/A,19:15,Good To Yielding,2m 3f,Rebel Waltz (IRE),R. P. Geoghegan,7,T. J. Nagle Jnr,11th,Neck,9,11-8,102,True,56,32
Limerick Racing Results | 26th May 2023 19:15,N/A,19:15,Good To Yielding,2m 3f,Farceur De Sivola (FR),Liam Quinlan,5,John Patrick Ryan,10th,9 l,8,11-1,95,True,56,32
Limerick Racing Results | 26th May 2023 19:15,N/A,19:15,Good To Yielding,2m 3f,Deep Pockets (FR),A. M. McCurtin,0,Eoin Christopher McCarthy,9th,2 1/4 l,5,11-0t,94,True,56,32
Limerick Racing Results | 26th May 2023 19:15,N/A,19:15,Good To Yielding,2m 3f,Bear Claws (IRE),C. P. McNamara,0,Eric McNamara,8th,8 l,7,10-13t,93,True,56,32
Limerick Racing Results | 26th May 2023 19:15,N/A,19:15,Good To Yielding,2m 3f,Ricky Langford (IRE),Patrick O'Hanlon,5,P. J. Rothwell,7th,2 1/4 l,9,10-6,86,True,56,32
Limerick Racing Results | 26th May 2023 19:15,N/A,19:15,Good To Yielding,2m 3f,Trendy Lady (IRE),M. P. O'Connor,5,Henry de Bromhead,6th,Neck,7,11-6t,100,True,56,32
Limerick Racing Results | 26th May 2023 19:15,N/A,19:15,Good To Yielding,2m 3f,Figurehead (IRE),S. F. O'Keeffe,0,Sean Aherne,5th,3 1/4 l,6,11-8h1,102,True,56,32
Limerick Racing Results | 26th May 2023 19:15,N/A,19:15,Good To Yielding,2m 3f,Cloudy Fountain (IRE),Sean Flanagan,0,W. J. Burke,4th,6 1/2 l,5,10-6,86,True,56,32
Limerick Racing Results | 26th May 2023 19:15,N/A,19:15,Good To Yielding,2m 3f,Rathnaleen Kal (IRE),G. B. Noonan,5,Eoin Christopher McCarthy,3rd,2 3/4 l,6,11-4,98,True,56,32
Limerick Racing Results | 26th May 2023 19:15,N/A,19:15,Good To Yielding,2m 3f,Atimetodream (IRE),Rachael Blackmore,0,Henry de Bromhead,2nd,3 3/4 l,5,11-5,99,True,56,32
Limerick Racing Results | 26th May 2023 19:15,N/A,19:15,Good To Yielding,2m 3f,I Don't Get It (IRE),J. P. O'Sullivan,5,Neill McCluskey,1st,N/A,9,11-8,102,True,56,32
Limerick Racing Results | 26th May 2023 19:45,N/A,19:45,Good To Yielding,2m 6f,Portnacoo (IRE),L. A. McKenna,5,Jamie Albert Sloan,PU,N/A,5,11-6,94,True,56,33
Limerick Racing Results | 26th May 2023 19:45,N/A,19:45,Good To Yielding,2m 6f,Sheephaven Flyer (IRE),Rachael Blackmore,0,Henry de Bromhead,PU,N/A,5,11-6,94,True,56,33
Limerick Racing Results | 26th May 2023 19:45,N/A,19:45,Good To Yielding,2m 6f,Prussia with Love,Gavin Peter Brouder,5,Shane Crawley,PU,N/A,9,11-11t1,99,True,56,33
Limerick Racing Results | 26th May 2023 19:45,N/A,19:45,Good To Yielding,2m 6f,All Walks Of Life (IRE),C. G. O'Dwyer,5,M. Hourigan,PU,N/A,5,12-0,102,True,56,33
Limerick Racing Results | 26th May 2023 19:45,N/A,19:45,Good To Yielding,2m 6f,Elusive Sea (IRE),B. W. Harvey,5,Gordon Elliott,F,N/A,6,11-4tp1,92,True,56,33
Limerick Racing Results | 26th May 2023 19:45,N/A,19:45,Good To Yielding,2m 6f,Double Jubilee (IRE),C. Smithers,7,J. G. Murray,13th,9 1/2 l,9,11-4p1,92,True,56,33
Limerick Racing Results | 26th May 2023 19:45,N/A,19:45,Good To Yielding,2m 6f,Elegant Dan (IRE),Sean Flanagan,0,David M. O'Brien,12th,4 l,10,11-3,91,True,56,33
Limerick Racing Results | 26th May 2023 19:45,N/A,19:45,Good To Yielding,2m 6f,Finding Freedom (IRE),Shane Fenelon,7,John Joseph Hanlon,11th,7 l,5,11-1,89,True,56,33
Limerick Racing Results | 26th May 2023 19:45,N/A,19:45,Good To Yielding,2m 6f,Carnet De Stage (IRE),Jack G. Gilligan,7,Eugene M. O'Sullivan,10th,3 1/2 l,8,11-3p,91,True,56,33
Limerick Racing Results | 26th May 2023 19:45,N/A,19:45,Good To Yielding,2m 6f,Just Hannah (IRE),Conor Orr,0,Charles Byrnes,9th,4 3/4 l,6,11-6,94,True,56,33
Limerick Racing Results | 26th May 2023 19:45,N/A,19:45,Good To Yielding,2m 6f,Saint Bernadette (IRE),N. T. Prendergast,7,John Patrick Ryan,8th,2 l,6,11-3,91,True,56,33
Limerick Racing Results | 26th May 2023 19:45,N/A,19:45,Good To Yielding,2m 6f,Unheralded (IRE),R. P. Geoghegan,7,T. J. Nagle Jnr,7th,7 1/2 l,7,11-5,93,True,56,33
Limerick Racing Results | 26th May 2023 19:45,N/A,19:45,Good To Yielding,2m 6f,Battle of Benburb (IRE),K. E. Buckley,3,John McConnell,6th,2 1/2 l,6,11-3t,91,True,56,33
Limerick Racing Results | 26th May 2023 19:45,N/A,19:45,Good To Yielding,2m 6f,Jakie Mac (IRE),D. King,5,Damian Murphy,5th,Neck,7,11-11h,99,True,56,33
Limerick Racing Results | 26th May 2023 19:45,N/A,19:45,Good To Yielding,2m 6f,Who's Houdini (IRE),J. J. Slevin,0,John Joseph Hanlon,4th,3/4 l,7,11-8,96,True,56,33
Limerick Racing Results | 26th May 2023 19:45,N/A,19:45,Good To Yielding,2m 6f,Dylan Lombardy (IRE),G. B. Noonan,5,Eoin Christopher McCarthy,3rd,10 l,7,11-5t,93,True,56,33
Limerick Racing Results | 26th May 2023 19:45,N/A,19:45,Good To Yielding,2m 6f,Tilloughna (IRE),D. J. O'Keeffe,0,David Kenneth Budds,2nd,3/4 l,5,11-9t,97,True,56,33
Limerick Racing Results | 26th May 2023 19:45,N/A,19:45,Good To Yielding,2m 6f,Arctic Ambition (IRE),D. J. Gilligan,7,Gordon Elliott,1st,N/A,8,11-0,88,True,56,33
Limerick Racing Results | 26th May 2023 19:45,N/A,19:45,Good To Yielding,2m 6f,Portnacoo (IRE),L. A. McKenna,5,Jamie Albert Sloan,PU,N/A,5,11-6,94,True,56,33
Limerick Racing Results | 26th May 2023 19:45,N/A,19:45,Good To Yielding,2m 6f,Sheephaven Flyer (IRE),Rachael Blackmore,0,Henry de Bromhead,PU,N/A,5,11-6,94,True,56,33
Limerick Racing Results | 26th May 2023 19:45,N/A,19:45,Good To Yielding,2m 6f,Prussia with Love,Gavin Peter Brouder,5,Shane Crawley,PU,N/A,9,11-11t1,99,True,56,33
Limerick Racing Results | 26th May 2023 19:45,N/A,19:45,Good To Yielding,2m 6f,All Walks Of Life (IRE),C. G. O'Dwyer,5,M. Hourigan,PU,N/A,5,12-0,102,True,56,33
Limerick Racing Results | 26th May 2023 19:45,N/A,19:45,Good To Yielding,2m 6f,Elusive Sea (IRE),B. W. Harvey,5,Gordon Elliott,F,N/A,6,11-4tp1,92,True,56,33
Limerick Racing Results | 26th May 2023 19:45,N/A,19:45,Good To Yielding,2m 6f,Double Jubilee (IRE),C. Smithers,7,J. G. Murray,13th,9 1/2 l,9,11-4p1,92,True,56,33
Limerick Racing Results | 26th May 2023 19:45,N/A,19:45,Good To Yielding,2m 6f,Elegant Dan (IRE),Sean Flanagan,0,David M. O'Brien,12th,4 l,10,11-3,91,True,56,33
Limerick Racing Results | 26th May 2023 19:45,N/A,19:45,Good To Yielding,2m 6f,Finding Freedom (IRE),Shane Fenelon,7,John Joseph Hanlon,11th,7 l,5,11-1,89,True,56,33
Limerick Racing Results | 26th May 2023 19:45,N/A,19:45,Good To Yielding,2m 6f,Carnet De Stage (IRE),Jack G. Gilligan,7,Eugene M. O'Sullivan,10th,3 1/2 l,8,11-3p,91,True,56,33
Limerick Racing Results | 26th May 2023 19:45,N/A,19:45,Good To Yielding,2m 6f,Just Hannah (IRE),Conor Orr,0,Charles Byrnes,9th,4 3/4 l,6,11-6,94,True,56,33
Limerick Racing Results | 26th May 2023 19:45,N/A,19:45,Good To Yielding,2m 6f,Saint Bernadette (IRE),N. T. Prendergast,7,John Patrick Ryan,8th,2 l,6,11-3,91,True,56,33
Limerick Racing Results | 26th May 2023 19:45,N/A,19:45,Good To Yielding,2m 6f,Unheralded (IRE),R. P. Geoghegan,7,T. J. Nagle Jnr,7th,7 1/2 l,7,11-5,93,True,56,33
Limerick Racing Results | 26th May 2023 19:45,N/A,19:45,Good To Yielding,2m 6f,Battle of Benburb (IRE),K. E. Buckley,3,John McConnell,6th,2 1/2 l,6,11-3t,91,True,56,33
Limerick Racing Results | 26th May 2023 19:45,N/A,19:45,Good To Yielding,2m 6f,Jakie Mac (IRE),D. King,5,Damian Murphy,5th,Neck,7,11-11h,99,True,56,33
Limerick Racing Results | 26th May 2023 19:45,N/A,19:45,Good To Yielding,2m 6f,Who's Houdini (IRE),J. J. Slevin,0,John Joseph Hanlon,4th,3/4 l,7,11-8,96,True,56,33
Limerick Racing Results | 26th May 2023 19:45,N/A,19:45,Good To Yielding,2m 6f,Dylan Lombardy (IRE),G. B. Noonan,5,Eoin Christopher McCarthy,3rd,10 l,7,11-5t,93,True,56,33
Limerick Racing Results | 26th May 2023 19:45,N/A,19:45,Good To Yielding,2m 6f,Tilloughna (IRE),D. J. O'Keeffe,0,David Kenneth Budds,2nd,3/4 l,5,11-9t,97,True,56,33
Limerick Racing Results | 26th May 2023 19:45,N/A,19:45,Good To Yielding,2m 6f,Arctic Ambition (IRE),D. J. Gilligan,7,Gordon Elliott,1st,N/A,8,11-0,88,True,56,33
Limerick Racing Results | 26th May 2023 20:15,N/A,20:15,Good To Yielding,2m 100y,Lodge Lucy (IRE),Mr P. W. Gleeson,7,P. F. O'Donnell,18th,92 l,5,11-11,-,True,56,34
Limerick Racing Results | 26th May 2023 20:15,N/A,20:15,Good To Yielding,2m 100y,Magical Lass (IRE),Mr D. J. Walsh,7,Brendan Maurice Walsh,17th,73 l,6,11-11,-,True,56,34
Limerick Racing Results | 26th May 2023 20:15,N/A,20:15,Good To Yielding,2m 100y,Robin Des Boston (IRE),Mr A. O. Harrington,7,Sabrina J. Harty,16th,7 1/2 l,5,11-11,-,True,56,34
Limerick Racing Results | 26th May 2023 20:15,N/A,20:15,Good To Yielding,2m 100y,Gatewood Girl (IRE),Mr P. J. O'Neill,7,Gerard Kyne,15th,2 1/2 l,6,11-11,-,True,56,34
Limerick Racing Results | 26th May 2023 20:15,N/A,20:15,Good To Yielding,2m 100y,Missus Beeton (IRE),Mr A. P. Ryan,7,Shane Nolan,14th,4 1/2 l,5,11-11,-,True,56,34
Limerick Racing Results | 26th May 2023 20:15,N/A,20:15,Good To Yielding,2m 100y,Onebrightbluerose (IRE),Mr C. J. Shine,7,Patrick Cronin,13th,27 l,4,11-5,-,True,56,34
Limerick Racing Results | 26th May 2023 20:15,N/A,20:15,Good To Yielding,2m 100y,Emer Elysees (IRE),Mr J. W. Hendrick,7,Barry Fitzgerald,12th,6 l,5,11-11,-,True,56,34
Limerick Racing Results | 26th May 2023 20:15,N/A,20:15,Good To Yielding,2m 100y,The Grey Dove (IRE),Mr H. C. Swan,5,Gordon Elliott,11th,1 3/4 l,5,11-11,-,True,56,34
Limerick Racing Results | 26th May 2023 20:15,N/A,20:15,Good To Yielding,2m 100y,Noble Annys (IRE),Mr P. C. Bannon,7,John Joseph Winston,10th,10 l,5,11-11p,-,True,56,34
Limerick Racing Results | 26th May 2023 20:15,N/A,20:15,Good To Yielding,2m 100y,Line In The Sand (IRE),Mr Finian Maguire,0,David Kenneth Budds,9th,6 l,5,11-11t1,-,True,56,34
Limerick Racing Results | 26th May 2023 20:15,N/A,20:15,Good To Yielding,2m 100y,One for Lucy (IRE),Mr W. T. Cronin,7,Eoin Christopher McCarthy,8th,5 1/2 l,6,11-11t,-,True,56,34
Limerick Racing Results | 26th May 2023 20:15,N/A,20:15,Good To Yielding,2m 100y,Heidi's Frontiere (IRE),Mr P. A. King,5,Michael G. Kennedy,7th,6 l,5,11-11,-,True,56,34
Limerick Racing Results | 26th May 2023 20:15,N/A,20:15,Good To Yielding,2m 100y,Lady Bluebird (IRE),A. T. Finegan,7,Hugh P. Finegan,6th,2 l,6,11-11,-,True,56,34
Limerick Racing Results | 26th May 2023 20:15,N/A,20:15,Good To Yielding,2m 100y,Juniper Hill (IRE),Mr R. W. Barron,7,Paul Nolan,5th,4 1/4 l,4,11-5,-,True,56,34
Limerick Racing Results | 26th May 2023 20:15,N/A,20:15,Good To Yielding,2m 100y,Iriskana (FR),Mr R. James,7,S. Curling,4th,2 1/4 l,5,11-11,-,True,56,34
Limerick Racing Results | 26th May 2023 20:15,N/A,20:15,Good To Yielding,2m 100y,Jekiki (IRE),Mr T. Hamilton,0,Mrs J. Harrington,3rd,2 3/4 l,5,11-11,-,True,56,34
Limerick Racing Results | 26th May 2023 20:15,N/A,20:15,Good To Yielding,2m 100y,Ma Bess (IRE),Mr J. C. Barry,3,Terence O'Brien,2nd,5 1/2 l,5,11-11,-,True,56,34
Limerick Racing Results | 26th May 2023 20:15,N/A,20:15,Good To Yielding,2m 100y,Ivana (FR),Mr P. W. Mullins,0,W. P. Mullins,1st,N/A,5,11-11,-,True,56,34
Limerick Racing Results | 26th May 2023 20:15,N/A,20:15,Good To Yielding,2m 100y,Lodge Lucy (IRE),Mr P. W. Gleeson,7,P. F. O'Donnell,18th,92 l,5,11-11,-,True,56,34
Limerick Racing Results | 26th May 2023 20:15,N/A,20:15,Good To Yielding,2m 100y,Magical Lass (IRE),Mr D. J. Walsh,7,Brendan Maurice Walsh,17th,73 l,6,11-11,-,True,56,34
Limerick Racing Results | 26th May 2023 20:15,N/A,20:15,Good To Yielding,2m 100y,Robin Des Boston (IRE),Mr A. O. Harrington,7,Sabrina J. Harty,16th,7 1/2 l,5,11-11,-,True,56,34
Limerick Racing Results | 26th May 2023 20:15,N/A,20:15,Good To Yielding,2m 100y,Gatewood Girl (IRE),Mr P. J. O'Neill,7,Gerard Kyne,15th,2 1/2 l,6,11-11,-,True,56,34
Limerick Racing Results | 26th May 2023 20:15,N/A,20:15,Good To Yielding,2m 100y,Missus Beeton (IRE),Mr A. P. Ryan,7,Shane Nolan,14th,4 1/2 l,5,11-11,-,True,56,34
Limerick Racing Results | 26th May 2023 20:15,N/A,20:15,Good To Yielding,2m 100y,Onebrightbluerose (IRE),Mr C. J. Shine,7,Patrick Cronin,13th,27 l,4,11-5,-,True,56,34
Limerick Racing Results | 26th May 2023 20:15,N/A,20:15,Good To Yielding,2m 100y,Emer Elysees (IRE),Mr J. W. Hendrick,7,Barry Fitzgerald,12th,6 l,5,11-11,-,True,56,34
Limerick Racing Results | 26th May 2023 20:15,N/A,20:15,Good To Yielding,2m 100y,The Grey Dove (IRE),Mr H. C. Swan,5,Gordon Elliott,11th,1 3/4 l,5,11-11,-,True,56,34
Limerick Racing Results | 26th May 2023 20:15,N/A,20:15,Good To Yielding,2m 100y,Noble Annys (IRE),Mr P. C. Bannon,7,John Joseph Winston,10th,10 l,5,11-11p,-,True,56,34
Limerick Racing Results | 26th May 2023 20:15,N/A,20:15,Good To Yielding,2m 100y,Line In The Sand (IRE),Mr Finian Maguire,0,David Kenneth Budds,9th,6 l,5,11-11t1,-,True,56,34
Limerick Racing Results | 26th May 2023 20:15,N/A,20:15,Good To Yielding,2m 100y,One for Lucy (IRE),Mr W. T. Cronin,7,Eoin Christopher McCarthy,8th,5 1/2 l,6,11-11t,-,True,56,34
Limerick Racing Results | 26th May 2023 20:15,N/A,20:15,Good To Yielding,2m 100y,Heidi's Frontiere (IRE),Mr P. A. King,5,Michael G. Kennedy,7th,6 l,5,11-11,-,True,56,34
Limerick Racing Results | 26th May 2023 20:15,N/A,20:15,Good To Yielding,2m 100y,Lady Bluebird (IRE),A. T. Finegan,7,Hugh P. Finegan,6th,2 l,6,11-11,-,True,56,34
Limerick Racing Results | 26th May 2023 20:15,N/A,20:15,Good To Yielding,2m 100y,Juniper Hill (IRE),Mr R. W. Barron,7,Paul Nolan,5th,4 1/4 l,4,11-5,-,True,56,34
Limerick Racing Results | 26th May 2023 20:15,N/A,20:15,Good To Yielding,2m 100y,Iriskana (FR),Mr R. James,7,S. Curling,4th,2 1/4 l,5,11-11,-,True,56,34
Limerick Racing Results | 26th May 2023 20:15,N/A,20:15,Good To Yielding,2m 100y,Jekiki (IRE),Mr T. Hamilton,0,Mrs J. Harrington,3rd,2 3/4 l,5,11-11,-,True,56,34
Limerick Racing Results | 26th May 2023 20:15,N/A,20:15,Good To Yielding,2m 100y,Ma Bess (IRE),Mr J. C. Barry,3,Terence O'Brien,2nd,5 1/2 l,5,11-11,-,True,56,34
Limerick Racing Results | 26th May 2023 20:15,N/A,20:15,Good To Yielding,2m 100y,Ivana (FR),Mr P. W. Mullins,0,W. P. Mullins,1st,N/A,5,11-11,-,True,56,34
Curragh Racing Results | 27th May 2023 13:20,N/A,13:20,Good  (Turf),6f,Norwalk Havoc,Shane Foley,0,Mrs J. Harrington,6th,6 l,2,9-5,-,True,56,35
Curragh Racing Results | 27th May 2023 13:20,N/A,13:20,Good  (Turf),6f,Sea Singer (IRE),Ben Martin Coen,0,Thomas Mullins,5th,Short Head,2,9-5,-,True,56,35
Curragh Racing Results | 27th May 2023 13:20,N/A,13:20,Good  (Turf),6f,Kortez Bay (IRE),R. C. Colgan,0,Ms Sheila Lavery,4th,1/2 l,2,9-5,-,True,56,35
Curragh Racing Results | 27th May 2023 13:20,N/A,13:20,Good  (Turf),6f,Temple of Hera (IRE),William James Lee,0,M. D. O'Callaghan,3rd,1 l,2,9-5,-,True,56,35
Curragh Racing Results | 27th May 2023 13:20,N/A,13:20,Good  (Turf),6f,Mr Saturday (IRE),C. T. Keane,0,G. M. Lyons,2nd,4 1/4 l,2,9-5,-,True,56,35
Curragh Racing Results | 27th May 2023 13:20,N/A,13:20,Good  (Turf),6f,Unquestionable (FR),Ryan Moore,0,Aidan O'Brien,1st,N/A,2,9-5,-,True,56,35
Curragh Racing Results | 27th May 2023 13:20,N/A,13:20,Good  (Turf),6f,Norwalk Havoc,Shane Foley,0,Mrs J. Harrington,6th,6 l,2,9-5,-,True,56,35
Curragh Racing Results | 27th May 2023 13:20,N/A,13:20,Good  (Turf),6f,Sea Singer (IRE),Ben Martin Coen,0,Thomas Mullins,5th,Short Head,2,9-5,-,True,56,35
Curragh Racing Results | 27th May 2023 13:20,N/A,13:20,Good  (Turf),6f,Kortez Bay (IRE),R. C. Colgan,0,Ms Sheila Lavery,4th,1/2 l,2,9-5,-,True,56,35
Curragh Racing Results | 27th May 2023 13:20,N/A,13:20,Good  (Turf),6f,Temple of Hera (IRE),William James Lee,0,M. D. O'Callaghan,3rd,1 l,2,9-5,-,True,56,35
Curragh Racing Results | 27th May 2023 13:20,N/A,13:20,Good  (Turf),6f,Mr Saturday (IRE),C. T. Keane,0,G. M. Lyons,2nd,4 1/4 l,2,9-5,-,True,56,35
Curragh Racing Results | 27th May 2023 13:20,N/A,13:20,Good  (Turf),6f,Unquestionable (FR),Ryan Moore,0,Aidan O'Brien,1st,N/A,2,9-5,-,True,56,35
Curragh Racing Results | 27th May 2023 13:55,N/A,13:55,Good,6f,Democracy (IRE),Ryan Moore,0,Aidan O'Brien,6th,1 1/4 l,2,9-5,-,True,56,36
Curragh Racing Results | 27th May 2023 13:55,N/A,13:55,Good,6f,Valiant Force (USA),C. T. Keane,0,Adrian Murray,5th,2 3/4 l,2,9-5,-,True,56,36
Curragh Racing Results | 27th May 2023 13:55,N/A,13:55,Good,6f,Buyin Buyin (IRE),Seamie Heffernan,0,W. P. Browne,4th,2 l,2,9-5,-,True,56,36
Curragh Racing Results | 27th May 2023 13:55,N/A,13:55,Good,6f,His Majesty (IRE),W. M. Lordan,0,Aidan O'Brien,3rd,Head,2,9-5,-,True,56,36
Curragh Racing Results | 27th May 2023 13:55,N/A,13:55,Good,6f,Noche Magica (IRE),William James Lee,0,P. Twomey,2nd,Head,2,9-5,-,True,56,36
Curragh Racing Results | 27th May 2023 13:55,N/A,13:55,Good,6f,Givemethebeatboys (IRE),Shane Foley,0,Mrs J. Harrington,1st,N/A,2,9-5,-,True,56,36
Curragh Racing Results | 27th May 2023 13:55,N/A,13:55,Good,6f,Democracy (IRE),Ryan Moore,0,Aidan O'Brien,6th,1 1/4 l,2,9-5,-,True,56,36
Curragh Racing Results | 27th May 2023 13:55,N/A,13:55,Good,6f,Valiant Force (USA),C. T. Keane,0,Adrian Murray,5th,2 3/4 l,2,9-5,-,True,56,36
Curragh Racing Results | 27th May 2023 13:55,N/A,13:55,Good,6f,Buyin Buyin (IRE),Seamie Heffernan,0,W. P. Browne,4th,2 l,2,9-5,-,True,56,36
Curragh Racing Results | 27th May 2023 13:55,N/A,13:55,Good,6f,His Majesty (IRE),W. M. Lordan,0,Aidan O'Brien,3rd,Head,2,9-5,-,True,56,36
Curragh Racing Results | 27th May 2023 13:55,N/A,13:55,Good,6f,Noche Magica (IRE),William James Lee,0,P. Twomey,2nd,Head,2,9-5,-,True,56,36
Curragh Racing Results | 27th May 2023 13:55,N/A,13:55,Good,6f,Givemethebeatboys (IRE),Shane Foley,0,Mrs J. Harrington,1st,N/A,2,9-5,-,True,56,36
Curragh Racing Results | 27th May 2023 14:30,N/A,14:30,Good,6f,Coachello (FR),Jamie Spencer,0,Gordon Elliott,8th,1 1/2 l,5,9-5,-,True,56,37
Curragh Racing Results | 27th May 2023 14:30,N/A,14:30,Good,6f,Twilight Jet (IRE),C. T. Keane,0,M. D. O'Callaghan,7th,1/2 l,4,9-5,-,True,56,37
Curragh Racing Results | 27th May 2023 14:30,N/A,14:30,Good,6f,Moss Tucker (IRE),William James Lee,0,K. J. Condon,6th,1 1/4 l,5,9-5t,-,True,56,37
Curragh Racing Results | 27th May 2023 14:30,N/A,14:30,Good,6f,My Eyes Adore You (IRE),A. J. Slattery,0,J. A. Stack,5th,2 l,4,9-2,-,True,56,37
Curragh Racing Results | 27th May 2023 14:30,N/A,14:30,Good,6f,Garrus (IRE),Ryan Moore,0,Charles Hills,4th,3 1/4 l,7,9-5,-,True,56,37
Curragh Racing Results | 27th May 2023 14:30,N/A,14:30,Good,6f,Ano Syra (IRE),Ben Martin Coen,0,J. J. Feane,3rd,1/2 l,4,9-2,-,True,56,37
Curragh Racing Results | 27th May 2023 14:30,N/A,14:30,Good,6f,Big Gossey (IRE),D. E. Sheehy,0,Charles O'Brien,2nd,4 3/4 l,6,9-5p,-,True,56,37
Curragh Racing Results | 27th May 2023 14:30,N/A,14:30,Good,6f,Art Power (IRE),Oisin Murphy,0,Tim Easterby,1st,N/A,6,9-5,-,True,56,37
Curragh Racing Results | 27th May 2023 14:30,N/A,14:30,Good,6f,Coachello (FR),Jamie Spencer,0,Gordon Elliott,8th,1 1/2 l,5,9-5,-,True,56,37
Curragh Racing Results | 27th May 2023 14:30,N/A,14:30,Good,6f,Twilight Jet (IRE),C. T. Keane,0,M. D. O'Callaghan,7th,1/2 l,4,9-5,-,True,56,37
Curragh Racing Results | 27th May 2023 14:30,N/A,14:30,Good,6f,Moss Tucker (IRE),William James Lee,0,K. J. Condon,6th,1 1/4 l,5,9-5t,-,True,56,37
Curragh Racing Results | 27th May 2023 14:30,N/A,14:30,Good,6f,My Eyes Adore You (IRE),A. J. Slattery,0,J. A. Stack,5th,2 l,4,9-2,-,True,56,37
Curragh Racing Results | 27th May 2023 14:30,N/A,14:30,Good,6f,Garrus (IRE),Ryan Moore,0,Charles Hills,4th,3 1/4 l,7,9-5,-,True,56,37
Curragh Racing Results | 27th May 2023 14:30,N/A,14:30,Good,6f,Ano Syra (IRE),Ben Martin Coen,0,J. J. Feane,3rd,1/2 l,4,9-2,-,True,56,37
Curragh Racing Results | 27th May 2023 14:30,N/A,14:30,Good,6f,Big Gossey (IRE),D. E. Sheehy,0,Charles O'Brien,2nd,4 3/4 l,6,9-5p,-,True,56,37
Curragh Racing Results | 27th May 2023 14:30,N/A,14:30,Good,6f,Art Power (IRE),Oisin Murphy,0,Tim Easterby,1st,N/A,6,9-5,-,True,56,37
Curragh Racing Results | 27th May 2023 15:05,N/A,15:05,Good,1m 4f,Venice Biennale (IRE),Shane Foley,0,John Joseph Murphy,6th,3/4 l,5,9-2,-,True,56,38
Curragh Racing Results | 27th May 2023 15:05,N/A,15:05,Good,1m 4f,Run For Oscar (IRE),Seamie Heffernan,0,Charles Byrnes,5th,2 1/4 l,8,9-7,-,True,56,38
Curragh Racing Results | 27th May 2023 15:05,N/A,15:05,Good,1m 4f,Moracana (IRE),R. C. Colgan,0,Ms Sheila Lavery,4th,Neck,5,9-5,-,True,56,38
Curragh Racing Results | 27th May 2023 15:05,N/A,15:05,Good,1m 4f,Ottilien (FR),D. B. McMonagle,0,Joseph Patrick O'Brien,3rd,2 l,4,9-5h,-,True,56,38
Curragh Racing Results | 27th May 2023 15:05,N/A,15:05,Good,1m 4f,Annerville (IRE),C. T. Keane,0,John Patrick Murtagh,2nd,1 1/2 l,5,9-2v1,-,True,56,38
Curragh Racing Results | 27th May 2023 15:05,N/A,15:05,Good,1m 4f,Mashhoor,Ben Martin Coen,0,John Patrick Murtagh,1st,N/A,5,9-7,-,True,56,38
Curragh Racing Results | 27th May 2023 15:05,N/A,15:05,Good,1m 4f,Venice Biennale (IRE),Shane Foley,0,John Joseph Murphy,6th,3/4 l,5,9-2,-,True,56,38
Curragh Racing Results | 27th May 2023 15:05,N/A,15:05,Good,1m 4f,Run For Oscar (IRE),Seamie Heffernan,0,Charles Byrnes,5th,2 1/4 l,8,9-7,-,True,56,38
Curragh Racing Results | 27th May 2023 15:05,N/A,15:05,Good,1m 4f,Moracana (IRE),R. C. Colgan,0,Ms Sheila Lavery,4th,Neck,5,9-5,-,True,56,38
Curragh Racing Results | 27th May 2023 15:05,N/A,15:05,Good,1m 4f,Ottilien (FR),D. B. McMonagle,0,Joseph Patrick O'Brien,3rd,2 l,4,9-5h,-,True,56,38
Curragh Racing Results | 27th May 2023 15:05,N/A,15:05,Good,1m 4f,Annerville (IRE),C. T. Keane,0,John Patrick Murtagh,2nd,1 1/2 l,5,9-2v1,-,True,56,38
Curragh Racing Results | 27th May 2023 15:05,N/A,15:05,Good,1m 4f,Mashhoor,Ben Martin Coen,0,John Patrick Murtagh,1st,N/A,5,9-7,-,True,56,38
Curragh Racing Results | 27th May 2023 15:40,N/A,15:40,Good,1m,Bold Discovery (USA),William James Lee,0,Mrs J. Harrington,11th,2 l,3,9-2,-,True,56,39
Curragh Racing Results | 27th May 2023 15:40,N/A,15:40,Good,1m,Age of Kings (IRE),Seamie Heffernan,0,Aidan O'Brien,10th,Neck,3,9-2,-,True,56,39
Curragh Racing Results | 27th May 2023 15:40,N/A,15:40,Good,1m,Royal Scotsman (IRE),Jamie Spencer,0,Paul & Oliver Cole,9th,Head,3,9-2,-,True,56,39
Curragh Racing Results | 27th May 2023 15:40,N/A,15:40,Good,1m,Alexander John (IRE),N. M. Crosse,0,Luke Comer,8th,1 l,3,9-2t1,-,True,56,39
Curragh Racing Results | 27th May 2023 15:40,N/A,15:40,Good,1m,Proud and Regal (IRE),G. M. Ryan,0,Donnacha Aidan O'Brien,7th,2 l,3,9-2,-,True,56,39
Curragh Racing Results | 27th May 2023 15:40,N/A,15:40,Good,1m,Quar Shamar (GER),Shane Foley,0,Mrs J. Harrington,6th,3/4 l,3,9-2,-,True,56,39
Curragh Racing Results | 27th May 2023 15:40,N/A,15:40,Good,1m,Galeron (IRE),C. T. Keane,0,Charles Hills,5th,Head,3,9-2,-,True,56,39
Curragh Racing Results | 27th May 2023 15:40,N/A,15:40,Good,1m,Charyn (IRE),David Egan,0,Roger Varian,4th,1/2 l,3,9-2,-,True,56,39
Curragh Racing Results | 27th May 2023 15:40,N/A,15:40,Good,1m,Hi Royal (IRE),Oisin Murphy,0,Kevin Ryan,3rd,3/4 l,3,9-2,-,True,56,39
Curragh Racing Results | 27th May 2023 15:40,N/A,15:40,Good,1m,Cairo (IRE),W. M. Lordan,0,Aidan O'Brien,2nd,2 l,3,9-2,-,True,56,39
Curragh Racing Results | 27th May 2023 15:40,N/A,15:40,Good,1m,Paddington,Ryan Moore,0,Aidan O'Brien,1st,N/A,3,9-2,-,True,56,39
Curragh Racing Results | 27th May 2023 15:40,N/A,15:40,Good,1m,Bold Discovery (USA),William James Lee,0,Mrs J. Harrington,11th,2 l,3,9-2,-,True,56,39
Curragh Racing Results | 27th May 2023 15:40,N/A,15:40,Good,1m,Age of Kings (IRE),Seamie Heffernan,0,Aidan O'Brien,10th,Neck,3,9-2,-,True,56,39
Curragh Racing Results | 27th May 2023 15:40,N/A,15:40,Good,1m,Royal Scotsman (IRE),Jamie Spencer,0,Paul & Oliver Cole,9th,Head,3,9-2,-,True,56,39
Curragh Racing Results | 27th May 2023 15:40,N/A,15:40,Good,1m,Alexander John (IRE),N. M. Crosse,0,Luke Comer,8th,1 l,3,9-2t1,-,True,56,39
Curragh Racing Results | 27th May 2023 15:40,N/A,15:40,Good,1m,Proud and Regal (IRE),G. M. Ryan,0,Donnacha Aidan O'Brien,7th,2 l,3,9-2,-,True,56,39
Curragh Racing Results | 27th May 2023 15:40,N/A,15:40,Good,1m,Quar Shamar (GER),Shane Foley,0,Mrs J. Harrington,6th,3/4 l,3,9-2,-,True,56,39
Curragh Racing Results | 27th May 2023 15:40,N/A,15:40,Good,1m,Galeron (IRE),C. T. Keane,0,Charles Hills,5th,Head,3,9-2,-,True,56,39
Curragh Racing Results | 27th May 2023 15:40,N/A,15:40,Good,1m,Charyn (IRE),David Egan,0,Roger Varian,4th,1/2 l,3,9-2,-,True,56,39
Curragh Racing Results | 27th May 2023 15:40,N/A,15:40,Good,1m,Hi Royal (IRE),Oisin Murphy,0,Kevin Ryan,3rd,3/4 l,3,9-2,-,True,56,39
Curragh Racing Results | 27th May 2023 15:40,N/A,15:40,Good,1m,Cairo (IRE),W. M. Lordan,0,Aidan O'Brien,2nd,2 l,3,9-2,-,True,56,39
Curragh Racing Results | 27th May 2023 15:40,N/A,15:40,Good,1m,Paddington,Ryan Moore,0,Aidan O'Brien,1st,N/A,3,9-2,-,True,56,39
Curragh Racing Results | 27th May 2023 16:15,N/A,16:15,Good,7f,Polar Bear (IRE),Shane Foley,0,Mrs J. Harrington,15th,6 1/2 l,3,9-6p,89,True,56,40
Curragh Racing Results | 27th May 2023 16:15,N/A,16:15,Good,7f,King Of Scotia (IRE),William James Lee,0,M. D. O'Callaghan,14th,4 3/4 l,3,9-4,87,True,56,40
Curragh Racing Results | 27th May 2023 16:15,N/A,16:15,Good,7f,Cash Out (IRE),D. B. McMonagle,0,Joseph Patrick O'Brien,13th,Head,3,9-4t,87,True,56,40
Curragh Racing Results | 27th May 2023 16:15,N/A,16:15,Good,7f,Blue News (USA),A. J. Slattery,0,A. Slattery,12th,Neck,3,8-7,76,True,56,40
Curragh Racing Results | 27th May 2023 16:15,N/A,16:15,Good,7f,Red Letter Bray (IRE),L. F. Roche,0,M. D. O'Callaghan,11th,2 1/4 l,3,9-8,91,True,56,40
Curragh Racing Results | 27th May 2023 16:15,N/A,16:15,Good,7f,Devore (IRE),D. E. Sheehy,3,John Patrick Murtagh,10th,Neck,3,8-8p,77,True,56,40
Curragh Racing Results | 27th May 2023 16:15,N/A,16:15,Good,7f,Carracci (USA),W. M. Lordan,0,Aidan O'Brien,9th,Neck,3,9-10b1,93,True,56,40
Curragh Racing Results | 27th May 2023 16:15,N/A,16:15,Good,7f,Tough Talk (IRE),C. T. Keane,0,G. M. Lyons,8th,1 1/4 l,3,9-12,95,True,56,40
Curragh Racing Results | 27th May 2023 16:15,N/A,16:15,Good,7f,Not Even Close (IRE),Oisin Murphy,0,Donnacha Aidan O'Brien,7th,1/2 l,3,9-2,85,True,56,40
Curragh Racing Results | 27th May 2023 16:15,N/A,16:15,Good,7f,Farnborough (IRE),Ryan Moore,0,Aidan O'Brien,6th,Neck,3,9-4b1,87,True,56,40
Curragh Racing Results | 27th May 2023 16:15,N/A,16:15,Good,7f,Daamberdiplomat (IRE),Ben Martin Coen,0,John Patrick Murtagh,5th,Neck,3,9-9,92,True,56,40
Curragh Racing Results | 27th May 2023 16:15,N/A,16:15,Good,7f,Canute (USA),Seamie Heffernan,0,Aidan O'Brien,4th,3/4 l,3,9-1b,84,True,56,40
Curragh Racing Results | 27th May 2023 16:15,N/A,16:15,Good,7f,Aussie Girl (IRE),M. A. Enright,0,J. A. Stack,3rd,1 1/4 l,3,8-11h,80,True,56,40
Curragh Racing Results | 27th May 2023 16:15,N/A,16:15,Good,7f,Semblance Of Order (IRE),C. D. Hayes,0,Andrew Oliver,2nd,Head,3,8-12p,81,True,56,40
Curragh Racing Results | 27th May 2023 16:15,N/A,16:15,Good,7f,Betterdaysrcoming (IRE),G. F. Carroll,0,Andrew Oliver,1st,N/A,3,9-6tv1,89,True,56,40
Curragh Racing Results | 27th May 2023 16:15,N/A,16:15,Good,7f,Polar Bear (IRE),Shane Foley,0,Mrs J. Harrington,15th,6 1/2 l,3,9-6p,89,True,56,40
Curragh Racing Results | 27th May 2023 16:15,N/A,16:15,Good,7f,King Of Scotia (IRE),William James Lee,0,M. D. O'Callaghan,14th,4 3/4 l,3,9-4,87,True,56,40
Curragh Racing Results | 27th May 2023 16:15,N/A,16:15,Good,7f,Cash Out (IRE),D. B. McMonagle,0,Joseph Patrick O'Brien,13th,Head,3,9-4t,87,True,56,40
Curragh Racing Results | 27th May 2023 16:15,N/A,16:15,Good,7f,Blue News (USA),A. J. Slattery,0,A. Slattery,12th,Neck,3,8-7,76,True,56,40
Curragh Racing Results | 27th May 2023 16:15,N/A,16:15,Good,7f,Red Letter Bray (IRE),L. F. Roche,0,M. D. O'Callaghan,11th,2 1/4 l,3,9-8,91,True,56,40
Curragh Racing Results | 27th May 2023 16:15,N/A,16:15,Good,7f,Devore (IRE),D. E. Sheehy,3,John Patrick Murtagh,10th,Neck,3,8-8p,77,True,56,40
Curragh Racing Results | 27th May 2023 16:15,N/A,16:15,Good,7f,Carracci (USA),W. M. Lordan,0,Aidan O'Brien,9th,Neck,3,9-10b1,93,True,56,40
Curragh Racing Results | 27th May 2023 16:15,N/A,16:15,Good,7f,Tough Talk (IRE),C. T. Keane,0,G. M. Lyons,8th,1 1/4 l,3,9-12,95,True,56,40
Curragh Racing Results | 27th May 2023 16:15,N/A,16:15,Good,7f,Not Even Close (IRE),Oisin Murphy,0,Donnacha Aidan O'Brien,7th,1/2 l,3,9-2,85,True,56,40
Curragh Racing Results | 27th May 2023 16:15,N/A,16:15,Good,7f,Farnborough (IRE),Ryan Moore,0,Aidan O'Brien,6th,Neck,3,9-4b1,87,True,56,40
Curragh Racing Results | 27th May 2023 16:15,N/A,16:15,Good,7f,Daamberdiplomat (IRE),Ben Martin Coen,0,John Patrick Murtagh,5th,Neck,3,9-9,92,True,56,40
Curragh Racing Results | 27th May 2023 16:15,N/A,16:15,Good,7f,Canute (USA),Seamie Heffernan,0,Aidan O'Brien,4th,3/4 l,3,9-1b,84,True,56,40
Curragh Racing Results | 27th May 2023 16:15,N/A,16:15,Good,7f,Aussie Girl (IRE),M. A. Enright,0,J. A. Stack,3rd,1 1/4 l,3,8-11h,80,True,56,40
Curragh Racing Results | 27th May 2023 16:15,N/A,16:15,Good,7f,Semblance Of Order (IRE),C. D. Hayes,0,Andrew Oliver,2nd,Head,3,8-12p,81,True,56,40
Curragh Racing Results | 27th May 2023 16:15,N/A,16:15,Good,7f,Betterdaysrcoming (IRE),G. F. Carroll,0,Andrew Oliver,1st,N/A,3,9-6tv1,89,True,56,40
Curragh Racing Results | 27th May 2023 16:50,N/A,16:50,Good,1m 2f,Finans Bay (IRE),C. J. MacRedmond,5,Adrian McGuinness,RR,N/A,6,9-51,91,True,56,41
Curragh Racing Results | 27th May 2023 16:50,N/A,16:50,Good,1m 2f,Wild Dollar (IRE),C. D. Hayes,0,Eddie & Patrick Harty,14th,2 l,5,8-8t,80,True,56,41
Curragh Racing Results | 27th May 2023 16:50,N/A,16:50,Good,1m 2f,Cold Steel (USA),W. M. Lordan,0,Andrew Oliver,13th,1 1/4 l,5,8-11,83,True,56,41
Curragh Racing Results | 27th May 2023 16:50,N/A,16:50,Good,1m 2f,Nibiru (IRE),C. T. Keane,0,A. J. Martin,12th,3/4 l,8,8-12tp,84,True,56,41
Curragh Racing Results | 27th May 2023 16:50,N/A,16:50,Good,1m 2f,Fastnet Crown (IRE),William James Lee,0,M. D. O'Callaghan,11th,1 l,6,10-0tp,100,True,56,41
Curragh Racing Results | 27th May 2023 16:50,N/A,16:50,Good,1m 2f,Casanova,Adam Caffrey,7,Adrian McGuinness,10th,Neck,7,10-0,100,True,56,41
Curragh Racing Results | 27th May 2023 16:50,N/A,16:50,Good,1m 2f,Timeless Soul (GER),D. B. McMonagle,0,Joseph Patrick O'Brien,9th,Short Head,5,9-12h1,98,True,56,41
Curragh Racing Results | 27th May 2023 16:50,N/A,16:50,Good,1m 2f,Ceallach (IRE),Shane Foley,0,M. Halford & T. Collins,8th,3/4 l,4,9-8,94,True,56,41
Curragh Racing Results | 27th May 2023 16:50,N/A,16:50,Good,1m 2f,Safecracker,Ben Martin Coen,0,John Patrick Murtagh,7th,1 1/2 l,5,9-11ht,97,True,56,41
Curragh Racing Results | 27th May 2023 16:50,N/A,16:50,Good,1m 2f,Vega Magnifico (IRE),H. J. Horgan,7,Joseph Patrick O'Brien,6th,3/4 l,4,9-9,95,True,56,41
Curragh Racing Results | 27th May 2023 16:50,N/A,16:50,Good,1m 2f,Any Dream Will Do (IRE),N. M. Crosse,0,W. McCreery,5th,1/2 l,4,8-9p1,81,True,56,41
Curragh Racing Results | 27th May 2023 16:50,N/A,16:50,Good,1m 2f,Brave Troop (IRE),L. T. McAteer,3,Barry Fitzgerald,4th,Head,4,8-13,85,True,56,41
Curragh Racing Results | 27th May 2023 16:50,N/A,16:50,Good,1m 2f,Laelaps (IRE),Oisin Murphy,0,Andrew McNamara,3rd,1 1/2 l,5,9-3h,89,True,56,41
Curragh Racing Results | 27th May 2023 16:50,N/A,16:50,Good,1m 2f,Smooth Tom (IRE),A. J. Slattery,0,A. Slattery,2nd,Head,4,9-7v,93,True,56,41
Curragh Racing Results | 27th May 2023 16:50,N/A,16:50,Good,1m 2f,Timourid (IRE),J. M. Sheridan,3,Paul W. Flynn,1st,N/A,6,8-10tp,82,True,56,41
Curragh Racing Results | 27th May 2023 16:50,N/A,16:50,Good,1m 2f,Finans Bay (IRE),C. J. MacRedmond,5,Adrian McGuinness,RR,N/A,6,9-51,91,True,56,41
Curragh Racing Results | 27th May 2023 16:50,N/A,16:50,Good,1m 2f,Wild Dollar (IRE),C. D. Hayes,0,Eddie & Patrick Harty,14th,2 l,5,8-8t,80,True,56,41
Curragh Racing Results | 27th May 2023 16:50,N/A,16:50,Good,1m 2f,Cold Steel (USA),W. M. Lordan,0,Andrew Oliver,13th,1 1/4 l,5,8-11,83,True,56,41
Curragh Racing Results | 27th May 2023 16:50,N/A,16:50,Good,1m 2f,Nibiru (IRE),C. T. Keane,0,A. J. Martin,12th,3/4 l,8,8-12tp,84,True,56,41
Curragh Racing Results | 27th May 2023 16:50,N/A,16:50,Good,1m 2f,Fastnet Crown (IRE),William James Lee,0,M. D. O'Callaghan,11th,1 l,6,10-0tp,100,True,56,41
Curragh Racing Results | 27th May 2023 16:50,N/A,16:50,Good,1m 2f,Casanova,Adam Caffrey,7,Adrian McGuinness,10th,Neck,7,10-0,100,True,56,41
Curragh Racing Results | 27th May 2023 16:50,N/A,16:50,Good,1m 2f,Timeless Soul (GER),D. B. McMonagle,0,Joseph Patrick O'Brien,9th,Short Head,5,9-12h1,98,True,56,41
Curragh Racing Results | 27th May 2023 16:50,N/A,16:50,Good,1m 2f,Ceallach (IRE),Shane Foley,0,M. Halford & T. Collins,8th,3/4 l,4,9-8,94,True,56,41
Curragh Racing Results | 27th May 2023 16:50,N/A,16:50,Good,1m 2f,Safecracker,Ben Martin Coen,0,John Patrick Murtagh,7th,1 1/2 l,5,9-11ht,97,True,56,41
Curragh Racing Results | 27th May 2023 16:50,N/A,16:50,Good,1m 2f,Vega Magnifico (IRE),H. J. Horgan,7,Joseph Patrick O'Brien,6th,3/4 l,4,9-9,95,True,56,41
Curragh Racing Results | 27th May 2023 16:50,N/A,16:50,Good,1m 2f,Any Dream Will Do (IRE),N. M. Crosse,0,W. McCreery,5th,1/2 l,4,8-9p1,81,True,56,41
Curragh Racing Results | 27th May 2023 16:50,N/A,16:50,Good,1m 2f,Brave Troop (IRE),L. T. McAteer,3,Barry Fitzgerald,4th,Head,4,8-13,85,True,56,41
Curragh Racing Results | 27th May 2023 16:50,N/A,16:50,Good,1m 2f,Laelaps (IRE),Oisin Murphy,0,Andrew McNamara,3rd,1 1/2 l,5,9-3h,89,True,56,41
Curragh Racing Results | 27th May 2023 16:50,N/A,16:50,Good,1m 2f,Smooth Tom (IRE),A. J. Slattery,0,A. Slattery,2nd,Head,4,9-7v,93,True,56,41
Curragh Racing Results | 27th May 2023 16:50,N/A,16:50,Good,1m 2f,Timourid (IRE),J. M. Sheridan,3,Paul W. Flynn,1st,N/A,6,8-10tp,82,True,56,41
Curragh Racing Results | 27th May 2023 17:25,N/A,17:25,Good  (Turf),1m 2f,Tom the Second (IRE),Ben Martin Coen,0,John Patrick Murtagh,12th,2 l,3,9-8,-,True,56,42
Curragh Racing Results | 27th May 2023 17:25,N/A,17:25,Good  (Turf),1m 2f,Duke Of Vienna (USA),Shane Foley,0,Mrs J. Harrington,11th,Short Head,3,9-8t,-,True,56,42
Curragh Racing Results | 27th May 2023 17:25,N/A,17:25,Good  (Turf),1m 2f,Great Cat Mau (USA),C. T. Keane,0,G. M. Lyons,10th,3 3/4 l,3,9-8,-,True,56,42
Curragh Racing Results | 27th May 2023 17:25,N/A,17:25,Good  (Turf),1m 2f,King Of Wessex (ARG),W. M. Lordan,0,Andrew Oliver,9th,1/2 l,3,9-8,-,True,56,42
Curragh Racing Results | 27th May 2023 17:25,N/A,17:25,Good  (Turf),1m 2f,Catani Gardens (IRE),D. B. McMonagle,0,Joseph Patrick O'Brien,8th,1 l,3,9-8,-,True,56,42
Curragh Racing Results | 27th May 2023 17:25,N/A,17:25,Good  (Turf),1m 2f,Pittsford (IRE),N. G. McCullagh,0,M. Halford & T. Collins,7th,Head,3,9-8,-,True,56,42
Curragh Racing Results | 27th May 2023 17:25,N/A,17:25,Good  (Turf),1m 2f,Red Special (USA),William James Lee,0,W. McCreery,6th,3/4 l,3,9-8v1,-,True,56,42
Curragh Racing Results | 27th May 2023 17:25,N/A,17:25,Good  (Turf),1m 2f,The Black Tiger (USA),Ryan Moore,0,Aidan O'Brien,5th,1 1/2 l,3,9-8b1,-,True,56,42
Curragh Racing Results | 27th May 2023 17:25,N/A,17:25,Good  (Turf),1m 2f,Open To Question (USA),L. F. Roche,0,Noel Meade,4th,1/2 l,3,9-8,-,True,56,42
Curragh Racing Results | 27th May 2023 17:25,N/A,17:25,Good  (Turf),1m 2f,Dawn Session (IRE),R. P. Cleary,0,J. S. Bolger,3rd,1/2 l,3,9-8,-,True,56,42
Curragh Racing Results | 27th May 2023 17:25,N/A,17:25,Good  (Turf),1m 2f,Dubawi Delight,S. McCullagh,3,Mrs J. Harrington,2nd,3 3/4 l,3,9-8p1,-,True,56,42
Curragh Racing Results | 27th May 2023 17:25,N/A,17:25,Good  (Turf),1m 2f,Trustyourinstinct (IRE),Declan McDonogh,0,Joseph Patrick O'Brien,1st,N/A,3,9-8,-,True,56,42
Curragh Racing Results | 27th May 2023 17:25,N/A,17:25,Good  (Turf),1m 2f,Tom the Second (IRE),Ben Martin Coen,0,John Patrick Murtagh,12th,2 l,3,9-8,-,True,56,42
Curragh Racing Results | 27th May 2023 17:25,N/A,17:25,Good  (Turf),1m 2f,Duke Of Vienna (USA),Shane Foley,0,Mrs J. Harrington,11th,Short Head,3,9-8t,-,True,56,42
Curragh Racing Results | 27th May 2023 17:25,N/A,17:25,Good  (Turf),1m 2f,Great Cat Mau (USA),C. T. Keane,0,G. M. Lyons,10th,3 3/4 l,3,9-8,-,True,56,42
Curragh Racing Results | 27th May 2023 17:25,N/A,17:25,Good  (Turf),1m 2f,King Of Wessex (ARG),W. M. Lordan,0,Andrew Oliver,9th,1/2 l,3,9-8,-,True,56,42
Curragh Racing Results | 27th May 2023 17:25,N/A,17:25,Good  (Turf),1m 2f,Catani Gardens (IRE),D. B. McMonagle,0,Joseph Patrick O'Brien,8th,1 l,3,9-8,-,True,56,42
Curragh Racing Results | 27th May 2023 17:25,N/A,17:25,Good  (Turf),1m 2f,Pittsford (IRE),N. G. McCullagh,0,M. Halford & T. Collins,7th,Head,3,9-8,-,True,56,42
Curragh Racing Results | 27th May 2023 17:25,N/A,17:25,Good  (Turf),1m 2f,Red Special (USA),William James Lee,0,W. McCreery,6th,3/4 l,3,9-8v1,-,True,56,42
Curragh Racing Results | 27th May 2023 17:25,N/A,17:25,Good  (Turf),1m 2f,The Black Tiger (USA),Ryan Moore,0,Aidan O'Brien,5th,1 1/2 l,3,9-8b1,-,True,56,42
Curragh Racing Results | 27th May 2023 17:25,N/A,17:25,Good  (Turf),1m 2f,Open To Question (USA),L. F. Roche,0,Noel Meade,4th,1/2 l,3,9-8,-,True,56,42
Curragh Racing Results | 27th May 2023 17:25,N/A,17:25,Good  (Turf),1m 2f,Dawn Session (IRE),R. P. Cleary,0,J. S. Bolger,3rd,1/2 l,3,9-8,-,True,56,42
Curragh Racing Results | 27th May 2023 17:25,N/A,17:25,Good  (Turf),1m 2f,Dubawi Delight,S. McCullagh,3,Mrs J. Harrington,2nd,3 3/4 l,3,9-8p1,-,True,56,42
Curragh Racing Results | 27th May 2023 17:25,N/A,17:25,Good  (Turf),1m 2f,Trustyourinstinct (IRE),Declan McDonogh,0,Joseph Patrick O'Brien,1st,N/A,3,9-8,-,True,56,42
Curragh Racing Results | 28th May 2023 13:45,N/A,13:45,Good,6f,Tiscommonknowledge (IRE),Seamie Heffernan,0,Padraig Roche,9th,2 l,2,9-2,-,True,56,43
Curragh Racing Results | 28th May 2023 13:45,N/A,13:45,Good,6f,Glor Tire (IRE),R. P. Cleary,0,J. S. Bolger,8th,1/2 l,2,9-2,-,True,56,43
Curragh Racing Results | 28th May 2023 13:45,N/A,13:45,Good,6f,September Leaves (IRE),Shane Foley,0,Mrs J. Harrington,7th,2 1/2 l,2,9-2,-,True,56,43
Curragh Racing Results | 28th May 2023 13:45,N/A,13:45,Good,6f,Back Down Under (IRE),L. F. Roche,0,Padraig Roche,6th,3/4 l,2,9-2,-,True,56,43
Curragh Racing Results | 28th May 2023 13:45,N/A,13:45,Good,6f,Miss Black Jack,R. P. Whelan,0,John S. O'Donoghue,5th,1 1/4 l,2,9-2,-,True,56,43
Curragh Racing Results | 28th May 2023 13:45,N/A,13:45,Good,6f,Gunzburg (IRE),William James Lee,0,P. Twomey,4th,1 3/4 l,2,9-2,-,True,56,43
Curragh Racing Results | 28th May 2023 13:45,N/A,13:45,Good,6f,Mysteries (IRE),G. M. Ryan,0,Donnacha Aidan O'Brien,3rd,Neck,2,9-2,-,True,56,43
Curragh Racing Results | 28th May 2023 13:45,N/A,13:45,Good,6f,Grand Job (USA),D. B. McMonagle,0,Joseph Patrick O'Brien,2nd,3/4 l,2,9-2,-,True,56,43
Curragh Racing Results | 28th May 2023 13:45,N/A,13:45,Good,6f,Matrika (IRE),Ryan Moore,0,Aidan O'Brien,1st,N/A,2,9-2b1,-,True,56,43
Curragh Racing Results | 28th May 2023 13:45,N/A,13:45,Good,6f,Tiscommonknowledge (IRE),Seamie Heffernan,0,Padraig Roche,9th,2 l,2,9-2,-,True,56,43
Curragh Racing Results | 28th May 2023 13:45,N/A,13:45,Good,6f,Glor Tire (IRE),R. P. Cleary,0,J. S. Bolger,8th,1/2 l,2,9-2,-,True,56,43
Curragh Racing Results | 28th May 2023 13:45,N/A,13:45,Good,6f,September Leaves (IRE),Shane Foley,0,Mrs J. Harrington,7th,2 1/2 l,2,9-2,-,True,56,43
Curragh Racing Results | 28th May 2023 13:45,N/A,13:45,Good,6f,Back Down Under (IRE),L. F. Roche,0,Padraig Roche,6th,3/4 l,2,9-2,-,True,56,43
Curragh Racing Results | 28th May 2023 13:45,N/A,13:45,Good,6f,Miss Black Jack,R. P. Whelan,0,John S. O'Donoghue,5th,1 1/4 l,2,9-2,-,True,56,43
Curragh Racing Results | 28th May 2023 13:45,N/A,13:45,Good,6f,Gunzburg (IRE),William James Lee,0,P. Twomey,4th,1 3/4 l,2,9-2,-,True,56,43
Curragh Racing Results | 28th May 2023 13:45,N/A,13:45,Good,6f,Mysteries (IRE),G. M. Ryan,0,Donnacha Aidan O'Brien,3rd,Neck,2,9-2,-,True,56,43
Curragh Racing Results | 28th May 2023 13:45,N/A,13:45,Good,6f,Grand Job (USA),D. B. McMonagle,0,Joseph Patrick O'Brien,2nd,3/4 l,2,9-2,-,True,56,43
Curragh Racing Results | 28th May 2023 13:45,N/A,13:45,Good,6f,Matrika (IRE),Ryan Moore,0,Aidan O'Brien,1st,N/A,2,9-2b1,-,True,56,43
Curragh Racing Results | 28th May 2023 14:15,N/A,14:15,Good,6f,Najat,Seamie Heffernan,0,Donal Kinsella,15th,2 3/4 l,4,8-12,73,True,56,44
Curragh Racing Results | 28th May 2023 14:15,N/A,14:15,Good,6f,Tooprofitable (IRE),L. F. Roche,0,Anthony Mullins,14th,1 1/4 l,3,8-7b,77,True,56,44
Curragh Racing Results | 28th May 2023 14:15,N/A,14:15,Good,6f,Lovejoy (IRE),N. M. Crosse,0,W. McCreery,13th,4 1/4 l,3,8-9,79,True,56,44
Curragh Racing Results | 28th May 2023 14:15,N/A,14:15,Good,6f,Pilbara Gold (IRE),R. C. Colgan,0,Andrew Kinirons,12th,1 3/4 l,4,8-13ht1,74,True,56,44
Curragh Racing Results | 28th May 2023 14:15,N/A,14:15,Good,6f,Wave Machine (FR),Ben Martin Coen,0,John Patrick Murtagh,11th,Neck,3,9-6p1,90,True,56,44
Curragh Racing Results | 28th May 2023 14:15,N/A,14:15,Good,6f,Sophie's Star,G. P. Halpin,0,Mrs Denise Foster,10th,1 1/2 l,4,9-6,81,True,56,44
Curragh Racing Results | 28th May 2023 14:15,N/A,14:15,Good,6f,Marsa (IRE),C. T. Keane,0,Edward Lynam,9th,2 1/4 l,4,8-13,74,True,56,44
Curragh Racing Results | 28th May 2023 14:15,N/A,14:15,Good,6f,Queen's Pardon,C. D. Hayes,0,Eddie & Patrick Harty,8th,2 l,4,9-1,76,True,56,44
Curragh Racing Results | 28th May 2023 14:15,N/A,14:15,Good,6f,Little Queenie (IRE),R. Whearty,7,Paul W. Flynn,7th,1/2 l,4,8-12t,73,True,56,44
Curragh Racing Results | 28th May 2023 14:15,N/A,14:15,Good,6f,Petit Calvados (IRE),Declan McDonogh,0,E. J. O'Neill,6th,3/4 l,5,9-5,80,True,56,44
Curragh Racing Results | 28th May 2023 14:15,N/A,14:15,Good,6f,Craft Irish (IRE),J. Coen,5,P. J. F. Murphy,5th,1/2 l,5,10-0b,89,True,56,44
Curragh Racing Results | 28th May 2023 14:15,N/A,14:15,Good,6f,Sioux Spirit (IRE),William James Lee,0,K. J. Condon,4th,2 1/2 l,3,9-0v,84,True,56,44
Curragh Racing Results | 28th May 2023 14:15,N/A,14:15,Good,6f,Queen Maedbh (IRE),D. B. McMonagle,0,Joseph Patrick O'Brien,3rd,1/2 l,3,9-7,91,True,56,44
Curragh Racing Results | 28th May 2023 14:15,N/A,14:15,Good,6f,Iva Batt (IRE),R. P. Whelan,0,Adrian McGuinness,2nd,1/2 l,5,8-12p,73,True,56,44
Curragh Racing Results | 28th May 2023 14:15,N/A,14:15,Good,6f,Transcendental (FR),G. F. Carroll,0,Gavin Patrick Cromwell,1st,N/A,5,9-0,75,True,56,44
Curragh Racing Results | 28th May 2023 14:15,N/A,14:15,Good,6f,Najat,Seamie Heffernan,0,Donal Kinsella,15th,2 3/4 l,4,8-12,73,True,56,44
Curragh Racing Results | 28th May 2023 14:15,N/A,14:15,Good,6f,Tooprofitable (IRE),L. F. Roche,0,Anthony Mullins,14th,1 1/4 l,3,8-7b,77,True,56,44
Curragh Racing Results | 28th May 2023 14:15,N/A,14:15,Good,6f,Lovejoy (IRE),N. M. Crosse,0,W. McCreery,13th,4 1/4 l,3,8-9,79,True,56,44
Curragh Racing Results | 28th May 2023 14:15,N/A,14:15,Good,6f,Pilbara Gold (IRE),R. C. Colgan,0,Andrew Kinirons,12th,1 3/4 l,4,8-13ht1,74,True,56,44
Curragh Racing Results | 28th May 2023 14:15,N/A,14:15,Good,6f,Wave Machine (FR),Ben Martin Coen,0,John Patrick Murtagh,11th,Neck,3,9-6p1,90,True,56,44
Curragh Racing Results | 28th May 2023 14:15,N/A,14:15,Good,6f,Sophie's Star,G. P. Halpin,0,Mrs Denise Foster,10th,1 1/2 l,4,9-6,81,True,56,44
Curragh Racing Results | 28th May 2023 14:15,N/A,14:15,Good,6f,Marsa (IRE),C. T. Keane,0,Edward Lynam,9th,2 1/4 l,4,8-13,74,True,56,44
Curragh Racing Results | 28th May 2023 14:15,N/A,14:15,Good,6f,Queen's Pardon,C. D. Hayes,0,Eddie & Patrick Harty,8th,2 l,4,9-1,76,True,56,44
Curragh Racing Results | 28th May 2023 14:15,N/A,14:15,Good,6f,Little Queenie (IRE),R. Whearty,7,Paul W. Flynn,7th,1/2 l,4,8-12t,73,True,56,44
Curragh Racing Results | 28th May 2023 14:15,N/A,14:15,Good,6f,Petit Calvados (IRE),Declan McDonogh,0,E. J. O'Neill,6th,3/4 l,5,9-5,80,True,56,44
Curragh Racing Results | 28th May 2023 14:15,N/A,14:15,Good,6f,Craft Irish (IRE),J. Coen,5,P. J. F. Murphy,5th,1/2 l,5,10-0b,89,True,56,44
Curragh Racing Results | 28th May 2023 14:15,N/A,14:15,Good,6f,Sioux Spirit (IRE),William James Lee,0,K. J. Condon,4th,2 1/2 l,3,9-0v,84,True,56,44
Curragh Racing Results | 28th May 2023 14:15,N/A,14:15,Good,6f,Queen Maedbh (IRE),D. B. McMonagle,0,Joseph Patrick O'Brien,3rd,1/2 l,3,9-7,91,True,56,44
Curragh Racing Results | 28th May 2023 14:15,N/A,14:15,Good,6f,Iva Batt (IRE),R. P. Whelan,0,Adrian McGuinness,2nd,1/2 l,5,8-12p,73,True,56,44
Curragh Racing Results | 28th May 2023 14:15,N/A,14:15,Good,6f,Transcendental (FR),G. F. Carroll,0,Gavin Patrick Cromwell,1st,N/A,5,9-0,75,True,56,44
Curragh Racing Results | 28th May 2023 14:45,N/A,14:45,Good,1m 2f 110y,Trevaunance (IRE),Shane Foley,0,Mrs J. Harrington,6th,Head,4,9-2,-,True,56,45
Curragh Racing Results | 28th May 2023 14:45,N/A,14:45,Good,1m 2f 110y,Vadeni (FR),Christophe Soumillon,0,Jean-Claude Rouget,5th,3/4 l,4,9-5,-,True,56,45
Curragh Racing Results | 28th May 2023 14:45,N/A,14:45,Good,1m 2f 110y,Layfayette (IRE),C. T. Keane,0,Noel Meade,4th,2 1/4 l,6,9-5,-,True,56,45
Curragh Racing Results | 28th May 2023 14:45,N/A,14:45,Good,1m 2f 110y,Piz Badile (IRE),G. M. Ryan,0,Donnacha Aidan O'Brien,3rd,6 l,4,9-5,-,True,56,45
Curragh Racing Results | 28th May 2023 14:45,N/A,14:45,Good,1m 2f 110y,Bay Bridge,Richard Kingscote,0,Sir Michael Stoute,2nd,1/2 l,5,9-5,-,True,56,45
Curragh Racing Results | 28th May 2023 14:45,N/A,14:45,Good,1m 2f 110y,Luxembourg (IRE),Ryan Moore,0,Aidan O'Brien,1st,N/A,4,9-5,-,True,56,45
Curragh Racing Results | 28th May 2023 14:45,N/A,14:45,Good,1m 2f 110y,Trevaunance (IRE),Shane Foley,0,Mrs J. Harrington,6th,Head,4,9-2,-,True,56,45
Curragh Racing Results | 28th May 2023 14:45,N/A,14:45,Good,1m 2f 110y,Vadeni (FR),Christophe Soumillon,0,Jean-Claude Rouget,5th,3/4 l,4,9-5,-,True,56,45
Curragh Racing Results | 28th May 2023 14:45,N/A,14:45,Good,1m 2f 110y,Layfayette (IRE),C. T. Keane,0,Noel Meade,4th,2 1/4 l,6,9-5,-,True,56,45
Curragh Racing Results | 28th May 2023 14:45,N/A,14:45,Good,1m 2f 110y,Piz Badile (IRE),G. M. Ryan,0,Donnacha Aidan O'Brien,3rd,6 l,4,9-5,-,True,56,45
Curragh Racing Results | 28th May 2023 14:45,N/A,14:45,Good,1m 2f 110y,Bay Bridge,Richard Kingscote,0,Sir Michael Stoute,2nd,1/2 l,5,9-5,-,True,56,45
Curragh Racing Results | 28th May 2023 14:45,N/A,14:45,Good,1m 2f 110y,Luxembourg (IRE),Ryan Moore,0,Aidan O'Brien,1st,N/A,4,9-5,-,True,56,45
Curragh Racing Results | 28th May 2023 15:15,N/A,15:15,Good,1m,Star Girls Aalmal (IRE),C. D. Hayes,0,Henry de Bromhead,8th,2 1/2 l,4,9-2p1,-,True,56,46
Curragh Racing Results | 28th May 2023 15:15,N/A,15:15,Good,1m,Redressed,C. T. Keane,0,G. M. Lyons,7th,3 1/4 l,4,9-2,-,True,56,46
Curragh Racing Results | 28th May 2023 15:15,N/A,15:15,Good,1m,Spring Feeling (FR),R. P. Whelan,0,K. J. Condon,6th,3 3/4 l,4,9-2,-,True,56,46
Curragh Racing Results | 28th May 2023 15:15,N/A,15:15,Good,1m,Honey Girl (BRA),D. B. McMonagle,0,Joseph Patrick O'Brien,5th,1 1/4 l,4,9-2,-,True,56,46
Curragh Racing Results | 28th May 2023 15:15,N/A,15:15,Good,1m,Goldana (IRE),M. P. Sheehy,0,Joseph Patrick O'Brien,4th,1 1/4 l,4,9-2,-,True,56,46
Curragh Racing Results | 28th May 2023 15:15,N/A,15:15,Good,1m,Insinuendo (IRE),Declan McDonogh,0,W. McCreery,3rd,3/4 l,6,9-2,-,True,56,46
Curragh Racing Results | 28th May 2023 15:15,N/A,15:15,Good,1m,Jumbly,Ryan Moore,0,Joseph Patrick O'Brien,2nd,2 1/4 l,4,9-2,-,True,56,46
Curragh Racing Results | 28th May 2023 15:15,N/A,15:15,Good,1m,Just Beautiful,William James Lee,0,P. Twomey,1st,N/A,5,9-2,-,True,56,46
Curragh Racing Results | 28th May 2023 15:15,N/A,15:15,Good,1m,Star Girls Aalmal (IRE),C. D. Hayes,0,Henry de Bromhead,8th,2 1/2 l,4,9-2p1,-,True,56,46
Curragh Racing Results | 28th May 2023 15:15,N/A,15:15,Good,1m,Redressed,C. T. Keane,0,G. M. Lyons,7th,3 1/4 l,4,9-2,-,True,56,46
Curragh Racing Results | 28th May 2023 15:15,N/A,15:15,Good,1m,Spring Feeling (FR),R. P. Whelan,0,K. J. Condon,6th,3 3/4 l,4,9-2,-,True,56,46
Curragh Racing Results | 28th May 2023 15:15,N/A,15:15,Good,1m,Honey Girl (BRA),D. B. McMonagle,0,Joseph Patrick O'Brien,5th,1 1/4 l,4,9-2,-,True,56,46
Curragh Racing Results | 28th May 2023 15:15,N/A,15:15,Good,1m,Goldana (IRE),M. P. Sheehy,0,Joseph Patrick O'Brien,4th,1 1/4 l,4,9-2,-,True,56,46
Curragh Racing Results | 28th May 2023 15:15,N/A,15:15,Good,1m,Insinuendo (IRE),Declan McDonogh,0,W. McCreery,3rd,3/4 l,6,9-2,-,True,56,46
Curragh Racing Results | 28th May 2023 15:15,N/A,15:15,Good,1m,Jumbly,Ryan Moore,0,Joseph Patrick O'Brien,2nd,2 1/4 l,4,9-2,-,True,56,46
Curragh Racing Results | 28th May 2023 15:15,N/A,15:15,Good,1m,Just Beautiful,William James Lee,0,P. Twomey,1st,N/A,5,9-2,-,True,56,46
Curragh Racing Results | 28th May 2023 15:50,N/A,15:50,Good,1m,Aspen Grove (IRE),M. A. Enright,0,J. A. Stack,10th,3/4 l,3,9-2,-,True,56,47
Curragh Racing Results | 28th May 2023 15:50,N/A,15:50,Good,1m,Eternal Silence (USA),Shane Foley,0,Mrs J. Harrington,9th,1 3/4 l,3,9-2,-,True,56,47
Curragh Racing Results | 28th May 2023 15:50,N/A,15:50,Good,1m,Dower House (IRE),W. M. Lordan,0,Aidan O'Brien,8th,1 1/4 l,3,9-2t1,-,True,56,47
Curragh Racing Results | 28th May 2023 15:50,N/A,15:50,Good,1m,Breege,Jason Hart,0,John Quinn,7th,1/2 l,3,9-2,-,True,56,47
Curragh Racing Results | 28th May 2023 15:50,N/A,15:50,Good,1m,You Send Me (IRE),C. T. Keane,0,J. A. Stack,6th,4 3/4 l,3,9-2,-,True,56,47
Curragh Racing Results | 28th May 2023 15:50,N/A,15:50,Good,1m,Jackie Oh (IRE),Seamie Heffernan,0,Aidan O'Brien,5th,2 3/4 l,3,9-2,-,True,56,47
Curragh Racing Results | 28th May 2023 15:50,N/A,15:50,Good,1m,Tarawa (IRE),William James Lee,0,D. K. Weld,4th,1 1/4 l,3,9-2,-,True,56,47
Curragh Racing Results | 28th May 2023 15:50,N/A,15:50,Good,1m,Comhra (IRE),R. P. Cleary,0,J. S. Bolger,3rd,Head,3,9-2p1,-,True,56,47
Curragh Racing Results | 28th May 2023 15:50,N/A,15:50,Good,1m,Meditate (IRE),Ryan Moore,0,Aidan O'Brien,2nd,1 1/2 l,3,9-2,-,True,56,47
Curragh Racing Results | 28th May 2023 15:50,N/A,15:50,Good,1m,Tahiyra (IRE),C. D. Hayes,0,D. K. Weld,1st,N/A,3,9-2,-,True,56,47
Curragh Racing Results | 28th May 2023 15:50,N/A,15:50,Good,1m,Aspen Grove (IRE),M. A. Enright,0,J. A. Stack,10th,3/4 l,3,9-2,-,True,56,47
Curragh Racing Results | 28th May 2023 15:50,N/A,15:50,Good,1m,Eternal Silence (USA),Shane Foley,0,Mrs J. Harrington,9th,1 3/4 l,3,9-2,-,True,56,47
Curragh Racing Results | 28th May 2023 15:50,N/A,15:50,Good,1m,Dower House (IRE),W. M. Lordan,0,Aidan O'Brien,8th,1 1/4 l,3,9-2t1,-,True,56,47
Curragh Racing Results | 28th May 2023 15:50,N/A,15:50,Good,1m,Breege,Jason Hart,0,John Quinn,7th,1/2 l,3,9-2,-,True,56,47
Curragh Racing Results | 28th May 2023 15:50,N/A,15:50,Good,1m,You Send Me (IRE),C. T. Keane,0,J. A. Stack,6th,4 3/4 l,3,9-2,-,True,56,47
Curragh Racing Results | 28th May 2023 15:50,N/A,15:50,Good,1m,Jackie Oh (IRE),Seamie Heffernan,0,Aidan O'Brien,5th,2 3/4 l,3,9-2,-,True,56,47
Curragh Racing Results | 28th May 2023 15:50,N/A,15:50,Good,1m,Tarawa (IRE),William James Lee,0,D. K. Weld,4th,1 1/4 l,3,9-2,-,True,56,47
Curragh Racing Results | 28th May 2023 15:50,N/A,15:50,Good,1m,Comhra (IRE),R. P. Cleary,0,J. S. Bolger,3rd,Head,3,9-2p1,-,True,56,47
Curragh Racing Results | 28th May 2023 15:50,N/A,15:50,Good,1m,Meditate (IRE),Ryan Moore,0,Aidan O'Brien,2nd,1 1/2 l,3,9-2,-,True,56,47
Curragh Racing Results | 28th May 2023 15:50,N/A,15:50,Good,1m,Tahiyra (IRE),C. D. Hayes,0,D. K. Weld,1st,N/A,3,9-2,-,True,56,47
Curragh Racing Results | 28th May 2023 16:25,N/A,16:25,Good,1m 2f,Mister Mister (GER),D. B. McMonagle,0,Joseph Patrick O'Brien,6th,1 1/4 l,3,9-5h,-,True,56,48
Curragh Racing Results | 28th May 2023 16:25,N/A,16:25,Good,1m 2f,Save Your Love (IRE),Ben Martin Coen,0,John Patrick Murtagh,5th,2 1/4 l,3,9-5,-,True,56,48
Curragh Racing Results | 28th May 2023 16:25,N/A,16:25,Good,1m 2f,Young Ireland (IRE),R. P. Cleary,0,J. S. Bolger,4th,5 1/2 l,3,9-5,-,True,56,48
Curragh Racing Results | 28th May 2023 16:25,N/A,16:25,Good,1m 2f,Kingswood,R. P. Whelan,0,John S. O'Donoghue,3rd,1/2 l,3,9-5,-,True,56,48
Curragh Racing Results | 28th May 2023 16:25,N/A,16:25,Good,1m 2f,Teutates (IRE),G. M. Ryan,0,Donnacha Aidan O'Brien,2nd,N/A,3,9-5p,-,True,56,48
Curragh Racing Results | 28th May 2023 16:25,N/A,16:25,Good,1m 2f,Drumroll (IRE),Ryan Moore,0,Aidan O'Brien,1st,Short Head,3,9-5,-,True,56,48
Curragh Racing Results | 28th May 2023 16:25,N/A,16:25,Good,1m 2f,Mister Mister (GER),D. B. McMonagle,0,Joseph Patrick O'Brien,6th,1 1/4 l,3,9-5h,-,True,56,48
Curragh Racing Results | 28th May 2023 16:25,N/A,16:25,Good,1m 2f,Save Your Love (IRE),Ben Martin Coen,0,John Patrick Murtagh,5th,2 1/4 l,3,9-5,-,True,56,48
Curragh Racing Results | 28th May 2023 16:25,N/A,16:25,Good,1m 2f,Young Ireland (IRE),R. P. Cleary,0,J. S. Bolger,4th,5 1/2 l,3,9-5,-,True,56,48
Curragh Racing Results | 28th May 2023 16:25,N/A,16:25,Good,1m 2f,Kingswood,R. P. Whelan,0,John S. O'Donoghue,3rd,1/2 l,3,9-5,-,True,56,48
Curragh Racing Results | 28th May 2023 16:25,N/A,16:25,Good,1m 2f,Teutates (IRE),G. M. Ryan,0,Donnacha Aidan O'Brien,2nd,N/A,3,9-5p,-,True,56,48
Curragh Racing Results | 28th May 2023 16:25,N/A,16:25,Good,1m 2f,Drumroll (IRE),Ryan Moore,0,Aidan O'Brien,1st,Short Head,3,9-5,-,True,56,48
Curragh Racing Results | 28th May 2023 16:55,N/A,16:55,Good,1m 2f,Elsa's Pride (IRE),A. J. Slattery,0,J. A. Stack,9th,4 3/4 l,3,9-3,-,True,56,49
Curragh Racing Results | 28th May 2023 16:55,N/A,16:55,Good,1m 2f,Ameerat Jumaira,R. P. Whelan,0,M. Halford & T. Collins,8th,1 3/4 l,3,9-3,-,True,56,49
Curragh Racing Results | 28th May 2023 16:55,N/A,16:55,Good,1m 2f,Kirkuila (IRE),L. T. McAteer,3,James M. Barrett,7th,2 1/4 l,3,9-3,-,True,56,49
Curragh Racing Results | 28th May 2023 16:55,N/A,16:55,Good,1m 2f,Fairytale Princess (IRE),C. T. Keane,0,G. M. Lyons,6th,3 3/4 l,3,9-3,-,True,56,49
Curragh Racing Results | 28th May 2023 16:55,N/A,16:55,Good,1m 2f,Report (USA),G. M. Ryan,0,Donnacha Aidan O'Brien,5th,1/2 l,3,9-3,-,True,56,49
Curragh Racing Results | 28th May 2023 16:55,N/A,16:55,Good,1m 2f,Eziva (IRE),C. D. Hayes,0,D. K. Weld,4th,2 1/2 l,3,9-3,-,True,56,49
Curragh Racing Results | 28th May 2023 16:55,N/A,16:55,Good,1m 2f,Star Galaxy (IRE),D. B. McMonagle,0,Joseph Patrick O'Brien,3rd,1/2 l,3,9-3h1,-,True,56,49
Curragh Racing Results | 28th May 2023 16:55,N/A,16:55,Good,1m 2f,Esquiline (FR),Ben Martin Coen,0,John Patrick Murtagh,2nd,2 1/4 l,3,9-3,-,True,56,49
Curragh Racing Results | 28th May 2023 16:55,N/A,16:55,Good,1m 2f,High Chieftess (IRE),Ryan Moore,0,Aidan O'Brien,1st,N/A,3,9-3b1,-,True,56,49
Curragh Racing Results | 28th May 2023 16:55,N/A,16:55,Good,1m 2f,Elsa's Pride (IRE),A. J. Slattery,0,J. A. Stack,9th,4 3/4 l,3,9-3,-,True,56,49
Curragh Racing Results | 28th May 2023 16:55,N/A,16:55,Good,1m 2f,Ameerat Jumaira,R. P. Whelan,0,M. Halford & T. Collins,8th,1 3/4 l,3,9-3,-,True,56,49
Curragh Racing Results | 28th May 2023 16:55,N/A,16:55,Good,1m 2f,Kirkuila (IRE),L. T. McAteer,3,James M. Barrett,7th,2 1/4 l,3,9-3,-,True,56,49
Curragh Racing Results | 28th May 2023 16:55,N/A,16:55,Good,1m 2f,Fairytale Princess (IRE),C. T. Keane,0,G. M. Lyons,6th,3 3/4 l,3,9-3,-,True,56,49
Curragh Racing Results | 28th May 2023 16:55,N/A,16:55,Good,1m 2f,Report (USA),G. M. Ryan,0,Donnacha Aidan O'Brien,5th,1/2 l,3,9-3,-,True,56,49
Curragh Racing Results | 28th May 2023 16:55,N/A,16:55,Good,1m 2f,Eziva (IRE),C. D. Hayes,0,D. K. Weld,4th,2 1/2 l,3,9-3,-,True,56,49
Curragh Racing Results | 28th May 2023 16:55,N/A,16:55,Good,1m 2f,Star Galaxy (IRE),D. B. McMonagle,0,Joseph Patrick O'Brien,3rd,1/2 l,3,9-3h1,-,True,56,49
Curragh Racing Results | 28th May 2023 16:55,N/A,16:55,Good,1m 2f,Esquiline (FR),Ben Martin Coen,0,John Patrick Murtagh,2nd,2 1/4 l,3,9-3,-,True,56,49
Curragh Racing Results | 28th May 2023 16:55,N/A,16:55,Good,1m 2f,High Chieftess (IRE),Ryan Moore,0,Aidan O'Brien,1st,N/A,3,9-3b1,-,True,56,49
Curragh Racing Results | 28th May 2023 17:25,N/A,17:25,Good,1m 6f,Mellow Magic,S. McCullagh,3,Mrs J. Harrington,NR,N/A,5,9-12,88,True,56,50
Curragh Racing Results | 28th May 2023 17:25,N/A,17:25,Good,1m 6f,Bold Approach (IRE),R. P. Cleary,0,Brendan Duke,18th,9 1/2 l,7,9-10,86,True,56,50
Curragh Racing Results | 28th May 2023 17:25,N/A,17:25,Good,1m 6f,Kingsofthemidlands (FR),Declan McDonogh,0,P. A. Fahy,17th,1 3/4 l,5,8-11,73,True,56,50
Curragh Racing Results | 28th May 2023 17:25,N/A,17:25,Good,1m 6f,Bradesco (IRE),N. M. Crosse,0,Luke Comer,16th,1 1/4 l,6,10-4,94,True,56,50
Curragh Racing Results | 28th May 2023 17:25,N/A,17:25,Good,1m 6f,Ted Hastings (IRE),C. D. Hayes,0,Gordon Elliott,15th,1 l,7,9-13,89,True,56,50
Curragh Racing Results | 28th May 2023 17:25,N/A,17:25,Good,1m 6f,Mr Rango (IRE),Siobhan Rutledge,5,Ross O'Sullivan,14th,1 3/4 l,5,9-11,87,True,56,50
Curragh Racing Results | 28th May 2023 17:25,N/A,17:25,Good,1m 6f,Almuhit (IRE),M. A. Enright,0,Denis Hogan,13th,Nose,4,10-1p,91,True,56,50
Curragh Racing Results | 28th May 2023 17:25,N/A,17:25,Good,1m 6f,Zanndabad (IRE),Ben Martin Coen,0,A. J. Martin,12th,Head,4,10-5t,95,True,56,50
Curragh Racing Results | 28th May 2023 17:25,N/A,17:25,Good,1m 6f,Sheishybrid (IRE),Adam Caffrey,7,Noel Meade,11th,1/2 l,5,9-9b,85,True,56,50
Curragh Racing Results | 28th May 2023 17:25,N/A,17:25,Good,1m 6f,Last Ammo (IRE),D. B. McMonagle,0,Richard John O'Brien,10th,1 1/4 l,4,9-2,78,True,56,50
Curragh Racing Results | 28th May 2023 17:25,N/A,17:25,Good,1m 6f,Snapius (IRE),William James Lee,0,James A. Nash,9th,Short Head,4,9-4,80,True,56,50
Curragh Racing Results | 28th May 2023 17:25,N/A,17:25,Good,1m 6f,Morph Speed (IRE),M. P. Sheehy,0,Joseph Patrick O'Brien,8th,Head,7,9-6t1,82,True,56,50
Curragh Racing Results | 28th May 2023 17:25,N/A,17:25,Good,1m 6f,Kingswear,J. M. Sheridan,3,Denis Hogan,7th,Head,6,9-11,87,True,56,50
Curragh Racing Results | 28th May 2023 17:25,N/A,17:25,Good,1m 6f,Newfoundland (IRE),Ryan Moore,0,Joseph Patrick O'Brien,6th,2 l,4,9-13,89,True,56,50
Curragh Racing Results | 28th May 2023 17:25,N/A,17:25,Good,1m 6f,Star Kissed (IRE),C. T. Keane,0,G. M. Lyons,5th,1 1/4 l,4,9-3,79,True,56,50
Curragh Racing Results | 28th May 2023 17:25,N/A,17:25,Good,1m 6f,The Very Man (IRE),Shane Foley,0,Mrs J. Harrington,4th,1 1/4 l,9,9-12p,88,True,56,50
Curragh Racing Results | 28th May 2023 17:25,N/A,17:25,Good,1m 6f,Golden Twilight (IRE),R. P. Whelan,0,M. Halford & T. Collins,3rd,1/2 l,6,9-13t,89,True,56,50
Curragh Racing Results | 28th May 2023 17:25,N/A,17:25,Good,1m 6f,Black Hawk Eagle (IRE),Oisin Murphy,0,Noel Meade,2nd,1/2 l,5,9-0,76,True,56,50
Curragh Racing Results | 28th May 2023 17:25,N/A,17:25,Good,1m 6f,Dame Rapide (IRE),L. T. McAteer,3,James M. Barrett,1st,N/A,6,10-2,92,True,56,50
Curragh Racing Results | 28th May 2023 17:25,N/A,17:25,Good,1m 6f,Mellow Magic,S. McCullagh,3,Mrs J. Harrington,NR,N/A,5,9-12,88,True,56,50
Curragh Racing Results | 28th May 2023 17:25,N/A,17:25,Good,1m 6f,Bold Approach (IRE),R. P. Cleary,0,Brendan Duke,18th,9 1/2 l,7,9-10,86,True,56,50
Curragh Racing Results | 28th May 2023 17:25,N/A,17:25,Good,1m 6f,Kingsofthemidlands (FR),Declan McDonogh,0,P. A. Fahy,17th,1 3/4 l,5,8-11,73,True,56,50
Curragh Racing Results | 28th May 2023 17:25,N/A,17:25,Good,1m 6f,Bradesco (IRE),N. M. Crosse,0,Luke Comer,16th,1 1/4 l,6,10-4,94,True,56,50
Curragh Racing Results | 28th May 2023 17:25,N/A,17:25,Good,1m 6f,Ted Hastings (IRE),C. D. Hayes,0,Gordon Elliott,15th,1 l,7,9-13,89,True,56,50
Curragh Racing Results | 28th May 2023 17:25,N/A,17:25,Good,1m 6f,Mr Rango (IRE),Siobhan Rutledge,5,Ross O'Sullivan,14th,1 3/4 l,5,9-11,87,True,56,50
Curragh Racing Results | 28th May 2023 17:25,N/A,17:25,Good,1m 6f,Almuhit (IRE),M. A. Enright,0,Denis Hogan,13th,Nose,4,10-1p,91,True,56,50
Curragh Racing Results | 28th May 2023 17:25,N/A,17:25,Good,1m 6f,Zanndabad (IRE),Ben Martin Coen,0,A. J. Martin,12th,Head,4,10-5t,95,True,56,50
Curragh Racing Results | 28th May 2023 17:25,N/A,17:25,Good,1m 6f,Sheishybrid (IRE),Adam Caffrey,7,Noel Meade,11th,1/2 l,5,9-9b,85,True,56,50
Curragh Racing Results | 28th May 2023 17:25,N/A,17:25,Good,1m 6f,Last Ammo (IRE),D. B. McMonagle,0,Richard John O'Brien,10th,1 1/4 l,4,9-2,78,True,56,50
Curragh Racing Results | 28th May 2023 17:25,N/A,17:25,Good,1m 6f,Snapius (IRE),William James Lee,0,James A. Nash,9th,Short Head,4,9-4,80,True,56,50
Curragh Racing Results | 28th May 2023 17:25,N/A,17:25,Good,1m 6f,Morph Speed (IRE),M. P. Sheehy,0,Joseph Patrick O'Brien,8th,Head,7,9-6t1,82,True,56,50
Curragh Racing Results | 28th May 2023 17:25,N/A,17:25,Good,1m 6f,Kingswear,J. M. Sheridan,3,Denis Hogan,7th,Head,6,9-11,87,True,56,50
Curragh Racing Results | 28th May 2023 17:25,N/A,17:25,Good,1m 6f,Newfoundland (IRE),Ryan Moore,0,Joseph Patrick O'Brien,6th,2 l,4,9-13,89,True,56,50
Curragh Racing Results | 28th May 2023 17:25,N/A,17:25,Good,1m 6f,Star Kissed (IRE),C. T. Keane,0,G. M. Lyons,5th,1 1/4 l,4,9-3,79,True,56,50
Curragh Racing Results | 28th May 2023 17:25,N/A,17:25,Good,1m 6f,The Very Man (IRE),Shane Foley,0,Mrs J. Harrington,4th,1 1/4 l,9,9-12p,88,True,56,50
Curragh Racing Results | 28th May 2023 17:25,N/A,17:25,Good,1m 6f,Golden Twilight (IRE),R. P. Whelan,0,M. Halford & T. Collins,3rd,1/2 l,6,9-13t,89,True,56,50
Curragh Racing Results | 28th May 2023 17:25,N/A,17:25,Good,1m 6f,Black Hawk Eagle (IRE),Oisin Murphy,0,Noel Meade,2nd,1/2 l,5,9-0,76,True,56,50
Curragh Racing Results | 28th May 2023 17:25,N/A,17:25,Good,1m 6f,Dame Rapide (IRE),L. T. McAteer,3,James M. Barrett,1st,N/A,6,10-2,92,True,56,50
