track_name,race_date,race_time,going,distance,horse_name,jockey,claims,trainer,race_position,lost_by_length,age,weight,rating,first_place_found,batch_number,url_index_in_batch
Kilbeggan Racing Results | 19th June 2023 19:13,N/A,19:13,Good (Good To Yielding In Places),2m 3f 100y,Golden Nugget (IRE),Corey McGivern,4,Gordon Elliott,7th,27 l,4,10-6,-,True,64,1
Kilbeggan Racing Results | 19th June 2023 19:13,N/A,19:13,Good (Good To Yielding In Places),2m 3f 100y,I A Connect (IRE),C. P. Millar,4,Gordon Elliott,6th,3/4 l,8,11-12,-,True,64,1
Kilbeggan Racing Results | 19th June 2023 19:13,N/A,19:13,Good (Good To Yielding In Places),2m 3f 100y,Punters Poet (IRE),D. King,0,Eoin Christopher McCarthy,5th,1/2 l,8,11-12p,-,True,64,1
Kilbeggan Racing Results | 19th June 2023 19:13,N/A,19:13,Good (Good To Yielding In Places),2m 3f 100y,Grozni (FR),M. M. McDonagh,2,Charles Byrnes,4th,3/4 l,7,11-12,-,True,64,1
Kilbeggan Racing Results | 19th June 2023 19:13,N/A,19:13,Good (Good To Yielding In Places),2m 3f 100y,Daicheadacuig (IRE),B. W. Harvey,0,Brian Mortell,3rd,2 3/4 l,8,11-12p,-,True,64,1
Kilbeggan Racing Results | 19th June 2023 19:13,N/A,19:13,Good (Good To Yielding In Places),2m 3f 100y,Winter Fog (IRE),Kieran Callaghan,4,W. P. Mullins,2nd,13 l,9,11-12,-,True,64,1
Kilbeggan Racing Results | 19th June 2023 19:13,N/A,19:13,Good (Good To Yielding In Places),2m 3f 100y,Uncle Phil (IRE),M. J. M. O'Sullivan,0,W. P. Mullins,1st,N/A,6,11-12ht,-,True,64,1
Kilbeggan Racing Results | 19th June 2023 19:13,N/A,19:13,Good (Good To Yielding In Places),2m 3f 100y,Golden Nugget (IRE),Corey McGivern,4,Gordon Elliott,7th,27 l,4,10-6,-,True,64,1
Kilbeggan Racing Results | 19th June 2023 19:13,N/A,19:13,Good (Good To Yielding In Places),2m 3f 100y,I A Connect (IRE),C. P. Millar,4,Gordon Elliott,6th,3/4 l,8,11-12,-,True,64,1
Kilbeggan Racing Results | 19th June 2023 19:13,N/A,19:13,Good (Good To Yielding In Places),2m 3f 100y,Punters Poet (IRE),D. King,0,Eoin Christopher McCarthy,5th,1/2 l,8,11-12p,-,True,64,1
Kilbeggan Racing Results | 19th June 2023 19:13,N/A,19:13,Good (Good To Yielding In Places),2m 3f 100y,Grozni (FR),M. M. McDonagh,2,Charles Byrnes,4th,3/4 l,7,11-12,-,True,64,1
Kilbeggan Racing Results | 19th June 2023 19:13,N/A,19:13,Good (Good To Yielding In Places),2m 3f 100y,Daicheadacuig (IRE),B. W. Harvey,0,Brian Mortell,3rd,2 3/4 l,8,11-12p,-,True,64,1
Kilbeggan Racing Results | 19th June 2023 19:13,N/A,19:13,Good (Good To Yielding In Places),2m 3f 100y,Winter Fog (IRE),Kieran Callaghan,4,W. P. Mullins,2nd,13 l,9,11-12,-,True,64,1
Kilbeggan Racing Results | 19th June 2023 19:13,N/A,19:13,Good (Good To Yielding In Places),2m 3f 100y,Uncle Phil (IRE),M. J. M. O'Sullivan,0,W. P. Mullins,1st,N/A,6,11-12ht,-,True,64,1
Kilbeggan Racing Results | 19th June 2023 19:43,N/A,19:43,Good (Good To Yielding In Places),2m 3f 100y,Glamorgan Duke (IRE),Jack G. Gilligan,7,Paul John Gilligan,6th,15 l,10,10-11,122,True,64,2
Kilbeggan Racing Results | 19th June 2023 19:43,N/A,19:43,Good (Good To Yielding In Places),2m 3f 100y,Defan,C. Brassil,5,Henry de Bromhead,5th,2 3/4 l,7,11-3,128,True,64,2
Kilbeggan Racing Results | 19th June 2023 19:43,N/A,19:43,Good (Good To Yielding In Places),2m 3f 100y,Vina Ardanza (IRE),Corey McGivern,7,Gordon Elliott,4th,4 3/4 l,6,11-12,137,True,64,2
Kilbeggan Racing Results | 19th June 2023 19:43,N/A,19:43,Good (Good To Yielding In Places),2m 3f 100y,Too Bright (IRE),L. A. McKenna,5,Noel Meade,3rd,7 1/2 l,5,10-9t,120,True,64,2
Kilbeggan Racing Results | 19th June 2023 19:43,N/A,19:43,Good (Good To Yielding In Places),2m 3f 100y,The Dara Man (IRE),Liam Quinlan,5,John Patrick Ryan,2nd,1/2 l,8,10-11,122,True,64,2
Kilbeggan Racing Results | 19th June 2023 19:43,N/A,19:43,Good (Good To Yielding In Places),2m 3f 100y,Pakens Rock (IRE),D. King,5,Barry T. Murphy,1st,N/A,10,10-5,116,True,64,2
Kilbeggan Racing Results | 19th June 2023 19:43,N/A,19:43,Good (Good To Yielding In Places),2m 3f 100y,Glamorgan Duke (IRE),Jack G. Gilligan,7,Paul John Gilligan,6th,15 l,10,10-11,122,True,64,2
Kilbeggan Racing Results | 19th June 2023 19:43,N/A,19:43,Good (Good To Yielding In Places),2m 3f 100y,Defan,C. Brassil,5,Henry de Bromhead,5th,2 3/4 l,7,11-3,128,True,64,2
Kilbeggan Racing Results | 19th June 2023 19:43,N/A,19:43,Good (Good To Yielding In Places),2m 3f 100y,Vina Ardanza (IRE),Corey McGivern,7,Gordon Elliott,4th,4 3/4 l,6,11-12,137,True,64,2
Kilbeggan Racing Results | 19th June 2023 19:43,N/A,19:43,Good (Good To Yielding In Places),2m 3f 100y,Too Bright (IRE),L. A. McKenna,5,Noel Meade,3rd,7 1/2 l,5,10-9t,120,True,64,2
Kilbeggan Racing Results | 19th June 2023 19:43,N/A,19:43,Good (Good To Yielding In Places),2m 3f 100y,The Dara Man (IRE),Liam Quinlan,5,John Patrick Ryan,2nd,1/2 l,8,10-11,122,True,64,2
Kilbeggan Racing Results | 19th June 2023 19:43,N/A,19:43,Good (Good To Yielding In Places),2m 3f 100y,Pakens Rock (IRE),D. King,5,Barry T. Murphy,1st,N/A,10,10-5,116,True,64,2
Wexford Racing Results | 20th June 2023 13:40,N/A,13:40,Good (Good To Yielding Places),2m 3f 170y,Ideal Pal (IRE),S. Fitzgerald,0,Cian Michael Collins,PU,N/A,7,11-12,-,True,64,4
Wexford Racing Results | 20th June 2023 13:40,N/A,13:40,Good (Good To Yielding Places),2m 3f 170y,Pale Blue Dot (FR),D. King,5,Denis Hogan,13th,Head,7,11-12b,-,True,64,4
Wexford Racing Results | 20th June 2023 13:40,N/A,13:40,Good (Good To Yielding Places),2m 3f 170y,Zanjabeel,L. A. McKenna,0,Stephanie Ocsko-Moore,12th,1/2 l,10,11-12t,-,True,64,4
Wexford Racing Results | 20th June 2023 13:40,N/A,13:40,Good (Good To Yielding Places),2m 3f 170y,Must Meet Cecil (IRE),E. Walsh,0,Cian Michael Collins,11th,10 l,5,11-12,-,True,64,4
Wexford Racing Results | 20th June 2023 13:40,N/A,13:40,Good (Good To Yielding Places),2m 3f 170y,Wouldn't You Agree (IRE),M. M. McDonagh,5,Eoin Griffin,10th,6 l,9,11-12b1,-,True,64,4
Wexford Racing Results | 20th June 2023 13:40,N/A,13:40,Good (Good To Yielding Places),2m 3f 170y,Leish Oscars Son (IRE),C. D. Maxwell,0,Gavin Patrick Cromwell,9th,12 l,7,11-12,-,True,64,4
Wexford Racing Results | 20th June 2023 13:40,N/A,13:40,Good (Good To Yielding Places),2m 3f 170y,Gorgeous Suspect (FR),M. P. O'Connor,5,Aidan Anthony Howard,8th,1/2 l,7,11-12h,-,True,64,4
Wexford Racing Results | 20th June 2023 13:40,N/A,13:40,Good (Good To Yielding Places),2m 3f 170y,Downtown Queen (IRE),H. Morgan,0,Henry de Bromhead,7th,Short Head,6,11-5t,-,True,64,4
Wexford Racing Results | 20th June 2023 13:40,N/A,13:40,Good (Good To Yielding Places),2m 3f 170y,Tucson Train (IRE),Liam Quinlan,5,Thomas Mullins,6th,1 l,8,11-12,-,True,64,4
Wexford Racing Results | 20th June 2023 13:40,N/A,13:40,Good (Good To Yielding Places),2m 3f 170y,Itwasfate,C. Brassil,5,Henry de Bromhead,5th,Nose,6,11-12,-,True,64,4
Wexford Racing Results | 20th June 2023 13:40,N/A,13:40,Good (Good To Yielding Places),2m 3f 170y,Inclusion (IRE),Kieran Callaghan,7,W. P. Mullins,4th,3 3/4 l,6,11-5,-,True,64,4
Wexford Racing Results | 20th June 2023 13:40,N/A,13:40,Good (Good To Yielding Places),2m 3f 170y,Takarengo (IRE),A. P. Kelly,7,Thomas Mullins,3rd,3 l,7,11-12p,-,True,64,4
Wexford Racing Results | 20th June 2023 13:40,N/A,13:40,Good (Good To Yielding Places),2m 3f 170y,Pearl of the West (IRE),R. A. Doyle,0,John McConnell,2nd,5 1/2 l,9,11-5t,-,True,64,4
Wexford Racing Results | 20th June 2023 13:40,N/A,13:40,Good (Good To Yielding Places),2m 3f 170y,Changing the Rules (IRE),J. S. McGarvey,0,Mrs J. Harrington,1st,N/A,6,11-12p1,-,True,64,4
Wexford Racing Results | 20th June 2023 13:40,N/A,13:40,Good (Good To Yielding Places),2m 3f 170y,Ideal Pal (IRE),S. Fitzgerald,0,Cian Michael Collins,PU,N/A,7,11-12,-,True,64,4
Wexford Racing Results | 20th June 2023 13:40,N/A,13:40,Good (Good To Yielding Places),2m 3f 170y,Pale Blue Dot (FR),D. King,5,Denis Hogan,13th,Head,7,11-12b,-,True,64,4
Wexford Racing Results | 20th June 2023 13:40,N/A,13:40,Good (Good To Yielding Places),2m 3f 170y,Zanjabeel,L. A. McKenna,0,Stephanie Ocsko-Moore,12th,1/2 l,10,11-12t,-,True,64,4
Wexford Racing Results | 20th June 2023 13:40,N/A,13:40,Good (Good To Yielding Places),2m 3f 170y,Must Meet Cecil (IRE),E. Walsh,0,Cian Michael Collins,11th,10 l,5,11-12,-,True,64,4
Wexford Racing Results | 20th June 2023 13:40,N/A,13:40,Good (Good To Yielding Places),2m 3f 170y,Wouldn't You Agree (IRE),M. M. McDonagh,5,Eoin Griffin,10th,6 l,9,11-12b1,-,True,64,4
Wexford Racing Results | 20th June 2023 13:40,N/A,13:40,Good (Good To Yielding Places),2m 3f 170y,Leish Oscars Son (IRE),C. D. Maxwell,0,Gavin Patrick Cromwell,9th,12 l,7,11-12,-,True,64,4
Wexford Racing Results | 20th June 2023 13:40,N/A,13:40,Good (Good To Yielding Places),2m 3f 170y,Gorgeous Suspect (FR),M. P. O'Connor,5,Aidan Anthony Howard,8th,1/2 l,7,11-12h,-,True,64,4
Wexford Racing Results | 20th June 2023 13:40,N/A,13:40,Good (Good To Yielding Places),2m 3f 170y,Downtown Queen (IRE),H. Morgan,0,Henry de Bromhead,7th,Short Head,6,11-5t,-,True,64,4
Wexford Racing Results | 20th June 2023 13:40,N/A,13:40,Good (Good To Yielding Places),2m 3f 170y,Tucson Train (IRE),Liam Quinlan,5,Thomas Mullins,6th,1 l,8,11-12,-,True,64,4
Wexford Racing Results | 20th June 2023 13:40,N/A,13:40,Good (Good To Yielding Places),2m 3f 170y,Itwasfate,C. Brassil,5,Henry de Bromhead,5th,Nose,6,11-12,-,True,64,4
Wexford Racing Results | 20th June 2023 13:40,N/A,13:40,Good (Good To Yielding Places),2m 3f 170y,Inclusion (IRE),Kieran Callaghan,7,W. P. Mullins,4th,3 3/4 l,6,11-5,-,True,64,4
Wexford Racing Results | 20th June 2023 13:40,N/A,13:40,Good (Good To Yielding Places),2m 3f 170y,Takarengo (IRE),A. P. Kelly,7,Thomas Mullins,3rd,3 l,7,11-12p,-,True,64,4
Wexford Racing Results | 20th June 2023 13:40,N/A,13:40,Good (Good To Yielding Places),2m 3f 170y,Pearl of the West (IRE),R. A. Doyle,0,John McConnell,2nd,5 1/2 l,9,11-5t,-,True,64,4
Wexford Racing Results | 20th June 2023 13:40,N/A,13:40,Good (Good To Yielding Places),2m 3f 170y,Changing the Rules (IRE),J. S. McGarvey,0,Mrs J. Harrington,1st,N/A,6,11-12p1,-,True,64,4
Wexford Racing Results | 20th June 2023 14:12,N/A,14:12,Good (Good To Yielding Places),2m 3f 170y,Deo Bellator (IRE),Aileen O'Sullivan,7,S. Michael Millar,4th,70 l,10,10-9,-,True,64,5
Wexford Racing Results | 20th June 2023 14:12,N/A,14:12,Good (Good To Yielding Places),2m 3f 170y,Effernock Fizz (IRE),E. Walsh,0,Cian Michael Collins,3rd,3 1/4 l,8,11-1tp,-,True,64,5
Wexford Racing Results | 20th June 2023 14:12,N/A,14:12,Good (Good To Yielding Places),2m 3f 170y,Saldier (FR),Kieran Callaghan,7,W. P. Mullins,2nd,15 l,9,11-8p,-,True,64,5
Wexford Racing Results | 20th June 2023 14:12,N/A,14:12,Good (Good To Yielding Places),2m 3f 170y,Watch House Cross (IRE),M. P. O'Connor,5,Henry de Bromhead,1st,N/A,6,11-8t,-,True,64,5
Wexford Racing Results | 20th June 2023 14:12,N/A,14:12,Good (Good To Yielding Places),2m 3f 170y,Deo Bellator (IRE),Aileen O'Sullivan,7,S. Michael Millar,4th,70 l,10,10-9,-,True,64,5
Wexford Racing Results | 20th June 2023 14:12,N/A,14:12,Good (Good To Yielding Places),2m 3f 170y,Effernock Fizz (IRE),E. Walsh,0,Cian Michael Collins,3rd,3 1/4 l,8,11-1tp,-,True,64,5
Wexford Racing Results | 20th June 2023 14:12,N/A,14:12,Good (Good To Yielding Places),2m 3f 170y,Saldier (FR),Kieran Callaghan,7,W. P. Mullins,2nd,15 l,9,11-8p,-,True,64,5
Wexford Racing Results | 20th June 2023 14:12,N/A,14:12,Good (Good To Yielding Places),2m 3f 170y,Watch House Cross (IRE),M. P. O'Connor,5,Henry de Bromhead,1st,N/A,6,11-8t,-,True,64,5
Wexford Racing Results | 20th June 2023 15:22,N/A,15:22,Good (Good To Yielding Places),2m,Linden Blaze (IRE),Shane Fenelon,7,R. P. Rath,6th,20 l,6,11-12,-,True,64,7
Wexford Racing Results | 20th June 2023 15:22,N/A,15:22,Good (Good To Yielding Places),2m,Lodestar (FR),M. P. O'Connor,5,David Harry Kelly,5th,5 l,6,11-5t,-,True,64,7
Wexford Racing Results | 20th June 2023 15:22,N/A,15:22,Good (Good To Yielding Places),2m,Automatic (IRE),M. M. McDonagh,5,W. J. Burke,4th,12 l,9,11-12,-,True,64,7
Wexford Racing Results | 20th June 2023 15:22,N/A,15:22,Good (Good To Yielding Places),2m,Pepperocco (IRE),Conor Orr,0,Ross O'Sullivan,3rd,23 l,6,11-5t,-,True,64,7
Wexford Racing Results | 20th June 2023 15:22,N/A,15:22,Good (Good To Yielding Places),2m,Walnut Beach (IRE),S. Fitzgerald,0,Patrick J. Flynn,2nd,4 1/2 l,6,11-12,-,True,64,7
Wexford Racing Results | 20th June 2023 15:22,N/A,15:22,Good (Good To Yielding Places),2m,Tax For Max (GER),Kieran Callaghan,7,W. P. Mullins,1st,N/A,6,11-12t,-,True,64,7
Wexford Racing Results | 20th June 2023 15:22,N/A,15:22,Good (Good To Yielding Places),2m,Linden Blaze (IRE),Shane Fenelon,7,R. P. Rath,6th,20 l,6,11-12,-,True,64,7
Wexford Racing Results | 20th June 2023 15:22,N/A,15:22,Good (Good To Yielding Places),2m,Lodestar (FR),M. P. O'Connor,5,David Harry Kelly,5th,5 l,6,11-5t,-,True,64,7
Wexford Racing Results | 20th June 2023 15:22,N/A,15:22,Good (Good To Yielding Places),2m,Automatic (IRE),M. M. McDonagh,5,W. J. Burke,4th,12 l,9,11-12,-,True,64,7
Wexford Racing Results | 20th June 2023 15:22,N/A,15:22,Good (Good To Yielding Places),2m,Pepperocco (IRE),Conor Orr,0,Ross O'Sullivan,3rd,23 l,6,11-5t,-,True,64,7
Wexford Racing Results | 20th June 2023 15:22,N/A,15:22,Good (Good To Yielding Places),2m,Walnut Beach (IRE),S. Fitzgerald,0,Patrick J. Flynn,2nd,4 1/2 l,6,11-12,-,True,64,7
Wexford Racing Results | 20th June 2023 15:22,N/A,15:22,Good (Good To Yielding Places),2m,Tax For Max (GER),Kieran Callaghan,7,W. P. Mullins,1st,N/A,6,11-12t,-,True,64,7
Wexford Racing Results | 20th June 2023 16:00,N/A,16:00,Good (Good To Yielding Places),2m,Good As Hell (IRE),E. Dwan,4,Philip Fenton,UR,N/A,8,11-7b,114,True,64,8
Wexford Racing Results | 20th June 2023 16:00,N/A,16:00,Good (Good To Yielding Places),2m,Oscer Romero (IRE),C. M. Quirke,4,P. J. Rothwell,PU,N/A,8,11-0p,107,True,64,8
Wexford Racing Results | 20th June 2023 16:00,N/A,16:00,Good (Good To Yielding Places),2m,Name Me Famous (IRE),D. King,0,Eoin Christopher McCarthy,F,N/A,7,10-7tp,100,True,64,8
Wexford Racing Results | 20th June 2023 16:00,N/A,16:00,Good (Good To Yielding Places),2m,Western Cowboy (IRE),M. P. O'Connor,0,Henry de Bromhead,4th,15 l,7,11-4,111,True,64,8
Wexford Racing Results | 20th June 2023 16:00,N/A,16:00,Good (Good To Yielding Places),2m,Where's Bunny (IRE),J. P. O'Sullivan,0,N. Dooly,3rd,12 l,8,10-12,105,True,64,8
Wexford Racing Results | 20th June 2023 16:00,N/A,16:00,Good (Good To Yielding Places),2m,Clever Currency (IRE),B. W. Harvey,0,Paul W. Flynn,2nd,17 l,6,10-11t,104,True,64,8
Wexford Racing Results | 20th June 2023 16:00,N/A,16:00,Good (Good To Yielding Places),2m,Pats Choice (IRE),M. J. M. O'Sullivan,0,Gordon Elliott,1st,N/A,6,11-12b,119,True,64,8
Wexford Racing Results | 20th June 2023 16:00,N/A,16:00,Good (Good To Yielding Places),2m,Good As Hell (IRE),E. Dwan,4,Philip Fenton,UR,N/A,8,11-7b,114,True,64,8
Wexford Racing Results | 20th June 2023 16:00,N/A,16:00,Good (Good To Yielding Places),2m,Oscer Romero (IRE),C. M. Quirke,4,P. J. Rothwell,PU,N/A,8,11-0p,107,True,64,8
Wexford Racing Results | 20th June 2023 16:00,N/A,16:00,Good (Good To Yielding Places),2m,Name Me Famous (IRE),D. King,0,Eoin Christopher McCarthy,F,N/A,7,10-7tp,100,True,64,8
Wexford Racing Results | 20th June 2023 16:00,N/A,16:00,Good (Good To Yielding Places),2m,Western Cowboy (IRE),M. P. O'Connor,0,Henry de Bromhead,4th,15 l,7,11-4,111,True,64,8
Wexford Racing Results | 20th June 2023 16:00,N/A,16:00,Good (Good To Yielding Places),2m,Where's Bunny (IRE),J. P. O'Sullivan,0,N. Dooly,3rd,12 l,8,10-12,105,True,64,8
Wexford Racing Results | 20th June 2023 16:00,N/A,16:00,Good (Good To Yielding Places),2m,Clever Currency (IRE),B. W. Harvey,0,Paul W. Flynn,2nd,17 l,6,10-11t,104,True,64,8
Wexford Racing Results | 20th June 2023 16:00,N/A,16:00,Good (Good To Yielding Places),2m,Pats Choice (IRE),M. J. M. O'Sullivan,0,Gordon Elliott,1st,N/A,6,11-12b,119,True,64,8
Wexford Racing Results | 20th June 2023 16:37,N/A,16:37,Good (Good To Yielding Places),3m 1f 70y,Aldo The Apache (IRE),S. Fitzgerald,0,Colm A. Murphy,PU,N/A,7,11-12t,123,True,64,9
Wexford Racing Results | 20th June 2023 16:37,N/A,16:37,Good (Good To Yielding Places),3m 1f 70y,Follow the Crowd (IRE),J. P. Shinnick,7,Aidan Anthony Howard,PU,N/A,8,10-13p,110,True,64,9
Wexford Racing Results | 20th June 2023 16:37,N/A,16:37,Good (Good To Yielding Places),3m 1f 70y,Avec Espoir,D. King,5,V. T. O'Brien,6th,4 1/4 l,10,10-2,99,True,64,9
Wexford Racing Results | 20th June 2023 16:37,N/A,16:37,Good (Good To Yielding Places),3m 1f 70y,Lake Chad (IRE),E. Dwan,7,Philip Fenton,5th,2 1/4 l,8,10-10,107,True,64,9
Wexford Racing Results | 20th June 2023 16:37,N/A,16:37,Good (Good To Yielding Places),3m 1f 70y,Outside The Door (IRE),A. P. Kelly,7,Padraig Roche,4th,1 l,7,11-5p,116,True,64,9
Wexford Racing Results | 20th June 2023 16:37,N/A,16:37,Good (Good To Yielding Places),3m 1f 70y,Whacker Clan (IRE),H. Morgan,0,Henry de Bromhead,3rd,1/2 l,7,11-7p,118,True,64,9
Wexford Racing Results | 20th June 2023 16:37,N/A,16:37,Good (Good To Yielding Places),3m 1f 70y,Goodnightngodbless (USA),C. G. O'Dwyer,5,J. D. Motherway,2nd,1/2 l,10,10-8tp,105,True,64,9
Wexford Racing Results | 20th June 2023 16:37,N/A,16:37,Good (Good To Yielding Places),3m 1f 70y,Battle Of Mirbat (IRE),M. M. McDonagh,5,Michael J. McDonagh,1st,N/A,6,11-0,111,True,64,9
Wexford Racing Results | 20th June 2023 16:37,N/A,16:37,Good (Good To Yielding Places),3m 1f 70y,Aldo The Apache (IRE),S. Fitzgerald,0,Colm A. Murphy,PU,N/A,7,11-12t,123,True,64,9
Wexford Racing Results | 20th June 2023 16:37,N/A,16:37,Good (Good To Yielding Places),3m 1f 70y,Follow the Crowd (IRE),J. P. Shinnick,7,Aidan Anthony Howard,PU,N/A,8,10-13p,110,True,64,9
Wexford Racing Results | 20th June 2023 16:37,N/A,16:37,Good (Good To Yielding Places),3m 1f 70y,Avec Espoir,D. King,5,V. T. O'Brien,6th,4 1/4 l,10,10-2,99,True,64,9
Wexford Racing Results | 20th June 2023 16:37,N/A,16:37,Good (Good To Yielding Places),3m 1f 70y,Lake Chad (IRE),E. Dwan,7,Philip Fenton,5th,2 1/4 l,8,10-10,107,True,64,9
Wexford Racing Results | 20th June 2023 16:37,N/A,16:37,Good (Good To Yielding Places),3m 1f 70y,Outside The Door (IRE),A. P. Kelly,7,Padraig Roche,4th,1 l,7,11-5p,116,True,64,9
Wexford Racing Results | 20th June 2023 16:37,N/A,16:37,Good (Good To Yielding Places),3m 1f 70y,Whacker Clan (IRE),H. Morgan,0,Henry de Bromhead,3rd,1/2 l,7,11-7p,118,True,64,9
Wexford Racing Results | 20th June 2023 16:37,N/A,16:37,Good (Good To Yielding Places),3m 1f 70y,Goodnightngodbless (USA),C. G. O'Dwyer,5,J. D. Motherway,2nd,1/2 l,10,10-8tp,105,True,64,9
Wexford Racing Results | 20th June 2023 16:37,N/A,16:37,Good (Good To Yielding Places),3m 1f 70y,Battle Of Mirbat (IRE),M. M. McDonagh,5,Michael J. McDonagh,1st,N/A,6,11-0,111,True,64,9
Wexford Racing Results | 21st June 2023 17:20,N/A,17:20,Good ( Yielding In Places) Maiden Hurdle (D.I) (Turf),2m 150y,Prince Quattro (IRE),C. Owens,4,P. J. Rothwell,RO,N/A,4,10-13,-,True,64,11
Wexford Racing Results | 21st June 2023 17:20,N/A,17:20,Good ( Yielding In Places) Maiden Hurdle (D.I) (Turf),2m 150y,Srowland Jack (IRE),Richard Condon,2,Adrian Sexton,PU,N/A,6,11-4,-,True,64,11
Wexford Racing Results | 21st June 2023 17:20,N/A,17:20,Good ( Yielding In Places) Maiden Hurdle (D.I) (Turf),2m 150y,The Last Mardi (IRE),M. J. M. O'Sullivan,0,Gordon Elliott,F,N/A,6,11-12,-,True,64,11
Wexford Racing Results | 21st June 2023 17:20,N/A,17:20,Good ( Yielding In Places) Maiden Hurdle (D.I) (Turf),2m 150y,Breath Caught,D. King,0,Eric McNamara,F,N/A,8,11-12t1,-,True,64,11
Wexford Racing Results | 21st June 2023 17:20,N/A,17:20,Good ( Yielding In Places) Maiden Hurdle (D.I) (Turf),2m 150y,Boston Bobby (IRE),C. M. Quirke,4,P. J. Rothwell,7th,31 l,4,10-13,-,True,64,11
Wexford Racing Results | 21st June 2023 17:20,N/A,17:20,Good ( Yielding In Places) Maiden Hurdle (D.I) (Turf),2m 150y,Jeje Plessis (FR),J. P. Shinnick,4,Philip Fenton,6th,4 l,4,10-13,-,True,64,11
Wexford Racing Results | 21st June 2023 17:20,N/A,17:20,Good ( Yielding In Places) Maiden Hurdle (D.I) (Turf),2m 150y,Noble Crusade (USA),B. W. Harvey,0,John McConnell,5th,5 1/2 l,5,11-12,-,True,64,11
Wexford Racing Results | 21st June 2023 17:20,N/A,17:20,Good ( Yielding In Places) Maiden Hurdle (D.I) (Turf),2m 150y,Seasett,Shane Fenelon,4,John Joseph Hanlon,4th,7 l,5,11-12,-,True,64,11
Wexford Racing Results | 21st June 2023 17:20,N/A,17:20,Good ( Yielding In Places) Maiden Hurdle (D.I) (Turf),2m 150y,U Asking Me (IRE),M. P. O'Connor,0,Eoin Doyle,3rd,19 l,6,11-4,-,True,64,11
Wexford Racing Results | 21st June 2023 17:20,N/A,17:20,Good ( Yielding In Places) Maiden Hurdle (D.I) (Turf),2m 150y,Fox Leicester (IRE),E. Walsh,0,John Michael Burke,2nd,4 3/4 l,7,11-12,-,True,64,11
Wexford Racing Results | 21st June 2023 17:20,N/A,17:20,Good ( Yielding In Places) Maiden Hurdle (D.I) (Turf),2m 150y,Starman (FR),J. P. O'Sullivan,0,Declan Queally,1st,N/A,7,11-4,-,True,64,11
Wexford Racing Results | 21st June 2023 17:20,N/A,17:20,Good ( Yielding In Places) Maiden Hurdle (D.I) (Turf),2m 150y,Prince Quattro (IRE),C. Owens,4,P. J. Rothwell,RO,N/A,4,10-13,-,True,64,11
Wexford Racing Results | 21st June 2023 17:20,N/A,17:20,Good ( Yielding In Places) Maiden Hurdle (D.I) (Turf),2m 150y,Srowland Jack (IRE),Richard Condon,2,Adrian Sexton,PU,N/A,6,11-4,-,True,64,11
Wexford Racing Results | 21st June 2023 17:20,N/A,17:20,Good ( Yielding In Places) Maiden Hurdle (D.I) (Turf),2m 150y,The Last Mardi (IRE),M. J. M. O'Sullivan,0,Gordon Elliott,F,N/A,6,11-12,-,True,64,11
Wexford Racing Results | 21st June 2023 17:20,N/A,17:20,Good ( Yielding In Places) Maiden Hurdle (D.I) (Turf),2m 150y,Breath Caught,D. King,0,Eric McNamara,F,N/A,8,11-12t1,-,True,64,11
Wexford Racing Results | 21st June 2023 17:20,N/A,17:20,Good ( Yielding In Places) Maiden Hurdle (D.I) (Turf),2m 150y,Boston Bobby (IRE),C. M. Quirke,4,P. J. Rothwell,7th,31 l,4,10-13,-,True,64,11
Wexford Racing Results | 21st June 2023 17:20,N/A,17:20,Good ( Yielding In Places) Maiden Hurdle (D.I) (Turf),2m 150y,Jeje Plessis (FR),J. P. Shinnick,4,Philip Fenton,6th,4 l,4,10-13,-,True,64,11
Wexford Racing Results | 21st June 2023 17:20,N/A,17:20,Good ( Yielding In Places) Maiden Hurdle (D.I) (Turf),2m 150y,Noble Crusade (USA),B. W. Harvey,0,John McConnell,5th,5 1/2 l,5,11-12,-,True,64,11
Wexford Racing Results | 21st June 2023 17:20,N/A,17:20,Good ( Yielding In Places) Maiden Hurdle (D.I) (Turf),2m 150y,Seasett,Shane Fenelon,4,John Joseph Hanlon,4th,7 l,5,11-12,-,True,64,11
Wexford Racing Results | 21st June 2023 17:20,N/A,17:20,Good ( Yielding In Places) Maiden Hurdle (D.I) (Turf),2m 150y,U Asking Me (IRE),M. P. O'Connor,0,Eoin Doyle,3rd,19 l,6,11-4,-,True,64,11
Wexford Racing Results | 21st June 2023 17:20,N/A,17:20,Good ( Yielding In Places) Maiden Hurdle (D.I) (Turf),2m 150y,Fox Leicester (IRE),E. Walsh,0,John Michael Burke,2nd,4 3/4 l,7,11-12,-,True,64,11
Wexford Racing Results | 21st June 2023 17:20,N/A,17:20,Good ( Yielding In Places) Maiden Hurdle (D.I) (Turf),2m 150y,Starman (FR),J. P. O'Sullivan,0,Declan Queally,1st,N/A,7,11-4,-,True,64,11
Wexford Racing Results | 21st June 2023 17:55,N/A,17:55,Good ( Yielding In Places) aiden Hurdle (D.Ii) (Turf),2m 150y,Bromfield Fox,N. T. Prendergast,4,Declan Queally,PU,N/A,4,10-13,-,True,64,12
Wexford Racing Results | 21st June 2023 17:55,N/A,17:55,Good ( Yielding In Places) aiden Hurdle (D.Ii) (Turf),2m 150y,Screaming Petrus,E. Walsh,0,P. J. Rothwell,PU,N/A,5,11-12,-,True,64,12
Wexford Racing Results | 21st June 2023 17:55,N/A,17:55,Good ( Yielding In Places) aiden Hurdle (D.Ii) (Turf),2m 150y,Mo Chruinne (IRE),D. King,0,Charles Byrnes,F,N/A,6,11-4,-,True,64,12
Wexford Racing Results | 21st June 2023 17:55,N/A,17:55,Good ( Yielding In Places) aiden Hurdle (D.Ii) (Turf),2m 150y,Victory Star,Shane Fenelon,4,John Joseph Hanlon,8th,61 l,6,11-12,-,True,64,12
Wexford Racing Results | 21st June 2023 17:55,N/A,17:55,Good ( Yielding In Places) aiden Hurdle (D.Ii) (Turf),2m 150y,No Show (IRE),M. J. M. O'Sullivan,0,James Joseph Mangan,7th,9 l,6,11-12p,-,True,64,12
Wexford Racing Results | 21st June 2023 17:55,N/A,17:55,Good ( Yielding In Places) aiden Hurdle (D.Ii) (Turf),2m 150y,Atreides (IRE),Richard Condon,2,Colm A. Murphy,6th,Neck,5,11-4t,-,True,64,12
Wexford Racing Results | 21st June 2023 17:55,N/A,17:55,Good ( Yielding In Places) aiden Hurdle (D.Ii) (Turf),2m 150y,Privilege,A. P. Kelly,4,Peter Fahey,5th,13 l,5,11-12b1,-,True,64,12
Wexford Racing Results | 21st June 2023 17:55,N/A,17:55,Good ( Yielding In Places) aiden Hurdle (D.Ii) (Turf),2m 150y,Noble Blue (FR),J. P. O'Sullivan,0,Paul Nolan,4th,1/2 l,5,11-4h1,-,True,64,12
Wexford Racing Results | 21st June 2023 17:55,N/A,17:55,Good ( Yielding In Places) aiden Hurdle (D.Ii) (Turf),2m 150y,Johnny M (IRE),Thomas Reilly,4,John McConnell,3rd,21 l,5,11-4,-,True,64,12
Wexford Racing Results | 21st June 2023 17:55,N/A,17:55,Good ( Yielding In Places) aiden Hurdle (D.Ii) (Turf),2m 150y,Dark Note,C. M. Quirke,4,A. Slattery,2nd,7 l,4,11-7,-,True,64,12
Wexford Racing Results | 21st June 2023 17:55,N/A,17:55,Good ( Yielding In Places) aiden Hurdle (D.Ii) (Turf),2m 150y,Bowmore (IRE),M. P. O'Connor,0,Henry de Bromhead,1st,N/A,5,11-4,-,True,64,12
Wexford Racing Results | 21st June 2023 17:55,N/A,17:55,Good ( Yielding In Places) aiden Hurdle (D.Ii) (Turf),2m 150y,Bromfield Fox,N. T. Prendergast,4,Declan Queally,PU,N/A,4,10-13,-,True,64,12
Wexford Racing Results | 21st June 2023 17:55,N/A,17:55,Good ( Yielding In Places) aiden Hurdle (D.Ii) (Turf),2m 150y,Screaming Petrus,E. Walsh,0,P. J. Rothwell,PU,N/A,5,11-12,-,True,64,12
Wexford Racing Results | 21st June 2023 17:55,N/A,17:55,Good ( Yielding In Places) aiden Hurdle (D.Ii) (Turf),2m 150y,Mo Chruinne (IRE),D. King,0,Charles Byrnes,F,N/A,6,11-4,-,True,64,12
Wexford Racing Results | 21st June 2023 17:55,N/A,17:55,Good ( Yielding In Places) aiden Hurdle (D.Ii) (Turf),2m 150y,Victory Star,Shane Fenelon,4,John Joseph Hanlon,8th,61 l,6,11-12,-,True,64,12
Wexford Racing Results | 21st June 2023 17:55,N/A,17:55,Good ( Yielding In Places) aiden Hurdle (D.Ii) (Turf),2m 150y,No Show (IRE),M. J. M. O'Sullivan,0,James Joseph Mangan,7th,9 l,6,11-12p,-,True,64,12
Wexford Racing Results | 21st June 2023 17:55,N/A,17:55,Good ( Yielding In Places) aiden Hurdle (D.Ii) (Turf),2m 150y,Atreides (IRE),Richard Condon,2,Colm A. Murphy,6th,Neck,5,11-4t,-,True,64,12
Wexford Racing Results | 21st June 2023 17:55,N/A,17:55,Good ( Yielding In Places) aiden Hurdle (D.Ii) (Turf),2m 150y,Privilege,A. P. Kelly,4,Peter Fahey,5th,13 l,5,11-12b1,-,True,64,12
Wexford Racing Results | 21st June 2023 17:55,N/A,17:55,Good ( Yielding In Places) aiden Hurdle (D.Ii) (Turf),2m 150y,Noble Blue (FR),J. P. O'Sullivan,0,Paul Nolan,4th,1/2 l,5,11-4h1,-,True,64,12
Wexford Racing Results | 21st June 2023 17:55,N/A,17:55,Good ( Yielding In Places) aiden Hurdle (D.Ii) (Turf),2m 150y,Johnny M (IRE),Thomas Reilly,4,John McConnell,3rd,21 l,5,11-4,-,True,64,12
Wexford Racing Results | 21st June 2023 17:55,N/A,17:55,Good ( Yielding In Places) aiden Hurdle (D.Ii) (Turf),2m 150y,Dark Note,C. M. Quirke,4,A. Slattery,2nd,7 l,4,11-7,-,True,64,12
Wexford Racing Results | 21st June 2023 17:55,N/A,17:55,Good ( Yielding In Places) aiden Hurdle (D.Ii) (Turf),2m 150y,Bowmore (IRE),M. P. O'Connor,0,Henry de Bromhead,1st,N/A,5,11-4,-,True,64,12
Wexford Racing Results | 21st June 2023 18:25,N/A,18:25,Good ( Yielding In Places),2m 150y,Homestead Ned (IRE),Sarah Kavanagh,7,P. M. Cloke,PU,N/A,5,11-6,-,True,64,13
Wexford Racing Results | 21st June 2023 18:25,N/A,18:25,Good ( Yielding In Places),2m 150y,Pro Bono (IRE),Philip Donovan,5,C. W. J. Farrell,5th,5 1/2 l,8,11-12t,-,True,64,13
Wexford Racing Results | 21st June 2023 18:25,N/A,18:25,Good ( Yielding In Places),2m 150y,Valleyoftheeagles (IRE),J. S. McGarvey,0,Martin Hassett,4th,4 l,5,11-12t1,-,True,64,13
Wexford Racing Results | 21st June 2023 18:25,N/A,18:25,Good ( Yielding In Places),2m 150y,Je T'ai Porte (IRE),R. A. Doyle,0,Gavin Patrick Cromwell,3rd,17 l,5,11-5h,-,True,64,13
Wexford Racing Results | 21st June 2023 18:25,N/A,18:25,Good ( Yielding In Places),2m 150y,Barry Lyndon (IRE),C. D. Maxwell,0,Dermot Anthony McLoughlin,2nd,1 1/4 l,5,11-12,-,True,64,13
Wexford Racing Results | 21st June 2023 18:25,N/A,18:25,Good ( Yielding In Places),2m 150y,Pink In The Park (IRE),Kieran Callaghan,7,W. P. Mullins,1st,N/A,6,11-5,-,True,64,13
Wexford Racing Results | 21st June 2023 18:25,N/A,18:25,Good ( Yielding In Places),2m 150y,Homestead Ned (IRE),Sarah Kavanagh,7,P. M. Cloke,PU,N/A,5,11-6,-,True,64,13
Wexford Racing Results | 21st June 2023 18:25,N/A,18:25,Good ( Yielding In Places),2m 150y,Pro Bono (IRE),Philip Donovan,5,C. W. J. Farrell,5th,5 1/2 l,8,11-12t,-,True,64,13
Wexford Racing Results | 21st June 2023 18:25,N/A,18:25,Good ( Yielding In Places),2m 150y,Valleyoftheeagles (IRE),J. S. McGarvey,0,Martin Hassett,4th,4 l,5,11-12t1,-,True,64,13
Wexford Racing Results | 21st June 2023 18:25,N/A,18:25,Good ( Yielding In Places),2m 150y,Je T'ai Porte (IRE),R. A. Doyle,0,Gavin Patrick Cromwell,3rd,17 l,5,11-5h,-,True,64,13
Wexford Racing Results | 21st June 2023 18:25,N/A,18:25,Good ( Yielding In Places),2m 150y,Barry Lyndon (IRE),C. D. Maxwell,0,Dermot Anthony McLoughlin,2nd,1 1/4 l,5,11-12,-,True,64,13
Wexford Racing Results | 21st June 2023 18:25,N/A,18:25,Good ( Yielding In Places),2m 150y,Pink In The Park (IRE),Kieran Callaghan,7,W. P. Mullins,1st,N/A,6,11-5,-,True,64,13
Wexford Racing Results | 21st June 2023 18:58,N/A,18:58,Good ( Yielding In Places),2m 4f 100y,Sweet Bonnie (IRE),M. P. O'Connor,0,J. P. Flavin,PU,N/A,5,10-13,-,True,64,14
Wexford Racing Results | 21st June 2023 18:58,N/A,18:58,Good ( Yielding In Places),2m 4f 100y,Smallcashprize (IRE),Patrick Michael O'Brien,4,Mrs Prunella Dobbs,PU,N/A,6,10-13h1,-,True,64,14
Wexford Racing Results | 21st June 2023 18:58,N/A,18:58,Good ( Yielding In Places),2m 4f 100y,Hazelhatch Lady (IRE),M. M. McDonagh,2,James Andrew Fahey,PU,N/A,6,11-7,-,True,64,14
Wexford Racing Results | 21st June 2023 18:58,N/A,18:58,Good ( Yielding In Places),2m 4f 100y,Milajess (IRE),A. P. Kelly,4,Michael C. Griffin,PU,N/A,6,10-13t,-,True,64,14
Wexford Racing Results | 21st June 2023 18:58,N/A,18:58,Good ( Yielding In Places),2m 4f 100y,Shoe String (IRE),Jack G. Gilligan,4,John Joseph Hanlon,9th,22 l,7,11-7,-,True,64,14
Wexford Racing Results | 21st June 2023 18:58,N/A,18:58,Good ( Yielding In Places),2m 4f 100y,Apples In Winter (IRE),N. T. Prendergast,4,Liam Casey,8th,2 3/4 l,6,10-13,-,True,64,14
Wexford Racing Results | 21st June 2023 18:58,N/A,18:58,Good ( Yielding In Places),2m 4f 100y,Latest Model (IRE),Shane Fenelon,4,John Joseph Hanlon,7th,8 l,6,10-13tb1,-,True,64,14
Wexford Racing Results | 21st June 2023 18:58,N/A,18:58,Good ( Yielding In Places),2m 4f 100y,Kiss My Lucky Egg,Conor Clarke,4,Emmet Mullins,6th,1 1/2 l,5,11-7t,-,True,64,14
Wexford Racing Results | 21st June 2023 18:58,N/A,18:58,Good ( Yielding In Places),2m 4f 100y,Notkeepinyagoing (IRE),B. W. Harvey,0,John McConnell,5th,8 l,6,11-7t,-,True,64,14
Wexford Racing Results | 21st June 2023 18:58,N/A,18:58,Good ( Yielding In Places),2m 4f 100y,Sarah Beara (IRE),C. M. Quirke,4,S. Curling,4th,4 3/4 l,5,10-13,-,True,64,14
Wexford Racing Results | 21st June 2023 18:58,N/A,18:58,Good ( Yielding In Places),2m 4f 100y,Cullagh Pride (IRE),Philip Donovan,2,Seamus Fahey,3rd,9 1/2 l,5,10-13h,-,True,64,14
Wexford Racing Results | 21st June 2023 18:58,N/A,18:58,Good ( Yielding In Places),2m 4f 100y,Miss Fourie (IRE),E. A. Fitzgerald,4,Peter Fahey,2nd,3 1/4 l,6,11-7,-,True,64,14
Wexford Racing Results | 21st June 2023 18:58,N/A,18:58,Good ( Yielding In Places),2m 4f 100y,Mousey Brown (IRE),M. J. Molloy,4,Dermot Anthony McLoughlin,1st,N/A,6,11-7t,-,True,64,14
Wexford Racing Results | 21st June 2023 18:58,N/A,18:58,Good ( Yielding In Places),2m 4f 100y,Sweet Bonnie (IRE),M. P. O'Connor,0,J. P. Flavin,PU,N/A,5,10-13,-,True,64,14
Wexford Racing Results | 21st June 2023 18:58,N/A,18:58,Good ( Yielding In Places),2m 4f 100y,Smallcashprize (IRE),Patrick Michael O'Brien,4,Mrs Prunella Dobbs,PU,N/A,6,10-13h1,-,True,64,14
Wexford Racing Results | 21st June 2023 18:58,N/A,18:58,Good ( Yielding In Places),2m 4f 100y,Hazelhatch Lady (IRE),M. M. McDonagh,2,James Andrew Fahey,PU,N/A,6,11-7,-,True,64,14
Wexford Racing Results | 21st June 2023 18:58,N/A,18:58,Good ( Yielding In Places),2m 4f 100y,Milajess (IRE),A. P. Kelly,4,Michael C. Griffin,PU,N/A,6,10-13t,-,True,64,14
Wexford Racing Results | 21st June 2023 18:58,N/A,18:58,Good ( Yielding In Places),2m 4f 100y,Shoe String (IRE),Jack G. Gilligan,4,John Joseph Hanlon,9th,22 l,7,11-7,-,True,64,14
Wexford Racing Results | 21st June 2023 18:58,N/A,18:58,Good ( Yielding In Places),2m 4f 100y,Apples In Winter (IRE),N. T. Prendergast,4,Liam Casey,8th,2 3/4 l,6,10-13,-,True,64,14
Wexford Racing Results | 21st June 2023 18:58,N/A,18:58,Good ( Yielding In Places),2m 4f 100y,Latest Model (IRE),Shane Fenelon,4,John Joseph Hanlon,7th,8 l,6,10-13tb1,-,True,64,14
Wexford Racing Results | 21st June 2023 18:58,N/A,18:58,Good ( Yielding In Places),2m 4f 100y,Kiss My Lucky Egg,Conor Clarke,4,Emmet Mullins,6th,1 1/2 l,5,11-7t,-,True,64,14
Wexford Racing Results | 21st June 2023 18:58,N/A,18:58,Good ( Yielding In Places),2m 4f 100y,Notkeepinyagoing (IRE),B. W. Harvey,0,John McConnell,5th,8 l,6,11-7t,-,True,64,14
Wexford Racing Results | 21st June 2023 18:58,N/A,18:58,Good ( Yielding In Places),2m 4f 100y,Sarah Beara (IRE),C. M. Quirke,4,S. Curling,4th,4 3/4 l,5,10-13,-,True,64,14
Wexford Racing Results | 21st June 2023 18:58,N/A,18:58,Good ( Yielding In Places),2m 4f 100y,Cullagh Pride (IRE),Philip Donovan,2,Seamus Fahey,3rd,9 1/2 l,5,10-13h,-,True,64,14
Wexford Racing Results | 21st June 2023 18:58,N/A,18:58,Good ( Yielding In Places),2m 4f 100y,Miss Fourie (IRE),E. A. Fitzgerald,4,Peter Fahey,2nd,3 1/4 l,6,11-7,-,True,64,14
Wexford Racing Results | 21st June 2023 18:58,N/A,18:58,Good ( Yielding In Places),2m 4f 100y,Mousey Brown (IRE),M. J. Molloy,4,Dermot Anthony McLoughlin,1st,N/A,6,11-7t,-,True,64,14
Wexford Racing Results | 21st June 2023 19:28,N/A,19:28,Good ( Yielding In Places),2m 4f 100y,Lord Gillygooley (IRE),Miss T. Quail,7,Declan Queally,10th,12 l,8,11-12b,106,True,64,15
Wexford Racing Results | 21st June 2023 19:28,N/A,19:28,Good ( Yielding In Places),2m 4f 100y,Jump The Shark (IRE),Miss J. Townend,0,Gavin Patrick Cromwell,9th,1 1/4 l,5,11-10,104,True,64,15
Wexford Racing Results | 21st June 2023 19:28,N/A,19:28,Good ( Yielding In Places),2m 4f 100y,The Great White (IRE),Miss F. Fox,7,Dermot Anthony McLoughlin,8th,Neck,9,11-6t,100,True,64,15
Wexford Racing Results | 21st June 2023 19:28,N/A,19:28,Good ( Yielding In Places),2m 4f 100y,Hurricane Darwin (IRE),Miss S. Ahern,4,C. W. J. Farrell,7th,4 3/4 l,13,11-12t,106,True,64,15
Wexford Racing Results | 21st June 2023 19:28,N/A,19:28,Good ( Yielding In Places),2m 4f 100y,Cullaghs Star (IRE),Miss S. M. Doyle,7,Seamus Fahey,6th,11 l,7,11-12h,106,True,64,15
Wexford Racing Results | 21st June 2023 19:28,N/A,19:28,Good ( Yielding In Places),2m 4f 100y,Inforapenny (IRE),Miss N. Fahey,4,Mark Fahey,5th,6 1/2 l,7,11-4,98,True,64,15
Wexford Racing Results | 21st June 2023 19:28,N/A,19:28,Good ( Yielding In Places),2m 4f 100y,Eagle Terrace,Miss Charlotte Butler,7,John Joseph Hanlon,4th,6 l,5,11-10,104,True,64,15
Wexford Racing Results | 21st June 2023 19:28,N/A,19:28,Good ( Yielding In Places),2m 4f 100y,Hidalgo Des Mottes (FR),Miss M. O'Sullivan,0,Eoin Griffin,3rd,1 1/2 l,6,11-6,100,True,64,15
Wexford Racing Results | 21st June 2023 19:28,N/A,19:28,Good ( Yielding In Places),2m 4f 100y,Buttons and Bows (IRE),Miss M. M. McElligott,4,Patrick J. Flynn,2nd,4 l,9,11-5b,99,True,64,15
Wexford Racing Results | 21st June 2023 19:28,N/A,19:28,Good ( Yielding In Places),2m 4f 100y,Feet Of A Dancer (FR),Sarah Kavanagh,4,Paul Nolan,1st,N/A,4,11-4,104,True,64,15
Wexford Racing Results | 21st June 2023 19:28,N/A,19:28,Good ( Yielding In Places),2m 4f 100y,Lord Gillygooley (IRE),Miss T. Quail,7,Declan Queally,10th,12 l,8,11-12b,106,True,64,15
Wexford Racing Results | 21st June 2023 19:28,N/A,19:28,Good ( Yielding In Places),2m 4f 100y,Jump The Shark (IRE),Miss J. Townend,0,Gavin Patrick Cromwell,9th,1 1/4 l,5,11-10,104,True,64,15
Wexford Racing Results | 21st June 2023 19:28,N/A,19:28,Good ( Yielding In Places),2m 4f 100y,The Great White (IRE),Miss F. Fox,7,Dermot Anthony McLoughlin,8th,Neck,9,11-6t,100,True,64,15
Wexford Racing Results | 21st June 2023 19:28,N/A,19:28,Good ( Yielding In Places),2m 4f 100y,Hurricane Darwin (IRE),Miss S. Ahern,4,C. W. J. Farrell,7th,4 3/4 l,13,11-12t,106,True,64,15
Wexford Racing Results | 21st June 2023 19:28,N/A,19:28,Good ( Yielding In Places),2m 4f 100y,Cullaghs Star (IRE),Miss S. M. Doyle,7,Seamus Fahey,6th,11 l,7,11-12h,106,True,64,15
Wexford Racing Results | 21st June 2023 19:28,N/A,19:28,Good ( Yielding In Places),2m 4f 100y,Inforapenny (IRE),Miss N. Fahey,4,Mark Fahey,5th,6 1/2 l,7,11-4,98,True,64,15
Wexford Racing Results | 21st June 2023 19:28,N/A,19:28,Good ( Yielding In Places),2m 4f 100y,Eagle Terrace,Miss Charlotte Butler,7,John Joseph Hanlon,4th,6 l,5,11-10,104,True,64,15
Wexford Racing Results | 21st June 2023 19:28,N/A,19:28,Good ( Yielding In Places),2m 4f 100y,Hidalgo Des Mottes (FR),Miss M. O'Sullivan,0,Eoin Griffin,3rd,1 1/2 l,6,11-6,100,True,64,15
Wexford Racing Results | 21st June 2023 19:28,N/A,19:28,Good ( Yielding In Places),2m 4f 100y,Buttons and Bows (IRE),Miss M. M. McElligott,4,Patrick J. Flynn,2nd,4 l,9,11-5b,99,True,64,15
Wexford Racing Results | 21st June 2023 19:28,N/A,19:28,Good ( Yielding In Places),2m 4f 100y,Feet Of A Dancer (FR),Sarah Kavanagh,4,Paul Nolan,1st,N/A,4,11-4,104,True,64,15
Wexford Racing Results | 21st June 2023 19:58,N/A,19:58,Good ( Yielding In Places),3m 110y,Turbojet,C. D. Maxwell,0,Dermot Anthony McLoughlin,PU,N/A,12,11-9tb,97,True,64,16
Wexford Racing Results | 21st June 2023 19:58,N/A,19:58,Good ( Yielding In Places),3m 110y,She's Tobias (IRE),E. Walsh,3,Ciaran Murphy,PU,N/A,7,11-9,97,True,64,16
Wexford Racing Results | 21st June 2023 19:58,N/A,19:58,Good ( Yielding In Places),3m 110y,General Clermont (FR),Liam Quinlan,5,D. E. Fitzgerald,PU,N/A,7,11-9,97,True,64,16
Wexford Racing Results | 21st June 2023 19:58,N/A,19:58,Good ( Yielding In Places),3m 110y,Paidi's Passion (IRE),S. Fitzgerald,0,David Christie,PU,N/A,7,11-11,99,True,64,16
Wexford Racing Results | 21st June 2023 19:58,N/A,19:58,Good ( Yielding In Places),3m 110y,Gelee Blanche (FR),P. T. Smithers,7,Barry Fitzgerald,8th,13 l,7,11-12p1,100,True,64,16
Wexford Racing Results | 21st June 2023 19:58,N/A,19:58,Good ( Yielding In Places),3m 110y,Cocoplum (IRE),M. M. McDonagh,5,Colin A. McBratney,7th,47 l,6,11-12,100,True,64,16
Wexford Racing Results | 21st June 2023 19:58,N/A,19:58,Good ( Yielding In Places),3m 110y,Whatsyourstatus (IRE),R. A. Doyle,0,Gearoid O'Loughlin,6th,1 1/2 l,10,12-0t,102,True,64,16
Wexford Racing Results | 21st June 2023 19:58,N/A,19:58,Good ( Yielding In Places),3m 110y,More Info (IRE),D. King,5,Denis Hogan,5th,1 1/2 l,8,11-13,101,True,64,16
Wexford Racing Results | 21st June 2023 19:58,N/A,19:58,Good ( Yielding In Places),3m 110y,Dinoland (FR),J. S. McGarvey,0,John McConnell,4th,4 l,5,11-9,97,True,64,16
Wexford Racing Results | 21st June 2023 19:58,N/A,19:58,Good ( Yielding In Places),3m 110y,Emir De Rots (FR),C. G. O'Dwyer,5,Conor O'Dwyer,3rd,3/4 l,9,12-0p,102,True,64,16
Wexford Racing Results | 21st June 2023 19:58,N/A,19:58,Good ( Yielding In Places),3m 110y,Florey Spud (IRE),A. P. Kelly,7,P. F. O'Donnell,2nd,3 1/2 l,8,11-13,101,True,64,16
Wexford Racing Results | 21st June 2023 19:58,N/A,19:58,Good ( Yielding In Places),3m 110y,Gotthenod (IRE),L. A. McKenna,5,Ross O'Sullivan,1st,N/A,9,12-0,102,True,64,16
Wexford Racing Results | 21st June 2023 19:58,N/A,19:58,Good ( Yielding In Places),3m 110y,Turbojet,C. D. Maxwell,0,Dermot Anthony McLoughlin,PU,N/A,12,11-9tb,97,True,64,16
Wexford Racing Results | 21st June 2023 19:58,N/A,19:58,Good ( Yielding In Places),3m 110y,She's Tobias (IRE),E. Walsh,3,Ciaran Murphy,PU,N/A,7,11-9,97,True,64,16
Wexford Racing Results | 21st June 2023 19:58,N/A,19:58,Good ( Yielding In Places),3m 110y,General Clermont (FR),Liam Quinlan,5,D. E. Fitzgerald,PU,N/A,7,11-9,97,True,64,16
Wexford Racing Results | 21st June 2023 19:58,N/A,19:58,Good ( Yielding In Places),3m 110y,Paidi's Passion (IRE),S. Fitzgerald,0,David Christie,PU,N/A,7,11-11,99,True,64,16
Wexford Racing Results | 21st June 2023 19:58,N/A,19:58,Good ( Yielding In Places),3m 110y,Gelee Blanche (FR),P. T. Smithers,7,Barry Fitzgerald,8th,13 l,7,11-12p1,100,True,64,16
Wexford Racing Results | 21st June 2023 19:58,N/A,19:58,Good ( Yielding In Places),3m 110y,Cocoplum (IRE),M. M. McDonagh,5,Colin A. McBratney,7th,47 l,6,11-12,100,True,64,16
Wexford Racing Results | 21st June 2023 19:58,N/A,19:58,Good ( Yielding In Places),3m 110y,Whatsyourstatus (IRE),R. A. Doyle,0,Gearoid O'Loughlin,6th,1 1/2 l,10,12-0t,102,True,64,16
Wexford Racing Results | 21st June 2023 19:58,N/A,19:58,Good ( Yielding In Places),3m 110y,More Info (IRE),D. King,5,Denis Hogan,5th,1 1/2 l,8,11-13,101,True,64,16
Wexford Racing Results | 21st June 2023 19:58,N/A,19:58,Good ( Yielding In Places),3m 110y,Dinoland (FR),J. S. McGarvey,0,John McConnell,4th,4 l,5,11-9,97,True,64,16
Wexford Racing Results | 21st June 2023 19:58,N/A,19:58,Good ( Yielding In Places),3m 110y,Emir De Rots (FR),C. G. O'Dwyer,5,Conor O'Dwyer,3rd,3/4 l,9,12-0p,102,True,64,16
Wexford Racing Results | 21st June 2023 19:58,N/A,19:58,Good ( Yielding In Places),3m 110y,Florey Spud (IRE),A. P. Kelly,7,P. F. O'Donnell,2nd,3 1/2 l,8,11-13,101,True,64,16
Wexford Racing Results | 21st June 2023 19:58,N/A,19:58,Good ( Yielding In Places),3m 110y,Gotthenod (IRE),L. A. McKenna,5,Ross O'Sullivan,1st,N/A,9,12-0,102,True,64,16
N/A,N/A,17:10,Good To Yielding,7f 48y,Dolce Far Niente (IRE),L. F. Roche,0,Joseph G. Murphy,12th,4 1/2 l,2,8-12,-,True,64,19
N/A,N/A,17:10,Good To Yielding,7f 48y,Promo Queen (IRE),G. P. Halpin,0,Christopher David Timmons,11th,4 1/2 l,2,8-12,-,True,64,19
N/A,N/A,17:10,Good To Yielding,7f 48y,Cloud Seeker,A. J. Slattery,0,A. Slattery,10th,1/2 l,2,9-3,-,True,64,19
N/A,N/A,17:10,Good To Yielding,7f 48y,Hispanolita (IRE),C. D. Hayes,0,Andrew McNamara,9th,3/4 l,2,8-8,-,True,64,19
N/A,N/A,17:10,Good To Yielding,7f 48y,Basilah Bear (IRE),Declan McDonogh,0,David Marnane,8th,1 1/4 l,2,8-10,-,True,64,19
N/A,N/A,17:10,Good To Yielding,7f 48y,Akkadian Emperor (IRE),M. P. Sheehy,0,Joseph Patrick O'Brien,7th,Neck,2,9-7,-,True,64,19
N/A,N/A,17:10,Good To Yielding,7f 48y,Alpha Cephei,L. T. McAteer,0,David Marnane,6th,1/2 l,2,9-3,-,True,64,19
N/A,N/A,17:10,Good To Yielding,7f 48y,Dramatic Entrance (IRE),J. A. Powell,5,Mrs J. Harrington,5th,2 1/2 l,2,8-10,-,True,64,19
N/A,N/A,17:10,Good To Yielding,7f 48y,Mary The Priest (IRE),G. F. Carroll,0,Joseph G. Murphy,4th,1 l,2,9-1h,-,True,64,19
N/A,N/A,17:10,Good To Yielding,7f 48y,Sli Na Ghealai (IRE),R. P. Cleary,0,J. S. Bolger,3rd,2 1/2 l,2,8-8,-,True,64,19
N/A,N/A,17:10,Good To Yielding,7f 48y,Port Louis (IRE),C. T. Keane,0,Noel Meade,2nd,Nose,2,9-4,-,True,64,19
N/A,N/A,17:10,Good To Yielding,7f 48y,Sea Singer (IRE),Ben Martin Coen,0,Thomas Mullins,1st,N/A,2,9-1,-,True,64,19
N/A,N/A,17:10,Good To Yielding,7f 48y,Dolce Far Niente (IRE),L. F. Roche,0,Joseph G. Murphy,12th,4 1/2 l,2,8-12,-,True,64,19
N/A,N/A,17:10,Good To Yielding,7f 48y,Promo Queen (IRE),G. P. Halpin,0,Christopher David Timmons,11th,4 1/2 l,2,8-12,-,True,64,19
N/A,N/A,17:10,Good To Yielding,7f 48y,Cloud Seeker,A. J. Slattery,0,A. Slattery,10th,1/2 l,2,9-3,-,True,64,19
N/A,N/A,17:10,Good To Yielding,7f 48y,Hispanolita (IRE),C. D. Hayes,0,Andrew McNamara,9th,3/4 l,2,8-8,-,True,64,19
N/A,N/A,17:10,Good To Yielding,7f 48y,Basilah Bear (IRE),Declan McDonogh,0,David Marnane,8th,1 1/4 l,2,8-10,-,True,64,19
N/A,N/A,17:10,Good To Yielding,7f 48y,Akkadian Emperor (IRE),M. P. Sheehy,0,Joseph Patrick O'Brien,7th,Neck,2,9-7,-,True,64,19
N/A,N/A,17:10,Good To Yielding,7f 48y,Alpha Cephei,L. T. McAteer,0,David Marnane,6th,1/2 l,2,9-3,-,True,64,19
N/A,N/A,17:10,Good To Yielding,7f 48y,Dramatic Entrance (IRE),J. A. Powell,5,Mrs J. Harrington,5th,2 1/2 l,2,8-10,-,True,64,19
N/A,N/A,17:10,Good To Yielding,7f 48y,Mary The Priest (IRE),G. F. Carroll,0,Joseph G. Murphy,4th,1 l,2,9-1h,-,True,64,19
N/A,N/A,17:10,Good To Yielding,7f 48y,Sli Na Ghealai (IRE),R. P. Cleary,0,J. S. Bolger,3rd,2 1/2 l,2,8-8,-,True,64,19
N/A,N/A,17:10,Good To Yielding,7f 48y,Port Louis (IRE),C. T. Keane,0,Noel Meade,2nd,Nose,2,9-4,-,True,64,19
N/A,N/A,17:10,Good To Yielding,7f 48y,Sea Singer (IRE),Ben Martin Coen,0,Thomas Mullins,1st,N/A,2,9-1,-,True,64,19
N/A,N/A,19:50,Good,1m 4f 180y,Vista Baby (FR),A. J. Slattery,0,A. Slattery,12th,46 l,3,9-8,-,True,64,24
N/A,N/A,19:50,Good,1m 4f 180y,Dubawi Delight,S. McCullagh,3,Mrs J. Harrington,11th,4 3/4 l,3,9-8p,-,True,64,24
N/A,N/A,19:50,Good,1m 4f 180y,Market House (IRE),J. M. Sheridan,0,Barry Connell,10th,4 1/2 l,3,9-8,-,True,64,24
N/A,N/A,19:50,Good,1m 4f 180y,Savigny (IRE),Ben Martin Coen,0,Henry de Bromhead,9th,Neck,3,9-8,-,True,64,24
N/A,N/A,19:50,Good,1m 4f 180y,Red Special (USA),L. F. Roche,0,W. McCreery,8th,Neck,3,9-8v,-,True,64,24
N/A,N/A,19:50,Good,1m 4f 180y,Balnarring Beach (IRE),Declan McDonogh,0,Joseph Patrick O'Brien,7th,1 1/2 l,3,9-8,-,True,64,24
N/A,N/A,19:50,Good,1m 4f 180y,Teorie (IRE),R. P. Cleary,0,J. S. Bolger,6th,Head,3,9-8,-,True,64,24
N/A,N/A,19:50,Good,1m 4f 180y,Open To Question (USA),G. F. Carroll,0,Noel Meade,5th,2 3/4 l,3,9-8,-,True,64,24
N/A,N/A,19:50,Good,1m 4f 180y,Catani Gardens (IRE),M. P. Sheehy,0,Joseph Patrick O'Brien,4th,1/2 l,3,9-8,-,True,64,24
N/A,N/A,19:50,Good,1m 4f 180y,Eziva (IRE),C. D. Hayes,0,D. K. Weld,3rd,3 1/2 l,3,9-3,-,True,64,24
N/A,N/A,19:50,Good,1m 4f 180y,King Leodegrance (IRE),Seamie Heffernan,0,Aidan O'Brien,2nd,3 l,3,9-8b,-,True,64,24
N/A,N/A,19:50,Good,1m 4f 180y,Waltham,C. T. Keane,0,G. M. Lyons,1st,N/A,3,9-8,-,True,64,24
N/A,N/A,19:50,Good,1m 4f 180y,Vista Baby (FR),A. J. Slattery,0,A. Slattery,12th,46 l,3,9-8,-,True,64,24
N/A,N/A,19:50,Good,1m 4f 180y,Dubawi Delight,S. McCullagh,3,Mrs J. Harrington,11th,4 3/4 l,3,9-8p,-,True,64,24
N/A,N/A,19:50,Good,1m 4f 180y,Market House (IRE),J. M. Sheridan,0,Barry Connell,10th,4 1/2 l,3,9-8,-,True,64,24
N/A,N/A,19:50,Good,1m 4f 180y,Savigny (IRE),Ben Martin Coen,0,Henry de Bromhead,9th,Neck,3,9-8,-,True,64,24
N/A,N/A,19:50,Good,1m 4f 180y,Red Special (USA),L. F. Roche,0,W. McCreery,8th,Neck,3,9-8v,-,True,64,24
N/A,N/A,19:50,Good,1m 4f 180y,Balnarring Beach (IRE),Declan McDonogh,0,Joseph Patrick O'Brien,7th,1 1/2 l,3,9-8,-,True,64,24
N/A,N/A,19:50,Good,1m 4f 180y,Teorie (IRE),R. P. Cleary,0,J. S. Bolger,6th,Head,3,9-8,-,True,64,24
N/A,N/A,19:50,Good,1m 4f 180y,Open To Question (USA),G. F. Carroll,0,Noel Meade,5th,2 3/4 l,3,9-8,-,True,64,24
N/A,N/A,19:50,Good,1m 4f 180y,Catani Gardens (IRE),M. P. Sheehy,0,Joseph Patrick O'Brien,4th,1/2 l,3,9-8,-,True,64,24
N/A,N/A,19:50,Good,1m 4f 180y,Eziva (IRE),C. D. Hayes,0,D. K. Weld,3rd,3 1/2 l,3,9-3,-,True,64,24
N/A,N/A,19:50,Good,1m 4f 180y,King Leodegrance (IRE),Seamie Heffernan,0,Aidan O'Brien,2nd,3 l,3,9-8b,-,True,64,24
N/A,N/A,19:50,Good,1m 4f 180y,Waltham,C. T. Keane,0,G. M. Lyons,1st,N/A,3,9-8,-,True,64,24
N/A,N/A,20:20,Good  (Turf),1m 7f,Goodbye Someday (IRE),Mr S. P. Queally,7,John Queally,17th,25 l,9,11-7,-,True,64,25
N/A,N/A,20:20,Good  (Turf),1m 7f,Corbin (GER),Mr D. P. Nolan,7,S. M. Duffy,16th,4 1/4 l,9,11-7,-,True,64,25
N/A,N/A,20:20,Good  (Turf),1m 7f,Pahlavi (IRE),Patrick O'Hanlon,7,John Joseph Hanlon,15th,2 1/4 l,6,11-7,-,True,64,25
N/A,N/A,20:20,Good  (Turf),1m 7f,Aussie Warrior (IRE),Mr A. Harvey,7,T. R. Hughes,14th,18 l,4,11-7,-,True,64,25
N/A,N/A,20:20,Good  (Turf),1m 7f,Summer Gale (IRE),Mr B. O'Neill,0,Mrs J. Harrington,13th,2 1/2 l,5,11-7p,-,True,64,25
N/A,N/A,20:20,Good  (Turf),1m 7f,Surviving Murmansk (IRE),Mr S. A. O'Shea,7,Mrs A. M. O'Shea,12th,8 l,5,11-7,-,True,64,25
N/A,N/A,20:20,Good  (Turf),1m 7f,Elzaamsan (IRE),Mr J. M. Halford,7,M. Halford & T. Collins,11th,1/2 l,5,11-7p,-,True,64,25
N/A,N/A,20:20,Good  (Turf),1m 7f,Number Jack (IRE),Mr M. Chaybyn,7,Luke Comer,10th,1 l,5,11-7,-,True,64,25
N/A,N/A,20:20,Good  (Turf),1m 7f,Purple Mountain (IRE),Mr D. G. Lavery,0,John Joseph Hanlon,9th,1 1/2 l,8,11-2,-,True,64,25
N/A,N/A,20:20,Good  (Turf),1m 7f,Patrick Joseph,Miss R. Hogan,7,D. Broad,8th,3 l,8,11-7,-,True,64,25
N/A,N/A,20:20,Good  (Turf),1m 7f,Saxe Coburg (IRE),Mr Pat Taaffe,7,James Leavy,7th,2 1/4 l,6,11-7,-,True,64,25
N/A,N/A,20:20,Good  (Turf),1m 7f,Bella Nebula (IRE),Mr D. O'Connor,0,Emmet Mullins,6th,2 1/2 l,4,11-2,-,True,64,25
N/A,N/A,20:20,Good  (Turf),1m 7f,Nikini (IRE),Mr P. W. Mullins,0,W. P. Mullins,5th,3 3/4 l,6,11-2,-,True,64,25
N/A,N/A,20:20,Good  (Turf),1m 7f,A Piece Of Heaven (FR),Miss M. O'Sullivan,5,Barry Fitzgerald,4th,1 1/4 l,5,11-7,-,True,64,25
N/A,N/A,20:20,Good  (Turf),1m 7f,Whatawit,Mr H. C. Swan,5,Sir Mark Prescott Bt,3rd,Neck,5,11-7,-,True,64,25
N/A,N/A,20:20,Good  (Turf),1m 7f,Mon Coeur (IRE),Mr J. L. Gleeson,5,Joseph G. Murphy,2nd,6 l,7,11-7,-,True,64,25
N/A,N/A,20:20,Good  (Turf),1m 7f,Enniskerry (IRE),Mr Finian Maguire,0,Barry Connell,1st,N/A,9,11-7t,-,True,64,25
N/A,N/A,20:20,Good  (Turf),1m 7f,Goodbye Someday (IRE),Mr S. P. Queally,7,John Queally,17th,25 l,9,11-7,-,True,64,25
N/A,N/A,20:20,Good  (Turf),1m 7f,Corbin (GER),Mr D. P. Nolan,7,S. M. Duffy,16th,4 1/4 l,9,11-7,-,True,64,25
N/A,N/A,20:20,Good  (Turf),1m 7f,Pahlavi (IRE),Patrick O'Hanlon,7,John Joseph Hanlon,15th,2 1/4 l,6,11-7,-,True,64,25
N/A,N/A,20:20,Good  (Turf),1m 7f,Aussie Warrior (IRE),Mr A. Harvey,7,T. R. Hughes,14th,18 l,4,11-7,-,True,64,25
N/A,N/A,20:20,Good  (Turf),1m 7f,Summer Gale (IRE),Mr B. O'Neill,0,Mrs J. Harrington,13th,2 1/2 l,5,11-7p,-,True,64,25
N/A,N/A,20:20,Good  (Turf),1m 7f,Surviving Murmansk (IRE),Mr S. A. O'Shea,7,Mrs A. M. O'Shea,12th,8 l,5,11-7,-,True,64,25
N/A,N/A,20:20,Good  (Turf),1m 7f,Elzaamsan (IRE),Mr J. M. Halford,7,M. Halford & T. Collins,11th,1/2 l,5,11-7p,-,True,64,25
N/A,N/A,20:20,Good  (Turf),1m 7f,Number Jack (IRE),Mr M. Chaybyn,7,Luke Comer,10th,1 l,5,11-7,-,True,64,25
N/A,N/A,20:20,Good  (Turf),1m 7f,Purple Mountain (IRE),Mr D. G. Lavery,0,John Joseph Hanlon,9th,1 1/2 l,8,11-2,-,True,64,25
N/A,N/A,20:20,Good  (Turf),1m 7f,Patrick Joseph,Miss R. Hogan,7,D. Broad,8th,3 l,8,11-7,-,True,64,25
N/A,N/A,20:20,Good  (Turf),1m 7f,Saxe Coburg (IRE),Mr Pat Taaffe,7,James Leavy,7th,2 1/4 l,6,11-7,-,True,64,25
N/A,N/A,20:20,Good  (Turf),1m 7f,Bella Nebula (IRE),Mr D. O'Connor,0,Emmet Mullins,6th,2 1/2 l,4,11-2,-,True,64,25
N/A,N/A,20:20,Good  (Turf),1m 7f,Nikini (IRE),Mr P. W. Mullins,0,W. P. Mullins,5th,3 3/4 l,6,11-2,-,True,64,25
N/A,N/A,20:20,Good  (Turf),1m 7f,A Piece Of Heaven (FR),Miss M. O'Sullivan,5,Barry Fitzgerald,4th,1 1/4 l,5,11-7,-,True,64,25
N/A,N/A,20:20,Good  (Turf),1m 7f,Whatawit,Mr H. C. Swan,5,Sir Mark Prescott Bt,3rd,Neck,5,11-7,-,True,64,25
N/A,N/A,20:20,Good  (Turf),1m 7f,Mon Coeur (IRE),Mr J. L. Gleeson,5,Joseph G. Murphy,2nd,6 l,7,11-7,-,True,64,25
N/A,N/A,20:20,Good  (Turf),1m 7f,Enniskerry (IRE),Mr Finian Maguire,0,Barry Connell,1st,N/A,9,11-7t,-,True,64,25
Down Royal Racing Results | 23rd June 2023 16:50,N/A,16:50,Good,5f,Kayson Cian (IRE),N. G. McCullagh,0,Peter McCreery,9th,7 1/2 l,2,9-7,-,True,64,26
Down Royal Racing Results | 23rd June 2023 16:50,N/A,16:50,Good,5f,Tarsus (IRE),Andrew Joseph Slattery,0,A. Slattery,8th,2 l,2,9-7,-,True,64,26
Down Royal Racing Results | 23rd June 2023 16:50,N/A,16:50,Good,5f,Charles Atlas (IRE),Declan McDonogh,0,W. McCreery,7th,Short Head,2,9-7,-,True,64,26
Down Royal Racing Results | 23rd June 2023 16:50,N/A,16:50,Good,5f,Sturlasson (IRE),Oisin McSweeney,5,Kieran Patrick Cotter,6th,2 1/4 l,2,9-7,-,True,64,26
Down Royal Racing Results | 23rd June 2023 16:50,N/A,16:50,Good,5f,Seven Eleven,D. W. O'Connor,0,J. F. Levins,5th,1 3/4 l,2,9-2,-,True,64,26
Down Royal Racing Results | 23rd June 2023 16:50,N/A,16:50,Good,5f,Carnegie Hall (IRE),K. K. Hennessy,7,Aidan O'Brien,4th,1 1/2 l,2,9-7,-,True,64,26
Down Royal Racing Results | 23rd June 2023 16:50,N/A,16:50,Good,5f,Clonmacash,L. F. Roche,0,Miss Natalia Lupini,3rd,Short Head,2,9-7,-,True,64,26
Down Royal Racing Results | 23rd June 2023 16:50,N/A,16:50,Good,5f,G'day Mate,S. McCullagh,3,Mrs J. Harrington,2nd,3/4 l,2,9-7,-,True,64,26
Down Royal Racing Results | 23rd June 2023 16:50,N/A,16:50,Good,5f,Gunzburg (IRE),William James Lee,0,P. Twomey,1st,N/A,2,9-2,-,True,64,26
Down Royal Racing Results | 23rd June 2023 16:50,N/A,16:50,Good,5f,Kayson Cian (IRE),N. G. McCullagh,0,Peter McCreery,9th,7 1/2 l,2,9-7,-,True,64,26
Down Royal Racing Results | 23rd June 2023 16:50,N/A,16:50,Good,5f,Tarsus (IRE),Andrew Joseph Slattery,0,A. Slattery,8th,2 l,2,9-7,-,True,64,26
Down Royal Racing Results | 23rd June 2023 16:50,N/A,16:50,Good,5f,Charles Atlas (IRE),Declan McDonogh,0,W. McCreery,7th,Short Head,2,9-7,-,True,64,26
Down Royal Racing Results | 23rd June 2023 16:50,N/A,16:50,Good,5f,Sturlasson (IRE),Oisin McSweeney,5,Kieran Patrick Cotter,6th,2 1/4 l,2,9-7,-,True,64,26
Down Royal Racing Results | 23rd June 2023 16:50,N/A,16:50,Good,5f,Seven Eleven,D. W. O'Connor,0,J. F. Levins,5th,1 3/4 l,2,9-2,-,True,64,26
Down Royal Racing Results | 23rd June 2023 16:50,N/A,16:50,Good,5f,Carnegie Hall (IRE),K. K. Hennessy,7,Aidan O'Brien,4th,1 1/2 l,2,9-7,-,True,64,26
Down Royal Racing Results | 23rd June 2023 16:50,N/A,16:50,Good,5f,Clonmacash,L. F. Roche,0,Miss Natalia Lupini,3rd,Short Head,2,9-7,-,True,64,26
Down Royal Racing Results | 23rd June 2023 16:50,N/A,16:50,Good,5f,G'day Mate,S. McCullagh,3,Mrs J. Harrington,2nd,3/4 l,2,9-7,-,True,64,26
Down Royal Racing Results | 23rd June 2023 16:50,N/A,16:50,Good,5f,Gunzburg (IRE),William James Lee,0,P. Twomey,1st,N/A,2,9-2,-,True,64,26
Down Royal Racing Results | 23rd June 2023 17:25,N/A,17:25,Good,5f,Sneddy Eddie (IRE),Declan McDonogh,0,Mark McNiff,12th,7 1/2 l,3,9-7,61,True,64,27
Down Royal Racing Results | 23rd June 2023 17:25,N/A,17:25,Good,5f,Las Cuatro (USA),J. Coen,5,G. M. Lyons,11th,1 l,3,9-10,64,True,64,27
Down Royal Racing Results | 23rd June 2023 17:25,N/A,17:25,Good,5f,Autumnal Breeze (IRE),J. M. Sheridan,0,Denis Hogan,10th,Neck,3,9-4,58,True,64,27
Down Royal Racing Results | 23rd June 2023 17:25,N/A,17:25,Good,5f,Coco Hill (IRE),S. B. Kelly,0,Michael Fenton,9th,Neck,3,9-7p1,61,True,64,27
Down Royal Racing Results | 23rd June 2023 17:25,N/A,17:25,Good,5f,Prove It,S. M. Crosse,0,M. D. O'Callaghan,8th,Neck,3,9-12b1,66,True,64,27
Down Royal Racing Results | 23rd June 2023 17:25,N/A,17:25,Good,5f,My Girl Sioux (IRE),Andrew Joseph Slattery,0,A. Slattery,7th,1 3/4 l,3,8-7,47,True,64,27
Down Royal Racing Results | 23rd June 2023 17:25,N/A,17:25,Good,5f,American In Paris (IRE),Siobhan Rutledge,5,Denis Hogan,6th,1 3/4 l,3,8-12,52,True,64,27
Down Royal Racing Results | 23rd June 2023 17:25,N/A,17:25,Good,5f,Havana Notion,H. J. Horgan,7,J. J. Feane,5th,Head,3,9-4,58,True,64,27
Down Royal Racing Results | 23rd June 2023 17:25,N/A,17:25,Good,5f,Rathbranchurch (IRE),G. F. Carroll,0,Michael Mulvany,4th,Neck,3,10-0,68,True,64,27
Down Royal Racing Results | 23rd June 2023 17:25,N/A,17:25,Good,5f,Spirit Of Eagles (IRE),D. E. Sheehy,3,M. C. Grassick,3rd,Short Head,3,8-12t,52,True,64,27
Down Royal Racing Results | 23rd June 2023 17:25,N/A,17:25,Good,5f,Distillate,D. W. O'Connor,0,Adrian McGuinness,2nd,1 1/4 l,3,9-5t,59,True,64,27
Down Royal Racing Results | 23rd June 2023 17:25,N/A,17:25,Good,5f,So Majestic (IRE),L. F. Roche,0,Miss Kate McGivern,1st,N/A,3,9-4ht,58,True,64,27
Down Royal Racing Results | 23rd June 2023 17:25,N/A,17:25,Good,5f,Sneddy Eddie (IRE),Declan McDonogh,0,Mark McNiff,12th,7 1/2 l,3,9-7,61,True,64,27
Down Royal Racing Results | 23rd June 2023 17:25,N/A,17:25,Good,5f,Las Cuatro (USA),J. Coen,5,G. M. Lyons,11th,1 l,3,9-10,64,True,64,27
Down Royal Racing Results | 23rd June 2023 17:25,N/A,17:25,Good,5f,Autumnal Breeze (IRE),J. M. Sheridan,0,Denis Hogan,10th,Neck,3,9-4,58,True,64,27
Down Royal Racing Results | 23rd June 2023 17:25,N/A,17:25,Good,5f,Coco Hill (IRE),S. B. Kelly,0,Michael Fenton,9th,Neck,3,9-7p1,61,True,64,27
Down Royal Racing Results | 23rd June 2023 17:25,N/A,17:25,Good,5f,Prove It,S. M. Crosse,0,M. D. O'Callaghan,8th,Neck,3,9-12b1,66,True,64,27
Down Royal Racing Results | 23rd June 2023 17:25,N/A,17:25,Good,5f,My Girl Sioux (IRE),Andrew Joseph Slattery,0,A. Slattery,7th,1 3/4 l,3,8-7,47,True,64,27
Down Royal Racing Results | 23rd June 2023 17:25,N/A,17:25,Good,5f,American In Paris (IRE),Siobhan Rutledge,5,Denis Hogan,6th,1 3/4 l,3,8-12,52,True,64,27
Down Royal Racing Results | 23rd June 2023 17:25,N/A,17:25,Good,5f,Havana Notion,H. J. Horgan,7,J. J. Feane,5th,Head,3,9-4,58,True,64,27
Down Royal Racing Results | 23rd June 2023 17:25,N/A,17:25,Good,5f,Rathbranchurch (IRE),G. F. Carroll,0,Michael Mulvany,4th,Neck,3,10-0,68,True,64,27
Down Royal Racing Results | 23rd June 2023 17:25,N/A,17:25,Good,5f,Spirit Of Eagles (IRE),D. E. Sheehy,3,M. C. Grassick,3rd,Short Head,3,8-12t,52,True,64,27
Down Royal Racing Results | 23rd June 2023 17:25,N/A,17:25,Good,5f,Distillate,D. W. O'Connor,0,Adrian McGuinness,2nd,1 1/4 l,3,9-5t,59,True,64,27
Down Royal Racing Results | 23rd June 2023 17:25,N/A,17:25,Good,5f,So Majestic (IRE),L. F. Roche,0,Miss Kate McGivern,1st,N/A,3,9-4ht,58,True,64,27
Down Royal Racing Results | 23rd June 2023 18:00,N/A,18:00,Good,5f,Ever Rock (IRE),D. E. Sheehy,3,J. J. Lambe,12th,1 1/4 l,7,9-3,64,True,64,28
Down Royal Racing Results | 23rd June 2023 18:00,N/A,18:00,Good,5f,Anatoli,L. F. Roche,0,J. J. Feane,11th,Short Head,4,9-4,65,True,64,28
Down Royal Racing Results | 23rd June 2023 18:00,N/A,18:00,Good,5f,Soi Dao (IRE),S. B. Kelly,0,Michael Fenton,10th,1/2 l,4,9-0b,61,True,64,28
Down Royal Racing Results | 23rd June 2023 18:00,N/A,18:00,Good,5f,Adnaan,Andrew Joseph Slattery,0,J. F. Levins,9th,Short Head,4,9-10,71,True,64,28
Down Royal Racing Results | 23rd June 2023 18:00,N/A,18:00,Good,5f,Nordic Passage (IRE),D. W. O'Connor,0,J. F. Levins,8th,1/2 l,8,9-8t,69,True,64,28
Down Royal Racing Results | 23rd June 2023 18:00,N/A,18:00,Good,5f,Collective Power (IRE),S. M. Crosse,0,Edward Lynam,7th,Neck,5,10-1,76,True,64,28
Down Royal Racing Results | 23rd June 2023 18:00,N/A,18:00,Good,5f,Livingston Range (IRE),G. F. Carroll,0,Leanne Breen,6th,Head,5,9-5t,66,True,64,28
Down Royal Racing Results | 23rd June 2023 18:00,N/A,18:00,Good,5f,Astral Beat (IRE),Siobhan Rutledge,5,L. Smyth,5th,1 1/4 l,4,9-0tb1,61,True,64,28
Down Royal Racing Results | 23rd June 2023 18:00,N/A,18:00,Good,5f,Hallowed Time (IRE),Declan McDonogh,0,E. J. O'Neill,4th,1 1/2 l,5,10-0p,75,True,64,28
Down Royal Racing Results | 23rd June 2023 18:00,N/A,18:00,Good,5f,Arnhem (IRE),William James Lee,0,M. G. Quinn,3rd,3/4 l,7,9-13,74,True,64,28
Down Royal Racing Results | 23rd June 2023 18:00,N/A,18:00,Good,5f,Tamazu (IRE),J. M. Sheridan,0,F. Birrane,2nd,1/2 l,4,9-7t,68,True,64,28
Down Royal Racing Results | 23rd June 2023 18:00,N/A,18:00,Good,5f,Dun Na Sead (IRE),Oisin McSweeney,5,Kieran Patrick Cotter,1st,N/A,4,10-0,75,True,64,28
Down Royal Racing Results | 23rd June 2023 18:00,N/A,18:00,Good,5f,Ever Rock (IRE),D. E. Sheehy,3,J. J. Lambe,12th,1 1/4 l,7,9-3,64,True,64,28
Down Royal Racing Results | 23rd June 2023 18:00,N/A,18:00,Good,5f,Anatoli,L. F. Roche,0,J. J. Feane,11th,Short Head,4,9-4,65,True,64,28
Down Royal Racing Results | 23rd June 2023 18:00,N/A,18:00,Good,5f,Soi Dao (IRE),S. B. Kelly,0,Michael Fenton,10th,1/2 l,4,9-0b,61,True,64,28
Down Royal Racing Results | 23rd June 2023 18:00,N/A,18:00,Good,5f,Adnaan,Andrew Joseph Slattery,0,J. F. Levins,9th,Short Head,4,9-10,71,True,64,28
Down Royal Racing Results | 23rd June 2023 18:00,N/A,18:00,Good,5f,Nordic Passage (IRE),D. W. O'Connor,0,J. F. Levins,8th,1/2 l,8,9-8t,69,True,64,28
Down Royal Racing Results | 23rd June 2023 18:00,N/A,18:00,Good,5f,Collective Power (IRE),S. M. Crosse,0,Edward Lynam,7th,Neck,5,10-1,76,True,64,28
Down Royal Racing Results | 23rd June 2023 18:00,N/A,18:00,Good,5f,Livingston Range (IRE),G. F. Carroll,0,Leanne Breen,6th,Head,5,9-5t,66,True,64,28
Down Royal Racing Results | 23rd June 2023 18:00,N/A,18:00,Good,5f,Astral Beat (IRE),Siobhan Rutledge,5,L. Smyth,5th,1 1/4 l,4,9-0tb1,61,True,64,28
Down Royal Racing Results | 23rd June 2023 18:00,N/A,18:00,Good,5f,Hallowed Time (IRE),Declan McDonogh,0,E. J. O'Neill,4th,1 1/2 l,5,10-0p,75,True,64,28
Down Royal Racing Results | 23rd June 2023 18:00,N/A,18:00,Good,5f,Arnhem (IRE),William James Lee,0,M. G. Quinn,3rd,3/4 l,7,9-13,74,True,64,28
Down Royal Racing Results | 23rd June 2023 18:00,N/A,18:00,Good,5f,Tamazu (IRE),J. M. Sheridan,0,F. Birrane,2nd,1/2 l,4,9-7t,68,True,64,28
Down Royal Racing Results | 23rd June 2023 18:00,N/A,18:00,Good,5f,Dun Na Sead (IRE),Oisin McSweeney,5,Kieran Patrick Cotter,1st,N/A,4,10-0,75,True,64,28
Down Royal Racing Results | 23rd June 2023 18:35,N/A,18:35,Good,5f,Freedom Falls (IRE),N. G. McCullagh,0,Jack W. Davison,8th,1 1/4 l,3,8-11t,77,True,64,29
Down Royal Racing Results | 23rd June 2023 18:35,N/A,18:35,Good,5f,Excesso Velocidad (IRE),M. W. Hassett,10,Joseph Patrick O'Brien,7th,1 1/4 l,3,8-8t,74,True,64,29
Down Royal Racing Results | 23rd June 2023 18:35,N/A,18:35,Good,5f,Screen Siren (IRE),G. F. Carroll,0,Sarah Lynam,6th,3 l,5,9-8p,82,True,64,29
Down Royal Racing Results | 23rd June 2023 18:35,N/A,18:35,Good,5f,Escaping Thejungle (IRE),J. M. Sheridan,0,E. D. Delany,5th,1/2 l,3,9-3,83,True,64,29
Down Royal Racing Results | 23rd June 2023 18:35,N/A,18:35,Good,5f,Maria Branwell (IRE),H. J. Horgan,7,Joseph Patrick O'Brien,4th,2 3/4 l,3,10-0,94,True,64,29
Down Royal Racing Results | 23rd June 2023 18:35,N/A,18:35,Good,5f,Loveday (IRE),William James Lee,0,W. McCreery,3rd,1 l,4,9-9,83,True,64,29
Down Royal Racing Results | 23rd June 2023 18:35,N/A,18:35,Good,5f,Greek Flower (IRE),L. F. Roche,0,J. J. Feane,2nd,Neck,4,8-7,67,True,64,29
Down Royal Racing Results | 23rd June 2023 18:35,N/A,18:35,Good,5f,Curraheen Princess (IRE),Andrew Joseph Slattery,0,N. Stokes,1st,N/A,5,9-1,75,True,64,29
Down Royal Racing Results | 23rd June 2023 18:35,N/A,18:35,Good,5f,Freedom Falls (IRE),N. G. McCullagh,0,Jack W. Davison,8th,1 1/4 l,3,8-11t,77,True,64,29
Down Royal Racing Results | 23rd June 2023 18:35,N/A,18:35,Good,5f,Excesso Velocidad (IRE),M. W. Hassett,10,Joseph Patrick O'Brien,7th,1 1/4 l,3,8-8t,74,True,64,29
Down Royal Racing Results | 23rd June 2023 18:35,N/A,18:35,Good,5f,Screen Siren (IRE),G. F. Carroll,0,Sarah Lynam,6th,3 l,5,9-8p,82,True,64,29
Down Royal Racing Results | 23rd June 2023 18:35,N/A,18:35,Good,5f,Escaping Thejungle (IRE),J. M. Sheridan,0,E. D. Delany,5th,1/2 l,3,9-3,83,True,64,29
Down Royal Racing Results | 23rd June 2023 18:35,N/A,18:35,Good,5f,Maria Branwell (IRE),H. J. Horgan,7,Joseph Patrick O'Brien,4th,2 3/4 l,3,10-0,94,True,64,29
Down Royal Racing Results | 23rd June 2023 18:35,N/A,18:35,Good,5f,Loveday (IRE),William James Lee,0,W. McCreery,3rd,1 l,4,9-9,83,True,64,29
Down Royal Racing Results | 23rd June 2023 18:35,N/A,18:35,Good,5f,Greek Flower (IRE),L. F. Roche,0,J. J. Feane,2nd,Neck,4,8-7,67,True,64,29
Down Royal Racing Results | 23rd June 2023 18:35,N/A,18:35,Good,5f,Curraheen Princess (IRE),Andrew Joseph Slattery,0,N. Stokes,1st,N/A,5,9-1,75,True,64,29
Down Royal Racing Results | 23rd June 2023 19:10,N/A,19:10,Good,2m 43y,Agenda (GER),William James Lee,0,Mrs Lorna Fowler,NR,N/A,6,9-0,-,True,64,30
Down Royal Racing Results | 23rd June 2023 19:10,N/A,19:10,Good,2m 43y,Sea Oscar,H. J. Horgan,0,Joseph Patrick O'Brien,6th,16 l,5,9-0p,-,True,64,30
Down Royal Racing Results | 23rd June 2023 19:10,N/A,19:10,Good,2m 43y,Mellow Magic,N. G. McCullagh,0,Mrs J. Harrington,5th,8 l,5,9-0,-,True,64,30
Down Royal Racing Results | 23rd June 2023 19:10,N/A,19:10,Good,2m 43y,Wordsworth (IRE),Andrew Joseph Slattery,0,Josh Halley,4th,1/2 l,5,9-5,-,True,64,30
Down Royal Racing Results | 23rd June 2023 19:10,N/A,19:10,Good,2m 43y,La Hacienda,G. F. Carroll,0,Matthew J. Smith,3rd,3/4 l,6,9-0p,-,True,64,30
Down Royal Racing Results | 23rd June 2023 19:10,N/A,19:10,Good,2m 43y,Taipan (FR),S. McCullagh,0,Mrs J. Harrington,2nd,1 1/2 l,5,9-5p,-,True,64,30
Down Royal Racing Results | 23rd June 2023 19:10,N/A,19:10,Good,2m 43y,Powerful Aggie (FR),Declan McDonogh,0,Joseph Patrick O'Brien,1st,N/A,5,9-0,-,True,64,30
Down Royal Racing Results | 23rd June 2023 19:10,N/A,19:10,Good,2m 43y,Agenda (GER),William James Lee,0,Mrs Lorna Fowler,NR,N/A,6,9-0,-,True,64,30
Down Royal Racing Results | 23rd June 2023 19:10,N/A,19:10,Good,2m 43y,Sea Oscar,H. J. Horgan,0,Joseph Patrick O'Brien,6th,16 l,5,9-0p,-,True,64,30
Down Royal Racing Results | 23rd June 2023 19:10,N/A,19:10,Good,2m 43y,Mellow Magic,N. G. McCullagh,0,Mrs J. Harrington,5th,8 l,5,9-0,-,True,64,30
Down Royal Racing Results | 23rd June 2023 19:10,N/A,19:10,Good,2m 43y,Wordsworth (IRE),Andrew Joseph Slattery,0,Josh Halley,4th,1/2 l,5,9-5,-,True,64,30
Down Royal Racing Results | 23rd June 2023 19:10,N/A,19:10,Good,2m 43y,La Hacienda,G. F. Carroll,0,Matthew J. Smith,3rd,3/4 l,6,9-0p,-,True,64,30
Down Royal Racing Results | 23rd June 2023 19:10,N/A,19:10,Good,2m 43y,Taipan (FR),S. McCullagh,0,Mrs J. Harrington,2nd,1 1/2 l,5,9-5p,-,True,64,30
Down Royal Racing Results | 23rd June 2023 19:10,N/A,19:10,Good,2m 43y,Powerful Aggie (FR),Declan McDonogh,0,Joseph Patrick O'Brien,1st,N/A,5,9-0,-,True,64,30
Down Royal Racing Results | 23rd June 2023 19:45,N/A,19:45,Good,7f,St Laurence's Gate (IRE),William James Lee,0,James M. Barrett,14th,Head,2,9-6,-,True,64,31
Down Royal Racing Results | 23rd June 2023 19:45,N/A,19:45,Good,7f,Redondo,H. J. Horgan,7,Josh Halley,13th,3 l,2,9-8,-,True,64,31
Down Royal Racing Results | 23rd June 2023 19:45,N/A,19:45,Good,7f,Glengarriff (IRE),P. A. Harnett,7,W. P. Browne,12th,5 1/2 l,2,9-8,-,True,64,31
Down Royal Racing Results | 23rd June 2023 19:45,N/A,19:45,Good,7f,Victor's Choice (IRE),L. F. Roche,0,Adrian Murray,11th,8 1/2 l,2,8-9,-,True,64,31
Down Royal Racing Results | 23rd June 2023 19:45,N/A,19:45,Good,7f,Begleys Forge (IRE),Mpumelelo Mjoka,3,Kevin Thomas Coleman,10th,10 l,2,9-2,-,True,64,31
Down Royal Racing Results | 23rd June 2023 19:45,N/A,19:45,Good,7f,Maria Land (IRE),D. W. O'Connor,0,John McConnell,9th,4 3/4 l,2,9-3,-,True,64,31
Down Royal Racing Results | 23rd June 2023 19:45,N/A,19:45,Good,7f,Look at the Stars,Declan McDonogh,0,Joseph Patrick O'Brien,8th,1 l,2,9-6,-,True,64,31
Down Royal Racing Results | 23rd June 2023 19:45,N/A,19:45,Good,7f,Not Far To Fall (IRE),D. N. Curran,7,Kevin Prendergast,7th,3/4 l,2,9-0,-,True,64,31
Down Royal Racing Results | 23rd June 2023 19:45,N/A,19:45,Good,7f,Tartaraghan (IRE),Siobhan Rutledge,5,John McConnell,6th,Head,2,8-13,-,True,64,31
Down Royal Racing Results | 23rd June 2023 19:45,N/A,19:45,Good,7f,Blame Thechampagne (IRE),N. G. McCullagh,0,Mrs J. Harrington,5th,1 1/4 l,2,8-11,-,True,64,31
Down Royal Racing Results | 23rd June 2023 19:45,N/A,19:45,Good,7f,Vangelis (IRE),J. M. Sheridan,0,Jack W. Davison,4th,Short Head,2,9-4,-,True,64,31
Down Royal Racing Results | 23rd June 2023 19:45,N/A,19:45,Good,7f,State's Evidence,G. F. Carroll,0,G. M. Lyons,3rd,1/2 l,2,9-8t1,-,True,64,31
Down Royal Racing Results | 23rd June 2023 19:45,N/A,19:45,Good,7f,Harry The Rogue (IRE),Andrew Joseph Slattery,0,A. Slattery,2nd,Neck,2,9-2,-,True,64,31
Down Royal Racing Results | 23rd June 2023 19:45,N/A,19:45,Good,7f,Lia Fail (IRE),S. P. Bird,10,Michael Mulvany,1st,N/A,2,9-1,-,True,64,31
Down Royal Racing Results | 23rd June 2023 19:45,N/A,19:45,Good,7f,St Laurence's Gate (IRE),William James Lee,0,James M. Barrett,14th,Head,2,9-6,-,True,64,31
Down Royal Racing Results | 23rd June 2023 19:45,N/A,19:45,Good,7f,Redondo,H. J. Horgan,7,Josh Halley,13th,3 l,2,9-8,-,True,64,31
Down Royal Racing Results | 23rd June 2023 19:45,N/A,19:45,Good,7f,Glengarriff (IRE),P. A. Harnett,7,W. P. Browne,12th,5 1/2 l,2,9-8,-,True,64,31
Down Royal Racing Results | 23rd June 2023 19:45,N/A,19:45,Good,7f,Victor's Choice (IRE),L. F. Roche,0,Adrian Murray,11th,8 1/2 l,2,8-9,-,True,64,31
Down Royal Racing Results | 23rd June 2023 19:45,N/A,19:45,Good,7f,Begleys Forge (IRE),Mpumelelo Mjoka,3,Kevin Thomas Coleman,10th,10 l,2,9-2,-,True,64,31
Down Royal Racing Results | 23rd June 2023 19:45,N/A,19:45,Good,7f,Maria Land (IRE),D. W. O'Connor,0,John McConnell,9th,4 3/4 l,2,9-3,-,True,64,31
Down Royal Racing Results | 23rd June 2023 19:45,N/A,19:45,Good,7f,Look at the Stars,Declan McDonogh,0,Joseph Patrick O'Brien,8th,1 l,2,9-6,-,True,64,31
Down Royal Racing Results | 23rd June 2023 19:45,N/A,19:45,Good,7f,Not Far To Fall (IRE),D. N. Curran,7,Kevin Prendergast,7th,3/4 l,2,9-0,-,True,64,31
Down Royal Racing Results | 23rd June 2023 19:45,N/A,19:45,Good,7f,Tartaraghan (IRE),Siobhan Rutledge,5,John McConnell,6th,Head,2,8-13,-,True,64,31
Down Royal Racing Results | 23rd June 2023 19:45,N/A,19:45,Good,7f,Blame Thechampagne (IRE),N. G. McCullagh,0,Mrs J. Harrington,5th,1 1/4 l,2,8-11,-,True,64,31
Down Royal Racing Results | 23rd June 2023 19:45,N/A,19:45,Good,7f,Vangelis (IRE),J. M. Sheridan,0,Jack W. Davison,4th,Short Head,2,9-4,-,True,64,31
Down Royal Racing Results | 23rd June 2023 19:45,N/A,19:45,Good,7f,State's Evidence,G. F. Carroll,0,G. M. Lyons,3rd,1/2 l,2,9-8t1,-,True,64,31
Down Royal Racing Results | 23rd June 2023 19:45,N/A,19:45,Good,7f,Harry The Rogue (IRE),Andrew Joseph Slattery,0,A. Slattery,2nd,Neck,2,9-2,-,True,64,31
Down Royal Racing Results | 23rd June 2023 19:45,N/A,19:45,Good,7f,Lia Fail (IRE),S. P. Bird,10,Michael Mulvany,1st,N/A,2,9-1,-,True,64,31
Down Royal Racing Results | 23rd June 2023 20:15,N/A,20:15,Good,7f,Ledger (IRE),Ben Martin Coen,5,Paul Traynor,14th,3 l,3,9-8h1,63,True,64,32
Down Royal Racing Results | 23rd June 2023 20:15,N/A,20:15,Good,7f,Breagagh (IRE),G. F. Carroll,0,S. Michael Millar,13th,2 1/4 l,5,9-1p,47,True,64,32
Down Royal Racing Results | 23rd June 2023 20:15,N/A,20:15,Good,7f,Helmet Star,D. E. Sheehy,3,John Larkin,12th,4 3/4 l,4,9-1ht,47,True,64,32
Down Royal Racing Results | 23rd June 2023 20:15,N/A,20:15,Good,7f,Black Bridie (IRE),S. P. Bird,10,John Larkin,11th,Head,4,9-1t,47,True,64,32
Down Royal Racing Results | 23rd June 2023 20:15,N/A,20:15,Good,7f,Redshore City (IRE),Oisin McSweeney,5,John McConnell,10th,Neck,3,9-4,59,True,64,32
Down Royal Racing Results | 23rd June 2023 20:15,N/A,20:15,Good,7f,Above It All (IRE),D. W. O'Connor,0,John McConnell,9th,Neck,4,9-13,59,True,64,32
Down Royal Racing Results | 23rd June 2023 20:15,N/A,20:15,Good,7f,Epaulawn (IRE),William James Lee,0,M. G. Quinn,8th,1 1/4 l,5,9-4t,50,True,64,32
Down Royal Racing Results | 23rd June 2023 20:15,N/A,20:15,Good,7f,Wee Pablo (IRE),Declan McDonogh,0,Harry Rogers,7th,Head,6,9-9tv1,55,True,64,32
Down Royal Racing Results | 23rd June 2023 20:15,N/A,20:15,Good,7f,Miss Slovakia (IRE),L. F. Roche,0,Edward Lynam,6th,1/2 l,3,8-7,48,True,64,32
Down Royal Racing Results | 23rd June 2023 20:15,N/A,20:15,Good,7f,Swiss Army Officer (IRE),C. Ngcobo,3,Kevin Thomas Coleman,5th,3/4 l,8,9-8,54,True,64,32
Down Royal Racing Results | 23rd June 2023 20:15,N/A,20:15,Good,7f,Kratos,Siobhan Rutledge,5,John McConnell,4th,Short Head,5,9-3p,49,True,64,32
Down Royal Racing Results | 23rd June 2023 20:15,N/A,20:15,Good,7f,I Know I Can,J. M. Sheridan,0,F. Birrane,3rd,3/4 l,6,9-10,56,True,64,32
Down Royal Racing Results | 23rd June 2023 20:15,N/A,20:15,Good,7f,Sadiqaa (IRE),H. J. Horgan,7,H. D. McGuigan,2nd,1/2 l,5,9-1v1,47,True,64,32
Down Royal Racing Results | 23rd June 2023 20:15,N/A,20:15,Good,7f,Sunset Nova (IRE),Andrew Joseph Slattery,0,A. Slattery,1st,N/A,7,9-10v,56,True,64,32
Down Royal Racing Results | 23rd June 2023 20:15,N/A,20:15,Good,7f,Ledger (IRE),Ben Martin Coen,5,Paul Traynor,14th,3 l,3,9-8h1,63,True,64,32
Down Royal Racing Results | 23rd June 2023 20:15,N/A,20:15,Good,7f,Breagagh (IRE),G. F. Carroll,0,S. Michael Millar,13th,2 1/4 l,5,9-1p,47,True,64,32
Down Royal Racing Results | 23rd June 2023 20:15,N/A,20:15,Good,7f,Helmet Star,D. E. Sheehy,3,John Larkin,12th,4 3/4 l,4,9-1ht,47,True,64,32
Down Royal Racing Results | 23rd June 2023 20:15,N/A,20:15,Good,7f,Black Bridie (IRE),S. P. Bird,10,John Larkin,11th,Head,4,9-1t,47,True,64,32
Down Royal Racing Results | 23rd June 2023 20:15,N/A,20:15,Good,7f,Redshore City (IRE),Oisin McSweeney,5,John McConnell,10th,Neck,3,9-4,59,True,64,32
Down Royal Racing Results | 23rd June 2023 20:15,N/A,20:15,Good,7f,Above It All (IRE),D. W. O'Connor,0,John McConnell,9th,Neck,4,9-13,59,True,64,32
Down Royal Racing Results | 23rd June 2023 20:15,N/A,20:15,Good,7f,Epaulawn (IRE),William James Lee,0,M. G. Quinn,8th,1 1/4 l,5,9-4t,50,True,64,32
Down Royal Racing Results | 23rd June 2023 20:15,N/A,20:15,Good,7f,Wee Pablo (IRE),Declan McDonogh,0,Harry Rogers,7th,Head,6,9-9tv1,55,True,64,32
Down Royal Racing Results | 23rd June 2023 20:15,N/A,20:15,Good,7f,Miss Slovakia (IRE),L. F. Roche,0,Edward Lynam,6th,1/2 l,3,8-7,48,True,64,32
Down Royal Racing Results | 23rd June 2023 20:15,N/A,20:15,Good,7f,Swiss Army Officer (IRE),C. Ngcobo,3,Kevin Thomas Coleman,5th,3/4 l,8,9-8,54,True,64,32
Down Royal Racing Results | 23rd June 2023 20:15,N/A,20:15,Good,7f,Kratos,Siobhan Rutledge,5,John McConnell,4th,Short Head,5,9-3p,49,True,64,32
Down Royal Racing Results | 23rd June 2023 20:15,N/A,20:15,Good,7f,I Know I Can,J. M. Sheridan,0,F. Birrane,3rd,3/4 l,6,9-10,56,True,64,32
Down Royal Racing Results | 23rd June 2023 20:15,N/A,20:15,Good,7f,Sadiqaa (IRE),H. J. Horgan,7,H. D. McGuigan,2nd,1/2 l,5,9-1v1,47,True,64,32
Down Royal Racing Results | 23rd June 2023 20:15,N/A,20:15,Good,7f,Sunset Nova (IRE),Andrew Joseph Slattery,0,A. Slattery,1st,N/A,7,9-10v,56,True,64,32
Limerick Racing Results | 23rd June 2023 17:08,N/A,17:08,Yielding To Soft,6f 150y,Nine Tales (IRE),C. Horgan,7,Ray Hackett,8th,1 1/4 l,5,9-10b,-,True,64,33
Limerick Racing Results | 23rd June 2023 17:08,N/A,17:08,Yielding To Soft,6f 150y,Zig Zag Zyggy (IRE),C. J. MacRedmond,0,Adrian McGuinness,7th,6 1/2 l,8,9-5v,-,True,64,33
Limerick Racing Results | 23rd June 2023 17:08,N/A,17:08,Yielding To Soft,6f 150y,Sin E Shekells,O. Enright,7,J. G. Murray,6th,5 l,6,9-6p,-,True,64,33
Limerick Racing Results | 23rd June 2023 17:08,N/A,17:08,Yielding To Soft,6f 150y,Yester (IRE),Cillian McConnell,7,John McConnell,5th,5 1/2 l,7,9-6,-,True,64,33
Limerick Racing Results | 23rd June 2023 17:08,N/A,17:08,Yielding To Soft,6f 150y,Tai Sing Yeh (IRE),J. A. Powell,0,James McAuley,4th,3/4 l,9,9-13tb,-,True,64,33
Limerick Racing Results | 23rd June 2023 17:08,N/A,17:08,Yielding To Soft,6f 150y,Elephant John (IRE),D. King,2,Peter McCreery,3rd,7 l,5,10-2,-,True,64,33
Limerick Racing Results | 23rd June 2023 17:08,N/A,17:08,Yielding To Soft,6f 150y,Is That Love (IRE),Adam Caffrey,2,Adrian McGuinness,2nd,1/2 l,6,9-9,-,True,64,33
Limerick Racing Results | 23rd June 2023 17:08,N/A,17:08,Yielding To Soft,6f 150y,Big Baby Bull (IRE),K. S. McHugh,7,Denis Hogan,1st,N/A,7,9-11tb,-,True,64,33
Limerick Racing Results | 23rd June 2023 17:08,N/A,17:08,Yielding To Soft,6f 150y,Nine Tales (IRE),C. Horgan,7,Ray Hackett,8th,1 1/4 l,5,9-10b,-,True,64,33
Limerick Racing Results | 23rd June 2023 17:08,N/A,17:08,Yielding To Soft,6f 150y,Zig Zag Zyggy (IRE),C. J. MacRedmond,0,Adrian McGuinness,7th,6 1/2 l,8,9-5v,-,True,64,33
Limerick Racing Results | 23rd June 2023 17:08,N/A,17:08,Yielding To Soft,6f 150y,Sin E Shekells,O. Enright,7,J. G. Murray,6th,5 l,6,9-6p,-,True,64,33
Limerick Racing Results | 23rd June 2023 17:08,N/A,17:08,Yielding To Soft,6f 150y,Yester (IRE),Cillian McConnell,7,John McConnell,5th,5 1/2 l,7,9-6,-,True,64,33
Limerick Racing Results | 23rd June 2023 17:08,N/A,17:08,Yielding To Soft,6f 150y,Tai Sing Yeh (IRE),J. A. Powell,0,James McAuley,4th,3/4 l,9,9-13tb,-,True,64,33
Limerick Racing Results | 23rd June 2023 17:08,N/A,17:08,Yielding To Soft,6f 150y,Elephant John (IRE),D. King,2,Peter McCreery,3rd,7 l,5,10-2,-,True,64,33
Limerick Racing Results | 23rd June 2023 17:08,N/A,17:08,Yielding To Soft,6f 150y,Is That Love (IRE),Adam Caffrey,2,Adrian McGuinness,2nd,1/2 l,6,9-9,-,True,64,33
Limerick Racing Results | 23rd June 2023 17:08,N/A,17:08,Yielding To Soft,6f 150y,Big Baby Bull (IRE),K. S. McHugh,7,Denis Hogan,1st,N/A,7,9-11tb,-,True,64,33
Limerick Racing Results | 23rd June 2023 17:40,N/A,17:40,Yielding To Soft,6f 150y,Vanguard Star (IRE),C. Stone-Walsh,7,Joseph Patrick O'Brien,7th,12 l,3,9-3t,-,True,64,34
Limerick Racing Results | 23rd June 2023 17:40,N/A,17:40,Yielding To Soft,6f 150y,Mercurial (IRE),Rachael Blackmore,0,John J. Nallen,6th,1 l,4,9-4,-,True,64,34
Limerick Racing Results | 23rd June 2023 17:40,N/A,17:40,Yielding To Soft,6f 150y,Dream Today (IRE),C. J. MacRedmond,5,Adrian McGuinness,5th,2 1/4 l,8,10-0tp,-,True,64,34
Limerick Racing Results | 23rd June 2023 17:40,N/A,17:40,Yielding To Soft,6f 150y,Little Queenie (IRE),L. T. McAteer,0,Paul W. Flynn,4th,3/4 l,4,9-1,-,True,64,34
Limerick Racing Results | 23rd June 2023 17:40,N/A,17:40,Yielding To Soft,6f 150y,Secret Road (IRE),Seamie Heffernan,0,Gerard Keane,3rd,1 1/4 l,5,9-3,-,True,64,34
Limerick Racing Results | 23rd June 2023 17:40,N/A,17:40,Yielding To Soft,6f 150y,First Gentleman (IRE),N. M. Crosse,0,Mrs J. Harrington,2nd,1 1/2 l,3,9-3,-,True,64,34
Limerick Racing Results | 23rd June 2023 17:40,N/A,17:40,Yielding To Soft,6f 150y,Furnace Creek (IRE),Ben Martin Coen,0,Joseph Anthony Murray,1st,N/A,4,9-6,-,True,64,34
Limerick Racing Results | 23rd June 2023 17:40,N/A,17:40,Yielding To Soft,6f 150y,Vanguard Star (IRE),C. Stone-Walsh,7,Joseph Patrick O'Brien,7th,12 l,3,9-3t,-,True,64,34
Limerick Racing Results | 23rd June 2023 17:40,N/A,17:40,Yielding To Soft,6f 150y,Mercurial (IRE),Rachael Blackmore,0,John J. Nallen,6th,1 l,4,9-4,-,True,64,34
Limerick Racing Results | 23rd June 2023 17:40,N/A,17:40,Yielding To Soft,6f 150y,Dream Today (IRE),C. J. MacRedmond,5,Adrian McGuinness,5th,2 1/4 l,8,10-0tp,-,True,64,34
Limerick Racing Results | 23rd June 2023 17:40,N/A,17:40,Yielding To Soft,6f 150y,Little Queenie (IRE),L. T. McAteer,0,Paul W. Flynn,4th,3/4 l,4,9-1,-,True,64,34
Limerick Racing Results | 23rd June 2023 17:40,N/A,17:40,Yielding To Soft,6f 150y,Secret Road (IRE),Seamie Heffernan,0,Gerard Keane,3rd,1 1/4 l,5,9-3,-,True,64,34
Limerick Racing Results | 23rd June 2023 17:40,N/A,17:40,Yielding To Soft,6f 150y,First Gentleman (IRE),N. M. Crosse,0,Mrs J. Harrington,2nd,1 1/2 l,3,9-3,-,True,64,34
Limerick Racing Results | 23rd June 2023 17:40,N/A,17:40,Yielding To Soft,6f 150y,Furnace Creek (IRE),Ben Martin Coen,0,Joseph Anthony Murray,1st,N/A,4,9-6,-,True,64,34
Limerick Racing Results | 23rd June 2023 18:15,N/A,18:15,Yielding To Soft,1m,Eagles Reign (IRE),J. A. Powell,5,Ross O'Sullivan,16th,11 l,3,9-8,-,True,64,35
Limerick Racing Results | 23rd June 2023 18:15,N/A,18:15,Yielding To Soft,1m,I'm Ghosted (IRE),J. J. G. Ryan,7,P. A. Fahy,15th,1 1/4 l,3,9-8,-,True,64,35
Limerick Racing Results | 23rd June 2023 18:15,N/A,18:15,Yielding To Soft,1m,Navajo River (IRE),N. M. Crosse,0,Luke Comer,14th,11 l,3,9-8,-,True,64,35
Limerick Racing Results | 23rd June 2023 18:15,N/A,18:15,Yielding To Soft,1m,Highland Sam (IRE),A. C. Persse,7,Patrick J. Flynn,13th,7 1/2 l,3,9-8,-,True,64,35
Limerick Racing Results | 23rd June 2023 18:15,N/A,18:15,Yielding To Soft,1m,Saffronandblue (IRE),L. T. McAteer,0,Martin Brassil,12th,2 1/4 l,3,9-8,-,True,64,35
Limerick Racing Results | 23rd June 2023 18:15,N/A,18:15,Yielding To Soft,1m,Annie (IRE),Adam Caffrey,5,James Andrew Fahey,11th,Nose,3,9-3h1,-,True,64,35
Limerick Racing Results | 23rd June 2023 18:15,N/A,18:15,Yielding To Soft,1m,Gallo Dell Cielo (IRE),R. Donaghue-Leahy,10,Patrick J. Flynn,10th,Neck,3,9-8,-,True,64,35
Limerick Racing Results | 23rd June 2023 18:15,N/A,18:15,Yielding To Soft,1m,Rival Queen (IRE),M. P. Sheehy,0,Joseph Patrick O'Brien,9th,Short Head,3,9-3,-,True,64,35
Limerick Racing Results | 23rd June 2023 18:15,N/A,18:15,Yielding To Soft,1m,Sparkit (IRE),Amy Jo Hayes,7,A. Slattery,8th,3 1/2 l,3,9-8,-,True,64,35
Limerick Racing Results | 23rd June 2023 18:15,N/A,18:15,Yielding To Soft,1m,New Route (IRE),Rachael Blackmore,0,Ross O'Sullivan,7th,1 3/4 l,3,9-8,-,True,64,35
Limerick Racing Results | 23rd June 2023 18:15,N/A,18:15,Yielding To Soft,1m,Status Green (IRE),Tom Kiely Marshall,7,Joseph G. Murphy,6th,Head,3,9-8,-,True,64,35
Limerick Racing Results | 23rd June 2023 18:15,N/A,18:15,Yielding To Soft,1m,Firm Handshake (IRE),G. P. Halpin,0,W. McCreery,5th,1 3/4 l,3,9-8,-,True,64,35
Limerick Racing Results | 23rd June 2023 18:15,N/A,18:15,Yielding To Soft,1m,Bottler'secret (IRE),C. J. MacRedmond,5,Ciaran Murphy,4th,3 1/4 l,3,9-8,-,True,64,35
Limerick Racing Results | 23rd June 2023 18:15,N/A,18:15,Yielding To Soft,1m,Emotivo (IRE),Ben Martin Coen,0,Henry de Bromhead,3rd,3 1/4 l,3,9-3,-,True,64,35
Limerick Racing Results | 23rd June 2023 18:15,N/A,18:15,Yielding To Soft,1m,Machnamh (IRE),R. P. Cleary,0,J. S. Bolger,2nd,1/2 l,3,9-3,-,True,64,35
Limerick Racing Results | 23rd June 2023 18:15,N/A,18:15,Yielding To Soft,1m,Farnborough (IRE),Seamie Heffernan,0,Aidan O'Brien,1st,N/A,3,9-8b,-,True,64,35
Limerick Racing Results | 23rd June 2023 18:15,N/A,18:15,Yielding To Soft,1m,Eagles Reign (IRE),J. A. Powell,5,Ross O'Sullivan,16th,11 l,3,9-8,-,True,64,35
Limerick Racing Results | 23rd June 2023 18:15,N/A,18:15,Yielding To Soft,1m,I'm Ghosted (IRE),J. J. G. Ryan,7,P. A. Fahy,15th,1 1/4 l,3,9-8,-,True,64,35
Limerick Racing Results | 23rd June 2023 18:15,N/A,18:15,Yielding To Soft,1m,Navajo River (IRE),N. M. Crosse,0,Luke Comer,14th,11 l,3,9-8,-,True,64,35
Limerick Racing Results | 23rd June 2023 18:15,N/A,18:15,Yielding To Soft,1m,Highland Sam (IRE),A. C. Persse,7,Patrick J. Flynn,13th,7 1/2 l,3,9-8,-,True,64,35
Limerick Racing Results | 23rd June 2023 18:15,N/A,18:15,Yielding To Soft,1m,Saffronandblue (IRE),L. T. McAteer,0,Martin Brassil,12th,2 1/4 l,3,9-8,-,True,64,35
Limerick Racing Results | 23rd June 2023 18:15,N/A,18:15,Yielding To Soft,1m,Annie (IRE),Adam Caffrey,5,James Andrew Fahey,11th,Nose,3,9-3h1,-,True,64,35
Limerick Racing Results | 23rd June 2023 18:15,N/A,18:15,Yielding To Soft,1m,Gallo Dell Cielo (IRE),R. Donaghue-Leahy,10,Patrick J. Flynn,10th,Neck,3,9-8,-,True,64,35
Limerick Racing Results | 23rd June 2023 18:15,N/A,18:15,Yielding To Soft,1m,Rival Queen (IRE),M. P. Sheehy,0,Joseph Patrick O'Brien,9th,Short Head,3,9-3,-,True,64,35
Limerick Racing Results | 23rd June 2023 18:15,N/A,18:15,Yielding To Soft,1m,Sparkit (IRE),Amy Jo Hayes,7,A. Slattery,8th,3 1/2 l,3,9-8,-,True,64,35
Limerick Racing Results | 23rd June 2023 18:15,N/A,18:15,Yielding To Soft,1m,New Route (IRE),Rachael Blackmore,0,Ross O'Sullivan,7th,1 3/4 l,3,9-8,-,True,64,35
Limerick Racing Results | 23rd June 2023 18:15,N/A,18:15,Yielding To Soft,1m,Status Green (IRE),Tom Kiely Marshall,7,Joseph G. Murphy,6th,Head,3,9-8,-,True,64,35
Limerick Racing Results | 23rd June 2023 18:15,N/A,18:15,Yielding To Soft,1m,Firm Handshake (IRE),G. P. Halpin,0,W. McCreery,5th,1 3/4 l,3,9-8,-,True,64,35
Limerick Racing Results | 23rd June 2023 18:15,N/A,18:15,Yielding To Soft,1m,Bottler'secret (IRE),C. J. MacRedmond,5,Ciaran Murphy,4th,3 1/4 l,3,9-8,-,True,64,35
Limerick Racing Results | 23rd June 2023 18:15,N/A,18:15,Yielding To Soft,1m,Emotivo (IRE),Ben Martin Coen,0,Henry de Bromhead,3rd,3 1/4 l,3,9-3,-,True,64,35
Limerick Racing Results | 23rd June 2023 18:15,N/A,18:15,Yielding To Soft,1m,Machnamh (IRE),R. P. Cleary,0,J. S. Bolger,2nd,1/2 l,3,9-3,-,True,64,35
Limerick Racing Results | 23rd June 2023 18:15,N/A,18:15,Yielding To Soft,1m,Farnborough (IRE),Seamie Heffernan,0,Aidan O'Brien,1st,N/A,3,9-8b,-,True,64,35
Limerick Racing Results | 23rd June 2023 18:45,N/A,18:45,Yielding,1m,Monnow Valley,R. P. Cleary,0,Damian Joseph English,15th,1 l,3,9-6v,55,True,64,36
Limerick Racing Results | 23rd June 2023 18:45,N/A,18:45,Yielding,1m,Below Deck (IRE),C. Horgan,7,Luke Comer,14th,5 1/2 l,3,9-11t1,60,True,64,36
Limerick Racing Results | 23rd June 2023 18:45,N/A,18:45,Yielding,1m,Hilltop's Bear (IRE),J. J. G. Ryan,7,James McAuley,13th,Neck,3,8-13,48,True,64,36
Limerick Racing Results | 23rd June 2023 18:45,N/A,18:45,Yielding,1m,Pascalia (IRE),Ben Martin Coen,0,John Patrick Murtagh,12th,1 1/4 l,3,10-0,63,True,64,36
Limerick Racing Results | 23rd June 2023 18:45,N/A,18:45,Yielding,1m,Laudable,C. Stone-Walsh,7,John Joseph Murphy,11th,1/2 l,3,9-13,62,True,64,36
Limerick Racing Results | 23rd June 2023 18:45,N/A,18:45,Yielding,1m,Elmo Lincoln (IRE),N. M. Crosse,0,W. McCreery,10th,Neck,3,9-12,61,True,64,36
Limerick Racing Results | 23rd June 2023 18:45,N/A,18:45,Yielding,1m,Summer Snow (IRE),R. Whearty,7,Ross O'Sullivan,9th,1/2 l,3,10-0,63,True,64,36
Limerick Racing Results | 23rd June 2023 18:45,N/A,18:45,Yielding,1m,Happenstance (IRE),A. C. Persse,7,Patrick J. Flynn,8th,Neck,3,8-12,47,True,64,36
Limerick Racing Results | 23rd June 2023 18:45,N/A,18:45,Yielding,1m,Tasmanian Girl (IRE),C. Geerdharry,7,Aengus King,7th,2 l,3,8-12,47,True,64,36
Limerick Racing Results | 23rd June 2023 18:45,N/A,18:45,Yielding,1m,Cherry Pink (IRE),Adam Caffrey,5,M. Halford & T. Collins,6th,Nose,3,9-7,56,True,64,36
Limerick Racing Results | 23rd June 2023 18:45,N/A,18:45,Yielding,1m,Western Cape (IRE),Seamie Heffernan,0,Denis Hogan,5th,1 l,3,9-13tb1,62,True,64,36
Limerick Racing Results | 23rd June 2023 18:45,N/A,18:45,Yielding,1m,Water Mint (IRE),Tom Kiely Marshall,7,Joseph G. Murphy,4th,1 1/4 l,3,8-12,47,True,64,36
Limerick Racing Results | 23rd June 2023 18:45,N/A,18:45,Yielding,1m,Miss Yvonne (IRE),M. P. Sheehy,0,Mrs J. Harrington,3rd,Head,3,9-13,62,True,64,36
Limerick Racing Results | 23rd June 2023 18:45,N/A,18:45,Yielding,1m,Master Garvey (IRE),C. J. MacRedmond,5,Joseph Anthony Murray,2nd,Head,3,9-9,58,True,64,36
Limerick Racing Results | 23rd June 2023 18:45,N/A,18:45,Yielding,1m,Amemri,L. T. McAteer,0,David Marnane,1st,N/A,3,9-3,52,True,64,36
Limerick Racing Results | 23rd June 2023 18:45,N/A,18:45,Yielding,1m,Monnow Valley,R. P. Cleary,0,Damian Joseph English,15th,1 l,3,9-6v,55,True,64,36
Limerick Racing Results | 23rd June 2023 18:45,N/A,18:45,Yielding,1m,Below Deck (IRE),C. Horgan,7,Luke Comer,14th,5 1/2 l,3,9-11t1,60,True,64,36
Limerick Racing Results | 23rd June 2023 18:45,N/A,18:45,Yielding,1m,Hilltop's Bear (IRE),J. J. G. Ryan,7,James McAuley,13th,Neck,3,8-13,48,True,64,36
Limerick Racing Results | 23rd June 2023 18:45,N/A,18:45,Yielding,1m,Pascalia (IRE),Ben Martin Coen,0,John Patrick Murtagh,12th,1 1/4 l,3,10-0,63,True,64,36
Limerick Racing Results | 23rd June 2023 18:45,N/A,18:45,Yielding,1m,Laudable,C. Stone-Walsh,7,John Joseph Murphy,11th,1/2 l,3,9-13,62,True,64,36
Limerick Racing Results | 23rd June 2023 18:45,N/A,18:45,Yielding,1m,Elmo Lincoln (IRE),N. M. Crosse,0,W. McCreery,10th,Neck,3,9-12,61,True,64,36
Limerick Racing Results | 23rd June 2023 18:45,N/A,18:45,Yielding,1m,Summer Snow (IRE),R. Whearty,7,Ross O'Sullivan,9th,1/2 l,3,10-0,63,True,64,36
Limerick Racing Results | 23rd June 2023 18:45,N/A,18:45,Yielding,1m,Happenstance (IRE),A. C. Persse,7,Patrick J. Flynn,8th,Neck,3,8-12,47,True,64,36
Limerick Racing Results | 23rd June 2023 18:45,N/A,18:45,Yielding,1m,Tasmanian Girl (IRE),C. Geerdharry,7,Aengus King,7th,2 l,3,8-12,47,True,64,36
Limerick Racing Results | 23rd June 2023 18:45,N/A,18:45,Yielding,1m,Cherry Pink (IRE),Adam Caffrey,5,M. Halford & T. Collins,6th,Nose,3,9-7,56,True,64,36
Limerick Racing Results | 23rd June 2023 18:45,N/A,18:45,Yielding,1m,Western Cape (IRE),Seamie Heffernan,0,Denis Hogan,5th,1 l,3,9-13tb1,62,True,64,36
Limerick Racing Results | 23rd June 2023 18:45,N/A,18:45,Yielding,1m,Water Mint (IRE),Tom Kiely Marshall,7,Joseph G. Murphy,4th,1 1/4 l,3,8-12,47,True,64,36
Limerick Racing Results | 23rd June 2023 18:45,N/A,18:45,Yielding,1m,Miss Yvonne (IRE),M. P. Sheehy,0,Mrs J. Harrington,3rd,Head,3,9-13,62,True,64,36
Limerick Racing Results | 23rd June 2023 18:45,N/A,18:45,Yielding,1m,Master Garvey (IRE),C. J. MacRedmond,5,Joseph Anthony Murray,2nd,Head,3,9-9,58,True,64,36
Limerick Racing Results | 23rd June 2023 18:45,N/A,18:45,Yielding,1m,Amemri,L. T. McAteer,0,David Marnane,1st,N/A,3,9-3,52,True,64,36
Limerick Racing Results | 23rd June 2023 19:20,N/A,19:20,Yielding,1m 4f 110y,Shanroe,Adam Caffrey,0,Karl Thornton,UR,N/A,9,9-9,-,True,64,37
Limerick Racing Results | 23rd June 2023 19:20,N/A,19:20,Yielding,1m 4f 110y,Ottilien (FR),M. P. Sheehy,0,Joseph Patrick O'Brien,10th,2 1/4 l,4,9-7h,-,True,64,37
Limerick Racing Results | 23rd June 2023 19:20,N/A,19:20,Yielding,1m 4f 110y,Blazing Skies (IRE),N. M. Crosse,0,W. McCreery,9th,2 1/2 l,4,9-4,-,True,64,37
Limerick Racing Results | 23rd June 2023 19:20,N/A,19:20,Yielding,1m 4f 110y,High Chieftess (IRE),Jack Cleary,0,Aidan O'Brien,8th,1 1/2 l,3,8-7b,-,True,64,37
Limerick Racing Results | 23rd June 2023 19:20,N/A,19:20,Yielding,1m 4f 110y,Venice Biennale (IRE),J. A. Powell,0,John Joseph Murphy,7th,3 3/4 l,5,9-4,-,True,64,37
Limerick Racing Results | 23rd June 2023 19:20,N/A,19:20,Yielding,1m 4f 110y,Kerkiyra (IRE),Ben Martin Coen,0,John Patrick Murtagh,6th,1 l,4,9-4p,-,True,64,37
Limerick Racing Results | 23rd June 2023 19:20,N/A,19:20,Yielding,1m 4f 110y,New Variant (IRE),L. T. McAteer,0,J. S. Bolger,5th,2 l,3,8-12,-,True,64,37
Limerick Racing Results | 23rd June 2023 19:20,N/A,19:20,Yielding,1m 4f 110y,Amusement (IRE),K. J. Leonard,0,Donnacha Aidan O'Brien,4th,1/2 l,3,8-7,-,True,64,37
Limerick Racing Results | 23rd June 2023 19:20,N/A,19:20,Yielding,1m 4f 110y,Serious Challenge (IRE),R. P. Cleary,0,J. S. Bolger,3rd,Neck,3,8-12,-,True,64,37
Limerick Racing Results | 23rd June 2023 19:20,N/A,19:20,Yielding,1m 4f 110y,Term Of Endearment,Rachael Blackmore,0,Henry de Bromhead,2nd,3/4 l,4,9-4h,-,True,64,37
Limerick Racing Results | 23rd June 2023 19:20,N/A,19:20,Yielding,1m 4f 110y,Layfayette (IRE),Seamie Heffernan,0,Noel Meade,1st,N/A,6,9-9,-,True,64,37
Limerick Racing Results | 23rd June 2023 19:20,N/A,19:20,Yielding,1m 4f 110y,Shanroe,Adam Caffrey,0,Karl Thornton,UR,N/A,9,9-9,-,True,64,37
Limerick Racing Results | 23rd June 2023 19:20,N/A,19:20,Yielding,1m 4f 110y,Ottilien (FR),M. P. Sheehy,0,Joseph Patrick O'Brien,10th,2 1/4 l,4,9-7h,-,True,64,37
Limerick Racing Results | 23rd June 2023 19:20,N/A,19:20,Yielding,1m 4f 110y,Blazing Skies (IRE),N. M. Crosse,0,W. McCreery,9th,2 1/2 l,4,9-4,-,True,64,37
Limerick Racing Results | 23rd June 2023 19:20,N/A,19:20,Yielding,1m 4f 110y,High Chieftess (IRE),Jack Cleary,0,Aidan O'Brien,8th,1 1/2 l,3,8-7b,-,True,64,37
Limerick Racing Results | 23rd June 2023 19:20,N/A,19:20,Yielding,1m 4f 110y,Venice Biennale (IRE),J. A. Powell,0,John Joseph Murphy,7th,3 3/4 l,5,9-4,-,True,64,37
Limerick Racing Results | 23rd June 2023 19:20,N/A,19:20,Yielding,1m 4f 110y,Kerkiyra (IRE),Ben Martin Coen,0,John Patrick Murtagh,6th,1 l,4,9-4p,-,True,64,37
Limerick Racing Results | 23rd June 2023 19:20,N/A,19:20,Yielding,1m 4f 110y,New Variant (IRE),L. T. McAteer,0,J. S. Bolger,5th,2 l,3,8-12,-,True,64,37
Limerick Racing Results | 23rd June 2023 19:20,N/A,19:20,Yielding,1m 4f 110y,Amusement (IRE),K. J. Leonard,0,Donnacha Aidan O'Brien,4th,1/2 l,3,8-7,-,True,64,37
Limerick Racing Results | 23rd June 2023 19:20,N/A,19:20,Yielding,1m 4f 110y,Serious Challenge (IRE),R. P. Cleary,0,J. S. Bolger,3rd,Neck,3,8-12,-,True,64,37
Limerick Racing Results | 23rd June 2023 19:20,N/A,19:20,Yielding,1m 4f 110y,Term Of Endearment,Rachael Blackmore,0,Henry de Bromhead,2nd,3/4 l,4,9-4h,-,True,64,37
Limerick Racing Results | 23rd June 2023 19:20,N/A,19:20,Yielding,1m 4f 110y,Layfayette (IRE),Seamie Heffernan,0,Noel Meade,1st,N/A,6,9-9,-,True,64,37
Limerick Racing Results | 23rd June 2023 20:30,N/A,20:30,Yielding,2m 1f,Landue,Karen Kenny,7,Eamon Courtney,10th,28 l,8,9-0,66,True,64,39
Limerick Racing Results | 23rd June 2023 20:30,N/A,20:30,Yielding,2m 1f,The Jam Man (IRE),J. J. G. Ryan,7,P. J. Rothwell,9th,3 l,10,9-10v1,76,True,64,39
Limerick Racing Results | 23rd June 2023 20:30,N/A,20:30,Yielding,2m 1f,Three Comets (GER),N. M. Crosse,0,Luke Comer,8th,1 l,7,9-10,76,True,64,39
Limerick Racing Results | 23rd June 2023 20:30,N/A,20:30,Yielding,2m 1f,Team Of Firsts,R. Donaghue-Leahy,10,Patrick J. Flynn,7th,Neck,5,10-2,82,True,64,39
Limerick Racing Results | 23rd June 2023 20:30,N/A,20:30,Yielding,2m 1f,Dalvey,C. Stone-Walsh,7,James McAuley,6th,1 1/4 l,6,9-9tp,75,True,64,39
Limerick Racing Results | 23rd June 2023 20:30,N/A,20:30,Yielding,2m 1f,Barometer (IRE),M. P. Sheehy,0,John Joseph Murphy,5th,1 1/4 l,8,8-10,62,True,64,39
Limerick Racing Results | 23rd June 2023 20:30,N/A,20:30,Yielding,2m 1f,Rich Belief,Adam Caffrey,5,Karl Thornton,4th,1/2 l,6,9-12,78,True,64,39
Limerick Racing Results | 23rd June 2023 20:30,N/A,20:30,Yielding,2m 1f,Chutzpal (IRE),A. C. Persse,7,Eoin Doyle,3rd,6 l,4,8-10b,62,True,64,39
Limerick Racing Results | 23rd June 2023 20:30,N/A,20:30,Yielding,2m 1f,Youcrackmeup,J. A. Powell,5,Mrs J. Harrington,2nd,2 1/2 l,3,8-7b,69,True,64,39
Limerick Racing Results | 23rd June 2023 20:30,N/A,20:30,Yielding,2m 1f,Tronador (IRE),Ben Martin Coen,0,Gordon Elliott,1st,N/A,7,9-3,69,True,64,39
Limerick Racing Results | 23rd June 2023 20:30,N/A,20:30,Yielding,2m 1f,Landue,Karen Kenny,7,Eamon Courtney,10th,28 l,8,9-0,66,True,64,39
Limerick Racing Results | 23rd June 2023 20:30,N/A,20:30,Yielding,2m 1f,The Jam Man (IRE),J. J. G. Ryan,7,P. J. Rothwell,9th,3 l,10,9-10v1,76,True,64,39
Limerick Racing Results | 23rd June 2023 20:30,N/A,20:30,Yielding,2m 1f,Three Comets (GER),N. M. Crosse,0,Luke Comer,8th,1 l,7,9-10,76,True,64,39
Limerick Racing Results | 23rd June 2023 20:30,N/A,20:30,Yielding,2m 1f,Team Of Firsts,R. Donaghue-Leahy,10,Patrick J. Flynn,7th,Neck,5,10-2,82,True,64,39
Limerick Racing Results | 23rd June 2023 20:30,N/A,20:30,Yielding,2m 1f,Dalvey,C. Stone-Walsh,7,James McAuley,6th,1 1/4 l,6,9-9tp,75,True,64,39
Limerick Racing Results | 23rd June 2023 20:30,N/A,20:30,Yielding,2m 1f,Barometer (IRE),M. P. Sheehy,0,John Joseph Murphy,5th,1 1/4 l,8,8-10,62,True,64,39
Limerick Racing Results | 23rd June 2023 20:30,N/A,20:30,Yielding,2m 1f,Rich Belief,Adam Caffrey,5,Karl Thornton,4th,1/2 l,6,9-12,78,True,64,39
Limerick Racing Results | 23rd June 2023 20:30,N/A,20:30,Yielding,2m 1f,Chutzpal (IRE),A. C. Persse,7,Eoin Doyle,3rd,6 l,4,8-10b,62,True,64,39
Limerick Racing Results | 23rd June 2023 20:30,N/A,20:30,Yielding,2m 1f,Youcrackmeup,J. A. Powell,5,Mrs J. Harrington,2nd,2 1/2 l,3,8-7b,69,True,64,39
Limerick Racing Results | 23rd June 2023 20:30,N/A,20:30,Yielding,2m 1f,Tronador (IRE),Ben Martin Coen,0,Gordon Elliott,1st,N/A,7,9-3,69,True,64,39
Down Royal Racing Results | 24th June 2023 14:00,N/A,14:00,Yielding (Good To Yielding In Places),1m 2f 75y,Lynskey (IRE),C. J. MacRedmond,5,Joseph Anthony Murray,8th,12 l,3,9-8,-,True,64,40
Down Royal Racing Results | 24th June 2023 14:00,N/A,14:00,Yielding (Good To Yielding In Places),1m 2f 75y,Night Glow (USA),N. M. Crosse,0,W. McCreery,7th,1 3/4 l,3,9-3,-,True,64,40
Down Royal Racing Results | 24th June 2023 14:00,N/A,14:00,Yielding (Good To Yielding In Places),1m 2f 75y,Siouxanne (IRE),R. Whearty,7,Gavin Patrick Cromwell,6th,1/2 l,3,9-3,-,True,64,40
Down Royal Racing Results | 24th June 2023 14:00,N/A,14:00,Yielding (Good To Yielding In Places),1m 2f 75y,Right Now (IRE),D. B. McMonagle,0,Joseph Patrick O'Brien,5th,Neck,3,9-8,-,True,64,40
Down Royal Racing Results | 24th June 2023 14:00,N/A,14:00,Yielding (Good To Yielding In Places),1m 2f 75y,Dalliances (IRE),S. B. Kelly,0,John Patrick Murtagh,4th,1/2 l,3,9-3p1,-,True,64,40
Down Royal Racing Results | 24th June 2023 14:00,N/A,14:00,Yielding (Good To Yielding In Places),1m 2f 75y,The Great Kingdom (IRE),C. Stone-Walsh,7,Joseph Patrick O'Brien,3rd,1 3/4 l,3,9-8,-,True,64,40
Down Royal Racing Results | 24th June 2023 14:00,N/A,14:00,Yielding (Good To Yielding In Places),1m 2f 75y,Hutton Glen (IRE),C. T. Keane,0,G. M. Lyons,2nd,8 l,3,9-8,-,True,64,40
Down Royal Racing Results | 24th June 2023 14:00,N/A,14:00,Yielding (Good To Yielding In Places),1m 2f 75y,Dutch Gold (IRE),L. F. Roche,0,Noel Meade,1st,N/A,3,9-8,-,True,64,40
Down Royal Racing Results | 24th June 2023 14:00,N/A,14:00,Yielding (Good To Yielding In Places),1m 2f 75y,Lynskey (IRE),C. J. MacRedmond,5,Joseph Anthony Murray,8th,12 l,3,9-8,-,True,64,40
Down Royal Racing Results | 24th June 2023 14:00,N/A,14:00,Yielding (Good To Yielding In Places),1m 2f 75y,Night Glow (USA),N. M. Crosse,0,W. McCreery,7th,1 3/4 l,3,9-3,-,True,64,40
Down Royal Racing Results | 24th June 2023 14:00,N/A,14:00,Yielding (Good To Yielding In Places),1m 2f 75y,Siouxanne (IRE),R. Whearty,7,Gavin Patrick Cromwell,6th,1/2 l,3,9-3,-,True,64,40
Down Royal Racing Results | 24th June 2023 14:00,N/A,14:00,Yielding (Good To Yielding In Places),1m 2f 75y,Right Now (IRE),D. B. McMonagle,0,Joseph Patrick O'Brien,5th,Neck,3,9-8,-,True,64,40
Down Royal Racing Results | 24th June 2023 14:00,N/A,14:00,Yielding (Good To Yielding In Places),1m 2f 75y,Dalliances (IRE),S. B. Kelly,0,John Patrick Murtagh,4th,1/2 l,3,9-3p1,-,True,64,40
Down Royal Racing Results | 24th June 2023 14:00,N/A,14:00,Yielding (Good To Yielding In Places),1m 2f 75y,The Great Kingdom (IRE),C. Stone-Walsh,7,Joseph Patrick O'Brien,3rd,1 3/4 l,3,9-8,-,True,64,40
Down Royal Racing Results | 24th June 2023 14:00,N/A,14:00,Yielding (Good To Yielding In Places),1m 2f 75y,Hutton Glen (IRE),C. T. Keane,0,G. M. Lyons,2nd,8 l,3,9-8,-,True,64,40
Down Royal Racing Results | 24th June 2023 14:00,N/A,14:00,Yielding (Good To Yielding In Places),1m 2f 75y,Dutch Gold (IRE),L. F. Roche,0,Noel Meade,1st,N/A,3,9-8,-,True,64,40
Down Royal Racing Results | 24th June 2023 14:35,N/A,14:35,Good (Good To Yielding In Places),1m 2f 75y,Sodapop (IRE),G. M. Ryan,0,Henry de Bromhead,10th,3/4 l,3,9-6h1,67,True,64,41
Down Royal Racing Results | 24th June 2023 14:35,N/A,14:35,Good (Good To Yielding In Places),1m 2f 75y,Sea Spray,J. A. Powell,5,Mrs J. Harrington,9th,12 l,3,10-0p,75,True,64,41
Down Royal Racing Results | 24th June 2023 14:35,N/A,14:35,Good (Good To Yielding In Places),1m 2f 75y,Serotonin,Oisin McSweeney,5,Alan Richardson,8th,Head,3,9-6b,67,True,64,41
Down Royal Racing Results | 24th June 2023 14:35,N/A,14:35,Good (Good To Yielding In Places),1m 2f 75y,Spanish Saint (IRE),L. F. Roche,0,Noel Meade,7th,3 l,3,8-7,54,True,64,41
Down Royal Racing Results | 24th June 2023 14:35,N/A,14:35,Good (Good To Yielding In Places),1m 2f 75y,Unification (IRE),R. P. Cleary,0,J. S. Bolger,6th,4 l,3,9-13,74,True,64,41
Down Royal Racing Results | 24th June 2023 14:35,N/A,14:35,Good (Good To Yielding In Places),1m 2f 75y,Our Boy Wes,N. M. Crosse,0,Emmet Mullins,5th,2 1/2 l,3,9-11,72,True,64,41
Down Royal Racing Results | 24th June 2023 14:35,N/A,14:35,Good (Good To Yielding In Places),1m 2f 75y,Evening's Empire (IRE),C. Stone-Walsh,7,Eddie & Patrick Harty,4th,3 l,3,9-5,66,True,64,41
Down Royal Racing Results | 24th June 2023 14:35,N/A,14:35,Good (Good To Yielding In Places),1m 2f 75y,Navy Beach (IRE),N. G. McCullagh,0,A. J. Martin,3rd,3/4 l,3,8-9,56,True,64,41
Down Royal Racing Results | 24th June 2023 14:35,N/A,14:35,Good (Good To Yielding In Places),1m 2f 75y,Mobilise,C. T. Keane,0,G. M. Lyons,2nd,2 3/4 l,3,9-13,74,True,64,41
Down Royal Racing Results | 24th June 2023 14:35,N/A,14:35,Good (Good To Yielding In Places),1m 2f 75y,Picture of a City,D. B. McMonagle,0,Andrew Oliver,1st,N/A,3,9-12p1,73,True,64,41
Down Royal Racing Results | 24th June 2023 14:35,N/A,14:35,Good (Good To Yielding In Places),1m 2f 75y,Sodapop (IRE),G. M. Ryan,0,Henry de Bromhead,10th,3/4 l,3,9-6h1,67,True,64,41
Down Royal Racing Results | 24th June 2023 14:35,N/A,14:35,Good (Good To Yielding In Places),1m 2f 75y,Sea Spray,J. A. Powell,5,Mrs J. Harrington,9th,12 l,3,10-0p,75,True,64,41
Down Royal Racing Results | 24th June 2023 14:35,N/A,14:35,Good (Good To Yielding In Places),1m 2f 75y,Serotonin,Oisin McSweeney,5,Alan Richardson,8th,Head,3,9-6b,67,True,64,41
Down Royal Racing Results | 24th June 2023 14:35,N/A,14:35,Good (Good To Yielding In Places),1m 2f 75y,Spanish Saint (IRE),L. F. Roche,0,Noel Meade,7th,3 l,3,8-7,54,True,64,41
Down Royal Racing Results | 24th June 2023 14:35,N/A,14:35,Good (Good To Yielding In Places),1m 2f 75y,Unification (IRE),R. P. Cleary,0,J. S. Bolger,6th,4 l,3,9-13,74,True,64,41
Down Royal Racing Results | 24th June 2023 14:35,N/A,14:35,Good (Good To Yielding In Places),1m 2f 75y,Our Boy Wes,N. M. Crosse,0,Emmet Mullins,5th,2 1/2 l,3,9-11,72,True,64,41
Down Royal Racing Results | 24th June 2023 14:35,N/A,14:35,Good (Good To Yielding In Places),1m 2f 75y,Evening's Empire (IRE),C. Stone-Walsh,7,Eddie & Patrick Harty,4th,3 l,3,9-5,66,True,64,41
Down Royal Racing Results | 24th June 2023 14:35,N/A,14:35,Good (Good To Yielding In Places),1m 2f 75y,Navy Beach (IRE),N. G. McCullagh,0,A. J. Martin,3rd,3/4 l,3,8-9,56,True,64,41
Down Royal Racing Results | 24th June 2023 14:35,N/A,14:35,Good (Good To Yielding In Places),1m 2f 75y,Mobilise,C. T. Keane,0,G. M. Lyons,2nd,2 3/4 l,3,9-13,74,True,64,41
Down Royal Racing Results | 24th June 2023 14:35,N/A,14:35,Good (Good To Yielding In Places),1m 2f 75y,Picture of a City,D. B. McMonagle,0,Andrew Oliver,1st,N/A,3,9-12p1,73,True,64,41
Down Royal Racing Results | 24th June 2023 15:10,N/A,15:10,Good (Good To Yielding In Places),1m 2f 75y,James Henry (IRE),R. P. Cleary,0,Leanne Breen,14th,3 3/4 l,4,9-7,60,True,64,42
Down Royal Racing Results | 24th June 2023 15:10,N/A,15:10,Good (Good To Yielding In Places),1m 2f 75y,Unterberg (IRE),C. T. Keane,0,G. M. Lyons,13th,3/4 l,4,9-13,66,True,64,42
Down Royal Racing Results | 24th June 2023 15:10,N/A,15:10,Good (Good To Yielding In Places),1m 2f 75y,Happaugue (IRE),N. M. Crosse,0,John McConnell,12th,2 l,7,9-5h,58,True,64,42
Down Royal Racing Results | 24th June 2023 15:10,N/A,15:10,Good (Good To Yielding In Places),1m 2f 75y,Adapt to Dan (IRE),Cillian McConnell,7,L. Smyth,11th,2 l,7,10-0t,67,True,64,42
Down Royal Racing Results | 24th June 2023 15:10,N/A,15:10,Good (Good To Yielding In Places),1m 2f 75y,Secret Spy,L. F. Roche,0,Andrew Oliver,10th,2 1/2 l,4,10-0p1,67,True,64,42
Down Royal Racing Results | 24th June 2023 15:10,N/A,15:10,Good (Good To Yielding In Places),1m 2f 75y,Bronze River,Siobhan Rutledge,5,John McConnell,9th,1 l,6,8-12,51,True,64,42
Down Royal Racing Results | 24th June 2023 15:10,N/A,15:10,Good (Good To Yielding In Places),1m 2f 75y,Arch Enemy (IRE),S. P. Bird,10,Patrick Magee,8th,Short Head,4,10-0,67,True,64,42
Down Royal Racing Results | 24th June 2023 15:10,N/A,15:10,Good (Good To Yielding In Places),1m 2f 75y,Pretty Soldier (GER),D. King,5,Mervyn Torrens,7th,Neck,6,10-2,69,True,64,42
Down Royal Racing Results | 24th June 2023 15:10,N/A,15:10,Good (Good To Yielding In Places),1m 2f 75y,Dreaming Princess,J. A. Powell,5,Miss Natalia Lupini,6th,Short Head,3,9-0,65,True,64,42
Down Royal Racing Results | 24th June 2023 15:10,N/A,15:10,Good (Good To Yielding In Places),1m 2f 75y,Baile Locha Riach (FR),S. B. Kelly,0,John Patrick Murtagh,5th,1 3/4 l,3,9-4,69,True,64,42
Down Royal Racing Results | 24th June 2023 15:10,N/A,15:10,Good (Good To Yielding In Places),1m 2f 75y,Barretstown (IRE),G. M. Ryan,0,Conor O'Dwyer,4th,Head,5,9-8,61,True,64,42
Down Royal Racing Results | 24th June 2023 15:10,N/A,15:10,Good (Good To Yielding In Places),1m 2f 75y,Gracesolution (IRE),C. Stone-Walsh,7,Ross O'Sullivan,3rd,2 1/2 l,6,10-1,68,True,64,42
Down Royal Racing Results | 24th June 2023 15:10,N/A,15:10,Good (Good To Yielding In Places),1m 2f 75y,Stormy Jenn (IRE),R. Whearty,7,Peter Cluskey,2nd,3/4 l,6,10-1,68,True,64,42
Down Royal Racing Results | 24th June 2023 15:10,N/A,15:10,Good (Good To Yielding In Places),1m 2f 75y,Pinot Gris (IRE),D. B. McMonagle,0,Gavin Patrick Cromwell,1st,N/A,3,8-12p1,63,True,64,42
Down Royal Racing Results | 24th June 2023 15:10,N/A,15:10,Good (Good To Yielding In Places),1m 2f 75y,James Henry (IRE),R. P. Cleary,0,Leanne Breen,14th,3 3/4 l,4,9-7,60,True,64,42
Down Royal Racing Results | 24th June 2023 15:10,N/A,15:10,Good (Good To Yielding In Places),1m 2f 75y,Unterberg (IRE),C. T. Keane,0,G. M. Lyons,13th,3/4 l,4,9-13,66,True,64,42
Down Royal Racing Results | 24th June 2023 15:10,N/A,15:10,Good (Good To Yielding In Places),1m 2f 75y,Happaugue (IRE),N. M. Crosse,0,John McConnell,12th,2 l,7,9-5h,58,True,64,42
Down Royal Racing Results | 24th June 2023 15:10,N/A,15:10,Good (Good To Yielding In Places),1m 2f 75y,Adapt to Dan (IRE),Cillian McConnell,7,L. Smyth,11th,2 l,7,10-0t,67,True,64,42
Down Royal Racing Results | 24th June 2023 15:10,N/A,15:10,Good (Good To Yielding In Places),1m 2f 75y,Secret Spy,L. F. Roche,0,Andrew Oliver,10th,2 1/2 l,4,10-0p1,67,True,64,42
Down Royal Racing Results | 24th June 2023 15:10,N/A,15:10,Good (Good To Yielding In Places),1m 2f 75y,Bronze River,Siobhan Rutledge,5,John McConnell,9th,1 l,6,8-12,51,True,64,42
Down Royal Racing Results | 24th June 2023 15:10,N/A,15:10,Good (Good To Yielding In Places),1m 2f 75y,Arch Enemy (IRE),S. P. Bird,10,Patrick Magee,8th,Short Head,4,10-0,67,True,64,42
Down Royal Racing Results | 24th June 2023 15:10,N/A,15:10,Good (Good To Yielding In Places),1m 2f 75y,Pretty Soldier (GER),D. King,5,Mervyn Torrens,7th,Neck,6,10-2,69,True,64,42
Down Royal Racing Results | 24th June 2023 15:10,N/A,15:10,Good (Good To Yielding In Places),1m 2f 75y,Dreaming Princess,J. A. Powell,5,Miss Natalia Lupini,6th,Short Head,3,9-0,65,True,64,42
Down Royal Racing Results | 24th June 2023 15:10,N/A,15:10,Good (Good To Yielding In Places),1m 2f 75y,Baile Locha Riach (FR),S. B. Kelly,0,John Patrick Murtagh,5th,1 3/4 l,3,9-4,69,True,64,42
Down Royal Racing Results | 24th June 2023 15:10,N/A,15:10,Good (Good To Yielding In Places),1m 2f 75y,Barretstown (IRE),G. M. Ryan,0,Conor O'Dwyer,4th,Head,5,9-8,61,True,64,42
Down Royal Racing Results | 24th June 2023 15:10,N/A,15:10,Good (Good To Yielding In Places),1m 2f 75y,Gracesolution (IRE),C. Stone-Walsh,7,Ross O'Sullivan,3rd,2 1/2 l,6,10-1,68,True,64,42
Down Royal Racing Results | 24th June 2023 15:10,N/A,15:10,Good (Good To Yielding In Places),1m 2f 75y,Stormy Jenn (IRE),R. Whearty,7,Peter Cluskey,2nd,3/4 l,6,10-1,68,True,64,42
Down Royal Racing Results | 24th June 2023 15:10,N/A,15:10,Good (Good To Yielding In Places),1m 2f 75y,Pinot Gris (IRE),D. B. McMonagle,0,Gavin Patrick Cromwell,1st,N/A,3,8-12p1,63,True,64,42
Down Royal Racing Results | 24th June 2023 15:45,N/A,15:45,Good,1m 2f 75y,Drummin Life (IRE),L. F. Roche,0,W. McCreery,9th,1 1/4 l,3,8-13v1,93,True,64,43
Down Royal Racing Results | 24th June 2023 15:45,N/A,15:45,Good,1m 2f 75y,Fiver Friday (IRE),Siobhan Rutledge,5,Paul Traynor,8th,Head,3,8-7,87,True,64,43
Down Royal Racing Results | 24th June 2023 15:45,N/A,15:45,Good,1m 2f 75y,Timeless Soul (GER),C. Stone-Walsh,7,Joseph Patrick O'Brien,7th,6 1/2 l,5,10-0,96,True,64,43
Down Royal Racing Results | 24th June 2023 15:45,N/A,15:45,Good,1m 2f 75y,Galactica (FR),J. A. Powell,5,Gavin Patrick Cromwell,6th,3 1/4 l,5,8-7,75,True,64,43
Down Royal Racing Results | 24th June 2023 15:45,N/A,15:45,Good,1m 2f 75y,Hazy Mehmory (IRE),C. T. Keane,0,G. M. Lyons,5th,Head,4,9-0h,82,True,64,43
Down Royal Racing Results | 24th June 2023 15:45,N/A,15:45,Good,1m 2f 75y,Satin,N. M. Crosse,0,Mrs J. Harrington,4th,Neck,3,8-7,87,True,64,43
Down Royal Racing Results | 24th June 2023 15:45,N/A,15:45,Good,1m 2f 75y,Celtic Crown (IRE),C. J. MacRedmond,5,Adrian McGuinness,3rd,1/2 l,6,9-3,85,True,64,43
Down Royal Racing Results | 24th June 2023 15:45,N/A,15:45,Good,1m 2f 75y,Grecian Slipper (IRE),D. B. McMonagle,0,Joseph Patrick O'Brien,2nd,Nose,4,9-9tp1,91,True,64,43
Down Royal Racing Results | 24th June 2023 15:45,N/A,15:45,Good,1m 2f 75y,Enfranchise (IRE),G. M. Ryan,0,John Joseph Hanlon,1st,N/A,5,9-9,91,True,64,43
Down Royal Racing Results | 24th June 2023 15:45,N/A,15:45,Good,1m 2f 75y,Drummin Life (IRE),L. F. Roche,0,W. McCreery,9th,1 1/4 l,3,8-13v1,93,True,64,43
Down Royal Racing Results | 24th June 2023 15:45,N/A,15:45,Good,1m 2f 75y,Fiver Friday (IRE),Siobhan Rutledge,5,Paul Traynor,8th,Head,3,8-7,87,True,64,43
Down Royal Racing Results | 24th June 2023 15:45,N/A,15:45,Good,1m 2f 75y,Timeless Soul (GER),C. Stone-Walsh,7,Joseph Patrick O'Brien,7th,6 1/2 l,5,10-0,96,True,64,43
Down Royal Racing Results | 24th June 2023 15:45,N/A,15:45,Good,1m 2f 75y,Galactica (FR),J. A. Powell,5,Gavin Patrick Cromwell,6th,3 1/4 l,5,8-7,75,True,64,43
Down Royal Racing Results | 24th June 2023 15:45,N/A,15:45,Good,1m 2f 75y,Hazy Mehmory (IRE),C. T. Keane,0,G. M. Lyons,5th,Head,4,9-0h,82,True,64,43
Down Royal Racing Results | 24th June 2023 15:45,N/A,15:45,Good,1m 2f 75y,Satin,N. M. Crosse,0,Mrs J. Harrington,4th,Neck,3,8-7,87,True,64,43
Down Royal Racing Results | 24th June 2023 15:45,N/A,15:45,Good,1m 2f 75y,Celtic Crown (IRE),C. J. MacRedmond,5,Adrian McGuinness,3rd,1/2 l,6,9-3,85,True,64,43
Down Royal Racing Results | 24th June 2023 15:45,N/A,15:45,Good,1m 2f 75y,Grecian Slipper (IRE),D. B. McMonagle,0,Joseph Patrick O'Brien,2nd,Nose,4,9-9tp1,91,True,64,43
Down Royal Racing Results | 24th June 2023 15:45,N/A,15:45,Good,1m 2f 75y,Enfranchise (IRE),G. M. Ryan,0,John Joseph Hanlon,1st,N/A,5,9-9,91,True,64,43
Down Royal Racing Results | 24th June 2023 16:25,N/A,16:25,Good,1m 4f 175y,Pearl Of Australia (IRE),L. F. Roche,0,Noel Meade,9th,8 1/2 l,3,8-8,81,True,64,44
Down Royal Racing Results | 24th June 2023 16:25,N/A,16:25,Good,1m 4f 175y,Letiza (IRE),J. A. Powell,5,J. J. Feane,8th,10 l,3,8-7,80,True,64,44
Down Royal Racing Results | 24th June 2023 16:25,N/A,16:25,Good,1m 4f 175y,Matt Connor (IRE),G. M. Ryan,0,Henry de Bromhead,7th,1 l,3,8-12,85,True,64,44
Down Royal Racing Results | 24th June 2023 16:25,N/A,16:25,Good,1m 4f 175y,Dubawi Spectre,N. M. Crosse,0,Mrs J. Harrington,6th,1 1/4 l,3,8-11v,84,True,64,44
Down Royal Racing Results | 24th June 2023 16:25,N/A,16:25,Good,1m 4f 175y,Malbay Madness (IRE),Siobhan Rutledge,5,Emmet Mullins,5th,2 1/4 l,3,8-7,80,True,64,44
Down Royal Racing Results | 24th June 2023 16:25,N/A,16:25,Good,1m 4f 175y,Young Ireland (IRE),R. P. Cleary,0,J. S. Bolger,4th,1 1/4 l,3,9-4,91,True,64,44
Down Royal Racing Results | 24th June 2023 16:25,N/A,16:25,Good,1m 4f 175y,Hippodrome (IRE),C. T. Keane,0,Aidan O'Brien,3rd,1 1/2 l,3,9-3,90,True,64,44
Down Royal Racing Results | 24th June 2023 16:25,N/A,16:25,Good,1m 4f 175y,Ibrahimovic (IRE),D. B. McMonagle,0,Michael Bell,2nd,4 1/4 l,3,8-10,83,True,64,44
Down Royal Racing Results | 24th June 2023 16:25,N/A,16:25,Good,1m 4f 175y,Tower Of London (IRE),K. K. Hennessy,7,Aidan O'Brien,1st,N/A,3,9-12,99,True,64,44
Down Royal Racing Results | 24th June 2023 16:25,N/A,16:25,Good,1m 4f 175y,Pearl Of Australia (IRE),L. F. Roche,0,Noel Meade,9th,8 1/2 l,3,8-8,81,True,64,44
Down Royal Racing Results | 24th June 2023 16:25,N/A,16:25,Good,1m 4f 175y,Letiza (IRE),J. A. Powell,5,J. J. Feane,8th,10 l,3,8-7,80,True,64,44
Down Royal Racing Results | 24th June 2023 16:25,N/A,16:25,Good,1m 4f 175y,Matt Connor (IRE),G. M. Ryan,0,Henry de Bromhead,7th,1 l,3,8-12,85,True,64,44
Down Royal Racing Results | 24th June 2023 16:25,N/A,16:25,Good,1m 4f 175y,Dubawi Spectre,N. M. Crosse,0,Mrs J. Harrington,6th,1 1/4 l,3,8-11v,84,True,64,44
Down Royal Racing Results | 24th June 2023 16:25,N/A,16:25,Good,1m 4f 175y,Malbay Madness (IRE),Siobhan Rutledge,5,Emmet Mullins,5th,2 1/4 l,3,8-7,80,True,64,44
Down Royal Racing Results | 24th June 2023 16:25,N/A,16:25,Good,1m 4f 175y,Young Ireland (IRE),R. P. Cleary,0,J. S. Bolger,4th,1 1/4 l,3,9-4,91,True,64,44
Down Royal Racing Results | 24th June 2023 16:25,N/A,16:25,Good,1m 4f 175y,Hippodrome (IRE),C. T. Keane,0,Aidan O'Brien,3rd,1 1/2 l,3,9-3,90,True,64,44
Down Royal Racing Results | 24th June 2023 16:25,N/A,16:25,Good,1m 4f 175y,Ibrahimovic (IRE),D. B. McMonagle,0,Michael Bell,2nd,4 1/4 l,3,8-10,83,True,64,44
Down Royal Racing Results | 24th June 2023 16:25,N/A,16:25,Good,1m 4f 175y,Tower Of London (IRE),K. K. Hennessy,7,Aidan O'Brien,1st,N/A,3,9-12,99,True,64,44
Down Royal Racing Results | 24th June 2023 17:05,N/A,17:05,Good,1m 4f 175y,Striking (FR),N. M. Crosse,0,Mrs J. Harrington,12th,5 1/2 l,5,10-0,63,True,64,45
Down Royal Racing Results | 24th June 2023 17:05,N/A,17:05,Good,1m 4f 175y,Monoxide,D. King,5,Neill McCluskey,11th,7 l,8,10-0tb,63,True,64,45
Down Royal Racing Results | 24th June 2023 17:05,N/A,17:05,Good,1m 4f 175y,Universally (IRE),J. A. Powell,5,E. J. O'Neill,10th,17 l,4,10-2p,65,True,64,45
Down Royal Racing Results | 24th June 2023 17:05,N/A,17:05,Good,1m 4f 175y,Wajaaha (IRE),K. J. Leonard,0,P. J. McKenna,9th,3/4 l,8,10-1p,64,True,64,45
Down Royal Racing Results | 24th June 2023 17:05,N/A,17:05,Good,1m 4f 175y,Virtual Hug (IRE),G. M. Ryan,0,Conor O'Dwyer,8th,2 3/4 l,5,9-1tp,50,True,64,45
Down Royal Racing Results | 24th June 2023 17:05,N/A,17:05,Good,1m 4f 175y,Enquire Within (IRE),C. J. MacRedmond,5,F. G. Hand,7th,2 3/4 l,7,8-12tp1,47,True,64,45
Down Royal Racing Results | 24th June 2023 17:05,N/A,17:05,Good,1m 4f 175y,Areana (IRE),C. D. Maxwell,0,Denis Hogan,6th,1/2 l,4,10-1t,64,True,64,45
Down Royal Racing Results | 24th June 2023 17:05,N/A,17:05,Good,1m 4f 175y,Mater Matuta (IRE),R. P. Cleary,0,E. D. Delany,5th,2 3/4 l,7,8-12t,47,True,64,45
Down Royal Racing Results | 24th June 2023 17:05,N/A,17:05,Good,1m 4f 175y,Wild Shot,Siobhan Rutledge,5,John McConnell,4th,3/4 l,9,9-5t,54,True,64,45
Down Royal Racing Results | 24th June 2023 17:05,N/A,17:05,Good,1m 4f 175y,All In Peder (FR),D. B. McMonagle,0,Emmet Mullins,3rd,1 3/4 l,4,10-0,63,True,64,45
Down Royal Racing Results | 24th June 2023 17:05,N/A,17:05,Good,1m 4f 175y,Stoke The Fire (IRE),C. T. Keane,0,W. P. Mullins,2nd,3/4 l,4,10-1,64,True,64,45
Down Royal Racing Results | 24th June 2023 17:05,N/A,17:05,Good,1m 4f 175y,Londonofficecallin (IRE),L. F. Roche,0,Eric McNamara,1st,N/A,6,9-1t,50,True,64,45
Down Royal Racing Results | 24th June 2023 17:05,N/A,17:05,Good,1m 4f 175y,Striking (FR),N. M. Crosse,0,Mrs J. Harrington,12th,5 1/2 l,5,10-0,63,True,64,45
Down Royal Racing Results | 24th June 2023 17:05,N/A,17:05,Good,1m 4f 175y,Monoxide,D. King,5,Neill McCluskey,11th,7 l,8,10-0tb,63,True,64,45
Down Royal Racing Results | 24th June 2023 17:05,N/A,17:05,Good,1m 4f 175y,Universally (IRE),J. A. Powell,5,E. J. O'Neill,10th,17 l,4,10-2p,65,True,64,45
Down Royal Racing Results | 24th June 2023 17:05,N/A,17:05,Good,1m 4f 175y,Wajaaha (IRE),K. J. Leonard,0,P. J. McKenna,9th,3/4 l,8,10-1p,64,True,64,45
Down Royal Racing Results | 24th June 2023 17:05,N/A,17:05,Good,1m 4f 175y,Virtual Hug (IRE),G. M. Ryan,0,Conor O'Dwyer,8th,2 3/4 l,5,9-1tp,50,True,64,45
Down Royal Racing Results | 24th June 2023 17:05,N/A,17:05,Good,1m 4f 175y,Enquire Within (IRE),C. J. MacRedmond,5,F. G. Hand,7th,2 3/4 l,7,8-12tp1,47,True,64,45
Down Royal Racing Results | 24th June 2023 17:05,N/A,17:05,Good,1m 4f 175y,Areana (IRE),C. D. Maxwell,0,Denis Hogan,6th,1/2 l,4,10-1t,64,True,64,45
Down Royal Racing Results | 24th June 2023 17:05,N/A,17:05,Good,1m 4f 175y,Mater Matuta (IRE),R. P. Cleary,0,E. D. Delany,5th,2 3/4 l,7,8-12t,47,True,64,45
Down Royal Racing Results | 24th June 2023 17:05,N/A,17:05,Good,1m 4f 175y,Wild Shot,Siobhan Rutledge,5,John McConnell,4th,3/4 l,9,9-5t,54,True,64,45
Down Royal Racing Results | 24th June 2023 17:05,N/A,17:05,Good,1m 4f 175y,All In Peder (FR),D. B. McMonagle,0,Emmet Mullins,3rd,1 3/4 l,4,10-0,63,True,64,45
Down Royal Racing Results | 24th June 2023 17:05,N/A,17:05,Good,1m 4f 175y,Stoke The Fire (IRE),C. T. Keane,0,W. P. Mullins,2nd,3/4 l,4,10-1,64,True,64,45
Down Royal Racing Results | 24th June 2023 17:05,N/A,17:05,Good,1m 4f 175y,Londonofficecallin (IRE),L. F. Roche,0,Eric McNamara,1st,N/A,6,9-1t,50,True,64,45
Down Royal Racing Results | 24th June 2023 17:40,N/A,17:40,Good,1m 4f 175y,Lough Alina (IRE),Siobhan Rutledge,5,M. M. Rice,9th,36 l,6,9-4h,-,True,64,46
Down Royal Racing Results | 24th June 2023 17:40,N/A,17:40,Good,1m 4f 175y,Spring Wind (IRE),R. P. Cleary,0,Barry Fitzgerald,8th,6 1/2 l,4,9-4,-,True,64,46
Down Royal Racing Results | 24th June 2023 17:40,N/A,17:40,Good,1m 4f 175y,Knight Sleeper,D. B. McMonagle,0,K. J. Condon,7th,2 1/4 l,4,9-9t,-,True,64,46
Down Royal Racing Results | 24th June 2023 17:40,N/A,17:40,Good,1m 4f 175y,Valkyrie Gray (IRE),N. M. Crosse,0,Mrs J. Harrington,6th,4 3/4 l,4,9-4,-,True,64,46
Down Royal Racing Results | 24th June 2023 17:40,N/A,17:40,Good,1m 4f 175y,Dubeyeracingcraic (IRE),G. P. Halpin,0,Charles Byrnes,5th,3/4 l,4,9-4,-,True,64,46
Down Royal Racing Results | 24th June 2023 17:40,N/A,17:40,Good,1m 4f 175y,Barnacullia (IRE),S. P. Bird,10,Michael Mulvany,4th,Neck,6,9-9,-,True,64,46
Down Royal Racing Results | 24th June 2023 17:40,N/A,17:40,Good,1m 4f 175y,Wasthatok,C. D. Maxwell,0,Gavin Patrick Cromwell,3rd,Nose,5,9-9,-,True,64,46
Down Royal Racing Results | 24th June 2023 17:40,N/A,17:40,Good,1m 4f 175y,Impero (IRE),Jack Cleary,7,Michael G. Cleary,2nd,3 l,4,9-9,-,True,64,46
Down Royal Racing Results | 24th June 2023 17:40,N/A,17:40,Good,1m 4f 175y,Merlin Giant (FR),C. T. Keane,0,Emmet Mullins,1st,N/A,6,9-9p1,-,True,64,46
Down Royal Racing Results | 24th June 2023 17:40,N/A,17:40,Good,1m 4f 175y,Lough Alina (IRE),Siobhan Rutledge,5,M. M. Rice,9th,36 l,6,9-4h,-,True,64,46
Down Royal Racing Results | 24th June 2023 17:40,N/A,17:40,Good,1m 4f 175y,Spring Wind (IRE),R. P. Cleary,0,Barry Fitzgerald,8th,6 1/2 l,4,9-4,-,True,64,46
Down Royal Racing Results | 24th June 2023 17:40,N/A,17:40,Good,1m 4f 175y,Knight Sleeper,D. B. McMonagle,0,K. J. Condon,7th,2 1/4 l,4,9-9t,-,True,64,46
Down Royal Racing Results | 24th June 2023 17:40,N/A,17:40,Good,1m 4f 175y,Valkyrie Gray (IRE),N. M. Crosse,0,Mrs J. Harrington,6th,4 3/4 l,4,9-4,-,True,64,46
Down Royal Racing Results | 24th June 2023 17:40,N/A,17:40,Good,1m 4f 175y,Dubeyeracingcraic (IRE),G. P. Halpin,0,Charles Byrnes,5th,3/4 l,4,9-4,-,True,64,46
Down Royal Racing Results | 24th June 2023 17:40,N/A,17:40,Good,1m 4f 175y,Barnacullia (IRE),S. P. Bird,10,Michael Mulvany,4th,Neck,6,9-9,-,True,64,46
Down Royal Racing Results | 24th June 2023 17:40,N/A,17:40,Good,1m 4f 175y,Wasthatok,C. D. Maxwell,0,Gavin Patrick Cromwell,3rd,Nose,5,9-9,-,True,64,46
Down Royal Racing Results | 24th June 2023 17:40,N/A,17:40,Good,1m 4f 175y,Impero (IRE),Jack Cleary,7,Michael G. Cleary,2nd,3 l,4,9-9,-,True,64,46
Down Royal Racing Results | 24th June 2023 17:40,N/A,17:40,Good,1m 4f 175y,Merlin Giant (FR),C. T. Keane,0,Emmet Mullins,1st,N/A,6,9-9p1,-,True,64,46
Limerick Racing Results | 24th June 2023 17:23,N/A,17:23,Good To Yielding,7f,Jimmy T (IRE),J. M. Sheridan,0,Daniel William O'Sullivan,10th,7 1/2 l,3,9-8,-,True,64,47
Limerick Racing Results | 24th June 2023 17:23,N/A,17:23,Good To Yielding,7f,Prince of Glamour (IRE),L. T. McAteer,0,Patrick J. Flynn,9th,8 1/2 l,4,10-3h1,-,True,64,47
Limerick Racing Results | 24th June 2023 17:23,N/A,17:23,Good To Yielding,7f,Lady Wingalong (IRE),Seamie Heffernan,0,Edmond Kent,8th,Short Head,4,9-12,-,True,64,47
Limerick Racing Results | 24th June 2023 17:23,N/A,17:23,Good To Yielding,7f,Just Another Eagle (IRE),A. C. Persse,7,Patrick J. Flynn,7th,5 1/2 l,3,9-3,-,True,64,47
Limerick Racing Results | 24th June 2023 17:23,N/A,17:23,Good To Yielding,7f,Harriet Eagle (IRE),R. Donaghue-Leahy,10,Patrick J. Flynn,6th,1 1/4 l,3,9-3,-,True,64,47
Limerick Racing Results | 24th June 2023 17:23,N/A,17:23,Good To Yielding,7f,Navalny (IRE),Rachael Blackmore,0,Henry de Bromhead,5th,1/2 l,3,9-8ht,-,True,64,47
Limerick Racing Results | 24th June 2023 17:23,N/A,17:23,Good To Yielding,7f,Daughteroffortune (IRE),Declan McDonogh,0,Ciaran Murphy,4th,6 1/2 l,3,9-3,-,True,64,47
Limerick Racing Results | 24th June 2023 17:23,N/A,17:23,Good To Yielding,7f,Paradise Perfect (USA),K. W. de Oliveira,10,W. P. Browne,3rd,1/2 l,3,9-8,-,True,64,47
Limerick Racing Results | 24th June 2023 17:23,N/A,17:23,Good To Yielding,7f,Pivotal Revive,S. McCullagh,3,Mrs J. Harrington,2nd,2 1/2 l,3,9-8,-,True,64,47
Limerick Racing Results | 24th June 2023 17:23,N/A,17:23,Good To Yielding,7f,Artemis Jones (IRE),Ben Martin Coen,0,John Patrick Murtagh,1st,N/A,3,9-3,-,True,64,47
Limerick Racing Results | 24th June 2023 17:23,N/A,17:23,Good To Yielding,7f,Jimmy T (IRE),J. M. Sheridan,0,Daniel William O'Sullivan,10th,7 1/2 l,3,9-8,-,True,64,47
Limerick Racing Results | 24th June 2023 17:23,N/A,17:23,Good To Yielding,7f,Prince of Glamour (IRE),L. T. McAteer,0,Patrick J. Flynn,9th,8 1/2 l,4,10-3h1,-,True,64,47
Limerick Racing Results | 24th June 2023 17:23,N/A,17:23,Good To Yielding,7f,Lady Wingalong (IRE),Seamie Heffernan,0,Edmond Kent,8th,Short Head,4,9-12,-,True,64,47
Limerick Racing Results | 24th June 2023 17:23,N/A,17:23,Good To Yielding,7f,Just Another Eagle (IRE),A. C. Persse,7,Patrick J. Flynn,7th,5 1/2 l,3,9-3,-,True,64,47
Limerick Racing Results | 24th June 2023 17:23,N/A,17:23,Good To Yielding,7f,Harriet Eagle (IRE),R. Donaghue-Leahy,10,Patrick J. Flynn,6th,1 1/4 l,3,9-3,-,True,64,47
Limerick Racing Results | 24th June 2023 17:23,N/A,17:23,Good To Yielding,7f,Navalny (IRE),Rachael Blackmore,0,Henry de Bromhead,5th,1/2 l,3,9-8ht,-,True,64,47
Limerick Racing Results | 24th June 2023 17:23,N/A,17:23,Good To Yielding,7f,Daughteroffortune (IRE),Declan McDonogh,0,Ciaran Murphy,4th,6 1/2 l,3,9-3,-,True,64,47
Limerick Racing Results | 24th June 2023 17:23,N/A,17:23,Good To Yielding,7f,Paradise Perfect (USA),K. W. de Oliveira,10,W. P. Browne,3rd,1/2 l,3,9-8,-,True,64,47
Limerick Racing Results | 24th June 2023 17:23,N/A,17:23,Good To Yielding,7f,Pivotal Revive,S. McCullagh,3,Mrs J. Harrington,2nd,2 1/2 l,3,9-8,-,True,64,47
Limerick Racing Results | 24th June 2023 17:23,N/A,17:23,Good To Yielding,7f,Artemis Jones (IRE),Ben Martin Coen,0,John Patrick Murtagh,1st,N/A,3,9-3,-,True,64,47
Limerick Racing Results | 24th June 2023 17:55,N/A,17:55,Good To Yielding,7f,Tooprofitable (IRE),J. M. Sheridan,0,Anthony Mullins,9th,2 1/2 l,3,9-6b,72,True,64,48
Limerick Racing Results | 24th June 2023 17:55,N/A,17:55,Good To Yielding,7f,Kaydees Magic (IRE),R. C. Colgan,0,Ms Sheila Lavery,8th,Head,3,9-0,66,True,64,48
Limerick Racing Results | 24th June 2023 17:55,N/A,17:55,Good To Yielding,7f,Tiymara (IRE),Ben Martin Coen,0,John Patrick Murtagh,7th,Neck,3,9-9p1,75,True,64,48
Limerick Racing Results | 24th June 2023 17:55,N/A,17:55,Good To Yielding,7f,Gunsight (IRE),D. E. Sheehy,3,Michael O'Meara,6th,1/2 l,3,9-9,75,True,64,48
Limerick Racing Results | 24th June 2023 17:55,N/A,17:55,Good To Yielding,7f,Tic Tac Toe (IRE),Andrew Joseph Slattery,0,Ray Hackett,5th,1 1/4 l,3,8-7,59,True,64,48
Limerick Racing Results | 24th June 2023 17:55,N/A,17:55,Good To Yielding,7f,Little Keilee (IRE),Declan McDonogh,0,Ciaran Murphy,4th,1 1/4 l,3,9-6,72,True,64,48
Limerick Racing Results | 24th June 2023 17:55,N/A,17:55,Good To Yielding,7f,Toughen Up (IRE),C. D. Hayes,0,Andrew Oliver,3rd,1 1/4 l,3,9-8t,74,True,64,48
Limerick Racing Results | 24th June 2023 17:55,N/A,17:55,Good To Yielding,7f,Sir John Monash,Seamie Heffernan,0,P. J. F. Murphy,2nd,1/2 l,3,9-3,69,True,64,48
Limerick Racing Results | 24th June 2023 17:55,N/A,17:55,Good To Yielding,7f,Saturn Seven (IRE),D. W. O'Connor,0,K. J. Condon,1st,N/A,3,9-5t,71,True,64,48
Limerick Racing Results | 24th June 2023 17:55,N/A,17:55,Good To Yielding,7f,Tooprofitable (IRE),J. M. Sheridan,0,Anthony Mullins,9th,2 1/2 l,3,9-6b,72,True,64,48
Limerick Racing Results | 24th June 2023 17:55,N/A,17:55,Good To Yielding,7f,Kaydees Magic (IRE),R. C. Colgan,0,Ms Sheila Lavery,8th,Head,3,9-0,66,True,64,48
Limerick Racing Results | 24th June 2023 17:55,N/A,17:55,Good To Yielding,7f,Tiymara (IRE),Ben Martin Coen,0,John Patrick Murtagh,7th,Neck,3,9-9p1,75,True,64,48
Limerick Racing Results | 24th June 2023 17:55,N/A,17:55,Good To Yielding,7f,Gunsight (IRE),D. E. Sheehy,3,Michael O'Meara,6th,1/2 l,3,9-9,75,True,64,48
Limerick Racing Results | 24th June 2023 17:55,N/A,17:55,Good To Yielding,7f,Tic Tac Toe (IRE),Andrew Joseph Slattery,0,Ray Hackett,5th,1 1/4 l,3,8-7,59,True,64,48
Limerick Racing Results | 24th June 2023 17:55,N/A,17:55,Good To Yielding,7f,Little Keilee (IRE),Declan McDonogh,0,Ciaran Murphy,4th,1 1/4 l,3,9-6,72,True,64,48
Limerick Racing Results | 24th June 2023 17:55,N/A,17:55,Good To Yielding,7f,Toughen Up (IRE),C. D. Hayes,0,Andrew Oliver,3rd,1 1/4 l,3,9-8t,74,True,64,48
Limerick Racing Results | 24th June 2023 17:55,N/A,17:55,Good To Yielding,7f,Sir John Monash,Seamie Heffernan,0,P. J. F. Murphy,2nd,1/2 l,3,9-3,69,True,64,48
Limerick Racing Results | 24th June 2023 17:55,N/A,17:55,Good To Yielding,7f,Saturn Seven (IRE),D. W. O'Connor,0,K. J. Condon,1st,N/A,3,9-5t,71,True,64,48
Limerick Racing Results | 24th June 2023 18:25,N/A,18:25,Good To Yielding,7f,Golden Warrior (IRE),Declan McDonogh,0,T. J. O'Mara,9th,5 1/2 l,4,9-10,72,True,64,49
Limerick Racing Results | 24th June 2023 18:25,N/A,18:25,Good To Yielding,7f,Starting Monday (IRE),Ben Martin Coen,0,Gillian Scott,8th,2 l,6,9-8p,70,True,64,49
Limerick Racing Results | 24th June 2023 18:25,N/A,18:25,Good To Yielding,7f,Run The Jewels (IRE),S. McCullagh,3,Michael McCullagh,7th,1/2 l,6,9-7,69,True,64,49
Limerick Racing Results | 24th June 2023 18:25,N/A,18:25,Good To Yielding,7f,Dragon Of Malta (IRE),Seamie Heffernan,0,P. F. O'Donnell,6th,3/4 l,6,9-11tb,73,True,64,49
Limerick Racing Results | 24th June 2023 18:25,N/A,18:25,Good To Yielding,7f,Gegenpressing,C. D. Hayes,0,Eddie & Patrick Harty,5th,Head,5,9-3t,65,True,64,49
Limerick Racing Results | 24th June 2023 18:25,N/A,18:25,Good To Yielding,7f,Pinar Del Rio,D. E. Sheehy,3,Joe Conlon,4th,1 1/2 l,4,10-1p1,77,True,64,49
Limerick Racing Results | 24th June 2023 18:25,N/A,18:25,Good To Yielding,7f,Racing Royalty,J. M. Sheridan,0,Gillian Scott,3rd,2 1/4 l,4,9-2b,64,True,64,49
Limerick Racing Results | 24th June 2023 18:25,N/A,18:25,Good To Yielding,7f,Royal Pippen (IRE),Emmet McNamara,0,Shane Donohoe,2nd,1/2 l,6,10-0p,76,True,64,49
Limerick Racing Results | 24th June 2023 18:25,N/A,18:25,Good To Yielding,7f,Lady Arwen,J. Coen,5,Conor O'Dwyer,1st,N/A,4,9-6,68,True,64,49
Limerick Racing Results | 24th June 2023 18:25,N/A,18:25,Good To Yielding,7f,Golden Warrior (IRE),Declan McDonogh,0,T. J. O'Mara,9th,5 1/2 l,4,9-10,72,True,64,49
Limerick Racing Results | 24th June 2023 18:25,N/A,18:25,Good To Yielding,7f,Starting Monday (IRE),Ben Martin Coen,0,Gillian Scott,8th,2 l,6,9-8p,70,True,64,49
Limerick Racing Results | 24th June 2023 18:25,N/A,18:25,Good To Yielding,7f,Run The Jewels (IRE),S. McCullagh,3,Michael McCullagh,7th,1/2 l,6,9-7,69,True,64,49
Limerick Racing Results | 24th June 2023 18:25,N/A,18:25,Good To Yielding,7f,Dragon Of Malta (IRE),Seamie Heffernan,0,P. F. O'Donnell,6th,3/4 l,6,9-11tb,73,True,64,49
Limerick Racing Results | 24th June 2023 18:25,N/A,18:25,Good To Yielding,7f,Gegenpressing,C. D. Hayes,0,Eddie & Patrick Harty,5th,Head,5,9-3t,65,True,64,49
Limerick Racing Results | 24th June 2023 18:25,N/A,18:25,Good To Yielding,7f,Pinar Del Rio,D. E. Sheehy,3,Joe Conlon,4th,1 1/2 l,4,10-1p1,77,True,64,49
Limerick Racing Results | 24th June 2023 18:25,N/A,18:25,Good To Yielding,7f,Racing Royalty,J. M. Sheridan,0,Gillian Scott,3rd,2 1/4 l,4,9-2b,64,True,64,49
Limerick Racing Results | 24th June 2023 18:25,N/A,18:25,Good To Yielding,7f,Royal Pippen (IRE),Emmet McNamara,0,Shane Donohoe,2nd,1/2 l,6,10-0p,76,True,64,49
Limerick Racing Results | 24th June 2023 18:25,N/A,18:25,Good To Yielding,7f,Lady Arwen,J. Coen,5,Conor O'Dwyer,1st,N/A,4,9-6,68,True,64,49
Limerick Racing Results | 24th June 2023 19:00,N/A,19:00,Good To Yielding,1m,Operatic Artist (IRE),Declan McDonogh,0,Joseph Patrick O'Brien,5th,1/2 l,3,9-2,74,True,64,50
Limerick Racing Results | 24th June 2023 19:00,N/A,19:00,Good To Yielding,1m,Silken Ladder (IRE),Ben Martin Coen,0,Joseph G. Murphy,4th,1/2 l,4,9-11,73,True,64,50
Limerick Racing Results | 24th June 2023 19:00,N/A,19:00,Good To Yielding,1m,Mary Salome (IRE),L. T. McAteer,0,Andrew Kinirons,3rd,3/4 l,7,10-2,78,True,64,50
Limerick Racing Results | 24th June 2023 19:00,N/A,19:00,Good To Yielding,1m,Lady Lunette (IRE),Seamie Heffernan,0,R. P. Cody,2nd,Nose,3,9-0,72,True,64,50
Limerick Racing Results | 24th June 2023 19:00,N/A,19:00,Good To Yielding,1m,Independent Expert (IRE),Andrew Joseph Slattery,0,A. Slattery,1st,N/A,4,9-12,74,True,64,50
Limerick Racing Results | 24th June 2023 19:00,N/A,19:00,Good To Yielding,1m,Operatic Artist (IRE),Declan McDonogh,0,Joseph Patrick O'Brien,5th,1/2 l,3,9-2,74,True,64,50
Limerick Racing Results | 24th June 2023 19:00,N/A,19:00,Good To Yielding,1m,Silken Ladder (IRE),Ben Martin Coen,0,Joseph G. Murphy,4th,1/2 l,4,9-11,73,True,64,50
Limerick Racing Results | 24th June 2023 19:00,N/A,19:00,Good To Yielding,1m,Mary Salome (IRE),L. T. McAteer,0,Andrew Kinirons,3rd,3/4 l,7,10-2,78,True,64,50
Limerick Racing Results | 24th June 2023 19:00,N/A,19:00,Good To Yielding,1m,Lady Lunette (IRE),Seamie Heffernan,0,R. P. Cody,2nd,Nose,3,9-0,72,True,64,50
Limerick Racing Results | 24th June 2023 19:00,N/A,19:00,Good To Yielding,1m,Independent Expert (IRE),Andrew Joseph Slattery,0,A. Slattery,1st,N/A,4,9-12,74,True,64,50
