track_name,race_date,race_time,going,distance,horse_name,jockey,claims,trainer,race_position,lost_by_length,age,weight,rating,first_place_found,batch_number,url_index_in_batch
Navan Racing Results | 22nd April 2023 15:30,N/A,15:30,Heavy,5f 164y,Cosmic Invasion (IRE),C. D. Hayes,0,Henry de Bromhead,5th,6 1/2 l,3,9-0,-,True,51,1
Navan Racing Results | 22nd April 2023 15:30,N/A,15:30,Heavy,5f 164y,Shartash (IRE),Ben Martin Coen,0,John Patrick Murtagh,4th,14 l,3,9-10,-,True,51,1
Navan Racing Results | 22nd April 2023 15:30,N/A,15:30,Heavy,5f 164y,The Antarctic (IRE),Ryan Moore,0,Aidan O'Brien,3rd,3/4 l,3,9-8,-,True,51,1
Navan Racing Results | 22nd April 2023 15:30,N/A,15:30,Heavy,5f 164y,Aesop's Fables (IRE),W. M. Lordan,0,Aidan O'Brien,2nd,6 l,3,9-10,-,True,51,1
Navan Racing Results | 22nd April 2023 15:30,N/A,15:30,Heavy,5f 164y,Ocean Quest (IRE),Shane Foley,0,Mrs J. Harrington,1st,N/A,3,9-0,-,True,51,1
Navan Racing Results | 22nd April 2023 15:30,N/A,15:30,Heavy,5f 164y,Cosmic Invasion (IRE),C. D. Hayes,0,Henry de Bromhead,5th,6 1/2 l,3,9-0,-,True,51,1
Navan Racing Results | 22nd April 2023 15:30,N/A,15:30,Heavy,5f 164y,Shartash (IRE),Ben Martin Coen,0,John Patrick Murtagh,4th,14 l,3,9-10,-,True,51,1
Navan Racing Results | 22nd April 2023 15:30,N/A,15:30,Heavy,5f 164y,The Antarctic (IRE),Ryan Moore,0,Aidan O'Brien,3rd,3/4 l,3,9-8,-,True,51,1
Navan Racing Results | 22nd April 2023 15:30,N/A,15:30,Heavy,5f 164y,Aesop's Fables (IRE),W. M. Lordan,0,Aidan O'Brien,2nd,6 l,3,9-10,-,True,51,1
Navan Racing Results | 22nd April 2023 15:30,N/A,15:30,Heavy,5f 164y,Ocean Quest (IRE),Shane Foley,0,Mrs J. Harrington,1st,N/A,3,9-0,-,True,51,1
Navan Racing Results | 22nd April 2023 16:05,N/A,16:05,Heavy,1m 2f,Keep In Touch (IRE),C. D. Hayes,0,D. K. Weld,7th,9 l,3,9-2,-,True,51,2
Navan Racing Results | 22nd April 2023 16:05,N/A,16:05,Heavy,1m 2f,Emotivo (IRE),W. M. Lordan,0,Henry de Bromhead,6th,1/2 l,3,9-2,-,True,51,2
Navan Racing Results | 22nd April 2023 16:05,N/A,16:05,Heavy,1m 2f,Aurifodina (IRE),L. T. McAteer,0,J. S. Bolger,5th,8 1/2 l,3,9-2,-,True,51,2
Navan Racing Results | 22nd April 2023 16:05,N/A,16:05,Heavy,1m 2f,Lumiere Rock (IRE),M. P. Sheehy,0,Joseph Patrick O'Brien,4th,1 3/4 l,3,9-5,-,True,51,2
Navan Racing Results | 22nd April 2023 16:05,N/A,16:05,Heavy,1m 2f,Foniska (IRE),Shane Foley,0,Mrs J. Harrington,3rd,2 3/4 l,3,9-2,-,True,51,2
Navan Racing Results | 22nd April 2023 16:05,N/A,16:05,Heavy,1m 2f,Jackie Oh (IRE),Ryan Moore,0,Aidan O'Brien,2nd,3/4 l,3,9-2,-,True,51,2
Navan Racing Results | 22nd April 2023 16:05,N/A,16:05,Heavy,1m 2f,Village Voice,R. P. Whelan,0,Mrs J. Harrington,1st,N/A,3,9-2,-,True,51,2
Navan Racing Results | 22nd April 2023 16:05,N/A,16:05,Heavy,1m 2f,Keep In Touch (IRE),C. D. Hayes,0,D. K. Weld,7th,9 l,3,9-2,-,True,51,2
Navan Racing Results | 22nd April 2023 16:05,N/A,16:05,Heavy,1m 2f,Emotivo (IRE),W. M. Lordan,0,Henry de Bromhead,6th,1/2 l,3,9-2,-,True,51,2
Navan Racing Results | 22nd April 2023 16:05,N/A,16:05,Heavy,1m 2f,Aurifodina (IRE),L. T. McAteer,0,J. S. Bolger,5th,8 1/2 l,3,9-2,-,True,51,2
Navan Racing Results | 22nd April 2023 16:05,N/A,16:05,Heavy,1m 2f,Lumiere Rock (IRE),M. P. Sheehy,0,Joseph Patrick O'Brien,4th,1 3/4 l,3,9-5,-,True,51,2
Navan Racing Results | 22nd April 2023 16:05,N/A,16:05,Heavy,1m 2f,Foniska (IRE),Shane Foley,0,Mrs J. Harrington,3rd,2 3/4 l,3,9-2,-,True,51,2
Navan Racing Results | 22nd April 2023 16:05,N/A,16:05,Heavy,1m 2f,Jackie Oh (IRE),Ryan Moore,0,Aidan O'Brien,2nd,3/4 l,3,9-2,-,True,51,2
Navan Racing Results | 22nd April 2023 16:05,N/A,16:05,Heavy,1m 2f,Village Voice,R. P. Whelan,0,Mrs J. Harrington,1st,N/A,3,9-2,-,True,51,2
Navan Racing Results | 22nd April 2023 16:35,N/A,16:35,Heavy,1m 6f,Powerful Aggie (FR),M. P. Sheehy,0,Joseph Patrick O'Brien,5th,19 l,5,9-1,-,True,51,3
Navan Racing Results | 22nd April 2023 16:35,N/A,16:35,Heavy,1m 6f,Sunchart,A. J. Slattery,0,A. Slattery,4th,13 l,6,9-6,-,True,51,3
Navan Racing Results | 22nd April 2023 16:35,N/A,16:35,Heavy,1m 6f,Bolshoi Ballet (IRE),Seamie Heffernan,0,Aidan O'Brien,3rd,3 l,5,9-6,-,True,51,3
Navan Racing Results | 22nd April 2023 16:35,N/A,16:35,Heavy,1m 6f,French Claim (FR),W. M. Lordan,0,P. Twomey,2nd,5 l,4,9-5,-,True,51,3
Navan Racing Results | 22nd April 2023 16:35,N/A,16:35,Heavy,1m 6f,Emily Dickinson (IRE),Ryan Moore,0,Aidan O'Brien,1st,N/A,4,9-3,-,True,51,3
Navan Racing Results | 22nd April 2023 16:35,N/A,16:35,Heavy,1m 6f,Powerful Aggie (FR),M. P. Sheehy,0,Joseph Patrick O'Brien,5th,19 l,5,9-1,-,True,51,3
Navan Racing Results | 22nd April 2023 16:35,N/A,16:35,Heavy,1m 6f,Sunchart,A. J. Slattery,0,A. Slattery,4th,13 l,6,9-6,-,True,51,3
Navan Racing Results | 22nd April 2023 16:35,N/A,16:35,Heavy,1m 6f,Bolshoi Ballet (IRE),Seamie Heffernan,0,Aidan O'Brien,3rd,3 l,5,9-6,-,True,51,3
Navan Racing Results | 22nd April 2023 16:35,N/A,16:35,Heavy,1m 6f,French Claim (FR),W. M. Lordan,0,P. Twomey,2nd,5 l,4,9-5,-,True,51,3
Navan Racing Results | 22nd April 2023 16:35,N/A,16:35,Heavy,1m 6f,Emily Dickinson (IRE),Ryan Moore,0,Aidan O'Brien,1st,N/A,4,9-3,-,True,51,3
Navan Racing Results | 22nd April 2023 17:10,N/A,17:10,Heavy,1m 5f,Boola Boola (IRE),Shane Foley,0,Mrs J. Harrington,PU,N/A,6,9-7p,68,True,51,4
Navan Racing Results | 22nd April 2023 17:10,N/A,17:10,Heavy,1m 5f,Rovetta (FR),C. D. Hayes,0,Michael Mulvany,18th,14 l,9,9-10,71,True,51,4
Navan Racing Results | 22nd April 2023 17:10,N/A,17:10,Heavy,1m 5f,Ghumama (IRE),J. J. G. Ryan,7,James McAuley,17th,9 l,5,9-6tp,67,True,51,4
Navan Racing Results | 22nd April 2023 17:10,N/A,17:10,Heavy,1m 5f,Puntastic (IRE),J. Kearney,7,Paul Nolan,16th,5 1/2 l,4,9-12,73,True,51,4
Navan Racing Results | 22nd April 2023 17:10,N/A,17:10,Heavy,1m 5f,Wajaaha (IRE),Siobhan Rutledge,5,P. J. McKenna,15th,3 1/4 l,8,9-7v,68,True,51,4
Navan Racing Results | 22nd April 2023 17:10,N/A,17:10,Heavy,1m 5f,Belgoprince (FR),Ben Martin Coen,0,A. J. Martin,14th,5 l,6,9-6t,67,True,51,4
Navan Racing Results | 22nd April 2023 17:10,N/A,17:10,Heavy,1m 5f,Group One Power,G. M. Ryan,0,P. J. F. Murphy,13th,2 3/4 l,6,9-13tp1,74,True,51,4
Navan Racing Results | 22nd April 2023 17:10,N/A,17:10,Heavy,1m 5f,Butterfly Garden (IRE),Jack Cleary,7,Kevin Prendergast,12th,3 l,4,10-1,76,True,51,4
Navan Racing Results | 22nd April 2023 17:10,N/A,17:10,Heavy,1m 5f,True Destiny (USA),G. P. Halpin,0,J. J. Lambe,11th,Head,8,9-11,72,True,51,4
Navan Racing Results | 22nd April 2023 17:10,N/A,17:10,Heavy,1m 5f,Gonetomillgrove (IRE),Oisin McSweeney,5,P. J. Rothwell,10th,2 3/4 l,5,9-10t1,71,True,51,4
Navan Racing Results | 22nd April 2023 17:10,N/A,17:10,Heavy,1m 5f,Zileo,R. P. Whelan,0,M. Halford & T. Collins,9th,2 1/2 l,5,9-5,66,True,51,4
Navan Racing Results | 22nd April 2023 17:10,N/A,17:10,Heavy,1m 5f,The Gossiper (IRE),Ryan Moore,0,Emmet Mullins,8th,1 l,8,9-6,67,True,51,4
Navan Racing Results | 22nd April 2023 17:10,N/A,17:10,Heavy,1m 5f,Magnetic North (IRE),A. J. Slattery,0,Adrian McGuinness,7th,1/2 l,8,9-6v,67,True,51,4
Navan Racing Results | 22nd April 2023 17:10,N/A,17:10,Heavy,1m 5f,Wrecking Ball Paul (IRE),R. M. Mulligan,10,P. Mulligan,6th,1/2 l,5,9-12t,73,True,51,4
Navan Racing Results | 22nd April 2023 17:10,N/A,17:10,Heavy,1m 5f,Paradise Lost (IRE),W. M. Lordan,0,Charles O'Brien,5th,4 1/4 l,4,9-6,67,True,51,4
Navan Racing Results | 22nd April 2023 17:10,N/A,17:10,Heavy,1m 5f,Fenomeno (IRE),N. G. McCullagh,0,Charles Weld,4th,Short Head,4,9-5,66,True,51,4
Navan Racing Results | 22nd April 2023 17:10,N/A,17:10,Heavy,1m 5f,Star Official (IRE),M. P. Sheehy,0,R. Donohoe,3rd,2 3/4 l,5,9-6,67,True,51,4
Navan Racing Results | 22nd April 2023 17:10,N/A,17:10,Heavy,1m 5f,Scott Lang (IRE),L. T. McAteer,3,Paul W. Flynn,2nd,1/2 l,6,9-8p,69,True,51,4
Navan Racing Results | 22nd April 2023 17:10,N/A,17:10,Heavy,1m 5f,Rich Belief,Seamie Heffernan,0,Shane Crawley,1st,N/A,6,9-13tb,74,True,51,4
Navan Racing Results | 22nd April 2023 17:10,N/A,17:10,Heavy,1m 5f,Boola Boola (IRE),Shane Foley,0,Mrs J. Harrington,PU,N/A,6,9-7p,68,True,51,4
Navan Racing Results | 22nd April 2023 17:10,N/A,17:10,Heavy,1m 5f,Rovetta (FR),C. D. Hayes,0,Michael Mulvany,18th,14 l,9,9-10,71,True,51,4
Navan Racing Results | 22nd April 2023 17:10,N/A,17:10,Heavy,1m 5f,Ghumama (IRE),J. J. G. Ryan,7,James McAuley,17th,9 l,5,9-6tp,67,True,51,4
Navan Racing Results | 22nd April 2023 17:10,N/A,17:10,Heavy,1m 5f,Puntastic (IRE),J. Kearney,7,Paul Nolan,16th,5 1/2 l,4,9-12,73,True,51,4
Navan Racing Results | 22nd April 2023 17:10,N/A,17:10,Heavy,1m 5f,Wajaaha (IRE),Siobhan Rutledge,5,P. J. McKenna,15th,3 1/4 l,8,9-7v,68,True,51,4
Navan Racing Results | 22nd April 2023 17:10,N/A,17:10,Heavy,1m 5f,Belgoprince (FR),Ben Martin Coen,0,A. J. Martin,14th,5 l,6,9-6t,67,True,51,4
Navan Racing Results | 22nd April 2023 17:10,N/A,17:10,Heavy,1m 5f,Group One Power,G. M. Ryan,0,P. J. F. Murphy,13th,2 3/4 l,6,9-13tp1,74,True,51,4
Navan Racing Results | 22nd April 2023 17:10,N/A,17:10,Heavy,1m 5f,Butterfly Garden (IRE),Jack Cleary,7,Kevin Prendergast,12th,3 l,4,10-1,76,True,51,4
Navan Racing Results | 22nd April 2023 17:10,N/A,17:10,Heavy,1m 5f,True Destiny (USA),G. P. Halpin,0,J. J. Lambe,11th,Head,8,9-11,72,True,51,4
Navan Racing Results | 22nd April 2023 17:10,N/A,17:10,Heavy,1m 5f,Gonetomillgrove (IRE),Oisin McSweeney,5,P. J. Rothwell,10th,2 3/4 l,5,9-10t1,71,True,51,4
Navan Racing Results | 22nd April 2023 17:10,N/A,17:10,Heavy,1m 5f,Zileo,R. P. Whelan,0,M. Halford & T. Collins,9th,2 1/2 l,5,9-5,66,True,51,4
Navan Racing Results | 22nd April 2023 17:10,N/A,17:10,Heavy,1m 5f,The Gossiper (IRE),Ryan Moore,0,Emmet Mullins,8th,1 l,8,9-6,67,True,51,4
Navan Racing Results | 22nd April 2023 17:10,N/A,17:10,Heavy,1m 5f,Magnetic North (IRE),A. J. Slattery,0,Adrian McGuinness,7th,1/2 l,8,9-6v,67,True,51,4
Navan Racing Results | 22nd April 2023 17:10,N/A,17:10,Heavy,1m 5f,Wrecking Ball Paul (IRE),R. M. Mulligan,10,P. Mulligan,6th,1/2 l,5,9-12t,73,True,51,4
Navan Racing Results | 22nd April 2023 17:10,N/A,17:10,Heavy,1m 5f,Paradise Lost (IRE),W. M. Lordan,0,Charles O'Brien,5th,4 1/4 l,4,9-6,67,True,51,4
Navan Racing Results | 22nd April 2023 17:10,N/A,17:10,Heavy,1m 5f,Fenomeno (IRE),N. G. McCullagh,0,Charles Weld,4th,Short Head,4,9-5,66,True,51,4
Navan Racing Results | 22nd April 2023 17:10,N/A,17:10,Heavy,1m 5f,Star Official (IRE),M. P. Sheehy,0,R. Donohoe,3rd,2 3/4 l,5,9-6,67,True,51,4
Navan Racing Results | 22nd April 2023 17:10,N/A,17:10,Heavy,1m 5f,Scott Lang (IRE),L. T. McAteer,3,Paul W. Flynn,2nd,1/2 l,6,9-8p,69,True,51,4
Navan Racing Results | 22nd April 2023 17:10,N/A,17:10,Heavy,1m 5f,Rich Belief,Seamie Heffernan,0,Shane Crawley,1st,N/A,6,9-13tb,74,True,51,4
Navan Racing Results | 22nd April 2023 17:40,N/A,17:40,Heavy,1m 5f,Ikigai Star (IRE),G. P. Halpin,0,Joseph Patrick O'Brien,3rd,3 l,3,9-8t1,-,True,51,5
Navan Racing Results | 22nd April 2023 17:40,N/A,17:40,Heavy,1m 5f,Queenstown (IRE),Ryan Moore,0,Aidan O'Brien,2nd,4 1/4 l,3,9-8,-,True,51,5
Navan Racing Results | 22nd April 2023 17:40,N/A,17:40,Heavy,1m 5f,Nurburgring (IRE),M. P. Sheehy,0,Joseph Patrick O'Brien,1st,N/A,3,9-8t,-,True,51,5
Navan Racing Results | 22nd April 2023 17:40,N/A,17:40,Heavy,1m 5f,Ikigai Star (IRE),G. P. Halpin,0,Joseph Patrick O'Brien,3rd,3 l,3,9-8t1,-,True,51,5
Navan Racing Results | 22nd April 2023 17:40,N/A,17:40,Heavy,1m 5f,Queenstown (IRE),Ryan Moore,0,Aidan O'Brien,2nd,4 1/4 l,3,9-8,-,True,51,5
Navan Racing Results | 22nd April 2023 17:40,N/A,17:40,Heavy,1m 5f,Nurburgring (IRE),M. P. Sheehy,0,Joseph Patrick O'Brien,1st,N/A,3,9-8t,-,True,51,5
Naas Racing Results | 24th April 2023 17:00,N/A,17:00,Soft To Heavy,5f 205y,Freedom Ring (IRE),A. J. Slattery,0,A. Slattery,9th,41 l,2,9-2,-,True,51,6
Naas Racing Results | 24th April 2023 17:00,N/A,17:00,Soft To Heavy,5f 205y,Time'll Tell,C. D. Maxwell,0,John Andrew Kinsella,8th,4 1/2 l,2,9-2,-,True,51,6
Naas Racing Results | 24th April 2023 17:00,N/A,17:00,Soft To Heavy,5f 205y,Travel Candy (IRE),C. Ngcobo,3,Kevin Thomas Coleman,7th,4 3/4 l,2,9-2,-,True,51,6
Naas Racing Results | 24th April 2023 17:00,N/A,17:00,Soft To Heavy,5f 205y,Kandoo (IRE),R. P. Whelan,0,Jack W. Davison,6th,5 l,2,9-2,-,True,51,6
Naas Racing Results | 24th April 2023 17:00,N/A,17:00,Soft To Heavy,5f 205y,Nika Pika (IRE),Seamie Heffernan,0,Patrick Magee,5th,3/4 l,2,9-2,-,True,51,6
Naas Racing Results | 24th April 2023 17:00,N/A,17:00,Soft To Heavy,5f 205y,Lia Fail (IRE),G. F. Carroll,0,Michael Mulvany,4th,1/2 l,2,9-2,-,True,51,6
Naas Racing Results | 24th April 2023 17:00,N/A,17:00,Soft To Heavy,5f 205y,Back Down Under (IRE),L. F. Roche,0,Padraig Roche,3rd,3 l,2,9-2,-,True,51,6
Naas Racing Results | 24th April 2023 17:00,N/A,17:00,Soft To Heavy,5f 205y,Vanity Pays,William James Lee,0,P. Twomey,2nd,2 l,2,9-2,-,True,51,6
Naas Racing Results | 24th April 2023 17:00,N/A,17:00,Soft To Heavy,5f 205y,Ribchestina (IRE),R. C. Colgan,0,Ms Sheila Lavery,1st,N/A,2,9-2,-,True,51,6
Naas Racing Results | 24th April 2023 17:00,N/A,17:00,Soft To Heavy,5f 205y,Freedom Ring (IRE),A. J. Slattery,0,A. Slattery,9th,41 l,2,9-2,-,True,51,6
Naas Racing Results | 24th April 2023 17:00,N/A,17:00,Soft To Heavy,5f 205y,Time'll Tell,C. D. Maxwell,0,John Andrew Kinsella,8th,4 1/2 l,2,9-2,-,True,51,6
Naas Racing Results | 24th April 2023 17:00,N/A,17:00,Soft To Heavy,5f 205y,Travel Candy (IRE),C. Ngcobo,3,Kevin Thomas Coleman,7th,4 3/4 l,2,9-2,-,True,51,6
Naas Racing Results | 24th April 2023 17:00,N/A,17:00,Soft To Heavy,5f 205y,Kandoo (IRE),R. P. Whelan,0,Jack W. Davison,6th,5 l,2,9-2,-,True,51,6
Naas Racing Results | 24th April 2023 17:00,N/A,17:00,Soft To Heavy,5f 205y,Nika Pika (IRE),Seamie Heffernan,0,Patrick Magee,5th,3/4 l,2,9-2,-,True,51,6
Naas Racing Results | 24th April 2023 17:00,N/A,17:00,Soft To Heavy,5f 205y,Lia Fail (IRE),G. F. Carroll,0,Michael Mulvany,4th,1/2 l,2,9-2,-,True,51,6
Naas Racing Results | 24th April 2023 17:00,N/A,17:00,Soft To Heavy,5f 205y,Back Down Under (IRE),L. F. Roche,0,Padraig Roche,3rd,3 l,2,9-2,-,True,51,6
Naas Racing Results | 24th April 2023 17:00,N/A,17:00,Soft To Heavy,5f 205y,Vanity Pays,William James Lee,0,P. Twomey,2nd,2 l,2,9-2,-,True,51,6
Naas Racing Results | 24th April 2023 17:00,N/A,17:00,Soft To Heavy,5f 205y,Ribchestina (IRE),R. C. Colgan,0,Ms Sheila Lavery,1st,N/A,2,9-2,-,True,51,6
Naas Racing Results | 24th April 2023 17:35,N/A,17:35,Soft To Heavy,5f 205y,Coco Hill (IRE),J. A. Powell,5,Michael Fenton,8th,1/2 l,3,8-12,71,True,51,7
Naas Racing Results | 24th April 2023 17:35,N/A,17:35,Soft To Heavy,5f 205y,Not Just Yet (IRE),C. D. Hayes,0,Noel Meade,7th,1/2 l,3,9-0,73,True,51,7
Naas Racing Results | 24th April 2023 17:35,N/A,17:35,Soft To Heavy,5f 205y,Son Of Sampers (IRE),R. P. Whelan,0,M. Halford & T. Collins,6th,3/4 l,3,8-13,72,True,51,7
Naas Racing Results | 24th April 2023 17:35,N/A,17:35,Soft To Heavy,5f 205y,Lisieux (IRE),W. M. Lordan,0,Adrian McGuinness,5th,1 3/4 l,3,8-10,69,True,51,7
Naas Racing Results | 24th April 2023 17:35,N/A,17:35,Soft To Heavy,5f 205y,Blanc De Noir (IRE),Shane Foley,0,Mrs J. Harrington,4th,2 3/4 l,3,8-13b,72,True,51,7
Naas Racing Results | 24th April 2023 17:35,N/A,17:35,Soft To Heavy,5f 205y,Queenie St Clair (IRE),D. B. McMonagle,0,Noel Meade,3rd,Nose,3,9-3,76,True,51,7
Naas Racing Results | 24th April 2023 17:35,N/A,17:35,Soft To Heavy,5f 205y,King Of Scotia (IRE),William James Lee,0,M. D. O'Callaghan,2nd,3/4 l,3,10-0,87,True,51,7
Naas Racing Results | 24th April 2023 17:35,N/A,17:35,Soft To Heavy,5f 205y,Red Letter Bray (IRE),C. T. Keane,0,M. D. O'Callaghan,1st,N/A,3,10-0,87,True,51,7
Naas Racing Results | 24th April 2023 17:35,N/A,17:35,Soft To Heavy,5f 205y,Coco Hill (IRE),J. A. Powell,5,Michael Fenton,8th,1/2 l,3,8-12,71,True,51,7
Naas Racing Results | 24th April 2023 17:35,N/A,17:35,Soft To Heavy,5f 205y,Not Just Yet (IRE),C. D. Hayes,0,Noel Meade,7th,1/2 l,3,9-0,73,True,51,7
Naas Racing Results | 24th April 2023 17:35,N/A,17:35,Soft To Heavy,5f 205y,Son Of Sampers (IRE),R. P. Whelan,0,M. Halford & T. Collins,6th,3/4 l,3,8-13,72,True,51,7
Naas Racing Results | 24th April 2023 17:35,N/A,17:35,Soft To Heavy,5f 205y,Lisieux (IRE),W. M. Lordan,0,Adrian McGuinness,5th,1 3/4 l,3,8-10,69,True,51,7
Naas Racing Results | 24th April 2023 17:35,N/A,17:35,Soft To Heavy,5f 205y,Blanc De Noir (IRE),Shane Foley,0,Mrs J. Harrington,4th,2 3/4 l,3,8-13b,72,True,51,7
Naas Racing Results | 24th April 2023 17:35,N/A,17:35,Soft To Heavy,5f 205y,Queenie St Clair (IRE),D. B. McMonagle,0,Noel Meade,3rd,Nose,3,9-3,76,True,51,7
Naas Racing Results | 24th April 2023 17:35,N/A,17:35,Soft To Heavy,5f 205y,King Of Scotia (IRE),William James Lee,0,M. D. O'Callaghan,2nd,3/4 l,3,10-0,87,True,51,7
Naas Racing Results | 24th April 2023 17:35,N/A,17:35,Soft To Heavy,5f 205y,Red Letter Bray (IRE),C. T. Keane,0,M. D. O'Callaghan,1st,N/A,3,10-0,87,True,51,7
Naas Racing Results | 24th April 2023 18:10,N/A,18:10,Soft To Heavy,5f 205y,Show Yourself,A. J. Slattery,0,A. Slattery,11th,2 1/4 l,5,9-3,76,True,51,8
Naas Racing Results | 24th April 2023 18:10,N/A,18:10,Soft To Heavy,5f 205y,Marco Monaco (IRE),L. F. Roche,0,A. J. Martin,10th,4 1/2 l,3,8-7,76,True,51,8
Naas Racing Results | 24th April 2023 18:10,N/A,18:10,Soft To Heavy,5f 205y,Only Spoofing (IRE),C. Ngcobo,3,Kevin Thomas Coleman,9th,4 1/2 l,9,10-0,87,True,51,8
Naas Racing Results | 24th April 2023 18:10,N/A,18:10,Soft To Heavy,5f 205y,Plunkett,L. T. McAteer,3,Paul W. Flynn,8th,7 1/2 l,6,9-8p,81,True,51,8
Naas Racing Results | 24th April 2023 18:10,N/A,18:10,Soft To Heavy,5f 205y,Verhoyen,William James Lee,0,M. C. Grassick,7th,1 1/4 l,8,9-10p,83,True,51,8
Naas Racing Results | 24th April 2023 18:10,N/A,18:10,Soft To Heavy,5f 205y,Half Nutz (IRE),Adam Caffrey,7,Adrian McGuinness,6th,1/2 l,6,9-7,80,True,51,8
Naas Racing Results | 24th April 2023 18:10,N/A,18:10,Soft To Heavy,5f 205y,Aljady (FR),J. M. Sheridan,3,Denis Hogan,5th,3 3/4 l,8,9-5tb,78,True,51,8
Naas Racing Results | 24th April 2023 18:10,N/A,18:10,Soft To Heavy,5f 205y,Shoebox King (IRE),Mpumelelo Mjoka,3,Kevin Thomas Coleman,4th,Neck,4,8-11,70,True,51,8
Naas Racing Results | 24th April 2023 18:10,N/A,18:10,Soft To Heavy,5f 205y,Jon Riggens (IRE),C. D. Hayes,0,Edward Lynam,3rd,3 1/4 l,5,9-7t,80,True,51,8
Naas Racing Results | 24th April 2023 18:10,N/A,18:10,Soft To Heavy,5f 205y,Iva Batt (IRE),R. P. Whelan,0,Adrian McGuinness,2nd,Head,5,8-10,69,True,51,8
Naas Racing Results | 24th April 2023 18:10,N/A,18:10,Soft To Heavy,5f 205y,Blairmayne (IRE),W. M. Lordan,0,Miss Natalia Lupini,1st,N/A,10,9-9,82,True,51,8
Naas Racing Results | 24th April 2023 18:10,N/A,18:10,Soft To Heavy,5f 205y,Show Yourself,A. J. Slattery,0,A. Slattery,11th,2 1/4 l,5,9-3,76,True,51,8
Naas Racing Results | 24th April 2023 18:10,N/A,18:10,Soft To Heavy,5f 205y,Marco Monaco (IRE),L. F. Roche,0,A. J. Martin,10th,4 1/2 l,3,8-7,76,True,51,8
Naas Racing Results | 24th April 2023 18:10,N/A,18:10,Soft To Heavy,5f 205y,Only Spoofing (IRE),C. Ngcobo,3,Kevin Thomas Coleman,9th,4 1/2 l,9,10-0,87,True,51,8
Naas Racing Results | 24th April 2023 18:10,N/A,18:10,Soft To Heavy,5f 205y,Plunkett,L. T. McAteer,3,Paul W. Flynn,8th,7 1/2 l,6,9-8p,81,True,51,8
Naas Racing Results | 24th April 2023 18:10,N/A,18:10,Soft To Heavy,5f 205y,Verhoyen,William James Lee,0,M. C. Grassick,7th,1 1/4 l,8,9-10p,83,True,51,8
Naas Racing Results | 24th April 2023 18:10,N/A,18:10,Soft To Heavy,5f 205y,Half Nutz (IRE),Adam Caffrey,7,Adrian McGuinness,6th,1/2 l,6,9-7,80,True,51,8
Naas Racing Results | 24th April 2023 18:10,N/A,18:10,Soft To Heavy,5f 205y,Aljady (FR),J. M. Sheridan,3,Denis Hogan,5th,3 3/4 l,8,9-5tb,78,True,51,8
Naas Racing Results | 24th April 2023 18:10,N/A,18:10,Soft To Heavy,5f 205y,Shoebox King (IRE),Mpumelelo Mjoka,3,Kevin Thomas Coleman,4th,Neck,4,8-11,70,True,51,8
Naas Racing Results | 24th April 2023 18:10,N/A,18:10,Soft To Heavy,5f 205y,Jon Riggens (IRE),C. D. Hayes,0,Edward Lynam,3rd,3 1/4 l,5,9-7t,80,True,51,8
Naas Racing Results | 24th April 2023 18:10,N/A,18:10,Soft To Heavy,5f 205y,Iva Batt (IRE),R. P. Whelan,0,Adrian McGuinness,2nd,Head,5,8-10,69,True,51,8
Naas Racing Results | 24th April 2023 18:10,N/A,18:10,Soft To Heavy,5f 205y,Blairmayne (IRE),W. M. Lordan,0,Miss Natalia Lupini,1st,N/A,10,9-9,82,True,51,8
Naas Racing Results | 24th April 2023 18:40,N/A,18:40,Soft To Heavy,5f,Hodd's Girl (IRE),R. P. Whelan,0,Adrian McGuinness,7th,3/4 l,6,9-4,-,True,51,9
Naas Racing Results | 24th April 2023 18:40,N/A,18:40,Soft To Heavy,5f,Pineapple Island (IRE),J. A. Powell,0,Takashi Kodama,6th,3/4 l,4,9-4,-,True,51,9
Naas Racing Results | 24th April 2023 18:40,N/A,18:40,Soft To Heavy,5f,Hurricane Ivor (IRE),Shane Foley,0,Mrs J. Harrington,5th,Neck,6,9-9,-,True,51,9
Naas Racing Results | 24th April 2023 18:40,N/A,18:40,Soft To Heavy,5f,Big Gossey (IRE),D. E. Sheehy,0,Charles O'Brien,4th,1/2 l,6,9-9p,-,True,51,9
Naas Racing Results | 24th April 2023 18:40,N/A,18:40,Soft To Heavy,5f,Coachello (FR),C. T. Keane,0,Gordon Elliott,3rd,1/2 l,5,9-12,-,True,51,9
Naas Racing Results | 24th April 2023 18:40,N/A,18:40,Soft To Heavy,5f,Tenebrism (USA),Ryan Moore,0,Aidan O'Brien,2nd,1 1/2 l,4,9-9,-,True,51,9
Naas Racing Results | 24th April 2023 18:40,N/A,18:40,Soft To Heavy,5f,Moss Tucker (IRE),William James Lee,0,K. J. Condon,1st,N/A,5,9-12t,-,True,51,9
Naas Racing Results | 24th April 2023 18:40,N/A,18:40,Soft To Heavy,5f,Hodd's Girl (IRE),R. P. Whelan,0,Adrian McGuinness,7th,3/4 l,6,9-4,-,True,51,9
Naas Racing Results | 24th April 2023 18:40,N/A,18:40,Soft To Heavy,5f,Pineapple Island (IRE),J. A. Powell,0,Takashi Kodama,6th,3/4 l,4,9-4,-,True,51,9
Naas Racing Results | 24th April 2023 18:40,N/A,18:40,Soft To Heavy,5f,Hurricane Ivor (IRE),Shane Foley,0,Mrs J. Harrington,5th,Neck,6,9-9,-,True,51,9
Naas Racing Results | 24th April 2023 18:40,N/A,18:40,Soft To Heavy,5f,Big Gossey (IRE),D. E. Sheehy,0,Charles O'Brien,4th,1/2 l,6,9-9p,-,True,51,9
Naas Racing Results | 24th April 2023 18:40,N/A,18:40,Soft To Heavy,5f,Coachello (FR),C. T. Keane,0,Gordon Elliott,3rd,1/2 l,5,9-12,-,True,51,9
Naas Racing Results | 24th April 2023 18:40,N/A,18:40,Soft To Heavy,5f,Tenebrism (USA),Ryan Moore,0,Aidan O'Brien,2nd,1 1/2 l,4,9-9,-,True,51,9
Naas Racing Results | 24th April 2023 18:40,N/A,18:40,Soft To Heavy,5f,Moss Tucker (IRE),William James Lee,0,K. J. Condon,1st,N/A,5,9-12t,-,True,51,9
Naas Racing Results | 24th April 2023 19:10,N/A,19:10,Soft To Heavy,1m 2f,Miss Heartbreak (IRE),G. F. Carroll,0,Luke Comer,7th,3 l,3,9-3,-,True,51,10
Naas Racing Results | 24th April 2023 19:10,N/A,19:10,Soft To Heavy,1m 2f,Fleadhfest (IRE),R. P. Cleary,0,J. S. Bolger,6th,1 1/4 l,3,9-3,-,True,51,10
Naas Racing Results | 24th April 2023 19:10,N/A,19:10,Soft To Heavy,1m 2f,World Peace (IRE),W. M. Lordan,0,Aidan O'Brien,5th,9 l,3,9-3,-,True,51,10
Naas Racing Results | 24th April 2023 19:10,N/A,19:10,Soft To Heavy,1m 2f,Fanaigi Linn (IRE),Kyanna Van Buuren,10,J. S. Bolger,4th,Neck,3,9-3,-,True,51,10
Naas Racing Results | 24th April 2023 19:10,N/A,19:10,Soft To Heavy,1m 2f,Fiver Friday (IRE),J. Kearney,7,Paul Traynor,3rd,Neck,3,9-3,-,True,51,10
Naas Racing Results | 24th April 2023 19:10,N/A,19:10,Soft To Heavy,1m 2f,Scarlett O'Hara (FR),Shane Foley,0,Mrs J. Harrington,2nd,5 1/2 l,3,9-3,-,True,51,10
Naas Racing Results | 24th April 2023 19:10,N/A,19:10,Soft To Heavy,1m 2f,Boogie Woogie (IRE),Ryan Moore,0,Aidan O'Brien,1st,N/A,3,9-3,-,True,51,10
Naas Racing Results | 24th April 2023 19:10,N/A,19:10,Soft To Heavy,1m 2f,Miss Heartbreak (IRE),G. F. Carroll,0,Luke Comer,7th,3 l,3,9-3,-,True,51,10
Naas Racing Results | 24th April 2023 19:10,N/A,19:10,Soft To Heavy,1m 2f,Fleadhfest (IRE),R. P. Cleary,0,J. S. Bolger,6th,1 1/4 l,3,9-3,-,True,51,10
Naas Racing Results | 24th April 2023 19:10,N/A,19:10,Soft To Heavy,1m 2f,World Peace (IRE),W. M. Lordan,0,Aidan O'Brien,5th,9 l,3,9-3,-,True,51,10
Naas Racing Results | 24th April 2023 19:10,N/A,19:10,Soft To Heavy,1m 2f,Fanaigi Linn (IRE),Kyanna Van Buuren,10,J. S. Bolger,4th,Neck,3,9-3,-,True,51,10
Naas Racing Results | 24th April 2023 19:10,N/A,19:10,Soft To Heavy,1m 2f,Fiver Friday (IRE),J. Kearney,7,Paul Traynor,3rd,Neck,3,9-3,-,True,51,10
Naas Racing Results | 24th April 2023 19:10,N/A,19:10,Soft To Heavy,1m 2f,Scarlett O'Hara (FR),Shane Foley,0,Mrs J. Harrington,2nd,5 1/2 l,3,9-3,-,True,51,10
Naas Racing Results | 24th April 2023 19:10,N/A,19:10,Soft To Heavy,1m 2f,Boogie Woogie (IRE),Ryan Moore,0,Aidan O'Brien,1st,N/A,3,9-3,-,True,51,10
Naas Racing Results | 24th April 2023 19:40,N/A,19:40,Soft To Heavy,1m,Miss Caruso (IRE),R. P. Whelan,0,Adrian McGuinness,7th,20 l,3,8-11,78,True,51,11
Naas Racing Results | 24th April 2023 19:40,N/A,19:40,Soft To Heavy,1m,Spirit Genie (IRE),Shane Foley,0,Mrs J. Harrington,6th,5 l,3,9-12,93,True,51,11
Naas Racing Results | 24th April 2023 19:40,N/A,19:40,Soft To Heavy,1m,Trachonitus (IRE),R. P. Cleary,0,J. S. Bolger,5th,1 3/4 l,3,9-4t,85,True,51,11
Naas Racing Results | 24th April 2023 19:40,N/A,19:40,Soft To Heavy,1m,Blue News (USA),A. J. Slattery,0,A. Slattery,4th,1 1/2 l,3,8-9,76,True,51,11
Naas Racing Results | 24th April 2023 19:40,N/A,19:40,Soft To Heavy,1m,Rhythm King (IRE),G. M. Ryan,0,Mark Fahey,3rd,1 l,3,8-13,80,True,51,11
Naas Racing Results | 24th April 2023 19:40,N/A,19:40,Soft To Heavy,1m,Something Nice (IRE),Declan McDonogh,0,Michael Mulvany,2nd,1/2 l,3,9-5,86,True,51,11
Naas Racing Results | 24th April 2023 19:40,N/A,19:40,Soft To Heavy,1m,Immutable (IRE),G. F. Carroll,0,Joseph G. Murphy,1st,N/A,3,9-2,83,True,51,11
Naas Racing Results | 24th April 2023 19:40,N/A,19:40,Soft To Heavy,1m,Miss Caruso (IRE),R. P. Whelan,0,Adrian McGuinness,7th,20 l,3,8-11,78,True,51,11
Naas Racing Results | 24th April 2023 19:40,N/A,19:40,Soft To Heavy,1m,Spirit Genie (IRE),Shane Foley,0,Mrs J. Harrington,6th,5 l,3,9-12,93,True,51,11
Naas Racing Results | 24th April 2023 19:40,N/A,19:40,Soft To Heavy,1m,Trachonitus (IRE),R. P. Cleary,0,J. S. Bolger,5th,1 3/4 l,3,9-4t,85,True,51,11
Naas Racing Results | 24th April 2023 19:40,N/A,19:40,Soft To Heavy,1m,Blue News (USA),A. J. Slattery,0,A. Slattery,4th,1 1/2 l,3,8-9,76,True,51,11
Naas Racing Results | 24th April 2023 19:40,N/A,19:40,Soft To Heavy,1m,Rhythm King (IRE),G. M. Ryan,0,Mark Fahey,3rd,1 l,3,8-13,80,True,51,11
Naas Racing Results | 24th April 2023 19:40,N/A,19:40,Soft To Heavy,1m,Something Nice (IRE),Declan McDonogh,0,Michael Mulvany,2nd,1/2 l,3,9-5,86,True,51,11
Naas Racing Results | 24th April 2023 19:40,N/A,19:40,Soft To Heavy,1m,Immutable (IRE),G. F. Carroll,0,Joseph G. Murphy,1st,N/A,3,9-2,83,True,51,11
Naas Racing Results | 24th April 2023 20:10,N/A,20:10,Soft To Heavy,1m,Burgoo Beauty (IRE),S. McCullagh,3,W. J. Lanigan,14th,12 l,4,10-2,65,True,51,12
Naas Racing Results | 24th April 2023 20:10,N/A,20:10,Soft To Heavy,1m,Khattaat (IRE),L. T. McAteer,3,Paul W. Flynn,13th,22 l,4,9-10t,59,True,51,12
Naas Racing Results | 24th April 2023 20:10,N/A,20:10,Soft To Heavy,1m,Snow Lion (IRE),Declan McDonogh,0,Christopher David Timmons,12th,4 1/4 l,4,9-4p1,53,True,51,12
Naas Racing Results | 24th April 2023 20:10,N/A,20:10,Soft To Heavy,1m,Wee Pablo (IRE),Siobhan Rutledge,5,Harry Rogers,11th,1 3/4 l,6,10-0,63,True,51,12
Naas Racing Results | 24th April 2023 20:10,N/A,20:10,Soft To Heavy,1m,Hello Power (IRE),D. N. Curran,7,Darren Bunyan,10th,1 1/4 l,4,9-11,60,True,51,12
Naas Racing Results | 24th April 2023 20:10,N/A,20:10,Soft To Heavy,1m,Srowland Jack (IRE),Adam Caffrey,7,Adrian Sexton,9th,7 1/2 l,6,9-0p1,49,True,51,12
Naas Racing Results | 24th April 2023 20:10,N/A,20:10,Soft To Heavy,1m,Cozy Cartel (IRE),K. J. Leonard,0,Patrick Michael Verling,8th,1 3/4 l,3,8-7,56,True,51,12
Naas Racing Results | 24th April 2023 20:10,N/A,20:10,Soft To Heavy,1m,Stepdance (IRE),J. Kearney,7,Andrew McNamara,7th,5 1/2 l,3,9-2,65,True,51,12
Naas Racing Results | 24th April 2023 20:10,N/A,20:10,Soft To Heavy,1m,Thunder Canyon (IRE),C. D. Hayes,0,Luke Comer,6th,6 l,5,9-9,58,True,51,12
Naas Racing Results | 24th April 2023 20:10,N/A,20:10,Soft To Heavy,1m,Numidia (IRE),Seamie Heffernan,0,Peter Lawlor,5th,1 1/2 l,5,9-5,54,True,51,12
Naas Racing Results | 24th April 2023 20:10,N/A,20:10,Soft To Heavy,1m,Rockbury Lad,C. T. Keane,0,M. D. O'Callaghan,4th,1 1/2 l,4,10-0,63,True,51,12
Naas Racing Results | 24th April 2023 20:10,N/A,20:10,Soft To Heavy,1m,Stay Local (IRE),W. M. Lordan,0,Aidan Anthony Howard,3rd,3 1/4 l,5,9-8,57,True,51,12
Naas Racing Results | 24th April 2023 20:10,N/A,20:10,Soft To Heavy,1m,Golden Spangle (IRE),R. P. Cleary,0,J. S. Bolger,2nd,3/4 l,3,9-1,64,True,51,12
Naas Racing Results | 24th April 2023 20:10,N/A,20:10,Soft To Heavy,1m,Persian Queen (IRE),C. Stone-Walsh,7,Ms Joanna Morgan,1st,N/A,6,9-12t,61,True,51,12
Naas Racing Results | 24th April 2023 20:10,N/A,20:10,Soft To Heavy,1m,Burgoo Beauty (IRE),S. McCullagh,3,W. J. Lanigan,14th,12 l,4,10-2,65,True,51,12
Naas Racing Results | 24th April 2023 20:10,N/A,20:10,Soft To Heavy,1m,Khattaat (IRE),L. T. McAteer,3,Paul W. Flynn,13th,22 l,4,9-10t,59,True,51,12
Naas Racing Results | 24th April 2023 20:10,N/A,20:10,Soft To Heavy,1m,Snow Lion (IRE),Declan McDonogh,0,Christopher David Timmons,12th,4 1/4 l,4,9-4p1,53,True,51,12
Naas Racing Results | 24th April 2023 20:10,N/A,20:10,Soft To Heavy,1m,Wee Pablo (IRE),Siobhan Rutledge,5,Harry Rogers,11th,1 3/4 l,6,10-0,63,True,51,12
Naas Racing Results | 24th April 2023 20:10,N/A,20:10,Soft To Heavy,1m,Hello Power (IRE),D. N. Curran,7,Darren Bunyan,10th,1 1/4 l,4,9-11,60,True,51,12
Naas Racing Results | 24th April 2023 20:10,N/A,20:10,Soft To Heavy,1m,Srowland Jack (IRE),Adam Caffrey,7,Adrian Sexton,9th,7 1/2 l,6,9-0p1,49,True,51,12
Naas Racing Results | 24th April 2023 20:10,N/A,20:10,Soft To Heavy,1m,Cozy Cartel (IRE),K. J. Leonard,0,Patrick Michael Verling,8th,1 3/4 l,3,8-7,56,True,51,12
Naas Racing Results | 24th April 2023 20:10,N/A,20:10,Soft To Heavy,1m,Stepdance (IRE),J. Kearney,7,Andrew McNamara,7th,5 1/2 l,3,9-2,65,True,51,12
Naas Racing Results | 24th April 2023 20:10,N/A,20:10,Soft To Heavy,1m,Thunder Canyon (IRE),C. D. Hayes,0,Luke Comer,6th,6 l,5,9-9,58,True,51,12
Naas Racing Results | 24th April 2023 20:10,N/A,20:10,Soft To Heavy,1m,Numidia (IRE),Seamie Heffernan,0,Peter Lawlor,5th,1 1/2 l,5,9-5,54,True,51,12
Naas Racing Results | 24th April 2023 20:10,N/A,20:10,Soft To Heavy,1m,Rockbury Lad,C. T. Keane,0,M. D. O'Callaghan,4th,1 1/2 l,4,10-0,63,True,51,12
Naas Racing Results | 24th April 2023 20:10,N/A,20:10,Soft To Heavy,1m,Stay Local (IRE),W. M. Lordan,0,Aidan Anthony Howard,3rd,3 1/4 l,5,9-8,57,True,51,12
Naas Racing Results | 24th April 2023 20:10,N/A,20:10,Soft To Heavy,1m,Golden Spangle (IRE),R. P. Cleary,0,J. S. Bolger,2nd,3/4 l,3,9-1,64,True,51,12
Naas Racing Results | 24th April 2023 20:10,N/A,20:10,Soft To Heavy,1m,Persian Queen (IRE),C. Stone-Walsh,7,Ms Joanna Morgan,1st,N/A,6,9-12t,61,True,51,12
N/A,N/A,15:40,Yielding To Soft,2m 100y,Lucy Van Pelt (IRE),J. J. Slevin,0,Peter Maher,14th,26 l,8,11-4,-,True,51,13
N/A,N/A,15:40,Yielding To Soft,2m 100y,Saylavee (IRE),D. E. Mullins,0,W. P. Mullins,13th,50 l,6,11-7,-,True,51,13
N/A,N/A,15:40,Yielding To Soft,2m 100y,Henning (IRE),D. King,0,Denis Hogan,12th,1 l,6,11-7,-,True,51,13
N/A,N/A,15:40,Yielding To Soft,2m 100y,All About Lucy (IRE),Richard Deegan,0,Eoin Christopher McCarthy,11th,1 1/2 l,6,11-4t,-,True,51,13
N/A,N/A,15:40,Yielding To Soft,2m 100y,Enfranchise (IRE),J. S. McGarvey,0,John Joseph Hanlon,10th,Short Head,5,11-0,-,True,51,13
N/A,N/A,15:40,Yielding To Soft,2m 100y,Ladybank,Rachael Blackmore,0,Henry de Bromhead,9th,1 l,5,11-4,-,True,51,13
N/A,N/A,15:40,Yielding To Soft,2m 100y,Popova (IRE),D. J. O'Keeffe,0,Henry de Bromhead,8th,5 l,6,11-4,-,True,51,13
N/A,N/A,15:40,Yielding To Soft,2m 100y,Nikini (IRE),Mr P. W. Mullins,0,W. P. Mullins,7th,Head,6,11-7,-,True,51,13
N/A,N/A,15:40,Yielding To Soft,2m 100y,Dame Rapide (IRE),Phillip Enright,0,James M. Barrett,6th,1 1/2 l,6,11-0,-,True,51,13
N/A,N/A,15:40,Yielding To Soft,2m 100y,Night And Day,P. Townend,0,W. P. Mullins,5th,1 1/4 l,6,11-4,-,True,51,13
N/A,N/A,15:40,Yielding To Soft,2m 100y,Still Ciel (IRE),S. Fitzgerald,0,Henry de Bromhead,4th,1/2 l,6,11-4,-,True,51,13
N/A,N/A,15:40,Yielding To Soft,2m 100y,Walk With Paul (FR),C. Brassil,0,Martin Brassil,3rd,1 1/2 l,7,11-4t,-,True,51,13
N/A,N/A,15:40,Yielding To Soft,2m 100y,The Model Kingdom (IRE),Denis O'Regan,0,Noel Meade,2nd,4 1/4 l,6,11-7t,-,True,51,13
N/A,N/A,15:40,Yielding To Soft,2m 100y,Shecouldbeanything (IRE),Jordan Colin Gainford,0,Gordon Elliott,1st,N/A,6,11-4,-,True,51,13
N/A,N/A,15:40,Yielding To Soft,2m 100y,Lucy Van Pelt (IRE),J. J. Slevin,0,Peter Maher,14th,26 l,8,11-4,-,True,51,13
N/A,N/A,15:40,Yielding To Soft,2m 100y,Saylavee (IRE),D. E. Mullins,0,W. P. Mullins,13th,50 l,6,11-7,-,True,51,13
N/A,N/A,15:40,Yielding To Soft,2m 100y,Henning (IRE),D. King,0,Denis Hogan,12th,1 l,6,11-7,-,True,51,13
N/A,N/A,15:40,Yielding To Soft,2m 100y,All About Lucy (IRE),Richard Deegan,0,Eoin Christopher McCarthy,11th,1 1/2 l,6,11-4t,-,True,51,13
N/A,N/A,15:40,Yielding To Soft,2m 100y,Enfranchise (IRE),J. S. McGarvey,0,John Joseph Hanlon,10th,Short Head,5,11-0,-,True,51,13
N/A,N/A,15:40,Yielding To Soft,2m 100y,Ladybank,Rachael Blackmore,0,Henry de Bromhead,9th,1 l,5,11-4,-,True,51,13
N/A,N/A,15:40,Yielding To Soft,2m 100y,Popova (IRE),D. J. O'Keeffe,0,Henry de Bromhead,8th,5 l,6,11-4,-,True,51,13
N/A,N/A,15:40,Yielding To Soft,2m 100y,Nikini (IRE),Mr P. W. Mullins,0,W. P. Mullins,7th,Head,6,11-7,-,True,51,13
N/A,N/A,15:40,Yielding To Soft,2m 100y,Dame Rapide (IRE),Phillip Enright,0,James M. Barrett,6th,1 1/2 l,6,11-0,-,True,51,13
N/A,N/A,15:40,Yielding To Soft,2m 100y,Night And Day,P. Townend,0,W. P. Mullins,5th,1 1/4 l,6,11-4,-,True,51,13
N/A,N/A,15:40,Yielding To Soft,2m 100y,Still Ciel (IRE),S. Fitzgerald,0,Henry de Bromhead,4th,1/2 l,6,11-4,-,True,51,13
N/A,N/A,15:40,Yielding To Soft,2m 100y,Walk With Paul (FR),C. Brassil,0,Martin Brassil,3rd,1 1/2 l,7,11-4t,-,True,51,13
N/A,N/A,15:40,Yielding To Soft,2m 100y,The Model Kingdom (IRE),Denis O'Regan,0,Noel Meade,2nd,4 1/4 l,6,11-7t,-,True,51,13
N/A,N/A,15:40,Yielding To Soft,2m 100y,Shecouldbeanything (IRE),Jordan Colin Gainford,0,Gordon Elliott,1st,N/A,6,11-4,-,True,51,13
N/A,N/A,16:15,Yielding To Soft,2m 100y,Diverge,Mr P. W. Mullins,0,W. P. Mullins,5th,84 l,5,11-12t,-,True,51,14
N/A,N/A,16:15,Yielding To Soft,2m 100y,Found A Fifty (IRE),Jordan Colin Gainford,0,Gordon Elliott,4th,6 l,6,11-12,-,True,51,14
N/A,N/A,16:15,Yielding To Soft,2m 100y,No Looking Back (IRE),Phillip Enright,0,Oliver McKiernan,3rd,10 l,5,11-12,-,True,51,14
N/A,N/A,16:15,Yielding To Soft,2m 100y,Il Etait Temps (FR),D. E. Mullins,0,W. P. Mullins,2nd,7 1/2 l,5,11-12h,-,True,51,14
N/A,N/A,16:15,Yielding To Soft,2m 100y,Facile Vega (IRE),P. Townend,0,W. P. Mullins,1st,N/A,6,11-12,-,True,51,14
N/A,N/A,16:15,Yielding To Soft,2m 100y,Diverge,Mr P. W. Mullins,0,W. P. Mullins,5th,84 l,5,11-12t,-,True,51,14
N/A,N/A,16:15,Yielding To Soft,2m 100y,Found A Fifty (IRE),Jordan Colin Gainford,0,Gordon Elliott,4th,6 l,6,11-12,-,True,51,14
N/A,N/A,16:15,Yielding To Soft,2m 100y,No Looking Back (IRE),Phillip Enright,0,Oliver McKiernan,3rd,10 l,5,11-12,-,True,51,14
N/A,N/A,16:15,Yielding To Soft,2m 100y,Il Etait Temps (FR),D. E. Mullins,0,W. P. Mullins,2nd,7 1/2 l,5,11-12h,-,True,51,14
N/A,N/A,16:15,Yielding To Soft,2m 100y,Facile Vega (IRE),P. Townend,0,W. P. Mullins,1st,N/A,6,11-12,-,True,51,14
N/A,N/A,16:50,Yielding To Soft,2m 100y,Watch The Weather,Rachael Blackmore,0,R. P. Cody,18th,6 l,7,10-0t,119,True,51,15
N/A,N/A,16:50,Yielding To Soft,2m 100y,Cash Back (FR),Kieran Callaghan,7,W. P. Mullins,17th,4 1/4 l,11,11-10h,143,True,51,15
N/A,N/A,16:50,Yielding To Soft,2m 100y,Hey Johnny (IRE),Jack Foley,0,Thomas Mullins,16th,8 1/2 l,6,10-1,120,True,51,15
N/A,N/A,16:50,Yielding To Soft,2m 100y,Lucky Max (GER),Mr R. James,7,Sean Thomas Doyle,15th,3 1/4 l,7,11-10,143,True,51,15
N/A,N/A,16:50,Yielding To Soft,2m 100y,Brazil (FR),M. P. Walsh,0,Padraig Roche,14th,2 1/4 l,5,11-9,142,True,51,15
N/A,N/A,16:50,Yielding To Soft,2m 100y,Merlin Giant (FR),Donagh Meyler,0,Emmet Mullins,13th,3/4 l,6,11-7,140,True,51,15
N/A,N/A,16:50,Yielding To Soft,2m 100y,Grand Roi (FR),Corey McGivern,7,Gordon Elliott,12th,2 1/4 l,7,11-7b1,140,True,51,15
N/A,N/A,16:50,Yielding To Soft,2m 100y,One Last Tango (IRE),C. G. O'Dwyer,7,Eoin Griffin,11th,1 3/4 l,6,10-5,124,True,51,15
N/A,N/A,16:50,Yielding To Soft,2m 100y,Glan (IRE),L. P. Dempsey,0,Gordon Elliott,10th,2 3/4 l,8,10-11h,130,True,51,15
N/A,N/A,16:50,Yielding To Soft,2m 100y,Annexation (FR),M. P. O'Connor,5,Henry de Bromhead,9th,1 1/2 l,7,11-0t,133,True,51,15
N/A,N/A,16:50,Yielding To Soft,2m 100y,Path D'oroux (FR),Keith Donoghue,0,Gavin Patrick Cromwell,8th,2 1/2 l,6,11-4t,137,True,51,15
N/A,N/A,16:50,Yielding To Soft,2m 100y,Man O Work (IRE),Cian Cullinan,7,P. G. Fahey,7th,1 1/2 l,5,10-9,128,True,51,15
N/A,N/A,16:50,Yielding To Soft,2m 100y,Captains Nephew (IRE),D. J. O'Keeffe,0,P. J. Rothwell,6th,3/4 l,6,10-0t,119,True,51,15
N/A,N/A,16:50,Yielding To Soft,2m 100y,Fils D'oudairies (FR),D. J. Gilligan,7,Gordon Elliott,5th,1 3/4 l,8,11-12,145,True,51,15
N/A,N/A,16:50,Yielding To Soft,2m 100y,Telecon,R. A. Doyle,0,Mark Fahey,4th,2 3/4 l,6,10-11h,130,True,51,15
N/A,N/A,16:50,Yielding To Soft,2m 100y,Tekao (FR),S. D. Torrens,0,W. P. Mullins,3rd,1 1/2 l,4,10-3h,130,True,51,15
N/A,N/A,16:50,Yielding To Soft,2m 100y,Tax For Max (GER),Daryl Jacob,0,W. P. Mullins,2nd,1 3/4 l,6,11-0t,133,True,51,15
N/A,N/A,16:50,Yielding To Soft,2m 100y,Bialystok (IRE),D. E. Mullins,0,W. P. Mullins,1st,N/A,5,10-11h1,130,True,51,15
N/A,N/A,16:50,Yielding To Soft,2m 100y,Watch The Weather,Rachael Blackmore,0,R. P. Cody,18th,6 l,7,10-0t,119,True,51,15
N/A,N/A,16:50,Yielding To Soft,2m 100y,Cash Back (FR),Kieran Callaghan,7,W. P. Mullins,17th,4 1/4 l,11,11-10h,143,True,51,15
N/A,N/A,16:50,Yielding To Soft,2m 100y,Hey Johnny (IRE),Jack Foley,0,Thomas Mullins,16th,8 1/2 l,6,10-1,120,True,51,15
N/A,N/A,16:50,Yielding To Soft,2m 100y,Lucky Max (GER),Mr R. James,7,Sean Thomas Doyle,15th,3 1/4 l,7,11-10,143,True,51,15
N/A,N/A,16:50,Yielding To Soft,2m 100y,Brazil (FR),M. P. Walsh,0,Padraig Roche,14th,2 1/4 l,5,11-9,142,True,51,15
N/A,N/A,16:50,Yielding To Soft,2m 100y,Merlin Giant (FR),Donagh Meyler,0,Emmet Mullins,13th,3/4 l,6,11-7,140,True,51,15
N/A,N/A,16:50,Yielding To Soft,2m 100y,Grand Roi (FR),Corey McGivern,7,Gordon Elliott,12th,2 1/4 l,7,11-7b1,140,True,51,15
N/A,N/A,16:50,Yielding To Soft,2m 100y,One Last Tango (IRE),C. G. O'Dwyer,7,Eoin Griffin,11th,1 3/4 l,6,10-5,124,True,51,15
N/A,N/A,16:50,Yielding To Soft,2m 100y,Glan (IRE),L. P. Dempsey,0,Gordon Elliott,10th,2 3/4 l,8,10-11h,130,True,51,15
N/A,N/A,16:50,Yielding To Soft,2m 100y,Annexation (FR),M. P. O'Connor,5,Henry de Bromhead,9th,1 1/2 l,7,11-0t,133,True,51,15
N/A,N/A,16:50,Yielding To Soft,2m 100y,Path D'oroux (FR),Keith Donoghue,0,Gavin Patrick Cromwell,8th,2 1/2 l,6,11-4t,137,True,51,15
N/A,N/A,16:50,Yielding To Soft,2m 100y,Man O Work (IRE),Cian Cullinan,7,P. G. Fahey,7th,1 1/2 l,5,10-9,128,True,51,15
N/A,N/A,16:50,Yielding To Soft,2m 100y,Captains Nephew (IRE),D. J. O'Keeffe,0,P. J. Rothwell,6th,3/4 l,6,10-0t,119,True,51,15
N/A,N/A,16:50,Yielding To Soft,2m 100y,Fils D'oudairies (FR),D. J. Gilligan,7,Gordon Elliott,5th,1 3/4 l,8,11-12,145,True,51,15
N/A,N/A,16:50,Yielding To Soft,2m 100y,Telecon,R. A. Doyle,0,Mark Fahey,4th,2 3/4 l,6,10-11h,130,True,51,15
N/A,N/A,16:50,Yielding To Soft,2m 100y,Tekao (FR),S. D. Torrens,0,W. P. Mullins,3rd,1 1/2 l,4,10-3h,130,True,51,15
N/A,N/A,16:50,Yielding To Soft,2m 100y,Tax For Max (GER),Daryl Jacob,0,W. P. Mullins,2nd,1 3/4 l,6,11-0t,133,True,51,15
N/A,N/A,16:50,Yielding To Soft,2m 100y,Bialystok (IRE),D. E. Mullins,0,W. P. Mullins,1st,N/A,5,10-11h1,130,True,51,15
N/A,N/A,17:25,Yielding To Soft,2m,Magic Daze (IRE),Rachael Blackmore,0,Henry de Bromhead,5th,63 l,7,11-5t,-,True,51,16
N/A,N/A,17:25,Yielding To Soft,2m,Gentleman De Mee (FR),M. P. Walsh,0,W. P. Mullins,4th,6 l,7,11-12ht,-,True,51,16
N/A,N/A,17:25,Yielding To Soft,2m,Blue Lord (FR),Daryl Jacob,0,W. P. Mullins,3rd,3 1/4 l,8,11-12t,-,True,51,16
N/A,N/A,17:25,Yielding To Soft,2m,Chacun Pour Soi (FR),D. E. Mullins,0,W. P. Mullins,2nd,3/4 l,11,11-12,-,True,51,16
N/A,N/A,17:25,Yielding To Soft,2m,Energumene (FR),P. Townend,0,W. P. Mullins,1st,N/A,9,11-12,-,True,51,16
N/A,N/A,17:25,Yielding To Soft,2m,Magic Daze (IRE),Rachael Blackmore,0,Henry de Bromhead,5th,63 l,7,11-5t,-,True,51,16
N/A,N/A,17:25,Yielding To Soft,2m,Gentleman De Mee (FR),M. P. Walsh,0,W. P. Mullins,4th,6 l,7,11-12ht,-,True,51,16
N/A,N/A,17:25,Yielding To Soft,2m,Blue Lord (FR),Daryl Jacob,0,W. P. Mullins,3rd,3 1/4 l,8,11-12t,-,True,51,16
N/A,N/A,17:25,Yielding To Soft,2m,Chacun Pour Soi (FR),D. E. Mullins,0,W. P. Mullins,2nd,3/4 l,11,11-12,-,True,51,16
N/A,N/A,17:25,Yielding To Soft,2m,Energumene (FR),P. Townend,0,W. P. Mullins,1st,N/A,9,11-12,-,True,51,16
N/A,N/A,18:00,Yielding To Soft,2m 100y,Dreamings Free (IRE),Mr P. J. O'Neill,7,John F. O'Neill,16th,2 3/4 l,4,11-6,-,True,51,17
N/A,N/A,18:00,Yielding To Soft,2m 100y,Brennus Lescribaa (FR),Mr D. G. Lavery,0,Gordon Elliott,15th,3 3/4 l,4,11-6,-,True,51,17
N/A,N/A,18:00,Yielding To Soft,2m 100y,Step Out (IRE),Mr S. Crawford,0,Stuart Crawford,14th,2 1/2 l,4,11-6,-,True,51,17
N/A,N/A,18:00,Yielding To Soft,2m 100y,Muskerry Rock (IRE),Mr Pat Taaffe,7,M. F. Morris,13th,18 l,4,11-6,-,True,51,17
N/A,N/A,18:00,Yielding To Soft,2m 100y,Sirekoff (IRE),Mr T. Hamilton,0,John Joseph Hanlon,12th,18 l,4,11-6,-,True,51,17
N/A,N/A,18:00,Yielding To Soft,2m 100y,Aruntothequeen (IRE),Miss A. B. O'Connor,3,Mrs J. Harrington,11th,1 1/4 l,4,10-13,-,True,51,17
N/A,N/A,18:00,Yielding To Soft,2m 100y,Remember'hesmine (IRE),Mr A. P. Fahey,7,P. G. Fahey,10th,2 3/4 l,4,11-6,-,True,51,17
N/A,N/A,18:00,Yielding To Soft,2m 100y,No Turn Unstoned,C. F. Swan,5,Gordon Elliott,9th,Neck,4,11-6,-,True,51,17
N/A,N/A,18:00,Yielding To Soft,2m 100y,Weseekherthere (IRE),Mr J. L. Gleeson,7,Gordon Elliott,8th,Neck,4,10-13,-,True,51,17
N/A,N/A,18:00,Yielding To Soft,2m 100y,Brave Fortune (IRE),Mr P. A. King,5,P. M. J. Doyle,7th,1 3/4 l,4,11-6,-,True,51,17
N/A,N/A,18:00,Yielding To Soft,2m 100y,Nouvotic (FR),Mr D. Roche,5,Henry de Bromhead,6th,Neck,4,11-6h1,-,True,51,17
N/A,N/A,18:00,Yielding To Soft,2m 100y,Tactical Affair (FR),Mr J. J. Codd,0,Gordon Elliott,5th,8 1/2 l,4,11-6,-,True,51,17
N/A,N/A,18:00,Yielding To Soft,2m 100y,Farland (IRE),Mr D. O'Connor,0,Sean Thomas Doyle,4th,1 1/4 l,4,11-6,-,True,51,17
N/A,N/A,18:00,Yielding To Soft,2m 100y,Western Fold (IRE),Mr B. O'Neill,0,Gordon Elliott,3rd,1 3/4 l,4,11-6,-,True,51,17
N/A,N/A,18:00,Yielding To Soft,2m 100y,Milo Lises (FR),Miss J. Townend,0,W. P. Mullins,2nd,2 l,4,11-6,-,True,51,17
N/A,N/A,18:00,Yielding To Soft,2m 100y,Predators Gold (FR),Mr P. W. Mullins,0,W. P. Mullins,1st,N/A,4,11-6,-,True,51,17
N/A,N/A,18:00,Yielding To Soft,2m 100y,Dreamings Free (IRE),Mr P. J. O'Neill,7,John F. O'Neill,16th,2 3/4 l,4,11-6,-,True,51,17
N/A,N/A,18:00,Yielding To Soft,2m 100y,Brennus Lescribaa (FR),Mr D. G. Lavery,0,Gordon Elliott,15th,3 3/4 l,4,11-6,-,True,51,17
N/A,N/A,18:00,Yielding To Soft,2m 100y,Step Out (IRE),Mr S. Crawford,0,Stuart Crawford,14th,2 1/2 l,4,11-6,-,True,51,17
N/A,N/A,18:00,Yielding To Soft,2m 100y,Muskerry Rock (IRE),Mr Pat Taaffe,7,M. F. Morris,13th,18 l,4,11-6,-,True,51,17
N/A,N/A,18:00,Yielding To Soft,2m 100y,Sirekoff (IRE),Mr T. Hamilton,0,John Joseph Hanlon,12th,18 l,4,11-6,-,True,51,17
N/A,N/A,18:00,Yielding To Soft,2m 100y,Aruntothequeen (IRE),Miss A. B. O'Connor,3,Mrs J. Harrington,11th,1 1/4 l,4,10-13,-,True,51,17
N/A,N/A,18:00,Yielding To Soft,2m 100y,Remember'hesmine (IRE),Mr A. P. Fahey,7,P. G. Fahey,10th,2 3/4 l,4,11-6,-,True,51,17
N/A,N/A,18:00,Yielding To Soft,2m 100y,No Turn Unstoned,C. F. Swan,5,Gordon Elliott,9th,Neck,4,11-6,-,True,51,17
N/A,N/A,18:00,Yielding To Soft,2m 100y,Weseekherthere (IRE),Mr J. L. Gleeson,7,Gordon Elliott,8th,Neck,4,10-13,-,True,51,17
N/A,N/A,18:00,Yielding To Soft,2m 100y,Brave Fortune (IRE),Mr P. A. King,5,P. M. J. Doyle,7th,1 3/4 l,4,11-6,-,True,51,17
N/A,N/A,18:00,Yielding To Soft,2m 100y,Nouvotic (FR),Mr D. Roche,5,Henry de Bromhead,6th,Neck,4,11-6h1,-,True,51,17
N/A,N/A,18:00,Yielding To Soft,2m 100y,Tactical Affair (FR),Mr J. J. Codd,0,Gordon Elliott,5th,8 1/2 l,4,11-6,-,True,51,17
N/A,N/A,18:00,Yielding To Soft,2m 100y,Farland (IRE),Mr D. O'Connor,0,Sean Thomas Doyle,4th,1 1/4 l,4,11-6,-,True,51,17
N/A,N/A,18:00,Yielding To Soft,2m 100y,Western Fold (IRE),Mr B. O'Neill,0,Gordon Elliott,3rd,1 3/4 l,4,11-6,-,True,51,17
N/A,N/A,18:00,Yielding To Soft,2m 100y,Milo Lises (FR),Miss J. Townend,0,W. P. Mullins,2nd,2 l,4,11-6,-,True,51,17
N/A,N/A,18:00,Yielding To Soft,2m 100y,Predators Gold (FR),Mr P. W. Mullins,0,W. P. Mullins,1st,N/A,4,11-6,-,True,51,17
N/A,N/A,18:35,Yielding To Soft,3m 60y,Sir Gerhard (IRE),Mr P. W. Mullins,0,W. P. Mullins,PU,N/A,8,11-10,-,True,51,18
N/A,N/A,18:35,Yielding To Soft,3m 60y,Journey With Me (IRE),Rachael Blackmore,0,Henry de Bromhead,F,N/A,7,11-10,-,True,51,18
N/A,N/A,18:35,Yielding To Soft,3m 60y,Classic Getaway (IRE),D. E. Mullins,0,W. P. Mullins,4th,6 1/2 l,7,11-10,-,True,51,18
N/A,N/A,18:35,Yielding To Soft,3m 60y,James Du Berlais (FR),Daryl Jacob,0,W. P. Mullins,3rd,6 1/2 l,7,11-10,-,True,51,18
N/A,N/A,18:35,Yielding To Soft,3m 60y,Appreciate It (IRE),P. Townend,0,W. P. Mullins,2nd,1 3/4 l,9,11-10t1,-,True,51,18
N/A,N/A,18:35,Yielding To Soft,3m 60y,Feronily (IRE),Donagh Meyler,0,Emmet Mullins,1st,N/A,6,11-10,-,True,51,18
N/A,N/A,18:35,Yielding To Soft,3m 60y,Sir Gerhard (IRE),Mr P. W. Mullins,0,W. P. Mullins,PU,N/A,8,11-10,-,True,51,18
N/A,N/A,18:35,Yielding To Soft,3m 60y,Journey With Me (IRE),Rachael Blackmore,0,Henry de Bromhead,F,N/A,7,11-10,-,True,51,18
N/A,N/A,18:35,Yielding To Soft,3m 60y,Classic Getaway (IRE),D. E. Mullins,0,W. P. Mullins,4th,6 1/2 l,7,11-10,-,True,51,18
N/A,N/A,18:35,Yielding To Soft,3m 60y,James Du Berlais (FR),Daryl Jacob,0,W. P. Mullins,3rd,6 1/2 l,7,11-10,-,True,51,18
N/A,N/A,18:35,Yielding To Soft,3m 60y,Appreciate It (IRE),P. Townend,0,W. P. Mullins,2nd,1 3/4 l,9,11-10t1,-,True,51,18
N/A,N/A,18:35,Yielding To Soft,3m 60y,Feronily (IRE),Donagh Meyler,0,Emmet Mullins,1st,N/A,6,11-10,-,True,51,18
N/A,N/A,19:10,Yielding To Soft,3m 1f,Ballyday Star (IRE),Mr B. J. Walsh,7,Barry John Walsh,UR,N/A,6,11-7,-,True,51,19
N/A,N/A,19:10,Yielding To Soft,3m 1f,War Call (FR),Mr J. C. Canavan,7,S. Curling,UR,N/A,7,11-7,-,True,51,19
N/A,N/A,19:10,Yielding To Soft,3m 1f,Lesssaidthebetter,Miss P. Elvin,7,P. J. Rothwell,UR,N/A,9,11-7,-,True,51,19
N/A,N/A,19:10,Yielding To Soft,3m 1f,Lavinia Fontana (IRE),Ms C. Skerry,7,Ciaran Murphy,PU,N/A,6,11-0t,-,True,51,19
N/A,N/A,19:10,Yielding To Soft,3m 1f,Bonny Dazzler (FR),Miss J. Corish,7,Mark John Scallan,8th,21 l,10,11-0p,-,True,51,19
N/A,N/A,19:10,Yielding To Soft,3m 1f,Old Style Humor (IRE),Mr J. W. Hendrick,7,Peter Croke,7th,46 l,6,11-7p1,-,True,51,19
N/A,N/A,19:10,Yielding To Soft,3m 1f,Jet Fighter (IRE),Mr S. Cavanagh,7,Peter Maher,6th,1 3/4 l,6,11-7,-,True,51,19
N/A,N/A,19:10,Yielding To Soft,3m 1f,Michael's Pick (IRE),Mr M. J. Love,7,Ciaran Murphy,5th,11 l,9,11-12tb,-,True,51,19
N/A,N/A,19:10,Yielding To Soft,3m 1f,De Nordener (IRE),Mr D. O'Connor,0,Enda Bolger,4th,3 3/4 l,7,11-7,-,True,51,19
N/A,N/A,19:10,Yielding To Soft,3m 1f,Subset (IRE),Mr B. T. Stone,7,Peter Maher,3rd,14 l,9,11-7p,-,True,51,19
N/A,N/A,19:10,Yielding To Soft,3m 1f,Vital Island (IRE),Mr B. O. Walsh,7,R. P. O'Keeffe,2nd,3 l,11,11-12t,-,True,51,19
N/A,N/A,19:10,Yielding To Soft,3m 1f,Three By Two (IRE),Mr T. Power Roche,7,Denis Paul Murphy,1st,N/A,7,11-0,-,True,51,19
N/A,N/A,19:10,Yielding To Soft,3m 1f,Ballyday Star (IRE),Mr B. J. Walsh,7,Barry John Walsh,UR,N/A,6,11-7,-,True,51,19
N/A,N/A,19:10,Yielding To Soft,3m 1f,War Call (FR),Mr J. C. Canavan,7,S. Curling,UR,N/A,7,11-7,-,True,51,19
N/A,N/A,19:10,Yielding To Soft,3m 1f,Lesssaidthebetter,Miss P. Elvin,7,P. J. Rothwell,UR,N/A,9,11-7,-,True,51,19
N/A,N/A,19:10,Yielding To Soft,3m 1f,Lavinia Fontana (IRE),Ms C. Skerry,7,Ciaran Murphy,PU,N/A,6,11-0t,-,True,51,19
N/A,N/A,19:10,Yielding To Soft,3m 1f,Bonny Dazzler (FR),Miss J. Corish,7,Mark John Scallan,8th,21 l,10,11-0p,-,True,51,19
N/A,N/A,19:10,Yielding To Soft,3m 1f,Old Style Humor (IRE),Mr J. W. Hendrick,7,Peter Croke,7th,46 l,6,11-7p1,-,True,51,19
N/A,N/A,19:10,Yielding To Soft,3m 1f,Jet Fighter (IRE),Mr S. Cavanagh,7,Peter Maher,6th,1 3/4 l,6,11-7,-,True,51,19
N/A,N/A,19:10,Yielding To Soft,3m 1f,Michael's Pick (IRE),Mr M. J. Love,7,Ciaran Murphy,5th,11 l,9,11-12tb,-,True,51,19
N/A,N/A,19:10,Yielding To Soft,3m 1f,De Nordener (IRE),Mr D. O'Connor,0,Enda Bolger,4th,3 3/4 l,7,11-7,-,True,51,19
N/A,N/A,19:10,Yielding To Soft,3m 1f,Subset (IRE),Mr B. T. Stone,7,Peter Maher,3rd,14 l,9,11-7p,-,True,51,19
N/A,N/A,19:10,Yielding To Soft,3m 1f,Vital Island (IRE),Mr B. O. Walsh,7,R. P. O'Keeffe,2nd,3 l,11,11-12t,-,True,51,19
N/A,N/A,19:10,Yielding To Soft,3m 1f,Three By Two (IRE),Mr T. Power Roche,7,Denis Paul Murphy,1st,N/A,7,11-0,-,True,51,19
N/A,N/A,19:45,Yielding To Soft,2m 100y,Sky Tempest (IRE),Mr A. P. Ryan,7,Louise G. Lyons,22nd,2 1/2 l,4,11-3,-,True,51,20
N/A,N/A,19:45,Yielding To Soft,2m 100y,Scarlet Grace (IRE),Mr T. Hamilton,0,Mrs J. Harrington,21st,Neck,4,11-3,-,True,51,20
N/A,N/A,19:45,Yielding To Soft,2m 100y,Reliance Kid (FR),Mr B. O'Neill,0,Gordon Elliott,20th,6 1/2 l,4,11-10,-,True,51,20
N/A,N/A,19:45,Yielding To Soft,2m 100y,Prince Quattro (IRE),Miss P. Elvin,7,P. J. Rothwell,19th,11 l,4,11-10,-,True,51,20
N/A,N/A,19:45,Yielding To Soft,2m 100y,Howdoyalikeherhome (IRE),Mr Pat Taaffe,7,Patrick T. Foley,18th,2 1/4 l,4,11-10,-,True,51,20
N/A,N/A,19:45,Yielding To Soft,2m 100y,Jerk (FR),Mr J. C. Barry,3,William Durkan,17th,1 1/4 l,4,11-10,-,True,51,20
N/A,N/A,19:45,Yielding To Soft,2m 100y,Tom Pepper (IRE),Mr J. W. Hendrick,7,Kevin Prendergast,16th,1 1/4 l,4,11-10,-,True,51,20
N/A,N/A,19:45,Yielding To Soft,2m 100y,Will Wilde (FR),Mr Finian Maguire,0,Miss Elizabeth Doyle,15th,1/2 l,4,11-10,-,True,51,20
N/A,N/A,19:45,Yielding To Soft,2m 100y,Ankud,Mr H. C. Swan,5,Gordon Elliott,14th,Neck,4,11-10,-,True,51,20
N/A,N/A,19:45,Yielding To Soft,2m 100y,Monarch of All (IRE),Mr T. Power Roche,7,P. J. Rothwell,13th,1 1/2 l,4,11-10,-,True,51,20
N/A,N/A,19:45,Yielding To Soft,2m 100y,One Big Boum (IRE),Mr E. P. O'Brien,5,Philip Fenton,12th,1 3/4 l,4,11-10,-,True,51,20
N/A,N/A,19:45,Yielding To Soft,2m 100y,Majestic Topaz (IRE),Mr A. P. Fahey,7,P. G. Fahey,11th,2 1/2 l,4,11-3,-,True,51,20
N/A,N/A,19:45,Yielding To Soft,2m 100y,Gabriel Ranger (IRE),Mr P. A. King,5,Joseph G. Murphy,10th,1 l,4,11-10,-,True,51,20
N/A,N/A,19:45,Yielding To Soft,2m 100y,Downmexicoway (IRE),Mr D. O'Connor,0,Peter Fahey,9th,3/4 l,4,11-10,-,True,51,20
N/A,N/A,19:45,Yielding To Soft,2m 100y,Shengai Enki (FR),Mr O. McGill,7,Mark J. O'Hare,8th,2 1/4 l,4,11-10,-,True,51,20
N/A,N/A,19:45,Yielding To Soft,2m 100y,Dollar Nolimit (FR),Mr S. Crawford,0,Stuart Crawford,7th,Neck,4,11-10,-,True,51,20
N/A,N/A,19:45,Yielding To Soft,2m 100y,Rainbow Lily (IRE),Mr J. J. Codd,0,Gordon Elliott,6th,5 l,4,11-3,-,True,51,20
N/A,N/A,19:45,Yielding To Soft,2m 100y,Master Otis (IRE),Mr Charlie Mullins,7,Thomas Mullins,5th,1/2 l,4,11-10,-,True,51,20
N/A,N/A,19:45,Yielding To Soft,2m 100y,Ninth Loch (IRE),Mr P. W. Mullins,0,W. P. Mullins,4th,2 1/2 l,4,11-10,-,True,51,20
N/A,N/A,19:45,Yielding To Soft,2m 100y,Joyeux Vivo (FR),Mr J. L. Gleeson,7,John E. Kiely,3rd,4 l,4,11-10,-,True,51,20
N/A,N/A,19:45,Yielding To Soft,2m 100y,Williethebuilder (IRE),Mr R. W. Barron,7,Declan Queally,2nd,1 1/4 l,4,11-10,-,True,51,20
N/A,N/A,19:45,Yielding To Soft,2m 100y,Angelo Dundee (IRE),Mr D. McGill,7,Dermot Anthony McLoughlin,1st,N/A,4,11-10,-,True,51,20
N/A,N/A,19:45,Yielding To Soft,2m 100y,Sky Tempest (IRE),Mr A. P. Ryan,7,Louise G. Lyons,22nd,2 1/2 l,4,11-3,-,True,51,20
N/A,N/A,19:45,Yielding To Soft,2m 100y,Scarlet Grace (IRE),Mr T. Hamilton,0,Mrs J. Harrington,21st,Neck,4,11-3,-,True,51,20
N/A,N/A,19:45,Yielding To Soft,2m 100y,Reliance Kid (FR),Mr B. O'Neill,0,Gordon Elliott,20th,6 1/2 l,4,11-10,-,True,51,20
N/A,N/A,19:45,Yielding To Soft,2m 100y,Prince Quattro (IRE),Miss P. Elvin,7,P. J. Rothwell,19th,11 l,4,11-10,-,True,51,20
N/A,N/A,19:45,Yielding To Soft,2m 100y,Howdoyalikeherhome (IRE),Mr Pat Taaffe,7,Patrick T. Foley,18th,2 1/4 l,4,11-10,-,True,51,20
N/A,N/A,19:45,Yielding To Soft,2m 100y,Jerk (FR),Mr J. C. Barry,3,William Durkan,17th,1 1/4 l,4,11-10,-,True,51,20
N/A,N/A,19:45,Yielding To Soft,2m 100y,Tom Pepper (IRE),Mr J. W. Hendrick,7,Kevin Prendergast,16th,1 1/4 l,4,11-10,-,True,51,20
N/A,N/A,19:45,Yielding To Soft,2m 100y,Will Wilde (FR),Mr Finian Maguire,0,Miss Elizabeth Doyle,15th,1/2 l,4,11-10,-,True,51,20
N/A,N/A,19:45,Yielding To Soft,2m 100y,Ankud,Mr H. C. Swan,5,Gordon Elliott,14th,Neck,4,11-10,-,True,51,20
N/A,N/A,19:45,Yielding To Soft,2m 100y,Monarch of All (IRE),Mr T. Power Roche,7,P. J. Rothwell,13th,1 1/2 l,4,11-10,-,True,51,20
N/A,N/A,19:45,Yielding To Soft,2m 100y,One Big Boum (IRE),Mr E. P. O'Brien,5,Philip Fenton,12th,1 3/4 l,4,11-10,-,True,51,20
N/A,N/A,19:45,Yielding To Soft,2m 100y,Majestic Topaz (IRE),Mr A. P. Fahey,7,P. G. Fahey,11th,2 1/2 l,4,11-3,-,True,51,20
N/A,N/A,19:45,Yielding To Soft,2m 100y,Gabriel Ranger (IRE),Mr P. A. King,5,Joseph G. Murphy,10th,1 l,4,11-10,-,True,51,20
N/A,N/A,19:45,Yielding To Soft,2m 100y,Downmexicoway (IRE),Mr D. O'Connor,0,Peter Fahey,9th,3/4 l,4,11-10,-,True,51,20
N/A,N/A,19:45,Yielding To Soft,2m 100y,Shengai Enki (FR),Mr O. McGill,7,Mark J. O'Hare,8th,2 1/4 l,4,11-10,-,True,51,20
N/A,N/A,19:45,Yielding To Soft,2m 100y,Dollar Nolimit (FR),Mr S. Crawford,0,Stuart Crawford,7th,Neck,4,11-10,-,True,51,20
N/A,N/A,19:45,Yielding To Soft,2m 100y,Rainbow Lily (IRE),Mr J. J. Codd,0,Gordon Elliott,6th,5 l,4,11-3,-,True,51,20
N/A,N/A,19:45,Yielding To Soft,2m 100y,Master Otis (IRE),Mr Charlie Mullins,7,Thomas Mullins,5th,1/2 l,4,11-10,-,True,51,20
N/A,N/A,19:45,Yielding To Soft,2m 100y,Ninth Loch (IRE),Mr P. W. Mullins,0,W. P. Mullins,4th,2 1/2 l,4,11-10,-,True,51,20
N/A,N/A,19:45,Yielding To Soft,2m 100y,Joyeux Vivo (FR),Mr J. L. Gleeson,7,John E. Kiely,3rd,4 l,4,11-10,-,True,51,20
N/A,N/A,19:45,Yielding To Soft,2m 100y,Williethebuilder (IRE),Mr R. W. Barron,7,Declan Queally,2nd,1 1/4 l,4,11-10,-,True,51,20
N/A,N/A,19:45,Yielding To Soft,2m 100y,Angelo Dundee (IRE),Mr D. McGill,7,Dermot Anthony McLoughlin,1st,N/A,4,11-10,-,True,51,20
N/A,N/A,15:40,Yielding (Good To Yielding In Places),2m 3f 180y,Privilege,Patrick O'Hanlon,0,Peter Fahey,PU,N/A,5,11-7,116,True,51,21
N/A,N/A,15:40,Yielding (Good To Yielding In Places),2m 3f 180y,Kingston Retreat,P. Byrnes,2,Sean O. O'Brien,PU,N/A,8,11-3,112,True,51,21
N/A,N/A,15:40,Yielding (Good To Yielding In Places),2m 3f 180y,Ideal Pal (IRE),S. Fitzgerald,0,Cian Michael Collins,23rd,28 l,7,11-7tp,116,True,51,21
N/A,N/A,15:40,Yielding (Good To Yielding In Places),2m 3f 180y,Mighty Mo Missouri (IRE),C. Smithers,4,Mrs J. Harrington,22nd,9 l,4,10-11tp,114,True,51,21
N/A,N/A,15:40,Yielding (Good To Yielding In Places),2m 3f 180y,Sam Magee (IRE),C. Brassil,0,Henry de Bromhead,21st,2 1/2 l,6,11-7,116,True,51,21
N/A,N/A,15:40,Yielding (Good To Yielding In Places),2m 3f 180y,Teescomponentsyess (IRE),Shane Fenelon,4,John Joseph Hanlon,20th,12 l,7,11-6tp,115,True,51,21
N/A,N/A,15:40,Yielding (Good To Yielding In Places),2m 3f 180y,La Malmason (IRE),K. E. Buckley,0,Gavin Patrick Cromwell,19th,7 l,5,11-13,122,True,51,21
N/A,N/A,15:40,Yielding (Good To Yielding In Places),2m 3f 180y,Bold Approach (IRE),R. J. Condon,2,Brendan Duke,18th,1/2 l,7,11-4,113,True,51,21
N/A,N/A,15:40,Yielding (Good To Yielding In Places),2m 3f 180y,Cillians Charm (IRE),M. P. O'Connor,0,Anthony McCann,17th,2 3/4 l,6,11-6h,115,True,51,21
N/A,N/A,15:40,Yielding (Good To Yielding In Places),2m 3f 180y,Rock On Seamie (IRE),T. N. Brett,4,Ray Hackett,16th,4 1/4 l,8,11-6,115,True,51,21
N/A,N/A,15:40,Yielding (Good To Yielding In Places),2m 3f 180y,Eclair De Beaufeu (FR),Niall Moore,4,Philip Fenton,15th,2 l,9,12-0,123,True,51,21
N/A,N/A,15:40,Yielding (Good To Yielding In Places),2m 3f 180y,Butterflyvespiere (FR),E. A. Fitzgerald,4,Peter Fahey,14th,2 3/4 l,7,11-4,113,True,51,21
N/A,N/A,15:40,Yielding (Good To Yielding In Places),2m 3f 180y,Mr Saxobeat (IRE),E. Walsh,0,T. Gibney,13th,2 1/4 l,7,11-5,114,True,51,21
N/A,N/A,15:40,Yielding (Good To Yielding In Places),2m 3f 180y,Low Lie The Fields (IRE),H. Morgan,0,Henry de Bromhead,12th,Short Head,9,11-3t,112,True,51,21
N/A,N/A,15:40,Yielding (Good To Yielding In Places),2m 3f 180y,Sam's Choice (IRE),Corey McGivern,4,Gordon Elliott,11th,Nose,7,11-13b,122,True,51,21
N/A,N/A,15:40,Yielding (Good To Yielding In Places),2m 3f 180y,The Gradual Slope (IRE),M. M. McDonagh,2,Sean O. O'Brien,10th,1 1/2 l,6,11-11,120,True,51,21
N/A,N/A,15:40,Yielding (Good To Yielding In Places),2m 3f 180y,Sacchoandvanzetti (IRE),Shane O'Callaghan,4,John Queally,9th,2 3/4 l,7,11-3tp,112,True,51,21
N/A,N/A,15:40,Yielding (Good To Yielding In Places),2m 3f 180y,Unanswered,L. A. McKenna,2,A. J. Martin,8th,1 1/4 l,6,11-7t,116,True,51,21
N/A,N/A,15:40,Yielding (Good To Yielding In Places),2m 3f 180y,Doctor Churchill (IRE),Philip Donovan,2,C. W. J. Farrell,7th,1 l,5,11-4,113,True,51,21
N/A,N/A,15:40,Yielding (Good To Yielding In Places),2m 3f 180y,Level Neverending (IRE),D. J. Gilligan,4,Gordon Elliott,6th,1 3/4 l,6,11-10b,119,True,51,21
N/A,N/A,15:40,Yielding (Good To Yielding In Places),2m 3f 180y,Big Debates (FR),D. King,2,Robert Tyner,5th,1/2 l,10,11-5,114,True,51,21
N/A,N/A,15:40,Yielding (Good To Yielding In Places),2m 3f 180y,Gold Speed (FR),B. W. Harvey,2,Adrian Murray,4th,1 1/4 l,10,11-7h,116,True,51,21
N/A,N/A,15:40,Yielding (Good To Yielding In Places),2m 3f 180y,Camino Rock,Gavin Peter Brouder,2,M. F. Morris,3rd,Neck,6,11-4t,113,True,51,21
N/A,N/A,15:40,Yielding (Good To Yielding In Places),2m 3f 180y,Bread And Butter (IRE),Lewis Stones,2,Olly Murphy,2nd,1 l,8,11-10t,119,True,51,21
N/A,N/A,15:40,Yielding (Good To Yielding In Places),2m 3f 180y,Ballybawn Belter (IRE),C. G. O'Dwyer,4,Miss Elizabeth Doyle,1st,N/A,5,11-5,114,True,51,21
N/A,N/A,15:40,Yielding (Good To Yielding In Places),2m 3f 180y,Privilege,Patrick O'Hanlon,0,Peter Fahey,PU,N/A,5,11-7,116,True,51,21
N/A,N/A,15:40,Yielding (Good To Yielding In Places),2m 3f 180y,Kingston Retreat,P. Byrnes,2,Sean O. O'Brien,PU,N/A,8,11-3,112,True,51,21
N/A,N/A,15:40,Yielding (Good To Yielding In Places),2m 3f 180y,Ideal Pal (IRE),S. Fitzgerald,0,Cian Michael Collins,23rd,28 l,7,11-7tp,116,True,51,21
N/A,N/A,15:40,Yielding (Good To Yielding In Places),2m 3f 180y,Mighty Mo Missouri (IRE),C. Smithers,4,Mrs J. Harrington,22nd,9 l,4,10-11tp,114,True,51,21
N/A,N/A,15:40,Yielding (Good To Yielding In Places),2m 3f 180y,Sam Magee (IRE),C. Brassil,0,Henry de Bromhead,21st,2 1/2 l,6,11-7,116,True,51,21
N/A,N/A,15:40,Yielding (Good To Yielding In Places),2m 3f 180y,Teescomponentsyess (IRE),Shane Fenelon,4,John Joseph Hanlon,20th,12 l,7,11-6tp,115,True,51,21
N/A,N/A,15:40,Yielding (Good To Yielding In Places),2m 3f 180y,La Malmason (IRE),K. E. Buckley,0,Gavin Patrick Cromwell,19th,7 l,5,11-13,122,True,51,21
N/A,N/A,15:40,Yielding (Good To Yielding In Places),2m 3f 180y,Bold Approach (IRE),R. J. Condon,2,Brendan Duke,18th,1/2 l,7,11-4,113,True,51,21
N/A,N/A,15:40,Yielding (Good To Yielding In Places),2m 3f 180y,Cillians Charm (IRE),M. P. O'Connor,0,Anthony McCann,17th,2 3/4 l,6,11-6h,115,True,51,21
N/A,N/A,15:40,Yielding (Good To Yielding In Places),2m 3f 180y,Rock On Seamie (IRE),T. N. Brett,4,Ray Hackett,16th,4 1/4 l,8,11-6,115,True,51,21
N/A,N/A,15:40,Yielding (Good To Yielding In Places),2m 3f 180y,Eclair De Beaufeu (FR),Niall Moore,4,Philip Fenton,15th,2 l,9,12-0,123,True,51,21
N/A,N/A,15:40,Yielding (Good To Yielding In Places),2m 3f 180y,Butterflyvespiere (FR),E. A. Fitzgerald,4,Peter Fahey,14th,2 3/4 l,7,11-4,113,True,51,21
N/A,N/A,15:40,Yielding (Good To Yielding In Places),2m 3f 180y,Mr Saxobeat (IRE),E. Walsh,0,T. Gibney,13th,2 1/4 l,7,11-5,114,True,51,21
N/A,N/A,15:40,Yielding (Good To Yielding In Places),2m 3f 180y,Low Lie The Fields (IRE),H. Morgan,0,Henry de Bromhead,12th,Short Head,9,11-3t,112,True,51,21
N/A,N/A,15:40,Yielding (Good To Yielding In Places),2m 3f 180y,Sam's Choice (IRE),Corey McGivern,4,Gordon Elliott,11th,Nose,7,11-13b,122,True,51,21
N/A,N/A,15:40,Yielding (Good To Yielding In Places),2m 3f 180y,The Gradual Slope (IRE),M. M. McDonagh,2,Sean O. O'Brien,10th,1 1/2 l,6,11-11,120,True,51,21
N/A,N/A,15:40,Yielding (Good To Yielding In Places),2m 3f 180y,Sacchoandvanzetti (IRE),Shane O'Callaghan,4,John Queally,9th,2 3/4 l,7,11-3tp,112,True,51,21
N/A,N/A,15:40,Yielding (Good To Yielding In Places),2m 3f 180y,Unanswered,L. A. McKenna,2,A. J. Martin,8th,1 1/4 l,6,11-7t,116,True,51,21
N/A,N/A,15:40,Yielding (Good To Yielding In Places),2m 3f 180y,Doctor Churchill (IRE),Philip Donovan,2,C. W. J. Farrell,7th,1 l,5,11-4,113,True,51,21
N/A,N/A,15:40,Yielding (Good To Yielding In Places),2m 3f 180y,Level Neverending (IRE),D. J. Gilligan,4,Gordon Elliott,6th,1 3/4 l,6,11-10b,119,True,51,21
N/A,N/A,15:40,Yielding (Good To Yielding In Places),2m 3f 180y,Big Debates (FR),D. King,2,Robert Tyner,5th,1/2 l,10,11-5,114,True,51,21
N/A,N/A,15:40,Yielding (Good To Yielding In Places),2m 3f 180y,Gold Speed (FR),B. W. Harvey,2,Adrian Murray,4th,1 1/4 l,10,11-7h,116,True,51,21
N/A,N/A,15:40,Yielding (Good To Yielding In Places),2m 3f 180y,Camino Rock,Gavin Peter Brouder,2,M. F. Morris,3rd,Neck,6,11-4t,113,True,51,21
N/A,N/A,15:40,Yielding (Good To Yielding In Places),2m 3f 180y,Bread And Butter (IRE),Lewis Stones,2,Olly Murphy,2nd,1 l,8,11-10t,119,True,51,21
N/A,N/A,15:40,Yielding (Good To Yielding In Places),2m 3f 180y,Ballybawn Belter (IRE),C. G. O'Dwyer,4,Miss Elizabeth Doyle,1st,N/A,5,11-5,114,True,51,21
N/A,N/A,16:15,Yielding (Good To Yielding In Places),2m 3f 180y,Rocco Bay (IRE),M. P. Walsh,0,Peter Fahey,PU,N/A,7,11-3,-,True,51,22
N/A,N/A,16:15,Yielding (Good To Yielding In Places),2m 3f 180y,Grand Rouge (IRE),D. King,5,James M. Barcoe,PU,N/A,7,11-3,-,True,51,22
N/A,N/A,16:15,Yielding (Good To Yielding In Places),2m 3f 180y,Ik's Man (FR),J. P. Shinnick,7,Terence O'Brien,PU,N/A,7,11-3tb1,-,True,51,22
N/A,N/A,16:15,Yielding (Good To Yielding In Places),2m 3f 180y,Fine Margin (IRE),D. E. Mullins,0,Matthew A. Daly,9th,16 l,6,11-3t,-,True,51,22
N/A,N/A,16:15,Yielding (Good To Yielding In Places),2m 3f 180y,Mollys Glory (IRE),Sean Flanagan,0,M. C. Grassick,8th,1 3/4 l,8,10-10,-,True,51,22
N/A,N/A,16:15,Yielding (Good To Yielding In Places),2m 3f 180y,Free Flowing (IRE),R. P. Geoghegan,7,Norman Lee,7th,18 l,7,11-3,-,True,51,22
N/A,N/A,16:15,Yielding (Good To Yielding In Places),2m 3f 180y,Three Card Brag (IRE),A. P. Heskin,0,Gordon Elliott,6th,4 3/4 l,6,11-12,-,True,51,22
N/A,N/A,16:15,Yielding (Good To Yielding In Places),2m 3f 180y,My Gaffer (IRE),Liam Quinlan,5,John Patrick Ryan,5th,4 3/4 l,5,11-3,-,True,51,22
N/A,N/A,16:15,Yielding (Good To Yielding In Places),2m 3f 180y,Nucky Johnson (IRE),L. A. McKenna,5,Noel Meade,4th,2 3/4 l,5,11-10,-,True,51,22
N/A,N/A,16:15,Yielding (Good To Yielding In Places),2m 3f 180y,Senior Chief,Rachael Blackmore,0,Henry de Bromhead,3rd,2 1/2 l,6,11-10,-,True,51,22
N/A,N/A,16:15,Yielding (Good To Yielding In Places),2m 3f 180y,Della Casa Lunga (IRE),Phillip Enright,0,S. Curling,2nd,1 3/4 l,5,11-1t,-,True,51,22
N/A,N/A,16:15,Yielding (Good To Yielding In Places),2m 3f 180y,Sandor Clegane (IRE),S. F. O'Keeffe,0,Paul Nolan,1st,N/A,6,11-10,-,True,51,22
N/A,N/A,16:15,Yielding (Good To Yielding In Places),2m 3f 180y,Rocco Bay (IRE),M. P. Walsh,0,Peter Fahey,PU,N/A,7,11-3,-,True,51,22
N/A,N/A,16:15,Yielding (Good To Yielding In Places),2m 3f 180y,Grand Rouge (IRE),D. King,5,James M. Barcoe,PU,N/A,7,11-3,-,True,51,22
N/A,N/A,16:15,Yielding (Good To Yielding In Places),2m 3f 180y,Ik's Man (FR),J. P. Shinnick,7,Terence O'Brien,PU,N/A,7,11-3tb1,-,True,51,22
N/A,N/A,16:15,Yielding (Good To Yielding In Places),2m 3f 180y,Fine Margin (IRE),D. E. Mullins,0,Matthew A. Daly,9th,16 l,6,11-3t,-,True,51,22
N/A,N/A,16:15,Yielding (Good To Yielding In Places),2m 3f 180y,Mollys Glory (IRE),Sean Flanagan,0,M. C. Grassick,8th,1 3/4 l,8,10-10,-,True,51,22
N/A,N/A,16:15,Yielding (Good To Yielding In Places),2m 3f 180y,Free Flowing (IRE),R. P. Geoghegan,7,Norman Lee,7th,18 l,7,11-3,-,True,51,22
N/A,N/A,16:15,Yielding (Good To Yielding In Places),2m 3f 180y,Three Card Brag (IRE),A. P. Heskin,0,Gordon Elliott,6th,4 3/4 l,6,11-12,-,True,51,22
N/A,N/A,16:15,Yielding (Good To Yielding In Places),2m 3f 180y,My Gaffer (IRE),Liam Quinlan,5,John Patrick Ryan,5th,4 3/4 l,5,11-3,-,True,51,22
N/A,N/A,16:15,Yielding (Good To Yielding In Places),2m 3f 180y,Nucky Johnson (IRE),L. A. McKenna,5,Noel Meade,4th,2 3/4 l,5,11-10,-,True,51,22
N/A,N/A,16:15,Yielding (Good To Yielding In Places),2m 3f 180y,Senior Chief,Rachael Blackmore,0,Henry de Bromhead,3rd,2 1/2 l,6,11-10,-,True,51,22
N/A,N/A,16:15,Yielding (Good To Yielding In Places),2m 3f 180y,Della Casa Lunga (IRE),Phillip Enright,0,S. Curling,2nd,1 3/4 l,5,11-1t,-,True,51,22
N/A,N/A,16:15,Yielding (Good To Yielding In Places),2m 3f 180y,Sandor Clegane (IRE),S. F. O'Keeffe,0,Paul Nolan,1st,N/A,6,11-10,-,True,51,22
N/A,N/A,16:45,Yielding (Good To Yielding In Places),2m 3f 180y,Perfect Attitude,Jordan Colin Gainford,0,Gordon Elliott,UR,N/A,7,11-12,-,True,51,23
N/A,N/A,16:45,Yielding (Good To Yielding In Places),2m 3f 180y,Port Stanley (IRE),S. F. O'Keeffe,0,Mrs J. Harrington,PU,N/A,9,11-12,-,True,51,23
N/A,N/A,16:45,Yielding (Good To Yielding In Places),2m 3f 180y,Riggs (IRE),B. W. Harvey,5,Peter Cluskey,7th,7 l,8,11-12,-,True,51,23
N/A,N/A,16:45,Yielding (Good To Yielding In Places),2m 3f 180y,Un Des Flos (FR),Sean Flanagan,0,Harry Rogers,6th,13 l,5,11-12ht1,-,True,51,23
N/A,N/A,16:45,Yielding (Good To Yielding In Places),2m 3f 180y,Eye Van (IRE),Niall Moore,7,R. P. Cody,5th,26 l,9,11-12,-,True,51,23
N/A,N/A,16:45,Yielding (Good To Yielding In Places),2m 3f 180y,Tag Man (IRE),Rachael Blackmore,0,Henry de Bromhead,4th,Head,7,11-6,-,True,51,23
N/A,N/A,16:45,Yielding (Good To Yielding In Places),2m 3f 180y,Imagine (FR),D. J. Gilligan,7,Gordon Elliott,3rd,5 l,5,11-12,-,True,51,23
N/A,N/A,16:45,Yielding (Good To Yielding In Places),2m 3f 180y,Da Capo Glory (IRE),Mr D. Allen,7,Padraig Butler,2nd,4 1/4 l,6,11-12,-,True,51,23
N/A,N/A,16:45,Yielding (Good To Yielding In Places),2m 3f 180y,Grangeclare West (IRE),P. Townend,0,W. P. Mullins,1st,N/A,7,11-12,-,True,51,23
N/A,N/A,16:45,Yielding (Good To Yielding In Places),2m 3f 180y,Perfect Attitude,Jordan Colin Gainford,0,Gordon Elliott,UR,N/A,7,11-12,-,True,51,23
N/A,N/A,16:45,Yielding (Good To Yielding In Places),2m 3f 180y,Port Stanley (IRE),S. F. O'Keeffe,0,Mrs J. Harrington,PU,N/A,9,11-12,-,True,51,23
N/A,N/A,16:45,Yielding (Good To Yielding In Places),2m 3f 180y,Riggs (IRE),B. W. Harvey,5,Peter Cluskey,7th,7 l,8,11-12,-,True,51,23
N/A,N/A,16:45,Yielding (Good To Yielding In Places),2m 3f 180y,Un Des Flos (FR),Sean Flanagan,0,Harry Rogers,6th,13 l,5,11-12ht1,-,True,51,23
N/A,N/A,16:45,Yielding (Good To Yielding In Places),2m 3f 180y,Eye Van (IRE),Niall Moore,7,R. P. Cody,5th,26 l,9,11-12,-,True,51,23
N/A,N/A,16:45,Yielding (Good To Yielding In Places),2m 3f 180y,Tag Man (IRE),Rachael Blackmore,0,Henry de Bromhead,4th,Head,7,11-6,-,True,51,23
N/A,N/A,16:45,Yielding (Good To Yielding In Places),2m 3f 180y,Imagine (FR),D. J. Gilligan,7,Gordon Elliott,3rd,5 l,5,11-12,-,True,51,23
N/A,N/A,16:45,Yielding (Good To Yielding In Places),2m 3f 180y,Da Capo Glory (IRE),Mr D. Allen,7,Padraig Butler,2nd,4 1/4 l,6,11-12,-,True,51,23
N/A,N/A,16:45,Yielding (Good To Yielding In Places),2m 3f 180y,Grangeclare West (IRE),P. Townend,0,W. P. Mullins,1st,N/A,7,11-12,-,True,51,23
N/A,N/A,17:20,Yielding (Good To Yielding In Places),2m 7f 180y,Salvador Ziggy (IRE),M. P. Walsh,0,Gordon Elliott,PU,N/A,7,11-10,-,True,51,24
N/A,N/A,17:20,Yielding (Good To Yielding In Places),2m 7f 180y,Whatcouldhavebeen (IRE),Sean Flanagan,0,Jarlath P. Fahey,8th,3/4 l,5,11-3,-,True,51,24
N/A,N/A,17:20,Yielding (Good To Yielding In Places),2m 7f 180y,Harry Des Ongrais (FR),Rachael Blackmore,0,Henry de Bromhead,7th,Short Head,6,11-10,-,True,51,24
N/A,N/A,17:20,Yielding (Good To Yielding In Places),2m 7f 180y,Embassy Gardens,D. E. Mullins,0,W. P. Mullins,6th,4 l,7,11-10,-,True,51,24
N/A,N/A,17:20,Yielding (Good To Yielding In Places),2m 7f 180y,Kalanisi Star,Phillip Enright,0,Oliver McKiernan,5th,3 3/4 l,6,11-10t1,-,True,51,24
N/A,N/A,17:20,Yielding (Good To Yielding In Places),2m 7f 180y,Favori De Champdou (FR),D. J. O'Keeffe,0,Gordon Elliott,4th,Short Head,8,11-10,-,True,51,24
N/A,N/A,17:20,Yielding (Good To Yielding In Places),2m 7f 180y,Franciscan Rock (IRE),R. A. Doyle,0,M. F. Morris,3rd,6 l,6,11-10p1,-,True,51,24
N/A,N/A,17:20,Yielding (Good To Yielding In Places),2m 7f 180y,Affordale Fury (IRE),Danny McMenamin,0,Noel Meade,2nd,10 l,5,11-10,-,True,51,24
N/A,N/A,17:20,Yielding (Good To Yielding In Places),2m 7f 180y,Gaelic Warrior (GER),P. Townend,0,W. P. Mullins,1st,N/A,5,11-10,-,True,51,24
N/A,N/A,17:20,Yielding (Good To Yielding In Places),2m 7f 180y,Salvador Ziggy (IRE),M. P. Walsh,0,Gordon Elliott,PU,N/A,7,11-10,-,True,51,24
N/A,N/A,17:20,Yielding (Good To Yielding In Places),2m 7f 180y,Whatcouldhavebeen (IRE),Sean Flanagan,0,Jarlath P. Fahey,8th,3/4 l,5,11-3,-,True,51,24
N/A,N/A,17:20,Yielding (Good To Yielding In Places),2m 7f 180y,Harry Des Ongrais (FR),Rachael Blackmore,0,Henry de Bromhead,7th,Short Head,6,11-10,-,True,51,24
N/A,N/A,17:20,Yielding (Good To Yielding In Places),2m 7f 180y,Embassy Gardens,D. E. Mullins,0,W. P. Mullins,6th,4 l,7,11-10,-,True,51,24
N/A,N/A,17:20,Yielding (Good To Yielding In Places),2m 7f 180y,Kalanisi Star,Phillip Enright,0,Oliver McKiernan,5th,3 3/4 l,6,11-10t1,-,True,51,24
N/A,N/A,17:20,Yielding (Good To Yielding In Places),2m 7f 180y,Favori De Champdou (FR),D. J. O'Keeffe,0,Gordon Elliott,4th,Short Head,8,11-10,-,True,51,24
N/A,N/A,17:20,Yielding (Good To Yielding In Places),2m 7f 180y,Franciscan Rock (IRE),R. A. Doyle,0,M. F. Morris,3rd,6 l,6,11-10p1,-,True,51,24
N/A,N/A,17:20,Yielding (Good To Yielding In Places),2m 7f 180y,Affordale Fury (IRE),Danny McMenamin,0,Noel Meade,2nd,10 l,5,11-10,-,True,51,24
N/A,N/A,17:20,Yielding (Good To Yielding In Places),2m 7f 180y,Gaelic Warrior (GER),P. Townend,0,W. P. Mullins,1st,N/A,5,11-10,-,True,51,24
N/A,N/A,17:55,Yielding (Good To Yielding In Places),3m 30y,Fury Road (IRE),M. P. Walsh,0,Gordon Elliott,5th,29 l,9,11-10tp,-,True,51,25
N/A,N/A,17:55,Yielding (Good To Yielding In Places),3m 30y,Envoi Allen (FR),Rachael Blackmore,0,Henry de Bromhead,4th,14 l,9,11-10t,-,True,51,25
N/A,N/A,17:55,Yielding (Good To Yielding In Places),3m 30y,Bravemansgame (FR),Harry Cobden,0,Paul Nicholls,3rd,Nose,8,11-10,-,True,51,25
N/A,N/A,17:55,Yielding (Good To Yielding In Places),3m 30y,Galopin Des Champs (FR),P. Townend,0,W. P. Mullins,2nd,2 1/4 l,7,11-10,-,True,51,25
N/A,N/A,17:55,Yielding (Good To Yielding In Places),3m 30y,Fastorslow (FR),J. J. Slevin,0,Martin Brassil,1st,N/A,7,11-10t,-,True,51,25
N/A,N/A,17:55,Yielding (Good To Yielding In Places),3m 30y,Fury Road (IRE),M. P. Walsh,0,Gordon Elliott,5th,29 l,9,11-10tp,-,True,51,25
N/A,N/A,17:55,Yielding (Good To Yielding In Places),3m 30y,Envoi Allen (FR),Rachael Blackmore,0,Henry de Bromhead,4th,14 l,9,11-10t,-,True,51,25
N/A,N/A,17:55,Yielding (Good To Yielding In Places),3m 30y,Bravemansgame (FR),Harry Cobden,0,Paul Nicholls,3rd,Nose,8,11-10,-,True,51,25
N/A,N/A,17:55,Yielding (Good To Yielding In Places),3m 30y,Galopin Des Champs (FR),P. Townend,0,W. P. Mullins,2nd,2 1/4 l,7,11-10,-,True,51,25
N/A,N/A,17:55,Yielding (Good To Yielding In Places),3m 30y,Fastorslow (FR),J. J. Slevin,0,Martin Brassil,1st,N/A,7,11-10t,-,True,51,25
N/A,N/A,18:30,Yielding (Good To Yielding In Places),2m 70y,Western Diego (IRE),Mr D. O'Connor,0,W. P. Mullins,8th,99 l,6,12-0h,-,True,51,26
N/A,N/A,18:30,Yielding (Good To Yielding In Places),2m 70y,No Time To Wait (IRE),Mr J. J. Codd,0,Gordon Elliott,7th,1/2 l,5,12-0,-,True,51,26
N/A,N/A,18:30,Yielding (Good To Yielding In Places),2m 70y,Rath Gaul Boy (IRE),Mr Pat Taaffe,0,W. P. Mullins,6th,9 1/2 l,6,12-0,-,True,51,26
N/A,N/A,18:30,Yielding (Good To Yielding In Places),2m 70y,It's For Me (FR),Miss J. Townend,0,W. P. Mullins,5th,1 3/4 l,5,12-0,-,True,51,26
N/A,N/A,18:30,Yielding (Good To Yielding In Places),2m 70y,A Piece Of Heaven (FR),Mr J. W. Hendrick,0,Barry Fitzgerald,4th,6 l,5,12-0,-,True,51,26
N/A,N/A,18:30,Yielding (Good To Yielding In Places),2m 70y,King Of Kingsfield (IRE),Mr H. C. Swan,0,Gordon Elliott,3rd,7 1/2 l,5,12-0,-,True,51,26
N/A,N/A,18:30,Yielding (Good To Yielding In Places),2m 70y,Tullyhill (FR),Mr P. W. Mullins,0,W. P. Mullins,2nd,3 3/4 l,5,12-0t,-,True,51,26
N/A,N/A,18:30,Yielding (Good To Yielding In Places),2m 70y,A Dream To Share (IRE),Mr J. L. Gleeson,0,John E. Kiely,1st,N/A,5,12-0,-,True,51,26
N/A,N/A,18:30,Yielding (Good To Yielding In Places),2m 70y,Western Diego (IRE),Mr D. O'Connor,0,W. P. Mullins,8th,99 l,6,12-0h,-,True,51,26
N/A,N/A,18:30,Yielding (Good To Yielding In Places),2m 70y,No Time To Wait (IRE),Mr J. J. Codd,0,Gordon Elliott,7th,1/2 l,5,12-0,-,True,51,26
N/A,N/A,18:30,Yielding (Good To Yielding In Places),2m 70y,Rath Gaul Boy (IRE),Mr Pat Taaffe,0,W. P. Mullins,6th,9 1/2 l,6,12-0,-,True,51,26
N/A,N/A,18:30,Yielding (Good To Yielding In Places),2m 70y,It's For Me (FR),Miss J. Townend,0,W. P. Mullins,5th,1 3/4 l,5,12-0,-,True,51,26
N/A,N/A,18:30,Yielding (Good To Yielding In Places),2m 70y,A Piece Of Heaven (FR),Mr J. W. Hendrick,0,Barry Fitzgerald,4th,6 l,5,12-0,-,True,51,26
N/A,N/A,18:30,Yielding (Good To Yielding In Places),2m 70y,King Of Kingsfield (IRE),Mr H. C. Swan,0,Gordon Elliott,3rd,7 1/2 l,5,12-0,-,True,51,26
N/A,N/A,18:30,Yielding (Good To Yielding In Places),2m 70y,Tullyhill (FR),Mr P. W. Mullins,0,W. P. Mullins,2nd,3 3/4 l,5,12-0t,-,True,51,26
N/A,N/A,18:30,Yielding (Good To Yielding In Places),2m 70y,A Dream To Share (IRE),Mr J. L. Gleeson,0,John E. Kiely,1st,N/A,5,12-0,-,True,51,26
N/A,N/A,19:05,Yielding (Good To Yielding In Places),2m 5f 50y,Andy Dufresne (IRE),D. J. Gilligan,7,Gordon Elliott,UR,N/A,9,11-7t,150,True,51,27
N/A,N/A,19:05,Yielding (Good To Yielding In Places),2m 5f 50y,Ha D'Or (FR),P. Townend,0,W. P. Mullins,F,N/A,6,10-11h,140,True,51,27
N/A,N/A,19:05,Yielding (Good To Yielding In Places),2m 5f 50y,The Little Yank (IRE),D. J. O'Keeffe,0,John Patrick Ryan,F,N/A,8,10-0,129,True,51,27
N/A,N/A,19:05,Yielding (Good To Yielding In Places),2m 5f 50y,Lieutenant Command (FR),L. A. McKenna,5,Noel Meade,6th,1/2 l,9,10-12p,141,True,51,27
N/A,N/A,19:05,Yielding (Good To Yielding In Places),2m 5f 50y,Egality Mans (FR),S. F. O'Keeffe,0,W. P. Mullins,5th,2 l,9,10-1,130,True,51,27
N/A,N/A,19:05,Yielding (Good To Yielding In Places),2m 5f 50y,Ilikedwayurthinkin (IRE),M. P. Walsh,0,Gavin Patrick Cromwell,4th,3/4 l,9,10-6b,135,True,51,27
N/A,N/A,19:05,Yielding (Good To Yielding In Places),2m 5f 50y,Gallant John Joe (IRE),Phillip Enright,0,Oliver McKiernan,3rd,1 3/4 l,10,10-7tb,136,True,51,27
N/A,N/A,19:05,Yielding (Good To Yielding In Places),2m 5f 50y,Royal Rendezvous (IRE),D. E. Mullins,0,W. P. Mullins,2nd,8 1/2 l,11,11-12h,155,True,51,27
N/A,N/A,19:05,Yielding (Good To Yielding In Places),2m 5f 50y,Hereditary Rule (IRE),Shane O'Callaghan,7,John McConnell,1st,N/A,8,10-0t,129,True,51,27
N/A,N/A,19:05,Yielding (Good To Yielding In Places),2m 5f 50y,Andy Dufresne (IRE),D. J. Gilligan,7,Gordon Elliott,UR,N/A,9,11-7t,150,True,51,27
N/A,N/A,19:05,Yielding (Good To Yielding In Places),2m 5f 50y,Ha D'Or (FR),P. Townend,0,W. P. Mullins,F,N/A,6,10-11h,140,True,51,27
N/A,N/A,19:05,Yielding (Good To Yielding In Places),2m 5f 50y,The Little Yank (IRE),D. J. O'Keeffe,0,John Patrick Ryan,F,N/A,8,10-0,129,True,51,27
N/A,N/A,19:05,Yielding (Good To Yielding In Places),2m 5f 50y,Lieutenant Command (FR),L. A. McKenna,5,Noel Meade,6th,1/2 l,9,10-12p,141,True,51,27
N/A,N/A,19:05,Yielding (Good To Yielding In Places),2m 5f 50y,Egality Mans (FR),S. F. O'Keeffe,0,W. P. Mullins,5th,2 l,9,10-1,130,True,51,27
N/A,N/A,19:05,Yielding (Good To Yielding In Places),2m 5f 50y,Ilikedwayurthinkin (IRE),M. P. Walsh,0,Gavin Patrick Cromwell,4th,3/4 l,9,10-6b,135,True,51,27
N/A,N/A,19:05,Yielding (Good To Yielding In Places),2m 5f 50y,Gallant John Joe (IRE),Phillip Enright,0,Oliver McKiernan,3rd,1 3/4 l,10,10-7tb,136,True,51,27
N/A,N/A,19:05,Yielding (Good To Yielding In Places),2m 5f 50y,Royal Rendezvous (IRE),D. E. Mullins,0,W. P. Mullins,2nd,8 1/2 l,11,11-12h,155,True,51,27
N/A,N/A,19:05,Yielding (Good To Yielding In Places),2m 5f 50y,Hereditary Rule (IRE),Shane O'Callaghan,7,John McConnell,1st,N/A,8,10-0t,129,True,51,27
N/A,N/A,19:45,Yielding (Good To Yielding In Places),2m 70y,Miss Gherkin (IRE),Mr B. Lawless,0,Peter Croke,13th,12 l,4,11-3,-,True,51,28
N/A,N/A,19:45,Yielding (Good To Yielding In Places),2m 70y,Fancy Girl (IRE),Mr Charlie Mullins,0,W. P. Mullins,12th,9 1/2 l,5,11-11,-,True,51,28
N/A,N/A,19:45,Yielding (Good To Yielding In Places),2m 70y,Miss Agusta (IRE),Mr H. C. Swan,0,Gordon Elliott,11th,5 1/2 l,5,11-11,-,True,51,28
N/A,N/A,19:45,Yielding (Good To Yielding In Places),2m 70y,Florance (IRE),Miss A. B. O'Connor,0,Anthony McCann,10th,2 l,5,11-11,-,True,51,28
N/A,N/A,19:45,Yielding (Good To Yielding In Places),2m 70y,Mi Lucky Cailin (IRE),Mr D. O'Connor,0,William J. McLernon,9th,3/4 l,5,11-11,-,True,51,28
N/A,N/A,19:45,Yielding (Good To Yielding In Places),2m 70y,Bold Reflection (IRE),Mr J. J. Codd,0,John McConnell,8th,1 1/2 l,5,11-11,-,True,51,28
N/A,N/A,19:45,Yielding (Good To Yielding In Places),2m 70y,Phils Choice (IRE),Miss P. Elvin,0,P. J. Rothwell,7th,1 1/4 l,5,11-11,-,True,51,28
N/A,N/A,19:45,Yielding (Good To Yielding In Places),2m 70y,Arctic Fly (IRE),Mr Elliot Ohgren,0,W. P. Mullins,6th,2 3/4 l,5,11-11,-,True,51,28
N/A,N/A,19:45,Yielding (Good To Yielding In Places),2m 70y,Brucio,Mr B. G. Crawford,0,Stuart Crawford,5th,4 l,5,11-11ht1,-,True,51,28
N/A,N/A,19:45,Yielding (Good To Yielding In Places),2m 70y,Fun Fun Fun (IRE),Mr P. W. Mullins,0,W. P. Mullins,4th,Neck,5,11-11,-,True,51,28
N/A,N/A,19:45,Yielding (Good To Yielding In Places),2m 70y,Cuta Des As (FR),Mr Pat Taaffe,0,W. P. Mullins,3rd,7 1/2 l,6,11-11,-,True,51,28
N/A,N/A,19:45,Yielding (Good To Yielding In Places),2m 70y,Rhaenyra (IRE),Mr B. O'Neill,0,Colm A. Murphy,2nd,2 l,5,11-11h,-,True,51,28
N/A,N/A,19:45,Yielding (Good To Yielding In Places),2m 70y,Junta Marvel (FR),Miss J. Townend,0,W. P. Mullins,1st,N/A,5,11-11,-,True,51,28
N/A,N/A,19:45,Yielding (Good To Yielding In Places),2m 70y,Miss Gherkin (IRE),Mr B. Lawless,0,Peter Croke,13th,12 l,4,11-3,-,True,51,28
N/A,N/A,19:45,Yielding (Good To Yielding In Places),2m 70y,Fancy Girl (IRE),Mr Charlie Mullins,0,W. P. Mullins,12th,9 1/2 l,5,11-11,-,True,51,28
N/A,N/A,19:45,Yielding (Good To Yielding In Places),2m 70y,Miss Agusta (IRE),Mr H. C. Swan,0,Gordon Elliott,11th,5 1/2 l,5,11-11,-,True,51,28
N/A,N/A,19:45,Yielding (Good To Yielding In Places),2m 70y,Florance (IRE),Miss A. B. O'Connor,0,Anthony McCann,10th,2 l,5,11-11,-,True,51,28
N/A,N/A,19:45,Yielding (Good To Yielding In Places),2m 70y,Mi Lucky Cailin (IRE),Mr D. O'Connor,0,William J. McLernon,9th,3/4 l,5,11-11,-,True,51,28
N/A,N/A,19:45,Yielding (Good To Yielding In Places),2m 70y,Bold Reflection (IRE),Mr J. J. Codd,0,John McConnell,8th,1 1/2 l,5,11-11,-,True,51,28
N/A,N/A,19:45,Yielding (Good To Yielding In Places),2m 70y,Phils Choice (IRE),Miss P. Elvin,0,P. J. Rothwell,7th,1 1/4 l,5,11-11,-,True,51,28
N/A,N/A,19:45,Yielding (Good To Yielding In Places),2m 70y,Arctic Fly (IRE),Mr Elliot Ohgren,0,W. P. Mullins,6th,2 3/4 l,5,11-11,-,True,51,28
N/A,N/A,19:45,Yielding (Good To Yielding In Places),2m 70y,Brucio,Mr B. G. Crawford,0,Stuart Crawford,5th,4 l,5,11-11ht1,-,True,51,28
N/A,N/A,19:45,Yielding (Good To Yielding In Places),2m 70y,Fun Fun Fun (IRE),Mr P. W. Mullins,0,W. P. Mullins,4th,Neck,5,11-11,-,True,51,28
N/A,N/A,19:45,Yielding (Good To Yielding In Places),2m 70y,Cuta Des As (FR),Mr Pat Taaffe,0,W. P. Mullins,3rd,7 1/2 l,6,11-11,-,True,51,28
N/A,N/A,19:45,Yielding (Good To Yielding In Places),2m 70y,Rhaenyra (IRE),Mr B. O'Neill,0,Colm A. Murphy,2nd,2 l,5,11-11h,-,True,51,28
N/A,N/A,19:45,Yielding (Good To Yielding In Places),2m 70y,Junta Marvel (FR),Miss J. Townend,0,W. P. Mullins,1st,N/A,5,11-11,-,True,51,28
N/A,N/A,15:40,Good To Yielding,2m 40y,Gentleman Joe,Rachael Blackmore,0,Henry de Bromhead,UR,N/A,5,11-7t,116,True,51,29
N/A,N/A,15:40,Good To Yielding,2m 40y,Gordons Aura (IRE),Sean Flanagan,0,Gordon Elliott,UR,N/A,4,11-1,118,True,51,29
N/A,N/A,15:40,Good To Yielding,2m 40y,Wild Shot,B. W. Harvey,5,John McConnell,UR,N/A,9,11-11t,120,True,51,29
N/A,N/A,15:40,Good To Yielding,2m 40y,Francois (FR),Mr B. Dunleavy,7,Mary E Doyle,C,N/A,8,11-11tp,120,True,51,29
N/A,N/A,15:40,Good To Yielding,2m 40y,Listentillitellyea (IRE),D. J. O'Keeffe,0,T. Gibney,C,N/A,7,11-3,112,True,51,29
N/A,N/A,15:40,Good To Yielding,2m 40y,Figaroc (FR),B. Hayes,0,W. P. Mullins,C,N/A,8,11-13,122,True,51,29
N/A,N/A,15:40,Good To Yielding,2m 40y,It'sallabouteve (IRE),A. M. McCurtin,0,Brendan Maurice Walsh,19th,9 1/2 l,7,11-1,110,True,51,29
N/A,N/A,15:40,Good To Yielding,2m 40y,Vischio (IRE),Richard Deegan,0,R. Donohoe,18th,7 l,6,11-3,112,True,51,29
N/A,N/A,15:40,Good To Yielding,2m 40y,Charcor (IRE),J. J. Slevin,0,Martin Brassil,17th,3/4 l,9,11-1t,110,True,51,29
N/A,N/A,15:40,Good To Yielding,2m 40y,Fascinating Shadow (IRE),J. S. McGarvey,0,John Joseph Hanlon,16th,2 1/4 l,5,11-7,116,True,51,29
N/A,N/A,15:40,Good To Yielding,2m 40y,Garrybello (FR),P. Byrnes,5,Thomas Cooper,15th,3 1/4 l,5,12-0ht,123,True,51,29
N/A,N/A,15:40,Good To Yielding,2m 40y,Clever Currency (IRE),D. E. Mullins,0,Paul W. Flynn,14th,Neck,6,11-5t,114,True,51,29
N/A,N/A,15:40,Good To Yielding,2m 40y,Walnut Beach (IRE),G. B. Noonan,5,Patrick J. Flynn,13th,4 1/2 l,6,11-13,122,True,51,29
N/A,N/A,15:40,Good To Yielding,2m 40y,Clonshire River (IRE),R. A. Doyle,0,Eddie & Patrick Harty,12th,1 l,6,11-7t1,116,True,51,29
N/A,N/A,15:40,Good To Yielding,2m 40y,Snapius (IRE),Gavin Peter Brouder,5,James A. Nash,11th,3/4 l,4,10-9,112,True,51,29
N/A,N/A,15:40,Good To Yielding,2m 40y,The Dasher Conway (IRE),Keith Donoghue,0,Mrs Gillian Callaghan,10th,Neck,8,11-6,115,True,51,29
N/A,N/A,15:40,Good To Yielding,2m 40y,Clarens (IRE),D. King,5,J. P. Flavin,9th,1/2 l,6,11-8,117,True,51,29
N/A,N/A,15:40,Good To Yielding,2m 40y,Aslukwoodhavit,M. P. O'Connor,5,Henry de Bromhead,8th,3 l,7,12-0,123,True,51,29
N/A,N/A,15:40,Good To Yielding,2m 40y,Too Bright (IRE),Denis O'Regan,0,Noel Meade,7th,2 3/4 l,5,11-4,113,True,51,29
N/A,N/A,15:40,Good To Yielding,2m 40y,Ifiwerearichman (IRE),Mr R. James,7,Paul Nolan,6th,1 1/4 l,5,11-12h,121,True,51,29
N/A,N/A,15:40,Good To Yielding,2m 40y,Itwasfate,C. Brassil,5,Henry de Bromhead,5th,1 1/4 l,6,11-3,112,True,51,29
N/A,N/A,15:40,Good To Yielding,2m 40y,Brookie (IRE),L. A. McKenna,5,A. J. Martin,4th,3 3/4 l,6,11-5t,114,True,51,29
N/A,N/A,15:40,Good To Yielding,2m 40y,Feu Du Bresil (FR),Jack Foley,0,W. P. Mullins,3rd,1 1/4 l,8,11-11,120,True,51,29
N/A,N/A,15:40,Good To Yielding,2m 40y,By Your Side,D. J. Gilligan,7,Gordon Elliott,2nd,Nose,4,10-11,114,True,51,29
N/A,N/A,15:40,Good To Yielding,2m 40y,Broomfield Bijou (IRE),L. P. Dempsey,0,J. P. Dempsey,1st,N/A,5,11-9,118,True,51,29
N/A,N/A,15:40,Good To Yielding,2m 40y,Gentleman Joe,Rachael Blackmore,0,Henry de Bromhead,UR,N/A,5,11-7t,116,True,51,29
N/A,N/A,15:40,Good To Yielding,2m 40y,Gordons Aura (IRE),Sean Flanagan,0,Gordon Elliott,UR,N/A,4,11-1,118,True,51,29
N/A,N/A,15:40,Good To Yielding,2m 40y,Wild Shot,B. W. Harvey,5,John McConnell,UR,N/A,9,11-11t,120,True,51,29
N/A,N/A,15:40,Good To Yielding,2m 40y,Francois (FR),Mr B. Dunleavy,7,Mary E Doyle,C,N/A,8,11-11tp,120,True,51,29
N/A,N/A,15:40,Good To Yielding,2m 40y,Listentillitellyea (IRE),D. J. O'Keeffe,0,T. Gibney,C,N/A,7,11-3,112,True,51,29
N/A,N/A,15:40,Good To Yielding,2m 40y,Figaroc (FR),B. Hayes,0,W. P. Mullins,C,N/A,8,11-13,122,True,51,29
N/A,N/A,15:40,Good To Yielding,2m 40y,It'sallabouteve (IRE),A. M. McCurtin,0,Brendan Maurice Walsh,19th,9 1/2 l,7,11-1,110,True,51,29
N/A,N/A,15:40,Good To Yielding,2m 40y,Vischio (IRE),Richard Deegan,0,R. Donohoe,18th,7 l,6,11-3,112,True,51,29
N/A,N/A,15:40,Good To Yielding,2m 40y,Charcor (IRE),J. J. Slevin,0,Martin Brassil,17th,3/4 l,9,11-1t,110,True,51,29
N/A,N/A,15:40,Good To Yielding,2m 40y,Fascinating Shadow (IRE),J. S. McGarvey,0,John Joseph Hanlon,16th,2 1/4 l,5,11-7,116,True,51,29
N/A,N/A,15:40,Good To Yielding,2m 40y,Garrybello (FR),P. Byrnes,5,Thomas Cooper,15th,3 1/4 l,5,12-0ht,123,True,51,29
N/A,N/A,15:40,Good To Yielding,2m 40y,Clever Currency (IRE),D. E. Mullins,0,Paul W. Flynn,14th,Neck,6,11-5t,114,True,51,29
N/A,N/A,15:40,Good To Yielding,2m 40y,Walnut Beach (IRE),G. B. Noonan,5,Patrick J. Flynn,13th,4 1/2 l,6,11-13,122,True,51,29
N/A,N/A,15:40,Good To Yielding,2m 40y,Clonshire River (IRE),R. A. Doyle,0,Eddie & Patrick Harty,12th,1 l,6,11-7t1,116,True,51,29
N/A,N/A,15:40,Good To Yielding,2m 40y,Snapius (IRE),Gavin Peter Brouder,5,James A. Nash,11th,3/4 l,4,10-9,112,True,51,29
N/A,N/A,15:40,Good To Yielding,2m 40y,The Dasher Conway (IRE),Keith Donoghue,0,Mrs Gillian Callaghan,10th,Neck,8,11-6,115,True,51,29
N/A,N/A,15:40,Good To Yielding,2m 40y,Clarens (IRE),D. King,5,J. P. Flavin,9th,1/2 l,6,11-8,117,True,51,29
N/A,N/A,15:40,Good To Yielding,2m 40y,Aslukwoodhavit,M. P. O'Connor,5,Henry de Bromhead,8th,3 l,7,12-0,123,True,51,29
N/A,N/A,15:40,Good To Yielding,2m 40y,Too Bright (IRE),Denis O'Regan,0,Noel Meade,7th,2 3/4 l,5,11-4,113,True,51,29
N/A,N/A,15:40,Good To Yielding,2m 40y,Ifiwerearichman (IRE),Mr R. James,7,Paul Nolan,6th,1 1/4 l,5,11-12h,121,True,51,29
N/A,N/A,15:40,Good To Yielding,2m 40y,Itwasfate,C. Brassil,5,Henry de Bromhead,5th,1 1/4 l,6,11-3,112,True,51,29
N/A,N/A,15:40,Good To Yielding,2m 40y,Brookie (IRE),L. A. McKenna,5,A. J. Martin,4th,3 3/4 l,6,11-5t,114,True,51,29
N/A,N/A,15:40,Good To Yielding,2m 40y,Feu Du Bresil (FR),Jack Foley,0,W. P. Mullins,3rd,1 1/4 l,8,11-11,120,True,51,29
N/A,N/A,15:40,Good To Yielding,2m 40y,By Your Side,D. J. Gilligan,7,Gordon Elliott,2nd,Nose,4,10-11,114,True,51,29
N/A,N/A,15:40,Good To Yielding,2m 40y,Broomfield Bijou (IRE),L. P. Dempsey,0,J. P. Dempsey,1st,N/A,5,11-9,118,True,51,29
N/A,N/A,16:15,Good To Yielding,2m,Sil Ver Klass (FR),Peter Carberry,0,A. J. Martin,UR,N/A,9,10-1t,125,True,51,30
N/A,N/A,16:15,Good To Yielding,2m,Fighting Fit,L. P. Dempsey,0,J. P. Dempsey,PU,N/A,8,10-1tp1,125,True,51,30
N/A,N/A,16:15,Good To Yielding,2m,Coeur Sublime (IRE),B. W. Harvey,5,Henry de Bromhead,PU,N/A,8,11-12t,150,True,51,30
N/A,N/A,16:15,Good To Yielding,2m,Brandy Harbour,D. Moloney,7,Mrs Grainne O'Connor,F,N/A,9,10-5h,129,True,51,30
N/A,N/A,16:15,Good To Yielding,2m,The Greek (IRE),Corey McGivern,7,Gordon Elliott,10th,4 1/4 l,7,10-5tb,129,True,51,30
N/A,N/A,16:15,Good To Yielding,2m,Call Me Lyreen (IRE),Donagh Meyler,0,Gordon Elliott,9th,2 l,7,11-2p,140,True,51,30
N/A,N/A,16:15,Good To Yielding,2m,Bold Emperor (IRE),D. J. O'Keeffe,0,T. Gibney,8th,1 1/2 l,10,10-0,124,True,51,30
N/A,N/A,16:15,Good To Yielding,2m,Grange Walk (IRE),Liam Quinlan,5,John Patrick Ryan,7th,14 l,8,11-6b,144,True,51,30
N/A,N/A,16:15,Good To Yielding,2m,Whiskeywealth (IRE),M. P. O'Connor,5,Terence O'Brien,6th,1 1/2 l,7,10-3,127,True,51,30
N/A,N/A,16:15,Good To Yielding,2m,Espion Du Chenet (FR),Phillip Enright,0,Louise G. Lyons,5th,1 1/4 l,9,10-3tp,127,True,51,30
N/A,N/A,16:15,Good To Yielding,2m,Hollow Games (IRE),D. J. Gilligan,7,Gordon Elliott,4th,4 1/2 l,7,11-4t,142,True,51,30
N/A,N/A,16:15,Good To Yielding,2m,The Folkes Tiara (IRE),Rachael Blackmore,0,Henry de Bromhead,3rd,4 l,7,10-0t,124,True,51,30
N/A,N/A,16:15,Good To Yielding,2m,Douglas Talking (IRE),Stephen Mulqueen,0,Lucinda Russell,2nd,2 3/4 l,7,10-11t,135,True,51,30
N/A,N/A,16:15,Good To Yielding,2m,Dinoblue (FR),M. P. Walsh,0,W. P. Mullins,1st,N/A,6,11-9,147,True,51,30
N/A,N/A,16:15,Good To Yielding,2m,Sil Ver Klass (FR),Peter Carberry,0,A. J. Martin,UR,N/A,9,10-1t,125,True,51,30
N/A,N/A,16:15,Good To Yielding,2m,Fighting Fit,L. P. Dempsey,0,J. P. Dempsey,PU,N/A,8,10-1tp1,125,True,51,30
N/A,N/A,16:15,Good To Yielding,2m,Coeur Sublime (IRE),B. W. Harvey,5,Henry de Bromhead,PU,N/A,8,11-12t,150,True,51,30
N/A,N/A,16:15,Good To Yielding,2m,Brandy Harbour,D. Moloney,7,Mrs Grainne O'Connor,F,N/A,9,10-5h,129,True,51,30
N/A,N/A,16:15,Good To Yielding,2m,The Greek (IRE),Corey McGivern,7,Gordon Elliott,10th,4 1/4 l,7,10-5tb,129,True,51,30
N/A,N/A,16:15,Good To Yielding,2m,Call Me Lyreen (IRE),Donagh Meyler,0,Gordon Elliott,9th,2 l,7,11-2p,140,True,51,30
N/A,N/A,16:15,Good To Yielding,2m,Bold Emperor (IRE),D. J. O'Keeffe,0,T. Gibney,8th,1 1/2 l,10,10-0,124,True,51,30
N/A,N/A,16:15,Good To Yielding,2m,Grange Walk (IRE),Liam Quinlan,5,John Patrick Ryan,7th,14 l,8,11-6b,144,True,51,30
N/A,N/A,16:15,Good To Yielding,2m,Whiskeywealth (IRE),M. P. O'Connor,5,Terence O'Brien,6th,1 1/2 l,7,10-3,127,True,51,30
N/A,N/A,16:15,Good To Yielding,2m,Espion Du Chenet (FR),Phillip Enright,0,Louise G. Lyons,5th,1 1/4 l,9,10-3tp,127,True,51,30
N/A,N/A,16:15,Good To Yielding,2m,Hollow Games (IRE),D. J. Gilligan,7,Gordon Elliott,4th,4 1/2 l,7,11-4t,142,True,51,30
N/A,N/A,16:15,Good To Yielding,2m,The Folkes Tiara (IRE),Rachael Blackmore,0,Henry de Bromhead,3rd,4 l,7,10-0t,124,True,51,30
N/A,N/A,16:15,Good To Yielding,2m,Douglas Talking (IRE),Stephen Mulqueen,0,Lucinda Russell,2nd,2 3/4 l,7,10-11t,135,True,51,30
N/A,N/A,16:15,Good To Yielding,2m,Dinoblue (FR),M. P. Walsh,0,W. P. Mullins,1st,N/A,6,11-9,147,True,51,30
N/A,N/A,16:50,Good (Good To Yielding In Places),4m 2f,Mortal (IRE),J. S. McGarvey,0,Gordon Elliott,PU,N/A,11,11-7tp,-,True,51,31
N/A,N/A,16:50,Good (Good To Yielding In Places),4m 2f,The Red Menace (IRE),Mr A. Murphy,7,Ciaran Murphy,F,N/A,9,11-7,-,True,51,31
N/A,N/A,16:50,Good (Good To Yielding In Places),4m 2f,An Droichead Eile (IRE),J. J. Slevin,0,Peter Maher,10th,4 1/4 l,9,11-7p,-,True,51,31
N/A,N/A,16:50,Good (Good To Yielding In Places),4m 2f,Space Cadet (IRE),Mr J. C. Barry,3,Gearoid O'Loughlin,9th,20 l,13,11-7p,-,True,51,31
N/A,N/A,16:50,Good (Good To Yielding In Places),4m 2f,Alpha Male (FR),Mr T. Power Roche,7,Peter Maher,8th,4 1/4 l,12,11-12p,-,True,51,31
N/A,N/A,16:50,Good (Good To Yielding In Places),4m 2f,Western Sea (IRE),Mr L. P. Shanahan,7,Ross O'Sullivan,7th,3 1/2 l,10,11-7,-,True,51,31
N/A,N/A,16:50,Good (Good To Yielding In Places),4m 2f,Clonguile Way (IRE),Mr A. Harvey,7,John McConnell,6th,8 l,10,11-12,-,True,51,31
N/A,N/A,16:50,Good (Good To Yielding In Places),4m 2f,Midnight Maestro (USA),Mr D. O'Connor,0,Enda Bolger,5th,9 1/2 l,11,11-12,-,True,51,31
N/A,N/A,16:50,Good (Good To Yielding In Places),4m 2f,Blast Of Koeman (IRE),Phillip Enright,0,Peter Maher,4th,7 1/2 l,12,11-7tp,-,True,51,31
N/A,N/A,16:50,Good (Good To Yielding In Places),4m 2f,Michael's Pick (IRE),E. Walsh,5,Ciaran Murphy,3rd,6 1/2 l,9,11-12tp1,-,True,51,31
N/A,N/A,16:50,Good (Good To Yielding In Places),4m 2f,Stealthy Tom (IRE),Mr H. C. Swan,5,Enda Bolger,2nd,Neck,8,12-3p,-,True,51,31
N/A,N/A,16:50,Good (Good To Yielding In Places),4m 2f,Vital Island (IRE),Mr B. O. Walsh,7,R. P. O'Keeffe,1st,N/A,11,11-12t,-,True,51,31
N/A,N/A,16:50,Good (Good To Yielding In Places),4m 2f,Mortal (IRE),J. S. McGarvey,0,Gordon Elliott,PU,N/A,11,11-7tp,-,True,51,31
N/A,N/A,16:50,Good (Good To Yielding In Places),4m 2f,The Red Menace (IRE),Mr A. Murphy,7,Ciaran Murphy,F,N/A,9,11-7,-,True,51,31
N/A,N/A,16:50,Good (Good To Yielding In Places),4m 2f,An Droichead Eile (IRE),J. J. Slevin,0,Peter Maher,10th,4 1/4 l,9,11-7p,-,True,51,31
N/A,N/A,16:50,Good (Good To Yielding In Places),4m 2f,Space Cadet (IRE),Mr J. C. Barry,3,Gearoid O'Loughlin,9th,20 l,13,11-7p,-,True,51,31
N/A,N/A,16:50,Good (Good To Yielding In Places),4m 2f,Alpha Male (FR),Mr T. Power Roche,7,Peter Maher,8th,4 1/4 l,12,11-12p,-,True,51,31
N/A,N/A,16:50,Good (Good To Yielding In Places),4m 2f,Western Sea (IRE),Mr L. P. Shanahan,7,Ross O'Sullivan,7th,3 1/2 l,10,11-7,-,True,51,31
N/A,N/A,16:50,Good (Good To Yielding In Places),4m 2f,Clonguile Way (IRE),Mr A. Harvey,7,John McConnell,6th,8 l,10,11-12,-,True,51,31
N/A,N/A,16:50,Good (Good To Yielding In Places),4m 2f,Midnight Maestro (USA),Mr D. O'Connor,0,Enda Bolger,5th,9 1/2 l,11,11-12,-,True,51,31
N/A,N/A,16:50,Good (Good To Yielding In Places),4m 2f,Blast Of Koeman (IRE),Phillip Enright,0,Peter Maher,4th,7 1/2 l,12,11-7tp,-,True,51,31
N/A,N/A,16:50,Good (Good To Yielding In Places),4m 2f,Michael's Pick (IRE),E. Walsh,5,Ciaran Murphy,3rd,6 1/2 l,9,11-12tp1,-,True,51,31
N/A,N/A,16:50,Good (Good To Yielding In Places),4m 2f,Stealthy Tom (IRE),Mr H. C. Swan,5,Enda Bolger,2nd,Neck,8,12-3p,-,True,51,31
N/A,N/A,16:50,Good (Good To Yielding In Places),4m 2f,Vital Island (IRE),Mr B. O. Walsh,7,R. P. O'Keeffe,1st,N/A,11,11-12t,-,True,51,31
N/A,N/A,17:25,Good To Yielding,2m 7f 130y,Monkfish (IRE),D. E. Mullins,0,W. P. Mullins,9th,3/4 l,9,11-10,-,True,51,32
N/A,N/A,17:25,Good To Yielding,2m 7f 130y,Whatdeawant (IRE),S. F. O'Keeffe,0,W. P. Mullins,8th,31 l,7,11-10,-,True,51,32
N/A,N/A,17:25,Good To Yielding,2m 7f 130y,Meet And Greet (IRE),Phillip Enright,0,Oliver McKiernan,7th,Short Head,7,11-10,-,True,51,32
N/A,N/A,17:25,Good To Yielding,2m 7f 130y,Summerville Boy (IRE),Rachael Blackmore,0,Henry de Bromhead,6th,6 l,11,11-10,-,True,51,32
N/A,N/A,17:25,Good To Yielding,2m 7f 130y,Ashdale Bob (IRE),Keith Donoghue,0,Mrs J. Harrington,5th,3/4 l,8,11-10,-,True,51,32
N/A,N/A,17:25,Good To Yielding,2m 7f 130y,Teahupoo (FR),D. J. O'Keeffe,0,Gordon Elliott,4th,2 1/4 l,6,11-10,-,True,51,32
N/A,N/A,17:25,Good To Yielding,2m 7f 130y,Sire Du Berlais (FR),M. P. Walsh,0,Gordon Elliott,3rd,Neck,11,11-10tb,-,True,51,32
N/A,N/A,17:25,Good To Yielding,2m 7f 130y,Asterion Forlonge (FR),Mr P. W. Mullins,0,W. P. Mullins,2nd,1/2 l,9,11-10t,-,True,51,32
N/A,N/A,17:25,Good To Yielding,2m 7f 130y,Klassical Dream (FR),P. Townend,0,W. P. Mullins,1st,N/A,9,11-10h,-,True,51,32
N/A,N/A,17:25,Good To Yielding,2m 7f 130y,Monkfish (IRE),D. E. Mullins,0,W. P. Mullins,9th,3/4 l,9,11-10,-,True,51,32
N/A,N/A,17:25,Good To Yielding,2m 7f 130y,Whatdeawant (IRE),S. F. O'Keeffe,0,W. P. Mullins,8th,31 l,7,11-10,-,True,51,32
N/A,N/A,17:25,Good To Yielding,2m 7f 130y,Meet And Greet (IRE),Phillip Enright,0,Oliver McKiernan,7th,Short Head,7,11-10,-,True,51,32
N/A,N/A,17:25,Good To Yielding,2m 7f 130y,Summerville Boy (IRE),Rachael Blackmore,0,Henry de Bromhead,6th,6 l,11,11-10,-,True,51,32
N/A,N/A,17:25,Good To Yielding,2m 7f 130y,Ashdale Bob (IRE),Keith Donoghue,0,Mrs J. Harrington,5th,3/4 l,8,11-10,-,True,51,32
N/A,N/A,17:25,Good To Yielding,2m 7f 130y,Teahupoo (FR),D. J. O'Keeffe,0,Gordon Elliott,4th,2 1/4 l,6,11-10,-,True,51,32
N/A,N/A,17:25,Good To Yielding,2m 7f 130y,Sire Du Berlais (FR),M. P. Walsh,0,Gordon Elliott,3rd,Neck,11,11-10tb,-,True,51,32
N/A,N/A,17:25,Good To Yielding,2m 7f 130y,Asterion Forlonge (FR),Mr P. W. Mullins,0,W. P. Mullins,2nd,1/2 l,9,11-10t,-,True,51,32
N/A,N/A,17:25,Good To Yielding,2m 7f 130y,Klassical Dream (FR),P. Townend,0,W. P. Mullins,1st,N/A,9,11-10h,-,True,51,32
N/A,N/A,18:00,Good To Yielding,2m 7f 130y,Haxo (FR),Jack Foley,0,W. P. Mullins,PU,N/A,6,10-9t1,125,True,51,33
N/A,N/A,18:00,Good To Yielding,2m 7f 130y,Sweet Will (IRE),C. P. McNamara,0,Gavin Patrick Cromwell,PU,N/A,6,10-9,125,True,51,33
N/A,N/A,18:00,Good To Yielding,2m 7f 130y,Master Mcshee,I. J. Power,0,P. Corkery,PU,N/A,9,11-11t,141,True,51,33
N/A,N/A,18:00,Good To Yielding,2m 7f 130y,Walking On Glass (IRE),P. T. Smithers,7,Padraig Roche,PU,N/A,8,10-13p,129,True,51,33
N/A,N/A,18:00,Good To Yielding,2m 7f 130y,Seabank Bistro (IRE),P. Townend,0,W. P. Mullins,PU,N/A,6,11-1,131,True,51,33
N/A,N/A,18:00,Good To Yielding,2m 7f 130y,Max Flamingo (IRE),C. D. Maxwell,0,Francis Casey,20th,36 l,8,10-11p,127,True,51,33
N/A,N/A,18:00,Good To Yielding,2m 7f 130y,Rebel Ivy (IRE),Sean Flanagan,0,J. D. Motherway,19th,1 l,8,11-1,131,True,51,33
N/A,N/A,18:00,Good To Yielding,2m 7f 130y,Lunar Power (IRE),Denis O'Regan,0,Noel Meade,18th,1 1/2 l,5,11-0,130,True,51,33
N/A,N/A,18:00,Good To Yielding,2m 7f 130y,A Great View (IRE),M. P. Walsh,0,Denis W. Cullen,17th,Neck,12,10-5b,121,True,51,33
N/A,N/A,18:00,Good To Yielding,2m 7f 130y,Ballyshannon Rose (IRE),Cian Cullinan,7,P. G. Fahey,16th,1/2 l,10,11-0,130,True,51,33
N/A,N/A,18:00,Good To Yielding,2m 7f 130y,Ailie Rose (IRE),Patrick O'Hanlon,5,Stuart Crawford,15th,Short Head,7,10-10,126,True,51,33
N/A,N/A,18:00,Good To Yielding,2m 7f 130y,Legacy Thor (IRE),J. J. Slevin,0,Stuart Crawford,14th,3/4 l,9,10-3t,119,True,51,33
N/A,N/A,18:00,Good To Yielding,2m 7f 130y,Dartan,Donagh Meyler,0,Matthew J. Smith,13th,4 1/2 l,6,10-7t,123,True,51,33
N/A,N/A,18:00,Good To Yielding,2m 7f 130y,Au Fleuron (FR),D. J. Gilligan,7,Gordon Elliott,12th,4 3/4 l,6,10-12b,128,True,51,33
N/A,N/A,18:00,Good To Yielding,2m 7f 130y,Gatsby Grey (FR),Phillip Enright,0,Oliver McKiernan,11th,Neck,7,11-9t,139,True,51,33
N/A,N/A,18:00,Good To Yielding,2m 7f 130y,Verdant Place (IRE),S. D. Torrens,0,Patrick T. Foley,10th,1 3/4 l,5,10-4,120,True,51,33
N/A,N/A,18:00,Good To Yielding,2m 7f 130y,Walking On Air (IRE),Daryl Jacob,0,Nicky Henderson,9th,1 l,6,11-6,136,True,51,33
N/A,N/A,18:00,Good To Yielding,2m 7f 130y,Parmenion,D. E. Mullins,0,W. P. Mullins,8th,3 1/4 l,5,11-6t,136,True,51,33
N/A,N/A,18:00,Good To Yielding,2m 7f 130y,Toss Again (IRE),D. J. O'Keeffe,0,Henry de Bromhead,7th,4 3/4 l,6,10-9t,125,True,51,33
N/A,N/A,18:00,Good To Yielding,2m 7f 130y,Beacon Edge (IRE),L. A. McKenna,5,Noel Meade,6th,Head,9,11-12,142,True,51,33
N/A,N/A,18:00,Good To Yielding,2m 7f 130y,Lord Snootie (IRE),Jack Tudor,0,Christian Williams,5th,Neck,6,10-4t1,120,True,51,33
N/A,N/A,18:00,Good To Yielding,2m 7f 130y,Grozni (FR),P. Byrnes,5,Charles Byrnes,4th,3 1/4 l,7,10-9,125,True,51,33
N/A,N/A,18:00,Good To Yielding,2m 7f 130y,Sir Argus,B. Hayes,0,W. P. Mullins,3rd,1 1/4 l,6,10-12,128,True,51,33
N/A,N/A,18:00,Good To Yielding,2m 7f 130y,Lets Go Champ (IRE),Rachael Blackmore,0,Henry de Bromhead,2nd,4 1/2 l,8,10-9,125,True,51,33
N/A,N/A,18:00,Good To Yielding,2m 7f 130y,Kilbeg King (IRE),Aidan Coleman,0,Anthony Honeyball,1st,N/A,8,10-10,126,True,51,33
N/A,N/A,18:00,Good To Yielding,2m 7f 130y,Haxo (FR),Jack Foley,0,W. P. Mullins,PU,N/A,6,10-9t1,125,True,51,33
N/A,N/A,18:00,Good To Yielding,2m 7f 130y,Sweet Will (IRE),C. P. McNamara,0,Gavin Patrick Cromwell,PU,N/A,6,10-9,125,True,51,33
N/A,N/A,18:00,Good To Yielding,2m 7f 130y,Master Mcshee,I. J. Power,0,P. Corkery,PU,N/A,9,11-11t,141,True,51,33
N/A,N/A,18:00,Good To Yielding,2m 7f 130y,Walking On Glass (IRE),P. T. Smithers,7,Padraig Roche,PU,N/A,8,10-13p,129,True,51,33
N/A,N/A,18:00,Good To Yielding,2m 7f 130y,Seabank Bistro (IRE),P. Townend,0,W. P. Mullins,PU,N/A,6,11-1,131,True,51,33
N/A,N/A,18:00,Good To Yielding,2m 7f 130y,Max Flamingo (IRE),C. D. Maxwell,0,Francis Casey,20th,36 l,8,10-11p,127,True,51,33
N/A,N/A,18:00,Good To Yielding,2m 7f 130y,Rebel Ivy (IRE),Sean Flanagan,0,J. D. Motherway,19th,1 l,8,11-1,131,True,51,33
N/A,N/A,18:00,Good To Yielding,2m 7f 130y,Lunar Power (IRE),Denis O'Regan,0,Noel Meade,18th,1 1/2 l,5,11-0,130,True,51,33
N/A,N/A,18:00,Good To Yielding,2m 7f 130y,A Great View (IRE),M. P. Walsh,0,Denis W. Cullen,17th,Neck,12,10-5b,121,True,51,33
N/A,N/A,18:00,Good To Yielding,2m 7f 130y,Ballyshannon Rose (IRE),Cian Cullinan,7,P. G. Fahey,16th,1/2 l,10,11-0,130,True,51,33
N/A,N/A,18:00,Good To Yielding,2m 7f 130y,Ailie Rose (IRE),Patrick O'Hanlon,5,Stuart Crawford,15th,Short Head,7,10-10,126,True,51,33
N/A,N/A,18:00,Good To Yielding,2m 7f 130y,Legacy Thor (IRE),J. J. Slevin,0,Stuart Crawford,14th,3/4 l,9,10-3t,119,True,51,33
N/A,N/A,18:00,Good To Yielding,2m 7f 130y,Dartan,Donagh Meyler,0,Matthew J. Smith,13th,4 1/2 l,6,10-7t,123,True,51,33
N/A,N/A,18:00,Good To Yielding,2m 7f 130y,Au Fleuron (FR),D. J. Gilligan,7,Gordon Elliott,12th,4 3/4 l,6,10-12b,128,True,51,33
N/A,N/A,18:00,Good To Yielding,2m 7f 130y,Gatsby Grey (FR),Phillip Enright,0,Oliver McKiernan,11th,Neck,7,11-9t,139,True,51,33
N/A,N/A,18:00,Good To Yielding,2m 7f 130y,Verdant Place (IRE),S. D. Torrens,0,Patrick T. Foley,10th,1 3/4 l,5,10-4,120,True,51,33
N/A,N/A,18:00,Good To Yielding,2m 7f 130y,Walking On Air (IRE),Daryl Jacob,0,Nicky Henderson,9th,1 l,6,11-6,136,True,51,33
N/A,N/A,18:00,Good To Yielding,2m 7f 130y,Parmenion,D. E. Mullins,0,W. P. Mullins,8th,3 1/4 l,5,11-6t,136,True,51,33
N/A,N/A,18:00,Good To Yielding,2m 7f 130y,Toss Again (IRE),D. J. O'Keeffe,0,Henry de Bromhead,7th,4 3/4 l,6,10-9t,125,True,51,33
N/A,N/A,18:00,Good To Yielding,2m 7f 130y,Beacon Edge (IRE),L. A. McKenna,5,Noel Meade,6th,Head,9,11-12,142,True,51,33
N/A,N/A,18:00,Good To Yielding,2m 7f 130y,Lord Snootie (IRE),Jack Tudor,0,Christian Williams,5th,Neck,6,10-4t1,120,True,51,33
N/A,N/A,18:00,Good To Yielding,2m 7f 130y,Grozni (FR),P. Byrnes,5,Charles Byrnes,4th,3 1/4 l,7,10-9,125,True,51,33
N/A,N/A,18:00,Good To Yielding,2m 7f 130y,Sir Argus,B. Hayes,0,W. P. Mullins,3rd,1 1/4 l,6,10-12,128,True,51,33
N/A,N/A,18:00,Good To Yielding,2m 7f 130y,Lets Go Champ (IRE),Rachael Blackmore,0,Henry de Bromhead,2nd,4 1/2 l,8,10-9,125,True,51,33
N/A,N/A,18:00,Good To Yielding,2m 7f 130y,Kilbeg King (IRE),Aidan Coleman,0,Anthony Honeyball,1st,N/A,8,10-10,126,True,51,33
N/A,N/A,18:35,Good To Yielding,2m,Saint Roi (FR),M. P. Walsh,0,W. P. Mullins,4th,4 l,8,11-12t,-,True,51,34
N/A,N/A,18:35,Good To Yielding,2m,Indiana Jones (FR),D. J. O'Keeffe,0,M. F. Morris,3rd,5 l,7,11-12tp,-,True,51,34
N/A,N/A,18:35,Good To Yielding,2m,Dysart Dynamo (IRE),D. E. Mullins,0,W. P. Mullins,2nd,11 l,7,11-12t,-,True,51,34
N/A,N/A,18:35,Good To Yielding,2m,El Fabiolo (FR),P. Townend,0,W. P. Mullins,1st,N/A,6,11-12,-,True,51,34
N/A,N/A,18:35,Good To Yielding,2m,Saint Roi (FR),M. P. Walsh,0,W. P. Mullins,4th,4 l,8,11-12t,-,True,51,34
N/A,N/A,18:35,Good To Yielding,2m,Indiana Jones (FR),D. J. O'Keeffe,0,M. F. Morris,3rd,5 l,7,11-12tp,-,True,51,34
N/A,N/A,18:35,Good To Yielding,2m,Dysart Dynamo (IRE),D. E. Mullins,0,W. P. Mullins,2nd,11 l,7,11-12t,-,True,51,34
N/A,N/A,18:35,Good To Yielding,2m,El Fabiolo (FR),P. Townend,0,W. P. Mullins,1st,N/A,6,11-12,-,True,51,34
N/A,N/A,19:10,Good To Yielding,2m 5f 50y,Optional Mix (IRE),Phillip Enright,0,Eoin Doyle,UR,N/A,7,11-5t1,123,True,51,35
N/A,N/A,19:10,Good To Yielding,2m 5f 50y,Pont Aval (FR),P. Townend,0,W. P. Mullins,PU,N/A,10,11-3t1,121,True,51,35
N/A,N/A,19:10,Good To Yielding,2m 5f 50y,Western Zara (IRE),Richard Deegan,0,Paul Nolan,PU,N/A,7,11-9,127,True,51,35
N/A,N/A,19:10,Good To Yielding,2m 5f 50y,Kalli's Quest (IRE),J. P. Shinnick,7,Terence O'Brien,PU,N/A,10,10-8p,112,True,51,35
N/A,N/A,19:10,Good To Yielding,2m 5f 50y,Broomfield Hall (IRE),D. J. Gilligan,7,J. P. Dempsey,F,N/A,8,11-12t,130,True,51,35
N/A,N/A,19:10,Good To Yielding,2m 5f 50y,Bonnie Kellie (IRE),Mr A. P. Ryan,7,S. Curling,F,N/A,6,10-4t1,108,True,51,35
N/A,N/A,19:10,Good To Yielding,2m 5f 50y,Queen Jane (IRE),Rachael Blackmore,0,Henry de Bromhead,F,N/A,7,11-10t,128,True,51,35
N/A,N/A,19:10,Good To Yielding,2m 5f 50y,Secret She Keeps (IRE),M. P. Walsh,0,Henry de Bromhead,5th,4 1/2 l,6,11-2,120,True,51,35
N/A,N/A,19:10,Good To Yielding,2m 5f 50y,Shes Some Doll (IRE),D. J. O'Keeffe,0,T. Gibney,4th,5 l,8,10-0t,104,True,51,35
N/A,N/A,19:10,Good To Yielding,2m 5f 50y,Lilith (IRE),Rex Dingle,0,Anthony Honeyball,3rd,4 1/4 l,8,10-13tb,117,True,51,35
N/A,N/A,19:10,Good To Yielding,2m 5f 50y,Influential Lady (IRE),Kieran Callaghan,7,James M. Barcoe,2nd,15 l,9,10-5,109,True,51,35
N/A,N/A,19:10,Good To Yielding,2m 5f 50y,Indie Belle (IRE),J. J. Slevin,0,Robert Widger,1st,N/A,6,10-3t,107,True,51,35
N/A,N/A,19:10,Good To Yielding,2m 5f 50y,Optional Mix (IRE),Phillip Enright,0,Eoin Doyle,UR,N/A,7,11-5t1,123,True,51,35
N/A,N/A,19:10,Good To Yielding,2m 5f 50y,Pont Aval (FR),P. Townend,0,W. P. Mullins,PU,N/A,10,11-3t1,121,True,51,35
N/A,N/A,19:10,Good To Yielding,2m 5f 50y,Western Zara (IRE),Richard Deegan,0,Paul Nolan,PU,N/A,7,11-9,127,True,51,35
N/A,N/A,19:10,Good To Yielding,2m 5f 50y,Kalli's Quest (IRE),J. P. Shinnick,7,Terence O'Brien,PU,N/A,10,10-8p,112,True,51,35
N/A,N/A,19:10,Good To Yielding,2m 5f 50y,Broomfield Hall (IRE),D. J. Gilligan,7,J. P. Dempsey,F,N/A,8,11-12t,130,True,51,35
N/A,N/A,19:10,Good To Yielding,2m 5f 50y,Bonnie Kellie (IRE),Mr A. P. Ryan,7,S. Curling,F,N/A,6,10-4t1,108,True,51,35
N/A,N/A,19:10,Good To Yielding,2m 5f 50y,Queen Jane (IRE),Rachael Blackmore,0,Henry de Bromhead,F,N/A,7,11-10t,128,True,51,35
N/A,N/A,19:10,Good To Yielding,2m 5f 50y,Secret She Keeps (IRE),M. P. Walsh,0,Henry de Bromhead,5th,4 1/2 l,6,11-2,120,True,51,35
N/A,N/A,19:10,Good To Yielding,2m 5f 50y,Shes Some Doll (IRE),D. J. O'Keeffe,0,T. Gibney,4th,5 l,8,10-0t,104,True,51,35
N/A,N/A,19:10,Good To Yielding,2m 5f 50y,Lilith (IRE),Rex Dingle,0,Anthony Honeyball,3rd,4 1/4 l,8,10-13tb,117,True,51,35
N/A,N/A,19:10,Good To Yielding,2m 5f 50y,Influential Lady (IRE),Kieran Callaghan,7,James M. Barcoe,2nd,15 l,9,10-5,109,True,51,35
N/A,N/A,19:10,Good To Yielding,2m 5f 50y,Indie Belle (IRE),J. J. Slevin,0,Robert Widger,1st,N/A,6,10-3t,107,True,51,35
N/A,N/A,19:45,Good To Yielding  Flat (Turf),2m 40y,Ask Anything (IRE),Mr J. Dunne,7,Gavin Patrick Cromwell,9th,7 l,5,11-7,-,True,51,36
N/A,N/A,19:45,Good To Yielding  Flat (Turf),2m 40y,Special Cadeau,Mr Pat Taaffe,7,W. P. Mullins,8th,3 3/4 l,5,12-0t1,-,True,51,36
N/A,N/A,19:45,Good To Yielding  Flat (Turf),2m 40y,Apple's Of Bresil (FR),Mr Finian Maguire,0,Barry Connell,7th,1 l,5,11-7,-,True,51,36
N/A,N/A,19:45,Good To Yielding  Flat (Turf),2m 40y,Cato's Revenge (IRE),Miss P. Elvin,7,P. J. Rothwell,6th,Neck,6,11-7t,-,True,51,36
N/A,N/A,19:45,Good To Yielding  Flat (Turf),2m 40y,Great Universe,Mr R. James,7,Martin Brassil,4th,Dead Heat,7,12-0h,-,True,51,36
N/A,N/A,19:45,Good To Yielding  Flat (Turf),2m 40y,Chosen Witness (IRE),Miss J. Townend,0,W. P. Mullins,4th,3/4 l,6,12-0,-,True,51,36
N/A,N/A,19:45,Good To Yielding  Flat (Turf),2m 40y,Slade Steel (IRE),Mr J. L. Gleeson,7,Henry de Bromhead,3rd,1 3/4 l,5,12-0,-,True,51,36
N/A,N/A,19:45,Good To Yielding  Flat (Turf),2m 40y,Dancing City (FR),Mr D. O'Connor,0,W. P. Mullins,2nd,6 l,6,12-0,-,True,51,36
N/A,N/A,19:45,Good To Yielding  Flat (Turf),2m 40y,Ballyburn (IRE),Mr P. W. Mullins,0,W. P. Mullins,1st,N/A,5,12-0,-,True,51,36
N/A,N/A,19:45,Good To Yielding  Flat (Turf),2m 40y,Ask Anything (IRE),Mr J. Dunne,7,Gavin Patrick Cromwell,9th,7 l,5,11-7,-,True,51,36
N/A,N/A,19:45,Good To Yielding  Flat (Turf),2m 40y,Special Cadeau,Mr Pat Taaffe,7,W. P. Mullins,8th,3 3/4 l,5,12-0t1,-,True,51,36
N/A,N/A,19:45,Good To Yielding  Flat (Turf),2m 40y,Apple's Of Bresil (FR),Mr Finian Maguire,0,Barry Connell,7th,1 l,5,11-7,-,True,51,36
N/A,N/A,19:45,Good To Yielding  Flat (Turf),2m 40y,Cato's Revenge (IRE),Miss P. Elvin,7,P. J. Rothwell,6th,Neck,6,11-7t,-,True,51,36
N/A,N/A,19:45,Good To Yielding  Flat (Turf),2m 40y,Great Universe,Mr R. James,7,Martin Brassil,4th,Dead Heat,7,12-0h,-,True,51,36
N/A,N/A,19:45,Good To Yielding  Flat (Turf),2m 40y,Chosen Witness (IRE),Miss J. Townend,0,W. P. Mullins,4th,3/4 l,6,12-0,-,True,51,36
N/A,N/A,19:45,Good To Yielding  Flat (Turf),2m 40y,Slade Steel (IRE),Mr J. L. Gleeson,7,Henry de Bromhead,3rd,1 3/4 l,5,12-0,-,True,51,36
N/A,N/A,19:45,Good To Yielding  Flat (Turf),2m 40y,Dancing City (FR),Mr D. O'Connor,0,W. P. Mullins,2nd,6 l,6,12-0,-,True,51,36
N/A,N/A,19:45,Good To Yielding  Flat (Turf),2m 40y,Ballyburn (IRE),Mr P. W. Mullins,0,W. P. Mullins,1st,N/A,5,12-0,-,True,51,36
N/A,N/A,15:40,Yielding (Good Tio Yielding In Places),2m 5f,Trim To Milan (IRE),Mr J. Dunne,7,Gerard Keane,UR,N/A,8,11-4t,-,True,51,37
N/A,N/A,15:40,Yielding (Good Tio Yielding In Places),2m 5f,Artic Weather (IRE),Mr J. W. Hannon,7,Ian John McCarthy,PU,N/A,7,11-11tb1,-,True,51,37
N/A,N/A,15:40,Yielding (Good Tio Yielding In Places),2m 5f,Jet Fighter (IRE),Mr S. Cavanagh,7,Peter Maher,PU,N/A,6,11-11,-,True,51,37
N/A,N/A,15:40,Yielding (Good Tio Yielding In Places),2m 5f,Speaker Thomas (IRE),Mr T. Hamilton,0,John Joseph Hanlon,PU,N/A,6,11-11p1,-,True,51,37
N/A,N/A,15:40,Yielding (Good Tio Yielding In Places),2m 5f,Happy Victory (FR),Mr H. C. Swan,5,Gordon Elliott,F,N/A,6,11-11,-,True,51,37
N/A,N/A,15:40,Yielding (Good Tio Yielding In Places),2m 5f,Royal Juniper (IRE),Mr D. O'Connor,0,A. J. Martin,7th,3 3/4 l,7,11-11t,-,True,51,37
N/A,N/A,15:40,Yielding (Good Tio Yielding In Places),2m 5f,An Droichead Gorm (IRE),Mr B. O'Neill,0,Peter Maher,6th,10 l,10,11-11,-,True,51,37
N/A,N/A,15:40,Yielding (Good Tio Yielding In Places),2m 5f,Keenaghan Lass (IRE),Mr T. P. Harney,7,T. F. Shaw,5th,8 l,9,11-4,-,True,51,37
N/A,N/A,15:40,Yielding (Good Tio Yielding In Places),2m 5f,Chateau Elan (IRE),Mr I. Cribbin,7,Ross O'Sullivan,4th,1 1/4 l,6,11-11,-,True,51,37
N/A,N/A,15:40,Yielding (Good Tio Yielding In Places),2m 5f,Lesssaidthebetter,Mr T. Power Roche,7,P. J. Rothwell,3rd,16 l,9,11-11,-,True,51,37
N/A,N/A,15:40,Yielding (Good Tio Yielding In Places),2m 5f,Matthews Hill (IRE),Mr J. W. Hendrick,7,Peter John Flood,2nd,2 1/2 l,7,11-11,-,True,51,37
N/A,N/A,15:40,Yielding (Good Tio Yielding In Places),2m 5f,Fr Gilligansvoyge,Mr Pat Taaffe,7,John G. Carr,1st,N/A,10,11-11tv,-,True,51,37
N/A,N/A,15:40,Yielding (Good Tio Yielding In Places),2m 5f,Trim To Milan (IRE),Mr J. Dunne,7,Gerard Keane,UR,N/A,8,11-4t,-,True,51,37
N/A,N/A,15:40,Yielding (Good Tio Yielding In Places),2m 5f,Artic Weather (IRE),Mr J. W. Hannon,7,Ian John McCarthy,PU,N/A,7,11-11tb1,-,True,51,37
N/A,N/A,15:40,Yielding (Good Tio Yielding In Places),2m 5f,Jet Fighter (IRE),Mr S. Cavanagh,7,Peter Maher,PU,N/A,6,11-11,-,True,51,37
N/A,N/A,15:40,Yielding (Good Tio Yielding In Places),2m 5f,Speaker Thomas (IRE),Mr T. Hamilton,0,John Joseph Hanlon,PU,N/A,6,11-11p1,-,True,51,37
N/A,N/A,15:40,Yielding (Good Tio Yielding In Places),2m 5f,Happy Victory (FR),Mr H. C. Swan,5,Gordon Elliott,F,N/A,6,11-11,-,True,51,37
N/A,N/A,15:40,Yielding (Good Tio Yielding In Places),2m 5f,Royal Juniper (IRE),Mr D. O'Connor,0,A. J. Martin,7th,3 3/4 l,7,11-11t,-,True,51,37
N/A,N/A,15:40,Yielding (Good Tio Yielding In Places),2m 5f,An Droichead Gorm (IRE),Mr B. O'Neill,0,Peter Maher,6th,10 l,10,11-11,-,True,51,37
N/A,N/A,15:40,Yielding (Good Tio Yielding In Places),2m 5f,Keenaghan Lass (IRE),Mr T. P. Harney,7,T. F. Shaw,5th,8 l,9,11-4,-,True,51,37
N/A,N/A,15:40,Yielding (Good Tio Yielding In Places),2m 5f,Chateau Elan (IRE),Mr I. Cribbin,7,Ross O'Sullivan,4th,1 1/4 l,6,11-11,-,True,51,37
N/A,N/A,15:40,Yielding (Good Tio Yielding In Places),2m 5f,Lesssaidthebetter,Mr T. Power Roche,7,P. J. Rothwell,3rd,16 l,9,11-11,-,True,51,37
N/A,N/A,15:40,Yielding (Good Tio Yielding In Places),2m 5f,Matthews Hill (IRE),Mr J. W. Hendrick,7,Peter John Flood,2nd,2 1/2 l,7,11-11,-,True,51,37
N/A,N/A,15:40,Yielding (Good Tio Yielding In Places),2m 5f,Fr Gilligansvoyge,Mr Pat Taaffe,7,John G. Carr,1st,N/A,10,11-11tv,-,True,51,37
N/A,N/A,16:15,Yielding (Good Tio Yielding In Places),2m 5f,So Scottish (FR),M. P. Walsh,0,Emmet Mullins,UR,N/A,6,11-2,138,True,51,38
N/A,N/A,16:15,Yielding (Good Tio Yielding In Places),2m 5f,Aarons Day (IRE),Phillip Enright,0,Oliver McKiernan,PU,N/A,9,10-8t,130,True,51,38
N/A,N/A,16:15,Yielding (Good Tio Yielding In Places),2m 5f,Adamantly Chosen (IRE),Jack Foley,0,W. P. Mullins,PU,N/A,6,11-12,148,True,51,38
N/A,N/A,16:15,Yielding (Good Tio Yielding In Places),2m 5f,Carrig Sam (IRE),D. J. O'Keeffe,0,A. L. T. Moore,PU,N/A,7,10-3,125,True,51,38
N/A,N/A,16:15,Yielding (Good Tio Yielding In Places),2m 5f,Hallowed Star (IRE),J. S. McGarvey,0,John Joseph Hanlon,F,N/A,8,11-0,136,True,51,38
N/A,N/A,16:15,Yielding (Good Tio Yielding In Places),2m 5f,Largy Debut (IRE),Donagh Meyler,0,Henry de Bromhead,9th,22 l,8,10-13,135,True,51,38
N/A,N/A,16:15,Yielding (Good Tio Yielding In Places),2m 5f,Sit Down Lucy (IRE),Sean Flanagan,0,Peter Fahey,8th,5 1/2 l,9,10-6,128,True,51,38
N/A,N/A,16:15,Yielding (Good Tio Yielding In Places),2m 5f,Slip Of The Tongue (IRE),S. D. Torrens,0,Padraig Roche,7th,2 l,6,10-10,132,True,51,38
N/A,N/A,16:15,Yielding (Good Tio Yielding In Places),2m 5f,Authorized Art (FR),D. E. Mullins,0,W. P. Mullins,6th,4 1/2 l,8,11-12,148,True,51,38
N/A,N/A,16:15,Yielding (Good Tio Yielding In Places),2m 5f,Tullybeg (IRE),D. J. Gilligan,7,Gordon Elliott,5th,4 l,8,10-13t,135,True,51,38
N/A,N/A,16:15,Yielding (Good Tio Yielding In Places),2m 5f,Grandero Bello (FR),R. A. Doyle,0,Eddie & Patrick Harty,4th,7 l,7,11-3t1,139,True,51,38
N/A,N/A,16:15,Yielding (Good Tio Yielding In Places),2m 5f,Life In The Park (IRE),Rachael Blackmore,0,Henry de Bromhead,3rd,3/4 l,6,11-2,138,True,51,38
N/A,N/A,16:15,Yielding (Good Tio Yielding In Places),2m 5f,Jody Ted (IRE),S. F. O'Keeffe,0,Eoin Griffin,2nd,15 l,7,10-3,125,True,51,38
N/A,N/A,16:15,Yielding (Good Tio Yielding In Places),2m 5f,Kilcruit (IRE),P. Townend,0,W. P. Mullins,1st,N/A,8,11-12,148,True,51,38
N/A,N/A,16:15,Yielding (Good Tio Yielding In Places),2m 5f,So Scottish (FR),M. P. Walsh,0,Emmet Mullins,UR,N/A,6,11-2,138,True,51,38
N/A,N/A,16:15,Yielding (Good Tio Yielding In Places),2m 5f,Aarons Day (IRE),Phillip Enright,0,Oliver McKiernan,PU,N/A,9,10-8t,130,True,51,38
N/A,N/A,16:15,Yielding (Good Tio Yielding In Places),2m 5f,Adamantly Chosen (IRE),Jack Foley,0,W. P. Mullins,PU,N/A,6,11-12,148,True,51,38
N/A,N/A,16:15,Yielding (Good Tio Yielding In Places),2m 5f,Carrig Sam (IRE),D. J. O'Keeffe,0,A. L. T. Moore,PU,N/A,7,10-3,125,True,51,38
N/A,N/A,16:15,Yielding (Good Tio Yielding In Places),2m 5f,Hallowed Star (IRE),J. S. McGarvey,0,John Joseph Hanlon,F,N/A,8,11-0,136,True,51,38
N/A,N/A,16:15,Yielding (Good Tio Yielding In Places),2m 5f,Largy Debut (IRE),Donagh Meyler,0,Henry de Bromhead,9th,22 l,8,10-13,135,True,51,38
N/A,N/A,16:15,Yielding (Good Tio Yielding In Places),2m 5f,Sit Down Lucy (IRE),Sean Flanagan,0,Peter Fahey,8th,5 1/2 l,9,10-6,128,True,51,38
N/A,N/A,16:15,Yielding (Good Tio Yielding In Places),2m 5f,Slip Of The Tongue (IRE),S. D. Torrens,0,Padraig Roche,7th,2 l,6,10-10,132,True,51,38
N/A,N/A,16:15,Yielding (Good Tio Yielding In Places),2m 5f,Authorized Art (FR),D. E. Mullins,0,W. P. Mullins,6th,4 1/2 l,8,11-12,148,True,51,38
N/A,N/A,16:15,Yielding (Good Tio Yielding In Places),2m 5f,Tullybeg (IRE),D. J. Gilligan,7,Gordon Elliott,5th,4 l,8,10-13t,135,True,51,38
N/A,N/A,16:15,Yielding (Good Tio Yielding In Places),2m 5f,Grandero Bello (FR),R. A. Doyle,0,Eddie & Patrick Harty,4th,7 l,7,11-3t1,139,True,51,38
N/A,N/A,16:15,Yielding (Good Tio Yielding In Places),2m 5f,Life In The Park (IRE),Rachael Blackmore,0,Henry de Bromhead,3rd,3/4 l,6,11-2,138,True,51,38
N/A,N/A,16:15,Yielding (Good Tio Yielding In Places),2m 5f,Jody Ted (IRE),S. F. O'Keeffe,0,Eoin Griffin,2nd,15 l,7,10-3,125,True,51,38
N/A,N/A,16:15,Yielding (Good Tio Yielding In Places),2m 5f,Kilcruit (IRE),P. Townend,0,W. P. Mullins,1st,N/A,8,11-12,148,True,51,38
N/A,N/A,16:50,Yielding (Good Tio Yielding In Places),2m 5f,Riviere D'etel (FR),Keith Donoghue,0,Gordon Elliott,PU,N/A,6,11-3,-,True,51,39
N/A,N/A,16:50,Yielding (Good Tio Yielding In Places),2m 5f,Echoes Of Family (IRE),J. J. Slevin,0,Eddie & Patrick Harty,F,N/A,11,10-12,-,True,51,39
N/A,N/A,16:50,Yielding (Good Tio Yielding In Places),2m 5f,Elimay (FR),S. D. Torrens,0,W. P. Mullins,4th,2 1/2 l,9,11-3tb,-,True,51,39
N/A,N/A,16:50,Yielding (Good Tio Yielding In Places),2m 5f,Allegorie De Vassy (FR),P. Townend,0,W. P. Mullins,3rd,6 1/2 l,6,11-3t,-,True,51,39
N/A,N/A,16:50,Yielding (Good Tio Yielding In Places),2m 5f,Instit (FR),D. E. Mullins,0,W. P. Mullins,2nd,11 l,5,10-12h,-,True,51,39
N/A,N/A,16:50,Yielding (Good Tio Yielding In Places),2m 5f,Impervious (IRE),B. Hayes,0,Colm A. Murphy,1st,N/A,7,11-3,-,True,51,39
N/A,N/A,16:50,Yielding (Good Tio Yielding In Places),2m 5f,Riviere D'etel (FR),Keith Donoghue,0,Gordon Elliott,PU,N/A,6,11-3,-,True,51,39
N/A,N/A,16:50,Yielding (Good Tio Yielding In Places),2m 5f,Echoes Of Family (IRE),J. J. Slevin,0,Eddie & Patrick Harty,F,N/A,11,10-12,-,True,51,39
N/A,N/A,16:50,Yielding (Good Tio Yielding In Places),2m 5f,Elimay (FR),S. D. Torrens,0,W. P. Mullins,4th,2 1/2 l,9,11-3tb,-,True,51,39
N/A,N/A,16:50,Yielding (Good Tio Yielding In Places),2m 5f,Allegorie De Vassy (FR),P. Townend,0,W. P. Mullins,3rd,6 1/2 l,6,11-3t,-,True,51,39
N/A,N/A,16:50,Yielding (Good Tio Yielding In Places),2m 5f,Instit (FR),D. E. Mullins,0,W. P. Mullins,2nd,11 l,5,10-12h,-,True,51,39
N/A,N/A,16:50,Yielding (Good Tio Yielding In Places),2m 5f,Impervious (IRE),B. Hayes,0,Colm A. Murphy,1st,N/A,7,11-3,-,True,51,39
N/A,N/A,18:00,Yielding (Good Tio Yielding In Places),2m 3f 80y,Amir Kabir,Keith Donoghue,0,Gordon Elliott,5th,4 1/2 l,6,11-12,-,True,51,41
N/A,N/A,18:00,Yielding (Good Tio Yielding In Places),2m 3f 80y,Inothewayurthinkin (IRE),L. P. Dempsey,0,Gavin Patrick Cromwell,4th,9 1/2 l,5,11-12,-,True,51,41
N/A,N/A,18:00,Yielding (Good Tio Yielding In Places),2m 3f 80y,Champ Kiely (IRE),D. E. Mullins,0,W. P. Mullins,3rd,3 1/2 l,7,11-12,-,True,51,41
N/A,N/A,18:00,Yielding (Good Tio Yielding In Places),2m 3f 80y,High Definition (IRE),J. J. Slevin,0,Joseph Patrick O'Brien,2nd,7 1/2 l,5,11-12tp,-,True,51,41
N/A,N/A,18:00,Yielding (Good Tio Yielding In Places),2m 3f 80y,Impaire Et Passe (FR),P. Townend,0,W. P. Mullins,1st,N/A,5,11-12,-,True,51,41
N/A,N/A,18:00,Yielding (Good Tio Yielding In Places),2m 3f 80y,Amir Kabir,Keith Donoghue,0,Gordon Elliott,5th,4 1/2 l,6,11-12,-,True,51,41
N/A,N/A,18:00,Yielding (Good Tio Yielding In Places),2m 3f 80y,Inothewayurthinkin (IRE),L. P. Dempsey,0,Gavin Patrick Cromwell,4th,9 1/2 l,5,11-12,-,True,51,41
N/A,N/A,18:00,Yielding (Good Tio Yielding In Places),2m 3f 80y,Champ Kiely (IRE),D. E. Mullins,0,W. P. Mullins,3rd,3 1/2 l,7,11-12,-,True,51,41
N/A,N/A,18:00,Yielding (Good Tio Yielding In Places),2m 3f 80y,High Definition (IRE),J. J. Slevin,0,Joseph Patrick O'Brien,2nd,7 1/2 l,5,11-12tp,-,True,51,41
N/A,N/A,18:00,Yielding (Good Tio Yielding In Places),2m 3f 80y,Impaire Et Passe (FR),P. Townend,0,W. P. Mullins,1st,N/A,5,11-12,-,True,51,41
N/A,N/A,19:10,Yielding (Good Tio Yielding In Places),2m,Heliko Conti (FR),D. J. O'Keeffe,0,W. J. Burke,9th,1 1/4 l,6,11-12,-,True,51,43
N/A,N/A,19:10,Yielding (Good Tio Yielding In Places),2m,Lahinch Three (IRE),Donagh Meyler,0,Emmet Mullins,8th,4 l,7,11-5,-,True,51,43
N/A,N/A,19:10,Yielding (Good Tio Yielding In Places),2m,Firm Footings (IRE),D. J. Gilligan,7,Gordon Elliott,7th,3 l,5,11-12,-,True,51,43
N/A,N/A,19:10,Yielding (Good Tio Yielding In Places),2m,Sa Majeste (FR),B. Hayes,0,W. P. Mullins,6th,5 1/2 l,5,11-12,-,True,51,43
N/A,N/A,19:10,Yielding (Good Tio Yielding In Places),2m,Night Sparkle (IRE),D. E. Mullins,0,M. D. O'Callaghan,5th,4 l,4,10-4,-,True,51,43
N/A,N/A,19:10,Yielding (Good Tio Yielding In Places),2m,Arctic Bresil,Rachael Blackmore,0,Henry de Bromhead,4th,6 l,6,11-12t1,-,True,51,43
N/A,N/A,19:10,Yielding (Good Tio Yielding In Places),2m,Uncle Phil (IRE),P. Townend,0,W. P. Mullins,3rd,11 l,6,11-12ht,-,True,51,43
N/A,N/A,19:10,Yielding (Good Tio Yielding In Places),2m,Spillane's Tower (IRE),L. P. Dempsey,0,James Joseph Mangan,2nd,2 1/2 l,5,11-12,-,True,51,43
N/A,N/A,19:10,Yielding (Good Tio Yielding In Places),2m,Monbeg Park (IRE),J. J. Slevin,0,Sean Thomas Doyle,1st,N/A,6,11-12,-,True,51,43
N/A,N/A,19:10,Yielding (Good Tio Yielding In Places),2m,Heliko Conti (FR),D. J. O'Keeffe,0,W. J. Burke,9th,1 1/4 l,6,11-12,-,True,51,43
N/A,N/A,19:10,Yielding (Good Tio Yielding In Places),2m,Lahinch Three (IRE),Donagh Meyler,0,Emmet Mullins,8th,4 l,7,11-5,-,True,51,43
N/A,N/A,19:10,Yielding (Good Tio Yielding In Places),2m,Firm Footings (IRE),D. J. Gilligan,7,Gordon Elliott,7th,3 l,5,11-12,-,True,51,43
N/A,N/A,19:10,Yielding (Good Tio Yielding In Places),2m,Sa Majeste (FR),B. Hayes,0,W. P. Mullins,6th,5 1/2 l,5,11-12,-,True,51,43
N/A,N/A,19:10,Yielding (Good Tio Yielding In Places),2m,Night Sparkle (IRE),D. E. Mullins,0,M. D. O'Callaghan,5th,4 l,4,10-4,-,True,51,43
N/A,N/A,19:10,Yielding (Good Tio Yielding In Places),2m,Arctic Bresil,Rachael Blackmore,0,Henry de Bromhead,4th,6 l,6,11-12t1,-,True,51,43
N/A,N/A,19:10,Yielding (Good Tio Yielding In Places),2m,Uncle Phil (IRE),P. Townend,0,W. P. Mullins,3rd,11 l,6,11-12ht,-,True,51,43
N/A,N/A,19:10,Yielding (Good Tio Yielding In Places),2m,Spillane's Tower (IRE),L. P. Dempsey,0,James Joseph Mangan,2nd,2 1/2 l,5,11-12,-,True,51,43
N/A,N/A,19:10,Yielding (Good Tio Yielding In Places),2m,Monbeg Park (IRE),J. J. Slevin,0,Sean Thomas Doyle,1st,N/A,6,11-12,-,True,51,43
N/A,N/A,19:45,Yielding (Good Tio Yielding In Places),2m 2f,Shining Flame (IRE),Mr A. Harvey,7,Miss Suzy Barkley,18th,38 l,6,12-0ht1,-,True,51,44
N/A,N/A,19:45,Yielding (Good Tio Yielding In Places),2m 2f,Bold Brook (IRE),Mr Finian Maguire,0,Cian Michael Collins,17th,1 3/4 l,5,12-0,-,True,51,44
N/A,N/A,19:45,Yielding (Good Tio Yielding In Places),2m 2f,Getaway George (IRE),Mr N. McParlan,0,Mrs Sarah Dawson,16th,30 l,6,12-0,-,True,51,44
N/A,N/A,19:45,Yielding (Good Tio Yielding In Places),2m 2f,Petit Dejeuner (IRE),Mr D. McGill,7,Mrs Denise Foster,15th,17 l,5,11-7,-,True,51,44
N/A,N/A,19:45,Yielding (Good Tio Yielding In Places),2m 2f,Our Chezney (IRE),Mr J. Dunne,7,Ms Helen P. Markham,14th,5 1/2 l,7,12-0,-,True,51,44
N/A,N/A,19:45,Yielding (Good Tio Yielding In Places),2m 2f,One Way Traffic (IRE),Mr J. C. Barry,3,Oliver McKiernan,13th,1 l,6,12-0,-,True,51,44
N/A,N/A,19:45,Yielding (Good Tio Yielding In Places),2m 2f,Talk In The Park (IRE),Mr T. Hamilton,0,Ms Margaret Mullins,12th,4 1/2 l,5,12-0,-,True,51,44
N/A,N/A,19:45,Yielding (Good Tio Yielding In Places),2m 2f,Ilitch (FR),Mr D. G. Lavery,0,Stuart Crawford,11th,12 l,5,12-0,-,True,51,44
N/A,N/A,19:45,Yielding (Good Tio Yielding In Places),2m 2f,Did I Ask You That (IRE),Mr Pat Taaffe,7,W. P. Mullins,10th,1/2 l,5,12-0t1,-,True,51,44
N/A,N/A,19:45,Yielding (Good Tio Yielding In Places),2m 2f,Dorans Law (IRE),Mr E. P. O'Brien,5,M. Hourigan,9th,2 1/2 l,5,12-0,-,True,51,44
N/A,N/A,19:45,Yielding (Good Tio Yielding In Places),2m 2f,Littlefoot (IRE),Mr D. O'Connor,0,Mark Molloy,8th,1/2 l,5,12-0,-,True,51,44
N/A,N/A,19:45,Yielding (Good Tio Yielding In Places),2m 2f,Down Around (IRE),Mr J. W. Hendrick,7,N. Dooly,7th,2 1/2 l,6,12-0,-,True,51,44
N/A,N/A,19:45,Yielding (Good Tio Yielding In Places),2m 2f,He's My Hero,Mr B. O'Neill,0,Paul Nolan,6th,1/2 l,5,12-0t,-,True,51,44
N/A,N/A,19:45,Yielding (Good Tio Yielding In Places),2m 2f,Lecky Watson (IRE),Mr P. W. Mullins,0,W. P. Mullins,5th,1 3/4 l,5,12-0,-,True,51,44
N/A,N/A,19:45,Yielding (Good Tio Yielding In Places),2m 2f,Quantum Storm (IRE),Mr H. C. Swan,5,Gordon Elliott,4th,1/2 l,6,12-0,-,True,51,44
N/A,N/A,19:45,Yielding (Good Tio Yielding In Places),2m 2f,Dr Eggman (FR),Miss J. Townend,0,W. P. Mullins,3rd,1 l,5,12-0,-,True,51,44
N/A,N/A,19:45,Yielding (Good Tio Yielding In Places),2m 2f,Irish Panther,Mr J. L. Gleeson,7,E. J. O'Grady,2nd,1/2 l,6,12-0,-,True,51,44
N/A,N/A,19:45,Yielding (Good Tio Yielding In Places),2m 2f,Walk Away Harry (IRE),Mr R. W. Barron,7,Charles Byrnes,1st,N/A,5,12-0,-,True,51,44
N/A,N/A,19:45,Yielding (Good Tio Yielding In Places),2m 2f,Shining Flame (IRE),Mr A. Harvey,7,Miss Suzy Barkley,18th,38 l,6,12-0ht1,-,True,51,44
N/A,N/A,19:45,Yielding (Good Tio Yielding In Places),2m 2f,Bold Brook (IRE),Mr Finian Maguire,0,Cian Michael Collins,17th,1 3/4 l,5,12-0,-,True,51,44
N/A,N/A,19:45,Yielding (Good Tio Yielding In Places),2m 2f,Getaway George (IRE),Mr N. McParlan,0,Mrs Sarah Dawson,16th,30 l,6,12-0,-,True,51,44
N/A,N/A,19:45,Yielding (Good Tio Yielding In Places),2m 2f,Petit Dejeuner (IRE),Mr D. McGill,7,Mrs Denise Foster,15th,17 l,5,11-7,-,True,51,44
N/A,N/A,19:45,Yielding (Good Tio Yielding In Places),2m 2f,Our Chezney (IRE),Mr J. Dunne,7,Ms Helen P. Markham,14th,5 1/2 l,7,12-0,-,True,51,44
N/A,N/A,19:45,Yielding (Good Tio Yielding In Places),2m 2f,One Way Traffic (IRE),Mr J. C. Barry,3,Oliver McKiernan,13th,1 l,6,12-0,-,True,51,44
N/A,N/A,19:45,Yielding (Good Tio Yielding In Places),2m 2f,Talk In The Park (IRE),Mr T. Hamilton,0,Ms Margaret Mullins,12th,4 1/2 l,5,12-0,-,True,51,44
N/A,N/A,19:45,Yielding (Good Tio Yielding In Places),2m 2f,Ilitch (FR),Mr D. G. Lavery,0,Stuart Crawford,11th,12 l,5,12-0,-,True,51,44
N/A,N/A,19:45,Yielding (Good Tio Yielding In Places),2m 2f,Did I Ask You That (IRE),Mr Pat Taaffe,7,W. P. Mullins,10th,1/2 l,5,12-0t1,-,True,51,44
N/A,N/A,19:45,Yielding (Good Tio Yielding In Places),2m 2f,Dorans Law (IRE),Mr E. P. O'Brien,5,M. Hourigan,9th,2 1/2 l,5,12-0,-,True,51,44
N/A,N/A,19:45,Yielding (Good Tio Yielding In Places),2m 2f,Littlefoot (IRE),Mr D. O'Connor,0,Mark Molloy,8th,1/2 l,5,12-0,-,True,51,44
N/A,N/A,19:45,Yielding (Good Tio Yielding In Places),2m 2f,Down Around (IRE),Mr J. W. Hendrick,7,N. Dooly,7th,2 1/2 l,6,12-0,-,True,51,44
N/A,N/A,19:45,Yielding (Good Tio Yielding In Places),2m 2f,He's My Hero,Mr B. O'Neill,0,Paul Nolan,6th,1/2 l,5,12-0t,-,True,51,44
N/A,N/A,19:45,Yielding (Good Tio Yielding In Places),2m 2f,Lecky Watson (IRE),Mr P. W. Mullins,0,W. P. Mullins,5th,1 3/4 l,5,12-0,-,True,51,44
N/A,N/A,19:45,Yielding (Good Tio Yielding In Places),2m 2f,Quantum Storm (IRE),Mr H. C. Swan,5,Gordon Elliott,4th,1/2 l,6,12-0,-,True,51,44
N/A,N/A,19:45,Yielding (Good Tio Yielding In Places),2m 2f,Dr Eggman (FR),Miss J. Townend,0,W. P. Mullins,3rd,1 l,5,12-0,-,True,51,44
N/A,N/A,19:45,Yielding (Good Tio Yielding In Places),2m 2f,Irish Panther,Mr J. L. Gleeson,7,E. J. O'Grady,2nd,1/2 l,6,12-0,-,True,51,44
N/A,N/A,19:45,Yielding (Good Tio Yielding In Places),2m 2f,Walk Away Harry (IRE),Mr R. W. Barron,7,Charles Byrnes,1st,N/A,5,12-0,-,True,51,44
N/A,N/A,14:35,Good (Good To Yielding In Places),3m 1f,Plan Of Attack (IRE),D. J. O'Keeffe,0,Henry de Bromhead,PU,N/A,10,11-7b,-,True,51,45
N/A,N/A,14:35,Good (Good To Yielding In Places),3m 1f,Four Country Roads (IRE),Mr E. Mahon,7,Brian M. McMahon,PU,N/A,9,12-3,-,True,51,45
N/A,N/A,14:35,Good (Good To Yielding In Places),3m 1f,An Droichead Eile (IRE),B. W. Harvey,7,Peter Maher,F,N/A,9,11-7p,-,True,51,45
N/A,N/A,14:35,Good (Good To Yielding In Places),3m 1f,Grangeclare Native (IRE),Phillip Enright,0,Oliver McKiernan,11th,Neck,8,11-7tp,-,True,51,45
N/A,N/A,14:35,Good (Good To Yielding In Places),3m 1f,Three Loud Knocks (IRE),J. J. Slevin,0,Brian Mortell,10th,7 l,11,11-12,-,True,51,45
N/A,N/A,14:35,Good (Good To Yielding In Places),3m 1f,Western Sea (IRE),Mr L. P. Shanahan,7,Ross O'Sullivan,9th,1 l,10,11-12,-,True,51,45
N/A,N/A,14:35,Good (Good To Yielding In Places),3m 1f,Hardline (IRE),Keith Donoghue,0,Gordon Elliott,8th,4 1/2 l,11,11-7,-,True,51,45
N/A,N/A,14:35,Good (Good To Yielding In Places),3m 1f,Go Another One (IRE),B. W. Harvey,5,John McConnell,7th,15 l,11,11-12t,-,True,51,45
N/A,N/A,14:35,Good (Good To Yielding In Places),3m 1f,Midnight Maestro (USA),S. Fitzgerald,3,Enda Bolger,6th,2 1/4 l,11,12-3,-,True,51,45
N/A,N/A,14:35,Good (Good To Yielding In Places),3m 1f,Birchdale (IRE),Mr D. O'Connor,0,Enda Bolger,5th,6 1/2 l,9,11-12,-,True,51,45
N/A,N/A,14:35,Good (Good To Yielding In Places),3m 1f,Hurricane Darwin (IRE),Mr B. O. Walsh,7,C. W. J. Farrell,4th,6 1/2 l,13,12-3t,-,True,51,45
N/A,N/A,14:35,Good (Good To Yielding In Places),3m 1f,Three By Two (IRE),Mr T. Power Roche,7,Denis Paul Murphy,3rd,3/4 l,7,11-5,-,True,51,45
N/A,N/A,14:35,Good (Good To Yielding In Places),3m 1f,Blast Of Koeman (IRE),S. F. O'Keeffe,0,Peter Maher,2nd,1/2 l,12,11-7tp,-,True,51,45
N/A,N/A,14:35,Good (Good To Yielding In Places),3m 1f,Subset (IRE),Mr B. T. Stone,7,Peter Maher,1st,N/A,9,11-7p,-,True,51,45
N/A,N/A,14:35,Good (Good To Yielding In Places),3m 1f,Plan Of Attack (IRE),D. J. O'Keeffe,0,Henry de Bromhead,PU,N/A,10,11-7b,-,True,51,45
N/A,N/A,14:35,Good (Good To Yielding In Places),3m 1f,Four Country Roads (IRE),Mr E. Mahon,7,Brian M. McMahon,PU,N/A,9,12-3,-,True,51,45
N/A,N/A,14:35,Good (Good To Yielding In Places),3m 1f,An Droichead Eile (IRE),B. W. Harvey,7,Peter Maher,F,N/A,9,11-7p,-,True,51,45
N/A,N/A,14:35,Good (Good To Yielding In Places),3m 1f,Grangeclare Native (IRE),Phillip Enright,0,Oliver McKiernan,11th,Neck,8,11-7tp,-,True,51,45
N/A,N/A,14:35,Good (Good To Yielding In Places),3m 1f,Three Loud Knocks (IRE),J. J. Slevin,0,Brian Mortell,10th,7 l,11,11-12,-,True,51,45
N/A,N/A,14:35,Good (Good To Yielding In Places),3m 1f,Western Sea (IRE),Mr L. P. Shanahan,7,Ross O'Sullivan,9th,1 l,10,11-12,-,True,51,45
N/A,N/A,14:35,Good (Good To Yielding In Places),3m 1f,Hardline (IRE),Keith Donoghue,0,Gordon Elliott,8th,4 1/2 l,11,11-7,-,True,51,45
N/A,N/A,14:35,Good (Good To Yielding In Places),3m 1f,Go Another One (IRE),B. W. Harvey,5,John McConnell,7th,15 l,11,11-12t,-,True,51,45
N/A,N/A,14:35,Good (Good To Yielding In Places),3m 1f,Midnight Maestro (USA),S. Fitzgerald,3,Enda Bolger,6th,2 1/4 l,11,12-3,-,True,51,45
N/A,N/A,14:35,Good (Good To Yielding In Places),3m 1f,Birchdale (IRE),Mr D. O'Connor,0,Enda Bolger,5th,6 1/2 l,9,11-12,-,True,51,45
N/A,N/A,14:35,Good (Good To Yielding In Places),3m 1f,Hurricane Darwin (IRE),Mr B. O. Walsh,7,C. W. J. Farrell,4th,6 1/2 l,13,12-3t,-,True,51,45
N/A,N/A,14:35,Good (Good To Yielding In Places),3m 1f,Three By Two (IRE),Mr T. Power Roche,7,Denis Paul Murphy,3rd,3/4 l,7,11-5,-,True,51,45
N/A,N/A,14:35,Good (Good To Yielding In Places),3m 1f,Blast Of Koeman (IRE),S. F. O'Keeffe,0,Peter Maher,2nd,1/2 l,12,11-7tp,-,True,51,45
N/A,N/A,14:35,Good (Good To Yielding In Places),3m 1f,Subset (IRE),Mr B. T. Stone,7,Peter Maher,1st,N/A,9,11-7p,-,True,51,45
N/A,N/A,15:10,Good To Yielding (Yielding In Places),3m 7f,Darrens Hope (IRE),J. J. Slevin,0,Robert Murphy,PU,N/A,9,10-9b1,128,True,51,46
N/A,N/A,15:10,Good To Yielding (Yielding In Places),3m 7f,Regina Dracones (IRE),S. F. O'Keeffe,0,T. Gibney,PU,N/A,8,10-6,125,True,51,46
N/A,N/A,15:10,Good To Yielding (Yielding In Places),3m 7f,Everglow,Denis O'Regan,0,Noel Meade,F,N/A,8,10-8p,127,True,51,46
N/A,N/A,15:10,Good To Yielding (Yielding In Places),3m 7f,Emancipator (IRE),J. P. Shinnick,7,Terence O'Brien,F,N/A,7,10-0b,119,True,51,46
N/A,N/A,15:10,Good To Yielding (Yielding In Places),3m 7f,Milan Native (IRE),D. J. Gilligan,7,Gordon Elliott,10th,14 l,10,10-9tb,128,True,51,46
N/A,N/A,15:10,Good To Yielding (Yielding In Places),3m 7f,My Design (IRE),Shane O'Callaghan,7,Declan Queally,9th,5 l,8,10-6,125,True,51,46
N/A,N/A,15:10,Good To Yielding (Yielding In Places),3m 7f,Mercury Lane (IRE),Sean Flanagan,0,Paul Nolan,8th,3/4 l,9,10-1tp,120,True,51,46
N/A,N/A,15:10,Good To Yielding (Yielding In Places),3m 7f,Fairyhill Run (IRE),Liam Quinlan,5,John Patrick Ryan,7th,8 l,8,11-0,133,True,51,46
N/A,N/A,15:10,Good To Yielding (Yielding In Places),3m 7f,Velvet Elvis (IRE),D. J. O'Keeffe,0,T. Gibney,6th,4 1/4 l,7,11-12,145,True,51,46
N/A,N/A,15:10,Good To Yielding (Yielding In Places),3m 7f,Coeur Serein (IRE),Richie McLernon,0,Jonjo O'Neill,5th,1 1/4 l,9,11-1p,134,True,51,46
N/A,N/A,15:10,Good To Yielding (Yielding In Places),3m 7f,The Dabbler (IRE),Richard Deegan,0,Liam P. Cusack,4th,1 l,10,10-5v1,124,True,51,46
N/A,N/A,15:10,Good To Yielding (Yielding In Places),3m 7f,History Of Fashion (IRE),Phillip Enright,0,P. A. Fahy,3rd,2 1/2 l,9,10-3,122,True,51,46
N/A,N/A,15:10,Good To Yielding (Yielding In Places),3m 7f,Sir Bob (IRE),S. D. Torrens,0,Robert Tyner,2nd,Short Head,11,10-0p,119,True,51,46
N/A,N/A,15:10,Good To Yielding (Yielding In Places),3m 7f,Aione (FR),D. E. Mullins,0,W. P. Mullins,1st,N/A,10,10-11t,130,True,51,46
N/A,N/A,15:10,Good To Yielding (Yielding In Places),3m 7f,Darrens Hope (IRE),J. J. Slevin,0,Robert Murphy,PU,N/A,9,10-9b1,128,True,51,46
N/A,N/A,15:10,Good To Yielding (Yielding In Places),3m 7f,Regina Dracones (IRE),S. F. O'Keeffe,0,T. Gibney,PU,N/A,8,10-6,125,True,51,46
N/A,N/A,15:10,Good To Yielding (Yielding In Places),3m 7f,Everglow,Denis O'Regan,0,Noel Meade,F,N/A,8,10-8p,127,True,51,46
N/A,N/A,15:10,Good To Yielding (Yielding In Places),3m 7f,Emancipator (IRE),J. P. Shinnick,7,Terence O'Brien,F,N/A,7,10-0b,119,True,51,46
N/A,N/A,15:10,Good To Yielding (Yielding In Places),3m 7f,Milan Native (IRE),D. J. Gilligan,7,Gordon Elliott,10th,14 l,10,10-9tb,128,True,51,46
N/A,N/A,15:10,Good To Yielding (Yielding In Places),3m 7f,My Design (IRE),Shane O'Callaghan,7,Declan Queally,9th,5 l,8,10-6,125,True,51,46
N/A,N/A,15:10,Good To Yielding (Yielding In Places),3m 7f,Mercury Lane (IRE),Sean Flanagan,0,Paul Nolan,8th,3/4 l,9,10-1tp,120,True,51,46
N/A,N/A,15:10,Good To Yielding (Yielding In Places),3m 7f,Fairyhill Run (IRE),Liam Quinlan,5,John Patrick Ryan,7th,8 l,8,11-0,133,True,51,46
N/A,N/A,15:10,Good To Yielding (Yielding In Places),3m 7f,Velvet Elvis (IRE),D. J. O'Keeffe,0,T. Gibney,6th,4 1/4 l,7,11-12,145,True,51,46
N/A,N/A,15:10,Good To Yielding (Yielding In Places),3m 7f,Coeur Serein (IRE),Richie McLernon,0,Jonjo O'Neill,5th,1 1/4 l,9,11-1p,134,True,51,46
N/A,N/A,15:10,Good To Yielding (Yielding In Places),3m 7f,The Dabbler (IRE),Richard Deegan,0,Liam P. Cusack,4th,1 l,10,10-5v1,124,True,51,46
N/A,N/A,15:10,Good To Yielding (Yielding In Places),3m 7f,History Of Fashion (IRE),Phillip Enright,0,P. A. Fahy,3rd,2 1/2 l,9,10-3,122,True,51,46
N/A,N/A,15:10,Good To Yielding (Yielding In Places),3m 7f,Sir Bob (IRE),S. D. Torrens,0,Robert Tyner,2nd,Short Head,11,10-0p,119,True,51,46
N/A,N/A,15:10,Good To Yielding (Yielding In Places),3m 7f,Aione (FR),D. E. Mullins,0,W. P. Mullins,1st,N/A,10,10-11t,130,True,51,46
N/A,N/A,15:50,Good To Yielding (Yielding In Places),2m 3f 30y,Love Envoi (IRE),D. E. Mullins,0,Harry Fry,6th,15 l,7,11-7t,-,True,51,47
N/A,N/A,15:50,Good To Yielding (Yielding In Places),2m 3f 30y,Brandy Love (IRE),B. Hayes,0,W. P. Mullins,5th,7 1/2 l,7,11-7h,-,True,51,47
N/A,N/A,15:50,Good To Yielding (Yielding In Places),2m 3f 30y,Epatante (FR),Denis O'Regan,0,Nicky Henderson,4th,4 l,9,11-7,-,True,51,47
N/A,N/A,15:50,Good To Yielding (Yielding In Places),2m 3f 30y,Shewearsitwell (IRE),S. F. O'Keeffe,0,W. P. Mullins,3rd,1 l,8,11-7,-,True,51,47
N/A,N/A,15:50,Good To Yielding (Yielding In Places),2m 3f 30y,Anna Bunina (FR),S. D. Torrens,0,John McConnell,2nd,9 1/2 l,7,11-7t,-,True,51,47
N/A,N/A,15:50,Good To Yielding (Yielding In Places),2m 3f 30y,Echoes In Rain (FR),P. Townend,0,W. P. Mullins,1st,N/A,7,11-7ht,-,True,51,47
N/A,N/A,15:50,Good To Yielding (Yielding In Places),2m 3f 30y,Love Envoi (IRE),D. E. Mullins,0,Harry Fry,6th,15 l,7,11-7t,-,True,51,47
N/A,N/A,15:50,Good To Yielding (Yielding In Places),2m 3f 30y,Brandy Love (IRE),B. Hayes,0,W. P. Mullins,5th,7 1/2 l,7,11-7h,-,True,51,47
N/A,N/A,15:50,Good To Yielding (Yielding In Places),2m 3f 30y,Epatante (FR),Denis O'Regan,0,Nicky Henderson,4th,4 l,9,11-7,-,True,51,47
N/A,N/A,15:50,Good To Yielding (Yielding In Places),2m 3f 30y,Shewearsitwell (IRE),S. F. O'Keeffe,0,W. P. Mullins,3rd,1 l,8,11-7,-,True,51,47
N/A,N/A,15:50,Good To Yielding (Yielding In Places),2m 3f 30y,Anna Bunina (FR),S. D. Torrens,0,John McConnell,2nd,9 1/2 l,7,11-7t,-,True,51,47
N/A,N/A,15:50,Good To Yielding (Yielding In Places),2m 3f 30y,Echoes In Rain (FR),P. Townend,0,W. P. Mullins,1st,N/A,7,11-7ht,-,True,51,47
N/A,N/A,16:25,Good To Yielding (Yielding In Places),3m,Sam Brown,B. W. Harvey,5,Anthony Honeyball,F,N/A,11,11-12tb1,150,True,51,48
N/A,N/A,16:25,Good To Yielding (Yielding In Places),3m,Jerandme (IRE),Sean Flanagan,0,Noel Meade,F,N/A,9,10-7p,131,True,51,48
N/A,N/A,16:25,Good To Yielding (Yielding In Places),3m,Darver Star (IRE),Keith Donoghue,0,Gavin Patrick Cromwell,10th,17 l,11,11-5tp,143,True,51,48
N/A,N/A,16:25,Good To Yielding (Yielding In Places),3m,Ramillies (IRE),D. E. Mullins,0,W. P. Mullins,9th,1 1/2 l,8,11-6t,144,True,51,48
N/A,N/A,16:25,Good To Yielding (Yielding In Places),3m,Fire Attack (IRE),S. Fitzgerald,3,Joseph Patrick O'Brien,8th,3 l,8,11-5,143,True,51,48
N/A,N/A,16:25,Good To Yielding (Yielding In Places),3m,Diol Ker (FR),K. E. Buckley,3,Noel Meade,7th,7 1/2 l,9,11-10b,148,True,51,48
N/A,N/A,16:25,Good To Yielding (Yielding In Places),3m,Flegmatik (FR),S. W. Quinlan,0,Dan Skelton,6th,1/2 l,8,10-13tp,137,True,51,48
N/A,N/A,16:25,Good To Yielding (Yielding In Places),3m,Champagne Gold (IRE),M. P. O'Connor,5,Henry de Bromhead,5th,1/2 l,8,10-11tp,135,True,51,48
N/A,N/A,16:25,Good To Yielding (Yielding In Places),3m,Must Be Obeyed (IRE),D. J. O'Keeffe,0,T. Gibney,4th,1 3/4 l,7,10-9,133,True,51,48
N/A,N/A,16:25,Good To Yielding (Yielding In Places),3m,Snugsborough Benny (IRE),D. P. Maxwell,7,J. P. Broderick,3rd,3 3/4 l,13,10-0p,124,True,51,48
N/A,N/A,16:25,Good To Yielding (Yielding In Places),3m,Ballykeel (IRE),Corey McGivern,7,Gordon Elliott,2nd,3/4 l,7,10-0,124,True,51,48
N/A,N/A,16:25,Good To Yielding (Yielding In Places),3m,Brideswell Lad (IRE),J. J. Slevin,0,Seamus Neville,1st,N/A,7,10-2,126,True,51,48
N/A,N/A,16:25,Good To Yielding (Yielding In Places),3m,Sam Brown,B. W. Harvey,5,Anthony Honeyball,F,N/A,11,11-12tb1,150,True,51,48
N/A,N/A,16:25,Good To Yielding (Yielding In Places),3m,Jerandme (IRE),Sean Flanagan,0,Noel Meade,F,N/A,9,10-7p,131,True,51,48
N/A,N/A,16:25,Good To Yielding (Yielding In Places),3m,Darver Star (IRE),Keith Donoghue,0,Gavin Patrick Cromwell,10th,17 l,11,11-5tp,143,True,51,48
N/A,N/A,16:25,Good To Yielding (Yielding In Places),3m,Ramillies (IRE),D. E. Mullins,0,W. P. Mullins,9th,1 1/2 l,8,11-6t,144,True,51,48
N/A,N/A,16:25,Good To Yielding (Yielding In Places),3m,Fire Attack (IRE),S. Fitzgerald,3,Joseph Patrick O'Brien,8th,3 l,8,11-5,143,True,51,48
N/A,N/A,16:25,Good To Yielding (Yielding In Places),3m,Diol Ker (FR),K. E. Buckley,3,Noel Meade,7th,7 1/2 l,9,11-10b,148,True,51,48
N/A,N/A,16:25,Good To Yielding (Yielding In Places),3m,Flegmatik (FR),S. W. Quinlan,0,Dan Skelton,6th,1/2 l,8,10-13tp,137,True,51,48
N/A,N/A,16:25,Good To Yielding (Yielding In Places),3m,Champagne Gold (IRE),M. P. O'Connor,5,Henry de Bromhead,5th,1/2 l,8,10-11tp,135,True,51,48
N/A,N/A,16:25,Good To Yielding (Yielding In Places),3m,Must Be Obeyed (IRE),D. J. O'Keeffe,0,T. Gibney,4th,1 3/4 l,7,10-9,133,True,51,48
N/A,N/A,16:25,Good To Yielding (Yielding In Places),3m,Snugsborough Benny (IRE),D. P. Maxwell,7,J. P. Broderick,3rd,3 3/4 l,13,10-0p,124,True,51,48
N/A,N/A,16:25,Good To Yielding (Yielding In Places),3m,Ballykeel (IRE),Corey McGivern,7,Gordon Elliott,2nd,3/4 l,7,10-0,124,True,51,48
N/A,N/A,16:25,Good To Yielding (Yielding In Places),3m,Brideswell Lad (IRE),J. J. Slevin,0,Seamus Neville,1st,N/A,7,10-2,126,True,51,48
N/A,N/A,17:00,Good To Yielding (Yielding In Places),2m,Cinsa (FR),B. Hayes,0,W. P. Mullins,8th,12 l,4,10-7,-,True,51,49
N/A,N/A,17:00,Good To Yielding (Yielding In Places),2m,Your Honor (IRE),Gavin Peter Brouder,0,James A. Nash,7th,5 1/2 l,4,11-0,-,True,51,49
N/A,N/A,17:00,Good To Yielding (Yielding In Places),2m,Jacovec Cavern,Richard Deegan,0,Paul Hennessy,6th,6 1/2 l,4,11-0h,-,True,51,49
N/A,N/A,17:00,Good To Yielding (Yielding In Places),2m,Enjoy the Dream,D. J. O'Keeffe,0,Andrew McNamara,5th,4 1/4 l,4,10-7,-,True,51,49
N/A,N/A,17:00,Good To Yielding (Yielding In Places),2m,Nusret,J. J. Slevin,0,Joseph Patrick O'Brien,4th,3 3/4 l,4,11-0t,-,True,51,49
N/A,N/A,17:00,Good To Yielding (Yielding In Places),2m,Gala Marceau (FR),D. E. Mullins,0,W. P. Mullins,3rd,2 3/4 l,4,10-7h,-,True,51,49
N/A,N/A,17:00,Good To Yielding (Yielding In Places),2m,Zarak The Brave (FR),Daryl Jacob,0,W. P. Mullins,2nd,1 1/2 l,4,11-0,-,True,51,49
N/A,N/A,17:00,Good To Yielding (Yielding In Places),2m,Lossiemouth (FR),P. Townend,0,W. P. Mullins,1st,N/A,4,10-7,-,True,51,49
N/A,N/A,17:00,Good To Yielding (Yielding In Places),2m,Cinsa (FR),B. Hayes,0,W. P. Mullins,8th,12 l,4,10-7,-,True,51,49
N/A,N/A,17:00,Good To Yielding (Yielding In Places),2m,Your Honor (IRE),Gavin Peter Brouder,0,James A. Nash,7th,5 1/2 l,4,11-0,-,True,51,49
N/A,N/A,17:00,Good To Yielding (Yielding In Places),2m,Jacovec Cavern,Richard Deegan,0,Paul Hennessy,6th,6 1/2 l,4,11-0h,-,True,51,49
N/A,N/A,17:00,Good To Yielding (Yielding In Places),2m,Enjoy the Dream,D. J. O'Keeffe,0,Andrew McNamara,5th,4 1/4 l,4,10-7,-,True,51,49
N/A,N/A,17:00,Good To Yielding (Yielding In Places),2m,Nusret,J. J. Slevin,0,Joseph Patrick O'Brien,4th,3 3/4 l,4,11-0t,-,True,51,49
N/A,N/A,17:00,Good To Yielding (Yielding In Places),2m,Gala Marceau (FR),D. E. Mullins,0,W. P. Mullins,3rd,2 3/4 l,4,10-7h,-,True,51,49
N/A,N/A,17:00,Good To Yielding (Yielding In Places),2m,Zarak The Brave (FR),Daryl Jacob,0,W. P. Mullins,2nd,1 1/2 l,4,11-0,-,True,51,49
N/A,N/A,17:00,Good To Yielding (Yielding In Places),2m,Lossiemouth (FR),P. Townend,0,W. P. Mullins,1st,N/A,4,10-7,-,True,51,49
N/A,N/A,17:30,Good To Yielding (Yielding In Places),2m 3f 30y,Itswhatunitesus (IRE),D. J. Gilligan,7,Gordon Elliott,UR,N/A,6,10-10h,132,True,51,50
N/A,N/A,17:30,Good To Yielding (Yielding In Places),2m 3f 30y,Power of Pause (IRE),Jack Foley,0,W. P. Mullins,PU,N/A,8,10-10,132,True,51,50
N/A,N/A,17:30,Good To Yielding (Yielding In Places),2m 3f 30y,Green Glory (IRE),Phillip Enright,0,Charles Byrnes,16th,12 l,6,10-0,122,True,51,50
N/A,N/A,17:30,Good To Yielding (Yielding In Places),2m 3f 30y,The Shunter (IRE),Donagh Meyler,0,Emmet Mullins,15th,11 l,10,11-4ht,140,True,51,50
N/A,N/A,17:30,Good To Yielding (Yielding In Places),2m 3f 30y,Ambitious Fellow (IRE),S. D. Torrens,0,Peter Fahey,14th,12 l,7,10-12,134,True,51,50
N/A,N/A,17:30,Good To Yielding (Yielding In Places),2m 3f 30y,Galore Desassences (FR),K. E. Buckley,3,Gavin Patrick Cromwell,13th,3 l,7,11-4p,140,True,51,50
N/A,N/A,17:30,Good To Yielding (Yielding In Places),2m 3f 30y,Joyeux Machin (FR),Richard Deegan,0,Paul Nolan,12th,4 1/2 l,6,10-11tp1,133,True,51,50
N/A,N/A,17:30,Good To Yielding (Yielding In Places),2m 3f 30y,Starzov (IRE),D. J. O'Keeffe,0,P. J. Rothwell,11th,Head,6,10-0,122,True,51,50
N/A,N/A,17:30,Good To Yielding (Yielding In Places),2m 3f 30y,Tax For Max (GER),Daryl Jacob,0,W. P. Mullins,10th,1 1/4 l,6,10-11t,133,True,51,50
N/A,N/A,17:30,Good To Yielding (Yielding In Places),2m 3f 30y,An Epic Song (FR),J. J. Slevin,0,Martin Brassil,9th,Head,6,11-3tp,139,True,51,50
N/A,N/A,17:30,Good To Yielding (Yielding In Places),2m 3f 30y,Winter Fog (IRE),Kieran Callaghan,7,W. P. Mullins,8th,3 3/4 l,9,11-12,148,True,51,50
N/A,N/A,17:30,Good To Yielding (Yielding In Places),2m 3f 30y,Heia (FR),P. Townend,0,W. P. Mullins,7th,Head,6,10-12,134,True,51,50
N/A,N/A,17:30,Good To Yielding (Yielding In Places),2m 3f 30y,Risk Belle (FR),L. P. Dempsey,0,W. P. Mullins,6th,1/2 l,4,10-4,134,True,51,50
N/A,N/A,17:30,Good To Yielding (Yielding In Places),2m 3f 30y,Ballyadam (IRE),M. P. O'Connor,5,Henry de Bromhead,5th,1 3/4 l,8,11-11t,147,True,51,50
N/A,N/A,17:30,Good To Yielding (Yielding In Places),2m 3f 30y,Horantzau D'airy (FR),D. E. Mullins,0,W. P. Mullins,4th,Neck,6,10-7t,129,True,51,50
N/A,N/A,17:30,Good To Yielding (Yielding In Places),2m 3f 30y,Mighty Tom (IRE),Denis O'Regan,0,Cian Michael Collins,3rd,3/4 l,8,10-3,125,True,51,50
N/A,N/A,17:30,Good To Yielding (Yielding In Places),2m 3f 30y,The Very Man (IRE),S. F. O'Keeffe,0,Mrs J. Harrington,2nd,2 1/4 l,9,10-13p,135,True,51,50
N/A,N/A,17:30,Good To Yielding (Yielding In Places),2m 3f 30y,Seddon (IRE),B. W. Harvey,5,John McConnell,1st,N/A,10,10-12,134,True,51,50
N/A,N/A,17:30,Good To Yielding (Yielding In Places),2m 3f 30y,Itswhatunitesus (IRE),D. J. Gilligan,7,Gordon Elliott,UR,N/A,6,10-10h,132,True,51,50
N/A,N/A,17:30,Good To Yielding (Yielding In Places),2m 3f 30y,Power of Pause (IRE),Jack Foley,0,W. P. Mullins,PU,N/A,8,10-10,132,True,51,50
N/A,N/A,17:30,Good To Yielding (Yielding In Places),2m 3f 30y,Green Glory (IRE),Phillip Enright,0,Charles Byrnes,16th,12 l,6,10-0,122,True,51,50
N/A,N/A,17:30,Good To Yielding (Yielding In Places),2m 3f 30y,The Shunter (IRE),Donagh Meyler,0,Emmet Mullins,15th,11 l,10,11-4ht,140,True,51,50
N/A,N/A,17:30,Good To Yielding (Yielding In Places),2m 3f 30y,Ambitious Fellow (IRE),S. D. Torrens,0,Peter Fahey,14th,12 l,7,10-12,134,True,51,50
N/A,N/A,17:30,Good To Yielding (Yielding In Places),2m 3f 30y,Galore Desassences (FR),K. E. Buckley,3,Gavin Patrick Cromwell,13th,3 l,7,11-4p,140,True,51,50
N/A,N/A,17:30,Good To Yielding (Yielding In Places),2m 3f 30y,Joyeux Machin (FR),Richard Deegan,0,Paul Nolan,12th,4 1/2 l,6,10-11tp1,133,True,51,50
N/A,N/A,17:30,Good To Yielding (Yielding In Places),2m 3f 30y,Starzov (IRE),D. J. O'Keeffe,0,P. J. Rothwell,11th,Head,6,10-0,122,True,51,50
N/A,N/A,17:30,Good To Yielding (Yielding In Places),2m 3f 30y,Tax For Max (GER),Daryl Jacob,0,W. P. Mullins,10th,1 1/4 l,6,10-11t,133,True,51,50
N/A,N/A,17:30,Good To Yielding (Yielding In Places),2m 3f 30y,An Epic Song (FR),J. J. Slevin,0,Martin Brassil,9th,Head,6,11-3tp,139,True,51,50
N/A,N/A,17:30,Good To Yielding (Yielding In Places),2m 3f 30y,Winter Fog (IRE),Kieran Callaghan,7,W. P. Mullins,8th,3 3/4 l,9,11-12,148,True,51,50
N/A,N/A,17:30,Good To Yielding (Yielding In Places),2m 3f 30y,Heia (FR),P. Townend,0,W. P. Mullins,7th,Head,6,10-12,134,True,51,50
N/A,N/A,17:30,Good To Yielding (Yielding In Places),2m 3f 30y,Risk Belle (FR),L. P. Dempsey,0,W. P. Mullins,6th,1/2 l,4,10-4,134,True,51,50
N/A,N/A,17:30,Good To Yielding (Yielding In Places),2m 3f 30y,Ballyadam (IRE),M. P. O'Connor,5,Henry de Bromhead,5th,1 3/4 l,8,11-11t,147,True,51,50
N/A,N/A,17:30,Good To Yielding (Yielding In Places),2m 3f 30y,Horantzau D'airy (FR),D. E. Mullins,0,W. P. Mullins,4th,Neck,6,10-7t,129,True,51,50
N/A,N/A,17:30,Good To Yielding (Yielding In Places),2m 3f 30y,Mighty Tom (IRE),Denis O'Regan,0,Cian Michael Collins,3rd,3/4 l,8,10-3,125,True,51,50
N/A,N/A,17:30,Good To Yielding (Yielding In Places),2m 3f 30y,The Very Man (IRE),S. F. O'Keeffe,0,Mrs J. Harrington,2nd,2 1/4 l,9,10-13p,135,True,51,50
N/A,N/A,17:30,Good To Yielding (Yielding In Places),2m 3f 30y,Seddon (IRE),B. W. Harvey,5,John McConnell,1st,N/A,10,10-12,134,True,51,50
