track_name,race_date,race_time,going,distance,horse_name,jockey,claims,trainer,race_position,lost_by_length,age,weight,rating,first_place_found,batch_number,url_index_in_batch
Cork Racing Results | 20th April 2025 15:22,N/A,15:22,Soft (Yielding To Soft In Places),3m 80y,Irish Envoy (IRE),T P Harney,7,Liz Doyle,NR,N/A,7,10-8b,102,True,170,1
Cork Racing Results | 20th April 2025 15:22,N/A,15:22,Soft (Yielding To Soft In Places),3m 80y,Donkey Years (IRE),C P McNamara,0,E McNamara,NR,N/A,11,12-0t,122,True,170,1
Cork Racing Results | 20th April 2025 15:22,N/A,15:22,Soft (Yielding To Soft In Places),3m 80y,Insouciant Dallier (FR),J J Slevin,0,Liz Doyle,NR,N/A,7,11-1tp1,109,True,170,1
Cork Racing Results | 20th April 2025 15:22,N/A,15:22,Soft (Yielding To Soft In Places),3m 80y,Getaway Charlie (IRE),C M Quirke,3,T Doyle,PU,N/A,9,11-9,117,True,170,1
Cork Racing Results | 20th April 2025 15:22,N/A,15:22,Soft (Yielding To Soft In Places),3m 80y,Carlas Big Jim (IRE),D King,0,L J Archdeacon,PU,N/A,7,10-8,102,True,170,1
Cork Racing Results | 20th April 2025 15:22,N/A,15:22,Soft (Yielding To Soft In Places),3m 80y,Rokathir (FR),M P O'Connor,0,H De Bromhead,18th,1 l,6,11-1,109,True,170,1
Cork Racing Results | 20th April 2025 15:22,N/A,15:22,Soft (Yielding To Soft In Places),3m 80y,West Is Awake (IRE),P K Donovan,5,E Cawley,17th,17 l,9,11-1ht,109,True,170,1
Cork Racing Results | 20th April 2025 15:22,N/A,15:22,Soft (Yielding To Soft In Places),3m 80y,Idol (FR),R A Berry,7,W M Roper,16th,3/4 l,7,10-12,106,True,170,1
Cork Racing Results | 20th April 2025 15:22,N/A,15:22,Soft (Yielding To Soft In Places),3m 80y,Prophet's Corner (IRE),T Power Roche,5,Sean Allen,15th,10 l,8,11-11,119,True,170,1
Cork Racing Results | 20th April 2025 15:22,N/A,15:22,Soft (Yielding To Soft In Places),3m 80y,Plain Or Battered (IRE),S O'Callaghan,5,P J Rothwell,14th,Neck,8,10-0b,94,True,170,1
Cork Racing Results | 20th April 2025 15:22,N/A,15:22,Soft (Yielding To Soft In Places),3m 80y,Pointe A Pitre (FR),R Deegan,0,P Nolan,13th,3/4 l,6,10-5,99,True,170,1
Cork Racing Results | 20th April 2025 15:22,N/A,15:22,Soft (Yielding To Soft In Places),3m 80y,Toor Khov (IRE),L Quinlan,3,Ms M Flynn,12th,3 1/4 l,7,11-7,115,True,170,1
Cork Racing Results | 20th April 2025 15:22,N/A,15:22,Soft (Yielding To Soft In Places),3m 80y,John Storey (IRE),C G O'Dwyer,5,L P Cusack,11th,4 3/4 l,7,10-7,101,True,170,1
Cork Racing Results | 20th April 2025 15:22,N/A,15:22,Soft (Yielding To Soft In Places),3m 80y,Aleish Lass (IRE),G B Noonan,5,M Winters,10th,1 l,6,10-4,98,True,170,1
Cork Racing Results | 20th April 2025 15:22,N/A,15:22,Soft (Yielding To Soft In Places),3m 80y,Sir Bob (IRE),A P Kelly,5,R Tyner,9th,4 1/4 l,13,11-5b,113,True,170,1
Cork Racing Results | 20th April 2025 15:22,N/A,15:22,Soft (Yielding To Soft In Places),3m 80y,Joshua's Daylami (FR),Cian Cullinan,7,P G Fahey,8th,3/4 l,6,11-2,110,True,170,1
Cork Racing Results | 20th April 2025 15:22,N/A,15:22,Soft (Yielding To Soft In Places),3m 80y,Emancipator (IRE),J P Shinnick,5,T O'Brien,7th,1/2 l,9,11-6b,114,True,170,1
Cork Racing Results | 20th April 2025 15:22,N/A,15:22,Soft (Yielding To Soft In Places),3m 80y,Chosen Thyme (IRE),Niall Moore,5,P Fenton,6th,4 1/2 l,8,11-4,112,True,170,1
Cork Racing Results | 20th April 2025 15:22,N/A,15:22,Soft (Yielding To Soft In Places),3m 80y,He's Home Again (IRE),P Byrnes,0,E Cawley,5th,4 3/4 l,7,10-12,106,True,170,1
Cork Racing Results | 20th April 2025 15:22,N/A,15:22,Soft (Yielding To Soft In Places),3m 80y,Oneforgonzo (IRE),S F O'Keeffe,0,S Aherne,4th,3 3/4 l,7,10-13,107,True,170,1
Cork Racing Results | 20th April 2025 15:22,N/A,15:22,Soft (Yielding To Soft In Places),3m 80y,Robyndeglory (IRE),Mr Alan O'Sullivan,7,C Collins,3rd,9 l,10,10-5tv,99,True,170,1
Cork Racing Results | 20th April 2025 15:22,N/A,15:22,Soft (Yielding To Soft In Places),3m 80y,Cullig (IRE),A Harvey,5,P T Foley,2nd,1 l,6,10-6ht,100,True,170,1
Cork Racing Results | 20th April 2025 15:22,N/A,15:22,Soft (Yielding To Soft In Places),3m 80y,Nelson County (IRE),D J Gilligan,0,R O'Sullivan,1st,N/A,5,10-11,105,True,170,1
Cork Racing Results | 20th April 2025 15:22,N/A,15:22,Soft (Yielding To Soft In Places),3m 80y,Irish Envoy (IRE),T P Harney,7,Liz Doyle,NR,N/A,7,10-8b,102,True,170,1
Cork Racing Results | 20th April 2025 15:22,N/A,15:22,Soft (Yielding To Soft In Places),3m 80y,Donkey Years (IRE),C P McNamara,0,E McNamara,NR,N/A,11,12-0t,122,True,170,1
Cork Racing Results | 20th April 2025 15:22,N/A,15:22,Soft (Yielding To Soft In Places),3m 80y,Insouciant Dallier (FR),J J Slevin,0,Liz Doyle,NR,N/A,7,11-1tp1,109,True,170,1
Cork Racing Results | 20th April 2025 15:22,N/A,15:22,Soft (Yielding To Soft In Places),3m 80y,Getaway Charlie (IRE),C M Quirke,3,T Doyle,PU,N/A,9,11-9,117,True,170,1
Cork Racing Results | 20th April 2025 15:22,N/A,15:22,Soft (Yielding To Soft In Places),3m 80y,Carlas Big Jim (IRE),D King,0,L J Archdeacon,PU,N/A,7,10-8,102,True,170,1
Cork Racing Results | 20th April 2025 15:22,N/A,15:22,Soft (Yielding To Soft In Places),3m 80y,Rokathir (FR),M P O'Connor,0,H De Bromhead,18th,1 l,6,11-1,109,True,170,1
Cork Racing Results | 20th April 2025 15:22,N/A,15:22,Soft (Yielding To Soft In Places),3m 80y,West Is Awake (IRE),P K Donovan,5,E Cawley,17th,17 l,9,11-1ht,109,True,170,1
Cork Racing Results | 20th April 2025 15:22,N/A,15:22,Soft (Yielding To Soft In Places),3m 80y,Idol (FR),R A Berry,7,W M Roper,16th,3/4 l,7,10-12,106,True,170,1
Cork Racing Results | 20th April 2025 15:22,N/A,15:22,Soft (Yielding To Soft In Places),3m 80y,Prophet's Corner (IRE),T Power Roche,5,Sean Allen,15th,10 l,8,11-11,119,True,170,1
Cork Racing Results | 20th April 2025 15:22,N/A,15:22,Soft (Yielding To Soft In Places),3m 80y,Plain Or Battered (IRE),S O'Callaghan,5,P J Rothwell,14th,Neck,8,10-0b,94,True,170,1
Cork Racing Results | 20th April 2025 15:22,N/A,15:22,Soft (Yielding To Soft In Places),3m 80y,Pointe A Pitre (FR),R Deegan,0,P Nolan,13th,3/4 l,6,10-5,99,True,170,1
Cork Racing Results | 20th April 2025 15:22,N/A,15:22,Soft (Yielding To Soft In Places),3m 80y,Toor Khov (IRE),L Quinlan,3,Ms M Flynn,12th,3 1/4 l,7,11-7,115,True,170,1
Cork Racing Results | 20th April 2025 15:22,N/A,15:22,Soft (Yielding To Soft In Places),3m 80y,John Storey (IRE),C G O'Dwyer,5,L P Cusack,11th,4 3/4 l,7,10-7,101,True,170,1
Cork Racing Results | 20th April 2025 15:22,N/A,15:22,Soft (Yielding To Soft In Places),3m 80y,Aleish Lass (IRE),G B Noonan,5,M Winters,10th,1 l,6,10-4,98,True,170,1
Cork Racing Results | 20th April 2025 15:22,N/A,15:22,Soft (Yielding To Soft In Places),3m 80y,Sir Bob (IRE),A P Kelly,5,R Tyner,9th,4 1/4 l,13,11-5b,113,True,170,1
Cork Racing Results | 20th April 2025 15:22,N/A,15:22,Soft (Yielding To Soft In Places),3m 80y,Joshua's Daylami (FR),Cian Cullinan,7,P G Fahey,8th,3/4 l,6,11-2,110,True,170,1
Cork Racing Results | 20th April 2025 15:22,N/A,15:22,Soft (Yielding To Soft In Places),3m 80y,Emancipator (IRE),J P Shinnick,5,T O'Brien,7th,1/2 l,9,11-6b,114,True,170,1
Cork Racing Results | 20th April 2025 15:22,N/A,15:22,Soft (Yielding To Soft In Places),3m 80y,Chosen Thyme (IRE),Niall Moore,5,P Fenton,6th,4 1/2 l,8,11-4,112,True,170,1
Cork Racing Results | 20th April 2025 15:22,N/A,15:22,Soft (Yielding To Soft In Places),3m 80y,He's Home Again (IRE),P Byrnes,0,E Cawley,5th,4 3/4 l,7,10-12,106,True,170,1
Cork Racing Results | 20th April 2025 15:22,N/A,15:22,Soft (Yielding To Soft In Places),3m 80y,Oneforgonzo (IRE),S F O'Keeffe,0,S Aherne,4th,3 3/4 l,7,10-13,107,True,170,1
Cork Racing Results | 20th April 2025 15:22,N/A,15:22,Soft (Yielding To Soft In Places),3m 80y,Robyndeglory (IRE),Mr Alan O'Sullivan,7,C Collins,3rd,9 l,10,10-5tv,99,True,170,1
Cork Racing Results | 20th April 2025 15:22,N/A,15:22,Soft (Yielding To Soft In Places),3m 80y,Cullig (IRE),A Harvey,5,P T Foley,2nd,1 l,6,10-6ht,100,True,170,1
Cork Racing Results | 20th April 2025 15:22,N/A,15:22,Soft (Yielding To Soft In Places),3m 80y,Nelson County (IRE),D J Gilligan,0,R O'Sullivan,1st,N/A,5,10-11,105,True,170,1
Cork Racing Results | 20th April 2025 15:57,N/A,15:57,Yielding (Yielding To Soft In Places),3m 100y,Asterion Forlonge (FR),S F O'Keeffe,0,W P Mullins,UR,N/A,11,11-6t,157,True,170,2
Cork Racing Results | 20th April 2025 15:57,N/A,15:57,Yielding (Yielding To Soft In Places),3m 100y,Lonesome Boatman (FR),T Power Roche,0,Sean Allen,4th,18 l,9,10-10p,126,True,170,2
Cork Racing Results | 20th April 2025 15:57,N/A,15:57,Yielding (Yielding To Soft In Places),3m 100y,Hascoeur Clermont (FR),S O'Callaghan,0,C Coakley,3rd,32 l,8,11-0,121,True,170,2
Cork Racing Results | 20th April 2025 15:57,N/A,15:57,Yielding (Yielding To Soft In Places),3m 100y,Fil Dor (FR),D J Gilligan,0,G Elliott,2nd,7 l,7,11-0tp,148,True,170,2
Cork Racing Results | 20th April 2025 15:57,N/A,15:57,Yielding (Yielding To Soft In Places),3m 100y,Mister Policeman (FR),J J Slevin,0,W P Mullins,1st,N/A,7,11-6,148,True,170,2
Cork Racing Results | 20th April 2025 15:57,N/A,15:57,Yielding (Yielding To Soft In Places),3m 100y,Asterion Forlonge (FR),S F O'Keeffe,0,W P Mullins,UR,N/A,11,11-6t,157,True,170,2
Cork Racing Results | 20th April 2025 15:57,N/A,15:57,Yielding (Yielding To Soft In Places),3m 100y,Lonesome Boatman (FR),T Power Roche,0,Sean Allen,4th,18 l,9,10-10p,126,True,170,2
Cork Racing Results | 20th April 2025 15:57,N/A,15:57,Yielding (Yielding To Soft In Places),3m 100y,Hascoeur Clermont (FR),S O'Callaghan,0,C Coakley,3rd,32 l,8,11-0,121,True,170,2
Cork Racing Results | 20th April 2025 15:57,N/A,15:57,Yielding (Yielding To Soft In Places),3m 100y,Fil Dor (FR),D J Gilligan,0,G Elliott,2nd,7 l,7,11-0tp,148,True,170,2
Cork Racing Results | 20th April 2025 15:57,N/A,15:57,Yielding (Yielding To Soft In Places),3m 100y,Mister Policeman (FR),J J Slevin,0,W P Mullins,1st,N/A,7,11-6,148,True,170,2
Cork Racing Results | 20th April 2025 16:32,N/A,16:32,Yielding (Yielding To Soft In Places),2m 1f 25y,Pride Of Place (IRE),C G O'Dwyer,5,E Bolger,11th,1 3/4 l,6,11-12,-,True,170,3
Cork Racing Results | 20th April 2025 16:32,N/A,16:32,Yielding (Yielding To Soft In Places),2m 1f 25y,Run For Harry (IRE),R Deegan,0,Mrs G Callaghan,10th,14 l,7,11-12t,-,True,170,3
Cork Racing Results | 20th April 2025 16:32,N/A,16:32,Yielding (Yielding To Soft In Places),2m 1f 25y,Ask The Bookie (IRE),D King,0,G Scott,9th,12 l,8,11-12,-,True,170,3
Cork Racing Results | 20th April 2025 16:32,N/A,16:32,Yielding (Yielding To Soft In Places),2m 1f 25y,Dancingondaceiling (IRE),S Fitzgerald,0,G P Cromwell,8th,1 1/2 l,6,11-12,120,True,170,3
Cork Racing Results | 20th April 2025 16:32,N/A,16:32,Yielding (Yielding To Soft In Places),2m 1f 25y,Pinot Gris (IRE),K C Sexton,0,G P Cromwell,7th,1/2 l,5,11-12,-,True,170,3
Cork Racing Results | 20th April 2025 16:32,N/A,16:32,Yielding (Yielding To Soft In Places),2m 1f 25y,Lady Bresil (IRE),S F O'Keeffe,0,H De Bromhead,6th,Head,7,11-5,-,True,170,3
Cork Racing Results | 20th April 2025 16:32,N/A,16:32,Yielding (Yielding To Soft In Places),2m 1f 25y,Will The Wise (IRE),B W Harvey,0,G P Cromwell,5th,20 l,6,11-12,-,True,170,3
Cork Racing Results | 20th April 2025 16:32,N/A,16:32,Yielding (Yielding To Soft In Places),2m 1f 25y,Foxy Girl (FR),M P O'Connor,0,H De Bromhead,4th,5 1/2 l,7,11-5h,128,True,170,3
Cork Racing Results | 20th April 2025 16:32,N/A,16:32,Yielding (Yielding To Soft In Places),2m 1f 25y,Maidenstreetprince (IRE),P Byrnes,0,C Byrnes,3rd,4 1/2 l,8,11-12,125,True,170,3
Cork Racing Results | 20th April 2025 16:32,N/A,16:32,Yielding (Yielding To Soft In Places),2m 1f 25y,Harsh,D J Gilligan,0,G Elliott,2nd,1 3/4 l,5,11-12,-,True,170,3
Cork Racing Results | 20th April 2025 16:32,N/A,16:32,Yielding (Yielding To Soft In Places),2m 1f 25y,Mirazur West (IRE),J S McGarvey,0,W P Mullins,1st,N/A,7,11-12,135,True,170,3
Cork Racing Results | 20th April 2025 16:32,N/A,16:32,Yielding (Yielding To Soft In Places),2m 1f 25y,Pride Of Place (IRE),C G O'Dwyer,5,E Bolger,11th,1 3/4 l,6,11-12,-,True,170,3
Cork Racing Results | 20th April 2025 16:32,N/A,16:32,Yielding (Yielding To Soft In Places),2m 1f 25y,Run For Harry (IRE),R Deegan,0,Mrs G Callaghan,10th,14 l,7,11-12t,-,True,170,3
Cork Racing Results | 20th April 2025 16:32,N/A,16:32,Yielding (Yielding To Soft In Places),2m 1f 25y,Ask The Bookie (IRE),D King,0,G Scott,9th,12 l,8,11-12,-,True,170,3
Cork Racing Results | 20th April 2025 16:32,N/A,16:32,Yielding (Yielding To Soft In Places),2m 1f 25y,Dancingondaceiling (IRE),S Fitzgerald,0,G P Cromwell,8th,1 1/2 l,6,11-12,120,True,170,3
Cork Racing Results | 20th April 2025 16:32,N/A,16:32,Yielding (Yielding To Soft In Places),2m 1f 25y,Pinot Gris (IRE),K C Sexton,0,G P Cromwell,7th,1/2 l,5,11-12,-,True,170,3
Cork Racing Results | 20th April 2025 16:32,N/A,16:32,Yielding (Yielding To Soft In Places),2m 1f 25y,Lady Bresil (IRE),S F O'Keeffe,0,H De Bromhead,6th,Head,7,11-5,-,True,170,3
Cork Racing Results | 20th April 2025 16:32,N/A,16:32,Yielding (Yielding To Soft In Places),2m 1f 25y,Will The Wise (IRE),B W Harvey,0,G P Cromwell,5th,20 l,6,11-12,-,True,170,3
Cork Racing Results | 20th April 2025 16:32,N/A,16:32,Yielding (Yielding To Soft In Places),2m 1f 25y,Foxy Girl (FR),M P O'Connor,0,H De Bromhead,4th,5 1/2 l,7,11-5h,128,True,170,3
Cork Racing Results | 20th April 2025 16:32,N/A,16:32,Yielding (Yielding To Soft In Places),2m 1f 25y,Maidenstreetprince (IRE),P Byrnes,0,C Byrnes,3rd,4 1/2 l,8,11-12,125,True,170,3
Cork Racing Results | 20th April 2025 16:32,N/A,16:32,Yielding (Yielding To Soft In Places),2m 1f 25y,Harsh,D J Gilligan,0,G Elliott,2nd,1 3/4 l,5,11-12,-,True,170,3
Cork Racing Results | 20th April 2025 16:32,N/A,16:32,Yielding (Yielding To Soft In Places),2m 1f 25y,Mirazur West (IRE),J S McGarvey,0,W P Mullins,1st,N/A,7,11-12,135,True,170,3
Cork Racing Results | 20th April 2025 17:07,N/A,17:07,Soft (Yielding To Soft In Places) ace (Turf),2m 3f,Big Ned (IRE),T P Harney,7,J Queally,NR,N/A,5,12-0,-,True,170,4
Cork Racing Results | 20th April 2025 17:07,N/A,17:07,Soft (Yielding To Soft In Places) ace (Turf),2m 3f,Eastbank Warrior (IRE),Mr A P Ryan,7,Jonathan Sweeney,PU,N/A,7,12-0,-,True,170,4
Cork Racing Results | 20th April 2025 17:07,N/A,17:07,Soft (Yielding To Soft In Places) ace (Turf),2m 3f,Lacaduv (IRE),F Brickley,7,G Elliott,13th,91 l,5,12-0t1,-,True,170,4
Cork Racing Results | 20th April 2025 17:07,N/A,17:07,Soft (Yielding To Soft In Places) ace (Turf),2m 3f,Son Of Alacoque (IRE),Mr L Hackett,7,R Hackett,12th,50 l,5,12-0,-,True,170,4
Cork Racing Results | 20th April 2025 17:07,N/A,17:07,Soft (Yielding To Soft In Places) ace (Turf),2m 3f,Peekachoo (IRE),Eoin G Kelly,7,A Murray,11th,1 1/4 l,6,12-0,-,True,170,4
Cork Racing Results | 20th April 2025 17:07,N/A,17:07,Soft (Yielding To Soft In Places) ace (Turf),2m 3f,Rinnaseer Dream (IRE),Mr A Burke-Ott,7,T P O'Connor,10th,44 l,5,12-0,-,True,170,4
Cork Racing Results | 20th April 2025 17:07,N/A,17:07,Soft (Yielding To Soft In Places) ace (Turf),2m 3f,Go To Town (IRE),Mr L P Shanahan,7,S Fahey,9th,Head,5,12-0,-,True,170,4
Cork Racing Results | 20th April 2025 17:07,N/A,17:07,Soft (Yielding To Soft In Places) ace (Turf),2m 3f,Mojoe (IRE),Mr Alan O'Sullivan,7,P T Foley,8th,Head,5,12-0h1,-,True,170,4
Cork Racing Results | 20th April 2025 17:07,N/A,17:07,Soft (Yielding To Soft In Places) ace (Turf),2m 3f,Dream Diamond (IRE),Mr E P O'Brien,5,M Kennedy,7th,3/4 l,5,12-0,-,True,170,4
Cork Racing Results | 20th April 2025 17:07,N/A,17:07,Soft (Yielding To Soft In Places) ace (Turf),2m 3f,Coup D'etat (IRE),Mr J P O'Rourke,7,P O'Rourke,6th,3 3/4 l,6,12-0,-,True,170,4
Cork Racing Results | 20th April 2025 17:07,N/A,17:07,Soft (Yielding To Soft In Places) ace (Turf),2m 3f,The Goose's Acre (IRE),Kevin A Murphy,7,Eamon Courtney,5th,1 3/4 l,5,12-0,-,True,170,4
Cork Racing Results | 20th April 2025 17:07,N/A,17:07,Soft (Yielding To Soft In Places) ace (Turf),2m 3f,Kashchei,Mr D L Queally,0,D Queally,4th,1/2 l,5,12-0,-,True,170,4
Cork Racing Results | 20th April 2025 17:07,N/A,17:07,Soft (Yielding To Soft In Places) ace (Turf),2m 3f,Jack The Lad,Mr F R Buckley,7,T Gibney,3rd,13 l,5,12-0,-,True,170,4
Cork Racing Results | 20th April 2025 17:07,N/A,17:07,Soft (Yielding To Soft In Places) ace (Turf),2m 3f,Thedeviluno (IRE),C D Smithers,7,P Nolan,2nd,11 l,6,12-0,-,True,170,4
Cork Racing Results | 20th April 2025 17:07,N/A,17:07,Soft (Yielding To Soft In Places) ace (Turf),2m 3f,Doctor Du Mesnil (FR),Miss J Townend,0,W P Mullins,1st,N/A,5,12-0,-,True,170,4
Cork Racing Results | 20th April 2025 17:07,N/A,17:07,Soft (Yielding To Soft In Places) ace (Turf),2m 3f,Big Ned (IRE),T P Harney,7,J Queally,NR,N/A,5,12-0,-,True,170,4
Cork Racing Results | 20th April 2025 17:07,N/A,17:07,Soft (Yielding To Soft In Places) ace (Turf),2m 3f,Eastbank Warrior (IRE),Mr A P Ryan,7,Jonathan Sweeney,PU,N/A,7,12-0,-,True,170,4
Cork Racing Results | 20th April 2025 17:07,N/A,17:07,Soft (Yielding To Soft In Places) ace (Turf),2m 3f,Lacaduv (IRE),F Brickley,7,G Elliott,13th,91 l,5,12-0t1,-,True,170,4
Cork Racing Results | 20th April 2025 17:07,N/A,17:07,Soft (Yielding To Soft In Places) ace (Turf),2m 3f,Son Of Alacoque (IRE),Mr L Hackett,7,R Hackett,12th,50 l,5,12-0,-,True,170,4
Cork Racing Results | 20th April 2025 17:07,N/A,17:07,Soft (Yielding To Soft In Places) ace (Turf),2m 3f,Peekachoo (IRE),Eoin G Kelly,7,A Murray,11th,1 1/4 l,6,12-0,-,True,170,4
Cork Racing Results | 20th April 2025 17:07,N/A,17:07,Soft (Yielding To Soft In Places) ace (Turf),2m 3f,Rinnaseer Dream (IRE),Mr A Burke-Ott,7,T P O'Connor,10th,44 l,5,12-0,-,True,170,4
Cork Racing Results | 20th April 2025 17:07,N/A,17:07,Soft (Yielding To Soft In Places) ace (Turf),2m 3f,Go To Town (IRE),Mr L P Shanahan,7,S Fahey,9th,Head,5,12-0,-,True,170,4
Cork Racing Results | 20th April 2025 17:07,N/A,17:07,Soft (Yielding To Soft In Places) ace (Turf),2m 3f,Mojoe (IRE),Mr Alan O'Sullivan,7,P T Foley,8th,Head,5,12-0h1,-,True,170,4
Cork Racing Results | 20th April 2025 17:07,N/A,17:07,Soft (Yielding To Soft In Places) ace (Turf),2m 3f,Dream Diamond (IRE),Mr E P O'Brien,5,M Kennedy,7th,3/4 l,5,12-0,-,True,170,4
Cork Racing Results | 20th April 2025 17:07,N/A,17:07,Soft (Yielding To Soft In Places) ace (Turf),2m 3f,Coup D'etat (IRE),Mr J P O'Rourke,7,P O'Rourke,6th,3 3/4 l,6,12-0,-,True,170,4
Cork Racing Results | 20th April 2025 17:07,N/A,17:07,Soft (Yielding To Soft In Places) ace (Turf),2m 3f,The Goose's Acre (IRE),Kevin A Murphy,7,Eamon Courtney,5th,1 3/4 l,5,12-0,-,True,170,4
Cork Racing Results | 20th April 2025 17:07,N/A,17:07,Soft (Yielding To Soft In Places) ace (Turf),2m 3f,Kashchei,Mr D L Queally,0,D Queally,4th,1/2 l,5,12-0,-,True,170,4
Cork Racing Results | 20th April 2025 17:07,N/A,17:07,Soft (Yielding To Soft In Places) ace (Turf),2m 3f,Jack The Lad,Mr F R Buckley,7,T Gibney,3rd,13 l,5,12-0,-,True,170,4
Cork Racing Results | 20th April 2025 17:07,N/A,17:07,Soft (Yielding To Soft In Places) ace (Turf),2m 3f,Thedeviluno (IRE),C D Smithers,7,P Nolan,2nd,11 l,6,12-0,-,True,170,4
Cork Racing Results | 20th April 2025 17:07,N/A,17:07,Soft (Yielding To Soft In Places) ace (Turf),2m 3f,Doctor Du Mesnil (FR),Miss J Townend,0,W P Mullins,1st,N/A,5,12-0,-,True,170,4
Fairyhouse Racing Results | 20th April 2025 13:22,N/A,13:22,Soft To Heavy,2m 4f,He's Gorgeous (IRE),H E Sexton,7,P A Fahy,NR,N/A,6,11-5,113,True,170,5
Fairyhouse Racing Results | 20th April 2025 13:22,N/A,13:22,Soft To Heavy,2m 4f,Whimsy,O R Brown,5,A McCann,NR,N/A,6,11-12,120,True,170,5
Fairyhouse Racing Results | 20th April 2025 13:22,N/A,13:22,Soft To Heavy,2m 4f,Lynchy Boy (IRE),Non Runner,0,P Fenton,NR,N/A,6,10-9,103,True,170,5
Fairyhouse Racing Results | 20th April 2025 13:22,N/A,13:22,Soft To Heavy,2m 4f,Birmingham Alabama (IRE),J C Gainford,0,E D Delany,NR,N/A,6,11-8,116,True,170,5
Fairyhouse Racing Results | 20th April 2025 13:22,N/A,13:22,Soft To Heavy,2m 4f,Stay Gold (IRE),L A McKenna,5,Colm Murphy,NR,N/A,6,11-2p,110,True,170,5
Fairyhouse Racing Results | 20th April 2025 13:22,N/A,13:22,Soft To Heavy,2m 4f,Newtown Rambler (IRE),Rachael Blackmore,0,H De Bromhead,PU,N/A,6,11-5ht,113,True,170,5
Fairyhouse Racing Results | 20th April 2025 13:22,N/A,13:22,Soft To Heavy,2m 4f,Burvea (IRE),J J Burke,0,D Broad,PU,N/A,5,10-10,104,True,170,5
Fairyhouse Racing Results | 20th April 2025 13:22,N/A,13:22,Soft To Heavy,2m 4f,Young Lucy (IRE),C Stone-Walsh,3,A J Martin,PU,N/A,6,10-10t,104,True,170,5
Fairyhouse Racing Results | 20th April 2025 13:22,N/A,13:22,Soft To Heavy,2m 4f,Harbour Highway (IRE),D Meyler,0,E Mullins,PU,N/A,6,11-4,112,True,170,5
Fairyhouse Racing Results | 20th April 2025 13:22,N/A,13:22,Soft To Heavy,2m 4f,Saffronandblue (IRE),R A Doyle,0,M Brassil,PU,N/A,5,10-7t,101,True,170,5
Fairyhouse Racing Results | 20th April 2025 13:22,N/A,13:22,Soft To Heavy,2m 4f,Krabat (IRE),D E Mullins,0,M J McDonagh,10th,60 l,10,11-8b,116,True,170,5
Fairyhouse Racing Results | 20th April 2025 13:22,N/A,13:22,Soft To Heavy,2m 4f,Must Go Now (IRE),K E Buckley,0,E Cawley,9th,3 l,8,11-5h,113,True,170,5
Fairyhouse Racing Results | 20th April 2025 13:22,N/A,13:22,Soft To Heavy,2m 4f,Ben Solo (IRE),S W Flanagan,0,Miss R Curtis,8th,1 l,6,11-8,116,True,170,5
Fairyhouse Racing Results | 20th April 2025 13:22,N/A,13:22,Soft To Heavy,2m 4f,Kinturk Maggie (IRE),G Brouder,3,T Gibney,7th,2 1/4 l,5,10-0t,94,True,170,5
Fairyhouse Racing Results | 20th April 2025 13:22,N/A,13:22,Soft To Heavy,2m 4f,Attaboyarchie (IRE),Miss E J Sweeney,7,K Thornton,6th,Neck,8,11-0p1,108,True,170,5
Fairyhouse Racing Results | 20th April 2025 13:22,N/A,13:22,Soft To Heavy,2m 4f,Crescent Moon (FR),K M Donoghue,0,G P Cromwell,5th,2 1/4 l,5,11-12,120,True,170,5
Fairyhouse Racing Results | 20th April 2025 13:22,N/A,13:22,Soft To Heavy,2m 4f,To The Wire (IRE),S D Torrens,0,P J Rothwell,4th,3/4 l,5,10-0,93,True,170,5
Fairyhouse Racing Results | 20th April 2025 13:22,N/A,13:22,Soft To Heavy,2m 4f,Collaborative (IRE),P T Enright,0,O McKiernan,3rd,21 l,5,11-9,117,True,170,5
Fairyhouse Racing Results | 20th April 2025 13:22,N/A,13:22,Soft To Heavy,2m 4f,Sticwiththeprocess,M P Walsh,0,T M Walsh,2nd,Short Head,5,10-11,105,True,170,5
Fairyhouse Racing Results | 20th April 2025 13:22,N/A,13:22,Soft To Heavy,2m 4f,Grann's Boy (IRE),D J O'Keeffe,0,H Rogers,1st,N/A,5,11-1,109,True,170,5
Fairyhouse Racing Results | 20th April 2025 13:22,N/A,13:22,Soft To Heavy,2m 4f,He's Gorgeous (IRE),H E Sexton,7,P A Fahy,NR,N/A,6,11-5,113,True,170,5
Fairyhouse Racing Results | 20th April 2025 13:22,N/A,13:22,Soft To Heavy,2m 4f,Whimsy,O R Brown,5,A McCann,NR,N/A,6,11-12,120,True,170,5
Fairyhouse Racing Results | 20th April 2025 13:22,N/A,13:22,Soft To Heavy,2m 4f,Lynchy Boy (IRE),Non Runner,0,P Fenton,NR,N/A,6,10-9,103,True,170,5
Fairyhouse Racing Results | 20th April 2025 13:22,N/A,13:22,Soft To Heavy,2m 4f,Birmingham Alabama (IRE),J C Gainford,0,E D Delany,NR,N/A,6,11-8,116,True,170,5
Fairyhouse Racing Results | 20th April 2025 13:22,N/A,13:22,Soft To Heavy,2m 4f,Stay Gold (IRE),L A McKenna,5,Colm Murphy,NR,N/A,6,11-2p,110,True,170,5
Fairyhouse Racing Results | 20th April 2025 13:22,N/A,13:22,Soft To Heavy,2m 4f,Newtown Rambler (IRE),Rachael Blackmore,0,H De Bromhead,PU,N/A,6,11-5ht,113,True,170,5
Fairyhouse Racing Results | 20th April 2025 13:22,N/A,13:22,Soft To Heavy,2m 4f,Burvea (IRE),J J Burke,0,D Broad,PU,N/A,5,10-10,104,True,170,5
Fairyhouse Racing Results | 20th April 2025 13:22,N/A,13:22,Soft To Heavy,2m 4f,Young Lucy (IRE),C Stone-Walsh,3,A J Martin,PU,N/A,6,10-10t,104,True,170,5
Fairyhouse Racing Results | 20th April 2025 13:22,N/A,13:22,Soft To Heavy,2m 4f,Harbour Highway (IRE),D Meyler,0,E Mullins,PU,N/A,6,11-4,112,True,170,5
Fairyhouse Racing Results | 20th April 2025 13:22,N/A,13:22,Soft To Heavy,2m 4f,Saffronandblue (IRE),R A Doyle,0,M Brassil,PU,N/A,5,10-7t,101,True,170,5
Fairyhouse Racing Results | 20th April 2025 13:22,N/A,13:22,Soft To Heavy,2m 4f,Krabat (IRE),D E Mullins,0,M J McDonagh,10th,60 l,10,11-8b,116,True,170,5
Fairyhouse Racing Results | 20th April 2025 13:22,N/A,13:22,Soft To Heavy,2m 4f,Must Go Now (IRE),K E Buckley,0,E Cawley,9th,3 l,8,11-5h,113,True,170,5
Fairyhouse Racing Results | 20th April 2025 13:22,N/A,13:22,Soft To Heavy,2m 4f,Ben Solo (IRE),S W Flanagan,0,Miss R Curtis,8th,1 l,6,11-8,116,True,170,5
Fairyhouse Racing Results | 20th April 2025 13:22,N/A,13:22,Soft To Heavy,2m 4f,Kinturk Maggie (IRE),G Brouder,3,T Gibney,7th,2 1/4 l,5,10-0t,94,True,170,5
Fairyhouse Racing Results | 20th April 2025 13:22,N/A,13:22,Soft To Heavy,2m 4f,Attaboyarchie (IRE),Miss E J Sweeney,7,K Thornton,6th,Neck,8,11-0p1,108,True,170,5
Fairyhouse Racing Results | 20th April 2025 13:22,N/A,13:22,Soft To Heavy,2m 4f,Crescent Moon (FR),K M Donoghue,0,G P Cromwell,5th,2 1/4 l,5,11-12,120,True,170,5
Fairyhouse Racing Results | 20th April 2025 13:22,N/A,13:22,Soft To Heavy,2m 4f,To The Wire (IRE),S D Torrens,0,P J Rothwell,4th,3/4 l,5,10-0,93,True,170,5
Fairyhouse Racing Results | 20th April 2025 13:22,N/A,13:22,Soft To Heavy,2m 4f,Collaborative (IRE),P T Enright,0,O McKiernan,3rd,21 l,5,11-9,117,True,170,5
Fairyhouse Racing Results | 20th April 2025 13:22,N/A,13:22,Soft To Heavy,2m 4f,Sticwiththeprocess,M P Walsh,0,T M Walsh,2nd,Short Head,5,10-11,105,True,170,5
Fairyhouse Racing Results | 20th April 2025 13:22,N/A,13:22,Soft To Heavy,2m 4f,Grann's Boy (IRE),D J O'Keeffe,0,H Rogers,1st,N/A,5,11-1,109,True,170,5
Fairyhouse Racing Results | 20th April 2025 13:52,N/A,13:52,Soft To Heavy,2m 140y,Spinning Web (IRE),D E Mullins,0,Ms M Mullins,NR,N/A,5,10-6t,124,True,170,6
Fairyhouse Racing Results | 20th April 2025 13:52,N/A,13:52,Soft To Heavy,2m 140y,Jasko Des Dames (FR),D J O'Keeffe,0,H De Bromhead,NR,N/A,6,10-11t,129,True,170,6
Fairyhouse Racing Results | 20th April 2025 13:52,N/A,13:52,Soft To Heavy,2m 140y,Jesse Evans (IRE),D Meyler,0,N Meade,NR,N/A,9,11-12t,144,True,170,6
Fairyhouse Racing Results | 20th April 2025 13:52,N/A,13:52,Soft To Heavy,2m 140y,Rainbow Trail (FR),Sam Ewing,0,G Elliott,NR,N/A,7,10-8,126,True,170,6
Fairyhouse Racing Results | 20th April 2025 13:52,N/A,13:52,Soft To Heavy,2m 140y,Drumgill (IRE),Rachael Blackmore,0,J P Ryan,9th,19 l,6,10-12,130,True,170,6
Fairyhouse Racing Results | 20th April 2025 13:52,N/A,13:52,Soft To Heavy,2m 140y,Springt De La Mare (FR),C Stone-Walsh,3,G P Cromwell,8th,1 3/4 l,6,11-6t,138,True,170,6
Fairyhouse Racing Results | 20th April 2025 13:52,N/A,13:52,Soft To Heavy,2m 140y,No Flies On Him (IRE),M M McDonagh,0,E J O'Grady,7th,21 l,6,10-12,130,True,170,6
Fairyhouse Racing Results | 20th April 2025 13:52,N/A,13:52,Soft To Heavy,2m 140y,Release The Beast (IRE),S W Flanagan,0,P Nolan,6th,4 l,6,10-9t,127,True,170,6
Fairyhouse Racing Results | 20th April 2025 13:52,N/A,13:52,Soft To Heavy,2m 140y,Miss Pronunciation (IRE),M P Walsh,0,P Roche,5th,2 3/4 l,8,10-4ht,122,True,170,6
Fairyhouse Racing Results | 20th April 2025 13:52,N/A,13:52,Soft To Heavy,2m 140y,Path D'oroux (FR),K M Donoghue,0,G P Cromwell,4th,1/2 l,8,11-12tb1,144,True,170,6
Fairyhouse Racing Results | 20th April 2025 13:52,N/A,13:52,Soft To Heavy,2m 140y,Listentillitellyea (IRE),G Brouder,3,T Gibney,3rd,3 1/4 l,9,10-0,118,True,170,6
Fairyhouse Racing Results | 20th April 2025 13:52,N/A,13:52,Soft To Heavy,2m 140y,Conyers Hill (IRE),J C Gainford,0,P Nolan,2nd,2 3/4 l,7,10-11h,129,True,170,6
Fairyhouse Racing Results | 20th April 2025 13:52,N/A,13:52,Soft To Heavy,2m 140y,Hillsdale (IRE),J J Burke,0,J P Dempsey,1st,N/A,6,10-4,122,True,170,6
Fairyhouse Racing Results | 20th April 2025 13:52,N/A,13:52,Soft To Heavy,2m 140y,Spinning Web (IRE),D E Mullins,0,Ms M Mullins,NR,N/A,5,10-6t,124,True,170,6
Fairyhouse Racing Results | 20th April 2025 13:52,N/A,13:52,Soft To Heavy,2m 140y,Jasko Des Dames (FR),D J O'Keeffe,0,H De Bromhead,NR,N/A,6,10-11t,129,True,170,6
Fairyhouse Racing Results | 20th April 2025 13:52,N/A,13:52,Soft To Heavy,2m 140y,Jesse Evans (IRE),D Meyler,0,N Meade,NR,N/A,9,11-12t,144,True,170,6
Fairyhouse Racing Results | 20th April 2025 13:52,N/A,13:52,Soft To Heavy,2m 140y,Rainbow Trail (FR),Sam Ewing,0,G Elliott,NR,N/A,7,10-8,126,True,170,6
Fairyhouse Racing Results | 20th April 2025 13:52,N/A,13:52,Soft To Heavy,2m 140y,Drumgill (IRE),Rachael Blackmore,0,J P Ryan,9th,19 l,6,10-12,130,True,170,6
Fairyhouse Racing Results | 20th April 2025 13:52,N/A,13:52,Soft To Heavy,2m 140y,Springt De La Mare (FR),C Stone-Walsh,3,G P Cromwell,8th,1 3/4 l,6,11-6t,138,True,170,6
Fairyhouse Racing Results | 20th April 2025 13:52,N/A,13:52,Soft To Heavy,2m 140y,No Flies On Him (IRE),M M McDonagh,0,E J O'Grady,7th,21 l,6,10-12,130,True,170,6
Fairyhouse Racing Results | 20th April 2025 13:52,N/A,13:52,Soft To Heavy,2m 140y,Release The Beast (IRE),S W Flanagan,0,P Nolan,6th,4 l,6,10-9t,127,True,170,6
Fairyhouse Racing Results | 20th April 2025 13:52,N/A,13:52,Soft To Heavy,2m 140y,Miss Pronunciation (IRE),M P Walsh,0,P Roche,5th,2 3/4 l,8,10-4ht,122,True,170,6
Fairyhouse Racing Results | 20th April 2025 13:52,N/A,13:52,Soft To Heavy,2m 140y,Path D'oroux (FR),K M Donoghue,0,G P Cromwell,4th,1/2 l,8,11-12tb1,144,True,170,6
Fairyhouse Racing Results | 20th April 2025 13:52,N/A,13:52,Soft To Heavy,2m 140y,Listentillitellyea (IRE),G Brouder,3,T Gibney,3rd,3 1/4 l,9,10-0,118,True,170,6
Fairyhouse Racing Results | 20th April 2025 13:52,N/A,13:52,Soft To Heavy,2m 140y,Conyers Hill (IRE),J C Gainford,0,P Nolan,2nd,2 3/4 l,7,10-11h,129,True,170,6
Fairyhouse Racing Results | 20th April 2025 13:52,N/A,13:52,Soft To Heavy,2m 140y,Hillsdale (IRE),J J Burke,0,J P Dempsey,1st,N/A,6,10-4,122,True,170,6
Fairyhouse Racing Results | 20th April 2025 14:22,N/A,14:22,Soft To Heavy,2m 4f,Ile Atlantique (FR),Mr P W Mullins,0,W P Mullins,UR,N/A,7,11-10t,153,True,170,7
Fairyhouse Racing Results | 20th April 2025 14:22,N/A,14:22,Soft To Heavy,2m 4f,Kilbarry Saint (FR),D J O'Keeffe,0,C O'Keeffe,5th,23 l,6,11-3ht,131,True,170,7
Fairyhouse Racing Results | 20th April 2025 14:22,N/A,14:22,Soft To Heavy,2m 4f,Down Memory Lane (IRE),M P Walsh,0,G Elliott,4th,28 l,7,11-10,145,True,170,7
Fairyhouse Racing Results | 20th April 2025 14:22,N/A,14:22,Soft To Heavy,2m 4f,Champ Kiely (IRE),P Townend,0,W P Mullins,3rd,6 l,9,11-10,150,True,170,7
Fairyhouse Racing Results | 20th April 2025 14:22,N/A,14:22,Soft To Heavy,2m 4f,Firefox (IRE),Sam Ewing,0,G Elliott,2nd,4 1/2 l,7,11-10,149,True,170,7
Fairyhouse Racing Results | 20th April 2025 14:22,N/A,14:22,Soft To Heavy,2m 4f,Spindleberry (IRE),D E Mullins,0,W P Mullins,1st,N/A,7,11-3,142,True,170,7
Fairyhouse Racing Results | 20th April 2025 14:22,N/A,14:22,Soft To Heavy,2m 4f,Ile Atlantique (FR),Mr P W Mullins,0,W P Mullins,UR,N/A,7,11-10t,153,True,170,7
Fairyhouse Racing Results | 20th April 2025 14:22,N/A,14:22,Soft To Heavy,2m 4f,Kilbarry Saint (FR),D J O'Keeffe,0,C O'Keeffe,5th,23 l,6,11-3ht,131,True,170,7
Fairyhouse Racing Results | 20th April 2025 14:22,N/A,14:22,Soft To Heavy,2m 4f,Down Memory Lane (IRE),M P Walsh,0,G Elliott,4th,28 l,7,11-10,145,True,170,7
Fairyhouse Racing Results | 20th April 2025 14:22,N/A,14:22,Soft To Heavy,2m 4f,Champ Kiely (IRE),P Townend,0,W P Mullins,3rd,6 l,9,11-10,150,True,170,7
Fairyhouse Racing Results | 20th April 2025 14:22,N/A,14:22,Soft To Heavy,2m 4f,Firefox (IRE),Sam Ewing,0,G Elliott,2nd,4 1/2 l,7,11-10,149,True,170,7
Fairyhouse Racing Results | 20th April 2025 14:22,N/A,14:22,Soft To Heavy,2m 4f,Spindleberry (IRE),D E Mullins,0,W P Mullins,1st,N/A,7,11-3,142,True,170,7
Fairyhouse Racing Results | 20th April 2025 15:00,N/A,15:00,Soft To Heavy,2m 4f,Lightkeeper (IRE),J C Gainford,0,G Elliott,NR,N/A,7,12-0tb,130,True,170,8
Fairyhouse Racing Results | 20th April 2025 15:00,N/A,15:00,Soft To Heavy,2m 4f,Broomfield Bijou (IRE),J J Burke,0,J P Dempsey,NR,N/A,7,11-12p,128,True,170,8
Fairyhouse Racing Results | 20th April 2025 15:00,N/A,15:00,Soft To Heavy,2m 4f,Gaelic Arc (IRE),Mr D McGill,7,J P Ryan,8th,1 3/4 l,9,11-13,129,True,170,8
Fairyhouse Racing Results | 20th April 2025 15:00,N/A,15:00,Soft To Heavy,2m 4f,Kudasheva (IRE),Rachael Blackmore,0,H De Bromhead,7th,3/4 l,7,11-3t,119,True,170,8
Fairyhouse Racing Results | 20th April 2025 15:00,N/A,15:00,Soft To Heavy,2m 4f,Backmersackme (IRE),D Meyler,0,E Mullins,6th,3/4 l,6,11-9,-,True,170,8
Fairyhouse Racing Results | 20th April 2025 15:00,N/A,15:00,Soft To Heavy,2m 4f,Ballysax Hank (IRE),K E Buckley,0,G P Cromwell,5th,8 l,6,12-0h,-,True,170,8
Fairyhouse Racing Results | 20th April 2025 15:00,N/A,15:00,Soft To Heavy,2m 4f,Antrim Coast (IRE),K M Donoghue,0,G P Cromwell,4th,1 1/2 l,7,11-7,123,True,170,8
Fairyhouse Racing Results | 20th April 2025 15:00,N/A,15:00,Soft To Heavy,2m 4f,Linden Arden (IRE),B Hayes,0,P Fenton,3rd,2 1/4 l,7,12-0,130,True,170,8
Fairyhouse Racing Results | 20th April 2025 15:00,N/A,15:00,Soft To Heavy,2m 4f,Dutch Schultz,C Stone-Walsh,3,G P Cromwell,2nd,6 1/2 l,8,11-7h,123,True,170,8
Fairyhouse Racing Results | 20th April 2025 15:00,N/A,15:00,Soft To Heavy,2m 4f,Buachaillbocht,M P Walsh,0,T M Walsh,1st,N/A,7,10-13tb1,113,True,170,8
Fairyhouse Racing Results | 20th April 2025 15:00,N/A,15:00,Soft To Heavy,2m 4f,Lightkeeper (IRE),J C Gainford,0,G Elliott,NR,N/A,7,12-0tb,130,True,170,8
Fairyhouse Racing Results | 20th April 2025 15:00,N/A,15:00,Soft To Heavy,2m 4f,Broomfield Bijou (IRE),J J Burke,0,J P Dempsey,NR,N/A,7,11-12p,128,True,170,8
Fairyhouse Racing Results | 20th April 2025 15:00,N/A,15:00,Soft To Heavy,2m 4f,Gaelic Arc (IRE),Mr D McGill,7,J P Ryan,8th,1 3/4 l,9,11-13,129,True,170,8
Fairyhouse Racing Results | 20th April 2025 15:00,N/A,15:00,Soft To Heavy,2m 4f,Kudasheva (IRE),Rachael Blackmore,0,H De Bromhead,7th,3/4 l,7,11-3t,119,True,170,8
Fairyhouse Racing Results | 20th April 2025 15:00,N/A,15:00,Soft To Heavy,2m 4f,Backmersackme (IRE),D Meyler,0,E Mullins,6th,3/4 l,6,11-9,-,True,170,8
Fairyhouse Racing Results | 20th April 2025 15:00,N/A,15:00,Soft To Heavy,2m 4f,Ballysax Hank (IRE),K E Buckley,0,G P Cromwell,5th,8 l,6,12-0h,-,True,170,8
Fairyhouse Racing Results | 20th April 2025 15:00,N/A,15:00,Soft To Heavy,2m 4f,Antrim Coast (IRE),K M Donoghue,0,G P Cromwell,4th,1 1/2 l,7,11-7,123,True,170,8
Fairyhouse Racing Results | 20th April 2025 15:00,N/A,15:00,Soft To Heavy,2m 4f,Linden Arden (IRE),B Hayes,0,P Fenton,3rd,2 1/4 l,7,12-0,130,True,170,8
Fairyhouse Racing Results | 20th April 2025 15:00,N/A,15:00,Soft To Heavy,2m 4f,Dutch Schultz,C Stone-Walsh,3,G P Cromwell,2nd,6 1/2 l,8,11-7h,123,True,170,8
Fairyhouse Racing Results | 20th April 2025 15:00,N/A,15:00,Soft To Heavy,2m 4f,Buachaillbocht,M P Walsh,0,T M Walsh,1st,N/A,7,10-13tb1,113,True,170,8
Fairyhouse Racing Results | 20th April 2025 15:35,N/A,15:35,Soft To Heavy,2m 25y,Walk On Annilog (IRE),O R Brown,5,R Dunne,NR,N/A,6,11-5,-,True,170,9
Fairyhouse Racing Results | 20th April 2025 15:35,N/A,15:35,Soft To Heavy,2m 25y,Road To Ninety (IRE),S D Torrens,0,R O'Sullivan,PU,N/A,5,11-12,-,True,170,9
Fairyhouse Racing Results | 20th April 2025 15:35,N/A,15:35,Soft To Heavy,2m 25y,Nita (GER),P M O'Brien,7,D A McLoughlin,PU,N/A,5,11-5,-,True,170,9
Fairyhouse Racing Results | 20th April 2025 15:35,N/A,15:35,Soft To Heavy,2m 25y,Mystic Milly (IRE),L A McKenna,5,C O'Connell,PU,N/A,5,11-5h,-,True,170,9
Fairyhouse Racing Results | 20th April 2025 15:35,N/A,15:35,Soft To Heavy,2m 25y,Bear Profit (IRE),J Coen,3,Gerard O'Leary,PU,N/A,6,11-12,-,True,170,9
Fairyhouse Racing Results | 20th April 2025 15:35,N/A,15:35,Soft To Heavy,2m 25y,Not Even Maybe (IRE),H E Sexton,7,W Delahunty,18th,14 l,5,11-5,-,True,170,9
Fairyhouse Racing Results | 20th April 2025 15:35,N/A,15:35,Soft To Heavy,2m 25y,Menas Miracle (IRE),C Stone-Walsh,3,Brendan Walsh,17th,22 l,6,11-5,-,True,170,9
Fairyhouse Racing Results | 20th April 2025 15:35,N/A,15:35,Soft To Heavy,2m 25y,Millrace (IRE),K E Buckley,0,D A McLoughlin,16th,1 l,6,11-12t1,-,True,170,9
Fairyhouse Racing Results | 20th April 2025 15:35,N/A,15:35,Soft To Heavy,2m 25y,Kaligo (IRE),K M Donoghue,0,G P Cromwell,15th,2 l,6,11-12,-,True,170,9
Fairyhouse Racing Results | 20th April 2025 15:35,N/A,15:35,Soft To Heavy,2m 25y,Ballykinlar (IRE),A McCurtin,0,Donncha Duggan,14th,3/4 l,6,11-12t,-,True,170,9
Fairyhouse Racing Results | 20th April 2025 15:35,N/A,15:35,Soft To Heavy,2m 25y,Back To Cali (IRE),Mr A Leahy,7,J J Hanlon,13th,3 3/4 l,5,11-12,-,True,170,9
Fairyhouse Racing Results | 20th April 2025 15:35,N/A,15:35,Soft To Heavy,2m 25y,Classy Cc (IRE),R A Doyle,0,M Brassil,12th,3 l,5,11-5t,-,True,170,9
Fairyhouse Racing Results | 20th April 2025 15:35,N/A,15:35,Soft To Heavy,2m 25y,Rizedda (FR),D J O'Keeffe,0,H De Bromhead,11th,1 3/4 l,5,11-5,-,True,170,9
Fairyhouse Racing Results | 20th April 2025 15:35,N/A,15:35,Soft To Heavy,2m 25y,Tsavo Park (IRE),R P Treacy,0,J J Hanlon,10th,1 l,6,11-12,-,True,170,9
Fairyhouse Racing Results | 20th April 2025 15:35,N/A,15:35,Soft To Heavy,2m 25y,Hey Babbs (IRE),P J O'Hanlon,0,D A McLoughlin,9th,2 3/4 l,5,11-5,-,True,170,9
Fairyhouse Racing Results | 20th April 2025 15:35,N/A,15:35,Soft To Heavy,2m 25y,Bokamsin (FR),Rachael Blackmore,0,H De Bromhead,8th,4 3/4 l,5,11-12,-,True,170,9
Fairyhouse Racing Results | 20th April 2025 15:35,N/A,15:35,Soft To Heavy,2m 25y,Encosta (IRE),D Meyler,0,N Meade,7th,1 1/4 l,5,11-5,-,True,170,9
Fairyhouse Racing Results | 20th April 2025 15:35,N/A,15:35,Soft To Heavy,2m 25y,Good Deal (IRE),E Walsh,0,P Magee,6th,2 1/4 l,6,11-12h1,-,True,170,9
Fairyhouse Racing Results | 20th April 2025 15:35,N/A,15:35,Soft To Heavy,2m 25y,Enge Hazard (SWE),B Hayes,0,A McNamara,5th,2 1/4 l,7,11-12,-,True,170,9
Fairyhouse Racing Results | 20th April 2025 15:35,N/A,15:35,Soft To Heavy,2m 25y,Son Of Anarchy (IRE),M P Walsh,0,G Elliott,4th,7 l,6,11-12,118,True,170,9
Fairyhouse Racing Results | 20th April 2025 15:35,N/A,15:35,Soft To Heavy,2m 25y,Net Boy (FR),S W Flanagan,0,B Connell,3rd,1/2 l,6,11-12t,-,True,170,9
Fairyhouse Racing Results | 20th April 2025 15:35,N/A,15:35,Soft To Heavy,2m 25y,Emily Love (IRE),Sam Ewing,0,G Elliott,2nd,5 1/2 l,6,11-5,-,True,170,9
Fairyhouse Racing Results | 20th April 2025 15:35,N/A,15:35,Soft To Heavy,2m 25y,Icare D'aubrelle (FR),J C Gainford,0,T Cooper,1st,N/A,7,11-12h1,-,True,170,9
Fairyhouse Racing Results | 20th April 2025 15:35,N/A,15:35,Soft To Heavy,2m 25y,Walk On Annilog (IRE),O R Brown,5,R Dunne,NR,N/A,6,11-5,-,True,170,9
Fairyhouse Racing Results | 20th April 2025 15:35,N/A,15:35,Soft To Heavy,2m 25y,Road To Ninety (IRE),S D Torrens,0,R O'Sullivan,PU,N/A,5,11-12,-,True,170,9
Fairyhouse Racing Results | 20th April 2025 15:35,N/A,15:35,Soft To Heavy,2m 25y,Nita (GER),P M O'Brien,7,D A McLoughlin,PU,N/A,5,11-5,-,True,170,9
Fairyhouse Racing Results | 20th April 2025 15:35,N/A,15:35,Soft To Heavy,2m 25y,Mystic Milly (IRE),L A McKenna,5,C O'Connell,PU,N/A,5,11-5h,-,True,170,9
Fairyhouse Racing Results | 20th April 2025 15:35,N/A,15:35,Soft To Heavy,2m 25y,Bear Profit (IRE),J Coen,3,Gerard O'Leary,PU,N/A,6,11-12,-,True,170,9
Fairyhouse Racing Results | 20th April 2025 15:35,N/A,15:35,Soft To Heavy,2m 25y,Not Even Maybe (IRE),H E Sexton,7,W Delahunty,18th,14 l,5,11-5,-,True,170,9
Fairyhouse Racing Results | 20th April 2025 15:35,N/A,15:35,Soft To Heavy,2m 25y,Menas Miracle (IRE),C Stone-Walsh,3,Brendan Walsh,17th,22 l,6,11-5,-,True,170,9
Fairyhouse Racing Results | 20th April 2025 15:35,N/A,15:35,Soft To Heavy,2m 25y,Millrace (IRE),K E Buckley,0,D A McLoughlin,16th,1 l,6,11-12t1,-,True,170,9
Fairyhouse Racing Results | 20th April 2025 15:35,N/A,15:35,Soft To Heavy,2m 25y,Kaligo (IRE),K M Donoghue,0,G P Cromwell,15th,2 l,6,11-12,-,True,170,9
Fairyhouse Racing Results | 20th April 2025 15:35,N/A,15:35,Soft To Heavy,2m 25y,Ballykinlar (IRE),A McCurtin,0,Donncha Duggan,14th,3/4 l,6,11-12t,-,True,170,9
Fairyhouse Racing Results | 20th April 2025 15:35,N/A,15:35,Soft To Heavy,2m 25y,Back To Cali (IRE),Mr A Leahy,7,J J Hanlon,13th,3 3/4 l,5,11-12,-,True,170,9
Fairyhouse Racing Results | 20th April 2025 15:35,N/A,15:35,Soft To Heavy,2m 25y,Classy Cc (IRE),R A Doyle,0,M Brassil,12th,3 l,5,11-5t,-,True,170,9
Fairyhouse Racing Results | 20th April 2025 15:35,N/A,15:35,Soft To Heavy,2m 25y,Rizedda (FR),D J O'Keeffe,0,H De Bromhead,11th,1 3/4 l,5,11-5,-,True,170,9
Fairyhouse Racing Results | 20th April 2025 15:35,N/A,15:35,Soft To Heavy,2m 25y,Tsavo Park (IRE),R P Treacy,0,J J Hanlon,10th,1 l,6,11-12,-,True,170,9
Fairyhouse Racing Results | 20th April 2025 15:35,N/A,15:35,Soft To Heavy,2m 25y,Hey Babbs (IRE),P J O'Hanlon,0,D A McLoughlin,9th,2 3/4 l,5,11-5,-,True,170,9
Fairyhouse Racing Results | 20th April 2025 15:35,N/A,15:35,Soft To Heavy,2m 25y,Bokamsin (FR),Rachael Blackmore,0,H De Bromhead,8th,4 3/4 l,5,11-12,-,True,170,9
Fairyhouse Racing Results | 20th April 2025 15:35,N/A,15:35,Soft To Heavy,2m 25y,Encosta (IRE),D Meyler,0,N Meade,7th,1 1/4 l,5,11-5,-,True,170,9
Fairyhouse Racing Results | 20th April 2025 15:35,N/A,15:35,Soft To Heavy,2m 25y,Good Deal (IRE),E Walsh,0,P Magee,6th,2 1/4 l,6,11-12h1,-,True,170,9
Fairyhouse Racing Results | 20th April 2025 15:35,N/A,15:35,Soft To Heavy,2m 25y,Enge Hazard (SWE),B Hayes,0,A McNamara,5th,2 1/4 l,7,11-12,-,True,170,9
Fairyhouse Racing Results | 20th April 2025 15:35,N/A,15:35,Soft To Heavy,2m 25y,Son Of Anarchy (IRE),M P Walsh,0,G Elliott,4th,7 l,6,11-12,118,True,170,9
Fairyhouse Racing Results | 20th April 2025 15:35,N/A,15:35,Soft To Heavy,2m 25y,Net Boy (FR),S W Flanagan,0,B Connell,3rd,1/2 l,6,11-12t,-,True,170,9
Fairyhouse Racing Results | 20th April 2025 15:35,N/A,15:35,Soft To Heavy,2m 25y,Emily Love (IRE),Sam Ewing,0,G Elliott,2nd,5 1/2 l,6,11-5,-,True,170,9
Fairyhouse Racing Results | 20th April 2025 15:35,N/A,15:35,Soft To Heavy,2m 25y,Icare D'aubrelle (FR),J C Gainford,0,T Cooper,1st,N/A,7,11-12h1,-,True,170,9
Fairyhouse Racing Results | 20th April 2025 16:10,N/A,16:10,Soft To Heavy,2m 4f,Dream On Baby (IRE),D Meyler,0,E Mullins,NR,N/A,5,11-5t,128,True,170,10
Fairyhouse Racing Results | 20th April 2025 16:10,N/A,16:10,Soft To Heavy,2m 4f,Sixandahalf (IRE),Non Runner,0,G P Cromwell,NR,N/A,5,11-5,-,True,170,10
Fairyhouse Racing Results | 20th April 2025 16:10,N/A,16:10,Soft To Heavy,2m 4f,The Big Westerner (IRE),D J O'Keeffe,0,H De Bromhead,PU,N/A,6,11-5,140,True,170,10
Fairyhouse Racing Results | 20th April 2025 16:10,N/A,16:10,Soft To Heavy,2m 4f,Venusienne (FR),B Hayes,0,W P Mullins,PU,N/A,5,11-5,-,True,170,10
Fairyhouse Racing Results | 20th April 2025 16:10,N/A,16:10,Soft To Heavy,2m 4f,Kmil Du Seuil (FR),R A Doyle,0,W P Mullins,PU,N/A,5,11-5,-,True,170,10
Fairyhouse Racing Results | 20th April 2025 16:10,N/A,16:10,Soft To Heavy,2m 4f,Swing Davis (FR),Sam Ewing,0,G Elliott,PU,N/A,5,11-5,121,True,170,10
Fairyhouse Racing Results | 20th April 2025 16:10,N/A,16:10,Soft To Heavy,2m 4f,Kom Tu Voudras (FR),S D Torrens,0,W P Mullins,PU,N/A,5,11-5,-,True,170,10
Fairyhouse Racing Results | 20th April 2025 16:10,N/A,16:10,Soft To Heavy,2m 4f,Hey Sunshine (IRE),P T Enright,0,W P Mullins,9th,13 l,6,11-5,130,True,170,10
Fairyhouse Racing Results | 20th April 2025 16:10,N/A,16:10,Soft To Heavy,2m 4f,World Of Fortunes (IRE),J C Gainford,0,L Kenny,8th,6 1/2 l,7,11-5p,130,True,170,10
Fairyhouse Racing Results | 20th April 2025 16:10,N/A,16:10,Soft To Heavy,2m 4f,Air Of Entitlement (IRE),Rachael Blackmore,0,H De Bromhead,7th,3 3/4 l,6,11-5,-,True,170,10
Fairyhouse Racing Results | 20th April 2025 16:10,N/A,16:10,Soft To Heavy,2m 4f,Karoline Banbou (FR),M P Walsh,0,W P Mullins,6th,2 1/2 l,5,11-5,132,True,170,10
Fairyhouse Racing Results | 20th April 2025 16:10,N/A,16:10,Soft To Heavy,2m 4f,Maughreen (IRE),D E Mullins,0,W P Mullins,5th,13 l,6,11-5h,-,True,170,10
Fairyhouse Racing Results | 20th April 2025 16:10,N/A,16:10,Soft To Heavy,2m 4f,Tareze (IRE),S W Flanagan,0,H De Bromhead,4th,4 l,6,11-5,130,True,170,10
Fairyhouse Racing Results | 20th April 2025 16:10,N/A,16:10,Soft To Heavy,2m 4f,Karamoja (FR),K M Donoghue,0,W P Mullins,3rd,7 l,5,11-5h,128,True,170,10
Fairyhouse Racing Results | 20th April 2025 16:10,N/A,16:10,Soft To Heavy,2m 4f,That'll Do Moss,J J Burke,0,F O'Brien,2nd,2 1/4 l,6,11-5,125,True,170,10
Fairyhouse Racing Results | 20th April 2025 16:10,N/A,16:10,Soft To Heavy,2m 4f,Aurora Vega (IRE),P Townend,0,W P Mullins,1st,N/A,7,11-5,135,True,170,10
Fairyhouse Racing Results | 20th April 2025 16:10,N/A,16:10,Soft To Heavy,2m 4f,Dream On Baby (IRE),D Meyler,0,E Mullins,NR,N/A,5,11-5t,128,True,170,10
Fairyhouse Racing Results | 20th April 2025 16:10,N/A,16:10,Soft To Heavy,2m 4f,Sixandahalf (IRE),Non Runner,0,G P Cromwell,NR,N/A,5,11-5,-,True,170,10
Fairyhouse Racing Results | 20th April 2025 16:10,N/A,16:10,Soft To Heavy,2m 4f,The Big Westerner (IRE),D J O'Keeffe,0,H De Bromhead,PU,N/A,6,11-5,140,True,170,10
Fairyhouse Racing Results | 20th April 2025 16:10,N/A,16:10,Soft To Heavy,2m 4f,Venusienne (FR),B Hayes,0,W P Mullins,PU,N/A,5,11-5,-,True,170,10
Fairyhouse Racing Results | 20th April 2025 16:10,N/A,16:10,Soft To Heavy,2m 4f,Kmil Du Seuil (FR),R A Doyle,0,W P Mullins,PU,N/A,5,11-5,-,True,170,10
Fairyhouse Racing Results | 20th April 2025 16:10,N/A,16:10,Soft To Heavy,2m 4f,Swing Davis (FR),Sam Ewing,0,G Elliott,PU,N/A,5,11-5,121,True,170,10
Fairyhouse Racing Results | 20th April 2025 16:10,N/A,16:10,Soft To Heavy,2m 4f,Kom Tu Voudras (FR),S D Torrens,0,W P Mullins,PU,N/A,5,11-5,-,True,170,10
Fairyhouse Racing Results | 20th April 2025 16:10,N/A,16:10,Soft To Heavy,2m 4f,Hey Sunshine (IRE),P T Enright,0,W P Mullins,9th,13 l,6,11-5,130,True,170,10
Fairyhouse Racing Results | 20th April 2025 16:10,N/A,16:10,Soft To Heavy,2m 4f,World Of Fortunes (IRE),J C Gainford,0,L Kenny,8th,6 1/2 l,7,11-5p,130,True,170,10
Fairyhouse Racing Results | 20th April 2025 16:10,N/A,16:10,Soft To Heavy,2m 4f,Air Of Entitlement (IRE),Rachael Blackmore,0,H De Bromhead,7th,3 3/4 l,6,11-5,-,True,170,10
Fairyhouse Racing Results | 20th April 2025 16:10,N/A,16:10,Soft To Heavy,2m 4f,Karoline Banbou (FR),M P Walsh,0,W P Mullins,6th,2 1/2 l,5,11-5,132,True,170,10
Fairyhouse Racing Results | 20th April 2025 16:10,N/A,16:10,Soft To Heavy,2m 4f,Maughreen (IRE),D E Mullins,0,W P Mullins,5th,13 l,6,11-5h,-,True,170,10
Fairyhouse Racing Results | 20th April 2025 16:10,N/A,16:10,Soft To Heavy,2m 4f,Tareze (IRE),S W Flanagan,0,H De Bromhead,4th,4 l,6,11-5,130,True,170,10
Fairyhouse Racing Results | 20th April 2025 16:10,N/A,16:10,Soft To Heavy,2m 4f,Karamoja (FR),K M Donoghue,0,W P Mullins,3rd,7 l,5,11-5h,128,True,170,10
Fairyhouse Racing Results | 20th April 2025 16:10,N/A,16:10,Soft To Heavy,2m 4f,That'll Do Moss,J J Burke,0,F O'Brien,2nd,2 1/4 l,6,11-5,125,True,170,10
Fairyhouse Racing Results | 20th April 2025 16:10,N/A,16:10,Soft To Heavy,2m 4f,Aurora Vega (IRE),P Townend,0,W P Mullins,1st,N/A,7,11-5,135,True,170,10
Fairyhouse Racing Results | 20th April 2025 16:45,N/A,16:45,Soft To Heavy,2m 4f,Aurea Fortuna (IRE),Rachael Blackmore,0,A J Martin,NR,N/A,6,11-5t,102,True,170,11
Fairyhouse Racing Results | 20th April 2025 16:45,N/A,16:45,Soft To Heavy,2m 4f,Its Not Over Yet (IRE),P T Enright,0,O McKiernan,NR,N/A,6,11-7,104,True,170,11
Fairyhouse Racing Results | 20th April 2025 16:45,N/A,16:45,Soft To Heavy,2m 4f,Magic Day (IRE),D J O'Keeffe,0,H De Bromhead,NR,N/A,6,11-11,108,True,170,11
Fairyhouse Racing Results | 20th April 2025 16:45,N/A,16:45,Soft To Heavy,2m 4f,Individualiste (FR),C Stone-Walsh,3,G P Cromwell,PU,N/A,7,11-12,109,True,170,11
Fairyhouse Racing Results | 20th April 2025 16:45,N/A,16:45,Soft To Heavy,2m 4f,Imadpour (IRE),Mr J H Williamson,7,Ian Donoghue,PU,N/A,5,11-7,104,True,170,11
Fairyhouse Racing Results | 20th April 2025 16:45,N/A,16:45,Soft To Heavy,2m 4f,A Mere Bagatelle (IRE),P Hanlon,7,J J Hanlon,PU,N/A,8,11-11b,108,True,170,11
Fairyhouse Racing Results | 20th April 2025 16:45,N/A,16:45,Soft To Heavy,2m 4f,Gordons Aura (IRE),O R Brown,5,W Delahunty,PU,N/A,6,11-8,105,True,170,11
Fairyhouse Racing Results | 20th April 2025 16:45,N/A,16:45,Soft To Heavy,2m 4f,Pirate Island (IRE),B Hayes,0,P Fenton,PU,N/A,7,11-4,101,True,170,11
Fairyhouse Racing Results | 20th April 2025 16:45,N/A,16:45,Soft To Heavy,2m 4f,Butty O Brien (IRE),E Walsh,0,P Magee,PU,N/A,9,11-5,102,True,170,11
Fairyhouse Racing Results | 20th April 2025 16:45,N/A,16:45,Soft To Heavy,2m 4f,Battle Of Ridgeway (IRE),L A McKenna,5,M Hassett,PU,N/A,7,11-11t,108,True,170,11
Fairyhouse Racing Results | 20th April 2025 16:45,N/A,16:45,Soft To Heavy,2m 4f,Goodie Girl (IRE),P M O'Brien,7,D A McLoughlin,PU,N/A,7,11-10,107,True,170,11
Fairyhouse Racing Results | 20th April 2025 16:45,N/A,16:45,Soft To Heavy,2m 4f,Lady Bluebird (IRE),Mr E Finegan,7,H P Finegan,12th,4 1/4 l,8,11-11t1,108,True,170,11
Fairyhouse Racing Results | 20th April 2025 16:45,N/A,16:45,Soft To Heavy,2m 4f,Reflectionist (FR),S W Flanagan,0,G P Cromwell,11th,45 l,8,11-9t,106,True,170,11
Fairyhouse Racing Results | 20th April 2025 16:45,N/A,16:45,Soft To Heavy,2m 4f,Washington Parks (IRE),H Morgan,0,Bernard Crowley,10th,6 l,6,11-6,103,True,170,11
Fairyhouse Racing Results | 20th April 2025 16:45,N/A,16:45,Soft To Heavy,2m 4f,St Denis's Well (IRE),Sam Ewing,0,Ian Donoghue,9th,3/4 l,7,11-8tp,105,True,170,11
Fairyhouse Racing Results | 20th April 2025 16:45,N/A,16:45,Soft To Heavy,2m 4f,Aussie Warrior (IRE),J J Burke,0,T R Hughes,8th,13 l,6,11-2h,99,True,170,11
Fairyhouse Racing Results | 20th April 2025 16:45,N/A,16:45,Soft To Heavy,2m 4f,Quornofamonday (IRE),Mr D McGill,7,J P Dempsey,7th,1 1/2 l,7,11-6,103,True,170,11
Fairyhouse Racing Results | 20th April 2025 16:45,N/A,16:45,Soft To Heavy,2m 4f,Kinbara Hills (IRE),D E Mullins,0,S R B Crawford,6th,14 l,6,11-2,99,True,170,11
Fairyhouse Racing Results | 20th April 2025 16:45,N/A,16:45,Soft To Heavy,2m 4f,Joya Del Mar (IRE),R A Doyle,0,D A McLoughlin,5th,6 l,7,11-4,101,True,170,11
Fairyhouse Racing Results | 20th April 2025 16:45,N/A,16:45,Soft To Heavy,2m 4f,Queen Nel (IRE),J C Gainford,0,E D Delany,4th,11 l,6,11-5,102,True,170,11
Fairyhouse Racing Results | 20th April 2025 16:45,N/A,16:45,Soft To Heavy,2m 4f,Leah's Contessa (IRE),D Meyler,0,C Collins,3rd,4 1/2 l,5,11-4h,101,True,170,11
Fairyhouse Racing Results | 20th April 2025 16:45,N/A,16:45,Soft To Heavy,2m 4f,Money Heist (IRE),K M Donoghue,0,G P Cromwell,2nd,1 3/4 l,8,11-6p,103,True,170,11
Fairyhouse Racing Results | 20th April 2025 16:45,N/A,16:45,Soft To Heavy,2m 4f,Drop The Anchor (IRE),H E Sexton,7,P A Fahy,1st,N/A,11,11-8v,105,True,170,11
Fairyhouse Racing Results | 20th April 2025 16:45,N/A,16:45,Soft To Heavy,2m 4f,Aurea Fortuna (IRE),Rachael Blackmore,0,A J Martin,NR,N/A,6,11-5t,102,True,170,11
Fairyhouse Racing Results | 20th April 2025 16:45,N/A,16:45,Soft To Heavy,2m 4f,Its Not Over Yet (IRE),P T Enright,0,O McKiernan,NR,N/A,6,11-7,104,True,170,11
Fairyhouse Racing Results | 20th April 2025 16:45,N/A,16:45,Soft To Heavy,2m 4f,Magic Day (IRE),D J O'Keeffe,0,H De Bromhead,NR,N/A,6,11-11,108,True,170,11
Fairyhouse Racing Results | 20th April 2025 16:45,N/A,16:45,Soft To Heavy,2m 4f,Individualiste (FR),C Stone-Walsh,3,G P Cromwell,PU,N/A,7,11-12,109,True,170,11
Fairyhouse Racing Results | 20th April 2025 16:45,N/A,16:45,Soft To Heavy,2m 4f,Imadpour (IRE),Mr J H Williamson,7,Ian Donoghue,PU,N/A,5,11-7,104,True,170,11
Fairyhouse Racing Results | 20th April 2025 16:45,N/A,16:45,Soft To Heavy,2m 4f,A Mere Bagatelle (IRE),P Hanlon,7,J J Hanlon,PU,N/A,8,11-11b,108,True,170,11
Fairyhouse Racing Results | 20th April 2025 16:45,N/A,16:45,Soft To Heavy,2m 4f,Gordons Aura (IRE),O R Brown,5,W Delahunty,PU,N/A,6,11-8,105,True,170,11
Fairyhouse Racing Results | 20th April 2025 16:45,N/A,16:45,Soft To Heavy,2m 4f,Pirate Island (IRE),B Hayes,0,P Fenton,PU,N/A,7,11-4,101,True,170,11
Fairyhouse Racing Results | 20th April 2025 16:45,N/A,16:45,Soft To Heavy,2m 4f,Butty O Brien (IRE),E Walsh,0,P Magee,PU,N/A,9,11-5,102,True,170,11
Fairyhouse Racing Results | 20th April 2025 16:45,N/A,16:45,Soft To Heavy,2m 4f,Battle Of Ridgeway (IRE),L A McKenna,5,M Hassett,PU,N/A,7,11-11t,108,True,170,11
Fairyhouse Racing Results | 20th April 2025 16:45,N/A,16:45,Soft To Heavy,2m 4f,Goodie Girl (IRE),P M O'Brien,7,D A McLoughlin,PU,N/A,7,11-10,107,True,170,11
Fairyhouse Racing Results | 20th April 2025 16:45,N/A,16:45,Soft To Heavy,2m 4f,Lady Bluebird (IRE),Mr E Finegan,7,H P Finegan,12th,4 1/4 l,8,11-11t1,108,True,170,11
Fairyhouse Racing Results | 20th April 2025 16:45,N/A,16:45,Soft To Heavy,2m 4f,Reflectionist (FR),S W Flanagan,0,G P Cromwell,11th,45 l,8,11-9t,106,True,170,11
Fairyhouse Racing Results | 20th April 2025 16:45,N/A,16:45,Soft To Heavy,2m 4f,Washington Parks (IRE),H Morgan,0,Bernard Crowley,10th,6 l,6,11-6,103,True,170,11
Fairyhouse Racing Results | 20th April 2025 16:45,N/A,16:45,Soft To Heavy,2m 4f,St Denis's Well (IRE),Sam Ewing,0,Ian Donoghue,9th,3/4 l,7,11-8tp,105,True,170,11
Fairyhouse Racing Results | 20th April 2025 16:45,N/A,16:45,Soft To Heavy,2m 4f,Aussie Warrior (IRE),J J Burke,0,T R Hughes,8th,13 l,6,11-2h,99,True,170,11
Fairyhouse Racing Results | 20th April 2025 16:45,N/A,16:45,Soft To Heavy,2m 4f,Quornofamonday (IRE),Mr D McGill,7,J P Dempsey,7th,1 1/2 l,7,11-6,103,True,170,11
Fairyhouse Racing Results | 20th April 2025 16:45,N/A,16:45,Soft To Heavy,2m 4f,Kinbara Hills (IRE),D E Mullins,0,S R B Crawford,6th,14 l,6,11-2,99,True,170,11
Fairyhouse Racing Results | 20th April 2025 16:45,N/A,16:45,Soft To Heavy,2m 4f,Joya Del Mar (IRE),R A Doyle,0,D A McLoughlin,5th,6 l,7,11-4,101,True,170,11
Fairyhouse Racing Results | 20th April 2025 16:45,N/A,16:45,Soft To Heavy,2m 4f,Queen Nel (IRE),J C Gainford,0,E D Delany,4th,11 l,6,11-5,102,True,170,11
Fairyhouse Racing Results | 20th April 2025 16:45,N/A,16:45,Soft To Heavy,2m 4f,Leah's Contessa (IRE),D Meyler,0,C Collins,3rd,4 1/2 l,5,11-4h,101,True,170,11
Fairyhouse Racing Results | 20th April 2025 16:45,N/A,16:45,Soft To Heavy,2m 4f,Money Heist (IRE),K M Donoghue,0,G P Cromwell,2nd,1 3/4 l,8,11-6p,103,True,170,11
Fairyhouse Racing Results | 20th April 2025 16:45,N/A,16:45,Soft To Heavy,2m 4f,Drop The Anchor (IRE),H E Sexton,7,P A Fahy,1st,N/A,11,11-8v,105,True,170,11
Fairyhouse Racing Results | 20th April 2025 17:20,N/A,17:20,Soft To Heavy,2m,Little Boy Sivola (FR),Miss P Elvin,7,P J Rothwell,NR,N/A,4,11-6,-,True,170,12
Fairyhouse Racing Results | 20th April 2025 17:20,N/A,17:20,Soft To Heavy,2m,Colin's Friend (IRE),Mr E Finegan,7,P Downey,NR,N/A,4,11-6,-,True,170,12
Fairyhouse Racing Results | 20th April 2025 17:20,N/A,17:20,Soft To Heavy,2m,Barley Lane (IRE),Mr Barry Thomas Stone,7,E & P Harty,NR,N/A,4,11-6,-,True,170,12
Fairyhouse Racing Results | 20th April 2025 17:20,N/A,17:20,Soft To Heavy,2m,Celestial Tune (IRE),Mr F Maguire,0,T Cooper,NR,N/A,4,10-13t1,-,True,170,12
Fairyhouse Racing Results | 20th April 2025 17:20,N/A,17:20,Soft To Heavy,2m,Notmiwadi (IRE),Ms L A Byrne,7,J C McConnell,17th,85 l,4,10-13,-,True,170,12
Fairyhouse Racing Results | 20th April 2025 17:20,N/A,17:20,Soft To Heavy,2m,Uno Me I Like My T (IRE),Mr A J Lord,7,C Collins,16th,1 3/4 l,4,10-13,-,True,170,12
Fairyhouse Racing Results | 20th April 2025 17:20,N/A,17:20,Soft To Heavy,2m,Lord Tobin (FR),Mr J M Halford,7,G Elliott,15th,6 1/2 l,4,11-6,-,True,170,12
Fairyhouse Racing Results | 20th April 2025 17:20,N/A,17:20,Soft To Heavy,2m,Le Tatoue Madrik (FR),Mr D G Lavery,0,G P Cromwell,14th,7 1/2 l,4,11-6,-,True,170,12
Fairyhouse Racing Results | 20th April 2025 17:20,N/A,17:20,Soft To Heavy,2m,Eternal Reward (IRE),Miss A B O'Connor,0,Ms M Mullins,13th,9 1/2 l,4,11-6,-,True,170,12
Fairyhouse Racing Results | 20th April 2025 17:20,N/A,17:20,Soft To Heavy,2m,Eliodam (FR),Mr H C Swan,0,W P Mullins,12th,4 1/2 l,4,11-6,-,True,170,12
Fairyhouse Racing Results | 20th April 2025 17:20,N/A,17:20,Soft To Heavy,2m,Sunshineway (FR),Mr P W Mullins,0,W P Mullins,11th,1 1/2 l,4,11-6,-,True,170,12
Fairyhouse Racing Results | 20th April 2025 17:20,N/A,17:20,Soft To Heavy,2m,Intosomethinggood,Mr D McGill,7,N A Twiston-Davies,10th,11 l,4,11-6,-,True,170,12
Fairyhouse Racing Results | 20th April 2025 17:20,N/A,17:20,Soft To Heavy,2m,Four Wise Poets (IRE),Mr F Maguire,0,W J Burke,9th,4 l,4,11-6,-,True,170,12
Fairyhouse Racing Results | 20th April 2025 17:20,N/A,17:20,Soft To Heavy,2m,Let Me Be Clear (IRE),Mr N McParlan,0,Ian Donoghue,8th,Neck,4,11-6,-,True,170,12
Fairyhouse Racing Results | 20th April 2025 17:20,N/A,17:20,Soft To Heavy,2m,Healys Pub,Mr A Leahy,7,O McKiernan,7th,1 l,4,11-6,-,True,170,12
Fairyhouse Racing Results | 20th April 2025 17:20,N/A,17:20,Soft To Heavy,2m,Lord Of The Locke (IRE),Mr R W Barron,5,C Byrnes,6th,10 l,4,11-6,-,True,170,12
Fairyhouse Racing Results | 20th April 2025 17:20,N/A,17:20,Soft To Heavy,2m,Luciole Des Bordes (FR),Mr E Ohgren,5,W P Mullins,5th,1 1/2 l,4,10-13,-,True,170,12
Fairyhouse Racing Results | 20th April 2025 17:20,N/A,17:20,Soft To Heavy,2m,Boedic (FR),Mr J L Gleeson,3,W P Mullins,4th,2 3/4 l,4,11-6,-,True,170,12
Fairyhouse Racing Results | 20th April 2025 17:20,N/A,17:20,Soft To Heavy,2m,Early Dawning (TUR),Mr T Costello,7,W P Mullins,3rd,1 1/4 l,4,11-6,-,True,170,12
Fairyhouse Racing Results | 20th April 2025 17:20,N/A,17:20,Soft To Heavy,2m,Look Me (FR),Mr S Connor,7,S R B Crawford,2nd,1/2 l,4,11-6,-,True,170,12
Fairyhouse Racing Results | 20th April 2025 17:20,N/A,17:20,Soft To Heavy,2m,I'm Slippy (IRE),Mr J H Williamson,7,R Tyner,1st,N/A,4,11-6,-,True,170,12
Fairyhouse Racing Results | 20th April 2025 17:20,N/A,17:20,Soft To Heavy,2m,Little Boy Sivola (FR),Miss P Elvin,7,P J Rothwell,NR,N/A,4,11-6,-,True,170,12
Fairyhouse Racing Results | 20th April 2025 17:20,N/A,17:20,Soft To Heavy,2m,Colin's Friend (IRE),Mr E Finegan,7,P Downey,NR,N/A,4,11-6,-,True,170,12
Fairyhouse Racing Results | 20th April 2025 17:20,N/A,17:20,Soft To Heavy,2m,Barley Lane (IRE),Mr Barry Thomas Stone,7,E & P Harty,NR,N/A,4,11-6,-,True,170,12
Fairyhouse Racing Results | 20th April 2025 17:20,N/A,17:20,Soft To Heavy,2m,Celestial Tune (IRE),Mr F Maguire,0,T Cooper,NR,N/A,4,10-13t1,-,True,170,12
Fairyhouse Racing Results | 20th April 2025 17:20,N/A,17:20,Soft To Heavy,2m,Notmiwadi (IRE),Ms L A Byrne,7,J C McConnell,17th,85 l,4,10-13,-,True,170,12
Fairyhouse Racing Results | 20th April 2025 17:20,N/A,17:20,Soft To Heavy,2m,Uno Me I Like My T (IRE),Mr A J Lord,7,C Collins,16th,1 3/4 l,4,10-13,-,True,170,12
Fairyhouse Racing Results | 20th April 2025 17:20,N/A,17:20,Soft To Heavy,2m,Lord Tobin (FR),Mr J M Halford,7,G Elliott,15th,6 1/2 l,4,11-6,-,True,170,12
Fairyhouse Racing Results | 20th April 2025 17:20,N/A,17:20,Soft To Heavy,2m,Le Tatoue Madrik (FR),Mr D G Lavery,0,G P Cromwell,14th,7 1/2 l,4,11-6,-,True,170,12
Fairyhouse Racing Results | 20th April 2025 17:20,N/A,17:20,Soft To Heavy,2m,Eternal Reward (IRE),Miss A B O'Connor,0,Ms M Mullins,13th,9 1/2 l,4,11-6,-,True,170,12
Fairyhouse Racing Results | 20th April 2025 17:20,N/A,17:20,Soft To Heavy,2m,Eliodam (FR),Mr H C Swan,0,W P Mullins,12th,4 1/2 l,4,11-6,-,True,170,12
Fairyhouse Racing Results | 20th April 2025 17:20,N/A,17:20,Soft To Heavy,2m,Sunshineway (FR),Mr P W Mullins,0,W P Mullins,11th,1 1/2 l,4,11-6,-,True,170,12
Fairyhouse Racing Results | 20th April 2025 17:20,N/A,17:20,Soft To Heavy,2m,Intosomethinggood,Mr D McGill,7,N A Twiston-Davies,10th,11 l,4,11-6,-,True,170,12
Fairyhouse Racing Results | 20th April 2025 17:20,N/A,17:20,Soft To Heavy,2m,Four Wise Poets (IRE),Mr F Maguire,0,W J Burke,9th,4 l,4,11-6,-,True,170,12
Fairyhouse Racing Results | 20th April 2025 17:20,N/A,17:20,Soft To Heavy,2m,Let Me Be Clear (IRE),Mr N McParlan,0,Ian Donoghue,8th,Neck,4,11-6,-,True,170,12
Fairyhouse Racing Results | 20th April 2025 17:20,N/A,17:20,Soft To Heavy,2m,Healys Pub,Mr A Leahy,7,O McKiernan,7th,1 l,4,11-6,-,True,170,12
Fairyhouse Racing Results | 20th April 2025 17:20,N/A,17:20,Soft To Heavy,2m,Lord Of The Locke (IRE),Mr R W Barron,5,C Byrnes,6th,10 l,4,11-6,-,True,170,12
Fairyhouse Racing Results | 20th April 2025 17:20,N/A,17:20,Soft To Heavy,2m,Luciole Des Bordes (FR),Mr E Ohgren,5,W P Mullins,5th,1 1/2 l,4,10-13,-,True,170,12
Fairyhouse Racing Results | 20th April 2025 17:20,N/A,17:20,Soft To Heavy,2m,Boedic (FR),Mr J L Gleeson,3,W P Mullins,4th,2 3/4 l,4,11-6,-,True,170,12
Fairyhouse Racing Results | 20th April 2025 17:20,N/A,17:20,Soft To Heavy,2m,Early Dawning (TUR),Mr T Costello,7,W P Mullins,3rd,1 1/4 l,4,11-6,-,True,170,12
Fairyhouse Racing Results | 20th April 2025 17:20,N/A,17:20,Soft To Heavy,2m,Look Me (FR),Mr S Connor,7,S R B Crawford,2nd,1/2 l,4,11-6,-,True,170,12
Fairyhouse Racing Results | 20th April 2025 17:20,N/A,17:20,Soft To Heavy,2m,I'm Slippy (IRE),Mr J H Williamson,7,R Tyner,1st,N/A,4,11-6,-,True,170,12
Cork Racing Results | 21st April 2025 13:15,N/A,13:15,Yielding (Yielding To Soft In Places),3m,Chosen Thyme (IRE),B P Kennedy,7,P Fenton,NR,N/A,8,11-12,112,True,170,13
Cork Racing Results | 21st April 2025 13:15,N/A,13:15,Yielding (Yielding To Soft In Places),3m,Miss Penny Copper (IRE),T Power Roche,5,D Coffey,NR,N/A,7,11-5,-,True,170,13
Cork Racing Results | 21st April 2025 13:15,N/A,13:15,Yielding (Yielding To Soft In Places),3m,Felix Felicis (IRE),R P Treacy,0,S Curling,PU,N/A,5,11-12,-,True,170,13
Cork Racing Results | 21st April 2025 13:15,N/A,13:15,Yielding (Yielding To Soft In Places),3m,Shelton Johnson (IRE),D J Power,7,S Aherne,PU,N/A,8,11-12,-,True,170,13
Cork Racing Results | 21st April 2025 13:15,N/A,13:15,Yielding (Yielding To Soft In Places),3m,Milanova (IRE),Niall Moore,5,D A McLoughlin,PU,N/A,6,11-12,-,True,170,13
Cork Racing Results | 21st April 2025 13:15,N/A,13:15,Yielding (Yielding To Soft In Places),3m,This Way Please,A McCurtin,0,D Kenneally,PU,N/A,6,11-12t1,-,True,170,13
Cork Racing Results | 21st April 2025 13:15,N/A,13:15,Yielding (Yielding To Soft In Places),3m,Light On His Feet (IRE),J P Shinnick,5,T O'Brien,14th,7 l,5,11-12h1,-,True,170,13
Cork Racing Results | 21st April 2025 13:15,N/A,13:15,Yielding (Yielding To Soft In Places),3m,Frosty Fossna (IRE),G B Noonan,5,E McCarthy,13th,1 1/4 l,8,11-12t1,-,True,170,13
Cork Racing Results | 21st April 2025 13:15,N/A,13:15,Yielding (Yielding To Soft In Places),3m,Nukie's Artic (IRE),S Fitzgerald,0,E McCarthy,12th,71 l,5,11-12,-,True,170,13
Cork Racing Results | 21st April 2025 13:15,N/A,13:15,Yielding (Yielding To Soft In Places),3m,Amberjack (IRE),R Deegan,0,D Hassett,11th,19 l,6,11-12t1,-,True,170,13
Cork Racing Results | 21st April 2025 13:15,N/A,13:15,Yielding (Yielding To Soft In Places),3m,Bob The Builder (IRE),P Hanlon,7,R P Rath,10th,9 1/2 l,8,11-12,102,True,170,13
Cork Racing Results | 21st April 2025 13:15,N/A,13:15,Yielding (Yielding To Soft In Places),3m,Qaasid (IRE),J S McGarvey,0,J J Hanlon,9th,3 1/4 l,7,11-12,-,True,170,13
Cork Racing Results | 21st April 2025 13:15,N/A,13:15,Yielding (Yielding To Soft In Places),3m,Millie B (IRE),L Quinlan,3,Miss E Lalor,8th,3 l,7,11-5,-,True,170,13
Cork Racing Results | 21st April 2025 13:15,N/A,13:15,Yielding (Yielding To Soft In Places),3m,Be Positive (IRE),P K Donovan,5,S Neville,7th,1/2 l,6,11-12,98,True,170,13
Cork Racing Results | 21st April 2025 13:15,N/A,13:15,Yielding (Yielding To Soft In Places),3m,Rowdy (IRE),R J Condon,5,E M O'Sullivan,6th,3/4 l,5,11-12,-,True,170,13
Cork Racing Results | 21st April 2025 13:15,N/A,13:15,Yielding (Yielding To Soft In Places),3m,The Burrow (IRE),L A McKenna,5,E J O'Grady,5th,6 1/2 l,6,11-12tp1,-,True,170,13
Cork Racing Results | 21st April 2025 13:15,N/A,13:15,Yielding (Yielding To Soft In Places),3m,Native Dream (IRE),S O'Callaghan,5,W J Burke,4th,1 l,7,11-12,-,True,170,13
Cork Racing Results | 21st April 2025 13:15,N/A,13:15,Yielding (Yielding To Soft In Places),3m,Rilo Tang (IRE),Conor Clarke,7,Ms Alice Curran,3rd,23 l,6,11-12p1,-,True,170,13
Cork Racing Results | 21st April 2025 13:15,N/A,13:15,Yielding (Yielding To Soft In Places),3m,Bitofajokelike (IRE),J Coen,3,E McNamara,2nd,1 1/4 l,5,11-12t,-,True,170,13
Cork Racing Results | 21st April 2025 13:15,N/A,13:15,Yielding (Yielding To Soft In Places),3m,Good N' Kind (IRE),M P O'Connor,0,H De Bromhead,1st,N/A,6,11-12,-,True,170,13
Cork Racing Results | 21st April 2025 13:15,N/A,13:15,Yielding (Yielding To Soft In Places),3m,Chosen Thyme (IRE),B P Kennedy,7,P Fenton,NR,N/A,8,11-12,112,True,170,13
Cork Racing Results | 21st April 2025 13:15,N/A,13:15,Yielding (Yielding To Soft In Places),3m,Miss Penny Copper (IRE),T Power Roche,5,D Coffey,NR,N/A,7,11-5,-,True,170,13
Cork Racing Results | 21st April 2025 13:15,N/A,13:15,Yielding (Yielding To Soft In Places),3m,Felix Felicis (IRE),R P Treacy,0,S Curling,PU,N/A,5,11-12,-,True,170,13
Cork Racing Results | 21st April 2025 13:15,N/A,13:15,Yielding (Yielding To Soft In Places),3m,Shelton Johnson (IRE),D J Power,7,S Aherne,PU,N/A,8,11-12,-,True,170,13
Cork Racing Results | 21st April 2025 13:15,N/A,13:15,Yielding (Yielding To Soft In Places),3m,Milanova (IRE),Niall Moore,5,D A McLoughlin,PU,N/A,6,11-12,-,True,170,13
Cork Racing Results | 21st April 2025 13:15,N/A,13:15,Yielding (Yielding To Soft In Places),3m,This Way Please,A McCurtin,0,D Kenneally,PU,N/A,6,11-12t1,-,True,170,13
Cork Racing Results | 21st April 2025 13:15,N/A,13:15,Yielding (Yielding To Soft In Places),3m,Light On His Feet (IRE),J P Shinnick,5,T O'Brien,14th,7 l,5,11-12h1,-,True,170,13
Cork Racing Results | 21st April 2025 13:15,N/A,13:15,Yielding (Yielding To Soft In Places),3m,Frosty Fossna (IRE),G B Noonan,5,E McCarthy,13th,1 1/4 l,8,11-12t1,-,True,170,13
Cork Racing Results | 21st April 2025 13:15,N/A,13:15,Yielding (Yielding To Soft In Places),3m,Nukie's Artic (IRE),S Fitzgerald,0,E McCarthy,12th,71 l,5,11-12,-,True,170,13
Cork Racing Results | 21st April 2025 13:15,N/A,13:15,Yielding (Yielding To Soft In Places),3m,Amberjack (IRE),R Deegan,0,D Hassett,11th,19 l,6,11-12t1,-,True,170,13
Cork Racing Results | 21st April 2025 13:15,N/A,13:15,Yielding (Yielding To Soft In Places),3m,Bob The Builder (IRE),P Hanlon,7,R P Rath,10th,9 1/2 l,8,11-12,102,True,170,13
Cork Racing Results | 21st April 2025 13:15,N/A,13:15,Yielding (Yielding To Soft In Places),3m,Qaasid (IRE),J S McGarvey,0,J J Hanlon,9th,3 1/4 l,7,11-12,-,True,170,13
Cork Racing Results | 21st April 2025 13:15,N/A,13:15,Yielding (Yielding To Soft In Places),3m,Millie B (IRE),L Quinlan,3,Miss E Lalor,8th,3 l,7,11-5,-,True,170,13
Cork Racing Results | 21st April 2025 13:15,N/A,13:15,Yielding (Yielding To Soft In Places),3m,Be Positive (IRE),P K Donovan,5,S Neville,7th,1/2 l,6,11-12,98,True,170,13
Cork Racing Results | 21st April 2025 13:15,N/A,13:15,Yielding (Yielding To Soft In Places),3m,Rowdy (IRE),R J Condon,5,E M O'Sullivan,6th,3/4 l,5,11-12,-,True,170,13
Cork Racing Results | 21st April 2025 13:15,N/A,13:15,Yielding (Yielding To Soft In Places),3m,The Burrow (IRE),L A McKenna,5,E J O'Grady,5th,6 1/2 l,6,11-12tp1,-,True,170,13
Cork Racing Results | 21st April 2025 13:15,N/A,13:15,Yielding (Yielding To Soft In Places),3m,Native Dream (IRE),S O'Callaghan,5,W J Burke,4th,1 l,7,11-12,-,True,170,13
Cork Racing Results | 21st April 2025 13:15,N/A,13:15,Yielding (Yielding To Soft In Places),3m,Rilo Tang (IRE),Conor Clarke,7,Ms Alice Curran,3rd,23 l,6,11-12p1,-,True,170,13
Cork Racing Results | 21st April 2025 13:15,N/A,13:15,Yielding (Yielding To Soft In Places),3m,Bitofajokelike (IRE),J Coen,3,E McNamara,2nd,1 1/4 l,5,11-12t,-,True,170,13
Cork Racing Results | 21st April 2025 13:15,N/A,13:15,Yielding (Yielding To Soft In Places),3m,Good N' Kind (IRE),M P O'Connor,0,H De Bromhead,1st,N/A,6,11-12,-,True,170,13
Cork Racing Results | 21st April 2025 13:50,N/A,13:50,Yielding (Yielding To Soft In Places),2m,Old Kenmare (IRE),L A McKenna,5,Eamon Courtney,NR,N/A,6,11-0,86,True,170,14
Cork Racing Results | 21st April 2025 13:50,N/A,13:50,Yielding (Yielding To Soft In Places),2m,Good Bye Milan (IRE),Non Runner,0,Leonard Flynn,NR,N/A,8,11-3t,89,True,170,14
Cork Racing Results | 21st April 2025 13:50,N/A,13:50,Yielding (Yielding To Soft In Places),2m,Cullagh Pride (IRE),Non Runner,0,S Fahey,NR,N/A,7,11-4,90,True,170,14
Cork Racing Results | 21st April 2025 13:50,N/A,13:50,Yielding (Yielding To Soft In Places),2m,Fernhill Fling (IRE),S O'Callaghan,5,P J Rothwell,PU,N/A,6,10-5p,77,True,170,14
Cork Racing Results | 21st April 2025 13:50,N/A,13:50,Yielding (Yielding To Soft In Places),2m,Better Than Heaven (IRE),R A Berry,7,J P Flavin,17th,1 1/4 l,10,10-11,83,True,170,14
Cork Racing Results | 21st April 2025 13:50,N/A,13:50,Yielding (Yielding To Soft In Places),2m,Charlies Pride (IRE),J P Shinnick,5,Paul Power,16th,1 1/4 l,6,11-7,93,True,170,14
Cork Racing Results | 21st April 2025 13:50,N/A,13:50,Yielding (Yielding To Soft In Places),2m,Hit The Frame,D Robinson,0,J P Flavin,15th,30 l,6,11-3,89,True,170,14
Cork Racing Results | 21st April 2025 13:50,N/A,13:50,Yielding (Yielding To Soft In Places),2m,Like A Bumblebee (IRE),P Hanlon,7,M Winters,14th,3 3/4 l,7,11-2,88,True,170,14
Cork Racing Results | 21st April 2025 13:50,N/A,13:50,Yielding (Yielding To Soft In Places),2m,Southgate Avenue (IRE),J P O'Neill,7,P Fenton,13th,6 1/2 l,5,11-6,92,True,170,14
Cork Racing Results | 21st April 2025 13:50,N/A,13:50,Yielding (Yielding To Soft In Places),2m,Mahlers Cove (IRE),M P O'Connor,0,J J Mangan,12th,3/4 l,8,11-9,95,True,170,14
Cork Racing Results | 21st April 2025 13:50,N/A,13:50,Yielding (Yielding To Soft In Places),2m,The Vegas Raider (IRE),R P Geoghegan,7,K A Heffernan,11th,3/4 l,7,12-0tv,100,True,170,14
Cork Racing Results | 21st April 2025 13:50,N/A,13:50,Yielding (Yielding To Soft In Places),2m,On The Tide (IRE),P K Donovan,5,S Neville,10th,1 l,7,11-8,94,True,170,14
Cork Racing Results | 21st April 2025 13:50,N/A,13:50,Yielding (Yielding To Soft In Places),2m,Romella (IRE),Niall Moore,5,Brendan Walsh,9th,1/2 l,11,11-1tp,87,True,170,14
Cork Racing Results | 21st April 2025 13:50,N/A,13:50,Yielding (Yielding To Soft In Places),2m,Cramers Valley (IRE),T Power Roche,5,P J Rothwell,8th,1/2 l,6,10-13b,85,True,170,14
Cork Racing Results | 21st April 2025 13:50,N/A,13:50,Yielding (Yielding To Soft In Places),2m,Highland Earl (IRE),R Deegan,0,L P Cusack,7th,4 1/2 l,5,11-2,88,True,170,14
Cork Racing Results | 21st April 2025 13:50,N/A,13:50,Yielding (Yielding To Soft In Places),2m,Inthenickoftime (IRE),J S McGarvey,0,E Bolger,6th,1 1/4 l,5,12-0h,100,True,170,14
Cork Racing Results | 21st April 2025 13:50,N/A,13:50,Yielding (Yielding To Soft In Places),2m,Opera Point (IRE),T Joseph Kelly,7,A O'Grady,5th,3 1/4 l,7,10-6,78,True,170,14
Cork Racing Results | 21st April 2025 13:50,N/A,13:50,Yielding (Yielding To Soft In Places),2m,Queen Of Seduction (IRE),Conor Clarke,7,G T Hourigan,4th,1 1/4 l,6,11-4p,90,True,170,14
Cork Racing Results | 21st April 2025 13:50,N/A,13:50,Yielding (Yielding To Soft In Places),2m,The Dooner Citizen (IRE),R J Condon,5,E M O'Sullivan,3rd,3 1/4 l,7,11-1,87,True,170,14
Cork Racing Results | 21st April 2025 13:50,N/A,13:50,Yielding (Yielding To Soft In Places),2m,A Nod To Getaway (IRE),G B Noonan,5,P O'Flynn,2nd,4 1/4 l,8,11-5tv,91,True,170,14
Cork Racing Results | 21st April 2025 13:50,N/A,13:50,Yielding (Yielding To Soft In Places),2m,King Of The Bronx (IRE),S Fitzgerald,0,G P Cromwell,1st,N/A,4,10-12,92,True,170,14
Cork Racing Results | 21st April 2025 13:50,N/A,13:50,Yielding (Yielding To Soft In Places),2m,Old Kenmare (IRE),L A McKenna,5,Eamon Courtney,NR,N/A,6,11-0,86,True,170,14
Cork Racing Results | 21st April 2025 13:50,N/A,13:50,Yielding (Yielding To Soft In Places),2m,Good Bye Milan (IRE),Non Runner,0,Leonard Flynn,NR,N/A,8,11-3t,89,True,170,14
Cork Racing Results | 21st April 2025 13:50,N/A,13:50,Yielding (Yielding To Soft In Places),2m,Cullagh Pride (IRE),Non Runner,0,S Fahey,NR,N/A,7,11-4,90,True,170,14
Cork Racing Results | 21st April 2025 13:50,N/A,13:50,Yielding (Yielding To Soft In Places),2m,Fernhill Fling (IRE),S O'Callaghan,5,P J Rothwell,PU,N/A,6,10-5p,77,True,170,14
Cork Racing Results | 21st April 2025 13:50,N/A,13:50,Yielding (Yielding To Soft In Places),2m,Better Than Heaven (IRE),R A Berry,7,J P Flavin,17th,1 1/4 l,10,10-11,83,True,170,14
Cork Racing Results | 21st April 2025 13:50,N/A,13:50,Yielding (Yielding To Soft In Places),2m,Charlies Pride (IRE),J P Shinnick,5,Paul Power,16th,1 1/4 l,6,11-7,93,True,170,14
Cork Racing Results | 21st April 2025 13:50,N/A,13:50,Yielding (Yielding To Soft In Places),2m,Hit The Frame,D Robinson,0,J P Flavin,15th,30 l,6,11-3,89,True,170,14
Cork Racing Results | 21st April 2025 13:50,N/A,13:50,Yielding (Yielding To Soft In Places),2m,Like A Bumblebee (IRE),P Hanlon,7,M Winters,14th,3 3/4 l,7,11-2,88,True,170,14
Cork Racing Results | 21st April 2025 13:50,N/A,13:50,Yielding (Yielding To Soft In Places),2m,Southgate Avenue (IRE),J P O'Neill,7,P Fenton,13th,6 1/2 l,5,11-6,92,True,170,14
Cork Racing Results | 21st April 2025 13:50,N/A,13:50,Yielding (Yielding To Soft In Places),2m,Mahlers Cove (IRE),M P O'Connor,0,J J Mangan,12th,3/4 l,8,11-9,95,True,170,14
Cork Racing Results | 21st April 2025 13:50,N/A,13:50,Yielding (Yielding To Soft In Places),2m,The Vegas Raider (IRE),R P Geoghegan,7,K A Heffernan,11th,3/4 l,7,12-0tv,100,True,170,14
Cork Racing Results | 21st April 2025 13:50,N/A,13:50,Yielding (Yielding To Soft In Places),2m,On The Tide (IRE),P K Donovan,5,S Neville,10th,1 l,7,11-8,94,True,170,14
Cork Racing Results | 21st April 2025 13:50,N/A,13:50,Yielding (Yielding To Soft In Places),2m,Romella (IRE),Niall Moore,5,Brendan Walsh,9th,1/2 l,11,11-1tp,87,True,170,14
Cork Racing Results | 21st April 2025 13:50,N/A,13:50,Yielding (Yielding To Soft In Places),2m,Cramers Valley (IRE),T Power Roche,5,P J Rothwell,8th,1/2 l,6,10-13b,85,True,170,14
Cork Racing Results | 21st April 2025 13:50,N/A,13:50,Yielding (Yielding To Soft In Places),2m,Highland Earl (IRE),R Deegan,0,L P Cusack,7th,4 1/2 l,5,11-2,88,True,170,14
Cork Racing Results | 21st April 2025 13:50,N/A,13:50,Yielding (Yielding To Soft In Places),2m,Inthenickoftime (IRE),J S McGarvey,0,E Bolger,6th,1 1/4 l,5,12-0h,100,True,170,14
Cork Racing Results | 21st April 2025 13:50,N/A,13:50,Yielding (Yielding To Soft In Places),2m,Opera Point (IRE),T Joseph Kelly,7,A O'Grady,5th,3 1/4 l,7,10-6,78,True,170,14
Cork Racing Results | 21st April 2025 13:50,N/A,13:50,Yielding (Yielding To Soft In Places),2m,Queen Of Seduction (IRE),Conor Clarke,7,G T Hourigan,4th,1 1/4 l,6,11-4p,90,True,170,14
Cork Racing Results | 21st April 2025 13:50,N/A,13:50,Yielding (Yielding To Soft In Places),2m,The Dooner Citizen (IRE),R J Condon,5,E M O'Sullivan,3rd,3 1/4 l,7,11-1,87,True,170,14
Cork Racing Results | 21st April 2025 13:50,N/A,13:50,Yielding (Yielding To Soft In Places),2m,A Nod To Getaway (IRE),G B Noonan,5,P O'Flynn,2nd,4 1/4 l,8,11-5tv,91,True,170,14
Cork Racing Results | 21st April 2025 13:50,N/A,13:50,Yielding (Yielding To Soft In Places),2m,King Of The Bronx (IRE),S Fitzgerald,0,G P Cromwell,1st,N/A,4,10-12,92,True,170,14
Cork Racing Results | 21st April 2025 14:25,N/A,14:25,Yielding,2m 1f 25y,Captains Nephew (IRE),T Power Roche,5,P J Rothwell,NR,N/A,8,11-9t,130,True,170,15
Cork Racing Results | 21st April 2025 14:25,N/A,14:25,Yielding,2m 1f 25y,Gaelic Arc (IRE),L A McKenna,5,J P Ryan,NR,N/A,9,11-8,129,True,170,15
Cork Racing Results | 21st April 2025 14:25,N/A,14:25,Yielding,2m 1f 25y,Golden Joy (FR),J Coen,3,G Elliott,7th,21 l,6,11-12t,133,True,170,15
Cork Racing Results | 21st April 2025 14:25,N/A,14:25,Yielding,2m 1f 25y,Mount Frisco (IRE),P K Donovan,5,J P Ryan,6th,9 l,6,10-8,115,True,170,15
Cork Racing Results | 21st April 2025 14:25,N/A,14:25,Yielding,2m 1f 25y,My Gaffer (IRE),J S McGarvey,0,J P Ryan,5th,Head,7,10-12,119,True,170,15
Cork Racing Results | 21st April 2025 14:25,N/A,14:25,Yielding,2m 1f 25y,Kings Halo (IRE),R Deegan,0,J Dullea,4th,12 l,10,11-1,122,True,170,15
Cork Racing Results | 21st April 2025 14:25,N/A,14:25,Yielding,2m 1f 25y,Je T'ai Porte (IRE),S Fitzgerald,0,G P Cromwell,3rd,5 1/2 l,7,11-12h,133,True,170,15
Cork Racing Results | 21st April 2025 14:25,N/A,14:25,Yielding,2m 1f 25y,Jay Pee M (IRE),J P Shinnick,5,T O'Brien,2nd,1 1/2 l,6,10-8h,115,True,170,15
Cork Racing Results | 21st April 2025 14:25,N/A,14:25,Yielding,2m 1f 25y,Coming Up Easy (IRE),M P O'Connor,0,H De Bromhead,1st,N/A,7,11-4t,125,True,170,15
Cork Racing Results | 21st April 2025 14:25,N/A,14:25,Yielding,2m 1f 25y,Captains Nephew (IRE),T Power Roche,5,P J Rothwell,NR,N/A,8,11-9t,130,True,170,15
Cork Racing Results | 21st April 2025 14:25,N/A,14:25,Yielding,2m 1f 25y,Gaelic Arc (IRE),L A McKenna,5,J P Ryan,NR,N/A,9,11-8,129,True,170,15
Cork Racing Results | 21st April 2025 14:25,N/A,14:25,Yielding,2m 1f 25y,Golden Joy (FR),J Coen,3,G Elliott,7th,21 l,6,11-12t,133,True,170,15
Cork Racing Results | 21st April 2025 14:25,N/A,14:25,Yielding,2m 1f 25y,Mount Frisco (IRE),P K Donovan,5,J P Ryan,6th,9 l,6,10-8,115,True,170,15
Cork Racing Results | 21st April 2025 14:25,N/A,14:25,Yielding,2m 1f 25y,My Gaffer (IRE),J S McGarvey,0,J P Ryan,5th,Head,7,10-12,119,True,170,15
Cork Racing Results | 21st April 2025 14:25,N/A,14:25,Yielding,2m 1f 25y,Kings Halo (IRE),R Deegan,0,J Dullea,4th,12 l,10,11-1,122,True,170,15
Cork Racing Results | 21st April 2025 14:25,N/A,14:25,Yielding,2m 1f 25y,Je T'ai Porte (IRE),S Fitzgerald,0,G P Cromwell,3rd,5 1/2 l,7,11-12h,133,True,170,15
Cork Racing Results | 21st April 2025 14:25,N/A,14:25,Yielding,2m 1f 25y,Jay Pee M (IRE),J P Shinnick,5,T O'Brien,2nd,1 1/2 l,6,10-8h,115,True,170,15
Cork Racing Results | 21st April 2025 14:25,N/A,14:25,Yielding,2m 1f 25y,Coming Up Easy (IRE),M P O'Connor,0,H De Bromhead,1st,N/A,7,11-4t,125,True,170,15
Cork Racing Results | 21st April 2025 15:00,N/A,15:00,Yielding,3m 100y,Iorens (FR),Mr Turlough O'connor,7,T O'Connor,NR,N/A,7,11-11,88,True,170,16
Cork Racing Results | 21st April 2025 15:00,N/A,15:00,Yielding,3m 100y,The Great Unknown (IRE),Mr D Doyle,7,S Curling,NR,N/A,6,11-11,-,True,170,16
Cork Racing Results | 21st April 2025 15:00,N/A,15:00,Yielding,3m 100y,Pallas Athene (IRE),Mr A Burke-Ott,7,A Ott,PU,N/A,7,11-11tb1,-,True,170,16
Cork Racing Results | 21st April 2025 15:00,N/A,15:00,Yielding,3m 100y,Nicolas Fortune (IRE),Mr Alan O'Sullivan,7,K A Heffernan,PU,N/A,7,11-11tp1,-,True,170,16
Cork Racing Results | 21st April 2025 15:00,N/A,15:00,Yielding,3m 100y,Lucky Venture (IRE),Mr Barry Thomas Stone,7,D K Walsh,PU,N/A,7,11-11,-,True,170,16
Cork Racing Results | 21st April 2025 15:00,N/A,15:00,Yielding,3m 100y,Some Joy (IRE),Mr B Barry,7,J P O'Keeffe,4th,41 l,7,11-11,-,True,170,16
Cork Racing Results | 21st April 2025 15:00,N/A,15:00,Yielding,3m 100y,Defeat The Dark (IRE),Mr J W Hendrick,7,P Kiely,3rd,6 l,6,11-11,-,True,170,16
Cork Racing Results | 21st April 2025 15:00,N/A,15:00,Yielding,3m 100y,Justlikejessejames (IRE),Mr L P Shanahan,7,R O'Sullivan,2nd,3 l,6,11-11t1,-,True,170,16
Cork Racing Results | 21st April 2025 15:00,N/A,15:00,Yielding,3m 100y,Eyes Off Annie (IRE),Miss M O'Sullivan,5,Ian McCarthy,1st,N/A,7,11-11,-,True,170,16
Cork Racing Results | 21st April 2025 15:00,N/A,15:00,Yielding,3m 100y,Iorens (FR),Mr Turlough O'connor,7,T O'Connor,NR,N/A,7,11-11,88,True,170,16
Cork Racing Results | 21st April 2025 15:00,N/A,15:00,Yielding,3m 100y,The Great Unknown (IRE),Mr D Doyle,7,S Curling,NR,N/A,6,11-11,-,True,170,16
Cork Racing Results | 21st April 2025 15:00,N/A,15:00,Yielding,3m 100y,Pallas Athene (IRE),Mr A Burke-Ott,7,A Ott,PU,N/A,7,11-11tb1,-,True,170,16
Cork Racing Results | 21st April 2025 15:00,N/A,15:00,Yielding,3m 100y,Nicolas Fortune (IRE),Mr Alan O'Sullivan,7,K A Heffernan,PU,N/A,7,11-11tp1,-,True,170,16
Cork Racing Results | 21st April 2025 15:00,N/A,15:00,Yielding,3m 100y,Lucky Venture (IRE),Mr Barry Thomas Stone,7,D K Walsh,PU,N/A,7,11-11,-,True,170,16
Cork Racing Results | 21st April 2025 15:00,N/A,15:00,Yielding,3m 100y,Some Joy (IRE),Mr B Barry,7,J P O'Keeffe,4th,41 l,7,11-11,-,True,170,16
Cork Racing Results | 21st April 2025 15:00,N/A,15:00,Yielding,3m 100y,Defeat The Dark (IRE),Mr J W Hendrick,7,P Kiely,3rd,6 l,6,11-11,-,True,170,16
Cork Racing Results | 21st April 2025 15:00,N/A,15:00,Yielding,3m 100y,Justlikejessejames (IRE),Mr L P Shanahan,7,R O'Sullivan,2nd,3 l,6,11-11t1,-,True,170,16
Cork Racing Results | 21st April 2025 15:00,N/A,15:00,Yielding,3m 100y,Eyes Off Annie (IRE),Miss M O'Sullivan,5,Ian McCarthy,1st,N/A,7,11-11,-,True,170,16
Cork Racing Results | 21st April 2025 15:35,N/A,15:35,Yielding,3m 100y,I Masked Du Potier (FR),Ms P R Briselden,4,P M J Doyle,NR,N/A,7,12-0,-,True,170,17
Cork Racing Results | 21st April 2025 15:35,N/A,15:35,Yielding,3m 100y,Chiefs Kingdom (IRE),Mr Barry Thomas Stone,2,P Nolan,NR,N/A,7,12-0t,-,True,170,17
Cork Racing Results | 21st April 2025 15:35,N/A,15:35,Yielding,3m 100y,I Am Rocco,Mr L E Williams,4,B McMahon,NR,N/A,8,12-0,92,True,170,17
Cork Racing Results | 21st April 2025 15:35,N/A,15:35,Yielding,3m 100y,Ask Mike (IRE),Mr D Doyle,0,M Butler,NR,N/A,8,12-0p,93,True,170,17
Cork Racing Results | 21st April 2025 15:35,N/A,15:35,Yielding,3m 100y,Tennessee Titan (IRE),Mr T Walsh,4,S Neville,PU,N/A,9,12-0,90,True,170,17
Cork Racing Results | 21st April 2025 15:35,N/A,15:35,Yielding,3m 100y,Cebu City (IRE),Miss Ella Herbison,2,D Deacon,PU,N/A,6,12-0,-,True,170,17
Cork Racing Results | 21st April 2025 15:35,N/A,15:35,Yielding,3m 100y,Long Road (IRE),Mr B J Walsh,0,P J Rothwell,PU,N/A,6,12-0,-,True,170,17
Cork Racing Results | 21st April 2025 15:35,N/A,15:35,Yielding,3m 100y,West Of Carrig (IRE),Mr A J Browne,4,Don Browne,F,N/A,8,12-0,114,True,170,17
Cork Racing Results | 21st April 2025 15:35,N/A,15:35,Yielding,3m 100y,Mount Rinjani (IRE),Mr J P Collins,4,G Ahern,11th,11 l,6,12-0v1,-,True,170,17
Cork Racing Results | 21st April 2025 15:35,N/A,15:35,Yielding,3m 100y,Mohera Prince (IRE),Mr B Barry,2,S Aherne,10th,1 l,7,12-0,-,True,170,17
Cork Racing Results | 21st April 2025 15:35,N/A,15:35,Yielding,3m 100y,Midnight Moonshine (IRE),Mr B Dunleavy,2,D Deacon,9th,2 1/4 l,6,12-0t1,-,True,170,17
Cork Racing Results | 21st April 2025 15:35,N/A,15:35,Yielding,3m 100y,Bigbraveboy (IRE),Mr J G Murphy,2,James Hannon,8th,2 1/2 l,7,12-0,-,True,170,17
Cork Racing Results | 21st April 2025 15:35,N/A,15:35,Yielding,3m 100y,Made U Look (IRE),Mr Alan O'Sullivan,0,E M O'Sullivan,7th,3 1/2 l,6,12-0,-,True,170,17
Cork Racing Results | 21st April 2025 15:35,N/A,15:35,Yielding,3m 100y,Cold Old Fire (IRE),Mr A T Feeney,2,R Hurley,6th,10 l,7,12-0,-,True,170,17
Cork Racing Results | 21st April 2025 15:35,N/A,15:35,Yielding,3m 100y,Arkhill (IRE),Mr L P Shanahan,2,R O'Sullivan,5th,3/4 l,6,12-0,-,True,170,17
Cork Racing Results | 21st April 2025 15:35,N/A,15:35,Yielding,3m 100y,Dromleigh (IRE),Miss L Costello,2,Seamus Murnane,4th,15 l,9,12-0,109,True,170,17
Cork Racing Results | 21st April 2025 15:35,N/A,15:35,Yielding,3m 100y,Sampoet (IRE),Mr M J Kenneally,2,T Leonard,3rd,Short Head,8,12-0,-,True,170,17
Cork Racing Results | 21st April 2025 15:35,N/A,15:35,Yielding,3m 100y,Manlikemike (IRE),Mr J W Hendrick,0,D P Murphy,2nd,2 1/2 l,7,12-0,-,True,170,17
Cork Racing Results | 21st April 2025 15:35,N/A,15:35,Yielding,3m 100y,Drive On Jimmey (IRE),Mr A Burke-Ott,0,P J Healy,1st,N/A,8,12-0,-,True,170,17
Cork Racing Results | 21st April 2025 15:35,N/A,15:35,Yielding,3m 100y,I Masked Du Potier (FR),Ms P R Briselden,4,P M J Doyle,NR,N/A,7,12-0,-,True,170,17
Cork Racing Results | 21st April 2025 15:35,N/A,15:35,Yielding,3m 100y,Chiefs Kingdom (IRE),Mr Barry Thomas Stone,2,P Nolan,NR,N/A,7,12-0t,-,True,170,17
Cork Racing Results | 21st April 2025 15:35,N/A,15:35,Yielding,3m 100y,I Am Rocco,Mr L E Williams,4,B McMahon,NR,N/A,8,12-0,92,True,170,17
Cork Racing Results | 21st April 2025 15:35,N/A,15:35,Yielding,3m 100y,Ask Mike (IRE),Mr D Doyle,0,M Butler,NR,N/A,8,12-0p,93,True,170,17
Cork Racing Results | 21st April 2025 15:35,N/A,15:35,Yielding,3m 100y,Tennessee Titan (IRE),Mr T Walsh,4,S Neville,PU,N/A,9,12-0,90,True,170,17
Cork Racing Results | 21st April 2025 15:35,N/A,15:35,Yielding,3m 100y,Cebu City (IRE),Miss Ella Herbison,2,D Deacon,PU,N/A,6,12-0,-,True,170,17
Cork Racing Results | 21st April 2025 15:35,N/A,15:35,Yielding,3m 100y,Long Road (IRE),Mr B J Walsh,0,P J Rothwell,PU,N/A,6,12-0,-,True,170,17
Cork Racing Results | 21st April 2025 15:35,N/A,15:35,Yielding,3m 100y,West Of Carrig (IRE),Mr A J Browne,4,Don Browne,F,N/A,8,12-0,114,True,170,17
Cork Racing Results | 21st April 2025 15:35,N/A,15:35,Yielding,3m 100y,Mount Rinjani (IRE),Mr J P Collins,4,G Ahern,11th,11 l,6,12-0v1,-,True,170,17
Cork Racing Results | 21st April 2025 15:35,N/A,15:35,Yielding,3m 100y,Mohera Prince (IRE),Mr B Barry,2,S Aherne,10th,1 l,7,12-0,-,True,170,17
Cork Racing Results | 21st April 2025 15:35,N/A,15:35,Yielding,3m 100y,Midnight Moonshine (IRE),Mr B Dunleavy,2,D Deacon,9th,2 1/4 l,6,12-0t1,-,True,170,17
Cork Racing Results | 21st April 2025 15:35,N/A,15:35,Yielding,3m 100y,Bigbraveboy (IRE),Mr J G Murphy,2,James Hannon,8th,2 1/2 l,7,12-0,-,True,170,17
Cork Racing Results | 21st April 2025 15:35,N/A,15:35,Yielding,3m 100y,Made U Look (IRE),Mr Alan O'Sullivan,0,E M O'Sullivan,7th,3 1/2 l,6,12-0,-,True,170,17
Cork Racing Results | 21st April 2025 15:35,N/A,15:35,Yielding,3m 100y,Cold Old Fire (IRE),Mr A T Feeney,2,R Hurley,6th,10 l,7,12-0,-,True,170,17
Cork Racing Results | 21st April 2025 15:35,N/A,15:35,Yielding,3m 100y,Arkhill (IRE),Mr L P Shanahan,2,R O'Sullivan,5th,3/4 l,6,12-0,-,True,170,17
Cork Racing Results | 21st April 2025 15:35,N/A,15:35,Yielding,3m 100y,Dromleigh (IRE),Miss L Costello,2,Seamus Murnane,4th,15 l,9,12-0,109,True,170,17
Cork Racing Results | 21st April 2025 15:35,N/A,15:35,Yielding,3m 100y,Sampoet (IRE),Mr M J Kenneally,2,T Leonard,3rd,Short Head,8,12-0,-,True,170,17
Cork Racing Results | 21st April 2025 15:35,N/A,15:35,Yielding,3m 100y,Manlikemike (IRE),Mr J W Hendrick,0,D P Murphy,2nd,2 1/2 l,7,12-0,-,True,170,17
Cork Racing Results | 21st April 2025 15:35,N/A,15:35,Yielding,3m 100y,Drive On Jimmey (IRE),Mr A Burke-Ott,0,P J Healy,1st,N/A,8,12-0,-,True,170,17
Cork Racing Results | 21st April 2025 16:10,N/A,16:10,Yielding,2m 4f,Lifetime Ambition (IRE),Mr D Doyle,7,P M J Doyle,NR,N/A,10,12-0,139,True,170,18
Cork Racing Results | 21st April 2025 16:10,N/A,16:10,Yielding,2m 4f,Heroes Of Renown (IRE),Miss A S O'Connor,7,Olivia Hegarty,PU,N/A,11,12-0p,114,True,170,18
Cork Racing Results | 21st April 2025 16:10,N/A,16:10,Yielding,2m 4f,Carrig Wells (IRE),Mr D M Fitzgerald,7,M P Fitzgerald,6th,5 l,10,11-7p,95,True,170,18
Cork Racing Results | 21st April 2025 16:10,N/A,16:10,Yielding,2m 4f,King Alex (FR),Mr J Ahern,7,G Ahern,5th,20 l,11,12-0p,112,True,170,18
Cork Racing Results | 21st April 2025 16:10,N/A,16:10,Yielding,2m 4f,West Cork Wildway (IRE),Mr E P O'Brien,5,P O'Flynn,4th,5 l,11,12-0v1,128,True,170,18
Cork Racing Results | 21st April 2025 16:10,N/A,16:10,Yielding,2m 4f,Early Doors (FR),Mr H C Swan,0,E Bolger,3rd,1 1/2 l,12,12-0p,140,True,170,18
Cork Racing Results | 21st April 2025 16:10,N/A,16:10,Yielding,2m 4f,Bugs Moran (IRE),Mr M J Kenneally,7,E M O'Sullivan,2nd,2 1/2 l,8,12-0,-,True,170,18
Cork Racing Results | 21st April 2025 16:10,N/A,16:10,Yielding,2m 4f,Lisleigh Lad (IRE),Mr Alan O'Sullivan,7,Miss E Broderick,1st,N/A,7,12-0,117,True,170,18
Cork Racing Results | 21st April 2025 16:10,N/A,16:10,Yielding,2m 4f,Lifetime Ambition (IRE),Mr D Doyle,7,P M J Doyle,NR,N/A,10,12-0,139,True,170,18
Cork Racing Results | 21st April 2025 16:10,N/A,16:10,Yielding,2m 4f,Heroes Of Renown (IRE),Miss A S O'Connor,7,Olivia Hegarty,PU,N/A,11,12-0p,114,True,170,18
Cork Racing Results | 21st April 2025 16:10,N/A,16:10,Yielding,2m 4f,Carrig Wells (IRE),Mr D M Fitzgerald,7,M P Fitzgerald,6th,5 l,10,11-7p,95,True,170,18
Cork Racing Results | 21st April 2025 16:10,N/A,16:10,Yielding,2m 4f,King Alex (FR),Mr J Ahern,7,G Ahern,5th,20 l,11,12-0p,112,True,170,18
Cork Racing Results | 21st April 2025 16:10,N/A,16:10,Yielding,2m 4f,West Cork Wildway (IRE),Mr E P O'Brien,5,P O'Flynn,4th,5 l,11,12-0v1,128,True,170,18
Cork Racing Results | 21st April 2025 16:10,N/A,16:10,Yielding,2m 4f,Early Doors (FR),Mr H C Swan,0,E Bolger,3rd,1 1/2 l,12,12-0p,140,True,170,18
Cork Racing Results | 21st April 2025 16:10,N/A,16:10,Yielding,2m 4f,Bugs Moran (IRE),Mr M J Kenneally,7,E M O'Sullivan,2nd,2 1/2 l,8,12-0,-,True,170,18
Cork Racing Results | 21st April 2025 16:10,N/A,16:10,Yielding,2m 4f,Lisleigh Lad (IRE),Mr Alan O'Sullivan,7,Miss E Broderick,1st,N/A,7,12-0,117,True,170,18
Cork Racing Results | 21st April 2025 16:45,N/A,16:45,Yielding (Yielding To Soft In Places),2m 3f,Johnny K (IRE),Mr P A King,5,William P Murphy,NR,N/A,6,12-0p1,-,True,170,19
Cork Racing Results | 21st April 2025 16:45,N/A,16:45,Yielding (Yielding To Soft In Places),2m 3f,Kilbuny Supersonic (IRE),Mr L J Murphy,7,Richard J O'Hara,NR,N/A,5,11-7,-,True,170,19
Cork Racing Results | 21st April 2025 16:45,N/A,16:45,Yielding (Yielding To Soft In Places),2m 3f,Another Belter (IRE),Mr P R O'Neill,7,D K Walsh,14th,62 l,6,12-0,-,True,170,19
Cork Racing Results | 21st April 2025 16:45,N/A,16:45,Yielding (Yielding To Soft In Places),2m 3f,Tokens Glory (IRE),Miss C Draper,7,J J Mangan,13th,1/2 l,6,12-0t,-,True,170,19
Cork Racing Results | 21st April 2025 16:45,N/A,16:45,Yielding (Yielding To Soft In Places),2m 3f,Phoenix Arizona (IRE),Mr K O'Neill,7,John F O'Neill,12th,19 l,6,12-0,-,True,170,19
Cork Racing Results | 21st April 2025 16:45,N/A,16:45,Yielding (Yielding To Soft In Places),2m 3f,Wings Of A Swallow (IRE),Mr J D Coffey,7,D Coffey,11th,6 l,5,12-0,-,True,170,19
Cork Racing Results | 21st April 2025 16:45,N/A,16:45,Yielding (Yielding To Soft In Places),2m 3f,Frankie's Freebie (IRE),Mr M J Kenneally,7,C Motherway,10th,1 1/2 l,5,12-0,-,True,170,19
Cork Racing Results | 21st April 2025 16:45,N/A,16:45,Yielding (Yielding To Soft In Places),2m 3f,Mister Loolah (IRE),Mr L Burke-Ott,7,A Ott,9th,1 l,5,12-0,-,True,170,19
Cork Racing Results | 21st April 2025 16:45,N/A,16:45,Yielding (Yielding To Soft In Places),2m 3f,Deerpark Hill (IRE),Mr E P O'Brien,5,S Aherne,8th,Head,5,12-0,-,True,170,19
Cork Racing Results | 21st April 2025 16:45,N/A,16:45,Yielding (Yielding To Soft In Places),2m 3f,Cloneen To The Max (IRE),Mr A J Browne,7,Don Browne,7th,2 1/2 l,6,12-0,-,True,170,19
Cork Racing Results | 21st April 2025 16:45,N/A,16:45,Yielding (Yielding To Soft In Places),2m 3f,Loyal Praetorian (IRE),Mr L M Kelleher,7,G Kelleher,6th,1 1/4 l,5,12-0,-,True,170,19
Cork Racing Results | 21st April 2025 16:45,N/A,16:45,Yielding (Yielding To Soft In Places),2m 3f,Hunt Away (IRE),Mr M J O'Connor,0,Miss M Harding,5th,3 1/4 l,5,12-0p1,-,True,170,19
Cork Racing Results | 21st April 2025 16:45,N/A,16:45,Yielding (Yielding To Soft In Places),2m 3f,Minella Emperor (IRE),Mr M J O'Neill,7,E Mullins,4th,4 1/2 l,6,12-0,-,True,170,19
Cork Racing Results | 21st April 2025 16:45,N/A,16:45,Yielding (Yielding To Soft In Places),2m 3f,Generous Risk (FR),Mr H C Swan,0,G Elliott,3rd,1/2 l,5,12-0,-,True,170,19
Cork Racing Results | 21st April 2025 16:45,N/A,16:45,Yielding (Yielding To Soft In Places),2m 3f,Cloudio (IRE),Mr B Barry,7,J P O'Keeffe,2nd,2 1/2 l,6,12-0,-,True,170,19
Cork Racing Results | 21st April 2025 16:45,N/A,16:45,Yielding (Yielding To Soft In Places),2m 3f,Clay Pigeons (IRE),Mr J L Gleeson,3,E Mullins,1st,N/A,5,12-0,-,True,170,19
Cork Racing Results | 21st April 2025 16:45,N/A,16:45,Yielding (Yielding To Soft In Places),2m 3f,Johnny K (IRE),Mr P A King,5,William P Murphy,NR,N/A,6,12-0p1,-,True,170,19
Cork Racing Results | 21st April 2025 16:45,N/A,16:45,Yielding (Yielding To Soft In Places),2m 3f,Kilbuny Supersonic (IRE),Mr L J Murphy,7,Richard J O'Hara,NR,N/A,5,11-7,-,True,170,19
Cork Racing Results | 21st April 2025 16:45,N/A,16:45,Yielding (Yielding To Soft In Places),2m 3f,Another Belter (IRE),Mr P R O'Neill,7,D K Walsh,14th,62 l,6,12-0,-,True,170,19
Cork Racing Results | 21st April 2025 16:45,N/A,16:45,Yielding (Yielding To Soft In Places),2m 3f,Tokens Glory (IRE),Miss C Draper,7,J J Mangan,13th,1/2 l,6,12-0t,-,True,170,19
Cork Racing Results | 21st April 2025 16:45,N/A,16:45,Yielding (Yielding To Soft In Places),2m 3f,Phoenix Arizona (IRE),Mr K O'Neill,7,John F O'Neill,12th,19 l,6,12-0,-,True,170,19
Cork Racing Results | 21st April 2025 16:45,N/A,16:45,Yielding (Yielding To Soft In Places),2m 3f,Wings Of A Swallow (IRE),Mr J D Coffey,7,D Coffey,11th,6 l,5,12-0,-,True,170,19
Cork Racing Results | 21st April 2025 16:45,N/A,16:45,Yielding (Yielding To Soft In Places),2m 3f,Frankie's Freebie (IRE),Mr M J Kenneally,7,C Motherway,10th,1 1/2 l,5,12-0,-,True,170,19
Cork Racing Results | 21st April 2025 16:45,N/A,16:45,Yielding (Yielding To Soft In Places),2m 3f,Mister Loolah (IRE),Mr L Burke-Ott,7,A Ott,9th,1 l,5,12-0,-,True,170,19
Cork Racing Results | 21st April 2025 16:45,N/A,16:45,Yielding (Yielding To Soft In Places),2m 3f,Deerpark Hill (IRE),Mr E P O'Brien,5,S Aherne,8th,Head,5,12-0,-,True,170,19
Cork Racing Results | 21st April 2025 16:45,N/A,16:45,Yielding (Yielding To Soft In Places),2m 3f,Cloneen To The Max (IRE),Mr A J Browne,7,Don Browne,7th,2 1/2 l,6,12-0,-,True,170,19
Cork Racing Results | 21st April 2025 16:45,N/A,16:45,Yielding (Yielding To Soft In Places),2m 3f,Loyal Praetorian (IRE),Mr L M Kelleher,7,G Kelleher,6th,1 1/4 l,5,12-0,-,True,170,19
Cork Racing Results | 21st April 2025 16:45,N/A,16:45,Yielding (Yielding To Soft In Places),2m 3f,Hunt Away (IRE),Mr M J O'Connor,0,Miss M Harding,5th,3 1/4 l,5,12-0p1,-,True,170,19
Cork Racing Results | 21st April 2025 16:45,N/A,16:45,Yielding (Yielding To Soft In Places),2m 3f,Minella Emperor (IRE),Mr M J O'Neill,7,E Mullins,4th,4 1/2 l,6,12-0,-,True,170,19
Cork Racing Results | 21st April 2025 16:45,N/A,16:45,Yielding (Yielding To Soft In Places),2m 3f,Generous Risk (FR),Mr H C Swan,0,G Elliott,3rd,1/2 l,5,12-0,-,True,170,19
Cork Racing Results | 21st April 2025 16:45,N/A,16:45,Yielding (Yielding To Soft In Places),2m 3f,Cloudio (IRE),Mr B Barry,7,J P O'Keeffe,2nd,2 1/2 l,6,12-0,-,True,170,19
Cork Racing Results | 21st April 2025 16:45,N/A,16:45,Yielding (Yielding To Soft In Places),2m 3f,Clay Pigeons (IRE),Mr J L Gleeson,3,E Mullins,1st,N/A,5,12-0,-,True,170,19
Cork Racing Results | 21st April 2025 17:20,N/A,17:20,Yielding (Yielding To Soft In Places),2m,Living My Life (IRE),Mr L A Gleeson,7,J F Gleeson,13th,68 l,6,11-11,-,True,170,20
Cork Racing Results | 21st April 2025 17:20,N/A,17:20,Yielding (Yielding To Soft In Places),2m,Changeyourstars (IRE),Mr P A King,5,James King,12th,3/4 l,5,11-11,-,True,170,20
Cork Racing Results | 21st April 2025 17:20,N/A,17:20,Yielding (Yielding To Soft In Places),2m,Nolans Rocco (IRE),Mr Alan O'Sullivan,7,Padraig Butler,11th,4 3/4 l,6,11-11t1,-,True,170,20
Cork Racing Results | 21st April 2025 17:20,N/A,17:20,Yielding (Yielding To Soft In Places),2m,Lily Milan (IRE),Mr J W Hendrick,7,P Kiely,10th,5 l,6,11-11,-,True,170,20
Cork Racing Results | 21st April 2025 17:20,N/A,17:20,Yielding (Yielding To Soft In Places),2m,Clear Captions (IRE),Mr E P O'Brien,5,N Stokes,9th,2 l,5,11-11,-,True,170,20
Cork Racing Results | 21st April 2025 17:20,N/A,17:20,Yielding (Yielding To Soft In Places),2m,Dora D'or (IRE),Mr L P Shanahan,7,R O'Sullivan,8th,1 1/2 l,6,11-11,-,True,170,20
Cork Racing Results | 21st April 2025 17:20,N/A,17:20,Yielding (Yielding To Soft In Places),2m,Carry On Heidi (IRE),Mr B Finn,7,J P Patrick Baragry,7th,1/2 l,5,11-11,-,True,170,20
Cork Racing Results | 21st April 2025 17:20,N/A,17:20,Yielding (Yielding To Soft In Places),2m,Mystic Malina (IRE),Mr J G Murphy,7,D G Murphy,6th,1 1/4 l,6,11-11,-,True,170,20
Cork Racing Results | 21st April 2025 17:20,N/A,17:20,Yielding (Yielding To Soft In Places),2m,Simply Natural,Mr D G Lavery,0,G P Cromwell,5th,2 1/4 l,5,11-11,-,True,170,20
Cork Racing Results | 21st April 2025 17:20,N/A,17:20,Yielding (Yielding To Soft In Places),2m,Lakewood Rose (IRE),Miss N C Hennessy,7,Miss N Hennessy,4th,1 3/4 l,7,11-11,-,True,170,20
Cork Racing Results | 21st April 2025 17:20,N/A,17:20,Yielding (Yielding To Soft In Places),2m,Crohan Lady (IRE),Mr M J Kenneally,7,J G Lonergan,3rd,2 3/4 l,7,11-11t1,-,True,170,20
Cork Racing Results | 21st April 2025 17:20,N/A,17:20,Yielding (Yielding To Soft In Places),2m,Torpille Dagrostis (FR),Mr H C Swan,0,G Elliott,2nd,1/2 l,5,11-11,-,True,170,20
Cork Racing Results | 21st April 2025 17:20,N/A,17:20,Yielding (Yielding To Soft In Places),2m,Miss Doyenne (IRE),Mr J L Gleeson,3,H De Bromhead,1st,N/A,5,11-11,-,True,170,20
Cork Racing Results | 21st April 2025 17:20,N/A,17:20,Yielding (Yielding To Soft In Places),2m,Living My Life (IRE),Mr L A Gleeson,7,J F Gleeson,13th,68 l,6,11-11,-,True,170,20
Cork Racing Results | 21st April 2025 17:20,N/A,17:20,Yielding (Yielding To Soft In Places),2m,Changeyourstars (IRE),Mr P A King,5,James King,12th,3/4 l,5,11-11,-,True,170,20
Cork Racing Results | 21st April 2025 17:20,N/A,17:20,Yielding (Yielding To Soft In Places),2m,Nolans Rocco (IRE),Mr Alan O'Sullivan,7,Padraig Butler,11th,4 3/4 l,6,11-11t1,-,True,170,20
Cork Racing Results | 21st April 2025 17:20,N/A,17:20,Yielding (Yielding To Soft In Places),2m,Lily Milan (IRE),Mr J W Hendrick,7,P Kiely,10th,5 l,6,11-11,-,True,170,20
Cork Racing Results | 21st April 2025 17:20,N/A,17:20,Yielding (Yielding To Soft In Places),2m,Clear Captions (IRE),Mr E P O'Brien,5,N Stokes,9th,2 l,5,11-11,-,True,170,20
Cork Racing Results | 21st April 2025 17:20,N/A,17:20,Yielding (Yielding To Soft In Places),2m,Dora D'or (IRE),Mr L P Shanahan,7,R O'Sullivan,8th,1 1/2 l,6,11-11,-,True,170,20
Cork Racing Results | 21st April 2025 17:20,N/A,17:20,Yielding (Yielding To Soft In Places),2m,Carry On Heidi (IRE),Mr B Finn,7,J P Patrick Baragry,7th,1/2 l,5,11-11,-,True,170,20
Cork Racing Results | 21st April 2025 17:20,N/A,17:20,Yielding (Yielding To Soft In Places),2m,Mystic Malina (IRE),Mr J G Murphy,7,D G Murphy,6th,1 1/4 l,6,11-11,-,True,170,20
Cork Racing Results | 21st April 2025 17:20,N/A,17:20,Yielding (Yielding To Soft In Places),2m,Simply Natural,Mr D G Lavery,0,G P Cromwell,5th,2 1/4 l,5,11-11,-,True,170,20
Cork Racing Results | 21st April 2025 17:20,N/A,17:20,Yielding (Yielding To Soft In Places),2m,Lakewood Rose (IRE),Miss N C Hennessy,7,Miss N Hennessy,4th,1 3/4 l,7,11-11,-,True,170,20
Cork Racing Results | 21st April 2025 17:20,N/A,17:20,Yielding (Yielding To Soft In Places),2m,Crohan Lady (IRE),Mr M J Kenneally,7,J G Lonergan,3rd,2 3/4 l,7,11-11t1,-,True,170,20
Cork Racing Results | 21st April 2025 17:20,N/A,17:20,Yielding (Yielding To Soft In Places),2m,Torpille Dagrostis (FR),Mr H C Swan,0,G Elliott,2nd,1/2 l,5,11-11,-,True,170,20
Cork Racing Results | 21st April 2025 17:20,N/A,17:20,Yielding (Yielding To Soft In Places),2m,Miss Doyenne (IRE),Mr J L Gleeson,3,H De Bromhead,1st,N/A,5,11-11,-,True,170,20
Fairyhouse Racing Results | 21st April 2025 14:05,N/A,14:05,Soft To Heavy,2m,Solsbury Hill (IRE),C G O'Dwyer,5,C O'Dwyer,NR,N/A,6,11-2,110,True,170,21
Fairyhouse Racing Results | 21st April 2025 14:05,N/A,14:05,Soft To Heavy,2m,Read To Return (IRE),D King,0,A J Martin,NR,N/A,8,10-4t,98,True,170,21
Fairyhouse Racing Results | 21st April 2025 14:05,N/A,14:05,Soft To Heavy,2m,Putapoundinthejar (IRE),C Stone-Walsh,3,A J Martin,NR,N/A,5,11-9t,117,True,170,21
Fairyhouse Racing Results | 21st April 2025 14:05,N/A,14:05,Soft To Heavy,2m,Aurea Fortuna (IRE),K C Sexton,0,A J Martin,NR,N/A,6,10-8t,102,True,170,21
Fairyhouse Racing Results | 21st April 2025 14:05,N/A,14:05,Soft To Heavy,2m,Kaptain Bay (IRE),D Meyler,0,N Meade,NR,N/A,4,10-7t,109,True,170,21
Fairyhouse Racing Results | 21st April 2025 14:05,N/A,14:05,Soft To Heavy,2m,King In Love (FR),S F O'Keeffe,0,S Aherne,PU,N/A,5,10-11h,105,True,170,21
Fairyhouse Racing Results | 21st April 2025 14:05,N/A,14:05,Soft To Heavy,2m,Arch Empire (FR),Mr J H Williamson,7,G Elliott,F,N/A,5,11-12,120,True,170,21
Fairyhouse Racing Results | 21st April 2025 14:05,N/A,14:05,Soft To Heavy,2m,Wonleg (IRE),Rachael Blackmore,0,H De Bromhead,12th,2 1/2 l,5,11-10,118,True,170,21
Fairyhouse Racing Results | 21st April 2025 14:05,N/A,14:05,Soft To Heavy,2m,Teds Corner (IRE),D King,0,A J Martin,11th,Short Head,5,10-0t,93,True,170,21
Fairyhouse Racing Results | 21st April 2025 14:05,N/A,14:05,Soft To Heavy,2m,Kool One (SPA),I Ryan,7,Conor Maxwell,10th,1 l,4,11-4,120,True,170,21
Fairyhouse Racing Results | 21st April 2025 14:05,N/A,14:05,Soft To Heavy,2m,Chosen Diamond (IRE),P Byrnes,0,E Cawley,9th,3/4 l,9,10-7p,101,True,170,21
Fairyhouse Racing Results | 21st April 2025 14:05,N/A,14:05,Soft To Heavy,2m,Duty Bound,A Harvey,5,J P Flavin,8th,Short Head,6,10-7,101,True,170,21
Fairyhouse Racing Results | 21st April 2025 14:05,N/A,14:05,Soft To Heavy,2m,Aboy Joey (IRE),S D Torrens,0,E McCarthy,7th,1 1/2 l,6,10-2p,96,True,170,21
Fairyhouse Racing Results | 21st April 2025 14:05,N/A,14:05,Soft To Heavy,2m,Major Barry (IRE),N F Houlihan,0,P Kiely,6th,1 1/2 l,7,11-10,118,True,170,21
Fairyhouse Racing Results | 21st April 2025 14:05,N/A,14:05,Soft To Heavy,2m,Whimsy,O R Brown,5,A McCann,5th,2 1/2 l,6,11-12,120,True,170,21
Fairyhouse Racing Results | 21st April 2025 14:05,N/A,14:05,Soft To Heavy,2m,Catchabird (IRE),A P Kelly,5,Sarah Connell,4th,4 l,7,10-5h,99,True,170,21
Fairyhouse Racing Results | 21st April 2025 14:05,N/A,14:05,Soft To Heavy,2m,Weston (GER),C P McNamara,0,H Rogers,3rd,3/4 l,6,10-0t,93,True,170,21
Fairyhouse Racing Results | 21st April 2025 14:05,N/A,14:05,Soft To Heavy,2m,Stuntman Steve (IRE),K M Donoghue,0,G P Cromwell,2nd,1 1/2 l,6,11-3,111,True,170,21
Fairyhouse Racing Results | 21st April 2025 14:05,N/A,14:05,Soft To Heavy,2m,Last Kingdom (FR),M P Walsh,0,W P Mullins,1st,N/A,4,10-13,115,True,170,21
Fairyhouse Racing Results | 21st April 2025 14:05,N/A,14:05,Soft To Heavy,2m,Solsbury Hill (IRE),C G O'Dwyer,5,C O'Dwyer,NR,N/A,6,11-2,110,True,170,21
Fairyhouse Racing Results | 21st April 2025 14:05,N/A,14:05,Soft To Heavy,2m,Read To Return (IRE),D King,0,A J Martin,NR,N/A,8,10-4t,98,True,170,21
Fairyhouse Racing Results | 21st April 2025 14:05,N/A,14:05,Soft To Heavy,2m,Putapoundinthejar (IRE),C Stone-Walsh,3,A J Martin,NR,N/A,5,11-9t,117,True,170,21
Fairyhouse Racing Results | 21st April 2025 14:05,N/A,14:05,Soft To Heavy,2m,Aurea Fortuna (IRE),K C Sexton,0,A J Martin,NR,N/A,6,10-8t,102,True,170,21
Fairyhouse Racing Results | 21st April 2025 14:05,N/A,14:05,Soft To Heavy,2m,Kaptain Bay (IRE),D Meyler,0,N Meade,NR,N/A,4,10-7t,109,True,170,21
Fairyhouse Racing Results | 21st April 2025 14:05,N/A,14:05,Soft To Heavy,2m,King In Love (FR),S F O'Keeffe,0,S Aherne,PU,N/A,5,10-11h,105,True,170,21
Fairyhouse Racing Results | 21st April 2025 14:05,N/A,14:05,Soft To Heavy,2m,Arch Empire (FR),Mr J H Williamson,7,G Elliott,F,N/A,5,11-12,120,True,170,21
Fairyhouse Racing Results | 21st April 2025 14:05,N/A,14:05,Soft To Heavy,2m,Wonleg (IRE),Rachael Blackmore,0,H De Bromhead,12th,2 1/2 l,5,11-10,118,True,170,21
Fairyhouse Racing Results | 21st April 2025 14:05,N/A,14:05,Soft To Heavy,2m,Teds Corner (IRE),D King,0,A J Martin,11th,Short Head,5,10-0t,93,True,170,21
Fairyhouse Racing Results | 21st April 2025 14:05,N/A,14:05,Soft To Heavy,2m,Kool One (SPA),I Ryan,7,Conor Maxwell,10th,1 l,4,11-4,120,True,170,21
Fairyhouse Racing Results | 21st April 2025 14:05,N/A,14:05,Soft To Heavy,2m,Chosen Diamond (IRE),P Byrnes,0,E Cawley,9th,3/4 l,9,10-7p,101,True,170,21
Fairyhouse Racing Results | 21st April 2025 14:05,N/A,14:05,Soft To Heavy,2m,Duty Bound,A Harvey,5,J P Flavin,8th,Short Head,6,10-7,101,True,170,21
Fairyhouse Racing Results | 21st April 2025 14:05,N/A,14:05,Soft To Heavy,2m,Aboy Joey (IRE),S D Torrens,0,E McCarthy,7th,1 1/2 l,6,10-2p,96,True,170,21
Fairyhouse Racing Results | 21st April 2025 14:05,N/A,14:05,Soft To Heavy,2m,Major Barry (IRE),N F Houlihan,0,P Kiely,6th,1 1/2 l,7,11-10,118,True,170,21
Fairyhouse Racing Results | 21st April 2025 14:05,N/A,14:05,Soft To Heavy,2m,Whimsy,O R Brown,5,A McCann,5th,2 1/2 l,6,11-12,120,True,170,21
Fairyhouse Racing Results | 21st April 2025 14:05,N/A,14:05,Soft To Heavy,2m,Catchabird (IRE),A P Kelly,5,Sarah Connell,4th,4 l,7,10-5h,99,True,170,21
Fairyhouse Racing Results | 21st April 2025 14:05,N/A,14:05,Soft To Heavy,2m,Weston (GER),C P McNamara,0,H Rogers,3rd,3/4 l,6,10-0t,93,True,170,21
Fairyhouse Racing Results | 21st April 2025 14:05,N/A,14:05,Soft To Heavy,2m,Stuntman Steve (IRE),K M Donoghue,0,G P Cromwell,2nd,1 1/2 l,6,11-3,111,True,170,21
Fairyhouse Racing Results | 21st April 2025 14:05,N/A,14:05,Soft To Heavy,2m,Last Kingdom (FR),M P Walsh,0,W P Mullins,1st,N/A,4,10-13,115,True,170,21
Fairyhouse Racing Results | 21st April 2025 14:40,N/A,14:40,Soft To Heavy,2m,Preparations (IRE),C M Quirke,0,A Slattery,7th,45 l,4,10-7,-,True,170,22
Fairyhouse Racing Results | 21st April 2025 14:40,N/A,14:40,Soft To Heavy,2m,Holy See (IRE),P Byrnes,0,W Durkan,6th,10 l,4,11-0p,118,True,170,22
Fairyhouse Racing Results | 21st April 2025 14:40,N/A,14:40,Soft To Heavy,2m,Messerschmitt (IRE),K C Sexton,0,N Meade,5th,3/4 l,4,11-0,123,True,170,22
Fairyhouse Racing Results | 21st April 2025 14:40,N/A,14:40,Soft To Heavy,2m,Ephesus (IRE),D King,0,D Hogan,4th,3/4 l,4,11-0t,122,True,170,22
Fairyhouse Racing Results | 21st April 2025 14:40,N/A,14:40,Soft To Heavy,2m,Wendrock (FR),Sam Ewing,0,G Elliott,3rd,4 1/4 l,4,11-0,134,True,170,22
Fairyhouse Racing Results | 21st April 2025 14:40,N/A,14:40,Soft To Heavy,2m,Its Bilbo (FR),Rachael Blackmore,0,H De Bromhead,2nd,7 l,4,11-0,129,True,170,22
Fairyhouse Racing Results | 21st April 2025 14:40,N/A,14:40,Soft To Heavy,2m,Blue Lemons (IRE),P Townend,0,W P Mullins,1st,N/A,4,11-0,-,True,170,22
Fairyhouse Racing Results | 21st April 2025 14:40,N/A,14:40,Soft To Heavy,2m,Preparations (IRE),C M Quirke,0,A Slattery,7th,45 l,4,10-7,-,True,170,22
Fairyhouse Racing Results | 21st April 2025 14:40,N/A,14:40,Soft To Heavy,2m,Holy See (IRE),P Byrnes,0,W Durkan,6th,10 l,4,11-0p,118,True,170,22
Fairyhouse Racing Results | 21st April 2025 14:40,N/A,14:40,Soft To Heavy,2m,Messerschmitt (IRE),K C Sexton,0,N Meade,5th,3/4 l,4,11-0,123,True,170,22
Fairyhouse Racing Results | 21st April 2025 14:40,N/A,14:40,Soft To Heavy,2m,Ephesus (IRE),D King,0,D Hogan,4th,3/4 l,4,11-0t,122,True,170,22
Fairyhouse Racing Results | 21st April 2025 14:40,N/A,14:40,Soft To Heavy,2m,Wendrock (FR),Sam Ewing,0,G Elliott,3rd,4 1/4 l,4,11-0,134,True,170,22
Fairyhouse Racing Results | 21st April 2025 14:40,N/A,14:40,Soft To Heavy,2m,Its Bilbo (FR),Rachael Blackmore,0,H De Bromhead,2nd,7 l,4,11-0,129,True,170,22
Fairyhouse Racing Results | 21st April 2025 14:40,N/A,14:40,Soft To Heavy,2m,Blue Lemons (IRE),P Townend,0,W P Mullins,1st,N/A,4,11-0,-,True,170,22
Fairyhouse Racing Results | 21st April 2025 15:15,N/A,15:15,Soft To Heavy,2m 5f 165y,Mordor (FR),D J Gilligan,0,G Elliott,NR,N/A,5,11-3,126,True,170,23
Fairyhouse Racing Results | 21st April 2025 15:15,N/A,15:15,Soft To Heavy,2m 5f 165y,Win Some Lose Some (IRE),A P Kelly,5,P Roche,NR,N/A,6,11-12,135,True,170,23
Fairyhouse Racing Results | 21st April 2025 15:15,N/A,15:15,Soft To Heavy,2m 5f 165y,Hamsiyann (IRE),Rachael Blackmore,0,A J Martin,NR,N/A,5,10-8t,117,True,170,23
Fairyhouse Racing Results | 21st April 2025 15:15,N/A,15:15,Soft To Heavy,2m 5f 165y,Clodders Dream,Sam Ewing,0,G Elliott,PU,N/A,7,11-5,128,True,170,23
Fairyhouse Racing Results | 21st April 2025 15:15,N/A,15:15,Soft To Heavy,2m 5f 165y,Angostura (IRE),J C Gainford,0,G Elliott,PU,N/A,6,10-11,120,True,170,23
Fairyhouse Racing Results | 21st April 2025 15:15,N/A,15:15,Soft To Heavy,2m 5f 165y,Petit King (FR),P T Enright,0,E Cawley,PU,N/A,9,10-3p,112,True,170,23
Fairyhouse Racing Results | 21st April 2025 15:15,N/A,15:15,Soft To Heavy,2m 5f 165y,Farmers Lodge (IRE),S W Flanagan,0,B Connell,PU,N/A,9,11-12,135,True,170,23
Fairyhouse Racing Results | 21st April 2025 15:15,N/A,15:15,Soft To Heavy,2m 5f 165y,Redstone (IRE),K E Buckley,0,H Rogers,PU,N/A,7,10-11,120,True,170,23
Fairyhouse Racing Results | 21st April 2025 15:15,N/A,15:15,Soft To Heavy,2m 5f 165y,Oscars Brother (IRE),D King,0,Connor King,F,N/A,7,11-12,135,True,170,23
Fairyhouse Racing Results | 21st April 2025 15:15,N/A,15:15,Soft To Heavy,2m 5f 165y,Come Walk With Me (IRE),E Walsh,0,E Cawley,8th,15 l,6,11-2t,125,True,170,23
Fairyhouse Racing Results | 21st April 2025 15:15,N/A,15:15,Soft To Heavy,2m 5f 165y,Arion Soldier (IRE),R A Doyle,0,Eamon Courtney,7th,1 3/4 l,7,11-0,123,True,170,23
Fairyhouse Racing Results | 21st April 2025 15:15,N/A,15:15,Soft To Heavy,2m 5f 165y,Idefix De Ciergues (FR),S Bowen,0,Miss R Curtis,6th,7 l,7,10-6p,115,True,170,23
Fairyhouse Racing Results | 21st April 2025 15:15,N/A,15:15,Soft To Heavy,2m 5f 165y,Lucky Lyreen (IRE),F Brickley,7,G Elliott,5th,6 l,7,11-8,131,True,170,23
Fairyhouse Racing Results | 21st April 2025 15:15,N/A,15:15,Soft To Heavy,2m 5f 165y,Tranquil Sea (IRE),C Stone-Walsh,3,P Nolan,4th,8 l,5,10-4tp1,113,True,170,23
Fairyhouse Racing Results | 21st April 2025 15:15,N/A,15:15,Soft To Heavy,2m 5f 165y,Mywayofthinkin (IRE),M P Walsh,0,G P Cromwell,3rd,6 1/2 l,6,11-0t,123,True,170,23
Fairyhouse Racing Results | 21st April 2025 15:15,N/A,15:15,Soft To Heavy,2m 5f 165y,Eagles Reign (IRE),T P Harney,7,R O'Sullivan,2nd,6 1/2 l,5,11-4b,127,True,170,23
Fairyhouse Racing Results | 21st April 2025 15:15,N/A,15:15,Soft To Heavy,2m 5f 165y,Glen Kiln (IRE),C M Quirke,3,D H Kelly,1st,N/A,6,11-1,124,True,170,23
Fairyhouse Racing Results | 21st April 2025 15:15,N/A,15:15,Soft To Heavy,2m 5f 165y,Mordor (FR),D J Gilligan,0,G Elliott,NR,N/A,5,11-3,126,True,170,23
Fairyhouse Racing Results | 21st April 2025 15:15,N/A,15:15,Soft To Heavy,2m 5f 165y,Win Some Lose Some (IRE),A P Kelly,5,P Roche,NR,N/A,6,11-12,135,True,170,23
Fairyhouse Racing Results | 21st April 2025 15:15,N/A,15:15,Soft To Heavy,2m 5f 165y,Hamsiyann (IRE),Rachael Blackmore,0,A J Martin,NR,N/A,5,10-8t,117,True,170,23
Fairyhouse Racing Results | 21st April 2025 15:15,N/A,15:15,Soft To Heavy,2m 5f 165y,Clodders Dream,Sam Ewing,0,G Elliott,PU,N/A,7,11-5,128,True,170,23
Fairyhouse Racing Results | 21st April 2025 15:15,N/A,15:15,Soft To Heavy,2m 5f 165y,Angostura (IRE),J C Gainford,0,G Elliott,PU,N/A,6,10-11,120,True,170,23
Fairyhouse Racing Results | 21st April 2025 15:15,N/A,15:15,Soft To Heavy,2m 5f 165y,Petit King (FR),P T Enright,0,E Cawley,PU,N/A,9,10-3p,112,True,170,23
Fairyhouse Racing Results | 21st April 2025 15:15,N/A,15:15,Soft To Heavy,2m 5f 165y,Farmers Lodge (IRE),S W Flanagan,0,B Connell,PU,N/A,9,11-12,135,True,170,23
Fairyhouse Racing Results | 21st April 2025 15:15,N/A,15:15,Soft To Heavy,2m 5f 165y,Redstone (IRE),K E Buckley,0,H Rogers,PU,N/A,7,10-11,120,True,170,23
Fairyhouse Racing Results | 21st April 2025 15:15,N/A,15:15,Soft To Heavy,2m 5f 165y,Oscars Brother (IRE),D King,0,Connor King,F,N/A,7,11-12,135,True,170,23
Fairyhouse Racing Results | 21st April 2025 15:15,N/A,15:15,Soft To Heavy,2m 5f 165y,Come Walk With Me (IRE),E Walsh,0,E Cawley,8th,15 l,6,11-2t,125,True,170,23
Fairyhouse Racing Results | 21st April 2025 15:15,N/A,15:15,Soft To Heavy,2m 5f 165y,Arion Soldier (IRE),R A Doyle,0,Eamon Courtney,7th,1 3/4 l,7,11-0,123,True,170,23
Fairyhouse Racing Results | 21st April 2025 15:15,N/A,15:15,Soft To Heavy,2m 5f 165y,Idefix De Ciergues (FR),S Bowen,0,Miss R Curtis,6th,7 l,7,10-6p,115,True,170,23
Fairyhouse Racing Results | 21st April 2025 15:15,N/A,15:15,Soft To Heavy,2m 5f 165y,Lucky Lyreen (IRE),F Brickley,7,G Elliott,5th,6 l,7,11-8,131,True,170,23
Fairyhouse Racing Results | 21st April 2025 15:15,N/A,15:15,Soft To Heavy,2m 5f 165y,Tranquil Sea (IRE),C Stone-Walsh,3,P Nolan,4th,8 l,5,10-4tp1,113,True,170,23
Fairyhouse Racing Results | 21st April 2025 15:15,N/A,15:15,Soft To Heavy,2m 5f 165y,Mywayofthinkin (IRE),M P Walsh,0,G P Cromwell,3rd,6 1/2 l,6,11-0t,123,True,170,23
Fairyhouse Racing Results | 21st April 2025 15:15,N/A,15:15,Soft To Heavy,2m 5f 165y,Eagles Reign (IRE),T P Harney,7,R O'Sullivan,2nd,6 1/2 l,5,11-4b,127,True,170,23
Fairyhouse Racing Results | 21st April 2025 15:15,N/A,15:15,Soft To Heavy,2m 5f 165y,Glen Kiln (IRE),C M Quirke,3,D H Kelly,1st,N/A,6,11-1,124,True,170,23
Fairyhouse Racing Results | 21st April 2025 15:50,N/A,15:50,Soft To Heavy,2m 3f 180y,Kopeck De Mee (FR),M P Walsh,0,W P Mullins,NR,N/A,5,11-6,143,True,170,24
Fairyhouse Racing Results | 21st April 2025 15:50,N/A,15:50,Soft To Heavy,2m 3f 180y,Beacon Edge (IRE),S Bowen,0,G Elliott,NR,N/A,11,11-8b,142,True,170,24
Fairyhouse Racing Results | 21st April 2025 15:50,N/A,15:50,Soft To Heavy,2m 3f 180y,Kala Conti (FR),J C Gainford,0,G Elliott,10th,6 l,5,11-1,141,True,170,24
Fairyhouse Racing Results | 21st April 2025 15:50,N/A,15:50,Soft To Heavy,2m 3f 180y,Staffordshire Knot (IRE),Sam Ewing,0,G Elliott,9th,7 l,7,11-3b,139,True,170,24
Fairyhouse Racing Results | 21st April 2025 15:50,N/A,15:50,Soft To Heavy,2m 3f 180y,Sandor Clegane (IRE),S W Flanagan,0,P Nolan,8th,2 1/2 l,8,11-3t,147,True,170,24
Fairyhouse Racing Results | 21st April 2025 15:50,N/A,15:50,Soft To Heavy,2m 3f 180y,Lantry Lady (FR),D J O'Keeffe,0,H De Bromhead,7th,3 1/2 l,7,10-13t,139,True,170,24
Fairyhouse Racing Results | 21st April 2025 15:50,N/A,15:50,Soft To Heavy,2m 3f 180y,Spread Boss Ted,D E Mullins,0,W P Mullins,6th,4 l,8,11-3,-,True,170,24
Fairyhouse Racing Results | 21st April 2025 15:50,N/A,15:50,Soft To Heavy,2m 3f 180y,Eagle Fang (IRE),P Byrnes,0,W Durkan,5th,5 l,5,11-3b1,141,True,170,24
Fairyhouse Racing Results | 21st April 2025 15:50,N/A,15:50,Soft To Heavy,2m 3f 180y,Colonel Mustard (FR),J J Slevin,0,L Fowler,4th,1 1/4 l,10,11-3,145,True,170,24
Fairyhouse Racing Results | 21st April 2025 15:50,N/A,15:50,Soft To Heavy,2m 3f 180y,Feet Of A Dancer (FR),S F O'Keeffe,0,P Nolan,3rd,3/4 l,6,10-10,135,True,170,24
Fairyhouse Racing Results | 21st April 2025 15:50,N/A,15:50,Soft To Heavy,2m 3f 180y,Gala Marceau (FR),P Townend,0,W P Mullins,2nd,3/4 l,6,10-10h,144,True,170,24
Fairyhouse Racing Results | 21st April 2025 15:50,N/A,15:50,Soft To Heavy,2m 3f 180y,Maxxum (IRE),D J Gilligan,0,G Elliott,1st,N/A,8,11-8,149,True,170,24
Fairyhouse Racing Results | 21st April 2025 15:50,N/A,15:50,Soft To Heavy,2m 3f 180y,Kopeck De Mee (FR),M P Walsh,0,W P Mullins,NR,N/A,5,11-6,143,True,170,24
Fairyhouse Racing Results | 21st April 2025 15:50,N/A,15:50,Soft To Heavy,2m 3f 180y,Beacon Edge (IRE),S Bowen,0,G Elliott,NR,N/A,11,11-8b,142,True,170,24
Fairyhouse Racing Results | 21st April 2025 15:50,N/A,15:50,Soft To Heavy,2m 3f 180y,Kala Conti (FR),J C Gainford,0,G Elliott,10th,6 l,5,11-1,141,True,170,24
Fairyhouse Racing Results | 21st April 2025 15:50,N/A,15:50,Soft To Heavy,2m 3f 180y,Staffordshire Knot (IRE),Sam Ewing,0,G Elliott,9th,7 l,7,11-3b,139,True,170,24
Fairyhouse Racing Results | 21st April 2025 15:50,N/A,15:50,Soft To Heavy,2m 3f 180y,Sandor Clegane (IRE),S W Flanagan,0,P Nolan,8th,2 1/2 l,8,11-3t,147,True,170,24
Fairyhouse Racing Results | 21st April 2025 15:50,N/A,15:50,Soft To Heavy,2m 3f 180y,Lantry Lady (FR),D J O'Keeffe,0,H De Bromhead,7th,3 1/2 l,7,10-13t,139,True,170,24
Fairyhouse Racing Results | 21st April 2025 15:50,N/A,15:50,Soft To Heavy,2m 3f 180y,Spread Boss Ted,D E Mullins,0,W P Mullins,6th,4 l,8,11-3,-,True,170,24
Fairyhouse Racing Results | 21st April 2025 15:50,N/A,15:50,Soft To Heavy,2m 3f 180y,Eagle Fang (IRE),P Byrnes,0,W Durkan,5th,5 l,5,11-3b1,141,True,170,24
Fairyhouse Racing Results | 21st April 2025 15:50,N/A,15:50,Soft To Heavy,2m 3f 180y,Colonel Mustard (FR),J J Slevin,0,L Fowler,4th,1 1/4 l,10,11-3,145,True,170,24
Fairyhouse Racing Results | 21st April 2025 15:50,N/A,15:50,Soft To Heavy,2m 3f 180y,Feet Of A Dancer (FR),S F O'Keeffe,0,P Nolan,3rd,3/4 l,6,10-10,135,True,170,24
Fairyhouse Racing Results | 21st April 2025 15:50,N/A,15:50,Soft To Heavy,2m 3f 180y,Gala Marceau (FR),P Townend,0,W P Mullins,2nd,3/4 l,6,10-10h,144,True,170,24
Fairyhouse Racing Results | 21st April 2025 15:50,N/A,15:50,Soft To Heavy,2m 3f 180y,Maxxum (IRE),D J Gilligan,0,G Elliott,1st,N/A,8,11-8,149,True,170,24
Fairyhouse Racing Results | 21st April 2025 16:20,N/A,16:20,Soft To Heavy,2m 3f 170y,Ash Tree Meadow (FR),D J Gilligan,0,G Elliott,NR,N/A,9,11-10t,158,True,170,25
Fairyhouse Racing Results | 21st April 2025 16:20,N/A,16:20,Soft To Heavy,2m 3f 170y,Kilcruit (IRE),S F O'Keeffe,0,W P Mullins,PU,N/A,10,11-4,151,True,170,25
Fairyhouse Racing Results | 21st April 2025 16:20,N/A,16:20,Soft To Heavy,2m 3f 170y,Heart Wood (FR),Rachael Blackmore,0,H De Bromhead,PU,N/A,7,11-4,160,True,170,25
Fairyhouse Racing Results | 21st April 2025 16:20,N/A,16:20,Soft To Heavy,2m 3f 170y,Journey With Me (IRE),D J O'Keeffe,0,H De Bromhead,5th,10 l,9,11-10t,155,True,170,25
Fairyhouse Racing Results | 21st April 2025 16:20,N/A,16:20,Soft To Heavy,2m 3f 170y,Rebel Gold (IRE),S D Torrens,0,P T Foley,4th,1 l,12,11-4t,142,True,170,25
Fairyhouse Racing Results | 21st April 2025 16:20,N/A,16:20,Soft To Heavy,2m 3f 170y,Blood Destiny (FR),P Townend,0,W P Mullins,3rd,6 1/2 l,6,11-7t,152,True,170,25
Fairyhouse Racing Results | 21st April 2025 16:20,N/A,16:20,Soft To Heavy,2m 3f 170y,Saint Sam (FR),D E Mullins,0,W P Mullins,2nd,3/4 l,8,11-10h,160,True,170,25
Fairyhouse Racing Results | 21st April 2025 16:20,N/A,16:20,Soft To Heavy,2m 3f 170y,Found A Fifty (IRE),Sam Ewing,0,G Elliott,1st,N/A,8,12-0,161,True,170,25
Fairyhouse Racing Results | 21st April 2025 16:20,N/A,16:20,Soft To Heavy,2m 3f 170y,Ash Tree Meadow (FR),D J Gilligan,0,G Elliott,NR,N/A,9,11-10t,158,True,170,25
Fairyhouse Racing Results | 21st April 2025 16:20,N/A,16:20,Soft To Heavy,2m 3f 170y,Kilcruit (IRE),S F O'Keeffe,0,W P Mullins,PU,N/A,10,11-4,151,True,170,25
Fairyhouse Racing Results | 21st April 2025 16:20,N/A,16:20,Soft To Heavy,2m 3f 170y,Heart Wood (FR),Rachael Blackmore,0,H De Bromhead,PU,N/A,7,11-4,160,True,170,25
Fairyhouse Racing Results | 21st April 2025 16:20,N/A,16:20,Soft To Heavy,2m 3f 170y,Journey With Me (IRE),D J O'Keeffe,0,H De Bromhead,5th,10 l,9,11-10t,155,True,170,25
Fairyhouse Racing Results | 21st April 2025 16:20,N/A,16:20,Soft To Heavy,2m 3f 170y,Rebel Gold (IRE),S D Torrens,0,P T Foley,4th,1 l,12,11-4t,142,True,170,25
Fairyhouse Racing Results | 21st April 2025 16:20,N/A,16:20,Soft To Heavy,2m 3f 170y,Blood Destiny (FR),P Townend,0,W P Mullins,3rd,6 1/2 l,6,11-7t,152,True,170,25
Fairyhouse Racing Results | 21st April 2025 16:20,N/A,16:20,Soft To Heavy,2m 3f 170y,Saint Sam (FR),D E Mullins,0,W P Mullins,2nd,3/4 l,8,11-10h,160,True,170,25
Fairyhouse Racing Results | 21st April 2025 16:20,N/A,16:20,Soft To Heavy,2m 3f 170y,Found A Fifty (IRE),Sam Ewing,0,G Elliott,1st,N/A,8,12-0,161,True,170,25
Fairyhouse Racing Results | 21st April 2025 17:00,N/A,17:00,Soft To Heavy,3m 5f 37y,Hasthing (FR),Non Runner,0,J & A O'Neill,NR,N/A,8,10-4p,132,True,170,26
Fairyhouse Racing Results | 21st April 2025 17:00,N/A,17:00,Soft To Heavy,3m 5f 37y,Canal End (IRE),Non Runner,0,Peter Fahey,NR,N/A,7,10-1,129,True,170,26
Fairyhouse Racing Results | 21st April 2025 17:00,N/A,17:00,Soft To Heavy,3m 5f 37y,Tullybeg (IRE),Non Runner,0,G Elliott,NR,N/A,10,10-10t,138,True,170,26
Fairyhouse Racing Results | 21st April 2025 17:00,N/A,17:00,Soft To Heavy,3m 5f 37y,Yeah Man (IRE),K E Buckley,0,G P Cromwell,UR,N/A,8,11-0b1,142,True,170,26
Fairyhouse Racing Results | 21st April 2025 17:00,N/A,17:00,Soft To Heavy,3m 5f 37y,Panda Boy (IRE),R A Doyle,0,M Brassil,UR,N/A,9,11-0,142,True,170,26
Fairyhouse Racing Results | 21st April 2025 17:00,N/A,17:00,Soft To Heavy,3m 5f 37y,Bioluminescence (IRE),K M Donoghue,0,G P Cromwell,PU,N/A,7,11-3,145,True,170,26
Fairyhouse Racing Results | 21st April 2025 17:00,N/A,17:00,Soft To Heavy,3m 5f 37y,Desertmore House (IRE),J J Slevin,0,M Brassil,PU,N/A,10,11-0t,142,True,170,26
Fairyhouse Racing Results | 21st April 2025 17:00,N/A,17:00,Soft To Heavy,3m 5f 37y,Sa Majeste (FR),S D Torrens,0,W P Mullins,PU,N/A,7,10-12,140,True,170,26
Fairyhouse Racing Results | 21st April 2025 17:00,N/A,17:00,Soft To Heavy,3m 5f 37y,Stuzzikini (IRE),G Brouder,3,G Elliott,PU,N/A,7,10-10b,138,True,170,26
Fairyhouse Racing Results | 21st April 2025 17:00,N/A,17:00,Soft To Heavy,3m 5f 37y,Harry Des Ongrais (FR),Rachael Blackmore,0,H De Bromhead,PU,N/A,8,11-3,145,True,170,26
Fairyhouse Racing Results | 21st April 2025 17:00,N/A,17:00,Soft To Heavy,3m 5f 37y,Now Is The Hour (IRE),C Stone-Walsh,3,G P Cromwell,PU,N/A,8,10-13,141,True,170,26
Fairyhouse Racing Results | 21st April 2025 17:00,N/A,17:00,Soft To Heavy,3m 5f 37y,Duffle Coat (IRE),A Harvey,5,G Elliott,PU,N/A,8,11-2p,144,True,170,26
Fairyhouse Racing Results | 21st April 2025 17:00,N/A,17:00,Soft To Heavy,3m 5f 37y,Kinturk Kalanisi (IRE),D J O'Keeffe,0,T Gibney,PU,N/A,7,10-7,135,True,170,26
Fairyhouse Racing Results | 21st April 2025 17:00,N/A,17:00,Soft To Heavy,3m 5f 37y,Final Orders,P M O'Brien,7,G P Cromwell,PU,N/A,9,10-7,135,True,170,26
Fairyhouse Racing Results | 21st April 2025 17:00,N/A,17:00,Soft To Heavy,3m 5f 37y,Daily Present (IRE),A P Kelly,5,P Nolan,PU,N/A,8,10-9tb,137,True,170,26
Fairyhouse Racing Results | 21st April 2025 17:00,N/A,17:00,Soft To Heavy,3m 5f 37y,Sequestered (IRE),J G Gilligan,5,P J Gilligan,PU,N/A,7,11-1,143,True,170,26
Fairyhouse Racing Results | 21st April 2025 17:00,N/A,17:00,Soft To Heavy,3m 5f 37y,Lord Lariat (IRE),P J O'Hanlon,0,D A McLoughlin,PU,N/A,10,10-10tp,138,True,170,26
Fairyhouse Racing Results | 21st April 2025 17:00,N/A,17:00,Soft To Heavy,3m 5f 37y,Moonovercloon (IRE),B W Harvey,0,M J Smith,F,N/A,8,10-5,133,True,170,26
Fairyhouse Racing Results | 21st April 2025 17:00,N/A,17:00,Soft To Heavy,3m 5f 37y,Favori De Champdou (FR),D J Gilligan,0,G Elliott,15th,6 1/2 l,10,11-1b1,143,True,170,26
Fairyhouse Racing Results | 21st April 2025 17:00,N/A,17:00,Soft To Heavy,3m 5f 37y,Mint Boy (IRE),K C Sexton,0,G P Cromwell,14th,1/2 l,7,10-9,137,True,170,26
Fairyhouse Racing Results | 21st April 2025 17:00,N/A,17:00,Soft To Heavy,3m 5f 37y,Search For Glory (IRE),Sam Ewing,0,G Elliott,13th,13 l,8,11-1tp,143,True,170,26
Fairyhouse Racing Results | 21st April 2025 17:00,N/A,17:00,Soft To Heavy,3m 5f 37y,Malina Girl (IRE),S W Flanagan,0,G P Cromwell,12th,6 1/2 l,8,11-0,142,True,170,26
Fairyhouse Racing Results | 21st April 2025 17:00,N/A,17:00,Soft To Heavy,3m 5f 37y,Noble Birth,D King,0,G P Cromwell,11th,18 l,8,10-4t,132,True,170,26
Fairyhouse Racing Results | 21st April 2025 17:00,N/A,17:00,Soft To Heavy,3m 5f 37y,Will Do (IRE),H E Sexton,7,G Elliott,10th,3 l,8,10-3b,131,True,170,26
Fairyhouse Racing Results | 21st April 2025 17:00,N/A,17:00,Soft To Heavy,3m 5f 37y,Bushmans Pass (IRE),P T Enright,0,O McKiernan,9th,4 3/4 l,9,10-5p,133,True,170,26
Fairyhouse Racing Results | 21st April 2025 17:00,N/A,17:00,Soft To Heavy,3m 5f 37y,Another Choice (IRE),S F O'Keeffe,0,M J Smith,8th,3 3/4 l,8,10-4,132,True,170,26
Fairyhouse Racing Results | 21st April 2025 17:00,N/A,17:00,Soft To Heavy,3m 5f 37y,Shecouldbeanything (IRE),J C Gainford,0,G Elliott,7th,1 1/2 l,8,10-13t,141,True,170,26
Fairyhouse Racing Results | 21st April 2025 17:00,N/A,17:00,Soft To Heavy,3m 5f 37y,Better Days Ahead (IRE),Mr R James,7,G Elliott,6th,3 l,7,11-12t,154,True,170,26
Fairyhouse Racing Results | 21st April 2025 17:00,N/A,17:00,Soft To Heavy,3m 5f 37y,Johnnywho (IRE),Mr D O'Connor,0,J & A O'Neill,5th,7 l,8,11-4t,146,True,170,26
Fairyhouse Racing Results | 21st April 2025 17:00,N/A,17:00,Soft To Heavy,3m 5f 37y,Dunboyne (IRE),D Meyler,0,Ian Donoghue,4th,7 1/2 l,10,10-7,127,True,170,26
Fairyhouse Racing Results | 21st April 2025 17:00,N/A,17:00,Soft To Heavy,3m 5f 37y,Quai De Bourbon (FR),P Townend,0,W P Mullins,3rd,6 1/2 l,6,11-6,148,True,170,26
Fairyhouse Racing Results | 21st April 2025 17:00,N/A,17:00,Soft To Heavy,3m 5f 37y,Any Second Now (IRE),M P Walsh,0,T M Walsh,2nd,3 1/4 l,13,10-11b,139,True,170,26
Fairyhouse Racing Results | 21st April 2025 17:00,N/A,17:00,Soft To Heavy,3m 5f 37y,Haiti Couleurs (FR),S Bowen,0,Miss R Curtis,1st,N/A,8,10-13,141,True,170,26
Fairyhouse Racing Results | 21st April 2025 17:00,N/A,17:00,Soft To Heavy,3m 5f 37y,Hasthing (FR),Non Runner,0,J & A O'Neill,NR,N/A,8,10-4p,132,True,170,26
Fairyhouse Racing Results | 21st April 2025 17:00,N/A,17:00,Soft To Heavy,3m 5f 37y,Canal End (IRE),Non Runner,0,Peter Fahey,NR,N/A,7,10-1,129,True,170,26
Fairyhouse Racing Results | 21st April 2025 17:00,N/A,17:00,Soft To Heavy,3m 5f 37y,Tullybeg (IRE),Non Runner,0,G Elliott,NR,N/A,10,10-10t,138,True,170,26
Fairyhouse Racing Results | 21st April 2025 17:00,N/A,17:00,Soft To Heavy,3m 5f 37y,Yeah Man (IRE),K E Buckley,0,G P Cromwell,UR,N/A,8,11-0b1,142,True,170,26
Fairyhouse Racing Results | 21st April 2025 17:00,N/A,17:00,Soft To Heavy,3m 5f 37y,Panda Boy (IRE),R A Doyle,0,M Brassil,UR,N/A,9,11-0,142,True,170,26
Fairyhouse Racing Results | 21st April 2025 17:00,N/A,17:00,Soft To Heavy,3m 5f 37y,Bioluminescence (IRE),K M Donoghue,0,G P Cromwell,PU,N/A,7,11-3,145,True,170,26
Fairyhouse Racing Results | 21st April 2025 17:00,N/A,17:00,Soft To Heavy,3m 5f 37y,Desertmore House (IRE),J J Slevin,0,M Brassil,PU,N/A,10,11-0t,142,True,170,26
Fairyhouse Racing Results | 21st April 2025 17:00,N/A,17:00,Soft To Heavy,3m 5f 37y,Sa Majeste (FR),S D Torrens,0,W P Mullins,PU,N/A,7,10-12,140,True,170,26
Fairyhouse Racing Results | 21st April 2025 17:00,N/A,17:00,Soft To Heavy,3m 5f 37y,Stuzzikini (IRE),G Brouder,3,G Elliott,PU,N/A,7,10-10b,138,True,170,26
Fairyhouse Racing Results | 21st April 2025 17:00,N/A,17:00,Soft To Heavy,3m 5f 37y,Harry Des Ongrais (FR),Rachael Blackmore,0,H De Bromhead,PU,N/A,8,11-3,145,True,170,26
Fairyhouse Racing Results | 21st April 2025 17:00,N/A,17:00,Soft To Heavy,3m 5f 37y,Now Is The Hour (IRE),C Stone-Walsh,3,G P Cromwell,PU,N/A,8,10-13,141,True,170,26
Fairyhouse Racing Results | 21st April 2025 17:00,N/A,17:00,Soft To Heavy,3m 5f 37y,Duffle Coat (IRE),A Harvey,5,G Elliott,PU,N/A,8,11-2p,144,True,170,26
Fairyhouse Racing Results | 21st April 2025 17:00,N/A,17:00,Soft To Heavy,3m 5f 37y,Kinturk Kalanisi (IRE),D J O'Keeffe,0,T Gibney,PU,N/A,7,10-7,135,True,170,26
Fairyhouse Racing Results | 21st April 2025 17:00,N/A,17:00,Soft To Heavy,3m 5f 37y,Final Orders,P M O'Brien,7,G P Cromwell,PU,N/A,9,10-7,135,True,170,26
Fairyhouse Racing Results | 21st April 2025 17:00,N/A,17:00,Soft To Heavy,3m 5f 37y,Daily Present (IRE),A P Kelly,5,P Nolan,PU,N/A,8,10-9tb,137,True,170,26
Fairyhouse Racing Results | 21st April 2025 17:00,N/A,17:00,Soft To Heavy,3m 5f 37y,Sequestered (IRE),J G Gilligan,5,P J Gilligan,PU,N/A,7,11-1,143,True,170,26
Fairyhouse Racing Results | 21st April 2025 17:00,N/A,17:00,Soft To Heavy,3m 5f 37y,Lord Lariat (IRE),P J O'Hanlon,0,D A McLoughlin,PU,N/A,10,10-10tp,138,True,170,26
Fairyhouse Racing Results | 21st April 2025 17:00,N/A,17:00,Soft To Heavy,3m 5f 37y,Moonovercloon (IRE),B W Harvey,0,M J Smith,F,N/A,8,10-5,133,True,170,26
Fairyhouse Racing Results | 21st April 2025 17:00,N/A,17:00,Soft To Heavy,3m 5f 37y,Favori De Champdou (FR),D J Gilligan,0,G Elliott,15th,6 1/2 l,10,11-1b1,143,True,170,26
Fairyhouse Racing Results | 21st April 2025 17:00,N/A,17:00,Soft To Heavy,3m 5f 37y,Mint Boy (IRE),K C Sexton,0,G P Cromwell,14th,1/2 l,7,10-9,137,True,170,26
Fairyhouse Racing Results | 21st April 2025 17:00,N/A,17:00,Soft To Heavy,3m 5f 37y,Search For Glory (IRE),Sam Ewing,0,G Elliott,13th,13 l,8,11-1tp,143,True,170,26
Fairyhouse Racing Results | 21st April 2025 17:00,N/A,17:00,Soft To Heavy,3m 5f 37y,Malina Girl (IRE),S W Flanagan,0,G P Cromwell,12th,6 1/2 l,8,11-0,142,True,170,26
Fairyhouse Racing Results | 21st April 2025 17:00,N/A,17:00,Soft To Heavy,3m 5f 37y,Noble Birth,D King,0,G P Cromwell,11th,18 l,8,10-4t,132,True,170,26
Fairyhouse Racing Results | 21st April 2025 17:00,N/A,17:00,Soft To Heavy,3m 5f 37y,Will Do (IRE),H E Sexton,7,G Elliott,10th,3 l,8,10-3b,131,True,170,26
Fairyhouse Racing Results | 21st April 2025 17:00,N/A,17:00,Soft To Heavy,3m 5f 37y,Bushmans Pass (IRE),P T Enright,0,O McKiernan,9th,4 3/4 l,9,10-5p,133,True,170,26
Fairyhouse Racing Results | 21st April 2025 17:00,N/A,17:00,Soft To Heavy,3m 5f 37y,Another Choice (IRE),S F O'Keeffe,0,M J Smith,8th,3 3/4 l,8,10-4,132,True,170,26
Fairyhouse Racing Results | 21st April 2025 17:00,N/A,17:00,Soft To Heavy,3m 5f 37y,Shecouldbeanything (IRE),J C Gainford,0,G Elliott,7th,1 1/2 l,8,10-13t,141,True,170,26
Fairyhouse Racing Results | 21st April 2025 17:00,N/A,17:00,Soft To Heavy,3m 5f 37y,Better Days Ahead (IRE),Mr R James,7,G Elliott,6th,3 l,7,11-12t,154,True,170,26
Fairyhouse Racing Results | 21st April 2025 17:00,N/A,17:00,Soft To Heavy,3m 5f 37y,Johnnywho (IRE),Mr D O'Connor,0,J & A O'Neill,5th,7 l,8,11-4t,146,True,170,26
Fairyhouse Racing Results | 21st April 2025 17:00,N/A,17:00,Soft To Heavy,3m 5f 37y,Dunboyne (IRE),D Meyler,0,Ian Donoghue,4th,7 1/2 l,10,10-7,127,True,170,26
Fairyhouse Racing Results | 21st April 2025 17:00,N/A,17:00,Soft To Heavy,3m 5f 37y,Quai De Bourbon (FR),P Townend,0,W P Mullins,3rd,6 1/2 l,6,11-6,148,True,170,26
Fairyhouse Racing Results | 21st April 2025 17:00,N/A,17:00,Soft To Heavy,3m 5f 37y,Any Second Now (IRE),M P Walsh,0,T M Walsh,2nd,3 1/4 l,13,10-11b,139,True,170,26
Fairyhouse Racing Results | 21st April 2025 17:00,N/A,17:00,Soft To Heavy,3m 5f 37y,Haiti Couleurs (FR),S Bowen,0,Miss R Curtis,1st,N/A,8,10-13,141,True,170,26
Fairyhouse Racing Results | 21st April 2025 17:40,N/A,17:40,Soft To Heavy,3m 130y,Salmanino (FR),S F O'Keeffe,0,Liz Doyle,UR,N/A,9,10-3,116,True,170,27
Fairyhouse Racing Results | 21st April 2025 17:40,N/A,17:40,Soft To Heavy,3m 130y,Street Value (IRE),A Harvey,5,J P Flavin,PU,N/A,10,10-5t,118,True,170,27
Fairyhouse Racing Results | 21st April 2025 17:40,N/A,17:40,Soft To Heavy,3m 130y,Shannon Royale (IRE),Mr R James,7,G Elliott,PU,N/A,7,11-12b,139,True,170,27
Fairyhouse Racing Results | 21st April 2025 17:40,N/A,17:40,Soft To Heavy,3m 130y,Pats Fancy (IRE),S Bowen,0,Miss R Curtis,PU,N/A,10,10-12,125,True,170,27
Fairyhouse Racing Results | 21st April 2025 17:40,N/A,17:40,Soft To Heavy,3m 130y,Macs Charm (IRE),B Hayes,0,Colm Murphy,PU,N/A,10,11-3p,130,True,170,27
Fairyhouse Racing Results | 21st April 2025 17:40,N/A,17:40,Soft To Heavy,3m 130y,Rolly Bowley Boy (IRE),S D Torrens,0,P J Rothwell,PU,N/A,8,10-1p,114,True,170,27
Fairyhouse Racing Results | 21st April 2025 17:40,N/A,17:40,Soft To Heavy,3m 130y,Stormy Judge (IRE),H E Sexton,7,P A Fahy,7th,3 l,10,10-6p,119,True,170,27
Fairyhouse Racing Results | 21st April 2025 17:40,N/A,17:40,Soft To Heavy,3m 130y,Union Station (IRE),C Stone-Walsh,3,G P Cromwell,6th,5 1/2 l,6,10-11,124,True,170,27
Fairyhouse Racing Results | 21st April 2025 17:40,N/A,17:40,Soft To Heavy,3m 130y,Where's Frankie (IRE),D Meyler,0,K Thornton,5th,18 l,9,10-7p1,120,True,170,27
Fairyhouse Racing Results | 21st April 2025 17:40,N/A,17:40,Soft To Heavy,3m 130y,Better Times Ahead (IRE),M P Walsh,0,R Tyner,4th,12 l,8,10-11,124,True,170,27
Fairyhouse Racing Results | 21st April 2025 17:40,N/A,17:40,Soft To Heavy,3m 130y,Cleatus Poolaw,Sam Ewing,0,G Elliott,3rd,4 1/2 l,7,11-2p,129,True,170,27
Fairyhouse Racing Results | 21st April 2025 17:40,N/A,17:40,Soft To Heavy,3m 130y,Folly Master (IRE),K M Donoghue,0,Tom Dreaper,2nd,Neck,7,11-3,130,True,170,27
Fairyhouse Racing Results | 21st April 2025 17:40,N/A,17:40,Soft To Heavy,3m 130y,Battle It Out (IRE),C G O'Dwyer,5,C O'Dwyer,1st,N/A,7,10-11,124,True,170,27
Fairyhouse Racing Results | 21st April 2025 17:40,N/A,17:40,Soft To Heavy,3m 130y,Salmanino (FR),S F O'Keeffe,0,Liz Doyle,UR,N/A,9,10-3,116,True,170,27
Fairyhouse Racing Results | 21st April 2025 17:40,N/A,17:40,Soft To Heavy,3m 130y,Street Value (IRE),A Harvey,5,J P Flavin,PU,N/A,10,10-5t,118,True,170,27
Fairyhouse Racing Results | 21st April 2025 17:40,N/A,17:40,Soft To Heavy,3m 130y,Shannon Royale (IRE),Mr R James,7,G Elliott,PU,N/A,7,11-12b,139,True,170,27
Fairyhouse Racing Results | 21st April 2025 17:40,N/A,17:40,Soft To Heavy,3m 130y,Pats Fancy (IRE),S Bowen,0,Miss R Curtis,PU,N/A,10,10-12,125,True,170,27
Fairyhouse Racing Results | 21st April 2025 17:40,N/A,17:40,Soft To Heavy,3m 130y,Macs Charm (IRE),B Hayes,0,Colm Murphy,PU,N/A,10,11-3p,130,True,170,27
Fairyhouse Racing Results | 21st April 2025 17:40,N/A,17:40,Soft To Heavy,3m 130y,Rolly Bowley Boy (IRE),S D Torrens,0,P J Rothwell,PU,N/A,8,10-1p,114,True,170,27
Fairyhouse Racing Results | 21st April 2025 17:40,N/A,17:40,Soft To Heavy,3m 130y,Stormy Judge (IRE),H E Sexton,7,P A Fahy,7th,3 l,10,10-6p,119,True,170,27
Fairyhouse Racing Results | 21st April 2025 17:40,N/A,17:40,Soft To Heavy,3m 130y,Union Station (IRE),C Stone-Walsh,3,G P Cromwell,6th,5 1/2 l,6,10-11,124,True,170,27
Fairyhouse Racing Results | 21st April 2025 17:40,N/A,17:40,Soft To Heavy,3m 130y,Where's Frankie (IRE),D Meyler,0,K Thornton,5th,18 l,9,10-7p1,120,True,170,27
Fairyhouse Racing Results | 21st April 2025 17:40,N/A,17:40,Soft To Heavy,3m 130y,Better Times Ahead (IRE),M P Walsh,0,R Tyner,4th,12 l,8,10-11,124,True,170,27
Fairyhouse Racing Results | 21st April 2025 17:40,N/A,17:40,Soft To Heavy,3m 130y,Cleatus Poolaw,Sam Ewing,0,G Elliott,3rd,4 1/2 l,7,11-2p,129,True,170,27
Fairyhouse Racing Results | 21st April 2025 17:40,N/A,17:40,Soft To Heavy,3m 130y,Folly Master (IRE),K M Donoghue,0,Tom Dreaper,2nd,Neck,7,11-3,130,True,170,27
Fairyhouse Racing Results | 21st April 2025 17:40,N/A,17:40,Soft To Heavy,3m 130y,Battle It Out (IRE),C G O'Dwyer,5,C O'Dwyer,1st,N/A,7,10-11,124,True,170,27
Fairyhouse Racing Results | 21st April 2025 18:10,N/A,18:10,Soft To Heavy ace (Turf),2m,Tamberian (IRE),I Ryan,7,Conor Maxwell,9th,61 l,5,11-7,-,True,170,28
Fairyhouse Racing Results | 21st April 2025 18:10,N/A,18:10,Soft To Heavy ace (Turf),2m,Question Piege (FR),T P Harney,7,L Fowler,8th,23 l,5,11-0,-,True,170,28
Fairyhouse Racing Results | 21st April 2025 18:10,N/A,18:10,Soft To Heavy ace (Turf),2m,Camberwell (IRE),Mr F R Buckley,7,J C McConnell,7th,16 l,5,11-11,110,True,170,28
Fairyhouse Racing Results | 21st April 2025 18:10,N/A,18:10,Soft To Heavy ace (Turf),2m,Kovanis (FR),Mr J H Williamson,7,G Elliott,6th,2 3/4 l,5,11-11,118,True,170,28
Fairyhouse Racing Results | 21st April 2025 18:10,N/A,18:10,Soft To Heavy ace (Turf),2m,Shuttle Diplomacy (FR),Mr F Maguire,0,T Cooper,5th,Neck,5,12-0,122,True,170,28
Fairyhouse Racing Results | 21st April 2025 18:10,N/A,18:10,Soft To Heavy ace (Turf),2m,The Night Agent (IRE),Mr R W Barron,5,D E Fitzgerald,4th,3 3/4 l,7,11-7,-,True,170,28
Fairyhouse Racing Results | 21st April 2025 18:10,N/A,18:10,Soft To Heavy ace (Turf),2m,Jackmoon (FR),Miss A B O'Connor,0,J P Flavin,3rd,37 l,6,11-7t,-,True,170,28
Fairyhouse Racing Results | 21st April 2025 18:10,N/A,18:10,Soft To Heavy ace (Turf),2m,I'll Sort That (IRE),Mr D L Queally,0,D Queally,2nd,12 l,5,12-0,-,True,170,28
Fairyhouse Racing Results | 21st April 2025 18:10,N/A,18:10,Soft To Heavy ace (Turf),2m,Sortudo (IRE),Mr P W Mullins,0,W P Mullins,1st,N/A,5,11-11,123,True,170,28
Fairyhouse Racing Results | 21st April 2025 18:10,N/A,18:10,Soft To Heavy ace (Turf),2m,Tamberian (IRE),I Ryan,7,Conor Maxwell,9th,61 l,5,11-7,-,True,170,28
Fairyhouse Racing Results | 21st April 2025 18:10,N/A,18:10,Soft To Heavy ace (Turf),2m,Question Piege (FR),T P Harney,7,L Fowler,8th,23 l,5,11-0,-,True,170,28
Fairyhouse Racing Results | 21st April 2025 18:10,N/A,18:10,Soft To Heavy ace (Turf),2m,Camberwell (IRE),Mr F R Buckley,7,J C McConnell,7th,16 l,5,11-11,110,True,170,28
Fairyhouse Racing Results | 21st April 2025 18:10,N/A,18:10,Soft To Heavy ace (Turf),2m,Kovanis (FR),Mr J H Williamson,7,G Elliott,6th,2 3/4 l,5,11-11,118,True,170,28
Fairyhouse Racing Results | 21st April 2025 18:10,N/A,18:10,Soft To Heavy ace (Turf),2m,Shuttle Diplomacy (FR),Mr F Maguire,0,T Cooper,5th,Neck,5,12-0,122,True,170,28
Fairyhouse Racing Results | 21st April 2025 18:10,N/A,18:10,Soft To Heavy ace (Turf),2m,The Night Agent (IRE),Mr R W Barron,5,D E Fitzgerald,4th,3 3/4 l,7,11-7,-,True,170,28
Fairyhouse Racing Results | 21st April 2025 18:10,N/A,18:10,Soft To Heavy ace (Turf),2m,Jackmoon (FR),Miss A B O'Connor,0,J P Flavin,3rd,37 l,6,11-7t,-,True,170,28
Fairyhouse Racing Results | 21st April 2025 18:10,N/A,18:10,Soft To Heavy ace (Turf),2m,I'll Sort That (IRE),Mr D L Queally,0,D Queally,2nd,12 l,5,12-0,-,True,170,28
Fairyhouse Racing Results | 21st April 2025 18:10,N/A,18:10,Soft To Heavy ace (Turf),2m,Sortudo (IRE),Mr P W Mullins,0,W P Mullins,1st,N/A,5,11-11,123,True,170,28
Fairyhouse Racing Results | 22nd April 2025 14:15,N/A,14:15,Soft,3m 130y,Step Up Son (IRE),Mr Barry Thomas Stone,7,D K Walsh,PU,N/A,9,12-0,-,True,170,29
Fairyhouse Racing Results | 22nd April 2025 14:15,N/A,14:15,Soft,3m 130y,Ryehill (IRE),Mr L P Shanahan,7,R O'Sullivan,PU,N/A,8,12-0,139,True,170,29
Fairyhouse Racing Results | 22nd April 2025 14:15,N/A,14:15,Soft,3m 130y,Go Another One (IRE),Ms E Fallon,7,J C McConnell,5th,73 l,13,12-0t,134,True,170,29
Fairyhouse Racing Results | 22nd April 2025 14:15,N/A,14:15,Soft,3m 130y,Balkito (FR),Mr P J O'Neill,7,John F O'Neill,4th,32 l,10,12-0,116,True,170,29
Fairyhouse Racing Results | 22nd April 2025 14:15,N/A,14:15,Soft,3m 130y,Run Wild Fred (IRE),Mr R James,7,R Hurley,3rd,35 l,11,12-0p1,135,True,170,29
Fairyhouse Racing Results | 22nd April 2025 14:15,N/A,14:15,Soft,3m 130y,Hollow Games (IRE),Mr H C Swan,0,G Elliott,2nd,18 l,9,12-0tb,138,True,170,29
Fairyhouse Racing Results | 22nd April 2025 14:15,N/A,14:15,Soft,3m 130y,Big Interest (IRE),Mr B O'Neill,0,D M Christie,1st,N/A,6,12-0t,-,True,170,29
Fairyhouse Racing Results | 22nd April 2025 14:15,N/A,14:15,Soft,3m 130y,Step Up Son (IRE),Mr Barry Thomas Stone,7,D K Walsh,PU,N/A,9,12-0,-,True,170,29
Fairyhouse Racing Results | 22nd April 2025 14:15,N/A,14:15,Soft,3m 130y,Ryehill (IRE),Mr L P Shanahan,7,R O'Sullivan,PU,N/A,8,12-0,139,True,170,29
Fairyhouse Racing Results | 22nd April 2025 14:15,N/A,14:15,Soft,3m 130y,Go Another One (IRE),Ms E Fallon,7,J C McConnell,5th,73 l,13,12-0t,134,True,170,29
Fairyhouse Racing Results | 22nd April 2025 14:15,N/A,14:15,Soft,3m 130y,Balkito (FR),Mr P J O'Neill,7,John F O'Neill,4th,32 l,10,12-0,116,True,170,29
Fairyhouse Racing Results | 22nd April 2025 14:15,N/A,14:15,Soft,3m 130y,Run Wild Fred (IRE),Mr R James,7,R Hurley,3rd,35 l,11,12-0p1,135,True,170,29
Fairyhouse Racing Results | 22nd April 2025 14:15,N/A,14:15,Soft,3m 130y,Hollow Games (IRE),Mr H C Swan,0,G Elliott,2nd,18 l,9,12-0tb,138,True,170,29
Fairyhouse Racing Results | 22nd April 2025 14:15,N/A,14:15,Soft,3m 130y,Big Interest (IRE),Mr B O'Neill,0,D M Christie,1st,N/A,6,12-0t,-,True,170,29
Fairyhouse Racing Results | 22nd April 2025 14:50,N/A,14:50,Soft,2m 5f,Majestic Force (IRE),Rachael Blackmore,0,H De Bromhead,NR,N/A,7,10-10,126,True,170,30
Fairyhouse Racing Results | 22nd April 2025 14:50,N/A,14:50,Soft,2m 5f,Shecouldbeanything (IRE),Mr R James,7,G Elliott,NR,N/A,8,11-11t,141,True,170,30
Fairyhouse Racing Results | 22nd April 2025 14:50,N/A,14:50,Soft,2m 5f,Sea Aster (IRE),Sam Ewing,0,G Elliott,UR,N/A,7,10-1b,117,True,170,30
Fairyhouse Racing Results | 22nd April 2025 14:50,N/A,14:50,Soft,2m 5f,Cuta Des As (FR),S F O'Keeffe,0,W P Mullins,UR,N/A,8,10-0p1,111,True,170,30
Fairyhouse Racing Results | 22nd April 2025 14:50,N/A,14:50,Soft,2m 5f,La Malmason (IRE),K M Donoghue,0,G P Cromwell,PU,N/A,7,11-12,142,True,170,30
Fairyhouse Racing Results | 22nd April 2025 14:50,N/A,14:50,Soft,2m 5f,Ballybawn Belter (IRE),S D Torrens,0,Liz Doyle,F,N/A,7,10-4,120,True,170,30
Fairyhouse Racing Results | 22nd April 2025 14:50,N/A,14:50,Soft,2m 5f,Mousey Brown (IRE),P J O'Hanlon,0,D A McLoughlin,7th,3 3/4 l,8,11-1t,131,True,170,30
Fairyhouse Racing Results | 22nd April 2025 14:50,N/A,14:50,Soft,2m 5f,Law Ella (IRE),C Stone-Walsh,3,G P Cromwell,6th,1 1/4 l,8,11-2tp1,132,True,170,30
Fairyhouse Racing Results | 22nd April 2025 14:50,N/A,14:50,Soft,2m 5f,Must Be Obeyed (IRE),D J O'Keeffe,0,T Gibney,5th,5 l,9,10-10,126,True,170,30
Fairyhouse Racing Results | 22nd April 2025 14:50,N/A,14:50,Soft,2m 5f,Secret She Keeps (IRE),C M Quirke,3,T Doyle,4th,3 1/4 l,8,10-0,110,True,170,30
Fairyhouse Racing Results | 22nd April 2025 14:50,N/A,14:50,Soft,2m 5f,Zenta (FR),M P Walsh,0,W P Mullins,3rd,9 1/2 l,6,11-10,140,True,170,30
Fairyhouse Racing Results | 22nd April 2025 14:50,N/A,14:50,Soft,2m 5f,True Testimony (IRE),S W Flanagan,0,P A Fahy,2nd,Short Head,6,10-4,120,True,170,30
Fairyhouse Racing Results | 22nd April 2025 14:50,N/A,14:50,Soft,2m 5f,Kiltealy Park (IRE),P K Donovan,5,P Nolan,1st,N/A,6,10-0b1,112,True,170,30
Fairyhouse Racing Results | 22nd April 2025 14:50,N/A,14:50,Soft,2m 5f,Majestic Force (IRE),Rachael Blackmore,0,H De Bromhead,NR,N/A,7,10-10,126,True,170,30
Fairyhouse Racing Results | 22nd April 2025 14:50,N/A,14:50,Soft,2m 5f,Shecouldbeanything (IRE),Mr R James,7,G Elliott,NR,N/A,8,11-11t,141,True,170,30
Fairyhouse Racing Results | 22nd April 2025 14:50,N/A,14:50,Soft,2m 5f,Sea Aster (IRE),Sam Ewing,0,G Elliott,UR,N/A,7,10-1b,117,True,170,30
Fairyhouse Racing Results | 22nd April 2025 14:50,N/A,14:50,Soft,2m 5f,Cuta Des As (FR),S F O'Keeffe,0,W P Mullins,UR,N/A,8,10-0p1,111,True,170,30
Fairyhouse Racing Results | 22nd April 2025 14:50,N/A,14:50,Soft,2m 5f,La Malmason (IRE),K M Donoghue,0,G P Cromwell,PU,N/A,7,11-12,142,True,170,30
Fairyhouse Racing Results | 22nd April 2025 14:50,N/A,14:50,Soft,2m 5f,Ballybawn Belter (IRE),S D Torrens,0,Liz Doyle,F,N/A,7,10-4,120,True,170,30
Fairyhouse Racing Results | 22nd April 2025 14:50,N/A,14:50,Soft,2m 5f,Mousey Brown (IRE),P J O'Hanlon,0,D A McLoughlin,7th,3 3/4 l,8,11-1t,131,True,170,30
Fairyhouse Racing Results | 22nd April 2025 14:50,N/A,14:50,Soft,2m 5f,Law Ella (IRE),C Stone-Walsh,3,G P Cromwell,6th,1 1/4 l,8,11-2tp1,132,True,170,30
Fairyhouse Racing Results | 22nd April 2025 14:50,N/A,14:50,Soft,2m 5f,Must Be Obeyed (IRE),D J O'Keeffe,0,T Gibney,5th,5 l,9,10-10,126,True,170,30
Fairyhouse Racing Results | 22nd April 2025 14:50,N/A,14:50,Soft,2m 5f,Secret She Keeps (IRE),C M Quirke,3,T Doyle,4th,3 1/4 l,8,10-0,110,True,170,30
Fairyhouse Racing Results | 22nd April 2025 14:50,N/A,14:50,Soft,2m 5f,Zenta (FR),M P Walsh,0,W P Mullins,3rd,9 1/2 l,6,11-10,140,True,170,30
Fairyhouse Racing Results | 22nd April 2025 14:50,N/A,14:50,Soft,2m 5f,True Testimony (IRE),S W Flanagan,0,P A Fahy,2nd,Short Head,6,10-4,120,True,170,30
Fairyhouse Racing Results | 22nd April 2025 14:50,N/A,14:50,Soft,2m 5f,Kiltealy Park (IRE),P K Donovan,5,P Nolan,1st,N/A,6,10-0b1,112,True,170,30
Fairyhouse Racing Results | 22nd April 2025 15:25,N/A,15:25,Soft,2m 5f,The Boola Boss (IRE),Miss J Townend,0,Miss R Curtis,NR,N/A,9,11-1t,119,True,170,31
Fairyhouse Racing Results | 22nd April 2025 15:25,N/A,15:25,Soft,2m 5f,Rusheen (IRE),Miss L Costello,7,J Dullea,UR,N/A,7,10-0p1,104,True,170,31
Fairyhouse Racing Results | 22nd April 2025 15:25,N/A,15:25,Soft,2m 5f,Don't Talk (GER),Aileen O'Sullivan,7,K Thornton,UR,N/A,8,10-6t,110,True,170,31
Fairyhouse Racing Results | 22nd April 2025 15:25,N/A,15:25,Soft,2m 5f,Secrecies Of Stone (IRE),Miss G Benson,7,P Nolan,UR,N/A,7,10-5b,109,True,170,31
Fairyhouse Racing Results | 22nd April 2025 15:25,N/A,15:25,Soft,2m 5f,Potters Party (IRE),Miss A B O'Connor,0,H De Bromhead,PU,N/A,8,11-3tp,121,True,170,31
Fairyhouse Racing Results | 22nd April 2025 15:25,N/A,15:25,Soft,2m 5f,Routine Excellence (IRE),Miss C O O'Brien,7,G P Cromwell,8th,40 l,9,10-11p,115,True,170,31
Fairyhouse Racing Results | 22nd April 2025 15:25,N/A,15:25,Soft,2m 5f,So Des Flos (FR),Miss C Butler,7,G Elliott,7th,6 1/2 l,8,11-6p,124,True,170,31
Fairyhouse Racing Results | 22nd April 2025 15:25,N/A,15:25,Soft,2m 5f,Dreal Deal (IRE),Ms E C Costello,7,J C McConnell,6th,2 l,10,12-1t,133,True,170,31
Fairyhouse Racing Results | 22nd April 2025 15:25,N/A,15:25,Soft,2m 5f,Bocelli's Voice (IRE),Miss J Walton,5,D A McLoughlin,5th,Head,9,10-12tp,116,True,170,31
Fairyhouse Racing Results | 22nd April 2025 15:25,N/A,15:25,Soft,2m 5f,Old Soul (FR),Ms H Phillips,7,Liz Doyle,4th,Short Head,8,10-0tp,104,True,170,31
Fairyhouse Racing Results | 22nd April 2025 15:25,N/A,15:25,Soft,2m 5f,Ik's Man (FR),Miss P Elvin,7,T O'Brien,3rd,20 l,9,10-4t,108,True,170,31
Fairyhouse Racing Results | 22nd April 2025 15:25,N/A,15:25,Soft,2m 5f,Vaureal (FR),Caragh Monaghan,7,Ian Donoghue,2nd,4 l,6,10-5,109,True,170,31
Fairyhouse Racing Results | 22nd April 2025 15:25,N/A,15:25,Soft,2m 5f,Read To Return (IRE),Miss M O'Sullivan,5,A J Martin,1st,N/A,8,10-4t,108,True,170,31
Fairyhouse Racing Results | 22nd April 2025 15:25,N/A,15:25,Soft,2m 5f,The Boola Boss (IRE),Miss J Townend,0,Miss R Curtis,NR,N/A,9,11-1t,119,True,170,31
Fairyhouse Racing Results | 22nd April 2025 15:25,N/A,15:25,Soft,2m 5f,Rusheen (IRE),Miss L Costello,7,J Dullea,UR,N/A,7,10-0p1,104,True,170,31
Fairyhouse Racing Results | 22nd April 2025 15:25,N/A,15:25,Soft,2m 5f,Don't Talk (GER),Aileen O'Sullivan,7,K Thornton,UR,N/A,8,10-6t,110,True,170,31
Fairyhouse Racing Results | 22nd April 2025 15:25,N/A,15:25,Soft,2m 5f,Secrecies Of Stone (IRE),Miss G Benson,7,P Nolan,UR,N/A,7,10-5b,109,True,170,31
Fairyhouse Racing Results | 22nd April 2025 15:25,N/A,15:25,Soft,2m 5f,Potters Party (IRE),Miss A B O'Connor,0,H De Bromhead,PU,N/A,8,11-3tp,121,True,170,31
Fairyhouse Racing Results | 22nd April 2025 15:25,N/A,15:25,Soft,2m 5f,Routine Excellence (IRE),Miss C O O'Brien,7,G P Cromwell,8th,40 l,9,10-11p,115,True,170,31
Fairyhouse Racing Results | 22nd April 2025 15:25,N/A,15:25,Soft,2m 5f,So Des Flos (FR),Miss C Butler,7,G Elliott,7th,6 1/2 l,8,11-6p,124,True,170,31
Fairyhouse Racing Results | 22nd April 2025 15:25,N/A,15:25,Soft,2m 5f,Dreal Deal (IRE),Ms E C Costello,7,J C McConnell,6th,2 l,10,12-1t,133,True,170,31
Fairyhouse Racing Results | 22nd April 2025 15:25,N/A,15:25,Soft,2m 5f,Bocelli's Voice (IRE),Miss J Walton,5,D A McLoughlin,5th,Head,9,10-12tp,116,True,170,31
Fairyhouse Racing Results | 22nd April 2025 15:25,N/A,15:25,Soft,2m 5f,Old Soul (FR),Ms H Phillips,7,Liz Doyle,4th,Short Head,8,10-0tp,104,True,170,31
Fairyhouse Racing Results | 22nd April 2025 15:25,N/A,15:25,Soft,2m 5f,Ik's Man (FR),Miss P Elvin,7,T O'Brien,3rd,20 l,9,10-4t,108,True,170,31
Fairyhouse Racing Results | 22nd April 2025 15:25,N/A,15:25,Soft,2m 5f,Vaureal (FR),Caragh Monaghan,7,Ian Donoghue,2nd,4 l,6,10-5,109,True,170,31
Fairyhouse Racing Results | 22nd April 2025 15:25,N/A,15:25,Soft,2m 5f,Read To Return (IRE),Miss M O'Sullivan,5,A J Martin,1st,N/A,8,10-4t,108,True,170,31
Fairyhouse Racing Results | 22nd April 2025 16:00,N/A,16:00,Soft (Yielding To Soft In Places),2m 3f 180y,Rutland Rose (IRE),P J O'Hanlon,0,J A Kinsella,NR,N/A,6,11-5t,-,True,170,32
Fairyhouse Racing Results | 22nd April 2025 16:00,N/A,16:00,Soft (Yielding To Soft In Places),2m 3f 180y,Kinturk Nelson (IRE),G Brouder,3,T Gibney,NR,N/A,6,11-12,-,True,170,32
Fairyhouse Racing Results | 22nd April 2025 16:00,N/A,16:00,Soft (Yielding To Soft In Places),2m 3f 180y,Lord Raven (IRE),P T Enright,0,J Dullea,PU,N/A,5,11-12,-,True,170,32
Fairyhouse Racing Results | 22nd April 2025 16:00,N/A,16:00,Soft (Yielding To Soft In Places),2m 3f 180y,Annilogs Force (IRE),O R Brown,5,R Dunne,23rd,4 1/2 l,5,11-12p1,-,True,170,32
Fairyhouse Racing Results | 22nd April 2025 16:00,N/A,16:00,Soft (Yielding To Soft In Places),2m 3f 180y,Raleagh Scope,K C Sexton,0,C A McBratney,22nd,14 l,4,11-4,-,True,170,32
Fairyhouse Racing Results | 22nd April 2025 16:00,N/A,16:00,Soft (Yielding To Soft In Places),2m 3f 180y,Cordal Boy (IRE),J G Gilligan,5,D Collins,21st,1 l,5,11-12,-,True,170,32
Fairyhouse Racing Results | 22nd April 2025 16:00,N/A,16:00,Soft (Yielding To Soft In Places),2m 3f 180y,Young And Foolish (IRE),P J O'Hanlon,0,P J Rothwell,20th,16 l,6,11-12,-,True,170,32
Fairyhouse Racing Results | 22nd April 2025 16:00,N/A,16:00,Soft (Yielding To Soft In Places),2m 3f 180y,Firstupbestdressed (IRE),I Ryan,7,Conor Maxwell,19th,14 l,5,11-12,-,True,170,32
Fairyhouse Racing Results | 22nd April 2025 16:00,N/A,16:00,Soft (Yielding To Soft In Places),2m 3f 180y,Standing Orders (IRE),M P O'Connor,0,T Gibney,18th,1 1/2 l,6,11-12,-,True,170,32
Fairyhouse Racing Results | 22nd April 2025 16:00,N/A,16:00,Soft (Yielding To Soft In Places),2m 3f 180y,Captain P (IRE),E Walsh,0,C Collins,17th,1 1/4 l,5,11-12,-,True,170,32
Fairyhouse Racing Results | 22nd April 2025 16:00,N/A,16:00,Soft (Yielding To Soft In Places),2m 3f 180y,I'm Flattered (IRE),A P Kelly,5,P Roche,16th,3 l,5,11-5t,-,True,170,32
Fairyhouse Racing Results | 22nd April 2025 16:00,N/A,16:00,Soft (Yielding To Soft In Places),2m 3f 180y,Sparrow Wings (IRE),J C Gainford,0,L Kenny,15th,1 l,5,11-12,-,True,170,32
Fairyhouse Racing Results | 22nd April 2025 16:00,N/A,16:00,Soft (Yielding To Soft In Places),2m 3f 180y,Easy Doyen (IRE),C G O'Dwyer,5,C O'Dwyer,14th,1 1/2 l,5,11-12,-,True,170,32
Fairyhouse Racing Results | 22nd April 2025 16:00,N/A,16:00,Soft (Yielding To Soft In Places),2m 3f 180y,Mags Nelson (IRE),D Meyler,0,R O'Sullivan,13th,2 1/2 l,6,11-12,-,True,170,32
Fairyhouse Racing Results | 22nd April 2025 16:00,N/A,16:00,Soft (Yielding To Soft In Places),2m 3f 180y,Ringcreevy Diamond (IRE),D J O'Keeffe,0,C A McBratney,12th,8 1/2 l,5,11-5,-,True,170,32
Fairyhouse Racing Results | 22nd April 2025 16:00,N/A,16:00,Soft (Yielding To Soft In Places),2m 3f 180y,Sky And Sand (IRE),R A Doyle,0,R O'Sullivan,11th,3 3/4 l,5,11-12,-,True,170,32
Fairyhouse Racing Results | 22nd April 2025 16:00,N/A,16:00,Soft (Yielding To Soft In Places),2m 3f 180y,Jampot Lane (IRE),B W Harvey,0,G O'Loughlin,10th,2 1/2 l,7,11-5t,-,True,170,32
Fairyhouse Racing Results | 22nd April 2025 16:00,N/A,16:00,Soft (Yielding To Soft In Places),2m 3f 180y,Baroness Orczy (IRE),S W Flanagan,0,B Connell,9th,1 l,5,11-5,-,True,170,32
Fairyhouse Racing Results | 22nd April 2025 16:00,N/A,16:00,Soft (Yielding To Soft In Places),2m 3f 180y,Kir (FR),Rachael Blackmore,0,H De Bromhead,8th,Neck,5,11-12,-,True,170,32
Fairyhouse Racing Results | 22nd April 2025 16:00,N/A,16:00,Soft (Yielding To Soft In Places),2m 3f 180y,Mister Frostie (IRE),S Fitzgerald,0,C A McBratney,7th,5 1/2 l,6,11-12,-,True,170,32
Fairyhouse Racing Results | 22nd April 2025 16:00,N/A,16:00,Soft (Yielding To Soft In Places),2m 3f 180y,Welluknow (IRE),D King,0,M A Molloy,6th,1 1/2 l,6,11-12,-,True,170,32
Fairyhouse Racing Results | 22nd April 2025 16:00,N/A,16:00,Soft (Yielding To Soft In Places),2m 3f 180y,Takenasred (IRE),J J Slevin,0,S R B Crawford,5th,1/2 l,7,11-12,-,True,170,32
Fairyhouse Racing Results | 22nd April 2025 16:00,N/A,16:00,Soft (Yielding To Soft In Places),2m 3f 180y,Power Of Words (IRE),D J Gilligan,0,G Elliott,4th,1/2 l,4,11-4,-,True,170,32
Fairyhouse Racing Results | 22nd April 2025 16:00,N/A,16:00,Soft (Yielding To Soft In Places),2m 3f 180y,Kainsbourg (FR),M P Walsh,0,G Elliott,3rd,5 1/2 l,5,11-12t,-,True,170,32
Fairyhouse Racing Results | 22nd April 2025 16:00,N/A,16:00,Soft (Yielding To Soft In Places),2m 3f 180y,Letos (FR),D E Mullins,0,A Mullins,2nd,3 1/4 l,5,11-12,-,True,170,32
Fairyhouse Racing Results | 22nd April 2025 16:00,N/A,16:00,Soft (Yielding To Soft In Places),2m 3f 180y,Locked Box (IRE),P K Donovan,5,C W J Farrell,1st,N/A,6,11-12,-,True,170,32
Fairyhouse Racing Results | 22nd April 2025 16:00,N/A,16:00,Soft (Yielding To Soft In Places),2m 3f 180y,Rutland Rose (IRE),P J O'Hanlon,0,J A Kinsella,NR,N/A,6,11-5t,-,True,170,32
Fairyhouse Racing Results | 22nd April 2025 16:00,N/A,16:00,Soft (Yielding To Soft In Places),2m 3f 180y,Kinturk Nelson (IRE),G Brouder,3,T Gibney,NR,N/A,6,11-12,-,True,170,32
Fairyhouse Racing Results | 22nd April 2025 16:00,N/A,16:00,Soft (Yielding To Soft In Places),2m 3f 180y,Lord Raven (IRE),P T Enright,0,J Dullea,PU,N/A,5,11-12,-,True,170,32
Fairyhouse Racing Results | 22nd April 2025 16:00,N/A,16:00,Soft (Yielding To Soft In Places),2m 3f 180y,Annilogs Force (IRE),O R Brown,5,R Dunne,23rd,4 1/2 l,5,11-12p1,-,True,170,32
Fairyhouse Racing Results | 22nd April 2025 16:00,N/A,16:00,Soft (Yielding To Soft In Places),2m 3f 180y,Raleagh Scope,K C Sexton,0,C A McBratney,22nd,14 l,4,11-4,-,True,170,32
Fairyhouse Racing Results | 22nd April 2025 16:00,N/A,16:00,Soft (Yielding To Soft In Places),2m 3f 180y,Cordal Boy (IRE),J G Gilligan,5,D Collins,21st,1 l,5,11-12,-,True,170,32
Fairyhouse Racing Results | 22nd April 2025 16:00,N/A,16:00,Soft (Yielding To Soft In Places),2m 3f 180y,Young And Foolish (IRE),P J O'Hanlon,0,P J Rothwell,20th,16 l,6,11-12,-,True,170,32
Fairyhouse Racing Results | 22nd April 2025 16:00,N/A,16:00,Soft (Yielding To Soft In Places),2m 3f 180y,Firstupbestdressed (IRE),I Ryan,7,Conor Maxwell,19th,14 l,5,11-12,-,True,170,32
Fairyhouse Racing Results | 22nd April 2025 16:00,N/A,16:00,Soft (Yielding To Soft In Places),2m 3f 180y,Standing Orders (IRE),M P O'Connor,0,T Gibney,18th,1 1/2 l,6,11-12,-,True,170,32
Fairyhouse Racing Results | 22nd April 2025 16:00,N/A,16:00,Soft (Yielding To Soft In Places),2m 3f 180y,Captain P (IRE),E Walsh,0,C Collins,17th,1 1/4 l,5,11-12,-,True,170,32
Fairyhouse Racing Results | 22nd April 2025 16:00,N/A,16:00,Soft (Yielding To Soft In Places),2m 3f 180y,I'm Flattered (IRE),A P Kelly,5,P Roche,16th,3 l,5,11-5t,-,True,170,32
Fairyhouse Racing Results | 22nd April 2025 16:00,N/A,16:00,Soft (Yielding To Soft In Places),2m 3f 180y,Sparrow Wings (IRE),J C Gainford,0,L Kenny,15th,1 l,5,11-12,-,True,170,32
Fairyhouse Racing Results | 22nd April 2025 16:00,N/A,16:00,Soft (Yielding To Soft In Places),2m 3f 180y,Easy Doyen (IRE),C G O'Dwyer,5,C O'Dwyer,14th,1 1/2 l,5,11-12,-,True,170,32
Fairyhouse Racing Results | 22nd April 2025 16:00,N/A,16:00,Soft (Yielding To Soft In Places),2m 3f 180y,Mags Nelson (IRE),D Meyler,0,R O'Sullivan,13th,2 1/2 l,6,11-12,-,True,170,32
Fairyhouse Racing Results | 22nd April 2025 16:00,N/A,16:00,Soft (Yielding To Soft In Places),2m 3f 180y,Ringcreevy Diamond (IRE),D J O'Keeffe,0,C A McBratney,12th,8 1/2 l,5,11-5,-,True,170,32
Fairyhouse Racing Results | 22nd April 2025 16:00,N/A,16:00,Soft (Yielding To Soft In Places),2m 3f 180y,Sky And Sand (IRE),R A Doyle,0,R O'Sullivan,11th,3 3/4 l,5,11-12,-,True,170,32
Fairyhouse Racing Results | 22nd April 2025 16:00,N/A,16:00,Soft (Yielding To Soft In Places),2m 3f 180y,Jampot Lane (IRE),B W Harvey,0,G O'Loughlin,10th,2 1/2 l,7,11-5t,-,True,170,32
Fairyhouse Racing Results | 22nd April 2025 16:00,N/A,16:00,Soft (Yielding To Soft In Places),2m 3f 180y,Baroness Orczy (IRE),S W Flanagan,0,B Connell,9th,1 l,5,11-5,-,True,170,32
Fairyhouse Racing Results | 22nd April 2025 16:00,N/A,16:00,Soft (Yielding To Soft In Places),2m 3f 180y,Kir (FR),Rachael Blackmore,0,H De Bromhead,8th,Neck,5,11-12,-,True,170,32
Fairyhouse Racing Results | 22nd April 2025 16:00,N/A,16:00,Soft (Yielding To Soft In Places),2m 3f 180y,Mister Frostie (IRE),S Fitzgerald,0,C A McBratney,7th,5 1/2 l,6,11-12,-,True,170,32
Fairyhouse Racing Results | 22nd April 2025 16:00,N/A,16:00,Soft (Yielding To Soft In Places),2m 3f 180y,Welluknow (IRE),D King,0,M A Molloy,6th,1 1/2 l,6,11-12,-,True,170,32
Fairyhouse Racing Results | 22nd April 2025 16:00,N/A,16:00,Soft (Yielding To Soft In Places),2m 3f 180y,Takenasred (IRE),J J Slevin,0,S R B Crawford,5th,1/2 l,7,11-12,-,True,170,32
Fairyhouse Racing Results | 22nd April 2025 16:00,N/A,16:00,Soft (Yielding To Soft In Places),2m 3f 180y,Power Of Words (IRE),D J Gilligan,0,G Elliott,4th,1/2 l,4,11-4,-,True,170,32
Fairyhouse Racing Results | 22nd April 2025 16:00,N/A,16:00,Soft (Yielding To Soft In Places),2m 3f 180y,Kainsbourg (FR),M P Walsh,0,G Elliott,3rd,5 1/2 l,5,11-12t,-,True,170,32
Fairyhouse Racing Results | 22nd April 2025 16:00,N/A,16:00,Soft (Yielding To Soft In Places),2m 3f 180y,Letos (FR),D E Mullins,0,A Mullins,2nd,3 1/4 l,5,11-12,-,True,170,32
Fairyhouse Racing Results | 22nd April 2025 16:00,N/A,16:00,Soft (Yielding To Soft In Places),2m 3f 180y,Locked Box (IRE),P K Donovan,5,C W J Farrell,1st,N/A,6,11-12,-,True,170,32
Fairyhouse Racing Results | 22nd April 2025 16:30,N/A,16:30,Yielding To Soft,2m 7f 35y,Fairyland Opera (IRE),J P Shinnick,5,L Fowler,NR,N/A,6,10-10t,114,True,170,33
Fairyhouse Racing Results | 22nd April 2025 16:30,N/A,16:30,Yielding To Soft,2m 7f 35y,Inn At The Park (IRE),S F O'Keeffe,0,W P Mullins,PU,N/A,7,11-4,122,True,170,33
Fairyhouse Racing Results | 22nd April 2025 16:30,N/A,16:30,Yielding To Soft,2m 7f 35y,Fishery Lane (FR),P Townend,0,W P Mullins,PU,N/A,6,11-7,125,True,170,33
Fairyhouse Racing Results | 22nd April 2025 16:30,N/A,16:30,Yielding To Soft,2m 7f 35y,Goody Four Shoes (IRE),M P O'Connor,0,T Gibney,PU,N/A,7,10-10,114,True,170,33
Fairyhouse Racing Results | 22nd April 2025 16:30,N/A,16:30,Yielding To Soft,2m 7f 35y,Road To Home (IRE),B Hayes,0,W P Mullins,F,N/A,6,11-6,124,True,170,33
Fairyhouse Racing Results | 22nd April 2025 16:30,N/A,16:30,Yielding To Soft,2m 7f 35y,The Story So Far (IRE),P Byrnes,0,C Byrnes,14th,15 l,7,11-0v,118,True,170,33
Fairyhouse Racing Results | 22nd April 2025 16:30,N/A,16:30,Yielding To Soft,2m 7f 35y,Born Bright (IRE),P M O'Brien,7,C O'Connell,13th,29 l,6,10-8p1,112,True,170,33
Fairyhouse Racing Results | 22nd April 2025 16:30,N/A,16:30,Yielding To Soft,2m 7f 35y,Beaufort Scale (IRE),Sam Ewing,0,G Elliott,12th,3 1/2 l,6,11-3t,121,True,170,33
Fairyhouse Racing Results | 22nd April 2025 16:30,N/A,16:30,Yielding To Soft,2m 7f 35y,Promontory (IRE),A P Kelly,5,Sarah Connell,11th,19 l,8,11-0,118,True,170,33
Fairyhouse Racing Results | 22nd April 2025 16:30,N/A,16:30,Yielding To Soft,2m 7f 35y,Autoportrait (FR),D J O'Keeffe,0,M F Morris,10th,11 l,5,11-4p,122,True,170,33
Fairyhouse Racing Results | 22nd April 2025 16:30,N/A,16:30,Yielding To Soft,2m 7f 35y,Dont Tell Jack (IRE),M P Walsh,0,J P O'Brien,9th,2 1/2 l,5,11-2,120,True,170,33
Fairyhouse Racing Results | 22nd April 2025 16:30,N/A,16:30,Yielding To Soft,2m 7f 35y,Blaze The Way (IRE),D E Mullins,0,Ms M Mullins,8th,3/4 l,7,11-9,127,True,170,33
Fairyhouse Racing Results | 22nd April 2025 16:30,N/A,16:30,Yielding To Soft,2m 7f 35y,Blue Mosque (IRE),D Meyler,0,N Meade,7th,Nose,5,11-9,127,True,170,33
Fairyhouse Racing Results | 22nd April 2025 16:30,N/A,16:30,Yielding To Soft,2m 7f 35y,The Miracle Man (IRE),C Stone-Walsh,3,A L T Moore,6th,3 1/2 l,7,10-3,107,True,170,33
Fairyhouse Racing Results | 22nd April 2025 16:30,N/A,16:30,Yielding To Soft,2m 7f 35y,Patter Merchant (IRE),Mr J H Williamson,7,G Elliott,5th,1/2 l,6,11-12,130,True,170,33
Fairyhouse Racing Results | 22nd April 2025 16:30,N/A,16:30,Yielding To Soft,2m 7f 35y,Al Kalila (IRE),D J Gilligan,0,S R B Crawford,4th,1 l,6,10-13,117,True,170,33
Fairyhouse Racing Results | 22nd April 2025 16:30,N/A,16:30,Yielding To Soft,2m 7f 35y,Ayiko,J J Slevin,0,S R B Crawford,3rd,1 1/4 l,6,11-4t,122,True,170,33
Fairyhouse Racing Results | 22nd April 2025 16:30,N/A,16:30,Yielding To Soft,2m 7f 35y,Andy Amo (IRE),S W Flanagan,0,Miss R Curtis,2nd,1/2 l,6,10-13,117,True,170,33
Fairyhouse Racing Results | 22nd April 2025 16:30,N/A,16:30,Yielding To Soft,2m 7f 35y,Custom Taylor (IRE),K C Sexton,0,D Queally,1st,N/A,6,11-4v,122,True,170,33
Fairyhouse Racing Results | 22nd April 2025 16:30,N/A,16:30,Yielding To Soft,2m 7f 35y,Fairyland Opera (IRE),J P Shinnick,5,L Fowler,NR,N/A,6,10-10t,114,True,170,33
Fairyhouse Racing Results | 22nd April 2025 16:30,N/A,16:30,Yielding To Soft,2m 7f 35y,Inn At The Park (IRE),S F O'Keeffe,0,W P Mullins,PU,N/A,7,11-4,122,True,170,33
Fairyhouse Racing Results | 22nd April 2025 16:30,N/A,16:30,Yielding To Soft,2m 7f 35y,Fishery Lane (FR),P Townend,0,W P Mullins,PU,N/A,6,11-7,125,True,170,33
Fairyhouse Racing Results | 22nd April 2025 16:30,N/A,16:30,Yielding To Soft,2m 7f 35y,Goody Four Shoes (IRE),M P O'Connor,0,T Gibney,PU,N/A,7,10-10,114,True,170,33
Fairyhouse Racing Results | 22nd April 2025 16:30,N/A,16:30,Yielding To Soft,2m 7f 35y,Road To Home (IRE),B Hayes,0,W P Mullins,F,N/A,6,11-6,124,True,170,33
Fairyhouse Racing Results | 22nd April 2025 16:30,N/A,16:30,Yielding To Soft,2m 7f 35y,The Story So Far (IRE),P Byrnes,0,C Byrnes,14th,15 l,7,11-0v,118,True,170,33
Fairyhouse Racing Results | 22nd April 2025 16:30,N/A,16:30,Yielding To Soft,2m 7f 35y,Born Bright (IRE),P M O'Brien,7,C O'Connell,13th,29 l,6,10-8p1,112,True,170,33
Fairyhouse Racing Results | 22nd April 2025 16:30,N/A,16:30,Yielding To Soft,2m 7f 35y,Beaufort Scale (IRE),Sam Ewing,0,G Elliott,12th,3 1/2 l,6,11-3t,121,True,170,33
Fairyhouse Racing Results | 22nd April 2025 16:30,N/A,16:30,Yielding To Soft,2m 7f 35y,Promontory (IRE),A P Kelly,5,Sarah Connell,11th,19 l,8,11-0,118,True,170,33
Fairyhouse Racing Results | 22nd April 2025 16:30,N/A,16:30,Yielding To Soft,2m 7f 35y,Autoportrait (FR),D J O'Keeffe,0,M F Morris,10th,11 l,5,11-4p,122,True,170,33
Fairyhouse Racing Results | 22nd April 2025 16:30,N/A,16:30,Yielding To Soft,2m 7f 35y,Dont Tell Jack (IRE),M P Walsh,0,J P O'Brien,9th,2 1/2 l,5,11-2,120,True,170,33
Fairyhouse Racing Results | 22nd April 2025 16:30,N/A,16:30,Yielding To Soft,2m 7f 35y,Blaze The Way (IRE),D E Mullins,0,Ms M Mullins,8th,3/4 l,7,11-9,127,True,170,33
Fairyhouse Racing Results | 22nd April 2025 16:30,N/A,16:30,Yielding To Soft,2m 7f 35y,Blue Mosque (IRE),D Meyler,0,N Meade,7th,Nose,5,11-9,127,True,170,33
Fairyhouse Racing Results | 22nd April 2025 16:30,N/A,16:30,Yielding To Soft,2m 7f 35y,The Miracle Man (IRE),C Stone-Walsh,3,A L T Moore,6th,3 1/2 l,7,10-3,107,True,170,33
Fairyhouse Racing Results | 22nd April 2025 16:30,N/A,16:30,Yielding To Soft,2m 7f 35y,Patter Merchant (IRE),Mr J H Williamson,7,G Elliott,5th,1/2 l,6,11-12,130,True,170,33
Fairyhouse Racing Results | 22nd April 2025 16:30,N/A,16:30,Yielding To Soft,2m 7f 35y,Al Kalila (IRE),D J Gilligan,0,S R B Crawford,4th,1 l,6,10-13,117,True,170,33
Fairyhouse Racing Results | 22nd April 2025 16:30,N/A,16:30,Yielding To Soft,2m 7f 35y,Ayiko,J J Slevin,0,S R B Crawford,3rd,1 1/4 l,6,11-4t,122,True,170,33
Fairyhouse Racing Results | 22nd April 2025 16:30,N/A,16:30,Yielding To Soft,2m 7f 35y,Andy Amo (IRE),S W Flanagan,0,Miss R Curtis,2nd,1/2 l,6,10-13,117,True,170,33
Fairyhouse Racing Results | 22nd April 2025 16:30,N/A,16:30,Yielding To Soft,2m 7f 35y,Custom Taylor (IRE),K C Sexton,0,D Queally,1st,N/A,6,11-4v,122,True,170,33
Fairyhouse Racing Results | 22nd April 2025 17:05,N/A,17:05,Yielding To Soft,2m,Kalix Delabarriere (FR),P Townend,0,W P Mullins,16th,4 3/4 l,5,10-9t,125,True,170,34
Fairyhouse Racing Results | 22nd April 2025 17:05,N/A,17:05,Yielding To Soft,2m,Zillow,S F O'Keeffe,0,W P Mullins,15th,7 1/2 l,5,10-4t,120,True,170,34
Fairyhouse Racing Results | 22nd April 2025 17:05,N/A,17:05,Yielding To Soft,2m,Sa Fureur (IRE),Mr J H Williamson,7,G Elliott,14th,3 1/4 l,8,11-4,134,True,170,34
Fairyhouse Racing Results | 22nd April 2025 17:05,N/A,17:05,Yielding To Soft,2m,Amanha (FR),P J O'Hanlon,0,D A McLoughlin,13th,3 1/4 l,7,10-9ht,125,True,170,34
Fairyhouse Racing Results | 22nd April 2025 17:05,N/A,17:05,Yielding To Soft,2m,Gold Dancer (FR),D E Mullins,0,W P Mullins,12th,2 1/4 l,6,11-0t,130,True,170,34
Fairyhouse Racing Results | 22nd April 2025 17:05,N/A,17:05,Yielding To Soft,2m,Stormbreaker,Rachael Blackmore,0,W P Mullins,11th,3 l,6,10-8ht,124,True,170,34
Fairyhouse Racing Results | 22nd April 2025 17:05,N/A,17:05,Yielding To Soft,2m,Sea Of Sands (GER),B Hayes,0,W P Mullins,10th,2 3/4 l,7,11-2,132,True,170,34
Fairyhouse Racing Results | 22nd April 2025 17:05,N/A,17:05,Yielding To Soft,2m,Joyeuse (FR),A P Kelly,5,N J Henderson,9th,4 l,6,11-12,142,True,170,34
Fairyhouse Racing Results | 22nd April 2025 17:05,N/A,17:05,Yielding To Soft,2m,Le Grand Peinture (IRE),J G Gilligan,5,L Fowler,8th,Neck,8,11-3,133,True,170,34
Fairyhouse Racing Results | 22nd April 2025 17:05,N/A,17:05,Yielding To Soft,2m,Anotherway (FR),J J Slevin,0,T Gibney,7th,4 3/4 l,6,11-4t1,134,True,170,34
Fairyhouse Racing Results | 22nd April 2025 17:05,N/A,17:05,Yielding To Soft,2m,Jazzy Matty (FR),D J Gilligan,0,C Collins,6th,1 1/2 l,6,10-9p,125,True,170,34
Fairyhouse Racing Results | 22nd April 2025 17:05,N/A,17:05,Yielding To Soft,2m,Stuntman Steve (IRE),P M O'Brien,7,G P Cromwell,5th,1/2 l,6,10-0,111,True,170,34
Fairyhouse Racing Results | 22nd April 2025 17:05,N/A,17:05,Yielding To Soft,2m,American Money (IRE),Cian Cullinan,7,E & P Harty,4th,1/2 l,8,10-7,123,True,170,34
Fairyhouse Racing Results | 22nd April 2025 17:05,N/A,17:05,Yielding To Soft,2m,Serienmond (GER),C Stone-Walsh,3,G P Cromwell,3rd,1 3/4 l,5,10-1h,117,True,170,34
Fairyhouse Racing Results | 22nd April 2025 17:05,N/A,17:05,Yielding To Soft,2m,Helvic Dream (IRE),D Meyler,0,N Meade,2nd,1/2 l,8,10-12t,128,True,170,34
Fairyhouse Racing Results | 22nd April 2025 17:05,N/A,17:05,Yielding To Soft,2m,Lord Erskine (IRE),D J O'Keeffe,0,H Rogers,1st,N/A,12,10-9b,125,True,170,34
Fairyhouse Racing Results | 22nd April 2025 17:05,N/A,17:05,Yielding To Soft,2m,Kalix Delabarriere (FR),P Townend,0,W P Mullins,16th,4 3/4 l,5,10-9t,125,True,170,34
Fairyhouse Racing Results | 22nd April 2025 17:05,N/A,17:05,Yielding To Soft,2m,Zillow,S F O'Keeffe,0,W P Mullins,15th,7 1/2 l,5,10-4t,120,True,170,34
Fairyhouse Racing Results | 22nd April 2025 17:05,N/A,17:05,Yielding To Soft,2m,Sa Fureur (IRE),Mr J H Williamson,7,G Elliott,14th,3 1/4 l,8,11-4,134,True,170,34
Fairyhouse Racing Results | 22nd April 2025 17:05,N/A,17:05,Yielding To Soft,2m,Amanha (FR),P J O'Hanlon,0,D A McLoughlin,13th,3 1/4 l,7,10-9ht,125,True,170,34
Fairyhouse Racing Results | 22nd April 2025 17:05,N/A,17:05,Yielding To Soft,2m,Gold Dancer (FR),D E Mullins,0,W P Mullins,12th,2 1/4 l,6,11-0t,130,True,170,34
Fairyhouse Racing Results | 22nd April 2025 17:05,N/A,17:05,Yielding To Soft,2m,Stormbreaker,Rachael Blackmore,0,W P Mullins,11th,3 l,6,10-8ht,124,True,170,34
Fairyhouse Racing Results | 22nd April 2025 17:05,N/A,17:05,Yielding To Soft,2m,Sea Of Sands (GER),B Hayes,0,W P Mullins,10th,2 3/4 l,7,11-2,132,True,170,34
Fairyhouse Racing Results | 22nd April 2025 17:05,N/A,17:05,Yielding To Soft,2m,Joyeuse (FR),A P Kelly,5,N J Henderson,9th,4 l,6,11-12,142,True,170,34
Fairyhouse Racing Results | 22nd April 2025 17:05,N/A,17:05,Yielding To Soft,2m,Le Grand Peinture (IRE),J G Gilligan,5,L Fowler,8th,Neck,8,11-3,133,True,170,34
Fairyhouse Racing Results | 22nd April 2025 17:05,N/A,17:05,Yielding To Soft,2m,Anotherway (FR),J J Slevin,0,T Gibney,7th,4 3/4 l,6,11-4t1,134,True,170,34
Fairyhouse Racing Results | 22nd April 2025 17:05,N/A,17:05,Yielding To Soft,2m,Jazzy Matty (FR),D J Gilligan,0,C Collins,6th,1 1/2 l,6,10-9p,125,True,170,34
Fairyhouse Racing Results | 22nd April 2025 17:05,N/A,17:05,Yielding To Soft,2m,Stuntman Steve (IRE),P M O'Brien,7,G P Cromwell,5th,1/2 l,6,10-0,111,True,170,34
Fairyhouse Racing Results | 22nd April 2025 17:05,N/A,17:05,Yielding To Soft,2m,American Money (IRE),Cian Cullinan,7,E & P Harty,4th,1/2 l,8,10-7,123,True,170,34
Fairyhouse Racing Results | 22nd April 2025 17:05,N/A,17:05,Yielding To Soft,2m,Serienmond (GER),C Stone-Walsh,3,G P Cromwell,3rd,1 3/4 l,5,10-1h,117,True,170,34
Fairyhouse Racing Results | 22nd April 2025 17:05,N/A,17:05,Yielding To Soft,2m,Helvic Dream (IRE),D Meyler,0,N Meade,2nd,1/2 l,8,10-12t,128,True,170,34
Fairyhouse Racing Results | 22nd April 2025 17:05,N/A,17:05,Yielding To Soft,2m,Lord Erskine (IRE),D J O'Keeffe,0,H Rogers,1st,N/A,12,10-9b,125,True,170,34
Fairyhouse Racing Results | 22nd April 2025 17:35,N/A,17:35,Yielding To Soft,2m 3f 180y,Blue Pearl Bay (IRE),Miss A B O'Connor,0,W J McLernon,PU,N/A,8,11-11h,-,True,170,35
Fairyhouse Racing Results | 22nd April 2025 17:35,N/A,17:35,Yielding To Soft,2m 3f 180y,Doing It In Style (IRE),Mr E Finegan,7,G P Cromwell,15th,12 l,5,11-11,-,True,170,35
Fairyhouse Racing Results | 22nd April 2025 17:35,N/A,17:35,Yielding To Soft,2m 3f 180y,Lau And Shaz (IRE),Mr D G Lavery,0,G P Cromwell,14th,1 1/2 l,5,11-11t,-,True,170,35
Fairyhouse Racing Results | 22nd April 2025 17:35,N/A,17:35,Yielding To Soft,2m 3f 180y,There's Always One (IRE),Mr L P Shanahan,7,R K Watson,13th,38 l,5,11-11t,-,True,170,35
Fairyhouse Racing Results | 22nd April 2025 17:35,N/A,17:35,Yielding To Soft,2m 3f 180y,Bossy Bird (IRE),Miss M O'Sullivan,5,T Gibney,12th,5 1/2 l,5,11-11,-,True,170,35
Fairyhouse Racing Results | 22nd April 2025 17:35,N/A,17:35,Yielding To Soft,2m 3f 180y,Grandala (IRE),Mr J L Gleeson,3,John E & Kiely,11th,20 l,5,11-11,-,True,170,35
Fairyhouse Racing Results | 22nd April 2025 17:35,N/A,17:35,Yielding To Soft,2m 3f 180y,Nothing Hectic (IRE),Mr R James,7,Miss H McLoughlin,10th,23 l,6,11-11,-,True,170,35
Fairyhouse Racing Results | 22nd April 2025 17:35,N/A,17:35,Yielding To Soft,2m 3f 180y,Voodoo Angel (IRE),Mr H C Swan,0,E & P Harty,9th,4 3/4 l,6,11-11,-,True,170,35
Fairyhouse Racing Results | 22nd April 2025 17:35,N/A,17:35,Yielding To Soft,2m 3f 180y,Another Girl (IRE),Mr R W Barron,5,D A McLoughlin,8th,7 1/2 l,5,11-11,-,True,170,35
Fairyhouse Racing Results | 22nd April 2025 17:35,N/A,17:35,Yielding To Soft,2m 3f 180y,Jo's Secret (IRE),Mr D O'Connor,0,A J Martin,7th,1 1/2 l,5,11-11,-,True,170,35
Fairyhouse Racing Results | 22nd April 2025 17:35,N/A,17:35,Yielding To Soft,2m 3f 180y,Kilbuny Supersonic (IRE),Mr L J Murphy,7,Richard J O'Hara,6th,7 1/2 l,5,11-11,-,True,170,35
Fairyhouse Racing Results | 22nd April 2025 17:35,N/A,17:35,Yielding To Soft,2m 3f 180y,Derryville (IRE),Mr D Doyle,7,S Curling,5th,1 1/2 l,5,11-11,-,True,170,35
Fairyhouse Racing Results | 22nd April 2025 17:35,N/A,17:35,Yielding To Soft,2m 3f 180y,Soldierstown (IRE),Mr D McGill,7,Peter Buchanan,4th,3 3/4 l,6,11-11,-,True,170,35
Fairyhouse Racing Results | 22nd April 2025 17:35,N/A,17:35,Yielding To Soft,2m 3f 180y,Broomfield Aderra (IRE),Mr F Maguire,0,J P Dempsey,3rd,7 1/2 l,5,11-11,-,True,170,35
Fairyhouse Racing Results | 22nd April 2025 17:35,N/A,17:35,Yielding To Soft,2m 3f 180y,Hello Jean (IRE),Miss J Townend,0,W P Mullins,2nd,2 l,5,11-11,-,True,170,35
Fairyhouse Racing Results | 22nd April 2025 17:35,N/A,17:35,Yielding To Soft,2m 3f 180y,Zanoosh (IRE),Mr J P O'Rourke,7,Colm Murphy,1st,N/A,5,11-11,-,True,170,35
Fairyhouse Racing Results | 22nd April 2025 17:35,N/A,17:35,Yielding To Soft,2m 3f 180y,Blue Pearl Bay (IRE),Miss A B O'Connor,0,W J McLernon,PU,N/A,8,11-11h,-,True,170,35
Fairyhouse Racing Results | 22nd April 2025 17:35,N/A,17:35,Yielding To Soft,2m 3f 180y,Doing It In Style (IRE),Mr E Finegan,7,G P Cromwell,15th,12 l,5,11-11,-,True,170,35
Fairyhouse Racing Results | 22nd April 2025 17:35,N/A,17:35,Yielding To Soft,2m 3f 180y,Lau And Shaz (IRE),Mr D G Lavery,0,G P Cromwell,14th,1 1/2 l,5,11-11t,-,True,170,35
Fairyhouse Racing Results | 22nd April 2025 17:35,N/A,17:35,Yielding To Soft,2m 3f 180y,There's Always One (IRE),Mr L P Shanahan,7,R K Watson,13th,38 l,5,11-11t,-,True,170,35
Fairyhouse Racing Results | 22nd April 2025 17:35,N/A,17:35,Yielding To Soft,2m 3f 180y,Bossy Bird (IRE),Miss M O'Sullivan,5,T Gibney,12th,5 1/2 l,5,11-11,-,True,170,35
Fairyhouse Racing Results | 22nd April 2025 17:35,N/A,17:35,Yielding To Soft,2m 3f 180y,Grandala (IRE),Mr J L Gleeson,3,John E & Kiely,11th,20 l,5,11-11,-,True,170,35
Fairyhouse Racing Results | 22nd April 2025 17:35,N/A,17:35,Yielding To Soft,2m 3f 180y,Nothing Hectic (IRE),Mr R James,7,Miss H McLoughlin,10th,23 l,6,11-11,-,True,170,35
Fairyhouse Racing Results | 22nd April 2025 17:35,N/A,17:35,Yielding To Soft,2m 3f 180y,Voodoo Angel (IRE),Mr H C Swan,0,E & P Harty,9th,4 3/4 l,6,11-11,-,True,170,35
Fairyhouse Racing Results | 22nd April 2025 17:35,N/A,17:35,Yielding To Soft,2m 3f 180y,Another Girl (IRE),Mr R W Barron,5,D A McLoughlin,8th,7 1/2 l,5,11-11,-,True,170,35
Fairyhouse Racing Results | 22nd April 2025 17:35,N/A,17:35,Yielding To Soft,2m 3f 180y,Jo's Secret (IRE),Mr D O'Connor,0,A J Martin,7th,1 1/2 l,5,11-11,-,True,170,35
Fairyhouse Racing Results | 22nd April 2025 17:35,N/A,17:35,Yielding To Soft,2m 3f 180y,Kilbuny Supersonic (IRE),Mr L J Murphy,7,Richard J O'Hara,6th,7 1/2 l,5,11-11,-,True,170,35
Fairyhouse Racing Results | 22nd April 2025 17:35,N/A,17:35,Yielding To Soft,2m 3f 180y,Derryville (IRE),Mr D Doyle,7,S Curling,5th,1 1/2 l,5,11-11,-,True,170,35
Fairyhouse Racing Results | 22nd April 2025 17:35,N/A,17:35,Yielding To Soft,2m 3f 180y,Soldierstown (IRE),Mr D McGill,7,Peter Buchanan,4th,3 3/4 l,6,11-11,-,True,170,35
Fairyhouse Racing Results | 22nd April 2025 17:35,N/A,17:35,Yielding To Soft,2m 3f 180y,Broomfield Aderra (IRE),Mr F Maguire,0,J P Dempsey,3rd,7 1/2 l,5,11-11,-,True,170,35
Fairyhouse Racing Results | 22nd April 2025 17:35,N/A,17:35,Yielding To Soft,2m 3f 180y,Hello Jean (IRE),Miss J Townend,0,W P Mullins,2nd,2 l,5,11-11,-,True,170,35
Fairyhouse Racing Results | 22nd April 2025 17:35,N/A,17:35,Yielding To Soft,2m 3f 180y,Zanoosh (IRE),Mr J P O'Rourke,7,Colm Murphy,1st,N/A,5,11-11,-,True,170,35
N/A,N/A,15:57,Heavy,7f,Storm Piece,C T Keane,0,G M Lyons,NR,N/A,3,9-8,86,True,170,36
N/A,N/A,15:57,Heavy,7f,Money For Nothing (IRE),R P Whelan,0,S Crawley,16th,17 l,3,9-8,-,True,170,36
N/A,N/A,15:57,Heavy,7f,Bungle Lichious (IRE),R Whearty,3,P W Flynn,15th,3 1/2 l,3,9-8,-,True,170,36
N/A,N/A,15:57,Heavy,7f,Heaven's Wish (IRE),G M Ryan,0,D Dias,14th,2 3/4 l,3,9-3t,-,True,170,36
N/A,N/A,15:57,Heavy,7f,Quare Fast (IRE),A C Persse,7,K Purcell,13th,Neck,3,9-8,-,True,170,36
N/A,N/A,15:57,Heavy,7f,Casheldale Lass (IRE),J A Powell,3,A Kinirons,12th,3 1/2 l,3,9-3h1,-,True,170,36
N/A,N/A,15:57,Heavy,7f,Beat The Devil (IRE),J Kearney,5,P Magee,11th,Neck,3,9-8t1,-,True,170,36
N/A,N/A,15:57,Heavy,7f,Spent All Me Money (IRE),J J G Ryan,3,J Davison,10th,2 l,3,9-8b1,-,True,170,36
N/A,N/A,15:57,Heavy,7f,Naval Ensign (IRE),R C Colgan,0,Kevin Coleman,9th,1/2 l,3,9-3,-,True,170,36
N/A,N/A,15:57,Heavy,7f,Southgreen (IRE),L F Roche,0,Miss Jennifer Anne Lynch,8th,5 1/2 l,3,9-8,-,True,170,36
N/A,N/A,15:57,Heavy,7f,Iron Fist (IRE),S Foley,0,Mrs J Harrington,7th,1/2 l,3,9-8,86,True,170,36
N/A,N/A,15:57,Heavy,7f,Nepal (IRE),G F Carroll,0,J J Murphy,6th,1 1/4 l,3,9-8,-,True,170,36
N/A,N/A,15:57,Heavy,7f,Poweracclaim (IRE),B M Coen,0,J P Murtagh,5th,Head,3,9-8,-,True,170,36
N/A,N/A,15:57,Heavy,7f,Stella Alpina (IRE),W J Lee,0,W McCreery,4th,Head,3,9-3h1,-,True,170,36
N/A,N/A,15:57,Heavy,7f,Gran Habano (IRE),D McMonagle,0,A Murray,3rd,1/2 l,3,9-8,78,True,170,36
N/A,N/A,15:57,Heavy,7f,Kilmood Susan (IRE),Nicola Burns,7,Daniel Murphy,2nd,2 1/4 l,3,9-3,78,True,170,36
N/A,N/A,15:57,Heavy,7f,Varshini (IRE),J A Heffernan,0,J A Stack,1st,N/A,3,9-3,-,True,170,36
N/A,N/A,15:57,Heavy,7f,Storm Piece,C T Keane,0,G M Lyons,NR,N/A,3,9-8,86,True,170,36
N/A,N/A,15:57,Heavy,7f,Money For Nothing (IRE),R P Whelan,0,S Crawley,16th,17 l,3,9-8,-,True,170,36
N/A,N/A,15:57,Heavy,7f,Bungle Lichious (IRE),R Whearty,3,P W Flynn,15th,3 1/2 l,3,9-8,-,True,170,36
N/A,N/A,15:57,Heavy,7f,Heaven's Wish (IRE),G M Ryan,0,D Dias,14th,2 3/4 l,3,9-3t,-,True,170,36
N/A,N/A,15:57,Heavy,7f,Quare Fast (IRE),A C Persse,7,K Purcell,13th,Neck,3,9-8,-,True,170,36
N/A,N/A,15:57,Heavy,7f,Casheldale Lass (IRE),J A Powell,3,A Kinirons,12th,3 1/2 l,3,9-3h1,-,True,170,36
N/A,N/A,15:57,Heavy,7f,Beat The Devil (IRE),J Kearney,5,P Magee,11th,Neck,3,9-8t1,-,True,170,36
N/A,N/A,15:57,Heavy,7f,Spent All Me Money (IRE),J J G Ryan,3,J Davison,10th,2 l,3,9-8b1,-,True,170,36
N/A,N/A,15:57,Heavy,7f,Naval Ensign (IRE),R C Colgan,0,Kevin Coleman,9th,1/2 l,3,9-3,-,True,170,36
N/A,N/A,15:57,Heavy,7f,Southgreen (IRE),L F Roche,0,Miss Jennifer Anne Lynch,8th,5 1/2 l,3,9-8,-,True,170,36
N/A,N/A,15:57,Heavy,7f,Iron Fist (IRE),S Foley,0,Mrs J Harrington,7th,1/2 l,3,9-8,86,True,170,36
N/A,N/A,15:57,Heavy,7f,Nepal (IRE),G F Carroll,0,J J Murphy,6th,1 1/4 l,3,9-8,-,True,170,36
N/A,N/A,15:57,Heavy,7f,Poweracclaim (IRE),B M Coen,0,J P Murtagh,5th,Head,3,9-8,-,True,170,36
N/A,N/A,15:57,Heavy,7f,Stella Alpina (IRE),W J Lee,0,W McCreery,4th,Head,3,9-3h1,-,True,170,36
N/A,N/A,15:57,Heavy,7f,Gran Habano (IRE),D McMonagle,0,A Murray,3rd,1/2 l,3,9-8,78,True,170,36
N/A,N/A,15:57,Heavy,7f,Kilmood Susan (IRE),Nicola Burns,7,Daniel Murphy,2nd,2 1/4 l,3,9-3,78,True,170,36
N/A,N/A,15:57,Heavy,7f,Varshini (IRE),J A Heffernan,0,J A Stack,1st,N/A,3,9-3,-,True,170,36
N/A,N/A,16:30,Heavy,7f,The Black Stuff (IRE),R Whearty,3,P Magee,10th,8 l,3,8-13,47,True,170,37
N/A,N/A,16:30,Heavy,7f,Khutulun,B M Coen,0,Ciaran Murphy,9th,8 l,3,9-12p,60,True,170,37
N/A,N/A,16:30,Heavy,7f,Historical Fact (IRE),L F Roche,0,C O'Brien,8th,6 l,3,8-11tp,45,True,170,37
N/A,N/A,16:30,Heavy,7f,Handmedownmybible (IRE),C D Hayes,0,P Magee,7th,1 l,3,9-4tp1,52,True,170,37
N/A,N/A,16:30,Heavy,7f,Rushes To Riches (IRE),R M Mulligan,7,Paul Mulligan,6th,4 3/4 l,3,8-11t,45,True,170,37
N/A,N/A,16:30,Heavy,7f,Therussiancomposer,D McMonagle,0,Ciaran Murphy,5th,1 3/4 l,3,9-2,50,True,170,37
N/A,N/A,16:30,Heavy,7f,Kilgharrahs Love (IRE),W M Lordan,0,T Cleary,4th,1 1/4 l,3,9-4,52,True,170,37
N/A,N/A,16:30,Heavy,7f,Weegeebear (IRE),Adam Caffrey,0,A McGuinness,3rd,4 1/4 l,3,9-12v,60,True,170,37
N/A,N/A,16:30,Heavy,7f,James The Second (IRE),T Casey,10,M Mulvany,2nd,3/4 l,3,9-0,48,True,170,37
N/A,N/A,16:30,Heavy,7f,Dance For Chester (IRE),J Kearney,5,Stephen Thorne,1st,N/A,3,9-12,60,True,170,37
N/A,N/A,16:30,Heavy,7f,The Black Stuff (IRE),R Whearty,3,P Magee,10th,8 l,3,8-13,47,True,170,37
N/A,N/A,16:30,Heavy,7f,Khutulun,B M Coen,0,Ciaran Murphy,9th,8 l,3,9-12p,60,True,170,37
N/A,N/A,16:30,Heavy,7f,Historical Fact (IRE),L F Roche,0,C O'Brien,8th,6 l,3,8-11tp,45,True,170,37
N/A,N/A,16:30,Heavy,7f,Handmedownmybible (IRE),C D Hayes,0,P Magee,7th,1 l,3,9-4tp1,52,True,170,37
N/A,N/A,16:30,Heavy,7f,Rushes To Riches (IRE),R M Mulligan,7,Paul Mulligan,6th,4 3/4 l,3,8-11t,45,True,170,37
N/A,N/A,16:30,Heavy,7f,Therussiancomposer,D McMonagle,0,Ciaran Murphy,5th,1 3/4 l,3,9-2,50,True,170,37
N/A,N/A,16:30,Heavy,7f,Kilgharrahs Love (IRE),W M Lordan,0,T Cleary,4th,1 1/4 l,3,9-4,52,True,170,37
N/A,N/A,16:30,Heavy,7f,Weegeebear (IRE),Adam Caffrey,0,A McGuinness,3rd,4 1/4 l,3,9-12v,60,True,170,37
N/A,N/A,16:30,Heavy,7f,James The Second (IRE),T Casey,10,M Mulvany,2nd,3/4 l,3,9-0,48,True,170,37
N/A,N/A,16:30,Heavy,7f,Dance For Chester (IRE),J Kearney,5,Stephen Thorne,1st,N/A,3,9-12,60,True,170,37
N/A,N/A,17:05,Heavy,7f,Superior Force,A J Casey,10,D Hogan,NR,N/A,6,10-1p,59,True,170,38
N/A,N/A,17:05,Heavy,7f,Hastily,J Cleary,5,Tom McGuinness,15th,8 1/2 l,6,9-9,53,True,170,38
N/A,N/A,17:05,Heavy,7f,Shimmerz (IRE),L F Roche,0,C O'Brien,14th,3/4 l,7,8-10t1,40,True,170,38
N/A,N/A,17:05,Heavy,7f,Lisabetta (IRE),R P Whelan,0,T Doyle,13th,2 1/2 l,7,9-3b,47,True,170,38
N/A,N/A,17:05,Heavy,7f,The Fog Horn (IRE),D S O'Sullivan,7,S G O'Donnell,12th,2 1/2 l,5,9-12,56,True,170,38
N/A,N/A,17:05,Heavy,7f,Finito Bonito (IRE),J J G Ryan,3,T G McCourt,11th,1 1/4 l,4,9-1v,45,True,170,38
N/A,N/A,17:05,Heavy,7f,Half Nutz (IRE),R C Colgan,0,C Timmons,10th,1 1/4 l,8,9-11,55,True,170,38
N/A,N/A,17:05,Heavy,7f,Akeela,A C Persse,7,M A Cahill,9th,Neck,5,9-7,51,True,170,38
N/A,N/A,17:05,Heavy,7f,Si Senior (IRE),J Kearney,5,P Magee,8th,Neck,4,10-1ht,59,True,170,38
N/A,N/A,17:05,Heavy,7f,Happy Henry (IRE),W J Lee,0,W McCreery,7th,Head,4,9-7,51,True,170,38
N/A,N/A,17:05,Heavy,7f,Asisaid (IRE),J M Sheridan,0,D Hogan,6th,1 1/4 l,6,9-10p,54,True,170,38
N/A,N/A,17:05,Heavy,7f,Deuteronomy (IRE),Nicola Burns,7,R P Burns,5th,1/2 l,6,8-10,40,True,170,38
N/A,N/A,17:05,Heavy,7f,Still She Blooms,C T Keane,0,C Timmons,4th,1 1/2 l,4,9-12h,56,True,170,38
N/A,N/A,17:05,Heavy,7f,Navorrosse (IRE),R M Mulligan,7,G A Kingston,3rd,1 3/4 l,8,9-1h,45,True,170,38
N/A,N/A,17:05,Heavy,7f,Serengeti Sunrise (IRE),S Foley,0,R K Watson,2nd,Short Head,4,9-0,44,True,170,38
N/A,N/A,17:05,Heavy,7f,Dinamine (IRE),W Joyce,5,M Mulvany,1st,N/A,7,9-0,44,True,170,38
N/A,N/A,17:05,Heavy,7f,Superior Force,A J Casey,10,D Hogan,NR,N/A,6,10-1p,59,True,170,38
N/A,N/A,17:05,Heavy,7f,Hastily,J Cleary,5,Tom McGuinness,15th,8 1/2 l,6,9-9,53,True,170,38
N/A,N/A,17:05,Heavy,7f,Shimmerz (IRE),L F Roche,0,C O'Brien,14th,3/4 l,7,8-10t1,40,True,170,38
N/A,N/A,17:05,Heavy,7f,Lisabetta (IRE),R P Whelan,0,T Doyle,13th,2 1/2 l,7,9-3b,47,True,170,38
N/A,N/A,17:05,Heavy,7f,The Fog Horn (IRE),D S O'Sullivan,7,S G O'Donnell,12th,2 1/2 l,5,9-12,56,True,170,38
N/A,N/A,17:05,Heavy,7f,Finito Bonito (IRE),J J G Ryan,3,T G McCourt,11th,1 1/4 l,4,9-1v,45,True,170,38
N/A,N/A,17:05,Heavy,7f,Half Nutz (IRE),R C Colgan,0,C Timmons,10th,1 1/4 l,8,9-11,55,True,170,38
N/A,N/A,17:05,Heavy,7f,Akeela,A C Persse,7,M A Cahill,9th,Neck,5,9-7,51,True,170,38
N/A,N/A,17:05,Heavy,7f,Si Senior (IRE),J Kearney,5,P Magee,8th,Neck,4,10-1ht,59,True,170,38
N/A,N/A,17:05,Heavy,7f,Happy Henry (IRE),W J Lee,0,W McCreery,7th,Head,4,9-7,51,True,170,38
N/A,N/A,17:05,Heavy,7f,Asisaid (IRE),J M Sheridan,0,D Hogan,6th,1 1/4 l,6,9-10p,54,True,170,38
N/A,N/A,17:05,Heavy,7f,Deuteronomy (IRE),Nicola Burns,7,R P Burns,5th,1/2 l,6,8-10,40,True,170,38
N/A,N/A,17:05,Heavy,7f,Still She Blooms,C T Keane,0,C Timmons,4th,1 1/2 l,4,9-12h,56,True,170,38
N/A,N/A,17:05,Heavy,7f,Navorrosse (IRE),R M Mulligan,7,G A Kingston,3rd,1 3/4 l,8,9-1h,45,True,170,38
N/A,N/A,17:05,Heavy,7f,Serengeti Sunrise (IRE),S Foley,0,R K Watson,2nd,Short Head,4,9-0,44,True,170,38
N/A,N/A,17:05,Heavy,7f,Dinamine (IRE),W Joyce,5,M Mulvany,1st,N/A,7,9-0,44,True,170,38
N/A,N/A,17:40,Heavy,7f,Tai Tam Bay (IRE),W M Lordan,0,E & P Harty,NR,N/A,4,8-8,78,True,170,39
N/A,N/A,17:40,Heavy,7f,Heart Of Darkness,J A Powell,3,A McGuinness,9th,2 1/2 l,4,8-9,79,True,170,39
N/A,N/A,17:40,Heavy,7f,Sara Valentina (IRE),C D Hayes,0,D K Weld,8th,8 l,4,9-0,84,True,170,39
N/A,N/A,17:40,Heavy,7f,Fast Tara (IRE),B M Coen,0,P W Flynn,7th,2 l,5,9-0t,84,True,170,39
N/A,N/A,17:40,Heavy,7f,Indigo Five (IRE),W Joyce,5,J Feane,6th,1 1/2 l,6,10-0,98,True,170,39
N/A,N/A,17:40,Heavy,7f,Shavasi (IRE),D P McDonogh,0,J P O'Brien,5th,1 1/4 l,4,9-2,86,True,170,39
N/A,N/A,17:40,Heavy,7f,Independent Expert (IRE),J Kearney,5,Stephen Thorne,4th,2 l,6,9-3,87,True,170,39
N/A,N/A,17:40,Heavy,7f,Bellaphina (IRE),J J G Ryan,3,J A Kinsella,3rd,Short Head,5,9-1t,85,True,170,39
N/A,N/A,17:40,Heavy,7f,Marakesh,S Foley,0,H De Bromhead,2nd,1 1/2 l,5,8-10,80,True,170,39
N/A,N/A,17:40,Heavy,7f,Mataariki (FR),D McMonagle,0,J P O'Brien,1st,N/A,4,9-0t,84,True,170,39
N/A,N/A,17:40,Heavy,7f,Tai Tam Bay (IRE),W M Lordan,0,E & P Harty,NR,N/A,4,8-8,78,True,170,39
N/A,N/A,17:40,Heavy,7f,Heart Of Darkness,J A Powell,3,A McGuinness,9th,2 1/2 l,4,8-9,79,True,170,39
N/A,N/A,17:40,Heavy,7f,Sara Valentina (IRE),C D Hayes,0,D K Weld,8th,8 l,4,9-0,84,True,170,39
N/A,N/A,17:40,Heavy,7f,Fast Tara (IRE),B M Coen,0,P W Flynn,7th,2 l,5,9-0t,84,True,170,39
N/A,N/A,17:40,Heavy,7f,Indigo Five (IRE),W Joyce,5,J Feane,6th,1 1/2 l,6,10-0,98,True,170,39
N/A,N/A,17:40,Heavy,7f,Shavasi (IRE),D P McDonogh,0,J P O'Brien,5th,1 1/4 l,4,9-2,86,True,170,39
N/A,N/A,17:40,Heavy,7f,Independent Expert (IRE),J Kearney,5,Stephen Thorne,4th,2 l,6,9-3,87,True,170,39
N/A,N/A,17:40,Heavy,7f,Bellaphina (IRE),J J G Ryan,3,J A Kinsella,3rd,Short Head,5,9-1t,85,True,170,39
N/A,N/A,17:40,Heavy,7f,Marakesh,S Foley,0,H De Bromhead,2nd,1 1/2 l,5,8-10,80,True,170,39
N/A,N/A,17:40,Heavy,7f,Mataariki (FR),D McMonagle,0,J P O'Brien,1st,N/A,4,9-0t,84,True,170,39
N/A,N/A,18:12,Heavy,1m,Power Of Prayer (GER),H J Horgan,5,J P O'Brien,16th,6 1/2 l,3,9-3,-,True,170,40
N/A,N/A,18:12,Heavy,1m,Lip Gloss (IRE),J A Heffernan,0,J J Murphy,15th,15 l,3,9-3,-,True,170,40
N/A,N/A,18:12,Heavy,1m,Kodi's Angel (IRE),W J Lee,0,M Mulvany,14th,3/4 l,3,9-3,-,True,170,40
N/A,N/A,18:12,Heavy,1m,Givehertilxmas (IRE),J Kearney,5,G Keane,13th,1 l,3,9-3,-,True,170,40
N/A,N/A,18:12,Heavy,1m,Shahada Ace,A J Slattery,0,A Slattery,12th,1 3/4 l,3,9-3,-,True,170,40
N/A,N/A,18:12,Heavy,1m,Echinacea,R C Colgan,0,Kevin Coleman,11th,Head,3,9-3,-,True,170,40
N/A,N/A,18:12,Heavy,1m,Sea View Lady (IRE),A C Persse,7,M A Cahill,10th,1/2 l,3,9-3,-,True,170,40
N/A,N/A,18:12,Heavy,1m,Shrihara (IRE),D McMonagle,0,J P O'Brien,9th,Neck,3,9-3,-,True,170,40
N/A,N/A,18:12,Heavy,1m,Marzanda (IRE),J J G Ryan,3,T G McCourt,8th,3/4 l,3,9-3,-,True,170,40
N/A,N/A,18:12,Heavy,1m,Restful (IRE),C D Hayes,0,D K Weld,7th,Nose,3,9-3tp1,-,True,170,40
N/A,N/A,18:12,Heavy,1m,Kashel Spring (IRE),D P McDonogh,0,J P O'Brien,6th,2 l,3,9-3,-,True,170,40
N/A,N/A,18:12,Heavy,1m,Thakheera (IRE),J M Sheridan,0,D Hogan,5th,Neck,3,9-3,-,True,170,40
N/A,N/A,18:12,Heavy,1m,Staywitherjohnny (IRE),B M Coen,0,Ciaran Murphy,4th,1 1/4 l,3,9-3,-,True,170,40
N/A,N/A,18:12,Heavy,1m,Its All Peachy (IRE),C T Keane,0,M O'Callaghan,3rd,3 l,3,9-3,75,True,170,40
N/A,N/A,18:12,Heavy,1m,Lady Lilac (IRE),G F Carroll,0,J G Murphy,2nd,1/2 l,3,9-3,72,True,170,40
N/A,N/A,18:12,Heavy,1m,Dahlia Noir (IRE),G M Ryan,0,Donnacha O'Brien,1st,N/A,3,9-3,81,True,170,40
N/A,N/A,18:12,Heavy,1m,Power Of Prayer (GER),H J Horgan,5,J P O'Brien,16th,6 1/2 l,3,9-3,-,True,170,40
N/A,N/A,18:12,Heavy,1m,Lip Gloss (IRE),J A Heffernan,0,J J Murphy,15th,15 l,3,9-3,-,True,170,40
N/A,N/A,18:12,Heavy,1m,Kodi's Angel (IRE),W J Lee,0,M Mulvany,14th,3/4 l,3,9-3,-,True,170,40
N/A,N/A,18:12,Heavy,1m,Givehertilxmas (IRE),J Kearney,5,G Keane,13th,1 l,3,9-3,-,True,170,40
N/A,N/A,18:12,Heavy,1m,Shahada Ace,A J Slattery,0,A Slattery,12th,1 3/4 l,3,9-3,-,True,170,40
N/A,N/A,18:12,Heavy,1m,Echinacea,R C Colgan,0,Kevin Coleman,11th,Head,3,9-3,-,True,170,40
N/A,N/A,18:12,Heavy,1m,Sea View Lady (IRE),A C Persse,7,M A Cahill,10th,1/2 l,3,9-3,-,True,170,40
N/A,N/A,18:12,Heavy,1m,Shrihara (IRE),D McMonagle,0,J P O'Brien,9th,Neck,3,9-3,-,True,170,40
N/A,N/A,18:12,Heavy,1m,Marzanda (IRE),J J G Ryan,3,T G McCourt,8th,3/4 l,3,9-3,-,True,170,40
N/A,N/A,18:12,Heavy,1m,Restful (IRE),C D Hayes,0,D K Weld,7th,Nose,3,9-3tp1,-,True,170,40
N/A,N/A,18:12,Heavy,1m,Kashel Spring (IRE),D P McDonogh,0,J P O'Brien,6th,2 l,3,9-3,-,True,170,40
N/A,N/A,18:12,Heavy,1m,Thakheera (IRE),J M Sheridan,0,D Hogan,5th,Neck,3,9-3,-,True,170,40
N/A,N/A,18:12,Heavy,1m,Staywitherjohnny (IRE),B M Coen,0,Ciaran Murphy,4th,1 1/4 l,3,9-3,-,True,170,40
N/A,N/A,18:12,Heavy,1m,Its All Peachy (IRE),C T Keane,0,M O'Callaghan,3rd,3 l,3,9-3,75,True,170,40
N/A,N/A,18:12,Heavy,1m,Lady Lilac (IRE),G F Carroll,0,J G Murphy,2nd,1/2 l,3,9-3,72,True,170,40
N/A,N/A,18:12,Heavy,1m,Dahlia Noir (IRE),G M Ryan,0,Donnacha O'Brien,1st,N/A,3,9-3,81,True,170,40
N/A,N/A,18:42,Heavy,1m,Bishopton (IRE),W M Lordan,0,N Lupini,NR,N/A,3,9-9,77,True,170,41
N/A,N/A,18:42,Heavy,1m,Desmond Castle (IRE),D P McDonogh,0,J P O'Brien,16th,4 1/4 l,3,9-8,76,True,170,41
N/A,N/A,18:42,Heavy,1m,Breath Of You (FR),W M Lordan,0,Conor Maxwell,15th,1 1/4 l,3,8-7,61,True,170,41
N/A,N/A,18:42,Heavy,1m,The Marty Party (IRE),D McMonagle,0,J P O'Brien,14th,3/4 l,3,9-12,80,True,170,41
N/A,N/A,18:42,Heavy,1m,Merchants Arch (IRE),C D Hayes,0,R O'Sullivan,13th,Neck,3,8-8,62,True,170,41
N/A,N/A,18:42,Heavy,1m,Eagles Dream (IRE),J A Heffernan,0,J J Murphy,12th,1 3/4 l,3,9-4,72,True,170,41
N/A,N/A,18:42,Heavy,1m,Stiorra (IRE),S Coen,7,A Slattery,11th,Neck,3,9-3t1,71,True,170,41
N/A,N/A,18:42,Heavy,1m,Wish This,J M Sheridan,0,Miss Jennifer Anne Lynch,10th,1/2 l,3,9-7,75,True,170,41
N/A,N/A,18:42,Heavy,1m,Guilty Pleasure (IRE),P A Harnett,5,Donnacha O'Brien,9th,1 1/2 l,3,9-8p1,76,True,170,41
N/A,N/A,18:42,Heavy,1m,Annie's Angel (IRE),M W Hassett,5,J P O'Brien,8th,2 l,3,9-12,80,True,170,41
N/A,N/A,18:42,Heavy,1m,Vega's Muse,S Foley,0,Mrs J Harrington,7th,Neck,3,9-0,68,True,170,41
N/A,N/A,18:42,Heavy,1m,Tam Lin (IRE),C T Keane,0,Daniel Murphy,6th,2 l,3,9-2p,70,True,170,41
N/A,N/A,18:42,Heavy,1m,School Of Athens (IRE),B M Coen,0,J P Murtagh,5th,Neck,3,9-5b1,73,True,170,41
N/A,N/A,18:42,Heavy,1m,Refreshment (IRE),R P Whelan,0,M Fahey,4th,3/4 l,3,9-2,70,True,170,41
N/A,N/A,18:42,Heavy,1m,Ohmali (IRE),L F Roche,0,N Lupini,3rd,Head,3,8-12,66,True,170,41
N/A,N/A,18:42,Heavy,1m,Ribee (IRE),W Joyce,5,M Mulvany,2nd,4 3/4 l,3,9-1,69,True,170,41
N/A,N/A,18:42,Heavy,1m,Scott Key (IRE),A J Slattery,0,A Slattery,1st,N/A,3,9-5,73,True,170,41
N/A,N/A,18:42,Heavy,1m,Bishopton (IRE),W M Lordan,0,N Lupini,NR,N/A,3,9-9,77,True,170,41
N/A,N/A,18:42,Heavy,1m,Desmond Castle (IRE),D P McDonogh,0,J P O'Brien,16th,4 1/4 l,3,9-8,76,True,170,41
N/A,N/A,18:42,Heavy,1m,Breath Of You (FR),W M Lordan,0,Conor Maxwell,15th,1 1/4 l,3,8-7,61,True,170,41
N/A,N/A,18:42,Heavy,1m,The Marty Party (IRE),D McMonagle,0,J P O'Brien,14th,3/4 l,3,9-12,80,True,170,41
N/A,N/A,18:42,Heavy,1m,Merchants Arch (IRE),C D Hayes,0,R O'Sullivan,13th,Neck,3,8-8,62,True,170,41
N/A,N/A,18:42,Heavy,1m,Eagles Dream (IRE),J A Heffernan,0,J J Murphy,12th,1 3/4 l,3,9-4,72,True,170,41
N/A,N/A,18:42,Heavy,1m,Stiorra (IRE),S Coen,7,A Slattery,11th,Neck,3,9-3t1,71,True,170,41
N/A,N/A,18:42,Heavy,1m,Wish This,J M Sheridan,0,Miss Jennifer Anne Lynch,10th,1/2 l,3,9-7,75,True,170,41
N/A,N/A,18:42,Heavy,1m,Guilty Pleasure (IRE),P A Harnett,5,Donnacha O'Brien,9th,1 1/2 l,3,9-8p1,76,True,170,41
N/A,N/A,18:42,Heavy,1m,Annie's Angel (IRE),M W Hassett,5,J P O'Brien,8th,2 l,3,9-12,80,True,170,41
N/A,N/A,18:42,Heavy,1m,Vega's Muse,S Foley,0,Mrs J Harrington,7th,Neck,3,9-0,68,True,170,41
N/A,N/A,18:42,Heavy,1m,Tam Lin (IRE),C T Keane,0,Daniel Murphy,6th,2 l,3,9-2p,70,True,170,41
N/A,N/A,18:42,Heavy,1m,School Of Athens (IRE),B M Coen,0,J P Murtagh,5th,Neck,3,9-5b1,73,True,170,41
N/A,N/A,18:42,Heavy,1m,Refreshment (IRE),R P Whelan,0,M Fahey,4th,3/4 l,3,9-2,70,True,170,41
N/A,N/A,18:42,Heavy,1m,Ohmali (IRE),L F Roche,0,N Lupini,3rd,Head,3,8-12,66,True,170,41
N/A,N/A,18:42,Heavy,1m,Ribee (IRE),W Joyce,5,M Mulvany,2nd,4 3/4 l,3,9-1,69,True,170,41
N/A,N/A,18:42,Heavy,1m,Scott Key (IRE),A J Slattery,0,A Slattery,1st,N/A,3,9-5,73,True,170,41
N/A,N/A,19:12,Heavy,1m 5f 160y,Enquire Within (IRE),W Joyce,5,F G Hand,10th,9 l,9,10-0tp,57,True,170,42
N/A,N/A,19:12,Heavy,1m 5f 160y,Esticky End (IRE),J Cleary,5,Tom McGuinness,9th,24 l,7,9-9h,52,True,170,42
N/A,N/A,19:12,Heavy,1m 5f 160y,Your Honor (IRE),B M Coen,0,J Nash,8th,1 l,6,10-2,59,True,170,42
N/A,N/A,19:12,Heavy,1m 5f 160y,Sea The Sunset,S A Wallace,10,J Morrison,7th,14 l,6,9-9,52,True,170,42
N/A,N/A,19:12,Heavy,1m 5f 160y,Brilliant Question (IRE),D P McDonogh,0,K A Heffernan,6th,1 1/2 l,8,8-11tp1,40,True,170,42
N/A,N/A,19:12,Heavy,1m 5f 160y,Pegasus Of Harry,C T Keane,0,E O'Connell,5th,12 l,4,9-9,52,True,170,42
N/A,N/A,19:12,Heavy,1m 5f 160y,Bynx (IRE),M W Hassett,5,M Hassett,4th,4 3/4 l,7,9-8,51,True,170,42
N/A,N/A,19:12,Heavy,1m 5f 160y,Dumb Love (IRE),Nicola Burns,7,Gerard O'Leary,3rd,2 l,5,9-13t,56,True,170,42
N/A,N/A,19:12,Heavy,1m 5f 160y,Elle Dorado Rock (IRE),D King,3,A J Martin,2nd,1/2 l,7,10-0t,57,True,170,42
N/A,N/A,19:12,Heavy,1m 5f 160y,Spring Evening (IRE),S Foley,0,Yvonne Latta,1st,N/A,5,10-0,57,True,170,42
N/A,N/A,19:12,Heavy,1m 5f 160y,Enquire Within (IRE),W Joyce,5,F G Hand,10th,9 l,9,10-0tp,57,True,170,42
N/A,N/A,19:12,Heavy,1m 5f 160y,Esticky End (IRE),J Cleary,5,Tom McGuinness,9th,24 l,7,9-9h,52,True,170,42
N/A,N/A,19:12,Heavy,1m 5f 160y,Your Honor (IRE),B M Coen,0,J Nash,8th,1 l,6,10-2,59,True,170,42
N/A,N/A,19:12,Heavy,1m 5f 160y,Sea The Sunset,S A Wallace,10,J Morrison,7th,14 l,6,9-9,52,True,170,42
N/A,N/A,19:12,Heavy,1m 5f 160y,Brilliant Question (IRE),D P McDonogh,0,K A Heffernan,6th,1 1/2 l,8,8-11tp1,40,True,170,42
N/A,N/A,19:12,Heavy,1m 5f 160y,Pegasus Of Harry,C T Keane,0,E O'Connell,5th,12 l,4,9-9,52,True,170,42
N/A,N/A,19:12,Heavy,1m 5f 160y,Bynx (IRE),M W Hassett,5,M Hassett,4th,4 3/4 l,7,9-8,51,True,170,42
N/A,N/A,19:12,Heavy,1m 5f 160y,Dumb Love (IRE),Nicola Burns,7,Gerard O'Leary,3rd,2 l,5,9-13t,56,True,170,42
N/A,N/A,19:12,Heavy,1m 5f 160y,Elle Dorado Rock (IRE),D King,3,A J Martin,2nd,1/2 l,7,10-0t,57,True,170,42
N/A,N/A,19:12,Heavy,1m 5f 160y,Spring Evening (IRE),S Foley,0,Yvonne Latta,1st,N/A,5,10-0,57,True,170,42
Tipperary Racing Results | 24th April 2025 15:52,N/A,15:52,Yielding (Soft In Places),5f,Chicana (IRE),A J Slattery,0,J Halley,NR,N/A,2,8-11,-,True,170,43
Tipperary Racing Results | 24th April 2025 15:52,N/A,15:52,Yielding (Soft In Places),5f,Itsnotme (IRE),J S Dalton,10,A Slattery,12th,1 1/2 l,2,8-9,-,True,170,43
Tipperary Racing Results | 24th April 2025 15:52,N/A,15:52,Yielding (Soft In Places),5f,Sapphire Dream (IRE),J A Heffernan,0,A Slattery,11th,3 1/2 l,2,9-2,-,True,170,43
Tipperary Racing Results | 24th April 2025 15:52,N/A,15:52,Yielding (Soft In Places),5f,Portmagee Girl (IRE),K G Kennedy,5,Mrs J Harrington,10th,2 l,2,9-3,-,True,170,43
Tipperary Racing Results | 24th April 2025 15:52,N/A,15:52,Yielding (Soft In Places),5f,Love Bomb (IRE),N M Crosse,0,W McCreery,9th,2 1/4 l,2,8-11,-,True,170,43
Tipperary Racing Results | 24th April 2025 15:52,N/A,15:52,Yielding (Soft In Places),5f,Bay Of Supremacy (IRE),B M Coen,0,J P Murtagh,8th,Neck,2,9-2,-,True,170,43
Tipperary Racing Results | 24th April 2025 15:52,N/A,15:52,Yielding (Soft In Places),5f,Offbeat (IRE),J M Sheridan,0,D Hogan,7th,2 1/2 l,2,9-4,-,True,170,43
Tipperary Racing Results | 24th April 2025 15:52,N/A,15:52,Yielding (Soft In Places),5f,Sovereign Thought (IRE),G M Ryan,0,Donnacha O'Brien,6th,1/2 l,2,9-2,-,True,170,43
Tipperary Racing Results | 24th April 2025 15:52,N/A,15:52,Yielding (Soft In Places),5f,Sup Of Red (IRE),J J G Ryan,3,J Davison,5th,Short Head,2,8-11,-,True,170,43
Tipperary Racing Results | 24th April 2025 15:52,N/A,15:52,Yielding (Soft In Places),5f,Noodles,R P Whelan,0,John O'Donoghue,4th,3 1/2 l,2,9-0,-,True,170,43
Tipperary Racing Results | 24th April 2025 15:52,N/A,15:52,Yielding (Soft In Places),5f,Baker Blue,S Foley,0,Mrs J Harrington,3rd,3/4 l,2,9-4t1,-,True,170,43
Tipperary Racing Results | 24th April 2025 15:52,N/A,15:52,Yielding (Soft In Places),5f,Arugam Bay (IRE),C D Hayes,0,E & P Harty,2nd,1 3/4 l,2,8-9,-,True,170,43
Tipperary Racing Results | 24th April 2025 15:52,N/A,15:52,Yielding (Soft In Places),5f,Joyful Tidings,G F Carroll,0,G P Cromwell,1st,N/A,2,9-2,-,True,170,43
Tipperary Racing Results | 24th April 2025 15:52,N/A,15:52,Yielding (Soft In Places),5f,Chicana (IRE),A J Slattery,0,J Halley,NR,N/A,2,8-11,-,True,170,43
Tipperary Racing Results | 24th April 2025 15:52,N/A,15:52,Yielding (Soft In Places),5f,Itsnotme (IRE),J S Dalton,10,A Slattery,12th,1 1/2 l,2,8-9,-,True,170,43
Tipperary Racing Results | 24th April 2025 15:52,N/A,15:52,Yielding (Soft In Places),5f,Sapphire Dream (IRE),J A Heffernan,0,A Slattery,11th,3 1/2 l,2,9-2,-,True,170,43
Tipperary Racing Results | 24th April 2025 15:52,N/A,15:52,Yielding (Soft In Places),5f,Portmagee Girl (IRE),K G Kennedy,5,Mrs J Harrington,10th,2 l,2,9-3,-,True,170,43
Tipperary Racing Results | 24th April 2025 15:52,N/A,15:52,Yielding (Soft In Places),5f,Love Bomb (IRE),N M Crosse,0,W McCreery,9th,2 1/4 l,2,8-11,-,True,170,43
Tipperary Racing Results | 24th April 2025 15:52,N/A,15:52,Yielding (Soft In Places),5f,Bay Of Supremacy (IRE),B M Coen,0,J P Murtagh,8th,Neck,2,9-2,-,True,170,43
Tipperary Racing Results | 24th April 2025 15:52,N/A,15:52,Yielding (Soft In Places),5f,Offbeat (IRE),J M Sheridan,0,D Hogan,7th,2 1/2 l,2,9-4,-,True,170,43
Tipperary Racing Results | 24th April 2025 15:52,N/A,15:52,Yielding (Soft In Places),5f,Sovereign Thought (IRE),G M Ryan,0,Donnacha O'Brien,6th,1/2 l,2,9-2,-,True,170,43
Tipperary Racing Results | 24th April 2025 15:52,N/A,15:52,Yielding (Soft In Places),5f,Sup Of Red (IRE),J J G Ryan,3,J Davison,5th,Short Head,2,8-11,-,True,170,43
Tipperary Racing Results | 24th April 2025 15:52,N/A,15:52,Yielding (Soft In Places),5f,Noodles,R P Whelan,0,John O'Donoghue,4th,3 1/2 l,2,9-0,-,True,170,43
Tipperary Racing Results | 24th April 2025 15:52,N/A,15:52,Yielding (Soft In Places),5f,Baker Blue,S Foley,0,Mrs J Harrington,3rd,3/4 l,2,9-4t1,-,True,170,43
Tipperary Racing Results | 24th April 2025 15:52,N/A,15:52,Yielding (Soft In Places),5f,Arugam Bay (IRE),C D Hayes,0,E & P Harty,2nd,1 3/4 l,2,8-9,-,True,170,43
Tipperary Racing Results | 24th April 2025 15:52,N/A,15:52,Yielding (Soft In Places),5f,Joyful Tidings,G F Carroll,0,G P Cromwell,1st,N/A,2,9-2,-,True,170,43
Tipperary Racing Results | 24th April 2025 16:25,N/A,16:25,Yielding (Soft In Places),5f,Lil' Angel (IRE),C T Keane,0,G M Lyons,NR,N/A,3,9-3,-,True,170,44
Tipperary Racing Results | 24th April 2025 16:25,N/A,16:25,Yielding (Soft In Places),5f,Certified Freak (IRE),W Joyce,5,E Sheehy,7th,21 l,4,9-13,-,True,170,44
Tipperary Racing Results | 24th April 2025 16:25,N/A,16:25,Yielding (Soft In Places),5f,Morally Sound,J A Heffernan,0,J A Stack,6th,1 1/2 l,3,9-8b1,-,True,170,44
Tipperary Racing Results | 24th April 2025 16:25,N/A,16:25,Yielding (Soft In Places),5f,Viamonte (IRE),A Browne-Souza,10,W P Browne,5th,Neck,4,10-4t,74,True,170,44
Tipperary Racing Results | 24th April 2025 16:25,N/A,16:25,Yielding (Soft In Places),5f,Hello Silas (FR),G M Ryan,0,D Dias,4th,Short Head,3,9-8t1,-,True,170,44
Tipperary Racing Results | 24th April 2025 16:25,N/A,16:25,Yielding (Soft In Places),5f,Mini Mai (IRE),C T Keane,0,G M Lyons,3rd,6 l,3,9-3,-,True,170,44
Tipperary Racing Results | 24th April 2025 16:25,N/A,16:25,Yielding (Soft In Places),5f,Passing Phase,S Foley,0,Mrs J Harrington,2nd,2 3/4 l,3,9-8,84,True,170,44
Tipperary Racing Results | 24th April 2025 16:25,N/A,16:25,Yielding (Soft In Places),5f,Bobbi Rosa,S Coen,7,A Slattery,1st,N/A,3,9-3,77,True,170,44
Tipperary Racing Results | 24th April 2025 16:25,N/A,16:25,Yielding (Soft In Places),5f,Lil' Angel (IRE),C T Keane,0,G M Lyons,NR,N/A,3,9-3,-,True,170,44
Tipperary Racing Results | 24th April 2025 16:25,N/A,16:25,Yielding (Soft In Places),5f,Certified Freak (IRE),W Joyce,5,E Sheehy,7th,21 l,4,9-13,-,True,170,44
Tipperary Racing Results | 24th April 2025 16:25,N/A,16:25,Yielding (Soft In Places),5f,Morally Sound,J A Heffernan,0,J A Stack,6th,1 1/2 l,3,9-8b1,-,True,170,44
Tipperary Racing Results | 24th April 2025 16:25,N/A,16:25,Yielding (Soft In Places),5f,Viamonte (IRE),A Browne-Souza,10,W P Browne,5th,Neck,4,10-4t,74,True,170,44
Tipperary Racing Results | 24th April 2025 16:25,N/A,16:25,Yielding (Soft In Places),5f,Hello Silas (FR),G M Ryan,0,D Dias,4th,Short Head,3,9-8t1,-,True,170,44
Tipperary Racing Results | 24th April 2025 16:25,N/A,16:25,Yielding (Soft In Places),5f,Mini Mai (IRE),C T Keane,0,G M Lyons,3rd,6 l,3,9-3,-,True,170,44
Tipperary Racing Results | 24th April 2025 16:25,N/A,16:25,Yielding (Soft In Places),5f,Passing Phase,S Foley,0,Mrs J Harrington,2nd,2 3/4 l,3,9-8,84,True,170,44
Tipperary Racing Results | 24th April 2025 16:25,N/A,16:25,Yielding (Soft In Places),5f,Bobbi Rosa,S Coen,7,A Slattery,1st,N/A,3,9-3,77,True,170,44
Tipperary Racing Results | 24th April 2025 17:00,N/A,17:00,Yielding (Soft In Places),5f,Tilly's Company (IRE),D P McDonogh,0,J G Coogan,NR,N/A,3,9-9b1,64,True,170,45
Tipperary Racing Results | 24th April 2025 17:00,N/A,17:00,Yielding (Soft In Places),5f,Raising The Flag (IRE),W J Lee,0,M C Grassick,6th,1 l,3,9-5,60,True,170,45
Tipperary Racing Results | 24th April 2025 17:00,N/A,17:00,Yielding (Soft In Places),5f,Harlem Playgirl (IRE),C D Hayes,0,A Oliver,5th,2 1/4 l,3,8-7,45,True,170,45
Tipperary Racing Results | 24th April 2025 17:00,N/A,17:00,Yielding (Soft In Places),5f,Widely Acclaimed,Adam Caffrey,0,A McGuinness,4th,3 3/4 l,3,9-11,66,True,170,45
Tipperary Racing Results | 24th April 2025 17:00,N/A,17:00,Yielding (Soft In Places),5f,Tomarlo,L T McAteer,0,D Marnane,3rd,Neck,3,9-12,67,True,170,45
Tipperary Racing Results | 24th April 2025 17:00,N/A,17:00,Yielding (Soft In Places),5f,Steel Magnolia (IRE),N M Crosse,0,W McCreery,2nd,1 1/2 l,3,8-11,52,True,170,45
Tipperary Racing Results | 24th April 2025 17:00,N/A,17:00,Yielding (Soft In Places),5f,Sarahmae (IRE),J M Sheridan,0,D Hogan,1st,N/A,3,9-6,61,True,170,45
Tipperary Racing Results | 24th April 2025 17:00,N/A,17:00,Yielding (Soft In Places),5f,Tilly's Company (IRE),D P McDonogh,0,J G Coogan,NR,N/A,3,9-9b1,64,True,170,45
Tipperary Racing Results | 24th April 2025 17:00,N/A,17:00,Yielding (Soft In Places),5f,Raising The Flag (IRE),W J Lee,0,M C Grassick,6th,1 l,3,9-5,60,True,170,45
Tipperary Racing Results | 24th April 2025 17:00,N/A,17:00,Yielding (Soft In Places),5f,Harlem Playgirl (IRE),C D Hayes,0,A Oliver,5th,2 1/4 l,3,8-7,45,True,170,45
Tipperary Racing Results | 24th April 2025 17:00,N/A,17:00,Yielding (Soft In Places),5f,Widely Acclaimed,Adam Caffrey,0,A McGuinness,4th,3 3/4 l,3,9-11,66,True,170,45
Tipperary Racing Results | 24th April 2025 17:00,N/A,17:00,Yielding (Soft In Places),5f,Tomarlo,L T McAteer,0,D Marnane,3rd,Neck,3,9-12,67,True,170,45
Tipperary Racing Results | 24th April 2025 17:00,N/A,17:00,Yielding (Soft In Places),5f,Steel Magnolia (IRE),N M Crosse,0,W McCreery,2nd,1 1/2 l,3,8-11,52,True,170,45
Tipperary Racing Results | 24th April 2025 17:00,N/A,17:00,Yielding (Soft In Places),5f,Sarahmae (IRE),J M Sheridan,0,D Hogan,1st,N/A,3,9-6,61,True,170,45
Tipperary Racing Results | 24th April 2025 17:32,N/A,17:32,Yielding (Soft In Places),7f 100y,Elinor Dashwood (IRE),Adam Caffrey,0,A McGuinness,7th,14 l,4,9-2h,93,True,170,46
Tipperary Racing Results | 24th April 2025 17:32,N/A,17:32,Yielding (Soft In Places),7f 100y,Soft Winds (IRE),D McMonagle,0,J P O'Brien,6th,1/2 l,4,9-6,94,True,170,46
Tipperary Racing Results | 24th April 2025 17:32,N/A,17:32,Yielding (Soft In Places),7f 100y,Tina's Indian (IRE),R P Whelan,0,M Fahey,5th,Short Head,4,9-11,-,True,170,46
Tipperary Racing Results | 24th April 2025 17:32,N/A,17:32,Yielding (Soft In Places),7f 100y,Kortez Bay (IRE),G F Carroll,0,S Lavery,4th,2 1/4 l,4,9-11,106,True,170,46
Tipperary Racing Results | 24th April 2025 17:32,N/A,17:32,Yielding (Soft In Places),7f 100y,Cristal Clere (IRE),J A Heffernan,0,J Nallen,3rd,1 1/2 l,7,9-7,104,True,170,46
Tipperary Racing Results | 24th April 2025 17:32,N/A,17:32,Yielding (Soft In Places),7f 100y,Hurricane Ivor (IRE),S Foley,0,Mrs J Harrington,2nd,3/4 l,8,9-7p,105,True,170,46
Tipperary Racing Results | 24th April 2025 17:32,N/A,17:32,Yielding (Soft In Places),7f 100y,Bravais,C T Keane,0,G M Lyons,1st,N/A,5,9-7,107,True,170,46
Tipperary Racing Results | 24th April 2025 17:32,N/A,17:32,Yielding (Soft In Places),7f 100y,Elinor Dashwood (IRE),Adam Caffrey,0,A McGuinness,7th,14 l,4,9-2h,93,True,170,46
Tipperary Racing Results | 24th April 2025 17:32,N/A,17:32,Yielding (Soft In Places),7f 100y,Soft Winds (IRE),D McMonagle,0,J P O'Brien,6th,1/2 l,4,9-6,94,True,170,46
Tipperary Racing Results | 24th April 2025 17:32,N/A,17:32,Yielding (Soft In Places),7f 100y,Tina's Indian (IRE),R P Whelan,0,M Fahey,5th,Short Head,4,9-11,-,True,170,46
Tipperary Racing Results | 24th April 2025 17:32,N/A,17:32,Yielding (Soft In Places),7f 100y,Kortez Bay (IRE),G F Carroll,0,S Lavery,4th,2 1/4 l,4,9-11,106,True,170,46
Tipperary Racing Results | 24th April 2025 17:32,N/A,17:32,Yielding (Soft In Places),7f 100y,Cristal Clere (IRE),J A Heffernan,0,J Nallen,3rd,1 1/2 l,7,9-7,104,True,170,46
Tipperary Racing Results | 24th April 2025 17:32,N/A,17:32,Yielding (Soft In Places),7f 100y,Hurricane Ivor (IRE),S Foley,0,Mrs J Harrington,2nd,3/4 l,8,9-7p,105,True,170,46
Tipperary Racing Results | 24th April 2025 17:32,N/A,17:32,Yielding (Soft In Places),7f 100y,Bravais,C T Keane,0,G M Lyons,1st,N/A,5,9-7,107,True,170,46
Tipperary Racing Results | 24th April 2025 18:02,N/A,18:02,Yielding (Soft In Places),1m 1f,Roaming Eyes (IRE),G F Carroll,0,S Lavery,12th,2 l,3,9-5h,53,True,170,47
Tipperary Racing Results | 24th April 2025 18:02,N/A,18:02,Yielding (Soft In Places),1m 1f,The Black Stuff (IRE),R Whearty,3,P Magee,11th,3 1/2 l,3,8-13,47,True,170,47
Tipperary Racing Results | 24th April 2025 18:02,N/A,18:02,Yielding (Soft In Places),1m 1f,Esque Elegance (IRE),R Coakley,0,J C McConnell,10th,1 3/4 l,3,9-11p,59,True,170,47
Tipperary Racing Results | 24th April 2025 18:02,N/A,18:02,Yielding (Soft In Places),1m 1f,Dancing Bay (IRE),R P Whelan,0,John O'Donoghue,9th,8 1/2 l,3,9-12,60,True,170,47
Tipperary Racing Results | 24th April 2025 18:02,N/A,18:02,Yielding (Soft In Places),1m 1f,Vovatia (IRE),R C Colgan,0,S Lavery,8th,Neck,3,9-1,49,True,170,47
Tipperary Racing Results | 24th April 2025 18:02,N/A,18:02,Yielding (Soft In Places),1m 1f,Movin And Groovin (IRE),Adam Caffrey,0,A McGuinness,7th,Neck,3,9-7,55,True,170,47
Tipperary Racing Results | 24th April 2025 18:02,N/A,18:02,Yielding (Soft In Places),1m 1f,Highway Sixty One (IRE),C T Keane,0,A McNamara,6th,2 3/4 l,3,9-7,55,True,170,47
Tipperary Racing Results | 24th April 2025 18:02,N/A,18:02,Yielding (Soft In Places),1m 1f,Letters Of Love (IRE),D McMonagle,0,J P O'Brien,5th,Head,3,9-5,53,True,170,47
Tipperary Racing Results | 24th April 2025 18:02,N/A,18:02,Yielding (Soft In Places),1m 1f,Whats New (IRE),A Browne-Souza,10,A Slattery,4th,1/2 l,3,9-11,59,True,170,47
Tipperary Racing Results | 24th April 2025 18:02,N/A,18:02,Yielding (Soft In Places),1m 1f,Coulstys Way (IRE),J Kearney,5,P Magee,3rd,1/2 l,3,9-4h1,52,True,170,47
Tipperary Racing Results | 24th April 2025 18:02,N/A,18:02,Yielding (Soft In Places),1m 1f,Cala Bonita (IRE),D P McDonogh,0,M J Smith,2nd,2 1/4 l,3,9-8t1,56,True,170,47
Tipperary Racing Results | 24th April 2025 18:02,N/A,18:02,Yielding (Soft In Places),1m 1f,Onemoredance (IRE),B M Coen,0,J P Murtagh,1st,N/A,3,9-10,58,True,170,47
Tipperary Racing Results | 24th April 2025 18:02,N/A,18:02,Yielding (Soft In Places),1m 1f,Roaming Eyes (IRE),G F Carroll,0,S Lavery,12th,2 l,3,9-5h,53,True,170,47
Tipperary Racing Results | 24th April 2025 18:02,N/A,18:02,Yielding (Soft In Places),1m 1f,The Black Stuff (IRE),R Whearty,3,P Magee,11th,3 1/2 l,3,8-13,47,True,170,47
Tipperary Racing Results | 24th April 2025 18:02,N/A,18:02,Yielding (Soft In Places),1m 1f,Esque Elegance (IRE),R Coakley,0,J C McConnell,10th,1 3/4 l,3,9-11p,59,True,170,47
Tipperary Racing Results | 24th April 2025 18:02,N/A,18:02,Yielding (Soft In Places),1m 1f,Dancing Bay (IRE),R P Whelan,0,John O'Donoghue,9th,8 1/2 l,3,9-12,60,True,170,47
Tipperary Racing Results | 24th April 2025 18:02,N/A,18:02,Yielding (Soft In Places),1m 1f,Vovatia (IRE),R C Colgan,0,S Lavery,8th,Neck,3,9-1,49,True,170,47
Tipperary Racing Results | 24th April 2025 18:02,N/A,18:02,Yielding (Soft In Places),1m 1f,Movin And Groovin (IRE),Adam Caffrey,0,A McGuinness,7th,Neck,3,9-7,55,True,170,47
Tipperary Racing Results | 24th April 2025 18:02,N/A,18:02,Yielding (Soft In Places),1m 1f,Highway Sixty One (IRE),C T Keane,0,A McNamara,6th,2 3/4 l,3,9-7,55,True,170,47
Tipperary Racing Results | 24th April 2025 18:02,N/A,18:02,Yielding (Soft In Places),1m 1f,Letters Of Love (IRE),D McMonagle,0,J P O'Brien,5th,Head,3,9-5,53,True,170,47
Tipperary Racing Results | 24th April 2025 18:02,N/A,18:02,Yielding (Soft In Places),1m 1f,Whats New (IRE),A Browne-Souza,10,A Slattery,4th,1/2 l,3,9-11,59,True,170,47
Tipperary Racing Results | 24th April 2025 18:02,N/A,18:02,Yielding (Soft In Places),1m 1f,Coulstys Way (IRE),J Kearney,5,P Magee,3rd,1/2 l,3,9-4h1,52,True,170,47
Tipperary Racing Results | 24th April 2025 18:02,N/A,18:02,Yielding (Soft In Places),1m 1f,Cala Bonita (IRE),D P McDonogh,0,M J Smith,2nd,2 1/4 l,3,9-8t1,56,True,170,47
Tipperary Racing Results | 24th April 2025 18:02,N/A,18:02,Yielding (Soft In Places),1m 1f,Onemoredance (IRE),B M Coen,0,J P Murtagh,1st,N/A,3,9-10,58,True,170,47
Tipperary Racing Results | 24th April 2025 18:32,N/A,18:32,Yielding (Soft In Places),1m 4f 100y,Sea Senor (IRE),L T McAteer,0,P T Foley,8th,4 1/4 l,3,9-8h1,-,True,170,48
Tipperary Racing Results | 24th April 2025 18:32,N/A,18:32,Yielding (Soft In Places),1m 4f 100y,Littlesumpinsumpin (IRE),R P Whelan,0,P Nolan,7th,42 l,3,9-8,-,True,170,48
Tipperary Racing Results | 24th April 2025 18:32,N/A,18:32,Yielding (Soft In Places),1m 4f 100y,Sears Crossing (IRE),S Foley,0,Mrs J Harrington,6th,4 1/4 l,3,9-8,-,True,170,48
Tipperary Racing Results | 24th April 2025 18:32,N/A,18:32,Yielding (Soft In Places),1m 4f 100y,No Mo Cash (USA),B M Coen,0,D Dias,5th,4 3/4 l,3,9-8,-,True,170,48
Tipperary Racing Results | 24th April 2025 18:32,N/A,18:32,Yielding (Soft In Places),1m 4f 100y,Crooked Path (IRE),J M Sheridan,0,D Hogan,4th,1 1/4 l,3,9-8,-,True,170,48
Tipperary Racing Results | 24th April 2025 18:32,N/A,18:32,Yielding (Soft In Places),1m 4f 100y,Keyboard (IRE),D P McDonogh,0,J S Bolger,3rd,1 1/4 l,3,9-8,-,True,170,48
Tipperary Racing Results | 24th April 2025 18:32,N/A,18:32,Yielding (Soft In Places),1m 4f 100y,Treasure Planet (IRE),G M Ryan,0,Donnacha O'Brien,2nd,1 l,3,9-8,-,True,170,48
Tipperary Racing Results | 24th April 2025 18:32,N/A,18:32,Yielding (Soft In Places),1m 4f 100y,Combs (IRE),C D Hayes,0,G Elliott,1st,N/A,3,9-8,-,True,170,48
Tipperary Racing Results | 24th April 2025 18:32,N/A,18:32,Yielding (Soft In Places),1m 4f 100y,Sea Senor (IRE),L T McAteer,0,P T Foley,8th,4 1/4 l,3,9-8h1,-,True,170,48
Tipperary Racing Results | 24th April 2025 18:32,N/A,18:32,Yielding (Soft In Places),1m 4f 100y,Littlesumpinsumpin (IRE),R P Whelan,0,P Nolan,7th,42 l,3,9-8,-,True,170,48
Tipperary Racing Results | 24th April 2025 18:32,N/A,18:32,Yielding (Soft In Places),1m 4f 100y,Sears Crossing (IRE),S Foley,0,Mrs J Harrington,6th,4 1/4 l,3,9-8,-,True,170,48
Tipperary Racing Results | 24th April 2025 18:32,N/A,18:32,Yielding (Soft In Places),1m 4f 100y,No Mo Cash (USA),B M Coen,0,D Dias,5th,4 3/4 l,3,9-8,-,True,170,48
Tipperary Racing Results | 24th April 2025 18:32,N/A,18:32,Yielding (Soft In Places),1m 4f 100y,Crooked Path (IRE),J M Sheridan,0,D Hogan,4th,1 1/4 l,3,9-8,-,True,170,48
Tipperary Racing Results | 24th April 2025 18:32,N/A,18:32,Yielding (Soft In Places),1m 4f 100y,Keyboard (IRE),D P McDonogh,0,J S Bolger,3rd,1 1/4 l,3,9-8,-,True,170,48
Tipperary Racing Results | 24th April 2025 18:32,N/A,18:32,Yielding (Soft In Places),1m 4f 100y,Treasure Planet (IRE),G M Ryan,0,Donnacha O'Brien,2nd,1 l,3,9-8,-,True,170,48
Tipperary Racing Results | 24th April 2025 18:32,N/A,18:32,Yielding (Soft In Places),1m 4f 100y,Combs (IRE),C D Hayes,0,G Elliott,1st,N/A,3,9-8,-,True,170,48
Tipperary Racing Results | 24th April 2025 19:02,N/A,19:02,Yielding (Soft In Places),1m 4f 100y,Solar Drive (IRE),M W Hassett,5,P W Flynn,NR,N/A,4,8-7,68,True,170,49
Tipperary Racing Results | 24th April 2025 19:02,N/A,19:02,Yielding (Soft In Places),1m 4f 100y,Solomon,Nicola Burns,7,D Hogan,15th,3 l,4,9-12tp1,88,True,170,49
Tipperary Racing Results | 24th April 2025 19:02,N/A,19:02,Yielding (Soft In Places),1m 4f 100y,Ard Na Mara (IRE),D P McDonogh,0,J S Bolger,14th,5 1/2 l,4,8-11t,73,True,170,49
Tipperary Racing Results | 24th April 2025 19:02,N/A,19:02,Yielding (Soft In Places),1m 4f 100y,Acotango (IRE),D S O'Sullivan,7,Gerard O'Leary,13th,2 1/4 l,5,9-4,80,True,170,49
Tipperary Racing Results | 24th April 2025 19:02,N/A,19:02,Yielding (Soft In Places),1m 4f 100y,Ceallach (IRE),R P Whelan,0,D Marnane,12th,14 l,6,9-9t,85,True,170,49
Tipperary Racing Results | 24th April 2025 19:02,N/A,19:02,Yielding (Soft In Places),1m 4f 100y,Catena Zapata (IRE),C Cusack,10,H De Bromhead,11th,1 l,7,9-3t,79,True,170,49
Tipperary Racing Results | 24th April 2025 19:02,N/A,19:02,Yielding (Soft In Places),1m 4f 100y,Sir Callisto (IRE),J A Heffernan,0,A J Martin,10th,Neck,5,9-1t,77,True,170,49
Tipperary Racing Results | 24th April 2025 19:02,N/A,19:02,Yielding (Soft In Places),1m 4f 100y,The Names Jock (IRE),J Kearney,5,John E & Kiely,9th,2 3/4 l,9,9-3,79,True,170,49
Tipperary Racing Results | 24th April 2025 19:02,N/A,19:02,Yielding (Soft In Places),1m 4f 100y,Cloud Seeker,A J Slattery,0,A Slattery,8th,1 1/2 l,4,9-9,85,True,170,49
Tipperary Racing Results | 24th April 2025 19:02,N/A,19:02,Yielding (Soft In Places),1m 4f 100y,O'Reilly (FR),W J Lee,0,Peter Fahey,7th,3/4 l,7,10-1,91,True,170,49
Tipperary Racing Results | 24th April 2025 19:02,N/A,19:02,Yielding (Soft In Places),1m 4f 100y,Calzaghi (IRE),C D Hayes,0,Kevin Coleman,6th,1 1/4 l,5,8-10,72,True,170,49
Tipperary Racing Results | 24th April 2025 19:02,N/A,19:02,Yielding (Soft In Places),1m 4f 100y,Mo Ghille Mar (IRE),S Foley,0,Mrs J Harrington,5th,Neck,4,9-11p,87,True,170,49
Tipperary Racing Results | 24th April 2025 19:02,N/A,19:02,Yielding (Soft In Places),1m 4f 100y,Robbies Rock,G F Carroll,0,G P Cromwell,4th,Nose,4,9-1t,77,True,170,49
Tipperary Racing Results | 24th April 2025 19:02,N/A,19:02,Yielding (Soft In Places),1m 4f 100y,The Banger Doyle (IRE),C T Keane,0,J Queally,3rd,3 l,9,9-2,78,True,170,49
Tipperary Racing Results | 24th April 2025 19:02,N/A,19:02,Yielding (Soft In Places),1m 4f 100y,Rock Of Ireland (IRE),L T McAteer,0,Alan McIntyre,2nd,3 1/4 l,4,9-2,78,True,170,49
Tipperary Racing Results | 24th April 2025 19:02,N/A,19:02,Yielding (Soft In Places),1m 4f 100y,Cheeky Wink (IRE),B M Coen,0,J P Murtagh,1st,N/A,4,9-9p,85,True,170,49
Tipperary Racing Results | 24th April 2025 19:02,N/A,19:02,Yielding (Soft In Places),1m 4f 100y,Solar Drive (IRE),M W Hassett,5,P W Flynn,NR,N/A,4,8-7,68,True,170,49
Tipperary Racing Results | 24th April 2025 19:02,N/A,19:02,Yielding (Soft In Places),1m 4f 100y,Solomon,Nicola Burns,7,D Hogan,15th,3 l,4,9-12tp1,88,True,170,49
Tipperary Racing Results | 24th April 2025 19:02,N/A,19:02,Yielding (Soft In Places),1m 4f 100y,Ard Na Mara (IRE),D P McDonogh,0,J S Bolger,14th,5 1/2 l,4,8-11t,73,True,170,49
Tipperary Racing Results | 24th April 2025 19:02,N/A,19:02,Yielding (Soft In Places),1m 4f 100y,Acotango (IRE),D S O'Sullivan,7,Gerard O'Leary,13th,2 1/4 l,5,9-4,80,True,170,49
Tipperary Racing Results | 24th April 2025 19:02,N/A,19:02,Yielding (Soft In Places),1m 4f 100y,Ceallach (IRE),R P Whelan,0,D Marnane,12th,14 l,6,9-9t,85,True,170,49
Tipperary Racing Results | 24th April 2025 19:02,N/A,19:02,Yielding (Soft In Places),1m 4f 100y,Catena Zapata (IRE),C Cusack,10,H De Bromhead,11th,1 l,7,9-3t,79,True,170,49
Tipperary Racing Results | 24th April 2025 19:02,N/A,19:02,Yielding (Soft In Places),1m 4f 100y,Sir Callisto (IRE),J A Heffernan,0,A J Martin,10th,Neck,5,9-1t,77,True,170,49
Tipperary Racing Results | 24th April 2025 19:02,N/A,19:02,Yielding (Soft In Places),1m 4f 100y,The Names Jock (IRE),J Kearney,5,John E & Kiely,9th,2 3/4 l,9,9-3,79,True,170,49
Tipperary Racing Results | 24th April 2025 19:02,N/A,19:02,Yielding (Soft In Places),1m 4f 100y,Cloud Seeker,A J Slattery,0,A Slattery,8th,1 1/2 l,4,9-9,85,True,170,49
Tipperary Racing Results | 24th April 2025 19:02,N/A,19:02,Yielding (Soft In Places),1m 4f 100y,O'Reilly (FR),W J Lee,0,Peter Fahey,7th,3/4 l,7,10-1,91,True,170,49
Tipperary Racing Results | 24th April 2025 19:02,N/A,19:02,Yielding (Soft In Places),1m 4f 100y,Calzaghi (IRE),C D Hayes,0,Kevin Coleman,6th,1 1/4 l,5,8-10,72,True,170,49
Tipperary Racing Results | 24th April 2025 19:02,N/A,19:02,Yielding (Soft In Places),1m 4f 100y,Mo Ghille Mar (IRE),S Foley,0,Mrs J Harrington,5th,Neck,4,9-11p,87,True,170,49
Tipperary Racing Results | 24th April 2025 19:02,N/A,19:02,Yielding (Soft In Places),1m 4f 100y,Robbies Rock,G F Carroll,0,G P Cromwell,4th,Nose,4,9-1t,77,True,170,49
Tipperary Racing Results | 24th April 2025 19:02,N/A,19:02,Yielding (Soft In Places),1m 4f 100y,The Banger Doyle (IRE),C T Keane,0,J Queally,3rd,3 l,9,9-2,78,True,170,49
Tipperary Racing Results | 24th April 2025 19:02,N/A,19:02,Yielding (Soft In Places),1m 4f 100y,Rock Of Ireland (IRE),L T McAteer,0,Alan McIntyre,2nd,3 1/4 l,4,9-2,78,True,170,49
Tipperary Racing Results | 24th April 2025 19:02,N/A,19:02,Yielding (Soft In Places),1m 4f 100y,Cheeky Wink (IRE),B M Coen,0,J P Murtagh,1st,N/A,4,9-9p,85,True,170,49
Kilbeggan Racing Results | 24th April 2025 16:05,N/A,16:05,Good (Good To Yielding In Places),1m 7f 110y,Pension Plan (IRE),D J Gilligan,0,P W Flynn,14th,15 l,5,11-12,-,True,170,50
Kilbeggan Racing Results | 24th April 2025 16:05,N/A,16:05,Good (Good To Yielding In Places),1m 7f 110y,San Franco (IRE),P J O'Hanlon,0,D A McLoughlin,13th,21 l,5,11-12,-,True,170,50
Kilbeggan Racing Results | 24th April 2025 16:05,N/A,16:05,Good (Good To Yielding In Places),1m 7f 110y,Kome Dans Un Reve (FR),Niall Moore,5,P Fenton,12th,1 3/4 l,5,11-12,-,True,170,50
Kilbeggan Racing Results | 24th April 2025 16:05,N/A,16:05,Good (Good To Yielding In Places),1m 7f 110y,Lady's Choice (IRE),P Hanlon,7,J J Hanlon,11th,3 l,4,10-11,-,True,170,50
Kilbeggan Racing Results | 24th April 2025 16:05,N/A,16:05,Good (Good To Yielding In Places),1m 7f 110y,Lady Bee Great (IRE),T P Harney,7,R O'Sullivan,10th,6 1/2 l,6,11-5,-,True,170,50
Kilbeggan Racing Results | 24th April 2025 16:05,N/A,16:05,Good (Good To Yielding In Places),1m 7f 110y,Half Past Tipsy (IRE),K M Donoghue,0,G P Cromwell,9th,1 1/4 l,6,11-5h,109,True,170,50
Kilbeggan Racing Results | 24th April 2025 16:05,N/A,16:05,Good (Good To Yielding In Places),1m 7f 110y,Jumble Light (FR),P T Enright,0,M M McNiff,8th,1 l,6,11-12,-,True,170,50
Kilbeggan Racing Results | 24th April 2025 16:05,N/A,16:05,Good (Good To Yielding In Places),1m 7f 110y,Charlie's Gift (IRE),E Walsh,0,J M Burke,7th,1/2 l,5,11-12p,-,True,170,50
Kilbeggan Racing Results | 24th April 2025 16:05,N/A,16:05,Good (Good To Yielding In Places),1m 7f 110y,Following Orders (IRE),T Power Roche,5,P J Rothwell,6th,1 1/4 l,5,11-12,-,True,170,50
Kilbeggan Racing Results | 24th April 2025 16:05,N/A,16:05,Good (Good To Yielding In Places),1m 7f 110y,Music Of Life (IRE),Mr H C Swan,0,E J O'Grady,5th,1 1/2 l,5,11-5,-,True,170,50
Kilbeggan Racing Results | 24th April 2025 16:05,N/A,16:05,Good (Good To Yielding In Places),1m 7f 110y,Jessie's Dreamgirl (IRE),D A Kidd,7,J C McConnell,4th,2 1/2 l,6,11-5,-,True,170,50
Kilbeggan Racing Results | 24th April 2025 16:05,N/A,16:05,Good (Good To Yielding In Places),1m 7f 110y,Eyeeye,J G Gilligan,5,P J Gilligan,3rd,2 1/2 l,5,11-12,-,True,170,50
Kilbeggan Racing Results | 24th April 2025 16:05,N/A,16:05,Good (Good To Yielding In Places),1m 7f 110y,Walk On Annilog (IRE),O R Brown,5,R Dunne,2nd,3 1/4 l,6,11-5h1,-,True,170,50
Kilbeggan Racing Results | 24th April 2025 16:05,N/A,16:05,Good (Good To Yielding In Places),1m 7f 110y,Allo Al Khawaneej,P Byrnes,0,C Byrnes,1st,N/A,5,11-12,-,True,170,50
Kilbeggan Racing Results | 24th April 2025 16:05,N/A,16:05,Good (Good To Yielding In Places),1m 7f 110y,Pension Plan (IRE),D J Gilligan,0,P W Flynn,14th,15 l,5,11-12,-,True,170,50
Kilbeggan Racing Results | 24th April 2025 16:05,N/A,16:05,Good (Good To Yielding In Places),1m 7f 110y,San Franco (IRE),P J O'Hanlon,0,D A McLoughlin,13th,21 l,5,11-12,-,True,170,50
Kilbeggan Racing Results | 24th April 2025 16:05,N/A,16:05,Good (Good To Yielding In Places),1m 7f 110y,Kome Dans Un Reve (FR),Niall Moore,5,P Fenton,12th,1 3/4 l,5,11-12,-,True,170,50
Kilbeggan Racing Results | 24th April 2025 16:05,N/A,16:05,Good (Good To Yielding In Places),1m 7f 110y,Lady's Choice (IRE),P Hanlon,7,J J Hanlon,11th,3 l,4,10-11,-,True,170,50
Kilbeggan Racing Results | 24th April 2025 16:05,N/A,16:05,Good (Good To Yielding In Places),1m 7f 110y,Lady Bee Great (IRE),T P Harney,7,R O'Sullivan,10th,6 1/2 l,6,11-5,-,True,170,50
Kilbeggan Racing Results | 24th April 2025 16:05,N/A,16:05,Good (Good To Yielding In Places),1m 7f 110y,Half Past Tipsy (IRE),K M Donoghue,0,G P Cromwell,9th,1 1/4 l,6,11-5h,109,True,170,50
Kilbeggan Racing Results | 24th April 2025 16:05,N/A,16:05,Good (Good To Yielding In Places),1m 7f 110y,Jumble Light (FR),P T Enright,0,M M McNiff,8th,1 l,6,11-12,-,True,170,50
Kilbeggan Racing Results | 24th April 2025 16:05,N/A,16:05,Good (Good To Yielding In Places),1m 7f 110y,Charlie's Gift (IRE),E Walsh,0,J M Burke,7th,1/2 l,5,11-12p,-,True,170,50
Kilbeggan Racing Results | 24th April 2025 16:05,N/A,16:05,Good (Good To Yielding In Places),1m 7f 110y,Following Orders (IRE),T Power Roche,5,P J Rothwell,6th,1 1/4 l,5,11-12,-,True,170,50
Kilbeggan Racing Results | 24th April 2025 16:05,N/A,16:05,Good (Good To Yielding In Places),1m 7f 110y,Music Of Life (IRE),Mr H C Swan,0,E J O'Grady,5th,1 1/2 l,5,11-5,-,True,170,50
Kilbeggan Racing Results | 24th April 2025 16:05,N/A,16:05,Good (Good To Yielding In Places),1m 7f 110y,Jessie's Dreamgirl (IRE),D A Kidd,7,J C McConnell,4th,2 1/2 l,6,11-5,-,True,170,50
Kilbeggan Racing Results | 24th April 2025 16:05,N/A,16:05,Good (Good To Yielding In Places),1m 7f 110y,Eyeeye,J G Gilligan,5,P J Gilligan,3rd,2 1/2 l,5,11-12,-,True,170,50
Kilbeggan Racing Results | 24th April 2025 16:05,N/A,16:05,Good (Good To Yielding In Places),1m 7f 110y,Walk On Annilog (IRE),O R Brown,5,R Dunne,2nd,3 1/4 l,6,11-5h1,-,True,170,50
Kilbeggan Racing Results | 24th April 2025 16:05,N/A,16:05,Good (Good To Yielding In Places),1m 7f 110y,Allo Al Khawaneej,P Byrnes,0,C Byrnes,1st,N/A,5,11-12,-,True,170,50
