track_name,race_date,race_time,going,distance,horse_name,jockey,claims,trainer,race_position,lost_by_length,age,weight,rating,first_place_found,batch_number,url_index_in_batch
N/A,N/A,14:33,Soft (Yielding To Soft In Places),3m,Dylrow (IRE),Miss A. L. Fitzgibbon,7,David Christie,8th,13 l,12,12-0tp1,-,True,36,1
N/A,N/A,14:33,Soft (Yielding To Soft In Places),3m,The Storyteller (IRE),Mr J. J. Codd,0,Gordon Elliott,7th,2 1/2 l,11,12-0,-,True,36,1
N/A,N/A,14:33,Soft (Yielding To Soft In Places),3m,Down The Highway (IRE),Mr T. J. Love,7,Ciaran Murphy,6th,3 1/2 l,9,12-0b,-,True,36,1
N/A,N/A,14:33,Soft (Yielding To Soft In Places),3m,Samurai Cracker (IRE),Mr N. McParlan,0,Mrs Caroline McCaldin,5th,6 l,9,12-0t,-,True,36,1
N/A,N/A,14:33,Soft (Yielding To Soft In Places),3m,Snow Falcon (IRE),Mr Pat Taaffe,7,Noel Meade,4th,7 1/2 l,12,12-0,-,True,36,1
N/A,N/A,14:33,Soft (Yielding To Soft In Places),3m,Coastal Tiep (FR),Mr S. Connor,7,Stuart Crawford,3rd,7 l,10,12-0t,-,True,36,1
N/A,N/A,14:33,Soft (Yielding To Soft In Places),3m,Dorking Cock (IRE),Mr B. G. Crawford,7,Stuart Crawford,2nd,Neck,8,12-0t,-,True,36,1
N/A,N/A,14:33,Soft (Yielding To Soft In Places),3m,Vaucelet (FR),Mr B. O'Neill,0,David Christie,1st,N/A,7,12-0,-,True,36,1
N/A,N/A,14:33,Soft (Yielding To Soft In Places),3m,Dylrow (IRE),Miss A. L. Fitzgibbon,7,David Christie,8th,13 l,12,12-0tp1,-,True,36,1
N/A,N/A,14:33,Soft (Yielding To Soft In Places),3m,The Storyteller (IRE),Mr J. J. Codd,0,Gordon Elliott,7th,2 1/2 l,11,12-0,-,True,36,1
N/A,N/A,14:33,Soft (Yielding To Soft In Places),3m,Down The Highway (IRE),Mr T. J. Love,7,Ciaran Murphy,6th,3 1/2 l,9,12-0b,-,True,36,1
N/A,N/A,14:33,Soft (Yielding To Soft In Places),3m,Samurai Cracker (IRE),Mr N. McParlan,0,Mrs Caroline McCaldin,5th,6 l,9,12-0t,-,True,36,1
N/A,N/A,14:33,Soft (Yielding To Soft In Places),3m,Snow Falcon (IRE),Mr Pat Taaffe,7,Noel Meade,4th,7 1/2 l,12,12-0,-,True,36,1
N/A,N/A,14:33,Soft (Yielding To Soft In Places),3m,Coastal Tiep (FR),Mr S. Connor,7,Stuart Crawford,3rd,7 l,10,12-0t,-,True,36,1
N/A,N/A,14:33,Soft (Yielding To Soft In Places),3m,Dorking Cock (IRE),Mr B. G. Crawford,7,Stuart Crawford,2nd,Neck,8,12-0t,-,True,36,1
N/A,N/A,14:33,Soft (Yielding To Soft In Places),3m,Vaucelet (FR),Mr B. O'Neill,0,David Christie,1st,N/A,7,12-0,-,True,36,1
N/A,N/A,15:08,Soft (Yielding To Soft In Places)  Flat (Turf),2m 1f,Always Handy (IRE),Mr B. T. Stone,7,Brian Jordan,NR,N/A,4,12-0,-,True,36,2
N/A,N/A,15:08,Soft (Yielding To Soft In Places)  Flat (Turf),2m 1f,Johnny M (IRE),Mr L. D. Andrews,7,John McConnell,11th,99 l,4,12-0,-,True,36,2
N/A,N/A,15:08,Soft (Yielding To Soft In Places)  Flat (Turf),2m 1f,Tiz All Hush Hush (IRE),Mr B. O'Neill,0,R. K. Watson,10th,51 l,4,12-0,-,True,36,2
N/A,N/A,15:08,Soft (Yielding To Soft In Places)  Flat (Turf),2m 1f,Kalsman (IRE),Mr J. Kelly Smith,7,Liam Lennon,9th,3 1/2 l,4,12-0,-,True,36,2
N/A,N/A,15:08,Soft (Yielding To Soft In Places)  Flat (Turf),2m 1f,Ounce Of Gold (IRE),Mr D. G. Lavery,0,Patrick Eugene Turley,8th,2 1/2 l,5,12-0,-,True,36,2
N/A,N/A,15:08,Soft (Yielding To Soft In Places)  Flat (Turf),2m 1f,The Bridge House (IRE),Shane Fenelon,7,John Joseph Hanlon,7th,47 l,4,12-0,-,True,36,2
N/A,N/A,15:08,Soft (Yielding To Soft In Places)  Flat (Turf),2m 1f,Make No Plans (IRE),C. Smithers,7,Liam G. O'Brien,6th,3 1/2 l,4,12-0,-,True,36,2
N/A,N/A,15:08,Soft (Yielding To Soft In Places)  Flat (Turf),2m 1f,Boldog (FR),Mr B. G. Crawford,7,Stuart Crawford,5th,47 l,4,12-0h1,-,True,36,2
N/A,N/A,15:08,Soft (Yielding To Soft In Places)  Flat (Turf),2m 1f,Attaboyarchie (IRE),Miss E. J. Sweeney,7,Dermot Anthony McLoughlin,4th,8 l,5,12-0,-,True,36,2
N/A,N/A,15:08,Soft (Yielding To Soft In Places)  Flat (Turf),2m 1f,Faulty,Mr Pat Taaffe,7,Noel Meade,3rd,3 l,5,12-0,-,True,36,2
N/A,N/A,15:08,Soft (Yielding To Soft In Places)  Flat (Turf),2m 1f,Littlefoot (IRE),L. A. McKenna,7,Mark Molloy,2nd,Nose,4,12-0,-,True,36,2
N/A,N/A,15:08,Soft (Yielding To Soft In Places)  Flat (Turf),2m 1f,Lucky Lyreen (IRE),Mr J. J. Codd,0,Gordon Elliott,1st,N/A,4,12-0,-,True,36,2
N/A,N/A,15:08,Soft (Yielding To Soft In Places)  Flat (Turf),2m 1f,Always Handy (IRE),Mr B. T. Stone,7,Brian Jordan,NR,N/A,4,12-0,-,True,36,2
N/A,N/A,15:08,Soft (Yielding To Soft In Places)  Flat (Turf),2m 1f,Johnny M (IRE),Mr L. D. Andrews,7,John McConnell,11th,99 l,4,12-0,-,True,36,2
N/A,N/A,15:08,Soft (Yielding To Soft In Places)  Flat (Turf),2m 1f,Tiz All Hush Hush (IRE),Mr B. O'Neill,0,R. K. Watson,10th,51 l,4,12-0,-,True,36,2
N/A,N/A,15:08,Soft (Yielding To Soft In Places)  Flat (Turf),2m 1f,Kalsman (IRE),Mr J. Kelly Smith,7,Liam Lennon,9th,3 1/2 l,4,12-0,-,True,36,2
N/A,N/A,15:08,Soft (Yielding To Soft In Places)  Flat (Turf),2m 1f,Ounce Of Gold (IRE),Mr D. G. Lavery,0,Patrick Eugene Turley,8th,2 1/2 l,5,12-0,-,True,36,2
N/A,N/A,15:08,Soft (Yielding To Soft In Places)  Flat (Turf),2m 1f,The Bridge House (IRE),Shane Fenelon,7,John Joseph Hanlon,7th,47 l,4,12-0,-,True,36,2
N/A,N/A,15:08,Soft (Yielding To Soft In Places)  Flat (Turf),2m 1f,Make No Plans (IRE),C. Smithers,7,Liam G. O'Brien,6th,3 1/2 l,4,12-0,-,True,36,2
N/A,N/A,15:08,Soft (Yielding To Soft In Places)  Flat (Turf),2m 1f,Boldog (FR),Mr B. G. Crawford,7,Stuart Crawford,5th,47 l,4,12-0h1,-,True,36,2
N/A,N/A,15:08,Soft (Yielding To Soft In Places)  Flat (Turf),2m 1f,Attaboyarchie (IRE),Miss E. J. Sweeney,7,Dermot Anthony McLoughlin,4th,8 l,5,12-0,-,True,36,2
N/A,N/A,15:08,Soft (Yielding To Soft In Places)  Flat (Turf),2m 1f,Faulty,Mr Pat Taaffe,7,Noel Meade,3rd,3 l,5,12-0,-,True,36,2
N/A,N/A,15:08,Soft (Yielding To Soft In Places)  Flat (Turf),2m 1f,Littlefoot (IRE),L. A. McKenna,7,Mark Molloy,2nd,Nose,4,12-0,-,True,36,2
N/A,N/A,15:08,Soft (Yielding To Soft In Places)  Flat (Turf),2m 1f,Lucky Lyreen (IRE),Mr J. J. Codd,0,Gordon Elliott,1st,N/A,4,12-0,-,True,36,2
N/A,N/A,12:00,Soft,2m,Importateur (FR),I. J. Power,0,A. McIntyre,27th,19 l,4,11-7,-,True,36,3
N/A,N/A,12:00,Soft,2m,On My Bike (IRE),Keith Donoghue,0,Gavin Patrick Cromwell,26th,23 l,4,11-7,-,True,36,3
N/A,N/A,12:00,Soft,2m,Natural Ability (IRE),Peter Carberry,0,A. J. Martin,25th,4 1/4 l,4,11-7,-,True,36,3
N/A,N/A,12:00,Soft,2m,Jump The Shark (IRE),L. P. Dempsey,0,Gavin Patrick Cromwell,24th,4 1/2 l,4,11-7,-,True,36,3
N/A,N/A,12:00,Soft,2m,Final Fantasy,Thomas Reilly,7,T. G. McCourt,23rd,5 l,4,11-0t,-,True,36,3
N/A,N/A,12:00,Soft,2m,Inveterate (IRE),C. M. Quirke,7,Miss Tara Lee Cogan,22nd,10 l,4,11-0,-,True,36,3
N/A,N/A,12:00,Soft,2m,Master Breffni (IRE),Peter Carberry,7,J. T. R. Dreaper,21st,Short Head,4,11-7,-,True,36,3
N/A,N/A,12:00,Soft,2m,The Big Cloud (IRE),E. O'Connell,5,Shane Crawley,20th,1/2 l,4,11-0,-,True,36,3
N/A,N/A,12:00,Soft,2m,Bears Hug (IRE),A. M. King,7,Adrian Sexton,19th,1 1/4 l,4,11-7,-,True,36,3
N/A,N/A,12:00,Soft,2m,Battle It Out (IRE),C. G. O'Dwyer,7,Conor O'Dwyer,18th,5 l,4,11-7,-,True,36,3
N/A,N/A,12:00,Soft,2m,After the Roar (IRE),S. D. Torrens,0,Emmet Mullins,17th,5 1/2 l,4,11-7,-,True,36,3
N/A,N/A,12:00,Soft,2m,Aurora Princess (IRE),Donagh Meyler,0,Emmet Mullins,16th,1 1/2 l,4,11-0,-,True,36,3
N/A,N/A,12:00,Soft,2m,Privilege,Mr J. C. Barry,3,Peter Fahey,15th,22 l,4,11-7,-,True,36,3
N/A,N/A,12:00,Soft,2m,Foxfire Glow (FR),M. P. Walsh,0,Gordon Elliott,14th,1/2 l,4,11-7,-,True,36,3
N/A,N/A,12:00,Soft,2m,Stuzzikini (IRE),N. R. Andrews,7,Gordon Elliott,13th,2 l,4,11-7,-,True,36,3
N/A,N/A,12:00,Soft,2m,Chiefs Kingdom (IRE),Daryl Jacob,0,Paul Nolan,12th,4 3/4 l,4,11-7,-,True,36,3
N/A,N/A,12:00,Soft,2m,Gentleman Joe,M. J. M. O'Sullivan,5,Henry de Bromhead,11th,2 1/2 l,4,11-7t1,-,True,36,3
N/A,N/A,12:00,Soft,2m,True Artist (IRE),Cian Cullinan,7,G. O'Leary,10th,4 1/2 l,4,11-7,-,True,36,3
N/A,N/A,12:00,Soft,2m,Star Harbour (IRE),S. Fitzgerald,3,Adrian McGuinness,9th,2 1/2 l,4,11-7,-,True,36,3
N/A,N/A,12:00,Soft,2m,Make The Plan (IRE),J. I. Duggan,7,Oliver McKiernan,8th,1 3/4 l,4,11-7,-,True,36,3
N/A,N/A,12:00,Soft,2m,Slanagaibhgoleir (IRE),Denis O'Regan,0,Gordon Elliott,7th,2 1/4 l,4,11-7,-,True,36,3
N/A,N/A,12:00,Soft,2m,Diverge,D. E. Mullins,0,W. P. Mullins,6th,1/2 l,4,11-7,-,True,36,3
N/A,N/A,12:00,Soft,2m,Bowmore (IRE),D. J. O'Keeffe,0,Henry de Bromhead,5th,12 l,4,11-7,-,True,36,3
N/A,N/A,12:00,Soft,2m,Sign From Above (IRE),E. A. Fitzgerald,7,Peter Fahey,4th,1 3/4 l,4,11-7,-,True,36,3
N/A,N/A,12:00,Soft,2m,Parmenion,P. Townend,0,W. P. Mullins,3rd,1 1/4 l,4,11-7,-,True,36,3
N/A,N/A,12:00,Soft,2m,Jetara (IRE),J. W. Kennedy,0,Mrs J. Harrington,2nd,4 1/4 l,4,11-0,-,True,36,3
N/A,N/A,12:00,Soft,2m,High Definition (IRE),J. J. Slevin,0,Joseph Patrick O'Brien,1st,N/A,4,11-7,-,True,36,3
N/A,N/A,12:00,Soft,2m,Importateur (FR),I. J. Power,0,A. McIntyre,27th,19 l,4,11-7,-,True,36,3
N/A,N/A,12:00,Soft,2m,On My Bike (IRE),Keith Donoghue,0,Gavin Patrick Cromwell,26th,23 l,4,11-7,-,True,36,3
N/A,N/A,12:00,Soft,2m,Natural Ability (IRE),Peter Carberry,0,A. J. Martin,25th,4 1/4 l,4,11-7,-,True,36,3
N/A,N/A,12:00,Soft,2m,Jump The Shark (IRE),L. P. Dempsey,0,Gavin Patrick Cromwell,24th,4 1/2 l,4,11-7,-,True,36,3
N/A,N/A,12:00,Soft,2m,Final Fantasy,Thomas Reilly,7,T. G. McCourt,23rd,5 l,4,11-0t,-,True,36,3
N/A,N/A,12:00,Soft,2m,Inveterate (IRE),C. M. Quirke,7,Miss Tara Lee Cogan,22nd,10 l,4,11-0,-,True,36,3
N/A,N/A,12:00,Soft,2m,Master Breffni (IRE),Peter Carberry,7,J. T. R. Dreaper,21st,Short Head,4,11-7,-,True,36,3
N/A,N/A,12:00,Soft,2m,The Big Cloud (IRE),E. O'Connell,5,Shane Crawley,20th,1/2 l,4,11-0,-,True,36,3
N/A,N/A,12:00,Soft,2m,Bears Hug (IRE),A. M. King,7,Adrian Sexton,19th,1 1/4 l,4,11-7,-,True,36,3
N/A,N/A,12:00,Soft,2m,Battle It Out (IRE),C. G. O'Dwyer,7,Conor O'Dwyer,18th,5 l,4,11-7,-,True,36,3
N/A,N/A,12:00,Soft,2m,After the Roar (IRE),S. D. Torrens,0,Emmet Mullins,17th,5 1/2 l,4,11-7,-,True,36,3
N/A,N/A,12:00,Soft,2m,Aurora Princess (IRE),Donagh Meyler,0,Emmet Mullins,16th,1 1/2 l,4,11-0,-,True,36,3
N/A,N/A,12:00,Soft,2m,Privilege,Mr J. C. Barry,3,Peter Fahey,15th,22 l,4,11-7,-,True,36,3
N/A,N/A,12:00,Soft,2m,Foxfire Glow (FR),M. P. Walsh,0,Gordon Elliott,14th,1/2 l,4,11-7,-,True,36,3
N/A,N/A,12:00,Soft,2m,Stuzzikini (IRE),N. R. Andrews,7,Gordon Elliott,13th,2 l,4,11-7,-,True,36,3
N/A,N/A,12:00,Soft,2m,Chiefs Kingdom (IRE),Daryl Jacob,0,Paul Nolan,12th,4 3/4 l,4,11-7,-,True,36,3
N/A,N/A,12:00,Soft,2m,Gentleman Joe,M. J. M. O'Sullivan,5,Henry de Bromhead,11th,2 1/2 l,4,11-7t1,-,True,36,3
N/A,N/A,12:00,Soft,2m,True Artist (IRE),Cian Cullinan,7,G. O'Leary,10th,4 1/2 l,4,11-7,-,True,36,3
N/A,N/A,12:00,Soft,2m,Star Harbour (IRE),S. Fitzgerald,3,Adrian McGuinness,9th,2 1/2 l,4,11-7,-,True,36,3
N/A,N/A,12:00,Soft,2m,Make The Plan (IRE),J. I. Duggan,7,Oliver McKiernan,8th,1 3/4 l,4,11-7,-,True,36,3
N/A,N/A,12:00,Soft,2m,Slanagaibhgoleir (IRE),Denis O'Regan,0,Gordon Elliott,7th,2 1/4 l,4,11-7,-,True,36,3
N/A,N/A,12:00,Soft,2m,Diverge,D. E. Mullins,0,W. P. Mullins,6th,1/2 l,4,11-7,-,True,36,3
N/A,N/A,12:00,Soft,2m,Bowmore (IRE),D. J. O'Keeffe,0,Henry de Bromhead,5th,12 l,4,11-7,-,True,36,3
N/A,N/A,12:00,Soft,2m,Sign From Above (IRE),E. A. Fitzgerald,7,Peter Fahey,4th,1 3/4 l,4,11-7,-,True,36,3
N/A,N/A,12:00,Soft,2m,Parmenion,P. Townend,0,W. P. Mullins,3rd,1 1/4 l,4,11-7,-,True,36,3
N/A,N/A,12:00,Soft,2m,Jetara (IRE),J. W. Kennedy,0,Mrs J. Harrington,2nd,4 1/4 l,4,11-0,-,True,36,3
N/A,N/A,12:00,Soft,2m,High Definition (IRE),J. J. Slevin,0,Joseph Patrick O'Brien,1st,N/A,4,11-7,-,True,36,3
N/A,N/A,12:35,Soft,2m,Takeachancejimmy (IRE),L. P. Dempsey,0,Nigel Slevin,21st,34 l,8,11-12,-,True,36,4
N/A,N/A,12:35,Soft,2m,Victory Star,S. D. Torrens,0,John Joseph Hanlon,20th,18 l,5,11-12,-,True,36,4
N/A,N/A,12:35,Soft,2m,Papa Barns (IRE),Peter Carberry,0,J. T. R. Dreaper,19th,1/2 l,5,11-12,-,True,36,4
N/A,N/A,12:35,Soft,2m,Elsannah (IRE),E. O'Connell,5,Shane Crawley,18th,13 l,5,11-5,-,True,36,4
N/A,N/A,12:35,Soft,2m,Sand Castle (IRE),Eoin G. Kelly,7,Adrian Murray,17th,13 l,6,11-12,-,True,36,4
N/A,N/A,12:35,Soft,2m,Cozone,Jack Foley,0,Matthew J. Smith,16th,4 l,5,11-12,-,True,36,4
N/A,N/A,12:35,Soft,2m,Littletwinklestar (IRE),N. T. Prendergast,7,Maike Magnussen,15th,3 3/4 l,5,11-5h1,-,True,36,4
N/A,N/A,12:35,Soft,2m,Kitsilano (IRE),I. J. Power,0,John Joseph Murphy,14th,6 1/2 l,5,11-12,-,True,36,4
N/A,N/A,12:35,Soft,2m,Magnetic North (IRE),S. Fitzgerald,3,Adrian McGuinness,13th,1/2 l,7,11-12,-,True,36,4
N/A,N/A,12:35,Soft,2m,Anstand (GER),Daryl Jacob,0,Paul Nolan,12th,1/2 l,5,11-12,-,True,36,4
N/A,N/A,12:35,Soft,2m,Skip Mahler (IRE),T. Joseph Kelly,7,Mrs Lorna Fowler,11th,5 l,5,11-12h1,-,True,36,4
N/A,N/A,12:35,Soft,2m,Moulane West (IRE),C. G. O'Dwyer,7,Richard Anthony Foley,10th,13 l,6,11-12,-,True,36,4
N/A,N/A,12:35,Soft,2m,Ringsend John (IRE),Donagh Meyler,0,Thomas Cooper,9th,5 l,6,11-12,-,True,36,4
N/A,N/A,12:35,Soft,2m,Don'tstopthemusic (IRE),J. J. Slevin,0,Martin Brassil,8th,2 1/4 l,5,11-12,-,True,36,4
N/A,N/A,12:35,Soft,2m,Houlanbatordechais (FR),D. E. Mullins,0,W. P. Mullins,7th,3 1/2 l,5,11-12h,-,True,36,4
N/A,N/A,12:35,Soft,2m,Top Speed (IRE),D. J. O'Keeffe,0,Henry de Bromhead,6th,3 1/4 l,5,11-12,-,True,36,4
N/A,N/A,12:35,Soft,2m,Viva Devito (IRE),Keith Donoghue,0,W. P. Mullins,5th,1/2 l,5,11-12h,-,True,36,4
N/A,N/A,12:35,Soft,2m,So Des Flos (FR),Denis O'Regan,0,Gordon Elliott,4th,1 3/4 l,5,11-12,-,True,36,4
N/A,N/A,12:35,Soft,2m,Clonshire River (IRE),M. J. M. O'Sullivan,5,Eddie & Patrick Harty,3rd,13 l,5,11-12,-,True,36,4
N/A,N/A,12:35,Soft,2m,Doctor Bravo (FR),J. W. Kennedy,0,Gordon Elliott,2nd,3 l,5,11-12,-,True,36,4
N/A,N/A,12:35,Soft,2m,Dark Raven (IRE),P. Townend,0,W. P. Mullins,1st,N/A,5,11-12,-,True,36,4
N/A,N/A,12:35,Soft,2m,Takeachancejimmy (IRE),L. P. Dempsey,0,Nigel Slevin,21st,34 l,8,11-12,-,True,36,4
N/A,N/A,12:35,Soft,2m,Victory Star,S. D. Torrens,0,John Joseph Hanlon,20th,18 l,5,11-12,-,True,36,4
N/A,N/A,12:35,Soft,2m,Papa Barns (IRE),Peter Carberry,0,J. T. R. Dreaper,19th,1/2 l,5,11-12,-,True,36,4
N/A,N/A,12:35,Soft,2m,Elsannah (IRE),E. O'Connell,5,Shane Crawley,18th,13 l,5,11-5,-,True,36,4
N/A,N/A,12:35,Soft,2m,Sand Castle (IRE),Eoin G. Kelly,7,Adrian Murray,17th,13 l,6,11-12,-,True,36,4
N/A,N/A,12:35,Soft,2m,Cozone,Jack Foley,0,Matthew J. Smith,16th,4 l,5,11-12,-,True,36,4
N/A,N/A,12:35,Soft,2m,Littletwinklestar (IRE),N. T. Prendergast,7,Maike Magnussen,15th,3 3/4 l,5,11-5h1,-,True,36,4
N/A,N/A,12:35,Soft,2m,Kitsilano (IRE),I. J. Power,0,John Joseph Murphy,14th,6 1/2 l,5,11-12,-,True,36,4
N/A,N/A,12:35,Soft,2m,Magnetic North (IRE),S. Fitzgerald,3,Adrian McGuinness,13th,1/2 l,7,11-12,-,True,36,4
N/A,N/A,12:35,Soft,2m,Anstand (GER),Daryl Jacob,0,Paul Nolan,12th,1/2 l,5,11-12,-,True,36,4
N/A,N/A,12:35,Soft,2m,Skip Mahler (IRE),T. Joseph Kelly,7,Mrs Lorna Fowler,11th,5 l,5,11-12h1,-,True,36,4
N/A,N/A,12:35,Soft,2m,Moulane West (IRE),C. G. O'Dwyer,7,Richard Anthony Foley,10th,13 l,6,11-12,-,True,36,4
N/A,N/A,12:35,Soft,2m,Ringsend John (IRE),Donagh Meyler,0,Thomas Cooper,9th,5 l,6,11-12,-,True,36,4
N/A,N/A,12:35,Soft,2m,Don'tstopthemusic (IRE),J. J. Slevin,0,Martin Brassil,8th,2 1/4 l,5,11-12,-,True,36,4
N/A,N/A,12:35,Soft,2m,Houlanbatordechais (FR),D. E. Mullins,0,W. P. Mullins,7th,3 1/2 l,5,11-12h,-,True,36,4
N/A,N/A,12:35,Soft,2m,Top Speed (IRE),D. J. O'Keeffe,0,Henry de Bromhead,6th,3 1/4 l,5,11-12,-,True,36,4
N/A,N/A,12:35,Soft,2m,Viva Devito (IRE),Keith Donoghue,0,W. P. Mullins,5th,1/2 l,5,11-12h,-,True,36,4
N/A,N/A,12:35,Soft,2m,So Des Flos (FR),Denis O'Regan,0,Gordon Elliott,4th,1 3/4 l,5,11-12,-,True,36,4
N/A,N/A,12:35,Soft,2m,Clonshire River (IRE),M. J. M. O'Sullivan,5,Eddie & Patrick Harty,3rd,13 l,5,11-12,-,True,36,4
N/A,N/A,12:35,Soft,2m,Doctor Bravo (FR),J. W. Kennedy,0,Gordon Elliott,2nd,3 l,5,11-12,-,True,36,4
N/A,N/A,12:35,Soft,2m,Dark Raven (IRE),P. Townend,0,W. P. Mullins,1st,N/A,5,11-12,-,True,36,4
N/A,N/A,13:10,Soft,2m,Pink Fire Lilly (IRE),J. J. Slevin,0,John F. O'Neill,11th,13 l,3,10-6,-,True,36,5
N/A,N/A,13:10,Soft,2m,Jourdefete (FR),Jack Foley,0,W. P. Mullins,10th,3 1/2 l,3,10-13,-,True,36,5
N/A,N/A,13:10,Soft,2m,Mctigue (IRE),Donagh Meyler,0,Emmet Mullins,9th,15 l,3,11-5,-,True,36,5
N/A,N/A,13:10,Soft,2m,Cougar (JPN),M. P. Walsh,0,Padraig Roche,8th,16 l,3,10-13,-,True,36,5
N/A,N/A,13:10,Soft,2m,Aghaboy (GER),M. J. M. O'Sullivan,0,W. P. Mullins,7th,13 l,3,10-13,-,True,36,5
N/A,N/A,13:10,Soft,2m,War Correspondent (IRE),J. W. Kennedy,0,R. P. Cody,6th,6 l,3,10-13t,-,True,36,5
N/A,N/A,13:10,Soft,2m,Sundial (IRE),S. D. Torrens,0,Padraig Roche,5th,10 l,3,10-13t,-,True,36,5
N/A,N/A,13:10,Soft,2m,Risk Belle (FR),L. P. Dempsey,0,W. P. Mullins,4th,5 1/2 l,3,10-6,-,True,36,5
N/A,N/A,13:10,Soft,2m,Nusret,Daryl Jacob,0,Joseph Patrick O'Brien,3rd,9 l,3,10-13t,-,True,36,5
N/A,N/A,13:10,Soft,2m,Gala Marceau (FR),D. E. Mullins,0,W. P. Mullins,2nd,7 1/2 l,3,10-6,-,True,36,5
N/A,N/A,13:10,Soft,2m,Lossiemouth (FR),P. Townend,0,W. P. Mullins,1st,N/A,3,10-9,-,True,36,5
N/A,N/A,13:10,Soft,2m,Pink Fire Lilly (IRE),J. J. Slevin,0,John F. O'Neill,11th,13 l,3,10-6,-,True,36,5
N/A,N/A,13:10,Soft,2m,Jourdefete (FR),Jack Foley,0,W. P. Mullins,10th,3 1/2 l,3,10-13,-,True,36,5
N/A,N/A,13:10,Soft,2m,Mctigue (IRE),Donagh Meyler,0,Emmet Mullins,9th,15 l,3,11-5,-,True,36,5
N/A,N/A,13:10,Soft,2m,Cougar (JPN),M. P. Walsh,0,Padraig Roche,8th,16 l,3,10-13,-,True,36,5
N/A,N/A,13:10,Soft,2m,Aghaboy (GER),M. J. M. O'Sullivan,0,W. P. Mullins,7th,13 l,3,10-13,-,True,36,5
N/A,N/A,13:10,Soft,2m,War Correspondent (IRE),J. W. Kennedy,0,R. P. Cody,6th,6 l,3,10-13t,-,True,36,5
N/A,N/A,13:10,Soft,2m,Sundial (IRE),S. D. Torrens,0,Padraig Roche,5th,10 l,3,10-13t,-,True,36,5
N/A,N/A,13:10,Soft,2m,Risk Belle (FR),L. P. Dempsey,0,W. P. Mullins,4th,5 1/2 l,3,10-6,-,True,36,5
N/A,N/A,13:10,Soft,2m,Nusret,Daryl Jacob,0,Joseph Patrick O'Brien,3rd,9 l,3,10-13t,-,True,36,5
N/A,N/A,13:10,Soft,2m,Gala Marceau (FR),D. E. Mullins,0,W. P. Mullins,2nd,7 1/2 l,3,10-6,-,True,36,5
N/A,N/A,13:10,Soft,2m,Lossiemouth (FR),P. Townend,0,W. P. Mullins,1st,N/A,3,10-9,-,True,36,5
N/A,N/A,13:45,Soft,2m,Navigator Jack (IRE),Donagh Meyler,0,Eoin Griffin,14th,17 l,5,10-11h,103,True,36,6
N/A,N/A,13:45,Soft,2m,Well Funded (IRE),Jack Foley,0,Eoin Christopher McCarthy,13th,1 1/4 l,6,11-1t,107,True,36,6
N/A,N/A,13:45,Soft,2m,A Million Bucks (IRE),S. Fitzgerald,3,T. Gibney,12th,1 1/4 l,6,11-6t,112,True,36,6
N/A,N/A,13:45,Soft,2m,Contrapposto (JPN),L. P. Dempsey,0,R. Donohoe,11th,11 l,8,10-13,105,True,36,6
N/A,N/A,13:45,Soft,2m,Sovereign Duke (GER),C. G. O'Dwyer,7,John Joseph Hanlon,10th,1 1/2 l,7,10-7,99,True,36,6
N/A,N/A,13:45,Soft,2m,Rock Ya Boy Ya (IRE),Thomas Reilly,7,Francis Casey,9th,6 1/2 l,4,11-3,109,True,36,6
N/A,N/A,13:45,Soft,2m,Wild Dollar (IRE),S. D. Torrens,0,Eddie & Patrick Harty,8th,7 l,4,10-13t,105,True,36,6
N/A,N/A,13:45,Soft,2m,Itwasfate,D. J. O'Keeffe,0,Henry de Bromhead,7th,1 1/4 l,5,11-6,112,True,36,6
N/A,N/A,13:45,Soft,2m,Makfils (FR),E. A. Fitzgerald,7,Peter Fahey,6th,5 l,5,10-6t,98,True,36,6
N/A,N/A,13:45,Soft,2m,Dutch Schultz,Keith Donoghue,0,Gavin Patrick Cromwell,5th,3/4 l,5,11-10,116,True,36,6
N/A,N/A,13:45,Soft,2m,Changing the Rules (IRE),M. P. Walsh,0,Mrs J. Harrington,4th,8 l,5,11-10,116,True,36,6
N/A,N/A,13:45,Soft,2m,Low Style (FR),M. J. M. O'Sullivan,5,Barry Connell,3rd,4 l,5,10-12,104,True,36,6
N/A,N/A,13:45,Soft,2m,Brookie (IRE),Peter Carberry,0,A. J. Martin,2nd,1 l,5,11-4t,110,True,36,6
N/A,N/A,13:45,Soft,2m,Tullypole Annie (IRE),Miss Georgie Benson,7,Peter John Flood,1st,N/A,4,11-8p,114,True,36,6
N/A,N/A,13:45,Soft,2m,Navigator Jack (IRE),Donagh Meyler,0,Eoin Griffin,14th,17 l,5,10-11h,103,True,36,6
N/A,N/A,13:45,Soft,2m,Well Funded (IRE),Jack Foley,0,Eoin Christopher McCarthy,13th,1 1/4 l,6,11-1t,107,True,36,6
N/A,N/A,13:45,Soft,2m,A Million Bucks (IRE),S. Fitzgerald,3,T. Gibney,12th,1 1/4 l,6,11-6t,112,True,36,6
N/A,N/A,13:45,Soft,2m,Contrapposto (JPN),L. P. Dempsey,0,R. Donohoe,11th,11 l,8,10-13,105,True,36,6
N/A,N/A,13:45,Soft,2m,Sovereign Duke (GER),C. G. O'Dwyer,7,John Joseph Hanlon,10th,1 1/2 l,7,10-7,99,True,36,6
N/A,N/A,13:45,Soft,2m,Rock Ya Boy Ya (IRE),Thomas Reilly,7,Francis Casey,9th,6 1/2 l,4,11-3,109,True,36,6
N/A,N/A,13:45,Soft,2m,Wild Dollar (IRE),S. D. Torrens,0,Eddie & Patrick Harty,8th,7 l,4,10-13t,105,True,36,6
N/A,N/A,13:45,Soft,2m,Itwasfate,D. J. O'Keeffe,0,Henry de Bromhead,7th,1 1/4 l,5,11-6,112,True,36,6
N/A,N/A,13:45,Soft,2m,Makfils (FR),E. A. Fitzgerald,7,Peter Fahey,6th,5 l,5,10-6t,98,True,36,6
N/A,N/A,13:45,Soft,2m,Dutch Schultz,Keith Donoghue,0,Gavin Patrick Cromwell,5th,3/4 l,5,11-10,116,True,36,6
N/A,N/A,13:45,Soft,2m,Changing the Rules (IRE),M. P. Walsh,0,Mrs J. Harrington,4th,8 l,5,11-10,116,True,36,6
N/A,N/A,13:45,Soft,2m,Low Style (FR),M. J. M. O'Sullivan,5,Barry Connell,3rd,4 l,5,10-12,104,True,36,6
N/A,N/A,13:45,Soft,2m,Brookie (IRE),Peter Carberry,0,A. J. Martin,2nd,1 l,5,11-4t,110,True,36,6
N/A,N/A,13:45,Soft,2m,Tullypole Annie (IRE),Miss Georgie Benson,7,Peter John Flood,1st,N/A,4,11-8p,114,True,36,6
N/A,N/A,14:20,Yielding (Soft In  Places),2m 1f,Midnight Run (IRE),Mr T. Hamilton,0,Joseph Patrick O'Brien,5th,12 l,8,11-12,-,True,36,7
N/A,N/A,14:20,Yielding (Soft In  Places),2m 1f,Hollow Games (IRE),Denis O'Regan,0,Gordon Elliott,4th,12 l,6,11-12t,-,True,36,7
N/A,N/A,14:20,Yielding (Soft In  Places),2m 1f,Fil Dor (FR),J. W. Kennedy,0,Gordon Elliott,3rd,7 1/2 l,4,11-6,-,True,36,7
N/A,N/A,14:20,Yielding (Soft In  Places),2m 1f,Visionarian (IRE),Keith Donoghue,0,Peter Fahey,2nd,2 1/4 l,7,11-12,-,True,36,7
N/A,N/A,14:20,Yielding (Soft In  Places),2m 1f,Saint Roi (FR),M. P. Walsh,0,W. P. Mullins,1st,N/A,7,11-12t,-,True,36,7
N/A,N/A,14:20,Yielding (Soft In  Places),2m 1f,Midnight Run (IRE),Mr T. Hamilton,0,Joseph Patrick O'Brien,5th,12 l,8,11-12,-,True,36,7
N/A,N/A,14:20,Yielding (Soft In  Places),2m 1f,Hollow Games (IRE),Denis O'Regan,0,Gordon Elliott,4th,12 l,6,11-12t,-,True,36,7
N/A,N/A,14:20,Yielding (Soft In  Places),2m 1f,Fil Dor (FR),J. W. Kennedy,0,Gordon Elliott,3rd,7 1/2 l,4,11-6,-,True,36,7
N/A,N/A,14:20,Yielding (Soft In  Places),2m 1f,Visionarian (IRE),Keith Donoghue,0,Peter Fahey,2nd,2 1/4 l,7,11-12,-,True,36,7
N/A,N/A,14:20,Yielding (Soft In  Places),2m 1f,Saint Roi (FR),M. P. Walsh,0,W. P. Mullins,1st,N/A,7,11-12t,-,True,36,7
N/A,N/A,14:55,Yielding (Soft In  Places),2m 1f,Sil Ver Klass (FR),Peter Carberry,0,A. J. Martin,PU,N/A,8,11-0t,128,True,36,8
N/A,N/A,14:55,Yielding (Soft In  Places),2m 1f,Alice Avril (FR),M. J. M. O'Sullivan,5,Henry de Bromhead,PU,N/A,5,10-2t,116,True,36,8
N/A,N/A,14:55,Yielding (Soft In  Places),2m 1f,Railway Hurricane (IRE),L. P. Dempsey,0,Gavin Patrick Cromwell,7th,5 l,7,11-0tb,128,True,36,8
N/A,N/A,14:55,Yielding (Soft In  Places),2m 1f,Embittered (IRE),Mr R. James,7,Joseph Patrick O'Brien,6th,10 l,8,11-13t,141,True,36,8
N/A,N/A,14:55,Yielding (Soft In  Places),2m 1f,Espion Du Chenet (FR),C. M. Quirke,7,Louise G. Lyons,5th,1/2 l,8,11-2t,130,True,36,8
N/A,N/A,14:55,Yielding (Soft In  Places),2m 1f,Grange Walk (IRE),S. Fitzgerald,3,John Patrick Ryan,4th,1 1/4 l,7,11-10,138,True,36,8
N/A,N/A,14:55,Yielding (Soft In  Places),2m 1f,Halsafari (IRE),C. G. O'Dwyer,7,Michael J. Bowe,3rd,7 l,9,10-2p,116,True,36,8
N/A,N/A,14:55,Yielding (Soft In  Places),2m 1f,The Folkes Tiara (IRE),D. J. O'Keeffe,0,Henry de Bromhead,2nd,4 l,6,10-2t,116,True,36,8
N/A,N/A,14:55,Yielding (Soft In  Places),2m 1f,Final Orders,Keith Donoghue,0,Gavin Patrick Cromwell,1st,N/A,6,11-1,129,True,36,8
N/A,N/A,14:55,Yielding (Soft In  Places),2m 1f,Sil Ver Klass (FR),Peter Carberry,0,A. J. Martin,PU,N/A,8,11-0t,128,True,36,8
N/A,N/A,14:55,Yielding (Soft In  Places),2m 1f,Alice Avril (FR),M. J. M. O'Sullivan,5,Henry de Bromhead,PU,N/A,5,10-2t,116,True,36,8
N/A,N/A,14:55,Yielding (Soft In  Places),2m 1f,Railway Hurricane (IRE),L. P. Dempsey,0,Gavin Patrick Cromwell,7th,5 l,7,11-0tb,128,True,36,8
N/A,N/A,14:55,Yielding (Soft In  Places),2m 1f,Embittered (IRE),Mr R. James,7,Joseph Patrick O'Brien,6th,10 l,8,11-13t,141,True,36,8
N/A,N/A,14:55,Yielding (Soft In  Places),2m 1f,Espion Du Chenet (FR),C. M. Quirke,7,Louise G. Lyons,5th,1/2 l,8,11-2t,130,True,36,8
N/A,N/A,14:55,Yielding (Soft In  Places),2m 1f,Grange Walk (IRE),S. Fitzgerald,3,John Patrick Ryan,4th,1 1/4 l,7,11-10,138,True,36,8
N/A,N/A,14:55,Yielding (Soft In  Places),2m 1f,Halsafari (IRE),C. G. O'Dwyer,7,Michael J. Bowe,3rd,7 l,9,10-2p,116,True,36,8
N/A,N/A,14:55,Yielding (Soft In  Places),2m 1f,The Folkes Tiara (IRE),D. J. O'Keeffe,0,Henry de Bromhead,2nd,4 l,6,10-2t,116,True,36,8
N/A,N/A,14:55,Yielding (Soft In  Places),2m 1f,Final Orders,Keith Donoghue,0,Gavin Patrick Cromwell,1st,N/A,6,11-1,129,True,36,8
N/A,N/A,15:30,Soft,2m,The Contractor (IRE),Mr E. P. O'Brien,5,Richard John O'Brien,9th,67 l,4,11-7,-,True,36,9
N/A,N/A,15:30,Soft,2m,Lazy O (IRE),Mr R. James,7,James A. Nash,8th,73 l,4,11-7,-,True,36,9
N/A,N/A,15:30,Soft,2m,Get It Right (IRE),Mr T. Hamilton,0,Sean Aherne,7th,9 l,4,11-7,-,True,36,9
N/A,N/A,15:30,Soft,2m,One And Only (IRE),Mr J. C. Barry,3,Oliver McKiernan,6th,9 1/2 l,4,11-7,-,True,36,9
N/A,N/A,15:30,Soft,2m,Wasthatok,Mr J. Dunne,7,Gavin Patrick Cromwell,5th,1 3/4 l,4,11-7,-,True,36,9
N/A,N/A,15:30,Soft,2m,Park Of Kings (IRE),Mr D. O'Connor,0,Paul Nolan,4th,Head,4,11-7,-,True,36,9
N/A,N/A,15:30,Soft,2m,Bop Bop Bobbin (IRE),Mr T. P. Harney,7,Luke Comer,3rd,12 l,4,11-0,-,True,36,9
N/A,N/A,15:30,Soft,2m,Did I Ask You That (IRE),Mr P. W. Mullins,0,W. P. Mullins,2nd,Neck,4,11-7,-,True,36,9
N/A,N/A,15:30,Soft,2m,Pour Les Filles,Mr H. C. Swan,7,Gordon Elliott,1st,N/A,4,11-7,-,True,36,9
N/A,N/A,15:30,Soft,2m,The Contractor (IRE),Mr E. P. O'Brien,5,Richard John O'Brien,9th,67 l,4,11-7,-,True,36,9
N/A,N/A,15:30,Soft,2m,Lazy O (IRE),Mr R. James,7,James A. Nash,8th,73 l,4,11-7,-,True,36,9
N/A,N/A,15:30,Soft,2m,Get It Right (IRE),Mr T. Hamilton,0,Sean Aherne,7th,9 l,4,11-7,-,True,36,9
N/A,N/A,15:30,Soft,2m,One And Only (IRE),Mr J. C. Barry,3,Oliver McKiernan,6th,9 1/2 l,4,11-7,-,True,36,9
N/A,N/A,15:30,Soft,2m,Wasthatok,Mr J. Dunne,7,Gavin Patrick Cromwell,5th,1 3/4 l,4,11-7,-,True,36,9
N/A,N/A,15:30,Soft,2m,Park Of Kings (IRE),Mr D. O'Connor,0,Paul Nolan,4th,Head,4,11-7,-,True,36,9
N/A,N/A,15:30,Soft,2m,Bop Bop Bobbin (IRE),Mr T. P. Harney,7,Luke Comer,3rd,12 l,4,11-0,-,True,36,9
N/A,N/A,15:30,Soft,2m,Did I Ask You That (IRE),Mr P. W. Mullins,0,W. P. Mullins,2nd,Neck,4,11-7,-,True,36,9
N/A,N/A,15:30,Soft,2m,Pour Les Filles,Mr H. C. Swan,7,Gordon Elliott,1st,N/A,4,11-7,-,True,36,9
N/A,N/A,12:25,Soft To Heavy (Heavy In Places),2m,Aegirine (IRE),R. J. Condon,5,Eugene M. O'Sullivan,S,N/A,3,10-7,-,True,36,10
N/A,N/A,12:25,Soft To Heavy (Heavy In Places),2m,Kanzino (IRE),D. King,5,Denis Hogan,12th,1 3/4 l,3,11-0,-,True,36,10
N/A,N/A,12:25,Soft To Heavy (Heavy In Places),2m,Chemdawg (IRE),Phillip Enright,0,Oliver McKiernan,11th,1 1/4 l,3,10-7,-,True,36,10
N/A,N/A,12:25,Soft To Heavy (Heavy In Places),2m,Cornmarket (IRE),D. Moloney,7,Michael Flannery,10th,3 3/4 l,3,11-0,-,True,36,10
N/A,N/A,12:25,Soft To Heavy (Heavy In Places),2m,Scarbrook (IRE),Richard Deegan,0,E. Sheehy,9th,4 1/2 l,3,11-0,-,True,36,10
N/A,N/A,12:25,Soft To Heavy (Heavy In Places),2m,Realism (IRE),B. Hayes,0,Joseph Patrick O'Brien,8th,3 l,3,11-0,-,True,36,10
N/A,N/A,12:25,Soft To Heavy (Heavy In Places),2m,Chequer Square (IRE),Jack G. Gilligan,7,Paul John Gilligan,7th,3/4 l,3,11-0,-,True,36,10
N/A,N/A,12:25,Soft To Heavy (Heavy In Places),2m,Bayou Belle (IRE),P. T. Smithers,7,Jarlath P. Fahey,6th,4 l,3,10-7,-,True,36,10
N/A,N/A,12:25,Soft To Heavy (Heavy In Places),2m,Byker (IRE),P. Byrnes,5,Charles Byrnes,5th,3/4 l,3,11-0,-,True,36,10
N/A,N/A,12:25,Soft To Heavy (Heavy In Places),2m,Danza Della Luna,Philip Donovan,5,Denis Hogan,4th,2 l,3,10-7,-,True,36,10
N/A,N/A,12:25,Soft To Heavy (Heavy In Places),2m,Metamorpheus (IRE),C. A. Landers,0,Timothy Doyle,3rd,Neck,3,11-0,-,True,36,10
N/A,N/A,12:25,Soft To Heavy (Heavy In Places),2m,Paradise Lost (IRE),B. J. Cooper,0,Charles O'Brien,2nd,2 1/4 l,3,11-0,-,True,36,10
N/A,N/A,12:25,Soft To Heavy (Heavy In Places),2m,Ludus,Jordan Colin Gainford,0,Gordon Elliott,1st,N/A,3,11-0,-,True,36,10
N/A,N/A,12:25,Soft To Heavy (Heavy In Places),2m,Aegirine (IRE),R. J. Condon,5,Eugene M. O'Sullivan,S,N/A,3,10-7,-,True,36,10
N/A,N/A,12:25,Soft To Heavy (Heavy In Places),2m,Kanzino (IRE),D. King,5,Denis Hogan,12th,1 3/4 l,3,11-0,-,True,36,10
N/A,N/A,12:25,Soft To Heavy (Heavy In Places),2m,Chemdawg (IRE),Phillip Enright,0,Oliver McKiernan,11th,1 1/4 l,3,10-7,-,True,36,10
N/A,N/A,12:25,Soft To Heavy (Heavy In Places),2m,Cornmarket (IRE),D. Moloney,7,Michael Flannery,10th,3 3/4 l,3,11-0,-,True,36,10
N/A,N/A,12:25,Soft To Heavy (Heavy In Places),2m,Scarbrook (IRE),Richard Deegan,0,E. Sheehy,9th,4 1/2 l,3,11-0,-,True,36,10
N/A,N/A,12:25,Soft To Heavy (Heavy In Places),2m,Realism (IRE),B. Hayes,0,Joseph Patrick O'Brien,8th,3 l,3,11-0,-,True,36,10
N/A,N/A,12:25,Soft To Heavy (Heavy In Places),2m,Chequer Square (IRE),Jack G. Gilligan,7,Paul John Gilligan,7th,3/4 l,3,11-0,-,True,36,10
N/A,N/A,12:25,Soft To Heavy (Heavy In Places),2m,Bayou Belle (IRE),P. T. Smithers,7,Jarlath P. Fahey,6th,4 l,3,10-7,-,True,36,10
N/A,N/A,12:25,Soft To Heavy (Heavy In Places),2m,Byker (IRE),P. Byrnes,5,Charles Byrnes,5th,3/4 l,3,11-0,-,True,36,10
N/A,N/A,12:25,Soft To Heavy (Heavy In Places),2m,Danza Della Luna,Philip Donovan,5,Denis Hogan,4th,2 l,3,10-7,-,True,36,10
N/A,N/A,12:25,Soft To Heavy (Heavy In Places),2m,Metamorpheus (IRE),C. A. Landers,0,Timothy Doyle,3rd,Neck,3,11-0,-,True,36,10
N/A,N/A,12:25,Soft To Heavy (Heavy In Places),2m,Paradise Lost (IRE),B. J. Cooper,0,Charles O'Brien,2nd,2 1/4 l,3,11-0,-,True,36,10
N/A,N/A,12:25,Soft To Heavy (Heavy In Places),2m,Ludus,Jordan Colin Gainford,0,Gordon Elliott,1st,N/A,3,11-0,-,True,36,10
N/A,N/A,12:58,Soft To Heavy (Heavy In Places),2m,Raglan Road (IRE),Derek Thomas McGrath,7,Henry de Bromhead,F,N/A,4,10-13,-,True,36,11
N/A,N/A,12:58,Soft To Heavy (Heavy In Places),2m,Vulture Peak (IRE),D. King,5,Denis Hogan,17th,18 l,4,10-13,-,True,36,11
N/A,N/A,12:58,Soft To Heavy (Heavy In Places),2m,Noble Crusade (USA),Mr A. Harvey,7,John McConnell,16th,2 l,4,11-7,-,True,36,11
N/A,N/A,12:58,Soft To Heavy (Heavy In Places),2m,Flemensreva (IRE),S. F. O'Keeffe,0,Paul Nolan,15th,11 l,4,10-6,-,True,36,11
N/A,N/A,12:58,Soft To Heavy (Heavy In Places),2m,Out Of The Park (IRE),P. Byrnes,5,Eoghan O'Grady,14th,3 1/2 l,4,10-6,-,True,36,11
N/A,N/A,12:58,Soft To Heavy (Heavy In Places),2m,Fireworks (FR),K. E. Buckley,5,John Joseph Hanlon,13th,13 l,4,11-7,-,True,36,11
N/A,N/A,12:58,Soft To Heavy (Heavy In Places),2m,Dante's Pass (IRE),Richard Deegan,0,Joseph Patrick O'Brien,12th,1 1/4 l,4,11-7,-,True,36,11
N/A,N/A,12:58,Soft To Heavy (Heavy In Places),2m,Ages Of Man (IRE),R. J. Condon,5,Anthony McCann,11th,1 1/2 l,4,10-13,-,True,36,11
N/A,N/A,12:58,Soft To Heavy (Heavy In Places),2m,Ceroc (IRE),Philip Donovan,5,E. J. O'Grady,10th,1/2 l,4,10-13,-,True,36,11
N/A,N/A,12:58,Soft To Heavy (Heavy In Places),2m,Harvard Guy,B. J. Cooper,0,Eddie & Patrick Harty,9th,8 1/2 l,4,10-13,-,True,36,11
N/A,N/A,12:58,Soft To Heavy (Heavy In Places),2m,Bynx (IRE),Phillip Enright,0,Martin Hassett,8th,9 l,4,10-6,-,True,36,11
N/A,N/A,12:58,Soft To Heavy (Heavy In Places),2m,Hands Of Gold (IRE),K. C. Sexton,0,A. L. T. Moore,7th,3/4 l,4,10-13,-,True,36,11
N/A,N/A,12:58,Soft To Heavy (Heavy In Places),2m,Whatcouldhavebeen (IRE),A. P. Kelly,7,Jarlath P. Fahey,6th,7 l,4,11-0,-,True,36,11
N/A,N/A,12:58,Soft To Heavy (Heavy In Places),2m,Doctor Brown Bear (IRE),R. A. Doyle,0,Martin Brassil,5th,7 1/2 l,4,10-13t,-,True,36,11
N/A,N/A,12:58,Soft To Heavy (Heavy In Places),2m,Royal Moon (IRE),C. P. McNamara,0,E. J. O'Grady,4th,1/2 l,4,10-13,-,True,36,11
N/A,N/A,12:58,Soft To Heavy (Heavy In Places),2m,Benaud (IRE),B. Hayes,0,Joseph Patrick O'Brien,3rd,9 l,4,11-7,-,True,36,11
N/A,N/A,12:58,Soft To Heavy (Heavy In Places),2m,In Excess (FR),S. O'Callaghan,7,W. P. Mullins,2nd,4 l,4,10-13,-,True,36,11
N/A,N/A,12:58,Soft To Heavy (Heavy In Places),2m,Foxy Girl (FR),M. P. O'Connor,5,Henry de Bromhead,1st,N/A,4,10-6,-,True,36,11
N/A,N/A,12:58,Soft To Heavy (Heavy In Places),2m,Raglan Road (IRE),Derek Thomas McGrath,7,Henry de Bromhead,F,N/A,4,10-13,-,True,36,11
N/A,N/A,12:58,Soft To Heavy (Heavy In Places),2m,Vulture Peak (IRE),D. King,5,Denis Hogan,17th,18 l,4,10-13,-,True,36,11
N/A,N/A,12:58,Soft To Heavy (Heavy In Places),2m,Noble Crusade (USA),Mr A. Harvey,7,John McConnell,16th,2 l,4,11-7,-,True,36,11
N/A,N/A,12:58,Soft To Heavy (Heavy In Places),2m,Flemensreva (IRE),S. F. O'Keeffe,0,Paul Nolan,15th,11 l,4,10-6,-,True,36,11
N/A,N/A,12:58,Soft To Heavy (Heavy In Places),2m,Out Of The Park (IRE),P. Byrnes,5,Eoghan O'Grady,14th,3 1/2 l,4,10-6,-,True,36,11
N/A,N/A,12:58,Soft To Heavy (Heavy In Places),2m,Fireworks (FR),K. E. Buckley,5,John Joseph Hanlon,13th,13 l,4,11-7,-,True,36,11
N/A,N/A,12:58,Soft To Heavy (Heavy In Places),2m,Dante's Pass (IRE),Richard Deegan,0,Joseph Patrick O'Brien,12th,1 1/4 l,4,11-7,-,True,36,11
N/A,N/A,12:58,Soft To Heavy (Heavy In Places),2m,Ages Of Man (IRE),R. J. Condon,5,Anthony McCann,11th,1 1/2 l,4,10-13,-,True,36,11
N/A,N/A,12:58,Soft To Heavy (Heavy In Places),2m,Ceroc (IRE),Philip Donovan,5,E. J. O'Grady,10th,1/2 l,4,10-13,-,True,36,11
N/A,N/A,12:58,Soft To Heavy (Heavy In Places),2m,Harvard Guy,B. J. Cooper,0,Eddie & Patrick Harty,9th,8 1/2 l,4,10-13,-,True,36,11
N/A,N/A,12:58,Soft To Heavy (Heavy In Places),2m,Bynx (IRE),Phillip Enright,0,Martin Hassett,8th,9 l,4,10-6,-,True,36,11
N/A,N/A,12:58,Soft To Heavy (Heavy In Places),2m,Hands Of Gold (IRE),K. C. Sexton,0,A. L. T. Moore,7th,3/4 l,4,10-13,-,True,36,11
N/A,N/A,12:58,Soft To Heavy (Heavy In Places),2m,Whatcouldhavebeen (IRE),A. P. Kelly,7,Jarlath P. Fahey,6th,7 l,4,11-0,-,True,36,11
N/A,N/A,12:58,Soft To Heavy (Heavy In Places),2m,Doctor Brown Bear (IRE),R. A. Doyle,0,Martin Brassil,5th,7 1/2 l,4,10-13t,-,True,36,11
N/A,N/A,12:58,Soft To Heavy (Heavy In Places),2m,Royal Moon (IRE),C. P. McNamara,0,E. J. O'Grady,4th,1/2 l,4,10-13,-,True,36,11
N/A,N/A,12:58,Soft To Heavy (Heavy In Places),2m,Benaud (IRE),B. Hayes,0,Joseph Patrick O'Brien,3rd,9 l,4,11-7,-,True,36,11
N/A,N/A,12:58,Soft To Heavy (Heavy In Places),2m,In Excess (FR),S. O'Callaghan,7,W. P. Mullins,2nd,4 l,4,10-13,-,True,36,11
N/A,N/A,12:58,Soft To Heavy (Heavy In Places),2m,Foxy Girl (FR),M. P. O'Connor,5,Henry de Bromhead,1st,N/A,4,10-6,-,True,36,11
N/A,N/A,13:33,Soft To Heavy (Heavy In Places),2m 4f,Elusive Guy (IRE),P. T. Smithers,7,Jarlath P. Fahey,UR,N/A,4,11-7,-,True,36,12
N/A,N/A,13:33,Soft To Heavy (Heavy In Places),2m 4f,Summer Melody (IRE),P. Byrnes,5,Charles Byrnes,4th,1/2 l,5,11-1,-,True,36,12
N/A,N/A,13:33,Soft To Heavy (Heavy In Places),2m 4f,Pinkerton (IRE),B. J. Cooper,0,Noel Meade,3rd,1/2 l,6,11-10t1,-,True,36,12
N/A,N/A,13:33,Soft To Heavy (Heavy In Places),2m 4f,Bois De Clamart (FR),Richard Deegan,0,Miss Elizabeth Doyle,2nd,1 l,8,11-10tb,-,True,36,12
N/A,N/A,13:33,Soft To Heavy (Heavy In Places),2m 4f,Longhouse Poet (IRE),R. A. Doyle,0,Martin Brassil,1st,N/A,8,11-10t,-,True,36,12
N/A,N/A,13:33,Soft To Heavy (Heavy In Places),2m 4f,Elusive Guy (IRE),P. T. Smithers,7,Jarlath P. Fahey,UR,N/A,4,11-7,-,True,36,12
N/A,N/A,13:33,Soft To Heavy (Heavy In Places),2m 4f,Summer Melody (IRE),P. Byrnes,5,Charles Byrnes,4th,1/2 l,5,11-1,-,True,36,12
N/A,N/A,13:33,Soft To Heavy (Heavy In Places),2m 4f,Pinkerton (IRE),B. J. Cooper,0,Noel Meade,3rd,1/2 l,6,11-10t1,-,True,36,12
N/A,N/A,13:33,Soft To Heavy (Heavy In Places),2m 4f,Bois De Clamart (FR),Richard Deegan,0,Miss Elizabeth Doyle,2nd,1 l,8,11-10tb,-,True,36,12
N/A,N/A,13:33,Soft To Heavy (Heavy In Places),2m 4f,Longhouse Poet (IRE),R. A. Doyle,0,Martin Brassil,1st,N/A,8,11-10t,-,True,36,12
N/A,N/A,14:08,Soft To Heavy (Heavy In Places),2m 4f,Henning (IRE),D. King,5,Denis Hogan,PU,N/A,5,11-0,111,True,36,13
N/A,N/A,14:08,Soft To Heavy (Heavy In Places),2m 4f,Getaway Goldie (IRE),Jordan Colin Gainford,0,Gordon Elliott,PU,N/A,6,10-9b1,106,True,36,13
N/A,N/A,14:08,Soft To Heavy (Heavy In Places),2m 4f,It'sallabouteve (IRE),Phillip Enright,0,Brendan Maurice Walsh,PU,N/A,6,10-12,109,True,36,13
N/A,N/A,14:08,Soft To Heavy (Heavy In Places),2m 4f,Belle Metal (IRE),B. Hayes,0,W. P. Mullins,PU,N/A,5,11-5,116,True,36,13
N/A,N/A,14:08,Soft To Heavy (Heavy In Places),2m 4f,Rebel Early (IRE),A. P. Kelly,7,W. J. Burke,10th,Neck,8,11-9,120,True,36,13
N/A,N/A,14:08,Soft To Heavy (Heavy In Places),2m 4f,Robyndeglory (IRE),Kieran Callaghan,7,Declan Queally,9th,4 3/4 l,7,10-11tb,108,True,36,13
N/A,N/A,14:08,Soft To Heavy (Heavy In Places),2m 4f,Chacha Dancer (IRE),P. Byrnes,5,D. Hassett,8th,1 1/2 l,4,10-4p,101,True,36,13
N/A,N/A,14:08,Soft To Heavy (Heavy In Places),2m 4f,Kilbree Warrior (IRE),R. J. Condon,5,Oliver McKiernan,7th,9 l,7,11-0tb,111,True,36,13
N/A,N/A,14:08,Soft To Heavy (Heavy In Places),2m 4f,Queen Jane (IRE),M. P. O'Connor,5,Henry de Bromhead,6th,6 1/2 l,6,10-8t,105,True,36,13
N/A,N/A,14:08,Soft To Heavy (Heavy In Places),2m 4f,Martha Divine,S. F. O'Keeffe,0,Paul Nolan,5th,1 1/2 l,5,11-5t,116,True,36,13
N/A,N/A,14:08,Soft To Heavy (Heavy In Places),2m 4f,Vera Verto (IRE),K. E. Buckley,5,Gavin Patrick Cromwell,4th,7 l,4,11-4t,115,True,36,13
N/A,N/A,14:08,Soft To Heavy (Heavy In Places),2m 4f,Global Equity (IRE),Richard Deegan,0,Joseph Patrick O'Brien,3rd,1 3/4 l,7,12-6p,131,True,36,13
N/A,N/A,14:08,Soft To Heavy (Heavy In Places),2m 4f,Carrig Carol (IRE),K. C. Sexton,0,Peter Croke,2nd,2 l,5,10-6,103,True,36,13
N/A,N/A,14:08,Soft To Heavy (Heavy In Places),2m 4f,Missiee (IRE),G. B. Noonan,7,Eoin Christopher McCarthy,1st,N/A,6,10-6,103,True,36,13
N/A,N/A,14:08,Soft To Heavy (Heavy In Places),2m 4f,Henning (IRE),D. King,5,Denis Hogan,PU,N/A,5,11-0,111,True,36,13
N/A,N/A,14:08,Soft To Heavy (Heavy In Places),2m 4f,Getaway Goldie (IRE),Jordan Colin Gainford,0,Gordon Elliott,PU,N/A,6,10-9b1,106,True,36,13
N/A,N/A,14:08,Soft To Heavy (Heavy In Places),2m 4f,It'sallabouteve (IRE),Phillip Enright,0,Brendan Maurice Walsh,PU,N/A,6,10-12,109,True,36,13
N/A,N/A,14:08,Soft To Heavy (Heavy In Places),2m 4f,Belle Metal (IRE),B. Hayes,0,W. P. Mullins,PU,N/A,5,11-5,116,True,36,13
N/A,N/A,14:08,Soft To Heavy (Heavy In Places),2m 4f,Rebel Early (IRE),A. P. Kelly,7,W. J. Burke,10th,Neck,8,11-9,120,True,36,13
N/A,N/A,14:08,Soft To Heavy (Heavy In Places),2m 4f,Robyndeglory (IRE),Kieran Callaghan,7,Declan Queally,9th,4 3/4 l,7,10-11tb,108,True,36,13
N/A,N/A,14:08,Soft To Heavy (Heavy In Places),2m 4f,Chacha Dancer (IRE),P. Byrnes,5,D. Hassett,8th,1 1/2 l,4,10-4p,101,True,36,13
N/A,N/A,14:08,Soft To Heavy (Heavy In Places),2m 4f,Kilbree Warrior (IRE),R. J. Condon,5,Oliver McKiernan,7th,9 l,7,11-0tb,111,True,36,13
N/A,N/A,14:08,Soft To Heavy (Heavy In Places),2m 4f,Queen Jane (IRE),M. P. O'Connor,5,Henry de Bromhead,6th,6 1/2 l,6,10-8t,105,True,36,13
N/A,N/A,14:08,Soft To Heavy (Heavy In Places),2m 4f,Martha Divine,S. F. O'Keeffe,0,Paul Nolan,5th,1 1/2 l,5,11-5t,116,True,36,13
N/A,N/A,14:08,Soft To Heavy (Heavy In Places),2m 4f,Vera Verto (IRE),K. E. Buckley,5,Gavin Patrick Cromwell,4th,7 l,4,11-4t,115,True,36,13
N/A,N/A,14:08,Soft To Heavy (Heavy In Places),2m 4f,Global Equity (IRE),Richard Deegan,0,Joseph Patrick O'Brien,3rd,1 3/4 l,7,12-6p,131,True,36,13
N/A,N/A,14:08,Soft To Heavy (Heavy In Places),2m 4f,Carrig Carol (IRE),K. C. Sexton,0,Peter Croke,2nd,2 l,5,10-6,103,True,36,13
N/A,N/A,14:08,Soft To Heavy (Heavy In Places),2m 4f,Missiee (IRE),G. B. Noonan,7,Eoin Christopher McCarthy,1st,N/A,6,10-6,103,True,36,13
N/A,N/A,14:40,Soft To Heavy (Heavy In Places),2m 3f 160y,Aarons Day (IRE),Phillip Enright,0,Oliver McKiernan,5th,21 l,8,11-12tp,-,True,36,14
N/A,N/A,14:40,Soft To Heavy (Heavy In Places),2m 3f 160y,Authorized Art (FR),B. J. Cooper,0,W. P. Mullins,4th,Short Head,7,11-12,-,True,36,14
N/A,N/A,14:40,Soft To Heavy (Heavy In Places),2m 3f 160y,Kilcruit (IRE),S. F. O'Keeffe,0,W. P. Mullins,3rd,2 l,7,11-12t,-,True,36,14
N/A,N/A,14:40,Soft To Heavy (Heavy In Places),2m 3f 160y,Adamantly Chosen (IRE),B. Hayes,0,W. P. Mullins,2nd,4 1/4 l,5,11-12,-,True,36,14
N/A,N/A,14:40,Soft To Heavy (Heavy In Places),2m 3f 160y,Gerri Colombe (FR),Jordan Colin Gainford,0,Gordon Elliott,1st,N/A,6,11-12,-,True,36,14
N/A,N/A,14:40,Soft To Heavy (Heavy In Places),2m 3f 160y,Aarons Day (IRE),Phillip Enright,0,Oliver McKiernan,5th,21 l,8,11-12tp,-,True,36,14
N/A,N/A,14:40,Soft To Heavy (Heavy In Places),2m 3f 160y,Authorized Art (FR),B. J. Cooper,0,W. P. Mullins,4th,Short Head,7,11-12,-,True,36,14
N/A,N/A,14:40,Soft To Heavy (Heavy In Places),2m 3f 160y,Kilcruit (IRE),S. F. O'Keeffe,0,W. P. Mullins,3rd,2 l,7,11-12t,-,True,36,14
N/A,N/A,14:40,Soft To Heavy (Heavy In Places),2m 3f 160y,Adamantly Chosen (IRE),B. Hayes,0,W. P. Mullins,2nd,4 1/4 l,5,11-12,-,True,36,14
N/A,N/A,14:40,Soft To Heavy (Heavy In Places),2m 3f 160y,Gerri Colombe (FR),Jordan Colin Gainford,0,Gordon Elliott,1st,N/A,6,11-12,-,True,36,14
N/A,N/A,15:15,Soft To Heavy (Heavy In Places),2m 1f 160y,Courting Vickie (IRE),Jordan Colin Gainford,0,James M. Barcoe,PU,N/A,8,10-6t,84,True,36,15
N/A,N/A,15:15,Soft To Heavy (Heavy In Places),2m 1f 160y,Carnet De Stage (IRE),Miss M. O'Sullivan,5,Eugene M. O'Sullivan,PU,N/A,7,12-0,106,True,36,15
N/A,N/A,15:15,Soft To Heavy (Heavy In Places),2m 1f 160y,Made In The Woods (IRE),Richard Deegan,0,Norman Lee,F,N/A,5,10-2,80,True,36,15
N/A,N/A,15:15,Soft To Heavy (Heavy In Places),2m 1f 160y,Johanna Yeats (IRE),Mr S. Cavanagh,7,Brendan Maurice Walsh,9th,9 l,8,10-4t,82,True,36,15
N/A,N/A,15:15,Soft To Heavy (Heavy In Places),2m 1f 160y,Sound Money (USA),D. King,5,Denis Hogan,8th,3/4 l,10,11-3,95,True,36,15
N/A,N/A,15:15,Soft To Heavy (Heavy In Places),2m 1f 160y,Stormey (IRE),Jack G. Gilligan,7,Paul John Gilligan,7th,7 1/2 l,12,11-12,104,True,36,15
N/A,N/A,15:15,Soft To Heavy (Heavy In Places),2m 1f 160y,Sunnyvilla (IRE),S. F. O'Keeffe,0,D. Hassett,6th,10 l,7,11-12,104,True,36,15
N/A,N/A,15:15,Soft To Heavy (Heavy In Places),2m 1f 160y,Fly De Megaudais (FR),C. A. Landers,0,Michael J. McDonagh,5th,2 3/4 l,9,10-4t,82,True,36,15
N/A,N/A,15:15,Soft To Heavy (Heavy In Places),2m 1f 160y,Itsalonglongroad,G. B. Noonan,7,Charles Coakley,4th,6 l,8,11-12t,104,True,36,15
N/A,N/A,15:15,Soft To Heavy (Heavy In Places),2m 1f 160y,The Eye Of Tulla (IRE),D. Moloney,7,Brian M. McMahon,3rd,2 1/2 l,6,10-0p,78,True,36,15
N/A,N/A,15:15,Soft To Heavy (Heavy In Places),2m 1f 160y,Cahirdown Boy (IRE),C. P. McNamara,0,Eric McNamara,2nd,7 l,7,11-9t,101,True,36,15
N/A,N/A,15:15,Soft To Heavy (Heavy In Places),2m 1f 160y,Bonnie Kellie (IRE),Phillip Enright,0,S. Curling,1st,N/A,5,11-1,93,True,36,15
N/A,N/A,15:15,Soft To Heavy (Heavy In Places),2m 1f 160y,Courting Vickie (IRE),Jordan Colin Gainford,0,James M. Barcoe,PU,N/A,8,10-6t,84,True,36,15
N/A,N/A,15:15,Soft To Heavy (Heavy In Places),2m 1f 160y,Carnet De Stage (IRE),Miss M. O'Sullivan,5,Eugene M. O'Sullivan,PU,N/A,7,12-0,106,True,36,15
N/A,N/A,15:15,Soft To Heavy (Heavy In Places),2m 1f 160y,Made In The Woods (IRE),Richard Deegan,0,Norman Lee,F,N/A,5,10-2,80,True,36,15
N/A,N/A,15:15,Soft To Heavy (Heavy In Places),2m 1f 160y,Johanna Yeats (IRE),Mr S. Cavanagh,7,Brendan Maurice Walsh,9th,9 l,8,10-4t,82,True,36,15
N/A,N/A,15:15,Soft To Heavy (Heavy In Places),2m 1f 160y,Sound Money (USA),D. King,5,Denis Hogan,8th,3/4 l,10,11-3,95,True,36,15
N/A,N/A,15:15,Soft To Heavy (Heavy In Places),2m 1f 160y,Stormey (IRE),Jack G. Gilligan,7,Paul John Gilligan,7th,7 1/2 l,12,11-12,104,True,36,15
N/A,N/A,15:15,Soft To Heavy (Heavy In Places),2m 1f 160y,Sunnyvilla (IRE),S. F. O'Keeffe,0,D. Hassett,6th,10 l,7,11-12,104,True,36,15
N/A,N/A,15:15,Soft To Heavy (Heavy In Places),2m 1f 160y,Fly De Megaudais (FR),C. A. Landers,0,Michael J. McDonagh,5th,2 3/4 l,9,10-4t,82,True,36,15
N/A,N/A,15:15,Soft To Heavy (Heavy In Places),2m 1f 160y,Itsalonglongroad,G. B. Noonan,7,Charles Coakley,4th,6 l,8,11-12t,104,True,36,15
N/A,N/A,15:15,Soft To Heavy (Heavy In Places),2m 1f 160y,The Eye Of Tulla (IRE),D. Moloney,7,Brian M. McMahon,3rd,2 1/2 l,6,10-0p,78,True,36,15
N/A,N/A,15:15,Soft To Heavy (Heavy In Places),2m 1f 160y,Cahirdown Boy (IRE),C. P. McNamara,0,Eric McNamara,2nd,7 l,7,11-9t,101,True,36,15
N/A,N/A,15:15,Soft To Heavy (Heavy In Places),2m 1f 160y,Bonnie Kellie (IRE),Phillip Enright,0,S. Curling,1st,N/A,5,11-1,93,True,36,15
N/A,N/A,15:50,Soft To Heavy (Heavy In Places),2m,Lorand (FR),Mr J. P. Murray,7,Mrs Prunella Dobbs,9th,2 1/4 l,4,11-11,-,True,36,16
N/A,N/A,15:50,Soft To Heavy (Heavy In Places),2m,Hot Shimmer (IRE),Mr A. P. Ryan,7,L. Young,8th,1 1/4 l,5,11-11t,-,True,36,16
N/A,N/A,15:50,Soft To Heavy (Heavy In Places),2m,Granos Girl (IRE),A. K. Lovelace,7,Gordon Elliott,7th,8 1/2 l,5,11-11,-,True,36,16
N/A,N/A,15:50,Soft To Heavy (Heavy In Places),2m,Thegingrin (IRE),Mr J. L. Gleeson,7,Gordon Elliott,6th,7 l,5,11-11,-,True,36,16
N/A,N/A,15:50,Soft To Heavy (Heavy In Places),2m,Charity Barnum (IRE),Mr J. H. Williamson,7,Gordon Elliott,5th,1 l,4,11-11,-,True,36,16
N/A,N/A,15:50,Soft To Heavy (Heavy In Places),2m,Grace Faraday (IRE),Miss A. B. O'Connor,3,Anthony McCann,4th,1/2 l,4,11-11h,-,True,36,16
N/A,N/A,15:50,Soft To Heavy (Heavy In Places),2m,Stage Lady (IRE),Mr D. Allen,7,Norman Lee,3rd,1 1/2 l,5,11-11ht1,-,True,36,16
N/A,N/A,15:50,Soft To Heavy (Heavy In Places),2m,Coole Cherry (IRE),Miss J. Townend,3,W. P. Mullins,2nd,7 l,4,11-11,-,True,36,16
N/A,N/A,15:50,Soft To Heavy (Heavy In Places),2m,Bold Reflection (IRE),Mr A. Harvey,7,John McConnell,1st,N/A,4,11-11,-,True,36,16
N/A,N/A,15:50,Soft To Heavy (Heavy In Places),2m,Lorand (FR),Mr J. P. Murray,7,Mrs Prunella Dobbs,9th,2 1/4 l,4,11-11,-,True,36,16
N/A,N/A,15:50,Soft To Heavy (Heavy In Places),2m,Hot Shimmer (IRE),Mr A. P. Ryan,7,L. Young,8th,1 1/4 l,5,11-11t,-,True,36,16
N/A,N/A,15:50,Soft To Heavy (Heavy In Places),2m,Granos Girl (IRE),A. K. Lovelace,7,Gordon Elliott,7th,8 1/2 l,5,11-11,-,True,36,16
N/A,N/A,15:50,Soft To Heavy (Heavy In Places),2m,Thegingrin (IRE),Mr J. L. Gleeson,7,Gordon Elliott,6th,7 l,5,11-11,-,True,36,16
N/A,N/A,15:50,Soft To Heavy (Heavy In Places),2m,Charity Barnum (IRE),Mr J. H. Williamson,7,Gordon Elliott,5th,1 l,4,11-11,-,True,36,16
N/A,N/A,15:50,Soft To Heavy (Heavy In Places),2m,Grace Faraday (IRE),Miss A. B. O'Connor,3,Anthony McCann,4th,1/2 l,4,11-11h,-,True,36,16
N/A,N/A,15:50,Soft To Heavy (Heavy In Places),2m,Stage Lady (IRE),Mr D. Allen,7,Norman Lee,3rd,1 1/2 l,5,11-11ht1,-,True,36,16
N/A,N/A,15:50,Soft To Heavy (Heavy In Places),2m,Coole Cherry (IRE),Miss J. Townend,3,W. P. Mullins,2nd,7 l,4,11-11,-,True,36,16
N/A,N/A,15:50,Soft To Heavy (Heavy In Places),2m,Bold Reflection (IRE),Mr A. Harvey,7,John McConnell,1st,N/A,4,11-11,-,True,36,16
N/A,N/A,12:05,Soft,2m,Showman,B. Hayes,0,Peter Fahey,RO,N/A,3,11-0,-,True,36,17
N/A,N/A,12:05,Soft,2m,Power to Love (IRE),K. C. Sexton,0,E. D. Delany,17th,15 l,3,10-7ht1,-,True,36,17
N/A,N/A,12:05,Soft,2m,Winterscape,Richard Deegan,0,Paul Nolan,16th,5 l,3,11-0t1,-,True,36,17
N/A,N/A,12:05,Soft,2m,Uberrima Fides,J. J. Slevin,0,Stuart Crawford,15th,Neck,3,11-0t,-,True,36,17
N/A,N/A,12:05,Soft,2m,Self Inflicted Sid,Peter Carberry,0,A. J. Martin,14th,7 1/2 l,3,11-0,-,True,36,17
N/A,N/A,12:05,Soft,2m,Portville (IRE),M. P. O'Connor,5,Peter Fahey,13th,3 1/4 l,3,10-7,-,True,36,17
N/A,N/A,12:05,Soft,2m,Got Grey (FR),Patrick Michael O'Brien,7,Gavin Patrick Cromwell,12th,1/2 l,3,11-0,-,True,36,17
N/A,N/A,12:05,Soft,2m,Vintage Gold (IRE),M. J. M. O'Sullivan,5,John Joseph Murphy,11th,1 1/2 l,3,11-0,-,True,36,17
N/A,N/A,12:05,Soft,2m,New Year Honours,J. W. Kennedy,0,Gordon Elliott,10th,3/4 l,3,10-7,-,True,36,17
N/A,N/A,12:05,Soft,2m,Puntastic (IRE),S. F. O'Keeffe,0,Paul Nolan,9th,1 3/4 l,3,11-0,-,True,36,17
N/A,N/A,12:05,Soft,2m,Gordons Aura (IRE),Sam Ewing,0,Gordon Elliott,8th,1 3/4 l,3,11-0,-,True,36,17
N/A,N/A,12:05,Soft,2m,Zanndabad (IRE),B. J. Cooper,0,A. J. Martin,7th,Short Head,3,11-0,-,True,36,17
N/A,N/A,12:05,Soft,2m,Almuhit (IRE),D. King,5,Denis Hogan,6th,1/2 l,3,11-0p1,-,True,36,17
N/A,N/A,12:05,Soft,2m,Mighty Mo Missouri (IRE),C. Smithers,7,Mrs J. Harrington,5th,1 1/4 l,3,11-0t,-,True,36,17
N/A,N/A,12:05,Soft,2m,Snapius (IRE),Gavin Peter Brouder,5,James A. Nash,4th,Head,3,11-0,-,True,36,17
N/A,N/A,12:05,Soft,2m,Goodie Two Shoes (IRE),S. D. Torrens,0,Joseph Patrick O'Brien,3rd,3 3/4 l,3,10-7t,-,True,36,17
N/A,N/A,12:05,Soft,2m,Ascending (IRE),Rachael Blackmore,0,Henry de Bromhead,2nd,1/2 l,3,11-0,-,True,36,17
N/A,N/A,12:05,Soft,2m,Tekao (FR),M. P. Walsh,0,W. P. Mullins,1st,N/A,3,11-0,-,True,36,17
N/A,N/A,12:05,Soft,2m,Showman,B. Hayes,0,Peter Fahey,RO,N/A,3,11-0,-,True,36,17
N/A,N/A,12:05,Soft,2m,Power to Love (IRE),K. C. Sexton,0,E. D. Delany,17th,15 l,3,10-7ht1,-,True,36,17
N/A,N/A,12:05,Soft,2m,Winterscape,Richard Deegan,0,Paul Nolan,16th,5 l,3,11-0t1,-,True,36,17
N/A,N/A,12:05,Soft,2m,Uberrima Fides,J. J. Slevin,0,Stuart Crawford,15th,Neck,3,11-0t,-,True,36,17
N/A,N/A,12:05,Soft,2m,Self Inflicted Sid,Peter Carberry,0,A. J. Martin,14th,7 1/2 l,3,11-0,-,True,36,17
N/A,N/A,12:05,Soft,2m,Portville (IRE),M. P. O'Connor,5,Peter Fahey,13th,3 1/4 l,3,10-7,-,True,36,17
N/A,N/A,12:05,Soft,2m,Got Grey (FR),Patrick Michael O'Brien,7,Gavin Patrick Cromwell,12th,1/2 l,3,11-0,-,True,36,17
N/A,N/A,12:05,Soft,2m,Vintage Gold (IRE),M. J. M. O'Sullivan,5,John Joseph Murphy,11th,1 1/2 l,3,11-0,-,True,36,17
N/A,N/A,12:05,Soft,2m,New Year Honours,J. W. Kennedy,0,Gordon Elliott,10th,3/4 l,3,10-7,-,True,36,17
N/A,N/A,12:05,Soft,2m,Puntastic (IRE),S. F. O'Keeffe,0,Paul Nolan,9th,1 3/4 l,3,11-0,-,True,36,17
N/A,N/A,12:05,Soft,2m,Gordons Aura (IRE),Sam Ewing,0,Gordon Elliott,8th,1 3/4 l,3,11-0,-,True,36,17
N/A,N/A,12:05,Soft,2m,Zanndabad (IRE),B. J. Cooper,0,A. J. Martin,7th,Short Head,3,11-0,-,True,36,17
N/A,N/A,12:05,Soft,2m,Almuhit (IRE),D. King,5,Denis Hogan,6th,1/2 l,3,11-0p1,-,True,36,17
N/A,N/A,12:05,Soft,2m,Mighty Mo Missouri (IRE),C. Smithers,7,Mrs J. Harrington,5th,1 1/4 l,3,11-0t,-,True,36,17
N/A,N/A,12:05,Soft,2m,Snapius (IRE),Gavin Peter Brouder,5,James A. Nash,4th,Head,3,11-0,-,True,36,17
N/A,N/A,12:05,Soft,2m,Goodie Two Shoes (IRE),S. D. Torrens,0,Joseph Patrick O'Brien,3rd,3 3/4 l,3,10-7t,-,True,36,17
N/A,N/A,12:05,Soft,2m,Ascending (IRE),Rachael Blackmore,0,Henry de Bromhead,2nd,1/2 l,3,11-0,-,True,36,17
N/A,N/A,12:05,Soft,2m,Tekao (FR),M. P. Walsh,0,W. P. Mullins,1st,N/A,3,11-0,-,True,36,17
N/A,N/A,12:35,Yielding (Soft In Places),2m 1f,Slip Of The Tongue (IRE),M. P. Walsh,0,Padraig Roche,F,N/A,5,11-12,-,True,36,18
N/A,N/A,12:35,Yielding (Soft In Places),2m 1f,Sea Ducor,R. A. Doyle,0,A. L. T. Moore,3rd,2 3/4 l,6,11-12,-,True,36,18
N/A,N/A,12:35,Yielding (Soft In Places),2m 1f,Irascible (FR),Rachael Blackmore,0,Henry de Bromhead,2nd,28 l,7,11-12tp,-,True,36,18
N/A,N/A,12:35,Yielding (Soft In Places),2m 1f,Dysart Dynamo (IRE),P. Townend,0,W. P. Mullins,1st,N/A,6,11-12t,-,True,36,18
N/A,N/A,12:35,Yielding (Soft In Places),2m 1f,Slip Of The Tongue (IRE),M. P. Walsh,0,Padraig Roche,F,N/A,5,11-12,-,True,36,18
N/A,N/A,12:35,Yielding (Soft In Places),2m 1f,Sea Ducor,R. A. Doyle,0,A. L. T. Moore,3rd,2 3/4 l,6,11-12,-,True,36,18
N/A,N/A,12:35,Yielding (Soft In Places),2m 1f,Irascible (FR),Rachael Blackmore,0,Henry de Bromhead,2nd,28 l,7,11-12tp,-,True,36,18
N/A,N/A,12:35,Yielding (Soft In Places),2m 1f,Dysart Dynamo (IRE),P. Townend,0,W. P. Mullins,1st,N/A,6,11-12t,-,True,36,18
N/A,N/A,13:10,Yielding (Soft In Places),2m 1f,Andy Dufresne (IRE),J. W. Kennedy,0,Gordon Elliott,7th,45 l,8,11-12,-,True,36,19
N/A,N/A,13:10,Yielding (Soft In Places),2m 1f,Gentleman De Mee (FR),M. P. Walsh,0,W. P. Mullins,6th,5 l,6,11-12ht,-,True,36,19
N/A,N/A,13:10,Yielding (Soft In Places),2m 1f,Jeremys Flame (IRE),Keith Donoghue,0,Gavin Patrick Cromwell,5th,22 l,8,11-5h,-,True,36,19
N/A,N/A,13:10,Yielding (Soft In Places),2m 1f,Coeur Sublime (IRE),B. J. Cooper,0,Henry de Bromhead,4th,Head,7,11-12t,-,True,36,19
N/A,N/A,13:10,Yielding (Soft In Places),2m 1f,Chacun Pour Soi (FR),P. Townend,0,W. P. Mullins,3rd,3 l,10,11-12,-,True,36,19
N/A,N/A,13:10,Yielding (Soft In Places),2m 1f,Captain Guinness (IRE),Rachael Blackmore,0,Henry de Bromhead,2nd,11 l,7,11-12,-,True,36,19
N/A,N/A,13:10,Yielding (Soft In Places),2m 1f,Blue Lord (FR),Daryl Jacob,0,W. P. Mullins,1st,N/A,7,11-12t,-,True,36,19
N/A,N/A,13:10,Yielding (Soft In Places),2m 1f,Andy Dufresne (IRE),J. W. Kennedy,0,Gordon Elliott,7th,45 l,8,11-12,-,True,36,19
N/A,N/A,13:10,Yielding (Soft In Places),2m 1f,Gentleman De Mee (FR),M. P. Walsh,0,W. P. Mullins,6th,5 l,6,11-12ht,-,True,36,19
N/A,N/A,13:10,Yielding (Soft In Places),2m 1f,Jeremys Flame (IRE),Keith Donoghue,0,Gavin Patrick Cromwell,5th,22 l,8,11-5h,-,True,36,19
N/A,N/A,13:10,Yielding (Soft In Places),2m 1f,Coeur Sublime (IRE),B. J. Cooper,0,Henry de Bromhead,4th,Head,7,11-12t,-,True,36,19
N/A,N/A,13:10,Yielding (Soft In Places),2m 1f,Chacun Pour Soi (FR),P. Townend,0,W. P. Mullins,3rd,3 l,10,11-12,-,True,36,19
N/A,N/A,13:10,Yielding (Soft In Places),2m 1f,Captain Guinness (IRE),Rachael Blackmore,0,Henry de Bromhead,2nd,11 l,7,11-12,-,True,36,19
N/A,N/A,13:10,Yielding (Soft In Places),2m 1f,Blue Lord (FR),Daryl Jacob,0,W. P. Mullins,1st,N/A,7,11-12t,-,True,36,19
N/A,N/A,13:45,Soft,2m,Itswhatunitesus (IRE),J. W. Kennedy,0,Gordon Elliott,6th,62 l,5,11-12h,-,True,36,20
N/A,N/A,13:45,Soft,2m,Intranet (FR),M. P. Walsh,0,W. P. Mullins,5th,5 l,4,11-12,-,True,36,20
N/A,N/A,13:45,Soft,2m,Path D'oroux (FR),Keith Donoghue,0,Gavin Patrick Cromwell,4th,19 l,5,11-12t,-,True,36,20
N/A,N/A,13:45,Soft,2m,Ashroe Diamond (IRE),Mr P. W. Mullins,0,W. P. Mullins,3rd,5 l,5,11-5,-,True,36,20
N/A,N/A,13:45,Soft,2m,Il Etait Temps (FR),D. E. Mullins,0,W. P. Mullins,2nd,4 l,4,11-12h,-,True,36,20
N/A,N/A,13:45,Soft,2m,Facile Vega (IRE),P. Townend,0,W. P. Mullins,1st,N/A,5,11-12,-,True,36,20
N/A,N/A,13:45,Soft,2m,Itswhatunitesus (IRE),J. W. Kennedy,0,Gordon Elliott,6th,62 l,5,11-12h,-,True,36,20
N/A,N/A,13:45,Soft,2m,Intranet (FR),M. P. Walsh,0,W. P. Mullins,5th,5 l,4,11-12,-,True,36,20
N/A,N/A,13:45,Soft,2m,Path D'oroux (FR),Keith Donoghue,0,Gavin Patrick Cromwell,4th,19 l,5,11-12t,-,True,36,20
N/A,N/A,13:45,Soft,2m,Ashroe Diamond (IRE),Mr P. W. Mullins,0,W. P. Mullins,3rd,5 l,5,11-5,-,True,36,20
N/A,N/A,13:45,Soft,2m,Il Etait Temps (FR),D. E. Mullins,0,W. P. Mullins,2nd,4 l,4,11-12h,-,True,36,20
N/A,N/A,13:45,Soft,2m,Facile Vega (IRE),P. Townend,0,W. P. Mullins,1st,N/A,5,11-12,-,True,36,20
N/A,N/A,14:20,Soft,2m,Tudor City (IRE),B. J. Cooper,0,A. J. Martin,14th,19 l,10,11-10t,138,True,36,21
N/A,N/A,14:20,Soft,2m,The Tide Turns,J. W. Kennedy,0,Gordon Elliott,13th,5 l,4,11-5t,133,True,36,21
N/A,N/A,14:20,Soft,2m,Marvel Fan (FR),Peter Carberry,0,A. J. Martin,12th,Neck,6,10-2t,116,True,36,21
N/A,N/A,14:20,Soft,2m,Walnut Beach (IRE),G. B. Noonan,7,Patrick J. Flynn,11th,18 l,5,10-9b,123,True,36,21
N/A,N/A,14:20,Soft,2m,Anna Bunina (FR),S. D. Torrens,0,John McConnell,10th,Head,6,11-12t,140,True,36,21
N/A,N/A,14:20,Soft,2m,Global Export (IRE),Patrick Michael O'Brien,7,Gavin Patrick Cromwell,9th,1/2 l,4,10-8h,122,True,36,21
N/A,N/A,14:20,Soft,2m,Annexation (FR),M. P. O'Connor,5,Henry de Bromhead,8th,3/4 l,6,11-7t,135,True,36,21
N/A,N/A,14:20,Soft,2m,Charli Parcs (FR),C. G. O'Dwyer,7,Aidan Anthony Howard,7th,6 l,9,10-7,121,True,36,21
N/A,N/A,14:20,Soft,2m,Nibiru (IRE),M. J. M. O'Sullivan,5,A. J. Martin,6th,5 l,7,10-9t,123,True,36,21
N/A,N/A,14:20,Soft,2m,Watch House Cross (IRE),Rachael Blackmore,0,Henry de Bromhead,5th,1/2 l,5,11-10tp,138,True,36,21
N/A,N/A,14:20,Soft,2m,Gold Speed (FR),K. C. Sexton,0,Adrian Murray,4th,4 l,9,10-5h,119,True,36,21
N/A,N/A,14:20,Soft,2m,One Last Tango (IRE),M. P. Walsh,0,Eoin Griffin,3rd,1 1/2 l,5,10-5,119,True,36,21
N/A,N/A,14:20,Soft,2m,Palace Rock (IRE),Patrick O'Hanlon,5,Francis Casey,2nd,6 1/2 l,5,11-4,132,True,36,21
N/A,N/A,14:20,Soft,2m,Winter Fog (IRE),Kieran Callaghan,7,W. P. Mullins,1st,N/A,8,11-8,136,True,36,21
N/A,N/A,14:20,Soft,2m,Tudor City (IRE),B. J. Cooper,0,A. J. Martin,14th,19 l,10,11-10t,138,True,36,21
N/A,N/A,14:20,Soft,2m,The Tide Turns,J. W. Kennedy,0,Gordon Elliott,13th,5 l,4,11-5t,133,True,36,21
N/A,N/A,14:20,Soft,2m,Marvel Fan (FR),Peter Carberry,0,A. J. Martin,12th,Neck,6,10-2t,116,True,36,21
N/A,N/A,14:20,Soft,2m,Walnut Beach (IRE),G. B. Noonan,7,Patrick J. Flynn,11th,18 l,5,10-9b,123,True,36,21
N/A,N/A,14:20,Soft,2m,Anna Bunina (FR),S. D. Torrens,0,John McConnell,10th,Head,6,11-12t,140,True,36,21
N/A,N/A,14:20,Soft,2m,Global Export (IRE),Patrick Michael O'Brien,7,Gavin Patrick Cromwell,9th,1/2 l,4,10-8h,122,True,36,21
N/A,N/A,14:20,Soft,2m,Annexation (FR),M. P. O'Connor,5,Henry de Bromhead,8th,3/4 l,6,11-7t,135,True,36,21
N/A,N/A,14:20,Soft,2m,Charli Parcs (FR),C. G. O'Dwyer,7,Aidan Anthony Howard,7th,6 l,9,10-7,121,True,36,21
N/A,N/A,14:20,Soft,2m,Nibiru (IRE),M. J. M. O'Sullivan,5,A. J. Martin,6th,5 l,7,10-9t,123,True,36,21
N/A,N/A,14:20,Soft,2m,Watch House Cross (IRE),Rachael Blackmore,0,Henry de Bromhead,5th,1/2 l,5,11-10tp,138,True,36,21
N/A,N/A,14:20,Soft,2m,Gold Speed (FR),K. C. Sexton,0,Adrian Murray,4th,4 l,9,10-5h,119,True,36,21
N/A,N/A,14:20,Soft,2m,One Last Tango (IRE),M. P. Walsh,0,Eoin Griffin,3rd,1 1/2 l,5,10-5,119,True,36,21
N/A,N/A,14:20,Soft,2m,Palace Rock (IRE),Patrick O'Hanlon,5,Francis Casey,2nd,6 1/2 l,5,11-4,132,True,36,21
N/A,N/A,14:20,Soft,2m,Winter Fog (IRE),Kieran Callaghan,7,W. P. Mullins,1st,N/A,8,11-8,136,True,36,21
N/A,N/A,15:00,Yielding (Soft In Places),3m 50y,Donkey Years (IRE),M. P. Walsh,0,Eric McNamara,UR,N/A,8,10-11tp,134,True,36,22
N/A,N/A,15:00,Yielding (Soft In Places),3m 50y,Egality Mans (FR),M. J. M. O'Sullivan,5,W. P. Mullins,PU,N/A,8,10-12p1,135,True,36,22
N/A,N/A,15:00,Yielding (Soft In Places),3m 50y,Stones and Roses (IRE),Jack Foley,0,W. P. Mullins,PU,N/A,8,10-9,132,True,36,22
N/A,N/A,15:00,Yielding (Soft In Places),3m 50y,Death Duty (IRE),J. W. Kennedy,0,Gordon Elliott,PU,N/A,11,11-3,140,True,36,22
N/A,N/A,15:00,Yielding (Soft In Places),3m 50y,Captain Kangaroo (IRE),Kieran Callaghan,7,W. P. Mullins,F,N/A,7,10-9t,132,True,36,22
N/A,N/A,15:00,Yielding (Soft In Places),3m 50y,Mr Incredible (IRE),B. Hayes,0,W. P. Mullins,F,N/A,6,11-3,140,True,36,22
N/A,N/A,15:00,Yielding (Soft In Places),3m 50y,Battleoverdoyen (IRE),Mr C. P. Millar,7,Gordon Elliott,22nd,96 l,9,11-10t,147,True,36,22
N/A,N/A,15:00,Yielding (Soft In Places),3m 50y,Fighter Allen (FR),B. W. Harvey,5,W. P. Mullins,21st,79 l,7,11-7t,144,True,36,22
N/A,N/A,15:00,Yielding (Soft In Places),3m 50y,Recite a Prayer (IRE),D. E. Mullins,0,W. P. Mullins,20th,6 l,7,11-5t,142,True,36,22
N/A,N/A,15:00,Yielding (Soft In Places),3m 50y,Gallant John Joe (IRE),R. J. Condon,5,Oliver McKiernan,19th,1 3/4 l,9,11-1tb,138,True,36,22
N/A,N/A,15:00,Yielding (Soft In Places),3m 50y,Born By The Sea (IRE),Jack G. Gilligan,7,Paul John Gilligan,18th,21 l,8,10-13p,136,True,36,22
N/A,N/A,15:00,Yielding (Soft In Places),3m 50y,Defi Bleu (FR),Sam Ewing,0,Gordon Elliott,17th,3 3/4 l,9,11-2tp,139,True,36,22
N/A,N/A,15:00,Yielding (Soft In Places),3m 50y,Ciel De Neige (FR),P. Townend,0,W. P. Mullins,16th,9 l,7,11-12,149,True,36,22
N/A,N/A,15:00,Yielding (Soft In Places),3m 50y,Walking On Glass (IRE),A. P. Kelly,0,Padraig Roche,15th,1/2 l,7,10-10p,133,True,36,22
N/A,N/A,15:00,Yielding (Soft In Places),3m 50y,A Wave Of The Sea (IRE),S. Fitzgerald,3,Joseph Patrick O'Brien,14th,2 1/4 l,6,11-9b,146,True,36,22
N/A,N/A,15:00,Yielding (Soft In Places),3m 50y,Early Doors (FR),S. D. Torrens,0,Joseph Patrick O'Brien,13th,3 l,9,11-9b1,146,True,36,22
N/A,N/A,15:00,Yielding (Soft In Places),3m 50y,Western Zara (IRE),Richard Deegan,0,Paul Nolan,12th,2 3/4 l,6,10-7,130,True,36,22
N/A,N/A,15:00,Yielding (Soft In Places),3m 50y,Carefully Selected (IRE),S. F. O'Keeffe,0,W. P. Mullins,11th,7 l,10,11-10,147,True,36,22
N/A,N/A,15:00,Yielding (Soft In Places),3m 50y,Enjoy D'allen (FR),Keith Donoghue,0,Ciaran Murphy,10th,7 1/2 l,8,11-10b,147,True,36,22
N/A,N/A,15:00,Yielding (Soft In Places),3m 50y,Take All (IRE),K. C. Sexton,0,Seamus Fahey,9th,1/2 l,7,11-0ht,137,True,36,22
N/A,N/A,15:00,Yielding (Soft In Places),3m 50y,Farceur Du Large (FR),B. J. Cooper,0,Noel Meade,8th,1 l,7,10-13p,136,True,36,22
N/A,N/A,15:00,Yielding (Soft In Places),3m 50y,Ballyshannon Rose (IRE),Cian Cullinan,7,P. G. Fahey,7th,1 l,9,11-5,142,True,36,22
N/A,N/A,15:00,Yielding (Soft In Places),3m 50y,Gabbys Cross (IRE),Peter Carberry,0,Henry de Bromhead,6th,1 1/2 l,7,11-6,143,True,36,22
N/A,N/A,15:00,Yielding (Soft In Places),3m 50y,Foxy Jacks (IRE),Shane Fenelon,0,M. F. Morris,5th,1 1/4 l,8,11-0p,137,True,36,22
N/A,N/A,15:00,Yielding (Soft In Places),3m 50y,Ain't That A Shame (IRE),Rachael Blackmore,0,Henry de Bromhead,4th,Neck,8,11-7,144,True,36,22
N/A,N/A,15:00,Yielding (Soft In Places),3m 50y,Panda Boy (IRE),J. J. Slevin,0,Martin Brassil,3rd,3/4 l,6,10-13,136,True,36,22
N/A,N/A,15:00,Yielding (Soft In Places),3m 50y,Diol Ker (FR),K. E. Buckley,5,Noel Meade,2nd,Short Head,8,11-8b1,145,True,36,22
N/A,N/A,15:00,Yielding (Soft In Places),3m 50y,Real Steel (FR),C. P. McNamara,0,Eric McNamara,1st,N/A,9,10-8,131,True,36,22
N/A,N/A,15:00,Yielding (Soft In Places),3m 50y,Donkey Years (IRE),M. P. Walsh,0,Eric McNamara,UR,N/A,8,10-11tp,134,True,36,22
N/A,N/A,15:00,Yielding (Soft In Places),3m 50y,Egality Mans (FR),M. J. M. O'Sullivan,5,W. P. Mullins,PU,N/A,8,10-12p1,135,True,36,22
N/A,N/A,15:00,Yielding (Soft In Places),3m 50y,Stones and Roses (IRE),Jack Foley,0,W. P. Mullins,PU,N/A,8,10-9,132,True,36,22
N/A,N/A,15:00,Yielding (Soft In Places),3m 50y,Death Duty (IRE),J. W. Kennedy,0,Gordon Elliott,PU,N/A,11,11-3,140,True,36,22
N/A,N/A,15:00,Yielding (Soft In Places),3m 50y,Captain Kangaroo (IRE),Kieran Callaghan,7,W. P. Mullins,F,N/A,7,10-9t,132,True,36,22
N/A,N/A,15:00,Yielding (Soft In Places),3m 50y,Mr Incredible (IRE),B. Hayes,0,W. P. Mullins,F,N/A,6,11-3,140,True,36,22
N/A,N/A,15:00,Yielding (Soft In Places),3m 50y,Battleoverdoyen (IRE),Mr C. P. Millar,7,Gordon Elliott,22nd,96 l,9,11-10t,147,True,36,22
N/A,N/A,15:00,Yielding (Soft In Places),3m 50y,Fighter Allen (FR),B. W. Harvey,5,W. P. Mullins,21st,79 l,7,11-7t,144,True,36,22
N/A,N/A,15:00,Yielding (Soft In Places),3m 50y,Recite a Prayer (IRE),D. E. Mullins,0,W. P. Mullins,20th,6 l,7,11-5t,142,True,36,22
N/A,N/A,15:00,Yielding (Soft In Places),3m 50y,Gallant John Joe (IRE),R. J. Condon,5,Oliver McKiernan,19th,1 3/4 l,9,11-1tb,138,True,36,22
N/A,N/A,15:00,Yielding (Soft In Places),3m 50y,Born By The Sea (IRE),Jack G. Gilligan,7,Paul John Gilligan,18th,21 l,8,10-13p,136,True,36,22
N/A,N/A,15:00,Yielding (Soft In Places),3m 50y,Defi Bleu (FR),Sam Ewing,0,Gordon Elliott,17th,3 3/4 l,9,11-2tp,139,True,36,22
N/A,N/A,15:00,Yielding (Soft In Places),3m 50y,Ciel De Neige (FR),P. Townend,0,W. P. Mullins,16th,9 l,7,11-12,149,True,36,22
N/A,N/A,15:00,Yielding (Soft In Places),3m 50y,Walking On Glass (IRE),A. P. Kelly,0,Padraig Roche,15th,1/2 l,7,10-10p,133,True,36,22
N/A,N/A,15:00,Yielding (Soft In Places),3m 50y,A Wave Of The Sea (IRE),S. Fitzgerald,3,Joseph Patrick O'Brien,14th,2 1/4 l,6,11-9b,146,True,36,22
N/A,N/A,15:00,Yielding (Soft In Places),3m 50y,Early Doors (FR),S. D. Torrens,0,Joseph Patrick O'Brien,13th,3 l,9,11-9b1,146,True,36,22
N/A,N/A,15:00,Yielding (Soft In Places),3m 50y,Western Zara (IRE),Richard Deegan,0,Paul Nolan,12th,2 3/4 l,6,10-7,130,True,36,22
N/A,N/A,15:00,Yielding (Soft In Places),3m 50y,Carefully Selected (IRE),S. F. O'Keeffe,0,W. P. Mullins,11th,7 l,10,11-10,147,True,36,22
N/A,N/A,15:00,Yielding (Soft In Places),3m 50y,Enjoy D'allen (FR),Keith Donoghue,0,Ciaran Murphy,10th,7 1/2 l,8,11-10b,147,True,36,22
N/A,N/A,15:00,Yielding (Soft In Places),3m 50y,Take All (IRE),K. C. Sexton,0,Seamus Fahey,9th,1/2 l,7,11-0ht,137,True,36,22
N/A,N/A,15:00,Yielding (Soft In Places),3m 50y,Farceur Du Large (FR),B. J. Cooper,0,Noel Meade,8th,1 l,7,10-13p,136,True,36,22
N/A,N/A,15:00,Yielding (Soft In Places),3m 50y,Ballyshannon Rose (IRE),Cian Cullinan,7,P. G. Fahey,7th,1 l,9,11-5,142,True,36,22
N/A,N/A,15:00,Yielding (Soft In Places),3m 50y,Gabbys Cross (IRE),Peter Carberry,0,Henry de Bromhead,6th,1 1/2 l,7,11-6,143,True,36,22
N/A,N/A,15:00,Yielding (Soft In Places),3m 50y,Foxy Jacks (IRE),Shane Fenelon,0,M. F. Morris,5th,1 1/4 l,8,11-0p,137,True,36,22
N/A,N/A,15:00,Yielding (Soft In Places),3m 50y,Ain't That A Shame (IRE),Rachael Blackmore,0,Henry de Bromhead,4th,Neck,8,11-7,144,True,36,22
N/A,N/A,15:00,Yielding (Soft In Places),3m 50y,Panda Boy (IRE),J. J. Slevin,0,Martin Brassil,3rd,3/4 l,6,10-13,136,True,36,22
N/A,N/A,15:00,Yielding (Soft In Places),3m 50y,Diol Ker (FR),K. E. Buckley,5,Noel Meade,2nd,Short Head,8,11-8b1,145,True,36,22
N/A,N/A,15:00,Yielding (Soft In Places),3m 50y,Real Steel (FR),C. P. McNamara,0,Eric McNamara,1st,N/A,9,10-8,131,True,36,22
N/A,N/A,15:35,Yielding (Soft In Places),2m 4f,Storm Barra (IRE),Mr H. E. Sexton,7,Adrian Sexton,10th,32 l,4,12-0,-,True,36,23
N/A,N/A,15:35,Yielding (Soft In Places),2m 4f,Free Parking (IRE),Mr L. D. Andrews,7,John McConnell,9th,3/4 l,5,12-0t1,-,True,36,23
N/A,N/A,15:35,Yielding (Soft In Places),2m 4f,Toor Moon (IRE),Miss S. Ahern,7,Ms M. Flynn,8th,41 l,5,12-0,-,True,36,23
N/A,N/A,15:35,Yielding (Soft In Places),2m 4f,Iconic Flame (IRE),Mr J. L. Gleeson,7,John Queally,7th,1/2 l,5,12-0,-,True,36,23
N/A,N/A,15:35,Yielding (Soft In Places),2m 4f,Matilda Park (IRE),Mr Finian Maguire,0,G. Ahern,6th,52 l,4,11-7,-,True,36,23
N/A,N/A,15:35,Yielding (Soft In Places),2m 4f,Ask Anything (IRE),Mr J. Dunne,7,Gavin Patrick Cromwell,5th,Short Head,4,12-0,-,True,36,23
N/A,N/A,15:35,Yielding (Soft In Places),2m 4f,Kalanisi Flash (IRE),Mr A. Harvey,7,John McConnell,4th,14 l,5,12-0,-,True,36,23
N/A,N/A,15:35,Yielding (Soft In Places),2m 4f,Will Do (IRE),Mr H. C. Swan,7,Gordon Elliott,3rd,7 1/2 l,5,12-0,-,True,36,23
N/A,N/A,15:35,Yielding (Soft In Places),2m 4f,Irish Panther,Mr D. O'Connor,0,E. J. O'Grady,2nd,2 l,5,12-0,-,True,36,23
N/A,N/A,15:35,Yielding (Soft In Places),2m 4f,Fact To File (FR),Mr P. W. Mullins,0,W. P. Mullins,1st,N/A,5,12-0,-,True,36,23
N/A,N/A,15:35,Yielding (Soft In Places),2m 4f,Storm Barra (IRE),Mr H. E. Sexton,7,Adrian Sexton,10th,32 l,4,12-0,-,True,36,23
N/A,N/A,15:35,Yielding (Soft In Places),2m 4f,Free Parking (IRE),Mr L. D. Andrews,7,John McConnell,9th,3/4 l,5,12-0t1,-,True,36,23
N/A,N/A,15:35,Yielding (Soft In Places),2m 4f,Toor Moon (IRE),Miss S. Ahern,7,Ms M. Flynn,8th,41 l,5,12-0,-,True,36,23
N/A,N/A,15:35,Yielding (Soft In Places),2m 4f,Iconic Flame (IRE),Mr J. L. Gleeson,7,John Queally,7th,1/2 l,5,12-0,-,True,36,23
N/A,N/A,15:35,Yielding (Soft In Places),2m 4f,Matilda Park (IRE),Mr Finian Maguire,0,G. Ahern,6th,52 l,4,11-7,-,True,36,23
N/A,N/A,15:35,Yielding (Soft In Places),2m 4f,Ask Anything (IRE),Mr J. Dunne,7,Gavin Patrick Cromwell,5th,Short Head,4,12-0,-,True,36,23
N/A,N/A,15:35,Yielding (Soft In Places),2m 4f,Kalanisi Flash (IRE),Mr A. Harvey,7,John McConnell,4th,14 l,5,12-0,-,True,36,23
N/A,N/A,15:35,Yielding (Soft In Places),2m 4f,Will Do (IRE),Mr H. C. Swan,7,Gordon Elliott,3rd,7 1/2 l,5,12-0,-,True,36,23
N/A,N/A,15:35,Yielding (Soft In Places),2m 4f,Irish Panther,Mr D. O'Connor,0,E. J. O'Grady,2nd,2 l,5,12-0,-,True,36,23
N/A,N/A,15:35,Yielding (Soft In Places),2m 4f,Fact To File (FR),Mr P. W. Mullins,0,W. P. Mullins,1st,N/A,5,12-0,-,True,36,23
N/A,N/A,12:19,Soft To Heavy (Heavy In Places),2m 1f 160y,Commandingpresence (IRE),D. P. Maxwell,7,Andrew McNamara,PU,N/A,7,11-5,-,True,36,24
N/A,N/A,12:19,Soft To Heavy (Heavy In Places),2m 1f 160y,Kamus (FR),D. J. O'Keeffe,0,Henry de Bromhead,7th,2 1/2 l,4,10-13,-,True,36,24
N/A,N/A,12:19,Soft To Heavy (Heavy In Places),2m 1f 160y,Broomfields Jeremy (IRE),L. P. Dempsey,0,J. P. Dempsey,6th,15 l,7,11-5t,-,True,36,24
N/A,N/A,12:19,Soft To Heavy (Heavy In Places),2m 1f 160y,Jody Ted (IRE),Donagh Meyler,0,Eoin Griffin,5th,8 1/2 l,6,11-9,-,True,36,24
N/A,N/A,12:19,Soft To Heavy (Heavy In Places),2m 1f 160y,Irish Blaze (IRE),Jordan Colin Gainford,0,Gordon Elliott,4th,3 3/4 l,6,11-5,-,True,36,24
N/A,N/A,12:19,Soft To Heavy (Heavy In Places),2m 1f 160y,Mount Brown (IRE),E. Walsh,5,Noel Meade,3rd,11 l,5,11-5,-,True,36,24
N/A,N/A,12:19,Soft To Heavy (Heavy In Places),2m 1f 160y,Limerick Lace (IRE),Denis O'Regan,0,Gavin Patrick Cromwell,2nd,4 3/4 l,5,11-5,-,True,36,24
N/A,N/A,12:19,Soft To Heavy (Heavy In Places),2m 1f 160y,Drumbear,Mr J. C. Barry,3,John McConnell,1st,N/A,6,11-5ht,-,True,36,24
N/A,N/A,12:19,Soft To Heavy (Heavy In Places),2m 1f 160y,Commandingpresence (IRE),D. P. Maxwell,7,Andrew McNamara,PU,N/A,7,11-5,-,True,36,24
N/A,N/A,12:19,Soft To Heavy (Heavy In Places),2m 1f 160y,Kamus (FR),D. J. O'Keeffe,0,Henry de Bromhead,7th,2 1/2 l,4,10-13,-,True,36,24
N/A,N/A,12:19,Soft To Heavy (Heavy In Places),2m 1f 160y,Broomfields Jeremy (IRE),L. P. Dempsey,0,J. P. Dempsey,6th,15 l,7,11-5t,-,True,36,24
N/A,N/A,12:19,Soft To Heavy (Heavy In Places),2m 1f 160y,Jody Ted (IRE),Donagh Meyler,0,Eoin Griffin,5th,8 1/2 l,6,11-9,-,True,36,24
N/A,N/A,12:19,Soft To Heavy (Heavy In Places),2m 1f 160y,Irish Blaze (IRE),Jordan Colin Gainford,0,Gordon Elliott,4th,3 3/4 l,6,11-5,-,True,36,24
N/A,N/A,12:19,Soft To Heavy (Heavy In Places),2m 1f 160y,Mount Brown (IRE),E. Walsh,5,Noel Meade,3rd,11 l,5,11-5,-,True,36,24
N/A,N/A,12:19,Soft To Heavy (Heavy In Places),2m 1f 160y,Limerick Lace (IRE),Denis O'Regan,0,Gavin Patrick Cromwell,2nd,4 3/4 l,5,11-5,-,True,36,24
N/A,N/A,12:19,Soft To Heavy (Heavy In Places),2m 1f 160y,Drumbear,Mr J. C. Barry,3,John McConnell,1st,N/A,6,11-5ht,-,True,36,24
N/A,N/A,12:54,Soft To Heavy (Heavy In Places),2m 6f 120y,Chateau Elan (IRE),Mr I. Cribbin,7,Ross O'Sullivan,UR,N/A,5,12-0h1,-,True,36,25
N/A,N/A,12:54,Soft To Heavy (Heavy In Places),2m 6f 120y,The Blind Piper (IRE),Mr J. C. Barry,3,Edward F. Power,F,N/A,9,12-0t,-,True,36,25
N/A,N/A,12:54,Soft To Heavy (Heavy In Places),2m 6f 120y,War Call (FR),Mr J. C. Canavan,7,S. Curling,F,N/A,6,12-0,-,True,36,25
N/A,N/A,12:54,Soft To Heavy (Heavy In Places),2m 6f 120y,Loggan Lady (IRE),Mr B. J. Walsh,7,Barry John Walsh,10th,3 l,10,11-7,-,True,36,25
N/A,N/A,12:54,Soft To Heavy (Heavy In Places),2m 6f 120y,Clonmeen (IRE),Mr P. A. King,5,W. P. Murphy,9th,4 1/2 l,7,12-0t,-,True,36,25
N/A,N/A,12:54,Soft To Heavy (Heavy In Places),2m 6f 120y,Clounts Glory (IRE),Mr A. Burke-Ott,7,Michael Winters,8th,10 l,7,11-7tp,-,True,36,25
N/A,N/A,12:54,Soft To Heavy (Heavy In Places),2m 6f 120y,Royal Juniper (IRE),Miss M. O'Sullivan,5,A. J. Martin,7th,1 l,6,12-0t,-,True,36,25
N/A,N/A,12:54,Soft To Heavy (Heavy In Places),2m 6f 120y,Grange Island (IRE),Mr M. J. O'Connor,0,W. J. Burke,6th,20 l,6,12-0,-,True,36,25
N/A,N/A,12:54,Soft To Heavy (Heavy In Places),2m 6f 120y,Baldur's Gate (IRE),Mr R. W. Barron,7,Miss D. M. O'Shea,5th,1 1/4 l,7,12-0,-,True,36,25
N/A,N/A,12:54,Soft To Heavy (Heavy In Places),2m 6f 120y,Lavinia Fontana (IRE),Mr S. Cavanagh,7,Ciaran Murphy,4th,1 1/4 l,5,11-7,-,True,36,25
N/A,N/A,12:54,Soft To Heavy (Heavy In Places),2m 6f 120y,Clashabreeda (IRE),Mr D. N. Nevin,7,John Joseph Hanlon,3rd,4 1/2 l,7,11-7,-,True,36,25
N/A,N/A,12:54,Soft To Heavy (Heavy In Places),2m 6f 120y,Johngus (IRE),Mr J. Hurley,7,Sean Aherne,2nd,12 l,8,12-0t,-,True,36,25
N/A,N/A,12:54,Soft To Heavy (Heavy In Places),2m 6f 120y,Ultimate Optimist (IRE),Mr B. O'Neill,0,David Christie,1st,N/A,6,12-0,-,True,36,25
N/A,N/A,12:54,Soft To Heavy (Heavy In Places),2m 6f 120y,Chateau Elan (IRE),Mr I. Cribbin,7,Ross O'Sullivan,UR,N/A,5,12-0h1,-,True,36,25
N/A,N/A,12:54,Soft To Heavy (Heavy In Places),2m 6f 120y,The Blind Piper (IRE),Mr J. C. Barry,3,Edward F. Power,F,N/A,9,12-0t,-,True,36,25
N/A,N/A,12:54,Soft To Heavy (Heavy In Places),2m 6f 120y,War Call (FR),Mr J. C. Canavan,7,S. Curling,F,N/A,6,12-0,-,True,36,25
N/A,N/A,12:54,Soft To Heavy (Heavy In Places),2m 6f 120y,Loggan Lady (IRE),Mr B. J. Walsh,7,Barry John Walsh,10th,3 l,10,11-7,-,True,36,25
N/A,N/A,12:54,Soft To Heavy (Heavy In Places),2m 6f 120y,Clonmeen (IRE),Mr P. A. King,5,W. P. Murphy,9th,4 1/2 l,7,12-0t,-,True,36,25
N/A,N/A,12:54,Soft To Heavy (Heavy In Places),2m 6f 120y,Clounts Glory (IRE),Mr A. Burke-Ott,7,Michael Winters,8th,10 l,7,11-7tp,-,True,36,25
N/A,N/A,12:54,Soft To Heavy (Heavy In Places),2m 6f 120y,Royal Juniper (IRE),Miss M. O'Sullivan,5,A. J. Martin,7th,1 l,6,12-0t,-,True,36,25
N/A,N/A,12:54,Soft To Heavy (Heavy In Places),2m 6f 120y,Grange Island (IRE),Mr M. J. O'Connor,0,W. J. Burke,6th,20 l,6,12-0,-,True,36,25
N/A,N/A,12:54,Soft To Heavy (Heavy In Places),2m 6f 120y,Baldur's Gate (IRE),Mr R. W. Barron,7,Miss D. M. O'Shea,5th,1 1/4 l,7,12-0,-,True,36,25
N/A,N/A,12:54,Soft To Heavy (Heavy In Places),2m 6f 120y,Lavinia Fontana (IRE),Mr S. Cavanagh,7,Ciaran Murphy,4th,1 1/4 l,5,11-7,-,True,36,25
N/A,N/A,12:54,Soft To Heavy (Heavy In Places),2m 6f 120y,Clashabreeda (IRE),Mr D. N. Nevin,7,John Joseph Hanlon,3rd,4 1/2 l,7,11-7,-,True,36,25
N/A,N/A,12:54,Soft To Heavy (Heavy In Places),2m 6f 120y,Johngus (IRE),Mr J. Hurley,7,Sean Aherne,2nd,12 l,8,12-0t,-,True,36,25
N/A,N/A,12:54,Soft To Heavy (Heavy In Places),2m 6f 120y,Ultimate Optimist (IRE),Mr B. O'Neill,0,David Christie,1st,N/A,6,12-0,-,True,36,25
N/A,N/A,13:29,Soft To Heavy (Heavy In Places),2m 7f,Kalanisi Star,Phillip Enright,0,Oliver McKiernan,5th,Neck,5,11-3,-,True,36,26
N/A,N/A,13:29,Soft To Heavy (Heavy In Places),2m 7f,Jungle Prose (IRE),Denis O'Regan,0,Gordon Elliott,4th,6 1/2 l,7,10-10p,-,True,36,26
N/A,N/A,13:29,Soft To Heavy (Heavy In Places),2m 7f,Harry Des Ongrais (FR),D. J. O'Keeffe,0,Henry de Bromhead,3rd,3 l,5,11-3,-,True,36,26
N/A,N/A,13:29,Soft To Heavy (Heavy In Places),2m 7f,Letsbeclearaboutit (IRE),L. P. Dempsey,0,Gavin Patrick Cromwell,2nd,4 1/4 l,7,11-3,-,True,36,26
N/A,N/A,13:29,Soft To Heavy (Heavy In Places),2m 7f,Favori De Champdou (FR),Jordan Colin Gainford,0,Gordon Elliott,1st,N/A,7,11-3,-,True,36,26
N/A,N/A,13:29,Soft To Heavy (Heavy In Places),2m 7f,Kalanisi Star,Phillip Enright,0,Oliver McKiernan,5th,Neck,5,11-3,-,True,36,26
N/A,N/A,13:29,Soft To Heavy (Heavy In Places),2m 7f,Jungle Prose (IRE),Denis O'Regan,0,Gordon Elliott,4th,6 1/2 l,7,10-10p,-,True,36,26
N/A,N/A,13:29,Soft To Heavy (Heavy In Places),2m 7f,Harry Des Ongrais (FR),D. J. O'Keeffe,0,Henry de Bromhead,3rd,3 l,5,11-3,-,True,36,26
N/A,N/A,13:29,Soft To Heavy (Heavy In Places),2m 7f,Letsbeclearaboutit (IRE),L. P. Dempsey,0,Gavin Patrick Cromwell,2nd,4 1/4 l,7,11-3,-,True,36,26
N/A,N/A,13:29,Soft To Heavy (Heavy In Places),2m 7f,Favori De Champdou (FR),Jordan Colin Gainford,0,Gordon Elliott,1st,N/A,7,11-3,-,True,36,26
N/A,N/A,14:04,Soft To Heavy (Heavy In Places),2m 4f,Sapphire Grace (IRE),L. A. McKenna,7,Eric McNamara,PU,N/A,4,10-13,-,True,36,27
N/A,N/A,14:04,Soft To Heavy (Heavy In Places),2m 4f,Skipinyourstep (IRE),Philip Donovan,5,Richard James Daniels,PU,N/A,5,10-13,-,True,36,27
N/A,N/A,14:04,Soft To Heavy (Heavy In Places),2m 4f,Leontine (IRE),C. A. Landers,0,P. F. O'Donnell,F,N/A,6,10-13,-,True,36,27
N/A,N/A,14:04,Soft To Heavy (Heavy In Places),2m 4f,Nicoles Getaway (IRE),C. M. Quirke,7,Sean Aherne,15th,94 l,4,10-13,-,True,36,27
N/A,N/A,14:04,Soft To Heavy (Heavy In Places),2m 4f,All About Lucy (IRE),A. M. McCurtin,3,Eoin Christopher McCarthy,14th,19 l,5,10-13,-,True,36,27
N/A,N/A,14:04,Soft To Heavy (Heavy In Places),2m 4f,Danesfort Mayfly (IRE),Donagh Meyler,0,W. J. Lanigan,13th,14 l,5,10-13,-,True,36,27
N/A,N/A,14:04,Soft To Heavy (Heavy In Places),2m 4f,Autumn In the Park (IRE),Miss M. O'Sullivan,5,Niall O'Flynn,12th,4 1/2 l,5,10-13,-,True,36,27
N/A,N/A,14:04,Soft To Heavy (Heavy In Places),2m 4f,Millstream Lady (IRE),Corey McGivern,7,Eric McNamara,11th,4 3/4 l,4,10-13,-,True,36,27
N/A,N/A,14:04,Soft To Heavy (Heavy In Places),2m 4f,Catrionas Darling (IRE),Phillip Enright,0,James Daniel Dullea,10th,1 1/4 l,5,10-13,-,True,36,27
N/A,N/A,14:04,Soft To Heavy (Heavy In Places),2m 4f,Glorious Singer (IRE),Mr Adam Feeney,7,Ms A. Curran,9th,2 1/2 l,7,10-13p,-,True,36,27
N/A,N/A,14:04,Soft To Heavy (Heavy In Places),2m 4f,Shes So Glorious (IRE),E. Walsh,5,Paul O'Flynn,8th,17 l,6,10-13,-,True,36,27
N/A,N/A,14:04,Soft To Heavy (Heavy In Places),2m 4f,Parvos (IRE),Denis O'Regan,0,Michael C. Griffin,7th,8 l,5,10-13,-,True,36,27
N/A,N/A,14:04,Soft To Heavy (Heavy In Places),2m 4f,Kates Hill (IRE),P. Byrnes,5,P. E. Collins,6th,12 l,7,10-13,-,True,36,27
N/A,N/A,14:04,Soft To Heavy (Heavy In Places),2m 4f,Kudasheva (IRE),D. J. O'Keeffe,0,Henry de Bromhead,5th,4 3/4 l,4,10-13,-,True,36,27
N/A,N/A,14:04,Soft To Heavy (Heavy In Places),2m 4f,Walk With Paul (FR),C. Brassil,5,Martin Brassil,4th,2 1/2 l,6,10-13ht,-,True,36,27
N/A,N/A,14:04,Soft To Heavy (Heavy In Places),2m 4f,Emily Roebling (IRE),L. P. Dempsey,0,Gerard Kelleher,3rd,1/2 l,8,10-13,-,True,36,27
N/A,N/A,14:04,Soft To Heavy (Heavy In Places),2m 4f,Hauturiere (FR),Mr Elliot Ohgren,5,W. P. Mullins,2nd,4 l,5,10-13,-,True,36,27
N/A,N/A,14:04,Soft To Heavy (Heavy In Places),2m 4f,Shecouldbeanything (IRE),Jordan Colin Gainford,0,Gordon Elliott,1st,N/A,5,11-7,-,True,36,27
N/A,N/A,14:04,Soft To Heavy (Heavy In Places),2m 4f,Sapphire Grace (IRE),L. A. McKenna,7,Eric McNamara,PU,N/A,4,10-13,-,True,36,27
N/A,N/A,14:04,Soft To Heavy (Heavy In Places),2m 4f,Skipinyourstep (IRE),Philip Donovan,5,Richard James Daniels,PU,N/A,5,10-13,-,True,36,27
N/A,N/A,14:04,Soft To Heavy (Heavy In Places),2m 4f,Leontine (IRE),C. A. Landers,0,P. F. O'Donnell,F,N/A,6,10-13,-,True,36,27
N/A,N/A,14:04,Soft To Heavy (Heavy In Places),2m 4f,Nicoles Getaway (IRE),C. M. Quirke,7,Sean Aherne,15th,94 l,4,10-13,-,True,36,27
N/A,N/A,14:04,Soft To Heavy (Heavy In Places),2m 4f,All About Lucy (IRE),A. M. McCurtin,3,Eoin Christopher McCarthy,14th,19 l,5,10-13,-,True,36,27
N/A,N/A,14:04,Soft To Heavy (Heavy In Places),2m 4f,Danesfort Mayfly (IRE),Donagh Meyler,0,W. J. Lanigan,13th,14 l,5,10-13,-,True,36,27
N/A,N/A,14:04,Soft To Heavy (Heavy In Places),2m 4f,Autumn In the Park (IRE),Miss M. O'Sullivan,5,Niall O'Flynn,12th,4 1/2 l,5,10-13,-,True,36,27
N/A,N/A,14:04,Soft To Heavy (Heavy In Places),2m 4f,Millstream Lady (IRE),Corey McGivern,7,Eric McNamara,11th,4 3/4 l,4,10-13,-,True,36,27
N/A,N/A,14:04,Soft To Heavy (Heavy In Places),2m 4f,Catrionas Darling (IRE),Phillip Enright,0,James Daniel Dullea,10th,1 1/4 l,5,10-13,-,True,36,27
N/A,N/A,14:04,Soft To Heavy (Heavy In Places),2m 4f,Glorious Singer (IRE),Mr Adam Feeney,7,Ms A. Curran,9th,2 1/2 l,7,10-13p,-,True,36,27
N/A,N/A,14:04,Soft To Heavy (Heavy In Places),2m 4f,Shes So Glorious (IRE),E. Walsh,5,Paul O'Flynn,8th,17 l,6,10-13,-,True,36,27
N/A,N/A,14:04,Soft To Heavy (Heavy In Places),2m 4f,Parvos (IRE),Denis O'Regan,0,Michael C. Griffin,7th,8 l,5,10-13,-,True,36,27
N/A,N/A,14:04,Soft To Heavy (Heavy In Places),2m 4f,Kates Hill (IRE),P. Byrnes,5,P. E. Collins,6th,12 l,7,10-13,-,True,36,27
N/A,N/A,14:04,Soft To Heavy (Heavy In Places),2m 4f,Kudasheva (IRE),D. J. O'Keeffe,0,Henry de Bromhead,5th,4 3/4 l,4,10-13,-,True,36,27
N/A,N/A,14:04,Soft To Heavy (Heavy In Places),2m 4f,Walk With Paul (FR),C. Brassil,5,Martin Brassil,4th,2 1/2 l,6,10-13ht,-,True,36,27
N/A,N/A,14:04,Soft To Heavy (Heavy In Places),2m 4f,Emily Roebling (IRE),L. P. Dempsey,0,Gerard Kelleher,3rd,1/2 l,8,10-13,-,True,36,27
N/A,N/A,14:04,Soft To Heavy (Heavy In Places),2m 4f,Hauturiere (FR),Mr Elliot Ohgren,5,W. P. Mullins,2nd,4 l,5,10-13,-,True,36,27
N/A,N/A,14:04,Soft To Heavy (Heavy In Places),2m 4f,Shecouldbeanything (IRE),Jordan Colin Gainford,0,Gordon Elliott,1st,N/A,5,11-7,-,True,36,27
N/A,N/A,14:39,Soft To Heavy (Heavy In Places),2m 4f,Teescomponentsyess (IRE),Ms H. Phillips,7,John Joseph Hanlon,10th,50 l,6,12-0b1,116,True,36,28
N/A,N/A,14:39,Soft To Heavy (Heavy In Places),2m 4f,Hilltop Supreme (IRE),Miss R. Murphy,4,D. E. Fitzgerald,9th,1/2 l,10,11-9p,111,True,36,28
N/A,N/A,14:39,Soft To Heavy (Heavy In Places),2m 4f,Bal Kauto (FR),Miss F. Fox,7,Turlough O'Connor,8th,3 3/4 l,5,10-0t,88,True,36,28
N/A,N/A,14:39,Soft To Heavy (Heavy In Places),2m 4f,Dancing Jeremy (IRE),Sarah Kavanagh,4,Ian O'Connor,7th,2 3/4 l,7,11-5p1,107,True,36,28
N/A,N/A,14:39,Soft To Heavy (Heavy In Places),2m 4f,Friends N Commerce (IRE),Miss L. Costello,7,Patrick G. Kelly,6th,1/2 l,6,11-8,110,True,36,28
N/A,N/A,14:39,Soft To Heavy (Heavy In Places),2m 4f,Asluckwouldhaveit (IRE),Miss A. B. O'Connor,0,Padraig Roche,5th,23 l,5,11-1t1,103,True,36,28
N/A,N/A,14:39,Soft To Heavy (Heavy In Places),2m 4f,One for Joe (IRE),Miss T. Quail,7,Eoin Christopher McCarthy,4th,3 1/2 l,7,11-7,109,True,36,28
N/A,N/A,14:39,Soft To Heavy (Heavy In Places),2m 4f,Meetingofthewaters (IRE),Miss M. O'Sullivan,0,Eugene M. O'Sullivan,3rd,1 1/4 l,5,11-10,112,True,36,28
N/A,N/A,14:39,Soft To Heavy (Heavy In Places),2m 4f,Whiskey Lullaby (IRE),Miss J. Townend,0,W. P. Mullins,2nd,15 l,7,11-7t,109,True,36,28
N/A,N/A,14:39,Soft To Heavy (Heavy In Places),2m 4f,Optional Mix (IRE),Miss E. Cody,7,Eoin Doyle,1st,N/A,6,11-2,104,True,36,28
N/A,N/A,14:39,Soft To Heavy (Heavy In Places),2m 4f,Teescomponentsyess (IRE),Ms H. Phillips,7,John Joseph Hanlon,10th,50 l,6,12-0b1,116,True,36,28
N/A,N/A,14:39,Soft To Heavy (Heavy In Places),2m 4f,Hilltop Supreme (IRE),Miss R. Murphy,4,D. E. Fitzgerald,9th,1/2 l,10,11-9p,111,True,36,28
N/A,N/A,14:39,Soft To Heavy (Heavy In Places),2m 4f,Bal Kauto (FR),Miss F. Fox,7,Turlough O'Connor,8th,3 3/4 l,5,10-0t,88,True,36,28
N/A,N/A,14:39,Soft To Heavy (Heavy In Places),2m 4f,Dancing Jeremy (IRE),Sarah Kavanagh,4,Ian O'Connor,7th,2 3/4 l,7,11-5p1,107,True,36,28
N/A,N/A,14:39,Soft To Heavy (Heavy In Places),2m 4f,Friends N Commerce (IRE),Miss L. Costello,7,Patrick G. Kelly,6th,1/2 l,6,11-8,110,True,36,28
N/A,N/A,14:39,Soft To Heavy (Heavy In Places),2m 4f,Asluckwouldhaveit (IRE),Miss A. B. O'Connor,0,Padraig Roche,5th,23 l,5,11-1t1,103,True,36,28
N/A,N/A,14:39,Soft To Heavy (Heavy In Places),2m 4f,One for Joe (IRE),Miss T. Quail,7,Eoin Christopher McCarthy,4th,3 1/2 l,7,11-7,109,True,36,28
N/A,N/A,14:39,Soft To Heavy (Heavy In Places),2m 4f,Meetingofthewaters (IRE),Miss M. O'Sullivan,0,Eugene M. O'Sullivan,3rd,1 1/4 l,5,11-10,112,True,36,28
N/A,N/A,14:39,Soft To Heavy (Heavy In Places),2m 4f,Whiskey Lullaby (IRE),Miss J. Townend,0,W. P. Mullins,2nd,15 l,7,11-7t,109,True,36,28
N/A,N/A,14:39,Soft To Heavy (Heavy In Places),2m 4f,Optional Mix (IRE),Miss E. Cody,7,Eoin Doyle,1st,N/A,6,11-2,104,True,36,28
N/A,N/A,15:15,Soft To Heavy (Heavy In Places),2m,Hunters Song (IRE),C. A. Landers,0,John Neilan,UR,N/A,6,11-3,91,True,36,29
N/A,N/A,15:15,Soft To Heavy (Heavy In Places),2m,Oskar High (IRE),R. P. Geoghegan,7,Norman Lee,17th,9 l,10,11-8,96,True,36,29
N/A,N/A,15:15,Soft To Heavy (Heavy In Places),2m,Gendarme (IRE),E. O'Connell,5,Charles Byrnes,16th,3/4 l,7,11-10,98,True,36,29
N/A,N/A,15:15,Soft To Heavy (Heavy In Places),2m,Morrie In D Quarry (IRE),Denis O'Regan,0,Ross O'Sullivan,15th,4 3/4 l,4,11-5,93,True,36,29
N/A,N/A,15:15,Soft To Heavy (Heavy In Places),2m,McGrath From Clune (IRE),Phillip Enright,0,Robert Tyner,14th,10 l,6,11-9t,97,True,36,29
N/A,N/A,15:15,Soft To Heavy (Heavy In Places),2m,Carmels Gift (IRE),A. M. McCurtin,3,Brendan Maurice Walsh,13th,8 1/2 l,6,11-4,92,True,36,29
N/A,N/A,15:15,Soft To Heavy (Heavy In Places),2m,Galactic Grey (IRE),P. T. Smithers,7,C. P. Donoghue,12th,5 1/2 l,5,12-0t1,102,True,36,29
N/A,N/A,15:15,Soft To Heavy (Heavy In Places),2m,Pont Audemer (FR),C. D. Maxwell,0,Gavin Patrick Cromwell,11th,4 1/4 l,3,10-4,93,True,36,29
N/A,N/A,15:15,Soft To Heavy (Heavy In Places),2m,Crowsatedappletart (IRE),E. Walsh,5,Michael Winters,10th,Short Head,5,11-6,94,True,36,29
N/A,N/A,15:15,Soft To Heavy (Heavy In Places),2m,Secret Artist (IRE),P. Byrnes,5,Charles Byrnes,9th,Neck,6,12-0,102,True,36,29
N/A,N/A,15:15,Soft To Heavy (Heavy In Places),2m,Bright Blue (IRE),C. M. Quirke,7,Eugene M. O'Sullivan,8th,3/4 l,3,10-4t,93,True,36,29
N/A,N/A,15:15,Soft To Heavy (Heavy In Places),2m,Dylan Lombardy (IRE),I. J. Power,0,Eoin Christopher McCarthy,7th,1 l,6,11-6t1,94,True,36,29
N/A,N/A,15:15,Soft To Heavy (Heavy In Places),2m,The Truant (IRE),E. A. Fitzgerald,7,Peter Fahey,6th,2 3/4 l,5,11-12h,100,True,36,29
N/A,N/A,15:15,Soft To Heavy (Heavy In Places),2m,A Mere Bagatelle (IRE),D. J. O'Keeffe,0,John Joseph Hanlon,5th,1 1/4 l,5,11-7p1,95,True,36,29
N/A,N/A,15:15,Soft To Heavy (Heavy In Places),2m,Thetys (FR),L. A. McKenna,7,A. J. Martin,4th,3/4 l,3,10-9,98,True,36,29
N/A,N/A,15:15,Soft To Heavy (Heavy In Places),2m,The Connector (IRE),L. P. Dempsey,0,M. Hourigan,3rd,8 l,4,11-4,92,True,36,29
N/A,N/A,15:15,Soft To Heavy (Heavy In Places),2m,Derridae (IRE),Jordan Colin Gainford,0,Moses McCabe,2nd,4 1/4 l,7,11-7,95,True,36,29
N/A,N/A,15:15,Soft To Heavy (Heavy In Places),2m,Little Mixup (IRE),Donagh Meyler,0,Denis Hogan,1st,N/A,5,11-6,94,True,36,29
N/A,N/A,15:15,Soft To Heavy (Heavy In Places),2m,Hunters Song (IRE),C. A. Landers,0,John Neilan,UR,N/A,6,11-3,91,True,36,29
N/A,N/A,15:15,Soft To Heavy (Heavy In Places),2m,Oskar High (IRE),R. P. Geoghegan,7,Norman Lee,17th,9 l,10,11-8,96,True,36,29
N/A,N/A,15:15,Soft To Heavy (Heavy In Places),2m,Gendarme (IRE),E. O'Connell,5,Charles Byrnes,16th,3/4 l,7,11-10,98,True,36,29
N/A,N/A,15:15,Soft To Heavy (Heavy In Places),2m,Morrie In D Quarry (IRE),Denis O'Regan,0,Ross O'Sullivan,15th,4 3/4 l,4,11-5,93,True,36,29
N/A,N/A,15:15,Soft To Heavy (Heavy In Places),2m,McGrath From Clune (IRE),Phillip Enright,0,Robert Tyner,14th,10 l,6,11-9t,97,True,36,29
N/A,N/A,15:15,Soft To Heavy (Heavy In Places),2m,Carmels Gift (IRE),A. M. McCurtin,3,Brendan Maurice Walsh,13th,8 1/2 l,6,11-4,92,True,36,29
N/A,N/A,15:15,Soft To Heavy (Heavy In Places),2m,Galactic Grey (IRE),P. T. Smithers,7,C. P. Donoghue,12th,5 1/2 l,5,12-0t1,102,True,36,29
N/A,N/A,15:15,Soft To Heavy (Heavy In Places),2m,Pont Audemer (FR),C. D. Maxwell,0,Gavin Patrick Cromwell,11th,4 1/4 l,3,10-4,93,True,36,29
N/A,N/A,15:15,Soft To Heavy (Heavy In Places),2m,Crowsatedappletart (IRE),E. Walsh,5,Michael Winters,10th,Short Head,5,11-6,94,True,36,29
N/A,N/A,15:15,Soft To Heavy (Heavy In Places),2m,Secret Artist (IRE),P. Byrnes,5,Charles Byrnes,9th,Neck,6,12-0,102,True,36,29
N/A,N/A,15:15,Soft To Heavy (Heavy In Places),2m,Bright Blue (IRE),C. M. Quirke,7,Eugene M. O'Sullivan,8th,3/4 l,3,10-4t,93,True,36,29
N/A,N/A,15:15,Soft To Heavy (Heavy In Places),2m,Dylan Lombardy (IRE),I. J. Power,0,Eoin Christopher McCarthy,7th,1 l,6,11-6t1,94,True,36,29
N/A,N/A,15:15,Soft To Heavy (Heavy In Places),2m,The Truant (IRE),E. A. Fitzgerald,7,Peter Fahey,6th,2 3/4 l,5,11-12h,100,True,36,29
N/A,N/A,15:15,Soft To Heavy (Heavy In Places),2m,A Mere Bagatelle (IRE),D. J. O'Keeffe,0,John Joseph Hanlon,5th,1 1/4 l,5,11-7p1,95,True,36,29
N/A,N/A,15:15,Soft To Heavy (Heavy In Places),2m,Thetys (FR),L. A. McKenna,7,A. J. Martin,4th,3/4 l,3,10-9,98,True,36,29
N/A,N/A,15:15,Soft To Heavy (Heavy In Places),2m,The Connector (IRE),L. P. Dempsey,0,M. Hourigan,3rd,8 l,4,11-4,92,True,36,29
N/A,N/A,15:15,Soft To Heavy (Heavy In Places),2m,Derridae (IRE),Jordan Colin Gainford,0,Moses McCabe,2nd,4 1/4 l,7,11-7,95,True,36,29
N/A,N/A,15:15,Soft To Heavy (Heavy In Places),2m,Little Mixup (IRE),Donagh Meyler,0,Denis Hogan,1st,N/A,5,11-6,94,True,36,29
N/A,N/A,15:49,Soft To Heavy (Heavy In Places),2m,Silver Midnight (IRE),Mr P. J. Cody,7,Kieran Purcell,8th,28 l,4,12-0,-,True,36,30
N/A,N/A,15:49,Soft To Heavy (Heavy In Places),2m,Jimmy De Giant (IRE),Mr T. Hamilton,0,John Joseph Hanlon,7th,23 l,4,12-0,-,True,36,30
N/A,N/A,15:49,Soft To Heavy (Heavy In Places),2m,Trackman Tommy (IRE),Mr C. J. Costello,7,Patrick G. Kelly,6th,17 l,4,12-0,-,True,36,30
N/A,N/A,15:49,Soft To Heavy (Heavy In Places),2m,Conyers Hill (IRE),Mr P. A. King,5,S. Curling,5th,18 l,4,12-0,-,True,36,30
N/A,N/A,15:49,Soft To Heavy (Heavy In Places),2m,Zapoy (IRE),Miss M. O'Sullivan,5,John Stephen O'Donoghue,4th,24 l,4,12-0,-,True,36,30
N/A,N/A,15:49,Soft To Heavy (Heavy In Places),2m,Alvaniy (IRE),Miss A. B. O'Connor,3,Paul Gammell,3rd,4 1/2 l,4,12-0,-,True,36,30
N/A,N/A,15:49,Soft To Heavy (Heavy In Places),2m,Harveys Point (IRE),Mr J. J. Codd,0,Gordon Elliott,2nd,9 1/2 l,4,12-0,-,True,36,30
N/A,N/A,15:49,Soft To Heavy (Heavy In Places),2m,Largy Hill (IRE),Miss J. Townend,3,W. P. Mullins,1st,N/A,5,12-0,-,True,36,30
N/A,N/A,15:49,Soft To Heavy (Heavy In Places),2m,Silver Midnight (IRE),Mr P. J. Cody,7,Kieran Purcell,8th,28 l,4,12-0,-,True,36,30
N/A,N/A,15:49,Soft To Heavy (Heavy In Places),2m,Jimmy De Giant (IRE),Mr T. Hamilton,0,John Joseph Hanlon,7th,23 l,4,12-0,-,True,36,30
N/A,N/A,15:49,Soft To Heavy (Heavy In Places),2m,Trackman Tommy (IRE),Mr C. J. Costello,7,Patrick G. Kelly,6th,17 l,4,12-0,-,True,36,30
N/A,N/A,15:49,Soft To Heavy (Heavy In Places),2m,Conyers Hill (IRE),Mr P. A. King,5,S. Curling,5th,18 l,4,12-0,-,True,36,30
N/A,N/A,15:49,Soft To Heavy (Heavy In Places),2m,Zapoy (IRE),Miss M. O'Sullivan,5,John Stephen O'Donoghue,4th,24 l,4,12-0,-,True,36,30
N/A,N/A,15:49,Soft To Heavy (Heavy In Places),2m,Alvaniy (IRE),Miss A. B. O'Connor,3,Paul Gammell,3rd,4 1/2 l,4,12-0,-,True,36,30
N/A,N/A,15:49,Soft To Heavy (Heavy In Places),2m,Harveys Point (IRE),Mr J. J. Codd,0,Gordon Elliott,2nd,9 1/2 l,4,12-0,-,True,36,30
N/A,N/A,15:49,Soft To Heavy (Heavy In Places),2m,Largy Hill (IRE),Miss J. Townend,3,W. P. Mullins,1st,N/A,5,12-0,-,True,36,30
N/A,N/A,12:00,Soft,2m 4f,Themanintheboots (IRE),N. R. Andrews,7,Gordon Elliott,UR,N/A,4,11-7,-,True,36,31
N/A,N/A,12:00,Soft,2m 4f,Cula Bula Mamool (IRE),B. P. Kennedy,7,J. G. Coogan,PU,N/A,4,11-7,-,True,36,31
N/A,N/A,12:00,Soft,2m 4f,Mustmeetthefarrier (IRE),Jordan Colin Gainford,0,Cian Michael Collins,PU,N/A,4,11-7,-,True,36,31
N/A,N/A,12:00,Soft,2m 4f,Ho My Lord (FR),M. P. Walsh,0,W. P. Mullins,F,N/A,4,11-7,-,True,36,31
N/A,N/A,12:00,Soft,2m 4f,Manhattan Lady (IRE),C. Smithers,7,Mrs J. Harrington,16th,8 l,4,11-0,-,True,36,31
N/A,N/A,12:00,Soft,2m 4f,Charlie Bawnie (IRE),Thomas Reilly,7,T. G. McCourt,15th,11 l,4,11-0,-,True,36,31
N/A,N/A,12:00,Soft,2m 4f,Kilballyowen (IRE),B. J. Cooper,0,A. J. Martin,14th,16 l,4,11-7,-,True,36,31
N/A,N/A,12:00,Soft,2m 4f,Port Nelson (IRE),Peter Carberry,0,A. J. Martin,13th,34 l,4,11-7,-,True,36,31
N/A,N/A,12:00,Soft,2m 4f,Ballagh Star (IRE),C. D. Maxwell,0,Mrs Yvonne Dunleavy,12th,14 l,4,11-7,-,True,36,31
N/A,N/A,12:00,Soft,2m 4f,Everystep Oftheway (IRE),Phillip Enright,0,Oliver McKiernan,11th,14 l,4,11-7,-,True,36,31
N/A,N/A,12:00,Soft,2m 4f,Built By Ballymore (IRE),J. J. Slevin,0,Martin Brassil,10th,2 3/4 l,4,11-7t1,-,True,36,31
N/A,N/A,12:00,Soft,2m 4f,Whatsitabout (FR),D. J. O'Keeffe,0,M. F. Morris,9th,Neck,4,11-7,-,True,36,31
N/A,N/A,12:00,Soft,2m 4f,Ladybank,M. P. O'Connor,5,Henry de Bromhead,8th,13 l,4,11-0,-,True,36,31
N/A,N/A,12:00,Soft,2m 4f,San Martino (IRE),Sam Ewing,0,Peter Fahey,7th,2 1/4 l,4,11-7,-,True,36,31
N/A,N/A,12:00,Soft,2m 4f,Canal End (IRE),S. D. Torrens,0,Peter Fahey,6th,2 3/4 l,4,11-7,-,True,36,31
N/A,N/A,12:00,Soft,2m 4f,El Capitaine (IRE),Keith Donoghue,0,Andrew Lynch,5th,1 1/2 l,4,11-7h,-,True,36,31
N/A,N/A,12:00,Soft,2m 4f,Moon D'orange (FR),B. W. Harvey,5,John McConnell,4th,6 1/2 l,4,11-7,-,True,36,31
N/A,N/A,12:00,Soft,2m 4f,Firm Footings (IRE),J. W. Kennedy,0,Gordon Elliott,3rd,2 l,4,11-7,-,True,36,31
N/A,N/A,12:00,Soft,2m 4f,Lot of Joy (IRE),P. Townend,0,W. P. Mullins,2nd,1/2 l,4,11-0,-,True,36,31
N/A,N/A,12:00,Soft,2m 4f,Deep Cave (IRE),Rachael Blackmore,0,Henry de Bromhead,1st,N/A,4,11-7,-,True,36,31
N/A,N/A,12:00,Soft,2m 4f,Themanintheboots (IRE),N. R. Andrews,7,Gordon Elliott,UR,N/A,4,11-7,-,True,36,31
N/A,N/A,12:00,Soft,2m 4f,Cula Bula Mamool (IRE),B. P. Kennedy,7,J. G. Coogan,PU,N/A,4,11-7,-,True,36,31
N/A,N/A,12:00,Soft,2m 4f,Mustmeetthefarrier (IRE),Jordan Colin Gainford,0,Cian Michael Collins,PU,N/A,4,11-7,-,True,36,31
N/A,N/A,12:00,Soft,2m 4f,Ho My Lord (FR),M. P. Walsh,0,W. P. Mullins,F,N/A,4,11-7,-,True,36,31
N/A,N/A,12:00,Soft,2m 4f,Manhattan Lady (IRE),C. Smithers,7,Mrs J. Harrington,16th,8 l,4,11-0,-,True,36,31
N/A,N/A,12:00,Soft,2m 4f,Charlie Bawnie (IRE),Thomas Reilly,7,T. G. McCourt,15th,11 l,4,11-0,-,True,36,31
N/A,N/A,12:00,Soft,2m 4f,Kilballyowen (IRE),B. J. Cooper,0,A. J. Martin,14th,16 l,4,11-7,-,True,36,31
N/A,N/A,12:00,Soft,2m 4f,Port Nelson (IRE),Peter Carberry,0,A. J. Martin,13th,34 l,4,11-7,-,True,36,31
N/A,N/A,12:00,Soft,2m 4f,Ballagh Star (IRE),C. D. Maxwell,0,Mrs Yvonne Dunleavy,12th,14 l,4,11-7,-,True,36,31
N/A,N/A,12:00,Soft,2m 4f,Everystep Oftheway (IRE),Phillip Enright,0,Oliver McKiernan,11th,14 l,4,11-7,-,True,36,31
N/A,N/A,12:00,Soft,2m 4f,Built By Ballymore (IRE),J. J. Slevin,0,Martin Brassil,10th,2 3/4 l,4,11-7t1,-,True,36,31
N/A,N/A,12:00,Soft,2m 4f,Whatsitabout (FR),D. J. O'Keeffe,0,M. F. Morris,9th,Neck,4,11-7,-,True,36,31
N/A,N/A,12:00,Soft,2m 4f,Ladybank,M. P. O'Connor,5,Henry de Bromhead,8th,13 l,4,11-0,-,True,36,31
N/A,N/A,12:00,Soft,2m 4f,San Martino (IRE),Sam Ewing,0,Peter Fahey,7th,2 1/4 l,4,11-7,-,True,36,31
N/A,N/A,12:00,Soft,2m 4f,Canal End (IRE),S. D. Torrens,0,Peter Fahey,6th,2 3/4 l,4,11-7,-,True,36,31
N/A,N/A,12:00,Soft,2m 4f,El Capitaine (IRE),Keith Donoghue,0,Andrew Lynch,5th,1 1/2 l,4,11-7h,-,True,36,31
N/A,N/A,12:00,Soft,2m 4f,Moon D'orange (FR),B. W. Harvey,5,John McConnell,4th,6 1/2 l,4,11-7,-,True,36,31
N/A,N/A,12:00,Soft,2m 4f,Firm Footings (IRE),J. W. Kennedy,0,Gordon Elliott,3rd,2 l,4,11-7,-,True,36,31
N/A,N/A,12:00,Soft,2m 4f,Lot of Joy (IRE),P. Townend,0,W. P. Mullins,2nd,1/2 l,4,11-0,-,True,36,31
N/A,N/A,12:00,Soft,2m 4f,Deep Cave (IRE),Rachael Blackmore,0,Henry de Bromhead,1st,N/A,4,11-7,-,True,36,31
N/A,N/A,12:35,Soft,2m 4f,The Echo Boy (IRE),Patrick O'Hanlon,5,Dermot Anthony McLoughlin,PU,N/A,9,12-0t,116,True,36,32
N/A,N/A,12:35,Soft,2m 4f,She's Commanche (IRE),C. D. Maxwell,0,Adrian Murray,PU,N/A,8,10-10,98,True,36,32
N/A,N/A,12:35,Soft,2m 4f,Clody Valley (IRE),D. E. Mullins,0,Miss Elizabeth Doyle,PU,N/A,7,10-9t,97,True,36,32
N/A,N/A,12:35,Soft,2m 4f,Roi De Dubai (IRE),Thomas Reilly,7,John McConnell,16th,49 l,10,11-11,113,True,36,32
N/A,N/A,12:35,Soft,2m 4f,Serpolette (IRE),Jordan Colin Gainford,0,E. D. Delany,15th,27 l,7,10-7ht,95,True,36,32
N/A,N/A,12:35,Soft,2m 4f,Unanswered,Peter Carberry,0,A. J. Martin,14th,1 1/2 l,5,11-11t,113,True,36,32
N/A,N/A,12:35,Soft,2m 4f,Staging Post (IRE),Phillip Enright,0,Mark McNiff,13th,9 1/2 l,6,10-12tb1,100,True,36,32
N/A,N/A,12:35,Soft,2m 4f,Insane Bolt (IRE),Sam Ewing,0,Peter Fahey,12th,7 1/2 l,6,11-4tb,106,True,36,32
N/A,N/A,12:35,Soft,2m 4f,A Cheap Thrill (IRE),Conor Clarke,7,Emmet Mullins,11th,1 1/4 l,5,10-9tp1,97,True,36,32
N/A,N/A,12:35,Soft,2m 4f,Jake Peter (IRE),C. G. O'Dwyer,7,Mark Cahill,10th,3 3/4 l,8,11-7,109,True,36,32
N/A,N/A,12:35,Soft,2m 4f,Garcon Doux (IRE),B. Hayes,0,Philip Fenton,9th,3/4 l,6,11-7,109,True,36,32
N/A,N/A,12:35,Soft,2m 4f,West Is Awake (IRE),J. J. Slevin,0,Edward Cawley,8th,6 1/2 l,6,11-2h,104,True,36,32
N/A,N/A,12:35,Soft,2m 4f,Luimneach (IRE),M. P. Walsh,0,Desmond McDonogh,7th,8 l,5,11-0,102,True,36,32
N/A,N/A,12:35,Soft,2m 4f,L'yser (FR),M. J. M. O'Sullivan,5,Barry Connell,6th,1 1/4 l,5,11-13t,115,True,36,32
N/A,N/A,12:35,Soft,2m 4f,Conna Cottage (IRE),Keith Donoghue,0,Gavin Patrick Cromwell,5th,1 l,6,11-9,111,True,36,32
N/A,N/A,12:35,Soft,2m 4f,Building Bridges,Mr O. McGill,7,Gary McGill,4th,2 3/4 l,6,11-11,113,True,36,32
N/A,N/A,12:35,Soft,2m 4f,Music Of Tara,Rachael Blackmore,0,Henry de Bromhead,3rd,2 3/4 l,5,11-9t,111,True,36,32
N/A,N/A,12:35,Soft,2m 4f,Gali Flight (FR),Niall Moore,7,Philip Fenton,2nd,2 3/4 l,6,11-4,106,True,36,32
N/A,N/A,12:35,Soft,2m 4f,Sam's Choice (IRE),J. W. Kennedy,0,Gordon Elliott,1st,N/A,6,12-0b,116,True,36,32
N/A,N/A,12:35,Soft,2m 4f,The Echo Boy (IRE),Patrick O'Hanlon,5,Dermot Anthony McLoughlin,PU,N/A,9,12-0t,116,True,36,32
N/A,N/A,12:35,Soft,2m 4f,She's Commanche (IRE),C. D. Maxwell,0,Adrian Murray,PU,N/A,8,10-10,98,True,36,32
N/A,N/A,12:35,Soft,2m 4f,Clody Valley (IRE),D. E. Mullins,0,Miss Elizabeth Doyle,PU,N/A,7,10-9t,97,True,36,32
N/A,N/A,12:35,Soft,2m 4f,Roi De Dubai (IRE),Thomas Reilly,7,John McConnell,16th,49 l,10,11-11,113,True,36,32
N/A,N/A,12:35,Soft,2m 4f,Serpolette (IRE),Jordan Colin Gainford,0,E. D. Delany,15th,27 l,7,10-7ht,95,True,36,32
N/A,N/A,12:35,Soft,2m 4f,Unanswered,Peter Carberry,0,A. J. Martin,14th,1 1/2 l,5,11-11t,113,True,36,32
N/A,N/A,12:35,Soft,2m 4f,Staging Post (IRE),Phillip Enright,0,Mark McNiff,13th,9 1/2 l,6,10-12tb1,100,True,36,32
N/A,N/A,12:35,Soft,2m 4f,Insane Bolt (IRE),Sam Ewing,0,Peter Fahey,12th,7 1/2 l,6,11-4tb,106,True,36,32
N/A,N/A,12:35,Soft,2m 4f,A Cheap Thrill (IRE),Conor Clarke,7,Emmet Mullins,11th,1 1/4 l,5,10-9tp1,97,True,36,32
N/A,N/A,12:35,Soft,2m 4f,Jake Peter (IRE),C. G. O'Dwyer,7,Mark Cahill,10th,3 3/4 l,8,11-7,109,True,36,32
N/A,N/A,12:35,Soft,2m 4f,Garcon Doux (IRE),B. Hayes,0,Philip Fenton,9th,3/4 l,6,11-7,109,True,36,32
N/A,N/A,12:35,Soft,2m 4f,West Is Awake (IRE),J. J. Slevin,0,Edward Cawley,8th,6 1/2 l,6,11-2h,104,True,36,32
N/A,N/A,12:35,Soft,2m 4f,Luimneach (IRE),M. P. Walsh,0,Desmond McDonogh,7th,8 l,5,11-0,102,True,36,32
N/A,N/A,12:35,Soft,2m 4f,L'yser (FR),M. J. M. O'Sullivan,5,Barry Connell,6th,1 1/4 l,5,11-13t,115,True,36,32
N/A,N/A,12:35,Soft,2m 4f,Conna Cottage (IRE),Keith Donoghue,0,Gavin Patrick Cromwell,5th,1 l,6,11-9,111,True,36,32
N/A,N/A,12:35,Soft,2m 4f,Building Bridges,Mr O. McGill,7,Gary McGill,4th,2 3/4 l,6,11-11,113,True,36,32
N/A,N/A,12:35,Soft,2m 4f,Music Of Tara,Rachael Blackmore,0,Henry de Bromhead,3rd,2 3/4 l,5,11-9t,111,True,36,32
N/A,N/A,12:35,Soft,2m 4f,Gali Flight (FR),Niall Moore,7,Philip Fenton,2nd,2 3/4 l,6,11-4,106,True,36,32
N/A,N/A,12:35,Soft,2m 4f,Sam's Choice (IRE),J. W. Kennedy,0,Gordon Elliott,1st,N/A,6,12-0b,116,True,36,32
N/A,N/A,13:10,Soft,3m,Hardy Bloke (FR),Conor Clarke,7,Emmet Mullins,UR,N/A,5,10-0tp1,115,True,36,33
N/A,N/A,13:10,Soft,3m,Hemlock,D. J. O'Keeffe,0,T. Gibney,PU,N/A,5,10-10,125,True,36,33
N/A,N/A,13:10,Soft,3m,Minella Times (IRE),Rachael Blackmore,0,Henry de Bromhead,PU,N/A,9,10-7t,122,True,36,33
N/A,N/A,13:10,Soft,3m,A Great View (IRE),S. D. Torrens,0,Denis W. Cullen,PU,N/A,11,11-0p,129,True,36,33
N/A,N/A,13:10,Soft,3m,Ilikedwayurthinkin (IRE),Keith Donoghue,0,Gavin Patrick Cromwell,PU,N/A,8,11-9,138,True,36,33
N/A,N/A,13:10,Soft,3m,Plan Of Attack (IRE),M. P. O'Connor,5,Henry de Bromhead,PU,N/A,9,10-8b,123,True,36,33
N/A,N/A,13:10,Soft,3m,Rodaniche (IRE),Niall Moore,7,Gordon Elliott,F,N/A,5,10-11,126,True,36,33
N/A,N/A,13:10,Soft,3m,Jaycean (IRE),Jordan Colin Gainford,0,Gordon Elliott,F,N/A,5,11-1,130,True,36,33
N/A,N/A,13:10,Soft,3m,Dromore Lad (IRE),Patrick O'Hanlon,5,James Andrew Fahey,19th,17 l,10,10-5,120,True,36,33
N/A,N/A,13:10,Soft,3m,Tronador (IRE),Mr C. P. Millar,7,Gordon Elliott,18th,9 1/2 l,6,11-0,129,True,36,33
N/A,N/A,13:10,Soft,3m,Popong (IRE),J. J. Slevin,0,Henry de Bromhead,17th,3 3/4 l,8,10-11,126,True,36,33
N/A,N/A,13:10,Soft,3m,Cape Gentleman (IRE),B. Hayes,0,John Joseph Hanlon,16th,2 l,6,11-12p,141,True,36,33
N/A,N/A,13:10,Soft,3m,Slige Dala (IRE),Corey McGivern,7,Gordon Elliott,15th,21 l,7,10-6t,121,True,36,33
N/A,N/A,13:10,Soft,3m,Falcon Eight (IRE),M. J. M. O'Sullivan,5,D. K. Weld,14th,8 l,7,11-3v,132,True,36,33
N/A,N/A,13:10,Soft,3m,Jiving Jerry (IRE),Sarah Kavanagh,7,James M. Barcoe,13th,14 l,7,10-2,117,True,36,33
N/A,N/A,13:10,Soft,3m,Lord Erskine (IRE),Phillip Enright,0,Harry Rogers,12th,1 1/2 l,9,10-6,121,True,36,33
N/A,N/A,13:10,Soft,3m,Vina Ardanza (IRE),B. W. Harvey,5,Gordon Elliott,11th,4 l,5,11-11,140,True,36,33
N/A,N/A,13:10,Soft,3m,Noble Birth,C. G. O'Dwyer,7,Gordon Elliott,10th,1/2 l,5,10-5,120,True,36,33
N/A,N/A,13:10,Soft,3m,Music Drive (FR),Sam Ewing,0,Gordon Elliott,9th,1 l,5,11-0tp,129,True,36,33
N/A,N/A,13:10,Soft,3m,Coventry (IRE),Aidan Coleman,0,Gordon Elliott,8th,8 l,5,10-8b1,123,True,36,33
N/A,N/A,13:10,Soft,3m,Takarengo (IRE),D. E. Mullins,0,Thomas Mullins,7th,2 3/4 l,6,10-1p,116,True,36,33
N/A,N/A,13:10,Soft,3m,Sainte Dona (FR),B. J. Cooper,0,Thomas Cooper,6th,1 3/4 l,5,10-3,118,True,36,33
N/A,N/A,13:10,Soft,3m,Maze Runner (IRE),P. Townend,0,W. P. Mullins,5th,2 l,7,11-6,135,True,36,33
N/A,N/A,13:10,Soft,3m,Perceval Legallois (FR),C. D. Maxwell,0,Gavin Patrick Cromwell,4th,9 l,5,10-11,126,True,36,33
N/A,N/A,13:10,Soft,3m,Good Time Jonny (IRE),L. A. McKenna,7,A. J. Martin,3rd,1/2 l,7,11-9t,138,True,36,33
N/A,N/A,13:10,Soft,3m,Eric Bloodaxe (IRE),Mr R. James,7,Gordon Elliott,2nd,16 l,7,11-8p,137,True,36,33
N/A,N/A,13:10,Soft,3m,Maxxum (IRE),J. W. Kennedy,0,Gordon Elliott,1st,N/A,5,10-5,120,True,36,33
N/A,N/A,13:10,Soft,3m,Hardy Bloke (FR),Conor Clarke,7,Emmet Mullins,UR,N/A,5,10-0tp1,115,True,36,33
N/A,N/A,13:10,Soft,3m,Hemlock,D. J. O'Keeffe,0,T. Gibney,PU,N/A,5,10-10,125,True,36,33
N/A,N/A,13:10,Soft,3m,Minella Times (IRE),Rachael Blackmore,0,Henry de Bromhead,PU,N/A,9,10-7t,122,True,36,33
N/A,N/A,13:10,Soft,3m,A Great View (IRE),S. D. Torrens,0,Denis W. Cullen,PU,N/A,11,11-0p,129,True,36,33
N/A,N/A,13:10,Soft,3m,Ilikedwayurthinkin (IRE),Keith Donoghue,0,Gavin Patrick Cromwell,PU,N/A,8,11-9,138,True,36,33
N/A,N/A,13:10,Soft,3m,Plan Of Attack (IRE),M. P. O'Connor,5,Henry de Bromhead,PU,N/A,9,10-8b,123,True,36,33
N/A,N/A,13:10,Soft,3m,Rodaniche (IRE),Niall Moore,7,Gordon Elliott,F,N/A,5,10-11,126,True,36,33
N/A,N/A,13:10,Soft,3m,Jaycean (IRE),Jordan Colin Gainford,0,Gordon Elliott,F,N/A,5,11-1,130,True,36,33
N/A,N/A,13:10,Soft,3m,Dromore Lad (IRE),Patrick O'Hanlon,5,James Andrew Fahey,19th,17 l,10,10-5,120,True,36,33
N/A,N/A,13:10,Soft,3m,Tronador (IRE),Mr C. P. Millar,7,Gordon Elliott,18th,9 1/2 l,6,11-0,129,True,36,33
N/A,N/A,13:10,Soft,3m,Popong (IRE),J. J. Slevin,0,Henry de Bromhead,17th,3 3/4 l,8,10-11,126,True,36,33
N/A,N/A,13:10,Soft,3m,Cape Gentleman (IRE),B. Hayes,0,John Joseph Hanlon,16th,2 l,6,11-12p,141,True,36,33
N/A,N/A,13:10,Soft,3m,Slige Dala (IRE),Corey McGivern,7,Gordon Elliott,15th,21 l,7,10-6t,121,True,36,33
N/A,N/A,13:10,Soft,3m,Falcon Eight (IRE),M. J. M. O'Sullivan,5,D. K. Weld,14th,8 l,7,11-3v,132,True,36,33
N/A,N/A,13:10,Soft,3m,Jiving Jerry (IRE),Sarah Kavanagh,7,James M. Barcoe,13th,14 l,7,10-2,117,True,36,33
N/A,N/A,13:10,Soft,3m,Lord Erskine (IRE),Phillip Enright,0,Harry Rogers,12th,1 1/2 l,9,10-6,121,True,36,33
N/A,N/A,13:10,Soft,3m,Vina Ardanza (IRE),B. W. Harvey,5,Gordon Elliott,11th,4 l,5,11-11,140,True,36,33
N/A,N/A,13:10,Soft,3m,Noble Birth,C. G. O'Dwyer,7,Gordon Elliott,10th,1/2 l,5,10-5,120,True,36,33
N/A,N/A,13:10,Soft,3m,Music Drive (FR),Sam Ewing,0,Gordon Elliott,9th,1 l,5,11-0tp,129,True,36,33
N/A,N/A,13:10,Soft,3m,Coventry (IRE),Aidan Coleman,0,Gordon Elliott,8th,8 l,5,10-8b1,123,True,36,33
N/A,N/A,13:10,Soft,3m,Takarengo (IRE),D. E. Mullins,0,Thomas Mullins,7th,2 3/4 l,6,10-1p,116,True,36,33
N/A,N/A,13:10,Soft,3m,Sainte Dona (FR),B. J. Cooper,0,Thomas Cooper,6th,1 3/4 l,5,10-3,118,True,36,33
N/A,N/A,13:10,Soft,3m,Maze Runner (IRE),P. Townend,0,W. P. Mullins,5th,2 l,7,11-6,135,True,36,33
N/A,N/A,13:10,Soft,3m,Perceval Legallois (FR),C. D. Maxwell,0,Gavin Patrick Cromwell,4th,9 l,5,10-11,126,True,36,33
N/A,N/A,13:10,Soft,3m,Good Time Jonny (IRE),L. A. McKenna,7,A. J. Martin,3rd,1/2 l,7,11-9t,138,True,36,33
N/A,N/A,13:10,Soft,3m,Eric Bloodaxe (IRE),Mr R. James,7,Gordon Elliott,2nd,16 l,7,11-8p,137,True,36,33
N/A,N/A,13:10,Soft,3m,Maxxum (IRE),J. W. Kennedy,0,Gordon Elliott,1st,N/A,5,10-5,120,True,36,33
N/A,N/A,13:45,Soft,3m,Beacon Edge (IRE),B. J. Cooper,0,Noel Meade,PU,N/A,8,11-10p,-,True,36,34
N/A,N/A,13:45,Soft,3m,Sire Du Berlais (FR),S. D. Torrens,0,Gordon Elliott,PU,N/A,10,11-10tb,-,True,36,34
N/A,N/A,13:45,Soft,3m,Zanahiyr (IRE),J. W. Kennedy,0,Gordon Elliott,PU,N/A,5,11-10tp,-,True,36,34
N/A,N/A,13:45,Soft,3m,Mr Adjudicator,B. Hayes,0,W. P. Mullins,8th,3/4 l,8,11-10,-,True,36,34
N/A,N/A,13:45,Soft,3m,Commander of Fleet (IRE),Sam Ewing,0,Gordon Elliott,7th,22 l,8,11-10b,-,True,36,34
N/A,N/A,13:45,Soft,3m,Saldier (FR),P. Townend,0,W. P. Mullins,6th,6 1/2 l,8,11-10p,-,True,36,34
N/A,N/A,13:45,Soft,3m,Bob Olinger (IRE),Rachael Blackmore,0,Henry de Bromhead,5th,15 l,7,11-10t,-,True,36,34
N/A,N/A,13:45,Soft,3m,Flooring Porter (IRE),D. E. Mullins,0,Gavin Patrick Cromwell,4th,Head,7,11-10t,-,True,36,34
N/A,N/A,13:45,Soft,3m,Meet And Greet (IRE),Phillip Enright,0,Oliver McKiernan,3rd,1/2 l,6,11-10,-,True,36,34
N/A,N/A,13:45,Soft,3m,Ashdale Bob (IRE),Keith Donoghue,0,Mrs J. Harrington,2nd,3 l,7,11-10,-,True,36,34
N/A,N/A,13:45,Soft,3m,Home By The Lee (IRE),J. J. Slevin,0,Joseph Patrick O'Brien,1st,N/A,7,11-10,-,True,36,34
N/A,N/A,13:45,Soft,3m,Beacon Edge (IRE),B. J. Cooper,0,Noel Meade,PU,N/A,8,11-10p,-,True,36,34
N/A,N/A,13:45,Soft,3m,Sire Du Berlais (FR),S. D. Torrens,0,Gordon Elliott,PU,N/A,10,11-10tb,-,True,36,34
N/A,N/A,13:45,Soft,3m,Zanahiyr (IRE),J. W. Kennedy,0,Gordon Elliott,PU,N/A,5,11-10tp,-,True,36,34
N/A,N/A,13:45,Soft,3m,Mr Adjudicator,B. Hayes,0,W. P. Mullins,8th,3/4 l,8,11-10,-,True,36,34
N/A,N/A,13:45,Soft,3m,Commander of Fleet (IRE),Sam Ewing,0,Gordon Elliott,7th,22 l,8,11-10b,-,True,36,34
N/A,N/A,13:45,Soft,3m,Saldier (FR),P. Townend,0,W. P. Mullins,6th,6 1/2 l,8,11-10p,-,True,36,34
N/A,N/A,13:45,Soft,3m,Bob Olinger (IRE),Rachael Blackmore,0,Henry de Bromhead,5th,15 l,7,11-10t,-,True,36,34
N/A,N/A,13:45,Soft,3m,Flooring Porter (IRE),D. E. Mullins,0,Gavin Patrick Cromwell,4th,Head,7,11-10t,-,True,36,34
N/A,N/A,13:45,Soft,3m,Meet And Greet (IRE),Phillip Enright,0,Oliver McKiernan,3rd,1/2 l,6,11-10,-,True,36,34
N/A,N/A,13:45,Soft,3m,Ashdale Bob (IRE),Keith Donoghue,0,Mrs J. Harrington,2nd,3 l,7,11-10,-,True,36,34
N/A,N/A,13:45,Soft,3m,Home By The Lee (IRE),J. J. Slevin,0,Joseph Patrick O'Brien,1st,N/A,7,11-10,-,True,36,34
N/A,N/A,14:20,Soft (Yielding In Places),3m,Royal Rendezvous (IRE),B. Hayes,0,W. P. Mullins,7th,Neck,10,11-10h,-,True,36,35
N/A,N/A,14:20,Soft (Yielding In Places),3m,Galvin (IRE),Sam Ewing,0,Gordon Elliott,6th,36 l,8,11-10,-,True,36,35
N/A,N/A,14:20,Soft (Yielding In Places),3m,French Dynamite (FR),D. J. O'Keeffe,0,M. F. Morris,5th,6 l,7,11-10t,-,True,36,35
N/A,N/A,14:20,Soft (Yielding In Places),3m,Franco De Port (FR),D. E. Mullins,0,W. P. Mullins,4th,1/2 l,7,11-10,-,True,36,35
N/A,N/A,14:20,Soft (Yielding In Places),3m,Fury Road (IRE),Jordan Colin Gainford,0,Gordon Elliott,3rd,1 1/4 l,8,11-10tp,-,True,36,35
N/A,N/A,14:20,Soft (Yielding In Places),3m,Kemboy (FR),P. Townend,0,W. P. Mullins,2nd,5 l,10,11-10p,-,True,36,35
N/A,N/A,14:20,Soft (Yielding In Places),3m,Conflated (IRE),J. W. Kennedy,0,Gordon Elliott,1st,N/A,8,11-10,-,True,36,35
N/A,N/A,14:20,Soft (Yielding In Places),3m,Royal Rendezvous (IRE),B. Hayes,0,W. P. Mullins,7th,Neck,10,11-10h,-,True,36,35
N/A,N/A,14:20,Soft (Yielding In Places),3m,Galvin (IRE),Sam Ewing,0,Gordon Elliott,6th,36 l,8,11-10,-,True,36,35
N/A,N/A,14:20,Soft (Yielding In Places),3m,French Dynamite (FR),D. J. O'Keeffe,0,M. F. Morris,5th,6 l,7,11-10t,-,True,36,35
N/A,N/A,14:20,Soft (Yielding In Places),3m,Franco De Port (FR),D. E. Mullins,0,W. P. Mullins,4th,1/2 l,7,11-10,-,True,36,35
N/A,N/A,14:20,Soft (Yielding In Places),3m,Fury Road (IRE),Jordan Colin Gainford,0,Gordon Elliott,3rd,1 1/4 l,8,11-10tp,-,True,36,35
N/A,N/A,14:20,Soft (Yielding In Places),3m,Kemboy (FR),P. Townend,0,W. P. Mullins,2nd,5 l,10,11-10p,-,True,36,35
N/A,N/A,14:20,Soft (Yielding In Places),3m,Conflated (IRE),J. W. Kennedy,0,Gordon Elliott,1st,N/A,8,11-10,-,True,36,35
N/A,N/A,14:55,Soft (Yielding In Places),2m 5f,Freedom To Dream (FR),Sam Ewing,0,Peter Fahey,PU,N/A,7,11-12,-,True,36,36
N/A,N/A,14:55,Soft (Yielding In Places),2m 5f,Grand Roi (FR),J. W. Kennedy,0,Gordon Elliott,PU,N/A,6,11-12p,-,True,36,36
N/A,N/A,14:55,Soft (Yielding In Places),2m 5f,Decimation (IRE),Rachael Blackmore,0,Henry de Bromhead,4th,26 l,7,11-12t,-,True,36,36
N/A,N/A,14:55,Soft (Yielding In Places),2m 5f,Largy Debut (IRE),Keith Donoghue,0,Henry de Bromhead,3rd,12 l,7,11-12,-,True,36,36
N/A,N/A,14:55,Soft (Yielding In Places),2m 5f,I Am Maximus (FR),P. Townend,0,W. P. Mullins,2nd,8 l,6,11-12p1,-,True,36,36
N/A,N/A,14:55,Soft (Yielding In Places),2m 5f,Gentlemansgame,D. J. O'Keeffe,0,M. F. Morris,1st,N/A,6,11-12tp,-,True,36,36
N/A,N/A,14:55,Soft (Yielding In Places),2m 5f,Freedom To Dream (FR),Sam Ewing,0,Peter Fahey,PU,N/A,7,11-12,-,True,36,36
N/A,N/A,14:55,Soft (Yielding In Places),2m 5f,Grand Roi (FR),J. W. Kennedy,0,Gordon Elliott,PU,N/A,6,11-12p,-,True,36,36
N/A,N/A,14:55,Soft (Yielding In Places),2m 5f,Decimation (IRE),Rachael Blackmore,0,Henry de Bromhead,4th,26 l,7,11-12t,-,True,36,36
N/A,N/A,14:55,Soft (Yielding In Places),2m 5f,Largy Debut (IRE),Keith Donoghue,0,Henry de Bromhead,3rd,12 l,7,11-12,-,True,36,36
N/A,N/A,14:55,Soft (Yielding In Places),2m 5f,I Am Maximus (FR),P. Townend,0,W. P. Mullins,2nd,8 l,6,11-12p1,-,True,36,36
N/A,N/A,14:55,Soft (Yielding In Places),2m 5f,Gentlemansgame,D. J. O'Keeffe,0,M. F. Morris,1st,N/A,6,11-12tp,-,True,36,36
N/A,N/A,15:30,Soft,2m,Ballysax Sally (IRE),Mr D. M. Moylan,7,J. G. Coogan,PU,N/A,6,11-7,-,True,36,37
N/A,N/A,15:30,Soft,2m,Golden Star (IRE),Mr Finian Maguire,0,A. J. Martin,10th,63 l,6,12-0t1,-,True,36,37
N/A,N/A,15:30,Soft,2m,Forever Frankie (IRE),Mr E. P. O'Brien,5,Sean Aherne,9th,26 l,5,12-0,-,True,36,37
N/A,N/A,15:30,Soft,2m,Areuhavingacup (IRE),Mr I. Ryan,7,T. G. McCourt,8th,28 l,4,12-0,-,True,36,37
N/A,N/A,15:30,Soft,2m,Largy Ray (IRE),Mr B. G. Crawford,7,Stuart Crawford,7th,8 l,4,12-0,-,True,36,37
N/A,N/A,15:30,Soft,2m,Answering (IRE),Mr D. Doyle,7,Timothy Doyle,6th,5 1/2 l,7,12-0,-,True,36,37
N/A,N/A,15:30,Soft,2m,Ostend (IRE),Mr C. P. Tierney,7,Peter Croke,5th,18 l,4,12-0,-,True,36,37
N/A,N/A,15:30,Soft,2m,Castlebawn North (IRE),Mr Elliot Ohgren,5,W. P. Mullins,4th,20 l,4,12-0,-,True,36,37
N/A,N/A,15:30,Soft,2m,No Time To Wait (IRE),Mr J. J. Codd,0,Gordon Elliott,3rd,3 1/4 l,4,12-0,-,True,36,37
N/A,N/A,15:30,Soft,2m,Feronily (IRE),Mr D. O'Connor,0,Emmet Mullins,2nd,2 1/4 l,5,12-0,-,True,36,37
N/A,N/A,15:30,Soft,2m,Ile Atlantique (FR),Mr P. W. Mullins,0,W. P. Mullins,1st,N/A,4,12-0,-,True,36,37
N/A,N/A,15:30,Soft,2m,Ballysax Sally (IRE),Mr D. M. Moylan,7,J. G. Coogan,PU,N/A,6,11-7,-,True,36,37
N/A,N/A,15:30,Soft,2m,Golden Star (IRE),Mr Finian Maguire,0,A. J. Martin,10th,63 l,6,12-0t1,-,True,36,37
N/A,N/A,15:30,Soft,2m,Forever Frankie (IRE),Mr E. P. O'Brien,5,Sean Aherne,9th,26 l,5,12-0,-,True,36,37
N/A,N/A,15:30,Soft,2m,Areuhavingacup (IRE),Mr I. Ryan,7,T. G. McCourt,8th,28 l,4,12-0,-,True,36,37
N/A,N/A,15:30,Soft,2m,Largy Ray (IRE),Mr B. G. Crawford,7,Stuart Crawford,7th,8 l,4,12-0,-,True,36,37
N/A,N/A,15:30,Soft,2m,Answering (IRE),Mr D. Doyle,7,Timothy Doyle,6th,5 1/2 l,7,12-0,-,True,36,37
N/A,N/A,15:30,Soft,2m,Ostend (IRE),Mr C. P. Tierney,7,Peter Croke,5th,18 l,4,12-0,-,True,36,37
N/A,N/A,15:30,Soft,2m,Castlebawn North (IRE),Mr Elliot Ohgren,5,W. P. Mullins,4th,20 l,4,12-0,-,True,36,37
N/A,N/A,15:30,Soft,2m,No Time To Wait (IRE),Mr J. J. Codd,0,Gordon Elliott,3rd,3 1/4 l,4,12-0,-,True,36,37
N/A,N/A,15:30,Soft,2m,Feronily (IRE),Mr D. O'Connor,0,Emmet Mullins,2nd,2 1/4 l,5,12-0,-,True,36,37
N/A,N/A,15:30,Soft,2m,Ile Atlantique (FR),Mr P. W. Mullins,0,W. P. Mullins,1st,N/A,4,12-0,-,True,36,37
N/A,N/A,12:20,Soft To Heavy (Heavy In Places),2m,The Green Grocer (IRE),R. A. Doyle,0,Andrew McNamara,15th,23 l,5,11-4,-,True,36,38
N/A,N/A,12:20,Soft To Heavy (Heavy In Places),2m,Grace Shelby (IRE),Mr W. T. Cronin,7,William Cronin,14th,2 1/2 l,7,10-11,-,True,36,38
N/A,N/A,12:20,Soft To Heavy (Heavy In Places),2m,Parnell One (IRE),Jack G. Gilligan,7,Paul John Gilligan,13th,1/2 l,5,11-4,-,True,36,38
N/A,N/A,12:20,Soft To Heavy (Heavy In Places),2m,Moonlight Getaway (IRE),A. M. McCurtin,3,D. Hassett,12th,3 1/2 l,6,11-4,-,True,36,38
N/A,N/A,12:20,Soft To Heavy (Heavy In Places),2m,Islashoon (IRE),Richard Deegan,0,James Daniel Dullea,11th,7 1/2 l,7,10-11,-,True,36,38
N/A,N/A,12:20,Soft To Heavy (Heavy In Places),2m,Must Go Now (IRE),L. P. Dempsey,0,Edward Cawley,10th,1 3/4 l,5,11-4,-,True,36,38
N/A,N/A,12:20,Soft To Heavy (Heavy In Places),2m,Roguey (IRE),R. J. Condon,5,W. J. Lanigan,9th,10 l,7,11-4p,-,True,36,38
N/A,N/A,12:20,Soft To Heavy (Heavy In Places),2m,New Barn Lane (IRE),G. B. Noonan,7,Eoin Christopher McCarthy,8th,1 1/4 l,5,11-4,-,True,36,38
N/A,N/A,12:20,Soft To Heavy (Heavy In Places),2m,Rewrite The Script (IRE),D. King,5,Eugene M. O'Sullivan,7th,1 l,5,11-4,-,True,36,38
N/A,N/A,12:20,Soft To Heavy (Heavy In Places),2m,Song For My Father (IRE),Mr L. P. Shanahan,7,Ross O'Sullivan,6th,7 l,5,11-4,-,True,36,38
N/A,N/A,12:20,Soft To Heavy (Heavy In Places),2m,Feu Du Bresil (FR),Jack Foley,0,W. P. Mullins,5th,22 l,7,11-4,-,True,36,38
N/A,N/A,12:20,Soft To Heavy (Heavy In Places),2m,Shanbally Kid (IRE),S. F. O'Keeffe,0,W. P. Mullins,4th,3 1/4 l,5,11-12,-,True,36,38
N/A,N/A,12:20,Soft To Heavy (Heavy In Places),2m,Aime Desjy (FR),Kieran Callaghan,7,W. P. Mullins,3rd,1 3/4 l,7,11-12,-,True,36,38
N/A,N/A,12:20,Soft To Heavy (Heavy In Places),2m,Sa Fureur (IRE),Denis O'Regan,0,Gordon Elliott,2nd,1 1/4 l,5,11-4,-,True,36,38
N/A,N/A,12:20,Soft To Heavy (Heavy In Places),2m,Maidenstreetprince (IRE),P. Byrnes,5,Charles Byrnes,1st,N/A,5,11-4,-,True,36,38
N/A,N/A,12:20,Soft To Heavy (Heavy In Places),2m,The Green Grocer (IRE),R. A. Doyle,0,Andrew McNamara,15th,23 l,5,11-4,-,True,36,38
N/A,N/A,12:20,Soft To Heavy (Heavy In Places),2m,Grace Shelby (IRE),Mr W. T. Cronin,7,William Cronin,14th,2 1/2 l,7,10-11,-,True,36,38
N/A,N/A,12:20,Soft To Heavy (Heavy In Places),2m,Parnell One (IRE),Jack G. Gilligan,7,Paul John Gilligan,13th,1/2 l,5,11-4,-,True,36,38
N/A,N/A,12:20,Soft To Heavy (Heavy In Places),2m,Moonlight Getaway (IRE),A. M. McCurtin,3,D. Hassett,12th,3 1/2 l,6,11-4,-,True,36,38
N/A,N/A,12:20,Soft To Heavy (Heavy In Places),2m,Islashoon (IRE),Richard Deegan,0,James Daniel Dullea,11th,7 1/2 l,7,10-11,-,True,36,38
N/A,N/A,12:20,Soft To Heavy (Heavy In Places),2m,Must Go Now (IRE),L. P. Dempsey,0,Edward Cawley,10th,1 3/4 l,5,11-4,-,True,36,38
N/A,N/A,12:20,Soft To Heavy (Heavy In Places),2m,Roguey (IRE),R. J. Condon,5,W. J. Lanigan,9th,10 l,7,11-4p,-,True,36,38
N/A,N/A,12:20,Soft To Heavy (Heavy In Places),2m,New Barn Lane (IRE),G. B. Noonan,7,Eoin Christopher McCarthy,8th,1 1/4 l,5,11-4,-,True,36,38
N/A,N/A,12:20,Soft To Heavy (Heavy In Places),2m,Rewrite The Script (IRE),D. King,5,Eugene M. O'Sullivan,7th,1 l,5,11-4,-,True,36,38
N/A,N/A,12:20,Soft To Heavy (Heavy In Places),2m,Song For My Father (IRE),Mr L. P. Shanahan,7,Ross O'Sullivan,6th,7 l,5,11-4,-,True,36,38
N/A,N/A,12:20,Soft To Heavy (Heavy In Places),2m,Feu Du Bresil (FR),Jack Foley,0,W. P. Mullins,5th,22 l,7,11-4,-,True,36,38
N/A,N/A,12:20,Soft To Heavy (Heavy In Places),2m,Shanbally Kid (IRE),S. F. O'Keeffe,0,W. P. Mullins,4th,3 1/4 l,5,11-12,-,True,36,38
N/A,N/A,12:20,Soft To Heavy (Heavy In Places),2m,Aime Desjy (FR),Kieran Callaghan,7,W. P. Mullins,3rd,1 3/4 l,7,11-12,-,True,36,38
N/A,N/A,12:20,Soft To Heavy (Heavy In Places),2m,Sa Fureur (IRE),Denis O'Regan,0,Gordon Elliott,2nd,1 1/4 l,5,11-4,-,True,36,38
N/A,N/A,12:20,Soft To Heavy (Heavy In Places),2m,Maidenstreetprince (IRE),P. Byrnes,5,Charles Byrnes,1st,N/A,5,11-4,-,True,36,38
N/A,N/A,12:55,Soft To Heavy (Heavy In Places),2m 5f,I Am Rocco,Jack Foley,0,W. P. Mullins,PU,N/A,5,11-4,-,True,36,39
N/A,N/A,12:55,Soft To Heavy (Heavy In Places),2m 5f,Drive to Survive (IRE),A. M. McCurtin,3,Brendan Maurice Walsh,PU,N/A,5,11-4,-,True,36,39
N/A,N/A,12:55,Soft To Heavy (Heavy In Places),2m 5f,Kadys Dirha (IRE),Gavin Peter Brouder,5,Thomas P. O'Connor,13th,2 3/4 l,5,10-11b,-,True,36,39
N/A,N/A,12:55,Soft To Heavy (Heavy In Places),2m 5f,My Fellow (IRE),K. E. Buckley,5,Mrs Denise Foster,12th,31 l,6,11-4p1,-,True,36,39
N/A,N/A,12:55,Soft To Heavy (Heavy In Places),2m 5f,Blue Motion,T. Joseph Kelly,7,Donncha Duggan,11th,1 3/4 l,7,11-4p,-,True,36,39
N/A,N/A,12:55,Soft To Heavy (Heavy In Places),2m 5f,Youralwaysdreamin (IRE),S. Fitzgerald,3,Patrick T. Foley,10th,5 1/2 l,6,11-12tp1,-,True,36,39
N/A,N/A,12:55,Soft To Heavy (Heavy In Places),2m 5f,Blackwater (IRE),Denis O'Regan,0,Gordon Elliott,9th,2 l,5,11-4,-,True,36,39
N/A,N/A,12:55,Soft To Heavy (Heavy In Places),2m 5f,Fiery Brown (IRE),Donagh Meyler,0,Sean O. O'Brien,8th,5 l,6,10-11,-,True,36,39
N/A,N/A,12:55,Soft To Heavy (Heavy In Places),2m 5f,Haxo (FR),Kieran Callaghan,7,W. P. Mullins,7th,14 l,5,11-12,-,True,36,39
N/A,N/A,12:55,Soft To Heavy (Heavy In Places),2m 5f,Freddie's Frontier (IRE),Mr Turlough O'Connor,7,Turlough O'Connor,6th,6 l,6,11-4,-,True,36,39
N/A,N/A,12:55,Soft To Heavy (Heavy In Places),2m 5f,Wee Charlie (IRE),E. Walsh,5,T. Gibney,5th,14 l,5,11-4,-,True,36,39
N/A,N/A,12:55,Soft To Heavy (Heavy In Places),2m 5f,Clounts Pride (IRE),G. B. Noonan,7,Eoin Christopher McCarthy,4th,7 l,9,11-4t1,-,True,36,39
N/A,N/A,12:55,Soft To Heavy (Heavy In Places),2m 5f,Franciscan Rock (IRE),R. A. Doyle,0,M. F. Morris,3rd,20 l,5,11-4,-,True,36,39
N/A,N/A,12:55,Soft To Heavy (Heavy In Places),2m 5f,Seabank Bistro (IRE),S. F. O'Keeffe,0,W. P. Mullins,2nd,3 1/2 l,5,11-12,-,True,36,39
N/A,N/A,12:55,Soft To Heavy (Heavy In Places),2m 5f,Corbetts Cross (IRE),Miss M. O'Sullivan,5,Eugene M. O'Sullivan,1st,N/A,5,11-12,-,True,36,39
N/A,N/A,12:55,Soft To Heavy (Heavy In Places),2m 5f,I Am Rocco,Jack Foley,0,W. P. Mullins,PU,N/A,5,11-4,-,True,36,39
N/A,N/A,12:55,Soft To Heavy (Heavy In Places),2m 5f,Drive to Survive (IRE),A. M. McCurtin,3,Brendan Maurice Walsh,PU,N/A,5,11-4,-,True,36,39
N/A,N/A,12:55,Soft To Heavy (Heavy In Places),2m 5f,Kadys Dirha (IRE),Gavin Peter Brouder,5,Thomas P. O'Connor,13th,2 3/4 l,5,10-11b,-,True,36,39
N/A,N/A,12:55,Soft To Heavy (Heavy In Places),2m 5f,My Fellow (IRE),K. E. Buckley,5,Mrs Denise Foster,12th,31 l,6,11-4p1,-,True,36,39
N/A,N/A,12:55,Soft To Heavy (Heavy In Places),2m 5f,Blue Motion,T. Joseph Kelly,7,Donncha Duggan,11th,1 3/4 l,7,11-4p,-,True,36,39
N/A,N/A,12:55,Soft To Heavy (Heavy In Places),2m 5f,Youralwaysdreamin (IRE),S. Fitzgerald,3,Patrick T. Foley,10th,5 1/2 l,6,11-12tp1,-,True,36,39
N/A,N/A,12:55,Soft To Heavy (Heavy In Places),2m 5f,Blackwater (IRE),Denis O'Regan,0,Gordon Elliott,9th,2 l,5,11-4,-,True,36,39
N/A,N/A,12:55,Soft To Heavy (Heavy In Places),2m 5f,Fiery Brown (IRE),Donagh Meyler,0,Sean O. O'Brien,8th,5 l,6,10-11,-,True,36,39
N/A,N/A,12:55,Soft To Heavy (Heavy In Places),2m 5f,Haxo (FR),Kieran Callaghan,7,W. P. Mullins,7th,14 l,5,11-12,-,True,36,39
N/A,N/A,12:55,Soft To Heavy (Heavy In Places),2m 5f,Freddie's Frontier (IRE),Mr Turlough O'Connor,7,Turlough O'Connor,6th,6 l,6,11-4,-,True,36,39
N/A,N/A,12:55,Soft To Heavy (Heavy In Places),2m 5f,Wee Charlie (IRE),E. Walsh,5,T. Gibney,5th,14 l,5,11-4,-,True,36,39
N/A,N/A,12:55,Soft To Heavy (Heavy In Places),2m 5f,Clounts Pride (IRE),G. B. Noonan,7,Eoin Christopher McCarthy,4th,7 l,9,11-4t1,-,True,36,39
N/A,N/A,12:55,Soft To Heavy (Heavy In Places),2m 5f,Franciscan Rock (IRE),R. A. Doyle,0,M. F. Morris,3rd,20 l,5,11-4,-,True,36,39
N/A,N/A,12:55,Soft To Heavy (Heavy In Places),2m 5f,Seabank Bistro (IRE),S. F. O'Keeffe,0,W. P. Mullins,2nd,3 1/2 l,5,11-12,-,True,36,39
N/A,N/A,12:55,Soft To Heavy (Heavy In Places),2m 5f,Corbetts Cross (IRE),Miss M. O'Sullivan,5,Eugene M. O'Sullivan,1st,N/A,5,11-12,-,True,36,39
N/A,N/A,13:30,Heavy (Soft To Heavy In Places),2m 6f 120y,Merry Moves (IRE),D. Moloney,0,Mrs Grainne M. O'Connor,PU,N/A,7,10-12t,-,True,36,40
N/A,N/A,13:30,Heavy (Soft To Heavy In Places),2m 6f 120y,Broomfield Hall (IRE),L. P. Dempsey,0,J. P. Dempsey,PU,N/A,7,10-12t,-,True,36,40
N/A,N/A,13:30,Heavy (Soft To Heavy In Places),2m 6f 120y,Carrigeen Lotus (IRE),C. M. Quirke,0,Miss Elizabeth Anne Lalor,3rd,13 l,7,10-12,-,True,36,40
N/A,N/A,13:30,Heavy (Soft To Heavy In Places),2m 6f 120y,Malina Girl (IRE),K. E. Buckley,0,Gavin Patrick Cromwell,2nd,19 l,5,10-12,-,True,36,40
N/A,N/A,13:30,Heavy (Soft To Heavy In Places),2m 6f 120y,Allegorie De Vassy (FR),S. F. O'Keeffe,0,W. P. Mullins,1st,N/A,5,10-12t,-,True,36,40
N/A,N/A,13:30,Heavy (Soft To Heavy In Places),2m 6f 120y,Merry Moves (IRE),D. Moloney,0,Mrs Grainne M. O'Connor,PU,N/A,7,10-12t,-,True,36,40
N/A,N/A,13:30,Heavy (Soft To Heavy In Places),2m 6f 120y,Broomfield Hall (IRE),L. P. Dempsey,0,J. P. Dempsey,PU,N/A,7,10-12t,-,True,36,40
N/A,N/A,13:30,Heavy (Soft To Heavy In Places),2m 6f 120y,Carrigeen Lotus (IRE),C. M. Quirke,0,Miss Elizabeth Anne Lalor,3rd,13 l,7,10-12,-,True,36,40
N/A,N/A,13:30,Heavy (Soft To Heavy In Places),2m 6f 120y,Malina Girl (IRE),K. E. Buckley,0,Gavin Patrick Cromwell,2nd,19 l,5,10-12,-,True,36,40
N/A,N/A,13:30,Heavy (Soft To Heavy In Places),2m 6f 120y,Allegorie De Vassy (FR),S. F. O'Keeffe,0,W. P. Mullins,1st,N/A,5,10-12t,-,True,36,40
N/A,N/A,14:05,Heavy (Soft To Heavy In Places),2m 5f,Storm Mahler (IRE),C. P. McNamara,0,Eric McNamara,PU,N/A,4,11-4,92,True,36,41
N/A,N/A,14:05,Heavy (Soft To Heavy In Places),2m 5f,Plain Or Battered (IRE),J. P. O'Sullivan,5,N. Dooly,PU,N/A,5,11-5,93,True,36,41
N/A,N/A,14:05,Heavy (Soft To Heavy In Places),2m 5f,Imperial Kate (IRE),A. P. Kelly,7,Jarlath P. Fahey,14th,Neck,7,11-8,96,True,36,41
N/A,N/A,14:05,Heavy (Soft To Heavy In Places),2m 5f,Clear The Clouds (IRE),K. E. Buckley,5,Gavin Patrick Cromwell,13th,7 l,4,11-8,96,True,36,41
N/A,N/A,14:05,Heavy (Soft To Heavy In Places),2m 5f,Killinure Lass (IRE),D. Moloney,7,Brian M. McMahon,12th,1 3/4 l,5,11-3,91,True,36,41
N/A,N/A,14:05,Heavy (Soft To Heavy In Places),2m 5f,Kingston Kid (IRE),Miss M. O'Sullivan,5,Eugene M. O'Sullivan,11th,1/2 l,5,11-11tp1,99,True,36,41
N/A,N/A,14:05,Heavy (Soft To Heavy In Places),2m 5f,Definiteadare (IRE),P. Byrnes,5,Ian O'Connor,10th,1 l,8,11-10v1,98,True,36,41
N/A,N/A,14:05,Heavy (Soft To Heavy In Places),2m 5f,Galmar (IRE),A. M. McCurtin,3,Brendan Maurice Walsh,9th,16 l,6,11-4,92,True,36,41
N/A,N/A,14:05,Heavy (Soft To Heavy In Places),2m 5f,Joy Of Life (IRE),S. F. O'Keeffe,0,Seamus Neville,8th,9 1/2 l,5,12-0,102,True,36,41
N/A,N/A,14:05,Heavy (Soft To Heavy In Places),2m 5f,Well Polly (IRE),T. Joseph Kelly,7,Miss J. M. Lee,7th,4 l,8,11-7p,95,True,36,41
N/A,N/A,14:05,Heavy (Soft To Heavy In Places),2m 5f,Chainofconsequence (IRE),Gavin Peter Brouder,5,Aengus King,6th,1/2 l,5,11-11,99,True,36,41
N/A,N/A,14:05,Heavy (Soft To Heavy In Places),2m 5f,Waittillitellyou (IRE),C. M. Quirke,7,Edward Cawley,5th,1 l,8,12-0t,102,True,36,41
N/A,N/A,14:05,Heavy (Soft To Heavy In Places),2m 5f,Huit Reflets (FR),Richard Deegan,0,Miss Elizabeth Doyle,4th,4 l,5,11-3,91,True,36,41
N/A,N/A,14:05,Heavy (Soft To Heavy In Places),2m 5f,Aide De Camp (IRE),D. King,5,Denis Hogan,3rd,3 1/4 l,4,11-13b1,101,True,36,41
N/A,N/A,14:05,Heavy (Soft To Heavy In Places),2m 5f,Seangoell (IRE),R. P. Geoghegan,7,Norman Lee,2nd,1 1/4 l,8,11-5tp,93,True,36,41
N/A,N/A,14:05,Heavy (Soft To Heavy In Places),2m 5f,Tomjackwilliam (IRE),G. B. Noonan,7,Eoin Christopher McCarthy,1st,N/A,5,11-3,91,True,36,41
N/A,N/A,14:05,Heavy (Soft To Heavy In Places),2m 5f,Storm Mahler (IRE),C. P. McNamara,0,Eric McNamara,PU,N/A,4,11-4,92,True,36,41
N/A,N/A,14:05,Heavy (Soft To Heavy In Places),2m 5f,Plain Or Battered (IRE),J. P. O'Sullivan,5,N. Dooly,PU,N/A,5,11-5,93,True,36,41
N/A,N/A,14:05,Heavy (Soft To Heavy In Places),2m 5f,Imperial Kate (IRE),A. P. Kelly,7,Jarlath P. Fahey,14th,Neck,7,11-8,96,True,36,41
N/A,N/A,14:05,Heavy (Soft To Heavy In Places),2m 5f,Clear The Clouds (IRE),K. E. Buckley,5,Gavin Patrick Cromwell,13th,7 l,4,11-8,96,True,36,41
N/A,N/A,14:05,Heavy (Soft To Heavy In Places),2m 5f,Killinure Lass (IRE),D. Moloney,7,Brian M. McMahon,12th,1 3/4 l,5,11-3,91,True,36,41
N/A,N/A,14:05,Heavy (Soft To Heavy In Places),2m 5f,Kingston Kid (IRE),Miss M. O'Sullivan,5,Eugene M. O'Sullivan,11th,1/2 l,5,11-11tp1,99,True,36,41
N/A,N/A,14:05,Heavy (Soft To Heavy In Places),2m 5f,Definiteadare (IRE),P. Byrnes,5,Ian O'Connor,10th,1 l,8,11-10v1,98,True,36,41
N/A,N/A,14:05,Heavy (Soft To Heavy In Places),2m 5f,Galmar (IRE),A. M. McCurtin,3,Brendan Maurice Walsh,9th,16 l,6,11-4,92,True,36,41
N/A,N/A,14:05,Heavy (Soft To Heavy In Places),2m 5f,Joy Of Life (IRE),S. F. O'Keeffe,0,Seamus Neville,8th,9 1/2 l,5,12-0,102,True,36,41
N/A,N/A,14:05,Heavy (Soft To Heavy In Places),2m 5f,Well Polly (IRE),T. Joseph Kelly,7,Miss J. M. Lee,7th,4 l,8,11-7p,95,True,36,41
N/A,N/A,14:05,Heavy (Soft To Heavy In Places),2m 5f,Chainofconsequence (IRE),Gavin Peter Brouder,5,Aengus King,6th,1/2 l,5,11-11,99,True,36,41
N/A,N/A,14:05,Heavy (Soft To Heavy In Places),2m 5f,Waittillitellyou (IRE),C. M. Quirke,7,Edward Cawley,5th,1 l,8,12-0t,102,True,36,41
N/A,N/A,14:05,Heavy (Soft To Heavy In Places),2m 5f,Huit Reflets (FR),Richard Deegan,0,Miss Elizabeth Doyle,4th,4 l,5,11-3,91,True,36,41
N/A,N/A,14:05,Heavy (Soft To Heavy In Places),2m 5f,Aide De Camp (IRE),D. King,5,Denis Hogan,3rd,3 1/4 l,4,11-13b1,101,True,36,41
N/A,N/A,14:05,Heavy (Soft To Heavy In Places),2m 5f,Seangoell (IRE),R. P. Geoghegan,7,Norman Lee,2nd,1 1/4 l,8,11-5tp,93,True,36,41
N/A,N/A,14:05,Heavy (Soft To Heavy In Places),2m 5f,Tomjackwilliam (IRE),G. B. Noonan,7,Eoin Christopher McCarthy,1st,N/A,5,11-3,91,True,36,41
N/A,N/A,14:40,Heavy (Soft To Heavy In Places),2m 3f 160y,Spyglass Hill (IRE),Derek Thomas McGrath,7,Henry de Bromhead,PU,N/A,9,11-12,145,True,36,42
N/A,N/A,14:40,Heavy (Soft To Heavy In Places),2m 3f 160y,Street Value (IRE),Denis O'Regan,0,J. P. Flavin,PU,N/A,7,10-8,127,True,36,42
N/A,N/A,14:40,Heavy (Soft To Heavy In Places),2m 3f 160y,Shadow Rider (FR),L. P. Dempsey,0,W. P. Mullins,PU,N/A,8,11-4,137,True,36,42
N/A,N/A,14:40,Heavy (Soft To Heavy In Places),2m 3f 160y,Velvet Elvis (IRE),Gavin Peter Brouder,5,T. Gibney,PU,N/A,6,11-9,142,True,36,42
N/A,N/A,14:40,Heavy (Soft To Heavy In Places),2m 3f 160y,Dont Go Yet (IRE),G. B. Noonan,7,Edward Cawley,PU,N/A,8,10-0,119,True,36,42
N/A,N/A,14:40,Heavy (Soft To Heavy In Places),2m 3f 160y,Flash De Touzaine (FR),Richard Deegan,0,Miss Elizabeth Doyle,F,N/A,7,10-12,131,True,36,42
N/A,N/A,14:40,Heavy (Soft To Heavy In Places),2m 3f 160y,Brandy Harbour,D. Moloney,7,Mrs Grainne M. O'Connor,F,N/A,8,10-0h,119,True,36,42
N/A,N/A,14:40,Heavy (Soft To Heavy In Places),2m 3f 160y,Pakens Rock (IRE),Donagh Meyler,0,Barry T. Murphy,6th,65 l,9,10-4,123,True,36,42
N/A,N/A,14:40,Heavy (Soft To Heavy In Places),2m 3f 160y,Lieutenant Command (FR),K. E. Buckley,5,Noel Meade,5th,24 l,8,11-7,140,True,36,42
N/A,N/A,14:40,Heavy (Soft To Heavy In Places),2m 3f 160y,Falco Blitz (IRE),C. P. McNamara,0,Eric McNamara,4th,21 l,8,11-0p1,133,True,36,42
N/A,N/A,14:40,Heavy (Soft To Heavy In Places),2m 3f 160y,Krabat (IRE),C. M. Quirke,7,Michael J. McDonagh,3rd,1 3/4 l,7,10-0tb1,119,True,36,42
N/A,N/A,14:40,Heavy (Soft To Heavy In Places),2m 3f 160y,Rebel Gold (IRE),S. Fitzgerald,3,Patrick T. Foley,2nd,2 3/4 l,9,11-0t,133,True,36,42
N/A,N/A,14:40,Heavy (Soft To Heavy In Places),2m 3f 160y,Maskada (FR),S. F. O'Keeffe,0,Henry de Bromhead,1st,N/A,6,10-13,132,True,36,42
N/A,N/A,14:40,Heavy (Soft To Heavy In Places),2m 3f 160y,Spyglass Hill (IRE),Derek Thomas McGrath,7,Henry de Bromhead,PU,N/A,9,11-12,145,True,36,42
N/A,N/A,14:40,Heavy (Soft To Heavy In Places),2m 3f 160y,Street Value (IRE),Denis O'Regan,0,J. P. Flavin,PU,N/A,7,10-8,127,True,36,42
N/A,N/A,14:40,Heavy (Soft To Heavy In Places),2m 3f 160y,Shadow Rider (FR),L. P. Dempsey,0,W. P. Mullins,PU,N/A,8,11-4,137,True,36,42
N/A,N/A,14:40,Heavy (Soft To Heavy In Places),2m 3f 160y,Velvet Elvis (IRE),Gavin Peter Brouder,5,T. Gibney,PU,N/A,6,11-9,142,True,36,42
N/A,N/A,14:40,Heavy (Soft To Heavy In Places),2m 3f 160y,Dont Go Yet (IRE),G. B. Noonan,7,Edward Cawley,PU,N/A,8,10-0,119,True,36,42
N/A,N/A,14:40,Heavy (Soft To Heavy In Places),2m 3f 160y,Flash De Touzaine (FR),Richard Deegan,0,Miss Elizabeth Doyle,F,N/A,7,10-12,131,True,36,42
N/A,N/A,14:40,Heavy (Soft To Heavy In Places),2m 3f 160y,Brandy Harbour,D. Moloney,7,Mrs Grainne M. O'Connor,F,N/A,8,10-0h,119,True,36,42
N/A,N/A,14:40,Heavy (Soft To Heavy In Places),2m 3f 160y,Pakens Rock (IRE),Donagh Meyler,0,Barry T. Murphy,6th,65 l,9,10-4,123,True,36,42
N/A,N/A,14:40,Heavy (Soft To Heavy In Places),2m 3f 160y,Lieutenant Command (FR),K. E. Buckley,5,Noel Meade,5th,24 l,8,11-7,140,True,36,42
N/A,N/A,14:40,Heavy (Soft To Heavy In Places),2m 3f 160y,Falco Blitz (IRE),C. P. McNamara,0,Eric McNamara,4th,21 l,8,11-0p1,133,True,36,42
N/A,N/A,14:40,Heavy (Soft To Heavy In Places),2m 3f 160y,Krabat (IRE),C. M. Quirke,7,Michael J. McDonagh,3rd,1 3/4 l,7,10-0tb1,119,True,36,42
N/A,N/A,14:40,Heavy (Soft To Heavy In Places),2m 3f 160y,Rebel Gold (IRE),S. Fitzgerald,3,Patrick T. Foley,2nd,2 3/4 l,9,11-0t,133,True,36,42
N/A,N/A,14:40,Heavy (Soft To Heavy In Places),2m 3f 160y,Maskada (FR),S. F. O'Keeffe,0,Henry de Bromhead,1st,N/A,6,10-13,132,True,36,42
N/A,N/A,15:15,Heavy (Soft To Heavy In Places),3m,Mercury Lane (IRE),J. P. O'Sullivan,5,Paul Nolan,PU,N/A,8,12-0tb1,116,True,36,43
N/A,N/A,15:15,Heavy (Soft To Heavy In Places),3m,Winter Carnival (IRE),D. Moloney,7,John Neilan,PU,N/A,7,11-5p1,107,True,36,43
N/A,N/A,15:15,Heavy (Soft To Heavy In Places),3m,Formal Order (USA),S. Fitzgerald,3,Ross O'Sullivan,PU,N/A,6,11-10tb1,112,True,36,43
N/A,N/A,15:15,Heavy (Soft To Heavy In Places),3m,Camilla's Choice (IRE),Miss A. B. O'Connor,3,John Joseph Hanlon,PU,N/A,6,10-0p,85,True,36,43
N/A,N/A,15:15,Heavy (Soft To Heavy In Places),3m,Exciting Oscar (IRE),Denis O'Regan,0,Denis Ahern,PU,N/A,9,10-5,93,True,36,43
N/A,N/A,15:15,Heavy (Soft To Heavy In Places),3m,Getaway Abbey (IRE),G. B. Noonan,7,Shane Patrick O'Brien,PU,N/A,6,10-0,85,True,36,43
N/A,N/A,15:15,Heavy (Soft To Heavy In Places),3m,Suain Na Draoicht (IRE),P. Byrnes,5,Charles Byrnes,PU,N/A,5,11-7,109,True,36,43
N/A,N/A,15:15,Heavy (Soft To Heavy In Places),3m,Native Gold (IRE),C. M. Quirke,7,Edward Cawley,11th,67 l,8,10-9p,97,True,36,43
N/A,N/A,15:15,Heavy (Soft To Heavy In Places),3m,The Niffler (IRE),E. O'Connell,5,Eamonn O'Connell,10th,20 l,5,11-5h,107,True,36,43
N/A,N/A,15:15,Heavy (Soft To Heavy In Places),3m,Royal Rhythm (IRE),S. F. O'Keeffe,0,P. J. Rothwell,9th,5 1/2 l,6,10-4p,92,True,36,43
N/A,N/A,15:15,Heavy (Soft To Heavy In Places),3m,Cheerful Chap (IRE),C. Brassil,5,N. Dooly,8th,4 1/4 l,5,11-2,104,True,36,43
N/A,N/A,15:15,Heavy (Soft To Heavy In Places),3m,Gotthenod (IRE),Mr T. P. Harney,7,Ross O'Sullivan,7th,10 l,8,11-1,103,True,36,43
N/A,N/A,15:15,Heavy (Soft To Heavy In Places),3m,Camino Rock,R. A. Doyle,0,M. F. Morris,6th,6 1/2 l,5,11-12t,114,True,36,43
N/A,N/A,15:15,Heavy (Soft To Heavy In Places),3m,Mont Saint Vincent (FR),C. P. McNamara,0,Eric McNamara,5th,2 l,6,11-3,105,True,36,43
N/A,N/A,15:15,Heavy (Soft To Heavy In Places),3m,Backintheroom (IRE),Richard Deegan,0,Paul Nolan,4th,3 1/4 l,5,12-2,118,True,36,43
N/A,N/A,15:15,Heavy (Soft To Heavy In Places),3m,Time Marches On (IRE),K. E. Buckley,5,J. D. Motherway,3rd,3 1/4 l,6,11-12p,114,True,36,43
N/A,N/A,15:15,Heavy (Soft To Heavy In Places),3m,Earths Furies (IRE),Mr Alan O'Sullivan,7,Eugene M. O'Sullivan,2nd,1 1/4 l,6,11-0p,102,True,36,43
N/A,N/A,15:15,Heavy (Soft To Heavy In Places),3m,Young Dev (IRE),D. King,5,Denis Hogan,1st,N/A,8,12-0,116,True,36,43
N/A,N/A,15:15,Heavy (Soft To Heavy In Places),3m,Mercury Lane (IRE),J. P. O'Sullivan,5,Paul Nolan,PU,N/A,8,12-0tb1,116,True,36,43
N/A,N/A,15:15,Heavy (Soft To Heavy In Places),3m,Winter Carnival (IRE),D. Moloney,7,John Neilan,PU,N/A,7,11-5p1,107,True,36,43
N/A,N/A,15:15,Heavy (Soft To Heavy In Places),3m,Formal Order (USA),S. Fitzgerald,3,Ross O'Sullivan,PU,N/A,6,11-10tb1,112,True,36,43
N/A,N/A,15:15,Heavy (Soft To Heavy In Places),3m,Camilla's Choice (IRE),Miss A. B. O'Connor,3,John Joseph Hanlon,PU,N/A,6,10-0p,85,True,36,43
N/A,N/A,15:15,Heavy (Soft To Heavy In Places),3m,Exciting Oscar (IRE),Denis O'Regan,0,Denis Ahern,PU,N/A,9,10-5,93,True,36,43
N/A,N/A,15:15,Heavy (Soft To Heavy In Places),3m,Getaway Abbey (IRE),G. B. Noonan,7,Shane Patrick O'Brien,PU,N/A,6,10-0,85,True,36,43
N/A,N/A,15:15,Heavy (Soft To Heavy In Places),3m,Suain Na Draoicht (IRE),P. Byrnes,5,Charles Byrnes,PU,N/A,5,11-7,109,True,36,43
N/A,N/A,15:15,Heavy (Soft To Heavy In Places),3m,Native Gold (IRE),C. M. Quirke,7,Edward Cawley,11th,67 l,8,10-9p,97,True,36,43
N/A,N/A,15:15,Heavy (Soft To Heavy In Places),3m,The Niffler (IRE),E. O'Connell,5,Eamonn O'Connell,10th,20 l,5,11-5h,107,True,36,43
N/A,N/A,15:15,Heavy (Soft To Heavy In Places),3m,Royal Rhythm (IRE),S. F. O'Keeffe,0,P. J. Rothwell,9th,5 1/2 l,6,10-4p,92,True,36,43
N/A,N/A,15:15,Heavy (Soft To Heavy In Places),3m,Cheerful Chap (IRE),C. Brassil,5,N. Dooly,8th,4 1/4 l,5,11-2,104,True,36,43
N/A,N/A,15:15,Heavy (Soft To Heavy In Places),3m,Gotthenod (IRE),Mr T. P. Harney,7,Ross O'Sullivan,7th,10 l,8,11-1,103,True,36,43
N/A,N/A,15:15,Heavy (Soft To Heavy In Places),3m,Camino Rock,R. A. Doyle,0,M. F. Morris,6th,6 1/2 l,5,11-12t,114,True,36,43
N/A,N/A,15:15,Heavy (Soft To Heavy In Places),3m,Mont Saint Vincent (FR),C. P. McNamara,0,Eric McNamara,5th,2 l,6,11-3,105,True,36,43
N/A,N/A,15:15,Heavy (Soft To Heavy In Places),3m,Backintheroom (IRE),Richard Deegan,0,Paul Nolan,4th,3 1/4 l,5,12-2,118,True,36,43
N/A,N/A,15:15,Heavy (Soft To Heavy In Places),3m,Time Marches On (IRE),K. E. Buckley,5,J. D. Motherway,3rd,3 1/4 l,6,11-12p,114,True,36,43
N/A,N/A,15:15,Heavy (Soft To Heavy In Places),3m,Earths Furies (IRE),Mr Alan O'Sullivan,7,Eugene M. O'Sullivan,2nd,1 1/4 l,6,11-0p,102,True,36,43
N/A,N/A,15:15,Heavy (Soft To Heavy In Places),3m,Young Dev (IRE),D. King,5,Denis Hogan,1st,N/A,8,12-0,116,True,36,43
N/A,N/A,15:45,Heavy (Soft To Heavy In Places),2m 2f,Westwind Star,Ms E. J. Fitzgerald,7,Brian Mortell,11th,99 l,5,12-0,-,True,36,44
N/A,N/A,15:45,Heavy (Soft To Heavy In Places),2m 2f,Rex Gloriae (IRE),Mr M. K. Tobin,7,Donncha Duggan,10th,1 3/4 l,4,12-0t1,-,True,36,44
N/A,N/A,15:45,Heavy (Soft To Heavy In Places),2m 2f,Max Time (IRE),Mr D. M. Russell,7,I. Madden,9th,3/4 l,5,12-0,-,True,36,44
N/A,N/A,15:45,Heavy (Soft To Heavy In Places),2m 2f,Spoken Story (IRE),Miss A. B. O'Connor,3,Augustine Leahy,8th,99 l,4,11-7,-,True,36,44
N/A,N/A,15:45,Heavy (Soft To Heavy In Places),2m 2f,Castle Field Boy (IRE),Mr H. C. Swan,7,Patrick T. Foley,7th,4 1/2 l,6,12-0t1,-,True,36,44
N/A,N/A,15:45,Heavy (Soft To Heavy In Places),2m 2f,Fermoyle (IRE),Mr Pat Taaffe,7,Noel Meade,6th,10 l,4,12-0,-,True,36,44
N/A,N/A,15:45,Heavy (Soft To Heavy In Places),2m 2f,Soldante (IRE),Mr B. O'Neill,0,Ciaran Murphy,5th,1 1/4 l,4,12-0,-,True,36,44
N/A,N/A,15:45,Heavy (Soft To Heavy In Places),2m 2f,Dysart Dasher (IRE),Mr S. E. Cahill,7,W. P. Mullins,4th,4 l,5,12-0,-,True,36,44
N/A,N/A,15:45,Heavy (Soft To Heavy In Places),2m 2f,Baltray (IRE),Mr D. Allen,7,D. Hassett,3rd,11 l,4,12-0,-,True,36,44
N/A,N/A,15:45,Heavy (Soft To Heavy In Places),2m 2f,Talk In The Park (IRE),Mr T. Hamilton,0,Ms Margaret Mullins,2nd,10 l,4,12-0,-,True,36,44
N/A,N/A,15:45,Heavy (Soft To Heavy In Places),2m 2f,Chosen Witness (IRE),Miss J. Townend,3,W. P. Mullins,1st,N/A,5,12-0,-,True,36,44
N/A,N/A,15:45,Heavy (Soft To Heavy In Places),2m 2f,Westwind Star,Ms E. J. Fitzgerald,7,Brian Mortell,11th,99 l,5,12-0,-,True,36,44
N/A,N/A,15:45,Heavy (Soft To Heavy In Places),2m 2f,Rex Gloriae (IRE),Mr M. K. Tobin,7,Donncha Duggan,10th,1 3/4 l,4,12-0t1,-,True,36,44
N/A,N/A,15:45,Heavy (Soft To Heavy In Places),2m 2f,Max Time (IRE),Mr D. M. Russell,7,I. Madden,9th,3/4 l,5,12-0,-,True,36,44
N/A,N/A,15:45,Heavy (Soft To Heavy In Places),2m 2f,Spoken Story (IRE),Miss A. B. O'Connor,3,Augustine Leahy,8th,99 l,4,11-7,-,True,36,44
N/A,N/A,15:45,Heavy (Soft To Heavy In Places),2m 2f,Castle Field Boy (IRE),Mr H. C. Swan,7,Patrick T. Foley,7th,4 1/2 l,6,12-0t1,-,True,36,44
N/A,N/A,15:45,Heavy (Soft To Heavy In Places),2m 2f,Fermoyle (IRE),Mr Pat Taaffe,7,Noel Meade,6th,10 l,4,12-0,-,True,36,44
N/A,N/A,15:45,Heavy (Soft To Heavy In Places),2m 2f,Soldante (IRE),Mr B. O'Neill,0,Ciaran Murphy,5th,1 1/4 l,4,12-0,-,True,36,44
N/A,N/A,15:45,Heavy (Soft To Heavy In Places),2m 2f,Dysart Dasher (IRE),Mr S. E. Cahill,7,W. P. Mullins,4th,4 l,5,12-0,-,True,36,44
N/A,N/A,15:45,Heavy (Soft To Heavy In Places),2m 2f,Baltray (IRE),Mr D. Allen,7,D. Hassett,3rd,11 l,4,12-0,-,True,36,44
N/A,N/A,15:45,Heavy (Soft To Heavy In Places),2m 2f,Talk In The Park (IRE),Mr T. Hamilton,0,Ms Margaret Mullins,2nd,10 l,4,12-0,-,True,36,44
N/A,N/A,15:45,Heavy (Soft To Heavy In Places),2m 2f,Chosen Witness (IRE),Miss J. Townend,3,W. P. Mullins,1st,N/A,5,12-0,-,True,36,44
N/A,N/A,12:00,Soft (Yielding In Places),2m 5f,Temptationinmilan (IRE),P. Byrnes,2,Charles Byrnes,UR,N/A,6,11-2p,111,True,36,45
N/A,N/A,12:00,Soft (Yielding In Places),2m 5f,Fameaftertheglory,K. E. Buckley,0,Gavin Patrick Cromwell,UR,N/A,6,11-7,116,True,36,45
N/A,N/A,12:00,Soft (Yielding In Places),2m 5f,Arthur's Baby (IRE),M. P. O'Connor,2,Mark McNiff,14th,23 l,8,10-6t,101,True,36,45
N/A,N/A,12:00,Soft (Yielding In Places),2m 5f,Handsworth (IRE),J. P. O'Sullivan,0,J. P. Dempsey,13th,4 3/4 l,7,11-7p,116,True,36,45
N/A,N/A,12:00,Soft (Yielding In Places),2m 5f,Millen to One (IRE),C. Smithers,4,F. Flood,12th,7 l,8,11-2p1,111,True,36,45
N/A,N/A,12:00,Soft (Yielding In Places),2m 5f,Gateau De Miel (FR),C. Brassil,0,Henry de Bromhead,11th,13 l,6,11-10t,119,True,36,45
N/A,N/A,12:00,Soft (Yielding In Places),2m 5f,Arctic Ambition (IRE),Niall Moore,4,Gordon Elliott,10th,26 l,7,10-10,105,True,36,45
N/A,N/A,12:00,Soft (Yielding In Places),2m 5f,Marshalled (IRE),A. P. Kelly,4,Padraig Roche,9th,15 l,8,11-11p,120,True,36,45
N/A,N/A,12:00,Soft (Yielding In Places),2m 5f,Broken Ice (IRE),Patrick Michael O'Brien,4,Gavin Patrick Cromwell,8th,8 1/2 l,6,11-5,114,True,36,45
N/A,N/A,12:00,Soft (Yielding In Places),2m 5f,Super Citizen,M. J. M. O'Sullivan,2,Eugene M. O'Sullivan,7th,20 l,8,11-2p,111,True,36,45
N/A,N/A,12:00,Soft (Yielding In Places),2m 5f,Gondor (IRE),Sarah Kavanagh,4,Colm A. Murphy,6th,1 1/4 l,7,10-3,98,True,36,45
N/A,N/A,12:00,Soft (Yielding In Places),2m 5f,Politicise (IRE),Mr C. P. Millar,4,Nigel Slevin,5th,2 l,6,10-12p,107,True,36,45
N/A,N/A,12:00,Soft (Yielding In Places),2m 5f,Charlie Stout (IRE),Kieran Callaghan,4,Shane Nolan,4th,6 l,11,11-9t,118,True,36,45
N/A,N/A,12:00,Soft (Yielding In Places),2m 5f,Galon De Vauzelle (FR),Patrick O'Hanlon,2,P. J. Rothwell,3rd,2 l,6,10-9p,104,True,36,45
N/A,N/A,12:00,Soft (Yielding In Places),2m 5f,Archies Charm,S. Fitzgerald,0,B. R. Hamilton,2nd,13 l,7,11-13p,122,True,36,45
N/A,N/A,12:00,Soft (Yielding In Places),2m 5f,Seddon (IRE),B. W. Harvey,2,John McConnell,1st,N/A,9,12-0,123,True,36,45
N/A,N/A,12:00,Soft (Yielding In Places),2m 5f,Temptationinmilan (IRE),P. Byrnes,2,Charles Byrnes,UR,N/A,6,11-2p,111,True,36,45
N/A,N/A,12:00,Soft (Yielding In Places),2m 5f,Fameaftertheglory,K. E. Buckley,0,Gavin Patrick Cromwell,UR,N/A,6,11-7,116,True,36,45
N/A,N/A,12:00,Soft (Yielding In Places),2m 5f,Arthur's Baby (IRE),M. P. O'Connor,2,Mark McNiff,14th,23 l,8,10-6t,101,True,36,45
N/A,N/A,12:00,Soft (Yielding In Places),2m 5f,Handsworth (IRE),J. P. O'Sullivan,0,J. P. Dempsey,13th,4 3/4 l,7,11-7p,116,True,36,45
N/A,N/A,12:00,Soft (Yielding In Places),2m 5f,Millen to One (IRE),C. Smithers,4,F. Flood,12th,7 l,8,11-2p1,111,True,36,45
N/A,N/A,12:00,Soft (Yielding In Places),2m 5f,Gateau De Miel (FR),C. Brassil,0,Henry de Bromhead,11th,13 l,6,11-10t,119,True,36,45
N/A,N/A,12:00,Soft (Yielding In Places),2m 5f,Arctic Ambition (IRE),Niall Moore,4,Gordon Elliott,10th,26 l,7,10-10,105,True,36,45
N/A,N/A,12:00,Soft (Yielding In Places),2m 5f,Marshalled (IRE),A. P. Kelly,4,Padraig Roche,9th,15 l,8,11-11p,120,True,36,45
N/A,N/A,12:00,Soft (Yielding In Places),2m 5f,Broken Ice (IRE),Patrick Michael O'Brien,4,Gavin Patrick Cromwell,8th,8 1/2 l,6,11-5,114,True,36,45
N/A,N/A,12:00,Soft (Yielding In Places),2m 5f,Super Citizen,M. J. M. O'Sullivan,2,Eugene M. O'Sullivan,7th,20 l,8,11-2p,111,True,36,45
N/A,N/A,12:00,Soft (Yielding In Places),2m 5f,Gondor (IRE),Sarah Kavanagh,4,Colm A. Murphy,6th,1 1/4 l,7,10-3,98,True,36,45
N/A,N/A,12:00,Soft (Yielding In Places),2m 5f,Politicise (IRE),Mr C. P. Millar,4,Nigel Slevin,5th,2 l,6,10-12p,107,True,36,45
N/A,N/A,12:00,Soft (Yielding In Places),2m 5f,Charlie Stout (IRE),Kieran Callaghan,4,Shane Nolan,4th,6 l,11,11-9t,118,True,36,45
N/A,N/A,12:00,Soft (Yielding In Places),2m 5f,Galon De Vauzelle (FR),Patrick O'Hanlon,2,P. J. Rothwell,3rd,2 l,6,10-9p,104,True,36,45
N/A,N/A,12:00,Soft (Yielding In Places),2m 5f,Archies Charm,S. Fitzgerald,0,B. R. Hamilton,2nd,13 l,7,11-13p,122,True,36,45
N/A,N/A,12:00,Soft (Yielding In Places),2m 5f,Seddon (IRE),B. W. Harvey,2,John McConnell,1st,N/A,9,12-0,123,True,36,45
N/A,N/A,12:35,Soft (Yielding In Places),2m 4f,Bring Us Paradise,L. P. Dempsey,0,Luke Comer,PU,N/A,6,11-12t,-,True,36,46
N/A,N/A,12:35,Soft (Yielding In Places),2m 4f,Golden Wonder's (FR),J. J. Slevin,0,Martin Brassil,11th,9 1/2 l,6,11-12t,-,True,36,46
N/A,N/A,12:35,Soft (Yielding In Places),2m 4f,Skinnider (IRE),D. E. Mullins,0,Martin Hassett,10th,9 l,5,11-5,-,True,36,46
N/A,N/A,12:35,Soft (Yielding In Places),2m 4f,Transmission (IRE),B. Hayes,0,Colm A. Murphy,9th,17 l,5,11-12,-,True,36,46
N/A,N/A,12:35,Soft (Yielding In Places),2m 4f,Jollie Cosmos (IRE),Miss P. Elvin,7,P. J. Rothwell,8th,8 l,6,11-5,-,True,36,46
N/A,N/A,12:35,Soft (Yielding In Places),2m 4f,American Money (IRE),K. E. Buckley,5,Eddie & Patrick Harty,7th,1/2 l,5,11-12,-,True,36,46
N/A,N/A,12:35,Soft (Yielding In Places),2m 4f,Away To Sea (FR),Connor King,0,Joseph G. Murphy,6th,47 l,5,11-12,-,True,36,46
N/A,N/A,12:35,Soft (Yielding In Places),2m 4f,Madmansgame,P. Townend,0,W. P. Mullins,5th,14 l,5,11-12t1,-,True,36,46
N/A,N/A,12:35,Soft (Yielding In Places),2m 4f,Embassy Gardens,S. F. O'Keeffe,0,W. P. Mullins,4th,1/2 l,6,11-12,-,True,36,46
N/A,N/A,12:35,Soft (Yielding In Places),2m 4f,Search For Glory (IRE),J. W. Kennedy,0,Gordon Elliott,3rd,1 l,5,11-12,-,True,36,46
N/A,N/A,12:35,Soft (Yielding In Places),2m 4f,Tag Man (IRE),Rachael Blackmore,0,Henry de Bromhead,2nd,8 l,6,11-12,-,True,36,46
N/A,N/A,12:35,Soft (Yielding In Places),2m 4f,Good Land (FR),M. J. M. O'Sullivan,5,Barry Connell,1st,N/A,6,11-12,-,True,36,46
N/A,N/A,12:35,Soft (Yielding In Places),2m 4f,Bring Us Paradise,L. P. Dempsey,0,Luke Comer,PU,N/A,6,11-12t,-,True,36,46
N/A,N/A,12:35,Soft (Yielding In Places),2m 4f,Golden Wonder's (FR),J. J. Slevin,0,Martin Brassil,11th,9 1/2 l,6,11-12t,-,True,36,46
N/A,N/A,12:35,Soft (Yielding In Places),2m 4f,Skinnider (IRE),D. E. Mullins,0,Martin Hassett,10th,9 l,5,11-5,-,True,36,46
N/A,N/A,12:35,Soft (Yielding In Places),2m 4f,Transmission (IRE),B. Hayes,0,Colm A. Murphy,9th,17 l,5,11-12,-,True,36,46
N/A,N/A,12:35,Soft (Yielding In Places),2m 4f,Jollie Cosmos (IRE),Miss P. Elvin,7,P. J. Rothwell,8th,8 l,6,11-5,-,True,36,46
N/A,N/A,12:35,Soft (Yielding In Places),2m 4f,American Money (IRE),K. E. Buckley,5,Eddie & Patrick Harty,7th,1/2 l,5,11-12,-,True,36,46
N/A,N/A,12:35,Soft (Yielding In Places),2m 4f,Away To Sea (FR),Connor King,0,Joseph G. Murphy,6th,47 l,5,11-12,-,True,36,46
N/A,N/A,12:35,Soft (Yielding In Places),2m 4f,Madmansgame,P. Townend,0,W. P. Mullins,5th,14 l,5,11-12t1,-,True,36,46
N/A,N/A,12:35,Soft (Yielding In Places),2m 4f,Embassy Gardens,S. F. O'Keeffe,0,W. P. Mullins,4th,1/2 l,6,11-12,-,True,36,46
N/A,N/A,12:35,Soft (Yielding In Places),2m 4f,Search For Glory (IRE),J. W. Kennedy,0,Gordon Elliott,3rd,1 l,5,11-12,-,True,36,46
N/A,N/A,12:35,Soft (Yielding In Places),2m 4f,Tag Man (IRE),Rachael Blackmore,0,Henry de Bromhead,2nd,8 l,6,11-12,-,True,36,46
N/A,N/A,12:35,Soft (Yielding In Places),2m 4f,Good Land (FR),M. J. M. O'Sullivan,5,Barry Connell,1st,N/A,6,11-12,-,True,36,46
N/A,N/A,13:10,Soft (Yielding In Places),2m 4f,Copper Nation (IRE),J. J. Slevin,0,Donal Coffey,6th,11 l,5,10-11,-,True,36,47
N/A,N/A,13:10,Soft (Yielding In Places),2m 4f,Braganza (USA),S. F. O'Keeffe,0,W. P. Mullins,5th,34 l,7,10-11,-,True,36,47
N/A,N/A,13:10,Soft (Yielding In Places),2m 4f,Dollys Destination (IRE),Mr O. McGill,0,Gary McGill,4th,24 l,9,10-11p,-,True,36,47
N/A,N/A,13:10,Soft (Yielding In Places),2m 4f,My Design (IRE),K. E. Buckley,0,Declan Queally,3rd,13 l,7,10-11,-,True,36,47
N/A,N/A,13:10,Soft (Yielding In Places),2m 4f,Queens Brook (IRE),J. W. Kennedy,0,Gordon Elliott,2nd,4 1/2 l,7,11-0,-,True,36,47
N/A,N/A,13:10,Soft (Yielding In Places),2m 4f,Shewearsitwell (IRE),P. Townend,0,W. P. Mullins,1st,N/A,7,10-11,-,True,36,47
N/A,N/A,13:10,Soft (Yielding In Places),2m 4f,Copper Nation (IRE),J. J. Slevin,0,Donal Coffey,6th,11 l,5,10-11,-,True,36,47
N/A,N/A,13:10,Soft (Yielding In Places),2m 4f,Braganza (USA),S. F. O'Keeffe,0,W. P. Mullins,5th,34 l,7,10-11,-,True,36,47
N/A,N/A,13:10,Soft (Yielding In Places),2m 4f,Dollys Destination (IRE),Mr O. McGill,0,Gary McGill,4th,24 l,9,10-11p,-,True,36,47
N/A,N/A,13:10,Soft (Yielding In Places),2m 4f,My Design (IRE),K. E. Buckley,0,Declan Queally,3rd,13 l,7,10-11,-,True,36,47
N/A,N/A,13:10,Soft (Yielding In Places),2m 4f,Queens Brook (IRE),J. W. Kennedy,0,Gordon Elliott,2nd,4 1/2 l,7,11-0,-,True,36,47
N/A,N/A,13:10,Soft (Yielding In Places),2m 4f,Shewearsitwell (IRE),P. Townend,0,W. P. Mullins,1st,N/A,7,10-11,-,True,36,47
N/A,N/A,13:45,Soft (Yielding In Places),3m,Amirite (IRE),Rachael Blackmore,0,Henry de Bromhead,UR,N/A,6,11-10,-,True,36,48
N/A,N/A,13:45,Soft (Yielding In Places),3m,Unexpected Depth (IRE),D. E. Mullins,0,Oliver McKiernan,PU,N/A,8,11-10tp,-,True,36,48
N/A,N/A,13:45,Soft (Yielding In Places),3m,Three Stripe Life (IRE),J. W. Kennedy,0,Gordon Elliott,F,N/A,6,11-10t1,-,True,36,48
N/A,N/A,13:45,Soft (Yielding In Places),3m,Barnacullia (IRE),Keith Donoghue,0,Michael Mulvany,4th,64 l,5,11-10,-,True,36,48
N/A,N/A,13:45,Soft (Yielding In Places),3m,Frontal Assault (IRE),Jordan Colin Gainford,0,Gordon Elliott,3rd,24 l,7,11-10b,-,True,36,48
N/A,N/A,13:45,Soft (Yielding In Places),3m,Churchstonewarrior (IRE),Aidan Coleman,0,Jonathan Sweeney,2nd,7 1/2 l,7,11-10,-,True,36,48
N/A,N/A,13:45,Soft (Yielding In Places),3m,Gaillard Du Mesnil (FR),P. Townend,0,W. P. Mullins,1st,N/A,6,11-10,-,True,36,48
N/A,N/A,13:45,Soft (Yielding In Places),3m,Amirite (IRE),Rachael Blackmore,0,Henry de Bromhead,UR,N/A,6,11-10,-,True,36,48
N/A,N/A,13:45,Soft (Yielding In Places),3m,Unexpected Depth (IRE),D. E. Mullins,0,Oliver McKiernan,PU,N/A,8,11-10tp,-,True,36,48
N/A,N/A,13:45,Soft (Yielding In Places),3m,Three Stripe Life (IRE),J. W. Kennedy,0,Gordon Elliott,F,N/A,6,11-10t1,-,True,36,48
N/A,N/A,13:45,Soft (Yielding In Places),3m,Barnacullia (IRE),Keith Donoghue,0,Michael Mulvany,4th,64 l,5,11-10,-,True,36,48
N/A,N/A,13:45,Soft (Yielding In Places),3m,Frontal Assault (IRE),Jordan Colin Gainford,0,Gordon Elliott,3rd,24 l,7,11-10b,-,True,36,48
N/A,N/A,13:45,Soft (Yielding In Places),3m,Churchstonewarrior (IRE),Aidan Coleman,0,Jonathan Sweeney,2nd,7 1/2 l,7,11-10,-,True,36,48
N/A,N/A,13:45,Soft (Yielding In Places),3m,Gaillard Du Mesnil (FR),P. Townend,0,W. P. Mullins,1st,N/A,6,11-10,-,True,36,48
N/A,N/A,14:20,Soft (Yielding In Places),2m,Pied Piper,J. W. Kennedy,0,Gordon Elliott,5th,99 l,4,11-12t,-,True,36,49
N/A,N/A,14:20,Soft (Yielding In Places),2m,She Is Electric (IRE),R. P. Geoghegan,0,Norman Lee,4th,46 l,7,11-5h,-,True,36,49
N/A,N/A,14:20,Soft (Yielding In Places),2m,Sharjah (FR),Mr P. W. Mullins,0,W. P. Mullins,3rd,5 l,9,11-12t,-,True,36,49
N/A,N/A,14:20,Soft (Yielding In Places),2m,Vauban (FR),D. E. Mullins,0,W. P. Mullins,2nd,4 1/4 l,4,11-12t,-,True,36,49
N/A,N/A,14:20,Soft (Yielding In Places),2m,State Man (FR),P. Townend,0,W. P. Mullins,1st,N/A,5,11-12,-,True,36,49
N/A,N/A,14:20,Soft (Yielding In Places),2m,Pied Piper,J. W. Kennedy,0,Gordon Elliott,5th,99 l,4,11-12t,-,True,36,49
N/A,N/A,14:20,Soft (Yielding In Places),2m,She Is Electric (IRE),R. P. Geoghegan,0,Norman Lee,4th,46 l,7,11-5h,-,True,36,49
N/A,N/A,14:20,Soft (Yielding In Places),2m,Sharjah (FR),Mr P. W. Mullins,0,W. P. Mullins,3rd,5 l,9,11-12t,-,True,36,49
N/A,N/A,14:20,Soft (Yielding In Places),2m,Vauban (FR),D. E. Mullins,0,W. P. Mullins,2nd,4 1/4 l,4,11-12t,-,True,36,49
N/A,N/A,14:20,Soft (Yielding In Places),2m,State Man (FR),P. Townend,0,W. P. Mullins,1st,N/A,5,11-12,-,True,36,49
N/A,N/A,14:55,Soft (Yielding In Places),2m 4f,Thunder Down Under (IRE),J. W. Kennedy,0,Gordon Elliott,PU,N/A,8,10-12,111,True,36,50
N/A,N/A,14:55,Soft (Yielding In Places),2m 4f,Elle Perfecta (IRE),L. A. McKenna,7,Colm A. Murphy,11th,3 1/2 l,6,11-8,121,True,36,50
N/A,N/A,14:55,Soft (Yielding In Places),2m 4f,Time To Rocco (IRE),M. J. M. O'Sullivan,5,Colin Motherway,10th,8 l,5,10-13,112,True,36,50
N/A,N/A,14:55,Soft (Yielding In Places),2m 4f,Typical Thomas (IRE),A. P. Kelly,7,James Andrew Fahey,9th,11 l,5,11-12,125,True,36,50
N/A,N/A,14:55,Soft (Yielding In Places),2m 4f,Gringo D'ainay (FR),S. F. O'Keeffe,0,John Queally,8th,1/2 l,6,10-3,102,True,36,50
N/A,N/A,14:55,Soft (Yielding In Places),2m 4f,Captains Nephew (IRE),J. P. O'Sullivan,5,P. J. Rothwell,7th,6 1/2 l,5,10-10t,109,True,36,50
N/A,N/A,14:55,Soft (Yielding In Places),2m 4f,The Gradual Slope (IRE),Aidan Coleman,0,Sean O. O'Brien,6th,Head,5,11-3,116,True,36,50
N/A,N/A,14:55,Soft (Yielding In Places),2m 4f,Hollow Sound (IRE),Jordan Colin Gainford,0,Luke Comer,5th,3 3/4 l,7,11-6,119,True,36,50
N/A,N/A,14:55,Soft (Yielding In Places),2m 4f,Neveradullmoment (IRE),L. P. Dempsey,0,J. P. Dempsey,4th,2 1/4 l,5,10-5t1,104,True,36,50
N/A,N/A,14:55,Soft (Yielding In Places),2m 4f,Gaoth Chuil (IRE),Denis O'Regan,0,T. M. Walsh,3rd,3 3/4 l,4,10-10,109,True,36,50
N/A,N/A,14:55,Soft (Yielding In Places),2m 4f,Spirit Of Legend (FR),Rachael Blackmore,0,Henry de Bromhead,2nd,1 l,5,11-12,125,True,36,50
N/A,N/A,14:55,Soft (Yielding In Places),2m 4f,Green Glory (IRE),P. Byrnes,5,Charles Byrnes,1st,N/A,5,10-12,111,True,36,50
N/A,N/A,14:55,Soft (Yielding In Places),2m 4f,Thunder Down Under (IRE),J. W. Kennedy,0,Gordon Elliott,PU,N/A,8,10-12,111,True,36,50
N/A,N/A,14:55,Soft (Yielding In Places),2m 4f,Elle Perfecta (IRE),L. A. McKenna,7,Colm A. Murphy,11th,3 1/2 l,6,11-8,121,True,36,50
N/A,N/A,14:55,Soft (Yielding In Places),2m 4f,Time To Rocco (IRE),M. J. M. O'Sullivan,5,Colin Motherway,10th,8 l,5,10-13,112,True,36,50
N/A,N/A,14:55,Soft (Yielding In Places),2m 4f,Typical Thomas (IRE),A. P. Kelly,7,James Andrew Fahey,9th,11 l,5,11-12,125,True,36,50
N/A,N/A,14:55,Soft (Yielding In Places),2m 4f,Gringo D'ainay (FR),S. F. O'Keeffe,0,John Queally,8th,1/2 l,6,10-3,102,True,36,50
N/A,N/A,14:55,Soft (Yielding In Places),2m 4f,Captains Nephew (IRE),J. P. O'Sullivan,5,P. J. Rothwell,7th,6 1/2 l,5,10-10t,109,True,36,50
N/A,N/A,14:55,Soft (Yielding In Places),2m 4f,The Gradual Slope (IRE),Aidan Coleman,0,Sean O. O'Brien,6th,Head,5,11-3,116,True,36,50
N/A,N/A,14:55,Soft (Yielding In Places),2m 4f,Hollow Sound (IRE),Jordan Colin Gainford,0,Luke Comer,5th,3 3/4 l,7,11-6,119,True,36,50
N/A,N/A,14:55,Soft (Yielding In Places),2m 4f,Neveradullmoment (IRE),L. P. Dempsey,0,J. P. Dempsey,4th,2 1/4 l,5,10-5t1,104,True,36,50
N/A,N/A,14:55,Soft (Yielding In Places),2m 4f,Gaoth Chuil (IRE),Denis O'Regan,0,T. M. Walsh,3rd,3 3/4 l,4,10-10,109,True,36,50
N/A,N/A,14:55,Soft (Yielding In Places),2m 4f,Spirit Of Legend (FR),Rachael Blackmore,0,Henry de Bromhead,2nd,1 l,5,11-12,125,True,36,50
N/A,N/A,14:55,Soft (Yielding In Places),2m 4f,Green Glory (IRE),P. Byrnes,5,Charles Byrnes,1st,N/A,5,10-12,111,True,36,50
