track_name,race_date,race_time,going,distance,horse_name,jockey,claims,trainer,race_position,lost_by_length,age,weight,rating,first_place_found,batch_number,url_index_in_batch
Navan Racing Results | 7th June 2025 15:15,N/A,15:15,Yielding (Good In Places),5f,Stanhope,K G Kennedy,5,J C McConnell,13th,2 3/4 l,11,8-7,48,True,180,26
Navan Racing Results | 7th June 2025 15:15,N/A,15:15,Yielding (Good In Places),5f,Realtin Fantasy (IRE),M W Hassett,5,W P Browne,12th,1/2 l,9,8-8,50,True,180,26
Navan Racing Results | 7th June 2025 15:15,N/A,15:15,Yielding (Good In Places),5f,Inishmot Prince (IRE),J J G Ryan,3,T G McCourt,11th,1/2 l,7,8-13v,55,True,180,26
Navan Racing Results | 7th June 2025 15:15,N/A,15:15,Yielding (Good In Places),5f,Dark Enigma,W Joyce,3,J G Murray,10th,Short Head,4,8-7tp1,41,True,180,26
Navan Racing Results | 7th June 2025 15:15,N/A,15:15,Yielding (Good In Places),5f,Surpass And Shine (IRE),W J Lee,0,P J Flynn,9th,3/4 l,4,9-12,68,True,180,26
Navan Racing Results | 7th June 2025 15:15,N/A,15:15,Yielding (Good In Places),5f,An Laochmor (IRE),L F Roche,0,J G Coogan,8th,1 l,4,8-8b1,50,True,180,26
Navan Racing Results | 7th June 2025 15:15,N/A,15:15,Yielding (Good In Places),5f,Irish Rumour (IRE),R C Colgan,0,Miss Jennifer Anne Lynch,7th,3/4 l,5,9-11t,67,True,180,26
Navan Racing Results | 7th June 2025 15:15,N/A,15:15,Yielding (Good In Places),5f,My Girl Sioux (IRE),A J Slattery,0,A Slattery,6th,Head,5,9-3,59,True,180,26
Navan Racing Results | 7th June 2025 15:15,N/A,15:15,Yielding (Good In Places),5f,Rappell (IRE),J M Sheridan,0,P W Flynn,5th,1/2 l,4,10-2,72,True,180,26
Navan Racing Results | 7th June 2025 15:15,N/A,15:15,Yielding (Good In Places),5f,Nouvel Espoir (IRE),S A Wallace,10,J Barcoe,4th,Neck,5,9-9,65,True,180,26
Navan Racing Results | 7th June 2025 15:15,N/A,15:15,Yielding (Good In Places),5f,Asdana (IRE),N M Crosse,0,W McCreery,3rd,1 1/2 l,3,9-7v,70,True,180,26
Navan Racing Results | 7th June 2025 15:15,N/A,15:15,Yielding (Good In Places),5f,Whatswrongnow (IRE),R M Mulligan,7,Batt Burke,2nd,1 3/4 l,4,8-7,43,True,180,26
Navan Racing Results | 7th June 2025 15:15,N/A,15:15,Yielding (Good In Places),5f,Step Back In Time (IRE),R P Cleary,0,C Timmons,1st,N/A,7,8-7p,48,True,180,26
Navan Racing Results | 7th June 2025 15:15,N/A,15:15,Yielding (Good In Places),5f,Stanhope,K G Kennedy,5,J C McConnell,13th,2 3/4 l,11,8-7,48,True,180,26
Navan Racing Results | 7th June 2025 15:15,N/A,15:15,Yielding (Good In Places),5f,Realtin Fantasy (IRE),M W Hassett,5,W P Browne,12th,1/2 l,9,8-8,50,True,180,26
Navan Racing Results | 7th June 2025 15:15,N/A,15:15,Yielding (Good In Places),5f,Inishmot Prince (IRE),J J G Ryan,3,T G McCourt,11th,1/2 l,7,8-13v,55,True,180,26
Navan Racing Results | 7th June 2025 15:15,N/A,15:15,Yielding (Good In Places),5f,Dark Enigma,W Joyce,3,J G Murray,10th,Short Head,4,8-7tp1,41,True,180,26
Navan Racing Results | 7th June 2025 15:15,N/A,15:15,Yielding (Good In Places),5f,Surpass And Shine (IRE),W J Lee,0,P J Flynn,9th,3/4 l,4,9-12,68,True,180,26
Navan Racing Results | 7th June 2025 15:15,N/A,15:15,Yielding (Good In Places),5f,An Laochmor (IRE),L F Roche,0,J G Coogan,8th,1 l,4,8-8b1,50,True,180,26
Navan Racing Results | 7th June 2025 15:15,N/A,15:15,Yielding (Good In Places),5f,Irish Rumour (IRE),R C Colgan,0,Miss Jennifer Anne Lynch,7th,3/4 l,5,9-11t,67,True,180,26
Navan Racing Results | 7th June 2025 15:15,N/A,15:15,Yielding (Good In Places),5f,My Girl Sioux (IRE),A J Slattery,0,A Slattery,6th,Head,5,9-3,59,True,180,26
Navan Racing Results | 7th June 2025 15:15,N/A,15:15,Yielding (Good In Places),5f,Rappell (IRE),J M Sheridan,0,P W Flynn,5th,1/2 l,4,10-2,72,True,180,26
Navan Racing Results | 7th June 2025 15:15,N/A,15:15,Yielding (Good In Places),5f,Nouvel Espoir (IRE),S A Wallace,10,J Barcoe,4th,Neck,5,9-9,65,True,180,26
Navan Racing Results | 7th June 2025 15:15,N/A,15:15,Yielding (Good In Places),5f,Asdana (IRE),N M Crosse,0,W McCreery,3rd,1 1/2 l,3,9-7v,70,True,180,26
Navan Racing Results | 7th June 2025 15:15,N/A,15:15,Yielding (Good In Places),5f,Whatswrongnow (IRE),R M Mulligan,7,Batt Burke,2nd,1 3/4 l,4,8-7,43,True,180,26
Navan Racing Results | 7th June 2025 15:15,N/A,15:15,Yielding (Good In Places),5f,Step Back In Time (IRE),R P Cleary,0,C Timmons,1st,N/A,7,8-7p,48,True,180,26
Navan Racing Results | 7th June 2025 15:55,N/A,15:55,Yielding (Good In Places),1m 30y,Quadruple,J J G Ryan,0,G M Lyons,12th,3 3/4 l,4,9-9,87,True,180,27
Navan Racing Results | 7th June 2025 15:55,N/A,15:55,Yielding (Good In Places),1m 30y,Evening Blossom (IRE),D P McDonogh,0,J P O'Brien,11th,3/4 l,4,9-9t,93,True,180,27
Navan Racing Results | 7th June 2025 15:55,N/A,15:55,Yielding (Good In Places),1m 30y,Banner Beauty (IRE),R Whearty,0,E Buckley,10th,3/4 l,3,8-12,-,True,180,27
Navan Racing Results | 7th June 2025 15:55,N/A,15:55,Yielding (Good In Places),1m 30y,Spicy Margarita (IRE),J M Sheridan,0,A Murray,9th,1 1/4 l,3,8-12,96,True,180,27
Navan Racing Results | 7th June 2025 15:55,N/A,15:55,Yielding (Good In Places),1m 30y,Princess Child (FR),R P Whelan,0,J P O'Brien,8th,Nose,4,9-9t,93,True,180,27
Navan Racing Results | 7th June 2025 15:55,N/A,15:55,Yielding (Good In Places),1m 30y,Soft Winds (IRE),S T McCullagh,0,J P O'Brien,7th,Head,4,9-9,91,True,180,27
Navan Racing Results | 7th June 2025 15:55,N/A,15:55,Yielding (Good In Places),1m 30y,Queen Of Thunder (IRE),W J Lee,0,K J Condon,6th,3 l,4,9-9,100,True,180,27
Navan Racing Results | 7th June 2025 15:55,N/A,15:55,Yielding (Good In Places),1m 30y,Wannabe Royal (IRE),C D Hayes,0,J P O'Brien,5th,1 1/4 l,3,8-12,91,True,180,27
Navan Racing Results | 7th June 2025 15:55,N/A,15:55,Yielding (Good In Places),1m 30y,Indigo Five (IRE),J A Heffernan,0,J Feane,4th,Nose,6,9-9,94,True,180,27
Navan Racing Results | 7th June 2025 15:55,N/A,15:55,Yielding (Good In Places),1m 30y,Thalara (IRE),A J Slattery,0,H De Bromhead,3rd,2 3/4 l,5,9-9,95,True,180,27
Navan Racing Results | 7th June 2025 15:55,N/A,15:55,Yielding (Good In Places),1m 30y,Red Letter,G F Carroll,0,G M Lyons,2nd,1/2 l,3,8-12,111,True,180,27
Navan Racing Results | 7th June 2025 15:55,N/A,15:55,Yielding (Good In Places),1m 30y,Barnavara (IRE),S Foley,0,Mrs J Harrington,1st,N/A,3,8-12,102,True,180,27
Navan Racing Results | 7th June 2025 15:55,N/A,15:55,Yielding (Good In Places),1m 30y,Quadruple,J J G Ryan,0,G M Lyons,12th,3 3/4 l,4,9-9,87,True,180,27
Navan Racing Results | 7th June 2025 15:55,N/A,15:55,Yielding (Good In Places),1m 30y,Evening Blossom (IRE),D P McDonogh,0,J P O'Brien,11th,3/4 l,4,9-9t,93,True,180,27
Navan Racing Results | 7th June 2025 15:55,N/A,15:55,Yielding (Good In Places),1m 30y,Banner Beauty (IRE),R Whearty,0,E Buckley,10th,3/4 l,3,8-12,-,True,180,27
Navan Racing Results | 7th June 2025 15:55,N/A,15:55,Yielding (Good In Places),1m 30y,Spicy Margarita (IRE),J M Sheridan,0,A Murray,9th,1 1/4 l,3,8-12,96,True,180,27
Navan Racing Results | 7th June 2025 15:55,N/A,15:55,Yielding (Good In Places),1m 30y,Princess Child (FR),R P Whelan,0,J P O'Brien,8th,Nose,4,9-9t,93,True,180,27
Navan Racing Results | 7th June 2025 15:55,N/A,15:55,Yielding (Good In Places),1m 30y,Soft Winds (IRE),S T McCullagh,0,J P O'Brien,7th,Head,4,9-9,91,True,180,27
Navan Racing Results | 7th June 2025 15:55,N/A,15:55,Yielding (Good In Places),1m 30y,Queen Of Thunder (IRE),W J Lee,0,K J Condon,6th,3 l,4,9-9,100,True,180,27
Navan Racing Results | 7th June 2025 15:55,N/A,15:55,Yielding (Good In Places),1m 30y,Wannabe Royal (IRE),C D Hayes,0,J P O'Brien,5th,1 1/4 l,3,8-12,91,True,180,27
Navan Racing Results | 7th June 2025 15:55,N/A,15:55,Yielding (Good In Places),1m 30y,Indigo Five (IRE),J A Heffernan,0,J Feane,4th,Nose,6,9-9,94,True,180,27
Navan Racing Results | 7th June 2025 15:55,N/A,15:55,Yielding (Good In Places),1m 30y,Thalara (IRE),A J Slattery,0,H De Bromhead,3rd,2 3/4 l,5,9-9,95,True,180,27
Navan Racing Results | 7th June 2025 15:55,N/A,15:55,Yielding (Good In Places),1m 30y,Red Letter,G F Carroll,0,G M Lyons,2nd,1/2 l,3,8-12,111,True,180,27
Navan Racing Results | 7th June 2025 15:55,N/A,15:55,Yielding (Good In Places),1m 30y,Barnavara (IRE),S Foley,0,Mrs J Harrington,1st,N/A,3,8-12,102,True,180,27
Navan Racing Results | 7th June 2025 16:30,N/A,16:30,Yielding (Good In Places),1m 2f 30y,Rosemount (IRE),R P Cleary,0,T Cleary,14th,29 l,5,10-2,-,True,180,28
Navan Racing Results | 7th June 2025 16:30,N/A,16:30,Yielding (Good In Places),1m 2f 30y,Western Dreamer (IRE),M L Malone,10,C Timmons,13th,2 3/4 l,3,9-3,-,True,180,28
Navan Racing Results | 7th June 2025 16:30,N/A,16:30,Yielding (Good In Places),1m 2f 30y,Queen Of Drama,W J Lee,0,W McCreery,12th,3/4 l,3,9-3,-,True,180,28
Navan Racing Results | 7th June 2025 16:30,N/A,16:30,Yielding (Good In Places),1m 2f 30y,Arrumba (IRE),G M Ryan,0,Mrs D Foster,11th,4 3/4 l,5,10-2,-,True,180,28
Navan Racing Results | 7th June 2025 16:30,N/A,16:30,Yielding (Good In Places),1m 2f 30y,Faberi (IRE),R C Colgan,0,S Lavery,10th,3/4 l,3,9-3,-,True,180,28
Navan Racing Results | 7th June 2025 16:30,N/A,16:30,Yielding (Good In Places),1m 2f 30y,Laoise Eile (IRE),G F Carroll,0,G M Lyons,9th,2 1/4 l,3,9-3,-,True,180,28
Navan Racing Results | 7th June 2025 16:30,N/A,16:30,Yielding (Good In Places),1m 2f 30y,Queen Aethelflaed (IRE),J M Sheridan,0,E J O'Grady,8th,1 l,3,9-3t1,-,True,180,28
Navan Racing Results | 7th June 2025 16:30,N/A,16:30,Yielding (Good In Places),1m 2f 30y,Marzanda (IRE),J J G Ryan,3,T G McCourt,7th,Head,3,9-3,-,True,180,28
Navan Racing Results | 7th June 2025 16:30,N/A,16:30,Yielding (Good In Places),1m 2f 30y,Saxon Belle (IRE),C D Hayes,0,D K Weld,6th,2 1/2 l,3,9-3,-,True,180,28
Navan Racing Results | 7th June 2025 16:30,N/A,16:30,Yielding (Good In Places),1m 2f 30y,Al What (IRE),R Whearty,3,N Meade,5th,3/4 l,3,9-3,-,True,180,28
Navan Racing Results | 7th June 2025 16:30,N/A,16:30,Yielding (Good In Places),1m 2f 30y,Monntie (IRE),L F Roche,0,E & P Harty,4th,4 3/4 l,3,9-3,-,True,180,28
Navan Racing Results | 7th June 2025 16:30,N/A,16:30,Yielding (Good In Places),1m 2f 30y,Edge Of Seventeen (IRE),S Foley,0,Mrs J Harrington,3rd,Short Head,3,9-3,-,True,180,28
Navan Racing Results | 7th June 2025 16:30,N/A,16:30,Yielding (Good In Places),1m 2f 30y,Treasure Rose (IRE),J A Heffernan,0,J P Murtagh,2nd,3/4 l,3,9-3,-,True,180,28
Navan Racing Results | 7th June 2025 16:30,N/A,16:30,Yielding (Good In Places),1m 2f 30y,Bellacanta (IRE),N M Crosse,0,W McCreery,1st,N/A,3,9-3,-,True,180,28
Navan Racing Results | 7th June 2025 16:30,N/A,16:30,Yielding (Good In Places),1m 2f 30y,Rosemount (IRE),R P Cleary,0,T Cleary,14th,29 l,5,10-2,-,True,180,28
Navan Racing Results | 7th June 2025 16:30,N/A,16:30,Yielding (Good In Places),1m 2f 30y,Western Dreamer (IRE),M L Malone,10,C Timmons,13th,2 3/4 l,3,9-3,-,True,180,28
Navan Racing Results | 7th June 2025 16:30,N/A,16:30,Yielding (Good In Places),1m 2f 30y,Queen Of Drama,W J Lee,0,W McCreery,12th,3/4 l,3,9-3,-,True,180,28
Navan Racing Results | 7th June 2025 16:30,N/A,16:30,Yielding (Good In Places),1m 2f 30y,Arrumba (IRE),G M Ryan,0,Mrs D Foster,11th,4 3/4 l,5,10-2,-,True,180,28
Navan Racing Results | 7th June 2025 16:30,N/A,16:30,Yielding (Good In Places),1m 2f 30y,Faberi (IRE),R C Colgan,0,S Lavery,10th,3/4 l,3,9-3,-,True,180,28
Navan Racing Results | 7th June 2025 16:30,N/A,16:30,Yielding (Good In Places),1m 2f 30y,Laoise Eile (IRE),G F Carroll,0,G M Lyons,9th,2 1/4 l,3,9-3,-,True,180,28
Navan Racing Results | 7th June 2025 16:30,N/A,16:30,Yielding (Good In Places),1m 2f 30y,Queen Aethelflaed (IRE),J M Sheridan,0,E J O'Grady,8th,1 l,3,9-3t1,-,True,180,28
Navan Racing Results | 7th June 2025 16:30,N/A,16:30,Yielding (Good In Places),1m 2f 30y,Marzanda (IRE),J J G Ryan,3,T G McCourt,7th,Head,3,9-3,-,True,180,28
Navan Racing Results | 7th June 2025 16:30,N/A,16:30,Yielding (Good In Places),1m 2f 30y,Saxon Belle (IRE),C D Hayes,0,D K Weld,6th,2 1/2 l,3,9-3,-,True,180,28
Navan Racing Results | 7th June 2025 16:30,N/A,16:30,Yielding (Good In Places),1m 2f 30y,Al What (IRE),R Whearty,3,N Meade,5th,3/4 l,3,9-3,-,True,180,28
Navan Racing Results | 7th June 2025 16:30,N/A,16:30,Yielding (Good In Places),1m 2f 30y,Monntie (IRE),L F Roche,0,E & P Harty,4th,4 3/4 l,3,9-3,-,True,180,28
Navan Racing Results | 7th June 2025 16:30,N/A,16:30,Yielding (Good In Places),1m 2f 30y,Edge Of Seventeen (IRE),S Foley,0,Mrs J Harrington,3rd,Short Head,3,9-3,-,True,180,28
Navan Racing Results | 7th June 2025 16:30,N/A,16:30,Yielding (Good In Places),1m 2f 30y,Treasure Rose (IRE),J A Heffernan,0,J P Murtagh,2nd,3/4 l,3,9-3,-,True,180,28
Navan Racing Results | 7th June 2025 16:30,N/A,16:30,Yielding (Good In Places),1m 2f 30y,Bellacanta (IRE),N M Crosse,0,W McCreery,1st,N/A,3,9-3,-,True,180,28
Navan Racing Results | 7th June 2025 17:05,N/A,17:05,Yielding (Good In Places),1m 6f,Apologise (IRE),S Coen,7,Gary McGill,21st,8 1/2 l,6,9-4,70,True,180,29
Navan Racing Results | 7th June 2025 17:05,N/A,17:05,Yielding (Good In Places),1m 6f,Grappa Nonino (IRE),C D Hayes,0,D K Weld,20th,3 1/4 l,6,9-9,75,True,180,29
Navan Racing Results | 7th June 2025 17:05,N/A,17:05,Yielding (Good In Places),1m 6f,Disco Boy (IRE),J J G Ryan,3,S Byrne,19th,Nose,6,8-12h,64,True,180,29
Navan Racing Results | 7th June 2025 17:05,N/A,17:05,Yielding (Good In Places),1m 6f,Razdan (IRE),R C Colgan,0,C Timmons,18th,Short Head,7,9-12ht,78,True,180,29
Navan Racing Results | 7th June 2025 17:05,N/A,17:05,Yielding (Good In Places),1m 6f,Last Ammo (IRE),S Foley,0,Laura Hourigan,17th,1 3/4 l,6,10-1t,81,True,180,29
Navan Racing Results | 7th June 2025 17:05,N/A,17:05,Yielding (Good In Places),1m 6f,The Truant (IRE),R Whearty,3,P W Flynn,16th,Head,8,9-2t,68,True,180,29
Navan Racing Results | 7th June 2025 17:05,N/A,17:05,Yielding (Good In Places),1m 6f,Sundance Sioux (IRE),W Joyce,3,Cian Hughes,15th,2 l,4,9-11,77,True,180,29
Navan Racing Results | 7th June 2025 17:05,N/A,17:05,Yielding (Good In Places),1m 6f,St Faz (FR),J A Heffernan,0,E J O'Grady,14th,1 l,5,9-4t,70,True,180,29
Navan Racing Results | 7th June 2025 17:05,N/A,17:05,Yielding (Good In Places),1m 6f,Rich Belief,A J Slattery,0,K Thornton,13th,Nose,8,9-12t,78,True,180,29
Navan Racing Results | 7th June 2025 17:05,N/A,17:05,Yielding (Good In Places),1m 6f,Black Gem (IRE),R Coakley,0,J C McConnell,12th,1 1/2 l,4,9-3t1,69,True,180,29
Navan Racing Results | 7th June 2025 17:05,N/A,17:05,Yielding (Good In Places),1m 6f,Palamon (IRE),M W Hassett,5,P Nolan,11th,Neck,5,9-11tb,77,True,180,29
Navan Racing Results | 7th June 2025 17:05,N/A,17:05,Yielding (Good In Places),1m 6f,The Names Jock (IRE),J A Powell,3,John E & Kiely,10th,Short Head,9,9-10,76,True,180,29
Navan Racing Results | 7th June 2025 17:05,N/A,17:05,Yielding (Good In Places),1m 6f,Miss Gitana (IRE),D P McDonogh,0,G Elliott,9th,2 3/4 l,4,9-1,67,True,180,29
Navan Racing Results | 7th June 2025 17:05,N/A,17:05,Yielding (Good In Places),1m 6f,Burren Song (IRE),Nicola Burns,7,Ciaran Murphy,8th,Short Head,7,10-1tv1,81,True,180,29
Navan Racing Results | 7th June 2025 17:05,N/A,17:05,Yielding (Good In Places),1m 6f,Make Good (IRE),L F Roche,0,Joseph Murray,7th,Neck,10,8-9tp,61,True,180,29
Navan Racing Results | 7th June 2025 17:05,N/A,17:05,Yielding (Good In Places),1m 6f,Zoffanien (IRE),Adam Caffrey,0,T O'Brien,6th,3 l,8,9-11,77,True,180,29
Navan Racing Results | 7th June 2025 17:05,N/A,17:05,Yielding (Good In Places),1m 6f,Sign From Above (IRE),W J Lee,0,Peter Fahey,5th,2 1/2 l,7,9-12p,78,True,180,29
Navan Racing Results | 7th June 2025 17:05,N/A,17:05,Yielding (Good In Places),1m 6f,Granite Bay,R P Whelan,0,J P Fahey,4th,3/4 l,4,10-1,81,True,180,29
Navan Racing Results | 7th June 2025 17:05,N/A,17:05,Yielding (Good In Places),1m 6f,Desert Friend (IRE),R P Cleary,0,Mrs D Foster,3rd,1/2 l,9,8-12,64,True,180,29
Navan Racing Results | 7th June 2025 17:05,N/A,17:05,Yielding (Good In Places),1m 6f,Nans View (IRE),Neve Bennett,7,J P Fahey,2nd,2 l,4,10-1,81,True,180,29
Navan Racing Results | 7th June 2025 17:05,N/A,17:05,Yielding (Good In Places),1m 6f,Ragmans Corner (IRE),J Kearney,3,G Keane,1st,N/A,6,9-7,73,True,180,29
Navan Racing Results | 7th June 2025 17:05,N/A,17:05,Yielding (Good In Places),1m 6f,Apologise (IRE),S Coen,7,Gary McGill,21st,8 1/2 l,6,9-4,70,True,180,29
Navan Racing Results | 7th June 2025 17:05,N/A,17:05,Yielding (Good In Places),1m 6f,Grappa Nonino (IRE),C D Hayes,0,D K Weld,20th,3 1/4 l,6,9-9,75,True,180,29
Navan Racing Results | 7th June 2025 17:05,N/A,17:05,Yielding (Good In Places),1m 6f,Disco Boy (IRE),J J G Ryan,3,S Byrne,19th,Nose,6,8-12h,64,True,180,29
Navan Racing Results | 7th June 2025 17:05,N/A,17:05,Yielding (Good In Places),1m 6f,Razdan (IRE),R C Colgan,0,C Timmons,18th,Short Head,7,9-12ht,78,True,180,29
Navan Racing Results | 7th June 2025 17:05,N/A,17:05,Yielding (Good In Places),1m 6f,Last Ammo (IRE),S Foley,0,Laura Hourigan,17th,1 3/4 l,6,10-1t,81,True,180,29
Navan Racing Results | 7th June 2025 17:05,N/A,17:05,Yielding (Good In Places),1m 6f,The Truant (IRE),R Whearty,3,P W Flynn,16th,Head,8,9-2t,68,True,180,29
Navan Racing Results | 7th June 2025 17:05,N/A,17:05,Yielding (Good In Places),1m 6f,Sundance Sioux (IRE),W Joyce,3,Cian Hughes,15th,2 l,4,9-11,77,True,180,29
Navan Racing Results | 7th June 2025 17:05,N/A,17:05,Yielding (Good In Places),1m 6f,St Faz (FR),J A Heffernan,0,E J O'Grady,14th,1 l,5,9-4t,70,True,180,29
Navan Racing Results | 7th June 2025 17:05,N/A,17:05,Yielding (Good In Places),1m 6f,Rich Belief,A J Slattery,0,K Thornton,13th,Nose,8,9-12t,78,True,180,29
Navan Racing Results | 7th June 2025 17:05,N/A,17:05,Yielding (Good In Places),1m 6f,Black Gem (IRE),R Coakley,0,J C McConnell,12th,1 1/2 l,4,9-3t1,69,True,180,29
Navan Racing Results | 7th June 2025 17:05,N/A,17:05,Yielding (Good In Places),1m 6f,Palamon (IRE),M W Hassett,5,P Nolan,11th,Neck,5,9-11tb,77,True,180,29
Navan Racing Results | 7th June 2025 17:05,N/A,17:05,Yielding (Good In Places),1m 6f,The Names Jock (IRE),J A Powell,3,John E & Kiely,10th,Short Head,9,9-10,76,True,180,29
Navan Racing Results | 7th June 2025 17:05,N/A,17:05,Yielding (Good In Places),1m 6f,Miss Gitana (IRE),D P McDonogh,0,G Elliott,9th,2 3/4 l,4,9-1,67,True,180,29
Navan Racing Results | 7th June 2025 17:05,N/A,17:05,Yielding (Good In Places),1m 6f,Burren Song (IRE),Nicola Burns,7,Ciaran Murphy,8th,Short Head,7,10-1tv1,81,True,180,29
Navan Racing Results | 7th June 2025 17:05,N/A,17:05,Yielding (Good In Places),1m 6f,Make Good (IRE),L F Roche,0,Joseph Murray,7th,Neck,10,8-9tp,61,True,180,29
Navan Racing Results | 7th June 2025 17:05,N/A,17:05,Yielding (Good In Places),1m 6f,Zoffanien (IRE),Adam Caffrey,0,T O'Brien,6th,3 l,8,9-11,77,True,180,29
Navan Racing Results | 7th June 2025 17:05,N/A,17:05,Yielding (Good In Places),1m 6f,Sign From Above (IRE),W J Lee,0,Peter Fahey,5th,2 1/2 l,7,9-12p,78,True,180,29
Navan Racing Results | 7th June 2025 17:05,N/A,17:05,Yielding (Good In Places),1m 6f,Granite Bay,R P Whelan,0,J P Fahey,4th,3/4 l,4,10-1,81,True,180,29
Navan Racing Results | 7th June 2025 17:05,N/A,17:05,Yielding (Good In Places),1m 6f,Desert Friend (IRE),R P Cleary,0,Mrs D Foster,3rd,1/2 l,9,8-12,64,True,180,29
Navan Racing Results | 7th June 2025 17:05,N/A,17:05,Yielding (Good In Places),1m 6f,Nans View (IRE),Neve Bennett,7,J P Fahey,2nd,2 l,4,10-1,81,True,180,29
Navan Racing Results | 7th June 2025 17:05,N/A,17:05,Yielding (Good In Places),1m 6f,Ragmans Corner (IRE),J Kearney,3,G Keane,1st,N/A,6,9-7,73,True,180,29
Navan Racing Results | 7th June 2025 17:35,N/A,17:35,Yielding (Good In Places),1m 5f,Highland Bells (IRE),W Joyce,3,M Mulvany,20th,Neck,4,8-12,42,True,180,30
Navan Racing Results | 7th June 2025 17:35,N/A,17:35,Yielding (Good In Places),1m 5f,Calmafterthestorm (IRE),C D Fahy,10,J C McConnell,19th,3/4 l,5,9-12,56,True,180,30
Navan Racing Results | 7th June 2025 17:35,N/A,17:35,Yielding (Good In Places),1m 5f,Bright Start (USA),Nicola Burns,7,S M Duffy,18th,1 l,8,9-6p,50,True,180,30
Navan Racing Results | 7th June 2025 17:35,N/A,17:35,Yielding (Good In Places),1m 5f,Futurum Regem (IRE),T Casey,10,H P Finegan,17th,1 l,9,9-6b,50,True,180,30
Navan Racing Results | 7th June 2025 17:35,N/A,17:35,Yielding (Good In Places),1m 5f,Gamigin (IRE),W J Lee,0,Gary McGill,16th,Neck,7,9-10tp,54,True,180,30
Navan Racing Results | 7th June 2025 17:35,N/A,17:35,Yielding (Good In Places),1m 5f,Slaney Swagger (IRE),M W Hassett,5,P Byrne,15th,1/2 l,4,9-12p,56,True,180,30
Navan Racing Results | 7th June 2025 17:35,N/A,17:35,Yielding (Good In Places),1m 5f,Crypto Crash,L T McAteer,0,D Marnane,14th,2 l,4,9-5,49,True,180,30
Navan Racing Results | 7th June 2025 17:35,N/A,17:35,Yielding (Good In Places),1m 5f,Noble Hilltop (IRE),G F Carroll,0,E Buckley,13th,1 l,5,9-1,45,True,180,30
Navan Racing Results | 7th June 2025 17:35,N/A,17:35,Yielding (Good In Places),1m 5f,Lightning Legs (IRE),D P McDonogh,0,G Elliott,12th,Short Head,4,9-2,46,True,180,30
Navan Racing Results | 7th June 2025 17:35,N/A,17:35,Yielding (Good In Places),1m 5f,Waystar (IRE),R Coakley,0,J C McConnell,11th,Neck,4,9-8,52,True,180,30
Navan Racing Results | 7th June 2025 17:35,N/A,17:35,Yielding (Good In Places),1m 5f,Whispering Hopes (IRE),C D Hayes,0,G Elliott,10th,1/2 l,5,9-13,57,True,180,30
Navan Racing Results | 7th June 2025 17:35,N/A,17:35,Yielding (Good In Places),1m 5f,Ally Cay (IRE),R M Mulligan,7,Paul Mulligan,9th,2 1/2 l,9,8-13,43,True,180,30
Navan Racing Results | 7th June 2025 17:35,N/A,17:35,Yielding (Good In Places),1m 5f,Red Secret (CAN),S Coen,7,K Smith,8th,1/2 l,9,10-1tb,59,True,180,30
Navan Racing Results | 7th June 2025 17:35,N/A,17:35,Yielding (Good In Places),1m 5f,Folly Beach,A C Persse,7,M A Molloy,7th,2 3/4 l,7,10-0,58,True,180,30
Navan Racing Results | 7th June 2025 17:35,N/A,17:35,Yielding (Good In Places),1m 5f,Slieve Bearnagh (IRE),R P Whelan,0,D Marnane,6th,Neck,8,9-7t,51,True,180,30
Navan Racing Results | 7th June 2025 17:35,N/A,17:35,Yielding (Good In Places),1m 5f,Steps In The Sand (IRE),J Cleary,5,Ciaran Murphy,5th,Nose,6,9-6,50,True,180,30
Navan Racing Results | 7th June 2025 17:35,N/A,17:35,Yielding (Good In Places),1m 5f,Sunny Dude (IRE),R P Cleary,0,D Buckley,4th,2 1/2 l,5,8-10,40,True,180,30
Navan Racing Results | 7th June 2025 17:35,N/A,17:35,Yielding (Good In Places),1m 5f,Omakase (IRE),Jessica O'Gorman,7,P G Fahey,3rd,3/4 l,7,10-2,60,True,180,30
Navan Racing Results | 7th June 2025 17:35,N/A,17:35,Yielding (Good In Places),1m 5f,Maxwell Smart (IRE),J J G Ryan,3,T G McCourt,2nd,3/4 l,4,8-11,41,True,180,30
Navan Racing Results | 7th June 2025 17:35,N/A,17:35,Yielding (Good In Places),1m 5f,Arcland (IRE),R Whearty,3,G P Cromwell,1st,N/A,9,8-10,40,True,180,30
Navan Racing Results | 7th June 2025 17:35,N/A,17:35,Yielding (Good In Places),1m 5f,Highland Bells (IRE),W Joyce,3,M Mulvany,20th,Neck,4,8-12,42,True,180,30
Navan Racing Results | 7th June 2025 17:35,N/A,17:35,Yielding (Good In Places),1m 5f,Calmafterthestorm (IRE),C D Fahy,10,J C McConnell,19th,3/4 l,5,9-12,56,True,180,30
Navan Racing Results | 7th June 2025 17:35,N/A,17:35,Yielding (Good In Places),1m 5f,Bright Start (USA),Nicola Burns,7,S M Duffy,18th,1 l,8,9-6p,50,True,180,30
Navan Racing Results | 7th June 2025 17:35,N/A,17:35,Yielding (Good In Places),1m 5f,Futurum Regem (IRE),T Casey,10,H P Finegan,17th,1 l,9,9-6b,50,True,180,30
Navan Racing Results | 7th June 2025 17:35,N/A,17:35,Yielding (Good In Places),1m 5f,Gamigin (IRE),W J Lee,0,Gary McGill,16th,Neck,7,9-10tp,54,True,180,30
Navan Racing Results | 7th June 2025 17:35,N/A,17:35,Yielding (Good In Places),1m 5f,Slaney Swagger (IRE),M W Hassett,5,P Byrne,15th,1/2 l,4,9-12p,56,True,180,30
Navan Racing Results | 7th June 2025 17:35,N/A,17:35,Yielding (Good In Places),1m 5f,Crypto Crash,L T McAteer,0,D Marnane,14th,2 l,4,9-5,49,True,180,30
Navan Racing Results | 7th June 2025 17:35,N/A,17:35,Yielding (Good In Places),1m 5f,Noble Hilltop (IRE),G F Carroll,0,E Buckley,13th,1 l,5,9-1,45,True,180,30
Navan Racing Results | 7th June 2025 17:35,N/A,17:35,Yielding (Good In Places),1m 5f,Lightning Legs (IRE),D P McDonogh,0,G Elliott,12th,Short Head,4,9-2,46,True,180,30
Navan Racing Results | 7th June 2025 17:35,N/A,17:35,Yielding (Good In Places),1m 5f,Waystar (IRE),R Coakley,0,J C McConnell,11th,Neck,4,9-8,52,True,180,30
Navan Racing Results | 7th June 2025 17:35,N/A,17:35,Yielding (Good In Places),1m 5f,Whispering Hopes (IRE),C D Hayes,0,G Elliott,10th,1/2 l,5,9-13,57,True,180,30
Navan Racing Results | 7th June 2025 17:35,N/A,17:35,Yielding (Good In Places),1m 5f,Ally Cay (IRE),R M Mulligan,7,Paul Mulligan,9th,2 1/2 l,9,8-13,43,True,180,30
Navan Racing Results | 7th June 2025 17:35,N/A,17:35,Yielding (Good In Places),1m 5f,Red Secret (CAN),S Coen,7,K Smith,8th,1/2 l,9,10-1tb,59,True,180,30
Navan Racing Results | 7th June 2025 17:35,N/A,17:35,Yielding (Good In Places),1m 5f,Folly Beach,A C Persse,7,M A Molloy,7th,2 3/4 l,7,10-0,58,True,180,30
Navan Racing Results | 7th June 2025 17:35,N/A,17:35,Yielding (Good In Places),1m 5f,Slieve Bearnagh (IRE),R P Whelan,0,D Marnane,6th,Neck,8,9-7t,51,True,180,30
Navan Racing Results | 7th June 2025 17:35,N/A,17:35,Yielding (Good In Places),1m 5f,Steps In The Sand (IRE),J Cleary,5,Ciaran Murphy,5th,Nose,6,9-6,50,True,180,30
Navan Racing Results | 7th June 2025 17:35,N/A,17:35,Yielding (Good In Places),1m 5f,Sunny Dude (IRE),R P Cleary,0,D Buckley,4th,2 1/2 l,5,8-10,40,True,180,30
Navan Racing Results | 7th June 2025 17:35,N/A,17:35,Yielding (Good In Places),1m 5f,Omakase (IRE),Jessica O'Gorman,7,P G Fahey,3rd,3/4 l,7,10-2,60,True,180,30
Navan Racing Results | 7th June 2025 17:35,N/A,17:35,Yielding (Good In Places),1m 5f,Maxwell Smart (IRE),J J G Ryan,3,T G McCourt,2nd,3/4 l,4,8-11,41,True,180,30
Navan Racing Results | 7th June 2025 17:35,N/A,17:35,Yielding (Good In Places),1m 5f,Arcland (IRE),R Whearty,3,G P Cromwell,1st,N/A,9,8-10,40,True,180,30
Punchestown Racing Results | 8th June 2025 13:30,N/A,13:30,Good To Yielding,3m 186y,Ballinrea (IRE),L Quinlan,3,R J McGrath,5th,31 l,8,11-4,-,True,180,31
Punchestown Racing Results | 8th June 2025 13:30,N/A,13:30,Good To Yielding,3m 186y,Baltic Bird,P M O'Brien,7,W Durkan,4th,3 1/2 l,6,11-10,-,True,180,31
Punchestown Racing Results | 8th June 2025 13:30,N/A,13:30,Good To Yielding,3m 186y,Minella Sergeant (IRE),J Smith,5,P J Gilligan,3rd,4 3/4 l,6,11-4,-,True,180,31
Punchestown Racing Results | 8th June 2025 13:30,N/A,13:30,Good To Yielding,3m 186y,No Time To Wait (IRE),G Brouder,3,J C McConnell,2nd,1 1/4 l,7,11-4tp1,129,True,180,31
Punchestown Racing Results | 8th June 2025 13:30,N/A,13:30,Good To Yielding,3m 186y,Spanish Harlem (FR),S Cleary-Farrell,7,W P Mullins,1st,N/A,7,11-4tp,139,True,180,31
Punchestown Racing Results | 8th June 2025 13:30,N/A,13:30,Good To Yielding,3m 186y,Ballinrea (IRE),L Quinlan,3,R J McGrath,5th,31 l,8,11-4,-,True,180,31
Punchestown Racing Results | 8th June 2025 13:30,N/A,13:30,Good To Yielding,3m 186y,Baltic Bird,P M O'Brien,7,W Durkan,4th,3 1/2 l,6,11-10,-,True,180,31
Punchestown Racing Results | 8th June 2025 13:30,N/A,13:30,Good To Yielding,3m 186y,Minella Sergeant (IRE),J Smith,5,P J Gilligan,3rd,4 3/4 l,6,11-4,-,True,180,31
Punchestown Racing Results | 8th June 2025 13:30,N/A,13:30,Good To Yielding,3m 186y,No Time To Wait (IRE),G Brouder,3,J C McConnell,2nd,1 1/4 l,7,11-4tp1,129,True,180,31
Punchestown Racing Results | 8th June 2025 13:30,N/A,13:30,Good To Yielding,3m 186y,Spanish Harlem (FR),S Cleary-Farrell,7,W P Mullins,1st,N/A,7,11-4tp,139,True,180,31
Punchestown Racing Results | 8th June 2025 14:00,N/A,14:00,Good To Yielding,2m 4f 55y,Lisnagar Fortune (IRE),K Callaghan,5,W P Mullins,8th,3/4 l,7,11-3,127,True,180,32
Punchestown Racing Results | 8th June 2025 14:00,N/A,14:00,Good To Yielding,2m 4f 55y,Rexem (IRE),E Walsh,0,J C McConnell,7th,6 l,8,11-1p1,125,True,180,32
Punchestown Racing Results | 8th June 2025 14:00,N/A,14:00,Good To Yielding,2m 4f 55y,Grange Walk (IRE),L A McKenna,5,J P Ryan,6th,14 l,10,10-10b,120,True,180,32
Punchestown Racing Results | 8th June 2025 14:00,N/A,14:00,Good To Yielding,2m 4f 55y,In Excelsis Deo (FR),K E Buckley,0,E Bolger,5th,6 l,7,11-12,136,True,180,32
Punchestown Racing Results | 8th June 2025 14:00,N/A,14:00,Good To Yielding,2m 4f 55y,Must Be Obeyed (IRE),M P O'Connor,0,T Gibney,4th,5 l,9,11-0,124,True,180,32
Punchestown Racing Results | 8th June 2025 14:00,N/A,14:00,Good To Yielding,2m 4f 55y,Ho My Lord (FR),P T Smithers,7,P Roche,3rd,4 1/2 l,7,11-6,130,True,180,32
Punchestown Racing Results | 8th June 2025 14:00,N/A,14:00,Good To Yielding,2m 4f 55y,Antrim Coast (IRE),K C Sexton,0,G P Cromwell,2nd,1/2 l,7,10-12,122,True,180,32
Punchestown Racing Results | 8th June 2025 14:00,N/A,14:00,Good To Yielding,2m 4f 55y,Hardwired (IRE),G Brouder,3,T M Walsh,1st,N/A,9,10-0tb,110,True,180,32
Punchestown Racing Results | 8th June 2025 14:00,N/A,14:00,Good To Yielding,2m 4f 55y,Lisnagar Fortune (IRE),K Callaghan,5,W P Mullins,8th,3/4 l,7,11-3,127,True,180,32
Punchestown Racing Results | 8th June 2025 14:00,N/A,14:00,Good To Yielding,2m 4f 55y,Rexem (IRE),E Walsh,0,J C McConnell,7th,6 l,8,11-1p1,125,True,180,32
Punchestown Racing Results | 8th June 2025 14:00,N/A,14:00,Good To Yielding,2m 4f 55y,Grange Walk (IRE),L A McKenna,5,J P Ryan,6th,14 l,10,10-10b,120,True,180,32
Punchestown Racing Results | 8th June 2025 14:00,N/A,14:00,Good To Yielding,2m 4f 55y,In Excelsis Deo (FR),K E Buckley,0,E Bolger,5th,6 l,7,11-12,136,True,180,32
Punchestown Racing Results | 8th June 2025 14:00,N/A,14:00,Good To Yielding,2m 4f 55y,Must Be Obeyed (IRE),M P O'Connor,0,T Gibney,4th,5 l,9,11-0,124,True,180,32
Punchestown Racing Results | 8th June 2025 14:00,N/A,14:00,Good To Yielding,2m 4f 55y,Ho My Lord (FR),P T Smithers,7,P Roche,3rd,4 1/2 l,7,11-6,130,True,180,32
Punchestown Racing Results | 8th June 2025 14:00,N/A,14:00,Good To Yielding,2m 4f 55y,Antrim Coast (IRE),K C Sexton,0,G P Cromwell,2nd,1/2 l,7,10-12,122,True,180,32
Punchestown Racing Results | 8th June 2025 14:00,N/A,14:00,Good To Yielding,2m 4f 55y,Hardwired (IRE),G Brouder,3,T M Walsh,1st,N/A,9,10-0tb,110,True,180,32
Punchestown Racing Results | 8th June 2025 14:35,N/A,14:35,Good To Yielding,2m 3f 12y,Queenofthelodge (IRE),Miss T Quail,4,S Curling,F,N/A,5,10-13,105,True,180,33
Punchestown Racing Results | 8th June 2025 14:35,N/A,14:35,Good To Yielding,2m 3f 12y,In For The Night (IRE),Miss A B O'Connor,0,D McDonogh,11th,2 l,7,11-8,114,True,180,33
Punchestown Racing Results | 8th June 2025 14:35,N/A,14:35,Good To Yielding,2m 3f 12y,Harry's Dream (IRE),Miss F Fox,7,P J Rothwell,10th,1 1/2 l,5,10-8t1,100,True,180,33
Punchestown Racing Results | 8th June 2025 14:35,N/A,14:35,Good To Yielding,2m 3f 12y,Time Marches On (IRE),Miss J Walton,2,J Motherway,9th,1 1/2 l,9,11-1,107,True,180,33
Punchestown Racing Results | 8th June 2025 14:35,N/A,14:35,Good To Yielding,2m 3f 12y,Woodstream Lad (IRE),Miss P Elvin,4,P J Rothwell,8th,4 3/4 l,8,11-0b,106,True,180,33
Punchestown Racing Results | 8th June 2025 14:35,N/A,14:35,Good To Yielding,2m 3f 12y,Tullyveery Lad (IRE),Miss E Cody,4,R P Cody,7th,5 l,9,11-4,110,True,180,33
Punchestown Racing Results | 8th June 2025 14:35,N/A,14:35,Good To Yielding,2m 3f 12y,Long Gone (IRE),Miss C Butler,4,D Queally,6th,1/2 l,7,11-4,110,True,180,33
Punchestown Racing Results | 8th June 2025 14:35,N/A,14:35,Good To Yielding,2m 3f 12y,Your Honor (IRE),Miss J Townend,0,J Nash,5th,11 l,6,11-10b1,116,True,180,33
Punchestown Racing Results | 8th June 2025 14:35,N/A,14:35,Good To Yielding,2m 3f 12y,Locked Box (IRE),Miss G Benson,4,C W J Farrell,4th,1 l,6,12-2,122,True,180,33
Punchestown Racing Results | 8th June 2025 14:35,N/A,14:35,Good To Yielding,2m 3f 12y,Warm In Gorey (IRE),Miss L Costello,7,P J Rothwell,3rd,3/4 l,7,10-8p,100,True,180,33
Punchestown Racing Results | 8th June 2025 14:35,N/A,14:35,Good To Yielding,2m 3f 12y,Divilabother (IRE),Caragh Monaghan,7,Thomas Coyle,2nd,1/2 l,7,10-0,89,True,180,33
Punchestown Racing Results | 8th June 2025 14:35,N/A,14:35,Good To Yielding,2m 3f 12y,Rose Boum (FR),Ms H Phillips,7,P Nolan,1st,N/A,5,10-0b,92,True,180,33
Punchestown Racing Results | 8th June 2025 14:35,N/A,14:35,Good To Yielding,2m 3f 12y,Queenofthelodge (IRE),Miss T Quail,4,S Curling,F,N/A,5,10-13,105,True,180,33
Punchestown Racing Results | 8th June 2025 14:35,N/A,14:35,Good To Yielding,2m 3f 12y,In For The Night (IRE),Miss A B O'Connor,0,D McDonogh,11th,2 l,7,11-8,114,True,180,33
Punchestown Racing Results | 8th June 2025 14:35,N/A,14:35,Good To Yielding,2m 3f 12y,Harry's Dream (IRE),Miss F Fox,7,P J Rothwell,10th,1 1/2 l,5,10-8t1,100,True,180,33
Punchestown Racing Results | 8th June 2025 14:35,N/A,14:35,Good To Yielding,2m 3f 12y,Time Marches On (IRE),Miss J Walton,2,J Motherway,9th,1 1/2 l,9,11-1,107,True,180,33
Punchestown Racing Results | 8th June 2025 14:35,N/A,14:35,Good To Yielding,2m 3f 12y,Woodstream Lad (IRE),Miss P Elvin,4,P J Rothwell,8th,4 3/4 l,8,11-0b,106,True,180,33
Punchestown Racing Results | 8th June 2025 14:35,N/A,14:35,Good To Yielding,2m 3f 12y,Tullyveery Lad (IRE),Miss E Cody,4,R P Cody,7th,5 l,9,11-4,110,True,180,33
Punchestown Racing Results | 8th June 2025 14:35,N/A,14:35,Good To Yielding,2m 3f 12y,Long Gone (IRE),Miss C Butler,4,D Queally,6th,1/2 l,7,11-4,110,True,180,33
Punchestown Racing Results | 8th June 2025 14:35,N/A,14:35,Good To Yielding,2m 3f 12y,Your Honor (IRE),Miss J Townend,0,J Nash,5th,11 l,6,11-10b1,116,True,180,33
Punchestown Racing Results | 8th June 2025 14:35,N/A,14:35,Good To Yielding,2m 3f 12y,Locked Box (IRE),Miss G Benson,4,C W J Farrell,4th,1 l,6,12-2,122,True,180,33
Punchestown Racing Results | 8th June 2025 14:35,N/A,14:35,Good To Yielding,2m 3f 12y,Warm In Gorey (IRE),Miss L Costello,7,P J Rothwell,3rd,3/4 l,7,10-8p,100,True,180,33
Punchestown Racing Results | 8th June 2025 14:35,N/A,14:35,Good To Yielding,2m 3f 12y,Divilabother (IRE),Caragh Monaghan,7,Thomas Coyle,2nd,1/2 l,7,10-0,89,True,180,33
Punchestown Racing Results | 8th June 2025 14:35,N/A,14:35,Good To Yielding,2m 3f 12y,Rose Boum (FR),Ms H Phillips,7,P Nolan,1st,N/A,5,10-0b,92,True,180,33
Punchestown Racing Results | 8th June 2025 15:10,N/A,15:10,Good To Yielding,2m 5f 139y,Princess Georgie (IRE),D A Kidd,7,G B Caldwell,UR,N/A,5,11-7,-,True,180,34
Punchestown Racing Results | 8th June 2025 15:10,N/A,15:10,Good To Yielding,2m 5f 139y,Doyentohurl (IRE),H Morgan,0,E Griffin,UR,N/A,5,11-7,-,True,180,34
Punchestown Racing Results | 8th June 2025 15:10,N/A,15:10,Good To Yielding,2m 5f 139y,You Can't Do That (IRE),M P O'Connor,0,P T Foley,PU,N/A,6,11-7,-,True,180,34
Punchestown Racing Results | 8th June 2025 15:10,N/A,15:10,Good To Yielding,2m 5f 139y,Cappaho (IRE),C M Hogan,7,E Seymour,PU,N/A,5,11-7,-,True,180,34
Punchestown Racing Results | 8th June 2025 15:10,N/A,15:10,Good To Yielding,2m 5f 139y,Lady Victrix (IRE),K E Buckley,0,Maurice Ahern,PU,N/A,5,11-7t1,-,True,180,34
Punchestown Racing Results | 8th June 2025 15:10,N/A,15:10,Good To Yielding,2m 5f 139y,Kilrush Lady (IRE),J J Doyle,0,P M J Doyle,PU,N/A,6,11-7tp1,-,True,180,34
Punchestown Racing Results | 8th June 2025 15:10,N/A,15:10,Good To Yielding,2m 5f 139y,Ringcreevy Diamond (IRE),J P O'Sullivan,0,C A McBratney,11th,26 l,5,11-7,-,True,180,34
Punchestown Racing Results | 8th June 2025 15:10,N/A,15:10,Good To Yielding,2m 5f 139y,Annie Hope Harriet (IRE),R J Condon,5,Dermot P O'Brien,10th,44 l,6,11-7,-,True,180,34
Punchestown Racing Results | 8th June 2025 15:10,N/A,15:10,Good To Yielding,2m 5f 139y,Churchill Rose (IRE),L A McKenna,5,Arthur Goulding,9th,1 l,5,11-7p,-,True,180,34
Punchestown Racing Results | 8th June 2025 15:10,N/A,15:10,Good To Yielding,2m 5f 139y,Rutland Rose (IRE),P T Smithers,7,M Brassil,8th,4 3/4 l,6,11-7t,-,True,180,34
Punchestown Racing Results | 8th June 2025 15:10,N/A,15:10,Good To Yielding,2m 5f 139y,Milesfromthehonk (IRE),K C Sexton,0,G Elliott,7th,13 l,5,11-7,-,True,180,34
Punchestown Racing Results | 8th June 2025 15:10,N/A,15:10,Good To Yielding,2m 5f 139y,Not Leaving Yet (IRE),L Quinlan,3,R Murphy,6th,Neck,5,11-7,-,True,180,34
Punchestown Racing Results | 8th June 2025 15:10,N/A,15:10,Good To Yielding,2m 5f 139y,Tomorrow At Dawn (IRE),M M McDonagh,0,P T Foley,5th,25 l,6,11-7t,-,True,180,34
Punchestown Racing Results | 8th June 2025 15:10,N/A,15:10,Good To Yielding,2m 5f 139y,Regards To Rose (IRE),G B Noonan,5,E McCarthy,4th,10 l,6,11-7t,100,True,180,34
Punchestown Racing Results | 8th June 2025 15:10,N/A,15:10,Good To Yielding,2m 5f 139y,Mi Lucky Cailin (IRE),T P Harney,5,W J McLernon,3rd,9 l,7,11-7,105,True,180,34
Punchestown Racing Results | 8th June 2025 15:10,N/A,15:10,Good To Yielding,2m 5f 139y,Fillusin (IRE),J Smith,5,G Elliott,2nd,5 l,6,11-7,106,True,180,34
Punchestown Racing Results | 8th June 2025 15:10,N/A,15:10,Good To Yielding,2m 5f 139y,Keep Up (FR),S Cleary-Farrell,7,W P Mullins,1st,N/A,5,11-7,-,True,180,34
Punchestown Racing Results | 8th June 2025 15:10,N/A,15:10,Good To Yielding,2m 5f 139y,Princess Georgie (IRE),D A Kidd,7,G B Caldwell,UR,N/A,5,11-7,-,True,180,34
Punchestown Racing Results | 8th June 2025 15:10,N/A,15:10,Good To Yielding,2m 5f 139y,Doyentohurl (IRE),H Morgan,0,E Griffin,UR,N/A,5,11-7,-,True,180,34
Punchestown Racing Results | 8th June 2025 15:10,N/A,15:10,Good To Yielding,2m 5f 139y,You Can't Do That (IRE),M P O'Connor,0,P T Foley,PU,N/A,6,11-7,-,True,180,34
Punchestown Racing Results | 8th June 2025 15:10,N/A,15:10,Good To Yielding,2m 5f 139y,Cappaho (IRE),C M Hogan,7,E Seymour,PU,N/A,5,11-7,-,True,180,34
Punchestown Racing Results | 8th June 2025 15:10,N/A,15:10,Good To Yielding,2m 5f 139y,Lady Victrix (IRE),K E Buckley,0,Maurice Ahern,PU,N/A,5,11-7t1,-,True,180,34
Punchestown Racing Results | 8th June 2025 15:10,N/A,15:10,Good To Yielding,2m 5f 139y,Kilrush Lady (IRE),J J Doyle,0,P M J Doyle,PU,N/A,6,11-7tp1,-,True,180,34
Punchestown Racing Results | 8th June 2025 15:10,N/A,15:10,Good To Yielding,2m 5f 139y,Ringcreevy Diamond (IRE),J P O'Sullivan,0,C A McBratney,11th,26 l,5,11-7,-,True,180,34
Punchestown Racing Results | 8th June 2025 15:10,N/A,15:10,Good To Yielding,2m 5f 139y,Annie Hope Harriet (IRE),R J Condon,5,Dermot P O'Brien,10th,44 l,6,11-7,-,True,180,34
Punchestown Racing Results | 8th June 2025 15:10,N/A,15:10,Good To Yielding,2m 5f 139y,Churchill Rose (IRE),L A McKenna,5,Arthur Goulding,9th,1 l,5,11-7p,-,True,180,34
Punchestown Racing Results | 8th June 2025 15:10,N/A,15:10,Good To Yielding,2m 5f 139y,Rutland Rose (IRE),P T Smithers,7,M Brassil,8th,4 3/4 l,6,11-7t,-,True,180,34
Punchestown Racing Results | 8th June 2025 15:10,N/A,15:10,Good To Yielding,2m 5f 139y,Milesfromthehonk (IRE),K C Sexton,0,G Elliott,7th,13 l,5,11-7,-,True,180,34
Punchestown Racing Results | 8th June 2025 15:10,N/A,15:10,Good To Yielding,2m 5f 139y,Not Leaving Yet (IRE),L Quinlan,3,R Murphy,6th,Neck,5,11-7,-,True,180,34
Punchestown Racing Results | 8th June 2025 15:10,N/A,15:10,Good To Yielding,2m 5f 139y,Tomorrow At Dawn (IRE),M M McDonagh,0,P T Foley,5th,25 l,6,11-7t,-,True,180,34
Punchestown Racing Results | 8th June 2025 15:10,N/A,15:10,Good To Yielding,2m 5f 139y,Regards To Rose (IRE),G B Noonan,5,E McCarthy,4th,10 l,6,11-7t,100,True,180,34
Punchestown Racing Results | 8th June 2025 15:10,N/A,15:10,Good To Yielding,2m 5f 139y,Mi Lucky Cailin (IRE),T P Harney,5,W J McLernon,3rd,9 l,7,11-7,105,True,180,34
Punchestown Racing Results | 8th June 2025 15:10,N/A,15:10,Good To Yielding,2m 5f 139y,Fillusin (IRE),J Smith,5,G Elliott,2nd,5 l,6,11-7,106,True,180,34
Punchestown Racing Results | 8th June 2025 15:10,N/A,15:10,Good To Yielding,2m 5f 139y,Keep Up (FR),S Cleary-Farrell,7,W P Mullins,1st,N/A,5,11-7,-,True,180,34
Punchestown Racing Results | 8th June 2025 15:45,N/A,15:45,Good To Yielding,2m 7f 116y,Twelve Tribes (IRE),K E Buckley,0,J C McConnell,PU,N/A,7,11-12tp1,-,True,180,35
Punchestown Racing Results | 8th June 2025 15:45,N/A,15:45,Good To Yielding,2m 7f 116y,Stickman (IRE),A McCurtin,0,Donncha Duggan,PU,N/A,7,11-12,108,True,180,35
Punchestown Racing Results | 8th June 2025 15:45,N/A,15:45,Good To Yielding,2m 7f 116y,Tinking Man (IRE),G B Noonan,5,E McCarthy,13th,22 l,5,11-12,-,True,180,35
Punchestown Racing Results | 8th June 2025 15:45,N/A,15:45,Good To Yielding,2m 7f 116y,North Account (IRE),P Hanlon,7,C A McBratney,12th,51 l,5,11-12,-,True,180,35
Punchestown Racing Results | 8th June 2025 15:45,N/A,15:45,Good To Yielding,2m 7f 116y,Jetovango (IRE),E Walsh,0,D W O'Sullivan,11th,51 l,6,11-12,-,True,180,35
Punchestown Racing Results | 8th June 2025 15:45,N/A,15:45,Good To Yielding,2m 7f 116y,Jazz De Cotte (FR),K C Sexton,0,G Elliott,10th,1 3/4 l,6,11-12p1,-,True,180,35
Punchestown Racing Results | 8th June 2025 15:45,N/A,15:45,Good To Yielding,2m 7f 116y,Iceteem Flechois (FR),R J Condon,5,Michael C Griffin,9th,1 1/2 l,7,11-12,-,True,180,35
Punchestown Racing Results | 8th June 2025 15:45,N/A,15:45,Good To Yielding,2m 7f 116y,Barnwick (IRE),G Brouder,3,D E Fitzgerald,8th,1 l,7,11-12,-,True,180,35
Punchestown Racing Results | 8th June 2025 15:45,N/A,15:45,Good To Yielding,2m 7f 116y,Mister Frostie (IRE),J P O'Sullivan,0,C A McBratney,7th,6 1/2 l,6,11-12,107,True,180,35
Punchestown Racing Results | 8th June 2025 15:45,N/A,15:45,Good To Yielding,2m 7f 116y,Tippawan Haa (IRE),J Smith,5,T O'Brien,6th,1/2 l,6,11-12,-,True,180,35
Punchestown Racing Results | 8th June 2025 15:45,N/A,15:45,Good To Yielding,2m 7f 116y,Sporting Glance (FR),B W Harvey,0,C Collins,5th,5 l,6,11-12t,-,True,180,35
Punchestown Racing Results | 8th June 2025 15:45,N/A,15:45,Good To Yielding,2m 7f 116y,Ludovico Sforza (IRE),M P O'Connor,0,Jonathan Sweeney,4th,5 l,7,11-12,-,True,180,35
Punchestown Racing Results | 8th June 2025 15:45,N/A,15:45,Good To Yielding,2m 7f 116y,Coded Welder (IRE),T P Harney,5,Paul Mulligan,3rd,6 1/2 l,6,11-12t,-,True,180,35
Punchestown Racing Results | 8th June 2025 15:45,N/A,15:45,Good To Yielding,2m 7f 116y,William Butler (IRE),P Cleary,7,G Elliott,2nd,2 1/2 l,5,11-12,-,True,180,35
Punchestown Racing Results | 8th June 2025 15:45,N/A,15:45,Good To Yielding,2m 7f 116y,Joli Travail (FR),Anna McGuinness,7,W P Mullins,1st,N/A,6,11-12,-,True,180,35
Punchestown Racing Results | 8th June 2025 15:45,N/A,15:45,Good To Yielding,2m 7f 116y,Twelve Tribes (IRE),K E Buckley,0,J C McConnell,PU,N/A,7,11-12tp1,-,True,180,35
Punchestown Racing Results | 8th June 2025 15:45,N/A,15:45,Good To Yielding,2m 7f 116y,Stickman (IRE),A McCurtin,0,Donncha Duggan,PU,N/A,7,11-12,108,True,180,35
Punchestown Racing Results | 8th June 2025 15:45,N/A,15:45,Good To Yielding,2m 7f 116y,Tinking Man (IRE),G B Noonan,5,E McCarthy,13th,22 l,5,11-12,-,True,180,35
Punchestown Racing Results | 8th June 2025 15:45,N/A,15:45,Good To Yielding,2m 7f 116y,North Account (IRE),P Hanlon,7,C A McBratney,12th,51 l,5,11-12,-,True,180,35
Punchestown Racing Results | 8th June 2025 15:45,N/A,15:45,Good To Yielding,2m 7f 116y,Jetovango (IRE),E Walsh,0,D W O'Sullivan,11th,51 l,6,11-12,-,True,180,35
Punchestown Racing Results | 8th June 2025 15:45,N/A,15:45,Good To Yielding,2m 7f 116y,Jazz De Cotte (FR),K C Sexton,0,G Elliott,10th,1 3/4 l,6,11-12p1,-,True,180,35
Punchestown Racing Results | 8th June 2025 15:45,N/A,15:45,Good To Yielding,2m 7f 116y,Iceteem Flechois (FR),R J Condon,5,Michael C Griffin,9th,1 1/2 l,7,11-12,-,True,180,35
Punchestown Racing Results | 8th June 2025 15:45,N/A,15:45,Good To Yielding,2m 7f 116y,Barnwick (IRE),G Brouder,3,D E Fitzgerald,8th,1 l,7,11-12,-,True,180,35
Punchestown Racing Results | 8th June 2025 15:45,N/A,15:45,Good To Yielding,2m 7f 116y,Mister Frostie (IRE),J P O'Sullivan,0,C A McBratney,7th,6 1/2 l,6,11-12,107,True,180,35
Punchestown Racing Results | 8th June 2025 15:45,N/A,15:45,Good To Yielding,2m 7f 116y,Tippawan Haa (IRE),J Smith,5,T O'Brien,6th,1/2 l,6,11-12,-,True,180,35
Punchestown Racing Results | 8th June 2025 15:45,N/A,15:45,Good To Yielding,2m 7f 116y,Sporting Glance (FR),B W Harvey,0,C Collins,5th,5 l,6,11-12t,-,True,180,35
Punchestown Racing Results | 8th June 2025 15:45,N/A,15:45,Good To Yielding,2m 7f 116y,Ludovico Sforza (IRE),M P O'Connor,0,Jonathan Sweeney,4th,5 l,7,11-12,-,True,180,35
Punchestown Racing Results | 8th June 2025 15:45,N/A,15:45,Good To Yielding,2m 7f 116y,Coded Welder (IRE),T P Harney,5,Paul Mulligan,3rd,6 1/2 l,6,11-12t,-,True,180,35
Punchestown Racing Results | 8th June 2025 15:45,N/A,15:45,Good To Yielding,2m 7f 116y,William Butler (IRE),P Cleary,7,G Elliott,2nd,2 1/2 l,5,11-12,-,True,180,35
Punchestown Racing Results | 8th June 2025 15:45,N/A,15:45,Good To Yielding,2m 7f 116y,Joli Travail (FR),Anna McGuinness,7,W P Mullins,1st,N/A,6,11-12,-,True,180,35
Punchestown Racing Results | 8th June 2025 16:20,N/A,16:20,Good To Yielding,2m 7f 116y,Navigator Jack (IRE),B W Harvey,0,E Griffin,S,N/A,8,10-10t,104,True,180,1
Punchestown Racing Results | 8th June 2025 16:20,N/A,16:20,Good To Yielding,2m 7f 116y,One And Only (IRE),G B Noonan,5,O McKiernan,16th,18 l,7,10-8tp,102,True,180,1
Punchestown Racing Results | 8th June 2025 16:20,N/A,16:20,Good To Yielding,2m 7f 116y,Rut Daniels (IRE),J Smith,5,D H Kelly,15th,6 l,6,10-11t,105,True,180,1
Punchestown Racing Results | 8th June 2025 16:20,N/A,16:20,Good To Yielding,2m 7f 116y,Ringdufferin (IRE),F Brickley,7,G Elliott,14th,4 1/2 l,7,11-10p,118,True,180,1
Punchestown Racing Results | 8th June 2025 16:20,N/A,16:20,Good To Yielding,2m 7f 116y,Joyeux Vivo (FR),C G O'Dwyer,5,John E & Kiely,13th,21 l,6,11-4,112,True,180,1
Punchestown Racing Results | 8th June 2025 16:20,N/A,16:20,Good To Yielding,2m 7f 116y,Ballyglass Beauty (IRE),R A Berry,7,L P Cusack,12th,2 1/4 l,9,10-12,106,True,180,1
Punchestown Racing Results | 8th June 2025 16:20,N/A,16:20,Good To Yielding,2m 7f 116y,Queen Nel (IRE),G Brouder,3,E D Delany,11th,11 l,6,10-7,101,True,180,1
Punchestown Racing Results | 8th June 2025 16:20,N/A,16:20,Good To Yielding,2m 7f 116y,Westernersunrise (IRE),K C Sexton,0,James Andrew Fahey,10th,1/2 l,6,10-7t,101,True,180,1
Punchestown Racing Results | 8th June 2025 16:20,N/A,16:20,Good To Yielding,2m 7f 116y,Natural Look (IRE),M P O'Connor,0,R O'Sullivan,9th,1/2 l,9,11-7,115,True,180,1
Punchestown Racing Results | 8th June 2025 16:20,N/A,16:20,Good To Yielding,2m 7f 116y,Howdoyalikeherhome (IRE),P Cleary,7,G Elliott,8th,Head,6,11-9b,117,True,180,1
Punchestown Racing Results | 8th June 2025 16:20,N/A,16:20,Good To Yielding,2m 7f 116y,Coral River (IRE),Anna McGuinness,7,T Mullins,7th,1 3/4 l,6,12-0,122,True,180,1
Punchestown Racing Results | 8th June 2025 16:20,N/A,16:20,Good To Yielding,2m 7f 116y,Birmingham Alabama (IRE),E Walsh,0,E D Delany,6th,2 3/4 l,6,11-7,115,True,180,1
Punchestown Racing Results | 8th June 2025 16:20,N/A,16:20,Good To Yielding,2m 7f 116y,Hees Dynamite (IRE),C M Hogan,7,E McNamara,5th,10 l,7,10-8,102,True,180,1
Punchestown Racing Results | 8th June 2025 16:20,N/A,16:20,Good To Yielding,2m 7f 116y,Club Manager,T P Harney,5,R O'Sullivan,4th,1 1/4 l,5,11-3,111,True,180,1
Punchestown Racing Results | 8th June 2025 16:20,N/A,16:20,Good To Yielding,2m 7f 116y,Walking On Glass (IRE),P T Smithers,7,P Roche,3rd,7 1/2 l,10,11-12p,120,True,180,1
Punchestown Racing Results | 8th June 2025 16:20,N/A,16:20,Good To Yielding,2m 7f 116y,Stay Gold (IRE),L A McKenna,5,Colm Murphy,2nd,Nose,6,11-4p,112,True,180,1
Punchestown Racing Results | 8th June 2025 16:20,N/A,16:20,Good To Yielding,2m 7f 116y,Londonofficecallin (IRE),K E Buckley,0,G P Cromwell,1st,N/A,8,11-7t,115,True,180,1
Punchestown Racing Results | 8th June 2025 16:20,N/A,16:20,Good To Yielding,2m 7f 116y,Navigator Jack (IRE),B W Harvey,0,E Griffin,S,N/A,8,10-10t,104,True,180,1
Punchestown Racing Results | 8th June 2025 16:20,N/A,16:20,Good To Yielding,2m 7f 116y,One And Only (IRE),G B Noonan,5,O McKiernan,16th,18 l,7,10-8tp,102,True,180,1
Punchestown Racing Results | 8th June 2025 16:20,N/A,16:20,Good To Yielding,2m 7f 116y,Rut Daniels (IRE),J Smith,5,D H Kelly,15th,6 l,6,10-11t,105,True,180,1
Punchestown Racing Results | 8th June 2025 16:20,N/A,16:20,Good To Yielding,2m 7f 116y,Ringdufferin (IRE),F Brickley,7,G Elliott,14th,4 1/2 l,7,11-10p,118,True,180,1
Punchestown Racing Results | 8th June 2025 16:20,N/A,16:20,Good To Yielding,2m 7f 116y,Joyeux Vivo (FR),C G O'Dwyer,5,John E & Kiely,13th,21 l,6,11-4,112,True,180,1
Punchestown Racing Results | 8th June 2025 16:20,N/A,16:20,Good To Yielding,2m 7f 116y,Ballyglass Beauty (IRE),R A Berry,7,L P Cusack,12th,2 1/4 l,9,10-12,106,True,180,1
Punchestown Racing Results | 8th June 2025 16:20,N/A,16:20,Good To Yielding,2m 7f 116y,Queen Nel (IRE),G Brouder,3,E D Delany,11th,11 l,6,10-7,101,True,180,1
Punchestown Racing Results | 8th June 2025 16:20,N/A,16:20,Good To Yielding,2m 7f 116y,Westernersunrise (IRE),K C Sexton,0,James Andrew Fahey,10th,1/2 l,6,10-7t,101,True,180,1
Punchestown Racing Results | 8th June 2025 16:20,N/A,16:20,Good To Yielding,2m 7f 116y,Natural Look (IRE),M P O'Connor,0,R O'Sullivan,9th,1/2 l,9,11-7,115,True,180,1
Punchestown Racing Results | 8th June 2025 16:20,N/A,16:20,Good To Yielding,2m 7f 116y,Howdoyalikeherhome (IRE),P Cleary,7,G Elliott,8th,Head,6,11-9b,117,True,180,1
Punchestown Racing Results | 8th June 2025 16:20,N/A,16:20,Good To Yielding,2m 7f 116y,Coral River (IRE),Anna McGuinness,7,T Mullins,7th,1 3/4 l,6,12-0,122,True,180,1
Punchestown Racing Results | 8th June 2025 16:20,N/A,16:20,Good To Yielding,2m 7f 116y,Birmingham Alabama (IRE),E Walsh,0,E D Delany,6th,2 3/4 l,6,11-7,115,True,180,1
Punchestown Racing Results | 8th June 2025 16:20,N/A,16:20,Good To Yielding,2m 7f 116y,Hees Dynamite (IRE),C M Hogan,7,E McNamara,5th,10 l,7,10-8,102,True,180,1
Punchestown Racing Results | 8th June 2025 16:20,N/A,16:20,Good To Yielding,2m 7f 116y,Club Manager,T P Harney,5,R O'Sullivan,4th,1 1/4 l,5,11-3,111,True,180,1
Punchestown Racing Results | 8th June 2025 16:20,N/A,16:20,Good To Yielding,2m 7f 116y,Walking On Glass (IRE),P T Smithers,7,P Roche,3rd,7 1/2 l,10,11-12p,120,True,180,1
Punchestown Racing Results | 8th June 2025 16:20,N/A,16:20,Good To Yielding,2m 7f 116y,Stay Gold (IRE),L A McKenna,5,Colm Murphy,2nd,Nose,6,11-4p,112,True,180,1
Punchestown Racing Results | 8th June 2025 16:20,N/A,16:20,Good To Yielding,2m 7f 116y,Londonofficecallin (IRE),K E Buckley,0,G P Cromwell,1st,N/A,8,11-7t,115,True,180,1
Punchestown Racing Results | 8th June 2025 16:55,N/A,16:55,Good To Yielding,2m 125y,Barney McGee (IRE),B P Kennedy,7,J F O'Shea,PU,N/A,4,11-7,-,True,180,2
Punchestown Racing Results | 8th June 2025 16:55,N/A,16:55,Good To Yielding,2m 125y,Highland Prince (IRE),R A Berry,7,L P Cusack,PU,N/A,4,11-7,-,True,180,2
Punchestown Racing Results | 8th June 2025 16:55,N/A,16:55,Good To Yielding,2m 125y,No Knee Never (IRE),P Hanlon,7,J J Hanlon,PU,N/A,4,11-7,-,True,180,2
Punchestown Racing Results | 8th June 2025 16:55,N/A,16:55,Good To Yielding,2m 125y,Isobel's Charm (IRE),C G O'Dwyer,5,D H Kelly,11th,14 l,4,11-0,-,True,180,2
Punchestown Racing Results | 8th June 2025 16:55,N/A,16:55,Good To Yielding,2m 125y,Footstepstoglory (IRE),R P Treacy,0,D H Kelly,10th,15 l,4,11-7,-,True,180,2
Punchestown Racing Results | 8th June 2025 16:55,N/A,16:55,Good To Yielding,2m 125y,Boston Queen (IRE),F Brickley,7,G Elliott,9th,6 l,4,11-0,-,True,180,2
Punchestown Racing Results | 8th June 2025 16:55,N/A,16:55,Good To Yielding,2m 125y,Louiescall (IRE),A McCurtin,0,D H Kelly,8th,1 l,4,11-7,-,True,180,2
Punchestown Racing Results | 8th June 2025 16:55,N/A,16:55,Good To Yielding,2m 125y,Gerrys Wish (IRE),P Cleary,7,G Elliott,7th,3/4 l,4,11-0,-,True,180,2
Punchestown Racing Results | 8th June 2025 16:55,N/A,16:55,Good To Yielding,2m 125y,Il Pirata (IRE),B W Harvey,0,L Fowler,6th,14 l,4,11-7,-,True,180,2
Punchestown Racing Results | 8th June 2025 16:55,N/A,16:55,Good To Yielding,2m 125y,Watching The Clock (IRE),P T Smithers,7,P Roche,5th,9 1/2 l,4,11-0,-,True,180,2
Punchestown Racing Results | 8th June 2025 16:55,N/A,16:55,Good To Yielding,2m 125y,Seeitoldya,R J Condon,5,Miss Ellmarie Holden,4th,9 l,4,11-7,-,True,180,2
Punchestown Racing Results | 8th June 2025 16:55,N/A,16:55,Good To Yielding,2m 125y,Tatateo (IRE),G Brouder,3,D Hogan,3rd,4 1/4 l,4,11-7t1,-,True,180,2
Punchestown Racing Results | 8th June 2025 16:55,N/A,16:55,Good To Yielding,2m 125y,Luker's Tipple (IRE),K C Sexton,0,A Kinirons,2nd,2 1/4 l,4,11-7tp1,122,True,180,2
Punchestown Racing Results | 8th June 2025 16:55,N/A,16:55,Good To Yielding,2m 125y,Mick Collins (IRE),E Walsh,0,N Meade,1st,N/A,4,11-7ht,-,True,180,2
Punchestown Racing Results | 8th June 2025 16:55,N/A,16:55,Good To Yielding,2m 125y,Barney McGee (IRE),B P Kennedy,7,J F O'Shea,PU,N/A,4,11-7,-,True,180,2
Punchestown Racing Results | 8th June 2025 16:55,N/A,16:55,Good To Yielding,2m 125y,Highland Prince (IRE),R A Berry,7,L P Cusack,PU,N/A,4,11-7,-,True,180,2
Punchestown Racing Results | 8th June 2025 16:55,N/A,16:55,Good To Yielding,2m 125y,No Knee Never (IRE),P Hanlon,7,J J Hanlon,PU,N/A,4,11-7,-,True,180,2
Punchestown Racing Results | 8th June 2025 16:55,N/A,16:55,Good To Yielding,2m 125y,Isobel's Charm (IRE),C G O'Dwyer,5,D H Kelly,11th,14 l,4,11-0,-,True,180,2
Punchestown Racing Results | 8th June 2025 16:55,N/A,16:55,Good To Yielding,2m 125y,Footstepstoglory (IRE),R P Treacy,0,D H Kelly,10th,15 l,4,11-7,-,True,180,2
Punchestown Racing Results | 8th June 2025 16:55,N/A,16:55,Good To Yielding,2m 125y,Boston Queen (IRE),F Brickley,7,G Elliott,9th,6 l,4,11-0,-,True,180,2
Punchestown Racing Results | 8th June 2025 16:55,N/A,16:55,Good To Yielding,2m 125y,Louiescall (IRE),A McCurtin,0,D H Kelly,8th,1 l,4,11-7,-,True,180,2
Punchestown Racing Results | 8th June 2025 16:55,N/A,16:55,Good To Yielding,2m 125y,Gerrys Wish (IRE),P Cleary,7,G Elliott,7th,3/4 l,4,11-0,-,True,180,2
Punchestown Racing Results | 8th June 2025 16:55,N/A,16:55,Good To Yielding,2m 125y,Il Pirata (IRE),B W Harvey,0,L Fowler,6th,14 l,4,11-7,-,True,180,2
Punchestown Racing Results | 8th June 2025 16:55,N/A,16:55,Good To Yielding,2m 125y,Watching The Clock (IRE),P T Smithers,7,P Roche,5th,9 1/2 l,4,11-0,-,True,180,2
Punchestown Racing Results | 8th June 2025 16:55,N/A,16:55,Good To Yielding,2m 125y,Seeitoldya,R J Condon,5,Miss Ellmarie Holden,4th,9 l,4,11-7,-,True,180,2
Punchestown Racing Results | 8th June 2025 16:55,N/A,16:55,Good To Yielding,2m 125y,Tatateo (IRE),G Brouder,3,D Hogan,3rd,4 1/4 l,4,11-7t1,-,True,180,2
Punchestown Racing Results | 8th June 2025 16:55,N/A,16:55,Good To Yielding,2m 125y,Luker's Tipple (IRE),K C Sexton,0,A Kinirons,2nd,2 1/4 l,4,11-7tp1,122,True,180,2
Punchestown Racing Results | 8th June 2025 16:55,N/A,16:55,Good To Yielding,2m 125y,Mick Collins (IRE),E Walsh,0,N Meade,1st,N/A,4,11-7ht,-,True,180,2
Punchestown Racing Results | 8th June 2025 17:30,N/A,17:30,Good To Yielding ace (Turf),2m 125y,Rosie Brown (IRE),Mr R Sugrue,7,Peter Maher,13th,11 l,5,11-4,-,True,180,3
Punchestown Racing Results | 8th June 2025 17:30,N/A,17:30,Good To Yielding ace (Turf),2m 125y,Nugentstown Sue (IRE),Mr E Finegan,7,H P Finegan,12th,2 1/4 l,6,11-4,-,True,180,3
Punchestown Racing Results | 8th June 2025 17:30,N/A,17:30,Good To Yielding ace (Turf),2m 125y,Quizzini (IRE),Mr M J Love,7,L Fowler,11th,3/4 l,5,11-4,-,True,180,3
Punchestown Racing Results | 8th June 2025 17:30,N/A,17:30,Good To Yielding ace (Turf),2m 125y,Boujee (IRE),Mr D Doyle,7,M A Molloy,10th,3 1/4 l,8,11-11,-,True,180,3
Punchestown Racing Results | 8th June 2025 17:30,N/A,17:30,Good To Yielding ace (Turf),2m 125y,Anniewithan E (IRE),Mr Finn Tegetmeier,7,Paul Mulligan,9th,1 l,5,11-4t1,-,True,180,3
Punchestown Racing Results | 8th June 2025 17:30,N/A,17:30,Good To Yielding ace (Turf),2m 125y,Ode To Joy (IRE),Caragh Monaghan,7,W J McLernon,8th,2 1/2 l,5,11-4,-,True,180,3
Punchestown Racing Results | 8th June 2025 17:30,N/A,17:30,Good To Yielding ace (Turf),2m 125y,Money Shuffler (IRE),P T Smithers,7,W M Roper,7th,12 l,5,11-4,-,True,180,3
Punchestown Racing Results | 8th June 2025 17:30,N/A,17:30,Good To Yielding ace (Turf),2m 125y,Amboyna (IRE),Mr J L Gleeson,0,John E & Kiely,6th,6 l,5,11-11,-,True,180,3
Punchestown Racing Results | 8th June 2025 17:30,N/A,17:30,Good To Yielding ace (Turf),2m 125y,Eaglewood (IRE),Mr C J Shine,7,Leonard Flynn,5th,9 l,5,11-11,-,True,180,3
Punchestown Racing Results | 8th June 2025 17:30,N/A,17:30,Good To Yielding ace (Turf),2m 125y,Zanoosh (IRE),Mr J P O'Rourke,7,Colm Murphy,4th,3 3/4 l,5,11-11,-,True,180,3
Punchestown Racing Results | 8th June 2025 17:30,N/A,17:30,Good To Yielding ace (Turf),2m 125y,Kabylia (FR),Mr D G Lavery,0,G P Cromwell,3rd,1 l,5,11-11ht,-,True,180,3
Punchestown Racing Results | 8th June 2025 17:30,N/A,17:30,Good To Yielding ace (Turf),2m 125y,Atomic Queen (IRE),Mr A P Ryan,7,Peter Fahey,2nd,1 1/4 l,6,11-11,-,True,180,3
Punchestown Racing Results | 8th June 2025 17:30,N/A,17:30,Good To Yielding ace (Turf),2m 125y,Brosna Queen (IRE),Mr P W Mullins,0,Stephen Gerard Carey,1st,N/A,5,11-4,-,True,180,3
Punchestown Racing Results | 8th June 2025 17:30,N/A,17:30,Good To Yielding ace (Turf),2m 125y,Rosie Brown (IRE),Mr R Sugrue,7,Peter Maher,13th,11 l,5,11-4,-,True,180,3
Punchestown Racing Results | 8th June 2025 17:30,N/A,17:30,Good To Yielding ace (Turf),2m 125y,Nugentstown Sue (IRE),Mr E Finegan,7,H P Finegan,12th,2 1/4 l,6,11-4,-,True,180,3
Punchestown Racing Results | 8th June 2025 17:30,N/A,17:30,Good To Yielding ace (Turf),2m 125y,Quizzini (IRE),Mr M J Love,7,L Fowler,11th,3/4 l,5,11-4,-,True,180,3
Punchestown Racing Results | 8th June 2025 17:30,N/A,17:30,Good To Yielding ace (Turf),2m 125y,Boujee (IRE),Mr D Doyle,7,M A Molloy,10th,3 1/4 l,8,11-11,-,True,180,3
Punchestown Racing Results | 8th June 2025 17:30,N/A,17:30,Good To Yielding ace (Turf),2m 125y,Anniewithan E (IRE),Mr Finn Tegetmeier,7,Paul Mulligan,9th,1 l,5,11-4t1,-,True,180,3
Punchestown Racing Results | 8th June 2025 17:30,N/A,17:30,Good To Yielding ace (Turf),2m 125y,Ode To Joy (IRE),Caragh Monaghan,7,W J McLernon,8th,2 1/2 l,5,11-4,-,True,180,3
Punchestown Racing Results | 8th June 2025 17:30,N/A,17:30,Good To Yielding ace (Turf),2m 125y,Money Shuffler (IRE),P T Smithers,7,W M Roper,7th,12 l,5,11-4,-,True,180,3
Punchestown Racing Results | 8th June 2025 17:30,N/A,17:30,Good To Yielding ace (Turf),2m 125y,Amboyna (IRE),Mr J L Gleeson,0,John E & Kiely,6th,6 l,5,11-11,-,True,180,3
Punchestown Racing Results | 8th June 2025 17:30,N/A,17:30,Good To Yielding ace (Turf),2m 125y,Eaglewood (IRE),Mr C J Shine,7,Leonard Flynn,5th,9 l,5,11-11,-,True,180,3
Punchestown Racing Results | 8th June 2025 17:30,N/A,17:30,Good To Yielding ace (Turf),2m 125y,Zanoosh (IRE),Mr J P O'Rourke,7,Colm Murphy,4th,3 3/4 l,5,11-11,-,True,180,3
Punchestown Racing Results | 8th June 2025 17:30,N/A,17:30,Good To Yielding ace (Turf),2m 125y,Kabylia (FR),Mr D G Lavery,0,G P Cromwell,3rd,1 l,5,11-11ht,-,True,180,3
Punchestown Racing Results | 8th June 2025 17:30,N/A,17:30,Good To Yielding ace (Turf),2m 125y,Atomic Queen (IRE),Mr A P Ryan,7,Peter Fahey,2nd,1 1/4 l,6,11-11,-,True,180,3
Punchestown Racing Results | 8th June 2025 17:30,N/A,17:30,Good To Yielding ace (Turf),2m 125y,Brosna Queen (IRE),Mr P W Mullins,0,Stephen Gerard Carey,1st,N/A,5,11-4,-,True,180,3
Roscommon Racing Results | 9th June 2025 17:08,N/A,17:08,Good (Good To Yielding In Places),2m 35y,A Law Of Her Own (IRE),B W Harvey,0,Peter Fahey,UR,N/A,8,11-0v,125,True,180,4
Roscommon Racing Results | 9th June 2025 17:08,N/A,17:08,Good (Good To Yielding In Places),2m 35y,Birdie Or Bust (IRE),M P O'Connor,0,H De Bromhead,UR,N/A,7,11-0,132,True,180,4
Roscommon Racing Results | 9th June 2025 17:08,N/A,17:08,Good (Good To Yielding In Places),2m 35y,Runcok (FR),S Cleary-Farrell,7,W P Mullins,F,N/A,5,11-2,-,True,180,4
Roscommon Racing Results | 9th June 2025 17:08,N/A,17:08,Good (Good To Yielding In Places),2m 35y,She Is Electric (IRE),K C Sexton,0,N Lee,4th,17 l,10,10-9h,-,True,180,4
Roscommon Racing Results | 9th June 2025 17:08,N/A,17:08,Good (Good To Yielding In Places),2m 35y,Donnie Devito (IRE),T P Harney,5,R O'Sullivan,3rd,1 1/2 l,6,11-2ht,-,True,180,4
Roscommon Racing Results | 9th June 2025 17:08,N/A,17:08,Good (Good To Yielding In Places),2m 35y,Encanto Bruno (IRE),K E Buckley,0,G P Cromwell,2nd,16 l,7,11-2,-,True,180,4
Roscommon Racing Results | 9th June 2025 17:08,N/A,17:08,Good (Good To Yielding In Places),2m 35y,Itsalladream (IRE),G Brouder,3,P J Gilligan,1st,N/A,6,11-2,-,True,180,4
Roscommon Racing Results | 9th June 2025 17:08,N/A,17:08,Good (Good To Yielding In Places),2m 35y,A Law Of Her Own (IRE),B W Harvey,0,Peter Fahey,UR,N/A,8,11-0v,125,True,180,4
Roscommon Racing Results | 9th June 2025 17:08,N/A,17:08,Good (Good To Yielding In Places),2m 35y,Birdie Or Bust (IRE),M P O'Connor,0,H De Bromhead,UR,N/A,7,11-0,132,True,180,4
Roscommon Racing Results | 9th June 2025 17:08,N/A,17:08,Good (Good To Yielding In Places),2m 35y,Runcok (FR),S Cleary-Farrell,7,W P Mullins,F,N/A,5,11-2,-,True,180,4
Roscommon Racing Results | 9th June 2025 17:08,N/A,17:08,Good (Good To Yielding In Places),2m 35y,She Is Electric (IRE),K C Sexton,0,N Lee,4th,17 l,10,10-9h,-,True,180,4
Roscommon Racing Results | 9th June 2025 17:08,N/A,17:08,Good (Good To Yielding In Places),2m 35y,Donnie Devito (IRE),T P Harney,5,R O'Sullivan,3rd,1 1/2 l,6,11-2ht,-,True,180,4
Roscommon Racing Results | 9th June 2025 17:08,N/A,17:08,Good (Good To Yielding In Places),2m 35y,Encanto Bruno (IRE),K E Buckley,0,G P Cromwell,2nd,16 l,7,11-2,-,True,180,4
Roscommon Racing Results | 9th June 2025 17:08,N/A,17:08,Good (Good To Yielding In Places),2m 35y,Itsalladream (IRE),G Brouder,3,P J Gilligan,1st,N/A,6,11-2,-,True,180,4
Roscommon Racing Results | 9th June 2025 17:38,N/A,17:38,Good (Good To Yielding In Places),2m 35y,Aliunde (IRE),G Brouder,3,M M McNiff,PU,N/A,8,10-12t,91,True,180,5
Roscommon Racing Results | 9th June 2025 17:38,N/A,17:38,Good (Good To Yielding In Places),2m 35y,Dreamz (IRE),B W Harvey,0,T O'Brien,PU,N/A,8,10-12,91,True,180,5
Roscommon Racing Results | 9th June 2025 17:38,N/A,17:38,Good (Good To Yielding In Places),2m 35y,Red Striker (IRE),P M O'Brien,7,J Barcoe,11th,13 l,10,11-0,93,True,180,5
Roscommon Racing Results | 9th June 2025 17:38,N/A,17:38,Good (Good To Yielding In Places),2m 35y,Elmount (IRE),C M Hogan,7,Eamon Courtney,10th,3 1/4 l,9,10-7,86,True,180,5
Roscommon Racing Results | 9th June 2025 17:38,N/A,17:38,Good (Good To Yielding In Places),2m 35y,Luimneach (IRE),C G O'Dwyer,5,D McDonogh,9th,17 l,8,11-11h,104,True,180,5
Roscommon Racing Results | 9th June 2025 17:38,N/A,17:38,Good (Good To Yielding In Places),2m 35y,Pahlavi (IRE),P Hanlon,7,J J Hanlon,8th,3/4 l,8,11-12,105,True,180,5
Roscommon Racing Results | 9th June 2025 17:38,N/A,17:38,Good (Good To Yielding In Places),2m 35y,Wajaaha (IRE),G B Noonan,5,P J McKenna,7th,8 1/2 l,10,11-12p,105,True,180,5
Roscommon Racing Results | 9th June 2025 17:38,N/A,17:38,Good (Good To Yielding In Places),2m 35y,Must Be Dreaming (IRE),M P O'Connor,0,G Ahern,6th,Head,8,11-2tp,95,True,180,5
Roscommon Racing Results | 9th June 2025 17:38,N/A,17:38,Good (Good To Yielding In Places),2m 35y,Baltinglass Hill (IRE),D Robinson,0,P J Rothwell,5th,4 l,8,10-7b,86,True,180,5
Roscommon Racing Results | 9th June 2025 17:38,N/A,17:38,Good (Good To Yielding In Places),2m 35y,Andyourbirdcansing (IRE),L A McKenna,5,J P Ryan,4th,12 l,7,10-11,90,True,180,5
Roscommon Racing Results | 9th June 2025 17:38,N/A,17:38,Good (Good To Yielding In Places),2m 35y,Prince Of Air (FR),P J O'Hanlon,0,C Coakley,3rd,2 1/4 l,8,11-10p,103,True,180,5
Roscommon Racing Results | 9th June 2025 17:38,N/A,17:38,Good (Good To Yielding In Places),2m 35y,Inthenickoftime (IRE),K C Sexton,0,E Bolger,2nd,3/4 l,5,11-9h,102,True,180,5
Roscommon Racing Results | 9th June 2025 17:38,N/A,17:38,Good (Good To Yielding In Places),2m 35y,Charlies Pride (IRE),L Quinlan,3,Paul Power,1st,N/A,6,11-0,93,True,180,5
Roscommon Racing Results | 9th June 2025 17:38,N/A,17:38,Good (Good To Yielding In Places),2m 35y,Aliunde (IRE),G Brouder,3,M M McNiff,PU,N/A,8,10-12t,91,True,180,5
Roscommon Racing Results | 9th June 2025 17:38,N/A,17:38,Good (Good To Yielding In Places),2m 35y,Dreamz (IRE),B W Harvey,0,T O'Brien,PU,N/A,8,10-12,91,True,180,5
Roscommon Racing Results | 9th June 2025 17:38,N/A,17:38,Good (Good To Yielding In Places),2m 35y,Red Striker (IRE),P M O'Brien,7,J Barcoe,11th,13 l,10,11-0,93,True,180,5
Roscommon Racing Results | 9th June 2025 17:38,N/A,17:38,Good (Good To Yielding In Places),2m 35y,Elmount (IRE),C M Hogan,7,Eamon Courtney,10th,3 1/4 l,9,10-7,86,True,180,5
Roscommon Racing Results | 9th June 2025 17:38,N/A,17:38,Good (Good To Yielding In Places),2m 35y,Luimneach (IRE),C G O'Dwyer,5,D McDonogh,9th,17 l,8,11-11h,104,True,180,5
Roscommon Racing Results | 9th June 2025 17:38,N/A,17:38,Good (Good To Yielding In Places),2m 35y,Pahlavi (IRE),P Hanlon,7,J J Hanlon,8th,3/4 l,8,11-12,105,True,180,5
Roscommon Racing Results | 9th June 2025 17:38,N/A,17:38,Good (Good To Yielding In Places),2m 35y,Wajaaha (IRE),G B Noonan,5,P J McKenna,7th,8 1/2 l,10,11-12p,105,True,180,5
Roscommon Racing Results | 9th June 2025 17:38,N/A,17:38,Good (Good To Yielding In Places),2m 35y,Must Be Dreaming (IRE),M P O'Connor,0,G Ahern,6th,Head,8,11-2tp,95,True,180,5
Roscommon Racing Results | 9th June 2025 17:38,N/A,17:38,Good (Good To Yielding In Places),2m 35y,Baltinglass Hill (IRE),D Robinson,0,P J Rothwell,5th,4 l,8,10-7b,86,True,180,5
Roscommon Racing Results | 9th June 2025 17:38,N/A,17:38,Good (Good To Yielding In Places),2m 35y,Andyourbirdcansing (IRE),L A McKenna,5,J P Ryan,4th,12 l,7,10-11,90,True,180,5
Roscommon Racing Results | 9th June 2025 17:38,N/A,17:38,Good (Good To Yielding In Places),2m 35y,Prince Of Air (FR),P J O'Hanlon,0,C Coakley,3rd,2 1/4 l,8,11-10p,103,True,180,5
Roscommon Racing Results | 9th June 2025 17:38,N/A,17:38,Good (Good To Yielding In Places),2m 35y,Inthenickoftime (IRE),K C Sexton,0,E Bolger,2nd,3/4 l,5,11-9h,102,True,180,5
Roscommon Racing Results | 9th June 2025 17:38,N/A,17:38,Good (Good To Yielding In Places),2m 35y,Charlies Pride (IRE),L Quinlan,3,Paul Power,1st,N/A,6,11-0,93,True,180,5
Roscommon Racing Results | 9th June 2025 18:08,N/A,18:08,Good (Good To Yielding In Places),2m 5f 150y,Zenta (FR),G Brouder,3,W P Mullins,3rd,23 l,6,10-13,140,True,180,6
Roscommon Racing Results | 9th June 2025 18:08,N/A,18:08,Good (Good To Yielding In Places),2m 5f 150y,Midnight Moonshine (IRE),B W Harvey,0,William Harvey,2nd,27 l,6,11-0,-,True,180,6
Roscommon Racing Results | 9th June 2025 18:08,N/A,18:08,Good (Good To Yielding In Places),2m 5f 150y,Pied Piper,K C Sexton,0,G Elliott,1st,N/A,7,11-10tp,150,True,180,6
Roscommon Racing Results | 9th June 2025 18:08,N/A,18:08,Good (Good To Yielding In Places),2m 5f 150y,Zenta (FR),G Brouder,3,W P Mullins,3rd,23 l,6,10-13,140,True,180,6
Roscommon Racing Results | 9th June 2025 18:08,N/A,18:08,Good (Good To Yielding In Places),2m 5f 150y,Midnight Moonshine (IRE),B W Harvey,0,William Harvey,2nd,27 l,6,11-0,-,True,180,6
Roscommon Racing Results | 9th June 2025 18:08,N/A,18:08,Good (Good To Yielding In Places),2m 5f 150y,Pied Piper,K C Sexton,0,G Elliott,1st,N/A,7,11-10tp,150,True,180,6
Roscommon Racing Results | 9th June 2025 18:38,N/A,18:38,Good (Good To Yielding In Places),2m 5f 150y,Chiefs Kingdom (IRE),G Brouder,3,P Nolan,PU,N/A,7,11-12t,106,True,180,7
Roscommon Racing Results | 9th June 2025 18:38,N/A,18:38,Good (Good To Yielding In Places),2m 5f 150y,Ollie La Ba Ba (IRE),G B Noonan,5,E McCarthy,F,N/A,7,11-12tp,-,True,180,7
Roscommon Racing Results | 9th June 2025 18:38,N/A,18:38,Good (Good To Yielding In Places),2m 5f 150y,Shotgun Jack (IRE),C G O'Dwyer,5,P G Kelly,12th,3/4 l,7,11-12t,-,True,180,7
Roscommon Racing Results | 9th June 2025 18:38,N/A,18:38,Good (Good To Yielding In Places),2m 5f 150y,Lehaunstown,B W Harvey,0,B Connell,11th,5 l,7,11-12,-,True,180,7
Roscommon Racing Results | 9th June 2025 18:38,N/A,18:38,Good (Good To Yielding In Places),2m 5f 150y,Ballybrittas (IRE),D Robinson,0,P J Rothwell,10th,4 1/2 l,6,11-12,110,True,180,7
Roscommon Racing Results | 9th June 2025 18:38,N/A,18:38,Good (Good To Yielding In Places),2m 5f 150y,Miss Dishy (IRE),E Walsh,0,Ciaran Murphy,9th,5 1/2 l,6,11-5,-,True,180,7
Roscommon Racing Results | 9th June 2025 18:38,N/A,18:38,Good (Good To Yielding In Places),2m 5f 150y,Jhentong Enki (FR),J P O'Sullivan,0,P Nolan,8th,1/2 l,6,11-12t,-,True,180,7
Roscommon Racing Results | 9th June 2025 18:38,N/A,18:38,Good (Good To Yielding In Places),2m 5f 150y,Presenting Max (IRE),L Quinlan,3,A J Martin,7th,11 l,6,11-12t,105,True,180,7
Roscommon Racing Results | 9th June 2025 18:38,N/A,18:38,Good (Good To Yielding In Places),2m 5f 150y,On Lovers Walk (IRE),T P Harney,5,R O'Sullivan,6th,7 1/2 l,8,11-12t,110,True,180,7
Roscommon Racing Results | 9th June 2025 18:38,N/A,18:38,Good (Good To Yielding In Places),2m 5f 150y,Gorgeous Suspect (FR),P T Smithers,7,A A Howard,5th,5 l,9,11-12ht1,-,True,180,7
Roscommon Racing Results | 9th June 2025 18:38,N/A,18:38,Good (Good To Yielding In Places),2m 5f 150y,Born Bright (IRE),J Smith,5,C O'Connell,4th,1 3/4 l,6,11-5p,-,True,180,7
Roscommon Racing Results | 9th June 2025 18:38,N/A,18:38,Good (Good To Yielding In Places),2m 5f 150y,One Night Standard (IRE),P M O'Brien,7,G P Cromwell,3rd,5 1/2 l,6,11-5,103,True,180,7
Roscommon Racing Results | 9th June 2025 18:38,N/A,18:38,Good (Good To Yielding In Places),2m 5f 150y,Iamagetaway (IRE),K E Buckley,0,James Andrew Fahey,2nd,5 l,6,11-12t,-,True,180,7
Roscommon Racing Results | 9th June 2025 18:38,N/A,18:38,Good (Good To Yielding In Places),2m 5f 150y,Boston Rover (IRE),K C Sexton,0,G Elliott,1st,N/A,6,11-12,-,True,180,7
Roscommon Racing Results | 9th June 2025 18:38,N/A,18:38,Good (Good To Yielding In Places),2m 5f 150y,Chiefs Kingdom (IRE),G Brouder,3,P Nolan,PU,N/A,7,11-12t,106,True,180,7
Roscommon Racing Results | 9th June 2025 18:38,N/A,18:38,Good (Good To Yielding In Places),2m 5f 150y,Ollie La Ba Ba (IRE),G B Noonan,5,E McCarthy,F,N/A,7,11-12tp,-,True,180,7
Roscommon Racing Results | 9th June 2025 18:38,N/A,18:38,Good (Good To Yielding In Places),2m 5f 150y,Shotgun Jack (IRE),C G O'Dwyer,5,P G Kelly,12th,3/4 l,7,11-12t,-,True,180,7
Roscommon Racing Results | 9th June 2025 18:38,N/A,18:38,Good (Good To Yielding In Places),2m 5f 150y,Lehaunstown,B W Harvey,0,B Connell,11th,5 l,7,11-12,-,True,180,7
Roscommon Racing Results | 9th June 2025 18:38,N/A,18:38,Good (Good To Yielding In Places),2m 5f 150y,Ballybrittas (IRE),D Robinson,0,P J Rothwell,10th,4 1/2 l,6,11-12,110,True,180,7
Roscommon Racing Results | 9th June 2025 18:38,N/A,18:38,Good (Good To Yielding In Places),2m 5f 150y,Miss Dishy (IRE),E Walsh,0,Ciaran Murphy,9th,5 1/2 l,6,11-5,-,True,180,7
Roscommon Racing Results | 9th June 2025 18:38,N/A,18:38,Good (Good To Yielding In Places),2m 5f 150y,Jhentong Enki (FR),J P O'Sullivan,0,P Nolan,8th,1/2 l,6,11-12t,-,True,180,7
Roscommon Racing Results | 9th June 2025 18:38,N/A,18:38,Good (Good To Yielding In Places),2m 5f 150y,Presenting Max (IRE),L Quinlan,3,A J Martin,7th,11 l,6,11-12t,105,True,180,7
Roscommon Racing Results | 9th June 2025 18:38,N/A,18:38,Good (Good To Yielding In Places),2m 5f 150y,On Lovers Walk (IRE),T P Harney,5,R O'Sullivan,6th,7 1/2 l,8,11-12t,110,True,180,7
Roscommon Racing Results | 9th June 2025 18:38,N/A,18:38,Good (Good To Yielding In Places),2m 5f 150y,Gorgeous Suspect (FR),P T Smithers,7,A A Howard,5th,5 l,9,11-12ht1,-,True,180,7
Roscommon Racing Results | 9th June 2025 18:38,N/A,18:38,Good (Good To Yielding In Places),2m 5f 150y,Born Bright (IRE),J Smith,5,C O'Connell,4th,1 3/4 l,6,11-5p,-,True,180,7
Roscommon Racing Results | 9th June 2025 18:38,N/A,18:38,Good (Good To Yielding In Places),2m 5f 150y,One Night Standard (IRE),P M O'Brien,7,G P Cromwell,3rd,5 1/2 l,6,11-5,103,True,180,7
Roscommon Racing Results | 9th June 2025 18:38,N/A,18:38,Good (Good To Yielding In Places),2m 5f 150y,Iamagetaway (IRE),K E Buckley,0,James Andrew Fahey,2nd,5 l,6,11-12t,-,True,180,7
Roscommon Racing Results | 9th June 2025 18:38,N/A,18:38,Good (Good To Yielding In Places),2m 5f 150y,Boston Rover (IRE),K C Sexton,0,G Elliott,1st,N/A,6,11-12,-,True,180,7
Roscommon Racing Results | 9th June 2025 19:08,N/A,19:08,Good (Good To Yielding In Places),3m 1f 24y,Amyr (IRE),B P Kennedy,7,Miss E McCutcheon,6th,7 1/2 l,8,11-5t,-,True,180,8
Roscommon Racing Results | 9th June 2025 19:08,N/A,19:08,Good (Good To Yielding In Places),3m 1f 24y,Kingston Coole (IRE),B W Harvey,0,D McNamara,5th,35 l,6,11-5ht,-,True,180,8
Roscommon Racing Results | 9th June 2025 19:08,N/A,19:08,Good (Good To Yielding In Places),3m 1f 24y,Mister Beeton (IRE),K E Buckley,0,S Nolan,4th,17 l,8,11-12p,117,True,180,8
Roscommon Racing Results | 9th June 2025 19:08,N/A,19:08,Good (Good To Yielding In Places),3m 1f 24y,Luckinthecity,K Callaghan,5,W P Mullins,3rd,11 l,6,11-12,-,True,180,8
Roscommon Racing Results | 9th June 2025 19:08,N/A,19:08,Good (Good To Yielding In Places),3m 1f 24y,Uncle Pat (IRE),Anna McGuinness,7,W P Mullins,2nd,7 1/2 l,7,11-12,-,True,180,8
Roscommon Racing Results | 9th June 2025 19:08,N/A,19:08,Good (Good To Yielding In Places),3m 1f 24y,Brave Fortune (IRE),J J Doyle,0,P M J Doyle,1st,N/A,6,11-12,-,True,180,8
Roscommon Racing Results | 9th June 2025 19:08,N/A,19:08,Good (Good To Yielding In Places),3m 1f 24y,Amyr (IRE),B P Kennedy,7,Miss E McCutcheon,6th,7 1/2 l,8,11-5t,-,True,180,8
Roscommon Racing Results | 9th June 2025 19:08,N/A,19:08,Good (Good To Yielding In Places),3m 1f 24y,Kingston Coole (IRE),B W Harvey,0,D McNamara,5th,35 l,6,11-5ht,-,True,180,8
Roscommon Racing Results | 9th June 2025 19:08,N/A,19:08,Good (Good To Yielding In Places),3m 1f 24y,Mister Beeton (IRE),K E Buckley,0,S Nolan,4th,17 l,8,11-12p,117,True,180,8
Roscommon Racing Results | 9th June 2025 19:08,N/A,19:08,Good (Good To Yielding In Places),3m 1f 24y,Luckinthecity,K Callaghan,5,W P Mullins,3rd,11 l,6,11-12,-,True,180,8
Roscommon Racing Results | 9th June 2025 19:08,N/A,19:08,Good (Good To Yielding In Places),3m 1f 24y,Uncle Pat (IRE),Anna McGuinness,7,W P Mullins,2nd,7 1/2 l,7,11-12,-,True,180,8
Roscommon Racing Results | 9th June 2025 19:08,N/A,19:08,Good (Good To Yielding In Places),3m 1f 24y,Brave Fortune (IRE),J J Doyle,0,P M J Doyle,1st,N/A,6,11-12,-,True,180,8
Roscommon Racing Results | 9th June 2025 19:38,N/A,19:38,Good (Good To Yielding In Places),3m 1f 24y,Arrycan (IRE),G Brouder,3,L P Cusack,PU,N/A,11,11-1,115,True,180,9
Roscommon Racing Results | 9th June 2025 19:38,N/A,19:38,Good (Good To Yielding In Places),3m 1f 24y,The Gradual Slope (IRE),M M McDonagh,0,S O O'Brien,PU,N/A,8,11-0,114,True,180,9
Roscommon Racing Results | 9th June 2025 19:38,N/A,19:38,Good (Good To Yielding In Places),3m 1f 24y,Brazil (IRE),P T Smithers,7,P Roche,PU,N/A,7,11-4t,118,True,180,9
Roscommon Racing Results | 9th June 2025 19:38,N/A,19:38,Good (Good To Yielding In Places),3m 1f 24y,Invictus Machin (FR),P M O'Brien,7,G P Cromwell,F,N/A,7,11-12h,126,True,180,9
Roscommon Racing Results | 9th June 2025 19:38,N/A,19:38,Good (Good To Yielding In Places),3m 1f 24y,Donacheady Gale (IRE),L A McKenna,5,J P Ryan,F,N/A,11,11-6b,120,True,180,9
Roscommon Racing Results | 9th June 2025 19:38,N/A,19:38,Good (Good To Yielding In Places),3m 1f 24y,Donkey Years (IRE),G B Noonan,5,E McNamara,10th,3/4 l,11,11-8t,122,True,180,9
Roscommon Racing Results | 9th June 2025 19:38,N/A,19:38,Good (Good To Yielding In Places),3m 1f 24y,Hascoeur Clermont (FR),P J O'Hanlon,0,C Coakley,9th,54 l,8,11-6,120,True,180,9
Roscommon Racing Results | 9th June 2025 19:38,N/A,19:38,Good (Good To Yielding In Places),3m 1f 24y,Sea Aster (IRE),J Smith,5,G Elliott,8th,3 1/4 l,7,11-3p,117,True,180,9
Roscommon Racing Results | 9th June 2025 19:38,N/A,19:38,Good (Good To Yielding In Places),3m 1f 24y,Beggars Rock (IRE),K C Sexton,0,D Queally,7th,7 l,6,11-2v,116,True,180,9
Roscommon Racing Results | 9th June 2025 19:38,N/A,19:38,Good (Good To Yielding In Places),3m 1f 24y,Dorans Law (IRE),D Robinson,0,P J Rothwell,6th,1 1/2 l,7,10-10p,110,True,180,9
Roscommon Racing Results | 9th June 2025 19:38,N/A,19:38,Good (Good To Yielding In Places),3m 1f 24y,Hand Over Fist (FR),M P O'Connor,0,H De Bromhead,5th,2 3/4 l,8,11-0p,114,True,180,9
Roscommon Racing Results | 9th June 2025 19:38,N/A,19:38,Good (Good To Yielding In Places),3m 1f 24y,Slane Hill (IRE),E Walsh,0,B Connell,4th,6 l,8,11-7b,121,True,180,9
Roscommon Racing Results | 9th June 2025 19:38,N/A,19:38,Good (Good To Yielding In Places),3m 1f 24y,Fairyhill Run (IRE),L Quinlan,3,J P Ryan,3rd,8 l,10,10-4p,104,True,180,9
Roscommon Racing Results | 9th June 2025 19:38,N/A,19:38,Good (Good To Yielding In Places),3m 1f 24y,Ambitious Fellow (IRE),B W Harvey,0,Peter Fahey,2nd,1 1/4 l,9,11-6p,120,True,180,9
Roscommon Racing Results | 9th June 2025 19:38,N/A,19:38,Good (Good To Yielding In Places),3m 1f 24y,Mica Malpic (FR),C G O'Dwyer,5,E Bolger,1st,N/A,8,11-4p,118,True,180,9
Roscommon Racing Results | 9th June 2025 19:38,N/A,19:38,Good (Good To Yielding In Places),3m 1f 24y,Arrycan (IRE),G Brouder,3,L P Cusack,PU,N/A,11,11-1,115,True,180,9
Roscommon Racing Results | 9th June 2025 19:38,N/A,19:38,Good (Good To Yielding In Places),3m 1f 24y,The Gradual Slope (IRE),M M McDonagh,0,S O O'Brien,PU,N/A,8,11-0,114,True,180,9
Roscommon Racing Results | 9th June 2025 19:38,N/A,19:38,Good (Good To Yielding In Places),3m 1f 24y,Brazil (IRE),P T Smithers,7,P Roche,PU,N/A,7,11-4t,118,True,180,9
Roscommon Racing Results | 9th June 2025 19:38,N/A,19:38,Good (Good To Yielding In Places),3m 1f 24y,Invictus Machin (FR),P M O'Brien,7,G P Cromwell,F,N/A,7,11-12h,126,True,180,9
Roscommon Racing Results | 9th June 2025 19:38,N/A,19:38,Good (Good To Yielding In Places),3m 1f 24y,Donacheady Gale (IRE),L A McKenna,5,J P Ryan,F,N/A,11,11-6b,120,True,180,9
Roscommon Racing Results | 9th June 2025 19:38,N/A,19:38,Good (Good To Yielding In Places),3m 1f 24y,Donkey Years (IRE),G B Noonan,5,E McNamara,10th,3/4 l,11,11-8t,122,True,180,9
Roscommon Racing Results | 9th June 2025 19:38,N/A,19:38,Good (Good To Yielding In Places),3m 1f 24y,Hascoeur Clermont (FR),P J O'Hanlon,0,C Coakley,9th,54 l,8,11-6,120,True,180,9
Roscommon Racing Results | 9th June 2025 19:38,N/A,19:38,Good (Good To Yielding In Places),3m 1f 24y,Sea Aster (IRE),J Smith,5,G Elliott,8th,3 1/4 l,7,11-3p,117,True,180,9
Roscommon Racing Results | 9th June 2025 19:38,N/A,19:38,Good (Good To Yielding In Places),3m 1f 24y,Beggars Rock (IRE),K C Sexton,0,D Queally,7th,7 l,6,11-2v,116,True,180,9
Roscommon Racing Results | 9th June 2025 19:38,N/A,19:38,Good (Good To Yielding In Places),3m 1f 24y,Dorans Law (IRE),D Robinson,0,P J Rothwell,6th,1 1/2 l,7,10-10p,110,True,180,9
Roscommon Racing Results | 9th June 2025 19:38,N/A,19:38,Good (Good To Yielding In Places),3m 1f 24y,Hand Over Fist (FR),M P O'Connor,0,H De Bromhead,5th,2 3/4 l,8,11-0p,114,True,180,9
Roscommon Racing Results | 9th June 2025 19:38,N/A,19:38,Good (Good To Yielding In Places),3m 1f 24y,Slane Hill (IRE),E Walsh,0,B Connell,4th,6 l,8,11-7b,121,True,180,9
Roscommon Racing Results | 9th June 2025 19:38,N/A,19:38,Good (Good To Yielding In Places),3m 1f 24y,Fairyhill Run (IRE),L Quinlan,3,J P Ryan,3rd,8 l,10,10-4p,104,True,180,9
Roscommon Racing Results | 9th June 2025 19:38,N/A,19:38,Good (Good To Yielding In Places),3m 1f 24y,Ambitious Fellow (IRE),B W Harvey,0,Peter Fahey,2nd,1 1/4 l,9,11-6p,120,True,180,9
Roscommon Racing Results | 9th June 2025 19:38,N/A,19:38,Good (Good To Yielding In Places),3m 1f 24y,Mica Malpic (FR),C G O'Dwyer,5,E Bolger,1st,N/A,8,11-4p,118,True,180,9
Roscommon Racing Results | 9th June 2025 20:08,N/A,20:08,Good (Good To Yielding In Places)  (,3m 1f 24y,Da Big Fella (IRE),Miss J Townend,0,Eamon Courtney,PU,N/A,11,10-8,76,True,180,10
Roscommon Racing Results | 9th June 2025 20:08,N/A,20:08,Good (Good To Yielding In Places)  (,3m 1f 24y,Oldtown To Emly (IRE),Mr S Cotter,7,K A Heffernan,PU,N/A,7,10-8p,76,True,180,10
Roscommon Racing Results | 9th June 2025 20:08,N/A,20:08,Good (Good To Yielding In Places)  (,3m 1f 24y,Max Time (IRE),Mr A P Ryan,7,I Madden,PU,N/A,8,10-7,74,True,180,10
Roscommon Racing Results | 9th June 2025 20:08,N/A,20:08,Good (Good To Yielding In Places)  (,3m 1f 24y,Great Rainbow (FR),Mr S Connor,7,B McMahon,PU,N/A,7,10-12,80,True,180,10
Roscommon Racing Results | 9th June 2025 20:08,N/A,20:08,Good (Good To Yielding In Places)  (,3m 1f 24y,Thehairyfella (IRE),Mr H C Swan,0,G Elliott,PU,N/A,10,10-13p,81,True,180,10
Roscommon Racing Results | 9th June 2025 20:08,N/A,20:08,Good (Good To Yielding In Places)  (,3m 1f 24y,Fr Gilligansvoyge,Mr B M Coonan,7,John G Carr,9th,Neck,12,10-7tv,67,True,180,10
Roscommon Racing Results | 9th June 2025 20:08,N/A,20:08,Good (Good To Yielding In Places)  (,3m 1f 24y,The Eye Of Tulla (IRE),Mr E M Nugent,7,B McMahon,8th,Neck,9,10-7p,74,True,180,10
Roscommon Racing Results | 9th June 2025 20:08,N/A,20:08,Good (Good To Yielding In Places)  (,3m 1f 24y,Cullenwaine (IRE),Miss P Elvin,7,P J Rothwell,7th,11 l,7,11-0p,82,True,180,10
Roscommon Racing Results | 9th June 2025 20:08,N/A,20:08,Good (Good To Yielding In Places)  (,3m 1f 24y,West Clare (IRE),Mr D O'Connor,0,B McMahon,6th,2 3/4 l,8,12-0,96,True,180,10
Roscommon Racing Results | 9th June 2025 20:08,N/A,20:08,Good (Good To Yielding In Places)  (,3m 1f 24y,Smitty Bacall (IRE),Mr J L Gleeson,0,J P Flavin,5th,2 l,14,11-9tp,91,True,180,10
Roscommon Racing Results | 9th June 2025 20:08,N/A,20:08,Good (Good To Yielding In Places)  (,3m 1f 24y,Ballagh Star (IRE),Mr P J O'Neill,7,Mrs Y Dunleavy,4th,4 1/4 l,7,11-8tp,90,True,180,10
Roscommon Racing Results | 9th June 2025 20:08,N/A,20:08,Good (Good To Yielding In Places)  (,3m 1f 24y,Il Silenzio,Mr D Doyle,7,M Brassil,3rd,1/2 l,8,11-5t,87,True,180,10
Roscommon Racing Results | 9th June 2025 20:08,N/A,20:08,Good (Good To Yielding In Places)  (,3m 1f 24y,Burru (IRE),Mr R Sugrue,7,L Kenny,2nd,4 1/2 l,7,12-4,100,True,180,10
Roscommon Racing Results | 9th June 2025 20:08,N/A,20:08,Good (Good To Yielding In Places)  (,3m 1f 24y,Ardfert Mary (IRE),Mr J M Halford,7,J P Ryan,1st,N/A,8,10-8t1,76,True,180,10
Roscommon Racing Results | 9th June 2025 20:08,N/A,20:08,Good (Good To Yielding In Places)  (,3m 1f 24y,Da Big Fella (IRE),Miss J Townend,0,Eamon Courtney,PU,N/A,11,10-8,76,True,180,10
Roscommon Racing Results | 9th June 2025 20:08,N/A,20:08,Good (Good To Yielding In Places)  (,3m 1f 24y,Oldtown To Emly (IRE),Mr S Cotter,7,K A Heffernan,PU,N/A,7,10-8p,76,True,180,10
Roscommon Racing Results | 9th June 2025 20:08,N/A,20:08,Good (Good To Yielding In Places)  (,3m 1f 24y,Max Time (IRE),Mr A P Ryan,7,I Madden,PU,N/A,8,10-7,74,True,180,10
Roscommon Racing Results | 9th June 2025 20:08,N/A,20:08,Good (Good To Yielding In Places)  (,3m 1f 24y,Great Rainbow (FR),Mr S Connor,7,B McMahon,PU,N/A,7,10-12,80,True,180,10
Roscommon Racing Results | 9th June 2025 20:08,N/A,20:08,Good (Good To Yielding In Places)  (,3m 1f 24y,Thehairyfella (IRE),Mr H C Swan,0,G Elliott,PU,N/A,10,10-13p,81,True,180,10
Roscommon Racing Results | 9th June 2025 20:08,N/A,20:08,Good (Good To Yielding In Places)  (,3m 1f 24y,Fr Gilligansvoyge,Mr B M Coonan,7,John G Carr,9th,Neck,12,10-7tv,67,True,180,10
Roscommon Racing Results | 9th June 2025 20:08,N/A,20:08,Good (Good To Yielding In Places)  (,3m 1f 24y,The Eye Of Tulla (IRE),Mr E M Nugent,7,B McMahon,8th,Neck,9,10-7p,74,True,180,10
Roscommon Racing Results | 9th June 2025 20:08,N/A,20:08,Good (Good To Yielding In Places)  (,3m 1f 24y,Cullenwaine (IRE),Miss P Elvin,7,P J Rothwell,7th,11 l,7,11-0p,82,True,180,10
Roscommon Racing Results | 9th June 2025 20:08,N/A,20:08,Good (Good To Yielding In Places)  (,3m 1f 24y,West Clare (IRE),Mr D O'Connor,0,B McMahon,6th,2 3/4 l,8,12-0,96,True,180,10
Roscommon Racing Results | 9th June 2025 20:08,N/A,20:08,Good (Good To Yielding In Places)  (,3m 1f 24y,Smitty Bacall (IRE),Mr J L Gleeson,0,J P Flavin,5th,2 l,14,11-9tp,91,True,180,10
Roscommon Racing Results | 9th June 2025 20:08,N/A,20:08,Good (Good To Yielding In Places)  (,3m 1f 24y,Ballagh Star (IRE),Mr P J O'Neill,7,Mrs Y Dunleavy,4th,4 1/4 l,7,11-8tp,90,True,180,10
Roscommon Racing Results | 9th June 2025 20:08,N/A,20:08,Good (Good To Yielding In Places)  (,3m 1f 24y,Il Silenzio,Mr D Doyle,7,M Brassil,3rd,1/2 l,8,11-5t,87,True,180,10
Roscommon Racing Results | 9th June 2025 20:08,N/A,20:08,Good (Good To Yielding In Places)  (,3m 1f 24y,Burru (IRE),Mr R Sugrue,7,L Kenny,2nd,4 1/2 l,7,12-4,100,True,180,10
Roscommon Racing Results | 9th June 2025 20:08,N/A,20:08,Good (Good To Yielding In Places)  (,3m 1f 24y,Ardfert Mary (IRE),Mr J M Halford,7,J P Ryan,1st,N/A,8,10-8t1,76,True,180,10
Sligo Racing Results | 10th June 2025 17:28,N/A,17:28,Good (Good To Yielding In Places),2m 2f 96y,Mephisto (IRE),K C Sexton,0,G Keane,7th,1 l,8,11-0v,93,True,180,11
Sligo Racing Results | 10th June 2025 17:28,N/A,17:28,Good (Good To Yielding In Places),2m 2f 96y,Dreal Deal (IRE),D A Kidd,7,J C McConnell,6th,1/2 l,10,12-0t,132,True,180,11
Sligo Racing Results | 10th June 2025 17:28,N/A,17:28,Good (Good To Yielding In Places),2m 2f 96y,Iorens (FR),J Smith,5,T O'Connor,5th,3 1/4 l,7,10-12,91,True,180,11
Sligo Racing Results | 10th June 2025 17:28,N/A,17:28,Good (Good To Yielding In Places),2m 2f 96y,Halla Paroiste (IRE),E Walsh,0,C Collins,4th,8 1/2 l,5,10-10p,96,True,180,11
Sligo Racing Results | 10th June 2025 17:28,N/A,17:28,Good (Good To Yielding In Places),2m 2f 96y,Rockview Roman (IRE),P Hanlon,7,J C McConnell,3rd,3 l,9,10-6,92,True,180,11
Sligo Racing Results | 10th June 2025 17:28,N/A,17:28,Good (Good To Yielding In Places),2m 2f 96y,Must Meet Cecil (IRE),G Brouder,3,C Collins,2nd,4 1/4 l,7,11-4p,109,True,180,11
Sligo Racing Results | 10th June 2025 17:28,N/A,17:28,Good (Good To Yielding In Places),2m 2f 96y,Embittered (IRE),P M O'Brien,7,E McNamara,1st,N/A,11,10-10tp1,130,True,180,11
Sligo Racing Results | 10th June 2025 17:28,N/A,17:28,Good (Good To Yielding In Places),2m 2f 96y,Mephisto (IRE),K C Sexton,0,G Keane,7th,1 l,8,11-0v,93,True,180,11
Sligo Racing Results | 10th June 2025 17:28,N/A,17:28,Good (Good To Yielding In Places),2m 2f 96y,Dreal Deal (IRE),D A Kidd,7,J C McConnell,6th,1/2 l,10,12-0t,132,True,180,11
Sligo Racing Results | 10th June 2025 17:28,N/A,17:28,Good (Good To Yielding In Places),2m 2f 96y,Iorens (FR),J Smith,5,T O'Connor,5th,3 1/4 l,7,10-12,91,True,180,11
Sligo Racing Results | 10th June 2025 17:28,N/A,17:28,Good (Good To Yielding In Places),2m 2f 96y,Halla Paroiste (IRE),E Walsh,0,C Collins,4th,8 1/2 l,5,10-10p,96,True,180,11
Sligo Racing Results | 10th June 2025 17:28,N/A,17:28,Good (Good To Yielding In Places),2m 2f 96y,Rockview Roman (IRE),P Hanlon,7,J C McConnell,3rd,3 l,9,10-6,92,True,180,11
Sligo Racing Results | 10th June 2025 17:28,N/A,17:28,Good (Good To Yielding In Places),2m 2f 96y,Must Meet Cecil (IRE),G Brouder,3,C Collins,2nd,4 1/4 l,7,11-4p,109,True,180,11
Sligo Racing Results | 10th June 2025 17:28,N/A,17:28,Good (Good To Yielding In Places),2m 2f 96y,Embittered (IRE),P M O'Brien,7,E McNamara,1st,N/A,11,10-10tp1,130,True,180,11
Sligo Racing Results | 10th June 2025 17:58,N/A,17:58,Good (Good To Yielding In Places),2m 1f 157y,Walk Out The D'or (IRE),E Walsh,0,Ciaran Murphy,NR,N/A,5,11-7,-,True,180,12
Sligo Racing Results | 10th June 2025 17:58,N/A,17:58,Good (Good To Yielding In Places),2m 1f 157y,Georginas Jet (IRE),P Hanlon,7,P J Gilligan,RO,N/A,4,11-2,-,True,180,12
Sligo Racing Results | 10th June 2025 17:58,N/A,17:58,Good (Good To Yielding In Places),2m 1f 157y,Ar Aghaidh (IRE),Anna McGuinness,7,H P Finegan,PU,N/A,8,11-7,79,True,180,12
Sligo Racing Results | 10th June 2025 17:58,N/A,17:58,Good (Good To Yielding In Places),2m 1f 157y,Carla's Pet (IRE),J Smith,5,D Collins,13th,69 l,6,11-7,-,True,180,12
Sligo Racing Results | 10th June 2025 17:58,N/A,17:58,Good (Good To Yielding In Places),2m 1f 157y,Lastofthecitizens (IRE),Conor Clarke,7,E M O'Sullivan,12th,Nose,6,11-7,-,True,180,12
Sligo Racing Results | 10th June 2025 17:58,N/A,17:58,Good (Good To Yielding In Places),2m 1f 157y,Silver Pageant,A Leahy,7,J J Hanlon,11th,3 1/4 l,5,11-7,-,True,180,12
Sligo Racing Results | 10th June 2025 17:58,N/A,17:58,Good (Good To Yielding In Places),2m 1f 157y,Townhill Lass (IRE),B W Harvey,0,D McNamara,10th,Head,6,11-7p1,-,True,180,12
Sligo Racing Results | 10th June 2025 17:58,N/A,17:58,Good (Good To Yielding In Places),2m 1f 157y,Run Away Merida (IRE),A M King,7,M M McNiff,9th,4 1/4 l,4,11-2t,81,True,180,12
Sligo Racing Results | 10th June 2025 17:58,N/A,17:58,Good (Good To Yielding In Places),2m 1f 157y,Veras Bar (IRE),R J Condon,5,Michael Barry,8th,4 1/2 l,5,11-7,-,True,180,12
Sligo Racing Results | 10th June 2025 17:58,N/A,17:58,Good (Good To Yielding In Places),2m 1f 157y,Mollys Dolly (IRE),R P Treacy,0,D M O'Brien,7th,1/2 l,5,11-7,-,True,180,12
Sligo Racing Results | 10th June 2025 17:58,N/A,17:58,Good (Good To Yielding In Places),2m 1f 157y,Kates Choice (IRE),M P O'Connor,0,J J Mangan,6th,1/2 l,5,11-7t1,-,True,180,12
Sligo Racing Results | 10th June 2025 17:58,N/A,17:58,Good (Good To Yielding In Places),2m 1f 157y,Emily's Light (IRE),A McCurtin,0,Miss M Harding,5th,3 3/4 l,6,11-7b1,-,True,180,12
Sligo Racing Results | 10th June 2025 17:58,N/A,17:58,Good (Good To Yielding In Places),2m 1f 157y,Another Girl (IRE),P J O'Hanlon,0,D A McLoughlin,4th,3 1/4 l,5,11-7,-,True,180,12
Sligo Racing Results | 10th June 2025 17:58,N/A,17:58,Good (Good To Yielding In Places),2m 1f 157y,Annarubyrose (IRE),P M O'Brien,7,G P Cromwell,3rd,6 l,4,11-2p1,-,True,180,12
Sligo Racing Results | 10th June 2025 17:58,N/A,17:58,Good (Good To Yielding In Places),2m 1f 157y,Our Girl Ellie (IRE),T Ryan,5,S Ryan,2nd,2 1/2 l,5,11-7,-,True,180,12
Sligo Racing Results | 10th June 2025 17:58,N/A,17:58,Good (Good To Yielding In Places),2m 1f 157y,Nashville Notions (IRE),L Quinlan,3,P Kiely,1st,N/A,5,11-7,96,True,180,12
Sligo Racing Results | 10th June 2025 17:58,N/A,17:58,Good (Good To Yielding In Places),2m 1f 157y,Walk Out The D'or (IRE),E Walsh,0,Ciaran Murphy,NR,N/A,5,11-7,-,True,180,12
Sligo Racing Results | 10th June 2025 17:58,N/A,17:58,Good (Good To Yielding In Places),2m 1f 157y,Georginas Jet (IRE),P Hanlon,7,P J Gilligan,RO,N/A,4,11-2,-,True,180,12
Sligo Racing Results | 10th June 2025 17:58,N/A,17:58,Good (Good To Yielding In Places),2m 1f 157y,Ar Aghaidh (IRE),Anna McGuinness,7,H P Finegan,PU,N/A,8,11-7,79,True,180,12
Sligo Racing Results | 10th June 2025 17:58,N/A,17:58,Good (Good To Yielding In Places),2m 1f 157y,Carla's Pet (IRE),J Smith,5,D Collins,13th,69 l,6,11-7,-,True,180,12
Sligo Racing Results | 10th June 2025 17:58,N/A,17:58,Good (Good To Yielding In Places),2m 1f 157y,Lastofthecitizens (IRE),Conor Clarke,7,E M O'Sullivan,12th,Nose,6,11-7,-,True,180,12
Sligo Racing Results | 10th June 2025 17:58,N/A,17:58,Good (Good To Yielding In Places),2m 1f 157y,Silver Pageant,A Leahy,7,J J Hanlon,11th,3 1/4 l,5,11-7,-,True,180,12
Sligo Racing Results | 10th June 2025 17:58,N/A,17:58,Good (Good To Yielding In Places),2m 1f 157y,Townhill Lass (IRE),B W Harvey,0,D McNamara,10th,Head,6,11-7p1,-,True,180,12
Sligo Racing Results | 10th June 2025 17:58,N/A,17:58,Good (Good To Yielding In Places),2m 1f 157y,Run Away Merida (IRE),A M King,7,M M McNiff,9th,4 1/4 l,4,11-2t,81,True,180,12
Sligo Racing Results | 10th June 2025 17:58,N/A,17:58,Good (Good To Yielding In Places),2m 1f 157y,Veras Bar (IRE),R J Condon,5,Michael Barry,8th,4 1/2 l,5,11-7,-,True,180,12
Sligo Racing Results | 10th June 2025 17:58,N/A,17:58,Good (Good To Yielding In Places),2m 1f 157y,Mollys Dolly (IRE),R P Treacy,0,D M O'Brien,7th,1/2 l,5,11-7,-,True,180,12
Sligo Racing Results | 10th June 2025 17:58,N/A,17:58,Good (Good To Yielding In Places),2m 1f 157y,Kates Choice (IRE),M P O'Connor,0,J J Mangan,6th,1/2 l,5,11-7t1,-,True,180,12
Sligo Racing Results | 10th June 2025 17:58,N/A,17:58,Good (Good To Yielding In Places),2m 1f 157y,Emily's Light (IRE),A McCurtin,0,Miss M Harding,5th,3 3/4 l,6,11-7b1,-,True,180,12
Sligo Racing Results | 10th June 2025 17:58,N/A,17:58,Good (Good To Yielding In Places),2m 1f 157y,Another Girl (IRE),P J O'Hanlon,0,D A McLoughlin,4th,3 1/4 l,5,11-7,-,True,180,12
Sligo Racing Results | 10th June 2025 17:58,N/A,17:58,Good (Good To Yielding In Places),2m 1f 157y,Annarubyrose (IRE),P M O'Brien,7,G P Cromwell,3rd,6 l,4,11-2p1,-,True,180,12
Sligo Racing Results | 10th June 2025 17:58,N/A,17:58,Good (Good To Yielding In Places),2m 1f 157y,Our Girl Ellie (IRE),T Ryan,5,S Ryan,2nd,2 1/2 l,5,11-7,-,True,180,12
Sligo Racing Results | 10th June 2025 17:58,N/A,17:58,Good (Good To Yielding In Places),2m 1f 157y,Nashville Notions (IRE),L Quinlan,3,P Kiely,1st,N/A,5,11-7,96,True,180,12
Sligo Racing Results | 10th June 2025 18:28,N/A,18:28,Good (Good To Yielding In Places),2m 1f 157y,Hope She Flies (IRE),R P Treacy,0,B Cawley,16th,9 l,5,11-5,-,True,180,13
Sligo Racing Results | 10th June 2025 18:28,N/A,18:28,Good (Good To Yielding In Places),2m 1f 157y,Bearami Creek (IRE),M P O'Connor,0,Peter Fahey,15th,2 1/2 l,5,11-5,-,True,180,13
Sligo Racing Results | 10th June 2025 18:28,N/A,18:28,Good (Good To Yielding In Places),2m 1f 157y,Call Me Rose (IRE),Niall Moore,5,C Collins,14th,20 l,5,11-5,-,True,180,13
Sligo Racing Results | 10th June 2025 18:28,N/A,18:28,Good (Good To Yielding In Places),2m 1f 157y,Graigstar (IRE),J P O'Sullivan,0,D Queally,13th,15 l,5,11-5,-,True,180,13
Sligo Racing Results | 10th June 2025 18:28,N/A,18:28,Good (Good To Yielding In Places),2m 1f 157y,Mane Attraction (IRE),A McCurtin,0,N Lee,12th,3 1/4 l,5,11-12,-,True,180,13
Sligo Racing Results | 10th June 2025 18:28,N/A,18:28,Good (Good To Yielding In Places),2m 1f 157y,Quantum Boy (IRE),G Brouder,3,W P Mullins,11th,1 1/4 l,6,11-12t,-,True,180,13
Sligo Racing Results | 10th June 2025 18:28,N/A,18:28,Good (Good To Yielding In Places),2m 1f 157y,At The Wings (IRE),T P Harney,5,N Lee,10th,3 l,5,11-12h,-,True,180,13
Sligo Racing Results | 10th June 2025 18:28,N/A,18:28,Good (Good To Yielding In Places),2m 1f 157y,Boy Gin Go (IRE),E Walsh,0,E M O'Sullivan,9th,11 l,5,11-12,-,True,180,13
Sligo Racing Results | 10th June 2025 18:28,N/A,18:28,Good (Good To Yielding In Places),2m 1f 157y,Garadice (IRE),B W Harvey,0,D M Christie,8th,2 3/4 l,5,11-12,-,True,180,13
Sligo Racing Results | 10th June 2025 18:28,N/A,18:28,Good (Good To Yielding In Places),2m 1f 157y,Cj's Darling (IRE),K E Buckley,0,G P Cromwell,7th,3 1/4 l,5,11-5,-,True,180,13
Sligo Racing Results | 10th June 2025 18:28,N/A,18:28,Good (Good To Yielding In Places),2m 1f 157y,Tom Sarah Evelyn (IRE),J Aherne,7,J P Ryan,6th,Short Head,8,11-12,-,True,180,13
Sligo Racing Results | 10th June 2025 18:28,N/A,18:28,Good (Good To Yielding In Places),2m 1f 157y,Jumble Light (FR),P J O'Hanlon,0,M M McNiff,5th,1 1/4 l,6,11-12,-,True,180,13
Sligo Racing Results | 10th June 2025 18:28,N/A,18:28,Good (Good To Yielding In Places),2m 1f 157y,Wholelotofbusiness (IRE),G B Noonan,5,E McCarthy,4th,2 1/2 l,6,11-12t,115,True,180,13
Sligo Racing Results | 10th June 2025 18:28,N/A,18:28,Good (Good To Yielding In Places),2m 1f 157y,Lilac Lady (IRE),A M King,7,M M McNiff,3rd,1/2 l,5,11-5,-,True,180,13
Sligo Racing Results | 10th June 2025 18:28,N/A,18:28,Good (Good To Yielding In Places),2m 1f 157y,Saint Peregrine (IRE),L A McKenna,5,J P Ryan,2nd,1/2 l,6,11-12,94,True,180,13
Sligo Racing Results | 10th June 2025 18:28,N/A,18:28,Good (Good To Yielding In Places),2m 1f 157y,Shudawudacuddagh (IRE),K C Sexton,0,James Andrew Fahey,1st,N/A,5,11-12,-,True,180,13
Sligo Racing Results | 10th June 2025 18:28,N/A,18:28,Good (Good To Yielding In Places),2m 1f 157y,Hope She Flies (IRE),R P Treacy,0,B Cawley,16th,9 l,5,11-5,-,True,180,13
Sligo Racing Results | 10th June 2025 18:28,N/A,18:28,Good (Good To Yielding In Places),2m 1f 157y,Bearami Creek (IRE),M P O'Connor,0,Peter Fahey,15th,2 1/2 l,5,11-5,-,True,180,13
Sligo Racing Results | 10th June 2025 18:28,N/A,18:28,Good (Good To Yielding In Places),2m 1f 157y,Call Me Rose (IRE),Niall Moore,5,C Collins,14th,20 l,5,11-5,-,True,180,13
Sligo Racing Results | 10th June 2025 18:28,N/A,18:28,Good (Good To Yielding In Places),2m 1f 157y,Graigstar (IRE),J P O'Sullivan,0,D Queally,13th,15 l,5,11-5,-,True,180,13
Sligo Racing Results | 10th June 2025 18:28,N/A,18:28,Good (Good To Yielding In Places),2m 1f 157y,Mane Attraction (IRE),A McCurtin,0,N Lee,12th,3 1/4 l,5,11-12,-,True,180,13
Sligo Racing Results | 10th June 2025 18:28,N/A,18:28,Good (Good To Yielding In Places),2m 1f 157y,Quantum Boy (IRE),G Brouder,3,W P Mullins,11th,1 1/4 l,6,11-12t,-,True,180,13
Sligo Racing Results | 10th June 2025 18:28,N/A,18:28,Good (Good To Yielding In Places),2m 1f 157y,At The Wings (IRE),T P Harney,5,N Lee,10th,3 l,5,11-12h,-,True,180,13
Sligo Racing Results | 10th June 2025 18:28,N/A,18:28,Good (Good To Yielding In Places),2m 1f 157y,Boy Gin Go (IRE),E Walsh,0,E M O'Sullivan,9th,11 l,5,11-12,-,True,180,13
Sligo Racing Results | 10th June 2025 18:28,N/A,18:28,Good (Good To Yielding In Places),2m 1f 157y,Garadice (IRE),B W Harvey,0,D M Christie,8th,2 3/4 l,5,11-12,-,True,180,13
Sligo Racing Results | 10th June 2025 18:28,N/A,18:28,Good (Good To Yielding In Places),2m 1f 157y,Cj's Darling (IRE),K E Buckley,0,G P Cromwell,7th,3 1/4 l,5,11-5,-,True,180,13
Sligo Racing Results | 10th June 2025 18:28,N/A,18:28,Good (Good To Yielding In Places),2m 1f 157y,Tom Sarah Evelyn (IRE),J Aherne,7,J P Ryan,6th,Short Head,8,11-12,-,True,180,13
Sligo Racing Results | 10th June 2025 18:28,N/A,18:28,Good (Good To Yielding In Places),2m 1f 157y,Jumble Light (FR),P J O'Hanlon,0,M M McNiff,5th,1 1/4 l,6,11-12,-,True,180,13
Sligo Racing Results | 10th June 2025 18:28,N/A,18:28,Good (Good To Yielding In Places),2m 1f 157y,Wholelotofbusiness (IRE),G B Noonan,5,E McCarthy,4th,2 1/2 l,6,11-12t,115,True,180,13
Sligo Racing Results | 10th June 2025 18:28,N/A,18:28,Good (Good To Yielding In Places),2m 1f 157y,Lilac Lady (IRE),A M King,7,M M McNiff,3rd,1/2 l,5,11-5,-,True,180,13
Sligo Racing Results | 10th June 2025 18:28,N/A,18:28,Good (Good To Yielding In Places),2m 1f 157y,Saint Peregrine (IRE),L A McKenna,5,J P Ryan,2nd,1/2 l,6,11-12,94,True,180,13
Sligo Racing Results | 10th June 2025 18:28,N/A,18:28,Good (Good To Yielding In Places),2m 1f 157y,Shudawudacuddagh (IRE),K C Sexton,0,James Andrew Fahey,1st,N/A,5,11-12,-,True,180,13
Sligo Racing Results | 10th June 2025 18:58,N/A,18:58,Good (Good To Yielding In Places),2m 1f 157y,Ballycommon Chapel (IRE),C Owens,7,R Donohoe,UR,N/A,7,10-13,85,True,180,14
Sligo Racing Results | 10th June 2025 18:58,N/A,18:58,Good (Good To Yielding In Places),2m 1f 157y,Bowgate Street (IRE),A McCurtin,0,M Flannery,F,N/A,6,11-9,95,True,180,14
Sligo Racing Results | 10th June 2025 18:58,N/A,18:58,Good (Good To Yielding In Places),2m 1f 157y,Cramers Valley (IRE),D Robinson,0,P J Rothwell,BD,N/A,6,10-13b,85,True,180,14
Sligo Racing Results | 10th June 2025 18:58,N/A,18:58,Good (Good To Yielding In Places),2m 1f 157y,Only One Plan (IRE),Niall Moore,5,M Flannery,13th,8 l,8,11-12p,98,True,180,14
Sligo Racing Results | 10th June 2025 18:58,N/A,18:58,Good (Good To Yielding In Places),2m 1f 157y,Who's In Midfield (IRE),R J Condon,5,S K Ryder,12th,1 1/4 l,7,10-13tp1,85,True,180,14
Sligo Racing Results | 10th June 2025 18:58,N/A,18:58,Good (Good To Yielding In Places),2m 1f 157y,Trooper Carton (IRE),M P O'Connor,0,G Ahern,11th,8 l,6,11-10p,96,True,180,14
Sligo Racing Results | 10th June 2025 18:58,N/A,18:58,Good (Good To Yielding In Places),2m 1f 157y,Leitzel,D P Maxwell,5,A McNamara,10th,4 1/4 l,5,11-10,96,True,180,14
Sligo Racing Results | 10th June 2025 18:58,N/A,18:58,Good (Good To Yielding In Places),2m 1f 157y,Guest Star,B W Harvey,0,J C McConnell,9th,2 3/4 l,4,11-4,95,True,180,14
Sligo Racing Results | 10th June 2025 18:58,N/A,18:58,Good (Good To Yielding In Places),2m 1f 157y,Kalanisi Dubh (IRE),L A McKenna,5,S Fahey,8th,2 1/2 l,9,11-8,94,True,180,14
Sligo Racing Results | 10th June 2025 18:58,N/A,18:58,Good (Good To Yielding In Places),2m 1f 157y,Jaadil (IRE),G Brouder,3,D E Fitzgerald,7th,Neck,4,10-9,86,True,180,14
Sligo Racing Results | 10th June 2025 18:58,N/A,18:58,Good (Good To Yielding In Places),2m 1f 157y,Sineads Fancy (IRE),L Quinlan,3,S Ryan,6th,3 l,8,11-3,89,True,180,14
Sligo Racing Results | 10th June 2025 18:58,N/A,18:58,Good (Good To Yielding In Places),2m 1f 157y,Farrokh (FR),E Walsh,0,B Connell,5th,9 l,6,11-12,98,True,180,14
Sligo Racing Results | 10th June 2025 18:58,N/A,18:58,Good (Good To Yielding In Places),2m 1f 157y,Bambeano (IRE),P Hanlon,7,C Moore,4th,2 l,8,11-6tb,92,True,180,14
Sligo Racing Results | 10th June 2025 18:58,N/A,18:58,Good (Good To Yielding In Places),2m 1f 157y,Tea It Is (IRE),G B Noonan,5,D Hogan,3rd,20 l,8,10-5tp,77,True,180,14
Sligo Racing Results | 10th June 2025 18:58,N/A,18:58,Good (Good To Yielding In Places),2m 1f 157y,Spick And Span (IRE),K C Sexton,0,James Andrew Fahey,2nd,3/4 l,8,11-10,96,True,180,14
Sligo Racing Results | 10th June 2025 18:58,N/A,18:58,Good (Good To Yielding In Places),2m 1f 157y,Navy Guitar (IRE),K E Buckley,0,A Murray,1st,N/A,6,11-6ht,92,True,180,14
Sligo Racing Results | 10th June 2025 18:58,N/A,18:58,Good (Good To Yielding In Places),2m 1f 157y,Ballycommon Chapel (IRE),C Owens,7,R Donohoe,UR,N/A,7,10-13,85,True,180,14
Sligo Racing Results | 10th June 2025 18:58,N/A,18:58,Good (Good To Yielding In Places),2m 1f 157y,Bowgate Street (IRE),A McCurtin,0,M Flannery,F,N/A,6,11-9,95,True,180,14
Sligo Racing Results | 10th June 2025 18:58,N/A,18:58,Good (Good To Yielding In Places),2m 1f 157y,Cramers Valley (IRE),D Robinson,0,P J Rothwell,BD,N/A,6,10-13b,85,True,180,14
Sligo Racing Results | 10th June 2025 18:58,N/A,18:58,Good (Good To Yielding In Places),2m 1f 157y,Only One Plan (IRE),Niall Moore,5,M Flannery,13th,8 l,8,11-12p,98,True,180,14
Sligo Racing Results | 10th June 2025 18:58,N/A,18:58,Good (Good To Yielding In Places),2m 1f 157y,Who's In Midfield (IRE),R J Condon,5,S K Ryder,12th,1 1/4 l,7,10-13tp1,85,True,180,14
Sligo Racing Results | 10th June 2025 18:58,N/A,18:58,Good (Good To Yielding In Places),2m 1f 157y,Trooper Carton (IRE),M P O'Connor,0,G Ahern,11th,8 l,6,11-10p,96,True,180,14
Sligo Racing Results | 10th June 2025 18:58,N/A,18:58,Good (Good To Yielding In Places),2m 1f 157y,Leitzel,D P Maxwell,5,A McNamara,10th,4 1/4 l,5,11-10,96,True,180,14
Sligo Racing Results | 10th June 2025 18:58,N/A,18:58,Good (Good To Yielding In Places),2m 1f 157y,Guest Star,B W Harvey,0,J C McConnell,9th,2 3/4 l,4,11-4,95,True,180,14
Sligo Racing Results | 10th June 2025 18:58,N/A,18:58,Good (Good To Yielding In Places),2m 1f 157y,Kalanisi Dubh (IRE),L A McKenna,5,S Fahey,8th,2 1/2 l,9,11-8,94,True,180,14
Sligo Racing Results | 10th June 2025 18:58,N/A,18:58,Good (Good To Yielding In Places),2m 1f 157y,Jaadil (IRE),G Brouder,3,D E Fitzgerald,7th,Neck,4,10-9,86,True,180,14
Sligo Racing Results | 10th June 2025 18:58,N/A,18:58,Good (Good To Yielding In Places),2m 1f 157y,Sineads Fancy (IRE),L Quinlan,3,S Ryan,6th,3 l,8,11-3,89,True,180,14
Sligo Racing Results | 10th June 2025 18:58,N/A,18:58,Good (Good To Yielding In Places),2m 1f 157y,Farrokh (FR),E Walsh,0,B Connell,5th,9 l,6,11-12,98,True,180,14
Sligo Racing Results | 10th June 2025 18:58,N/A,18:58,Good (Good To Yielding In Places),2m 1f 157y,Bambeano (IRE),P Hanlon,7,C Moore,4th,2 l,8,11-6tb,92,True,180,14
Sligo Racing Results | 10th June 2025 18:58,N/A,18:58,Good (Good To Yielding In Places),2m 1f 157y,Tea It Is (IRE),G B Noonan,5,D Hogan,3rd,20 l,8,10-5tp,77,True,180,14
Sligo Racing Results | 10th June 2025 18:58,N/A,18:58,Good (Good To Yielding In Places),2m 1f 157y,Spick And Span (IRE),K C Sexton,0,James Andrew Fahey,2nd,3/4 l,8,11-10,96,True,180,14
Sligo Racing Results | 10th June 2025 18:58,N/A,18:58,Good (Good To Yielding In Places),2m 1f 157y,Navy Guitar (IRE),K E Buckley,0,A Murray,1st,N/A,6,11-6ht,92,True,180,14
Sligo Racing Results | 10th June 2025 19:28,N/A,19:28,Good (Good To Yielding In Places) ap Hurdle (Turf),3m 1f 170y,Robyndeglory (IRE),Mr J M Halford,7,C Collins,15th,5 1/2 l,10,11-5tv,97,True,180,15
Sligo Racing Results | 10th June 2025 19:28,N/A,19:28,Good (Good To Yielding In Places) ap Hurdle (Turf),3m 1f 170y,Politicise (IRE),Mr C A Bowman,7,C Collins,14th,3 3/4 l,9,11-1tp,93,True,180,15
Sligo Racing Results | 10th June 2025 19:28,N/A,19:28,Good (Good To Yielding In Places) ap Hurdle (Turf),3m 1f 170y,Heroes Of Renown (IRE),Miss A S O'Connor,7,Olivia Hegarty,13th,3/4 l,11,12-0p,106,True,180,15
Sligo Racing Results | 10th June 2025 19:28,N/A,19:28,Good (Good To Yielding In Places) ap Hurdle (Turf),3m 1f 170y,Western Opera (IRE),Mr S Cotter,7,G O'Loughlin,12th,31 l,5,10-7t,85,True,180,15
Sligo Racing Results | 10th June 2025 19:28,N/A,19:28,Good (Good To Yielding In Places) ap Hurdle (Turf),3m 1f 170y,Made In The Woods (IRE),Mr J L Gleeson,0,N Lee,11th,Head,8,10-7,79,True,180,15
Sligo Racing Results | 10th June 2025 19:28,N/A,19:28,Good (Good To Yielding In Places) ap Hurdle (Turf),3m 1f 170y,Our Zebo (IRE),Mr O McGill,5,N C Kelly,10th,4 3/4 l,6,12-4b,110,True,180,15
Sligo Racing Results | 10th June 2025 19:28,N/A,19:28,Good (Good To Yielding In Places) ap Hurdle (Turf),3m 1f 170y,Mystic Milly (IRE),Mr D O'Sullivan,7,C O'Connell,9th,1 1/4 l,5,10-13h,91,True,180,15
Sligo Racing Results | 10th June 2025 19:28,N/A,19:28,Good (Good To Yielding In Places) ap Hurdle (Turf),3m 1f 170y,Backonthegoagain (IRE),Mr E Staples,7,C Bowe,8th,Neck,7,11-3,95,True,180,15
Sligo Racing Results | 10th June 2025 19:28,N/A,19:28,Good (Good To Yielding In Places) ap Hurdle (Turf),3m 1f 170y,Ilbdare (IRE),Mr A P Ryan,7,M M McNiff,7th,3 1/2 l,5,11-5t,97,True,180,15
Sligo Racing Results | 10th June 2025 19:28,N/A,19:28,Good (Good To Yielding In Places) ap Hurdle (Turf),3m 1f 170y,Broken Ice (IRE),Mr F R Buckley,7,J C McConnell,6th,1 1/4 l,9,11-8tp,100,True,180,15
Sligo Racing Results | 10th June 2025 19:28,N/A,19:28,Good (Good To Yielding In Places) ap Hurdle (Turf),3m 1f 170y,Yorkshire Escape (IRE),Mr M J Kenneally,7,D Queally,5th,9 l,6,10-7,85,True,180,15
Sligo Racing Results | 10th June 2025 19:28,N/A,19:28,Good (Good To Yielding In Places) ap Hurdle (Turf),3m 1f 170y,Diamond Steel (IRE),Mr T O'Connor,7,T O'Connor,4th,2 l,5,10-7,83,True,180,15
Sligo Racing Results | 10th June 2025 19:28,N/A,19:28,Good (Good To Yielding In Places) ap Hurdle (Turf),3m 1f 170y,Mags Nelson (IRE),Mr L P Shanahan,7,R O'Sullivan,3rd,1 1/2 l,6,11-10,102,True,180,15
Sligo Racing Results | 10th June 2025 19:28,N/A,19:28,Good (Good To Yielding In Places) ap Hurdle (Turf),3m 1f 170y,Tropical Image (IRE),Mr A Burke-Ott,7,E McCarthy,2nd,9 1/2 l,8,10-8tp1,86,True,180,15
Sligo Racing Results | 10th June 2025 19:28,N/A,19:28,Good (Good To Yielding In Places) ap Hurdle (Turf),3m 1f 170y,Boston Rajj (IRE),Mr H C Swan,0,G Elliott,1st,N/A,7,11-13,105,True,180,15
Sligo Racing Results | 10th June 2025 19:28,N/A,19:28,Good (Good To Yielding In Places) ap Hurdle (Turf),3m 1f 170y,Robyndeglory (IRE),Mr J M Halford,7,C Collins,15th,5 1/2 l,10,11-5tv,97,True,180,15
Sligo Racing Results | 10th June 2025 19:28,N/A,19:28,Good (Good To Yielding In Places) ap Hurdle (Turf),3m 1f 170y,Politicise (IRE),Mr C A Bowman,7,C Collins,14th,3 3/4 l,9,11-1tp,93,True,180,15
Sligo Racing Results | 10th June 2025 19:28,N/A,19:28,Good (Good To Yielding In Places) ap Hurdle (Turf),3m 1f 170y,Heroes Of Renown (IRE),Miss A S O'Connor,7,Olivia Hegarty,13th,3/4 l,11,12-0p,106,True,180,15
Sligo Racing Results | 10th June 2025 19:28,N/A,19:28,Good (Good To Yielding In Places) ap Hurdle (Turf),3m 1f 170y,Western Opera (IRE),Mr S Cotter,7,G O'Loughlin,12th,31 l,5,10-7t,85,True,180,15
Sligo Racing Results | 10th June 2025 19:28,N/A,19:28,Good (Good To Yielding In Places) ap Hurdle (Turf),3m 1f 170y,Made In The Woods (IRE),Mr J L Gleeson,0,N Lee,11th,Head,8,10-7,79,True,180,15
Sligo Racing Results | 10th June 2025 19:28,N/A,19:28,Good (Good To Yielding In Places) ap Hurdle (Turf),3m 1f 170y,Our Zebo (IRE),Mr O McGill,5,N C Kelly,10th,4 3/4 l,6,12-4b,110,True,180,15
Sligo Racing Results | 10th June 2025 19:28,N/A,19:28,Good (Good To Yielding In Places) ap Hurdle (Turf),3m 1f 170y,Mystic Milly (IRE),Mr D O'Sullivan,7,C O'Connell,9th,1 1/4 l,5,10-13h,91,True,180,15
Sligo Racing Results | 10th June 2025 19:28,N/A,19:28,Good (Good To Yielding In Places) ap Hurdle (Turf),3m 1f 170y,Backonthegoagain (IRE),Mr E Staples,7,C Bowe,8th,Neck,7,11-3,95,True,180,15
Sligo Racing Results | 10th June 2025 19:28,N/A,19:28,Good (Good To Yielding In Places) ap Hurdle (Turf),3m 1f 170y,Ilbdare (IRE),Mr A P Ryan,7,M M McNiff,7th,3 1/2 l,5,11-5t,97,True,180,15
Sligo Racing Results | 10th June 2025 19:28,N/A,19:28,Good (Good To Yielding In Places) ap Hurdle (Turf),3m 1f 170y,Broken Ice (IRE),Mr F R Buckley,7,J C McConnell,6th,1 1/4 l,9,11-8tp,100,True,180,15
Sligo Racing Results | 10th June 2025 19:28,N/A,19:28,Good (Good To Yielding In Places) ap Hurdle (Turf),3m 1f 170y,Yorkshire Escape (IRE),Mr M J Kenneally,7,D Queally,5th,9 l,6,10-7,85,True,180,15
Sligo Racing Results | 10th June 2025 19:28,N/A,19:28,Good (Good To Yielding In Places) ap Hurdle (Turf),3m 1f 170y,Diamond Steel (IRE),Mr T O'Connor,7,T O'Connor,4th,2 l,5,10-7,83,True,180,15
Sligo Racing Results | 10th June 2025 19:28,N/A,19:28,Good (Good To Yielding In Places) ap Hurdle (Turf),3m 1f 170y,Mags Nelson (IRE),Mr L P Shanahan,7,R O'Sullivan,3rd,1 1/2 l,6,11-10,102,True,180,15
Sligo Racing Results | 10th June 2025 19:28,N/A,19:28,Good (Good To Yielding In Places) ap Hurdle (Turf),3m 1f 170y,Tropical Image (IRE),Mr A Burke-Ott,7,E McCarthy,2nd,9 1/2 l,8,10-8tp1,86,True,180,15
Sligo Racing Results | 10th June 2025 19:28,N/A,19:28,Good (Good To Yielding In Places) ap Hurdle (Turf),3m 1f 170y,Boston Rajj (IRE),Mr H C Swan,0,G Elliott,1st,N/A,7,11-13,105,True,180,15
Sligo Racing Results | 10th June 2025 19:58,N/A,19:58,Good (Good To Yielding In Places),2m 4f 162y,Brock Beauty (IRE),P M O'Brien,7,C O'Connell,PU,N/A,8,10-6p1,78,True,180,16
Sligo Racing Results | 10th June 2025 19:58,N/A,19:58,Good (Good To Yielding In Places),2m 4f 162y,Lucky Junior (IRE),T P Harney,5,R O'Sullivan,PU,N/A,5,11-4h,90,True,180,16
Sligo Racing Results | 10th June 2025 19:58,N/A,19:58,Good (Good To Yielding In Places),2m 4f 162y,She'll Be Kept (IRE),Anna McGuinness,7,C Collins,PU,N/A,5,11-12t,98,True,180,16
Sligo Racing Results | 10th June 2025 19:58,N/A,19:58,Good (Good To Yielding In Places),2m 4f 162y,Craic Eile (IRE),G Brouder,3,D Budds,13th,19 l,8,11-2t,88,True,180,16
Sligo Racing Results | 10th June 2025 19:58,N/A,19:58,Good (Good To Yielding In Places),2m 4f 162y,Chapter Thirty (IRE),C M Hogan,7,E McCarthy,12th,5 l,5,10-11,83,True,180,16
Sligo Racing Results | 10th June 2025 19:58,N/A,19:58,Good (Good To Yielding In Places),2m 4f 162y,Brianna Lily (IRE),K Callaghan,5,J Barcoe,11th,2 3/4 l,8,11-11,97,True,180,16
Sligo Racing Results | 10th June 2025 19:58,N/A,19:58,Good (Good To Yielding In Places),2m 4f 162y,Cullagh Pride (IRE),B W Harvey,0,S Fahey,10th,15 l,7,11-6,92,True,180,16
Sligo Racing Results | 10th June 2025 19:58,N/A,19:58,Good (Good To Yielding In Places),2m 4f 162y,Vroomvroomboo (IRE),Cian Cullinan,7,James Andrew Fahey,9th,8 l,7,11-11t,97,True,180,16
Sligo Racing Results | 10th June 2025 19:58,N/A,19:58,Good (Good To Yielding In Places),2m 4f 162y,Chef's Kiss (IRE),L A McKenna,5,P J Rothwell,8th,1 1/4 l,5,11-11,97,True,180,16
Sligo Racing Results | 10th June 2025 19:58,N/A,19:58,Good (Good To Yielding In Places),2m 4f 162y,Bal Kauto (FR),K C Sexton,0,D Queally,7th,2 1/2 l,8,11-5ht,91,True,180,16
Sligo Racing Results | 10th June 2025 19:58,N/A,19:58,Good (Good To Yielding In Places),2m 4f 162y,Firstupbestdressed (IRE),K E Buckley,0,Conor Maxwell,6th,2 3/4 l,5,11-2,88,True,180,16
Sligo Racing Results | 10th June 2025 19:58,N/A,19:58,Good (Good To Yielding In Places),2m 4f 162y,Seventy Eight Team (IRE),R P Geoghegan,7,P J Gilligan,5th,3 1/4 l,7,11-0,86,True,180,16
Sligo Racing Results | 10th June 2025 19:58,N/A,19:58,Good (Good To Yielding In Places),2m 4f 162y,Loughrask Rainbow (IRE),J Smith,5,B McMahon,4th,1/2 l,7,10-12,84,True,180,16
Sligo Racing Results | 10th June 2025 19:58,N/A,19:58,Good (Good To Yielding In Places),2m 4f 162y,Cois Fharraige (IRE),A Balfe,7,G P Cromwell,3rd,3/4 l,5,10-11,83,True,180,16
Sligo Racing Results | 10th June 2025 19:58,N/A,19:58,Good (Good To Yielding In Places),2m 4f 162y,Love Like This (IRE),J Aherne,7,J P Ryan,2nd,1/2 l,7,11-6,92,True,180,16
Sligo Racing Results | 10th June 2025 19:58,N/A,19:58,Good (Good To Yielding In Places),2m 4f 162y,Ladiam (IRE),G B Noonan,5,N Lee,1st,N/A,8,11-6t,92,True,180,16
Sligo Racing Results | 10th June 2025 19:58,N/A,19:58,Good (Good To Yielding In Places),2m 4f 162y,Brock Beauty (IRE),P M O'Brien,7,C O'Connell,PU,N/A,8,10-6p1,78,True,180,16
Sligo Racing Results | 10th June 2025 19:58,N/A,19:58,Good (Good To Yielding In Places),2m 4f 162y,Lucky Junior (IRE),T P Harney,5,R O'Sullivan,PU,N/A,5,11-4h,90,True,180,16
Sligo Racing Results | 10th June 2025 19:58,N/A,19:58,Good (Good To Yielding In Places),2m 4f 162y,She'll Be Kept (IRE),Anna McGuinness,7,C Collins,PU,N/A,5,11-12t,98,True,180,16
Sligo Racing Results | 10th June 2025 19:58,N/A,19:58,Good (Good To Yielding In Places),2m 4f 162y,Craic Eile (IRE),G Brouder,3,D Budds,13th,19 l,8,11-2t,88,True,180,16
Sligo Racing Results | 10th June 2025 19:58,N/A,19:58,Good (Good To Yielding In Places),2m 4f 162y,Chapter Thirty (IRE),C M Hogan,7,E McCarthy,12th,5 l,5,10-11,83,True,180,16
Sligo Racing Results | 10th June 2025 19:58,N/A,19:58,Good (Good To Yielding In Places),2m 4f 162y,Brianna Lily (IRE),K Callaghan,5,J Barcoe,11th,2 3/4 l,8,11-11,97,True,180,16
Sligo Racing Results | 10th June 2025 19:58,N/A,19:58,Good (Good To Yielding In Places),2m 4f 162y,Cullagh Pride (IRE),B W Harvey,0,S Fahey,10th,15 l,7,11-6,92,True,180,16
Sligo Racing Results | 10th June 2025 19:58,N/A,19:58,Good (Good To Yielding In Places),2m 4f 162y,Vroomvroomboo (IRE),Cian Cullinan,7,James Andrew Fahey,9th,8 l,7,11-11t,97,True,180,16
Sligo Racing Results | 10th June 2025 19:58,N/A,19:58,Good (Good To Yielding In Places),2m 4f 162y,Chef's Kiss (IRE),L A McKenna,5,P J Rothwell,8th,1 1/4 l,5,11-11,97,True,180,16
Sligo Racing Results | 10th June 2025 19:58,N/A,19:58,Good (Good To Yielding In Places),2m 4f 162y,Bal Kauto (FR),K C Sexton,0,D Queally,7th,2 1/2 l,8,11-5ht,91,True,180,16
Sligo Racing Results | 10th June 2025 19:58,N/A,19:58,Good (Good To Yielding In Places),2m 4f 162y,Firstupbestdressed (IRE),K E Buckley,0,Conor Maxwell,6th,2 3/4 l,5,11-2,88,True,180,16
Sligo Racing Results | 10th June 2025 19:58,N/A,19:58,Good (Good To Yielding In Places),2m 4f 162y,Seventy Eight Team (IRE),R P Geoghegan,7,P J Gilligan,5th,3 1/4 l,7,11-0,86,True,180,16
Sligo Racing Results | 10th June 2025 19:58,N/A,19:58,Good (Good To Yielding In Places),2m 4f 162y,Loughrask Rainbow (IRE),J Smith,5,B McMahon,4th,1/2 l,7,10-12,84,True,180,16
Sligo Racing Results | 10th June 2025 19:58,N/A,19:58,Good (Good To Yielding In Places),2m 4f 162y,Cois Fharraige (IRE),A Balfe,7,G P Cromwell,3rd,3/4 l,5,10-11,83,True,180,16
Sligo Racing Results | 10th June 2025 19:58,N/A,19:58,Good (Good To Yielding In Places),2m 4f 162y,Love Like This (IRE),J Aherne,7,J P Ryan,2nd,1/2 l,7,11-6,92,True,180,16
Sligo Racing Results | 10th June 2025 19:58,N/A,19:58,Good (Good To Yielding In Places),2m 4f 162y,Ladiam (IRE),G B Noonan,5,N Lee,1st,N/A,8,11-6t,92,True,180,16
Sligo Racing Results | 10th June 2025 20:28,N/A,20:28,Good (Good To Yielding In Places) ace (Turf),2m 2f 96y,Goodgollymissholly (IRE),Mr O T Gilligan,7,P J Gilligan,PU,N/A,4,11-6,-,True,180,17
Sligo Racing Results | 10th June 2025 20:28,N/A,20:28,Good (Good To Yielding In Places) ace (Turf),2m 2f 96y,Miss Blanco (IRE),Mr P A King,5,T J Nagle-Jr,14th,13 l,5,11-11,-,True,180,17
Sligo Racing Results | 10th June 2025 20:28,N/A,20:28,Good (Good To Yielding In Places) ace (Turf),2m 2f 96y,Belle Coko (IRE),Mr J R Martin,7,G B Caldwell,13th,3 1/2 l,4,11-6,-,True,180,17
Sligo Racing Results | 10th June 2025 20:28,N/A,20:28,Good (Good To Yielding In Places) ace (Turf),2m 2f 96y,Nella Fantasia,Mr D Doyle,7,D Budds,12th,36 l,5,11-11ht,-,True,180,17
Sligo Racing Results | 10th June 2025 20:28,N/A,20:28,Good (Good To Yielding In Places) ace (Turf),2m 2f 96y,Sugar In My Tea (IRE),P Hanlon,7,J J Hanlon,11th,1 l,4,11-6,-,True,180,17
Sligo Racing Results | 10th June 2025 20:28,N/A,20:28,Good (Good To Yielding In Places) ace (Turf),2m 2f 96y,Irish Music (FR),Mr J L Gleeson,0,J P Dempsey,10th,9 1/2 l,5,11-11,-,True,180,17
Sligo Racing Results | 10th June 2025 20:28,N/A,20:28,Good (Good To Yielding In Places) ace (Turf),2m 2f 96y,Hey Babbs (IRE),P M O'Brien,7,D A McLoughlin,9th,8 l,5,11-11,-,True,180,17
Sligo Racing Results | 10th June 2025 20:28,N/A,20:28,Good (Good To Yielding In Places) ace (Turf),2m 2f 96y,Cailin Deas (IRE),Mr R W Barron,5,James Andrew Fahey,8th,2 1/4 l,7,11-11t,-,True,180,17
Sligo Racing Results | 10th June 2025 20:28,N/A,20:28,Good (Good To Yielding In Places) ace (Turf),2m 2f 96y,Wild Mandate (IRE),Mr C Hayden,7,M M McNiff,7th,Short Head,6,11-11,-,True,180,17
Sligo Racing Results | 10th June 2025 20:28,N/A,20:28,Good (Good To Yielding In Places) ace (Turf),2m 2f 96y,Circus Hill (IRE),A M King,7,M M McNiff,6th,5 l,4,11-6,-,True,180,17
Sligo Racing Results | 10th June 2025 20:28,N/A,20:28,Good (Good To Yielding In Places) ace (Turf),2m 2f 96y,Sing My Story (IRE),Mr B Aherne,7,E F Gallagher,5th,1 3/4 l,6,11-11t,-,True,180,17
Sligo Racing Results | 10th June 2025 20:28,N/A,20:28,Good (Good To Yielding In Places) ace (Turf),2m 2f 96y,Lily Milan (IRE),Mr D Kiely,7,P Kiely,4th,1 1/2 l,6,11-11,-,True,180,17
Sligo Racing Results | 10th June 2025 20:28,N/A,20:28,Good (Good To Yielding In Places) ace (Turf),2m 2f 96y,Mercurial Sea (IRE),Mr J M Halford,7,N Slevin,3rd,1/2 l,4,11-6,-,True,180,17
Sligo Racing Results | 10th June 2025 20:28,N/A,20:28,Good (Good To Yielding In Places) ace (Turf),2m 2f 96y,Soldierstown (IRE),Mr D McGill,7,Peter Buchanan,2nd,4 1/4 l,6,11-11,-,True,180,17
Sligo Racing Results | 10th June 2025 20:28,N/A,20:28,Good (Good To Yielding In Places) ace (Turf),2m 2f 96y,Al Arrivee (FR),Mr P W Mullins,0,W P Mullins,1st,N/A,5,11-11,-,True,180,17
Sligo Racing Results | 10th June 2025 20:28,N/A,20:28,Good (Good To Yielding In Places) ace (Turf),2m 2f 96y,Goodgollymissholly (IRE),Mr O T Gilligan,7,P J Gilligan,PU,N/A,4,11-6,-,True,180,17
Sligo Racing Results | 10th June 2025 20:28,N/A,20:28,Good (Good To Yielding In Places) ace (Turf),2m 2f 96y,Miss Blanco (IRE),Mr P A King,5,T J Nagle-Jr,14th,13 l,5,11-11,-,True,180,17
Sligo Racing Results | 10th June 2025 20:28,N/A,20:28,Good (Good To Yielding In Places) ace (Turf),2m 2f 96y,Belle Coko (IRE),Mr J R Martin,7,G B Caldwell,13th,3 1/2 l,4,11-6,-,True,180,17
Sligo Racing Results | 10th June 2025 20:28,N/A,20:28,Good (Good To Yielding In Places) ace (Turf),2m 2f 96y,Nella Fantasia,Mr D Doyle,7,D Budds,12th,36 l,5,11-11ht,-,True,180,17
Sligo Racing Results | 10th June 2025 20:28,N/A,20:28,Good (Good To Yielding In Places) ace (Turf),2m 2f 96y,Sugar In My Tea (IRE),P Hanlon,7,J J Hanlon,11th,1 l,4,11-6,-,True,180,17
Sligo Racing Results | 10th June 2025 20:28,N/A,20:28,Good (Good To Yielding In Places) ace (Turf),2m 2f 96y,Irish Music (FR),Mr J L Gleeson,0,J P Dempsey,10th,9 1/2 l,5,11-11,-,True,180,17
Sligo Racing Results | 10th June 2025 20:28,N/A,20:28,Good (Good To Yielding In Places) ace (Turf),2m 2f 96y,Hey Babbs (IRE),P M O'Brien,7,D A McLoughlin,9th,8 l,5,11-11,-,True,180,17
Sligo Racing Results | 10th June 2025 20:28,N/A,20:28,Good (Good To Yielding In Places) ace (Turf),2m 2f 96y,Cailin Deas (IRE),Mr R W Barron,5,James Andrew Fahey,8th,2 1/4 l,7,11-11t,-,True,180,17
Sligo Racing Results | 10th June 2025 20:28,N/A,20:28,Good (Good To Yielding In Places) ace (Turf),2m 2f 96y,Wild Mandate (IRE),Mr C Hayden,7,M M McNiff,7th,Short Head,6,11-11,-,True,180,17
Sligo Racing Results | 10th June 2025 20:28,N/A,20:28,Good (Good To Yielding In Places) ace (Turf),2m 2f 96y,Circus Hill (IRE),A M King,7,M M McNiff,6th,5 l,4,11-6,-,True,180,17
Sligo Racing Results | 10th June 2025 20:28,N/A,20:28,Good (Good To Yielding In Places) ace (Turf),2m 2f 96y,Sing My Story (IRE),Mr B Aherne,7,E F Gallagher,5th,1 3/4 l,6,11-11t,-,True,180,17
Sligo Racing Results | 10th June 2025 20:28,N/A,20:28,Good (Good To Yielding In Places) ace (Turf),2m 2f 96y,Lily Milan (IRE),Mr D Kiely,7,P Kiely,4th,1 1/2 l,6,11-11,-,True,180,17
Sligo Racing Results | 10th June 2025 20:28,N/A,20:28,Good (Good To Yielding In Places) ace (Turf),2m 2f 96y,Mercurial Sea (IRE),Mr J M Halford,7,N Slevin,3rd,1/2 l,4,11-6,-,True,180,17
Sligo Racing Results | 10th June 2025 20:28,N/A,20:28,Good (Good To Yielding In Places) ace (Turf),2m 2f 96y,Soldierstown (IRE),Mr D McGill,7,Peter Buchanan,2nd,4 1/4 l,6,11-11,-,True,180,17
Sligo Racing Results | 10th June 2025 20:28,N/A,20:28,Good (Good To Yielding In Places) ace (Turf),2m 2f 96y,Al Arrivee (FR),Mr P W Mullins,0,W P Mullins,1st,N/A,5,11-11,-,True,180,17
Limerick Racing Results | 11th June 2025 16:50,N/A,16:50,Good,1m 3f 110y,Viceregent,S Coen,7,H D McGuigan,12th,4 3/4 l,8,9-8,63,True,180,18
Limerick Racing Results | 11th June 2025 16:50,N/A,16:50,Good,1m 3f 110y,Buckle And Bolts (IRE),R C Colgan,0,S Lavery,11th,6 l,4,10-2,65,True,180,18
Limerick Racing Results | 11th June 2025 16:50,N/A,16:50,Good,1m 3f 110y,Khormor Syd (IRE),W J Lee,0,G Scott,10th,Neck,4,10-2,63,True,180,18
Limerick Racing Results | 11th June 2025 16:50,N/A,16:50,Good,1m 3f 110y,La Tulipe Noire (IRE),Jessica O'Gorman,7,Aengus King,9th,1 1/2 l,5,9-3,49,True,180,18
Limerick Racing Results | 11th June 2025 16:50,N/A,16:50,Good,1m 3f 110y,Silkies Sib (IRE),R P Whelan,0,T Doyle,8th,Nose,5,9-8h,62,True,180,18
Limerick Racing Results | 11th June 2025 16:50,N/A,16:50,Good,1m 3f 110y,Magnetic North (IRE),S Foley,0,Peter Fahey,7th,Head,10,10-2b,54,True,180,18
Limerick Racing Results | 11th June 2025 16:50,N/A,16:50,Good,1m 3f 110y,War Correspondent (IRE),D McMonagle,0,R P Cody,6th,1/2 l,6,9-13tp,84,True,180,18
Limerick Racing Results | 11th June 2025 16:50,N/A,16:50,Good,1m 3f 110y,Highland King (IRE),C D Hayes,0,J C McConnell,5th,2 l,6,9-3p,50,True,180,18
Limerick Racing Results | 11th June 2025 16:50,N/A,16:50,Good,1m 3f 110y,Migdam (FR),Adam Caffrey,0,A McGuinness,4th,1/2 l,6,9-10v,68,True,180,18
Limerick Racing Results | 11th June 2025 16:50,N/A,16:50,Good,1m 3f 110y,Lohengrin,C T Keane,0,E O'Connell,3rd,1/2 l,5,9-5tp1,57,True,180,18
Limerick Racing Results | 11th June 2025 16:50,N/A,16:50,Good,1m 3f 110y,Gracesolution (IRE),S R Markey,10,R O'Sullivan,2nd,2 l,8,9-8,68,True,180,18
Limerick Racing Results | 11th June 2025 16:50,N/A,16:50,Good,1m 3f 110y,Solomon,D J O'Connor,10,D Hogan,1st,N/A,4,9-13p,78,True,180,18
Limerick Racing Results | 11th June 2025 16:50,N/A,16:50,Good,1m 3f 110y,Viceregent,S Coen,7,H D McGuigan,12th,4 3/4 l,8,9-8,63,True,180,18
Limerick Racing Results | 11th June 2025 16:50,N/A,16:50,Good,1m 3f 110y,Buckle And Bolts (IRE),R C Colgan,0,S Lavery,11th,6 l,4,10-2,65,True,180,18
Limerick Racing Results | 11th June 2025 16:50,N/A,16:50,Good,1m 3f 110y,Khormor Syd (IRE),W J Lee,0,G Scott,10th,Neck,4,10-2,63,True,180,18
Limerick Racing Results | 11th June 2025 16:50,N/A,16:50,Good,1m 3f 110y,La Tulipe Noire (IRE),Jessica O'Gorman,7,Aengus King,9th,1 1/2 l,5,9-3,49,True,180,18
Limerick Racing Results | 11th June 2025 16:50,N/A,16:50,Good,1m 3f 110y,Silkies Sib (IRE),R P Whelan,0,T Doyle,8th,Nose,5,9-8h,62,True,180,18
Limerick Racing Results | 11th June 2025 16:50,N/A,16:50,Good,1m 3f 110y,Magnetic North (IRE),S Foley,0,Peter Fahey,7th,Head,10,10-2b,54,True,180,18
Limerick Racing Results | 11th June 2025 16:50,N/A,16:50,Good,1m 3f 110y,War Correspondent (IRE),D McMonagle,0,R P Cody,6th,1/2 l,6,9-13tp,84,True,180,18
Limerick Racing Results | 11th June 2025 16:50,N/A,16:50,Good,1m 3f 110y,Highland King (IRE),C D Hayes,0,J C McConnell,5th,2 l,6,9-3p,50,True,180,18
Limerick Racing Results | 11th June 2025 16:50,N/A,16:50,Good,1m 3f 110y,Migdam (FR),Adam Caffrey,0,A McGuinness,4th,1/2 l,6,9-10v,68,True,180,18
Limerick Racing Results | 11th June 2025 16:50,N/A,16:50,Good,1m 3f 110y,Lohengrin,C T Keane,0,E O'Connell,3rd,1/2 l,5,9-5tp1,57,True,180,18
Limerick Racing Results | 11th June 2025 16:50,N/A,16:50,Good,1m 3f 110y,Gracesolution (IRE),S R Markey,10,R O'Sullivan,2nd,2 l,8,9-8,68,True,180,18
Limerick Racing Results | 11th June 2025 16:50,N/A,16:50,Good,1m 3f 110y,Solomon,D J O'Connor,10,D Hogan,1st,N/A,4,9-13p,78,True,180,18
Limerick Racing Results | 11th June 2025 17:20,N/A,17:20,Good,1m 3f 110y,Kodi's Angel (IRE),W Joyce,3,M Mulvany,14th,1 1/4 l,3,9-5,62,True,180,19
Limerick Racing Results | 11th June 2025 17:20,N/A,17:20,Good,1m 3f 110y,Galaxy Wonder (IRE),L F Roche,0,A McNamara,13th,5 1/2 l,3,9-6,63,True,180,19
Limerick Racing Results | 11th June 2025 17:20,N/A,17:20,Good,1m 3f 110y,Invigorated (IRE),N M Crosse,0,Mrs J Harrington,12th,1 3/4 l,3,9-4,61,True,180,19
Limerick Racing Results | 11th June 2025 17:20,N/A,17:20,Good,1m 3f 110y,Quare Fast (IRE),M W Hassett,5,K Purcell,11th,3/4 l,3,8-7,45,True,180,19
Limerick Racing Results | 11th June 2025 17:20,N/A,17:20,Good,1m 3f 110y,Ranting And Raven (IRE),C Geerdharry,7,J P Murtagh,10th,1 l,3,9-5b,62,True,180,19
Limerick Racing Results | 11th June 2025 17:20,N/A,17:20,Good,1m 3f 110y,Flying Fortress,G F Carroll,0,G P Cromwell,9th,Neck,3,10-3,74,True,180,19
Limerick Racing Results | 11th June 2025 17:20,N/A,17:20,Good,1m 3f 110y,Magnolia Drive (IRE),D P McDonogh,0,J P O'Brien,8th,Head,3,9-1,58,True,180,19
Limerick Racing Results | 11th June 2025 17:20,N/A,17:20,Good,1m 3f 110y,Edergole's Angel (IRE),W J Lee,0,W McCreery,7th,Nose,3,9-9,66,True,180,19
Limerick Racing Results | 11th June 2025 17:20,N/A,17:20,Good,1m 3f 110y,Faire La Nouba (IRE),R P Whelan,0,John F O'Neill,6th,3/4 l,3,9-11,68,True,180,19
Limerick Racing Results | 11th June 2025 17:20,N/A,17:20,Good,1m 3f 110y,Sottsands (IRE),Adam Caffrey,0,A McGuinness,5th,1/2 l,3,9-5v,62,True,180,19
Limerick Racing Results | 11th June 2025 17:20,N/A,17:20,Good,1m 3f 110y,Jr Mahon (IRE),S Foley,0,Mrs J Harrington,3rd,Short Head,3,9-13p,70,True,180,19
Limerick Racing Results | 11th June 2025 17:20,N/A,17:20,Good,1m 3f 110y,Bear Creek,D McMonagle,0,J P O'Brien,3rd,Dead Heat,3,9-4p1,61,True,180,19
Limerick Racing Results | 11th June 2025 17:20,N/A,17:20,Good,1m 3f 110y,Bridezilla (IRE),A J Slattery,0,A Slattery,2nd,Neck,3,9-7,64,True,180,19
Limerick Racing Results | 11th June 2025 17:20,N/A,17:20,Good,1m 3f 110y,Enziya (IRE),C T Keane,0,R P Cody,1st,N/A,3,9-5tp,62,True,180,19
Limerick Racing Results | 11th June 2025 17:20,N/A,17:20,Good,1m 3f 110y,Kodi's Angel (IRE),W Joyce,3,M Mulvany,14th,1 1/4 l,3,9-5,62,True,180,19
Limerick Racing Results | 11th June 2025 17:20,N/A,17:20,Good,1m 3f 110y,Galaxy Wonder (IRE),L F Roche,0,A McNamara,13th,5 1/2 l,3,9-6,63,True,180,19
Limerick Racing Results | 11th June 2025 17:20,N/A,17:20,Good,1m 3f 110y,Invigorated (IRE),N M Crosse,0,Mrs J Harrington,12th,1 3/4 l,3,9-4,61,True,180,19
Limerick Racing Results | 11th June 2025 17:20,N/A,17:20,Good,1m 3f 110y,Quare Fast (IRE),M W Hassett,5,K Purcell,11th,3/4 l,3,8-7,45,True,180,19
Limerick Racing Results | 11th June 2025 17:20,N/A,17:20,Good,1m 3f 110y,Ranting And Raven (IRE),C Geerdharry,7,J P Murtagh,10th,1 l,3,9-5b,62,True,180,19
Limerick Racing Results | 11th June 2025 17:20,N/A,17:20,Good,1m 3f 110y,Flying Fortress,G F Carroll,0,G P Cromwell,9th,Neck,3,10-3,74,True,180,19
Limerick Racing Results | 11th June 2025 17:20,N/A,17:20,Good,1m 3f 110y,Magnolia Drive (IRE),D P McDonogh,0,J P O'Brien,8th,Head,3,9-1,58,True,180,19
Limerick Racing Results | 11th June 2025 17:20,N/A,17:20,Good,1m 3f 110y,Edergole's Angel (IRE),W J Lee,0,W McCreery,7th,Nose,3,9-9,66,True,180,19
Limerick Racing Results | 11th June 2025 17:20,N/A,17:20,Good,1m 3f 110y,Faire La Nouba (IRE),R P Whelan,0,John F O'Neill,6th,3/4 l,3,9-11,68,True,180,19
Limerick Racing Results | 11th June 2025 17:20,N/A,17:20,Good,1m 3f 110y,Sottsands (IRE),Adam Caffrey,0,A McGuinness,5th,1/2 l,3,9-5v,62,True,180,19
Limerick Racing Results | 11th June 2025 17:20,N/A,17:20,Good,1m 3f 110y,Jr Mahon (IRE),S Foley,0,Mrs J Harrington,3rd,Short Head,3,9-13p,70,True,180,19
Limerick Racing Results | 11th June 2025 17:20,N/A,17:20,Good,1m 3f 110y,Bear Creek,D McMonagle,0,J P O'Brien,3rd,Dead Heat,3,9-4p1,61,True,180,19
Limerick Racing Results | 11th June 2025 17:20,N/A,17:20,Good,1m 3f 110y,Bridezilla (IRE),A J Slattery,0,A Slattery,2nd,Neck,3,9-7,64,True,180,19
Limerick Racing Results | 11th June 2025 17:20,N/A,17:20,Good,1m 3f 110y,Enziya (IRE),C T Keane,0,R P Cody,1st,N/A,3,9-5tp,62,True,180,19
Limerick Racing Results | 11th June 2025 17:50,N/A,17:50,Good,1m,Sara Verdier (IRE),J A Powell,3,M O'Callaghan,16th,14 l,3,9-3,-,True,180,20
Limerick Racing Results | 11th June 2025 17:50,N/A,17:50,Good,1m,Harry's Magic (IRE),J Kearney,3,J A Kinsella,15th,1 l,3,9-8,-,True,180,20
Limerick Racing Results | 11th June 2025 17:50,N/A,17:50,Good,1m,Cowzer Soze (IRE),Amy Jo Hayes,5,A Slattery,14th,1 l,3,9-8,-,True,180,20
Limerick Racing Results | 11th June 2025 17:50,N/A,17:50,Good,1m,Leopold The First (IRE),R C Colgan,0,A Lee,13th,2 1/4 l,3,9-8,-,True,180,20
Limerick Racing Results | 11th June 2025 17:50,N/A,17:50,Good,1m,Lady Luck (IRE),L F Roche,0,R Sweeney,12th,3 1/2 l,3,9-3t1,-,True,180,20
Limerick Racing Results | 11th June 2025 17:50,N/A,17:50,Good,1m,Copper Craft (IRE),C D Hayes,0,A Oliver,11th,1/2 l,3,9-8,-,True,180,20
Limerick Racing Results | 11th June 2025 17:50,N/A,17:50,Good,1m,Pete's Dream (IRE),A J Slattery,0,A Slattery,10th,Head,3,9-8,-,True,180,20
Limerick Racing Results | 11th June 2025 17:50,N/A,17:50,Good,1m,Woodshaw (IRE),D P McDonogh,0,J P O'Brien,9th,Short Head,3,9-8,-,True,180,20
Limerick Racing Results | 11th June 2025 17:50,N/A,17:50,Good,1m,Lahore Da King (IRE),L T McAteer,0,A Mullins,8th,1 1/4 l,3,9-8,-,True,180,20
Limerick Racing Results | 11th June 2025 17:50,N/A,17:50,Good,1m,Tero D'rosa (IRE),D W O'Connor,0,R O'Sullivan,7th,Head,3,9-8,-,True,180,20
Limerick Racing Results | 11th June 2025 17:50,N/A,17:50,Good,1m,Kevin The Great (IRE),S Foley,0,Mrs J Harrington,6th,3 3/4 l,3,9-8,-,True,180,20
Limerick Racing Results | 11th June 2025 17:50,N/A,17:50,Good,1m,Little Miss P (IRE),N M Crosse,0,W McCreery,5th,1 3/4 l,3,9-3,-,True,180,20
Limerick Racing Results | 11th June 2025 17:50,N/A,17:50,Good,1m,Naples (IRE),W J Lee,0,P Twomey,4th,2 1/4 l,3,9-8,-,True,180,20
Limerick Racing Results | 11th June 2025 17:50,N/A,17:50,Good,1m,Daler (IRE),C T Keane,0,G M Lyons,3rd,3 l,3,9-8t1,79,True,180,20
Limerick Racing Results | 11th June 2025 17:50,N/A,17:50,Good,1m,Hellorhighwater,G F Carroll,0,G P Cromwell,2nd,1 1/4 l,3,9-8,-,True,180,20
Limerick Racing Results | 11th June 2025 17:50,N/A,17:50,Good,1m,Valorous Power (GER),D McMonagle,0,J P O'Brien,1st,N/A,3,9-8,-,True,180,20
Limerick Racing Results | 11th June 2025 17:50,N/A,17:50,Good,1m,Sara Verdier (IRE),J A Powell,3,M O'Callaghan,16th,14 l,3,9-3,-,True,180,20
Limerick Racing Results | 11th June 2025 17:50,N/A,17:50,Good,1m,Harry's Magic (IRE),J Kearney,3,J A Kinsella,15th,1 l,3,9-8,-,True,180,20
Limerick Racing Results | 11th June 2025 17:50,N/A,17:50,Good,1m,Cowzer Soze (IRE),Amy Jo Hayes,5,A Slattery,14th,1 l,3,9-8,-,True,180,20
Limerick Racing Results | 11th June 2025 17:50,N/A,17:50,Good,1m,Leopold The First (IRE),R C Colgan,0,A Lee,13th,2 1/4 l,3,9-8,-,True,180,20
Limerick Racing Results | 11th June 2025 17:50,N/A,17:50,Good,1m,Lady Luck (IRE),L F Roche,0,R Sweeney,12th,3 1/2 l,3,9-3t1,-,True,180,20
Limerick Racing Results | 11th June 2025 17:50,N/A,17:50,Good,1m,Copper Craft (IRE),C D Hayes,0,A Oliver,11th,1/2 l,3,9-8,-,True,180,20
Limerick Racing Results | 11th June 2025 17:50,N/A,17:50,Good,1m,Pete's Dream (IRE),A J Slattery,0,A Slattery,10th,Head,3,9-8,-,True,180,20
Limerick Racing Results | 11th June 2025 17:50,N/A,17:50,Good,1m,Woodshaw (IRE),D P McDonogh,0,J P O'Brien,9th,Short Head,3,9-8,-,True,180,20
Limerick Racing Results | 11th June 2025 17:50,N/A,17:50,Good,1m,Lahore Da King (IRE),L T McAteer,0,A Mullins,8th,1 1/4 l,3,9-8,-,True,180,20
Limerick Racing Results | 11th June 2025 17:50,N/A,17:50,Good,1m,Tero D'rosa (IRE),D W O'Connor,0,R O'Sullivan,7th,Head,3,9-8,-,True,180,20
Limerick Racing Results | 11th June 2025 17:50,N/A,17:50,Good,1m,Kevin The Great (IRE),S Foley,0,Mrs J Harrington,6th,3 3/4 l,3,9-8,-,True,180,20
Limerick Racing Results | 11th June 2025 17:50,N/A,17:50,Good,1m,Little Miss P (IRE),N M Crosse,0,W McCreery,5th,1 3/4 l,3,9-3,-,True,180,20
Limerick Racing Results | 11th June 2025 17:50,N/A,17:50,Good,1m,Naples (IRE),W J Lee,0,P Twomey,4th,2 1/4 l,3,9-8,-,True,180,20
Limerick Racing Results | 11th June 2025 17:50,N/A,17:50,Good,1m,Daler (IRE),C T Keane,0,G M Lyons,3rd,3 l,3,9-8t1,79,True,180,20
Limerick Racing Results | 11th June 2025 17:50,N/A,17:50,Good,1m,Hellorhighwater,G F Carroll,0,G P Cromwell,2nd,1 1/4 l,3,9-8,-,True,180,20
Limerick Racing Results | 11th June 2025 17:50,N/A,17:50,Good,1m,Valorous Power (GER),D McMonagle,0,J P O'Brien,1st,N/A,3,9-8,-,True,180,20
Limerick Racing Results | 11th June 2025 18:20,N/A,18:20,Good,1m,Nocturnal (IRE),W M Lordan,0,N Lupini,7th,1/2 l,4,9-9,81,True,180,21
Limerick Racing Results | 11th June 2025 18:20,N/A,18:20,Good,1m,Sylkie,R P Cleary,0,D Howard,6th,1 1/4 l,4,9-1p,73,True,180,21
Limerick Racing Results | 11th June 2025 18:20,N/A,18:20,Good,1m,Anvika (IRE),R C Colgan,0,S Lavery,5th,1/2 l,4,9-7,79,True,180,21
Limerick Racing Results | 11th June 2025 18:20,N/A,18:20,Good,1m,Bellaphina (IRE),J J G Ryan,3,J A Kinsella,4th,3/4 l,5,9-13t,85,True,180,21
Limerick Racing Results | 11th June 2025 18:20,N/A,18:20,Good,1m,Perfect Judgement (IRE),J Kearney,3,Stephen Thorne,3rd,1/2 l,4,10-0b,86,True,180,21
Limerick Racing Results | 11th June 2025 18:20,N/A,18:20,Good,1m,Expound,J M Sheridan,0,D Hogan,2nd,Neck,6,9-7tp,79,True,180,21
Limerick Racing Results | 11th June 2025 18:20,N/A,18:20,Good,1m,Facethepuckout (IRE),C T Keane,0,M O'Callaghan,1st,N/A,9,9-6,78,True,180,21
Limerick Racing Results | 11th June 2025 18:20,N/A,18:20,Good,1m,Nocturnal (IRE),W M Lordan,0,N Lupini,7th,1/2 l,4,9-9,81,True,180,21
Limerick Racing Results | 11th June 2025 18:20,N/A,18:20,Good,1m,Sylkie,R P Cleary,0,D Howard,6th,1 1/4 l,4,9-1p,73,True,180,21
Limerick Racing Results | 11th June 2025 18:20,N/A,18:20,Good,1m,Anvika (IRE),R C Colgan,0,S Lavery,5th,1/2 l,4,9-7,79,True,180,21
Limerick Racing Results | 11th June 2025 18:20,N/A,18:20,Good,1m,Bellaphina (IRE),J J G Ryan,3,J A Kinsella,4th,3/4 l,5,9-13t,85,True,180,21
Limerick Racing Results | 11th June 2025 18:20,N/A,18:20,Good,1m,Perfect Judgement (IRE),J Kearney,3,Stephen Thorne,3rd,1/2 l,4,10-0b,86,True,180,21
Limerick Racing Results | 11th June 2025 18:20,N/A,18:20,Good,1m,Expound,J M Sheridan,0,D Hogan,2nd,Neck,6,9-7tp,79,True,180,21
Limerick Racing Results | 11th June 2025 18:20,N/A,18:20,Good,1m,Facethepuckout (IRE),C T Keane,0,M O'Callaghan,1st,N/A,9,9-6,78,True,180,21
Limerick Racing Results | 11th June 2025 18:50,N/A,18:50,Good,1m,Timeonourside (IRE),G M Ryan,0,Leonard Flynn,13th,17 l,4,9-6b1,61,True,180,22
Limerick Racing Results | 11th June 2025 18:50,N/A,18:50,Good,1m,Morning Approach (IRE),N M Crosse,0,W McCreery,12th,Neck,7,9-8,63,True,180,22
Limerick Racing Results | 11th June 2025 18:50,N/A,18:50,Good,1m,Church Mountain (IRE),J M Sheridan,0,D Hogan,11th,Neck,7,9-12tp,67,True,180,22
Limerick Racing Results | 11th June 2025 18:50,N/A,18:50,Good,1m,Mythical Rock (IRE),L T McAteer,0,P J F Murphy,10th,1/2 l,4,10-0,69,True,180,22
Limerick Racing Results | 11th June 2025 18:50,N/A,18:50,Good,1m,Glen Princess (IRE),A Browne-Souza,10,S Millar,9th,1/2 l,4,9-13,68,True,180,22
Limerick Racing Results | 11th June 2025 18:50,N/A,18:50,Good,1m,Brewel Hill (IRE),G Brouder,5,P McCreery,8th,Neck,9,10-0t,69,True,180,22
Limerick Racing Results | 11th June 2025 18:50,N/A,18:50,Good,1m,Kinda Tiny (IRE),R P Whelan,0,T Doyle,7th,1 3/4 l,5,9-8,63,True,180,22
Limerick Racing Results | 11th June 2025 18:50,N/A,18:50,Good,1m,Tofino (IRE),R Whearty,3,G P Cromwell,6th,3/4 l,3,8-12,64,True,180,22
Limerick Racing Results | 11th June 2025 18:50,N/A,18:50,Good,1m,Notforalongtime,R M Mulligan,7,Laura Hourigan,5th,3 1/4 l,8,9-7b,62,True,180,22
Limerick Racing Results | 11th June 2025 18:50,N/A,18:50,Good,1m,Dragon Of Malta (IRE),C T Keane,0,P F O'Donnell,4th,3 l,8,9-12tb,67,True,180,22
Limerick Racing Results | 11th June 2025 18:50,N/A,18:50,Good,1m,Harry The Rogue (IRE),S Coen,7,A Slattery,3rd,Short Head,4,9-12,67,True,180,22
Limerick Racing Results | 11th June 2025 18:50,N/A,18:50,Good,1m,Heliogabalus (IRE),S Foley,0,S Byrne,2nd,2 1/4 l,4,9-8p,63,True,180,22
Limerick Racing Results | 11th June 2025 18:50,N/A,18:50,Good,1m,Martinelli (IRE),D McMonagle,0,K P Cotter,1st,N/A,4,9-8,63,True,180,22
Limerick Racing Results | 11th June 2025 18:50,N/A,18:50,Good,1m,Timeonourside (IRE),G M Ryan,0,Leonard Flynn,13th,17 l,4,9-6b1,61,True,180,22
Limerick Racing Results | 11th June 2025 18:50,N/A,18:50,Good,1m,Morning Approach (IRE),N M Crosse,0,W McCreery,12th,Neck,7,9-8,63,True,180,22
Limerick Racing Results | 11th June 2025 18:50,N/A,18:50,Good,1m,Church Mountain (IRE),J M Sheridan,0,D Hogan,11th,Neck,7,9-12tp,67,True,180,22
Limerick Racing Results | 11th June 2025 18:50,N/A,18:50,Good,1m,Mythical Rock (IRE),L T McAteer,0,P J F Murphy,10th,1/2 l,4,10-0,69,True,180,22
Limerick Racing Results | 11th June 2025 18:50,N/A,18:50,Good,1m,Glen Princess (IRE),A Browne-Souza,10,S Millar,9th,1/2 l,4,9-13,68,True,180,22
Limerick Racing Results | 11th June 2025 18:50,N/A,18:50,Good,1m,Brewel Hill (IRE),G Brouder,5,P McCreery,8th,Neck,9,10-0t,69,True,180,22
Limerick Racing Results | 11th June 2025 18:50,N/A,18:50,Good,1m,Kinda Tiny (IRE),R P Whelan,0,T Doyle,7th,1 3/4 l,5,9-8,63,True,180,22
Limerick Racing Results | 11th June 2025 18:50,N/A,18:50,Good,1m,Tofino (IRE),R Whearty,3,G P Cromwell,6th,3/4 l,3,8-12,64,True,180,22
Limerick Racing Results | 11th June 2025 18:50,N/A,18:50,Good,1m,Notforalongtime,R M Mulligan,7,Laura Hourigan,5th,3 1/4 l,8,9-7b,62,True,180,22
Limerick Racing Results | 11th June 2025 18:50,N/A,18:50,Good,1m,Dragon Of Malta (IRE),C T Keane,0,P F O'Donnell,4th,3 l,8,9-12tb,67,True,180,22
Limerick Racing Results | 11th June 2025 18:50,N/A,18:50,Good,1m,Harry The Rogue (IRE),S Coen,7,A Slattery,3rd,Short Head,4,9-12,67,True,180,22
Limerick Racing Results | 11th June 2025 18:50,N/A,18:50,Good,1m,Heliogabalus (IRE),S Foley,0,S Byrne,2nd,2 1/4 l,4,9-8p,63,True,180,22
Limerick Racing Results | 11th June 2025 18:50,N/A,18:50,Good,1m,Martinelli (IRE),D McMonagle,0,K P Cotter,1st,N/A,4,9-8,63,True,180,22
Limerick Racing Results | 11th June 2025 19:20,N/A,19:20,Good,7f,Layoftheland (IRE),S P Davis,0,Sean Davis,14th,4 3/4 l,4,9-1t,45,True,180,23
Limerick Racing Results | 11th June 2025 19:20,N/A,19:20,Good,7f,Still Rolling (IRE),M W Hassett,5,P J F Murphy,13th,3 l,4,9-7,51,True,180,23
Limerick Racing Results | 11th June 2025 19:20,N/A,19:20,Good,7f,Lakota Lady (IRE),C D Hayes,0,M J Browne,12th,1 1/4 l,5,9-0t,44,True,180,23
Limerick Racing Results | 11th June 2025 19:20,N/A,19:20,Good,7f,Katie Ross (IRE),G F Carroll,0,G P Cromwell,11th,Neck,3,9-0ht1,54,True,180,23
Limerick Racing Results | 11th June 2025 19:20,N/A,19:20,Good,7f,Akeela,D McMonagle,0,Ian Donoghue,10th,1/2 l,5,9-4ht1,48,True,180,23
Limerick Racing Results | 11th June 2025 19:20,N/A,19:20,Good,7f,Celtic Druid (IRE),R Whearty,3,T G McCourt,9th,Neck,4,8-10v,40,True,180,23
Limerick Racing Results | 11th June 2025 19:20,N/A,19:20,Good,7f,Chou Chou (IRE),C T Keane,0,E O'Connell,8th,1/2 l,4,9-2t,46,True,180,23
Limerick Racing Results | 11th June 2025 19:20,N/A,19:20,Good,7f,Miqdaad (IRE),C D Fahy,10,J C McConnell,7th,3/4 l,5,9-2b,46,True,180,23
Limerick Racing Results | 11th June 2025 19:20,N/A,19:20,Good,7f,Cherry Pink (IRE),Adam Caffrey,0,A McGuinness,6th,1/2 l,5,10-3v,61,True,180,23
Limerick Racing Results | 11th June 2025 19:20,N/A,19:20,Good,7f,Blue Wood (IRE),W Joyce,3,K Smith,5th,Nose,9,9-0t,44,True,180,23
Limerick Racing Results | 11th June 2025 19:20,N/A,19:20,Good,7f,Elusive Duke (IRE),W M Lordan,0,Kevin Coleman,4th,3/4 l,3,9-6,60,True,180,23
Limerick Racing Results | 11th June 2025 19:20,N/A,19:20,Good,7f,Hell Left Loose,Nicola Burns,7,D Hogan,3rd,1 1/2 l,9,8-10tp,40,True,180,23
Limerick Racing Results | 11th June 2025 19:20,N/A,19:20,Good,7f,James The Second (IRE),T Casey,10,M Mulvany,2nd,1 1/2 l,3,8-8,48,True,180,23
Limerick Racing Results | 11th June 2025 19:20,N/A,19:20,Good,7f,Zaraahmando (IRE),A J Slattery,0,A Slattery,1st,N/A,3,8-13,53,True,180,23
Limerick Racing Results | 11th June 2025 19:20,N/A,19:20,Good,7f,Layoftheland (IRE),S P Davis,0,Sean Davis,14th,4 3/4 l,4,9-1t,45,True,180,23
Limerick Racing Results | 11th June 2025 19:20,N/A,19:20,Good,7f,Still Rolling (IRE),M W Hassett,5,P J F Murphy,13th,3 l,4,9-7,51,True,180,23
Limerick Racing Results | 11th June 2025 19:20,N/A,19:20,Good,7f,Lakota Lady (IRE),C D Hayes,0,M J Browne,12th,1 1/4 l,5,9-0t,44,True,180,23
Limerick Racing Results | 11th June 2025 19:20,N/A,19:20,Good,7f,Katie Ross (IRE),G F Carroll,0,G P Cromwell,11th,Neck,3,9-0ht1,54,True,180,23
Limerick Racing Results | 11th June 2025 19:20,N/A,19:20,Good,7f,Akeela,D McMonagle,0,Ian Donoghue,10th,1/2 l,5,9-4ht1,48,True,180,23
Limerick Racing Results | 11th June 2025 19:20,N/A,19:20,Good,7f,Celtic Druid (IRE),R Whearty,3,T G McCourt,9th,Neck,4,8-10v,40,True,180,23
Limerick Racing Results | 11th June 2025 19:20,N/A,19:20,Good,7f,Chou Chou (IRE),C T Keane,0,E O'Connell,8th,1/2 l,4,9-2t,46,True,180,23
Limerick Racing Results | 11th June 2025 19:20,N/A,19:20,Good,7f,Miqdaad (IRE),C D Fahy,10,J C McConnell,7th,3/4 l,5,9-2b,46,True,180,23
Limerick Racing Results | 11th June 2025 19:20,N/A,19:20,Good,7f,Cherry Pink (IRE),Adam Caffrey,0,A McGuinness,6th,1/2 l,5,10-3v,61,True,180,23
Limerick Racing Results | 11th June 2025 19:20,N/A,19:20,Good,7f,Blue Wood (IRE),W Joyce,3,K Smith,5th,Nose,9,9-0t,44,True,180,23
Limerick Racing Results | 11th June 2025 19:20,N/A,19:20,Good,7f,Elusive Duke (IRE),W M Lordan,0,Kevin Coleman,4th,3/4 l,3,9-6,60,True,180,23
Limerick Racing Results | 11th June 2025 19:20,N/A,19:20,Good,7f,Hell Left Loose,Nicola Burns,7,D Hogan,3rd,1 1/2 l,9,8-10tp,40,True,180,23
Limerick Racing Results | 11th June 2025 19:20,N/A,19:20,Good,7f,James The Second (IRE),T Casey,10,M Mulvany,2nd,1 1/2 l,3,8-8,48,True,180,23
Limerick Racing Results | 11th June 2025 19:20,N/A,19:20,Good,7f,Zaraahmando (IRE),A J Slattery,0,A Slattery,1st,N/A,3,8-13,53,True,180,23
Limerick Racing Results | 11th June 2025 19:50,N/A,19:50,Good,7f,Haeret In Pectore (IRE),C T Keane,0,A J Martin,15th,16 l,4,9-6t,49,True,180,24
Limerick Racing Results | 11th June 2025 19:50,N/A,19:50,Good,7f,Romantic War (IRE),R P Cleary,0,T Cleary,14th,3 3/4 l,3,8-7,43,True,180,24
Limerick Racing Results | 11th June 2025 19:50,N/A,19:50,Good,7f,Esque Elegance (IRE),R Coakley,0,J C McConnell,13th,1 3/4 l,3,9-3p,56,True,180,24
Limerick Racing Results | 11th June 2025 19:50,N/A,19:50,Good,7f,Wayne R Walker,P McGettigan,7,D Kinsella,12th,1 3/4 l,6,8-11tb,40,True,180,24
Limerick Racing Results | 11th June 2025 19:50,N/A,19:50,Good,7f,Eruption (IRE),D W O'Connor,0,J C McConnell,11th,Neck,6,10-2,59,True,180,24
Limerick Racing Results | 11th June 2025 19:50,N/A,19:50,Good,7f,Browned Off (IRE),D McMonagle,0,P W Flynn,10th,Neck,4,9-0,43,True,180,24
Limerick Racing Results | 11th June 2025 19:50,N/A,19:50,Good,7f,Aisling Oscar (IRE),Neve Bennett,7,Craig O'Neill,9th,1 1/2 l,4,9-2,45,True,180,24
Limerick Racing Results | 11th June 2025 19:50,N/A,19:50,Good,7f,Dinamine (IRE),W Joyce,3,M Mulvany,8th,3/4 l,7,9-7,50,True,180,24
Limerick Racing Results | 11th June 2025 19:50,N/A,19:50,Good,7f,Rattletheonionbag (IRE),D P McDonogh,0,W P Browne,7th,1/2 l,5,8-12,41,True,180,24
Limerick Racing Results | 11th June 2025 19:50,N/A,19:50,Good,7f,Shuyak (IRE),N M Crosse,0,P J F Murphy,6th,Neck,3,8-9,48,True,180,24
Limerick Racing Results | 11th June 2025 19:50,N/A,19:50,Good,7f,Big Baby Bull (IRE),C D Hayes,0,John Hayes,5th,Head,9,9-10tb,53,True,180,24
Limerick Racing Results | 11th June 2025 19:50,N/A,19:50,Good,7f,Sovereign Banter (IRE),S Foley,0,E J O'Grady,4th,1 1/4 l,3,8-13p,52,True,180,24
Limerick Racing Results | 11th June 2025 19:50,N/A,19:50,Good,7f,Merchants Arch (IRE),J A Powell,3,R O'Sullivan,3rd,Head,3,9-5p,58,True,180,24
Limerick Racing Results | 11th June 2025 19:50,N/A,19:50,Good,7f,Jasmine Affanalis (IRE),L T McAteer,0,D Marnane,2nd,3 l,3,9-0h,53,True,180,24
Limerick Racing Results | 11th June 2025 19:50,N/A,19:50,Good,7f,In The Minus (IRE),S P Davis,0,Sean Davis,1st,N/A,3,8-13,52,True,180,24
Limerick Racing Results | 11th June 2025 19:50,N/A,19:50,Good,7f,Haeret In Pectore (IRE),C T Keane,0,A J Martin,15th,16 l,4,9-6t,49,True,180,24
Limerick Racing Results | 11th June 2025 19:50,N/A,19:50,Good,7f,Romantic War (IRE),R P Cleary,0,T Cleary,14th,3 3/4 l,3,8-7,43,True,180,24
Limerick Racing Results | 11th June 2025 19:50,N/A,19:50,Good,7f,Esque Elegance (IRE),R Coakley,0,J C McConnell,13th,1 3/4 l,3,9-3p,56,True,180,24
Limerick Racing Results | 11th June 2025 19:50,N/A,19:50,Good,7f,Wayne R Walker,P McGettigan,7,D Kinsella,12th,1 3/4 l,6,8-11tb,40,True,180,24
Limerick Racing Results | 11th June 2025 19:50,N/A,19:50,Good,7f,Eruption (IRE),D W O'Connor,0,J C McConnell,11th,Neck,6,10-2,59,True,180,24
Limerick Racing Results | 11th June 2025 19:50,N/A,19:50,Good,7f,Browned Off (IRE),D McMonagle,0,P W Flynn,10th,Neck,4,9-0,43,True,180,24
Limerick Racing Results | 11th June 2025 19:50,N/A,19:50,Good,7f,Aisling Oscar (IRE),Neve Bennett,7,Craig O'Neill,9th,1 1/2 l,4,9-2,45,True,180,24
Limerick Racing Results | 11th June 2025 19:50,N/A,19:50,Good,7f,Dinamine (IRE),W Joyce,3,M Mulvany,8th,3/4 l,7,9-7,50,True,180,24
Limerick Racing Results | 11th June 2025 19:50,N/A,19:50,Good,7f,Rattletheonionbag (IRE),D P McDonogh,0,W P Browne,7th,1/2 l,5,8-12,41,True,180,24
Limerick Racing Results | 11th June 2025 19:50,N/A,19:50,Good,7f,Shuyak (IRE),N M Crosse,0,P J F Murphy,6th,Neck,3,8-9,48,True,180,24
Limerick Racing Results | 11th June 2025 19:50,N/A,19:50,Good,7f,Big Baby Bull (IRE),C D Hayes,0,John Hayes,5th,Head,9,9-10tb,53,True,180,24
Limerick Racing Results | 11th June 2025 19:50,N/A,19:50,Good,7f,Sovereign Banter (IRE),S Foley,0,E J O'Grady,4th,1 1/4 l,3,8-13p,52,True,180,24
Limerick Racing Results | 11th June 2025 19:50,N/A,19:50,Good,7f,Merchants Arch (IRE),J A Powell,3,R O'Sullivan,3rd,Head,3,9-5p,58,True,180,24
Limerick Racing Results | 11th June 2025 19:50,N/A,19:50,Good,7f,Jasmine Affanalis (IRE),L T McAteer,0,D Marnane,2nd,3 l,3,9-0h,53,True,180,24
Limerick Racing Results | 11th June 2025 19:50,N/A,19:50,Good,7f,In The Minus (IRE),S P Davis,0,Sean Davis,1st,N/A,3,8-13,52,True,180,24
Limerick Racing Results | 11th June 2025 20:20,N/A,20:20,Good,2m 1f,Evening's Empire (IRE),J J G Ryan,3,J Barcoe,11th,14 l,5,9-9,65,True,180,25
Limerick Racing Results | 11th June 2025 20:20,N/A,20:20,Good,2m 1f,Final Orders,G F Carroll,0,G P Cromwell,10th,3 1/2 l,9,9-9p,65,True,180,25
Limerick Racing Results | 11th June 2025 20:20,N/A,20:20,Good,2m 1f,Say It So (IRE),W J Lee,0,E McNamara,9th,4 1/2 l,6,10-0tb,70,True,180,25
Limerick Racing Results | 11th June 2025 20:20,N/A,20:20,Good,2m 1f,Curious Bride (IRE),D J O'Connor,10,E O'Connell,8th,1 l,8,10-3t,73,True,180,25
Limerick Racing Results | 11th June 2025 20:20,N/A,20:20,Good,2m 1f,Takarengo (IRE),C T Keane,0,T Mullins,7th,1 1/4 l,9,9-10p,66,True,180,25
Limerick Racing Results | 11th June 2025 20:20,N/A,20:20,Good,2m 1f,The Truant (IRE),R Whearty,3,P W Flynn,6th,Head,8,9-12tb,68,True,180,25
Limerick Racing Results | 11th June 2025 20:20,N/A,20:20,Good,2m 1f,Quiz Test (IRE),S Foley,0,S Byrne,5th,1 1/2 l,5,9-12p,68,True,180,25
Limerick Racing Results | 11th June 2025 20:20,N/A,20:20,Good,2m 1f,Dark Note,A J Slattery,0,A Slattery,4th,1 3/4 l,6,10-1,71,True,180,25
Limerick Racing Results | 11th June 2025 20:20,N/A,20:20,Good,2m 1f,Carried With Love (IRE),D McMonagle,0,J P O'Brien,3rd,1 1/4 l,4,9-4p1,60,True,180,25
Limerick Racing Results | 11th June 2025 20:20,N/A,20:20,Good,2m 1f,Makaiah (IRE),M W Hassett,5,Gerard O'Leary,2nd,Short Head,4,9-8,64,True,180,25
Limerick Racing Results | 11th June 2025 20:20,N/A,20:20,Good,2m 1f,Party Dress (IRE),Jessica Maye,7,W McCreery,1st,N/A,5,9-12t1,68,True,180,25
Limerick Racing Results | 11th June 2025 20:20,N/A,20:20,Good,2m 1f,Evening's Empire (IRE),J J G Ryan,3,J Barcoe,11th,14 l,5,9-9,65,True,180,25
Limerick Racing Results | 11th June 2025 20:20,N/A,20:20,Good,2m 1f,Final Orders,G F Carroll,0,G P Cromwell,10th,3 1/2 l,9,9-9p,65,True,180,25
Limerick Racing Results | 11th June 2025 20:20,N/A,20:20,Good,2m 1f,Say It So (IRE),W J Lee,0,E McNamara,9th,4 1/2 l,6,10-0tb,70,True,180,25
Limerick Racing Results | 11th June 2025 20:20,N/A,20:20,Good,2m 1f,Curious Bride (IRE),D J O'Connor,10,E O'Connell,8th,1 l,8,10-3t,73,True,180,25
Limerick Racing Results | 11th June 2025 20:20,N/A,20:20,Good,2m 1f,Takarengo (IRE),C T Keane,0,T Mullins,7th,1 1/4 l,9,9-10p,66,True,180,25
Limerick Racing Results | 11th June 2025 20:20,N/A,20:20,Good,2m 1f,The Truant (IRE),R Whearty,3,P W Flynn,6th,Head,8,9-12tb,68,True,180,25
Limerick Racing Results | 11th June 2025 20:20,N/A,20:20,Good,2m 1f,Quiz Test (IRE),S Foley,0,S Byrne,5th,1 1/2 l,5,9-12p,68,True,180,25
Limerick Racing Results | 11th June 2025 20:20,N/A,20:20,Good,2m 1f,Dark Note,A J Slattery,0,A Slattery,4th,1 3/4 l,6,10-1,71,True,180,25
Limerick Racing Results | 11th June 2025 20:20,N/A,20:20,Good,2m 1f,Carried With Love (IRE),D McMonagle,0,J P O'Brien,3rd,1 1/4 l,4,9-4p1,60,True,180,25
Limerick Racing Results | 11th June 2025 20:20,N/A,20:20,Good,2m 1f,Makaiah (IRE),M W Hassett,5,Gerard O'Leary,2nd,Short Head,4,9-8,64,True,180,25
Limerick Racing Results | 11th June 2025 20:20,N/A,20:20,Good,2m 1f,Party Dress (IRE),Jessica Maye,7,W McCreery,1st,N/A,5,9-12t1,68,True,180,25
