track_name,race_date,race_time,going,distance,horse_name,jockey,claims,trainer,race_position,lost_by_length,age,weight,rating,first_place_found,batch_number,url_index_in_batch
Killarney Racing Results | 24th August 2024 16:50,N/A,16:50,Yielding,2m 7f 80y,Duffle Coat (IRE),J W Kennedy,0,G Elliott,NR,N/A,7,11-10p,-,True,136,1
Killarney Racing Results | 24th August 2024 16:50,N/A,16:50,Yielding,2m 7f 80y,Horantzau D'airy (FR),P Townend,0,W P Mullins,F,N/A,7,11-10t,-,True,136,1
Killarney Racing Results | 24th August 2024 16:50,N/A,16:50,Yielding,2m 7f 80y,Popova (IRE),Sam Ewing,0,H De Bromhead,5th,29 l,7,10-13t,-,True,136,1
Killarney Racing Results | 24th August 2024 16:50,N/A,16:50,Yielding,2m 7f 80y,Pink In The Park (IRE),D E Mullins,0,W P Mullins,4th,3 1/2 l,7,10-13,-,True,136,1
Killarney Racing Results | 24th August 2024 16:50,N/A,16:50,Yielding,2m 7f 80y,Magnor Glory (IRE),J P Shinnick,5,T O'Brien,3rd,30 l,8,11-6h,-,True,136,1
Killarney Racing Results | 24th August 2024 16:50,N/A,16:50,Yielding,2m 7f 80y,Solitary Man (IRE),D J O'Keeffe,0,E Bolger,2nd,4 3/4 l,6,11-10,-,True,136,1
Killarney Racing Results | 24th August 2024 16:50,N/A,16:50,Yielding,2m 7f 80y,Easy Fella (IRE),Rachael Blackmore,0,H De Bromhead,1st,N/A,7,11-6,-,True,136,1
Killarney Racing Results | 24th August 2024 16:50,N/A,16:50,Yielding,2m 7f 80y,Duffle Coat (IRE),J W Kennedy,0,G Elliott,NR,N/A,7,11-10p,-,True,136,1
Killarney Racing Results | 24th August 2024 16:50,N/A,16:50,Yielding,2m 7f 80y,Horantzau D'airy (FR),P Townend,0,W P Mullins,F,N/A,7,11-10t,-,True,136,1
Killarney Racing Results | 24th August 2024 16:50,N/A,16:50,Yielding,2m 7f 80y,Popova (IRE),Sam Ewing,0,H De Bromhead,5th,29 l,7,10-13t,-,True,136,1
Killarney Racing Results | 24th August 2024 16:50,N/A,16:50,Yielding,2m 7f 80y,Pink In The Park (IRE),D E Mullins,0,W P Mullins,4th,3 1/2 l,7,10-13,-,True,136,1
Killarney Racing Results | 24th August 2024 16:50,N/A,16:50,Yielding,2m 7f 80y,Magnor Glory (IRE),J P Shinnick,5,T O'Brien,3rd,30 l,8,11-6h,-,True,136,1
Killarney Racing Results | 24th August 2024 16:50,N/A,16:50,Yielding,2m 7f 80y,Solitary Man (IRE),D J O'Keeffe,0,E Bolger,2nd,4 3/4 l,6,11-10,-,True,136,1
Killarney Racing Results | 24th August 2024 16:50,N/A,16:50,Yielding,2m 7f 80y,Easy Fella (IRE),Rachael Blackmore,0,H De Bromhead,1st,N/A,7,11-6,-,True,136,1
Killarney Racing Results | 24th August 2024 17:25,N/A,17:25,Yielding,2m 4f 180y,Balkito (FR),J J Slevin,0,John F O'Neill,PU,N/A,9,10-6,120,True,136,2
Killarney Racing Results | 24th August 2024 17:25,N/A,17:25,Yielding,2m 4f 180y,Francky Du Berlais (FR),Mr J L Gleeson,5,P & M Bowen,13th,15 l,11,10-12tp,126,True,136,2
Killarney Racing Results | 24th August 2024 17:25,N/A,17:25,Yielding,2m 4f 180y,Grange Walk (IRE),D E Mullins,0,J P Ryan,12th,5 1/2 l,9,11-7b,135,True,136,2
Killarney Racing Results | 24th August 2024 17:25,N/A,17:25,Yielding,2m 4f 180y,Railway Hurricane (IRE),C Stone-Walsh,5,G P Cromwell,11th,21 l,9,11-6tb,134,True,136,2
Killarney Racing Results | 24th August 2024 17:25,N/A,17:25,Yielding,2m 4f 180y,Final Orders,K M Donoghue,0,G P Cromwell,10th,4 3/4 l,8,11-10,138,True,136,2
Killarney Racing Results | 24th August 2024 17:25,N/A,17:25,Yielding,2m 4f 180y,Tullybeg (IRE),C P Millar,7,G Elliott,9th,8 l,9,11-12t,140,True,136,2
Killarney Racing Results | 24th August 2024 17:25,N/A,17:25,Yielding,2m 4f 180y,Mars Harper,J W Kennedy,0,G Elliott,8th,4 1/2 l,8,11-9tp,137,True,136,2
Killarney Racing Results | 24th August 2024 17:25,N/A,17:25,Yielding,2m 4f 180y,Galon De Vauzelle (FR),S D Torrens,0,P J Rothwell,7th,7 1/2 l,8,10-0b,114,True,136,2
Killarney Racing Results | 24th August 2024 17:25,N/A,17:25,Yielding,2m 4f 180y,The Dasher Conway (IRE),D Meyler,0,Mrs G Callaghan,6th,9 l,9,11-5,133,True,136,2
Killarney Racing Results | 24th August 2024 17:25,N/A,17:25,Yielding,2m 4f 180y,Gaelic Arc (IRE),S F O'Keeffe,0,J P Ryan,5th,1/2 l,8,11-7,135,True,136,2
Killarney Racing Results | 24th August 2024 17:25,N/A,17:25,Yielding,2m 4f 180y,Mr Saxobeat (IRE),D J O'Keeffe,0,T Gibney,4th,4 3/4 l,8,10-6,120,True,136,2
Killarney Racing Results | 24th August 2024 17:25,N/A,17:25,Yielding,2m 4f 180y,The Big Chap (IRE),K C Sexton,0,P W Flynn,3rd,9 1/2 l,7,11-5tp,133,True,136,2
Killarney Racing Results | 24th August 2024 17:25,N/A,17:25,Yielding,2m 4f 180y,El Champo (IRE),P J O'Hanlon,0,P J Rothwell,2nd,1 1/4 l,6,10-2p,116,True,136,2
Killarney Racing Results | 24th August 2024 17:25,N/A,17:25,Yielding,2m 4f 180y,Walnut Beach (IRE),G B Noonan,5,P J Flynn,1st,N/A,7,10-8,122,True,136,2
Killarney Racing Results | 24th August 2024 17:25,N/A,17:25,Yielding,2m 4f 180y,Balkito (FR),J J Slevin,0,John F O'Neill,PU,N/A,9,10-6,120,True,136,2
Killarney Racing Results | 24th August 2024 17:25,N/A,17:25,Yielding,2m 4f 180y,Francky Du Berlais (FR),Mr J L Gleeson,5,P & M Bowen,13th,15 l,11,10-12tp,126,True,136,2
Killarney Racing Results | 24th August 2024 17:25,N/A,17:25,Yielding,2m 4f 180y,Grange Walk (IRE),D E Mullins,0,J P Ryan,12th,5 1/2 l,9,11-7b,135,True,136,2
Killarney Racing Results | 24th August 2024 17:25,N/A,17:25,Yielding,2m 4f 180y,Railway Hurricane (IRE),C Stone-Walsh,5,G P Cromwell,11th,21 l,9,11-6tb,134,True,136,2
Killarney Racing Results | 24th August 2024 17:25,N/A,17:25,Yielding,2m 4f 180y,Final Orders,K M Donoghue,0,G P Cromwell,10th,4 3/4 l,8,11-10,138,True,136,2
Killarney Racing Results | 24th August 2024 17:25,N/A,17:25,Yielding,2m 4f 180y,Tullybeg (IRE),C P Millar,7,G Elliott,9th,8 l,9,11-12t,140,True,136,2
Killarney Racing Results | 24th August 2024 17:25,N/A,17:25,Yielding,2m 4f 180y,Mars Harper,J W Kennedy,0,G Elliott,8th,4 1/2 l,8,11-9tp,137,True,136,2
Killarney Racing Results | 24th August 2024 17:25,N/A,17:25,Yielding,2m 4f 180y,Galon De Vauzelle (FR),S D Torrens,0,P J Rothwell,7th,7 1/2 l,8,10-0b,114,True,136,2
Killarney Racing Results | 24th August 2024 17:25,N/A,17:25,Yielding,2m 4f 180y,The Dasher Conway (IRE),D Meyler,0,Mrs G Callaghan,6th,9 l,9,11-5,133,True,136,2
Killarney Racing Results | 24th August 2024 17:25,N/A,17:25,Yielding,2m 4f 180y,Gaelic Arc (IRE),S F O'Keeffe,0,J P Ryan,5th,1/2 l,8,11-7,135,True,136,2
Killarney Racing Results | 24th August 2024 17:25,N/A,17:25,Yielding,2m 4f 180y,Mr Saxobeat (IRE),D J O'Keeffe,0,T Gibney,4th,4 3/4 l,8,10-6,120,True,136,2
Killarney Racing Results | 24th August 2024 17:25,N/A,17:25,Yielding,2m 4f 180y,The Big Chap (IRE),K C Sexton,0,P W Flynn,3rd,9 1/2 l,7,11-5tp,133,True,136,2
Killarney Racing Results | 24th August 2024 17:25,N/A,17:25,Yielding,2m 4f 180y,El Champo (IRE),P J O'Hanlon,0,P J Rothwell,2nd,1 1/4 l,6,10-2p,116,True,136,2
Killarney Racing Results | 24th August 2024 17:25,N/A,17:25,Yielding,2m 4f 180y,Walnut Beach (IRE),G B Noonan,5,P J Flynn,1st,N/A,7,10-8,122,True,136,2
Killarney Racing Results | 24th August 2024 17:55,N/A,17:55,Good To Yielding Flat (Turf),2m 100y,Albert Hirsch (IRE),Non Runner,5,M C Grassick,NR,N/A,4,11-4,-,True,136,3
Killarney Racing Results | 24th August 2024 17:55,N/A,17:55,Good To Yielding Flat (Turf),2m 100y,Leave In Secret (IRE),Mr F R Buckley,7,T Gibney,NR,N/A,5,11-7,-,True,136,3
Killarney Racing Results | 24th August 2024 17:55,N/A,17:55,Good To Yielding Flat (Turf),2m 100y,Lord Ffrench (IRE),Mr D Doyle,7,S Curling,NR,N/A,4,11-4,-,True,136,3
Killarney Racing Results | 24th August 2024 17:55,N/A,17:55,Good To Yielding Flat (Turf),2m 100y,Somerset Hill (IRE),E Dwan,7,P M J Doyle,7th,44 l,5,11-0h1,-,True,136,3
Killarney Racing Results | 24th August 2024 17:55,N/A,17:55,Good To Yielding Flat (Turf),2m 100y,Positive Mindset (IRE),T Joseph Kelly,7,Leonard Flynn,6th,9 1/2 l,6,11-0,-,True,136,3
Killarney Racing Results | 24th August 2024 17:55,N/A,17:55,Good To Yielding Flat (Turf),2m 100y,Golden Regal (IRE),Mr P W Gleeson,7,S G O'Donnell,5th,12 l,5,11-7,-,True,136,3
Killarney Racing Results | 24th August 2024 17:55,N/A,17:55,Good To Yielding Flat (Turf),2m 100y,Pure Logic,P Hanlon,7,J J Hanlon,4th,3/4 l,4,10-11,-,True,136,3
Killarney Racing Results | 24th August 2024 17:55,N/A,17:55,Good To Yielding Flat (Turf),2m 100y,Brave Crogha (FR),Miss A B O'Connor,0,I Madden,3rd,5 l,5,12-0,-,True,136,3
Killarney Racing Results | 24th August 2024 17:55,N/A,17:55,Good To Yielding Flat (Turf),2m 100y,Lightup Lightup (USA),Mr H C Swan,3,C W J Farrell,2nd,5 1/2 l,4,11-4,-,True,136,3
Killarney Racing Results | 24th August 2024 17:55,N/A,17:55,Good To Yielding Flat (Turf),2m 100y,Murat (IRE),Mr F Maguire,0,P Lawlor,1st,N/A,5,11-7,-,True,136,3
Killarney Racing Results | 24th August 2024 17:55,N/A,17:55,Good To Yielding Flat (Turf),2m 100y,Albert Hirsch (IRE),Non Runner,5,M C Grassick,NR,N/A,4,11-4,-,True,136,3
Killarney Racing Results | 24th August 2024 17:55,N/A,17:55,Good To Yielding Flat (Turf),2m 100y,Leave In Secret (IRE),Mr F R Buckley,7,T Gibney,NR,N/A,5,11-7,-,True,136,3
Killarney Racing Results | 24th August 2024 17:55,N/A,17:55,Good To Yielding Flat (Turf),2m 100y,Lord Ffrench (IRE),Mr D Doyle,7,S Curling,NR,N/A,4,11-4,-,True,136,3
Killarney Racing Results | 24th August 2024 17:55,N/A,17:55,Good To Yielding Flat (Turf),2m 100y,Somerset Hill (IRE),E Dwan,7,P M J Doyle,7th,44 l,5,11-0h1,-,True,136,3
Killarney Racing Results | 24th August 2024 17:55,N/A,17:55,Good To Yielding Flat (Turf),2m 100y,Positive Mindset (IRE),T Joseph Kelly,7,Leonard Flynn,6th,9 1/2 l,6,11-0,-,True,136,3
Killarney Racing Results | 24th August 2024 17:55,N/A,17:55,Good To Yielding Flat (Turf),2m 100y,Golden Regal (IRE),Mr P W Gleeson,7,S G O'Donnell,5th,12 l,5,11-7,-,True,136,3
Killarney Racing Results | 24th August 2024 17:55,N/A,17:55,Good To Yielding Flat (Turf),2m 100y,Pure Logic,P Hanlon,7,J J Hanlon,4th,3/4 l,4,10-11,-,True,136,3
Killarney Racing Results | 24th August 2024 17:55,N/A,17:55,Good To Yielding Flat (Turf),2m 100y,Brave Crogha (FR),Miss A B O'Connor,0,I Madden,3rd,5 l,5,12-0,-,True,136,3
Killarney Racing Results | 24th August 2024 17:55,N/A,17:55,Good To Yielding Flat (Turf),2m 100y,Lightup Lightup (USA),Mr H C Swan,3,C W J Farrell,2nd,5 1/2 l,4,11-4,-,True,136,3
Killarney Racing Results | 24th August 2024 17:55,N/A,17:55,Good To Yielding Flat (Turf),2m 100y,Murat (IRE),Mr F Maguire,0,P Lawlor,1st,N/A,5,11-7,-,True,136,3
Naas Racing Results | 25th August 2024 13:22,N/A,13:22,Good To Yielding (Yielding In Places),7f,Slick (IRE),Non Runner,0,A Slattery,NR,N/A,2,9-1,-,True,136,4
Naas Racing Results | 25th August 2024 13:22,N/A,13:22,Good To Yielding (Yielding In Places),7f,Alishba (FR),B M Coen,0,J P Murtagh,16th,Head,2,9-1,-,True,136,4
Naas Racing Results | 25th August 2024 13:22,N/A,13:22,Good To Yielding (Yielding In Places),7f,Sassy Sox (IRE),M W Hassett,5,G P Cromwell,15th,1 1/2 l,2,8-9,-,True,136,4
Naas Racing Results | 25th August 2024 13:22,N/A,13:22,Good To Yielding (Yielding In Places),7f,Midnight Horizon (IRE),W J Lee,0,W McCreery,14th,Neck,2,9-1,-,True,136,4
Naas Racing Results | 25th August 2024 13:22,N/A,13:22,Good To Yielding (Yielding In Places),7f,Tofino (IRE),S Foley,0,G P Cromwell,13th,Head,2,8-11,-,True,136,4
Naas Racing Results | 25th August 2024 13:22,N/A,13:22,Good To Yielding (Yielding In Places),7f,Adrienne (IRE),R P Whelan,0,T M Walsh,12th,Head,2,8-13,-,True,136,4
Naas Racing Results | 25th August 2024 13:22,N/A,13:22,Good To Yielding (Yielding In Places),7f,Now (IRE),K J Leonard,0,Donnacha O'Brien,11th,1/2 l,2,8-11,-,True,136,4
Naas Racing Results | 25th August 2024 13:22,N/A,13:22,Good To Yielding (Yielding In Places),7f,Deressa (IRE),C D Hayes,0,D K Weld,10th,3/4 l,2,9-3,-,True,136,4
Naas Racing Results | 25th August 2024 13:22,N/A,13:22,Good To Yielding (Yielding In Places),7f,Fitzroy Gardens (IRE),G M Ryan,0,Donnacha O'Brien,9th,3/4 l,2,8-13,-,True,136,4
Naas Racing Results | 25th August 2024 13:22,N/A,13:22,Good To Yielding (Yielding In Places),7f,Charanda (IRE),J J G Ryan,3,A Murray,8th,1/2 l,2,8-11,-,True,136,4
Naas Racing Results | 25th August 2024 13:22,N/A,13:22,Good To Yielding (Yielding In Places),7f,Study The Lady,C T Keane,0,G M Lyons,7th,Head,2,8-11,-,True,136,4
Naas Racing Results | 25th August 2024 13:22,N/A,13:22,Good To Yielding (Yielding In Places),7f,Pleasant Dawn (IRE),R P Cleary,0,J S Bolger,6th,Neck,2,8-9,-,True,136,4
Naas Racing Results | 25th August 2024 13:22,N/A,13:22,Good To Yielding (Yielding In Places),7f,Shelbiana (IRE),J A Powell,3,J P Murtagh,5th,1/2 l,2,8-9,-,True,136,4
Naas Racing Results | 25th August 2024 13:22,N/A,13:22,Good To Yielding (Yielding In Places),7f,Medici Venus (USA),W M Lordan,0,A P O'Brien,4th,3 1/4 l,2,9-3b1,-,True,136,4
Naas Racing Results | 25th August 2024 13:22,N/A,13:22,Good To Yielding (Yielding In Places),7f,Celtic Motif (IRE),D McMonagle,0,J P O'Brien,3rd,Head,2,9-1,-,True,136,4
Naas Racing Results | 25th August 2024 13:22,N/A,13:22,Good To Yielding (Yielding In Places),7f,Twolatebabydoll (FR),J M Sheridan,0,C W J Farrell,2nd,Head,2,8-11,-,True,136,4
Naas Racing Results | 25th August 2024 13:22,N/A,13:22,Good To Yielding (Yielding In Places),7f,Garden Of Eden (IRE),J Cleary,7,A P O'Brien,1st,N/A,2,9-1,-,True,136,4
Naas Racing Results | 25th August 2024 13:22,N/A,13:22,Good To Yielding (Yielding In Places),7f,Slick (IRE),Non Runner,0,A Slattery,NR,N/A,2,9-1,-,True,136,4
Naas Racing Results | 25th August 2024 13:22,N/A,13:22,Good To Yielding (Yielding In Places),7f,Alishba (FR),B M Coen,0,J P Murtagh,16th,Head,2,9-1,-,True,136,4
Naas Racing Results | 25th August 2024 13:22,N/A,13:22,Good To Yielding (Yielding In Places),7f,Sassy Sox (IRE),M W Hassett,5,G P Cromwell,15th,1 1/2 l,2,8-9,-,True,136,4
Naas Racing Results | 25th August 2024 13:22,N/A,13:22,Good To Yielding (Yielding In Places),7f,Midnight Horizon (IRE),W J Lee,0,W McCreery,14th,Neck,2,9-1,-,True,136,4
Naas Racing Results | 25th August 2024 13:22,N/A,13:22,Good To Yielding (Yielding In Places),7f,Tofino (IRE),S Foley,0,G P Cromwell,13th,Head,2,8-11,-,True,136,4
Naas Racing Results | 25th August 2024 13:22,N/A,13:22,Good To Yielding (Yielding In Places),7f,Adrienne (IRE),R P Whelan,0,T M Walsh,12th,Head,2,8-13,-,True,136,4
Naas Racing Results | 25th August 2024 13:22,N/A,13:22,Good To Yielding (Yielding In Places),7f,Now (IRE),K J Leonard,0,Donnacha O'Brien,11th,1/2 l,2,8-11,-,True,136,4
Naas Racing Results | 25th August 2024 13:22,N/A,13:22,Good To Yielding (Yielding In Places),7f,Deressa (IRE),C D Hayes,0,D K Weld,10th,3/4 l,2,9-3,-,True,136,4
Naas Racing Results | 25th August 2024 13:22,N/A,13:22,Good To Yielding (Yielding In Places),7f,Fitzroy Gardens (IRE),G M Ryan,0,Donnacha O'Brien,9th,3/4 l,2,8-13,-,True,136,4
Naas Racing Results | 25th August 2024 13:22,N/A,13:22,Good To Yielding (Yielding In Places),7f,Charanda (IRE),J J G Ryan,3,A Murray,8th,1/2 l,2,8-11,-,True,136,4
Naas Racing Results | 25th August 2024 13:22,N/A,13:22,Good To Yielding (Yielding In Places),7f,Study The Lady,C T Keane,0,G M Lyons,7th,Head,2,8-11,-,True,136,4
Naas Racing Results | 25th August 2024 13:22,N/A,13:22,Good To Yielding (Yielding In Places),7f,Pleasant Dawn (IRE),R P Cleary,0,J S Bolger,6th,Neck,2,8-9,-,True,136,4
Naas Racing Results | 25th August 2024 13:22,N/A,13:22,Good To Yielding (Yielding In Places),7f,Shelbiana (IRE),J A Powell,3,J P Murtagh,5th,1/2 l,2,8-9,-,True,136,4
Naas Racing Results | 25th August 2024 13:22,N/A,13:22,Good To Yielding (Yielding In Places),7f,Medici Venus (USA),W M Lordan,0,A P O'Brien,4th,3 1/4 l,2,9-3b1,-,True,136,4
Naas Racing Results | 25th August 2024 13:22,N/A,13:22,Good To Yielding (Yielding In Places),7f,Celtic Motif (IRE),D McMonagle,0,J P O'Brien,3rd,Head,2,9-1,-,True,136,4
Naas Racing Results | 25th August 2024 13:22,N/A,13:22,Good To Yielding (Yielding In Places),7f,Twolatebabydoll (FR),J M Sheridan,0,C W J Farrell,2nd,Head,2,8-11,-,True,136,4
Naas Racing Results | 25th August 2024 13:22,N/A,13:22,Good To Yielding (Yielding In Places),7f,Garden Of Eden (IRE),J Cleary,7,A P O'Brien,1st,N/A,2,9-1,-,True,136,4
Naas Racing Results | 25th August 2024 13:57,N/A,13:57,Good To Yielding (Yielding In Places),5f 205y,Raising The Flag (IRE),B M Coen,0,M C Grassick,NR,N/A,2,9-2,-,True,136,5
Naas Racing Results | 25th August 2024 13:57,N/A,13:57,Good To Yielding (Yielding In Places),5f 205y,Dramatic (USA),W M Lordan,0,A P O'Brien,NR,N/A,2,9-2,-,True,136,5
Naas Racing Results | 25th August 2024 13:57,N/A,13:57,Good To Yielding (Yielding In Places),5f 205y,Town And Country (IRE),W J Lee,0,H De Bromhead,NR,N/A,2,9-2,-,True,136,5
Naas Racing Results | 25th August 2024 13:57,N/A,13:57,Good To Yielding (Yielding In Places),5f 205y,Far At Sea (IRE),C D Hayes,0,P J F Murphy,12th,1/2 l,2,9-2,-,True,136,5
Naas Racing Results | 25th August 2024 13:57,N/A,13:57,Good To Yielding (Yielding In Places),5f 205y,Carmina Burana (IRE),W Joyce,5,J Davison,11th,1/2 l,2,9-2,-,True,136,5
Naas Racing Results | 25th August 2024 13:57,N/A,13:57,Good To Yielding (Yielding In Places),5f 205y,Watching (IRE),R P Whelan,0,J Davison,10th,4 3/4 l,2,9-2,-,True,136,5
Naas Racing Results | 25th August 2024 13:57,N/A,13:57,Good To Yielding (Yielding In Places),5f 205y,Bona Verba (IRE),R P Cleary,0,J S Bolger,9th,3 1/2 l,2,9-2,-,True,136,5
Naas Racing Results | 25th August 2024 13:57,N/A,13:57,Good To Yielding (Yielding In Places),5f 205y,Misava (IRE),J A Powell,3,N Meade,8th,7 l,2,9-2,-,True,136,5
Naas Racing Results | 25th August 2024 13:57,N/A,13:57,Good To Yielding (Yielding In Places),5f 205y,Cold Hearted (IRE),S Foley,0,Mrs J Harrington,7th,Neck,2,9-2,-,True,136,5
Naas Racing Results | 25th August 2024 13:57,N/A,13:57,Good To Yielding (Yielding In Places),5f 205y,Blondina (IRE),Gabriella Hill,10,J S Bolger,6th,5 l,2,9-2,-,True,136,5
Naas Racing Results | 25th August 2024 13:57,N/A,13:57,Good To Yielding (Yielding In Places),5f 205y,Jaliyah (IRE),M W Hassett,5,A Murray,5th,2 3/4 l,2,9-2,-,True,136,5
Naas Racing Results | 25th August 2024 13:57,N/A,13:57,Good To Yielding (Yielding In Places),5f 205y,Grande Marques (IRE),J M Sheridan,0,J A Stack,4th,Neck,2,9-2,-,True,136,5
Naas Racing Results | 25th August 2024 13:57,N/A,13:57,Good To Yielding (Yielding In Places),5f 205y,Oxford Rock (IRE),D McMonagle,0,J P O'Brien,3rd,1 l,2,9-2,-,True,136,5
Naas Racing Results | 25th August 2024 13:57,N/A,13:57,Good To Yielding (Yielding In Places),5f 205y,Say Yes To Dreams (IRE),G M Ryan,0,Donnacha O'Brien,2nd,4 3/4 l,2,9-2,-,True,136,5
Naas Racing Results | 25th August 2024 13:57,N/A,13:57,Good To Yielding (Yielding In Places),5f 205y,Revoke,C T Keane,0,G M Lyons,1st,N/A,2,9-2,-,True,136,5
Naas Racing Results | 25th August 2024 13:57,N/A,13:57,Good To Yielding (Yielding In Places),5f 205y,Raising The Flag (IRE),B M Coen,0,M C Grassick,NR,N/A,2,9-2,-,True,136,5
Naas Racing Results | 25th August 2024 13:57,N/A,13:57,Good To Yielding (Yielding In Places),5f 205y,Dramatic (USA),W M Lordan,0,A P O'Brien,NR,N/A,2,9-2,-,True,136,5
Naas Racing Results | 25th August 2024 13:57,N/A,13:57,Good To Yielding (Yielding In Places),5f 205y,Town And Country (IRE),W J Lee,0,H De Bromhead,NR,N/A,2,9-2,-,True,136,5
Naas Racing Results | 25th August 2024 13:57,N/A,13:57,Good To Yielding (Yielding In Places),5f 205y,Far At Sea (IRE),C D Hayes,0,P J F Murphy,12th,1/2 l,2,9-2,-,True,136,5
Naas Racing Results | 25th August 2024 13:57,N/A,13:57,Good To Yielding (Yielding In Places),5f 205y,Carmina Burana (IRE),W Joyce,5,J Davison,11th,1/2 l,2,9-2,-,True,136,5
Naas Racing Results | 25th August 2024 13:57,N/A,13:57,Good To Yielding (Yielding In Places),5f 205y,Watching (IRE),R P Whelan,0,J Davison,10th,4 3/4 l,2,9-2,-,True,136,5
Naas Racing Results | 25th August 2024 13:57,N/A,13:57,Good To Yielding (Yielding In Places),5f 205y,Bona Verba (IRE),R P Cleary,0,J S Bolger,9th,3 1/2 l,2,9-2,-,True,136,5
Naas Racing Results | 25th August 2024 13:57,N/A,13:57,Good To Yielding (Yielding In Places),5f 205y,Misava (IRE),J A Powell,3,N Meade,8th,7 l,2,9-2,-,True,136,5
Naas Racing Results | 25th August 2024 13:57,N/A,13:57,Good To Yielding (Yielding In Places),5f 205y,Cold Hearted (IRE),S Foley,0,Mrs J Harrington,7th,Neck,2,9-2,-,True,136,5
Naas Racing Results | 25th August 2024 13:57,N/A,13:57,Good To Yielding (Yielding In Places),5f 205y,Blondina (IRE),Gabriella Hill,10,J S Bolger,6th,5 l,2,9-2,-,True,136,5
Naas Racing Results | 25th August 2024 13:57,N/A,13:57,Good To Yielding (Yielding In Places),5f 205y,Jaliyah (IRE),M W Hassett,5,A Murray,5th,2 3/4 l,2,9-2,-,True,136,5
Naas Racing Results | 25th August 2024 13:57,N/A,13:57,Good To Yielding (Yielding In Places),5f 205y,Grande Marques (IRE),J M Sheridan,0,J A Stack,4th,Neck,2,9-2,-,True,136,5
Naas Racing Results | 25th August 2024 13:57,N/A,13:57,Good To Yielding (Yielding In Places),5f 205y,Oxford Rock (IRE),D McMonagle,0,J P O'Brien,3rd,1 l,2,9-2,-,True,136,5
Naas Racing Results | 25th August 2024 13:57,N/A,13:57,Good To Yielding (Yielding In Places),5f 205y,Say Yes To Dreams (IRE),G M Ryan,0,Donnacha O'Brien,2nd,4 3/4 l,2,9-2,-,True,136,5
Naas Racing Results | 25th August 2024 13:57,N/A,13:57,Good To Yielding (Yielding In Places),5f 205y,Revoke,C T Keane,0,G M Lyons,1st,N/A,2,9-2,-,True,136,5
Naas Racing Results | 25th August 2024 14:32,N/A,14:32,Good To Yielding (Yielding In Places),5f 205y,Last Encore (IRE),D McMonagle,0,J P O'Brien,NR,N/A,2,9-3,-,True,136,6
Naas Racing Results | 25th August 2024 14:32,N/A,14:32,Good To Yielding (Yielding In Places),5f 205y,Elvetham (IRE),C D Hayes,0,D K Weld,12th,1 1/4 l,2,9-7,-,True,136,6
Naas Racing Results | 25th August 2024 14:32,N/A,14:32,Good To Yielding (Yielding In Places),5f 205y,Men Of Honour (IRE),A J Slattery,0,A Slattery,11th,1 1/4 l,2,9-3,-,True,136,6
Naas Racing Results | 25th August 2024 14:32,N/A,14:32,Good To Yielding (Yielding In Places),5f 205y,Rumba Bay,L F Roche,0,D K Weld,10th,1 1/4 l,2,9-4t1,-,True,136,6
Naas Racing Results | 25th August 2024 14:32,N/A,14:32,Good To Yielding (Yielding In Places),5f 205y,Dowth (IRE),J A Powell,3,N Meade,9th,1/2 l,2,8-10t1,-,True,136,6
Naas Racing Results | 25th August 2024 14:32,N/A,14:32,Good To Yielding (Yielding In Places),5f 205y,Admirador (IRE),M P Sheehy,0,A Murray,8th,1/2 l,2,9-3,-,True,136,6
Naas Racing Results | 25th August 2024 14:32,N/A,14:32,Good To Yielding (Yielding In Places),5f 205y,No Return (IRE),R P Whelan,0,A McGuinness,7th,3/4 l,2,9-3,-,True,136,6
Naas Racing Results | 25th August 2024 14:32,N/A,14:32,Good To Yielding (Yielding In Places),5f 205y,Saint Brandon (IRE),B M Coen,0,N Lupini,6th,3/4 l,2,8-13,-,True,136,6
Naas Racing Results | 25th August 2024 14:32,N/A,14:32,Good To Yielding (Yielding In Places),5f 205y,Moonhall Church (IRE),N G McCullagh,0,Alan McIntyre,5th,Short Head,2,8-8,-,True,136,6
Naas Racing Results | 25th August 2024 14:32,N/A,14:32,Good To Yielding (Yielding In Places),5f 205y,Bluebelardo (IRE),R P Cleary,0,M C Grassick,4th,3/4 l,2,8-8,-,True,136,6
Naas Racing Results | 25th August 2024 14:32,N/A,14:32,Good To Yielding (Yielding In Places),5f 205y,Right And True (IRE),W M Lordan,0,A P O'Brien,3rd,3/4 l,2,9-9,-,True,136,6
Naas Racing Results | 25th August 2024 14:32,N/A,14:32,Good To Yielding (Yielding In Places),5f 205y,Rion Rubette,S Foley,0,M Butler,2nd,Head,2,8-8,-,True,136,6
Naas Racing Results | 25th August 2024 14:32,N/A,14:32,Good To Yielding (Yielding In Places),5f 205y,Rebel Diamond (IRE),W J Lee,0,N Lupini,1st,N/A,2,9-5,-,True,136,6
Naas Racing Results | 25th August 2024 14:32,N/A,14:32,Good To Yielding (Yielding In Places),5f 205y,Last Encore (IRE),D McMonagle,0,J P O'Brien,NR,N/A,2,9-3,-,True,136,6
Naas Racing Results | 25th August 2024 14:32,N/A,14:32,Good To Yielding (Yielding In Places),5f 205y,Elvetham (IRE),C D Hayes,0,D K Weld,12th,1 1/4 l,2,9-7,-,True,136,6
Naas Racing Results | 25th August 2024 14:32,N/A,14:32,Good To Yielding (Yielding In Places),5f 205y,Men Of Honour (IRE),A J Slattery,0,A Slattery,11th,1 1/4 l,2,9-3,-,True,136,6
Naas Racing Results | 25th August 2024 14:32,N/A,14:32,Good To Yielding (Yielding In Places),5f 205y,Rumba Bay,L F Roche,0,D K Weld,10th,1 1/4 l,2,9-4t1,-,True,136,6
Naas Racing Results | 25th August 2024 14:32,N/A,14:32,Good To Yielding (Yielding In Places),5f 205y,Dowth (IRE),J A Powell,3,N Meade,9th,1/2 l,2,8-10t1,-,True,136,6
Naas Racing Results | 25th August 2024 14:32,N/A,14:32,Good To Yielding (Yielding In Places),5f 205y,Admirador (IRE),M P Sheehy,0,A Murray,8th,1/2 l,2,9-3,-,True,136,6
Naas Racing Results | 25th August 2024 14:32,N/A,14:32,Good To Yielding (Yielding In Places),5f 205y,No Return (IRE),R P Whelan,0,A McGuinness,7th,3/4 l,2,9-3,-,True,136,6
Naas Racing Results | 25th August 2024 14:32,N/A,14:32,Good To Yielding (Yielding In Places),5f 205y,Saint Brandon (IRE),B M Coen,0,N Lupini,6th,3/4 l,2,8-13,-,True,136,6
Naas Racing Results | 25th August 2024 14:32,N/A,14:32,Good To Yielding (Yielding In Places),5f 205y,Moonhall Church (IRE),N G McCullagh,0,Alan McIntyre,5th,Short Head,2,8-8,-,True,136,6
Naas Racing Results | 25th August 2024 14:32,N/A,14:32,Good To Yielding (Yielding In Places),5f 205y,Bluebelardo (IRE),R P Cleary,0,M C Grassick,4th,3/4 l,2,8-8,-,True,136,6
Naas Racing Results | 25th August 2024 14:32,N/A,14:32,Good To Yielding (Yielding In Places),5f 205y,Right And True (IRE),W M Lordan,0,A P O'Brien,3rd,3/4 l,2,9-9,-,True,136,6
Naas Racing Results | 25th August 2024 14:32,N/A,14:32,Good To Yielding (Yielding In Places),5f 205y,Rion Rubette,S Foley,0,M Butler,2nd,Head,2,8-8,-,True,136,6
Naas Racing Results | 25th August 2024 14:32,N/A,14:32,Good To Yielding (Yielding In Places),5f 205y,Rebel Diamond (IRE),W J Lee,0,N Lupini,1st,N/A,2,9-5,-,True,136,6
Naas Racing Results | 25th August 2024 15:07,N/A,15:07,Good To Yielding (Yielding In Places),5f 205y,Pearls And Rubies (USA),Non Runner,0,A P O'Brien,NR,N/A,3,9-5,-,True,136,7
Naas Racing Results | 25th August 2024 15:07,N/A,15:07,Good To Yielding (Yielding In Places),5f 205y,Nighteyes (IRE),C T Keane,0,D O'Meara,11th,1 1/4 l,3,9-5,-,True,136,7
Naas Racing Results | 25th August 2024 15:07,N/A,15:07,Good To Yielding (Yielding In Places),5f 205y,Apricot Ice (IRE),G F Carroll,0,G M Lyons,10th,3/4 l,3,9-5,-,True,136,7
Naas Racing Results | 25th August 2024 15:07,N/A,15:07,Good To Yielding (Yielding In Places),5f 205y,You Send Me (IRE),J M Sheridan,0,J A Stack,9th,Nose,4,9-7b1,-,True,136,7
Naas Racing Results | 25th August 2024 15:07,N/A,15:07,Good To Yielding (Yielding In Places),5f 205y,Dance Night Andday (IRE),S Foley,0,R O'Sullivan,8th,1 l,4,9-7,-,True,136,7
Naas Racing Results | 25th August 2024 15:07,N/A,15:07,Good To Yielding (Yielding In Places),5f 205y,Wide With Delight (IRE),B M Coen,0,J P Murtagh,7th,Head,3,9-5,-,True,136,7
Naas Racing Results | 25th August 2024 15:07,N/A,15:07,Good To Yielding (Yielding In Places),5f 205y,Pink Crystal (IRE),C D Hayes,0,W J Haggas,6th,1/2 l,5,9-7,-,True,136,7
Naas Racing Results | 25th August 2024 15:07,N/A,15:07,Good To Yielding (Yielding In Places),5f 205y,Over The Blues (IRE),L T McAteer,0,P T Foley,5th,1/2 l,3,9-5,-,True,136,7
Naas Racing Results | 25th August 2024 15:07,N/A,15:07,Good To Yielding (Yielding In Places),5f 205y,Navassa Island (IRE),D McMonagle,0,M O'Callaghan,4th,Head,3,9-5b,-,True,136,7
Naas Racing Results | 25th August 2024 15:07,N/A,15:07,Good To Yielding (Yielding In Places),5f 205y,Pandora's Gift (IRE),M Ghiani,0,S C Williams,3rd,2 1/2 l,3,9-5,-,True,136,7
Naas Racing Results | 25th August 2024 15:07,N/A,15:07,Good To Yielding (Yielding In Places),5f 205y,Firebird,W J Lee,0,P Twomey,2nd,Head,3,9-5,-,True,136,7
Naas Racing Results | 25th August 2024 15:07,N/A,15:07,Good To Yielding (Yielding In Places),5f 205y,Shandy (IRE),A J Slattery,0,J A Stack,1st,N/A,3,9-5h,-,True,136,7
Naas Racing Results | 25th August 2024 15:07,N/A,15:07,Good To Yielding (Yielding In Places),5f 205y,Pearls And Rubies (USA),Non Runner,0,A P O'Brien,NR,N/A,3,9-5,-,True,136,7
Naas Racing Results | 25th August 2024 15:07,N/A,15:07,Good To Yielding (Yielding In Places),5f 205y,Nighteyes (IRE),C T Keane,0,D O'Meara,11th,1 1/4 l,3,9-5,-,True,136,7
Naas Racing Results | 25th August 2024 15:07,N/A,15:07,Good To Yielding (Yielding In Places),5f 205y,Apricot Ice (IRE),G F Carroll,0,G M Lyons,10th,3/4 l,3,9-5,-,True,136,7
Naas Racing Results | 25th August 2024 15:07,N/A,15:07,Good To Yielding (Yielding In Places),5f 205y,You Send Me (IRE),J M Sheridan,0,J A Stack,9th,Nose,4,9-7b1,-,True,136,7
Naas Racing Results | 25th August 2024 15:07,N/A,15:07,Good To Yielding (Yielding In Places),5f 205y,Dance Night Andday (IRE),S Foley,0,R O'Sullivan,8th,1 l,4,9-7,-,True,136,7
Naas Racing Results | 25th August 2024 15:07,N/A,15:07,Good To Yielding (Yielding In Places),5f 205y,Wide With Delight (IRE),B M Coen,0,J P Murtagh,7th,Head,3,9-5,-,True,136,7
Naas Racing Results | 25th August 2024 15:07,N/A,15:07,Good To Yielding (Yielding In Places),5f 205y,Pink Crystal (IRE),C D Hayes,0,W J Haggas,6th,1/2 l,5,9-7,-,True,136,7
Naas Racing Results | 25th August 2024 15:07,N/A,15:07,Good To Yielding (Yielding In Places),5f 205y,Over The Blues (IRE),L T McAteer,0,P T Foley,5th,1/2 l,3,9-5,-,True,136,7
Naas Racing Results | 25th August 2024 15:07,N/A,15:07,Good To Yielding (Yielding In Places),5f 205y,Navassa Island (IRE),D McMonagle,0,M O'Callaghan,4th,Head,3,9-5b,-,True,136,7
Naas Racing Results | 25th August 2024 15:07,N/A,15:07,Good To Yielding (Yielding In Places),5f 205y,Pandora's Gift (IRE),M Ghiani,0,S C Williams,3rd,2 1/2 l,3,9-5,-,True,136,7
Naas Racing Results | 25th August 2024 15:07,N/A,15:07,Good To Yielding (Yielding In Places),5f 205y,Firebird,W J Lee,0,P Twomey,2nd,Head,3,9-5,-,True,136,7
Naas Racing Results | 25th August 2024 15:07,N/A,15:07,Good To Yielding (Yielding In Places),5f 205y,Shandy (IRE),A J Slattery,0,J A Stack,1st,N/A,3,9-5h,-,True,136,7
Naas Racing Results | 25th August 2024 15:42,N/A,15:42,Good To Yielding (Yielding In Places),5f,Coco Hill (IRE),Siobhan Rutledge,3,J C McConnell,NR,N/A,4,8-13p,47,True,136,8
Naas Racing Results | 25th August 2024 15:42,N/A,15:42,Good To Yielding (Yielding In Places),5f,She's Smart (IRE),C J MacRedmond,5,A McGuinness,NR,N/A,3,9-9h,59,True,136,8
Naas Racing Results | 25th August 2024 15:42,N/A,15:42,Good To Yielding (Yielding In Places),5f,Pointofblue,K G Kennedy,7,Mrs J Harrington,22nd,3 1/4 l,3,8-11p1,47,True,136,8
Naas Racing Results | 25th August 2024 15:42,N/A,15:42,Good To Yielding (Yielding In Places),5f,Livingston Range (IRE),C T Keane,0,R Donohoe,21st,Neck,6,9-12tb,60,True,136,8
Naas Racing Results | 25th August 2024 15:42,N/A,15:42,Good To Yielding (Yielding In Places),5f,Sister Lola (IRE),J M Sheridan,0,A Sexton,20th,2 l,7,8-13,47,True,136,8
Naas Racing Results | 25th August 2024 15:42,N/A,15:42,Good To Yielding (Yielding In Places),5f,Zentopia (IRE),A C Persse,7,S M Duffy,19th,Neck,4,8-13b1,47,True,136,8
Naas Racing Results | 25th August 2024 15:42,N/A,15:42,Good To Yielding (Yielding In Places),5f,Aurora Nova (IRE),J Kearney,5,A McNamara,18th,3/4 l,5,10-0,62,True,136,8
Naas Racing Results | 25th August 2024 15:42,N/A,15:42,Good To Yielding (Yielding In Places),5f,Pass To Paris (IRE),B M Coen,0,P J F Murphy,17th,Neck,3,9-6,56,True,136,8
Naas Racing Results | 25th August 2024 15:42,N/A,15:42,Good To Yielding (Yielding In Places),5f,Lady Daar,G F Carroll,0,G P Cromwell,16th,Neck,3,9-3,53,True,136,8
Naas Racing Results | 25th August 2024 15:42,N/A,15:42,Good To Yielding (Yielding In Places),5f,Lismacbryan Hill (IRE),R C Colgan,0,P Magee,15th,Head,3,9-0t,50,True,136,8
Naas Racing Results | 25th August 2024 15:42,N/A,15:42,Good To Yielding (Yielding In Places),5f,Art Of Unity,R P Whelan,0,M Kelly,14th,Neck,9,9-0v,48,True,136,8
Naas Racing Results | 25th August 2024 15:42,N/A,15:42,Good To Yielding (Yielding In Places),5f,Gegenpressing,N M Crosse,0,E & P Harty,13th,Neck,6,8-13t,47,True,136,8
Naas Racing Results | 25th August 2024 15:42,N/A,15:42,Good To Yielding (Yielding In Places),5f,Only A Star (IRE),C D Maxwell,0,T G McCourt,12th,Head,4,8-13t1,47,True,136,8
Naas Racing Results | 25th August 2024 15:42,N/A,15:42,Good To Yielding (Yielding In Places),5f,Iva Batt (IRE),S Foley,0,R K Watson,11th,Neck,6,9-6,54,True,136,8
Naas Racing Results | 25th August 2024 15:42,N/A,15:42,Good To Yielding (Yielding In Places),5f,Ginormous (IRE),L F Roche,0,M Fenton,10th,Neck,3,9-9h,59,True,136,8
Naas Racing Results | 25th August 2024 15:42,N/A,15:42,Good To Yielding (Yielding In Places),5f,Woohoo (IRE),D P McDonogh,0,Daniel Murphy,9th,Neck,3,9-3t,53,True,136,8
Naas Racing Results | 25th August 2024 15:42,N/A,15:42,Good To Yielding (Yielding In Places),5f,Finito Bonito (IRE),J J G Ryan,3,T G McCourt,8th,3/4 l,3,8-11v,47,True,136,8
Naas Racing Results | 25th August 2024 15:42,N/A,15:42,Good To Yielding (Yielding In Places),5f,Senado Square,C Horgan,7,A Slattery,7th,3/4 l,4,9-6,54,True,136,8
Naas Racing Results | 25th August 2024 15:42,N/A,15:42,Good To Yielding (Yielding In Places),5f,Clarinbridge (IRE),R P Cleary,0,L Breen,6th,Neck,5,8-13,47,True,136,8
Naas Racing Results | 25th August 2024 15:42,N/A,15:42,Good To Yielding (Yielding In Places),5f,Coolcalmncollected,D McMonagle,0,Ciaran Murphy,5th,1/2 l,4,9-1,49,True,136,8
Naas Racing Results | 25th August 2024 15:42,N/A,15:42,Good To Yielding (Yielding In Places),5f,Stopitnowjulia (IRE),M W Hassett,5,A A Howard,4th,1 1/4 l,3,8-11h,47,True,136,8
Naas Racing Results | 25th August 2024 15:42,N/A,15:42,Good To Yielding (Yielding In Places),5f,Mymomentintime (USA),W J Lee,0,Miss S A Finn,3rd,Head,5,9-10h,58,True,136,8
Naas Racing Results | 25th August 2024 15:42,N/A,15:42,Good To Yielding (Yielding In Places),5f,Sunday Sovereign,C D Hayes,0,G A Kingston,2nd,3 1/4 l,7,10-0,62,True,136,8
Naas Racing Results | 25th August 2024 15:42,N/A,15:42,Good To Yielding (Yielding In Places),5f,Theriverrunsdeep (IRE),W Joyce,5,S G O'Donnell,1st,N/A,8,8-13b,47,True,136,8
Naas Racing Results | 25th August 2024 15:42,N/A,15:42,Good To Yielding (Yielding In Places),5f,Coco Hill (IRE),Siobhan Rutledge,3,J C McConnell,NR,N/A,4,8-13p,47,True,136,8
Naas Racing Results | 25th August 2024 15:42,N/A,15:42,Good To Yielding (Yielding In Places),5f,She's Smart (IRE),C J MacRedmond,5,A McGuinness,NR,N/A,3,9-9h,59,True,136,8
Naas Racing Results | 25th August 2024 15:42,N/A,15:42,Good To Yielding (Yielding In Places),5f,Pointofblue,K G Kennedy,7,Mrs J Harrington,22nd,3 1/4 l,3,8-11p1,47,True,136,8
Naas Racing Results | 25th August 2024 15:42,N/A,15:42,Good To Yielding (Yielding In Places),5f,Livingston Range (IRE),C T Keane,0,R Donohoe,21st,Neck,6,9-12tb,60,True,136,8
Naas Racing Results | 25th August 2024 15:42,N/A,15:42,Good To Yielding (Yielding In Places),5f,Sister Lola (IRE),J M Sheridan,0,A Sexton,20th,2 l,7,8-13,47,True,136,8
Naas Racing Results | 25th August 2024 15:42,N/A,15:42,Good To Yielding (Yielding In Places),5f,Zentopia (IRE),A C Persse,7,S M Duffy,19th,Neck,4,8-13b1,47,True,136,8
Naas Racing Results | 25th August 2024 15:42,N/A,15:42,Good To Yielding (Yielding In Places),5f,Aurora Nova (IRE),J Kearney,5,A McNamara,18th,3/4 l,5,10-0,62,True,136,8
Naas Racing Results | 25th August 2024 15:42,N/A,15:42,Good To Yielding (Yielding In Places),5f,Pass To Paris (IRE),B M Coen,0,P J F Murphy,17th,Neck,3,9-6,56,True,136,8
Naas Racing Results | 25th August 2024 15:42,N/A,15:42,Good To Yielding (Yielding In Places),5f,Lady Daar,G F Carroll,0,G P Cromwell,16th,Neck,3,9-3,53,True,136,8
Naas Racing Results | 25th August 2024 15:42,N/A,15:42,Good To Yielding (Yielding In Places),5f,Lismacbryan Hill (IRE),R C Colgan,0,P Magee,15th,Head,3,9-0t,50,True,136,8
Naas Racing Results | 25th August 2024 15:42,N/A,15:42,Good To Yielding (Yielding In Places),5f,Art Of Unity,R P Whelan,0,M Kelly,14th,Neck,9,9-0v,48,True,136,8
Naas Racing Results | 25th August 2024 15:42,N/A,15:42,Good To Yielding (Yielding In Places),5f,Gegenpressing,N M Crosse,0,E & P Harty,13th,Neck,6,8-13t,47,True,136,8
Naas Racing Results | 25th August 2024 15:42,N/A,15:42,Good To Yielding (Yielding In Places),5f,Only A Star (IRE),C D Maxwell,0,T G McCourt,12th,Head,4,8-13t1,47,True,136,8
Naas Racing Results | 25th August 2024 15:42,N/A,15:42,Good To Yielding (Yielding In Places),5f,Iva Batt (IRE),S Foley,0,R K Watson,11th,Neck,6,9-6,54,True,136,8
Naas Racing Results | 25th August 2024 15:42,N/A,15:42,Good To Yielding (Yielding In Places),5f,Ginormous (IRE),L F Roche,0,M Fenton,10th,Neck,3,9-9h,59,True,136,8
Naas Racing Results | 25th August 2024 15:42,N/A,15:42,Good To Yielding (Yielding In Places),5f,Woohoo (IRE),D P McDonogh,0,Daniel Murphy,9th,Neck,3,9-3t,53,True,136,8
Naas Racing Results | 25th August 2024 15:42,N/A,15:42,Good To Yielding (Yielding In Places),5f,Finito Bonito (IRE),J J G Ryan,3,T G McCourt,8th,3/4 l,3,8-11v,47,True,136,8
Naas Racing Results | 25th August 2024 15:42,N/A,15:42,Good To Yielding (Yielding In Places),5f,Senado Square,C Horgan,7,A Slattery,7th,3/4 l,4,9-6,54,True,136,8
Naas Racing Results | 25th August 2024 15:42,N/A,15:42,Good To Yielding (Yielding In Places),5f,Clarinbridge (IRE),R P Cleary,0,L Breen,6th,Neck,5,8-13,47,True,136,8
Naas Racing Results | 25th August 2024 15:42,N/A,15:42,Good To Yielding (Yielding In Places),5f,Coolcalmncollected,D McMonagle,0,Ciaran Murphy,5th,1/2 l,4,9-1,49,True,136,8
Naas Racing Results | 25th August 2024 15:42,N/A,15:42,Good To Yielding (Yielding In Places),5f,Stopitnowjulia (IRE),M W Hassett,5,A A Howard,4th,1 1/4 l,3,8-11h,47,True,136,8
Naas Racing Results | 25th August 2024 15:42,N/A,15:42,Good To Yielding (Yielding In Places),5f,Mymomentintime (USA),W J Lee,0,Miss S A Finn,3rd,Head,5,9-10h,58,True,136,8
Naas Racing Results | 25th August 2024 15:42,N/A,15:42,Good To Yielding (Yielding In Places),5f,Sunday Sovereign,C D Hayes,0,G A Kingston,2nd,3 1/4 l,7,10-0,62,True,136,8
Naas Racing Results | 25th August 2024 15:42,N/A,15:42,Good To Yielding (Yielding In Places),5f,Theriverrunsdeep (IRE),W Joyce,5,S G O'Donnell,1st,N/A,8,8-13b,47,True,136,8
Naas Racing Results | 25th August 2024 16:17,N/A,16:17,Good To Yielding (Yielding In Places),1m 2f 84y,Letiza (IRE),W Joyce,0,Thomas Dowling,NR,N/A,4,9-11p,70,True,136,9
Naas Racing Results | 25th August 2024 16:17,N/A,16:17,Good To Yielding (Yielding In Places),1m 2f 84y,Hokusai (IRE),C Stone-Walsh,0,N Meade,13th,1/2 l,4,9-11tb,70,True,136,9
Naas Racing Results | 25th August 2024 16:17,N/A,16:17,Good To Yielding (Yielding In Places),1m 2f 84y,Naisiun (IRE),C Horgan,4,J S Bolger,12th,3/4 l,3,8-7,59,True,136,9
Naas Racing Results | 25th August 2024 16:17,N/A,16:17,Good To Yielding (Yielding In Places),1m 2f 84y,Vivacious Lady (IRE),C J MacRedmond,0,M Halford & T Collins,11th,1 l,3,9-0,66,True,136,9
Naas Racing Results | 25th August 2024 16:17,N/A,16:17,Good To Yielding (Yielding In Places),1m 2f 84y,Hasten Slowly (IRE),C D Fahy,7,J C McConnell,10th,1/2 l,4,9-9,68,True,136,9
Naas Racing Results | 25th August 2024 16:17,N/A,16:17,Good To Yielding (Yielding In Places),1m 2f 84y,God Knows (IRE),C Geerdharry,7,R Brabazon,9th,1/2 l,5,9-13,72,True,136,9
Naas Racing Results | 25th August 2024 16:17,N/A,16:17,Good To Yielding (Yielding In Places),1m 2f 84y,The Mpex Kid (IRE),D S O'Sullivan,7,Ciaran Murphy,8th,1 3/4 l,8,9-8,67,True,136,9
Naas Racing Results | 25th August 2024 16:17,N/A,16:17,Good To Yielding (Yielding In Places),1m 2f 84y,Endless Pursuit (IRE),K G Kennedy,2,Mrs J Harrington,7th,1 l,4,9-7,66,True,136,9
Naas Racing Results | 25th August 2024 16:17,N/A,16:17,Good To Yielding (Yielding In Places),1m 2f 84y,Dark Note,J S Dalton,7,A Slattery,6th,1 l,5,10-0,73,True,136,9
Naas Racing Results | 25th August 2024 16:17,N/A,16:17,Good To Yielding (Yielding In Places),1m 2f 84y,Quiz Test (IRE),M W Hassett,0,S Byrne,5th,Neck,4,10-0,73,True,136,9
Naas Racing Results | 25th August 2024 16:17,N/A,16:17,Good To Yielding (Yielding In Places),1m 2f 84y,Daboya (IRE),J Kearney,0,D K Weld,4th,2 1/2 l,3,9-10p1,76,True,136,9
Naas Racing Results | 25th August 2024 16:17,N/A,16:17,Good To Yielding (Yielding In Places),1m 2f 84y,Spring Collection,Amy Jo Hayes,4,D H Kelly,3rd,1/2 l,4,9-0,59,True,136,9
Naas Racing Results | 25th August 2024 16:17,N/A,16:17,Good To Yielding (Yielding In Places),1m 2f 84y,Red Trail (IRE),H J Horgan,0,A McNamara,2nd,Neck,5,9-9,68,True,136,9
Naas Racing Results | 25th August 2024 16:17,N/A,16:17,Good To Yielding (Yielding In Places),1m 2f 84y,Chicago Storm,J Cleary,2,C Timmons,1st,N/A,5,8-13tp,58,True,136,9
Naas Racing Results | 25th August 2024 16:17,N/A,16:17,Good To Yielding (Yielding In Places),1m 2f 84y,Letiza (IRE),W Joyce,0,Thomas Dowling,NR,N/A,4,9-11p,70,True,136,9
Naas Racing Results | 25th August 2024 16:17,N/A,16:17,Good To Yielding (Yielding In Places),1m 2f 84y,Hokusai (IRE),C Stone-Walsh,0,N Meade,13th,1/2 l,4,9-11tb,70,True,136,9
Naas Racing Results | 25th August 2024 16:17,N/A,16:17,Good To Yielding (Yielding In Places),1m 2f 84y,Naisiun (IRE),C Horgan,4,J S Bolger,12th,3/4 l,3,8-7,59,True,136,9
Naas Racing Results | 25th August 2024 16:17,N/A,16:17,Good To Yielding (Yielding In Places),1m 2f 84y,Vivacious Lady (IRE),C J MacRedmond,0,M Halford & T Collins,11th,1 l,3,9-0,66,True,136,9
Naas Racing Results | 25th August 2024 16:17,N/A,16:17,Good To Yielding (Yielding In Places),1m 2f 84y,Hasten Slowly (IRE),C D Fahy,7,J C McConnell,10th,1/2 l,4,9-9,68,True,136,9
Naas Racing Results | 25th August 2024 16:17,N/A,16:17,Good To Yielding (Yielding In Places),1m 2f 84y,God Knows (IRE),C Geerdharry,7,R Brabazon,9th,1/2 l,5,9-13,72,True,136,9
Naas Racing Results | 25th August 2024 16:17,N/A,16:17,Good To Yielding (Yielding In Places),1m 2f 84y,The Mpex Kid (IRE),D S O'Sullivan,7,Ciaran Murphy,8th,1 3/4 l,8,9-8,67,True,136,9
Naas Racing Results | 25th August 2024 16:17,N/A,16:17,Good To Yielding (Yielding In Places),1m 2f 84y,Endless Pursuit (IRE),K G Kennedy,2,Mrs J Harrington,7th,1 l,4,9-7,66,True,136,9
Naas Racing Results | 25th August 2024 16:17,N/A,16:17,Good To Yielding (Yielding In Places),1m 2f 84y,Dark Note,J S Dalton,7,A Slattery,6th,1 l,5,10-0,73,True,136,9
Naas Racing Results | 25th August 2024 16:17,N/A,16:17,Good To Yielding (Yielding In Places),1m 2f 84y,Quiz Test (IRE),M W Hassett,0,S Byrne,5th,Neck,4,10-0,73,True,136,9
Naas Racing Results | 25th August 2024 16:17,N/A,16:17,Good To Yielding (Yielding In Places),1m 2f 84y,Daboya (IRE),J Kearney,0,D K Weld,4th,2 1/2 l,3,9-10p1,76,True,136,9
Naas Racing Results | 25th August 2024 16:17,N/A,16:17,Good To Yielding (Yielding In Places),1m 2f 84y,Spring Collection,Amy Jo Hayes,4,D H Kelly,3rd,1/2 l,4,9-0,59,True,136,9
Naas Racing Results | 25th August 2024 16:17,N/A,16:17,Good To Yielding (Yielding In Places),1m 2f 84y,Red Trail (IRE),H J Horgan,0,A McNamara,2nd,Neck,5,9-9,68,True,136,9
Naas Racing Results | 25th August 2024 16:17,N/A,16:17,Good To Yielding (Yielding In Places),1m 2f 84y,Chicago Storm,J Cleary,2,C Timmons,1st,N/A,5,8-13tp,58,True,136,9
Naas Racing Results | 25th August 2024 16:52,N/A,16:52,Good To Yielding (Yielding In Places),1m 2f 84y,Abbey Actress (IRE),K G Kennedy,2,John O'Donoghue,NR,N/A,3,8-12,66,True,136,10
Naas Racing Results | 25th August 2024 16:52,N/A,16:52,Good To Yielding (Yielding In Places),1m 2f 84y,Bang Po (IRE),S McAteer,7,L McAteer,14th,4 3/4 l,4,8-12,59,True,136,10
Naas Racing Results | 25th August 2024 16:52,N/A,16:52,Good To Yielding (Yielding In Places),1m 2f 84y,Newfire (IRE),P A Harnett,0,R P Cody,13th,1 3/4 l,3,8-11,65,True,136,10
Naas Racing Results | 25th August 2024 16:52,N/A,16:52,Good To Yielding (Yielding In Places),1m 2f 84y,Red Special (USA),D J Power,7,W McCreery,12th,3 1/4 l,4,9-10,71,True,136,10
Naas Racing Results | 25th August 2024 16:52,N/A,16:52,Good To Yielding (Yielding In Places),1m 2f 84y,Highland King (IRE),C D Fahy,7,J C McConnell,11th,Neck,5,9-4,65,True,136,10
Naas Racing Results | 25th August 2024 16:52,N/A,16:52,Good To Yielding (Yielding In Places),1m 2f 84y,Castleheath (IRE),C J MacRedmond,0,Ciaran Murphy,10th,1 3/4 l,3,9-5p1,73,True,136,10
Naas Racing Results | 25th August 2024 16:52,N/A,16:52,Good To Yielding (Yielding In Places),1m 2f 84y,Best Law (IRE),W Joyce,0,G M Lyons,9th,Neck,3,9-4b,72,True,136,10
Naas Racing Results | 25th August 2024 16:52,N/A,16:52,Good To Yielding (Yielding In Places),1m 2f 84y,Beautiful Chaos (IRE),S R Markey,7,R O'Sullivan,8th,1 l,6,9-3,64,True,136,10
Naas Racing Results | 25th August 2024 16:52,N/A,16:52,Good To Yielding (Yielding In Places),1m 2f 84y,Mooretown Lad (IRE),M W Hassett,0,M O'Callaghan,6th,Neck,4,9-12,73,True,136,10
Naas Racing Results | 25th August 2024 16:52,N/A,16:52,Good To Yielding (Yielding In Places),1m 2f 84y,Miss Paloma,R Donaghue-Leahy,7,H De Bromhead,6th,Dead Heat,6,9-10,71,True,136,10
Naas Racing Results | 25th August 2024 16:52,N/A,16:52,Good To Yielding (Yielding In Places),1m 2f 84y,Sportingsilvermine (IRE),Amy Jo Hayes,4,D Hogan,5th,Neck,3,9-4,72,True,136,10
Naas Racing Results | 25th August 2024 16:52,N/A,16:52,Good To Yielding (Yielding In Places),1m 2f 84y,Silkies Sib (IRE),S Coen,7,T Doyle,4th,1 1/4 l,4,9-4h,65,True,136,10
Naas Racing Results | 25th August 2024 16:52,N/A,16:52,Good To Yielding (Yielding In Places),1m 2f 84y,Proleek Prince (IRE),H J Horgan,0,M Rice,3rd,1 1/4 l,4,9-4,65,True,136,10
Naas Racing Results | 25th August 2024 16:52,N/A,16:52,Good To Yielding (Yielding In Places),1m 2f 84y,You Owe Me Money (IRE),J Cleary,2,Gerard O'Leary,2nd,1/2 l,6,10-0,75,True,136,10
Naas Racing Results | 25th August 2024 16:52,N/A,16:52,Good To Yielding (Yielding In Places),1m 2f 84y,Complete Fiction (IRE),Neve Bennett,7,J P Fahey,1st,N/A,7,9-13,74,True,136,10
Naas Racing Results | 25th August 2024 16:52,N/A,16:52,Good To Yielding (Yielding In Places),1m 2f 84y,Abbey Actress (IRE),K G Kennedy,2,John O'Donoghue,NR,N/A,3,8-12,66,True,136,10
Naas Racing Results | 25th August 2024 16:52,N/A,16:52,Good To Yielding (Yielding In Places),1m 2f 84y,Bang Po (IRE),S McAteer,7,L McAteer,14th,4 3/4 l,4,8-12,59,True,136,10
Naas Racing Results | 25th August 2024 16:52,N/A,16:52,Good To Yielding (Yielding In Places),1m 2f 84y,Newfire (IRE),P A Harnett,0,R P Cody,13th,1 3/4 l,3,8-11,65,True,136,10
Naas Racing Results | 25th August 2024 16:52,N/A,16:52,Good To Yielding (Yielding In Places),1m 2f 84y,Red Special (USA),D J Power,7,W McCreery,12th,3 1/4 l,4,9-10,71,True,136,10
Naas Racing Results | 25th August 2024 16:52,N/A,16:52,Good To Yielding (Yielding In Places),1m 2f 84y,Highland King (IRE),C D Fahy,7,J C McConnell,11th,Neck,5,9-4,65,True,136,10
Naas Racing Results | 25th August 2024 16:52,N/A,16:52,Good To Yielding (Yielding In Places),1m 2f 84y,Castleheath (IRE),C J MacRedmond,0,Ciaran Murphy,10th,1 3/4 l,3,9-5p1,73,True,136,10
Naas Racing Results | 25th August 2024 16:52,N/A,16:52,Good To Yielding (Yielding In Places),1m 2f 84y,Best Law (IRE),W Joyce,0,G M Lyons,9th,Neck,3,9-4b,72,True,136,10
Naas Racing Results | 25th August 2024 16:52,N/A,16:52,Good To Yielding (Yielding In Places),1m 2f 84y,Beautiful Chaos (IRE),S R Markey,7,R O'Sullivan,8th,1 l,6,9-3,64,True,136,10
Naas Racing Results | 25th August 2024 16:52,N/A,16:52,Good To Yielding (Yielding In Places),1m 2f 84y,Mooretown Lad (IRE),M W Hassett,0,M O'Callaghan,6th,Neck,4,9-12,73,True,136,10
Naas Racing Results | 25th August 2024 16:52,N/A,16:52,Good To Yielding (Yielding In Places),1m 2f 84y,Miss Paloma,R Donaghue-Leahy,7,H De Bromhead,6th,Dead Heat,6,9-10,71,True,136,10
Naas Racing Results | 25th August 2024 16:52,N/A,16:52,Good To Yielding (Yielding In Places),1m 2f 84y,Sportingsilvermine (IRE),Amy Jo Hayes,4,D Hogan,5th,Neck,3,9-4,72,True,136,10
Naas Racing Results | 25th August 2024 16:52,N/A,16:52,Good To Yielding (Yielding In Places),1m 2f 84y,Silkies Sib (IRE),S Coen,7,T Doyle,4th,1 1/4 l,4,9-4h,65,True,136,10
Naas Racing Results | 25th August 2024 16:52,N/A,16:52,Good To Yielding (Yielding In Places),1m 2f 84y,Proleek Prince (IRE),H J Horgan,0,M Rice,3rd,1 1/4 l,4,9-4,65,True,136,10
Naas Racing Results | 25th August 2024 16:52,N/A,16:52,Good To Yielding (Yielding In Places),1m 2f 84y,You Owe Me Money (IRE),J Cleary,2,Gerard O'Leary,2nd,1/2 l,6,10-0,75,True,136,10
Naas Racing Results | 25th August 2024 16:52,N/A,16:52,Good To Yielding (Yielding In Places),1m 2f 84y,Complete Fiction (IRE),Neve Bennett,7,J P Fahey,1st,N/A,7,9-13,74,True,136,10
Naas Racing Results | 25th August 2024 17:27,N/A,17:27,Good To Yielding (Yielding In Places),1m 2f 84y,Shayzann (IRE),B M Coen,0,J P Murtagh,NR,N/A,4,10-0ht1,93,True,136,11
Naas Racing Results | 25th August 2024 17:27,N/A,17:27,Good To Yielding (Yielding In Places),1m 2f 84y,See Me Through (IRE),S Foley,0,R O'Sullivan,7th,13 l,4,9-2p,81,True,136,11
Naas Racing Results | 25th August 2024 17:27,N/A,17:27,Good To Yielding (Yielding In Places),1m 2f 84y,Casanova,Adam Caffrey,3,A McGuinness,6th,1 1/2 l,8,9-5,84,True,136,11
Naas Racing Results | 25th August 2024 17:27,N/A,17:27,Good To Yielding (Yielding In Places),1m 2f 84y,Getawiggleon (FR),J J G Ryan,3,M Hourigan,5th,2 3/4 l,7,9-3,82,True,136,11
Naas Racing Results | 25th August 2024 17:27,N/A,17:27,Good To Yielding (Yielding In Places),1m 2f 84y,Tamrat (IRE),C T Keane,0,G M Lyons,4th,5 1/2 l,3,9-2b1,88,True,136,11
Naas Racing Results | 25th August 2024 17:27,N/A,17:27,Good To Yielding (Yielding In Places),1m 2f 84y,Slieve Binnian (IRE),R P Whelan,0,M Halford & T Collins,3rd,Short Head,4,9-3,82,True,136,11
Naas Racing Results | 25th August 2024 17:27,N/A,17:27,Good To Yielding (Yielding In Places),1m 2f 84y,Thor's Hammer (IRE),D P McDonogh,0,J P Murtagh,2nd,3 1/2 l,3,8-10b,82,True,136,11
Naas Racing Results | 25th August 2024 17:27,N/A,17:27,Good To Yielding (Yielding In Places),1m 2f 84y,Fiver Friday (IRE),M W Hassett,5,Paul Traynor,1st,N/A,4,9-5h,84,True,136,11
Naas Racing Results | 25th August 2024 17:27,N/A,17:27,Good To Yielding (Yielding In Places),1m 2f 84y,Shayzann (IRE),B M Coen,0,J P Murtagh,NR,N/A,4,10-0ht1,93,True,136,11
Naas Racing Results | 25th August 2024 17:27,N/A,17:27,Good To Yielding (Yielding In Places),1m 2f 84y,See Me Through (IRE),S Foley,0,R O'Sullivan,7th,13 l,4,9-2p,81,True,136,11
Naas Racing Results | 25th August 2024 17:27,N/A,17:27,Good To Yielding (Yielding In Places),1m 2f 84y,Casanova,Adam Caffrey,3,A McGuinness,6th,1 1/2 l,8,9-5,84,True,136,11
Naas Racing Results | 25th August 2024 17:27,N/A,17:27,Good To Yielding (Yielding In Places),1m 2f 84y,Getawiggleon (FR),J J G Ryan,3,M Hourigan,5th,2 3/4 l,7,9-3,82,True,136,11
Naas Racing Results | 25th August 2024 17:27,N/A,17:27,Good To Yielding (Yielding In Places),1m 2f 84y,Tamrat (IRE),C T Keane,0,G M Lyons,4th,5 1/2 l,3,9-2b1,88,True,136,11
Naas Racing Results | 25th August 2024 17:27,N/A,17:27,Good To Yielding (Yielding In Places),1m 2f 84y,Slieve Binnian (IRE),R P Whelan,0,M Halford & T Collins,3rd,Short Head,4,9-3,82,True,136,11
Naas Racing Results | 25th August 2024 17:27,N/A,17:27,Good To Yielding (Yielding In Places),1m 2f 84y,Thor's Hammer (IRE),D P McDonogh,0,J P Murtagh,2nd,3 1/2 l,3,8-10b,82,True,136,11
Naas Racing Results | 25th August 2024 17:27,N/A,17:27,Good To Yielding (Yielding In Places),1m 2f 84y,Fiver Friday (IRE),M W Hassett,5,Paul Traynor,1st,N/A,4,9-5h,84,True,136,11
N/A,N/A,13:55,Good,2m 1f 165y,Fire Force (IRE),E Walsh,0,Ciaran Murphy,NR,N/A,5,11-5t1,-,True,136,12
N/A,N/A,13:55,Good,2m 1f 165y,Ruby Mouse (IRE),J Coen,3,Peter Fahey,PU,N/A,5,11-5,-,True,136,12
N/A,N/A,13:55,Good,2m 1f 165y,Barney Van Winkle (IRE),J Kearney,5,John G Carr,12th,11 l,9,11-12ht,-,True,136,12
N/A,N/A,13:55,Good,2m 1f 165y,Our Shane (IRE),D A Kidd,7,J C McConnell,11th,13 l,5,11-12t1,-,True,136,12
N/A,N/A,13:55,Good,2m 1f 165y,Monty Cross (IRE),P T Enright,0,E J O'Grady,10th,32 l,6,11-12b1,-,True,136,12
N/A,N/A,13:55,Good,2m 1f 165y,Ravelli (IRE),B W Harvey,0,J C McConnell,9th,2 l,4,11-9,-,True,136,12
N/A,N/A,13:55,Good,2m 1f 165y,Rocket Ruby (IRE),C P Millar,7,C Collins,8th,11 l,4,11-9,-,True,136,12
N/A,N/A,13:55,Good,2m 1f 165y,Willwetakeher (IRE),P M O'Brien,7,Tom Dreaper,7th,25 l,5,11-5t1,-,True,136,12
N/A,N/A,13:55,Good,2m 1f 165y,Ovidstown Hill,F Brickley,7,G Elliott,6th,4 l,5,11-12,-,True,136,12
N/A,N/A,13:55,Good,2m 1f 165y,Jim's Cracker,P J O'Hanlon,0,D A McLoughlin,5th,8 l,4,11-9,-,True,136,12
N/A,N/A,13:55,Good,2m 1f 165y,Clongorey (IRE),J W Kennedy,0,G Elliott,4th,5 1/2 l,4,11-2,-,True,136,12
N/A,N/A,13:55,Good,2m 1f 165y,Gortmore Lady (IRE),C Stone-Walsh,5,C Collins,3rd,10 l,4,11-2,-,True,136,12
N/A,N/A,13:55,Good,2m 1f 165y,In The Trenches,K M Donoghue,0,G P Cromwell,2nd,25 l,4,11-9,-,True,136,12
N/A,N/A,13:55,Good,2m 1f 165y,Chart Topper (FR),Mr P W Mullins,0,W P Mullins,1st,N/A,5,11-12,-,True,136,12
N/A,N/A,13:55,Good,2m 1f 165y,Fire Force (IRE),E Walsh,0,Ciaran Murphy,NR,N/A,5,11-5t1,-,True,136,12
N/A,N/A,13:55,Good,2m 1f 165y,Ruby Mouse (IRE),J Coen,3,Peter Fahey,PU,N/A,5,11-5,-,True,136,12
N/A,N/A,13:55,Good,2m 1f 165y,Barney Van Winkle (IRE),J Kearney,5,John G Carr,12th,11 l,9,11-12ht,-,True,136,12
N/A,N/A,13:55,Good,2m 1f 165y,Our Shane (IRE),D A Kidd,7,J C McConnell,11th,13 l,5,11-12t1,-,True,136,12
N/A,N/A,13:55,Good,2m 1f 165y,Monty Cross (IRE),P T Enright,0,E J O'Grady,10th,32 l,6,11-12b1,-,True,136,12
N/A,N/A,13:55,Good,2m 1f 165y,Ravelli (IRE),B W Harvey,0,J C McConnell,9th,2 l,4,11-9,-,True,136,12
N/A,N/A,13:55,Good,2m 1f 165y,Rocket Ruby (IRE),C P Millar,7,C Collins,8th,11 l,4,11-9,-,True,136,12
N/A,N/A,13:55,Good,2m 1f 165y,Willwetakeher (IRE),P M O'Brien,7,Tom Dreaper,7th,25 l,5,11-5t1,-,True,136,12
N/A,N/A,13:55,Good,2m 1f 165y,Ovidstown Hill,F Brickley,7,G Elliott,6th,4 l,5,11-12,-,True,136,12
N/A,N/A,13:55,Good,2m 1f 165y,Jim's Cracker,P J O'Hanlon,0,D A McLoughlin,5th,8 l,4,11-9,-,True,136,12
N/A,N/A,13:55,Good,2m 1f 165y,Clongorey (IRE),J W Kennedy,0,G Elliott,4th,5 1/2 l,4,11-2,-,True,136,12
N/A,N/A,13:55,Good,2m 1f 165y,Gortmore Lady (IRE),C Stone-Walsh,5,C Collins,3rd,10 l,4,11-2,-,True,136,12
N/A,N/A,13:55,Good,2m 1f 165y,In The Trenches,K M Donoghue,0,G P Cromwell,2nd,25 l,4,11-9,-,True,136,12
N/A,N/A,13:55,Good,2m 1f 165y,Chart Topper (FR),Mr P W Mullins,0,W P Mullins,1st,N/A,5,11-12,-,True,136,12
N/A,N/A,14:30,Good,2m 1f 165y,Ivane (FR),E Walsh,0,Ciaran Murphy,NR,N/A,6,11-7,87,True,136,13
N/A,N/A,14:30,Good,2m 1f 165y,Sandyman,A Harvey,5,J C McConnell,NR,N/A,8,12-0,94,True,136,13
N/A,N/A,14:30,Good,2m 1f 165y,Nawraq (IRE),P Cleary,7,K Smith,9th,28 l,5,11-7tp,87,True,136,13
N/A,N/A,14:30,Good,2m 1f 165y,St Denis's Well (IRE),K M Donoghue,0,Ian Donoghue,8th,25 l,6,11-11tp,91,True,136,13
N/A,N/A,14:30,Good,2m 1f 165y,Ragmans Corner (IRE),J Kearney,5,G Keane,7th,5 l,5,12-0,94,True,136,13
N/A,N/A,14:30,Good,2m 1f 165y,Thunder Rose (IRE),J Coen,3,Peter Fahey,6th,4 1/4 l,5,11-9p1,89,True,136,13
N/A,N/A,14:30,Good,2m 1f 165y,Moulane West (IRE),P T Enright,0,M M McNiff,5th,Neck,8,11-9t,89,True,136,13
N/A,N/A,14:30,Good,2m 1f 165y,Red Striker (IRE),K Callaghan,5,J Barcoe,4th,6 l,9,11-8,88,True,136,13
N/A,N/A,14:30,Good,2m 1f 165y,Thebeautifulgame,C P Millar,7,C Collins,3rd,2 1/4 l,5,11-5p1,85,True,136,13
N/A,N/A,14:30,Good,2m 1f 165y,Init Together,C Stone-Walsh,5,S Fahey,2nd,5 l,6,11-4,84,True,136,13
N/A,N/A,14:30,Good,2m 1f 165y,Mr Sundancer,P Hanlon,7,J J Hanlon,1st,N/A,6,11-13h,93,True,136,13
N/A,N/A,14:30,Good,2m 1f 165y,Ivane (FR),E Walsh,0,Ciaran Murphy,NR,N/A,6,11-7,87,True,136,13
N/A,N/A,14:30,Good,2m 1f 165y,Sandyman,A Harvey,5,J C McConnell,NR,N/A,8,12-0,94,True,136,13
N/A,N/A,14:30,Good,2m 1f 165y,Nawraq (IRE),P Cleary,7,K Smith,9th,28 l,5,11-7tp,87,True,136,13
N/A,N/A,14:30,Good,2m 1f 165y,St Denis's Well (IRE),K M Donoghue,0,Ian Donoghue,8th,25 l,6,11-11tp,91,True,136,13
N/A,N/A,14:30,Good,2m 1f 165y,Ragmans Corner (IRE),J Kearney,5,G Keane,7th,5 l,5,12-0,94,True,136,13
N/A,N/A,14:30,Good,2m 1f 165y,Thunder Rose (IRE),J Coen,3,Peter Fahey,6th,4 1/4 l,5,11-9p1,89,True,136,13
N/A,N/A,14:30,Good,2m 1f 165y,Moulane West (IRE),P T Enright,0,M M McNiff,5th,Neck,8,11-9t,89,True,136,13
N/A,N/A,14:30,Good,2m 1f 165y,Red Striker (IRE),K Callaghan,5,J Barcoe,4th,6 l,9,11-8,88,True,136,13
N/A,N/A,14:30,Good,2m 1f 165y,Thebeautifulgame,C P Millar,7,C Collins,3rd,2 1/4 l,5,11-5p1,85,True,136,13
N/A,N/A,14:30,Good,2m 1f 165y,Init Together,C Stone-Walsh,5,S Fahey,2nd,5 l,6,11-4,84,True,136,13
N/A,N/A,14:30,Good,2m 1f 165y,Mr Sundancer,P Hanlon,7,J J Hanlon,1st,N/A,6,11-13h,93,True,136,13
N/A,N/A,15:05,Good,2m 5f 180y,Castlenagree (IRE),B W Harvey,0,D M Christie,PU,N/A,7,11-4t,-,True,136,14
N/A,N/A,15:05,Good,2m 5f 180y,Eco Pete (IRE),T Power Roche,7,P J Rothwell,6th,12 l,7,11-12p,-,True,136,14
N/A,N/A,15:05,Good,2m 5f 180y,Jeu De Pic (FR),M J M O'Sullivan,0,T Cooper,5th,8 l,5,11-4p1,-,True,136,14
N/A,N/A,15:05,Good,2m 5f 180y,Jackady (FR),P Byrnes,0,Ian Donoghue,4th,1/2 l,5,11-4h1,-,True,136,14
N/A,N/A,15:05,Good,2m 5f 180y,Sir Jimmy Mac (IRE),C Stone-Walsh,5,P W Flynn,3rd,4 l,8,11-12,-,True,136,14
N/A,N/A,15:05,Good,2m 5f 180y,Stormbreaker,P Townend,0,W P Mullins,2nd,15 l,5,11-12,-,True,136,14
N/A,N/A,15:05,Good,2m 5f 180y,Intense Approach,A Harvey,5,J C McConnell,1st,N/A,5,11-12,-,True,136,14
N/A,N/A,15:05,Good,2m 5f 180y,Castlenagree (IRE),B W Harvey,0,D M Christie,PU,N/A,7,11-4t,-,True,136,14
N/A,N/A,15:05,Good,2m 5f 180y,Eco Pete (IRE),T Power Roche,7,P J Rothwell,6th,12 l,7,11-12p,-,True,136,14
N/A,N/A,15:05,Good,2m 5f 180y,Jeu De Pic (FR),M J M O'Sullivan,0,T Cooper,5th,8 l,5,11-4p1,-,True,136,14
N/A,N/A,15:05,Good,2m 5f 180y,Jackady (FR),P Byrnes,0,Ian Donoghue,4th,1/2 l,5,11-4h1,-,True,136,14
N/A,N/A,15:05,Good,2m 5f 180y,Sir Jimmy Mac (IRE),C Stone-Walsh,5,P W Flynn,3rd,4 l,8,11-12,-,True,136,14
N/A,N/A,15:05,Good,2m 5f 180y,Stormbreaker,P Townend,0,W P Mullins,2nd,15 l,5,11-12,-,True,136,14
N/A,N/A,15:05,Good,2m 5f 180y,Intense Approach,A Harvey,5,J C McConnell,1st,N/A,5,11-12,-,True,136,14
N/A,N/A,15:40,Good,2m 5f 180y,Tankardstown Diva (IRE),K M Donoghue,0,Ian Donoghue,NR,N/A,5,11-9,104,True,136,15
N/A,N/A,15:40,Good,2m 5f 180y,Quite Incredible (IRE),P J O'Hanlon,0,D A McLoughlin,9th,3 l,8,11-12v1,107,True,136,15
N/A,N/A,15:40,Good,2m 5f 180y,Circus Act (IRE),G Brouder,5,J Nash,8th,1 1/4 l,5,11-0b,95,True,136,15
N/A,N/A,15:40,Good,2m 5f 180y,Hob's Angel (IRE),K Callaghan,5,J Barcoe,7th,1 3/4 l,8,10-2,83,True,136,15
N/A,N/A,15:40,Good,2m 5f 180y,Dunleer Phoenix (IRE),F Brickley,7,G Elliott,6th,2 1/2 l,8,10-3p,84,True,136,15
N/A,N/A,15:40,Good,2m 5f 180y,Mustameet Secret (IRE),Mr E Finegan,7,H P Finegan,4th,Dead Heat,7,10-9,90,True,136,15
N/A,N/A,15:40,Good,2m 5f 180y,Andys Flame,A Harvey,5,J C McConnell,4th,10 l,7,12-0t,109,True,136,15
N/A,N/A,15:40,Good,2m 5f 180y,Pettigo (IRE),P T Enright,0,M M McNiff,3rd,3/4 l,6,10-4t,85,True,136,15
N/A,N/A,15:40,Good,2m 5f 180y,My Policy (IRE),P M O'Brien,7,P Rooney,2nd,17 l,5,11-0p,95,True,136,15
N/A,N/A,15:40,Good,2m 5f 180y,Portnacoo (IRE),P Hanlon,7,H Smyth,1st,N/A,6,10-3,84,True,136,15
N/A,N/A,15:40,Good,2m 5f 180y,Tankardstown Diva (IRE),K M Donoghue,0,Ian Donoghue,NR,N/A,5,11-9,104,True,136,15
N/A,N/A,15:40,Good,2m 5f 180y,Quite Incredible (IRE),P J O'Hanlon,0,D A McLoughlin,9th,3 l,8,11-12v1,107,True,136,15
N/A,N/A,15:40,Good,2m 5f 180y,Circus Act (IRE),G Brouder,5,J Nash,8th,1 1/4 l,5,11-0b,95,True,136,15
N/A,N/A,15:40,Good,2m 5f 180y,Hob's Angel (IRE),K Callaghan,5,J Barcoe,7th,1 3/4 l,8,10-2,83,True,136,15
N/A,N/A,15:40,Good,2m 5f 180y,Dunleer Phoenix (IRE),F Brickley,7,G Elliott,6th,2 1/2 l,8,10-3p,84,True,136,15
N/A,N/A,15:40,Good,2m 5f 180y,Mustameet Secret (IRE),Mr E Finegan,7,H P Finegan,4th,Dead Heat,7,10-9,90,True,136,15
N/A,N/A,15:40,Good,2m 5f 180y,Andys Flame,A Harvey,5,J C McConnell,4th,10 l,7,12-0t,109,True,136,15
N/A,N/A,15:40,Good,2m 5f 180y,Pettigo (IRE),P T Enright,0,M M McNiff,3rd,3/4 l,6,10-4t,85,True,136,15
N/A,N/A,15:40,Good,2m 5f 180y,My Policy (IRE),P M O'Brien,7,P Rooney,2nd,17 l,5,11-0p,95,True,136,15
N/A,N/A,15:40,Good,2m 5f 180y,Portnacoo (IRE),P Hanlon,7,H Smyth,1st,N/A,6,10-3,84,True,136,15
N/A,N/A,16:15,Good,2m 3f 100y,Bukhill (IRE),A Harvey,2,Peter Fahey,F,N/A,6,11-12p,-,True,136,16
N/A,N/A,16:15,Good,2m 3f 100y,Pacini,J Coen,0,G Elliott,5th,89 l,4,11-1b,-,True,136,16
N/A,N/A,16:15,Good,2m 3f 100y,Red Ball Of Fire (IRE),L Quinlan,0,M M McNiff,4th,4 3/4 l,7,11-5b,-,True,136,16
N/A,N/A,16:15,Good,2m 3f 100y,Air Drop (IRE),C P Millar,4,G Elliott,3rd,3/4 l,6,11-5,-,True,136,16
N/A,N/A,16:15,Good,2m 3f 100y,Watch The Weather,P Hanlon,4,R P Cody,2nd,Neck,8,11-12t,-,True,136,16
N/A,N/A,16:15,Good,2m 3f 100y,Prairie Dancer (IRE),C Stone-Walsh,2,J P O'Brien,1st,N/A,6,11-12b,-,True,136,16
N/A,N/A,16:15,Good,2m 3f 100y,Bukhill (IRE),A Harvey,2,Peter Fahey,F,N/A,6,11-12p,-,True,136,16
N/A,N/A,16:15,Good,2m 3f 100y,Pacini,J Coen,0,G Elliott,5th,89 l,4,11-1b,-,True,136,16
N/A,N/A,16:15,Good,2m 3f 100y,Red Ball Of Fire (IRE),L Quinlan,0,M M McNiff,4th,4 3/4 l,7,11-5b,-,True,136,16
N/A,N/A,16:15,Good,2m 3f 100y,Air Drop (IRE),C P Millar,4,G Elliott,3rd,3/4 l,6,11-5,-,True,136,16
N/A,N/A,16:15,Good,2m 3f 100y,Watch The Weather,P Hanlon,4,R P Cody,2nd,Neck,8,11-12t,-,True,136,16
N/A,N/A,16:15,Good,2m 3f 100y,Prairie Dancer (IRE),C Stone-Walsh,2,J P O'Brien,1st,N/A,6,11-12b,-,True,136,16
N/A,N/A,16:50,Good,2m 3f 100y,The Declaimer (IRE),K M Donoghue,0,Tom Dreaper,PU,N/A,8,12-0,95,True,136,17
N/A,N/A,16:50,Good,2m 3f 100y,Robin De Roost (IRE),C McGivern,7,T Gibney,PU,N/A,14,10-8t,75,True,136,17
N/A,N/A,16:50,Good,2m 3f 100y,Coastguard Lady (IRE),T Power Roche,7,P J Rothwell,9th,4 1/2 l,6,10-13tp,80,True,136,17
N/A,N/A,16:50,Good,2m 3f 100y,Wee Jerry (IRE),C Stone-Walsh,5,Ian Donoghue,8th,2 1/2 l,8,10-11,78,True,136,17
N/A,N/A,16:50,Good,2m 3f 100y,Moneynabane (IRE),P Byrnes,0,Ian Donoghue,7th,2 3/4 l,6,11-7p1,88,True,136,17
N/A,N/A,16:50,Good,2m 3f 100y,Desert Heather (IRE),S Fitzgerald,0,R Sweeney,6th,1/2 l,8,11-5t,86,True,136,17
N/A,N/A,16:50,Good,2m 3f 100y,Fr Gilligansvoyge,J Coen,3,John G Carr,5th,3 1/4 l,11,10-0tv,67,True,136,17
N/A,N/A,16:50,Good,2m 3f 100y,Fly De Megaudais (FR),S F O'Keeffe,0,M J McDonagh,4th,7 l,11,10-5,72,True,136,17
N/A,N/A,16:50,Good,2m 3f 100y,Aliunde (IRE),P T Enright,0,M M McNiff,3rd,19 l,7,11-12t,93,True,136,17
N/A,N/A,16:50,Good,2m 3f 100y,Finnians Row (IRE),P M O'Brien,7,D A McLoughlin,2nd,1 3/4 l,8,11-9tv,90,True,136,17
N/A,N/A,16:50,Good,2m 3f 100y,Calahill (IRE),C P Millar,7,C Collins,1st,N/A,9,10-13p,80,True,136,17
N/A,N/A,16:50,Good,2m 3f 100y,The Declaimer (IRE),K M Donoghue,0,Tom Dreaper,PU,N/A,8,12-0,95,True,136,17
N/A,N/A,16:50,Good,2m 3f 100y,Robin De Roost (IRE),C McGivern,7,T Gibney,PU,N/A,14,10-8t,75,True,136,17
N/A,N/A,16:50,Good,2m 3f 100y,Coastguard Lady (IRE),T Power Roche,7,P J Rothwell,9th,4 1/2 l,6,10-13tp,80,True,136,17
N/A,N/A,16:50,Good,2m 3f 100y,Wee Jerry (IRE),C Stone-Walsh,5,Ian Donoghue,8th,2 1/2 l,8,10-11,78,True,136,17
N/A,N/A,16:50,Good,2m 3f 100y,Moneynabane (IRE),P Byrnes,0,Ian Donoghue,7th,2 3/4 l,6,11-7p1,88,True,136,17
N/A,N/A,16:50,Good,2m 3f 100y,Desert Heather (IRE),S Fitzgerald,0,R Sweeney,6th,1/2 l,8,11-5t,86,True,136,17
N/A,N/A,16:50,Good,2m 3f 100y,Fr Gilligansvoyge,J Coen,3,John G Carr,5th,3 1/4 l,11,10-0tv,67,True,136,17
N/A,N/A,16:50,Good,2m 3f 100y,Fly De Megaudais (FR),S F O'Keeffe,0,M J McDonagh,4th,7 l,11,10-5,72,True,136,17
N/A,N/A,16:50,Good,2m 3f 100y,Aliunde (IRE),P T Enright,0,M M McNiff,3rd,19 l,7,11-12t,93,True,136,17
N/A,N/A,16:50,Good,2m 3f 100y,Finnians Row (IRE),P M O'Brien,7,D A McLoughlin,2nd,1 3/4 l,8,11-9tv,90,True,136,17
N/A,N/A,16:50,Good,2m 3f 100y,Calahill (IRE),C P Millar,7,C Collins,1st,N/A,9,10-13p,80,True,136,17
N/A,N/A,17:25,Good,2m 1f 165y,Presenting Lad (IRE),A Harvey,5,M M McNiff,NR,N/A,8,12-5t,121,True,136,18
N/A,N/A,17:25,Good,2m 1f 165y,Marelly (IRE),T Power Roche,7,P J Rothwell,7th,74 l,7,11-0p,102,True,136,18
N/A,N/A,17:25,Good,2m 1f 165y,Winding River (IRE),P T Enright,0,O McKiernan,6th,1/2 l,7,11-6tp,108,True,136,18
N/A,N/A,17:25,Good,2m 1f 165y,Son Of Hypnos (IRE),C P Millar,7,K Smith,5th,3/4 l,7,11-7tb,109,True,136,18
N/A,N/A,17:25,Good,2m 1f 165y,Faux Fur (FR),J W Kennedy,0,G Elliott,4th,Neck,5,11-12,114,True,136,18
N/A,N/A,17:25,Good,2m 1f 165y,Ahead Of The Posse (IRE),K M Donoghue,0,G P Cromwell,3rd,1 3/4 l,7,11-7p,109,True,136,18
N/A,N/A,17:25,Good,2m 1f 165y,Sadies Diamond (IRE),P Hanlon,7,J J Hanlon,2nd,5 1/2 l,5,10-2,90,True,136,18
N/A,N/A,17:25,Good,2m 1f 165y,Ricky Langford (IRE),C Owens,7,P J Rothwell,1st,N/A,10,10-2b,90,True,136,18
N/A,N/A,17:25,Good,2m 1f 165y,Presenting Lad (IRE),A Harvey,5,M M McNiff,NR,N/A,8,12-5t,121,True,136,18
N/A,N/A,17:25,Good,2m 1f 165y,Marelly (IRE),T Power Roche,7,P J Rothwell,7th,74 l,7,11-0p,102,True,136,18
N/A,N/A,17:25,Good,2m 1f 165y,Winding River (IRE),P T Enright,0,O McKiernan,6th,1/2 l,7,11-6tp,108,True,136,18
N/A,N/A,17:25,Good,2m 1f 165y,Son Of Hypnos (IRE),C P Millar,7,K Smith,5th,3/4 l,7,11-7tb,109,True,136,18
N/A,N/A,17:25,Good,2m 1f 165y,Faux Fur (FR),J W Kennedy,0,G Elliott,4th,Neck,5,11-12,114,True,136,18
N/A,N/A,17:25,Good,2m 1f 165y,Ahead Of The Posse (IRE),K M Donoghue,0,G P Cromwell,3rd,1 3/4 l,7,11-7p,109,True,136,18
N/A,N/A,17:25,Good,2m 1f 165y,Sadies Diamond (IRE),P Hanlon,7,J J Hanlon,2nd,5 1/2 l,5,10-2,90,True,136,18
N/A,N/A,17:25,Good,2m 1f 165y,Ricky Langford (IRE),C Owens,7,P J Rothwell,1st,N/A,10,10-2b,90,True,136,18
N/A,N/A,17:10,Yielding To Soft,2m 2f 52y,Champagne Avenue (IRE),J G Gilligan,4,T J O'Mara,NR,N/A,6,11-12,-,True,136,19
N/A,N/A,17:10,Yielding To Soft,2m 2f 52y,Dr Pep (FR),Conor Clarke,4,S Curling,NR,N/A,4,11-9,-,True,136,19
N/A,N/A,17:10,Yielding To Soft,2m 2f 52y,Granpa Ger (IRE),J P Shinnick,2,A Mullins,NR,N/A,6,11-12,-,True,136,19
N/A,N/A,17:10,Yielding To Soft,2m 2f 52y,Im Here Now (IRE),J Aherne,4,J P Ryan,PU,N/A,7,11-5,-,True,136,19
N/A,N/A,17:10,Yielding To Soft,2m 2f 52y,Macantuile (IRE),T Joseph Kelly,4,Leonard Flynn,13th,1/2 l,4,11-9,-,True,136,19
N/A,N/A,17:10,Yielding To Soft,2m 2f 52y,Youmzain Bolt (IRE),G B Noonan,0,E McCarthy,12th,42 l,5,11-12,-,True,136,19
N/A,N/A,17:10,Yielding To Soft,2m 2f 52y,Notevenatext (IRE),Shane Fenelon,4,Brendan Walsh,11th,2 3/4 l,6,11-12,-,True,136,19
N/A,N/A,17:10,Yielding To Soft,2m 2f 52y,Three Tribes (IRE),R P Geoghegan,4,B T Murphy,10th,21 l,7,11-12h1,-,True,136,19
N/A,N/A,17:10,Yielding To Soft,2m 2f 52y,On The Gandy Hop (FR),P K Donovan,0,D Hogan,9th,17 l,4,11-9,-,True,136,19
N/A,N/A,17:10,Yielding To Soft,2m 2f 52y,Jack Booner (IRE),P T Smithers,4,Ciaran Murphy,8th,29 l,4,11-9t1,-,True,136,19
N/A,N/A,17:10,Yielding To Soft,2m 2f 52y,Silver Mill (IRE),C G O'Dwyer,2,J P Ryan,7th,5 1/2 l,5,11-5,-,True,136,19
N/A,N/A,17:10,Yielding To Soft,2m 2f 52y,Eoin's Charm (IRE),C M Quirke,2,A Slattery,6th,16 l,5,11-12,-,True,136,19
N/A,N/A,17:10,Yielding To Soft,2m 2f 52y,Marlpark (IRE),S Cleary-Farrell,4,J P Ryan,5th,5 l,5,11-12,-,True,136,19
N/A,N/A,17:10,Yielding To Soft,2m 2f 52y,One Big Boum (IRE),Niall Moore,4,P Fenton,4th,18 l,5,11-12,-,True,136,19
N/A,N/A,17:10,Yielding To Soft,2m 2f 52y,Eastbank Warrior (IRE),J P Shinnick,2,Jonathan Sweeney,3rd,3 3/4 l,6,11-12,-,True,136,19
N/A,N/A,17:10,Yielding To Soft,2m 2f 52y,Mount Anglesby (IRE),S O'Callaghan,2,R O'Brien,2nd,5 l,5,11-12,-,True,136,19
N/A,N/A,17:10,Yielding To Soft,2m 2f 52y,Tell Me This (IRE),T P Harney,4,R O'Sullivan,1st,N/A,6,11-5,-,True,136,19
N/A,N/A,17:10,Yielding To Soft,2m 2f 52y,Champagne Avenue (IRE),J G Gilligan,4,T J O'Mara,NR,N/A,6,11-12,-,True,136,19
N/A,N/A,17:10,Yielding To Soft,2m 2f 52y,Dr Pep (FR),Conor Clarke,4,S Curling,NR,N/A,4,11-9,-,True,136,19
N/A,N/A,17:10,Yielding To Soft,2m 2f 52y,Granpa Ger (IRE),J P Shinnick,2,A Mullins,NR,N/A,6,11-12,-,True,136,19
N/A,N/A,17:10,Yielding To Soft,2m 2f 52y,Im Here Now (IRE),J Aherne,4,J P Ryan,PU,N/A,7,11-5,-,True,136,19
N/A,N/A,17:10,Yielding To Soft,2m 2f 52y,Macantuile (IRE),T Joseph Kelly,4,Leonard Flynn,13th,1/2 l,4,11-9,-,True,136,19
N/A,N/A,17:10,Yielding To Soft,2m 2f 52y,Youmzain Bolt (IRE),G B Noonan,0,E McCarthy,12th,42 l,5,11-12,-,True,136,19
N/A,N/A,17:10,Yielding To Soft,2m 2f 52y,Notevenatext (IRE),Shane Fenelon,4,Brendan Walsh,11th,2 3/4 l,6,11-12,-,True,136,19
N/A,N/A,17:10,Yielding To Soft,2m 2f 52y,Three Tribes (IRE),R P Geoghegan,4,B T Murphy,10th,21 l,7,11-12h1,-,True,136,19
N/A,N/A,17:10,Yielding To Soft,2m 2f 52y,On The Gandy Hop (FR),P K Donovan,0,D Hogan,9th,17 l,4,11-9,-,True,136,19
N/A,N/A,17:10,Yielding To Soft,2m 2f 52y,Jack Booner (IRE),P T Smithers,4,Ciaran Murphy,8th,29 l,4,11-9t1,-,True,136,19
N/A,N/A,17:10,Yielding To Soft,2m 2f 52y,Silver Mill (IRE),C G O'Dwyer,2,J P Ryan,7th,5 1/2 l,5,11-5,-,True,136,19
N/A,N/A,17:10,Yielding To Soft,2m 2f 52y,Eoin's Charm (IRE),C M Quirke,2,A Slattery,6th,16 l,5,11-12,-,True,136,19
N/A,N/A,17:10,Yielding To Soft,2m 2f 52y,Marlpark (IRE),S Cleary-Farrell,4,J P Ryan,5th,5 l,5,11-12,-,True,136,19
N/A,N/A,17:10,Yielding To Soft,2m 2f 52y,One Big Boum (IRE),Niall Moore,4,P Fenton,4th,18 l,5,11-12,-,True,136,19
N/A,N/A,17:10,Yielding To Soft,2m 2f 52y,Eastbank Warrior (IRE),J P Shinnick,2,Jonathan Sweeney,3rd,3 3/4 l,6,11-12,-,True,136,19
N/A,N/A,17:10,Yielding To Soft,2m 2f 52y,Mount Anglesby (IRE),S O'Callaghan,2,R O'Brien,2nd,5 l,5,11-12,-,True,136,19
N/A,N/A,17:10,Yielding To Soft,2m 2f 52y,Tell Me This (IRE),T P Harney,4,R O'Sullivan,1st,N/A,6,11-5,-,True,136,19
N/A,N/A,17:40,Yielding To Soft,2m 2f 52y,Leitzel,D King,0,A McNamara,5th,15 l,4,10-0,101,True,136,20
N/A,N/A,17:40,Yielding To Soft,2m 2f 52y,Burvea (IRE),K C Sexton,0,D Broad,4th,1 1/2 l,4,10-3h,105,True,136,20
N/A,N/A,17:40,Yielding To Soft,2m 2f 52y,Kimy (FR),Rachael Blackmore,0,T Mullins,3rd,1 1/4 l,4,10-2,104,True,136,20
N/A,N/A,17:40,Yielding To Soft,2m 2f 52y,Mordor (FR),Sam Ewing,0,G Elliott,2nd,1 3/4 l,4,11-12,128,True,136,20
N/A,N/A,17:40,Yielding To Soft,2m 2f 52y,Pigeon House (IRE),M P Walsh,0,Mrs J Harrington,1st,N/A,4,11-10p,126,True,136,20
N/A,N/A,17:40,Yielding To Soft,2m 2f 52y,Leitzel,D King,0,A McNamara,5th,15 l,4,10-0,101,True,136,20
N/A,N/A,17:40,Yielding To Soft,2m 2f 52y,Burvea (IRE),K C Sexton,0,D Broad,4th,1 1/2 l,4,10-3h,105,True,136,20
N/A,N/A,17:40,Yielding To Soft,2m 2f 52y,Kimy (FR),Rachael Blackmore,0,T Mullins,3rd,1 1/4 l,4,10-2,104,True,136,20
N/A,N/A,17:40,Yielding To Soft,2m 2f 52y,Mordor (FR),Sam Ewing,0,G Elliott,2nd,1 3/4 l,4,11-12,128,True,136,20
N/A,N/A,17:40,Yielding To Soft,2m 2f 52y,Pigeon House (IRE),M P Walsh,0,Mrs J Harrington,1st,N/A,4,11-10p,126,True,136,20
N/A,N/A,18:10,Soft,2m 6f 90y,Barnahash Arch (IRE),B Hayes,0,Jonathan Sweeney,NR,N/A,6,10-13,-,True,136,21
N/A,N/A,18:10,Soft,2m 6f 90y,Workinonadream (IRE),S D Torrens,0,P J Rothwell,NR,N/A,6,10-13p1,-,True,136,21
N/A,N/A,18:10,Soft,2m 6f 90y,Hysuna (IRE),L A McKenna,5,R A Foley,PU,N/A,5,10-13,-,True,136,21
N/A,N/A,18:10,Soft,2m 6f 90y,Doyen Og (IRE),H E Sexton,7,A Sexton,12th,99 l,5,10-13,-,True,136,21
N/A,N/A,18:10,Soft,2m 6f 90y,Get In Line (IRE),Rachael Blackmore,0,W P Mullins,11th,3 l,5,10-13,-,True,136,21
N/A,N/A,18:10,Soft,2m 6f 90y,Inch Alainn (IRE),R A Doyle,0,W J Burke,10th,11 l,5,10-13,-,True,136,21
N/A,N/A,18:10,Soft,2m 6f 90y,Kate Knows Best (IRE),D E Mullins,0,J P Ryan,9th,3 3/4 l,6,10-13,-,True,136,21
N/A,N/A,18:10,Soft,2m 6f 90y,Who Ate The Jam (IRE),Mr P W Gleeson,7,J F Gleeson,8th,2 3/4 l,6,10-13,-,True,136,21
N/A,N/A,18:10,Soft,2m 6f 90y,Youghalvalley (IRE),D Moloney,7,B McMahon,7th,3 1/4 l,5,10-13,-,True,136,21
N/A,N/A,18:10,Soft,2m 6f 90y,Broomfield Gale (IRE),M Hamill,0,R Murphy,6th,15 l,6,10-13t,-,True,136,21
N/A,N/A,18:10,Soft,2m 6f 90y,Gina Moon (IRE),Sam Ewing,0,G Elliott,5th,5 l,5,10-13,-,True,136,21
N/A,N/A,18:10,Soft,2m 6f 90y,Mount Shenshan (IRE),S W Flanagan,0,T Mullins,4th,Head,6,10-13,-,True,136,21
N/A,N/A,18:10,Soft,2m 6f 90y,Diamonds Diva (IRE),D Meyler,0,Mrs J Harrington,3rd,8 l,4,10-9,-,True,136,21
N/A,N/A,18:10,Soft,2m 6f 90y,Ah Fuhgeddaboudit (IRE),D King,0,D Hogan,2nd,3 1/4 l,6,10-13,-,True,136,21
N/A,N/A,18:10,Soft,2m 6f 90y,Lucky Viv (IRE),J P Shinnick,5,Michael Barry,1st,N/A,6,10-13,-,True,136,21
N/A,N/A,18:10,Soft,2m 6f 90y,Barnahash Arch (IRE),B Hayes,0,Jonathan Sweeney,NR,N/A,6,10-13,-,True,136,21
N/A,N/A,18:10,Soft,2m 6f 90y,Workinonadream (IRE),S D Torrens,0,P J Rothwell,NR,N/A,6,10-13p1,-,True,136,21
N/A,N/A,18:10,Soft,2m 6f 90y,Hysuna (IRE),L A McKenna,5,R A Foley,PU,N/A,5,10-13,-,True,136,21
N/A,N/A,18:10,Soft,2m 6f 90y,Doyen Og (IRE),H E Sexton,7,A Sexton,12th,99 l,5,10-13,-,True,136,21
N/A,N/A,18:10,Soft,2m 6f 90y,Get In Line (IRE),Rachael Blackmore,0,W P Mullins,11th,3 l,5,10-13,-,True,136,21
N/A,N/A,18:10,Soft,2m 6f 90y,Inch Alainn (IRE),R A Doyle,0,W J Burke,10th,11 l,5,10-13,-,True,136,21
N/A,N/A,18:10,Soft,2m 6f 90y,Kate Knows Best (IRE),D E Mullins,0,J P Ryan,9th,3 3/4 l,6,10-13,-,True,136,21
N/A,N/A,18:10,Soft,2m 6f 90y,Who Ate The Jam (IRE),Mr P W Gleeson,7,J F Gleeson,8th,2 3/4 l,6,10-13,-,True,136,21
N/A,N/A,18:10,Soft,2m 6f 90y,Youghalvalley (IRE),D Moloney,7,B McMahon,7th,3 1/4 l,5,10-13,-,True,136,21
N/A,N/A,18:10,Soft,2m 6f 90y,Broomfield Gale (IRE),M Hamill,0,R Murphy,6th,15 l,6,10-13t,-,True,136,21
N/A,N/A,18:10,Soft,2m 6f 90y,Gina Moon (IRE),Sam Ewing,0,G Elliott,5th,5 l,5,10-13,-,True,136,21
N/A,N/A,18:10,Soft,2m 6f 90y,Mount Shenshan (IRE),S W Flanagan,0,T Mullins,4th,Head,6,10-13,-,True,136,21
N/A,N/A,18:10,Soft,2m 6f 90y,Diamonds Diva (IRE),D Meyler,0,Mrs J Harrington,3rd,8 l,4,10-9,-,True,136,21
N/A,N/A,18:10,Soft,2m 6f 90y,Ah Fuhgeddaboudit (IRE),D King,0,D Hogan,2nd,3 1/4 l,6,10-13,-,True,136,21
N/A,N/A,18:10,Soft,2m 6f 90y,Lucky Viv (IRE),J P Shinnick,5,Michael Barry,1st,N/A,6,10-13,-,True,136,21
N/A,N/A,18:40,Soft,2m 6f 90y,Danesfort Mayfly (IRE),C M Quirke,5,W J Lanigan,NR,N/A,7,10-13tp,80,True,136,22
N/A,N/A,18:40,Soft,2m 6f 90y,Essential Part (IRE),H E Sexton,7,A Sexton,NR,N/A,6,10-13,80,True,136,22
N/A,N/A,18:40,Soft,2m 6f 90y,Mademewhatiam,J P O'Sullivan,0,P Nolan,PU,N/A,5,10-13,80,True,136,22
N/A,N/A,18:40,Soft,2m 6f 90y,Spellacy's Cross (IRE),D E Mullins,0,T Mullins,PU,N/A,5,11-6,87,True,136,22
N/A,N/A,18:40,Soft,2m 6f 90y,Miss Vivacious (IRE),K E Buckley,0,T Gibney,PU,N/A,6,11-11,92,True,136,22
N/A,N/A,18:40,Soft,2m 6f 90y,Le Grand Vert (FR),D Meyler,0,J P Dempsey,PU,N/A,8,11-4tp,85,True,136,22
N/A,N/A,18:40,Soft,2m 6f 90y,Kiln Time (IRE),B Hayes,0,M J Bowe,PU,N/A,8,12-0,95,True,136,22
N/A,N/A,18:40,Soft,2m 6f 90y,Derby De Thaix (FR),Miss H Heffernan,7,James Andrew Fahey,10th,51 l,11,11-1,82,True,136,22
N/A,N/A,18:40,Soft,2m 6f 90y,Maid On The Moon,Ms H Phillips,7,Miss E Lalor,9th,2 l,7,11-9,90,True,136,22
N/A,N/A,18:40,Soft,2m 6f 90y,Church Lane (IRE),Sam Ewing,0,Brendan Walsh,8th,18 l,9,10-13t,80,True,136,22
N/A,N/A,18:40,Soft,2m 6f 90y,Miss Laura (IRE),D J O'Keeffe,0,Brendan Walsh,7th,21 l,9,10-13,80,True,136,22
N/A,N/A,18:40,Soft,2m 6f 90y,Tuff Days (IRE),J P Shinnick,5,Michael Barry,6th,14 l,7,11-7p,88,True,136,22
N/A,N/A,18:40,Soft,2m 6f 90y,Great Rainbow (FR),R Deegan,0,B McMahon,5th,4 l,6,11-2,83,True,136,22
N/A,N/A,18:40,Soft,2m 6f 90y,Johnny Cakes (FR),S D Torrens,0,P J Rothwell,4th,1 3/4 l,5,10-13p,80,True,136,22
N/A,N/A,18:40,Soft,2m 6f 90y,Mini Getaway (IRE),C G O'Dwyer,5,M M Lynch,3rd,3 1/4 l,7,11-3,84,True,136,22
N/A,N/A,18:40,Soft,2m 6f 90y,I Am Rocco,J J Slevin,0,B McMahon,2nd,14 l,7,12-0,95,True,136,22
N/A,N/A,18:40,Soft,2m 6f 90y,Avec Espoir,G B Noonan,5,V T O'Brien,1st,N/A,11,10-13,80,True,136,22
N/A,N/A,18:40,Soft,2m 6f 90y,Danesfort Mayfly (IRE),C M Quirke,5,W J Lanigan,NR,N/A,7,10-13tp,80,True,136,22
N/A,N/A,18:40,Soft,2m 6f 90y,Essential Part (IRE),H E Sexton,7,A Sexton,NR,N/A,6,10-13,80,True,136,22
N/A,N/A,18:40,Soft,2m 6f 90y,Mademewhatiam,J P O'Sullivan,0,P Nolan,PU,N/A,5,10-13,80,True,136,22
N/A,N/A,18:40,Soft,2m 6f 90y,Spellacy's Cross (IRE),D E Mullins,0,T Mullins,PU,N/A,5,11-6,87,True,136,22
N/A,N/A,18:40,Soft,2m 6f 90y,Miss Vivacious (IRE),K E Buckley,0,T Gibney,PU,N/A,6,11-11,92,True,136,22
N/A,N/A,18:40,Soft,2m 6f 90y,Le Grand Vert (FR),D Meyler,0,J P Dempsey,PU,N/A,8,11-4tp,85,True,136,22
N/A,N/A,18:40,Soft,2m 6f 90y,Kiln Time (IRE),B Hayes,0,M J Bowe,PU,N/A,8,12-0,95,True,136,22
N/A,N/A,18:40,Soft,2m 6f 90y,Derby De Thaix (FR),Miss H Heffernan,7,James Andrew Fahey,10th,51 l,11,11-1,82,True,136,22
N/A,N/A,18:40,Soft,2m 6f 90y,Maid On The Moon,Ms H Phillips,7,Miss E Lalor,9th,2 l,7,11-9,90,True,136,22
N/A,N/A,18:40,Soft,2m 6f 90y,Church Lane (IRE),Sam Ewing,0,Brendan Walsh,8th,18 l,9,10-13t,80,True,136,22
N/A,N/A,18:40,Soft,2m 6f 90y,Miss Laura (IRE),D J O'Keeffe,0,Brendan Walsh,7th,21 l,9,10-13,80,True,136,22
N/A,N/A,18:40,Soft,2m 6f 90y,Tuff Days (IRE),J P Shinnick,5,Michael Barry,6th,14 l,7,11-7p,88,True,136,22
N/A,N/A,18:40,Soft,2m 6f 90y,Great Rainbow (FR),R Deegan,0,B McMahon,5th,4 l,6,11-2,83,True,136,22
N/A,N/A,18:40,Soft,2m 6f 90y,Johnny Cakes (FR),S D Torrens,0,P J Rothwell,4th,1 3/4 l,5,10-13p,80,True,136,22
N/A,N/A,18:40,Soft,2m 6f 90y,Mini Getaway (IRE),C G O'Dwyer,5,M M Lynch,3rd,3 1/4 l,7,11-3,84,True,136,22
N/A,N/A,18:40,Soft,2m 6f 90y,I Am Rocco,J J Slevin,0,B McMahon,2nd,14 l,7,12-0,95,True,136,22
N/A,N/A,18:40,Soft,2m 6f 90y,Avec Espoir,G B Noonan,5,V T O'Brien,1st,N/A,11,10-13,80,True,136,22
N/A,N/A,19:10,Soft,2m 1f 43y,Thunder (IRE),Shane Fenelon,7,J P Ryan,5th,3/4 l,6,11-2,-,True,136,23
N/A,N/A,19:10,Soft,2m 1f 43y,Decimation (IRE),R P Treacy,0,E McNamara,4th,40 l,9,11-2,-,True,136,23
N/A,N/A,19:10,Soft,2m 1f 43y,Mount Frisco (IRE),D King,0,J P Ryan,3rd,10 l,5,11-7,-,True,136,23
N/A,N/A,19:10,Soft,2m 1f 43y,Je T'ai Porte (IRE),S W Flanagan,0,G P Cromwell,2nd,1 3/4 l,6,11-0h,-,True,136,23
N/A,N/A,19:10,Soft,2m 1f 43y,Dancing On My Own (IRE),Rachael Blackmore,0,H De Bromhead,1st,N/A,10,11-2t,-,True,136,23
N/A,N/A,19:10,Soft,2m 1f 43y,Thunder (IRE),Shane Fenelon,7,J P Ryan,5th,3/4 l,6,11-2,-,True,136,23
N/A,N/A,19:10,Soft,2m 1f 43y,Decimation (IRE),R P Treacy,0,E McNamara,4th,40 l,9,11-2,-,True,136,23
N/A,N/A,19:10,Soft,2m 1f 43y,Mount Frisco (IRE),D King,0,J P Ryan,3rd,10 l,5,11-7,-,True,136,23
N/A,N/A,19:10,Soft,2m 1f 43y,Je T'ai Porte (IRE),S W Flanagan,0,G P Cromwell,2nd,1 3/4 l,6,11-0h,-,True,136,23
N/A,N/A,19:10,Soft,2m 1f 43y,Dancing On My Own (IRE),Rachael Blackmore,0,H De Bromhead,1st,N/A,10,11-2t,-,True,136,23
N/A,N/A,19:40,Soft,2m 7f 58y,Deal Again (IRE),G B Noonan,5,V T O'Brien,NR,N/A,10,11-12,-,True,136,24
N/A,N/A,19:40,Soft,2m 7f 58y,Bua Boy (IRE),D King,0,D Hogan,NR,N/A,9,11-12,-,True,136,24
N/A,N/A,19:40,Soft,2m 7f 58y,Quest With Speed (IRE),D Meyler,0,J J Hanlon,NR,N/A,7,11-12b,-,True,136,24
N/A,N/A,19:40,Soft,2m 7f 58y,Ring O Roses,Rachael Blackmore,0,H De Bromhead,UR,N/A,6,11-5,-,True,136,24
N/A,N/A,19:40,Soft,2m 7f 58y,Longhouse Star (IRE),Mr J C Canavan,7,S Curling,PU,N/A,7,11-12b1,-,True,136,24
N/A,N/A,19:40,Soft,2m 7f 58y,Knocknaconnery (IRE),C M Quirke,5,S Curling,8th,50 l,8,11-12,-,True,136,24
N/A,N/A,19:40,Soft,2m 7f 58y,Donacheady Gale (IRE),J J Slevin,0,J P Ryan,7th,12 l,10,11-12p,-,True,136,24
N/A,N/A,19:40,Soft,2m 7f 58y,Joyeux Vivo (FR),M P Walsh,0,John E & Kiely,6th,25 l,5,11-12,-,True,136,24
N/A,N/A,19:40,Soft,2m 7f 58y,Global Export (IRE),K E Buckley,0,G P Cromwell,5th,15 l,6,11-12,-,True,136,24
N/A,N/A,19:40,Soft,2m 7f 58y,An Peann Dearg (IRE),S W Flanagan,0,P Nolan,4th,4 1/4 l,7,11-12ht,-,True,136,24
N/A,N/A,19:40,Soft,2m 7f 58y,Meyo,D J O'Keeffe,0,T Gibney,3rd,3/4 l,6,11-5,-,True,136,24
N/A,N/A,19:40,Soft,2m 7f 58y,Ossifer Hops (IRE),Sam Ewing,0,G Elliott,2nd,5 1/2 l,6,11-12p,-,True,136,24
N/A,N/A,19:40,Soft,2m 7f 58y,Linden Arden (IRE),B Hayes,0,M J Bowe,1st,N/A,6,11-12,-,True,136,24
N/A,N/A,19:40,Soft,2m 7f 58y,Deal Again (IRE),G B Noonan,5,V T O'Brien,NR,N/A,10,11-12,-,True,136,24
N/A,N/A,19:40,Soft,2m 7f 58y,Bua Boy (IRE),D King,0,D Hogan,NR,N/A,9,11-12,-,True,136,24
N/A,N/A,19:40,Soft,2m 7f 58y,Quest With Speed (IRE),D Meyler,0,J J Hanlon,NR,N/A,7,11-12b,-,True,136,24
N/A,N/A,19:40,Soft,2m 7f 58y,Ring O Roses,Rachael Blackmore,0,H De Bromhead,UR,N/A,6,11-5,-,True,136,24
N/A,N/A,19:40,Soft,2m 7f 58y,Longhouse Star (IRE),Mr J C Canavan,7,S Curling,PU,N/A,7,11-12b1,-,True,136,24
N/A,N/A,19:40,Soft,2m 7f 58y,Knocknaconnery (IRE),C M Quirke,5,S Curling,8th,50 l,8,11-12,-,True,136,24
N/A,N/A,19:40,Soft,2m 7f 58y,Donacheady Gale (IRE),J J Slevin,0,J P Ryan,7th,12 l,10,11-12p,-,True,136,24
N/A,N/A,19:40,Soft,2m 7f 58y,Joyeux Vivo (FR),M P Walsh,0,John E & Kiely,6th,25 l,5,11-12,-,True,136,24
N/A,N/A,19:40,Soft,2m 7f 58y,Global Export (IRE),K E Buckley,0,G P Cromwell,5th,15 l,6,11-12,-,True,136,24
N/A,N/A,19:40,Soft,2m 7f 58y,An Peann Dearg (IRE),S W Flanagan,0,P Nolan,4th,4 1/4 l,7,11-12ht,-,True,136,24
N/A,N/A,19:40,Soft,2m 7f 58y,Meyo,D J O'Keeffe,0,T Gibney,3rd,3/4 l,6,11-5,-,True,136,24
N/A,N/A,19:40,Soft,2m 7f 58y,Ossifer Hops (IRE),Sam Ewing,0,G Elliott,2nd,5 1/2 l,6,11-12p,-,True,136,24
N/A,N/A,19:40,Soft,2m 7f 58y,Linden Arden (IRE),B Hayes,0,M J Bowe,1st,N/A,6,11-12,-,True,136,24
N/A,N/A,20:10,Soft,2m 87y,Mojitos Star (IRE),Miss G Benson,7,P Flood,8th,55 l,4,11-5,-,True,136,25
N/A,N/A,20:10,Soft,2m 87y,Shing Shilla (IRE),Mr F Maguire,0,A Sexton,7th,9 l,4,11-5,-,True,136,25
N/A,N/A,20:10,Soft,2m 87y,Only You Norah (IRE),Mr D Doyle,7,D Commins,6th,3 1/4 l,4,11-5,-,True,136,25
N/A,N/A,20:10,Soft,2m 87y,Fortuna Lora (IRE),Mr J P Sampson,7,D Hogan,5th,6 1/2 l,4,11-5,-,True,136,25
N/A,N/A,20:10,Soft,2m 87y,A New Deck (IRE),Mr J H Williamson,7,S Curling,4th,23 l,4,11-5,-,True,136,25
N/A,N/A,20:10,Soft,2m 87y,Time In A Bottle,Mr D T Hyde,7,H De Bromhead,3rd,10 l,4,11-5ht,-,True,136,25
N/A,N/A,20:10,Soft,2m 87y,Tangara Bay (FR),Mr J L Gleeson,5,H De Bromhead,2nd,5 1/2 l,4,11-5,-,True,136,25
N/A,N/A,20:10,Soft,2m 87y,Seo Linn (IRE),Mr J C Barry,0,P Twomey,1st,N/A,4,11-5,-,True,136,25
N/A,N/A,20:10,Soft,2m 87y,Mojitos Star (IRE),Miss G Benson,7,P Flood,8th,55 l,4,11-5,-,True,136,25
N/A,N/A,20:10,Soft,2m 87y,Shing Shilla (IRE),Mr F Maguire,0,A Sexton,7th,9 l,4,11-5,-,True,136,25
N/A,N/A,20:10,Soft,2m 87y,Only You Norah (IRE),Mr D Doyle,7,D Commins,6th,3 1/4 l,4,11-5,-,True,136,25
N/A,N/A,20:10,Soft,2m 87y,Fortuna Lora (IRE),Mr J P Sampson,7,D Hogan,5th,6 1/2 l,4,11-5,-,True,136,25
N/A,N/A,20:10,Soft,2m 87y,A New Deck (IRE),Mr J H Williamson,7,S Curling,4th,23 l,4,11-5,-,True,136,25
N/A,N/A,20:10,Soft,2m 87y,Time In A Bottle,Mr D T Hyde,7,H De Bromhead,3rd,10 l,4,11-5ht,-,True,136,25
N/A,N/A,20:10,Soft,2m 87y,Tangara Bay (FR),Mr J L Gleeson,5,H De Bromhead,2nd,5 1/2 l,4,11-5,-,True,136,25
N/A,N/A,20:10,Soft,2m 87y,Seo Linn (IRE),Mr J C Barry,0,P Twomey,1st,N/A,4,11-5,-,True,136,25
N/A,N/A,16:15,Good To Yielding (Yielding In Places),7f 211y,Lucky Melody (IRE),S Foley,0,Mrs J Harrington,NR,N/A,3,9-3,-,True,136,26
N/A,N/A,16:15,Good To Yielding (Yielding In Places),7f 211y,Genoah (IRE),L F Roche,0,M O'Callaghan,NR,N/A,3,9-8t,-,True,136,26
N/A,N/A,16:15,Good To Yielding (Yielding In Places),7f 211y,Miss Tapley (IRE),D P McDonogh,0,J P O'Brien,NR,N/A,3,9-3,-,True,136,26
N/A,N/A,16:15,Good To Yielding (Yielding In Places),7f 211y,Gotta Catch'em All (IRE),Siobhan Rutledge,3,H Rogers,NR,N/A,4,9-13,-,True,136,26
N/A,N/A,16:15,Good To Yielding (Yielding In Places),7f 211y,Orange Avenue (IRE),B M Coen,0,Ciaran Murphy,RR,N/A,4,9-8,-,True,136,26
N/A,N/A,16:15,Good To Yielding (Yielding In Places),7f 211y,Sea Of Beauty (FR),R P Cleary,0,E Griffin,9th,3 3/4 l,3,9-3,-,True,136,26
N/A,N/A,16:15,Good To Yielding (Yielding In Places),7f 211y,Millguy (IRE),C D Hayes,0,H Rogers,8th,8 1/2 l,3,9-8t1,-,True,136,26
N/A,N/A,16:15,Good To Yielding (Yielding In Places),7f 211y,Lord Talbot (IRE),J J G Ryan,3,T G McCourt,7th,2 3/4 l,3,9-8t,-,True,136,26
N/A,N/A,16:15,Good To Yielding (Yielding In Places),7f 211y,My Little Lady (IRE),J M Sheridan,0,D Hogan,6th,2 l,3,9-3,-,True,136,26
N/A,N/A,16:15,Good To Yielding (Yielding In Places),7f 211y,Colugo (IRE),L T McAteer,0,J M Barrett,5th,1 l,3,9-3,-,True,136,26
N/A,N/A,16:15,Good To Yielding (Yielding In Places),7f 211y,Coul Dreamer (IRE),W J Lee,0,W McCreery,4th,1/2 l,3,9-8,-,True,136,26
N/A,N/A,16:15,Good To Yielding (Yielding In Places),7f 211y,Poppy Pimento (IRE),R C Colgan,0,S Lavery,3rd,7 l,3,9-3,-,True,136,26
N/A,N/A,16:15,Good To Yielding (Yielding In Places),7f 211y,Mythical Rock (IRE),N G McCullagh,0,Alan McIntyre,2nd,6 l,3,9-8,-,True,136,26
N/A,N/A,16:15,Good To Yielding (Yielding In Places),7f 211y,Kelbelle (IRE),D McMonagle,0,J P O'Brien,1st,N/A,3,9-3,-,True,136,26
N/A,N/A,16:15,Good To Yielding (Yielding In Places),7f 211y,Lucky Melody (IRE),S Foley,0,Mrs J Harrington,NR,N/A,3,9-3,-,True,136,26
N/A,N/A,16:15,Good To Yielding (Yielding In Places),7f 211y,Genoah (IRE),L F Roche,0,M O'Callaghan,NR,N/A,3,9-8t,-,True,136,26
N/A,N/A,16:15,Good To Yielding (Yielding In Places),7f 211y,Miss Tapley (IRE),D P McDonogh,0,J P O'Brien,NR,N/A,3,9-3,-,True,136,26
N/A,N/A,16:15,Good To Yielding (Yielding In Places),7f 211y,Gotta Catch'em All (IRE),Siobhan Rutledge,3,H Rogers,NR,N/A,4,9-13,-,True,136,26
N/A,N/A,16:15,Good To Yielding (Yielding In Places),7f 211y,Orange Avenue (IRE),B M Coen,0,Ciaran Murphy,RR,N/A,4,9-8,-,True,136,26
N/A,N/A,16:15,Good To Yielding (Yielding In Places),7f 211y,Sea Of Beauty (FR),R P Cleary,0,E Griffin,9th,3 3/4 l,3,9-3,-,True,136,26
N/A,N/A,16:15,Good To Yielding (Yielding In Places),7f 211y,Millguy (IRE),C D Hayes,0,H Rogers,8th,8 1/2 l,3,9-8t1,-,True,136,26
N/A,N/A,16:15,Good To Yielding (Yielding In Places),7f 211y,Lord Talbot (IRE),J J G Ryan,3,T G McCourt,7th,2 3/4 l,3,9-8t,-,True,136,26
N/A,N/A,16:15,Good To Yielding (Yielding In Places),7f 211y,My Little Lady (IRE),J M Sheridan,0,D Hogan,6th,2 l,3,9-3,-,True,136,26
N/A,N/A,16:15,Good To Yielding (Yielding In Places),7f 211y,Colugo (IRE),L T McAteer,0,J M Barrett,5th,1 l,3,9-3,-,True,136,26
N/A,N/A,16:15,Good To Yielding (Yielding In Places),7f 211y,Coul Dreamer (IRE),W J Lee,0,W McCreery,4th,1/2 l,3,9-8,-,True,136,26
N/A,N/A,16:15,Good To Yielding (Yielding In Places),7f 211y,Poppy Pimento (IRE),R C Colgan,0,S Lavery,3rd,7 l,3,9-3,-,True,136,26
N/A,N/A,16:15,Good To Yielding (Yielding In Places),7f 211y,Mythical Rock (IRE),N G McCullagh,0,Alan McIntyre,2nd,6 l,3,9-8,-,True,136,26
N/A,N/A,16:15,Good To Yielding (Yielding In Places),7f 211y,Kelbelle (IRE),D McMonagle,0,J P O'Brien,1st,N/A,3,9-3,-,True,136,26
N/A,N/A,16:45,Good To Yielding (Yielding In Places),7f 211y,Chestnutter (IRE),C D Hayes,0,J C McConnell,15th,4 1/2 l,5,9-8,57,True,136,27
N/A,N/A,16:45,Good To Yielding (Yielding In Places),7f 211y,Eurielle (IRE),W J Lee,0,W McCreery,14th,1 3/4 l,4,9-8,57,True,136,27
N/A,N/A,16:45,Good To Yielding (Yielding In Places),7f 211y,Comfort Line (IRE),Adam Caffrey,3,A McGuinness,13th,2 1/2 l,7,10-2v,65,True,136,27
N/A,N/A,16:45,Good To Yielding (Yielding In Places),7f 211y,Distillate,C J MacRedmond,5,A McGuinness,12th,Short Head,4,10-1t,64,True,136,27
N/A,N/A,16:45,Good To Yielding (Yielding In Places),7f 211y,Monzoon,L T McAteer,0,R Donohoe,11th,1 l,7,9-10,59,True,136,27
N/A,N/A,16:45,Good To Yielding (Yielding In Places),7f 211y,Mulgrave (IRE),D W O'Connor,0,J C McConnell,10th,2 l,6,9-7ht,56,True,136,27
N/A,N/A,16:45,Good To Yielding (Yielding In Places),7f 211y,Rattletheonionbag (IRE),M W Hassett,5,W P Browne,9th,2 l,4,8-12,47,True,136,27
N/A,N/A,16:45,Good To Yielding (Yielding In Places),7f 211y,Jalo (IRE),J J G Ryan,3,T G McCourt,8th,Nose,4,9-3tv,52,True,136,27
N/A,N/A,16:45,Good To Yielding (Yielding In Places),7f 211y,Roman Harry (IRE),G F Carroll,0,C O'Connell,7th,Head,4,9-5ht1,54,True,136,27
N/A,N/A,16:45,Good To Yielding (Yielding In Places),7f 211y,Zero Fighter (IRE),W M Lordan,0,E D Delany,6th,1/2 l,4,8-12p,47,True,136,27
N/A,N/A,16:45,Good To Yielding (Yielding In Places),7f 211y,Fastman (IRE),Siobhan Rutledge,3,J C McConnell,5th,3/4 l,8,8-12,47,True,136,27
N/A,N/A,16:45,Good To Yielding (Yielding In Places),7f 211y,Viva Voce (IRE),K J Leonard,0,Tom McGuinness,4th,1 1/2 l,7,9-3,52,True,136,27
N/A,N/A,16:45,Good To Yielding (Yielding In Places),7f 211y,Pascalia (IRE),R M Mulligan,7,J P Murtagh,3rd,1 1/2 l,4,9-5tp,54,True,136,27
N/A,N/A,16:45,Good To Yielding (Yielding In Places),7f 211y,Selective Power (IRE),R Whearty,3,Thomas Coyle,2nd,1 1/4 l,5,9-6p,55,True,136,27
N/A,N/A,16:45,Good To Yielding (Yielding In Places),7f 211y,The Bog Bank (IRE),Alyse Jane Clarke,10,T G McCourt,1st,N/A,7,9-11tp,60,True,136,27
N/A,N/A,16:45,Good To Yielding (Yielding In Places),7f 211y,Chestnutter (IRE),C D Hayes,0,J C McConnell,15th,4 1/2 l,5,9-8,57,True,136,27
N/A,N/A,16:45,Good To Yielding (Yielding In Places),7f 211y,Eurielle (IRE),W J Lee,0,W McCreery,14th,1 3/4 l,4,9-8,57,True,136,27
N/A,N/A,16:45,Good To Yielding (Yielding In Places),7f 211y,Comfort Line (IRE),Adam Caffrey,3,A McGuinness,13th,2 1/2 l,7,10-2v,65,True,136,27
N/A,N/A,16:45,Good To Yielding (Yielding In Places),7f 211y,Distillate,C J MacRedmond,5,A McGuinness,12th,Short Head,4,10-1t,64,True,136,27
N/A,N/A,16:45,Good To Yielding (Yielding In Places),7f 211y,Monzoon,L T McAteer,0,R Donohoe,11th,1 l,7,9-10,59,True,136,27
N/A,N/A,16:45,Good To Yielding (Yielding In Places),7f 211y,Mulgrave (IRE),D W O'Connor,0,J C McConnell,10th,2 l,6,9-7ht,56,True,136,27
N/A,N/A,16:45,Good To Yielding (Yielding In Places),7f 211y,Rattletheonionbag (IRE),M W Hassett,5,W P Browne,9th,2 l,4,8-12,47,True,136,27
N/A,N/A,16:45,Good To Yielding (Yielding In Places),7f 211y,Jalo (IRE),J J G Ryan,3,T G McCourt,8th,Nose,4,9-3tv,52,True,136,27
N/A,N/A,16:45,Good To Yielding (Yielding In Places),7f 211y,Roman Harry (IRE),G F Carroll,0,C O'Connell,7th,Head,4,9-5ht1,54,True,136,27
N/A,N/A,16:45,Good To Yielding (Yielding In Places),7f 211y,Zero Fighter (IRE),W M Lordan,0,E D Delany,6th,1/2 l,4,8-12p,47,True,136,27
N/A,N/A,16:45,Good To Yielding (Yielding In Places),7f 211y,Fastman (IRE),Siobhan Rutledge,3,J C McConnell,5th,3/4 l,8,8-12,47,True,136,27
N/A,N/A,16:45,Good To Yielding (Yielding In Places),7f 211y,Viva Voce (IRE),K J Leonard,0,Tom McGuinness,4th,1 1/2 l,7,9-3,52,True,136,27
N/A,N/A,16:45,Good To Yielding (Yielding In Places),7f 211y,Pascalia (IRE),R M Mulligan,7,J P Murtagh,3rd,1 1/2 l,4,9-5tp,54,True,136,27
N/A,N/A,16:45,Good To Yielding (Yielding In Places),7f 211y,Selective Power (IRE),R Whearty,3,Thomas Coyle,2nd,1 1/4 l,5,9-6p,55,True,136,27
N/A,N/A,16:45,Good To Yielding (Yielding In Places),7f 211y,The Bog Bank (IRE),Alyse Jane Clarke,10,T G McCourt,1st,N/A,7,9-11tp,60,True,136,27
N/A,N/A,17:15,Good To Yielding (Yielding In Places),7f 211y,The Stray Sod (IRE),Siobhan Rutledge,3,J C McConnell,NR,N/A,4,8-12,47,True,136,28
N/A,N/A,17:15,Good To Yielding (Yielding In Places),7f 211y,River Derwent,R Whearty,3,Thomas Coyle,14th,3 1/2 l,6,10-2b,65,True,136,28
N/A,N/A,17:15,Good To Yielding (Yielding In Places),7f 211y,Barnhill Rose,Amy Jo Hayes,7,D Hogan,13th,3 3/4 l,6,10-2p,65,True,136,28
N/A,N/A,17:15,Good To Yielding (Yielding In Places),7f 211y,Cousin Shay,D McMonagle,0,J C McConnell,12th,3/4 l,5,9-0,49,True,136,28
N/A,N/A,17:15,Good To Yielding (Yielding In Places),7f 211y,The Blue Panther (IRE),L F Roche,0,Miss Jennifer Anne Lynch,11th,4 1/2 l,6,9-7tp,56,True,136,28
N/A,N/A,17:15,Good To Yielding (Yielding In Places),7f 211y,Hastily,J Cleary,7,Tom McGuinness,10th,3 3/4 l,5,9-2,51,True,136,28
N/A,N/A,17:15,Good To Yielding (Yielding In Places),7f 211y,Smaoineamh Sile,J A Powell,3,J C McConnell,9th,Head,6,9-12,61,True,136,28
N/A,N/A,17:15,Good To Yielding (Yielding In Places),7f 211y,Tai Sing Yeh (IRE),J M Sheridan,0,Ian Donoghue,8th,3 l,10,9-8tb,57,True,136,28
N/A,N/A,17:15,Good To Yielding (Yielding In Places),7f 211y,Blue Wood (IRE),S Foley,0,K Smith,7th,2 l,8,9-5tp1,54,True,136,28
N/A,N/A,17:15,Good To Yielding (Yielding In Places),7f 211y,Coffeemeanscoffee (IRE),K J Leonard,0,Tom McGuinness,6th,1/2 l,9,8-12p,47,True,136,28
N/A,N/A,17:15,Good To Yielding (Yielding In Places),7f 211y,Rampage (IRE),J J G Ryan,3,T G McCourt,5th,1 l,5,10-2tv,65,True,136,28
N/A,N/A,17:15,Good To Yielding (Yielding In Places),7f 211y,Breezy Zoff (IRE),G F Carroll,0,G P Cromwell,4th,2 1/4 l,5,9-11ht,60,True,136,28
N/A,N/A,17:15,Good To Yielding (Yielding In Places),7f 211y,Pimstrel (IRE),C D Hayes,0,G A Kingston,3rd,2 1/4 l,8,8-12,47,True,136,28
N/A,N/A,17:15,Good To Yielding (Yielding In Places),7f 211y,Royal Tribute (IRE),N M Crosse,0,J C McConnell,2nd,1 1/4 l,6,8-12v1,47,True,136,28
N/A,N/A,17:15,Good To Yielding (Yielding In Places),7f 211y,Cherry Pink (IRE),Adam Caffrey,3,A McGuinness,1st,N/A,4,8-12v,47,True,136,28
N/A,N/A,17:15,Good To Yielding (Yielding In Places),7f 211y,The Stray Sod (IRE),Siobhan Rutledge,3,J C McConnell,NR,N/A,4,8-12,47,True,136,28
N/A,N/A,17:15,Good To Yielding (Yielding In Places),7f 211y,River Derwent,R Whearty,3,Thomas Coyle,14th,3 1/2 l,6,10-2b,65,True,136,28
N/A,N/A,17:15,Good To Yielding (Yielding In Places),7f 211y,Barnhill Rose,Amy Jo Hayes,7,D Hogan,13th,3 3/4 l,6,10-2p,65,True,136,28
N/A,N/A,17:15,Good To Yielding (Yielding In Places),7f 211y,Cousin Shay,D McMonagle,0,J C McConnell,12th,3/4 l,5,9-0,49,True,136,28
N/A,N/A,17:15,Good To Yielding (Yielding In Places),7f 211y,The Blue Panther (IRE),L F Roche,0,Miss Jennifer Anne Lynch,11th,4 1/2 l,6,9-7tp,56,True,136,28
N/A,N/A,17:15,Good To Yielding (Yielding In Places),7f 211y,Hastily,J Cleary,7,Tom McGuinness,10th,3 3/4 l,5,9-2,51,True,136,28
N/A,N/A,17:15,Good To Yielding (Yielding In Places),7f 211y,Smaoineamh Sile,J A Powell,3,J C McConnell,9th,Head,6,9-12,61,True,136,28
N/A,N/A,17:15,Good To Yielding (Yielding In Places),7f 211y,Tai Sing Yeh (IRE),J M Sheridan,0,Ian Donoghue,8th,3 l,10,9-8tb,57,True,136,28
N/A,N/A,17:15,Good To Yielding (Yielding In Places),7f 211y,Blue Wood (IRE),S Foley,0,K Smith,7th,2 l,8,9-5tp1,54,True,136,28
N/A,N/A,17:15,Good To Yielding (Yielding In Places),7f 211y,Coffeemeanscoffee (IRE),K J Leonard,0,Tom McGuinness,6th,1/2 l,9,8-12p,47,True,136,28
N/A,N/A,17:15,Good To Yielding (Yielding In Places),7f 211y,Rampage (IRE),J J G Ryan,3,T G McCourt,5th,1 l,5,10-2tv,65,True,136,28
N/A,N/A,17:15,Good To Yielding (Yielding In Places),7f 211y,Breezy Zoff (IRE),G F Carroll,0,G P Cromwell,4th,2 1/4 l,5,9-11ht,60,True,136,28
N/A,N/A,17:15,Good To Yielding (Yielding In Places),7f 211y,Pimstrel (IRE),C D Hayes,0,G A Kingston,3rd,2 1/4 l,8,8-12,47,True,136,28
N/A,N/A,17:15,Good To Yielding (Yielding In Places),7f 211y,Royal Tribute (IRE),N M Crosse,0,J C McConnell,2nd,1 1/4 l,6,8-12v1,47,True,136,28
N/A,N/A,17:15,Good To Yielding (Yielding In Places),7f 211y,Cherry Pink (IRE),Adam Caffrey,3,A McGuinness,1st,N/A,4,8-12v,47,True,136,28
N/A,N/A,17:45,Good To Yielding (Yielding In Places),7f 211y,Vierson (IRE),D S O'Sullivan,10,Ciaran Murphy,UR,N/A,3,9-3,66,True,136,29
N/A,N/A,17:45,Good To Yielding (Yielding In Places),7f 211y,Pauline's Dream (IRE),S Foley,0,H De Bromhead,14th,2 1/4 l,3,9-2,65,True,136,29
N/A,N/A,17:45,Good To Yielding (Yielding In Places),7f 211y,Point Duty (IRE),W Joyce,5,M Mulvany,13th,3 3/4 l,3,9-2ht1,65,True,136,29
N/A,N/A,17:45,Good To Yielding (Yielding In Places),7f 211y,Nika Pika (IRE),J J G Ryan,3,P Magee,12th,4 3/4 l,3,9-2t,65,True,136,29
N/A,N/A,17:45,Good To Yielding (Yielding In Places),7f 211y,Her Ladyship (IRE),D McMonagle,0,A McNamara,11th,1 1/4 l,3,10-2,79,True,136,29
N/A,N/A,17:45,Good To Yielding (Yielding In Places),7f 211y,Your Day To Shine (IRE),T Casey,10,M Mulvany,10th,1 1/2 l,3,8-8,57,True,136,29
N/A,N/A,17:45,Good To Yielding (Yielding In Places),7f 211y,Star Of Atlantis (IRE),G M Ryan,0,T Gibney,9th,1 3/4 l,3,8-9,58,True,136,29
N/A,N/A,17:45,Good To Yielding (Yielding In Places),7f 211y,Nans View (IRE),M P Sheehy,0,J P Fahey,8th,1 l,3,9-2,65,True,136,29
N/A,N/A,17:45,Good To Yielding (Yielding In Places),7f 211y,Cornahilt Soldier (IRE),R Whearty,3,K Smith,7th,2 1/2 l,3,9-7t,70,True,136,29
N/A,N/A,17:45,Good To Yielding (Yielding In Places),7f 211y,Nakasero (IRE),B M Coen,0,M Halford & T Collins,6th,1/2 l,3,9-8,71,True,136,29
N/A,N/A,17:45,Good To Yielding (Yielding In Places),7f 211y,Breathe Again (IRE),R C Colgan,0,S Lavery,5th,1 1/2 l,3,9-9p,72,True,136,29
N/A,N/A,17:45,Good To Yielding (Yielding In Places),7f 211y,Vassula Ryden (IRE),D P McDonogh,0,W McCreery,4th,Neck,3,9-11v,74,True,136,29
N/A,N/A,17:45,Good To Yielding (Yielding In Places),7f 211y,Bella Colombia (IRE),W J Lee,0,W McCreery,3rd,3 1/2 l,3,9-9v,72,True,136,29
N/A,N/A,17:45,Good To Yielding (Yielding In Places),7f 211y,Blue Soul (IRE),G F Carroll,0,G M Lyons,2nd,1/2 l,3,9-8,71,True,136,29
N/A,N/A,17:45,Good To Yielding (Yielding In Places),7f 211y,Copie Conforme (IRE),C D Hayes,0,K Prendergast,1st,N/A,3,9-4,67,True,136,29
N/A,N/A,17:45,Good To Yielding (Yielding In Places),7f 211y,Vierson (IRE),D S O'Sullivan,10,Ciaran Murphy,UR,N/A,3,9-3,66,True,136,29
N/A,N/A,17:45,Good To Yielding (Yielding In Places),7f 211y,Pauline's Dream (IRE),S Foley,0,H De Bromhead,14th,2 1/4 l,3,9-2,65,True,136,29
N/A,N/A,17:45,Good To Yielding (Yielding In Places),7f 211y,Point Duty (IRE),W Joyce,5,M Mulvany,13th,3 3/4 l,3,9-2ht1,65,True,136,29
N/A,N/A,17:45,Good To Yielding (Yielding In Places),7f 211y,Nika Pika (IRE),J J G Ryan,3,P Magee,12th,4 3/4 l,3,9-2t,65,True,136,29
N/A,N/A,17:45,Good To Yielding (Yielding In Places),7f 211y,Her Ladyship (IRE),D McMonagle,0,A McNamara,11th,1 1/4 l,3,10-2,79,True,136,29
N/A,N/A,17:45,Good To Yielding (Yielding In Places),7f 211y,Your Day To Shine (IRE),T Casey,10,M Mulvany,10th,1 1/2 l,3,8-8,57,True,136,29
N/A,N/A,17:45,Good To Yielding (Yielding In Places),7f 211y,Star Of Atlantis (IRE),G M Ryan,0,T Gibney,9th,1 3/4 l,3,8-9,58,True,136,29
N/A,N/A,17:45,Good To Yielding (Yielding In Places),7f 211y,Nans View (IRE),M P Sheehy,0,J P Fahey,8th,1 l,3,9-2,65,True,136,29
N/A,N/A,17:45,Good To Yielding (Yielding In Places),7f 211y,Cornahilt Soldier (IRE),R Whearty,3,K Smith,7th,2 1/2 l,3,9-7t,70,True,136,29
N/A,N/A,17:45,Good To Yielding (Yielding In Places),7f 211y,Nakasero (IRE),B M Coen,0,M Halford & T Collins,6th,1/2 l,3,9-8,71,True,136,29
N/A,N/A,17:45,Good To Yielding (Yielding In Places),7f 211y,Breathe Again (IRE),R C Colgan,0,S Lavery,5th,1 1/2 l,3,9-9p,72,True,136,29
N/A,N/A,17:45,Good To Yielding (Yielding In Places),7f 211y,Vassula Ryden (IRE),D P McDonogh,0,W McCreery,4th,Neck,3,9-11v,74,True,136,29
N/A,N/A,17:45,Good To Yielding (Yielding In Places),7f 211y,Bella Colombia (IRE),W J Lee,0,W McCreery,3rd,3 1/2 l,3,9-9v,72,True,136,29
N/A,N/A,17:45,Good To Yielding (Yielding In Places),7f 211y,Blue Soul (IRE),G F Carroll,0,G M Lyons,2nd,1/2 l,3,9-8,71,True,136,29
N/A,N/A,17:45,Good To Yielding (Yielding In Places),7f 211y,Copie Conforme (IRE),C D Hayes,0,K Prendergast,1st,N/A,3,9-4,67,True,136,29
N/A,N/A,18:15,Good To Yielding (Yielding In Places),5f 3y,Sienna Grey,L F Roche,0,Miss Jennifer Anne Lynch,9th,1/2 l,2,9-2ht,-,True,136,30
N/A,N/A,18:15,Good To Yielding (Yielding In Places),5f 3y,Magna Beauty (IRE),Siobhan Rutledge,3,E Buckley,8th,3 3/4 l,2,8-8,-,True,136,30
N/A,N/A,18:15,Good To Yielding (Yielding In Places),5f 3y,Therussiancomposer,D McMonagle,0,Ciaran Murphy,7th,2 l,2,9-1,-,True,136,30
N/A,N/A,18:15,Good To Yielding (Yielding In Places),5f 3y,Unique Journey (IRE),S T McCullagh,3,Daniel Murphy,6th,2 1/4 l,2,9-5,-,True,136,30
N/A,N/A,18:15,Good To Yielding (Yielding In Places),5f 3y,Isabella Expert,M W Hassett,5,W P Browne,5th,3 1/2 l,2,8-8,-,True,136,30
N/A,N/A,18:15,Good To Yielding (Yielding In Places),5f 3y,Smoke Them Out (IRE),J J G Ryan,3,T G McCourt,4th,3/4 l,2,8-13,-,True,136,30
N/A,N/A,18:15,Good To Yielding (Yielding In Places),5f 3y,Fiona Maccoul (IRE),S Foley,0,Mrs J Harrington,3rd,3/4 l,2,8-8,-,True,136,30
N/A,N/A,18:15,Good To Yielding (Yielding In Places),5f 3y,Bobbi Rosa,B M Coen,0,A Slattery,2nd,1/2 l,2,9-0,-,True,136,30
N/A,N/A,18:15,Good To Yielding (Yielding In Places),5f 3y,Gazelle D'or (IRE),R P Cleary,0,M C Grassick,1st,N/A,2,8-8,-,True,136,30
N/A,N/A,18:15,Good To Yielding (Yielding In Places),5f 3y,Sienna Grey,L F Roche,0,Miss Jennifer Anne Lynch,9th,1/2 l,2,9-2ht,-,True,136,30
N/A,N/A,18:15,Good To Yielding (Yielding In Places),5f 3y,Magna Beauty (IRE),Siobhan Rutledge,3,E Buckley,8th,3 3/4 l,2,8-8,-,True,136,30
N/A,N/A,18:15,Good To Yielding (Yielding In Places),5f 3y,Therussiancomposer,D McMonagle,0,Ciaran Murphy,7th,2 l,2,9-1,-,True,136,30
N/A,N/A,18:15,Good To Yielding (Yielding In Places),5f 3y,Unique Journey (IRE),S T McCullagh,3,Daniel Murphy,6th,2 1/4 l,2,9-5,-,True,136,30
N/A,N/A,18:15,Good To Yielding (Yielding In Places),5f 3y,Isabella Expert,M W Hassett,5,W P Browne,5th,3 1/2 l,2,8-8,-,True,136,30
N/A,N/A,18:15,Good To Yielding (Yielding In Places),5f 3y,Smoke Them Out (IRE),J J G Ryan,3,T G McCourt,4th,3/4 l,2,8-13,-,True,136,30
N/A,N/A,18:15,Good To Yielding (Yielding In Places),5f 3y,Fiona Maccoul (IRE),S Foley,0,Mrs J Harrington,3rd,3/4 l,2,8-8,-,True,136,30
N/A,N/A,18:15,Good To Yielding (Yielding In Places),5f 3y,Bobbi Rosa,B M Coen,0,A Slattery,2nd,1/2 l,2,9-0,-,True,136,30
N/A,N/A,18:15,Good To Yielding (Yielding In Places),5f 3y,Gazelle D'or (IRE),R P Cleary,0,M C Grassick,1st,N/A,2,8-8,-,True,136,30
N/A,N/A,18:45,Good To Yielding (Yielding In Places),5f 3y,Heart Of Darkness,S T McCullagh,3,P Twomey,NR,N/A,3,10-0,83,True,136,31
N/A,N/A,18:45,Good To Yielding (Yielding In Places),5f 3y,Navalny (IRE),R P Cleary,0,C W J Farrell,13th,4 3/4 l,4,8-7t,60,True,136,31
N/A,N/A,18:45,Good To Yielding (Yielding In Places),5f 3y,Escaping Thejungle (IRE),W M Lordan,0,E D Delany,12th,Neck,4,9-10,77,True,136,31
N/A,N/A,18:45,Good To Yielding (Yielding In Places),5f 3y,Rathbranchurch (IRE),W Joyce,5,M Mulvany,11th,3 3/4 l,4,9-7,74,True,136,31
N/A,N/A,18:45,Good To Yielding (Yielding In Places),5f 3y,Air Force One (IRE),W J Lee,0,P Twomey,10th,Neck,3,9-13tv,82,True,136,31
N/A,N/A,18:45,Good To Yielding (Yielding In Places),5f 3y,Inishmot Prince (IRE),Adam Caffrey,3,T G McCourt,9th,3/4 l,6,9-0v,67,True,136,31
N/A,N/A,18:45,Good To Yielding (Yielding In Places),5f 3y,Buddy Batt (IRE),J A Powell,3,D J Bunyan,8th,3/4 l,3,9-2,71,True,136,31
N/A,N/A,18:45,Good To Yielding (Yielding In Places),5f 3y,Zarra Ellis,D McMonagle,0,W McCreery,7th,Head,3,9-11,80,True,136,31
N/A,N/A,18:45,Good To Yielding (Yielding In Places),5f 3y,Scorchio (IRE),K G Kennedy,7,J Davison,6th,3 1/4 l,3,9-13b1,82,True,136,31
N/A,N/A,18:45,Good To Yielding (Yielding In Places),5f 3y,Only Spoofing (IRE),M P Sheehy,0,Kevin Coleman,5th,Short Head,10,9-10,77,True,136,31
N/A,N/A,18:45,Good To Yielding (Yielding In Places),5f 3y,Polar Bear (IRE),S Foley,0,Mrs J Harrington,4th,1 3/4 l,4,9-5v,72,True,136,31
N/A,N/A,18:45,Good To Yielding (Yielding In Places),5f 3y,Hero Of The Hour,J J G Ryan,3,T G McCourt,3rd,1 1/4 l,7,8-13v,66,True,136,31
N/A,N/A,18:45,Good To Yielding (Yielding In Places),5f 3y,Transcendental (FR),R Whearty,3,G P Cromwell,2nd,1/2 l,6,9-12,79,True,136,31
N/A,N/A,18:45,Good To Yielding (Yielding In Places),5f 3y,Harry's Hill,M W Hassett,5,M Hassett,1st,N/A,6,9-11,78,True,136,31
N/A,N/A,18:45,Good To Yielding (Yielding In Places),5f 3y,Heart Of Darkness,S T McCullagh,3,P Twomey,NR,N/A,3,10-0,83,True,136,31
N/A,N/A,18:45,Good To Yielding (Yielding In Places),5f 3y,Navalny (IRE),R P Cleary,0,C W J Farrell,13th,4 3/4 l,4,8-7t,60,True,136,31
N/A,N/A,18:45,Good To Yielding (Yielding In Places),5f 3y,Escaping Thejungle (IRE),W M Lordan,0,E D Delany,12th,Neck,4,9-10,77,True,136,31
N/A,N/A,18:45,Good To Yielding (Yielding In Places),5f 3y,Rathbranchurch (IRE),W Joyce,5,M Mulvany,11th,3 3/4 l,4,9-7,74,True,136,31
N/A,N/A,18:45,Good To Yielding (Yielding In Places),5f 3y,Air Force One (IRE),W J Lee,0,P Twomey,10th,Neck,3,9-13tv,82,True,136,31
N/A,N/A,18:45,Good To Yielding (Yielding In Places),5f 3y,Inishmot Prince (IRE),Adam Caffrey,3,T G McCourt,9th,3/4 l,6,9-0v,67,True,136,31
N/A,N/A,18:45,Good To Yielding (Yielding In Places),5f 3y,Buddy Batt (IRE),J A Powell,3,D J Bunyan,8th,3/4 l,3,9-2,71,True,136,31
N/A,N/A,18:45,Good To Yielding (Yielding In Places),5f 3y,Zarra Ellis,D McMonagle,0,W McCreery,7th,Head,3,9-11,80,True,136,31
N/A,N/A,18:45,Good To Yielding (Yielding In Places),5f 3y,Scorchio (IRE),K G Kennedy,7,J Davison,6th,3 1/4 l,3,9-13b1,82,True,136,31
N/A,N/A,18:45,Good To Yielding (Yielding In Places),5f 3y,Only Spoofing (IRE),M P Sheehy,0,Kevin Coleman,5th,Short Head,10,9-10,77,True,136,31
N/A,N/A,18:45,Good To Yielding (Yielding In Places),5f 3y,Polar Bear (IRE),S Foley,0,Mrs J Harrington,4th,1 3/4 l,4,9-5v,72,True,136,31
N/A,N/A,18:45,Good To Yielding (Yielding In Places),5f 3y,Hero Of The Hour,J J G Ryan,3,T G McCourt,3rd,1 1/4 l,7,8-13v,66,True,136,31
N/A,N/A,18:45,Good To Yielding (Yielding In Places),5f 3y,Transcendental (FR),R Whearty,3,G P Cromwell,2nd,1/2 l,6,9-12,79,True,136,31
N/A,N/A,18:45,Good To Yielding (Yielding In Places),5f 3y,Harry's Hill,M W Hassett,5,M Hassett,1st,N/A,6,9-11,78,True,136,31
N/A,N/A,19:15,Good To Yielding (Yielding In Places),1m 4f 71y,Realt Na Ri (IRE),S Foley,0,Mrs J Harrington,7th,8 1/2 l,3,9-3,-,True,136,32
N/A,N/A,19:15,Good To Yielding (Yielding In Places),1m 4f 71y,The Mighty Penny (IRE),D W O'Connor,0,J C McConnell,6th,42 l,3,9-3,-,True,136,32
N/A,N/A,19:15,Good To Yielding (Yielding In Places),1m 4f 71y,Sissi (IRE),D McMonagle,0,J P O'Brien,5th,3 1/4 l,3,9-3t,-,True,136,32
N/A,N/A,19:15,Good To Yielding (Yielding In Places),1m 4f 71y,Lagoon Nebula,W J Lee,0,W McCreery,4th,13 l,3,9-3,-,True,136,32
N/A,N/A,19:15,Good To Yielding (Yielding In Places),1m 4f 71y,Rubies Are Red (IRE),W M Lordan,0,A P O'Brien,3rd,1 1/4 l,3,9-3b1,-,True,136,32
N/A,N/A,19:15,Good To Yielding (Yielding In Places),1m 4f 71y,Market Timing (IRE),G F Carroll,0,G M Lyons,2nd,1/2 l,3,9-3,-,True,136,32
N/A,N/A,19:15,Good To Yielding (Yielding In Places),1m 4f 71y,Ob La Di (IRE),B M Coen,0,J P Murtagh,1st,N/A,3,9-3p1,-,True,136,32
N/A,N/A,19:15,Good To Yielding (Yielding In Places),1m 4f 71y,Realt Na Ri (IRE),S Foley,0,Mrs J Harrington,7th,8 1/2 l,3,9-3,-,True,136,32
N/A,N/A,19:15,Good To Yielding (Yielding In Places),1m 4f 71y,The Mighty Penny (IRE),D W O'Connor,0,J C McConnell,6th,42 l,3,9-3,-,True,136,32
N/A,N/A,19:15,Good To Yielding (Yielding In Places),1m 4f 71y,Sissi (IRE),D McMonagle,0,J P O'Brien,5th,3 1/4 l,3,9-3t,-,True,136,32
N/A,N/A,19:15,Good To Yielding (Yielding In Places),1m 4f 71y,Lagoon Nebula,W J Lee,0,W McCreery,4th,13 l,3,9-3,-,True,136,32
N/A,N/A,19:15,Good To Yielding (Yielding In Places),1m 4f 71y,Rubies Are Red (IRE),W M Lordan,0,A P O'Brien,3rd,1 1/4 l,3,9-3b1,-,True,136,32
N/A,N/A,19:15,Good To Yielding (Yielding In Places),1m 4f 71y,Market Timing (IRE),G F Carroll,0,G M Lyons,2nd,1/2 l,3,9-3,-,True,136,32
N/A,N/A,19:15,Good To Yielding (Yielding In Places),1m 4f 71y,Ob La Di (IRE),B M Coen,0,J P Murtagh,1st,N/A,3,9-3p1,-,True,136,32
N/A,N/A,19:45,Good To Yielding (Yielding In Places) ap (Turf),2m 1f 110y,The Black Tiger (USA),Miss H M Smullen,7,Ms F M Crowley,13th,4 1/2 l,4,10-13,72,True,136,33
N/A,N/A,19:45,Good To Yielding (Yielding In Places) ap (Turf),2m 1f 110y,Morph Speed (IRE),Mr A P Ryan,7,N Slevin,12th,3 1/4 l,8,11-3tp,76,True,136,33
N/A,N/A,19:45,Good To Yielding (Yielding In Places) ap (Turf),2m 1f 110y,Firstman (FR),Mr J Costello,7,Mrs C O'Leary,11th,3 1/2 l,7,11-9t,82,True,136,33
N/A,N/A,19:45,Good To Yielding (Yielding In Places) ap (Turf),2m 1f 110y,Teed Up (IRE),Mr F J Gillen,7,E Mullins,10th,Neck,7,12-2t,89,True,136,33
N/A,N/A,19:45,Good To Yielding (Yielding In Places) ap (Turf),2m 1f 110y,Peckham Springs (IRE),Mr J P Sutton,7,D A McLoughlin,9th,2 1/4 l,7,11-1t,74,True,136,33
N/A,N/A,19:45,Good To Yielding (Yielding In Places) ap (Turf),2m 1f 110y,War Correspondent (IRE),Mr P J Cody,7,R P Cody,8th,Short Head,5,11-9t,82,True,136,33
N/A,N/A,19:45,Good To Yielding (Yielding In Places) ap (Turf),2m 1f 110y,Reina Del Mar (IRE),Mr J L Gleeson,5,J P O'Brien,7th,4 1/2 l,6,11-13t,86,True,136,33
N/A,N/A,19:45,Good To Yielding (Yielding In Places) ap (Turf),2m 1f 110y,Glan (IRE),Mr H C Swan,3,G Elliott,6th,2 1/2 l,9,11-9p1,82,True,136,33
N/A,N/A,19:45,Good To Yielding (Yielding In Places) ap (Turf),2m 1f 110y,Barnacullia (IRE),Mr F Maguire,0,M Mulvany,5th,Neck,7,11-2,75,True,136,33
N/A,N/A,19:45,Good To Yielding (Yielding In Places) ap (Turf),2m 1f 110y,Baltic Bird,Mr J C Barry,0,W Durkan,4th,Neck,5,11-13,86,True,136,33
N/A,N/A,19:45,Good To Yielding (Yielding In Places) ap (Turf),2m 1f 110y,Barrier (FR),Mr J M Halford,7,G Elliott,3rd,2 l,4,11-0p,73,True,136,33
N/A,N/A,19:45,Good To Yielding (Yielding In Places) ap (Turf),2m 1f 110y,Royal Eagle (IRE),Mr A J Lord,7,G Elliott,2nd,N/A,6,11-8,81,True,136,33
N/A,N/A,19:45,Good To Yielding (Yielding In Places) ap (Turf),2m 1f 110y,Walking On Glass (IRE),Miss A B O'Connor,0,P Roche,1st,Neck,9,10-7p,66,True,136,33
N/A,N/A,19:45,Good To Yielding (Yielding In Places) ap (Turf),2m 1f 110y,The Black Tiger (USA),Miss H M Smullen,7,Ms F M Crowley,13th,4 1/2 l,4,10-13,72,True,136,33
N/A,N/A,19:45,Good To Yielding (Yielding In Places) ap (Turf),2m 1f 110y,Morph Speed (IRE),Mr A P Ryan,7,N Slevin,12th,3 1/4 l,8,11-3tp,76,True,136,33
N/A,N/A,19:45,Good To Yielding (Yielding In Places) ap (Turf),2m 1f 110y,Firstman (FR),Mr J Costello,7,Mrs C O'Leary,11th,3 1/2 l,7,11-9t,82,True,136,33
N/A,N/A,19:45,Good To Yielding (Yielding In Places) ap (Turf),2m 1f 110y,Teed Up (IRE),Mr F J Gillen,7,E Mullins,10th,Neck,7,12-2t,89,True,136,33
N/A,N/A,19:45,Good To Yielding (Yielding In Places) ap (Turf),2m 1f 110y,Peckham Springs (IRE),Mr J P Sutton,7,D A McLoughlin,9th,2 1/4 l,7,11-1t,74,True,136,33
N/A,N/A,19:45,Good To Yielding (Yielding In Places) ap (Turf),2m 1f 110y,War Correspondent (IRE),Mr P J Cody,7,R P Cody,8th,Short Head,5,11-9t,82,True,136,33
N/A,N/A,19:45,Good To Yielding (Yielding In Places) ap (Turf),2m 1f 110y,Reina Del Mar (IRE),Mr J L Gleeson,5,J P O'Brien,7th,4 1/2 l,6,11-13t,86,True,136,33
N/A,N/A,19:45,Good To Yielding (Yielding In Places) ap (Turf),2m 1f 110y,Glan (IRE),Mr H C Swan,3,G Elliott,6th,2 1/2 l,9,11-9p1,82,True,136,33
N/A,N/A,19:45,Good To Yielding (Yielding In Places) ap (Turf),2m 1f 110y,Barnacullia (IRE),Mr F Maguire,0,M Mulvany,5th,Neck,7,11-2,75,True,136,33
N/A,N/A,19:45,Good To Yielding (Yielding In Places) ap (Turf),2m 1f 110y,Baltic Bird,Mr J C Barry,0,W Durkan,4th,Neck,5,11-13,86,True,136,33
N/A,N/A,19:45,Good To Yielding (Yielding In Places) ap (Turf),2m 1f 110y,Barrier (FR),Mr J M Halford,7,G Elliott,3rd,2 l,4,11-0p,73,True,136,33
N/A,N/A,19:45,Good To Yielding (Yielding In Places) ap (Turf),2m 1f 110y,Royal Eagle (IRE),Mr A J Lord,7,G Elliott,2nd,N/A,6,11-8,81,True,136,33
N/A,N/A,19:45,Good To Yielding (Yielding In Places) ap (Turf),2m 1f 110y,Walking On Glass (IRE),Miss A B O'Connor,0,P Roche,1st,Neck,9,10-7p,66,True,136,33
N/A,N/A,16:15,Good,2m 4f 110y,Cozone,Non Runner,0,M J Smith,NR,N/A,7,10-12b,-,True,136,34
N/A,N/A,16:15,Good,2m 4f 110y,Jackady (FR),D Meyler,0,Ian Donoghue,NR,N/A,5,10-12h1,-,True,136,34
N/A,N/A,16:15,Good,2m 4f 110y,Circus Act (IRE),G Brouder,5,J Nash,NR,N/A,5,11-4b,-,True,136,34
N/A,N/A,16:15,Good,2m 4f 110y,Boom Boom Boom,P Byrnes,0,C Byrnes,PU,N/A,7,10-10,-,True,136,34
N/A,N/A,16:15,Good,2m 4f 110y,Walmix (FR),D E Mullins,0,A Mullins,PU,N/A,6,11-8h,-,True,136,34
N/A,N/A,16:15,Good,2m 4f 110y,Un Des Flos (FR),S W Flanagan,0,H Rogers,PU,N/A,6,11-4h,-,True,136,34
N/A,N/A,16:15,Good,2m 4f 110y,Ballerina Boxer (IRE),B W Harvey,0,William Harvey,9th,26 l,6,11-4t,-,True,136,34
N/A,N/A,16:15,Good,2m 4f 110y,Grand Cru Chatho (FR),K E Buckley,0,E Cawley,8th,1/2 l,8,11-2ht,-,True,136,34
N/A,N/A,16:15,Good,2m 4f 110y,Gino Drummer Boy (IRE),F Brickley,7,G Elliott,7th,6 l,8,10-6p,-,True,136,34
N/A,N/A,16:15,Good,2m 4f 110y,Teagarden Jazz,J W Kennedy,0,G Elliott,6th,1 1/4 l,5,11-10t,-,True,136,34
N/A,N/A,16:15,Good,2m 4f 110y,Brianna Lily (IRE),C D Smithers,7,P T Foley,5th,1 3/4 l,7,10-8p,-,True,136,34
N/A,N/A,16:15,Good,2m 4f 110y,Dollar Value (USA),A Harvey,5,T G McCourt,4th,3 1/4 l,9,11-10,-,True,136,34
N/A,N/A,16:15,Good,2m 4f 110y,Wild Shot,B Hayes,0,J C McConnell,3rd,1 l,10,11-0tp,-,True,136,34
N/A,N/A,16:15,Good,2m 4f 110y,I Am Spider Man (IRE),P T Enright,0,C Byrnes,2nd,1 3/4 l,7,11-0,-,True,136,34
N/A,N/A,16:15,Good,2m 4f 110y,Routine Excellence (IRE),K M Donoghue,0,G P Cromwell,1st,N/A,8,11-8p,-,True,136,34
N/A,N/A,16:15,Good,2m 4f 110y,Cozone,Non Runner,0,M J Smith,NR,N/A,7,10-12b,-,True,136,34
N/A,N/A,16:15,Good,2m 4f 110y,Jackady (FR),D Meyler,0,Ian Donoghue,NR,N/A,5,10-12h1,-,True,136,34
N/A,N/A,16:15,Good,2m 4f 110y,Circus Act (IRE),G Brouder,5,J Nash,NR,N/A,5,11-4b,-,True,136,34
N/A,N/A,16:15,Good,2m 4f 110y,Boom Boom Boom,P Byrnes,0,C Byrnes,PU,N/A,7,10-10,-,True,136,34
N/A,N/A,16:15,Good,2m 4f 110y,Walmix (FR),D E Mullins,0,A Mullins,PU,N/A,6,11-8h,-,True,136,34
N/A,N/A,16:15,Good,2m 4f 110y,Un Des Flos (FR),S W Flanagan,0,H Rogers,PU,N/A,6,11-4h,-,True,136,34
N/A,N/A,16:15,Good,2m 4f 110y,Ballerina Boxer (IRE),B W Harvey,0,William Harvey,9th,26 l,6,11-4t,-,True,136,34
N/A,N/A,16:15,Good,2m 4f 110y,Grand Cru Chatho (FR),K E Buckley,0,E Cawley,8th,1/2 l,8,11-2ht,-,True,136,34
N/A,N/A,16:15,Good,2m 4f 110y,Gino Drummer Boy (IRE),F Brickley,7,G Elliott,7th,6 l,8,10-6p,-,True,136,34
N/A,N/A,16:15,Good,2m 4f 110y,Teagarden Jazz,J W Kennedy,0,G Elliott,6th,1 1/4 l,5,11-10t,-,True,136,34
N/A,N/A,16:15,Good,2m 4f 110y,Brianna Lily (IRE),C D Smithers,7,P T Foley,5th,1 3/4 l,7,10-8p,-,True,136,34
N/A,N/A,16:15,Good,2m 4f 110y,Dollar Value (USA),A Harvey,5,T G McCourt,4th,3 1/4 l,9,11-10,-,True,136,34
N/A,N/A,16:15,Good,2m 4f 110y,Wild Shot,B Hayes,0,J C McConnell,3rd,1 l,10,11-0tp,-,True,136,34
N/A,N/A,16:15,Good,2m 4f 110y,I Am Spider Man (IRE),P T Enright,0,C Byrnes,2nd,1 3/4 l,7,11-0,-,True,136,34
N/A,N/A,16:15,Good,2m 4f 110y,Routine Excellence (IRE),K M Donoghue,0,G P Cromwell,1st,N/A,8,11-8p,-,True,136,34
N/A,N/A,16:45,Good,2m 4f 110y,Camino Rock,G Brouder,5,M F Morris,NR,N/A,7,11-10t,-,True,136,35
N/A,N/A,16:45,Good,2m 4f 110y,Jana Colombe (FR),J W Kennedy,0,G Elliott,NR,N/A,5,11-7,-,True,136,35
N/A,N/A,16:45,Good,2m 4f 110y,Comeonarchie (IRE),P M O'Brien,7,F G Hand,8th,Short Head,7,11-6t,-,True,136,35
N/A,N/A,16:45,Good,2m 4f 110y,Jewel Of Windsor (FR),Conor Clarke,7,E Mullins,7th,2 1/2 l,5,11-7,-,True,136,35
N/A,N/A,16:45,Good,2m 4f 110y,Pampar Lady (IRE),C Stone-Walsh,5,G P Cromwell,6th,4 1/2 l,5,10-13,-,True,136,35
N/A,N/A,16:45,Good,2m 4f 110y,On Lovers Walk (IRE),T P Harney,7,R O'Sullivan,5th,14 l,7,11-6t,-,True,136,35
N/A,N/A,16:45,Good,2m 4f 110y,Slieve Carran (IRE),M J M O'Sullivan,0,P T Foley,4th,3/4 l,5,11-8,-,True,136,35
N/A,N/A,16:45,Good,2m 4f 110y,Ol Man Dingle (IRE),R A Doyle,0,E Griffin,3rd,Head,5,11-12,-,True,136,35
N/A,N/A,16:45,Good,2m 4f 110y,Arctic Gale (IRE),D Meyler,0,E Mullins,2nd,2 1/4 l,5,11-12,-,True,136,35
N/A,N/A,16:45,Good,2m 4f 110y,Millforce (IRE),K M Donoghue,0,G P Cromwell,1st,N/A,5,12-0,-,True,136,35
N/A,N/A,16:45,Good,2m 4f 110y,Camino Rock,G Brouder,5,M F Morris,NR,N/A,7,11-10t,-,True,136,35
N/A,N/A,16:45,Good,2m 4f 110y,Jana Colombe (FR),J W Kennedy,0,G Elliott,NR,N/A,5,11-7,-,True,136,35
N/A,N/A,16:45,Good,2m 4f 110y,Comeonarchie (IRE),P M O'Brien,7,F G Hand,8th,Short Head,7,11-6t,-,True,136,35
N/A,N/A,16:45,Good,2m 4f 110y,Jewel Of Windsor (FR),Conor Clarke,7,E Mullins,7th,2 1/2 l,5,11-7,-,True,136,35
N/A,N/A,16:45,Good,2m 4f 110y,Pampar Lady (IRE),C Stone-Walsh,5,G P Cromwell,6th,4 1/2 l,5,10-13,-,True,136,35
N/A,N/A,16:45,Good,2m 4f 110y,On Lovers Walk (IRE),T P Harney,7,R O'Sullivan,5th,14 l,7,11-6t,-,True,136,35
N/A,N/A,16:45,Good,2m 4f 110y,Slieve Carran (IRE),M J M O'Sullivan,0,P T Foley,4th,3/4 l,5,11-8,-,True,136,35
N/A,N/A,16:45,Good,2m 4f 110y,Ol Man Dingle (IRE),R A Doyle,0,E Griffin,3rd,Head,5,11-12,-,True,136,35
N/A,N/A,16:45,Good,2m 4f 110y,Arctic Gale (IRE),D Meyler,0,E Mullins,2nd,2 1/4 l,5,11-12,-,True,136,35
N/A,N/A,16:45,Good,2m 4f 110y,Millforce (IRE),K M Donoghue,0,G P Cromwell,1st,N/A,5,12-0,-,True,136,35
N/A,N/A,17:18,Good,2m 4f 110y,St Denis's Well (IRE),C P Millar,7,Ian Donoghue,NR,N/A,6,11-3tp,91,True,136,36
N/A,N/A,17:18,Good,2m 4f 110y,Whatyouwant (IRE),K Callaghan,5,Michael C Griffin,PU,N/A,6,11-4t,92,True,136,36
N/A,N/A,17:18,Good,2m 4f 110y,Yenillik (IRE),S W Flanagan,0,H Rogers,PU,N/A,8,11-5t1,93,True,136,36
N/A,N/A,17:18,Good,2m 4f 110y,Shana Cloon (IRE),K M Donoghue,0,G P Cromwell,PU,N/A,5,11-7,95,True,136,36
N/A,N/A,17:18,Good,2m 4f 110y,Seasett,P Hanlon,7,J J Hanlon,PU,N/A,6,12-0p,102,True,136,36
N/A,N/A,17:18,Good,2m 4f 110y,High Honour,J P Shinnick,5,D Kinsella,12th,3 l,4,11-11,103,True,136,36
N/A,N/A,17:18,Good,2m 4f 110y,Container Madness (IRE),J J Slevin,0,M Brassil,11th,2 3/4 l,5,11-1tp1,89,True,136,36
N/A,N/A,17:18,Good,2m 4f 110y,Inforapenny (IRE),R A Doyle,0,M Fahey,10th,19 l,8,12-0p,102,True,136,36
N/A,N/A,17:18,Good,2m 4f 110y,Harley Street (IRE),P T Smithers,7,J P O'Brien,9th,Head,5,12-0b,102,True,136,36
N/A,N/A,17:18,Good,2m 4f 110y,Hidalgo Des Mottes (FR),D Meyler,0,E Griffin,8th,1/2 l,7,11-11tp,99,True,136,36
N/A,N/A,17:18,Good,2m 4f 110y,Brogue Man River (IRE),K E Buckley,0,G P Cromwell,7th,5 l,6,11-5,93,True,136,36
N/A,N/A,17:18,Good,2m 4f 110y,Agent Tequila (IRE),B W Harvey,0,J C McConnell,6th,2 1/2 l,6,11-5t,93,True,136,36
N/A,N/A,17:18,Good,2m 4f 110y,Fremantle Doctor (IRE),S D Torrens,0,J C McConnell,5th,1 l,6,11-11t,99,True,136,36
N/A,N/A,17:18,Good,2m 4f 110y,Rockview Roman (IRE),A Harvey,5,J C McConnell,4th,5 l,8,11-8,96,True,136,36
N/A,N/A,17:18,Good,2m 4f 110y,Letters To Juliet (IRE),P M O'Brien,7,P Downey,3rd,2 1/4 l,6,11-3ht1,91,True,136,36
N/A,N/A,17:18,Good,2m 4f 110y,Gustavo Goodway (IRE),T Power Roche,7,P J Rothwell,2nd,4 1/2 l,6,11-2p,90,True,136,36
N/A,N/A,17:18,Good,2m 4f 110y,Leading Lion (IRE),J W Kennedy,0,G Elliott,1st,N/A,4,11-8t,100,True,136,36
N/A,N/A,17:18,Good,2m 4f 110y,St Denis's Well (IRE),C P Millar,7,Ian Donoghue,NR,N/A,6,11-3tp,91,True,136,36
N/A,N/A,17:18,Good,2m 4f 110y,Whatyouwant (IRE),K Callaghan,5,Michael C Griffin,PU,N/A,6,11-4t,92,True,136,36
N/A,N/A,17:18,Good,2m 4f 110y,Yenillik (IRE),S W Flanagan,0,H Rogers,PU,N/A,8,11-5t1,93,True,136,36
N/A,N/A,17:18,Good,2m 4f 110y,Shana Cloon (IRE),K M Donoghue,0,G P Cromwell,PU,N/A,5,11-7,95,True,136,36
N/A,N/A,17:18,Good,2m 4f 110y,Seasett,P Hanlon,7,J J Hanlon,PU,N/A,6,12-0p,102,True,136,36
N/A,N/A,17:18,Good,2m 4f 110y,High Honour,J P Shinnick,5,D Kinsella,12th,3 l,4,11-11,103,True,136,36
N/A,N/A,17:18,Good,2m 4f 110y,Container Madness (IRE),J J Slevin,0,M Brassil,11th,2 3/4 l,5,11-1tp1,89,True,136,36
N/A,N/A,17:18,Good,2m 4f 110y,Inforapenny (IRE),R A Doyle,0,M Fahey,10th,19 l,8,12-0p,102,True,136,36
N/A,N/A,17:18,Good,2m 4f 110y,Harley Street (IRE),P T Smithers,7,J P O'Brien,9th,Head,5,12-0b,102,True,136,36
N/A,N/A,17:18,Good,2m 4f 110y,Hidalgo Des Mottes (FR),D Meyler,0,E Griffin,8th,1/2 l,7,11-11tp,99,True,136,36
N/A,N/A,17:18,Good,2m 4f 110y,Brogue Man River (IRE),K E Buckley,0,G P Cromwell,7th,5 l,6,11-5,93,True,136,36
N/A,N/A,17:18,Good,2m 4f 110y,Agent Tequila (IRE),B W Harvey,0,J C McConnell,6th,2 1/2 l,6,11-5t,93,True,136,36
N/A,N/A,17:18,Good,2m 4f 110y,Fremantle Doctor (IRE),S D Torrens,0,J C McConnell,5th,1 l,6,11-11t,99,True,136,36
N/A,N/A,17:18,Good,2m 4f 110y,Rockview Roman (IRE),A Harvey,5,J C McConnell,4th,5 l,8,11-8,96,True,136,36
N/A,N/A,17:18,Good,2m 4f 110y,Letters To Juliet (IRE),P M O'Brien,7,P Downey,3rd,2 1/4 l,6,11-3ht1,91,True,136,36
N/A,N/A,17:18,Good,2m 4f 110y,Gustavo Goodway (IRE),T Power Roche,7,P J Rothwell,2nd,4 1/2 l,6,11-2p,90,True,136,36
N/A,N/A,17:18,Good,2m 4f 110y,Leading Lion (IRE),J W Kennedy,0,G Elliott,1st,N/A,4,11-8t,100,True,136,36
N/A,N/A,17:48,Good,2m 4f 110y,Aarons Day (IRE),P T Enright,0,O McKiernan,15th,35 l,10,10-10tp,114,True,136,37
N/A,N/A,17:48,Good,2m 4f 110y,Cougar (JPN),M P Walsh,0,P Roche,14th,18 l,5,11-1,119,True,136,37
N/A,N/A,17:48,Good,2m 4f 110y,Mount Sinai (IRE),P Townend,0,W P Mullins,13th,2 1/2 l,6,11-0h,118,True,136,37
N/A,N/A,17:48,Good,2m 4f 110y,Shesadream (IRE),J W Kennedy,0,G Elliott,12th,2 1/2 l,7,11-5,123,True,136,37
N/A,N/A,17:48,Good,2m 4f 110y,Visionarian (IRE),K M Donoghue,0,G P Cromwell,11th,4 3/4 l,9,12-2,134,True,136,37
N/A,N/A,17:48,Good,2m 4f 110y,That's About Right (IRE),C Owens,7,P J Rothwell,10th,10 l,6,10-0tp,104,True,136,37
N/A,N/A,17:48,Good,2m 4f 110y,Sequoiaspirit (IRE),L Quinlan,3,R Hackett,9th,1 1/4 l,7,10-11,115,True,136,37
N/A,N/A,17:48,Good,2m 4f 110y,Ta Na La (USA),S O'Callaghan,5,T M Walsh,8th,3 l,5,10-5t,109,True,136,37
N/A,N/A,17:48,Good,2m 4f 110y,Sea Music (IRE),D Meyler,0,E Mullins,7th,1 1/2 l,6,10-13,117,True,136,37
N/A,N/A,17:48,Good,2m 4f 110y,Navigator Jack (IRE),G Brouder,5,E Griffin,6th,1/2 l,7,10-4t,108,True,136,37
N/A,N/A,17:48,Good,2m 4f 110y,Anna Bunina (FR),A Harvey,5,J C McConnell,5th,2 1/2 l,8,11-10t,128,True,136,37
N/A,N/A,17:48,Good,2m 4f 110y,Yeats Star (IRE),C P Millar,7,G Elliott,4th,1 1/4 l,5,12-2,134,True,136,37
N/A,N/A,17:48,Good,2m 4f 110y,Mister Beeton (IRE),S Fitzgerald,0,S Nolan,3rd,1/2 l,7,10-13p,117,True,136,37
N/A,N/A,17:48,Good,2m 4f 110y,Crooked Tannie (IRE),J C Gainford,0,C Collins,2nd,4 l,5,10-12h,116,True,136,37
N/A,N/A,17:48,Good,2m 4f 110y,Barry Lyndon (IRE),J J Slevin,0,D A McLoughlin,1st,N/A,6,11-3p1,121,True,136,37
N/A,N/A,17:48,Good,2m 4f 110y,Aarons Day (IRE),P T Enright,0,O McKiernan,15th,35 l,10,10-10tp,114,True,136,37
N/A,N/A,17:48,Good,2m 4f 110y,Cougar (JPN),M P Walsh,0,P Roche,14th,18 l,5,11-1,119,True,136,37
N/A,N/A,17:48,Good,2m 4f 110y,Mount Sinai (IRE),P Townend,0,W P Mullins,13th,2 1/2 l,6,11-0h,118,True,136,37
N/A,N/A,17:48,Good,2m 4f 110y,Shesadream (IRE),J W Kennedy,0,G Elliott,12th,2 1/2 l,7,11-5,123,True,136,37
N/A,N/A,17:48,Good,2m 4f 110y,Visionarian (IRE),K M Donoghue,0,G P Cromwell,11th,4 3/4 l,9,12-2,134,True,136,37
N/A,N/A,17:48,Good,2m 4f 110y,That's About Right (IRE),C Owens,7,P J Rothwell,10th,10 l,6,10-0tp,104,True,136,37
N/A,N/A,17:48,Good,2m 4f 110y,Sequoiaspirit (IRE),L Quinlan,3,R Hackett,9th,1 1/4 l,7,10-11,115,True,136,37
N/A,N/A,17:48,Good,2m 4f 110y,Ta Na La (USA),S O'Callaghan,5,T M Walsh,8th,3 l,5,10-5t,109,True,136,37
N/A,N/A,17:48,Good,2m 4f 110y,Sea Music (IRE),D Meyler,0,E Mullins,7th,1 1/2 l,6,10-13,117,True,136,37
N/A,N/A,17:48,Good,2m 4f 110y,Navigator Jack (IRE),G Brouder,5,E Griffin,6th,1/2 l,7,10-4t,108,True,136,37
N/A,N/A,17:48,Good,2m 4f 110y,Anna Bunina (FR),A Harvey,5,J C McConnell,5th,2 1/2 l,8,11-10t,128,True,136,37
N/A,N/A,17:48,Good,2m 4f 110y,Yeats Star (IRE),C P Millar,7,G Elliott,4th,1 1/4 l,5,12-2,134,True,136,37
N/A,N/A,17:48,Good,2m 4f 110y,Mister Beeton (IRE),S Fitzgerald,0,S Nolan,3rd,1/2 l,7,10-13p,117,True,136,37
N/A,N/A,17:48,Good,2m 4f 110y,Crooked Tannie (IRE),J C Gainford,0,C Collins,2nd,4 l,5,10-12h,116,True,136,37
N/A,N/A,17:48,Good,2m 4f 110y,Barry Lyndon (IRE),J J Slevin,0,D A McLoughlin,1st,N/A,6,11-3p1,121,True,136,37
N/A,N/A,18:18,Good,2m 1f 40y,All Biz (IRE),S F O'Keeffe,0,Peter Maher,8th,90 l,6,10-10,-,True,136,38
N/A,N/A,18:18,Good,2m 1f 40y,Amanha (FR),P J O'Hanlon,0,D A McLoughlin,7th,2 3/4 l,6,11-3ht,-,True,136,38
N/A,N/A,18:18,Good,2m 1f 40y,Crack The Sky,D E Mullins,0,W P Mullins,6th,4 l,5,11-3h,-,True,136,38
N/A,N/A,18:18,Good,2m 1f 40y,Cleopatra's Needle (IRE),S W Flanagan,0,H Rogers,5th,18 l,6,10-10ht,-,True,136,38
N/A,N/A,18:18,Good,2m 1f 40y,Four Clean Aces (IRE),P Townend,0,W P Mullins,4th,1 l,6,11-3,-,True,136,38
N/A,N/A,18:18,Good,2m 1f 40y,Disco Dancer (IRE),J W Kennedy,0,G Elliott,3rd,3 1/2 l,5,11-3t,-,True,136,38
N/A,N/A,18:18,Good,2m 1f 40y,Dame Rapide (IRE),D King,0,J M Barrett,2nd,8 1/2 l,7,11-3,-,True,136,38
N/A,N/A,18:18,Good,2m 1f 40y,Royal Hollow (IRE),C M Quirke,5,A Slattery,1st,N/A,6,11-3,-,True,136,38
N/A,N/A,18:18,Good,2m 1f 40y,All Biz (IRE),S F O'Keeffe,0,Peter Maher,8th,90 l,6,10-10,-,True,136,38
N/A,N/A,18:18,Good,2m 1f 40y,Amanha (FR),P J O'Hanlon,0,D A McLoughlin,7th,2 3/4 l,6,11-3ht,-,True,136,38
N/A,N/A,18:18,Good,2m 1f 40y,Crack The Sky,D E Mullins,0,W P Mullins,6th,4 l,5,11-3h,-,True,136,38
N/A,N/A,18:18,Good,2m 1f 40y,Cleopatra's Needle (IRE),S W Flanagan,0,H Rogers,5th,18 l,6,10-10ht,-,True,136,38
N/A,N/A,18:18,Good,2m 1f 40y,Four Clean Aces (IRE),P Townend,0,W P Mullins,4th,1 l,6,11-3,-,True,136,38
N/A,N/A,18:18,Good,2m 1f 40y,Disco Dancer (IRE),J W Kennedy,0,G Elliott,3rd,3 1/2 l,5,11-3t,-,True,136,38
N/A,N/A,18:18,Good,2m 1f 40y,Dame Rapide (IRE),D King,0,J M Barrett,2nd,8 1/2 l,7,11-3,-,True,136,38
N/A,N/A,18:18,Good,2m 1f 40y,Royal Hollow (IRE),C M Quirke,5,A Slattery,1st,N/A,6,11-3,-,True,136,38
N/A,N/A,18:48,Good,2m 1f 40y,I Owe You One (IRE),Non Runner,7,C Byrnes,NR,N/A,5,11-10,91,True,136,39
N/A,N/A,18:48,Good,2m 1f 40y,Imadpour (IRE),B Hayes,0,A McNamara,PU,N/A,4,11-8,92,True,136,39
N/A,N/A,18:48,Good,2m 1f 40y,Take My Hand (IRE),J C Gainford,0,M Mulvany,PU,N/A,7,11-7,88,True,136,39
N/A,N/A,18:48,Good,2m 1f 40y,Ardad Derek,P Hanlon,7,J J Hanlon,PU,N/A,5,10-13,80,True,136,39
N/A,N/A,18:48,Good,2m 1f 40y,Stenatee (FR),K E Buckley,0,J J Hanlon,F,N/A,6,11-5ht,86,True,136,39
N/A,N/A,18:48,Good,2m 1f 40y,Johnny M (IRE),Sam Ewing,0,Peter Fahey,12th,29 l,6,11-6b1,87,True,136,39
N/A,N/A,18:48,Good,2m 1f 40y,Trenchtown Rock (IRE),A M King,7,V T O'Brien,11th,1/2 l,11,10-13,80,True,136,39
N/A,N/A,18:48,Good,2m 1f 40y,Mist On The Bog (IRE),S W Flanagan,0,L Casey,10th,2 1/4 l,9,11-1,82,True,136,39
N/A,N/A,18:48,Good,2m 1f 40y,Applejack Poet (IRE),T P Harney,7,Liz Doyle,9th,Head,7,11-11tb1,92,True,136,39
N/A,N/A,18:48,Good,2m 1f 40y,Juke Box Rock (IRE),K M Donoghue,0,G P Cromwell,8th,2 1/2 l,5,11-12,93,True,136,39
N/A,N/A,18:48,Good,2m 1f 40y,Getaway Henry (IRE),D Meyler,0,Daniel O'leary,7th,1 3/4 l,7,11-6,87,True,136,39
N/A,N/A,18:48,Good,2m 1f 40y,Bella Be Good (IRE),P Byrnes,0,E Cawley,6th,3 1/2 l,7,11-2t,83,True,136,39
N/A,N/A,18:48,Good,2m 1f 40y,Highland King (IRE),D A Kidd,7,J C McConnell,5th,1/2 l,5,11-12p,93,True,136,39
N/A,N/A,18:48,Good,2m 1f 40y,Mayos Vendangeur (IRE),T Power Roche,7,P J Rothwell,4th,4 l,5,11-6tp,87,True,136,39
N/A,N/A,18:48,Good,2m 1f 40y,Cailin Aibrean (IRE),S D Torrens,0,Peter Fahey,3rd,1/2 l,5,11-4,85,True,136,39
N/A,N/A,18:48,Good,2m 1f 40y,Sydney Cruiser (IRE),A Harvey,5,Ciaran Murphy,2nd,12 l,6,11-8,89,True,136,39
N/A,N/A,18:48,Good,2m 1f 40y,Chutzpal (IRE),Rachael Blackmore,0,H De Bromhead,1st,N/A,5,12-0b,95,True,136,39
N/A,N/A,18:48,Good,2m 1f 40y,I Owe You One (IRE),Non Runner,7,C Byrnes,NR,N/A,5,11-10,91,True,136,39
N/A,N/A,18:48,Good,2m 1f 40y,Imadpour (IRE),B Hayes,0,A McNamara,PU,N/A,4,11-8,92,True,136,39
N/A,N/A,18:48,Good,2m 1f 40y,Take My Hand (IRE),J C Gainford,0,M Mulvany,PU,N/A,7,11-7,88,True,136,39
N/A,N/A,18:48,Good,2m 1f 40y,Ardad Derek,P Hanlon,7,J J Hanlon,PU,N/A,5,10-13,80,True,136,39
N/A,N/A,18:48,Good,2m 1f 40y,Stenatee (FR),K E Buckley,0,J J Hanlon,F,N/A,6,11-5ht,86,True,136,39
N/A,N/A,18:48,Good,2m 1f 40y,Johnny M (IRE),Sam Ewing,0,Peter Fahey,12th,29 l,6,11-6b1,87,True,136,39
N/A,N/A,18:48,Good,2m 1f 40y,Trenchtown Rock (IRE),A M King,7,V T O'Brien,11th,1/2 l,11,10-13,80,True,136,39
N/A,N/A,18:48,Good,2m 1f 40y,Mist On The Bog (IRE),S W Flanagan,0,L Casey,10th,2 1/4 l,9,11-1,82,True,136,39
N/A,N/A,18:48,Good,2m 1f 40y,Applejack Poet (IRE),T P Harney,7,Liz Doyle,9th,Head,7,11-11tb1,92,True,136,39
N/A,N/A,18:48,Good,2m 1f 40y,Juke Box Rock (IRE),K M Donoghue,0,G P Cromwell,8th,2 1/2 l,5,11-12,93,True,136,39
N/A,N/A,18:48,Good,2m 1f 40y,Getaway Henry (IRE),D Meyler,0,Daniel O'leary,7th,1 3/4 l,7,11-6,87,True,136,39
N/A,N/A,18:48,Good,2m 1f 40y,Bella Be Good (IRE),P Byrnes,0,E Cawley,6th,3 1/2 l,7,11-2t,83,True,136,39
N/A,N/A,18:48,Good,2m 1f 40y,Highland King (IRE),D A Kidd,7,J C McConnell,5th,1/2 l,5,11-12p,93,True,136,39
N/A,N/A,18:48,Good,2m 1f 40y,Mayos Vendangeur (IRE),T Power Roche,7,P J Rothwell,4th,4 l,5,11-6tp,87,True,136,39
N/A,N/A,18:48,Good,2m 1f 40y,Cailin Aibrean (IRE),S D Torrens,0,Peter Fahey,3rd,1/2 l,5,11-4,85,True,136,39
N/A,N/A,18:48,Good,2m 1f 40y,Sydney Cruiser (IRE),A Harvey,5,Ciaran Murphy,2nd,12 l,6,11-8,89,True,136,39
N/A,N/A,18:48,Good,2m 1f 40y,Chutzpal (IRE),Rachael Blackmore,0,H De Bromhead,1st,N/A,5,12-0b,95,True,136,39
N/A,N/A,19:18,Good,2m 1f 40y,Kp's Ladyofknock (IRE),T Power Roche,7,Peter Maher,PU,N/A,4,10-13,83,True,136,40
N/A,N/A,19:18,Good,2m 1f 40y,Buttoned Up (IRE),Sam Ewing,0,Peter Fahey,PU,N/A,6,11-12,93,True,136,40
N/A,N/A,19:18,Good,2m 1f 40y,Masterstonemason (IRE),J C Gainford,0,F Costello,PU,N/A,10,10-13b,80,True,136,40
N/A,N/A,19:18,Good,2m 1f 40y,Neev's Dream (IRE),R P Treacy,0,D H Kelly,13th,46 l,6,11-3t,84,True,136,40
N/A,N/A,19:18,Good,2m 1f 40y,The Border Boy (IRE),S F O'Keeffe,0,S Aherne,12th,1/2 l,7,11-2t1,83,True,136,40
N/A,N/A,19:18,Good,2m 1f 40y,Aill Dubh (IRE),J J Slevin,0,M Flannery,11th,2 l,7,11-3b1,84,True,136,40
N/A,N/A,19:18,Good,2m 1f 40y,Shining Aitch,D J O'Keeffe,0,T G McCourt,10th,2 1/2 l,7,10-13tv,80,True,136,40
N/A,N/A,19:18,Good,2m 1f 40y,Medadthebookie,K E Buckley,0,E Buckley,9th,2 3/4 l,4,11-4,88,True,136,40
N/A,N/A,19:18,Good,2m 1f 40y,Lucky Junior (IRE),P T Enright,0,R Tyner,8th,Neck,4,11-8h,92,True,136,40
N/A,N/A,19:18,Good,2m 1f 40y,Leviosa (IRE),B P Kennedy,7,S Fahey,7th,4 1/2 l,7,11-2,83,True,136,40
N/A,N/A,19:18,Good,2m 1f 40y,Malbas,B W Harvey,0,J C McConnell,6th,Neck,8,12-0t,95,True,136,40
N/A,N/A,19:18,Good,2m 1f 40y,Grizabella (IRE),P Hanlon,7,J J Hanlon,5th,5 l,5,11-5,86,True,136,40
N/A,N/A,19:18,Good,2m 1f 40y,A La Carte (IRE),H E Sexton,7,J J Hanlon,4th,2 1/2 l,5,10-13h,80,True,136,40
N/A,N/A,19:18,Good,2m 1f 40y,Cottage Artist (IRE),G B Noonan,5,V T O'Brien,3rd,5 1/2 l,11,10-13p,80,True,136,40
N/A,N/A,19:18,Good,2m 1f 40y,Hollow Spark (IRE),K Callaghan,5,J Barcoe,2nd,2 3/4 l,7,10-13,80,True,136,40
N/A,N/A,19:18,Good,2m 1f 40y,Due Course (IRE),K M Donoghue,0,G P Cromwell,1st,N/A,6,11-9t,90,True,136,40
N/A,N/A,19:18,Good,2m 1f 40y,Kp's Ladyofknock (IRE),T Power Roche,7,Peter Maher,PU,N/A,4,10-13,83,True,136,40
N/A,N/A,19:18,Good,2m 1f 40y,Buttoned Up (IRE),Sam Ewing,0,Peter Fahey,PU,N/A,6,11-12,93,True,136,40
N/A,N/A,19:18,Good,2m 1f 40y,Masterstonemason (IRE),J C Gainford,0,F Costello,PU,N/A,10,10-13b,80,True,136,40
N/A,N/A,19:18,Good,2m 1f 40y,Neev's Dream (IRE),R P Treacy,0,D H Kelly,13th,46 l,6,11-3t,84,True,136,40
N/A,N/A,19:18,Good,2m 1f 40y,The Border Boy (IRE),S F O'Keeffe,0,S Aherne,12th,1/2 l,7,11-2t1,83,True,136,40
N/A,N/A,19:18,Good,2m 1f 40y,Aill Dubh (IRE),J J Slevin,0,M Flannery,11th,2 l,7,11-3b1,84,True,136,40
N/A,N/A,19:18,Good,2m 1f 40y,Shining Aitch,D J O'Keeffe,0,T G McCourt,10th,2 1/2 l,7,10-13tv,80,True,136,40
N/A,N/A,19:18,Good,2m 1f 40y,Medadthebookie,K E Buckley,0,E Buckley,9th,2 3/4 l,4,11-4,88,True,136,40
N/A,N/A,19:18,Good,2m 1f 40y,Lucky Junior (IRE),P T Enright,0,R Tyner,8th,Neck,4,11-8h,92,True,136,40
N/A,N/A,19:18,Good,2m 1f 40y,Leviosa (IRE),B P Kennedy,7,S Fahey,7th,4 1/2 l,7,11-2,83,True,136,40
N/A,N/A,19:18,Good,2m 1f 40y,Malbas,B W Harvey,0,J C McConnell,6th,Neck,8,12-0t,95,True,136,40
N/A,N/A,19:18,Good,2m 1f 40y,Grizabella (IRE),P Hanlon,7,J J Hanlon,5th,5 l,5,11-5,86,True,136,40
N/A,N/A,19:18,Good,2m 1f 40y,A La Carte (IRE),H E Sexton,7,J J Hanlon,4th,2 1/2 l,5,10-13h,80,True,136,40
N/A,N/A,19:18,Good,2m 1f 40y,Cottage Artist (IRE),G B Noonan,5,V T O'Brien,3rd,5 1/2 l,11,10-13p,80,True,136,40
N/A,N/A,19:18,Good,2m 1f 40y,Hollow Spark (IRE),K Callaghan,5,J Barcoe,2nd,2 3/4 l,7,10-13,80,True,136,40
N/A,N/A,19:18,Good,2m 1f 40y,Due Course (IRE),K M Donoghue,0,G P Cromwell,1st,N/A,6,11-9t,90,True,136,40
N/A,N/A,19:48,Good  Flat (Turf),2m 1f 40y,Albert Hirsch (IRE),Miss J Townend,0,M C Grassick,12th,30 l,4,11-11,-,True,136,41
N/A,N/A,19:48,Good  Flat (Turf),2m 1f 40y,Inch Salvador (IRE),Miss J Corish,7,R P Rath,11th,13 l,5,12-0,-,True,136,41
N/A,N/A,19:48,Good  Flat (Turf),2m 1f 40y,Jazzwing (IRE),Anna McGuinness,7,Peter Fahey,10th,3 l,6,11-7,-,True,136,41
N/A,N/A,19:48,Good  Flat (Turf),2m 1f 40y,Jeni Kala (IRE),Miss E Cody,7,M Butler,9th,8 1/2 l,4,11-4,-,True,136,41
N/A,N/A,19:48,Good  Flat (Turf),2m 1f 40y,Monroes Hollow (IRE),Miss S Doyle,7,Peter Fahey,8th,1 1/4 l,6,12-0,-,True,136,41
N/A,N/A,19:48,Good  Flat (Turf),2m 1f 40y,Arctic Craft (IRE),Aileen O'Sullivan,7,S Millar,7th,2 l,7,12-0,-,True,136,41
N/A,N/A,19:48,Good  Flat (Turf),2m 1f 40y,Alaskan View (IRE),Miss P Elvin,7,W J Martin,6th,1 l,4,11-4t,-,True,136,41
N/A,N/A,19:48,Good  Flat (Turf),2m 1f 40y,King Mal (IRE),Miss T Quail,7,R P Rath,5th,2 1/4 l,5,12-0,-,True,136,41
N/A,N/A,19:48,Good  Flat (Turf),2m 1f 40y,Barton Snow (IRE),Miss M M McElligott,7,William P Murphy,4th,Head,7,12-0t,-,True,136,41
N/A,N/A,19:48,Good  Flat (Turf),2m 1f 40y,Victor Sweet (IRE),Miss C Butler,7,P Hurley,3rd,6 1/2 l,5,12-0,-,True,136,41
N/A,N/A,19:48,Good  Flat (Turf),2m 1f 40y,Diamond Tipp (IRE),Miss A B O'Connor,0,J C McConnell,2nd,1 1/4 l,4,11-4t,-,True,136,41
N/A,N/A,19:48,Good  Flat (Turf),2m 1f 40y,Locked Box (IRE),Miss G Benson,7,C W J Farrell,1st,N/A,5,12-0,-,True,136,41
N/A,N/A,19:48,Good  Flat (Turf),2m 1f 40y,Albert Hirsch (IRE),Miss J Townend,0,M C Grassick,12th,30 l,4,11-11,-,True,136,41
N/A,N/A,19:48,Good  Flat (Turf),2m 1f 40y,Inch Salvador (IRE),Miss J Corish,7,R P Rath,11th,13 l,5,12-0,-,True,136,41
N/A,N/A,19:48,Good  Flat (Turf),2m 1f 40y,Jazzwing (IRE),Anna McGuinness,7,Peter Fahey,10th,3 l,6,11-7,-,True,136,41
N/A,N/A,19:48,Good  Flat (Turf),2m 1f 40y,Jeni Kala (IRE),Miss E Cody,7,M Butler,9th,8 1/2 l,4,11-4,-,True,136,41
N/A,N/A,19:48,Good  Flat (Turf),2m 1f 40y,Monroes Hollow (IRE),Miss S Doyle,7,Peter Fahey,8th,1 1/4 l,6,12-0,-,True,136,41
N/A,N/A,19:48,Good  Flat (Turf),2m 1f 40y,Arctic Craft (IRE),Aileen O'Sullivan,7,S Millar,7th,2 l,7,12-0,-,True,136,41
N/A,N/A,19:48,Good  Flat (Turf),2m 1f 40y,Alaskan View (IRE),Miss P Elvin,7,W J Martin,6th,1 l,4,11-4t,-,True,136,41
N/A,N/A,19:48,Good  Flat (Turf),2m 1f 40y,King Mal (IRE),Miss T Quail,7,R P Rath,5th,2 1/4 l,5,12-0,-,True,136,41
N/A,N/A,19:48,Good  Flat (Turf),2m 1f 40y,Barton Snow (IRE),Miss M M McElligott,7,William P Murphy,4th,Head,7,12-0t,-,True,136,41
N/A,N/A,19:48,Good  Flat (Turf),2m 1f 40y,Victor Sweet (IRE),Miss C Butler,7,P Hurley,3rd,6 1/2 l,5,12-0,-,True,136,41
N/A,N/A,19:48,Good  Flat (Turf),2m 1f 40y,Diamond Tipp (IRE),Miss A B O'Connor,0,J C McConnell,2nd,1 1/4 l,4,11-4t,-,True,136,41
N/A,N/A,19:48,Good  Flat (Turf),2m 1f 40y,Locked Box (IRE),Miss G Benson,7,C W J Farrell,1st,N/A,5,12-0,-,True,136,41
Navan Racing Results | 29th August 2024 14:30,N/A,14:30,Good,5f 180y,Wise Men Say (IRE),N M Crosse,0,Mrs J Harrington,NR,N/A,2,9-11,79,True,136,42
Navan Racing Results | 29th August 2024 14:30,N/A,14:30,Good,5f 180y,Barton Key (IRE),M W Hassett,5,J P O'Brien,NR,N/A,2,9-3t,71,True,136,42
Navan Racing Results | 29th August 2024 14:30,N/A,14:30,Good,5f 180y,Ink Sketch (IRE),S P Davis,0,Kevin Coleman,10th,3 l,2,8-7,61,True,136,42
Navan Racing Results | 29th August 2024 14:30,N/A,14:30,Good,5f 180y,Hugo's Girl (IRE),J Cleary,7,Thomas Dowling,9th,1/2 l,2,9-1t1,69,True,136,42
Navan Racing Results | 29th August 2024 14:30,N/A,14:30,Good,5f 180y,Peregrine Falcon (IRE),W M Lordan,0,E Mullins,8th,Head,2,9-6t1,74,True,136,42
Navan Racing Results | 29th August 2024 14:30,N/A,14:30,Good,5f 180y,Dance For Chester (IRE),J A Powell,3,M Mulvany,7th,Neck,2,8-7,61,True,136,42
Navan Racing Results | 29th August 2024 14:30,N/A,14:30,Good,5f 180y,James The Second (IRE),W Joyce,5,M Mulvany,6th,1 3/4 l,2,8-7,61,True,136,42
Navan Racing Results | 29th August 2024 14:30,N/A,14:30,Good,5f 180y,Katie Ross (IRE),K G Kennedy,7,P J F Murphy,5th,Nose,2,8-7h1,61,True,136,42
Navan Racing Results | 29th August 2024 14:30,N/A,14:30,Good,5f 180y,Ottoman (IRE),C D Hayes,0,E & P Harty,4th,3/4 l,2,8-9,63,True,136,42
Navan Racing Results | 29th August 2024 14:30,N/A,14:30,Good,5f 180y,Arizona Beauty (IRE),N G McCullagh,0,K J Condon,3rd,1 3/4 l,2,8-11,65,True,136,42
Navan Racing Results | 29th August 2024 14:30,N/A,14:30,Good,5f 180y,Gloriously Glam (IRE),S Foley,0,Mrs J Harrington,2nd,1 1/2 l,2,9-10p,78,True,136,42
Navan Racing Results | 29th August 2024 14:30,N/A,14:30,Good,5f 180y,Last Encore (IRE),H J Horgan,5,J P O'Brien,1st,N/A,2,9-13,81,True,136,42
Navan Racing Results | 29th August 2024 14:30,N/A,14:30,Good,5f 180y,Wise Men Say (IRE),N M Crosse,0,Mrs J Harrington,NR,N/A,2,9-11,79,True,136,42
Navan Racing Results | 29th August 2024 14:30,N/A,14:30,Good,5f 180y,Barton Key (IRE),M W Hassett,5,J P O'Brien,NR,N/A,2,9-3t,71,True,136,42
Navan Racing Results | 29th August 2024 14:30,N/A,14:30,Good,5f 180y,Ink Sketch (IRE),S P Davis,0,Kevin Coleman,10th,3 l,2,8-7,61,True,136,42
Navan Racing Results | 29th August 2024 14:30,N/A,14:30,Good,5f 180y,Hugo's Girl (IRE),J Cleary,7,Thomas Dowling,9th,1/2 l,2,9-1t1,69,True,136,42
Navan Racing Results | 29th August 2024 14:30,N/A,14:30,Good,5f 180y,Peregrine Falcon (IRE),W M Lordan,0,E Mullins,8th,Head,2,9-6t1,74,True,136,42
Navan Racing Results | 29th August 2024 14:30,N/A,14:30,Good,5f 180y,Dance For Chester (IRE),J A Powell,3,M Mulvany,7th,Neck,2,8-7,61,True,136,42
Navan Racing Results | 29th August 2024 14:30,N/A,14:30,Good,5f 180y,James The Second (IRE),W Joyce,5,M Mulvany,6th,1 3/4 l,2,8-7,61,True,136,42
Navan Racing Results | 29th August 2024 14:30,N/A,14:30,Good,5f 180y,Katie Ross (IRE),K G Kennedy,7,P J F Murphy,5th,Nose,2,8-7h1,61,True,136,42
Navan Racing Results | 29th August 2024 14:30,N/A,14:30,Good,5f 180y,Ottoman (IRE),C D Hayes,0,E & P Harty,4th,3/4 l,2,8-9,63,True,136,42
Navan Racing Results | 29th August 2024 14:30,N/A,14:30,Good,5f 180y,Arizona Beauty (IRE),N G McCullagh,0,K J Condon,3rd,1 3/4 l,2,8-11,65,True,136,42
Navan Racing Results | 29th August 2024 14:30,N/A,14:30,Good,5f 180y,Gloriously Glam (IRE),S Foley,0,Mrs J Harrington,2nd,1 1/2 l,2,9-10p,78,True,136,42
Navan Racing Results | 29th August 2024 14:30,N/A,14:30,Good,5f 180y,Last Encore (IRE),H J Horgan,5,J P O'Brien,1st,N/A,2,9-13,81,True,136,42
Navan Racing Results | 29th August 2024 15:00,N/A,15:00,Good,5f 180y,Jon Riggens (IRE),J J G Ryan,3,E Lynam,NR,N/A,6,9-8t,84,True,136,43
Navan Racing Results | 29th August 2024 15:00,N/A,15:00,Good,5f 180y,Keke,W J Lee,0,E Lynam,NR,N/A,4,9-7t,83,True,136,43
Navan Racing Results | 29th August 2024 15:00,N/A,15:00,Good,5f 180y,New Definition,S T McCullagh,3,R O'Brien,13th,1/2 l,4,9-9,85,True,136,43
Navan Racing Results | 29th August 2024 15:00,N/A,15:00,Good,5f 180y,National Lady (IRE),G F Carroll,0,G M Lyons,12th,1 3/4 l,3,9-5,83,True,136,43
Navan Racing Results | 29th August 2024 15:00,N/A,15:00,Good,5f 180y,Bid For Chester (IRE),W Joyce,5,M Mulvany,11th,1 3/4 l,3,9-9t,87,True,136,43
Navan Racing Results | 29th August 2024 15:00,N/A,15:00,Good,5f 180y,Harry's Bar,C J MacRedmond,5,J Davison,10th,1/2 l,9,9-5tp,81,True,136,43
Navan Racing Results | 29th August 2024 15:00,N/A,15:00,Good,5f 180y,Laugh A Minute,R P Cleary,0,J Davison,9th,2 l,9,10-0,90,True,136,43
Navan Racing Results | 29th August 2024 15:00,N/A,15:00,Good,5f 180y,Rathbranchurch (IRE),T Casey,10,M Mulvany,8th,Neck,4,8-12,74,True,136,43
Navan Racing Results | 29th August 2024 15:00,N/A,15:00,Good,5f 180y,Profit Refused (IRE),C D Hayes,0,K Prendergast,7th,1 1/4 l,3,9-6v1,84,True,136,43
Navan Racing Results | 29th August 2024 15:00,N/A,15:00,Good,5f 180y,Collective Power (IRE),Sorcha Woods,7,E Lynam,6th,Short Head,6,9-1,77,True,136,43
Navan Racing Results | 29th August 2024 15:00,N/A,15:00,Good,5f 180y,Universally (IRE),N G McCullagh,0,Eoghan O'Neill,5th,Nose,5,9-3b,79,True,136,43
Navan Racing Results | 29th August 2024 15:00,N/A,15:00,Good,5f 180y,Mehman,S Foley,0,Gerard O'Leary,4th,1 1/2 l,5,9-1t,77,True,136,43
Navan Racing Results | 29th August 2024 15:00,N/A,15:00,Good,5f 180y,Sevensees,B M Coen,0,J P Murtagh,3rd,1/2 l,4,9-2b1,78,True,136,43
Navan Racing Results | 29th August 2024 15:00,N/A,15:00,Good,5f 180y,Moltophino (IRE),Adam Caffrey,3,J A Kinsella,2nd,3 3/4 l,3,8-13tv1,77,True,136,43
Navan Racing Results | 29th August 2024 15:00,N/A,15:00,Good,5f 180y,Transcendental (FR),R Whearty,3,G P Cromwell,1st,N/A,6,9-3,79,True,136,43
Navan Racing Results | 29th August 2024 15:00,N/A,15:00,Good,5f 180y,Jon Riggens (IRE),J J G Ryan,3,E Lynam,NR,N/A,6,9-8t,84,True,136,43
Navan Racing Results | 29th August 2024 15:00,N/A,15:00,Good,5f 180y,Keke,W J Lee,0,E Lynam,NR,N/A,4,9-7t,83,True,136,43
Navan Racing Results | 29th August 2024 15:00,N/A,15:00,Good,5f 180y,New Definition,S T McCullagh,3,R O'Brien,13th,1/2 l,4,9-9,85,True,136,43
Navan Racing Results | 29th August 2024 15:00,N/A,15:00,Good,5f 180y,National Lady (IRE),G F Carroll,0,G M Lyons,12th,1 3/4 l,3,9-5,83,True,136,43
Navan Racing Results | 29th August 2024 15:00,N/A,15:00,Good,5f 180y,Bid For Chester (IRE),W Joyce,5,M Mulvany,11th,1 3/4 l,3,9-9t,87,True,136,43
Navan Racing Results | 29th August 2024 15:00,N/A,15:00,Good,5f 180y,Harry's Bar,C J MacRedmond,5,J Davison,10th,1/2 l,9,9-5tp,81,True,136,43
Navan Racing Results | 29th August 2024 15:00,N/A,15:00,Good,5f 180y,Laugh A Minute,R P Cleary,0,J Davison,9th,2 l,9,10-0,90,True,136,43
Navan Racing Results | 29th August 2024 15:00,N/A,15:00,Good,5f 180y,Rathbranchurch (IRE),T Casey,10,M Mulvany,8th,Neck,4,8-12,74,True,136,43
Navan Racing Results | 29th August 2024 15:00,N/A,15:00,Good,5f 180y,Profit Refused (IRE),C D Hayes,0,K Prendergast,7th,1 1/4 l,3,9-6v1,84,True,136,43
Navan Racing Results | 29th August 2024 15:00,N/A,15:00,Good,5f 180y,Collective Power (IRE),Sorcha Woods,7,E Lynam,6th,Short Head,6,9-1,77,True,136,43
Navan Racing Results | 29th August 2024 15:00,N/A,15:00,Good,5f 180y,Universally (IRE),N G McCullagh,0,Eoghan O'Neill,5th,Nose,5,9-3b,79,True,136,43
Navan Racing Results | 29th August 2024 15:00,N/A,15:00,Good,5f 180y,Mehman,S Foley,0,Gerard O'Leary,4th,1 1/2 l,5,9-1t,77,True,136,43
Navan Racing Results | 29th August 2024 15:00,N/A,15:00,Good,5f 180y,Sevensees,B M Coen,0,J P Murtagh,3rd,1/2 l,4,9-2b1,78,True,136,43
Navan Racing Results | 29th August 2024 15:00,N/A,15:00,Good,5f 180y,Moltophino (IRE),Adam Caffrey,3,J A Kinsella,2nd,3 3/4 l,3,8-13tv1,77,True,136,43
Navan Racing Results | 29th August 2024 15:00,N/A,15:00,Good,5f 180y,Transcendental (FR),R Whearty,3,G P Cromwell,1st,N/A,6,9-3,79,True,136,43
Navan Racing Results | 29th August 2024 15:30,N/A,15:30,Good,5f,Passing Phase,S T McCullagh,3,Mrs J Harrington,NR,N/A,2,9-7,-,True,136,44
Navan Racing Results | 29th August 2024 15:30,N/A,15:30,Good,5f,Hi George (IRE),Adam Caffrey,3,N Slevin,9th,5 1/2 l,2,9-7,-,True,136,44
Navan Racing Results | 29th August 2024 15:30,N/A,15:30,Good,5f,Fedal (IRE),B M Coen,0,E Lynam,8th,1 3/4 l,2,9-7,-,True,136,44
Navan Racing Results | 29th August 2024 15:30,N/A,15:30,Good,5f,Dmaniac,M W Hassett,5,M Hassett,7th,1 1/4 l,2,9-7,-,True,136,44
Navan Racing Results | 29th August 2024 15:30,N/A,15:30,Good,5f,Parkside Prince (IRE),C Horgan,7,A Slattery,6th,4 1/4 l,2,9-7,-,True,136,44
Navan Racing Results | 29th August 2024 15:30,N/A,15:30,Good,5f,Annie Lavinia (IRE),C D Hayes,0,E Lynam,5th,4 1/2 l,2,9-2,-,True,136,44
Navan Racing Results | 29th August 2024 15:30,N/A,15:30,Good,5f,Island Girl (IRE),J A Heffernan,0,J A Stack,4th,3 3/4 l,2,9-2,-,True,136,44
Navan Racing Results | 29th August 2024 15:30,N/A,15:30,Good,5f,Saratoga Special (IRE),S Foley,0,Mrs J Harrington,3rd,Short Head,2,9-2,-,True,136,44
Navan Racing Results | 29th August 2024 15:30,N/A,15:30,Good,5f,Snapdragon (IRE),W M Lordan,0,A P O'Brien,2nd,Head,2,9-7v,-,True,136,44
Navan Racing Results | 29th August 2024 15:30,N/A,15:30,Good,5f,Town And Country (IRE),W J Lee,0,H De Bromhead,1st,N/A,2,9-2,-,True,136,44
Navan Racing Results | 29th August 2024 15:30,N/A,15:30,Good,5f,Passing Phase,S T McCullagh,3,Mrs J Harrington,NR,N/A,2,9-7,-,True,136,44
Navan Racing Results | 29th August 2024 15:30,N/A,15:30,Good,5f,Hi George (IRE),Adam Caffrey,3,N Slevin,9th,5 1/2 l,2,9-7,-,True,136,44
Navan Racing Results | 29th August 2024 15:30,N/A,15:30,Good,5f,Fedal (IRE),B M Coen,0,E Lynam,8th,1 3/4 l,2,9-7,-,True,136,44
Navan Racing Results | 29th August 2024 15:30,N/A,15:30,Good,5f,Dmaniac,M W Hassett,5,M Hassett,7th,1 1/4 l,2,9-7,-,True,136,44
Navan Racing Results | 29th August 2024 15:30,N/A,15:30,Good,5f,Parkside Prince (IRE),C Horgan,7,A Slattery,6th,4 1/4 l,2,9-7,-,True,136,44
Navan Racing Results | 29th August 2024 15:30,N/A,15:30,Good,5f,Annie Lavinia (IRE),C D Hayes,0,E Lynam,5th,4 1/2 l,2,9-2,-,True,136,44
Navan Racing Results | 29th August 2024 15:30,N/A,15:30,Good,5f,Island Girl (IRE),J A Heffernan,0,J A Stack,4th,3 3/4 l,2,9-2,-,True,136,44
Navan Racing Results | 29th August 2024 15:30,N/A,15:30,Good,5f,Saratoga Special (IRE),S Foley,0,Mrs J Harrington,3rd,Short Head,2,9-2,-,True,136,44
Navan Racing Results | 29th August 2024 15:30,N/A,15:30,Good,5f,Snapdragon (IRE),W M Lordan,0,A P O'Brien,2nd,Head,2,9-7v,-,True,136,44
Navan Racing Results | 29th August 2024 15:30,N/A,15:30,Good,5f,Town And Country (IRE),W J Lee,0,H De Bromhead,1st,N/A,2,9-2,-,True,136,44
Navan Racing Results | 29th August 2024 16:00,N/A,16:00,Good (Good To Yielding In Places),1m 20y,Udacha (IRE),R Whearty,3,T Gibney,8th,1 3/4 l,2,8-9,-,True,136,45
Navan Racing Results | 29th August 2024 16:00,N/A,16:00,Good (Good To Yielding In Places),1m 20y,Show Your Workings (IRE),S P Davis,0,Sean Davis,7th,10 l,2,9-7,-,True,136,45
Navan Racing Results | 29th August 2024 16:00,N/A,16:00,Good (Good To Yielding In Places),1m 20y,Senior Montecristo,S Foley,0,Kevin Coleman,6th,1 1/4 l,2,9-7,-,True,136,45
Navan Racing Results | 29th August 2024 16:00,N/A,16:00,Good (Good To Yielding In Places),1m 20y,Dr Ali (IRE),G F Carroll,0,G M Lyons,5th,3 1/4 l,2,8-12b1,-,True,136,45
Navan Racing Results | 29th August 2024 16:00,N/A,16:00,Good (Good To Yielding In Places),1m 20y,Baltray Lady (IRE),M W Hassett,5,J P O'Brien,4th,1/2 l,2,9-7,-,True,136,45
Navan Racing Results | 29th August 2024 16:00,N/A,16:00,Good (Good To Yielding In Places),1m 20y,J M's Joy (IRE),W Joyce,5,P Martin,3rd,3 3/4 l,2,9-7,-,True,136,45
Navan Racing Results | 29th August 2024 16:00,N/A,16:00,Good (Good To Yielding In Places),1m 20y,Mighty Day (IRE),G M Ryan,0,J M Barrett,2nd,3/4 l,2,9-4,-,True,136,45
Navan Racing Results | 29th August 2024 16:00,N/A,16:00,Good (Good To Yielding In Places),1m 20y,Runninsonofagun (IRE),L T McAteer,0,A Mullins,1st,N/A,2,9-1,-,True,136,45
Navan Racing Results | 29th August 2024 16:00,N/A,16:00,Good (Good To Yielding In Places),1m 20y,Udacha (IRE),R Whearty,3,T Gibney,8th,1 3/4 l,2,8-9,-,True,136,45
Navan Racing Results | 29th August 2024 16:00,N/A,16:00,Good (Good To Yielding In Places),1m 20y,Show Your Workings (IRE),S P Davis,0,Sean Davis,7th,10 l,2,9-7,-,True,136,45
Navan Racing Results | 29th August 2024 16:00,N/A,16:00,Good (Good To Yielding In Places),1m 20y,Senior Montecristo,S Foley,0,Kevin Coleman,6th,1 1/4 l,2,9-7,-,True,136,45
Navan Racing Results | 29th August 2024 16:00,N/A,16:00,Good (Good To Yielding In Places),1m 20y,Dr Ali (IRE),G F Carroll,0,G M Lyons,5th,3 1/4 l,2,8-12b1,-,True,136,45
Navan Racing Results | 29th August 2024 16:00,N/A,16:00,Good (Good To Yielding In Places),1m 20y,Baltray Lady (IRE),M W Hassett,5,J P O'Brien,4th,1/2 l,2,9-7,-,True,136,45
Navan Racing Results | 29th August 2024 16:00,N/A,16:00,Good (Good To Yielding In Places),1m 20y,J M's Joy (IRE),W Joyce,5,P Martin,3rd,3 3/4 l,2,9-7,-,True,136,45
Navan Racing Results | 29th August 2024 16:00,N/A,16:00,Good (Good To Yielding In Places),1m 20y,Mighty Day (IRE),G M Ryan,0,J M Barrett,2nd,3/4 l,2,9-4,-,True,136,45
Navan Racing Results | 29th August 2024 16:00,N/A,16:00,Good (Good To Yielding In Places),1m 20y,Runninsonofagun (IRE),L T McAteer,0,A Mullins,1st,N/A,2,9-1,-,True,136,45
Navan Racing Results | 29th August 2024 16:30,N/A,16:30,Good,1m 20y,Munroh,R C Colgan,0,Mrs C O'Leary,NR,N/A,4,10-1t,81,True,136,46
Navan Racing Results | 29th August 2024 16:30,N/A,16:30,Good,1m 20y,Pralognan (FR),W M Lordan,0,Mrs C O'Leary,NR,N/A,5,9-10t,76,True,136,46
Navan Racing Results | 29th August 2024 16:30,N/A,16:30,Good,1m 20y,Little Empire (IRE),J A Heffernan,0,A McCann,UR,N/A,4,9-5,71,True,136,46
Navan Racing Results | 29th August 2024 16:30,N/A,16:30,Good,1m 20y,Punk Poet (IRE),D P McDonogh,0,E Lynam,15th,2 3/4 l,7,9-11h1,77,True,136,46
Navan Racing Results | 29th August 2024 16:30,N/A,16:30,Good,1m 20y,Big Baby Bull (IRE),L F Roche,0,John Hayes,14th,1/2 l,8,9-4t,70,True,136,46
Navan Racing Results | 29th August 2024 16:30,N/A,16:30,Good,1m 20y,Nituna (IRE),R Donaghue-Leahy,7,S Lavery,13th,4 l,4,9-4,70,True,136,46
Navan Racing Results | 29th August 2024 16:30,N/A,16:30,Good,1m 20y,Lust (IRE),S P Bird,7,M Mulvany,12th,1 l,6,9-12t,78,True,136,46
Navan Racing Results | 29th August 2024 16:30,N/A,16:30,Good,1m 20y,Dear Daphne (IRE),J M Sheridan,0,R K Watson,11th,2 l,4,9-0h1,66,True,136,46
Navan Racing Results | 29th August 2024 16:30,N/A,16:30,Good,1m 20y,Something Nice (IRE),W Joyce,5,M Mulvany,10th,Head,4,10-1,81,True,136,46
Navan Racing Results | 29th August 2024 16:30,N/A,16:30,Good,1m 20y,Thompson Gunner (IRE),Adam Caffrey,3,Cian Hughes,9th,Neck,3,8-10,68,True,136,46
Navan Racing Results | 29th August 2024 16:30,N/A,16:30,Good,1m 20y,Annexation (FR),W J Lee,0,H De Bromhead,8th,3/4 l,8,9-7t,73,True,136,46
Navan Racing Results | 29th August 2024 16:30,N/A,16:30,Good,1m 20y,Livio Milo (IRE),J J G Ryan,3,D K Weld,7th,Head,4,10-0p,80,True,136,46
Navan Racing Results | 29th August 2024 16:30,N/A,16:30,Good,1m 20y,Imposing Supreme (IRE),G M Ryan,0,T Gibney,6th,3 l,8,9-13,79,True,136,46
Navan Racing Results | 29th August 2024 16:30,N/A,16:30,Good,1m 20y,Gibbs Island,D McMonagle,0,A Oliver,5th,Neck,3,9-10,82,True,136,46
Navan Racing Results | 29th August 2024 16:30,N/A,16:30,Good,1m 20y,Perfect Poise (IRE),G F Carroll,0,G M Lyons,4th,1/2 l,4,9-13,79,True,136,46
Navan Racing Results | 29th August 2024 16:30,N/A,16:30,Good,1m 20y,Bucaneer's Spirit (IRE),B M Coen,0,J Davison,3rd,Nose,3,9-5,77,True,136,46
Navan Racing Results | 29th August 2024 16:30,N/A,16:30,Good,1m 20y,Sea Chariot,S Foley,0,J J Murphy,2nd,1/2 l,4,9-10t,76,True,136,46
Navan Racing Results | 29th August 2024 16:30,N/A,16:30,Good,1m 20y,Shigar (IRE),C D Hayes,0,W Durkan,1st,N/A,5,10-0h,80,True,136,46
Navan Racing Results | 29th August 2024 16:30,N/A,16:30,Good,1m 20y,Munroh,R C Colgan,0,Mrs C O'Leary,NR,N/A,4,10-1t,81,True,136,46
Navan Racing Results | 29th August 2024 16:30,N/A,16:30,Good,1m 20y,Pralognan (FR),W M Lordan,0,Mrs C O'Leary,NR,N/A,5,9-10t,76,True,136,46
Navan Racing Results | 29th August 2024 16:30,N/A,16:30,Good,1m 20y,Little Empire (IRE),J A Heffernan,0,A McCann,UR,N/A,4,9-5,71,True,136,46
Navan Racing Results | 29th August 2024 16:30,N/A,16:30,Good,1m 20y,Punk Poet (IRE),D P McDonogh,0,E Lynam,15th,2 3/4 l,7,9-11h1,77,True,136,46
Navan Racing Results | 29th August 2024 16:30,N/A,16:30,Good,1m 20y,Big Baby Bull (IRE),L F Roche,0,John Hayes,14th,1/2 l,8,9-4t,70,True,136,46
Navan Racing Results | 29th August 2024 16:30,N/A,16:30,Good,1m 20y,Nituna (IRE),R Donaghue-Leahy,7,S Lavery,13th,4 l,4,9-4,70,True,136,46
Navan Racing Results | 29th August 2024 16:30,N/A,16:30,Good,1m 20y,Lust (IRE),S P Bird,7,M Mulvany,12th,1 l,6,9-12t,78,True,136,46
Navan Racing Results | 29th August 2024 16:30,N/A,16:30,Good,1m 20y,Dear Daphne (IRE),J M Sheridan,0,R K Watson,11th,2 l,4,9-0h1,66,True,136,46
Navan Racing Results | 29th August 2024 16:30,N/A,16:30,Good,1m 20y,Something Nice (IRE),W Joyce,5,M Mulvany,10th,Head,4,10-1,81,True,136,46
Navan Racing Results | 29th August 2024 16:30,N/A,16:30,Good,1m 20y,Thompson Gunner (IRE),Adam Caffrey,3,Cian Hughes,9th,Neck,3,8-10,68,True,136,46
Navan Racing Results | 29th August 2024 16:30,N/A,16:30,Good,1m 20y,Annexation (FR),W J Lee,0,H De Bromhead,8th,3/4 l,8,9-7t,73,True,136,46
Navan Racing Results | 29th August 2024 16:30,N/A,16:30,Good,1m 20y,Livio Milo (IRE),J J G Ryan,3,D K Weld,7th,Head,4,10-0p,80,True,136,46
Navan Racing Results | 29th August 2024 16:30,N/A,16:30,Good,1m 20y,Imposing Supreme (IRE),G M Ryan,0,T Gibney,6th,3 l,8,9-13,79,True,136,46
Navan Racing Results | 29th August 2024 16:30,N/A,16:30,Good,1m 20y,Gibbs Island,D McMonagle,0,A Oliver,5th,Neck,3,9-10,82,True,136,46
Navan Racing Results | 29th August 2024 16:30,N/A,16:30,Good,1m 20y,Perfect Poise (IRE),G F Carroll,0,G M Lyons,4th,1/2 l,4,9-13,79,True,136,46
Navan Racing Results | 29th August 2024 16:30,N/A,16:30,Good,1m 20y,Bucaneer's Spirit (IRE),B M Coen,0,J Davison,3rd,Nose,3,9-5,77,True,136,46
Navan Racing Results | 29th August 2024 16:30,N/A,16:30,Good,1m 20y,Sea Chariot,S Foley,0,J J Murphy,2nd,1/2 l,4,9-10t,76,True,136,46
Navan Racing Results | 29th August 2024 16:30,N/A,16:30,Good,1m 20y,Shigar (IRE),C D Hayes,0,W Durkan,1st,N/A,5,10-0h,80,True,136,46
Navan Racing Results | 29th August 2024 17:05,N/A,17:05,Good,1m 6f,Fine Print (IRE),S Foley,0,J C McConnell,NR,N/A,3,8-9tp,49,True,136,47
Navan Racing Results | 29th August 2024 17:05,N/A,17:05,Good,1m 6f,Empress Alma (IRE),G F Carroll,0,G P Cromwell,NR,N/A,3,9-13,67,True,136,47
Navan Racing Results | 29th August 2024 17:05,N/A,17:05,Good,1m 6f,T Or Coffey (IRE),R M Mulligan,7,Paul Mulligan,7th,Head,3,9-3tp,57,True,136,47
Navan Racing Results | 29th August 2024 17:05,N/A,17:05,Good,1m 6f,Gregorina (IRE),Adam Caffrey,3,A McGuinness,6th,4 3/4 l,3,9-4v,58,True,136,47
Navan Racing Results | 29th August 2024 17:05,N/A,17:05,Good,1m 6f,Highland Bells (IRE),W Joyce,5,M Mulvany,5th,1 3/4 l,3,8-8,48,True,136,47
Navan Racing Results | 29th August 2024 17:05,N/A,17:05,Good,1m 6f,Lightning Legs (IRE),D P McDonogh,0,G Elliott,4th,2 1/4 l,3,8-10,50,True,136,47
Navan Racing Results | 29th August 2024 17:05,N/A,17:05,Good,1m 6f,Maxwell Smart (IRE),R Whearty,3,T G McCourt,3rd,Head,3,8-7,47,True,136,47
Navan Racing Results | 29th August 2024 17:05,N/A,17:05,Good,1m 6f,Preparations (IRE),B M Coen,0,A Slattery,2nd,1/2 l,3,9-11,65,True,136,47
Navan Racing Results | 29th August 2024 17:05,N/A,17:05,Good,1m 6f,Northern Sonas (IRE),W J Lee,0,A Oliver,1st,N/A,3,10-0t,68,True,136,47
Navan Racing Results | 29th August 2024 17:05,N/A,17:05,Good,1m 6f,Fine Print (IRE),S Foley,0,J C McConnell,NR,N/A,3,8-9tp,49,True,136,47
Navan Racing Results | 29th August 2024 17:05,N/A,17:05,Good,1m 6f,Empress Alma (IRE),G F Carroll,0,G P Cromwell,NR,N/A,3,9-13,67,True,136,47
Navan Racing Results | 29th August 2024 17:05,N/A,17:05,Good,1m 6f,T Or Coffey (IRE),R M Mulligan,7,Paul Mulligan,7th,Head,3,9-3tp,57,True,136,47
Navan Racing Results | 29th August 2024 17:05,N/A,17:05,Good,1m 6f,Gregorina (IRE),Adam Caffrey,3,A McGuinness,6th,4 3/4 l,3,9-4v,58,True,136,47
Navan Racing Results | 29th August 2024 17:05,N/A,17:05,Good,1m 6f,Highland Bells (IRE),W Joyce,5,M Mulvany,5th,1 3/4 l,3,8-8,48,True,136,47
Navan Racing Results | 29th August 2024 17:05,N/A,17:05,Good,1m 6f,Lightning Legs (IRE),D P McDonogh,0,G Elliott,4th,2 1/4 l,3,8-10,50,True,136,47
Navan Racing Results | 29th August 2024 17:05,N/A,17:05,Good,1m 6f,Maxwell Smart (IRE),R Whearty,3,T G McCourt,3rd,Head,3,8-7,47,True,136,47
Navan Racing Results | 29th August 2024 17:05,N/A,17:05,Good,1m 6f,Preparations (IRE),B M Coen,0,A Slattery,2nd,1/2 l,3,9-11,65,True,136,47
Navan Racing Results | 29th August 2024 17:05,N/A,17:05,Good,1m 6f,Northern Sonas (IRE),W J Lee,0,A Oliver,1st,N/A,3,10-0t,68,True,136,47
Navan Racing Results | 29th August 2024 17:35,N/A,17:35,Good,1m 6f,Futurum Regem (IRE),T Casey,10,H P Finegan,NR,N/A,8,9-5b,54,True,136,48
Navan Racing Results | 29th August 2024 17:35,N/A,17:35,Good,1m 6f,Santa Catarina,Sorcha Woods,7,P J Gilligan,22nd,1/2 l,5,8-13t,48,True,136,48
Navan Racing Results | 29th August 2024 17:35,N/A,17:35,Good,1m 6f,El C Wells (IRE),R C Colgan,0,Paul Mulligan,21st,2 3/4 l,6,10-0,63,True,136,48
Navan Racing Results | 29th August 2024 17:35,N/A,17:35,Good,1m 6f,Alex The Great (IRE),R Whearty,3,A Murray,20th,1/2 l,4,9-8,57,True,136,48
Navan Racing Results | 29th August 2024 17:35,N/A,17:35,Good,1m 6f,Penny Jar (IRE),J J G Ryan,3,P Downey,19th,Neck,8,10-1tp,64,True,136,48
Navan Racing Results | 29th August 2024 17:35,N/A,17:35,Good,1m 6f,Construct,Siobhan Rutledge,3,J C McConnell,18th,3/4 l,9,8-12t,47,True,136,48
Navan Racing Results | 29th August 2024 17:35,N/A,17:35,Good,1m 6f,Breagagh (IRE),Aileen O'Sullivan,10,S Millar,17th,1 l,6,8-13p,48,True,136,48
Navan Racing Results | 29th August 2024 17:35,N/A,17:35,Good,1m 6f,Susiesparkle (IRE),D McMonagle,0,D Broad,16th,1 3/4 l,4,9-4tp,53,True,136,48
Navan Racing Results | 29th August 2024 17:35,N/A,17:35,Good,1m 6f,Eagles Reign (IRE),M P Sheehy,0,R O'Sullivan,15th,1 1/4 l,4,9-3,52,True,136,48
Navan Racing Results | 29th August 2024 17:35,N/A,17:35,Good,1m 6f,Tenth Amendment (IRE),G M Ryan,0,K H Clarke,14th,1 1/4 l,10,8-12t,47,True,136,48
Navan Racing Results | 29th August 2024 17:35,N/A,17:35,Good,1m 6f,Wendell's Lass,C D Hayes,0,T Gibney,13th,Short Head,5,9-9,58,True,136,48
Navan Racing Results | 29th August 2024 17:35,N/A,17:35,Good,1m 6f,Bynx (IRE),M W Hassett,5,M Hassett,12th,3/4 l,6,9-6,55,True,136,48
Navan Racing Results | 29th August 2024 17:35,N/A,17:35,Good,1m 6f,Butterfly Garden (IRE),J Cleary,7,K Prendergast,11th,Neck,5,9-13t,62,True,136,48
Navan Racing Results | 29th August 2024 17:35,N/A,17:35,Good,1m 6f,Tannery Park,J A Powell,3,B Connell,10th,Nose,4,9-0,49,True,136,48
Navan Racing Results | 29th August 2024 17:35,N/A,17:35,Good,1m 6f,Elzaamsan (IRE),B M Coen,0,M Halford & T Collins,9th,Head,6,10-0b,63,True,136,48
Navan Racing Results | 29th August 2024 17:35,N/A,17:35,Good,1m 6f,Paradise Lost (IRE),W J Lee,0,C O'Brien,8th,1 1/4 l,5,10-1,64,True,136,48
Navan Racing Results | 29th August 2024 17:35,N/A,17:35,Good,1m 6f,Charlie Darling (FR),G F Carroll,0,G P Cromwell,7th,Head,4,9-5,54,True,136,48
Navan Racing Results | 29th August 2024 17:35,N/A,17:35,Good,1m 6f,Whispering Hopes (IRE),D P McDonogh,0,G Elliott,6th,1/2 l,4,9-11,60,True,136,48
Navan Racing Results | 29th August 2024 17:35,N/A,17:35,Good,1m 6f,Velvet And Vine (IRE),J M Sheridan,0,Miss Jennifer Anne Lynch,5th,3/4 l,4,9-4,53,True,136,48
Navan Racing Results | 29th August 2024 17:35,N/A,17:35,Good,1m 6f,Lady Kai (IRE),S Foley,0,R O'Sullivan,4th,Head,4,9-6p,55,True,136,48
Navan Racing Results | 29th August 2024 17:35,N/A,17:35,Good,1m 6f,Red Secret (CAN),J A Heffernan,0,K Smith,3rd,1/2 l,8,9-12tb,61,True,136,48
Navan Racing Results | 29th August 2024 17:35,N/A,17:35,Good,1m 6f,Enquire Within (IRE),W Joyce,5,F G Hand,2nd,3/4 l,8,9-6tp,55,True,136,48
Navan Racing Results | 29th August 2024 17:35,N/A,17:35,Good,1m 6f,Molly Hall (IRE),N G McCullagh,0,Alan McIntyre,1st,N/A,6,9-5,54,True,136,48
Navan Racing Results | 29th August 2024 17:35,N/A,17:35,Good,1m 6f,Futurum Regem (IRE),T Casey,10,H P Finegan,NR,N/A,8,9-5b,54,True,136,48
Navan Racing Results | 29th August 2024 17:35,N/A,17:35,Good,1m 6f,Santa Catarina,Sorcha Woods,7,P J Gilligan,22nd,1/2 l,5,8-13t,48,True,136,48
Navan Racing Results | 29th August 2024 17:35,N/A,17:35,Good,1m 6f,El C Wells (IRE),R C Colgan,0,Paul Mulligan,21st,2 3/4 l,6,10-0,63,True,136,48
Navan Racing Results | 29th August 2024 17:35,N/A,17:35,Good,1m 6f,Alex The Great (IRE),R Whearty,3,A Murray,20th,1/2 l,4,9-8,57,True,136,48
Navan Racing Results | 29th August 2024 17:35,N/A,17:35,Good,1m 6f,Penny Jar (IRE),J J G Ryan,3,P Downey,19th,Neck,8,10-1tp,64,True,136,48
Navan Racing Results | 29th August 2024 17:35,N/A,17:35,Good,1m 6f,Construct,Siobhan Rutledge,3,J C McConnell,18th,3/4 l,9,8-12t,47,True,136,48
Navan Racing Results | 29th August 2024 17:35,N/A,17:35,Good,1m 6f,Breagagh (IRE),Aileen O'Sullivan,10,S Millar,17th,1 l,6,8-13p,48,True,136,48
Navan Racing Results | 29th August 2024 17:35,N/A,17:35,Good,1m 6f,Susiesparkle (IRE),D McMonagle,0,D Broad,16th,1 3/4 l,4,9-4tp,53,True,136,48
Navan Racing Results | 29th August 2024 17:35,N/A,17:35,Good,1m 6f,Eagles Reign (IRE),M P Sheehy,0,R O'Sullivan,15th,1 1/4 l,4,9-3,52,True,136,48
Navan Racing Results | 29th August 2024 17:35,N/A,17:35,Good,1m 6f,Tenth Amendment (IRE),G M Ryan,0,K H Clarke,14th,1 1/4 l,10,8-12t,47,True,136,48
Navan Racing Results | 29th August 2024 17:35,N/A,17:35,Good,1m 6f,Wendell's Lass,C D Hayes,0,T Gibney,13th,Short Head,5,9-9,58,True,136,48
Navan Racing Results | 29th August 2024 17:35,N/A,17:35,Good,1m 6f,Bynx (IRE),M W Hassett,5,M Hassett,12th,3/4 l,6,9-6,55,True,136,48
Navan Racing Results | 29th August 2024 17:35,N/A,17:35,Good,1m 6f,Butterfly Garden (IRE),J Cleary,7,K Prendergast,11th,Neck,5,9-13t,62,True,136,48
Navan Racing Results | 29th August 2024 17:35,N/A,17:35,Good,1m 6f,Tannery Park,J A Powell,3,B Connell,10th,Nose,4,9-0,49,True,136,48
Navan Racing Results | 29th August 2024 17:35,N/A,17:35,Good,1m 6f,Elzaamsan (IRE),B M Coen,0,M Halford & T Collins,9th,Head,6,10-0b,63,True,136,48
Navan Racing Results | 29th August 2024 17:35,N/A,17:35,Good,1m 6f,Paradise Lost (IRE),W J Lee,0,C O'Brien,8th,1 1/4 l,5,10-1,64,True,136,48
Navan Racing Results | 29th August 2024 17:35,N/A,17:35,Good,1m 6f,Charlie Darling (FR),G F Carroll,0,G P Cromwell,7th,Head,4,9-5,54,True,136,48
Navan Racing Results | 29th August 2024 17:35,N/A,17:35,Good,1m 6f,Whispering Hopes (IRE),D P McDonogh,0,G Elliott,6th,1/2 l,4,9-11,60,True,136,48
Navan Racing Results | 29th August 2024 17:35,N/A,17:35,Good,1m 6f,Velvet And Vine (IRE),J M Sheridan,0,Miss Jennifer Anne Lynch,5th,3/4 l,4,9-4,53,True,136,48
Navan Racing Results | 29th August 2024 17:35,N/A,17:35,Good,1m 6f,Lady Kai (IRE),S Foley,0,R O'Sullivan,4th,Head,4,9-6p,55,True,136,48
Navan Racing Results | 29th August 2024 17:35,N/A,17:35,Good,1m 6f,Red Secret (CAN),J A Heffernan,0,K Smith,3rd,1/2 l,8,9-12tb,61,True,136,48
Navan Racing Results | 29th August 2024 17:35,N/A,17:35,Good,1m 6f,Enquire Within (IRE),W Joyce,5,F G Hand,2nd,3/4 l,8,9-6tp,55,True,136,48
Navan Racing Results | 29th August 2024 17:35,N/A,17:35,Good,1m 6f,Molly Hall (IRE),N G McCullagh,0,Alan McIntyre,1st,N/A,6,9-5,54,True,136,48
Wexford Racing Results | 30th August 2024 15:20,N/A,15:20,Yielding,2m 190y,Pearl Of Grange (IRE),C D Smithers,4,Mrs J Harrington,NR,N/A,4,10-13,-,True,136,49
Wexford Racing Results | 30th August 2024 15:20,N/A,15:20,Yielding,2m 190y,To The Wire (IRE),C Owens,4,P J Rothwell,13th,31 l,4,10-13,-,True,136,49
Wexford Racing Results | 30th August 2024 15:20,N/A,15:20,Yielding,2m 190y,Vidisha (FR),P T Smithers,4,P Roche,12th,Head,4,11-0h,-,True,136,49
Wexford Racing Results | 30th August 2024 15:20,N/A,15:20,Yielding,2m 190y,Dee's Getaway (IRE),C G O'Dwyer,2,J P Dempsey,11th,1 l,4,10-6,-,True,136,49
Wexford Racing Results | 30th August 2024 15:20,N/A,15:20,Yielding,2m 190y,Hutton Glen (IRE),K Callaghan,2,T Gibney,10th,2 1/4 l,4,10-13,-,True,136,49
Wexford Racing Results | 30th August 2024 15:20,N/A,15:20,Yielding,2m 190y,Scotcantou (IRE),G B Noonan,0,E McCarthy,9th,1 1/4 l,4,10-13,-,True,136,49
Wexford Racing Results | 30th August 2024 15:20,N/A,15:20,Yielding,2m 190y,Polly Poppins (IRE),S O'Callaghan,2,Bernard Crowley,8th,Head,4,10-6,-,True,136,49
Wexford Racing Results | 30th August 2024 15:20,N/A,15:20,Yielding,2m 190y,Lucky Manifest (IRE),P Hanlon,4,K Purcell,7th,1 3/4 l,4,10-13,-,True,136,49
Wexford Racing Results | 30th August 2024 15:20,N/A,15:20,Yielding,2m 190y,Arch Empire (FR),R A Berry,4,D P Murphy,6th,4 l,4,10-13,-,True,136,49
Wexford Racing Results | 30th August 2024 15:20,N/A,15:20,Yielding,2m 190y,Empire Succes (FR),J P Shinnick,2,Gerard O'Leary,5th,2 1/4 l,4,10-13,-,True,136,49
Wexford Racing Results | 30th August 2024 15:20,N/A,15:20,Yielding,2m 190y,South Of Killerig (IRE),T P Harney,4,R O'Sullivan,4th,2 l,4,10-13,-,True,136,49
Wexford Racing Results | 30th August 2024 15:20,N/A,15:20,Yielding,2m 190y,Banana Three (IRE),J Coen,0,R O'Sullivan,3rd,4 l,4,11-7,-,True,136,49
Wexford Racing Results | 30th August 2024 15:20,N/A,15:20,Yielding,2m 190y,In The Trenches,C Stone-Walsh,2,G P Cromwell,2nd,1 l,4,10-13p1,-,True,136,49
Wexford Racing Results | 30th August 2024 15:20,N/A,15:20,Yielding,2m 190y,Struck By Churchil,C M Quirke,2,A Slattery,1st,N/A,4,10-6,-,True,136,49
Wexford Racing Results | 30th August 2024 15:20,N/A,15:20,Yielding,2m 190y,Pearl Of Grange (IRE),C D Smithers,4,Mrs J Harrington,NR,N/A,4,10-13,-,True,136,49
Wexford Racing Results | 30th August 2024 15:20,N/A,15:20,Yielding,2m 190y,To The Wire (IRE),C Owens,4,P J Rothwell,13th,31 l,4,10-13,-,True,136,49
Wexford Racing Results | 30th August 2024 15:20,N/A,15:20,Yielding,2m 190y,Vidisha (FR),P T Smithers,4,P Roche,12th,Head,4,11-0h,-,True,136,49
Wexford Racing Results | 30th August 2024 15:20,N/A,15:20,Yielding,2m 190y,Dee's Getaway (IRE),C G O'Dwyer,2,J P Dempsey,11th,1 l,4,10-6,-,True,136,49
Wexford Racing Results | 30th August 2024 15:20,N/A,15:20,Yielding,2m 190y,Hutton Glen (IRE),K Callaghan,2,T Gibney,10th,2 1/4 l,4,10-13,-,True,136,49
Wexford Racing Results | 30th August 2024 15:20,N/A,15:20,Yielding,2m 190y,Scotcantou (IRE),G B Noonan,0,E McCarthy,9th,1 1/4 l,4,10-13,-,True,136,49
Wexford Racing Results | 30th August 2024 15:20,N/A,15:20,Yielding,2m 190y,Polly Poppins (IRE),S O'Callaghan,2,Bernard Crowley,8th,Head,4,10-6,-,True,136,49
Wexford Racing Results | 30th August 2024 15:20,N/A,15:20,Yielding,2m 190y,Lucky Manifest (IRE),P Hanlon,4,K Purcell,7th,1 3/4 l,4,10-13,-,True,136,49
Wexford Racing Results | 30th August 2024 15:20,N/A,15:20,Yielding,2m 190y,Arch Empire (FR),R A Berry,4,D P Murphy,6th,4 l,4,10-13,-,True,136,49
Wexford Racing Results | 30th August 2024 15:20,N/A,15:20,Yielding,2m 190y,Empire Succes (FR),J P Shinnick,2,Gerard O'Leary,5th,2 1/4 l,4,10-13,-,True,136,49
Wexford Racing Results | 30th August 2024 15:20,N/A,15:20,Yielding,2m 190y,South Of Killerig (IRE),T P Harney,4,R O'Sullivan,4th,2 l,4,10-13,-,True,136,49
Wexford Racing Results | 30th August 2024 15:20,N/A,15:20,Yielding,2m 190y,Banana Three (IRE),J Coen,0,R O'Sullivan,3rd,4 l,4,11-7,-,True,136,49
Wexford Racing Results | 30th August 2024 15:20,N/A,15:20,Yielding,2m 190y,In The Trenches,C Stone-Walsh,2,G P Cromwell,2nd,1 l,4,10-13p1,-,True,136,49
Wexford Racing Results | 30th August 2024 15:20,N/A,15:20,Yielding,2m 190y,Struck By Churchil,C M Quirke,2,A Slattery,1st,N/A,4,10-6,-,True,136,49
Wexford Racing Results | 30th August 2024 15:55,N/A,15:55,Yielding,2m 190y,Annalough (IRE),A M King,7,M M McNiff,14th,45 l,4,11-1t,85,True,136,50
Wexford Racing Results | 30th August 2024 15:55,N/A,15:55,Yielding,2m 190y,Tommies Call (IRE),P T Smithers,7,J P Fahey,13th,2 1/4 l,5,11-9,90,True,136,50
Wexford Racing Results | 30th August 2024 15:55,N/A,15:55,Yielding,2m 190y,I'vedoneitall (IRE),Shane Fenelon,7,E Sheehy,12th,8 1/2 l,7,10-13v1,80,True,136,50
Wexford Racing Results | 30th August 2024 15:55,N/A,15:55,Yielding,2m 190y,Sunwalk,S Fitzgerald,0,S Neville,11th,9 l,6,10-13,80,True,136,50
Wexford Racing Results | 30th August 2024 15:55,N/A,15:55,Yielding,2m 190y,I Dont Lie (IRE),J C Gainford,0,Mrs D Foster,10th,3/4 l,4,11-5h1,89,True,136,50
Wexford Racing Results | 30th August 2024 15:55,N/A,15:55,Yielding,2m 190y,Special Protector (IRE),H Morgan,0,E Doyle,9th,3/4 l,6,10-13tp,80,True,136,50
Wexford Racing Results | 30th August 2024 15:55,N/A,15:55,Yielding,2m 190y,Onebrightbluerose (IRE),Mr A Burke-Ott,7,Patrick Cronin,8th,1 l,5,11-10b,91,True,136,50
Wexford Racing Results | 30th August 2024 15:55,N/A,15:55,Yielding,2m 190y,Hesasmoothoperator (IRE),K E Buckley,0,T Gibney,7th,2 1/2 l,6,11-10,91,True,136,50
Wexford Racing Results | 30th August 2024 15:55,N/A,15:55,Yielding,2m 190y,Glenmalure Flyer (IRE),D J O'Keeffe,0,H De Bromhead,6th,2 3/4 l,6,11-13t,94,True,136,50
Wexford Racing Results | 30th August 2024 15:55,N/A,15:55,Yielding,2m 190y,Toon Town (IRE),P T Enright,0,Brendan Walsh,5th,1 1/4 l,7,11-11,92,True,136,50
Wexford Racing Results | 30th August 2024 15:55,N/A,15:55,Yielding,2m 190y,Mr Sundancer,P Hanlon,7,J J Hanlon,4th,1 3/4 l,6,12-5h,100,True,136,50
Wexford Racing Results | 30th August 2024 15:55,N/A,15:55,Yielding,2m 190y,Johnny Clarke (IRE),R A Doyle,0,W J Burke,3rd,Neck,7,11-11,92,True,136,50
Wexford Racing Results | 30th August 2024 15:55,N/A,15:55,Yielding,2m 190y,Kate Ill Know (IRE),J P Shinnick,5,D Budds,2nd,1/2 l,11,11-5t,86,True,136,50
Wexford Racing Results | 30th August 2024 15:55,N/A,15:55,Yielding,2m 190y,Inthenickoftime (IRE),S D Torrens,0,E Bolger,1st,N/A,4,11-10h,94,True,136,50
Wexford Racing Results | 30th August 2024 15:55,N/A,15:55,Yielding,2m 190y,Annalough (IRE),A M King,7,M M McNiff,14th,45 l,4,11-1t,85,True,136,50
Wexford Racing Results | 30th August 2024 15:55,N/A,15:55,Yielding,2m 190y,Tommies Call (IRE),P T Smithers,7,J P Fahey,13th,2 1/4 l,5,11-9,90,True,136,50
Wexford Racing Results | 30th August 2024 15:55,N/A,15:55,Yielding,2m 190y,I'vedoneitall (IRE),Shane Fenelon,7,E Sheehy,12th,8 1/2 l,7,10-13v1,80,True,136,50
Wexford Racing Results | 30th August 2024 15:55,N/A,15:55,Yielding,2m 190y,Sunwalk,S Fitzgerald,0,S Neville,11th,9 l,6,10-13,80,True,136,50
Wexford Racing Results | 30th August 2024 15:55,N/A,15:55,Yielding,2m 190y,I Dont Lie (IRE),J C Gainford,0,Mrs D Foster,10th,3/4 l,4,11-5h1,89,True,136,50
Wexford Racing Results | 30th August 2024 15:55,N/A,15:55,Yielding,2m 190y,Special Protector (IRE),H Morgan,0,E Doyle,9th,3/4 l,6,10-13tp,80,True,136,50
Wexford Racing Results | 30th August 2024 15:55,N/A,15:55,Yielding,2m 190y,Onebrightbluerose (IRE),Mr A Burke-Ott,7,Patrick Cronin,8th,1 l,5,11-10b,91,True,136,50
Wexford Racing Results | 30th August 2024 15:55,N/A,15:55,Yielding,2m 190y,Hesasmoothoperator (IRE),K E Buckley,0,T Gibney,7th,2 1/2 l,6,11-10,91,True,136,50
Wexford Racing Results | 30th August 2024 15:55,N/A,15:55,Yielding,2m 190y,Glenmalure Flyer (IRE),D J O'Keeffe,0,H De Bromhead,6th,2 3/4 l,6,11-13t,94,True,136,50
Wexford Racing Results | 30th August 2024 15:55,N/A,15:55,Yielding,2m 190y,Toon Town (IRE),P T Enright,0,Brendan Walsh,5th,1 1/4 l,7,11-11,92,True,136,50
Wexford Racing Results | 30th August 2024 15:55,N/A,15:55,Yielding,2m 190y,Mr Sundancer,P Hanlon,7,J J Hanlon,4th,1 3/4 l,6,12-5h,100,True,136,50
Wexford Racing Results | 30th August 2024 15:55,N/A,15:55,Yielding,2m 190y,Johnny Clarke (IRE),R A Doyle,0,W J Burke,3rd,Neck,7,11-11,92,True,136,50
Wexford Racing Results | 30th August 2024 15:55,N/A,15:55,Yielding,2m 190y,Kate Ill Know (IRE),J P Shinnick,5,D Budds,2nd,1/2 l,11,11-5t,86,True,136,50
Wexford Racing Results | 30th August 2024 15:55,N/A,15:55,Yielding,2m 190y,Inthenickoftime (IRE),S D Torrens,0,E Bolger,1st,N/A,4,11-10h,94,True,136,50
