track_name,race_date,race_time,going,distance,horse_name,jockey,claims,trainer,race_position,lost_by_length,age,weight,rating,first_place_found,batch_number,url_index_in_batch
Clonmel Racing Results | 13th February 2025 13:45,N/A,13:45,Soft (Yielding In Places),3m 24y,Kalnoo (IRE),C M Quirke,0,P Kiely,3rd,23 l,8,10-7,-,True,162,1
Clonmel Racing Results | 13th February 2025 13:45,N/A,13:45,Soft (Yielding In Places),3m 24y,Ballygunner Castle (IRE),P Townend,0,W P Mullins,2nd,1/2 l,6,11-0ht1,-,True,162,1
Clonmel Racing Results | 13th February 2025 13:45,N/A,13:45,Soft (Yielding In Places),3m 24y,Ballybow (IRE),Sam Ewing,0,G Elliott,1st,N/A,6,11-0,-,True,162,1
Clonmel Racing Results | 13th February 2025 13:45,N/A,13:45,Soft (Yielding In Places),3m 24y,Kalnoo (IRE),C M Quirke,0,P Kiely,3rd,23 l,8,10-7,-,True,162,1
Clonmel Racing Results | 13th February 2025 13:45,N/A,13:45,Soft (Yielding In Places),3m 24y,Ballygunner Castle (IRE),P Townend,0,W P Mullins,2nd,1/2 l,6,11-0ht1,-,True,162,1
Clonmel Racing Results | 13th February 2025 13:45,N/A,13:45,Soft (Yielding In Places),3m 24y,Ballybow (IRE),Sam Ewing,0,G Elliott,1st,N/A,6,11-0,-,True,162,1
Clonmel Racing Results | 13th February 2025 14:20,N/A,14:20,Soft (Yielding In Places),2m 21y,Royal Reprobate (IRE),K M Donoghue,0,G P Cromwell,14th,7 l,5,11-12,98,True,162,2
Clonmel Racing Results | 13th February 2025 14:20,N/A,14:20,Soft (Yielding In Places),2m 21y,Thats All (IRE),Mr D Doyle,7,T Doyle,13th,16 l,8,10-13t,85,True,162,2
Clonmel Racing Results | 13th February 2025 14:20,N/A,14:20,Soft (Yielding In Places),2m 21y,Big Dispute (IRE),P T Enright,0,Con McSweeney,12th,3 3/4 l,6,11-9,95,True,162,2
Clonmel Racing Results | 13th February 2025 14:20,N/A,14:20,Soft (Yielding In Places),2m 21y,I Dont Lie (IRE),S W Flanagan,0,Mrs D Foster,11th,4 3/4 l,5,11-1,87,True,162,2
Clonmel Racing Results | 13th February 2025 14:20,N/A,14:20,Soft (Yielding In Places),2m 21y,Tubberfinn Lady (IRE),J C Gainford,0,M Mulvany,10th,13 l,5,11-0t,86,True,162,2
Clonmel Racing Results | 13th February 2025 14:20,N/A,14:20,Soft (Yielding In Places),2m 21y,Snow Punt (IRE),Mr C J Shine,7,Brendan Walsh,9th,1 1/4 l,8,11-9t,95,True,162,2
Clonmel Racing Results | 13th February 2025 14:20,N/A,14:20,Soft (Yielding In Places),2m 21y,Robindevidastar (IRE),Mr B J Walsh,7,P J Rothwell,8th,7 l,10,11-8b,94,True,162,2
Clonmel Racing Results | 13th February 2025 14:20,N/A,14:20,Soft (Yielding In Places),2m 21y,Internet Biddy (IRE),S F O'Keeffe,0,S Aherne,7th,2 1/2 l,7,10-0h,72,True,162,2
Clonmel Racing Results | 13th February 2025 14:20,N/A,14:20,Soft (Yielding In Places),2m 21y,Gimme A Buzz (IRE),M P Walsh,0,E Bolger,6th,1/2 l,5,11-11h,97,True,162,2
Clonmel Racing Results | 13th February 2025 14:20,N/A,14:20,Soft (Yielding In Places),2m 21y,Let Him B (IRE),P Byrnes,0,C Byrnes,5th,1 l,5,11-2,88,True,162,2
Clonmel Racing Results | 13th February 2025 14:20,N/A,14:20,Soft (Yielding In Places),2m 21y,Aboy Joey (IRE),G B Noonan,5,E McCarthy,4th,Neck,6,11-13p,99,True,162,2
Clonmel Racing Results | 13th February 2025 14:20,N/A,14:20,Soft (Yielding In Places),2m 21y,Go Gill Go (IRE),D King,0,J Grace,3rd,6 1/2 l,10,11-0tp,86,True,162,2
Clonmel Racing Results | 13th February 2025 14:20,N/A,14:20,Soft (Yielding In Places),2m 21y,The Dawn (FR),D Meyler,0,W J Burke,2nd,4 3/4 l,6,12-0,100,True,162,2
Clonmel Racing Results | 13th February 2025 14:20,N/A,14:20,Soft (Yielding In Places),2m 21y,Apologise (IRE),Mr D McGill,7,Gary McGill,1st,N/A,6,11-13p1,99,True,162,2
Clonmel Racing Results | 13th February 2025 14:20,N/A,14:20,Soft (Yielding In Places),2m 21y,Royal Reprobate (IRE),K M Donoghue,0,G P Cromwell,14th,7 l,5,11-12,98,True,162,2
Clonmel Racing Results | 13th February 2025 14:20,N/A,14:20,Soft (Yielding In Places),2m 21y,Thats All (IRE),Mr D Doyle,7,T Doyle,13th,16 l,8,10-13t,85,True,162,2
Clonmel Racing Results | 13th February 2025 14:20,N/A,14:20,Soft (Yielding In Places),2m 21y,Big Dispute (IRE),P T Enright,0,Con McSweeney,12th,3 3/4 l,6,11-9,95,True,162,2
Clonmel Racing Results | 13th February 2025 14:20,N/A,14:20,Soft (Yielding In Places),2m 21y,I Dont Lie (IRE),S W Flanagan,0,Mrs D Foster,11th,4 3/4 l,5,11-1,87,True,162,2
Clonmel Racing Results | 13th February 2025 14:20,N/A,14:20,Soft (Yielding In Places),2m 21y,Tubberfinn Lady (IRE),J C Gainford,0,M Mulvany,10th,13 l,5,11-0t,86,True,162,2
Clonmel Racing Results | 13th February 2025 14:20,N/A,14:20,Soft (Yielding In Places),2m 21y,Snow Punt (IRE),Mr C J Shine,7,Brendan Walsh,9th,1 1/4 l,8,11-9t,95,True,162,2
Clonmel Racing Results | 13th February 2025 14:20,N/A,14:20,Soft (Yielding In Places),2m 21y,Robindevidastar (IRE),Mr B J Walsh,7,P J Rothwell,8th,7 l,10,11-8b,94,True,162,2
Clonmel Racing Results | 13th February 2025 14:20,N/A,14:20,Soft (Yielding In Places),2m 21y,Internet Biddy (IRE),S F O'Keeffe,0,S Aherne,7th,2 1/2 l,7,10-0h,72,True,162,2
Clonmel Racing Results | 13th February 2025 14:20,N/A,14:20,Soft (Yielding In Places),2m 21y,Gimme A Buzz (IRE),M P Walsh,0,E Bolger,6th,1/2 l,5,11-11h,97,True,162,2
Clonmel Racing Results | 13th February 2025 14:20,N/A,14:20,Soft (Yielding In Places),2m 21y,Let Him B (IRE),P Byrnes,0,C Byrnes,5th,1 l,5,11-2,88,True,162,2
Clonmel Racing Results | 13th February 2025 14:20,N/A,14:20,Soft (Yielding In Places),2m 21y,Aboy Joey (IRE),G B Noonan,5,E McCarthy,4th,Neck,6,11-13p,99,True,162,2
Clonmel Racing Results | 13th February 2025 14:20,N/A,14:20,Soft (Yielding In Places),2m 21y,Go Gill Go (IRE),D King,0,J Grace,3rd,6 1/2 l,10,11-0tp,86,True,162,2
Clonmel Racing Results | 13th February 2025 14:20,N/A,14:20,Soft (Yielding In Places),2m 21y,The Dawn (FR),D Meyler,0,W J Burke,2nd,4 3/4 l,6,12-0,100,True,162,2
Clonmel Racing Results | 13th February 2025 14:20,N/A,14:20,Soft (Yielding In Places),2m 21y,Apologise (IRE),Mr D McGill,7,Gary McGill,1st,N/A,6,11-13p1,99,True,162,2
Clonmel Racing Results | 13th February 2025 14:55,N/A,14:55,Soft (Yielding In Places) ) (Div,2m 3f,Sheriffhill (IRE),Mr D Allen,7,T O'Brien,PU,N/A,7,11-13,95,True,162,3
Clonmel Racing Results | 13th February 2025 14:55,N/A,14:55,Soft (Yielding In Places) ) (Div,2m 3f,Tomjackwilliam (IRE),Mr R Sugrue,7,E McCarthy,PU,N/A,8,12-2,98,True,162,3
Clonmel Racing Results | 13th February 2025 14:55,N/A,14:55,Soft (Yielding In Places) ) (Div,2m 3f,Simply Shabra (IRE),Miss A B O'Connor,0,A McCann,PU,N/A,10,11-8b,90,True,162,3
Clonmel Racing Results | 13th February 2025 14:55,N/A,14:55,Soft (Yielding In Places) ) (Div,2m 3f,Ella Rose (IRE),Mr B Barry,7,D E Prendergast,PU,N/A,8,10-12p1,80,True,162,3
Clonmel Racing Results | 13th February 2025 14:55,N/A,14:55,Soft (Yielding In Places) ) (Div,2m 3f,Stone Forest (IRE),Mr J C Barry,0,E Doyle,PU,N/A,4,11-3p1,97,True,162,3
Clonmel Racing Results | 13th February 2025 14:55,N/A,14:55,Soft (Yielding In Places) ) (Div,2m 3f,French Hill (IRE),Mr E Finegan,7,G P Cromwell,8th,71 l,6,11-13,95,True,162,3
Clonmel Racing Results | 13th February 2025 14:55,N/A,14:55,Soft (Yielding In Places) ) (Div,2m 3f,Aclass (IRE),Mr J W Hendrick,7,J P Flavin,7th,7 1/2 l,7,12-2,98,True,162,3
Clonmel Racing Results | 13th February 2025 14:55,N/A,14:55,Soft (Yielding In Places) ) (Div,2m 3f,Voice Of Reason (IRE),Mr J M Halford,7,G Elliott,6th,6 1/2 l,5,12-4,100,True,162,3
Clonmel Racing Results | 13th February 2025 14:55,N/A,14:55,Soft (Yielding In Places) ) (Div,2m 3f,Native Song (IRE),Mr E P O'Brien,5,P Kiely,5th,1 1/2 l,8,10-13,81,True,162,3
Clonmel Racing Results | 13th February 2025 14:55,N/A,14:55,Soft (Yielding In Places) ) (Div,2m 3f,Phoenix Cowboy (USA),Mr A Burke-Ott,7,M Winters,4th,1 1/4 l,8,12-3,99,True,162,3
Clonmel Racing Results | 13th February 2025 14:55,N/A,14:55,Soft (Yielding In Places) ) (Div,2m 3f,Tir Og (IRE),Mr H C Swan,0,E Seymour,3rd,13 l,4,10-10,90,True,162,3
Clonmel Racing Results | 13th February 2025 14:55,N/A,14:55,Soft (Yielding In Places) ) (Div,2m 3f,Siul Molly Siul (IRE),Mr P J Cody,7,Jayne Hearne,2nd,6 1/2 l,6,11-3p1,85,True,162,3
Clonmel Racing Results | 13th February 2025 14:55,N/A,14:55,Soft (Yielding In Places) ) (Div,2m 3f,Ar Nos Na Gaoithe (IRE),Miss P Elvin,7,P J Rothwell,1st,N/A,6,10-9p,77,True,162,3
Clonmel Racing Results | 13th February 2025 14:55,N/A,14:55,Soft (Yielding In Places) ) (Div,2m 3f,Sheriffhill (IRE),Mr D Allen,7,T O'Brien,PU,N/A,7,11-13,95,True,162,3
Clonmel Racing Results | 13th February 2025 14:55,N/A,14:55,Soft (Yielding In Places) ) (Div,2m 3f,Tomjackwilliam (IRE),Mr R Sugrue,7,E McCarthy,PU,N/A,8,12-2,98,True,162,3
Clonmel Racing Results | 13th February 2025 14:55,N/A,14:55,Soft (Yielding In Places) ) (Div,2m 3f,Simply Shabra (IRE),Miss A B O'Connor,0,A McCann,PU,N/A,10,11-8b,90,True,162,3
Clonmel Racing Results | 13th February 2025 14:55,N/A,14:55,Soft (Yielding In Places) ) (Div,2m 3f,Ella Rose (IRE),Mr B Barry,7,D E Prendergast,PU,N/A,8,10-12p1,80,True,162,3
Clonmel Racing Results | 13th February 2025 14:55,N/A,14:55,Soft (Yielding In Places) ) (Div,2m 3f,Stone Forest (IRE),Mr J C Barry,0,E Doyle,PU,N/A,4,11-3p1,97,True,162,3
Clonmel Racing Results | 13th February 2025 14:55,N/A,14:55,Soft (Yielding In Places) ) (Div,2m 3f,French Hill (IRE),Mr E Finegan,7,G P Cromwell,8th,71 l,6,11-13,95,True,162,3
Clonmel Racing Results | 13th February 2025 14:55,N/A,14:55,Soft (Yielding In Places) ) (Div,2m 3f,Aclass (IRE),Mr J W Hendrick,7,J P Flavin,7th,7 1/2 l,7,12-2,98,True,162,3
Clonmel Racing Results | 13th February 2025 14:55,N/A,14:55,Soft (Yielding In Places) ) (Div,2m 3f,Voice Of Reason (IRE),Mr J M Halford,7,G Elliott,6th,6 1/2 l,5,12-4,100,True,162,3
Clonmel Racing Results | 13th February 2025 14:55,N/A,14:55,Soft (Yielding In Places) ) (Div,2m 3f,Native Song (IRE),Mr E P O'Brien,5,P Kiely,5th,1 1/2 l,8,10-13,81,True,162,3
Clonmel Racing Results | 13th February 2025 14:55,N/A,14:55,Soft (Yielding In Places) ) (Div,2m 3f,Phoenix Cowboy (USA),Mr A Burke-Ott,7,M Winters,4th,1 1/4 l,8,12-3,99,True,162,3
Clonmel Racing Results | 13th February 2025 14:55,N/A,14:55,Soft (Yielding In Places) ) (Div,2m 3f,Tir Og (IRE),Mr H C Swan,0,E Seymour,3rd,13 l,4,10-10,90,True,162,3
Clonmel Racing Results | 13th February 2025 14:55,N/A,14:55,Soft (Yielding In Places) ) (Div,2m 3f,Siul Molly Siul (IRE),Mr P J Cody,7,Jayne Hearne,2nd,6 1/2 l,6,11-3p1,85,True,162,3
Clonmel Racing Results | 13th February 2025 14:55,N/A,14:55,Soft (Yielding In Places) ) (Div,2m 3f,Ar Nos Na Gaoithe (IRE),Miss P Elvin,7,P J Rothwell,1st,N/A,6,10-9p,77,True,162,3
Clonmel Racing Results | 13th February 2025 15:30,N/A,15:30,Soft (Yielding In Places) ) (Div,2m 3f,Mellem (IRE),Mr J C Barry,0,M Fahey,NR,N/A,6,11-6tb1,87,True,162,4
Clonmel Racing Results | 13th February 2025 15:30,N/A,15:30,Soft (Yielding In Places) ) (Div,2m 3f,Cramers Valley (IRE),Mr B J Walsh,7,P J Rothwell,PU,N/A,6,11-1b,82,True,162,4
Clonmel Racing Results | 13th February 2025 15:30,N/A,15:30,Soft (Yielding In Places) ) (Div,2m 3f,Jekiki (IRE),Mr R Sugrue,7,E McCarthy,11th,11 l,7,11-13,94,True,162,4
Clonmel Racing Results | 13th February 2025 15:30,N/A,15:30,Soft (Yielding In Places) ) (Div,2m 3f,Hei (IRE),Mr A P Kennedy,7,Colm Murphy,10th,29 l,5,12-2h,97,True,162,4
Clonmel Racing Results | 13th February 2025 15:30,N/A,15:30,Soft (Yielding In Places) ) (Div,2m 3f,Pana To Milan (IRE),Mr L Burke-Ott,7,M Winters,9th,2 l,7,11-12,93,True,162,4
Clonmel Racing Results | 13th February 2025 15:30,N/A,15:30,Soft (Yielding In Places) ) (Div,2m 3f,Knockaneleigh Girl (IRE),Mr R W Barron,5,D Queally,8th,Short Head,8,11-9h,90,True,162,4
Clonmel Racing Results | 13th February 2025 15:30,N/A,15:30,Soft (Yielding In Places) ) (Div,2m 3f,Bossofthebus (IRE),Mr D Allen,7,T O'Brien,7th,4 3/4 l,6,12-0,95,True,162,4
Clonmel Racing Results | 13th February 2025 15:30,N/A,15:30,Soft (Yielding In Places) ) (Div,2m 3f,Ladyeze Man (IRE),Mr J W Hendrick,7,J P Flavin,6th,25 l,7,11-5,86,True,162,4
Clonmel Racing Results | 13th February 2025 15:30,N/A,15:30,Soft (Yielding In Places) ) (Div,2m 3f,Kadys Dirha (IRE),Mr A Burke-Ott,7,T P O'Connor,5th,5 l,8,10-11,78,True,162,4
Clonmel Racing Results | 13th February 2025 15:30,N/A,15:30,Soft (Yielding In Places) ) (Div,2m 3f,Beeverstown Place (IRE),Mr P A King,5,M A Cahill,4th,1/2 l,8,11-7b,88,True,162,4
Clonmel Racing Results | 13th February 2025 15:30,N/A,15:30,Soft (Yielding In Places) ) (Div,2m 3f,Person Of Interest (IRE),Mr B O'Neill,0,Miss T L Cogan,3rd,4 1/2 l,5,12-4p1,99,True,162,4
Clonmel Racing Results | 13th February 2025 15:30,N/A,15:30,Soft (Yielding In Places) ) (Div,2m 3f,Chainofconsequence (IRE),Mr A P Ryan,7,M J McDonagh,2nd,2 1/2 l,8,11-9t,90,True,162,4
Clonmel Racing Results | 13th February 2025 15:30,N/A,15:30,Soft (Yielding In Places) ) (Div,2m 3f,Mount Shenshan (IRE),Mr C Mullins,7,T Mullins,1st,N/A,7,12-2,97,True,162,4
Clonmel Racing Results | 13th February 2025 15:30,N/A,15:30,Soft (Yielding In Places) ) (Div,2m 3f,Mellem (IRE),Mr J C Barry,0,M Fahey,NR,N/A,6,11-6tb1,87,True,162,4
Clonmel Racing Results | 13th February 2025 15:30,N/A,15:30,Soft (Yielding In Places) ) (Div,2m 3f,Cramers Valley (IRE),Mr B J Walsh,7,P J Rothwell,PU,N/A,6,11-1b,82,True,162,4
Clonmel Racing Results | 13th February 2025 15:30,N/A,15:30,Soft (Yielding In Places) ) (Div,2m 3f,Jekiki (IRE),Mr R Sugrue,7,E McCarthy,11th,11 l,7,11-13,94,True,162,4
Clonmel Racing Results | 13th February 2025 15:30,N/A,15:30,Soft (Yielding In Places) ) (Div,2m 3f,Hei (IRE),Mr A P Kennedy,7,Colm Murphy,10th,29 l,5,12-2h,97,True,162,4
Clonmel Racing Results | 13th February 2025 15:30,N/A,15:30,Soft (Yielding In Places) ) (Div,2m 3f,Pana To Milan (IRE),Mr L Burke-Ott,7,M Winters,9th,2 l,7,11-12,93,True,162,4
Clonmel Racing Results | 13th February 2025 15:30,N/A,15:30,Soft (Yielding In Places) ) (Div,2m 3f,Knockaneleigh Girl (IRE),Mr R W Barron,5,D Queally,8th,Short Head,8,11-9h,90,True,162,4
Clonmel Racing Results | 13th February 2025 15:30,N/A,15:30,Soft (Yielding In Places) ) (Div,2m 3f,Bossofthebus (IRE),Mr D Allen,7,T O'Brien,7th,4 3/4 l,6,12-0,95,True,162,4
Clonmel Racing Results | 13th February 2025 15:30,N/A,15:30,Soft (Yielding In Places) ) (Div,2m 3f,Ladyeze Man (IRE),Mr J W Hendrick,7,J P Flavin,6th,25 l,7,11-5,86,True,162,4
Clonmel Racing Results | 13th February 2025 15:30,N/A,15:30,Soft (Yielding In Places) ) (Div,2m 3f,Kadys Dirha (IRE),Mr A Burke-Ott,7,T P O'Connor,5th,5 l,8,10-11,78,True,162,4
Clonmel Racing Results | 13th February 2025 15:30,N/A,15:30,Soft (Yielding In Places) ) (Div,2m 3f,Beeverstown Place (IRE),Mr P A King,5,M A Cahill,4th,1/2 l,8,11-7b,88,True,162,4
Clonmel Racing Results | 13th February 2025 15:30,N/A,15:30,Soft (Yielding In Places) ) (Div,2m 3f,Person Of Interest (IRE),Mr B O'Neill,0,Miss T L Cogan,3rd,4 1/2 l,5,12-4p1,99,True,162,4
Clonmel Racing Results | 13th February 2025 15:30,N/A,15:30,Soft (Yielding In Places) ) (Div,2m 3f,Chainofconsequence (IRE),Mr A P Ryan,7,M J McDonagh,2nd,2 1/2 l,8,11-9t,90,True,162,4
Clonmel Racing Results | 13th February 2025 15:30,N/A,15:30,Soft (Yielding In Places) ) (Div,2m 3f,Mount Shenshan (IRE),Mr C Mullins,7,T Mullins,1st,N/A,7,12-2,97,True,162,4
Clonmel Racing Results | 13th February 2025 16:05,N/A,16:05,Soft (Yielding In Places),2m 160y,Andyourbirdcansing (IRE),D King,0,J P Ryan,NR,N/A,7,10-2,94,True,162,5
Clonmel Racing Results | 13th February 2025 16:05,N/A,16:05,Soft (Yielding In Places),2m 160y,Starman (FR),J P O'Sullivan,0,A McCann,PU,N/A,9,11-4h,110,True,162,5
Clonmel Racing Results | 13th February 2025 16:05,N/A,16:05,Soft (Yielding In Places),2m 160y,Ballycashin (IRE),D E Mullins,0,A Mullins,PU,N/A,8,10-10,102,True,162,5
Clonmel Racing Results | 13th February 2025 16:05,N/A,16:05,Soft (Yielding In Places),2m 160y,Granpa Ger (IRE),S F O'Keeffe,0,A Mullins,11th,21 l,7,10-4,96,True,162,5
Clonmel Racing Results | 13th February 2025 16:05,N/A,16:05,Soft (Yielding In Places),2m 160y,Gali Flight (FR),Niall Moore,7,P Fenton,10th,14 l,9,10-7,99,True,162,5
Clonmel Racing Results | 13th February 2025 16:05,N/A,16:05,Soft (Yielding In Places),2m 160y,Jouster (FR),K M Donoghue,0,G P Cromwell,9th,1/2 l,6,11-8tp,114,True,162,5
Clonmel Racing Results | 13th February 2025 16:05,N/A,16:05,Soft (Yielding In Places),2m 160y,Cayd Boy (FR),M P Walsh,0,Liz Doyle,8th,1/2 l,10,11-8tp,114,True,162,5
Clonmel Racing Results | 13th February 2025 16:05,N/A,16:05,Soft (Yielding In Places),2m 160y,Crecora Hills (IRE),S D Torrens,0,R Tyner,7th,2 1/2 l,6,10-10,102,True,162,5
Clonmel Racing Results | 13th February 2025 16:05,N/A,16:05,Soft (Yielding In Places),2m 160y,Mount Ferns (IRE),C P McNamara,0,E McNamara,6th,2 1/4 l,7,10-8,100,True,162,5
Clonmel Racing Results | 13th February 2025 16:05,N/A,16:05,Soft (Yielding In Places),2m 160y,Carlas Big Jim (IRE),P T Enright,0,L J Archdeacon,5th,1 1/4 l,7,10-8,100,True,162,5
Clonmel Racing Results | 13th February 2025 16:05,N/A,16:05,Soft (Yielding In Places),2m 160y,Jay Pee M (IRE),J P Shinnick,5,T O'Brien,4th,1 1/4 l,6,11-2,108,True,162,5
Clonmel Racing Results | 13th February 2025 16:05,N/A,16:05,Soft (Yielding In Places),2m 160y,Zurich (FR),Rachael Blackmore,0,H De Bromhead,3rd,4 l,6,11-12,118,True,162,5
Clonmel Racing Results | 13th February 2025 16:05,N/A,16:05,Soft (Yielding In Places),2m 160y,Natural Breeze (IRE),D Robinson,0,P J Rothwell,2nd,Neck,10,10-2b,94,True,162,5
Clonmel Racing Results | 13th February 2025 16:05,N/A,16:05,Soft (Yielding In Places),2m 160y,Luminous Light,S W Flanagan,0,A McCann,1st,N/A,6,11-7h,113,True,162,5
Clonmel Racing Results | 13th February 2025 16:05,N/A,16:05,Soft (Yielding In Places),2m 160y,Andyourbirdcansing (IRE),D King,0,J P Ryan,NR,N/A,7,10-2,94,True,162,5
Clonmel Racing Results | 13th February 2025 16:05,N/A,16:05,Soft (Yielding In Places),2m 160y,Starman (FR),J P O'Sullivan,0,A McCann,PU,N/A,9,11-4h,110,True,162,5
Clonmel Racing Results | 13th February 2025 16:05,N/A,16:05,Soft (Yielding In Places),2m 160y,Ballycashin (IRE),D E Mullins,0,A Mullins,PU,N/A,8,10-10,102,True,162,5
Clonmel Racing Results | 13th February 2025 16:05,N/A,16:05,Soft (Yielding In Places),2m 160y,Granpa Ger (IRE),S F O'Keeffe,0,A Mullins,11th,21 l,7,10-4,96,True,162,5
Clonmel Racing Results | 13th February 2025 16:05,N/A,16:05,Soft (Yielding In Places),2m 160y,Gali Flight (FR),Niall Moore,7,P Fenton,10th,14 l,9,10-7,99,True,162,5
Clonmel Racing Results | 13th February 2025 16:05,N/A,16:05,Soft (Yielding In Places),2m 160y,Jouster (FR),K M Donoghue,0,G P Cromwell,9th,1/2 l,6,11-8tp,114,True,162,5
Clonmel Racing Results | 13th February 2025 16:05,N/A,16:05,Soft (Yielding In Places),2m 160y,Cayd Boy (FR),M P Walsh,0,Liz Doyle,8th,1/2 l,10,11-8tp,114,True,162,5
Clonmel Racing Results | 13th February 2025 16:05,N/A,16:05,Soft (Yielding In Places),2m 160y,Crecora Hills (IRE),S D Torrens,0,R Tyner,7th,2 1/2 l,6,10-10,102,True,162,5
Clonmel Racing Results | 13th February 2025 16:05,N/A,16:05,Soft (Yielding In Places),2m 160y,Mount Ferns (IRE),C P McNamara,0,E McNamara,6th,2 1/4 l,7,10-8,100,True,162,5
Clonmel Racing Results | 13th February 2025 16:05,N/A,16:05,Soft (Yielding In Places),2m 160y,Carlas Big Jim (IRE),P T Enright,0,L J Archdeacon,5th,1 1/4 l,7,10-8,100,True,162,5
Clonmel Racing Results | 13th February 2025 16:05,N/A,16:05,Soft (Yielding In Places),2m 160y,Jay Pee M (IRE),J P Shinnick,5,T O'Brien,4th,1 1/4 l,6,11-2,108,True,162,5
Clonmel Racing Results | 13th February 2025 16:05,N/A,16:05,Soft (Yielding In Places),2m 160y,Zurich (FR),Rachael Blackmore,0,H De Bromhead,3rd,4 l,6,11-12,118,True,162,5
Clonmel Racing Results | 13th February 2025 16:05,N/A,16:05,Soft (Yielding In Places),2m 160y,Natural Breeze (IRE),D Robinson,0,P J Rothwell,2nd,Neck,10,10-2b,94,True,162,5
Clonmel Racing Results | 13th February 2025 16:05,N/A,16:05,Soft (Yielding In Places),2m 160y,Luminous Light,S W Flanagan,0,A McCann,1st,N/A,6,11-7h,113,True,162,5
Clonmel Racing Results | 13th February 2025 16:35,N/A,16:35,Soft (Yielding In Places),2m 4f 69y,Our Boy Rocky (IRE),R Deegan,0,L P Cusack,NR,N/A,7,11-12,-,True,162,6
Clonmel Racing Results | 13th February 2025 16:35,N/A,16:35,Soft (Yielding In Places),2m 4f 69y,He's Home Again (IRE),P Byrnes,0,E Cawley,UR,N/A,7,11-12,-,True,162,6
Clonmel Racing Results | 13th February 2025 16:35,N/A,16:35,Soft (Yielding In Places),2m 4f 69y,Answering (IRE),Mr D Doyle,7,T Doyle,12th,24 l,10,11-12,-,True,162,6
Clonmel Racing Results | 13th February 2025 16:35,N/A,16:35,Soft (Yielding In Places),2m 4f 69y,Notimelikedpresent (IRE),S D Torrens,0,R Tyner,11th,15 l,5,11-8,-,True,162,6
Clonmel Racing Results | 13th February 2025 16:35,N/A,16:35,Soft (Yielding In Places),2m 4f 69y,Ik's Man (FR),J P Shinnick,5,T O'Brien,10th,11 l,9,11-12t,-,True,162,6
Clonmel Racing Results | 13th February 2025 16:35,N/A,16:35,Soft (Yielding In Places),2m 4f 69y,Castle Field Boy (IRE),P T Enright,0,P T Foley,9th,Short Head,9,11-12t,-,True,162,6
Clonmel Racing Results | 13th February 2025 16:35,N/A,16:35,Soft (Yielding In Places),2m 4f 69y,Rockbrook (IRE),D Robinson,0,P J Rothwell,8th,21 l,8,11-12,-,True,162,6
Clonmel Racing Results | 13th February 2025 16:35,N/A,16:35,Soft (Yielding In Places),2m 4f 69y,Lightkeeper (IRE),Sam Ewing,0,G Elliott,7th,2 1/2 l,7,11-12tb1,-,True,162,6
Clonmel Racing Results | 13th February 2025 16:35,N/A,16:35,Soft (Yielding In Places),2m 4f 69y,El Champo (IRE),S W Flanagan,0,P J Rothwell,6th,8 l,7,11-12p,-,True,162,6
Clonmel Racing Results | 13th February 2025 16:35,N/A,16:35,Soft (Yielding In Places),2m 4f 69y,John The Diva (FR),Niall Moore,7,M A Cahill,5th,1/2 l,8,11-12,-,True,162,6
Clonmel Racing Results | 13th February 2025 16:35,N/A,16:35,Soft (Yielding In Places),2m 4f 69y,On Lovers Walk (IRE),T P Harney,7,R O'Sullivan,4th,1 1/2 l,8,11-12t,-,True,162,6
Clonmel Racing Results | 13th February 2025 16:35,N/A,16:35,Soft (Yielding In Places),2m 4f 69y,Banprionsa (IRE),Rachael Blackmore,0,H De Bromhead,3rd,4 l,7,11-5t,-,True,162,6
Clonmel Racing Results | 13th February 2025 16:35,N/A,16:35,Soft (Yielding In Places),2m 4f 69y,Union Station (IRE),K M Donoghue,0,G P Cromwell,2nd,1 1/4 l,6,11-12,-,True,162,6
Clonmel Racing Results | 13th February 2025 16:35,N/A,16:35,Soft (Yielding In Places),2m 4f 69y,My Gaffer (IRE),Mr D McGill,7,J P Ryan,1st,N/A,7,11-12,-,True,162,6
Clonmel Racing Results | 13th February 2025 16:35,N/A,16:35,Soft (Yielding In Places),2m 4f 69y,Our Boy Rocky (IRE),R Deegan,0,L P Cusack,NR,N/A,7,11-12,-,True,162,6
Clonmel Racing Results | 13th February 2025 16:35,N/A,16:35,Soft (Yielding In Places),2m 4f 69y,He's Home Again (IRE),P Byrnes,0,E Cawley,UR,N/A,7,11-12,-,True,162,6
Clonmel Racing Results | 13th February 2025 16:35,N/A,16:35,Soft (Yielding In Places),2m 4f 69y,Answering (IRE),Mr D Doyle,7,T Doyle,12th,24 l,10,11-12,-,True,162,6
Clonmel Racing Results | 13th February 2025 16:35,N/A,16:35,Soft (Yielding In Places),2m 4f 69y,Notimelikedpresent (IRE),S D Torrens,0,R Tyner,11th,15 l,5,11-8,-,True,162,6
Clonmel Racing Results | 13th February 2025 16:35,N/A,16:35,Soft (Yielding In Places),2m 4f 69y,Ik's Man (FR),J P Shinnick,5,T O'Brien,10th,11 l,9,11-12t,-,True,162,6
Clonmel Racing Results | 13th February 2025 16:35,N/A,16:35,Soft (Yielding In Places),2m 4f 69y,Castle Field Boy (IRE),P T Enright,0,P T Foley,9th,Short Head,9,11-12t,-,True,162,6
Clonmel Racing Results | 13th February 2025 16:35,N/A,16:35,Soft (Yielding In Places),2m 4f 69y,Rockbrook (IRE),D Robinson,0,P J Rothwell,8th,21 l,8,11-12,-,True,162,6
Clonmel Racing Results | 13th February 2025 16:35,N/A,16:35,Soft (Yielding In Places),2m 4f 69y,Lightkeeper (IRE),Sam Ewing,0,G Elliott,7th,2 1/2 l,7,11-12tb1,-,True,162,6
Clonmel Racing Results | 13th February 2025 16:35,N/A,16:35,Soft (Yielding In Places),2m 4f 69y,El Champo (IRE),S W Flanagan,0,P J Rothwell,6th,8 l,7,11-12p,-,True,162,6
Clonmel Racing Results | 13th February 2025 16:35,N/A,16:35,Soft (Yielding In Places),2m 4f 69y,John The Diva (FR),Niall Moore,7,M A Cahill,5th,1/2 l,8,11-12,-,True,162,6
Clonmel Racing Results | 13th February 2025 16:35,N/A,16:35,Soft (Yielding In Places),2m 4f 69y,On Lovers Walk (IRE),T P Harney,7,R O'Sullivan,4th,1 1/2 l,8,11-12t,-,True,162,6
Clonmel Racing Results | 13th February 2025 16:35,N/A,16:35,Soft (Yielding In Places),2m 4f 69y,Banprionsa (IRE),Rachael Blackmore,0,H De Bromhead,3rd,4 l,7,11-5t,-,True,162,6
Clonmel Racing Results | 13th February 2025 16:35,N/A,16:35,Soft (Yielding In Places),2m 4f 69y,Union Station (IRE),K M Donoghue,0,G P Cromwell,2nd,1 1/4 l,6,11-12,-,True,162,6
Clonmel Racing Results | 13th February 2025 16:35,N/A,16:35,Soft (Yielding In Places),2m 4f 69y,My Gaffer (IRE),Mr D McGill,7,J P Ryan,1st,N/A,7,11-12,-,True,162,6
Dundalk Racing Results | 14th February 2025 16:05,N/A,16:05,Standard,5f,Clonmacash,Non Runner,0,A McGuinness,NR,N/A,4,9-7v,63,True,162,7
Dundalk Racing Results | 14th February 2025 16:05,N/A,16:05,Standard,5f,Eric Lock,C D Hayes,0,N Meade,NR,N/A,3,8-7,57,True,162,7
Dundalk Racing Results | 14th February 2025 16:05,N/A,16:05,Standard,5f,Mary Shoelaces (IRE),Alexandra Egan,10,E & P Harty,11th,Head,4,9-13b,69,True,162,7
Dundalk Racing Results | 14th February 2025 16:05,N/A,16:05,Standard,5f,Magic Force (IRE),A Browne-Souza,10,M J Browne,10th,1 1/2 l,4,9-6b1,62,True,162,7
Dundalk Racing Results | 14th February 2025 16:05,N/A,16:05,Standard,5f,Sam's Xpress (IRE),Jessica Maye,7,K P Cotter,9th,1/2 l,5,9-0p,56,True,162,7
Dundalk Racing Results | 14th February 2025 16:05,N/A,16:05,Standard,5f,Babyface (IRE),N M Crosse,0,E Lynam,8th,Short Head,4,8-7,47,True,162,7
Dundalk Racing Results | 14th February 2025 16:05,N/A,16:05,Standard,5f,Tommy McJohn (IRE),G F Carroll,0,G P Cromwell,7th,1 1/4 l,3,9-2,72,True,162,7
Dundalk Racing Results | 14th February 2025 16:05,N/A,16:05,Standard,5f,Beano Power (IRE),Sorcha Woods,7,E Lynam,6th,1/2 l,4,8-12,54,True,162,7
Dundalk Racing Results | 14th February 2025 16:05,N/A,16:05,Standard,5f,Dream Today (IRE),J Kearney,5,Stephen Thorne,5th,1 1/4 l,10,10-1tp,71,True,162,7
Dundalk Racing Results | 14th February 2025 16:05,N/A,16:05,Standard,5f,Crystal Luna (IRE),C T Keane,0,Daniel Murphy,4th,1 1/4 l,4,9-10b,66,True,162,7
Dundalk Racing Results | 14th February 2025 16:05,N/A,16:05,Standard,5f,No Speed Limit (FR),Nicola Burns,7,P J McKenna,3rd,1/2 l,10,8-7v,47,True,162,7
Dundalk Racing Results | 14th February 2025 16:05,N/A,16:05,Standard,5f,My Girl Sioux (IRE),J S Dalton,10,A Slattery,2nd,2 l,5,8-11,53,True,162,7
Dundalk Racing Results | 14th February 2025 16:05,N/A,16:05,Standard,5f,Sporting Hero,D J O'Connor,10,D Hogan,1st,N/A,5,10-5b,75,True,162,7
Dundalk Racing Results | 14th February 2025 16:05,N/A,16:05,Standard,5f,Clonmacash,Non Runner,0,A McGuinness,NR,N/A,4,9-7v,63,True,162,7
Dundalk Racing Results | 14th February 2025 16:05,N/A,16:05,Standard,5f,Eric Lock,C D Hayes,0,N Meade,NR,N/A,3,8-7,57,True,162,7
Dundalk Racing Results | 14th February 2025 16:05,N/A,16:05,Standard,5f,Mary Shoelaces (IRE),Alexandra Egan,10,E & P Harty,11th,Head,4,9-13b,69,True,162,7
Dundalk Racing Results | 14th February 2025 16:05,N/A,16:05,Standard,5f,Magic Force (IRE),A Browne-Souza,10,M J Browne,10th,1 1/2 l,4,9-6b1,62,True,162,7
Dundalk Racing Results | 14th February 2025 16:05,N/A,16:05,Standard,5f,Sam's Xpress (IRE),Jessica Maye,7,K P Cotter,9th,1/2 l,5,9-0p,56,True,162,7
Dundalk Racing Results | 14th February 2025 16:05,N/A,16:05,Standard,5f,Babyface (IRE),N M Crosse,0,E Lynam,8th,Short Head,4,8-7,47,True,162,7
Dundalk Racing Results | 14th February 2025 16:05,N/A,16:05,Standard,5f,Tommy McJohn (IRE),G F Carroll,0,G P Cromwell,7th,1 1/4 l,3,9-2,72,True,162,7
Dundalk Racing Results | 14th February 2025 16:05,N/A,16:05,Standard,5f,Beano Power (IRE),Sorcha Woods,7,E Lynam,6th,1/2 l,4,8-12,54,True,162,7
Dundalk Racing Results | 14th February 2025 16:05,N/A,16:05,Standard,5f,Dream Today (IRE),J Kearney,5,Stephen Thorne,5th,1 1/4 l,10,10-1tp,71,True,162,7
Dundalk Racing Results | 14th February 2025 16:05,N/A,16:05,Standard,5f,Crystal Luna (IRE),C T Keane,0,Daniel Murphy,4th,1 1/4 l,4,9-10b,66,True,162,7
Dundalk Racing Results | 14th February 2025 16:05,N/A,16:05,Standard,5f,No Speed Limit (FR),Nicola Burns,7,P J McKenna,3rd,1/2 l,10,8-7v,47,True,162,7
Dundalk Racing Results | 14th February 2025 16:05,N/A,16:05,Standard,5f,My Girl Sioux (IRE),J S Dalton,10,A Slattery,2nd,2 l,5,8-11,53,True,162,7
Dundalk Racing Results | 14th February 2025 16:05,N/A,16:05,Standard,5f,Sporting Hero,D J O'Connor,10,D Hogan,1st,N/A,5,10-5b,75,True,162,7
Dundalk Racing Results | 14th February 2025 16:35,N/A,16:35,Standard,1m,Shining Aitch,R P Cleary,0,T G McCourt,NR,N/A,8,8-10tv,55,True,162,8
Dundalk Racing Results | 14th February 2025 16:35,N/A,16:35,Standard,1m,Defence Master (IRE),C D Hayes,0,P Stafford,13th,37 l,4,9-2,-,True,162,8
Dundalk Racing Results | 14th February 2025 16:35,N/A,16:35,Standard,1m,Inigo Jones,J A Heffernan,0,H D McGuigan,12th,Neck,7,8-12tp,69,True,162,8
Dundalk Racing Results | 14th February 2025 16:35,N/A,16:35,Standard,1m,Akmaam (FR),Neve Bennett,7,J F Levins,11th,4 3/4 l,7,9-2p,54,True,162,8
Dundalk Racing Results | 14th February 2025 16:35,N/A,16:35,Standard,1m,Turbo Sprint (IRE),N M Crosse,0,J C McConnell,10th,4 1/4 l,5,8-10v,42,True,162,8
Dundalk Racing Results | 14th February 2025 16:35,N/A,16:35,Standard,1m,Tribal Moon (IRE),C T Keane,0,Daniel Murphy,9th,3 1/2 l,4,10-2tp,73,True,162,8
Dundalk Racing Results | 14th February 2025 16:35,N/A,16:35,Standard,1m,Si Senior (IRE),J Pietropaolo,7,P Magee,8th,1 1/4 l,4,9-6,59,True,162,8
Dundalk Racing Results | 14th February 2025 16:35,N/A,16:35,Standard,1m,Eighty Eight (IRE),Nicola Burns,7,J Feane,7th,2 1/2 l,6,10-2,75,True,162,8
Dundalk Racing Results | 14th February 2025 16:35,N/A,16:35,Standard,1m,Man Is King (IRE),W Joyce,5,Thomas Dowling,6th,Head,6,8-10,57,True,162,8
Dundalk Racing Results | 14th February 2025 16:35,N/A,16:35,Standard,1m,Ferrari Desert,K G Kennedy,5,M Fahey,5th,1/2 l,5,9-2t,61,True,162,8
Dundalk Racing Results | 14th February 2025 16:35,N/A,16:35,Standard,1m,Nezeeh (IRE),A J Casey,10,D Hogan,4th,3/4 l,4,8-12p,71,True,162,8
Dundalk Racing Results | 14th February 2025 16:35,N/A,16:35,Standard,1m,Shoot To Kill (IRE),J J G Ryan,3,Stephen Thorne,3rd,1 1/2 l,8,9-2,78,True,162,8
Dundalk Racing Results | 14th February 2025 16:35,N/A,16:35,Standard,1m,Comfort Line (IRE),Adam Caffrey,3,A McGuinness,2nd,1 1/4 l,8,9-2v,70,True,162,8
Dundalk Racing Results | 14th February 2025 16:35,N/A,16:35,Standard,1m,Hightimeyouwon,J Kearney,5,Stephen Thorne,1st,N/A,9,10-0b,94,True,162,8
Dundalk Racing Results | 14th February 2025 16:35,N/A,16:35,Standard,1m,Shining Aitch,R P Cleary,0,T G McCourt,NR,N/A,8,8-10tv,55,True,162,8
Dundalk Racing Results | 14th February 2025 16:35,N/A,16:35,Standard,1m,Defence Master (IRE),C D Hayes,0,P Stafford,13th,37 l,4,9-2,-,True,162,8
Dundalk Racing Results | 14th February 2025 16:35,N/A,16:35,Standard,1m,Inigo Jones,J A Heffernan,0,H D McGuigan,12th,Neck,7,8-12tp,69,True,162,8
Dundalk Racing Results | 14th February 2025 16:35,N/A,16:35,Standard,1m,Akmaam (FR),Neve Bennett,7,J F Levins,11th,4 3/4 l,7,9-2p,54,True,162,8
Dundalk Racing Results | 14th February 2025 16:35,N/A,16:35,Standard,1m,Turbo Sprint (IRE),N M Crosse,0,J C McConnell,10th,4 1/4 l,5,8-10v,42,True,162,8
Dundalk Racing Results | 14th February 2025 16:35,N/A,16:35,Standard,1m,Tribal Moon (IRE),C T Keane,0,Daniel Murphy,9th,3 1/2 l,4,10-2tp,73,True,162,8
Dundalk Racing Results | 14th February 2025 16:35,N/A,16:35,Standard,1m,Si Senior (IRE),J Pietropaolo,7,P Magee,8th,1 1/4 l,4,9-6,59,True,162,8
Dundalk Racing Results | 14th February 2025 16:35,N/A,16:35,Standard,1m,Eighty Eight (IRE),Nicola Burns,7,J Feane,7th,2 1/2 l,6,10-2,75,True,162,8
Dundalk Racing Results | 14th February 2025 16:35,N/A,16:35,Standard,1m,Man Is King (IRE),W Joyce,5,Thomas Dowling,6th,Head,6,8-10,57,True,162,8
Dundalk Racing Results | 14th February 2025 16:35,N/A,16:35,Standard,1m,Ferrari Desert,K G Kennedy,5,M Fahey,5th,1/2 l,5,9-2t,61,True,162,8
Dundalk Racing Results | 14th February 2025 16:35,N/A,16:35,Standard,1m,Nezeeh (IRE),A J Casey,10,D Hogan,4th,3/4 l,4,8-12p,71,True,162,8
Dundalk Racing Results | 14th February 2025 16:35,N/A,16:35,Standard,1m,Shoot To Kill (IRE),J J G Ryan,3,Stephen Thorne,3rd,1 1/2 l,8,9-2,78,True,162,8
Dundalk Racing Results | 14th February 2025 16:35,N/A,16:35,Standard,1m,Comfort Line (IRE),Adam Caffrey,3,A McGuinness,2nd,1 1/4 l,8,9-2v,70,True,162,8
Dundalk Racing Results | 14th February 2025 16:35,N/A,16:35,Standard,1m,Hightimeyouwon,J Kearney,5,Stephen Thorne,1st,N/A,9,10-0b,94,True,162,8
Dundalk Racing Results | 14th February 2025 17:10,N/A,17:10,Standard,1m,Tall River (IRE),R P Cleary,0,J C McConnell,11th,3/4 l,3,9-8t,-,True,162,9
Dundalk Racing Results | 14th February 2025 17:10,N/A,17:10,Standard,1m,Innkeeper (IRE),Amy Jo Hayes,7,A Slattery,10th,1 1/4 l,3,9-3,-,True,162,9
Dundalk Racing Results | 14th February 2025 17:10,N/A,17:10,Standard,1m,Highland Harvey (IRE),N G McCullagh,0,A J Martin,9th,7 l,3,9-8,-,True,162,9
Dundalk Racing Results | 14th February 2025 17:10,N/A,17:10,Standard,1m,Letters Of Love (IRE),G F Carroll,0,J P O'Brien,8th,1 1/2 l,3,9-3,-,True,162,9
Dundalk Racing Results | 14th February 2025 17:10,N/A,17:10,Standard,1m,Galaxy Wonder (IRE),C T Keane,0,A McNamara,7th,1/2 l,3,9-8,-,True,162,9
Dundalk Racing Results | 14th February 2025 17:10,N/A,17:10,Standard,1m,Rising Sky (IRE),L T McAteer,0,A McCann,6th,Head,3,9-3,-,True,162,9
Dundalk Racing Results | 14th February 2025 17:10,N/A,17:10,Standard,1m,Sweet Bay (IRE),M P Sheehy,0,J P O'Brien,5th,3 1/4 l,3,9-3t1,-,True,162,9
Dundalk Racing Results | 14th February 2025 17:10,N/A,17:10,Standard,1m,Angelo Pio (IRE),N M Crosse,0,J P O'Brien,4th,3 1/2 l,3,9-8t,-,True,162,9
Dundalk Racing Results | 14th February 2025 17:10,N/A,17:10,Standard,1m,Jagged Edge (IRE),C D Hayes,0,D K Weld,3rd,Neck,3,9-8,-,True,162,9
Dundalk Racing Results | 14th February 2025 17:10,N/A,17:10,Standard,1m,Waterford Flow (IRE),D P McDonogh,0,J P O'Brien,2nd,3/4 l,3,9-8,-,True,162,9
Dundalk Racing Results | 14th February 2025 17:10,N/A,17:10,Standard,1m,Tiberius Thunder (IRE),W M Lordan,0,A Murray,1st,N/A,3,9-8,-,True,162,9
Dundalk Racing Results | 14th February 2025 17:10,N/A,17:10,Standard,1m,Tall River (IRE),R P Cleary,0,J C McConnell,11th,3/4 l,3,9-8t,-,True,162,9
Dundalk Racing Results | 14th February 2025 17:10,N/A,17:10,Standard,1m,Innkeeper (IRE),Amy Jo Hayes,7,A Slattery,10th,1 1/4 l,3,9-3,-,True,162,9
Dundalk Racing Results | 14th February 2025 17:10,N/A,17:10,Standard,1m,Highland Harvey (IRE),N G McCullagh,0,A J Martin,9th,7 l,3,9-8,-,True,162,9
Dundalk Racing Results | 14th February 2025 17:10,N/A,17:10,Standard,1m,Letters Of Love (IRE),G F Carroll,0,J P O'Brien,8th,1 1/2 l,3,9-3,-,True,162,9
Dundalk Racing Results | 14th February 2025 17:10,N/A,17:10,Standard,1m,Galaxy Wonder (IRE),C T Keane,0,A McNamara,7th,1/2 l,3,9-8,-,True,162,9
Dundalk Racing Results | 14th February 2025 17:10,N/A,17:10,Standard,1m,Rising Sky (IRE),L T McAteer,0,A McCann,6th,Head,3,9-3,-,True,162,9
Dundalk Racing Results | 14th February 2025 17:10,N/A,17:10,Standard,1m,Sweet Bay (IRE),M P Sheehy,0,J P O'Brien,5th,3 1/4 l,3,9-3t1,-,True,162,9
Dundalk Racing Results | 14th February 2025 17:10,N/A,17:10,Standard,1m,Angelo Pio (IRE),N M Crosse,0,J P O'Brien,4th,3 1/2 l,3,9-8t,-,True,162,9
Dundalk Racing Results | 14th February 2025 17:10,N/A,17:10,Standard,1m,Jagged Edge (IRE),C D Hayes,0,D K Weld,3rd,Neck,3,9-8,-,True,162,9
Dundalk Racing Results | 14th February 2025 17:10,N/A,17:10,Standard,1m,Waterford Flow (IRE),D P McDonogh,0,J P O'Brien,2nd,3/4 l,3,9-8,-,True,162,9
Dundalk Racing Results | 14th February 2025 17:10,N/A,17:10,Standard,1m,Tiberius Thunder (IRE),W M Lordan,0,A Murray,1st,N/A,3,9-8,-,True,162,9
Dundalk Racing Results | 14th February 2025 17:45,N/A,17:45,Standard,7f,Master Garvey (IRE),J M Sheridan,0,Joseph Murray,13th,6 l,5,9-0,48,True,162,10
Dundalk Racing Results | 14th February 2025 17:45,N/A,17:45,Standard,7f,Holly Woods Dancer (IRE),Neve Bennett,7,J F Levins,12th,3 1/2 l,4,9-0,48,True,162,10
Dundalk Racing Results | 14th February 2025 17:45,N/A,17:45,Standard,7f,Seas And Oceans (IRE),L F Roche,0,Eoghan O'Neill,11th,3/4 l,4,9-3b,51,True,162,10
Dundalk Racing Results | 14th February 2025 17:45,N/A,17:45,Standard,7f,The Cola Brasil,S Coen,7,M J Browne,10th,7 l,9,9-11p,59,True,162,10
Dundalk Racing Results | 14th February 2025 17:45,N/A,17:45,Standard,7f,Is That Love (IRE),D E Sheehy,0,P Sweeney,9th,1 1/4 l,8,10-0p1,62,True,162,10
Dundalk Racing Results | 14th February 2025 17:45,N/A,17:45,Standard,7f,Villemacho (IRE),N M Crosse,0,J Feane,8th,Head,5,9-3tp,51,True,162,10
Dundalk Racing Results | 14th February 2025 17:45,N/A,17:45,Standard,7f,Circles (IRE),K J Leonard,0,A McCann,7th,Short Head,6,9-10tb,58,True,162,10
Dundalk Racing Results | 14th February 2025 17:45,N/A,17:45,Standard,7f,Profit Surge (IRE),Jessica Maye,7,J Geoghegan,6th,1 l,4,9-7,55,True,162,10
Dundalk Racing Results | 14th February 2025 17:45,N/A,17:45,Standard,7f,Knockmore Prince (IRE),M P Sheehy,0,J C McConnell,5th,1/2 l,5,8-13p,47,True,162,10
Dundalk Racing Results | 14th February 2025 17:45,N/A,17:45,Standard,7f,Senado Square,A Browne-Souza,10,A Slattery,14th,3/4 l,5,10-1,63,True,162,10
Dundalk Racing Results | 14th February 2025 17:45,N/A,17:45,Standard,7f,Jackandthefox (IRE),R P Cleary,0,Miss Jennifer Anne Lynch,4th,1 1/4 l,6,8-13,47,True,162,10
Dundalk Racing Results | 14th February 2025 17:45,N/A,17:45,Standard,7f,Pink Oxalis (IRE),J Kearney,5,Stephen Thorne,3rd,3/4 l,4,9-13b1,61,True,162,10
Dundalk Racing Results | 14th February 2025 17:45,N/A,17:45,Standard,7f,Mullacash Buzz (IRE),J Cleary,5,Thomas Dowling,2nd,1/2 l,7,9-8t,56,True,162,10
Dundalk Racing Results | 14th February 2025 17:45,N/A,17:45,Standard,7f,Notforalongtime,R C Colgan,0,Laura Hourigan,1st,N/A,8,9-4b1,52,True,162,10
Dundalk Racing Results | 14th February 2025 17:45,N/A,17:45,Standard,7f,Master Garvey (IRE),J M Sheridan,0,Joseph Murray,13th,6 l,5,9-0,48,True,162,10
Dundalk Racing Results | 14th February 2025 17:45,N/A,17:45,Standard,7f,Holly Woods Dancer (IRE),Neve Bennett,7,J F Levins,12th,3 1/2 l,4,9-0,48,True,162,10
Dundalk Racing Results | 14th February 2025 17:45,N/A,17:45,Standard,7f,Seas And Oceans (IRE),L F Roche,0,Eoghan O'Neill,11th,3/4 l,4,9-3b,51,True,162,10
Dundalk Racing Results | 14th February 2025 17:45,N/A,17:45,Standard,7f,The Cola Brasil,S Coen,7,M J Browne,10th,7 l,9,9-11p,59,True,162,10
Dundalk Racing Results | 14th February 2025 17:45,N/A,17:45,Standard,7f,Is That Love (IRE),D E Sheehy,0,P Sweeney,9th,1 1/4 l,8,10-0p1,62,True,162,10
Dundalk Racing Results | 14th February 2025 17:45,N/A,17:45,Standard,7f,Villemacho (IRE),N M Crosse,0,J Feane,8th,Head,5,9-3tp,51,True,162,10
Dundalk Racing Results | 14th February 2025 17:45,N/A,17:45,Standard,7f,Circles (IRE),K J Leonard,0,A McCann,7th,Short Head,6,9-10tb,58,True,162,10
Dundalk Racing Results | 14th February 2025 17:45,N/A,17:45,Standard,7f,Profit Surge (IRE),Jessica Maye,7,J Geoghegan,6th,1 l,4,9-7,55,True,162,10
Dundalk Racing Results | 14th February 2025 17:45,N/A,17:45,Standard,7f,Knockmore Prince (IRE),M P Sheehy,0,J C McConnell,5th,1/2 l,5,8-13p,47,True,162,10
Dundalk Racing Results | 14th February 2025 17:45,N/A,17:45,Standard,7f,Senado Square,A Browne-Souza,10,A Slattery,14th,3/4 l,5,10-1,63,True,162,10
Dundalk Racing Results | 14th February 2025 17:45,N/A,17:45,Standard,7f,Jackandthefox (IRE),R P Cleary,0,Miss Jennifer Anne Lynch,4th,1 1/4 l,6,8-13,47,True,162,10
Dundalk Racing Results | 14th February 2025 17:45,N/A,17:45,Standard,7f,Pink Oxalis (IRE),J Kearney,5,Stephen Thorne,3rd,3/4 l,4,9-13b1,61,True,162,10
Dundalk Racing Results | 14th February 2025 17:45,N/A,17:45,Standard,7f,Mullacash Buzz (IRE),J Cleary,5,Thomas Dowling,2nd,1/2 l,7,9-8t,56,True,162,10
Dundalk Racing Results | 14th February 2025 17:45,N/A,17:45,Standard,7f,Notforalongtime,R C Colgan,0,Laura Hourigan,1st,N/A,8,9-4b1,52,True,162,10
Dundalk Racing Results | 14th February 2025 18:15,N/A,18:15,Standard,6f,Moonhall Lass (IRE),W M Lordan,0,Alan McIntyre,5th,1/2 l,3,9-7,71,True,162,11
Dundalk Racing Results | 14th February 2025 18:15,N/A,18:15,Standard,6f,Hugo's Girl (IRE),R C Colgan,0,Thomas Dowling,4th,1 1/2 l,3,9-4,68,True,162,11
Dundalk Racing Results | 14th February 2025 18:15,N/A,18:15,Standard,6f,Brigadier Kakuru (IRE),C T Keane,0,Daniel Murphy,3rd,1/2 l,3,10-2,80,True,162,11
Dundalk Racing Results | 14th February 2025 18:15,N/A,18:15,Standard,6f,Lyle The Crocodile (IRE),D P McDonogh,0,Joseph Murray,2nd,Neck,3,9-11,75,True,162,11
Dundalk Racing Results | 14th February 2025 18:15,N/A,18:15,Standard,6f,Ohmyviette (FR),S Coen,7,W P Browne,1st,N/A,3,10-1,79,True,162,11
Dundalk Racing Results | 14th February 2025 18:15,N/A,18:15,Standard,6f,Moonhall Lass (IRE),W M Lordan,0,Alan McIntyre,5th,1/2 l,3,9-7,71,True,162,11
Dundalk Racing Results | 14th February 2025 18:15,N/A,18:15,Standard,6f,Hugo's Girl (IRE),R C Colgan,0,Thomas Dowling,4th,1 1/2 l,3,9-4,68,True,162,11
Dundalk Racing Results | 14th February 2025 18:15,N/A,18:15,Standard,6f,Brigadier Kakuru (IRE),C T Keane,0,Daniel Murphy,3rd,1/2 l,3,10-2,80,True,162,11
Dundalk Racing Results | 14th February 2025 18:15,N/A,18:15,Standard,6f,Lyle The Crocodile (IRE),D P McDonogh,0,Joseph Murray,2nd,Neck,3,9-11,75,True,162,11
Dundalk Racing Results | 14th February 2025 18:15,N/A,18:15,Standard,6f,Ohmyviette (FR),S Coen,7,W P Browne,1st,N/A,3,10-1,79,True,162,11
Dundalk Racing Results | 14th February 2025 18:45,N/A,18:45,Standard,1m 4f,Unique Frequency (IRE),J A Heffernan,0,A Sexton,PU,N/A,5,9-6,-,True,162,12
Dundalk Racing Results | 14th February 2025 18:45,N/A,18:45,Standard,1m 4f,Mrs Wemyss (IRE),N M Crosse,0,E Sheehy,8th,37 l,7,9-6,-,True,162,12
Dundalk Racing Results | 14th February 2025 18:45,N/A,18:45,Standard,1m 4f,Jessie's Dreamgirl (IRE),G F Carroll,0,J C McConnell,7th,3/4 l,6,9-6h,-,True,162,12
Dundalk Racing Results | 14th February 2025 18:45,N/A,18:45,Standard,1m 4f,Smooth Gale (IRE),J J G Ryan,3,T G McCourt,6th,Neck,5,9-11,-,True,162,12
Dundalk Racing Results | 14th February 2025 18:45,N/A,18:45,Standard,1m 4f,Accompanist (IRE),J M Sheridan,0,A Kinirons,5th,9 l,4,9-4h,-,True,162,12
Dundalk Racing Results | 14th February 2025 18:45,N/A,18:45,Standard,1m 4f,Disco Boy (IRE),C T Keane,0,S Byrne,4th,1 1/4 l,6,9-11,-,True,162,12
Dundalk Racing Results | 14th February 2025 18:45,N/A,18:45,Standard,1m 4f,Toto Too (IRE),L T McAteer,0,J M Barrett,3rd,1/2 l,8,9-11,-,True,162,12
Dundalk Racing Results | 14th February 2025 18:45,N/A,18:45,Standard,1m 4f,Friary Road (IRE),C D Hayes,0,T M Walsh,2nd,4 1/2 l,5,9-11,-,True,162,12
Dundalk Racing Results | 14th February 2025 18:45,N/A,18:45,Standard,1m 4f,Aird,W J Lee,0,H De Bromhead,1st,N/A,5,9-6t,72,True,162,12
Dundalk Racing Results | 14th February 2025 18:45,N/A,18:45,Standard,1m 4f,Unique Frequency (IRE),J A Heffernan,0,A Sexton,PU,N/A,5,9-6,-,True,162,12
Dundalk Racing Results | 14th February 2025 18:45,N/A,18:45,Standard,1m 4f,Mrs Wemyss (IRE),N M Crosse,0,E Sheehy,8th,37 l,7,9-6,-,True,162,12
Dundalk Racing Results | 14th February 2025 18:45,N/A,18:45,Standard,1m 4f,Jessie's Dreamgirl (IRE),G F Carroll,0,J C McConnell,7th,3/4 l,6,9-6h,-,True,162,12
Dundalk Racing Results | 14th February 2025 18:45,N/A,18:45,Standard,1m 4f,Smooth Gale (IRE),J J G Ryan,3,T G McCourt,6th,Neck,5,9-11,-,True,162,12
Dundalk Racing Results | 14th February 2025 18:45,N/A,18:45,Standard,1m 4f,Accompanist (IRE),J M Sheridan,0,A Kinirons,5th,9 l,4,9-4h,-,True,162,12
Dundalk Racing Results | 14th February 2025 18:45,N/A,18:45,Standard,1m 4f,Disco Boy (IRE),C T Keane,0,S Byrne,4th,1 1/4 l,6,9-11,-,True,162,12
Dundalk Racing Results | 14th February 2025 18:45,N/A,18:45,Standard,1m 4f,Toto Too (IRE),L T McAteer,0,J M Barrett,3rd,1/2 l,8,9-11,-,True,162,12
Dundalk Racing Results | 14th February 2025 18:45,N/A,18:45,Standard,1m 4f,Friary Road (IRE),C D Hayes,0,T M Walsh,2nd,4 1/2 l,5,9-11,-,True,162,12
Dundalk Racing Results | 14th February 2025 18:45,N/A,18:45,Standard,1m 4f,Aird,W J Lee,0,H De Bromhead,1st,N/A,5,9-6t,72,True,162,12
Dundalk Racing Results | 14th February 2025 19:15,N/A,19:15,Standard,1m 2f 150y,Goldsmith (IRE),J A Heffernan,0,H D McGuigan,14th,2 1/2 l,6,10-1h,68,True,162,13
Dundalk Racing Results | 14th February 2025 19:15,N/A,19:15,Standard,1m 2f 150y,Sarmiento Power (IRE),R C Colgan,0,M J Smith,13th,3 1/2 l,4,9-9,62,True,162,13
Dundalk Racing Results | 14th February 2025 19:15,N/A,19:15,Standard,1m 2f 150y,Serengeti Sunrise (IRE),Adam Caffrey,3,R K Watson,12th,2 1/2 l,4,9-5v1,58,True,162,13
Dundalk Racing Results | 14th February 2025 19:15,N/A,19:15,Standard,1m 2f 150y,Limestone Red (IRE),G M Ryan,0,T Collins,11th,2 l,5,9-13p,66,True,162,13
Dundalk Racing Results | 14th February 2025 19:15,N/A,19:15,Standard,1m 2f 150y,Adare Beauty (IRE),W Joyce,5,Thomas Dowling,10th,Short Head,5,8-8tv,47,True,162,13
Dundalk Racing Results | 14th February 2025 19:15,N/A,19:15,Standard,1m 2f 150y,Ice Opera (IRE),Nicola Burns,7,S Lavery,9th,1/2 l,4,10-0,67,True,162,13
Dundalk Racing Results | 14th February 2025 19:15,N/A,19:15,Standard,1m 2f 150y,Fine Print (IRE),C D Hayes,0,J C McConnell,8th,1 3/4 l,4,8-9tp,48,True,162,13
Dundalk Racing Results | 14th February 2025 19:15,N/A,19:15,Standard,1m 2f 150y,Highland King (IRE),K G Kennedy,5,J C McConnell,7th,1 l,6,9-6p,59,True,162,13
Dundalk Racing Results | 14th February 2025 19:15,N/A,19:15,Standard,1m 2f 150y,Vierson (IRE),J M Sheridan,0,Ciaran Murphy,6th,Short Head,4,10-2,69,True,162,13
Dundalk Racing Results | 14th February 2025 19:15,N/A,19:15,Standard,1m 2f 150y,Pillar Of Hope,P McGettigan,7,P Sweeney,5th,Neck,7,9-6,59,True,162,13
Dundalk Racing Results | 14th February 2025 19:15,N/A,19:15,Standard,1m 2f 150y,Seti (IRE),C T Keane,0,N Meade,4th,3/4 l,4,9-13,66,True,162,13
Dundalk Racing Results | 14th February 2025 19:15,N/A,19:15,Standard,1m 2f 150y,Rockbury Lad,L F Roche,0,M O'Callaghan,3rd,2 1/4 l,6,9-13p,66,True,162,13
Dundalk Racing Results | 14th February 2025 19:15,N/A,19:15,Standard,1m 2f 150y,Trishuli River (IRE),J J G Ryan,3,S Crawley,2nd,3/4 l,5,10-2t,69,True,162,13
Dundalk Racing Results | 14th February 2025 19:15,N/A,19:15,Standard,1m 2f 150y,Signor Ferrari (IRE),L T McAteer,0,P J F Murphy,1st,N/A,4,9-12,65,True,162,13
Dundalk Racing Results | 14th February 2025 19:15,N/A,19:15,Standard,1m 2f 150y,Goldsmith (IRE),J A Heffernan,0,H D McGuigan,14th,2 1/2 l,6,10-1h,68,True,162,13
Dundalk Racing Results | 14th February 2025 19:15,N/A,19:15,Standard,1m 2f 150y,Sarmiento Power (IRE),R C Colgan,0,M J Smith,13th,3 1/2 l,4,9-9,62,True,162,13
Dundalk Racing Results | 14th February 2025 19:15,N/A,19:15,Standard,1m 2f 150y,Serengeti Sunrise (IRE),Adam Caffrey,3,R K Watson,12th,2 1/2 l,4,9-5v1,58,True,162,13
Dundalk Racing Results | 14th February 2025 19:15,N/A,19:15,Standard,1m 2f 150y,Limestone Red (IRE),G M Ryan,0,T Collins,11th,2 l,5,9-13p,66,True,162,13
Dundalk Racing Results | 14th February 2025 19:15,N/A,19:15,Standard,1m 2f 150y,Adare Beauty (IRE),W Joyce,5,Thomas Dowling,10th,Short Head,5,8-8tv,47,True,162,13
Dundalk Racing Results | 14th February 2025 19:15,N/A,19:15,Standard,1m 2f 150y,Ice Opera (IRE),Nicola Burns,7,S Lavery,9th,1/2 l,4,10-0,67,True,162,13
Dundalk Racing Results | 14th February 2025 19:15,N/A,19:15,Standard,1m 2f 150y,Fine Print (IRE),C D Hayes,0,J C McConnell,8th,1 3/4 l,4,8-9tp,48,True,162,13
Dundalk Racing Results | 14th February 2025 19:15,N/A,19:15,Standard,1m 2f 150y,Highland King (IRE),K G Kennedy,5,J C McConnell,7th,1 l,6,9-6p,59,True,162,13
Dundalk Racing Results | 14th February 2025 19:15,N/A,19:15,Standard,1m 2f 150y,Vierson (IRE),J M Sheridan,0,Ciaran Murphy,6th,Short Head,4,10-2,69,True,162,13
Dundalk Racing Results | 14th February 2025 19:15,N/A,19:15,Standard,1m 2f 150y,Pillar Of Hope,P McGettigan,7,P Sweeney,5th,Neck,7,9-6,59,True,162,13
Dundalk Racing Results | 14th February 2025 19:15,N/A,19:15,Standard,1m 2f 150y,Seti (IRE),C T Keane,0,N Meade,4th,3/4 l,4,9-13,66,True,162,13
Dundalk Racing Results | 14th February 2025 19:15,N/A,19:15,Standard,1m 2f 150y,Rockbury Lad,L F Roche,0,M O'Callaghan,3rd,2 1/4 l,6,9-13p,66,True,162,13
Dundalk Racing Results | 14th February 2025 19:15,N/A,19:15,Standard,1m 2f 150y,Trishuli River (IRE),J J G Ryan,3,S Crawley,2nd,3/4 l,5,10-2t,69,True,162,13
Dundalk Racing Results | 14th February 2025 19:15,N/A,19:15,Standard,1m 2f 150y,Signor Ferrari (IRE),L T McAteer,0,P J F Murphy,1st,N/A,4,9-12,65,True,162,13
N/A,N/A,13:20,Soft,2m,Hudson (FR),Rachael Blackmore,0,Miss Ellmarie Holden,NR,N/A,4,11-7t1,-,True,162,14
N/A,N/A,13:20,Soft,2m,Pink Aurora (IRE),S Cleary-Farrell,7,T Cleary,PU,N/A,4,11-0,-,True,162,14
N/A,N/A,13:20,Soft,2m,Lucky This Time (IRE),D Robinson,0,P J Rothwell,PU,N/A,4,11-7,-,True,162,14
N/A,N/A,13:20,Soft,2m,Hobart (IRE),G Brouder,3,J Nash,F,N/A,4,11-7,-,True,162,14
N/A,N/A,13:20,Soft,2m,J'envoievalserenki (FR),J P O'Sullivan,0,P Nolan,13th,17 l,4,11-7,-,True,162,14
N/A,N/A,13:20,Soft,2m,T Or Coffey (IRE),A Harvey,5,Paul Mulligan,12th,62 l,4,11-7t,-,True,162,14
N/A,N/A,13:20,Soft,2m,Ameilya,S D Greene,7,J M Barrett,11th,48 l,4,11-0,-,True,162,14
N/A,N/A,13:20,Soft,2m,Out Moll's Gap (IRE),P T Enright,0,Brendan Walsh,10th,1 1/4 l,4,11-7,-,True,162,14
N/A,N/A,13:20,Soft,2m,Lagoon Nebula,S F O'Keeffe,0,A Kinirons,9th,1 1/4 l,4,11-0,-,True,162,14
N/A,N/A,13:20,Soft,2m,Nobody (IRE),R Deegan,0,Brendan Walsh,8th,24 l,4,11-7h,-,True,162,14
N/A,N/A,13:20,Soft,2m,Autumn Twist (IRE),D E Mullins,0,D Hogan,7th,4 1/4 l,4,11-7,-,True,162,14
N/A,N/A,13:20,Soft,2m,Stiltellinemnuttin (IRE),D J Gilligan,0,M Mulvany,6th,13 l,4,11-0,-,True,162,14
N/A,N/A,13:20,Soft,2m,Powerful (IRE),S D Torrens,0,Mrs J Harrington,5th,4 1/4 l,4,11-7,-,True,162,14
N/A,N/A,13:20,Soft,2m,Radar Ahead,D J O'Keeffe,0,T G McCourt,4th,3/4 l,4,11-0h1,-,True,162,14
N/A,N/A,13:20,Soft,2m,San Hilario (FR),J Coen,3,G Elliott,3rd,13 l,4,11-7,-,True,162,14
N/A,N/A,13:20,Soft,2m,Kool One (SPA),Mr I Ryan,7,Conor Maxwell,2nd,3 l,4,11-7,-,True,162,14
N/A,N/A,13:20,Soft,2m,Blue Lemons (IRE),P Townend,0,W P Mullins,1st,N/A,4,11-7,-,True,162,14
N/A,N/A,13:20,Soft,2m,Hudson (FR),Rachael Blackmore,0,Miss Ellmarie Holden,NR,N/A,4,11-7t1,-,True,162,14
N/A,N/A,13:20,Soft,2m,Pink Aurora (IRE),S Cleary-Farrell,7,T Cleary,PU,N/A,4,11-0,-,True,162,14
N/A,N/A,13:20,Soft,2m,Lucky This Time (IRE),D Robinson,0,P J Rothwell,PU,N/A,4,11-7,-,True,162,14
N/A,N/A,13:20,Soft,2m,Hobart (IRE),G Brouder,3,J Nash,F,N/A,4,11-7,-,True,162,14
N/A,N/A,13:20,Soft,2m,J'envoievalserenki (FR),J P O'Sullivan,0,P Nolan,13th,17 l,4,11-7,-,True,162,14
N/A,N/A,13:20,Soft,2m,T Or Coffey (IRE),A Harvey,5,Paul Mulligan,12th,62 l,4,11-7t,-,True,162,14
N/A,N/A,13:20,Soft,2m,Ameilya,S D Greene,7,J M Barrett,11th,48 l,4,11-0,-,True,162,14
N/A,N/A,13:20,Soft,2m,Out Moll's Gap (IRE),P T Enright,0,Brendan Walsh,10th,1 1/4 l,4,11-7,-,True,162,14
N/A,N/A,13:20,Soft,2m,Lagoon Nebula,S F O'Keeffe,0,A Kinirons,9th,1 1/4 l,4,11-0,-,True,162,14
N/A,N/A,13:20,Soft,2m,Nobody (IRE),R Deegan,0,Brendan Walsh,8th,24 l,4,11-7h,-,True,162,14
N/A,N/A,13:20,Soft,2m,Autumn Twist (IRE),D E Mullins,0,D Hogan,7th,4 1/4 l,4,11-7,-,True,162,14
N/A,N/A,13:20,Soft,2m,Stiltellinemnuttin (IRE),D J Gilligan,0,M Mulvany,6th,13 l,4,11-0,-,True,162,14
N/A,N/A,13:20,Soft,2m,Powerful (IRE),S D Torrens,0,Mrs J Harrington,5th,4 1/4 l,4,11-7,-,True,162,14
N/A,N/A,13:20,Soft,2m,Radar Ahead,D J O'Keeffe,0,T G McCourt,4th,3/4 l,4,11-0h1,-,True,162,14
N/A,N/A,13:20,Soft,2m,San Hilario (FR),J Coen,3,G Elliott,3rd,13 l,4,11-7,-,True,162,14
N/A,N/A,13:20,Soft,2m,Kool One (SPA),Mr I Ryan,7,Conor Maxwell,2nd,3 l,4,11-7,-,True,162,14
N/A,N/A,13:20,Soft,2m,Blue Lemons (IRE),P Townend,0,W P Mullins,1st,N/A,4,11-7,-,True,162,14
N/A,N/A,13:55,Soft,2m,Effernock Fizz (IRE),E Walsh,0,C Collins,6th,24 l,10,10-8tp,-,True,162,15
N/A,N/A,13:55,Soft,2m,Queenie St Clair (IRE),K C Sexton,0,E Sheehy,5th,11 l,5,10-8,-,True,162,15
N/A,N/A,13:55,Soft,2m,Beacon Edge (IRE),D J Gilligan,0,G Elliott,4th,4 3/4 l,11,11-10b,-,True,162,15
N/A,N/A,13:55,Soft,2m,Sir Gerhard (IRE),D E Mullins,0,W P Mullins,3rd,6 1/2 l,10,11-5,-,True,162,15
N/A,N/A,13:55,Soft,2m,Break My Soul (IRE),D Meyler,0,Ian Donoghue,2nd,2 3/4 l,6,10-12ht1,-,True,162,15
N/A,N/A,13:55,Soft,2m,Kitzbuhel (FR),P Townend,0,W P Mullins,1st,N/A,5,11-5,-,True,162,15
N/A,N/A,13:55,Soft,2m,Effernock Fizz (IRE),E Walsh,0,C Collins,6th,24 l,10,10-8tp,-,True,162,15
N/A,N/A,13:55,Soft,2m,Queenie St Clair (IRE),K C Sexton,0,E Sheehy,5th,11 l,5,10-8,-,True,162,15
N/A,N/A,13:55,Soft,2m,Beacon Edge (IRE),D J Gilligan,0,G Elliott,4th,4 3/4 l,11,11-10b,-,True,162,15
N/A,N/A,13:55,Soft,2m,Sir Gerhard (IRE),D E Mullins,0,W P Mullins,3rd,6 1/2 l,10,11-5,-,True,162,15
N/A,N/A,13:55,Soft,2m,Break My Soul (IRE),D Meyler,0,Ian Donoghue,2nd,2 3/4 l,6,10-12ht1,-,True,162,15
N/A,N/A,13:55,Soft,2m,Kitzbuhel (FR),P Townend,0,W P Mullins,1st,N/A,5,11-5,-,True,162,15
N/A,N/A,14:30,Soft,2m 3f 180y,Rock On Seamie (IRE),R Deegan,0,R Hackett,F,N/A,10,11-6,114,True,162,16
N/A,N/A,14:30,Soft,2m 3f 180y,Digby (IRE),P J O'Hanlon,0,D A McLoughlin,19th,26 l,10,11-13t1,121,True,162,16
N/A,N/A,14:30,Soft,2m 3f 180y,Kingdom Calling (FR),S Fitzgerald,0,E McCarthy,18th,15 l,5,10-13ht1,107,True,162,16
N/A,N/A,14:30,Soft,2m 3f 180y,Therellbguddaysyet (IRE),D J O'Keeffe,0,M J O'Connor,17th,22 l,9,11-1,109,True,162,16
N/A,N/A,14:30,Soft,2m 3f 180y,One Big Boum (IRE),B Hayes,0,P Fenton,16th,1/2 l,6,11-7,115,True,162,16
N/A,N/A,14:30,Soft,2m 3f 180y,Crescent Moon (FR),C Stone-Walsh,5,G P Cromwell,15th,2 1/4 l,5,10-12,106,True,162,16
N/A,N/A,14:30,Soft,2m 3f 180y,Find A Fortune (IRE),D J Gilligan,0,G Elliott,14th,17 l,8,11-12,120,True,162,16
N/A,N/A,14:30,Soft,2m 3f 180y,Little Mixup (IRE),P K Donovan,5,D Hogan,13th,2 l,8,11-10,118,True,162,16
N/A,N/A,14:30,Soft,2m 3f 180y,Routine Excellence (IRE),K M Donoghue,0,G P Cromwell,12th,2 3/4 l,9,11-10t,118,True,162,16
N/A,N/A,14:30,Soft,2m 3f 180y,Pirate Island (IRE),C P McNamara,0,P Fenton,11th,3 1/4 l,7,10-13,107,True,162,16
N/A,N/A,14:30,Soft,2m 3f 180y,Chosen Thyme (IRE),Niall Moore,7,P Fenton,10th,1 1/2 l,8,11-8,116,True,162,16
N/A,N/A,14:30,Soft,2m 3f 180y,Paradise Lost (IRE),S D Torrens,0,C O'Brien,9th,3 3/4 l,6,11-4,112,True,162,16
N/A,N/A,14:30,Soft,2m 3f 180y,Ishan (FR),P T Enright,0,S Curling,8th,2 l,7,10-13t1,107,True,162,16
N/A,N/A,14:30,Soft,2m 3f 180y,Iamagetaway (IRE),K C Sexton,0,A A Howard,7th,7 l,6,11-4t,112,True,162,16
N/A,N/A,14:30,Soft,2m 3f 180y,Housemartin (IRE),M M McDonagh,0,E J O'Grady,6th,4 l,8,11-3t,111,True,162,16
N/A,N/A,14:30,Soft,2m 3f 180y,Krabat (IRE),C M Quirke,5,M J McDonagh,5th,Nose,10,11-3,111,True,162,16
N/A,N/A,14:30,Soft,2m 3f 180y,Slanagaibhgoleir (IRE),F Brickley,7,G Elliott,4th,Head,7,11-13,121,True,162,16
N/A,N/A,14:30,Soft,2m 3f 180y,Camino Rock,G Brouder,3,M F Morris,3rd,6 l,8,11-5tp,113,True,162,16
N/A,N/A,14:30,Soft,2m 3f 180y,Killaney King (IRE),Rachael Blackmore,0,H De Bromhead,2nd,Head,7,11-9h1,117,True,162,16
N/A,N/A,14:30,Soft,2m 3f 180y,Bridie's Beau (IRE),K E Buckley,0,G P Cromwell,1st,N/A,6,11-1,109,True,162,16
N/A,N/A,14:30,Soft,2m 3f 180y,Rock On Seamie (IRE),R Deegan,0,R Hackett,F,N/A,10,11-6,114,True,162,16
N/A,N/A,14:30,Soft,2m 3f 180y,Digby (IRE),P J O'Hanlon,0,D A McLoughlin,19th,26 l,10,11-13t1,121,True,162,16
N/A,N/A,14:30,Soft,2m 3f 180y,Kingdom Calling (FR),S Fitzgerald,0,E McCarthy,18th,15 l,5,10-13ht1,107,True,162,16
N/A,N/A,14:30,Soft,2m 3f 180y,Therellbguddaysyet (IRE),D J O'Keeffe,0,M J O'Connor,17th,22 l,9,11-1,109,True,162,16
N/A,N/A,14:30,Soft,2m 3f 180y,One Big Boum (IRE),B Hayes,0,P Fenton,16th,1/2 l,6,11-7,115,True,162,16
N/A,N/A,14:30,Soft,2m 3f 180y,Crescent Moon (FR),C Stone-Walsh,5,G P Cromwell,15th,2 1/4 l,5,10-12,106,True,162,16
N/A,N/A,14:30,Soft,2m 3f 180y,Find A Fortune (IRE),D J Gilligan,0,G Elliott,14th,17 l,8,11-12,120,True,162,16
N/A,N/A,14:30,Soft,2m 3f 180y,Little Mixup (IRE),P K Donovan,5,D Hogan,13th,2 l,8,11-10,118,True,162,16
N/A,N/A,14:30,Soft,2m 3f 180y,Routine Excellence (IRE),K M Donoghue,0,G P Cromwell,12th,2 3/4 l,9,11-10t,118,True,162,16
N/A,N/A,14:30,Soft,2m 3f 180y,Pirate Island (IRE),C P McNamara,0,P Fenton,11th,3 1/4 l,7,10-13,107,True,162,16
N/A,N/A,14:30,Soft,2m 3f 180y,Chosen Thyme (IRE),Niall Moore,7,P Fenton,10th,1 1/2 l,8,11-8,116,True,162,16
N/A,N/A,14:30,Soft,2m 3f 180y,Paradise Lost (IRE),S D Torrens,0,C O'Brien,9th,3 3/4 l,6,11-4,112,True,162,16
N/A,N/A,14:30,Soft,2m 3f 180y,Ishan (FR),P T Enright,0,S Curling,8th,2 l,7,10-13t1,107,True,162,16
N/A,N/A,14:30,Soft,2m 3f 180y,Iamagetaway (IRE),K C Sexton,0,A A Howard,7th,7 l,6,11-4t,112,True,162,16
N/A,N/A,14:30,Soft,2m 3f 180y,Housemartin (IRE),M M McDonagh,0,E J O'Grady,6th,4 l,8,11-3t,111,True,162,16
N/A,N/A,14:30,Soft,2m 3f 180y,Krabat (IRE),C M Quirke,5,M J McDonagh,5th,Nose,10,11-3,111,True,162,16
N/A,N/A,14:30,Soft,2m 3f 180y,Slanagaibhgoleir (IRE),F Brickley,7,G Elliott,4th,Head,7,11-13,121,True,162,16
N/A,N/A,14:30,Soft,2m 3f 180y,Camino Rock,G Brouder,3,M F Morris,3rd,6 l,8,11-5tp,113,True,162,16
N/A,N/A,14:30,Soft,2m 3f 180y,Killaney King (IRE),Rachael Blackmore,0,H De Bromhead,2nd,Head,7,11-9h1,117,True,162,16
N/A,N/A,14:30,Soft,2m 3f 180y,Bridie's Beau (IRE),K E Buckley,0,G P Cromwell,1st,N/A,6,11-1,109,True,162,16
N/A,N/A,15:05,Soft,2m 4f,Journey With Me (IRE),D J O'Keeffe,0,H De Bromhead,3rd,13 l,9,11-8t,-,True,162,17
N/A,N/A,15:05,Soft,2m 4f,Saint Sam (FR),P Townend,0,W P Mullins,2nd,6 l,8,11-8h,-,True,162,17
N/A,N/A,15:05,Soft,2m 4f,Classic Getaway (IRE),D E Mullins,0,W P Mullins,1st,N/A,9,11-3,-,True,162,17
N/A,N/A,15:05,Soft,2m 4f,Journey With Me (IRE),D J O'Keeffe,0,H De Bromhead,3rd,13 l,9,11-8t,-,True,162,17
N/A,N/A,15:05,Soft,2m 4f,Saint Sam (FR),P Townend,0,W P Mullins,2nd,6 l,8,11-8h,-,True,162,17
N/A,N/A,15:05,Soft,2m 4f,Classic Getaway (IRE),D E Mullins,0,W P Mullins,1st,N/A,9,11-3,-,True,162,17
N/A,N/A,15:42,Soft,2m 4f,Dancingondaceiling (IRE),K M Donoghue,0,G P Cromwell,F,N/A,6,11-12,-,True,162,18
N/A,N/A,15:42,Soft,2m 4f,Getaway King (IRE),P Hanlon,7,Miss T L Cogan,10th,17 l,7,11-12,-,True,162,18
N/A,N/A,15:42,Soft,2m 4f,Three In A Row (IRE),D Meyler,0,A L T Moore,9th,Head,7,11-12,-,True,162,18
N/A,N/A,15:42,Soft,2m 4f,Lisnagar Fortune (IRE),D E Mullins,0,W P Mullins,8th,3 3/4 l,7,11-12,-,True,162,18
N/A,N/A,15:42,Soft,2m 4f,Make The Plan (IRE),P T Enright,0,O McKiernan,7th,19 l,7,11-12h,-,True,162,18
N/A,N/A,15:42,Soft,2m 4f,Western Fold (IRE),K C Sexton,0,G Elliott,6th,6 1/2 l,6,11-12,-,True,162,18
N/A,N/A,15:42,Soft,2m 4f,What's Up Darling (IRE),D J Gilligan,0,G Elliott,5th,16 l,8,11-12,-,True,162,18
N/A,N/A,15:42,Soft,2m 4f,O'Moore Park (IRE),S F O'Keeffe,0,W P Mullins,4th,1 1/4 l,8,11-12,-,True,162,18
N/A,N/A,15:42,Soft,2m 4f,Blizzard Of Oz (IRE),P Townend,0,W P Mullins,3rd,Neck,7,11-12,-,True,162,18
N/A,N/A,15:42,Soft,2m 4f,Lombron (FR),B Hayes,0,W P Mullins,2nd,4 1/4 l,6,11-12,-,True,162,18
N/A,N/A,15:42,Soft,2m 4f,Harry Des Ongrais (FR),Rachael Blackmore,0,H De Bromhead,1st,N/A,8,11-12,-,True,162,18
N/A,N/A,15:42,Soft,2m 4f,Dancingondaceiling (IRE),K M Donoghue,0,G P Cromwell,F,N/A,6,11-12,-,True,162,18
N/A,N/A,15:42,Soft,2m 4f,Getaway King (IRE),P Hanlon,7,Miss T L Cogan,10th,17 l,7,11-12,-,True,162,18
N/A,N/A,15:42,Soft,2m 4f,Three In A Row (IRE),D Meyler,0,A L T Moore,9th,Head,7,11-12,-,True,162,18
N/A,N/A,15:42,Soft,2m 4f,Lisnagar Fortune (IRE),D E Mullins,0,W P Mullins,8th,3 3/4 l,7,11-12,-,True,162,18
N/A,N/A,15:42,Soft,2m 4f,Make The Plan (IRE),P T Enright,0,O McKiernan,7th,19 l,7,11-12h,-,True,162,18
N/A,N/A,15:42,Soft,2m 4f,Western Fold (IRE),K C Sexton,0,G Elliott,6th,6 1/2 l,6,11-12,-,True,162,18
N/A,N/A,15:42,Soft,2m 4f,What's Up Darling (IRE),D J Gilligan,0,G Elliott,5th,16 l,8,11-12,-,True,162,18
N/A,N/A,15:42,Soft,2m 4f,O'Moore Park (IRE),S F O'Keeffe,0,W P Mullins,4th,1 1/4 l,8,11-12,-,True,162,18
N/A,N/A,15:42,Soft,2m 4f,Blizzard Of Oz (IRE),P Townend,0,W P Mullins,3rd,Neck,7,11-12,-,True,162,18
N/A,N/A,15:42,Soft,2m 4f,Lombron (FR),B Hayes,0,W P Mullins,2nd,4 1/4 l,6,11-12,-,True,162,18
N/A,N/A,15:42,Soft,2m 4f,Harry Des Ongrais (FR),Rachael Blackmore,0,H De Bromhead,1st,N/A,8,11-12,-,True,162,18
N/A,N/A,16:15,Soft,2m 4f,Cleatus Poolaw,D J Gilligan,0,G Elliott,NR,N/A,7,11-12,130,True,162,19
N/A,N/A,16:15,Soft,2m 4f,Petit King (FR),P K Donovan,5,E Cawley,PU,N/A,9,10-4,108,True,162,19
N/A,N/A,16:15,Soft,2m 4f,Hands Of Gold (IRE),R A Doyle,0,A L T Moore,F,N/A,7,10-10,114,True,162,19
N/A,N/A,16:15,Soft,2m 4f,Battle Of Ridgeway (IRE),L A McKenna,5,M Hassett,10th,29 l,7,10-10t,114,True,162,19
N/A,N/A,16:15,Soft,2m 4f,Better Times Ahead (IRE),S D Torrens,0,R Tyner,9th,3 3/4 l,8,11-9,127,True,162,19
N/A,N/A,16:15,Soft,2m 4f,So Des Flos (FR),K C Sexton,0,G Elliott,8th,3 1/4 l,8,11-12p,130,True,162,19
N/A,N/A,16:15,Soft,2m 4f,Dutch Schultz,K M Donoghue,0,G P Cromwell,7th,13 l,8,11-11,129,True,162,19
N/A,N/A,16:15,Soft,2m 4f,Invictus Machin (FR),K E Buckley,0,G P Cromwell,6th,1 3/4 l,7,11-3h,121,True,162,19
N/A,N/A,16:15,Soft,2m 4f,Baldur's Gate (IRE),Rachael Blackmore,0,Miss D O'Shea,5th,4 3/4 l,10,10-5,109,True,162,19
N/A,N/A,16:15,Soft,2m 4f,Prince Zaltar (FR),D J O'Keeffe,0,P J Rothwell,4th,1 1/4 l,8,10-3t,107,True,162,19
N/A,N/A,16:15,Soft,2m 4f,Noble Talent (IRE),D E Mullins,0,T J Nagle-Jr,3rd,3 1/2 l,8,10-11,115,True,162,19
N/A,N/A,16:15,Soft,2m 4f,Soloman Lane,R A Berry,7,M Hassett,2nd,1/2 l,10,10-6t1,110,True,162,19
N/A,N/A,16:15,Soft,2m 4f,Midweek Voices (IRE),C M Quirke,5,E Doyle,1st,N/A,6,10-1,105,True,162,19
N/A,N/A,16:15,Soft,2m 4f,Cleatus Poolaw,D J Gilligan,0,G Elliott,NR,N/A,7,11-12,130,True,162,19
N/A,N/A,16:15,Soft,2m 4f,Petit King (FR),P K Donovan,5,E Cawley,PU,N/A,9,10-4,108,True,162,19
N/A,N/A,16:15,Soft,2m 4f,Hands Of Gold (IRE),R A Doyle,0,A L T Moore,F,N/A,7,10-10,114,True,162,19
N/A,N/A,16:15,Soft,2m 4f,Battle Of Ridgeway (IRE),L A McKenna,5,M Hassett,10th,29 l,7,10-10t,114,True,162,19
N/A,N/A,16:15,Soft,2m 4f,Better Times Ahead (IRE),S D Torrens,0,R Tyner,9th,3 3/4 l,8,11-9,127,True,162,19
N/A,N/A,16:15,Soft,2m 4f,So Des Flos (FR),K C Sexton,0,G Elliott,8th,3 1/4 l,8,11-12p,130,True,162,19
N/A,N/A,16:15,Soft,2m 4f,Dutch Schultz,K M Donoghue,0,G P Cromwell,7th,13 l,8,11-11,129,True,162,19
N/A,N/A,16:15,Soft,2m 4f,Invictus Machin (FR),K E Buckley,0,G P Cromwell,6th,1 3/4 l,7,11-3h,121,True,162,19
N/A,N/A,16:15,Soft,2m 4f,Baldur's Gate (IRE),Rachael Blackmore,0,Miss D O'Shea,5th,4 3/4 l,10,10-5,109,True,162,19
N/A,N/A,16:15,Soft,2m 4f,Prince Zaltar (FR),D J O'Keeffe,0,P J Rothwell,4th,1 1/4 l,8,10-3t,107,True,162,19
N/A,N/A,16:15,Soft,2m 4f,Noble Talent (IRE),D E Mullins,0,T J Nagle-Jr,3rd,3 1/2 l,8,10-11,115,True,162,19
N/A,N/A,16:15,Soft,2m 4f,Soloman Lane,R A Berry,7,M Hassett,2nd,1/2 l,10,10-6t1,110,True,162,19
N/A,N/A,16:15,Soft,2m 4f,Midweek Voices (IRE),C M Quirke,5,E Doyle,1st,N/A,6,10-1,105,True,162,19
N/A,N/A,16:50,Soft ace (Turf),2m 1f,Danielle D (IRE),Mr F Maguire,0,M Magnussen,PU,N/A,6,11-11,-,True,162,20
N/A,N/A,16:50,Soft ace (Turf),2m 1f,Introversio (IRE),Mr P W Mullins,0,W P Mullins,PU,N/A,5,11-11,-,True,162,20
N/A,N/A,16:50,Soft ace (Turf),2m 1f,Indigo Mist (IRE),Mr P W Gleeson,7,P F O'Donnell,12th,29 l,7,11-11,-,True,162,20
N/A,N/A,16:50,Soft ace (Turf),2m 1f,Miss Penny Copper (IRE),Mr J D Coffey,7,D Coffey,11th,Neck,7,11-11,-,True,162,20
N/A,N/A,16:50,Soft ace (Turf),2m 1f,Kenisa Sport (FR),Mr H C Swan,0,G Elliott,10th,7 l,5,11-11,-,True,162,20
N/A,N/A,16:50,Soft ace (Turf),2m 1f,Onyx Storm (IRE),N T Prendergast,7,P Hennessy,9th,3 l,5,11-11,-,True,162,20
N/A,N/A,16:50,Soft ace (Turf),2m 1f,Kath Alec Girl (IRE),Mr N Gault,7,S Millar,8th,1 l,7,11-11,-,True,162,20
N/A,N/A,16:50,Soft ace (Turf),2m 1f,Ginny Weasley,Ms M Barcoe,7,J Barcoe,7th,47 l,6,11-11,-,True,162,20
N/A,N/A,16:50,Soft ace (Turf),2m 1f,Tenacious Spirit (IRE),Mr L Hackett,7,R Hackett,6th,4 1/4 l,5,11-11,-,True,162,20
N/A,N/A,16:50,Soft ace (Turf),2m 1f,Nothing Hectic (IRE),E Dwan,7,Miss H McLoughlin,5th,10 l,6,11-11,-,True,162,20
N/A,N/A,16:50,Soft ace (Turf),2m 1f,Tiffiny's Girl (IRE),Mr J L Gleeson,3,W J Burke,4th,1 3/4 l,5,11-11,-,True,162,20
N/A,N/A,16:50,Soft ace (Turf),2m 1f,Doing It In Style (IRE),Mr E Finegan,7,G P Cromwell,3rd,6 l,5,11-11,-,True,162,20
N/A,N/A,16:50,Soft ace (Turf),2m 1f,Champagne Venture (IRE),Mr J C Barry,0,D Broad,2nd,28 l,6,11-11,-,True,162,20
N/A,N/A,16:50,Soft ace (Turf),2m 1f,Aqua Force (IRE),Niall Moore,7,M A Gunn,1st,N/A,6,11-11,-,True,162,20
N/A,N/A,16:50,Soft ace (Turf),2m 1f,Danielle D (IRE),Mr F Maguire,0,M Magnussen,PU,N/A,6,11-11,-,True,162,20
N/A,N/A,16:50,Soft ace (Turf),2m 1f,Introversio (IRE),Mr P W Mullins,0,W P Mullins,PU,N/A,5,11-11,-,True,162,20
N/A,N/A,16:50,Soft ace (Turf),2m 1f,Indigo Mist (IRE),Mr P W Gleeson,7,P F O'Donnell,12th,29 l,7,11-11,-,True,162,20
N/A,N/A,16:50,Soft ace (Turf),2m 1f,Miss Penny Copper (IRE),Mr J D Coffey,7,D Coffey,11th,Neck,7,11-11,-,True,162,20
N/A,N/A,16:50,Soft ace (Turf),2m 1f,Kenisa Sport (FR),Mr H C Swan,0,G Elliott,10th,7 l,5,11-11,-,True,162,20
N/A,N/A,16:50,Soft ace (Turf),2m 1f,Onyx Storm (IRE),N T Prendergast,7,P Hennessy,9th,3 l,5,11-11,-,True,162,20
N/A,N/A,16:50,Soft ace (Turf),2m 1f,Kath Alec Girl (IRE),Mr N Gault,7,S Millar,8th,1 l,7,11-11,-,True,162,20
N/A,N/A,16:50,Soft ace (Turf),2m 1f,Ginny Weasley,Ms M Barcoe,7,J Barcoe,7th,47 l,6,11-11,-,True,162,20
N/A,N/A,16:50,Soft ace (Turf),2m 1f,Tenacious Spirit (IRE),Mr L Hackett,7,R Hackett,6th,4 1/4 l,5,11-11,-,True,162,20
N/A,N/A,16:50,Soft ace (Turf),2m 1f,Nothing Hectic (IRE),E Dwan,7,Miss H McLoughlin,5th,10 l,6,11-11,-,True,162,20
N/A,N/A,16:50,Soft ace (Turf),2m 1f,Tiffiny's Girl (IRE),Mr J L Gleeson,3,W J Burke,4th,1 3/4 l,5,11-11,-,True,162,20
N/A,N/A,16:50,Soft ace (Turf),2m 1f,Doing It In Style (IRE),Mr E Finegan,7,G P Cromwell,3rd,6 l,5,11-11,-,True,162,20
N/A,N/A,16:50,Soft ace (Turf),2m 1f,Champagne Venture (IRE),Mr J C Barry,0,D Broad,2nd,28 l,6,11-11,-,True,162,20
N/A,N/A,16:50,Soft ace (Turf),2m 1f,Aqua Force (IRE),Niall Moore,7,M A Gunn,1st,N/A,6,11-11,-,True,162,20
N/A,N/A,13:25,Soft (Soft To Heavy In Places),2m,Waterford Whispers (IRE),M P Walsh,0,H De Bromhead,NR,N/A,7,11-5,-,True,162,21
N/A,N/A,13:25,Soft (Soft To Heavy In Places),2m,Fascile Mode (IRE),D E Mullins,0,T Mullins,NR,N/A,7,11-9,-,True,162,21
N/A,N/A,13:25,Soft (Soft To Heavy In Places),2m,Release The Beast (IRE),S W Flanagan,0,P Nolan,6th,3/4 l,6,11-9t,-,True,162,21
N/A,N/A,13:25,Soft (Soft To Heavy In Places),2m,Jasko Des Dames (FR),D J O'Keeffe,0,H De Bromhead,5th,1 1/2 l,6,11-12t,-,True,162,21
N/A,N/A,13:25,Soft (Soft To Heavy In Places),2m,Built By Ballymore (IRE),J J Slevin,0,M Brassil,4th,21 l,7,11-5t,-,True,162,21
N/A,N/A,13:25,Soft (Soft To Heavy In Places),2m,Rath Gaul Boy (IRE),P Townend,0,W P Mullins,3rd,2 1/4 l,8,11-5,-,True,162,21
N/A,N/A,13:25,Soft (Soft To Heavy In Places),2m,Western Diego (IRE),S F O'Keeffe,0,W P Mullins,2nd,3 l,8,11-5,-,True,162,21
N/A,N/A,13:25,Soft (Soft To Heavy In Places),2m,Springt De La Mare (FR),K M Donoghue,0,G P Cromwell,1st,N/A,6,11-9t1,-,True,162,21
N/A,N/A,13:25,Soft (Soft To Heavy In Places),2m,Waterford Whispers (IRE),M P Walsh,0,H De Bromhead,NR,N/A,7,11-5,-,True,162,21
N/A,N/A,13:25,Soft (Soft To Heavy In Places),2m,Fascile Mode (IRE),D E Mullins,0,T Mullins,NR,N/A,7,11-9,-,True,162,21
N/A,N/A,13:25,Soft (Soft To Heavy In Places),2m,Release The Beast (IRE),S W Flanagan,0,P Nolan,6th,3/4 l,6,11-9t,-,True,162,21
N/A,N/A,13:25,Soft (Soft To Heavy In Places),2m,Jasko Des Dames (FR),D J O'Keeffe,0,H De Bromhead,5th,1 1/2 l,6,11-12t,-,True,162,21
N/A,N/A,13:25,Soft (Soft To Heavy In Places),2m,Built By Ballymore (IRE),J J Slevin,0,M Brassil,4th,21 l,7,11-5t,-,True,162,21
N/A,N/A,13:25,Soft (Soft To Heavy In Places),2m,Rath Gaul Boy (IRE),P Townend,0,W P Mullins,3rd,2 1/4 l,8,11-5,-,True,162,21
N/A,N/A,13:25,Soft (Soft To Heavy In Places),2m,Western Diego (IRE),S F O'Keeffe,0,W P Mullins,2nd,3 l,8,11-5,-,True,162,21
N/A,N/A,13:25,Soft (Soft To Heavy In Places),2m,Springt De La Mare (FR),K M Donoghue,0,G P Cromwell,1st,N/A,6,11-9t1,-,True,162,21
N/A,N/A,13:55,Soft (Soft To Heavy In Places),2m 6f 150y,Catch The Beast (IRE),K E Buckley,0,E Cawley,PU,N/A,7,11-12,-,True,162,22
N/A,N/A,13:55,Soft (Soft To Heavy In Places),2m 6f 150y,Committee Meeting (IRE),S D Torrens,0,P J Rothwell,PU,N/A,6,11-12,-,True,162,22
N/A,N/A,13:55,Soft (Soft To Heavy In Places),2m 6f 150y,Kalanisi Star,P T Enright,0,O McKiernan,6th,15 l,8,11-12,-,True,162,22
N/A,N/A,13:55,Soft (Soft To Heavy In Places),2m 6f 150y,Cuta Des As (FR),B Hayes,0,W P Mullins,5th,30 l,8,11-5,-,True,162,22
N/A,N/A,13:55,Soft (Soft To Heavy In Places),2m 6f 150y,Chigorin (IRE),Rachael Blackmore,0,H De Bromhead,4th,9 1/2 l,7,11-12,-,True,162,22
N/A,N/A,13:55,Soft (Soft To Heavy In Places),2m 6f 150y,Mint Boy (IRE),K M Donoghue,0,G P Cromwell,3rd,8 1/2 l,7,11-12,-,True,162,22
N/A,N/A,13:55,Soft (Soft To Heavy In Places),2m 6f 150y,Loughglynn (IRE),S F O'Keeffe,0,W P Mullins,2nd,2 3/4 l,7,11-12,-,True,162,22
N/A,N/A,13:55,Soft (Soft To Heavy In Places),2m 6f 150y,High Class Hero,P Townend,0,W P Mullins,1st,N/A,8,11-12,-,True,162,22
N/A,N/A,13:55,Soft (Soft To Heavy In Places),2m 6f 150y,Catch The Beast (IRE),K E Buckley,0,E Cawley,PU,N/A,7,11-12,-,True,162,22
N/A,N/A,13:55,Soft (Soft To Heavy In Places),2m 6f 150y,Committee Meeting (IRE),S D Torrens,0,P J Rothwell,PU,N/A,6,11-12,-,True,162,22
N/A,N/A,13:55,Soft (Soft To Heavy In Places),2m 6f 150y,Kalanisi Star,P T Enright,0,O McKiernan,6th,15 l,8,11-12,-,True,162,22
N/A,N/A,13:55,Soft (Soft To Heavy In Places),2m 6f 150y,Cuta Des As (FR),B Hayes,0,W P Mullins,5th,30 l,8,11-5,-,True,162,22
N/A,N/A,13:55,Soft (Soft To Heavy In Places),2m 6f 150y,Chigorin (IRE),Rachael Blackmore,0,H De Bromhead,4th,9 1/2 l,7,11-12,-,True,162,22
N/A,N/A,13:55,Soft (Soft To Heavy In Places),2m 6f 150y,Mint Boy (IRE),K M Donoghue,0,G P Cromwell,3rd,8 1/2 l,7,11-12,-,True,162,22
N/A,N/A,13:55,Soft (Soft To Heavy In Places),2m 6f 150y,Loughglynn (IRE),S F O'Keeffe,0,W P Mullins,2nd,2 3/4 l,7,11-12,-,True,162,22
N/A,N/A,13:55,Soft (Soft To Heavy In Places),2m 6f 150y,High Class Hero,P Townend,0,W P Mullins,1st,N/A,8,11-12,-,True,162,22
N/A,N/A,14:25,Soft (Soft To Heavy In Places),3m 3f,Stormy Judge (IRE),H E Sexton,7,P A Fahy,UR,N/A,10,10-5,125,True,162,23
N/A,N/A,14:25,Soft (Soft To Heavy In Places),3m 3f,Beau Walking (IRE),P M O'Brien,7,Mrs J Harrington,PU,N/A,7,10-0tp,120,True,162,23
N/A,N/A,14:25,Soft (Soft To Heavy In Places),3m 3f,Bushmans Pass (IRE),P T Enright,0,O McKiernan,PU,N/A,9,10-8,128,True,162,23
N/A,N/A,14:25,Soft (Soft To Heavy In Places),3m 3f,Macdermott (FR),D E Mullins,0,W P Mullins,PU,N/A,7,11-6,140,True,162,23
N/A,N/A,14:25,Soft (Soft To Heavy In Places),3m 3f,St Denis's Well (IRE),D J O'Keeffe,0,Ian Donoghue,PU,N/A,7,10-2tp,122,True,162,23
N/A,N/A,14:25,Soft (Soft To Heavy In Places),3m 3f,Where It All Began (IRE),K C Sexton,0,G Elliott,F,N/A,9,10-11b,131,True,162,23
N/A,N/A,14:25,Soft (Soft To Heavy In Places),3m 3f,Sphagnum (IRE),D P Maxwell,5,J P Broderick,F,N/A,8,10-11tp,131,True,162,23
N/A,N/A,14:25,Soft (Soft To Heavy In Places),3m 3f,Klarc Kent (FR),S F O'Keeffe,0,W P Mullins,10th,7 1/2 l,9,10-7,127,True,162,23
N/A,N/A,14:25,Soft (Soft To Heavy In Places),3m 3f,Ask Anything (IRE),C Stone-Walsh,5,G P Cromwell,9th,15 l,7,10-12ht,132,True,162,23
N/A,N/A,14:25,Soft (Soft To Heavy In Places),3m 3f,Velvet Elvis (IRE),K M Donoghue,0,G P Cromwell,8th,8 1/2 l,9,11-12p,146,True,162,23
N/A,N/A,14:25,Soft (Soft To Heavy In Places),3m 3f,Macs Charm (IRE),B Hayes,0,Colm Murphy,7th,2 l,10,10-12p1,132,True,162,23
N/A,N/A,14:25,Soft (Soft To Heavy In Places),3m 3f,Cleatus Poolaw,D J Gilligan,0,G Elliott,6th,Neck,7,10-10,130,True,162,23
N/A,N/A,14:25,Soft (Soft To Heavy In Places),3m 3f,Kings Halo (IRE),R Deegan,0,J Dullea,5th,3 1/2 l,10,10-3,123,True,162,23
N/A,N/A,14:25,Soft (Soft To Heavy In Places),3m 3f,Spanish Harlem (FR),P Townend,0,W P Mullins,4th,2 l,7,11-2t,136,True,162,23
N/A,N/A,14:25,Soft (Soft To Heavy In Places),3m 3f,Favori De Champdou (FR),Mr J H Williamson,7,G Elliott,3rd,13 l,10,11-10p,144,True,162,23
N/A,N/A,14:25,Soft (Soft To Heavy In Places),3m 3f,Will Do (IRE),Sam Ewing,0,G Elliott,2nd,2 1/4 l,8,10-6b,126,True,162,23
N/A,N/A,14:25,Soft (Soft To Heavy In Places),3m 3f,Fortunedefortunata (IRE),J Coen,3,G Elliott,1st,N/A,8,10-0,120,True,162,23
N/A,N/A,14:25,Soft (Soft To Heavy In Places),3m 3f,Stormy Judge (IRE),H E Sexton,7,P A Fahy,UR,N/A,10,10-5,125,True,162,23
N/A,N/A,14:25,Soft (Soft To Heavy In Places),3m 3f,Beau Walking (IRE),P M O'Brien,7,Mrs J Harrington,PU,N/A,7,10-0tp,120,True,162,23
N/A,N/A,14:25,Soft (Soft To Heavy In Places),3m 3f,Bushmans Pass (IRE),P T Enright,0,O McKiernan,PU,N/A,9,10-8,128,True,162,23
N/A,N/A,14:25,Soft (Soft To Heavy In Places),3m 3f,Macdermott (FR),D E Mullins,0,W P Mullins,PU,N/A,7,11-6,140,True,162,23
N/A,N/A,14:25,Soft (Soft To Heavy In Places),3m 3f,St Denis's Well (IRE),D J O'Keeffe,0,Ian Donoghue,PU,N/A,7,10-2tp,122,True,162,23
N/A,N/A,14:25,Soft (Soft To Heavy In Places),3m 3f,Where It All Began (IRE),K C Sexton,0,G Elliott,F,N/A,9,10-11b,131,True,162,23
N/A,N/A,14:25,Soft (Soft To Heavy In Places),3m 3f,Sphagnum (IRE),D P Maxwell,5,J P Broderick,F,N/A,8,10-11tp,131,True,162,23
N/A,N/A,14:25,Soft (Soft To Heavy In Places),3m 3f,Klarc Kent (FR),S F O'Keeffe,0,W P Mullins,10th,7 1/2 l,9,10-7,127,True,162,23
N/A,N/A,14:25,Soft (Soft To Heavy In Places),3m 3f,Ask Anything (IRE),C Stone-Walsh,5,G P Cromwell,9th,15 l,7,10-12ht,132,True,162,23
N/A,N/A,14:25,Soft (Soft To Heavy In Places),3m 3f,Velvet Elvis (IRE),K M Donoghue,0,G P Cromwell,8th,8 1/2 l,9,11-12p,146,True,162,23
N/A,N/A,14:25,Soft (Soft To Heavy In Places),3m 3f,Macs Charm (IRE),B Hayes,0,Colm Murphy,7th,2 l,10,10-12p1,132,True,162,23
N/A,N/A,14:25,Soft (Soft To Heavy In Places),3m 3f,Cleatus Poolaw,D J Gilligan,0,G Elliott,6th,Neck,7,10-10,130,True,162,23
N/A,N/A,14:25,Soft (Soft To Heavy In Places),3m 3f,Kings Halo (IRE),R Deegan,0,J Dullea,5th,3 1/2 l,10,10-3,123,True,162,23
N/A,N/A,14:25,Soft (Soft To Heavy In Places),3m 3f,Spanish Harlem (FR),P Townend,0,W P Mullins,4th,2 l,7,11-2t,136,True,162,23
N/A,N/A,14:25,Soft (Soft To Heavy In Places),3m 3f,Favori De Champdou (FR),Mr J H Williamson,7,G Elliott,3rd,13 l,10,11-10p,144,True,162,23
N/A,N/A,14:25,Soft (Soft To Heavy In Places),3m 3f,Will Do (IRE),Sam Ewing,0,G Elliott,2nd,2 1/4 l,8,10-6b,126,True,162,23
N/A,N/A,14:25,Soft (Soft To Heavy In Places),3m 3f,Fortunedefortunata (IRE),J Coen,3,G Elliott,1st,N/A,8,10-0,120,True,162,23
N/A,N/A,14:55,Soft,1m 7f 211y,Disco Dancer (IRE),D J Gilligan,0,G Elliott,5th,44 l,6,11-5t,-,True,162,24
N/A,N/A,14:55,Soft,1m 7f 211y,C'est Ta Chance (FR),P Townend,0,W P Mullins,4th,2 1/4 l,6,11-9,-,True,162,24
N/A,N/A,14:55,Soft,1m 7f 211y,Taponthego (IRE),M P O'Connor,0,H De Bromhead,3rd,9 l,6,11-9,-,True,162,24
N/A,N/A,14:55,Soft,1m 7f 211y,The Great Nudie (IRE),S F O'Keeffe,0,C Bowe,2nd,15 l,5,11-5,-,True,162,24
N/A,N/A,14:55,Soft,1m 7f 211y,William Munny (IRE),S W Flanagan,0,B Connell,1st,N/A,7,11-5,-,True,162,24
N/A,N/A,14:55,Soft,1m 7f 211y,Disco Dancer (IRE),D J Gilligan,0,G Elliott,5th,44 l,6,11-5t,-,True,162,24
N/A,N/A,14:55,Soft,1m 7f 211y,C'est Ta Chance (FR),P Townend,0,W P Mullins,4th,2 1/4 l,6,11-9,-,True,162,24
N/A,N/A,14:55,Soft,1m 7f 211y,Taponthego (IRE),M P O'Connor,0,H De Bromhead,3rd,9 l,6,11-9,-,True,162,24
N/A,N/A,14:55,Soft,1m 7f 211y,The Great Nudie (IRE),S F O'Keeffe,0,C Bowe,2nd,15 l,5,11-5,-,True,162,24
N/A,N/A,14:55,Soft,1m 7f 211y,William Munny (IRE),S W Flanagan,0,B Connell,1st,N/A,7,11-5,-,True,162,24
N/A,N/A,15:25,Soft,2m 4f 23y,Aodhan May (IRE),P Byrnes,0,C Byrnes,RR,N/A,9,10-9b1,-,True,162,25
N/A,N/A,15:25,Soft,2m 4f 23y,Lot of Joy (IRE),D E Mullins,0,W P Mullins,4th,12 l,7,10-12,-,True,162,25
N/A,N/A,15:25,Soft,2m 4f 23y,Gaoth Chuil (IRE),D J O'Keeffe,0,T M Walsh,3rd,3 l,7,10-9,-,True,162,25
N/A,N/A,15:25,Soft,2m 4f 23y,Mousey Brown (IRE),P J O'Hanlon,0,D A McLoughlin,2nd,6 l,8,10-9t,-,True,162,25
N/A,N/A,15:25,Soft,2m 4f 23y,Jade De Grugy (FR),P Townend,0,W P Mullins,1st,N/A,6,11-7,-,True,162,25
N/A,N/A,15:25,Soft,2m 4f 23y,Aodhan May (IRE),P Byrnes,0,C Byrnes,RR,N/A,9,10-9b1,-,True,162,25
N/A,N/A,15:25,Soft,2m 4f 23y,Lot of Joy (IRE),D E Mullins,0,W P Mullins,4th,12 l,7,10-12,-,True,162,25
N/A,N/A,15:25,Soft,2m 4f 23y,Gaoth Chuil (IRE),D J O'Keeffe,0,T M Walsh,3rd,3 l,7,10-9,-,True,162,25
N/A,N/A,15:25,Soft,2m 4f 23y,Mousey Brown (IRE),P J O'Hanlon,0,D A McLoughlin,2nd,6 l,8,10-9t,-,True,162,25
N/A,N/A,15:25,Soft,2m 4f 23y,Jade De Grugy (FR),P Townend,0,W P Mullins,1st,N/A,6,11-7,-,True,162,25
N/A,N/A,15:55,Soft,2m 3f 30y,Bitta Romance (IRE),K E Buckley,0,T Gibney,PU,N/A,5,11-5,-,True,162,26
N/A,N/A,15:55,Soft,2m 3f 30y,Kasper Blou (FR),H Morgan,0,E Doyle,PU,N/A,5,11-12t1,-,True,162,26
N/A,N/A,15:55,Soft,2m 3f 30y,Nohilltoosteep (IRE),M P O'Connor,0,J Barcoe,PU,N/A,6,11-12,-,True,162,26
N/A,N/A,15:55,Soft,2m 3f 30y,Amber Point (IRE),J Coen,3,G Elliott,PU,N/A,5,11-12,-,True,162,26
N/A,N/A,15:55,Soft,2m 3f 30y,Lucky Jack (IRE),J Smith,5,Ian Donoghue,17th,Short Head,6,11-12,-,True,162,26
N/A,N/A,15:55,Soft,2m 3f 30y,Are We Dancing (IRE),Caragh Monaghan,7,L Lennon,16th,4 1/2 l,4,11-0,-,True,162,26
N/A,N/A,15:55,Soft,2m 3f 30y,Theanniversary Man (IRE),Niall Moore,5,Frank Hayes,15th,9 l,6,11-12,-,True,162,26
N/A,N/A,15:55,Soft,2m 3f 30y,Presenting Georgie (IRE),K C Sexton,0,G Elliott,14th,10 l,5,11-5,-,True,162,26
N/A,N/A,15:55,Soft,2m 3f 30y,Anni Day Now (IRE),G B Noonan,5,Frank Hayes,13th,21 l,7,11-5,-,True,162,26
N/A,N/A,15:55,Soft,2m 3f 30y,Remind Me Again (IRE),J P Shinnick,5,David Barry,12th,2 3/4 l,7,11-12,-,True,162,26
N/A,N/A,15:55,Soft,2m 3f 30y,Lucy Wang (IRE),P T Enright,0,J Halley,11th,15 l,5,11-5,-,True,162,26
N/A,N/A,15:55,Soft,2m 3f 30y,Seeyouatpuck (IRE),G Brouder,3,P McCreery,10th,4 l,6,11-12,-,True,162,26
N/A,N/A,15:55,Soft,2m 3f 30y,Western Opera (IRE),R A Doyle,0,G O'Loughlin,9th,3 l,5,11-5h,-,True,162,26
N/A,N/A,15:55,Soft,2m 3f 30y,Slieve Annilog (IRE),O R Brown,5,R Dunne,8th,8 l,7,11-12,-,True,162,26
N/A,N/A,15:55,Soft,2m 3f 30y,Last Kingdom (FR),M P Walsh,0,W P Mullins,7th,2 1/4 l,4,11-0,-,True,162,26
N/A,N/A,15:55,Soft,2m 3f 30y,Youlita (IRE),P Byrnes,0,C Byrnes,6th,12 l,6,11-12,-,True,162,26
N/A,N/A,15:55,Soft,2m 3f 30y,Glenmore River (IRE),R P Treacy,0,S Curling,5th,1 3/4 l,5,11-12,-,True,162,26
N/A,N/A,15:55,Soft,2m 3f 30y,Sarandon (IRE),L A McKenna,5,Colm Murphy,4th,19 l,5,11-5t1,-,True,162,26
N/A,N/A,15:55,Soft,2m 3f 30y,Champagne Kid (IRE),P M O'Brien,7,P E Collins,3rd,1/2 l,6,11-12,-,True,162,26
N/A,N/A,15:55,Soft,2m 3f 30y,Dr Eggman (FR),P Townend,0,W P Mullins,2nd,5 1/2 l,7,11-12,-,True,162,26
N/A,N/A,15:55,Soft,2m 3f 30y,Cardcounter (IRE),Sam Ewing,0,G Elliott,1st,N/A,5,11-12,-,True,162,26
N/A,N/A,15:55,Soft,2m 3f 30y,Bitta Romance (IRE),K E Buckley,0,T Gibney,PU,N/A,5,11-5,-,True,162,26
N/A,N/A,15:55,Soft,2m 3f 30y,Kasper Blou (FR),H Morgan,0,E Doyle,PU,N/A,5,11-12t1,-,True,162,26
N/A,N/A,15:55,Soft,2m 3f 30y,Nohilltoosteep (IRE),M P O'Connor,0,J Barcoe,PU,N/A,6,11-12,-,True,162,26
N/A,N/A,15:55,Soft,2m 3f 30y,Amber Point (IRE),J Coen,3,G Elliott,PU,N/A,5,11-12,-,True,162,26
N/A,N/A,15:55,Soft,2m 3f 30y,Lucky Jack (IRE),J Smith,5,Ian Donoghue,17th,Short Head,6,11-12,-,True,162,26
N/A,N/A,15:55,Soft,2m 3f 30y,Are We Dancing (IRE),Caragh Monaghan,7,L Lennon,16th,4 1/2 l,4,11-0,-,True,162,26
N/A,N/A,15:55,Soft,2m 3f 30y,Theanniversary Man (IRE),Niall Moore,5,Frank Hayes,15th,9 l,6,11-12,-,True,162,26
N/A,N/A,15:55,Soft,2m 3f 30y,Presenting Georgie (IRE),K C Sexton,0,G Elliott,14th,10 l,5,11-5,-,True,162,26
N/A,N/A,15:55,Soft,2m 3f 30y,Anni Day Now (IRE),G B Noonan,5,Frank Hayes,13th,21 l,7,11-5,-,True,162,26
N/A,N/A,15:55,Soft,2m 3f 30y,Remind Me Again (IRE),J P Shinnick,5,David Barry,12th,2 3/4 l,7,11-12,-,True,162,26
N/A,N/A,15:55,Soft,2m 3f 30y,Lucy Wang (IRE),P T Enright,0,J Halley,11th,15 l,5,11-5,-,True,162,26
N/A,N/A,15:55,Soft,2m 3f 30y,Seeyouatpuck (IRE),G Brouder,3,P McCreery,10th,4 l,6,11-12,-,True,162,26
N/A,N/A,15:55,Soft,2m 3f 30y,Western Opera (IRE),R A Doyle,0,G O'Loughlin,9th,3 l,5,11-5h,-,True,162,26
N/A,N/A,15:55,Soft,2m 3f 30y,Slieve Annilog (IRE),O R Brown,5,R Dunne,8th,8 l,7,11-12,-,True,162,26
N/A,N/A,15:55,Soft,2m 3f 30y,Last Kingdom (FR),M P Walsh,0,W P Mullins,7th,2 1/4 l,4,11-0,-,True,162,26
N/A,N/A,15:55,Soft,2m 3f 30y,Youlita (IRE),P Byrnes,0,C Byrnes,6th,12 l,6,11-12,-,True,162,26
N/A,N/A,15:55,Soft,2m 3f 30y,Glenmore River (IRE),R P Treacy,0,S Curling,5th,1 3/4 l,5,11-12,-,True,162,26
N/A,N/A,15:55,Soft,2m 3f 30y,Sarandon (IRE),L A McKenna,5,Colm Murphy,4th,19 l,5,11-5t1,-,True,162,26
N/A,N/A,15:55,Soft,2m 3f 30y,Champagne Kid (IRE),P M O'Brien,7,P E Collins,3rd,1/2 l,6,11-12,-,True,162,26
N/A,N/A,15:55,Soft,2m 3f 30y,Dr Eggman (FR),P Townend,0,W P Mullins,2nd,5 1/2 l,7,11-12,-,True,162,26
N/A,N/A,15:55,Soft,2m 3f 30y,Cardcounter (IRE),Sam Ewing,0,G Elliott,1st,N/A,5,11-12,-,True,162,26
N/A,N/A,16:25,Soft,2m 6f 211y,Folly Beach,L A McKenna,5,M A Molloy,PU,N/A,7,11-7,108,True,162,27
N/A,N/A,16:25,Soft,2m 6f 211y,Misty Milan (IRE),P K Donovan,5,D Queally,PU,N/A,6,10-3,90,True,162,27
N/A,N/A,16:25,Soft,2m 6f 211y,Churchwarden (IRE),A Harvey,5,J C McConnell,PU,N/A,5,11-12,113,True,162,27
N/A,N/A,16:25,Soft,2m 6f 211y,Look Dont Touch (IRE),Mr I Ryan,7,Conor Maxwell,6th,66 l,10,11-0t,101,True,162,27
N/A,N/A,16:25,Soft,2m 6f 211y,Apples In Winter (IRE),D J O'Keeffe,0,L Casey,4th,Dead Heat,8,10-4p,91,True,162,27
N/A,N/A,16:25,Soft,2m 6f 211y,Rue Taylor (FR),S W Flanagan,0,P Nolan,4th,11 l,5,11-9,110,True,162,27
N/A,N/A,16:25,Soft,2m 6f 211y,I Ballyadam Moon (FR),J P Shinnick,5,T O'Brien,3rd,4 1/2 l,7,11-3tb,104,True,162,27
N/A,N/A,16:25,Soft,2m 6f 211y,Duffys Hodey (IRE),T Power Roche,5,P J Rothwell,2nd,8 l,8,11-10p,111,True,162,27
N/A,N/A,16:25,Soft,2m 6f 211y,Prophet's Corner (IRE),Mr D Allen,7,Sean Allen,1st,N/A,8,11-11,112,True,162,27
N/A,N/A,16:25,Soft,2m 6f 211y,Folly Beach,L A McKenna,5,M A Molloy,PU,N/A,7,11-7,108,True,162,27
N/A,N/A,16:25,Soft,2m 6f 211y,Misty Milan (IRE),P K Donovan,5,D Queally,PU,N/A,6,10-3,90,True,162,27
N/A,N/A,16:25,Soft,2m 6f 211y,Churchwarden (IRE),A Harvey,5,J C McConnell,PU,N/A,5,11-12,113,True,162,27
N/A,N/A,16:25,Soft,2m 6f 211y,Look Dont Touch (IRE),Mr I Ryan,7,Conor Maxwell,6th,66 l,10,11-0t,101,True,162,27
N/A,N/A,16:25,Soft,2m 6f 211y,Apples In Winter (IRE),D J O'Keeffe,0,L Casey,4th,Dead Heat,8,10-4p,91,True,162,27
N/A,N/A,16:25,Soft,2m 6f 211y,Rue Taylor (FR),S W Flanagan,0,P Nolan,4th,11 l,5,11-9,110,True,162,27
N/A,N/A,16:25,Soft,2m 6f 211y,I Ballyadam Moon (FR),J P Shinnick,5,T O'Brien,3rd,4 1/2 l,7,11-3tb,104,True,162,27
N/A,N/A,16:25,Soft,2m 6f 211y,Duffys Hodey (IRE),T Power Roche,5,P J Rothwell,2nd,8 l,8,11-10p,111,True,162,27
N/A,N/A,16:25,Soft,2m 6f 211y,Prophet's Corner (IRE),Mr D Allen,7,Sean Allen,1st,N/A,8,11-11,112,True,162,27
N/A,N/A,17:00,Soft ace (Turf),1m 7f 211y,Super Fly,Miss A B O'Connor,0,A McCann,NR,N/A,6,12-0h,-,True,162,28
N/A,N/A,17:00,Soft ace (Turf),1m 7f 211y,Cosmos D'ainay (FR),Mr H C Swan,0,G Elliott,NR,N/A,5,12-0,-,True,162,28
N/A,N/A,17:00,Soft ace (Turf),1m 7f 211y,Gatehouse Boy (FR),Miss P Elvin,7,P J Rothwell,10th,55 l,5,12-0,-,True,162,28
N/A,N/A,17:00,Soft ace (Turf),1m 7f 211y,Walk On Annilog (IRE),Mr B Barry,7,R Dunne,9th,3 3/4 l,6,11-7,-,True,162,28
N/A,N/A,17:00,Soft ace (Turf),1m 7f 211y,Do Brazil (FR),Mr E P O'Brien,5,R O'Brien,8th,6 l,5,12-0,-,True,162,28
N/A,N/A,17:00,Soft ace (Turf),1m 7f 211y,Mytimetoshine (IRE),Mr A P Ryan,7,Donncha Duggan,7th,25 l,5,12-0,-,True,162,28
N/A,N/A,17:00,Soft ace (Turf),1m 7f 211y,Easy Doyen (IRE),Cian Cullinan,7,C O'Dwyer,6th,7 l,5,12-0,-,True,162,28
N/A,N/A,17:00,Soft ace (Turf),1m 7f 211y,Beckistine (IRE),Mr D Doyle,7,M A Molloy,5th,30 l,6,12-0,-,True,162,28
N/A,N/A,17:00,Soft ace (Turf),1m 7f 211y,Casterly Rock (IRE),P M O'Brien,7,P E Collins,4th,2 1/4 l,5,12-0,-,True,162,28
N/A,N/A,17:00,Soft ace (Turf),1m 7f 211y,Rojuco Mac (IRE),Mr R W Barron,5,C Byrnes,3rd,4 1/2 l,5,12-0,-,True,162,28
N/A,N/A,17:00,Soft ace (Turf),1m 7f 211y,Begorra Man (IRE),Mr D G Lavery,0,G P Cromwell,2nd,4 1/4 l,5,12-0,-,True,162,28
N/A,N/A,17:00,Soft ace (Turf),1m 7f 211y,Gameofinches,Mr P W Mullins,0,W P Mullins,1st,N/A,6,12-0,-,True,162,28
N/A,N/A,17:00,Soft ace (Turf),1m 7f 211y,Super Fly,Miss A B O'Connor,0,A McCann,NR,N/A,6,12-0h,-,True,162,28
N/A,N/A,17:00,Soft ace (Turf),1m 7f 211y,Cosmos D'ainay (FR),Mr H C Swan,0,G Elliott,NR,N/A,5,12-0,-,True,162,28
N/A,N/A,17:00,Soft ace (Turf),1m 7f 211y,Gatehouse Boy (FR),Miss P Elvin,7,P J Rothwell,10th,55 l,5,12-0,-,True,162,28
N/A,N/A,17:00,Soft ace (Turf),1m 7f 211y,Walk On Annilog (IRE),Mr B Barry,7,R Dunne,9th,3 3/4 l,6,11-7,-,True,162,28
N/A,N/A,17:00,Soft ace (Turf),1m 7f 211y,Do Brazil (FR),Mr E P O'Brien,5,R O'Brien,8th,6 l,5,12-0,-,True,162,28
N/A,N/A,17:00,Soft ace (Turf),1m 7f 211y,Mytimetoshine (IRE),Mr A P Ryan,7,Donncha Duggan,7th,25 l,5,12-0,-,True,162,28
N/A,N/A,17:00,Soft ace (Turf),1m 7f 211y,Easy Doyen (IRE),Cian Cullinan,7,C O'Dwyer,6th,7 l,5,12-0,-,True,162,28
N/A,N/A,17:00,Soft ace (Turf),1m 7f 211y,Beckistine (IRE),Mr D Doyle,7,M A Molloy,5th,30 l,6,12-0,-,True,162,28
N/A,N/A,17:00,Soft ace (Turf),1m 7f 211y,Casterly Rock (IRE),P M O'Brien,7,P E Collins,4th,2 1/4 l,5,12-0,-,True,162,28
N/A,N/A,17:00,Soft ace (Turf),1m 7f 211y,Rojuco Mac (IRE),Mr R W Barron,5,C Byrnes,3rd,4 1/2 l,5,12-0,-,True,162,28
N/A,N/A,17:00,Soft ace (Turf),1m 7f 211y,Begorra Man (IRE),Mr D G Lavery,0,G P Cromwell,2nd,4 1/4 l,5,12-0,-,True,162,28
N/A,N/A,17:00,Soft ace (Turf),1m 7f 211y,Gameofinches,Mr P W Mullins,0,W P Mullins,1st,N/A,6,12-0,-,True,162,28
Dundalk Racing Results | 21st February 2025 17:00,N/A,17:00,Standard,5f,Ohmyviette (FR),W Joyce,5,W P Browne,8th,1/2 l,3,8-7,88,True,162,29
Dundalk Racing Results | 21st February 2025 17:00,N/A,17:00,Standard,5f,Dontspoilasale (IRE),S Coen,7,A McGuinness,7th,1 1/2 l,5,9-2,83,True,162,29
Dundalk Racing Results | 21st February 2025 17:00,N/A,17:00,Standard,5f,Genesis (IRE),R P Cleary,0,Alan McIntyre,6th,1/2 l,4,8-11t,78,True,162,29
Dundalk Racing Results | 21st February 2025 17:00,N/A,17:00,Standard,5f,Jered Maddox,L T McAteer,0,D Marnane,5th,1/2 l,9,9-1,82,True,162,29
Dundalk Racing Results | 21st February 2025 17:00,N/A,17:00,Standard,5f,Laugh A Minute,C D Hayes,0,Stephen Thorne,4th,3/4 l,10,9-1,82,True,162,29
Dundalk Racing Results | 21st February 2025 17:00,N/A,17:00,Standard,5f,Never Shout Never (IRE),W M Lordan,0,Stephen Thorne,3rd,1/2 l,5,8-11t,78,True,162,29
Dundalk Racing Results | 21st February 2025 17:00,N/A,17:00,Standard,5f,Big Gossey (IRE),W J Lee,0,C O'Brien,2nd,Head,8,10-6t,101,True,162,29
Dundalk Racing Results | 21st February 2025 17:00,N/A,17:00,Standard,5f,Sporting Hero,A J Casey,10,D Hogan,1st,N/A,5,9-1b,82,True,162,29
Dundalk Racing Results | 21st February 2025 17:00,N/A,17:00,Standard,5f,Ohmyviette (FR),W Joyce,5,W P Browne,8th,1/2 l,3,8-7,88,True,162,29
Dundalk Racing Results | 21st February 2025 17:00,N/A,17:00,Standard,5f,Dontspoilasale (IRE),S Coen,7,A McGuinness,7th,1 1/2 l,5,9-2,83,True,162,29
Dundalk Racing Results | 21st February 2025 17:00,N/A,17:00,Standard,5f,Genesis (IRE),R P Cleary,0,Alan McIntyre,6th,1/2 l,4,8-11t,78,True,162,29
Dundalk Racing Results | 21st February 2025 17:00,N/A,17:00,Standard,5f,Jered Maddox,L T McAteer,0,D Marnane,5th,1/2 l,9,9-1,82,True,162,29
Dundalk Racing Results | 21st February 2025 17:00,N/A,17:00,Standard,5f,Laugh A Minute,C D Hayes,0,Stephen Thorne,4th,3/4 l,10,9-1,82,True,162,29
Dundalk Racing Results | 21st February 2025 17:00,N/A,17:00,Standard,5f,Never Shout Never (IRE),W M Lordan,0,Stephen Thorne,3rd,1/2 l,5,8-11t,78,True,162,29
Dundalk Racing Results | 21st February 2025 17:00,N/A,17:00,Standard,5f,Big Gossey (IRE),W J Lee,0,C O'Brien,2nd,Head,8,10-6t,101,True,162,29
Dundalk Racing Results | 21st February 2025 17:00,N/A,17:00,Standard,5f,Sporting Hero,A J Casey,10,D Hogan,1st,N/A,5,9-1b,82,True,162,29
Dundalk Racing Results | 21st February 2025 17:30,N/A,17:30,Standard,7f,Onemorestar (IRE),G M Ryan,0,J Motherway,NR,N/A,4,9-4,-,True,162,30
Dundalk Racing Results | 21st February 2025 17:30,N/A,17:30,Standard,7f,Abiding Star (IRE),C D Hayes,0,John Hayes,NR,N/A,4,9-4,-,True,162,30
Dundalk Racing Results | 21st February 2025 17:30,N/A,17:30,Standard,7f,Certified Freak (IRE),L F Roche,0,E Sheehy,13th,10 l,4,9-4t,-,True,162,30
Dundalk Racing Results | 21st February 2025 17:30,N/A,17:30,Standard,7f,Barney McGee (IRE),R Donaghue-Leahy,7,J F O'Shea,12th,11 l,4,9-9,-,True,162,30
Dundalk Racing Results | 21st February 2025 17:30,N/A,17:30,Standard,7f,Clifton Light (IRE),R P Cleary,0,Miss Jennifer Anne Lynch,11th,3 1/2 l,4,9-4,-,True,162,30
Dundalk Racing Results | 21st February 2025 17:30,N/A,17:30,Standard,7f,Accompanist (IRE),B M Coen,0,A Kinirons,10th,Neck,4,9-4h,-,True,162,30
Dundalk Racing Results | 21st February 2025 17:30,N/A,17:30,Standard,7f,Red Hugh O'Donnell (IRE),D S O'Sullivan,7,G Scott,9th,1 l,4,9-9tp,-,True,162,30
Dundalk Racing Results | 21st February 2025 17:30,N/A,17:30,Standard,7f,Arcoiris,N M Crosse,0,M J Browne,8th,Short Head,4,9-4,-,True,162,30
Dundalk Racing Results | 21st February 2025 17:30,N/A,17:30,Standard,7f,Maharajjah (IRE),C D Hayes,0,J F Levins,7th,2 3/4 l,4,9-9p1,-,True,162,30
Dundalk Racing Results | 21st February 2025 17:30,N/A,17:30,Standard,7f,Mono River (FR),J M Sheridan,0,D Hogan,6th,1 3/4 l,4,9-9tp1,-,True,162,30
Dundalk Racing Results | 21st February 2025 17:30,N/A,17:30,Standard,7f,Dontgowithjoe (IRE),J A Heffernan,0,M J Browne,5th,1/2 l,4,9-9,-,True,162,30
Dundalk Racing Results | 21st February 2025 17:30,N/A,17:30,Standard,7f,Quatrain (IRE),W J Lee,0,H De Bromhead,4th,Neck,4,9-4,-,True,162,30
Dundalk Racing Results | 21st February 2025 17:30,N/A,17:30,Standard,7f,Winsome (FR),J Pietropaolo,7,J P O'Brien,3rd,1 1/4 l,4,9-4,-,True,162,30
Dundalk Racing Results | 21st February 2025 17:30,N/A,17:30,Standard,7f,Colugo (IRE),L T McAteer,0,J M Barrett,2nd,1/2 l,4,9-4,-,True,162,30
Dundalk Racing Results | 21st February 2025 17:30,N/A,17:30,Standard,7f,Albion Power (IRE),Adam Caffrey,3,K H Clarke,1st,N/A,4,9-9,-,True,162,30
Dundalk Racing Results | 21st February 2025 17:30,N/A,17:30,Standard,7f,Onemorestar (IRE),G M Ryan,0,J Motherway,NR,N/A,4,9-4,-,True,162,30
Dundalk Racing Results | 21st February 2025 17:30,N/A,17:30,Standard,7f,Abiding Star (IRE),C D Hayes,0,John Hayes,NR,N/A,4,9-4,-,True,162,30
Dundalk Racing Results | 21st February 2025 17:30,N/A,17:30,Standard,7f,Certified Freak (IRE),L F Roche,0,E Sheehy,13th,10 l,4,9-4t,-,True,162,30
Dundalk Racing Results | 21st February 2025 17:30,N/A,17:30,Standard,7f,Barney McGee (IRE),R Donaghue-Leahy,7,J F O'Shea,12th,11 l,4,9-9,-,True,162,30
Dundalk Racing Results | 21st February 2025 17:30,N/A,17:30,Standard,7f,Clifton Light (IRE),R P Cleary,0,Miss Jennifer Anne Lynch,11th,3 1/2 l,4,9-4,-,True,162,30
Dundalk Racing Results | 21st February 2025 17:30,N/A,17:30,Standard,7f,Accompanist (IRE),B M Coen,0,A Kinirons,10th,Neck,4,9-4h,-,True,162,30
Dundalk Racing Results | 21st February 2025 17:30,N/A,17:30,Standard,7f,Red Hugh O'Donnell (IRE),D S O'Sullivan,7,G Scott,9th,1 l,4,9-9tp,-,True,162,30
Dundalk Racing Results | 21st February 2025 17:30,N/A,17:30,Standard,7f,Arcoiris,N M Crosse,0,M J Browne,8th,Short Head,4,9-4,-,True,162,30
Dundalk Racing Results | 21st February 2025 17:30,N/A,17:30,Standard,7f,Maharajjah (IRE),C D Hayes,0,J F Levins,7th,2 3/4 l,4,9-9p1,-,True,162,30
Dundalk Racing Results | 21st February 2025 17:30,N/A,17:30,Standard,7f,Mono River (FR),J M Sheridan,0,D Hogan,6th,1 3/4 l,4,9-9tp1,-,True,162,30
Dundalk Racing Results | 21st February 2025 17:30,N/A,17:30,Standard,7f,Dontgowithjoe (IRE),J A Heffernan,0,M J Browne,5th,1/2 l,4,9-9,-,True,162,30
Dundalk Racing Results | 21st February 2025 17:30,N/A,17:30,Standard,7f,Quatrain (IRE),W J Lee,0,H De Bromhead,4th,Neck,4,9-4,-,True,162,30
Dundalk Racing Results | 21st February 2025 17:30,N/A,17:30,Standard,7f,Winsome (FR),J Pietropaolo,7,J P O'Brien,3rd,1 1/4 l,4,9-4,-,True,162,30
Dundalk Racing Results | 21st February 2025 17:30,N/A,17:30,Standard,7f,Colugo (IRE),L T McAteer,0,J M Barrett,2nd,1/2 l,4,9-4,-,True,162,30
Dundalk Racing Results | 21st February 2025 17:30,N/A,17:30,Standard,7f,Albion Power (IRE),Adam Caffrey,3,K H Clarke,1st,N/A,4,9-9,-,True,162,30
Dundalk Racing Results | 21st February 2025 18:00,N/A,18:00,Standard,7f,Free Solo (IRE),L F Roche,0,P J F Murphy,NR,N/A,8,10-0,68,True,162,31
Dundalk Racing Results | 21st February 2025 18:00,N/A,18:00,Standard,7f,Thompson Gunner (IRE),J A Heffernan,0,Cian Hughes,13th,1 1/2 l,4,9-13,67,True,162,31
Dundalk Racing Results | 21st February 2025 18:00,N/A,18:00,Standard,7f,Sarmiento Power (IRE),R C Colgan,0,M J Smith,12th,5 1/2 l,4,9-3,57,True,162,31
Dundalk Racing Results | 21st February 2025 18:00,N/A,18:00,Standard,7f,Hemight (IRE),D J O'Connor,10,P F O'Donnell,11th,3 3/4 l,4,9-6,60,True,162,31
Dundalk Racing Results | 21st February 2025 18:00,N/A,18:00,Standard,7f,Jazzy Dancer (IRE),D S O'Sullivan,7,W J Martin,10th,Head,7,9-8p,62,True,162,31
Dundalk Racing Results | 21st February 2025 18:00,N/A,18:00,Standard,7f,Nika Pika (IRE),K J Leonard,0,N C Kelly,9th,Short Head,4,9-11,65,True,162,31
Dundalk Racing Results | 21st February 2025 18:00,N/A,18:00,Standard,7f,Brains (IRE),Nicola Burns,7,R Donohoe,8th,1 1/4 l,9,9-10tb,64,True,162,31
Dundalk Racing Results | 21st February 2025 18:00,N/A,18:00,Standard,7f,Little Keilee (IRE),Adam Caffrey,3,Ciaran Murphy,7th,1/2 l,5,10-1,69,True,162,31
Dundalk Racing Results | 21st February 2025 18:00,N/A,18:00,Standard,7f,An Laochmor (IRE),N M Crosse,0,J G Coogan,6th,Neck,4,9-2,56,True,162,31
Dundalk Racing Results | 21st February 2025 18:00,N/A,18:00,Standard,7f,Winemaker (FR),G M Ryan,0,D Dias,5th,Short Head,5,9-5,59,True,162,31
Dundalk Racing Results | 21st February 2025 18:00,N/A,18:00,Standard,7f,Senado Square,A Browne-Souza,10,A Slattery,4th,3/4 l,5,9-9,63,True,162,31
Dundalk Racing Results | 21st February 2025 18:00,N/A,18:00,Standard,7f,Punk Poet (IRE),C D Hayes,0,E Lynam,3rd,2 1/2 l,8,10-1t,69,True,162,31
Dundalk Racing Results | 21st February 2025 18:00,N/A,18:00,Standard,7f,Little Empire (IRE),L T McAteer,0,A McCann,2nd,2 1/2 l,5,10-2,70,True,162,31
Dundalk Racing Results | 21st February 2025 18:00,N/A,18:00,Standard,7f,Clonmacash,S Coen,7,A McGuinness,1st,N/A,4,9-10v,64,True,162,31
Dundalk Racing Results | 21st February 2025 18:00,N/A,18:00,Standard,7f,Free Solo (IRE),L F Roche,0,P J F Murphy,NR,N/A,8,10-0,68,True,162,31
Dundalk Racing Results | 21st February 2025 18:00,N/A,18:00,Standard,7f,Thompson Gunner (IRE),J A Heffernan,0,Cian Hughes,13th,1 1/2 l,4,9-13,67,True,162,31
Dundalk Racing Results | 21st February 2025 18:00,N/A,18:00,Standard,7f,Sarmiento Power (IRE),R C Colgan,0,M J Smith,12th,5 1/2 l,4,9-3,57,True,162,31
Dundalk Racing Results | 21st February 2025 18:00,N/A,18:00,Standard,7f,Hemight (IRE),D J O'Connor,10,P F O'Donnell,11th,3 3/4 l,4,9-6,60,True,162,31
Dundalk Racing Results | 21st February 2025 18:00,N/A,18:00,Standard,7f,Jazzy Dancer (IRE),D S O'Sullivan,7,W J Martin,10th,Head,7,9-8p,62,True,162,31
Dundalk Racing Results | 21st February 2025 18:00,N/A,18:00,Standard,7f,Nika Pika (IRE),K J Leonard,0,N C Kelly,9th,Short Head,4,9-11,65,True,162,31
Dundalk Racing Results | 21st February 2025 18:00,N/A,18:00,Standard,7f,Brains (IRE),Nicola Burns,7,R Donohoe,8th,1 1/4 l,9,9-10tb,64,True,162,31
Dundalk Racing Results | 21st February 2025 18:00,N/A,18:00,Standard,7f,Little Keilee (IRE),Adam Caffrey,3,Ciaran Murphy,7th,1/2 l,5,10-1,69,True,162,31
Dundalk Racing Results | 21st February 2025 18:00,N/A,18:00,Standard,7f,An Laochmor (IRE),N M Crosse,0,J G Coogan,6th,Neck,4,9-2,56,True,162,31
Dundalk Racing Results | 21st February 2025 18:00,N/A,18:00,Standard,7f,Winemaker (FR),G M Ryan,0,D Dias,5th,Short Head,5,9-5,59,True,162,31
Dundalk Racing Results | 21st February 2025 18:00,N/A,18:00,Standard,7f,Senado Square,A Browne-Souza,10,A Slattery,4th,3/4 l,5,9-9,63,True,162,31
Dundalk Racing Results | 21st February 2025 18:00,N/A,18:00,Standard,7f,Punk Poet (IRE),C D Hayes,0,E Lynam,3rd,2 1/2 l,8,10-1t,69,True,162,31
Dundalk Racing Results | 21st February 2025 18:00,N/A,18:00,Standard,7f,Little Empire (IRE),L T McAteer,0,A McCann,2nd,2 1/2 l,5,10-2,70,True,162,31
Dundalk Racing Results | 21st February 2025 18:00,N/A,18:00,Standard,7f,Clonmacash,S Coen,7,A McGuinness,1st,N/A,4,9-10v,64,True,162,31
Dundalk Racing Results | 21st February 2025 18:30,N/A,18:30,Standard,1m,Madam Zen (IRE),R P Cleary,0,A McGuinness,11th,2 3/4 l,3,9-3,-,True,162,32
Dundalk Racing Results | 21st February 2025 18:30,N/A,18:30,Standard,1m,Alumni Lia (IRE),J Cleary,5,A Murray,10th,1 l,3,9-3t1,-,True,162,32
Dundalk Racing Results | 21st February 2025 18:30,N/A,18:30,Standard,1m,Mischievous Millie (IRE),J M Sheridan,0,Ciaran Murphy,9th,4 1/4 l,3,9-3h1,-,True,162,32
Dundalk Racing Results | 21st February 2025 18:30,N/A,18:30,Standard,1m,Snapretend (IRE),N M Crosse,0,J P O'Brien,8th,1/2 l,3,9-3,-,True,162,32
Dundalk Racing Results | 21st February 2025 18:30,N/A,18:30,Standard,1m,Electric Beauty (IRE),J J G Ryan,3,K J Condon,7th,1/2 l,3,9-3,-,True,162,32
Dundalk Racing Results | 21st February 2025 18:30,N/A,18:30,Standard,1m,Alice Monet (IRE),L F Roche,0,D K Weld,6th,Head,3,9-3,-,True,162,32
Dundalk Racing Results | 21st February 2025 18:30,N/A,18:30,Standard,1m,Faithlegg Lodge,B M Coen,0,H De Bromhead,5th,1 1/4 l,3,9-3,-,True,162,32
Dundalk Racing Results | 21st February 2025 18:30,N/A,18:30,Standard,1m,Sottsands (IRE),Adam Caffrey,3,A McGuinness,4th,1 1/4 l,3,9-3v1,-,True,162,32
Dundalk Racing Results | 21st February 2025 18:30,N/A,18:30,Standard,1m,Sweet Bay (IRE),M P Sheehy,0,J P O'Brien,3rd,1 1/4 l,3,9-3t,-,True,162,32
Dundalk Racing Results | 21st February 2025 18:30,N/A,18:30,Standard,1m,Bella Isabella (IRE),C D Hayes,0,D K Weld,2nd,5 1/2 l,3,9-3,-,True,162,32
Dundalk Racing Results | 21st February 2025 18:30,N/A,18:30,Standard,1m,California Dreamer,W M Lordan,0,A Murray,1st,N/A,3,9-3,-,True,162,32
Dundalk Racing Results | 21st February 2025 18:30,N/A,18:30,Standard,1m,Madam Zen (IRE),R P Cleary,0,A McGuinness,11th,2 3/4 l,3,9-3,-,True,162,32
Dundalk Racing Results | 21st February 2025 18:30,N/A,18:30,Standard,1m,Alumni Lia (IRE),J Cleary,5,A Murray,10th,1 l,3,9-3t1,-,True,162,32
Dundalk Racing Results | 21st February 2025 18:30,N/A,18:30,Standard,1m,Mischievous Millie (IRE),J M Sheridan,0,Ciaran Murphy,9th,4 1/4 l,3,9-3h1,-,True,162,32
Dundalk Racing Results | 21st February 2025 18:30,N/A,18:30,Standard,1m,Snapretend (IRE),N M Crosse,0,J P O'Brien,8th,1/2 l,3,9-3,-,True,162,32
Dundalk Racing Results | 21st February 2025 18:30,N/A,18:30,Standard,1m,Electric Beauty (IRE),J J G Ryan,3,K J Condon,7th,1/2 l,3,9-3,-,True,162,32
Dundalk Racing Results | 21st February 2025 18:30,N/A,18:30,Standard,1m,Alice Monet (IRE),L F Roche,0,D K Weld,6th,Head,3,9-3,-,True,162,32
Dundalk Racing Results | 21st February 2025 18:30,N/A,18:30,Standard,1m,Faithlegg Lodge,B M Coen,0,H De Bromhead,5th,1 1/4 l,3,9-3,-,True,162,32
Dundalk Racing Results | 21st February 2025 18:30,N/A,18:30,Standard,1m,Sottsands (IRE),Adam Caffrey,3,A McGuinness,4th,1 1/4 l,3,9-3v1,-,True,162,32
Dundalk Racing Results | 21st February 2025 18:30,N/A,18:30,Standard,1m,Sweet Bay (IRE),M P Sheehy,0,J P O'Brien,3rd,1 1/4 l,3,9-3t,-,True,162,32
Dundalk Racing Results | 21st February 2025 18:30,N/A,18:30,Standard,1m,Bella Isabella (IRE),C D Hayes,0,D K Weld,2nd,5 1/2 l,3,9-3,-,True,162,32
Dundalk Racing Results | 21st February 2025 18:30,N/A,18:30,Standard,1m,California Dreamer,W M Lordan,0,A Murray,1st,N/A,3,9-3,-,True,162,32
Dundalk Racing Results | 21st February 2025 19:00,N/A,19:00,Standard,1m,Proleek Prince (IRE),W M Lordan,0,M Rice,11th,10 l,5,9-0,81,True,162,33
Dundalk Racing Results | 21st February 2025 19:00,N/A,19:00,Standard,1m,Glen Princess (IRE),Aileen O'Sullivan,7,K H Clarke,10th,1 1/4 l,4,8-8tb,75,True,162,33
Dundalk Racing Results | 21st February 2025 19:00,N/A,19:00,Standard,1m,Bucaneer's Spirit (IRE),J J G Ryan,3,J Davison,9th,Head,4,9-2b1,83,True,162,33
Dundalk Racing Results | 21st February 2025 19:00,N/A,19:00,Standard,1m,Hightimeyouwon,J Cleary,5,Stephen Thorne,8th,3/4 l,9,9-13b,94,True,162,33
Dundalk Racing Results | 21st February 2025 19:00,N/A,19:00,Standard,1m,Migdam (FR),C D Hayes,0,A McGuinness,7th,Neck,6,8-13v,80,True,162,33
Dundalk Racing Results | 21st February 2025 19:00,N/A,19:00,Standard,1m,I Am Superman (IRE),L F Roche,0,M O'Callaghan,6th,Head,9,10-4t,99,True,162,33
Dundalk Racing Results | 21st February 2025 19:00,N/A,19:00,Standard,1m,Perfect Judgement (IRE),J Kearney,5,Stephen Thorne,5th,Nose,4,9-11b,92,True,162,33
Dundalk Racing Results | 21st February 2025 19:00,N/A,19:00,Standard,1m,Cheers Again,Nicola Burns,7,P W Flynn,4th,1/2 l,6,9-5,86,True,162,33
Dundalk Racing Results | 21st February 2025 19:00,N/A,19:00,Standard,1m,Catch The Paddy (IRE),R M Mulligan,7,P J McKenna,3rd,1/2 l,5,9-6,87,True,162,33
Dundalk Racing Results | 21st February 2025 19:00,N/A,19:00,Standard,1m,Final Voyage (IRE),B M Coen,0,J P Murtagh,2nd,3/4 l,7,9-12,93,True,162,33
Dundalk Racing Results | 21st February 2025 19:00,N/A,19:00,Standard,1m,Exquisite Acclaim (IRE),Adam Caffrey,3,A McGuinness,1st,N/A,6,9-8p,89,True,162,33
Dundalk Racing Results | 21st February 2025 19:00,N/A,19:00,Standard,1m,Proleek Prince (IRE),W M Lordan,0,M Rice,11th,10 l,5,9-0,81,True,162,33
Dundalk Racing Results | 21st February 2025 19:00,N/A,19:00,Standard,1m,Glen Princess (IRE),Aileen O'Sullivan,7,K H Clarke,10th,1 1/4 l,4,8-8tb,75,True,162,33
Dundalk Racing Results | 21st February 2025 19:00,N/A,19:00,Standard,1m,Bucaneer's Spirit (IRE),J J G Ryan,3,J Davison,9th,Head,4,9-2b1,83,True,162,33
Dundalk Racing Results | 21st February 2025 19:00,N/A,19:00,Standard,1m,Hightimeyouwon,J Cleary,5,Stephen Thorne,8th,3/4 l,9,9-13b,94,True,162,33
Dundalk Racing Results | 21st February 2025 19:00,N/A,19:00,Standard,1m,Migdam (FR),C D Hayes,0,A McGuinness,7th,Neck,6,8-13v,80,True,162,33
Dundalk Racing Results | 21st February 2025 19:00,N/A,19:00,Standard,1m,I Am Superman (IRE),L F Roche,0,M O'Callaghan,6th,Head,9,10-4t,99,True,162,33
Dundalk Racing Results | 21st February 2025 19:00,N/A,19:00,Standard,1m,Perfect Judgement (IRE),J Kearney,5,Stephen Thorne,5th,Nose,4,9-11b,92,True,162,33
Dundalk Racing Results | 21st February 2025 19:00,N/A,19:00,Standard,1m,Cheers Again,Nicola Burns,7,P W Flynn,4th,1/2 l,6,9-5,86,True,162,33
Dundalk Racing Results | 21st February 2025 19:00,N/A,19:00,Standard,1m,Catch The Paddy (IRE),R M Mulligan,7,P J McKenna,3rd,1/2 l,5,9-6,87,True,162,33
Dundalk Racing Results | 21st February 2025 19:00,N/A,19:00,Standard,1m,Final Voyage (IRE),B M Coen,0,J P Murtagh,2nd,3/4 l,7,9-12,93,True,162,33
Dundalk Racing Results | 21st February 2025 19:00,N/A,19:00,Standard,1m,Exquisite Acclaim (IRE),Adam Caffrey,3,A McGuinness,1st,N/A,6,9-8p,89,True,162,33
Dundalk Racing Results | 21st February 2025 19:30,N/A,19:30,Standard,1m 2f 150y,Suityourselfboss (IRE),P A Harnett,0,M J Browne,NR,N/A,6,9-4,53,True,162,34
Dundalk Racing Results | 21st February 2025 19:30,N/A,19:30,Standard,1m 2f 150y,Ali's Court (IRE),P A Harnett,0,M A Cahill,14th,26 l,4,8-12p1,47,True,162,34
Dundalk Racing Results | 21st February 2025 19:30,N/A,19:30,Standard,1m 2f 150y,Sayfa Fad (IRE),Sorcha Woods,4,J Geoghegan,13th,1 3/4 l,4,8-13,48,True,162,34
Dundalk Racing Results | 21st February 2025 19:30,N/A,19:30,Standard,1m 2f 150y,Albion Princess,R Donaghue-Leahy,4,D Kinsella,12th,8 l,6,8-12ht,47,True,162,34
Dundalk Racing Results | 21st February 2025 19:30,N/A,19:30,Standard,1m 2f 150y,Rock Basher (IRE),W Joyce,0,S Crawley,11th,4 1/4 l,6,9-2,51,True,162,34
Dundalk Racing Results | 21st February 2025 19:30,N/A,19:30,Standard,1m 2f 150y,Jazz Forever (IRE),J Cleary,0,P W Flynn,10th,2 l,5,10-2,65,True,162,34
Dundalk Racing Results | 21st February 2025 19:30,N/A,19:30,Standard,1m 2f 150y,Zahee (IRE),R M Mulligan,2,J C McConnell,9th,1 l,10,9-0ht,49,True,162,34
Dundalk Racing Results | 21st February 2025 19:30,N/A,19:30,Standard,1m 2f 150y,Streetscape,J Pietropaolo,7,E McCarthy,8th,1/2 l,6,9-2b1,51,True,162,34
Dundalk Racing Results | 21st February 2025 19:30,N/A,19:30,Standard,1m 2f 150y,Tyder (IRE),J S Dalton,7,A Slattery,7th,1 3/4 l,4,9-1,50,True,162,34
Dundalk Racing Results | 21st February 2025 19:30,N/A,19:30,Standard,1m 2f 150y,Signor Ferrari (IRE),Nicola Burns,4,P J F Murphy,6th,Neck,4,10-9,72,True,162,34
Dundalk Racing Results | 21st February 2025 19:30,N/A,19:30,Standard,1m 2f 150y,Highland King (IRE),C D Fahy,7,J C McConnell,5th,2 3/4 l,6,9-9p,58,True,162,34
Dundalk Racing Results | 21st February 2025 19:30,N/A,19:30,Standard,1m 2f 150y,Doctor Grace (IRE),J Kearney,0,A McGuinness,4th,Neck,5,9-11p,60,True,162,34
Dundalk Racing Results | 21st February 2025 19:30,N/A,19:30,Standard,1m 2f 150y,Latin (IRE),D J O'Connor,7,D Hogan,3rd,3/4 l,4,9-4p,53,True,162,34
Dundalk Racing Results | 21st February 2025 19:30,N/A,19:30,Standard,1m 2f 150y,Ranko Express (IRE),S Coen,7,A Slattery,2nd,4 1/4 l,5,10-0,63,True,162,34
Dundalk Racing Results | 21st February 2025 19:30,N/A,19:30,Standard,1m 2f 150y,Darkened (IRE),D S O'Sullivan,7,N C Kelly,1st,N/A,9,9-7tb,56,True,162,34
Dundalk Racing Results | 21st February 2025 19:30,N/A,19:30,Standard,1m 2f 150y,Suityourselfboss (IRE),P A Harnett,0,M J Browne,NR,N/A,6,9-4,53,True,162,34
Dundalk Racing Results | 21st February 2025 19:30,N/A,19:30,Standard,1m 2f 150y,Ali's Court (IRE),P A Harnett,0,M A Cahill,14th,26 l,4,8-12p1,47,True,162,34
Dundalk Racing Results | 21st February 2025 19:30,N/A,19:30,Standard,1m 2f 150y,Sayfa Fad (IRE),Sorcha Woods,4,J Geoghegan,13th,1 3/4 l,4,8-13,48,True,162,34
Dundalk Racing Results | 21st February 2025 19:30,N/A,19:30,Standard,1m 2f 150y,Albion Princess,R Donaghue-Leahy,4,D Kinsella,12th,8 l,6,8-12ht,47,True,162,34
Dundalk Racing Results | 21st February 2025 19:30,N/A,19:30,Standard,1m 2f 150y,Rock Basher (IRE),W Joyce,0,S Crawley,11th,4 1/4 l,6,9-2,51,True,162,34
Dundalk Racing Results | 21st February 2025 19:30,N/A,19:30,Standard,1m 2f 150y,Jazz Forever (IRE),J Cleary,0,P W Flynn,10th,2 l,5,10-2,65,True,162,34
Dundalk Racing Results | 21st February 2025 19:30,N/A,19:30,Standard,1m 2f 150y,Zahee (IRE),R M Mulligan,2,J C McConnell,9th,1 l,10,9-0ht,49,True,162,34
Dundalk Racing Results | 21st February 2025 19:30,N/A,19:30,Standard,1m 2f 150y,Streetscape,J Pietropaolo,7,E McCarthy,8th,1/2 l,6,9-2b1,51,True,162,34
Dundalk Racing Results | 21st February 2025 19:30,N/A,19:30,Standard,1m 2f 150y,Tyder (IRE),J S Dalton,7,A Slattery,7th,1 3/4 l,4,9-1,50,True,162,34
Dundalk Racing Results | 21st February 2025 19:30,N/A,19:30,Standard,1m 2f 150y,Signor Ferrari (IRE),Nicola Burns,4,P J F Murphy,6th,Neck,4,10-9,72,True,162,34
Dundalk Racing Results | 21st February 2025 19:30,N/A,19:30,Standard,1m 2f 150y,Highland King (IRE),C D Fahy,7,J C McConnell,5th,2 3/4 l,6,9-9p,58,True,162,34
Dundalk Racing Results | 21st February 2025 19:30,N/A,19:30,Standard,1m 2f 150y,Doctor Grace (IRE),J Kearney,0,A McGuinness,4th,Neck,5,9-11p,60,True,162,34
Dundalk Racing Results | 21st February 2025 19:30,N/A,19:30,Standard,1m 2f 150y,Latin (IRE),D J O'Connor,7,D Hogan,3rd,3/4 l,4,9-4p,53,True,162,34
Dundalk Racing Results | 21st February 2025 19:30,N/A,19:30,Standard,1m 2f 150y,Ranko Express (IRE),S Coen,7,A Slattery,2nd,4 1/4 l,5,10-0,63,True,162,34
Dundalk Racing Results | 21st February 2025 19:30,N/A,19:30,Standard,1m 2f 150y,Darkened (IRE),D S O'Sullivan,7,N C Kelly,1st,N/A,9,9-7tb,56,True,162,34
Dundalk Racing Results | 21st February 2025 20:00,N/A,20:00,Standard,1m 2f 150y,Spicy Margarita (IRE),C T Keane,0,A Murray,NR,N/A,3,9-12,-,True,162,35
Dundalk Racing Results | 21st February 2025 20:00,N/A,20:00,Standard,1m 2f 150y,Just Before (USA),J A Heffernan,0,W P Browne,4th,3/4 l,3,9-6,-,True,162,35
Dundalk Racing Results | 21st February 2025 20:00,N/A,20:00,Standard,1m 2f 150y,Iowntheball,C D Hayes,0,K Prendergast,3rd,1 1/4 l,3,9-4,-,True,162,35
Dundalk Racing Results | 21st February 2025 20:00,N/A,20:00,Standard,1m 2f 150y,Jaliyah (IRE),W M Lordan,0,A Murray,2nd,2 1/4 l,3,9-4,-,True,162,35
Dundalk Racing Results | 21st February 2025 20:00,N/A,20:00,Standard,1m 2f 150y,Carolina Jetstream,W J Lee,0,A Murray,1st,N/A,3,9-5,-,True,162,35
Dundalk Racing Results | 21st February 2025 20:00,N/A,20:00,Standard,1m 2f 150y,Spicy Margarita (IRE),C T Keane,0,A Murray,NR,N/A,3,9-12,-,True,162,35
Dundalk Racing Results | 21st February 2025 20:00,N/A,20:00,Standard,1m 2f 150y,Just Before (USA),J A Heffernan,0,W P Browne,4th,3/4 l,3,9-6,-,True,162,35
Dundalk Racing Results | 21st February 2025 20:00,N/A,20:00,Standard,1m 2f 150y,Iowntheball,C D Hayes,0,K Prendergast,3rd,1 1/4 l,3,9-4,-,True,162,35
Dundalk Racing Results | 21st February 2025 20:00,N/A,20:00,Standard,1m 2f 150y,Jaliyah (IRE),W M Lordan,0,A Murray,2nd,2 1/4 l,3,9-4,-,True,162,35
Dundalk Racing Results | 21st February 2025 20:00,N/A,20:00,Standard,1m 2f 150y,Carolina Jetstream,W J Lee,0,A Murray,1st,N/A,3,9-5,-,True,162,35
Dundalk Racing Results | 21st February 2025 20:30,N/A,20:30,Standard,1m 4f,Aird,W J Lee,0,H De Bromhead,NR,N/A,5,9-6t,72,True,162,36
Dundalk Racing Results | 21st February 2025 20:30,N/A,20:30,Standard,1m 4f,Redwood Queen (IRE),S P Davis,0,C Byrnes,7th,9 l,8,9-3,69,True,162,36
Dundalk Racing Results | 21st February 2025 20:30,N/A,20:30,Standard,1m 4f,Rene Artois (IRE),Rebecca Parsons,10,J Nash,6th,2 1/2 l,6,8-12,64,True,162,36
Dundalk Racing Results | 21st February 2025 20:30,N/A,20:30,Standard,1m 4f,Satono Chevalier (IRE),B M Coen,0,R O'Brien,5th,4 1/2 l,7,10-4,84,True,162,36
Dundalk Racing Results | 21st February 2025 20:30,N/A,20:30,Standard,1m 4f,Pavilion End,J Kearney,5,C O'Brien,4th,1 1/2 l,5,10-0,80,True,162,36
Dundalk Racing Results | 21st February 2025 20:30,N/A,20:30,Standard,1m 4f,Solar Breeze (IRE),S Coen,7,Daniel McLoughlin,3rd,1 1/4 l,6,9-11,77,True,162,36
Dundalk Racing Results | 21st February 2025 20:30,N/A,20:30,Standard,1m 4f,Theophilos (IRE),J J G Ryan,3,G Keane,2nd,Nose,6,9-4t,70,True,162,36
Dundalk Racing Results | 21st February 2025 20:30,N/A,20:30,Standard,1m 4f,Sir Callisto (IRE),J A Heffernan,0,A J Martin,1st,N/A,5,9-8t,74,True,162,36
Dundalk Racing Results | 21st February 2025 20:30,N/A,20:30,Standard,1m 4f,Aird,W J Lee,0,H De Bromhead,NR,N/A,5,9-6t,72,True,162,36
Dundalk Racing Results | 21st February 2025 20:30,N/A,20:30,Standard,1m 4f,Redwood Queen (IRE),S P Davis,0,C Byrnes,7th,9 l,8,9-3,69,True,162,36
Dundalk Racing Results | 21st February 2025 20:30,N/A,20:30,Standard,1m 4f,Rene Artois (IRE),Rebecca Parsons,10,J Nash,6th,2 1/2 l,6,8-12,64,True,162,36
Dundalk Racing Results | 21st February 2025 20:30,N/A,20:30,Standard,1m 4f,Satono Chevalier (IRE),B M Coen,0,R O'Brien,5th,4 1/2 l,7,10-4,84,True,162,36
Dundalk Racing Results | 21st February 2025 20:30,N/A,20:30,Standard,1m 4f,Pavilion End,J Kearney,5,C O'Brien,4th,1 1/2 l,5,10-0,80,True,162,36
Dundalk Racing Results | 21st February 2025 20:30,N/A,20:30,Standard,1m 4f,Solar Breeze (IRE),S Coen,7,Daniel McLoughlin,3rd,1 1/4 l,6,9-11,77,True,162,36
Dundalk Racing Results | 21st February 2025 20:30,N/A,20:30,Standard,1m 4f,Theophilos (IRE),J J G Ryan,3,G Keane,2nd,Nose,6,9-4t,70,True,162,36
Dundalk Racing Results | 21st February 2025 20:30,N/A,20:30,Standard,1m 4f,Sir Callisto (IRE),J A Heffernan,0,A J Martin,1st,N/A,5,9-8t,74,True,162,36
N/A,N/A,13:05,Soft (Soft To Heavy In Places),2m,Ufouria (IRE),C Stone-Walsh,5,P Nolan,F,N/A,7,11-3,-,True,162,37
N/A,N/A,13:05,Soft (Soft To Heavy In Places),2m,Quality Control (IRE),D J Gilligan,0,G Elliott,11th,37 l,5,11-12,-,True,162,37
N/A,N/A,13:05,Soft (Soft To Heavy In Places),2m,Reliable Prince (FR),Mr J L Gleeson,3,E Bolger,10th,4 1/4 l,5,11-8,-,True,162,37
N/A,N/A,13:05,Soft (Soft To Heavy In Places),2m,Hay Baby (IRE),S W Flanagan,0,Peter Fahey,9th,4 3/4 l,6,11-5,-,True,162,37
N/A,N/A,13:05,Soft (Soft To Heavy In Places),2m,Tennesse Boy (IRE),P T Enright,0,R Tyner,8th,Neck,6,11-8,-,True,162,37
N/A,N/A,13:05,Soft (Soft To Heavy In Places),2m,Annie Button (IRE),R A Doyle,0,P Flood,7th,9 1/2 l,5,10-11,-,True,162,37
N/A,N/A,13:05,Soft (Soft To Heavy In Places),2m,Arch Hall (IRE),B W Harvey,0,Joseph Murray,6th,16 l,5,11-4t,-,True,162,37
N/A,N/A,13:05,Soft (Soft To Heavy In Places),2m,Johanna'sjean (IRE),C P Millar,5,Thomas Coyle,5th,8 l,6,10-11,-,True,162,37
N/A,N/A,13:05,Soft (Soft To Heavy In Places),2m,De Temps En Temps (IRE),K M Donoghue,0,G P Cromwell,4th,1/2 l,6,11-10,-,True,162,37
N/A,N/A,13:05,Soft (Soft To Heavy In Places),2m,Watchful Protector (IRE),D Meyler,0,E Mullins,3rd,15 l,5,11-8,-,True,162,37
N/A,N/A,13:05,Soft (Soft To Heavy In Places),2m,Kish Bank (IRE),Sam Ewing,0,G Elliott,2nd,5 1/2 l,6,11-12,-,True,162,37
N/A,N/A,13:05,Soft (Soft To Heavy In Places),2m,Great Attitude (GER),T Power Roche,5,T Cleary,1st,N/A,6,11-12,-,True,162,37
N/A,N/A,13:05,Soft (Soft To Heavy In Places),2m,Ufouria (IRE),C Stone-Walsh,5,P Nolan,F,N/A,7,11-3,-,True,162,37
N/A,N/A,13:05,Soft (Soft To Heavy In Places),2m,Quality Control (IRE),D J Gilligan,0,G Elliott,11th,37 l,5,11-12,-,True,162,37
N/A,N/A,13:05,Soft (Soft To Heavy In Places),2m,Reliable Prince (FR),Mr J L Gleeson,3,E Bolger,10th,4 1/4 l,5,11-8,-,True,162,37
N/A,N/A,13:05,Soft (Soft To Heavy In Places),2m,Hay Baby (IRE),S W Flanagan,0,Peter Fahey,9th,4 3/4 l,6,11-5,-,True,162,37
N/A,N/A,13:05,Soft (Soft To Heavy In Places),2m,Tennesse Boy (IRE),P T Enright,0,R Tyner,8th,Neck,6,11-8,-,True,162,37
N/A,N/A,13:05,Soft (Soft To Heavy In Places),2m,Annie Button (IRE),R A Doyle,0,P Flood,7th,9 1/2 l,5,10-11,-,True,162,37
N/A,N/A,13:05,Soft (Soft To Heavy In Places),2m,Arch Hall (IRE),B W Harvey,0,Joseph Murray,6th,16 l,5,11-4t,-,True,162,37
N/A,N/A,13:05,Soft (Soft To Heavy In Places),2m,Johanna'sjean (IRE),C P Millar,5,Thomas Coyle,5th,8 l,6,10-11,-,True,162,37
N/A,N/A,13:05,Soft (Soft To Heavy In Places),2m,De Temps En Temps (IRE),K M Donoghue,0,G P Cromwell,4th,1/2 l,6,11-10,-,True,162,37
N/A,N/A,13:05,Soft (Soft To Heavy In Places),2m,Watchful Protector (IRE),D Meyler,0,E Mullins,3rd,15 l,5,11-8,-,True,162,37
N/A,N/A,13:05,Soft (Soft To Heavy In Places),2m,Kish Bank (IRE),Sam Ewing,0,G Elliott,2nd,5 1/2 l,6,11-12,-,True,162,37
N/A,N/A,13:05,Soft (Soft To Heavy In Places),2m,Great Attitude (GER),T Power Roche,5,T Cleary,1st,N/A,6,11-12,-,True,162,37
N/A,N/A,13:40,Soft (Soft To Heavy In Places),2m,Kaptain Bay (IRE),D Meyler,0,N Meade,PU,N/A,4,11-6t,109,True,162,38
N/A,N/A,13:40,Soft (Soft To Heavy In Places),2m,Set The Tone (IRE),S W Flanagan,0,D M O'Brien,6th,1 1/4 l,4,10-9t1,98,True,162,38
N/A,N/A,13:40,Soft (Soft To Heavy In Places),2m,Chortal,D J Gilligan,0,G Elliott,5th,15 l,4,11-9t,112,True,162,38
N/A,N/A,13:40,Soft (Soft To Heavy In Places),2m,Lakota Blue (FR),C P Millar,5,G Elliott,4th,18 l,4,11-6b,109,True,162,38
N/A,N/A,13:40,Soft (Soft To Heavy In Places),2m,Butter Fingers (IRE),T P Harney,7,R O'Sullivan,3rd,7 1/2 l,4,11-12,115,True,162,38
N/A,N/A,13:40,Soft (Soft To Heavy In Places),2m,Janes Harbour (IRE),M P Walsh,0,J P O'Brien,2nd,2 l,4,11-2ht1,105,True,162,38
N/A,N/A,13:40,Soft (Soft To Heavy In Places),2m,Maxios Prime (IRE),T Power Roche,5,P J Rothwell,1st,N/A,4,10-4,93,True,162,38
N/A,N/A,13:40,Soft (Soft To Heavy In Places),2m,Kaptain Bay (IRE),D Meyler,0,N Meade,PU,N/A,4,11-6t,109,True,162,38
N/A,N/A,13:40,Soft (Soft To Heavy In Places),2m,Set The Tone (IRE),S W Flanagan,0,D M O'Brien,6th,1 1/4 l,4,10-9t1,98,True,162,38
N/A,N/A,13:40,Soft (Soft To Heavy In Places),2m,Chortal,D J Gilligan,0,G Elliott,5th,15 l,4,11-9t,112,True,162,38
N/A,N/A,13:40,Soft (Soft To Heavy In Places),2m,Lakota Blue (FR),C P Millar,5,G Elliott,4th,18 l,4,11-6b,109,True,162,38
N/A,N/A,13:40,Soft (Soft To Heavy In Places),2m,Butter Fingers (IRE),T P Harney,7,R O'Sullivan,3rd,7 1/2 l,4,11-12,115,True,162,38
N/A,N/A,13:40,Soft (Soft To Heavy In Places),2m,Janes Harbour (IRE),M P Walsh,0,J P O'Brien,2nd,2 l,4,11-2ht1,105,True,162,38
N/A,N/A,13:40,Soft (Soft To Heavy In Places),2m,Maxios Prime (IRE),T Power Roche,5,P J Rothwell,1st,N/A,4,10-4,93,True,162,38
N/A,N/A,14:15,Soft (Soft To Heavy In Places),2m 4f,Glen Kiln (IRE),B Hayes,0,M J Bowe,PU,N/A,6,11-1,124,True,162,39
N/A,N/A,14:15,Soft (Soft To Heavy In Places),2m 4f,Kings Hill (IRE),J G Gilligan,5,P J Gilligan,PU,N/A,6,11-7,130,True,162,39
N/A,N/A,14:15,Soft (Soft To Heavy In Places),2m 4f,Alpesh Amin (IRE),C P McNamara,0,E McNamara,PU,N/A,8,11-1,124,True,162,39
N/A,N/A,14:15,Soft (Soft To Heavy In Places),2m 4f,Starzov (IRE),T Power Roche,5,P J Rothwell,PU,N/A,8,10-8p,117,True,162,39
N/A,N/A,14:15,Soft (Soft To Heavy In Places),2m 4f,Dancing Jeremy (IRE),P K Donovan,5,James Andrew Fahey,F,N/A,10,10-9,118,True,162,39
N/A,N/A,14:15,Soft (Soft To Heavy In Places),2m 4f,Sporting Glory (IRE),Sam Ewing,0,G Elliott,11th,6 1/2 l,9,11-7,130,True,162,39
N/A,N/A,14:15,Soft (Soft To Heavy In Places),2m 4f,No Looking Back (IRE),P T Enright,0,O McKiernan,10th,1 1/2 l,7,11-7t,130,True,162,39
N/A,N/A,14:15,Soft (Soft To Heavy In Places),2m 4f,Thornleigh Frank (IRE),R A Doyle,0,M Fahey,9th,4 1/2 l,8,11-1h1,124,True,162,39
N/A,N/A,14:15,Soft (Soft To Heavy In Places),2m 4f,Attaboyarchie (IRE),Miss E J Sweeney,7,K Thornton,8th,11 l,8,10-1,110,True,162,39
N/A,N/A,14:15,Soft (Soft To Heavy In Places),2m 4f,Donnie Devito (IRE),T P Harney,7,R O'Sullivan,7th,11 l,6,11-4ht,127,True,162,39
N/A,N/A,14:15,Soft (Soft To Heavy In Places),2m 4f,Shadow Rider (FR),P T Smithers,7,P Roche,6th,18 l,11,11-11,134,True,162,39
N/A,N/A,14:15,Soft (Soft To Heavy In Places),2m 4f,Whatcouldhavebeen (IRE),A P Kelly,5,J P Fahey,5th,1 1/2 l,7,11-12p,135,True,162,39
N/A,N/A,14:15,Soft (Soft To Heavy In Places),2m 4f,Prends Garde A Toi (FR),D J Gilligan,0,G Elliott,4th,4 1/2 l,6,11-2,125,True,162,39
N/A,N/A,14:15,Soft (Soft To Heavy In Places),2m 4f,Slane Hill (IRE),S W Flanagan,0,B Connell,3rd,2 1/4 l,8,11-2b,125,True,162,39
N/A,N/A,14:15,Soft (Soft To Heavy In Places),2m 4f,Beckett Rock (IRE),Rachael Blackmore,0,H De Bromhead,2nd,2 1/2 l,6,11-12,135,True,162,39
N/A,N/A,14:15,Soft (Soft To Heavy In Places),2m 4f,Barry Lyndon (IRE),L A McKenna,5,D A McLoughlin,1st,N/A,7,11-5tp1,128,True,162,39
N/A,N/A,14:15,Soft (Soft To Heavy In Places),2m 4f,Glen Kiln (IRE),B Hayes,0,M J Bowe,PU,N/A,6,11-1,124,True,162,39
N/A,N/A,14:15,Soft (Soft To Heavy In Places),2m 4f,Kings Hill (IRE),J G Gilligan,5,P J Gilligan,PU,N/A,6,11-7,130,True,162,39
N/A,N/A,14:15,Soft (Soft To Heavy In Places),2m 4f,Alpesh Amin (IRE),C P McNamara,0,E McNamara,PU,N/A,8,11-1,124,True,162,39
N/A,N/A,14:15,Soft (Soft To Heavy In Places),2m 4f,Starzov (IRE),T Power Roche,5,P J Rothwell,PU,N/A,8,10-8p,117,True,162,39
N/A,N/A,14:15,Soft (Soft To Heavy In Places),2m 4f,Dancing Jeremy (IRE),P K Donovan,5,James Andrew Fahey,F,N/A,10,10-9,118,True,162,39
N/A,N/A,14:15,Soft (Soft To Heavy In Places),2m 4f,Sporting Glory (IRE),Sam Ewing,0,G Elliott,11th,6 1/2 l,9,11-7,130,True,162,39
N/A,N/A,14:15,Soft (Soft To Heavy In Places),2m 4f,No Looking Back (IRE),P T Enright,0,O McKiernan,10th,1 1/2 l,7,11-7t,130,True,162,39
N/A,N/A,14:15,Soft (Soft To Heavy In Places),2m 4f,Thornleigh Frank (IRE),R A Doyle,0,M Fahey,9th,4 1/2 l,8,11-1h1,124,True,162,39
N/A,N/A,14:15,Soft (Soft To Heavy In Places),2m 4f,Attaboyarchie (IRE),Miss E J Sweeney,7,K Thornton,8th,11 l,8,10-1,110,True,162,39
N/A,N/A,14:15,Soft (Soft To Heavy In Places),2m 4f,Donnie Devito (IRE),T P Harney,7,R O'Sullivan,7th,11 l,6,11-4ht,127,True,162,39
N/A,N/A,14:15,Soft (Soft To Heavy In Places),2m 4f,Shadow Rider (FR),P T Smithers,7,P Roche,6th,18 l,11,11-11,134,True,162,39
N/A,N/A,14:15,Soft (Soft To Heavy In Places),2m 4f,Whatcouldhavebeen (IRE),A P Kelly,5,J P Fahey,5th,1 1/2 l,7,11-12p,135,True,162,39
N/A,N/A,14:15,Soft (Soft To Heavy In Places),2m 4f,Prends Garde A Toi (FR),D J Gilligan,0,G Elliott,4th,4 1/2 l,6,11-2,125,True,162,39
N/A,N/A,14:15,Soft (Soft To Heavy In Places),2m 4f,Slane Hill (IRE),S W Flanagan,0,B Connell,3rd,2 1/4 l,8,11-2b,125,True,162,39
N/A,N/A,14:15,Soft (Soft To Heavy In Places),2m 4f,Beckett Rock (IRE),Rachael Blackmore,0,H De Bromhead,2nd,2 1/2 l,6,11-12,135,True,162,39
N/A,N/A,14:15,Soft (Soft To Heavy In Places),2m 4f,Barry Lyndon (IRE),L A McKenna,5,D A McLoughlin,1st,N/A,7,11-5tp1,128,True,162,39
N/A,N/A,14:50,Soft (Soft To Heavy In Places),2m 4f,Nephin Beg (IRE),Non Runner,0,P J Rothwell,NR,N/A,7,10-12b1,95,True,162,40
N/A,N/A,14:50,Soft (Soft To Heavy In Places),2m 4f,One And Only (IRE),J I Duggan,7,O McKiernan,NR,N/A,7,11-0tp,97,True,162,40
N/A,N/A,14:50,Soft (Soft To Heavy In Places),2m 4f,Kingkong Ciergues (FR),T Power Roche,5,P J Rothwell,NR,N/A,5,10-8,91,True,162,40
N/A,N/A,14:50,Soft (Soft To Heavy In Places),2m 4f,Annamaymurt (IRE),J G Gilligan,5,P J Gilligan,PU,N/A,8,11-2t,99,True,162,40
N/A,N/A,14:50,Soft (Soft To Heavy In Places),2m 4f,In For The Night (IRE),M P Walsh,0,D McDonogh,PU,N/A,7,11-11,108,True,162,40
N/A,N/A,14:50,Soft (Soft To Heavy In Places),2m 4f,Wardens Whisper (IRE),T Power Roche,5,P J Rothwell,PU,N/A,6,11-3p,100,True,162,40
N/A,N/A,14:50,Soft (Soft To Heavy In Places),2m 4f,Rajsalad (FR),C G O'Dwyer,5,C O'Dwyer,PU,N/A,9,11-3,100,True,162,40
N/A,N/A,14:50,Soft (Soft To Heavy In Places),2m 4f,Simpletwistoffaith (IRE),R A Doyle,0,Patrick J Hassett,PU,N/A,8,11-6p1,103,True,162,40
N/A,N/A,14:50,Soft (Soft To Heavy In Places),2m 4f,Kilbarry Ce Ce (IRE),C M Quirke,3,C O'Keeffe,PU,N/A,5,11-7h1,104,True,162,40
N/A,N/A,14:50,Soft (Soft To Heavy In Places),2m 4f,Aswellasabentley (IRE),S D Torrens,0,L Lennon,PU,N/A,4,10-3,100,True,162,40
N/A,N/A,14:50,Soft (Soft To Heavy In Places),2m 4f,Whale Harbour (IRE),K M Donoghue,0,Ian Donoghue,PU,N/A,6,11-12t1,109,True,162,40
N/A,N/A,14:50,Soft (Soft To Heavy In Places),2m 4f,Way Down South (IRE),S W Flanagan,0,G Scott,PU,N/A,6,11-9,106,True,162,40
N/A,N/A,14:50,Soft (Soft To Heavy In Places),2m 4f,Leah's Contessa (IRE),D J Gilligan,0,C Collins,PU,N/A,5,11-5h1,102,True,162,40
N/A,N/A,14:50,Soft (Soft To Heavy In Places),2m 4f,Lord Lariat (IRE),P J O'Hanlon,0,D A McLoughlin,PU,N/A,10,11-9t,106,True,162,40
N/A,N/A,14:50,Soft (Soft To Heavy In Places),2m 4f,Real Empire,R P Treacy,0,Miss T L Cogan,12th,45 l,5,10-12h,95,True,162,40
N/A,N/A,14:50,Soft (Soft To Heavy In Places),2m 4f,Kobalt St Georges (FR),P T Enright,0,R Tyner,11th,4 3/4 l,5,10-10,93,True,162,40
N/A,N/A,14:50,Soft (Soft To Heavy In Places),2m 4f,Brianna Lily (IRE),K Callaghan,5,J Barcoe,10th,3 1/4 l,8,11-5,102,True,162,40
N/A,N/A,14:50,Soft (Soft To Heavy In Places),2m 4f,Glenetty (IRE),P M O'Brien,7,C O'Connell,9th,5 1/2 l,8,10-11,94,True,162,40
N/A,N/A,14:50,Soft (Soft To Heavy In Places),2m 4f,Read To Return (IRE),D King,0,A J Martin,8th,3 1/2 l,8,11-2t,99,True,162,40
N/A,N/A,14:50,Soft (Soft To Heavy In Places),2m 4f,Glorytogod Tom (IRE),Mr D M Fitzgerald,7,M P Fitzgerald,7th,4 3/4 l,8,11-5h,102,True,162,40
N/A,N/A,14:50,Soft (Soft To Heavy In Places),2m 4f,Elusive Guy (IRE),P T Smithers,7,J P Fahey,6th,1 3/4 l,7,11-7,104,True,162,40
N/A,N/A,14:50,Soft (Soft To Heavy In Places),2m 4f,Chosen Shant (IRE),D Meyler,0,N Meade,5th,8 1/2 l,9,10-7t,90,True,162,40
N/A,N/A,14:50,Soft (Soft To Heavy In Places),2m 4f,Nettuno Italia (IRE),S R Markey,7,R O'Sullivan,4th,Head,5,10-6,89,True,162,40
N/A,N/A,14:50,Soft (Soft To Heavy In Places),2m 4f,Nelson County (IRE),D J O'Keeffe,0,R O'Sullivan,3rd,1 1/4 l,5,11-7,104,True,162,40
N/A,N/A,14:50,Soft (Soft To Heavy In Places),2m 4f,Joya Del Mar (IRE),L A McKenna,5,D A McLoughlin,2nd,4 1/4 l,7,11-3,100,True,162,40
N/A,N/A,14:50,Soft (Soft To Heavy In Places),2m 4f,Westernersunrise (IRE),P K Donovan,5,James Andrew Fahey,1st,N/A,6,10-12t,95,True,162,40
N/A,N/A,14:50,Soft (Soft To Heavy In Places),2m 4f,Nephin Beg (IRE),Non Runner,0,P J Rothwell,NR,N/A,7,10-12b1,95,True,162,40
N/A,N/A,14:50,Soft (Soft To Heavy In Places),2m 4f,One And Only (IRE),J I Duggan,7,O McKiernan,NR,N/A,7,11-0tp,97,True,162,40
N/A,N/A,14:50,Soft (Soft To Heavy In Places),2m 4f,Kingkong Ciergues (FR),T Power Roche,5,P J Rothwell,NR,N/A,5,10-8,91,True,162,40
N/A,N/A,14:50,Soft (Soft To Heavy In Places),2m 4f,Annamaymurt (IRE),J G Gilligan,5,P J Gilligan,PU,N/A,8,11-2t,99,True,162,40
N/A,N/A,14:50,Soft (Soft To Heavy In Places),2m 4f,In For The Night (IRE),M P Walsh,0,D McDonogh,PU,N/A,7,11-11,108,True,162,40
N/A,N/A,14:50,Soft (Soft To Heavy In Places),2m 4f,Wardens Whisper (IRE),T Power Roche,5,P J Rothwell,PU,N/A,6,11-3p,100,True,162,40
N/A,N/A,14:50,Soft (Soft To Heavy In Places),2m 4f,Rajsalad (FR),C G O'Dwyer,5,C O'Dwyer,PU,N/A,9,11-3,100,True,162,40
N/A,N/A,14:50,Soft (Soft To Heavy In Places),2m 4f,Simpletwistoffaith (IRE),R A Doyle,0,Patrick J Hassett,PU,N/A,8,11-6p1,103,True,162,40
N/A,N/A,14:50,Soft (Soft To Heavy In Places),2m 4f,Kilbarry Ce Ce (IRE),C M Quirke,3,C O'Keeffe,PU,N/A,5,11-7h1,104,True,162,40
N/A,N/A,14:50,Soft (Soft To Heavy In Places),2m 4f,Aswellasabentley (IRE),S D Torrens,0,L Lennon,PU,N/A,4,10-3,100,True,162,40
N/A,N/A,14:50,Soft (Soft To Heavy In Places),2m 4f,Whale Harbour (IRE),K M Donoghue,0,Ian Donoghue,PU,N/A,6,11-12t1,109,True,162,40
N/A,N/A,14:50,Soft (Soft To Heavy In Places),2m 4f,Way Down South (IRE),S W Flanagan,0,G Scott,PU,N/A,6,11-9,106,True,162,40
N/A,N/A,14:50,Soft (Soft To Heavy In Places),2m 4f,Leah's Contessa (IRE),D J Gilligan,0,C Collins,PU,N/A,5,11-5h1,102,True,162,40
N/A,N/A,14:50,Soft (Soft To Heavy In Places),2m 4f,Lord Lariat (IRE),P J O'Hanlon,0,D A McLoughlin,PU,N/A,10,11-9t,106,True,162,40
N/A,N/A,14:50,Soft (Soft To Heavy In Places),2m 4f,Real Empire,R P Treacy,0,Miss T L Cogan,12th,45 l,5,10-12h,95,True,162,40
N/A,N/A,14:50,Soft (Soft To Heavy In Places),2m 4f,Kobalt St Georges (FR),P T Enright,0,R Tyner,11th,4 3/4 l,5,10-10,93,True,162,40
N/A,N/A,14:50,Soft (Soft To Heavy In Places),2m 4f,Brianna Lily (IRE),K Callaghan,5,J Barcoe,10th,3 1/4 l,8,11-5,102,True,162,40
N/A,N/A,14:50,Soft (Soft To Heavy In Places),2m 4f,Glenetty (IRE),P M O'Brien,7,C O'Connell,9th,5 1/2 l,8,10-11,94,True,162,40
N/A,N/A,14:50,Soft (Soft To Heavy In Places),2m 4f,Read To Return (IRE),D King,0,A J Martin,8th,3 1/2 l,8,11-2t,99,True,162,40
N/A,N/A,14:50,Soft (Soft To Heavy In Places),2m 4f,Glorytogod Tom (IRE),Mr D M Fitzgerald,7,M P Fitzgerald,7th,4 3/4 l,8,11-5h,102,True,162,40
N/A,N/A,14:50,Soft (Soft To Heavy In Places),2m 4f,Elusive Guy (IRE),P T Smithers,7,J P Fahey,6th,1 3/4 l,7,11-7,104,True,162,40
N/A,N/A,14:50,Soft (Soft To Heavy In Places),2m 4f,Chosen Shant (IRE),D Meyler,0,N Meade,5th,8 1/2 l,9,10-7t,90,True,162,40
N/A,N/A,14:50,Soft (Soft To Heavy In Places),2m 4f,Nettuno Italia (IRE),S R Markey,7,R O'Sullivan,4th,Head,5,10-6,89,True,162,40
N/A,N/A,14:50,Soft (Soft To Heavy In Places),2m 4f,Nelson County (IRE),D J O'Keeffe,0,R O'Sullivan,3rd,1 1/4 l,5,11-7,104,True,162,40
N/A,N/A,14:50,Soft (Soft To Heavy In Places),2m 4f,Joya Del Mar (IRE),L A McKenna,5,D A McLoughlin,2nd,4 1/4 l,7,11-3,100,True,162,40
N/A,N/A,14:50,Soft (Soft To Heavy In Places),2m 4f,Westernersunrise (IRE),P K Donovan,5,James Andrew Fahey,1st,N/A,6,10-12t,95,True,162,40
N/A,N/A,15:25,Soft (Soft To Heavy In Places),3m 1f 165y,I Am Maximus (FR),P Townend,0,W P Mullins,NR,N/A,9,11-12,-,True,162,41
N/A,N/A,15:25,Soft (Soft To Heavy In Places),3m 1f 165y,Affordale Fury (IRE),D Meyler,0,N Meade,NR,N/A,7,11-0,-,True,162,41
N/A,N/A,15:25,Soft (Soft To Heavy In Places),3m 1f 165y,Clonmeen (IRE),S D Torrens,0,William P Murphy,6th,87 l,10,11-0tp1,-,True,162,41
N/A,N/A,15:25,Soft (Soft To Heavy In Places),3m 1f 165y,French Dynamite (FR),D J O'Keeffe,0,M F Morris,5th,6 l,10,11-6tp,-,True,162,41
N/A,N/A,15:25,Soft (Soft To Heavy In Places),3m 1f 165y,Minella Cocooner (IRE),D E Mullins,0,W P Mullins,4th,1 1/2 l,9,11-0,-,True,162,41
N/A,N/A,15:25,Soft (Soft To Heavy In Places),3m 1f 165y,Capodanno (FR),M P Walsh,0,W P Mullins,3rd,6 l,9,11-8t,-,True,162,41
N/A,N/A,15:25,Soft (Soft To Heavy In Places),3m 1f 165y,Intense Raffles (FR),J J Slevin,0,T Gibney,2nd,3/4 l,7,11-3,-,True,162,41
N/A,N/A,15:25,Soft (Soft To Heavy In Places),3m 1f 165y,Nick Rockett (IRE),P Townend,0,W P Mullins,1st,N/A,8,11-0,-,True,162,41
N/A,N/A,15:25,Soft (Soft To Heavy In Places),3m 1f 165y,I Am Maximus (FR),P Townend,0,W P Mullins,NR,N/A,9,11-12,-,True,162,41
N/A,N/A,15:25,Soft (Soft To Heavy In Places),3m 1f 165y,Affordale Fury (IRE),D Meyler,0,N Meade,NR,N/A,7,11-0,-,True,162,41
N/A,N/A,15:25,Soft (Soft To Heavy In Places),3m 1f 165y,Clonmeen (IRE),S D Torrens,0,William P Murphy,6th,87 l,10,11-0tp1,-,True,162,41
N/A,N/A,15:25,Soft (Soft To Heavy In Places),3m 1f 165y,French Dynamite (FR),D J O'Keeffe,0,M F Morris,5th,6 l,10,11-6tp,-,True,162,41
N/A,N/A,15:25,Soft (Soft To Heavy In Places),3m 1f 165y,Minella Cocooner (IRE),D E Mullins,0,W P Mullins,4th,1 1/2 l,9,11-0,-,True,162,41
N/A,N/A,15:25,Soft (Soft To Heavy In Places),3m 1f 165y,Capodanno (FR),M P Walsh,0,W P Mullins,3rd,6 l,9,11-8t,-,True,162,41
N/A,N/A,15:25,Soft (Soft To Heavy In Places),3m 1f 165y,Intense Raffles (FR),J J Slevin,0,T Gibney,2nd,3/4 l,7,11-3,-,True,162,41
N/A,N/A,15:25,Soft (Soft To Heavy In Places),3m 1f 165y,Nick Rockett (IRE),P Townend,0,W P Mullins,1st,N/A,8,11-0,-,True,162,41
N/A,N/A,16:00,Soft (Soft To Heavy In Places),3m 1f 165y,Buachaillbocht,M P Walsh,0,T M Walsh,NR,N/A,7,10-13t,-,True,162,42
N/A,N/A,16:00,Soft (Soft To Heavy In Places),3m 1f 165y,Grand Soir (FR),S D Torrens,0,J C McConnell,NR,N/A,9,12-0,-,True,162,42
N/A,N/A,16:00,Soft (Soft To Heavy In Places),3m 1f 165y,Will Do (IRE),Sam Ewing,0,G Elliott,NR,N/A,8,11-10b,-,True,162,42
N/A,N/A,16:00,Soft (Soft To Heavy In Places),3m 1f 165y,Sea Aster (IRE),D J Gilligan,0,G Elliott,4th,30 l,7,10-13p,-,True,162,42
N/A,N/A,16:00,Soft (Soft To Heavy In Places),3m 1f 165y,Jasmin De Cotte (FR),S F O'Keeffe,0,P Nolan,3rd,14 l,6,11-0h,-,True,162,42
N/A,N/A,16:00,Soft (Soft To Heavy In Places),3m 1f 165y,Meyo,D J O'Keeffe,0,T Gibney,2nd,1 l,7,10-13,-,True,162,42
N/A,N/A,16:00,Soft (Soft To Heavy In Places),3m 1f 165y,Ney (IRE),K E Buckley,0,E Buckley,1st,N/A,7,11-1,-,True,162,42
N/A,N/A,16:00,Soft (Soft To Heavy In Places),3m 1f 165y,Buachaillbocht,M P Walsh,0,T M Walsh,NR,N/A,7,10-13t,-,True,162,42
N/A,N/A,16:00,Soft (Soft To Heavy In Places),3m 1f 165y,Grand Soir (FR),S D Torrens,0,J C McConnell,NR,N/A,9,12-0,-,True,162,42
N/A,N/A,16:00,Soft (Soft To Heavy In Places),3m 1f 165y,Will Do (IRE),Sam Ewing,0,G Elliott,NR,N/A,8,11-10b,-,True,162,42
N/A,N/A,16:00,Soft (Soft To Heavy In Places),3m 1f 165y,Sea Aster (IRE),D J Gilligan,0,G Elliott,4th,30 l,7,10-13p,-,True,162,42
N/A,N/A,16:00,Soft (Soft To Heavy In Places),3m 1f 165y,Jasmin De Cotte (FR),S F O'Keeffe,0,P Nolan,3rd,14 l,6,11-0h,-,True,162,42
N/A,N/A,16:00,Soft (Soft To Heavy In Places),3m 1f 165y,Meyo,D J O'Keeffe,0,T Gibney,2nd,1 l,7,10-13,-,True,162,42
N/A,N/A,16:00,Soft (Soft To Heavy In Places),3m 1f 165y,Ney (IRE),K E Buckley,0,E Buckley,1st,N/A,7,11-1,-,True,162,42
N/A,N/A,16:35,Soft (Soft To Heavy In Places),2m 5f 173y,Judicieuse Allen (FR),B Hayes,0,W P Mullins,5th,2 3/4 l,6,10-13t,-,True,162,43
N/A,N/A,16:35,Soft (Soft To Heavy In Places),2m 5f 173y,Kilbarry Saint (FR),D J O'Keeffe,0,C O'Keeffe,4th,2 1/4 l,6,10-9ht,-,True,162,43
N/A,N/A,16:35,Soft (Soft To Heavy In Places),2m 5f 173y,A Penny A Hundred (FR),D E Mullins,0,W P Mullins,3rd,1 3/4 l,6,10-9,-,True,162,43
N/A,N/A,16:35,Soft (Soft To Heavy In Places),2m 5f 173y,Bioluminescence (IRE),M P Walsh,0,G P Cromwell,2nd,6 1/2 l,7,11-5,-,True,162,43
N/A,N/A,16:35,Soft (Soft To Heavy In Places),2m 5f 173y,Spindleberry (IRE),P Townend,0,W P Mullins,1st,N/A,7,10-9,-,True,162,43
N/A,N/A,16:35,Soft (Soft To Heavy In Places),2m 5f 173y,Judicieuse Allen (FR),B Hayes,0,W P Mullins,5th,2 3/4 l,6,10-13t,-,True,162,43
N/A,N/A,16:35,Soft (Soft To Heavy In Places),2m 5f 173y,Kilbarry Saint (FR),D J O'Keeffe,0,C O'Keeffe,4th,2 1/4 l,6,10-9ht,-,True,162,43
N/A,N/A,16:35,Soft (Soft To Heavy In Places),2m 5f 173y,A Penny A Hundred (FR),D E Mullins,0,W P Mullins,3rd,1 3/4 l,6,10-9,-,True,162,43
N/A,N/A,16:35,Soft (Soft To Heavy In Places),2m 5f 173y,Bioluminescence (IRE),M P Walsh,0,G P Cromwell,2nd,6 1/2 l,7,11-5,-,True,162,43
N/A,N/A,16:35,Soft (Soft To Heavy In Places),2m 5f 173y,Spindleberry (IRE),P Townend,0,W P Mullins,1st,N/A,7,10-9,-,True,162,43
N/A,N/A,17:10,Soft (Soft To Heavy In Places) ace (Turf),2m,Frankie John (IRE),Mr H C Swan,0,D Hogan,NR,N/A,5,12-0,-,True,162,44
N/A,N/A,17:10,Soft (Soft To Heavy In Places) ace (Turf),2m,Riskaway (FR),Mr J H Williamson,7,G Elliott,NR,N/A,5,12-0,-,True,162,44
N/A,N/A,17:10,Soft (Soft To Heavy In Places) ace (Turf),2m,Likeoldtimes (IRE),P T Smithers,7,M C Hickey,10th,14 l,6,11-7,-,True,162,44
N/A,N/A,17:10,Soft (Soft To Heavy In Places) ace (Turf),2m,Mr Frawley (IRE),Mr T J Stafford,7,P Stafford,9th,61 l,8,12-0p1,-,True,162,44
N/A,N/A,17:10,Soft (Soft To Heavy In Places) ace (Turf),2m,Minella Sergeant (IRE),Mr M J O'Neill,7,E Mullins,8th,2 l,6,12-0,-,True,162,44
N/A,N/A,17:10,Soft (Soft To Heavy In Places) ace (Turf),2m,Astley (IRE),Mr O McGill,7,Paul Traynor,7th,Neck,5,12-0,-,True,162,44
N/A,N/A,17:10,Soft (Soft To Heavy In Places) ace (Turf),2m,Teds Corner (IRE),M J Molloy,7,A J Martin,6th,8 1/2 l,5,12-0t1,-,True,162,44
N/A,N/A,17:10,Soft (Soft To Heavy In Places) ace (Turf),2m,Sticktotheplan (FR),T P Harney,7,C W J Farrell,5th,5 1/2 l,5,12-0,-,True,162,44
N/A,N/A,17:10,Soft (Soft To Heavy In Places) ace (Turf),2m,Khmer (FR),Mr J L Gleeson,3,T Cooper,4th,11 l,5,12-0h,-,True,162,44
N/A,N/A,17:10,Soft (Soft To Heavy In Places) ace (Turf),2m,Arslan (FR),Mr P W Mullins,0,W P Mullins,3rd,2 1/2 l,5,12-0,-,True,162,44
N/A,N/A,17:10,Soft (Soft To Heavy In Places) ace (Turf),2m,Eachtotheirown (IRE),Mr F Maguire,0,B Connell,2nd,7 1/2 l,6,12-0,-,True,162,44
N/A,N/A,17:10,Soft (Soft To Heavy In Places) ace (Turf),2m,Kaiser Ball (FR),Mr T Costello,7,W P Mullins,1st,N/A,5,12-0,-,True,162,44
N/A,N/A,17:10,Soft (Soft To Heavy In Places) ace (Turf),2m,Frankie John (IRE),Mr H C Swan,0,D Hogan,NR,N/A,5,12-0,-,True,162,44
N/A,N/A,17:10,Soft (Soft To Heavy In Places) ace (Turf),2m,Riskaway (FR),Mr J H Williamson,7,G Elliott,NR,N/A,5,12-0,-,True,162,44
N/A,N/A,17:10,Soft (Soft To Heavy In Places) ace (Turf),2m,Likeoldtimes (IRE),P T Smithers,7,M C Hickey,10th,14 l,6,11-7,-,True,162,44
N/A,N/A,17:10,Soft (Soft To Heavy In Places) ace (Turf),2m,Mr Frawley (IRE),Mr T J Stafford,7,P Stafford,9th,61 l,8,12-0p1,-,True,162,44
N/A,N/A,17:10,Soft (Soft To Heavy In Places) ace (Turf),2m,Minella Sergeant (IRE),Mr M J O'Neill,7,E Mullins,8th,2 l,6,12-0,-,True,162,44
N/A,N/A,17:10,Soft (Soft To Heavy In Places) ace (Turf),2m,Astley (IRE),Mr O McGill,7,Paul Traynor,7th,Neck,5,12-0,-,True,162,44
N/A,N/A,17:10,Soft (Soft To Heavy In Places) ace (Turf),2m,Teds Corner (IRE),M J Molloy,7,A J Martin,6th,8 1/2 l,5,12-0t1,-,True,162,44
N/A,N/A,17:10,Soft (Soft To Heavy In Places) ace (Turf),2m,Sticktotheplan (FR),T P Harney,7,C W J Farrell,5th,5 1/2 l,5,12-0,-,True,162,44
N/A,N/A,17:10,Soft (Soft To Heavy In Places) ace (Turf),2m,Khmer (FR),Mr J L Gleeson,3,T Cooper,4th,11 l,5,12-0h,-,True,162,44
N/A,N/A,17:10,Soft (Soft To Heavy In Places) ace (Turf),2m,Arslan (FR),Mr P W Mullins,0,W P Mullins,3rd,2 1/2 l,5,12-0,-,True,162,44
N/A,N/A,17:10,Soft (Soft To Heavy In Places) ace (Turf),2m,Eachtotheirown (IRE),Mr F Maguire,0,B Connell,2nd,7 1/2 l,6,12-0,-,True,162,44
N/A,N/A,17:10,Soft (Soft To Heavy In Places) ace (Turf),2m,Kaiser Ball (FR),Mr T Costello,7,W P Mullins,1st,N/A,5,12-0,-,True,162,44
Naas Racing Results | 23rd February 2025 13:50,N/A,13:50,Soft To Heavy,1m 7f 110y,Jazzy Rock (IRE),Mr I Ryan,7,Francis Casey,NR,N/A,6,11-5,-,True,162,45
Naas Racing Results | 23rd February 2025 13:50,N/A,13:50,Soft To Heavy,1m 7f 110y,Hello Jack (IRE),D J Gilligan,0,G Elliott,NR,N/A,5,11-12,-,True,162,45
Naas Racing Results | 23rd February 2025 13:50,N/A,13:50,Soft To Heavy,1m 7f 110y,Way Down We Go (IRE),J P Shinnick,5,Charlie Keegan,20th,44 l,7,11-12,-,True,162,45
Naas Racing Results | 23rd February 2025 13:50,N/A,13:50,Soft To Heavy,1m 7f 110y,Sparrow Wings (IRE),R Deegan,0,L Kenny,19th,3 1/4 l,5,11-12,-,True,162,45
Naas Racing Results | 23rd February 2025 13:50,N/A,13:50,Soft To Heavy,1m 7f 110y,Kinturk Maggie (IRE),Sarah Kavanagh,7,T Gibney,18th,3/4 l,5,11-5t,-,True,162,45
Naas Racing Results | 23rd February 2025 13:50,N/A,13:50,Soft To Heavy,1m 7f 110y,Work Place (IRE),C M Quirke,3,R Hackett,17th,1 3/4 l,6,11-12,-,True,162,45
Naas Racing Results | 23rd February 2025 13:50,N/A,13:50,Soft To Heavy,1m 7f 110y,Kingstonn (FR),P T Enright,0,B McMahon,16th,3/4 l,5,11-12h1,-,True,162,45
Naas Racing Results | 23rd February 2025 13:50,N/A,13:50,Soft To Heavy,1m 7f 110y,Live To Laugh (IRE),J Coen,3,Peter Fahey,15th,3/4 l,6,11-12,-,True,162,45
Naas Racing Results | 23rd February 2025 13:50,N/A,13:50,Soft To Heavy,1m 7f 110y,Standing Orders (IRE),D J O'Keeffe,0,T Gibney,14th,10 l,6,11-12,-,True,162,45
Naas Racing Results | 23rd February 2025 13:50,N/A,13:50,Soft To Heavy,1m 7f 110y,Charity Barnum (IRE),P K Donovan,5,Dermot Day,13th,1 l,7,11-5,-,True,162,45
Naas Racing Results | 23rd February 2025 13:50,N/A,13:50,Soft To Heavy,1m 7f 110y,Patty O'Farrell (IRE),S F O'Keeffe,0,Peter Maher,12th,1 1/4 l,7,11-5t1,-,True,162,45
Naas Racing Results | 23rd February 2025 13:50,N/A,13:50,Soft To Heavy,1m 7f 110y,Weston (GER),S W Flanagan,0,H Rogers,11th,Neck,6,11-12,-,True,162,45
Naas Racing Results | 23rd February 2025 13:50,N/A,13:50,Soft To Heavy,1m 7f 110y,Welcome Aboard (IRE),J S McGarvey,0,A A Howard,10th,4 l,5,11-12t,-,True,162,45
Naas Racing Results | 23rd February 2025 13:50,N/A,13:50,Soft To Heavy,1m 7f 110y,Journey So Far (IRE),K M Donoghue,0,G P Cromwell,9th,12 l,5,11-12,-,True,162,45
Naas Racing Results | 23rd February 2025 13:50,N/A,13:50,Soft To Heavy,1m 7f 110y,God Of Thunder (IRE),D King,0,D Hogan,8th,4 1/2 l,6,11-12,-,True,162,45
Naas Racing Results | 23rd February 2025 13:50,N/A,13:50,Soft To Heavy,1m 7f 110y,Son Of Anarchy (IRE),M P Walsh,0,G Elliott,7th,5 1/2 l,6,11-12,-,True,162,45
Naas Racing Results | 23rd February 2025 13:50,N/A,13:50,Soft To Heavy,1m 7f 110y,Ivybrook (FR),Niall Moore,5,D A McLoughlin,6th,4 1/2 l,7,11-12,-,True,162,45
Naas Racing Results | 23rd February 2025 13:50,N/A,13:50,Soft To Heavy,1m 7f 110y,Withabitofluk,Rachael Blackmore,0,H De Bromhead,5th,Head,6,11-12,-,True,162,45
Naas Racing Results | 23rd February 2025 13:50,N/A,13:50,Soft To Heavy,1m 7f 110y,Fad Eadrainn (IRE),S D Torrens,0,P T Foley,4th,Nose,7,11-12t1,-,True,162,45
Naas Racing Results | 23rd February 2025 13:50,N/A,13:50,Soft To Heavy,1m 7f 110y,Road To Home (IRE),B Hayes,0,W P Mullins,3rd,1 1/2 l,6,11-12,-,True,162,45
Naas Racing Results | 23rd February 2025 13:50,N/A,13:50,Soft To Heavy,1m 7f 110y,Walk On The Beach (IRE),Mr J L Gleeson,3,J P O'Brien,2nd,1 1/2 l,6,11-12,-,True,162,45
Naas Racing Results | 23rd February 2025 13:50,N/A,13:50,Soft To Heavy,1m 7f 110y,Kalix Delabarriere (FR),P Townend,0,W P Mullins,1st,N/A,5,11-12ht1,-,True,162,45
Naas Racing Results | 23rd February 2025 13:50,N/A,13:50,Soft To Heavy,1m 7f 110y,Jazzy Rock (IRE),Mr I Ryan,7,Francis Casey,NR,N/A,6,11-5,-,True,162,45
Naas Racing Results | 23rd February 2025 13:50,N/A,13:50,Soft To Heavy,1m 7f 110y,Hello Jack (IRE),D J Gilligan,0,G Elliott,NR,N/A,5,11-12,-,True,162,45
Naas Racing Results | 23rd February 2025 13:50,N/A,13:50,Soft To Heavy,1m 7f 110y,Way Down We Go (IRE),J P Shinnick,5,Charlie Keegan,20th,44 l,7,11-12,-,True,162,45
Naas Racing Results | 23rd February 2025 13:50,N/A,13:50,Soft To Heavy,1m 7f 110y,Sparrow Wings (IRE),R Deegan,0,L Kenny,19th,3 1/4 l,5,11-12,-,True,162,45
Naas Racing Results | 23rd February 2025 13:50,N/A,13:50,Soft To Heavy,1m 7f 110y,Kinturk Maggie (IRE),Sarah Kavanagh,7,T Gibney,18th,3/4 l,5,11-5t,-,True,162,45
Naas Racing Results | 23rd February 2025 13:50,N/A,13:50,Soft To Heavy,1m 7f 110y,Work Place (IRE),C M Quirke,3,R Hackett,17th,1 3/4 l,6,11-12,-,True,162,45
Naas Racing Results | 23rd February 2025 13:50,N/A,13:50,Soft To Heavy,1m 7f 110y,Kingstonn (FR),P T Enright,0,B McMahon,16th,3/4 l,5,11-12h1,-,True,162,45
Naas Racing Results | 23rd February 2025 13:50,N/A,13:50,Soft To Heavy,1m 7f 110y,Live To Laugh (IRE),J Coen,3,Peter Fahey,15th,3/4 l,6,11-12,-,True,162,45
Naas Racing Results | 23rd February 2025 13:50,N/A,13:50,Soft To Heavy,1m 7f 110y,Standing Orders (IRE),D J O'Keeffe,0,T Gibney,14th,10 l,6,11-12,-,True,162,45
Naas Racing Results | 23rd February 2025 13:50,N/A,13:50,Soft To Heavy,1m 7f 110y,Charity Barnum (IRE),P K Donovan,5,Dermot Day,13th,1 l,7,11-5,-,True,162,45
Naas Racing Results | 23rd February 2025 13:50,N/A,13:50,Soft To Heavy,1m 7f 110y,Patty O'Farrell (IRE),S F O'Keeffe,0,Peter Maher,12th,1 1/4 l,7,11-5t1,-,True,162,45
Naas Racing Results | 23rd February 2025 13:50,N/A,13:50,Soft To Heavy,1m 7f 110y,Weston (GER),S W Flanagan,0,H Rogers,11th,Neck,6,11-12,-,True,162,45
Naas Racing Results | 23rd February 2025 13:50,N/A,13:50,Soft To Heavy,1m 7f 110y,Welcome Aboard (IRE),J S McGarvey,0,A A Howard,10th,4 l,5,11-12t,-,True,162,45
Naas Racing Results | 23rd February 2025 13:50,N/A,13:50,Soft To Heavy,1m 7f 110y,Journey So Far (IRE),K M Donoghue,0,G P Cromwell,9th,12 l,5,11-12,-,True,162,45
Naas Racing Results | 23rd February 2025 13:50,N/A,13:50,Soft To Heavy,1m 7f 110y,God Of Thunder (IRE),D King,0,D Hogan,8th,4 1/2 l,6,11-12,-,True,162,45
Naas Racing Results | 23rd February 2025 13:50,N/A,13:50,Soft To Heavy,1m 7f 110y,Son Of Anarchy (IRE),M P Walsh,0,G Elliott,7th,5 1/2 l,6,11-12,-,True,162,45
Naas Racing Results | 23rd February 2025 13:50,N/A,13:50,Soft To Heavy,1m 7f 110y,Ivybrook (FR),Niall Moore,5,D A McLoughlin,6th,4 1/2 l,7,11-12,-,True,162,45
Naas Racing Results | 23rd February 2025 13:50,N/A,13:50,Soft To Heavy,1m 7f 110y,Withabitofluk,Rachael Blackmore,0,H De Bromhead,5th,Head,6,11-12,-,True,162,45
Naas Racing Results | 23rd February 2025 13:50,N/A,13:50,Soft To Heavy,1m 7f 110y,Fad Eadrainn (IRE),S D Torrens,0,P T Foley,4th,Nose,7,11-12t1,-,True,162,45
Naas Racing Results | 23rd February 2025 13:50,N/A,13:50,Soft To Heavy,1m 7f 110y,Road To Home (IRE),B Hayes,0,W P Mullins,3rd,1 1/2 l,6,11-12,-,True,162,45
Naas Racing Results | 23rd February 2025 13:50,N/A,13:50,Soft To Heavy,1m 7f 110y,Walk On The Beach (IRE),Mr J L Gleeson,3,J P O'Brien,2nd,1 1/2 l,6,11-12,-,True,162,45
Naas Racing Results | 23rd February 2025 13:50,N/A,13:50,Soft To Heavy,1m 7f 110y,Kalix Delabarriere (FR),P Townend,0,W P Mullins,1st,N/A,5,11-12ht1,-,True,162,45
Naas Racing Results | 23rd February 2025 14:20,N/A,14:20,Soft To Heavy,1m 7f 110y,Space Warrior (IRE),D E Mullins,0,T Mullins,PU,N/A,4,11-0,-,True,162,46
Naas Racing Results | 23rd February 2025 14:20,N/A,14:20,Soft To Heavy,1m 7f 110y,Good To Be Alive (IRE),Sam Ewing,0,G Elliott,4th,11 l,4,11-0,-,True,162,46
Naas Racing Results | 23rd February 2025 14:20,N/A,14:20,Soft To Heavy,1m 7f 110y,Shoda (IRE),J J Slevin,0,J P O'Brien,3rd,6 1/2 l,4,10-7,-,True,162,46
Naas Racing Results | 23rd February 2025 14:20,N/A,14:20,Soft To Heavy,1m 7f 110y,Kool One (SPA),Mr I Ryan,0,Conor Maxwell,2nd,11 l,4,11-0,-,True,162,46
Naas Racing Results | 23rd February 2025 14:20,N/A,14:20,Soft To Heavy,1m 7f 110y,Bacchanalian,S F O'Keeffe,0,D Queally,1st,N/A,4,11-4,-,True,162,46
Naas Racing Results | 23rd February 2025 14:20,N/A,14:20,Soft To Heavy,1m 7f 110y,Space Warrior (IRE),D E Mullins,0,T Mullins,PU,N/A,4,11-0,-,True,162,46
Naas Racing Results | 23rd February 2025 14:20,N/A,14:20,Soft To Heavy,1m 7f 110y,Good To Be Alive (IRE),Sam Ewing,0,G Elliott,4th,11 l,4,11-0,-,True,162,46
Naas Racing Results | 23rd February 2025 14:20,N/A,14:20,Soft To Heavy,1m 7f 110y,Shoda (IRE),J J Slevin,0,J P O'Brien,3rd,6 1/2 l,4,10-7,-,True,162,46
Naas Racing Results | 23rd February 2025 14:20,N/A,14:20,Soft To Heavy,1m 7f 110y,Kool One (SPA),Mr I Ryan,0,Conor Maxwell,2nd,11 l,4,11-0,-,True,162,46
Naas Racing Results | 23rd February 2025 14:20,N/A,14:20,Soft To Heavy,1m 7f 110y,Bacchanalian,S F O'Keeffe,0,D Queally,1st,N/A,4,11-4,-,True,162,46
Naas Racing Results | 23rd February 2025 14:50,N/A,14:50,Soft To Heavy,2m 4f,Brave Fortune (IRE),J J Doyle,0,P M J Doyle,5th,26 l,6,11-3,-,True,162,47
Naas Racing Results | 23rd February 2025 14:50,N/A,14:50,Soft To Heavy,2m 4f,Fleur In The Park (IRE),C M Quirke,0,A Slattery,4th,5 l,6,11-0,-,True,162,47
Naas Racing Results | 23rd February 2025 14:50,N/A,14:50,Soft To Heavy,2m 4f,A Tipp For Gold (IRE),S F O'Keeffe,0,D Queally,3rd,6 l,6,11-0,-,True,162,47
Naas Racing Results | 23rd February 2025 14:50,N/A,14:50,Soft To Heavy,2m 4f,Joystick (FR),P Townend,0,W P Mullins,2nd,3 1/4 l,6,11-0,-,True,162,47
Naas Racing Results | 23rd February 2025 14:50,N/A,14:50,Soft To Heavy,2m 4f,Jacob's Ladder (IRE),Sam Ewing,0,G Elliott,1st,N/A,6,11-0,-,True,162,47
Naas Racing Results | 23rd February 2025 14:50,N/A,14:50,Soft To Heavy,2m 4f,Brave Fortune (IRE),J J Doyle,0,P M J Doyle,5th,26 l,6,11-3,-,True,162,47
Naas Racing Results | 23rd February 2025 14:50,N/A,14:50,Soft To Heavy,2m 4f,Fleur In The Park (IRE),C M Quirke,0,A Slattery,4th,5 l,6,11-0,-,True,162,47
Naas Racing Results | 23rd February 2025 14:50,N/A,14:50,Soft To Heavy,2m 4f,A Tipp For Gold (IRE),S F O'Keeffe,0,D Queally,3rd,6 l,6,11-0,-,True,162,47
Naas Racing Results | 23rd February 2025 14:50,N/A,14:50,Soft To Heavy,2m 4f,Joystick (FR),P Townend,0,W P Mullins,2nd,3 1/4 l,6,11-0,-,True,162,47
Naas Racing Results | 23rd February 2025 14:50,N/A,14:50,Soft To Heavy,2m 4f,Jacob's Ladder (IRE),Sam Ewing,0,G Elliott,1st,N/A,6,11-0,-,True,162,47
Naas Racing Results | 23rd February 2025 15:20,N/A,15:20,Soft To Heavy,1m 7f 110y,San Aer (IRE),C G O'Dwyer,5,T Mullins,PU,N/A,7,10-2t,101,True,162,48
Naas Racing Results | 23rd February 2025 15:20,N/A,15:20,Soft To Heavy,1m 7f 110y,Kimy (FR),J Coen,3,T Mullins,PU,N/A,5,10-12,111,True,162,48
Naas Racing Results | 23rd February 2025 15:20,N/A,15:20,Soft To Heavy,1m 7f 110y,The Names Jock (IRE),Mr J L Gleeson,3,John E & Kiely,PU,N/A,9,11-3,116,True,162,48
Naas Racing Results | 23rd February 2025 15:20,N/A,15:20,Soft To Heavy,1m 7f 110y,Ballystone (IRE),S D Torrens,0,J C McConnell,8th,15 l,7,11-9,122,True,162,48
Naas Racing Results | 23rd February 2025 15:20,N/A,15:20,Soft To Heavy,1m 7f 110y,Captains Nephew (IRE),T Power Roche,5,P J Rothwell,7th,8 l,8,11-3t,116,True,162,48
Naas Racing Results | 23rd February 2025 15:20,N/A,15:20,Soft To Heavy,1m 7f 110y,Miss Gherkin (IRE),H E Sexton,7,P Croke,6th,1/2 l,6,10-13,112,True,162,48
Naas Racing Results | 23rd February 2025 15:20,N/A,15:20,Soft To Heavy,1m 7f 110y,Semblance Of Order (IRE),Sam Ewing,0,A Oliver,5th,3 1/4 l,5,11-1,114,True,162,48
Naas Racing Results | 23rd February 2025 15:20,N/A,15:20,Soft To Heavy,1m 7f 110y,Balko D'ange (FR),Niall Moore,5,P Fenton,4th,7 1/2 l,5,11-11,124,True,162,48
Naas Racing Results | 23rd February 2025 15:20,N/A,15:20,Soft To Heavy,1m 7f 110y,American Money (IRE),K E Buckley,0,E & P Harty,3rd,3 1/2 l,8,11-7,120,True,162,48
Naas Racing Results | 23rd February 2025 15:20,N/A,15:20,Soft To Heavy,1m 7f 110y,Gabbys Cross (IRE),D J O'Keeffe,0,H De Bromhead,2nd,8 l,10,11-12,125,True,162,48
Naas Racing Results | 23rd February 2025 15:20,N/A,15:20,Soft To Heavy,1m 7f 110y,Duke Of Leggagh (IRE),P M O'Brien,7,M Mulvany,1st,N/A,5,10-13t,112,True,162,48
Naas Racing Results | 23rd February 2025 15:20,N/A,15:20,Soft To Heavy,1m 7f 110y,San Aer (IRE),C G O'Dwyer,5,T Mullins,PU,N/A,7,10-2t,101,True,162,48
Naas Racing Results | 23rd February 2025 15:20,N/A,15:20,Soft To Heavy,1m 7f 110y,Kimy (FR),J Coen,3,T Mullins,PU,N/A,5,10-12,111,True,162,48
Naas Racing Results | 23rd February 2025 15:20,N/A,15:20,Soft To Heavy,1m 7f 110y,The Names Jock (IRE),Mr J L Gleeson,3,John E & Kiely,PU,N/A,9,11-3,116,True,162,48
Naas Racing Results | 23rd February 2025 15:20,N/A,15:20,Soft To Heavy,1m 7f 110y,Ballystone (IRE),S D Torrens,0,J C McConnell,8th,15 l,7,11-9,122,True,162,48
Naas Racing Results | 23rd February 2025 15:20,N/A,15:20,Soft To Heavy,1m 7f 110y,Captains Nephew (IRE),T Power Roche,5,P J Rothwell,7th,8 l,8,11-3t,116,True,162,48
Naas Racing Results | 23rd February 2025 15:20,N/A,15:20,Soft To Heavy,1m 7f 110y,Miss Gherkin (IRE),H E Sexton,7,P Croke,6th,1/2 l,6,10-13,112,True,162,48
Naas Racing Results | 23rd February 2025 15:20,N/A,15:20,Soft To Heavy,1m 7f 110y,Semblance Of Order (IRE),Sam Ewing,0,A Oliver,5th,3 1/4 l,5,11-1,114,True,162,48
Naas Racing Results | 23rd February 2025 15:20,N/A,15:20,Soft To Heavy,1m 7f 110y,Balko D'ange (FR),Niall Moore,5,P Fenton,4th,7 1/2 l,5,11-11,124,True,162,48
Naas Racing Results | 23rd February 2025 15:20,N/A,15:20,Soft To Heavy,1m 7f 110y,American Money (IRE),K E Buckley,0,E & P Harty,3rd,3 1/2 l,8,11-7,120,True,162,48
Naas Racing Results | 23rd February 2025 15:20,N/A,15:20,Soft To Heavy,1m 7f 110y,Gabbys Cross (IRE),D J O'Keeffe,0,H De Bromhead,2nd,8 l,10,11-12,125,True,162,48
Naas Racing Results | 23rd February 2025 15:20,N/A,15:20,Soft To Heavy,1m 7f 110y,Duke Of Leggagh (IRE),P M O'Brien,7,M Mulvany,1st,N/A,5,10-13t,112,True,162,48
Naas Racing Results | 23rd February 2025 15:50,N/A,15:50,Soft To Heavy,2m 7f 20y,Harsh,P M O'Brien,7,G Elliott,19th,26 l,5,11-1p,124,True,162,49
Naas Racing Results | 23rd February 2025 15:50,N/A,15:50,Soft To Heavy,2m 7f 20y,Millstream Lady (IRE),C P McNamara,0,E McNamara,18th,8 1/2 l,7,11-0,123,True,162,49
Naas Racing Results | 23rd February 2025 15:50,N/A,15:50,Soft To Heavy,2m 7f 20y,Ms Agartha Yeats (IRE),D J O'Keeffe,0,F G Hand,17th,1 1/4 l,7,10-11,120,True,162,49
Naas Racing Results | 23rd February 2025 15:50,N/A,15:50,Soft To Heavy,2m 7f 20y,West Is Awake (IRE),P T Enright,0,E Cawley,16th,1 1/4 l,9,10-4ht1,113,True,162,49
Naas Racing Results | 23rd February 2025 15:50,N/A,15:50,Soft To Heavy,2m 7f 20y,Bridie's Beau (IRE),K C Sexton,0,G P Cromwell,15th,1 1/2 l,6,10-9,118,True,162,49
Naas Racing Results | 23rd February 2025 15:50,N/A,15:50,Soft To Heavy,2m 7f 20y,Falcon Eight (IRE),Sam Ewing,0,D K Weld,14th,13 l,10,11-0p,123,True,162,49
Naas Racing Results | 23rd February 2025 15:50,N/A,15:50,Soft To Heavy,2m 7f 20y,Waittillitellyou (IRE),A P Kelly,5,E Cawley,13th,1 1/4 l,11,11-2t,125,True,162,49
Naas Racing Results | 23rd February 2025 15:50,N/A,15:50,Soft To Heavy,2m 7f 20y,Jody Ted (IRE),D King,0,D Hogan,12th,1 l,9,10-7t,116,True,162,49
Naas Racing Results | 23rd February 2025 15:50,N/A,15:50,Soft To Heavy,2m 7f 20y,Eagles Reign (IRE),T P Harney,7,R O'Sullivan,11th,1/2 l,5,11-5b,128,True,162,49
Naas Racing Results | 23rd February 2025 15:50,N/A,15:50,Soft To Heavy,2m 7f 20y,Jacovec Cavern,D E Mullins,0,P Hennessy,10th,Neck,6,10-6,115,True,162,49
Naas Racing Results | 23rd February 2025 15:50,N/A,15:50,Soft To Heavy,2m 7f 20y,Senior Chief,Rachael Blackmore,0,H De Bromhead,9th,Head,8,11-12,135,True,162,49
Naas Racing Results | 23rd February 2025 15:50,N/A,15:50,Soft To Heavy,2m 7f 20y,Heliko Conti (FR),S F O'Keeffe,0,P Nolan,8th,1/2 l,8,10-6,115,True,162,49
Naas Racing Results | 23rd February 2025 15:50,N/A,15:50,Soft To Heavy,2m 7f 20y,The Story So Far (IRE),P Byrnes,0,C Byrnes,7th,5 l,7,10-11v,120,True,162,49
Naas Racing Results | 23rd February 2025 15:50,N/A,15:50,Soft To Heavy,2m 7f 20y,Jeriko De Baune (FR),Niall Moore,5,P Fenton,6th,1 3/4 l,6,10-0,109,True,162,49
Naas Racing Results | 23rd February 2025 15:50,N/A,15:50,Soft To Heavy,2m 7f 20y,Cato's Revenge (IRE),T Power Roche,5,P J Rothwell,5th,1/2 l,8,10-9tp,118,True,162,49
Naas Racing Results | 23rd February 2025 15:50,N/A,15:50,Soft To Heavy,2m 7f 20y,Patter Merchant (IRE),J Smith,5,G Elliott,4th,1/2 l,6,11-8,131,True,162,49
Naas Racing Results | 23rd February 2025 15:50,N/A,15:50,Soft To Heavy,2m 7f 20y,Lucky Lyreen (IRE),F Brickley,7,G Elliott,3rd,4 1/4 l,7,11-9,132,True,162,49
Naas Racing Results | 23rd February 2025 15:50,N/A,15:50,Soft To Heavy,2m 7f 20y,Maxi Mac Gold (FR),S W Flanagan,0,P Nolan,2nd,2 1/2 l,6,11-1tb,124,True,162,49
Naas Racing Results | 23rd February 2025 15:50,N/A,15:50,Soft To Heavy,2m 7f 20y,Will The Wise (IRE),C Stone-Walsh,5,G P Cromwell,1st,N/A,6,11-0,123,True,162,49
Naas Racing Results | 23rd February 2025 15:50,N/A,15:50,Soft To Heavy,2m 7f 20y,Harsh,P M O'Brien,7,G Elliott,19th,26 l,5,11-1p,124,True,162,49
Naas Racing Results | 23rd February 2025 15:50,N/A,15:50,Soft To Heavy,2m 7f 20y,Millstream Lady (IRE),C P McNamara,0,E McNamara,18th,8 1/2 l,7,11-0,123,True,162,49
Naas Racing Results | 23rd February 2025 15:50,N/A,15:50,Soft To Heavy,2m 7f 20y,Ms Agartha Yeats (IRE),D J O'Keeffe,0,F G Hand,17th,1 1/4 l,7,10-11,120,True,162,49
Naas Racing Results | 23rd February 2025 15:50,N/A,15:50,Soft To Heavy,2m 7f 20y,West Is Awake (IRE),P T Enright,0,E Cawley,16th,1 1/4 l,9,10-4ht1,113,True,162,49
Naas Racing Results | 23rd February 2025 15:50,N/A,15:50,Soft To Heavy,2m 7f 20y,Bridie's Beau (IRE),K C Sexton,0,G P Cromwell,15th,1 1/2 l,6,10-9,118,True,162,49
Naas Racing Results | 23rd February 2025 15:50,N/A,15:50,Soft To Heavy,2m 7f 20y,Falcon Eight (IRE),Sam Ewing,0,D K Weld,14th,13 l,10,11-0p,123,True,162,49
Naas Racing Results | 23rd February 2025 15:50,N/A,15:50,Soft To Heavy,2m 7f 20y,Waittillitellyou (IRE),A P Kelly,5,E Cawley,13th,1 1/4 l,11,11-2t,125,True,162,49
Naas Racing Results | 23rd February 2025 15:50,N/A,15:50,Soft To Heavy,2m 7f 20y,Jody Ted (IRE),D King,0,D Hogan,12th,1 l,9,10-7t,116,True,162,49
Naas Racing Results | 23rd February 2025 15:50,N/A,15:50,Soft To Heavy,2m 7f 20y,Eagles Reign (IRE),T P Harney,7,R O'Sullivan,11th,1/2 l,5,11-5b,128,True,162,49
Naas Racing Results | 23rd February 2025 15:50,N/A,15:50,Soft To Heavy,2m 7f 20y,Jacovec Cavern,D E Mullins,0,P Hennessy,10th,Neck,6,10-6,115,True,162,49
Naas Racing Results | 23rd February 2025 15:50,N/A,15:50,Soft To Heavy,2m 7f 20y,Senior Chief,Rachael Blackmore,0,H De Bromhead,9th,Head,8,11-12,135,True,162,49
Naas Racing Results | 23rd February 2025 15:50,N/A,15:50,Soft To Heavy,2m 7f 20y,Heliko Conti (FR),S F O'Keeffe,0,P Nolan,8th,1/2 l,8,10-6,115,True,162,49
Naas Racing Results | 23rd February 2025 15:50,N/A,15:50,Soft To Heavy,2m 7f 20y,The Story So Far (IRE),P Byrnes,0,C Byrnes,7th,5 l,7,10-11v,120,True,162,49
Naas Racing Results | 23rd February 2025 15:50,N/A,15:50,Soft To Heavy,2m 7f 20y,Jeriko De Baune (FR),Niall Moore,5,P Fenton,6th,1 3/4 l,6,10-0,109,True,162,49
Naas Racing Results | 23rd February 2025 15:50,N/A,15:50,Soft To Heavy,2m 7f 20y,Cato's Revenge (IRE),T Power Roche,5,P J Rothwell,5th,1/2 l,8,10-9tp,118,True,162,49
Naas Racing Results | 23rd February 2025 15:50,N/A,15:50,Soft To Heavy,2m 7f 20y,Patter Merchant (IRE),J Smith,5,G Elliott,4th,1/2 l,6,11-8,131,True,162,49
Naas Racing Results | 23rd February 2025 15:50,N/A,15:50,Soft To Heavy,2m 7f 20y,Lucky Lyreen (IRE),F Brickley,7,G Elliott,3rd,4 1/4 l,7,11-9,132,True,162,49
Naas Racing Results | 23rd February 2025 15:50,N/A,15:50,Soft To Heavy,2m 7f 20y,Maxi Mac Gold (FR),S W Flanagan,0,P Nolan,2nd,2 1/2 l,6,11-1tb,124,True,162,49
Naas Racing Results | 23rd February 2025 15:50,N/A,15:50,Soft To Heavy,2m 7f 20y,Will The Wise (IRE),C Stone-Walsh,5,G P Cromwell,1st,N/A,6,11-0,123,True,162,49
Naas Racing Results | 23rd February 2025 16:20,N/A,16:20,Soft To Heavy ace (Turf),1m 7f 110y,Mudslide Molly,P M O'Brien,7,E Buckley,NR,N/A,4,10-2,-,True,162,50
Naas Racing Results | 23rd February 2025 16:20,N/A,16:20,Soft To Heavy ace (Turf),1m 7f 110y,Spinningayarn (IRE),Mr J H Williamson,7,G Elliott,4th,34 l,5,11-11,-,True,162,50
Naas Racing Results | 23rd February 2025 16:20,N/A,16:20,Soft To Heavy ace (Turf),1m 7f 110y,Black Heather (IRE),Mr P W Mullins,0,D H Kelly,3rd,33 l,6,11-11,-,True,162,50
Naas Racing Results | 23rd February 2025 16:20,N/A,16:20,Soft To Heavy ace (Turf),1m 7f 110y,Strong Link (IRE),T P Harney,7,R O'Sullivan,2nd,7 1/2 l,5,11-7,-,True,162,50
Naas Racing Results | 23rd February 2025 16:20,N/A,16:20,Soft To Heavy ace (Turf),1m 7f 110y,I'll Sort That (IRE),Mr D L Queally,0,D Queally,1st,N/A,5,11-11,-,True,162,50
Naas Racing Results | 23rd February 2025 16:20,N/A,16:20,Soft To Heavy ace (Turf),1m 7f 110y,Mudslide Molly,P M O'Brien,7,E Buckley,NR,N/A,4,10-2,-,True,162,50
Naas Racing Results | 23rd February 2025 16:20,N/A,16:20,Soft To Heavy ace (Turf),1m 7f 110y,Spinningayarn (IRE),Mr J H Williamson,7,G Elliott,4th,34 l,5,11-11,-,True,162,50
Naas Racing Results | 23rd February 2025 16:20,N/A,16:20,Soft To Heavy ace (Turf),1m 7f 110y,Black Heather (IRE),Mr P W Mullins,0,D H Kelly,3rd,33 l,6,11-11,-,True,162,50
Naas Racing Results | 23rd February 2025 16:20,N/A,16:20,Soft To Heavy ace (Turf),1m 7f 110y,Strong Link (IRE),T P Harney,7,R O'Sullivan,2nd,7 1/2 l,5,11-7,-,True,162,50
Naas Racing Results | 23rd February 2025 16:20,N/A,16:20,Soft To Heavy ace (Turf),1m 7f 110y,I'll Sort That (IRE),Mr D L Queally,0,D Queally,1st,N/A,5,11-11,-,True,162,50
