track_name,race_date,race_time,going,distance,horse_name,jockey,claims,trainer,race_position,lost_by_length,age,weight,rating,first_place_found,batch_number,url_index_in_batch
Kilbeggan Racing Results | 17th May 2024 19:55,N/A,19:55,Good (Good To Yielding In Places),2m 4f 90y,Calico (FR),Sam Ewing,0,G Elliott,NR,N/A,5,11-7t,125,True,115,1
Kilbeggan Racing Results | 17th May 2024 19:55,N/A,19:55,Good (Good To Yielding In Places),2m 4f 90y,Wellington Hill (IRE),D E Mullins,0,Ms M Mullins,F,N/A,8,10-11,115,True,115,1
Kilbeggan Racing Results | 17th May 2024 19:55,N/A,19:55,Good (Good To Yielding In Places),2m 4f 90y,Gracchus De Balme (FR),J J Slevin,0,J P O'Brien,11th,9 l,8,11-13,131,True,115,1
Kilbeggan Racing Results | 17th May 2024 19:55,N/A,19:55,Good (Good To Yielding In Places),2m 4f 90y,Pat Coyne (IRE),D J O'Keeffe,0,J Queally,10th,1 l,10,11-1p,119,True,115,1
Kilbeggan Racing Results | 17th May 2024 19:55,N/A,19:55,Good (Good To Yielding In Places),2m 4f 90y,Motown Maggie (IRE),D J Gilligan,3,G Elliott,9th,6 1/2 l,7,11-8p,126,True,115,1
Kilbeggan Racing Results | 17th May 2024 19:55,N/A,19:55,Good (Good To Yielding In Places),2m 4f 90y,Take All (IRE),Shane Fenelon,7,J J Hanlon,8th,3 l,9,11-13,131,True,115,1
Kilbeggan Racing Results | 17th May 2024 19:55,N/A,19:55,Good (Good To Yielding In Places),2m 4f 90y,Casey West (IRE),S D Torrens,0,P J Rothwell,7th,3 1/2 l,8,10-8,112,True,115,1
Kilbeggan Racing Results | 17th May 2024 19:55,N/A,19:55,Good (Good To Yielding In Places),2m 4f 90y,Neveradullmoment (IRE),M P Walsh,0,J P Dempsey,6th,3 1/4 l,7,10-10tp,114,True,115,1
Kilbeggan Racing Results | 17th May 2024 19:55,N/A,19:55,Good (Good To Yielding In Places),2m 4f 90y,Railway Hurricane (IRE),K M Donoghue,0,G P Cromwell,5th,5 1/2 l,9,11-9tb,127,True,115,1
Kilbeggan Racing Results | 17th May 2024 19:55,N/A,19:55,Good (Good To Yielding In Places),2m 4f 90y,Farmers Lodge (IRE),M J M O'Sullivan,0,B Connell,4th,3/4 l,8,11-12,130,True,115,1
Kilbeggan Racing Results | 17th May 2024 19:55,N/A,19:55,Good (Good To Yielding In Places),2m 4f 90y,El Champo (IRE),J P O'Sullivan,0,P J Rothwell,3rd,1 3/4 l,6,10-10,114,True,115,1
Kilbeggan Racing Results | 17th May 2024 19:55,N/A,19:55,Good (Good To Yielding In Places),2m 4f 90y,Sargent Lightfoot (IRE),S W Flanagan,0,A Murray,2nd,Head,10,10-5,109,True,115,1
Kilbeggan Racing Results | 17th May 2024 19:55,N/A,19:55,Good (Good To Yielding In Places),2m 4f 90y,The Dasher Conway (IRE),D Meyler,0,Mrs G Callaghan,1st,N/A,9,11-5,123,True,115,1
Kilbeggan Racing Results | 17th May 2024 19:55,N/A,19:55,Good (Good To Yielding In Places),2m 4f 90y,Calico (FR),Sam Ewing,0,G Elliott,NR,N/A,5,11-7t,125,True,115,1
Kilbeggan Racing Results | 17th May 2024 19:55,N/A,19:55,Good (Good To Yielding In Places),2m 4f 90y,Wellington Hill (IRE),D E Mullins,0,Ms M Mullins,F,N/A,8,10-11,115,True,115,1
Kilbeggan Racing Results | 17th May 2024 19:55,N/A,19:55,Good (Good To Yielding In Places),2m 4f 90y,Gracchus De Balme (FR),J J Slevin,0,J P O'Brien,11th,9 l,8,11-13,131,True,115,1
Kilbeggan Racing Results | 17th May 2024 19:55,N/A,19:55,Good (Good To Yielding In Places),2m 4f 90y,Pat Coyne (IRE),D J O'Keeffe,0,J Queally,10th,1 l,10,11-1p,119,True,115,1
Kilbeggan Racing Results | 17th May 2024 19:55,N/A,19:55,Good (Good To Yielding In Places),2m 4f 90y,Motown Maggie (IRE),D J Gilligan,3,G Elliott,9th,6 1/2 l,7,11-8p,126,True,115,1
Kilbeggan Racing Results | 17th May 2024 19:55,N/A,19:55,Good (Good To Yielding In Places),2m 4f 90y,Take All (IRE),Shane Fenelon,7,J J Hanlon,8th,3 l,9,11-13,131,True,115,1
Kilbeggan Racing Results | 17th May 2024 19:55,N/A,19:55,Good (Good To Yielding In Places),2m 4f 90y,Casey West (IRE),S D Torrens,0,P J Rothwell,7th,3 1/2 l,8,10-8,112,True,115,1
Kilbeggan Racing Results | 17th May 2024 19:55,N/A,19:55,Good (Good To Yielding In Places),2m 4f 90y,Neveradullmoment (IRE),M P Walsh,0,J P Dempsey,6th,3 1/4 l,7,10-10tp,114,True,115,1
Kilbeggan Racing Results | 17th May 2024 19:55,N/A,19:55,Good (Good To Yielding In Places),2m 4f 90y,Railway Hurricane (IRE),K M Donoghue,0,G P Cromwell,5th,5 1/2 l,9,11-9tb,127,True,115,1
Kilbeggan Racing Results | 17th May 2024 19:55,N/A,19:55,Good (Good To Yielding In Places),2m 4f 90y,Farmers Lodge (IRE),M J M O'Sullivan,0,B Connell,4th,3/4 l,8,11-12,130,True,115,1
Kilbeggan Racing Results | 17th May 2024 19:55,N/A,19:55,Good (Good To Yielding In Places),2m 4f 90y,El Champo (IRE),J P O'Sullivan,0,P J Rothwell,3rd,1 3/4 l,6,10-10,114,True,115,1
Kilbeggan Racing Results | 17th May 2024 19:55,N/A,19:55,Good (Good To Yielding In Places),2m 4f 90y,Sargent Lightfoot (IRE),S W Flanagan,0,A Murray,2nd,Head,10,10-5,109,True,115,1
Kilbeggan Racing Results | 17th May 2024 19:55,N/A,19:55,Good (Good To Yielding In Places),2m 4f 90y,The Dasher Conway (IRE),D Meyler,0,Mrs G Callaghan,1st,N/A,9,11-5,123,True,115,1
Kilbeggan Racing Results | 17th May 2024 20:30,N/A,20:30,Good (Good To Yielding In Places)  Flat (Turf),2m 3f,Westandtogether (IRE),Miss F Leaney,7,Mrs D Foster,NR,N/A,4,11-1,-,True,115,2
Kilbeggan Racing Results | 17th May 2024 20:30,N/A,20:30,Good (Good To Yielding In Places)  Flat (Turf),2m 3f,Dacman (IRE),Miss J Townend,0,W P Mullins,NR,N/A,5,12-0,-,True,115,2
Kilbeggan Racing Results | 17th May 2024 20:30,N/A,20:30,Good (Good To Yielding In Places)  Flat (Turf),2m 3f,Lovely Hurling (IRE),Mr D O'Connor,0,Colm Murphy,NR,N/A,5,12-0,-,True,115,2
Kilbeggan Racing Results | 17th May 2024 20:30,N/A,20:30,Good (Good To Yielding In Places)  Flat (Turf),2m 3f,Glownado (IRE),Mr J Costello,7,D Collins,PU,N/A,6,11-7,-,True,115,2
Kilbeggan Racing Results | 17th May 2024 20:30,N/A,20:30,Good (Good To Yielding In Places)  Flat (Turf),2m 3f,Gambling Glory (IRE),Mr J P Sampson,7,I Madden,PU,N/A,8,12-0b1,-,True,115,2
Kilbeggan Racing Results | 17th May 2024 20:30,N/A,20:30,Good (Good To Yielding In Places)  Flat (Turf),2m 3f,Take To The Air (IRE),Mr T Hamilton,0,Ciaran Murphy,11th,14 l,4,11-8,-,True,115,2
Kilbeggan Racing Results | 17th May 2024 20:30,N/A,20:30,Good (Good To Yielding In Places)  Flat (Turf),2m 3f,I Am Emperor (IRE),Mr R Sugrue,7,E Sheehy,10th,2 3/4 l,5,12-0,-,True,115,2
Kilbeggan Racing Results | 17th May 2024 20:30,N/A,20:30,Good (Good To Yielding In Places)  Flat (Turf),2m 3f,Doyen Og (IRE),Mr C Lamon,7,A Sexton,9th,20 l,5,11-7,-,True,115,2
Kilbeggan Racing Results | 17th May 2024 20:30,N/A,20:30,Good (Good To Yielding In Places)  Flat (Turf),2m 3f,Hestheboycandoit (IRE),Shane Fenelon,7,S Millar,8th,1 1/4 l,6,12-0t1,-,True,115,2
Kilbeggan Racing Results | 17th May 2024 20:30,N/A,20:30,Good (Good To Yielding In Places)  Flat (Turf),2m 3f,Faithful Follower (IRE),N T Prendergast,7,P Hennessy,7th,22 l,5,12-0,-,True,115,2
Kilbeggan Racing Results | 17th May 2024 20:30,N/A,20:30,Good (Good To Yielding In Places)  Flat (Turf),2m 3f,Dixie Mafia (IRE),Mr P A King,5,P M J Doyle,6th,11 l,5,12-0t1,-,True,115,2
Kilbeggan Racing Results | 17th May 2024 20:30,N/A,20:30,Good (Good To Yielding In Places)  Flat (Turf),2m 3f,Chief O'Hara (IRE),Mr F R Buckley,7,J C McConnell,5th,1 1/2 l,4,11-8,-,True,115,2
Kilbeggan Racing Results | 17th May 2024 20:30,N/A,20:30,Good (Good To Yielding In Places)  Flat (Turf),2m 3f,Dairy Force (IRE),Mr F Maguire,0,Liam G O'brien,4th,2 l,5,12-0h1,-,True,115,2
Kilbeggan Racing Results | 17th May 2024 20:30,N/A,20:30,Good (Good To Yielding In Places)  Flat (Turf),2m 3f,Rubies Or Gold (IRE),Mr C Mullins,7,Ms M Mullins,3rd,1 1/4 l,5,12-0,-,True,115,2
Kilbeggan Racing Results | 17th May 2024 20:30,N/A,20:30,Good (Good To Yielding In Places)  Flat (Turf),2m 3f,Rocco Boyo (IRE),Mr D G Lavery,0,A Murray,2nd,4 1/4 l,6,12-0t,-,True,115,2
Kilbeggan Racing Results | 17th May 2024 20:30,N/A,20:30,Good (Good To Yielding In Places)  Flat (Turf),2m 3f,Custom Taylor (IRE),Mr D L Queally,0,D Queally,1st,N/A,5,12-0,-,True,115,2
Kilbeggan Racing Results | 17th May 2024 20:30,N/A,20:30,Good (Good To Yielding In Places)  Flat (Turf),2m 3f,Westandtogether (IRE),Miss F Leaney,7,Mrs D Foster,NR,N/A,4,11-1,-,True,115,2
Kilbeggan Racing Results | 17th May 2024 20:30,N/A,20:30,Good (Good To Yielding In Places)  Flat (Turf),2m 3f,Dacman (IRE),Miss J Townend,0,W P Mullins,NR,N/A,5,12-0,-,True,115,2
Kilbeggan Racing Results | 17th May 2024 20:30,N/A,20:30,Good (Good To Yielding In Places)  Flat (Turf),2m 3f,Lovely Hurling (IRE),Mr D O'Connor,0,Colm Murphy,NR,N/A,5,12-0,-,True,115,2
Kilbeggan Racing Results | 17th May 2024 20:30,N/A,20:30,Good (Good To Yielding In Places)  Flat (Turf),2m 3f,Glownado (IRE),Mr J Costello,7,D Collins,PU,N/A,6,11-7,-,True,115,2
Kilbeggan Racing Results | 17th May 2024 20:30,N/A,20:30,Good (Good To Yielding In Places)  Flat (Turf),2m 3f,Gambling Glory (IRE),Mr J P Sampson,7,I Madden,PU,N/A,8,12-0b1,-,True,115,2
Kilbeggan Racing Results | 17th May 2024 20:30,N/A,20:30,Good (Good To Yielding In Places)  Flat (Turf),2m 3f,Take To The Air (IRE),Mr T Hamilton,0,Ciaran Murphy,11th,14 l,4,11-8,-,True,115,2
Kilbeggan Racing Results | 17th May 2024 20:30,N/A,20:30,Good (Good To Yielding In Places)  Flat (Turf),2m 3f,I Am Emperor (IRE),Mr R Sugrue,7,E Sheehy,10th,2 3/4 l,5,12-0,-,True,115,2
Kilbeggan Racing Results | 17th May 2024 20:30,N/A,20:30,Good (Good To Yielding In Places)  Flat (Turf),2m 3f,Doyen Og (IRE),Mr C Lamon,7,A Sexton,9th,20 l,5,11-7,-,True,115,2
Kilbeggan Racing Results | 17th May 2024 20:30,N/A,20:30,Good (Good To Yielding In Places)  Flat (Turf),2m 3f,Hestheboycandoit (IRE),Shane Fenelon,7,S Millar,8th,1 1/4 l,6,12-0t1,-,True,115,2
Kilbeggan Racing Results | 17th May 2024 20:30,N/A,20:30,Good (Good To Yielding In Places)  Flat (Turf),2m 3f,Faithful Follower (IRE),N T Prendergast,7,P Hennessy,7th,22 l,5,12-0,-,True,115,2
Kilbeggan Racing Results | 17th May 2024 20:30,N/A,20:30,Good (Good To Yielding In Places)  Flat (Turf),2m 3f,Dixie Mafia (IRE),Mr P A King,5,P M J Doyle,6th,11 l,5,12-0t1,-,True,115,2
Kilbeggan Racing Results | 17th May 2024 20:30,N/A,20:30,Good (Good To Yielding In Places)  Flat (Turf),2m 3f,Chief O'Hara (IRE),Mr F R Buckley,7,J C McConnell,5th,1 1/2 l,4,11-8,-,True,115,2
Kilbeggan Racing Results | 17th May 2024 20:30,N/A,20:30,Good (Good To Yielding In Places)  Flat (Turf),2m 3f,Dairy Force (IRE),Mr F Maguire,0,Liam G O'brien,4th,2 l,5,12-0h1,-,True,115,2
Kilbeggan Racing Results | 17th May 2024 20:30,N/A,20:30,Good (Good To Yielding In Places)  Flat (Turf),2m 3f,Rubies Or Gold (IRE),Mr C Mullins,7,Ms M Mullins,3rd,1 1/4 l,5,12-0,-,True,115,2
Kilbeggan Racing Results | 17th May 2024 20:30,N/A,20:30,Good (Good To Yielding In Places)  Flat (Turf),2m 3f,Rocco Boyo (IRE),Mr D G Lavery,0,A Murray,2nd,4 1/4 l,6,12-0t,-,True,115,2
Kilbeggan Racing Results | 17th May 2024 20:30,N/A,20:30,Good (Good To Yielding In Places)  Flat (Turf),2m 3f,Custom Taylor (IRE),Mr D L Queally,0,D Queally,1st,N/A,5,12-0,-,True,115,2
Navan Racing Results | 18th May 2024 13:20,N/A,13:20,Good To Yielding,5f 180y,Weegeebear (IRE),G F Carroll,0,G M Lyons,8th,2 1/2 l,2,9-7,-,True,115,3
Navan Racing Results | 18th May 2024 13:20,N/A,13:20,Good To Yielding,5f 180y,Bamako (IRE),C D Hayes,0,A Oliver,7th,2 3/4 l,2,9-7,-,True,115,3
Navan Racing Results | 18th May 2024 13:20,N/A,13:20,Good To Yielding,5f 180y,Katie Ross (IRE),G M Ryan,0,P J F Murphy,6th,1/2 l,2,9-2,-,True,115,3
Navan Racing Results | 18th May 2024 13:20,N/A,13:20,Good To Yielding,5f 180y,King Thistle,B M Coen,0,J P Murtagh,5th,1/2 l,2,9-7,-,True,115,3
Navan Racing Results | 18th May 2024 13:20,N/A,13:20,Good To Yielding,5f 180y,Dr Ali (IRE),C T Keane,0,G M Lyons,4th,1/2 l,2,9-7,-,True,115,3
Navan Racing Results | 18th May 2024 13:20,N/A,13:20,Good To Yielding,5f 180y,Gangsta Man (IRE),S Foley,0,K Smith,3rd,3 1/4 l,2,9-7,-,True,115,3
Navan Racing Results | 18th May 2024 13:20,N/A,13:20,Good To Yielding,5f 180y,Tunbridge Wells (IRE),W M Lordan,0,A P O'Brien,2nd,3 l,2,9-7,-,True,115,3
Navan Racing Results | 18th May 2024 13:20,N/A,13:20,Good To Yielding,5f 180y,Sounds Like A Plan,W J Lee,0,A Oliver,1st,N/A,2,9-7,-,True,115,3
Navan Racing Results | 18th May 2024 13:20,N/A,13:20,Good To Yielding,5f 180y,Weegeebear (IRE),G F Carroll,0,G M Lyons,8th,2 1/2 l,2,9-7,-,True,115,3
Navan Racing Results | 18th May 2024 13:20,N/A,13:20,Good To Yielding,5f 180y,Bamako (IRE),C D Hayes,0,A Oliver,7th,2 3/4 l,2,9-7,-,True,115,3
Navan Racing Results | 18th May 2024 13:20,N/A,13:20,Good To Yielding,5f 180y,Katie Ross (IRE),G M Ryan,0,P J F Murphy,6th,1/2 l,2,9-2,-,True,115,3
Navan Racing Results | 18th May 2024 13:20,N/A,13:20,Good To Yielding,5f 180y,King Thistle,B M Coen,0,J P Murtagh,5th,1/2 l,2,9-7,-,True,115,3
Navan Racing Results | 18th May 2024 13:20,N/A,13:20,Good To Yielding,5f 180y,Dr Ali (IRE),C T Keane,0,G M Lyons,4th,1/2 l,2,9-7,-,True,115,3
Navan Racing Results | 18th May 2024 13:20,N/A,13:20,Good To Yielding,5f 180y,Gangsta Man (IRE),S Foley,0,K Smith,3rd,3 1/4 l,2,9-7,-,True,115,3
Navan Racing Results | 18th May 2024 13:20,N/A,13:20,Good To Yielding,5f 180y,Tunbridge Wells (IRE),W M Lordan,0,A P O'Brien,2nd,3 l,2,9-7,-,True,115,3
Navan Racing Results | 18th May 2024 13:20,N/A,13:20,Good To Yielding,5f 180y,Sounds Like A Plan,W J Lee,0,A Oliver,1st,N/A,2,9-7,-,True,115,3
Navan Racing Results | 18th May 2024 13:55,N/A,13:55,Good To Yielding,5f 180y,Step Back In Time (IRE),C J MacRedmond,0,Chris Timmons,NR,N/A,6,9-3p,52,True,115,4
Navan Racing Results | 18th May 2024 13:55,N/A,13:55,Good To Yielding,5f 180y,My Girl Sioux (IRE),Amy Jo Hayes,7,A Slattery,NR,N/A,4,9-0,49,True,115,4
Navan Racing Results | 18th May 2024 13:55,N/A,13:55,Good To Yielding,5f 180y,Star Sailor (IRE),J Cleary,4,P J Flynn,16th,2 l,3,8-8,51,True,115,4
Navan Racing Results | 18th May 2024 13:55,N/A,13:55,Good To Yielding,5f 180y,Sin E Shekells,R M Mulligan,7,J G Murray,15th,2 l,7,8-12tp1,47,True,115,4
Navan Racing Results | 18th May 2024 13:55,N/A,13:55,Good To Yielding,5f 180y,Jacks Inn (IRE),R Whearty,0,John M Harney,14th,5 1/2 l,3,9-3,60,True,115,4
Navan Racing Results | 18th May 2024 13:55,N/A,13:55,Good To Yielding,5f 180y,Teddy Boy (IRE),Sorcha Woods,7,E Lynam,13th,3 3/4 l,9,9-5,54,True,115,4
Navan Racing Results | 18th May 2024 13:55,N/A,13:55,Good To Yielding,5f 180y,Senado Square,C Horgan,4,A Slattery,12th,1 l,4,10-2,65,True,115,4
Navan Racing Results | 18th May 2024 13:55,N/A,13:55,Good To Yielding,5f 180y,Aurora Nova (IRE),H J Horgan,2,A McNamara,11th,1 l,5,8-13,48,True,115,4
Navan Racing Results | 18th May 2024 13:55,N/A,13:55,Good To Yielding,5f 180y,No Speed Limit (FR),Adam Caffrey,0,P J McKenna,10th,2 1/2 l,9,8-12v,47,True,115,4
Navan Racing Results | 18th May 2024 13:55,N/A,13:55,Good To Yielding,5f 180y,Only A Star (IRE),Alyse Jane Clarke,7,T G McCourt,9th,1 l,4,9-4,53,True,115,4
Navan Racing Results | 18th May 2024 13:55,N/A,13:55,Good To Yielding,5f 180y,Below Deck (IRE),M W Hassett,4,L Comer,8th,Short Head,4,8-12,47,True,115,4
Navan Racing Results | 18th May 2024 13:55,N/A,13:55,Good To Yielding,5f 180y,Hope And Innocence (IRE),J J G Ryan,0,T G McCourt,7th,1 1/4 l,4,9-3,52,True,115,4
Navan Racing Results | 18th May 2024 13:55,N/A,13:55,Good To Yielding,5f 180y,Un Bacio Ancora (IRE),J A Powell,0,P J F Murphy,6th,Short Head,5,9-1tp,50,True,115,4
Navan Racing Results | 18th May 2024 13:55,N/A,13:55,Good To Yielding,5f 180y,Aloysius Lilius (IRE),S T McCullagh,0,Gerard O'Leary,5th,1/2 l,8,9-12tb,61,True,115,4
Navan Racing Results | 18th May 2024 13:55,N/A,13:55,Good To Yielding,5f 180y,Shoebox King (IRE),J Kearney,2,Kevin Coleman,4th,1 l,5,9-8p1,57,True,115,4
Navan Racing Results | 18th May 2024 13:55,N/A,13:55,Good To Yielding,5f 180y,Cuban Grey,W Joyce,2,P J McKenna,3rd,2 1/4 l,4,9-5p,54,True,115,4
Navan Racing Results | 18th May 2024 13:55,N/A,13:55,Good To Yielding,5f 180y,Layoftheland (IRE),P A Harnett,2,Sean Davis,2nd,Short Head,3,8-12t,47,True,115,4
Navan Racing Results | 18th May 2024 13:55,N/A,13:55,Good To Yielding,5f 180y,Stanhope,K G Kennedy,7,J C McConnell,1st,N/A,10,8-12,47,True,115,4
Navan Racing Results | 18th May 2024 13:55,N/A,13:55,Good To Yielding,5f 180y,Step Back In Time (IRE),C J MacRedmond,0,Chris Timmons,NR,N/A,6,9-3p,52,True,115,4
Navan Racing Results | 18th May 2024 13:55,N/A,13:55,Good To Yielding,5f 180y,My Girl Sioux (IRE),Amy Jo Hayes,7,A Slattery,NR,N/A,4,9-0,49,True,115,4
Navan Racing Results | 18th May 2024 13:55,N/A,13:55,Good To Yielding,5f 180y,Star Sailor (IRE),J Cleary,4,P J Flynn,16th,2 l,3,8-8,51,True,115,4
Navan Racing Results | 18th May 2024 13:55,N/A,13:55,Good To Yielding,5f 180y,Sin E Shekells,R M Mulligan,7,J G Murray,15th,2 l,7,8-12tp1,47,True,115,4
Navan Racing Results | 18th May 2024 13:55,N/A,13:55,Good To Yielding,5f 180y,Jacks Inn (IRE),R Whearty,0,John M Harney,14th,5 1/2 l,3,9-3,60,True,115,4
Navan Racing Results | 18th May 2024 13:55,N/A,13:55,Good To Yielding,5f 180y,Teddy Boy (IRE),Sorcha Woods,7,E Lynam,13th,3 3/4 l,9,9-5,54,True,115,4
Navan Racing Results | 18th May 2024 13:55,N/A,13:55,Good To Yielding,5f 180y,Senado Square,C Horgan,4,A Slattery,12th,1 l,4,10-2,65,True,115,4
Navan Racing Results | 18th May 2024 13:55,N/A,13:55,Good To Yielding,5f 180y,Aurora Nova (IRE),H J Horgan,2,A McNamara,11th,1 l,5,8-13,48,True,115,4
Navan Racing Results | 18th May 2024 13:55,N/A,13:55,Good To Yielding,5f 180y,No Speed Limit (FR),Adam Caffrey,0,P J McKenna,10th,2 1/2 l,9,8-12v,47,True,115,4
Navan Racing Results | 18th May 2024 13:55,N/A,13:55,Good To Yielding,5f 180y,Only A Star (IRE),Alyse Jane Clarke,7,T G McCourt,9th,1 l,4,9-4,53,True,115,4
Navan Racing Results | 18th May 2024 13:55,N/A,13:55,Good To Yielding,5f 180y,Below Deck (IRE),M W Hassett,4,L Comer,8th,Short Head,4,8-12,47,True,115,4
Navan Racing Results | 18th May 2024 13:55,N/A,13:55,Good To Yielding,5f 180y,Hope And Innocence (IRE),J J G Ryan,0,T G McCourt,7th,1 1/4 l,4,9-3,52,True,115,4
Navan Racing Results | 18th May 2024 13:55,N/A,13:55,Good To Yielding,5f 180y,Un Bacio Ancora (IRE),J A Powell,0,P J F Murphy,6th,Short Head,5,9-1tp,50,True,115,4
Navan Racing Results | 18th May 2024 13:55,N/A,13:55,Good To Yielding,5f 180y,Aloysius Lilius (IRE),S T McCullagh,0,Gerard O'Leary,5th,1/2 l,8,9-12tb,61,True,115,4
Navan Racing Results | 18th May 2024 13:55,N/A,13:55,Good To Yielding,5f 180y,Shoebox King (IRE),J Kearney,2,Kevin Coleman,4th,1 l,5,9-8p1,57,True,115,4
Navan Racing Results | 18th May 2024 13:55,N/A,13:55,Good To Yielding,5f 180y,Cuban Grey,W Joyce,2,P J McKenna,3rd,2 1/4 l,4,9-5p,54,True,115,4
Navan Racing Results | 18th May 2024 13:55,N/A,13:55,Good To Yielding,5f 180y,Layoftheland (IRE),P A Harnett,2,Sean Davis,2nd,Short Head,3,8-12t,47,True,115,4
Navan Racing Results | 18th May 2024 13:55,N/A,13:55,Good To Yielding,5f 180y,Stanhope,K G Kennedy,7,J C McConnell,1st,N/A,10,8-12,47,True,115,4
Navan Racing Results | 18th May 2024 14:30,N/A,14:30,Good To Yielding,5f,Kay's Flower (IRE),C T Keane,0,G M Lyons,NR,N/A,3,9-3,-,True,115,5
Navan Racing Results | 18th May 2024 14:30,N/A,14:30,Good To Yielding,5f,Nelliestar (IRE),L T McAteer,0,Ian Donoghue,17th,13 l,4,9-11,-,True,115,5
Navan Racing Results | 18th May 2024 14:30,N/A,14:30,Good To Yielding,5f,Making A Move (IRE),M P Sheehy,0,J M Burke,16th,9 1/2 l,4,10-2h,-,True,115,5
Navan Racing Results | 18th May 2024 14:30,N/A,14:30,Good To Yielding,5f,Crystal Luna (IRE),O McSweeney,0,Daniel Murphy,15th,1/2 l,3,9-3p1,-,True,115,5
Navan Racing Results | 18th May 2024 14:30,N/A,14:30,Good To Yielding,5f,Behomebyhalfpast (IRE),W M Lordan,0,J Feane,14th,1 1/4 l,3,9-3,-,True,115,5
Navan Racing Results | 18th May 2024 14:30,N/A,14:30,Good To Yielding,5f,Sierra De Gredos,W J Lee,0,A Oliver,13th,1/2 l,3,9-8,-,True,115,5
Navan Racing Results | 18th May 2024 14:30,N/A,14:30,Good To Yielding,5f,Oh So Bright (IRE),S Foley,0,Mrs J Harrington,12th,1 1/2 l,3,9-3t,-,True,115,5
Navan Racing Results | 18th May 2024 14:30,N/A,14:30,Good To Yielding,5f,Pass To Paris (IRE),G M Ryan,0,P J F Murphy,11th,Neck,3,9-8,-,True,115,5
Navan Racing Results | 18th May 2024 14:30,N/A,14:30,Good To Yielding,5f,Saffredi,G F Carroll,0,G P Cromwell,10th,1 3/4 l,3,9-8h1,-,True,115,5
Navan Racing Results | 18th May 2024 14:30,N/A,14:30,Good To Yielding,5f,Verified (IRE),N G McCullagh,0,Charles Weld,9th,3/4 l,3,9-8b,-,True,115,5
Navan Racing Results | 18th May 2024 14:30,N/A,14:30,Good To Yielding,5f,Fair Taxes (IRE),D W O'Connor,0,R O'Sullivan,8th,1/2 l,3,9-8h1,-,True,115,5
Navan Racing Results | 18th May 2024 14:30,N/A,14:30,Good To Yielding,5f,Lismacbryan (IRE),R C Colgan,0,P Magee,7th,1 l,3,9-3,-,True,115,5
Navan Racing Results | 18th May 2024 14:30,N/A,14:30,Good To Yielding,5f,Glamorous Doll (IRE),B M Coen,0,E Lynam,6th,Neck,3,9-3,-,True,115,5
Navan Racing Results | 18th May 2024 14:30,N/A,14:30,Good To Yielding,5f,Somptueuse (IRE),D E Sheehy,0,M C Grassick,5th,1 1/4 l,3,9-3,-,True,115,5
Navan Racing Results | 18th May 2024 14:30,N/A,14:30,Good To Yielding,5f,Back Down Under (IRE),L F Roche,0,P Roche,4th,3 1/2 l,3,9-3,-,True,115,5
Navan Racing Results | 18th May 2024 14:30,N/A,14:30,Good To Yielding,5f,Abiding Star (IRE),C D Hayes,0,John Hayes,3rd,1/2 l,3,9-3,-,True,115,5
Navan Racing Results | 18th May 2024 14:30,N/A,14:30,Good To Yielding,5f,Desert Power (IRE),J J G Ryan,5,E Lynam,2nd,3 l,3,9-8,-,True,115,5
Navan Racing Results | 18th May 2024 14:30,N/A,14:30,Good To Yielding,5f,Sturlasson (IRE),D P McDonogh,0,K P Cotter,1st,N/A,3,9-8,-,True,115,5
Navan Racing Results | 18th May 2024 14:30,N/A,14:30,Good To Yielding,5f,Kay's Flower (IRE),C T Keane,0,G M Lyons,NR,N/A,3,9-3,-,True,115,5
Navan Racing Results | 18th May 2024 14:30,N/A,14:30,Good To Yielding,5f,Nelliestar (IRE),L T McAteer,0,Ian Donoghue,17th,13 l,4,9-11,-,True,115,5
Navan Racing Results | 18th May 2024 14:30,N/A,14:30,Good To Yielding,5f,Making A Move (IRE),M P Sheehy,0,J M Burke,16th,9 1/2 l,4,10-2h,-,True,115,5
Navan Racing Results | 18th May 2024 14:30,N/A,14:30,Good To Yielding,5f,Crystal Luna (IRE),O McSweeney,0,Daniel Murphy,15th,1/2 l,3,9-3p1,-,True,115,5
Navan Racing Results | 18th May 2024 14:30,N/A,14:30,Good To Yielding,5f,Behomebyhalfpast (IRE),W M Lordan,0,J Feane,14th,1 1/4 l,3,9-3,-,True,115,5
Navan Racing Results | 18th May 2024 14:30,N/A,14:30,Good To Yielding,5f,Sierra De Gredos,W J Lee,0,A Oliver,13th,1/2 l,3,9-8,-,True,115,5
Navan Racing Results | 18th May 2024 14:30,N/A,14:30,Good To Yielding,5f,Oh So Bright (IRE),S Foley,0,Mrs J Harrington,12th,1 1/2 l,3,9-3t,-,True,115,5
Navan Racing Results | 18th May 2024 14:30,N/A,14:30,Good To Yielding,5f,Pass To Paris (IRE),G M Ryan,0,P J F Murphy,11th,Neck,3,9-8,-,True,115,5
Navan Racing Results | 18th May 2024 14:30,N/A,14:30,Good To Yielding,5f,Saffredi,G F Carroll,0,G P Cromwell,10th,1 3/4 l,3,9-8h1,-,True,115,5
Navan Racing Results | 18th May 2024 14:30,N/A,14:30,Good To Yielding,5f,Verified (IRE),N G McCullagh,0,Charles Weld,9th,3/4 l,3,9-8b,-,True,115,5
Navan Racing Results | 18th May 2024 14:30,N/A,14:30,Good To Yielding,5f,Fair Taxes (IRE),D W O'Connor,0,R O'Sullivan,8th,1/2 l,3,9-8h1,-,True,115,5
Navan Racing Results | 18th May 2024 14:30,N/A,14:30,Good To Yielding,5f,Lismacbryan (IRE),R C Colgan,0,P Magee,7th,1 l,3,9-3,-,True,115,5
Navan Racing Results | 18th May 2024 14:30,N/A,14:30,Good To Yielding,5f,Glamorous Doll (IRE),B M Coen,0,E Lynam,6th,Neck,3,9-3,-,True,115,5
Navan Racing Results | 18th May 2024 14:30,N/A,14:30,Good To Yielding,5f,Somptueuse (IRE),D E Sheehy,0,M C Grassick,5th,1 1/4 l,3,9-3,-,True,115,5
Navan Racing Results | 18th May 2024 14:30,N/A,14:30,Good To Yielding,5f,Back Down Under (IRE),L F Roche,0,P Roche,4th,3 1/2 l,3,9-3,-,True,115,5
Navan Racing Results | 18th May 2024 14:30,N/A,14:30,Good To Yielding,5f,Abiding Star (IRE),C D Hayes,0,John Hayes,3rd,1/2 l,3,9-3,-,True,115,5
Navan Racing Results | 18th May 2024 14:30,N/A,14:30,Good To Yielding,5f,Desert Power (IRE),J J G Ryan,5,E Lynam,2nd,3 l,3,9-8,-,True,115,5
Navan Racing Results | 18th May 2024 14:30,N/A,14:30,Good To Yielding,5f,Sturlasson (IRE),D P McDonogh,0,K P Cotter,1st,N/A,3,9-8,-,True,115,5
Navan Racing Results | 18th May 2024 15:05,N/A,15:05,Good To Yielding,5f,Only Spoofing (IRE),J M Sheridan,0,Kevin Coleman,14th,1 1/2 l,10,9-6,82,True,115,6
Navan Racing Results | 18th May 2024 15:05,N/A,15:05,Good To Yielding,5f,Sunday Sovereign,C D Hayes,0,G A Kingston,13th,3/4 l,7,8-11,73,True,115,6
Navan Racing Results | 18th May 2024 15:05,N/A,15:05,Good To Yielding,5f,New Definition,C T Keane,0,R O'Brien,12th,2 1/4 l,4,10-2,92,True,115,6
Navan Racing Results | 18th May 2024 15:05,N/A,15:05,Good To Yielding,5f,Buddy Batt (IRE),J A Powell,3,D J Bunyan,11th,Head,3,8-7,76,True,115,6
Navan Racing Results | 18th May 2024 15:05,N/A,15:05,Good To Yielding,5f,Charming Lady (IRE),R Whearty,5,T G McCourt,10th,1 1/4 l,4,9-0v1,76,True,115,6
Navan Racing Results | 18th May 2024 15:05,N/A,15:05,Good To Yielding,5f,Nouvel Espoir (IRE),N M Crosse,0,J Barcoe,9th,Head,4,8-7,69,True,115,6
Navan Racing Results | 18th May 2024 15:05,N/A,15:05,Good To Yielding,5f,Jon Riggens (IRE),B M Coen,0,E Lynam,8th,Short Head,6,10-0t,90,True,115,6
Navan Racing Results | 18th May 2024 15:05,N/A,15:05,Good To Yielding,5f,Pro Bono Alexander (IRE),M W Hassett,7,W P Browne,7th,1 l,4,9-8b,84,True,115,6
Navan Racing Results | 18th May 2024 15:05,N/A,15:05,Good To Yielding,5f,Never Shout Never (IRE),C J MacRedmond,5,A McGuinness,6th,Head,4,9-7,83,True,115,6
Navan Racing Results | 18th May 2024 15:05,N/A,15:05,Good To Yielding,5f,Blanc De Noir (IRE),R M Mulligan,7,J P Murtagh,5th,1/2 l,4,8-11,73,True,115,6
Navan Racing Results | 18th May 2024 15:05,N/A,15:05,Good To Yielding,5f,Inishmot Prince (IRE),J J G Ryan,5,T G McCourt,4th,2 l,6,8-11v,73,True,115,6
Navan Racing Results | 18th May 2024 15:05,N/A,15:05,Good To Yielding,5f,Mehman,S Foley,0,Gerard O'Leary,3rd,1 1/2 l,5,9-5t,81,True,115,6
Navan Racing Results | 18th May 2024 15:05,N/A,15:05,Good To Yielding,5f,Harry's Hill,J A Heffernan,0,M Hassett,2nd,1/2 l,6,9-4t1,80,True,115,6
Navan Racing Results | 18th May 2024 15:05,N/A,15:05,Good To Yielding,5f,Amazon Lady (IRE),W J Lee,0,W McCreery,1st,N/A,4,9-10v1,86,True,115,6
Navan Racing Results | 18th May 2024 15:05,N/A,15:05,Good To Yielding,5f,Only Spoofing (IRE),J M Sheridan,0,Kevin Coleman,14th,1 1/2 l,10,9-6,82,True,115,6
Navan Racing Results | 18th May 2024 15:05,N/A,15:05,Good To Yielding,5f,Sunday Sovereign,C D Hayes,0,G A Kingston,13th,3/4 l,7,8-11,73,True,115,6
Navan Racing Results | 18th May 2024 15:05,N/A,15:05,Good To Yielding,5f,New Definition,C T Keane,0,R O'Brien,12th,2 1/4 l,4,10-2,92,True,115,6
Navan Racing Results | 18th May 2024 15:05,N/A,15:05,Good To Yielding,5f,Buddy Batt (IRE),J A Powell,3,D J Bunyan,11th,Head,3,8-7,76,True,115,6
Navan Racing Results | 18th May 2024 15:05,N/A,15:05,Good To Yielding,5f,Charming Lady (IRE),R Whearty,5,T G McCourt,10th,1 1/4 l,4,9-0v1,76,True,115,6
Navan Racing Results | 18th May 2024 15:05,N/A,15:05,Good To Yielding,5f,Nouvel Espoir (IRE),N M Crosse,0,J Barcoe,9th,Head,4,8-7,69,True,115,6
Navan Racing Results | 18th May 2024 15:05,N/A,15:05,Good To Yielding,5f,Jon Riggens (IRE),B M Coen,0,E Lynam,8th,Short Head,6,10-0t,90,True,115,6
Navan Racing Results | 18th May 2024 15:05,N/A,15:05,Good To Yielding,5f,Pro Bono Alexander (IRE),M W Hassett,7,W P Browne,7th,1 l,4,9-8b,84,True,115,6
Navan Racing Results | 18th May 2024 15:05,N/A,15:05,Good To Yielding,5f,Never Shout Never (IRE),C J MacRedmond,5,A McGuinness,6th,Head,4,9-7,83,True,115,6
Navan Racing Results | 18th May 2024 15:05,N/A,15:05,Good To Yielding,5f,Blanc De Noir (IRE),R M Mulligan,7,J P Murtagh,5th,1/2 l,4,8-11,73,True,115,6
Navan Racing Results | 18th May 2024 15:05,N/A,15:05,Good To Yielding,5f,Inishmot Prince (IRE),J J G Ryan,5,T G McCourt,4th,2 l,6,8-11v,73,True,115,6
Navan Racing Results | 18th May 2024 15:05,N/A,15:05,Good To Yielding,5f,Mehman,S Foley,0,Gerard O'Leary,3rd,1 1/2 l,5,9-5t,81,True,115,6
Navan Racing Results | 18th May 2024 15:05,N/A,15:05,Good To Yielding,5f,Harry's Hill,J A Heffernan,0,M Hassett,2nd,1/2 l,6,9-4t1,80,True,115,6
Navan Racing Results | 18th May 2024 15:05,N/A,15:05,Good To Yielding,5f,Amazon Lady (IRE),W J Lee,0,W McCreery,1st,N/A,4,9-10v1,86,True,115,6
Navan Racing Results | 18th May 2024 15:40,N/A,15:40,Good To Yielding,1m 5f,The Equator (IRE),D McMonagle,0,A P O'Brien,NR,N/A,3,9-5,-,True,115,7
Navan Racing Results | 18th May 2024 15:40,N/A,15:40,Good To Yielding,1m 5f,Pearl Jewel (IRE),R C Colgan,0,Chris Timmons,4th,15 l,3,9-0h1,-,True,115,7
Navan Racing Results | 18th May 2024 15:40,N/A,15:40,Good To Yielding,1m 5f,Gasper De Lemos (IRE),W M Lordan,0,A P O'Brien,3rd,Neck,3,9-5,-,True,115,7
Navan Racing Results | 18th May 2024 15:40,N/A,15:40,Good To Yielding,1m 5f,Bellezza (IRE),C T Keane,0,G M Lyons,2nd,1 1/4 l,3,9-0,-,True,115,7
Navan Racing Results | 18th May 2024 15:40,N/A,15:40,Good To Yielding,1m 5f,Birdman (IRE),S Foley,0,Mrs J Harrington,1st,N/A,3,9-5,-,True,115,7
Navan Racing Results | 18th May 2024 15:40,N/A,15:40,Good To Yielding,1m 5f,The Equator (IRE),D McMonagle,0,A P O'Brien,NR,N/A,3,9-5,-,True,115,7
Navan Racing Results | 18th May 2024 15:40,N/A,15:40,Good To Yielding,1m 5f,Pearl Jewel (IRE),R C Colgan,0,Chris Timmons,4th,15 l,3,9-0h1,-,True,115,7
Navan Racing Results | 18th May 2024 15:40,N/A,15:40,Good To Yielding,1m 5f,Gasper De Lemos (IRE),W M Lordan,0,A P O'Brien,3rd,Neck,3,9-5,-,True,115,7
Navan Racing Results | 18th May 2024 15:40,N/A,15:40,Good To Yielding,1m 5f,Bellezza (IRE),C T Keane,0,G M Lyons,2nd,1 1/4 l,3,9-0,-,True,115,7
Navan Racing Results | 18th May 2024 15:40,N/A,15:40,Good To Yielding,1m 5f,Birdman (IRE),S Foley,0,Mrs J Harrington,1st,N/A,3,9-5,-,True,115,7
Navan Racing Results | 18th May 2024 16:15,N/A,16:15,Good To Yielding,1m 5f,Spinning Web (IRE),N G McCullagh,0,Ms M Mullins,NR,N/A,4,9-8,57,True,115,8
Navan Racing Results | 18th May 2024 16:15,N/A,16:15,Good To Yielding,1m 5f,Creative Dancer (IRE),L F Roche,0,Ian Donoghue,NR,N/A,7,8-12,47,True,115,8
Navan Racing Results | 18th May 2024 16:15,N/A,16:15,Good To Yielding,1m 5f,Mambo De La Luna (IRE),J M Sheridan,0,B Duffy,14th,23 l,4,9-7p1,56,True,115,8
Navan Racing Results | 18th May 2024 16:15,N/A,16:15,Good To Yielding,1m 5f,Walnut Beach (IRE),A C Persse,7,P J Flynn,13th,1/2 l,7,9-8b,57,True,115,8
Navan Racing Results | 18th May 2024 16:15,N/A,16:15,Good To Yielding,1m 5f,Mythical Times (IRE),C D Hayes,0,P Cluskey,12th,1 l,6,8-12,47,True,115,8
Navan Racing Results | 18th May 2024 16:15,N/A,16:15,Good To Yielding,1m 5f,Wishes And Dreams (IRE),S Foley,0,Ciaran Murphy,11th,Head,4,9-7tp,56,True,115,8
Navan Racing Results | 18th May 2024 16:15,N/A,16:15,Good To Yielding,1m 5f,Sioux Grit (IRE),K J Leonard,0,R P Burns,10th,2 l,6,8-12,47,True,115,8
Navan Racing Results | 18th May 2024 16:15,N/A,16:15,Good To Yielding,1m 5f,Fair Damsel (IRE),Siobhan Rutledge,3,R Brabazon,9th,2 3/4 l,6,9-6,55,True,115,8
Navan Racing Results | 18th May 2024 16:15,N/A,16:15,Good To Yielding,1m 5f,Tenth Amendment (IRE),G M Ryan,0,K H Clarke,8th,Neck,10,8-12t,47,True,115,8
Navan Racing Results | 18th May 2024 16:15,N/A,16:15,Good To Yielding,1m 5f,My Birthday Girl (IRE),J A Powell,3,N Meade,7th,1 1/4 l,4,8-12b1,47,True,115,8
Navan Racing Results | 18th May 2024 16:15,N/A,16:15,Good To Yielding,1m 5f,Dollar Value (USA),J J G Ryan,5,T G McCourt,6th,Head,9,9-9,58,True,115,8
Navan Racing Results | 18th May 2024 16:15,N/A,16:15,Good To Yielding,1m 5f,Firm Belief (IRE),J A Heffernan,0,R Sweeney,5th,3/4 l,6,9-11,60,True,115,8
Navan Racing Results | 18th May 2024 16:15,N/A,16:15,Good To Yielding,1m 5f,Goonyaboyya (IRE),C T Keane,0,G Keane,4th,1 1/2 l,5,9-5,54,True,115,8
Navan Racing Results | 18th May 2024 16:15,N/A,16:15,Good To Yielding,1m 5f,Grann's Boy (IRE),Adam Caffrey,5,H Rogers,3rd,1/2 l,4,9-13,62,True,115,8
Navan Racing Results | 18th May 2024 16:15,N/A,16:15,Good To Yielding,1m 5f,The Truant (IRE),K G Kennedy,7,P W Flynn,2nd,1 l,7,9-13t,62,True,115,8
Navan Racing Results | 18th May 2024 16:15,N/A,16:15,Good To Yielding,1m 5f,Global Export (IRE),R Whearty,5,G P Cromwell,1st,N/A,6,10-0h,63,True,115,8
Navan Racing Results | 18th May 2024 16:15,N/A,16:15,Good To Yielding,1m 5f,Spinning Web (IRE),N G McCullagh,0,Ms M Mullins,NR,N/A,4,9-8,57,True,115,8
Navan Racing Results | 18th May 2024 16:15,N/A,16:15,Good To Yielding,1m 5f,Creative Dancer (IRE),L F Roche,0,Ian Donoghue,NR,N/A,7,8-12,47,True,115,8
Navan Racing Results | 18th May 2024 16:15,N/A,16:15,Good To Yielding,1m 5f,Mambo De La Luna (IRE),J M Sheridan,0,B Duffy,14th,23 l,4,9-7p1,56,True,115,8
Navan Racing Results | 18th May 2024 16:15,N/A,16:15,Good To Yielding,1m 5f,Walnut Beach (IRE),A C Persse,7,P J Flynn,13th,1/2 l,7,9-8b,57,True,115,8
Navan Racing Results | 18th May 2024 16:15,N/A,16:15,Good To Yielding,1m 5f,Mythical Times (IRE),C D Hayes,0,P Cluskey,12th,1 l,6,8-12,47,True,115,8
Navan Racing Results | 18th May 2024 16:15,N/A,16:15,Good To Yielding,1m 5f,Wishes And Dreams (IRE),S Foley,0,Ciaran Murphy,11th,Head,4,9-7tp,56,True,115,8
Navan Racing Results | 18th May 2024 16:15,N/A,16:15,Good To Yielding,1m 5f,Sioux Grit (IRE),K J Leonard,0,R P Burns,10th,2 l,6,8-12,47,True,115,8
Navan Racing Results | 18th May 2024 16:15,N/A,16:15,Good To Yielding,1m 5f,Fair Damsel (IRE),Siobhan Rutledge,3,R Brabazon,9th,2 3/4 l,6,9-6,55,True,115,8
Navan Racing Results | 18th May 2024 16:15,N/A,16:15,Good To Yielding,1m 5f,Tenth Amendment (IRE),G M Ryan,0,K H Clarke,8th,Neck,10,8-12t,47,True,115,8
Navan Racing Results | 18th May 2024 16:15,N/A,16:15,Good To Yielding,1m 5f,My Birthday Girl (IRE),J A Powell,3,N Meade,7th,1 1/4 l,4,8-12b1,47,True,115,8
Navan Racing Results | 18th May 2024 16:15,N/A,16:15,Good To Yielding,1m 5f,Dollar Value (USA),J J G Ryan,5,T G McCourt,6th,Head,9,9-9,58,True,115,8
Navan Racing Results | 18th May 2024 16:15,N/A,16:15,Good To Yielding,1m 5f,Firm Belief (IRE),J A Heffernan,0,R Sweeney,5th,3/4 l,6,9-11,60,True,115,8
Navan Racing Results | 18th May 2024 16:15,N/A,16:15,Good To Yielding,1m 5f,Goonyaboyya (IRE),C T Keane,0,G Keane,4th,1 1/2 l,5,9-5,54,True,115,8
Navan Racing Results | 18th May 2024 16:15,N/A,16:15,Good To Yielding,1m 5f,Grann's Boy (IRE),Adam Caffrey,5,H Rogers,3rd,1/2 l,4,9-13,62,True,115,8
Navan Racing Results | 18th May 2024 16:15,N/A,16:15,Good To Yielding,1m 5f,The Truant (IRE),K G Kennedy,7,P W Flynn,2nd,1 l,7,9-13t,62,True,115,8
Navan Racing Results | 18th May 2024 16:15,N/A,16:15,Good To Yielding,1m 5f,Global Export (IRE),R Whearty,5,G P Cromwell,1st,N/A,6,10-0h,63,True,115,8
Navan Racing Results | 18th May 2024 16:50,N/A,16:50,Good To Yielding,1m 5f,Rain (GER),D McMonagle,0,J Barcoe,NR,N/A,5,10-1,64,True,115,9
Navan Racing Results | 18th May 2024 16:50,N/A,16:50,Good To Yielding,1m 5f,Paradise Lost (IRE),W J Lee,0,C O'Brien,NR,N/A,5,9-13,62,True,115,9
Navan Racing Results | 18th May 2024 16:50,N/A,16:50,Good To Yielding,1m 5f,Say You're Sorry (IRE),C D Hayes,0,E O'Connell,14th,93 l,6,9-6ht,55,True,115,9
Navan Racing Results | 18th May 2024 16:50,N/A,16:50,Good To Yielding,1m 5f,Dubai Clover (IRE),G F Carroll,0,Ian Donoghue,13th,1/2 l,5,9-7,56,True,115,9
Navan Racing Results | 18th May 2024 16:50,N/A,16:50,Good To Yielding,1m 5f,You Make Me Smile (IRE),C Horgan,7,P A Fahy,12th,3/4 l,6,8-12,47,True,115,9
Navan Racing Results | 18th May 2024 16:50,N/A,16:50,Good To Yielding,1m 5f,Construct,D W O'Connor,0,J C McConnell,11th,1 1/2 l,9,9-9t,58,True,115,9
Navan Racing Results | 18th May 2024 16:50,N/A,16:50,Good To Yielding,1m 5f,Xquise (FR),Adam Caffrey,5,Miss Jennifer Anne Lynch,10th,1/2 l,4,9-5,54,True,115,9
Navan Racing Results | 18th May 2024 16:50,N/A,16:50,Good To Yielding,1m 5f,Nomenclature (FR),J E Harnett,10,John O'Donoghue,9th,1/2 l,4,10-0,63,True,115,9
Navan Racing Results | 18th May 2024 16:50,N/A,16:50,Good To Yielding,1m 5f,Gudrun Genberg (IRE),M W Hassett,7,A A Howard,8th,1 l,5,8-12,47,True,115,9
Navan Racing Results | 18th May 2024 16:50,N/A,16:50,Good To Yielding,1m 5f,Final Endeavour (IRE),G M Ryan,0,H Rogers,7th,1 l,8,9-0,49,True,115,9
Navan Racing Results | 18th May 2024 16:50,N/A,16:50,Good To Yielding,1m 5f,Sand Castle (IRE),J A Heffernan,0,A Murray,6th,3/4 l,8,9-3tp,52,True,115,9
Navan Racing Results | 18th May 2024 16:50,N/A,16:50,Good To Yielding,1m 5f,Glyde Ranger (IRE),J J G Ryan,5,T G McCourt,5th,2 1/2 l,4,10-0v,63,True,115,9
Navan Racing Results | 18th May 2024 16:50,N/A,16:50,Good To Yielding,1m 5f,Mephisto (IRE),C T Keane,0,G Keane,4th,3 1/4 l,7,9-8v,57,True,115,9
Navan Racing Results | 18th May 2024 16:50,N/A,16:50,Good To Yielding,1m 5f,Sceptred Isle,Siobhan Rutledge,3,G A Kingston,3rd,1/2 l,7,8-12,47,True,115,9
Navan Racing Results | 18th May 2024 16:50,N/A,16:50,Good To Yielding,1m 5f,Gracesolution (IRE),S Foley,0,R O'Sullivan,2nd,Neck,7,10-0,63,True,115,9
Navan Racing Results | 18th May 2024 16:50,N/A,16:50,Good To Yielding,1m 5f,El C Wells (IRE),R C Colgan,0,Paul Mulligan,1st,N/A,6,9-9,58,True,115,9
Navan Racing Results | 18th May 2024 16:50,N/A,16:50,Good To Yielding,1m 5f,Rain (GER),D McMonagle,0,J Barcoe,NR,N/A,5,10-1,64,True,115,9
Navan Racing Results | 18th May 2024 16:50,N/A,16:50,Good To Yielding,1m 5f,Paradise Lost (IRE),W J Lee,0,C O'Brien,NR,N/A,5,9-13,62,True,115,9
Navan Racing Results | 18th May 2024 16:50,N/A,16:50,Good To Yielding,1m 5f,Say You're Sorry (IRE),C D Hayes,0,E O'Connell,14th,93 l,6,9-6ht,55,True,115,9
Navan Racing Results | 18th May 2024 16:50,N/A,16:50,Good To Yielding,1m 5f,Dubai Clover (IRE),G F Carroll,0,Ian Donoghue,13th,1/2 l,5,9-7,56,True,115,9
Navan Racing Results | 18th May 2024 16:50,N/A,16:50,Good To Yielding,1m 5f,You Make Me Smile (IRE),C Horgan,7,P A Fahy,12th,3/4 l,6,8-12,47,True,115,9
Navan Racing Results | 18th May 2024 16:50,N/A,16:50,Good To Yielding,1m 5f,Construct,D W O'Connor,0,J C McConnell,11th,1 1/2 l,9,9-9t,58,True,115,9
Navan Racing Results | 18th May 2024 16:50,N/A,16:50,Good To Yielding,1m 5f,Xquise (FR),Adam Caffrey,5,Miss Jennifer Anne Lynch,10th,1/2 l,4,9-5,54,True,115,9
Navan Racing Results | 18th May 2024 16:50,N/A,16:50,Good To Yielding,1m 5f,Nomenclature (FR),J E Harnett,10,John O'Donoghue,9th,1/2 l,4,10-0,63,True,115,9
Navan Racing Results | 18th May 2024 16:50,N/A,16:50,Good To Yielding,1m 5f,Gudrun Genberg (IRE),M W Hassett,7,A A Howard,8th,1 l,5,8-12,47,True,115,9
Navan Racing Results | 18th May 2024 16:50,N/A,16:50,Good To Yielding,1m 5f,Final Endeavour (IRE),G M Ryan,0,H Rogers,7th,1 l,8,9-0,49,True,115,9
Navan Racing Results | 18th May 2024 16:50,N/A,16:50,Good To Yielding,1m 5f,Sand Castle (IRE),J A Heffernan,0,A Murray,6th,3/4 l,8,9-3tp,52,True,115,9
Navan Racing Results | 18th May 2024 16:50,N/A,16:50,Good To Yielding,1m 5f,Glyde Ranger (IRE),J J G Ryan,5,T G McCourt,5th,2 1/2 l,4,10-0v,63,True,115,9
Navan Racing Results | 18th May 2024 16:50,N/A,16:50,Good To Yielding,1m 5f,Mephisto (IRE),C T Keane,0,G Keane,4th,3 1/4 l,7,9-8v,57,True,115,9
Navan Racing Results | 18th May 2024 16:50,N/A,16:50,Good To Yielding,1m 5f,Sceptred Isle,Siobhan Rutledge,3,G A Kingston,3rd,1/2 l,7,8-12,47,True,115,9
Navan Racing Results | 18th May 2024 16:50,N/A,16:50,Good To Yielding,1m 5f,Gracesolution (IRE),S Foley,0,R O'Sullivan,2nd,Neck,7,10-0,63,True,115,9
Navan Racing Results | 18th May 2024 16:50,N/A,16:50,Good To Yielding,1m 5f,El C Wells (IRE),R C Colgan,0,Paul Mulligan,1st,N/A,6,9-9,58,True,115,9
Navan Racing Results | 18th May 2024 17:25,N/A,17:25,Good To Yielding,1m 2f 30y,Spencer Dock (IRE),C D Hayes,0,K Prendergast,9th,1 l,3,9-8,-,True,115,10
Navan Racing Results | 18th May 2024 17:25,N/A,17:25,Good To Yielding,1m 2f 30y,Jimmy The Greek (IRE),R C Colgan,0,L Comer,8th,21 l,3,9-8,-,True,115,10
Navan Racing Results | 18th May 2024 17:25,N/A,17:25,Good To Yielding,1m 2f 30y,Rock Of Ireland (IRE),L T McAteer,0,Barry J Fitzgerald,7th,6 l,3,9-8,-,True,115,10
Navan Racing Results | 18th May 2024 17:25,N/A,17:25,Good To Yielding,1m 2f 30y,Heliogabalus (IRE),S Foley,0,Mrs J Harrington,6th,5 1/2 l,3,9-8,-,True,115,10
Navan Racing Results | 18th May 2024 17:25,N/A,17:25,Good To Yielding,1m 2f 30y,Nestor (IRE),R P Cleary,0,J S Bolger,5th,Short Head,3,9-8,-,True,115,10
Navan Racing Results | 18th May 2024 17:25,N/A,17:25,Good To Yielding,1m 2f 30y,Galway Man (IRE),N M Crosse,0,L Comer,4th,2 1/2 l,3,9-8,-,True,115,10
Navan Racing Results | 18th May 2024 17:25,N/A,17:25,Good To Yielding,1m 2f 30y,Blackpool (IRE),W M Lordan,0,A P O'Brien,3rd,3 1/4 l,3,9-8,-,True,115,10
Navan Racing Results | 18th May 2024 17:25,N/A,17:25,Good To Yielding,1m 2f 30y,Naturally Nimble (GER),D McMonagle,0,J P O'Brien,2nd,Head,3,9-8,-,True,115,10
Navan Racing Results | 18th May 2024 17:25,N/A,17:25,Good To Yielding,1m 2f 30y,Lady Doris (IRE),G M Ryan,0,Donnacha O'Brien,1st,N/A,3,9-3,-,True,115,10
Navan Racing Results | 18th May 2024 17:25,N/A,17:25,Good To Yielding,1m 2f 30y,Spencer Dock (IRE),C D Hayes,0,K Prendergast,9th,1 l,3,9-8,-,True,115,10
Navan Racing Results | 18th May 2024 17:25,N/A,17:25,Good To Yielding,1m 2f 30y,Jimmy The Greek (IRE),R C Colgan,0,L Comer,8th,21 l,3,9-8,-,True,115,10
Navan Racing Results | 18th May 2024 17:25,N/A,17:25,Good To Yielding,1m 2f 30y,Rock Of Ireland (IRE),L T McAteer,0,Barry J Fitzgerald,7th,6 l,3,9-8,-,True,115,10
Navan Racing Results | 18th May 2024 17:25,N/A,17:25,Good To Yielding,1m 2f 30y,Heliogabalus (IRE),S Foley,0,Mrs J Harrington,6th,5 1/2 l,3,9-8,-,True,115,10
Navan Racing Results | 18th May 2024 17:25,N/A,17:25,Good To Yielding,1m 2f 30y,Nestor (IRE),R P Cleary,0,J S Bolger,5th,Short Head,3,9-8,-,True,115,10
Navan Racing Results | 18th May 2024 17:25,N/A,17:25,Good To Yielding,1m 2f 30y,Galway Man (IRE),N M Crosse,0,L Comer,4th,2 1/2 l,3,9-8,-,True,115,10
Navan Racing Results | 18th May 2024 17:25,N/A,17:25,Good To Yielding,1m 2f 30y,Blackpool (IRE),W M Lordan,0,A P O'Brien,3rd,3 1/4 l,3,9-8,-,True,115,10
Navan Racing Results | 18th May 2024 17:25,N/A,17:25,Good To Yielding,1m 2f 30y,Naturally Nimble (GER),D McMonagle,0,J P O'Brien,2nd,Head,3,9-8,-,True,115,10
Navan Racing Results | 18th May 2024 17:25,N/A,17:25,Good To Yielding,1m 2f 30y,Lady Doris (IRE),G M Ryan,0,Donnacha O'Brien,1st,N/A,3,9-3,-,True,115,10
Wexford Racing Results | 18th May 2024 13:40,N/A,13:40,Soft (Yielding In Places),2m 4f,Sky Tempest (IRE),C M Quirke,5,Louise G Lyons,PU,N/A,5,11-7tp,-,True,115,11
Wexford Racing Results | 18th May 2024 13:40,N/A,13:40,Soft (Yielding In Places),2m 4f,Shaving (FR),P Townend,0,W P Mullins,PU,N/A,6,11-7,-,True,115,11
Wexford Racing Results | 18th May 2024 13:40,N/A,13:40,Soft (Yielding In Places),2m 4f,In The Blood (IRE),K E Buckley,0,Conor Maxwell,PU,N/A,5,11-7,-,True,115,11
Wexford Racing Results | 18th May 2024 13:40,N/A,13:40,Soft (Yielding In Places),2m 4f,Zingara Lass (IRE),P T Enright,0,Miss H McLoughlin,PU,N/A,7,11-7,-,True,115,11
Wexford Racing Results | 18th May 2024 13:40,N/A,13:40,Soft (Yielding In Places),2m 4f,Day's A Dawning (IRE),J S McGarvey,0,G Elliott,PU,N/A,5,11-7,-,True,115,11
Wexford Racing Results | 18th May 2024 13:40,N/A,13:40,Soft (Yielding In Places),2m 4f,Annie Questions (IRE),Kevin A Murphy,7,Patrick Cronin,9th,5 l,6,11-7,-,True,115,11
Wexford Racing Results | 18th May 2024 13:40,N/A,13:40,Soft (Yielding In Places),2m 4f,Miss Direct (IRE),C Stone-Walsh,5,P Cluskey,8th,7 l,5,11-7h,-,True,115,11
Wexford Racing Results | 18th May 2024 13:40,N/A,13:40,Soft (Yielding In Places),2m 4f,Time For Tea (IRE),Rachael Blackmore,0,H De Bromhead,7th,1 1/2 l,5,11-7,-,True,115,11
Wexford Racing Results | 18th May 2024 13:40,N/A,13:40,Soft (Yielding In Places),2m 4f,Ar Aghaidh (IRE),Mr S Cavanagh,7,H P Finegan,6th,Neck,7,11-7,-,True,115,11
Wexford Racing Results | 18th May 2024 13:40,N/A,13:40,Soft (Yielding In Places),2m 4f,Pallas Athene (IRE),Sam Ewing,0,G Elliott,5th,5 1/2 l,6,11-7p,-,True,115,11
Wexford Racing Results | 18th May 2024 13:40,N/A,13:40,Soft (Yielding In Places),2m 4f,Oscar Tonic (IRE),J P Shinnick,7,E F Gallagher,4th,13 l,9,11-7,-,True,115,11
Wexford Racing Results | 18th May 2024 13:40,N/A,13:40,Soft (Yielding In Places),2m 4f,Dream Once More (IRE),S Fitzgerald,0,D Queally,3rd,2 3/4 l,5,11-7ht,-,True,115,11
Wexford Racing Results | 18th May 2024 13:40,N/A,13:40,Soft (Yielding In Places),2m 4f,Ballinearla Girl (IRE),S O'Callaghan,5,E Doyle,2nd,4 l,5,11-7h,-,True,115,11
Wexford Racing Results | 18th May 2024 13:40,N/A,13:40,Soft (Yielding In Places),2m 4f,One Night Standard (IRE),K M Donoghue,0,G P Cromwell,1st,N/A,5,11-7,-,True,115,11
Wexford Racing Results | 18th May 2024 13:40,N/A,13:40,Soft (Yielding In Places),2m 4f,Sky Tempest (IRE),C M Quirke,5,Louise G Lyons,PU,N/A,5,11-7tp,-,True,115,11
Wexford Racing Results | 18th May 2024 13:40,N/A,13:40,Soft (Yielding In Places),2m 4f,Shaving (FR),P Townend,0,W P Mullins,PU,N/A,6,11-7,-,True,115,11
Wexford Racing Results | 18th May 2024 13:40,N/A,13:40,Soft (Yielding In Places),2m 4f,In The Blood (IRE),K E Buckley,0,Conor Maxwell,PU,N/A,5,11-7,-,True,115,11
Wexford Racing Results | 18th May 2024 13:40,N/A,13:40,Soft (Yielding In Places),2m 4f,Zingara Lass (IRE),P T Enright,0,Miss H McLoughlin,PU,N/A,7,11-7,-,True,115,11
Wexford Racing Results | 18th May 2024 13:40,N/A,13:40,Soft (Yielding In Places),2m 4f,Day's A Dawning (IRE),J S McGarvey,0,G Elliott,PU,N/A,5,11-7,-,True,115,11
Wexford Racing Results | 18th May 2024 13:40,N/A,13:40,Soft (Yielding In Places),2m 4f,Annie Questions (IRE),Kevin A Murphy,7,Patrick Cronin,9th,5 l,6,11-7,-,True,115,11
Wexford Racing Results | 18th May 2024 13:40,N/A,13:40,Soft (Yielding In Places),2m 4f,Miss Direct (IRE),C Stone-Walsh,5,P Cluskey,8th,7 l,5,11-7h,-,True,115,11
Wexford Racing Results | 18th May 2024 13:40,N/A,13:40,Soft (Yielding In Places),2m 4f,Time For Tea (IRE),Rachael Blackmore,0,H De Bromhead,7th,1 1/2 l,5,11-7,-,True,115,11
Wexford Racing Results | 18th May 2024 13:40,N/A,13:40,Soft (Yielding In Places),2m 4f,Ar Aghaidh (IRE),Mr S Cavanagh,7,H P Finegan,6th,Neck,7,11-7,-,True,115,11
Wexford Racing Results | 18th May 2024 13:40,N/A,13:40,Soft (Yielding In Places),2m 4f,Pallas Athene (IRE),Sam Ewing,0,G Elliott,5th,5 1/2 l,6,11-7p,-,True,115,11
Wexford Racing Results | 18th May 2024 13:40,N/A,13:40,Soft (Yielding In Places),2m 4f,Oscar Tonic (IRE),J P Shinnick,7,E F Gallagher,4th,13 l,9,11-7,-,True,115,11
Wexford Racing Results | 18th May 2024 13:40,N/A,13:40,Soft (Yielding In Places),2m 4f,Dream Once More (IRE),S Fitzgerald,0,D Queally,3rd,2 3/4 l,5,11-7ht,-,True,115,11
Wexford Racing Results | 18th May 2024 13:40,N/A,13:40,Soft (Yielding In Places),2m 4f,Ballinearla Girl (IRE),S O'Callaghan,5,E Doyle,2nd,4 l,5,11-7h,-,True,115,11
Wexford Racing Results | 18th May 2024 13:40,N/A,13:40,Soft (Yielding In Places),2m 4f,One Night Standard (IRE),K M Donoghue,0,G P Cromwell,1st,N/A,5,11-7,-,True,115,11
Wexford Racing Results | 18th May 2024 14:15,N/A,14:15,Soft (Yielding In Places),2m 4f,Game And Glory (IRE),C Owens,7,P J Rothwell,NR,N/A,8,11-6p,101,True,115,12
Wexford Racing Results | 18th May 2024 14:15,N/A,14:15,Soft (Yielding In Places),2m 4f,Bonnie Kellie (IRE),C M Quirke,5,S Curling,NR,N/A,7,11-4,99,True,115,12
Wexford Racing Results | 18th May 2024 14:15,N/A,14:15,Soft (Yielding In Places),2m 4f,Good As Hell (IRE),Niall Moore,7,P Fenton,UR,N/A,9,11-9b,104,True,115,12
Wexford Racing Results | 18th May 2024 14:15,N/A,14:15,Soft (Yielding In Places),2m 4f,Lucky Viv (IRE),A McCurtin,0,Michael Barry,PU,N/A,6,11-10,105,True,115,12
Wexford Racing Results | 18th May 2024 14:15,N/A,14:15,Soft (Yielding In Places),2m 4f,Signora Di Milano (IRE),Sam Ewing,0,G Elliott,PU,N/A,6,10-10p,91,True,115,12
Wexford Racing Results | 18th May 2024 14:15,N/A,14:15,Soft (Yielding In Places),2m 4f,Rebel Early (IRE),D J O'Keeffe,0,W J Burke,PU,N/A,10,12-0p,109,True,115,12
Wexford Racing Results | 18th May 2024 14:15,N/A,14:15,Soft (Yielding In Places),2m 4f,Yabo (IRE),T P Harney,7,Liz Doyle,F,N/A,9,11-1,96,True,115,12
Wexford Racing Results | 18th May 2024 14:15,N/A,14:15,Soft (Yielding In Places),2m 4f,Cobra Queen (IRE),Rachael Blackmore,0,H De Bromhead,F,N/A,5,11-9,104,True,115,12
Wexford Racing Results | 18th May 2024 14:15,N/A,14:15,Soft (Yielding In Places),2m 4f,Mullaghmore Wave (IRE),K E Buckley,0,J C McConnell,6th,20 l,9,11-7,102,True,115,12
Wexford Racing Results | 18th May 2024 14:15,N/A,14:15,Soft (Yielding In Places),2m 4f,Circus Act (IRE),G Brouder,5,J Nash,5th,39 l,5,11-4,99,True,115,12
Wexford Racing Results | 18th May 2024 14:15,N/A,14:15,Soft (Yielding In Places),2m 4f,Joya Del Mar (IRE),R A Doyle,0,D A McLoughlin,4th,1/2 l,6,11-8,103,True,115,12
Wexford Racing Results | 18th May 2024 14:15,N/A,14:15,Soft (Yielding In Places),2m 4f,Lovely Reaction (IRE),S D Torrens,0,T Mullins,3rd,3/4 l,6,11-11,106,True,115,12
Wexford Racing Results | 18th May 2024 14:15,N/A,14:15,Soft (Yielding In Places),2m 4f,Pana To Milan (IRE),L A McKenna,5,M Winters,2nd,10 l,6,11-1t,96,True,115,12
Wexford Racing Results | 18th May 2024 14:15,N/A,14:15,Soft (Yielding In Places),2m 4f,Kiltealy Park (IRE),S W Flanagan,0,P Nolan,1st,N/A,5,11-12,107,True,115,12
Wexford Racing Results | 18th May 2024 14:15,N/A,14:15,Soft (Yielding In Places),2m 4f,Game And Glory (IRE),C Owens,7,P J Rothwell,NR,N/A,8,11-6p,101,True,115,12
Wexford Racing Results | 18th May 2024 14:15,N/A,14:15,Soft (Yielding In Places),2m 4f,Bonnie Kellie (IRE),C M Quirke,5,S Curling,NR,N/A,7,11-4,99,True,115,12
Wexford Racing Results | 18th May 2024 14:15,N/A,14:15,Soft (Yielding In Places),2m 4f,Good As Hell (IRE),Niall Moore,7,P Fenton,UR,N/A,9,11-9b,104,True,115,12
Wexford Racing Results | 18th May 2024 14:15,N/A,14:15,Soft (Yielding In Places),2m 4f,Lucky Viv (IRE),A McCurtin,0,Michael Barry,PU,N/A,6,11-10,105,True,115,12
Wexford Racing Results | 18th May 2024 14:15,N/A,14:15,Soft (Yielding In Places),2m 4f,Signora Di Milano (IRE),Sam Ewing,0,G Elliott,PU,N/A,6,10-10p,91,True,115,12
Wexford Racing Results | 18th May 2024 14:15,N/A,14:15,Soft (Yielding In Places),2m 4f,Rebel Early (IRE),D J O'Keeffe,0,W J Burke,PU,N/A,10,12-0p,109,True,115,12
Wexford Racing Results | 18th May 2024 14:15,N/A,14:15,Soft (Yielding In Places),2m 4f,Yabo (IRE),T P Harney,7,Liz Doyle,F,N/A,9,11-1,96,True,115,12
Wexford Racing Results | 18th May 2024 14:15,N/A,14:15,Soft (Yielding In Places),2m 4f,Cobra Queen (IRE),Rachael Blackmore,0,H De Bromhead,F,N/A,5,11-9,104,True,115,12
Wexford Racing Results | 18th May 2024 14:15,N/A,14:15,Soft (Yielding In Places),2m 4f,Mullaghmore Wave (IRE),K E Buckley,0,J C McConnell,6th,20 l,9,11-7,102,True,115,12
Wexford Racing Results | 18th May 2024 14:15,N/A,14:15,Soft (Yielding In Places),2m 4f,Circus Act (IRE),G Brouder,5,J Nash,5th,39 l,5,11-4,99,True,115,12
Wexford Racing Results | 18th May 2024 14:15,N/A,14:15,Soft (Yielding In Places),2m 4f,Joya Del Mar (IRE),R A Doyle,0,D A McLoughlin,4th,1/2 l,6,11-8,103,True,115,12
Wexford Racing Results | 18th May 2024 14:15,N/A,14:15,Soft (Yielding In Places),2m 4f,Lovely Reaction (IRE),S D Torrens,0,T Mullins,3rd,3/4 l,6,11-11,106,True,115,12
Wexford Racing Results | 18th May 2024 14:15,N/A,14:15,Soft (Yielding In Places),2m 4f,Pana To Milan (IRE),L A McKenna,5,M Winters,2nd,10 l,6,11-1t,96,True,115,12
Wexford Racing Results | 18th May 2024 14:15,N/A,14:15,Soft (Yielding In Places),2m 4f,Kiltealy Park (IRE),S W Flanagan,0,P Nolan,1st,N/A,5,11-12,107,True,115,12
Wexford Racing Results | 18th May 2024 14:50,N/A,14:50,Soft (Yielding In Places),2m 1f 55y,Blackstone Cliff (IRE),R A Doyle,0,G Keane,NR,N/A,8,11-4ht,85,True,115,13
Wexford Racing Results | 18th May 2024 14:50,N/A,14:50,Soft (Yielding In Places),2m 1f 55y,Champagne Vacation (IRE),P T Enright,0,S Aherne,NR,N/A,9,12-0,95,True,115,13
Wexford Racing Results | 18th May 2024 14:50,N/A,14:50,Soft (Yielding In Places),2m 1f 55y,Bigira (FR),D Butler,7,M Fahey,NR,N/A,5,11-8,89,True,115,13
Wexford Racing Results | 18th May 2024 14:50,N/A,14:50,Soft (Yielding In Places),2m 1f 55y,Inchiquin Maid (IRE),Sam Ewing,0,D Budds,NR,N/A,5,11-7t,88,True,115,13
Wexford Racing Results | 18th May 2024 14:50,N/A,14:50,Soft (Yielding In Places),2m 1f 55y,Lacken Run (IRE),P K Donovan,5,G M Doyle,11th,7 l,6,11-4,85,True,115,13
Wexford Racing Results | 18th May 2024 14:50,N/A,14:50,Soft (Yielding In Places),2m 1f 55y,Hesasmoothoperator (IRE),K E Buckley,0,T Gibney,10th,3/4 l,6,11-11,92,True,115,13
Wexford Racing Results | 18th May 2024 14:50,N/A,14:50,Soft (Yielding In Places),2m 1f 55y,Diamond Dollar (IRE),P Byrnes,3,C Byrnes,9th,1 l,5,11-11,92,True,115,13
Wexford Racing Results | 18th May 2024 14:50,N/A,14:50,Soft (Yielding In Places),2m 1f 55y,The Striker Dylan (IRE),R Deegan,0,L P Cusack,8th,1 1/4 l,6,11-11,92,True,115,13
Wexford Racing Results | 18th May 2024 14:50,N/A,14:50,Soft (Yielding In Places),2m 1f 55y,The Riastrad (IRE),J P Shinnick,7,D Kinsella,7th,1 3/4 l,6,11-5h,86,True,115,13
Wexford Racing Results | 18th May 2024 14:50,N/A,14:50,Soft (Yielding In Places),2m 1f 55y,Ladyeze Man (IRE),K M Donoghue,0,J P Flavin,6th,3 1/2 l,6,11-10t1,91,True,115,13
Wexford Racing Results | 18th May 2024 14:50,N/A,14:50,Soft (Yielding In Places),2m 1f 55y,Sunwalk,C G O'Dwyer,5,S Neville,5th,1 1/4 l,6,11-1t,82,True,115,13
Wexford Racing Results | 18th May 2024 14:50,N/A,14:50,Soft (Yielding In Places),2m 1f 55y,Chosen Shant (IRE),E Walsh,0,Ciaran Murphy,4th,3/4 l,8,11-10t,91,True,115,13
Wexford Racing Results | 18th May 2024 14:50,N/A,14:50,Soft (Yielding In Places),2m 1f 55y,Toon Town (IRE),S W Flanagan,0,Brendan Walsh,3rd,3 l,7,11-6,87,True,115,13
Wexford Racing Results | 18th May 2024 14:50,N/A,14:50,Soft (Yielding In Places),2m 1f 55y,Rightfolksplease (IRE),D Meyler,0,P W Flynn,2nd,Neck,6,11-4,85,True,115,13
Wexford Racing Results | 18th May 2024 14:50,N/A,14:50,Soft (Yielding In Places),2m 1f 55y,A Nod To Getaway (IRE),D J O'Keeffe,0,P O'Flynn,1st,N/A,7,11-2tp,83,True,115,13
Wexford Racing Results | 18th May 2024 14:50,N/A,14:50,Soft (Yielding In Places),2m 1f 55y,Blackstone Cliff (IRE),R A Doyle,0,G Keane,NR,N/A,8,11-4ht,85,True,115,13
Wexford Racing Results | 18th May 2024 14:50,N/A,14:50,Soft (Yielding In Places),2m 1f 55y,Champagne Vacation (IRE),P T Enright,0,S Aherne,NR,N/A,9,12-0,95,True,115,13
Wexford Racing Results | 18th May 2024 14:50,N/A,14:50,Soft (Yielding In Places),2m 1f 55y,Bigira (FR),D Butler,7,M Fahey,NR,N/A,5,11-8,89,True,115,13
Wexford Racing Results | 18th May 2024 14:50,N/A,14:50,Soft (Yielding In Places),2m 1f 55y,Inchiquin Maid (IRE),Sam Ewing,0,D Budds,NR,N/A,5,11-7t,88,True,115,13
Wexford Racing Results | 18th May 2024 14:50,N/A,14:50,Soft (Yielding In Places),2m 1f 55y,Lacken Run (IRE),P K Donovan,5,G M Doyle,11th,7 l,6,11-4,85,True,115,13
Wexford Racing Results | 18th May 2024 14:50,N/A,14:50,Soft (Yielding In Places),2m 1f 55y,Hesasmoothoperator (IRE),K E Buckley,0,T Gibney,10th,3/4 l,6,11-11,92,True,115,13
Wexford Racing Results | 18th May 2024 14:50,N/A,14:50,Soft (Yielding In Places),2m 1f 55y,Diamond Dollar (IRE),P Byrnes,3,C Byrnes,9th,1 l,5,11-11,92,True,115,13
Wexford Racing Results | 18th May 2024 14:50,N/A,14:50,Soft (Yielding In Places),2m 1f 55y,The Striker Dylan (IRE),R Deegan,0,L P Cusack,8th,1 1/4 l,6,11-11,92,True,115,13
Wexford Racing Results | 18th May 2024 14:50,N/A,14:50,Soft (Yielding In Places),2m 1f 55y,The Riastrad (IRE),J P Shinnick,7,D Kinsella,7th,1 3/4 l,6,11-5h,86,True,115,13
Wexford Racing Results | 18th May 2024 14:50,N/A,14:50,Soft (Yielding In Places),2m 1f 55y,Ladyeze Man (IRE),K M Donoghue,0,J P Flavin,6th,3 1/2 l,6,11-10t1,91,True,115,13
Wexford Racing Results | 18th May 2024 14:50,N/A,14:50,Soft (Yielding In Places),2m 1f 55y,Sunwalk,C G O'Dwyer,5,S Neville,5th,1 1/4 l,6,11-1t,82,True,115,13
Wexford Racing Results | 18th May 2024 14:50,N/A,14:50,Soft (Yielding In Places),2m 1f 55y,Chosen Shant (IRE),E Walsh,0,Ciaran Murphy,4th,3/4 l,8,11-10t,91,True,115,13
Wexford Racing Results | 18th May 2024 14:50,N/A,14:50,Soft (Yielding In Places),2m 1f 55y,Toon Town (IRE),S W Flanagan,0,Brendan Walsh,3rd,3 l,7,11-6,87,True,115,13
Wexford Racing Results | 18th May 2024 14:50,N/A,14:50,Soft (Yielding In Places),2m 1f 55y,Rightfolksplease (IRE),D Meyler,0,P W Flynn,2nd,Neck,6,11-4,85,True,115,13
Wexford Racing Results | 18th May 2024 14:50,N/A,14:50,Soft (Yielding In Places),2m 1f 55y,A Nod To Getaway (IRE),D J O'Keeffe,0,P O'Flynn,1st,N/A,7,11-2tp,83,True,115,13
Wexford Racing Results | 18th May 2024 15:25,N/A,15:25,Soft (Yielding In Places),2m 1f 55y,Lisamaria (IRE),Non Runner,0,P W Flynn,NR,N/A,5,11-6,87,True,115,14
Wexford Racing Results | 18th May 2024 15:25,N/A,15:25,Soft (Yielding In Places),2m 1f 55y,Hi Sur Multi,J P Shinnick,7,H Smyth,PU,N/A,7,11-6t,87,True,115,14
Wexford Racing Results | 18th May 2024 15:25,N/A,15:25,Soft (Yielding In Places),2m 1f 55y,Chance Another One (IRE),J S McGarvey,0,S M Duffy,12th,1 1/4 l,5,11-13,94,True,115,14
Wexford Racing Results | 18th May 2024 15:25,N/A,15:25,Soft (Yielding In Places),2m 1f 55y,Moudan (IRE),E Walsh,0,Ciaran Murphy,11th,3/4 l,5,12-0,95,True,115,14
Wexford Racing Results | 18th May 2024 15:25,N/A,15:25,Soft (Yielding In Places),2m 1f 55y,The Miracle Man (IRE),Sam Ewing,0,Peter Fahey,10th,2 1/2 l,6,11-12,93,True,115,14
Wexford Racing Results | 18th May 2024 15:25,N/A,15:25,Soft (Yielding In Places),2m 1f 55y,Tullabrack Lad (IRE),B P Kennedy,7,F J Flood,9th,2 1/2 l,5,11-0,81,True,115,14
Wexford Racing Results | 18th May 2024 15:25,N/A,15:25,Soft (Yielding In Places),2m 1f 55y,Shean Glory (IRE),Mr S Tobin,7,S Aherne,8th,8 1/2 l,8,10-13,80,True,115,14
Wexford Racing Results | 18th May 2024 15:25,N/A,15:25,Soft (Yielding In Places),2m 1f 55y,Papa Barns (IRE),D Meyler,0,Tom Dreaper,7th,1 1/4 l,7,10-13,80,True,115,14
Wexford Racing Results | 18th May 2024 15:25,N/A,15:25,Soft (Yielding In Places),2m 1f 55y,Kate Ill Know (IRE),S Fitzgerald,0,D Budds,6th,4 l,11,10-13t,80,True,115,14
Wexford Racing Results | 18th May 2024 15:25,N/A,15:25,Soft (Yielding In Places),2m 1f 55y,Onebrightbluerose (IRE),Kevin A Murphy,7,Patrick Cronin,5th,2 1/4 l,5,11-7p,88,True,115,14
Wexford Racing Results | 18th May 2024 15:25,N/A,15:25,Soft (Yielding In Places),2m 1f 55y,Depeche Mo (IRE),M J M O'Sullivan,0,Eric Larkin,4th,8 l,6,11-3ht,84,True,115,14
Wexford Racing Results | 18th May 2024 15:25,N/A,15:25,Soft (Yielding In Places),2m 1f 55y,Fromheretoeternity (IRE),K C Sexton,0,D Queally,2nd,Dead Heat,7,11-6t1,87,True,115,14
Wexford Racing Results | 18th May 2024 15:25,N/A,15:25,Soft (Yielding In Places),2m 1f 55y,Breagagh (IRE),Mr N Gault,7,S Millar,2nd,Neck,6,11-10p,91,True,115,14
Wexford Racing Results | 18th May 2024 15:25,N/A,15:25,Soft (Yielding In Places),2m 1f 55y,Junot (IRE),D J O'Keeffe,0,M Winters,1st,N/A,5,11-9tp,90,True,115,14
Wexford Racing Results | 18th May 2024 15:25,N/A,15:25,Soft (Yielding In Places),2m 1f 55y,Lisamaria (IRE),Non Runner,0,P W Flynn,NR,N/A,5,11-6,87,True,115,14
Wexford Racing Results | 18th May 2024 15:25,N/A,15:25,Soft (Yielding In Places),2m 1f 55y,Hi Sur Multi,J P Shinnick,7,H Smyth,PU,N/A,7,11-6t,87,True,115,14
Wexford Racing Results | 18th May 2024 15:25,N/A,15:25,Soft (Yielding In Places),2m 1f 55y,Chance Another One (IRE),J S McGarvey,0,S M Duffy,12th,1 1/4 l,5,11-13,94,True,115,14
Wexford Racing Results | 18th May 2024 15:25,N/A,15:25,Soft (Yielding In Places),2m 1f 55y,Moudan (IRE),E Walsh,0,Ciaran Murphy,11th,3/4 l,5,12-0,95,True,115,14
Wexford Racing Results | 18th May 2024 15:25,N/A,15:25,Soft (Yielding In Places),2m 1f 55y,The Miracle Man (IRE),Sam Ewing,0,Peter Fahey,10th,2 1/2 l,6,11-12,93,True,115,14
Wexford Racing Results | 18th May 2024 15:25,N/A,15:25,Soft (Yielding In Places),2m 1f 55y,Tullabrack Lad (IRE),B P Kennedy,7,F J Flood,9th,2 1/2 l,5,11-0,81,True,115,14
Wexford Racing Results | 18th May 2024 15:25,N/A,15:25,Soft (Yielding In Places),2m 1f 55y,Shean Glory (IRE),Mr S Tobin,7,S Aherne,8th,8 1/2 l,8,10-13,80,True,115,14
Wexford Racing Results | 18th May 2024 15:25,N/A,15:25,Soft (Yielding In Places),2m 1f 55y,Papa Barns (IRE),D Meyler,0,Tom Dreaper,7th,1 1/4 l,7,10-13,80,True,115,14
Wexford Racing Results | 18th May 2024 15:25,N/A,15:25,Soft (Yielding In Places),2m 1f 55y,Kate Ill Know (IRE),S Fitzgerald,0,D Budds,6th,4 l,11,10-13t,80,True,115,14
Wexford Racing Results | 18th May 2024 15:25,N/A,15:25,Soft (Yielding In Places),2m 1f 55y,Onebrightbluerose (IRE),Kevin A Murphy,7,Patrick Cronin,5th,2 1/4 l,5,11-7p,88,True,115,14
Wexford Racing Results | 18th May 2024 15:25,N/A,15:25,Soft (Yielding In Places),2m 1f 55y,Depeche Mo (IRE),M J M O'Sullivan,0,Eric Larkin,4th,8 l,6,11-3ht,84,True,115,14
Wexford Racing Results | 18th May 2024 15:25,N/A,15:25,Soft (Yielding In Places),2m 1f 55y,Fromheretoeternity (IRE),K C Sexton,0,D Queally,2nd,Dead Heat,7,11-6t1,87,True,115,14
Wexford Racing Results | 18th May 2024 15:25,N/A,15:25,Soft (Yielding In Places),2m 1f 55y,Breagagh (IRE),Mr N Gault,7,S Millar,2nd,Neck,6,11-10p,91,True,115,14
Wexford Racing Results | 18th May 2024 15:25,N/A,15:25,Soft (Yielding In Places),2m 1f 55y,Junot (IRE),D J O'Keeffe,0,M Winters,1st,N/A,5,11-9tp,90,True,115,14
Wexford Racing Results | 18th May 2024 16:00,N/A,16:00,Soft (Yielding In Places),3m 50y,Meyo,D J O'Keeffe,0,T Gibney,NR,N/A,6,11-10,111,True,115,15
Wexford Racing Results | 18th May 2024 16:00,N/A,16:00,Soft (Yielding In Places),3m 50y,Hand Over Fist (FR),M P O'Connor,3,H De Bromhead,NR,N/A,7,11-8,109,True,115,15
Wexford Racing Results | 18th May 2024 16:00,N/A,16:00,Soft (Yielding In Places),3m 50y,Walkonthebriteside (IRE),D King,0,J C McConnell,NR,N/A,6,10-2t,89,True,115,15
Wexford Racing Results | 18th May 2024 16:00,N/A,16:00,Soft (Yielding In Places),3m 50y,Western Zara (IRE),C Stone-Walsh,5,P Nolan,PU,N/A,8,12-0p,115,True,115,15
Wexford Racing Results | 18th May 2024 16:00,N/A,16:00,Soft (Yielding In Places),3m 50y,Themanintheboots (IRE),Sam Ewing,0,G Elliott,PU,N/A,6,11-10p,111,True,115,15
Wexford Racing Results | 18th May 2024 16:00,N/A,16:00,Soft (Yielding In Places),3m 50y,Kinturk Jack (IRE),S F O'Keeffe,0,T Gibney,PU,N/A,7,10-2,89,True,115,15
Wexford Racing Results | 18th May 2024 16:00,N/A,16:00,Soft (Yielding In Places),3m 50y,El Capitaine (IRE),K M Donoghue,0,Tom Dreaper,PU,N/A,6,11-11p1,112,True,115,15
Wexford Racing Results | 18th May 2024 16:00,N/A,16:00,Soft (Yielding In Places),3m 50y,Rockbrook (IRE),S D Torrens,0,P J Rothwell,PU,N/A,7,10-8,95,True,115,15
Wexford Racing Results | 18th May 2024 16:00,N/A,16:00,Soft (Yielding In Places),3m 50y,Loup De Tallane (FR),R A Doyle,0,E Griffin,PU,N/A,8,10-8t,95,True,115,15
Wexford Racing Results | 18th May 2024 16:00,N/A,16:00,Soft (Yielding In Places),3m 50y,Ranger Billy (IRE),M J M O'Sullivan,0,E Doyle,PU,N/A,8,10-3,90,True,115,15
Wexford Racing Results | 18th May 2024 16:00,N/A,16:00,Soft (Yielding In Places),3m 50y,Reve Inoui (IRE),P T Enright,0,J P Flavin,5th,4 l,6,11-6,107,True,115,15
Wexford Racing Results | 18th May 2024 16:00,N/A,16:00,Soft (Yielding In Places),3m 50y,King Of Cong (IRE),J P Shinnick,7,T O'Brien,4th,27 l,6,11-8,109,True,115,15
Wexford Racing Results | 18th May 2024 16:00,N/A,16:00,Soft (Yielding In Places),3m 50y,Tranquil Sea (IRE),S W Flanagan,0,P Nolan,3rd,6 1/2 l,4,11-1,113,True,115,15
Wexford Racing Results | 18th May 2024 16:00,N/A,16:00,Soft (Yielding In Places),3m 50y,Cloudy Fountain (IRE),Mr Alan O'Sullivan,7,W J Burke,2nd,3/4 l,6,10-2,89,True,115,15
Wexford Racing Results | 18th May 2024 16:00,N/A,16:00,Soft (Yielding In Places),3m 50y,Plain Or Battered (IRE),C Owens,7,P J Rothwell,1st,N/A,7,10-1p,88,True,115,15
Wexford Racing Results | 18th May 2024 16:00,N/A,16:00,Soft (Yielding In Places),3m 50y,Meyo,D J O'Keeffe,0,T Gibney,NR,N/A,6,11-10,111,True,115,15
Wexford Racing Results | 18th May 2024 16:00,N/A,16:00,Soft (Yielding In Places),3m 50y,Hand Over Fist (FR),M P O'Connor,3,H De Bromhead,NR,N/A,7,11-8,109,True,115,15
Wexford Racing Results | 18th May 2024 16:00,N/A,16:00,Soft (Yielding In Places),3m 50y,Walkonthebriteside (IRE),D King,0,J C McConnell,NR,N/A,6,10-2t,89,True,115,15
Wexford Racing Results | 18th May 2024 16:00,N/A,16:00,Soft (Yielding In Places),3m 50y,Western Zara (IRE),C Stone-Walsh,5,P Nolan,PU,N/A,8,12-0p,115,True,115,15
Wexford Racing Results | 18th May 2024 16:00,N/A,16:00,Soft (Yielding In Places),3m 50y,Themanintheboots (IRE),Sam Ewing,0,G Elliott,PU,N/A,6,11-10p,111,True,115,15
Wexford Racing Results | 18th May 2024 16:00,N/A,16:00,Soft (Yielding In Places),3m 50y,Kinturk Jack (IRE),S F O'Keeffe,0,T Gibney,PU,N/A,7,10-2,89,True,115,15
Wexford Racing Results | 18th May 2024 16:00,N/A,16:00,Soft (Yielding In Places),3m 50y,El Capitaine (IRE),K M Donoghue,0,Tom Dreaper,PU,N/A,6,11-11p1,112,True,115,15
Wexford Racing Results | 18th May 2024 16:00,N/A,16:00,Soft (Yielding In Places),3m 50y,Rockbrook (IRE),S D Torrens,0,P J Rothwell,PU,N/A,7,10-8,95,True,115,15
Wexford Racing Results | 18th May 2024 16:00,N/A,16:00,Soft (Yielding In Places),3m 50y,Loup De Tallane (FR),R A Doyle,0,E Griffin,PU,N/A,8,10-8t,95,True,115,15
Wexford Racing Results | 18th May 2024 16:00,N/A,16:00,Soft (Yielding In Places),3m 50y,Ranger Billy (IRE),M J M O'Sullivan,0,E Doyle,PU,N/A,8,10-3,90,True,115,15
Wexford Racing Results | 18th May 2024 16:00,N/A,16:00,Soft (Yielding In Places),3m 50y,Reve Inoui (IRE),P T Enright,0,J P Flavin,5th,4 l,6,11-6,107,True,115,15
Wexford Racing Results | 18th May 2024 16:00,N/A,16:00,Soft (Yielding In Places),3m 50y,King Of Cong (IRE),J P Shinnick,7,T O'Brien,4th,27 l,6,11-8,109,True,115,15
Wexford Racing Results | 18th May 2024 16:00,N/A,16:00,Soft (Yielding In Places),3m 50y,Tranquil Sea (IRE),S W Flanagan,0,P Nolan,3rd,6 1/2 l,4,11-1,113,True,115,15
Wexford Racing Results | 18th May 2024 16:00,N/A,16:00,Soft (Yielding In Places),3m 50y,Cloudy Fountain (IRE),Mr Alan O'Sullivan,7,W J Burke,2nd,3/4 l,6,10-2,89,True,115,15
Wexford Racing Results | 18th May 2024 16:00,N/A,16:00,Soft (Yielding In Places),3m 50y,Plain Or Battered (IRE),C Owens,7,P J Rothwell,1st,N/A,7,10-1p,88,True,115,15
Wexford Racing Results | 18th May 2024 16:35,N/A,16:35,Soft (Yielding In Places),2m,Man River (IRE),D J O'Keeffe,0,P F O'Donnell,7th,6 1/2 l,7,11-6t,-,True,115,16
Wexford Racing Results | 18th May 2024 16:35,N/A,16:35,Soft (Yielding In Places),2m,Charlie Luciano (IRE),Sam Ewing,0,N Meade,6th,1 l,5,11-6,-,True,115,16
Wexford Racing Results | 18th May 2024 16:35,N/A,16:35,Soft (Yielding In Places),2m,Bua Boy (IRE),D King,0,D Hogan,5th,Neck,9,11-6,-,True,115,16
Wexford Racing Results | 18th May 2024 16:35,N/A,16:35,Soft (Yielding In Places),2m,Starman (FR),J P O'Sullivan,0,A McCann,4th,2 1/2 l,8,11-6h,-,True,115,16
Wexford Racing Results | 18th May 2024 16:35,N/A,16:35,Soft (Yielding In Places),2m,Summer Tide (IRE),P Byrnes,3,C Byrnes,3rd,4 1/4 l,9,11-12,-,True,115,16
Wexford Racing Results | 18th May 2024 16:35,N/A,16:35,Soft (Yielding In Places),2m,Magic Tricks (FR),J S McGarvey,0,G Elliott,2nd,8 l,8,11-12,-,True,115,16
Wexford Racing Results | 18th May 2024 16:35,N/A,16:35,Soft (Yielding In Places),2m,Dreal Deal (IRE),S D Torrens,0,J C McConnell,1st,N/A,9,11-12t,-,True,115,16
Wexford Racing Results | 18th May 2024 16:35,N/A,16:35,Soft (Yielding In Places),2m,Man River (IRE),D J O'Keeffe,0,P F O'Donnell,7th,6 1/2 l,7,11-6t,-,True,115,16
Wexford Racing Results | 18th May 2024 16:35,N/A,16:35,Soft (Yielding In Places),2m,Charlie Luciano (IRE),Sam Ewing,0,N Meade,6th,1 l,5,11-6,-,True,115,16
Wexford Racing Results | 18th May 2024 16:35,N/A,16:35,Soft (Yielding In Places),2m,Bua Boy (IRE),D King,0,D Hogan,5th,Neck,9,11-6,-,True,115,16
Wexford Racing Results | 18th May 2024 16:35,N/A,16:35,Soft (Yielding In Places),2m,Starman (FR),J P O'Sullivan,0,A McCann,4th,2 1/2 l,8,11-6h,-,True,115,16
Wexford Racing Results | 18th May 2024 16:35,N/A,16:35,Soft (Yielding In Places),2m,Summer Tide (IRE),P Byrnes,3,C Byrnes,3rd,4 1/4 l,9,11-12,-,True,115,16
Wexford Racing Results | 18th May 2024 16:35,N/A,16:35,Soft (Yielding In Places),2m,Magic Tricks (FR),J S McGarvey,0,G Elliott,2nd,8 l,8,11-12,-,True,115,16
Wexford Racing Results | 18th May 2024 16:35,N/A,16:35,Soft (Yielding In Places),2m,Dreal Deal (IRE),S D Torrens,0,J C McConnell,1st,N/A,9,11-12t,-,True,115,16
Wexford Racing Results | 18th May 2024 17:10,N/A,17:10,Soft (Yielding In Places),3m 1f 50y,Fox Le Bel (FR),A P Kelly,5,Liz Doyle,NR,N/A,9,10-6b,87,True,115,17
Wexford Racing Results | 18th May 2024 17:10,N/A,17:10,Soft (Yielding In Places),3m 1f 50y,Glenmalure Lodge (IRE),S D Torrens,0,P J Rothwell,NR,N/A,10,10-4tp,85,True,115,17
Wexford Racing Results | 18th May 2024 17:10,N/A,17:10,Soft (Yielding In Places),3m 1f 50y,Seangoell (IRE),C M Quirke,5,N Lee,NR,N/A,10,10-2tp,83,True,115,17
Wexford Racing Results | 18th May 2024 17:10,N/A,17:10,Soft (Yielding In Places),3m 1f 50y,Favori Logique (FR),T P Harney,7,R O'Sullivan,NR,N/A,9,11-13,108,True,115,17
Wexford Racing Results | 18th May 2024 17:10,N/A,17:10,Soft (Yielding In Places),3m 1f 50y,Greenhill Damsel (IRE),R Deegan,0,G J Power,PU,N/A,9,10-6,87,True,115,17
Wexford Racing Results | 18th May 2024 17:10,N/A,17:10,Soft (Yielding In Places),3m 1f 50y,Western Comandor (IRE),D P Maxwell,7,A McNamara,PU,N/A,6,11-4tp,99,True,115,17
Wexford Racing Results | 18th May 2024 17:10,N/A,17:10,Soft (Yielding In Places),3m 1f 50y,Nuttorridge (IRE),P T Enright,0,M M McNiff,PU,N/A,9,10-9tb,90,True,115,17
Wexford Racing Results | 18th May 2024 17:10,N/A,17:10,Soft (Yielding In Places),3m 1f 50y,Dr Val (IRE),Sam Ewing,0,E Sheehy,PU,N/A,6,11-4p,99,True,115,17
Wexford Racing Results | 18th May 2024 17:10,N/A,17:10,Soft (Yielding In Places),3m 1f 50y,Ballerina Boxer (IRE),P M O'Brien,7,D Harvey,PU,N/A,6,10-0ht,81,True,115,17
Wexford Racing Results | 18th May 2024 17:10,N/A,17:10,Soft (Yielding In Places),3m 1f 50y,Eddies Pride (IRE),G B Noonan,5,N Lee,7th,19 l,10,10-9ht,90,True,115,17
Wexford Racing Results | 18th May 2024 17:10,N/A,17:10,Soft (Yielding In Places),3m 1f 50y,Nephin Beg (IRE),C Stone-Walsh,5,S Doyle,6th,Short Head,6,11-7p,102,True,115,17
Wexford Racing Results | 18th May 2024 17:10,N/A,17:10,Soft (Yielding In Places),3m 1f 50y,Morrie In D Quarry (IRE),K C Sexton,0,D Queally,5th,13 l,6,10-4ht1,85,True,115,17
Wexford Racing Results | 18th May 2024 17:10,N/A,17:10,Soft (Yielding In Places),3m 1f 50y,Pictures Of Home,S O'Callaghan,5,T M Walsh,4th,19 l,8,11-7,102,True,115,17
Wexford Racing Results | 18th May 2024 17:10,N/A,17:10,Soft (Yielding In Places),3m 1f 50y,Atacanter (IRE),D J O'Keeffe,0,R O'Sullivan,3rd,Neck,7,12-0p,109,True,115,17
Wexford Racing Results | 18th May 2024 17:10,N/A,17:10,Soft (Yielding In Places),3m 1f 50y,Hunt Museum (IRE),J S McGarvey,0,F J Flood,2nd,12 l,6,10-7,88,True,115,17
Wexford Racing Results | 18th May 2024 17:10,N/A,17:10,Soft (Yielding In Places),3m 1f 50y,Mahler Appeal (IRE),S W Flanagan,0,G J Power,1st,N/A,8,10-6p,87,True,115,17
Wexford Racing Results | 18th May 2024 17:10,N/A,17:10,Soft (Yielding In Places),3m 1f 50y,Fox Le Bel (FR),A P Kelly,5,Liz Doyle,NR,N/A,9,10-6b,87,True,115,17
Wexford Racing Results | 18th May 2024 17:10,N/A,17:10,Soft (Yielding In Places),3m 1f 50y,Glenmalure Lodge (IRE),S D Torrens,0,P J Rothwell,NR,N/A,10,10-4tp,85,True,115,17
Wexford Racing Results | 18th May 2024 17:10,N/A,17:10,Soft (Yielding In Places),3m 1f 50y,Seangoell (IRE),C M Quirke,5,N Lee,NR,N/A,10,10-2tp,83,True,115,17
Wexford Racing Results | 18th May 2024 17:10,N/A,17:10,Soft (Yielding In Places),3m 1f 50y,Favori Logique (FR),T P Harney,7,R O'Sullivan,NR,N/A,9,11-13,108,True,115,17
Wexford Racing Results | 18th May 2024 17:10,N/A,17:10,Soft (Yielding In Places),3m 1f 50y,Greenhill Damsel (IRE),R Deegan,0,G J Power,PU,N/A,9,10-6,87,True,115,17
Wexford Racing Results | 18th May 2024 17:10,N/A,17:10,Soft (Yielding In Places),3m 1f 50y,Western Comandor (IRE),D P Maxwell,7,A McNamara,PU,N/A,6,11-4tp,99,True,115,17
Wexford Racing Results | 18th May 2024 17:10,N/A,17:10,Soft (Yielding In Places),3m 1f 50y,Nuttorridge (IRE),P T Enright,0,M M McNiff,PU,N/A,9,10-9tb,90,True,115,17
Wexford Racing Results | 18th May 2024 17:10,N/A,17:10,Soft (Yielding In Places),3m 1f 50y,Dr Val (IRE),Sam Ewing,0,E Sheehy,PU,N/A,6,11-4p,99,True,115,17
Wexford Racing Results | 18th May 2024 17:10,N/A,17:10,Soft (Yielding In Places),3m 1f 50y,Ballerina Boxer (IRE),P M O'Brien,7,D Harvey,PU,N/A,6,10-0ht,81,True,115,17
Wexford Racing Results | 18th May 2024 17:10,N/A,17:10,Soft (Yielding In Places),3m 1f 50y,Eddies Pride (IRE),G B Noonan,5,N Lee,7th,19 l,10,10-9ht,90,True,115,17
Wexford Racing Results | 18th May 2024 17:10,N/A,17:10,Soft (Yielding In Places),3m 1f 50y,Nephin Beg (IRE),C Stone-Walsh,5,S Doyle,6th,Short Head,6,11-7p,102,True,115,17
Wexford Racing Results | 18th May 2024 17:10,N/A,17:10,Soft (Yielding In Places),3m 1f 50y,Morrie In D Quarry (IRE),K C Sexton,0,D Queally,5th,13 l,6,10-4ht1,85,True,115,17
Wexford Racing Results | 18th May 2024 17:10,N/A,17:10,Soft (Yielding In Places),3m 1f 50y,Pictures Of Home,S O'Callaghan,5,T M Walsh,4th,19 l,8,11-7,102,True,115,17
Wexford Racing Results | 18th May 2024 17:10,N/A,17:10,Soft (Yielding In Places),3m 1f 50y,Atacanter (IRE),D J O'Keeffe,0,R O'Sullivan,3rd,Neck,7,12-0p,109,True,115,17
Wexford Racing Results | 18th May 2024 17:10,N/A,17:10,Soft (Yielding In Places),3m 1f 50y,Hunt Museum (IRE),J S McGarvey,0,F J Flood,2nd,12 l,6,10-7,88,True,115,17
Wexford Racing Results | 18th May 2024 17:10,N/A,17:10,Soft (Yielding In Places),3m 1f 50y,Mahler Appeal (IRE),S W Flanagan,0,G J Power,1st,N/A,8,10-6p,87,True,115,17
Wexford Racing Results | 18th May 2024 17:45,N/A,17:45,Soft (Yielding In Places),2m,Wild Mandate (IRE),Mr J C Barry,3,M M McNiff,NR,N/A,5,11-11,-,True,115,18
Wexford Racing Results | 18th May 2024 17:45,N/A,17:45,Soft (Yielding In Places),2m,Former Flame (IRE),Mr R A Berry,7,Liz Doyle,NR,N/A,4,11-5,-,True,115,18
Wexford Racing Results | 18th May 2024 17:45,N/A,17:45,Soft (Yielding In Places),2m,Shannon Bank (IRE),Mr T Hamilton,0,S Fahey,NR,N/A,5,11-11,-,True,115,18
Wexford Racing Results | 18th May 2024 17:45,N/A,17:45,Soft (Yielding In Places),2m,Ballymores Dream (IRE),Mr Alan O'Sullivan,7,J Beamish,NR,N/A,6,11-11,-,True,115,18
Wexford Racing Results | 18th May 2024 17:45,N/A,17:45,Soft (Yielding In Places),2m,Book Early (IRE),Mr D Doyle,7,P Fenton,11th,17 l,5,11-11,-,True,115,18
Wexford Racing Results | 18th May 2024 17:45,N/A,17:45,Soft (Yielding In Places),2m,G'day My Lady (IRE),Mr J P Berry,7,J A Berry,10th,15 l,4,11-5,-,True,115,18
Wexford Racing Results | 18th May 2024 17:45,N/A,17:45,Soft (Yielding In Places),2m,Valianco (IRE),Mr S Cleary,7,E Sheehy,9th,6 1/2 l,5,11-11,-,True,115,18
Wexford Racing Results | 18th May 2024 17:45,N/A,17:45,Soft (Yielding In Places),2m,Saidekelly (IRE),Miss A B O'Connor,3,J J Mangan,8th,1 1/2 l,4,11-5,-,True,115,18
Wexford Racing Results | 18th May 2024 17:45,N/A,17:45,Soft (Yielding In Places),2m,Deise Bella (IRE),Mr D Higgins,7,Jayne Hearne,7th,13 l,6,11-11,-,True,115,18
Wexford Racing Results | 18th May 2024 17:45,N/A,17:45,Soft (Yielding In Places),2m,Leloopa (IRE),Mr H C Swan,3,J Barcoe,6th,2 1/4 l,4,11-5,-,True,115,18
Wexford Racing Results | 18th May 2024 17:45,N/A,17:45,Soft (Yielding In Places),2m,Kates Choice (IRE),Mr J L Gleeson,5,J J Mangan,5th,7 1/2 l,4,11-5,-,True,115,18
Wexford Racing Results | 18th May 2024 17:45,N/A,17:45,Soft (Yielding In Places),2m,Lady Gooner (IRE),Miss J Townend,0,W P Mullins,4th,Head,5,11-11,-,True,115,18
Wexford Racing Results | 18th May 2024 17:45,N/A,17:45,Soft (Yielding In Places),2m,Tillaway (IRE),Mr N Gault,7,S Millar,3rd,2 3/4 l,5,11-11,-,True,115,18
Wexford Racing Results | 18th May 2024 17:45,N/A,17:45,Soft (Yielding In Places),2m,Amanha (FR),Mr F Maguire,0,D A McLoughlin,2nd,2 1/2 l,6,11-11t,-,True,115,18
Wexford Racing Results | 18th May 2024 17:45,N/A,17:45,Soft (Yielding In Places),2m,Divaboriva (IRE),Mr A P Ryan,7,Jonathan Sweeney,1st,N/A,5,11-11,-,True,115,18
Wexford Racing Results | 18th May 2024 17:45,N/A,17:45,Soft (Yielding In Places),2m,Wild Mandate (IRE),Mr J C Barry,3,M M McNiff,NR,N/A,5,11-11,-,True,115,18
Wexford Racing Results | 18th May 2024 17:45,N/A,17:45,Soft (Yielding In Places),2m,Former Flame (IRE),Mr R A Berry,7,Liz Doyle,NR,N/A,4,11-5,-,True,115,18
Wexford Racing Results | 18th May 2024 17:45,N/A,17:45,Soft (Yielding In Places),2m,Shannon Bank (IRE),Mr T Hamilton,0,S Fahey,NR,N/A,5,11-11,-,True,115,18
Wexford Racing Results | 18th May 2024 17:45,N/A,17:45,Soft (Yielding In Places),2m,Ballymores Dream (IRE),Mr Alan O'Sullivan,7,J Beamish,NR,N/A,6,11-11,-,True,115,18
Wexford Racing Results | 18th May 2024 17:45,N/A,17:45,Soft (Yielding In Places),2m,Book Early (IRE),Mr D Doyle,7,P Fenton,11th,17 l,5,11-11,-,True,115,18
Wexford Racing Results | 18th May 2024 17:45,N/A,17:45,Soft (Yielding In Places),2m,G'day My Lady (IRE),Mr J P Berry,7,J A Berry,10th,15 l,4,11-5,-,True,115,18
Wexford Racing Results | 18th May 2024 17:45,N/A,17:45,Soft (Yielding In Places),2m,Valianco (IRE),Mr S Cleary,7,E Sheehy,9th,6 1/2 l,5,11-11,-,True,115,18
Wexford Racing Results | 18th May 2024 17:45,N/A,17:45,Soft (Yielding In Places),2m,Saidekelly (IRE),Miss A B O'Connor,3,J J Mangan,8th,1 1/2 l,4,11-5,-,True,115,18
Wexford Racing Results | 18th May 2024 17:45,N/A,17:45,Soft (Yielding In Places),2m,Deise Bella (IRE),Mr D Higgins,7,Jayne Hearne,7th,13 l,6,11-11,-,True,115,18
Wexford Racing Results | 18th May 2024 17:45,N/A,17:45,Soft (Yielding In Places),2m,Leloopa (IRE),Mr H C Swan,3,J Barcoe,6th,2 1/4 l,4,11-5,-,True,115,18
Wexford Racing Results | 18th May 2024 17:45,N/A,17:45,Soft (Yielding In Places),2m,Kates Choice (IRE),Mr J L Gleeson,5,J J Mangan,5th,7 1/2 l,4,11-5,-,True,115,18
Wexford Racing Results | 18th May 2024 17:45,N/A,17:45,Soft (Yielding In Places),2m,Lady Gooner (IRE),Miss J Townend,0,W P Mullins,4th,Head,5,11-11,-,True,115,18
Wexford Racing Results | 18th May 2024 17:45,N/A,17:45,Soft (Yielding In Places),2m,Tillaway (IRE),Mr N Gault,7,S Millar,3rd,2 3/4 l,5,11-11,-,True,115,18
Wexford Racing Results | 18th May 2024 17:45,N/A,17:45,Soft (Yielding In Places),2m,Amanha (FR),Mr F Maguire,0,D A McLoughlin,2nd,2 1/2 l,6,11-11t,-,True,115,18
Wexford Racing Results | 18th May 2024 17:45,N/A,17:45,Soft (Yielding In Places),2m,Divaboriva (IRE),Mr A P Ryan,7,Jonathan Sweeney,1st,N/A,5,11-11,-,True,115,18
Naas Racing Results | 19th May 2024 13:50,N/A,13:50,Good (Good To Firm In Places),5f,Lovely (IRE),W Joyce,5,D Dias,5th,2 l,2,9-0,-,True,115,19
Naas Racing Results | 19th May 2024 13:50,N/A,13:50,Good (Good To Firm In Places),5f,This Ain't Texas,L T McAteer,0,D Marnane,4th,1/2 l,2,9-5,-,True,115,19
Naas Racing Results | 19th May 2024 13:50,N/A,13:50,Good (Good To Firm In Places),5f,Queens Fury (FR),D Egan,0,A Murray,3rd,3 1/2 l,2,9-0,-,True,115,19
Naas Racing Results | 19th May 2024 13:50,N/A,13:50,Good (Good To Firm In Places),5f,Saratoga Special (IRE),S Foley,0,Mrs J Harrington,2nd,1/2 l,2,9-0,-,True,115,19
Naas Racing Results | 19th May 2024 13:50,N/A,13:50,Good (Good To Firm In Places),5f,Treasure Isle (IRE),R L Moore,0,A P O'Brien,1st,N/A,2,9-5,-,True,115,19
Naas Racing Results | 19th May 2024 13:50,N/A,13:50,Good (Good To Firm In Places),5f,Lovely (IRE),W Joyce,5,D Dias,5th,2 l,2,9-0,-,True,115,19
Naas Racing Results | 19th May 2024 13:50,N/A,13:50,Good (Good To Firm In Places),5f,This Ain't Texas,L T McAteer,0,D Marnane,4th,1/2 l,2,9-5,-,True,115,19
Naas Racing Results | 19th May 2024 13:50,N/A,13:50,Good (Good To Firm In Places),5f,Queens Fury (FR),D Egan,0,A Murray,3rd,3 1/2 l,2,9-0,-,True,115,19
Naas Racing Results | 19th May 2024 13:50,N/A,13:50,Good (Good To Firm In Places),5f,Saratoga Special (IRE),S Foley,0,Mrs J Harrington,2nd,1/2 l,2,9-0,-,True,115,19
Naas Racing Results | 19th May 2024 13:50,N/A,13:50,Good (Good To Firm In Places),5f,Treasure Isle (IRE),R L Moore,0,A P O'Brien,1st,N/A,2,9-5,-,True,115,19
Naas Racing Results | 19th May 2024 14:20,N/A,14:20,Good (Good To Firm In Places),5f,Dun Na Sead (IRE),O McSweeney,0,Daniel Murphy,8th,1 3/4 l,5,9-7,-,True,115,20
Naas Racing Results | 19th May 2024 14:20,N/A,14:20,Good (Good To Firm In Places),5f,Betsen,R P Whelan,0,J Davison,7th,1 1/4 l,3,9-1,-,True,115,20
Naas Racing Results | 19th May 2024 14:20,N/A,14:20,Good (Good To Firm In Places),5f,The Highway Rat (IRE),W J Lee,0,A Oliver,6th,1/2 l,6,9-9p1,-,True,115,20
Naas Racing Results | 19th May 2024 14:20,N/A,14:20,Good (Good To Firm In Places),5f,Crispy Cat,D Egan,0,A Murray,5th,Short Head,4,9-9b,-,True,115,20
Naas Racing Results | 19th May 2024 14:20,N/A,14:20,Good (Good To Firm In Places),5f,Ano Syra (IRE),D McMonagle,0,J Feane,4th,1 3/4 l,5,9-4,-,True,115,20
Naas Racing Results | 19th May 2024 14:20,N/A,14:20,Good (Good To Firm In Places),5f,So Majestic (IRE),C D Hayes,0,Miss McGivern,3rd,Neck,4,9-4ht,-,True,115,20
Naas Racing Results | 19th May 2024 14:20,N/A,14:20,Good (Good To Firm In Places),5f,Twilight Jet (IRE),L F Roche,0,M O'Callaghan,2nd,Neck,5,9-12b,-,True,115,20
Naas Racing Results | 19th May 2024 14:20,N/A,14:20,Good (Good To Firm In Places),5f,Aesop's Fables (IRE),R L Moore,0,A P O'Brien,1st,N/A,4,9-9,-,True,115,20
Naas Racing Results | 19th May 2024 14:20,N/A,14:20,Good (Good To Firm In Places),5f,Dun Na Sead (IRE),O McSweeney,0,Daniel Murphy,8th,1 3/4 l,5,9-7,-,True,115,20
Naas Racing Results | 19th May 2024 14:20,N/A,14:20,Good (Good To Firm In Places),5f,Betsen,R P Whelan,0,J Davison,7th,1 1/4 l,3,9-1,-,True,115,20
Naas Racing Results | 19th May 2024 14:20,N/A,14:20,Good (Good To Firm In Places),5f,The Highway Rat (IRE),W J Lee,0,A Oliver,6th,1/2 l,6,9-9p1,-,True,115,20
Naas Racing Results | 19th May 2024 14:20,N/A,14:20,Good (Good To Firm In Places),5f,Crispy Cat,D Egan,0,A Murray,5th,Short Head,4,9-9b,-,True,115,20
Naas Racing Results | 19th May 2024 14:20,N/A,14:20,Good (Good To Firm In Places),5f,Ano Syra (IRE),D McMonagle,0,J Feane,4th,1 3/4 l,5,9-4,-,True,115,20
Naas Racing Results | 19th May 2024 14:20,N/A,14:20,Good (Good To Firm In Places),5f,So Majestic (IRE),C D Hayes,0,Miss McGivern,3rd,Neck,4,9-4ht,-,True,115,20
Naas Racing Results | 19th May 2024 14:20,N/A,14:20,Good (Good To Firm In Places),5f,Twilight Jet (IRE),L F Roche,0,M O'Callaghan,2nd,Neck,5,9-12b,-,True,115,20
Naas Racing Results | 19th May 2024 14:20,N/A,14:20,Good (Good To Firm In Places),5f,Aesop's Fables (IRE),R L Moore,0,A P O'Brien,1st,N/A,4,9-9,-,True,115,20
Naas Racing Results | 19th May 2024 14:50,N/A,14:50,Good (Good To Firm In Places),5f 205y,Usdi Atohi (IRE),G M Ryan,0,Donnacha O'Brien,6th,3 l,2,9-2,-,True,115,21
Naas Racing Results | 19th May 2024 14:50,N/A,14:50,Good (Good To Firm In Places),5f 205y,Proudly Yours (IRE),G F Carroll,0,G M Lyons,5th,3/4 l,2,9-2,-,True,115,21
Naas Racing Results | 19th May 2024 14:50,N/A,14:50,Good (Good To Firm In Places),5f 205y,Barnavara (IRE),S Foley,0,Mrs J Harrington,4th,1 3/4 l,2,9-2,-,True,115,21
Naas Racing Results | 19th May 2024 14:50,N/A,14:50,Good (Good To Firm In Places),5f 205y,California Dreamer,D Egan,0,A Murray,3rd,3/4 l,2,9-2,-,True,115,21
Naas Racing Results | 19th May 2024 14:50,N/A,14:50,Good (Good To Firm In Places),5f 205y,Sparkling Sea (IRE),C T Keane,0,G M Lyons,2nd,Neck,2,9-2,-,True,115,21
Naas Racing Results | 19th May 2024 14:50,N/A,14:50,Good (Good To Firm In Places),5f 205y,Fairy Godmother (IRE),R L Moore,0,A P O'Brien,1st,N/A,2,9-2,-,True,115,21
Naas Racing Results | 19th May 2024 14:50,N/A,14:50,Good (Good To Firm In Places),5f 205y,Usdi Atohi (IRE),G M Ryan,0,Donnacha O'Brien,6th,3 l,2,9-2,-,True,115,21
Naas Racing Results | 19th May 2024 14:50,N/A,14:50,Good (Good To Firm In Places),5f 205y,Proudly Yours (IRE),G F Carroll,0,G M Lyons,5th,3/4 l,2,9-2,-,True,115,21
Naas Racing Results | 19th May 2024 14:50,N/A,14:50,Good (Good To Firm In Places),5f 205y,Barnavara (IRE),S Foley,0,Mrs J Harrington,4th,1 3/4 l,2,9-2,-,True,115,21
Naas Racing Results | 19th May 2024 14:50,N/A,14:50,Good (Good To Firm In Places),5f 205y,California Dreamer,D Egan,0,A Murray,3rd,3/4 l,2,9-2,-,True,115,21
Naas Racing Results | 19th May 2024 14:50,N/A,14:50,Good (Good To Firm In Places),5f 205y,Sparkling Sea (IRE),C T Keane,0,G M Lyons,2nd,Neck,2,9-2,-,True,115,21
Naas Racing Results | 19th May 2024 14:50,N/A,14:50,Good (Good To Firm In Places),5f 205y,Fairy Godmother (IRE),R L Moore,0,A P O'Brien,1st,N/A,2,9-2,-,True,115,21
Naas Racing Results | 19th May 2024 15:20,N/A,15:20,Good (Good To Firm In Places),7f,Yosemite Valley,G M Ryan,0,Donnacha O'Brien,NR,N/A,4,10-0,-,True,115,22
Naas Racing Results | 19th May 2024 15:20,N/A,15:20,Good (Good To Firm In Places),7f,Zenga,W J Lee,0,H De Bromhead,NR,N/A,5,9-6,-,True,115,22
Naas Racing Results | 19th May 2024 15:20,N/A,15:20,Good (Good To Firm In Places),7f,Genesis (IRE),R P Whelan,0,Barry J Fitzgerald,5th,4 l,3,9-0,-,True,115,22
Naas Racing Results | 19th May 2024 15:20,N/A,15:20,Good (Good To Firm In Places),7f,Quar Shamar (GER),S Foley,0,Mrs J Harrington,4th,1 l,4,9-11p1,-,True,115,22
Naas Racing Results | 19th May 2024 15:20,N/A,15:20,Good (Good To Firm In Places),7f,Tarawa (IRE),C D Hayes,0,D K Weld,3rd,1 3/4 l,4,9-6,-,True,115,22
Naas Racing Results | 19th May 2024 15:20,N/A,15:20,Good (Good To Firm In Places),7f,Special Wan (IRE),L T McAteer,0,P T Foley,2nd,3/4 l,4,9-6,-,True,115,22
Naas Racing Results | 19th May 2024 15:20,N/A,15:20,Good (Good To Firm In Places),7f,Mutasarref,C T Keane,0,G M Lyons,1st,N/A,6,10-0,-,True,115,22
Naas Racing Results | 19th May 2024 15:20,N/A,15:20,Good (Good To Firm In Places),7f,Yosemite Valley,G M Ryan,0,Donnacha O'Brien,NR,N/A,4,10-0,-,True,115,22
Naas Racing Results | 19th May 2024 15:20,N/A,15:20,Good (Good To Firm In Places),7f,Zenga,W J Lee,0,H De Bromhead,NR,N/A,5,9-6,-,True,115,22
Naas Racing Results | 19th May 2024 15:20,N/A,15:20,Good (Good To Firm In Places),7f,Genesis (IRE),R P Whelan,0,Barry J Fitzgerald,5th,4 l,3,9-0,-,True,115,22
Naas Racing Results | 19th May 2024 15:20,N/A,15:20,Good (Good To Firm In Places),7f,Quar Shamar (GER),S Foley,0,Mrs J Harrington,4th,1 l,4,9-11p1,-,True,115,22
Naas Racing Results | 19th May 2024 15:20,N/A,15:20,Good (Good To Firm In Places),7f,Tarawa (IRE),C D Hayes,0,D K Weld,3rd,1 3/4 l,4,9-6,-,True,115,22
Naas Racing Results | 19th May 2024 15:20,N/A,15:20,Good (Good To Firm In Places),7f,Special Wan (IRE),L T McAteer,0,P T Foley,2nd,3/4 l,4,9-6,-,True,115,22
Naas Racing Results | 19th May 2024 15:20,N/A,15:20,Good (Good To Firm In Places),7f,Mutasarref,C T Keane,0,G M Lyons,1st,N/A,6,10-0,-,True,115,22
Naas Racing Results | 19th May 2024 15:55,N/A,15:55,Good (Good To Firm In Places),5f 205y,Majestic Beauty,C D Hayes,0,A Murray,NR,N/A,3,9-2,-,True,115,23
Naas Racing Results | 19th May 2024 15:55,N/A,15:55,Good (Good To Firm In Places),5f 205y,Alabama (IRE),W M Lordan,0,A P O'Brien,6th,4 1/2 l,3,9-5,-,True,115,23
Naas Racing Results | 19th May 2024 15:55,N/A,15:55,Good (Good To Firm In Places),5f 205y,Jakajaro (IRE),L T McAteer,0,D Marnane,5th,Neck,3,9-5,-,True,115,23
Naas Racing Results | 19th May 2024 15:55,N/A,15:55,Good (Good To Firm In Places),5f 205y,Military,R L Moore,0,A P O'Brien,4th,1 l,3,9-5tb1,-,True,115,23
Naas Racing Results | 19th May 2024 15:55,N/A,15:55,Good (Good To Firm In Places),5f 205y,My Mate Alfie (IRE),C T Keane,0,G M Lyons,3rd,1 1/4 l,3,9-5b,-,True,115,23
Naas Racing Results | 19th May 2024 15:55,N/A,15:55,Good (Good To Firm In Places),5f 205y,Givemethebeatboys (IRE),S Foley,0,Mrs J Harrington,2nd,Head,3,9-5,-,True,115,23
Naas Racing Results | 19th May 2024 15:55,N/A,15:55,Good (Good To Firm In Places),5f 205y,Bucanero Fuerte,D Egan,0,A Murray,1st,N/A,3,9-8,-,True,115,23
Naas Racing Results | 19th May 2024 15:55,N/A,15:55,Good (Good To Firm In Places),5f 205y,Majestic Beauty,C D Hayes,0,A Murray,NR,N/A,3,9-2,-,True,115,23
Naas Racing Results | 19th May 2024 15:55,N/A,15:55,Good (Good To Firm In Places),5f 205y,Alabama (IRE),W M Lordan,0,A P O'Brien,6th,4 1/2 l,3,9-5,-,True,115,23
Naas Racing Results | 19th May 2024 15:55,N/A,15:55,Good (Good To Firm In Places),5f 205y,Jakajaro (IRE),L T McAteer,0,D Marnane,5th,Neck,3,9-5,-,True,115,23
Naas Racing Results | 19th May 2024 15:55,N/A,15:55,Good (Good To Firm In Places),5f 205y,Military,R L Moore,0,A P O'Brien,4th,1 l,3,9-5tb1,-,True,115,23
Naas Racing Results | 19th May 2024 15:55,N/A,15:55,Good (Good To Firm In Places),5f 205y,My Mate Alfie (IRE),C T Keane,0,G M Lyons,3rd,1 1/4 l,3,9-5b,-,True,115,23
Naas Racing Results | 19th May 2024 15:55,N/A,15:55,Good (Good To Firm In Places),5f 205y,Givemethebeatboys (IRE),S Foley,0,Mrs J Harrington,2nd,Head,3,9-5,-,True,115,23
Naas Racing Results | 19th May 2024 15:55,N/A,15:55,Good (Good To Firm In Places),5f 205y,Bucanero Fuerte,D Egan,0,A Murray,1st,N/A,3,9-8,-,True,115,23
Naas Racing Results | 19th May 2024 16:30,N/A,16:30,Good (Good To Firm In Places),1m,Uncle Albert (IRE),D P McDonogh,0,K P Cotter,NR,N/A,3,8-10,77,True,115,24
Naas Racing Results | 19th May 2024 16:30,N/A,16:30,Good (Good To Firm In Places),1m,Raknah (IRE),S Foley,0,Mrs J Harrington,NR,N/A,3,9-1,82,True,115,24
Naas Racing Results | 19th May 2024 16:30,N/A,16:30,Good (Good To Firm In Places),1m,Bid For Chester (IRE),W Joyce,5,M Mulvany,10th,5 l,3,9-10t,91,True,115,24
Naas Racing Results | 19th May 2024 16:30,N/A,16:30,Good (Good To Firm In Places),1m,Going Remote (IRE),S Foley,0,Mrs J Harrington,9th,Neck,3,8-10p,77,True,115,24
Naas Racing Results | 19th May 2024 16:30,N/A,16:30,Good (Good To Firm In Places),1m,Barnso,W M Lordan,0,N Lupini,8th,Head,3,8-12,79,True,115,24
Naas Racing Results | 19th May 2024 16:30,N/A,16:30,Good (Good To Firm In Places),1m,Profit Refused (IRE),C D Hayes,0,K Prendergast,7th,1 1/4 l,3,9-4,85,True,115,24
Naas Racing Results | 19th May 2024 16:30,N/A,16:30,Good (Good To Firm In Places),1m,Neo Smart (IRE),R P Cleary,0,J S Bolger,6th,3/4 l,3,8-9,76,True,115,24
Naas Racing Results | 19th May 2024 16:30,N/A,16:30,Good (Good To Firm In Places),1m,Soldier's Empire (IRE),C T Keane,0,G M Lyons,5th,Head,3,9-9,90,True,115,24
Naas Racing Results | 19th May 2024 16:30,N/A,16:30,Good (Good To Firm In Places),1m,Starliner (IRE),G M Ryan,0,Donnacha O'Brien,4th,Neck,3,9-3,84,True,115,24
Naas Racing Results | 19th May 2024 16:30,N/A,16:30,Good (Good To Firm In Places),1m,Air Commander (IRE),R L Moore,0,A P O'Brien,3rd,2 l,3,9-10,91,True,115,24
Naas Racing Results | 19th May 2024 16:30,N/A,16:30,Good (Good To Firm In Places),1m,Sharinay,R P Whelan,0,M Halford & T Collins,2nd,3/4 l,3,9-12h,93,True,115,24
Naas Racing Results | 19th May 2024 16:30,N/A,16:30,Good (Good To Firm In Places),1m,Chicago Critic,B M Coen,0,J P Murtagh,1st,N/A,3,9-9,90,True,115,24
Naas Racing Results | 19th May 2024 16:30,N/A,16:30,Good (Good To Firm In Places),1m,Uncle Albert (IRE),D P McDonogh,0,K P Cotter,NR,N/A,3,8-10,77,True,115,24
Naas Racing Results | 19th May 2024 16:30,N/A,16:30,Good (Good To Firm In Places),1m,Raknah (IRE),S Foley,0,Mrs J Harrington,NR,N/A,3,9-1,82,True,115,24
Naas Racing Results | 19th May 2024 16:30,N/A,16:30,Good (Good To Firm In Places),1m,Bid For Chester (IRE),W Joyce,5,M Mulvany,10th,5 l,3,9-10t,91,True,115,24
Naas Racing Results | 19th May 2024 16:30,N/A,16:30,Good (Good To Firm In Places),1m,Going Remote (IRE),S Foley,0,Mrs J Harrington,9th,Neck,3,8-10p,77,True,115,24
Naas Racing Results | 19th May 2024 16:30,N/A,16:30,Good (Good To Firm In Places),1m,Barnso,W M Lordan,0,N Lupini,8th,Head,3,8-12,79,True,115,24
Naas Racing Results | 19th May 2024 16:30,N/A,16:30,Good (Good To Firm In Places),1m,Profit Refused (IRE),C D Hayes,0,K Prendergast,7th,1 1/4 l,3,9-4,85,True,115,24
Naas Racing Results | 19th May 2024 16:30,N/A,16:30,Good (Good To Firm In Places),1m,Neo Smart (IRE),R P Cleary,0,J S Bolger,6th,3/4 l,3,8-9,76,True,115,24
Naas Racing Results | 19th May 2024 16:30,N/A,16:30,Good (Good To Firm In Places),1m,Soldier's Empire (IRE),C T Keane,0,G M Lyons,5th,Head,3,9-9,90,True,115,24
Naas Racing Results | 19th May 2024 16:30,N/A,16:30,Good (Good To Firm In Places),1m,Starliner (IRE),G M Ryan,0,Donnacha O'Brien,4th,Neck,3,9-3,84,True,115,24
Naas Racing Results | 19th May 2024 16:30,N/A,16:30,Good (Good To Firm In Places),1m,Air Commander (IRE),R L Moore,0,A P O'Brien,3rd,2 l,3,9-10,91,True,115,24
Naas Racing Results | 19th May 2024 16:30,N/A,16:30,Good (Good To Firm In Places),1m,Sharinay,R P Whelan,0,M Halford & T Collins,2nd,3/4 l,3,9-12h,93,True,115,24
Naas Racing Results | 19th May 2024 16:30,N/A,16:30,Good (Good To Firm In Places),1m,Chicago Critic,B M Coen,0,J P Murtagh,1st,N/A,3,9-9,90,True,115,24
Naas Racing Results | 19th May 2024 17:00,N/A,17:00,Good (Good To Firm In Places),1m,Something Nice (IRE),W Joyce,5,M Mulvany,NR,N/A,4,9-8,84,True,115,25
Naas Racing Results | 19th May 2024 17:00,N/A,17:00,Good (Good To Firm In Places),1m,Sea Chariot,S Foley,0,J J Murphy,S,N/A,4,9-3t,79,True,115,25
Naas Racing Results | 19th May 2024 17:00,N/A,17:00,Good (Good To Firm In Places),1m,Sectarius (IRE),J A Heffernan,0,P J F Murphy,11th,8 l,4,8-13,75,True,115,25
Naas Racing Results | 19th May 2024 17:00,N/A,17:00,Good (Good To Firm In Places),1m,Genuine Article,C T Keane,0,G Keane,10th,1 1/4 l,4,9-10,86,True,115,25
Naas Racing Results | 19th May 2024 17:00,N/A,17:00,Good (Good To Firm In Places),1m,Flame Of Eire (IRE),S T McCullagh,3,John M Harney,9th,2 1/2 l,5,9-13,89,True,115,25
Naas Racing Results | 19th May 2024 17:00,N/A,17:00,Good (Good To Firm In Places),1m,Eastern Wind,J J G Ryan,5,T G McCourt,8th,2 l,5,8-11p,73,True,115,25
Naas Racing Results | 19th May 2024 17:00,N/A,17:00,Good (Good To Firm In Places),1m,Exquisite Acclaim (IRE),Adam Caffrey,5,A McGuinness,7th,1 1/4 l,5,9-12p,88,True,115,25
Naas Racing Results | 19th May 2024 17:00,N/A,17:00,Good (Good To Firm In Places),1m,Wigmore Street (USA),D McMonagle,0,J P O'Brien,6th,Short Head,4,10-7,97,True,115,25
Naas Racing Results | 19th May 2024 17:00,N/A,17:00,Good (Good To Firm In Places),1m,Spanish Tenor (IRE),C J MacRedmond,5,A McGuinness,5th,Head,10,9-6,82,True,115,25
Naas Racing Results | 19th May 2024 17:00,N/A,17:00,Good (Good To Firm In Places),1m,Mr King (IRE),G F Carroll,0,G M Lyons,4th,1/2 l,4,9-8t,84,True,115,25
Naas Racing Results | 19th May 2024 17:00,N/A,17:00,Good (Good To Firm In Places),1m,Derry Lad (IRE),N M Crosse,0,Kevin Coleman,3rd,Nose,6,9-6,82,True,115,25
Naas Racing Results | 19th May 2024 17:00,N/A,17:00,Good (Good To Firm In Places),1m,Desert Haven,R Whearty,5,N Meade,2nd,1 1/2 l,4,9-7,83,True,115,25
Naas Racing Results | 19th May 2024 17:00,N/A,17:00,Good (Good To Firm In Places),1m,Plume Noire (IRE),J M Sheridan,0,B Duffy,1st,N/A,6,9-5,81,True,115,25
Naas Racing Results | 19th May 2024 17:00,N/A,17:00,Good (Good To Firm In Places),1m,Something Nice (IRE),W Joyce,5,M Mulvany,NR,N/A,4,9-8,84,True,115,25
Naas Racing Results | 19th May 2024 17:00,N/A,17:00,Good (Good To Firm In Places),1m,Sea Chariot,S Foley,0,J J Murphy,S,N/A,4,9-3t,79,True,115,25
Naas Racing Results | 19th May 2024 17:00,N/A,17:00,Good (Good To Firm In Places),1m,Sectarius (IRE),J A Heffernan,0,P J F Murphy,11th,8 l,4,8-13,75,True,115,25
Naas Racing Results | 19th May 2024 17:00,N/A,17:00,Good (Good To Firm In Places),1m,Genuine Article,C T Keane,0,G Keane,10th,1 1/4 l,4,9-10,86,True,115,25
Naas Racing Results | 19th May 2024 17:00,N/A,17:00,Good (Good To Firm In Places),1m,Flame Of Eire (IRE),S T McCullagh,3,John M Harney,9th,2 1/2 l,5,9-13,89,True,115,25
Naas Racing Results | 19th May 2024 17:00,N/A,17:00,Good (Good To Firm In Places),1m,Eastern Wind,J J G Ryan,5,T G McCourt,8th,2 l,5,8-11p,73,True,115,25
Naas Racing Results | 19th May 2024 17:00,N/A,17:00,Good (Good To Firm In Places),1m,Exquisite Acclaim (IRE),Adam Caffrey,5,A McGuinness,7th,1 1/4 l,5,9-12p,88,True,115,25
Naas Racing Results | 19th May 2024 17:00,N/A,17:00,Good (Good To Firm In Places),1m,Wigmore Street (USA),D McMonagle,0,J P O'Brien,6th,Short Head,4,10-7,97,True,115,25
Naas Racing Results | 19th May 2024 17:00,N/A,17:00,Good (Good To Firm In Places),1m,Spanish Tenor (IRE),C J MacRedmond,5,A McGuinness,5th,Head,10,9-6,82,True,115,25
Naas Racing Results | 19th May 2024 17:00,N/A,17:00,Good (Good To Firm In Places),1m,Mr King (IRE),G F Carroll,0,G M Lyons,4th,1/2 l,4,9-8t,84,True,115,25
Naas Racing Results | 19th May 2024 17:00,N/A,17:00,Good (Good To Firm In Places),1m,Derry Lad (IRE),N M Crosse,0,Kevin Coleman,3rd,Nose,6,9-6,82,True,115,25
Naas Racing Results | 19th May 2024 17:00,N/A,17:00,Good (Good To Firm In Places),1m,Desert Haven,R Whearty,5,N Meade,2nd,1 1/2 l,4,9-7,83,True,115,25
Naas Racing Results | 19th May 2024 17:00,N/A,17:00,Good (Good To Firm In Places),1m,Plume Noire (IRE),J M Sheridan,0,B Duffy,1st,N/A,6,9-5,81,True,115,25
Naas Racing Results | 19th May 2024 17:30,N/A,17:30,Good (Good To Firm In Places),1m,Empress Alma (IRE),G F Carroll,0,G P Cromwell,11th,3 3/4 l,3,9-3,-,True,115,26
Naas Racing Results | 19th May 2024 17:30,N/A,17:30,Good (Good To Firm In Places),1m,Thatwilldoso (IRE),J A Heffernan,0,Kevin Coleman,10th,3/4 l,3,9-3,-,True,115,26
Naas Racing Results | 19th May 2024 17:30,N/A,17:30,Good (Good To Firm In Places),1m,Imperial Miss (IRE),R P Whelan,0,M Halford & T Collins,9th,2 1/4 l,3,9-3,-,True,115,26
Naas Racing Results | 19th May 2024 17:30,N/A,17:30,Good (Good To Firm In Places),1m,Melkorka (IRE),K J Leonard,0,J F O'Shea,8th,1/2 l,3,9-3,-,True,115,26
Naas Racing Results | 19th May 2024 17:30,N/A,17:30,Good (Good To Firm In Places),1m,Time Out (IRE),J J G Ryan,5,Mrs D Foster,7th,6 1/2 l,3,9-3,-,True,115,26
Naas Racing Results | 19th May 2024 17:30,N/A,17:30,Good (Good To Firm In Places),1m,Star Of Atlantis (IRE),G M Ryan,0,T Gibney,6th,2 1/4 l,3,9-3,-,True,115,26
Naas Racing Results | 19th May 2024 17:30,N/A,17:30,Good (Good To Firm In Places),1m,Tanazadia (IRE),S B Kelly,0,J P Murtagh,5th,1 l,3,9-3,-,True,115,26
Naas Racing Results | 19th May 2024 17:30,N/A,17:30,Good (Good To Firm In Places),1m,Golden Ocean (GER),C T Keane,0,M O'Callaghan,4th,3/4 l,3,9-3,-,True,115,26
Naas Racing Results | 19th May 2024 17:30,N/A,17:30,Good (Good To Firm In Places),1m,Settlement,C D Hayes,0,D K Weld,3rd,1 3/4 l,3,9-3,-,True,115,26
Naas Racing Results | 19th May 2024 17:30,N/A,17:30,Good (Good To Firm In Places),1m,Siege Of Troy,B M Coen,0,J P Murtagh,2nd,Neck,3,9-3,-,True,115,26
Naas Racing Results | 19th May 2024 17:30,N/A,17:30,Good (Good To Firm In Places),1m,Serialise (IRE),S Foley,0,Mrs J Harrington,1st,N/A,3,9-3,-,True,115,26
Naas Racing Results | 19th May 2024 17:30,N/A,17:30,Good (Good To Firm In Places),1m,Empress Alma (IRE),G F Carroll,0,G P Cromwell,11th,3 3/4 l,3,9-3,-,True,115,26
Naas Racing Results | 19th May 2024 17:30,N/A,17:30,Good (Good To Firm In Places),1m,Thatwilldoso (IRE),J A Heffernan,0,Kevin Coleman,10th,3/4 l,3,9-3,-,True,115,26
Naas Racing Results | 19th May 2024 17:30,N/A,17:30,Good (Good To Firm In Places),1m,Imperial Miss (IRE),R P Whelan,0,M Halford & T Collins,9th,2 1/4 l,3,9-3,-,True,115,26
Naas Racing Results | 19th May 2024 17:30,N/A,17:30,Good (Good To Firm In Places),1m,Melkorka (IRE),K J Leonard,0,J F O'Shea,8th,1/2 l,3,9-3,-,True,115,26
Naas Racing Results | 19th May 2024 17:30,N/A,17:30,Good (Good To Firm In Places),1m,Time Out (IRE),J J G Ryan,5,Mrs D Foster,7th,6 1/2 l,3,9-3,-,True,115,26
Naas Racing Results | 19th May 2024 17:30,N/A,17:30,Good (Good To Firm In Places),1m,Star Of Atlantis (IRE),G M Ryan,0,T Gibney,6th,2 1/4 l,3,9-3,-,True,115,26
Naas Racing Results | 19th May 2024 17:30,N/A,17:30,Good (Good To Firm In Places),1m,Tanazadia (IRE),S B Kelly,0,J P Murtagh,5th,1 l,3,9-3,-,True,115,26
Naas Racing Results | 19th May 2024 17:30,N/A,17:30,Good (Good To Firm In Places),1m,Golden Ocean (GER),C T Keane,0,M O'Callaghan,4th,3/4 l,3,9-3,-,True,115,26
Naas Racing Results | 19th May 2024 17:30,N/A,17:30,Good (Good To Firm In Places),1m,Settlement,C D Hayes,0,D K Weld,3rd,1 3/4 l,3,9-3,-,True,115,26
Naas Racing Results | 19th May 2024 17:30,N/A,17:30,Good (Good To Firm In Places),1m,Siege Of Troy,B M Coen,0,J P Murtagh,2nd,Neck,3,9-3,-,True,115,26
Naas Racing Results | 19th May 2024 17:30,N/A,17:30,Good (Good To Firm In Places),1m,Serialise (IRE),S Foley,0,Mrs J Harrington,1st,N/A,3,9-3,-,True,115,26
Roscommon Racing Results | 20th May 2024 17:20,N/A,17:20,Good,7f 86y,Magic Defense (IRE),C Horgan,7,K Purcell,15th,13 l,3,8-13,-,True,115,27
Roscommon Racing Results | 20th May 2024 17:20,N/A,17:20,Good,7f 86y,Clove Rock (IRE),S Foley,0,Daniel Murphy,14th,8 1/2 l,3,9-2p1,-,True,115,27
Roscommon Racing Results | 20th May 2024 17:20,N/A,17:20,Good,7f 86y,Chinois (IRE),D McMonagle,0,J P O'Brien,13th,3/4 l,3,9-5p1,-,True,115,27
Roscommon Racing Results | 20th May 2024 17:20,N/A,17:20,Good,7f 86y,Nosey Anna (IRE),L T McAteer,0,D Hogan,12th,3/4 l,3,9-5,-,True,115,27
Roscommon Racing Results | 20th May 2024 17:20,N/A,17:20,Good,7f 86y,Luxurious Princess (IRE),J A Heffernan,0,A Murray,11th,1 l,3,9-2,-,True,115,27
Roscommon Racing Results | 20th May 2024 17:20,N/A,17:20,Good,7f 86y,Veil Dance,Siobhan Rutledge,3,J C McConnell,10th,4 1/2 l,3,8-13,-,True,115,27
Roscommon Racing Results | 20th May 2024 17:20,N/A,17:20,Good,7f 86y,Dynamite Defense (IRE),J M Sheridan,0,D Hogan,9th,1/2 l,3,9-8,-,True,115,27
Roscommon Racing Results | 20th May 2024 17:20,N/A,17:20,Good,7f 86y,Laser Sharp,L F Roche,0,C Collins,8th,2 1/2 l,3,8-10tp,-,True,115,27
Roscommon Racing Results | 20th May 2024 17:20,N/A,17:20,Good,7f 86y,Harry The Rogue (IRE),A J Slattery,0,A Slattery,7th,1 l,3,8-13,-,True,115,27
Roscommon Racing Results | 20th May 2024 17:20,N/A,17:20,Good,7f 86y,She's Smart (IRE),R P Whelan,0,A McGuinness,6th,1/2 l,3,8-10,-,True,115,27
Roscommon Racing Results | 20th May 2024 17:20,N/A,17:20,Good,7f 86y,Sister Mila (IRE),J Cleary,7,A Murray,5th,3 l,3,9-2,-,True,115,27
Roscommon Racing Results | 20th May 2024 17:20,N/A,17:20,Good,7f 86y,Butterfly Bush (IRE),R Whearty,5,P Magee,4th,1/2 l,3,8-13,-,True,115,27
Roscommon Racing Results | 20th May 2024 17:20,N/A,17:20,Good,7f 86y,Royalcorrespondent (IRE),C T Keane,0,R P Cody,3rd,3/4 l,3,9-8h,-,True,115,27
Roscommon Racing Results | 20th May 2024 17:20,N/A,17:20,Good,7f 86y,Zenato (IRE),W J Lee,0,H De Bromhead,2nd,1 3/4 l,3,8-13,-,True,115,27
Roscommon Racing Results | 20th May 2024 17:20,N/A,17:20,Good,7f 86y,Alto Sax (IRE),G F Carroll,0,G M Lyons,1st,N/A,3,8-13b,-,True,115,27
Roscommon Racing Results | 20th May 2024 17:20,N/A,17:20,Good,7f 86y,Magic Defense (IRE),C Horgan,7,K Purcell,15th,13 l,3,8-13,-,True,115,27
Roscommon Racing Results | 20th May 2024 17:20,N/A,17:20,Good,7f 86y,Clove Rock (IRE),S Foley,0,Daniel Murphy,14th,8 1/2 l,3,9-2p1,-,True,115,27
Roscommon Racing Results | 20th May 2024 17:20,N/A,17:20,Good,7f 86y,Chinois (IRE),D McMonagle,0,J P O'Brien,13th,3/4 l,3,9-5p1,-,True,115,27
Roscommon Racing Results | 20th May 2024 17:20,N/A,17:20,Good,7f 86y,Nosey Anna (IRE),L T McAteer,0,D Hogan,12th,3/4 l,3,9-5,-,True,115,27
Roscommon Racing Results | 20th May 2024 17:20,N/A,17:20,Good,7f 86y,Luxurious Princess (IRE),J A Heffernan,0,A Murray,11th,1 l,3,9-2,-,True,115,27
Roscommon Racing Results | 20th May 2024 17:20,N/A,17:20,Good,7f 86y,Veil Dance,Siobhan Rutledge,3,J C McConnell,10th,4 1/2 l,3,8-13,-,True,115,27
Roscommon Racing Results | 20th May 2024 17:20,N/A,17:20,Good,7f 86y,Dynamite Defense (IRE),J M Sheridan,0,D Hogan,9th,1/2 l,3,9-8,-,True,115,27
Roscommon Racing Results | 20th May 2024 17:20,N/A,17:20,Good,7f 86y,Laser Sharp,L F Roche,0,C Collins,8th,2 1/2 l,3,8-10tp,-,True,115,27
Roscommon Racing Results | 20th May 2024 17:20,N/A,17:20,Good,7f 86y,Harry The Rogue (IRE),A J Slattery,0,A Slattery,7th,1 l,3,8-13,-,True,115,27
Roscommon Racing Results | 20th May 2024 17:20,N/A,17:20,Good,7f 86y,She's Smart (IRE),R P Whelan,0,A McGuinness,6th,1/2 l,3,8-10,-,True,115,27
Roscommon Racing Results | 20th May 2024 17:20,N/A,17:20,Good,7f 86y,Sister Mila (IRE),J Cleary,7,A Murray,5th,3 l,3,9-2,-,True,115,27
Roscommon Racing Results | 20th May 2024 17:20,N/A,17:20,Good,7f 86y,Butterfly Bush (IRE),R Whearty,5,P Magee,4th,1/2 l,3,8-13,-,True,115,27
Roscommon Racing Results | 20th May 2024 17:20,N/A,17:20,Good,7f 86y,Royalcorrespondent (IRE),C T Keane,0,R P Cody,3rd,3/4 l,3,9-8h,-,True,115,27
Roscommon Racing Results | 20th May 2024 17:20,N/A,17:20,Good,7f 86y,Zenato (IRE),W J Lee,0,H De Bromhead,2nd,1 3/4 l,3,8-13,-,True,115,27
Roscommon Racing Results | 20th May 2024 17:20,N/A,17:20,Good,7f 86y,Alto Sax (IRE),G F Carroll,0,G M Lyons,1st,N/A,3,8-13b,-,True,115,27
Roscommon Racing Results | 20th May 2024 17:50,N/A,17:50,Good,7f 86y,Episodic (IRE),R P Cleary,0,D J Bunyan,12th,1 1/2 l,2,8-8,-,True,115,28
Roscommon Racing Results | 20th May 2024 17:50,N/A,17:50,Good,7f 86y,Gateway Arch (IRE),L F Roche,0,Joseph Murray,11th,1 1/2 l,2,8-8,-,True,115,28
Roscommon Racing Results | 20th May 2024 17:50,N/A,17:50,Good,7f 86y,Highway Sixty One (IRE),G F Carroll,0,A McNamara,10th,Neck,2,9-3,-,True,115,28
Roscommon Racing Results | 20th May 2024 17:50,N/A,17:50,Good,7f 86y,Georg Zhukov (IRE),C T Keane,0,N Meade,9th,Head,2,8-13,-,True,115,28
Roscommon Racing Results | 20th May 2024 17:50,N/A,17:50,Good,7f 86y,Zaraahmando (IRE),A J Slattery,0,A Slattery,8th,1 3/4 l,2,9-1,-,True,115,28
Roscommon Racing Results | 20th May 2024 17:50,N/A,17:50,Good,7f 86y,Shocker (IRE),B M Coen,0,Eoghan O'Neill,7th,2 1/2 l,2,8-13,-,True,115,28
Roscommon Racing Results | 20th May 2024 17:50,N/A,17:50,Good,7f 86y,Petit Fusee (IRE),W M Lordan,0,P Martin,6th,2 1/2 l,2,8-8,-,True,115,28
Roscommon Racing Results | 20th May 2024 17:50,N/A,17:50,Good,7f 86y,Edergole's Angel (IRE),W J Lee,0,W McCreery,5th,3/4 l,2,8-12,-,True,115,28
Roscommon Racing Results | 20th May 2024 17:50,N/A,17:50,Good,7f 86y,Alumni Lia (IRE),J A Heffernan,0,A Murray,4th,Short Head,2,8-12,-,True,115,28
Roscommon Racing Results | 20th May 2024 17:50,N/A,17:50,Good,7f 86y,Boyne Valley (IRE),J A Powell,3,M Mulvany,3rd,4 1/2 l,2,8-10,-,True,115,28
Roscommon Racing Results | 20th May 2024 17:50,N/A,17:50,Good,7f 86y,Green Triangle (IRE),D McMonagle,0,J P O'Brien,2nd,1/2 l,2,9-7t1,-,True,115,28
Roscommon Racing Results | 20th May 2024 17:50,N/A,17:50,Good,7f 86y,Deo Vero (IRE),C D Hayes,0,David J Geary,1st,N/A,2,8-8,-,True,115,28
Roscommon Racing Results | 20th May 2024 17:50,N/A,17:50,Good,7f 86y,Episodic (IRE),R P Cleary,0,D J Bunyan,12th,1 1/2 l,2,8-8,-,True,115,28
Roscommon Racing Results | 20th May 2024 17:50,N/A,17:50,Good,7f 86y,Gateway Arch (IRE),L F Roche,0,Joseph Murray,11th,1 1/2 l,2,8-8,-,True,115,28
Roscommon Racing Results | 20th May 2024 17:50,N/A,17:50,Good,7f 86y,Highway Sixty One (IRE),G F Carroll,0,A McNamara,10th,Neck,2,9-3,-,True,115,28
Roscommon Racing Results | 20th May 2024 17:50,N/A,17:50,Good,7f 86y,Georg Zhukov (IRE),C T Keane,0,N Meade,9th,Head,2,8-13,-,True,115,28
Roscommon Racing Results | 20th May 2024 17:50,N/A,17:50,Good,7f 86y,Zaraahmando (IRE),A J Slattery,0,A Slattery,8th,1 3/4 l,2,9-1,-,True,115,28
Roscommon Racing Results | 20th May 2024 17:50,N/A,17:50,Good,7f 86y,Shocker (IRE),B M Coen,0,Eoghan O'Neill,7th,2 1/2 l,2,8-13,-,True,115,28
Roscommon Racing Results | 20th May 2024 17:50,N/A,17:50,Good,7f 86y,Petit Fusee (IRE),W M Lordan,0,P Martin,6th,2 1/2 l,2,8-8,-,True,115,28
Roscommon Racing Results | 20th May 2024 17:50,N/A,17:50,Good,7f 86y,Edergole's Angel (IRE),W J Lee,0,W McCreery,5th,3/4 l,2,8-12,-,True,115,28
Roscommon Racing Results | 20th May 2024 17:50,N/A,17:50,Good,7f 86y,Alumni Lia (IRE),J A Heffernan,0,A Murray,4th,Short Head,2,8-12,-,True,115,28
Roscommon Racing Results | 20th May 2024 17:50,N/A,17:50,Good,7f 86y,Boyne Valley (IRE),J A Powell,3,M Mulvany,3rd,4 1/2 l,2,8-10,-,True,115,28
Roscommon Racing Results | 20th May 2024 17:50,N/A,17:50,Good,7f 86y,Green Triangle (IRE),D McMonagle,0,J P O'Brien,2nd,1/2 l,2,9-7t1,-,True,115,28
Roscommon Racing Results | 20th May 2024 17:50,N/A,17:50,Good,7f 86y,Deo Vero (IRE),C D Hayes,0,David J Geary,1st,N/A,2,8-8,-,True,115,28
Roscommon Racing Results | 20th May 2024 18:20,N/A,18:20,Good,7f 86y,Cherry Pink (IRE),D J Murphy,10,M Halford & T Collins,15th,1 1/4 l,4,9-4b,53,True,115,29
Roscommon Racing Results | 20th May 2024 18:20,N/A,18:20,Good,7f 86y,What Adaay,C J MacRedmond,5,P Martin,14th,5 1/2 l,6,8-12p,47,True,115,29
Roscommon Racing Results | 20th May 2024 18:20,N/A,18:20,Good,7f 86y,Queen Mab (IRE),D E Sheehy,0,M C Grassick,13th,1/2 l,4,8-13,48,True,115,29
Roscommon Racing Results | 20th May 2024 18:20,N/A,18:20,Good,7f 86y,Penguin Island,J A Heffernan,0,Robert Widger,12th,4 3/4 l,5,9-12,61,True,115,29
Roscommon Racing Results | 20th May 2024 18:20,N/A,18:20,Good,7f 86y,Jazz Dreamers (IRE),K G Kennedy,7,S Fahey,11th,9 1/2 l,6,9-12,61,True,115,29
Roscommon Racing Results | 20th May 2024 18:20,N/A,18:20,Good,7f 86y,Barnhill Rose,P A Harnett,5,D Hogan,10th,7 1/2 l,6,10-7p,70,True,115,29
Roscommon Racing Results | 20th May 2024 18:20,N/A,18:20,Good,7f 86y,Vikki Wall (IRE),Caragh Monaghan,10,Ian Donoghue,9th,Neck,4,9-10,59,True,115,29
Roscommon Racing Results | 20th May 2024 18:20,N/A,18:20,Good,7f 86y,Deuteronomy (IRE),S Foley,0,R P Burns,8th,Head,5,8-12t1,41,True,115,29
Roscommon Racing Results | 20th May 2024 18:20,N/A,18:20,Good,7f 86y,Lisamaria (IRE),R Whearty,5,P W Flynn,7th,1 1/4 l,5,8-13,48,True,115,29
Roscommon Racing Results | 20th May 2024 18:20,N/A,18:20,Good,7f 86y,Super Cub,J M Sheridan,0,D Hogan,6th,1 1/4 l,5,9-6b,55,True,115,29
Roscommon Racing Results | 20th May 2024 18:20,N/A,18:20,Good,7f 86y,On Our Radar (IRE),C Horgan,7,A Slattery,5th,3/4 l,4,10-1,64,True,115,29
Roscommon Racing Results | 20th May 2024 18:20,N/A,18:20,Good,7f 86y,Sneddy Eddie (IRE),M W Hassett,5,M M McNiff,4th,1/2 l,4,9-11,60,True,115,29
Roscommon Racing Results | 20th May 2024 18:20,N/A,18:20,Good,7f 86y,Calamint (IRE),C D Hayes,0,A Murray,3rd,Head,4,10-2,65,True,115,29
Roscommon Racing Results | 20th May 2024 18:20,N/A,18:20,Good,7f 86y,Breezy Zoff (IRE),G F Carroll,0,G P Cromwell,2nd,2 1/2 l,5,9-12ht,61,True,115,29
Roscommon Racing Results | 20th May 2024 18:20,N/A,18:20,Good,7f 86y,River Derwent,J J G Ryan,5,Thomas Coyle,1st,N/A,6,9-12b,61,True,115,29
Roscommon Racing Results | 20th May 2024 18:20,N/A,18:20,Good,7f 86y,Cherry Pink (IRE),D J Murphy,10,M Halford & T Collins,15th,1 1/4 l,4,9-4b,53,True,115,29
Roscommon Racing Results | 20th May 2024 18:20,N/A,18:20,Good,7f 86y,What Adaay,C J MacRedmond,5,P Martin,14th,5 1/2 l,6,8-12p,47,True,115,29
Roscommon Racing Results | 20th May 2024 18:20,N/A,18:20,Good,7f 86y,Queen Mab (IRE),D E Sheehy,0,M C Grassick,13th,1/2 l,4,8-13,48,True,115,29
Roscommon Racing Results | 20th May 2024 18:20,N/A,18:20,Good,7f 86y,Penguin Island,J A Heffernan,0,Robert Widger,12th,4 3/4 l,5,9-12,61,True,115,29
Roscommon Racing Results | 20th May 2024 18:20,N/A,18:20,Good,7f 86y,Jazz Dreamers (IRE),K G Kennedy,7,S Fahey,11th,9 1/2 l,6,9-12,61,True,115,29
Roscommon Racing Results | 20th May 2024 18:20,N/A,18:20,Good,7f 86y,Barnhill Rose,P A Harnett,5,D Hogan,10th,7 1/2 l,6,10-7p,70,True,115,29
Roscommon Racing Results | 20th May 2024 18:20,N/A,18:20,Good,7f 86y,Vikki Wall (IRE),Caragh Monaghan,10,Ian Donoghue,9th,Neck,4,9-10,59,True,115,29
Roscommon Racing Results | 20th May 2024 18:20,N/A,18:20,Good,7f 86y,Deuteronomy (IRE),S Foley,0,R P Burns,8th,Head,5,8-12t1,41,True,115,29
Roscommon Racing Results | 20th May 2024 18:20,N/A,18:20,Good,7f 86y,Lisamaria (IRE),R Whearty,5,P W Flynn,7th,1 1/4 l,5,8-13,48,True,115,29
Roscommon Racing Results | 20th May 2024 18:20,N/A,18:20,Good,7f 86y,Super Cub,J M Sheridan,0,D Hogan,6th,1 1/4 l,5,9-6b,55,True,115,29
Roscommon Racing Results | 20th May 2024 18:20,N/A,18:20,Good,7f 86y,On Our Radar (IRE),C Horgan,7,A Slattery,5th,3/4 l,4,10-1,64,True,115,29
Roscommon Racing Results | 20th May 2024 18:20,N/A,18:20,Good,7f 86y,Sneddy Eddie (IRE),M W Hassett,5,M M McNiff,4th,1/2 l,4,9-11,60,True,115,29
Roscommon Racing Results | 20th May 2024 18:20,N/A,18:20,Good,7f 86y,Calamint (IRE),C D Hayes,0,A Murray,3rd,Head,4,10-2,65,True,115,29
Roscommon Racing Results | 20th May 2024 18:20,N/A,18:20,Good,7f 86y,Breezy Zoff (IRE),G F Carroll,0,G P Cromwell,2nd,2 1/2 l,5,9-12ht,61,True,115,29
Roscommon Racing Results | 20th May 2024 18:20,N/A,18:20,Good,7f 86y,River Derwent,J J G Ryan,5,Thomas Coyle,1st,N/A,6,9-12b,61,True,115,29
Roscommon Racing Results | 20th May 2024 18:50,N/A,18:50,Good,1m 2f 58y,Kisiyra (IRE),B M Coen,0,J P Murtagh,11th,3 3/4 l,3,9-2p,-,True,115,30
Roscommon Racing Results | 20th May 2024 18:50,N/A,18:50,Good,1m 2f 58y,Wee Valerie (IRE),J A Heffernan,0,H P Finegan,10th,Head,7,10-2t,-,True,115,30
Roscommon Racing Results | 20th May 2024 18:50,N/A,18:50,Good,1m 2f 58y,Crypto Crash,L T McAteer,0,D Marnane,9th,3/4 l,3,9-7,-,True,115,30
Roscommon Racing Results | 20th May 2024 18:50,N/A,18:50,Good,1m 2f 58y,Stella Acclamata (IRE),R Whearty,5,K H Clarke,8th,8 1/2 l,4,10-2,-,True,115,30
Roscommon Racing Results | 20th May 2024 18:50,N/A,18:50,Good,1m 2f 58y,Slaney Swagger (IRE),R P Cleary,0,J S Bolger,7th,1 l,3,9-7p,-,True,115,30
Roscommon Racing Results | 20th May 2024 18:50,N/A,18:50,Good,1m 2f 58y,Mythical Rock (IRE),Gabriella Adela Hill,10,Barry J Fitzgerald,6th,1/2 l,3,9-7,-,True,115,30
Roscommon Racing Results | 20th May 2024 18:50,N/A,18:50,Good,1m 2f 58y,Double Agent (IRE),W M Lordan,0,A P O'Brien,5th,1/2 l,3,9-7b1,-,True,115,30
Roscommon Racing Results | 20th May 2024 18:50,N/A,18:50,Good,1m 2f 58y,Another Night (IRE),N M Crosse,0,Mrs J Harrington,4th,1/2 l,3,9-2,-,True,115,30
Roscommon Racing Results | 20th May 2024 18:50,N/A,18:50,Good,1m 2f 58y,Woottonpassit,R P Whelan,0,M Brassil,3rd,1 1/2 l,3,9-7,-,True,115,30
Roscommon Racing Results | 20th May 2024 18:50,N/A,18:50,Good,1m 2f 58y,It'sonlyjustbegun (IRE),S Foley,0,Mrs J Harrington,2nd,1 1/2 l,3,9-2,-,True,115,30
Roscommon Racing Results | 20th May 2024 18:50,N/A,18:50,Good,1m 2f 58y,Total Look (FR),G F Carroll,0,G P Cromwell,1st,N/A,3,9-7,-,True,115,30
Roscommon Racing Results | 20th May 2024 18:50,N/A,18:50,Good,1m 2f 58y,Kisiyra (IRE),B M Coen,0,J P Murtagh,11th,3 3/4 l,3,9-2p,-,True,115,30
Roscommon Racing Results | 20th May 2024 18:50,N/A,18:50,Good,1m 2f 58y,Wee Valerie (IRE),J A Heffernan,0,H P Finegan,10th,Head,7,10-2t,-,True,115,30
Roscommon Racing Results | 20th May 2024 18:50,N/A,18:50,Good,1m 2f 58y,Crypto Crash,L T McAteer,0,D Marnane,9th,3/4 l,3,9-7,-,True,115,30
Roscommon Racing Results | 20th May 2024 18:50,N/A,18:50,Good,1m 2f 58y,Stella Acclamata (IRE),R Whearty,5,K H Clarke,8th,8 1/2 l,4,10-2,-,True,115,30
Roscommon Racing Results | 20th May 2024 18:50,N/A,18:50,Good,1m 2f 58y,Slaney Swagger (IRE),R P Cleary,0,J S Bolger,7th,1 l,3,9-7p,-,True,115,30
Roscommon Racing Results | 20th May 2024 18:50,N/A,18:50,Good,1m 2f 58y,Mythical Rock (IRE),Gabriella Adela Hill,10,Barry J Fitzgerald,6th,1/2 l,3,9-7,-,True,115,30
Roscommon Racing Results | 20th May 2024 18:50,N/A,18:50,Good,1m 2f 58y,Double Agent (IRE),W M Lordan,0,A P O'Brien,5th,1/2 l,3,9-7b1,-,True,115,30
Roscommon Racing Results | 20th May 2024 18:50,N/A,18:50,Good,1m 2f 58y,Another Night (IRE),N M Crosse,0,Mrs J Harrington,4th,1/2 l,3,9-2,-,True,115,30
Roscommon Racing Results | 20th May 2024 18:50,N/A,18:50,Good,1m 2f 58y,Woottonpassit,R P Whelan,0,M Brassil,3rd,1 1/2 l,3,9-7,-,True,115,30
Roscommon Racing Results | 20th May 2024 18:50,N/A,18:50,Good,1m 2f 58y,It'sonlyjustbegun (IRE),S Foley,0,Mrs J Harrington,2nd,1 1/2 l,3,9-2,-,True,115,30
Roscommon Racing Results | 20th May 2024 18:50,N/A,18:50,Good,1m 2f 58y,Total Look (FR),G F Carroll,0,G P Cromwell,1st,N/A,3,9-7,-,True,115,30
Roscommon Racing Results | 20th May 2024 19:20,N/A,19:20,Good,1m 2f 58y,Magic Charm (IRE),M W Hassett,5,M Hassett,NR,N/A,8,8-9,61,True,115,31
Roscommon Racing Results | 20th May 2024 19:20,N/A,19:20,Good,1m 2f 58y,Emeric (IRE),C T Keane,0,P W Flynn,NR,N/A,7,9-5,71,True,115,31
Roscommon Racing Results | 20th May 2024 19:20,N/A,19:20,Good,1m 2f 58y,Turbulence (IRE),S Foley,0,R O'Sullivan,NR,N/A,7,9-5p1,71,True,115,31
Roscommon Racing Results | 20th May 2024 19:20,N/A,19:20,Good,1m 2f 58y,Belles Feuilles (FR),J A Heffernan,0,G Keane,8th,1 l,4,9-8,74,True,115,31
Roscommon Racing Results | 20th May 2024 19:20,N/A,19:20,Good,1m 2f 58y,Milteye,W J Lee,0,E J O'Grady,7th,3 l,4,9-6t,72,True,115,31
Roscommon Racing Results | 20th May 2024 19:20,N/A,19:20,Good,1m 2f 58y,True Statesman (IRE),C J MacRedmond,5,A McGuinness,6th,4 1/2 l,4,9-9b,75,True,115,31
Roscommon Racing Results | 20th May 2024 19:20,N/A,19:20,Good,1m 2f 58y,Spy,S P Davis,0,C Byrnes,5th,2 1/4 l,5,9-6,72,True,115,31
Roscommon Racing Results | 20th May 2024 19:20,N/A,19:20,Good,1m 2f 58y,Al Mudhaffar (IRE),D McMonagle,0,J P O'Brien,4th,1 1/4 l,3,9-0p1,80,True,115,31
Roscommon Racing Results | 20th May 2024 19:20,N/A,19:20,Good,1m 2f 58y,Cleopatra's Needle (IRE),C D Hayes,0,H Rogers,3rd,1/2 l,6,8-7b,59,True,115,31
Roscommon Racing Results | 20th May 2024 19:20,N/A,19:20,Good,1m 2f 58y,Theophilos (IRE),B M Coen,0,J P Murtagh,2nd,Neck,5,9-7,73,True,115,31
Roscommon Racing Results | 20th May 2024 19:20,N/A,19:20,Good,1m 2f 58y,Sea Eagle,J Cleary,7,Gerard O'Leary,1st,N/A,4,10-0,80,True,115,31
Roscommon Racing Results | 20th May 2024 19:20,N/A,19:20,Good,1m 2f 58y,Magic Charm (IRE),M W Hassett,5,M Hassett,NR,N/A,8,8-9,61,True,115,31
Roscommon Racing Results | 20th May 2024 19:20,N/A,19:20,Good,1m 2f 58y,Emeric (IRE),C T Keane,0,P W Flynn,NR,N/A,7,9-5,71,True,115,31
Roscommon Racing Results | 20th May 2024 19:20,N/A,19:20,Good,1m 2f 58y,Turbulence (IRE),S Foley,0,R O'Sullivan,NR,N/A,7,9-5p1,71,True,115,31
Roscommon Racing Results | 20th May 2024 19:20,N/A,19:20,Good,1m 2f 58y,Belles Feuilles (FR),J A Heffernan,0,G Keane,8th,1 l,4,9-8,74,True,115,31
Roscommon Racing Results | 20th May 2024 19:20,N/A,19:20,Good,1m 2f 58y,Milteye,W J Lee,0,E J O'Grady,7th,3 l,4,9-6t,72,True,115,31
Roscommon Racing Results | 20th May 2024 19:20,N/A,19:20,Good,1m 2f 58y,True Statesman (IRE),C J MacRedmond,5,A McGuinness,6th,4 1/2 l,4,9-9b,75,True,115,31
Roscommon Racing Results | 20th May 2024 19:20,N/A,19:20,Good,1m 2f 58y,Spy,S P Davis,0,C Byrnes,5th,2 1/4 l,5,9-6,72,True,115,31
Roscommon Racing Results | 20th May 2024 19:20,N/A,19:20,Good,1m 2f 58y,Al Mudhaffar (IRE),D McMonagle,0,J P O'Brien,4th,1 1/4 l,3,9-0p1,80,True,115,31
Roscommon Racing Results | 20th May 2024 19:20,N/A,19:20,Good,1m 2f 58y,Cleopatra's Needle (IRE),C D Hayes,0,H Rogers,3rd,1/2 l,6,8-7b,59,True,115,31
Roscommon Racing Results | 20th May 2024 19:20,N/A,19:20,Good,1m 2f 58y,Theophilos (IRE),B M Coen,0,J P Murtagh,2nd,Neck,5,9-7,73,True,115,31
Roscommon Racing Results | 20th May 2024 19:20,N/A,19:20,Good,1m 2f 58y,Sea Eagle,J Cleary,7,Gerard O'Leary,1st,N/A,4,10-0,80,True,115,31
Roscommon Racing Results | 20th May 2024 19:50,N/A,19:50,Good,1m 4f 14y,Rich Belief,R C Colgan,0,K Thornton,NR,N/A,7,9-12t,76,True,115,32
Roscommon Racing Results | 20th May 2024 19:50,N/A,19:50,Good,1m 4f 14y,Narlita (GER),C D Hayes,0,H Rogers,NR,N/A,5,9-8ht1,72,True,115,32
Roscommon Racing Results | 20th May 2024 19:50,N/A,19:50,Good,1m 4f 14y,Eikonix,G M Ryan,0,J J Hanlon,RR,N/A,6,9-12,76,True,115,32
Roscommon Racing Results | 20th May 2024 19:50,N/A,19:50,Good,1m 4f 14y,Luminous Light,S Foley,0,A McCann,9th,4 3/4 l,5,9-10h,74,True,115,32
Roscommon Racing Results | 20th May 2024 19:50,N/A,19:50,Good,1m 4f 14y,Johanna Whitty (IRE),R P Cleary,0,J S Bolger,8th,3/4 l,4,9-11p,75,True,115,32
Roscommon Racing Results | 20th May 2024 19:50,N/A,19:50,Good,1m 4f 14y,Duke Of Leggagh (IRE),G F Carroll,0,M Mulvany,7th,7 l,4,9-11t,75,True,115,32
Roscommon Racing Results | 20th May 2024 19:50,N/A,19:50,Good,1m 4f 14y,No Hassle (IRE),J M Sheridan,0,S K Ryder,6th,1 1/4 l,7,9-10,74,True,115,32
Roscommon Racing Results | 20th May 2024 19:50,N/A,19:50,Good,1m 4f 14y,Fairytale Princess (IRE),C T Keane,0,G M Lyons,5th,1/2 l,4,9-12,76,True,115,32
Roscommon Racing Results | 20th May 2024 19:50,N/A,19:50,Good,1m 4f 14y,Hallowed Star (IRE),W J Lee,0,J J Hanlon,4th,1/2 l,9,9-8,72,True,115,32
Roscommon Racing Results | 20th May 2024 19:50,N/A,19:50,Good,1m 4f 14y,Jabbar (IRE),C J MacRedmond,5,Gerard O'Leary,3rd,Neck,5,9-12,76,True,115,32
Roscommon Racing Results | 20th May 2024 19:50,N/A,19:50,Good,1m 4f 14y,Ameerat Jumaira,R P Whelan,0,M Halford & T Collins,2nd,1 3/4 l,4,10-0b,78,True,115,32
Roscommon Racing Results | 20th May 2024 19:50,N/A,19:50,Good,1m 4f 14y,Sixpack,B M Coen,0,J P Murtagh,1st,N/A,4,9-5,69,True,115,32
Roscommon Racing Results | 20th May 2024 19:50,N/A,19:50,Good,1m 4f 14y,Rich Belief,R C Colgan,0,K Thornton,NR,N/A,7,9-12t,76,True,115,32
Roscommon Racing Results | 20th May 2024 19:50,N/A,19:50,Good,1m 4f 14y,Narlita (GER),C D Hayes,0,H Rogers,NR,N/A,5,9-8ht1,72,True,115,32
Roscommon Racing Results | 20th May 2024 19:50,N/A,19:50,Good,1m 4f 14y,Eikonix,G M Ryan,0,J J Hanlon,RR,N/A,6,9-12,76,True,115,32
Roscommon Racing Results | 20th May 2024 19:50,N/A,19:50,Good,1m 4f 14y,Luminous Light,S Foley,0,A McCann,9th,4 3/4 l,5,9-10h,74,True,115,32
Roscommon Racing Results | 20th May 2024 19:50,N/A,19:50,Good,1m 4f 14y,Johanna Whitty (IRE),R P Cleary,0,J S Bolger,8th,3/4 l,4,9-11p,75,True,115,32
Roscommon Racing Results | 20th May 2024 19:50,N/A,19:50,Good,1m 4f 14y,Duke Of Leggagh (IRE),G F Carroll,0,M Mulvany,7th,7 l,4,9-11t,75,True,115,32
Roscommon Racing Results | 20th May 2024 19:50,N/A,19:50,Good,1m 4f 14y,No Hassle (IRE),J M Sheridan,0,S K Ryder,6th,1 1/4 l,7,9-10,74,True,115,32
Roscommon Racing Results | 20th May 2024 19:50,N/A,19:50,Good,1m 4f 14y,Fairytale Princess (IRE),C T Keane,0,G M Lyons,5th,1/2 l,4,9-12,76,True,115,32
Roscommon Racing Results | 20th May 2024 19:50,N/A,19:50,Good,1m 4f 14y,Hallowed Star (IRE),W J Lee,0,J J Hanlon,4th,1/2 l,9,9-8,72,True,115,32
Roscommon Racing Results | 20th May 2024 19:50,N/A,19:50,Good,1m 4f 14y,Jabbar (IRE),C J MacRedmond,5,Gerard O'Leary,3rd,Neck,5,9-12,76,True,115,32
Roscommon Racing Results | 20th May 2024 19:50,N/A,19:50,Good,1m 4f 14y,Ameerat Jumaira,R P Whelan,0,M Halford & T Collins,2nd,1 3/4 l,4,10-0b,78,True,115,32
Roscommon Racing Results | 20th May 2024 19:50,N/A,19:50,Good,1m 4f 14y,Sixpack,B M Coen,0,J P Murtagh,1st,N/A,4,9-5,69,True,115,32
Roscommon Racing Results | 20th May 2024 20:20,N/A,20:20,Good,1m 4f 14y,A Daughtersdelight (IRE),J J G Ryan,5,P Magee,9th,1/2 l,3,9-6t,65,True,115,33
Roscommon Racing Results | 20th May 2024 20:20,N/A,20:20,Good,1m 4f 14y,Liberty Looming (IRE),R P Cleary,0,J S Bolger,8th,4 3/4 l,3,8-13,58,True,115,33
Roscommon Racing Results | 20th May 2024 20:20,N/A,20:20,Good,1m 4f 14y,You Done Well (IRE),J A Heffernan,0,K Purcell,7th,6 l,3,9-1,60,True,115,33
Roscommon Racing Results | 20th May 2024 20:20,N/A,20:20,Good,1m 4f 14y,Galician Girl (IRE),Adam Caffrey,5,A McGuinness,6th,4 l,3,9-11,70,True,115,33
Roscommon Racing Results | 20th May 2024 20:20,N/A,20:20,Good,1m 4f 14y,Latin (IRE),J M Sheridan,0,D Hogan,5th,3 l,3,9-12t,71,True,115,33
Roscommon Racing Results | 20th May 2024 20:20,N/A,20:20,Good,1m 4f 14y,Waystar (IRE),Siobhan Rutledge,3,J C McConnell,4th,1/2 l,3,8-7,47,True,115,33
Roscommon Racing Results | 20th May 2024 20:20,N/A,20:20,Good,1m 4f 14y,Dont Do Dramas (IRE),J A Powell,3,M Mulvany,3rd,1 1/4 l,3,9-8,67,True,115,33
Roscommon Racing Results | 20th May 2024 20:20,N/A,20:20,Good,1m 4f 14y,Solar Drive (IRE),C T Keane,0,P W Flynn,2nd,1 l,3,9-3,62,True,115,33
Roscommon Racing Results | 20th May 2024 20:20,N/A,20:20,Good,1m 4f 14y,Granite Bay,R P Whelan,0,J P Fahey,1st,N/A,3,9-12,71,True,115,33
Roscommon Racing Results | 20th May 2024 20:20,N/A,20:20,Good,1m 4f 14y,A Daughtersdelight (IRE),J J G Ryan,5,P Magee,9th,1/2 l,3,9-6t,65,True,115,33
Roscommon Racing Results | 20th May 2024 20:20,N/A,20:20,Good,1m 4f 14y,Liberty Looming (IRE),R P Cleary,0,J S Bolger,8th,4 3/4 l,3,8-13,58,True,115,33
Roscommon Racing Results | 20th May 2024 20:20,N/A,20:20,Good,1m 4f 14y,You Done Well (IRE),J A Heffernan,0,K Purcell,7th,6 l,3,9-1,60,True,115,33
Roscommon Racing Results | 20th May 2024 20:20,N/A,20:20,Good,1m 4f 14y,Galician Girl (IRE),Adam Caffrey,5,A McGuinness,6th,4 l,3,9-11,70,True,115,33
Roscommon Racing Results | 20th May 2024 20:20,N/A,20:20,Good,1m 4f 14y,Latin (IRE),J M Sheridan,0,D Hogan,5th,3 l,3,9-12t,71,True,115,33
Roscommon Racing Results | 20th May 2024 20:20,N/A,20:20,Good,1m 4f 14y,Waystar (IRE),Siobhan Rutledge,3,J C McConnell,4th,1/2 l,3,8-7,47,True,115,33
Roscommon Racing Results | 20th May 2024 20:20,N/A,20:20,Good,1m 4f 14y,Dont Do Dramas (IRE),J A Powell,3,M Mulvany,3rd,1 1/4 l,3,9-8,67,True,115,33
Roscommon Racing Results | 20th May 2024 20:20,N/A,20:20,Good,1m 4f 14y,Solar Drive (IRE),C T Keane,0,P W Flynn,2nd,1 l,3,9-3,62,True,115,33
Roscommon Racing Results | 20th May 2024 20:20,N/A,20:20,Good,1m 4f 14y,Granite Bay,R P Whelan,0,J P Fahey,1st,N/A,3,9-12,71,True,115,33
Punchestown Racing Results | 21st May 2024 13:25,N/A,13:25,Good To Yielding (Yielding In Places),2m,Morning Soldier (IRE),J B Foley,0,T Mullins,NR,N/A,5,11-12t,-,True,115,34
Punchestown Racing Results | 21st May 2024 13:25,N/A,13:25,Good To Yielding (Yielding In Places),2m,Arthur's Victory (IRE),G Brouder,5,J Nash,F,N/A,6,11-5,-,True,115,34
Punchestown Racing Results | 21st May 2024 13:25,N/A,13:25,Good To Yielding (Yielding In Places),2m,Clonshire River (IRE),R A Doyle,0,E & P Harty,F,N/A,7,11-12t,-,True,115,34
Punchestown Racing Results | 21st May 2024 13:25,N/A,13:25,Good To Yielding (Yielding In Places),2m,Harvest Station (IRE),B P Kennedy,7,P W Flynn,13th,49 l,4,11-6t1,-,True,115,34
Punchestown Racing Results | 21st May 2024 13:25,N/A,13:25,Good To Yielding (Yielding In Places),2m,Do The Math (IRE),K E Buckley,0,S Crawley,12th,2 l,5,11-12,-,True,115,34
Punchestown Racing Results | 21st May 2024 13:25,N/A,13:25,Good To Yielding (Yielding In Places),2m,The Greek Mason (IRE),J P Shinnick,7,W J Burke,11th,25 l,5,11-12,-,True,115,34
Punchestown Racing Results | 21st May 2024 13:25,N/A,13:25,Good To Yielding (Yielding In Places),2m,Mr Mcwhinny (IRE),J G Gilligan,7,P J Gilligan,10th,Neck,6,11-12,-,True,115,34
Punchestown Racing Results | 21st May 2024 13:25,N/A,13:25,Good To Yielding (Yielding In Places),2m,Medadthebookie,D E Mullins,0,E Buckley,9th,2 3/4 l,4,11-6,-,True,115,34
Punchestown Racing Results | 21st May 2024 13:25,N/A,13:25,Good To Yielding (Yielding In Places),2m,Blackcastle Storm,J Smith,7,M J Smith,8th,4 l,7,11-12ht,-,True,115,34
Punchestown Racing Results | 21st May 2024 13:25,N/A,13:25,Good To Yielding (Yielding In Places),2m,Nevereverever (IRE),S D Torrens,0,J J Murphy,7th,2 l,5,11-12,-,True,115,34
Punchestown Racing Results | 21st May 2024 13:25,N/A,13:25,Good To Yielding (Yielding In Places),2m,Fear The Deere (IRE),Mr D Doyle,7,T Doyle,6th,9 l,6,11-12,-,True,115,34
Punchestown Racing Results | 21st May 2024 13:25,N/A,13:25,Good To Yielding (Yielding In Places),2m,Autocrat (IRE),D King,0,D Hogan,5th,5 l,4,11-6,-,True,115,34
Punchestown Racing Results | 21st May 2024 13:25,N/A,13:25,Good To Yielding (Yielding In Places),2m,Sirekoff (IRE),Shane Fenelon,7,J J Hanlon,4th,1 1/4 l,5,11-12,-,True,115,34
Punchestown Racing Results | 21st May 2024 13:25,N/A,13:25,Good To Yielding (Yielding In Places),2m,My Policy (IRE),P M O'Brien,7,P Rooney,3rd,14 l,5,11-5p1,-,True,115,34
Punchestown Racing Results | 21st May 2024 13:25,N/A,13:25,Good To Yielding (Yielding In Places),2m,Omniscient,Sam Ewing,0,G Elliott,2nd,1 1/4 l,5,11-12,-,True,115,34
Punchestown Racing Results | 21st May 2024 13:25,N/A,13:25,Good To Yielding (Yielding In Places),2m,Mywayofthinkin (IRE),M P Walsh,0,G P Cromwell,1st,N/A,5,11-12,-,True,115,34
Punchestown Racing Results | 21st May 2024 13:25,N/A,13:25,Good To Yielding (Yielding In Places),2m,Morning Soldier (IRE),J B Foley,0,T Mullins,NR,N/A,5,11-12t,-,True,115,34
Punchestown Racing Results | 21st May 2024 13:25,N/A,13:25,Good To Yielding (Yielding In Places),2m,Arthur's Victory (IRE),G Brouder,5,J Nash,F,N/A,6,11-5,-,True,115,34
Punchestown Racing Results | 21st May 2024 13:25,N/A,13:25,Good To Yielding (Yielding In Places),2m,Clonshire River (IRE),R A Doyle,0,E & P Harty,F,N/A,7,11-12t,-,True,115,34
Punchestown Racing Results | 21st May 2024 13:25,N/A,13:25,Good To Yielding (Yielding In Places),2m,Harvest Station (IRE),B P Kennedy,7,P W Flynn,13th,49 l,4,11-6t1,-,True,115,34
Punchestown Racing Results | 21st May 2024 13:25,N/A,13:25,Good To Yielding (Yielding In Places),2m,Do The Math (IRE),K E Buckley,0,S Crawley,12th,2 l,5,11-12,-,True,115,34
Punchestown Racing Results | 21st May 2024 13:25,N/A,13:25,Good To Yielding (Yielding In Places),2m,The Greek Mason (IRE),J P Shinnick,7,W J Burke,11th,25 l,5,11-12,-,True,115,34
Punchestown Racing Results | 21st May 2024 13:25,N/A,13:25,Good To Yielding (Yielding In Places),2m,Mr Mcwhinny (IRE),J G Gilligan,7,P J Gilligan,10th,Neck,6,11-12,-,True,115,34
Punchestown Racing Results | 21st May 2024 13:25,N/A,13:25,Good To Yielding (Yielding In Places),2m,Medadthebookie,D E Mullins,0,E Buckley,9th,2 3/4 l,4,11-6,-,True,115,34
Punchestown Racing Results | 21st May 2024 13:25,N/A,13:25,Good To Yielding (Yielding In Places),2m,Blackcastle Storm,J Smith,7,M J Smith,8th,4 l,7,11-12ht,-,True,115,34
Punchestown Racing Results | 21st May 2024 13:25,N/A,13:25,Good To Yielding (Yielding In Places),2m,Nevereverever (IRE),S D Torrens,0,J J Murphy,7th,2 l,5,11-12,-,True,115,34
Punchestown Racing Results | 21st May 2024 13:25,N/A,13:25,Good To Yielding (Yielding In Places),2m,Fear The Deere (IRE),Mr D Doyle,7,T Doyle,6th,9 l,6,11-12,-,True,115,34
Punchestown Racing Results | 21st May 2024 13:25,N/A,13:25,Good To Yielding (Yielding In Places),2m,Autocrat (IRE),D King,0,D Hogan,5th,5 l,4,11-6,-,True,115,34
Punchestown Racing Results | 21st May 2024 13:25,N/A,13:25,Good To Yielding (Yielding In Places),2m,Sirekoff (IRE),Shane Fenelon,7,J J Hanlon,4th,1 1/4 l,5,11-12,-,True,115,34
Punchestown Racing Results | 21st May 2024 13:25,N/A,13:25,Good To Yielding (Yielding In Places),2m,My Policy (IRE),P M O'Brien,7,P Rooney,3rd,14 l,5,11-5p1,-,True,115,34
Punchestown Racing Results | 21st May 2024 13:25,N/A,13:25,Good To Yielding (Yielding In Places),2m,Omniscient,Sam Ewing,0,G Elliott,2nd,1 1/4 l,5,11-12,-,True,115,34
Punchestown Racing Results | 21st May 2024 13:25,N/A,13:25,Good To Yielding (Yielding In Places),2m,Mywayofthinkin (IRE),M P Walsh,0,G P Cromwell,1st,N/A,5,11-12,-,True,115,34
Punchestown Racing Results | 21st May 2024 13:55,N/A,13:55,Good To Yielding (Yielding In Places),2m,Silent Dawn (IRE),Non Runner,0,A Murray,NR,N/A,5,11-12,-,True,115,35
Punchestown Racing Results | 21st May 2024 13:55,N/A,13:55,Good To Yielding (Yielding In Places),2m,Another Challenge (IRE),J I Duggan,7,O McKiernan,NR,N/A,4,11-6,-,True,115,35
Punchestown Racing Results | 21st May 2024 13:55,N/A,13:55,Good To Yielding (Yielding In Places),2m,Lucy Rocco (IRE),E Walsh,0,T O'Connor,NR,N/A,5,11-5h,-,True,115,35
Punchestown Racing Results | 21st May 2024 13:55,N/A,13:55,Good To Yielding (Yielding In Places),2m,Yourenotthebossame (IRE),K C Sexton,0,G Elliott,PU,N/A,5,11-5,-,True,115,35
Punchestown Racing Results | 21st May 2024 13:55,N/A,13:55,Good To Yielding (Yielding In Places),2m,Starita (IRE),D J O'Keeffe,0,W J Burke,14th,18 l,6,11-5,-,True,115,35
Punchestown Racing Results | 21st May 2024 13:55,N/A,13:55,Good To Yielding (Yielding In Places),2m,Wepushourlucksofar (IRE),M M McDonagh,0,N F Glynn,13th,12 l,6,11-12,-,True,115,35
Punchestown Racing Results | 21st May 2024 13:55,N/A,13:55,Good To Yielding (Yielding In Places),2m,Jim's Cracker,J J Slevin,0,D A McLoughlin,12th,1/2 l,4,11-6,-,True,115,35
Punchestown Racing Results | 21st May 2024 13:55,N/A,13:55,Good To Yielding (Yielding In Places),2m,Zero Fighter (IRE),D J Gilligan,3,E D Delany,11th,1 3/4 l,4,11-6,-,True,115,35
Punchestown Racing Results | 21st May 2024 13:55,N/A,13:55,Good To Yielding (Yielding In Places),2m,Mortimer Duke,Mr F Maguire,0,B Connell,10th,2 1/2 l,4,11-6,-,True,115,35
Punchestown Racing Results | 21st May 2024 13:55,N/A,13:55,Good To Yielding (Yielding In Places),2m,Ol Man Dingle (IRE),R A Doyle,0,E Griffin,9th,Neck,5,11-12,-,True,115,35
Punchestown Racing Results | 21st May 2024 13:55,N/A,13:55,Good To Yielding (Yielding In Places),2m,Highland King (IRE),D A Kidd,7,J C McConnell,8th,9 1/2 l,5,11-12,-,True,115,35
Punchestown Racing Results | 21st May 2024 13:55,N/A,13:55,Good To Yielding (Yielding In Places),2m,Leabaland (IRE),C G O'Dwyer,5,M M Lynch,7th,1 1/2 l,7,11-12,-,True,115,35
Punchestown Racing Results | 21st May 2024 13:55,N/A,13:55,Good To Yielding (Yielding In Places),2m,Bodybuilder (GER),Sam Ewing,0,G Elliott,6th,6 l,6,11-12,-,True,115,35
Punchestown Racing Results | 21st May 2024 13:55,N/A,13:55,Good To Yielding (Yielding In Places),2m,Jhentong Enki (FR),S W Flanagan,0,P Nolan,5th,1 l,5,11-12t,-,True,115,35
Punchestown Racing Results | 21st May 2024 13:55,N/A,13:55,Good To Yielding (Yielding In Places),2m,Bold Brook (IRE),J C Gainford,0,C Collins,4th,4 1/2 l,6,11-12p,-,True,115,35
Punchestown Racing Results | 21st May 2024 13:55,N/A,13:55,Good To Yielding (Yielding In Places),2m,Martinstown (IRE),M P Walsh,0,P Roche,3rd,9 l,5,11-12,-,True,115,35
Punchestown Racing Results | 21st May 2024 13:55,N/A,13:55,Good To Yielding (Yielding In Places),2m,Starcrossed Lover (IRE),C Stone-Walsh,5,Colm Murphy,2nd,9 l,5,11-12,-,True,115,35
Punchestown Racing Results | 21st May 2024 13:55,N/A,13:55,Good To Yielding (Yielding In Places),2m,Belloccio (FR),P Townend,0,W P Mullins,1st,N/A,6,11-12t1,-,True,115,35
Punchestown Racing Results | 21st May 2024 13:55,N/A,13:55,Good To Yielding (Yielding In Places),2m,Silent Dawn (IRE),Non Runner,0,A Murray,NR,N/A,5,11-12,-,True,115,35
Punchestown Racing Results | 21st May 2024 13:55,N/A,13:55,Good To Yielding (Yielding In Places),2m,Another Challenge (IRE),J I Duggan,7,O McKiernan,NR,N/A,4,11-6,-,True,115,35
Punchestown Racing Results | 21st May 2024 13:55,N/A,13:55,Good To Yielding (Yielding In Places),2m,Lucy Rocco (IRE),E Walsh,0,T O'Connor,NR,N/A,5,11-5h,-,True,115,35
Punchestown Racing Results | 21st May 2024 13:55,N/A,13:55,Good To Yielding (Yielding In Places),2m,Yourenotthebossame (IRE),K C Sexton,0,G Elliott,PU,N/A,5,11-5,-,True,115,35
Punchestown Racing Results | 21st May 2024 13:55,N/A,13:55,Good To Yielding (Yielding In Places),2m,Starita (IRE),D J O'Keeffe,0,W J Burke,14th,18 l,6,11-5,-,True,115,35
Punchestown Racing Results | 21st May 2024 13:55,N/A,13:55,Good To Yielding (Yielding In Places),2m,Wepushourlucksofar (IRE),M M McDonagh,0,N F Glynn,13th,12 l,6,11-12,-,True,115,35
Punchestown Racing Results | 21st May 2024 13:55,N/A,13:55,Good To Yielding (Yielding In Places),2m,Jim's Cracker,J J Slevin,0,D A McLoughlin,12th,1/2 l,4,11-6,-,True,115,35
Punchestown Racing Results | 21st May 2024 13:55,N/A,13:55,Good To Yielding (Yielding In Places),2m,Zero Fighter (IRE),D J Gilligan,3,E D Delany,11th,1 3/4 l,4,11-6,-,True,115,35
Punchestown Racing Results | 21st May 2024 13:55,N/A,13:55,Good To Yielding (Yielding In Places),2m,Mortimer Duke,Mr F Maguire,0,B Connell,10th,2 1/2 l,4,11-6,-,True,115,35
Punchestown Racing Results | 21st May 2024 13:55,N/A,13:55,Good To Yielding (Yielding In Places),2m,Ol Man Dingle (IRE),R A Doyle,0,E Griffin,9th,Neck,5,11-12,-,True,115,35
Punchestown Racing Results | 21st May 2024 13:55,N/A,13:55,Good To Yielding (Yielding In Places),2m,Highland King (IRE),D A Kidd,7,J C McConnell,8th,9 1/2 l,5,11-12,-,True,115,35
Punchestown Racing Results | 21st May 2024 13:55,N/A,13:55,Good To Yielding (Yielding In Places),2m,Leabaland (IRE),C G O'Dwyer,5,M M Lynch,7th,1 1/2 l,7,11-12,-,True,115,35
Punchestown Racing Results | 21st May 2024 13:55,N/A,13:55,Good To Yielding (Yielding In Places),2m,Bodybuilder (GER),Sam Ewing,0,G Elliott,6th,6 l,6,11-12,-,True,115,35
Punchestown Racing Results | 21st May 2024 13:55,N/A,13:55,Good To Yielding (Yielding In Places),2m,Jhentong Enki (FR),S W Flanagan,0,P Nolan,5th,1 l,5,11-12t,-,True,115,35
Punchestown Racing Results | 21st May 2024 13:55,N/A,13:55,Good To Yielding (Yielding In Places),2m,Bold Brook (IRE),J C Gainford,0,C Collins,4th,4 1/2 l,6,11-12p,-,True,115,35
Punchestown Racing Results | 21st May 2024 13:55,N/A,13:55,Good To Yielding (Yielding In Places),2m,Martinstown (IRE),M P Walsh,0,P Roche,3rd,9 l,5,11-12,-,True,115,35
Punchestown Racing Results | 21st May 2024 13:55,N/A,13:55,Good To Yielding (Yielding In Places),2m,Starcrossed Lover (IRE),C Stone-Walsh,5,Colm Murphy,2nd,9 l,5,11-12,-,True,115,35
Punchestown Racing Results | 21st May 2024 13:55,N/A,13:55,Good To Yielding (Yielding In Places),2m,Belloccio (FR),P Townend,0,W P Mullins,1st,N/A,6,11-12t1,-,True,115,35
Punchestown Racing Results | 21st May 2024 14:28,N/A,14:28,Good To Yielding (Yielding In Places),2m,The Cooleen (IRE),L Quinlan,3,Richard Morrissey,NR,N/A,5,11-0t,88,True,115,36
Punchestown Racing Results | 21st May 2024 14:28,N/A,14:28,Good To Yielding (Yielding In Places),2m,Sayitfirst (IRE),J G Gilligan,7,D Collins,PU,N/A,8,11-2,90,True,115,36
Punchestown Racing Results | 21st May 2024 14:28,N/A,14:28,Good To Yielding (Yielding In Places),2m,Got To Fly (IRE),A P Kelly,5,J P Dempsey,PU,N/A,6,11-9,97,True,115,36
Punchestown Racing Results | 21st May 2024 14:28,N/A,14:28,Good To Yielding (Yielding In Places),2m,Lake Manzaleh,M M McDonagh,0,P Griffin,PU,N/A,5,10-13t,87,True,115,36
Punchestown Racing Results | 21st May 2024 14:28,N/A,14:28,Good To Yielding (Yielding In Places),2m,Bedelia (IRE),Shane Fenelon,7,J J Hanlon,14th,42 l,4,10-9t,89,True,115,36
Punchestown Racing Results | 21st May 2024 14:28,N/A,14:28,Good To Yielding (Yielding In Places),2m,Shahbaz (IRE),K M Donoghue,0,G P Cromwell,13th,4 l,4,11-4,98,True,115,36
Punchestown Racing Results | 21st May 2024 14:28,N/A,14:28,Good To Yielding (Yielding In Places),2m,Fox Leicester (IRE),Niall Moore,7,J M Burke,12th,4 3/4 l,8,11-9h1,97,True,115,36
Punchestown Racing Results | 21st May 2024 14:28,N/A,14:28,Good To Yielding (Yielding In Places),2m,Scott Lang (IRE),B P Kennedy,7,P W Flynn,11th,4 1/2 l,7,12-0p,102,True,115,36
Punchestown Racing Results | 21st May 2024 14:28,N/A,14:28,Good To Yielding (Yielding In Places),2m,In For The Night (IRE),M P Walsh,0,D McDonogh,10th,5 1/2 l,6,11-10,98,True,115,36
Punchestown Racing Results | 21st May 2024 14:28,N/A,14:28,Good To Yielding (Yielding In Places),2m,Container Madness (IRE),R A Doyle,0,M Brassil,9th,9 l,5,11-4,92,True,115,36
Punchestown Racing Results | 21st May 2024 14:28,N/A,14:28,Good To Yielding (Yielding In Places),2m,Fort Randall (IRE),J S McGarvey,0,J J Hanlon,8th,4 l,5,11-6,94,True,115,36
Punchestown Racing Results | 21st May 2024 14:28,N/A,14:28,Good To Yielding (Yielding In Places),2m,Hillsdale (IRE),Sam Ewing,0,J P Dempsey,7th,3 1/2 l,5,12-0,102,True,115,36
Punchestown Racing Results | 21st May 2024 14:28,N/A,14:28,Good To Yielding (Yielding In Places),2m,Springboard (IRE),C M Quirke,5,M J McDonagh,6th,1 1/2 l,5,10-13,87,True,115,36
Punchestown Racing Results | 21st May 2024 14:28,N/A,14:28,Good To Yielding (Yielding In Places),2m,Tannery Park,M J M O'Sullivan,0,B Connell,5th,6 l,4,10-13,93,True,115,36
Punchestown Racing Results | 21st May 2024 14:28,N/A,14:28,Good To Yielding (Yielding In Places),2m,Edge Of My Seat (IRE),S D Torrens,0,A A Howard,4th,1/2 l,6,11-2h,90,True,115,36
Punchestown Racing Results | 21st May 2024 14:28,N/A,14:28,Good To Yielding (Yielding In Places),2m,Son Of Hypnos (IRE),J Smith,7,K Smith,3rd,2 1/4 l,7,12-0tp,102,True,115,36
Punchestown Racing Results | 21st May 2024 14:28,N/A,14:28,Good To Yielding (Yielding In Places),2m,Steps In The Sand (IRE),E Walsh,0,C Collins,2nd,4 l,5,10-13,87,True,115,36
Punchestown Racing Results | 21st May 2024 14:28,N/A,14:28,Good To Yielding (Yielding In Places),2m,Makfils (FR),J Coen,5,Peter Fahey,1st,N/A,7,11-4t,92,True,115,36
Punchestown Racing Results | 21st May 2024 14:28,N/A,14:28,Good To Yielding (Yielding In Places),2m,The Cooleen (IRE),L Quinlan,3,Richard Morrissey,NR,N/A,5,11-0t,88,True,115,36
Punchestown Racing Results | 21st May 2024 14:28,N/A,14:28,Good To Yielding (Yielding In Places),2m,Sayitfirst (IRE),J G Gilligan,7,D Collins,PU,N/A,8,11-2,90,True,115,36
Punchestown Racing Results | 21st May 2024 14:28,N/A,14:28,Good To Yielding (Yielding In Places),2m,Got To Fly (IRE),A P Kelly,5,J P Dempsey,PU,N/A,6,11-9,97,True,115,36
Punchestown Racing Results | 21st May 2024 14:28,N/A,14:28,Good To Yielding (Yielding In Places),2m,Lake Manzaleh,M M McDonagh,0,P Griffin,PU,N/A,5,10-13t,87,True,115,36
Punchestown Racing Results | 21st May 2024 14:28,N/A,14:28,Good To Yielding (Yielding In Places),2m,Bedelia (IRE),Shane Fenelon,7,J J Hanlon,14th,42 l,4,10-9t,89,True,115,36
Punchestown Racing Results | 21st May 2024 14:28,N/A,14:28,Good To Yielding (Yielding In Places),2m,Shahbaz (IRE),K M Donoghue,0,G P Cromwell,13th,4 l,4,11-4,98,True,115,36
Punchestown Racing Results | 21st May 2024 14:28,N/A,14:28,Good To Yielding (Yielding In Places),2m,Fox Leicester (IRE),Niall Moore,7,J M Burke,12th,4 3/4 l,8,11-9h1,97,True,115,36
Punchestown Racing Results | 21st May 2024 14:28,N/A,14:28,Good To Yielding (Yielding In Places),2m,Scott Lang (IRE),B P Kennedy,7,P W Flynn,11th,4 1/2 l,7,12-0p,102,True,115,36
Punchestown Racing Results | 21st May 2024 14:28,N/A,14:28,Good To Yielding (Yielding In Places),2m,In For The Night (IRE),M P Walsh,0,D McDonogh,10th,5 1/2 l,6,11-10,98,True,115,36
Punchestown Racing Results | 21st May 2024 14:28,N/A,14:28,Good To Yielding (Yielding In Places),2m,Container Madness (IRE),R A Doyle,0,M Brassil,9th,9 l,5,11-4,92,True,115,36
Punchestown Racing Results | 21st May 2024 14:28,N/A,14:28,Good To Yielding (Yielding In Places),2m,Fort Randall (IRE),J S McGarvey,0,J J Hanlon,8th,4 l,5,11-6,94,True,115,36
Punchestown Racing Results | 21st May 2024 14:28,N/A,14:28,Good To Yielding (Yielding In Places),2m,Hillsdale (IRE),Sam Ewing,0,J P Dempsey,7th,3 1/2 l,5,12-0,102,True,115,36
Punchestown Racing Results | 21st May 2024 14:28,N/A,14:28,Good To Yielding (Yielding In Places),2m,Springboard (IRE),C M Quirke,5,M J McDonagh,6th,1 1/2 l,5,10-13,87,True,115,36
Punchestown Racing Results | 21st May 2024 14:28,N/A,14:28,Good To Yielding (Yielding In Places),2m,Tannery Park,M J M O'Sullivan,0,B Connell,5th,6 l,4,10-13,93,True,115,36
Punchestown Racing Results | 21st May 2024 14:28,N/A,14:28,Good To Yielding (Yielding In Places),2m,Edge Of My Seat (IRE),S D Torrens,0,A A Howard,4th,1/2 l,6,11-2h,90,True,115,36
Punchestown Racing Results | 21st May 2024 14:28,N/A,14:28,Good To Yielding (Yielding In Places),2m,Son Of Hypnos (IRE),J Smith,7,K Smith,3rd,2 1/4 l,7,12-0tp,102,True,115,36
Punchestown Racing Results | 21st May 2024 14:28,N/A,14:28,Good To Yielding (Yielding In Places),2m,Steps In The Sand (IRE),E Walsh,0,C Collins,2nd,4 l,5,10-13,87,True,115,36
Punchestown Racing Results | 21st May 2024 14:28,N/A,14:28,Good To Yielding (Yielding In Places),2m,Makfils (FR),J Coen,5,Peter Fahey,1st,N/A,7,11-4t,92,True,115,36
Punchestown Racing Results | 21st May 2024 14:58,N/A,14:58,Good To Yielding (Yielding In Places),2m 4f,Monsant (IRE),B Hayes,0,Colm Murphy,NR,N/A,6,11-12,-,True,115,37
Punchestown Racing Results | 21st May 2024 14:58,N/A,14:58,Good To Yielding (Yielding In Places),2m 4f,Kyusha (IRE),Shane Fenelon,7,J J Hanlon,16th,26 l,6,11-5b1,-,True,115,37
Punchestown Racing Results | 21st May 2024 14:58,N/A,14:58,Good To Yielding (Yielding In Places),2m 4f,Strawberry Diamond (IRE),J J Slevin,0,L Casey,15th,4 3/4 l,5,11-5p1,-,True,115,37
Punchestown Racing Results | 21st May 2024 14:58,N/A,14:58,Good To Yielding (Yielding In Places),2m 4f,Walk The Plank (IRE),J S McGarvey,0,J J Hanlon,14th,1 1/2 l,4,11-4,-,True,115,37
Punchestown Racing Results | 21st May 2024 14:58,N/A,14:58,Good To Yielding (Yielding In Places),2m 4f,Camino Rock,R A Doyle,0,M F Morris,13th,4 l,7,11-12t,-,True,115,37
Punchestown Racing Results | 21st May 2024 14:58,N/A,14:58,Good To Yielding (Yielding In Places),2m 4f,Fix It For Me (IRE),L A McKenna,5,Colm Murphy,12th,11 l,5,11-5,-,True,115,37
Punchestown Racing Results | 21st May 2024 14:58,N/A,14:58,Good To Yielding (Yielding In Places),2m 4f,Navy Guitar (IRE),S W Flanagan,0,A Murray,11th,2 l,5,11-12,-,True,115,37
Punchestown Racing Results | 21st May 2024 14:58,N/A,14:58,Good To Yielding (Yielding In Places),2m 4f,Nawraq (IRE),J Smith,7,K Smith,10th,3/4 l,5,11-12tp,-,True,115,37
Punchestown Racing Results | 21st May 2024 14:58,N/A,14:58,Good To Yielding (Yielding In Places),2m 4f,Klassman (IRE),K E Buckley,0,S Nolan,9th,18 l,6,11-12,-,True,115,37
Punchestown Racing Results | 21st May 2024 14:58,N/A,14:58,Good To Yielding (Yielding In Places),2m 4f,Skyscraper (FR),D King,0,G Keane,8th,1 1/4 l,5,11-12t1,-,True,115,37
Punchestown Racing Results | 21st May 2024 14:58,N/A,14:58,Good To Yielding (Yielding In Places),2m 4f,Wolfhill (IRE),C M Quirke,5,M J Bowe,7th,9 l,6,11-12,-,True,115,37
Punchestown Racing Results | 21st May 2024 14:58,N/A,14:58,Good To Yielding (Yielding In Places),2m 4f,Built By Rossies (IRE),D J O'Keeffe,0,T Gibney,6th,3/4 l,5,11-5,-,True,115,37
Punchestown Racing Results | 21st May 2024 14:58,N/A,14:58,Good To Yielding (Yielding In Places),2m 4f,Light Fandango (IRE),C Stone-Walsh,5,Colm Murphy,5th,1 1/4 l,5,11-12t1,-,True,115,37
Punchestown Racing Results | 21st May 2024 14:58,N/A,14:58,Good To Yielding (Yielding In Places),2m 4f,Presenting Max (IRE),D Meyler,0,G Keane,4th,1/2 l,5,11-12,-,True,115,37
Punchestown Racing Results | 21st May 2024 14:58,N/A,14:58,Good To Yielding (Yielding In Places),2m 4f,Lightkeeper (IRE),Sam Ewing,0,G Elliott,3rd,14 l,6,11-12,-,True,115,37
Punchestown Racing Results | 21st May 2024 14:58,N/A,14:58,Good To Yielding (Yielding In Places),2m 4f,Syracus Du Houx (FR),P T Enright,0,O McKiernan,2nd,1 1/4 l,6,11-12,-,True,115,37
Punchestown Racing Results | 21st May 2024 14:58,N/A,14:58,Good To Yielding (Yielding In Places),2m 4f,Fenway Park (IRE),K M Donoghue,0,G P Cromwell,1st,N/A,5,11-12,-,True,115,37
Punchestown Racing Results | 21st May 2024 14:58,N/A,14:58,Good To Yielding (Yielding In Places),2m 4f,Monsant (IRE),B Hayes,0,Colm Murphy,NR,N/A,6,11-12,-,True,115,37
Punchestown Racing Results | 21st May 2024 14:58,N/A,14:58,Good To Yielding (Yielding In Places),2m 4f,Kyusha (IRE),Shane Fenelon,7,J J Hanlon,16th,26 l,6,11-5b1,-,True,115,37
Punchestown Racing Results | 21st May 2024 14:58,N/A,14:58,Good To Yielding (Yielding In Places),2m 4f,Strawberry Diamond (IRE),J J Slevin,0,L Casey,15th,4 3/4 l,5,11-5p1,-,True,115,37
Punchestown Racing Results | 21st May 2024 14:58,N/A,14:58,Good To Yielding (Yielding In Places),2m 4f,Walk The Plank (IRE),J S McGarvey,0,J J Hanlon,14th,1 1/2 l,4,11-4,-,True,115,37
Punchestown Racing Results | 21st May 2024 14:58,N/A,14:58,Good To Yielding (Yielding In Places),2m 4f,Camino Rock,R A Doyle,0,M F Morris,13th,4 l,7,11-12t,-,True,115,37
Punchestown Racing Results | 21st May 2024 14:58,N/A,14:58,Good To Yielding (Yielding In Places),2m 4f,Fix It For Me (IRE),L A McKenna,5,Colm Murphy,12th,11 l,5,11-5,-,True,115,37
Punchestown Racing Results | 21st May 2024 14:58,N/A,14:58,Good To Yielding (Yielding In Places),2m 4f,Navy Guitar (IRE),S W Flanagan,0,A Murray,11th,2 l,5,11-12,-,True,115,37
Punchestown Racing Results | 21st May 2024 14:58,N/A,14:58,Good To Yielding (Yielding In Places),2m 4f,Nawraq (IRE),J Smith,7,K Smith,10th,3/4 l,5,11-12tp,-,True,115,37
Punchestown Racing Results | 21st May 2024 14:58,N/A,14:58,Good To Yielding (Yielding In Places),2m 4f,Klassman (IRE),K E Buckley,0,S Nolan,9th,18 l,6,11-12,-,True,115,37
Punchestown Racing Results | 21st May 2024 14:58,N/A,14:58,Good To Yielding (Yielding In Places),2m 4f,Skyscraper (FR),D King,0,G Keane,8th,1 1/4 l,5,11-12t1,-,True,115,37
Punchestown Racing Results | 21st May 2024 14:58,N/A,14:58,Good To Yielding (Yielding In Places),2m 4f,Wolfhill (IRE),C M Quirke,5,M J Bowe,7th,9 l,6,11-12,-,True,115,37
Punchestown Racing Results | 21st May 2024 14:58,N/A,14:58,Good To Yielding (Yielding In Places),2m 4f,Built By Rossies (IRE),D J O'Keeffe,0,T Gibney,6th,3/4 l,5,11-5,-,True,115,37
Punchestown Racing Results | 21st May 2024 14:58,N/A,14:58,Good To Yielding (Yielding In Places),2m 4f,Light Fandango (IRE),C Stone-Walsh,5,Colm Murphy,5th,1 1/4 l,5,11-12t1,-,True,115,37
Punchestown Racing Results | 21st May 2024 14:58,N/A,14:58,Good To Yielding (Yielding In Places),2m 4f,Presenting Max (IRE),D Meyler,0,G Keane,4th,1/2 l,5,11-12,-,True,115,37
Punchestown Racing Results | 21st May 2024 14:58,N/A,14:58,Good To Yielding (Yielding In Places),2m 4f,Lightkeeper (IRE),Sam Ewing,0,G Elliott,3rd,14 l,6,11-12,-,True,115,37
Punchestown Racing Results | 21st May 2024 14:58,N/A,14:58,Good To Yielding (Yielding In Places),2m 4f,Syracus Du Houx (FR),P T Enright,0,O McKiernan,2nd,1 1/4 l,6,11-12,-,True,115,37
Punchestown Racing Results | 21st May 2024 14:58,N/A,14:58,Good To Yielding (Yielding In Places),2m 4f,Fenway Park (IRE),K M Donoghue,0,G P Cromwell,1st,N/A,5,11-12,-,True,115,37
Punchestown Racing Results | 21st May 2024 15:28,N/A,15:28,Good To Yielding (Yielding In Places),2m 4f,Ragin Cajun (IRE),J Smith,7,M J Smith,11th,12 l,11,11-8tb,109,True,115,38
Punchestown Racing Results | 21st May 2024 15:28,N/A,15:28,Good To Yielding (Yielding In Places),2m 4f,Hereditary Rule (IRE),A Harvey,7,J C McConnell,10th,44 l,9,11-12t,113,True,115,38
Punchestown Racing Results | 21st May 2024 15:28,N/A,15:28,Good To Yielding (Yielding In Places),2m 4f,Johngus (IRE),Mr S Tobin,7,S Aherne,9th,3 1/2 l,10,11-8,109,True,115,38
Punchestown Racing Results | 21st May 2024 15:28,N/A,15:28,Good To Yielding (Yielding In Places),2m 4f,Tucson Train (IRE),D E Mullins,0,T Mullins,8th,7 l,9,11-1p1,102,True,115,38
Punchestown Racing Results | 21st May 2024 15:28,N/A,15:28,Good To Yielding (Yielding In Places),2m 4f,Faux Fur (FR),D J Gilligan,3,G Elliott,7th,Head,5,11-11,112,True,115,38
Punchestown Racing Results | 21st May 2024 15:28,N/A,15:28,Good To Yielding (Yielding In Places),2m 4f,Golden Sandbanks,B P Kennedy,7,P W Flynn,6th,3 3/4 l,7,11-5tp,106,True,115,38
Punchestown Racing Results | 21st May 2024 15:28,N/A,15:28,Good To Yielding (Yielding In Places),2m 4f,Benjis Benefit (IRE),A P Kelly,5,D Hogan,5th,1/2 l,6,11-1,102,True,115,38
Punchestown Racing Results | 21st May 2024 15:28,N/A,15:28,Good To Yielding (Yielding In Places),2m 4f,Club Manager,K M Donoghue,0,G P Cromwell,4th,8 l,4,11-4,113,True,115,38
Punchestown Racing Results | 21st May 2024 15:28,N/A,15:28,Good To Yielding (Yielding In Places),2m 4f,Champella (IRE),T P Harney,7,R O'Sullivan,3rd,1/2 l,6,11-13,114,True,115,38
Punchestown Racing Results | 21st May 2024 15:28,N/A,15:28,Good To Yielding (Yielding In Places),2m 4f,Dorans Law (IRE),D J O'Keeffe,0,M Hourigan,2nd,6 1/2 l,6,11-3,104,True,115,38
Punchestown Racing Results | 21st May 2024 15:28,N/A,15:28,Good To Yielding (Yielding In Places),2m 4f,All For Rachel (IRE),P T Enright,0,O McKiernan,1st,N/A,7,11-6ht1,107,True,115,38
Punchestown Racing Results | 21st May 2024 15:28,N/A,15:28,Good To Yielding (Yielding In Places),2m 4f,Ragin Cajun (IRE),J Smith,7,M J Smith,11th,12 l,11,11-8tb,109,True,115,38
Punchestown Racing Results | 21st May 2024 15:28,N/A,15:28,Good To Yielding (Yielding In Places),2m 4f,Hereditary Rule (IRE),A Harvey,7,J C McConnell,10th,44 l,9,11-12t,113,True,115,38
Punchestown Racing Results | 21st May 2024 15:28,N/A,15:28,Good To Yielding (Yielding In Places),2m 4f,Johngus (IRE),Mr S Tobin,7,S Aherne,9th,3 1/2 l,10,11-8,109,True,115,38
Punchestown Racing Results | 21st May 2024 15:28,N/A,15:28,Good To Yielding (Yielding In Places),2m 4f,Tucson Train (IRE),D E Mullins,0,T Mullins,8th,7 l,9,11-1p1,102,True,115,38
Punchestown Racing Results | 21st May 2024 15:28,N/A,15:28,Good To Yielding (Yielding In Places),2m 4f,Faux Fur (FR),D J Gilligan,3,G Elliott,7th,Head,5,11-11,112,True,115,38
Punchestown Racing Results | 21st May 2024 15:28,N/A,15:28,Good To Yielding (Yielding In Places),2m 4f,Golden Sandbanks,B P Kennedy,7,P W Flynn,6th,3 3/4 l,7,11-5tp,106,True,115,38
Punchestown Racing Results | 21st May 2024 15:28,N/A,15:28,Good To Yielding (Yielding In Places),2m 4f,Benjis Benefit (IRE),A P Kelly,5,D Hogan,5th,1/2 l,6,11-1,102,True,115,38
Punchestown Racing Results | 21st May 2024 15:28,N/A,15:28,Good To Yielding (Yielding In Places),2m 4f,Club Manager,K M Donoghue,0,G P Cromwell,4th,8 l,4,11-4,113,True,115,38
Punchestown Racing Results | 21st May 2024 15:28,N/A,15:28,Good To Yielding (Yielding In Places),2m 4f,Champella (IRE),T P Harney,7,R O'Sullivan,3rd,1/2 l,6,11-13,114,True,115,38
Punchestown Racing Results | 21st May 2024 15:28,N/A,15:28,Good To Yielding (Yielding In Places),2m 4f,Dorans Law (IRE),D J O'Keeffe,0,M Hourigan,2nd,6 1/2 l,6,11-3,104,True,115,38
Punchestown Racing Results | 21st May 2024 15:28,N/A,15:28,Good To Yielding (Yielding In Places),2m 4f,All For Rachel (IRE),P T Enright,0,O McKiernan,1st,N/A,7,11-6ht1,107,True,115,38
Punchestown Racing Results | 21st May 2024 15:58,N/A,15:58,Good To Yielding (Yielding In Places),2m 4f,One Flew Eau Verte (IRE),Sam Ewing,0,Peter Fahey,PU,N/A,5,11-10,91,True,115,39
Punchestown Racing Results | 21st May 2024 15:58,N/A,15:58,Good To Yielding (Yielding In Places),2m 4f,Drum Roll (FR),R Deegan,0,P Nolan,PU,N/A,4,11-3,92,True,115,39
Punchestown Racing Results | 21st May 2024 15:58,N/A,15:58,Good To Yielding (Yielding In Places),2m 4f,Makaela's Choice (IRE),J B Foley,0,T Mullins,PU,N/A,8,11-11h,92,True,115,39
Punchestown Racing Results | 21st May 2024 15:58,N/A,15:58,Good To Yielding (Yielding In Places),2m 4f,Champagne Saloon (IRE),P T Enright,0,S Aherne,PU,N/A,8,11-11,92,True,115,39
Punchestown Racing Results | 21st May 2024 15:58,N/A,15:58,Good To Yielding (Yielding In Places),2m 4f,Seriously Ava (IRE),S W Flanagan,0,D H Kelly,12th,18 l,6,11-0,81,True,115,39
Punchestown Racing Results | 21st May 2024 15:58,N/A,15:58,Good To Yielding (Yielding In Places),2m 4f,Clandara (IRE),C Stone-Walsh,5,Liz Doyle,11th,3/4 l,6,11-6,87,True,115,39
Punchestown Racing Results | 21st May 2024 15:58,N/A,15:58,Good To Yielding (Yielding In Places),2m 4f,U Asking Me (IRE),D Meyler,0,E Doyle,10th,4 l,7,10-13,80,True,115,39
Punchestown Racing Results | 21st May 2024 15:58,N/A,15:58,Good To Yielding (Yielding In Places),2m 4f,Glenriver (IRE),M J Molloy,7,D A McLoughlin,9th,1 1/4 l,6,11-12,93,True,115,39
Punchestown Racing Results | 21st May 2024 15:58,N/A,15:58,Good To Yielding (Yielding In Places),2m 4f,Likable Chancer (IRE),C M Quirke,5,D Howard,8th,5 l,10,10-13tb,80,True,115,39
Punchestown Racing Results | 21st May 2024 15:58,N/A,15:58,Good To Yielding (Yielding In Places),2m 4f,Stellar Stow (IRE),Mr D Doyle,7,T Doyle,7th,8 l,11,10-13b,80,True,115,39
Punchestown Racing Results | 21st May 2024 15:58,N/A,15:58,Good To Yielding (Yielding In Places),2m 4f,Walkonthebriteside (IRE),B W Harvey,0,J C McConnell,6th,3 1/2 l,6,11-8t,89,True,115,39
Punchestown Racing Results | 21st May 2024 15:58,N/A,15:58,Good To Yielding (Yielding In Places),2m 4f,Granpa Ger (IRE),D E Mullins,0,A Mullins,5th,1/2 l,6,11-12,93,True,115,39
Punchestown Racing Results | 21st May 2024 15:58,N/A,15:58,Good To Yielding (Yielding In Places),2m 4f,She's Tobias (IRE),E Walsh,0,Ciaran Murphy,4th,Head,8,11-9t,90,True,115,39
Punchestown Racing Results | 21st May 2024 15:58,N/A,15:58,Good To Yielding (Yielding In Places),2m 4f,Arthor (IRE),D J O'Keeffe,0,J J Mangan,3rd,4 1/2 l,7,11-8tp,89,True,115,39
Punchestown Racing Results | 21st May 2024 15:58,N/A,15:58,Good To Yielding (Yielding In Places),2m 4f,Queen Kulina (IRE),J C Gainford,0,P Croke,2nd,2 3/4 l,8,11-1,82,True,115,39
Punchestown Racing Results | 21st May 2024 15:58,N/A,15:58,Good To Yielding (Yielding In Places),2m 4f,Noble Hilltop (IRE),K E Buckley,0,E Buckley,1st,N/A,4,11-6,95,True,115,39
Punchestown Racing Results | 21st May 2024 15:58,N/A,15:58,Good To Yielding (Yielding In Places),2m 4f,One Flew Eau Verte (IRE),Sam Ewing,0,Peter Fahey,PU,N/A,5,11-10,91,True,115,39
Punchestown Racing Results | 21st May 2024 15:58,N/A,15:58,Good To Yielding (Yielding In Places),2m 4f,Drum Roll (FR),R Deegan,0,P Nolan,PU,N/A,4,11-3,92,True,115,39
Punchestown Racing Results | 21st May 2024 15:58,N/A,15:58,Good To Yielding (Yielding In Places),2m 4f,Makaela's Choice (IRE),J B Foley,0,T Mullins,PU,N/A,8,11-11h,92,True,115,39
Punchestown Racing Results | 21st May 2024 15:58,N/A,15:58,Good To Yielding (Yielding In Places),2m 4f,Champagne Saloon (IRE),P T Enright,0,S Aherne,PU,N/A,8,11-11,92,True,115,39
Punchestown Racing Results | 21st May 2024 15:58,N/A,15:58,Good To Yielding (Yielding In Places),2m 4f,Seriously Ava (IRE),S W Flanagan,0,D H Kelly,12th,18 l,6,11-0,81,True,115,39
Punchestown Racing Results | 21st May 2024 15:58,N/A,15:58,Good To Yielding (Yielding In Places),2m 4f,Clandara (IRE),C Stone-Walsh,5,Liz Doyle,11th,3/4 l,6,11-6,87,True,115,39
Punchestown Racing Results | 21st May 2024 15:58,N/A,15:58,Good To Yielding (Yielding In Places),2m 4f,U Asking Me (IRE),D Meyler,0,E Doyle,10th,4 l,7,10-13,80,True,115,39
Punchestown Racing Results | 21st May 2024 15:58,N/A,15:58,Good To Yielding (Yielding In Places),2m 4f,Glenriver (IRE),M J Molloy,7,D A McLoughlin,9th,1 1/4 l,6,11-12,93,True,115,39
Punchestown Racing Results | 21st May 2024 15:58,N/A,15:58,Good To Yielding (Yielding In Places),2m 4f,Likable Chancer (IRE),C M Quirke,5,D Howard,8th,5 l,10,10-13tb,80,True,115,39
Punchestown Racing Results | 21st May 2024 15:58,N/A,15:58,Good To Yielding (Yielding In Places),2m 4f,Stellar Stow (IRE),Mr D Doyle,7,T Doyle,7th,8 l,11,10-13b,80,True,115,39
Punchestown Racing Results | 21st May 2024 15:58,N/A,15:58,Good To Yielding (Yielding In Places),2m 4f,Walkonthebriteside (IRE),B W Harvey,0,J C McConnell,6th,3 1/2 l,6,11-8t,89,True,115,39
Punchestown Racing Results | 21st May 2024 15:58,N/A,15:58,Good To Yielding (Yielding In Places),2m 4f,Granpa Ger (IRE),D E Mullins,0,A Mullins,5th,1/2 l,6,11-12,93,True,115,39
Punchestown Racing Results | 21st May 2024 15:58,N/A,15:58,Good To Yielding (Yielding In Places),2m 4f,She's Tobias (IRE),E Walsh,0,Ciaran Murphy,4th,Head,8,11-9t,90,True,115,39
Punchestown Racing Results | 21st May 2024 15:58,N/A,15:58,Good To Yielding (Yielding In Places),2m 4f,Arthor (IRE),D J O'Keeffe,0,J J Mangan,3rd,4 1/2 l,7,11-8tp,89,True,115,39
Punchestown Racing Results | 21st May 2024 15:58,N/A,15:58,Good To Yielding (Yielding In Places),2m 4f,Queen Kulina (IRE),J C Gainford,0,P Croke,2nd,2 3/4 l,8,11-1,82,True,115,39
Punchestown Racing Results | 21st May 2024 15:58,N/A,15:58,Good To Yielding (Yielding In Places),2m 4f,Noble Hilltop (IRE),K E Buckley,0,E Buckley,1st,N/A,4,11-6,95,True,115,39
Punchestown Racing Results | 21st May 2024 16:28,N/A,16:28,Good To Yielding (Yielding In Places),2m 4f,Hatfield Hammer (IRE),C D Smithers,7,P Nolan,16th,22 l,5,11-7,88,True,115,40
Punchestown Racing Results | 21st May 2024 16:28,N/A,16:28,Good To Yielding (Yielding In Places),2m 4f,Another Red Cat (IRE),M J Molloy,7,D A McLoughlin,15th,9 1/2 l,6,11-6t,87,True,115,40
Punchestown Racing Results | 21st May 2024 16:28,N/A,16:28,Good To Yielding (Yielding In Places),2m 4f,Copper Coast (IRE),M J M O'Sullivan,0,Sarah Connell,14th,16 l,6,10-13t,80,True,115,40
Punchestown Racing Results | 21st May 2024 16:28,N/A,16:28,Good To Yielding (Yielding In Places),2m 4f,Spellacy's Cross (IRE),P T Smithers,7,T Mullins,13th,1 1/2 l,5,11-10t1,91,True,115,40
Punchestown Racing Results | 21st May 2024 16:28,N/A,16:28,Good To Yielding (Yielding In Places),2m 4f,Mrs Biddle (IRE),J J Slevin,0,G J Power,12th,9 1/2 l,6,11-7t,88,True,115,40
Punchestown Racing Results | 21st May 2024 16:28,N/A,16:28,Good To Yielding (Yielding In Places),2m 4f,Max Time (IRE),P Byrnes,3,I Madden,11th,2 l,7,10-13,80,True,115,40
Punchestown Racing Results | 21st May 2024 16:28,N/A,16:28,Good To Yielding (Yielding In Places),2m 4f,Benkei (IRE),Miss M Walsh,7,H Rogers,10th,1 3/4 l,14,11-4p,85,True,115,40
Punchestown Racing Results | 21st May 2024 16:28,N/A,16:28,Good To Yielding (Yielding In Places),2m 4f,Scottish Dancer (IRE),S O'Callaghan,5,E Doyle,9th,4 1/2 l,5,11-9p,90,True,115,40
Punchestown Racing Results | 21st May 2024 16:28,N/A,16:28,Good To Yielding (Yielding In Places),2m 4f,Silent Flight (IRE),D J O'Keeffe,0,P Byrne,8th,3/4 l,8,11-13,94,True,115,40
Punchestown Racing Results | 21st May 2024 16:28,N/A,16:28,Good To Yielding (Yielding In Places),2m 4f,Avec Espoir,A M King,7,V T O'Brien,7th,2 l,11,10-13,80,True,115,40
Punchestown Racing Results | 21st May 2024 16:28,N/A,16:28,Good To Yielding (Yielding In Places),2m 4f,The Border Boy (IRE),S F O'Keeffe,0,S Aherne,6th,7 l,7,11-6,87,True,115,40
Punchestown Racing Results | 21st May 2024 16:28,N/A,16:28,Good To Yielding (Yielding In Places),2m 4f,Arctic Saint (IRE),S Fitzgerald,0,Mrs G O'Connor,5th,1/2 l,6,11-7t,88,True,115,40
Punchestown Racing Results | 21st May 2024 16:28,N/A,16:28,Good To Yielding (Yielding In Places),2m 4f,Fire Coral,P K Donovan,5,C W J Farrell,4th,7 l,5,11-3,84,True,115,40
Punchestown Racing Results | 21st May 2024 16:28,N/A,16:28,Good To Yielding (Yielding In Places),2m 4f,Great Rainbow (FR),R Deegan,0,B McMahon,3rd,1/2 l,6,11-2,83,True,115,40
Punchestown Racing Results | 21st May 2024 16:28,N/A,16:28,Good To Yielding (Yielding In Places),2m 4f,Warmer Days Ahead (FR),P T Enright,0,O McKiernan,2nd,2 3/4 l,5,11-7tp1,88,True,115,40
Punchestown Racing Results | 21st May 2024 16:28,N/A,16:28,Good To Yielding (Yielding In Places),2m 4f,On My Bike (IRE),K M Donoghue,0,G P Cromwell,1st,N/A,6,11-10,91,True,115,40
Punchestown Racing Results | 21st May 2024 16:28,N/A,16:28,Good To Yielding (Yielding In Places),2m 4f,Hatfield Hammer (IRE),C D Smithers,7,P Nolan,16th,22 l,5,11-7,88,True,115,40
Punchestown Racing Results | 21st May 2024 16:28,N/A,16:28,Good To Yielding (Yielding In Places),2m 4f,Another Red Cat (IRE),M J Molloy,7,D A McLoughlin,15th,9 1/2 l,6,11-6t,87,True,115,40
Punchestown Racing Results | 21st May 2024 16:28,N/A,16:28,Good To Yielding (Yielding In Places),2m 4f,Copper Coast (IRE),M J M O'Sullivan,0,Sarah Connell,14th,16 l,6,10-13t,80,True,115,40
Punchestown Racing Results | 21st May 2024 16:28,N/A,16:28,Good To Yielding (Yielding In Places),2m 4f,Spellacy's Cross (IRE),P T Smithers,7,T Mullins,13th,1 1/2 l,5,11-10t1,91,True,115,40
Punchestown Racing Results | 21st May 2024 16:28,N/A,16:28,Good To Yielding (Yielding In Places),2m 4f,Mrs Biddle (IRE),J J Slevin,0,G J Power,12th,9 1/2 l,6,11-7t,88,True,115,40
Punchestown Racing Results | 21st May 2024 16:28,N/A,16:28,Good To Yielding (Yielding In Places),2m 4f,Max Time (IRE),P Byrnes,3,I Madden,11th,2 l,7,10-13,80,True,115,40
Punchestown Racing Results | 21st May 2024 16:28,N/A,16:28,Good To Yielding (Yielding In Places),2m 4f,Benkei (IRE),Miss M Walsh,7,H Rogers,10th,1 3/4 l,14,11-4p,85,True,115,40
Punchestown Racing Results | 21st May 2024 16:28,N/A,16:28,Good To Yielding (Yielding In Places),2m 4f,Scottish Dancer (IRE),S O'Callaghan,5,E Doyle,9th,4 1/2 l,5,11-9p,90,True,115,40
Punchestown Racing Results | 21st May 2024 16:28,N/A,16:28,Good To Yielding (Yielding In Places),2m 4f,Silent Flight (IRE),D J O'Keeffe,0,P Byrne,8th,3/4 l,8,11-13,94,True,115,40
Punchestown Racing Results | 21st May 2024 16:28,N/A,16:28,Good To Yielding (Yielding In Places),2m 4f,Avec Espoir,A M King,7,V T O'Brien,7th,2 l,11,10-13,80,True,115,40
Punchestown Racing Results | 21st May 2024 16:28,N/A,16:28,Good To Yielding (Yielding In Places),2m 4f,The Border Boy (IRE),S F O'Keeffe,0,S Aherne,6th,7 l,7,11-6,87,True,115,40
Punchestown Racing Results | 21st May 2024 16:28,N/A,16:28,Good To Yielding (Yielding In Places),2m 4f,Arctic Saint (IRE),S Fitzgerald,0,Mrs G O'Connor,5th,1/2 l,6,11-7t,88,True,115,40
Punchestown Racing Results | 21st May 2024 16:28,N/A,16:28,Good To Yielding (Yielding In Places),2m 4f,Fire Coral,P K Donovan,5,C W J Farrell,4th,7 l,5,11-3,84,True,115,40
Punchestown Racing Results | 21st May 2024 16:28,N/A,16:28,Good To Yielding (Yielding In Places),2m 4f,Great Rainbow (FR),R Deegan,0,B McMahon,3rd,1/2 l,6,11-2,83,True,115,40
Punchestown Racing Results | 21st May 2024 16:28,N/A,16:28,Good To Yielding (Yielding In Places),2m 4f,Warmer Days Ahead (FR),P T Enright,0,O McKiernan,2nd,2 3/4 l,5,11-7tp1,88,True,115,40
Punchestown Racing Results | 21st May 2024 16:28,N/A,16:28,Good To Yielding (Yielding In Places),2m 4f,On My Bike (IRE),K M Donoghue,0,G P Cromwell,1st,N/A,6,11-10,91,True,115,40
Punchestown Racing Results | 21st May 2024 17:00,N/A,17:00,Good To Yielding (Yielding In Places),3m,Forgetthesurprise (IRE),S O'Callaghan,5,N Madden,NR,N/A,10,11-5t,93,True,115,41
Punchestown Racing Results | 21st May 2024 17:00,N/A,17:00,Good To Yielding (Yielding In Places),3m,Mystic Sage (IRE),Rachael Blackmore,0,H De Bromhead,NR,N/A,6,11-0t,88,True,115,41
Punchestown Racing Results | 21st May 2024 17:00,N/A,17:00,Good To Yielding (Yielding In Places),3m,Lucy Prunella (IRE),G Brouder,5,M F Morris,NR,N/A,9,10-9tp1,83,True,115,41
Punchestown Racing Results | 21st May 2024 17:00,N/A,17:00,Good To Yielding (Yielding In Places),3m,Bearwithmenow (IRE),J S McGarvey,0,J P Flavin,PU,N/A,7,10-11tp,85,True,115,41
Punchestown Racing Results | 21st May 2024 17:00,N/A,17:00,Good To Yielding (Yielding In Places),3m,Back The West (IRE),P Byrnes,3,I Madden,PU,N/A,9,10-6,80,True,115,41
Punchestown Racing Results | 21st May 2024 17:00,N/A,17:00,Good To Yielding (Yielding In Places),3m,Dinoland (FR),B W Harvey,0,J C McConnell,PU,N/A,6,11-12tb,100,True,115,41
Punchestown Racing Results | 21st May 2024 17:00,N/A,17:00,Good To Yielding (Yielding In Places),3m,Fill The Tank (IRE),M M McDonagh,0,Aengus King,PU,N/A,10,12-0p,102,True,115,41
Punchestown Racing Results | 21st May 2024 17:00,N/A,17:00,Good To Yielding (Yielding In Places),3m,Silverfort Lady (IRE),E Walsh,0,J M Burke,F,N/A,5,10-9,83,True,115,41
Punchestown Racing Results | 21st May 2024 17:00,N/A,17:00,Good To Yielding (Yielding In Places),3m,Song For My Father (IRE),J C Gainford,0,R O'Sullivan,BD,N/A,7,11-4,92,True,115,41
Punchestown Racing Results | 21st May 2024 17:00,N/A,17:00,Good To Yielding (Yielding In Places),3m,Jekiki (IRE),Sam Ewing,0,Mrs J Harrington,8th,4 1/2 l,6,11-11p,99,True,115,41
Punchestown Racing Results | 21st May 2024 17:00,N/A,17:00,Good To Yielding (Yielding In Places),3m,Tilloughna (IRE),D J O'Keeffe,0,D Budds,7th,4 1/2 l,6,11-7p1,95,True,115,41
Punchestown Racing Results | 21st May 2024 17:00,N/A,17:00,Good To Yielding (Yielding In Places),3m,Lucky Two (IRE),M P O'Connor,3,T Gibney,6th,1 1/4 l,8,10-8,82,True,115,41
Punchestown Racing Results | 21st May 2024 17:00,N/A,17:00,Good To Yielding (Yielding In Places),3m,Inchidaly Copper (IRE),Mr L Burke-Ott,7,A Ott,5th,4 3/4 l,8,10-13p,87,True,115,41
Punchestown Racing Results | 21st May 2024 17:00,N/A,17:00,Good To Yielding (Yielding In Places),3m,Everystep Oftheway (IRE),P T Enright,0,O McKiernan,4th,8 1/2 l,6,11-1p,89,True,115,41
Punchestown Racing Results | 21st May 2024 17:00,N/A,17:00,Good To Yielding (Yielding In Places),3m,Hypersonic Missile (IRE),K M Donoghue,0,G P Cromwell,3rd,1/2 l,5,11-12,100,True,115,41
Punchestown Racing Results | 21st May 2024 17:00,N/A,17:00,Good To Yielding (Yielding In Places),3m,Rising Dust (IRE),D E Mullins,0,M Hourigan,2nd,7 l,6,10-12,86,True,115,41
Punchestown Racing Results | 21st May 2024 17:00,N/A,17:00,Good To Yielding (Yielding In Places),3m,Western Model (IRE),S F O'Keeffe,0,P Nolan,1st,N/A,5,11-2,90,True,115,41
Punchestown Racing Results | 21st May 2024 17:00,N/A,17:00,Good To Yielding (Yielding In Places),3m,Forgetthesurprise (IRE),S O'Callaghan,5,N Madden,NR,N/A,10,11-5t,93,True,115,41
Punchestown Racing Results | 21st May 2024 17:00,N/A,17:00,Good To Yielding (Yielding In Places),3m,Mystic Sage (IRE),Rachael Blackmore,0,H De Bromhead,NR,N/A,6,11-0t,88,True,115,41
Punchestown Racing Results | 21st May 2024 17:00,N/A,17:00,Good To Yielding (Yielding In Places),3m,Lucy Prunella (IRE),G Brouder,5,M F Morris,NR,N/A,9,10-9tp1,83,True,115,41
Punchestown Racing Results | 21st May 2024 17:00,N/A,17:00,Good To Yielding (Yielding In Places),3m,Bearwithmenow (IRE),J S McGarvey,0,J P Flavin,PU,N/A,7,10-11tp,85,True,115,41
Punchestown Racing Results | 21st May 2024 17:00,N/A,17:00,Good To Yielding (Yielding In Places),3m,Back The West (IRE),P Byrnes,3,I Madden,PU,N/A,9,10-6,80,True,115,41
Punchestown Racing Results | 21st May 2024 17:00,N/A,17:00,Good To Yielding (Yielding In Places),3m,Dinoland (FR),B W Harvey,0,J C McConnell,PU,N/A,6,11-12tb,100,True,115,41
Punchestown Racing Results | 21st May 2024 17:00,N/A,17:00,Good To Yielding (Yielding In Places),3m,Fill The Tank (IRE),M M McDonagh,0,Aengus King,PU,N/A,10,12-0p,102,True,115,41
Punchestown Racing Results | 21st May 2024 17:00,N/A,17:00,Good To Yielding (Yielding In Places),3m,Silverfort Lady (IRE),E Walsh,0,J M Burke,F,N/A,5,10-9,83,True,115,41
Punchestown Racing Results | 21st May 2024 17:00,N/A,17:00,Good To Yielding (Yielding In Places),3m,Song For My Father (IRE),J C Gainford,0,R O'Sullivan,BD,N/A,7,11-4,92,True,115,41
Punchestown Racing Results | 21st May 2024 17:00,N/A,17:00,Good To Yielding (Yielding In Places),3m,Jekiki (IRE),Sam Ewing,0,Mrs J Harrington,8th,4 1/2 l,6,11-11p,99,True,115,41
Punchestown Racing Results | 21st May 2024 17:00,N/A,17:00,Good To Yielding (Yielding In Places),3m,Tilloughna (IRE),D J O'Keeffe,0,D Budds,7th,4 1/2 l,6,11-7p1,95,True,115,41
Punchestown Racing Results | 21st May 2024 17:00,N/A,17:00,Good To Yielding (Yielding In Places),3m,Lucky Two (IRE),M P O'Connor,3,T Gibney,6th,1 1/4 l,8,10-8,82,True,115,41
Punchestown Racing Results | 21st May 2024 17:00,N/A,17:00,Good To Yielding (Yielding In Places),3m,Inchidaly Copper (IRE),Mr L Burke-Ott,7,A Ott,5th,4 3/4 l,8,10-13p,87,True,115,41
Punchestown Racing Results | 21st May 2024 17:00,N/A,17:00,Good To Yielding (Yielding In Places),3m,Everystep Oftheway (IRE),P T Enright,0,O McKiernan,4th,8 1/2 l,6,11-1p,89,True,115,41
Punchestown Racing Results | 21st May 2024 17:00,N/A,17:00,Good To Yielding (Yielding In Places),3m,Hypersonic Missile (IRE),K M Donoghue,0,G P Cromwell,3rd,1/2 l,5,11-12,100,True,115,41
Punchestown Racing Results | 21st May 2024 17:00,N/A,17:00,Good To Yielding (Yielding In Places),3m,Rising Dust (IRE),D E Mullins,0,M Hourigan,2nd,7 l,6,10-12,86,True,115,41
Punchestown Racing Results | 21st May 2024 17:00,N/A,17:00,Good To Yielding (Yielding In Places),3m,Western Model (IRE),S F O'Keeffe,0,P Nolan,1st,N/A,5,11-2,90,True,115,41
Cork Racing Results | 21st May 2024 16:50,N/A,16:50,Good To Yielding (Good In Places),5f,Alfred Tennyson (IRE),W M Lordan,0,A P O'Brien,NR,N/A,2,9-6,-,True,115,42
Cork Racing Results | 21st May 2024 16:50,N/A,16:50,Good To Yielding (Good In Places),5f,Some Like It Hot (IRE),K G Kennedy,7,Mrs J Harrington,13th,3 1/2 l,2,8-9p1,-,True,115,42
Cork Racing Results | 21st May 2024 16:50,N/A,16:50,Good To Yielding (Good In Places),5f,Brigid's Cloak,S B Kelly,0,J P Murtagh,12th,3 1/2 l,2,9-3,-,True,115,42
Cork Racing Results | 21st May 2024 16:50,N/A,16:50,Good To Yielding (Good In Places),5f,Shades Of Chicago (IRE),B M Coen,0,J P Murtagh,11th,1 l,2,8-11,-,True,115,42
Cork Racing Results | 21st May 2024 16:50,N/A,16:50,Good To Yielding (Good In Places),5f,Onomatapeoi (IRE),J J G Ryan,5,Paul Gammell,10th,Neck,2,8-11,-,True,115,42
Cork Racing Results | 21st May 2024 16:50,N/A,16:50,Good To Yielding (Good In Places),5f,Goldino (IRE),R P Cleary,0,J S Bolger,9th,1 3/4 l,2,8-9,-,True,115,42
Cork Racing Results | 21st May 2024 16:50,N/A,16:50,Good To Yielding (Good In Places),5f,Gran Habano (IRE),D Egan,0,A Murray,8th,Nose,2,9-8,-,True,115,42
Cork Racing Results | 21st May 2024 16:50,N/A,16:50,Good To Yielding (Good In Places),5f,Trufonic (IRE),M W Hassett,5,P F McEnery,7th,1/2 l,2,8-11,-,True,115,42
Cork Racing Results | 21st May 2024 16:50,N/A,16:50,Good To Yielding (Good In Places),5f,Tomarlo,L T McAteer,0,D Marnane,6th,4 l,2,9-2,-,True,115,42
Cork Racing Results | 21st May 2024 16:50,N/A,16:50,Good To Yielding (Good In Places),5f,Flash The Cash (IRE),S Foley,0,Mrs J Harrington,5th,3/4 l,2,8-11,-,True,115,42
Cork Racing Results | 21st May 2024 16:50,N/A,16:50,Good To Yielding (Good In Places),5f,Lethimfly (IRE),C T Keane,0,N Meade,4th,Head,2,9-0,-,True,115,42
Cork Racing Results | 21st May 2024 16:50,N/A,16:50,Good To Yielding (Good In Places),5f,Shamrock Breeze (IRE),C D Hayes,0,A McGuinness,3rd,Head,2,8-11,-,True,115,42
Cork Racing Results | 21st May 2024 16:50,N/A,16:50,Good To Yielding (Good In Places),5f,Fiery Lucy,G F Carroll,0,G P Cromwell,2nd,Head,2,8-13,-,True,115,42
Cork Racing Results | 21st May 2024 16:50,N/A,16:50,Good To Yielding (Good In Places),5f,Powerful Nation (IRE),A J Slattery,0,A Slattery,1st,N/A,2,9-6,-,True,115,42
Cork Racing Results | 21st May 2024 16:50,N/A,16:50,Good To Yielding (Good In Places),5f,Alfred Tennyson (IRE),W M Lordan,0,A P O'Brien,NR,N/A,2,9-6,-,True,115,42
Cork Racing Results | 21st May 2024 16:50,N/A,16:50,Good To Yielding (Good In Places),5f,Some Like It Hot (IRE),K G Kennedy,7,Mrs J Harrington,13th,3 1/2 l,2,8-9p1,-,True,115,42
Cork Racing Results | 21st May 2024 16:50,N/A,16:50,Good To Yielding (Good In Places),5f,Brigid's Cloak,S B Kelly,0,J P Murtagh,12th,3 1/2 l,2,9-3,-,True,115,42
Cork Racing Results | 21st May 2024 16:50,N/A,16:50,Good To Yielding (Good In Places),5f,Shades Of Chicago (IRE),B M Coen,0,J P Murtagh,11th,1 l,2,8-11,-,True,115,42
Cork Racing Results | 21st May 2024 16:50,N/A,16:50,Good To Yielding (Good In Places),5f,Onomatapeoi (IRE),J J G Ryan,5,Paul Gammell,10th,Neck,2,8-11,-,True,115,42
Cork Racing Results | 21st May 2024 16:50,N/A,16:50,Good To Yielding (Good In Places),5f,Goldino (IRE),R P Cleary,0,J S Bolger,9th,1 3/4 l,2,8-9,-,True,115,42
Cork Racing Results | 21st May 2024 16:50,N/A,16:50,Good To Yielding (Good In Places),5f,Gran Habano (IRE),D Egan,0,A Murray,8th,Nose,2,9-8,-,True,115,42
Cork Racing Results | 21st May 2024 16:50,N/A,16:50,Good To Yielding (Good In Places),5f,Trufonic (IRE),M W Hassett,5,P F McEnery,7th,1/2 l,2,8-11,-,True,115,42
Cork Racing Results | 21st May 2024 16:50,N/A,16:50,Good To Yielding (Good In Places),5f,Tomarlo,L T McAteer,0,D Marnane,6th,4 l,2,9-2,-,True,115,42
Cork Racing Results | 21st May 2024 16:50,N/A,16:50,Good To Yielding (Good In Places),5f,Flash The Cash (IRE),S Foley,0,Mrs J Harrington,5th,3/4 l,2,8-11,-,True,115,42
Cork Racing Results | 21st May 2024 16:50,N/A,16:50,Good To Yielding (Good In Places),5f,Lethimfly (IRE),C T Keane,0,N Meade,4th,Head,2,9-0,-,True,115,42
Cork Racing Results | 21st May 2024 16:50,N/A,16:50,Good To Yielding (Good In Places),5f,Shamrock Breeze (IRE),C D Hayes,0,A McGuinness,3rd,Head,2,8-11,-,True,115,42
Cork Racing Results | 21st May 2024 16:50,N/A,16:50,Good To Yielding (Good In Places),5f,Fiery Lucy,G F Carroll,0,G P Cromwell,2nd,Head,2,8-13,-,True,115,42
Cork Racing Results | 21st May 2024 16:50,N/A,16:50,Good To Yielding (Good In Places),5f,Powerful Nation (IRE),A J Slattery,0,A Slattery,1st,N/A,2,9-6,-,True,115,42
Cork Racing Results | 21st May 2024 17:20,N/A,17:20,Good,5f,Power Mode (USA),W J Lee,0,Daniel Murphy,NR,N/A,3,9-12b1,89,True,115,43
Cork Racing Results | 21st May 2024 17:20,N/A,17:20,Good,5f,Heavenly Being (IRE),S Foley,0,Mrs J Harrington,6th,1/2 l,3,9-2p1,79,True,115,43
Cork Racing Results | 21st May 2024 17:20,N/A,17:20,Good,5f,Branding,C T Keane,0,M O'Callaghan,5th,2 l,3,9-5tb,82,True,115,43
Cork Racing Results | 21st May 2024 17:20,N/A,17:20,Good,5f,Ohailbhic (IRE),D McMonagle,0,J Feane,4th,2 1/4 l,3,9-7,84,True,115,43
Cork Racing Results | 21st May 2024 17:20,N/A,17:20,Good,5f,Alpha Cephei,L T McAteer,0,D Marnane,3rd,1 1/2 l,3,9-2,79,True,115,43
Cork Racing Results | 21st May 2024 17:20,N/A,17:20,Good,5f,Kendall Roy,C D Hayes,0,Miss McGivern,2nd,1 l,3,9-1t,78,True,115,43
Cork Racing Results | 21st May 2024 17:20,N/A,17:20,Good,5f,Scorchio (IRE),J J G Ryan,5,J Davison,1st,N/A,3,9-7,84,True,115,43
Cork Racing Results | 21st May 2024 17:20,N/A,17:20,Good,5f,Power Mode (USA),W J Lee,0,Daniel Murphy,NR,N/A,3,9-12b1,89,True,115,43
Cork Racing Results | 21st May 2024 17:20,N/A,17:20,Good,5f,Heavenly Being (IRE),S Foley,0,Mrs J Harrington,6th,1/2 l,3,9-2p1,79,True,115,43
Cork Racing Results | 21st May 2024 17:20,N/A,17:20,Good,5f,Branding,C T Keane,0,M O'Callaghan,5th,2 l,3,9-5tb,82,True,115,43
Cork Racing Results | 21st May 2024 17:20,N/A,17:20,Good,5f,Ohailbhic (IRE),D McMonagle,0,J Feane,4th,2 1/4 l,3,9-7,84,True,115,43
Cork Racing Results | 21st May 2024 17:20,N/A,17:20,Good,5f,Alpha Cephei,L T McAteer,0,D Marnane,3rd,1 1/2 l,3,9-2,79,True,115,43
Cork Racing Results | 21st May 2024 17:20,N/A,17:20,Good,5f,Kendall Roy,C D Hayes,0,Miss McGivern,2nd,1 l,3,9-1t,78,True,115,43
Cork Racing Results | 21st May 2024 17:20,N/A,17:20,Good,5f,Scorchio (IRE),J J G Ryan,5,J Davison,1st,N/A,3,9-7,84,True,115,43
Cork Racing Results | 21st May 2024 17:50,N/A,17:50,Good,6f,Ojw Legacy (IRE),A J Slattery,0,A Slattery,NR,N/A,3,9-3,-,True,115,44
Cork Racing Results | 21st May 2024 17:50,N/A,17:50,Good,6f,Lanzerac (IRE),S Foley,0,Mrs J Harrington,8th,Neck,3,9-3,-,True,115,44
Cork Racing Results | 21st May 2024 17:50,N/A,17:50,Good,6f,Tobarnault (IRE),G M Ryan,0,M M McNiff,7th,8 1/2 l,3,9-8t,-,True,115,44
Cork Racing Results | 21st May 2024 17:50,N/A,17:50,Good,6f,Ringabella (IRE),W J Lee,0,K J Condon,6th,1 l,3,9-3t,-,True,115,44
Cork Racing Results | 21st May 2024 17:50,N/A,17:50,Good,6f,Cuban Confusion,L T McAteer,0,D Marnane,5th,1 3/4 l,3,9-8,-,True,115,44
Cork Racing Results | 21st May 2024 17:50,N/A,17:50,Good,6f,Always Love You,D Egan,0,A Murray,4th,Short Head,3,9-3t1,-,True,115,44
Cork Racing Results | 21st May 2024 17:50,N/A,17:50,Good,6f,Annie Edson Taylor,J A Heffernan,0,Kevin Coleman,3rd,3 1/4 l,3,9-3,-,True,115,44
Cork Racing Results | 21st May 2024 17:50,N/A,17:50,Good,6f,Dalva's Boys (IRE),B M Coen,0,R O'Brien,2nd,3/4 l,4,10-3,-,True,115,44
Cork Racing Results | 21st May 2024 17:50,N/A,17:50,Good,6f,Gerrit's Gem (IRE),S T McCullagh,3,K P Cotter,1st,N/A,4,10-3b1,-,True,115,44
Cork Racing Results | 21st May 2024 17:50,N/A,17:50,Good,6f,Ojw Legacy (IRE),A J Slattery,0,A Slattery,NR,N/A,3,9-3,-,True,115,44
Cork Racing Results | 21st May 2024 17:50,N/A,17:50,Good,6f,Lanzerac (IRE),S Foley,0,Mrs J Harrington,8th,Neck,3,9-3,-,True,115,44
Cork Racing Results | 21st May 2024 17:50,N/A,17:50,Good,6f,Tobarnault (IRE),G M Ryan,0,M M McNiff,7th,8 1/2 l,3,9-8t,-,True,115,44
Cork Racing Results | 21st May 2024 17:50,N/A,17:50,Good,6f,Ringabella (IRE),W J Lee,0,K J Condon,6th,1 l,3,9-3t,-,True,115,44
Cork Racing Results | 21st May 2024 17:50,N/A,17:50,Good,6f,Cuban Confusion,L T McAteer,0,D Marnane,5th,1 3/4 l,3,9-8,-,True,115,44
Cork Racing Results | 21st May 2024 17:50,N/A,17:50,Good,6f,Always Love You,D Egan,0,A Murray,4th,Short Head,3,9-3t1,-,True,115,44
Cork Racing Results | 21st May 2024 17:50,N/A,17:50,Good,6f,Annie Edson Taylor,J A Heffernan,0,Kevin Coleman,3rd,3 1/4 l,3,9-3,-,True,115,44
Cork Racing Results | 21st May 2024 17:50,N/A,17:50,Good,6f,Dalva's Boys (IRE),B M Coen,0,R O'Brien,2nd,3/4 l,4,10-3,-,True,115,44
Cork Racing Results | 21st May 2024 17:50,N/A,17:50,Good,6f,Gerrit's Gem (IRE),S T McCullagh,3,K P Cotter,1st,N/A,4,10-3b1,-,True,115,44
Cork Racing Results | 21st May 2024 18:20,N/A,18:20,Good,7f,Nordic Passage (IRE),B M Coen,0,J F Levins,NR,N/A,9,9-13,69,True,115,45
Cork Racing Results | 21st May 2024 18:20,N/A,18:20,Good,7f,Miqdaad (IRE),H J Horgan,5,D Hogan,NR,N/A,4,9-7b1,63,True,115,45
Cork Racing Results | 21st May 2024 18:20,N/A,18:20,Good,7f,Shanadar (IRE),W J Lee,0,M Halford & T Collins,13th,3/4 l,4,9-13t1,69,True,115,45
Cork Racing Results | 21st May 2024 18:20,N/A,18:20,Good,7f,Red Heel (IRE),G F Carroll,0,M Mulvany,12th,3/4 l,7,9-12,68,True,115,45
Cork Racing Results | 21st May 2024 18:20,N/A,18:20,Good,7f,Mindthegap (IRE),M W Hassett,5,J F Levins,11th,1 3/4 l,4,10-5v1,75,True,115,45
Cork Racing Results | 21st May 2024 18:20,N/A,18:20,Good,7f,Summer Snow (IRE),C T Keane,0,M O'Callaghan,10th,1 1/4 l,4,9-6t,62,True,115,45
Cork Racing Results | 21st May 2024 18:20,N/A,18:20,Good,7f,Little Keilee (IRE),J Kearney,5,Ciaran Murphy,9th,3 l,4,10-0,70,True,115,45
Cork Racing Results | 21st May 2024 18:20,N/A,18:20,Good,7f,Run Forrest Run (IRE),S T McCullagh,3,M Fenton,8th,1/2 l,6,9-12,68,True,115,45
Cork Racing Results | 21st May 2024 18:20,N/A,18:20,Good,7f,Trueba (IRE),R M Mulligan,7,E Linehan,7th,1/2 l,8,9-0,56,True,115,45
Cork Racing Results | 21st May 2024 18:20,N/A,18:20,Good,7f,Amemri,L T McAteer,0,D Marnane,6th,Neck,4,8-13,55,True,115,45
Cork Racing Results | 21st May 2024 18:20,N/A,18:20,Good,7f,Jazzy Dancer (IRE),J J G Ryan,5,W J Martin,5th,1/2 l,6,9-8p,64,True,115,45
Cork Racing Results | 21st May 2024 18:20,N/A,18:20,Good,7f,Shawaamekh,D W O'Connor,0,J F Levins,4th,Head,10,10-3,73,True,115,45
Cork Racing Results | 21st May 2024 18:20,N/A,18:20,Good,7f,Superior Force,D Egan,0,A Murray,3rd,1 l,5,10-0,70,True,115,45
Cork Racing Results | 21st May 2024 18:20,N/A,18:20,Good,7f,Lohengrin,N M Crosse,0,E O'Connell,2nd,Nose,4,9-5t,61,True,115,45
Cork Racing Results | 21st May 2024 18:20,N/A,18:20,Good,7f,Distillate,Adam Caffrey,5,A McGuinness,1st,N/A,4,9-9t,65,True,115,45
Cork Racing Results | 21st May 2024 18:20,N/A,18:20,Good,7f,Nordic Passage (IRE),B M Coen,0,J F Levins,NR,N/A,9,9-13,69,True,115,45
Cork Racing Results | 21st May 2024 18:20,N/A,18:20,Good,7f,Miqdaad (IRE),H J Horgan,5,D Hogan,NR,N/A,4,9-7b1,63,True,115,45
Cork Racing Results | 21st May 2024 18:20,N/A,18:20,Good,7f,Shanadar (IRE),W J Lee,0,M Halford & T Collins,13th,3/4 l,4,9-13t1,69,True,115,45
Cork Racing Results | 21st May 2024 18:20,N/A,18:20,Good,7f,Red Heel (IRE),G F Carroll,0,M Mulvany,12th,3/4 l,7,9-12,68,True,115,45
Cork Racing Results | 21st May 2024 18:20,N/A,18:20,Good,7f,Mindthegap (IRE),M W Hassett,5,J F Levins,11th,1 3/4 l,4,10-5v1,75,True,115,45
Cork Racing Results | 21st May 2024 18:20,N/A,18:20,Good,7f,Summer Snow (IRE),C T Keane,0,M O'Callaghan,10th,1 1/4 l,4,9-6t,62,True,115,45
Cork Racing Results | 21st May 2024 18:20,N/A,18:20,Good,7f,Little Keilee (IRE),J Kearney,5,Ciaran Murphy,9th,3 l,4,10-0,70,True,115,45
Cork Racing Results | 21st May 2024 18:20,N/A,18:20,Good,7f,Run Forrest Run (IRE),S T McCullagh,3,M Fenton,8th,1/2 l,6,9-12,68,True,115,45
Cork Racing Results | 21st May 2024 18:20,N/A,18:20,Good,7f,Trueba (IRE),R M Mulligan,7,E Linehan,7th,1/2 l,8,9-0,56,True,115,45
Cork Racing Results | 21st May 2024 18:20,N/A,18:20,Good,7f,Amemri,L T McAteer,0,D Marnane,6th,Neck,4,8-13,55,True,115,45
Cork Racing Results | 21st May 2024 18:20,N/A,18:20,Good,7f,Jazzy Dancer (IRE),J J G Ryan,5,W J Martin,5th,1/2 l,6,9-8p,64,True,115,45
Cork Racing Results | 21st May 2024 18:20,N/A,18:20,Good,7f,Shawaamekh,D W O'Connor,0,J F Levins,4th,Head,10,10-3,73,True,115,45
Cork Racing Results | 21st May 2024 18:20,N/A,18:20,Good,7f,Superior Force,D Egan,0,A Murray,3rd,1 l,5,10-0,70,True,115,45
Cork Racing Results | 21st May 2024 18:20,N/A,18:20,Good,7f,Lohengrin,N M Crosse,0,E O'Connell,2nd,Nose,4,9-5t,61,True,115,45
Cork Racing Results | 21st May 2024 18:20,N/A,18:20,Good,7f,Distillate,Adam Caffrey,5,A McGuinness,1st,N/A,4,9-9t,65,True,115,45
Cork Racing Results | 21st May 2024 18:50,N/A,18:50,Good,7f,Bofa (IRE),C Horgan,4,J Feane,16th,2 3/4 l,3,8-9,53,True,115,46
Cork Racing Results | 21st May 2024 18:50,N/A,18:50,Good,7f,Liamo (IRE),J E Harnett,7,Brendan Walsh,15th,2 3/4 l,3,9-13t,71,True,115,46
Cork Racing Results | 21st May 2024 18:50,N/A,18:50,Good,7f,Basilah Bear (IRE),D King,0,D Marnane,14th,1 l,3,10-2,74,True,115,46
Cork Racing Results | 21st May 2024 18:50,N/A,18:50,Good,7f,Chou Chou (IRE),J A Powell,0,N Meade,13th,1 1/4 l,3,8-7p1,51,True,115,46
Cork Racing Results | 21st May 2024 18:50,N/A,18:50,Good,7f,Bruce Lightning (IRE),J Kearney,2,P Martin,12th,1/2 l,3,10-0h,72,True,115,46
Cork Racing Results | 21st May 2024 18:50,N/A,18:50,Good,7f,Dream Ticket (FR),M W Hassett,2,W McCreery,11th,1/2 l,3,9-4v,62,True,115,46
Cork Racing Results | 21st May 2024 18:50,N/A,18:50,Good,7f,Share The Treasure (IRE),Adam Caffrey,0,T Hogan,10th,1/2 l,3,9-1,59,True,115,46
Cork Racing Results | 21st May 2024 18:50,N/A,18:50,Good,7f,Crest Of The Moon (IRE),R Whearty,0,G P Cromwell,9th,1 l,3,8-7,51,True,115,46
Cork Racing Results | 21st May 2024 18:50,N/A,18:50,Good,7f,Timana (IRE),C J MacRedmond,0,K J Condon,8th,2 l,3,9-11p1,69,True,115,46
Cork Racing Results | 21st May 2024 18:50,N/A,18:50,Good,7f,Still Rolling (IRE),Gabriella Adela Hill,7,J S Bolger,7th,1/2 l,3,9-7,65,True,115,46
Cork Racing Results | 21st May 2024 18:50,N/A,18:50,Good,7f,Grand Citadel (IRE),Amy Jo Hayes,7,M Fenton,6th,Neck,3,8-7b,51,True,115,46
Cork Racing Results | 21st May 2024 18:50,N/A,18:50,Good,7f,Tiffany Mae (IRE),K G Kennedy,7,Mrs J Harrington,5th,1/2 l,3,9-4,62,True,115,46
Cork Racing Results | 21st May 2024 18:50,N/A,18:50,Good,7f,Artful Approach (IRE),J J G Ryan,0,J Davison,4th,1 1/4 l,3,9-12,70,True,115,46
Cork Racing Results | 21st May 2024 18:50,N/A,18:50,Good,7f,Byzantine Empress,S T McCullagh,0,Kevin Coleman,3rd,1/2 l,3,9-7,65,True,115,46
Cork Racing Results | 21st May 2024 18:50,N/A,18:50,Good,7f,The Bear Trap (IRE),P A Harnett,2,J Geoghegan,2nd,1 1/4 l,3,10-1,73,True,115,46
Cork Racing Results | 21st May 2024 18:50,N/A,18:50,Good,7f,Signor Ferrari (IRE),H J Horgan,2,J Feane,1st,N/A,3,9-8,66,True,115,46
Cork Racing Results | 21st May 2024 18:50,N/A,18:50,Good,7f,Bofa (IRE),C Horgan,4,J Feane,16th,2 3/4 l,3,8-9,53,True,115,46
Cork Racing Results | 21st May 2024 18:50,N/A,18:50,Good,7f,Liamo (IRE),J E Harnett,7,Brendan Walsh,15th,2 3/4 l,3,9-13t,71,True,115,46
Cork Racing Results | 21st May 2024 18:50,N/A,18:50,Good,7f,Basilah Bear (IRE),D King,0,D Marnane,14th,1 l,3,10-2,74,True,115,46
Cork Racing Results | 21st May 2024 18:50,N/A,18:50,Good,7f,Chou Chou (IRE),J A Powell,0,N Meade,13th,1 1/4 l,3,8-7p1,51,True,115,46
Cork Racing Results | 21st May 2024 18:50,N/A,18:50,Good,7f,Bruce Lightning (IRE),J Kearney,2,P Martin,12th,1/2 l,3,10-0h,72,True,115,46
Cork Racing Results | 21st May 2024 18:50,N/A,18:50,Good,7f,Dream Ticket (FR),M W Hassett,2,W McCreery,11th,1/2 l,3,9-4v,62,True,115,46
Cork Racing Results | 21st May 2024 18:50,N/A,18:50,Good,7f,Share The Treasure (IRE),Adam Caffrey,0,T Hogan,10th,1/2 l,3,9-1,59,True,115,46
Cork Racing Results | 21st May 2024 18:50,N/A,18:50,Good,7f,Crest Of The Moon (IRE),R Whearty,0,G P Cromwell,9th,1 l,3,8-7,51,True,115,46
Cork Racing Results | 21st May 2024 18:50,N/A,18:50,Good,7f,Timana (IRE),C J MacRedmond,0,K J Condon,8th,2 l,3,9-11p1,69,True,115,46
Cork Racing Results | 21st May 2024 18:50,N/A,18:50,Good,7f,Still Rolling (IRE),Gabriella Adela Hill,7,J S Bolger,7th,1/2 l,3,9-7,65,True,115,46
Cork Racing Results | 21st May 2024 18:50,N/A,18:50,Good,7f,Grand Citadel (IRE),Amy Jo Hayes,7,M Fenton,6th,Neck,3,8-7b,51,True,115,46
Cork Racing Results | 21st May 2024 18:50,N/A,18:50,Good,7f,Tiffany Mae (IRE),K G Kennedy,7,Mrs J Harrington,5th,1/2 l,3,9-4,62,True,115,46
Cork Racing Results | 21st May 2024 18:50,N/A,18:50,Good,7f,Artful Approach (IRE),J J G Ryan,0,J Davison,4th,1 1/4 l,3,9-12,70,True,115,46
Cork Racing Results | 21st May 2024 18:50,N/A,18:50,Good,7f,Byzantine Empress,S T McCullagh,0,Kevin Coleman,3rd,1/2 l,3,9-7,65,True,115,46
Cork Racing Results | 21st May 2024 18:50,N/A,18:50,Good,7f,The Bear Trap (IRE),P A Harnett,2,J Geoghegan,2nd,1 1/4 l,3,10-1,73,True,115,46
Cork Racing Results | 21st May 2024 18:50,N/A,18:50,Good,7f,Signor Ferrari (IRE),H J Horgan,2,J Feane,1st,N/A,3,9-8,66,True,115,46
Cork Racing Results | 21st May 2024 19:20,N/A,19:20,Yielding,1m 4f,Nutbush City,R C Colgan,0,A Lee,7th,3 3/4 l,4,10-2,-,True,115,47
Cork Racing Results | 21st May 2024 19:20,N/A,19:20,Yielding,1m 4f,Sing A New Song (IRE),R P Cleary,0,J S Bolger,6th,4 1/4 l,3,9-0,-,True,115,47
Cork Racing Results | 21st May 2024 19:20,N/A,19:20,Yielding,1m 4f,Bloom Vega (IRE),B M Coen,0,J P Murtagh,5th,3 1/2 l,3,9-0,-,True,115,47
Cork Racing Results | 21st May 2024 19:20,N/A,19:20,Yielding,1m 4f,Familiar Dreams,D P McDonogh,0,G Elliott,4th,3 1/2 l,5,10-2,-,True,115,47
Cork Racing Results | 21st May 2024 19:20,N/A,19:20,Yielding,1m 4f,Realt Na Ri (IRE),S Foley,0,Mrs J Harrington,3rd,3 3/4 l,3,9-0,-,True,115,47
Cork Racing Results | 21st May 2024 19:20,N/A,19:20,Yielding,1m 4f,Cancelled (IRE),W J Lee,0,W McCreery,2nd,1 3/4 l,3,9-0,-,True,115,47
Cork Racing Results | 21st May 2024 19:20,N/A,19:20,Yielding,1m 4f,Sixandahalf (IRE),G F Carroll,0,G P Cromwell,1st,N/A,4,10-2,-,True,115,47
Cork Racing Results | 21st May 2024 19:20,N/A,19:20,Yielding,1m 4f,Nutbush City,R C Colgan,0,A Lee,7th,3 3/4 l,4,10-2,-,True,115,47
Cork Racing Results | 21st May 2024 19:20,N/A,19:20,Yielding,1m 4f,Sing A New Song (IRE),R P Cleary,0,J S Bolger,6th,4 1/4 l,3,9-0,-,True,115,47
Cork Racing Results | 21st May 2024 19:20,N/A,19:20,Yielding,1m 4f,Bloom Vega (IRE),B M Coen,0,J P Murtagh,5th,3 1/2 l,3,9-0,-,True,115,47
Cork Racing Results | 21st May 2024 19:20,N/A,19:20,Yielding,1m 4f,Familiar Dreams,D P McDonogh,0,G Elliott,4th,3 1/2 l,5,10-2,-,True,115,47
Cork Racing Results | 21st May 2024 19:20,N/A,19:20,Yielding,1m 4f,Realt Na Ri (IRE),S Foley,0,Mrs J Harrington,3rd,3 3/4 l,3,9-0,-,True,115,47
Cork Racing Results | 21st May 2024 19:20,N/A,19:20,Yielding,1m 4f,Cancelled (IRE),W J Lee,0,W McCreery,2nd,1 3/4 l,3,9-0,-,True,115,47
Cork Racing Results | 21st May 2024 19:20,N/A,19:20,Yielding,1m 4f,Sixandahalf (IRE),G F Carroll,0,G P Cromwell,1st,N/A,4,10-2,-,True,115,47
Cork Racing Results | 21st May 2024 19:50,N/A,19:50,Yielding,1m 2f 20y,Albatala (IRE),Siobhan Rutledge,3,J C McConnell,NR,N/A,5,9-5t,54,True,115,48
Cork Racing Results | 21st May 2024 19:50,N/A,19:50,Yielding,1m 2f 20y,Cu Chulainn,L F Roche,0,Laura Hourigan,13th,1 3/4 l,6,10-2,65,True,115,48
Cork Racing Results | 21st May 2024 19:50,N/A,19:50,Yielding,1m 2f 20y,Lord Of Excess,G P Halpin,0,C Byrnes,12th,1/2 l,4,9-12,61,True,115,48
Cork Racing Results | 21st May 2024 19:50,N/A,19:50,Yielding,1m 2f 20y,Easky Maid (IRE),K J Leonard,0,Edward P Mitchell,11th,1 3/4 l,5,8-12,47,True,115,48
Cork Racing Results | 21st May 2024 19:50,N/A,19:50,Yielding,1m 2f 20y,The Dazzer (IRE),J J G Ryan,5,G Keane,10th,Short Head,5,8-12t,47,True,115,48
Cork Racing Results | 21st May 2024 19:50,N/A,19:50,Yielding,1m 2f 20y,Dromore Glory (IRE),C T Keane,0,P W Flynn,9th,Neck,5,9-5,54,True,115,48
Cork Racing Results | 21st May 2024 19:50,N/A,19:50,Yielding,1m 2f 20y,Benzine,A J Slattery,0,J Morrison,8th,2 l,5,8-12,47,True,115,48
Cork Racing Results | 21st May 2024 19:50,N/A,19:50,Yielding,1m 2f 20y,Akmaam (FR),D W O'Connor,0,J F Levins,7th,Head,6,9-13v1,62,True,115,48
Cork Racing Results | 21st May 2024 19:50,N/A,19:50,Yielding,1m 2f 20y,Explorers Way (IRE),J Kearney,5,P Martin,6th,Neck,5,10-0,63,True,115,48
Cork Racing Results | 21st May 2024 19:50,N/A,19:50,Yielding,1m 2f 20y,Lilac Lady (IRE),D E Sheehy,0,M C Grassick,5th,Nose,4,8-12b,47,True,115,48
Cork Racing Results | 21st May 2024 19:50,N/A,19:50,Yielding,1m 2f 20y,Lady Delila (IRE),D P McDonogh,0,C P Donoghue,4th,1 l,4,9-3,52,True,115,48
Cork Racing Results | 21st May 2024 19:50,N/A,19:50,Yielding,1m 2f 20y,Pascalia (IRE),B M Coen,0,J P Murtagh,3rd,2 1/4 l,4,9-12,61,True,115,48
Cork Racing Results | 21st May 2024 19:50,N/A,19:50,Yielding,1m 2f 20y,Doctor Grace (IRE),S Foley,0,M Halford & T Collins,2nd,Neck,4,9-7p,56,True,115,48
Cork Racing Results | 21st May 2024 19:50,N/A,19:50,Yielding,1m 2f 20y,Barretstown (IRE),W J Lee,0,C O'Dwyer,1st,N/A,6,9-2,51,True,115,48
Cork Racing Results | 21st May 2024 19:50,N/A,19:50,Yielding,1m 2f 20y,Albatala (IRE),Siobhan Rutledge,3,J C McConnell,NR,N/A,5,9-5t,54,True,115,48
Cork Racing Results | 21st May 2024 19:50,N/A,19:50,Yielding,1m 2f 20y,Cu Chulainn,L F Roche,0,Laura Hourigan,13th,1 3/4 l,6,10-2,65,True,115,48
Cork Racing Results | 21st May 2024 19:50,N/A,19:50,Yielding,1m 2f 20y,Lord Of Excess,G P Halpin,0,C Byrnes,12th,1/2 l,4,9-12,61,True,115,48
Cork Racing Results | 21st May 2024 19:50,N/A,19:50,Yielding,1m 2f 20y,Easky Maid (IRE),K J Leonard,0,Edward P Mitchell,11th,1 3/4 l,5,8-12,47,True,115,48
Cork Racing Results | 21st May 2024 19:50,N/A,19:50,Yielding,1m 2f 20y,The Dazzer (IRE),J J G Ryan,5,G Keane,10th,Short Head,5,8-12t,47,True,115,48
Cork Racing Results | 21st May 2024 19:50,N/A,19:50,Yielding,1m 2f 20y,Dromore Glory (IRE),C T Keane,0,P W Flynn,9th,Neck,5,9-5,54,True,115,48
Cork Racing Results | 21st May 2024 19:50,N/A,19:50,Yielding,1m 2f 20y,Benzine,A J Slattery,0,J Morrison,8th,2 l,5,8-12,47,True,115,48
Cork Racing Results | 21st May 2024 19:50,N/A,19:50,Yielding,1m 2f 20y,Akmaam (FR),D W O'Connor,0,J F Levins,7th,Head,6,9-13v1,62,True,115,48
Cork Racing Results | 21st May 2024 19:50,N/A,19:50,Yielding,1m 2f 20y,Explorers Way (IRE),J Kearney,5,P Martin,6th,Neck,5,10-0,63,True,115,48
Cork Racing Results | 21st May 2024 19:50,N/A,19:50,Yielding,1m 2f 20y,Lilac Lady (IRE),D E Sheehy,0,M C Grassick,5th,Nose,4,8-12b,47,True,115,48
Cork Racing Results | 21st May 2024 19:50,N/A,19:50,Yielding,1m 2f 20y,Lady Delila (IRE),D P McDonogh,0,C P Donoghue,4th,1 l,4,9-3,52,True,115,48
Cork Racing Results | 21st May 2024 19:50,N/A,19:50,Yielding,1m 2f 20y,Pascalia (IRE),B M Coen,0,J P Murtagh,3rd,2 1/4 l,4,9-12,61,True,115,48
Cork Racing Results | 21st May 2024 19:50,N/A,19:50,Yielding,1m 2f 20y,Doctor Grace (IRE),S Foley,0,M Halford & T Collins,2nd,Neck,4,9-7p,56,True,115,48
Cork Racing Results | 21st May 2024 19:50,N/A,19:50,Yielding,1m 2f 20y,Barretstown (IRE),W J Lee,0,C O'Dwyer,1st,N/A,6,9-2,51,True,115,48
Cork Racing Results | 21st May 2024 20:20,N/A,20:20,Yielding,1m 2f 20y,Epaulawn (IRE),K J Leonard,0,N G Hynds,NR,N/A,6,8-12t,47,True,115,49
Cork Racing Results | 21st May 2024 20:20,N/A,20:20,Yielding,1m 2f 20y,Power Drive,C T Keane,0,P W Flynn,NR,N/A,9,9-4p,53,True,115,49
Cork Racing Results | 21st May 2024 20:20,N/A,20:20,Yielding,1m 2f 20y,Craic Eile (IRE),J M Sheridan,0,D Budds,13th,9 1/2 l,7,8-12p,47,True,115,49
Cork Racing Results | 21st May 2024 20:20,N/A,20:20,Yielding,1m 2f 20y,Love Mocha,D W O'Connor,0,J C McConnell,12th,4 3/4 l,4,9-4,53,True,115,49
Cork Racing Results | 21st May 2024 20:20,N/A,20:20,Yielding,1m 2f 20y,Cloughaneely Mor (IRE),M P Sheehy,0,E Sheehy,11th,1 3/4 l,4,8-12t1,47,True,115,49
Cork Racing Results | 21st May 2024 20:20,N/A,20:20,Yielding,1m 2f 20y,Romann (IRE),D Egan,0,J F Levins,10th,3/4 l,7,8-12b,47,True,115,49
Cork Racing Results | 21st May 2024 20:20,N/A,20:20,Yielding,1m 2f 20y,Eyeshadow,D E Sheehy,0,M C Grassick,9th,3 3/4 l,4,9-12p1,61,True,115,49
Cork Racing Results | 21st May 2024 20:20,N/A,20:20,Yielding,1m 2f 20y,Young Lucy (IRE),S Foley,0,G Keane,8th,3/4 l,5,9-11,60,True,115,49
Cork Racing Results | 21st May 2024 20:20,N/A,20:20,Yielding,1m 2f 20y,Kartayaz (IRE),Siobhan Rutledge,3,J C McConnell,7th,1 1/4 l,7,8-13,48,True,115,49
Cork Racing Results | 21st May 2024 20:20,N/A,20:20,Yielding,1m 2f 20y,Spring Collection,M W Hassett,5,D H Kelly,6th,4 1/4 l,4,9-4,53,True,115,49
Cork Racing Results | 21st May 2024 20:20,N/A,20:20,Yielding,1m 2f 20y,Ranko Express (IRE),J A Heffernan,0,Kevin Coleman,5th,3/4 l,4,9-8,57,True,115,49
Cork Racing Results | 21st May 2024 20:20,N/A,20:20,Yielding,1m 2f 20y,Jeaniemacaroney (IRE),D McMonagle,0,J P O'Brien,4th,2 1/4 l,4,10-2,65,True,115,49
Cork Racing Results | 21st May 2024 20:20,N/A,20:20,Yielding,1m 2f 20y,So Messi (IRE),J J G Ryan,5,P Martin,3rd,Head,4,9-0t,49,True,115,49
Cork Racing Results | 21st May 2024 20:20,N/A,20:20,Yielding,1m 2f 20y,Tomahawk King (IRE),S T McCullagh,3,M Fenton,2nd,1/2 l,4,10-0,63,True,115,49
Cork Racing Results | 21st May 2024 20:20,N/A,20:20,Yielding,1m 2f 20y,Not Just Any Eagle (IRE),R Donaghue-Leahy,10,P J Flynn,1st,N/A,5,10-0,63,True,115,49
Cork Racing Results | 21st May 2024 20:20,N/A,20:20,Yielding,1m 2f 20y,Epaulawn (IRE),K J Leonard,0,N G Hynds,NR,N/A,6,8-12t,47,True,115,49
Cork Racing Results | 21st May 2024 20:20,N/A,20:20,Yielding,1m 2f 20y,Power Drive,C T Keane,0,P W Flynn,NR,N/A,9,9-4p,53,True,115,49
Cork Racing Results | 21st May 2024 20:20,N/A,20:20,Yielding,1m 2f 20y,Craic Eile (IRE),J M Sheridan,0,D Budds,13th,9 1/2 l,7,8-12p,47,True,115,49
Cork Racing Results | 21st May 2024 20:20,N/A,20:20,Yielding,1m 2f 20y,Love Mocha,D W O'Connor,0,J C McConnell,12th,4 3/4 l,4,9-4,53,True,115,49
Cork Racing Results | 21st May 2024 20:20,N/A,20:20,Yielding,1m 2f 20y,Cloughaneely Mor (IRE),M P Sheehy,0,E Sheehy,11th,1 3/4 l,4,8-12t1,47,True,115,49
Cork Racing Results | 21st May 2024 20:20,N/A,20:20,Yielding,1m 2f 20y,Romann (IRE),D Egan,0,J F Levins,10th,3/4 l,7,8-12b,47,True,115,49
Cork Racing Results | 21st May 2024 20:20,N/A,20:20,Yielding,1m 2f 20y,Eyeshadow,D E Sheehy,0,M C Grassick,9th,3 3/4 l,4,9-12p1,61,True,115,49
Cork Racing Results | 21st May 2024 20:20,N/A,20:20,Yielding,1m 2f 20y,Young Lucy (IRE),S Foley,0,G Keane,8th,3/4 l,5,9-11,60,True,115,49
Cork Racing Results | 21st May 2024 20:20,N/A,20:20,Yielding,1m 2f 20y,Kartayaz (IRE),Siobhan Rutledge,3,J C McConnell,7th,1 1/4 l,7,8-13,48,True,115,49
Cork Racing Results | 21st May 2024 20:20,N/A,20:20,Yielding,1m 2f 20y,Spring Collection,M W Hassett,5,D H Kelly,6th,4 1/4 l,4,9-4,53,True,115,49
Cork Racing Results | 21st May 2024 20:20,N/A,20:20,Yielding,1m 2f 20y,Ranko Express (IRE),J A Heffernan,0,Kevin Coleman,5th,3/4 l,4,9-8,57,True,115,49
Cork Racing Results | 21st May 2024 20:20,N/A,20:20,Yielding,1m 2f 20y,Jeaniemacaroney (IRE),D McMonagle,0,J P O'Brien,4th,2 1/4 l,4,10-2,65,True,115,49
Cork Racing Results | 21st May 2024 20:20,N/A,20:20,Yielding,1m 2f 20y,So Messi (IRE),J J G Ryan,5,P Martin,3rd,Head,4,9-0t,49,True,115,49
Cork Racing Results | 21st May 2024 20:20,N/A,20:20,Yielding,1m 2f 20y,Tomahawk King (IRE),S T McCullagh,3,M Fenton,2nd,1/2 l,4,10-0,63,True,115,49
Cork Racing Results | 21st May 2024 20:20,N/A,20:20,Yielding,1m 2f 20y,Not Just Any Eagle (IRE),R Donaghue-Leahy,10,P J Flynn,1st,N/A,5,10-0,63,True,115,49
Limerick Racing Results | 23rd May 2024 17:25,N/A,17:25,Good,2m 1f 160y,Thelonglad (IRE),S F O'Keeffe,0,M J McDonagh,NR,N/A,6,10-10t,80,True,115,50
Limerick Racing Results | 23rd May 2024 17:25,N/A,17:25,Good,2m 1f 160y,Deadheat (FR),Mr N McParlan,0,S McParlan,NR,N/A,11,12-0,98,True,115,50
Limerick Racing Results | 23rd May 2024 17:25,N/A,17:25,Good,2m 1f 160y,Pana To Milan (IRE),L A McKenna,5,M Winters,NR,N/A,6,11-11tp,95,True,115,50
Limerick Racing Results | 23rd May 2024 17:25,N/A,17:25,Good,2m 1f 160y,Prince Of Air (FR),S D Torrens,0,P J Rothwell,NR,N/A,7,11-6p,90,True,115,50
Limerick Racing Results | 23rd May 2024 17:25,N/A,17:25,Good,2m 1f 160y,Grizabella (IRE),J S McGarvey,0,J J Hanlon,PU,N/A,5,11-1,85,True,115,50
Limerick Racing Results | 23rd May 2024 17:25,N/A,17:25,Good,2m 1f 160y,The Declaimer (IRE),K M Donoghue,0,Tom Dreaper,PU,N/A,8,11-13,97,True,115,50
Limerick Racing Results | 23rd May 2024 17:25,N/A,17:25,Good,2m 1f 160y,Added Bonus (IRE),D J O'Keeffe,0,Brendan Walsh,7th,21 l,10,11-3tp,87,True,115,50
Limerick Racing Results | 23rd May 2024 17:25,N/A,17:25,Good,2m 1f 160y,Lakomet Of Saints (FR),P T Enright,0,J P Flavin,6th,5 l,6,11-3t,87,True,115,50
Limerick Racing Results | 23rd May 2024 17:25,N/A,17:25,Good,2m 1f 160y,Mahlers Cove (IRE),M P O'Connor,3,J J Mangan,5th,Neck,7,11-9,93,True,115,50
Limerick Racing Results | 23rd May 2024 17:25,N/A,17:25,Good,2m 1f 160y,Brown Monday (FR),Shane Fenelon,7,J J Hanlon,4th,2 1/2 l,7,12-0,98,True,115,50
Limerick Racing Results | 23rd May 2024 17:25,N/A,17:25,Good,2m 1f 160y,Druim Samhraidh (IRE),P K Donovan,5,C W J Farrell,3rd,5 l,11,11-3t1,87,True,115,50
Limerick Racing Results | 23rd May 2024 17:25,N/A,17:25,Good,2m 1f 160y,Barbaha Queen (IRE),C M Quirke,5,J P Ryan,2nd,9 l,8,10-8,78,True,115,50
Limerick Racing Results | 23rd May 2024 17:25,N/A,17:25,Good,2m 1f 160y,General Clermont (FR),G Brouder,5,D E Fitzgerald,1st,N/A,8,11-12,96,True,115,50
Limerick Racing Results | 23rd May 2024 17:25,N/A,17:25,Good,2m 1f 160y,Thelonglad (IRE),S F O'Keeffe,0,M J McDonagh,NR,N/A,6,10-10t,80,True,115,50
Limerick Racing Results | 23rd May 2024 17:25,N/A,17:25,Good,2m 1f 160y,Deadheat (FR),Mr N McParlan,0,S McParlan,NR,N/A,11,12-0,98,True,115,50
Limerick Racing Results | 23rd May 2024 17:25,N/A,17:25,Good,2m 1f 160y,Pana To Milan (IRE),L A McKenna,5,M Winters,NR,N/A,6,11-11tp,95,True,115,50
Limerick Racing Results | 23rd May 2024 17:25,N/A,17:25,Good,2m 1f 160y,Prince Of Air (FR),S D Torrens,0,P J Rothwell,NR,N/A,7,11-6p,90,True,115,50
Limerick Racing Results | 23rd May 2024 17:25,N/A,17:25,Good,2m 1f 160y,Grizabella (IRE),J S McGarvey,0,J J Hanlon,PU,N/A,5,11-1,85,True,115,50
Limerick Racing Results | 23rd May 2024 17:25,N/A,17:25,Good,2m 1f 160y,The Declaimer (IRE),K M Donoghue,0,Tom Dreaper,PU,N/A,8,11-13,97,True,115,50
Limerick Racing Results | 23rd May 2024 17:25,N/A,17:25,Good,2m 1f 160y,Added Bonus (IRE),D J O'Keeffe,0,Brendan Walsh,7th,21 l,10,11-3tp,87,True,115,50
Limerick Racing Results | 23rd May 2024 17:25,N/A,17:25,Good,2m 1f 160y,Lakomet Of Saints (FR),P T Enright,0,J P Flavin,6th,5 l,6,11-3t,87,True,115,50
Limerick Racing Results | 23rd May 2024 17:25,N/A,17:25,Good,2m 1f 160y,Mahlers Cove (IRE),M P O'Connor,3,J J Mangan,5th,Neck,7,11-9,93,True,115,50
Limerick Racing Results | 23rd May 2024 17:25,N/A,17:25,Good,2m 1f 160y,Brown Monday (FR),Shane Fenelon,7,J J Hanlon,4th,2 1/2 l,7,12-0,98,True,115,50
Limerick Racing Results | 23rd May 2024 17:25,N/A,17:25,Good,2m 1f 160y,Druim Samhraidh (IRE),P K Donovan,5,C W J Farrell,3rd,5 l,11,11-3t1,87,True,115,50
Limerick Racing Results | 23rd May 2024 17:25,N/A,17:25,Good,2m 1f 160y,Barbaha Queen (IRE),C M Quirke,5,J P Ryan,2nd,9 l,8,10-8,78,True,115,50
Limerick Racing Results | 23rd May 2024 17:25,N/A,17:25,Good,2m 1f 160y,General Clermont (FR),G Brouder,5,D E Fitzgerald,1st,N/A,8,11-12,96,True,115,50
