track_name,race_date,race_time,going,distance,horse_name,jockey,claims,trainer,race_position,lost_by_length,age,weight,rating,first_place_found,batch_number,url_index_in_batch
Killarney Racing Results | 14th July 2022 20:30,N/A,20:30,Good  Flat (Turf),2m 1f,Mr Billy (IRE),Miss P. B. Newman,7,Paul W. Flynn,12th,23 l,6,12-0,-,True,9,1
Killarney Racing Results | 14th July 2022 20:30,N/A,20:30,Good  Flat (Turf),2m 1f,Data Breach,Miss O. M. Queally,7,John Queally,11th,6 1/2 l,5,12-0,-,True,9,1
Killarney Racing Results | 14th July 2022 20:30,N/A,20:30,Good  Flat (Turf),2m 1f,Isla Be on to You (IRE),Miss P. Elvin,7,P. Tobin,10th,1/2 l,6,11-7t,-,True,9,1
Killarney Racing Results | 14th July 2022 20:30,N/A,20:30,Good  Flat (Turf),2m 1f,Mila Rodino (IRE),Miss F. Leaney,7,Mrs Lorna Fowler,9th,5 1/2 l,6,12-0,-,True,9,1
Killarney Racing Results | 14th July 2022 20:30,N/A,20:30,Good  Flat (Turf),2m 1f,Johnny Rose (IRE),Sarah Kavanagh,7,James M. Barcoe,8th,1/2 l,5,12-0,-,True,9,1
Killarney Racing Results | 14th July 2022 20:30,N/A,20:30,Good  Flat (Turf),2m 1f,Smallcraftwarning (IRE),Miss E. McCutcheon,7,Miss Evanna McCutcheon,7th,Head,5,12-0t1,-,True,9,1
Killarney Racing Results | 14th July 2022 20:30,N/A,20:30,Good  Flat (Turf),2m 1f,One Over the Top (IRE),Miss S. M. Doyle,7,N. Dooly,6th,1 1/2 l,5,11-7,-,True,9,1
Killarney Racing Results | 14th July 2022 20:30,N/A,20:30,Good  Flat (Turf),2m 1f,Fruit Hill (IRE),Miss J. Townend,5,John E. Kiely,5th,16 l,5,12-0,-,True,9,1
Killarney Racing Results | 14th July 2022 20:30,N/A,20:30,Good  Flat (Turf),2m 1f,Hob's Angel (IRE),Miss S. Ahern,7,Martin Gerard McGuane,4th,1 3/4 l,6,11-7,-,True,9,1
Killarney Racing Results | 14th July 2022 20:30,N/A,20:30,Good  Flat (Turf),2m 1f,Moresby Buoy (IRE),Miss J. Walton,7,Dermot P. O'Brien,3rd,15 l,5,12-0,-,True,9,1
Killarney Racing Results | 14th July 2022 20:30,N/A,20:30,Good  Flat (Turf),2m 1f,Brookie (IRE),Miss M. O'Sullivan,5,A. J. Martin,2nd,11 l,5,12-0,-,True,9,1
Killarney Racing Results | 14th July 2022 20:30,N/A,20:30,Good  Flat (Turf),2m 1f,Mon Coeur (IRE),Miss A. B. O'Connor,5,Joseph G. Murphy,1st,N/A,6,12-0,-,True,9,1
Killarney Racing Results | 14th July 2022 20:30,N/A,20:30,Good  Flat (Turf),2m 1f,Mr Billy (IRE),Miss P. B. Newman,7,Paul W. Flynn,12th,23 l,6,12-0,-,True,9,1
Killarney Racing Results | 14th July 2022 20:30,N/A,20:30,Good  Flat (Turf),2m 1f,Data Breach,Miss O. M. Queally,7,John Queally,11th,6 1/2 l,5,12-0,-,True,9,1
Killarney Racing Results | 14th July 2022 20:30,N/A,20:30,Good  Flat (Turf),2m 1f,Isla Be on to You (IRE),Miss P. Elvin,7,P. Tobin,10th,1/2 l,6,11-7t,-,True,9,1
Killarney Racing Results | 14th July 2022 20:30,N/A,20:30,Good  Flat (Turf),2m 1f,Mila Rodino (IRE),Miss F. Leaney,7,Mrs Lorna Fowler,9th,5 1/2 l,6,12-0,-,True,9,1
Killarney Racing Results | 14th July 2022 20:30,N/A,20:30,Good  Flat (Turf),2m 1f,Johnny Rose (IRE),Sarah Kavanagh,7,James M. Barcoe,8th,1/2 l,5,12-0,-,True,9,1
Killarney Racing Results | 14th July 2022 20:30,N/A,20:30,Good  Flat (Turf),2m 1f,Smallcraftwarning (IRE),Miss E. McCutcheon,7,Miss Evanna McCutcheon,7th,Head,5,12-0t1,-,True,9,1
Killarney Racing Results | 14th July 2022 20:30,N/A,20:30,Good  Flat (Turf),2m 1f,One Over the Top (IRE),Miss S. M. Doyle,7,N. Dooly,6th,1 1/2 l,5,11-7,-,True,9,1
Killarney Racing Results | 14th July 2022 20:30,N/A,20:30,Good  Flat (Turf),2m 1f,Fruit Hill (IRE),Miss J. Townend,5,John E. Kiely,5th,16 l,5,12-0,-,True,9,1
Killarney Racing Results | 14th July 2022 20:30,N/A,20:30,Good  Flat (Turf),2m 1f,Hob's Angel (IRE),Miss S. Ahern,7,Martin Gerard McGuane,4th,1 3/4 l,6,11-7,-,True,9,1
Killarney Racing Results | 14th July 2022 20:30,N/A,20:30,Good  Flat (Turf),2m 1f,Moresby Buoy (IRE),Miss J. Walton,7,Dermot P. O'Brien,3rd,15 l,5,12-0,-,True,9,1
Killarney Racing Results | 14th July 2022 20:30,N/A,20:30,Good  Flat (Turf),2m 1f,Brookie (IRE),Miss M. O'Sullivan,5,A. J. Martin,2nd,11 l,5,12-0,-,True,9,1
Killarney Racing Results | 14th July 2022 20:30,N/A,20:30,Good  Flat (Turf),2m 1f,Mon Coeur (IRE),Miss A. B. O'Connor,5,Joseph G. Murphy,1st,N/A,6,12-0,-,True,9,1
N/A,N/A,17:15,Good (Good To Firm In Places),7f,Quiz Test (IRE),Shane Foley,0,Mrs J. Harrington,12th,10 l,2,9-3,-,True,9,2
N/A,N/A,17:15,Good (Good To Firm In Places),7f,Slieve Binnian (IRE),R. P. Whelan,0,M. Halford,11th,1 3/4 l,2,9-7,-,True,9,2
N/A,N/A,17:15,Good (Good To Firm In Places),7f,Snowdonia Song (IRE),R. P. Cleary,0,J. S. Bolger,10th,1 3/4 l,2,8-10,-,True,9,2
N/A,N/A,17:15,Good (Good To Firm In Places),7f,Amemri,William James Lee,0,David Marnane,9th,1 3/4 l,2,9-0,-,True,9,2
N/A,N/A,17:15,Good (Good To Firm In Places),7f,Quick Blessing (IRE),R. Whearty,7,Gavin Patrick Cromwell,8th,1/2 l,2,9-7,-,True,9,2
N/A,N/A,17:15,Good (Good To Firm In Places),7f,Roman Moon (IRE),K. J. Manning,0,Kevin Prendergast,7th,1 l,2,9-0v1,-,True,9,2
N/A,N/A,17:15,Good (Good To Firm In Places),7f,Madakasham Jam (IRE),J. M. Sheridan,3,Jack W. Davison,6th,1/2 l,2,8-12,-,True,9,2
N/A,N/A,17:15,Good (Good To Firm In Places),7f,Wartime Warrior (IRE),Declan McDonogh,0,Joseph Patrick O'Brien,5th,1 1/2 l,2,9-5,-,True,9,2
N/A,N/A,17:15,Good (Good To Firm In Places),7f,Meggy Moo (IRE),C. T. Keane,0,Noel Meade,4th,3 l,2,8-12,-,True,9,2
N/A,N/A,17:15,Good (Good To Firm In Places),7f,Wave Machine (FR),Ben Martin Coen,0,John Patrick Murtagh,3rd,2 l,2,9-2,-,True,9,2
N/A,N/A,17:15,Good (Good To Firm In Places),7f,Queen Maedbh (IRE),G. F. Carroll,0,Gavin Patrick Cromwell,2nd,3/4 l,2,9-0,-,True,9,2
N/A,N/A,17:15,Good (Good To Firm In Places),7f,Montesilvano (IRE),S. M. Crosse,0,Joseph Patrick O'Brien,1st,N/A,2,9-3,-,True,9,2
N/A,N/A,17:15,Good (Good To Firm In Places),7f,Quiz Test (IRE),Shane Foley,0,Mrs J. Harrington,12th,10 l,2,9-3,-,True,9,2
N/A,N/A,17:15,Good (Good To Firm In Places),7f,Slieve Binnian (IRE),R. P. Whelan,0,M. Halford,11th,1 3/4 l,2,9-7,-,True,9,2
N/A,N/A,17:15,Good (Good To Firm In Places),7f,Snowdonia Song (IRE),R. P. Cleary,0,J. S. Bolger,10th,1 3/4 l,2,8-10,-,True,9,2
N/A,N/A,17:15,Good (Good To Firm In Places),7f,Amemri,William James Lee,0,David Marnane,9th,1 3/4 l,2,9-0,-,True,9,2
N/A,N/A,17:15,Good (Good To Firm In Places),7f,Quick Blessing (IRE),R. Whearty,7,Gavin Patrick Cromwell,8th,1/2 l,2,9-7,-,True,9,2
N/A,N/A,17:15,Good (Good To Firm In Places),7f,Roman Moon (IRE),K. J. Manning,0,Kevin Prendergast,7th,1 l,2,9-0v1,-,True,9,2
N/A,N/A,17:15,Good (Good To Firm In Places),7f,Madakasham Jam (IRE),J. M. Sheridan,3,Jack W. Davison,6th,1/2 l,2,8-12,-,True,9,2
N/A,N/A,17:15,Good (Good To Firm In Places),7f,Wartime Warrior (IRE),Declan McDonogh,0,Joseph Patrick O'Brien,5th,1 1/2 l,2,9-5,-,True,9,2
N/A,N/A,17:15,Good (Good To Firm In Places),7f,Meggy Moo (IRE),C. T. Keane,0,Noel Meade,4th,3 l,2,8-12,-,True,9,2
N/A,N/A,17:15,Good (Good To Firm In Places),7f,Wave Machine (FR),Ben Martin Coen,0,John Patrick Murtagh,3rd,2 l,2,9-2,-,True,9,2
N/A,N/A,17:15,Good (Good To Firm In Places),7f,Queen Maedbh (IRE),G. F. Carroll,0,Gavin Patrick Cromwell,2nd,3/4 l,2,9-0,-,True,9,2
N/A,N/A,17:15,Good (Good To Firm In Places),7f,Montesilvano (IRE),S. M. Crosse,0,Joseph Patrick O'Brien,1st,N/A,2,9-3,-,True,9,2
N/A,N/A,17:45,Good (Good To Firm In Places),7f,Morning Soldier (IRE),William James Lee,0,Thomas Mullins,7th,8 l,3,10-0b1,82,True,9,3
N/A,N/A,17:45,Good (Good To Firm In Places),7f,Marsa (IRE),C. D. Hayes,0,Edward Lynam,6th,6 1/2 l,3,9-7,75,True,9,3
N/A,N/A,17:45,Good (Good To Firm In Places),7f,Inchiquin Star (IRE),W. M. Lordan,0,David Marnane,5th,3 l,3,9-4,72,True,9,3
N/A,N/A,17:45,Good (Good To Firm In Places),7f,Corporal Violette (IRE),C. T. Keane,0,G. M. Lyons,4th,Head,3,10-0,82,True,9,3
N/A,N/A,17:45,Good (Good To Firm In Places),7f,Princess Rajj (IRE),S. McCullagh,5,Mrs J. Harrington,3rd,Neck,3,9-11tp,79,True,9,3
N/A,N/A,17:45,Good (Good To Firm In Places),7f,Navagio (IRE),Ben Martin Coen,0,John Patrick Murtagh,2nd,1 l,3,9-13h,81,True,9,3
N/A,N/A,17:45,Good (Good To Firm In Places),7f,Amanirenas (IRE),R. C. Colgan,0,M. C. Grassick,1st,N/A,3,8-13,67,True,9,3
N/A,N/A,17:45,Good (Good To Firm In Places),7f,Morning Soldier (IRE),William James Lee,0,Thomas Mullins,7th,8 l,3,10-0b1,82,True,9,3
N/A,N/A,17:45,Good (Good To Firm In Places),7f,Marsa (IRE),C. D. Hayes,0,Edward Lynam,6th,6 1/2 l,3,9-7,75,True,9,3
N/A,N/A,17:45,Good (Good To Firm In Places),7f,Inchiquin Star (IRE),W. M. Lordan,0,David Marnane,5th,3 l,3,9-4,72,True,9,3
N/A,N/A,17:45,Good (Good To Firm In Places),7f,Corporal Violette (IRE),C. T. Keane,0,G. M. Lyons,4th,Head,3,10-0,82,True,9,3
N/A,N/A,17:45,Good (Good To Firm In Places),7f,Princess Rajj (IRE),S. McCullagh,5,Mrs J. Harrington,3rd,Neck,3,9-11tp,79,True,9,3
N/A,N/A,17:45,Good (Good To Firm In Places),7f,Navagio (IRE),Ben Martin Coen,0,John Patrick Murtagh,2nd,1 l,3,9-13h,81,True,9,3
N/A,N/A,17:45,Good (Good To Firm In Places),7f,Amanirenas (IRE),R. C. Colgan,0,M. C. Grassick,1st,N/A,3,8-13,67,True,9,3
N/A,N/A,18:15,Good (Good To Firm In Places),7f,Bonnyrigg (IRE),N. M. Crosse,0,Richard John O'Brien,8th,3/4 l,4,9-7,68,True,9,4
N/A,N/A,18:15,Good (Good To Firm In Places),7f,Atlas (IRE),J. J. G. Ryan,4,T. G. McCourt,7th,Neck,9,8-13v,60,True,9,4
N/A,N/A,18:15,Good (Good To Firm In Places),7f,Skontonovski,C. J. MacRedmond,0,Adrian McGuinness,6th,Short Head,5,9-8v,69,True,9,4
N/A,N/A,18:15,Good (Good To Firm In Places),7f,Sunset Nova (IRE),Amy Jo Hayes,4,A. Slattery,5th,1/2 l,6,9-10,71,True,9,4
N/A,N/A,18:15,Good (Good To Firm In Places),7f,Craft Irish (IRE),J. Coen,2,P. J. F. Murphy,4th,1 1/4 l,4,10-3,78,True,9,4
N/A,N/A,18:15,Good (Good To Firm In Places),7f,Cleveleys,D. B. McMonagle,0,Richard John O'Brien,3rd,Head,4,9-4,65,True,9,4
N/A,N/A,18:15,Good (Good To Firm In Places),7f,Shamrock Sprig (IRE),P. A. Harnett,2,Eoin Joseph McDonagh,2nd,2 1/2 l,4,9-5,66,True,9,4
N/A,N/A,18:15,Good (Good To Firm In Places),7f,Ampeson,L. T. McAteer,0,P. J. McKenna,1st,N/A,5,10-1p,76,True,9,4
N/A,N/A,18:15,Good (Good To Firm In Places),7f,Bonnyrigg (IRE),N. M. Crosse,0,Richard John O'Brien,8th,3/4 l,4,9-7,68,True,9,4
N/A,N/A,18:15,Good (Good To Firm In Places),7f,Atlas (IRE),J. J. G. Ryan,4,T. G. McCourt,7th,Neck,9,8-13v,60,True,9,4
N/A,N/A,18:15,Good (Good To Firm In Places),7f,Skontonovski,C. J. MacRedmond,0,Adrian McGuinness,6th,Short Head,5,9-8v,69,True,9,4
N/A,N/A,18:15,Good (Good To Firm In Places),7f,Sunset Nova (IRE),Amy Jo Hayes,4,A. Slattery,5th,1/2 l,6,9-10,71,True,9,4
N/A,N/A,18:15,Good (Good To Firm In Places),7f,Craft Irish (IRE),J. Coen,2,P. J. F. Murphy,4th,1 1/4 l,4,10-3,78,True,9,4
N/A,N/A,18:15,Good (Good To Firm In Places),7f,Cleveleys,D. B. McMonagle,0,Richard John O'Brien,3rd,Head,4,9-4,65,True,9,4
N/A,N/A,18:15,Good (Good To Firm In Places),7f,Shamrock Sprig (IRE),P. A. Harnett,2,Eoin Joseph McDonagh,2nd,2 1/2 l,4,9-5,66,True,9,4
N/A,N/A,18:15,Good (Good To Firm In Places),7f,Ampeson,L. T. McAteer,0,P. J. McKenna,1st,N/A,5,10-1p,76,True,9,4
N/A,N/A,18:50,Good (Good To Firm In Places),1m,Zouperior,Shane Foley,0,Mrs J. Harrington,6th,1 3/4 l,2,9-2,-,True,9,5
N/A,N/A,18:50,Good (Good To Firm In Places),1m,Tea Olive (FR),C. T. Keane,0,Noel Meade,5th,Short Head,2,9-2,-,True,9,5
N/A,N/A,18:50,Good (Good To Firm In Places),1m,Halla Ban (IRE),K. J. Manning,0,J. S. Bolger,4th,3 1/2 l,2,9-2,-,True,9,5
N/A,N/A,18:50,Good (Good To Firm In Places),1m,Library (IRE),Seamie Heffernan,0,Aidan O'Brien,3rd,1 1/2 l,2,9-2,-,True,9,5
N/A,N/A,18:50,Good (Good To Firm In Places),1m,Amusement (IRE),K. J. Leonard,0,Donnacha Aidan O'Brien,2nd,2 l,2,9-2,-,True,9,5
N/A,N/A,18:50,Good (Good To Firm In Places),1m,Caroline Street (USA),S. M. Crosse,0,Joseph Patrick O'Brien,1st,N/A,2,9-2,-,True,9,5
N/A,N/A,18:50,Good (Good To Firm In Places),1m,Zouperior,Shane Foley,0,Mrs J. Harrington,6th,1 3/4 l,2,9-2,-,True,9,5
N/A,N/A,18:50,Good (Good To Firm In Places),1m,Tea Olive (FR),C. T. Keane,0,Noel Meade,5th,Short Head,2,9-2,-,True,9,5
N/A,N/A,18:50,Good (Good To Firm In Places),1m,Halla Ban (IRE),K. J. Manning,0,J. S. Bolger,4th,3 1/2 l,2,9-2,-,True,9,5
N/A,N/A,18:50,Good (Good To Firm In Places),1m,Library (IRE),Seamie Heffernan,0,Aidan O'Brien,3rd,1 1/2 l,2,9-2,-,True,9,5
N/A,N/A,18:50,Good (Good To Firm In Places),1m,Amusement (IRE),K. J. Leonard,0,Donnacha Aidan O'Brien,2nd,2 l,2,9-2,-,True,9,5
N/A,N/A,18:50,Good (Good To Firm In Places),1m,Caroline Street (USA),S. M. Crosse,0,Joseph Patrick O'Brien,1st,N/A,2,9-2,-,True,9,5
N/A,N/A,19:20,Good (Good To Firm In Places),1m 1f,Howth (IRE),Seamie Heffernan,0,Aidan O'Brien,6th,1 1/4 l,3,8-13,-,True,9,6
N/A,N/A,19:20,Good (Good To Firm In Places),1m 1f,Trevaunance (IRE),Shane Foley,0,Mrs J. Harrington,5th,2 1/4 l,3,8-10,-,True,9,6
N/A,N/A,19:20,Good (Good To Firm In Places),1m 1f,Georgeville,C. T. Keane,0,G. M. Lyons,4th,Neck,6,9-9t,-,True,9,6
N/A,N/A,19:20,Good (Good To Firm In Places),1m 1f,Patrick Sarsfield (FR),Declan McDonogh,0,Joseph Patrick O'Brien,3rd,1 1/4 l,6,9-9tp1,-,True,9,6
N/A,N/A,19:20,Good (Good To Firm In Places),1m 1f,Bear Story (IRE),R. P. Whelan,0,M. Halford,2nd,3 1/4 l,4,9-12,-,True,9,6
N/A,N/A,19:20,Good (Good To Firm In Places),1m 1f,Boundless Ocean (IRE),K. J. Manning,0,J. S. Bolger,1st,N/A,3,8-13,-,True,9,6
N/A,N/A,19:20,Good (Good To Firm In Places),1m 1f,Howth (IRE),Seamie Heffernan,0,Aidan O'Brien,6th,1 1/4 l,3,8-13,-,True,9,6
N/A,N/A,19:20,Good (Good To Firm In Places),1m 1f,Trevaunance (IRE),Shane Foley,0,Mrs J. Harrington,5th,2 1/4 l,3,8-10,-,True,9,6
N/A,N/A,19:20,Good (Good To Firm In Places),1m 1f,Georgeville,C. T. Keane,0,G. M. Lyons,4th,Neck,6,9-9t,-,True,9,6
N/A,N/A,19:20,Good (Good To Firm In Places),1m 1f,Patrick Sarsfield (FR),Declan McDonogh,0,Joseph Patrick O'Brien,3rd,1 1/4 l,6,9-9tp1,-,True,9,6
N/A,N/A,19:20,Good (Good To Firm In Places),1m 1f,Bear Story (IRE),R. P. Whelan,0,M. Halford,2nd,3 1/4 l,4,9-12,-,True,9,6
N/A,N/A,19:20,Good (Good To Firm In Places),1m 1f,Boundless Ocean (IRE),K. J. Manning,0,J. S. Bolger,1st,N/A,3,8-13,-,True,9,6
N/A,N/A,19:50,Good (Good To Firm In Places),1m 2f,Doran's Hope (IRE),G. F. Carroll,0,Emmet Mullins,5th,7 l,4,10-4h,-,True,9,7
N/A,N/A,19:50,Good (Good To Firm In Places),1m 2f,Layla Grace (IRE),C. D. Hayes,0,Thomas Dowling,4th,30 l,4,9-13,-,True,9,7
N/A,N/A,19:50,Good (Good To Firm In Places),1m 2f,Gatito Rapido (USA),William James Lee,0,Andrew Oliver,3rd,4 1/4 l,3,9-8,-,True,9,7
N/A,N/A,19:50,Good (Good To Firm In Places),1m 2f,Oh So Lovely (IRE),W. M. Lordan,0,Aidan O'Brien,2nd,3 l,3,9-3t1,-,True,9,7
N/A,N/A,19:50,Good (Good To Firm In Places),1m 2f,Point Gellibrand (IRE),S. M. Crosse,0,Joseph Patrick O'Brien,1st,N/A,3,9-8,-,True,9,7
N/A,N/A,19:50,Good (Good To Firm In Places),1m 2f,Doran's Hope (IRE),G. F. Carroll,0,Emmet Mullins,5th,7 l,4,10-4h,-,True,9,7
N/A,N/A,19:50,Good (Good To Firm In Places),1m 2f,Layla Grace (IRE),C. D. Hayes,0,Thomas Dowling,4th,30 l,4,9-13,-,True,9,7
N/A,N/A,19:50,Good (Good To Firm In Places),1m 2f,Gatito Rapido (USA),William James Lee,0,Andrew Oliver,3rd,4 1/4 l,3,9-8,-,True,9,7
N/A,N/A,19:50,Good (Good To Firm In Places),1m 2f,Oh So Lovely (IRE),W. M. Lordan,0,Aidan O'Brien,2nd,3 l,3,9-3t1,-,True,9,7
N/A,N/A,19:50,Good (Good To Firm In Places),1m 2f,Point Gellibrand (IRE),S. M. Crosse,0,Joseph Patrick O'Brien,1st,N/A,3,9-8,-,True,9,7
N/A,N/A,20:20,Good (Good To Firm In Places),1m 4f 180y,Dudley's Bar (IRE),Ben Martin Coen,0,John Patrick Murtagh,10th,Neck,3,9-2,70,True,9,8
N/A,N/A,20:20,Good (Good To Firm In Places),1m 4f 180y,Steps In The Sand (IRE),R. C. Colgan,0,Ms Sheila Lavery,9th,Head,3,8-12t,66,True,9,8
N/A,N/A,20:20,Good (Good To Firm In Places),1m 4f 180y,Duleek Street (IRE),Siobhan Rutledge,5,John McConnell,8th,Nose,4,9-10t,66,True,9,8
N/A,N/A,20:20,Good (Good To Firm In Places),1m 4f 180y,Gonetomillgrove (IRE),C. T. Keane,0,Jack W. Davison,7th,1 l,4,9-7,63,True,9,8
N/A,N/A,20:20,Good (Good To Firm In Places),1m 4f 180y,Alqabeela (IRE),W. M. Lordan,0,M. C. Grassick,6th,1/2 l,4,8-10,52,True,9,8
N/A,N/A,20:20,Good (Good To Firm In Places),1m 4f 180y,Snag It (IRE),William James Lee,0,Matthew J. Smith,5th,1 1/2 l,5,10-3,73,True,9,8
N/A,N/A,20:20,Good (Good To Firm In Places),1m 4f 180y,Rock of Candy (IRE),Shane Foley,0,Mrs J. Harrington,4th,Neck,3,9-4tp,72,True,9,8
N/A,N/A,20:20,Good (Good To Firm In Places),1m 4f 180y,Dammit (IRE),C. D. Hayes,0,Luke Comer,3rd,1/2 l,5,9-9p,65,True,9,8
N/A,N/A,20:20,Good (Good To Firm In Places),1m 4f 180y,S'all Good Man (IRE),D. W. O'Connor,0,W. T. Farrell,2nd,1 1/2 l,6,9-10p,66,True,9,8
N/A,N/A,20:20,Good (Good To Firm In Places),1m 4f 180y,La Hacienda,Declan McDonogh,0,Matthew J. Smith,1st,N/A,5,9-13p1,69,True,9,8
N/A,N/A,20:20,Good (Good To Firm In Places),1m 4f 180y,Dudley's Bar (IRE),Ben Martin Coen,0,John Patrick Murtagh,10th,Neck,3,9-2,70,True,9,8
N/A,N/A,20:20,Good (Good To Firm In Places),1m 4f 180y,Steps In The Sand (IRE),R. C. Colgan,0,Ms Sheila Lavery,9th,Head,3,8-12t,66,True,9,8
N/A,N/A,20:20,Good (Good To Firm In Places),1m 4f 180y,Duleek Street (IRE),Siobhan Rutledge,5,John McConnell,8th,Nose,4,9-10t,66,True,9,8
N/A,N/A,20:20,Good (Good To Firm In Places),1m 4f 180y,Gonetomillgrove (IRE),C. T. Keane,0,Jack W. Davison,7th,1 l,4,9-7,63,True,9,8
N/A,N/A,20:20,Good (Good To Firm In Places),1m 4f 180y,Alqabeela (IRE),W. M. Lordan,0,M. C. Grassick,6th,1/2 l,4,8-10,52,True,9,8
N/A,N/A,20:20,Good (Good To Firm In Places),1m 4f 180y,Snag It (IRE),William James Lee,0,Matthew J. Smith,5th,1 1/2 l,5,10-3,73,True,9,8
N/A,N/A,20:20,Good (Good To Firm In Places),1m 4f 180y,Rock of Candy (IRE),Shane Foley,0,Mrs J. Harrington,4th,Neck,3,9-4tp,72,True,9,8
N/A,N/A,20:20,Good (Good To Firm In Places),1m 4f 180y,Dammit (IRE),C. D. Hayes,0,Luke Comer,3rd,1/2 l,5,9-9p,65,True,9,8
N/A,N/A,20:20,Good (Good To Firm In Places),1m 4f 180y,S'all Good Man (IRE),D. W. O'Connor,0,W. T. Farrell,2nd,1 1/2 l,6,9-10p,66,True,9,8
N/A,N/A,20:20,Good (Good To Firm In Places),1m 4f 180y,La Hacienda,Declan McDonogh,0,Matthew J. Smith,1st,N/A,5,9-13p1,69,True,9,8
Killarney Racing Results | 15th July 2022 14:15,N/A,14:15,Good,2m 1f,Apache Hammy (IRE),R. J. Condon,7,W. J. Lanigan,PU,N/A,3,10-12,-,True,9,9
Killarney Racing Results | 15th July 2022 14:15,N/A,14:15,Good,2m 1f,Chargo,J. W. Kennedy,0,Gordon Elliott,F,N/A,3,10-5t1,-,True,9,9
Killarney Racing Results | 15th July 2022 14:15,N/A,14:15,Good,2m 1f,Darisana (FR),J. J. Slevin,0,P. J. Rothwell,9th,24 l,3,10-5,-,True,9,9
Killarney Racing Results | 15th July 2022 14:15,N/A,14:15,Good,2m 1f,Thetys (FR),Peter Carberry,0,A. J. Martin,8th,9 l,3,10-5,-,True,9,9
Killarney Racing Results | 15th July 2022 14:15,N/A,14:15,Good,2m 1f,You Do You Boo (IRE),Corey McGivern,7,Patrick Magee,7th,8 1/2 l,3,10-5t1,-,True,9,9
Killarney Racing Results | 15th July 2022 14:15,N/A,14:15,Good,2m 1f,Pepsiwithacap (IRE),Sean Flanagan,0,Gavin Patrick Cromwell,6th,3/4 l,3,10-5,-,True,9,9
Killarney Racing Results | 15th July 2022 14:15,N/A,14:15,Good,2m 1f,Poets Cottage (IRE),B. J. Cooper,0,Noel Meade,5th,10 l,3,10-12,-,True,9,9
Killarney Racing Results | 15th July 2022 14:15,N/A,14:15,Good,2m 1f,Petrila (IRE),D. J. O'Keeffe,0,Ross O'Sullivan,4th,3 1/4 l,3,10-12,-,True,9,9
Killarney Racing Results | 15th July 2022 14:15,N/A,14:15,Good,2m 1f,Mr Globalist (IRE),J. P. O'Sullivan,5,P. J. Rothwell,3rd,18 l,3,10-12,-,True,9,9
Killarney Racing Results | 15th July 2022 14:15,N/A,14:15,Good,2m 1f,Figaruso (IRE),P. T. Smithers,0,Joe Conlon,2nd,1 1/2 l,3,10-12,-,True,9,9
Killarney Racing Results | 15th July 2022 14:15,N/A,14:15,Good,2m 1f,The Insider (IRE),Jordan Colin Gainford,0,Gordon Elliott,1st,N/A,3,10-12,-,True,9,9
Killarney Racing Results | 15th July 2022 14:15,N/A,14:15,Good,2m 1f,Apache Hammy (IRE),R. J. Condon,7,W. J. Lanigan,PU,N/A,3,10-12,-,True,9,9
Killarney Racing Results | 15th July 2022 14:15,N/A,14:15,Good,2m 1f,Chargo,J. W. Kennedy,0,Gordon Elliott,F,N/A,3,10-5t1,-,True,9,9
Killarney Racing Results | 15th July 2022 14:15,N/A,14:15,Good,2m 1f,Darisana (FR),J. J. Slevin,0,P. J. Rothwell,9th,24 l,3,10-5,-,True,9,9
Killarney Racing Results | 15th July 2022 14:15,N/A,14:15,Good,2m 1f,Thetys (FR),Peter Carberry,0,A. J. Martin,8th,9 l,3,10-5,-,True,9,9
Killarney Racing Results | 15th July 2022 14:15,N/A,14:15,Good,2m 1f,You Do You Boo (IRE),Corey McGivern,7,Patrick Magee,7th,8 1/2 l,3,10-5t1,-,True,9,9
Killarney Racing Results | 15th July 2022 14:15,N/A,14:15,Good,2m 1f,Pepsiwithacap (IRE),Sean Flanagan,0,Gavin Patrick Cromwell,6th,3/4 l,3,10-5,-,True,9,9
Killarney Racing Results | 15th July 2022 14:15,N/A,14:15,Good,2m 1f,Poets Cottage (IRE),B. J. Cooper,0,Noel Meade,5th,10 l,3,10-12,-,True,9,9
Killarney Racing Results | 15th July 2022 14:15,N/A,14:15,Good,2m 1f,Petrila (IRE),D. J. O'Keeffe,0,Ross O'Sullivan,4th,3 1/4 l,3,10-12,-,True,9,9
Killarney Racing Results | 15th July 2022 14:15,N/A,14:15,Good,2m 1f,Mr Globalist (IRE),J. P. O'Sullivan,5,P. J. Rothwell,3rd,18 l,3,10-12,-,True,9,9
Killarney Racing Results | 15th July 2022 14:15,N/A,14:15,Good,2m 1f,Figaruso (IRE),P. T. Smithers,0,Joe Conlon,2nd,1 1/2 l,3,10-12,-,True,9,9
Killarney Racing Results | 15th July 2022 14:15,N/A,14:15,Good,2m 1f,The Insider (IRE),Jordan Colin Gainford,0,Gordon Elliott,1st,N/A,3,10-12,-,True,9,9
Killarney Racing Results | 15th July 2022 14:50,N/A,14:50,Good,2m 1f,A Nod To Getaway (IRE),Kevin A. Murphy,7,Paul O'Flynn,14th,3/4 l,5,11-1,89,True,9,10
Killarney Racing Results | 15th July 2022 14:50,N/A,14:50,Good,2m 1f,Ximli (IRE),Mr H. P. Cleary,7,P. J. Rothwell,13th,5 l,5,10-9t,83,True,9,10
Killarney Racing Results | 15th July 2022 14:50,N/A,14:50,Good,2m 1f,Anyonecanhaveitall,R. J. Condon,7,Eoin Doyle,12th,3/4 l,6,11-12,100,True,9,10
Killarney Racing Results | 15th July 2022 14:50,N/A,14:50,Good,2m 1f,Musical Melody (IRE),J. J. Slevin,0,Miss J. M. Lee,11th,Neck,7,10-8,82,True,9,10
Killarney Racing Results | 15th July 2022 14:50,N/A,14:50,Good,2m 1f,Presenting Dylan (IRE),P. J. Cawley,7,Brian Francis Cawley,10th,1 3/4 l,7,12-0t1,102,True,9,10
Killarney Racing Results | 15th July 2022 14:50,N/A,14:50,Good,2m 1f,Morepowertoya (FR),D. J. O'Keeffe,0,Paul Power,9th,2 1/4 l,4,11-5,97,True,9,10
Killarney Racing Results | 15th July 2022 14:50,N/A,14:50,Good,2m 1f,Run Like Fada (IRE),G. B. Noonan,7,Eoin Christopher McCarthy,8th,2 1/4 l,5,11-12,100,True,9,10
Killarney Racing Results | 15th July 2022 14:50,N/A,14:50,Good,2m 1f,Benefit Run (IRE),Jordan Colin Gainford,0,Ross O'Sullivan,7th,1/2 l,10,11-7,95,True,9,10
Killarney Racing Results | 15th July 2022 14:50,N/A,14:50,Good,2m 1f,Katie Dalie (IRE),Kieran Callaghan,7,Paul O'Flynn,6th,4 3/4 l,5,10-12,86,True,9,10
Killarney Racing Results | 15th July 2022 14:50,N/A,14:50,Good,2m 1f,Kalnoo (IRE),Phillip Enright,0,S. Curling,5th,2 1/2 l,5,11-2p,90,True,9,10
Killarney Racing Results | 15th July 2022 14:50,N/A,14:50,Good,2m 1f,My Boy Bob (IRE),Peter Carberry,0,A. J. Martin,4th,3 3/4 l,6,11-3t1,91,True,9,10
Killarney Racing Results | 15th July 2022 14:50,N/A,14:50,Good,2m 1f,Only One Plan (IRE),J. P. O'Sullivan,5,P. J. Rothwell,3rd,4 1/2 l,5,10-11,85,True,9,10
Killarney Racing Results | 15th July 2022 14:50,N/A,14:50,Good,2m 1f,Our Bobby (IRE),Niall Moore,7,John Michael Burke,2nd,2 1/4 l,5,11-7p,95,True,9,10
Killarney Racing Results | 15th July 2022 14:50,N/A,14:50,Good,2m 1f,Little Big Rocky (IRE),C. P. McNamara,0,Patrick Downey,1st,N/A,7,11-9,97,True,9,10
Killarney Racing Results | 15th July 2022 14:50,N/A,14:50,Good,2m 1f,A Nod To Getaway (IRE),Kevin A. Murphy,7,Paul O'Flynn,14th,3/4 l,5,11-1,89,True,9,10
Killarney Racing Results | 15th July 2022 14:50,N/A,14:50,Good,2m 1f,Ximli (IRE),Mr H. P. Cleary,7,P. J. Rothwell,13th,5 l,5,10-9t,83,True,9,10
Killarney Racing Results | 15th July 2022 14:50,N/A,14:50,Good,2m 1f,Anyonecanhaveitall,R. J. Condon,7,Eoin Doyle,12th,3/4 l,6,11-12,100,True,9,10
Killarney Racing Results | 15th July 2022 14:50,N/A,14:50,Good,2m 1f,Musical Melody (IRE),J. J. Slevin,0,Miss J. M. Lee,11th,Neck,7,10-8,82,True,9,10
Killarney Racing Results | 15th July 2022 14:50,N/A,14:50,Good,2m 1f,Presenting Dylan (IRE),P. J. Cawley,7,Brian Francis Cawley,10th,1 3/4 l,7,12-0t1,102,True,9,10
Killarney Racing Results | 15th July 2022 14:50,N/A,14:50,Good,2m 1f,Morepowertoya (FR),D. J. O'Keeffe,0,Paul Power,9th,2 1/4 l,4,11-5,97,True,9,10
Killarney Racing Results | 15th July 2022 14:50,N/A,14:50,Good,2m 1f,Run Like Fada (IRE),G. B. Noonan,7,Eoin Christopher McCarthy,8th,2 1/4 l,5,11-12,100,True,9,10
Killarney Racing Results | 15th July 2022 14:50,N/A,14:50,Good,2m 1f,Benefit Run (IRE),Jordan Colin Gainford,0,Ross O'Sullivan,7th,1/2 l,10,11-7,95,True,9,10
Killarney Racing Results | 15th July 2022 14:50,N/A,14:50,Good,2m 1f,Katie Dalie (IRE),Kieran Callaghan,7,Paul O'Flynn,6th,4 3/4 l,5,10-12,86,True,9,10
Killarney Racing Results | 15th July 2022 14:50,N/A,14:50,Good,2m 1f,Kalnoo (IRE),Phillip Enright,0,S. Curling,5th,2 1/2 l,5,11-2p,90,True,9,10
Killarney Racing Results | 15th July 2022 14:50,N/A,14:50,Good,2m 1f,My Boy Bob (IRE),Peter Carberry,0,A. J. Martin,4th,3 3/4 l,6,11-3t1,91,True,9,10
Killarney Racing Results | 15th July 2022 14:50,N/A,14:50,Good,2m 1f,Only One Plan (IRE),J. P. O'Sullivan,5,P. J. Rothwell,3rd,4 1/2 l,5,10-11,85,True,9,10
Killarney Racing Results | 15th July 2022 14:50,N/A,14:50,Good,2m 1f,Our Bobby (IRE),Niall Moore,7,John Michael Burke,2nd,2 1/4 l,5,11-7p,95,True,9,10
Killarney Racing Results | 15th July 2022 14:50,N/A,14:50,Good,2m 1f,Little Big Rocky (IRE),C. P. McNamara,0,Patrick Downey,1st,N/A,7,11-9,97,True,9,10
Killarney Racing Results | 15th July 2022 15:25,N/A,15:25,Good,2m 6f 180y,Light Fury (IRE),P. T. Smithers,7,Padraig Roche,UR,N/A,4,10-8t,-,True,9,11
Killarney Racing Results | 15th July 2022 15:25,N/A,15:25,Good,2m 6f 180y,Fascinating Jane (IRE),T. N. Brett,7,Ray Hackett,PU,N/A,5,10-13t,-,True,9,11
Killarney Racing Results | 15th July 2022 15:25,N/A,15:25,Good,2m 6f 180y,Cathys Quest (IRE),Phillip Enright,0,Terence O'Brien,PU,N/A,5,10-13,-,True,9,11
Killarney Racing Results | 15th July 2022 15:25,N/A,15:25,Good,2m 6f 180y,Presenting Ana (IRE),Jordan Colin Gainford,0,Sean Thomas Doyle,PU,N/A,7,10-13,-,True,9,11
Killarney Racing Results | 15th July 2022 15:25,N/A,15:25,Good,2m 6f 180y,Ladys Spirit (IRE),Sean Flanagan,0,Terence O'Brien,11th,17 l,5,10-13,-,True,9,11
Killarney Racing Results | 15th July 2022 15:25,N/A,15:25,Good,2m 6f 180y,Kadys Dirha (IRE),R. J. Condon,7,Thomas P. O'Connor,10th,24 l,5,10-13p1,-,True,9,11
Killarney Racing Results | 15th July 2022 15:25,N/A,15:25,Good,2m 6f 180y,Babbsy Yeats (IRE),C. P. McNamara,0,Terence O'Brien,9th,3 3/4 l,5,10-13,-,True,9,11
Killarney Racing Results | 15th July 2022 15:25,N/A,15:25,Good,2m 6f 180y,Fiery Brown (IRE),Kieran Callaghan,7,Sean O. O'Brien,8th,24 l,6,10-13,-,True,9,11
Killarney Racing Results | 15th July 2022 15:25,N/A,15:25,Good,2m 6f 180y,Punk Rock Girl (IRE),Corey McGivern,7,Cian Michael Collins,7th,9 1/2 l,4,10-8,-,True,9,11
Killarney Racing Results | 15th July 2022 15:25,N/A,15:25,Good,2m 6f 180y,Bridal Knot (IRE),J. J. Slevin,0,Thomas Mullins,6th,1/2 l,5,10-13,-,True,9,11
Killarney Racing Results | 15th July 2022 15:25,N/A,15:25,Good,2m 6f 180y,Tasiteasai (IRE),D. E. Mullins,0,W. P. Mullins,5th,3 1/2 l,5,11-7t,-,True,9,11
Killarney Racing Results | 15th July 2022 15:25,N/A,15:25,Good,2m 6f 180y,Female Approach (IRE),B. J. Cooper,0,Noel Meade,4th,1 1/2 l,4,11-2,-,True,9,11
Killarney Racing Results | 15th July 2022 15:25,N/A,15:25,Good,2m 6f 180y,Kelly's Birr (IRE),S. Fitzgerald,0,John Patrick Ryan,3rd,8 l,5,10-13,-,True,9,11
Killarney Racing Results | 15th July 2022 15:25,N/A,15:25,Good,2m 6f 180y,Queshi Bridge (IRE),D. J. O'Keeffe,0,Edmond Kent,2nd,12 l,6,10-13,-,True,9,11
Killarney Racing Results | 15th July 2022 15:25,N/A,15:25,Good,2m 6f 180y,Shannon Glory (IRE),J. W. Kennedy,0,Paul Power,1st,N/A,5,10-13,-,True,9,11
Killarney Racing Results | 15th July 2022 15:25,N/A,15:25,Good,2m 6f 180y,Light Fury (IRE),P. T. Smithers,7,Padraig Roche,UR,N/A,4,10-8t,-,True,9,11
Killarney Racing Results | 15th July 2022 15:25,N/A,15:25,Good,2m 6f 180y,Fascinating Jane (IRE),T. N. Brett,7,Ray Hackett,PU,N/A,5,10-13t,-,True,9,11
Killarney Racing Results | 15th July 2022 15:25,N/A,15:25,Good,2m 6f 180y,Cathys Quest (IRE),Phillip Enright,0,Terence O'Brien,PU,N/A,5,10-13,-,True,9,11
Killarney Racing Results | 15th July 2022 15:25,N/A,15:25,Good,2m 6f 180y,Presenting Ana (IRE),Jordan Colin Gainford,0,Sean Thomas Doyle,PU,N/A,7,10-13,-,True,9,11
Killarney Racing Results | 15th July 2022 15:25,N/A,15:25,Good,2m 6f 180y,Ladys Spirit (IRE),Sean Flanagan,0,Terence O'Brien,11th,17 l,5,10-13,-,True,9,11
Killarney Racing Results | 15th July 2022 15:25,N/A,15:25,Good,2m 6f 180y,Kadys Dirha (IRE),R. J. Condon,7,Thomas P. O'Connor,10th,24 l,5,10-13p1,-,True,9,11
Killarney Racing Results | 15th July 2022 15:25,N/A,15:25,Good,2m 6f 180y,Babbsy Yeats (IRE),C. P. McNamara,0,Terence O'Brien,9th,3 3/4 l,5,10-13,-,True,9,11
Killarney Racing Results | 15th July 2022 15:25,N/A,15:25,Good,2m 6f 180y,Fiery Brown (IRE),Kieran Callaghan,7,Sean O. O'Brien,8th,24 l,6,10-13,-,True,9,11
Killarney Racing Results | 15th July 2022 15:25,N/A,15:25,Good,2m 6f 180y,Punk Rock Girl (IRE),Corey McGivern,7,Cian Michael Collins,7th,9 1/2 l,4,10-8,-,True,9,11
Killarney Racing Results | 15th July 2022 15:25,N/A,15:25,Good,2m 6f 180y,Bridal Knot (IRE),J. J. Slevin,0,Thomas Mullins,6th,1/2 l,5,10-13,-,True,9,11
Killarney Racing Results | 15th July 2022 15:25,N/A,15:25,Good,2m 6f 180y,Tasiteasai (IRE),D. E. Mullins,0,W. P. Mullins,5th,3 1/2 l,5,11-7t,-,True,9,11
Killarney Racing Results | 15th July 2022 15:25,N/A,15:25,Good,2m 6f 180y,Female Approach (IRE),B. J. Cooper,0,Noel Meade,4th,1 1/2 l,4,11-2,-,True,9,11
Killarney Racing Results | 15th July 2022 15:25,N/A,15:25,Good,2m 6f 180y,Kelly's Birr (IRE),S. Fitzgerald,0,John Patrick Ryan,3rd,8 l,5,10-13,-,True,9,11
Killarney Racing Results | 15th July 2022 15:25,N/A,15:25,Good,2m 6f 180y,Queshi Bridge (IRE),D. J. O'Keeffe,0,Edmond Kent,2nd,12 l,6,10-13,-,True,9,11
Killarney Racing Results | 15th July 2022 15:25,N/A,15:25,Good,2m 6f 180y,Shannon Glory (IRE),J. W. Kennedy,0,Paul Power,1st,N/A,5,10-13,-,True,9,11
Killarney Racing Results | 15th July 2022 16:00,N/A,16:00,Good,2m 4f,Oneknightmoreihope (IRE),Jordan Colin Gainford,0,Noel Glynn,PU,N/A,7,10-1p,104,True,9,12
Killarney Racing Results | 15th July 2022 16:00,N/A,16:00,Good,2m 4f,Heroes Of Renown (IRE),Sean Flanagan,0,J. D. Motherway,10th,18 l,8,11-5b1,122,True,9,12
Killarney Racing Results | 15th July 2022 16:00,N/A,16:00,Good,2m 4f,Slige Dala (IRE),J. J. Slevin,0,Joseph Patrick O'Brien,9th,6 1/2 l,7,11-6,123,True,9,12
Killarney Racing Results | 15th July 2022 16:00,N/A,16:00,Good,2m 4f,Auckland (GER),D. E. Mullins,0,Anthony Mullins,8th,1/2 l,5,11-3p,120,True,9,12
Killarney Racing Results | 15th July 2022 16:00,N/A,16:00,Good,2m 4f,Goodbye Someday (IRE),E. Walsh,5,John E. Kiely,7th,Neck,8,11-8,125,True,9,12
Killarney Racing Results | 15th July 2022 16:00,N/A,16:00,Good,2m 4f,Dark Spark (IRE),D. J. O'Keeffe,0,Michael Winters,6th,1 l,6,11-12p,129,True,9,12
Killarney Racing Results | 15th July 2022 16:00,N/A,16:00,Good,2m 4f,Cahirdown Boy (IRE),C. P. McNamara,0,Eric McNamara,5th,1/2 l,7,10-3t,106,True,9,12
Killarney Racing Results | 15th July 2022 16:00,N/A,16:00,Good,2m 4f,Smitty Bacall (IRE),J. W. Kennedy,0,J. P. Flavin,4th,12 l,11,10-9,112,True,9,12
Killarney Racing Results | 15th July 2022 16:00,N/A,16:00,Good,2m 4f,Summer Tide (IRE),Phillip Enright,0,Charles Byrnes,3rd,4 1/2 l,7,10-11v,114,True,9,12
Killarney Racing Results | 15th July 2022 16:00,N/A,16:00,Good,2m 4f,Kells Priory (IRE),C. G. O'Dwyer,7,Louise G. Lyons,2nd,Neck,5,10-2p1,105,True,9,12
Killarney Racing Results | 15th July 2022 16:00,N/A,16:00,Good,2m 4f,Magnor Glory (IRE),S. Fitzgerald,3,Terence O'Brien,1st,N/A,6,11-1h,118,True,9,12
Killarney Racing Results | 15th July 2022 16:00,N/A,16:00,Good,2m 4f,Oneknightmoreihope (IRE),Jordan Colin Gainford,0,Noel Glynn,PU,N/A,7,10-1p,104,True,9,12
Killarney Racing Results | 15th July 2022 16:00,N/A,16:00,Good,2m 4f,Heroes Of Renown (IRE),Sean Flanagan,0,J. D. Motherway,10th,18 l,8,11-5b1,122,True,9,12
Killarney Racing Results | 15th July 2022 16:00,N/A,16:00,Good,2m 4f,Slige Dala (IRE),J. J. Slevin,0,Joseph Patrick O'Brien,9th,6 1/2 l,7,11-6,123,True,9,12
Killarney Racing Results | 15th July 2022 16:00,N/A,16:00,Good,2m 4f,Auckland (GER),D. E. Mullins,0,Anthony Mullins,8th,1/2 l,5,11-3p,120,True,9,12
Killarney Racing Results | 15th July 2022 16:00,N/A,16:00,Good,2m 4f,Goodbye Someday (IRE),E. Walsh,5,John E. Kiely,7th,Neck,8,11-8,125,True,9,12
Killarney Racing Results | 15th July 2022 16:00,N/A,16:00,Good,2m 4f,Dark Spark (IRE),D. J. O'Keeffe,0,Michael Winters,6th,1 l,6,11-12p,129,True,9,12
Killarney Racing Results | 15th July 2022 16:00,N/A,16:00,Good,2m 4f,Cahirdown Boy (IRE),C. P. McNamara,0,Eric McNamara,5th,1/2 l,7,10-3t,106,True,9,12
Killarney Racing Results | 15th July 2022 16:00,N/A,16:00,Good,2m 4f,Smitty Bacall (IRE),J. W. Kennedy,0,J. P. Flavin,4th,12 l,11,10-9,112,True,9,12
Killarney Racing Results | 15th July 2022 16:00,N/A,16:00,Good,2m 4f,Summer Tide (IRE),Phillip Enright,0,Charles Byrnes,3rd,4 1/2 l,7,10-11v,114,True,9,12
Killarney Racing Results | 15th July 2022 16:00,N/A,16:00,Good,2m 4f,Kells Priory (IRE),C. G. O'Dwyer,7,Louise G. Lyons,2nd,Neck,5,10-2p1,105,True,9,12
Killarney Racing Results | 15th July 2022 16:00,N/A,16:00,Good,2m 4f,Magnor Glory (IRE),S. Fitzgerald,3,Terence O'Brien,1st,N/A,6,11-1h,118,True,9,12
Killarney Racing Results | 15th July 2022 16:35,N/A,16:35,Good,2m 1f,Timoteo (FR),Sean Flanagan,0,Henry de Bromhead,7th,4 1/2 l,9,10-7,123,True,9,13
Killarney Racing Results | 15th July 2022 16:35,N/A,16:35,Good,2m 1f,Defan,D. J. O'Keeffe,0,Henry de Bromhead,6th,7 1/2 l,6,10-13,129,True,9,13
Killarney Racing Results | 15th July 2022 16:35,N/A,16:35,Good,2m 1f,Vado Forte (FR),Corey McGivern,7,Gordon Elliott,5th,Neck,9,11-10,140,True,9,13
Killarney Racing Results | 15th July 2022 16:35,N/A,16:35,Good,2m 1f,Unexcepted (FR),Mr H. C. Swan,7,Padraig Roche,4th,4 1/2 l,8,11-12,142,True,9,13
Killarney Racing Results | 15th July 2022 16:35,N/A,16:35,Good,2m 1f,Espion Du Chenet (FR),Phillip Enright,0,Louise G. Lyons,3rd,11 l,8,11-3t,133,True,9,13
Killarney Racing Results | 15th July 2022 16:35,N/A,16:35,Good,2m 1f,Ferdia (IRE),Philip Donovan,5,John Patrick Ryan,2nd,9 l,6,10-2,118,True,9,13
Killarney Racing Results | 15th July 2022 16:35,N/A,16:35,Good,2m 1f,The Dara Man (IRE),D. E. Mullins,0,John Patrick Ryan,1st,N/A,7,10-2,118,True,9,13
Killarney Racing Results | 15th July 2022 16:35,N/A,16:35,Good,2m 1f,Timoteo (FR),Sean Flanagan,0,Henry de Bromhead,7th,4 1/2 l,9,10-7,123,True,9,13
Killarney Racing Results | 15th July 2022 16:35,N/A,16:35,Good,2m 1f,Defan,D. J. O'Keeffe,0,Henry de Bromhead,6th,7 1/2 l,6,10-13,129,True,9,13
Killarney Racing Results | 15th July 2022 16:35,N/A,16:35,Good,2m 1f,Vado Forte (FR),Corey McGivern,7,Gordon Elliott,5th,Neck,9,11-10,140,True,9,13
Killarney Racing Results | 15th July 2022 16:35,N/A,16:35,Good,2m 1f,Unexcepted (FR),Mr H. C. Swan,7,Padraig Roche,4th,4 1/2 l,8,11-12,142,True,9,13
Killarney Racing Results | 15th July 2022 16:35,N/A,16:35,Good,2m 1f,Espion Du Chenet (FR),Phillip Enright,0,Louise G. Lyons,3rd,11 l,8,11-3t,133,True,9,13
Killarney Racing Results | 15th July 2022 16:35,N/A,16:35,Good,2m 1f,Ferdia (IRE),Philip Donovan,5,John Patrick Ryan,2nd,9 l,6,10-2,118,True,9,13
Killarney Racing Results | 15th July 2022 16:35,N/A,16:35,Good,2m 1f,The Dara Man (IRE),D. E. Mullins,0,John Patrick Ryan,1st,N/A,7,10-2,118,True,9,13
Killarney Racing Results | 15th July 2022 17:10,N/A,17:10,Good,2m 1f,Absberg (IRE),Cian Cullinan,7,Gearoid Patrick Brouder,UR,N/A,5,10-9h,-,True,9,14
Killarney Racing Results | 15th July 2022 17:10,N/A,17:10,Good,2m 1f,Hazran (IRE),Sean Flanagan,0,Eugene M. O'Sullivan,4th,25 l,6,11-7t,-,True,9,14
Killarney Racing Results | 15th July 2022 17:10,N/A,17:10,Good,2m 1f,Influential Lady (IRE),Sarah Kavanagh,7,James M. Barcoe,3rd,2 1/2 l,8,10-9t,-,True,9,14
Killarney Racing Results | 15th July 2022 17:10,N/A,17:10,Good,2m 1f,The Little Yank (IRE),S. Fitzgerald,0,John Patrick Ryan,2nd,6 l,7,11-2,-,True,9,14
Killarney Racing Results | 15th July 2022 17:10,N/A,17:10,Good,2m 1f,Ash Tree Meadow (FR),J. W. Kennedy,0,Gordon Elliott,1st,N/A,6,11-12t,-,True,9,14
Killarney Racing Results | 15th July 2022 17:10,N/A,17:10,Good,2m 1f,Absberg (IRE),Cian Cullinan,7,Gearoid Patrick Brouder,UR,N/A,5,10-9h,-,True,9,14
Killarney Racing Results | 15th July 2022 17:10,N/A,17:10,Good,2m 1f,Hazran (IRE),Sean Flanagan,0,Eugene M. O'Sullivan,4th,25 l,6,11-7t,-,True,9,14
Killarney Racing Results | 15th July 2022 17:10,N/A,17:10,Good,2m 1f,Influential Lady (IRE),Sarah Kavanagh,7,James M. Barcoe,3rd,2 1/2 l,8,10-9t,-,True,9,14
Killarney Racing Results | 15th July 2022 17:10,N/A,17:10,Good,2m 1f,The Little Yank (IRE),S. Fitzgerald,0,John Patrick Ryan,2nd,6 l,7,11-2,-,True,9,14
Killarney Racing Results | 15th July 2022 17:10,N/A,17:10,Good,2m 1f,Ash Tree Meadow (FR),J. W. Kennedy,0,Gordon Elliott,1st,N/A,6,11-12t,-,True,9,14
Killarney Racing Results | 15th July 2022 17:40,N/A,17:40,Good  Flat (Turf),2m 1f,Dirha Lady (IRE),Ms S. C. McNamara,7,Thomas P. O'Connor,12th,33 l,5,11-4,-,True,9,15
Killarney Racing Results | 15th July 2022 17:40,N/A,17:40,Good  Flat (Turf),2m 1f,Kay's Memory (IRE),Mr D. O'Connor,0,Peter Fahey,11th,8 l,5,11-4,-,True,9,15
Killarney Racing Results | 15th July 2022 17:40,N/A,17:40,Good  Flat (Turf),2m 1f,Sineads Fancy (IRE),G. B. Noonan,7,Leonard Paul Flynn,10th,7 1/2 l,5,11-4,-,True,9,15
Killarney Racing Results | 15th July 2022 17:40,N/A,17:40,Good  Flat (Turf),2m 1f,Florello Girl (IRE),Mr S. Cavanagh,7,Mary E Doyle,9th,Head,4,11-0,-,True,9,15
Killarney Racing Results | 15th July 2022 17:40,N/A,17:40,Good  Flat (Turf),2m 1f,Twolittlegirls (IRE),Mr T. Hamilton,0,Garrett James Power,8th,1 l,5,11-4,-,True,9,15
Killarney Racing Results | 15th July 2022 17:40,N/A,17:40,Good  Flat (Turf),2m 1f,Batting Bay (IRE),Mr T. Power Roche,7,N. Dooly,7th,7 l,6,11-4t1,-,True,9,15
Killarney Racing Results | 15th July 2022 17:40,N/A,17:40,Good  Flat (Turf),2m 1f,Russellsbelle (IRE),Mr E. P. O'Brien,5,Paul O'Flynn,6th,5 1/2 l,5,11-4,-,True,9,15
Killarney Racing Results | 15th July 2022 17:40,N/A,17:40,Good  Flat (Turf),2m 1f,Fairy Tree (IRE),Mr J. Kelly Smith,7,Matthew J. Smith,5th,1 l,5,11-4,-,True,9,15
Killarney Racing Results | 15th July 2022 17:40,N/A,17:40,Good  Flat (Turf),2m 1f,Zingara Lass (IRE),Mr J. C. Barry,3,Miss Hilary McLoughlin,4th,9 l,5,11-4,-,True,9,15
Killarney Racing Results | 15th July 2022 17:40,N/A,17:40,Good  Flat (Turf),2m 1f,Champella (IRE),Mr T. P. Harney,7,Ross O'Sullivan,3rd,4 3/4 l,4,11-7,-,True,9,15
Killarney Racing Results | 15th July 2022 17:40,N/A,17:40,Good  Flat (Turf),2m 1f,Champagne Fame (IRE),Mr M. J. M. O'Sullivan,7,Joe Conlon,2nd,1 1/2 l,6,11-4,-,True,9,15
Killarney Racing Results | 15th July 2022 17:40,N/A,17:40,Good  Flat (Turf),2m 1f,Saylavee (IRE),Mr P. W. Mullins,0,W. P. Mullins,1st,N/A,5,11-11,-,True,9,15
Killarney Racing Results | 15th July 2022 17:40,N/A,17:40,Good  Flat (Turf),2m 1f,Dirha Lady (IRE),Ms S. C. McNamara,7,Thomas P. O'Connor,12th,33 l,5,11-4,-,True,9,15
Killarney Racing Results | 15th July 2022 17:40,N/A,17:40,Good  Flat (Turf),2m 1f,Kay's Memory (IRE),Mr D. O'Connor,0,Peter Fahey,11th,8 l,5,11-4,-,True,9,15
Killarney Racing Results | 15th July 2022 17:40,N/A,17:40,Good  Flat (Turf),2m 1f,Sineads Fancy (IRE),G. B. Noonan,7,Leonard Paul Flynn,10th,7 1/2 l,5,11-4,-,True,9,15
Killarney Racing Results | 15th July 2022 17:40,N/A,17:40,Good  Flat (Turf),2m 1f,Florello Girl (IRE),Mr S. Cavanagh,7,Mary E Doyle,9th,Head,4,11-0,-,True,9,15
Killarney Racing Results | 15th July 2022 17:40,N/A,17:40,Good  Flat (Turf),2m 1f,Twolittlegirls (IRE),Mr T. Hamilton,0,Garrett James Power,8th,1 l,5,11-4,-,True,9,15
Killarney Racing Results | 15th July 2022 17:40,N/A,17:40,Good  Flat (Turf),2m 1f,Batting Bay (IRE),Mr T. Power Roche,7,N. Dooly,7th,7 l,6,11-4t1,-,True,9,15
Killarney Racing Results | 15th July 2022 17:40,N/A,17:40,Good  Flat (Turf),2m 1f,Russellsbelle (IRE),Mr E. P. O'Brien,5,Paul O'Flynn,6th,5 1/2 l,5,11-4,-,True,9,15
Killarney Racing Results | 15th July 2022 17:40,N/A,17:40,Good  Flat (Turf),2m 1f,Fairy Tree (IRE),Mr J. Kelly Smith,7,Matthew J. Smith,5th,1 l,5,11-4,-,True,9,15
Killarney Racing Results | 15th July 2022 17:40,N/A,17:40,Good  Flat (Turf),2m 1f,Zingara Lass (IRE),Mr J. C. Barry,3,Miss Hilary McLoughlin,4th,9 l,5,11-4,-,True,9,15
Killarney Racing Results | 15th July 2022 17:40,N/A,17:40,Good  Flat (Turf),2m 1f,Champella (IRE),Mr T. P. Harney,7,Ross O'Sullivan,3rd,4 3/4 l,4,11-7,-,True,9,15
Killarney Racing Results | 15th July 2022 17:40,N/A,17:40,Good  Flat (Turf),2m 1f,Champagne Fame (IRE),Mr M. J. M. O'Sullivan,7,Joe Conlon,2nd,1 1/2 l,6,11-4,-,True,9,15
Killarney Racing Results | 15th July 2022 17:40,N/A,17:40,Good  Flat (Turf),2m 1f,Saylavee (IRE),Mr P. W. Mullins,0,W. P. Mullins,1st,N/A,5,11-11,-,True,9,15
Kilbeggan Racing Results | 15th July 2022 17:30,N/A,17:30,Good (Good To Yielding In Places),2m 3f,Moyvilla Lass (IRE),Richard Deegan,0,Eoin Christopher McCarthy,14th,8 l,4,10-6,-,True,9,16
Kilbeggan Racing Results | 15th July 2022 17:30,N/A,17:30,Good (Good To Yielding In Places),2m 3f,Doyen Ta Win (IRE),S. D. Torrens,0,Declan Queally,13th,33 l,4,10-6h,-,True,9,16
Kilbeggan Racing Results | 15th July 2022 17:30,N/A,17:30,Good (Good To Yielding In Places),2m 3f,Izeo (FR),S. F. O'Keeffe,0,Miss Elizabeth Doyle,12th,1 1/4 l,4,10-13,-,True,9,16
Kilbeggan Racing Results | 15th July 2022 17:30,N/A,17:30,Good (Good To Yielding In Places),2m 3f,Hamazing (IRE),G. Bourke,7,E. Sheehy,11th,7 l,4,10-6,-,True,9,16
Kilbeggan Racing Results | 15th July 2022 17:30,N/A,17:30,Good (Good To Yielding In Places),2m 3f,Elzvale (IRE),Jack G. Gilligan,7,Paul John Gilligan,10th,6 l,4,10-13,-,True,9,16
Kilbeggan Racing Results | 15th July 2022 17:30,N/A,17:30,Good (Good To Yielding In Places),2m 3f,Dr Val (IRE),K. C. Sexton,0,E. Sheehy,9th,11 l,4,10-13h1,-,True,9,16
Kilbeggan Racing Results | 15th July 2022 17:30,N/A,17:30,Good (Good To Yielding In Places),2m 3f,Seriously Funny (IRE),J. P. Shinnick,7,Enda Bolger,8th,1/2 l,4,10-6,-,True,9,16
Kilbeggan Racing Results | 15th July 2022 17:30,N/A,17:30,Good (Good To Yielding In Places),2m 3f,Happy Sanchez (IRE),Mr J. P. Kirwan,7,Declan Queally,7th,Short Head,4,10-13,-,True,9,16
Kilbeggan Racing Results | 15th July 2022 17:30,N/A,17:30,Good (Good To Yielding In Places),2m 3f,All About Beth (IRE),Patrick O'Hanlon,5,R. Donohoe,6th,1/2 l,4,10-6,-,True,9,16
Kilbeggan Racing Results | 15th July 2022 17:30,N/A,17:30,Good (Good To Yielding In Places),2m 3f,Whip Whitaker (IRE),C. Brassil,5,John Patrick Ryan,5th,3/4 l,4,10-13,-,True,9,16
Kilbeggan Racing Results | 15th July 2022 17:30,N/A,17:30,Good (Good To Yielding In Places),2m 3f,Roman Parish (IRE),Donagh Meyler,0,David M. O'Brien,4th,1 l,4,10-13,-,True,9,16
Kilbeggan Racing Results | 15th July 2022 17:30,N/A,17:30,Good (Good To Yielding In Places),2m 3f,Golden Armour,Denis O'Regan,0,Gordon Elliott,3rd,5 l,4,10-13t1,-,True,9,16
Kilbeggan Racing Results | 15th July 2022 17:30,N/A,17:30,Good (Good To Yielding In Places),2m 3f,Jumping Susie (IRE),B. Hayes,0,John McConnell,2nd,10 l,4,10-6,-,True,9,16
Kilbeggan Racing Results | 15th July 2022 17:30,N/A,17:30,Good (Good To Yielding In Places),2m 3f,Minella Youngy (IRE),L. P. Dempsey,0,Gavin Patrick Cromwell,1st,N/A,4,10-13,-,True,9,16
Kilbeggan Racing Results | 15th July 2022 17:30,N/A,17:30,Good (Good To Yielding In Places),2m 3f,Moyvilla Lass (IRE),Richard Deegan,0,Eoin Christopher McCarthy,14th,8 l,4,10-6,-,True,9,16
Kilbeggan Racing Results | 15th July 2022 17:30,N/A,17:30,Good (Good To Yielding In Places),2m 3f,Doyen Ta Win (IRE),S. D. Torrens,0,Declan Queally,13th,33 l,4,10-6h,-,True,9,16
Kilbeggan Racing Results | 15th July 2022 17:30,N/A,17:30,Good (Good To Yielding In Places),2m 3f,Izeo (FR),S. F. O'Keeffe,0,Miss Elizabeth Doyle,12th,1 1/4 l,4,10-13,-,True,9,16
Kilbeggan Racing Results | 15th July 2022 17:30,N/A,17:30,Good (Good To Yielding In Places),2m 3f,Hamazing (IRE),G. Bourke,7,E. Sheehy,11th,7 l,4,10-6,-,True,9,16
Kilbeggan Racing Results | 15th July 2022 17:30,N/A,17:30,Good (Good To Yielding In Places),2m 3f,Elzvale (IRE),Jack G. Gilligan,7,Paul John Gilligan,10th,6 l,4,10-13,-,True,9,16
Kilbeggan Racing Results | 15th July 2022 17:30,N/A,17:30,Good (Good To Yielding In Places),2m 3f,Dr Val (IRE),K. C. Sexton,0,E. Sheehy,9th,11 l,4,10-13h1,-,True,9,16
Kilbeggan Racing Results | 15th July 2022 17:30,N/A,17:30,Good (Good To Yielding In Places),2m 3f,Seriously Funny (IRE),J. P. Shinnick,7,Enda Bolger,8th,1/2 l,4,10-6,-,True,9,16
Kilbeggan Racing Results | 15th July 2022 17:30,N/A,17:30,Good (Good To Yielding In Places),2m 3f,Happy Sanchez (IRE),Mr J. P. Kirwan,7,Declan Queally,7th,Short Head,4,10-13,-,True,9,16
Kilbeggan Racing Results | 15th July 2022 17:30,N/A,17:30,Good (Good To Yielding In Places),2m 3f,All About Beth (IRE),Patrick O'Hanlon,5,R. Donohoe,6th,1/2 l,4,10-6,-,True,9,16
Kilbeggan Racing Results | 15th July 2022 17:30,N/A,17:30,Good (Good To Yielding In Places),2m 3f,Whip Whitaker (IRE),C. Brassil,5,John Patrick Ryan,5th,3/4 l,4,10-13,-,True,9,16
Kilbeggan Racing Results | 15th July 2022 17:30,N/A,17:30,Good (Good To Yielding In Places),2m 3f,Roman Parish (IRE),Donagh Meyler,0,David M. O'Brien,4th,1 l,4,10-13,-,True,9,16
Kilbeggan Racing Results | 15th July 2022 17:30,N/A,17:30,Good (Good To Yielding In Places),2m 3f,Golden Armour,Denis O'Regan,0,Gordon Elliott,3rd,5 l,4,10-13t1,-,True,9,16
Kilbeggan Racing Results | 15th July 2022 17:30,N/A,17:30,Good (Good To Yielding In Places),2m 3f,Jumping Susie (IRE),B. Hayes,0,John McConnell,2nd,10 l,4,10-6,-,True,9,16
Kilbeggan Racing Results | 15th July 2022 17:30,N/A,17:30,Good (Good To Yielding In Places),2m 3f,Minella Youngy (IRE),L. P. Dempsey,0,Gavin Patrick Cromwell,1st,N/A,4,10-13,-,True,9,16
Kilbeggan Racing Results | 15th July 2022 18:00,N/A,18:00,Good (Good To Yielding In Places),1m 7f 50y,Saint Bernadette (IRE),Donagh Meyler,0,John Patrick Ryan,14th,53 l,5,10-11,-,True,9,17
Kilbeggan Racing Results | 15th July 2022 18:00,N/A,18:00,Good (Good To Yielding In Places),1m 7f 50y,Royal Hideaway (IRE),Conor Orr,0,David Peter Dunne,13th,64 l,5,11-4t,-,True,9,17
Kilbeggan Racing Results | 15th July 2022 18:00,N/A,18:00,Good (Good To Yielding In Places),1m 7f 50y,Castle Darby (IRE),A. M. McCurtin,3,P. M. Lynch,12th,1 l,5,11-4,-,True,9,17
Kilbeggan Racing Results | 15th July 2022 18:00,N/A,18:00,Good (Good To Yielding In Places),1m 7f 50y,Sayitfirst (IRE),C. M. Quirke,7,Eoin Christopher McCarthy,11th,2 1/4 l,6,10-11,-,True,9,17
Kilbeggan Racing Results | 15th July 2022 18:00,N/A,18:00,Good (Good To Yielding In Places),1m 7f 50y,Aliunde (IRE),Patrick O'Hanlon,5,Mark McNiff,10th,2 3/4 l,5,11-4,-,True,9,17
Kilbeggan Racing Results | 15th July 2022 18:00,N/A,18:00,Good (Good To Yielding In Places),1m 7f 50y,Free View (IRE),Richard Deegan,0,Paul Nolan,9th,Neck,6,10-11t,-,True,9,17
Kilbeggan Racing Results | 15th July 2022 18:00,N/A,18:00,Good (Good To Yielding In Places),1m 7f 50y,Kansas Joe (IRE),Mr R. W. Barron,7,William O'Doherty,8th,3 1/4 l,7,11-4,-,True,9,17
Kilbeggan Racing Results | 15th July 2022 18:00,N/A,18:00,Good (Good To Yielding In Places),1m 7f 50y,Superlike (IRE),K. C. Sexton,0,Gordon Elliott,7th,3/4 l,4,11-0,-,True,9,17
Kilbeggan Racing Results | 15th July 2022 18:00,N/A,18:00,Good (Good To Yielding In Places),1m 7f 50y,Mary Meehan (IRE),B. Hayes,0,W. P. Mullins,6th,1 1/4 l,6,10-11,-,True,9,17
Kilbeggan Racing Results | 15th July 2022 18:00,N/A,18:00,Good (Good To Yielding In Places),1m 7f 50y,Up And Out (IRE),Denis O'Regan,0,Gordon Elliott,5th,4 1/2 l,4,10-7,-,True,9,17
Kilbeggan Racing Results | 15th July 2022 18:00,N/A,18:00,Good (Good To Yielding In Places),1m 7f 50y,Simpletwistoffaith (IRE),R. A. Doyle,0,Noel Glynn,4th,3 l,5,11-4,-,True,9,17
Kilbeggan Racing Results | 15th July 2022 18:00,N/A,18:00,Good (Good To Yielding In Places),1m 7f 50y,Old Bill Barley (IRE),P. Townend,0,W. P. Mullins,3rd,2 1/4 l,5,11-12,-,True,9,17
Kilbeggan Racing Results | 15th July 2022 18:00,N/A,18:00,Good (Good To Yielding In Places),1m 7f 50y,Shona Mea (IRE),S. F. O'Keeffe,0,Mrs J. Harrington,2nd,1 1/4 l,5,11-5,-,True,9,17
Kilbeggan Racing Results | 15th July 2022 18:00,N/A,18:00,Good (Good To Yielding In Places),1m 7f 50y,Itwasfate,C. Brassil,5,Henry de Bromhead,1st,N/A,5,11-4,-,True,9,17
Kilbeggan Racing Results | 15th July 2022 18:00,N/A,18:00,Good (Good To Yielding In Places),1m 7f 50y,Saint Bernadette (IRE),Donagh Meyler,0,John Patrick Ryan,14th,53 l,5,10-11,-,True,9,17
Kilbeggan Racing Results | 15th July 2022 18:00,N/A,18:00,Good (Good To Yielding In Places),1m 7f 50y,Royal Hideaway (IRE),Conor Orr,0,David Peter Dunne,13th,64 l,5,11-4t,-,True,9,17
Kilbeggan Racing Results | 15th July 2022 18:00,N/A,18:00,Good (Good To Yielding In Places),1m 7f 50y,Castle Darby (IRE),A. M. McCurtin,3,P. M. Lynch,12th,1 l,5,11-4,-,True,9,17
Kilbeggan Racing Results | 15th July 2022 18:00,N/A,18:00,Good (Good To Yielding In Places),1m 7f 50y,Sayitfirst (IRE),C. M. Quirke,7,Eoin Christopher McCarthy,11th,2 1/4 l,6,10-11,-,True,9,17
Kilbeggan Racing Results | 15th July 2022 18:00,N/A,18:00,Good (Good To Yielding In Places),1m 7f 50y,Aliunde (IRE),Patrick O'Hanlon,5,Mark McNiff,10th,2 3/4 l,5,11-4,-,True,9,17
Kilbeggan Racing Results | 15th July 2022 18:00,N/A,18:00,Good (Good To Yielding In Places),1m 7f 50y,Free View (IRE),Richard Deegan,0,Paul Nolan,9th,Neck,6,10-11t,-,True,9,17
Kilbeggan Racing Results | 15th July 2022 18:00,N/A,18:00,Good (Good To Yielding In Places),1m 7f 50y,Kansas Joe (IRE),Mr R. W. Barron,7,William O'Doherty,8th,3 1/4 l,7,11-4,-,True,9,17
Kilbeggan Racing Results | 15th July 2022 18:00,N/A,18:00,Good (Good To Yielding In Places),1m 7f 50y,Superlike (IRE),K. C. Sexton,0,Gordon Elliott,7th,3/4 l,4,11-0,-,True,9,17
Kilbeggan Racing Results | 15th July 2022 18:00,N/A,18:00,Good (Good To Yielding In Places),1m 7f 50y,Mary Meehan (IRE),B. Hayes,0,W. P. Mullins,6th,1 1/4 l,6,10-11,-,True,9,17
Kilbeggan Racing Results | 15th July 2022 18:00,N/A,18:00,Good (Good To Yielding In Places),1m 7f 50y,Up And Out (IRE),Denis O'Regan,0,Gordon Elliott,5th,4 1/2 l,4,10-7,-,True,9,17
Kilbeggan Racing Results | 15th July 2022 18:00,N/A,18:00,Good (Good To Yielding In Places),1m 7f 50y,Simpletwistoffaith (IRE),R. A. Doyle,0,Noel Glynn,4th,3 l,5,11-4,-,True,9,17
Kilbeggan Racing Results | 15th July 2022 18:00,N/A,18:00,Good (Good To Yielding In Places),1m 7f 50y,Old Bill Barley (IRE),P. Townend,0,W. P. Mullins,3rd,2 1/4 l,5,11-12,-,True,9,17
Kilbeggan Racing Results | 15th July 2022 18:00,N/A,18:00,Good (Good To Yielding In Places),1m 7f 50y,Shona Mea (IRE),S. F. O'Keeffe,0,Mrs J. Harrington,2nd,1 1/4 l,5,11-5,-,True,9,17
Kilbeggan Racing Results | 15th July 2022 18:00,N/A,18:00,Good (Good To Yielding In Places),1m 7f 50y,Itwasfate,C. Brassil,5,Henry de Bromhead,1st,N/A,5,11-4,-,True,9,17
Kilbeggan Racing Results | 15th July 2022 18:30,N/A,18:30,Good (Good To Yielding In Places),1m 7f 50y,Trebizond,C. Brassil,5,Henry de Bromhead,F,N/A,5,11-11t,111,True,9,18
Kilbeggan Racing Results | 15th July 2022 18:30,N/A,18:30,Good (Good To Yielding In Places),1m 7f 50y,The Dasher Conway (IRE),Keith Donoghue,0,Mrs Gillian Callaghan,8th,1 1/4 l,7,12-0,114,True,9,18
Kilbeggan Racing Results | 15th July 2022 18:30,N/A,18:30,Good (Good To Yielding In Places),1m 7f 50y,Future Proof (IRE),Jack Foley,3,P. J. Rothwell,7th,11 l,7,11-9b,109,True,9,18
Kilbeggan Racing Results | 15th July 2022 18:30,N/A,18:30,Good (Good To Yielding In Places),1m 7f 50y,Hopefully (IRE),C. M. Quirke,7,Timothy Cleary,6th,4 3/4 l,7,10-0p,86,True,9,18
Kilbeggan Racing Results | 15th July 2022 18:30,N/A,18:30,Good (Good To Yielding In Places),1m 7f 50y,Barbaha Queen (IRE),J. P. Shinnick,7,John Patrick Ryan,5th,6 l,6,10-12,98,True,9,18
Kilbeggan Racing Results | 15th July 2022 18:30,N/A,18:30,Good (Good To Yielding In Places),1m 7f 50y,Pretty Little Liar (IRE),K. C. Sexton,0,David Peter Dunne,4th,9 l,9,11-2t,102,True,9,18
Kilbeggan Racing Results | 15th July 2022 18:30,N/A,18:30,Good (Good To Yielding In Places),1m 7f 50y,Faith Du Val (FR),K. E. Buckley,5,Gavin Patrick Cromwell,3rd,Neck,7,11-12t,112,True,9,18
Kilbeggan Racing Results | 15th July 2022 18:30,N/A,18:30,Good (Good To Yielding In Places),1m 7f 50y,Scalor (FR),S. F. O'Keeffe,0,Miss Elizabeth Doyle,2nd,8 l,7,11-5ht,105,True,9,18
Kilbeggan Racing Results | 15th July 2022 18:30,N/A,18:30,Good (Good To Yielding In Places),1m 7f 50y,Swelltime (IRE),Patrick O'Hanlon,5,William O'Doherty,1st,N/A,6,11-9,109,True,9,18
Kilbeggan Racing Results | 15th July 2022 18:30,N/A,18:30,Good (Good To Yielding In Places),1m 7f 50y,Trebizond,C. Brassil,5,Henry de Bromhead,F,N/A,5,11-11t,111,True,9,18
Kilbeggan Racing Results | 15th July 2022 18:30,N/A,18:30,Good (Good To Yielding In Places),1m 7f 50y,The Dasher Conway (IRE),Keith Donoghue,0,Mrs Gillian Callaghan,8th,1 1/4 l,7,12-0,114,True,9,18
Kilbeggan Racing Results | 15th July 2022 18:30,N/A,18:30,Good (Good To Yielding In Places),1m 7f 50y,Future Proof (IRE),Jack Foley,3,P. J. Rothwell,7th,11 l,7,11-9b,109,True,9,18
Kilbeggan Racing Results | 15th July 2022 18:30,N/A,18:30,Good (Good To Yielding In Places),1m 7f 50y,Hopefully (IRE),C. M. Quirke,7,Timothy Cleary,6th,4 3/4 l,7,10-0p,86,True,9,18
Kilbeggan Racing Results | 15th July 2022 18:30,N/A,18:30,Good (Good To Yielding In Places),1m 7f 50y,Barbaha Queen (IRE),J. P. Shinnick,7,John Patrick Ryan,5th,6 l,6,10-12,98,True,9,18
Kilbeggan Racing Results | 15th July 2022 18:30,N/A,18:30,Good (Good To Yielding In Places),1m 7f 50y,Pretty Little Liar (IRE),K. C. Sexton,0,David Peter Dunne,4th,9 l,9,11-2t,102,True,9,18
Kilbeggan Racing Results | 15th July 2022 18:30,N/A,18:30,Good (Good To Yielding In Places),1m 7f 50y,Faith Du Val (FR),K. E. Buckley,5,Gavin Patrick Cromwell,3rd,Neck,7,11-12t,112,True,9,18
Kilbeggan Racing Results | 15th July 2022 18:30,N/A,18:30,Good (Good To Yielding In Places),1m 7f 50y,Scalor (FR),S. F. O'Keeffe,0,Miss Elizabeth Doyle,2nd,8 l,7,11-5ht,105,True,9,18
Kilbeggan Racing Results | 15th July 2022 18:30,N/A,18:30,Good (Good To Yielding In Places),1m 7f 50y,Swelltime (IRE),Patrick O'Hanlon,5,William O'Doherty,1st,N/A,6,11-9,109,True,9,18
Kilbeggan Racing Results | 15th July 2022 19:00,N/A,19:00,Good (Good To Yielding In Places),1m 7f 50y,Galardo (IRE),Conor Orr,0,Nigel Slevin,PU,N/A,10,11-2h,83,True,9,19
Kilbeggan Racing Results | 15th July 2022 19:00,N/A,19:00,Good (Good To Yielding In Places),1m 7f 50y,Be My Hero (IRE),Patrick O'Hanlon,5,Brendan Oliver Walsh,PU,N/A,7,10-13,80,True,9,19
Kilbeggan Racing Results | 15th July 2022 19:00,N/A,19:00,Good (Good To Yielding In Places),1m 7f 50y,Miss Daingerfield (IRE),C. Brassil,5,Henry de Bromhead,F,N/A,5,11-7,88,True,9,19
Kilbeggan Racing Results | 15th July 2022 19:00,N/A,19:00,Good (Good To Yielding In Places),1m 7f 50y,Duffys Hodey (IRE),J. P. O'Sullivan,5,P. J. Rothwell,11th,2 l,5,11-2,83,True,9,19
Kilbeggan Racing Results | 15th July 2022 19:00,N/A,19:00,Good (Good To Yielding In Places),1m 7f 50y,Falcon Park (IRE),S. F. O'Keeffe,0,Paul Hennessy,10th,11 l,6,11-8,89,True,9,19
Kilbeggan Racing Results | 15th July 2022 19:00,N/A,19:00,Good (Good To Yielding In Places),1m 7f 50y,Agirlcalledchloe (IRE),Jack Foley,3,P. J. Rothwell,9th,1 1/4 l,5,10-13p,80,True,9,19
Kilbeggan Racing Results | 15th July 2022 19:00,N/A,19:00,Good (Good To Yielding In Places),1m 7f 50y,Muntahez (IRE),S. D. Torrens,0,Aidan Anthony Howard,8th,21 l,6,11-9,90,True,9,19
Kilbeggan Racing Results | 15th July 2022 19:00,N/A,19:00,Good (Good To Yielding In Places),1m 7f 50y,Sulafaat (IRE),Shane Fenelon,7,John Joseph Hanlon,7th,3/4 l,7,10-13,80,True,9,19
Kilbeggan Racing Results | 15th July 2022 19:00,N/A,19:00,Good (Good To Yielding In Places),1m 7f 50y,Maggie Walsh (IRE),C. M. Quirke,7,Michael J. Bowe,6th,3 1/2 l,5,11-4,85,True,9,19
Kilbeggan Racing Results | 15th July 2022 19:00,N/A,19:00,Good (Good To Yielding In Places),1m 7f 50y,Innisfree Beauty (IRE),Miss J. Townend,5,Ciaran Murphy,5th,2 1/2 l,6,12-1,96,True,9,19
Kilbeggan Racing Results | 15th July 2022 19:00,N/A,19:00,Good (Good To Yielding In Places),1m 7f 50y,Y Fyn Duw a Fydd,J. P. Shinnick,7,Mrs Lorna Fowler,4th,Short Head,7,11-12h,93,True,9,19
Kilbeggan Racing Results | 15th July 2022 19:00,N/A,19:00,Good (Good To Yielding In Places),1m 7f 50y,Grinn (IRE),Denis O'Regan,0,David M. O'Brien,3rd,1 3/4 l,6,10-13tp,80,True,9,19
Kilbeggan Racing Results | 15th July 2022 19:00,N/A,19:00,Good (Good To Yielding In Places),1m 7f 50y,Cracklinrose (IRE),Donagh Meyler,0,John Patrick Ryan,2nd,3/4 l,5,11-0,81,True,9,19
Kilbeggan Racing Results | 15th July 2022 19:00,N/A,19:00,Good (Good To Yielding In Places),1m 7f 50y,Mr Macphisto (IRE),R. A. Doyle,0,Eoin Griffin,1st,N/A,6,11-4,85,True,9,19
Kilbeggan Racing Results | 15th July 2022 19:00,N/A,19:00,Good (Good To Yielding In Places),1m 7f 50y,Galardo (IRE),Conor Orr,0,Nigel Slevin,PU,N/A,10,11-2h,83,True,9,19
Kilbeggan Racing Results | 15th July 2022 19:00,N/A,19:00,Good (Good To Yielding In Places),1m 7f 50y,Be My Hero (IRE),Patrick O'Hanlon,5,Brendan Oliver Walsh,PU,N/A,7,10-13,80,True,9,19
Kilbeggan Racing Results | 15th July 2022 19:00,N/A,19:00,Good (Good To Yielding In Places),1m 7f 50y,Miss Daingerfield (IRE),C. Brassil,5,Henry de Bromhead,F,N/A,5,11-7,88,True,9,19
Kilbeggan Racing Results | 15th July 2022 19:00,N/A,19:00,Good (Good To Yielding In Places),1m 7f 50y,Duffys Hodey (IRE),J. P. O'Sullivan,5,P. J. Rothwell,11th,2 l,5,11-2,83,True,9,19
Kilbeggan Racing Results | 15th July 2022 19:00,N/A,19:00,Good (Good To Yielding In Places),1m 7f 50y,Falcon Park (IRE),S. F. O'Keeffe,0,Paul Hennessy,10th,11 l,6,11-8,89,True,9,19
Kilbeggan Racing Results | 15th July 2022 19:00,N/A,19:00,Good (Good To Yielding In Places),1m 7f 50y,Agirlcalledchloe (IRE),Jack Foley,3,P. J. Rothwell,9th,1 1/4 l,5,10-13p,80,True,9,19
Kilbeggan Racing Results | 15th July 2022 19:00,N/A,19:00,Good (Good To Yielding In Places),1m 7f 50y,Muntahez (IRE),S. D. Torrens,0,Aidan Anthony Howard,8th,21 l,6,11-9,90,True,9,19
Kilbeggan Racing Results | 15th July 2022 19:00,N/A,19:00,Good (Good To Yielding In Places),1m 7f 50y,Sulafaat (IRE),Shane Fenelon,7,John Joseph Hanlon,7th,3/4 l,7,10-13,80,True,9,19
Kilbeggan Racing Results | 15th July 2022 19:00,N/A,19:00,Good (Good To Yielding In Places),1m 7f 50y,Maggie Walsh (IRE),C. M. Quirke,7,Michael J. Bowe,6th,3 1/2 l,5,11-4,85,True,9,19
Kilbeggan Racing Results | 15th July 2022 19:00,N/A,19:00,Good (Good To Yielding In Places),1m 7f 50y,Innisfree Beauty (IRE),Miss J. Townend,5,Ciaran Murphy,5th,2 1/2 l,6,12-1,96,True,9,19
Kilbeggan Racing Results | 15th July 2022 19:00,N/A,19:00,Good (Good To Yielding In Places),1m 7f 50y,Y Fyn Duw a Fydd,J. P. Shinnick,7,Mrs Lorna Fowler,4th,Short Head,7,11-12h,93,True,9,19
Kilbeggan Racing Results | 15th July 2022 19:00,N/A,19:00,Good (Good To Yielding In Places),1m 7f 50y,Grinn (IRE),Denis O'Regan,0,David M. O'Brien,3rd,1 3/4 l,6,10-13tp,80,True,9,19
Kilbeggan Racing Results | 15th July 2022 19:00,N/A,19:00,Good (Good To Yielding In Places),1m 7f 50y,Cracklinrose (IRE),Donagh Meyler,0,John Patrick Ryan,2nd,3/4 l,5,11-0,81,True,9,19
Kilbeggan Racing Results | 15th July 2022 19:00,N/A,19:00,Good (Good To Yielding In Places),1m 7f 50y,Mr Macphisto (IRE),R. A. Doyle,0,Eoin Griffin,1st,N/A,6,11-4,85,True,9,19
Kilbeggan Racing Results | 15th July 2022 19:30,N/A,19:30,Good (Good To Yielding In Places),3m 100y,Key Commander (IRE),Donagh Meyler,0,Eoin Doyle,16th,2 l,7,11-6,94,True,9,20
Kilbeggan Racing Results | 15th July 2022 19:30,N/A,19:30,Good (Good To Yielding In Places),3m 100y,He Fitz In (IRE),Gearoid Patrick Brouder,5,D. E. Fitzgerald,15th,Head,6,11-12p,100,True,9,20
Kilbeggan Racing Results | 15th July 2022 19:30,N/A,19:30,Good (Good To Yielding In Places),3m 100y,Dancing After Dark (IRE),Patrick O'Hanlon,5,John Gerard Bennett,14th,4 1/2 l,6,11-11,99,True,9,20
Kilbeggan Racing Results | 15th July 2022 19:30,N/A,19:30,Good (Good To Yielding In Places),3m 100y,Holditinyourhead (IRE),K. C. Sexton,0,E. Sheehy,13th,3 1/2 l,5,11-0,88,True,9,20
Kilbeggan Racing Results | 15th July 2022 19:30,N/A,19:30,Good (Good To Yielding In Places),3m 100y,Mizuma (IRE),Richard Deegan,0,Vincent Laurence Halley,12th,4 l,7,11-11t,99,True,9,20
Kilbeggan Racing Results | 15th July 2022 19:30,N/A,19:30,Good (Good To Yielding In Places),3m 100y,Lillys Girl (IRE),C. D. Maxwell,0,Dermot Anthony McLoughlin,11th,2 1/2 l,6,10-12t1,86,True,9,20
Kilbeggan Racing Results | 15th July 2022 19:30,N/A,19:30,Good (Good To Yielding In Places),3m 100y,Sekifi (IRE),R. A. Doyle,0,Matthew J. Smith,10th,1 l,4,10-9,90,True,9,20
Kilbeggan Racing Results | 15th July 2022 19:30,N/A,19:30,Good (Good To Yielding In Places),3m 100y,Allduckornodinner (IRE),Miss E. J. Sweeney,7,Dermot Anthony McLoughlin,9th,1 1/2 l,12,10-10,84,True,9,20
Kilbeggan Racing Results | 15th July 2022 19:30,N/A,19:30,Good (Good To Yielding In Places),3m 100y,Double Jubilee (IRE),Denis O'Regan,0,John Patrick Ryan,8th,5 1/2 l,8,11-9,97,True,9,20
Kilbeggan Racing Results | 15th July 2022 19:30,N/A,19:30,Good (Good To Yielding In Places),3m 100y,It's Time Again (IRE),A. M. McCurtin,3,David Richard Barry,7th,3/4 l,6,11-11,99,True,9,20
Kilbeggan Racing Results | 15th July 2022 19:30,N/A,19:30,Good (Good To Yielding In Places),3m 100y,Robindevidastar (IRE),J. P. O'Sullivan,5,P. J. Rothwell,6th,1/2 l,7,11-2,90,True,9,20
Kilbeggan Racing Results | 15th July 2022 19:30,N/A,19:30,Good (Good To Yielding In Places),3m 100y,Good World (IRE),Jack Foley,3,Eoin Griffin,5th,1 3/4 l,7,11-11,99,True,9,20
Kilbeggan Racing Results | 15th July 2022 19:30,N/A,19:30,Good (Good To Yielding In Places),3m 100y,A Different World (IRE),M. P. Walsh,0,Martin Brassil,4th,1 1/4 l,7,11-10tv,98,True,9,20
Kilbeggan Racing Results | 15th July 2022 19:30,N/A,19:30,Good (Good To Yielding In Places),3m 100y,Back The West (IRE),S. A. Mulcahy,7,I. Madden,3rd,1 3/4 l,7,10-9,83,True,9,20
Kilbeggan Racing Results | 15th July 2022 19:30,N/A,19:30,Good (Good To Yielding In Places),3m 100y,Killinure Lass (IRE),S. F. O'Keeffe,0,Brian M. McMahon,2nd,6 1/2 l,5,11-4,92,True,9,20
Kilbeggan Racing Results | 15th July 2022 19:30,N/A,19:30,Good (Good To Yielding In Places),3m 100y,Lily Light Foot (IRE),Kieren Buckley,5,Eddie & Patrick Harty,1st,N/A,6,11-3p,91,True,9,20
Kilbeggan Racing Results | 15th July 2022 19:30,N/A,19:30,Good (Good To Yielding In Places),3m 100y,Key Commander (IRE),Donagh Meyler,0,Eoin Doyle,16th,2 l,7,11-6,94,True,9,20
Kilbeggan Racing Results | 15th July 2022 19:30,N/A,19:30,Good (Good To Yielding In Places),3m 100y,He Fitz In (IRE),Gearoid Patrick Brouder,5,D. E. Fitzgerald,15th,Head,6,11-12p,100,True,9,20
Kilbeggan Racing Results | 15th July 2022 19:30,N/A,19:30,Good (Good To Yielding In Places),3m 100y,Dancing After Dark (IRE),Patrick O'Hanlon,5,John Gerard Bennett,14th,4 1/2 l,6,11-11,99,True,9,20
Kilbeggan Racing Results | 15th July 2022 19:30,N/A,19:30,Good (Good To Yielding In Places),3m 100y,Holditinyourhead (IRE),K. C. Sexton,0,E. Sheehy,13th,3 1/2 l,5,11-0,88,True,9,20
Kilbeggan Racing Results | 15th July 2022 19:30,N/A,19:30,Good (Good To Yielding In Places),3m 100y,Mizuma (IRE),Richard Deegan,0,Vincent Laurence Halley,12th,4 l,7,11-11t,99,True,9,20
Kilbeggan Racing Results | 15th July 2022 19:30,N/A,19:30,Good (Good To Yielding In Places),3m 100y,Lillys Girl (IRE),C. D. Maxwell,0,Dermot Anthony McLoughlin,11th,2 1/2 l,6,10-12t1,86,True,9,20
Kilbeggan Racing Results | 15th July 2022 19:30,N/A,19:30,Good (Good To Yielding In Places),3m 100y,Sekifi (IRE),R. A. Doyle,0,Matthew J. Smith,10th,1 l,4,10-9,90,True,9,20
Kilbeggan Racing Results | 15th July 2022 19:30,N/A,19:30,Good (Good To Yielding In Places),3m 100y,Allduckornodinner (IRE),Miss E. J. Sweeney,7,Dermot Anthony McLoughlin,9th,1 1/2 l,12,10-10,84,True,9,20
Kilbeggan Racing Results | 15th July 2022 19:30,N/A,19:30,Good (Good To Yielding In Places),3m 100y,Double Jubilee (IRE),Denis O'Regan,0,John Patrick Ryan,8th,5 1/2 l,8,11-9,97,True,9,20
Kilbeggan Racing Results | 15th July 2022 19:30,N/A,19:30,Good (Good To Yielding In Places),3m 100y,It's Time Again (IRE),A. M. McCurtin,3,David Richard Barry,7th,3/4 l,6,11-11,99,True,9,20
Kilbeggan Racing Results | 15th July 2022 19:30,N/A,19:30,Good (Good To Yielding In Places),3m 100y,Robindevidastar (IRE),J. P. O'Sullivan,5,P. J. Rothwell,6th,1/2 l,7,11-2,90,True,9,20
Kilbeggan Racing Results | 15th July 2022 19:30,N/A,19:30,Good (Good To Yielding In Places),3m 100y,Good World (IRE),Jack Foley,3,Eoin Griffin,5th,1 3/4 l,7,11-11,99,True,9,20
Kilbeggan Racing Results | 15th July 2022 19:30,N/A,19:30,Good (Good To Yielding In Places),3m 100y,A Different World (IRE),M. P. Walsh,0,Martin Brassil,4th,1 1/4 l,7,11-10tv,98,True,9,20
Kilbeggan Racing Results | 15th July 2022 19:30,N/A,19:30,Good (Good To Yielding In Places),3m 100y,Back The West (IRE),S. A. Mulcahy,7,I. Madden,3rd,1 3/4 l,7,10-9,83,True,9,20
Kilbeggan Racing Results | 15th July 2022 19:30,N/A,19:30,Good (Good To Yielding In Places),3m 100y,Killinure Lass (IRE),S. F. O'Keeffe,0,Brian M. McMahon,2nd,6 1/2 l,5,11-4,92,True,9,20
Kilbeggan Racing Results | 15th July 2022 19:30,N/A,19:30,Good (Good To Yielding In Places),3m 100y,Lily Light Foot (IRE),Kieren Buckley,5,Eddie & Patrick Harty,1st,N/A,6,11-3p,91,True,9,20
Kilbeggan Racing Results | 15th July 2022 20:00,N/A,20:00,Good (Good To Yielding In Places),2m 3f,Eddies Pride (IRE),J. P. Shinnick,7,Norman Lee,UR,N/A,8,10-0ht,86,True,9,21
Kilbeggan Racing Results | 15th July 2022 20:00,N/A,20:00,Good (Good To Yielding In Places),2m 3f,Hoke Colburn (IRE),S. F. O'Keeffe,0,Brian M. McMahon,9th,25 l,10,11-9,109,True,9,21
Kilbeggan Racing Results | 15th July 2022 20:00,N/A,20:00,Good (Good To Yielding In Places),2m 3f,Presenting Bonnie (IRE),C. Brassil,5,John Patrick Ryan,8th,3 1/4 l,7,11-7,107,True,9,21
Kilbeggan Racing Results | 15th July 2022 20:00,N/A,20:00,Good (Good To Yielding In Places),2m 3f,So Easy Way (IRE),S. D. Torrens,0,I. Madden,7th,14 l,6,10-0,86,True,9,21
Kilbeggan Racing Results | 15th July 2022 20:00,N/A,20:00,Good (Good To Yielding In Places),2m 3f,Callthebarman (IRE),J. P. O'Sullivan,5,Matthew J. Smith,6th,12 l,8,12-0t,114,True,9,21
Kilbeggan Racing Results | 15th July 2022 20:00,N/A,20:00,Good (Good To Yielding In Places),2m 3f,Dontdooddson (FR),Richard Deegan,0,Eoin Christopher McCarthy,5th,Short Head,9,11-7,107,True,9,21
Kilbeggan Racing Results | 15th July 2022 20:00,N/A,20:00,Good (Good To Yielding In Places),2m 3f,Union Park (FR),Jack Foley,3,P. J. Rothwell,4th,2 1/4 l,6,10-13t,99,True,9,21
Kilbeggan Racing Results | 15th July 2022 20:00,N/A,20:00,Good (Good To Yielding In Places),2m 3f,Duchess Ravenwaves,Keith Donoghue,0,Gavin Patrick Cromwell,3rd,1/2 l,8,11-9t,109,True,9,21
Kilbeggan Racing Results | 15th July 2022 20:00,N/A,20:00,Good (Good To Yielding In Places),2m 3f,The Great White (IRE),C. D. Maxwell,0,Dermot Anthony McLoughlin,2nd,N/A,8,11-9t,109,True,9,21
Kilbeggan Racing Results | 15th July 2022 20:00,N/A,20:00,Good (Good To Yielding In Places),2m 3f,Krujers Girl (IRE),Conor Orr,0,Thomas Coyle,1st,Head,10,10-2,88,True,9,21
Kilbeggan Racing Results | 15th July 2022 20:00,N/A,20:00,Good (Good To Yielding In Places),2m 3f,Eddies Pride (IRE),J. P. Shinnick,7,Norman Lee,UR,N/A,8,10-0ht,86,True,9,21
Kilbeggan Racing Results | 15th July 2022 20:00,N/A,20:00,Good (Good To Yielding In Places),2m 3f,Hoke Colburn (IRE),S. F. O'Keeffe,0,Brian M. McMahon,9th,25 l,10,11-9,109,True,9,21
Kilbeggan Racing Results | 15th July 2022 20:00,N/A,20:00,Good (Good To Yielding In Places),2m 3f,Presenting Bonnie (IRE),C. Brassil,5,John Patrick Ryan,8th,3 1/4 l,7,11-7,107,True,9,21
Kilbeggan Racing Results | 15th July 2022 20:00,N/A,20:00,Good (Good To Yielding In Places),2m 3f,So Easy Way (IRE),S. D. Torrens,0,I. Madden,7th,14 l,6,10-0,86,True,9,21
Kilbeggan Racing Results | 15th July 2022 20:00,N/A,20:00,Good (Good To Yielding In Places),2m 3f,Callthebarman (IRE),J. P. O'Sullivan,5,Matthew J. Smith,6th,12 l,8,12-0t,114,True,9,21
Kilbeggan Racing Results | 15th July 2022 20:00,N/A,20:00,Good (Good To Yielding In Places),2m 3f,Dontdooddson (FR),Richard Deegan,0,Eoin Christopher McCarthy,5th,Short Head,9,11-7,107,True,9,21
Kilbeggan Racing Results | 15th July 2022 20:00,N/A,20:00,Good (Good To Yielding In Places),2m 3f,Union Park (FR),Jack Foley,3,P. J. Rothwell,4th,2 1/4 l,6,10-13t,99,True,9,21
Kilbeggan Racing Results | 15th July 2022 20:00,N/A,20:00,Good (Good To Yielding In Places),2m 3f,Duchess Ravenwaves,Keith Donoghue,0,Gavin Patrick Cromwell,3rd,1/2 l,8,11-9t,109,True,9,21
Kilbeggan Racing Results | 15th July 2022 20:00,N/A,20:00,Good (Good To Yielding In Places),2m 3f,The Great White (IRE),C. D. Maxwell,0,Dermot Anthony McLoughlin,2nd,N/A,8,11-9t,109,True,9,21
Kilbeggan Racing Results | 15th July 2022 20:00,N/A,20:00,Good (Good To Yielding In Places),2m 3f,Krujers Girl (IRE),Conor Orr,0,Thomas Coyle,1st,Head,10,10-2,88,True,9,21
Kilbeggan Racing Results | 15th July 2022 20:30,N/A,20:30,Good (Good To Yielding In Places),2m 3f,King's War (IRE),M. F. Mooney,0,Mrs Ann Mooney,PU,N/A,13,11-1t,82,True,9,22
Kilbeggan Racing Results | 15th July 2022 20:30,N/A,20:30,Good (Good To Yielding In Places),2m 3f,Meehall (IRE),C. P. McNamara,0,Eric McNamara,PU,N/A,6,11-4h,85,True,9,22
Kilbeggan Racing Results | 15th July 2022 20:30,N/A,20:30,Good (Good To Yielding In Places),2m 3f,The Eye Of Tulla (IRE),Donagh Meyler,0,Brian M. McMahon,PU,N/A,6,11-3,84,True,9,22
Kilbeggan Racing Results | 15th July 2022 20:30,N/A,20:30,Good (Good To Yielding In Places),2m 3f,Therellalwaysbeone (IRE),Richard Deegan,0,Eoin Christopher McCarthy,11th,4 3/4 l,11,11-9,90,True,9,22
Kilbeggan Racing Results | 15th July 2022 20:30,N/A,20:30,Good (Good To Yielding In Places),2m 3f,Warreedy (IRE),D. Moloney,7,Brian M. McMahon,10th,28 l,13,11-5,86,True,9,22
Kilbeggan Racing Results | 15th July 2022 20:30,N/A,20:30,Good (Good To Yielding In Places),2m 3f,Fr Gilligansvoyge,Jack G. Gilligan,7,John G. Carr,9th,14 l,9,10-11tb,78,True,9,22
Kilbeggan Racing Results | 15th July 2022 20:30,N/A,20:30,Good (Good To Yielding In Places),2m 3f,Magic Piper (IRE),Jack Foley,0,T. Gibney,8th,4 1/2 l,8,12-0,95,True,9,22
Kilbeggan Racing Results | 15th July 2022 20:30,N/A,20:30,Good (Good To Yielding In Places),2m 3f,Bitview Colin (IRE),Mr J. P. Kirwan,7,John Patrick Ryan,7th,1 1/2 l,11,11-10b,91,True,9,22
Kilbeggan Racing Results | 15th July 2022 20:30,N/A,20:30,Good (Good To Yielding In Places),2m 3f,Tullyhogue Fort (IRE),Mr P. J. O'Neill,7,John F. O'Neill,6th,1 1/4 l,6,11-4,85,True,9,22
Kilbeggan Racing Results | 15th July 2022 20:30,N/A,20:30,Good (Good To Yielding In Places),2m 3f,Four Country Roads (IRE),S. F. O'Keeffe,0,Brian M. McMahon,5th,1 3/4 l,8,10-4,71,True,9,22
Kilbeggan Racing Results | 15th July 2022 20:30,N/A,20:30,Good (Good To Yielding In Places),2m 3f,Rubiana (USA),Keith Donoghue,0,Gavin Patrick Cromwell,4th,3/4 l,9,11-7,88,True,9,22
Kilbeggan Racing Results | 15th July 2022 20:30,N/A,20:30,Good (Good To Yielding In Places),2m 3f,Trans Wood (IRE),Patrick O'Hanlon,5,Gordon Michael Doyle,3rd,9 l,10,11-0,81,True,9,22
Kilbeggan Racing Results | 15th July 2022 20:30,N/A,20:30,Good (Good To Yielding In Places),2m 3f,Swiss Brid (IRE),C. M. Quirke,7,A. Slattery,2nd,5 1/2 l,8,11-4p,85,True,9,22
Kilbeggan Racing Results | 15th July 2022 20:30,N/A,20:30,Good (Good To Yielding In Places),2m 3f,Arverne (FR),L. P. Dempsey,0,Gavin Patrick Cromwell,1st,N/A,7,11-13b,94,True,9,22
Kilbeggan Racing Results | 15th July 2022 20:30,N/A,20:30,Good (Good To Yielding In Places),2m 3f,King's War (IRE),M. F. Mooney,0,Mrs Ann Mooney,PU,N/A,13,11-1t,82,True,9,22
Kilbeggan Racing Results | 15th July 2022 20:30,N/A,20:30,Good (Good To Yielding In Places),2m 3f,Meehall (IRE),C. P. McNamara,0,Eric McNamara,PU,N/A,6,11-4h,85,True,9,22
Kilbeggan Racing Results | 15th July 2022 20:30,N/A,20:30,Good (Good To Yielding In Places),2m 3f,The Eye Of Tulla (IRE),Donagh Meyler,0,Brian M. McMahon,PU,N/A,6,11-3,84,True,9,22
Kilbeggan Racing Results | 15th July 2022 20:30,N/A,20:30,Good (Good To Yielding In Places),2m 3f,Therellalwaysbeone (IRE),Richard Deegan,0,Eoin Christopher McCarthy,11th,4 3/4 l,11,11-9,90,True,9,22
Kilbeggan Racing Results | 15th July 2022 20:30,N/A,20:30,Good (Good To Yielding In Places),2m 3f,Warreedy (IRE),D. Moloney,7,Brian M. McMahon,10th,28 l,13,11-5,86,True,9,22
Kilbeggan Racing Results | 15th July 2022 20:30,N/A,20:30,Good (Good To Yielding In Places),2m 3f,Fr Gilligansvoyge,Jack G. Gilligan,7,John G. Carr,9th,14 l,9,10-11tb,78,True,9,22
Kilbeggan Racing Results | 15th July 2022 20:30,N/A,20:30,Good (Good To Yielding In Places),2m 3f,Magic Piper (IRE),Jack Foley,0,T. Gibney,8th,4 1/2 l,8,12-0,95,True,9,22
Kilbeggan Racing Results | 15th July 2022 20:30,N/A,20:30,Good (Good To Yielding In Places),2m 3f,Bitview Colin (IRE),Mr J. P. Kirwan,7,John Patrick Ryan,7th,1 1/2 l,11,11-10b,91,True,9,22
Kilbeggan Racing Results | 15th July 2022 20:30,N/A,20:30,Good (Good To Yielding In Places),2m 3f,Tullyhogue Fort (IRE),Mr P. J. O'Neill,7,John F. O'Neill,6th,1 1/4 l,6,11-4,85,True,9,22
Kilbeggan Racing Results | 15th July 2022 20:30,N/A,20:30,Good (Good To Yielding In Places),2m 3f,Four Country Roads (IRE),S. F. O'Keeffe,0,Brian M. McMahon,5th,1 3/4 l,8,10-4,71,True,9,22
Kilbeggan Racing Results | 15th July 2022 20:30,N/A,20:30,Good (Good To Yielding In Places),2m 3f,Rubiana (USA),Keith Donoghue,0,Gavin Patrick Cromwell,4th,3/4 l,9,11-7,88,True,9,22
Kilbeggan Racing Results | 15th July 2022 20:30,N/A,20:30,Good (Good To Yielding In Places),2m 3f,Trans Wood (IRE),Patrick O'Hanlon,5,Gordon Michael Doyle,3rd,9 l,10,11-0,81,True,9,22
Kilbeggan Racing Results | 15th July 2022 20:30,N/A,20:30,Good (Good To Yielding In Places),2m 3f,Swiss Brid (IRE),C. M. Quirke,7,A. Slattery,2nd,5 1/2 l,8,11-4p,85,True,9,22
Kilbeggan Racing Results | 15th July 2022 20:30,N/A,20:30,Good (Good To Yielding In Places),2m 3f,Arverne (FR),L. P. Dempsey,0,Gavin Patrick Cromwell,1st,N/A,7,11-13b,94,True,9,22
Curragh Racing Results | 16th July 2022 13:30,N/A,13:30,Good  (Turf),7f,Mucky Mulconry (IRE),G. F. Carroll,0,G. M. Lyons,11th,3 1/4 l,2,9-5,-,True,9,23
Curragh Racing Results | 16th July 2022 13:30,N/A,13:30,Good  (Turf),7f,Show No Fear (IRE),G. M. Ryan,0,Donnacha Aidan O'Brien,10th,3 1/4 l,2,9-5,-,True,9,23
Curragh Racing Results | 16th July 2022 13:30,N/A,13:30,Good  (Turf),7f,Pigeon House (IRE),Shane Foley,0,Mrs J. Harrington,9th,1 1/4 l,2,9-5,-,True,9,23
Curragh Racing Results | 16th July 2022 13:30,N/A,13:30,Good  (Turf),7f,Yamazaki (IRE),P. A. Harnett,7,Donnacha Aidan O'Brien,8th,1 1/2 l,2,9-5,-,True,9,23
Curragh Racing Results | 16th July 2022 13:30,N/A,13:30,Good  (Turf),7f,Daamberdiplomat (IRE),Ben Martin Coen,0,John Patrick Murtagh,7th,3 1/2 l,2,9-5,-,True,9,23
Curragh Racing Results | 16th July 2022 13:30,N/A,13:30,Good  (Turf),7f,Nation's Call (IRE),C. D. Hayes,0,D. K. Weld,6th,1 1/4 l,2,9-5,-,True,9,23
Curragh Racing Results | 16th July 2022 13:30,N/A,13:30,Good  (Turf),7f,Desert Haven,C. T. Keane,0,Noel Meade,5th,Neck,2,9-5,-,True,9,23
Curragh Racing Results | 16th July 2022 13:30,N/A,13:30,Good  (Turf),7f,Imadpour (IRE),R. P. Whelan,0,M. Halford,4th,Neck,2,9-5,-,True,9,23
Curragh Racing Results | 16th July 2022 13:30,N/A,13:30,Good  (Turf),7f,Young Ireland (IRE),K. J. Manning,0,J. S. Bolger,3rd,2 1/4 l,2,9-5,-,True,9,23
Curragh Racing Results | 16th July 2022 13:30,N/A,13:30,Good  (Turf),7f,Al Riffa (FR),D. B. McMonagle,0,Joseph Patrick O'Brien,2nd,1 3/4 l,2,9-5,-,True,9,23
Curragh Racing Results | 16th July 2022 13:30,N/A,13:30,Good  (Turf),7f,Hans Andersen,Ryan Moore,0,Aidan O'Brien,1st,N/A,2,9-5,-,True,9,23
Curragh Racing Results | 16th July 2022 13:30,N/A,13:30,Good  (Turf),7f,Mucky Mulconry (IRE),G. F. Carroll,0,G. M. Lyons,11th,3 1/4 l,2,9-5,-,True,9,23
Curragh Racing Results | 16th July 2022 13:30,N/A,13:30,Good  (Turf),7f,Show No Fear (IRE),G. M. Ryan,0,Donnacha Aidan O'Brien,10th,3 1/4 l,2,9-5,-,True,9,23
Curragh Racing Results | 16th July 2022 13:30,N/A,13:30,Good  (Turf),7f,Pigeon House (IRE),Shane Foley,0,Mrs J. Harrington,9th,1 1/4 l,2,9-5,-,True,9,23
Curragh Racing Results | 16th July 2022 13:30,N/A,13:30,Good  (Turf),7f,Yamazaki (IRE),P. A. Harnett,7,Donnacha Aidan O'Brien,8th,1 1/2 l,2,9-5,-,True,9,23
Curragh Racing Results | 16th July 2022 13:30,N/A,13:30,Good  (Turf),7f,Daamberdiplomat (IRE),Ben Martin Coen,0,John Patrick Murtagh,7th,3 1/2 l,2,9-5,-,True,9,23
Curragh Racing Results | 16th July 2022 13:30,N/A,13:30,Good  (Turf),7f,Nation's Call (IRE),C. D. Hayes,0,D. K. Weld,6th,1 1/4 l,2,9-5,-,True,9,23
Curragh Racing Results | 16th July 2022 13:30,N/A,13:30,Good  (Turf),7f,Desert Haven,C. T. Keane,0,Noel Meade,5th,Neck,2,9-5,-,True,9,23
Curragh Racing Results | 16th July 2022 13:30,N/A,13:30,Good  (Turf),7f,Imadpour (IRE),R. P. Whelan,0,M. Halford,4th,Neck,2,9-5,-,True,9,23
Curragh Racing Results | 16th July 2022 13:30,N/A,13:30,Good  (Turf),7f,Young Ireland (IRE),K. J. Manning,0,J. S. Bolger,3rd,2 1/4 l,2,9-5,-,True,9,23
Curragh Racing Results | 16th July 2022 13:30,N/A,13:30,Good  (Turf),7f,Al Riffa (FR),D. B. McMonagle,0,Joseph Patrick O'Brien,2nd,1 3/4 l,2,9-5,-,True,9,23
Curragh Racing Results | 16th July 2022 13:30,N/A,13:30,Good  (Turf),7f,Hans Andersen,Ryan Moore,0,Aidan O'Brien,1st,N/A,2,9-5,-,True,9,23
Curragh Racing Results | 16th July 2022 14:03,N/A,14:03,Good,6f 63y,Kodi Noir (IRE),Seamie Heffernan,0,Adrian Murray,6th,7 1/2 l,2,9-5t,-,True,9,24
Curragh Racing Results | 16th July 2022 14:03,N/A,14:03,Good,6f 63y,Thunderbear (IRE),R. P. Whelan,0,Jack W. Davison,5th,4 1/4 l,2,9-5,-,True,9,24
Curragh Racing Results | 16th July 2022 14:03,N/A,14:03,Good,6f 63y,Slan Abhaile (IRE),C. T. Keane,0,G. M. Lyons,4th,Head,2,9-2,-,True,9,24
Curragh Racing Results | 16th July 2022 14:03,N/A,14:03,Good,6f 63y,Badb (IRE),K. J. Leonard,0,Donnacha Aidan O'Brien,3rd,1/2 l,2,9-2,-,True,9,24
Curragh Racing Results | 16th July 2022 14:03,N/A,14:03,Good,6f 63y,Yosemite Valley,G. M. Ryan,0,Donnacha Aidan O'Brien,2nd,4 3/4 l,2,9-5,-,True,9,24
Curragh Racing Results | 16th July 2022 14:03,N/A,14:03,Good,6f 63y,Little Big Bear (IRE),Ryan Moore,0,Aidan O'Brien,1st,N/A,2,9-5,-,True,9,24
Curragh Racing Results | 16th July 2022 14:03,N/A,14:03,Good,6f 63y,Kodi Noir (IRE),Seamie Heffernan,0,Adrian Murray,6th,7 1/2 l,2,9-5t,-,True,9,24
Curragh Racing Results | 16th July 2022 14:03,N/A,14:03,Good,6f 63y,Thunderbear (IRE),R. P. Whelan,0,Jack W. Davison,5th,4 1/4 l,2,9-5,-,True,9,24
Curragh Racing Results | 16th July 2022 14:03,N/A,14:03,Good,6f 63y,Slan Abhaile (IRE),C. T. Keane,0,G. M. Lyons,4th,Head,2,9-2,-,True,9,24
Curragh Racing Results | 16th July 2022 14:03,N/A,14:03,Good,6f 63y,Badb (IRE),K. J. Leonard,0,Donnacha Aidan O'Brien,3rd,1/2 l,2,9-2,-,True,9,24
Curragh Racing Results | 16th July 2022 14:03,N/A,14:03,Good,6f 63y,Yosemite Valley,G. M. Ryan,0,Donnacha Aidan O'Brien,2nd,4 3/4 l,2,9-5,-,True,9,24
Curragh Racing Results | 16th July 2022 14:03,N/A,14:03,Good,6f 63y,Little Big Bear (IRE),Ryan Moore,0,Aidan O'Brien,1st,N/A,2,9-5,-,True,9,24
Curragh Racing Results | 16th July 2022 14:35,N/A,14:35,Good,6f 63y,Half Nutz (IRE),C. D. Hayes,0,John Patrick Murtagh,17th,4 1/4 l,5,8-7p,83,True,9,25
Curragh Racing Results | 16th July 2022 14:35,N/A,14:35,Good,6f 63y,Coumshingaun (IRE),J. A. Powell,7,Kevin Thomas Coleman,16th,Short Head,3,8-7,88,True,9,25
Curragh Racing Results | 16th July 2022 14:35,N/A,14:35,Good,6f 63y,Laugh A Minute,C. J. MacRedmond,5,Adrian McGuinness,15th,Short Head,7,9-2,92,True,9,25
Curragh Racing Results | 16th July 2022 14:35,N/A,14:35,Good,6f 63y,Neo Soul (IRE),C. T. Keane,0,G. M. Lyons,14th,1 l,3,8-9b,90,True,9,25
Curragh Racing Results | 16th July 2022 14:35,N/A,14:35,Good,6f 63y,Urban Beat (IRE),S. McCullagh,5,John Patrick Murtagh,13th,1 1/2 l,7,9-11p,101,True,9,25
Curragh Racing Results | 16th July 2022 14:35,N/A,14:35,Good,6f 63y,Mickey The Steel,Wesley Joyce,7,Joseph Anthony Murray,12th,Nose,4,8-7t,83,True,9,25
Curragh Racing Results | 16th July 2022 14:35,N/A,14:35,Good,6f 63y,Blairmayne (IRE),W. M. Lordan,0,Miss Natalia Lupini,11th,Neck,9,9-0,90,True,9,25
Curragh Racing Results | 16th July 2022 14:35,N/A,14:35,Good,6f 63y,Nordic Passage (IRE),N. M. Crosse,3,J. F. Levins,10th,1/2 l,7,8-8p1,84,True,9,25
Curragh Racing Results | 16th July 2022 14:35,N/A,14:35,Good,6f 63y,Gustavus Weston (IRE),G. F. Carroll,0,Joseph G. Murphy,9th,Nose,6,10-0h,104,True,9,25
Curragh Racing Results | 16th July 2022 14:35,N/A,14:35,Good,6f 63y,Quarantine Dreams (IRE),William James Lee,0,K. J. Condon,8th,Neck,4,9-8tv,98,True,9,25
Curragh Racing Results | 16th July 2022 14:35,N/A,14:35,Good,6f 63y,Andreas Vesalius (IRE),J. Coen,7,Joseph Patrick O'Brien,7th,Neck,3,9-6p1,101,True,9,25
Curragh Racing Results | 16th July 2022 14:35,N/A,14:35,Good,6f 63y,Lord Dudley (IRE),Declan McDonogh,0,Kieran Patrick Cotter,6th,Head,4,9-1,91,True,9,25
Curragh Racing Results | 16th July 2022 14:35,N/A,14:35,Good,6f 63y,Goodnight Girl (IRE),M. P. Sheehy,3,Sarah Lynam,5th,3/4 l,7,8-9v,85,True,9,25
Curragh Racing Results | 16th July 2022 14:35,N/A,14:35,Good,6f 63y,Majestic Colt (IRE),J. M. Sheridan,3,Denis Hogan,4th,1 1/4 l,7,9-3b,93,True,9,25
Curragh Racing Results | 16th July 2022 14:35,N/A,14:35,Good,6f 63y,No More Porter (IRE),K. J. Manning,0,J. J. Feane,3rd,1/2 l,4,8-8p1,84,True,9,25
Curragh Racing Results | 16th July 2022 14:35,N/A,14:35,Good,6f 63y,Big Gossey (IRE),D. E. Sheehy,3,Charles O'Brien,2nd,Head,5,9-3,93,True,9,25
Curragh Racing Results | 16th July 2022 14:35,N/A,14:35,Good,6f 63y,Mr Wagyu (IRE),Jason Hart,0,John Quinn,1st,N/A,7,9-10v,100,True,9,25
Curragh Racing Results | 16th July 2022 14:35,N/A,14:35,Good,6f 63y,Half Nutz (IRE),C. D. Hayes,0,John Patrick Murtagh,17th,4 1/4 l,5,8-7p,83,True,9,25
Curragh Racing Results | 16th July 2022 14:35,N/A,14:35,Good,6f 63y,Coumshingaun (IRE),J. A. Powell,7,Kevin Thomas Coleman,16th,Short Head,3,8-7,88,True,9,25
Curragh Racing Results | 16th July 2022 14:35,N/A,14:35,Good,6f 63y,Laugh A Minute,C. J. MacRedmond,5,Adrian McGuinness,15th,Short Head,7,9-2,92,True,9,25
Curragh Racing Results | 16th July 2022 14:35,N/A,14:35,Good,6f 63y,Neo Soul (IRE),C. T. Keane,0,G. M. Lyons,14th,1 l,3,8-9b,90,True,9,25
Curragh Racing Results | 16th July 2022 14:35,N/A,14:35,Good,6f 63y,Urban Beat (IRE),S. McCullagh,5,John Patrick Murtagh,13th,1 1/2 l,7,9-11p,101,True,9,25
Curragh Racing Results | 16th July 2022 14:35,N/A,14:35,Good,6f 63y,Mickey The Steel,Wesley Joyce,7,Joseph Anthony Murray,12th,Nose,4,8-7t,83,True,9,25
Curragh Racing Results | 16th July 2022 14:35,N/A,14:35,Good,6f 63y,Blairmayne (IRE),W. M. Lordan,0,Miss Natalia Lupini,11th,Neck,9,9-0,90,True,9,25
Curragh Racing Results | 16th July 2022 14:35,N/A,14:35,Good,6f 63y,Nordic Passage (IRE),N. M. Crosse,3,J. F. Levins,10th,1/2 l,7,8-8p1,84,True,9,25
Curragh Racing Results | 16th July 2022 14:35,N/A,14:35,Good,6f 63y,Gustavus Weston (IRE),G. F. Carroll,0,Joseph G. Murphy,9th,Nose,6,10-0h,104,True,9,25
Curragh Racing Results | 16th July 2022 14:35,N/A,14:35,Good,6f 63y,Quarantine Dreams (IRE),William James Lee,0,K. J. Condon,8th,Neck,4,9-8tv,98,True,9,25
Curragh Racing Results | 16th July 2022 14:35,N/A,14:35,Good,6f 63y,Andreas Vesalius (IRE),J. Coen,7,Joseph Patrick O'Brien,7th,Neck,3,9-6p1,101,True,9,25
Curragh Racing Results | 16th July 2022 14:35,N/A,14:35,Good,6f 63y,Lord Dudley (IRE),Declan McDonogh,0,Kieran Patrick Cotter,6th,Head,4,9-1,91,True,9,25
Curragh Racing Results | 16th July 2022 14:35,N/A,14:35,Good,6f 63y,Goodnight Girl (IRE),M. P. Sheehy,3,Sarah Lynam,5th,3/4 l,7,8-9v,85,True,9,25
Curragh Racing Results | 16th July 2022 14:35,N/A,14:35,Good,6f 63y,Majestic Colt (IRE),J. M. Sheridan,3,Denis Hogan,4th,1 1/4 l,7,9-3b,93,True,9,25
Curragh Racing Results | 16th July 2022 14:35,N/A,14:35,Good,6f 63y,No More Porter (IRE),K. J. Manning,0,J. J. Feane,3rd,1/2 l,4,8-8p1,84,True,9,25
Curragh Racing Results | 16th July 2022 14:35,N/A,14:35,Good,6f 63y,Big Gossey (IRE),D. E. Sheehy,3,Charles O'Brien,2nd,Head,5,9-3,93,True,9,25
Curragh Racing Results | 16th July 2022 14:35,N/A,14:35,Good,6f 63y,Mr Wagyu (IRE),Jason Hart,0,John Quinn,1st,N/A,7,9-10v,100,True,9,25
Curragh Racing Results | 16th July 2022 15:10,N/A,15:10,Good,5f,New York City (GER),W. M. Lordan,0,Aidan O'Brien,9th,Neck,3,9-5b1,-,True,9,26
Curragh Racing Results | 16th July 2022 15:10,N/A,15:10,Good,5f,Last Crusader (IRE),Daniel Tudhope,0,K. R. Burke,8th,Neck,3,9-5b1,-,True,9,26
Curragh Racing Results | 16th July 2022 15:10,N/A,15:10,Good,5f,Geocentric (IRE),G. F. Carroll,0,G. M. Lyons,7th,Neck,3,9-2,-,True,9,26
Curragh Racing Results | 16th July 2022 15:10,N/A,15:10,Good,5f,Brostaigh (IRE),D. B. McMonagle,0,Joseph Patrick O'Brien,6th,1 3/4 l,3,9-2,-,True,9,26
Curragh Racing Results | 16th July 2022 15:10,N/A,15:10,Good,5f,Castle Star (IRE),William James Lee,0,J. A. Stack,5th,3 l,3,9-5,-,True,9,26
Curragh Racing Results | 16th July 2022 15:10,N/A,15:10,Good,5f,Cadamosto (IRE),Ryan Moore,0,Aidan O'Brien,4th,1/2 l,3,9-5b,-,True,9,26
Curragh Racing Results | 16th July 2022 15:10,N/A,15:10,Good,5f,Equilateral,Frankie Dettori,0,Charles Hills,3rd,1 3/4 l,7,9-9,-,True,9,26
Curragh Racing Results | 16th July 2022 15:10,N/A,15:10,Good,5f,Mooneista (IRE),C. T. Keane,0,Jack W. Davison,2nd,Short Head,4,9-6,-,True,9,26
Curragh Racing Results | 16th July 2022 15:10,N/A,15:10,Good,5f,Ladies Church,Ben Martin Coen,0,John Patrick Murtagh,1st,N/A,3,9-2t,-,True,9,26
Curragh Racing Results | 16th July 2022 15:10,N/A,15:10,Good,5f,New York City (GER),W. M. Lordan,0,Aidan O'Brien,9th,Neck,3,9-5b1,-,True,9,26
Curragh Racing Results | 16th July 2022 15:10,N/A,15:10,Good,5f,Last Crusader (IRE),Daniel Tudhope,0,K. R. Burke,8th,Neck,3,9-5b1,-,True,9,26
Curragh Racing Results | 16th July 2022 15:10,N/A,15:10,Good,5f,Geocentric (IRE),G. F. Carroll,0,G. M. Lyons,7th,Neck,3,9-2,-,True,9,26
Curragh Racing Results | 16th July 2022 15:10,N/A,15:10,Good,5f,Brostaigh (IRE),D. B. McMonagle,0,Joseph Patrick O'Brien,6th,1 3/4 l,3,9-2,-,True,9,26
Curragh Racing Results | 16th July 2022 15:10,N/A,15:10,Good,5f,Castle Star (IRE),William James Lee,0,J. A. Stack,5th,3 l,3,9-5,-,True,9,26
Curragh Racing Results | 16th July 2022 15:10,N/A,15:10,Good,5f,Cadamosto (IRE),Ryan Moore,0,Aidan O'Brien,4th,1/2 l,3,9-5b,-,True,9,26
Curragh Racing Results | 16th July 2022 15:10,N/A,15:10,Good,5f,Equilateral,Frankie Dettori,0,Charles Hills,3rd,1 3/4 l,7,9-9,-,True,9,26
Curragh Racing Results | 16th July 2022 15:10,N/A,15:10,Good,5f,Mooneista (IRE),C. T. Keane,0,Jack W. Davison,2nd,Short Head,4,9-6,-,True,9,26
Curragh Racing Results | 16th July 2022 15:10,N/A,15:10,Good,5f,Ladies Church,Ben Martin Coen,0,John Patrick Murtagh,1st,N/A,3,9-2t,-,True,9,26
Curragh Racing Results | 16th July 2022 15:45,N/A,15:45,Good,1m 4f,History (IRE),W. M. Lordan,0,Aidan O'Brien,7th,1/2 l,3,9-2,-,True,9,27
Curragh Racing Results | 16th July 2022 15:45,N/A,15:45,Good,1m 4f,Fennela (IRE),S. M. Crosse,0,Mrs J. Harrington,6th,3/4 l,3,9-2p,-,True,9,27
Curragh Racing Results | 16th July 2022 15:45,N/A,15:45,Good,1m 4f,Show of Stars,William James Lee,0,P. Twomey,5th,8 1/2 l,3,9-2p1,-,True,9,27
Curragh Racing Results | 16th July 2022 15:45,N/A,15:45,Good,1m 4f,Emily Dickinson (IRE),Seamie Heffernan,0,Aidan O'Brien,4th,1/2 l,3,9-2,-,True,9,27
Curragh Racing Results | 16th July 2022 15:45,N/A,15:45,Good,1m 4f,Cairde Go Deo (FR),C. T. Keane,0,G. M. Lyons,3rd,2 3/4 l,3,9-2,-,True,9,27
Curragh Racing Results | 16th July 2022 15:45,N/A,15:45,Good,1m 4f,Toy (IRE),Ryan Moore,0,Aidan O'Brien,2nd,1/2 l,3,9-2,-,True,9,27
Curragh Racing Results | 16th July 2022 15:45,N/A,15:45,Good,1m 4f,Magical Lagoon (IRE),Shane Foley,0,Mrs J. Harrington,1st,N/A,3,9-2,-,True,9,27
Curragh Racing Results | 16th July 2022 15:45,N/A,15:45,Good,1m 4f,History (IRE),W. M. Lordan,0,Aidan O'Brien,7th,1/2 l,3,9-2,-,True,9,27
Curragh Racing Results | 16th July 2022 15:45,N/A,15:45,Good,1m 4f,Fennela (IRE),S. M. Crosse,0,Mrs J. Harrington,6th,3/4 l,3,9-2p,-,True,9,27
Curragh Racing Results | 16th July 2022 15:45,N/A,15:45,Good,1m 4f,Show of Stars,William James Lee,0,P. Twomey,5th,8 1/2 l,3,9-2p1,-,True,9,27
Curragh Racing Results | 16th July 2022 15:45,N/A,15:45,Good,1m 4f,Emily Dickinson (IRE),Seamie Heffernan,0,Aidan O'Brien,4th,1/2 l,3,9-2,-,True,9,27
Curragh Racing Results | 16th July 2022 15:45,N/A,15:45,Good,1m 4f,Cairde Go Deo (FR),C. T. Keane,0,G. M. Lyons,3rd,2 3/4 l,3,9-2,-,True,9,27
Curragh Racing Results | 16th July 2022 15:45,N/A,15:45,Good,1m 4f,Toy (IRE),Ryan Moore,0,Aidan O'Brien,2nd,1/2 l,3,9-2,-,True,9,27
Curragh Racing Results | 16th July 2022 15:45,N/A,15:45,Good,1m 4f,Magical Lagoon (IRE),Shane Foley,0,Mrs J. Harrington,1st,N/A,3,9-2,-,True,9,27
Curragh Racing Results | 16th July 2022 16:20,N/A,16:20,Good,1m 4f,Delta Dawn (IRE),Annalise Cullen,7,James Leavy,17th,5 1/2 l,5,10-1b1,72,True,9,28
Curragh Racing Results | 16th July 2022 16:20,N/A,16:20,Good,1m 4f,Figurehead (IRE),Miss S. Ahern,7,Sean Aherne,16th,3/4 l,5,9-0,57,True,9,28
Curragh Racing Results | 16th July 2022 16:20,N/A,16:20,Good,1m 4f,Sean Says (IRE),Sarah Verling,7,Rodger Sweeney,15th,Head,6,9-12p,69,True,9,28
Curragh Racing Results | 16th July 2022 16:20,N/A,16:20,Good,1m 4f,Hearts Are Trumps (IRE),Miss A. B. O'Connor,5,Desmond McDonogh,14th,2 1/2 l,9,10-4,75,True,9,28
Curragh Racing Results | 16th July 2022 16:20,N/A,16:20,Good,1m 4f,Final Endeavour (IRE),Miss M. Walsh,7,Harry Rogers,13th,2 3/4 l,6,9-10,67,True,9,28
Curragh Racing Results | 16th July 2022 16:20,N/A,16:20,Good,1m 4f,The Virginian (IRE),Kyanna Van Buuren,7,Padraig Roche,12th,1 l,6,9-13tp1,70,True,9,28
Curragh Racing Results | 16th July 2022 16:20,N/A,16:20,Good,1m 4f,Dartington (IRE),Miss Georgie Benson,7,Gordon Elliott,11th,Head,5,10-5,76,True,9,28
Curragh Racing Results | 16th July 2022 16:20,N/A,16:20,Good,1m 4f,Massaman (IRE),Miss M. O'Sullivan,5,Jack W. Davison,10th,1/2 l,4,10-11,82,True,9,28
Curragh Racing Results | 16th July 2022 16:20,N/A,16:20,Good,1m 4f,Vischio (IRE),Miss J. Townend,5,R. Donohoe,9th,1/2 l,5,10-4,75,True,9,28
Curragh Racing Results | 16th July 2022 16:20,N/A,16:20,Good,1m 4f,Hidden Land (USA),Miss J. Walton,7,Andrew Kinirons,8th,Head,5,10-1,72,True,9,28
Curragh Racing Results | 16th July 2022 16:20,N/A,16:20,Good,1m 4f,Cask Mate (IRE),Ms E. K. Murray,7,Noel Meade,7th,Short Head,9,11-2t,87,True,9,28
Curragh Racing Results | 16th July 2022 16:20,N/A,16:20,Good,1m 4f,Five Zeros (IRE),Amy Jo Hayes,7,Nigel Slevin,6th,Neck,5,9-0h1,57,True,9,28
Curragh Racing Results | 16th July 2022 16:20,N/A,16:20,Good,1m 4f,Kazakdaria (IRE),Rachael Blackmore,0,D. K. Weld,5th,2 1/2 l,4,11-2,87,True,9,28
Curragh Racing Results | 16th July 2022 16:20,N/A,16:20,Good,1m 4f,Wild Shot,Siobhan Rutledge,5,John McConnell,4th,Neck,8,9-6t,63,True,9,28
Curragh Racing Results | 16th July 2022 16:20,N/A,16:20,Good,1m 4f,Derry Lad (IRE),Julie Burke,0,Kevin Thomas Coleman,3rd,1/2 l,4,9-8,65,True,9,28
Curragh Racing Results | 16th July 2022 16:20,N/A,16:20,Good,1m 4f,Pachmena (IRE),Caragh Monaghan,7,Gavin Patrick Cromwell,2nd,1/2 l,5,10-5,76,True,9,28
Curragh Racing Results | 16th July 2022 16:20,N/A,16:20,Good,1m 4f,Extensio (IRE),Sylvia O'Donnell,7,P. F. O'Donnell,1st,N/A,5,9-6,63,True,9,28
Curragh Racing Results | 16th July 2022 16:20,N/A,16:20,Good,1m 4f,Delta Dawn (IRE),Annalise Cullen,7,James Leavy,17th,5 1/2 l,5,10-1b1,72,True,9,28
Curragh Racing Results | 16th July 2022 16:20,N/A,16:20,Good,1m 4f,Figurehead (IRE),Miss S. Ahern,7,Sean Aherne,16th,3/4 l,5,9-0,57,True,9,28
Curragh Racing Results | 16th July 2022 16:20,N/A,16:20,Good,1m 4f,Sean Says (IRE),Sarah Verling,7,Rodger Sweeney,15th,Head,6,9-12p,69,True,9,28
Curragh Racing Results | 16th July 2022 16:20,N/A,16:20,Good,1m 4f,Hearts Are Trumps (IRE),Miss A. B. O'Connor,5,Desmond McDonogh,14th,2 1/2 l,9,10-4,75,True,9,28
Curragh Racing Results | 16th July 2022 16:20,N/A,16:20,Good,1m 4f,Final Endeavour (IRE),Miss M. Walsh,7,Harry Rogers,13th,2 3/4 l,6,9-10,67,True,9,28
Curragh Racing Results | 16th July 2022 16:20,N/A,16:20,Good,1m 4f,The Virginian (IRE),Kyanna Van Buuren,7,Padraig Roche,12th,1 l,6,9-13tp1,70,True,9,28
Curragh Racing Results | 16th July 2022 16:20,N/A,16:20,Good,1m 4f,Dartington (IRE),Miss Georgie Benson,7,Gordon Elliott,11th,Head,5,10-5,76,True,9,28
Curragh Racing Results | 16th July 2022 16:20,N/A,16:20,Good,1m 4f,Massaman (IRE),Miss M. O'Sullivan,5,Jack W. Davison,10th,1/2 l,4,10-11,82,True,9,28
Curragh Racing Results | 16th July 2022 16:20,N/A,16:20,Good,1m 4f,Vischio (IRE),Miss J. Townend,5,R. Donohoe,9th,1/2 l,5,10-4,75,True,9,28
Curragh Racing Results | 16th July 2022 16:20,N/A,16:20,Good,1m 4f,Hidden Land (USA),Miss J. Walton,7,Andrew Kinirons,8th,Head,5,10-1,72,True,9,28
Curragh Racing Results | 16th July 2022 16:20,N/A,16:20,Good,1m 4f,Cask Mate (IRE),Ms E. K. Murray,7,Noel Meade,7th,Short Head,9,11-2t,87,True,9,28
Curragh Racing Results | 16th July 2022 16:20,N/A,16:20,Good,1m 4f,Five Zeros (IRE),Amy Jo Hayes,7,Nigel Slevin,6th,Neck,5,9-0h1,57,True,9,28
Curragh Racing Results | 16th July 2022 16:20,N/A,16:20,Good,1m 4f,Kazakdaria (IRE),Rachael Blackmore,0,D. K. Weld,5th,2 1/2 l,4,11-2,87,True,9,28
Curragh Racing Results | 16th July 2022 16:20,N/A,16:20,Good,1m 4f,Wild Shot,Siobhan Rutledge,5,John McConnell,4th,Neck,8,9-6t,63,True,9,28
Curragh Racing Results | 16th July 2022 16:20,N/A,16:20,Good,1m 4f,Derry Lad (IRE),Julie Burke,0,Kevin Thomas Coleman,3rd,1/2 l,4,9-8,65,True,9,28
Curragh Racing Results | 16th July 2022 16:20,N/A,16:20,Good,1m 4f,Pachmena (IRE),Caragh Monaghan,7,Gavin Patrick Cromwell,2nd,1/2 l,5,10-5,76,True,9,28
Curragh Racing Results | 16th July 2022 16:20,N/A,16:20,Good,1m 4f,Extensio (IRE),Sylvia O'Donnell,7,P. F. O'Donnell,1st,N/A,5,9-6,63,True,9,28
Curragh Racing Results | 16th July 2022 16:50,N/A,16:50,Good,6f,Tanaiyla (IRE),C. D. Hayes,0,D. K. Weld,8th,1 l,2,9-6,79,True,9,29
Curragh Racing Results | 16th July 2022 16:50,N/A,16:50,Good,6f,Static Charge,G. F. Carroll,0,Joseph G. Murphy,7th,1 l,2,8-13b1,72,True,9,29
Curragh Racing Results | 16th July 2022 16:50,N/A,16:50,Good,6f,Blindsided (IRE),P. A. Harnett,7,Donnacha Aidan O'Brien,6th,1 l,2,9-5,78,True,9,29
Curragh Racing Results | 16th July 2022 16:50,N/A,16:50,Good,6f,Holdonfordearlife (IRE),William James Lee,0,K. J. Condon,5th,1/2 l,2,9-6,79,True,9,29
Curragh Racing Results | 16th July 2022 16:50,N/A,16:50,Good,6f,Camilla Gherardini (IRE),J. A. Powell,7,James M. Barrett,4th,1/2 l,2,8-9b1,68,True,9,29
Curragh Racing Results | 16th July 2022 16:50,N/A,16:50,Good,6f,Woodcock Flight (IRE),G. P. Halpin,0,Kevin Prendergast,3rd,1 1/2 l,2,9-6,79,True,9,29
Curragh Racing Results | 16th July 2022 16:50,N/A,16:50,Good,6f,Lasmuigh,Ben Martin Coen,0,John Patrick Murtagh,2nd,Neck,2,9-2,75,True,9,29
Curragh Racing Results | 16th July 2022 16:50,N/A,16:50,Good,6f,All Things Nice (IRE),M. P. Sheehy,3,Joseph Patrick O'Brien,1st,N/A,2,9-12,85,True,9,29
Curragh Racing Results | 16th July 2022 16:50,N/A,16:50,Good,6f,Tanaiyla (IRE),C. D. Hayes,0,D. K. Weld,8th,1 l,2,9-6,79,True,9,29
Curragh Racing Results | 16th July 2022 16:50,N/A,16:50,Good,6f,Static Charge,G. F. Carroll,0,Joseph G. Murphy,7th,1 l,2,8-13b1,72,True,9,29
Curragh Racing Results | 16th July 2022 16:50,N/A,16:50,Good,6f,Blindsided (IRE),P. A. Harnett,7,Donnacha Aidan O'Brien,6th,1 l,2,9-5,78,True,9,29
Curragh Racing Results | 16th July 2022 16:50,N/A,16:50,Good,6f,Holdonfordearlife (IRE),William James Lee,0,K. J. Condon,5th,1/2 l,2,9-6,79,True,9,29
Curragh Racing Results | 16th July 2022 16:50,N/A,16:50,Good,6f,Camilla Gherardini (IRE),J. A. Powell,7,James M. Barrett,4th,1/2 l,2,8-9b1,68,True,9,29
Curragh Racing Results | 16th July 2022 16:50,N/A,16:50,Good,6f,Woodcock Flight (IRE),G. P. Halpin,0,Kevin Prendergast,3rd,1 1/2 l,2,9-6,79,True,9,29
Curragh Racing Results | 16th July 2022 16:50,N/A,16:50,Good,6f,Lasmuigh,Ben Martin Coen,0,John Patrick Murtagh,2nd,Neck,2,9-2,75,True,9,29
Curragh Racing Results | 16th July 2022 16:50,N/A,16:50,Good,6f,All Things Nice (IRE),M. P. Sheehy,3,Joseph Patrick O'Brien,1st,N/A,2,9-12,85,True,9,29
Curragh Racing Results | 16th July 2022 17:25,N/A,17:25,Good,1m,Joven De Corazon (IRE),C. D. Maxwell,0,Paul Stafford,15th,1 3/4 l,3,9-3,-,True,9,30
Curragh Racing Results | 16th July 2022 17:25,N/A,17:25,Good,1m,Miss Abby Jools (IRE),R. P. Whelan,0,M. Halford,14th,Neck,3,9-3,-,True,9,30
Curragh Racing Results | 16th July 2022 17:25,N/A,17:25,Good,1m,Inablink (USA),L. T. McAteer,3,Barry Fitzgerald,13th,2 1/4 l,3,9-3,-,True,9,30
Curragh Racing Results | 16th July 2022 17:25,N/A,17:25,Good,1m,Our Matilda (IRE),Siobhan Rutledge,5,Garry Bernard Caldwell,12th,2 1/2 l,3,9-3,-,True,9,30
Curragh Racing Results | 16th July 2022 17:25,N/A,17:25,Good,1m,So Beautiful (IRE),Ryan Moore,0,Aidan O'Brien,11th,Neck,3,9-3,-,True,9,30
Curragh Racing Results | 16th July 2022 17:25,N/A,17:25,Good,1m,Casino Queen (USA),C. D. Hayes,0,Eddie & Patrick Harty,10th,1/2 l,3,9-3,-,True,9,30
Curragh Racing Results | 16th July 2022 17:25,N/A,17:25,Good,1m,Santa Catarina,Seamie Heffernan,0,W. P. Browne,9th,1 3/4 l,3,9-3,-,True,9,30
Curragh Racing Results | 16th July 2022 17:25,N/A,17:25,Good,1m,Musical Rhapsody (IRE),G. F. Carroll,0,Gavin Patrick Cromwell,8th,1 1/4 l,3,9-3,-,True,9,30
Curragh Racing Results | 16th July 2022 17:25,N/A,17:25,Good,1m,God Knows (IRE),T. P. Madden,0,Richard Brabazon,7th,Short Head,3,9-3,-,True,9,30
Curragh Racing Results | 16th July 2022 17:25,N/A,17:25,Good,1m,Esculenta (IRE),Ben Martin Coen,0,John Patrick Murtagh,6th,1/2 l,3,9-3h1,-,True,9,30
Curragh Racing Results | 16th July 2022 17:25,N/A,17:25,Good,1m,Believeinmiracles (IRE),N. M. Crosse,3,W. McCreery,5th,Head,3,9-3,-,True,9,30
Curragh Racing Results | 16th July 2022 17:25,N/A,17:25,Good,1m,Livia Celeste (IRE),S. M. Crosse,0,Joseph Patrick O'Brien,4th,1/2 l,3,9-3,-,True,9,30
Curragh Racing Results | 16th July 2022 17:25,N/A,17:25,Good,1m,Solar Breeze (IRE),R. C. Colgan,0,Ms Sheila Lavery,3rd,1/2 l,3,9-3,-,True,9,30
Curragh Racing Results | 16th July 2022 17:25,N/A,17:25,Good,1m,Spring Feeling (FR),William James Lee,0,K. J. Condon,2nd,3/4 l,3,9-3,-,True,9,30
Curragh Racing Results | 16th July 2022 17:25,N/A,17:25,Good,1m,Benitoite (IRE),Shane Foley,0,Mrs J. Harrington,1st,N/A,3,9-3,-,True,9,30
Curragh Racing Results | 16th July 2022 17:25,N/A,17:25,Good,1m,Joven De Corazon (IRE),C. D. Maxwell,0,Paul Stafford,15th,1 3/4 l,3,9-3,-,True,9,30
Curragh Racing Results | 16th July 2022 17:25,N/A,17:25,Good,1m,Miss Abby Jools (IRE),R. P. Whelan,0,M. Halford,14th,Neck,3,9-3,-,True,9,30
Curragh Racing Results | 16th July 2022 17:25,N/A,17:25,Good,1m,Inablink (USA),L. T. McAteer,3,Barry Fitzgerald,13th,2 1/4 l,3,9-3,-,True,9,30
Curragh Racing Results | 16th July 2022 17:25,N/A,17:25,Good,1m,Our Matilda (IRE),Siobhan Rutledge,5,Garry Bernard Caldwell,12th,2 1/2 l,3,9-3,-,True,9,30
Curragh Racing Results | 16th July 2022 17:25,N/A,17:25,Good,1m,So Beautiful (IRE),Ryan Moore,0,Aidan O'Brien,11th,Neck,3,9-3,-,True,9,30
Curragh Racing Results | 16th July 2022 17:25,N/A,17:25,Good,1m,Casino Queen (USA),C. D. Hayes,0,Eddie & Patrick Harty,10th,1/2 l,3,9-3,-,True,9,30
Curragh Racing Results | 16th July 2022 17:25,N/A,17:25,Good,1m,Santa Catarina,Seamie Heffernan,0,W. P. Browne,9th,1 3/4 l,3,9-3,-,True,9,30
Curragh Racing Results | 16th July 2022 17:25,N/A,17:25,Good,1m,Musical Rhapsody (IRE),G. F. Carroll,0,Gavin Patrick Cromwell,8th,1 1/4 l,3,9-3,-,True,9,30
Curragh Racing Results | 16th July 2022 17:25,N/A,17:25,Good,1m,God Knows (IRE),T. P. Madden,0,Richard Brabazon,7th,Short Head,3,9-3,-,True,9,30
Curragh Racing Results | 16th July 2022 17:25,N/A,17:25,Good,1m,Esculenta (IRE),Ben Martin Coen,0,John Patrick Murtagh,6th,1/2 l,3,9-3h1,-,True,9,30
Curragh Racing Results | 16th July 2022 17:25,N/A,17:25,Good,1m,Believeinmiracles (IRE),N. M. Crosse,3,W. McCreery,5th,Head,3,9-3,-,True,9,30
Curragh Racing Results | 16th July 2022 17:25,N/A,17:25,Good,1m,Livia Celeste (IRE),S. M. Crosse,0,Joseph Patrick O'Brien,4th,1/2 l,3,9-3,-,True,9,30
Curragh Racing Results | 16th July 2022 17:25,N/A,17:25,Good,1m,Solar Breeze (IRE),R. C. Colgan,0,Ms Sheila Lavery,3rd,1/2 l,3,9-3,-,True,9,30
Curragh Racing Results | 16th July 2022 17:25,N/A,17:25,Good,1m,Spring Feeling (FR),William James Lee,0,K. J. Condon,2nd,3/4 l,3,9-3,-,True,9,30
Curragh Racing Results | 16th July 2022 17:25,N/A,17:25,Good,1m,Benitoite (IRE),Shane Foley,0,Mrs J. Harrington,1st,N/A,3,9-3,-,True,9,30
Curragh Racing Results | 17th July 2022 13:40,N/A,13:40,Good,7f,Lite'm Up (IRE),L. T. McAteer,3,James M. Barrett,13th,6 1/2 l,2,9-2,-,True,9,31
Curragh Racing Results | 17th July 2022 13:40,N/A,13:40,Good,7f,In The Giving (IRE),Seamie Heffernan,0,J. A. Stack,12th,3/4 l,2,9-2,-,True,9,31
Curragh Racing Results | 17th July 2022 13:40,N/A,13:40,Good,7f,Ano Manna (IRE),K. J. Manning,0,J. S. Bolger,11th,4 1/4 l,2,9-2,-,True,9,31
Curragh Racing Results | 17th July 2022 13:40,N/A,13:40,Good,7f,Livelong (IRE),K. J. Leonard,0,Donnacha Aidan O'Brien,10th,3/4 l,2,9-2,-,True,9,31
Curragh Racing Results | 17th July 2022 13:40,N/A,13:40,Good,7f,Eternal Silence (USA),Shane Foley,0,Mrs J. Harrington,9th,2 1/4 l,2,9-2,-,True,9,31
Curragh Racing Results | 17th July 2022 13:40,N/A,13:40,Good,7f,The Wild Grazer (IRE),A. J. Slattery,0,A. Slattery,8th,Nose,2,9-2,-,True,9,31
Curragh Racing Results | 17th July 2022 13:40,N/A,13:40,Good,7f,Shelton (IRE),William James Lee,0,P. Twomey,7th,Neck,2,9-2,-,True,9,31
Curragh Racing Results | 17th July 2022 13:40,N/A,13:40,Good,7f,Calling All Angels (IRE),G. M. Ryan,0,Donnacha Aidan O'Brien,6th,1/2 l,2,9-2,-,True,9,31
Curragh Racing Results | 17th July 2022 13:40,N/A,13:40,Good,7f,Alabama Pearl (IRE),S. B. Kelly,0,John Patrick Murtagh,5th,1 3/4 l,2,9-2,-,True,9,31
Curragh Racing Results | 17th July 2022 13:40,N/A,13:40,Good,7f,Cyber Attack (IRE),G. F. Carroll,0,Gavin Patrick Cromwell,4th,2 l,2,9-2,-,True,9,31
Curragh Racing Results | 17th July 2022 13:40,N/A,13:40,Good,7f,Unless (USA),Ryan Moore,0,Aidan O'Brien,3rd,3/4 l,2,9-2,-,True,9,31
Curragh Racing Results | 17th July 2022 13:40,N/A,13:40,Good,7f,Clounmacon (IRE),Ben Martin Coen,0,John Patrick Murtagh,2nd,Nose,2,9-2,-,True,9,31
Curragh Racing Results | 17th July 2022 13:40,N/A,13:40,Good,7f,Vernet (IRE),Declan McDonogh,0,Joseph Patrick O'Brien,1st,N/A,2,9-2,-,True,9,31
Curragh Racing Results | 17th July 2022 13:40,N/A,13:40,Good,7f,Lite'm Up (IRE),L. T. McAteer,3,James M. Barrett,13th,6 1/2 l,2,9-2,-,True,9,31
Curragh Racing Results | 17th July 2022 13:40,N/A,13:40,Good,7f,In The Giving (IRE),Seamie Heffernan,0,J. A. Stack,12th,3/4 l,2,9-2,-,True,9,31
Curragh Racing Results | 17th July 2022 13:40,N/A,13:40,Good,7f,Ano Manna (IRE),K. J. Manning,0,J. S. Bolger,11th,4 1/4 l,2,9-2,-,True,9,31
Curragh Racing Results | 17th July 2022 13:40,N/A,13:40,Good,7f,Livelong (IRE),K. J. Leonard,0,Donnacha Aidan O'Brien,10th,3/4 l,2,9-2,-,True,9,31
Curragh Racing Results | 17th July 2022 13:40,N/A,13:40,Good,7f,Eternal Silence (USA),Shane Foley,0,Mrs J. Harrington,9th,2 1/4 l,2,9-2,-,True,9,31
Curragh Racing Results | 17th July 2022 13:40,N/A,13:40,Good,7f,The Wild Grazer (IRE),A. J. Slattery,0,A. Slattery,8th,Nose,2,9-2,-,True,9,31
Curragh Racing Results | 17th July 2022 13:40,N/A,13:40,Good,7f,Shelton (IRE),William James Lee,0,P. Twomey,7th,Neck,2,9-2,-,True,9,31
Curragh Racing Results | 17th July 2022 13:40,N/A,13:40,Good,7f,Calling All Angels (IRE),G. M. Ryan,0,Donnacha Aidan O'Brien,6th,1/2 l,2,9-2,-,True,9,31
Curragh Racing Results | 17th July 2022 13:40,N/A,13:40,Good,7f,Alabama Pearl (IRE),S. B. Kelly,0,John Patrick Murtagh,5th,1 3/4 l,2,9-2,-,True,9,31
Curragh Racing Results | 17th July 2022 13:40,N/A,13:40,Good,7f,Cyber Attack (IRE),G. F. Carroll,0,Gavin Patrick Cromwell,4th,2 l,2,9-2,-,True,9,31
Curragh Racing Results | 17th July 2022 13:40,N/A,13:40,Good,7f,Unless (USA),Ryan Moore,0,Aidan O'Brien,3rd,3/4 l,2,9-2,-,True,9,31
Curragh Racing Results | 17th July 2022 13:40,N/A,13:40,Good,7f,Clounmacon (IRE),Ben Martin Coen,0,John Patrick Murtagh,2nd,Nose,2,9-2,-,True,9,31
Curragh Racing Results | 17th July 2022 13:40,N/A,13:40,Good,7f,Vernet (IRE),Declan McDonogh,0,Joseph Patrick O'Brien,1st,N/A,2,9-2,-,True,9,31
Curragh Racing Results | 17th July 2022 14:10,N/A,14:10,Good,7f,Real Appeal (GER),Shane Foley,0,Mrs J. Harrington,5th,3/4 l,5,9-10p,-,True,9,32
Curragh Racing Results | 17th July 2022 14:10,N/A,14:10,Good,7f,Prisoner's Dilemma,D. W. O'Connor,0,J. F. Levins,4th,3 1/2 l,6,9-10p,-,True,9,32
Curragh Racing Results | 17th July 2022 14:10,N/A,14:10,Good,7f,Dr Zempf,C. T. Keane,0,G. M. Lyons,3rd,1/2 l,3,9-3,-,True,9,32
Curragh Racing Results | 17th July 2022 14:10,N/A,14:10,Good,7f,Pearls Galore (FR),William James Lee,0,P. Twomey,2nd,3 1/2 l,5,9-7,-,True,9,32
Curragh Racing Results | 17th July 2022 14:10,N/A,14:10,Good,7f,Order of Australia (IRE),Ryan Moore,0,Aidan O'Brien,1st,N/A,5,9-10tb,-,True,9,32
Curragh Racing Results | 17th July 2022 14:10,N/A,14:10,Good,7f,Real Appeal (GER),Shane Foley,0,Mrs J. Harrington,5th,3/4 l,5,9-10p,-,True,9,32
Curragh Racing Results | 17th July 2022 14:10,N/A,14:10,Good,7f,Prisoner's Dilemma,D. W. O'Connor,0,J. F. Levins,4th,3 1/2 l,6,9-10p,-,True,9,32
Curragh Racing Results | 17th July 2022 14:10,N/A,14:10,Good,7f,Dr Zempf,C. T. Keane,0,G. M. Lyons,3rd,1/2 l,3,9-3,-,True,9,32
Curragh Racing Results | 17th July 2022 14:10,N/A,14:10,Good,7f,Pearls Galore (FR),William James Lee,0,P. Twomey,2nd,3 1/2 l,5,9-7,-,True,9,32
Curragh Racing Results | 17th July 2022 14:10,N/A,14:10,Good,7f,Order of Australia (IRE),Ryan Moore,0,Aidan O'Brien,1st,N/A,5,9-10tb,-,True,9,32
Curragh Racing Results | 17th July 2022 14:45,N/A,14:45,Good,1m 2f,Sir Allen,A. J. Slattery,0,A. Slattery,9th,4 1/2 l,3,8-9,71,True,9,33
Curragh Racing Results | 17th July 2022 14:45,N/A,14:45,Good,1m 2f,Bringbackmemories (FR),C. T. Keane,0,G. M. Lyons,8th,2 l,3,9-10p,86,True,9,33
Curragh Racing Results | 17th July 2022 14:45,N/A,14:45,Good,1m 2f,Female Soldier (IRE),William James Lee,0,Thomas Mullins,7th,Neck,3,9-13,89,True,9,33
Curragh Racing Results | 17th July 2022 14:45,N/A,14:45,Good,1m 2f,Knightlaila,S. B. Kelly,0,John Patrick Murtagh,6th,3 l,3,9-6,82,True,9,33
Curragh Racing Results | 17th July 2022 14:45,N/A,14:45,Good,1m 2f,Giladah (IRE),C. D. Hayes,0,D. K. Weld,5th,3/4 l,3,9-1,77,True,9,33
Curragh Racing Results | 17th July 2022 14:45,N/A,14:45,Good,1m 2f,Amortentia (IRE),H. J. Horgan,7,Joseph Patrick O'Brien,4th,Neck,3,10-3p1,93,True,9,33
Curragh Racing Results | 17th July 2022 14:45,N/A,14:45,Good,1m 2f,Supagirl (IRE),D. A. Kidd,10,Mrs J. Harrington,3rd,1/2 l,3,10-2,92,True,9,33
Curragh Racing Results | 17th July 2022 14:45,N/A,14:45,Good,1m 2f,Nectarine (IRE),K. J. Manning,0,J. S. Bolger,2nd,Neck,3,9-12,88,True,9,33
Curragh Racing Results | 17th July 2022 14:45,N/A,14:45,Good,1m 2f,Kerkiyra (IRE),Ben Martin Coen,0,John Patrick Murtagh,1st,N/A,3,9-10,86,True,9,33
Curragh Racing Results | 17th July 2022 14:45,N/A,14:45,Good,1m 2f,Sir Allen,A. J. Slattery,0,A. Slattery,9th,4 1/2 l,3,8-9,71,True,9,33
Curragh Racing Results | 17th July 2022 14:45,N/A,14:45,Good,1m 2f,Bringbackmemories (FR),C. T. Keane,0,G. M. Lyons,8th,2 l,3,9-10p,86,True,9,33
Curragh Racing Results | 17th July 2022 14:45,N/A,14:45,Good,1m 2f,Female Soldier (IRE),William James Lee,0,Thomas Mullins,7th,Neck,3,9-13,89,True,9,33
Curragh Racing Results | 17th July 2022 14:45,N/A,14:45,Good,1m 2f,Knightlaila,S. B. Kelly,0,John Patrick Murtagh,6th,3 l,3,9-6,82,True,9,33
Curragh Racing Results | 17th July 2022 14:45,N/A,14:45,Good,1m 2f,Giladah (IRE),C. D. Hayes,0,D. K. Weld,5th,3/4 l,3,9-1,77,True,9,33
Curragh Racing Results | 17th July 2022 14:45,N/A,14:45,Good,1m 2f,Amortentia (IRE),H. J. Horgan,7,Joseph Patrick O'Brien,4th,Neck,3,10-3p1,93,True,9,33
Curragh Racing Results | 17th July 2022 14:45,N/A,14:45,Good,1m 2f,Supagirl (IRE),D. A. Kidd,10,Mrs J. Harrington,3rd,1/2 l,3,10-2,92,True,9,33
Curragh Racing Results | 17th July 2022 14:45,N/A,14:45,Good,1m 2f,Nectarine (IRE),K. J. Manning,0,J. S. Bolger,2nd,Neck,3,9-12,88,True,9,33
Curragh Racing Results | 17th July 2022 14:45,N/A,14:45,Good,1m 2f,Kerkiyra (IRE),Ben Martin Coen,0,John Patrick Murtagh,1st,N/A,3,9-10,86,True,9,33
Curragh Racing Results | 17th July 2022 15:20,N/A,15:20,Good,1m,Eastern Wind,J. J. G. Ryan,7,T. G. McCourt,8th,1 1/2 l,3,9-7p,88,True,9,34
Curragh Racing Results | 17th July 2022 15:20,N/A,15:20,Good,1m,Coill Na Sionainne (IRE),William James Lee,0,W. McCreery,7th,3 1/4 l,6,9-9,82,True,9,34
Curragh Racing Results | 17th July 2022 15:20,N/A,15:20,Good,1m,Ha Ha Ha (IRE),Shane Foley,0,Mrs J. Harrington,6th,3 1/2 l,3,9-7,88,True,9,34
Curragh Racing Results | 17th July 2022 15:20,N/A,15:20,Good,1m,Miss Mirabell (IRE),Ben Martin Coen,0,John Patrick Murtagh,5th,1 1/2 l,3,9-13,94,True,9,34
Curragh Racing Results | 17th July 2022 15:20,N/A,15:20,Good,1m,West Coast (IRE),Ryan Moore,0,Aidan O'Brien,4th,1/2 l,3,10-0,95,True,9,34
Curragh Racing Results | 17th July 2022 15:20,N/A,15:20,Good,1m,Aurora Princess (IRE),S. McCullagh,5,Mrs J. Harrington,3rd,1 1/4 l,4,9-13v,86,True,9,34
Curragh Racing Results | 17th July 2022 15:20,N/A,15:20,Good,1m,Giselles Ausie (IRE),G. F. Carroll,0,Gavin Patrick Cromwell,2nd,1 1/4 l,3,9-0b1,81,True,9,34
Curragh Racing Results | 17th July 2022 15:20,N/A,15:20,Good,1m,Red Heel (IRE),Wesley Joyce,7,Michael Mulvany,1st,N/A,5,9-7,80,True,9,34
Curragh Racing Results | 17th July 2022 15:20,N/A,15:20,Good,1m,Eastern Wind,J. J. G. Ryan,7,T. G. McCourt,8th,1 1/2 l,3,9-7p,88,True,9,34
Curragh Racing Results | 17th July 2022 15:20,N/A,15:20,Good,1m,Coill Na Sionainne (IRE),William James Lee,0,W. McCreery,7th,3 1/4 l,6,9-9,82,True,9,34
Curragh Racing Results | 17th July 2022 15:20,N/A,15:20,Good,1m,Ha Ha Ha (IRE),Shane Foley,0,Mrs J. Harrington,6th,3 1/2 l,3,9-7,88,True,9,34
Curragh Racing Results | 17th July 2022 15:20,N/A,15:20,Good,1m,Miss Mirabell (IRE),Ben Martin Coen,0,John Patrick Murtagh,5th,1 1/2 l,3,9-13,94,True,9,34
Curragh Racing Results | 17th July 2022 15:20,N/A,15:20,Good,1m,West Coast (IRE),Ryan Moore,0,Aidan O'Brien,4th,1/2 l,3,10-0,95,True,9,34
Curragh Racing Results | 17th July 2022 15:20,N/A,15:20,Good,1m,Aurora Princess (IRE),S. McCullagh,5,Mrs J. Harrington,3rd,1 1/4 l,4,9-13v,86,True,9,34
Curragh Racing Results | 17th July 2022 15:20,N/A,15:20,Good,1m,Giselles Ausie (IRE),G. F. Carroll,0,Gavin Patrick Cromwell,2nd,1 1/4 l,3,9-0b1,81,True,9,34
Curragh Racing Results | 17th July 2022 15:20,N/A,15:20,Good,1m,Red Heel (IRE),Wesley Joyce,7,Michael Mulvany,1st,N/A,5,9-7,80,True,9,34
Curragh Racing Results | 17th July 2022 15:55,N/A,15:55,Good,1m 1f,The Algarve (USA),Seamie Heffernan,0,Aidan O'Brien,9th,6 1/2 l,3,9-2,-,True,9,35
Curragh Racing Results | 17th July 2022 15:55,N/A,15:55,Good,1m 1f,Sierra Nevada (USA),Shane Foley,0,Mrs J. Harrington,8th,2 1/2 l,3,9-2,-,True,9,35
Curragh Racing Results | 17th July 2022 15:55,N/A,15:55,Good,1m 1f,Potapova,C. T. Keane,0,Sir Michael Stoute,7th,3 1/4 l,4,9-11,-,True,9,35
Curragh Racing Results | 17th July 2022 15:55,N/A,15:55,Good,1m 1f,Galleria Borghese (IRE),W. M. Lordan,0,Aidan O'Brien,6th,2 1/4 l,3,9-2,-,True,9,35
Curragh Racing Results | 17th July 2022 15:55,N/A,15:55,Good,1m 1f,Purplepay (FR),Tom Marquand,0,William Haggas,5th,1 3/4 l,3,9-5,-,True,9,35
Curragh Racing Results | 17th July 2022 15:55,N/A,15:55,Good,1m 1f,Rumbles of Thunder (IRE),William James Lee,0,P. Twomey,4th,1 1/4 l,4,9-11,-,True,9,35
Curragh Racing Results | 17th July 2022 15:55,N/A,15:55,Good,1m 1f,One for Bobby (IRE),Ben Martin Coen,0,John Patrick Murtagh,3rd,3/4 l,3,9-2t1,-,True,9,35
Curragh Racing Results | 17th July 2022 15:55,N/A,15:55,Good,1m 1f,Seisai (IRE),S. M. Crosse,0,Joseph Patrick O'Brien,2nd,1/2 l,3,9-2,-,True,9,35
Curragh Racing Results | 17th July 2022 15:55,N/A,15:55,Good,1m 1f,Lily Pond (IRE),Ryan Moore,0,Aidan O'Brien,1st,N/A,3,9-2,-,True,9,35
Curragh Racing Results | 17th July 2022 15:55,N/A,15:55,Good,1m 1f,The Algarve (USA),Seamie Heffernan,0,Aidan O'Brien,9th,6 1/2 l,3,9-2,-,True,9,35
Curragh Racing Results | 17th July 2022 15:55,N/A,15:55,Good,1m 1f,Sierra Nevada (USA),Shane Foley,0,Mrs J. Harrington,8th,2 1/2 l,3,9-2,-,True,9,35
Curragh Racing Results | 17th July 2022 15:55,N/A,15:55,Good,1m 1f,Potapova,C. T. Keane,0,Sir Michael Stoute,7th,3 1/4 l,4,9-11,-,True,9,35
Curragh Racing Results | 17th July 2022 15:55,N/A,15:55,Good,1m 1f,Galleria Borghese (IRE),W. M. Lordan,0,Aidan O'Brien,6th,2 1/4 l,3,9-2,-,True,9,35
Curragh Racing Results | 17th July 2022 15:55,N/A,15:55,Good,1m 1f,Purplepay (FR),Tom Marquand,0,William Haggas,5th,1 3/4 l,3,9-5,-,True,9,35
Curragh Racing Results | 17th July 2022 15:55,N/A,15:55,Good,1m 1f,Rumbles of Thunder (IRE),William James Lee,0,P. Twomey,4th,1 1/4 l,4,9-11,-,True,9,35
Curragh Racing Results | 17th July 2022 15:55,N/A,15:55,Good,1m 1f,One for Bobby (IRE),Ben Martin Coen,0,John Patrick Murtagh,3rd,3/4 l,3,9-2t1,-,True,9,35
Curragh Racing Results | 17th July 2022 15:55,N/A,15:55,Good,1m 1f,Seisai (IRE),S. M. Crosse,0,Joseph Patrick O'Brien,2nd,1/2 l,3,9-2,-,True,9,35
Curragh Racing Results | 17th July 2022 15:55,N/A,15:55,Good,1m 1f,Lily Pond (IRE),Ryan Moore,0,Aidan O'Brien,1st,N/A,3,9-2,-,True,9,35
Curragh Racing Results | 17th July 2022 16:30,N/A,16:30,Good (Good To Firm In Places),1m 4f,Saddle In the Rain (IRE),N. J. Ryan,7,D. J. Barry,9th,1 l,5,10-5t,-,True,9,36
Curragh Racing Results | 17th July 2022 16:30,N/A,16:30,Good (Good To Firm In Places),1m 4f,Winterscape,William James Lee,0,Paul Nolan,8th,40 l,3,9-8,-,True,9,36
Curragh Racing Results | 17th July 2022 16:30,N/A,16:30,Good (Good To Firm In Places),1m 4f,Engagement Ring (IRE),W. M. Lordan,0,Aidan O'Brien,7th,4 1/2 l,3,9-3,-,True,9,36
Curragh Racing Results | 17th July 2022 16:30,N/A,16:30,Good (Good To Firm In Places),1m 4f,Nemean (USA),Ben Martin Coen,0,John Patrick Murtagh,6th,3 1/2 l,3,9-8p1,-,True,9,36
Curragh Racing Results | 17th July 2022 16:30,N/A,16:30,Good (Good To Firm In Places),1m 4f,Caramel Lizard (IRE),T. P. Madden,0,Ross O'Sullivan,5th,6 l,3,9-3,-,True,9,36
Curragh Racing Results | 17th July 2022 16:30,N/A,16:30,Good (Good To Firm In Places),1m 4f,Monarchs Brae (IRE),C. D. Hayes,0,D. K. Weld,4th,Neck,3,9-8,-,True,9,36
Curragh Racing Results | 17th July 2022 16:30,N/A,16:30,Good (Good To Firm In Places),1m 4f,Actually (IRE),Wesley Joyce,7,Michael Mulvany,3rd,1 3/4 l,3,9-3,-,True,9,36
Curragh Racing Results | 17th July 2022 16:30,N/A,16:30,Good (Good To Firm In Places),1m 4f,Over the Rainbow (IRE),Ryan Moore,0,Aidan O'Brien,2nd,1 3/4 l,3,9-3,-,True,9,36
Curragh Racing Results | 17th July 2022 16:30,N/A,16:30,Good (Good To Firm In Places),1m 4f,Nusret,M. P. Sheehy,3,Joseph Patrick O'Brien,1st,N/A,3,9-8t,-,True,9,36
Curragh Racing Results | 17th July 2022 16:30,N/A,16:30,Good (Good To Firm In Places),1m 4f,Saddle In the Rain (IRE),N. J. Ryan,7,D. J. Barry,9th,1 l,5,10-5t,-,True,9,36
Curragh Racing Results | 17th July 2022 16:30,N/A,16:30,Good (Good To Firm In Places),1m 4f,Winterscape,William James Lee,0,Paul Nolan,8th,40 l,3,9-8,-,True,9,36
Curragh Racing Results | 17th July 2022 16:30,N/A,16:30,Good (Good To Firm In Places),1m 4f,Engagement Ring (IRE),W. M. Lordan,0,Aidan O'Brien,7th,4 1/2 l,3,9-3,-,True,9,36
Curragh Racing Results | 17th July 2022 16:30,N/A,16:30,Good (Good To Firm In Places),1m 4f,Nemean (USA),Ben Martin Coen,0,John Patrick Murtagh,6th,3 1/2 l,3,9-8p1,-,True,9,36
Curragh Racing Results | 17th July 2022 16:30,N/A,16:30,Good (Good To Firm In Places),1m 4f,Caramel Lizard (IRE),T. P. Madden,0,Ross O'Sullivan,5th,6 l,3,9-3,-,True,9,36
Curragh Racing Results | 17th July 2022 16:30,N/A,16:30,Good (Good To Firm In Places),1m 4f,Monarchs Brae (IRE),C. D. Hayes,0,D. K. Weld,4th,Neck,3,9-8,-,True,9,36
Curragh Racing Results | 17th July 2022 16:30,N/A,16:30,Good (Good To Firm In Places),1m 4f,Actually (IRE),Wesley Joyce,7,Michael Mulvany,3rd,1 3/4 l,3,9-3,-,True,9,36
Curragh Racing Results | 17th July 2022 16:30,N/A,16:30,Good (Good To Firm In Places),1m 4f,Over the Rainbow (IRE),Ryan Moore,0,Aidan O'Brien,2nd,1 3/4 l,3,9-3,-,True,9,36
Curragh Racing Results | 17th July 2022 16:30,N/A,16:30,Good (Good To Firm In Places),1m 4f,Nusret,M. P. Sheehy,3,Joseph Patrick O'Brien,1st,N/A,3,9-8t,-,True,9,36
Curragh Racing Results | 17th July 2022 17:00,N/A,17:00,Good (Good To Firm In Places),5f,Realtin Fantasy (IRE),A. C. Persse,7,W. P. Browne,11th,1/2 l,6,8-10,62,True,9,37
Curragh Racing Results | 17th July 2022 17:00,N/A,17:00,Good (Good To Firm In Places),5f,Un Bacio Ancora (IRE),L. F. Roche,0,Eddie & Patrick Harty,10th,3/4 l,3,8-8,64,True,9,37
Curragh Racing Results | 17th July 2022 17:00,N/A,17:00,Good (Good To Firm In Places),5f,Tiny Bit (IRE),Declan McDonogh,0,Kieran Patrick Cotter,9th,3/4 l,3,8-12b,68,True,9,37
Curragh Racing Results | 17th July 2022 17:00,N/A,17:00,Good (Good To Firm In Places),5f,Maggie Thunder (IRE),C. D. Hayes,0,P. J. Hassett,8th,3/4 l,6,8-7b,59,True,9,37
Curragh Racing Results | 17th July 2022 17:00,N/A,17:00,Good (Good To Firm In Places),5f,Dragons Call (IRE),K. J. Manning,0,J. J. Feane,7th,Neck,6,9-4,70,True,9,37
Curragh Racing Results | 17th July 2022 17:00,N/A,17:00,Good (Good To Firm In Places),5f,Mass Gathering (IRE),Wesley Joyce,7,J. G. Murray,6th,2 1/2 l,4,9-2tb,68,True,9,37
Curragh Racing Results | 17th July 2022 17:00,N/A,17:00,Good (Good To Firm In Places),5f,One Sweet Day (IRE),W. M. Lordan,0,W. P. Browne,5th,Neck,4,9-11,77,True,9,37
Curragh Racing Results | 17th July 2022 17:00,N/A,17:00,Good (Good To Firm In Places),5f,Daintree (IRE),J. A. Powell,7,J. G. Coogan,4th,2 1/4 l,3,8-13v,69,True,9,37
Curragh Racing Results | 17th July 2022 17:00,N/A,17:00,Good (Good To Firm In Places),5f,Elanora (IRE),R. C. Colgan,0,M. C. Grassick,3rd,3/4 l,4,9-7b,73,True,9,37
Curragh Racing Results | 17th July 2022 17:00,N/A,17:00,Good (Good To Firm In Places),5f,Only Spoofing (IRE),J. M. Sheridan,3,Kevin Thomas Coleman,2nd,2 3/4 l,8,10-4,84,True,9,37
Curragh Racing Results | 17th July 2022 17:00,N/A,17:00,Good (Good To Firm In Places),5f,Are We Dreaming (IRE),William James Lee,0,W. McCreery,1st,N/A,3,9-4v,74,True,9,37
Curragh Racing Results | 17th July 2022 17:00,N/A,17:00,Good (Good To Firm In Places),5f,Realtin Fantasy (IRE),A. C. Persse,7,W. P. Browne,11th,1/2 l,6,8-10,62,True,9,37
Curragh Racing Results | 17th July 2022 17:00,N/A,17:00,Good (Good To Firm In Places),5f,Un Bacio Ancora (IRE),L. F. Roche,0,Eddie & Patrick Harty,10th,3/4 l,3,8-8,64,True,9,37
Curragh Racing Results | 17th July 2022 17:00,N/A,17:00,Good (Good To Firm In Places),5f,Tiny Bit (IRE),Declan McDonogh,0,Kieran Patrick Cotter,9th,3/4 l,3,8-12b,68,True,9,37
Curragh Racing Results | 17th July 2022 17:00,N/A,17:00,Good (Good To Firm In Places),5f,Maggie Thunder (IRE),C. D. Hayes,0,P. J. Hassett,8th,3/4 l,6,8-7b,59,True,9,37
Curragh Racing Results | 17th July 2022 17:00,N/A,17:00,Good (Good To Firm In Places),5f,Dragons Call (IRE),K. J. Manning,0,J. J. Feane,7th,Neck,6,9-4,70,True,9,37
Curragh Racing Results | 17th July 2022 17:00,N/A,17:00,Good (Good To Firm In Places),5f,Mass Gathering (IRE),Wesley Joyce,7,J. G. Murray,6th,2 1/2 l,4,9-2tb,68,True,9,37
Curragh Racing Results | 17th July 2022 17:00,N/A,17:00,Good (Good To Firm In Places),5f,One Sweet Day (IRE),W. M. Lordan,0,W. P. Browne,5th,Neck,4,9-11,77,True,9,37
Curragh Racing Results | 17th July 2022 17:00,N/A,17:00,Good (Good To Firm In Places),5f,Daintree (IRE),J. A. Powell,7,J. G. Coogan,4th,2 1/4 l,3,8-13v,69,True,9,37
Curragh Racing Results | 17th July 2022 17:00,N/A,17:00,Good (Good To Firm In Places),5f,Elanora (IRE),R. C. Colgan,0,M. C. Grassick,3rd,3/4 l,4,9-7b,73,True,9,37
Curragh Racing Results | 17th July 2022 17:00,N/A,17:00,Good (Good To Firm In Places),5f,Only Spoofing (IRE),J. M. Sheridan,3,Kevin Thomas Coleman,2nd,2 3/4 l,8,10-4,84,True,9,37
Curragh Racing Results | 17th July 2022 17:00,N/A,17:00,Good (Good To Firm In Places),5f,Are We Dreaming (IRE),William James Lee,0,W. McCreery,1st,N/A,3,9-4v,74,True,9,37
Curragh Racing Results | 17th July 2022 17:30,N/A,17:30,N/A,1m 4f,Vermilion Cliffs (IRE),Peter O'Reilly,0,D Hogan,14th,1 3/4 l,5,12-0,-,True,9,38
Curragh Racing Results | 17th July 2022 17:30,N/A,17:30,N/A,1m 4f,Cluan Dara (IRE),Marie Vallet,0,J P Ryan,13th,16 l,10,12-0,-,True,9,38
Curragh Racing Results | 17th July 2022 17:30,N/A,17:30,N/A,1m 4f,The Mouse Doctor (IRE),Emer Lawlor,0,A J Martin,12th,14 l,9,12-0t,-,True,9,38
Curragh Racing Results | 17th July 2022 17:30,N/A,17:30,N/A,1m 4f,Benkei (IRE),Michelle O'Brien,0,H Rogers,11th,3/4 l,12,12-0,-,True,9,38
Curragh Racing Results | 17th July 2022 17:30,N/A,17:30,N/A,1m 4f,Made For Minds (IRE),Laura Burnett,0,R O'Sullivan,10th,1/2 l,5,12-0t,-,True,9,38
Curragh Racing Results | 17th July 2022 17:30,N/A,17:30,N/A,1m 4f,Tim Rocco (GER),Neil Durkan,0,Peter Fahey,9th,Head,10,12-0,-,True,9,38
Curragh Racing Results | 17th July 2022 17:30,N/A,17:30,N/A,1m 4f,Choice Of Mine (AUS),Craig Kileff,0,J J Hanlon,8th,Short Head,5,12-7,-,True,9,38
Curragh Racing Results | 17th July 2022 17:30,N/A,17:30,N/A,1m 4f,The West's Awake (IRE),Joan Tyner,0,E J O'Grady,7th,1 1/2 l,11,12-0t,-,True,9,38
Curragh Racing Results | 17th July 2022 17:30,N/A,17:30,N/A,1m 4f,Drakensberg (IRE),Dean Ryan,0,A J Martin,6th,Neck,8,12-0t,-,True,9,38
Curragh Racing Results | 17th July 2022 17:30,N/A,17:30,N/A,1m 4f,Duffle Coat (IRE),Fiona Dowling,0,G Elliott,5th,3 3/4 l,5,12-7,-,True,9,38
Curragh Racing Results | 17th July 2022 17:30,N/A,17:30,N/A,1m 4f,Bambeano (IRE),Stan Begley,0,M Fahey,4th,3/4 l,5,11-9,-,True,9,38
Curragh Racing Results | 17th July 2022 17:30,N/A,17:30,N/A,1m 4f,Whatcouldhavebeen (IRE),Miss L Bennett,0,J P Fahey,3rd,3/4 l,4,11-9,-,True,9,38
Curragh Racing Results | 17th July 2022 17:30,N/A,17:30,N/A,1m 4f,The Truant (IRE),Darren Harrison,0,Peter Fahey,2nd,1 1/4 l,5,12-0,-,True,9,38
Curragh Racing Results | 17th July 2022 17:30,N/A,17:30,N/A,1m 4f,Takarengo (IRE),Jane Davis,0,T Mullins,1st,N/A,6,12-7,-,True,9,38
Curragh Racing Results | 17th July 2022 17:30,N/A,17:30,N/A,1m 4f,Vermilion Cliffs (IRE),Peter O'Reilly,0,D Hogan,14th,1 3/4 l,5,12-0,-,True,9,38
Curragh Racing Results | 17th July 2022 17:30,N/A,17:30,N/A,1m 4f,Cluan Dara (IRE),Marie Vallet,0,J P Ryan,13th,16 l,10,12-0,-,True,9,38
Curragh Racing Results | 17th July 2022 17:30,N/A,17:30,N/A,1m 4f,The Mouse Doctor (IRE),Emer Lawlor,0,A J Martin,12th,14 l,9,12-0t,-,True,9,38
Curragh Racing Results | 17th July 2022 17:30,N/A,17:30,N/A,1m 4f,Benkei (IRE),Michelle O'Brien,0,H Rogers,11th,3/4 l,12,12-0,-,True,9,38
Curragh Racing Results | 17th July 2022 17:30,N/A,17:30,N/A,1m 4f,Made For Minds (IRE),Laura Burnett,0,R O'Sullivan,10th,1/2 l,5,12-0t,-,True,9,38
Curragh Racing Results | 17th July 2022 17:30,N/A,17:30,N/A,1m 4f,Tim Rocco (GER),Neil Durkan,0,Peter Fahey,9th,Head,10,12-0,-,True,9,38
Curragh Racing Results | 17th July 2022 17:30,N/A,17:30,N/A,1m 4f,Choice Of Mine (AUS),Craig Kileff,0,J J Hanlon,8th,Short Head,5,12-7,-,True,9,38
Curragh Racing Results | 17th July 2022 17:30,N/A,17:30,N/A,1m 4f,The West's Awake (IRE),Joan Tyner,0,E J O'Grady,7th,1 1/2 l,11,12-0t,-,True,9,38
Curragh Racing Results | 17th July 2022 17:30,N/A,17:30,N/A,1m 4f,Drakensberg (IRE),Dean Ryan,0,A J Martin,6th,Neck,8,12-0t,-,True,9,38
Curragh Racing Results | 17th July 2022 17:30,N/A,17:30,N/A,1m 4f,Duffle Coat (IRE),Fiona Dowling,0,G Elliott,5th,3 3/4 l,5,12-7,-,True,9,38
Curragh Racing Results | 17th July 2022 17:30,N/A,17:30,N/A,1m 4f,Bambeano (IRE),Stan Begley,0,M Fahey,4th,3/4 l,5,11-9,-,True,9,38
Curragh Racing Results | 17th July 2022 17:30,N/A,17:30,N/A,1m 4f,Whatcouldhavebeen (IRE),Miss L Bennett,0,J P Fahey,3rd,3/4 l,4,11-9,-,True,9,38
Curragh Racing Results | 17th July 2022 17:30,N/A,17:30,N/A,1m 4f,The Truant (IRE),Darren Harrison,0,Peter Fahey,2nd,1 1/4 l,5,12-0,-,True,9,38
Curragh Racing Results | 17th July 2022 17:30,N/A,17:30,N/A,1m 4f,Takarengo (IRE),Jane Davis,0,T Mullins,1st,N/A,6,12-7,-,True,9,38
Tipperary Racing Results | 17th July 2022 13:50,N/A,13:50,Good To Yielding,2m 170y,Easter Recital (IRE),Niall Moore,7,Eric Larkin,PU,N/A,7,11-7,-,True,9,39
Tipperary Racing Results | 17th July 2022 13:50,N/A,13:50,Good To Yielding,2m 170y,Reine Machine (IRE),Denis O'Regan,0,Jonathan Sweeney,PU,N/A,7,11-7tp1,-,True,9,39
Tipperary Racing Results | 17th July 2022 13:50,N/A,13:50,Good To Yielding,2m 170y,Karetta Davis (FR),Donagh Meyler,0,T. Shanahan,7th,37 l,6,11-7,-,True,9,39
Tipperary Racing Results | 17th July 2022 13:50,N/A,13:50,Good To Yielding,2m 170y,Highstreet Roller (IRE),D. J. O'Keeffe,0,T. Gibney,6th,17 l,8,11-7t,-,True,9,39
Tipperary Racing Results | 17th July 2022 13:50,N/A,13:50,Good To Yielding,2m 170y,Family Business (IRE),Kieran Callaghan,0,Donal Coffey,5th,19 l,8,11-7h,-,True,9,39
Tipperary Racing Results | 17th July 2022 13:50,N/A,13:50,Good To Yielding,2m 170y,Raven Rule (IRE),Phillip Enright,0,W. J. Burke,4th,4 l,7,11-7,-,True,9,39
Tipperary Racing Results | 17th July 2022 13:50,N/A,13:50,Good To Yielding,2m 170y,Good As Hell (IRE),B. Hayes,0,Philip Fenton,3rd,12 l,7,11-7b,-,True,9,39
Tipperary Racing Results | 17th July 2022 13:50,N/A,13:50,Good To Yielding,2m 170y,Mighty Meggsie (IRE),S. F. O'Keeffe,0,Mrs J. Harrington,2nd,1/2 l,6,11-7h,-,True,9,39
Tipperary Racing Results | 17th July 2022 13:50,N/A,13:50,Good To Yielding,2m 170y,Mind Your Money,Mr H. C. Swan,7,T. E. Hyde,1st,N/A,6,11-7,-,True,9,39
Tipperary Racing Results | 17th July 2022 13:50,N/A,13:50,Good To Yielding,2m 170y,Easter Recital (IRE),Niall Moore,7,Eric Larkin,PU,N/A,7,11-7,-,True,9,39
Tipperary Racing Results | 17th July 2022 13:50,N/A,13:50,Good To Yielding,2m 170y,Reine Machine (IRE),Denis O'Regan,0,Jonathan Sweeney,PU,N/A,7,11-7tp1,-,True,9,39
Tipperary Racing Results | 17th July 2022 13:50,N/A,13:50,Good To Yielding,2m 170y,Karetta Davis (FR),Donagh Meyler,0,T. Shanahan,7th,37 l,6,11-7,-,True,9,39
Tipperary Racing Results | 17th July 2022 13:50,N/A,13:50,Good To Yielding,2m 170y,Highstreet Roller (IRE),D. J. O'Keeffe,0,T. Gibney,6th,17 l,8,11-7t,-,True,9,39
Tipperary Racing Results | 17th July 2022 13:50,N/A,13:50,Good To Yielding,2m 170y,Family Business (IRE),Kieran Callaghan,0,Donal Coffey,5th,19 l,8,11-7h,-,True,9,39
Tipperary Racing Results | 17th July 2022 13:50,N/A,13:50,Good To Yielding,2m 170y,Raven Rule (IRE),Phillip Enright,0,W. J. Burke,4th,4 l,7,11-7,-,True,9,39
Tipperary Racing Results | 17th July 2022 13:50,N/A,13:50,Good To Yielding,2m 170y,Good As Hell (IRE),B. Hayes,0,Philip Fenton,3rd,12 l,7,11-7b,-,True,9,39
Tipperary Racing Results | 17th July 2022 13:50,N/A,13:50,Good To Yielding,2m 170y,Mighty Meggsie (IRE),S. F. O'Keeffe,0,Mrs J. Harrington,2nd,1/2 l,6,11-7h,-,True,9,39
Tipperary Racing Results | 17th July 2022 13:50,N/A,13:50,Good To Yielding,2m 170y,Mind Your Money,Mr H. C. Swan,7,T. E. Hyde,1st,N/A,6,11-7,-,True,9,39
Tipperary Racing Results | 17th July 2022 14:22,N/A,14:22,Yielding,2m 170y,Vinnie is Busy (IRE),S. F. O'Keeffe,0,Charles Byrnes,UR,N/A,7,11-12p1,-,True,9,40
Tipperary Racing Results | 17th July 2022 14:22,N/A,14:22,Yielding,2m 170y,Don Diablo (IRE),J. W. Kennedy,0,Gordon Elliott,7th,1/2 l,7,11-12h,-,True,9,40
Tipperary Racing Results | 17th July 2022 14:22,N/A,14:22,Yielding,2m 170y,Highlander Casseul (FR),B. P. Kennedy,7,J. G. Coogan,6th,22 l,5,11-12p1,-,True,9,40
Tipperary Racing Results | 17th July 2022 14:22,N/A,14:22,Yielding,2m 170y,Serenity Grove (IRE),Rachael Blackmore,0,Henry de Bromhead,5th,44 l,6,11-12t1,-,True,9,40
Tipperary Racing Results | 17th July 2022 14:22,N/A,14:22,Yielding,2m 170y,The Greek (IRE),Jordan Colin Gainford,0,Gordon Elliott,4th,Head,6,11-12t,-,True,9,40
Tipperary Racing Results | 17th July 2022 14:22,N/A,14:22,Yielding,2m 170y,Lord Royal (FR),P. Townend,0,W. P. Mullins,3rd,12 l,7,11-12t,-,True,9,40
Tipperary Racing Results | 17th July 2022 14:22,N/A,14:22,Yielding,2m 170y,Act of God,D. J. O'Keeffe,0,E. J. O'Grady,2nd,4 1/4 l,7,11-12,-,True,9,40
Tipperary Racing Results | 17th July 2022 14:22,N/A,14:22,Yielding,2m 170y,For Everyone (IRE),Phillip Enright,0,Mark McNiff,1st,N/A,6,11-12,-,True,9,40
Tipperary Racing Results | 17th July 2022 14:22,N/A,14:22,Yielding,2m 170y,Vinnie is Busy (IRE),S. F. O'Keeffe,0,Charles Byrnes,UR,N/A,7,11-12p1,-,True,9,40
Tipperary Racing Results | 17th July 2022 14:22,N/A,14:22,Yielding,2m 170y,Don Diablo (IRE),J. W. Kennedy,0,Gordon Elliott,7th,1/2 l,7,11-12h,-,True,9,40
Tipperary Racing Results | 17th July 2022 14:22,N/A,14:22,Yielding,2m 170y,Highlander Casseul (FR),B. P. Kennedy,7,J. G. Coogan,6th,22 l,5,11-12p1,-,True,9,40
Tipperary Racing Results | 17th July 2022 14:22,N/A,14:22,Yielding,2m 170y,Serenity Grove (IRE),Rachael Blackmore,0,Henry de Bromhead,5th,44 l,6,11-12t1,-,True,9,40
Tipperary Racing Results | 17th July 2022 14:22,N/A,14:22,Yielding,2m 170y,The Greek (IRE),Jordan Colin Gainford,0,Gordon Elliott,4th,Head,6,11-12t,-,True,9,40
Tipperary Racing Results | 17th July 2022 14:22,N/A,14:22,Yielding,2m 170y,Lord Royal (FR),P. Townend,0,W. P. Mullins,3rd,12 l,7,11-12t,-,True,9,40
Tipperary Racing Results | 17th July 2022 14:22,N/A,14:22,Yielding,2m 170y,Act of God,D. J. O'Keeffe,0,E. J. O'Grady,2nd,4 1/4 l,7,11-12,-,True,9,40
Tipperary Racing Results | 17th July 2022 14:22,N/A,14:22,Yielding,2m 170y,For Everyone (IRE),Phillip Enright,0,Mark McNiff,1st,N/A,6,11-12,-,True,9,40
Tipperary Racing Results | 17th July 2022 14:57,N/A,14:57,Yielding,2m 170y,Ricky Langford (IRE),J. P. O'Sullivan,5,P. J. Rothwell,PU,N/A,8,11-9tp1,97,True,9,41
Tipperary Racing Results | 17th July 2022 14:57,N/A,14:57,Yielding,2m 170y,So Easy Way (IRE),S. D. Torrens,0,I. Madden,PU,N/A,6,10-10,84,True,9,41
Tipperary Racing Results | 17th July 2022 14:57,N/A,14:57,Yielding,2m 170y,Mullins Cross (IRE),S. F. O'Keeffe,0,Paul Nolan,PU,N/A,6,11-3p1,91,True,9,41
Tipperary Racing Results | 17th July 2022 14:57,N/A,14:57,Yielding,2m 170y,Bilbo Bagins (IRE),D. J. O'Keeffe,0,R. P. Burns,7th,1/2 l,13,10-7p,81,True,9,41
Tipperary Racing Results | 17th July 2022 14:57,N/A,14:57,Yielding,2m 170y,Early Arrival (IRE),J. J. Slevin,0,Liam Casey,6th,39 l,7,11-2t1,90,True,9,41
Tipperary Racing Results | 17th July 2022 14:57,N/A,14:57,Yielding,2m 170y,General Clermont (FR),D. E. Mullins,0,D. E. Fitzgerald,5th,4 3/4 l,6,12-0,102,True,9,41
Tipperary Racing Results | 17th July 2022 14:57,N/A,14:57,Yielding,2m 170y,Rebellious Gale (IRE),Peter Carberry,0,A. J. Martin,4th,9 l,6,11-13t,101,True,9,41
Tipperary Racing Results | 17th July 2022 14:57,N/A,14:57,Yielding,2m 170y,Zalika (IRE),C. P. McNamara,0,Paul John Gilligan,3rd,3 1/2 l,7,10-8p,82,True,9,41
Tipperary Racing Results | 17th July 2022 14:57,N/A,14:57,Yielding,2m 170y,A Mere Bagatelle (IRE),Sean Flanagan,0,John Joseph Hanlon,2nd,17 l,5,11-2,90,True,9,41
Tipperary Racing Results | 17th July 2022 14:57,N/A,14:57,Yielding,2m 170y,Fly De Megaudais (FR),C. M. Quirke,7,Michael J. McDonagh,1st,N/A,9,10-5,79,True,9,41
Tipperary Racing Results | 17th July 2022 14:57,N/A,14:57,Yielding,2m 170y,Ricky Langford (IRE),J. P. O'Sullivan,5,P. J. Rothwell,PU,N/A,8,11-9tp1,97,True,9,41
Tipperary Racing Results | 17th July 2022 14:57,N/A,14:57,Yielding,2m 170y,So Easy Way (IRE),S. D. Torrens,0,I. Madden,PU,N/A,6,10-10,84,True,9,41
Tipperary Racing Results | 17th July 2022 14:57,N/A,14:57,Yielding,2m 170y,Mullins Cross (IRE),S. F. O'Keeffe,0,Paul Nolan,PU,N/A,6,11-3p1,91,True,9,41
Tipperary Racing Results | 17th July 2022 14:57,N/A,14:57,Yielding,2m 170y,Bilbo Bagins (IRE),D. J. O'Keeffe,0,R. P. Burns,7th,1/2 l,13,10-7p,81,True,9,41
Tipperary Racing Results | 17th July 2022 14:57,N/A,14:57,Yielding,2m 170y,Early Arrival (IRE),J. J. Slevin,0,Liam Casey,6th,39 l,7,11-2t1,90,True,9,41
Tipperary Racing Results | 17th July 2022 14:57,N/A,14:57,Yielding,2m 170y,General Clermont (FR),D. E. Mullins,0,D. E. Fitzgerald,5th,4 3/4 l,6,12-0,102,True,9,41
Tipperary Racing Results | 17th July 2022 14:57,N/A,14:57,Yielding,2m 170y,Rebellious Gale (IRE),Peter Carberry,0,A. J. Martin,4th,9 l,6,11-13t,101,True,9,41
Tipperary Racing Results | 17th July 2022 14:57,N/A,14:57,Yielding,2m 170y,Zalika (IRE),C. P. McNamara,0,Paul John Gilligan,3rd,3 1/2 l,7,10-8p,82,True,9,41
Tipperary Racing Results | 17th July 2022 14:57,N/A,14:57,Yielding,2m 170y,A Mere Bagatelle (IRE),Sean Flanagan,0,John Joseph Hanlon,2nd,17 l,5,11-2,90,True,9,41
Tipperary Racing Results | 17th July 2022 14:57,N/A,14:57,Yielding,2m 170y,Fly De Megaudais (FR),C. M. Quirke,7,Michael J. McDonagh,1st,N/A,9,10-5,79,True,9,41
Tipperary Racing Results | 17th July 2022 15:32,N/A,15:32,Yielding,2m 7f 14y,Bolbec (FR),Shane Fenelon,4,John Joseph Hanlon,UR,N/A,8,11-11,105,True,9,42
Tipperary Racing Results | 17th July 2022 15:32,N/A,15:32,Yielding,2m 7f 14y,Father Jed (IRE),S. Fitzgerald,0,John Patrick Ryan,PU,N/A,11,11-6,100,True,9,42
Tipperary Racing Results | 17th July 2022 15:32,N/A,15:32,Yielding,2m 7f 14y,Force of Forces (FR),Gavin Peter Brouder,2,I. Madden,PU,N/A,9,10-1,81,True,9,42
Tipperary Racing Results | 17th July 2022 15:32,N/A,15:32,Yielding,2m 7f 14y,Think Positive (IRE),Jack Foley,0,P. J. Rothwell,PU,N/A,8,10-8b,88,True,9,42
Tipperary Racing Results | 17th July 2022 15:32,N/A,15:32,Yielding,2m 7f 14y,Buttons and Bows (IRE),P. T. Smithers,4,Patrick J. Flynn,PU,N/A,8,11-7,101,True,9,42
Tipperary Racing Results | 17th July 2022 15:32,N/A,15:32,Yielding,2m 7f 14y,Avec Espoir,Kieran Callaghan,4,V. T. O'Brien,PU,N/A,9,11-4,98,True,9,42
Tipperary Racing Results | 17th July 2022 15:32,N/A,15:32,Yielding,2m 7f 14y,Brandy Harbour,Mr R. P. Geoghegan,4,Mrs Grainne M. O'Connor,PU,N/A,8,12-0h,108,True,9,42
Tipperary Racing Results | 17th July 2022 15:32,N/A,15:32,Yielding,2m 7f 14y,Leac an Scail Lady (IRE),C. Brassil,2,Henry de Bromhead,F,N/A,6,11-8,102,True,9,42
Tipperary Racing Results | 17th July 2022 15:32,N/A,15:32,Yielding,2m 7f 14y,Mica Malpic (FR),J. P. Shinnick,4,Enda Bolger,F,N/A,5,11-13p,107,True,9,42
Tipperary Racing Results | 17th July 2022 15:32,N/A,15:32,Yielding,2m 7f 14y,Crazywork De Vassy (FR),C. M. Quirke,4,Michael J. McDonagh,5th,62 l,10,11-13tb,107,True,9,42
Tipperary Racing Results | 17th July 2022 15:32,N/A,15:32,Yielding,2m 7f 14y,Costalita (IRE),Patrick O'Hanlon,2,P. J. Rothwell,4th,26 l,8,10-5p,85,True,9,42
Tipperary Racing Results | 17th July 2022 15:32,N/A,15:32,Yielding,2m 7f 14y,Secret Cargo (IRE),Niall Moore,4,Philip Fenton,3rd,10 l,8,11-9,103,True,9,42
Tipperary Racing Results | 17th July 2022 15:32,N/A,15:32,Yielding,2m 7f 14y,Malina Girl (IRE),K. E. Buckley,2,Gavin Patrick Cromwell,2nd,2 3/4 l,5,12-0,108,True,9,42
Tipperary Racing Results | 17th July 2022 15:32,N/A,15:32,Yielding,2m 7f 14y,I'm Not Alone (IRE),C. G. O'Dwyer,0,Conor O'Dwyer,1st,N/A,8,10-6tp,86,True,9,42
Tipperary Racing Results | 17th July 2022 15:32,N/A,15:32,Yielding,2m 7f 14y,Bolbec (FR),Shane Fenelon,4,John Joseph Hanlon,UR,N/A,8,11-11,105,True,9,42
Tipperary Racing Results | 17th July 2022 15:32,N/A,15:32,Yielding,2m 7f 14y,Father Jed (IRE),S. Fitzgerald,0,John Patrick Ryan,PU,N/A,11,11-6,100,True,9,42
Tipperary Racing Results | 17th July 2022 15:32,N/A,15:32,Yielding,2m 7f 14y,Force of Forces (FR),Gavin Peter Brouder,2,I. Madden,PU,N/A,9,10-1,81,True,9,42
Tipperary Racing Results | 17th July 2022 15:32,N/A,15:32,Yielding,2m 7f 14y,Think Positive (IRE),Jack Foley,0,P. J. Rothwell,PU,N/A,8,10-8b,88,True,9,42
Tipperary Racing Results | 17th July 2022 15:32,N/A,15:32,Yielding,2m 7f 14y,Buttons and Bows (IRE),P. T. Smithers,4,Patrick J. Flynn,PU,N/A,8,11-7,101,True,9,42
Tipperary Racing Results | 17th July 2022 15:32,N/A,15:32,Yielding,2m 7f 14y,Avec Espoir,Kieran Callaghan,4,V. T. O'Brien,PU,N/A,9,11-4,98,True,9,42
Tipperary Racing Results | 17th July 2022 15:32,N/A,15:32,Yielding,2m 7f 14y,Brandy Harbour,Mr R. P. Geoghegan,4,Mrs Grainne M. O'Connor,PU,N/A,8,12-0h,108,True,9,42
Tipperary Racing Results | 17th July 2022 15:32,N/A,15:32,Yielding,2m 7f 14y,Leac an Scail Lady (IRE),C. Brassil,2,Henry de Bromhead,F,N/A,6,11-8,102,True,9,42
Tipperary Racing Results | 17th July 2022 15:32,N/A,15:32,Yielding,2m 7f 14y,Mica Malpic (FR),J. P. Shinnick,4,Enda Bolger,F,N/A,5,11-13p,107,True,9,42
Tipperary Racing Results | 17th July 2022 15:32,N/A,15:32,Yielding,2m 7f 14y,Crazywork De Vassy (FR),C. M. Quirke,4,Michael J. McDonagh,5th,62 l,10,11-13tb,107,True,9,42
Tipperary Racing Results | 17th July 2022 15:32,N/A,15:32,Yielding,2m 7f 14y,Costalita (IRE),Patrick O'Hanlon,2,P. J. Rothwell,4th,26 l,8,10-5p,85,True,9,42
Tipperary Racing Results | 17th July 2022 15:32,N/A,15:32,Yielding,2m 7f 14y,Secret Cargo (IRE),Niall Moore,4,Philip Fenton,3rd,10 l,8,11-9,103,True,9,42
Tipperary Racing Results | 17th July 2022 15:32,N/A,15:32,Yielding,2m 7f 14y,Malina Girl (IRE),K. E. Buckley,2,Gavin Patrick Cromwell,2nd,2 3/4 l,5,12-0,108,True,9,42
Tipperary Racing Results | 17th July 2022 15:32,N/A,15:32,Yielding,2m 7f 14y,I'm Not Alone (IRE),C. G. O'Dwyer,0,Conor O'Dwyer,1st,N/A,8,10-6tp,86,True,9,42
Tipperary Racing Results | 17th July 2022 16:07,N/A,16:07,Yielding,2m 3f 114y,L'impertinent (FR),S. D. Torrens,0,Enda Bolger,PU,N/A,6,11-9,-,True,9,43
Tipperary Racing Results | 17th July 2022 16:07,N/A,16:07,Yielding,2m 3f 114y,Say It Ain't So,T. N. Brett,7,Ray Hackett,4th,6 1/2 l,7,11-9t,-,True,9,43
Tipperary Racing Results | 17th July 2022 16:07,N/A,16:07,Yielding,2m 3f 114y,Ferdia (IRE),Philip Donovan,5,John Patrick Ryan,3rd,6 1/2 l,6,11-5,-,True,9,43
Tipperary Racing Results | 17th July 2022 16:07,N/A,16:07,Yielding,2m 3f 114y,Mr Caplan (IRE),J. W. Kennedy,0,Gordon Elliott,2nd,32 l,7,11-5h,-,True,9,43
Tipperary Racing Results | 17th July 2022 16:07,N/A,16:07,Yielding,2m 3f 114y,Upping The Anti (IRE),Rachael Blackmore,0,Henry de Bromhead,1st,N/A,6,11-9,-,True,9,43
Tipperary Racing Results | 17th July 2022 16:07,N/A,16:07,Yielding,2m 3f 114y,L'impertinent (FR),S. D. Torrens,0,Enda Bolger,PU,N/A,6,11-9,-,True,9,43
Tipperary Racing Results | 17th July 2022 16:07,N/A,16:07,Yielding,2m 3f 114y,Say It Ain't So,T. N. Brett,7,Ray Hackett,4th,6 1/2 l,7,11-9t,-,True,9,43
Tipperary Racing Results | 17th July 2022 16:07,N/A,16:07,Yielding,2m 3f 114y,Ferdia (IRE),Philip Donovan,5,John Patrick Ryan,3rd,6 1/2 l,6,11-5,-,True,9,43
Tipperary Racing Results | 17th July 2022 16:07,N/A,16:07,Yielding,2m 3f 114y,Mr Caplan (IRE),J. W. Kennedy,0,Gordon Elliott,2nd,32 l,7,11-5h,-,True,9,43
Tipperary Racing Results | 17th July 2022 16:07,N/A,16:07,Yielding,2m 3f 114y,Upping The Anti (IRE),Rachael Blackmore,0,Henry de Bromhead,1st,N/A,6,11-9,-,True,9,43
Tipperary Racing Results | 17th July 2022 16:41,N/A,16:41,Yielding,2m 3f 114y,Lake Chad (IRE),B. Hayes,0,Philip Fenton,UR,N/A,7,10-5,112,True,9,44
Tipperary Racing Results | 17th July 2022 16:41,N/A,16:41,Yielding,2m 3f 114y,Optical Confusion (IRE),D. E. Mullins,0,Michael Butler,PU,N/A,10,11-2t,123,True,9,44
Tipperary Racing Results | 17th July 2022 16:41,N/A,16:41,Yielding,2m 3f 114y,Fancy Foundations,J. W. Kennedy,0,Gordon Elliott,F,N/A,8,11-12,133,True,9,44
Tipperary Racing Results | 17th July 2022 16:41,N/A,16:41,Yielding,2m 3f 114y,Fest Deiz (FR),Donagh Meyler,0,Kieran Purcell,F,N/A,7,11-5b1,126,True,9,44
Tipperary Racing Results | 17th July 2022 16:41,N/A,16:41,Yielding,2m 3f 114y,Weihnachts (IRE),S. D. Torrens,0,P. J. Rothwell,2nd,75 l,8,10-5tp,112,True,9,44
Tipperary Racing Results | 17th July 2022 16:41,N/A,16:41,Yielding,2m 3f 114y,Cornerkova (IRE),Rachael Blackmore,0,Henry de Bromhead,1st,N/A,7,10-13t,120,True,9,44
Tipperary Racing Results | 17th July 2022 16:41,N/A,16:41,Yielding,2m 3f 114y,Lake Chad (IRE),B. Hayes,0,Philip Fenton,UR,N/A,7,10-5,112,True,9,44
Tipperary Racing Results | 17th July 2022 16:41,N/A,16:41,Yielding,2m 3f 114y,Optical Confusion (IRE),D. E. Mullins,0,Michael Butler,PU,N/A,10,11-2t,123,True,9,44
Tipperary Racing Results | 17th July 2022 16:41,N/A,16:41,Yielding,2m 3f 114y,Fancy Foundations,J. W. Kennedy,0,Gordon Elliott,F,N/A,8,11-12,133,True,9,44
Tipperary Racing Results | 17th July 2022 16:41,N/A,16:41,Yielding,2m 3f 114y,Fest Deiz (FR),Donagh Meyler,0,Kieran Purcell,F,N/A,7,11-5b1,126,True,9,44
Tipperary Racing Results | 17th July 2022 16:41,N/A,16:41,Yielding,2m 3f 114y,Weihnachts (IRE),S. D. Torrens,0,P. J. Rothwell,2nd,75 l,8,10-5tp,112,True,9,44
Tipperary Racing Results | 17th July 2022 16:41,N/A,16:41,Yielding,2m 3f 114y,Cornerkova (IRE),Rachael Blackmore,0,Henry de Bromhead,1st,N/A,7,10-13t,120,True,9,44
Tipperary Racing Results | 17th July 2022 17:16,N/A,17:16,Yielding,2m 3f 114y,Hascoeur Clermont (FR),Donagh Meyler,0,Gavin Patrick Cromwell,UR,N/A,5,11-12,-,True,9,45
Tipperary Racing Results | 17th July 2022 17:16,N/A,17:16,Yielding,2m 3f 114y,Greenhill Damsel (IRE),S. F. O'Keeffe,0,Garrett James Power,UR,N/A,7,11-5,-,True,9,45
Tipperary Racing Results | 17th July 2022 17:16,N/A,17:16,Yielding,2m 3f 114y,Motcomb Street (USA),Kieran Callaghan,7,G. Ahern,PU,N/A,9,11-12t,-,True,9,45
Tipperary Racing Results | 17th July 2022 17:16,N/A,17:16,Yielding,2m 3f 114y,Charlie Siringo (IRE),D. J. O'Keeffe,0,G. Ahern,PU,N/A,7,11-12h,-,True,9,45
Tipperary Racing Results | 17th July 2022 17:16,N/A,17:16,Yielding,2m 3f 114y,Frontier General (IRE),Rachael Blackmore,0,Henry de Bromhead,PU,N/A,5,11-12tp,-,True,9,45
Tipperary Racing Results | 17th July 2022 17:16,N/A,17:16,Yielding,2m 3f 114y,Time To Bite (IRE),Phillip Enright,0,L. J. Archdeacon,PU,N/A,7,11-12,-,True,9,45
Tipperary Racing Results | 17th July 2022 17:16,N/A,17:16,Yielding,2m 3f 114y,Pat's Pick (IRE),J. J. Slevin,0,Stuart Crawford,6th,56 l,8,11-12,-,True,9,45
Tipperary Racing Results | 17th July 2022 17:16,N/A,17:16,Yielding,2m 3f 114y,En Avant (FR),B. Hayes,0,Louise G. Lyons,5th,Neck,6,11-12,-,True,9,45
Tipperary Racing Results | 17th July 2022 17:16,N/A,17:16,Yielding,2m 3f 114y,Leish Oscars Son (IRE),Patrick O'Hanlon,5,Neil McKnight,4th,34 l,6,11-12,-,True,9,45
Tipperary Racing Results | 17th July 2022 17:16,N/A,17:16,Yielding,2m 3f 114y,Famous Escape (IRE),D. E. Mullins,0,Ms Margaret Mullins,3rd,13 l,7,11-5,-,True,9,45
Tipperary Racing Results | 17th July 2022 17:16,N/A,17:16,Yielding,2m 3f 114y,Wild Caprice (IRE),S. Fitzgerald,3,John Patrick Ryan,2nd,Head,8,11-5,-,True,9,45
Tipperary Racing Results | 17th July 2022 17:16,N/A,17:16,Yielding,2m 3f 114y,We'llhavewan (IRE),P. Townend,0,W. P. Mullins,1st,N/A,7,11-12t,-,True,9,45
Tipperary Racing Results | 17th July 2022 17:16,N/A,17:16,Yielding,2m 3f 114y,Hascoeur Clermont (FR),Donagh Meyler,0,Gavin Patrick Cromwell,UR,N/A,5,11-12,-,True,9,45
Tipperary Racing Results | 17th July 2022 17:16,N/A,17:16,Yielding,2m 3f 114y,Greenhill Damsel (IRE),S. F. O'Keeffe,0,Garrett James Power,UR,N/A,7,11-5,-,True,9,45
Tipperary Racing Results | 17th July 2022 17:16,N/A,17:16,Yielding,2m 3f 114y,Motcomb Street (USA),Kieran Callaghan,7,G. Ahern,PU,N/A,9,11-12t,-,True,9,45
Tipperary Racing Results | 17th July 2022 17:16,N/A,17:16,Yielding,2m 3f 114y,Charlie Siringo (IRE),D. J. O'Keeffe,0,G. Ahern,PU,N/A,7,11-12h,-,True,9,45
Tipperary Racing Results | 17th July 2022 17:16,N/A,17:16,Yielding,2m 3f 114y,Frontier General (IRE),Rachael Blackmore,0,Henry de Bromhead,PU,N/A,5,11-12tp,-,True,9,45
Tipperary Racing Results | 17th July 2022 17:16,N/A,17:16,Yielding,2m 3f 114y,Time To Bite (IRE),Phillip Enright,0,L. J. Archdeacon,PU,N/A,7,11-12,-,True,9,45
Tipperary Racing Results | 17th July 2022 17:16,N/A,17:16,Yielding,2m 3f 114y,Pat's Pick (IRE),J. J. Slevin,0,Stuart Crawford,6th,56 l,8,11-12,-,True,9,45
Tipperary Racing Results | 17th July 2022 17:16,N/A,17:16,Yielding,2m 3f 114y,En Avant (FR),B. Hayes,0,Louise G. Lyons,5th,Neck,6,11-12,-,True,9,45
Tipperary Racing Results | 17th July 2022 17:16,N/A,17:16,Yielding,2m 3f 114y,Leish Oscars Son (IRE),Patrick O'Hanlon,5,Neil McKnight,4th,34 l,6,11-12,-,True,9,45
Tipperary Racing Results | 17th July 2022 17:16,N/A,17:16,Yielding,2m 3f 114y,Famous Escape (IRE),D. E. Mullins,0,Ms Margaret Mullins,3rd,13 l,7,11-5,-,True,9,45
Tipperary Racing Results | 17th July 2022 17:16,N/A,17:16,Yielding,2m 3f 114y,Wild Caprice (IRE),S. Fitzgerald,3,John Patrick Ryan,2nd,Head,8,11-5,-,True,9,45
Tipperary Racing Results | 17th July 2022 17:16,N/A,17:16,Yielding,2m 3f 114y,We'llhavewan (IRE),P. Townend,0,W. P. Mullins,1st,N/A,7,11-12t,-,True,9,45
Ballinrobe Racing Results | 18th July 2022 17:35,N/A,17:35,Good To Yielding,1m 1f 96y,Golden Eye Diamond,L. T. McAteer,3,Paul W. Flynn,13th,7 l,6,9-2,-,True,9,46
Ballinrobe Racing Results | 18th July 2022 17:35,N/A,17:35,Good To Yielding,1m 1f 96y,Just For Yuse (IRE),J. J. G. Ryan,7,T. G. McCourt,12th,12 l,4,8-12v1,-,True,9,46
Ballinrobe Racing Results | 18th July 2022 17:35,N/A,17:35,Good To Yielding,1m 1f 96y,Katelyn's Dream (IRE),Siobhan Rutledge,5,Mark McNiff,11th,6 1/2 l,5,9-2,-,True,9,46
Ballinrobe Racing Results | 18th July 2022 17:35,N/A,17:35,Good To Yielding,1m 1f 96y,Paddytheirishman (IRE),R. P. Cleary,0,Thomas Cleary,10th,3 3/4 l,12,8-10,-,True,9,46
Ballinrobe Racing Results | 18th July 2022 17:35,N/A,17:35,Good To Yielding,1m 1f 96y,Eastern Racer (IRE),C. T. Keane,0,James McAuley,9th,1 3/4 l,10,9-2b,-,True,9,46
Ballinrobe Racing Results | 18th July 2022 17:35,N/A,17:35,Good To Yielding,1m 1f 96y,Sevenal,D. King,7,Denis Hogan,8th,1 1/4 l,4,10-2,-,True,9,46
Ballinrobe Racing Results | 18th July 2022 17:35,N/A,17:35,Good To Yielding,1m 1f 96y,Aleksey Tolstoy (IRE),J. Coen,5,James McAuley,7th,Neck,4,9-0p,-,True,9,46
Ballinrobe Racing Results | 18th July 2022 17:35,N/A,17:35,Good To Yielding,1m 1f 96y,Tooso (IRE),J. A. Powell,7,Peter Cluskey,6th,1/2 l,4,8-8b1,-,True,9,46
Ballinrobe Racing Results | 18th July 2022 17:35,N/A,17:35,Good To Yielding,1m 1f 96y,Mosaaheb,J. M. Sheridan,3,Denis Hogan,5th,1/2 l,4,9-4b,-,True,9,46
Ballinrobe Racing Results | 18th July 2022 17:35,N/A,17:35,Good To Yielding,1m 1f 96y,Brehon Star (IRE),G. M. Ryan,0,Mark McNiff,4th,3/4 l,4,9-6,-,True,9,46
Ballinrobe Racing Results | 18th July 2022 17:35,N/A,17:35,Good To Yielding,1m 1f 96y,Alhaajeb (IRE),Adam Caffrey,7,Adrian McGuinness,3rd,2 1/4 l,4,9-8v,-,True,9,46
Ballinrobe Racing Results | 18th July 2022 17:35,N/A,17:35,Good To Yielding,1m 1f 96y,Ideal Pal (IRE),G. F. Carroll,0,Michael Mulvany,2nd,Head,6,10-2t,-,True,9,46
Ballinrobe Racing Results | 18th July 2022 17:35,N/A,17:35,Good To Yielding,1m 1f 96y,Mischief Star,Shane Foley,0,James McAuley,1st,N/A,5,9-10tp1,-,True,9,46
Ballinrobe Racing Results | 18th July 2022 17:35,N/A,17:35,Good To Yielding,1m 1f 96y,Golden Eye Diamond,L. T. McAteer,3,Paul W. Flynn,13th,7 l,6,9-2,-,True,9,46
Ballinrobe Racing Results | 18th July 2022 17:35,N/A,17:35,Good To Yielding,1m 1f 96y,Just For Yuse (IRE),J. J. G. Ryan,7,T. G. McCourt,12th,12 l,4,8-12v1,-,True,9,46
Ballinrobe Racing Results | 18th July 2022 17:35,N/A,17:35,Good To Yielding,1m 1f 96y,Katelyn's Dream (IRE),Siobhan Rutledge,5,Mark McNiff,11th,6 1/2 l,5,9-2,-,True,9,46
Ballinrobe Racing Results | 18th July 2022 17:35,N/A,17:35,Good To Yielding,1m 1f 96y,Paddytheirishman (IRE),R. P. Cleary,0,Thomas Cleary,10th,3 3/4 l,12,8-10,-,True,9,46
Ballinrobe Racing Results | 18th July 2022 17:35,N/A,17:35,Good To Yielding,1m 1f 96y,Eastern Racer (IRE),C. T. Keane,0,James McAuley,9th,1 3/4 l,10,9-2b,-,True,9,46
Ballinrobe Racing Results | 18th July 2022 17:35,N/A,17:35,Good To Yielding,1m 1f 96y,Sevenal,D. King,7,Denis Hogan,8th,1 1/4 l,4,10-2,-,True,9,46
Ballinrobe Racing Results | 18th July 2022 17:35,N/A,17:35,Good To Yielding,1m 1f 96y,Aleksey Tolstoy (IRE),J. Coen,5,James McAuley,7th,Neck,4,9-0p,-,True,9,46
Ballinrobe Racing Results | 18th July 2022 17:35,N/A,17:35,Good To Yielding,1m 1f 96y,Tooso (IRE),J. A. Powell,7,Peter Cluskey,6th,1/2 l,4,8-8b1,-,True,9,46
Ballinrobe Racing Results | 18th July 2022 17:35,N/A,17:35,Good To Yielding,1m 1f 96y,Mosaaheb,J. M. Sheridan,3,Denis Hogan,5th,1/2 l,4,9-4b,-,True,9,46
Ballinrobe Racing Results | 18th July 2022 17:35,N/A,17:35,Good To Yielding,1m 1f 96y,Brehon Star (IRE),G. M. Ryan,0,Mark McNiff,4th,3/4 l,4,9-6,-,True,9,46
Ballinrobe Racing Results | 18th July 2022 17:35,N/A,17:35,Good To Yielding,1m 1f 96y,Alhaajeb (IRE),Adam Caffrey,7,Adrian McGuinness,3rd,2 1/4 l,4,9-8v,-,True,9,46
Ballinrobe Racing Results | 18th July 2022 17:35,N/A,17:35,Good To Yielding,1m 1f 96y,Ideal Pal (IRE),G. F. Carroll,0,Michael Mulvany,2nd,Head,6,10-2t,-,True,9,46
Ballinrobe Racing Results | 18th July 2022 17:35,N/A,17:35,Good To Yielding,1m 1f 96y,Mischief Star,Shane Foley,0,James McAuley,1st,N/A,5,9-10tp1,-,True,9,46
Ballinrobe Racing Results | 18th July 2022 18:05,N/A,18:05,Good To Yielding,1m 1f 96y,Comeragh Belle (IRE),R. P. Cleary,0,Michael Flannery,7th,6 1/2 l,4,9-12,-,True,9,47
Ballinrobe Racing Results | 18th July 2022 18:05,N/A,18:05,Good To Yielding,1m 1f 96y,Stepping Sandstone (IRE),S. R. Markey,10,Anthony McCann,6th,12 l,3,9-8,-,True,9,47
Ballinrobe Racing Results | 18th July 2022 18:05,N/A,18:05,Good To Yielding,1m 1f 96y,Passage of War (IRE),D. W. O'Connor,0,Luke Comer,5th,1/2 l,3,9-8t,-,True,9,47
Ballinrobe Racing Results | 18th July 2022 18:05,N/A,18:05,Good To Yielding,1m 1f 96y,Srowland Jack (IRE),J. J. Slevin,0,Adrian Sexton,4th,8 1/2 l,5,10-3,-,True,9,47
Ballinrobe Racing Results | 18th July 2022 18:05,N/A,18:05,Good To Yielding,1m 1f 96y,Lady Tanzanite (FR),C. D. Hayes,0,D. K. Weld,3rd,8 1/2 l,3,9-3h,-,True,9,47
Ballinrobe Racing Results | 18th July 2022 18:05,N/A,18:05,Good To Yielding,1m 1f 96y,Roman Bull (IRE),William James Lee,0,Michael O'Meara,2nd,2 1/2 l,4,10-3,-,True,9,47
Ballinrobe Racing Results | 18th July 2022 18:05,N/A,18:05,Good To Yielding,1m 1f 96y,Red Azalea (IRE),G. M. Ryan,0,Donnacha Aidan O'Brien,1st,N/A,3,9-3,-,True,9,47
Ballinrobe Racing Results | 18th July 2022 18:05,N/A,18:05,Good To Yielding,1m 1f 96y,Comeragh Belle (IRE),R. P. Cleary,0,Michael Flannery,7th,6 1/2 l,4,9-12,-,True,9,47
Ballinrobe Racing Results | 18th July 2022 18:05,N/A,18:05,Good To Yielding,1m 1f 96y,Stepping Sandstone (IRE),S. R. Markey,10,Anthony McCann,6th,12 l,3,9-8,-,True,9,47
Ballinrobe Racing Results | 18th July 2022 18:05,N/A,18:05,Good To Yielding,1m 1f 96y,Passage of War (IRE),D. W. O'Connor,0,Luke Comer,5th,1/2 l,3,9-8t,-,True,9,47
Ballinrobe Racing Results | 18th July 2022 18:05,N/A,18:05,Good To Yielding,1m 1f 96y,Srowland Jack (IRE),J. J. Slevin,0,Adrian Sexton,4th,8 1/2 l,5,10-3,-,True,9,47
Ballinrobe Racing Results | 18th July 2022 18:05,N/A,18:05,Good To Yielding,1m 1f 96y,Lady Tanzanite (FR),C. D. Hayes,0,D. K. Weld,3rd,8 1/2 l,3,9-3h,-,True,9,47
Ballinrobe Racing Results | 18th July 2022 18:05,N/A,18:05,Good To Yielding,1m 1f 96y,Roman Bull (IRE),William James Lee,0,Michael O'Meara,2nd,2 1/2 l,4,10-3,-,True,9,47
Ballinrobe Racing Results | 18th July 2022 18:05,N/A,18:05,Good To Yielding,1m 1f 96y,Red Azalea (IRE),G. M. Ryan,0,Donnacha Aidan O'Brien,1st,N/A,3,9-3,-,True,9,47
Ballinrobe Racing Results | 18th July 2022 18:35,N/A,18:35,Good To Yielding,1m 1f 96y,James Henry (IRE),C. T. Keane,0,Noel Meade,7th,1 1/4 l,3,9-4p1,65,True,9,48
Ballinrobe Racing Results | 18th July 2022 18:35,N/A,18:35,Good To Yielding,1m 1f 96y,Arch Enemy (IRE),J. Coen,5,Patrick Magee,6th,3 l,3,9-10,71,True,9,48
Ballinrobe Racing Results | 18th July 2022 18:35,N/A,18:35,Good To Yielding,1m 1f 96y,Brown Eagle (IRE),William James Lee,0,M. C. Grassick,5th,Short Head,3,9-7b,68,True,9,48
Ballinrobe Racing Results | 18th July 2022 18:35,N/A,18:35,Good To Yielding,1m 1f 96y,Mr Trinket (IRE),J. Kearney,7,Mark Fahey,4th,3/4 l,3,9-13p,74,True,9,48
Ballinrobe Racing Results | 18th July 2022 18:35,N/A,18:35,Good To Yielding,1m 1f 96y,A Shin Undine (IRE),D. J. Gilligan,7,J. A. Stack,3rd,1 1/4 l,3,9-8,69,True,9,48
Ballinrobe Racing Results | 18th July 2022 18:35,N/A,18:35,Good To Yielding,1m 1f 96y,Prophets Voice (IRE),G. F. Carroll,0,Joseph G. Murphy,2nd,Neck,3,10-0,75,True,9,48
Ballinrobe Racing Results | 18th July 2022 18:35,N/A,18:35,Good To Yielding,1m 1f 96y,Heather Bear (IRE),A. J. Slattery,0,A. Slattery,1st,N/A,3,9-8,69,True,9,48
Ballinrobe Racing Results | 18th July 2022 18:35,N/A,18:35,Good To Yielding,1m 1f 96y,James Henry (IRE),C. T. Keane,0,Noel Meade,7th,1 1/4 l,3,9-4p1,65,True,9,48
Ballinrobe Racing Results | 18th July 2022 18:35,N/A,18:35,Good To Yielding,1m 1f 96y,Arch Enemy (IRE),J. Coen,5,Patrick Magee,6th,3 l,3,9-10,71,True,9,48
Ballinrobe Racing Results | 18th July 2022 18:35,N/A,18:35,Good To Yielding,1m 1f 96y,Brown Eagle (IRE),William James Lee,0,M. C. Grassick,5th,Short Head,3,9-7b,68,True,9,48
Ballinrobe Racing Results | 18th July 2022 18:35,N/A,18:35,Good To Yielding,1m 1f 96y,Mr Trinket (IRE),J. Kearney,7,Mark Fahey,4th,3/4 l,3,9-13p,74,True,9,48
Ballinrobe Racing Results | 18th July 2022 18:35,N/A,18:35,Good To Yielding,1m 1f 96y,A Shin Undine (IRE),D. J. Gilligan,7,J. A. Stack,3rd,1 1/4 l,3,9-8,69,True,9,48
Ballinrobe Racing Results | 18th July 2022 18:35,N/A,18:35,Good To Yielding,1m 1f 96y,Prophets Voice (IRE),G. F. Carroll,0,Joseph G. Murphy,2nd,Neck,3,10-0,75,True,9,48
Ballinrobe Racing Results | 18th July 2022 18:35,N/A,18:35,Good To Yielding,1m 1f 96y,Heather Bear (IRE),A. J. Slattery,0,A. Slattery,1st,N/A,3,9-8,69,True,9,48
Ballinrobe Racing Results | 18th July 2022 19:05,N/A,19:05,Good To Yielding,1m 1f 96y,Morph Speed (IRE),Ben Martin Coen,0,Richard John O'Brien,7th,4 1/2 l,6,9-8,89,True,9,49
Ballinrobe Racing Results | 18th July 2022 19:05,N/A,19:05,Good To Yielding,1m 1f 96y,Bowerman,C. J. MacRedmond,5,Adrian McGuinness,6th,1 1/4 l,8,9-9,90,True,9,49
Ballinrobe Racing Results | 18th July 2022 19:05,N/A,19:05,Good To Yielding,1m 1f 96y,In From The Cold (IRE),G. F. Carroll,0,Michael Mulvany,5th,4 l,5,9-6,87,True,9,49
Ballinrobe Racing Results | 18th July 2022 19:05,N/A,19:05,Good To Yielding,1m 1f 96y,Longbourn (IRE),J. Coen,5,Ross O'Sullivan,4th,4 l,6,10-1t,96,True,9,49
Ballinrobe Racing Results | 18th July 2022 19:05,N/A,19:05,Good To Yielding,1m 1f 96y,Ghasham (IRE),M. P. Sheehy,3,Joseph Patrick O'Brien,3rd,2 3/4 l,3,8-10,86,True,9,49
Ballinrobe Racing Results | 18th July 2022 19:05,N/A,19:05,Good To Yielding,1m 1f 96y,Laelaps (IRE),Shane Foley,0,Mrs J. Harrington,2nd,1 1/4 l,4,9-12,93,True,9,49
Ballinrobe Racing Results | 18th July 2022 19:05,N/A,19:05,Good To Yielding,1m 1f 96y,Takeachancejimmy (IRE),J. A. Powell,7,Nigel Slevin,1st,N/A,8,8-10,77,True,9,49
Ballinrobe Racing Results | 18th July 2022 19:05,N/A,19:05,Good To Yielding,1m 1f 96y,Morph Speed (IRE),Ben Martin Coen,0,Richard John O'Brien,7th,4 1/2 l,6,9-8,89,True,9,49
Ballinrobe Racing Results | 18th July 2022 19:05,N/A,19:05,Good To Yielding,1m 1f 96y,Bowerman,C. J. MacRedmond,5,Adrian McGuinness,6th,1 1/4 l,8,9-9,90,True,9,49
Ballinrobe Racing Results | 18th July 2022 19:05,N/A,19:05,Good To Yielding,1m 1f 96y,In From The Cold (IRE),G. F. Carroll,0,Michael Mulvany,5th,4 l,5,9-6,87,True,9,49
Ballinrobe Racing Results | 18th July 2022 19:05,N/A,19:05,Good To Yielding,1m 1f 96y,Longbourn (IRE),J. Coen,5,Ross O'Sullivan,4th,4 l,6,10-1t,96,True,9,49
Ballinrobe Racing Results | 18th July 2022 19:05,N/A,19:05,Good To Yielding,1m 1f 96y,Ghasham (IRE),M. P. Sheehy,3,Joseph Patrick O'Brien,3rd,2 3/4 l,3,8-10,86,True,9,49
Ballinrobe Racing Results | 18th July 2022 19:05,N/A,19:05,Good To Yielding,1m 1f 96y,Laelaps (IRE),Shane Foley,0,Mrs J. Harrington,2nd,1 1/4 l,4,9-12,93,True,9,49
Ballinrobe Racing Results | 18th July 2022 19:05,N/A,19:05,Good To Yielding,1m 1f 96y,Takeachancejimmy (IRE),J. A. Powell,7,Nigel Slevin,1st,N/A,8,8-10,77,True,9,49
Ballinrobe Racing Results | 18th July 2022 19:35,N/A,19:35,Good To Yielding,1m 4f 126y,Miss Cunning (IRE),J. Coen,0,Aengus King,14th,2 l,5,9-12,60,True,9,50
Ballinrobe Racing Results | 18th July 2022 19:35,N/A,19:35,Good To Yielding,1m 4f 126y,Gig Harbor (IRE),N. M. Crosse,0,Noel Meade,13th,2 1/4 l,3,8-7p1,52,True,9,50
Ballinrobe Racing Results | 18th July 2022 19:35,N/A,19:35,Good To Yielding,1m 4f 126y,Pak Army (IRE),H. J. Horgan,4,Eoin Doyle,12th,7 l,7,9-12,60,True,9,50
Ballinrobe Racing Results | 18th July 2022 19:35,N/A,19:35,Good To Yielding,1m 4f 126y,My Manekineko,N. P. O'Sullivan,7,James A. Nash,11th,1 l,13,8-13,47,True,9,50
Ballinrobe Racing Results | 18th July 2022 19:35,N/A,19:35,Good To Yielding,1m 4f 126y,Brilliant Question (IRE),D. J. Gilligan,4,K. A. Heffernan,10th,Neck,5,8-13t,47,True,9,50
Ballinrobe Racing Results | 18th July 2022 19:35,N/A,19:35,Good To Yielding,1m 4f 126y,Ragtime Red (IRE),S. R. Markey,7,Anthony McCann,9th,15 l,7,8-13t,47,True,9,50
Ballinrobe Racing Results | 18th July 2022 19:35,N/A,19:35,Good To Yielding,1m 4f 126y,South East Star (IRE),J. A. Powell,4,Eoin Doyle,8th,Head,4,9-10,58,True,9,50
Ballinrobe Racing Results | 18th July 2022 19:35,N/A,19:35,Good To Yielding,1m 4f 126y,Forge Road (IRE),P. A. Harnett,2,Eoin Christopher McCarthy,7th,1/2 l,4,8-13,47,True,9,50
Ballinrobe Racing Results | 18th July 2022 19:35,N/A,19:35,Good To Yielding,1m 4f 126y,Rips Dream (IRE),R. Donaghue-Leahy,7,Patrick J. Flynn,6th,1 1/4 l,7,9-9,57,True,9,50
Ballinrobe Racing Results | 18th July 2022 19:35,N/A,19:35,Good To Yielding,1m 4f 126y,Shumaker (IRE),J. M. Sheridan,0,Paul Traynor,5th,4 l,10,9-5,53,True,9,50
Ballinrobe Racing Results | 18th July 2022 19:35,N/A,19:35,Good To Yielding,1m 4f 126y,Quiet Desire (IRE),D. A. Kidd,7,Garry Bernard Caldwell,4th,1 3/4 l,6,9-4p,52,True,9,50
Ballinrobe Racing Results | 18th July 2022 19:35,N/A,19:35,Good To Yielding,1m 4f 126y,Your Honor (IRE),M. P. Sheehy,0,James A. Nash,3rd,3 l,3,8-7,52,True,9,50
Ballinrobe Racing Results | 18th July 2022 19:35,N/A,19:35,Good To Yielding,1m 4f 126y,L'Un Deux Trois (IRE),S. McCullagh,0,Oliver McKiernan,2nd,3/4 l,6,10-2tp,64,True,9,50
Ballinrobe Racing Results | 18th July 2022 19:35,N/A,19:35,Good To Yielding,1m 4f 126y,Beer With The Boys,D. B. McMonagle,0,C. Moore,1st,N/A,7,9-11b,59,True,9,50
Ballinrobe Racing Results | 18th July 2022 19:35,N/A,19:35,Good To Yielding,1m 4f 126y,Miss Cunning (IRE),J. Coen,0,Aengus King,14th,2 l,5,9-12,60,True,9,50
Ballinrobe Racing Results | 18th July 2022 19:35,N/A,19:35,Good To Yielding,1m 4f 126y,Gig Harbor (IRE),N. M. Crosse,0,Noel Meade,13th,2 1/4 l,3,8-7p1,52,True,9,50
Ballinrobe Racing Results | 18th July 2022 19:35,N/A,19:35,Good To Yielding,1m 4f 126y,Pak Army (IRE),H. J. Horgan,4,Eoin Doyle,12th,7 l,7,9-12,60,True,9,50
Ballinrobe Racing Results | 18th July 2022 19:35,N/A,19:35,Good To Yielding,1m 4f 126y,My Manekineko,N. P. O'Sullivan,7,James A. Nash,11th,1 l,13,8-13,47,True,9,50
Ballinrobe Racing Results | 18th July 2022 19:35,N/A,19:35,Good To Yielding,1m 4f 126y,Brilliant Question (IRE),D. J. Gilligan,4,K. A. Heffernan,10th,Neck,5,8-13t,47,True,9,50
Ballinrobe Racing Results | 18th July 2022 19:35,N/A,19:35,Good To Yielding,1m 4f 126y,Ragtime Red (IRE),S. R. Markey,7,Anthony McCann,9th,15 l,7,8-13t,47,True,9,50
Ballinrobe Racing Results | 18th July 2022 19:35,N/A,19:35,Good To Yielding,1m 4f 126y,South East Star (IRE),J. A. Powell,4,Eoin Doyle,8th,Head,4,9-10,58,True,9,50
Ballinrobe Racing Results | 18th July 2022 19:35,N/A,19:35,Good To Yielding,1m 4f 126y,Forge Road (IRE),P. A. Harnett,2,Eoin Christopher McCarthy,7th,1/2 l,4,8-13,47,True,9,50
Ballinrobe Racing Results | 18th July 2022 19:35,N/A,19:35,Good To Yielding,1m 4f 126y,Rips Dream (IRE),R. Donaghue-Leahy,7,Patrick J. Flynn,6th,1 1/4 l,7,9-9,57,True,9,50
Ballinrobe Racing Results | 18th July 2022 19:35,N/A,19:35,Good To Yielding,1m 4f 126y,Shumaker (IRE),J. M. Sheridan,0,Paul Traynor,5th,4 l,10,9-5,53,True,9,50
Ballinrobe Racing Results | 18th July 2022 19:35,N/A,19:35,Good To Yielding,1m 4f 126y,Quiet Desire (IRE),D. A. Kidd,7,Garry Bernard Caldwell,4th,1 3/4 l,6,9-4p,52,True,9,50
Ballinrobe Racing Results | 18th July 2022 19:35,N/A,19:35,Good To Yielding,1m 4f 126y,Your Honor (IRE),M. P. Sheehy,0,James A. Nash,3rd,3 l,3,8-7,52,True,9,50
Ballinrobe Racing Results | 18th July 2022 19:35,N/A,19:35,Good To Yielding,1m 4f 126y,L'Un Deux Trois (IRE),S. McCullagh,0,Oliver McKiernan,2nd,3/4 l,6,10-2tp,64,True,9,50
Ballinrobe Racing Results | 18th July 2022 19:35,N/A,19:35,Good To Yielding,1m 4f 126y,Beer With The Boys,D. B. McMonagle,0,C. Moore,1st,N/A,7,9-11b,59,True,9,50
