2025-06-12 23:39:37,249 - INFO - Loaded 8985 rows from Csv\DATA_STACK\irishFull.csv
2025-06-12 23:39:37,257 - INFO - Found 8985 valid URLs to scrape
2025-06-12 23:39:37,257 - INFO - Total URLs: 8985, Batch size: 50, Total batches: 180
2025-06-12 23:39:37,267 - INFO - Previous progress found: Last completed batch 39
2025-06-12 23:39:37,267 - INFO - Resuming from batch 40
2025-06-12 23:39:37,267 - INFO - 
============================================================
2025-06-12 23:39:37,268 - INFO - STARTING BATCH 40/180 (50 URLs)
2025-06-12 23:39:37,268 - INFO - ============================================================

2025-06-12 23:39:37,417 - INFO - Batch 40 - URL 1/50: https://www.racingtv.com/results/2023-01-27/dundalk/1800
2025-06-12 23:39:37,418 - INFO - Loading page with Selenium: https://www.racingtv.com/results/2023-01-27/dundalk/1800
2025-06-12 23:39:54,446 - INFO - Racing main block detected for: https://www.racingtv.com/results/2023-01-27/dundalk/1800
2025-06-12 23:39:54,479 - INFO - Successfully loaded page: https://www.racingtv.com/results/2023-01-27/dundalk/1800
2025-06-12 23:39:54,645 - INFO - Extracted race info - Track: Dundalk Racing Results | 27th January 2023 18:00, Date: N/A, Time: 18:00
2025-06-12 23:39:54,645 - INFO - Found 2nd h3 tag: Standard  4YO+ 7f Winner: €11,000 (13 runners)
2025-06-12 23:39:54,645 - INFO - Extracted - Going: Standard, Distance: 7f
2025-06-12 23:39:54,645 - INFO - Extracting racing data from: https://www.racingtv.com/results/2023-01-27/dundalk/1800
2025-06-12 23:39:54,674 - INFO - Processing main block #1 for https://www.racingtv.com/results/2023-01-27/dundalk/1800
2025-06-12 23:39:54,685 - INFO - Checking 2nd child of main block for first place horse...
2025-06-12 23:39:54,695 - INFO - Found alternative horse block structure with 3 links
2025-06-12 23:39:54,696 - INFO - Found alternative horse block structure with 3 links
2025-06-12 23:39:54,697 - INFO - Found alternative horse block structure with 3 links
2025-06-12 23:39:54,698 - INFO - Found alternative horse block structure with 3 links
2025-06-12 23:39:54,698 - INFO - Found alternative horse block structure with 3 links
2025-06-12 23:39:54,699 - INFO - Found alternative horse block structure with 3 links
2025-06-12 23:39:54,699 - INFO - Found alternative horse block structure with 3 links
2025-06-12 23:39:54,700 - INFO - Found alternative horse block structure with 3 links
2025-06-12 23:39:54,700 - INFO - Found alternative horse block structure with 3 links
2025-06-12 23:39:54,700 - INFO - Found alternative horse block structure with 3 links
2025-06-12 23:39:54,701 - INFO - Found alternative horse block structure with 3 links
2025-06-12 23:39:54,701 - INFO - Found alternative horse block structure with 3 links
2025-06-12 23:39:54,702 - INFO - Found alternative horse block structure with 3 links
2025-06-12 23:39:54,732 - INFO - Found likely first place horse via structure analysis: Bold Ribb
2025-06-12 23:39:54,738 - INFO - Found potential first place horse with background styling
2025-06-12 23:39:54,738 - INFO - Found potential first place horse with background styling
2025-06-12 23:39:54,739 - INFO - Found potential first place horse with background styling
2025-06-12 23:39:54,739 - INFO - Found potential first place horse with background styling
2025-06-12 23:39:54,740 - INFO - Found potential first place horse with background styling
2025-06-12 23:39:54,740 - INFO - Found potential first place horse with background styling
2025-06-12 23:39:54,741 - INFO - Found potential first place horse with background styling
2025-06-12 23:39:54,742 - INFO - Found potential first place horse with background styling
2025-06-12 23:39:54,742 - INFO - Found potential first place horse with background styling
2025-06-12 23:39:54,743 - INFO - Found potential first place horse with background styling
2025-06-12 23:39:54,743 - INFO - Found potential first place horse with background styling
2025-06-12 23:39:54,744 - INFO - Found potential first place horse with background styling
2025-06-12 23:39:54,744 - INFO - Found 26 horse entries for https://www.racingtv.com/results/2023-01-27/dundalk/1800 using multiple detection methods
2025-06-12 23:39:54,745 - INFO - Processing sub block #1 for https://www.racingtv.com/results/2023-01-27/dundalk/1800
2025-06-12 23:39:54,746 - INFO - Found 3 <a> tags - Horse: Fairy's Call (IRE), Jockey: J. Coen (claim: 0), Trainer: W. J. Martin
2025-06-12 23:39:54,748 - INFO - Position/Length - Found 2 children: Position: 13th, Lost by: 3 1/2 l
2025-06-12 23:39:54,748 - INFO - Extracted: Fairy's Call (IRE) - Position: 13th, Lost by: 3 1/2 l, Jockey: J. Coen (claim: 0), Trainer: W. J. Martin, Age: 5, Weight: 9-4, Rating: -
2025-06-12 23:39:54,748 - INFO - Processing sub block #2 for https://www.racingtv.com/results/2023-01-27/dundalk/1800
2025-06-12 23:39:54,749 - INFO - Found 3 <a> tags - Horse: Pastel Power (IRE), Jockey: J. M. Sheridan (claim: 0), Trainer: Denis Hogan
2025-06-12 23:39:54,750 - INFO - Position/Length - Found 2 children: Position: 12th, Lost by: 2 l
2025-06-12 23:39:54,750 - INFO - Extracted: Pastel Power (IRE) - Position: 12th, Lost by: 2 l, Jockey: J. M. Sheridan (claim: 0), Trainer: Denis Hogan, Age: 4, Weight: 9-9t, Rating: -
2025-06-12 23:39:54,750 - INFO - Processing sub block #3 for https://www.racingtv.com/results/2023-01-27/dundalk/1800
2025-06-12 23:39:54,751 - INFO - Found 3 <a> tags - Horse: Ribtide, Jockey: Oisin McSweeney (claim: 0), Trainer: Kieran Patrick Cotter
2025-06-12 23:39:54,752 - INFO - Position/Length - Found 2 children: Position: 11th, Lost by: Head
2025-06-12 23:39:54,752 - INFO - Extracted: Ribtide - Position: 11th, Lost by: Head, Jockey: Oisin McSweeney (claim: 0), Trainer: Kieran Patrick Cotter, Age: 4, Weight: 9-9tp, Rating: -
2025-06-12 23:39:54,753 - INFO - Processing sub block #4 for https://www.racingtv.com/results/2023-01-27/dundalk/1800
2025-06-12 23:39:54,753 - INFO - Found 3 <a> tags - Horse: Miss Upbeat (IRE), Jockey: Siobhan Rutledge (claim: 0), Trainer: John McConnell
2025-06-12 23:39:54,755 - INFO - Position/Length - Found 2 children: Position: 10th, Lost by: 1/2 l
2025-06-12 23:39:54,755 - INFO - Extracted: Miss Upbeat (IRE) - Position: 10th, Lost by: 1/2 l, Jockey: Siobhan Rutledge (claim: 0), Trainer: John McConnell, Age: 4, Weight: 9-4t, Rating: -
2025-06-12 23:39:54,756 - INFO - Processing sub block #5 for https://www.racingtv.com/results/2023-01-27/dundalk/1800
2025-06-12 23:39:54,757 - INFO - Found 3 <a> tags - Horse: Shining Crystal, Jockey: Jack Cleary (claim: 4), Trainer: Adrian Murray
2025-06-12 23:39:54,758 - INFO - Position/Length - Found 2 children: Position: 9th, Lost by: Neck
2025-06-12 23:39:54,758 - INFO - Extracted: Shining Crystal - Position: 9th, Lost by: Neck, Jockey: Jack Cleary (claim: 4), Trainer: Adrian Murray, Age: 4, Weight: 9-4, Rating: -
2025-06-12 23:39:54,758 - INFO - Processing sub block #6 for https://www.racingtv.com/results/2023-01-27/dundalk/1800
2025-06-12 23:39:54,759 - INFO - Found 3 <a> tags - Horse: Step Back In Time (IRE), Jockey: Adam Caffrey (claim: 2), Trainer: Christopher David Timmons
2025-06-12 23:39:54,761 - INFO - Position/Length - Found 2 children: Position: 8th, Lost by: 3/4 l
2025-06-12 23:39:54,761 - INFO - Extracted: Step Back In Time (IRE) - Position: 8th, Lost by: 3/4 l, Jockey: Adam Caffrey (claim: 2), Trainer: Christopher David Timmons, Age: 5, Weight: 9-4, Rating: -
2025-06-12 23:39:54,761 - INFO - Processing sub block #7 for https://www.racingtv.com/results/2023-01-27/dundalk/1800
2025-06-12 23:39:54,762 - INFO - Found 3 <a> tags - Horse: Emperor Of Silk (IRE), Jockey: C. J. MacRedmond (claim: 0), Trainer: Anthony Mullins
2025-06-12 23:39:54,763 - INFO - Position/Length - Found 2 children: Position: 7th, Lost by: 3/4 l
2025-06-12 23:39:54,764 - INFO - Extracted: Emperor Of Silk (IRE) - Position: 7th, Lost by: 3/4 l, Jockey: C. J. MacRedmond (claim: 0), Trainer: Anthony Mullins, Age: 6, Weight: 9-9, Rating: -
2025-06-12 23:39:54,764 - INFO - Processing sub block #8 for https://www.racingtv.com/results/2023-01-27/dundalk/1800
2025-06-12 23:39:54,765 - INFO - Found 3 <a> tags - Horse: Sea Oscar, Jockey: C. Stone-Walsh (claim: 4), Trainer: Joseph Patrick O'Brien
2025-06-12 23:39:54,766 - INFO - Position/Length - Found 2 children: Position: 6th, Lost by: 1/2 l
2025-06-12 23:39:54,766 - INFO - Extracted: Sea Oscar - Position: 6th, Lost by: 1/2 l, Jockey: C. Stone-Walsh (claim: 4), Trainer: Joseph Patrick O'Brien, Age: 5, Weight: 9-4, Rating: -
2025-06-12 23:39:54,766 - INFO - Processing sub block #9 for https://www.racingtv.com/results/2023-01-27/dundalk/1800
2025-06-12 23:39:54,767 - INFO - Found 3 <a> tags - Horse: Search for Thestar (IRE), Jockey: R. Whearty (claim: 2), Trainer: Luke Comer
2025-06-12 23:39:54,768 - INFO - Position/Length - Found 2 children: Position: 5th, Lost by: 1/2 l
2025-06-12 23:39:54,768 - INFO - Extracted: Search for Thestar (IRE) - Position: 5th, Lost by: 1/2 l, Jockey: R. Whearty (claim: 2), Trainer: Luke Comer, Age: 5, Weight: 9-9, Rating: -
2025-06-12 23:39:54,769 - INFO - Processing sub block #10 for https://www.racingtv.com/results/2023-01-27/dundalk/1800
2025-06-12 23:39:54,769 - INFO - Found 3 <a> tags - Horse: Circles (IRE), Jockey: L. T. McAteer (claim: 0), Trainer: Anthony McCann
2025-06-12 23:39:54,770 - INFO - Position/Length - Found 2 children: Position: 4th, Lost by: Neck
2025-06-12 23:39:54,771 - INFO - Extracted: Circles (IRE) - Position: 4th, Lost by: Neck, Jockey: L. T. McAteer (claim: 0), Trainer: Anthony McCann, Age: 4, Weight: 9-4tb, Rating: -
2025-06-12 23:39:54,771 - INFO - Processing sub block #11 for https://www.racingtv.com/results/2023-01-27/dundalk/1800
2025-06-12 23:39:54,772 - INFO - Found 3 <a> tags - Horse: Storm Eric (IRE), Jockey: J. J. G. Ryan (claim: 4), Trainer: Jamie Flynn
2025-06-12 23:39:54,773 - INFO - Position/Length - Found 2 children: Position: 3rd, Lost by: 2 1/2 l
2025-06-12 23:39:54,773 - INFO - Extracted: Storm Eric (IRE) - Position: 3rd, Lost by: 2 1/2 l, Jockey: J. J. G. Ryan (claim: 4), Trainer: Jamie Flynn, Age: 4, Weight: 9-9t1, Rating: -
2025-06-12 23:39:54,773 - INFO - Processing sub block #12 for https://www.racingtv.com/results/2023-01-27/dundalk/1800
2025-06-12 23:39:54,774 - INFO - Found 3 <a> tags - Horse: Lauroline, Jockey: C. Geerdharry (claim: 7), Trainer: John Patrick Murtagh
2025-06-12 23:39:54,775 - INFO - Position/Length - Found 2 children: Position: 2nd, Lost by: 1/2 l
2025-06-12 23:39:54,775 - INFO - Extracted: Lauroline - Position: 2nd, Lost by: 1/2 l, Jockey: C. Geerdharry (claim: 7), Trainer: John Patrick Murtagh, Age: 4, Weight: 9-4, Rating: -
2025-06-12 23:39:54,776 - INFO - Processing sub block #13 for https://www.racingtv.com/results/2023-01-27/dundalk/1800
2025-06-12 23:39:54,776 - INFO - Found 3 <a> tags - Horse: Bold Ribb, Jockey: H. J. Horgan (claim: 4), Trainer: Joseph Patrick O'Brien
2025-06-12 23:39:54,777 - INFO - Position/Length - Found 1 children: Position: 1st, Lost by: N/A
2025-06-12 23:39:54,778 - INFO - Confirmed winner: Bold Ribb
2025-06-12 23:39:54,778 - INFO - Extracted: Bold Ribb - Position: 1st, Lost by: N/A, Jockey: H. J. Horgan (claim: 4), Trainer: Joseph Patrick O'Brien, Age: 4, Weight: 9-9p1, Rating: -
2025-06-12 23:39:54,778 - INFO - Processing sub block #14 for https://www.racingtv.com/results/2023-01-27/dundalk/1800
2025-06-12 23:39:54,779 - INFO - Found 3 <a> tags - Horse: Fairy's Call (IRE), Jockey: J. Coen (claim: 0), Trainer: W. J. Martin
2025-06-12 23:39:54,780 - INFO - Position/Length - Found 2 children: Position: 13th, Lost by: 3 1/2 l
2025-06-12 23:39:54,781 - INFO - Extracted: Fairy's Call (IRE) - Position: 13th, Lost by: 3 1/2 l, Jockey: J. Coen (claim: 0), Trainer: W. J. Martin, Age: 5, Weight: 9-4, Rating: -
2025-06-12 23:39:54,781 - INFO - Processing sub block #15 for https://www.racingtv.com/results/2023-01-27/dundalk/1800
2025-06-12 23:39:54,781 - INFO - Found 3 <a> tags - Horse: Pastel Power (IRE), Jockey: J. M. Sheridan (claim: 0), Trainer: Denis Hogan
2025-06-12 23:39:54,782 - INFO - Position/Length - Found 2 children: Position: 12th, Lost by: 2 l
2025-06-12 23:39:54,782 - INFO - Extracted: Pastel Power (IRE) - Position: 12th, Lost by: 2 l, Jockey: J. M. Sheridan (claim: 0), Trainer: Denis Hogan, Age: 4, Weight: 9-9t, Rating: -
2025-06-12 23:39:54,783 - INFO - Processing sub block #16 for https://www.racingtv.com/results/2023-01-27/dundalk/1800
2025-06-12 23:39:54,783 - INFO - Found 3 <a> tags - Horse: Ribtide, Jockey: Oisin McSweeney (claim: 0), Trainer: Kieran Patrick Cotter
2025-06-12 23:39:54,784 - INFO - Position/Length - Found 2 children: Position: 11th, Lost by: Head
2025-06-12 23:39:54,784 - INFO - Extracted: Ribtide - Position: 11th, Lost by: Head, Jockey: Oisin McSweeney (claim: 0), Trainer: Kieran Patrick Cotter, Age: 4, Weight: 9-9tp, Rating: -
2025-06-12 23:39:54,784 - INFO - Processing sub block #17 for https://www.racingtv.com/results/2023-01-27/dundalk/1800
2025-06-12 23:39:54,785 - INFO - Found 3 <a> tags - Horse: Miss Upbeat (IRE), Jockey: Siobhan Rutledge (claim: 0), Trainer: John McConnell
2025-06-12 23:39:54,785 - INFO - Position/Length - Found 2 children: Position: 10th, Lost by: 1/2 l
2025-06-12 23:39:54,785 - INFO - Extracted: Miss Upbeat (IRE) - Position: 10th, Lost by: 1/2 l, Jockey: Siobhan Rutledge (claim: 0), Trainer: John McConnell, Age: 4, Weight: 9-4t, Rating: -
2025-06-12 23:39:54,786 - INFO - Processing sub block #18 for https://www.racingtv.com/results/2023-01-27/dundalk/1800
2025-06-12 23:39:54,786 - INFO - Found 3 <a> tags - Horse: Shining Crystal, Jockey: Jack Cleary (claim: 4), Trainer: Adrian Murray
2025-06-12 23:39:54,786 - INFO - Position/Length - Found 2 children: Position: 9th, Lost by: Neck
2025-06-12 23:39:54,786 - INFO - Extracted: Shining Crystal - Position: 9th, Lost by: Neck, Jockey: Jack Cleary (claim: 4), Trainer: Adrian Murray, Age: 4, Weight: 9-4, Rating: -
2025-06-12 23:39:54,786 - INFO - Processing sub block #19 for https://www.racingtv.com/results/2023-01-27/dundalk/1800
2025-06-12 23:39:54,786 - INFO - Found 3 <a> tags - Horse: Step Back In Time (IRE), Jockey: Adam Caffrey (claim: 2), Trainer: Christopher David Timmons
2025-06-12 23:39:54,789 - INFO - Position/Length - Found 2 children: Position: 8th, Lost by: 3/4 l
2025-06-12 23:39:54,789 - INFO - Extracted: Step Back In Time (IRE) - Position: 8th, Lost by: 3/4 l, Jockey: Adam Caffrey (claim: 2), Trainer: Christopher David Timmons, Age: 5, Weight: 9-4, Rating: -
2025-06-12 23:39:54,789 - INFO - Processing sub block #20 for https://www.racingtv.com/results/2023-01-27/dundalk/1800
2025-06-12 23:39:54,790 - INFO - Found 3 <a> tags - Horse: Emperor Of Silk (IRE), Jockey: C. J. MacRedmond (claim: 0), Trainer: Anthony Mullins
2025-06-12 23:39:54,791 - INFO - Position/Length - Found 2 children: Position: 7th, Lost by: 3/4 l
2025-06-12 23:39:54,791 - INFO - Extracted: Emperor Of Silk (IRE) - Position: 7th, Lost by: 3/4 l, Jockey: C. J. MacRedmond (claim: 0), Trainer: Anthony Mullins, Age: 6, Weight: 9-9, Rating: -
2025-06-12 23:39:54,791 - INFO - Processing sub block #21 for https://www.racingtv.com/results/2023-01-27/dundalk/1800
2025-06-12 23:39:54,792 - INFO - Found 3 <a> tags - Horse: Sea Oscar, Jockey: C. Stone-Walsh (claim: 4), Trainer: Joseph Patrick O'Brien
2025-06-12 23:39:54,793 - INFO - Position/Length - Found 2 children: Position: 6th, Lost by: 1/2 l
2025-06-12 23:39:54,793 - INFO - Extracted: Sea Oscar - Position: 6th, Lost by: 1/2 l, Jockey: C. Stone-Walsh (claim: 4), Trainer: Joseph Patrick O'Brien, Age: 5, Weight: 9-4, Rating: -
2025-06-12 23:39:54,794 - INFO - Processing sub block #22 for https://www.racingtv.com/results/2023-01-27/dundalk/1800
2025-06-12 23:39:54,794 - INFO - Found 3 <a> tags - Horse: Search for Thestar (IRE), Jockey: R. Whearty (claim: 2), Trainer: Luke Comer
2025-06-12 23:39:54,796 - INFO - Position/Length - Found 2 children: Position: 5th, Lost by: 1/2 l
2025-06-12 23:39:54,797 - INFO - Extracted: Search for Thestar (IRE) - Position: 5th, Lost by: 1/2 l, Jockey: R. Whearty (claim: 2), Trainer: Luke Comer, Age: 5, Weight: 9-9, Rating: -
2025-06-12 23:39:54,797 - INFO - Processing sub block #23 for https://www.racingtv.com/results/2023-01-27/dundalk/1800
2025-06-12 23:39:54,797 - INFO - Found 3 <a> tags - Horse: Circles (IRE), Jockey: L. T. McAteer (claim: 0), Trainer: Anthony McCann
2025-06-12 23:39:54,798 - INFO - Position/Length - Found 2 children: Position: 4th, Lost by: Neck
2025-06-12 23:39:54,798 - INFO - Extracted: Circles (IRE) - Position: 4th, Lost by: Neck, Jockey: L. T. McAteer (claim: 0), Trainer: Anthony McCann, Age: 4, Weight: 9-4tb, Rating: -
2025-06-12 23:39:54,798 - INFO - Processing sub block #24 for https://www.racingtv.com/results/2023-01-27/dundalk/1800
2025-06-12 23:39:54,799 - INFO - Found 3 <a> tags - Horse: Storm Eric (IRE), Jockey: J. J. G. Ryan (claim: 4), Trainer: Jamie Flynn
2025-06-12 23:39:54,800 - INFO - Position/Length - Found 2 children: Position: 3rd, Lost by: 2 1/2 l
2025-06-12 23:39:54,800 - INFO - Extracted: Storm Eric (IRE) - Position: 3rd, Lost by: 2 1/2 l, Jockey: J. J. G. Ryan (claim: 4), Trainer: Jamie Flynn, Age: 4, Weight: 9-9t1, Rating: -
2025-06-12 23:39:54,800 - INFO - Processing sub block #25 for https://www.racingtv.com/results/2023-01-27/dundalk/1800
2025-06-12 23:39:54,801 - INFO - Found 3 <a> tags - Horse: Lauroline, Jockey: C. Geerdharry (claim: 7), Trainer: John Patrick Murtagh
2025-06-12 23:39:54,801 - INFO - Position/Length - Found 2 children: Position: 2nd, Lost by: 1/2 l
2025-06-12 23:39:54,802 - INFO - Extracted: Lauroline - Position: 2nd, Lost by: 1/2 l, Jockey: C. Geerdharry (claim: 7), Trainer: John Patrick Murtagh, Age: 4, Weight: 9-4, Rating: -
2025-06-12 23:39:54,802 - INFO - Processing sub block #26 for https://www.racingtv.com/results/2023-01-27/dundalk/1800
2025-06-12 23:39:54,802 - INFO - Found 3 <a> tags - Horse: Bold Ribb, Jockey: H. J. Horgan (claim: 4), Trainer: Joseph Patrick O'Brien
2025-06-12 23:39:54,802 - INFO - Position/Length - Found 1 children: Position: 1st, Lost by: N/A
2025-06-12 23:39:54,802 - INFO - Extracted: Bold Ribb - Position: 1st, Lost by: N/A, Jockey: H. J. Horgan (claim: 4), Trainer: Joseph Patrick O'Brien, Age: 4, Weight: 9-9p1, Rating: -
2025-06-12 23:39:54,802 - INFO - Successfully extracted 26/26 horse records from https://www.racingtv.com/results/2023-01-27/dundalk/1800
2025-06-12 23:39:54,802 - INFO - :) First place horse found successfully
2025-06-12 23:39:54,802 - INFO - :) First place horse found successfully
2025-06-12 23:39:54,802 - INFO - :) First place horse found successfully
2025-06-12 23:39:54,802 - INFO - :) First place horse found successfully
2025-06-12 23:39:54,802 - INFO - :) First place horse found successfully
2025-06-12 23:39:54,802 - INFO - :) First place horse found successfully
2025-06-12 23:39:54,805 - INFO - :) First place horse found successfully
2025-06-12 23:39:54,805 - INFO - :) First place horse found successfully
2025-06-12 23:39:54,805 - INFO - :) First place horse found successfully
2025-06-12 23:39:54,805 - INFO - :) First place horse found successfully
2025-06-12 23:39:54,805 - INFO - :) First place horse found successfully
2025-06-12 23:39:54,805 - INFO - :) First place horse found successfully
2025-06-12 23:39:54,805 - INFO - :) First place horse found successfully
2025-06-12 23:39:54,806 - INFO - :) First place horse found successfully
2025-06-12 23:39:54,806 - INFO - :) First place horse found successfully
2025-06-12 23:39:54,806 - INFO - :) First place horse found successfully
2025-06-12 23:39:54,806 - INFO - :) First place horse found successfully
2025-06-12 23:39:54,806 - INFO - :) First place horse found successfully
2025-06-12 23:39:54,807 - INFO - :) First place horse found successfully
2025-06-12 23:39:54,807 - INFO - :) First place horse found successfully
2025-06-12 23:39:54,807 - INFO - :) First place horse found successfully
2025-06-12 23:39:54,807 - INFO - :) First place horse found successfully
2025-06-12 23:39:54,807 - INFO - :) First place horse found successfully
2025-06-12 23:39:54,807 - INFO - :) First place horse found successfully
2025-06-12 23:39:54,808 - INFO - :) First place horse found successfully
2025-06-12 23:39:54,808 - INFO - :) First place horse found successfully
2025-06-12 23:39:54,808 - INFO - :) First place horse found successfully
2025-06-12 23:39:54,808 - INFO - Successfully parsed 26 horse records from: https://www.racingtv.com/results/2023-01-27/dundalk/1800
2025-06-12 23:39:54,809 - INFO - Waiting 2 seconds before next request...
2025-06-12 23:39:56,810 - INFO - Batch 40 - URL 2/50: https://www.racingtv.com/results/2023-01-27/dundalk/1830
2025-06-12 23:39:56,810 - INFO - Loading page with Selenium: https://www.racingtv.com/results/2023-01-27/dundalk/1830
2025-06-12 23:40:02,185 - INFO - Racing main block detected for: https://www.racingtv.com/results/2023-01-27/dundalk/1830
2025-06-12 23:40:02,238 - INFO - Successfully loaded page: https://www.racingtv.com/results/2023-01-27/dundalk/1830
2025-06-12 23:40:02,353 - INFO - Extracted race info - Track: Dundalk Racing Results | 27th January 2023 18:30, Date: N/A, Time: 18:30
2025-06-12 23:40:02,353 - INFO - Found 2nd h3 tag: Standard  4YO+ 7f Winner: €10,500 (13 runners)
2025-06-12 23:40:02,353 - INFO - Extracted - Going: Standard, Distance: 7f
2025-06-12 23:40:02,353 - INFO - Extracting racing data from: https://www.racingtv.com/results/2023-01-27/dundalk/1830
2025-06-12 23:40:02,373 - INFO - Processing main block #1 for https://www.racingtv.com/results/2023-01-27/dundalk/1830
2025-06-12 23:40:02,379 - INFO - Checking 2nd child of main block for first place horse...
2025-06-12 23:40:02,379 - INFO - Found alternative horse block structure with 3 links
2025-06-12 23:40:02,379 - INFO - Found alternative horse block structure with 3 links
2025-06-12 23:40:02,379 - INFO - Found alternative horse block structure with 3 links
2025-06-12 23:40:02,387 - INFO - Found alternative horse block structure with 3 links
2025-06-12 23:40:02,387 - INFO - Found alternative horse block structure with 3 links
2025-06-12 23:40:02,387 - INFO - Found alternative horse block structure with 3 links
2025-06-12 23:40:02,388 - INFO - Found alternative horse block structure with 3 links
2025-06-12 23:40:02,388 - INFO - Found alternative horse block structure with 3 links
2025-06-12 23:40:02,388 - INFO - Found alternative horse block structure with 3 links
2025-06-12 23:40:02,388 - INFO - Found alternative horse block structure with 3 links
2025-06-12 23:40:02,389 - INFO - Found alternative horse block structure with 3 links
2025-06-12 23:40:02,389 - INFO - Found alternative horse block structure with 3 links
2025-06-12 23:40:02,389 - INFO - Found alternative horse block structure with 3 links
2025-06-12 23:40:02,415 - INFO - Found likely first place horse via structure analysis: Macadam's Rock (IRE)
2025-06-12 23:40:02,417 - INFO - Found potential first place horse with background styling
2025-06-12 23:40:02,418 - INFO - Found potential first place horse with background styling
2025-06-12 23:40:02,418 - INFO - Found potential first place horse with background styling
2025-06-12 23:40:02,418 - INFO - Found potential first place horse with background styling
2025-06-12 23:40:02,419 - INFO - Found potential first place horse with background styling
2025-06-12 23:40:02,419 - INFO - Found potential first place horse with background styling
2025-06-12 23:40:02,419 - INFO - Found potential first place horse with background styling
2025-06-12 23:40:02,421 - INFO - Found potential first place horse with background styling
2025-06-12 23:40:02,421 - INFO - Found potential first place horse with background styling
2025-06-12 23:40:02,421 - INFO - Found potential first place horse with background styling
2025-06-12 23:40:02,422 - INFO - Found potential first place horse with background styling
2025-06-12 23:40:02,422 - INFO - Found potential first place horse with background styling
2025-06-12 23:40:02,422 - INFO - Found 26 horse entries for https://www.racingtv.com/results/2023-01-27/dundalk/1830 using multiple detection methods
2025-06-12 23:40:02,423 - INFO - Processing sub block #1 for https://www.racingtv.com/results/2023-01-27/dundalk/1830
2025-06-12 23:40:02,423 - INFO - Found 3 <a> tags - Horse: Hey Kameir (IRE), Jockey: Seamie Heffernan (claim: 0), Trainer: M. J. Tynan
2025-06-12 23:40:02,424 - INFO - Position/Length - Found 2 children: Position: 13th, Lost by: 2 l
2025-06-12 23:40:02,424 - INFO - Extracted: Hey Kameir (IRE) - Position: 13th, Lost by: 2 l, Jockey: Seamie Heffernan (claim: 0), Trainer: M. J. Tynan, Age: 4, Weight: 9-3, Rating: 57
2025-06-12 23:40:02,424 - INFO - Processing sub block #2 for https://www.racingtv.com/results/2023-01-27/dundalk/1830
2025-06-12 23:40:02,425 - INFO - Found 3 <a> tags - Horse: Liquid Luck (IRE), Jockey: J. Coen (claim: 5), Trainer: J. J. Feane
2025-06-12 23:40:02,426 - INFO - Position/Length - Found 2 children: Position: 12th, Lost by: 1 1/2 l
2025-06-12 23:40:02,426 - INFO - Extracted: Liquid Luck (IRE) - Position: 12th, Lost by: 1 1/2 l, Jockey: J. Coen (claim: 5), Trainer: J. J. Feane, Age: 7, Weight: 9-3, Rating: 57
2025-06-12 23:40:02,426 - INFO - Processing sub block #3 for https://www.racingtv.com/results/2023-01-27/dundalk/1830
2025-06-12 23:40:02,427 - INFO - Found 3 <a> tags - Horse: Irish Millions, Jockey: Gearoid Patrick Brouder (claim: 5), Trainer: G. O'Leary
2025-06-12 23:40:02,427 - INFO - Position/Length - Found 2 children: Position: 11th, Lost by: 1 3/4 l
2025-06-12 23:40:02,428 - INFO - Extracted: Irish Millions - Position: 11th, Lost by: 1 3/4 l, Jockey: Gearoid Patrick Brouder (claim: 5), Trainer: G. O'Leary, Age: 4, Weight: 9-12tp, Rating: 66
2025-06-12 23:40:02,428 - INFO - Processing sub block #4 for https://www.racingtv.com/results/2023-01-27/dundalk/1830
2025-06-12 23:40:02,429 - INFO - Found 3 <a> tags - Horse: Selective Power (IRE), Jockey: C. D. Hayes (claim: 0), Trainer: Edward Lynam
2025-06-12 23:40:02,429 - INFO - Position/Length - Found 2 children: Position: 10th, Lost by: Head
2025-06-12 23:40:02,430 - INFO - Extracted: Selective Power (IRE) - Position: 10th, Lost by: Head, Jockey: C. D. Hayes (claim: 0), Trainer: Edward Lynam, Age: 4, Weight: 9-3, Rating: 57
2025-06-12 23:40:02,430 - INFO - Processing sub block #5 for https://www.racingtv.com/results/2023-01-27/dundalk/1830
2025-06-12 23:40:02,430 - INFO - Found 3 <a> tags - Horse: Yester (IRE), Jockey: J. J. G. Ryan (claim: 7), Trainer: T. G. McCourt
2025-06-12 23:40:02,431 - INFO - Position/Length - Found 2 children: Position: 9th, Lost by: 1 1/2 l
2025-06-12 23:40:02,431 - INFO - Extracted: Yester (IRE) - Position: 9th, Lost by: 1 1/2 l, Jockey: J. J. G. Ryan (claim: 7), Trainer: T. G. McCourt, Age: 7, Weight: 10-2, Rating: 70
2025-06-12 23:40:02,432 - INFO - Processing sub block #6 for https://www.racingtv.com/results/2023-01-27/dundalk/1830
2025-06-12 23:40:02,432 - INFO - Found 3 <a> tags - Horse: Linus Larrabee (IRE), Jockey: Sorcha Woods (claim: 7), Trainer: Edward Lynam
2025-06-12 23:40:02,433 - INFO - Position/Length - Found 2 children: Position: 8th, Lost by: Short Head
2025-06-12 23:40:02,433 - INFO - Extracted: Linus Larrabee (IRE) - Position: 8th, Lost by: Short Head, Jockey: Sorcha Woods (claim: 7), Trainer: Edward Lynam, Age: 6, Weight: 9-13, Rating: 67
2025-06-12 23:40:02,433 - INFO - Processing sub block #7 for https://www.racingtv.com/results/2023-01-27/dundalk/1830
2025-06-12 23:40:02,434 - INFO - Found 3 <a> tags - Horse: Bronze River, Jockey: J. M. Sheridan (claim: 3), Trainer: Denis Hogan
2025-06-12 23:40:02,435 - INFO - Position/Length - Found 2 children: Position: 7th, Lost by: 1/2 l
2025-06-12 23:40:02,435 - INFO - Extracted: Bronze River - Position: 7th, Lost by: 1/2 l, Jockey: J. M. Sheridan (claim: 3), Trainer: Denis Hogan, Age: 6, Weight: 9-4h, Rating: 58
2025-06-12 23:40:02,435 - INFO - Processing sub block #8 for https://www.racingtv.com/results/2023-01-27/dundalk/1830
2025-06-12 23:40:02,436 - INFO - Found 3 <a> tags - Horse: Maestro Stick, Jockey: G. M. Ryan (claim: 0), Trainer: Keith Henry Clarke
2025-06-12 23:40:02,436 - INFO - Position/Length - Found 2 children: Position: 6th, Lost by: 3/4 l
2025-06-12 23:40:02,437 - INFO - Extracted: Maestro Stick - Position: 6th, Lost by: 3/4 l, Jockey: G. M. Ryan (claim: 0), Trainer: Keith Henry Clarke, Age: 6, Weight: 9-2t, Rating: 56
2025-06-12 23:40:02,437 - INFO - Processing sub block #9 for https://www.racingtv.com/results/2023-01-27/dundalk/1830
2025-06-12 23:40:02,437 - INFO - Found 3 <a> tags - Horse: Scarlet Dancer (IRE), Jockey: C. T. Keane (claim: 0), Trainer: James McAuley
2025-06-12 23:40:02,438 - INFO - Position/Length - Found 2 children: Position: 5th, Lost by: Short Head
2025-06-12 23:40:02,438 - INFO - Extracted: Scarlet Dancer (IRE) - Position: 5th, Lost by: Short Head, Jockey: C. T. Keane (claim: 0), Trainer: James McAuley, Age: 4, Weight: 9-11p, Rating: 65
2025-06-12 23:40:02,438 - INFO - Processing sub block #10 for https://www.racingtv.com/results/2023-01-27/dundalk/1830
2025-06-12 23:40:02,439 - INFO - Found 3 <a> tags - Horse: Hypernova (IRE), Jockey: M. W. Hassett (claim: 10), Trainer: Joseph Patrick O'Brien
2025-06-12 23:40:02,440 - INFO - Position/Length - Found 2 children: Position: 4th, Lost by: 1 1/2 l
2025-06-12 23:40:02,440 - INFO - Extracted: Hypernova (IRE) - Position: 4th, Lost by: 1 1/2 l, Jockey: M. W. Hassett (claim: 10), Trainer: Joseph Patrick O'Brien, Age: 4, Weight: 10-2t, Rating: 70
2025-06-12 23:40:02,440 - INFO - Processing sub block #11 for https://www.racingtv.com/results/2023-01-27/dundalk/1830
2025-06-12 23:40:02,440 - INFO - Found 3 <a> tags - Horse: Tawaazon (IRE), Jockey: S. D. Bowen (claim: 7), Trainer: Denis Hogan
2025-06-12 23:40:02,441 - INFO - Position/Length - Found 2 children: Position: 3rd, Lost by: Short Head
2025-06-12 23:40:02,441 - INFO - Extracted: Tawaazon (IRE) - Position: 3rd, Lost by: Short Head, Jockey: S. D. Bowen (claim: 7), Trainer: Denis Hogan, Age: 5, Weight: 9-12tb, Rating: 66
2025-06-12 23:40:02,442 - INFO - Processing sub block #12 for https://www.racingtv.com/results/2023-01-27/dundalk/1830
2025-06-12 23:40:02,442 - INFO - Found 3 <a> tags - Horse: Ghumama (IRE), Jockey: William James Lee (claim: 0), Trainer: James McAuley
2025-06-12 23:40:02,443 - INFO - Position/Length - Found 2 children: Position: 2nd, Lost by: 1 1/2 l
2025-06-12 23:40:02,443 - INFO - Extracted: Ghumama (IRE) - Position: 2nd, Lost by: 1 1/2 l, Jockey: William James Lee (claim: 0), Trainer: James McAuley, Age: 5, Weight: 10-0tp, Rating: 68
2025-06-12 23:40:02,443 - INFO - Processing sub block #13 for https://www.racingtv.com/results/2023-01-27/dundalk/1830
2025-06-12 23:40:02,444 - INFO - Found 3 <a> tags - Horse: Macadam's Rock (IRE), Jockey: Adam Caffrey (claim: 7), Trainer: Miss Hilary McLoughlin
2025-06-12 23:40:02,445 - INFO - Position/Length - Found 1 children: Position: 1st, Lost by: N/A
2025-06-12 23:40:02,445 - INFO - Confirmed winner: Macadam's Rock (IRE)
2025-06-12 23:40:02,445 - INFO - Extracted: Macadam's Rock (IRE) - Position: 1st, Lost by: N/A, Jockey: Adam Caffrey (claim: 7), Trainer: Miss Hilary McLoughlin, Age: 5, Weight: 9-6, Rating: 60
2025-06-12 23:40:02,445 - INFO - Processing sub block #14 for https://www.racingtv.com/results/2023-01-27/dundalk/1830
2025-06-12 23:40:02,446 - INFO - Found 3 <a> tags - Horse: Hey Kameir (IRE), Jockey: Seamie Heffernan (claim: 0), Trainer: M. J. Tynan
2025-06-12 23:40:02,447 - INFO - Position/Length - Found 2 children: Position: 13th, Lost by: 2 l
2025-06-12 23:40:02,447 - INFO - Extracted: Hey Kameir (IRE) - Position: 13th, Lost by: 2 l, Jockey: Seamie Heffernan (claim: 0), Trainer: M. J. Tynan, Age: 4, Weight: 9-3, Rating: 57
2025-06-12 23:40:02,447 - INFO - Processing sub block #15 for https://www.racingtv.com/results/2023-01-27/dundalk/1830
2025-06-12 23:40:02,448 - INFO - Found 3 <a> tags - Horse: Liquid Luck (IRE), Jockey: J. Coen (claim: 5), Trainer: J. J. Feane
2025-06-12 23:40:02,448 - INFO - Position/Length - Found 2 children: Position: 12th, Lost by: 1 1/2 l
2025-06-12 23:40:02,449 - INFO - Extracted: Liquid Luck (IRE) - Position: 12th, Lost by: 1 1/2 l, Jockey: J. Coen (claim: 5), Trainer: J. J. Feane, Age: 7, Weight: 9-3, Rating: 57
2025-06-12 23:40:02,449 - INFO - Processing sub block #16 for https://www.racingtv.com/results/2023-01-27/dundalk/1830
2025-06-12 23:40:02,449 - INFO - Found 3 <a> tags - Horse: Irish Millions, Jockey: Gearoid Patrick Brouder (claim: 5), Trainer: G. O'Leary
2025-06-12 23:40:02,450 - INFO - Position/Length - Found 2 children: Position: 11th, Lost by: 1 3/4 l
2025-06-12 23:40:02,450 - INFO - Extracted: Irish Millions - Position: 11th, Lost by: 1 3/4 l, Jockey: Gearoid Patrick Brouder (claim: 5), Trainer: G. O'Leary, Age: 4, Weight: 9-12tp, Rating: 66
2025-06-12 23:40:02,450 - INFO - Processing sub block #17 for https://www.racingtv.com/results/2023-01-27/dundalk/1830
2025-06-12 23:40:02,451 - INFO - Found 3 <a> tags - Horse: Selective Power (IRE), Jockey: C. D. Hayes (claim: 0), Trainer: Edward Lynam
2025-06-12 23:40:02,451 - INFO - Position/Length - Found 2 children: Position: 10th, Lost by: Head
2025-06-12 23:40:02,452 - INFO - Extracted: Selective Power (IRE) - Position: 10th, Lost by: Head, Jockey: C. D. Hayes (claim: 0), Trainer: Edward Lynam, Age: 4, Weight: 9-3, Rating: 57
2025-06-12 23:40:02,452 - INFO - Processing sub block #18 for https://www.racingtv.com/results/2023-01-27/dundalk/1830
2025-06-12 23:40:02,452 - INFO - Found 3 <a> tags - Horse: Yester (IRE), Jockey: J. J. G. Ryan (claim: 7), Trainer: T. G. McCourt
2025-06-12 23:40:02,453 - INFO - Position/Length - Found 2 children: Position: 9th, Lost by: 1 1/2 l
2025-06-12 23:40:02,453 - INFO - Extracted: Yester (IRE) - Position: 9th, Lost by: 1 1/2 l, Jockey: J. J. G. Ryan (claim: 7), Trainer: T. G. McCourt, Age: 7, Weight: 10-2, Rating: 70
2025-06-12 23:40:02,453 - INFO - Processing sub block #19 for https://www.racingtv.com/results/2023-01-27/dundalk/1830
2025-06-12 23:40:02,453 - INFO - Found 3 <a> tags - Horse: Linus Larrabee (IRE), Jockey: Sorcha Woods (claim: 7), Trainer: Edward Lynam
2025-06-12 23:40:02,454 - INFO - Position/Length - Found 2 children: Position: 8th, Lost by: Short Head
2025-06-12 23:40:02,454 - INFO - Extracted: Linus Larrabee (IRE) - Position: 8th, Lost by: Short Head, Jockey: Sorcha Woods (claim: 7), Trainer: Edward Lynam, Age: 6, Weight: 9-13, Rating: 67
2025-06-12 23:40:02,454 - INFO - Processing sub block #20 for https://www.racingtv.com/results/2023-01-27/dundalk/1830
2025-06-12 23:40:02,455 - INFO - Found 3 <a> tags - Horse: Bronze River, Jockey: J. M. Sheridan (claim: 3), Trainer: Denis Hogan
2025-06-12 23:40:02,455 - INFO - Position/Length - Found 2 children: Position: 7th, Lost by: 1/2 l
2025-06-12 23:40:02,456 - INFO - Extracted: Bronze River - Position: 7th, Lost by: 1/2 l, Jockey: J. M. Sheridan (claim: 3), Trainer: Denis Hogan, Age: 6, Weight: 9-4h, Rating: 58
2025-06-12 23:40:02,456 - INFO - Processing sub block #21 for https://www.racingtv.com/results/2023-01-27/dundalk/1830
2025-06-12 23:40:02,456 - INFO - Found 3 <a> tags - Horse: Maestro Stick, Jockey: G. M. Ryan (claim: 0), Trainer: Keith Henry Clarke
2025-06-12 23:40:02,457 - INFO - Position/Length - Found 2 children: Position: 6th, Lost by: 3/4 l
2025-06-12 23:40:02,457 - INFO - Extracted: Maestro Stick - Position: 6th, Lost by: 3/4 l, Jockey: G. M. Ryan (claim: 0), Trainer: Keith Henry Clarke, Age: 6, Weight: 9-2t, Rating: 56
2025-06-12 23:40:02,458 - INFO - Processing sub block #22 for https://www.racingtv.com/results/2023-01-27/dundalk/1830
2025-06-12 23:40:02,458 - INFO - Found 3 <a> tags - Horse: Scarlet Dancer (IRE), Jockey: C. T. Keane (claim: 0), Trainer: James McAuley
2025-06-12 23:40:02,459 - INFO - Position/Length - Found 2 children: Position: 5th, Lost by: Short Head
2025-06-12 23:40:02,459 - INFO - Extracted: Scarlet Dancer (IRE) - Position: 5th, Lost by: Short Head, Jockey: C. T. Keane (claim: 0), Trainer: James McAuley, Age: 4, Weight: 9-11p, Rating: 65
2025-06-12 23:40:02,459 - INFO - Processing sub block #23 for https://www.racingtv.com/results/2023-01-27/dundalk/1830
2025-06-12 23:40:02,460 - INFO - Found 3 <a> tags - Horse: Hypernova (IRE), Jockey: M. W. Hassett (claim: 10), Trainer: Joseph Patrick O'Brien
2025-06-12 23:40:02,460 - INFO - Position/Length - Found 2 children: Position: 4th, Lost by: 1 1/2 l
2025-06-12 23:40:02,460 - INFO - Extracted: Hypernova (IRE) - Position: 4th, Lost by: 1 1/2 l, Jockey: M. W. Hassett (claim: 10), Trainer: Joseph Patrick O'Brien, Age: 4, Weight: 10-2t, Rating: 70
2025-06-12 23:40:02,461 - INFO - Processing sub block #24 for https://www.racingtv.com/results/2023-01-27/dundalk/1830
2025-06-12 23:40:02,461 - INFO - Found 3 <a> tags - Horse: Tawaazon (IRE), Jockey: S. D. Bowen (claim: 7), Trainer: Denis Hogan
2025-06-12 23:40:02,463 - INFO - Position/Length - Found 2 children: Position: 3rd, Lost by: Short Head
2025-06-12 23:40:02,463 - INFO - Extracted: Tawaazon (IRE) - Position: 3rd, Lost by: Short Head, Jockey: S. D. Bowen (claim: 7), Trainer: Denis Hogan, Age: 5, Weight: 9-12tb, Rating: 66
2025-06-12 23:40:02,463 - INFO - Processing sub block #25 for https://www.racingtv.com/results/2023-01-27/dundalk/1830
2025-06-12 23:40:02,464 - INFO - Found 3 <a> tags - Horse: Ghumama (IRE), Jockey: William James Lee (claim: 0), Trainer: James McAuley
2025-06-12 23:40:02,465 - INFO - Position/Length - Found 2 children: Position: 2nd, Lost by: 1 1/2 l
2025-06-12 23:40:02,465 - INFO - Extracted: Ghumama (IRE) - Position: 2nd, Lost by: 1 1/2 l, Jockey: William James Lee (claim: 0), Trainer: James McAuley, Age: 5, Weight: 10-0tp, Rating: 68
2025-06-12 23:40:02,465 - INFO - Processing sub block #26 for https://www.racingtv.com/results/2023-01-27/dundalk/1830
2025-06-12 23:40:02,465 - INFO - Found 3 <a> tags - Horse: Macadam's Rock (IRE), Jockey: Adam Caffrey (claim: 7), Trainer: Miss Hilary McLoughlin
2025-06-12 23:40:02,466 - INFO - Position/Length - Found 1 children: Position: 1st, Lost by: N/A
2025-06-12 23:40:02,466 - INFO - Extracted: Macadam's Rock (IRE) - Position: 1st, Lost by: N/A, Jockey: Adam Caffrey (claim: 7), Trainer: Miss Hilary McLoughlin, Age: 5, Weight: 9-6, Rating: 60
2025-06-12 23:40:02,466 - INFO - Successfully extracted 26/26 horse records from https://www.racingtv.com/results/2023-01-27/dundalk/1830
2025-06-12 23:40:02,467 - INFO - :) First place horse found successfully
2025-06-12 23:40:02,467 - INFO - :) First place horse found successfully
2025-06-12 23:40:02,467 - INFO - :) First place horse found successfully
2025-06-12 23:40:02,467 - INFO - :) First place horse found successfully
2025-06-12 23:40:02,467 - INFO - :) First place horse found successfully
2025-06-12 23:40:02,468 - INFO - :) First place horse found successfully
2025-06-12 23:40:02,468 - INFO - :) First place horse found successfully
2025-06-12 23:40:02,468 - INFO - :) First place horse found successfully
2025-06-12 23:40:02,468 - INFO - :) First place horse found successfully
2025-06-12 23:40:02,468 - INFO - :) First place horse found successfully
2025-06-12 23:40:02,469 - INFO - :) First place horse found successfully
2025-06-12 23:40:02,469 - INFO - :) First place horse found successfully
2025-06-12 23:40:02,469 - INFO - :) First place horse found successfully
2025-06-12 23:40:02,469 - INFO - :) First place horse found successfully
2025-06-12 23:40:02,469 - INFO - :) First place horse found successfully
2025-06-12 23:40:02,470 - INFO - :) First place horse found successfully
2025-06-12 23:40:02,470 - INFO - :) First place horse found successfully
2025-06-12 23:40:02,470 - INFO - :) First place horse found successfully
2025-06-12 23:40:02,470 - INFO - :) First place horse found successfully
2025-06-12 23:40:02,470 - INFO - :) First place horse found successfully
2025-06-12 23:40:02,470 - INFO - :) First place horse found successfully
2025-06-12 23:40:02,471 - INFO - :) First place horse found successfully
2025-06-12 23:40:02,471 - INFO - :) First place horse found successfully
2025-06-12 23:40:02,471 - INFO - :) First place horse found successfully
2025-06-12 23:40:02,471 - INFO - :) First place horse found successfully
2025-06-12 23:40:02,472 - INFO - :) First place horse found successfully
2025-06-12 23:40:02,472 - INFO - :) First place horse found successfully
2025-06-12 23:40:02,472 - INFO - Successfully parsed 26 horse records from: https://www.racingtv.com/results/2023-01-27/dundalk/1830
2025-06-12 23:40:02,472 - INFO - Waiting 2 seconds before next request...
2025-06-12 23:40:04,474 - INFO - Batch 40 - URL 3/50: https://www.racingtv.com/results/2023-01-27/dundalk/1900
2025-06-12 23:40:04,474 - INFO - Loading page with Selenium: https://www.racingtv.com/results/2023-01-27/dundalk/1900
2025-06-12 23:40:10,557 - INFO - Racing main block detected for: https://www.racingtv.com/results/2023-01-27/dundalk/1900
2025-06-12 23:40:10,608 - INFO - Successfully loaded page: https://www.racingtv.com/results/2023-01-27/dundalk/1900
2025-06-12 23:40:10,708 - INFO - Extracted race info - Track: Dundalk Racing Results | 27th January 2023 19:00, Date: N/A, Time: 19:00
2025-06-12 23:40:10,708 - INFO - Found 2nd h3 tag: Standard  3YO only 6f Winner: €17,000 (7 runners)
2025-06-12 23:40:10,708 - INFO - Extracted - Going: Standard, Distance: 6f
2025-06-12 23:40:10,708 - INFO - Extracting racing data from: https://www.racingtv.com/results/2023-01-27/dundalk/1900
2025-06-12 23:40:10,729 - INFO - Processing main block #1 for https://www.racingtv.com/results/2023-01-27/dundalk/1900
2025-06-12 23:40:10,735 - INFO - Checking 2nd child of main block for first place horse...
2025-06-12 23:40:10,738 - INFO - Found alternative horse block structure with 3 links
2025-06-12 23:40:10,738 - INFO - Found alternative horse block structure with 3 links
2025-06-12 23:40:10,739 - INFO - Found alternative horse block structure with 3 links
2025-06-12 23:40:10,739 - INFO - Found alternative horse block structure with 3 links
2025-06-12 23:40:10,739 - INFO - Found alternative horse block structure with 3 links
2025-06-12 23:40:10,740 - INFO - Found alternative horse block structure with 3 links
2025-06-12 23:40:10,740 - INFO - Found alternative horse block structure with 3 links
2025-06-12 23:40:10,753 - INFO - Found likely first place horse via structure analysis: Song For Whoever (IRE)
2025-06-12 23:40:10,755 - INFO - Found potential first place horse with background styling
2025-06-12 23:40:10,756 - INFO - Found potential first place horse with background styling
2025-06-12 23:40:10,756 - INFO - Found potential first place horse with background styling
2025-06-12 23:40:10,756 - INFO - Found potential first place horse with background styling
2025-06-12 23:40:10,757 - INFO - Found potential first place horse with background styling
2025-06-12 23:40:10,757 - INFO - Found potential first place horse with background styling
2025-06-12 23:40:10,757 - INFO - Found 14 horse entries for https://www.racingtv.com/results/2023-01-27/dundalk/1900 using multiple detection methods
2025-06-12 23:40:10,758 - INFO - Processing sub block #1 for https://www.racingtv.com/results/2023-01-27/dundalk/1900
2025-06-12 23:40:10,758 - INFO - Found 3 <a> tags - Horse: Glamorous Pearl, Jockey: R. Whearty (claim: 7), Trainer: Adrian Murray
2025-06-12 23:40:10,759 - INFO - Position/Length - Found 2 children: Position: 7th, Lost by: Head
2025-06-12 23:40:10,759 - INFO - Extracted: Glamorous Pearl - Position: 7th, Lost by: Head, Jockey: R. Whearty (claim: 7), Trainer: Adrian Murray, Age: 3, Weight: 9-0, Rating: -
2025-06-12 23:40:10,760 - INFO - Processing sub block #2 for https://www.racingtv.com/results/2023-01-27/dundalk/1900
2025-06-12 23:40:10,761 - INFO - Found 3 <a> tags - Horse: Californiagoldrush (IRE), Jockey: M. P. Sheehy (claim: 0), Trainer: Kevin Thomas Coleman
2025-06-12 23:40:10,761 - INFO - Position/Length - Found 2 children: Position: 6th, Lost by: 1 3/4 l
2025-06-12 23:40:10,762 - INFO - Extracted: Californiagoldrush (IRE) - Position: 6th, Lost by: 1 3/4 l, Jockey: M. P. Sheehy (claim: 0), Trainer: Kevin Thomas Coleman, Age: 3, Weight: 9-0, Rating: -
2025-06-12 23:40:10,762 - INFO - Processing sub block #3 for https://www.racingtv.com/results/2023-01-27/dundalk/1900
2025-06-12 23:40:10,763 - INFO - Found 3 <a> tags - Horse: Bright Dick (IRE), Jockey: C. D. Hayes (claim: 0), Trainer: Luke Comer
2025-06-12 23:40:10,764 - INFO - Position/Length - Found 2 children: Position: 5th, Lost by: 2 l
2025-06-12 23:40:10,764 - INFO - Extracted: Bright Dick (IRE) - Position: 5th, Lost by: 2 l, Jockey: C. D. Hayes (claim: 0), Trainer: Luke Comer, Age: 3, Weight: 9-5, Rating: -
2025-06-12 23:40:10,764 - INFO - Processing sub block #4 for https://www.racingtv.com/results/2023-01-27/dundalk/1900
2025-06-12 23:40:10,765 - INFO - Found 3 <a> tags - Horse: Coolcalmncollected, Jockey: C. T. Keane (claim: 0), Trainer: Ciaran Murphy
2025-06-12 23:40:10,765 - INFO - Position/Length - Found 2 children: Position: 4th, Lost by: 3 1/2 l
2025-06-12 23:40:10,766 - INFO - Extracted: Coolcalmncollected - Position: 4th, Lost by: 3 1/2 l, Jockey: C. T. Keane (claim: 0), Trainer: Ciaran Murphy, Age: 3, Weight: 9-8, Rating: -
2025-06-12 23:40:10,766 - INFO - Processing sub block #5 for https://www.racingtv.com/results/2023-01-27/dundalk/1900
2025-06-12 23:40:10,766 - INFO - Found 3 <a> tags - Horse: Anann (IRE), Jockey: H. J. Horgan (claim: 7), Trainer: Joseph Patrick O'Brien
2025-06-12 23:40:10,767 - INFO - Position/Length - Found 2 children: Position: 3rd, Lost by: 1 1/4 l
2025-06-12 23:40:10,767 - INFO - Extracted: Anann (IRE) - Position: 3rd, Lost by: 1 1/4 l, Jockey: H. J. Horgan (claim: 7), Trainer: Joseph Patrick O'Brien, Age: 3, Weight: 9-3, Rating: -
2025-06-12 23:40:10,767 - INFO - Processing sub block #6 for https://www.racingtv.com/results/2023-01-27/dundalk/1900
2025-06-12 23:40:10,768 - INFO - Found 3 <a> tags - Horse: Dynamite Katie (IRE), Jockey: W. M. Lordan (claim: 0), Trainer: Miss Natalia Lupini
2025-06-12 23:40:10,769 - INFO - Position/Length - Found 2 children: Position: 2nd, Lost by: 3 1/4 l
2025-06-12 23:40:10,769 - INFO - Extracted: Dynamite Katie (IRE) - Position: 2nd, Lost by: 3 1/4 l, Jockey: W. M. Lordan (claim: 0), Trainer: Miss Natalia Lupini, Age: 3, Weight: 9-3, Rating: -
2025-06-12 23:40:10,769 - INFO - Processing sub block #7 for https://www.racingtv.com/results/2023-01-27/dundalk/1900
2025-06-12 23:40:10,770 - INFO - Found 3 <a> tags - Horse: Song For Whoever (IRE), Jockey: William James Lee (claim: 0), Trainer: John Stephen O'Donoghue
2025-06-12 23:40:10,770 - INFO - Position/Length - Found 1 children: Position: 1st, Lost by: N/A
2025-06-12 23:40:10,771 - INFO - Confirmed winner: Song For Whoever (IRE)
2025-06-12 23:40:10,771 - INFO - Extracted: Song For Whoever (IRE) - Position: 1st, Lost by: N/A, Jockey: William James Lee (claim: 0), Trainer: John Stephen O'Donoghue, Age: 3, Weight: 9-8, Rating: -
2025-06-12 23:40:10,771 - INFO - Processing sub block #8 for https://www.racingtv.com/results/2023-01-27/dundalk/1900
2025-06-12 23:40:10,771 - INFO - Found 3 <a> tags - Horse: Glamorous Pearl, Jockey: R. Whearty (claim: 7), Trainer: Adrian Murray
2025-06-12 23:40:10,772 - INFO - Position/Length - Found 2 children: Position: 7th, Lost by: Head
2025-06-12 23:40:10,772 - INFO - Extracted: Glamorous Pearl - Position: 7th, Lost by: Head, Jockey: R. Whearty (claim: 7), Trainer: Adrian Murray, Age: 3, Weight: 9-0, Rating: -
2025-06-12 23:40:10,772 - INFO - Processing sub block #9 for https://www.racingtv.com/results/2023-01-27/dundalk/1900
2025-06-12 23:40:10,773 - INFO - Found 3 <a> tags - Horse: Californiagoldrush (IRE), Jockey: M. P. Sheehy (claim: 0), Trainer: Kevin Thomas Coleman
2025-06-12 23:40:10,773 - INFO - Position/Length - Found 2 children: Position: 6th, Lost by: 1 3/4 l
2025-06-12 23:40:10,774 - INFO - Extracted: Californiagoldrush (IRE) - Position: 6th, Lost by: 1 3/4 l, Jockey: M. P. Sheehy (claim: 0), Trainer: Kevin Thomas Coleman, Age: 3, Weight: 9-0, Rating: -
2025-06-12 23:40:10,774 - INFO - Processing sub block #10 for https://www.racingtv.com/results/2023-01-27/dundalk/1900
2025-06-12 23:40:10,774 - INFO - Found 3 <a> tags - Horse: Bright Dick (IRE), Jockey: C. D. Hayes (claim: 0), Trainer: Luke Comer
2025-06-12 23:40:10,776 - INFO - Position/Length - Found 2 children: Position: 5th, Lost by: 2 l
2025-06-12 23:40:10,776 - INFO - Extracted: Bright Dick (IRE) - Position: 5th, Lost by: 2 l, Jockey: C. D. Hayes (claim: 0), Trainer: Luke Comer, Age: 3, Weight: 9-5, Rating: -
2025-06-12 23:40:10,776 - INFO - Processing sub block #11 for https://www.racingtv.com/results/2023-01-27/dundalk/1900
2025-06-12 23:40:10,777 - INFO - Found 3 <a> tags - Horse: Coolcalmncollected, Jockey: C. T. Keane (claim: 0), Trainer: Ciaran Murphy
2025-06-12 23:40:10,778 - INFO - Position/Length - Found 2 children: Position: 4th, Lost by: 3 1/2 l
2025-06-12 23:40:10,779 - INFO - Extracted: Coolcalmncollected - Position: 4th, Lost by: 3 1/2 l, Jockey: C. T. Keane (claim: 0), Trainer: Ciaran Murphy, Age: 3, Weight: 9-8, Rating: -
2025-06-12 23:40:10,779 - INFO - Processing sub block #12 for https://www.racingtv.com/results/2023-01-27/dundalk/1900
2025-06-12 23:40:10,780 - INFO - Found 3 <a> tags - Horse: Anann (IRE), Jockey: H. J. Horgan (claim: 7), Trainer: Joseph Patrick O'Brien
2025-06-12 23:40:10,780 - INFO - Position/Length - Found 2 children: Position: 3rd, Lost by: 1 1/4 l
2025-06-12 23:40:10,781 - INFO - Extracted: Anann (IRE) - Position: 3rd, Lost by: 1 1/4 l, Jockey: H. J. Horgan (claim: 7), Trainer: Joseph Patrick O'Brien, Age: 3, Weight: 9-3, Rating: -
2025-06-12 23:40:10,781 - INFO - Processing sub block #13 for https://www.racingtv.com/results/2023-01-27/dundalk/1900
2025-06-12 23:40:10,782 - INFO - Found 3 <a> tags - Horse: Dynamite Katie (IRE), Jockey: W. M. Lordan (claim: 0), Trainer: Miss Natalia Lupini
2025-06-12 23:40:10,782 - INFO - Position/Length - Found 2 children: Position: 2nd, Lost by: 3 1/4 l
2025-06-12 23:40:10,782 - INFO - Extracted: Dynamite Katie (IRE) - Position: 2nd, Lost by: 3 1/4 l, Jockey: W. M. Lordan (claim: 0), Trainer: Miss Natalia Lupini, Age: 3, Weight: 9-3, Rating: -
2025-06-12 23:40:10,783 - INFO - Processing sub block #14 for https://www.racingtv.com/results/2023-01-27/dundalk/1900
2025-06-12 23:40:10,783 - INFO - Found 3 <a> tags - Horse: Song For Whoever (IRE), Jockey: William James Lee (claim: 0), Trainer: John Stephen O'Donoghue
2025-06-12 23:40:10,784 - INFO - Position/Length - Found 1 children: Position: 1st, Lost by: N/A
2025-06-12 23:40:10,785 - INFO - Extracted: Song For Whoever (IRE) - Position: 1st, Lost by: N/A, Jockey: William James Lee (claim: 0), Trainer: John Stephen O'Donoghue, Age: 3, Weight: 9-8, Rating: -
2025-06-12 23:40:10,785 - INFO - Successfully extracted 14/14 horse records from https://www.racingtv.com/results/2023-01-27/dundalk/1900
2025-06-12 23:40:10,785 - INFO - :) First place horse found successfully
2025-06-12 23:40:10,786 - INFO - :) First place horse found successfully
2025-06-12 23:40:10,786 - INFO - :) First place horse found successfully
2025-06-12 23:40:10,786 - INFO - :) First place horse found successfully
2025-06-12 23:40:10,786 - INFO - :) First place horse found successfully
2025-06-12 23:40:10,786 - INFO - :) First place horse found successfully
2025-06-12 23:40:10,786 - INFO - :) First place horse found successfully
2025-06-12 23:40:10,786 - INFO - :) First place horse found successfully
2025-06-12 23:40:10,786 - INFO - :) First place horse found successfully
2025-06-12 23:40:10,786 - INFO - :) First place horse found successfully
2025-06-12 23:40:10,786 - INFO - :) First place horse found successfully
2025-06-12 23:40:10,786 - INFO - :) First place horse found successfully
2025-06-12 23:40:10,786 - INFO - :) First place horse found successfully
2025-06-12 23:40:10,786 - INFO - :) First place horse found successfully
2025-06-12 23:40:10,786 - INFO - :) First place horse found successfully
2025-06-12 23:40:10,786 - INFO - Successfully parsed 14 horse records from: https://www.racingtv.com/results/2023-01-27/dundalk/1900
2025-06-12 23:40:10,786 - INFO - Waiting 2 seconds before next request...
2025-06-12 23:40:12,790 - INFO - Batch 40 - URL 4/50: https://www.racingtv.com/results/2023-01-27/dundalk/1930
2025-06-12 23:40:12,790 - INFO - Loading page with Selenium: https://www.racingtv.com/results/2023-01-27/dundalk/1930
2025-06-12 23:40:18,056 - INFO - Racing main block detected for: https://www.racingtv.com/results/2023-01-27/dundalk/1930
2025-06-12 23:40:18,094 - INFO - Successfully loaded page: https://www.racingtv.com/results/2023-01-27/dundalk/1930
2025-06-12 23:40:18,244 - INFO - Extracted race info - Track: Dundalk Racing Results | 27th January 2023 19:30, Date: N/A, Time: 19:30
2025-06-12 23:40:18,245 - INFO - Found 2nd h3 tag: Standard  3YO+ 6f Winner: €10,000 (14 runners)
2025-06-12 23:40:18,245 - INFO - Extracted - Going: Standard, Distance: 6f
2025-06-12 23:40:18,246 - INFO - Extracting racing data from: https://www.racingtv.com/results/2023-01-27/dundalk/1930
2025-06-12 23:40:18,259 - INFO - Processing main block #1 for https://www.racingtv.com/results/2023-01-27/dundalk/1930
2025-06-12 23:40:18,268 - INFO - Checking 2nd child of main block for first place horse...
2025-06-12 23:40:18,276 - INFO - Found alternative horse block structure with 3 links
2025-06-12 23:40:18,276 - INFO - Found alternative horse block structure with 3 links
2025-06-12 23:40:18,276 - INFO - Found alternative horse block structure with 3 links
2025-06-12 23:40:18,277 - INFO - Found alternative horse block structure with 3 links
2025-06-12 23:40:18,277 - INFO - Found alternative horse block structure with 3 links
2025-06-12 23:40:18,278 - INFO - Found alternative horse block structure with 3 links
2025-06-12 23:40:18,278 - INFO - Found alternative horse block structure with 3 links
2025-06-12 23:40:18,278 - INFO - Found alternative horse block structure with 3 links
2025-06-12 23:40:18,279 - INFO - Found alternative horse block structure with 3 links
2025-06-12 23:40:18,279 - INFO - Found alternative horse block structure with 3 links
2025-06-12 23:40:18,279 - INFO - Found alternative horse block structure with 3 links
2025-06-12 23:40:18,280 - INFO - Found alternative horse block structure with 3 links
2025-06-12 23:40:18,280 - INFO - Found alternative horse block structure with 3 links
2025-06-12 23:40:18,280 - INFO - Found alternative horse block structure with 3 links
2025-06-12 23:40:18,305 - INFO - Found likely first place horse via structure analysis: Hero Of The Hour
2025-06-12 23:40:18,307 - INFO - Found potential first place horse with background styling
2025-06-12 23:40:18,308 - INFO - Found potential first place horse with background styling
2025-06-12 23:40:18,308 - INFO - Found potential first place horse with background styling
2025-06-12 23:40:18,309 - INFO - Found potential first place horse with background styling
2025-06-12 23:40:18,309 - INFO - Found potential first place horse with background styling
2025-06-12 23:40:18,309 - INFO - Found potential first place horse with background styling
2025-06-12 23:40:18,310 - INFO - Found potential first place horse with background styling
2025-06-12 23:40:18,310 - INFO - Found potential first place horse with background styling
2025-06-12 23:40:18,311 - INFO - Found potential first place horse with background styling
2025-06-12 23:40:18,311 - INFO - Found potential first place horse with background styling
2025-06-12 23:40:18,312 - INFO - Found potential first place horse with background styling
2025-06-12 23:40:18,313 - INFO - Found potential first place horse with background styling
2025-06-12 23:40:18,313 - INFO - Found potential first place horse with background styling
2025-06-12 23:40:18,313 - INFO - Found 28 horse entries for https://www.racingtv.com/results/2023-01-27/dundalk/1930 using multiple detection methods
2025-06-12 23:40:18,314 - INFO - Processing sub block #1 for https://www.racingtv.com/results/2023-01-27/dundalk/1930
2025-06-12 23:40:18,314 - INFO - Found 3 <a> tags - Horse: Florence Thompson (IRE), Jockey: W. M. Lordan (claim: 0), Trainer: James McAuley
2025-06-12 23:40:18,315 - INFO - Position/Length - Found 2 children: Position: 14th, Lost by: 4 1/2 l
2025-06-12 23:40:18,315 - INFO - Extracted: Florence Thompson (IRE) - Position: 14th, Lost by: 4 1/2 l, Jockey: W. M. Lordan (claim: 0), Trainer: James McAuley, Age: 6, Weight: 8-12tp, Rating: 47
2025-06-12 23:40:18,315 - INFO - Processing sub block #2 for https://www.racingtv.com/results/2023-01-27/dundalk/1930
2025-06-12 23:40:18,316 - INFO - Found 3 <a> tags - Horse: Eglish, Jockey: C. T. Keane (claim: 0), Trainer: James McAuley
2025-06-12 23:40:18,317 - INFO - Position/Length - Found 2 children: Position: 13th, Lost by: 1/2 l
2025-06-12 23:40:18,317 - INFO - Extracted: Eglish - Position: 13th, Lost by: 1/2 l, Jockey: C. T. Keane (claim: 0), Trainer: James McAuley, Age: 6, Weight: 10-2v, Rating: 65
2025-06-12 23:40:18,317 - INFO - Processing sub block #3 for https://www.racingtv.com/results/2023-01-27/dundalk/1930
2025-06-12 23:40:18,318 - INFO - Found 3 <a> tags - Horse: American In Paris (IRE), Jockey: S. D. Bowen (claim: 7), Trainer: Denis Hogan
2025-06-12 23:40:18,319 - INFO - Position/Length - Found 2 children: Position: 12th, Lost by: 1 1/4 l
2025-06-12 23:40:18,319 - INFO - Extracted: American In Paris (IRE) - Position: 12th, Lost by: 1 1/4 l, Jockey: S. D. Bowen (claim: 7), Trainer: Denis Hogan, Age: 3, Weight: 9-0, Rating: 65
2025-06-12 23:40:18,319 - INFO - Processing sub block #4 for https://www.racingtv.com/results/2023-01-27/dundalk/1930
2025-06-12 23:40:18,319 - INFO - Found 3 <a> tags - Horse: Teddy Boy (IRE), Jockey: N. M. Crosse (claim: 0), Trainer: Edward Lynam
2025-06-12 23:40:18,319 - INFO - Position/Length - Found 2 children: Position: 11th, Lost by: Neck
2025-06-12 23:40:18,319 - INFO - Extracted: Teddy Boy (IRE) - Position: 11th, Lost by: Neck, Jockey: N. M. Crosse (claim: 0), Trainer: Edward Lynam, Age: 8, Weight: 9-3, Rating: 52
2025-06-12 23:40:18,319 - INFO - Processing sub block #5 for https://www.racingtv.com/results/2023-01-27/dundalk/1930
2025-06-12 23:40:18,322 - INFO - Found 3 <a> tags - Horse: Ecclesiastical, Jockey: J. J. G. Ryan (claim: 7), Trainer: T. G. McCourt
2025-06-12 23:40:18,322 - INFO - Position/Length - Found 2 children: Position: 10th, Lost by: Head
2025-06-12 23:40:18,322 - INFO - Extracted: Ecclesiastical - Position: 10th, Lost by: Head, Jockey: J. J. G. Ryan (claim: 7), Trainer: T. G. McCourt, Age: 6, Weight: 8-12, Rating: 47
2025-06-12 23:40:18,323 - INFO - Processing sub block #6 for https://www.racingtv.com/results/2023-01-27/dundalk/1930
2025-06-12 23:40:18,323 - INFO - Found 3 <a> tags - Horse: Empress Of Bough (IRE), Jockey: S. R. Markey (claim: 10), Trainer: Anthony McCann
2025-06-12 23:40:18,324 - INFO - Position/Length - Found 2 children: Position: 9th, Lost by: Neck
2025-06-12 23:40:18,324 - INFO - Extracted: Empress Of Bough (IRE) - Position: 9th, Lost by: Neck, Jockey: S. R. Markey (claim: 10), Trainer: Anthony McCann, Age: 4, Weight: 9-7, Rating: 56
2025-06-12 23:40:18,324 - INFO - Processing sub block #7 for https://www.racingtv.com/results/2023-01-27/dundalk/1930
2025-06-12 23:40:18,325 - INFO - Found 3 <a> tags - Horse: Ginsburg (IRE), Jockey: R. M. Mulligan (claim: 10), Trainer: P. Mulligan
2025-06-12 23:40:18,326 - INFO - Position/Length - Found 2 children: Position: 8th, Lost by: Neck
2025-06-12 23:40:18,326 - INFO - Extracted: Ginsburg (IRE) - Position: 8th, Lost by: Neck, Jockey: R. M. Mulligan (claim: 10), Trainer: P. Mulligan, Age: 5, Weight: 9-13tp, Rating: 62
2025-06-12 23:40:18,326 - INFO - Processing sub block #8 for https://www.racingtv.com/results/2023-01-27/dundalk/1930
2025-06-12 23:40:18,327 - INFO - Found 3 <a> tags - Horse: Beleaguerment (IRE), Jockey: M. P. Sheehy (claim: 0), Trainer: James McAuley
2025-06-12 23:40:18,328 - INFO - Position/Length - Found 2 children: Position: 7th, Lost by: Short Head
2025-06-12 23:40:18,329 - INFO - Extracted: Beleaguerment (IRE) - Position: 7th, Lost by: Short Head, Jockey: M. P. Sheehy (claim: 0), Trainer: James McAuley, Age: 7, Weight: 8-13tp, Rating: 48
2025-06-12 23:40:18,329 - INFO - Processing sub block #9 for https://www.racingtv.com/results/2023-01-27/dundalk/1930
2025-06-12 23:40:18,329 - INFO - Found 3 <a> tags - Horse: Not Amused (IRE), Jockey: Declan McDonogh (claim: 0), Trainer: Mrs Prunella Dobbs
2025-06-12 23:40:18,330 - INFO - Position/Length - Found 2 children: Position: 6th, Lost by: 1 1/4 l
2025-06-12 23:40:18,330 - INFO - Extracted: Not Amused (IRE) - Position: 6th, Lost by: 1 1/4 l, Jockey: Declan McDonogh (claim: 0), Trainer: Mrs Prunella Dobbs, Age: 5, Weight: 8-13, Rating: 48
2025-06-12 23:40:18,330 - INFO - Processing sub block #10 for https://www.racingtv.com/results/2023-01-27/dundalk/1930
2025-06-12 23:40:18,331 - INFO - Found 3 <a> tags - Horse: No Speed Limit (FR), Jockey: William James Lee (claim: 0), Trainer: P. J. McKenna
2025-06-12 23:40:18,332 - INFO - Position/Length - Found 2 children: Position: 5th, Lost by: 1/2 l
2025-06-12 23:40:18,332 - INFO - Extracted: No Speed Limit (FR) - Position: 5th, Lost by: 1/2 l, Jockey: William James Lee (claim: 0), Trainer: P. J. McKenna, Age: 8, Weight: 10-2v, Rating: 65
2025-06-12 23:40:18,332 - INFO - Processing sub block #11 for https://www.racingtv.com/results/2023-01-27/dundalk/1930
2025-06-12 23:40:18,332 - INFO - Found 3 <a> tags - Horse: Betrayed, Jockey: R. Whearty (claim: 7), Trainer: Leanne Breen
2025-06-12 23:40:18,333 - INFO - Position/Length - Found 2 children: Position: 4th, Lost by: Neck
2025-06-12 23:40:18,333 - INFO - Extracted: Betrayed - Position: 4th, Lost by: Neck, Jockey: R. Whearty (claim: 7), Trainer: Leanne Breen, Age: 5, Weight: 9-2b, Rating: 51
2025-06-12 23:40:18,334 - INFO - Processing sub block #12 for https://www.racingtv.com/results/2023-01-27/dundalk/1930
2025-06-12 23:40:18,334 - INFO - Found 3 <a> tags - Horse: Zig Zag Zyggy (IRE), Jockey: Adam Caffrey (claim: 7), Trainer: Adrian McGuinness
2025-06-12 23:40:18,334 - INFO - Position/Length - Found 2 children: Position: 3rd, Lost by: Neck
2025-06-12 23:40:18,334 - INFO - Extracted: Zig Zag Zyggy (IRE) - Position: 3rd, Lost by: Neck, Jockey: Adam Caffrey (claim: 7), Trainer: Adrian McGuinness, Age: 8, Weight: 9-12v, Rating: 61
2025-06-12 23:40:18,334 - INFO - Processing sub block #13 for https://www.racingtv.com/results/2023-01-27/dundalk/1930
2025-06-12 23:40:18,334 - INFO - Found 3 <a> tags - Horse: Lexington Liberty (IRE), Jockey: J. M. Sheridan (claim: 3), Trainer: Denis Hogan
2025-06-12 23:40:18,337 - INFO - Position/Length - Found 2 children: Position: 2nd, Lost by: 1 1/2 l
2025-06-12 23:40:18,337 - INFO - Extracted: Lexington Liberty (IRE) - Position: 2nd, Lost by: 1 1/2 l, Jockey: J. M. Sheridan (claim: 3), Trainer: Denis Hogan, Age: 5, Weight: 9-5, Rating: 54
2025-06-12 23:40:18,337 - INFO - Processing sub block #14 for https://www.racingtv.com/results/2023-01-27/dundalk/1930
2025-06-12 23:40:18,337 - INFO - Found 3 <a> tags - Horse: Hero Of The Hour, Jockey: C. D. Hayes (claim: 0), Trainer: G. A. Kingston
2025-06-12 23:40:18,338 - INFO - Position/Length - Found 1 children: Position: 1st, Lost by: N/A
2025-06-12 23:40:18,338 - INFO - Confirmed winner: Hero Of The Hour
2025-06-12 23:40:18,339 - INFO - Extracted: Hero Of The Hour - Position: 1st, Lost by: N/A, Jockey: C. D. Hayes (claim: 0), Trainer: G. A. Kingston, Age: 6, Weight: 8-12b1, Rating: 47
2025-06-12 23:40:18,339 - INFO - Processing sub block #15 for https://www.racingtv.com/results/2023-01-27/dundalk/1930
2025-06-12 23:40:18,339 - INFO - Found 3 <a> tags - Horse: Florence Thompson (IRE), Jockey: W. M. Lordan (claim: 0), Trainer: James McAuley
2025-06-12 23:40:18,340 - INFO - Position/Length - Found 2 children: Position: 14th, Lost by: 4 1/2 l
2025-06-12 23:40:18,340 - INFO - Extracted: Florence Thompson (IRE) - Position: 14th, Lost by: 4 1/2 l, Jockey: W. M. Lordan (claim: 0), Trainer: James McAuley, Age: 6, Weight: 8-12tp, Rating: 47
2025-06-12 23:40:18,340 - INFO - Processing sub block #16 for https://www.racingtv.com/results/2023-01-27/dundalk/1930
2025-06-12 23:40:18,341 - INFO - Found 3 <a> tags - Horse: Eglish, Jockey: C. T. Keane (claim: 0), Trainer: James McAuley
2025-06-12 23:40:18,341 - INFO - Position/Length - Found 2 children: Position: 13th, Lost by: 1/2 l
2025-06-12 23:40:18,342 - INFO - Extracted: Eglish - Position: 13th, Lost by: 1/2 l, Jockey: C. T. Keane (claim: 0), Trainer: James McAuley, Age: 6, Weight: 10-2v, Rating: 65
2025-06-12 23:40:18,342 - INFO - Processing sub block #17 for https://www.racingtv.com/results/2023-01-27/dundalk/1930
2025-06-12 23:40:18,342 - INFO - Found 3 <a> tags - Horse: American In Paris (IRE), Jockey: S. D. Bowen (claim: 7), Trainer: Denis Hogan
2025-06-12 23:40:18,343 - INFO - Position/Length - Found 2 children: Position: 12th, Lost by: 1 1/4 l
2025-06-12 23:40:18,343 - INFO - Extracted: American In Paris (IRE) - Position: 12th, Lost by: 1 1/4 l, Jockey: S. D. Bowen (claim: 7), Trainer: Denis Hogan, Age: 3, Weight: 9-0, Rating: 65
2025-06-12 23:40:18,344 - INFO - Processing sub block #18 for https://www.racingtv.com/results/2023-01-27/dundalk/1930
2025-06-12 23:40:18,344 - INFO - Found 3 <a> tags - Horse: Teddy Boy (IRE), Jockey: N. M. Crosse (claim: 0), Trainer: Edward Lynam
2025-06-12 23:40:18,346 - INFO - Position/Length - Found 2 children: Position: 11th, Lost by: Neck
2025-06-12 23:40:18,346 - INFO - Extracted: Teddy Boy (IRE) - Position: 11th, Lost by: Neck, Jockey: N. M. Crosse (claim: 0), Trainer: Edward Lynam, Age: 8, Weight: 9-3, Rating: 52
2025-06-12 23:40:18,346 - INFO - Processing sub block #19 for https://www.racingtv.com/results/2023-01-27/dundalk/1930
2025-06-12 23:40:18,347 - INFO - Found 3 <a> tags - Horse: Ecclesiastical, Jockey: J. J. G. Ryan (claim: 7), Trainer: T. G. McCourt
2025-06-12 23:40:18,347 - INFO - Position/Length - Found 2 children: Position: 10th, Lost by: Head
2025-06-12 23:40:18,348 - INFO - Extracted: Ecclesiastical - Position: 10th, Lost by: Head, Jockey: J. J. G. Ryan (claim: 7), Trainer: T. G. McCourt, Age: 6, Weight: 8-12, Rating: 47
2025-06-12 23:40:18,348 - INFO - Processing sub block #20 for https://www.racingtv.com/results/2023-01-27/dundalk/1930
2025-06-12 23:40:18,348 - INFO - Found 3 <a> tags - Horse: Empress Of Bough (IRE), Jockey: S. R. Markey (claim: 10), Trainer: Anthony McCann
2025-06-12 23:40:18,349 - INFO - Position/Length - Found 2 children: Position: 9th, Lost by: Neck
2025-06-12 23:40:18,349 - INFO - Extracted: Empress Of Bough (IRE) - Position: 9th, Lost by: Neck, Jockey: S. R. Markey (claim: 10), Trainer: Anthony McCann, Age: 4, Weight: 9-7, Rating: 56
2025-06-12 23:40:18,349 - INFO - Processing sub block #21 for https://www.racingtv.com/results/2023-01-27/dundalk/1930
2025-06-12 23:40:18,350 - INFO - Found 3 <a> tags - Horse: Ginsburg (IRE), Jockey: R. M. Mulligan (claim: 10), Trainer: P. Mulligan
2025-06-12 23:40:18,351 - INFO - Position/Length - Found 2 children: Position: 8th, Lost by: Neck
2025-06-12 23:40:18,351 - INFO - Extracted: Ginsburg (IRE) - Position: 8th, Lost by: Neck, Jockey: R. M. Mulligan (claim: 10), Trainer: P. Mulligan, Age: 5, Weight: 9-13tp, Rating: 62
2025-06-12 23:40:18,351 - INFO - Processing sub block #22 for https://www.racingtv.com/results/2023-01-27/dundalk/1930
2025-06-12 23:40:18,351 - INFO - Found 3 <a> tags - Horse: Beleaguerment (IRE), Jockey: M. P. Sheehy (claim: 0), Trainer: James McAuley
2025-06-12 23:40:18,351 - INFO - Position/Length - Found 2 children: Position: 7th, Lost by: Short Head
2025-06-12 23:40:18,351 - INFO - Extracted: Beleaguerment (IRE) - Position: 7th, Lost by: Short Head, Jockey: M. P. Sheehy (claim: 0), Trainer: James McAuley, Age: 7, Weight: 8-13tp, Rating: 48
2025-06-12 23:40:18,351 - INFO - Processing sub block #23 for https://www.racingtv.com/results/2023-01-27/dundalk/1930
2025-06-12 23:40:18,353 - INFO - Found 3 <a> tags - Horse: Not Amused (IRE), Jockey: Declan McDonogh (claim: 0), Trainer: Mrs Prunella Dobbs
2025-06-12 23:40:18,353 - INFO - Position/Length - Found 2 children: Position: 6th, Lost by: 1 1/4 l
2025-06-12 23:40:18,353 - INFO - Extracted: Not Amused (IRE) - Position: 6th, Lost by: 1 1/4 l, Jockey: Declan McDonogh (claim: 0), Trainer: Mrs Prunella Dobbs, Age: 5, Weight: 8-13, Rating: 48
2025-06-12 23:40:18,354 - INFO - Processing sub block #24 for https://www.racingtv.com/results/2023-01-27/dundalk/1930
2025-06-12 23:40:18,354 - INFO - Found 3 <a> tags - Horse: No Speed Limit (FR), Jockey: William James Lee (claim: 0), Trainer: P. J. McKenna
2025-06-12 23:40:18,355 - INFO - Position/Length - Found 2 children: Position: 5th, Lost by: 1/2 l
2025-06-12 23:40:18,355 - INFO - Extracted: No Speed Limit (FR) - Position: 5th, Lost by: 1/2 l, Jockey: William James Lee (claim: 0), Trainer: P. J. McKenna, Age: 8, Weight: 10-2v, Rating: 65
2025-06-12 23:40:18,355 - INFO - Processing sub block #25 for https://www.racingtv.com/results/2023-01-27/dundalk/1930
2025-06-12 23:40:18,356 - INFO - Found 3 <a> tags - Horse: Betrayed, Jockey: R. Whearty (claim: 7), Trainer: Leanne Breen
2025-06-12 23:40:18,356 - INFO - Position/Length - Found 2 children: Position: 4th, Lost by: Neck
2025-06-12 23:40:18,357 - INFO - Extracted: Betrayed - Position: 4th, Lost by: Neck, Jockey: R. Whearty (claim: 7), Trainer: Leanne Breen, Age: 5, Weight: 9-2b, Rating: 51
2025-06-12 23:40:18,358 - INFO - Processing sub block #26 for https://www.racingtv.com/results/2023-01-27/dundalk/1930
2025-06-12 23:40:18,358 - INFO - Found 3 <a> tags - Horse: Zig Zag Zyggy (IRE), Jockey: Adam Caffrey (claim: 7), Trainer: Adrian McGuinness
2025-06-12 23:40:18,358 - INFO - Position/Length - Found 2 children: Position: 3rd, Lost by: Neck
2025-06-12 23:40:18,359 - INFO - Extracted: Zig Zag Zyggy (IRE) - Position: 3rd, Lost by: Neck, Jockey: Adam Caffrey (claim: 7), Trainer: Adrian McGuinness, Age: 8, Weight: 9-12v, Rating: 61
2025-06-12 23:40:18,359 - INFO - Processing sub block #27 for https://www.racingtv.com/results/2023-01-27/dundalk/1930
2025-06-12 23:40:18,359 - INFO - Found 3 <a> tags - Horse: Lexington Liberty (IRE), Jockey: J. M. Sheridan (claim: 3), Trainer: Denis Hogan
2025-06-12 23:40:18,360 - INFO - Position/Length - Found 2 children: Position: 2nd, Lost by: 1 1/2 l
2025-06-12 23:40:18,360 - INFO - Extracted: Lexington Liberty (IRE) - Position: 2nd, Lost by: 1 1/2 l, Jockey: J. M. Sheridan (claim: 3), Trainer: Denis Hogan, Age: 5, Weight: 9-5, Rating: 54
2025-06-12 23:40:18,361 - INFO - Processing sub block #28 for https://www.racingtv.com/results/2023-01-27/dundalk/1930
2025-06-12 23:40:18,362 - INFO - Found 3 <a> tags - Horse: Hero Of The Hour, Jockey: C. D. Hayes (claim: 0), Trainer: G. A. Kingston
2025-06-12 23:40:18,362 - INFO - Position/Length - Found 1 children: Position: 1st, Lost by: N/A
2025-06-12 23:40:18,363 - INFO - Extracted: Hero Of The Hour - Position: 1st, Lost by: N/A, Jockey: C. D. Hayes (claim: 0), Trainer: G. A. Kingston, Age: 6, Weight: 8-12b1, Rating: 47
2025-06-12 23:40:18,363 - INFO - Successfully extracted 28/28 horse records from https://www.racingtv.com/results/2023-01-27/dundalk/1930
2025-06-12 23:40:18,363 - INFO - :) First place horse found successfully
2025-06-12 23:40:18,363 - INFO - :) First place horse found successfully
2025-06-12 23:40:18,364 - INFO - :) First place horse found successfully
2025-06-12 23:40:18,364 - INFO - :) First place horse found successfully
2025-06-12 23:40:18,364 - INFO - :) First place horse found successfully
2025-06-12 23:40:18,364 - INFO - :) First place horse found successfully
2025-06-12 23:40:18,364 - INFO - :) First place horse found successfully
2025-06-12 23:40:18,365 - INFO - :) First place horse found successfully
2025-06-12 23:40:18,365 - INFO - :) First place horse found successfully
2025-06-12 23:40:18,365 - INFO - :) First place horse found successfully
2025-06-12 23:40:18,365 - INFO - :) First place horse found successfully
2025-06-12 23:40:18,365 - INFO - :) First place horse found successfully
2025-06-12 23:40:18,365 - INFO - :) First place horse found successfully
2025-06-12 23:40:18,366 - INFO - :) First place horse found successfully
2025-06-12 23:40:18,366 - INFO - :) First place horse found successfully
2025-06-12 23:40:18,366 - INFO - :) First place horse found successfully
2025-06-12 23:40:18,366 - INFO - :) First place horse found successfully
2025-06-12 23:40:18,366 - INFO - :) First place horse found successfully
2025-06-12 23:40:18,367 - INFO - :) First place horse found successfully
2025-06-12 23:40:18,367 - INFO - :) First place horse found successfully
2025-06-12 23:40:18,367 - INFO - :) First place horse found successfully
2025-06-12 23:40:18,367 - INFO - :) First place horse found successfully
2025-06-12 23:40:18,367 - INFO - :) First place horse found successfully
2025-06-12 23:40:18,367 - INFO - :) First place horse found successfully
2025-06-12 23:40:18,367 - INFO - :) First place horse found successfully
2025-06-12 23:40:18,367 - INFO - :) First place horse found successfully
2025-06-12 23:40:18,367 - INFO - :) First place horse found successfully
2025-06-12 23:40:18,367 - INFO - :) First place horse found successfully
2025-06-12 23:40:18,367 - INFO - :) First place horse found successfully
2025-06-12 23:40:18,367 - INFO - Successfully parsed 28 horse records from: https://www.racingtv.com/results/2023-01-27/dundalk/1930
2025-06-12 23:40:18,367 - INFO - Waiting 2 seconds before next request...
2025-06-12 23:40:20,370 - INFO - Batch 40 - URL 5/50: https://www.racingtv.com/results/2023-01-28/fairyhouse/1226
2025-06-12 23:40:20,370 - INFO - Loading page with Selenium: https://www.racingtv.com/results/2023-01-28/fairyhouse/1226
2025-06-12 23:40:25,265 - INFO - Racing main block detected for: https://www.racingtv.com/results/2023-01-28/fairyhouse/1226
2025-06-12 23:40:25,295 - INFO - Successfully loaded page: https://www.racingtv.com/results/2023-01-28/fairyhouse/1226
2025-06-12 23:40:25,405 - INFO - Extracted race info - Track: N/A, Date: N/A, Time: 12:26
2025-06-12 23:40:25,406 - INFO - Found 2nd h3 tag: Soft  5YO+ 2m 5f 134y Winner: €13,000 (3 runners)
2025-06-12 23:40:25,406 - INFO - Extracted - Going: Soft, Distance: 2m 5f 134y
2025-06-12 23:40:25,406 - INFO - Extracting racing data from: https://www.racingtv.com/results/2023-01-28/fairyhouse/1226
2025-06-12 23:40:25,413 - INFO - Processing main block #1 for https://www.racingtv.com/results/2023-01-28/fairyhouse/1226
2025-06-12 23:40:25,416 - INFO - Checking 2nd child of main block for first place horse...
2025-06-12 23:40:25,418 - INFO - Found alternative horse block structure with 3 links
2025-06-12 23:40:25,418 - INFO - Found alternative horse block structure with 3 links
2025-06-12 23:40:25,419 - INFO - Found alternative horse block structure with 3 links
2025-06-12 23:40:25,427 - INFO - Found likely first place horse via structure analysis: Bronn (IRE)
2025-06-12 23:40:25,429 - INFO - Found potential first place horse with background styling
2025-06-12 23:40:25,429 - INFO - Found potential first place horse with background styling
2025-06-12 23:40:25,429 - INFO - Found 6 horse entries for https://www.racingtv.com/results/2023-01-28/fairyhouse/1226 using multiple detection methods
2025-06-12 23:40:25,429 - INFO - Processing sub block #1 for https://www.racingtv.com/results/2023-01-28/fairyhouse/1226
2025-06-12 23:40:25,430 - INFO - Found 3 <a> tags - Horse: Clondaw Hollow, Jockey: B. Hayes (claim: 0), Trainer: John McConnell
2025-06-12 23:40:25,431 - INFO - Position/Length - Found 2 children: Position: 3rd, Lost by: 22 l
2025-06-12 23:40:25,431 - INFO - Extracted: Clondaw Hollow - Position: 3rd, Lost by: 22 l, Jockey: B. Hayes (claim: 0), Trainer: John McConnell, Age: 9, Weight: 11-12t, Rating: -
2025-06-12 23:40:25,431 - INFO - Processing sub block #2 for https://www.racingtv.com/results/2023-01-28/fairyhouse/1226
2025-06-12 23:40:25,432 - INFO - Found 3 <a> tags - Horse: Grandero Bello (FR), Jockey: R. A. Doyle (claim: 0), Trainer: Eddie & Patrick Harty
2025-06-12 23:40:25,433 - INFO - Position/Length - Found 2 children: Position: 2nd, Lost by: Neck
2025-06-12 23:40:25,433 - INFO - Extracted: Grandero Bello (FR) - Position: 2nd, Lost by: Neck, Jockey: R. A. Doyle (claim: 0), Trainer: Eddie & Patrick Harty, Age: 7, Weight: 11-12, Rating: -
2025-06-12 23:40:25,433 - INFO - Processing sub block #3 for https://www.racingtv.com/results/2023-01-28/fairyhouse/1226
2025-06-12 23:40:25,434 - INFO - Found 3 <a> tags - Horse: Bronn (IRE), Jockey: Daryl Jacob (claim: 0), Trainer: W. P. Mullins
2025-06-12 23:40:25,434 - INFO - Position/Length - Found 1 children: Position: 1st, Lost by: N/A
2025-06-12 23:40:25,434 - INFO - Confirmed winner: Bronn (IRE)
2025-06-12 23:40:25,435 - INFO - Extracted: Bronn (IRE) - Position: 1st, Lost by: N/A, Jockey: Daryl Jacob (claim: 0), Trainer: W. P. Mullins, Age: 6, Weight: 11-12, Rating: -
2025-06-12 23:40:25,435 - INFO - Processing sub block #4 for https://www.racingtv.com/results/2023-01-28/fairyhouse/1226
2025-06-12 23:40:25,435 - INFO - Found 3 <a> tags - Horse: Clondaw Hollow, Jockey: B. Hayes (claim: 0), Trainer: John McConnell
2025-06-12 23:40:25,436 - INFO - Position/Length - Found 2 children: Position: 3rd, Lost by: 22 l
2025-06-12 23:40:25,436 - INFO - Extracted: Clondaw Hollow - Position: 3rd, Lost by: 22 l, Jockey: B. Hayes (claim: 0), Trainer: John McConnell, Age: 9, Weight: 11-12t, Rating: -
2025-06-12 23:40:25,436 - INFO - Processing sub block #5 for https://www.racingtv.com/results/2023-01-28/fairyhouse/1226
2025-06-12 23:40:25,437 - INFO - Found 3 <a> tags - Horse: Grandero Bello (FR), Jockey: R. A. Doyle (claim: 0), Trainer: Eddie & Patrick Harty
2025-06-12 23:40:25,437 - INFO - Position/Length - Found 2 children: Position: 2nd, Lost by: Neck
2025-06-12 23:40:25,437 - INFO - Extracted: Grandero Bello (FR) - Position: 2nd, Lost by: Neck, Jockey: R. A. Doyle (claim: 0), Trainer: Eddie & Patrick Harty, Age: 7, Weight: 11-12, Rating: -
2025-06-12 23:40:25,437 - INFO - Processing sub block #6 for https://www.racingtv.com/results/2023-01-28/fairyhouse/1226
2025-06-12 23:40:25,437 - INFO - Found 3 <a> tags - Horse: Bronn (IRE), Jockey: Daryl Jacob (claim: 0), Trainer: W. P. Mullins
2025-06-12 23:40:25,437 - INFO - Position/Length - Found 1 children: Position: 1st, Lost by: N/A
2025-06-12 23:40:25,437 - INFO - Extracted: Bronn (IRE) - Position: 1st, Lost by: N/A, Jockey: Daryl Jacob (claim: 0), Trainer: W. P. Mullins, Age: 6, Weight: 11-12, Rating: -
2025-06-12 23:40:25,437 - INFO - Successfully extracted 6/6 horse records from https://www.racingtv.com/results/2023-01-28/fairyhouse/1226
2025-06-12 23:40:25,437 - INFO - :) First place horse found successfully
2025-06-12 23:40:25,437 - INFO - :) First place horse found successfully
2025-06-12 23:40:25,437 - INFO - :) First place horse found successfully
2025-06-12 23:40:25,437 - INFO - :) First place horse found successfully
2025-06-12 23:40:25,437 - INFO - :) First place horse found successfully
2025-06-12 23:40:25,437 - INFO - :) First place horse found successfully
2025-06-12 23:40:25,437 - INFO - :) First place horse found successfully
2025-06-12 23:40:25,437 - INFO - Successfully parsed 6 horse records from: https://www.racingtv.com/results/2023-01-28/fairyhouse/1226
2025-06-12 23:40:25,442 - INFO - Waiting 2 seconds before next request...
2025-06-12 23:40:27,443 - INFO - Batch 40 - URL 6/50: https://www.racingtv.com/results/2023-01-28/fairyhouse/1301
2025-06-12 23:40:27,443 - INFO - Loading page with Selenium: https://www.racingtv.com/results/2023-01-28/fairyhouse/1301
2025-06-12 23:40:32,466 - INFO - Racing main block detected for: https://www.racingtv.com/results/2023-01-28/fairyhouse/1301
2025-06-12 23:40:32,526 - INFO - Successfully loaded page: https://www.racingtv.com/results/2023-01-28/fairyhouse/1301
2025-06-12 23:40:32,625 - INFO - Extracted race info - Track: N/A, Date: N/A, Time: 13:01
2025-06-12 23:40:32,625 - INFO - Found 2nd h3 tag: Soft  5YO+ 2m 1f Winner: €14,500 (10 runners)
2025-06-12 23:40:32,625 - INFO - Extracted - Going: Soft, Distance: 2m 1f
2025-06-12 23:40:32,625 - INFO - Extracting racing data from: https://www.racingtv.com/results/2023-01-28/fairyhouse/1301
2025-06-12 23:40:32,625 - INFO - Processing main block #1 for https://www.racingtv.com/results/2023-01-28/fairyhouse/1301
2025-06-12 23:40:32,645 - INFO - Checking 2nd child of main block for first place horse...
2025-06-12 23:40:32,649 - INFO - Found alternative horse block structure with 3 links
2025-06-12 23:40:32,649 - INFO - Found alternative horse block structure with 3 links
2025-06-12 23:40:32,650 - INFO - Found alternative horse block structure with 3 links
2025-06-12 23:40:32,650 - INFO - Found alternative horse block structure with 3 links
2025-06-12 23:40:32,651 - INFO - Found alternative horse block structure with 3 links
2025-06-12 23:40:32,651 - INFO - Found alternative horse block structure with 3 links
2025-06-12 23:40:32,651 - INFO - Found alternative horse block structure with 3 links
2025-06-12 23:40:32,652 - INFO - Found alternative horse block structure with 3 links
2025-06-12 23:40:32,652 - INFO - Found alternative horse block structure with 3 links
2025-06-12 23:40:32,652 - INFO - Found alternative horse block structure with 3 links
2025-06-12 23:40:32,668 - INFO - Found likely first place horse via structure analysis: Shakeytry (IRE)
2025-06-12 23:40:32,679 - INFO - Found potential first place horse with background styling
2025-06-12 23:40:32,679 - INFO - Found potential first place horse with background styling
2025-06-12 23:40:32,680 - INFO - Found potential first place horse with background styling
2025-06-12 23:40:32,680 - INFO - Found potential first place horse with background styling
2025-06-12 23:40:32,681 - INFO - Found potential first place horse with background styling
2025-06-12 23:40:32,681 - INFO - Found potential first place horse with background styling
2025-06-12 23:40:32,681 - INFO - Found potential first place horse with background styling
2025-06-12 23:40:32,682 - INFO - Found potential first place horse with background styling
2025-06-12 23:40:32,682 - INFO - Found potential first place horse with background styling
2025-06-12 23:40:32,682 - INFO - Found 20 horse entries for https://www.racingtv.com/results/2023-01-28/fairyhouse/1301 using multiple detection methods
2025-06-12 23:40:32,683 - INFO - Processing sub block #1 for https://www.racingtv.com/results/2023-01-28/fairyhouse/1301
2025-06-12 23:40:32,683 - INFO - Found 3 <a> tags - Horse: Razzle Dazzle Love (IRE), Jockey: E. Walsh (claim: 5), Trainer: T. Gibney
2025-06-12 23:40:32,684 - INFO - Position/Length - Found 1 children: Position: PU, Lost by: N/A
2025-06-12 23:40:32,684 - INFO - Extracted: Razzle Dazzle Love (IRE) - Position: PU, Lost by: N/A, Jockey: E. Walsh (claim: 5), Trainer: T. Gibney, Age: 9, Weight: 11-7t, Rating: 118
2025-06-12 23:40:32,684 - INFO - Processing sub block #2 for https://www.racingtv.com/results/2023-01-28/fairyhouse/1301
2025-06-12 23:40:32,685 - INFO - Found 3 <a> tags - Horse: Serenity Grove (IRE), Jockey: C. Brassil (claim: 5), Trainer: Henry de Bromhead
2025-06-12 23:40:32,686 - INFO - Position/Length - Found 1 children: Position: PU, Lost by: N/A
2025-06-12 23:40:32,686 - INFO - Extracted: Serenity Grove (IRE) - Position: PU, Lost by: N/A, Jockey: C. Brassil (claim: 5), Trainer: Henry de Bromhead, Age: 7, Weight: 11-9p, Rating: 120
2025-06-12 23:40:32,686 - INFO - Processing sub block #3 for https://www.racingtv.com/results/2023-01-28/fairyhouse/1301
2025-06-12 23:40:32,686 - INFO - Found 3 <a> tags - Horse: Better Times Ahead (IRE), Jockey: S. D. Torrens (claim: 0), Trainer: Robert Tyner
2025-06-12 23:40:32,687 - INFO - Position/Length - Found 2 children: Position: 8th, Lost by: 4 3/4 l
2025-06-12 23:40:32,687 - INFO - Extracted: Better Times Ahead (IRE) - Position: 8th, Lost by: 4 3/4 l, Jockey: S. D. Torrens (claim: 0), Trainer: Robert Tyner, Age: 6, Weight: 10-11h, Rating: 108
2025-06-12 23:40:32,688 - INFO - Processing sub block #4 for https://www.racingtv.com/results/2023-01-28/fairyhouse/1301
2025-06-12 23:40:32,688 - INFO - Found 3 <a> tags - Horse: Alice Avril (FR), Jockey: Rachael Blackmore (claim: 0), Trainer: Henry de Bromhead
2025-06-12 23:40:32,689 - INFO - Position/Length - Found 2 children: Position: 7th, Lost by: 3 1/2 l
2025-06-12 23:40:32,689 - INFO - Extracted: Alice Avril (FR) - Position: 7th, Lost by: 3 1/2 l, Jockey: Rachael Blackmore (claim: 0), Trainer: Henry de Bromhead, Age: 6, Weight: 11-5t, Rating: 116
2025-06-12 23:40:32,689 - INFO - Processing sub block #5 for https://www.racingtv.com/results/2023-01-28/fairyhouse/1301
2025-06-12 23:40:32,690 - INFO - Found 3 <a> tags - Horse: Halsafari (IRE), Jockey: C. M. Quirke (claim: 7), Trainer: Michael J. Bowe
2025-06-12 23:40:32,691 - INFO - Position/Length - Found 2 children: Position: 6th, Lost by: 8 1/2 l
2025-06-12 23:40:32,691 - INFO - Extracted: Halsafari (IRE) - Position: 6th, Lost by: 8 1/2 l, Jockey: C. M. Quirke (claim: 7), Trainer: Michael J. Bowe, Age: 10, Weight: 11-5p, Rating: 116
2025-06-12 23:40:32,691 - INFO - Processing sub block #6 for https://www.racingtv.com/results/2023-01-28/fairyhouse/1301
2025-06-12 23:40:32,692 - INFO - Found 3 <a> tags - Horse: Brideswell Lad (IRE), Jockey: M. J. M. O'Sullivan (claim: 0), Trainer: Seamus Neville
2025-06-12 23:40:32,693 - INFO - Position/Length - Found 2 children: Position: 5th, Lost by: 7 1/2 l
2025-06-12 23:40:32,693 - INFO - Extracted: Brideswell Lad (IRE) - Position: 5th, Lost by: 7 1/2 l, Jockey: M. J. M. O'Sullivan (claim: 0), Trainer: Seamus Neville, Age: 7, Weight: 11-6, Rating: 117
2025-06-12 23:40:32,694 - INFO - Processing sub block #7 for https://www.racingtv.com/results/2023-01-28/fairyhouse/1301
2025-06-12 23:40:32,694 - INFO - Found 3 <a> tags - Horse: Know The Game (IRE), Jockey: L. P. Dempsey (claim: 0), Trainer: J. T. R. Dreaper
2025-06-12 23:40:32,695 - INFO - Position/Length - Found 2 children: Position: 4th, Lost by: 11 l
2025-06-12 23:40:32,695 - INFO - Extracted: Know The Game (IRE) - Position: 4th, Lost by: 11 l, Jockey: L. P. Dempsey (claim: 0), Trainer: J. T. R. Dreaper, Age: 7, Weight: 10-5, Rating: 102
2025-06-12 23:40:32,695 - INFO - Processing sub block #8 for https://www.racingtv.com/results/2023-01-28/fairyhouse/1301
2025-06-12 23:40:32,696 - INFO - Found 3 <a> tags - Horse: Dont Go Yet (IRE), Jockey: Keith Donoghue (claim: 0), Trainer: Edward Cawley
2025-06-12 23:40:32,697 - INFO - Position/Length - Found 2 children: Position: 3rd, Lost by: Neck
2025-06-12 23:40:32,697 - INFO - Extracted: Dont Go Yet (IRE) - Position: 3rd, Lost by: Neck, Jockey: Keith Donoghue (claim: 0), Trainer: Edward Cawley, Age: 9, Weight: 11-5, Rating: 116
2025-06-12 23:40:32,697 - INFO - Processing sub block #9 for https://www.racingtv.com/results/2023-01-28/fairyhouse/1301
2025-06-12 23:40:32,698 - INFO - Found 3 <a> tags - Horse: Union Park (FR), Jockey: Patrick O'Hanlon (claim: 5), Trainer: P. J. Rothwell
2025-06-12 23:40:32,698 - INFO - Position/Length - Found 2 children: Position: 2nd, Lost by: 3/4 l
2025-06-12 23:40:32,699 - INFO - Extracted: Union Park (FR) - Position: 2nd, Lost by: 3/4 l, Jockey: Patrick O'Hanlon (claim: 5), Trainer: P. J. Rothwell, Age: 7, Weight: 10-6t, Rating: 103
2025-06-12 23:40:32,699 - INFO - Processing sub block #10 for https://www.racingtv.com/results/2023-01-28/fairyhouse/1301
2025-06-12 23:40:32,699 - INFO - Found 3 <a> tags - Horse: Shakeytry (IRE), Jockey: Phillip Enright (claim: 0), Trainer: E. J. O'Grady
2025-06-12 23:40:32,700 - INFO - Position/Length - Found 1 children: Position: 1st, Lost by: N/A
2025-06-12 23:40:32,700 - INFO - Confirmed winner: Shakeytry (IRE)
2025-06-12 23:40:32,700 - INFO - Extracted: Shakeytry (IRE) - Position: 1st, Lost by: N/A, Jockey: Phillip Enright (claim: 0), Trainer: E. J. O'Grady, Age: 11, Weight: 11-12, Rating: 123
2025-06-12 23:40:32,701 - INFO - Processing sub block #11 for https://www.racingtv.com/results/2023-01-28/fairyhouse/1301
2025-06-12 23:40:32,701 - INFO - Found 3 <a> tags - Horse: Razzle Dazzle Love (IRE), Jockey: E. Walsh (claim: 5), Trainer: T. Gibney
2025-06-12 23:40:32,702 - INFO - Position/Length - Found 1 children: Position: PU, Lost by: N/A
2025-06-12 23:40:32,702 - INFO - Extracted: Razzle Dazzle Love (IRE) - Position: PU, Lost by: N/A, Jockey: E. Walsh (claim: 5), Trainer: T. Gibney, Age: 9, Weight: 11-7t, Rating: 118
2025-06-12 23:40:32,702 - INFO - Processing sub block #12 for https://www.racingtv.com/results/2023-01-28/fairyhouse/1301
2025-06-12 23:40:32,702 - INFO - Found 3 <a> tags - Horse: Serenity Grove (IRE), Jockey: C. Brassil (claim: 5), Trainer: Henry de Bromhead
2025-06-12 23:40:32,703 - INFO - Position/Length - Found 1 children: Position: PU, Lost by: N/A
2025-06-12 23:40:32,703 - INFO - Extracted: Serenity Grove (IRE) - Position: PU, Lost by: N/A, Jockey: C. Brassil (claim: 5), Trainer: Henry de Bromhead, Age: 7, Weight: 11-9p, Rating: 120
2025-06-12 23:40:32,703 - INFO - Processing sub block #13 for https://www.racingtv.com/results/2023-01-28/fairyhouse/1301
2025-06-12 23:40:32,704 - INFO - Found 3 <a> tags - Horse: Better Times Ahead (IRE), Jockey: S. D. Torrens (claim: 0), Trainer: Robert Tyner
2025-06-12 23:40:32,705 - INFO - Position/Length - Found 2 children: Position: 8th, Lost by: 4 3/4 l
2025-06-12 23:40:32,705 - INFO - Extracted: Better Times Ahead (IRE) - Position: 8th, Lost by: 4 3/4 l, Jockey: S. D. Torrens (claim: 0), Trainer: Robert Tyner, Age: 6, Weight: 10-11h, Rating: 108
2025-06-12 23:40:32,705 - INFO - Processing sub block #14 for https://www.racingtv.com/results/2023-01-28/fairyhouse/1301
2025-06-12 23:40:32,705 - INFO - Found 3 <a> tags - Horse: Alice Avril (FR), Jockey: Rachael Blackmore (claim: 0), Trainer: Henry de Bromhead
2025-06-12 23:40:32,706 - INFO - Position/Length - Found 2 children: Position: 7th, Lost by: 3 1/2 l
2025-06-12 23:40:32,706 - INFO - Extracted: Alice Avril (FR) - Position: 7th, Lost by: 3 1/2 l, Jockey: Rachael Blackmore (claim: 0), Trainer: Henry de Bromhead, Age: 6, Weight: 11-5t, Rating: 116
2025-06-12 23:40:32,706 - INFO - Processing sub block #15 for https://www.racingtv.com/results/2023-01-28/fairyhouse/1301
2025-06-12 23:40:32,707 - INFO - Found 3 <a> tags - Horse: Halsafari (IRE), Jockey: C. M. Quirke (claim: 7), Trainer: Michael J. Bowe
2025-06-12 23:40:32,708 - INFO - Position/Length - Found 2 children: Position: 6th, Lost by: 8 1/2 l
2025-06-12 23:40:32,708 - INFO - Extracted: Halsafari (IRE) - Position: 6th, Lost by: 8 1/2 l, Jockey: C. M. Quirke (claim: 7), Trainer: Michael J. Bowe, Age: 10, Weight: 11-5p, Rating: 116
2025-06-12 23:40:32,708 - INFO - Processing sub block #16 for https://www.racingtv.com/results/2023-01-28/fairyhouse/1301
2025-06-12 23:40:32,709 - INFO - Found 3 <a> tags - Horse: Brideswell Lad (IRE), Jockey: M. J. M. O'Sullivan (claim: 0), Trainer: Seamus Neville
2025-06-12 23:40:32,709 - INFO - Position/Length - Found 2 children: Position: 5th, Lost by: 7 1/2 l
2025-06-12 23:40:32,710 - INFO - Extracted: Brideswell Lad (IRE) - Position: 5th, Lost by: 7 1/2 l, Jockey: M. J. M. O'Sullivan (claim: 0), Trainer: Seamus Neville, Age: 7, Weight: 11-6, Rating: 117
2025-06-12 23:40:32,710 - INFO - Processing sub block #17 for https://www.racingtv.com/results/2023-01-28/fairyhouse/1301
2025-06-12 23:40:32,711 - INFO - Found 3 <a> tags - Horse: Know The Game (IRE), Jockey: L. P. Dempsey (claim: 0), Trainer: J. T. R. Dreaper
2025-06-12 23:40:32,711 - INFO - Position/Length - Found 2 children: Position: 4th, Lost by: 11 l
2025-06-12 23:40:32,712 - INFO - Extracted: Know The Game (IRE) - Position: 4th, Lost by: 11 l, Jockey: L. P. Dempsey (claim: 0), Trainer: J. T. R. Dreaper, Age: 7, Weight: 10-5, Rating: 102
2025-06-12 23:40:32,712 - INFO - Processing sub block #18 for https://www.racingtv.com/results/2023-01-28/fairyhouse/1301
2025-06-12 23:40:32,712 - INFO - Found 3 <a> tags - Horse: Dont Go Yet (IRE), Jockey: Keith Donoghue (claim: 0), Trainer: Edward Cawley
2025-06-12 23:40:32,713 - INFO - Position/Length - Found 2 children: Position: 3rd, Lost by: Neck
2025-06-12 23:40:32,713 - INFO - Extracted: Dont Go Yet (IRE) - Position: 3rd, Lost by: Neck, Jockey: Keith Donoghue (claim: 0), Trainer: Edward Cawley, Age: 9, Weight: 11-5, Rating: 116
2025-06-12 23:40:32,713 - INFO - Processing sub block #19 for https://www.racingtv.com/results/2023-01-28/fairyhouse/1301
2025-06-12 23:40:32,714 - INFO - Found 3 <a> tags - Horse: Union Park (FR), Jockey: Patrick O'Hanlon (claim: 5), Trainer: P. J. Rothwell
2025-06-12 23:40:32,715 - INFO - Position/Length - Found 2 children: Position: 2nd, Lost by: 3/4 l
2025-06-12 23:40:32,715 - INFO - Extracted: Union Park (FR) - Position: 2nd, Lost by: 3/4 l, Jockey: Patrick O'Hanlon (claim: 5), Trainer: P. J. Rothwell, Age: 7, Weight: 10-6t, Rating: 103
2025-06-12 23:40:32,715 - INFO - Processing sub block #20 for https://www.racingtv.com/results/2023-01-28/fairyhouse/1301
2025-06-12 23:40:32,715 - INFO - Found 3 <a> tags - Horse: Shakeytry (IRE), Jockey: Phillip Enright (claim: 0), Trainer: E. J. O'Grady
2025-06-12 23:40:32,716 - INFO - Position/Length - Found 1 children: Position: 1st, Lost by: N/A
2025-06-12 23:40:32,716 - INFO - Extracted: Shakeytry (IRE) - Position: 1st, Lost by: N/A, Jockey: Phillip Enright (claim: 0), Trainer: E. J. O'Grady, Age: 11, Weight: 11-12, Rating: 123
2025-06-12 23:40:32,716 - INFO - Successfully extracted 20/20 horse records from https://www.racingtv.com/results/2023-01-28/fairyhouse/1301
2025-06-12 23:40:32,717 - INFO - :) First place horse found successfully
2025-06-12 23:40:32,717 - INFO - :) First place horse found successfully
2025-06-12 23:40:32,717 - INFO - :) First place horse found successfully
2025-06-12 23:40:32,717 - INFO - :) First place horse found successfully
2025-06-12 23:40:32,717 - INFO - :) First place horse found successfully
2025-06-12 23:40:32,718 - INFO - :) First place horse found successfully
2025-06-12 23:40:32,718 - INFO - :) First place horse found successfully
2025-06-12 23:40:32,718 - INFO - :) First place horse found successfully
2025-06-12 23:40:32,718 - INFO - :) First place horse found successfully
2025-06-12 23:40:32,718 - INFO - :) First place horse found successfully
2025-06-12 23:40:32,719 - INFO - :) First place horse found successfully
2025-06-12 23:40:32,719 - INFO - :) First place horse found successfully
2025-06-12 23:40:32,719 - INFO - :) First place horse found successfully
2025-06-12 23:40:32,719 - INFO - :) First place horse found successfully
2025-06-12 23:40:32,719 - INFO - :) First place horse found successfully
2025-06-12 23:40:32,719 - INFO - :) First place horse found successfully
2025-06-12 23:40:32,720 - INFO - :) First place horse found successfully
2025-06-12 23:40:32,720 - INFO - :) First place horse found successfully
2025-06-12 23:40:32,720 - INFO - :) First place horse found successfully
2025-06-12 23:40:32,720 - INFO - :) First place horse found successfully
2025-06-12 23:40:32,720 - INFO - :) First place horse found successfully
2025-06-12 23:40:32,721 - INFO - Successfully parsed 20 horse records from: https://www.racingtv.com/results/2023-01-28/fairyhouse/1301
2025-06-12 23:40:32,721 - INFO - Waiting 2 seconds before next request...
2025-06-12 23:40:34,722 - INFO - Batch 40 - URL 7/50: https://www.racingtv.com/results/2023-01-28/fairyhouse/1336
2025-06-12 23:40:34,722 - INFO - Loading page with Selenium: https://www.racingtv.com/results/2023-01-28/fairyhouse/1336
2025-06-12 23:40:39,713 - INFO - Racing main block detected for: https://www.racingtv.com/results/2023-01-28/fairyhouse/1336
2025-06-12 23:40:39,785 - INFO - Successfully loaded page: https://www.racingtv.com/results/2023-01-28/fairyhouse/1336
2025-06-12 23:40:39,919 - INFO - Extracted race info - Track: N/A, Date: N/A, Time: 13:36
2025-06-12 23:40:39,919 - INFO - Found 2nd h3 tag: Soft  5YO+ 3m 1f 110y Winner: €11,000 (8 runners)
2025-06-12 23:40:39,919 - INFO - Extracted - Going: Soft, Distance: 3m 1f 110y
2025-06-12 23:40:39,919 - INFO - Extracting racing data from: https://www.racingtv.com/results/2023-01-28/fairyhouse/1336
2025-06-12 23:40:39,935 - INFO - Processing main block #1 for https://www.racingtv.com/results/2023-01-28/fairyhouse/1336
2025-06-12 23:40:39,940 - INFO - Checking 2nd child of main block for first place horse...
2025-06-12 23:40:39,946 - INFO - Found alternative horse block structure with 3 links
2025-06-12 23:40:39,946 - INFO - Found alternative horse block structure with 3 links
2025-06-12 23:40:39,946 - INFO - Found alternative horse block structure with 3 links
2025-06-12 23:40:39,947 - INFO - Found alternative horse block structure with 3 links
2025-06-12 23:40:39,947 - INFO - Found alternative horse block structure with 3 links
2025-06-12 23:40:39,947 - INFO - Found alternative horse block structure with 3 links
2025-06-12 23:40:39,948 - INFO - Found alternative horse block structure with 3 links
2025-06-12 23:40:39,948 - INFO - Found alternative horse block structure with 3 links
2025-06-12 23:40:39,965 - INFO - Found likely first place horse via structure analysis: Tyre Kicker (FR)
2025-06-12 23:40:39,967 - INFO - Found potential first place horse with background styling
2025-06-12 23:40:39,967 - INFO - Found potential first place horse with background styling
2025-06-12 23:40:39,968 - INFO - Found potential first place horse with background styling
2025-06-12 23:40:39,968 - INFO - Found potential first place horse with background styling
2025-06-12 23:40:39,968 - INFO - Found potential first place horse with background styling
2025-06-12 23:40:39,969 - INFO - Found potential first place horse with background styling
2025-06-12 23:40:39,969 - INFO - Found potential first place horse with background styling
2025-06-12 23:40:39,969 - INFO - Found 16 horse entries for https://www.racingtv.com/results/2023-01-28/fairyhouse/1336 using multiple detection methods
2025-06-12 23:40:39,970 - INFO - Processing sub block #1 for https://www.racingtv.com/results/2023-01-28/fairyhouse/1336
2025-06-12 23:40:39,970 - INFO - Found 3 <a> tags - Horse: Coolcullen (IRE), Jockey: K. E. Buckley (claim: 5), Trainer: Brendan Duke
2025-06-12 23:40:39,972 - INFO - Position/Length - Found 2 children: Position: 8th, Lost by: 1 1/2 l
2025-06-12 23:40:39,972 - INFO - Extracted: Coolcullen (IRE) - Position: 8th, Lost by: 1 1/2 l, Jockey: K. E. Buckley (claim: 5), Trainer: Brendan Duke, Age: 5, Weight: 10-13, Rating: 102
2025-06-12 23:40:39,972 - INFO - Processing sub block #2 for https://www.racingtv.com/results/2023-01-28/fairyhouse/1336
2025-06-12 23:40:39,973 - INFO - Found 3 <a> tags - Horse: Turbojet, Jockey: Patrick O'Hanlon (claim: 5), Trainer: Dermot Anthony McLoughlin
2025-06-12 23:40:39,973 - INFO - Position/Length - Found 2 children: Position: 7th, Lost by: 9 1/2 l
2025-06-12 23:40:39,973 - INFO - Extracted: Turbojet - Position: 7th, Lost by: 9 1/2 l, Jockey: Patrick O'Hanlon (claim: 5), Trainer: Dermot Anthony McLoughlin, Age: 12, Weight: 12-0tb, Rating: 109
2025-06-12 23:40:39,973 - INFO - Processing sub block #3 for https://www.racingtv.com/results/2023-01-28/fairyhouse/1336
2025-06-12 23:40:39,973 - INFO - Found 3 <a> tags - Horse: Lizrona (IRE), Jockey: M. J. M. O'Sullivan (claim: 5), Trainer: Eric Larkin
2025-06-12 23:40:39,975 - INFO - Position/Length - Found 2 children: Position: 6th, Lost by: 1 1/2 l
2025-06-12 23:40:39,975 - INFO - Extracted: Lizrona (IRE) - Position: 6th, Lost by: 1 1/2 l, Jockey: M. J. M. O'Sullivan (claim: 5), Trainer: Eric Larkin, Age: 7, Weight: 11-10b1, Rating: 105
2025-06-12 23:40:39,976 - INFO - Processing sub block #4 for https://www.racingtv.com/results/2023-01-28/fairyhouse/1336
2025-06-12 23:40:39,976 - INFO - Found 3 <a> tags - Horse: Ballyadam Destiny, Jockey: D. King (claim: 5), Trainer: Denis Hogan
2025-06-12 23:40:39,978 - INFO - Position/Length - Found 2 children: Position: 5th, Lost by: Neck
2025-06-12 23:40:39,978 - INFO - Extracted: Ballyadam Destiny - Position: 5th, Lost by: Neck, Jockey: D. King (claim: 5), Trainer: Denis Hogan, Age: 9, Weight: 11-11tp, Rating: 106
2025-06-12 23:40:39,978 - INFO - Processing sub block #5 for https://www.racingtv.com/results/2023-01-28/fairyhouse/1336
2025-06-12 23:40:39,979 - INFO - Found 3 <a> tags - Horse: Ennemi Public (FR), Jockey: Richard Deegan (claim: 0), Trainer: Daniel John Howard
2025-06-12 23:40:39,980 - INFO - Position/Length - Found 2 children: Position: 4th, Lost by: 30 l
2025-06-12 23:40:39,980 - INFO - Extracted: Ennemi Public (FR) - Position: 4th, Lost by: 30 l, Jockey: Richard Deegan (claim: 0), Trainer: Daniel John Howard, Age: 9, Weight: 10-12tv, Rating: 93
2025-06-12 23:40:39,980 - INFO - Processing sub block #6 for https://www.racingtv.com/results/2023-01-28/fairyhouse/1336
2025-06-12 23:40:39,981 - INFO - Found 3 <a> tags - Horse: Highstreetfashion (IRE), Jockey: Patrick Michael O'Brien (claim: 7), Trainer: Patrick Rooney
2025-06-12 23:40:39,982 - INFO - Position/Length - Found 2 children: Position: 3rd, Lost by: 11 l
2025-06-12 23:40:39,982 - INFO - Extracted: Highstreetfashion (IRE) - Position: 3rd, Lost by: 11 l, Jockey: Patrick Michael O'Brien (claim: 7), Trainer: Patrick Rooney, Age: 8, Weight: 10-0tp, Rating: 81
2025-06-12 23:40:39,982 - INFO - Processing sub block #7 for https://www.racingtv.com/results/2023-01-28/fairyhouse/1336
2025-06-12 23:40:39,982 - INFO - Found 3 <a> tags - Horse: Made In The Woods (IRE), Jockey: Phillip Enright (claim: 0), Trainer: Norman Lee
2025-06-12 23:40:39,983 - INFO - Position/Length - Found 2 children: Position: 2nd, Lost by: 1 3/4 l
2025-06-12 23:40:39,983 - INFO - Extracted: Made In The Woods (IRE) - Position: 2nd, Lost by: 1 3/4 l, Jockey: Phillip Enright (claim: 0), Trainer: Norman Lee, Age: 6, Weight: 10-3h, Rating: 84
2025-06-12 23:40:39,983 - INFO - Processing sub block #8 for https://www.racingtv.com/results/2023-01-28/fairyhouse/1336
2025-06-12 23:40:39,983 - INFO - Found 3 <a> tags - Horse: Tyre Kicker (FR), Jockey: Keith Donoghue (claim: 0), Trainer: Gavin Patrick Cromwell
2025-06-12 23:40:39,983 - INFO - Position/Length - Found 1 children: Position: 1st, Lost by: N/A
2025-06-12 23:40:39,983 - INFO - Confirmed winner: Tyre Kicker (FR)
2025-06-12 23:40:39,983 - INFO - Extracted: Tyre Kicker (FR) - Position: 1st, Lost by: N/A, Jockey: Keith Donoghue (claim: 0), Trainer: Gavin Patrick Cromwell, Age: 6, Weight: 11-11p, Rating: 106
2025-06-12 23:40:39,983 - INFO - Processing sub block #9 for https://www.racingtv.com/results/2023-01-28/fairyhouse/1336
2025-06-12 23:40:39,983 - INFO - Found 3 <a> tags - Horse: Coolcullen (IRE), Jockey: K. E. Buckley (claim: 5), Trainer: Brendan Duke
2025-06-12 23:40:39,983 - INFO - Position/Length - Found 2 children: Position: 8th, Lost by: 1 1/2 l
2025-06-12 23:40:39,987 - INFO - Extracted: Coolcullen (IRE) - Position: 8th, Lost by: 1 1/2 l, Jockey: K. E. Buckley (claim: 5), Trainer: Brendan Duke, Age: 5, Weight: 10-13, Rating: 102
2025-06-12 23:40:39,987 - INFO - Processing sub block #10 for https://www.racingtv.com/results/2023-01-28/fairyhouse/1336
2025-06-12 23:40:39,987 - INFO - Found 3 <a> tags - Horse: Turbojet, Jockey: Patrick O'Hanlon (claim: 5), Trainer: Dermot Anthony McLoughlin
2025-06-12 23:40:39,988 - INFO - Position/Length - Found 2 children: Position: 7th, Lost by: 9 1/2 l
2025-06-12 23:40:39,988 - INFO - Extracted: Turbojet - Position: 7th, Lost by: 9 1/2 l, Jockey: Patrick O'Hanlon (claim: 5), Trainer: Dermot Anthony McLoughlin, Age: 12, Weight: 12-0tb, Rating: 109
2025-06-12 23:40:39,988 - INFO - Processing sub block #11 for https://www.racingtv.com/results/2023-01-28/fairyhouse/1336
2025-06-12 23:40:39,989 - INFO - Found 3 <a> tags - Horse: Lizrona (IRE), Jockey: M. J. M. O'Sullivan (claim: 5), Trainer: Eric Larkin
2025-06-12 23:40:39,989 - INFO - Position/Length - Found 2 children: Position: 6th, Lost by: 1 1/2 l
2025-06-12 23:40:39,990 - INFO - Extracted: Lizrona (IRE) - Position: 6th, Lost by: 1 1/2 l, Jockey: M. J. M. O'Sullivan (claim: 5), Trainer: Eric Larkin, Age: 7, Weight: 11-10b1, Rating: 105
2025-06-12 23:40:39,990 - INFO - Processing sub block #12 for https://www.racingtv.com/results/2023-01-28/fairyhouse/1336
2025-06-12 23:40:39,990 - INFO - Found 3 <a> tags - Horse: Ballyadam Destiny, Jockey: D. King (claim: 5), Trainer: Denis Hogan
2025-06-12 23:40:39,991 - INFO - Position/Length - Found 2 children: Position: 5th, Lost by: Neck
2025-06-12 23:40:39,991 - INFO - Extracted: Ballyadam Destiny - Position: 5th, Lost by: Neck, Jockey: D. King (claim: 5), Trainer: Denis Hogan, Age: 9, Weight: 11-11tp, Rating: 106
2025-06-12 23:40:39,992 - INFO - Processing sub block #13 for https://www.racingtv.com/results/2023-01-28/fairyhouse/1336
2025-06-12 23:40:39,992 - INFO - Found 3 <a> tags - Horse: Ennemi Public (FR), Jockey: Richard Deegan (claim: 0), Trainer: Daniel John Howard
2025-06-12 23:40:39,993 - INFO - Position/Length - Found 2 children: Position: 4th, Lost by: 30 l
2025-06-12 23:40:39,993 - INFO - Extracted: Ennemi Public (FR) - Position: 4th, Lost by: 30 l, Jockey: Richard Deegan (claim: 0), Trainer: Daniel John Howard, Age: 9, Weight: 10-12tv, Rating: 93
2025-06-12 23:40:39,993 - INFO - Processing sub block #14 for https://www.racingtv.com/results/2023-01-28/fairyhouse/1336
2025-06-12 23:40:39,995 - INFO - Found 3 <a> tags - Horse: Highstreetfashion (IRE), Jockey: Patrick Michael O'Brien (claim: 7), Trainer: Patrick Rooney
2025-06-12 23:40:39,995 - INFO - Position/Length - Found 2 children: Position: 3rd, Lost by: 11 l
2025-06-12 23:40:39,996 - INFO - Extracted: Highstreetfashion (IRE) - Position: 3rd, Lost by: 11 l, Jockey: Patrick Michael O'Brien (claim: 7), Trainer: Patrick Rooney, Age: 8, Weight: 10-0tp, Rating: 81
2025-06-12 23:40:39,996 - INFO - Processing sub block #15 for https://www.racingtv.com/results/2023-01-28/fairyhouse/1336
2025-06-12 23:40:39,997 - INFO - Found 3 <a> tags - Horse: Made In The Woods (IRE), Jockey: Phillip Enright (claim: 0), Trainer: Norman Lee
2025-06-12 23:40:39,997 - INFO - Position/Length - Found 2 children: Position: 2nd, Lost by: 1 3/4 l
2025-06-12 23:40:39,998 - INFO - Extracted: Made In The Woods (IRE) - Position: 2nd, Lost by: 1 3/4 l, Jockey: Phillip Enright (claim: 0), Trainer: Norman Lee, Age: 6, Weight: 10-3h, Rating: 84
2025-06-12 23:40:39,998 - INFO - Processing sub block #16 for https://www.racingtv.com/results/2023-01-28/fairyhouse/1336
2025-06-12 23:40:39,998 - INFO - Found 3 <a> tags - Horse: Tyre Kicker (FR), Jockey: Keith Donoghue (claim: 0), Trainer: Gavin Patrick Cromwell
2025-06-12 23:40:39,999 - INFO - Position/Length - Found 1 children: Position: 1st, Lost by: N/A
2025-06-12 23:40:39,999 - INFO - Extracted: Tyre Kicker (FR) - Position: 1st, Lost by: N/A, Jockey: Keith Donoghue (claim: 0), Trainer: Gavin Patrick Cromwell, Age: 6, Weight: 11-11p, Rating: 106
2025-06-12 23:40:39,999 - INFO - Successfully extracted 16/16 horse records from https://www.racingtv.com/results/2023-01-28/fairyhouse/1336
2025-06-12 23:40:40,000 - INFO - :) First place horse found successfully
2025-06-12 23:40:40,000 - INFO - :) First place horse found successfully
2025-06-12 23:40:40,000 - INFO - :) First place horse found successfully
2025-06-12 23:40:40,000 - INFO - :) First place horse found successfully
2025-06-12 23:40:40,000 - INFO - :) First place horse found successfully
2025-06-12 23:40:40,000 - INFO - :) First place horse found successfully
2025-06-12 23:40:40,000 - INFO - :) First place horse found successfully
2025-06-12 23:40:40,000 - INFO - :) First place horse found successfully
2025-06-12 23:40:40,000 - INFO - :) First place horse found successfully
2025-06-12 23:40:40,002 - INFO - :) First place horse found successfully
2025-06-12 23:40:40,002 - INFO - :) First place horse found successfully
2025-06-12 23:40:40,002 - INFO - :) First place horse found successfully
2025-06-12 23:40:40,002 - INFO - :) First place horse found successfully
2025-06-12 23:40:40,002 - INFO - :) First place horse found successfully
2025-06-12 23:40:40,002 - INFO - :) First place horse found successfully
2025-06-12 23:40:40,003 - INFO - :) First place horse found successfully
2025-06-12 23:40:40,003 - INFO - :) First place horse found successfully
2025-06-12 23:40:40,003 - INFO - Successfully parsed 16 horse records from: https://www.racingtv.com/results/2023-01-28/fairyhouse/1336
2025-06-12 23:40:40,003 - INFO - Waiting 2 seconds before next request...
2025-06-12 23:40:42,004 - INFO - Batch 40 - URL 8/50: https://www.racingtv.com/results/2023-01-28/fairyhouse/1411
2025-06-12 23:40:42,004 - INFO - Loading page with Selenium: https://www.racingtv.com/results/2023-01-28/fairyhouse/1411
2025-06-12 23:40:46,896 - INFO - Racing main block detected for: https://www.racingtv.com/results/2023-01-28/fairyhouse/1411
2025-06-12 23:40:46,943 - INFO - Successfully loaded page: https://www.racingtv.com/results/2023-01-28/fairyhouse/1411
2025-06-12 23:40:47,070 - INFO - Extracted race info - Track: N/A, Date: N/A, Time: 14:11
2025-06-12 23:40:47,071 - INFO - Found 2nd h3 tag: Soft  4YO+ 2m 2f 110y Winner: €29,000 (6 runners)
2025-06-12 23:40:47,071 - INFO - Extracted - Going: Soft, Distance: 2m 2f 110y
2025-06-12 23:40:47,072 - INFO - Extracting racing data from: https://www.racingtv.com/results/2023-01-28/fairyhouse/1411
2025-06-12 23:40:47,080 - INFO - Processing main block #1 for https://www.racingtv.com/results/2023-01-28/fairyhouse/1411
2025-06-12 23:40:47,084 - INFO - Checking 2nd child of main block for first place horse...
2025-06-12 23:40:47,087 - INFO - Found alternative horse block structure with 3 links
2025-06-12 23:40:47,087 - INFO - Found alternative horse block structure with 3 links
2025-06-12 23:40:47,087 - INFO - Found alternative horse block structure with 3 links
2025-06-12 23:40:47,088 - INFO - Found alternative horse block structure with 3 links
2025-06-12 23:40:47,088 - INFO - Found alternative horse block structure with 3 links
2025-06-12 23:40:47,088 - INFO - Found alternative horse block structure with 3 links
2025-06-12 23:40:47,101 - INFO - Found likely first place horse via structure analysis: Ashroe Diamond (IRE)
2025-06-12 23:40:47,102 - INFO - Found potential first place horse with background styling
2025-06-12 23:40:47,103 - INFO - Found potential first place horse with background styling
2025-06-12 23:40:47,103 - INFO - Found potential first place horse with background styling
2025-06-12 23:40:47,103 - INFO - Found potential first place horse with background styling
2025-06-12 23:40:47,104 - INFO - Found potential first place horse with background styling
2025-06-12 23:40:47,104 - INFO - Found 12 horse entries for https://www.racingtv.com/results/2023-01-28/fairyhouse/1411 using multiple detection methods
2025-06-12 23:40:47,104 - INFO - Processing sub block #1 for https://www.racingtv.com/results/2023-01-28/fairyhouse/1411
2025-06-12 23:40:47,105 - INFO - Found 3 <a> tags - Horse: Goodie Two Shoes (IRE), Jockey: S. D. Torrens (claim: 0), Trainer: Joseph Patrick O'Brien
2025-06-12 23:40:47,106 - INFO - Position/Length - Found 1 children: Position: F, Lost by: N/A
2025-06-12 23:40:47,106 - INFO - Extracted: Goodie Two Shoes (IRE) - Position: F, Lost by: N/A, Jockey: S. D. Torrens (claim: 0), Trainer: Joseph Patrick O'Brien, Age: 4, Weight: 10-0t, Rating: -
2025-06-12 23:40:47,106 - INFO - Processing sub block #2 for https://www.racingtv.com/results/2023-01-28/fairyhouse/1411
2025-06-12 23:40:47,107 - INFO - Found 3 <a> tags - Horse: Saylavee (IRE), Jockey: Rachael Blackmore (claim: 0), Trainer: W. P. Mullins
2025-06-12 23:40:47,108 - INFO - Position/Length - Found 2 children: Position: 5th, Lost by: 9 1/2 l
2025-06-12 23:40:47,109 - INFO - Extracted: Saylavee (IRE) - Position: 5th, Lost by: 9 1/2 l, Jockey: Rachael Blackmore (claim: 0), Trainer: W. P. Mullins, Age: 6, Weight: 11-0, Rating: -
2025-06-12 23:40:47,109 - INFO - Processing sub block #3 for https://www.racingtv.com/results/2023-01-28/fairyhouse/1411
2025-06-12 23:40:47,111 - INFO - Found 3 <a> tags - Horse: Whatcouldhavebeen (IRE), Jockey: A. P. Kelly (claim: 0), Trainer: Jarlath P. Fahey
2025-06-12 23:40:47,112 - INFO - Position/Length - Found 2 children: Position: 4th, Lost by: Head
2025-06-12 23:40:47,112 - INFO - Extracted: Whatcouldhavebeen (IRE) - Position: 4th, Lost by: Head, Jockey: A. P. Kelly (claim: 0), Trainer: Jarlath P. Fahey, Age: 5, Weight: 10-10, Rating: -
2025-06-12 23:40:47,112 - INFO - Processing sub block #4 for https://www.racingtv.com/results/2023-01-28/fairyhouse/1411
2025-06-12 23:40:47,113 - INFO - Found 3 <a> tags - Horse: Halka Du Tabert (FR), Jockey: Davy Russell (claim: 0), Trainer: Gordon Elliott
2025-06-12 23:40:47,114 - INFO - Position/Length - Found 2 children: Position: 3rd, Lost by: 1 1/4 l
2025-06-12 23:40:47,114 - INFO - Extracted: Halka Du Tabert (FR) - Position: 3rd, Lost by: 1 1/4 l, Jockey: Davy Russell (claim: 0), Trainer: Gordon Elliott, Age: 6, Weight: 10-10, Rating: -
2025-06-12 23:40:47,114 - INFO - Processing sub block #5 for https://www.racingtv.com/results/2023-01-28/fairyhouse/1411
2025-06-12 23:40:47,115 - INFO - Found 3 <a> tags - Horse: Jetara (IRE), Jockey: S. F. O'Keeffe (claim: 0), Trainer: Mrs J. Harrington
2025-06-12 23:40:47,115 - INFO - Position/Length - Found 2 children: Position: 2nd, Lost by: 1 1/4 l
2025-06-12 23:40:47,116 - INFO - Extracted: Jetara (IRE) - Position: 2nd, Lost by: 1 1/4 l, Jockey: S. F. O'Keeffe (claim: 0), Trainer: Mrs J. Harrington, Age: 5, Weight: 10-10, Rating: -
2025-06-12 23:40:47,116 - INFO - Processing sub block #6 for https://www.racingtv.com/results/2023-01-28/fairyhouse/1411
2025-06-12 23:40:47,116 - INFO - Found 3 <a> tags - Horse: Ashroe Diamond (IRE), Jockey: D. E. Mullins (claim: 0), Trainer: W. P. Mullins
2025-06-12 23:40:47,117 - INFO - Position/Length - Found 1 children: Position: 1st, Lost by: N/A
2025-06-12 23:40:47,117 - INFO - Confirmed winner: Ashroe Diamond (IRE)
2025-06-12 23:40:47,117 - INFO - Extracted: Ashroe Diamond (IRE) - Position: 1st, Lost by: N/A, Jockey: D. E. Mullins (claim: 0), Trainer: W. P. Mullins, Age: 6, Weight: 10-10, Rating: -
2025-06-12 23:40:47,117 - INFO - Processing sub block #7 for https://www.racingtv.com/results/2023-01-28/fairyhouse/1411
2025-06-12 23:40:47,117 - INFO - Found 3 <a> tags - Horse: Goodie Two Shoes (IRE), Jockey: S. D. Torrens (claim: 0), Trainer: Joseph Patrick O'Brien
2025-06-12 23:40:47,117 - INFO - Position/Length - Found 1 children: Position: F, Lost by: N/A
2025-06-12 23:40:47,120 - INFO - Extracted: Goodie Two Shoes (IRE) - Position: F, Lost by: N/A, Jockey: S. D. Torrens (claim: 0), Trainer: Joseph Patrick O'Brien, Age: 4, Weight: 10-0t, Rating: -
2025-06-12 23:40:47,120 - INFO - Processing sub block #8 for https://www.racingtv.com/results/2023-01-28/fairyhouse/1411
2025-06-12 23:40:47,120 - INFO - Found 3 <a> tags - Horse: Saylavee (IRE), Jockey: Rachael Blackmore (claim: 0), Trainer: W. P. Mullins
2025-06-12 23:40:47,121 - INFO - Position/Length - Found 2 children: Position: 5th, Lost by: 9 1/2 l
2025-06-12 23:40:47,121 - INFO - Extracted: Saylavee (IRE) - Position: 5th, Lost by: 9 1/2 l, Jockey: Rachael Blackmore (claim: 0), Trainer: W. P. Mullins, Age: 6, Weight: 11-0, Rating: -
2025-06-12 23:40:47,121 - INFO - Processing sub block #9 for https://www.racingtv.com/results/2023-01-28/fairyhouse/1411
2025-06-12 23:40:47,122 - INFO - Found 3 <a> tags - Horse: Whatcouldhavebeen (IRE), Jockey: A. P. Kelly (claim: 0), Trainer: Jarlath P. Fahey
2025-06-12 23:40:47,122 - INFO - Position/Length - Found 2 children: Position: 4th, Lost by: Head
2025-06-12 23:40:47,123 - INFO - Extracted: Whatcouldhavebeen (IRE) - Position: 4th, Lost by: Head, Jockey: A. P. Kelly (claim: 0), Trainer: Jarlath P. Fahey, Age: 5, Weight: 10-10, Rating: -
2025-06-12 23:40:47,123 - INFO - Processing sub block #10 for https://www.racingtv.com/results/2023-01-28/fairyhouse/1411
2025-06-12 23:40:47,123 - INFO - Found 3 <a> tags - Horse: Halka Du Tabert (FR), Jockey: Davy Russell (claim: 0), Trainer: Gordon Elliott
2025-06-12 23:40:47,124 - INFO - Position/Length - Found 2 children: Position: 3rd, Lost by: 1 1/4 l
2025-06-12 23:40:47,124 - INFO - Extracted: Halka Du Tabert (FR) - Position: 3rd, Lost by: 1 1/4 l, Jockey: Davy Russell (claim: 0), Trainer: Gordon Elliott, Age: 6, Weight: 10-10, Rating: -
2025-06-12 23:40:47,124 - INFO - Processing sub block #11 for https://www.racingtv.com/results/2023-01-28/fairyhouse/1411
2025-06-12 23:40:47,125 - INFO - Found 3 <a> tags - Horse: Jetara (IRE), Jockey: S. F. O'Keeffe (claim: 0), Trainer: Mrs J. Harrington
2025-06-12 23:40:47,126 - INFO - Position/Length - Found 2 children: Position: 2nd, Lost by: 1 1/4 l
2025-06-12 23:40:47,126 - INFO - Extracted: Jetara (IRE) - Position: 2nd, Lost by: 1 1/4 l, Jockey: S. F. O'Keeffe (claim: 0), Trainer: Mrs J. Harrington, Age: 5, Weight: 10-10, Rating: -
2025-06-12 23:40:47,126 - INFO - Processing sub block #12 for https://www.racingtv.com/results/2023-01-28/fairyhouse/1411
2025-06-12 23:40:47,127 - INFO - Found 3 <a> tags - Horse: Ashroe Diamond (IRE), Jockey: D. E. Mullins (claim: 0), Trainer: W. P. Mullins
2025-06-12 23:40:47,128 - INFO - Position/Length - Found 1 children: Position: 1st, Lost by: N/A
2025-06-12 23:40:47,128 - INFO - Extracted: Ashroe Diamond (IRE) - Position: 1st, Lost by: N/A, Jockey: D. E. Mullins (claim: 0), Trainer: W. P. Mullins, Age: 6, Weight: 10-10, Rating: -
2025-06-12 23:40:47,128 - INFO - Successfully extracted 12/12 horse records from https://www.racingtv.com/results/2023-01-28/fairyhouse/1411
2025-06-12 23:40:47,129 - INFO - :) First place horse found successfully
2025-06-12 23:40:47,129 - INFO - :) First place horse found successfully
2025-06-12 23:40:47,129 - INFO - :) First place horse found successfully
2025-06-12 23:40:47,130 - INFO - :) First place horse found successfully
2025-06-12 23:40:47,130 - INFO - :) First place horse found successfully
2025-06-12 23:40:47,130 - INFO - :) First place horse found successfully
2025-06-12 23:40:47,130 - INFO - :) First place horse found successfully
2025-06-12 23:40:47,130 - INFO - :) First place horse found successfully
2025-06-12 23:40:47,130 - INFO - :) First place horse found successfully
2025-06-12 23:40:47,131 - INFO - :) First place horse found successfully
2025-06-12 23:40:47,131 - INFO - :) First place horse found successfully
2025-06-12 23:40:47,131 - INFO - :) First place horse found successfully
2025-06-12 23:40:47,131 - INFO - :) First place horse found successfully
2025-06-12 23:40:47,131 - INFO - Successfully parsed 12 horse records from: https://www.racingtv.com/results/2023-01-28/fairyhouse/1411
2025-06-12 23:40:47,132 - INFO - Waiting 2 seconds before next request...
2025-06-12 23:40:49,133 - INFO - Batch 40 - URL 9/50: https://www.racingtv.com/results/2023-01-28/fairyhouse/1446
2025-06-12 23:40:49,133 - INFO - Loading page with Selenium: https://www.racingtv.com/results/2023-01-28/fairyhouse/1446
2025-06-12 23:40:54,165 - INFO - Racing main block detected for: https://www.racingtv.com/results/2023-01-28/fairyhouse/1446
2025-06-12 23:40:54,203 - INFO - Successfully loaded page: https://www.racingtv.com/results/2023-01-28/fairyhouse/1446
2025-06-12 23:40:54,367 - INFO - Extracted race info - Track: N/A, Date: N/A, Time: 14:46
2025-06-12 23:40:54,367 - INFO - Found 2nd h3 tag: Soft  4YO+ 2m Winner: €12,500 (25 runners)
2025-06-12 23:40:54,367 - INFO - Extracted - Going: Soft, Distance: 2m
2025-06-12 23:40:54,367 - INFO - Extracting racing data from: https://www.racingtv.com/results/2023-01-28/fairyhouse/1446
2025-06-12 23:40:54,387 - INFO - Processing main block #1 for https://www.racingtv.com/results/2023-01-28/fairyhouse/1446
2025-06-12 23:40:54,397 - INFO - Checking 2nd child of main block for first place horse...
2025-06-12 23:40:54,410 - INFO - Found alternative horse block structure with 3 links
2025-06-12 23:40:54,410 - INFO - Found alternative horse block structure with 3 links
2025-06-12 23:40:54,410 - INFO - Found alternative horse block structure with 3 links
2025-06-12 23:40:54,417 - INFO - Found alternative horse block structure with 3 links
2025-06-12 23:40:54,417 - INFO - Found alternative horse block structure with 3 links
2025-06-12 23:40:54,417 - INFO - Found alternative horse block structure with 3 links
2025-06-12 23:40:54,418 - INFO - Found alternative horse block structure with 3 links
2025-06-12 23:40:54,418 - INFO - Found alternative horse block structure with 3 links
2025-06-12 23:40:54,418 - INFO - Found alternative horse block structure with 3 links
2025-06-12 23:40:54,419 - INFO - Found alternative horse block structure with 3 links
2025-06-12 23:40:54,419 - INFO - Found alternative horse block structure with 3 links
2025-06-12 23:40:54,419 - INFO - Found alternative horse block structure with 3 links
2025-06-12 23:40:54,419 - INFO - Found alternative horse block structure with 3 links
2025-06-12 23:40:54,420 - INFO - Found alternative horse block structure with 3 links
2025-06-12 23:40:54,420 - INFO - Found alternative horse block structure with 3 links
2025-06-12 23:40:54,420 - INFO - Found alternative horse block structure with 3 links
2025-06-12 23:40:54,421 - INFO - Found alternative horse block structure with 3 links
2025-06-12 23:40:54,421 - INFO - Found alternative horse block structure with 3 links
2025-06-12 23:40:54,421 - INFO - Found alternative horse block structure with 3 links
2025-06-12 23:40:54,421 - INFO - Found alternative horse block structure with 3 links
2025-06-12 23:40:54,421 - INFO - Found alternative horse block structure with 3 links
2025-06-12 23:40:54,421 - INFO - Found alternative horse block structure with 3 links
2025-06-12 23:40:54,421 - INFO - Found alternative horse block structure with 3 links
2025-06-12 23:40:54,421 - INFO - Found alternative horse block structure with 3 links
2025-06-12 23:40:54,421 - INFO - Found alternative horse block structure with 3 links
2025-06-12 23:40:54,510 - INFO - Found likely first place horse via structure analysis: Found A Fifty (IRE)
2025-06-12 23:40:54,514 - INFO - Found potential first place horse with background styling
2025-06-12 23:40:54,514 - INFO - Found potential first place horse with background styling
2025-06-12 23:40:54,514 - INFO - Found potential first place horse with background styling
2025-06-12 23:40:54,514 - INFO - Found potential first place horse with background styling
2025-06-12 23:40:54,515 - INFO - Found potential first place horse with background styling
2025-06-12 23:40:54,515 - INFO - Found potential first place horse with background styling
2025-06-12 23:40:54,515 - INFO - Found potential first place horse with background styling
2025-06-12 23:40:54,516 - INFO - Found potential first place horse with background styling
2025-06-12 23:40:54,516 - INFO - Found potential first place horse with background styling
2025-06-12 23:40:54,516 - INFO - Found potential first place horse with background styling
2025-06-12 23:40:54,517 - INFO - Found potential first place horse with background styling
2025-06-12 23:40:54,517 - INFO - Found potential first place horse with background styling
2025-06-12 23:40:54,518 - INFO - Found potential first place horse with background styling
2025-06-12 23:40:54,518 - INFO - Found potential first place horse with background styling
2025-06-12 23:40:54,518 - INFO - Found potential first place horse with background styling
2025-06-12 23:40:54,519 - INFO - Found potential first place horse with background styling
2025-06-12 23:40:54,519 - INFO - Found potential first place horse with background styling
2025-06-12 23:40:54,520 - INFO - Found potential first place horse with background styling
2025-06-12 23:40:54,520 - INFO - Found potential first place horse with background styling
2025-06-12 23:40:54,521 - INFO - Found potential first place horse with background styling
2025-06-12 23:40:54,521 - INFO - Found potential first place horse with background styling
2025-06-12 23:40:54,522 - INFO - Found potential first place horse with background styling
2025-06-12 23:40:54,522 - INFO - Found potential first place horse with background styling
2025-06-12 23:40:54,523 - INFO - Found potential first place horse with background styling
2025-06-12 23:40:54,523 - INFO - Found 50 horse entries for https://www.racingtv.com/results/2023-01-28/fairyhouse/1446 using multiple detection methods
2025-06-12 23:40:54,523 - INFO - Processing sub block #1 for https://www.racingtv.com/results/2023-01-28/fairyhouse/1446
2025-06-12 23:40:54,524 - INFO - Found 3 <a> tags - Horse: Catch The Beast (IRE), Jockey: Keith Donoghue (claim: 0), Trainer: Edward Cawley
2025-06-12 23:40:54,525 - INFO - Position/Length - Found 2 children: Position: 25th, Lost by: 2 l
2025-06-12 23:40:54,525 - INFO - Extracted: Catch The Beast (IRE) - Position: 25th, Lost by: 2 l, Jockey: Keith Donoghue (claim: 0), Trainer: Edward Cawley, Age: 5, Weight: 11-12, Rating: -
2025-06-12 23:40:54,525 - INFO - Processing sub block #2 for https://www.racingtv.com/results/2023-01-28/fairyhouse/1446
2025-06-12 23:40:54,526 - INFO - Found 3 <a> tags - Horse: Makingachamp (IRE), Jockey: Denis O'Regan (claim: 0), Trainer: Noel Meade
2025-06-12 23:40:54,527 - INFO - Position/Length - Found 2 children: Position: 24th, Lost by: 2 l
2025-06-12 23:40:54,527 - INFO - Extracted: Makingachamp (IRE) - Position: 24th, Lost by: 2 l, Jockey: Denis O'Regan (claim: 0), Trainer: Noel Meade, Age: 5, Weight: 11-12, Rating: -
2025-06-12 23:40:54,527 - INFO - Processing sub block #3 for https://www.racingtv.com/results/2023-01-28/fairyhouse/1446
2025-06-12 23:40:54,527 - INFO - Found 3 <a> tags - Horse: Free Parking (IRE), Jockey: Thomas Reilly (claim: 7), Trainer: John McConnell
2025-06-12 23:40:54,528 - INFO - Position/Length - Found 2 children: Position: 23rd, Lost by: 37 l
2025-06-12 23:40:54,528 - INFO - Extracted: Free Parking (IRE) - Position: 23rd, Lost by: 37 l, Jockey: Thomas Reilly (claim: 7), Trainer: John McConnell, Age: 6, Weight: 11-12t, Rating: -
2025-06-12 23:40:54,529 - INFO - Processing sub block #4 for https://www.racingtv.com/results/2023-01-28/fairyhouse/1446
2025-06-12 23:40:54,529 - INFO - Found 3 <a> tags - Horse: Coco Kolada (IRE), Jockey: Donagh Meyler (claim: 0), Trainer: Karl Thornton
2025-06-12 23:40:54,530 - INFO - Position/Length - Found 2 children: Position: 22nd, Lost by: 2 l
2025-06-12 23:40:54,530 - INFO - Extracted: Coco Kolada (IRE) - Position: 22nd, Lost by: 2 l, Jockey: Donagh Meyler (claim: 0), Trainer: Karl Thornton, Age: 5, Weight: 11-12, Rating: -
2025-06-12 23:40:54,530 - INFO - Processing sub block #5 for https://www.racingtv.com/results/2023-01-28/fairyhouse/1446
2025-06-12 23:40:54,531 - INFO - Found 3 <a> tags - Horse: Mighty Oak Lad (IRE), Jockey: R. A. Doyle (claim: 0), Trainer: Karl Thornton
2025-06-12 23:40:54,532 - INFO - Position/Length - Found 2 children: Position: 21st, Lost by: 1/2 l
2025-06-12 23:40:54,532 - INFO - Extracted: Mighty Oak Lad (IRE) - Position: 21st, Lost by: 1/2 l, Jockey: R. A. Doyle (claim: 0), Trainer: Karl Thornton, Age: 5, Weight: 11-12, Rating: -
2025-06-12 23:40:54,532 - INFO - Processing sub block #6 for https://www.racingtv.com/results/2023-01-28/fairyhouse/1446
2025-06-12 23:40:54,533 - INFO - Found 3 <a> tags - Horse: Do Whatever (IRE), Jockey: L. P. Dempsey (claim: 0), Trainer: J. T. R. Dreaper
2025-06-12 23:40:54,533 - INFO - Position/Length - Found 2 children: Position: 20th, Lost by: 1/2 l
2025-06-12 23:40:54,533 - INFO - Extracted: Do Whatever (IRE) - Position: 20th, Lost by: 1/2 l, Jockey: L. P. Dempsey (claim: 0), Trainer: J. T. R. Dreaper, Age: 6, Weight: 11-12, Rating: -
2025-06-12 23:40:54,534 - INFO - Processing sub block #7 for https://www.racingtv.com/results/2023-01-28/fairyhouse/1446
2025-06-12 23:40:54,534 - INFO - Found 3 <a> tags - Horse: Wendell's Lass, Jockey: Gavin Peter Brouder (claim: 5), Trainer: T. Gibney
2025-06-12 23:40:54,535 - INFO - Position/Length - Found 2 children: Position: 19th, Lost by: 1 l
2025-06-12 23:40:54,535 - INFO - Extracted: Wendell's Lass - Position: 19th, Lost by: 1 l, Jockey: Gavin Peter Brouder (claim: 5), Trainer: T. Gibney, Age: 4, Weight: 10-6, Rating: -
2025-06-12 23:40:54,535 - INFO - Processing sub block #8 for https://www.racingtv.com/results/2023-01-28/fairyhouse/1446
2025-06-12 23:40:54,536 - INFO - Found 3 <a> tags - Horse: Shanroe Act (IRE), Jockey: Sean Flanagan (claim: 0), Trainer: Karl Thornton
2025-06-12 23:40:54,536 - INFO - Position/Length - Found 2 children: Position: 18th, Lost by: 1 1/2 l
2025-06-12 23:40:54,537 - INFO - Extracted: Shanroe Act (IRE) - Position: 18th, Lost by: 1 1/2 l, Jockey: Sean Flanagan (claim: 0), Trainer: Karl Thornton, Age: 5, Weight: 11-12, Rating: -
2025-06-12 23:40:54,537 - INFO - Processing sub block #9 for https://www.racingtv.com/results/2023-01-28/fairyhouse/1446
2025-06-12 23:40:54,537 - INFO - Found 3 <a> tags - Horse: Doyen For A Drink (IRE), Jockey: Richard Deegan (claim: 0), Trainer: Paul Nolan
2025-06-12 23:40:54,538 - INFO - Position/Length - Found 2 children: Position: 17th, Lost by: 3 3/4 l
2025-06-12 23:40:54,538 - INFO - Extracted: Doyen For A Drink (IRE) - Position: 17th, Lost by: 3 3/4 l, Jockey: Richard Deegan (claim: 0), Trainer: Paul Nolan, Age: 6, Weight: 11-5, Rating: -
2025-06-12 23:40:54,538 - INFO - Processing sub block #10 for https://www.racingtv.com/results/2023-01-28/fairyhouse/1446
2025-06-12 23:40:54,539 - INFO - Found 3 <a> tags - Horse: Annie Beag (IRE), Jockey: Adam Ellis (claim: 7), Trainer: W. J. Austin
2025-06-12 23:40:54,539 - INFO - Position/Length - Found 2 children: Position: 16th, Lost by: 1 1/4 l
2025-06-12 23:40:54,540 - INFO - Extracted: Annie Beag (IRE) - Position: 16th, Lost by: 1 1/4 l, Jockey: Adam Ellis (claim: 7), Trainer: W. J. Austin, Age: 6, Weight: 11-5, Rating: -
2025-06-12 23:40:54,540 - INFO - Processing sub block #11 for https://www.racingtv.com/results/2023-01-28/fairyhouse/1446
2025-06-12 23:40:54,540 - INFO - Found 3 <a> tags - Horse: Slate Lane (IRE), Jockey: N. T. Prendergast (claim: 7), Trainer: Paul Hennessy
2025-06-12 23:40:54,541 - INFO - Position/Length - Found 2 children: Position: 15th, Lost by: Short Head
2025-06-12 23:40:54,541 - INFO - Extracted: Slate Lane (IRE) - Position: 15th, Lost by: Short Head, Jockey: N. T. Prendergast (claim: 7), Trainer: Paul Hennessy, Age: 5, Weight: 11-12, Rating: -
2025-06-12 23:40:54,542 - INFO - Processing sub block #12 for https://www.racingtv.com/results/2023-01-28/fairyhouse/1446
2025-06-12 23:40:54,542 - INFO - Found 3 <a> tags - Horse: Flemensreva (IRE), Jockey: S. F. O'Keeffe (claim: 0), Trainer: Paul Nolan
2025-06-12 23:40:54,543 - INFO - Position/Length - Found 2 children: Position: 14th, Lost by: 4 3/4 l
2025-06-12 23:40:54,544 - INFO - Extracted: Flemensreva (IRE) - Position: 14th, Lost by: 4 3/4 l, Jockey: S. F. O'Keeffe (claim: 0), Trainer: Paul Nolan, Age: 5, Weight: 11-5, Rating: -
2025-06-12 23:40:54,544 - INFO - Processing sub block #13 for https://www.racingtv.com/results/2023-01-28/fairyhouse/1446
2025-06-12 23:40:54,544 - INFO - Found 3 <a> tags - Horse: Park Of Kings (IRE), Jockey: J. S. McGarvey (claim: 0), Trainer: Paul Nolan
2025-06-12 23:40:54,545 - INFO - Position/Length - Found 2 children: Position: 13th, Lost by: 1 1/4 l
2025-06-12 23:40:54,545 - INFO - Extracted: Park Of Kings (IRE) - Position: 13th, Lost by: 1 1/4 l, Jockey: J. S. McGarvey (claim: 0), Trainer: Paul Nolan, Age: 5, Weight: 11-12, Rating: -
2025-06-12 23:40:54,545 - INFO - Processing sub block #14 for https://www.racingtv.com/results/2023-01-28/fairyhouse/1446
2025-06-12 23:40:54,546 - INFO - Found 3 <a> tags - Horse: Aegirine (IRE), Jockey: R. J. Condon (claim: 5), Trainer: Eugene M. O'Sullivan
2025-06-12 23:40:54,547 - INFO - Position/Length - Found 2 children: Position: 12th, Lost by: 2 l
2025-06-12 23:40:54,547 - INFO - Extracted: Aegirine (IRE) - Position: 12th, Lost by: 2 l, Jockey: R. J. Condon (claim: 5), Trainer: Eugene M. O'Sullivan, Age: 4, Weight: 10-6, Rating: -
2025-06-12 23:40:54,547 - INFO - Processing sub block #15 for https://www.racingtv.com/results/2023-01-28/fairyhouse/1446
2025-06-12 23:40:54,547 - INFO - Found 3 <a> tags - Horse: Tony's Pet (FR), Jockey: M. J. M. O'Sullivan (claim: 5), Trainer: Barry Connell
2025-06-12 23:40:54,548 - INFO - Position/Length - Found 2 children: Position: 11th, Lost by: 2 l
2025-06-12 23:40:54,548 - INFO - Extracted: Tony's Pet (FR) - Position: 11th, Lost by: 2 l, Jockey: M. J. M. O'Sullivan (claim: 5), Trainer: Barry Connell, Age: 6, Weight: 11-12, Rating: -
2025-06-12 23:40:54,548 - INFO - Processing sub block #16 for https://www.racingtv.com/results/2023-01-28/fairyhouse/1446
2025-06-12 23:40:54,549 - INFO - Found 3 <a> tags - Horse: Must Go Now (IRE), Jockey: Phillip Enright (claim: 0), Trainer: Edward Cawley
2025-06-12 23:40:54,550 - INFO - Position/Length - Found 2 children: Position: 10th, Lost by: 15 l
2025-06-12 23:40:54,550 - INFO - Extracted: Must Go Now (IRE) - Position: 10th, Lost by: 15 l, Jockey: Phillip Enright (claim: 0), Trainer: Edward Cawley, Age: 6, Weight: 11-12, Rating: -
2025-06-12 23:40:54,550 - INFO - Processing sub block #17 for https://www.racingtv.com/results/2023-01-28/fairyhouse/1446
2025-06-12 23:40:54,551 - INFO - Found 3 <a> tags - Horse: Getaway Molly (IRE), Jockey: Patrick Michael O'Brien (claim: 7), Trainer: Patrick Rooney
2025-06-12 23:40:54,552 - INFO - Position/Length - Found 2 children: Position: 9th, Lost by: 6 l
2025-06-12 23:40:54,552 - INFO - Extracted: Getaway Molly (IRE) - Position: 9th, Lost by: 6 l, Jockey: Patrick Michael O'Brien (claim: 7), Trainer: Patrick Rooney, Age: 7, Weight: 11-5p1, Rating: -
2025-06-12 23:40:54,552 - INFO - Processing sub block #18 for https://www.racingtv.com/results/2023-01-28/fairyhouse/1446
2025-06-12 23:40:54,553 - INFO - Found 3 <a> tags - Horse: Bocelli's Voice (IRE), Jockey: C. D. Maxwell (claim: 0), Trainer: Dermot Anthony McLoughlin
2025-06-12 23:40:54,554 - INFO - Position/Length - Found 2 children: Position: 8th, Lost by: 3/4 l
2025-06-12 23:40:54,554 - INFO - Extracted: Bocelli's Voice (IRE) - Position: 8th, Lost by: 3/4 l, Jockey: C. D. Maxwell (claim: 0), Trainer: Dermot Anthony McLoughlin, Age: 7, Weight: 11-12, Rating: -
2025-06-12 23:40:54,554 - INFO - Processing sub block #19 for https://www.racingtv.com/results/2023-01-28/fairyhouse/1446
2025-06-12 23:40:54,554 - INFO - Found 3 <a> tags - Horse: Star Official (IRE), Jockey: K. E. Buckley (claim: 5), Trainer: R. Donohoe
2025-06-12 23:40:54,555 - INFO - Position/Length - Found 2 children: Position: 7th, Lost by: 1/2 l
2025-06-12 23:40:54,555 - INFO - Extracted: Star Official (IRE) - Position: 7th, Lost by: 1/2 l, Jockey: K. E. Buckley (claim: 5), Trainer: R. Donohoe, Age: 5, Weight: 11-12h, Rating: -
2025-06-12 23:40:54,555 - INFO - Processing sub block #20 for https://www.racingtv.com/results/2023-01-28/fairyhouse/1446
2025-06-12 23:40:54,556 - INFO - Found 3 <a> tags - Horse: Arabian Diamond (IRE), Jockey: Jordan Colin Gainford (claim: 0), Trainer: Gordon Elliott
2025-06-12 23:40:54,557 - INFO - Position/Length - Found 2 children: Position: 6th, Lost by: 2 1/2 l
2025-06-12 23:40:54,557 - INFO - Extracted: Arabian Diamond (IRE) - Position: 6th, Lost by: 2 1/2 l, Jockey: Jordan Colin Gainford (claim: 0), Trainer: Gordon Elliott, Age: 5, Weight: 11-12, Rating: -
2025-06-12 23:40:54,557 - INFO - Processing sub block #21 for https://www.racingtv.com/results/2023-01-28/fairyhouse/1446
2025-06-12 23:40:54,558 - INFO - Found 3 <a> tags - Horse: Realism (IRE), Jockey: S. D. Torrens (claim: 0), Trainer: Joseph Patrick O'Brien
2025-06-12 23:40:54,558 - INFO - Position/Length - Found 2 children: Position: 5th, Lost by: 3/4 l
2025-06-12 23:40:54,559 - INFO - Extracted: Realism (IRE) - Position: 5th, Lost by: 3/4 l, Jockey: S. D. Torrens (claim: 0), Trainer: Joseph Patrick O'Brien, Age: 4, Weight: 10-13t, Rating: -
2025-06-12 23:40:54,559 - INFO - Processing sub block #22 for https://www.racingtv.com/results/2023-01-28/fairyhouse/1446
2025-06-12 23:40:54,559 - INFO - Found 3 <a> tags - Horse: Walhaan (IRE), Jockey: E. Walsh (claim: 5), Trainer: Ciaran Murphy
2025-06-12 23:40:54,560 - INFO - Position/Length - Found 2 children: Position: 4th, Lost by: 9 l
2025-06-12 23:40:54,561 - INFO - Extracted: Walhaan (IRE) - Position: 4th, Lost by: 9 l, Jockey: E. Walsh (claim: 5), Trainer: Ciaran Murphy, Age: 7, Weight: 11-12, Rating: -
2025-06-12 23:40:54,561 - INFO - Processing sub block #23 for https://www.racingtv.com/results/2023-01-28/fairyhouse/1446
2025-06-12 23:40:54,561 - INFO - Found 3 <a> tags - Horse: Tag Man (IRE), Jockey: Rachael Blackmore (claim: 0), Trainer: Henry de Bromhead
2025-06-12 23:40:54,562 - INFO - Position/Length - Found 2 children: Position: 3rd, Lost by: 15 l
2025-06-12 23:40:54,563 - INFO - Extracted: Tag Man (IRE) - Position: 3rd, Lost by: 15 l, Jockey: Rachael Blackmore (claim: 0), Trainer: Henry de Bromhead, Age: 7, Weight: 11-12, Rating: -
2025-06-12 23:40:54,563 - INFO - Processing sub block #24 for https://www.racingtv.com/results/2023-01-28/fairyhouse/1446
2025-06-12 23:40:54,563 - INFO - Found 3 <a> tags - Horse: Parmenion, Jockey: B. J. Cooper (claim: 0), Trainer: W. P. Mullins
2025-06-12 23:40:54,564 - INFO - Position/Length - Found 2 children: Position: 2nd, Lost by: 9 1/2 l
2025-06-12 23:40:54,564 - INFO - Extracted: Parmenion - Position: 2nd, Lost by: 9 1/2 l, Jockey: B. J. Cooper (claim: 0), Trainer: W. P. Mullins, Age: 5, Weight: 11-12t1, Rating: -
2025-06-12 23:40:54,564 - INFO - Processing sub block #25 for https://www.racingtv.com/results/2023-01-28/fairyhouse/1446
2025-06-12 23:40:54,565 - INFO - Found 3 <a> tags - Horse: Found A Fifty (IRE), Jockey: Davy Russell (claim: 0), Trainer: Gordon Elliott
2025-06-12 23:40:54,566 - INFO - Position/Length - Found 1 children: Position: 1st, Lost by: N/A
2025-06-12 23:40:54,566 - INFO - Confirmed winner: Found A Fifty (IRE)
2025-06-12 23:40:54,566 - INFO - Extracted: Found A Fifty (IRE) - Position: 1st, Lost by: N/A, Jockey: Davy Russell (claim: 0), Trainer: Gordon Elliott, Age: 6, Weight: 11-12, Rating: -
2025-06-12 23:40:54,566 - INFO - Processing sub block #26 for https://www.racingtv.com/results/2023-01-28/fairyhouse/1446
2025-06-12 23:40:54,567 - INFO - Found 3 <a> tags - Horse: Catch The Beast (IRE), Jockey: Keith Donoghue (claim: 0), Trainer: Edward Cawley
2025-06-12 23:40:54,567 - INFO - Position/Length - Found 2 children: Position: 25th, Lost by: 2 l
2025-06-12 23:40:54,568 - INFO - Extracted: Catch The Beast (IRE) - Position: 25th, Lost by: 2 l, Jockey: Keith Donoghue (claim: 0), Trainer: Edward Cawley, Age: 5, Weight: 11-12, Rating: -
2025-06-12 23:40:54,568 - INFO - Processing sub block #27 for https://www.racingtv.com/results/2023-01-28/fairyhouse/1446
2025-06-12 23:40:54,568 - INFO - Found 3 <a> tags - Horse: Makingachamp (IRE), Jockey: Denis O'Regan (claim: 0), Trainer: Noel Meade
2025-06-12 23:40:54,569 - INFO - Position/Length - Found 2 children: Position: 24th, Lost by: 2 l
2025-06-12 23:40:54,569 - INFO - Extracted: Makingachamp (IRE) - Position: 24th, Lost by: 2 l, Jockey: Denis O'Regan (claim: 0), Trainer: Noel Meade, Age: 5, Weight: 11-12, Rating: -
2025-06-12 23:40:54,569 - INFO - Processing sub block #28 for https://www.racingtv.com/results/2023-01-28/fairyhouse/1446
2025-06-12 23:40:54,570 - INFO - Found 3 <a> tags - Horse: Free Parking (IRE), Jockey: Thomas Reilly (claim: 7), Trainer: John McConnell
2025-06-12 23:40:54,570 - INFO - Position/Length - Found 2 children: Position: 23rd, Lost by: 37 l
2025-06-12 23:40:54,570 - INFO - Extracted: Free Parking (IRE) - Position: 23rd, Lost by: 37 l, Jockey: Thomas Reilly (claim: 7), Trainer: John McConnell, Age: 6, Weight: 11-12t, Rating: -
2025-06-12 23:40:54,571 - INFO - Processing sub block #29 for https://www.racingtv.com/results/2023-01-28/fairyhouse/1446
2025-06-12 23:40:54,571 - INFO - Found 3 <a> tags - Horse: Coco Kolada (IRE), Jockey: Donagh Meyler (claim: 0), Trainer: Karl Thornton
2025-06-12 23:40:54,572 - INFO - Position/Length - Found 2 children: Position: 22nd, Lost by: 2 l
2025-06-12 23:40:54,572 - INFO - Extracted: Coco Kolada (IRE) - Position: 22nd, Lost by: 2 l, Jockey: Donagh Meyler (claim: 0), Trainer: Karl Thornton, Age: 5, Weight: 11-12, Rating: -
2025-06-12 23:40:54,572 - INFO - Processing sub block #30 for https://www.racingtv.com/results/2023-01-28/fairyhouse/1446
2025-06-12 23:40:54,572 - INFO - Found 3 <a> tags - Horse: Mighty Oak Lad (IRE), Jockey: R. A. Doyle (claim: 0), Trainer: Karl Thornton
2025-06-12 23:40:54,573 - INFO - Position/Length - Found 2 children: Position: 21st, Lost by: 1/2 l
2025-06-12 23:40:54,573 - INFO - Extracted: Mighty Oak Lad (IRE) - Position: 21st, Lost by: 1/2 l, Jockey: R. A. Doyle (claim: 0), Trainer: Karl Thornton, Age: 5, Weight: 11-12, Rating: -
2025-06-12 23:40:54,574 - INFO - Processing sub block #31 for https://www.racingtv.com/results/2023-01-28/fairyhouse/1446
2025-06-12 23:40:54,574 - INFO - Found 3 <a> tags - Horse: Do Whatever (IRE), Jockey: L. P. Dempsey (claim: 0), Trainer: J. T. R. Dreaper
2025-06-12 23:40:54,575 - INFO - Position/Length - Found 2 children: Position: 20th, Lost by: 1/2 l
2025-06-12 23:40:54,575 - INFO - Extracted: Do Whatever (IRE) - Position: 20th, Lost by: 1/2 l, Jockey: L. P. Dempsey (claim: 0), Trainer: J. T. R. Dreaper, Age: 6, Weight: 11-12, Rating: -
2025-06-12 23:40:54,575 - INFO - Processing sub block #32 for https://www.racingtv.com/results/2023-01-28/fairyhouse/1446
2025-06-12 23:40:54,576 - INFO - Found 3 <a> tags - Horse: Wendell's Lass, Jockey: Gavin Peter Brouder (claim: 5), Trainer: T. Gibney
2025-06-12 23:40:54,577 - INFO - Position/Length - Found 2 children: Position: 19th, Lost by: 1 l
2025-06-12 23:40:54,578 - INFO - Extracted: Wendell's Lass - Position: 19th, Lost by: 1 l, Jockey: Gavin Peter Brouder (claim: 5), Trainer: T. Gibney, Age: 4, Weight: 10-6, Rating: -
2025-06-12 23:40:54,578 - INFO - Processing sub block #33 for https://www.racingtv.com/results/2023-01-28/fairyhouse/1446
2025-06-12 23:40:54,578 - INFO - Found 3 <a> tags - Horse: Shanroe Act (IRE), Jockey: Sean Flanagan (claim: 0), Trainer: Karl Thornton
2025-06-12 23:40:54,579 - INFO - Position/Length - Found 2 children: Position: 18th, Lost by: 1 1/2 l
2025-06-12 23:40:54,579 - INFO - Extracted: Shanroe Act (IRE) - Position: 18th, Lost by: 1 1/2 l, Jockey: Sean Flanagan (claim: 0), Trainer: Karl Thornton, Age: 5, Weight: 11-12, Rating: -
2025-06-12 23:40:54,579 - INFO - Processing sub block #34 for https://www.racingtv.com/results/2023-01-28/fairyhouse/1446
2025-06-12 23:40:54,580 - INFO - Found 3 <a> tags - Horse: Doyen For A Drink (IRE), Jockey: Richard Deegan (claim: 0), Trainer: Paul Nolan
2025-06-12 23:40:54,580 - INFO - Position/Length - Found 2 children: Position: 17th, Lost by: 3 3/4 l
2025-06-12 23:40:54,581 - INFO - Extracted: Doyen For A Drink (IRE) - Position: 17th, Lost by: 3 3/4 l, Jockey: Richard Deegan (claim: 0), Trainer: Paul Nolan, Age: 6, Weight: 11-5, Rating: -
2025-06-12 23:40:54,581 - INFO - Processing sub block #35 for https://www.racingtv.com/results/2023-01-28/fairyhouse/1446
2025-06-12 23:40:54,581 - INFO - Found 3 <a> tags - Horse: Annie Beag (IRE), Jockey: Adam Ellis (claim: 7), Trainer: W. J. Austin
2025-06-12 23:40:54,582 - INFO - Position/Length - Found 2 children: Position: 16th, Lost by: 1 1/4 l
2025-06-12 23:40:54,582 - INFO - Extracted: Annie Beag (IRE) - Position: 16th, Lost by: 1 1/4 l, Jockey: Adam Ellis (claim: 7), Trainer: W. J. Austin, Age: 6, Weight: 11-5, Rating: -
2025-06-12 23:40:54,582 - INFO - Processing sub block #36 for https://www.racingtv.com/results/2023-01-28/fairyhouse/1446
2025-06-12 23:40:54,583 - INFO - Found 3 <a> tags - Horse: Slate Lane (IRE), Jockey: N. T. Prendergast (claim: 7), Trainer: Paul Hennessy
2025-06-12 23:40:54,583 - INFO - Position/Length - Found 2 children: Position: 15th, Lost by: Short Head
2025-06-12 23:40:54,583 - INFO - Extracted: Slate Lane (IRE) - Position: 15th, Lost by: Short Head, Jockey: N. T. Prendergast (claim: 7), Trainer: Paul Hennessy, Age: 5, Weight: 11-12, Rating: -
2025-06-12 23:40:54,584 - INFO - Processing sub block #37 for https://www.racingtv.com/results/2023-01-28/fairyhouse/1446
2025-06-12 23:40:54,584 - INFO - Found 3 <a> tags - Horse: Flemensreva (IRE), Jockey: S. F. O'Keeffe (claim: 0), Trainer: Paul Nolan
2025-06-12 23:40:54,585 - INFO - Position/Length - Found 2 children: Position: 14th, Lost by: 4 3/4 l
2025-06-12 23:40:54,585 - INFO - Extracted: Flemensreva (IRE) - Position: 14th, Lost by: 4 3/4 l, Jockey: S. F. O'Keeffe (claim: 0), Trainer: Paul Nolan, Age: 5, Weight: 11-5, Rating: -
2025-06-12 23:40:54,585 - INFO - Processing sub block #38 for https://www.racingtv.com/results/2023-01-28/fairyhouse/1446
2025-06-12 23:40:54,585 - INFO - Found 3 <a> tags - Horse: Park Of Kings (IRE), Jockey: J. S. McGarvey (claim: 0), Trainer: Paul Nolan
2025-06-12 23:40:54,586 - INFO - Position/Length - Found 2 children: Position: 13th, Lost by: 1 1/4 l
2025-06-12 23:40:54,586 - INFO - Extracted: Park Of Kings (IRE) - Position: 13th, Lost by: 1 1/4 l, Jockey: J. S. McGarvey (claim: 0), Trainer: Paul Nolan, Age: 5, Weight: 11-12, Rating: -
2025-06-12 23:40:54,586 - INFO - Processing sub block #39 for https://www.racingtv.com/results/2023-01-28/fairyhouse/1446
2025-06-12 23:40:54,587 - INFO - Found 3 <a> tags - Horse: Aegirine (IRE), Jockey: R. J. Condon (claim: 5), Trainer: Eugene M. O'Sullivan
2025-06-12 23:40:54,587 - INFO - Position/Length - Found 2 children: Position: 12th, Lost by: 2 l
2025-06-12 23:40:54,587 - INFO - Extracted: Aegirine (IRE) - Position: 12th, Lost by: 2 l, Jockey: R. J. Condon (claim: 5), Trainer: Eugene M. O'Sullivan, Age: 4, Weight: 10-6, Rating: -
2025-06-12 23:40:54,588 - INFO - Processing sub block #40 for https://www.racingtv.com/results/2023-01-28/fairyhouse/1446
2025-06-12 23:40:54,588 - INFO - Found 3 <a> tags - Horse: Tony's Pet (FR), Jockey: M. J. M. O'Sullivan (claim: 5), Trainer: Barry Connell
2025-06-12 23:40:54,589 - INFO - Position/Length - Found 2 children: Position: 11th, Lost by: 2 l
2025-06-12 23:40:54,589 - INFO - Extracted: Tony's Pet (FR) - Position: 11th, Lost by: 2 l, Jockey: M. J. M. O'Sullivan (claim: 5), Trainer: Barry Connell, Age: 6, Weight: 11-12, Rating: -
2025-06-12 23:40:54,589 - INFO - Processing sub block #41 for https://www.racingtv.com/results/2023-01-28/fairyhouse/1446
2025-06-12 23:40:54,589 - INFO - Found 3 <a> tags - Horse: Must Go Now (IRE), Jockey: Phillip Enright (claim: 0), Trainer: Edward Cawley
2025-06-12 23:40:54,590 - INFO - Position/Length - Found 2 children: Position: 10th, Lost by: 15 l
2025-06-12 23:40:54,590 - INFO - Extracted: Must Go Now (IRE) - Position: 10th, Lost by: 15 l, Jockey: Phillip Enright (claim: 0), Trainer: Edward Cawley, Age: 6, Weight: 11-12, Rating: -
2025-06-12 23:40:54,591 - INFO - Processing sub block #42 for https://www.racingtv.com/results/2023-01-28/fairyhouse/1446
2025-06-12 23:40:54,591 - INFO - Found 3 <a> tags - Horse: Getaway Molly (IRE), Jockey: Patrick Michael O'Brien (claim: 7), Trainer: Patrick Rooney
2025-06-12 23:40:54,592 - INFO - Position/Length - Found 2 children: Position: 9th, Lost by: 6 l
2025-06-12 23:40:54,592 - INFO - Extracted: Getaway Molly (IRE) - Position: 9th, Lost by: 6 l, Jockey: Patrick Michael O'Brien (claim: 7), Trainer: Patrick Rooney, Age: 7, Weight: 11-5p1, Rating: -
2025-06-12 23:40:54,592 - INFO - Processing sub block #43 for https://www.racingtv.com/results/2023-01-28/fairyhouse/1446
2025-06-12 23:40:54,593 - INFO - Found 3 <a> tags - Horse: Bocelli's Voice (IRE), Jockey: C. D. Maxwell (claim: 0), Trainer: Dermot Anthony McLoughlin
2025-06-12 23:40:54,594 - INFO - Position/Length - Found 2 children: Position: 8th, Lost by: 3/4 l
2025-06-12 23:40:54,594 - INFO - Extracted: Bocelli's Voice (IRE) - Position: 8th, Lost by: 3/4 l, Jockey: C. D. Maxwell (claim: 0), Trainer: Dermot Anthony McLoughlin, Age: 7, Weight: 11-12, Rating: -
2025-06-12 23:40:54,594 - INFO - Processing sub block #44 for https://www.racingtv.com/results/2023-01-28/fairyhouse/1446
2025-06-12 23:40:54,594 - INFO - Found 3 <a> tags - Horse: Star Official (IRE), Jockey: K. E. Buckley (claim: 5), Trainer: R. Donohoe
2025-06-12 23:40:54,595 - INFO - Position/Length - Found 2 children: Position: 7th, Lost by: 1/2 l
2025-06-12 23:40:54,595 - INFO - Extracted: Star Official (IRE) - Position: 7th, Lost by: 1/2 l, Jockey: K. E. Buckley (claim: 5), Trainer: R. Donohoe, Age: 5, Weight: 11-12h, Rating: -
2025-06-12 23:40:54,595 - INFO - Processing sub block #45 for https://www.racingtv.com/results/2023-01-28/fairyhouse/1446
2025-06-12 23:40:54,596 - INFO - Found 3 <a> tags - Horse: Arabian Diamond (IRE), Jockey: Jordan Colin Gainford (claim: 0), Trainer: Gordon Elliott
2025-06-12 23:40:54,596 - INFO - Position/Length - Found 2 children: Position: 6th, Lost by: 2 1/2 l
2025-06-12 23:40:54,597 - INFO - Extracted: Arabian Diamond (IRE) - Position: 6th, Lost by: 2 1/2 l, Jockey: Jordan Colin Gainford (claim: 0), Trainer: Gordon Elliott, Age: 5, Weight: 11-12, Rating: -
2025-06-12 23:40:54,597 - INFO - Processing sub block #46 for https://www.racingtv.com/results/2023-01-28/fairyhouse/1446
2025-06-12 23:40:54,597 - INFO - Found 3 <a> tags - Horse: Realism (IRE), Jockey: S. D. Torrens (claim: 0), Trainer: Joseph Patrick O'Brien
2025-06-12 23:40:54,598 - INFO - Position/Length - Found 2 children: Position: 5th, Lost by: 3/4 l
2025-06-12 23:40:54,598 - INFO - Extracted: Realism (IRE) - Position: 5th, Lost by: 3/4 l, Jockey: S. D. Torrens (claim: 0), Trainer: Joseph Patrick O'Brien, Age: 4, Weight: 10-13t, Rating: -
2025-06-12 23:40:54,598 - INFO - Processing sub block #47 for https://www.racingtv.com/results/2023-01-28/fairyhouse/1446
2025-06-12 23:40:54,599 - INFO - Found 3 <a> tags - Horse: Walhaan (IRE), Jockey: E. Walsh (claim: 5), Trainer: Ciaran Murphy
2025-06-12 23:40:54,600 - INFO - Position/Length - Found 2 children: Position: 4th, Lost by: 9 l
2025-06-12 23:40:54,600 - INFO - Extracted: Walhaan (IRE) - Position: 4th, Lost by: 9 l, Jockey: E. Walsh (claim: 5), Trainer: Ciaran Murphy, Age: 7, Weight: 11-12, Rating: -
2025-06-12 23:40:54,600 - INFO - Processing sub block #48 for https://www.racingtv.com/results/2023-01-28/fairyhouse/1446
2025-06-12 23:40:54,600 - INFO - Found 3 <a> tags - Horse: Tag Man (IRE), Jockey: Rachael Blackmore (claim: 0), Trainer: Henry de Bromhead
2025-06-12 23:40:54,601 - INFO - Position/Length - Found 2 children: Position: 3rd, Lost by: 15 l
2025-06-12 23:40:54,601 - INFO - Extracted: Tag Man (IRE) - Position: 3rd, Lost by: 15 l, Jockey: Rachael Blackmore (claim: 0), Trainer: Henry de Bromhead, Age: 7, Weight: 11-12, Rating: -
2025-06-12 23:40:54,601 - INFO - Processing sub block #49 for https://www.racingtv.com/results/2023-01-28/fairyhouse/1446
2025-06-12 23:40:54,602 - INFO - Found 3 <a> tags - Horse: Parmenion, Jockey: B. J. Cooper (claim: 0), Trainer: W. P. Mullins
2025-06-12 23:40:54,602 - INFO - Position/Length - Found 2 children: Position: 2nd, Lost by: 9 1/2 l
2025-06-12 23:40:54,602 - INFO - Extracted: Parmenion - Position: 2nd, Lost by: 9 1/2 l, Jockey: B. J. Cooper (claim: 0), Trainer: W. P. Mullins, Age: 5, Weight: 11-12t1, Rating: -
2025-06-12 23:40:54,603 - INFO - Processing sub block #50 for https://www.racingtv.com/results/2023-01-28/fairyhouse/1446
2025-06-12 23:40:54,603 - INFO - Found 3 <a> tags - Horse: Found A Fifty (IRE), Jockey: Davy Russell (claim: 0), Trainer: Gordon Elliott
2025-06-12 23:40:54,604 - INFO - Position/Length - Found 1 children: Position: 1st, Lost by: N/A
2025-06-12 23:40:54,604 - INFO - Extracted: Found A Fifty (IRE) - Position: 1st, Lost by: N/A, Jockey: Davy Russell (claim: 0), Trainer: Gordon Elliott, Age: 6, Weight: 11-12, Rating: -
2025-06-12 23:40:54,604 - INFO - Successfully extracted 50/50 horse records from https://www.racingtv.com/results/2023-01-28/fairyhouse/1446
2025-06-12 23:40:54,604 - INFO - :) First place horse found successfully
2025-06-12 23:40:54,604 - INFO - :) First place horse found successfully
2025-06-12 23:40:54,605 - INFO - :) First place horse found successfully
2025-06-12 23:40:54,605 - INFO - :) First place horse found successfully
2025-06-12 23:40:54,605 - INFO - :) First place horse found successfully
2025-06-12 23:40:54,605 - INFO - :) First place horse found successfully
2025-06-12 23:40:54,605 - INFO - :) First place horse found successfully
2025-06-12 23:40:54,606 - INFO - :) First place horse found successfully
2025-06-12 23:40:54,606 - INFO - :) First place horse found successfully
2025-06-12 23:40:54,606 - INFO - :) First place horse found successfully
2025-06-12 23:40:54,606 - INFO - :) First place horse found successfully
2025-06-12 23:40:54,606 - INFO - :) First place horse found successfully
2025-06-12 23:40:54,606 - INFO - :) First place horse found successfully
2025-06-12 23:40:54,607 - INFO - :) First place horse found successfully
2025-06-12 23:40:54,607 - INFO - :) First place horse found successfully
2025-06-12 23:40:54,607 - INFO - :) First place horse found successfully
2025-06-12 23:40:54,607 - INFO - :) First place horse found successfully
2025-06-12 23:40:54,607 - INFO - :) First place horse found successfully
2025-06-12 23:40:54,608 - INFO - :) First place horse found successfully
2025-06-12 23:40:54,608 - INFO - :) First place horse found successfully
2025-06-12 23:40:54,608 - INFO - :) First place horse found successfully
2025-06-12 23:40:54,608 - INFO - :) First place horse found successfully
2025-06-12 23:40:54,608 - INFO - :) First place horse found successfully
2025-06-12 23:40:54,608 - INFO - :) First place horse found successfully
2025-06-12 23:40:54,609 - INFO - :) First place horse found successfully
2025-06-12 23:40:54,609 - INFO - :) First place horse found successfully
2025-06-12 23:40:54,609 - INFO - :) First place horse found successfully
2025-06-12 23:40:54,609 - INFO - :) First place horse found successfully
2025-06-12 23:40:54,609 - INFO - :) First place horse found successfully
2025-06-12 23:40:54,610 - INFO - :) First place horse found successfully
2025-06-12 23:40:54,610 - INFO - :) First place horse found successfully
2025-06-12 23:40:54,610 - INFO - :) First place horse found successfully
2025-06-12 23:40:54,610 - INFO - :) First place horse found successfully
2025-06-12 23:40:54,611 - INFO - :) First place horse found successfully
2025-06-12 23:40:54,611 - INFO - :) First place horse found successfully
2025-06-12 23:40:54,611 - INFO - :) First place horse found successfully
2025-06-12 23:40:54,611 - INFO - :) First place horse found successfully
2025-06-12 23:40:54,612 - INFO - :) First place horse found successfully
2025-06-12 23:40:54,612 - INFO - :) First place horse found successfully
2025-06-12 23:40:54,612 - INFO - :) First place horse found successfully
2025-06-12 23:40:54,612 - INFO - :) First place horse found successfully
2025-06-12 23:40:54,612 - INFO - :) First place horse found successfully
2025-06-12 23:40:54,612 - INFO - :) First place horse found successfully
2025-06-12 23:40:54,613 - INFO - :) First place horse found successfully
2025-06-12 23:40:54,613 - INFO - :) First place horse found successfully
2025-06-12 23:40:54,613 - INFO - :) First place horse found successfully
2025-06-12 23:40:54,613 - INFO - :) First place horse found successfully
2025-06-12 23:40:54,613 - INFO - :) First place horse found successfully
2025-06-12 23:40:54,614 - INFO - :) First place horse found successfully
2025-06-12 23:40:54,614 - INFO - :) First place horse found successfully
2025-06-12 23:40:54,614 - INFO - :) First place horse found successfully
2025-06-12 23:40:54,614 - INFO - Successfully parsed 50 horse records from: https://www.racingtv.com/results/2023-01-28/fairyhouse/1446
2025-06-12 23:40:54,614 - INFO - Waiting 2 seconds before next request...
2025-06-12 23:40:56,616 - INFO - Batch 40 - URL 10/50: https://www.racingtv.com/results/2023-01-28/fairyhouse/1521
2025-06-12 23:40:56,616 - INFO - Loading page with Selenium: https://www.racingtv.com/results/2023-01-28/fairyhouse/1521
2025-06-12 23:41:01,577 - INFO - Racing main block detected for: https://www.racingtv.com/results/2023-01-28/fairyhouse/1521
2025-06-12 23:41:01,609 - INFO - Successfully loaded page: https://www.racingtv.com/results/2023-01-28/fairyhouse/1521
2025-06-12 23:41:01,735 - INFO - Extracted race info - Track: N/A, Date: N/A, Time: 15:21
2025-06-12 23:41:01,735 - INFO - Found 2nd h3 tag: Soft  5YO+ 2m 4f 93y Winner: €12,000 (14 runners)
2025-06-12 23:41:01,735 - INFO - Extracted - Going: Soft, Distance: 2m 4f 93y
2025-06-12 23:41:01,735 - INFO - Extracting racing data from: https://www.racingtv.com/results/2023-01-28/fairyhouse/1521
2025-06-12 23:41:01,751 - INFO - Processing main block #1 for https://www.racingtv.com/results/2023-01-28/fairyhouse/1521
2025-06-12 23:41:01,777 - INFO - Checking 2nd child of main block for first place horse...
2025-06-12 23:41:01,785 - INFO - Found alternative horse block structure with 3 links
2025-06-12 23:41:01,786 - INFO - Found alternative horse block structure with 3 links
2025-06-12 23:41:01,786 - INFO - Found alternative horse block structure with 3 links
2025-06-12 23:41:01,786 - INFO - Found alternative horse block structure with 3 links
2025-06-12 23:41:01,787 - INFO - Found alternative horse block structure with 3 links
2025-06-12 23:41:01,787 - INFO - Found alternative horse block structure with 3 links
2025-06-12 23:41:01,787 - INFO - Found alternative horse block structure with 3 links
2025-06-12 23:41:01,788 - INFO - Found alternative horse block structure with 3 links
2025-06-12 23:41:01,788 - INFO - Found alternative horse block structure with 3 links
2025-06-12 23:41:01,788 - INFO - Found alternative horse block structure with 3 links
2025-06-12 23:41:01,788 - INFO - Found alternative horse block structure with 3 links
2025-06-12 23:41:01,789 - INFO - Found alternative horse block structure with 3 links
2025-06-12 23:41:01,789 - INFO - Found alternative horse block structure with 3 links
2025-06-12 23:41:01,789 - INFO - Found alternative horse block structure with 3 links
2025-06-12 23:41:01,814 - INFO - Found likely first place horse via structure analysis: Buddy One (IRE)
2025-06-12 23:41:01,817 - INFO - Found potential first place horse with background styling
2025-06-12 23:41:01,817 - INFO - Found potential first place horse with background styling
2025-06-12 23:41:01,817 - INFO - Found potential first place horse with background styling
2025-06-12 23:41:01,818 - INFO - Found potential first place horse with background styling
2025-06-12 23:41:01,818 - INFO - Found potential first place horse with background styling
2025-06-12 23:41:01,818 - INFO - Found potential first place horse with background styling
2025-06-12 23:41:01,819 - INFO - Found potential first place horse with background styling
2025-06-12 23:41:01,819 - INFO - Found potential first place horse with background styling
2025-06-12 23:41:01,819 - INFO - Found potential first place horse with background styling
2025-06-12 23:41:01,820 - INFO - Found potential first place horse with background styling
2025-06-12 23:41:01,820 - INFO - Found potential first place horse with background styling
2025-06-12 23:41:01,821 - INFO - Found potential first place horse with background styling
2025-06-12 23:41:01,821 - INFO - Found potential first place horse with background styling
2025-06-12 23:41:01,821 - INFO - Found 28 horse entries for https://www.racingtv.com/results/2023-01-28/fairyhouse/1521 using multiple detection methods
2025-06-12 23:41:01,821 - INFO - Processing sub block #1 for https://www.racingtv.com/results/2023-01-28/fairyhouse/1521
2025-06-12 23:41:01,822 - INFO - Found 3 <a> tags - Horse: Duncarrig (IRE), Jockey: Rachael Blackmore (claim: 0), Trainer: P. J. Rothwell
2025-06-12 23:41:01,823 - INFO - Position/Length - Found 1 children: Position: PU, Lost by: N/A
2025-06-12 23:41:01,823 - INFO - Extracted: Duncarrig (IRE) - Position: PU, Lost by: N/A, Jockey: Rachael Blackmore (claim: 0), Trainer: P. J. Rothwell, Age: 6, Weight: 11-12p1, Rating: -
2025-06-12 23:41:01,823 - INFO - Processing sub block #2 for https://www.racingtv.com/results/2023-01-28/fairyhouse/1521
2025-06-12 23:41:01,824 - INFO - Found 3 <a> tags - Horse: Malton Groove (IRE), Jockey: Davy Russell (claim: 0), Trainer: Gordon Elliott
2025-06-12 23:41:01,824 - INFO - Position/Length - Found 1 children: Position: F, Lost by: N/A
2025-06-12 23:41:01,825 - INFO - Extracted: Malton Groove (IRE) - Position: F, Lost by: N/A, Jockey: Davy Russell (claim: 0), Trainer: Gordon Elliott, Age: 6, Weight: 11-12, Rating: -
2025-06-12 23:41:01,825 - INFO - Processing sub block #3 for https://www.racingtv.com/results/2023-01-28/fairyhouse/1521
2025-06-12 23:41:01,826 - INFO - Found 3 <a> tags - Horse: Neev's Dream (IRE), Jockey: E. Walsh (claim: 5), Trainer: T. Gibney
2025-06-12 23:41:01,827 - INFO - Position/Length - Found 2 children: Position: 12th, Lost by: 29 l
2025-06-12 23:41:01,827 - INFO - Extracted: Neev's Dream (IRE) - Position: 12th, Lost by: 29 l, Jockey: E. Walsh (claim: 5), Trainer: T. Gibney, Age: 5, Weight: 11-5t, Rating: -
2025-06-12 23:41:01,828 - INFO - Processing sub block #4 for https://www.racingtv.com/results/2023-01-28/fairyhouse/1521
2025-06-12 23:41:01,828 - INFO - Found 3 <a> tags - Horse: Coole Vision (IRE), Jockey: R. P. Geoghegan (claim: 7), Trainer: Norman Lee
2025-06-12 23:41:01,829 - INFO - Position/Length - Found 2 children: Position: 11th, Lost by: 9 1/2 l
2025-06-12 23:41:01,829 - INFO - Extracted: Coole Vision (IRE) - Position: 11th, Lost by: 9 1/2 l, Jockey: R. P. Geoghegan (claim: 7), Trainer: Norman Lee, Age: 6, Weight: 11-12t, Rating: -
2025-06-12 23:41:01,830 - INFO - Processing sub block #5 for https://www.racingtv.com/results/2023-01-28/fairyhouse/1521
2025-06-12 23:41:01,830 - INFO - Found 3 <a> tags - Horse: Ask Bob (IRE), Jockey: S. D. Torrens (claim: 0), Trainer: John McConnell
2025-06-12 23:41:01,831 - INFO - Position/Length - Found 2 children: Position: 10th, Lost by: 1 1/4 l
2025-06-12 23:41:01,831 - INFO - Extracted: Ask Bob (IRE) - Position: 10th, Lost by: 1 1/4 l, Jockey: S. D. Torrens (claim: 0), Trainer: John McConnell, Age: 6, Weight: 11-12h, Rating: -
2025-06-12 23:41:01,832 - INFO - Processing sub block #6 for https://www.racingtv.com/results/2023-01-28/fairyhouse/1521
2025-06-12 23:41:01,832 - INFO - Found 3 <a> tags - Horse: Cool Croi (IRE), Jockey: N. R. Andrews (claim: 7), Trainer: Gordon Elliott
2025-06-12 23:41:01,834 - INFO - Position/Length - Found 2 children: Position: 9th, Lost by: 7 l
2025-06-12 23:41:01,834 - INFO - Extracted: Cool Croi (IRE) - Position: 9th, Lost by: 7 l, Jockey: N. R. Andrews (claim: 7), Trainer: Gordon Elliott, Age: 6, Weight: 11-5, Rating: -
2025-06-12 23:41:01,834 - INFO - Processing sub block #7 for https://www.racingtv.com/results/2023-01-28/fairyhouse/1521
2025-06-12 23:41:01,835 - INFO - Found 3 <a> tags - Horse: Away To Milan (IRE), Jockey: Patrick O'Hanlon (claim: 5), Trainer: P. J. Rothwell
2025-06-12 23:41:01,836 - INFO - Position/Length - Found 2 children: Position: 8th, Lost by: 19 l
2025-06-12 23:41:01,836 - INFO - Extracted: Away To Milan (IRE) - Position: 8th, Lost by: 19 l, Jockey: Patrick O'Hanlon (claim: 5), Trainer: P. J. Rothwell, Age: 5, Weight: 11-12, Rating: -
2025-06-12 23:41:01,836 - INFO - Processing sub block #8 for https://www.racingtv.com/results/2023-01-28/fairyhouse/1521
2025-06-12 23:41:01,837 - INFO - Found 3 <a> tags - Horse: Roccabaker (IRE), Jockey: C. M. Quirke (claim: 7), Trainer: A. Slattery
2025-06-12 23:41:01,838 - INFO - Position/Length - Found 2 children: Position: 7th, Lost by: 1 3/4 l
2025-06-12 23:41:01,838 - INFO - Extracted: Roccabaker (IRE) - Position: 7th, Lost by: 1 3/4 l, Jockey: C. M. Quirke (claim: 7), Trainer: A. Slattery, Age: 5, Weight: 11-5, Rating: -
2025-06-12 23:41:01,838 - INFO - Processing sub block #9 for https://www.racingtv.com/results/2023-01-28/fairyhouse/1521
2025-06-12 23:41:01,839 - INFO - Found 3 <a> tags - Horse: I Am Rocco, Jockey: B. Hayes (claim: 0), Trainer: W. P. Mullins
2025-06-12 23:41:01,839 - INFO - Position/Length - Found 2 children: Position: 6th, Lost by: 1 1/2 l
2025-06-12 23:41:01,839 - INFO - Extracted: I Am Rocco - Position: 6th, Lost by: 1 1/2 l, Jockey: B. Hayes (claim: 0), Trainer: W. P. Mullins, Age: 6, Weight: 11-12, Rating: -
2025-06-12 23:41:01,840 - INFO - Processing sub block #10 for https://www.racingtv.com/results/2023-01-28/fairyhouse/1521
2025-06-12 23:41:01,840 - INFO - Found 3 <a> tags - Horse: Jane Wilde (IRE), Jockey: L. A. McKenna (claim: 7), Trainer: Colm A. Murphy
2025-06-12 23:41:01,841 - INFO - Position/Length - Found 2 children: Position: 5th, Lost by: 5 1/2 l
2025-06-12 23:41:01,842 - INFO - Extracted: Jane Wilde (IRE) - Position: 5th, Lost by: 5 1/2 l, Jockey: L. A. McKenna (claim: 7), Trainer: Colm A. Murphy, Age: 5, Weight: 11-5t, Rating: -
2025-06-12 23:41:01,842 - INFO - Processing sub block #11 for https://www.racingtv.com/results/2023-01-28/fairyhouse/1521
2025-06-12 23:41:01,843 - INFO - Found 3 <a> tags - Horse: Soldaro (IRE), Jockey: Sean Flanagan (claim: 0), Trainer: Gavin Patrick Cromwell
2025-06-12 23:41:01,844 - INFO - Position/Length - Found 2 children: Position: 4th, Lost by: 6 l
2025-06-12 23:41:01,844 - INFO - Extracted: Soldaro (IRE) - Position: 4th, Lost by: 6 l, Jockey: Sean Flanagan (claim: 0), Trainer: Gavin Patrick Cromwell, Age: 5, Weight: 11-5t, Rating: -
2025-06-12 23:41:01,844 - INFO - Processing sub block #12 for https://www.racingtv.com/results/2023-01-28/fairyhouse/1521
2025-06-12 23:41:01,845 - INFO - Found 3 <a> tags - Horse: El Capitaine (IRE), Jockey: Keith Donoghue (claim: 0), Trainer: Michael Lynch
2025-06-12 23:41:01,845 - INFO - Position/Length - Found 2 children: Position: 3rd, Lost by: 1 1/2 l
2025-06-12 23:41:01,846 - INFO - Extracted: El Capitaine (IRE) - Position: 3rd, Lost by: 1 1/2 l, Jockey: Keith Donoghue (claim: 0), Trainer: Michael Lynch, Age: 5, Weight: 11-12h, Rating: -
2025-06-12 23:41:01,847 - INFO - Processing sub block #13 for https://www.racingtv.com/results/2023-01-28/fairyhouse/1521
2025-06-12 23:41:01,847 - INFO - Found 3 <a> tags - Horse: Harvard Guy, Jockey: L. P. Dempsey (claim: 0), Trainer: Eddie & Patrick Harty
2025-06-12 23:41:01,848 - INFO - Position/Length - Found 2 children: Position: 2nd, Lost by: 3 1/4 l
2025-06-12 23:41:01,848 - INFO - Extracted: Harvard Guy - Position: 2nd, Lost by: 3 1/4 l, Jockey: L. P. Dempsey (claim: 0), Trainer: Eddie & Patrick Harty, Age: 5, Weight: 11-12, Rating: -
2025-06-12 23:41:01,848 - INFO - Processing sub block #14 for https://www.racingtv.com/results/2023-01-28/fairyhouse/1521
2025-06-12 23:41:01,849 - INFO - Found 3 <a> tags - Horse: Buddy One (IRE), Jockey: Jack G. Gilligan (claim: 7), Trainer: Paul John Gilligan
2025-06-12 23:41:01,849 - INFO - Position/Length - Found 1 children: Position: 1st, Lost by: N/A
2025-06-12 23:41:01,850 - INFO - Confirmed winner: Buddy One (IRE)
2025-06-12 23:41:01,850 - INFO - Extracted: Buddy One (IRE) - Position: 1st, Lost by: N/A, Jockey: Jack G. Gilligan (claim: 7), Trainer: Paul John Gilligan, Age: 6, Weight: 11-12, Rating: -
2025-06-12 23:41:01,850 - INFO - Processing sub block #15 for https://www.racingtv.com/results/2023-01-28/fairyhouse/1521
2025-06-12 23:41:01,850 - INFO - Found 3 <a> tags - Horse: Duncarrig (IRE), Jockey: Rachael Blackmore (claim: 0), Trainer: P. J. Rothwell
2025-06-12 23:41:01,850 - INFO - Position/Length - Found 1 children: Position: PU, Lost by: N/A
2025-06-12 23:41:01,850 - INFO - Extracted: Duncarrig (IRE) - Position: PU, Lost by: N/A, Jockey: Rachael Blackmore (claim: 0), Trainer: P. J. Rothwell, Age: 6, Weight: 11-12p1, Rating: -
2025-06-12 23:41:01,850 - INFO - Processing sub block #16 for https://www.racingtv.com/results/2023-01-28/fairyhouse/1521
2025-06-12 23:41:01,850 - INFO - Found 3 <a> tags - Horse: Malton Groove (IRE), Jockey: Davy Russell (claim: 0), Trainer: Gordon Elliott
2025-06-12 23:41:01,850 - INFO - Position/Length - Found 1 children: Position: F, Lost by: N/A
2025-06-12 23:41:01,850 - INFO - Extracted: Malton Groove (IRE) - Position: F, Lost by: N/A, Jockey: Davy Russell (claim: 0), Trainer: Gordon Elliott, Age: 6, Weight: 11-12, Rating: -
2025-06-12 23:41:01,850 - INFO - Processing sub block #17 for https://www.racingtv.com/results/2023-01-28/fairyhouse/1521
2025-06-12 23:41:01,850 - INFO - Found 3 <a> tags - Horse: Neev's Dream (IRE), Jockey: E. Walsh (claim: 5), Trainer: T. Gibney
2025-06-12 23:41:01,850 - INFO - Position/Length - Found 2 children: Position: 12th, Lost by: 29 l
2025-06-12 23:41:01,850 - INFO - Extracted: Neev's Dream (IRE) - Position: 12th, Lost by: 29 l, Jockey: E. Walsh (claim: 5), Trainer: T. Gibney, Age: 5, Weight: 11-5t, Rating: -
2025-06-12 23:41:01,850 - INFO - Processing sub block #18 for https://www.racingtv.com/results/2023-01-28/fairyhouse/1521
2025-06-12 23:41:01,855 - INFO - Found 3 <a> tags - Horse: Coole Vision (IRE), Jockey: R. P. Geoghegan (claim: 7), Trainer: Norman Lee
2025-06-12 23:41:01,855 - INFO - Position/Length - Found 2 children: Position: 11th, Lost by: 9 1/2 l
2025-06-12 23:41:01,856 - INFO - Extracted: Coole Vision (IRE) - Position: 11th, Lost by: 9 1/2 l, Jockey: R. P. Geoghegan (claim: 7), Trainer: Norman Lee, Age: 6, Weight: 11-12t, Rating: -
2025-06-12 23:41:01,856 - INFO - Processing sub block #19 for https://www.racingtv.com/results/2023-01-28/fairyhouse/1521
2025-06-12 23:41:01,856 - INFO - Found 3 <a> tags - Horse: Ask Bob (IRE), Jockey: S. D. Torrens (claim: 0), Trainer: John McConnell
2025-06-12 23:41:01,857 - INFO - Position/Length - Found 2 children: Position: 10th, Lost by: 1 1/4 l
2025-06-12 23:41:01,857 - INFO - Extracted: Ask Bob (IRE) - Position: 10th, Lost by: 1 1/4 l, Jockey: S. D. Torrens (claim: 0), Trainer: John McConnell, Age: 6, Weight: 11-12h, Rating: -
2025-06-12 23:41:01,857 - INFO - Processing sub block #20 for https://www.racingtv.com/results/2023-01-28/fairyhouse/1521
2025-06-12 23:41:01,858 - INFO - Found 3 <a> tags - Horse: Cool Croi (IRE), Jockey: N. R. Andrews (claim: 7), Trainer: Gordon Elliott
2025-06-12 23:41:01,858 - INFO - Position/Length - Found 2 children: Position: 9th, Lost by: 7 l
2025-06-12 23:41:01,859 - INFO - Extracted: Cool Croi (IRE) - Position: 9th, Lost by: 7 l, Jockey: N. R. Andrews (claim: 7), Trainer: Gordon Elliott, Age: 6, Weight: 11-5, Rating: -
2025-06-12 23:41:01,859 - INFO - Processing sub block #21 for https://www.racingtv.com/results/2023-01-28/fairyhouse/1521
2025-06-12 23:41:01,860 - INFO - Found 3 <a> tags - Horse: Away To Milan (IRE), Jockey: Patrick O'Hanlon (claim: 5), Trainer: P. J. Rothwell
2025-06-12 23:41:01,860 - INFO - Position/Length - Found 2 children: Position: 8th, Lost by: 19 l
2025-06-12 23:41:01,860 - INFO - Extracted: Away To Milan (IRE) - Position: 8th, Lost by: 19 l, Jockey: Patrick O'Hanlon (claim: 5), Trainer: P. J. Rothwell, Age: 5, Weight: 11-12, Rating: -
2025-06-12 23:41:01,860 - INFO - Processing sub block #22 for https://www.racingtv.com/results/2023-01-28/fairyhouse/1521
2025-06-12 23:41:01,860 - INFO - Found 3 <a> tags - Horse: Roccabaker (IRE), Jockey: C. M. Quirke (claim: 7), Trainer: A. Slattery
2025-06-12 23:41:01,860 - INFO - Position/Length - Found 2 children: Position: 7th, Lost by: 1 3/4 l
2025-06-12 23:41:01,860 - INFO - Extracted: Roccabaker (IRE) - Position: 7th, Lost by: 1 3/4 l, Jockey: C. M. Quirke (claim: 7), Trainer: A. Slattery, Age: 5, Weight: 11-5, Rating: -
2025-06-12 23:41:01,860 - INFO - Processing sub block #23 for https://www.racingtv.com/results/2023-01-28/fairyhouse/1521
2025-06-12 23:41:01,860 - INFO - Found 3 <a> tags - Horse: I Am Rocco, Jockey: B. Hayes (claim: 0), Trainer: W. P. Mullins
2025-06-12 23:41:01,860 - INFO - Position/Length - Found 2 children: Position: 6th, Lost by: 1 1/2 l
2025-06-12 23:41:01,860 - INFO - Extracted: I Am Rocco - Position: 6th, Lost by: 1 1/2 l, Jockey: B. Hayes (claim: 0), Trainer: W. P. Mullins, Age: 6, Weight: 11-12, Rating: -
2025-06-12 23:41:01,860 - INFO - Processing sub block #24 for https://www.racingtv.com/results/2023-01-28/fairyhouse/1521
2025-06-12 23:41:01,865 - INFO - Found 3 <a> tags - Horse: Jane Wilde (IRE), Jockey: L. A. McKenna (claim: 7), Trainer: Colm A. Murphy
2025-06-12 23:41:01,866 - INFO - Position/Length - Found 2 children: Position: 5th, Lost by: 5 1/2 l
2025-06-12 23:41:01,866 - INFO - Extracted: Jane Wilde (IRE) - Position: 5th, Lost by: 5 1/2 l, Jockey: L. A. McKenna (claim: 7), Trainer: Colm A. Murphy, Age: 5, Weight: 11-5t, Rating: -
2025-06-12 23:41:01,866 - INFO - Processing sub block #25 for https://www.racingtv.com/results/2023-01-28/fairyhouse/1521
2025-06-12 23:41:01,866 - INFO - Found 3 <a> tags - Horse: Soldaro (IRE), Jockey: Sean Flanagan (claim: 0), Trainer: Gavin Patrick Cromwell
2025-06-12 23:41:01,867 - INFO - Position/Length - Found 2 children: Position: 4th, Lost by: 6 l
2025-06-12 23:41:01,867 - INFO - Extracted: Soldaro (IRE) - Position: 4th, Lost by: 6 l, Jockey: Sean Flanagan (claim: 0), Trainer: Gavin Patrick Cromwell, Age: 5, Weight: 11-5t, Rating: -
2025-06-12 23:41:01,867 - INFO - Processing sub block #26 for https://www.racingtv.com/results/2023-01-28/fairyhouse/1521
2025-06-12 23:41:01,868 - INFO - Found 3 <a> tags - Horse: El Capitaine (IRE), Jockey: Keith Donoghue (claim: 0), Trainer: Michael Lynch
2025-06-12 23:41:01,868 - INFO - Position/Length - Found 2 children: Position: 3rd, Lost by: 1 1/2 l
2025-06-12 23:41:01,869 - INFO - Extracted: El Capitaine (IRE) - Position: 3rd, Lost by: 1 1/2 l, Jockey: Keith Donoghue (claim: 0), Trainer: Michael Lynch, Age: 5, Weight: 11-12h, Rating: -
2025-06-12 23:41:01,869 - INFO - Processing sub block #27 for https://www.racingtv.com/results/2023-01-28/fairyhouse/1521
2025-06-12 23:41:01,870 - INFO - Found 3 <a> tags - Horse: Harvard Guy, Jockey: L. P. Dempsey (claim: 0), Trainer: Eddie & Patrick Harty
2025-06-12 23:41:01,870 - INFO - Position/Length - Found 2 children: Position: 2nd, Lost by: 3 1/4 l
2025-06-12 23:41:01,871 - INFO - Extracted: Harvard Guy - Position: 2nd, Lost by: 3 1/4 l, Jockey: L. P. Dempsey (claim: 0), Trainer: Eddie & Patrick Harty, Age: 5, Weight: 11-12, Rating: -
2025-06-12 23:41:01,871 - INFO - Processing sub block #28 for https://www.racingtv.com/results/2023-01-28/fairyhouse/1521
2025-06-12 23:41:01,871 - INFO - Found 3 <a> tags - Horse: Buddy One (IRE), Jockey: Jack G. Gilligan (claim: 7), Trainer: Paul John Gilligan
2025-06-12 23:41:01,871 - INFO - Position/Length - Found 1 children: Position: 1st, Lost by: N/A
2025-06-12 23:41:01,871 - INFO - Extracted: Buddy One (IRE) - Position: 1st, Lost by: N/A, Jockey: Jack G. Gilligan (claim: 7), Trainer: Paul John Gilligan, Age: 6, Weight: 11-12, Rating: -
2025-06-12 23:41:01,871 - INFO - Successfully extracted 28/28 horse records from https://www.racingtv.com/results/2023-01-28/fairyhouse/1521
2025-06-12 23:41:01,871 - INFO - :) First place horse found successfully
2025-06-12 23:41:01,871 - INFO - :) First place horse found successfully
2025-06-12 23:41:01,871 - INFO - :) First place horse found successfully
2025-06-12 23:41:01,874 - INFO - :) First place horse found successfully
2025-06-12 23:41:01,874 - INFO - :) First place horse found successfully
2025-06-12 23:41:01,874 - INFO - :) First place horse found successfully
2025-06-12 23:41:01,874 - INFO - :) First place horse found successfully
2025-06-12 23:41:01,874 - INFO - :) First place horse found successfully
2025-06-12 23:41:01,875 - INFO - :) First place horse found successfully
2025-06-12 23:41:01,875 - INFO - :) First place horse found successfully
2025-06-12 23:41:01,875 - INFO - :) First place horse found successfully
2025-06-12 23:41:01,875 - INFO - :) First place horse found successfully
2025-06-12 23:41:01,875 - INFO - :) First place horse found successfully
2025-06-12 23:41:01,876 - INFO - :) First place horse found successfully
2025-06-12 23:41:01,876 - INFO - :) First place horse found successfully
2025-06-12 23:41:01,876 - INFO - :) First place horse found successfully
2025-06-12 23:41:01,876 - INFO - :) First place horse found successfully
2025-06-12 23:41:01,877 - INFO - :) First place horse found successfully
2025-06-12 23:41:01,877 - INFO - :) First place horse found successfully
2025-06-12 23:41:01,877 - INFO - :) First place horse found successfully
2025-06-12 23:41:01,877 - INFO - :) First place horse found successfully
2025-06-12 23:41:01,877 - INFO - :) First place horse found successfully
2025-06-12 23:41:01,877 - INFO - :) First place horse found successfully
2025-06-12 23:41:01,878 - INFO - :) First place horse found successfully
2025-06-12 23:41:01,878 - INFO - :) First place horse found successfully
2025-06-12 23:41:01,878 - INFO - :) First place horse found successfully
2025-06-12 23:41:01,878 - INFO - :) First place horse found successfully
2025-06-12 23:41:01,878 - INFO - :) First place horse found successfully
2025-06-12 23:41:01,878 - INFO - :) First place horse found successfully
2025-06-12 23:41:01,879 - INFO - Successfully parsed 28 horse records from: https://www.racingtv.com/results/2023-01-28/fairyhouse/1521
2025-06-12 23:41:01,879 - INFO - Waiting 2 seconds before next request...
2025-06-12 23:41:03,880 - INFO - Batch 40 - URL 11/50: https://www.racingtv.com/results/2023-01-28/fairyhouse/1556
2025-06-12 23:41:03,880 - INFO - Loading page with Selenium: https://www.racingtv.com/results/2023-01-28/fairyhouse/1556
2025-06-12 23:41:08,657 - INFO - Racing main block detected for: https://www.racingtv.com/results/2023-01-28/fairyhouse/1556
2025-06-12 23:41:08,680 - INFO - Successfully loaded page: https://www.racingtv.com/results/2023-01-28/fairyhouse/1556
2025-06-12 23:41:08,774 - INFO - Extracted race info - Track: N/A, Date: N/A, Time: 15:56
2025-06-12 23:41:08,774 - INFO - Found 2nd h3 tag: Soft  5YO+ 3m Winner: €12,000 (9 runners)
2025-06-12 23:41:08,774 - INFO - Extracted - Going: Soft, Distance: 3m
2025-06-12 23:41:08,774 - INFO - Extracting racing data from: https://www.racingtv.com/results/2023-01-28/fairyhouse/1556
2025-06-12 23:41:08,790 - INFO - Processing main block #1 for https://www.racingtv.com/results/2023-01-28/fairyhouse/1556
2025-06-12 23:41:08,802 - INFO - Checking 2nd child of main block for first place horse...
2025-06-12 23:41:08,807 - INFO - Found alternative horse block structure with 3 links
2025-06-12 23:41:08,808 - INFO - Found alternative horse block structure with 3 links
2025-06-12 23:41:08,808 - INFO - Found alternative horse block structure with 3 links
2025-06-12 23:41:08,808 - INFO - Found alternative horse block structure with 3 links
2025-06-12 23:41:08,809 - INFO - Found alternative horse block structure with 3 links
2025-06-12 23:41:08,809 - INFO - Found alternative horse block structure with 3 links
2025-06-12 23:41:08,810 - INFO - Found alternative horse block structure with 3 links
2025-06-12 23:41:08,810 - INFO - Found alternative horse block structure with 3 links
2025-06-12 23:41:08,810 - INFO - Found alternative horse block structure with 3 links
2025-06-12 23:41:08,827 - INFO - Found likely first place horse via structure analysis: Run For Pat (IRE)
2025-06-12 23:41:08,829 - INFO - Found potential first place horse with background styling
2025-06-12 23:41:08,830 - INFO - Found potential first place horse with background styling
2025-06-12 23:41:08,830 - INFO - Found potential first place horse with background styling
2025-06-12 23:41:08,830 - INFO - Found potential first place horse with background styling
2025-06-12 23:41:08,831 - INFO - Found potential first place horse with background styling
2025-06-12 23:41:08,831 - INFO - Found potential first place horse with background styling
2025-06-12 23:41:08,832 - INFO - Found potential first place horse with background styling
2025-06-12 23:41:08,832 - INFO - Found potential first place horse with background styling
2025-06-12 23:41:08,833 - INFO - Found 18 horse entries for https://www.racingtv.com/results/2023-01-28/fairyhouse/1556 using multiple detection methods
2025-06-12 23:41:08,833 - INFO - Processing sub block #1 for https://www.racingtv.com/results/2023-01-28/fairyhouse/1556
2025-06-12 23:41:08,833 - INFO - Found 3 <a> tags - Horse: Native Gold (IRE), Jockey: L. A. McKenna (claim: 4), Trainer: Edward Cawley
2025-06-12 23:41:08,834 - INFO - Position/Length - Found 1 children: Position: PU, Lost by: N/A
2025-06-12 23:41:08,834 - INFO - Extracted: Native Gold (IRE) - Position: PU, Lost by: N/A, Jockey: L. A. McKenna (claim: 4), Trainer: Edward Cawley, Age: 9, Weight: 10-9tp, Rating: 97
2025-06-12 23:41:08,834 - INFO - Processing sub block #2 for https://www.racingtv.com/results/2023-01-28/fairyhouse/1556
2025-06-12 23:41:08,835 - INFO - Found 3 <a> tags - Horse: Beating the Odds (IRE), Jockey: M. J. M. O'Sullivan (claim: 2), Trainer: W. J. Austin
2025-06-12 23:41:08,836 - INFO - Position/Length - Found 2 children: Position: 8th, Lost by: 12 l
2025-06-12 23:41:08,836 - INFO - Extracted: Beating the Odds (IRE) - Position: 8th, Lost by: 12 l, Jockey: M. J. M. O'Sullivan (claim: 2), Trainer: W. J. Austin, Age: 10, Weight: 11-0, Rating: 102
2025-06-12 23:41:08,836 - INFO - Processing sub block #3 for https://www.racingtv.com/results/2023-01-28/fairyhouse/1556
2025-06-12 23:41:08,837 - INFO - Found 3 <a> tags - Horse: Millen to One (IRE), Jockey: C. Smithers (claim: 4), Trainer: F. Flood
2025-06-12 23:41:08,837 - INFO - Position/Length - Found 2 children: Position: 7th, Lost by: 10 l
2025-06-12 23:41:08,838 - INFO - Extracted: Millen to One (IRE) - Position: 7th, Lost by: 10 l, Jockey: C. Smithers (claim: 4), Trainer: F. Flood, Age: 9, Weight: 11-13, Rating: 115
2025-06-12 23:41:08,838 - INFO - Processing sub block #4 for https://www.racingtv.com/results/2023-01-28/fairyhouse/1556
2025-06-12 23:41:08,838 - INFO - Found 3 <a> tags - Horse: Royal Rhythm (IRE), Jockey: C. Owens (claim: 4), Trainer: P. J. Rothwell
2025-06-12 23:41:08,839 - INFO - Position/Length - Found 2 children: Position: 6th, Lost by: 13 l
2025-06-12 23:41:08,839 - INFO - Extracted: Royal Rhythm (IRE) - Position: 6th, Lost by: 13 l, Jockey: C. Owens (claim: 4), Trainer: P. J. Rothwell, Age: 7, Weight: 10-3b, Rating: 91
2025-06-12 23:41:08,840 - INFO - Processing sub block #5 for https://www.racingtv.com/results/2023-01-28/fairyhouse/1556
2025-06-12 23:41:08,840 - INFO - Found 3 <a> tags - Horse: Chosen Diamond (IRE), Jockey: P. Byrnes (claim: 2), Trainer: Edward Cawley
2025-06-12 23:41:08,841 - INFO - Position/Length - Found 2 children: Position: 5th, Lost by: 1 1/2 l
2025-06-12 23:41:08,841 - INFO - Extracted: Chosen Diamond (IRE) - Position: 5th, Lost by: 1 1/2 l, Jockey: P. Byrnes (claim: 2), Trainer: Edward Cawley, Age: 7, Weight: 10-8, Rating: 96
2025-06-12 23:41:08,842 - INFO - Processing sub block #6 for https://www.racingtv.com/results/2023-01-28/fairyhouse/1556
2025-06-12 23:41:08,843 - INFO - Found 3 <a> tags - Horse: Mercury Lane (IRE), Jockey: Kieran Callaghan (claim: 4), Trainer: Paul Nolan
2025-06-12 23:41:08,844 - INFO - Position/Length - Found 2 children: Position: 4th, Lost by: 1 3/4 l
2025-06-12 23:41:08,844 - INFO - Extracted: Mercury Lane (IRE) - Position: 4th, Lost by: 1 3/4 l, Jockey: Kieran Callaghan (claim: 4), Trainer: Paul Nolan, Age: 9, Weight: 11-12tp, Rating: 114
2025-06-12 23:41:08,844 - INFO - Processing sub block #7 for https://www.racingtv.com/results/2023-01-28/fairyhouse/1556
2025-06-12 23:41:08,845 - INFO - Found 3 <a> tags - Horse: Hardwired (IRE), Jockey: S. O'Callaghan (claim: 4), Trainer: T. M. Walsh
2025-06-12 23:41:08,846 - INFO - Position/Length - Found 2 children: Position: 3rd, Lost by: 17 l
2025-06-12 23:41:08,846 - INFO - Extracted: Hardwired (IRE) - Position: 3rd, Lost by: 17 l, Jockey: S. O'Callaghan (claim: 4), Trainer: T. M. Walsh, Age: 7, Weight: 11-0, Rating: 102
2025-06-12 23:41:08,846 - INFO - Processing sub block #8 for https://www.racingtv.com/results/2023-01-28/fairyhouse/1556
2025-06-12 23:41:08,846 - INFO - Found 3 <a> tags - Horse: Waittillitellyou (IRE), Jockey: C. M. Quirke (claim: 4), Trainer: Edward Cawley
2025-06-12 23:41:08,847 - INFO - Position/Length - Found 2 children: Position: 2nd, Lost by: 2 3/4 l
2025-06-12 23:41:08,847 - INFO - Extracted: Waittillitellyou (IRE) - Position: 2nd, Lost by: 2 3/4 l, Jockey: C. M. Quirke (claim: 4), Trainer: Edward Cawley, Age: 9, Weight: 11-0t, Rating: 102
2025-06-12 23:41:08,848 - INFO - Processing sub block #9 for https://www.racingtv.com/results/2023-01-28/fairyhouse/1556
2025-06-12 23:41:08,848 - INFO - Found 3 <a> tags - Horse: Run For Pat (IRE), Jockey: Corey McGivern (claim: 4), Trainer: Gordon Elliott
2025-06-12 23:41:08,849 - INFO - Position/Length - Found 1 children: Position: 1st, Lost by: N/A
2025-06-12 23:41:08,849 - INFO - Confirmed winner: Run For Pat (IRE)
2025-06-12 23:41:08,849 - INFO - Extracted: Run For Pat (IRE) - Position: 1st, Lost by: N/A, Jockey: Corey McGivern (claim: 4), Trainer: Gordon Elliott, Age: 6, Weight: 11-7b, Rating: 109
2025-06-12 23:41:08,849 - INFO - Processing sub block #10 for https://www.racingtv.com/results/2023-01-28/fairyhouse/1556
2025-06-12 23:41:08,850 - INFO - Found 3 <a> tags - Horse: Native Gold (IRE), Jockey: L. A. McKenna (claim: 4), Trainer: Edward Cawley
2025-06-12 23:41:08,850 - INFO - Position/Length - Found 1 children: Position: PU, Lost by: N/A
2025-06-12 23:41:08,851 - INFO - Extracted: Native Gold (IRE) - Position: PU, Lost by: N/A, Jockey: L. A. McKenna (claim: 4), Trainer: Edward Cawley, Age: 9, Weight: 10-9tp, Rating: 97
2025-06-12 23:41:08,851 - INFO - Processing sub block #11 for https://www.racingtv.com/results/2023-01-28/fairyhouse/1556
2025-06-12 23:41:08,851 - INFO - Found 3 <a> tags - Horse: Beating the Odds (IRE), Jockey: M. J. M. O'Sullivan (claim: 2), Trainer: W. J. Austin
2025-06-12 23:41:08,852 - INFO - Position/Length - Found 2 children: Position: 8th, Lost by: 12 l
2025-06-12 23:41:08,852 - INFO - Extracted: Beating the Odds (IRE) - Position: 8th, Lost by: 12 l, Jockey: M. J. M. O'Sullivan (claim: 2), Trainer: W. J. Austin, Age: 10, Weight: 11-0, Rating: 102
2025-06-12 23:41:08,852 - INFO - Processing sub block #12 for https://www.racingtv.com/results/2023-01-28/fairyhouse/1556
2025-06-12 23:41:08,853 - INFO - Found 3 <a> tags - Horse: Millen to One (IRE), Jockey: C. Smithers (claim: 4), Trainer: F. Flood
2025-06-12 23:41:08,853 - INFO - Position/Length - Found 2 children: Position: 7th, Lost by: 10 l
2025-06-12 23:41:08,854 - INFO - Extracted: Millen to One (IRE) - Position: 7th, Lost by: 10 l, Jockey: C. Smithers (claim: 4), Trainer: F. Flood, Age: 9, Weight: 11-13, Rating: 115
2025-06-12 23:41:08,854 - INFO - Processing sub block #13 for https://www.racingtv.com/results/2023-01-28/fairyhouse/1556
2025-06-12 23:41:08,854 - INFO - Found 3 <a> tags - Horse: Royal Rhythm (IRE), Jockey: C. Owens (claim: 4), Trainer: P. J. Rothwell
2025-06-12 23:41:08,855 - INFO - Position/Length - Found 2 children: Position: 6th, Lost by: 13 l
2025-06-12 23:41:08,855 - INFO - Extracted: Royal Rhythm (IRE) - Position: 6th, Lost by: 13 l, Jockey: C. Owens (claim: 4), Trainer: P. J. Rothwell, Age: 7, Weight: 10-3b, Rating: 91
2025-06-12 23:41:08,855 - INFO - Processing sub block #14 for https://www.racingtv.com/results/2023-01-28/fairyhouse/1556
2025-06-12 23:41:08,856 - INFO - Found 3 <a> tags - Horse: Chosen Diamond (IRE), Jockey: P. Byrnes (claim: 2), Trainer: Edward Cawley
2025-06-12 23:41:08,857 - INFO - Position/Length - Found 2 children: Position: 5th, Lost by: 1 1/2 l
2025-06-12 23:41:08,857 - INFO - Extracted: Chosen Diamond (IRE) - Position: 5th, Lost by: 1 1/2 l, Jockey: P. Byrnes (claim: 2), Trainer: Edward Cawley, Age: 7, Weight: 10-8, Rating: 96
2025-06-12 23:41:08,857 - INFO - Processing sub block #15 for https://www.racingtv.com/results/2023-01-28/fairyhouse/1556
2025-06-12 23:41:08,858 - INFO - Found 3 <a> tags - Horse: Mercury Lane (IRE), Jockey: Kieran Callaghan (claim: 4), Trainer: Paul Nolan
2025-06-12 23:41:08,858 - INFO - Position/Length - Found 2 children: Position: 4th, Lost by: 1 3/4 l
2025-06-12 23:41:08,859 - INFO - Extracted: Mercury Lane (IRE) - Position: 4th, Lost by: 1 3/4 l, Jockey: Kieran Callaghan (claim: 4), Trainer: Paul Nolan, Age: 9, Weight: 11-12tp, Rating: 114
2025-06-12 23:41:08,859 - INFO - Processing sub block #16 for https://www.racingtv.com/results/2023-01-28/fairyhouse/1556
2025-06-12 23:41:08,860 - INFO - Found 3 <a> tags - Horse: Hardwired (IRE), Jockey: S. O'Callaghan (claim: 4), Trainer: T. M. Walsh
2025-06-12 23:41:08,860 - INFO - Position/Length - Found 2 children: Position: 3rd, Lost by: 17 l
2025-06-12 23:41:08,861 - INFO - Extracted: Hardwired (IRE) - Position: 3rd, Lost by: 17 l, Jockey: S. O'Callaghan (claim: 4), Trainer: T. M. Walsh, Age: 7, Weight: 11-0, Rating: 102
2025-06-12 23:41:08,861 - INFO - Processing sub block #17 for https://www.racingtv.com/results/2023-01-28/fairyhouse/1556
2025-06-12 23:41:08,861 - INFO - Found 3 <a> tags - Horse: Waittillitellyou (IRE), Jockey: C. M. Quirke (claim: 4), Trainer: Edward Cawley
2025-06-12 23:41:08,862 - INFO - Position/Length - Found 2 children: Position: 2nd, Lost by: 2 3/4 l
2025-06-12 23:41:08,862 - INFO - Extracted: Waittillitellyou (IRE) - Position: 2nd, Lost by: 2 3/4 l, Jockey: C. M. Quirke (claim: 4), Trainer: Edward Cawley, Age: 9, Weight: 11-0t, Rating: 102
2025-06-12 23:41:08,863 - INFO - Processing sub block #18 for https://www.racingtv.com/results/2023-01-28/fairyhouse/1556
2025-06-12 23:41:08,863 - INFO - Found 3 <a> tags - Horse: Run For Pat (IRE), Jockey: Corey McGivern (claim: 4), Trainer: Gordon Elliott
2025-06-12 23:41:08,864 - INFO - Position/Length - Found 1 children: Position: 1st, Lost by: N/A
2025-06-12 23:41:08,864 - INFO - Extracted: Run For Pat (IRE) - Position: 1st, Lost by: N/A, Jockey: Corey McGivern (claim: 4), Trainer: Gordon Elliott, Age: 6, Weight: 11-7b, Rating: 109
2025-06-12 23:41:08,864 - INFO - Successfully extracted 18/18 horse records from https://www.racingtv.com/results/2023-01-28/fairyhouse/1556
2025-06-12 23:41:08,864 - INFO - :) First place horse found successfully
2025-06-12 23:41:08,864 - INFO - :) First place horse found successfully
2025-06-12 23:41:08,865 - INFO - :) First place horse found successfully
2025-06-12 23:41:08,865 - INFO - :) First place horse found successfully
2025-06-12 23:41:08,865 - INFO - :) First place horse found successfully
2025-06-12 23:41:08,865 - INFO - :) First place horse found successfully
2025-06-12 23:41:08,866 - INFO - :) First place horse found successfully
2025-06-12 23:41:08,866 - INFO - :) First place horse found successfully
2025-06-12 23:41:08,866 - INFO - :) First place horse found successfully
2025-06-12 23:41:08,866 - INFO - :) First place horse found successfully
2025-06-12 23:41:08,866 - INFO - :) First place horse found successfully
2025-06-12 23:41:08,866 - INFO - :) First place horse found successfully
2025-06-12 23:41:08,867 - INFO - :) First place horse found successfully
2025-06-12 23:41:08,867 - INFO - :) First place horse found successfully
2025-06-12 23:41:08,867 - INFO - :) First place horse found successfully
2025-06-12 23:41:08,867 - INFO - :) First place horse found successfully
2025-06-12 23:41:08,867 - INFO - :) First place horse found successfully
2025-06-12 23:41:08,868 - INFO - :) First place horse found successfully
2025-06-12 23:41:08,868 - INFO - :) First place horse found successfully
2025-06-12 23:41:08,868 - INFO - Successfully parsed 18 horse records from: https://www.racingtv.com/results/2023-01-28/fairyhouse/1556
2025-06-12 23:41:08,868 - INFO - Waiting 2 seconds before next request...
2025-06-12 23:41:10,869 - INFO - Batch 40 - URL 12/50: https://www.racingtv.com/results/2023-01-29/naas/1257
2025-06-12 23:41:10,870 - INFO - Loading page with Selenium: https://www.racingtv.com/results/2023-01-29/naas/1257
2025-06-12 23:41:15,662 - INFO - Racing main block detected for: https://www.racingtv.com/results/2023-01-29/naas/1257
2025-06-12 23:41:15,678 - INFO - Successfully loaded page: https://www.racingtv.com/results/2023-01-29/naas/1257
2025-06-12 23:41:15,776 - INFO - Extracted race info - Track: Naas Racing Results | 29th January 2023 12:57, Date: N/A, Time: 12:57
2025-06-12 23:41:15,777 - INFO - Found 2nd h3 tag: Soft  5YO+ 3m 170y Winner: €30,000 (5 runners)
2025-06-12 23:41:15,777 - INFO - Extracted - Going: Soft, Distance: 3m 170y
2025-06-12 23:41:15,777 - INFO - Extracting racing data from: https://www.racingtv.com/results/2023-01-29/naas/1257
2025-06-12 23:41:15,785 - INFO - Processing main block #1 for https://www.racingtv.com/results/2023-01-29/naas/1257
2025-06-12 23:41:15,789 - INFO - Checking 2nd child of main block for first place horse...
2025-06-12 23:41:15,792 - INFO - Found alternative horse block structure with 3 links
2025-06-12 23:41:15,792 - INFO - Found alternative horse block structure with 3 links
2025-06-12 23:41:15,793 - INFO - Found alternative horse block structure with 3 links
2025-06-12 23:41:15,793 - INFO - Found alternative horse block structure with 3 links
2025-06-12 23:41:15,793 - INFO - Found alternative horse block structure with 3 links
2025-06-12 23:41:15,805 - INFO - Found likely first place horse via structure analysis: Thedevilscoachman (IRE)
2025-06-12 23:41:15,806 - INFO - Found potential first place horse with background styling
2025-06-12 23:41:15,806 - INFO - Found potential first place horse with background styling
2025-06-12 23:41:15,806 - INFO - Found potential first place horse with background styling
2025-06-12 23:41:15,807 - INFO - Found potential first place horse with background styling
2025-06-12 23:41:15,807 - INFO - Found 10 horse entries for https://www.racingtv.com/results/2023-01-29/naas/1257 using multiple detection methods
2025-06-12 23:41:15,807 - INFO - Processing sub block #1 for https://www.racingtv.com/results/2023-01-29/naas/1257
2025-06-12 23:41:15,808 - INFO - Found 3 <a> tags - Horse: Francin (FR), Jockey: Mr R. A. Berry (claim: 0), Trainer: J. A. Berry
2025-06-12 23:41:15,809 - INFO - Position/Length - Found 1 children: Position: F, Lost by: N/A
2025-06-12 23:41:15,809 - INFO - Extracted: Francin (FR) - Position: F, Lost by: N/A, Jockey: Mr R. A. Berry (claim: 0), Trainer: J. A. Berry, Age: 10, Weight: 11-0, Rating: -
2025-06-12 23:41:15,809 - INFO - Processing sub block #2 for https://www.racingtv.com/results/2023-01-29/naas/1257
2025-06-12 23:41:15,810 - INFO - Found 3 <a> tags - Horse: Chemical Energy (IRE), Jockey: Davy Russell (claim: 0), Trainer: Gordon Elliott
2025-06-12 23:41:15,811 - INFO - Position/Length - Found 2 children: Position: 4th, Lost by: 24 l
2025-06-12 23:41:15,811 - INFO - Extracted: Chemical Energy (IRE) - Position: 4th, Lost by: 24 l, Jockey: Davy Russell (claim: 0), Trainer: Gordon Elliott, Age: 7, Weight: 11-3, Rating: -
2025-06-12 23:41:15,811 - INFO - Processing sub block #3 for https://www.racingtv.com/results/2023-01-29/naas/1257
2025-06-12 23:41:15,812 - INFO - Found 3 <a> tags - Horse: Amirite (IRE), Jockey: Rachael Blackmore (claim: 0), Trainer: Henry de Bromhead
2025-06-12 23:41:15,813 - INFO - Position/Length - Found 2 children: Position: 3rd, Lost by: 6 1/2 l
2025-06-12 23:41:15,813 - INFO - Extracted: Amirite (IRE) - Position: 3rd, Lost by: 6 1/2 l, Jockey: Rachael Blackmore (claim: 0), Trainer: Henry de Bromhead, Age: 7, Weight: 11-0, Rating: -
2025-06-12 23:41:15,813 - INFO - Processing sub block #4 for https://www.racingtv.com/results/2023-01-29/naas/1257
2025-06-12 23:41:15,814 - INFO - Found 3 <a> tags - Horse: Ramillies (IRE), Jockey: P. Townend (claim: 0), Trainer: W. P. Mullins
2025-06-12 23:41:15,814 - INFO - Position/Length - Found 1 children: Position: 2nd, Lost by: N/A
2025-06-12 23:41:15,815 - INFO - Extracted: Ramillies (IRE) - Position: 2nd, Lost by: N/A, Jockey: P. Townend (claim: 0), Trainer: W. P. Mullins, Age: 8, Weight: 11-0t, Rating: -
2025-06-12 23:41:15,815 - INFO - Processing sub block #5 for https://www.racingtv.com/results/2023-01-29/naas/1257
2025-06-12 23:41:15,815 - INFO - Found 3 <a> tags - Horse: Thedevilscoachman (IRE), Jockey: B. J. Cooper (claim: 0), Trainer: Noel Meade
2025-06-12 23:41:15,816 - INFO - Position/Length - Found 2 children: Position: 1st, Lost by: Neck
2025-06-12 23:41:15,816 - INFO - Confirmed winner: Thedevilscoachman (IRE)
2025-06-12 23:41:15,816 - INFO - Extracted: Thedevilscoachman (IRE) - Position: 1st, Lost by: Neck, Jockey: B. J. Cooper (claim: 0), Trainer: Noel Meade, Age: 7, Weight: 11-0, Rating: -
2025-06-12 23:41:15,817 - INFO - Processing sub block #6 for https://www.racingtv.com/results/2023-01-29/naas/1257
2025-06-12 23:41:15,817 - INFO - Found 3 <a> tags - Horse: Francin (FR), Jockey: Mr R. A. Berry (claim: 0), Trainer: J. A. Berry
2025-06-12 23:41:15,818 - INFO - Position/Length - Found 1 children: Position: F, Lost by: N/A
2025-06-12 23:41:15,818 - INFO - Extracted: Francin (FR) - Position: F, Lost by: N/A, Jockey: Mr R. A. Berry (claim: 0), Trainer: J. A. Berry, Age: 10, Weight: 11-0, Rating: -
2025-06-12 23:41:15,818 - INFO - Processing sub block #7 for https://www.racingtv.com/results/2023-01-29/naas/1257
2025-06-12 23:41:15,819 - INFO - Found 3 <a> tags - Horse: Chemical Energy (IRE), Jockey: Davy Russell (claim: 0), Trainer: Gordon Elliott
2025-06-12 23:41:15,819 - INFO - Position/Length - Found 2 children: Position: 4th, Lost by: 24 l
2025-06-12 23:41:15,819 - INFO - Extracted: Chemical Energy (IRE) - Position: 4th, Lost by: 24 l, Jockey: Davy Russell (claim: 0), Trainer: Gordon Elliott, Age: 7, Weight: 11-3, Rating: -
2025-06-12 23:41:15,819 - INFO - Processing sub block #8 for https://www.racingtv.com/results/2023-01-29/naas/1257
2025-06-12 23:41:15,820 - INFO - Found 3 <a> tags - Horse: Amirite (IRE), Jockey: Rachael Blackmore (claim: 0), Trainer: Henry de Bromhead
2025-06-12 23:41:15,821 - INFO - Position/Length - Found 2 children: Position: 3rd, Lost by: 6 1/2 l
2025-06-12 23:41:15,821 - INFO - Extracted: Amirite (IRE) - Position: 3rd, Lost by: 6 1/2 l, Jockey: Rachael Blackmore (claim: 0), Trainer: Henry de Bromhead, Age: 7, Weight: 11-0, Rating: -
2025-06-12 23:41:15,821 - INFO - Processing sub block #9 for https://www.racingtv.com/results/2023-01-29/naas/1257
2025-06-12 23:41:15,821 - INFO - Found 3 <a> tags - Horse: Ramillies (IRE), Jockey: P. Townend (claim: 0), Trainer: W. P. Mullins
2025-06-12 23:41:15,822 - INFO - Position/Length - Found 1 children: Position: 2nd, Lost by: N/A
2025-06-12 23:41:15,822 - INFO - Extracted: Ramillies (IRE) - Position: 2nd, Lost by: N/A, Jockey: P. Townend (claim: 0), Trainer: W. P. Mullins, Age: 8, Weight: 11-0t, Rating: -
2025-06-12 23:41:15,822 - INFO - Processing sub block #10 for https://www.racingtv.com/results/2023-01-29/naas/1257
2025-06-12 23:41:15,823 - INFO - Found 3 <a> tags - Horse: Thedevilscoachman (IRE), Jockey: B. J. Cooper (claim: 0), Trainer: Noel Meade
2025-06-12 23:41:15,824 - INFO - Position/Length - Found 2 children: Position: 1st, Lost by: Neck
2025-06-12 23:41:15,824 - INFO - Extracted: Thedevilscoachman (IRE) - Position: 1st, Lost by: Neck, Jockey: B. J. Cooper (claim: 0), Trainer: Noel Meade, Age: 7, Weight: 11-0, Rating: -
2025-06-12 23:41:15,824 - INFO - Successfully extracted 10/10 horse records from https://www.racingtv.com/results/2023-01-29/naas/1257
2025-06-12 23:41:15,825 - INFO - :) First place horse found successfully
2025-06-12 23:41:15,825 - INFO - :) First place horse found successfully
2025-06-12 23:41:15,825 - INFO - :) First place horse found successfully
2025-06-12 23:41:15,826 - INFO - :) First place horse found successfully
2025-06-12 23:41:15,826 - INFO - :) First place horse found successfully
2025-06-12 23:41:15,826 - INFO - :) First place horse found successfully
2025-06-12 23:41:15,826 - INFO - :) First place horse found successfully
2025-06-12 23:41:15,826 - INFO - :) First place horse found successfully
2025-06-12 23:41:15,827 - INFO - :) First place horse found successfully
2025-06-12 23:41:15,827 - INFO - :) First place horse found successfully
2025-06-12 23:41:15,827 - INFO - :) First place horse found successfully
2025-06-12 23:41:15,827 - INFO - Successfully parsed 10 horse records from: https://www.racingtv.com/results/2023-01-29/naas/1257
2025-06-12 23:41:15,828 - INFO - Waiting 2 seconds before next request...
2025-06-12 23:41:17,828 - INFO - Batch 40 - URL 13/50: https://www.racingtv.com/results/2023-01-29/naas/1332
2025-06-12 23:41:17,830 - INFO - Loading page with Selenium: https://www.racingtv.com/results/2023-01-29/naas/1332
2025-06-12 23:41:22,612 - INFO - Racing main block detected for: https://www.racingtv.com/results/2023-01-29/naas/1332
2025-06-12 23:41:22,654 - INFO - Successfully loaded page: https://www.racingtv.com/results/2023-01-29/naas/1332
2025-06-12 23:41:22,760 - INFO - Extracted race info - Track: Naas Racing Results | 29th January 2023 13:32, Date: N/A, Time: 13:32
2025-06-12 23:41:22,760 - INFO - Found 2nd h3 tag: Soft  5YO+ 2m 4f 90y Winner: €16,000 (8 runners)
2025-06-12 23:41:22,761 - INFO - Extracted - Going: Soft, Distance: 2m 4f 90y
2025-06-12 23:41:22,761 - INFO - Extracting racing data from: https://www.racingtv.com/results/2023-01-29/naas/1332
2025-06-12 23:41:22,772 - INFO - Processing main block #1 for https://www.racingtv.com/results/2023-01-29/naas/1332
2025-06-12 23:41:22,778 - INFO - Checking 2nd child of main block for first place horse...
2025-06-12 23:41:22,782 - INFO - Found alternative horse block structure with 3 links
2025-06-12 23:41:22,783 - INFO - Found alternative horse block structure with 3 links
2025-06-12 23:41:22,783 - INFO - Found alternative horse block structure with 3 links
2025-06-12 23:41:22,783 - INFO - Found alternative horse block structure with 3 links
2025-06-12 23:41:22,784 - INFO - Found alternative horse block structure with 3 links
2025-06-12 23:41:22,784 - INFO - Found alternative horse block structure with 3 links
2025-06-12 23:41:22,784 - INFO - Found alternative horse block structure with 3 links
2025-06-12 23:41:22,785 - INFO - Found alternative horse block structure with 3 links
2025-06-12 23:41:22,812 - INFO - Found likely first place horse via structure analysis: Aarons Day (IRE)
2025-06-12 23:41:22,814 - INFO - Found potential first place horse with background styling
2025-06-12 23:41:22,814 - INFO - Found potential first place horse with background styling
2025-06-12 23:41:22,814 - INFO - Found potential first place horse with background styling
2025-06-12 23:41:22,815 - INFO - Found potential first place horse with background styling
2025-06-12 23:41:22,815 - INFO - Found potential first place horse with background styling
2025-06-12 23:41:22,816 - INFO - Found potential first place horse with background styling
2025-06-12 23:41:22,816 - INFO - Found potential first place horse with background styling
2025-06-12 23:41:22,816 - INFO - Found 16 horse entries for https://www.racingtv.com/results/2023-01-29/naas/1332 using multiple detection methods
2025-06-12 23:41:22,816 - INFO - Processing sub block #1 for https://www.racingtv.com/results/2023-01-29/naas/1332
2025-06-12 23:41:22,817 - INFO - Found 3 <a> tags - Horse: Oscer Romero (IRE), Jockey: C. M. Quirke (claim: 7), Trainer: P. J. Rothwell
2025-06-12 23:41:22,818 - INFO - Position/Length - Found 1 children: Position: UR, Lost by: N/A
2025-06-12 23:41:22,818 - INFO - Extracted: Oscer Romero (IRE) - Position: UR, Lost by: N/A, Jockey: C. M. Quirke (claim: 7), Trainer: P. J. Rothwell, Age: 8, Weight: 10-0p, Rating: 103
2025-06-12 23:41:22,818 - INFO - Processing sub block #2 for https://www.racingtv.com/results/2023-01-29/naas/1332
2025-06-12 23:41:22,819 - INFO - Found 3 <a> tags - Horse: Low Lie The Fields (IRE), Jockey: M. P. O'Connor (claim: 5), Trainer: Henry de Bromhead
2025-06-12 23:41:22,820 - INFO - Position/Length - Found 1 children: Position: PU, Lost by: N/A
2025-06-12 23:41:22,820 - INFO - Extracted: Low Lie The Fields (IRE) - Position: PU, Lost by: N/A, Jockey: M. P. O'Connor (claim: 5), Trainer: Henry de Bromhead, Age: 9, Weight: 10-10t, Rating: 114
2025-06-12 23:41:22,820 - INFO - Processing sub block #3 for https://www.racingtv.com/results/2023-01-29/naas/1332
2025-06-12 23:41:22,821 - INFO - Found 3 <a> tags - Horse: Everglow, Jockey: B. J. Cooper (claim: 0), Trainer: Noel Meade
2025-06-12 23:41:22,821 - INFO - Position/Length - Found 1 children: Position: PU, Lost by: N/A
2025-06-12 23:41:22,822 - INFO - Extracted: Everglow - Position: PU, Lost by: N/A, Jockey: B. J. Cooper (claim: 0), Trainer: Noel Meade, Age: 8, Weight: 11-12, Rating: 130
2025-06-12 23:41:22,822 - INFO - Processing sub block #4 for https://www.racingtv.com/results/2023-01-29/naas/1332
2025-06-12 23:41:22,822 - INFO - Found 3 <a> tags - Horse: Genois (FR), Jockey: S. D. Torrens (claim: 0), Trainer: Enda Bolger
2025-06-12 23:41:22,824 - INFO - Position/Length - Found 2 children: Position: 5th, Lost by: 1 3/4 l
2025-06-12 23:41:22,824 - INFO - Extracted: Genois (FR) - Position: 5th, Lost by: 1 3/4 l, Jockey: S. D. Torrens (claim: 0), Trainer: Enda Bolger, Age: 7, Weight: 11-11, Rating: 129
2025-06-12 23:41:22,825 - INFO - Processing sub block #5 for https://www.racingtv.com/results/2023-01-29/naas/1332
2025-06-12 23:41:22,826 - INFO - Found 3 <a> tags - Horse: Clonbury Bridge (IRE), Jockey: L. P. Dempsey (claim: 0), Trainer: J. P. Dempsey
2025-06-12 23:41:22,827 - INFO - Position/Length - Found 2 children: Position: 4th, Lost by: 10 l
2025-06-12 23:41:22,827 - INFO - Extracted: Clonbury Bridge (IRE) - Position: 4th, Lost by: 10 l, Jockey: L. P. Dempsey (claim: 0), Trainer: J. P. Dempsey, Age: 7, Weight: 10-11t, Rating: 115
2025-06-12 23:41:22,827 - INFO - Processing sub block #6 for https://www.racingtv.com/results/2023-01-29/naas/1332
2025-06-12 23:41:22,828 - INFO - Found 3 <a> tags - Horse: Whatsnotoknow (IRE), Jockey: D. J. O'Keeffe (claim: 0), Trainer: M. F. Morris
2025-06-12 23:41:22,829 - INFO - Position/Length - Found 2 children: Position: 3rd, Lost by: 7 l
2025-06-12 23:41:22,829 - INFO - Extracted: Whatsnotoknow (IRE) - Position: 3rd, Lost by: 7 l, Jockey: D. J. O'Keeffe (claim: 0), Trainer: M. F. Morris, Age: 8, Weight: 11-4t, Rating: 122
2025-06-12 23:41:22,829 - INFO - Processing sub block #7 for https://www.racingtv.com/results/2023-01-29/naas/1332
2025-06-12 23:41:22,830 - INFO - Found 3 <a> tags - Horse: Percy Warner (IRE), Jockey: Rachael Blackmore (claim: 0), Trainer: Henry de Bromhead
2025-06-12 23:41:22,831 - INFO - Position/Length - Found 2 children: Position: 2nd, Lost by: 7 1/2 l
2025-06-12 23:41:22,831 - INFO - Extracted: Percy Warner (IRE) - Position: 2nd, Lost by: 7 1/2 l, Jockey: Rachael Blackmore (claim: 0), Trainer: Henry de Bromhead, Age: 7, Weight: 11-10p1, Rating: 128
2025-06-12 23:41:22,831 - INFO - Processing sub block #8 for https://www.racingtv.com/results/2023-01-29/naas/1332
2025-06-12 23:41:22,832 - INFO - Found 3 <a> tags - Horse: Aarons Day (IRE), Jockey: Phillip Enright (claim: 0), Trainer: Oliver McKiernan
2025-06-12 23:41:22,833 - INFO - Position/Length - Found 1 children: Position: 1st, Lost by: N/A
2025-06-12 23:41:22,833 - INFO - Confirmed winner: Aarons Day (IRE)
2025-06-12 23:41:22,834 - INFO - Extracted: Aarons Day (IRE) - Position: 1st, Lost by: N/A, Jockey: Phillip Enright (claim: 0), Trainer: Oliver McKiernan, Age: 9, Weight: 11-5t, Rating: 123
2025-06-12 23:41:22,834 - INFO - Processing sub block #9 for https://www.racingtv.com/results/2023-01-29/naas/1332
2025-06-12 23:41:22,835 - INFO - Found 3 <a> tags - Horse: Oscer Romero (IRE), Jockey: C. M. Quirke (claim: 7), Trainer: P. J. Rothwell
2025-06-12 23:41:22,835 - INFO - Position/Length - Found 1 children: Position: UR, Lost by: N/A
2025-06-12 23:41:22,836 - INFO - Extracted: Oscer Romero (IRE) - Position: UR, Lost by: N/A, Jockey: C. M. Quirke (claim: 7), Trainer: P. J. Rothwell, Age: 8, Weight: 10-0p, Rating: 103
2025-06-12 23:41:22,836 - INFO - Processing sub block #10 for https://www.racingtv.com/results/2023-01-29/naas/1332
2025-06-12 23:41:22,836 - INFO - Found 3 <a> tags - Horse: Low Lie The Fields (IRE), Jockey: M. P. O'Connor (claim: 5), Trainer: Henry de Bromhead
2025-06-12 23:41:22,837 - INFO - Position/Length - Found 1 children: Position: PU, Lost by: N/A
2025-06-12 23:41:22,837 - INFO - Extracted: Low Lie The Fields (IRE) - Position: PU, Lost by: N/A, Jockey: M. P. O'Connor (claim: 5), Trainer: Henry de Bromhead, Age: 9, Weight: 10-10t, Rating: 114
2025-06-12 23:41:22,838 - INFO - Processing sub block #11 for https://www.racingtv.com/results/2023-01-29/naas/1332
2025-06-12 23:41:22,838 - INFO - Found 3 <a> tags - Horse: Everglow, Jockey: B. J. Cooper (claim: 0), Trainer: Noel Meade
2025-06-12 23:41:22,839 - INFO - Position/Length - Found 1 children: Position: PU, Lost by: N/A
2025-06-12 23:41:22,839 - INFO - Extracted: Everglow - Position: PU, Lost by: N/A, Jockey: B. J. Cooper (claim: 0), Trainer: Noel Meade, Age: 8, Weight: 11-12, Rating: 130
2025-06-12 23:41:22,839 - INFO - Processing sub block #12 for https://www.racingtv.com/results/2023-01-29/naas/1332
2025-06-12 23:41:22,840 - INFO - Found 3 <a> tags - Horse: Genois (FR), Jockey: S. D. Torrens (claim: 0), Trainer: Enda Bolger
2025-06-12 23:41:22,841 - INFO - Position/Length - Found 2 children: Position: 5th, Lost by: 1 3/4 l
2025-06-12 23:41:22,842 - INFO - Extracted: Genois (FR) - Position: 5th, Lost by: 1 3/4 l, Jockey: S. D. Torrens (claim: 0), Trainer: Enda Bolger, Age: 7, Weight: 11-11, Rating: 129
2025-06-12 23:41:22,842 - INFO - Processing sub block #13 for https://www.racingtv.com/results/2023-01-29/naas/1332
2025-06-12 23:41:22,843 - INFO - Found 3 <a> tags - Horse: Clonbury Bridge (IRE), Jockey: L. P. Dempsey (claim: 0), Trainer: J. P. Dempsey
2025-06-12 23:41:22,843 - INFO - Position/Length - Found 2 children: Position: 4th, Lost by: 10 l
2025-06-12 23:41:22,844 - INFO - Extracted: Clonbury Bridge (IRE) - Position: 4th, Lost by: 10 l, Jockey: L. P. Dempsey (claim: 0), Trainer: J. P. Dempsey, Age: 7, Weight: 10-11t, Rating: 115
2025-06-12 23:41:22,844 - INFO - Processing sub block #14 for https://www.racingtv.com/results/2023-01-29/naas/1332
2025-06-12 23:41:22,844 - INFO - Found 3 <a> tags - Horse: Whatsnotoknow (IRE), Jockey: D. J. O'Keeffe (claim: 0), Trainer: M. F. Morris
2025-06-12 23:41:22,845 - INFO - Position/Length - Found 2 children: Position: 3rd, Lost by: 7 l
2025-06-12 23:41:22,845 - INFO - Extracted: Whatsnotoknow (IRE) - Position: 3rd, Lost by: 7 l, Jockey: D. J. O'Keeffe (claim: 0), Trainer: M. F. Morris, Age: 8, Weight: 11-4t, Rating: 122
2025-06-12 23:41:22,846 - INFO - Processing sub block #15 for https://www.racingtv.com/results/2023-01-29/naas/1332
2025-06-12 23:41:22,846 - INFO - Found 3 <a> tags - Horse: Percy Warner (IRE), Jockey: Rachael Blackmore (claim: 0), Trainer: Henry de Bromhead
2025-06-12 23:41:22,847 - INFO - Position/Length - Found 2 children: Position: 2nd, Lost by: 7 1/2 l
2025-06-12 23:41:22,847 - INFO - Extracted: Percy Warner (IRE) - Position: 2nd, Lost by: 7 1/2 l, Jockey: Rachael Blackmore (claim: 0), Trainer: Henry de Bromhead, Age: 7, Weight: 11-10p1, Rating: 128
2025-06-12 23:41:22,848 - INFO - Processing sub block #16 for https://www.racingtv.com/results/2023-01-29/naas/1332
2025-06-12 23:41:22,848 - INFO - Found 3 <a> tags - Horse: Aarons Day (IRE), Jockey: Phillip Enright (claim: 0), Trainer: Oliver McKiernan
2025-06-12 23:41:22,849 - INFO - Position/Length - Found 1 children: Position: 1st, Lost by: N/A
2025-06-12 23:41:22,849 - INFO - Extracted: Aarons Day (IRE) - Position: 1st, Lost by: N/A, Jockey: Phillip Enright (claim: 0), Trainer: Oliver McKiernan, Age: 9, Weight: 11-5t, Rating: 123
2025-06-12 23:41:22,849 - INFO - Successfully extracted 16/16 horse records from https://www.racingtv.com/results/2023-01-29/naas/1332
2025-06-12 23:41:22,849 - INFO - :) First place horse found successfully
2025-06-12 23:41:22,850 - INFO - :) First place horse found successfully
2025-06-12 23:41:22,850 - INFO - :) First place horse found successfully
2025-06-12 23:41:22,850 - INFO - :) First place horse found successfully
2025-06-12 23:41:22,850 - INFO - :) First place horse found successfully
2025-06-12 23:41:22,851 - INFO - :) First place horse found successfully
2025-06-12 23:41:22,851 - INFO - :) First place horse found successfully
2025-06-12 23:41:22,851 - INFO - :) First place horse found successfully
2025-06-12 23:41:22,851 - INFO - :) First place horse found successfully
2025-06-12 23:41:22,851 - INFO - :) First place horse found successfully
2025-06-12 23:41:22,852 - INFO - :) First place horse found successfully
2025-06-12 23:41:22,852 - INFO - :) First place horse found successfully
2025-06-12 23:41:22,852 - INFO - :) First place horse found successfully
2025-06-12 23:41:22,852 - INFO - :) First place horse found successfully
2025-06-12 23:41:22,852 - INFO - :) First place horse found successfully
2025-06-12 23:41:22,853 - INFO - :) First place horse found successfully
2025-06-12 23:41:22,853 - INFO - :) First place horse found successfully
2025-06-12 23:41:22,853 - INFO - Successfully parsed 16 horse records from: https://www.racingtv.com/results/2023-01-29/naas/1332
2025-06-12 23:41:22,853 - INFO - Waiting 2 seconds before next request...
2025-06-12 23:41:24,854 - INFO - Batch 40 - URL 14/50: https://www.racingtv.com/results/2023-01-29/naas/1407
2025-06-12 23:41:24,854 - INFO - Loading page with Selenium: https://www.racingtv.com/results/2023-01-29/naas/1407
2025-06-12 23:41:29,683 - INFO - Racing main block detected for: https://www.racingtv.com/results/2023-01-29/naas/1407
2025-06-12 23:41:29,745 - INFO - Successfully loaded page: https://www.racingtv.com/results/2023-01-29/naas/1407
2025-06-12 23:41:29,896 - INFO - Extracted race info - Track: Naas Racing Results | 29th January 2023 14:07, Date: N/A, Time: 14:07
2025-06-12 23:41:29,897 - INFO - Found 2nd h3 tag: Soft  4YO only 1m 7f 151y Winner: €12,000 (21 runners)
2025-06-12 23:41:29,898 - INFO - Extracted - Going: Soft, Distance: 1m 7f 151y
2025-06-12 23:41:29,898 - INFO - Extracting racing data from: https://www.racingtv.com/results/2023-01-29/naas/1407
2025-06-12 23:41:29,901 - INFO - Processing main block #1 for https://www.racingtv.com/results/2023-01-29/naas/1407
2025-06-12 23:41:29,925 - INFO - Checking 2nd child of main block for first place horse...
2025-06-12 23:41:29,933 - INFO - Found alternative horse block structure with 3 links
2025-06-12 23:41:29,934 - INFO - Found alternative horse block structure with 3 links
2025-06-12 23:41:29,934 - INFO - Found alternative horse block structure with 3 links
2025-06-12 23:41:29,935 - INFO - Found alternative horse block structure with 3 links
2025-06-12 23:41:29,935 - INFO - Found alternative horse block structure with 3 links
2025-06-12 23:41:29,935 - INFO - Found alternative horse block structure with 3 links
2025-06-12 23:41:29,936 - INFO - Found alternative horse block structure with 3 links
2025-06-12 23:41:29,936 - INFO - Found alternative horse block structure with 3 links
2025-06-12 23:41:29,936 - INFO - Found alternative horse block structure with 3 links
2025-06-12 23:41:29,936 - INFO - Found alternative horse block structure with 3 links
2025-06-12 23:41:29,937 - INFO - Found alternative horse block structure with 3 links
2025-06-12 23:41:29,937 - INFO - Found alternative horse block structure with 3 links
2025-06-12 23:41:29,937 - INFO - Found alternative horse block structure with 3 links
2025-06-12 23:41:29,938 - INFO - Found alternative horse block structure with 3 links
2025-06-12 23:41:29,938 - INFO - Found alternative horse block structure with 3 links
2025-06-12 23:41:29,938 - INFO - Found alternative horse block structure with 3 links
2025-06-12 23:41:29,939 - INFO - Found alternative horse block structure with 3 links
2025-06-12 23:41:29,939 - INFO - Found alternative horse block structure with 3 links
2025-06-12 23:41:29,940 - INFO - Found alternative horse block structure with 3 links
2025-06-12 23:41:29,940 - INFO - Found alternative horse block structure with 3 links
2025-06-12 23:41:29,940 - INFO - Found alternative horse block structure with 3 links
2025-06-12 23:41:29,983 - INFO - Found likely first place horse via structure analysis: Byker (IRE)
2025-06-12 23:41:29,983 - INFO - Found potential first place horse with background styling
2025-06-12 23:41:29,983 - INFO - Found potential first place horse with background styling
2025-06-12 23:41:29,983 - INFO - Found potential first place horse with background styling
2025-06-12 23:41:29,989 - INFO - Found potential first place horse with background styling
2025-06-12 23:41:29,989 - INFO - Found potential first place horse with background styling
2025-06-12 23:41:29,990 - INFO - Found potential first place horse with background styling
2025-06-12 23:41:29,991 - INFO - Found potential first place horse with background styling
2025-06-12 23:41:29,991 - INFO - Found potential first place horse with background styling
2025-06-12 23:41:29,992 - INFO - Found potential first place horse with background styling
2025-06-12 23:41:29,992 - INFO - Found potential first place horse with background styling
2025-06-12 23:41:29,992 - INFO - Found potential first place horse with background styling
2025-06-12 23:41:29,993 - INFO - Found potential first place horse with background styling
2025-06-12 23:41:29,993 - INFO - Found potential first place horse with background styling
2025-06-12 23:41:29,994 - INFO - Found potential first place horse with background styling
2025-06-12 23:41:29,994 - INFO - Found potential first place horse with background styling
2025-06-12 23:41:29,995 - INFO - Found potential first place horse with background styling
2025-06-12 23:41:29,995 - INFO - Found potential first place horse with background styling
2025-06-12 23:41:29,996 - INFO - Found potential first place horse with background styling
2025-06-12 23:41:29,996 - INFO - Found potential first place horse with background styling
2025-06-12 23:41:29,997 - INFO - Found potential first place horse with background styling
2025-06-12 23:41:29,997 - INFO - Found 42 horse entries for https://www.racingtv.com/results/2023-01-29/naas/1407 using multiple detection methods
2025-06-12 23:41:29,997 - INFO - Processing sub block #1 for https://www.racingtv.com/results/2023-01-29/naas/1407
2025-06-12 23:41:29,998 - INFO - Found 3 <a> tags - Horse: Self Inflicted Sid, Jockey: S. D. Torrens (claim: 0), Trainer: A. J. Martin
2025-06-12 23:41:29,998 - INFO - Position/Length - Found 1 children: Position: F, Lost by: N/A
2025-06-12 23:41:29,998 - INFO - Extracted: Self Inflicted Sid - Position: F, Lost by: N/A, Jockey: S. D. Torrens (claim: 0), Trainer: A. J. Martin, Age: 4, Weight: 11-7, Rating: -
2025-06-12 23:41:29,998 - INFO - Processing sub block #2 for https://www.racingtv.com/results/2023-01-29/naas/1407
2025-06-12 23:41:29,998 - INFO - Found 3 <a> tags - Horse: Rocket Spirit (IRE), Jockey: Cian Cullinan (claim: 7), Trainer: P. G. Fahey
2025-06-12 23:41:29,998 - INFO - Position/Length - Found 2 children: Position: 20th, Lost by: 9 l
2025-06-12 23:41:29,998 - INFO - Extracted: Rocket Spirit (IRE) - Position: 20th, Lost by: 9 l, Jockey: Cian Cullinan (claim: 7), Trainer: P. G. Fahey, Age: 4, Weight: 11-7, Rating: -
2025-06-12 23:41:29,998 - INFO - Processing sub block #3 for https://www.racingtv.com/results/2023-01-29/naas/1407
2025-06-12 23:41:30,001 - INFO - Found 3 <a> tags - Horse: Chemdawg (IRE), Jockey: Phillip Enright (claim: 0), Trainer: Oliver McKiernan
2025-06-12 23:41:30,002 - INFO - Position/Length - Found 2 children: Position: 19th, Lost by: Neck
2025-06-12 23:41:30,002 - INFO - Extracted: Chemdawg (IRE) - Position: 19th, Lost by: Neck, Jockey: Phillip Enright (claim: 0), Trainer: Oliver McKiernan, Age: 4, Weight: 11-0, Rating: -
2025-06-12 23:41:30,002 - INFO - Processing sub block #4 for https://www.racingtv.com/results/2023-01-29/naas/1407
2025-06-12 23:41:30,002 - INFO - Found 3 <a> tags - Horse: Always Force It (IRE), Jockey: Reserve (claim: 7), Trainer: Gavin Patrick Cromwell
2025-06-12 23:41:30,003 - INFO - Position/Length - Found 2 children: Position: 18th, Lost by: 21 l
2025-06-12 23:41:30,003 - INFO - Extracted: Always Force It (IRE) - Position: 18th, Lost by: 21 l, Jockey: Reserve (claim: 7), Trainer: Gavin Patrick Cromwell, Age: 4, Weight: 11-7, Rating: -
2025-06-12 23:41:30,003 - INFO - Processing sub block #5 for https://www.racingtv.com/results/2023-01-29/naas/1407
2025-06-12 23:41:30,004 - INFO - Found 3 <a> tags - Horse: Secret Rock (IRE), Jockey: Peter Carberry (claim: 0), Trainer: A. J. Martin
2025-06-12 23:41:30,005 - INFO - Position/Length - Found 2 children: Position: 17th, Lost by: 2 l
2025-06-12 23:41:30,005 - INFO - Extracted: Secret Rock (IRE) - Position: 17th, Lost by: 2 l, Jockey: Peter Carberry (claim: 0), Trainer: A. J. Martin, Age: 4, Weight: 11-7, Rating: -
2025-06-12 23:41:30,005 - INFO - Processing sub block #6 for https://www.racingtv.com/results/2023-01-29/naas/1407
2025-06-12 23:41:30,006 - INFO - Found 3 <a> tags - Horse: Winterscape, Jockey: Richard Deegan (claim: 0), Trainer: Paul Nolan
2025-06-12 23:41:30,007 - INFO - Position/Length - Found 2 children: Position: 16th, Lost by: 3 1/4 l
2025-06-12 23:41:30,007 - INFO - Extracted: Winterscape - Position: 16th, Lost by: 3 1/4 l, Jockey: Richard Deegan (claim: 0), Trainer: Paul Nolan, Age: 4, Weight: 11-7, Rating: -
2025-06-12 23:41:30,008 - INFO - Processing sub block #7 for https://www.racingtv.com/results/2023-01-29/naas/1407
2025-06-12 23:41:30,009 - INFO - Found 3 <a> tags - Horse: Downtherefordancin, Jockey: Keith Donoghue (claim: 0), Trainer: Gavin Patrick Cromwell
2025-06-12 23:41:30,009 - INFO - Position/Length - Found 2 children: Position: 15th, Lost by: Neck
2025-06-12 23:41:30,009 - INFO - Extracted: Downtherefordancin - Position: 15th, Lost by: Neck, Jockey: Keith Donoghue (claim: 0), Trainer: Gavin Patrick Cromwell, Age: 4, Weight: 11-7, Rating: -
2025-06-12 23:41:30,009 - INFO - Processing sub block #8 for https://www.racingtv.com/results/2023-01-29/naas/1407
2025-06-12 23:41:30,009 - INFO - Found 3 <a> tags - Horse: Feet Of A Dancer (FR), Jockey: S. F. O'Keeffe (claim: 0), Trainer: Paul Nolan
2025-06-12 23:41:30,011 - INFO - Position/Length - Found 2 children: Position: 14th, Lost by: 5 1/2 l
2025-06-12 23:41:30,011 - INFO - Extracted: Feet Of A Dancer (FR) - Position: 14th, Lost by: 5 1/2 l, Jockey: S. F. O'Keeffe (claim: 0), Trainer: Paul Nolan, Age: 4, Weight: 11-0, Rating: -
2025-06-12 23:41:30,011 - INFO - Processing sub block #9 for https://www.racingtv.com/results/2023-01-29/naas/1407
2025-06-12 23:41:30,012 - INFO - Found 3 <a> tags - Horse: Brave Troop (IRE), Jockey: B. Hayes (claim: 0), Trainer: Barry Fitzgerald
2025-06-12 23:41:30,013 - INFO - Position/Length - Found 2 children: Position: 13th, Lost by: Head
2025-06-12 23:41:30,013 - INFO - Extracted: Brave Troop (IRE) - Position: 13th, Lost by: Head, Jockey: B. Hayes (claim: 0), Trainer: Barry Fitzgerald, Age: 4, Weight: 11-7, Rating: -
2025-06-12 23:41:30,013 - INFO - Processing sub block #10 for https://www.racingtv.com/results/2023-01-29/naas/1407
2025-06-12 23:41:30,013 - INFO - Found 3 <a> tags - Horse: Portville (IRE), Jockey: E. A. Fitzgerald (claim: 7), Trainer: Peter Fahey
2025-06-12 23:41:30,014 - INFO - Position/Length - Found 2 children: Position: 12th, Lost by: 1/2 l
2025-06-12 23:41:30,014 - INFO - Extracted: Portville (IRE) - Position: 12th, Lost by: 1/2 l, Jockey: E. A. Fitzgerald (claim: 7), Trainer: Peter Fahey, Age: 4, Weight: 11-0, Rating: -
2025-06-12 23:41:30,015 - INFO - Processing sub block #11 for https://www.racingtv.com/results/2023-01-29/naas/1407
2025-06-12 23:41:30,015 - INFO - Found 3 <a> tags - Horse: Grappa Nonino (IRE), Jockey: D. J. O'Keeffe (claim: 0), Trainer: D. K. Weld
2025-06-12 23:41:30,016 - INFO - Position/Length - Found 2 children: Position: 11th, Lost by: 1 1/2 l
2025-06-12 23:41:30,016 - INFO - Extracted: Grappa Nonino (IRE) - Position: 11th, Lost by: 1 1/2 l, Jockey: D. J. O'Keeffe (claim: 0), Trainer: D. K. Weld, Age: 4, Weight: 11-7, Rating: -
2025-06-12 23:41:30,016 - INFO - Processing sub block #12 for https://www.racingtv.com/results/2023-01-29/naas/1407
2025-06-12 23:41:30,016 - INFO - Found 3 <a> tags - Horse: Jacovec Cavern, Jockey: D. E. Mullins (claim: 0), Trainer: Paul Hennessy
2025-06-12 23:41:30,017 - INFO - Position/Length - Found 2 children: Position: 10th, Lost by: 1 3/4 l
2025-06-12 23:41:30,017 - INFO - Extracted: Jacovec Cavern - Position: 10th, Lost by: 1 3/4 l, Jockey: D. E. Mullins (claim: 0), Trainer: Paul Hennessy, Age: 4, Weight: 11-7, Rating: -
2025-06-12 23:41:30,017 - INFO - Processing sub block #13 for https://www.racingtv.com/results/2023-01-29/naas/1407
2025-06-12 23:41:30,018 - INFO - Found 3 <a> tags - Horse: Sinbad Le Marin (FR), Jockey: P. Townend (claim: 0), Trainer: W. P. Mullins
2025-06-12 23:41:30,019 - INFO - Position/Length - Found 2 children: Position: 9th, Lost by: 2 l
2025-06-12 23:41:30,019 - INFO - Extracted: Sinbad Le Marin (FR) - Position: 9th, Lost by: 2 l, Jockey: P. Townend (claim: 0), Trainer: W. P. Mullins, Age: 4, Weight: 11-7, Rating: -
2025-06-12 23:41:30,019 - INFO - Processing sub block #14 for https://www.racingtv.com/results/2023-01-29/naas/1407
2025-06-12 23:41:30,019 - INFO - Found 3 <a> tags - Horse: Teagarden Jazz, Jockey: Denis O'Regan (claim: 0), Trainer: Gordon Elliott
2025-06-12 23:41:30,021 - INFO - Position/Length - Found 2 children: Position: 8th, Lost by: 3/4 l
2025-06-12 23:41:30,021 - INFO - Extracted: Teagarden Jazz - Position: 8th, Lost by: 3/4 l, Jockey: Denis O'Regan (claim: 0), Trainer: Gordon Elliott, Age: 4, Weight: 11-0t, Rating: -
2025-06-12 23:41:30,021 - INFO - Processing sub block #15 for https://www.racingtv.com/results/2023-01-29/naas/1407
2025-06-12 23:41:30,021 - INFO - Found 3 <a> tags - Horse: Your Honor (IRE), Jockey: Gavin Peter Brouder (claim: 5), Trainer: James A. Nash
2025-06-12 23:41:30,022 - INFO - Position/Length - Found 2 children: Position: 7th, Lost by: Head
2025-06-12 23:41:30,022 - INFO - Extracted: Your Honor (IRE) - Position: 7th, Lost by: Head, Jockey: Gavin Peter Brouder (claim: 5), Trainer: James A. Nash, Age: 4, Weight: 11-7, Rating: -
2025-06-12 23:41:30,022 - INFO - Processing sub block #16 for https://www.racingtv.com/results/2023-01-29/naas/1407
2025-06-12 23:41:30,023 - INFO - Found 3 <a> tags - Horse: Almuhit (IRE), Jockey: D. King (claim: 5), Trainer: Denis Hogan
2025-06-12 23:41:30,024 - INFO - Position/Length - Found 2 children: Position: 6th, Lost by: 1/2 l
2025-06-12 23:41:30,024 - INFO - Extracted: Almuhit (IRE) - Position: 6th, Lost by: 1/2 l, Jockey: D. King (claim: 5), Trainer: Denis Hogan, Age: 4, Weight: 11-7p, Rating: -
2025-06-12 23:41:30,024 - INFO - Processing sub block #17 for https://www.racingtv.com/results/2023-01-29/naas/1407
2025-06-12 23:41:30,025 - INFO - Found 3 <a> tags - Horse: The Lovely Man (IRE), Jockey: R. J. Condon (claim: 5), Trainer: Colm A. Murphy
2025-06-12 23:41:30,025 - INFO - Position/Length - Found 2 children: Position: 5th, Lost by: 1/2 l
2025-06-12 23:41:30,025 - INFO - Extracted: The Lovely Man (IRE) - Position: 5th, Lost by: 1/2 l, Jockey: R. J. Condon (claim: 5), Trainer: Colm A. Murphy, Age: 4, Weight: 11-7, Rating: -
2025-06-12 23:41:30,025 - INFO - Processing sub block #18 for https://www.racingtv.com/results/2023-01-29/naas/1407
2025-06-12 23:41:30,028 - INFO - Found 3 <a> tags - Horse: Zanndabad (IRE), Jockey: B. J. Cooper (claim: 0), Trainer: A. J. Martin
2025-06-12 23:41:30,028 - INFO - Position/Length - Found 2 children: Position: 4th, Lost by: Head
2025-06-12 23:41:30,029 - INFO - Extracted: Zanndabad (IRE) - Position: 4th, Lost by: Head, Jockey: B. J. Cooper (claim: 0), Trainer: A. J. Martin, Age: 4, Weight: 11-7t, Rating: -
2025-06-12 23:41:30,029 - INFO - Processing sub block #19 for https://www.racingtv.com/results/2023-01-29/naas/1407
2025-06-12 23:41:30,029 - INFO - Found 3 <a> tags - Horse: Gordons Aura (IRE), Jockey: Davy Russell (claim: 0), Trainer: Gordon Elliott
2025-06-12 23:41:30,030 - INFO - Position/Length - Found 2 children: Position: 3rd, Lost by: 7 l
2025-06-12 23:41:30,030 - INFO - Extracted: Gordons Aura (IRE) - Position: 3rd, Lost by: 7 l, Jockey: Davy Russell (claim: 0), Trainer: Gordon Elliott, Age: 4, Weight: 11-7, Rating: -
2025-06-12 23:41:30,030 - INFO - Processing sub block #20 for https://www.racingtv.com/results/2023-01-29/naas/1407
2025-06-12 23:41:30,031 - INFO - Found 3 <a> tags - Horse: Mighty Mo Missouri (IRE), Jockey: C. Smithers (claim: 7), Trainer: Mrs J. Harrington
2025-06-12 23:41:30,032 - INFO - Position/Length - Found 2 children: Position: 2nd, Lost by: 1 3/4 l
2025-06-12 23:41:30,032 - INFO - Extracted: Mighty Mo Missouri (IRE) - Position: 2nd, Lost by: 1 3/4 l, Jockey: C. Smithers (claim: 7), Trainer: Mrs J. Harrington, Age: 4, Weight: 11-7tp, Rating: -
2025-06-12 23:41:30,032 - INFO - Processing sub block #21 for https://www.racingtv.com/results/2023-01-29/naas/1407
2025-06-12 23:41:30,032 - INFO - Found 3 <a> tags - Horse: Byker (IRE), Jockey: P. Byrnes (claim: 5), Trainer: Charles Byrnes
2025-06-12 23:41:30,032 - INFO - Position/Length - Found 1 children: Position: 1st, Lost by: N/A
2025-06-12 23:41:30,032 - INFO - Confirmed winner: Byker (IRE)
2025-06-12 23:41:30,032 - INFO - Extracted: Byker (IRE) - Position: 1st, Lost by: N/A, Jockey: P. Byrnes (claim: 5), Trainer: Charles Byrnes, Age: 4, Weight: 11-7, Rating: -
2025-06-12 23:41:30,032 - INFO - Processing sub block #22 for https://www.racingtv.com/results/2023-01-29/naas/1407
2025-06-12 23:41:30,032 - INFO - Found 3 <a> tags - Horse: Self Inflicted Sid, Jockey: S. D. Torrens (claim: 0), Trainer: A. J. Martin
2025-06-12 23:41:30,032 - INFO - Position/Length - Found 1 children: Position: F, Lost by: N/A
2025-06-12 23:41:30,032 - INFO - Extracted: Self Inflicted Sid - Position: F, Lost by: N/A, Jockey: S. D. Torrens (claim: 0), Trainer: A. J. Martin, Age: 4, Weight: 11-7, Rating: -
2025-06-12 23:41:30,032 - INFO - Processing sub block #23 for https://www.racingtv.com/results/2023-01-29/naas/1407
2025-06-12 23:41:30,032 - INFO - Found 3 <a> tags - Horse: Rocket Spirit (IRE), Jockey: Cian Cullinan (claim: 7), Trainer: P. G. Fahey
2025-06-12 23:41:30,032 - INFO - Position/Length - Found 2 children: Position: 20th, Lost by: 9 l
2025-06-12 23:41:30,032 - INFO - Extracted: Rocket Spirit (IRE) - Position: 20th, Lost by: 9 l, Jockey: Cian Cullinan (claim: 7), Trainer: P. G. Fahey, Age: 4, Weight: 11-7, Rating: -
2025-06-12 23:41:30,032 - INFO - Processing sub block #24 for https://www.racingtv.com/results/2023-01-29/naas/1407
2025-06-12 23:41:30,032 - INFO - Found 3 <a> tags - Horse: Chemdawg (IRE), Jockey: Phillip Enright (claim: 0), Trainer: Oliver McKiernan
2025-06-12 23:41:30,032 - INFO - Position/Length - Found 2 children: Position: 19th, Lost by: Neck
2025-06-12 23:41:30,038 - INFO - Extracted: Chemdawg (IRE) - Position: 19th, Lost by: Neck, Jockey: Phillip Enright (claim: 0), Trainer: Oliver McKiernan, Age: 4, Weight: 11-0, Rating: -
2025-06-12 23:41:30,038 - INFO - Processing sub block #25 for https://www.racingtv.com/results/2023-01-29/naas/1407
2025-06-12 23:41:30,038 - INFO - Found 3 <a> tags - Horse: Always Force It (IRE), Jockey: Reserve (claim: 7), Trainer: Gavin Patrick Cromwell
2025-06-12 23:41:30,039 - INFO - Position/Length - Found 2 children: Position: 18th, Lost by: 21 l
2025-06-12 23:41:30,039 - INFO - Extracted: Always Force It (IRE) - Position: 18th, Lost by: 21 l, Jockey: Reserve (claim: 7), Trainer: Gavin Patrick Cromwell, Age: 4, Weight: 11-7, Rating: -
2025-06-12 23:41:30,040 - INFO - Processing sub block #26 for https://www.racingtv.com/results/2023-01-29/naas/1407
2025-06-12 23:41:30,040 - INFO - Found 3 <a> tags - Horse: Secret Rock (IRE), Jockey: Peter Carberry (claim: 0), Trainer: A. J. Martin
2025-06-12 23:41:30,041 - INFO - Position/Length - Found 2 children: Position: 17th, Lost by: 2 l
2025-06-12 23:41:30,041 - INFO - Extracted: Secret Rock (IRE) - Position: 17th, Lost by: 2 l, Jockey: Peter Carberry (claim: 0), Trainer: A. J. Martin, Age: 4, Weight: 11-7, Rating: -
2025-06-12 23:41:30,041 - INFO - Processing sub block #27 for https://www.racingtv.com/results/2023-01-29/naas/1407
2025-06-12 23:41:30,042 - INFO - Found 3 <a> tags - Horse: Winterscape, Jockey: Richard Deegan (claim: 0), Trainer: Paul Nolan
2025-06-12 23:41:30,042 - INFO - Position/Length - Found 2 children: Position: 16th, Lost by: 3 1/4 l
2025-06-12 23:41:30,042 - INFO - Extracted: Winterscape - Position: 16th, Lost by: 3 1/4 l, Jockey: Richard Deegan (claim: 0), Trainer: Paul Nolan, Age: 4, Weight: 11-7, Rating: -
2025-06-12 23:41:30,042 - INFO - Processing sub block #28 for https://www.racingtv.com/results/2023-01-29/naas/1407
2025-06-12 23:41:30,042 - INFO - Found 3 <a> tags - Horse: Downtherefordancin, Jockey: Keith Donoghue (claim: 0), Trainer: Gavin Patrick Cromwell
2025-06-12 23:41:30,042 - INFO - Position/Length - Found 2 children: Position: 15th, Lost by: Neck
2025-06-12 23:41:30,042 - INFO - Extracted: Downtherefordancin - Position: 15th, Lost by: Neck, Jockey: Keith Donoghue (claim: 0), Trainer: Gavin Patrick Cromwell, Age: 4, Weight: 11-7, Rating: -
2025-06-12 23:41:30,042 - INFO - Processing sub block #29 for https://www.racingtv.com/results/2023-01-29/naas/1407
2025-06-12 23:41:30,042 - INFO - Found 3 <a> tags - Horse: Feet Of A Dancer (FR), Jockey: S. F. O'Keeffe (claim: 0), Trainer: Paul Nolan
2025-06-12 23:41:30,042 - INFO - Position/Length - Found 2 children: Position: 14th, Lost by: 5 1/2 l
2025-06-12 23:41:30,042 - INFO - Extracted: Feet Of A Dancer (FR) - Position: 14th, Lost by: 5 1/2 l, Jockey: S. F. O'Keeffe (claim: 0), Trainer: Paul Nolan, Age: 4, Weight: 11-0, Rating: -
2025-06-12 23:41:30,042 - INFO - Processing sub block #30 for https://www.racingtv.com/results/2023-01-29/naas/1407
2025-06-12 23:41:30,042 - INFO - Found 3 <a> tags - Horse: Brave Troop (IRE), Jockey: B. Hayes (claim: 0), Trainer: Barry Fitzgerald
2025-06-12 23:41:30,048 - INFO - Position/Length - Found 2 children: Position: 13th, Lost by: Head
2025-06-12 23:41:30,048 - INFO - Extracted: Brave Troop (IRE) - Position: 13th, Lost by: Head, Jockey: B. Hayes (claim: 0), Trainer: Barry Fitzgerald, Age: 4, Weight: 11-7, Rating: -
2025-06-12 23:41:30,048 - INFO - Processing sub block #31 for https://www.racingtv.com/results/2023-01-29/naas/1407
2025-06-12 23:41:30,049 - INFO - Found 3 <a> tags - Horse: Portville (IRE), Jockey: E. A. Fitzgerald (claim: 7), Trainer: Peter Fahey
2025-06-12 23:41:30,049 - INFO - Position/Length - Found 2 children: Position: 12th, Lost by: 1/2 l
2025-06-12 23:41:30,050 - INFO - Extracted: Portville (IRE) - Position: 12th, Lost by: 1/2 l, Jockey: E. A. Fitzgerald (claim: 7), Trainer: Peter Fahey, Age: 4, Weight: 11-0, Rating: -
2025-06-12 23:41:30,050 - INFO - Processing sub block #32 for https://www.racingtv.com/results/2023-01-29/naas/1407
2025-06-12 23:41:30,050 - INFO - Found 3 <a> tags - Horse: Grappa Nonino (IRE), Jockey: D. J. O'Keeffe (claim: 0), Trainer: D. K. Weld
2025-06-12 23:41:30,051 - INFO - Position/Length - Found 2 children: Position: 11th, Lost by: 1 1/2 l
2025-06-12 23:41:30,051 - INFO - Extracted: Grappa Nonino (IRE) - Position: 11th, Lost by: 1 1/2 l, Jockey: D. J. O'Keeffe (claim: 0), Trainer: D. K. Weld, Age: 4, Weight: 11-7, Rating: -
2025-06-12 23:41:30,051 - INFO - Processing sub block #33 for https://www.racingtv.com/results/2023-01-29/naas/1407
2025-06-12 23:41:30,052 - INFO - Found 3 <a> tags - Horse: Jacovec Cavern, Jockey: D. E. Mullins (claim: 0), Trainer: Paul Hennessy
2025-06-12 23:41:30,052 - INFO - Position/Length - Found 2 children: Position: 10th, Lost by: 1 3/4 l
2025-06-12 23:41:30,052 - INFO - Extracted: Jacovec Cavern - Position: 10th, Lost by: 1 3/4 l, Jockey: D. E. Mullins (claim: 0), Trainer: Paul Hennessy, Age: 4, Weight: 11-7, Rating: -
2025-06-12 23:41:30,052 - INFO - Processing sub block #34 for https://www.racingtv.com/results/2023-01-29/naas/1407
2025-06-12 23:41:30,052 - INFO - Found 3 <a> tags - Horse: Sinbad Le Marin (FR), Jockey: P. Townend (claim: 0), Trainer: W. P. Mullins
2025-06-12 23:41:30,052 - INFO - Position/Length - Found 2 children: Position: 9th, Lost by: 2 l
2025-06-12 23:41:30,052 - INFO - Extracted: Sinbad Le Marin (FR) - Position: 9th, Lost by: 2 l, Jockey: P. Townend (claim: 0), Trainer: W. P. Mullins, Age: 4, Weight: 11-7, Rating: -
2025-06-12 23:41:30,052 - INFO - Processing sub block #35 for https://www.racingtv.com/results/2023-01-29/naas/1407
2025-06-12 23:41:30,052 - INFO - Found 3 <a> tags - Horse: Teagarden Jazz, Jockey: Denis O'Regan (claim: 0), Trainer: Gordon Elliott
2025-06-12 23:41:30,056 - INFO - Position/Length - Found 2 children: Position: 8th, Lost by: 3/4 l
2025-06-12 23:41:30,056 - INFO - Extracted: Teagarden Jazz - Position: 8th, Lost by: 3/4 l, Jockey: Denis O'Regan (claim: 0), Trainer: Gordon Elliott, Age: 4, Weight: 11-0t, Rating: -
2025-06-12 23:41:30,056 - INFO - Processing sub block #36 for https://www.racingtv.com/results/2023-01-29/naas/1407
2025-06-12 23:41:30,057 - INFO - Found 3 <a> tags - Horse: Your Honor (IRE), Jockey: Gavin Peter Brouder (claim: 5), Trainer: James A. Nash
2025-06-12 23:41:30,057 - INFO - Position/Length - Found 2 children: Position: 7th, Lost by: Head
2025-06-12 23:41:30,057 - INFO - Extracted: Your Honor (IRE) - Position: 7th, Lost by: Head, Jockey: Gavin Peter Brouder (claim: 5), Trainer: James A. Nash, Age: 4, Weight: 11-7, Rating: -
2025-06-12 23:41:30,058 - INFO - Processing sub block #37 for https://www.racingtv.com/results/2023-01-29/naas/1407
2025-06-12 23:41:30,058 - INFO - Found 3 <a> tags - Horse: Almuhit (IRE), Jockey: D. King (claim: 5), Trainer: Denis Hogan
2025-06-12 23:41:30,059 - INFO - Position/Length - Found 2 children: Position: 6th, Lost by: 1/2 l
2025-06-12 23:41:30,059 - INFO - Extracted: Almuhit (IRE) - Position: 6th, Lost by: 1/2 l, Jockey: D. King (claim: 5), Trainer: Denis Hogan, Age: 4, Weight: 11-7p, Rating: -
2025-06-12 23:41:30,059 - INFO - Processing sub block #38 for https://www.racingtv.com/results/2023-01-29/naas/1407
2025-06-12 23:41:30,060 - INFO - Found 3 <a> tags - Horse: The Lovely Man (IRE), Jockey: R. J. Condon (claim: 5), Trainer: Colm A. Murphy
2025-06-12 23:41:30,061 - INFO - Position/Length - Found 2 children: Position: 5th, Lost by: 1/2 l
2025-06-12 23:41:30,061 - INFO - Extracted: The Lovely Man (IRE) - Position: 5th, Lost by: 1/2 l, Jockey: R. J. Condon (claim: 5), Trainer: Colm A. Murphy, Age: 4, Weight: 11-7, Rating: -
2025-06-12 23:41:30,061 - INFO - Processing sub block #39 for https://www.racingtv.com/results/2023-01-29/naas/1407
2025-06-12 23:41:30,061 - INFO - Found 3 <a> tags - Horse: Zanndabad (IRE), Jockey: B. J. Cooper (claim: 0), Trainer: A. J. Martin
2025-06-12 23:41:30,062 - INFO - Position/Length - Found 2 children: Position: 4th, Lost by: Head
2025-06-12 23:41:30,062 - INFO - Extracted: Zanndabad (IRE) - Position: 4th, Lost by: Head, Jockey: B. J. Cooper (claim: 0), Trainer: A. J. Martin, Age: 4, Weight: 11-7t, Rating: -
2025-06-12 23:41:30,062 - INFO - Processing sub block #40 for https://www.racingtv.com/results/2023-01-29/naas/1407
2025-06-12 23:41:30,063 - INFO - Found 3 <a> tags - Horse: Gordons Aura (IRE), Jockey: Davy Russell (claim: 0), Trainer: Gordon Elliott
2025-06-12 23:41:30,063 - INFO - Position/Length - Found 2 children: Position: 3rd, Lost by: 7 l
2025-06-12 23:41:30,064 - INFO - Extracted: Gordons Aura (IRE) - Position: 3rd, Lost by: 7 l, Jockey: Davy Russell (claim: 0), Trainer: Gordon Elliott, Age: 4, Weight: 11-7, Rating: -
2025-06-12 23:41:30,064 - INFO - Processing sub block #41 for https://www.racingtv.com/results/2023-01-29/naas/1407
2025-06-12 23:41:30,064 - INFO - Found 3 <a> tags - Horse: Mighty Mo Missouri (IRE), Jockey: C. Smithers (claim: 7), Trainer: Mrs J. Harrington
2025-06-12 23:41:30,065 - INFO - Position/Length - Found 2 children: Position: 2nd, Lost by: 1 3/4 l
2025-06-12 23:41:30,065 - INFO - Extracted: Mighty Mo Missouri (IRE) - Position: 2nd, Lost by: 1 3/4 l, Jockey: C. Smithers (claim: 7), Trainer: Mrs J. Harrington, Age: 4, Weight: 11-7tp, Rating: -
2025-06-12 23:41:30,065 - INFO - Processing sub block #42 for https://www.racingtv.com/results/2023-01-29/naas/1407
2025-06-12 23:41:30,065 - INFO - Found 3 <a> tags - Horse: Byker (IRE), Jockey: P. Byrnes (claim: 5), Trainer: Charles Byrnes
2025-06-12 23:41:30,065 - INFO - Position/Length - Found 1 children: Position: 1st, Lost by: N/A
2025-06-12 23:41:30,065 - INFO - Extracted: Byker (IRE) - Position: 1st, Lost by: N/A, Jockey: P. Byrnes (claim: 5), Trainer: Charles Byrnes, Age: 4, Weight: 11-7, Rating: -
2025-06-12 23:41:30,065 - INFO - Successfully extracted 42/42 horse records from https://www.racingtv.com/results/2023-01-29/naas/1407
2025-06-12 23:41:30,065 - INFO - :) First place horse found successfully
2025-06-12 23:41:30,068 - INFO - :) First place horse found successfully
2025-06-12 23:41:30,068 - INFO - :) First place horse found successfully
2025-06-12 23:41:30,068 - INFO - :) First place horse found successfully
2025-06-12 23:41:30,068 - INFO - :) First place horse found successfully
2025-06-12 23:41:30,068 - INFO - :) First place horse found successfully
2025-06-12 23:41:30,068 - INFO - :) First place horse found successfully
2025-06-12 23:41:30,069 - INFO - :) First place horse found successfully
2025-06-12 23:41:30,069 - INFO - :) First place horse found successfully
2025-06-12 23:41:30,069 - INFO - :) First place horse found successfully
2025-06-12 23:41:30,069 - INFO - :) First place horse found successfully
2025-06-12 23:41:30,069 - INFO - :) First place horse found successfully
2025-06-12 23:41:30,070 - INFO - :) First place horse found successfully
2025-06-12 23:41:30,070 - INFO - :) First place horse found successfully
2025-06-12 23:41:30,070 - INFO - :) First place horse found successfully
2025-06-12 23:41:30,070 - INFO - :) First place horse found successfully
2025-06-12 23:41:30,070 - INFO - :) First place horse found successfully
2025-06-12 23:41:30,070 - INFO - :) First place horse found successfully
2025-06-12 23:41:30,071 - INFO - :) First place horse found successfully
2025-06-12 23:41:30,071 - INFO - :) First place horse found successfully
2025-06-12 23:41:30,071 - INFO - :) First place horse found successfully
2025-06-12 23:41:30,071 - INFO - :) First place horse found successfully
2025-06-12 23:41:30,071 - INFO - :) First place horse found successfully
2025-06-12 23:41:30,071 - INFO - :) First place horse found successfully
2025-06-12 23:41:30,072 - INFO - :) First place horse found successfully
2025-06-12 23:41:30,072 - INFO - :) First place horse found successfully
2025-06-12 23:41:30,072 - INFO - :) First place horse found successfully
2025-06-12 23:41:30,072 - INFO - :) First place horse found successfully
2025-06-12 23:41:30,072 - INFO - :) First place horse found successfully
2025-06-12 23:41:30,073 - INFO - :) First place horse found successfully
2025-06-12 23:41:30,073 - INFO - :) First place horse found successfully
2025-06-12 23:41:30,073 - INFO - :) First place horse found successfully
2025-06-12 23:41:30,073 - INFO - :) First place horse found successfully
2025-06-12 23:41:30,073 - INFO - :) First place horse found successfully
2025-06-12 23:41:30,074 - INFO - :) First place horse found successfully
2025-06-12 23:41:30,074 - INFO - :) First place horse found successfully
2025-06-12 23:41:30,074 - INFO - :) First place horse found successfully
2025-06-12 23:41:30,074 - INFO - :) First place horse found successfully
2025-06-12 23:41:30,075 - INFO - :) First place horse found successfully
2025-06-12 23:41:30,076 - INFO - :) First place horse found successfully
2025-06-12 23:41:30,076 - INFO - :) First place horse found successfully
2025-06-12 23:41:30,076 - INFO - :) First place horse found successfully
2025-06-12 23:41:30,076 - INFO - :) First place horse found successfully
2025-06-12 23:41:30,076 - INFO - Successfully parsed 42 horse records from: https://www.racingtv.com/results/2023-01-29/naas/1407
2025-06-12 23:41:30,077 - INFO - Waiting 2 seconds before next request...
2025-06-12 23:41:32,078 - INFO - Batch 40 - URL 15/50: https://www.racingtv.com/results/2023-01-29/naas/1442
2025-06-12 23:41:32,078 - INFO - Loading page with Selenium: https://www.racingtv.com/results/2023-01-29/naas/1442
2025-06-12 23:41:37,061 - INFO - Racing main block detected for: https://www.racingtv.com/results/2023-01-29/naas/1442
2025-06-12 23:41:37,127 - INFO - Successfully loaded page: https://www.racingtv.com/results/2023-01-29/naas/1442
2025-06-12 23:41:37,222 - INFO - Extracted race info - Track: Naas Racing Results | 29th January 2023 14:42, Date: N/A, Time: 14:42
2025-06-12 23:41:37,223 - INFO - Found 2nd h3 tag: Soft  5YO+ 1m 7f 151y Winner: €28,500 (6 runners)
2025-06-12 23:41:37,223 - INFO - Extracted - Going: Soft, Distance: 1m 7f 151y
2025-06-12 23:41:37,223 - INFO - Extracting racing data from: https://www.racingtv.com/results/2023-01-29/naas/1442
2025-06-12 23:41:37,223 - INFO - Processing main block #1 for https://www.racingtv.com/results/2023-01-29/naas/1442
2025-06-12 23:41:37,235 - INFO - Checking 2nd child of main block for first place horse...
2025-06-12 23:41:37,239 - INFO - Found alternative horse block structure with 3 links
2025-06-12 23:41:37,239 - INFO - Found alternative horse block structure with 3 links
2025-06-12 23:41:37,240 - INFO - Found alternative horse block structure with 3 links
2025-06-12 23:41:37,240 - INFO - Found alternative horse block structure with 3 links
2025-06-12 23:41:37,240 - INFO - Found alternative horse block structure with 3 links
2025-06-12 23:41:37,240 - INFO - Found alternative horse block structure with 3 links
2025-06-12 23:41:37,253 - INFO - Found likely first place horse via structure analysis: Echoes In Rain (FR)
2025-06-12 23:41:37,254 - INFO - Found potential first place horse with background styling
2025-06-12 23:41:37,254 - INFO - Found potential first place horse with background styling
2025-06-12 23:41:37,255 - INFO - Found potential first place horse with background styling
2025-06-12 23:41:37,255 - INFO - Found potential first place horse with background styling
2025-06-12 23:41:37,255 - INFO - Found potential first place horse with background styling
2025-06-12 23:41:37,256 - INFO - Found 12 horse entries for https://www.racingtv.com/results/2023-01-29/naas/1442 using multiple detection methods
2025-06-12 23:41:37,256 - INFO - Processing sub block #1 for https://www.racingtv.com/results/2023-01-29/naas/1442
2025-06-12 23:41:37,256 - INFO - Found 3 <a> tags - Horse: Derry Lad (IRE), Jockey: S. F. O'Keeffe (claim: 0), Trainer: Kevin Thomas Coleman
2025-06-12 23:41:37,257 - INFO - Position/Length - Found 2 children: Position: 6th, Lost by: 78 l
2025-06-12 23:41:37,258 - INFO - Extracted: Derry Lad (IRE) - Position: 6th, Lost by: 78 l, Jockey: S. F. O'Keeffe (claim: 0), Trainer: Kevin Thomas Coleman, Age: 5, Weight: 11-3, Rating: -
2025-06-12 23:41:37,258 - INFO - Processing sub block #2 for https://www.racingtv.com/results/2023-01-29/naas/1442
2025-06-12 23:41:37,258 - INFO - Found 3 <a> tags - Horse: Darasso (FR), Jockey: L. P. Dempsey (claim: 0), Trainer: Joseph Patrick O'Brien
2025-06-12 23:41:37,259 - INFO - Position/Length - Found 2 children: Position: 5th, Lost by: 17 l
2025-06-12 23:41:37,260 - INFO - Extracted: Darasso (FR) - Position: 5th, Lost by: 17 l, Jockey: L. P. Dempsey (claim: 0), Trainer: Joseph Patrick O'Brien, Age: 10, Weight: 11-12tb, Rating: -
2025-06-12 23:41:37,260 - INFO - Processing sub block #3 for https://www.racingtv.com/results/2023-01-29/naas/1442
2025-06-12 23:41:37,260 - INFO - Found 3 <a> tags - Horse: Meet And Greet (IRE), Jockey: Phillip Enright (claim: 0), Trainer: Oliver McKiernan
2025-06-12 23:41:37,261 - INFO - Position/Length - Found 2 children: Position: 4th, Lost by: 1 1/4 l
2025-06-12 23:41:37,261 - INFO - Extracted: Meet And Greet (IRE) - Position: 4th, Lost by: 1 1/4 l, Jockey: Phillip Enright (claim: 0), Trainer: Oliver McKiernan, Age: 7, Weight: 11-3, Rating: -
2025-06-12 23:41:37,262 - INFO - Processing sub block #4 for https://www.racingtv.com/results/2023-01-29/naas/1442
2025-06-12 23:41:37,262 - INFO - Found 3 <a> tags - Horse: Bob Olinger (IRE), Jockey: Rachael Blackmore (claim: 0), Trainer: Henry de Bromhead
2025-06-12 23:41:37,263 - INFO - Position/Length - Found 2 children: Position: 3rd, Lost by: 1 1/4 l
2025-06-12 23:41:37,263 - INFO - Extracted: Bob Olinger (IRE) - Position: 3rd, Lost by: 1 1/4 l, Jockey: Rachael Blackmore (claim: 0), Trainer: Henry de Bromhead, Age: 8, Weight: 11-3, Rating: -
2025-06-12 23:41:37,263 - INFO - Processing sub block #5 for https://www.racingtv.com/results/2023-01-29/naas/1442
2025-06-12 23:41:37,264 - INFO - Found 3 <a> tags - Horse: Cash Back (FR), Jockey: D. E. Mullins (claim: 0), Trainer: W. P. Mullins
2025-06-12 23:41:37,265 - INFO - Position/Length - Found 2 children: Position: 2nd, Lost by: 10 l
2025-06-12 23:41:37,266 - INFO - Extracted: Cash Back (FR) - Position: 2nd, Lost by: 10 l, Jockey: D. E. Mullins (claim: 0), Trainer: W. P. Mullins, Age: 11, Weight: 11-3h, Rating: -
2025-06-12 23:41:37,266 - INFO - Processing sub block #6 for https://www.racingtv.com/results/2023-01-29/naas/1442
2025-06-12 23:41:37,266 - INFO - Found 3 <a> tags - Horse: Echoes In Rain (FR), Jockey: P. Townend (claim: 0), Trainer: W. P. Mullins
2025-06-12 23:41:37,267 - INFO - Position/Length - Found 1 children: Position: 1st, Lost by: N/A
2025-06-12 23:41:37,267 - INFO - Confirmed winner: Echoes In Rain (FR)
2025-06-12 23:41:37,268 - INFO - Extracted: Echoes In Rain (FR) - Position: 1st, Lost by: N/A, Jockey: P. Townend (claim: 0), Trainer: W. P. Mullins, Age: 7, Weight: 10-10t, Rating: -
2025-06-12 23:41:37,268 - INFO - Processing sub block #7 for https://www.racingtv.com/results/2023-01-29/naas/1442
2025-06-12 23:41:37,268 - INFO - Found 3 <a> tags - Horse: Derry Lad (IRE), Jockey: S. F. O'Keeffe (claim: 0), Trainer: Kevin Thomas Coleman
2025-06-12 23:41:37,269 - INFO - Position/Length - Found 2 children: Position: 6th, Lost by: 78 l
2025-06-12 23:41:37,269 - INFO - Extracted: Derry Lad (IRE) - Position: 6th, Lost by: 78 l, Jockey: S. F. O'Keeffe (claim: 0), Trainer: Kevin Thomas Coleman, Age: 5, Weight: 11-3, Rating: -
2025-06-12 23:41:37,269 - INFO - Processing sub block #8 for https://www.racingtv.com/results/2023-01-29/naas/1442
2025-06-12 23:41:37,270 - INFO - Found 3 <a> tags - Horse: Darasso (FR), Jockey: L. P. Dempsey (claim: 0), Trainer: Joseph Patrick O'Brien
2025-06-12 23:41:37,270 - INFO - Position/Length - Found 2 children: Position: 5th, Lost by: 17 l
2025-06-12 23:41:37,271 - INFO - Extracted: Darasso (FR) - Position: 5th, Lost by: 17 l, Jockey: L. P. Dempsey (claim: 0), Trainer: Joseph Patrick O'Brien, Age: 10, Weight: 11-12tb, Rating: -
2025-06-12 23:41:37,271 - INFO - Processing sub block #9 for https://www.racingtv.com/results/2023-01-29/naas/1442
2025-06-12 23:41:37,271 - INFO - Found 3 <a> tags - Horse: Meet And Greet (IRE), Jockey: Phillip Enright (claim: 0), Trainer: Oliver McKiernan
2025-06-12 23:41:37,272 - INFO - Position/Length - Found 2 children: Position: 4th, Lost by: 1 1/4 l
2025-06-12 23:41:37,272 - INFO - Extracted: Meet And Greet (IRE) - Position: 4th, Lost by: 1 1/4 l, Jockey: Phillip Enright (claim: 0), Trainer: Oliver McKiernan, Age: 7, Weight: 11-3, Rating: -
2025-06-12 23:41:37,272 - INFO - Processing sub block #10 for https://www.racingtv.com/results/2023-01-29/naas/1442
2025-06-12 23:41:37,273 - INFO - Found 3 <a> tags - Horse: Bob Olinger (IRE), Jockey: Rachael Blackmore (claim: 0), Trainer: Henry de Bromhead
2025-06-12 23:41:37,273 - INFO - Position/Length - Found 2 children: Position: 3rd, Lost by: 1 1/4 l
2025-06-12 23:41:37,274 - INFO - Extracted: Bob Olinger (IRE) - Position: 3rd, Lost by: 1 1/4 l, Jockey: Rachael Blackmore (claim: 0), Trainer: Henry de Bromhead, Age: 8, Weight: 11-3, Rating: -
2025-06-12 23:41:37,274 - INFO - Processing sub block #11 for https://www.racingtv.com/results/2023-01-29/naas/1442
2025-06-12 23:41:37,274 - INFO - Found 3 <a> tags - Horse: Cash Back (FR), Jockey: D. E. Mullins (claim: 0), Trainer: W. P. Mullins
2025-06-12 23:41:37,275 - INFO - Position/Length - Found 2 children: Position: 2nd, Lost by: 10 l
2025-06-12 23:41:37,276 - INFO - Extracted: Cash Back (FR) - Position: 2nd, Lost by: 10 l, Jockey: D. E. Mullins (claim: 0), Trainer: W. P. Mullins, Age: 11, Weight: 11-3h, Rating: -
2025-06-12 23:41:37,276 - INFO - Processing sub block #12 for https://www.racingtv.com/results/2023-01-29/naas/1442
2025-06-12 23:41:37,276 - INFO - Found 3 <a> tags - Horse: Echoes In Rain (FR), Jockey: P. Townend (claim: 0), Trainer: W. P. Mullins
2025-06-12 23:41:37,277 - INFO - Position/Length - Found 1 children: Position: 1st, Lost by: N/A
2025-06-12 23:41:37,277 - INFO - Extracted: Echoes In Rain (FR) - Position: 1st, Lost by: N/A, Jockey: P. Townend (claim: 0), Trainer: W. P. Mullins, Age: 7, Weight: 10-10t, Rating: -
2025-06-12 23:41:37,278 - INFO - Successfully extracted 12/12 horse records from https://www.racingtv.com/results/2023-01-29/naas/1442
2025-06-12 23:41:37,278 - INFO - :) First place horse found successfully
2025-06-12 23:41:37,278 - INFO - :) First place horse found successfully
2025-06-12 23:41:37,278 - INFO - :) First place horse found successfully
2025-06-12 23:41:37,278 - INFO - :) First place horse found successfully
2025-06-12 23:41:37,279 - INFO - :) First place horse found successfully
2025-06-12 23:41:37,279 - INFO - :) First place horse found successfully
2025-06-12 23:41:37,279 - INFO - :) First place horse found successfully
2025-06-12 23:41:37,279 - INFO - :) First place horse found successfully
2025-06-12 23:41:37,279 - INFO - :) First place horse found successfully
2025-06-12 23:41:37,279 - INFO - :) First place horse found successfully
2025-06-12 23:41:37,280 - INFO - :) First place horse found successfully
2025-06-12 23:41:37,280 - INFO - :) First place horse found successfully
2025-06-12 23:41:37,280 - INFO - :) First place horse found successfully
2025-06-12 23:41:37,280 - INFO - Successfully parsed 12 horse records from: https://www.racingtv.com/results/2023-01-29/naas/1442
2025-06-12 23:41:37,280 - INFO - Waiting 2 seconds before next request...
2025-06-12 23:41:39,281 - INFO - Batch 40 - URL 16/50: https://www.racingtv.com/results/2023-01-29/naas/1517
2025-06-12 23:41:39,282 - INFO - Loading page with Selenium: https://www.racingtv.com/results/2023-01-29/naas/1517
2025-06-12 23:41:44,482 - INFO - Racing main block detected for: https://www.racingtv.com/results/2023-01-29/naas/1517
2025-06-12 23:41:44,548 - INFO - Successfully loaded page: https://www.racingtv.com/results/2023-01-29/naas/1517
2025-06-12 23:41:44,745 - INFO - Extracted race info - Track: Naas Racing Results | 29th January 2023 15:17, Date: N/A, Time: 15:17
2025-06-12 23:41:44,747 - INFO - Found 2nd h3 tag: Soft  5YO+ 2m 3f Winner: €15,000 (18 runners)
2025-06-12 23:41:44,747 - INFO - Extracted - Going: Soft, Distance: 2m 3f
2025-06-12 23:41:44,747 - INFO - Extracting racing data from: https://www.racingtv.com/results/2023-01-29/naas/1517
2025-06-12 23:41:44,760 - INFO - Processing main block #1 for https://www.racingtv.com/results/2023-01-29/naas/1517
2025-06-12 23:41:44,771 - INFO - Checking 2nd child of main block for first place horse...
2025-06-12 23:41:44,779 - INFO - Found alternative horse block structure with 3 links
2025-06-12 23:41:44,779 - INFO - Found alternative horse block structure with 3 links
2025-06-12 23:41:44,780 - INFO - Found alternative horse block structure with 3 links
2025-06-12 23:41:44,780 - INFO - Found alternative horse block structure with 3 links
2025-06-12 23:41:44,780 - INFO - Found alternative horse block structure with 3 links
2025-06-12 23:41:44,781 - INFO - Found alternative horse block structure with 3 links
2025-06-12 23:41:44,781 - INFO - Found alternative horse block structure with 3 links
2025-06-12 23:41:44,781 - INFO - Found alternative horse block structure with 3 links
2025-06-12 23:41:44,781 - INFO - Found alternative horse block structure with 3 links
2025-06-12 23:41:44,782 - INFO - Found alternative horse block structure with 3 links
2025-06-12 23:41:44,782 - INFO - Found alternative horse block structure with 3 links
2025-06-12 23:41:44,782 - INFO - Found alternative horse block structure with 3 links
2025-06-12 23:41:44,783 - INFO - Found alternative horse block structure with 3 links
2025-06-12 23:41:44,783 - INFO - Found alternative horse block structure with 3 links
2025-06-12 23:41:44,783 - INFO - Found alternative horse block structure with 3 links
2025-06-12 23:41:44,783 - INFO - Found alternative horse block structure with 3 links
2025-06-12 23:41:44,784 - INFO - Found alternative horse block structure with 3 links
2025-06-12 23:41:44,784 - INFO - Found alternative horse block structure with 3 links
2025-06-12 23:41:44,814 - INFO - Found likely first place horse via structure analysis: Seabank Bistro (IRE)
2025-06-12 23:41:44,814 - INFO - Found potential first place horse with background styling
2025-06-12 23:41:44,814 - INFO - Found potential first place horse with background styling
2025-06-12 23:41:44,814 - INFO - Found potential first place horse with background styling
2025-06-12 23:41:44,814 - INFO - Found potential first place horse with background styling
2025-06-12 23:41:44,814 - INFO - Found potential first place horse with background styling
2025-06-12 23:41:44,814 - INFO - Found potential first place horse with background styling
2025-06-12 23:41:44,814 - INFO - Found potential first place horse with background styling
2025-06-12 23:41:44,814 - INFO - Found potential first place horse with background styling
2025-06-12 23:41:44,821 - INFO - Found potential first place horse with background styling
2025-06-12 23:41:44,821 - INFO - Found potential first place horse with background styling
2025-06-12 23:41:44,821 - INFO - Found potential first place horse with background styling
2025-06-12 23:41:44,822 - INFO - Found potential first place horse with background styling
2025-06-12 23:41:44,822 - INFO - Found potential first place horse with background styling
2025-06-12 23:41:44,823 - INFO - Found potential first place horse with background styling
2025-06-12 23:41:44,823 - INFO - Found potential first place horse with background styling
2025-06-12 23:41:44,824 - INFO - Found potential first place horse with background styling
2025-06-12 23:41:44,825 - INFO - Found potential first place horse with background styling
2025-06-12 23:41:44,825 - INFO - Found 36 horse entries for https://www.racingtv.com/results/2023-01-29/naas/1517 using multiple detection methods
2025-06-12 23:41:44,826 - INFO - Processing sub block #1 for https://www.racingtv.com/results/2023-01-29/naas/1517
2025-06-12 23:41:44,826 - INFO - Found 3 <a> tags - Horse: My Fellow (IRE), Jockey: K. E. Buckley (claim: 5), Trainer: Mrs Denise Foster
2025-06-12 23:41:44,826 - INFO - Position/Length - Found 1 children: Position: PU, Lost by: N/A
2025-06-12 23:41:44,826 - INFO - Extracted: My Fellow (IRE) - Position: PU, Lost by: N/A, Jockey: K. E. Buckley (claim: 5), Trainer: Mrs Denise Foster, Age: 7, Weight: 11-12tb1, Rating: -
2025-06-12 23:41:44,826 - INFO - Processing sub block #2 for https://www.racingtv.com/results/2023-01-29/naas/1517
2025-06-12 23:41:44,826 - INFO - Found 3 <a> tags - Horse: Kansas City Star (IRE), Jockey: Davy Russell (claim: 0), Trainer: Gordon Elliott
2025-06-12 23:41:44,826 - INFO - Position/Length - Found 1 children: Position: PU, Lost by: N/A
2025-06-12 23:41:44,826 - INFO - Extracted: Kansas City Star (IRE) - Position: PU, Lost by: N/A, Jockey: Davy Russell (claim: 0), Trainer: Gordon Elliott, Age: 6, Weight: 11-12, Rating: -
2025-06-12 23:41:44,826 - INFO - Processing sub block #3 for https://www.racingtv.com/results/2023-01-29/naas/1517
2025-06-12 23:41:44,826 - INFO - Found 3 <a> tags - Horse: Crafty Rascal (IRE), Jockey: Phillip Enright (claim: 0), Trainer: Edward Cawley
2025-06-12 23:41:44,826 - INFO - Position/Length - Found 2 children: Position: 16th, Lost by: 99 l
2025-06-12 23:41:44,826 - INFO - Extracted: Crafty Rascal (IRE) - Position: 16th, Lost by: 99 l, Jockey: Phillip Enright (claim: 0), Trainer: Edward Cawley, Age: 6, Weight: 11-12, Rating: -
2025-06-12 23:41:44,826 - INFO - Processing sub block #4 for https://www.racingtv.com/results/2023-01-29/naas/1517
2025-06-12 23:41:44,831 - INFO - Found 3 <a> tags - Horse: Allez Rock (IRE), Jockey: Donagh Meyler (claim: 0), Trainer: James M. Barcoe
2025-06-12 23:41:44,831 - INFO - Position/Length - Found 2 children: Position: 15th, Lost by: 19 l
2025-06-12 23:41:44,831 - INFO - Extracted: Allez Rock (IRE) - Position: 15th, Lost by: 19 l, Jockey: Donagh Meyler (claim: 0), Trainer: James M. Barcoe, Age: 9, Weight: 11-12, Rating: -
2025-06-12 23:41:44,832 - INFO - Processing sub block #5 for https://www.racingtv.com/results/2023-01-29/naas/1517
2025-06-12 23:41:44,832 - INFO - Found 3 <a> tags - Horse: House of Glory (IRE), Jockey: Keith Donoghue (claim: 0), Trainer: Edward Cawley
2025-06-12 23:41:44,833 - INFO - Position/Length - Found 2 children: Position: 14th, Lost by: 10 l
2025-06-12 23:41:44,833 - INFO - Extracted: House of Glory (IRE) - Position: 14th, Lost by: 10 l, Jockey: Keith Donoghue (claim: 0), Trainer: Edward Cawley, Age: 6, Weight: 11-5h, Rating: -
2025-06-12 23:41:44,833 - INFO - Processing sub block #6 for https://www.racingtv.com/results/2023-01-29/naas/1517
2025-06-12 23:41:44,833 - INFO - Found 3 <a> tags - Horse: Topothelane (IRE), Jockey: I. J. Power (claim: 0), Trainer: J. P. O'Keeffe
2025-06-12 23:41:44,834 - INFO - Position/Length - Found 2 children: Position: 13th, Lost by: 2 3/4 l
2025-06-12 23:41:44,834 - INFO - Extracted: Topothelane (IRE) - Position: 13th, Lost by: 2 3/4 l, Jockey: I. J. Power (claim: 0), Trainer: J. P. O'Keeffe, Age: 6, Weight: 11-12, Rating: -
2025-06-12 23:41:44,834 - INFO - Processing sub block #7 for https://www.racingtv.com/results/2023-01-29/naas/1517
2025-06-12 23:41:44,836 - INFO - Found 3 <a> tags - Horse: He's Home Again (IRE), Jockey: S. F. O'Keeffe (claim: 0), Trainer: Edward Cawley
2025-06-12 23:41:44,836 - INFO - Position/Length - Found 2 children: Position: 12th, Lost by: 40 l
2025-06-12 23:41:44,837 - INFO - Extracted: He's Home Again (IRE) - Position: 12th, Lost by: 40 l, Jockey: S. F. O'Keeffe (claim: 0), Trainer: Edward Cawley, Age: 5, Weight: 11-12, Rating: -
2025-06-12 23:41:44,837 - INFO - Processing sub block #8 for https://www.racingtv.com/results/2023-01-29/naas/1517
2025-06-12 23:41:44,837 - INFO - Found 3 <a> tags - Horse: Twoconduit (IRE), Jockey: D. E. Browne (claim: 7), Trainer: John Patrick Ryan
2025-06-12 23:41:44,837 - INFO - Position/Length - Found 2 children: Position: 11th, Lost by: 8 1/2 l
2025-06-12 23:41:44,839 - INFO - Extracted: Twoconduit (IRE) - Position: 11th, Lost by: 8 1/2 l, Jockey: D. E. Browne (claim: 7), Trainer: John Patrick Ryan, Age: 6, Weight: 11-12, Rating: -
2025-06-12 23:41:44,839 - INFO - Processing sub block #9 for https://www.racingtv.com/results/2023-01-29/naas/1517
2025-06-12 23:41:44,839 - INFO - Found 3 <a> tags - Horse: Alpha Steed (IRE), Jockey: B. Hayes (claim: 0), Trainer: Ross O'Sullivan
2025-06-12 23:41:44,840 - INFO - Position/Length - Found 2 children: Position: 10th, Lost by: 7 l
2025-06-12 23:41:44,841 - INFO - Extracted: Alpha Steed (IRE) - Position: 10th, Lost by: 7 l, Jockey: B. Hayes (claim: 0), Trainer: Ross O'Sullivan, Age: 6, Weight: 11-12, Rating: -
2025-06-12 23:41:44,841 - INFO - Processing sub block #10 for https://www.racingtv.com/results/2023-01-29/naas/1517
2025-06-12 23:41:44,841 - INFO - Found 3 <a> tags - Horse: Ringsend John (IRE), Jockey: K. C. Sexton (claim: 0), Trainer: Thomas Cooper
2025-06-12 23:41:44,842 - INFO - Position/Length - Found 2 children: Position: 9th, Lost by: 31 l
2025-06-12 23:41:44,842 - INFO - Extracted: Ringsend John (IRE) - Position: 9th, Lost by: 31 l, Jockey: K. C. Sexton (claim: 0), Trainer: Thomas Cooper, Age: 7, Weight: 11-12, Rating: -
2025-06-12 23:41:44,842 - INFO - Processing sub block #11 for https://www.racingtv.com/results/2023-01-29/naas/1517
2025-06-12 23:41:44,843 - INFO - Found 3 <a> tags - Horse: Showurappreciation (IRE), Jockey: L. P. Dempsey (claim: 0), Trainer: Jonathan Sweeney
2025-06-12 23:41:44,844 - INFO - Position/Length - Found 2 children: Position: 8th, Lost by: 3 l
2025-06-12 23:41:44,844 - INFO - Extracted: Showurappreciation (IRE) - Position: 8th, Lost by: 3 l, Jockey: L. P. Dempsey (claim: 0), Trainer: Jonathan Sweeney, Age: 5, Weight: 11-12, Rating: -
2025-06-12 23:41:44,844 - INFO - Processing sub block #12 for https://www.racingtv.com/results/2023-01-29/naas/1517
2025-06-12 23:41:44,845 - INFO - Found 3 <a> tags - Horse: Hot As Pepper (IRE), Jockey: B. W. Harvey (claim: 5), Trainer: John McConnell
2025-06-12 23:41:44,846 - INFO - Position/Length - Found 2 children: Position: 7th, Lost by: 23 l
2025-06-12 23:41:44,846 - INFO - Extracted: Hot As Pepper (IRE) - Position: 7th, Lost by: 23 l, Jockey: B. W. Harvey (claim: 5), Trainer: John McConnell, Age: 7, Weight: 11-5t, Rating: -
2025-06-12 23:41:44,846 - INFO - Processing sub block #13 for https://www.racingtv.com/results/2023-01-29/naas/1517
2025-06-12 23:41:44,847 - INFO - Found 3 <a> tags - Horse: Canal End (IRE), Jockey: S. D. Torrens (claim: 0), Trainer: Peter Fahey
2025-06-12 23:41:44,847 - INFO - Position/Length - Found 2 children: Position: 6th, Lost by: Neck
2025-06-12 23:41:44,848 - INFO - Extracted: Canal End (IRE) - Position: 6th, Lost by: Neck, Jockey: S. D. Torrens (claim: 0), Trainer: Peter Fahey, Age: 5, Weight: 11-12, Rating: -
2025-06-12 23:41:44,848 - INFO - Processing sub block #14 for https://www.racingtv.com/results/2023-01-29/naas/1517
2025-06-12 23:41:44,848 - INFO - Found 3 <a> tags - Horse: Sam Magee (IRE), Jockey: Rachael Blackmore (claim: 0), Trainer: Henry de Bromhead
2025-06-12 23:41:44,849 - INFO - Position/Length - Found 2 children: Position: 5th, Lost by: 1 l
2025-06-12 23:41:44,849 - INFO - Extracted: Sam Magee (IRE) - Position: 5th, Lost by: 1 l, Jockey: Rachael Blackmore (claim: 0), Trainer: Henry de Bromhead, Age: 6, Weight: 11-12, Rating: -
2025-06-12 23:41:44,849 - INFO - Processing sub block #15 for https://www.racingtv.com/results/2023-01-29/naas/1517
2025-06-12 23:41:44,850 - INFO - Found 3 <a> tags - Horse: Present Soldier (IRE), Jockey: Denis O'Regan (claim: 0), Trainer: Gordon Elliott
2025-06-12 23:41:44,851 - INFO - Position/Length - Found 2 children: Position: 4th, Lost by: 1 3/4 l
2025-06-12 23:41:44,851 - INFO - Extracted: Present Soldier (IRE) - Position: 4th, Lost by: 1 3/4 l, Jockey: Denis O'Regan (claim: 0), Trainer: Gordon Elliott, Age: 6, Weight: 11-12, Rating: -
2025-06-12 23:41:44,851 - INFO - Processing sub block #16 for https://www.racingtv.com/results/2023-01-29/naas/1517
2025-06-12 23:41:44,851 - INFO - Found 3 <a> tags - Horse: Barbary Master, Jockey: B. J. Cooper (claim: 0), Trainer: Noel Meade
2025-06-12 23:41:44,852 - INFO - Position/Length - Found 2 children: Position: 3rd, Lost by: 12 l
2025-06-12 23:41:44,852 - INFO - Extracted: Barbary Master - Position: 3rd, Lost by: 12 l, Jockey: B. J. Cooper (claim: 0), Trainer: Noel Meade, Age: 8, Weight: 11-12, Rating: -
2025-06-12 23:41:44,853 - INFO - Processing sub block #17 for https://www.racingtv.com/results/2023-01-29/naas/1517
2025-06-12 23:41:44,853 - INFO - Found 3 <a> tags - Horse: Franciscan Rock (IRE), Jockey: R. A. Doyle (claim: 0), Trainer: M. F. Morris
2025-06-12 23:41:44,854 - INFO - Position/Length - Found 2 children: Position: 2nd, Lost by: 2 3/4 l
2025-06-12 23:41:44,854 - INFO - Extracted: Franciscan Rock (IRE) - Position: 2nd, Lost by: 2 3/4 l, Jockey: R. A. Doyle (claim: 0), Trainer: M. F. Morris, Age: 6, Weight: 11-12, Rating: -
2025-06-12 23:41:44,854 - INFO - Processing sub block #18 for https://www.racingtv.com/results/2023-01-29/naas/1517
2025-06-12 23:41:44,855 - INFO - Found 3 <a> tags - Horse: Seabank Bistro (IRE), Jockey: P. Townend (claim: 0), Trainer: W. P. Mullins
2025-06-12 23:41:44,857 - INFO - Position/Length - Found 1 children: Position: 1st, Lost by: N/A
2025-06-12 23:41:44,858 - INFO - Confirmed winner: Seabank Bistro (IRE)
2025-06-12 23:41:44,858 - INFO - Extracted: Seabank Bistro (IRE) - Position: 1st, Lost by: N/A, Jockey: P. Townend (claim: 0), Trainer: W. P. Mullins, Age: 6, Weight: 11-12, Rating: -
2025-06-12 23:41:44,858 - INFO - Processing sub block #19 for https://www.racingtv.com/results/2023-01-29/naas/1517
2025-06-12 23:41:44,859 - INFO - Found 3 <a> tags - Horse: My Fellow (IRE), Jockey: K. E. Buckley (claim: 5), Trainer: Mrs Denise Foster
2025-06-12 23:41:44,860 - INFO - Position/Length - Found 1 children: Position: PU, Lost by: N/A
2025-06-12 23:41:44,860 - INFO - Extracted: My Fellow (IRE) - Position: PU, Lost by: N/A, Jockey: K. E. Buckley (claim: 5), Trainer: Mrs Denise Foster, Age: 7, Weight: 11-12tb1, Rating: -
2025-06-12 23:41:44,860 - INFO - Processing sub block #20 for https://www.racingtv.com/results/2023-01-29/naas/1517
2025-06-12 23:41:44,861 - INFO - Found 3 <a> tags - Horse: Kansas City Star (IRE), Jockey: Davy Russell (claim: 0), Trainer: Gordon Elliott
2025-06-12 23:41:44,861 - INFO - Position/Length - Found 1 children: Position: PU, Lost by: N/A
2025-06-12 23:41:44,862 - INFO - Extracted: Kansas City Star (IRE) - Position: PU, Lost by: N/A, Jockey: Davy Russell (claim: 0), Trainer: Gordon Elliott, Age: 6, Weight: 11-12, Rating: -
2025-06-12 23:41:44,862 - INFO - Processing sub block #21 for https://www.racingtv.com/results/2023-01-29/naas/1517
2025-06-12 23:41:44,862 - INFO - Found 3 <a> tags - Horse: Crafty Rascal (IRE), Jockey: Phillip Enright (claim: 0), Trainer: Edward Cawley
2025-06-12 23:41:44,863 - INFO - Position/Length - Found 2 children: Position: 16th, Lost by: 99 l
2025-06-12 23:41:44,863 - INFO - Extracted: Crafty Rascal (IRE) - Position: 16th, Lost by: 99 l, Jockey: Phillip Enright (claim: 0), Trainer: Edward Cawley, Age: 6, Weight: 11-12, Rating: -
2025-06-12 23:41:44,863 - INFO - Processing sub block #22 for https://www.racingtv.com/results/2023-01-29/naas/1517
2025-06-12 23:41:44,864 - INFO - Found 3 <a> tags - Horse: Allez Rock (IRE), Jockey: Donagh Meyler (claim: 0), Trainer: James M. Barcoe
2025-06-12 23:41:44,865 - INFO - Position/Length - Found 2 children: Position: 15th, Lost by: 19 l
2025-06-12 23:41:44,865 - INFO - Extracted: Allez Rock (IRE) - Position: 15th, Lost by: 19 l, Jockey: Donagh Meyler (claim: 0), Trainer: James M. Barcoe, Age: 9, Weight: 11-12, Rating: -
2025-06-12 23:41:44,865 - INFO - Processing sub block #23 for https://www.racingtv.com/results/2023-01-29/naas/1517
2025-06-12 23:41:44,866 - INFO - Found 3 <a> tags - Horse: House of Glory (IRE), Jockey: Keith Donoghue (claim: 0), Trainer: Edward Cawley
2025-06-12 23:41:44,866 - INFO - Position/Length - Found 2 children: Position: 14th, Lost by: 10 l
2025-06-12 23:41:44,867 - INFO - Extracted: House of Glory (IRE) - Position: 14th, Lost by: 10 l, Jockey: Keith Donoghue (claim: 0), Trainer: Edward Cawley, Age: 6, Weight: 11-5h, Rating: -
2025-06-12 23:41:44,867 - INFO - Processing sub block #24 for https://www.racingtv.com/results/2023-01-29/naas/1517
2025-06-12 23:41:44,867 - INFO - Found 3 <a> tags - Horse: Topothelane (IRE), Jockey: I. J. Power (claim: 0), Trainer: J. P. O'Keeffe
2025-06-12 23:41:44,868 - INFO - Position/Length - Found 2 children: Position: 13th, Lost by: 2 3/4 l
2025-06-12 23:41:44,868 - INFO - Extracted: Topothelane (IRE) - Position: 13th, Lost by: 2 3/4 l, Jockey: I. J. Power (claim: 0), Trainer: J. P. O'Keeffe, Age: 6, Weight: 11-12, Rating: -
2025-06-12 23:41:44,868 - INFO - Processing sub block #25 for https://www.racingtv.com/results/2023-01-29/naas/1517
2025-06-12 23:41:44,869 - INFO - Found 3 <a> tags - Horse: He's Home Again (IRE), Jockey: S. F. O'Keeffe (claim: 0), Trainer: Edward Cawley
2025-06-12 23:41:44,869 - INFO - Position/Length - Found 2 children: Position: 12th, Lost by: 40 l
2025-06-12 23:41:44,870 - INFO - Extracted: He's Home Again (IRE) - Position: 12th, Lost by: 40 l, Jockey: S. F. O'Keeffe (claim: 0), Trainer: Edward Cawley, Age: 5, Weight: 11-12, Rating: -
2025-06-12 23:41:44,870 - INFO - Processing sub block #26 for https://www.racingtv.com/results/2023-01-29/naas/1517
2025-06-12 23:41:44,870 - INFO - Found 3 <a> tags - Horse: Twoconduit (IRE), Jockey: D. E. Browne (claim: 7), Trainer: John Patrick Ryan
2025-06-12 23:41:44,871 - INFO - Position/Length - Found 2 children: Position: 11th, Lost by: 8 1/2 l
2025-06-12 23:41:44,871 - INFO - Extracted: Twoconduit (IRE) - Position: 11th, Lost by: 8 1/2 l, Jockey: D. E. Browne (claim: 7), Trainer: John Patrick Ryan, Age: 6, Weight: 11-12, Rating: -
2025-06-12 23:41:44,872 - INFO - Processing sub block #27 for https://www.racingtv.com/results/2023-01-29/naas/1517
2025-06-12 23:41:44,872 - INFO - Found 3 <a> tags - Horse: Alpha Steed (IRE), Jockey: B. Hayes (claim: 0), Trainer: Ross O'Sullivan
2025-06-12 23:41:44,873 - INFO - Position/Length - Found 2 children: Position: 10th, Lost by: 7 l
2025-06-12 23:41:44,873 - INFO - Extracted: Alpha Steed (IRE) - Position: 10th, Lost by: 7 l, Jockey: B. Hayes (claim: 0), Trainer: Ross O'Sullivan, Age: 6, Weight: 11-12, Rating: -
2025-06-12 23:41:44,874 - INFO - Processing sub block #28 for https://www.racingtv.com/results/2023-01-29/naas/1517
2025-06-12 23:41:44,874 - INFO - Found 3 <a> tags - Horse: Ringsend John (IRE), Jockey: K. C. Sexton (claim: 0), Trainer: Thomas Cooper
2025-06-12 23:41:44,875 - INFO - Position/Length - Found 2 children: Position: 9th, Lost by: 31 l
2025-06-12 23:41:44,875 - INFO - Extracted: Ringsend John (IRE) - Position: 9th, Lost by: 31 l, Jockey: K. C. Sexton (claim: 0), Trainer: Thomas Cooper, Age: 7, Weight: 11-12, Rating: -
2025-06-12 23:41:44,876 - INFO - Processing sub block #29 for https://www.racingtv.com/results/2023-01-29/naas/1517
2025-06-12 23:41:44,876 - INFO - Found 3 <a> tags - Horse: Showurappreciation (IRE), Jockey: L. P. Dempsey (claim: 0), Trainer: Jonathan Sweeney
2025-06-12 23:41:44,877 - INFO - Position/Length - Found 2 children: Position: 8th, Lost by: 3 l
2025-06-12 23:41:44,877 - INFO - Extracted: Showurappreciation (IRE) - Position: 8th, Lost by: 3 l, Jockey: L. P. Dempsey (claim: 0), Trainer: Jonathan Sweeney, Age: 5, Weight: 11-12, Rating: -
2025-06-12 23:41:44,877 - INFO - Processing sub block #30 for https://www.racingtv.com/results/2023-01-29/naas/1517
2025-06-12 23:41:44,878 - INFO - Found 3 <a> tags - Horse: Hot As Pepper (IRE), Jockey: B. W. Harvey (claim: 5), Trainer: John McConnell
2025-06-12 23:41:44,878 - INFO - Position/Length - Found 2 children: Position: 7th, Lost by: 23 l
2025-06-12 23:41:44,879 - INFO - Extracted: Hot As Pepper (IRE) - Position: 7th, Lost by: 23 l, Jockey: B. W. Harvey (claim: 5), Trainer: John McConnell, Age: 7, Weight: 11-5t, Rating: -
2025-06-12 23:41:44,879 - INFO - Processing sub block #31 for https://www.racingtv.com/results/2023-01-29/naas/1517
2025-06-12 23:41:44,879 - INFO - Found 3 <a> tags - Horse: Canal End (IRE), Jockey: S. D. Torrens (claim: 0), Trainer: Peter Fahey
2025-06-12 23:41:44,880 - INFO - Position/Length - Found 2 children: Position: 6th, Lost by: Neck
2025-06-12 23:41:44,880 - INFO - Extracted: Canal End (IRE) - Position: 6th, Lost by: Neck, Jockey: S. D. Torrens (claim: 0), Trainer: Peter Fahey, Age: 5, Weight: 11-12, Rating: -
2025-06-12 23:41:44,880 - INFO - Processing sub block #32 for https://www.racingtv.com/results/2023-01-29/naas/1517
2025-06-12 23:41:44,881 - INFO - Found 3 <a> tags - Horse: Sam Magee (IRE), Jockey: Rachael Blackmore (claim: 0), Trainer: Henry de Bromhead
2025-06-12 23:41:44,882 - INFO - Position/Length - Found 2 children: Position: 5th, Lost by: 1 l
2025-06-12 23:41:44,883 - INFO - Extracted: Sam Magee (IRE) - Position: 5th, Lost by: 1 l, Jockey: Rachael Blackmore (claim: 0), Trainer: Henry de Bromhead, Age: 6, Weight: 11-12, Rating: -
2025-06-12 23:41:44,883 - INFO - Processing sub block #33 for https://www.racingtv.com/results/2023-01-29/naas/1517
2025-06-12 23:41:44,883 - INFO - Found 3 <a> tags - Horse: Present Soldier (IRE), Jockey: Denis O'Regan (claim: 0), Trainer: Gordon Elliott
2025-06-12 23:41:44,884 - INFO - Position/Length - Found 2 children: Position: 4th, Lost by: 1 3/4 l
2025-06-12 23:41:44,884 - INFO - Extracted: Present Soldier (IRE) - Position: 4th, Lost by: 1 3/4 l, Jockey: Denis O'Regan (claim: 0), Trainer: Gordon Elliott, Age: 6, Weight: 11-12, Rating: -
2025-06-12 23:41:44,884 - INFO - Processing sub block #34 for https://www.racingtv.com/results/2023-01-29/naas/1517
2025-06-12 23:41:44,885 - INFO - Found 3 <a> tags - Horse: Barbary Master, Jockey: B. J. Cooper (claim: 0), Trainer: Noel Meade
2025-06-12 23:41:44,885 - INFO - Position/Length - Found 2 children: Position: 3rd, Lost by: 12 l
2025-06-12 23:41:44,886 - INFO - Extracted: Barbary Master - Position: 3rd, Lost by: 12 l, Jockey: B. J. Cooper (claim: 0), Trainer: Noel Meade, Age: 8, Weight: 11-12, Rating: -
2025-06-12 23:41:44,886 - INFO - Processing sub block #35 for https://www.racingtv.com/results/2023-01-29/naas/1517
2025-06-12 23:41:44,886 - INFO - Found 3 <a> tags - Horse: Franciscan Rock (IRE), Jockey: R. A. Doyle (claim: 0), Trainer: M. F. Morris
2025-06-12 23:41:44,887 - INFO - Position/Length - Found 2 children: Position: 2nd, Lost by: 2 3/4 l
2025-06-12 23:41:44,887 - INFO - Extracted: Franciscan Rock (IRE) - Position: 2nd, Lost by: 2 3/4 l, Jockey: R. A. Doyle (claim: 0), Trainer: M. F. Morris, Age: 6, Weight: 11-12, Rating: -
2025-06-12 23:41:44,887 - INFO - Processing sub block #36 for https://www.racingtv.com/results/2023-01-29/naas/1517
2025-06-12 23:41:44,888 - INFO - Found 3 <a> tags - Horse: Seabank Bistro (IRE), Jockey: P. Townend (claim: 0), Trainer: W. P. Mullins
2025-06-12 23:41:44,888 - INFO - Position/Length - Found 1 children: Position: 1st, Lost by: N/A
2025-06-12 23:41:44,889 - INFO - Extracted: Seabank Bistro (IRE) - Position: 1st, Lost by: N/A, Jockey: P. Townend (claim: 0), Trainer: W. P. Mullins, Age: 6, Weight: 11-12, Rating: -
2025-06-12 23:41:44,889 - INFO - Successfully extracted 36/36 horse records from https://www.racingtv.com/results/2023-01-29/naas/1517
2025-06-12 23:41:44,889 - INFO - :) First place horse found successfully
2025-06-12 23:41:44,889 - INFO - :) First place horse found successfully
2025-06-12 23:41:44,890 - INFO - :) First place horse found successfully
2025-06-12 23:41:44,890 - INFO - :) First place horse found successfully
2025-06-12 23:41:44,890 - INFO - :) First place horse found successfully
2025-06-12 23:41:44,890 - INFO - :) First place horse found successfully
2025-06-12 23:41:44,890 - INFO - :) First place horse found successfully
2025-06-12 23:41:44,891 - INFO - :) First place horse found successfully
2025-06-12 23:41:44,891 - INFO - :) First place horse found successfully
2025-06-12 23:41:44,891 - INFO - :) First place horse found successfully
2025-06-12 23:41:44,891 - INFO - :) First place horse found successfully
2025-06-12 23:41:44,892 - INFO - :) First place horse found successfully
2025-06-12 23:41:44,892 - INFO - :) First place horse found successfully
2025-06-12 23:41:44,893 - INFO - :) First place horse found successfully
2025-06-12 23:41:44,893 - INFO - :) First place horse found successfully
2025-06-12 23:41:44,893 - INFO - :) First place horse found successfully
2025-06-12 23:41:44,893 - INFO - :) First place horse found successfully
2025-06-12 23:41:44,894 - INFO - :) First place horse found successfully
2025-06-12 23:41:44,894 - INFO - :) First place horse found successfully
2025-06-12 23:41:44,894 - INFO - :) First place horse found successfully
2025-06-12 23:41:44,894 - INFO - :) First place horse found successfully
2025-06-12 23:41:44,894 - INFO - :) First place horse found successfully
2025-06-12 23:41:44,895 - INFO - :) First place horse found successfully
2025-06-12 23:41:44,895 - INFO - :) First place horse found successfully
2025-06-12 23:41:44,895 - INFO - :) First place horse found successfully
2025-06-12 23:41:44,895 - INFO - :) First place horse found successfully
2025-06-12 23:41:44,895 - INFO - :) First place horse found successfully
2025-06-12 23:41:44,895 - INFO - :) First place horse found successfully
2025-06-12 23:41:44,896 - INFO - :) First place horse found successfully
2025-06-12 23:41:44,896 - INFO - :) First place horse found successfully
2025-06-12 23:41:44,896 - INFO - :) First place horse found successfully
2025-06-12 23:41:44,896 - INFO - :) First place horse found successfully
2025-06-12 23:41:44,896 - INFO - :) First place horse found successfully
2025-06-12 23:41:44,897 - INFO - :) First place horse found successfully
2025-06-12 23:41:44,897 - INFO - :) First place horse found successfully
2025-06-12 23:41:44,897 - INFO - :) First place horse found successfully
2025-06-12 23:41:44,897 - INFO - :) First place horse found successfully
2025-06-12 23:41:44,897 - INFO - Successfully parsed 36 horse records from: https://www.racingtv.com/results/2023-01-29/naas/1517
2025-06-12 23:41:44,898 - INFO - Waiting 2 seconds before next request...
2025-06-12 23:41:46,898 - INFO - Batch 40 - URL 17/50: https://www.racingtv.com/results/2023-01-29/naas/1552
2025-06-12 23:41:46,899 - INFO - Loading page with Selenium: https://www.racingtv.com/results/2023-01-29/naas/1552
2025-06-12 23:41:52,491 - INFO - Racing main block detected for: https://www.racingtv.com/results/2023-01-29/naas/1552
2025-06-12 23:41:52,527 - INFO - Successfully loaded page: https://www.racingtv.com/results/2023-01-29/naas/1552
2025-06-12 23:41:52,660 - INFO - Extracted race info - Track: Naas Racing Results | 29th January 2023 15:52, Date: N/A, Time: 15:52
2025-06-12 23:41:52,661 - INFO - Found 2nd h3 tag: Soft  4YO+ 1m 7f 151y Winner: €14,500 (18 runners)
2025-06-12 23:41:52,661 - INFO - Extracted - Going: Soft, Distance: 1m 7f 151y
2025-06-12 23:41:52,661 - INFO - Extracting racing data from: https://www.racingtv.com/results/2023-01-29/naas/1552
2025-06-12 23:41:52,675 - INFO - Processing main block #1 for https://www.racingtv.com/results/2023-01-29/naas/1552
2025-06-12 23:41:52,678 - INFO - Checking 2nd child of main block for first place horse...
2025-06-12 23:41:52,692 - INFO - Found alternative horse block structure with 3 links
2025-06-12 23:41:52,693 - INFO - Found alternative horse block structure with 3 links
2025-06-12 23:41:52,693 - INFO - Found alternative horse block structure with 3 links
2025-06-12 23:41:52,694 - INFO - Found alternative horse block structure with 3 links
2025-06-12 23:41:52,694 - INFO - Found alternative horse block structure with 3 links
2025-06-12 23:41:52,694 - INFO - Found alternative horse block structure with 3 links
2025-06-12 23:41:52,695 - INFO - Found alternative horse block structure with 3 links
2025-06-12 23:41:52,695 - INFO - Found alternative horse block structure with 3 links
2025-06-12 23:41:52,695 - INFO - Found alternative horse block structure with 3 links
2025-06-12 23:41:52,696 - INFO - Found alternative horse block structure with 3 links
2025-06-12 23:41:52,696 - INFO - Found alternative horse block structure with 3 links
2025-06-12 23:41:52,696 - INFO - Found alternative horse block structure with 3 links
2025-06-12 23:41:52,696 - INFO - Found alternative horse block structure with 3 links
2025-06-12 23:41:52,697 - INFO - Found alternative horse block structure with 3 links
2025-06-12 23:41:52,697 - INFO - Found alternative horse block structure with 3 links
2025-06-12 23:41:52,697 - INFO - Found alternative horse block structure with 3 links
2025-06-12 23:41:52,698 - INFO - Found alternative horse block structure with 3 links
2025-06-12 23:41:52,698 - INFO - Found alternative horse block structure with 3 links
2025-06-12 23:41:52,730 - INFO - Found likely first place horse via structure analysis: Doyen Ta Win (IRE)
2025-06-12 23:41:52,732 - INFO - Found potential first place horse with background styling
2025-06-12 23:41:52,733 - INFO - Found potential first place horse with background styling
2025-06-12 23:41:52,733 - INFO - Found potential first place horse with background styling
2025-06-12 23:41:52,733 - INFO - Found potential first place horse with background styling
2025-06-12 23:41:52,734 - INFO - Found potential first place horse with background styling
2025-06-12 23:41:52,734 - INFO - Found potential first place horse with background styling
2025-06-12 23:41:52,734 - INFO - Found potential first place horse with background styling
2025-06-12 23:41:52,735 - INFO - Found potential first place horse with background styling
2025-06-12 23:41:52,735 - INFO - Found potential first place horse with background styling
2025-06-12 23:41:52,736 - INFO - Found potential first place horse with background styling
2025-06-12 23:41:52,736 - INFO - Found potential first place horse with background styling
2025-06-12 23:41:52,737 - INFO - Found potential first place horse with background styling
2025-06-12 23:41:52,737 - INFO - Found potential first place horse with background styling
2025-06-12 23:41:52,737 - INFO - Found potential first place horse with background styling
2025-06-12 23:41:52,738 - INFO - Found potential first place horse with background styling
2025-06-12 23:41:52,739 - INFO - Found potential first place horse with background styling
2025-06-12 23:41:52,739 - INFO - Found potential first place horse with background styling
2025-06-12 23:41:52,740 - INFO - Found 36 horse entries for https://www.racingtv.com/results/2023-01-29/naas/1552 using multiple detection methods
2025-06-12 23:41:52,740 - INFO - Processing sub block #1 for https://www.racingtv.com/results/2023-01-29/naas/1552
2025-06-12 23:41:52,741 - INFO - Found 3 <a> tags - Horse: Insane Bolt (IRE), Jockey: Sam Ewing (claim: 0), Trainer: Peter Fahey
2025-06-12 23:41:52,742 - INFO - Position/Length - Found 1 children: Position: UR, Lost by: N/A
2025-06-12 23:41:52,742 - INFO - Extracted: Insane Bolt (IRE) - Position: UR, Lost by: N/A, Jockey: Sam Ewing (claim: 0), Trainer: Peter Fahey, Age: 7, Weight: 10-8tb, Rating: 105
2025-06-12 23:41:52,742 - INFO - Processing sub block #2 for https://www.racingtv.com/results/2023-01-29/naas/1552
2025-06-12 23:41:52,742 - INFO - Found 3 <a> tags - Horse: Buzz Light (IRE), Jockey: Denis O'Regan (claim: 0), Trainer: Thomas Dowling
2025-06-12 23:41:52,743 - INFO - Position/Length - Found 1 children: Position: PU, Lost by: N/A
2025-06-12 23:41:52,743 - INFO - Extracted: Buzz Light (IRE) - Position: PU, Lost by: N/A, Jockey: Denis O'Regan (claim: 0), Trainer: Thomas Dowling, Age: 6, Weight: 10-6, Rating: 103
2025-06-12 23:41:52,744 - INFO - Processing sub block #3 for https://www.racingtv.com/results/2023-01-29/naas/1552
2025-06-12 23:41:52,744 - INFO - Found 3 <a> tags - Horse: Coolnacritta (IRE), Jockey: R. A. Doyle (claim: 0), Trainer: Mark Fahey
2025-06-12 23:41:52,745 - INFO - Position/Length - Found 2 children: Position: 16th, Lost by: 25 l
2025-06-12 23:41:52,745 - INFO - Extracted: Coolnacritta (IRE) - Position: 16th, Lost by: 25 l, Jockey: R. A. Doyle (claim: 0), Trainer: Mark Fahey, Age: 8, Weight: 10-9, Rating: 106
2025-06-12 23:41:52,745 - INFO - Processing sub block #4 for https://www.racingtv.com/results/2023-01-29/naas/1552
2025-06-12 23:41:52,746 - INFO - Found 3 <a> tags - Horse: Ben Thomson (IRE), Jockey: S. D. Torrens (claim: 0), Trainer: John McConnell
2025-06-12 23:41:52,746 - INFO - Position/Length - Found 2 children: Position: 15th, Lost by: 53 l
2025-06-12 23:41:52,747 - INFO - Extracted: Ben Thomson (IRE) - Position: 15th, Lost by: 53 l, Jockey: S. D. Torrens (claim: 0), Trainer: John McConnell, Age: 7, Weight: 10-2t, Rating: 99
2025-06-12 23:41:52,747 - INFO - Processing sub block #5 for https://www.racingtv.com/results/2023-01-29/naas/1552
2025-06-12 23:41:52,747 - INFO - Found 3 <a> tags - Horse: Future Proof (IRE), Jockey: D. J. O'Keeffe (claim: 0), Trainer: P. J. Rothwell
2025-06-12 23:41:52,749 - INFO - Position/Length - Found 2 children: Position: 14th, Lost by: 4 l
2025-06-12 23:41:52,749 - INFO - Extracted: Future Proof (IRE) - Position: 14th, Lost by: 4 l, Jockey: D. J. O'Keeffe (claim: 0), Trainer: P. J. Rothwell, Age: 8, Weight: 10-0p, Rating: 97
2025-06-12 23:41:52,749 - INFO - Processing sub block #6 for https://www.racingtv.com/results/2023-01-29/naas/1552
2025-06-12 23:41:52,749 - INFO - Found 3 <a> tags - Horse: Petit King (FR), Jockey: Phillip Enright (claim: 0), Trainer: Edward Cawley
2025-06-12 23:41:52,751 - INFO - Position/Length - Found 2 children: Position: 13th, Lost by: 14 l
2025-06-12 23:41:52,751 - INFO - Extracted: Petit King (FR) - Position: 13th, Lost by: 14 l, Jockey: Phillip Enright (claim: 0), Trainer: Edward Cawley, Age: 7, Weight: 10-11, Rating: 108
2025-06-12 23:41:52,751 - INFO - Processing sub block #7 for https://www.racingtv.com/results/2023-01-29/naas/1552
2025-06-12 23:41:52,752 - INFO - Found 3 <a> tags - Horse: Ney (IRE), Jockey: K. E. Buckley (claim: 0), Trainer: Mrs Prunella Dobbs
2025-06-12 23:41:52,752 - INFO - Position/Length - Found 2 children: Position: 12th, Lost by: 3 3/4 l
2025-06-12 23:41:52,753 - INFO - Extracted: Ney (IRE) - Position: 12th, Lost by: 3 3/4 l, Jockey: K. E. Buckley (claim: 0), Trainer: Mrs Prunella Dobbs, Age: 5, Weight: 11-6, Rating: 117
2025-06-12 23:41:52,753 - INFO - Processing sub block #8 for https://www.racingtv.com/results/2023-01-29/naas/1552
2025-06-12 23:41:52,753 - INFO - Found 3 <a> tags - Horse: Galactic Grey (IRE), Jockey: Jordan Colin Gainford (claim: 0), Trainer: C. P. Donoghue
2025-06-12 23:41:52,754 - INFO - Position/Length - Found 2 children: Position: 11th, Lost by: 3 1/2 l
2025-06-12 23:41:52,754 - INFO - Extracted: Galactic Grey (IRE) - Position: 11th, Lost by: 3 1/2 l, Jockey: Jordan Colin Gainford (claim: 0), Trainer: C. P. Donoghue, Age: 6, Weight: 10-5t, Rating: 102
2025-06-12 23:41:52,754 - INFO - Processing sub block #9 for https://www.racingtv.com/results/2023-01-29/naas/1552
2025-06-12 23:41:52,755 - INFO - Found 3 <a> tags - Horse: Zoffanien (IRE), Jockey: D. King (claim: 5), Trainer: Denis Hogan
2025-06-12 23:41:52,756 - INFO - Position/Length - Found 2 children: Position: 10th, Lost by: Head
2025-06-12 23:41:52,756 - INFO - Extracted: Zoffanien (IRE) - Position: 10th, Lost by: Head, Jockey: D. King (claim: 5), Trainer: Denis Hogan, Age: 6, Weight: 12-4, Rating: 129
2025-06-12 23:41:52,756 - INFO - Processing sub block #10 for https://www.racingtv.com/results/2023-01-29/naas/1552
2025-06-12 23:41:52,756 - INFO - Found 3 <a> tags - Horse: Boola Boola (IRE), Jockey: S. F. O'Keeffe (claim: 0), Trainer: Mrs J. Harrington
2025-06-12 23:41:52,757 - INFO - Position/Length - Found 2 children: Position: 9th, Lost by: 13 l
2025-06-12 23:41:52,757 - INFO - Extracted: Boola Boola (IRE) - Position: 9th, Lost by: 13 l, Jockey: S. F. O'Keeffe (claim: 0), Trainer: Mrs J. Harrington, Age: 6, Weight: 10-7tp1, Rating: 104
2025-06-12 23:41:52,758 - INFO - Processing sub block #11 for https://www.racingtv.com/results/2023-01-29/naas/1552
2025-06-12 23:41:52,758 - INFO - Found 3 <a> tags - Horse: Bigz Belief (IRE), Jockey: Jack Foley (claim: 0), Trainer: Matthew J. Smith
2025-06-12 23:41:52,759 - INFO - Position/Length - Found 2 children: Position: 8th, Lost by: 2 1/4 l
2025-06-12 23:41:52,759 - INFO - Extracted: Bigz Belief (IRE) - Position: 8th, Lost by: 2 1/4 l, Jockey: Jack Foley (claim: 0), Trainer: Matthew J. Smith, Age: 6, Weight: 11-11t, Rating: 122
2025-06-12 23:41:52,760 - INFO - Processing sub block #12 for https://www.racingtv.com/results/2023-01-29/naas/1552
2025-06-12 23:41:52,760 - INFO - Found 3 <a> tags - Horse: Mister Beeton (IRE), Jockey: C. M. Quirke (claim: 7), Trainer: Shane Nolan
2025-06-12 23:41:52,761 - INFO - Position/Length - Found 2 children: Position: 7th, Lost by: Short Head
2025-06-12 23:41:52,761 - INFO - Extracted: Mister Beeton (IRE) - Position: 7th, Lost by: Short Head, Jockey: C. M. Quirke (claim: 7), Trainer: Shane Nolan, Age: 6, Weight: 11-1, Rating: 112
2025-06-12 23:41:52,761 - INFO - Processing sub block #13 for https://www.racingtv.com/results/2023-01-29/naas/1552
2025-06-12 23:41:52,762 - INFO - Found 3 <a> tags - Horse: The Truant (IRE), Jockey: E. A. Fitzgerald (claim: 7), Trainer: Peter Fahey
2025-06-12 23:41:52,762 - INFO - Position/Length - Found 2 children: Position: 6th, Lost by: 1 1/2 l
2025-06-12 23:41:52,763 - INFO - Extracted: The Truant (IRE) - Position: 6th, Lost by: 1 1/2 l, Jockey: E. A. Fitzgerald (claim: 7), Trainer: Peter Fahey, Age: 6, Weight: 10-2, Rating: 99
2025-06-12 23:41:52,763 - INFO - Processing sub block #14 for https://www.racingtv.com/results/2023-01-29/naas/1552
2025-06-12 23:41:52,763 - INFO - Found 3 <a> tags - Horse: Gold Speed (FR), Jockey: Sean Flanagan (claim: 0), Trainer: Adrian Murray
2025-06-12 23:41:52,764 - INFO - Position/Length - Found 2 children: Position: 5th, Lost by: Neck
2025-06-12 23:41:52,764 - INFO - Extracted: Gold Speed (FR) - Position: 5th, Lost by: Neck, Jockey: Sean Flanagan (claim: 0), Trainer: Adrian Murray, Age: 10, Weight: 11-8h, Rating: 119
2025-06-12 23:41:52,764 - INFO - Processing sub block #15 for https://www.racingtv.com/results/2023-01-29/naas/1552
2025-06-12 23:41:52,765 - INFO - Found 3 <a> tags - Horse: Pour Pavore (IRE), Jockey: Keith Donoghue (claim: 0), Trainer: Gavin Patrick Cromwell
2025-06-12 23:41:52,766 - INFO - Position/Length - Found 2 children: Position: 4th, Lost by: 2 3/4 l
2025-06-12 23:41:52,766 - INFO - Extracted: Pour Pavore (IRE) - Position: 4th, Lost by: 2 3/4 l, Jockey: Keith Donoghue (claim: 0), Trainer: Gavin Patrick Cromwell, Age: 7, Weight: 11-8, Rating: 119
2025-06-12 23:41:52,766 - INFO - Processing sub block #16 for https://www.racingtv.com/results/2023-01-29/naas/1552
2025-06-12 23:41:52,767 - INFO - Found 3 <a> tags - Horse: Low Style (FR), Jockey: M. J. M. O'Sullivan (claim: 5), Trainer: Barry Connell
2025-06-12 23:41:52,767 - INFO - Position/Length - Found 2 children: Position: 3rd, Lost by: 7 l
2025-06-12 23:41:52,768 - INFO - Extracted: Low Style (FR) - Position: 3rd, Lost by: 7 l, Jockey: M. J. M. O'Sullivan (claim: 5), Trainer: Barry Connell, Age: 6, Weight: 10-9, Rating: 106
2025-06-12 23:41:52,768 - INFO - Processing sub block #17 for https://www.racingtv.com/results/2023-01-29/naas/1552
2025-06-12 23:41:52,768 - INFO - Found 3 <a> tags - Horse: Neveradullmoment (IRE), Jockey: L. P. Dempsey (claim: 0), Trainer: J. P. Dempsey
2025-06-12 23:41:52,769 - INFO - Position/Length - Found 2 children: Position: 2nd, Lost by: Nose
2025-06-12 23:41:52,769 - INFO - Extracted: Neveradullmoment (IRE) - Position: 2nd, Lost by: Nose, Jockey: L. P. Dempsey (claim: 0), Trainer: J. P. Dempsey, Age: 6, Weight: 10-7t, Rating: 104
2025-06-12 23:41:52,769 - INFO - Processing sub block #18 for https://www.racingtv.com/results/2023-01-29/naas/1552
2025-06-12 23:41:52,770 - INFO - Found 3 <a> tags - Horse: Doyen Ta Win (IRE), Jockey: K. C. Sexton (claim: 0), Trainer: Declan Queally
2025-06-12 23:41:52,771 - INFO - Position/Length - Found 1 children: Position: 1st, Lost by: N/A
2025-06-12 23:41:52,771 - INFO - Confirmed winner: Doyen Ta Win (IRE)
2025-06-12 23:41:52,771 - INFO - Extracted: Doyen Ta Win (IRE) - Position: 1st, Lost by: N/A, Jockey: K. C. Sexton (claim: 0), Trainer: Declan Queally, Age: 5, Weight: 10-0h, Rating: 97
2025-06-12 23:41:52,771 - INFO - Processing sub block #19 for https://www.racingtv.com/results/2023-01-29/naas/1552
2025-06-12 23:41:52,772 - INFO - Found 3 <a> tags - Horse: Insane Bolt (IRE), Jockey: Sam Ewing (claim: 0), Trainer: Peter Fahey
2025-06-12 23:41:52,773 - INFO - Position/Length - Found 1 children: Position: UR, Lost by: N/A
2025-06-12 23:41:52,773 - INFO - Extracted: Insane Bolt (IRE) - Position: UR, Lost by: N/A, Jockey: Sam Ewing (claim: 0), Trainer: Peter Fahey, Age: 7, Weight: 10-8tb, Rating: 105
2025-06-12 23:41:52,773 - INFO - Processing sub block #20 for https://www.racingtv.com/results/2023-01-29/naas/1552
2025-06-12 23:41:52,774 - INFO - Found 3 <a> tags - Horse: Buzz Light (IRE), Jockey: Denis O'Regan (claim: 0), Trainer: Thomas Dowling
2025-06-12 23:41:52,775 - INFO - Position/Length - Found 1 children: Position: PU, Lost by: N/A
2025-06-12 23:41:52,775 - INFO - Extracted: Buzz Light (IRE) - Position: PU, Lost by: N/A, Jockey: Denis O'Regan (claim: 0), Trainer: Thomas Dowling, Age: 6, Weight: 10-6, Rating: 103
2025-06-12 23:41:52,775 - INFO - Processing sub block #21 for https://www.racingtv.com/results/2023-01-29/naas/1552
2025-06-12 23:41:52,776 - INFO - Found 3 <a> tags - Horse: Coolnacritta (IRE), Jockey: R. A. Doyle (claim: 0), Trainer: Mark Fahey
2025-06-12 23:41:52,776 - INFO - Position/Length - Found 2 children: Position: 16th, Lost by: 25 l
2025-06-12 23:41:52,776 - INFO - Extracted: Coolnacritta (IRE) - Position: 16th, Lost by: 25 l, Jockey: R. A. Doyle (claim: 0), Trainer: Mark Fahey, Age: 8, Weight: 10-9, Rating: 106
2025-06-12 23:41:52,777 - INFO - Processing sub block #22 for https://www.racingtv.com/results/2023-01-29/naas/1552
2025-06-12 23:41:52,777 - INFO - Found 3 <a> tags - Horse: Ben Thomson (IRE), Jockey: S. D. Torrens (claim: 0), Trainer: John McConnell
2025-06-12 23:41:52,778 - INFO - Position/Length - Found 2 children: Position: 15th, Lost by: 53 l
2025-06-12 23:41:52,778 - INFO - Extracted: Ben Thomson (IRE) - Position: 15th, Lost by: 53 l, Jockey: S. D. Torrens (claim: 0), Trainer: John McConnell, Age: 7, Weight: 10-2t, Rating: 99
2025-06-12 23:41:52,778 - INFO - Processing sub block #23 for https://www.racingtv.com/results/2023-01-29/naas/1552
2025-06-12 23:41:52,779 - INFO - Found 3 <a> tags - Horse: Future Proof (IRE), Jockey: D. J. O'Keeffe (claim: 0), Trainer: P. J. Rothwell
2025-06-12 23:41:52,779 - INFO - Position/Length - Found 2 children: Position: 14th, Lost by: 4 l
2025-06-12 23:41:52,779 - INFO - Extracted: Future Proof (IRE) - Position: 14th, Lost by: 4 l, Jockey: D. J. O'Keeffe (claim: 0), Trainer: P. J. Rothwell, Age: 8, Weight: 10-0p, Rating: 97
2025-06-12 23:41:52,780 - INFO - Processing sub block #24 for https://www.racingtv.com/results/2023-01-29/naas/1552
2025-06-12 23:41:52,780 - INFO - Found 3 <a> tags - Horse: Petit King (FR), Jockey: Phillip Enright (claim: 0), Trainer: Edward Cawley
2025-06-12 23:41:52,781 - INFO - Position/Length - Found 2 children: Position: 13th, Lost by: 14 l
2025-06-12 23:41:52,781 - INFO - Extracted: Petit King (FR) - Position: 13th, Lost by: 14 l, Jockey: Phillip Enright (claim: 0), Trainer: Edward Cawley, Age: 7, Weight: 10-11, Rating: 108
2025-06-12 23:41:52,781 - INFO - Processing sub block #25 for https://www.racingtv.com/results/2023-01-29/naas/1552
2025-06-12 23:41:52,782 - INFO - Found 3 <a> tags - Horse: Ney (IRE), Jockey: K. E. Buckley (claim: 0), Trainer: Mrs Prunella Dobbs
2025-06-12 23:41:52,782 - INFO - Position/Length - Found 2 children: Position: 12th, Lost by: 3 3/4 l
2025-06-12 23:41:52,783 - INFO - Extracted: Ney (IRE) - Position: 12th, Lost by: 3 3/4 l, Jockey: K. E. Buckley (claim: 0), Trainer: Mrs Prunella Dobbs, Age: 5, Weight: 11-6, Rating: 117
2025-06-12 23:41:52,783 - INFO - Processing sub block #26 for https://www.racingtv.com/results/2023-01-29/naas/1552
2025-06-12 23:41:52,783 - INFO - Found 3 <a> tags - Horse: Galactic Grey (IRE), Jockey: Jordan Colin Gainford (claim: 0), Trainer: C. P. Donoghue
2025-06-12 23:41:52,784 - INFO - Position/Length - Found 2 children: Position: 11th, Lost by: 3 1/2 l
2025-06-12 23:41:52,784 - INFO - Extracted: Galactic Grey (IRE) - Position: 11th, Lost by: 3 1/2 l, Jockey: Jordan Colin Gainford (claim: 0), Trainer: C. P. Donoghue, Age: 6, Weight: 10-5t, Rating: 102
2025-06-12 23:41:52,784 - INFO - Processing sub block #27 for https://www.racingtv.com/results/2023-01-29/naas/1552
2025-06-12 23:41:52,785 - INFO - Found 3 <a> tags - Horse: Zoffanien (IRE), Jockey: D. King (claim: 5), Trainer: Denis Hogan
2025-06-12 23:41:52,786 - INFO - Position/Length - Found 2 children: Position: 10th, Lost by: Head
2025-06-12 23:41:52,786 - INFO - Extracted: Zoffanien (IRE) - Position: 10th, Lost by: Head, Jockey: D. King (claim: 5), Trainer: Denis Hogan, Age: 6, Weight: 12-4, Rating: 129
2025-06-12 23:41:52,786 - INFO - Processing sub block #28 for https://www.racingtv.com/results/2023-01-29/naas/1552
2025-06-12 23:41:52,787 - INFO - Found 3 <a> tags - Horse: Boola Boola (IRE), Jockey: S. F. O'Keeffe (claim: 0), Trainer: Mrs J. Harrington
2025-06-12 23:41:52,787 - INFO - Position/Length - Found 2 children: Position: 9th, Lost by: 13 l
2025-06-12 23:41:52,787 - INFO - Extracted: Boola Boola (IRE) - Position: 9th, Lost by: 13 l, Jockey: S. F. O'Keeffe (claim: 0), Trainer: Mrs J. Harrington, Age: 6, Weight: 10-7tp1, Rating: 104
2025-06-12 23:41:52,788 - INFO - Processing sub block #29 for https://www.racingtv.com/results/2023-01-29/naas/1552
2025-06-12 23:41:52,788 - INFO - Found 3 <a> tags - Horse: Bigz Belief (IRE), Jockey: Jack Foley (claim: 0), Trainer: Matthew J. Smith
2025-06-12 23:41:52,789 - INFO - Position/Length - Found 2 children: Position: 8th, Lost by: 2 1/4 l
2025-06-12 23:41:52,789 - INFO - Extracted: Bigz Belief (IRE) - Position: 8th, Lost by: 2 1/4 l, Jockey: Jack Foley (claim: 0), Trainer: Matthew J. Smith, Age: 6, Weight: 11-11t, Rating: 122
2025-06-12 23:41:52,789 - INFO - Processing sub block #30 for https://www.racingtv.com/results/2023-01-29/naas/1552
2025-06-12 23:41:52,790 - INFO - Found 3 <a> tags - Horse: Mister Beeton (IRE), Jockey: C. M. Quirke (claim: 7), Trainer: Shane Nolan
2025-06-12 23:41:52,791 - INFO - Position/Length - Found 2 children: Position: 7th, Lost by: Short Head
2025-06-12 23:41:52,791 - INFO - Extracted: Mister Beeton (IRE) - Position: 7th, Lost by: Short Head, Jockey: C. M. Quirke (claim: 7), Trainer: Shane Nolan, Age: 6, Weight: 11-1, Rating: 112
2025-06-12 23:41:52,791 - INFO - Processing sub block #31 for https://www.racingtv.com/results/2023-01-29/naas/1552
2025-06-12 23:41:52,792 - INFO - Found 3 <a> tags - Horse: The Truant (IRE), Jockey: E. A. Fitzgerald (claim: 7), Trainer: Peter Fahey
2025-06-12 23:41:52,793 - INFO - Position/Length - Found 2 children: Position: 6th, Lost by: 1 1/2 l
2025-06-12 23:41:52,793 - INFO - Extracted: The Truant (IRE) - Position: 6th, Lost by: 1 1/2 l, Jockey: E. A. Fitzgerald (claim: 7), Trainer: Peter Fahey, Age: 6, Weight: 10-2, Rating: 99
2025-06-12 23:41:52,793 - INFO - Processing sub block #32 for https://www.racingtv.com/results/2023-01-29/naas/1552
2025-06-12 23:41:52,794 - INFO - Found 3 <a> tags - Horse: Gold Speed (FR), Jockey: Sean Flanagan (claim: 0), Trainer: Adrian Murray
2025-06-12 23:41:52,794 - INFO - Position/Length - Found 2 children: Position: 5th, Lost by: Neck
2025-06-12 23:41:52,794 - INFO - Extracted: Gold Speed (FR) - Position: 5th, Lost by: Neck, Jockey: Sean Flanagan (claim: 0), Trainer: Adrian Murray, Age: 10, Weight: 11-8h, Rating: 119
2025-06-12 23:41:52,795 - INFO - Processing sub block #33 for https://www.racingtv.com/results/2023-01-29/naas/1552
2025-06-12 23:41:52,795 - INFO - Found 3 <a> tags - Horse: Pour Pavore (IRE), Jockey: Keith Donoghue (claim: 0), Trainer: Gavin Patrick Cromwell
2025-06-12 23:41:52,796 - INFO - Position/Length - Found 2 children: Position: 4th, Lost by: 2 3/4 l
2025-06-12 23:41:52,796 - INFO - Extracted: Pour Pavore (IRE) - Position: 4th, Lost by: 2 3/4 l, Jockey: Keith Donoghue (claim: 0), Trainer: Gavin Patrick Cromwell, Age: 7, Weight: 11-8, Rating: 119
2025-06-12 23:41:52,796 - INFO - Processing sub block #34 for https://www.racingtv.com/results/2023-01-29/naas/1552
2025-06-12 23:41:52,797 - INFO - Found 3 <a> tags - Horse: Low Style (FR), Jockey: M. J. M. O'Sullivan (claim: 5), Trainer: Barry Connell
2025-06-12 23:41:52,797 - INFO - Position/Length - Found 2 children: Position: 3rd, Lost by: 7 l
2025-06-12 23:41:52,798 - INFO - Extracted: Low Style (FR) - Position: 3rd, Lost by: 7 l, Jockey: M. J. M. O'Sullivan (claim: 5), Trainer: Barry Connell, Age: 6, Weight: 10-9, Rating: 106
2025-06-12 23:41:52,798 - INFO - Processing sub block #35 for https://www.racingtv.com/results/2023-01-29/naas/1552
2025-06-12 23:41:52,798 - INFO - Found 3 <a> tags - Horse: Neveradullmoment (IRE), Jockey: L. P. Dempsey (claim: 0), Trainer: J. P. Dempsey
2025-06-12 23:41:52,799 - INFO - Position/Length - Found 2 children: Position: 2nd, Lost by: Nose
2025-06-12 23:41:52,799 - INFO - Extracted: Neveradullmoment (IRE) - Position: 2nd, Lost by: Nose, Jockey: L. P. Dempsey (claim: 0), Trainer: J. P. Dempsey, Age: 6, Weight: 10-7t, Rating: 104
2025-06-12 23:41:52,799 - INFO - Processing sub block #36 for https://www.racingtv.com/results/2023-01-29/naas/1552
2025-06-12 23:41:52,800 - INFO - Found 3 <a> tags - Horse: Doyen Ta Win (IRE), Jockey: K. C. Sexton (claim: 0), Trainer: Declan Queally
2025-06-12 23:41:52,800 - INFO - Position/Length - Found 1 children: Position: 1st, Lost by: N/A
2025-06-12 23:41:52,800 - INFO - Extracted: Doyen Ta Win (IRE) - Position: 1st, Lost by: N/A, Jockey: K. C. Sexton (claim: 0), Trainer: Declan Queally, Age: 5, Weight: 10-0h, Rating: 97
2025-06-12 23:41:52,801 - INFO - Successfully extracted 36/36 horse records from https://www.racingtv.com/results/2023-01-29/naas/1552
2025-06-12 23:41:52,801 - INFO - :) First place horse found successfully
2025-06-12 23:41:52,801 - INFO - :) First place horse found successfully
2025-06-12 23:41:52,801 - INFO - :) First place horse found successfully
2025-06-12 23:41:52,802 - INFO - :) First place horse found successfully
2025-06-12 23:41:52,802 - INFO - :) First place horse found successfully
2025-06-12 23:41:52,802 - INFO - :) First place horse found successfully
2025-06-12 23:41:52,802 - INFO - :) First place horse found successfully
2025-06-12 23:41:52,802 - INFO - :) First place horse found successfully
2025-06-12 23:41:52,802 - INFO - :) First place horse found successfully
2025-06-12 23:41:52,803 - INFO - :) First place horse found successfully
2025-06-12 23:41:52,803 - INFO - :) First place horse found successfully
2025-06-12 23:41:52,803 - INFO - :) First place horse found successfully
2025-06-12 23:41:52,803 - INFO - :) First place horse found successfully
2025-06-12 23:41:52,803 - INFO - :) First place horse found successfully
2025-06-12 23:41:52,804 - INFO - :) First place horse found successfully
2025-06-12 23:41:52,804 - INFO - :) First place horse found successfully
2025-06-12 23:41:52,804 - INFO - :) First place horse found successfully
2025-06-12 23:41:52,804 - INFO - :) First place horse found successfully
2025-06-12 23:41:52,804 - INFO - :) First place horse found successfully
2025-06-12 23:41:52,805 - INFO - :) First place horse found successfully
2025-06-12 23:41:52,805 - INFO - :) First place horse found successfully
2025-06-12 23:41:52,805 - INFO - :) First place horse found successfully
2025-06-12 23:41:52,805 - INFO - :) First place horse found successfully
2025-06-12 23:41:52,805 - INFO - :) First place horse found successfully
2025-06-12 23:41:52,805 - INFO - :) First place horse found successfully
2025-06-12 23:41:52,806 - INFO - :) First place horse found successfully
2025-06-12 23:41:52,806 - INFO - :) First place horse found successfully
2025-06-12 23:41:52,806 - INFO - :) First place horse found successfully
2025-06-12 23:41:52,806 - INFO - :) First place horse found successfully
2025-06-12 23:41:52,806 - INFO - :) First place horse found successfully
2025-06-12 23:41:52,807 - INFO - :) First place horse found successfully
2025-06-12 23:41:52,807 - INFO - :) First place horse found successfully
2025-06-12 23:41:52,807 - INFO - :) First place horse found successfully
2025-06-12 23:41:52,807 - INFO - :) First place horse found successfully
2025-06-12 23:41:52,807 - INFO - :) First place horse found successfully
2025-06-12 23:41:52,808 - INFO - :) First place horse found successfully
2025-06-12 23:41:52,808 - INFO - :) First place horse found successfully
2025-06-12 23:41:52,808 - INFO - Successfully parsed 36 horse records from: https://www.racingtv.com/results/2023-01-29/naas/1552
2025-06-12 23:41:52,809 - INFO - Waiting 2 seconds before next request...
2025-06-12 23:41:54,810 - INFO - Batch 40 - URL 18/50: https://www.racingtv.com/results/2023-01-29/naas/1627
2025-06-12 23:41:54,810 - INFO - Loading page with Selenium: https://www.racingtv.com/results/2023-01-29/naas/1627
2025-06-12 23:42:00,031 - INFO - Racing main block detected for: https://www.racingtv.com/results/2023-01-29/naas/1627
2025-06-12 23:42:00,077 - INFO - Successfully loaded page: https://www.racingtv.com/results/2023-01-29/naas/1627
2025-06-12 23:42:00,172 - INFO - Extracted race info - Track: Naas Racing Results | 29th January 2023 16:27, Date: N/A, Time: 16:27
2025-06-12 23:42:00,172 - INFO - Found 2nd h3 tag: Soft  Flat (Turf) 5YO+ 2m 3f Winner: €10,000 (11 runners)
2025-06-12 23:42:00,172 - INFO - Extracted - Going: Soft  Flat (Turf), Distance: 2m 3f
2025-06-12 23:42:00,172 - INFO - Extracting racing data from: https://www.racingtv.com/results/2023-01-29/naas/1627
2025-06-12 23:42:00,193 - INFO - Processing main block #1 for https://www.racingtv.com/results/2023-01-29/naas/1627
2025-06-12 23:42:00,206 - INFO - Checking 2nd child of main block for first place horse...
2025-06-12 23:42:00,213 - INFO - Found alternative horse block structure with 3 links
2025-06-12 23:42:00,213 - INFO - Found alternative horse block structure with 3 links
2025-06-12 23:42:00,213 - INFO - Found alternative horse block structure with 3 links
2025-06-12 23:42:00,218 - INFO - Found alternative horse block structure with 3 links
2025-06-12 23:42:00,218 - INFO - Found alternative horse block structure with 3 links
2025-06-12 23:42:00,218 - INFO - Found alternative horse block structure with 3 links
2025-06-12 23:42:00,219 - INFO - Found alternative horse block structure with 3 links
2025-06-12 23:42:00,219 - INFO - Found alternative horse block structure with 3 links
2025-06-12 23:42:00,219 - INFO - Found alternative horse block structure with 3 links
2025-06-12 23:42:00,220 - INFO - Found alternative horse block structure with 3 links
2025-06-12 23:42:00,220 - INFO - Found alternative horse block structure with 3 links
2025-06-12 23:42:00,240 - INFO - Found likely first place horse via structure analysis: Western Diego (IRE)
2025-06-12 23:42:00,242 - INFO - Found potential first place horse with background styling
2025-06-12 23:42:00,242 - INFO - Found potential first place horse with background styling
2025-06-12 23:42:00,243 - INFO - Found potential first place horse with background styling
2025-06-12 23:42:00,243 - INFO - Found potential first place horse with background styling
2025-06-12 23:42:00,243 - INFO - Found potential first place horse with background styling
2025-06-12 23:42:00,244 - INFO - Found potential first place horse with background styling
2025-06-12 23:42:00,244 - INFO - Found potential first place horse with background styling
2025-06-12 23:42:00,244 - INFO - Found potential first place horse with background styling
2025-06-12 23:42:00,245 - INFO - Found potential first place horse with background styling
2025-06-12 23:42:00,246 - INFO - Found potential first place horse with background styling
2025-06-12 23:42:00,246 - INFO - Found 22 horse entries for https://www.racingtv.com/results/2023-01-29/naas/1627 using multiple detection methods
2025-06-12 23:42:00,246 - INFO - Processing sub block #1 for https://www.racingtv.com/results/2023-01-29/naas/1627
2025-06-12 23:42:00,246 - INFO - Found 3 <a> tags - Horse: Grand Rouge (IRE), Jockey: Mr S. Cleary (claim: 7), Trainer: James M. Barcoe
2025-06-12 23:42:00,247 - INFO - Position/Length - Found 1 children: Position: PU, Lost by: N/A
2025-06-12 23:42:00,247 - INFO - Extracted: Grand Rouge (IRE) - Position: PU, Lost by: N/A, Jockey: Mr S. Cleary (claim: 7), Trainer: James M. Barcoe, Age: 7, Weight: 12-0, Rating: -
2025-06-12 23:42:00,247 - INFO - Processing sub block #2 for https://www.racingtv.com/results/2023-01-29/naas/1627
2025-06-12 23:42:00,248 - INFO - Found 3 <a> tags - Horse: For Fear Of Frost (IRE), Jockey: Mr T. Hamilton (claim: 0), Trainer: M. F. Morris
2025-06-12 23:42:00,249 - INFO - Position/Length - Found 2 children: Position: 10th, Lost by: 70 l
2025-06-12 23:42:00,249 - INFO - Extracted: For Fear Of Frost (IRE) - Position: 10th, Lost by: 70 l, Jockey: Mr T. Hamilton (claim: 0), Trainer: M. F. Morris, Age: 5, Weight: 12-0, Rating: -
2025-06-12 23:42:00,249 - INFO - Processing sub block #3 for https://www.racingtv.com/results/2023-01-29/naas/1627
2025-06-12 23:42:00,251 - INFO - Found 3 <a> tags - Horse: Tom The Plasterer (IRE), Jockey: Mr M. Chaybyn (claim: 7), Trainer: Luke Comer
2025-06-12 23:42:00,252 - INFO - Position/Length - Found 2 children: Position: 9th, Lost by: 9 1/2 l
2025-06-12 23:42:00,252 - INFO - Extracted: Tom The Plasterer (IRE) - Position: 9th, Lost by: 9 1/2 l, Jockey: Mr M. Chaybyn (claim: 7), Trainer: Luke Comer, Age: 6, Weight: 12-0, Rating: -
2025-06-12 23:42:00,252 - INFO - Processing sub block #4 for https://www.racingtv.com/results/2023-01-29/naas/1627
2025-06-12 23:42:00,252 - INFO - Found 3 <a> tags - Horse: Linden Arden (IRE), Jockey: Mr D. Doyle (claim: 7), Trainer: Michael J. Bowe
2025-06-12 23:42:00,252 - INFO - Position/Length - Found 2 children: Position: 8th, Lost by: 62 l
2025-06-12 23:42:00,252 - INFO - Extracted: Linden Arden (IRE) - Position: 8th, Lost by: 62 l, Jockey: Mr D. Doyle (claim: 7), Trainer: Michael J. Bowe, Age: 5, Weight: 12-0, Rating: -
2025-06-12 23:42:00,252 - INFO - Processing sub block #5 for https://www.racingtv.com/results/2023-01-29/naas/1627
2025-06-12 23:42:00,255 - INFO - Found 3 <a> tags - Horse: Myfiabellaevard (IRE), Jockey: Mr A. Harvey (claim: 7), Trainer: John McConnell
2025-06-12 23:42:00,255 - INFO - Position/Length - Found 2 children: Position: 7th, Lost by: 12 l
2025-06-12 23:42:00,256 - INFO - Extracted: Myfiabellaevard (IRE) - Position: 7th, Lost by: 12 l, Jockey: Mr A. Harvey (claim: 7), Trainer: John McConnell, Age: 5, Weight: 11-7, Rating: -
2025-06-12 23:42:00,256 - INFO - Processing sub block #6 for https://www.racingtv.com/results/2023-01-29/naas/1627
2025-06-12 23:42:00,256 - INFO - Found 3 <a> tags - Horse: Petit Dejeuner (IRE), Jockey: Mr Pat Taaffe (claim: 7), Trainer: Mrs Denise Foster
2025-06-12 23:42:00,258 - INFO - Position/Length - Found 2 children: Position: 6th, Lost by: 14 l
2025-06-12 23:42:00,258 - INFO - Extracted: Petit Dejeuner (IRE) - Position: 6th, Lost by: 14 l, Jockey: Mr Pat Taaffe (claim: 7), Trainer: Mrs Denise Foster, Age: 5, Weight: 11-7, Rating: -
2025-06-12 23:42:00,258 - INFO - Processing sub block #7 for https://www.racingtv.com/results/2023-01-29/naas/1627
2025-06-12 23:42:00,259 - INFO - Found 3 <a> tags - Horse: Built By Ballymore (IRE), Jockey: Mr D. O'Connor (claim: 0), Trainer: Martin Brassil
2025-06-12 23:42:00,259 - INFO - Position/Length - Found 2 children: Position: 5th, Lost by: 8 l
2025-06-12 23:42:00,259 - INFO - Extracted: Built By Ballymore (IRE) - Position: 5th, Lost by: 8 l, Jockey: Mr D. O'Connor (claim: 0), Trainer: Martin Brassil, Age: 5, Weight: 12-0t, Rating: -
2025-06-12 23:42:00,260 - INFO - Processing sub block #8 for https://www.racingtv.com/results/2023-01-29/naas/1627
2025-06-12 23:42:00,260 - INFO - Found 3 <a> tags - Horse: Grace Faraday (IRE), Jockey: Miss A. B. O'Connor (claim: 3), Trainer: Anthony McCann
2025-06-12 23:42:00,261 - INFO - Position/Length - Found 2 children: Position: 4th, Lost by: 19 l
2025-06-12 23:42:00,261 - INFO - Extracted: Grace Faraday (IRE) - Position: 4th, Lost by: 19 l, Jockey: Miss A. B. O'Connor (claim: 3), Trainer: Anthony McCann, Age: 5, Weight: 11-7h, Rating: -
2025-06-12 23:42:00,261 - INFO - Processing sub block #9 for https://www.racingtv.com/results/2023-01-29/naas/1627
2025-06-12 23:42:00,262 - INFO - Found 3 <a> tags - Horse: Will Do (IRE), Jockey: Mr H. C. Swan (claim: 7), Trainer: Gordon Elliott
2025-06-12 23:42:00,263 - INFO - Position/Length - Found 2 children: Position: 3rd, Lost by: Head
2025-06-12 23:42:00,263 - INFO - Extracted: Will Do (IRE) - Position: 3rd, Lost by: Head, Jockey: Mr H. C. Swan (claim: 7), Trainer: Gordon Elliott, Age: 6, Weight: 12-0, Rating: -
2025-06-12 23:42:00,263 - INFO - Processing sub block #10 for https://www.racingtv.com/results/2023-01-29/naas/1627
2025-06-12 23:42:00,264 - INFO - Found 3 <a> tags - Horse: Suttons Hill (IRE), Jockey: Mr E. P. O'Brien (claim: 5), Trainer: Richard John O'Brien
2025-06-12 23:42:00,264 - INFO - Position/Length - Found 2 children: Position: 2nd, Lost by: 6 1/2 l
2025-06-12 23:42:00,264 - INFO - Extracted: Suttons Hill (IRE) - Position: 2nd, Lost by: 6 1/2 l, Jockey: Mr E. P. O'Brien (claim: 5), Trainer: Richard John O'Brien, Age: 6, Weight: 12-0, Rating: -
2025-06-12 23:42:00,264 - INFO - Processing sub block #11 for https://www.racingtv.com/results/2023-01-29/naas/1627
2025-06-12 23:42:00,266 - INFO - Found 3 <a> tags - Horse: Western Diego (IRE), Jockey: Mr P. W. Mullins (claim: 0), Trainer: W. P. Mullins
2025-06-12 23:42:00,267 - INFO - Position/Length - Found 1 children: Position: 1st, Lost by: N/A
2025-06-12 23:42:00,267 - INFO - Confirmed winner: Western Diego (IRE)
2025-06-12 23:42:00,267 - INFO - Extracted: Western Diego (IRE) - Position: 1st, Lost by: N/A, Jockey: Mr P. W. Mullins (claim: 0), Trainer: W. P. Mullins, Age: 6, Weight: 12-0h1, Rating: -
2025-06-12 23:42:00,267 - INFO - Processing sub block #12 for https://www.racingtv.com/results/2023-01-29/naas/1627
2025-06-12 23:42:00,268 - INFO - Found 3 <a> tags - Horse: Grand Rouge (IRE), Jockey: Mr S. Cleary (claim: 7), Trainer: James M. Barcoe
2025-06-12 23:42:00,269 - INFO - Position/Length - Found 1 children: Position: PU, Lost by: N/A
2025-06-12 23:42:00,269 - INFO - Extracted: Grand Rouge (IRE) - Position: PU, Lost by: N/A, Jockey: Mr S. Cleary (claim: 7), Trainer: James M. Barcoe, Age: 7, Weight: 12-0, Rating: -
2025-06-12 23:42:00,269 - INFO - Processing sub block #13 for https://www.racingtv.com/results/2023-01-29/naas/1627
2025-06-12 23:42:00,270 - INFO - Found 3 <a> tags - Horse: For Fear Of Frost (IRE), Jockey: Mr T. Hamilton (claim: 0), Trainer: M. F. Morris
2025-06-12 23:42:00,271 - INFO - Position/Length - Found 2 children: Position: 10th, Lost by: 70 l
2025-06-12 23:42:00,271 - INFO - Extracted: For Fear Of Frost (IRE) - Position: 10th, Lost by: 70 l, Jockey: Mr T. Hamilton (claim: 0), Trainer: M. F. Morris, Age: 5, Weight: 12-0, Rating: -
2025-06-12 23:42:00,271 - INFO - Processing sub block #14 for https://www.racingtv.com/results/2023-01-29/naas/1627
2025-06-12 23:42:00,272 - INFO - Found 3 <a> tags - Horse: Tom The Plasterer (IRE), Jockey: Mr M. Chaybyn (claim: 7), Trainer: Luke Comer
2025-06-12 23:42:00,273 - INFO - Position/Length - Found 2 children: Position: 9th, Lost by: 9 1/2 l
2025-06-12 23:42:00,273 - INFO - Extracted: Tom The Plasterer (IRE) - Position: 9th, Lost by: 9 1/2 l, Jockey: Mr M. Chaybyn (claim: 7), Trainer: Luke Comer, Age: 6, Weight: 12-0, Rating: -
2025-06-12 23:42:00,273 - INFO - Processing sub block #15 for https://www.racingtv.com/results/2023-01-29/naas/1627
2025-06-12 23:42:00,274 - INFO - Found 3 <a> tags - Horse: Linden Arden (IRE), Jockey: Mr D. Doyle (claim: 7), Trainer: Michael J. Bowe
2025-06-12 23:42:00,276 - INFO - Position/Length - Found 2 children: Position: 8th, Lost by: 62 l
2025-06-12 23:42:00,287 - INFO - Extracted: Linden Arden (IRE) - Position: 8th, Lost by: 62 l, Jockey: Mr D. Doyle (claim: 7), Trainer: Michael J. Bowe, Age: 5, Weight: 12-0, Rating: -
2025-06-12 23:42:00,289 - INFO - Processing sub block #16 for https://www.racingtv.com/results/2023-01-29/naas/1627
2025-06-12 23:42:00,291 - INFO - Found 3 <a> tags - Horse: Myfiabellaevard (IRE), Jockey: Mr A. Harvey (claim: 7), Trainer: John McConnell
2025-06-12 23:42:00,293 - INFO - Position/Length - Found 2 children: Position: 7th, Lost by: 12 l
2025-06-12 23:42:00,293 - INFO - Extracted: Myfiabellaevard (IRE) - Position: 7th, Lost by: 12 l, Jockey: Mr A. Harvey (claim: 7), Trainer: John McConnell, Age: 5, Weight: 11-7, Rating: -
2025-06-12 23:42:00,294 - INFO - Processing sub block #17 for https://www.racingtv.com/results/2023-01-29/naas/1627
2025-06-12 23:42:00,294 - INFO - Found 3 <a> tags - Horse: Petit Dejeuner (IRE), Jockey: Mr Pat Taaffe (claim: 7), Trainer: Mrs Denise Foster
2025-06-12 23:42:00,311 - INFO - Position/Length - Found 2 children: Position: 6th, Lost by: 14 l
2025-06-12 23:42:00,325 - INFO - Extracted: Petit Dejeuner (IRE) - Position: 6th, Lost by: 14 l, Jockey: Mr Pat Taaffe (claim: 7), Trainer: Mrs Denise Foster, Age: 5, Weight: 11-7, Rating: -
2025-06-12 23:42:00,326 - INFO - Processing sub block #18 for https://www.racingtv.com/results/2023-01-29/naas/1627
2025-06-12 23:42:00,326 - INFO - Found 3 <a> tags - Horse: Built By Ballymore (IRE), Jockey: Mr D. O'Connor (claim: 0), Trainer: Martin Brassil
2025-06-12 23:42:00,328 - INFO - Position/Length - Found 2 children: Position: 5th, Lost by: 8 l
2025-06-12 23:42:00,328 - INFO - Extracted: Built By Ballymore (IRE) - Position: 5th, Lost by: 8 l, Jockey: Mr D. O'Connor (claim: 0), Trainer: Martin Brassil, Age: 5, Weight: 12-0t, Rating: -
2025-06-12 23:42:00,331 - INFO - Processing sub block #19 for https://www.racingtv.com/results/2023-01-29/naas/1627
2025-06-12 23:42:00,331 - INFO - Found 3 <a> tags - Horse: Grace Faraday (IRE), Jockey: Miss A. B. O'Connor (claim: 3), Trainer: Anthony McCann
2025-06-12 23:42:00,331 - INFO - Position/Length - Found 2 children: Position: 4th, Lost by: 19 l
2025-06-12 23:42:00,331 - INFO - Extracted: Grace Faraday (IRE) - Position: 4th, Lost by: 19 l, Jockey: Miss A. B. O'Connor (claim: 3), Trainer: Anthony McCann, Age: 5, Weight: 11-7h, Rating: -
2025-06-12 23:42:00,331 - INFO - Processing sub block #20 for https://www.racingtv.com/results/2023-01-29/naas/1627
2025-06-12 23:42:00,331 - INFO - Found 3 <a> tags - Horse: Will Do (IRE), Jockey: Mr H. C. Swan (claim: 7), Trainer: Gordon Elliott
2025-06-12 23:42:00,331 - INFO - Position/Length - Found 2 children: Position: 3rd, Lost by: Head
2025-06-12 23:42:00,331 - INFO - Extracted: Will Do (IRE) - Position: 3rd, Lost by: Head, Jockey: Mr H. C. Swan (claim: 7), Trainer: Gordon Elliott, Age: 6, Weight: 12-0, Rating: -
2025-06-12 23:42:00,338 - INFO - Processing sub block #21 for https://www.racingtv.com/results/2023-01-29/naas/1627
2025-06-12 23:42:00,339 - INFO - Found 3 <a> tags - Horse: Suttons Hill (IRE), Jockey: Mr E. P. O'Brien (claim: 5), Trainer: Richard John O'Brien
2025-06-12 23:42:00,340 - INFO - Position/Length - Found 2 children: Position: 2nd, Lost by: 6 1/2 l
2025-06-12 23:42:00,341 - INFO - Extracted: Suttons Hill (IRE) - Position: 2nd, Lost by: 6 1/2 l, Jockey: Mr E. P. O'Brien (claim: 5), Trainer: Richard John O'Brien, Age: 6, Weight: 12-0, Rating: -
2025-06-12 23:42:00,341 - INFO - Processing sub block #22 for https://www.racingtv.com/results/2023-01-29/naas/1627
2025-06-12 23:42:00,345 - INFO - Found 3 <a> tags - Horse: Western Diego (IRE), Jockey: Mr P. W. Mullins (claim: 0), Trainer: W. P. Mullins
2025-06-12 23:42:00,348 - INFO - Position/Length - Found 1 children: Position: 1st, Lost by: N/A
2025-06-12 23:42:00,348 - INFO - Extracted: Western Diego (IRE) - Position: 1st, Lost by: N/A, Jockey: Mr P. W. Mullins (claim: 0), Trainer: W. P. Mullins, Age: 6, Weight: 12-0h1, Rating: -
2025-06-12 23:42:00,348 - INFO - Successfully extracted 22/22 horse records from https://www.racingtv.com/results/2023-01-29/naas/1627
2025-06-12 23:42:00,348 - INFO - :) First place horse found successfully
2025-06-12 23:42:00,353 - INFO - :) First place horse found successfully
2025-06-12 23:42:00,353 - INFO - :) First place horse found successfully
2025-06-12 23:42:00,353 - INFO - :) First place horse found successfully
2025-06-12 23:42:00,353 - INFO - :) First place horse found successfully
2025-06-12 23:42:00,354 - INFO - :) First place horse found successfully
2025-06-12 23:42:00,354 - INFO - :) First place horse found successfully
2025-06-12 23:42:00,354 - INFO - :) First place horse found successfully
2025-06-12 23:42:00,354 - INFO - :) First place horse found successfully
2025-06-12 23:42:00,354 - INFO - :) First place horse found successfully
2025-06-12 23:42:00,355 - INFO - :) First place horse found successfully
2025-06-12 23:42:00,355 - INFO - :) First place horse found successfully
2025-06-12 23:42:00,355 - INFO - :) First place horse found successfully
2025-06-12 23:42:00,355 - INFO - :) First place horse found successfully
2025-06-12 23:42:00,355 - INFO - :) First place horse found successfully
2025-06-12 23:42:00,356 - INFO - :) First place horse found successfully
2025-06-12 23:42:00,356 - INFO - :) First place horse found successfully
2025-06-12 23:42:00,356 - INFO - :) First place horse found successfully
2025-06-12 23:42:00,356 - INFO - :) First place horse found successfully
2025-06-12 23:42:00,356 - INFO - :) First place horse found successfully
2025-06-12 23:42:00,356 - INFO - :) First place horse found successfully
2025-06-12 23:42:00,357 - INFO - :) First place horse found successfully
2025-06-12 23:42:00,357 - INFO - :) First place horse found successfully
2025-06-12 23:42:00,357 - INFO - Successfully parsed 22 horse records from: https://www.racingtv.com/results/2023-01-29/naas/1627
2025-06-12 23:42:00,357 - INFO - Waiting 2 seconds before next request...
2025-06-12 23:42:02,359 - INFO - Batch 40 - URL 19/50: https://www.racingtv.com/results/2023-01-30/punchestown/1247
2025-06-12 23:42:02,359 - INFO - Loading page with Selenium: https://www.racingtv.com/results/2023-01-30/punchestown/1247
2025-06-12 23:42:07,506 - INFO - Racing main block detected for: https://www.racingtv.com/results/2023-01-30/punchestown/1247
2025-06-12 23:42:07,551 - INFO - Successfully loaded page: https://www.racingtv.com/results/2023-01-30/punchestown/1247
2025-06-12 23:42:07,740 - INFO - Extracted race info - Track: N/A, Date: N/A, Time: 12:47
2025-06-12 23:42:07,741 - INFO - Found 2nd h3 tag: Soft  5YO+ 2m Winner: €12,500 (22 runners)
2025-06-12 23:42:07,741 - INFO - Extracted - Going: Soft, Distance: 2m
2025-06-12 23:42:07,742 - INFO - Extracting racing data from: https://www.racingtv.com/results/2023-01-30/punchestown/1247
2025-06-12 23:42:07,755 - INFO - Processing main block #1 for https://www.racingtv.com/results/2023-01-30/punchestown/1247
2025-06-12 23:42:07,769 - INFO - Checking 2nd child of main block for first place horse...
2025-06-12 23:42:07,778 - INFO - Found alternative horse block structure with 3 links
2025-06-12 23:42:07,778 - INFO - Found alternative horse block structure with 3 links
2025-06-12 23:42:07,779 - INFO - Found alternative horse block structure with 3 links
2025-06-12 23:42:07,779 - INFO - Found alternative horse block structure with 3 links
2025-06-12 23:42:07,779 - INFO - Found alternative horse block structure with 3 links
2025-06-12 23:42:07,780 - INFO - Found alternative horse block structure with 3 links
2025-06-12 23:42:07,780 - INFO - Found alternative horse block structure with 3 links
2025-06-12 23:42:07,780 - INFO - Found alternative horse block structure with 3 links
2025-06-12 23:42:07,780 - INFO - Found alternative horse block structure with 3 links
2025-06-12 23:42:07,781 - INFO - Found alternative horse block structure with 3 links
2025-06-12 23:42:07,781 - INFO - Found alternative horse block structure with 3 links
2025-06-12 23:42:07,781 - INFO - Found alternative horse block structure with 3 links
2025-06-12 23:42:07,781 - INFO - Found alternative horse block structure with 3 links
2025-06-12 23:42:07,782 - INFO - Found alternative horse block structure with 3 links
2025-06-12 23:42:07,782 - INFO - Found alternative horse block structure with 3 links
2025-06-12 23:42:07,782 - INFO - Found alternative horse block structure with 3 links
2025-06-12 23:42:07,782 - INFO - Found alternative horse block structure with 3 links
2025-06-12 23:42:07,782 - INFO - Found alternative horse block structure with 3 links
2025-06-12 23:42:07,783 - INFO - Found alternative horse block structure with 3 links
2025-06-12 23:42:07,783 - INFO - Found alternative horse block structure with 3 links
2025-06-12 23:42:07,783 - INFO - Found alternative horse block structure with 3 links
2025-06-12 23:42:07,783 - INFO - Found alternative horse block structure with 3 links
2025-06-12 23:42:07,821 - INFO - Found likely first place horse via structure analysis: Diverge
2025-06-12 23:42:07,824 - INFO - Found potential first place horse with background styling
2025-06-12 23:42:07,824 - INFO - Found potential first place horse with background styling
2025-06-12 23:42:07,824 - INFO - Found potential first place horse with background styling
2025-06-12 23:42:07,824 - INFO - Found potential first place horse with background styling
2025-06-12 23:42:07,827 - INFO - Found potential first place horse with background styling
2025-06-12 23:42:07,827 - INFO - Found potential first place horse with background styling
2025-06-12 23:42:07,828 - INFO - Found potential first place horse with background styling
2025-06-12 23:42:07,828 - INFO - Found potential first place horse with background styling
2025-06-12 23:42:07,828 - INFO - Found potential first place horse with background styling
2025-06-12 23:42:07,829 - INFO - Found potential first place horse with background styling
2025-06-12 23:42:07,829 - INFO - Found potential first place horse with background styling
2025-06-12 23:42:07,830 - INFO - Found potential first place horse with background styling
2025-06-12 23:42:07,830 - INFO - Found potential first place horse with background styling
2025-06-12 23:42:07,830 - INFO - Found potential first place horse with background styling
2025-06-12 23:42:07,831 - INFO - Found potential first place horse with background styling
2025-06-12 23:42:07,832 - INFO - Found potential first place horse with background styling
2025-06-12 23:42:07,832 - INFO - Found potential first place horse with background styling
2025-06-12 23:42:07,832 - INFO - Found potential first place horse with background styling
2025-06-12 23:42:07,832 - INFO - Found potential first place horse with background styling
2025-06-12 23:42:07,832 - INFO - Found potential first place horse with background styling
2025-06-12 23:42:07,832 - INFO - Found potential first place horse with background styling
2025-06-12 23:42:07,832 - INFO - Found 44 horse entries for https://www.racingtv.com/results/2023-01-30/punchestown/1247 using multiple detection methods
2025-06-12 23:42:07,832 - INFO - Processing sub block #1 for https://www.racingtv.com/results/2023-01-30/punchestown/1247
2025-06-12 23:42:07,832 - INFO - Found 3 <a> tags - Horse: Valhalla's Dream (IRE), Jockey: Sean Flanagan (claim: 0), Trainer: R. P. Burns
2025-06-12 23:42:07,837 - INFO - Position/Length - Found 2 children: Position: 22nd, Lost by: 46 l
2025-06-12 23:42:07,838 - INFO - Extracted: Valhalla's Dream (IRE) - Position: 22nd, Lost by: 46 l, Jockey: Sean Flanagan (claim: 0), Trainer: R. P. Burns, Age: 5, Weight: 11-12, Rating: -
2025-06-12 23:42:07,838 - INFO - Processing sub block #2 for https://www.racingtv.com/results/2023-01-30/punchestown/1247
2025-06-12 23:42:07,839 - INFO - Found 3 <a> tags - Horse: Fowler for Four (IRE), Jockey: C. Owens (claim: 7), Trainer: P. J. Rothwell
2025-06-12 23:42:07,839 - INFO - Position/Length - Found 2 children: Position: 21st, Lost by: 10 l
2025-06-12 23:42:07,840 - INFO - Extracted: Fowler for Four (IRE) - Position: 21st, Lost by: 10 l, Jockey: C. Owens (claim: 7), Trainer: P. J. Rothwell, Age: 5, Weight: 11-12, Rating: -
2025-06-12 23:42:07,840 - INFO - Processing sub block #3 for https://www.racingtv.com/results/2023-01-30/punchestown/1247
2025-06-12 23:42:07,841 - INFO - Found 3 <a> tags - Horse: Resilient Front (IRE), Jockey: B. J. Cooper (claim: 0), Trainer: Noel Meade
2025-06-12 23:42:07,842 - INFO - Position/Length - Found 2 children: Position: 20th, Lost by: 11 l
2025-06-12 23:42:07,842 - INFO - Extracted: Resilient Front (IRE) - Position: 20th, Lost by: 11 l, Jockey: B. J. Cooper (claim: 0), Trainer: Noel Meade, Age: 5, Weight: 11-12, Rating: -
2025-06-12 23:42:07,842 - INFO - Processing sub block #4 for https://www.racingtv.com/results/2023-01-30/punchestown/1247
2025-06-12 23:42:07,842 - INFO - Found 3 <a> tags - Horse: Dun Ar Aill (IRE), Jockey: D. J. O'Keeffe (claim: 0), Trainer: Paul O'Flynn
2025-06-12 23:42:07,842 - INFO - Position/Length - Found 2 children: Position: 19th, Lost by: 1/2 l
2025-06-12 23:42:07,842 - INFO - Extracted: Dun Ar Aill (IRE) - Position: 19th, Lost by: 1/2 l, Jockey: D. J. O'Keeffe (claim: 0), Trainer: Paul O'Flynn, Age: 6, Weight: 11-12, Rating: -
2025-06-12 23:42:07,842 - INFO - Processing sub block #5 for https://www.racingtv.com/results/2023-01-30/punchestown/1247
2025-06-12 23:42:07,842 - INFO - Found 3 <a> tags - Horse: Moral Of The Story, Jockey: A. M. McCurtin (claim: 3), Trainer: Johnny C. Hurley
2025-06-12 23:42:07,842 - INFO - Position/Length - Found 2 children: Position: 18th, Lost by: 1 3/4 l
2025-06-12 23:42:07,842 - INFO - Extracted: Moral Of The Story - Position: 18th, Lost by: 1 3/4 l, Jockey: A. M. McCurtin (claim: 3), Trainer: Johnny C. Hurley, Age: 8, Weight: 11-12, Rating: -
2025-06-12 23:42:07,842 - INFO - Processing sub block #6 for https://www.racingtv.com/results/2023-01-30/punchestown/1247
2025-06-12 23:42:07,842 - INFO - Found 3 <a> tags - Horse: Magnetic North (IRE), Jockey: C. P. McNamara (claim: 0), Trainer: Adrian McGuinness
2025-06-12 23:42:07,848 - INFO - Position/Length - Found 2 children: Position: 17th, Lost by: 16 l
2025-06-12 23:42:07,848 - INFO - Extracted: Magnetic North (IRE) - Position: 17th, Lost by: 16 l, Jockey: C. P. McNamara (claim: 0), Trainer: Adrian McGuinness, Age: 8, Weight: 11-12, Rating: -
2025-06-12 23:42:07,848 - INFO - Processing sub block #7 for https://www.racingtv.com/results/2023-01-30/punchestown/1247
2025-06-12 23:42:07,848 - INFO - Found 3 <a> tags - Horse: Cursory Exam, Jockey: S. F. O'Keeffe (claim: 0), Trainer: G. O'Leary
2025-06-12 23:42:07,849 - INFO - Position/Length - Found 2 children: Position: 16th, Lost by: 1 1/4 l
2025-06-12 23:42:07,849 - INFO - Extracted: Cursory Exam - Position: 16th, Lost by: 1 1/4 l, Jockey: S. F. O'Keeffe (claim: 0), Trainer: G. O'Leary, Age: 5, Weight: 11-12, Rating: -
2025-06-12 23:42:07,850 - INFO - Processing sub block #8 for https://www.racingtv.com/results/2023-01-30/punchestown/1247
2025-06-12 23:42:07,850 - INFO - Found 3 <a> tags - Horse: Glenmalure Flyer (IRE), Jockey: Rachael Blackmore (claim: 0), Trainer: Henry de Bromhead
2025-06-12 23:42:07,851 - INFO - Position/Length - Found 2 children: Position: 15th, Lost by: 1 l
2025-06-12 23:42:07,851 - INFO - Extracted: Glenmalure Flyer (IRE) - Position: 15th, Lost by: 1 l, Jockey: Rachael Blackmore (claim: 0), Trainer: Henry de Bromhead, Age: 5, Weight: 11-5, Rating: -
2025-06-12 23:42:07,851 - INFO - Processing sub block #9 for https://www.racingtv.com/results/2023-01-30/punchestown/1247
2025-06-12 23:42:07,852 - INFO - Found 3 <a> tags - Horse: Makingachamp (IRE), Jockey: E. Walsh (claim: 5), Trainer: Noel Meade
2025-06-12 23:42:07,853 - INFO - Position/Length - Found 2 children: Position: 14th, Lost by: 1 3/4 l
2025-06-12 23:42:07,853 - INFO - Extracted: Makingachamp (IRE) - Position: 14th, Lost by: 1 3/4 l, Jockey: E. Walsh (claim: 5), Trainer: Noel Meade, Age: 5, Weight: 11-12, Rating: -
2025-06-12 23:42:07,854 - INFO - Processing sub block #10 for https://www.racingtv.com/results/2023-01-30/punchestown/1247
2025-06-12 23:42:07,854 - INFO - Found 3 <a> tags - Horse: King's Commander (FR), Jockey: Shane Fenelon (claim: 7), Trainer: John Joseph Hanlon
2025-06-12 23:42:07,855 - INFO - Position/Length - Found 2 children: Position: 13th, Lost by: 4 l
2025-06-12 23:42:07,855 - INFO - Extracted: King's Commander (FR) - Position: 13th, Lost by: 4 l, Jockey: Shane Fenelon (claim: 7), Trainer: John Joseph Hanlon, Age: 5, Weight: 11-12, Rating: -
2025-06-12 23:42:07,856 - INFO - Processing sub block #11 for https://www.racingtv.com/results/2023-01-30/punchestown/1247
2025-06-12 23:42:07,856 - INFO - Found 3 <a> tags - Horse: Costanuci (IRE), Jockey: J. S. McGarvey (claim: 0), Trainer: John Queally
2025-06-12 23:42:07,857 - INFO - Position/Length - Found 2 children: Position: 12th, Lost by: 3/4 l
2025-06-12 23:42:07,857 - INFO - Extracted: Costanuci (IRE) - Position: 12th, Lost by: 3/4 l, Jockey: J. S. McGarvey (claim: 0), Trainer: John Queally, Age: 6, Weight: 11-5, Rating: -
2025-06-12 23:42:07,858 - INFO - Processing sub block #12 for https://www.racingtv.com/results/2023-01-30/punchestown/1247
2025-06-12 23:42:07,859 - INFO - Found 3 <a> tags - Horse: Stellify (IRE), Jockey: E. A. Fitzgerald (claim: 7), Trainer: Adrian McGuinness
2025-06-12 23:42:07,860 - INFO - Position/Length - Found 2 children: Position: 11th, Lost by: 1/2 l
2025-06-12 23:42:07,860 - INFO - Extracted: Stellify (IRE) - Position: 11th, Lost by: 1/2 l, Jockey: E. A. Fitzgerald (claim: 7), Trainer: Adrian McGuinness, Age: 6, Weight: 11-5, Rating: -
2025-06-12 23:42:07,860 - INFO - Processing sub block #13 for https://www.racingtv.com/results/2023-01-30/punchestown/1247
2025-06-12 23:42:07,861 - INFO - Found 3 <a> tags - Horse: Stellium (IRE), Jockey: D. E. Mullins (claim: 0), Trainer: M. C. Grassick
2025-06-12 23:42:07,862 - INFO - Position/Length - Found 2 children: Position: 10th, Lost by: 2 l
2025-06-12 23:42:07,862 - INFO - Extracted: Stellium (IRE) - Position: 10th, Lost by: 2 l, Jockey: D. E. Mullins (claim: 0), Trainer: M. C. Grassick, Age: 5, Weight: 11-12, Rating: -
2025-06-12 23:42:07,862 - INFO - Processing sub block #14 for https://www.racingtv.com/results/2023-01-30/punchestown/1247
2025-06-12 23:42:07,863 - INFO - Found 3 <a> tags - Horse: Privilege, Jockey: K. C. Sexton (claim: 0), Trainer: Peter Fahey
2025-06-12 23:42:07,864 - INFO - Position/Length - Found 2 children: Position: 9th, Lost by: 4 l
2025-06-12 23:42:07,864 - INFO - Extracted: Privilege - Position: 9th, Lost by: 4 l, Jockey: K. C. Sexton (claim: 0), Trainer: Peter Fahey, Age: 5, Weight: 11-12, Rating: -
2025-06-12 23:42:07,864 - INFO - Processing sub block #15 for https://www.racingtv.com/results/2023-01-30/punchestown/1247
2025-06-12 23:42:07,865 - INFO - Found 3 <a> tags - Horse: Itstimetomoveon (IRE), Jockey: S. D. Torrens (claim: 0), Trainer: Padraig Roche
2025-06-12 23:42:07,866 - INFO - Position/Length - Found 2 children: Position: 8th, Lost by: 8 l
2025-06-12 23:42:07,866 - INFO - Extracted: Itstimetomoveon (IRE) - Position: 8th, Lost by: 8 l, Jockey: S. D. Torrens (claim: 0), Trainer: Padraig Roche, Age: 6, Weight: 11-12, Rating: -
2025-06-12 23:42:07,866 - INFO - Processing sub block #16 for https://www.racingtv.com/results/2023-01-30/punchestown/1247
2025-06-12 23:42:07,867 - INFO - Found 3 <a> tags - Horse: Master Breffni (IRE), Jockey: Keith Donoghue (claim: 0), Trainer: J. T. R. Dreaper
2025-06-12 23:42:07,867 - INFO - Position/Length - Found 2 children: Position: 7th, Lost by: 4 3/4 l
2025-06-12 23:42:07,868 - INFO - Extracted: Master Breffni (IRE) - Position: 7th, Lost by: 4 3/4 l, Jockey: Keith Donoghue (claim: 0), Trainer: J. T. R. Dreaper, Age: 5, Weight: 11-12, Rating: -
2025-06-12 23:42:07,868 - INFO - Processing sub block #17 for https://www.racingtv.com/results/2023-01-30/punchestown/1247
2025-06-12 23:42:07,869 - INFO - Found 3 <a> tags - Horse: Tophill Low (IRE), Jockey: K. E. Buckley (claim: 5), Trainer: Mrs Lorna Fowler
2025-06-12 23:42:07,869 - INFO - Position/Length - Found 2 children: Position: 6th, Lost by: Head
2025-06-12 23:42:07,870 - INFO - Extracted: Tophill Low (IRE) - Position: 6th, Lost by: Head, Jockey: K. E. Buckley (claim: 5), Trainer: Mrs Lorna Fowler, Age: 6, Weight: 11-5, Rating: -
2025-06-12 23:42:07,870 - INFO - Processing sub block #18 for https://www.racingtv.com/results/2023-01-30/punchestown/1247
2025-06-12 23:42:07,870 - INFO - Found 3 <a> tags - Horse: Adamaris (IRE), Jockey: M. J. M. O'Sullivan (claim: 5), Trainer: G. O'Leary
2025-06-12 23:42:07,872 - INFO - Position/Length - Found 2 children: Position: 5th, Lost by: 5 1/2 l
2025-06-12 23:42:07,873 - INFO - Extracted: Adamaris (IRE) - Position: 5th, Lost by: 5 1/2 l, Jockey: M. J. M. O'Sullivan (claim: 5), Trainer: G. O'Leary, Age: 6, Weight: 11-12, Rating: -
2025-06-12 23:42:07,873 - INFO - Processing sub block #19 for https://www.racingtv.com/results/2023-01-30/punchestown/1247
2025-06-12 23:42:07,874 - INFO - Found 3 <a> tags - Horse: San Martino (IRE), Jockey: Sam Ewing (claim: 0), Trainer: Peter Fahey
2025-06-12 23:42:07,876 - INFO - Position/Length - Found 2 children: Position: 4th, Lost by: 3 3/4 l
2025-06-12 23:42:07,876 - INFO - Extracted: San Martino (IRE) - Position: 4th, Lost by: 3 3/4 l, Jockey: Sam Ewing (claim: 0), Trainer: Peter Fahey, Age: 5, Weight: 11-12, Rating: -
2025-06-12 23:42:07,877 - INFO - Processing sub block #20 for https://www.racingtv.com/results/2023-01-30/punchestown/1247
2025-06-12 23:42:07,877 - INFO - Found 3 <a> tags - Horse: Slanagaibhgoleir (IRE), Jockey: L. P. Dempsey (claim: 0), Trainer: Gordon Elliott
2025-06-12 23:42:07,879 - INFO - Position/Length - Found 2 children: Position: 3rd, Lost by: 4 1/2 l
2025-06-12 23:42:07,879 - INFO - Extracted: Slanagaibhgoleir (IRE) - Position: 3rd, Lost by: 4 1/2 l, Jockey: L. P. Dempsey (claim: 0), Trainer: Gordon Elliott, Age: 5, Weight: 11-12, Rating: -
2025-06-12 23:42:07,879 - INFO - Processing sub block #21 for https://www.racingtv.com/results/2023-01-30/punchestown/1247
2025-06-12 23:42:07,880 - INFO - Found 3 <a> tags - Horse: Mon Coeur (IRE), Jockey: Connor King (claim: 0), Trainer: Joseph G. Murphy
2025-06-12 23:42:07,881 - INFO - Position/Length - Found 2 children: Position: 2nd, Lost by: 23 l
2025-06-12 23:42:07,881 - INFO - Extracted: Mon Coeur (IRE) - Position: 2nd, Lost by: 23 l, Jockey: Connor King (claim: 0), Trainer: Joseph G. Murphy, Age: 7, Weight: 11-12, Rating: -
2025-06-12 23:42:07,882 - INFO - Processing sub block #22 for https://www.racingtv.com/results/2023-01-30/punchestown/1247
2025-06-12 23:42:07,883 - INFO - Found 3 <a> tags - Horse: Diverge, Jockey: P. Townend (claim: 0), Trainer: W. P. Mullins
2025-06-12 23:42:07,884 - INFO - Position/Length - Found 1 children: Position: 1st, Lost by: N/A
2025-06-12 23:42:07,885 - INFO - Confirmed winner: Diverge
2025-06-12 23:42:07,885 - INFO - Extracted: Diverge - Position: 1st, Lost by: N/A, Jockey: P. Townend (claim: 0), Trainer: W. P. Mullins, Age: 5, Weight: 11-12, Rating: -
2025-06-12 23:42:07,885 - INFO - Processing sub block #23 for https://www.racingtv.com/results/2023-01-30/punchestown/1247
2025-06-12 23:42:07,886 - INFO - Found 3 <a> tags - Horse: Valhalla's Dream (IRE), Jockey: Sean Flanagan (claim: 0), Trainer: R. P. Burns
2025-06-12 23:42:07,887 - INFO - Position/Length - Found 2 children: Position: 22nd, Lost by: 46 l
2025-06-12 23:42:07,887 - INFO - Extracted: Valhalla's Dream (IRE) - Position: 22nd, Lost by: 46 l, Jockey: Sean Flanagan (claim: 0), Trainer: R. P. Burns, Age: 5, Weight: 11-12, Rating: -
2025-06-12 23:42:07,888 - INFO - Processing sub block #24 for https://www.racingtv.com/results/2023-01-30/punchestown/1247
2025-06-12 23:42:07,889 - INFO - Found 3 <a> tags - Horse: Fowler for Four (IRE), Jockey: C. Owens (claim: 7), Trainer: P. J. Rothwell
2025-06-12 23:42:07,890 - INFO - Position/Length - Found 2 children: Position: 21st, Lost by: 10 l
2025-06-12 23:42:07,890 - INFO - Extracted: Fowler for Four (IRE) - Position: 21st, Lost by: 10 l, Jockey: C. Owens (claim: 7), Trainer: P. J. Rothwell, Age: 5, Weight: 11-12, Rating: -
2025-06-12 23:42:07,891 - INFO - Processing sub block #25 for https://www.racingtv.com/results/2023-01-30/punchestown/1247
2025-06-12 23:42:07,891 - INFO - Found 3 <a> tags - Horse: Resilient Front (IRE), Jockey: B. J. Cooper (claim: 0), Trainer: Noel Meade
2025-06-12 23:42:07,892 - INFO - Position/Length - Found 2 children: Position: 20th, Lost by: 11 l
2025-06-12 23:42:07,893 - INFO - Extracted: Resilient Front (IRE) - Position: 20th, Lost by: 11 l, Jockey: B. J. Cooper (claim: 0), Trainer: Noel Meade, Age: 5, Weight: 11-12, Rating: -
2025-06-12 23:42:07,893 - INFO - Processing sub block #26 for https://www.racingtv.com/results/2023-01-30/punchestown/1247
2025-06-12 23:42:07,893 - INFO - Found 3 <a> tags - Horse: Dun Ar Aill (IRE), Jockey: D. J. O'Keeffe (claim: 0), Trainer: Paul O'Flynn
2025-06-12 23:42:07,894 - INFO - Position/Length - Found 2 children: Position: 19th, Lost by: 1/2 l
2025-06-12 23:42:07,894 - INFO - Extracted: Dun Ar Aill (IRE) - Position: 19th, Lost by: 1/2 l, Jockey: D. J. O'Keeffe (claim: 0), Trainer: Paul O'Flynn, Age: 6, Weight: 11-12, Rating: -
2025-06-12 23:42:07,895 - INFO - Processing sub block #27 for https://www.racingtv.com/results/2023-01-30/punchestown/1247
2025-06-12 23:42:07,895 - INFO - Found 3 <a> tags - Horse: Moral Of The Story, Jockey: A. M. McCurtin (claim: 3), Trainer: Johnny C. Hurley
2025-06-12 23:42:07,896 - INFO - Position/Length - Found 2 children: Position: 18th, Lost by: 1 3/4 l
2025-06-12 23:42:07,896 - INFO - Extracted: Moral Of The Story - Position: 18th, Lost by: 1 3/4 l, Jockey: A. M. McCurtin (claim: 3), Trainer: Johnny C. Hurley, Age: 8, Weight: 11-12, Rating: -
2025-06-12 23:42:07,896 - INFO - Processing sub block #28 for https://www.racingtv.com/results/2023-01-30/punchestown/1247
2025-06-12 23:42:07,897 - INFO - Found 3 <a> tags - Horse: Magnetic North (IRE), Jockey: C. P. McNamara (claim: 0), Trainer: Adrian McGuinness
2025-06-12 23:42:07,897 - INFO - Position/Length - Found 2 children: Position: 17th, Lost by: 16 l
2025-06-12 23:42:07,897 - INFO - Extracted: Magnetic North (IRE) - Position: 17th, Lost by: 16 l, Jockey: C. P. McNamara (claim: 0), Trainer: Adrian McGuinness, Age: 8, Weight: 11-12, Rating: -
2025-06-12 23:42:07,898 - INFO - Processing sub block #29 for https://www.racingtv.com/results/2023-01-30/punchestown/1247
2025-06-12 23:42:07,898 - INFO - Found 3 <a> tags - Horse: Cursory Exam, Jockey: S. F. O'Keeffe (claim: 0), Trainer: G. O'Leary
2025-06-12 23:42:07,899 - INFO - Position/Length - Found 2 children: Position: 16th, Lost by: 1 1/4 l
2025-06-12 23:42:07,899 - INFO - Extracted: Cursory Exam - Position: 16th, Lost by: 1 1/4 l, Jockey: S. F. O'Keeffe (claim: 0), Trainer: G. O'Leary, Age: 5, Weight: 11-12, Rating: -
2025-06-12 23:42:07,899 - INFO - Processing sub block #30 for https://www.racingtv.com/results/2023-01-30/punchestown/1247
2025-06-12 23:42:07,899 - INFO - Found 3 <a> tags - Horse: Glenmalure Flyer (IRE), Jockey: Rachael Blackmore (claim: 0), Trainer: Henry de Bromhead
2025-06-12 23:42:07,900 - INFO - Position/Length - Found 2 children: Position: 15th, Lost by: 1 l
2025-06-12 23:42:07,900 - INFO - Extracted: Glenmalure Flyer (IRE) - Position: 15th, Lost by: 1 l, Jockey: Rachael Blackmore (claim: 0), Trainer: Henry de Bromhead, Age: 5, Weight: 11-5, Rating: -
2025-06-12 23:42:07,900 - INFO - Processing sub block #31 for https://www.racingtv.com/results/2023-01-30/punchestown/1247
2025-06-12 23:42:07,901 - INFO - Found 3 <a> tags - Horse: Makingachamp (IRE), Jockey: E. Walsh (claim: 5), Trainer: Noel Meade
2025-06-12 23:42:07,901 - INFO - Position/Length - Found 2 children: Position: 14th, Lost by: 1 3/4 l
2025-06-12 23:42:07,902 - INFO - Extracted: Makingachamp (IRE) - Position: 14th, Lost by: 1 3/4 l, Jockey: E. Walsh (claim: 5), Trainer: Noel Meade, Age: 5, Weight: 11-12, Rating: -
2025-06-12 23:42:07,902 - INFO - Processing sub block #32 for https://www.racingtv.com/results/2023-01-30/punchestown/1247
2025-06-12 23:42:07,902 - INFO - Found 3 <a> tags - Horse: King's Commander (FR), Jockey: Shane Fenelon (claim: 7), Trainer: John Joseph Hanlon
2025-06-12 23:42:07,903 - INFO - Position/Length - Found 2 children: Position: 13th, Lost by: 4 l
2025-06-12 23:42:07,903 - INFO - Extracted: King's Commander (FR) - Position: 13th, Lost by: 4 l, Jockey: Shane Fenelon (claim: 7), Trainer: John Joseph Hanlon, Age: 5, Weight: 11-12, Rating: -
2025-06-12 23:42:07,903 - INFO - Processing sub block #33 for https://www.racingtv.com/results/2023-01-30/punchestown/1247
2025-06-12 23:42:07,904 - INFO - Found 3 <a> tags - Horse: Costanuci (IRE), Jockey: J. S. McGarvey (claim: 0), Trainer: John Queally
2025-06-12 23:42:07,905 - INFO - Position/Length - Found 2 children: Position: 12th, Lost by: 3/4 l
2025-06-12 23:42:07,905 - INFO - Extracted: Costanuci (IRE) - Position: 12th, Lost by: 3/4 l, Jockey: J. S. McGarvey (claim: 0), Trainer: John Queally, Age: 6, Weight: 11-5, Rating: -
2025-06-12 23:42:07,905 - INFO - Processing sub block #34 for https://www.racingtv.com/results/2023-01-30/punchestown/1247
2025-06-12 23:42:07,906 - INFO - Found 3 <a> tags - Horse: Stellify (IRE), Jockey: E. A. Fitzgerald (claim: 7), Trainer: Adrian McGuinness
2025-06-12 23:42:07,907 - INFO - Position/Length - Found 2 children: Position: 11th, Lost by: 1/2 l
2025-06-12 23:42:07,907 - INFO - Extracted: Stellify (IRE) - Position: 11th, Lost by: 1/2 l, Jockey: E. A. Fitzgerald (claim: 7), Trainer: Adrian McGuinness, Age: 6, Weight: 11-5, Rating: -
2025-06-12 23:42:07,907 - INFO - Processing sub block #35 for https://www.racingtv.com/results/2023-01-30/punchestown/1247
2025-06-12 23:42:07,908 - INFO - Found 3 <a> tags - Horse: Stellium (IRE), Jockey: D. E. Mullins (claim: 0), Trainer: M. C. Grassick
2025-06-12 23:42:07,909 - INFO - Position/Length - Found 2 children: Position: 10th, Lost by: 2 l
2025-06-12 23:42:07,909 - INFO - Extracted: Stellium (IRE) - Position: 10th, Lost by: 2 l, Jockey: D. E. Mullins (claim: 0), Trainer: M. C. Grassick, Age: 5, Weight: 11-12, Rating: -
2025-06-12 23:42:07,909 - INFO - Processing sub block #36 for https://www.racingtv.com/results/2023-01-30/punchestown/1247
2025-06-12 23:42:07,909 - INFO - Found 3 <a> tags - Horse: Privilege, Jockey: K. C. Sexton (claim: 0), Trainer: Peter Fahey
2025-06-12 23:42:07,910 - INFO - Position/Length - Found 2 children: Position: 9th, Lost by: 4 l
2025-06-12 23:42:07,910 - INFO - Extracted: Privilege - Position: 9th, Lost by: 4 l, Jockey: K. C. Sexton (claim: 0), Trainer: Peter Fahey, Age: 5, Weight: 11-12, Rating: -
2025-06-12 23:42:07,910 - INFO - Processing sub block #37 for https://www.racingtv.com/results/2023-01-30/punchestown/1247
2025-06-12 23:42:07,911 - INFO - Found 3 <a> tags - Horse: Itstimetomoveon (IRE), Jockey: S. D. Torrens (claim: 0), Trainer: Padraig Roche
2025-06-12 23:42:07,911 - INFO - Position/Length - Found 2 children: Position: 8th, Lost by: 8 l
2025-06-12 23:42:07,912 - INFO - Extracted: Itstimetomoveon (IRE) - Position: 8th, Lost by: 8 l, Jockey: S. D. Torrens (claim: 0), Trainer: Padraig Roche, Age: 6, Weight: 11-12, Rating: -
2025-06-12 23:42:07,912 - INFO - Processing sub block #38 for https://www.racingtv.com/results/2023-01-30/punchestown/1247
2025-06-12 23:42:07,912 - INFO - Found 3 <a> tags - Horse: Master Breffni (IRE), Jockey: Keith Donoghue (claim: 0), Trainer: J. T. R. Dreaper
2025-06-12 23:42:07,913 - INFO - Position/Length - Found 2 children: Position: 7th, Lost by: 4 3/4 l
2025-06-12 23:42:07,913 - INFO - Extracted: Master Breffni (IRE) - Position: 7th, Lost by: 4 3/4 l, Jockey: Keith Donoghue (claim: 0), Trainer: J. T. R. Dreaper, Age: 5, Weight: 11-12, Rating: -
2025-06-12 23:42:07,913 - INFO - Processing sub block #39 for https://www.racingtv.com/results/2023-01-30/punchestown/1247
2025-06-12 23:42:07,914 - INFO - Found 3 <a> tags - Horse: Tophill Low (IRE), Jockey: K. E. Buckley (claim: 5), Trainer: Mrs Lorna Fowler
2025-06-12 23:42:07,915 - INFO - Position/Length - Found 2 children: Position: 6th, Lost by: Head
2025-06-12 23:42:07,915 - INFO - Extracted: Tophill Low (IRE) - Position: 6th, Lost by: Head, Jockey: K. E. Buckley (claim: 5), Trainer: Mrs Lorna Fowler, Age: 6, Weight: 11-5, Rating: -
2025-06-12 23:42:07,915 - INFO - Processing sub block #40 for https://www.racingtv.com/results/2023-01-30/punchestown/1247
2025-06-12 23:42:07,915 - INFO - Found 3 <a> tags - Horse: Adamaris (IRE), Jockey: M. J. M. O'Sullivan (claim: 5), Trainer: G. O'Leary
2025-06-12 23:42:07,916 - INFO - Position/Length - Found 2 children: Position: 5th, Lost by: 5 1/2 l
2025-06-12 23:42:07,916 - INFO - Extracted: Adamaris (IRE) - Position: 5th, Lost by: 5 1/2 l, Jockey: M. J. M. O'Sullivan (claim: 5), Trainer: G. O'Leary, Age: 6, Weight: 11-12, Rating: -
2025-06-12 23:42:07,916 - INFO - Processing sub block #41 for https://www.racingtv.com/results/2023-01-30/punchestown/1247
2025-06-12 23:42:07,917 - INFO - Found 3 <a> tags - Horse: San Martino (IRE), Jockey: Sam Ewing (claim: 0), Trainer: Peter Fahey
2025-06-12 23:42:07,918 - INFO - Position/Length - Found 2 children: Position: 4th, Lost by: 3 3/4 l
2025-06-12 23:42:07,918 - INFO - Extracted: San Martino (IRE) - Position: 4th, Lost by: 3 3/4 l, Jockey: Sam Ewing (claim: 0), Trainer: Peter Fahey, Age: 5, Weight: 11-12, Rating: -
2025-06-12 23:42:07,918 - INFO - Processing sub block #42 for https://www.racingtv.com/results/2023-01-30/punchestown/1247
2025-06-12 23:42:07,918 - INFO - Found 3 <a> tags - Horse: Slanagaibhgoleir (IRE), Jockey: L. P. Dempsey (claim: 0), Trainer: Gordon Elliott
2025-06-12 23:42:07,919 - INFO - Position/Length - Found 2 children: Position: 3rd, Lost by: 4 1/2 l
2025-06-12 23:42:07,919 - INFO - Extracted: Slanagaibhgoleir (IRE) - Position: 3rd, Lost by: 4 1/2 l, Jockey: L. P. Dempsey (claim: 0), Trainer: Gordon Elliott, Age: 5, Weight: 11-12, Rating: -
2025-06-12 23:42:07,919 - INFO - Processing sub block #43 for https://www.racingtv.com/results/2023-01-30/punchestown/1247
2025-06-12 23:42:07,920 - INFO - Found 3 <a> tags - Horse: Mon Coeur (IRE), Jockey: Connor King (claim: 0), Trainer: Joseph G. Murphy
2025-06-12 23:42:07,921 - INFO - Position/Length - Found 2 children: Position: 2nd, Lost by: 23 l
2025-06-12 23:42:07,921 - INFO - Extracted: Mon Coeur (IRE) - Position: 2nd, Lost by: 23 l, Jockey: Connor King (claim: 0), Trainer: Joseph G. Murphy, Age: 7, Weight: 11-12, Rating: -
2025-06-12 23:42:07,922 - INFO - Processing sub block #44 for https://www.racingtv.com/results/2023-01-30/punchestown/1247
2025-06-12 23:42:07,922 - INFO - Found 3 <a> tags - Horse: Diverge, Jockey: P. Townend (claim: 0), Trainer: W. P. Mullins
2025-06-12 23:42:07,923 - INFO - Position/Length - Found 1 children: Position: 1st, Lost by: N/A
2025-06-12 23:42:07,923 - INFO - Extracted: Diverge - Position: 1st, Lost by: N/A, Jockey: P. Townend (claim: 0), Trainer: W. P. Mullins, Age: 5, Weight: 11-12, Rating: -
2025-06-12 23:42:07,923 - INFO - Successfully extracted 44/44 horse records from https://www.racingtv.com/results/2023-01-30/punchestown/1247
2025-06-12 23:42:07,923 - INFO - :) First place horse found successfully
2025-06-12 23:42:07,924 - INFO - :) First place horse found successfully
2025-06-12 23:42:07,924 - INFO - :) First place horse found successfully
2025-06-12 23:42:07,924 - INFO - :) First place horse found successfully
2025-06-12 23:42:07,924 - INFO - :) First place horse found successfully
2025-06-12 23:42:07,925 - INFO - :) First place horse found successfully
2025-06-12 23:42:07,925 - INFO - :) First place horse found successfully
2025-06-12 23:42:07,925 - INFO - :) First place horse found successfully
2025-06-12 23:42:07,925 - INFO - :) First place horse found successfully
2025-06-12 23:42:07,925 - INFO - :) First place horse found successfully
2025-06-12 23:42:07,926 - INFO - :) First place horse found successfully
2025-06-12 23:42:07,926 - INFO - :) First place horse found successfully
2025-06-12 23:42:07,926 - INFO - :) First place horse found successfully
2025-06-12 23:42:07,926 - INFO - :) First place horse found successfully
2025-06-12 23:42:07,926 - INFO - :) First place horse found successfully
2025-06-12 23:42:07,926 - INFO - :) First place horse found successfully
2025-06-12 23:42:07,927 - INFO - :) First place horse found successfully
2025-06-12 23:42:07,927 - INFO - :) First place horse found successfully
2025-06-12 23:42:07,927 - INFO - :) First place horse found successfully
2025-06-12 23:42:07,927 - INFO - :) First place horse found successfully
2025-06-12 23:42:07,927 - INFO - :) First place horse found successfully
2025-06-12 23:42:07,927 - INFO - :) First place horse found successfully
2025-06-12 23:42:07,928 - INFO - :) First place horse found successfully
2025-06-12 23:42:07,928 - INFO - :) First place horse found successfully
2025-06-12 23:42:07,928 - INFO - :) First place horse found successfully
2025-06-12 23:42:07,928 - INFO - :) First place horse found successfully
2025-06-12 23:42:07,928 - INFO - :) First place horse found successfully
2025-06-12 23:42:07,928 - INFO - :) First place horse found successfully
2025-06-12 23:42:07,929 - INFO - :) First place horse found successfully
2025-06-12 23:42:07,929 - INFO - :) First place horse found successfully
2025-06-12 23:42:07,929 - INFO - :) First place horse found successfully
2025-06-12 23:42:07,929 - INFO - :) First place horse found successfully
2025-06-12 23:42:07,929 - INFO - :) First place horse found successfully
2025-06-12 23:42:07,929 - INFO - :) First place horse found successfully
2025-06-12 23:42:07,930 - INFO - :) First place horse found successfully
2025-06-12 23:42:07,930 - INFO - :) First place horse found successfully
2025-06-12 23:42:07,930 - INFO - :) First place horse found successfully
2025-06-12 23:42:07,930 - INFO - :) First place horse found successfully
2025-06-12 23:42:07,930 - INFO - :) First place horse found successfully
2025-06-12 23:42:07,931 - INFO - :) First place horse found successfully
2025-06-12 23:42:07,931 - INFO - :) First place horse found successfully
2025-06-12 23:42:07,931 - INFO - :) First place horse found successfully
2025-06-12 23:42:07,931 - INFO - :) First place horse found successfully
2025-06-12 23:42:07,931 - INFO - :) First place horse found successfully
2025-06-12 23:42:07,931 - INFO - :) First place horse found successfully
2025-06-12 23:42:07,932 - INFO - Successfully parsed 44 horse records from: https://www.racingtv.com/results/2023-01-30/punchestown/1247
2025-06-12 23:42:07,932 - INFO - Waiting 2 seconds before next request...
2025-06-12 23:42:09,933 - INFO - Batch 40 - URL 20/50: https://www.racingtv.com/results/2023-01-30/punchestown/1322
2025-06-12 23:42:09,933 - INFO - Loading page with Selenium: https://www.racingtv.com/results/2023-01-30/punchestown/1322
2025-06-12 23:42:15,165 - INFO - Racing main block detected for: https://www.racingtv.com/results/2023-01-30/punchestown/1322
2025-06-12 23:42:15,194 - INFO - Successfully loaded page: https://www.racingtv.com/results/2023-01-30/punchestown/1322
2025-06-12 23:42:15,332 - INFO - Extracted race info - Track: N/A, Date: N/A, Time: 13:22
2025-06-12 23:42:15,333 - INFO - Found 2nd h3 tag: Soft  4YO only 2m Winner: €11,500 (9 runners)
2025-06-12 23:42:15,333 - INFO - Extracted - Going: Soft, Distance: 2m
2025-06-12 23:42:15,334 - INFO - Extracting racing data from: https://www.racingtv.com/results/2023-01-30/punchestown/1322
2025-06-12 23:42:15,349 - INFO - Processing main block #1 for https://www.racingtv.com/results/2023-01-30/punchestown/1322
2025-06-12 23:42:15,356 - INFO - Checking 2nd child of main block for first place horse...
2025-06-12 23:42:15,361 - INFO - Found alternative horse block structure with 3 links
2025-06-12 23:42:15,361 - INFO - Found alternative horse block structure with 3 links
2025-06-12 23:42:15,361 - INFO - Found alternative horse block structure with 3 links
2025-06-12 23:42:15,362 - INFO - Found alternative horse block structure with 3 links
2025-06-12 23:42:15,362 - INFO - Found alternative horse block structure with 3 links
2025-06-12 23:42:15,362 - INFO - Found alternative horse block structure with 3 links
2025-06-12 23:42:15,363 - INFO - Found alternative horse block structure with 3 links
2025-06-12 23:42:15,363 - INFO - Found alternative horse block structure with 3 links
2025-06-12 23:42:15,363 - INFO - Found alternative horse block structure with 3 links
2025-06-12 23:42:15,381 - INFO - Found likely first place horse via structure analysis: Theonewedreamof (IRE)
2025-06-12 23:42:15,383 - INFO - Found potential first place horse with background styling
2025-06-12 23:42:15,383 - INFO - Found potential first place horse with background styling
2025-06-12 23:42:15,384 - INFO - Found potential first place horse with background styling
2025-06-12 23:42:15,384 - INFO - Found potential first place horse with background styling
2025-06-12 23:42:15,385 - INFO - Found potential first place horse with background styling
2025-06-12 23:42:15,385 - INFO - Found potential first place horse with background styling
2025-06-12 23:42:15,385 - INFO - Found potential first place horse with background styling
2025-06-12 23:42:15,386 - INFO - Found potential first place horse with background styling
2025-06-12 23:42:15,386 - INFO - Found 18 horse entries for https://www.racingtv.com/results/2023-01-30/punchestown/1322 using multiple detection methods
2025-06-12 23:42:15,386 - INFO - Processing sub block #1 for https://www.racingtv.com/results/2023-01-30/punchestown/1322
2025-06-12 23:42:15,387 - INFO - Found 3 <a> tags - Horse: Pepsiwithacap (IRE), Jockey: Sean Flanagan (claim: 0), Trainer: Gavin Patrick Cromwell
2025-06-12 23:42:15,388 - INFO - Position/Length - Found 2 children: Position: 9th, Lost by: 13 l
2025-06-12 23:42:15,388 - INFO - Extracted: Pepsiwithacap (IRE) - Position: 9th, Lost by: 13 l, Jockey: Sean Flanagan (claim: 0), Trainer: Gavin Patrick Cromwell, Age: 4, Weight: 10-7p, Rating: 97
2025-06-12 23:42:15,388 - INFO - Processing sub block #2 for https://www.racingtv.com/results/2023-01-30/punchestown/1322
2025-06-12 23:42:15,389 - INFO - Found 3 <a> tags - Horse: Sundial (IRE), Jockey: S. D. Torrens (claim: 0), Trainer: Padraig Roche
2025-06-12 23:42:15,390 - INFO - Position/Length - Found 2 children: Position: 8th, Lost by: 1 l
2025-06-12 23:42:15,390 - INFO - Extracted: Sundial (IRE) - Position: 8th, Lost by: 1 l, Jockey: S. D. Torrens (claim: 0), Trainer: Padraig Roche, Age: 4, Weight: 12-0, Rating: 118
2025-06-12 23:42:15,390 - INFO - Processing sub block #3 for https://www.racingtv.com/results/2023-01-30/punchestown/1322
2025-06-12 23:42:15,391 - INFO - Found 3 <a> tags - Horse: Adhuil (IRE), Jockey: J. P. Shinnick (claim: 7), Trainer: Aidan Anthony Howard
2025-06-12 23:42:15,392 - INFO - Position/Length - Found 2 children: Position: 7th, Lost by: 3 1/4 l
2025-06-12 23:42:15,392 - INFO - Extracted: Adhuil (IRE) - Position: 7th, Lost by: 3 1/4 l, Jockey: J. P. Shinnick (claim: 7), Trainer: Aidan Anthony Howard, Age: 4, Weight: 10-0, Rating: 90
2025-06-12 23:42:15,392 - INFO - Processing sub block #4 for https://www.racingtv.com/results/2023-01-30/punchestown/1322
2025-06-12 23:42:15,392 - INFO - Found 3 <a> tags - Horse: Puntastic (IRE), Jockey: S. F. O'Keeffe (claim: 0), Trainer: Paul Nolan
2025-06-12 23:42:15,393 - INFO - Position/Length - Found 2 children: Position: 6th, Lost by: Neck
2025-06-12 23:42:15,393 - INFO - Extracted: Puntastic (IRE) - Position: 6th, Lost by: Neck, Jockey: S. F. O'Keeffe (claim: 0), Trainer: Paul Nolan, Age: 4, Weight: 11-0, Rating: 104
2025-06-12 23:42:15,394 - INFO - Processing sub block #5 for https://www.racingtv.com/results/2023-01-30/punchestown/1322
2025-06-12 23:42:15,394 - INFO - Found 3 <a> tags - Horse: Mr Globalist (IRE), Jockey: Patrick O'Hanlon (claim: 5), Trainer: P. J. Rothwell
2025-06-12 23:42:15,395 - INFO - Position/Length - Found 2 children: Position: 5th, Lost by: 3/4 l
2025-06-12 23:42:15,395 - INFO - Extracted: Mr Globalist (IRE) - Position: 5th, Lost by: 3/4 l, Jockey: Patrick O'Hanlon (claim: 5), Trainer: P. J. Rothwell, Age: 4, Weight: 10-5, Rating: 95
2025-06-12 23:42:15,396 - INFO - Processing sub block #6 for https://www.racingtv.com/results/2023-01-30/punchestown/1322
2025-06-12 23:42:15,396 - INFO - Found 3 <a> tags - Horse: Action Motion (IRE), Jockey: D. King (claim: 5), Trainer: Denis Hogan
2025-06-12 23:42:15,397 - INFO - Position/Length - Found 2 children: Position: 4th, Lost by: 1/2 l
2025-06-12 23:42:15,397 - INFO - Extracted: Action Motion (IRE) - Position: 4th, Lost by: 1/2 l, Jockey: D. King (claim: 5), Trainer: Denis Hogan, Age: 4, Weight: 12-0, Rating: 118
2025-06-12 23:42:15,397 - INFO - Processing sub block #7 for https://www.racingtv.com/results/2023-01-30/punchestown/1322
2025-06-12 23:42:15,398 - INFO - Found 3 <a> tags - Horse: Snapius (IRE), Jockey: Gavin Peter Brouder (claim: 5), Trainer: James A. Nash
2025-06-12 23:42:15,399 - INFO - Position/Length - Found 2 children: Position: 3rd, Lost by: 3 l
2025-06-12 23:42:15,399 - INFO - Extracted: Snapius (IRE) - Position: 3rd, Lost by: 3 l, Jockey: Gavin Peter Brouder (claim: 5), Trainer: James A. Nash, Age: 4, Weight: 11-5, Rating: 109
2025-06-12 23:42:15,399 - INFO - Processing sub block #8 for https://www.racingtv.com/results/2023-01-30/punchestown/1322
2025-06-12 23:42:15,400 - INFO - Found 3 <a> tags - Horse: Ludus, Jockey: Davy Russell (claim: 0), Trainer: Gordon Elliott
2025-06-12 23:42:15,400 - INFO - Position/Length - Found 2 children: Position: 2nd, Lost by: 2 1/2 l
2025-06-12 23:42:15,401 - INFO - Extracted: Ludus - Position: 2nd, Lost by: 2 1/2 l, Jockey: Davy Russell (claim: 0), Trainer: Gordon Elliott, Age: 4, Weight: 11-5, Rating: 109
2025-06-12 23:42:15,401 - INFO - Processing sub block #9 for https://www.racingtv.com/results/2023-01-30/punchestown/1322
2025-06-12 23:42:15,402 - INFO - Found 3 <a> tags - Horse: Theonewedreamof (IRE), Jockey: L. P. Dempsey (claim: 0), Trainer: Gavin Patrick Cromwell
2025-06-12 23:42:15,403 - INFO - Position/Length - Found 1 children: Position: 1st, Lost by: N/A
2025-06-12 23:42:15,403 - INFO - Confirmed winner: Theonewedreamof (IRE)
2025-06-12 23:42:15,403 - INFO - Extracted: Theonewedreamof (IRE) - Position: 1st, Lost by: N/A, Jockey: L. P. Dempsey (claim: 0), Trainer: Gavin Patrick Cromwell, Age: 4, Weight: 10-2, Rating: 92
2025-06-12 23:42:15,403 - INFO - Processing sub block #10 for https://www.racingtv.com/results/2023-01-30/punchestown/1322
2025-06-12 23:42:15,404 - INFO - Found 3 <a> tags - Horse: Pepsiwithacap (IRE), Jockey: Sean Flanagan (claim: 0), Trainer: Gavin Patrick Cromwell
2025-06-12 23:42:15,405 - INFO - Position/Length - Found 2 children: Position: 9th, Lost by: 13 l
2025-06-12 23:42:15,405 - INFO - Extracted: Pepsiwithacap (IRE) - Position: 9th, Lost by: 13 l, Jockey: Sean Flanagan (claim: 0), Trainer: Gavin Patrick Cromwell, Age: 4, Weight: 10-7p, Rating: 97
2025-06-12 23:42:15,405 - INFO - Processing sub block #11 for https://www.racingtv.com/results/2023-01-30/punchestown/1322
2025-06-12 23:42:15,406 - INFO - Found 3 <a> tags - Horse: Sundial (IRE), Jockey: S. D. Torrens (claim: 0), Trainer: Padraig Roche
2025-06-12 23:42:15,406 - INFO - Position/Length - Found 2 children: Position: 8th, Lost by: 1 l
2025-06-12 23:42:15,406 - INFO - Extracted: Sundial (IRE) - Position: 8th, Lost by: 1 l, Jockey: S. D. Torrens (claim: 0), Trainer: Padraig Roche, Age: 4, Weight: 12-0, Rating: 118
2025-06-12 23:42:15,407 - INFO - Processing sub block #12 for https://www.racingtv.com/results/2023-01-30/punchestown/1322
2025-06-12 23:42:15,407 - INFO - Found 3 <a> tags - Horse: Adhuil (IRE), Jockey: J. P. Shinnick (claim: 7), Trainer: Aidan Anthony Howard
2025-06-12 23:42:15,408 - INFO - Position/Length - Found 2 children: Position: 7th, Lost by: 3 1/4 l
2025-06-12 23:42:15,409 - INFO - Extracted: Adhuil (IRE) - Position: 7th, Lost by: 3 1/4 l, Jockey: J. P. Shinnick (claim: 7), Trainer: Aidan Anthony Howard, Age: 4, Weight: 10-0, Rating: 90
2025-06-12 23:42:15,409 - INFO - Processing sub block #13 for https://www.racingtv.com/results/2023-01-30/punchestown/1322
2025-06-12 23:42:15,409 - INFO - Found 3 <a> tags - Horse: Puntastic (IRE), Jockey: S. F. O'Keeffe (claim: 0), Trainer: Paul Nolan
2025-06-12 23:42:15,410 - INFO - Position/Length - Found 2 children: Position: 6th, Lost by: Neck
2025-06-12 23:42:15,410 - INFO - Extracted: Puntastic (IRE) - Position: 6th, Lost by: Neck, Jockey: S. F. O'Keeffe (claim: 0), Trainer: Paul Nolan, Age: 4, Weight: 11-0, Rating: 104
2025-06-12 23:42:15,410 - INFO - Processing sub block #14 for https://www.racingtv.com/results/2023-01-30/punchestown/1322
2025-06-12 23:42:15,411 - INFO - Found 3 <a> tags - Horse: Mr Globalist (IRE), Jockey: Patrick O'Hanlon (claim: 5), Trainer: P. J. Rothwell
2025-06-12 23:42:15,411 - INFO - Position/Length - Found 2 children: Position: 5th, Lost by: 3/4 l
2025-06-12 23:42:15,412 - INFO - Extracted: Mr Globalist (IRE) - Position: 5th, Lost by: 3/4 l, Jockey: Patrick O'Hanlon (claim: 5), Trainer: P. J. Rothwell, Age: 4, Weight: 10-5, Rating: 95
2025-06-12 23:42:15,412 - INFO - Processing sub block #15 for https://www.racingtv.com/results/2023-01-30/punchestown/1322
2025-06-12 23:42:15,412 - INFO - Found 3 <a> tags - Horse: Action Motion (IRE), Jockey: D. King (claim: 5), Trainer: Denis Hogan
2025-06-12 23:42:15,413 - INFO - Position/Length - Found 2 children: Position: 4th, Lost by: 1/2 l
2025-06-12 23:42:15,414 - INFO - Extracted: Action Motion (IRE) - Position: 4th, Lost by: 1/2 l, Jockey: D. King (claim: 5), Trainer: Denis Hogan, Age: 4, Weight: 12-0, Rating: 118
2025-06-12 23:42:15,414 - INFO - Processing sub block #16 for https://www.racingtv.com/results/2023-01-30/punchestown/1322
2025-06-12 23:42:15,414 - INFO - Found 3 <a> tags - Horse: Snapius (IRE), Jockey: Gavin Peter Brouder (claim: 5), Trainer: James A. Nash
2025-06-12 23:42:15,414 - INFO - Position/Length - Found 2 children: Position: 3rd, Lost by: 3 l
2025-06-12 23:42:15,414 - INFO - Extracted: Snapius (IRE) - Position: 3rd, Lost by: 3 l, Jockey: Gavin Peter Brouder (claim: 5), Trainer: James A. Nash, Age: 4, Weight: 11-5, Rating: 109
2025-06-12 23:42:15,414 - INFO - Processing sub block #17 for https://www.racingtv.com/results/2023-01-30/punchestown/1322
2025-06-12 23:42:15,416 - INFO - Found 3 <a> tags - Horse: Ludus, Jockey: Davy Russell (claim: 0), Trainer: Gordon Elliott
2025-06-12 23:42:15,417 - INFO - Position/Length - Found 2 children: Position: 2nd, Lost by: 2 1/2 l
2025-06-12 23:42:15,417 - INFO - Extracted: Ludus - Position: 2nd, Lost by: 2 1/2 l, Jockey: Davy Russell (claim: 0), Trainer: Gordon Elliott, Age: 4, Weight: 11-5, Rating: 109
2025-06-12 23:42:15,417 - INFO - Processing sub block #18 for https://www.racingtv.com/results/2023-01-30/punchestown/1322
2025-06-12 23:42:15,418 - INFO - Found 3 <a> tags - Horse: Theonewedreamof (IRE), Jockey: L. P. Dempsey (claim: 0), Trainer: Gavin Patrick Cromwell
2025-06-12 23:42:15,419 - INFO - Position/Length - Found 1 children: Position: 1st, Lost by: N/A
2025-06-12 23:42:15,419 - INFO - Extracted: Theonewedreamof (IRE) - Position: 1st, Lost by: N/A, Jockey: L. P. Dempsey (claim: 0), Trainer: Gavin Patrick Cromwell, Age: 4, Weight: 10-2, Rating: 92
2025-06-12 23:42:15,419 - INFO - Successfully extracted 18/18 horse records from https://www.racingtv.com/results/2023-01-30/punchestown/1322
2025-06-12 23:42:15,419 - INFO - :) First place horse found successfully
2025-06-12 23:42:15,420 - INFO - :) First place horse found successfully
2025-06-12 23:42:15,420 - INFO - :) First place horse found successfully
2025-06-12 23:42:15,420 - INFO - :) First place horse found successfully
2025-06-12 23:42:15,420 - INFO - :) First place horse found successfully
2025-06-12 23:42:15,421 - INFO - :) First place horse found successfully
2025-06-12 23:42:15,421 - INFO - :) First place horse found successfully
2025-06-12 23:42:15,421 - INFO - :) First place horse found successfully
2025-06-12 23:42:15,421 - INFO - :) First place horse found successfully
2025-06-12 23:42:15,421 - INFO - :) First place horse found successfully
2025-06-12 23:42:15,422 - INFO - :) First place horse found successfully
2025-06-12 23:42:15,422 - INFO - :) First place horse found successfully
2025-06-12 23:42:15,422 - INFO - :) First place horse found successfully
2025-06-12 23:42:15,422 - INFO - :) First place horse found successfully
2025-06-12 23:42:15,423 - INFO - :) First place horse found successfully
2025-06-12 23:42:15,423 - INFO - :) First place horse found successfully
2025-06-12 23:42:15,423 - INFO - :) First place horse found successfully
2025-06-12 23:42:15,423 - INFO - :) First place horse found successfully
2025-06-12 23:42:15,423 - INFO - :) First place horse found successfully
2025-06-12 23:42:15,424 - INFO - Successfully parsed 18 horse records from: https://www.racingtv.com/results/2023-01-30/punchestown/1322
2025-06-12 23:42:15,424 - INFO - Waiting 2 seconds before next request...
2025-06-12 23:42:17,425 - INFO - Batch 40 - URL 21/50: https://www.racingtv.com/results/2023-01-30/punchestown/1357
2025-06-12 23:42:17,426 - INFO - Loading page with Selenium: https://www.racingtv.com/results/2023-01-30/punchestown/1357
2025-06-12 23:42:22,256 - INFO - Racing main block detected for: https://www.racingtv.com/results/2023-01-30/punchestown/1357
2025-06-12 23:42:22,308 - INFO - Successfully loaded page: https://www.racingtv.com/results/2023-01-30/punchestown/1357
2025-06-12 23:42:22,406 - INFO - Extracted race info - Track: N/A, Date: N/A, Time: 13:57
2025-06-12 23:42:22,407 - INFO - Found 2nd h3 tag: Soft  5YO+ 2m 4f 70y Winner: €12,500 (9 runners)
2025-06-12 23:42:22,407 - INFO - Extracted - Going: Soft, Distance: 2m 4f 70y
2025-06-12 23:42:22,408 - INFO - Extracting racing data from: https://www.racingtv.com/results/2023-01-30/punchestown/1357
2025-06-12 23:42:22,417 - INFO - Processing main block #1 for https://www.racingtv.com/results/2023-01-30/punchestown/1357
2025-06-12 23:42:22,423 - INFO - Checking 2nd child of main block for first place horse...
2025-06-12 23:42:22,427 - INFO - Found alternative horse block structure with 3 links
2025-06-12 23:42:22,427 - INFO - Found alternative horse block structure with 3 links
2025-06-12 23:42:22,428 - INFO - Found alternative horse block structure with 3 links
2025-06-12 23:42:22,428 - INFO - Found alternative horse block structure with 3 links
2025-06-12 23:42:22,428 - INFO - Found alternative horse block structure with 3 links
2025-06-12 23:42:22,428 - INFO - Found alternative horse block structure with 3 links
2025-06-12 23:42:22,429 - INFO - Found alternative horse block structure with 3 links
2025-06-12 23:42:22,429 - INFO - Found alternative horse block structure with 3 links
2025-06-12 23:42:22,429 - INFO - Found alternative horse block structure with 3 links
2025-06-12 23:42:22,446 - INFO - Found likely first place horse via structure analysis: Ladybank
2025-06-12 23:42:22,447 - INFO - Found potential first place horse with background styling
2025-06-12 23:42:22,447 - INFO - Found potential first place horse with background styling
2025-06-12 23:42:22,447 - INFO - Found potential first place horse with background styling
2025-06-12 23:42:22,447 - INFO - Found potential first place horse with background styling
2025-06-12 23:42:22,447 - INFO - Found potential first place horse with background styling
2025-06-12 23:42:22,447 - INFO - Found potential first place horse with background styling
2025-06-12 23:42:22,447 - INFO - Found potential first place horse with background styling
2025-06-12 23:42:22,447 - INFO - Found potential first place horse with background styling
2025-06-12 23:42:22,447 - INFO - Found 18 horse entries for https://www.racingtv.com/results/2023-01-30/punchestown/1357 using multiple detection methods
2025-06-12 23:42:22,447 - INFO - Processing sub block #1 for https://www.racingtv.com/results/2023-01-30/punchestown/1357
2025-06-12 23:42:22,447 - INFO - Found 3 <a> tags - Horse: Shes Overlooked (IRE), Jockey: Richard Deegan (claim: 0), Trainer: Sean Thomas Doyle
2025-06-12 23:42:22,452 - INFO - Position/Length - Found 2 children: Position: 9th, Lost by: 13 l
2025-06-12 23:42:22,452 - INFO - Extracted: Shes Overlooked (IRE) - Position: 9th, Lost by: 13 l, Jockey: Richard Deegan (claim: 0), Trainer: Sean Thomas Doyle, Age: 5, Weight: 11-7, Rating: -
2025-06-12 23:42:22,453 - INFO - Processing sub block #2 for https://www.racingtv.com/results/2023-01-30/punchestown/1357
2025-06-12 23:42:22,453 - INFO - Found 3 <a> tags - Horse: Watermark (IRE), Jockey: D. J. O'Keeffe (claim: 0), Trainer: W. J. Burke
2025-06-12 23:42:22,454 - INFO - Position/Length - Found 2 children: Position: 8th, Lost by: 54 l
2025-06-12 23:42:22,454 - INFO - Extracted: Watermark (IRE) - Position: 8th, Lost by: 54 l, Jockey: D. J. O'Keeffe (claim: 0), Trainer: W. J. Burke, Age: 5, Weight: 11-7, Rating: -
2025-06-12 23:42:22,455 - INFO - Processing sub block #3 for https://www.racingtv.com/results/2023-01-30/punchestown/1357
2025-06-12 23:42:22,455 - INFO - Found 3 <a> tags - Horse: Skinnider (IRE), Jockey: Phillip Enright (claim: 0), Trainer: Martin Hassett
2025-06-12 23:42:22,456 - INFO - Position/Length - Found 2 children: Position: 7th, Lost by: 11 l
2025-06-12 23:42:22,456 - INFO - Extracted: Skinnider (IRE) - Position: 7th, Lost by: 11 l, Jockey: Phillip Enright (claim: 0), Trainer: Martin Hassett, Age: 6, Weight: 11-7, Rating: -
2025-06-12 23:42:22,456 - INFO - Processing sub block #4 for https://www.racingtv.com/results/2023-01-30/punchestown/1357
2025-06-12 23:42:22,457 - INFO - Found 3 <a> tags - Horse: Young Darleen (IRE), Jockey: Donagh Meyler (claim: 0), Trainer: R. P. Cody
2025-06-12 23:42:22,457 - INFO - Position/Length - Found 2 children: Position: 6th, Lost by: 2 1/2 l
2025-06-12 23:42:22,457 - INFO - Extracted: Young Darleen (IRE) - Position: 6th, Lost by: 2 1/2 l, Jockey: Donagh Meyler (claim: 0), Trainer: R. P. Cody, Age: 7, Weight: 11-7, Rating: -
2025-06-12 23:42:22,457 - INFO - Processing sub block #5 for https://www.racingtv.com/results/2023-01-30/punchestown/1357
2025-06-12 23:42:22,457 - INFO - Found 3 <a> tags - Horse: Pink In The Park (IRE), Jockey: P. Townend (claim: 0), Trainer: W. P. Mullins
2025-06-12 23:42:22,457 - INFO - Position/Length - Found 2 children: Position: 5th, Lost by: 7 l
2025-06-12 23:42:22,457 - INFO - Extracted: Pink In The Park (IRE) - Position: 5th, Lost by: 7 l, Jockey: P. Townend (claim: 0), Trainer: W. P. Mullins, Age: 6, Weight: 11-7, Rating: -
2025-06-12 23:42:22,457 - INFO - Processing sub block #6 for https://www.racingtv.com/results/2023-01-30/punchestown/1357
2025-06-12 23:42:22,457 - INFO - Found 3 <a> tags - Horse: Jumping Jet (IRE), Jockey: Jordan Colin Gainford (claim: 0), Trainer: Gordon Elliott
2025-06-12 23:42:22,457 - INFO - Position/Length - Found 2 children: Position: 4th, Lost by: 2 1/2 l
2025-06-12 23:42:22,457 - INFO - Extracted: Jumping Jet (IRE) - Position: 4th, Lost by: 2 1/2 l, Jockey: Jordan Colin Gainford (claim: 0), Trainer: Gordon Elliott, Age: 7, Weight: 11-7, Rating: -
2025-06-12 23:42:22,457 - INFO - Processing sub block #7 for https://www.racingtv.com/results/2023-01-30/punchestown/1357
2025-06-12 23:42:22,462 - INFO - Found 3 <a> tags - Horse: Ottizzini (IRE), Jockey: Sam Ewing (claim: 0), Trainer: Stuart Crawford
2025-06-12 23:42:22,463 - INFO - Position/Length - Found 2 children: Position: 3rd, Lost by: 10 l
2025-06-12 23:42:22,463 - INFO - Extracted: Ottizzini (IRE) - Position: 3rd, Lost by: 10 l, Jockey: Sam Ewing (claim: 0), Trainer: Stuart Crawford, Age: 6, Weight: 11-7, Rating: -
2025-06-12 23:42:22,464 - INFO - Processing sub block #8 for https://www.racingtv.com/results/2023-01-30/punchestown/1357
2025-06-12 23:42:22,464 - INFO - Found 3 <a> tags - Horse: Princess Zoe (GER), Jockey: D. E. Mullins (claim: 0), Trainer: Anthony Mullins
2025-06-12 23:42:22,465 - INFO - Position/Length - Found 2 children: Position: 1st, Lost by: Dead Heat
2025-06-12 23:42:22,465 - INFO - Confirmed winner: Princess Zoe (GER)
2025-06-12 23:42:22,465 - INFO - Extracted: Princess Zoe (GER) - Position: 1st, Lost by: Dead Heat, Jockey: D. E. Mullins (claim: 0), Trainer: Anthony Mullins, Age: 8, Weight: 11-7, Rating: -
2025-06-12 23:42:22,466 - INFO - Processing sub block #9 for https://www.racingtv.com/results/2023-01-30/punchestown/1357
2025-06-12 23:42:22,466 - INFO - Found 3 <a> tags - Horse: Ladybank, Jockey: Rachael Blackmore (claim: 0), Trainer: Henry de Bromhead
2025-06-12 23:42:22,467 - INFO - Position/Length - Found 1 children: Position: 1st, Lost by: N/A
2025-06-12 23:42:22,467 - INFO - Confirmed winner: Ladybank
2025-06-12 23:42:22,467 - INFO - Extracted: Ladybank - Position: 1st, Lost by: N/A, Jockey: Rachael Blackmore (claim: 0), Trainer: Henry de Bromhead, Age: 5, Weight: 11-7, Rating: -
2025-06-12 23:42:22,467 - INFO - Processing sub block #10 for https://www.racingtv.com/results/2023-01-30/punchestown/1357
2025-06-12 23:42:22,468 - INFO - Found 3 <a> tags - Horse: Shes Overlooked (IRE), Jockey: Richard Deegan (claim: 0), Trainer: Sean Thomas Doyle
2025-06-12 23:42:22,468 - INFO - Position/Length - Found 2 children: Position: 9th, Lost by: 13 l
2025-06-12 23:42:22,468 - INFO - Extracted: Shes Overlooked (IRE) - Position: 9th, Lost by: 13 l, Jockey: Richard Deegan (claim: 0), Trainer: Sean Thomas Doyle, Age: 5, Weight: 11-7, Rating: -
2025-06-12 23:42:22,468 - INFO - Processing sub block #11 for https://www.racingtv.com/results/2023-01-30/punchestown/1357
2025-06-12 23:42:22,468 - INFO - Found 3 <a> tags - Horse: Watermark (IRE), Jockey: D. J. O'Keeffe (claim: 0), Trainer: W. J. Burke
2025-06-12 23:42:22,468 - INFO - Position/Length - Found 2 children: Position: 8th, Lost by: 54 l
2025-06-12 23:42:22,468 - INFO - Extracted: Watermark (IRE) - Position: 8th, Lost by: 54 l, Jockey: D. J. O'Keeffe (claim: 0), Trainer: W. J. Burke, Age: 5, Weight: 11-7, Rating: -
2025-06-12 23:42:22,470 - INFO - Processing sub block #12 for https://www.racingtv.com/results/2023-01-30/punchestown/1357
2025-06-12 23:42:22,470 - INFO - Found 3 <a> tags - Horse: Skinnider (IRE), Jockey: Phillip Enright (claim: 0), Trainer: Martin Hassett
2025-06-12 23:42:22,471 - INFO - Position/Length - Found 2 children: Position: 7th, Lost by: 11 l
2025-06-12 23:42:22,471 - INFO - Extracted: Skinnider (IRE) - Position: 7th, Lost by: 11 l, Jockey: Phillip Enright (claim: 0), Trainer: Martin Hassett, Age: 6, Weight: 11-7, Rating: -
2025-06-12 23:42:22,471 - INFO - Processing sub block #13 for https://www.racingtv.com/results/2023-01-30/punchestown/1357
2025-06-12 23:42:22,472 - INFO - Found 3 <a> tags - Horse: Young Darleen (IRE), Jockey: Donagh Meyler (claim: 0), Trainer: R. P. Cody
2025-06-12 23:42:22,473 - INFO - Position/Length - Found 2 children: Position: 6th, Lost by: 2 1/2 l
2025-06-12 23:42:22,474 - INFO - Extracted: Young Darleen (IRE) - Position: 6th, Lost by: 2 1/2 l, Jockey: Donagh Meyler (claim: 0), Trainer: R. P. Cody, Age: 7, Weight: 11-7, Rating: -
2025-06-12 23:42:22,474 - INFO - Processing sub block #14 for https://www.racingtv.com/results/2023-01-30/punchestown/1357
2025-06-12 23:42:22,474 - INFO - Found 3 <a> tags - Horse: Pink In The Park (IRE), Jockey: P. Townend (claim: 0), Trainer: W. P. Mullins
2025-06-12 23:42:22,475 - INFO - Position/Length - Found 2 children: Position: 5th, Lost by: 7 l
2025-06-12 23:42:22,475 - INFO - Extracted: Pink In The Park (IRE) - Position: 5th, Lost by: 7 l, Jockey: P. Townend (claim: 0), Trainer: W. P. Mullins, Age: 6, Weight: 11-7, Rating: -
2025-06-12 23:42:22,476 - INFO - Processing sub block #15 for https://www.racingtv.com/results/2023-01-30/punchestown/1357
2025-06-12 23:42:22,476 - INFO - Found 3 <a> tags - Horse: Jumping Jet (IRE), Jockey: Jordan Colin Gainford (claim: 0), Trainer: Gordon Elliott
2025-06-12 23:42:22,477 - INFO - Position/Length - Found 2 children: Position: 4th, Lost by: 2 1/2 l
2025-06-12 23:42:22,477 - INFO - Extracted: Jumping Jet (IRE) - Position: 4th, Lost by: 2 1/2 l, Jockey: Jordan Colin Gainford (claim: 0), Trainer: Gordon Elliott, Age: 7, Weight: 11-7, Rating: -
2025-06-12 23:42:22,477 - INFO - Processing sub block #16 for https://www.racingtv.com/results/2023-01-30/punchestown/1357
2025-06-12 23:42:22,477 - INFO - Found 3 <a> tags - Horse: Ottizzini (IRE), Jockey: Sam Ewing (claim: 0), Trainer: Stuart Crawford
2025-06-12 23:42:22,478 - INFO - Position/Length - Found 2 children: Position: 3rd, Lost by: 10 l
2025-06-12 23:42:22,478 - INFO - Extracted: Ottizzini (IRE) - Position: 3rd, Lost by: 10 l, Jockey: Sam Ewing (claim: 0), Trainer: Stuart Crawford, Age: 6, Weight: 11-7, Rating: -
2025-06-12 23:42:22,478 - INFO - Processing sub block #17 for https://www.racingtv.com/results/2023-01-30/punchestown/1357
2025-06-12 23:42:22,478 - INFO - Found 3 <a> tags - Horse: Princess Zoe (GER), Jockey: D. E. Mullins (claim: 0), Trainer: Anthony Mullins
2025-06-12 23:42:22,478 - INFO - Position/Length - Found 2 children: Position: 1st, Lost by: Dead Heat
2025-06-12 23:42:22,478 - INFO - Extracted: Princess Zoe (GER) - Position: 1st, Lost by: Dead Heat, Jockey: D. E. Mullins (claim: 0), Trainer: Anthony Mullins, Age: 8, Weight: 11-7, Rating: -
2025-06-12 23:42:22,478 - INFO - Processing sub block #18 for https://www.racingtv.com/results/2023-01-30/punchestown/1357
2025-06-12 23:42:22,478 - INFO - Found 3 <a> tags - Horse: Ladybank, Jockey: Rachael Blackmore (claim: 0), Trainer: Henry de Bromhead
2025-06-12 23:42:22,478 - INFO - Position/Length - Found 1 children: Position: 1st, Lost by: N/A
2025-06-12 23:42:22,478 - INFO - Extracted: Ladybank - Position: 1st, Lost by: N/A, Jockey: Rachael Blackmore (claim: 0), Trainer: Henry de Bromhead, Age: 5, Weight: 11-7, Rating: -
2025-06-12 23:42:22,478 - INFO - Successfully extracted 18/18 horse records from https://www.racingtv.com/results/2023-01-30/punchestown/1357
2025-06-12 23:42:22,482 - INFO - :) First place horse found successfully
2025-06-12 23:42:22,482 - INFO - :) First place horse found successfully
2025-06-12 23:42:22,482 - INFO - :) First place horse found successfully
2025-06-12 23:42:22,482 - INFO - :) First place horse found successfully
2025-06-12 23:42:22,482 - INFO - :) First place horse found successfully
2025-06-12 23:42:22,482 - INFO - :) First place horse found successfully
2025-06-12 23:42:22,483 - INFO - :) First place horse found successfully
2025-06-12 23:42:22,483 - INFO - :) First place horse found successfully
2025-06-12 23:42:22,483 - INFO - :) First place horse found successfully
2025-06-12 23:42:22,483 - INFO - :) First place horse found successfully
2025-06-12 23:42:22,483 - INFO - :) First place horse found successfully
2025-06-12 23:42:22,484 - INFO - :) First place horse found successfully
2025-06-12 23:42:22,484 - INFO - :) First place horse found successfully
2025-06-12 23:42:22,484 - INFO - :) First place horse found successfully
2025-06-12 23:42:22,484 - INFO - :) First place horse found successfully
2025-06-12 23:42:22,484 - INFO - :) First place horse found successfully
2025-06-12 23:42:22,484 - INFO - :) First place horse found successfully
2025-06-12 23:42:22,485 - INFO - :) First place horse found successfully
2025-06-12 23:42:22,485 - INFO - :) First place horse found successfully
2025-06-12 23:42:22,485 - INFO - Successfully parsed 18 horse records from: https://www.racingtv.com/results/2023-01-30/punchestown/1357
2025-06-12 23:42:22,486 - INFO - Waiting 2 seconds before next request...
2025-06-12 23:42:24,486 - INFO - Batch 40 - URL 22/50: https://www.racingtv.com/results/2023-01-30/punchestown/1432
2025-06-12 23:42:24,486 - INFO - Loading page with Selenium: https://www.racingtv.com/results/2023-01-30/punchestown/1432
2025-06-12 23:42:29,295 - INFO - Racing main block detected for: https://www.racingtv.com/results/2023-01-30/punchestown/1432
2025-06-12 23:42:29,346 - INFO - Successfully loaded page: https://www.racingtv.com/results/2023-01-30/punchestown/1432
2025-06-12 23:42:29,446 - INFO - Extracted race info - Track: N/A, Date: N/A, Time: 14:32
2025-06-12 23:42:29,447 - INFO - Found 2nd h3 tag: Soft  Hurdle (Turf) 5YO+ 2m 4f 70y Winner: €12,500 (10 runners)
2025-06-12 23:42:29,447 - INFO - Extracted - Going: Soft  Hurdle (Turf), Distance: 2m 4f 70y
2025-06-12 23:42:29,447 - INFO - Extracting racing data from: https://www.racingtv.com/results/2023-01-30/punchestown/1432
2025-06-12 23:42:29,457 - INFO - Processing main block #1 for https://www.racingtv.com/results/2023-01-30/punchestown/1432
2025-06-12 23:42:29,464 - INFO - Checking 2nd child of main block for first place horse...
2025-06-12 23:42:29,469 - INFO - Found alternative horse block structure with 3 links
2025-06-12 23:42:29,469 - INFO - Found alternative horse block structure with 3 links
2025-06-12 23:42:29,469 - INFO - Found alternative horse block structure with 3 links
2025-06-12 23:42:29,470 - INFO - Found alternative horse block structure with 3 links
2025-06-12 23:42:29,470 - INFO - Found alternative horse block structure with 3 links
2025-06-12 23:42:29,471 - INFO - Found alternative horse block structure with 3 links
2025-06-12 23:42:29,471 - INFO - Found alternative horse block structure with 3 links
2025-06-12 23:42:29,472 - INFO - Found alternative horse block structure with 3 links
2025-06-12 23:42:29,472 - INFO - Found alternative horse block structure with 3 links
2025-06-12 23:42:29,472 - INFO - Found alternative horse block structure with 3 links
2025-06-12 23:42:29,491 - INFO - Found likely first place horse via structure analysis: Haxo (FR)
2025-06-12 23:42:29,493 - INFO - Found potential first place horse with background styling
2025-06-12 23:42:29,493 - INFO - Found potential first place horse with background styling
2025-06-12 23:42:29,494 - INFO - Found potential first place horse with background styling
2025-06-12 23:42:29,494 - INFO - Found potential first place horse with background styling
2025-06-12 23:42:29,494 - INFO - Found potential first place horse with background styling
2025-06-12 23:42:29,494 - INFO - Found potential first place horse with background styling
2025-06-12 23:42:29,495 - INFO - Found potential first place horse with background styling
2025-06-12 23:42:29,495 - INFO - Found potential first place horse with background styling
2025-06-12 23:42:29,495 - INFO - Found potential first place horse with background styling
2025-06-12 23:42:29,496 - INFO - Found 20 horse entries for https://www.racingtv.com/results/2023-01-30/punchestown/1432 using multiple detection methods
2025-06-12 23:42:29,496 - INFO - Processing sub block #1 for https://www.racingtv.com/results/2023-01-30/punchestown/1432
2025-06-12 23:42:29,496 - INFO - Found 3 <a> tags - Horse: Picinisco (IRE), Jockey: Cian Cullinan (claim: 7), Trainer: W. J. Martin
2025-06-12 23:42:29,498 - INFO - Position/Length - Found 1 children: Position: PU, Lost by: N/A
2025-06-12 23:42:29,498 - INFO - Extracted: Picinisco (IRE) - Position: PU, Lost by: N/A, Jockey: Cian Cullinan (claim: 7), Trainer: W. J. Martin, Age: 5, Weight: 11-12t, Rating: -
2025-06-12 23:42:29,498 - INFO - Processing sub block #2 for https://www.racingtv.com/results/2023-01-30/punchestown/1432
2025-06-12 23:42:29,499 - INFO - Found 3 <a> tags - Horse: Sarah's Soldier (IRE), Jockey: Richard Deegan (claim: 0), Trainer: P. A. Fahy
2025-06-12 23:42:29,499 - INFO - Position/Length - Found 2 children: Position: 9th, Lost by: 21 l
2025-06-12 23:42:29,499 - INFO - Extracted: Sarah's Soldier (IRE) - Position: 9th, Lost by: 21 l, Jockey: Richard Deegan (claim: 0), Trainer: P. A. Fahy, Age: 5, Weight: 11-12, Rating: -
2025-06-12 23:42:29,500 - INFO - Processing sub block #3 for https://www.racingtv.com/results/2023-01-30/punchestown/1432
2025-06-12 23:42:29,500 - INFO - Found 3 <a> tags - Horse: Trooper Thorn (IRE), Jockey: M. P. O'Connor (claim: 5), Trainer: David Kenneth Budds
2025-06-12 23:42:29,501 - INFO - Position/Length - Found 2 children: Position: 8th, Lost by: 39 l
2025-06-12 23:42:29,501 - INFO - Extracted: Trooper Thorn (IRE) - Position: 8th, Lost by: 39 l, Jockey: M. P. O'Connor (claim: 5), Trainer: David Kenneth Budds, Age: 5, Weight: 11-12, Rating: -
2025-06-12 23:42:29,501 - INFO - Processing sub block #4 for https://www.racingtv.com/results/2023-01-30/punchestown/1432
2025-06-12 23:42:29,502 - INFO - Found 3 <a> tags - Horse: Albaquirky (IRE), Jockey: D. J. O'Keeffe (claim: 0), Trainer: Enda Bolger
2025-06-12 23:42:29,503 - INFO - Position/Length - Found 2 children: Position: 7th, Lost by: 1 l
2025-06-12 23:42:29,503 - INFO - Extracted: Albaquirky (IRE) - Position: 7th, Lost by: 1 l, Jockey: D. J. O'Keeffe (claim: 0), Trainer: Enda Bolger, Age: 5, Weight: 11-12, Rating: -
2025-06-12 23:42:29,503 - INFO - Processing sub block #5 for https://www.racingtv.com/results/2023-01-30/punchestown/1432
2025-06-12 23:42:29,504 - INFO - Found 3 <a> tags - Horse: Quest With Speed (IRE), Jockey: J. S. McGarvey (claim: 0), Trainer: John Joseph Hanlon
2025-06-12 23:42:29,505 - INFO - Position/Length - Found 2 children: Position: 6th, Lost by: 15 l
2025-06-12 23:42:29,505 - INFO - Extracted: Quest With Speed (IRE) - Position: 6th, Lost by: 15 l, Jockey: J. S. McGarvey (claim: 0), Trainer: John Joseph Hanlon, Age: 6, Weight: 11-12, Rating: -
2025-06-12 23:42:29,505 - INFO - Processing sub block #6 for https://www.racingtv.com/results/2023-01-30/punchestown/1432
2025-06-12 23:42:29,506 - INFO - Found 3 <a> tags - Horse: No Bodder (IRE), Jockey: S. F. O'Keeffe (claim: 0), Trainer: Anthony Mullins
2025-06-12 23:42:29,507 - INFO - Position/Length - Found 2 children: Position: 5th, Lost by: 16 l
2025-06-12 23:42:29,507 - INFO - Extracted: No Bodder (IRE) - Position: 5th, Lost by: 16 l, Jockey: S. F. O'Keeffe (claim: 0), Trainer: Anthony Mullins, Age: 7, Weight: 11-12, Rating: -
2025-06-12 23:42:29,508 - INFO - Processing sub block #7 for https://www.racingtv.com/results/2023-01-30/punchestown/1432
2025-06-12 23:42:29,508 - INFO - Found 3 <a> tags - Horse: Abbeydale (FR), Jockey: Jordan Colin Gainford (claim: 0), Trainer: Gordon Elliott
2025-06-12 23:42:29,509 - INFO - Position/Length - Found 2 children: Position: 4th, Lost by: 7 l
2025-06-12 23:42:29,509 - INFO - Extracted: Abbeydale (FR) - Position: 4th, Lost by: 7 l, Jockey: Jordan Colin Gainford (claim: 0), Trainer: Gordon Elliott, Age: 5, Weight: 11-12t, Rating: -
2025-06-12 23:42:29,509 - INFO - Processing sub block #8 for https://www.racingtv.com/results/2023-01-30/punchestown/1432
2025-06-12 23:42:29,510 - INFO - Found 3 <a> tags - Horse: Jeepydoff Meel (FR), Jockey: Davy Russell (claim: 0), Trainer: Gordon Elliott
2025-06-12 23:42:29,510 - INFO - Position/Length - Found 2 children: Position: 3rd, Lost by: 8 1/2 l
2025-06-12 23:42:29,511 - INFO - Extracted: Jeepydoff Meel (FR) - Position: 3rd, Lost by: 8 1/2 l, Jockey: Davy Russell (claim: 0), Trainer: Gordon Elliott, Age: 5, Weight: 11-12, Rating: -
2025-06-12 23:42:29,511 - INFO - Processing sub block #9 for https://www.racingtv.com/results/2023-01-30/punchestown/1432
2025-06-12 23:42:29,511 - INFO - Found 3 <a> tags - Horse: Sir Argus, Jockey: P. Townend (claim: 0), Trainer: W. P. Mullins
2025-06-12 23:42:29,512 - INFO - Position/Length - Found 2 children: Position: 2nd, Lost by: 1 l
2025-06-12 23:42:29,512 - INFO - Extracted: Sir Argus - Position: 2nd, Lost by: 1 l, Jockey: P. Townend (claim: 0), Trainer: W. P. Mullins, Age: 6, Weight: 11-12, Rating: -
2025-06-12 23:42:29,513 - INFO - Processing sub block #10 for https://www.racingtv.com/results/2023-01-30/punchestown/1432
2025-06-12 23:42:29,514 - INFO - Found 3 <a> tags - Horse: Haxo (FR), Jockey: D. E. Mullins (claim: 0), Trainer: W. P. Mullins
2025-06-12 23:42:29,514 - INFO - Position/Length - Found 1 children: Position: 1st, Lost by: N/A
2025-06-12 23:42:29,515 - INFO - Confirmed winner: Haxo (FR)
2025-06-12 23:42:29,515 - INFO - Extracted: Haxo (FR) - Position: 1st, Lost by: N/A, Jockey: D. E. Mullins (claim: 0), Trainer: W. P. Mullins, Age: 6, Weight: 11-12, Rating: -
2025-06-12 23:42:29,515 - INFO - Processing sub block #11 for https://www.racingtv.com/results/2023-01-30/punchestown/1432
2025-06-12 23:42:29,515 - INFO - Found 3 <a> tags - Horse: Picinisco (IRE), Jockey: Cian Cullinan (claim: 7), Trainer: W. J. Martin
2025-06-12 23:42:29,516 - INFO - Position/Length - Found 1 children: Position: PU, Lost by: N/A
2025-06-12 23:42:29,516 - INFO - Extracted: Picinisco (IRE) - Position: PU, Lost by: N/A, Jockey: Cian Cullinan (claim: 7), Trainer: W. J. Martin, Age: 5, Weight: 11-12t, Rating: -
2025-06-12 23:42:29,517 - INFO - Processing sub block #12 for https://www.racingtv.com/results/2023-01-30/punchestown/1432
2025-06-12 23:42:29,517 - INFO - Found 3 <a> tags - Horse: Sarah's Soldier (IRE), Jockey: Richard Deegan (claim: 0), Trainer: P. A. Fahy
2025-06-12 23:42:29,518 - INFO - Position/Length - Found 2 children: Position: 9th, Lost by: 21 l
2025-06-12 23:42:29,518 - INFO - Extracted: Sarah's Soldier (IRE) - Position: 9th, Lost by: 21 l, Jockey: Richard Deegan (claim: 0), Trainer: P. A. Fahy, Age: 5, Weight: 11-12, Rating: -
2025-06-12 23:42:29,518 - INFO - Processing sub block #13 for https://www.racingtv.com/results/2023-01-30/punchestown/1432
2025-06-12 23:42:29,519 - INFO - Found 3 <a> tags - Horse: Trooper Thorn (IRE), Jockey: M. P. O'Connor (claim: 5), Trainer: David Kenneth Budds
2025-06-12 23:42:29,519 - INFO - Position/Length - Found 2 children: Position: 8th, Lost by: 39 l
2025-06-12 23:42:29,520 - INFO - Extracted: Trooper Thorn (IRE) - Position: 8th, Lost by: 39 l, Jockey: M. P. O'Connor (claim: 5), Trainer: David Kenneth Budds, Age: 5, Weight: 11-12, Rating: -
2025-06-12 23:42:29,520 - INFO - Processing sub block #14 for https://www.racingtv.com/results/2023-01-30/punchestown/1432
2025-06-12 23:42:29,520 - INFO - Found 3 <a> tags - Horse: Albaquirky (IRE), Jockey: D. J. O'Keeffe (claim: 0), Trainer: Enda Bolger
2025-06-12 23:42:29,521 - INFO - Position/Length - Found 2 children: Position: 7th, Lost by: 1 l
2025-06-12 23:42:29,521 - INFO - Extracted: Albaquirky (IRE) - Position: 7th, Lost by: 1 l, Jockey: D. J. O'Keeffe (claim: 0), Trainer: Enda Bolger, Age: 5, Weight: 11-12, Rating: -
2025-06-12 23:42:29,521 - INFO - Processing sub block #15 for https://www.racingtv.com/results/2023-01-30/punchestown/1432
2025-06-12 23:42:29,522 - INFO - Found 3 <a> tags - Horse: Quest With Speed (IRE), Jockey: J. S. McGarvey (claim: 0), Trainer: John Joseph Hanlon
2025-06-12 23:42:29,523 - INFO - Position/Length - Found 2 children: Position: 6th, Lost by: 15 l
2025-06-12 23:42:29,523 - INFO - Extracted: Quest With Speed (IRE) - Position: 6th, Lost by: 15 l, Jockey: J. S. McGarvey (claim: 0), Trainer: John Joseph Hanlon, Age: 6, Weight: 11-12, Rating: -
2025-06-12 23:42:29,523 - INFO - Processing sub block #16 for https://www.racingtv.com/results/2023-01-30/punchestown/1432
2025-06-12 23:42:29,524 - INFO - Found 3 <a> tags - Horse: No Bodder (IRE), Jockey: S. F. O'Keeffe (claim: 0), Trainer: Anthony Mullins
2025-06-12 23:42:29,525 - INFO - Position/Length - Found 2 children: Position: 5th, Lost by: 16 l
2025-06-12 23:42:29,525 - INFO - Extracted: No Bodder (IRE) - Position: 5th, Lost by: 16 l, Jockey: S. F. O'Keeffe (claim: 0), Trainer: Anthony Mullins, Age: 7, Weight: 11-12, Rating: -
2025-06-12 23:42:29,525 - INFO - Processing sub block #17 for https://www.racingtv.com/results/2023-01-30/punchestown/1432
2025-06-12 23:42:29,526 - INFO - Found 3 <a> tags - Horse: Abbeydale (FR), Jockey: Jordan Colin Gainford (claim: 0), Trainer: Gordon Elliott
2025-06-12 23:42:29,526 - INFO - Position/Length - Found 2 children: Position: 4th, Lost by: 7 l
2025-06-12 23:42:29,526 - INFO - Extracted: Abbeydale (FR) - Position: 4th, Lost by: 7 l, Jockey: Jordan Colin Gainford (claim: 0), Trainer: Gordon Elliott, Age: 5, Weight: 11-12t, Rating: -
2025-06-12 23:42:29,527 - INFO - Processing sub block #18 for https://www.racingtv.com/results/2023-01-30/punchestown/1432
2025-06-12 23:42:29,527 - INFO - Found 3 <a> tags - Horse: Jeepydoff Meel (FR), Jockey: Davy Russell (claim: 0), Trainer: Gordon Elliott
2025-06-12 23:42:29,528 - INFO - Position/Length - Found 2 children: Position: 3rd, Lost by: 8 1/2 l
2025-06-12 23:42:29,528 - INFO - Extracted: Jeepydoff Meel (FR) - Position: 3rd, Lost by: 8 1/2 l, Jockey: Davy Russell (claim: 0), Trainer: Gordon Elliott, Age: 5, Weight: 11-12, Rating: -
2025-06-12 23:42:29,528 - INFO - Processing sub block #19 for https://www.racingtv.com/results/2023-01-30/punchestown/1432
2025-06-12 23:42:29,528 - INFO - Found 3 <a> tags - Horse: Sir Argus, Jockey: P. Townend (claim: 0), Trainer: W. P. Mullins
2025-06-12 23:42:29,528 - INFO - Position/Length - Found 2 children: Position: 2nd, Lost by: 1 l
2025-06-12 23:42:29,528 - INFO - Extracted: Sir Argus - Position: 2nd, Lost by: 1 l, Jockey: P. Townend (claim: 0), Trainer: W. P. Mullins, Age: 6, Weight: 11-12, Rating: -
2025-06-12 23:42:29,528 - INFO - Processing sub block #20 for https://www.racingtv.com/results/2023-01-30/punchestown/1432
2025-06-12 23:42:29,528 - INFO - Found 3 <a> tags - Horse: Haxo (FR), Jockey: D. E. Mullins (claim: 0), Trainer: W. P. Mullins
2025-06-12 23:42:29,528 - INFO - Position/Length - Found 1 children: Position: 1st, Lost by: N/A
2025-06-12 23:42:29,528 - INFO - Extracted: Haxo (FR) - Position: 1st, Lost by: N/A, Jockey: D. E. Mullins (claim: 0), Trainer: W. P. Mullins, Age: 6, Weight: 11-12, Rating: -
2025-06-12 23:42:29,528 - INFO - Successfully extracted 20/20 horse records from https://www.racingtv.com/results/2023-01-30/punchestown/1432
2025-06-12 23:42:29,528 - INFO - :) First place horse found successfully
2025-06-12 23:42:29,528 - INFO - :) First place horse found successfully
2025-06-12 23:42:29,528 - INFO - :) First place horse found successfully
2025-06-12 23:42:29,528 - INFO - :) First place horse found successfully
2025-06-12 23:42:29,528 - INFO - :) First place horse found successfully
2025-06-12 23:42:29,528 - INFO - :) First place horse found successfully
2025-06-12 23:42:29,528 - INFO - :) First place horse found successfully
2025-06-12 23:42:29,528 - INFO - :) First place horse found successfully
2025-06-12 23:42:29,528 - INFO - :) First place horse found successfully
2025-06-12 23:42:29,528 - INFO - :) First place horse found successfully
2025-06-12 23:42:29,534 - INFO - :) First place horse found successfully
2025-06-12 23:42:29,534 - INFO - :) First place horse found successfully
2025-06-12 23:42:29,534 - INFO - :) First place horse found successfully
2025-06-12 23:42:29,534 - INFO - :) First place horse found successfully
2025-06-12 23:42:29,534 - INFO - :) First place horse found successfully
2025-06-12 23:42:29,534 - INFO - :) First place horse found successfully
2025-06-12 23:42:29,535 - INFO - :) First place horse found successfully
2025-06-12 23:42:29,535 - INFO - :) First place horse found successfully
2025-06-12 23:42:29,535 - INFO - :) First place horse found successfully
2025-06-12 23:42:29,535 - INFO - :) First place horse found successfully
2025-06-12 23:42:29,535 - INFO - :) First place horse found successfully
2025-06-12 23:42:29,536 - INFO - Successfully parsed 20 horse records from: https://www.racingtv.com/results/2023-01-30/punchestown/1432
2025-06-12 23:42:29,536 - INFO - Waiting 2 seconds before next request...
2025-06-12 23:42:31,537 - INFO - Batch 40 - URL 23/50: https://www.racingtv.com/results/2023-01-30/punchestown/1507
2025-06-12 23:42:31,537 - INFO - Loading page with Selenium: https://www.racingtv.com/results/2023-01-30/punchestown/1507
2025-06-12 23:42:36,303 - INFO - Racing main block detected for: https://www.racingtv.com/results/2023-01-30/punchestown/1507
2025-06-12 23:42:36,338 - INFO - Successfully loaded page: https://www.racingtv.com/results/2023-01-30/punchestown/1507
2025-06-12 23:42:36,431 - INFO - Extracted race info - Track: N/A, Date: N/A, Time: 15:07
2025-06-12 23:42:36,431 - INFO - Found 2nd h3 tag: Soft  5YO+ 2m 4f 70y Winner: €15,000 (9 runners)
2025-06-12 23:42:36,431 - INFO - Extracted - Going: Soft, Distance: 2m 4f 70y
2025-06-12 23:42:36,431 - INFO - Extracting racing data from: https://www.racingtv.com/results/2023-01-30/punchestown/1507
2025-06-12 23:42:36,454 - INFO - Processing main block #1 for https://www.racingtv.com/results/2023-01-30/punchestown/1507
2025-06-12 23:42:36,462 - INFO - Checking 2nd child of main block for first place horse...
2025-06-12 23:42:36,463 - INFO - Found alternative horse block structure with 3 links
2025-06-12 23:42:36,463 - INFO - Found alternative horse block structure with 3 links
2025-06-12 23:42:36,463 - INFO - Found alternative horse block structure with 3 links
2025-06-12 23:42:36,467 - INFO - Found alternative horse block structure with 3 links
2025-06-12 23:42:36,467 - INFO - Found alternative horse block structure with 3 links
2025-06-12 23:42:36,468 - INFO - Found alternative horse block structure with 3 links
2025-06-12 23:42:36,468 - INFO - Found alternative horse block structure with 3 links
2025-06-12 23:42:36,468 - INFO - Found alternative horse block structure with 3 links
2025-06-12 23:42:36,469 - INFO - Found alternative horse block structure with 3 links
2025-06-12 23:42:36,478 - INFO - Found likely first place horse via structure analysis: Sa Fureur (IRE)
2025-06-12 23:42:36,489 - INFO - Found potential first place horse with background styling
2025-06-12 23:42:36,489 - INFO - Found potential first place horse with background styling
2025-06-12 23:42:36,490 - INFO - Found potential first place horse with background styling
2025-06-12 23:42:36,490 - INFO - Found potential first place horse with background styling
2025-06-12 23:42:36,490 - INFO - Found potential first place horse with background styling
2025-06-12 23:42:36,491 - INFO - Found potential first place horse with background styling
2025-06-12 23:42:36,491 - INFO - Found potential first place horse with background styling
2025-06-12 23:42:36,492 - INFO - Found potential first place horse with background styling
2025-06-12 23:42:36,492 - INFO - Found 18 horse entries for https://www.racingtv.com/results/2023-01-30/punchestown/1507 using multiple detection methods
2025-06-12 23:42:36,492 - INFO - Processing sub block #1 for https://www.racingtv.com/results/2023-01-30/punchestown/1507
2025-06-12 23:42:36,493 - INFO - Found 3 <a> tags - Horse: Nephin Beg (IRE), Jockey: Jordan Colin Gainford (claim: 0), Trainer: Sean Thomas Doyle
2025-06-12 23:42:36,493 - INFO - Position/Length - Found 2 children: Position: 9th, Lost by: 27 l
2025-06-12 23:42:36,494 - INFO - Extracted: Nephin Beg (IRE) - Position: 9th, Lost by: 27 l, Jockey: Jordan Colin Gainford (claim: 0), Trainer: Sean Thomas Doyle, Age: 5, Weight: 11-4, Rating: -
2025-06-12 23:42:36,494 - INFO - Processing sub block #2 for https://www.racingtv.com/results/2023-01-30/punchestown/1507
2025-06-12 23:42:36,494 - INFO - Found 3 <a> tags - Horse: Hartur D'arc (FR), Jockey: D. J. O'Keeffe (claim: 0), Trainer: T. Gibney
2025-06-12 23:42:36,495 - INFO - Position/Length - Found 2 children: Position: 8th, Lost by: 53 l
2025-06-12 23:42:36,495 - INFO - Extracted: Hartur D'arc (FR) - Position: 8th, Lost by: 53 l, Jockey: D. J. O'Keeffe (claim: 0), Trainer: T. Gibney, Age: 6, Weight: 11-4, Rating: -
2025-06-12 23:42:36,495 - INFO - Processing sub block #3 for https://www.racingtv.com/results/2023-01-30/punchestown/1507
2025-06-12 23:42:36,496 - INFO - Found 3 <a> tags - Horse: Meetingofthewaters (IRE), Jockey: M. J. M. O'Sullivan (claim: 5), Trainer: Eugene M. O'Sullivan
2025-06-12 23:42:36,498 - INFO - Position/Length - Found 2 children: Position: 7th, Lost by: 3 1/4 l
2025-06-12 23:42:36,498 - INFO - Extracted: Meetingofthewaters (IRE) - Position: 7th, Lost by: 3 1/4 l, Jockey: M. J. M. O'Sullivan (claim: 5), Trainer: Eugene M. O'Sullivan, Age: 6, Weight: 11-4, Rating: -
2025-06-12 23:42:36,498 - INFO - Processing sub block #4 for https://www.racingtv.com/results/2023-01-30/punchestown/1507
2025-06-12 23:42:36,499 - INFO - Found 3 <a> tags - Horse: Elusive Guy (IRE), Jockey: P. T. Smithers (claim: 7), Trainer: Jarlath P. Fahey
2025-06-12 23:42:36,500 - INFO - Position/Length - Found 2 children: Position: 6th, Lost by: 1/2 l
2025-06-12 23:42:36,500 - INFO - Extracted: Elusive Guy (IRE) - Position: 6th, Lost by: 1/2 l, Jockey: P. T. Smithers (claim: 7), Trainer: Jarlath P. Fahey, Age: 5, Weight: 11-4, Rating: -
2025-06-12 23:42:36,500 - INFO - Processing sub block #5 for https://www.racingtv.com/results/2023-01-30/punchestown/1507
2025-06-12 23:42:36,500 - INFO - Found 3 <a> tags - Horse: Time Marches On (IRE), Jockey: K. E. Buckley (claim: 5), Trainer: J. D. Motherway
2025-06-12 23:42:36,501 - INFO - Position/Length - Found 2 children: Position: 5th, Lost by: 2 l
2025-06-12 23:42:36,502 - INFO - Extracted: Time Marches On (IRE) - Position: 5th, Lost by: 2 l, Jockey: K. E. Buckley (claim: 5), Trainer: J. D. Motherway, Age: 7, Weight: 11-4b1, Rating: -
2025-06-12 23:42:36,502 - INFO - Processing sub block #6 for https://www.racingtv.com/results/2023-01-30/punchestown/1507
2025-06-12 23:42:36,503 - INFO - Found 3 <a> tags - Horse: Changing the Rules (IRE), Jockey: J. S. McGarvey (claim: 0), Trainer: Mrs J. Harrington
2025-06-12 23:42:36,504 - INFO - Position/Length - Found 2 children: Position: 4th, Lost by: 1 1/2 l
2025-06-12 23:42:36,504 - INFO - Extracted: Changing the Rules (IRE) - Position: 4th, Lost by: 1 1/2 l, Jockey: J. S. McGarvey (claim: 0), Trainer: Mrs J. Harrington, Age: 6, Weight: 11-5, Rating: -
2025-06-12 23:42:36,505 - INFO - Processing sub block #7 for https://www.racingtv.com/results/2023-01-30/punchestown/1507
2025-06-12 23:42:36,505 - INFO - Found 3 <a> tags - Horse: Starzov (IRE), Jockey: Patrick O'Hanlon (claim: 5), Trainer: P. J. Rothwell
2025-06-12 23:42:36,506 - INFO - Position/Length - Found 2 children: Position: 3rd, Lost by: 7 l
2025-06-12 23:42:36,506 - INFO - Extracted: Starzov (IRE) - Position: 3rd, Lost by: 7 l, Jockey: Patrick O'Hanlon (claim: 5), Trainer: P. J. Rothwell, Age: 6, Weight: 11-11, Rating: -
2025-06-12 23:42:36,507 - INFO - Processing sub block #8 for https://www.racingtv.com/results/2023-01-30/punchestown/1507
2025-06-12 23:42:36,507 - INFO - Found 3 <a> tags - Horse: La Malmason (IRE), Jockey: Keith Donoghue (claim: 0), Trainer: Gavin Patrick Cromwell
2025-06-12 23:42:36,509 - INFO - Position/Length - Found 2 children: Position: 2nd, Lost by: 1/2 l
2025-06-12 23:42:36,509 - INFO - Extracted: La Malmason (IRE) - Position: 2nd, Lost by: 1/2 l, Jockey: Keith Donoghue (claim: 0), Trainer: Gavin Patrick Cromwell, Age: 5, Weight: 11-7, Rating: -
2025-06-12 23:42:36,509 - INFO - Processing sub block #9 for https://www.racingtv.com/results/2023-01-30/punchestown/1507
2025-06-12 23:42:36,510 - INFO - Found 3 <a> tags - Horse: Sa Fureur (IRE), Jockey: Mr R. James (claim: 7), Trainer: Gordon Elliott
2025-06-12 23:42:36,511 - INFO - Position/Length - Found 1 children: Position: 1st, Lost by: N/A
2025-06-12 23:42:36,511 - INFO - Confirmed winner: Sa Fureur (IRE)
2025-06-12 23:42:36,512 - INFO - Extracted: Sa Fureur (IRE) - Position: 1st, Lost by: N/A, Jockey: Mr R. James (claim: 7), Trainer: Gordon Elliott, Age: 6, Weight: 12-0, Rating: -
2025-06-12 23:42:36,512 - INFO - Processing sub block #10 for https://www.racingtv.com/results/2023-01-30/punchestown/1507
2025-06-12 23:42:36,512 - INFO - Found 3 <a> tags - Horse: Nephin Beg (IRE), Jockey: Jordan Colin Gainford (claim: 0), Trainer: Sean Thomas Doyle
2025-06-12 23:42:36,513 - INFO - Position/Length - Found 2 children: Position: 9th, Lost by: 27 l
2025-06-12 23:42:36,513 - INFO - Extracted: Nephin Beg (IRE) - Position: 9th, Lost by: 27 l, Jockey: Jordan Colin Gainford (claim: 0), Trainer: Sean Thomas Doyle, Age: 5, Weight: 11-4, Rating: -
2025-06-12 23:42:36,514 - INFO - Processing sub block #11 for https://www.racingtv.com/results/2023-01-30/punchestown/1507
2025-06-12 23:42:36,514 - INFO - Found 3 <a> tags - Horse: Hartur D'arc (FR), Jockey: D. J. O'Keeffe (claim: 0), Trainer: T. Gibney
2025-06-12 23:42:36,515 - INFO - Position/Length - Found 2 children: Position: 8th, Lost by: 53 l
2025-06-12 23:42:36,515 - INFO - Extracted: Hartur D'arc (FR) - Position: 8th, Lost by: 53 l, Jockey: D. J. O'Keeffe (claim: 0), Trainer: T. Gibney, Age: 6, Weight: 11-4, Rating: -
2025-06-12 23:42:36,515 - INFO - Processing sub block #12 for https://www.racingtv.com/results/2023-01-30/punchestown/1507
2025-06-12 23:42:36,516 - INFO - Found 3 <a> tags - Horse: Meetingofthewaters (IRE), Jockey: M. J. M. O'Sullivan (claim: 5), Trainer: Eugene M. O'Sullivan
2025-06-12 23:42:36,517 - INFO - Position/Length - Found 2 children: Position: 7th, Lost by: 3 1/4 l
2025-06-12 23:42:36,517 - INFO - Extracted: Meetingofthewaters (IRE) - Position: 7th, Lost by: 3 1/4 l, Jockey: M. J. M. O'Sullivan (claim: 5), Trainer: Eugene M. O'Sullivan, Age: 6, Weight: 11-4, Rating: -
2025-06-12 23:42:36,517 - INFO - Processing sub block #13 for https://www.racingtv.com/results/2023-01-30/punchestown/1507
2025-06-12 23:42:36,518 - INFO - Found 3 <a> tags - Horse: Elusive Guy (IRE), Jockey: P. T. Smithers (claim: 7), Trainer: Jarlath P. Fahey
2025-06-12 23:42:36,519 - INFO - Position/Length - Found 2 children: Position: 6th, Lost by: 1/2 l
2025-06-12 23:42:36,519 - INFO - Extracted: Elusive Guy (IRE) - Position: 6th, Lost by: 1/2 l, Jockey: P. T. Smithers (claim: 7), Trainer: Jarlath P. Fahey, Age: 5, Weight: 11-4, Rating: -
2025-06-12 23:42:36,520 - INFO - Processing sub block #14 for https://www.racingtv.com/results/2023-01-30/punchestown/1507
2025-06-12 23:42:36,520 - INFO - Found 3 <a> tags - Horse: Time Marches On (IRE), Jockey: K. E. Buckley (claim: 5), Trainer: J. D. Motherway
2025-06-12 23:42:36,521 - INFO - Position/Length - Found 2 children: Position: 5th, Lost by: 2 l
2025-06-12 23:42:36,521 - INFO - Extracted: Time Marches On (IRE) - Position: 5th, Lost by: 2 l, Jockey: K. E. Buckley (claim: 5), Trainer: J. D. Motherway, Age: 7, Weight: 11-4b1, Rating: -
2025-06-12 23:42:36,522 - INFO - Processing sub block #15 for https://www.racingtv.com/results/2023-01-30/punchestown/1507
2025-06-12 23:42:36,522 - INFO - Found 3 <a> tags - Horse: Changing the Rules (IRE), Jockey: J. S. McGarvey (claim: 0), Trainer: Mrs J. Harrington
2025-06-12 23:42:36,524 - INFO - Position/Length - Found 2 children: Position: 4th, Lost by: 1 1/2 l
2025-06-12 23:42:36,524 - INFO - Extracted: Changing the Rules (IRE) - Position: 4th, Lost by: 1 1/2 l, Jockey: J. S. McGarvey (claim: 0), Trainer: Mrs J. Harrington, Age: 6, Weight: 11-5, Rating: -
2025-06-12 23:42:36,524 - INFO - Processing sub block #16 for https://www.racingtv.com/results/2023-01-30/punchestown/1507
2025-06-12 23:42:36,525 - INFO - Found 3 <a> tags - Horse: Starzov (IRE), Jockey: Patrick O'Hanlon (claim: 5), Trainer: P. J. Rothwell
2025-06-12 23:42:36,525 - INFO - Position/Length - Found 2 children: Position: 3rd, Lost by: 7 l
2025-06-12 23:42:36,526 - INFO - Extracted: Starzov (IRE) - Position: 3rd, Lost by: 7 l, Jockey: Patrick O'Hanlon (claim: 5), Trainer: P. J. Rothwell, Age: 6, Weight: 11-11, Rating: -
2025-06-12 23:42:36,526 - INFO - Processing sub block #17 for https://www.racingtv.com/results/2023-01-30/punchestown/1507
2025-06-12 23:42:36,526 - INFO - Found 3 <a> tags - Horse: La Malmason (IRE), Jockey: Keith Donoghue (claim: 0), Trainer: Gavin Patrick Cromwell
2025-06-12 23:42:36,527 - INFO - Position/Length - Found 2 children: Position: 2nd, Lost by: 1/2 l
2025-06-12 23:42:36,528 - INFO - Extracted: La Malmason (IRE) - Position: 2nd, Lost by: 1/2 l, Jockey: Keith Donoghue (claim: 0), Trainer: Gavin Patrick Cromwell, Age: 5, Weight: 11-7, Rating: -
2025-06-12 23:42:36,528 - INFO - Processing sub block #18 for https://www.racingtv.com/results/2023-01-30/punchestown/1507
2025-06-12 23:42:36,528 - INFO - Found 3 <a> tags - Horse: Sa Fureur (IRE), Jockey: Mr R. James (claim: 7), Trainer: Gordon Elliott
2025-06-12 23:42:36,529 - INFO - Position/Length - Found 1 children: Position: 1st, Lost by: N/A
2025-06-12 23:42:36,530 - INFO - Extracted: Sa Fureur (IRE) - Position: 1st, Lost by: N/A, Jockey: Mr R. James (claim: 7), Trainer: Gordon Elliott, Age: 6, Weight: 12-0, Rating: -
2025-06-12 23:42:36,530 - INFO - Successfully extracted 18/18 horse records from https://www.racingtv.com/results/2023-01-30/punchestown/1507
2025-06-12 23:42:36,530 - INFO - :) First place horse found successfully
2025-06-12 23:42:36,530 - INFO - :) First place horse found successfully
2025-06-12 23:42:36,530 - INFO - :) First place horse found successfully
2025-06-12 23:42:36,531 - INFO - :) First place horse found successfully
2025-06-12 23:42:36,531 - INFO - :) First place horse found successfully
2025-06-12 23:42:36,531 - INFO - :) First place horse found successfully
2025-06-12 23:42:36,531 - INFO - :) First place horse found successfully
2025-06-12 23:42:36,532 - INFO - :) First place horse found successfully
2025-06-12 23:42:36,532 - INFO - :) First place horse found successfully
2025-06-12 23:42:36,532 - INFO - :) First place horse found successfully
2025-06-12 23:42:36,532 - INFO - :) First place horse found successfully
2025-06-12 23:42:36,532 - INFO - :) First place horse found successfully
2025-06-12 23:42:36,533 - INFO - :) First place horse found successfully
2025-06-12 23:42:36,533 - INFO - :) First place horse found successfully
2025-06-12 23:42:36,533 - INFO - :) First place horse found successfully
2025-06-12 23:42:36,533 - INFO - :) First place horse found successfully
2025-06-12 23:42:36,533 - INFO - :) First place horse found successfully
2025-06-12 23:42:36,534 - INFO - :) First place horse found successfully
2025-06-12 23:42:36,534 - INFO - :) First place horse found successfully
2025-06-12 23:42:36,534 - INFO - Successfully parsed 18 horse records from: https://www.racingtv.com/results/2023-01-30/punchestown/1507
2025-06-12 23:42:36,534 - INFO - Waiting 2 seconds before next request...
2025-06-12 23:42:38,535 - INFO - Batch 40 - URL 24/50: https://www.racingtv.com/results/2023-01-30/punchestown/1542
2025-06-12 23:42:38,536 - INFO - Loading page with Selenium: https://www.racingtv.com/results/2023-01-30/punchestown/1542
2025-06-12 23:42:43,284 - INFO - Racing main block detected for: https://www.racingtv.com/results/2023-01-30/punchestown/1542
2025-06-12 23:42:43,337 - INFO - Successfully loaded page: https://www.racingtv.com/results/2023-01-30/punchestown/1542
2025-06-12 23:42:43,545 - INFO - Extracted race info - Track: N/A, Date: N/A, Time: 15:42
2025-06-12 23:42:43,545 - INFO - Found 2nd h3 tag: Soft  4YO+ 2m 4f 70y Winner: €10,500 (22 runners)
2025-06-12 23:42:43,545 - INFO - Extracted - Going: Soft, Distance: 2m 4f 70y
2025-06-12 23:42:43,545 - INFO - Extracting racing data from: https://www.racingtv.com/results/2023-01-30/punchestown/1542
2025-06-12 23:42:43,545 - INFO - Processing main block #1 for https://www.racingtv.com/results/2023-01-30/punchestown/1542
2025-06-12 23:42:43,571 - INFO - Checking 2nd child of main block for first place horse...
2025-06-12 23:42:43,571 - INFO - Found alternative horse block structure with 3 links
2025-06-12 23:42:43,586 - INFO - Found alternative horse block structure with 3 links
2025-06-12 23:42:43,586 - INFO - Found alternative horse block structure with 3 links
2025-06-12 23:42:43,587 - INFO - Found alternative horse block structure with 3 links
2025-06-12 23:42:43,587 - INFO - Found alternative horse block structure with 3 links
2025-06-12 23:42:43,588 - INFO - Found alternative horse block structure with 3 links
2025-06-12 23:42:43,588 - INFO - Found alternative horse block structure with 3 links
2025-06-12 23:42:43,588 - INFO - Found alternative horse block structure with 3 links
2025-06-12 23:42:43,589 - INFO - Found alternative horse block structure with 3 links
2025-06-12 23:42:43,590 - INFO - Found alternative horse block structure with 3 links
2025-06-12 23:42:43,590 - INFO - Found alternative horse block structure with 3 links
2025-06-12 23:42:43,590 - INFO - Found alternative horse block structure with 3 links
2025-06-12 23:42:43,591 - INFO - Found alternative horse block structure with 3 links
2025-06-12 23:42:43,591 - INFO - Found alternative horse block structure with 3 links
2025-06-12 23:42:43,591 - INFO - Found alternative horse block structure with 3 links
2025-06-12 23:42:43,591 - INFO - Found alternative horse block structure with 3 links
2025-06-12 23:42:43,591 - INFO - Found alternative horse block structure with 3 links
2025-06-12 23:42:43,591 - INFO - Found alternative horse block structure with 3 links
2025-06-12 23:42:43,591 - INFO - Found alternative horse block structure with 3 links
2025-06-12 23:42:43,591 - INFO - Found alternative horse block structure with 3 links
2025-06-12 23:42:43,591 - INFO - Found alternative horse block structure with 3 links
2025-06-12 23:42:43,591 - INFO - Found alternative horse block structure with 3 links
2025-06-12 23:42:43,632 - INFO - Found likely first place horse via structure analysis: American Money (IRE)
2025-06-12 23:42:43,636 - INFO - Found potential first place horse with background styling
2025-06-12 23:42:43,636 - INFO - Found potential first place horse with background styling
2025-06-12 23:42:43,637 - INFO - Found potential first place horse with background styling
2025-06-12 23:42:43,637 - INFO - Found potential first place horse with background styling
2025-06-12 23:42:43,638 - INFO - Found potential first place horse with background styling
2025-06-12 23:42:43,638 - INFO - Found potential first place horse with background styling
2025-06-12 23:42:43,639 - INFO - Found potential first place horse with background styling
2025-06-12 23:42:43,640 - INFO - Found potential first place horse with background styling
2025-06-12 23:42:43,640 - INFO - Found potential first place horse with background styling
2025-06-12 23:42:43,641 - INFO - Found potential first place horse with background styling
2025-06-12 23:42:43,641 - INFO - Found potential first place horse with background styling
2025-06-12 23:42:43,642 - INFO - Found potential first place horse with background styling
2025-06-12 23:42:43,642 - INFO - Found potential first place horse with background styling
2025-06-12 23:42:43,642 - INFO - Found potential first place horse with background styling
2025-06-12 23:42:43,643 - INFO - Found potential first place horse with background styling
2025-06-12 23:42:43,643 - INFO - Found potential first place horse with background styling
2025-06-12 23:42:43,644 - INFO - Found potential first place horse with background styling
2025-06-12 23:42:43,644 - INFO - Found potential first place horse with background styling
2025-06-12 23:42:43,645 - INFO - Found potential first place horse with background styling
2025-06-12 23:42:43,646 - INFO - Found potential first place horse with background styling
2025-06-12 23:42:43,646 - INFO - Found potential first place horse with background styling
2025-06-12 23:42:43,646 - INFO - Found 44 horse entries for https://www.racingtv.com/results/2023-01-30/punchestown/1542 using multiple detection methods
2025-06-12 23:42:43,647 - INFO - Processing sub block #1 for https://www.racingtv.com/results/2023-01-30/punchestown/1542
2025-06-12 23:42:43,647 - INFO - Found 3 <a> tags - Horse: Ballygriffin Girl (IRE), Jockey: A. M. McCurtin (claim: 3), Trainer: J. P. Flavin
2025-06-12 23:42:43,648 - INFO - Position/Length - Found 1 children: Position: PU, Lost by: N/A
2025-06-12 23:42:43,648 - INFO - Extracted: Ballygriffin Girl (IRE) - Position: PU, Lost by: N/A, Jockey: A. M. McCurtin (claim: 3), Trainer: J. P. Flavin, Age: 5, Weight: 11-6, Rating: 87
2025-06-12 23:42:43,648 - INFO - Processing sub block #2 for https://www.racingtv.com/results/2023-01-30/punchestown/1542
2025-06-12 23:42:43,649 - INFO - Found 3 <a> tags - Horse: Scarbrook (IRE), Jockey: K. C. Sexton (claim: 0), Trainer: E. Sheehy
2025-06-12 23:42:43,650 - INFO - Position/Length - Found 1 children: Position: PU, Lost by: N/A
2025-06-12 23:42:43,650 - INFO - Extracted: Scarbrook (IRE) - Position: PU, Lost by: N/A, Jockey: K. C. Sexton (claim: 0), Trainer: E. Sheehy, Age: 4, Weight: 10-13, Rating: 95
2025-06-12 23:42:43,650 - INFO - Processing sub block #3 for https://www.racingtv.com/results/2023-01-30/punchestown/1542
2025-06-12 23:42:43,650 - INFO - Found 3 <a> tags - Horse: Tell Her Nothing (IRE), Jockey: J. S. McGarvey (claim: 0), Trainer: John Joseph Hanlon
2025-06-12 23:42:43,651 - INFO - Position/Length - Found 1 children: Position: PU, Lost by: N/A
2025-06-12 23:42:43,651 - INFO - Extracted: Tell Her Nothing (IRE) - Position: PU, Lost by: N/A, Jockey: J. S. McGarvey (claim: 0), Trainer: John Joseph Hanlon, Age: 4, Weight: 10-13, Rating: 95
2025-06-12 23:42:43,652 - INFO - Processing sub block #4 for https://www.racingtv.com/results/2023-01-30/punchestown/1542
2025-06-12 23:42:43,652 - INFO - Found 3 <a> tags - Horse: Rose Of Kalanisi (IRE), Jockey: C. D. Maxwell (claim: 0), Trainer: Paul Stafford
2025-06-12 23:42:43,653 - INFO - Position/Length - Found 1 children: Position: PU, Lost by: N/A
2025-06-12 23:42:43,653 - INFO - Extracted: Rose Of Kalanisi (IRE) - Position: PU, Lost by: N/A, Jockey: C. D. Maxwell (claim: 0), Trainer: Paul Stafford, Age: 6, Weight: 12-0, Rating: 95
2025-06-12 23:42:43,653 - INFO - Processing sub block #5 for https://www.racingtv.com/results/2023-01-30/punchestown/1542
2025-06-12 23:42:43,654 - INFO - Found 3 <a> tags - Horse: Somethingaboutcian, Jockey: Keith Donoghue (claim: 0), Trainer: Shane Nolan
2025-06-12 23:42:43,655 - INFO - Position/Length - Found 2 children: Position: 18th, Lost by: 13 l
2025-06-12 23:42:43,655 - INFO - Extracted: Somethingaboutcian - Position: 18th, Lost by: 13 l, Jockey: Keith Donoghue (claim: 0), Trainer: Shane Nolan, Age: 7, Weight: 11-5, Rating: 86
2025-06-12 23:42:43,655 - INFO - Processing sub block #6 for https://www.racingtv.com/results/2023-01-30/punchestown/1542
2025-06-12 23:42:43,656 - INFO - Found 3 <a> tags - Horse: Spring Street (IRE), Jockey: D. E. Mullins (claim: 0), Trainer: J. P. Flavin
2025-06-12 23:42:43,657 - INFO - Position/Length - Found 2 children: Position: 17th, Lost by: 5 1/2 l
2025-06-12 23:42:43,657 - INFO - Extracted: Spring Street (IRE) - Position: 17th, Lost by: 5 1/2 l, Jockey: D. E. Mullins (claim: 0), Trainer: J. P. Flavin, Age: 5, Weight: 11-11, Rating: 92
2025-06-12 23:42:43,657 - INFO - Processing sub block #7 for https://www.racingtv.com/results/2023-01-30/punchestown/1542
2025-06-12 23:42:43,658 - INFO - Found 3 <a> tags - Horse: Tenth Amendment (IRE), Jockey: Patrick O'Hanlon (claim: 5), Trainer: Keith Henry Clarke
2025-06-12 23:42:43,658 - INFO - Position/Length - Found 2 children: Position: 16th, Lost by: 8 l
2025-06-12 23:42:43,659 - INFO - Extracted: Tenth Amendment (IRE) - Position: 16th, Lost by: 8 l, Jockey: Patrick O'Hanlon (claim: 5), Trainer: Keith Henry Clarke, Age: 9, Weight: 11-7t, Rating: 88
2025-06-12 23:42:43,659 - INFO - Processing sub block #8 for https://www.racingtv.com/results/2023-01-30/punchestown/1542
2025-06-12 23:42:43,659 - INFO - Found 3 <a> tags - Horse: Little Token (IRE), Jockey: M. P. O'Connor (claim: 5), Trainer: J. P. O'Keeffe
2025-06-12 23:42:43,660 - INFO - Position/Length - Found 2 children: Position: 15th, Lost by: 27 l
2025-06-12 23:42:43,660 - INFO - Extracted: Little Token (IRE) - Position: 15th, Lost by: 27 l, Jockey: M. P. O'Connor (claim: 5), Trainer: J. P. O'Keeffe, Age: 8, Weight: 11-10t, Rating: 91
2025-06-12 23:42:43,661 - INFO - Processing sub block #9 for https://www.racingtv.com/results/2023-01-30/punchestown/1542
2025-06-12 23:42:43,661 - INFO - Found 3 <a> tags - Horse: Monoxide, Jockey: Gavin Peter Brouder (claim: 5), Trainer: Neill McCluskey
2025-06-12 23:42:43,662 - INFO - Position/Length - Found 2 children: Position: 14th, Lost by: 12 l
2025-06-12 23:42:43,662 - INFO - Extracted: Monoxide - Position: 14th, Lost by: 12 l, Jockey: Gavin Peter Brouder (claim: 5), Trainer: Neill McCluskey, Age: 8, Weight: 10-13tb, Rating: 80
2025-06-12 23:42:43,662 - INFO - Processing sub block #10 for https://www.racingtv.com/results/2023-01-30/punchestown/1542
2025-06-12 23:42:43,663 - INFO - Found 3 <a> tags - Horse: Jimli's Glory, Jockey: C. P. McNamara (claim: 0), Trainer: R. K. Watson
2025-06-12 23:42:43,664 - INFO - Position/Length - Found 2 children: Position: 13th, Lost by: Neck
2025-06-12 23:42:43,664 - INFO - Extracted: Jimli's Glory - Position: 13th, Lost by: Neck, Jockey: C. P. McNamara (claim: 0), Trainer: R. K. Watson, Age: 6, Weight: 11-3, Rating: 84
2025-06-12 23:42:43,664 - INFO - Processing sub block #11 for https://www.racingtv.com/results/2023-01-30/punchestown/1542
2025-06-12 23:42:43,664 - INFO - Found 3 <a> tags - Horse: Cafe Del Mar (IRE), Jockey: P. Byrnes (claim: 5), Trainer: David J. Phelan
2025-06-12 23:42:43,665 - INFO - Position/Length - Found 2 children: Position: 12th, Lost by: 6 l
2025-06-12 23:42:43,665 - INFO - Extracted: Cafe Del Mar (IRE) - Position: 12th, Lost by: 6 l, Jockey: P. Byrnes (claim: 5), Trainer: David J. Phelan, Age: 7, Weight: 11-12, Rating: 93
2025-06-12 23:42:43,666 - INFO - Processing sub block #12 for https://www.racingtv.com/results/2023-01-30/punchestown/1542
2025-06-12 23:42:43,666 - INFO - Found 3 <a> tags - Horse: Thefaithfulindian (IRE), Jockey: S. D. Torrens (claim: 0), Trainer: Aidan Anthony Howard
2025-06-12 23:42:43,667 - INFO - Position/Length - Found 2 children: Position: 11th, Lost by: 1/2 l
2025-06-12 23:42:43,667 - INFO - Extracted: Thefaithfulindian (IRE) - Position: 11th, Lost by: 1/2 l, Jockey: S. D. Torrens (claim: 0), Trainer: Aidan Anthony Howard, Age: 8, Weight: 11-8ht, Rating: 89
2025-06-12 23:42:43,667 - INFO - Processing sub block #13 for https://www.racingtv.com/results/2023-01-30/punchestown/1542
2025-06-12 23:42:43,668 - INFO - Found 3 <a> tags - Horse: Leading The Way (IRE), Jockey: R. A. Doyle (claim: 0), Trainer: Gillian Scott
2025-06-12 23:42:43,669 - INFO - Position/Length - Found 2 children: Position: 10th, Lost by: Neck
2025-06-12 23:42:43,669 - INFO - Extracted: Leading The Way (IRE) - Position: 10th, Lost by: Neck, Jockey: R. A. Doyle (claim: 0), Trainer: Gillian Scott, Age: 7, Weight: 11-5, Rating: 86
2025-06-12 23:42:43,669 - INFO - Processing sub block #14 for https://www.racingtv.com/results/2023-01-30/punchestown/1542
2025-06-12 23:42:43,670 - INFO - Found 3 <a> tags - Horse: Red Finch (IRE), Jockey: C. M. Quirke (claim: 7), Trainer: Timothy Doyle
2025-06-12 23:42:43,671 - INFO - Position/Length - Found 2 children: Position: 9th, Lost by: 1 1/4 l
2025-06-12 23:42:43,671 - INFO - Extracted: Red Finch (IRE) - Position: 9th, Lost by: 1 1/4 l, Jockey: C. M. Quirke (claim: 7), Trainer: Timothy Doyle, Age: 9, Weight: 10-13, Rating: 80
2025-06-12 23:42:43,672 - INFO - Processing sub block #15 for https://www.racingtv.com/results/2023-01-30/punchestown/1542
2025-06-12 23:42:43,672 - INFO - Found 3 <a> tags - Horse: Deux Par Deux (FR), Jockey: Sean Flanagan (claim: 0), Trainer: Mrs Denise Foster
2025-06-12 23:42:43,673 - INFO - Position/Length - Found 2 children: Position: 8th, Lost by: 1 1/4 l
2025-06-12 23:42:43,674 - INFO - Extracted: Deux Par Deux (FR) - Position: 8th, Lost by: 1 1/4 l, Jockey: Sean Flanagan (claim: 0), Trainer: Mrs Denise Foster, Age: 9, Weight: 11-11tp, Rating: 92
2025-06-12 23:42:43,674 - INFO - Processing sub block #16 for https://www.racingtv.com/results/2023-01-30/punchestown/1542
2025-06-12 23:42:43,675 - INFO - Found 3 <a> tags - Horse: Brownstone (IRE), Jockey: Miss A. L. Fitzgibbon (claim: 7), Trainer: Michael Winters
2025-06-12 23:42:43,675 - INFO - Position/Length - Found 2 children: Position: 7th, Lost by: 9 l
2025-06-12 23:42:43,676 - INFO - Extracted: Brownstone (IRE) - Position: 7th, Lost by: 9 l, Jockey: Miss A. L. Fitzgibbon (claim: 7), Trainer: Michael Winters, Age: 7, Weight: 11-6t, Rating: 87
2025-06-12 23:42:43,676 - INFO - Processing sub block #17 for https://www.racingtv.com/results/2023-01-30/punchestown/1542
2025-06-12 23:42:43,676 - INFO - Found 3 <a> tags - Horse: Crafty Gael (IRE), Jockey: S. O'Callaghan (claim: 7), Trainer: Ross O'Sullivan
2025-06-12 23:42:43,677 - INFO - Position/Length - Found 2 children: Position: 6th, Lost by: 2 l
2025-06-12 23:42:43,677 - INFO - Extracted: Crafty Gael (IRE) - Position: 6th, Lost by: 2 l, Jockey: S. O'Callaghan (claim: 7), Trainer: Ross O'Sullivan, Age: 4, Weight: 10-6, Rating: 88
2025-06-12 23:42:43,677 - INFO - Processing sub block #18 for https://www.racingtv.com/results/2023-01-30/punchestown/1542
2025-06-12 23:42:43,678 - INFO - Found 3 <a> tags - Horse: Wee Charlie (IRE), Jockey: D. J. O'Keeffe (claim: 0), Trainer: T. Gibney
2025-06-12 23:42:43,679 - INFO - Position/Length - Found 2 children: Position: 5th, Lost by: 1 1/4 l
2025-06-12 23:42:43,679 - INFO - Extracted: Wee Charlie (IRE) - Position: 5th, Lost by: 1 1/4 l, Jockey: D. J. O'Keeffe (claim: 0), Trainer: T. Gibney, Age: 6, Weight: 11-9, Rating: 90
2025-06-12 23:42:43,679 - INFO - Processing sub block #19 for https://www.racingtv.com/results/2023-01-30/punchestown/1542
2025-06-12 23:42:43,680 - INFO - Found 3 <a> tags - Horse: Fox Le Bel (FR), Jockey: A. P. Kelly (claim: 7), Trainer: Miss Elizabeth Doyle
2025-06-12 23:42:43,681 - INFO - Position/Length - Found 2 children: Position: 4th, Lost by: 2 1/2 l
2025-06-12 23:42:43,681 - INFO - Extracted: Fox Le Bel (FR) - Position: 4th, Lost by: 2 1/2 l, Jockey: A. P. Kelly (claim: 7), Trainer: Miss Elizabeth Doyle, Age: 8, Weight: 11-5p, Rating: 86
2025-06-12 23:42:43,681 - INFO - Processing sub block #20 for https://www.racingtv.com/results/2023-01-30/punchestown/1542
2025-06-12 23:42:43,681 - INFO - Found 3 <a> tags - Horse: Bint Freya (IRE), Jockey: B. J. Cooper (claim: 0), Trainer: Thomas Cooper
2025-06-12 23:42:43,682 - INFO - Position/Length - Found 2 children: Position: 3rd, Lost by: 1 3/4 l
2025-06-12 23:42:43,682 - INFO - Extracted: Bint Freya (IRE) - Position: 3rd, Lost by: 1 3/4 l, Jockey: B. J. Cooper (claim: 0), Trainer: Thomas Cooper, Age: 6, Weight: 11-7, Rating: 88
2025-06-12 23:42:43,682 - INFO - Processing sub block #21 for https://www.racingtv.com/results/2023-01-30/punchestown/1542
2025-06-12 23:42:43,683 - INFO - Found 3 <a> tags - Horse: Glenabo Bridge (IRE), Jockey: J. I. Duggan (claim: 7), Trainer: Oliver McKiernan
2025-06-12 23:42:43,684 - INFO - Position/Length - Found 2 children: Position: 2nd, Lost by: 1 l
2025-06-12 23:42:43,684 - INFO - Extracted: Glenabo Bridge (IRE) - Position: 2nd, Lost by: 1 l, Jockey: J. I. Duggan (claim: 7), Trainer: Oliver McKiernan, Age: 12, Weight: 11-2tv1, Rating: 83
2025-06-12 23:42:43,684 - INFO - Processing sub block #22 for https://www.racingtv.com/results/2023-01-30/punchestown/1542
2025-06-12 23:42:43,685 - INFO - Found 3 <a> tags - Horse: American Money (IRE), Jockey: K. E. Buckley (claim: 5), Trainer: Eddie & Patrick Harty
2025-06-12 23:42:43,685 - INFO - Position/Length - Found 1 children: Position: 1st, Lost by: N/A
2025-06-12 23:42:43,685 - INFO - Confirmed winner: American Money (IRE)
2025-06-12 23:42:43,685 - INFO - Extracted: American Money (IRE) - Position: 1st, Lost by: N/A, Jockey: K. E. Buckley (claim: 5), Trainer: Eddie & Patrick Harty, Age: 6, Weight: 12-0, Rating: 95
2025-06-12 23:42:43,687 - INFO - Processing sub block #23 for https://www.racingtv.com/results/2023-01-30/punchestown/1542
2025-06-12 23:42:43,687 - INFO - Found 3 <a> tags - Horse: Ballygriffin Girl (IRE), Jockey: A. M. McCurtin (claim: 3), Trainer: J. P. Flavin
2025-06-12 23:42:43,688 - INFO - Position/Length - Found 1 children: Position: PU, Lost by: N/A
2025-06-12 23:42:43,688 - INFO - Extracted: Ballygriffin Girl (IRE) - Position: PU, Lost by: N/A, Jockey: A. M. McCurtin (claim: 3), Trainer: J. P. Flavin, Age: 5, Weight: 11-6, Rating: 87
2025-06-12 23:42:43,689 - INFO - Processing sub block #24 for https://www.racingtv.com/results/2023-01-30/punchestown/1542
2025-06-12 23:42:43,689 - INFO - Found 3 <a> tags - Horse: Scarbrook (IRE), Jockey: K. C. Sexton (claim: 0), Trainer: E. Sheehy
2025-06-12 23:42:43,690 - INFO - Position/Length - Found 1 children: Position: PU, Lost by: N/A
2025-06-12 23:42:43,690 - INFO - Extracted: Scarbrook (IRE) - Position: PU, Lost by: N/A, Jockey: K. C. Sexton (claim: 0), Trainer: E. Sheehy, Age: 4, Weight: 10-13, Rating: 95
2025-06-12 23:42:43,690 - INFO - Processing sub block #25 for https://www.racingtv.com/results/2023-01-30/punchestown/1542
2025-06-12 23:42:43,690 - INFO - Found 3 <a> tags - Horse: Tell Her Nothing (IRE), Jockey: J. S. McGarvey (claim: 0), Trainer: John Joseph Hanlon
2025-06-12 23:42:43,691 - INFO - Position/Length - Found 1 children: Position: PU, Lost by: N/A
2025-06-12 23:42:43,691 - INFO - Extracted: Tell Her Nothing (IRE) - Position: PU, Lost by: N/A, Jockey: J. S. McGarvey (claim: 0), Trainer: John Joseph Hanlon, Age: 4, Weight: 10-13, Rating: 95
2025-06-12 23:42:43,692 - INFO - Processing sub block #26 for https://www.racingtv.com/results/2023-01-30/punchestown/1542
2025-06-12 23:42:43,692 - INFO - Found 3 <a> tags - Horse: Rose Of Kalanisi (IRE), Jockey: C. D. Maxwell (claim: 0), Trainer: Paul Stafford
2025-06-12 23:42:43,693 - INFO - Position/Length - Found 1 children: Position: PU, Lost by: N/A
2025-06-12 23:42:43,693 - INFO - Extracted: Rose Of Kalanisi (IRE) - Position: PU, Lost by: N/A, Jockey: C. D. Maxwell (claim: 0), Trainer: Paul Stafford, Age: 6, Weight: 12-0, Rating: 95
2025-06-12 23:42:43,693 - INFO - Processing sub block #27 for https://www.racingtv.com/results/2023-01-30/punchestown/1542
2025-06-12 23:42:43,693 - INFO - Found 3 <a> tags - Horse: Somethingaboutcian, Jockey: Keith Donoghue (claim: 0), Trainer: Shane Nolan
2025-06-12 23:42:43,694 - INFO - Position/Length - Found 2 children: Position: 18th, Lost by: 13 l
2025-06-12 23:42:43,694 - INFO - Extracted: Somethingaboutcian - Position: 18th, Lost by: 13 l, Jockey: Keith Donoghue (claim: 0), Trainer: Shane Nolan, Age: 7, Weight: 11-5, Rating: 86
2025-06-12 23:42:43,694 - INFO - Processing sub block #28 for https://www.racingtv.com/results/2023-01-30/punchestown/1542
2025-06-12 23:42:43,696 - INFO - Found 3 <a> tags - Horse: Spring Street (IRE), Jockey: D. E. Mullins (claim: 0), Trainer: J. P. Flavin
2025-06-12 23:42:43,696 - INFO - Position/Length - Found 2 children: Position: 17th, Lost by: 5 1/2 l
2025-06-12 23:42:43,696 - INFO - Extracted: Spring Street (IRE) - Position: 17th, Lost by: 5 1/2 l, Jockey: D. E. Mullins (claim: 0), Trainer: J. P. Flavin, Age: 5, Weight: 11-11, Rating: 92
2025-06-12 23:42:43,697 - INFO - Processing sub block #29 for https://www.racingtv.com/results/2023-01-30/punchestown/1542
2025-06-12 23:42:43,697 - INFO - Found 3 <a> tags - Horse: Tenth Amendment (IRE), Jockey: Patrick O'Hanlon (claim: 5), Trainer: Keith Henry Clarke
2025-06-12 23:42:43,698 - INFO - Position/Length - Found 2 children: Position: 16th, Lost by: 8 l
2025-06-12 23:42:43,698 - INFO - Extracted: Tenth Amendment (IRE) - Position: 16th, Lost by: 8 l, Jockey: Patrick O'Hanlon (claim: 5), Trainer: Keith Henry Clarke, Age: 9, Weight: 11-7t, Rating: 88
2025-06-12 23:42:43,698 - INFO - Processing sub block #30 for https://www.racingtv.com/results/2023-01-30/punchestown/1542
2025-06-12 23:42:43,698 - INFO - Found 3 <a> tags - Horse: Little Token (IRE), Jockey: M. P. O'Connor (claim: 5), Trainer: J. P. O'Keeffe
2025-06-12 23:42:43,699 - INFO - Position/Length - Found 2 children: Position: 15th, Lost by: 27 l
2025-06-12 23:42:43,699 - INFO - Extracted: Little Token (IRE) - Position: 15th, Lost by: 27 l, Jockey: M. P. O'Connor (claim: 5), Trainer: J. P. O'Keeffe, Age: 8, Weight: 11-10t, Rating: 91
2025-06-12 23:42:43,699 - INFO - Processing sub block #31 for https://www.racingtv.com/results/2023-01-30/punchestown/1542
2025-06-12 23:42:43,700 - INFO - Found 3 <a> tags - Horse: Monoxide, Jockey: Gavin Peter Brouder (claim: 5), Trainer: Neill McCluskey
2025-06-12 23:42:43,701 - INFO - Position/Length - Found 2 children: Position: 14th, Lost by: 12 l
2025-06-12 23:42:43,701 - INFO - Extracted: Monoxide - Position: 14th, Lost by: 12 l, Jockey: Gavin Peter Brouder (claim: 5), Trainer: Neill McCluskey, Age: 8, Weight: 10-13tb, Rating: 80
2025-06-12 23:42:43,702 - INFO - Processing sub block #32 for https://www.racingtv.com/results/2023-01-30/punchestown/1542
2025-06-12 23:42:43,702 - INFO - Found 3 <a> tags - Horse: Jimli's Glory, Jockey: C. P. McNamara (claim: 0), Trainer: R. K. Watson
2025-06-12 23:42:43,703 - INFO - Position/Length - Found 2 children: Position: 13th, Lost by: Neck
2025-06-12 23:42:43,703 - INFO - Extracted: Jimli's Glory - Position: 13th, Lost by: Neck, Jockey: C. P. McNamara (claim: 0), Trainer: R. K. Watson, Age: 6, Weight: 11-3, Rating: 84
2025-06-12 23:42:43,703 - INFO - Processing sub block #33 for https://www.racingtv.com/results/2023-01-30/punchestown/1542
2025-06-12 23:42:43,704 - INFO - Found 3 <a> tags - Horse: Cafe Del Mar (IRE), Jockey: P. Byrnes (claim: 5), Trainer: David J. Phelan
2025-06-12 23:42:43,704 - INFO - Position/Length - Found 2 children: Position: 12th, Lost by: 6 l
2025-06-12 23:42:43,704 - INFO - Extracted: Cafe Del Mar (IRE) - Position: 12th, Lost by: 6 l, Jockey: P. Byrnes (claim: 5), Trainer: David J. Phelan, Age: 7, Weight: 11-12, Rating: 93
2025-06-12 23:42:43,705 - INFO - Processing sub block #34 for https://www.racingtv.com/results/2023-01-30/punchestown/1542
2025-06-12 23:42:43,705 - INFO - Found 3 <a> tags - Horse: Thefaithfulindian (IRE), Jockey: S. D. Torrens (claim: 0), Trainer: Aidan Anthony Howard
2025-06-12 23:42:43,706 - INFO - Position/Length - Found 2 children: Position: 11th, Lost by: 1/2 l
2025-06-12 23:42:43,706 - INFO - Extracted: Thefaithfulindian (IRE) - Position: 11th, Lost by: 1/2 l, Jockey: S. D. Torrens (claim: 0), Trainer: Aidan Anthony Howard, Age: 8, Weight: 11-8ht, Rating: 89
2025-06-12 23:42:43,707 - INFO - Processing sub block #35 for https://www.racingtv.com/results/2023-01-30/punchestown/1542
2025-06-12 23:42:43,707 - INFO - Found 3 <a> tags - Horse: Leading The Way (IRE), Jockey: R. A. Doyle (claim: 0), Trainer: Gillian Scott
2025-06-12 23:42:43,708 - INFO - Position/Length - Found 2 children: Position: 10th, Lost by: Neck
2025-06-12 23:42:43,708 - INFO - Extracted: Leading The Way (IRE) - Position: 10th, Lost by: Neck, Jockey: R. A. Doyle (claim: 0), Trainer: Gillian Scott, Age: 7, Weight: 11-5, Rating: 86
2025-06-12 23:42:43,708 - INFO - Processing sub block #36 for https://www.racingtv.com/results/2023-01-30/punchestown/1542
2025-06-12 23:42:43,709 - INFO - Found 3 <a> tags - Horse: Red Finch (IRE), Jockey: C. M. Quirke (claim: 7), Trainer: Timothy Doyle
2025-06-12 23:42:43,709 - INFO - Position/Length - Found 2 children: Position: 9th, Lost by: 1 1/4 l
2025-06-12 23:42:43,709 - INFO - Extracted: Red Finch (IRE) - Position: 9th, Lost by: 1 1/4 l, Jockey: C. M. Quirke (claim: 7), Trainer: Timothy Doyle, Age: 9, Weight: 10-13, Rating: 80
2025-06-12 23:42:43,710 - INFO - Processing sub block #37 for https://www.racingtv.com/results/2023-01-30/punchestown/1542
2025-06-12 23:42:43,710 - INFO - Found 3 <a> tags - Horse: Deux Par Deux (FR), Jockey: Sean Flanagan (claim: 0), Trainer: Mrs Denise Foster
2025-06-12 23:42:43,711 - INFO - Position/Length - Found 2 children: Position: 8th, Lost by: 1 1/4 l
2025-06-12 23:42:43,711 - INFO - Extracted: Deux Par Deux (FR) - Position: 8th, Lost by: 1 1/4 l, Jockey: Sean Flanagan (claim: 0), Trainer: Mrs Denise Foster, Age: 9, Weight: 11-11tp, Rating: 92
2025-06-12 23:42:43,711 - INFO - Processing sub block #38 for https://www.racingtv.com/results/2023-01-30/punchestown/1542
2025-06-12 23:42:43,712 - INFO - Found 3 <a> tags - Horse: Brownstone (IRE), Jockey: Miss A. L. Fitzgibbon (claim: 7), Trainer: Michael Winters
2025-06-12 23:42:43,712 - INFO - Position/Length - Found 2 children: Position: 7th, Lost by: 9 l
2025-06-12 23:42:43,712 - INFO - Extracted: Brownstone (IRE) - Position: 7th, Lost by: 9 l, Jockey: Miss A. L. Fitzgibbon (claim: 7), Trainer: Michael Winters, Age: 7, Weight: 11-6t, Rating: 87
2025-06-12 23:42:43,713 - INFO - Processing sub block #39 for https://www.racingtv.com/results/2023-01-30/punchestown/1542
2025-06-12 23:42:43,713 - INFO - Found 3 <a> tags - Horse: Crafty Gael (IRE), Jockey: S. O'Callaghan (claim: 7), Trainer: Ross O'Sullivan
2025-06-12 23:42:43,714 - INFO - Position/Length - Found 2 children: Position: 6th, Lost by: 2 l
2025-06-12 23:42:43,714 - INFO - Extracted: Crafty Gael (IRE) - Position: 6th, Lost by: 2 l, Jockey: S. O'Callaghan (claim: 7), Trainer: Ross O'Sullivan, Age: 4, Weight: 10-6, Rating: 88
2025-06-12 23:42:43,714 - INFO - Processing sub block #40 for https://www.racingtv.com/results/2023-01-30/punchestown/1542
2025-06-12 23:42:43,714 - INFO - Found 3 <a> tags - Horse: Wee Charlie (IRE), Jockey: D. J. O'Keeffe (claim: 0), Trainer: T. Gibney
2025-06-12 23:42:43,715 - INFO - Position/Length - Found 2 children: Position: 5th, Lost by: 1 1/4 l
2025-06-12 23:42:43,715 - INFO - Extracted: Wee Charlie (IRE) - Position: 5th, Lost by: 1 1/4 l, Jockey: D. J. O'Keeffe (claim: 0), Trainer: T. Gibney, Age: 6, Weight: 11-9, Rating: 90
2025-06-12 23:42:43,715 - INFO - Processing sub block #41 for https://www.racingtv.com/results/2023-01-30/punchestown/1542
2025-06-12 23:42:43,716 - INFO - Found 3 <a> tags - Horse: Fox Le Bel (FR), Jockey: A. P. Kelly (claim: 7), Trainer: Miss Elizabeth Doyle
2025-06-12 23:42:43,717 - INFO - Position/Length - Found 2 children: Position: 4th, Lost by: 2 1/2 l
2025-06-12 23:42:43,717 - INFO - Extracted: Fox Le Bel (FR) - Position: 4th, Lost by: 2 1/2 l, Jockey: A. P. Kelly (claim: 7), Trainer: Miss Elizabeth Doyle, Age: 8, Weight: 11-5p, Rating: 86
2025-06-12 23:42:43,717 - INFO - Processing sub block #42 for https://www.racingtv.com/results/2023-01-30/punchestown/1542
2025-06-12 23:42:43,717 - INFO - Found 3 <a> tags - Horse: Bint Freya (IRE), Jockey: B. J. Cooper (claim: 0), Trainer: Thomas Cooper
2025-06-12 23:42:43,718 - INFO - Position/Length - Found 2 children: Position: 3rd, Lost by: 1 3/4 l
2025-06-12 23:42:43,718 - INFO - Extracted: Bint Freya (IRE) - Position: 3rd, Lost by: 1 3/4 l, Jockey: B. J. Cooper (claim: 0), Trainer: Thomas Cooper, Age: 6, Weight: 11-7, Rating: 88
2025-06-12 23:42:43,718 - INFO - Processing sub block #43 for https://www.racingtv.com/results/2023-01-30/punchestown/1542
2025-06-12 23:42:43,719 - INFO - Found 3 <a> tags - Horse: Glenabo Bridge (IRE), Jockey: J. I. Duggan (claim: 7), Trainer: Oliver McKiernan
2025-06-12 23:42:43,719 - INFO - Position/Length - Found 2 children: Position: 2nd, Lost by: 1 l
2025-06-12 23:42:43,720 - INFO - Extracted: Glenabo Bridge (IRE) - Position: 2nd, Lost by: 1 l, Jockey: J. I. Duggan (claim: 7), Trainer: Oliver McKiernan, Age: 12, Weight: 11-2tv1, Rating: 83
2025-06-12 23:42:43,720 - INFO - Processing sub block #44 for https://www.racingtv.com/results/2023-01-30/punchestown/1542
2025-06-12 23:42:43,720 - INFO - Found 3 <a> tags - Horse: American Money (IRE), Jockey: K. E. Buckley (claim: 5), Trainer: Eddie & Patrick Harty
2025-06-12 23:42:43,721 - INFO - Position/Length - Found 1 children: Position: 1st, Lost by: N/A
2025-06-12 23:42:43,721 - INFO - Extracted: American Money (IRE) - Position: 1st, Lost by: N/A, Jockey: K. E. Buckley (claim: 5), Trainer: Eddie & Patrick Harty, Age: 6, Weight: 12-0, Rating: 95
2025-06-12 23:42:43,722 - INFO - Successfully extracted 44/44 horse records from https://www.racingtv.com/results/2023-01-30/punchestown/1542
2025-06-12 23:42:43,722 - INFO - :) First place horse found successfully
2025-06-12 23:42:43,722 - INFO - :) First place horse found successfully
2025-06-12 23:42:43,722 - INFO - :) First place horse found successfully
2025-06-12 23:42:43,723 - INFO - :) First place horse found successfully
2025-06-12 23:42:43,723 - INFO - :) First place horse found successfully
2025-06-12 23:42:43,723 - INFO - :) First place horse found successfully
2025-06-12 23:42:43,723 - INFO - :) First place horse found successfully
2025-06-12 23:42:43,723 - INFO - :) First place horse found successfully
2025-06-12 23:42:43,724 - INFO - :) First place horse found successfully
2025-06-12 23:42:43,724 - INFO - :) First place horse found successfully
2025-06-12 23:42:43,724 - INFO - :) First place horse found successfully
2025-06-12 23:42:43,724 - INFO - :) First place horse found successfully
2025-06-12 23:42:43,724 - INFO - :) First place horse found successfully
2025-06-12 23:42:43,725 - INFO - :) First place horse found successfully
2025-06-12 23:42:43,725 - INFO - :) First place horse found successfully
2025-06-12 23:42:43,725 - INFO - :) First place horse found successfully
2025-06-12 23:42:43,725 - INFO - :) First place horse found successfully
2025-06-12 23:42:43,725 - INFO - :) First place horse found successfully
2025-06-12 23:42:43,725 - INFO - :) First place horse found successfully
2025-06-12 23:42:43,726 - INFO - :) First place horse found successfully
2025-06-12 23:42:43,726 - INFO - :) First place horse found successfully
2025-06-12 23:42:43,726 - INFO - :) First place horse found successfully
2025-06-12 23:42:43,726 - INFO - :) First place horse found successfully
2025-06-12 23:42:43,726 - INFO - :) First place horse found successfully
2025-06-12 23:42:43,727 - INFO - :) First place horse found successfully
2025-06-12 23:42:43,727 - INFO - :) First place horse found successfully
2025-06-12 23:42:43,727 - INFO - :) First place horse found successfully
2025-06-12 23:42:43,727 - INFO - :) First place horse found successfully
2025-06-12 23:42:43,727 - INFO - :) First place horse found successfully
2025-06-12 23:42:43,727 - INFO - :) First place horse found successfully
2025-06-12 23:42:43,728 - INFO - :) First place horse found successfully
2025-06-12 23:42:43,728 - INFO - :) First place horse found successfully
2025-06-12 23:42:43,728 - INFO - :) First place horse found successfully
2025-06-12 23:42:43,728 - INFO - :) First place horse found successfully
2025-06-12 23:42:43,728 - INFO - :) First place horse found successfully
2025-06-12 23:42:43,729 - INFO - :) First place horse found successfully
2025-06-12 23:42:43,729 - INFO - :) First place horse found successfully
2025-06-12 23:42:43,729 - INFO - :) First place horse found successfully
2025-06-12 23:42:43,729 - INFO - :) First place horse found successfully
2025-06-12 23:42:43,729 - INFO - :) First place horse found successfully
2025-06-12 23:42:43,729 - INFO - :) First place horse found successfully
2025-06-12 23:42:43,730 - INFO - :) First place horse found successfully
2025-06-12 23:42:43,730 - INFO - :) First place horse found successfully
2025-06-12 23:42:43,730 - INFO - :) First place horse found successfully
2025-06-12 23:42:43,730 - INFO - :) First place horse found successfully
2025-06-12 23:42:43,730 - INFO - Successfully parsed 44 horse records from: https://www.racingtv.com/results/2023-01-30/punchestown/1542
2025-06-12 23:42:43,731 - INFO - Waiting 2 seconds before next request...
2025-06-12 23:42:45,731 - INFO - Batch 40 - URL 25/50: https://www.racingtv.com/results/2023-01-30/punchestown/1617
2025-06-12 23:42:45,732 - INFO - Loading page with Selenium: https://www.racingtv.com/results/2023-01-30/punchestown/1617
2025-06-12 23:42:50,565 - INFO - Racing main block detected for: https://www.racingtv.com/results/2023-01-30/punchestown/1617
2025-06-12 23:42:50,620 - INFO - Successfully loaded page: https://www.racingtv.com/results/2023-01-30/punchestown/1617
2025-06-12 23:42:50,794 - INFO - Extracted race info - Track: N/A, Date: N/A, Time: 16:17
2025-06-12 23:42:50,794 - INFO - Found 2nd h3 tag: Soft  5YO+ 3m 20y Winner: €10,500 (20 runners)
2025-06-12 23:42:50,794 - INFO - Extracted - Going: Soft, Distance: 3m 20y
2025-06-12 23:42:50,794 - INFO - Extracting racing data from: https://www.racingtv.com/results/2023-01-30/punchestown/1617
2025-06-12 23:42:50,794 - INFO - Processing main block #1 for https://www.racingtv.com/results/2023-01-30/punchestown/1617
2025-06-12 23:42:50,821 - INFO - Checking 2nd child of main block for first place horse...
2025-06-12 23:42:50,826 - INFO - Found alternative horse block structure with 3 links
2025-06-12 23:42:50,826 - INFO - Found alternative horse block structure with 3 links
2025-06-12 23:42:50,836 - INFO - Found alternative horse block structure with 3 links
2025-06-12 23:42:50,836 - INFO - Found alternative horse block structure with 3 links
2025-06-12 23:42:50,836 - INFO - Found alternative horse block structure with 3 links
2025-06-12 23:42:50,837 - INFO - Found alternative horse block structure with 3 links
2025-06-12 23:42:50,837 - INFO - Found alternative horse block structure with 3 links
2025-06-12 23:42:50,837 - INFO - Found alternative horse block structure with 3 links
2025-06-12 23:42:50,838 - INFO - Found alternative horse block structure with 3 links
2025-06-12 23:42:50,838 - INFO - Found alternative horse block structure with 3 links
2025-06-12 23:42:50,839 - INFO - Found alternative horse block structure with 3 links
2025-06-12 23:42:50,839 - INFO - Found alternative horse block structure with 3 links
2025-06-12 23:42:50,840 - INFO - Found alternative horse block structure with 3 links
2025-06-12 23:42:50,840 - INFO - Found alternative horse block structure with 3 links
2025-06-12 23:42:50,840 - INFO - Found alternative horse block structure with 3 links
2025-06-12 23:42:50,840 - INFO - Found alternative horse block structure with 3 links
2025-06-12 23:42:50,840 - INFO - Found alternative horse block structure with 3 links
2025-06-12 23:42:50,840 - INFO - Found alternative horse block structure with 3 links
2025-06-12 23:42:50,840 - INFO - Found alternative horse block structure with 3 links
2025-06-12 23:42:50,840 - INFO - Found alternative horse block structure with 3 links
2025-06-12 23:42:50,878 - INFO - Found likely first place horse via structure analysis: Ishan (FR)
2025-06-12 23:42:50,882 - INFO - Found potential first place horse with background styling
2025-06-12 23:42:50,882 - INFO - Found potential first place horse with background styling
2025-06-12 23:42:50,883 - INFO - Found potential first place horse with background styling
2025-06-12 23:42:50,883 - INFO - Found potential first place horse with background styling
2025-06-12 23:42:50,884 - INFO - Found potential first place horse with background styling
2025-06-12 23:42:50,884 - INFO - Found potential first place horse with background styling
2025-06-12 23:42:50,884 - INFO - Found potential first place horse with background styling
2025-06-12 23:42:50,885 - INFO - Found potential first place horse with background styling
2025-06-12 23:42:50,885 - INFO - Found potential first place horse with background styling
2025-06-12 23:42:50,885 - INFO - Found potential first place horse with background styling
2025-06-12 23:42:50,886 - INFO - Found potential first place horse with background styling
2025-06-12 23:42:50,886 - INFO - Found potential first place horse with background styling
2025-06-12 23:42:50,887 - INFO - Found potential first place horse with background styling
2025-06-12 23:42:50,887 - INFO - Found potential first place horse with background styling
2025-06-12 23:42:50,888 - INFO - Found potential first place horse with background styling
2025-06-12 23:42:50,888 - INFO - Found potential first place horse with background styling
2025-06-12 23:42:50,889 - INFO - Found potential first place horse with background styling
2025-06-12 23:42:50,890 - INFO - Found potential first place horse with background styling
2025-06-12 23:42:50,890 - INFO - Found potential first place horse with background styling
2025-06-12 23:42:50,891 - INFO - Found 40 horse entries for https://www.racingtv.com/results/2023-01-30/punchestown/1617 using multiple detection methods
2025-06-12 23:42:50,891 - INFO - Processing sub block #1 for https://www.racingtv.com/results/2023-01-30/punchestown/1617
2025-06-12 23:42:50,891 - INFO - Found 3 <a> tags - Horse: Allez George (IRE), Jockey: Donagh Meyler (claim: 0), Trainer: James M. Barcoe
2025-06-12 23:42:50,892 - INFO - Position/Length - Found 1 children: Position: PU, Lost by: N/A
2025-06-12 23:42:50,892 - INFO - Extracted: Allez George (IRE) - Position: PU, Lost by: N/A, Jockey: Donagh Meyler (claim: 0), Trainer: James M. Barcoe, Age: 9, Weight: 10-13t, Rating: 80
2025-06-12 23:42:50,892 - INFO - Processing sub block #2 for https://www.racingtv.com/results/2023-01-30/punchestown/1617
2025-06-12 23:42:50,893 - INFO - Found 3 <a> tags - Horse: Oc Go on (IRE), Jockey: Patrick O'Hanlon (claim: 5), Trainer: P. J. Rothwell
2025-06-12 23:42:50,893 - INFO - Position/Length - Found 1 children: Position: PU, Lost by: N/A
2025-06-12 23:42:50,894 - INFO - Extracted: Oc Go on (IRE) - Position: PU, Lost by: N/A, Jockey: Patrick O'Hanlon (claim: 5), Trainer: P. J. Rothwell, Age: 5, Weight: 11-4p1, Rating: 85
2025-06-12 23:42:50,894 - INFO - Processing sub block #3 for https://www.racingtv.com/results/2023-01-30/punchestown/1617
2025-06-12 23:42:50,894 - INFO - Found 3 <a> tags - Horse: Courting Vickie (IRE), Jockey: C. A. Landers (claim: 0), Trainer: James M. Barcoe
2025-06-12 23:42:50,895 - INFO - Position/Length - Found 1 children: Position: PU, Lost by: N/A
2025-06-12 23:42:50,895 - INFO - Extracted: Courting Vickie (IRE) - Position: PU, Lost by: N/A, Jockey: C. A. Landers (claim: 0), Trainer: James M. Barcoe, Age: 9, Weight: 11-0t, Rating: 81
2025-06-12 23:42:50,895 - INFO - Processing sub block #4 for https://www.racingtv.com/results/2023-01-30/punchestown/1617
2025-06-12 23:42:50,896 - INFO - Found 3 <a> tags - Horse: Maud Ban (IRE), Jockey: K. C. Sexton (claim: 0), Trainer: E. Sheehy
2025-06-12 23:42:50,897 - INFO - Position/Length - Found 1 children: Position: PU, Lost by: N/A
2025-06-12 23:42:50,897 - INFO - Extracted: Maud Ban (IRE) - Position: PU, Lost by: N/A, Jockey: K. C. Sexton (claim: 0), Trainer: E. Sheehy, Age: 5, Weight: 11-3b1, Rating: 84
2025-06-12 23:42:50,897 - INFO - Processing sub block #5 for https://www.racingtv.com/results/2023-01-30/punchestown/1617
2025-06-12 23:42:50,897 - INFO - Found 3 <a> tags - Horse: Iurkash (FR), Jockey: R. J. Condon (claim: 5), Trainer: Sean Thomas Doyle
2025-06-12 23:42:50,898 - INFO - Position/Length - Found 2 children: Position: 16th, Lost by: 58 l
2025-06-12 23:42:50,898 - INFO - Extracted: Iurkash (FR) - Position: 16th, Lost by: 58 l, Jockey: R. J. Condon (claim: 5), Trainer: Sean Thomas Doyle, Age: 5, Weight: 12-0, Rating: 95
2025-06-12 23:42:50,899 - INFO - Processing sub block #6 for https://www.racingtv.com/results/2023-01-30/punchestown/1617
2025-06-12 23:42:50,899 - INFO - Found 3 <a> tags - Horse: Nimbus Boy (IRE), Jockey: Richard Deegan (claim: 0), Trainer: Paul Nolan
2025-06-12 23:42:50,900 - INFO - Position/Length - Found 2 children: Position: 15th, Lost by: 4 l
2025-06-12 23:42:50,900 - INFO - Extracted: Nimbus Boy (IRE) - Position: 15th, Lost by: 4 l, Jockey: Richard Deegan (claim: 0), Trainer: Paul Nolan, Age: 5, Weight: 11-4p1, Rating: 85
2025-06-12 23:42:50,900 - INFO - Processing sub block #7 for https://www.racingtv.com/results/2023-01-30/punchestown/1617
2025-06-12 23:42:50,901 - INFO - Found 3 <a> tags - Horse: Eveningofsummer (IRE), Jockey: D. E. Mullins (claim: 0), Trainer: Ruaidhri Tierney
2025-06-12 23:42:50,902 - INFO - Position/Length - Found 2 children: Position: 14th, Lost by: 54 l
2025-06-12 23:42:50,902 - INFO - Extracted: Eveningofsummer (IRE) - Position: 14th, Lost by: 54 l, Jockey: D. E. Mullins (claim: 0), Trainer: Ruaidhri Tierney, Age: 7, Weight: 11-4tp, Rating: 85
2025-06-12 23:42:50,902 - INFO - Processing sub block #8 for https://www.racingtv.com/results/2023-01-30/punchestown/1617
2025-06-12 23:42:50,903 - INFO - Found 3 <a> tags - Horse: Thegoaheadman (IRE), Jockey: C. Smithers (claim: 7), Trainer: Martin Gerard McGuane
2025-06-12 23:42:50,904 - INFO - Position/Length - Found 2 children: Position: 13th, Lost by: 2 1/2 l
2025-06-12 23:42:50,904 - INFO - Extracted: Thegoaheadman (IRE) - Position: 13th, Lost by: 2 1/2 l, Jockey: C. Smithers (claim: 7), Trainer: Martin Gerard McGuane, Age: 9, Weight: 11-11b, Rating: 92
2025-06-12 23:42:50,905 - INFO - Processing sub block #9 for https://www.racingtv.com/results/2023-01-30/punchestown/1617
2025-06-12 23:42:50,905 - INFO - Found 3 <a> tags - Horse: Imperial Kate (IRE), Jockey: A. P. Kelly (claim: 7), Trainer: Jarlath P. Fahey
2025-06-12 23:42:50,906 - INFO - Position/Length - Found 2 children: Position: 12th, Lost by: 5 1/2 l
2025-06-12 23:42:50,906 - INFO - Extracted: Imperial Kate (IRE) - Position: 12th, Lost by: 5 1/2 l, Jockey: A. P. Kelly (claim: 7), Trainer: Jarlath P. Fahey, Age: 8, Weight: 11-11, Rating: 92
2025-06-12 23:42:50,907 - INFO - Processing sub block #10 for https://www.racingtv.com/results/2023-01-30/punchestown/1617
2025-06-12 23:42:50,907 - INFO - Found 3 <a> tags - Horse: Diamond Grove, Jockey: C. M. Quirke (claim: 7), Trainer: Edward Cawley
2025-06-12 23:42:50,908 - INFO - Position/Length - Found 2 children: Position: 11th, Lost by: 1 1/4 l
2025-06-12 23:42:50,908 - INFO - Extracted: Diamond Grove - Position: 11th, Lost by: 1 1/4 l, Jockey: C. M. Quirke (claim: 7), Trainer: Edward Cawley, Age: 8, Weight: 11-5t1, Rating: 86
2025-06-12 23:42:50,909 - INFO - Processing sub block #11 for https://www.racingtv.com/results/2023-01-30/punchestown/1617
2025-06-12 23:42:50,909 - INFO - Found 3 <a> tags - Horse: Wee Jerry (IRE), Jockey: Gavin Peter Brouder (claim: 5), Trainer: Neill McCluskey
2025-06-12 23:42:50,910 - INFO - Position/Length - Found 2 children: Position: 10th, Lost by: Neck
2025-06-12 23:42:50,910 - INFO - Extracted: Wee Jerry (IRE) - Position: 10th, Lost by: Neck, Jockey: Gavin Peter Brouder (claim: 5), Trainer: Neill McCluskey, Age: 7, Weight: 11-4t, Rating: 85
2025-06-12 23:42:50,910 - INFO - Processing sub block #12 for https://www.racingtv.com/results/2023-01-30/punchestown/1617
2025-06-12 23:42:50,911 - INFO - Found 3 <a> tags - Horse: Esthers Marvel (IRE), Jockey: D. J. O'Keeffe (claim: 0), Trainer: David Kenneth Budds
2025-06-12 23:42:50,911 - INFO - Position/Length - Found 2 children: Position: 9th, Lost by: 4 l
2025-06-12 23:42:50,912 - INFO - Extracted: Esthers Marvel (IRE) - Position: 9th, Lost by: 4 l, Jockey: D. J. O'Keeffe (claim: 0), Trainer: David Kenneth Budds, Age: 10, Weight: 11-1tb, Rating: 82
2025-06-12 23:42:50,912 - INFO - Processing sub block #13 for https://www.racingtv.com/results/2023-01-30/punchestown/1617
2025-06-12 23:42:50,912 - INFO - Found 3 <a> tags - Horse: Cahirmee (IRE), Jockey: M. J. M. O'Sullivan (claim: 5), Trainer: Brian O'Keeffe
2025-06-12 23:42:50,913 - INFO - Position/Length - Found 2 children: Position: 8th, Lost by: 6 l
2025-06-12 23:42:50,913 - INFO - Extracted: Cahirmee (IRE) - Position: 8th, Lost by: 6 l, Jockey: M. J. M. O'Sullivan (claim: 5), Trainer: Brian O'Keeffe, Age: 9, Weight: 10-13, Rating: 80
2025-06-12 23:42:50,913 - INFO - Processing sub block #14 for https://www.racingtv.com/results/2023-01-30/punchestown/1617
2025-06-12 23:42:50,913 - INFO - Found 3 <a> tags - Horse: Fortunate Lady (IRE), Jockey: D. King (claim: 5), Trainer: Denis Hogan
2025-06-12 23:42:50,913 - INFO - Position/Length - Found 2 children: Position: 7th, Lost by: 1 1/4 l
2025-06-12 23:42:50,913 - INFO - Extracted: Fortunate Lady (IRE) - Position: 7th, Lost by: 1 1/4 l, Jockey: D. King (claim: 5), Trainer: Denis Hogan, Age: 6, Weight: 11-5p1, Rating: 86
2025-06-12 23:42:50,913 - INFO - Processing sub block #15 for https://www.racingtv.com/results/2023-01-30/punchestown/1617
2025-06-12 23:42:50,916 - INFO - Found 3 <a> tags - Horse: Two for the Road (IRE), Jockey: Keith Donoghue (claim: 0), Trainer: Edward Cawley
2025-06-12 23:42:50,916 - INFO - Position/Length - Found 2 children: Position: 6th, Lost by: 1/2 l
2025-06-12 23:42:50,916 - INFO - Extracted: Two for the Road (IRE) - Position: 6th, Lost by: 1/2 l, Jockey: Keith Donoghue (claim: 0), Trainer: Edward Cawley, Age: 9, Weight: 11-5, Rating: 86
2025-06-12 23:42:50,917 - INFO - Processing sub block #16 for https://www.racingtv.com/results/2023-01-30/punchestown/1617
2025-06-12 23:42:50,917 - INFO - Found 3 <a> tags - Horse: Ocodango Boy (IRE), Jockey: Gearoid Patrick Brouder (claim: 5), Trainer: Peter McCreery
2025-06-12 23:42:50,918 - INFO - Position/Length - Found 2 children: Position: 5th, Lost by: 8 1/2 l
2025-06-12 23:42:50,918 - INFO - Extracted: Ocodango Boy (IRE) - Position: 5th, Lost by: 8 1/2 l, Jockey: Gearoid Patrick Brouder (claim: 5), Trainer: Peter McCreery, Age: 6, Weight: 10-13p1, Rating: 80
2025-06-12 23:42:50,918 - INFO - Processing sub block #17 for https://www.racingtv.com/results/2023-01-30/punchestown/1617
2025-06-12 23:42:50,919 - INFO - Found 3 <a> tags - Horse: Morrie In D Quarry (IRE), Jockey: B. Hayes (claim: 0), Trainer: Ross O'Sullivan
2025-06-12 23:42:50,920 - INFO - Position/Length - Found 2 children: Position: 4th, Lost by: 2 3/4 l
2025-06-12 23:42:50,920 - INFO - Extracted: Morrie In D Quarry (IRE) - Position: 4th, Lost by: 2 3/4 l, Jockey: B. Hayes (claim: 0), Trainer: Ross O'Sullivan, Age: 5, Weight: 11-10, Rating: 91
2025-06-12 23:42:50,920 - INFO - Processing sub block #18 for https://www.racingtv.com/results/2023-01-30/punchestown/1617
2025-06-12 23:42:50,921 - INFO - Found 3 <a> tags - Horse: Rochestown (IRE), Jockey: A. M. McCurtin (claim: 3), Trainer: Brendan Maurice Walsh
2025-06-12 23:42:50,923 - INFO - Position/Length - Found 2 children: Position: 3rd, Lost by: 12 l
2025-06-12 23:42:50,923 - INFO - Extracted: Rochestown (IRE) - Position: 3rd, Lost by: 12 l, Jockey: A. M. McCurtin (claim: 3), Trainer: Brendan Maurice Walsh, Age: 8, Weight: 11-4, Rating: 85
2025-06-12 23:42:50,923 - INFO - Processing sub block #19 for https://www.racingtv.com/results/2023-01-30/punchestown/1617
2025-06-12 23:42:50,924 - INFO - Found 3 <a> tags - Horse: Killinure Lass (IRE), Jockey: Mr E. Mahon (claim: 7), Trainer: Brian M. McMahon
2025-06-12 23:42:50,925 - INFO - Position/Length - Found 2 children: Position: 2nd, Lost by: 2 1/4 l
2025-06-12 23:42:50,925 - INFO - Extracted: Killinure Lass (IRE) - Position: 2nd, Lost by: 2 1/4 l, Jockey: Mr E. Mahon (claim: 7), Trainer: Brian M. McMahon, Age: 6, Weight: 11-7, Rating: 88
2025-06-12 23:42:50,925 - INFO - Processing sub block #20 for https://www.racingtv.com/results/2023-01-30/punchestown/1617
2025-06-12 23:42:50,925 - INFO - Found 3 <a> tags - Horse: Ishan (FR), Jockey: Phillip Enright (claim: 0), Trainer: S. Curling
2025-06-12 23:42:50,926 - INFO - Position/Length - Found 1 children: Position: 1st, Lost by: N/A
2025-06-12 23:42:50,926 - INFO - Confirmed winner: Ishan (FR)
2025-06-12 23:42:50,927 - INFO - Extracted: Ishan (FR) - Position: 1st, Lost by: N/A, Jockey: Phillip Enright (claim: 0), Trainer: S. Curling, Age: 5, Weight: 11-3, Rating: 84
2025-06-12 23:42:50,927 - INFO - Processing sub block #21 for https://www.racingtv.com/results/2023-01-30/punchestown/1617
2025-06-12 23:42:50,927 - INFO - Found 3 <a> tags - Horse: Allez George (IRE), Jockey: Donagh Meyler (claim: 0), Trainer: James M. Barcoe
2025-06-12 23:42:50,927 - INFO - Position/Length - Found 1 children: Position: PU, Lost by: N/A
2025-06-12 23:42:50,928 - INFO - Extracted: Allez George (IRE) - Position: PU, Lost by: N/A, Jockey: Donagh Meyler (claim: 0), Trainer: James M. Barcoe, Age: 9, Weight: 10-13t, Rating: 80
2025-06-12 23:42:50,928 - INFO - Processing sub block #22 for https://www.racingtv.com/results/2023-01-30/punchestown/1617
2025-06-12 23:42:50,928 - INFO - Found 3 <a> tags - Horse: Oc Go on (IRE), Jockey: Patrick O'Hanlon (claim: 5), Trainer: P. J. Rothwell
2025-06-12 23:42:50,928 - INFO - Position/Length - Found 1 children: Position: PU, Lost by: N/A
2025-06-12 23:42:50,928 - INFO - Extracted: Oc Go on (IRE) - Position: PU, Lost by: N/A, Jockey: Patrick O'Hanlon (claim: 5), Trainer: P. J. Rothwell, Age: 5, Weight: 11-4p1, Rating: 85
2025-06-12 23:42:50,928 - INFO - Processing sub block #23 for https://www.racingtv.com/results/2023-01-30/punchestown/1617
2025-06-12 23:42:50,928 - INFO - Found 3 <a> tags - Horse: Courting Vickie (IRE), Jockey: C. A. Landers (claim: 0), Trainer: James M. Barcoe
2025-06-12 23:42:50,928 - INFO - Position/Length - Found 1 children: Position: PU, Lost by: N/A
2025-06-12 23:42:50,928 - INFO - Extracted: Courting Vickie (IRE) - Position: PU, Lost by: N/A, Jockey: C. A. Landers (claim: 0), Trainer: James M. Barcoe, Age: 9, Weight: 11-0t, Rating: 81
2025-06-12 23:42:50,928 - INFO - Processing sub block #24 for https://www.racingtv.com/results/2023-01-30/punchestown/1617
2025-06-12 23:42:50,932 - INFO - Found 3 <a> tags - Horse: Maud Ban (IRE), Jockey: K. C. Sexton (claim: 0), Trainer: E. Sheehy
2025-06-12 23:42:50,932 - INFO - Position/Length - Found 1 children: Position: PU, Lost by: N/A
2025-06-12 23:42:50,932 - INFO - Extracted: Maud Ban (IRE) - Position: PU, Lost by: N/A, Jockey: K. C. Sexton (claim: 0), Trainer: E. Sheehy, Age: 5, Weight: 11-3b1, Rating: 84
2025-06-12 23:42:50,932 - INFO - Processing sub block #25 for https://www.racingtv.com/results/2023-01-30/punchestown/1617
2025-06-12 23:42:50,933 - INFO - Found 3 <a> tags - Horse: Iurkash (FR), Jockey: R. J. Condon (claim: 5), Trainer: Sean Thomas Doyle
2025-06-12 23:42:50,933 - INFO - Position/Length - Found 2 children: Position: 16th, Lost by: 58 l
2025-06-12 23:42:50,934 - INFO - Extracted: Iurkash (FR) - Position: 16th, Lost by: 58 l, Jockey: R. J. Condon (claim: 5), Trainer: Sean Thomas Doyle, Age: 5, Weight: 12-0, Rating: 95
2025-06-12 23:42:50,934 - INFO - Processing sub block #26 for https://www.racingtv.com/results/2023-01-30/punchestown/1617
2025-06-12 23:42:50,934 - INFO - Found 3 <a> tags - Horse: Nimbus Boy (IRE), Jockey: Richard Deegan (claim: 0), Trainer: Paul Nolan
2025-06-12 23:42:50,935 - INFO - Position/Length - Found 2 children: Position: 15th, Lost by: 4 l
2025-06-12 23:42:50,935 - INFO - Extracted: Nimbus Boy (IRE) - Position: 15th, Lost by: 4 l, Jockey: Richard Deegan (claim: 0), Trainer: Paul Nolan, Age: 5, Weight: 11-4p1, Rating: 85
2025-06-12 23:42:50,935 - INFO - Processing sub block #27 for https://www.racingtv.com/results/2023-01-30/punchestown/1617
2025-06-12 23:42:50,936 - INFO - Found 3 <a> tags - Horse: Eveningofsummer (IRE), Jockey: D. E. Mullins (claim: 0), Trainer: Ruaidhri Tierney
2025-06-12 23:42:50,937 - INFO - Position/Length - Found 2 children: Position: 14th, Lost by: 54 l
2025-06-12 23:42:50,937 - INFO - Extracted: Eveningofsummer (IRE) - Position: 14th, Lost by: 54 l, Jockey: D. E. Mullins (claim: 0), Trainer: Ruaidhri Tierney, Age: 7, Weight: 11-4tp, Rating: 85
2025-06-12 23:42:50,937 - INFO - Processing sub block #28 for https://www.racingtv.com/results/2023-01-30/punchestown/1617
2025-06-12 23:42:50,937 - INFO - Found 3 <a> tags - Horse: Thegoaheadman (IRE), Jockey: C. Smithers (claim: 7), Trainer: Martin Gerard McGuane
2025-06-12 23:42:50,939 - INFO - Position/Length - Found 2 children: Position: 13th, Lost by: 2 1/2 l
2025-06-12 23:42:50,939 - INFO - Extracted: Thegoaheadman (IRE) - Position: 13th, Lost by: 2 1/2 l, Jockey: C. Smithers (claim: 7), Trainer: Martin Gerard McGuane, Age: 9, Weight: 11-11b, Rating: 92
2025-06-12 23:42:50,939 - INFO - Processing sub block #29 for https://www.racingtv.com/results/2023-01-30/punchestown/1617
2025-06-12 23:42:50,939 - INFO - Found 3 <a> tags - Horse: Imperial Kate (IRE), Jockey: A. P. Kelly (claim: 7), Trainer: Jarlath P. Fahey
2025-06-12 23:42:50,940 - INFO - Position/Length - Found 2 children: Position: 12th, Lost by: 5 1/2 l
2025-06-12 23:42:50,940 - INFO - Extracted: Imperial Kate (IRE) - Position: 12th, Lost by: 5 1/2 l, Jockey: A. P. Kelly (claim: 7), Trainer: Jarlath P. Fahey, Age: 8, Weight: 11-11, Rating: 92
2025-06-12 23:42:50,940 - INFO - Processing sub block #30 for https://www.racingtv.com/results/2023-01-30/punchestown/1617
2025-06-12 23:42:50,942 - INFO - Found 3 <a> tags - Horse: Diamond Grove, Jockey: C. M. Quirke (claim: 7), Trainer: Edward Cawley
2025-06-12 23:42:50,942 - INFO - Position/Length - Found 2 children: Position: 11th, Lost by: 1 1/4 l
2025-06-12 23:42:50,942 - INFO - Extracted: Diamond Grove - Position: 11th, Lost by: 1 1/4 l, Jockey: C. M. Quirke (claim: 7), Trainer: Edward Cawley, Age: 8, Weight: 11-5t1, Rating: 86
2025-06-12 23:42:50,943 - INFO - Processing sub block #31 for https://www.racingtv.com/results/2023-01-30/punchestown/1617
2025-06-12 23:42:50,943 - INFO - Found 3 <a> tags - Horse: Wee Jerry (IRE), Jockey: Gavin Peter Brouder (claim: 5), Trainer: Neill McCluskey
2025-06-12 23:42:50,944 - INFO - Position/Length - Found 2 children: Position: 10th, Lost by: Neck
2025-06-12 23:42:50,944 - INFO - Extracted: Wee Jerry (IRE) - Position: 10th, Lost by: Neck, Jockey: Gavin Peter Brouder (claim: 5), Trainer: Neill McCluskey, Age: 7, Weight: 11-4t, Rating: 85
2025-06-12 23:42:50,944 - INFO - Processing sub block #32 for https://www.racingtv.com/results/2023-01-30/punchestown/1617
2025-06-12 23:42:50,944 - INFO - Found 3 <a> tags - Horse: Esthers Marvel (IRE), Jockey: D. J. O'Keeffe (claim: 0), Trainer: David Kenneth Budds
2025-06-12 23:42:50,945 - INFO - Position/Length - Found 2 children: Position: 9th, Lost by: 4 l
2025-06-12 23:42:50,945 - INFO - Extracted: Esthers Marvel (IRE) - Position: 9th, Lost by: 4 l, Jockey: D. J. O'Keeffe (claim: 0), Trainer: David Kenneth Budds, Age: 10, Weight: 11-1tb, Rating: 82
2025-06-12 23:42:50,945 - INFO - Processing sub block #33 for https://www.racingtv.com/results/2023-01-30/punchestown/1617
2025-06-12 23:42:50,945 - INFO - Found 3 <a> tags - Horse: Cahirmee (IRE), Jockey: M. J. M. O'Sullivan (claim: 5), Trainer: Brian O'Keeffe
2025-06-12 23:42:50,945 - INFO - Position/Length - Found 2 children: Position: 8th, Lost by: 6 l
2025-06-12 23:42:50,947 - INFO - Extracted: Cahirmee (IRE) - Position: 8th, Lost by: 6 l, Jockey: M. J. M. O'Sullivan (claim: 5), Trainer: Brian O'Keeffe, Age: 9, Weight: 10-13, Rating: 80
2025-06-12 23:42:50,947 - INFO - Processing sub block #34 for https://www.racingtv.com/results/2023-01-30/punchestown/1617
2025-06-12 23:42:50,947 - INFO - Found 3 <a> tags - Horse: Fortunate Lady (IRE), Jockey: D. King (claim: 5), Trainer: Denis Hogan
2025-06-12 23:42:50,948 - INFO - Position/Length - Found 2 children: Position: 7th, Lost by: 1 1/4 l
2025-06-12 23:42:50,948 - INFO - Extracted: Fortunate Lady (IRE) - Position: 7th, Lost by: 1 1/4 l, Jockey: D. King (claim: 5), Trainer: Denis Hogan, Age: 6, Weight: 11-5p1, Rating: 86
2025-06-12 23:42:50,948 - INFO - Processing sub block #35 for https://www.racingtv.com/results/2023-01-30/punchestown/1617
2025-06-12 23:42:50,949 - INFO - Found 3 <a> tags - Horse: Two for the Road (IRE), Jockey: Keith Donoghue (claim: 0), Trainer: Edward Cawley
2025-06-12 23:42:50,949 - INFO - Position/Length - Found 2 children: Position: 6th, Lost by: 1/2 l
2025-06-12 23:42:50,949 - INFO - Extracted: Two for the Road (IRE) - Position: 6th, Lost by: 1/2 l, Jockey: Keith Donoghue (claim: 0), Trainer: Edward Cawley, Age: 9, Weight: 11-5, Rating: 86
2025-06-12 23:42:50,950 - INFO - Processing sub block #36 for https://www.racingtv.com/results/2023-01-30/punchestown/1617
2025-06-12 23:42:50,950 - INFO - Found 3 <a> tags - Horse: Ocodango Boy (IRE), Jockey: Gearoid Patrick Brouder (claim: 5), Trainer: Peter McCreery
2025-06-12 23:42:50,951 - INFO - Position/Length - Found 2 children: Position: 5th, Lost by: 8 1/2 l
2025-06-12 23:42:50,951 - INFO - Extracted: Ocodango Boy (IRE) - Position: 5th, Lost by: 8 1/2 l, Jockey: Gearoid Patrick Brouder (claim: 5), Trainer: Peter McCreery, Age: 6, Weight: 10-13p1, Rating: 80
2025-06-12 23:42:50,951 - INFO - Processing sub block #37 for https://www.racingtv.com/results/2023-01-30/punchestown/1617
2025-06-12 23:42:50,951 - INFO - Found 3 <a> tags - Horse: Morrie In D Quarry (IRE), Jockey: B. Hayes (claim: 0), Trainer: Ross O'Sullivan
2025-06-12 23:42:50,952 - INFO - Position/Length - Found 2 children: Position: 4th, Lost by: 2 3/4 l
2025-06-12 23:42:50,953 - INFO - Extracted: Morrie In D Quarry (IRE) - Position: 4th, Lost by: 2 3/4 l, Jockey: B. Hayes (claim: 0), Trainer: Ross O'Sullivan, Age: 5, Weight: 11-10, Rating: 91
2025-06-12 23:42:50,953 - INFO - Processing sub block #38 for https://www.racingtv.com/results/2023-01-30/punchestown/1617
2025-06-12 23:42:50,953 - INFO - Found 3 <a> tags - Horse: Rochestown (IRE), Jockey: A. M. McCurtin (claim: 3), Trainer: Brendan Maurice Walsh
2025-06-12 23:42:50,954 - INFO - Position/Length - Found 2 children: Position: 3rd, Lost by: 12 l
2025-06-12 23:42:50,954 - INFO - Extracted: Rochestown (IRE) - Position: 3rd, Lost by: 12 l, Jockey: A. M. McCurtin (claim: 3), Trainer: Brendan Maurice Walsh, Age: 8, Weight: 11-4, Rating: 85
2025-06-12 23:42:50,955 - INFO - Processing sub block #39 for https://www.racingtv.com/results/2023-01-30/punchestown/1617
2025-06-12 23:42:50,955 - INFO - Found 3 <a> tags - Horse: Killinure Lass (IRE), Jockey: Mr E. Mahon (claim: 7), Trainer: Brian M. McMahon
2025-06-12 23:42:50,956 - INFO - Position/Length - Found 2 children: Position: 2nd, Lost by: 2 1/4 l
2025-06-12 23:42:50,956 - INFO - Extracted: Killinure Lass (IRE) - Position: 2nd, Lost by: 2 1/4 l, Jockey: Mr E. Mahon (claim: 7), Trainer: Brian M. McMahon, Age: 6, Weight: 11-7, Rating: 88
2025-06-12 23:42:50,956 - INFO - Processing sub block #40 for https://www.racingtv.com/results/2023-01-30/punchestown/1617
2025-06-12 23:42:50,957 - INFO - Found 3 <a> tags - Horse: Ishan (FR), Jockey: Phillip Enright (claim: 0), Trainer: S. Curling
2025-06-12 23:42:50,957 - INFO - Position/Length - Found 1 children: Position: 1st, Lost by: N/A
2025-06-12 23:42:50,958 - INFO - Extracted: Ishan (FR) - Position: 1st, Lost by: N/A, Jockey: Phillip Enright (claim: 0), Trainer: S. Curling, Age: 5, Weight: 11-3, Rating: 84
2025-06-12 23:42:50,958 - INFO - Successfully extracted 40/40 horse records from https://www.racingtv.com/results/2023-01-30/punchestown/1617
2025-06-12 23:42:50,958 - INFO - :) First place horse found successfully
2025-06-12 23:42:50,958 - INFO - :) First place horse found successfully
2025-06-12 23:42:50,958 - INFO - :) First place horse found successfully
2025-06-12 23:42:50,959 - INFO - :) First place horse found successfully
2025-06-12 23:42:50,959 - INFO - :) First place horse found successfully
2025-06-12 23:42:50,959 - INFO - :) First place horse found successfully
2025-06-12 23:42:50,959 - INFO - :) First place horse found successfully
2025-06-12 23:42:50,959 - INFO - :) First place horse found successfully
2025-06-12 23:42:50,959 - INFO - :) First place horse found successfully
2025-06-12 23:42:50,960 - INFO - :) First place horse found successfully
2025-06-12 23:42:50,960 - INFO - :) First place horse found successfully
2025-06-12 23:42:50,960 - INFO - :) First place horse found successfully
2025-06-12 23:42:50,960 - INFO - :) First place horse found successfully
2025-06-12 23:42:50,960 - INFO - :) First place horse found successfully
2025-06-12 23:42:50,960 - INFO - :) First place horse found successfully
2025-06-12 23:42:50,961 - INFO - :) First place horse found successfully
2025-06-12 23:42:50,961 - INFO - :) First place horse found successfully
2025-06-12 23:42:50,961 - INFO - :) First place horse found successfully
2025-06-12 23:42:50,961 - INFO - :) First place horse found successfully
2025-06-12 23:42:50,961 - INFO - :) First place horse found successfully
2025-06-12 23:42:50,962 - INFO - :) First place horse found successfully
2025-06-12 23:42:50,962 - INFO - :) First place horse found successfully
2025-06-12 23:42:50,962 - INFO - :) First place horse found successfully
2025-06-12 23:42:50,962 - INFO - :) First place horse found successfully
2025-06-12 23:42:50,962 - INFO - :) First place horse found successfully
2025-06-12 23:42:50,963 - INFO - :) First place horse found successfully
2025-06-12 23:42:50,963 - INFO - :) First place horse found successfully
2025-06-12 23:42:50,963 - INFO - :) First place horse found successfully
2025-06-12 23:42:50,963 - INFO - :) First place horse found successfully
2025-06-12 23:42:50,963 - INFO - :) First place horse found successfully
2025-06-12 23:42:50,963 - INFO - :) First place horse found successfully
2025-06-12 23:42:50,964 - INFO - :) First place horse found successfully
2025-06-12 23:42:50,964 - INFO - :) First place horse found successfully
2025-06-12 23:42:50,964 - INFO - :) First place horse found successfully
2025-06-12 23:42:50,964 - INFO - :) First place horse found successfully
2025-06-12 23:42:50,964 - INFO - :) First place horse found successfully
2025-06-12 23:42:50,964 - INFO - :) First place horse found successfully
2025-06-12 23:42:50,965 - INFO - :) First place horse found successfully
2025-06-12 23:42:50,965 - INFO - :) First place horse found successfully
2025-06-12 23:42:50,965 - INFO - :) First place horse found successfully
2025-06-12 23:42:50,965 - INFO - :) First place horse found successfully
2025-06-12 23:42:50,965 - INFO - Successfully parsed 40 horse records from: https://www.racingtv.com/results/2023-01-30/punchestown/1617
2025-06-12 23:42:50,966 - INFO - Waiting 2 seconds before next request...
2025-06-12 23:42:52,967 - INFO - Batch 40 - URL 26/50: https://www.racingtv.com/results/2023-01-31/limerick/1225
2025-06-12 23:42:52,967 - INFO - Loading page with Selenium: https://www.racingtv.com/results/2023-01-31/limerick/1225
2025-06-12 23:42:58,007 - INFO - Racing main block detected for: https://www.racingtv.com/results/2023-01-31/limerick/1225
2025-06-12 23:42:58,075 - INFO - Successfully loaded page: https://www.racingtv.com/results/2023-01-31/limerick/1225
2025-06-12 23:42:58,186 - INFO - Extracted race info - Track: Limerick Racing Results | 31st January 2023 12:25, Date: N/A, Time: 12:25
2025-06-12 23:42:58,187 - INFO - Found 2nd h3 tag: Soft (Yielding To Soft In Places)  5YO+ 2m 5f Winner: €10,000 (12 runners)
2025-06-12 23:42:58,188 - INFO - Extracted - Going: Soft (Yielding To Soft In Places), Distance: 2m 5f
2025-06-12 23:42:58,188 - INFO - Extracting racing data from: https://www.racingtv.com/results/2023-01-31/limerick/1225
2025-06-12 23:42:58,198 - INFO - Processing main block #1 for https://www.racingtv.com/results/2023-01-31/limerick/1225
2025-06-12 23:42:58,207 - INFO - Checking 2nd child of main block for first place horse...
2025-06-12 23:42:58,212 - INFO - Found alternative horse block structure with 3 links
2025-06-12 23:42:58,213 - INFO - Found alternative horse block structure with 3 links
2025-06-12 23:42:58,213 - INFO - Found alternative horse block structure with 3 links
2025-06-12 23:42:58,213 - INFO - Found alternative horse block structure with 3 links
2025-06-12 23:42:58,214 - INFO - Found alternative horse block structure with 3 links
2025-06-12 23:42:58,214 - INFO - Found alternative horse block structure with 3 links
2025-06-12 23:42:58,214 - INFO - Found alternative horse block structure with 3 links
2025-06-12 23:42:58,215 - INFO - Found alternative horse block structure with 3 links
2025-06-12 23:42:58,215 - INFO - Found alternative horse block structure with 3 links
2025-06-12 23:42:58,215 - INFO - Found alternative horse block structure with 3 links
2025-06-12 23:42:58,215 - INFO - Found alternative horse block structure with 3 links
2025-06-12 23:42:58,216 - INFO - Found alternative horse block structure with 3 links
2025-06-12 23:42:58,237 - INFO - Found likely first place horse via structure analysis: Youralwaysdreamin (IRE)
2025-06-12 23:42:58,239 - INFO - Found potential first place horse with background styling
2025-06-12 23:42:58,240 - INFO - Found potential first place horse with background styling
2025-06-12 23:42:58,241 - INFO - Found potential first place horse with background styling
2025-06-12 23:42:58,241 - INFO - Found potential first place horse with background styling
2025-06-12 23:42:58,241 - INFO - Found potential first place horse with background styling
2025-06-12 23:42:58,242 - INFO - Found potential first place horse with background styling
2025-06-12 23:42:58,242 - INFO - Found potential first place horse with background styling
2025-06-12 23:42:58,242 - INFO - Found potential first place horse with background styling
2025-06-12 23:42:58,243 - INFO - Found potential first place horse with background styling
2025-06-12 23:42:58,243 - INFO - Found potential first place horse with background styling
2025-06-12 23:42:58,243 - INFO - Found potential first place horse with background styling
2025-06-12 23:42:58,243 - INFO - Found 24 horse entries for https://www.racingtv.com/results/2023-01-31/limerick/1225 using multiple detection methods
2025-06-12 23:42:58,243 - INFO - Processing sub block #1 for https://www.racingtv.com/results/2023-01-31/limerick/1225
2025-06-12 23:42:58,243 - INFO - Found 3 <a> tags - Horse: Carrig Cathal, Jockey: Corey McGivern (claim: 7), Trainer: D. Broad
2025-06-12 23:42:58,246 - INFO - Position/Length - Found 1 children: Position: UR, Lost by: N/A
2025-06-12 23:42:58,246 - INFO - Extracted: Carrig Cathal - Position: UR, Lost by: N/A, Jockey: Corey McGivern (claim: 7), Trainer: D. Broad, Age: 12, Weight: 12-0t, Rating: -
2025-06-12 23:42:58,246 - INFO - Processing sub block #2 for https://www.racingtv.com/results/2023-01-31/limerick/1225
2025-06-12 23:42:58,246 - INFO - Found 3 <a> tags - Horse: Elusive Sea (IRE), Jockey: J. S. McGarvey (claim: 0), Trainer: Gordon Elliott
2025-06-12 23:42:58,247 - INFO - Position/Length - Found 1 children: Position: PU, Lost by: N/A
2025-06-12 23:42:58,247 - INFO - Extracted: Elusive Sea (IRE) - Position: PU, Lost by: N/A, Jockey: J. S. McGarvey (claim: 0), Trainer: Gordon Elliott, Age: 6, Weight: 11-4t, Rating: -
2025-06-12 23:42:58,247 - INFO - Processing sub block #3 for https://www.racingtv.com/results/2023-01-31/limerick/1225
2025-06-12 23:42:58,248 - INFO - Found 3 <a> tags - Horse: Harly De Rots (FR), Jockey: C. A. Landers (claim: 0), Trainer: Michael J. McDonagh
2025-06-12 23:42:58,249 - INFO - Position/Length - Found 2 children: Position: 10th, Lost by: 50 l
2025-06-12 23:42:58,249 - INFO - Extracted: Harly De Rots (FR) - Position: 10th, Lost by: 50 l, Jockey: C. A. Landers (claim: 0), Trainer: Michael J. McDonagh, Age: 6, Weight: 12-0, Rating: -
2025-06-12 23:42:58,249 - INFO - Processing sub block #4 for https://www.racingtv.com/results/2023-01-31/limerick/1225
2025-06-12 23:42:58,250 - INFO - Found 3 <a> tags - Horse: Cornhill Lass (IRE), Jockey: A. M. King (claim: 7), Trainer: J. G. Murray
2025-06-12 23:42:58,251 - INFO - Position/Length - Found 2 children: Position: 9th, Lost by: 1 3/4 l
2025-06-12 23:42:58,251 - INFO - Extracted: Cornhill Lass (IRE) - Position: 9th, Lost by: 1 3/4 l, Jockey: A. M. King (claim: 7), Trainer: J. G. Murray, Age: 9, Weight: 10-6tb1, Rating: -
2025-06-12 23:42:58,251 - INFO - Processing sub block #5 for https://www.racingtv.com/results/2023-01-31/limerick/1225
2025-06-12 23:42:58,251 - INFO - Found 3 <a> tags - Horse: Female Approach (IRE), Jockey: D. Moloney (claim: 7), Trainer: Denis Hogan
2025-06-12 23:42:58,252 - INFO - Position/Length - Found 2 children: Position: 8th, Lost by: 6 l
2025-06-12 23:42:58,252 - INFO - Extracted: Female Approach (IRE) - Position: 8th, Lost by: 6 l, Jockey: D. Moloney (claim: 7), Trainer: Denis Hogan, Age: 5, Weight: 11-0, Rating: -
2025-06-12 23:42:58,253 - INFO - Processing sub block #6 for https://www.racingtv.com/results/2023-01-31/limerick/1225
2025-06-12 23:42:58,253 - INFO - Found 3 <a> tags - Horse: Moyode Mist (IRE), Jockey: Gavin Peter Brouder (claim: 5), Trainer: James A. Nash
2025-06-12 23:42:58,254 - INFO - Position/Length - Found 2 children: Position: 7th, Lost by: 6 l
2025-06-12 23:42:58,255 - INFO - Extracted: Moyode Mist (IRE) - Position: 7th, Lost by: 6 l, Jockey: Gavin Peter Brouder (claim: 5), Trainer: James A. Nash, Age: 6, Weight: 10-6, Rating: -
2025-06-12 23:42:58,255 - INFO - Processing sub block #7 for https://www.racingtv.com/results/2023-01-31/limerick/1225
2025-06-12 23:42:58,255 - INFO - Found 3 <a> tags - Horse: Like Ta Ma (IRE), Jockey: B. P. Kennedy (claim: 7), Trainer: Seamus Fahey
2025-06-12 23:42:58,256 - INFO - Position/Length - Found 2 children: Position: 6th, Lost by: 14 l
2025-06-12 23:42:58,256 - INFO - Extracted: Like Ta Ma (IRE) - Position: 6th, Lost by: 14 l, Jockey: B. P. Kennedy (claim: 7), Trainer: Seamus Fahey, Age: 6, Weight: 12-0p1, Rating: -
2025-06-12 23:42:58,256 - INFO - Processing sub block #8 for https://www.racingtv.com/results/2023-01-31/limerick/1225
2025-06-12 23:42:58,257 - INFO - Found 3 <a> tags - Horse: Aide De Camp (IRE), Jockey: D. King (claim: 5), Trainer: Denis Hogan
2025-06-12 23:42:58,257 - INFO - Position/Length - Found 2 children: Position: 5th, Lost by: 15 l
2025-06-12 23:42:58,258 - INFO - Extracted: Aide De Camp (IRE) - Position: 5th, Lost by: 15 l, Jockey: D. King (claim: 5), Trainer: Denis Hogan, Age: 5, Weight: 11-4p1, Rating: -
2025-06-12 23:42:58,258 - INFO - Processing sub block #9 for https://www.racingtv.com/results/2023-01-31/limerick/1225
2025-06-12 23:42:58,258 - INFO - Found 3 <a> tags - Horse: Nevendon, Jockey: K. C. Sexton (claim: 0), Trainer: John McConnell
2025-06-12 23:42:58,259 - INFO - Position/Length - Found 2 children: Position: 4th, Lost by: 4 3/4 l
2025-06-12 23:42:58,259 - INFO - Extracted: Nevendon - Position: 4th, Lost by: 4 3/4 l, Jockey: K. C. Sexton (claim: 0), Trainer: John McConnell, Age: 6, Weight: 10-8, Rating: -
2025-06-12 23:42:58,260 - INFO - Processing sub block #10 for https://www.racingtv.com/results/2023-01-31/limerick/1225
2025-06-12 23:42:58,261 - INFO - Found 3 <a> tags - Horse: Makfils (FR), Jockey: E. A. Fitzgerald (claim: 7), Trainer: Peter Fahey
2025-06-12 23:42:58,261 - INFO - Position/Length - Found 2 children: Position: 3rd, Lost by: 2 1/2 l
2025-06-12 23:42:58,262 - INFO - Extracted: Makfils (FR) - Position: 3rd, Lost by: 2 1/2 l, Jockey: E. A. Fitzgerald (claim: 7), Trainer: Peter Fahey, Age: 6, Weight: 10-8t, Rating: -
2025-06-12 23:42:58,262 - INFO - Processing sub block #11 for https://www.racingtv.com/results/2023-01-31/limerick/1225
2025-06-12 23:42:58,262 - INFO - Found 3 <a> tags - Horse: Bal De Rio (FR), Jockey: Philip Donovan (claim: 5), Trainer: Denis Hogan
2025-06-12 23:42:58,262 - INFO - Position/Length - Found 2 children: Position: 2nd, Lost by: 1 1/2 l
2025-06-12 23:42:58,262 - INFO - Extracted: Bal De Rio (FR) - Position: 2nd, Lost by: 1 1/2 l, Jockey: Philip Donovan (claim: 5), Trainer: Denis Hogan, Age: 10, Weight: 10-10, Rating: -
2025-06-12 23:42:58,262 - INFO - Processing sub block #12 for https://www.racingtv.com/results/2023-01-31/limerick/1225
2025-06-12 23:42:58,262 - INFO - Found 3 <a> tags - Horse: Youralwaysdreamin (IRE), Jockey: R. A. Doyle (claim: 0), Trainer: Patrick T. Foley
2025-06-12 23:42:58,262 - INFO - Position/Length - Found 1 children: Position: 1st, Lost by: N/A
2025-06-12 23:42:58,262 - INFO - Confirmed winner: Youralwaysdreamin (IRE)
2025-06-12 23:42:58,262 - INFO - Extracted: Youralwaysdreamin (IRE) - Position: 1st, Lost by: N/A, Jockey: R. A. Doyle (claim: 0), Trainer: Patrick T. Foley, Age: 7, Weight: 11-8t, Rating: -
2025-06-12 23:42:58,262 - INFO - Processing sub block #13 for https://www.racingtv.com/results/2023-01-31/limerick/1225
2025-06-12 23:42:58,266 - INFO - Found 3 <a> tags - Horse: Carrig Cathal, Jockey: Corey McGivern (claim: 7), Trainer: D. Broad
2025-06-12 23:42:58,266 - INFO - Position/Length - Found 1 children: Position: UR, Lost by: N/A
2025-06-12 23:42:58,267 - INFO - Extracted: Carrig Cathal - Position: UR, Lost by: N/A, Jockey: Corey McGivern (claim: 7), Trainer: D. Broad, Age: 12, Weight: 12-0t, Rating: -
2025-06-12 23:42:58,267 - INFO - Processing sub block #14 for https://www.racingtv.com/results/2023-01-31/limerick/1225
2025-06-12 23:42:58,267 - INFO - Found 3 <a> tags - Horse: Elusive Sea (IRE), Jockey: J. S. McGarvey (claim: 0), Trainer: Gordon Elliott
2025-06-12 23:42:58,268 - INFO - Position/Length - Found 1 children: Position: PU, Lost by: N/A
2025-06-12 23:42:58,268 - INFO - Extracted: Elusive Sea (IRE) - Position: PU, Lost by: N/A, Jockey: J. S. McGarvey (claim: 0), Trainer: Gordon Elliott, Age: 6, Weight: 11-4t, Rating: -
2025-06-12 23:42:58,268 - INFO - Processing sub block #15 for https://www.racingtv.com/results/2023-01-31/limerick/1225
2025-06-12 23:42:58,269 - INFO - Found 3 <a> tags - Horse: Harly De Rots (FR), Jockey: C. A. Landers (claim: 0), Trainer: Michael J. McDonagh
2025-06-12 23:42:58,269 - INFO - Position/Length - Found 2 children: Position: 10th, Lost by: 50 l
2025-06-12 23:42:58,269 - INFO - Extracted: Harly De Rots (FR) - Position: 10th, Lost by: 50 l, Jockey: C. A. Landers (claim: 0), Trainer: Michael J. McDonagh, Age: 6, Weight: 12-0, Rating: -
2025-06-12 23:42:58,270 - INFO - Processing sub block #16 for https://www.racingtv.com/results/2023-01-31/limerick/1225
2025-06-12 23:42:58,270 - INFO - Found 3 <a> tags - Horse: Cornhill Lass (IRE), Jockey: A. M. King (claim: 7), Trainer: J. G. Murray
2025-06-12 23:42:58,271 - INFO - Position/Length - Found 2 children: Position: 9th, Lost by: 1 3/4 l
2025-06-12 23:42:58,271 - INFO - Extracted: Cornhill Lass (IRE) - Position: 9th, Lost by: 1 3/4 l, Jockey: A. M. King (claim: 7), Trainer: J. G. Murray, Age: 9, Weight: 10-6tb1, Rating: -
2025-06-12 23:42:58,271 - INFO - Processing sub block #17 for https://www.racingtv.com/results/2023-01-31/limerick/1225
2025-06-12 23:42:58,272 - INFO - Found 3 <a> tags - Horse: Female Approach (IRE), Jockey: D. Moloney (claim: 7), Trainer: Denis Hogan
2025-06-12 23:42:58,272 - INFO - Position/Length - Found 2 children: Position: 8th, Lost by: 6 l
2025-06-12 23:42:58,273 - INFO - Extracted: Female Approach (IRE) - Position: 8th, Lost by: 6 l, Jockey: D. Moloney (claim: 7), Trainer: Denis Hogan, Age: 5, Weight: 11-0, Rating: -
2025-06-12 23:42:58,273 - INFO - Processing sub block #18 for https://www.racingtv.com/results/2023-01-31/limerick/1225
2025-06-12 23:42:58,273 - INFO - Found 3 <a> tags - Horse: Moyode Mist (IRE), Jockey: Gavin Peter Brouder (claim: 5), Trainer: James A. Nash
2025-06-12 23:42:58,274 - INFO - Position/Length - Found 2 children: Position: 7th, Lost by: 6 l
2025-06-12 23:42:58,274 - INFO - Extracted: Moyode Mist (IRE) - Position: 7th, Lost by: 6 l, Jockey: Gavin Peter Brouder (claim: 5), Trainer: James A. Nash, Age: 6, Weight: 10-6, Rating: -
2025-06-12 23:42:58,274 - INFO - Processing sub block #19 for https://www.racingtv.com/results/2023-01-31/limerick/1225
2025-06-12 23:42:58,275 - INFO - Found 3 <a> tags - Horse: Like Ta Ma (IRE), Jockey: B. P. Kennedy (claim: 7), Trainer: Seamus Fahey
2025-06-12 23:42:58,276 - INFO - Position/Length - Found 2 children: Position: 6th, Lost by: 14 l
2025-06-12 23:42:58,276 - INFO - Extracted: Like Ta Ma (IRE) - Position: 6th, Lost by: 14 l, Jockey: B. P. Kennedy (claim: 7), Trainer: Seamus Fahey, Age: 6, Weight: 12-0p1, Rating: -
2025-06-12 23:42:58,276 - INFO - Processing sub block #20 for https://www.racingtv.com/results/2023-01-31/limerick/1225
2025-06-12 23:42:58,276 - INFO - Found 3 <a> tags - Horse: Aide De Camp (IRE), Jockey: D. King (claim: 5), Trainer: Denis Hogan
2025-06-12 23:42:58,277 - INFO - Position/Length - Found 2 children: Position: 5th, Lost by: 15 l
2025-06-12 23:42:58,277 - INFO - Extracted: Aide De Camp (IRE) - Position: 5th, Lost by: 15 l, Jockey: D. King (claim: 5), Trainer: Denis Hogan, Age: 5, Weight: 11-4p1, Rating: -
2025-06-12 23:42:58,277 - INFO - Processing sub block #21 for https://www.racingtv.com/results/2023-01-31/limerick/1225
2025-06-12 23:42:58,278 - INFO - Found 3 <a> tags - Horse: Nevendon, Jockey: K. C. Sexton (claim: 0), Trainer: John McConnell
2025-06-12 23:42:58,278 - INFO - Position/Length - Found 2 children: Position: 4th, Lost by: 4 3/4 l
2025-06-12 23:42:58,278 - INFO - Extracted: Nevendon - Position: 4th, Lost by: 4 3/4 l, Jockey: K. C. Sexton (claim: 0), Trainer: John McConnell, Age: 6, Weight: 10-8, Rating: -
2025-06-12 23:42:58,278 - INFO - Processing sub block #22 for https://www.racingtv.com/results/2023-01-31/limerick/1225
2025-06-12 23:42:58,278 - INFO - Found 3 <a> tags - Horse: Makfils (FR), Jockey: E. A. Fitzgerald (claim: 7), Trainer: Peter Fahey
2025-06-12 23:42:58,278 - INFO - Position/Length - Found 2 children: Position: 3rd, Lost by: 2 1/2 l
2025-06-12 23:42:58,278 - INFO - Extracted: Makfils (FR) - Position: 3rd, Lost by: 2 1/2 l, Jockey: E. A. Fitzgerald (claim: 7), Trainer: Peter Fahey, Age: 6, Weight: 10-8t, Rating: -
2025-06-12 23:42:58,278 - INFO - Processing sub block #23 for https://www.racingtv.com/results/2023-01-31/limerick/1225
2025-06-12 23:42:58,281 - INFO - Found 3 <a> tags - Horse: Bal De Rio (FR), Jockey: Philip Donovan (claim: 5), Trainer: Denis Hogan
2025-06-12 23:42:58,281 - INFO - Position/Length - Found 2 children: Position: 2nd, Lost by: 1 1/2 l
2025-06-12 23:42:58,282 - INFO - Extracted: Bal De Rio (FR) - Position: 2nd, Lost by: 1 1/2 l, Jockey: Philip Donovan (claim: 5), Trainer: Denis Hogan, Age: 10, Weight: 10-10, Rating: -
2025-06-12 23:42:58,282 - INFO - Processing sub block #24 for https://www.racingtv.com/results/2023-01-31/limerick/1225
2025-06-12 23:42:58,282 - INFO - Found 3 <a> tags - Horse: Youralwaysdreamin (IRE), Jockey: R. A. Doyle (claim: 0), Trainer: Patrick T. Foley
2025-06-12 23:42:58,283 - INFO - Position/Length - Found 1 children: Position: 1st, Lost by: N/A
2025-06-12 23:42:58,283 - INFO - Extracted: Youralwaysdreamin (IRE) - Position: 1st, Lost by: N/A, Jockey: R. A. Doyle (claim: 0), Trainer: Patrick T. Foley, Age: 7, Weight: 11-8t, Rating: -
2025-06-12 23:42:58,283 - INFO - Successfully extracted 24/24 horse records from https://www.racingtv.com/results/2023-01-31/limerick/1225
2025-06-12 23:42:58,283 - INFO - :) First place horse found successfully
2025-06-12 23:42:58,284 - INFO - :) First place horse found successfully
2025-06-12 23:42:58,284 - INFO - :) First place horse found successfully
2025-06-12 23:42:58,284 - INFO - :) First place horse found successfully
2025-06-12 23:42:58,284 - INFO - :) First place horse found successfully
2025-06-12 23:42:58,284 - INFO - :) First place horse found successfully
2025-06-12 23:42:58,284 - INFO - :) First place horse found successfully
2025-06-12 23:42:58,285 - INFO - :) First place horse found successfully
2025-06-12 23:42:58,285 - INFO - :) First place horse found successfully
2025-06-12 23:42:58,285 - INFO - :) First place horse found successfully
2025-06-12 23:42:58,285 - INFO - :) First place horse found successfully
2025-06-12 23:42:58,285 - INFO - :) First place horse found successfully
2025-06-12 23:42:58,285 - INFO - :) First place horse found successfully
2025-06-12 23:42:58,285 - INFO - :) First place horse found successfully
2025-06-12 23:42:58,286 - INFO - :) First place horse found successfully
2025-06-12 23:42:58,286 - INFO - :) First place horse found successfully
2025-06-12 23:42:58,286 - INFO - :) First place horse found successfully
2025-06-12 23:42:58,286 - INFO - :) First place horse found successfully
2025-06-12 23:42:58,286 - INFO - :) First place horse found successfully
2025-06-12 23:42:58,287 - INFO - :) First place horse found successfully
2025-06-12 23:42:58,287 - INFO - :) First place horse found successfully
2025-06-12 23:42:58,287 - INFO - :) First place horse found successfully
2025-06-12 23:42:58,287 - INFO - :) First place horse found successfully
2025-06-12 23:42:58,287 - INFO - :) First place horse found successfully
2025-06-12 23:42:58,289 - INFO - :) First place horse found successfully
2025-06-12 23:42:58,289 - INFO - Successfully parsed 24 horse records from: https://www.racingtv.com/results/2023-01-31/limerick/1225
2025-06-12 23:42:58,289 - INFO - Waiting 2 seconds before next request...
2025-06-12 23:43:00,290 - INFO - Batch 40 - URL 27/50: https://www.racingtv.com/results/2023-01-31/limerick/1257
2025-06-12 23:43:00,290 - INFO - Loading page with Selenium: https://www.racingtv.com/results/2023-01-31/limerick/1257
2025-06-12 23:43:05,513 - INFO - Racing main block detected for: https://www.racingtv.com/results/2023-01-31/limerick/1257
2025-06-12 23:43:05,553 - INFO - Successfully loaded page: https://www.racingtv.com/results/2023-01-31/limerick/1257
2025-06-12 23:43:05,652 - INFO - Extracted race info - Track: Limerick Racing Results | 31st January 2023 12:57, Date: N/A, Time: 12:57
2025-06-12 23:43:05,652 - INFO - Found 2nd h3 tag: Soft (Yielding To Soft In Places)  4YO+ 2m 5f Winner: €10,000 (10 runners)
2025-06-12 23:43:05,652 - INFO - Extracted - Going: Soft (Yielding To Soft In Places), Distance: 2m 5f
2025-06-12 23:43:05,652 - INFO - Extracting racing data from: https://www.racingtv.com/results/2023-01-31/limerick/1257
2025-06-12 23:43:05,667 - INFO - Processing main block #1 for https://www.racingtv.com/results/2023-01-31/limerick/1257
2025-06-12 23:43:05,673 - INFO - Checking 2nd child of main block for first place horse...
2025-06-12 23:43:05,678 - INFO - Found alternative horse block structure with 3 links
2025-06-12 23:43:05,678 - INFO - Found alternative horse block structure with 3 links
2025-06-12 23:43:05,679 - INFO - Found alternative horse block structure with 3 links
2025-06-12 23:43:05,679 - INFO - Found alternative horse block structure with 3 links
2025-06-12 23:43:05,679 - INFO - Found alternative horse block structure with 3 links
2025-06-12 23:43:05,680 - INFO - Found alternative horse block structure with 3 links
2025-06-12 23:43:05,680 - INFO - Found alternative horse block structure with 3 links
2025-06-12 23:43:05,680 - INFO - Found alternative horse block structure with 3 links
2025-06-12 23:43:05,680 - INFO - Found alternative horse block structure with 3 links
2025-06-12 23:43:05,681 - INFO - Found alternative horse block structure with 3 links
2025-06-12 23:43:05,706 - INFO - Found likely first place horse via structure analysis: Carbon King (IRE)
2025-06-12 23:43:05,708 - INFO - Found potential first place horse with background styling
2025-06-12 23:43:05,708 - INFO - Found potential first place horse with background styling
2025-06-12 23:43:05,709 - INFO - Found potential first place horse with background styling
2025-06-12 23:43:05,709 - INFO - Found potential first place horse with background styling
2025-06-12 23:43:05,710 - INFO - Found potential first place horse with background styling
2025-06-12 23:43:05,710 - INFO - Found potential first place horse with background styling
2025-06-12 23:43:05,710 - INFO - Found potential first place horse with background styling
2025-06-12 23:43:05,710 - INFO - Found potential first place horse with background styling
2025-06-12 23:43:05,711 - INFO - Found potential first place horse with background styling
2025-06-12 23:43:05,711 - INFO - Found 20 horse entries for https://www.racingtv.com/results/2023-01-31/limerick/1257 using multiple detection methods
2025-06-12 23:43:05,711 - INFO - Processing sub block #1 for https://www.racingtv.com/results/2023-01-31/limerick/1257
2025-06-12 23:43:05,712 - INFO - Found 3 <a> tags - Horse: Joeswayornoway (IRE), Jockey: Kieran Callaghan (claim: 7), Trainer: E. Sheehy
2025-06-12 23:43:05,713 - INFO - Position/Length - Found 1 children: Position: PU, Lost by: N/A
2025-06-12 23:43:05,713 - INFO - Extracted: Joeswayornoway (IRE) - Position: PU, Lost by: N/A, Jockey: Kieran Callaghan (claim: 7), Trainer: E. Sheehy, Age: 7, Weight: 11-12, Rating: 100
2025-06-12 23:43:05,713 - INFO - Processing sub block #2 for https://www.racingtv.com/results/2023-01-31/limerick/1257
2025-06-12 23:43:05,714 - INFO - Found 3 <a> tags - Horse: A Different World (IRE), Jockey: R. A. Doyle (claim: 0), Trainer: Martin Brassil
2025-06-12 23:43:05,714 - INFO - Position/Length - Found 1 children: Position: PU, Lost by: N/A
2025-06-12 23:43:05,715 - INFO - Extracted: A Different World (IRE) - Position: PU, Lost by: N/A, Jockey: R. A. Doyle (claim: 0), Trainer: Martin Brassil, Age: 8, Weight: 11-7tv, Rating: 95
2025-06-12 23:43:05,715 - INFO - Processing sub block #3 for https://www.racingtv.com/results/2023-01-31/limerick/1257
2025-06-12 23:43:05,715 - INFO - Found 3 <a> tags - Horse: Tingarran Express (IRE), Jockey: Niall Moore (claim: 7), Trainer: Philip Fenton
2025-06-12 23:43:05,717 - INFO - Position/Length - Found 2 children: Position: 8th, Lost by: 23 l
2025-06-12 23:43:05,717 - INFO - Extracted: Tingarran Express (IRE) - Position: 8th, Lost by: 23 l, Jockey: Niall Moore (claim: 7), Trainer: Philip Fenton, Age: 6, Weight: 11-0, Rating: 88
2025-06-12 23:43:05,717 - INFO - Processing sub block #4 for https://www.racingtv.com/results/2023-01-31/limerick/1257
2025-06-12 23:43:05,718 - INFO - Found 3 <a> tags - Horse: Standupandstandout (IRE), Jockey: C. G. O'Dwyer (claim: 7), Trainer: D. E. Fitzgerald
2025-06-12 23:43:05,719 - INFO - Position/Length - Found 2 children: Position: 7th, Lost by: 1 l
2025-06-12 23:43:05,719 - INFO - Extracted: Standupandstandout (IRE) - Position: 7th, Lost by: 1 l, Jockey: C. G. O'Dwyer (claim: 7), Trainer: D. E. Fitzgerald, Age: 7, Weight: 11-3, Rating: 91
2025-06-12 23:43:05,719 - INFO - Processing sub block #5 for https://www.racingtv.com/results/2023-01-31/limerick/1257
2025-06-12 23:43:05,720 - INFO - Found 3 <a> tags - Horse: Jaariam (FR), Jockey: Cian Cullinan (claim: 7), Trainer: P. G. Fahey
2025-06-12 23:43:05,721 - INFO - Position/Length - Found 2 children: Position: 6th, Lost by: 10 l
2025-06-12 23:43:05,722 - INFO - Extracted: Jaariam (FR) - Position: 6th, Lost by: 10 l, Jockey: Cian Cullinan (claim: 7), Trainer: P. G. Fahey, Age: 5, Weight: 11-5, Rating: 93
2025-06-12 23:43:05,722 - INFO - Processing sub block #6 for https://www.racingtv.com/results/2023-01-31/limerick/1257
2025-06-12 23:43:05,723 - INFO - Found 3 <a> tags - Horse: Seangoell (IRE), Jockey: R. P. Geoghegan (claim: 7), Trainer: Norman Lee
2025-06-12 23:43:05,724 - INFO - Position/Length - Found 2 children: Position: 5th, Lost by: 6 1/2 l
2025-06-12 23:43:05,724 - INFO - Extracted: Seangoell (IRE) - Position: 5th, Lost by: 6 1/2 l, Jockey: R. P. Geoghegan (claim: 7), Trainer: Norman Lee, Age: 9, Weight: 11-6tp, Rating: 94
2025-06-12 23:43:05,725 - INFO - Processing sub block #7 for https://www.racingtv.com/results/2023-01-31/limerick/1257
2025-06-12 23:43:05,725 - INFO - Found 3 <a> tags - Horse: Storm Mahler (IRE), Jockey: Corey McGivern (claim: 7), Trainer: Eric McNamara
2025-06-12 23:43:05,726 - INFO - Position/Length - Found 2 children: Position: 4th, Lost by: 3/4 l
2025-06-12 23:43:05,726 - INFO - Extracted: Storm Mahler (IRE) - Position: 4th, Lost by: 3/4 l, Jockey: Corey McGivern (claim: 7), Trainer: Eric McNamara, Age: 5, Weight: 11-3, Rating: 91
2025-06-12 23:43:05,726 - INFO - Processing sub block #8 for https://www.racingtv.com/results/2023-01-31/limerick/1257
2025-06-12 23:43:05,727 - INFO - Found 3 <a> tags - Horse: West Of Carrig (IRE), Jockey: K. C. Sexton (claim: 0), Trainer: Peter Croke
2025-06-12 23:43:05,728 - INFO - Position/Length - Found 2 children: Position: 3rd, Lost by: 16 l
2025-06-12 23:43:05,728 - INFO - Extracted: West Of Carrig (IRE) - Position: 3rd, Lost by: 16 l, Jockey: K. C. Sexton (claim: 0), Trainer: Peter Croke, Age: 6, Weight: 11-11, Rating: 99
2025-06-12 23:43:05,728 - INFO - Processing sub block #9 for https://www.racingtv.com/results/2023-01-31/limerick/1257
2025-06-12 23:43:05,728 - INFO - Found 3 <a> tags - Horse: Buddy One (IRE), Jockey: Jack G. Gilligan (claim: 7), Trainer: Paul John Gilligan
2025-06-12 23:43:05,729 - INFO - Position/Length - Found 2 children: Position: 2nd, Lost by: 12 l
2025-06-12 23:43:05,729 - INFO - Extracted: Buddy One (IRE) - Position: 2nd, Lost by: 12 l, Jockey: Jack G. Gilligan (claim: 7), Trainer: Paul John Gilligan, Age: 6, Weight: 12-7, Rating: 109
2025-06-12 23:43:05,730 - INFO - Processing sub block #10 for https://www.racingtv.com/results/2023-01-31/limerick/1257
2025-06-12 23:43:05,730 - INFO - Found 3 <a> tags - Horse: Carbon King (IRE), Jockey: D. L. Queally (claim: 0), Trainer: Declan Queally
2025-06-12 23:43:05,731 - INFO - Position/Length - Found 1 children: Position: 1st, Lost by: N/A
2025-06-12 23:43:05,731 - INFO - Confirmed winner: Carbon King (IRE)
2025-06-12 23:43:05,731 - INFO - Extracted: Carbon King (IRE) - Position: 1st, Lost by: N/A, Jockey: D. L. Queally (claim: 0), Trainer: Declan Queally, Age: 6, Weight: 11-8t, Rating: 96
2025-06-12 23:43:05,732 - INFO - Processing sub block #11 for https://www.racingtv.com/results/2023-01-31/limerick/1257
2025-06-12 23:43:05,732 - INFO - Found 3 <a> tags - Horse: Joeswayornoway (IRE), Jockey: Kieran Callaghan (claim: 7), Trainer: E. Sheehy
2025-06-12 23:43:05,733 - INFO - Position/Length - Found 1 children: Position: PU, Lost by: N/A
2025-06-12 23:43:05,733 - INFO - Extracted: Joeswayornoway (IRE) - Position: PU, Lost by: N/A, Jockey: Kieran Callaghan (claim: 7), Trainer: E. Sheehy, Age: 7, Weight: 11-12, Rating: 100
2025-06-12 23:43:05,733 - INFO - Processing sub block #12 for https://www.racingtv.com/results/2023-01-31/limerick/1257
2025-06-12 23:43:05,733 - INFO - Found 3 <a> tags - Horse: A Different World (IRE), Jockey: R. A. Doyle (claim: 0), Trainer: Martin Brassil
2025-06-12 23:43:05,734 - INFO - Position/Length - Found 1 children: Position: PU, Lost by: N/A
2025-06-12 23:43:05,734 - INFO - Extracted: A Different World (IRE) - Position: PU, Lost by: N/A, Jockey: R. A. Doyle (claim: 0), Trainer: Martin Brassil, Age: 8, Weight: 11-7tv, Rating: 95
2025-06-12 23:43:05,734 - INFO - Processing sub block #13 for https://www.racingtv.com/results/2023-01-31/limerick/1257
2025-06-12 23:43:05,735 - INFO - Found 3 <a> tags - Horse: Tingarran Express (IRE), Jockey: Niall Moore (claim: 7), Trainer: Philip Fenton
2025-06-12 23:43:05,736 - INFO - Position/Length - Found 2 children: Position: 8th, Lost by: 23 l
2025-06-12 23:43:05,736 - INFO - Extracted: Tingarran Express (IRE) - Position: 8th, Lost by: 23 l, Jockey: Niall Moore (claim: 7), Trainer: Philip Fenton, Age: 6, Weight: 11-0, Rating: 88
2025-06-12 23:43:05,736 - INFO - Processing sub block #14 for https://www.racingtv.com/results/2023-01-31/limerick/1257
2025-06-12 23:43:05,736 - INFO - Found 3 <a> tags - Horse: Standupandstandout (IRE), Jockey: C. G. O'Dwyer (claim: 7), Trainer: D. E. Fitzgerald
2025-06-12 23:43:05,737 - INFO - Position/Length - Found 2 children: Position: 7th, Lost by: 1 l
2025-06-12 23:43:05,737 - INFO - Extracted: Standupandstandout (IRE) - Position: 7th, Lost by: 1 l, Jockey: C. G. O'Dwyer (claim: 7), Trainer: D. E. Fitzgerald, Age: 7, Weight: 11-3, Rating: 91
2025-06-12 23:43:05,737 - INFO - Processing sub block #15 for https://www.racingtv.com/results/2023-01-31/limerick/1257
2025-06-12 23:43:05,738 - INFO - Found 3 <a> tags - Horse: Jaariam (FR), Jockey: Cian Cullinan (claim: 7), Trainer: P. G. Fahey
2025-06-12 23:43:05,739 - INFO - Position/Length - Found 2 children: Position: 6th, Lost by: 10 l
2025-06-12 23:43:05,739 - INFO - Extracted: Jaariam (FR) - Position: 6th, Lost by: 10 l, Jockey: Cian Cullinan (claim: 7), Trainer: P. G. Fahey, Age: 5, Weight: 11-5, Rating: 93
2025-06-12 23:43:05,739 - INFO - Processing sub block #16 for https://www.racingtv.com/results/2023-01-31/limerick/1257
2025-06-12 23:43:05,740 - INFO - Found 3 <a> tags - Horse: Seangoell (IRE), Jockey: R. P. Geoghegan (claim: 7), Trainer: Norman Lee
2025-06-12 23:43:05,740 - INFO - Position/Length - Found 2 children: Position: 5th, Lost by: 6 1/2 l
2025-06-12 23:43:05,740 - INFO - Extracted: Seangoell (IRE) - Position: 5th, Lost by: 6 1/2 l, Jockey: R. P. Geoghegan (claim: 7), Trainer: Norman Lee, Age: 9, Weight: 11-6tp, Rating: 94
2025-06-12 23:43:05,741 - INFO - Processing sub block #17 for https://www.racingtv.com/results/2023-01-31/limerick/1257
2025-06-12 23:43:05,741 - INFO - Found 3 <a> tags - Horse: Storm Mahler (IRE), Jockey: Corey McGivern (claim: 7), Trainer: Eric McNamara
2025-06-12 23:43:05,742 - INFO - Position/Length - Found 2 children: Position: 4th, Lost by: 3/4 l
2025-06-12 23:43:05,742 - INFO - Extracted: Storm Mahler (IRE) - Position: 4th, Lost by: 3/4 l, Jockey: Corey McGivern (claim: 7), Trainer: Eric McNamara, Age: 5, Weight: 11-3, Rating: 91
2025-06-12 23:43:05,742 - INFO - Processing sub block #18 for https://www.racingtv.com/results/2023-01-31/limerick/1257
2025-06-12 23:43:05,742 - INFO - Found 3 <a> tags - Horse: West Of Carrig (IRE), Jockey: K. C. Sexton (claim: 0), Trainer: Peter Croke
2025-06-12 23:43:05,743 - INFO - Position/Length - Found 2 children: Position: 3rd, Lost by: 16 l
2025-06-12 23:43:05,743 - INFO - Extracted: West Of Carrig (IRE) - Position: 3rd, Lost by: 16 l, Jockey: K. C. Sexton (claim: 0), Trainer: Peter Croke, Age: 6, Weight: 11-11, Rating: 99
2025-06-12 23:43:05,743 - INFO - Processing sub block #19 for https://www.racingtv.com/results/2023-01-31/limerick/1257
2025-06-12 23:43:05,744 - INFO - Found 3 <a> tags - Horse: Buddy One (IRE), Jockey: Jack G. Gilligan (claim: 7), Trainer: Paul John Gilligan
2025-06-12 23:43:05,744 - INFO - Position/Length - Found 2 children: Position: 2nd, Lost by: 12 l
2025-06-12 23:43:05,745 - INFO - Extracted: Buddy One (IRE) - Position: 2nd, Lost by: 12 l, Jockey: Jack G. Gilligan (claim: 7), Trainer: Paul John Gilligan, Age: 6, Weight: 12-7, Rating: 109
2025-06-12 23:43:05,745 - INFO - Processing sub block #20 for https://www.racingtv.com/results/2023-01-31/limerick/1257
2025-06-12 23:43:05,745 - INFO - Found 3 <a> tags - Horse: Carbon King (IRE), Jockey: D. L. Queally (claim: 0), Trainer: Declan Queally
2025-06-12 23:43:05,746 - INFO - Position/Length - Found 1 children: Position: 1st, Lost by: N/A
2025-06-12 23:43:05,746 - INFO - Extracted: Carbon King (IRE) - Position: 1st, Lost by: N/A, Jockey: D. L. Queally (claim: 0), Trainer: Declan Queally, Age: 6, Weight: 11-8t, Rating: 96
2025-06-12 23:43:05,746 - INFO - Successfully extracted 20/20 horse records from https://www.racingtv.com/results/2023-01-31/limerick/1257
2025-06-12 23:43:05,747 - INFO - :) First place horse found successfully
2025-06-12 23:43:05,747 - INFO - :) First place horse found successfully
2025-06-12 23:43:05,747 - INFO - :) First place horse found successfully
2025-06-12 23:43:05,747 - INFO - :) First place horse found successfully
2025-06-12 23:43:05,747 - INFO - :) First place horse found successfully
2025-06-12 23:43:05,748 - INFO - :) First place horse found successfully
2025-06-12 23:43:05,748 - INFO - :) First place horse found successfully
2025-06-12 23:43:05,748 - INFO - :) First place horse found successfully
2025-06-12 23:43:05,748 - INFO - :) First place horse found successfully
2025-06-12 23:43:05,748 - INFO - :) First place horse found successfully
2025-06-12 23:43:05,749 - INFO - :) First place horse found successfully
2025-06-12 23:43:05,749 - INFO - :) First place horse found successfully
2025-06-12 23:43:05,749 - INFO - :) First place horse found successfully
2025-06-12 23:43:05,749 - INFO - :) First place horse found successfully
2025-06-12 23:43:05,749 - INFO - :) First place horse found successfully
2025-06-12 23:43:05,749 - INFO - :) First place horse found successfully
2025-06-12 23:43:05,750 - INFO - :) First place horse found successfully
2025-06-12 23:43:05,750 - INFO - :) First place horse found successfully
2025-06-12 23:43:05,750 - INFO - :) First place horse found successfully
2025-06-12 23:43:05,750 - INFO - :) First place horse found successfully
2025-06-12 23:43:05,750 - INFO - :) First place horse found successfully
2025-06-12 23:43:05,751 - INFO - Successfully parsed 20 horse records from: https://www.racingtv.com/results/2023-01-31/limerick/1257
2025-06-12 23:43:05,751 - INFO - Waiting 2 seconds before next request...
2025-06-12 23:43:07,751 - INFO - Batch 40 - URL 28/50: https://www.racingtv.com/results/2023-01-31/limerick/1332
2025-06-12 23:43:07,751 - INFO - Loading page with Selenium: https://www.racingtv.com/results/2023-01-31/limerick/1332
2025-06-12 23:43:13,245 - INFO - Racing main block detected for: https://www.racingtv.com/results/2023-01-31/limerick/1332
2025-06-12 23:43:13,273 - INFO - Successfully loaded page: https://www.racingtv.com/results/2023-01-31/limerick/1332
2025-06-12 23:43:13,424 - INFO - Extracted race info - Track: Limerick Racing Results | 31st January 2023 13:32, Date: N/A, Time: 13:32
2025-06-12 23:43:13,425 - INFO - Found 2nd h3 tag: Soft (Yielding To Soft In Places)  5YO+ 2m Winner: €10,000 (14 runners)
2025-06-12 23:43:13,425 - INFO - Extracted - Going: Soft (Yielding To Soft In Places), Distance: 2m
2025-06-12 23:43:13,426 - INFO - Extracting racing data from: https://www.racingtv.com/results/2023-01-31/limerick/1332
2025-06-12 23:43:13,438 - INFO - Processing main block #1 for https://www.racingtv.com/results/2023-01-31/limerick/1332
2025-06-12 23:43:13,447 - INFO - Checking 2nd child of main block for first place horse...
2025-06-12 23:43:13,454 - INFO - Found alternative horse block structure with 3 links
2025-06-12 23:43:13,455 - INFO - Found alternative horse block structure with 3 links
2025-06-12 23:43:13,455 - INFO - Found alternative horse block structure with 3 links
2025-06-12 23:43:13,456 - INFO - Found alternative horse block structure with 3 links
2025-06-12 23:43:13,456 - INFO - Found alternative horse block structure with 3 links
2025-06-12 23:43:13,456 - INFO - Found alternative horse block structure with 3 links
2025-06-12 23:43:13,457 - INFO - Found alternative horse block structure with 3 links
2025-06-12 23:43:13,457 - INFO - Found alternative horse block structure with 3 links
2025-06-12 23:43:13,458 - INFO - Found alternative horse block structure with 3 links
2025-06-12 23:43:13,458 - INFO - Found alternative horse block structure with 3 links
2025-06-12 23:43:13,458 - INFO - Found alternative horse block structure with 3 links
2025-06-12 23:43:13,459 - INFO - Found alternative horse block structure with 3 links
2025-06-12 23:43:13,459 - INFO - Found alternative horse block structure with 3 links
2025-06-12 23:43:13,459 - INFO - Found alternative horse block structure with 3 links
2025-06-12 23:43:13,488 - INFO - Found likely first place horse via structure analysis: Walk With Paul (FR)
2025-06-12 23:43:13,490 - INFO - Found potential first place horse with background styling
2025-06-12 23:43:13,491 - INFO - Found potential first place horse with background styling
2025-06-12 23:43:13,491 - INFO - Found potential first place horse with background styling
2025-06-12 23:43:13,492 - INFO - Found potential first place horse with background styling
2025-06-12 23:43:13,492 - INFO - Found potential first place horse with background styling
2025-06-12 23:43:13,492 - INFO - Found potential first place horse with background styling
2025-06-12 23:43:13,493 - INFO - Found potential first place horse with background styling
2025-06-12 23:43:13,493 - INFO - Found potential first place horse with background styling
2025-06-12 23:43:13,494 - INFO - Found potential first place horse with background styling
2025-06-12 23:43:13,494 - INFO - Found potential first place horse with background styling
2025-06-12 23:43:13,495 - INFO - Found potential first place horse with background styling
2025-06-12 23:43:13,495 - INFO - Found potential first place horse with background styling
2025-06-12 23:43:13,496 - INFO - Found potential first place horse with background styling
2025-06-12 23:43:13,496 - INFO - Found 28 horse entries for https://www.racingtv.com/results/2023-01-31/limerick/1332 using multiple detection methods
2025-06-12 23:43:13,497 - INFO - Processing sub block #1 for https://www.racingtv.com/results/2023-01-31/limerick/1332
2025-06-12 23:43:13,498 - INFO - Found 3 <a> tags - Horse: Sapphire Grace (IRE), Jockey: Kieran Callaghan (claim: 4), Trainer: Eric McNamara
2025-06-12 23:43:13,498 - INFO - Position/Length - Found 2 children: Position: 14th, Lost by: 32 l
2025-06-12 23:43:13,499 - INFO - Extracted: Sapphire Grace (IRE) - Position: 14th, Lost by: 32 l, Jockey: Kieran Callaghan (claim: 4), Trainer: Eric McNamara, Age: 5, Weight: 11-7, Rating: -
2025-06-12 23:43:13,499 - INFO - Processing sub block #2 for https://www.racingtv.com/results/2023-01-31/limerick/1332
2025-06-12 23:43:13,499 - INFO - Found 3 <a> tags - Horse: Hot Shimmer (IRE), Jockey: T. N. Brett (claim: 4), Trainer: L. Young
2025-06-12 23:43:13,500 - INFO - Position/Length - Found 2 children: Position: 13th, Lost by: 16 l
2025-06-12 23:43:13,500 - INFO - Extracted: Hot Shimmer (IRE) - Position: 13th, Lost by: 16 l, Jockey: T. N. Brett (claim: 4), Trainer: L. Young, Age: 6, Weight: 11-7t, Rating: -
2025-06-12 23:43:13,501 - INFO - Processing sub block #3 for https://www.racingtv.com/results/2023-01-31/limerick/1332
2025-06-12 23:43:13,501 - INFO - Found 3 <a> tags - Horse: Knockraha Park (IRE), Jockey: Patrick Michael O'Brien (claim: 4), Trainer: Ian Patrick Donoghue
2025-06-12 23:43:13,502 - INFO - Position/Length - Found 2 children: Position: 12th, Lost by: 51 l
2025-06-12 23:43:13,503 - INFO - Extracted: Knockraha Park (IRE) - Position: 12th, Lost by: 51 l, Jockey: Patrick Michael O'Brien (claim: 4), Trainer: Ian Patrick Donoghue, Age: 6, Weight: 11-7t, Rating: -
2025-06-12 23:43:13,503 - INFO - Processing sub block #4 for https://www.racingtv.com/results/2023-01-31/limerick/1332
2025-06-12 23:43:13,504 - INFO - Found 3 <a> tags - Horse: Jewelinthesky (IRE), Jockey: G. B. Noonan (claim: 4), Trainer: Eoin Christopher McCarthy
2025-06-12 23:43:13,504 - INFO - Position/Length - Found 2 children: Position: 11th, Lost by: 2 3/4 l
2025-06-12 23:43:13,505 - INFO - Extracted: Jewelinthesky (IRE) - Position: 11th, Lost by: 2 3/4 l, Jockey: G. B. Noonan (claim: 4), Trainer: Eoin Christopher McCarthy, Age: 7, Weight: 11-7, Rating: -
2025-06-12 23:43:13,505 - INFO - Processing sub block #5 for https://www.racingtv.com/results/2023-01-31/limerick/1332
2025-06-12 23:43:13,505 - INFO - Found 3 <a> tags - Horse: Millstream Lady (IRE), Jockey: Corey McGivern (claim: 4), Trainer: Eric McNamara
2025-06-12 23:43:13,506 - INFO - Position/Length - Found 2 children: Position: 10th, Lost by: 16 l
2025-06-12 23:43:13,506 - INFO - Extracted: Millstream Lady (IRE) - Position: 10th, Lost by: 16 l, Jockey: Corey McGivern (claim: 4), Trainer: Eric McNamara, Age: 5, Weight: 11-7, Rating: -
2025-06-12 23:43:13,507 - INFO - Processing sub block #6 for https://www.racingtv.com/results/2023-01-31/limerick/1332
2025-06-12 23:43:13,507 - INFO - Found 3 <a> tags - Horse: Pearlofflorida (IRE), Jockey: Adam Ellis (claim: 4), Trainer: Liam P. Cusack
2025-06-12 23:43:13,508 - INFO - Position/Length - Found 2 children: Position: 9th, Lost by: 1 1/2 l
2025-06-12 23:43:13,508 - INFO - Extracted: Pearlofflorida (IRE) - Position: 9th, Lost by: 1 1/2 l, Jockey: Adam Ellis (claim: 4), Trainer: Liam P. Cusack, Age: 6, Weight: 11-7, Rating: -
2025-06-12 23:43:13,508 - INFO - Processing sub block #7 for https://www.racingtv.com/results/2023-01-31/limerick/1332
2025-06-12 23:43:13,509 - INFO - Found 3 <a> tags - Horse: Getabelle (IRE), Jockey: C. G. O'Dwyer (claim: 4), Trainer: Liam P. Cusack
2025-06-12 23:43:13,510 - INFO - Position/Length - Found 2 children: Position: 8th, Lost by: 3/4 l
2025-06-12 23:43:13,510 - INFO - Extracted: Getabelle (IRE) - Position: 8th, Lost by: 3/4 l, Jockey: C. G. O'Dwyer (claim: 4), Trainer: Liam P. Cusack, Age: 6, Weight: 11-7, Rating: -
2025-06-12 23:43:13,510 - INFO - Processing sub block #8 for https://www.racingtv.com/results/2023-01-31/limerick/1332
2025-06-12 23:43:13,511 - INFO - Found 3 <a> tags - Horse: Champagne Secret (IRE), Jockey: Liam Quinlan (claim: 2), Trainer: Mrs Jayne Hearne
2025-06-12 23:43:13,511 - INFO - Position/Length - Found 2 children: Position: 7th, Lost by: 3 1/2 l
2025-06-12 23:43:13,512 - INFO - Extracted: Champagne Secret (IRE) - Position: 7th, Lost by: 3 1/2 l, Jockey: Liam Quinlan (claim: 2), Trainer: Mrs Jayne Hearne, Age: 6, Weight: 11-7h1, Rating: -
2025-06-12 23:43:13,512 - INFO - Processing sub block #9 for https://www.racingtv.com/results/2023-01-31/limerick/1332
2025-06-12 23:43:13,513 - INFO - Found 3 <a> tags - Horse: Alo's Vision (IRE), Jockey: M. P. O'Connor (claim: 2), Trainer: W. J. Burke
2025-06-12 23:43:13,514 - INFO - Position/Length - Found 2 children: Position: 6th, Lost by: 7 l
2025-06-12 23:43:13,514 - INFO - Extracted: Alo's Vision (IRE) - Position: 6th, Lost by: 7 l, Jockey: M. P. O'Connor (claim: 2), Trainer: W. J. Burke, Age: 5, Weight: 11-7, Rating: -
2025-06-12 23:43:13,515 - INFO - Processing sub block #10 for https://www.racingtv.com/results/2023-01-31/limerick/1332
2025-06-12 23:43:13,515 - INFO - Found 3 <a> tags - Horse: One Cool Lady (IRE), Jockey: K. E. Buckley (claim: 0), Trainer: Gavin Patrick Cromwell
2025-06-12 23:43:13,516 - INFO - Position/Length - Found 2 children: Position: 5th, Lost by: 3/4 l
2025-06-12 23:43:13,516 - INFO - Extracted: One Cool Lady (IRE) - Position: 5th, Lost by: 3/4 l, Jockey: K. E. Buckley (claim: 0), Trainer: Gavin Patrick Cromwell, Age: 7, Weight: 11-7, Rating: -
2025-06-12 23:43:13,517 - INFO - Processing sub block #11 for https://www.racingtv.com/results/2023-01-31/limerick/1332
2025-06-12 23:43:13,517 - INFO - Found 3 <a> tags - Horse: Hi Ski (IRE), Jockey: S. O'Callaghan (claim: 4), Trainer: Ross O'Sullivan
2025-06-12 23:43:13,518 - INFO - Position/Length - Found 2 children: Position: 4th, Lost by: 3/4 l
2025-06-12 23:43:13,518 - INFO - Extracted: Hi Ski (IRE) - Position: 4th, Lost by: 3/4 l, Jockey: S. O'Callaghan (claim: 4), Trainer: Ross O'Sullivan, Age: 8, Weight: 11-7, Rating: -
2025-06-12 23:43:13,519 - INFO - Processing sub block #12 for https://www.racingtv.com/results/2023-01-31/limerick/1332
2025-06-12 23:43:13,519 - INFO - Found 3 <a> tags - Horse: Cool Legacy (IRE), Jockey: C. M. Quirke (claim: 4), Trainer: Colin Motherway
2025-06-12 23:43:13,520 - INFO - Position/Length - Found 2 children: Position: 3rd, Lost by: 15 l
2025-06-12 23:43:13,520 - INFO - Extracted: Cool Legacy (IRE) - Position: 3rd, Lost by: 15 l, Jockey: C. M. Quirke (claim: 4), Trainer: Colin Motherway, Age: 6, Weight: 11-7p1, Rating: -
2025-06-12 23:43:13,521 - INFO - Processing sub block #13 for https://www.racingtv.com/results/2023-01-31/limerick/1332
2025-06-12 23:43:13,521 - INFO - Found 3 <a> tags - Horse: Roccos Inspiration (IRE), Jockey: M. J. M. O'Sullivan (claim: 2), Trainer: Michael G. Kennedy
2025-06-12 23:43:13,523 - INFO - Position/Length - Found 2 children: Position: 2nd, Lost by: 12 l
2025-06-12 23:43:13,523 - INFO - Extracted: Roccos Inspiration (IRE) - Position: 2nd, Lost by: 12 l, Jockey: M. J. M. O'Sullivan (claim: 2), Trainer: Michael G. Kennedy, Age: 6, Weight: 11-7p, Rating: -
2025-06-12 23:43:13,523 - INFO - Processing sub block #14 for https://www.racingtv.com/results/2023-01-31/limerick/1332
2025-06-12 23:43:13,524 - INFO - Found 3 <a> tags - Horse: Walk With Paul (FR), Jockey: C. Brassil (claim: 0), Trainer: Martin Brassil
2025-06-12 23:43:13,524 - INFO - Position/Length - Found 1 children: Position: 1st, Lost by: N/A
2025-06-12 23:43:13,525 - INFO - Confirmed winner: Walk With Paul (FR)
2025-06-12 23:43:13,525 - INFO - Extracted: Walk With Paul (FR) - Position: 1st, Lost by: N/A, Jockey: C. Brassil (claim: 0), Trainer: Martin Brassil, Age: 7, Weight: 11-7t, Rating: -
2025-06-12 23:43:13,525 - INFO - Processing sub block #15 for https://www.racingtv.com/results/2023-01-31/limerick/1332
2025-06-12 23:43:13,526 - INFO - Found 3 <a> tags - Horse: Sapphire Grace (IRE), Jockey: Kieran Callaghan (claim: 4), Trainer: Eric McNamara
2025-06-12 23:43:13,526 - INFO - Position/Length - Found 2 children: Position: 14th, Lost by: 32 l
2025-06-12 23:43:13,527 - INFO - Extracted: Sapphire Grace (IRE) - Position: 14th, Lost by: 32 l, Jockey: Kieran Callaghan (claim: 4), Trainer: Eric McNamara, Age: 5, Weight: 11-7, Rating: -
2025-06-12 23:43:13,527 - INFO - Processing sub block #16 for https://www.racingtv.com/results/2023-01-31/limerick/1332
2025-06-12 23:43:13,527 - INFO - Found 3 <a> tags - Horse: Hot Shimmer (IRE), Jockey: T. N. Brett (claim: 4), Trainer: L. Young
2025-06-12 23:43:13,528 - INFO - Position/Length - Found 2 children: Position: 13th, Lost by: 16 l
2025-06-12 23:43:13,529 - INFO - Extracted: Hot Shimmer (IRE) - Position: 13th, Lost by: 16 l, Jockey: T. N. Brett (claim: 4), Trainer: L. Young, Age: 6, Weight: 11-7t, Rating: -
2025-06-12 23:43:13,529 - INFO - Processing sub block #17 for https://www.racingtv.com/results/2023-01-31/limerick/1332
2025-06-12 23:43:13,530 - INFO - Found 3 <a> tags - Horse: Knockraha Park (IRE), Jockey: Patrick Michael O'Brien (claim: 4), Trainer: Ian Patrick Donoghue
2025-06-12 23:43:13,531 - INFO - Position/Length - Found 2 children: Position: 12th, Lost by: 51 l
2025-06-12 23:43:13,531 - INFO - Extracted: Knockraha Park (IRE) - Position: 12th, Lost by: 51 l, Jockey: Patrick Michael O'Brien (claim: 4), Trainer: Ian Patrick Donoghue, Age: 6, Weight: 11-7t, Rating: -
2025-06-12 23:43:13,531 - INFO - Processing sub block #18 for https://www.racingtv.com/results/2023-01-31/limerick/1332
2025-06-12 23:43:13,532 - INFO - Found 3 <a> tags - Horse: Jewelinthesky (IRE), Jockey: G. B. Noonan (claim: 4), Trainer: Eoin Christopher McCarthy
2025-06-12 23:43:13,532 - INFO - Position/Length - Found 2 children: Position: 11th, Lost by: 2 3/4 l
2025-06-12 23:43:13,533 - INFO - Extracted: Jewelinthesky (IRE) - Position: 11th, Lost by: 2 3/4 l, Jockey: G. B. Noonan (claim: 4), Trainer: Eoin Christopher McCarthy, Age: 7, Weight: 11-7, Rating: -
2025-06-12 23:43:13,533 - INFO - Processing sub block #19 for https://www.racingtv.com/results/2023-01-31/limerick/1332
2025-06-12 23:43:13,533 - INFO - Found 3 <a> tags - Horse: Millstream Lady (IRE), Jockey: Corey McGivern (claim: 4), Trainer: Eric McNamara
2025-06-12 23:43:13,534 - INFO - Position/Length - Found 2 children: Position: 10th, Lost by: 16 l
2025-06-12 23:43:13,534 - INFO - Extracted: Millstream Lady (IRE) - Position: 10th, Lost by: 16 l, Jockey: Corey McGivern (claim: 4), Trainer: Eric McNamara, Age: 5, Weight: 11-7, Rating: -
2025-06-12 23:43:13,534 - INFO - Processing sub block #20 for https://www.racingtv.com/results/2023-01-31/limerick/1332
2025-06-12 23:43:13,535 - INFO - Found 3 <a> tags - Horse: Pearlofflorida (IRE), Jockey: Adam Ellis (claim: 4), Trainer: Liam P. Cusack
2025-06-12 23:43:13,536 - INFO - Position/Length - Found 2 children: Position: 9th, Lost by: 1 1/2 l
2025-06-12 23:43:13,536 - INFO - Extracted: Pearlofflorida (IRE) - Position: 9th, Lost by: 1 1/2 l, Jockey: Adam Ellis (claim: 4), Trainer: Liam P. Cusack, Age: 6, Weight: 11-7, Rating: -
2025-06-12 23:43:13,537 - INFO - Processing sub block #21 for https://www.racingtv.com/results/2023-01-31/limerick/1332
2025-06-12 23:43:13,537 - INFO - Found 3 <a> tags - Horse: Getabelle (IRE), Jockey: C. G. O'Dwyer (claim: 4), Trainer: Liam P. Cusack
2025-06-12 23:43:13,538 - INFO - Position/Length - Found 2 children: Position: 8th, Lost by: 3/4 l
2025-06-12 23:43:13,538 - INFO - Extracted: Getabelle (IRE) - Position: 8th, Lost by: 3/4 l, Jockey: C. G. O'Dwyer (claim: 4), Trainer: Liam P. Cusack, Age: 6, Weight: 11-7, Rating: -
2025-06-12 23:43:13,538 - INFO - Processing sub block #22 for https://www.racingtv.com/results/2023-01-31/limerick/1332
2025-06-12 23:43:13,539 - INFO - Found 3 <a> tags - Horse: Champagne Secret (IRE), Jockey: Liam Quinlan (claim: 2), Trainer: Mrs Jayne Hearne
2025-06-12 23:43:13,539 - INFO - Position/Length - Found 2 children: Position: 7th, Lost by: 3 1/2 l
2025-06-12 23:43:13,539 - INFO - Extracted: Champagne Secret (IRE) - Position: 7th, Lost by: 3 1/2 l, Jockey: Liam Quinlan (claim: 2), Trainer: Mrs Jayne Hearne, Age: 6, Weight: 11-7h1, Rating: -
2025-06-12 23:43:13,540 - INFO - Processing sub block #23 for https://www.racingtv.com/results/2023-01-31/limerick/1332
2025-06-12 23:43:13,540 - INFO - Found 3 <a> tags - Horse: Alo's Vision (IRE), Jockey: M. P. O'Connor (claim: 2), Trainer: W. J. Burke
2025-06-12 23:43:13,541 - INFO - Position/Length - Found 2 children: Position: 6th, Lost by: 7 l
2025-06-12 23:43:13,541 - INFO - Extracted: Alo's Vision (IRE) - Position: 6th, Lost by: 7 l, Jockey: M. P. O'Connor (claim: 2), Trainer: W. J. Burke, Age: 5, Weight: 11-7, Rating: -
2025-06-12 23:43:13,541 - INFO - Processing sub block #24 for https://www.racingtv.com/results/2023-01-31/limerick/1332
2025-06-12 23:43:13,541 - INFO - Found 3 <a> tags - Horse: One Cool Lady (IRE), Jockey: K. E. Buckley (claim: 0), Trainer: Gavin Patrick Cromwell
2025-06-12 23:43:13,542 - INFO - Position/Length - Found 2 children: Position: 5th, Lost by: 3/4 l
2025-06-12 23:43:13,542 - INFO - Extracted: One Cool Lady (IRE) - Position: 5th, Lost by: 3/4 l, Jockey: K. E. Buckley (claim: 0), Trainer: Gavin Patrick Cromwell, Age: 7, Weight: 11-7, Rating: -
2025-06-12 23:43:13,542 - INFO - Processing sub block #25 for https://www.racingtv.com/results/2023-01-31/limerick/1332
2025-06-12 23:43:13,543 - INFO - Found 3 <a> tags - Horse: Hi Ski (IRE), Jockey: S. O'Callaghan (claim: 4), Trainer: Ross O'Sullivan
2025-06-12 23:43:13,543 - INFO - Position/Length - Found 2 children: Position: 4th, Lost by: 3/4 l
2025-06-12 23:43:13,544 - INFO - Extracted: Hi Ski (IRE) - Position: 4th, Lost by: 3/4 l, Jockey: S. O'Callaghan (claim: 4), Trainer: Ross O'Sullivan, Age: 8, Weight: 11-7, Rating: -
2025-06-12 23:43:13,544 - INFO - Processing sub block #26 for https://www.racingtv.com/results/2023-01-31/limerick/1332
2025-06-12 23:43:13,545 - INFO - Found 3 <a> tags - Horse: Cool Legacy (IRE), Jockey: C. M. Quirke (claim: 4), Trainer: Colin Motherway
2025-06-12 23:43:13,545 - INFO - Position/Length - Found 2 children: Position: 3rd, Lost by: 15 l
2025-06-12 23:43:13,545 - INFO - Extracted: Cool Legacy (IRE) - Position: 3rd, Lost by: 15 l, Jockey: C. M. Quirke (claim: 4), Trainer: Colin Motherway, Age: 6, Weight: 11-7p1, Rating: -
2025-06-12 23:43:13,546 - INFO - Processing sub block #27 for https://www.racingtv.com/results/2023-01-31/limerick/1332
2025-06-12 23:43:13,546 - INFO - Found 3 <a> tags - Horse: Roccos Inspiration (IRE), Jockey: M. J. M. O'Sullivan (claim: 2), Trainer: Michael G. Kennedy
2025-06-12 23:43:13,547 - INFO - Position/Length - Found 2 children: Position: 2nd, Lost by: 12 l
2025-06-12 23:43:13,547 - INFO - Extracted: Roccos Inspiration (IRE) - Position: 2nd, Lost by: 12 l, Jockey: M. J. M. O'Sullivan (claim: 2), Trainer: Michael G. Kennedy, Age: 6, Weight: 11-7p, Rating: -
2025-06-12 23:43:13,547 - INFO - Processing sub block #28 for https://www.racingtv.com/results/2023-01-31/limerick/1332
2025-06-12 23:43:13,548 - INFO - Found 3 <a> tags - Horse: Walk With Paul (FR), Jockey: C. Brassil (claim: 0), Trainer: Martin Brassil
2025-06-12 23:43:13,548 - INFO - Position/Length - Found 1 children: Position: 1st, Lost by: N/A
2025-06-12 23:43:13,549 - INFO - Extracted: Walk With Paul (FR) - Position: 1st, Lost by: N/A, Jockey: C. Brassil (claim: 0), Trainer: Martin Brassil, Age: 7, Weight: 11-7t, Rating: -
2025-06-12 23:43:13,549 - INFO - Successfully extracted 28/28 horse records from https://www.racingtv.com/results/2023-01-31/limerick/1332
2025-06-12 23:43:13,549 - INFO - :) First place horse found successfully
2025-06-12 23:43:13,549 - INFO - :) First place horse found successfully
2025-06-12 23:43:13,550 - INFO - :) First place horse found successfully
2025-06-12 23:43:13,550 - INFO - :) First place horse found successfully
2025-06-12 23:43:13,550 - INFO - :) First place horse found successfully
2025-06-12 23:43:13,550 - INFO - :) First place horse found successfully
2025-06-12 23:43:13,550 - INFO - :) First place horse found successfully
2025-06-12 23:43:13,550 - INFO - :) First place horse found successfully
2025-06-12 23:43:13,551 - INFO - :) First place horse found successfully
2025-06-12 23:43:13,551 - INFO - :) First place horse found successfully
2025-06-12 23:43:13,551 - INFO - :) First place horse found successfully
2025-06-12 23:43:13,552 - INFO - :) First place horse found successfully
2025-06-12 23:43:13,552 - INFO - :) First place horse found successfully
2025-06-12 23:43:13,552 - INFO - :) First place horse found successfully
2025-06-12 23:43:13,552 - INFO - :) First place horse found successfully
2025-06-12 23:43:13,552 - INFO - :) First place horse found successfully
2025-06-12 23:43:13,552 - INFO - :) First place horse found successfully
2025-06-12 23:43:13,553 - INFO - :) First place horse found successfully
2025-06-12 23:43:13,553 - INFO - :) First place horse found successfully
2025-06-12 23:43:13,553 - INFO - :) First place horse found successfully
2025-06-12 23:43:13,553 - INFO - :) First place horse found successfully
2025-06-12 23:43:13,553 - INFO - :) First place horse found successfully
2025-06-12 23:43:13,554 - INFO - :) First place horse found successfully
2025-06-12 23:43:13,554 - INFO - :) First place horse found successfully
2025-06-12 23:43:13,554 - INFO - :) First place horse found successfully
2025-06-12 23:43:13,554 - INFO - :) First place horse found successfully
2025-06-12 23:43:13,554 - INFO - :) First place horse found successfully
2025-06-12 23:43:13,555 - INFO - :) First place horse found successfully
2025-06-12 23:43:13,555 - INFO - :) First place horse found successfully
2025-06-12 23:43:13,555 - INFO - Successfully parsed 28 horse records from: https://www.racingtv.com/results/2023-01-31/limerick/1332
2025-06-12 23:43:13,555 - INFO - Waiting 2 seconds before next request...
2025-06-12 23:43:15,556 - INFO - Batch 40 - URL 29/50: https://www.racingtv.com/results/2023-01-31/limerick/1407
2025-06-12 23:43:15,556 - INFO - Loading page with Selenium: https://www.racingtv.com/results/2023-01-31/limerick/1407
2025-06-12 23:43:20,835 - INFO - Racing main block detected for: https://www.racingtv.com/results/2023-01-31/limerick/1407
2025-06-12 23:43:20,859 - INFO - Successfully loaded page: https://www.racingtv.com/results/2023-01-31/limerick/1407
2025-06-12 23:43:20,985 - INFO - Extracted race info - Track: Limerick Racing Results | 31st January 2023 14:07, Date: N/A, Time: 14:07
2025-06-12 23:43:20,985 - INFO - Found 2nd h3 tag: Soft (Yielding To Soft In Places)  Hurdle (Turf) 4YO+ 2m Winner: €10,000 (14 runners)
2025-06-12 23:43:20,985 - INFO - Extracted - Going: Soft (Yielding To Soft In Places)  Hurdle (Turf), Distance: 2m
2025-06-12 23:43:20,985 - INFO - Extracting racing data from: https://www.racingtv.com/results/2023-01-31/limerick/1407
2025-06-12 23:43:21,009 - INFO - Processing main block #1 for https://www.racingtv.com/results/2023-01-31/limerick/1407
2025-06-12 23:43:21,015 - INFO - Checking 2nd child of main block for first place horse...
2025-06-12 23:43:21,022 - INFO - Found alternative horse block structure with 3 links
2025-06-12 23:43:21,023 - INFO - Found alternative horse block structure with 3 links
2025-06-12 23:43:21,023 - INFO - Found alternative horse block structure with 3 links
2025-06-12 23:43:21,024 - INFO - Found alternative horse block structure with 3 links
2025-06-12 23:43:21,024 - INFO - Found alternative horse block structure with 3 links
2025-06-12 23:43:21,024 - INFO - Found alternative horse block structure with 3 links
2025-06-12 23:43:21,024 - INFO - Found alternative horse block structure with 3 links
2025-06-12 23:43:21,025 - INFO - Found alternative horse block structure with 3 links
2025-06-12 23:43:21,025 - INFO - Found alternative horse block structure with 3 links
2025-06-12 23:43:21,025 - INFO - Found alternative horse block structure with 3 links
2025-06-12 23:43:21,026 - INFO - Found alternative horse block structure with 3 links
2025-06-12 23:43:21,026 - INFO - Found alternative horse block structure with 3 links
2025-06-12 23:43:21,026 - INFO - Found alternative horse block structure with 3 links
2025-06-12 23:43:21,026 - INFO - Found alternative horse block structure with 3 links
2025-06-12 23:43:21,053 - INFO - Found likely first place horse via structure analysis: Paul Marvel (FR)
2025-06-12 23:43:21,055 - INFO - Found potential first place horse with background styling
2025-06-12 23:43:21,056 - INFO - Found potential first place horse with background styling
2025-06-12 23:43:21,056 - INFO - Found potential first place horse with background styling
2025-06-12 23:43:21,057 - INFO - Found potential first place horse with background styling
2025-06-12 23:43:21,057 - INFO - Found potential first place horse with background styling
2025-06-12 23:43:21,057 - INFO - Found potential first place horse with background styling
2025-06-12 23:43:21,057 - INFO - Found potential first place horse with background styling
2025-06-12 23:43:21,057 - INFO - Found potential first place horse with background styling
2025-06-12 23:43:21,058 - INFO - Found potential first place horse with background styling
2025-06-12 23:43:21,058 - INFO - Found potential first place horse with background styling
2025-06-12 23:43:21,059 - INFO - Found potential first place horse with background styling
2025-06-12 23:43:21,059 - INFO - Found potential first place horse with background styling
2025-06-12 23:43:21,059 - INFO - Found potential first place horse with background styling
2025-06-12 23:43:21,060 - INFO - Found 28 horse entries for https://www.racingtv.com/results/2023-01-31/limerick/1407 using multiple detection methods
2025-06-12 23:43:21,060 - INFO - Processing sub block #1 for https://www.racingtv.com/results/2023-01-31/limerick/1407
2025-06-12 23:43:21,060 - INFO - Found 3 <a> tags - Horse: Soldier's Three (IRE), Jockey: Cian Cullinan (claim: 7), Trainer: Ronald O'Leary
2025-06-12 23:43:21,061 - INFO - Position/Length - Found 1 children: Position: PU, Lost by: N/A
2025-06-12 23:43:21,062 - INFO - Extracted: Soldier's Three (IRE) - Position: PU, Lost by: N/A, Jockey: Cian Cullinan (claim: 7), Trainer: Ronald O'Leary, Age: 5, Weight: 11-12, Rating: -
2025-06-12 23:43:21,062 - INFO - Processing sub block #2 for https://www.racingtv.com/results/2023-01-31/limerick/1407
2025-06-12 23:43:21,062 - INFO - Found 3 <a> tags - Horse: Rocket Carnival (FR), Jockey: D. King (claim: 5), Trainer: Denis Hogan
2025-06-12 23:43:21,064 - INFO - Position/Length - Found 1 children: Position: F, Lost by: N/A
2025-06-12 23:43:21,064 - INFO - Extracted: Rocket Carnival (FR) - Position: F, Lost by: N/A, Jockey: D. King (claim: 5), Trainer: Denis Hogan, Age: 6, Weight: 11-12h, Rating: -
2025-06-12 23:43:21,064 - INFO - Processing sub block #3 for https://www.racingtv.com/results/2023-01-31/limerick/1407
2025-06-12 23:43:21,064 - INFO - Found 3 <a> tags - Horse: Captain Dillon (FR), Jockey: Richard Deegan (claim: 0), Trainer: S. Curling
2025-06-12 23:43:21,065 - INFO - Position/Length - Found 2 children: Position: 12th, Lost by: 34 l
2025-06-12 23:43:21,065 - INFO - Extracted: Captain Dillon (FR) - Position: 12th, Lost by: 34 l, Jockey: Richard Deegan (claim: 0), Trainer: S. Curling, Age: 4, Weight: 10-13, Rating: -
2025-06-12 23:43:21,065 - INFO - Processing sub block #4 for https://www.racingtv.com/results/2023-01-31/limerick/1407
2025-06-12 23:43:21,066 - INFO - Found 3 <a> tags - Horse: Strong Whisper (IRE), Jockey: R. P. Geoghegan (claim: 7), Trainer: Norman Lee
2025-06-12 23:43:21,067 - INFO - Position/Length - Found 2 children: Position: 11th, Lost by: 12 l
2025-06-12 23:43:21,067 - INFO - Extracted: Strong Whisper (IRE) - Position: 11th, Lost by: 12 l, Jockey: R. P. Geoghegan (claim: 7), Trainer: Norman Lee, Age: 7, Weight: 11-12, Rating: -
2025-06-12 23:43:21,067 - INFO - Processing sub block #5 for https://www.racingtv.com/results/2023-01-31/limerick/1407
2025-06-12 23:43:21,068 - INFO - Found 3 <a> tags - Horse: Farceur De Sivola (FR), Jockey: Liam Quinlan (claim: 5), Trainer: John Patrick Ryan
2025-06-12 23:43:21,068 - INFO - Position/Length - Found 2 children: Position: 10th, Lost by: 37 l
2025-06-12 23:43:21,068 - INFO - Extracted: Farceur De Sivola (FR) - Position: 10th, Lost by: 37 l, Jockey: Liam Quinlan (claim: 5), Trainer: John Patrick Ryan, Age: 8, Weight: 11-12, Rating: -
2025-06-12 23:43:21,068 - INFO - Processing sub block #6 for https://www.racingtv.com/results/2023-01-31/limerick/1407
2025-06-12 23:43:21,068 - INFO - Found 3 <a> tags - Horse: Riyami (IRE), Jockey: Philip Donovan (claim: 5), Trainer: Denis Hogan
2025-06-12 23:43:21,072 - INFO - Position/Length - Found 2 children: Position: 9th, Lost by: 5 l
2025-06-12 23:43:21,072 - INFO - Extracted: Riyami (IRE) - Position: 9th, Lost by: 5 l, Jockey: Philip Donovan (claim: 5), Trainer: Denis Hogan, Age: 4, Weight: 10-13, Rating: -
2025-06-12 23:43:21,072 - INFO - Processing sub block #7 for https://www.racingtv.com/results/2023-01-31/limerick/1407
2025-06-12 23:43:21,073 - INFO - Found 3 <a> tags - Horse: Mister Twist (IRE), Jockey: Niall Moore (claim: 7), Trainer: Philip Fenton
2025-06-12 23:43:21,073 - INFO - Position/Length - Found 2 children: Position: 8th, Lost by: 3 1/4 l
2025-06-12 23:43:21,074 - INFO - Extracted: Mister Twist (IRE) - Position: 8th, Lost by: 3 1/4 l, Jockey: Niall Moore (claim: 7), Trainer: Philip Fenton, Age: 5, Weight: 11-12, Rating: -
2025-06-12 23:43:21,074 - INFO - Processing sub block #8 for https://www.racingtv.com/results/2023-01-31/limerick/1407
2025-06-12 23:43:21,074 - INFO - Found 3 <a> tags - Horse: Moonface (IRE), Jockey: B. P. Kennedy (claim: 7), Trainer: Paul W. Flynn
2025-06-12 23:43:21,075 - INFO - Position/Length - Found 2 children: Position: 7th, Lost by: 24 l
2025-06-12 23:43:21,075 - INFO - Extracted: Moonface (IRE) - Position: 7th, Lost by: 24 l, Jockey: B. P. Kennedy (claim: 7), Trainer: Paul W. Flynn, Age: 6, Weight: 11-12t, Rating: -
2025-06-12 23:43:21,075 - INFO - Processing sub block #9 for https://www.racingtv.com/results/2023-01-31/limerick/1407
2025-06-12 23:43:21,076 - INFO - Found 3 <a> tags - Horse: Lucky Zebo, Jockey: M. P. O'Connor (claim: 5), Trainer: Henry de Bromhead
2025-06-12 23:43:21,077 - INFO - Position/Length - Found 2 children: Position: 6th, Lost by: 1 1/4 l
2025-06-12 23:43:21,077 - INFO - Extracted: Lucky Zebo - Position: 6th, Lost by: 1 1/4 l, Jockey: M. P. O'Connor (claim: 5), Trainer: Henry de Bromhead, Age: 6, Weight: 11-12, Rating: -
2025-06-12 23:43:21,077 - INFO - Processing sub block #10 for https://www.racingtv.com/results/2023-01-31/limerick/1407
2025-06-12 23:43:21,077 - INFO - Found 3 <a> tags - Horse: Fine Margin (IRE), Jockey: K. C. Sexton (claim: 0), Trainer: Matthew A. Daly
2025-06-12 23:43:21,077 - INFO - Position/Length - Found 2 children: Position: 5th, Lost by: 2 1/4 l
2025-06-12 23:43:21,077 - INFO - Extracted: Fine Margin (IRE) - Position: 5th, Lost by: 2 1/4 l, Jockey: K. C. Sexton (claim: 0), Trainer: Matthew A. Daly, Age: 6, Weight: 11-12t1, Rating: -
2025-06-12 23:43:21,077 - INFO - Processing sub block #11 for https://www.racingtv.com/results/2023-01-31/limerick/1407
2025-06-12 23:43:21,077 - INFO - Found 3 <a> tags - Horse: Knocknakilla (IRE), Jockey: Gearoid Patrick Brouder (claim: 5), Trainer: G. O'Leary
2025-06-12 23:43:21,077 - INFO - Position/Length - Found 2 children: Position: 4th, Lost by: 1/2 l
2025-06-12 23:43:21,077 - INFO - Extracted: Knocknakilla (IRE) - Position: 4th, Lost by: 1/2 l, Jockey: Gearoid Patrick Brouder (claim: 5), Trainer: G. O'Leary, Age: 5, Weight: 11-12, Rating: -
2025-06-12 23:43:21,077 - INFO - Processing sub block #12 for https://www.racingtv.com/results/2023-01-31/limerick/1407
2025-06-12 23:43:21,081 - INFO - Found 3 <a> tags - Horse: Another Million (IRE), Jockey: R. A. Doyle (claim: 0), Trainer: Denis Leahy
2025-06-12 23:43:21,082 - INFO - Position/Length - Found 2 children: Position: 3rd, Lost by: 14 l
2025-06-12 23:43:21,082 - INFO - Extracted: Another Million (IRE) - Position: 3rd, Lost by: 14 l, Jockey: R. A. Doyle (claim: 0), Trainer: Denis Leahy, Age: 6, Weight: 11-12, Rating: -
2025-06-12 23:43:21,082 - INFO - Processing sub block #13 for https://www.racingtv.com/results/2023-01-31/limerick/1407
2025-06-12 23:43:21,082 - INFO - Found 3 <a> tags - Horse: Trust Me Nate, Jockey: Sam Ewing (claim: 0), Trainer: Gordon Elliott
2025-06-12 23:43:21,083 - INFO - Position/Length - Found 2 children: Position: 2nd, Lost by: 2 1/4 l
2025-06-12 23:43:21,084 - INFO - Extracted: Trust Me Nate - Position: 2nd, Lost by: 2 1/4 l, Jockey: Sam Ewing (claim: 0), Trainer: Gordon Elliott, Age: 5, Weight: 11-12, Rating: -
2025-06-12 23:43:21,084 - INFO - Processing sub block #14 for https://www.racingtv.com/results/2023-01-31/limerick/1407
2025-06-12 23:43:21,084 - INFO - Found 3 <a> tags - Horse: Paul Marvel (FR), Jockey: Kieran Callaghan (claim: 7), Trainer: W. P. Mullins
2025-06-12 23:43:21,085 - INFO - Position/Length - Found 1 children: Position: 1st, Lost by: N/A
2025-06-12 23:43:21,085 - INFO - Confirmed winner: Paul Marvel (FR)
2025-06-12 23:43:21,085 - INFO - Extracted: Paul Marvel (FR) - Position: 1st, Lost by: N/A, Jockey: Kieran Callaghan (claim: 7), Trainer: W. P. Mullins, Age: 6, Weight: 11-12, Rating: -
2025-06-12 23:43:21,085 - INFO - Processing sub block #15 for https://www.racingtv.com/results/2023-01-31/limerick/1407
2025-06-12 23:43:21,085 - INFO - Found 3 <a> tags - Horse: Soldier's Three (IRE), Jockey: Cian Cullinan (claim: 7), Trainer: Ronald O'Leary
2025-06-12 23:43:21,089 - INFO - Position/Length - Found 1 children: Position: PU, Lost by: N/A
2025-06-12 23:43:21,089 - INFO - Extracted: Soldier's Three (IRE) - Position: PU, Lost by: N/A, Jockey: Cian Cullinan (claim: 7), Trainer: Ronald O'Leary, Age: 5, Weight: 11-12, Rating: -
2025-06-12 23:43:21,089 - INFO - Processing sub block #16 for https://www.racingtv.com/results/2023-01-31/limerick/1407
2025-06-12 23:43:21,090 - INFO - Found 3 <a> tags - Horse: Rocket Carnival (FR), Jockey: D. King (claim: 5), Trainer: Denis Hogan
2025-06-12 23:43:21,091 - INFO - Position/Length - Found 1 children: Position: F, Lost by: N/A
2025-06-12 23:43:21,091 - INFO - Extracted: Rocket Carnival (FR) - Position: F, Lost by: N/A, Jockey: D. King (claim: 5), Trainer: Denis Hogan, Age: 6, Weight: 11-12h, Rating: -
2025-06-12 23:43:21,091 - INFO - Processing sub block #17 for https://www.racingtv.com/results/2023-01-31/limerick/1407
2025-06-12 23:43:21,091 - INFO - Found 3 <a> tags - Horse: Captain Dillon (FR), Jockey: Richard Deegan (claim: 0), Trainer: S. Curling
2025-06-12 23:43:21,092 - INFO - Position/Length - Found 2 children: Position: 12th, Lost by: 34 l
2025-06-12 23:43:21,092 - INFO - Extracted: Captain Dillon (FR) - Position: 12th, Lost by: 34 l, Jockey: Richard Deegan (claim: 0), Trainer: S. Curling, Age: 4, Weight: 10-13, Rating: -
2025-06-12 23:43:21,092 - INFO - Processing sub block #18 for https://www.racingtv.com/results/2023-01-31/limerick/1407
2025-06-12 23:43:21,093 - INFO - Found 3 <a> tags - Horse: Strong Whisper (IRE), Jockey: R. P. Geoghegan (claim: 7), Trainer: Norman Lee
2025-06-12 23:43:21,093 - INFO - Position/Length - Found 2 children: Position: 11th, Lost by: 12 l
2025-06-12 23:43:21,094 - INFO - Extracted: Strong Whisper (IRE) - Position: 11th, Lost by: 12 l, Jockey: R. P. Geoghegan (claim: 7), Trainer: Norman Lee, Age: 7, Weight: 11-12, Rating: -
2025-06-12 23:43:21,094 - INFO - Processing sub block #19 for https://www.racingtv.com/results/2023-01-31/limerick/1407
2025-06-12 23:43:21,094 - INFO - Found 3 <a> tags - Horse: Farceur De Sivola (FR), Jockey: Liam Quinlan (claim: 5), Trainer: John Patrick Ryan
2025-06-12 23:43:21,094 - INFO - Position/Length - Found 2 children: Position: 10th, Lost by: 37 l
2025-06-12 23:43:21,094 - INFO - Extracted: Farceur De Sivola (FR) - Position: 10th, Lost by: 37 l, Jockey: Liam Quinlan (claim: 5), Trainer: John Patrick Ryan, Age: 8, Weight: 11-12, Rating: -
2025-06-12 23:43:21,094 - INFO - Processing sub block #20 for https://www.racingtv.com/results/2023-01-31/limerick/1407
2025-06-12 23:43:21,096 - INFO - Found 3 <a> tags - Horse: Riyami (IRE), Jockey: Philip Donovan (claim: 5), Trainer: Denis Hogan
2025-06-12 23:43:21,096 - INFO - Position/Length - Found 2 children: Position: 9th, Lost by: 5 l
2025-06-12 23:43:21,097 - INFO - Extracted: Riyami (IRE) - Position: 9th, Lost by: 5 l, Jockey: Philip Donovan (claim: 5), Trainer: Denis Hogan, Age: 4, Weight: 10-13, Rating: -
2025-06-12 23:43:21,097 - INFO - Processing sub block #21 for https://www.racingtv.com/results/2023-01-31/limerick/1407
2025-06-12 23:43:21,097 - INFO - Found 3 <a> tags - Horse: Mister Twist (IRE), Jockey: Niall Moore (claim: 7), Trainer: Philip Fenton
2025-06-12 23:43:21,098 - INFO - Position/Length - Found 2 children: Position: 8th, Lost by: 3 1/4 l
2025-06-12 23:43:21,098 - INFO - Extracted: Mister Twist (IRE) - Position: 8th, Lost by: 3 1/4 l, Jockey: Niall Moore (claim: 7), Trainer: Philip Fenton, Age: 5, Weight: 11-12, Rating: -
2025-06-12 23:43:21,098 - INFO - Processing sub block #22 for https://www.racingtv.com/results/2023-01-31/limerick/1407
2025-06-12 23:43:21,099 - INFO - Found 3 <a> tags - Horse: Moonface (IRE), Jockey: B. P. Kennedy (claim: 7), Trainer: Paul W. Flynn
2025-06-12 23:43:21,099 - INFO - Position/Length - Found 2 children: Position: 7th, Lost by: 24 l
2025-06-12 23:43:21,100 - INFO - Extracted: Moonface (IRE) - Position: 7th, Lost by: 24 l, Jockey: B. P. Kennedy (claim: 7), Trainer: Paul W. Flynn, Age: 6, Weight: 11-12t, Rating: -
2025-06-12 23:43:21,100 - INFO - Processing sub block #23 for https://www.racingtv.com/results/2023-01-31/limerick/1407
2025-06-12 23:43:21,101 - INFO - Found 3 <a> tags - Horse: Lucky Zebo, Jockey: M. P. O'Connor (claim: 5), Trainer: Henry de Bromhead
2025-06-12 23:43:21,101 - INFO - Position/Length - Found 2 children: Position: 6th, Lost by: 1 1/4 l
2025-06-12 23:43:21,102 - INFO - Extracted: Lucky Zebo - Position: 6th, Lost by: 1 1/4 l, Jockey: M. P. O'Connor (claim: 5), Trainer: Henry de Bromhead, Age: 6, Weight: 11-12, Rating: -
2025-06-12 23:43:21,102 - INFO - Processing sub block #24 for https://www.racingtv.com/results/2023-01-31/limerick/1407
2025-06-12 23:43:21,102 - INFO - Found 3 <a> tags - Horse: Fine Margin (IRE), Jockey: K. C. Sexton (claim: 0), Trainer: Matthew A. Daly
2025-06-12 23:43:21,102 - INFO - Position/Length - Found 2 children: Position: 5th, Lost by: 2 1/4 l
2025-06-12 23:43:21,102 - INFO - Extracted: Fine Margin (IRE) - Position: 5th, Lost by: 2 1/4 l, Jockey: K. C. Sexton (claim: 0), Trainer: Matthew A. Daly, Age: 6, Weight: 11-12t1, Rating: -
2025-06-12 23:43:21,102 - INFO - Processing sub block #25 for https://www.racingtv.com/results/2023-01-31/limerick/1407
2025-06-12 23:43:21,102 - INFO - Found 3 <a> tags - Horse: Knocknakilla (IRE), Jockey: Gearoid Patrick Brouder (claim: 5), Trainer: G. O'Leary
2025-06-12 23:43:21,102 - INFO - Position/Length - Found 2 children: Position: 4th, Lost by: 1/2 l
2025-06-12 23:43:21,106 - INFO - Extracted: Knocknakilla (IRE) - Position: 4th, Lost by: 1/2 l, Jockey: Gearoid Patrick Brouder (claim: 5), Trainer: G. O'Leary, Age: 5, Weight: 11-12, Rating: -
2025-06-12 23:43:21,106 - INFO - Processing sub block #26 for https://www.racingtv.com/results/2023-01-31/limerick/1407
2025-06-12 23:43:21,106 - INFO - Found 3 <a> tags - Horse: Another Million (IRE), Jockey: R. A. Doyle (claim: 0), Trainer: Denis Leahy
2025-06-12 23:43:21,107 - INFO - Position/Length - Found 2 children: Position: 3rd, Lost by: 14 l
2025-06-12 23:43:21,107 - INFO - Extracted: Another Million (IRE) - Position: 3rd, Lost by: 14 l, Jockey: R. A. Doyle (claim: 0), Trainer: Denis Leahy, Age: 6, Weight: 11-12, Rating: -
2025-06-12 23:43:21,107 - INFO - Processing sub block #27 for https://www.racingtv.com/results/2023-01-31/limerick/1407
2025-06-12 23:43:21,108 - INFO - Found 3 <a> tags - Horse: Trust Me Nate, Jockey: Sam Ewing (claim: 0), Trainer: Gordon Elliott
2025-06-12 23:43:21,108 - INFO - Position/Length - Found 2 children: Position: 2nd, Lost by: 2 1/4 l
2025-06-12 23:43:21,108 - INFO - Extracted: Trust Me Nate - Position: 2nd, Lost by: 2 1/4 l, Jockey: Sam Ewing (claim: 0), Trainer: Gordon Elliott, Age: 5, Weight: 11-12, Rating: -
2025-06-12 23:43:21,109 - INFO - Processing sub block #28 for https://www.racingtv.com/results/2023-01-31/limerick/1407
2025-06-12 23:43:21,109 - INFO - Found 3 <a> tags - Horse: Paul Marvel (FR), Jockey: Kieran Callaghan (claim: 7), Trainer: W. P. Mullins
2025-06-12 23:43:21,110 - INFO - Position/Length - Found 1 children: Position: 1st, Lost by: N/A
2025-06-12 23:43:21,110 - INFO - Extracted: Paul Marvel (FR) - Position: 1st, Lost by: N/A, Jockey: Kieran Callaghan (claim: 7), Trainer: W. P. Mullins, Age: 6, Weight: 11-12, Rating: -
2025-06-12 23:43:21,110 - INFO - Successfully extracted 28/28 horse records from https://www.racingtv.com/results/2023-01-31/limerick/1407
2025-06-12 23:43:21,110 - INFO - :) First place horse found successfully
2025-06-12 23:43:21,110 - INFO - :) First place horse found successfully
2025-06-12 23:43:21,110 - INFO - :) First place horse found successfully
2025-06-12 23:43:21,110 - INFO - :) First place horse found successfully
2025-06-12 23:43:21,110 - INFO - :) First place horse found successfully
2025-06-12 23:43:21,110 - INFO - :) First place horse found successfully
2025-06-12 23:43:21,110 - INFO - :) First place horse found successfully
2025-06-12 23:43:21,110 - INFO - :) First place horse found successfully
2025-06-12 23:43:21,110 - INFO - :) First place horse found successfully
2025-06-12 23:43:21,110 - INFO - :) First place horse found successfully
2025-06-12 23:43:21,110 - INFO - :) First place horse found successfully
2025-06-12 23:43:21,110 - INFO - :) First place horse found successfully
2025-06-12 23:43:21,110 - INFO - :) First place horse found successfully
2025-06-12 23:43:21,110 - INFO - :) First place horse found successfully
2025-06-12 23:43:21,110 - INFO - :) First place horse found successfully
2025-06-12 23:43:21,110 - INFO - :) First place horse found successfully
2025-06-12 23:43:21,110 - INFO - :) First place horse found successfully
2025-06-12 23:43:21,110 - INFO - :) First place horse found successfully
2025-06-12 23:43:21,110 - INFO - :) First place horse found successfully
2025-06-12 23:43:21,110 - INFO - :) First place horse found successfully
2025-06-12 23:43:21,110 - INFO - :) First place horse found successfully
2025-06-12 23:43:21,110 - INFO - :) First place horse found successfully
2025-06-12 23:43:21,110 - INFO - :) First place horse found successfully
2025-06-12 23:43:21,110 - INFO - :) First place horse found successfully
2025-06-12 23:43:21,110 - INFO - :) First place horse found successfully
2025-06-12 23:43:21,110 - INFO - :) First place horse found successfully
2025-06-12 23:43:21,110 - INFO - :) First place horse found successfully
2025-06-12 23:43:21,116 - INFO - :) First place horse found successfully
2025-06-12 23:43:21,116 - INFO - :) First place horse found successfully
2025-06-12 23:43:21,116 - INFO - Successfully parsed 28 horse records from: https://www.racingtv.com/results/2023-01-31/limerick/1407
2025-06-12 23:43:21,116 - INFO - Waiting 2 seconds before next request...
2025-06-12 23:43:23,117 - INFO - Batch 40 - URL 30/50: https://www.racingtv.com/results/2023-01-31/limerick/1442
2025-06-12 23:43:23,117 - INFO - Loading page with Selenium: https://www.racingtv.com/results/2023-01-31/limerick/1442
2025-06-12 23:43:28,414 - INFO - Racing main block detected for: https://www.racingtv.com/results/2023-01-31/limerick/1442
2025-06-12 23:43:28,462 - INFO - Successfully loaded page: https://www.racingtv.com/results/2023-01-31/limerick/1442
2025-06-12 23:43:28,561 - INFO - Extracted race info - Track: Limerick Racing Results | 31st January 2023 14:42, Date: N/A, Time: 14:42
2025-06-12 23:43:28,561 - INFO - Found 2nd h3 tag: Soft (Yielding To Soft In Places)  4YO+ 2m Winner: €10,000 (10 runners)
2025-06-12 23:43:28,561 - INFO - Extracted - Going: Soft (Yielding To Soft In Places), Distance: 2m
2025-06-12 23:43:28,561 - INFO - Extracting racing data from: https://www.racingtv.com/results/2023-01-31/limerick/1442
2025-06-12 23:43:28,561 - INFO - Processing main block #1 for https://www.racingtv.com/results/2023-01-31/limerick/1442
2025-06-12 23:43:28,579 - INFO - Checking 2nd child of main block for first place horse...
2025-06-12 23:43:28,584 - INFO - Found alternative horse block structure with 3 links
2025-06-12 23:43:28,584 - INFO - Found alternative horse block structure with 3 links
2025-06-12 23:43:28,585 - INFO - Found alternative horse block structure with 3 links
2025-06-12 23:43:28,585 - INFO - Found alternative horse block structure with 3 links
2025-06-12 23:43:28,585 - INFO - Found alternative horse block structure with 3 links
2025-06-12 23:43:28,586 - INFO - Found alternative horse block structure with 3 links
2025-06-12 23:43:28,586 - INFO - Found alternative horse block structure with 3 links
2025-06-12 23:43:28,586 - INFO - Found alternative horse block structure with 3 links
2025-06-12 23:43:28,587 - INFO - Found alternative horse block structure with 3 links
2025-06-12 23:43:28,587 - INFO - Found alternative horse block structure with 3 links
2025-06-12 23:43:28,605 - INFO - Found likely first place horse via structure analysis: Lovely Reaction (IRE)
2025-06-12 23:43:28,607 - INFO - Found potential first place horse with background styling
2025-06-12 23:43:28,607 - INFO - Found potential first place horse with background styling
2025-06-12 23:43:28,608 - INFO - Found potential first place horse with background styling
2025-06-12 23:43:28,609 - INFO - Found potential first place horse with background styling
2025-06-12 23:43:28,609 - INFO - Found potential first place horse with background styling
2025-06-12 23:43:28,610 - INFO - Found potential first place horse with background styling
2025-06-12 23:43:28,610 - INFO - Found potential first place horse with background styling
2025-06-12 23:43:28,610 - INFO - Found potential first place horse with background styling
2025-06-12 23:43:28,611 - INFO - Found potential first place horse with background styling
2025-06-12 23:43:28,611 - INFO - Found 20 horse entries for https://www.racingtv.com/results/2023-01-31/limerick/1442 using multiple detection methods
2025-06-12 23:43:28,611 - INFO - Processing sub block #1 for https://www.racingtv.com/results/2023-01-31/limerick/1442
2025-06-12 23:43:28,612 - INFO - Found 3 <a> tags - Horse: Saved By The River (IRE), Jockey: Gavin Peter Brouder (claim: 2), Trainer: James A. Nash
2025-06-12 23:43:28,612 - INFO - Position/Length - Found 1 children: Position: UR, Lost by: N/A
2025-06-12 23:43:28,613 - INFO - Extracted: Saved By The River (IRE) - Position: UR, Lost by: N/A, Jockey: Gavin Peter Brouder (claim: 2), Trainer: James A. Nash, Age: 6, Weight: 11-6, Rating: 86
2025-06-12 23:43:28,613 - INFO - Processing sub block #2 for https://www.racingtv.com/results/2023-01-31/limerick/1442
2025-06-12 23:43:28,613 - INFO - Found 3 <a> tags - Horse: The Son Of Brega (IRE), Jockey: Patrick Michael O'Brien (claim: 4), Trainer: Patrick Downey
2025-06-12 23:43:28,613 - INFO - Position/Length - Found 1 children: Position: PU, Lost by: N/A
2025-06-12 23:43:28,613 - INFO - Extracted: The Son Of Brega (IRE) - Position: PU, Lost by: N/A, Jockey: Patrick Michael O'Brien (claim: 4), Trainer: Patrick Downey, Age: 7, Weight: 11-9, Rating: 89
2025-06-12 23:43:28,613 - INFO - Processing sub block #3 for https://www.racingtv.com/results/2023-01-31/limerick/1442
2025-06-12 23:43:28,613 - INFO - Found 3 <a> tags - Horse: Molly Kaye, Jockey: N. T. Prendergast (claim: 4), Trainer: S. M. Duffy
2025-06-12 23:43:28,613 - INFO - Position/Length - Found 1 children: Position: F, Lost by: N/A
2025-06-12 23:43:28,613 - INFO - Extracted: Molly Kaye - Position: F, Lost by: N/A, Jockey: N. T. Prendergast (claim: 4), Trainer: S. M. Duffy, Age: 10, Weight: 11-6, Rating: 86
2025-06-12 23:43:28,613 - INFO - Processing sub block #4 for https://www.racingtv.com/results/2023-01-31/limerick/1442
2025-06-12 23:43:28,613 - INFO - Found 3 <a> tags - Horse: Princess Mahler (IRE), Jockey: A. M. McCurtin (claim: 0), Trainer: Brendan Maurice Walsh
2025-06-12 23:43:28,613 - INFO - Position/Length - Found 2 children: Position: 7th, Lost by: 1 1/4 l
2025-06-12 23:43:28,613 - INFO - Extracted: Princess Mahler (IRE) - Position: 7th, Lost by: 1 1/4 l, Jockey: A. M. McCurtin (claim: 0), Trainer: Brendan Maurice Walsh, Age: 11, Weight: 11-0t, Rating: 80
2025-06-12 23:43:28,618 - INFO - Processing sub block #5 for https://www.racingtv.com/results/2023-01-31/limerick/1442
2025-06-12 23:43:28,618 - INFO - Found 3 <a> tags - Horse: Natural Breeze (IRE), Jockey: Patrick O'Hanlon (claim: 2), Trainer: P. J. Rothwell
2025-06-12 23:43:28,619 - INFO - Position/Length - Found 2 children: Position: 6th, Lost by: 2 1/4 l
2025-06-12 23:43:28,619 - INFO - Extracted: Natural Breeze (IRE) - Position: 6th, Lost by: 2 1/4 l, Jockey: Patrick O'Hanlon (claim: 2), Trainer: P. J. Rothwell, Age: 8, Weight: 11-8, Rating: 88
2025-06-12 23:43:28,620 - INFO - Processing sub block #6 for https://www.racingtv.com/results/2023-01-31/limerick/1442
2025-06-12 23:43:28,621 - INFO - Found 3 <a> tags - Horse: Mahlers Cove (IRE), Jockey: M. P. O'Connor (claim: 2), Trainer: James Joseph Mangan
2025-06-12 23:43:28,622 - INFO - Position/Length - Found 2 children: Position: 5th, Lost by: 11 l
2025-06-12 23:43:28,622 - INFO - Extracted: Mahlers Cove (IRE) - Position: 5th, Lost by: 11 l, Jockey: M. P. O'Connor (claim: 2), Trainer: James Joseph Mangan, Age: 6, Weight: 11-12, Rating: 92
2025-06-12 23:43:28,622 - INFO - Processing sub block #7 for https://www.racingtv.com/results/2023-01-31/limerick/1442
2025-06-12 23:43:28,623 - INFO - Found 3 <a> tags - Horse: Hillsin (IRE), Jockey: K. E. Buckley (claim: 0), Trainer: Gavin Patrick Cromwell
2025-06-12 23:43:28,623 - INFO - Position/Length - Found 2 children: Position: 4th, Lost by: 9 l
2025-06-12 23:43:28,624 - INFO - Extracted: Hillsin (IRE) - Position: 4th, Lost by: 9 l, Jockey: K. E. Buckley (claim: 0), Trainer: Gavin Patrick Cromwell, Age: 5, Weight: 11-11, Rating: 91
2025-06-12 23:43:28,624 - INFO - Processing sub block #8 for https://www.racingtv.com/results/2023-01-31/limerick/1442
2025-06-12 23:43:28,624 - INFO - Found 3 <a> tags - Horse: Little Token (IRE), Jockey: R. J. Condon (claim: 2), Trainer: J. P. O'Keeffe
2025-06-12 23:43:28,624 - INFO - Position/Length - Found 2 children: Position: 3rd, Lost by: 1 3/4 l
2025-06-12 23:43:28,625 - INFO - Extracted: Little Token (IRE) - Position: 3rd, Lost by: 1 3/4 l, Jockey: R. J. Condon (claim: 2), Trainer: J. P. O'Keeffe, Age: 8, Weight: 11-11, Rating: 91
2025-06-12 23:43:28,625 - INFO - Processing sub block #9 for https://www.racingtv.com/results/2023-01-31/limerick/1442
2025-06-12 23:43:28,625 - INFO - Found 3 <a> tags - Horse: Pidoyne (IRE), Jockey: H. Morgan (claim: 0), Trainer: Henry de Bromhead
2025-06-12 23:43:28,625 - INFO - Position/Length - Found 2 children: Position: 2nd, Lost by: 1 l
2025-06-12 23:43:28,625 - INFO - Extracted: Pidoyne (IRE) - Position: 2nd, Lost by: 1 l, Jockey: H. Morgan (claim: 0), Trainer: Henry de Bromhead, Age: 5, Weight: 11-4t1, Rating: 84
2025-06-12 23:43:28,625 - INFO - Processing sub block #10 for https://www.racingtv.com/results/2023-01-31/limerick/1442
2025-06-12 23:43:28,625 - INFO - Found 3 <a> tags - Horse: Lovely Reaction (IRE), Jockey: A. P. Kelly (claim: 4), Trainer: Thomas Mullins
2025-06-12 23:43:28,625 - INFO - Position/Length - Found 1 children: Position: 1st, Lost by: N/A
2025-06-12 23:43:28,625 - INFO - Confirmed winner: Lovely Reaction (IRE)
2025-06-12 23:43:28,625 - INFO - Extracted: Lovely Reaction (IRE) - Position: 1st, Lost by: N/A, Jockey: A. P. Kelly (claim: 4), Trainer: Thomas Mullins, Age: 5, Weight: 11-7, Rating: 87
2025-06-12 23:43:28,625 - INFO - Processing sub block #11 for https://www.racingtv.com/results/2023-01-31/limerick/1442
2025-06-12 23:43:28,630 - INFO - Found 3 <a> tags - Horse: Saved By The River (IRE), Jockey: Gavin Peter Brouder (claim: 2), Trainer: James A. Nash
2025-06-12 23:43:28,630 - INFO - Position/Length - Found 1 children: Position: UR, Lost by: N/A
2025-06-12 23:43:28,630 - INFO - Extracted: Saved By The River (IRE) - Position: UR, Lost by: N/A, Jockey: Gavin Peter Brouder (claim: 2), Trainer: James A. Nash, Age: 6, Weight: 11-6, Rating: 86
2025-06-12 23:43:28,631 - INFO - Processing sub block #12 for https://www.racingtv.com/results/2023-01-31/limerick/1442
2025-06-12 23:43:28,631 - INFO - Found 3 <a> tags - Horse: The Son Of Brega (IRE), Jockey: Patrick Michael O'Brien (claim: 4), Trainer: Patrick Downey
2025-06-12 23:43:28,632 - INFO - Position/Length - Found 1 children: Position: PU, Lost by: N/A
2025-06-12 23:43:28,632 - INFO - Extracted: The Son Of Brega (IRE) - Position: PU, Lost by: N/A, Jockey: Patrick Michael O'Brien (claim: 4), Trainer: Patrick Downey, Age: 7, Weight: 11-9, Rating: 89
2025-06-12 23:43:28,632 - INFO - Processing sub block #13 for https://www.racingtv.com/results/2023-01-31/limerick/1442
2025-06-12 23:43:28,633 - INFO - Found 3 <a> tags - Horse: Molly Kaye, Jockey: N. T. Prendergast (claim: 4), Trainer: S. M. Duffy
2025-06-12 23:43:28,633 - INFO - Position/Length - Found 1 children: Position: F, Lost by: N/A
2025-06-12 23:43:28,633 - INFO - Extracted: Molly Kaye - Position: F, Lost by: N/A, Jockey: N. T. Prendergast (claim: 4), Trainer: S. M. Duffy, Age: 10, Weight: 11-6, Rating: 86
2025-06-12 23:43:28,634 - INFO - Processing sub block #14 for https://www.racingtv.com/results/2023-01-31/limerick/1442
2025-06-12 23:43:28,634 - INFO - Found 3 <a> tags - Horse: Princess Mahler (IRE), Jockey: A. M. McCurtin (claim: 0), Trainer: Brendan Maurice Walsh
2025-06-12 23:43:28,635 - INFO - Position/Length - Found 2 children: Position: 7th, Lost by: 1 1/4 l
2025-06-12 23:43:28,635 - INFO - Extracted: Princess Mahler (IRE) - Position: 7th, Lost by: 1 1/4 l, Jockey: A. M. McCurtin (claim: 0), Trainer: Brendan Maurice Walsh, Age: 11, Weight: 11-0t, Rating: 80
2025-06-12 23:43:28,635 - INFO - Processing sub block #15 for https://www.racingtv.com/results/2023-01-31/limerick/1442
2025-06-12 23:43:28,636 - INFO - Found 3 <a> tags - Horse: Natural Breeze (IRE), Jockey: Patrick O'Hanlon (claim: 2), Trainer: P. J. Rothwell
2025-06-12 23:43:28,636 - INFO - Position/Length - Found 2 children: Position: 6th, Lost by: 2 1/4 l
2025-06-12 23:43:28,636 - INFO - Extracted: Natural Breeze (IRE) - Position: 6th, Lost by: 2 1/4 l, Jockey: Patrick O'Hanlon (claim: 2), Trainer: P. J. Rothwell, Age: 8, Weight: 11-8, Rating: 88
2025-06-12 23:43:28,637 - INFO - Processing sub block #16 for https://www.racingtv.com/results/2023-01-31/limerick/1442
2025-06-12 23:43:28,637 - INFO - Found 3 <a> tags - Horse: Mahlers Cove (IRE), Jockey: M. P. O'Connor (claim: 2), Trainer: James Joseph Mangan
2025-06-12 23:43:28,637 - INFO - Position/Length - Found 2 children: Position: 5th, Lost by: 11 l
2025-06-12 23:43:28,637 - INFO - Extracted: Mahlers Cove (IRE) - Position: 5th, Lost by: 11 l, Jockey: M. P. O'Connor (claim: 2), Trainer: James Joseph Mangan, Age: 6, Weight: 11-12, Rating: 92
2025-06-12 23:43:28,637 - INFO - Processing sub block #17 for https://www.racingtv.com/results/2023-01-31/limerick/1442
2025-06-12 23:43:28,639 - INFO - Found 3 <a> tags - Horse: Hillsin (IRE), Jockey: K. E. Buckley (claim: 0), Trainer: Gavin Patrick Cromwell
2025-06-12 23:43:28,639 - INFO - Position/Length - Found 2 children: Position: 4th, Lost by: 9 l
2025-06-12 23:43:28,639 - INFO - Extracted: Hillsin (IRE) - Position: 4th, Lost by: 9 l, Jockey: K. E. Buckley (claim: 0), Trainer: Gavin Patrick Cromwell, Age: 5, Weight: 11-11, Rating: 91
2025-06-12 23:43:28,640 - INFO - Processing sub block #18 for https://www.racingtv.com/results/2023-01-31/limerick/1442
2025-06-12 23:43:28,640 - INFO - Found 3 <a> tags - Horse: Little Token (IRE), Jockey: R. J. Condon (claim: 2), Trainer: J. P. O'Keeffe
2025-06-12 23:43:28,641 - INFO - Position/Length - Found 2 children: Position: 3rd, Lost by: 1 3/4 l
2025-06-12 23:43:28,641 - INFO - Extracted: Little Token (IRE) - Position: 3rd, Lost by: 1 3/4 l, Jockey: R. J. Condon (claim: 2), Trainer: J. P. O'Keeffe, Age: 8, Weight: 11-11, Rating: 91
2025-06-12 23:43:28,641 - INFO - Processing sub block #19 for https://www.racingtv.com/results/2023-01-31/limerick/1442
2025-06-12 23:43:28,641 - INFO - Found 3 <a> tags - Horse: Pidoyne (IRE), Jockey: H. Morgan (claim: 0), Trainer: Henry de Bromhead
2025-06-12 23:43:28,642 - INFO - Position/Length - Found 2 children: Position: 2nd, Lost by: 1 l
2025-06-12 23:43:28,642 - INFO - Extracted: Pidoyne (IRE) - Position: 2nd, Lost by: 1 l, Jockey: H. Morgan (claim: 0), Trainer: Henry de Bromhead, Age: 5, Weight: 11-4t1, Rating: 84
2025-06-12 23:43:28,643 - INFO - Processing sub block #20 for https://www.racingtv.com/results/2023-01-31/limerick/1442
2025-06-12 23:43:28,643 - INFO - Found 3 <a> tags - Horse: Lovely Reaction (IRE), Jockey: A. P. Kelly (claim: 4), Trainer: Thomas Mullins
2025-06-12 23:43:28,644 - INFO - Position/Length - Found 1 children: Position: 1st, Lost by: N/A
2025-06-12 23:43:28,644 - INFO - Extracted: Lovely Reaction (IRE) - Position: 1st, Lost by: N/A, Jockey: A. P. Kelly (claim: 4), Trainer: Thomas Mullins, Age: 5, Weight: 11-7, Rating: 87
2025-06-12 23:43:28,644 - INFO - Successfully extracted 20/20 horse records from https://www.racingtv.com/results/2023-01-31/limerick/1442
2025-06-12 23:43:28,644 - INFO - :) First place horse found successfully
2025-06-12 23:43:28,645 - INFO - :) First place horse found successfully
2025-06-12 23:43:28,645 - INFO - :) First place horse found successfully
2025-06-12 23:43:28,645 - INFO - :) First place horse found successfully
2025-06-12 23:43:28,645 - INFO - :) First place horse found successfully
2025-06-12 23:43:28,645 - INFO - :) First place horse found successfully
2025-06-12 23:43:28,645 - INFO - :) First place horse found successfully
2025-06-12 23:43:28,645 - INFO - :) First place horse found successfully
2025-06-12 23:43:28,645 - INFO - :) First place horse found successfully
2025-06-12 23:43:28,645 - INFO - :) First place horse found successfully
2025-06-12 23:43:28,645 - INFO - :) First place horse found successfully
2025-06-12 23:43:28,645 - INFO - :) First place horse found successfully
2025-06-12 23:43:28,645 - INFO - :) First place horse found successfully
2025-06-12 23:43:28,645 - INFO - :) First place horse found successfully
2025-06-12 23:43:28,645 - INFO - :) First place horse found successfully
2025-06-12 23:43:28,645 - INFO - :) First place horse found successfully
2025-06-12 23:43:28,645 - INFO - :) First place horse found successfully
2025-06-12 23:43:28,645 - INFO - :) First place horse found successfully
2025-06-12 23:43:28,645 - INFO - :) First place horse found successfully
2025-06-12 23:43:28,645 - INFO - :) First place horse found successfully
2025-06-12 23:43:28,645 - INFO - :) First place horse found successfully
2025-06-12 23:43:28,649 - INFO - Successfully parsed 20 horse records from: https://www.racingtv.com/results/2023-01-31/limerick/1442
2025-06-12 23:43:28,649 - INFO - Waiting 2 seconds before next request...
2025-06-12 23:43:30,650 - INFO - Batch 40 - URL 31/50: https://www.racingtv.com/results/2023-01-31/limerick/1517
2025-06-12 23:43:30,650 - INFO - Loading page with Selenium: https://www.racingtv.com/results/2023-01-31/limerick/1517
2025-06-12 23:43:35,639 - INFO - Racing main block detected for: https://www.racingtv.com/results/2023-01-31/limerick/1517
2025-06-12 23:43:35,688 - INFO - Successfully loaded page: https://www.racingtv.com/results/2023-01-31/limerick/1517
2025-06-12 23:43:35,785 - INFO - Extracted race info - Track: Limerick Racing Results | 31st January 2023 15:17, Date: N/A, Time: 15:17
2025-06-12 23:43:35,785 - INFO - Found 2nd h3 tag: Soft (Yielding To Soft In Places)  4YO+ 2m Winner: €10,000 (10 runners)
2025-06-12 23:43:35,785 - INFO - Extracted - Going: Soft (Yielding To Soft In Places), Distance: 2m
2025-06-12 23:43:35,785 - INFO - Extracting racing data from: https://www.racingtv.com/results/2023-01-31/limerick/1517
2025-06-12 23:43:35,800 - INFO - Processing main block #1 for https://www.racingtv.com/results/2023-01-31/limerick/1517
2025-06-12 23:43:35,821 - INFO - Checking 2nd child of main block for first place horse...
2025-06-12 23:43:35,825 - INFO - Found alternative horse block structure with 3 links
2025-06-12 23:43:35,826 - INFO - Found alternative horse block structure with 3 links
2025-06-12 23:43:35,826 - INFO - Found alternative horse block structure with 3 links
2025-06-12 23:43:35,826 - INFO - Found alternative horse block structure with 3 links
2025-06-12 23:43:35,827 - INFO - Found alternative horse block structure with 3 links
2025-06-12 23:43:35,827 - INFO - Found alternative horse block structure with 3 links
2025-06-12 23:43:35,827 - INFO - Found alternative horse block structure with 3 links
2025-06-12 23:43:35,828 - INFO - Found alternative horse block structure with 3 links
2025-06-12 23:43:35,828 - INFO - Found alternative horse block structure with 3 links
2025-06-12 23:43:35,828 - INFO - Found alternative horse block structure with 3 links
2025-06-12 23:43:35,835 - INFO - Found likely first place horse via structure analysis: Pont Audemer (FR)
2025-06-12 23:43:35,849 - INFO - Found potential first place horse with background styling
2025-06-12 23:43:35,849 - INFO - Found potential first place horse with background styling
2025-06-12 23:43:35,850 - INFO - Found potential first place horse with background styling
2025-06-12 23:43:35,850 - INFO - Found potential first place horse with background styling
2025-06-12 23:43:35,851 - INFO - Found potential first place horse with background styling
2025-06-12 23:43:35,851 - INFO - Found potential first place horse with background styling
2025-06-12 23:43:35,851 - INFO - Found potential first place horse with background styling
2025-06-12 23:43:35,851 - INFO - Found potential first place horse with background styling
2025-06-12 23:43:35,851 - INFO - Found potential first place horse with background styling
2025-06-12 23:43:35,854 - INFO - Found 20 horse entries for https://www.racingtv.com/results/2023-01-31/limerick/1517 using multiple detection methods
2025-06-12 23:43:35,854 - INFO - Processing sub block #1 for https://www.racingtv.com/results/2023-01-31/limerick/1517
2025-06-12 23:43:35,854 - INFO - Found 3 <a> tags - Horse: Coco Lightning (IRE), Jockey: B. W. Harvey (claim: 2), Trainer: Thomas P. O'Connor
2025-06-12 23:43:35,855 - INFO - Position/Length - Found 2 children: Position: 10th, Lost by: 5 l
2025-06-12 23:43:35,855 - INFO - Extracted: Coco Lightning (IRE) - Position: 10th, Lost by: 5 l, Jockey: B. W. Harvey (claim: 2), Trainer: Thomas P. O'Connor, Age: 6, Weight: 12-0, Rating: 95
2025-06-12 23:43:35,856 - INFO - Processing sub block #2 for https://www.racingtv.com/results/2023-01-31/limerick/1517
2025-06-12 23:43:35,856 - INFO - Found 3 <a> tags - Horse: Whip Whitaker (IRE), Jockey: Liam Quinlan (claim: 2), Trainer: John Patrick Ryan
2025-06-12 23:43:35,858 - INFO - Position/Length - Found 2 children: Position: 9th, Lost by: 7 l
2025-06-12 23:43:35,858 - INFO - Extracted: Whip Whitaker (IRE) - Position: 9th, Lost by: 7 l, Jockey: Liam Quinlan (claim: 2), Trainer: John Patrick Ryan, Age: 5, Weight: 11-6, Rating: 87
2025-06-12 23:43:35,858 - INFO - Processing sub block #3 for https://www.racingtv.com/results/2023-01-31/limerick/1517
2025-06-12 23:43:35,858 - INFO - Found 3 <a> tags - Horse: Carmels Gift (IRE), Jockey: A. M. McCurtin (claim: 0), Trainer: Brendan Maurice Walsh
2025-06-12 23:43:35,859 - INFO - Position/Length - Found 2 children: Position: 8th, Lost by: 2 l
2025-06-12 23:43:35,859 - INFO - Extracted: Carmels Gift (IRE) - Position: 8th, Lost by: 2 l, Jockey: A. M. McCurtin (claim: 0), Trainer: Brendan Maurice Walsh, Age: 7, Weight: 11-8, Rating: 89
2025-06-12 23:43:35,860 - INFO - Processing sub block #4 for https://www.racingtv.com/results/2023-01-31/limerick/1517
2025-06-12 23:43:35,860 - INFO - Found 3 <a> tags - Horse: Out The Gap, Jockey: Philip Donovan (claim: 2), Trainer: Patrick G. Kelly
2025-06-12 23:43:35,860 - INFO - Position/Length - Found 2 children: Position: 7th, Lost by: Head
2025-06-12 23:43:35,860 - INFO - Extracted: Out The Gap - Position: 7th, Lost by: Head, Jockey: Philip Donovan (claim: 2), Trainer: Patrick G. Kelly, Age: 7, Weight: 12-0, Rating: 95
2025-06-12 23:43:35,860 - INFO - Processing sub block #5 for https://www.racingtv.com/results/2023-01-31/limerick/1517
2025-06-12 23:43:35,860 - INFO - Found 3 <a> tags - Horse: Caoimhes Pet (IRE), Jockey: G. B. Noonan (claim: 4), Trainer: Eoin Christopher McCarthy
2025-06-12 23:43:35,863 - INFO - Position/Length - Found 2 children: Position: 6th, Lost by: 1/2 l
2025-06-12 23:43:35,863 - INFO - Extracted: Caoimhes Pet (IRE) - Position: 6th, Lost by: 1/2 l, Jockey: G. B. Noonan (claim: 4), Trainer: Eoin Christopher McCarthy, Age: 6, Weight: 11-6, Rating: 87
2025-06-12 23:43:35,863 - INFO - Processing sub block #6 for https://www.racingtv.com/results/2023-01-31/limerick/1517
2025-06-12 23:43:35,864 - INFO - Found 3 <a> tags - Horse: Getaway Master (IRE), Jockey: P. Byrnes (claim: 2), Trainer: Richard James Daniels
2025-06-12 23:43:35,864 - INFO - Position/Length - Found 2 children: Position: 5th, Lost by: 4 l
2025-06-12 23:43:35,865 - INFO - Extracted: Getaway Master (IRE) - Position: 5th, Lost by: 4 l, Jockey: P. Byrnes (claim: 2), Trainer: Richard James Daniels, Age: 6, Weight: 11-0, Rating: 81
2025-06-12 23:43:35,865 - INFO - Processing sub block #7 for https://www.racingtv.com/results/2023-01-31/limerick/1517
2025-06-12 23:43:35,865 - INFO - Found 3 <a> tags - Horse: Beau's Candle (IRE), Jockey: T. Joseph Kelly (claim: 4), Trainer: John Gerard Fitzgerald
2025-06-12 23:43:35,866 - INFO - Position/Length - Found 2 children: Position: 4th, Lost by: 1/2 l
2025-06-12 23:43:35,866 - INFO - Extracted: Beau's Candle (IRE) - Position: 4th, Lost by: 1/2 l, Jockey: T. Joseph Kelly (claim: 4), Trainer: John Gerard Fitzgerald, Age: 8, Weight: 11-5, Rating: 86
2025-06-12 23:43:35,866 - INFO - Processing sub block #8 for https://www.racingtv.com/results/2023-01-31/limerick/1517
2025-06-12 23:43:35,867 - INFO - Found 3 <a> tags - Horse: Port Rashid (IRE), Jockey: M. J. M. O'Sullivan (claim: 2), Trainer: Timothy Townend
2025-06-12 23:43:35,868 - INFO - Position/Length - Found 2 children: Position: 3rd, Lost by: 7 1/2 l
2025-06-12 23:43:35,868 - INFO - Extracted: Port Rashid (IRE) - Position: 3rd, Lost by: 7 1/2 l, Jockey: M. J. M. O'Sullivan (claim: 2), Trainer: Timothy Townend, Age: 12, Weight: 11-8, Rating: 89
2025-06-12 23:43:35,868 - INFO - Processing sub block #9 for https://www.racingtv.com/results/2023-01-31/limerick/1517
2025-06-12 23:43:35,868 - INFO - Found 3 <a> tags - Horse: Fiery Brown (IRE), Jockey: C. M. Quirke (claim: 4), Trainer: Sean O. O'Brien
2025-06-12 23:43:35,871 - INFO - Position/Length - Found 2 children: Position: 2nd, Lost by: 4 1/4 l
2025-06-12 23:43:35,871 - INFO - Extracted: Fiery Brown (IRE) - Position: 2nd, Lost by: 4 1/4 l, Jockey: C. M. Quirke (claim: 4), Trainer: Sean O. O'Brien, Age: 7, Weight: 11-12, Rating: 93
2025-06-12 23:43:35,871 - INFO - Processing sub block #10 for https://www.racingtv.com/results/2023-01-31/limerick/1517
2025-06-12 23:43:35,872 - INFO - Found 3 <a> tags - Horse: Pont Audemer (FR), Jockey: K. E. Buckley (claim: 0), Trainer: Gavin Patrick Cromwell
2025-06-12 23:43:35,872 - INFO - Position/Length - Found 1 children: Position: 1st, Lost by: N/A
2025-06-12 23:43:35,873 - INFO - Confirmed winner: Pont Audemer (FR)
2025-06-12 23:43:35,873 - INFO - Extracted: Pont Audemer (FR) - Position: 1st, Lost by: N/A, Jockey: K. E. Buckley (claim: 0), Trainer: Gavin Patrick Cromwell, Age: 4, Weight: 10-11, Rating: 91
2025-06-12 23:43:35,873 - INFO - Processing sub block #11 for https://www.racingtv.com/results/2023-01-31/limerick/1517
2025-06-12 23:43:35,873 - INFO - Found 3 <a> tags - Horse: Coco Lightning (IRE), Jockey: B. W. Harvey (claim: 2), Trainer: Thomas P. O'Connor
2025-06-12 23:43:35,875 - INFO - Position/Length - Found 2 children: Position: 10th, Lost by: 5 l
2025-06-12 23:43:35,875 - INFO - Extracted: Coco Lightning (IRE) - Position: 10th, Lost by: 5 l, Jockey: B. W. Harvey (claim: 2), Trainer: Thomas P. O'Connor, Age: 6, Weight: 12-0, Rating: 95
2025-06-12 23:43:35,875 - INFO - Processing sub block #12 for https://www.racingtv.com/results/2023-01-31/limerick/1517
2025-06-12 23:43:35,875 - INFO - Found 3 <a> tags - Horse: Whip Whitaker (IRE), Jockey: Liam Quinlan (claim: 2), Trainer: John Patrick Ryan
2025-06-12 23:43:35,876 - INFO - Position/Length - Found 2 children: Position: 9th, Lost by: 7 l
2025-06-12 23:43:35,876 - INFO - Extracted: Whip Whitaker (IRE) - Position: 9th, Lost by: 7 l, Jockey: Liam Quinlan (claim: 2), Trainer: John Patrick Ryan, Age: 5, Weight: 11-6, Rating: 87
2025-06-12 23:43:35,877 - INFO - Processing sub block #13 for https://www.racingtv.com/results/2023-01-31/limerick/1517
2025-06-12 23:43:35,877 - INFO - Found 3 <a> tags - Horse: Carmels Gift (IRE), Jockey: A. M. McCurtin (claim: 0), Trainer: Brendan Maurice Walsh
2025-06-12 23:43:35,878 - INFO - Position/Length - Found 2 children: Position: 8th, Lost by: 2 l
2025-06-12 23:43:35,878 - INFO - Extracted: Carmels Gift (IRE) - Position: 8th, Lost by: 2 l, Jockey: A. M. McCurtin (claim: 0), Trainer: Brendan Maurice Walsh, Age: 7, Weight: 11-8, Rating: 89
2025-06-12 23:43:35,878 - INFO - Processing sub block #14 for https://www.racingtv.com/results/2023-01-31/limerick/1517
2025-06-12 23:43:35,878 - INFO - Found 3 <a> tags - Horse: Out The Gap, Jockey: Philip Donovan (claim: 2), Trainer: Patrick G. Kelly
2025-06-12 23:43:35,879 - INFO - Position/Length - Found 2 children: Position: 7th, Lost by: Head
2025-06-12 23:43:35,879 - INFO - Extracted: Out The Gap - Position: 7th, Lost by: Head, Jockey: Philip Donovan (claim: 2), Trainer: Patrick G. Kelly, Age: 7, Weight: 12-0, Rating: 95
2025-06-12 23:43:35,879 - INFO - Processing sub block #15 for https://www.racingtv.com/results/2023-01-31/limerick/1517
2025-06-12 23:43:35,880 - INFO - Found 3 <a> tags - Horse: Caoimhes Pet (IRE), Jockey: G. B. Noonan (claim: 4), Trainer: Eoin Christopher McCarthy
2025-06-12 23:43:35,881 - INFO - Position/Length - Found 2 children: Position: 6th, Lost by: 1/2 l
2025-06-12 23:43:35,881 - INFO - Extracted: Caoimhes Pet (IRE) - Position: 6th, Lost by: 1/2 l, Jockey: G. B. Noonan (claim: 4), Trainer: Eoin Christopher McCarthy, Age: 6, Weight: 11-6, Rating: 87
2025-06-12 23:43:35,881 - INFO - Processing sub block #16 for https://www.racingtv.com/results/2023-01-31/limerick/1517
2025-06-12 23:43:35,881 - INFO - Found 3 <a> tags - Horse: Getaway Master (IRE), Jockey: P. Byrnes (claim: 2), Trainer: Richard James Daniels
2025-06-12 23:43:35,882 - INFO - Position/Length - Found 2 children: Position: 5th, Lost by: 4 l
2025-06-12 23:43:35,882 - INFO - Extracted: Getaway Master (IRE) - Position: 5th, Lost by: 4 l, Jockey: P. Byrnes (claim: 2), Trainer: Richard James Daniels, Age: 6, Weight: 11-0, Rating: 81
2025-06-12 23:43:35,882 - INFO - Processing sub block #17 for https://www.racingtv.com/results/2023-01-31/limerick/1517
2025-06-12 23:43:35,883 - INFO - Found 3 <a> tags - Horse: Beau's Candle (IRE), Jockey: T. Joseph Kelly (claim: 4), Trainer: John Gerard Fitzgerald
2025-06-12 23:43:35,883 - INFO - Position/Length - Found 2 children: Position: 4th, Lost by: 1/2 l
2025-06-12 23:43:35,884 - INFO - Extracted: Beau's Candle (IRE) - Position: 4th, Lost by: 1/2 l, Jockey: T. Joseph Kelly (claim: 4), Trainer: John Gerard Fitzgerald, Age: 8, Weight: 11-5, Rating: 86
2025-06-12 23:43:35,884 - INFO - Processing sub block #18 for https://www.racingtv.com/results/2023-01-31/limerick/1517
2025-06-12 23:43:35,885 - INFO - Found 3 <a> tags - Horse: Port Rashid (IRE), Jockey: M. J. M. O'Sullivan (claim: 2), Trainer: Timothy Townend
2025-06-12 23:43:35,885 - INFO - Position/Length - Found 2 children: Position: 3rd, Lost by: 7 1/2 l
2025-06-12 23:43:35,886 - INFO - Extracted: Port Rashid (IRE) - Position: 3rd, Lost by: 7 1/2 l, Jockey: M. J. M. O'Sullivan (claim: 2), Trainer: Timothy Townend, Age: 12, Weight: 11-8, Rating: 89
2025-06-12 23:43:35,886 - INFO - Processing sub block #19 for https://www.racingtv.com/results/2023-01-31/limerick/1517
2025-06-12 23:43:35,887 - INFO - Found 3 <a> tags - Horse: Fiery Brown (IRE), Jockey: C. M. Quirke (claim: 4), Trainer: Sean O. O'Brien
2025-06-12 23:43:35,887 - INFO - Position/Length - Found 2 children: Position: 2nd, Lost by: 4 1/4 l
2025-06-12 23:43:35,888 - INFO - Extracted: Fiery Brown (IRE) - Position: 2nd, Lost by: 4 1/4 l, Jockey: C. M. Quirke (claim: 4), Trainer: Sean O. O'Brien, Age: 7, Weight: 11-12, Rating: 93
2025-06-12 23:43:35,888 - INFO - Processing sub block #20 for https://www.racingtv.com/results/2023-01-31/limerick/1517
2025-06-12 23:43:35,888 - INFO - Found 3 <a> tags - Horse: Pont Audemer (FR), Jockey: K. E. Buckley (claim: 0), Trainer: Gavin Patrick Cromwell
2025-06-12 23:43:35,889 - INFO - Position/Length - Found 1 children: Position: 1st, Lost by: N/A
2025-06-12 23:43:35,889 - INFO - Extracted: Pont Audemer (FR) - Position: 1st, Lost by: N/A, Jockey: K. E. Buckley (claim: 0), Trainer: Gavin Patrick Cromwell, Age: 4, Weight: 10-11, Rating: 91
2025-06-12 23:43:35,889 - INFO - Successfully extracted 20/20 horse records from https://www.racingtv.com/results/2023-01-31/limerick/1517
2025-06-12 23:43:35,890 - INFO - :) First place horse found successfully
2025-06-12 23:43:35,890 - INFO - :) First place horse found successfully
2025-06-12 23:43:35,890 - INFO - :) First place horse found successfully
2025-06-12 23:43:35,890 - INFO - :) First place horse found successfully
2025-06-12 23:43:35,890 - INFO - :) First place horse found successfully
2025-06-12 23:43:35,891 - INFO - :) First place horse found successfully
2025-06-12 23:43:35,891 - INFO - :) First place horse found successfully
2025-06-12 23:43:35,891 - INFO - :) First place horse found successfully
2025-06-12 23:43:35,891 - INFO - :) First place horse found successfully
2025-06-12 23:43:35,891 - INFO - :) First place horse found successfully
2025-06-12 23:43:35,892 - INFO - :) First place horse found successfully
2025-06-12 23:43:35,892 - INFO - :) First place horse found successfully
2025-06-12 23:43:35,892 - INFO - :) First place horse found successfully
2025-06-12 23:43:35,892 - INFO - :) First place horse found successfully
2025-06-12 23:43:35,893 - INFO - :) First place horse found successfully
2025-06-12 23:43:35,893 - INFO - :) First place horse found successfully
2025-06-12 23:43:35,893 - INFO - :) First place horse found successfully
2025-06-12 23:43:35,893 - INFO - :) First place horse found successfully
2025-06-12 23:43:35,893 - INFO - :) First place horse found successfully
2025-06-12 23:43:35,893 - INFO - :) First place horse found successfully
2025-06-12 23:43:35,894 - INFO - :) First place horse found successfully
2025-06-12 23:43:35,894 - INFO - Successfully parsed 20 horse records from: https://www.racingtv.com/results/2023-01-31/limerick/1517
2025-06-12 23:43:35,894 - INFO - Waiting 2 seconds before next request...
2025-06-12 23:43:37,895 - INFO - Batch 40 - URL 32/50: https://www.racingtv.com/results/2023-01-31/limerick/1552
2025-06-12 23:43:37,897 - INFO - Loading page with Selenium: https://www.racingtv.com/results/2023-01-31/limerick/1552
2025-06-12 23:43:42,935 - INFO - Racing main block detected for: https://www.racingtv.com/results/2023-01-31/limerick/1552
2025-06-12 23:43:42,998 - INFO - Successfully loaded page: https://www.racingtv.com/results/2023-01-31/limerick/1552
2025-06-12 23:43:43,101 - INFO - Extracted race info - Track: Limerick Racing Results | 31st January 2023 15:52, Date: N/A, Time: 15:52
2025-06-12 23:43:43,101 - INFO - Found 2nd h3 tag: Soft (Yielding To Soft In Places)  Flat (Turf) 4YO+ 2m Winner: €15,000 (7 runners)
2025-06-12 23:43:43,102 - INFO - Extracted - Going: Soft (Yielding To Soft In Places)  Flat (Turf), Distance: 2m
2025-06-12 23:43:43,102 - INFO - Extracting racing data from: https://www.racingtv.com/results/2023-01-31/limerick/1552
2025-06-12 23:43:43,110 - INFO - Processing main block #1 for https://www.racingtv.com/results/2023-01-31/limerick/1552
2025-06-12 23:43:43,115 - INFO - Checking 2nd child of main block for first place horse...
2025-06-12 23:43:43,119 - INFO - Found alternative horse block structure with 3 links
2025-06-12 23:43:43,119 - INFO - Found alternative horse block structure with 3 links
2025-06-12 23:43:43,120 - INFO - Found alternative horse block structure with 3 links
2025-06-12 23:43:43,120 - INFO - Found alternative horse block structure with 3 links
2025-06-12 23:43:43,120 - INFO - Found alternative horse block structure with 3 links
2025-06-12 23:43:43,121 - INFO - Found alternative horse block structure with 3 links
2025-06-12 23:43:43,121 - INFO - Found alternative horse block structure with 3 links
2025-06-12 23:43:43,134 - INFO - Found likely first place horse via structure analysis: Captain Cody (IRE)
2025-06-12 23:43:43,136 - INFO - Found potential first place horse with background styling
2025-06-12 23:43:43,136 - INFO - Found potential first place horse with background styling
2025-06-12 23:43:43,137 - INFO - Found potential first place horse with background styling
2025-06-12 23:43:43,137 - INFO - Found potential first place horse with background styling
2025-06-12 23:43:43,138 - INFO - Found potential first place horse with background styling
2025-06-12 23:43:43,138 - INFO - Found potential first place horse with background styling
2025-06-12 23:43:43,138 - INFO - Found 14 horse entries for https://www.racingtv.com/results/2023-01-31/limerick/1552 using multiple detection methods
2025-06-12 23:43:43,138 - INFO - Processing sub block #1 for https://www.racingtv.com/results/2023-01-31/limerick/1552
2025-06-12 23:43:43,139 - INFO - Found 3 <a> tags - Horse: Makaela's Choice (IRE), Jockey: Mr Charlie Mullins (claim: 7), Trainer: Thomas Mullins
2025-06-12 23:43:43,140 - INFO - Position/Length - Found 2 children: Position: 7th, Lost by: 54 l
2025-06-12 23:43:43,140 - INFO - Extracted: Makaela's Choice (IRE) - Position: 7th, Lost by: 54 l, Jockey: Mr Charlie Mullins (claim: 7), Trainer: Thomas Mullins, Age: 7, Weight: 11-12h1, Rating: -
2025-06-12 23:43:43,140 - INFO - Processing sub block #2 for https://www.racingtv.com/results/2023-01-31/limerick/1552
2025-06-12 23:43:43,141 - INFO - Found 3 <a> tags - Horse: That's About Right (IRE), Jockey: C. M. Quirke (claim: 7), Trainer: P. J. Rothwell
2025-06-12 23:43:43,141 - INFO - Position/Length - Found 2 children: Position: 6th, Lost by: 3/4 l
2025-06-12 23:43:43,142 - INFO - Extracted: That's About Right (IRE) - Position: 6th, Lost by: 3/4 l, Jockey: C. M. Quirke (claim: 7), Trainer: P. J. Rothwell, Age: 5, Weight: 11-10, Rating: -
2025-06-12 23:43:43,142 - INFO - Processing sub block #3 for https://www.racingtv.com/results/2023-01-31/limerick/1552
2025-06-12 23:43:43,143 - INFO - Found 3 <a> tags - Horse: Kilbarry Coreli (IRE), Jockey: A. P. Kelly (claim: 7), Trainer: Con O'Keeffe
2025-06-12 23:43:43,143 - INFO - Position/Length - Found 2 children: Position: 5th, Lost by: 25 l
2025-06-12 23:43:43,144 - INFO - Extracted: Kilbarry Coreli (IRE) - Position: 5th, Lost by: 25 l, Jockey: A. P. Kelly (claim: 7), Trainer: Con O'Keeffe, Age: 4, Weight: 10-8h1, Rating: -
2025-06-12 23:43:43,144 - INFO - Processing sub block #4 for https://www.racingtv.com/results/2023-01-31/limerick/1552
2025-06-12 23:43:43,144 - INFO - Found 3 <a> tags - Horse: New Barn Lane (IRE), Jockey: G. B. Noonan (claim: 7), Trainer: Eoin Christopher McCarthy
2025-06-12 23:43:43,145 - INFO - Position/Length - Found 2 children: Position: 4th, Lost by: 15 l
2025-06-12 23:43:43,145 - INFO - Extracted: New Barn Lane (IRE) - Position: 4th, Lost by: 15 l, Jockey: G. B. Noonan (claim: 7), Trainer: Eoin Christopher McCarthy, Age: 6, Weight: 11-10, Rating: -
2025-06-12 23:43:43,145 - INFO - Processing sub block #5 for https://www.racingtv.com/results/2023-01-31/limerick/1552
2025-06-12 23:43:43,146 - INFO - Found 3 <a> tags - Horse: One Big Bang (IRE), Jockey: Mr Finian Maguire (claim: 0), Trainer: P. Tobin
2025-06-12 23:43:43,147 - INFO - Position/Length - Found 2 children: Position: 3rd, Lost by: 16 l
2025-06-12 23:43:43,147 - INFO - Extracted: One Big Bang (IRE) - Position: 3rd, Lost by: 16 l, Jockey: Mr Finian Maguire (claim: 0), Trainer: P. Tobin, Age: 5, Weight: 11-12, Rating: -
2025-06-12 23:43:43,148 - INFO - Processing sub block #6 for https://www.racingtv.com/results/2023-01-31/limerick/1552
2025-06-12 23:43:43,148 - INFO - Found 3 <a> tags - Horse: Blizzard Of Oz (IRE), Jockey: Mr P. W. Mullins (claim: 0), Trainer: W. P. Mullins
2025-06-12 23:43:43,149 - INFO - Position/Length - Found 2 children: Position: 2nd, Lost by: 6 1/2 l
2025-06-12 23:43:43,149 - INFO - Extracted: Blizzard Of Oz (IRE) - Position: 2nd, Lost by: 6 1/2 l, Jockey: Mr P. W. Mullins (claim: 0), Trainer: W. P. Mullins, Age: 5, Weight: 11-12, Rating: -
2025-06-12 23:43:43,149 - INFO - Processing sub block #7 for https://www.racingtv.com/results/2023-01-31/limerick/1552
2025-06-12 23:43:43,149 - INFO - Found 3 <a> tags - Horse: Captain Cody (IRE), Jockey: Miss J. Townend (claim: 3), Trainer: W. P. Mullins
2025-06-12 23:43:43,150 - INFO - Position/Length - Found 1 children: Position: 1st, Lost by: N/A
2025-06-12 23:43:43,151 - INFO - Confirmed winner: Captain Cody (IRE)
2025-06-12 23:43:43,151 - INFO - Extracted: Captain Cody (IRE) - Position: 1st, Lost by: N/A, Jockey: Miss J. Townend (claim: 3), Trainer: W. P. Mullins, Age: 5, Weight: 11-10, Rating: -
2025-06-12 23:43:43,151 - INFO - Processing sub block #8 for https://www.racingtv.com/results/2023-01-31/limerick/1552
2025-06-12 23:43:43,152 - INFO - Found 3 <a> tags - Horse: Makaela's Choice (IRE), Jockey: Mr Charlie Mullins (claim: 7), Trainer: Thomas Mullins
2025-06-12 23:43:43,154 - INFO - Position/Length - Found 2 children: Position: 7th, Lost by: 54 l
2025-06-12 23:43:43,154 - INFO - Extracted: Makaela's Choice (IRE) - Position: 7th, Lost by: 54 l, Jockey: Mr Charlie Mullins (claim: 7), Trainer: Thomas Mullins, Age: 7, Weight: 11-12h1, Rating: -
2025-06-12 23:43:43,154 - INFO - Processing sub block #9 for https://www.racingtv.com/results/2023-01-31/limerick/1552
2025-06-12 23:43:43,155 - INFO - Found 3 <a> tags - Horse: That's About Right (IRE), Jockey: C. M. Quirke (claim: 7), Trainer: P. J. Rothwell
2025-06-12 23:43:43,155 - INFO - Position/Length - Found 2 children: Position: 6th, Lost by: 3/4 l
2025-06-12 23:43:43,156 - INFO - Extracted: That's About Right (IRE) - Position: 6th, Lost by: 3/4 l, Jockey: C. M. Quirke (claim: 7), Trainer: P. J. Rothwell, Age: 5, Weight: 11-10, Rating: -
2025-06-12 23:43:43,156 - INFO - Processing sub block #10 for https://www.racingtv.com/results/2023-01-31/limerick/1552
2025-06-12 23:43:43,156 - INFO - Found 3 <a> tags - Horse: Kilbarry Coreli (IRE), Jockey: A. P. Kelly (claim: 7), Trainer: Con O'Keeffe
2025-06-12 23:43:43,157 - INFO - Position/Length - Found 2 children: Position: 5th, Lost by: 25 l
2025-06-12 23:43:43,157 - INFO - Extracted: Kilbarry Coreli (IRE) - Position: 5th, Lost by: 25 l, Jockey: A. P. Kelly (claim: 7), Trainer: Con O'Keeffe, Age: 4, Weight: 10-8h1, Rating: -
2025-06-12 23:43:43,157 - INFO - Processing sub block #11 for https://www.racingtv.com/results/2023-01-31/limerick/1552
2025-06-12 23:43:43,158 - INFO - Found 3 <a> tags - Horse: New Barn Lane (IRE), Jockey: G. B. Noonan (claim: 7), Trainer: Eoin Christopher McCarthy
2025-06-12 23:43:43,158 - INFO - Position/Length - Found 2 children: Position: 4th, Lost by: 15 l
2025-06-12 23:43:43,158 - INFO - Extracted: New Barn Lane (IRE) - Position: 4th, Lost by: 15 l, Jockey: G. B. Noonan (claim: 7), Trainer: Eoin Christopher McCarthy, Age: 6, Weight: 11-10, Rating: -
2025-06-12 23:43:43,159 - INFO - Processing sub block #12 for https://www.racingtv.com/results/2023-01-31/limerick/1552
2025-06-12 23:43:43,159 - INFO - Found 3 <a> tags - Horse: One Big Bang (IRE), Jockey: Mr Finian Maguire (claim: 0), Trainer: P. Tobin
2025-06-12 23:43:43,159 - INFO - Position/Length - Found 2 children: Position: 3rd, Lost by: 16 l
2025-06-12 23:43:43,159 - INFO - Extracted: One Big Bang (IRE) - Position: 3rd, Lost by: 16 l, Jockey: Mr Finian Maguire (claim: 0), Trainer: P. Tobin, Age: 5, Weight: 11-12, Rating: -
2025-06-12 23:43:43,159 - INFO - Processing sub block #13 for https://www.racingtv.com/results/2023-01-31/limerick/1552
2025-06-12 23:43:43,159 - INFO - Found 3 <a> tags - Horse: Blizzard Of Oz (IRE), Jockey: Mr P. W. Mullins (claim: 0), Trainer: W. P. Mullins
2025-06-12 23:43:43,159 - INFO - Position/Length - Found 2 children: Position: 2nd, Lost by: 6 1/2 l
2025-06-12 23:43:43,159 - INFO - Extracted: Blizzard Of Oz (IRE) - Position: 2nd, Lost by: 6 1/2 l, Jockey: Mr P. W. Mullins (claim: 0), Trainer: W. P. Mullins, Age: 5, Weight: 11-12, Rating: -
2025-06-12 23:43:43,159 - INFO - Processing sub block #14 for https://www.racingtv.com/results/2023-01-31/limerick/1552
2025-06-12 23:43:43,159 - INFO - Found 3 <a> tags - Horse: Captain Cody (IRE), Jockey: Miss J. Townend (claim: 3), Trainer: W. P. Mullins
2025-06-12 23:43:43,159 - INFO - Position/Length - Found 1 children: Position: 1st, Lost by: N/A
2025-06-12 23:43:43,163 - INFO - Extracted: Captain Cody (IRE) - Position: 1st, Lost by: N/A, Jockey: Miss J. Townend (claim: 3), Trainer: W. P. Mullins, Age: 5, Weight: 11-10, Rating: -
2025-06-12 23:43:43,163 - INFO - Successfully extracted 14/14 horse records from https://www.racingtv.com/results/2023-01-31/limerick/1552
2025-06-12 23:43:43,163 - INFO - :) First place horse found successfully
2025-06-12 23:43:43,163 - INFO - :) First place horse found successfully
2025-06-12 23:43:43,163 - INFO - :) First place horse found successfully
2025-06-12 23:43:43,164 - INFO - :) First place horse found successfully
2025-06-12 23:43:43,164 - INFO - :) First place horse found successfully
2025-06-12 23:43:43,164 - INFO - :) First place horse found successfully
2025-06-12 23:43:43,164 - INFO - :) First place horse found successfully
2025-06-12 23:43:43,164 - INFO - :) First place horse found successfully
2025-06-12 23:43:43,165 - INFO - :) First place horse found successfully
2025-06-12 23:43:43,165 - INFO - :) First place horse found successfully
2025-06-12 23:43:43,165 - INFO - :) First place horse found successfully
2025-06-12 23:43:43,165 - INFO - :) First place horse found successfully
2025-06-12 23:43:43,165 - INFO - :) First place horse found successfully
2025-06-12 23:43:43,165 - INFO - :) First place horse found successfully
2025-06-12 23:43:43,166 - INFO - :) First place horse found successfully
2025-06-12 23:43:43,166 - INFO - Successfully parsed 14 horse records from: https://www.racingtv.com/results/2023-01-31/limerick/1552
2025-06-12 23:43:43,166 - INFO - Waiting 2 seconds before next request...
2025-06-12 23:43:45,167 - INFO - Batch 40 - URL 33/50: https://www.racingtv.com/results/2023-02-01/dundalk/1310
2025-06-12 23:43:45,167 - INFO - Loading page with Selenium: https://www.racingtv.com/results/2023-02-01/dundalk/1310
2025-06-12 23:43:50,260 - INFO - Racing main block detected for: https://www.racingtv.com/results/2023-02-01/dundalk/1310
2025-06-12 23:43:50,330 - INFO - Successfully loaded page: https://www.racingtv.com/results/2023-02-01/dundalk/1310
2025-06-12 23:43:50,444 - INFO - Extracted race info - Track: Dundalk Racing Results | 1st February 2023 13:10, Date: N/A, Time: 13:10
2025-06-12 23:43:50,444 - INFO - Found 2nd h3 tag: Standard  3YO+ 5f Winner: €12,000 (11 runners)
2025-06-12 23:43:50,445 - INFO - Extracted - Going: Standard, Distance: 5f
2025-06-12 23:43:50,445 - INFO - Extracting racing data from: https://www.racingtv.com/results/2023-02-01/dundalk/1310
2025-06-12 23:43:50,455 - INFO - Processing main block #1 for https://www.racingtv.com/results/2023-02-01/dundalk/1310
2025-06-12 23:43:50,462 - INFO - Checking 2nd child of main block for first place horse...
2025-06-12 23:43:50,467 - INFO - Found alternative horse block structure with 3 links
2025-06-12 23:43:50,467 - INFO - Found alternative horse block structure with 3 links
2025-06-12 23:43:50,467 - INFO - Found alternative horse block structure with 3 links
2025-06-12 23:43:50,468 - INFO - Found alternative horse block structure with 3 links
2025-06-12 23:43:50,468 - INFO - Found alternative horse block structure with 3 links
2025-06-12 23:43:50,469 - INFO - Found alternative horse block structure with 3 links
2025-06-12 23:43:50,469 - INFO - Found alternative horse block structure with 3 links
2025-06-12 23:43:50,469 - INFO - Found alternative horse block structure with 3 links
2025-06-12 23:43:50,469 - INFO - Found alternative horse block structure with 3 links
2025-06-12 23:43:50,470 - INFO - Found alternative horse block structure with 3 links
2025-06-12 23:43:50,470 - INFO - Found alternative horse block structure with 3 links
2025-06-12 23:43:50,489 - INFO - Found likely first place horse via structure analysis: Bonny Power (IRE)
2025-06-12 23:43:50,491 - INFO - Found potential first place horse with background styling
2025-06-12 23:43:50,492 - INFO - Found potential first place horse with background styling
2025-06-12 23:43:50,492 - INFO - Found potential first place horse with background styling
2025-06-12 23:43:50,493 - INFO - Found potential first place horse with background styling
2025-06-12 23:43:50,493 - INFO - Found potential first place horse with background styling
2025-06-12 23:43:50,493 - INFO - Found potential first place horse with background styling
2025-06-12 23:43:50,494 - INFO - Found potential first place horse with background styling
2025-06-12 23:43:50,494 - INFO - Found potential first place horse with background styling
2025-06-12 23:43:50,494 - INFO - Found potential first place horse with background styling
2025-06-12 23:43:50,495 - INFO - Found potential first place horse with background styling
2025-06-12 23:43:50,495 - INFO - Found 22 horse entries for https://www.racingtv.com/results/2023-02-01/dundalk/1310 using multiple detection methods
2025-06-12 23:43:50,495 - INFO - Processing sub block #1 for https://www.racingtv.com/results/2023-02-01/dundalk/1310
2025-06-12 23:43:50,496 - INFO - Found 3 <a> tags - Horse: Via Del Bacio (IRE), Jockey: C. D. Maxwell (claim: 0), Trainer: John Andrew Kinsella
2025-06-12 23:43:50,497 - INFO - Position/Length - Found 2 children: Position: 11th, Lost by: 6 l
2025-06-12 23:43:50,497 - INFO - Extracted: Via Del Bacio (IRE) - Position: 11th, Lost by: 6 l, Jockey: C. D. Maxwell (claim: 0), Trainer: John Andrew Kinsella, Age: 3, Weight: 9-3t, Rating: -
2025-06-12 23:43:50,497 - INFO - Processing sub block #2 for https://www.racingtv.com/results/2023-02-01/dundalk/1310
2025-06-12 23:43:50,498 - INFO - Found 3 <a> tags - Horse: Alquinto (IRE), Jockey: S. M. Crosse (claim: 0), Trainer: Miss Hilary McLoughlin
2025-06-12 23:43:50,498 - INFO - Position/Length - Found 2 children: Position: 10th, Lost by: Neck
2025-06-12 23:43:50,499 - INFO - Extracted: Alquinto (IRE) - Position: 10th, Lost by: Neck, Jockey: S. M. Crosse (claim: 0), Trainer: Miss Hilary McLoughlin, Age: 6, Weight: 10-7, Rating: -
2025-06-12 23:43:50,499 - INFO - Processing sub block #3 for https://www.racingtv.com/results/2023-02-01/dundalk/1310
2025-06-12 23:43:50,499 - INFO - Found 3 <a> tags - Horse: Disco Bear (IRE), Jockey: J. J. G. Ryan (claim: 7), Trainer: Edward Lynam
2025-06-12 23:43:50,500 - INFO - Position/Length - Found 2 children: Position: 9th, Lost by: Neck
2025-06-12 23:43:50,500 - INFO - Extracted: Disco Bear (IRE) - Position: 9th, Lost by: Neck, Jockey: J. J. G. Ryan (claim: 7), Trainer: Edward Lynam, Age: 3, Weight: 9-3t1, Rating: -
2025-06-12 23:43:50,501 - INFO - Processing sub block #4 for https://www.racingtv.com/results/2023-02-01/dundalk/1310
2025-06-12 23:43:50,501 - INFO - Found 3 <a> tags - Horse: Beaumadier (IRE), Jockey: William James Lee (claim: 0), Trainer: M. C. Grassick
2025-06-12 23:43:50,502 - INFO - Position/Length - Found 2 children: Position: 8th, Lost by: Head
2025-06-12 23:43:50,502 - INFO - Extracted: Beaumadier (IRE) - Position: 8th, Lost by: Head, Jockey: William James Lee (claim: 0), Trainer: M. C. Grassick, Age: 3, Weight: 9-8, Rating: -
2025-06-12 23:43:50,503 - INFO - Processing sub block #5 for https://www.racingtv.com/results/2023-02-01/dundalk/1310
2025-06-12 23:43:50,503 - INFO - Found 3 <a> tags - Horse: Asfour (IRE), Jockey: R. C. Colgan (claim: 0), Trainer: Christopher David Timmons
2025-06-12 23:43:50,503 - INFO - Position/Length - Found 2 children: Position: 7th, Lost by: 3/4 l
2025-06-12 23:43:50,503 - INFO - Extracted: Asfour (IRE) - Position: 7th, Lost by: 3/4 l, Jockey: R. C. Colgan (claim: 0), Trainer: Christopher David Timmons, Age: 3, Weight: 9-8v, Rating: -
2025-06-12 23:43:50,504 - INFO - Processing sub block #6 for https://www.racingtv.com/results/2023-02-01/dundalk/1310
2025-06-12 23:43:50,504 - INFO - Found 3 <a> tags - Horse: Diamondsinthesand (IRE), Jockey: Gearoid Patrick Brouder (claim: 5), Trainer: Mrs A. M. O'Shea
2025-06-12 23:43:50,505 - INFO - Position/Length - Found 2 children: Position: 6th, Lost by: 2 l
2025-06-12 23:43:50,505 - INFO - Extracted: Diamondsinthesand (IRE) - Position: 6th, Lost by: 2 l, Jockey: Gearoid Patrick Brouder (claim: 5), Trainer: Mrs A. M. O'Shea, Age: 6, Weight: 10-7t, Rating: -
2025-06-12 23:43:50,505 - INFO - Processing sub block #7 for https://www.racingtv.com/results/2023-02-01/dundalk/1310
2025-06-12 23:43:50,506 - INFO - Found 3 <a> tags - Horse: Maid To Shine (IRE), Jockey: J. Kearney (claim: 7), Trainer: P. J. Hassett
2025-06-12 23:43:50,508 - INFO - Position/Length - Found 2 children: Position: 5th, Lost by: Neck
2025-06-12 23:43:50,508 - INFO - Extracted: Maid To Shine (IRE) - Position: 5th, Lost by: Neck, Jockey: J. Kearney (claim: 7), Trainer: P. J. Hassett, Age: 4, Weight: 10-2t, Rating: -
2025-06-12 23:43:50,508 - INFO - Processing sub block #8 for https://www.racingtv.com/results/2023-02-01/dundalk/1310
2025-06-12 23:43:50,509 - INFO - Found 3 <a> tags - Horse: Redshore City (IRE), Jockey: Oisin McSweeney (claim: 5), Trainer: Michael McCullagh
2025-06-12 23:43:50,509 - INFO - Position/Length - Found 2 children: Position: 4th, Lost by: Neck
2025-06-12 23:43:50,509 - INFO - Extracted: Redshore City (IRE) - Position: 4th, Lost by: Neck, Jockey: Oisin McSweeney (claim: 5), Trainer: Michael McCullagh, Age: 3, Weight: 9-8b1, Rating: -
2025-06-12 23:43:50,509 - INFO - Processing sub block #9 for https://www.racingtv.com/results/2023-02-01/dundalk/1310
2025-06-12 23:43:50,509 - INFO - Found 3 <a> tags - Horse: Royal Pompom (IRE), Jockey: M. A. Enright (claim: 0), Trainer: J. A. Stack
2025-06-12 23:43:50,509 - INFO - Position/Length - Found 2 children: Position: 3rd, Lost by: 1 1/2 l
2025-06-12 23:43:50,509 - INFO - Extracted: Royal Pompom (IRE) - Position: 3rd, Lost by: 1 1/2 l, Jockey: M. A. Enright (claim: 0), Trainer: J. A. Stack, Age: 3, Weight: 9-3, Rating: -
2025-06-12 23:43:50,509 - INFO - Processing sub block #10 for https://www.racingtv.com/results/2023-02-01/dundalk/1310
2025-06-12 23:43:50,509 - INFO - Found 3 <a> tags - Horse: On Our Radar (IRE), Jockey: C. Horgan (claim: 7), Trainer: A. Slattery
2025-06-12 23:43:50,513 - INFO - Position/Length - Found 2 children: Position: 2nd, Lost by: 1 1/2 l
2025-06-12 23:43:50,513 - INFO - Extracted: On Our Radar (IRE) - Position: 2nd, Lost by: 1 1/2 l, Jockey: C. Horgan (claim: 7), Trainer: A. Slattery, Age: 3, Weight: 9-8, Rating: -
2025-06-12 23:43:50,513 - INFO - Processing sub block #11 for https://www.racingtv.com/results/2023-02-01/dundalk/1310
2025-06-12 23:43:50,514 - INFO - Found 3 <a> tags - Horse: Bonny Power (IRE), Jockey: C. D. Hayes (claim: 0), Trainer: Edward Lynam
2025-06-12 23:43:50,514 - INFO - Position/Length - Found 1 children: Position: 1st, Lost by: N/A
2025-06-12 23:43:50,514 - INFO - Confirmed winner: Bonny Power (IRE)
2025-06-12 23:43:50,515 - INFO - Extracted: Bonny Power (IRE) - Position: 1st, Lost by: N/A, Jockey: C. D. Hayes (claim: 0), Trainer: Edward Lynam, Age: 3, Weight: 9-3, Rating: -
2025-06-12 23:43:50,515 - INFO - Processing sub block #12 for https://www.racingtv.com/results/2023-02-01/dundalk/1310
2025-06-12 23:43:50,515 - INFO - Found 3 <a> tags - Horse: Via Del Bacio (IRE), Jockey: C. D. Maxwell (claim: 0), Trainer: John Andrew Kinsella
2025-06-12 23:43:50,516 - INFO - Position/Length - Found 2 children: Position: 11th, Lost by: 6 l
2025-06-12 23:43:50,516 - INFO - Extracted: Via Del Bacio (IRE) - Position: 11th, Lost by: 6 l, Jockey: C. D. Maxwell (claim: 0), Trainer: John Andrew Kinsella, Age: 3, Weight: 9-3t, Rating: -
2025-06-12 23:43:50,517 - INFO - Processing sub block #13 for https://www.racingtv.com/results/2023-02-01/dundalk/1310
2025-06-12 23:43:50,517 - INFO - Found 3 <a> tags - Horse: Alquinto (IRE), Jockey: S. M. Crosse (claim: 0), Trainer: Miss Hilary McLoughlin
2025-06-12 23:43:50,518 - INFO - Position/Length - Found 2 children: Position: 10th, Lost by: Neck
2025-06-12 23:43:50,518 - INFO - Extracted: Alquinto (IRE) - Position: 10th, Lost by: Neck, Jockey: S. M. Crosse (claim: 0), Trainer: Miss Hilary McLoughlin, Age: 6, Weight: 10-7, Rating: -
2025-06-12 23:43:50,518 - INFO - Processing sub block #14 for https://www.racingtv.com/results/2023-02-01/dundalk/1310
2025-06-12 23:43:50,519 - INFO - Found 3 <a> tags - Horse: Disco Bear (IRE), Jockey: J. J. G. Ryan (claim: 7), Trainer: Edward Lynam
2025-06-12 23:43:50,520 - INFO - Position/Length - Found 2 children: Position: 9th, Lost by: Neck
2025-06-12 23:43:50,520 - INFO - Extracted: Disco Bear (IRE) - Position: 9th, Lost by: Neck, Jockey: J. J. G. Ryan (claim: 7), Trainer: Edward Lynam, Age: 3, Weight: 9-3t1, Rating: -
2025-06-12 23:43:50,520 - INFO - Processing sub block #15 for https://www.racingtv.com/results/2023-02-01/dundalk/1310
2025-06-12 23:43:50,521 - INFO - Found 3 <a> tags - Horse: Beaumadier (IRE), Jockey: William James Lee (claim: 0), Trainer: M. C. Grassick
2025-06-12 23:43:50,521 - INFO - Position/Length - Found 2 children: Position: 8th, Lost by: Head
2025-06-12 23:43:50,521 - INFO - Extracted: Beaumadier (IRE) - Position: 8th, Lost by: Head, Jockey: William James Lee (claim: 0), Trainer: M. C. Grassick, Age: 3, Weight: 9-8, Rating: -
2025-06-12 23:43:50,522 - INFO - Processing sub block #16 for https://www.racingtv.com/results/2023-02-01/dundalk/1310
2025-06-12 23:43:50,522 - INFO - Found 3 <a> tags - Horse: Asfour (IRE), Jockey: R. C. Colgan (claim: 0), Trainer: Christopher David Timmons
2025-06-12 23:43:50,523 - INFO - Position/Length - Found 2 children: Position: 7th, Lost by: 3/4 l
2025-06-12 23:43:50,524 - INFO - Extracted: Asfour (IRE) - Position: 7th, Lost by: 3/4 l, Jockey: R. C. Colgan (claim: 0), Trainer: Christopher David Timmons, Age: 3, Weight: 9-8v, Rating: -
2025-06-12 23:43:50,524 - INFO - Processing sub block #17 for https://www.racingtv.com/results/2023-02-01/dundalk/1310
2025-06-12 23:43:50,524 - INFO - Found 3 <a> tags - Horse: Diamondsinthesand (IRE), Jockey: Gearoid Patrick Brouder (claim: 5), Trainer: Mrs A. M. O'Shea
2025-06-12 23:43:50,525 - INFO - Position/Length - Found 2 children: Position: 6th, Lost by: 2 l
2025-06-12 23:43:50,525 - INFO - Extracted: Diamondsinthesand (IRE) - Position: 6th, Lost by: 2 l, Jockey: Gearoid Patrick Brouder (claim: 5), Trainer: Mrs A. M. O'Shea, Age: 6, Weight: 10-7t, Rating: -
2025-06-12 23:43:50,525 - INFO - Processing sub block #18 for https://www.racingtv.com/results/2023-02-01/dundalk/1310
2025-06-12 23:43:50,526 - INFO - Found 3 <a> tags - Horse: Maid To Shine (IRE), Jockey: J. Kearney (claim: 7), Trainer: P. J. Hassett
2025-06-12 23:43:50,526 - INFO - Position/Length - Found 2 children: Position: 5th, Lost by: Neck
2025-06-12 23:43:50,526 - INFO - Extracted: Maid To Shine (IRE) - Position: 5th, Lost by: Neck, Jockey: J. Kearney (claim: 7), Trainer: P. J. Hassett, Age: 4, Weight: 10-2t, Rating: -
2025-06-12 23:43:50,526 - INFO - Processing sub block #19 for https://www.racingtv.com/results/2023-02-01/dundalk/1310
2025-06-12 23:43:50,526 - INFO - Found 3 <a> tags - Horse: Redshore City (IRE), Jockey: Oisin McSweeney (claim: 5), Trainer: Michael McCullagh
2025-06-12 23:43:50,526 - INFO - Position/Length - Found 2 children: Position: 4th, Lost by: Neck
2025-06-12 23:43:50,526 - INFO - Extracted: Redshore City (IRE) - Position: 4th, Lost by: Neck, Jockey: Oisin McSweeney (claim: 5), Trainer: Michael McCullagh, Age: 3, Weight: 9-8b1, Rating: -
2025-06-12 23:43:50,526 - INFO - Processing sub block #20 for https://www.racingtv.com/results/2023-02-01/dundalk/1310
2025-06-12 23:43:50,529 - INFO - Found 3 <a> tags - Horse: Royal Pompom (IRE), Jockey: M. A. Enright (claim: 0), Trainer: J. A. Stack
2025-06-12 23:43:50,529 - INFO - Position/Length - Found 2 children: Position: 3rd, Lost by: 1 1/2 l
2025-06-12 23:43:50,530 - INFO - Extracted: Royal Pompom (IRE) - Position: 3rd, Lost by: 1 1/2 l, Jockey: M. A. Enright (claim: 0), Trainer: J. A. Stack, Age: 3, Weight: 9-3, Rating: -
2025-06-12 23:43:50,530 - INFO - Processing sub block #21 for https://www.racingtv.com/results/2023-02-01/dundalk/1310
2025-06-12 23:43:50,530 - INFO - Found 3 <a> tags - Horse: On Our Radar (IRE), Jockey: C. Horgan (claim: 7), Trainer: A. Slattery
2025-06-12 23:43:50,531 - INFO - Position/Length - Found 2 children: Position: 2nd, Lost by: 1 1/2 l
2025-06-12 23:43:50,531 - INFO - Extracted: On Our Radar (IRE) - Position: 2nd, Lost by: 1 1/2 l, Jockey: C. Horgan (claim: 7), Trainer: A. Slattery, Age: 3, Weight: 9-8, Rating: -
2025-06-12 23:43:50,531 - INFO - Processing sub block #22 for https://www.racingtv.com/results/2023-02-01/dundalk/1310
2025-06-12 23:43:50,532 - INFO - Found 3 <a> tags - Horse: Bonny Power (IRE), Jockey: C. D. Hayes (claim: 0), Trainer: Edward Lynam
2025-06-12 23:43:50,532 - INFO - Position/Length - Found 1 children: Position: 1st, Lost by: N/A
2025-06-12 23:43:50,532 - INFO - Extracted: Bonny Power (IRE) - Position: 1st, Lost by: N/A, Jockey: C. D. Hayes (claim: 0), Trainer: Edward Lynam, Age: 3, Weight: 9-3, Rating: -
2025-06-12 23:43:50,533 - INFO - Successfully extracted 22/22 horse records from https://www.racingtv.com/results/2023-02-01/dundalk/1310
2025-06-12 23:43:50,533 - INFO - :) First place horse found successfully
2025-06-12 23:43:50,533 - INFO - :) First place horse found successfully
2025-06-12 23:43:50,533 - INFO - :) First place horse found successfully
2025-06-12 23:43:50,534 - INFO - :) First place horse found successfully
2025-06-12 23:43:50,534 - INFO - :) First place horse found successfully
2025-06-12 23:43:50,534 - INFO - :) First place horse found successfully
2025-06-12 23:43:50,534 - INFO - :) First place horse found successfully
2025-06-12 23:43:50,534 - INFO - :) First place horse found successfully
2025-06-12 23:43:50,535 - INFO - :) First place horse found successfully
2025-06-12 23:43:50,535 - INFO - :) First place horse found successfully
2025-06-12 23:43:50,535 - INFO - :) First place horse found successfully
2025-06-12 23:43:50,535 - INFO - :) First place horse found successfully
2025-06-12 23:43:50,536 - INFO - :) First place horse found successfully
2025-06-12 23:43:50,536 - INFO - :) First place horse found successfully
2025-06-12 23:43:50,536 - INFO - :) First place horse found successfully
2025-06-12 23:43:50,536 - INFO - :) First place horse found successfully
2025-06-12 23:43:50,536 - INFO - :) First place horse found successfully
2025-06-12 23:43:50,536 - INFO - :) First place horse found successfully
2025-06-12 23:43:50,536 - INFO - :) First place horse found successfully
2025-06-12 23:43:50,536 - INFO - :) First place horse found successfully
2025-06-12 23:43:50,536 - INFO - :) First place horse found successfully
2025-06-12 23:43:50,536 - INFO - :) First place horse found successfully
2025-06-12 23:43:50,536 - INFO - :) First place horse found successfully
2025-06-12 23:43:50,539 - INFO - Successfully parsed 22 horse records from: https://www.racingtv.com/results/2023-02-01/dundalk/1310
2025-06-12 23:43:50,539 - INFO - Waiting 2 seconds before next request...
2025-06-12 23:43:52,540 - INFO - Batch 40 - URL 34/50: https://www.racingtv.com/results/2023-02-01/dundalk/1342
2025-06-12 23:43:52,540 - INFO - Loading page with Selenium: https://www.racingtv.com/results/2023-02-01/dundalk/1342
2025-06-12 23:43:57,503 - INFO - Racing main block detected for: https://www.racingtv.com/results/2023-02-01/dundalk/1342
2025-06-12 23:43:57,558 - INFO - Successfully loaded page: https://www.racingtv.com/results/2023-02-01/dundalk/1342
2025-06-12 23:43:57,739 - INFO - Extracted race info - Track: Dundalk Racing Results | 1st February 2023 13:42, Date: N/A, Time: 13:42
2025-06-12 23:43:57,740 - INFO - Found 2nd h3 tag: Standard  4YO+ 1m 4f Winner: €10,500 (14 runners)
2025-06-12 23:43:57,740 - INFO - Extracted - Going: Standard, Distance: 1m 4f
2025-06-12 23:43:57,741 - INFO - Extracting racing data from: https://www.racingtv.com/results/2023-02-01/dundalk/1342
2025-06-12 23:43:57,751 - INFO - Processing main block #1 for https://www.racingtv.com/results/2023-02-01/dundalk/1342
2025-06-12 23:43:57,761 - INFO - Checking 2nd child of main block for first place horse...
2025-06-12 23:43:57,767 - INFO - Found alternative horse block structure with 3 links
2025-06-12 23:43:57,767 - INFO - Found alternative horse block structure with 3 links
2025-06-12 23:43:57,767 - INFO - Found alternative horse block structure with 3 links
2025-06-12 23:43:57,768 - INFO - Found alternative horse block structure with 3 links
2025-06-12 23:43:57,769 - INFO - Found alternative horse block structure with 3 links
2025-06-12 23:43:57,769 - INFO - Found alternative horse block structure with 3 links
2025-06-12 23:43:57,769 - INFO - Found alternative horse block structure with 3 links
2025-06-12 23:43:57,770 - INFO - Found alternative horse block structure with 3 links
2025-06-12 23:43:57,770 - INFO - Found alternative horse block structure with 3 links
2025-06-12 23:43:57,770 - INFO - Found alternative horse block structure with 3 links
2025-06-12 23:43:57,770 - INFO - Found alternative horse block structure with 3 links
2025-06-12 23:43:57,771 - INFO - Found alternative horse block structure with 3 links
2025-06-12 23:43:57,771 - INFO - Found alternative horse block structure with 3 links
2025-06-12 23:43:57,771 - INFO - Found alternative horse block structure with 3 links
2025-06-12 23:43:57,793 - INFO - Found likely first place horse via structure analysis: Musical Rhapsody (IRE)
2025-06-12 23:43:57,793 - INFO - Found potential first place horse with background styling
2025-06-12 23:43:57,800 - INFO - Found potential first place horse with background styling
2025-06-12 23:43:57,800 - INFO - Found potential first place horse with background styling
2025-06-12 23:43:57,801 - INFO - Found potential first place horse with background styling
2025-06-12 23:43:57,801 - INFO - Found potential first place horse with background styling
2025-06-12 23:43:57,801 - INFO - Found potential first place horse with background styling
2025-06-12 23:43:57,801 - INFO - Found potential first place horse with background styling
2025-06-12 23:43:57,801 - INFO - Found potential first place horse with background styling
2025-06-12 23:43:57,803 - INFO - Found potential first place horse with background styling
2025-06-12 23:43:57,803 - INFO - Found potential first place horse with background styling
2025-06-12 23:43:57,804 - INFO - Found potential first place horse with background styling
2025-06-12 23:43:57,804 - INFO - Found potential first place horse with background styling
2025-06-12 23:43:57,805 - INFO - Found potential first place horse with background styling
2025-06-12 23:43:57,805 - INFO - Found 28 horse entries for https://www.racingtv.com/results/2023-02-01/dundalk/1342 using multiple detection methods
2025-06-12 23:43:57,805 - INFO - Processing sub block #1 for https://www.racingtv.com/results/2023-02-01/dundalk/1342
2025-06-12 23:43:57,805 - INFO - Found 3 <a> tags - Horse: Riqaaby (USA), Jockey: K. J. Leonard (claim: 0), Trainer: P. F. O'Donnell
2025-06-12 23:43:57,806 - INFO - Position/Length - Found 2 children: Position: 14th, Lost by: 6 1/2 l
2025-06-12 23:43:57,806 - INFO - Extracted: Riqaaby (USA) - Position: 14th, Lost by: 6 1/2 l, Jockey: K. J. Leonard (claim: 0), Trainer: P. F. O'Donnell, Age: 7, Weight: 8-11, Rating: 51
2025-06-12 23:43:57,807 - INFO - Processing sub block #2 for https://www.racingtv.com/results/2023-02-01/dundalk/1342
2025-06-12 23:43:57,807 - INFO - Found 3 <a> tags - Horse: Annecherie (IRE), Jockey: R. C. Colgan (claim: 0), Trainer: Ms Sheila Lavery
2025-06-12 23:43:57,808 - INFO - Position/Length - Found 2 children: Position: 13th, Lost by: Head
2025-06-12 23:43:57,808 - INFO - Extracted: Annecherie (IRE) - Position: 13th, Lost by: Head, Jockey: R. C. Colgan (claim: 0), Trainer: Ms Sheila Lavery, Age: 5, Weight: 9-11, Rating: 65
2025-06-12 23:43:57,808 - INFO - Processing sub block #3 for https://www.racingtv.com/results/2023-02-01/dundalk/1342
2025-06-12 23:43:57,809 - INFO - Found 3 <a> tags - Horse: Guild, Jockey: N. M. Crosse (claim: 0), Trainer: Luke Comer
2025-06-12 23:43:57,809 - INFO - Position/Length - Found 2 children: Position: 12th, Lost by: 1 1/4 l
2025-06-12 23:43:57,809 - INFO - Extracted: Guild - Position: 12th, Lost by: 1 1/4 l, Jockey: N. M. Crosse (claim: 0), Trainer: Luke Comer, Age: 8, Weight: 9-11t, Rating: 65
2025-06-12 23:43:57,809 - INFO - Processing sub block #4 for https://www.racingtv.com/results/2023-02-01/dundalk/1342
2025-06-12 23:43:57,809 - INFO - Found 3 <a> tags - Horse: Chateau Musar (IRE), Jockey: Tom Kiely Marshall (claim: 7), Trainer: John Geoghegan
2025-06-12 23:43:57,809 - INFO - Position/Length - Found 2 children: Position: 11th, Lost by: 1 1/4 l
2025-06-12 23:43:57,809 - INFO - Extracted: Chateau Musar (IRE) - Position: 11th, Lost by: 1 1/4 l, Jockey: Tom Kiely Marshall (claim: 7), Trainer: John Geoghegan, Age: 6, Weight: 9-3p, Rating: 57
2025-06-12 23:43:57,809 - INFO - Processing sub block #5 for https://www.racingtv.com/results/2023-02-01/dundalk/1342
2025-06-12 23:43:57,809 - INFO - Found 3 <a> tags - Horse: Steel Queen (IRE), Jockey: C. Martins (claim: 0), Trainer: Michael J. Browne
2025-06-12 23:43:57,813 - INFO - Position/Length - Found 2 children: Position: 10th, Lost by: 2 1/4 l
2025-06-12 23:43:57,813 - INFO - Extracted: Steel Queen (IRE) - Position: 10th, Lost by: 2 1/4 l, Jockey: C. Martins (claim: 0), Trainer: Michael J. Browne, Age: 6, Weight: 9-4, Rating: 58
2025-06-12 23:43:57,813 - INFO - Processing sub block #6 for https://www.racingtv.com/results/2023-02-01/dundalk/1342
2025-06-12 23:43:57,814 - INFO - Found 3 <a> tags - Horse: Chutzpal (IRE), Jockey: M. A. Enright (claim: 0), Trainer: Eoin Doyle
2025-06-12 23:43:57,815 - INFO - Position/Length - Found 2 children: Position: 9th, Lost by: Neck
2025-06-12 23:43:57,815 - INFO - Extracted: Chutzpal (IRE) - Position: 9th, Lost by: Neck, Jockey: M. A. Enright (claim: 0), Trainer: Eoin Doyle, Age: 4, Weight: 9-10, Rating: 66
2025-06-12 23:43:57,815 - INFO - Processing sub block #7 for https://www.racingtv.com/results/2023-02-01/dundalk/1342
2025-06-12 23:43:57,816 - INFO - Found 3 <a> tags - Horse: Mads Black Eights (IRE), Jockey: Declan McDonogh (claim: 0), Trainer: Matthew J. Smith
2025-06-12 23:43:57,816 - INFO - Position/Length - Found 2 children: Position: 8th, Lost by: 3 l
2025-06-12 23:43:57,816 - INFO - Extracted: Mads Black Eights (IRE) - Position: 8th, Lost by: 3 l, Jockey: Declan McDonogh (claim: 0), Trainer: Matthew J. Smith, Age: 7, Weight: 10-1, Rating: 69
2025-06-12 23:43:57,817 - INFO - Processing sub block #8 for https://www.racingtv.com/results/2023-02-01/dundalk/1342
2025-06-12 23:43:57,817 - INFO - Found 3 <a> tags - Horse: Picpoul (IRE), Jockey: Jack Cleary (claim: 7), Trainer: M. M. Rice
2025-06-12 23:43:57,818 - INFO - Position/Length - Found 2 children: Position: 7th, Lost by: 1 1/2 l
2025-06-12 23:43:57,818 - INFO - Extracted: Picpoul (IRE) - Position: 7th, Lost by: 1 1/2 l, Jockey: Jack Cleary (claim: 7), Trainer: M. M. Rice, Age: 5, Weight: 9-11, Rating: 65
2025-06-12 23:43:57,819 - INFO - Processing sub block #9 for https://www.racingtv.com/results/2023-02-01/dundalk/1342
2025-06-12 23:43:57,819 - INFO - Found 3 <a> tags - Horse: Hinemoa (FR), Jockey: A. C. Persse (claim: 7), Trainer: Mark Cahill
2025-06-12 23:43:57,820 - INFO - Position/Length - Found 2 children: Position: 6th, Lost by: 1 3/4 l
2025-06-12 23:43:57,820 - INFO - Extracted: Hinemoa (FR) - Position: 6th, Lost by: 1 3/4 l, Jockey: A. C. Persse (claim: 7), Trainer: Mark Cahill, Age: 7, Weight: 8-13, Rating: 53
2025-06-12 23:43:57,821 - INFO - Processing sub block #10 for https://www.racingtv.com/results/2023-02-01/dundalk/1342
2025-06-12 23:43:57,821 - INFO - Found 3 <a> tags - Horse: Intend (IRE), Jockey: J. J. G. Ryan (claim: 7), Trainer: Patrick Martin
2025-06-12 23:43:57,822 - INFO - Position/Length - Found 2 children: Position: 5th, Lost by: Head
2025-06-12 23:43:57,822 - INFO - Extracted: Intend (IRE) - Position: 5th, Lost by: Head, Jockey: J. J. G. Ryan (claim: 7), Trainer: Patrick Martin, Age: 5, Weight: 9-11h, Rating: 65
2025-06-12 23:43:57,822 - INFO - Processing sub block #11 for https://www.racingtv.com/results/2023-02-01/dundalk/1342
2025-06-12 23:43:57,823 - INFO - Found 3 <a> tags - Horse: Oranmore (IRE), Jockey: C. Geerdharry (claim: 10), Trainer: Luke Comer
2025-06-12 23:43:57,824 - INFO - Position/Length - Found 2 children: Position: 4th, Lost by: 3/4 l
2025-06-12 23:43:57,824 - INFO - Extracted: Oranmore (IRE) - Position: 4th, Lost by: 3/4 l, Jockey: C. Geerdharry (claim: 10), Trainer: Luke Comer, Age: 7, Weight: 9-6, Rating: 60
2025-06-12 23:43:57,824 - INFO - Processing sub block #12 for https://www.racingtv.com/results/2023-02-01/dundalk/1342
2025-06-12 23:43:57,824 - INFO - Found 3 <a> tags - Horse: Bambeano (IRE), Jockey: J. Kearney (claim: 7), Trainer: Mark Fahey
2025-06-12 23:43:57,825 - INFO - Position/Length - Found 2 children: Position: 3rd, Lost by: 1/2 l
2025-06-12 23:43:57,825 - INFO - Extracted: Bambeano (IRE) - Position: 3rd, Lost by: 1/2 l, Jockey: J. Kearney (claim: 7), Trainer: Mark Fahey, Age: 6, Weight: 9-12, Rating: 66
2025-06-12 23:43:57,826 - INFO - Processing sub block #13 for https://www.racingtv.com/results/2023-02-01/dundalk/1342
2025-06-12 23:43:57,826 - INFO - Found 3 <a> tags - Horse: Gracesolution (IRE), Jockey: William James Lee (claim: 0), Trainer: Ross O'Sullivan
2025-06-12 23:43:57,826 - INFO - Position/Length - Found 2 children: Position: 2nd, Lost by: 3/4 l
2025-06-12 23:43:57,826 - INFO - Extracted: Gracesolution (IRE) - Position: 2nd, Lost by: 3/4 l, Jockey: William James Lee (claim: 0), Trainer: Ross O'Sullivan, Age: 6, Weight: 9-13, Rating: 67
2025-06-12 23:43:57,826 - INFO - Processing sub block #14 for https://www.racingtv.com/results/2023-02-01/dundalk/1342
2025-06-12 23:43:57,828 - INFO - Found 3 <a> tags - Horse: Musical Rhapsody (IRE), Jockey: G. F. Carroll (claim: 0), Trainer: Gavin Patrick Cromwell
2025-06-12 23:43:57,828 - INFO - Position/Length - Found 1 children: Position: 1st, Lost by: N/A
2025-06-12 23:43:57,829 - INFO - Confirmed winner: Musical Rhapsody (IRE)
2025-06-12 23:43:57,829 - INFO - Extracted: Musical Rhapsody (IRE) - Position: 1st, Lost by: N/A, Jockey: G. F. Carroll (claim: 0), Trainer: Gavin Patrick Cromwell, Age: 4, Weight: 9-13, Rating: 69
2025-06-12 23:43:57,829 - INFO - Processing sub block #15 for https://www.racingtv.com/results/2023-02-01/dundalk/1342
2025-06-12 23:43:57,829 - INFO - Found 3 <a> tags - Horse: Riqaaby (USA), Jockey: K. J. Leonard (claim: 0), Trainer: P. F. O'Donnell
2025-06-12 23:43:57,830 - INFO - Position/Length - Found 2 children: Position: 14th, Lost by: 6 1/2 l
2025-06-12 23:43:57,830 - INFO - Extracted: Riqaaby (USA) - Position: 14th, Lost by: 6 1/2 l, Jockey: K. J. Leonard (claim: 0), Trainer: P. F. O'Donnell, Age: 7, Weight: 8-11, Rating: 51
2025-06-12 23:43:57,830 - INFO - Processing sub block #16 for https://www.racingtv.com/results/2023-02-01/dundalk/1342
2025-06-12 23:43:57,831 - INFO - Found 3 <a> tags - Horse: Annecherie (IRE), Jockey: R. C. Colgan (claim: 0), Trainer: Ms Sheila Lavery
2025-06-12 23:43:57,831 - INFO - Position/Length - Found 2 children: Position: 13th, Lost by: Head
2025-06-12 23:43:57,832 - INFO - Extracted: Annecherie (IRE) - Position: 13th, Lost by: Head, Jockey: R. C. Colgan (claim: 0), Trainer: Ms Sheila Lavery, Age: 5, Weight: 9-11, Rating: 65
2025-06-12 23:43:57,832 - INFO - Processing sub block #17 for https://www.racingtv.com/results/2023-02-01/dundalk/1342
2025-06-12 23:43:57,832 - INFO - Found 3 <a> tags - Horse: Guild, Jockey: N. M. Crosse (claim: 0), Trainer: Luke Comer
2025-06-12 23:43:57,833 - INFO - Position/Length - Found 2 children: Position: 12th, Lost by: 1 1/4 l
2025-06-12 23:43:57,833 - INFO - Extracted: Guild - Position: 12th, Lost by: 1 1/4 l, Jockey: N. M. Crosse (claim: 0), Trainer: Luke Comer, Age: 8, Weight: 9-11t, Rating: 65
2025-06-12 23:43:57,834 - INFO - Processing sub block #18 for https://www.racingtv.com/results/2023-02-01/dundalk/1342
2025-06-12 23:43:57,834 - INFO - Found 3 <a> tags - Horse: Chateau Musar (IRE), Jockey: Tom Kiely Marshall (claim: 7), Trainer: John Geoghegan
2025-06-12 23:43:57,835 - INFO - Position/Length - Found 2 children: Position: 11th, Lost by: 1 1/4 l
2025-06-12 23:43:57,835 - INFO - Extracted: Chateau Musar (IRE) - Position: 11th, Lost by: 1 1/4 l, Jockey: Tom Kiely Marshall (claim: 7), Trainer: John Geoghegan, Age: 6, Weight: 9-3p, Rating: 57
2025-06-12 23:43:57,835 - INFO - Processing sub block #19 for https://www.racingtv.com/results/2023-02-01/dundalk/1342
2025-06-12 23:43:57,836 - INFO - Found 3 <a> tags - Horse: Steel Queen (IRE), Jockey: C. Martins (claim: 0), Trainer: Michael J. Browne
2025-06-12 23:43:57,836 - INFO - Position/Length - Found 2 children: Position: 10th, Lost by: 2 1/4 l
2025-06-12 23:43:57,836 - INFO - Extracted: Steel Queen (IRE) - Position: 10th, Lost by: 2 1/4 l, Jockey: C. Martins (claim: 0), Trainer: Michael J. Browne, Age: 6, Weight: 9-4, Rating: 58
2025-06-12 23:43:57,836 - INFO - Processing sub block #20 for https://www.racingtv.com/results/2023-02-01/dundalk/1342
2025-06-12 23:43:57,836 - INFO - Found 3 <a> tags - Horse: Chutzpal (IRE), Jockey: M. A. Enright (claim: 0), Trainer: Eoin Doyle
2025-06-12 23:43:57,839 - INFO - Position/Length - Found 2 children: Position: 9th, Lost by: Neck
2025-06-12 23:43:57,839 - INFO - Extracted: Chutzpal (IRE) - Position: 9th, Lost by: Neck, Jockey: M. A. Enright (claim: 0), Trainer: Eoin Doyle, Age: 4, Weight: 9-10, Rating: 66
2025-06-12 23:43:57,840 - INFO - Processing sub block #21 for https://www.racingtv.com/results/2023-02-01/dundalk/1342
2025-06-12 23:43:57,840 - INFO - Found 3 <a> tags - Horse: Mads Black Eights (IRE), Jockey: Declan McDonogh (claim: 0), Trainer: Matthew J. Smith
2025-06-12 23:43:57,841 - INFO - Position/Length - Found 2 children: Position: 8th, Lost by: 3 l
2025-06-12 23:43:57,841 - INFO - Extracted: Mads Black Eights (IRE) - Position: 8th, Lost by: 3 l, Jockey: Declan McDonogh (claim: 0), Trainer: Matthew J. Smith, Age: 7, Weight: 10-1, Rating: 69
2025-06-12 23:43:57,841 - INFO - Processing sub block #22 for https://www.racingtv.com/results/2023-02-01/dundalk/1342
2025-06-12 23:43:57,842 - INFO - Found 3 <a> tags - Horse: Picpoul (IRE), Jockey: Jack Cleary (claim: 7), Trainer: M. M. Rice
2025-06-12 23:43:57,842 - INFO - Position/Length - Found 2 children: Position: 7th, Lost by: 1 1/2 l
2025-06-12 23:43:57,842 - INFO - Extracted: Picpoul (IRE) - Position: 7th, Lost by: 1 1/2 l, Jockey: Jack Cleary (claim: 7), Trainer: M. M. Rice, Age: 5, Weight: 9-11, Rating: 65
2025-06-12 23:43:57,843 - INFO - Processing sub block #23 for https://www.racingtv.com/results/2023-02-01/dundalk/1342
2025-06-12 23:43:57,843 - INFO - Found 3 <a> tags - Horse: Hinemoa (FR), Jockey: A. C. Persse (claim: 7), Trainer: Mark Cahill
2025-06-12 23:43:57,844 - INFO - Position/Length - Found 2 children: Position: 6th, Lost by: 1 3/4 l
2025-06-12 23:43:57,844 - INFO - Extracted: Hinemoa (FR) - Position: 6th, Lost by: 1 3/4 l, Jockey: A. C. Persse (claim: 7), Trainer: Mark Cahill, Age: 7, Weight: 8-13, Rating: 53
2025-06-12 23:43:57,844 - INFO - Processing sub block #24 for https://www.racingtv.com/results/2023-02-01/dundalk/1342
2025-06-12 23:43:57,845 - INFO - Found 3 <a> tags - Horse: Intend (IRE), Jockey: J. J. G. Ryan (claim: 7), Trainer: Patrick Martin
2025-06-12 23:43:57,845 - INFO - Position/Length - Found 2 children: Position: 5th, Lost by: Head
2025-06-12 23:43:57,846 - INFO - Extracted: Intend (IRE) - Position: 5th, Lost by: Head, Jockey: J. J. G. Ryan (claim: 7), Trainer: Patrick Martin, Age: 5, Weight: 9-11h, Rating: 65
2025-06-12 23:43:57,846 - INFO - Processing sub block #25 for https://www.racingtv.com/results/2023-02-01/dundalk/1342
2025-06-12 23:43:57,846 - INFO - Found 3 <a> tags - Horse: Oranmore (IRE), Jockey: C. Geerdharry (claim: 10), Trainer: Luke Comer
2025-06-12 23:43:57,847 - INFO - Position/Length - Found 2 children: Position: 4th, Lost by: 3/4 l
2025-06-12 23:43:57,847 - INFO - Extracted: Oranmore (IRE) - Position: 4th, Lost by: 3/4 l, Jockey: C. Geerdharry (claim: 10), Trainer: Luke Comer, Age: 7, Weight: 9-6, Rating: 60
2025-06-12 23:43:57,847 - INFO - Processing sub block #26 for https://www.racingtv.com/results/2023-02-01/dundalk/1342
2025-06-12 23:43:57,848 - INFO - Found 3 <a> tags - Horse: Bambeano (IRE), Jockey: J. Kearney (claim: 7), Trainer: Mark Fahey
2025-06-12 23:43:57,848 - INFO - Position/Length - Found 2 children: Position: 3rd, Lost by: 1/2 l
2025-06-12 23:43:57,849 - INFO - Extracted: Bambeano (IRE) - Position: 3rd, Lost by: 1/2 l, Jockey: J. Kearney (claim: 7), Trainer: Mark Fahey, Age: 6, Weight: 9-12, Rating: 66
2025-06-12 23:43:57,849 - INFO - Processing sub block #27 for https://www.racingtv.com/results/2023-02-01/dundalk/1342
2025-06-12 23:43:57,849 - INFO - Found 3 <a> tags - Horse: Gracesolution (IRE), Jockey: William James Lee (claim: 0), Trainer: Ross O'Sullivan
2025-06-12 23:43:57,850 - INFO - Position/Length - Found 2 children: Position: 2nd, Lost by: 3/4 l
2025-06-12 23:43:57,850 - INFO - Extracted: Gracesolution (IRE) - Position: 2nd, Lost by: 3/4 l, Jockey: William James Lee (claim: 0), Trainer: Ross O'Sullivan, Age: 6, Weight: 9-13, Rating: 67
2025-06-12 23:43:57,851 - INFO - Processing sub block #28 for https://www.racingtv.com/results/2023-02-01/dundalk/1342
2025-06-12 23:43:57,851 - INFO - Found 3 <a> tags - Horse: Musical Rhapsody (IRE), Jockey: G. F. Carroll (claim: 0), Trainer: Gavin Patrick Cromwell
2025-06-12 23:43:57,852 - INFO - Position/Length - Found 1 children: Position: 1st, Lost by: N/A
2025-06-12 23:43:57,852 - INFO - Extracted: Musical Rhapsody (IRE) - Position: 1st, Lost by: N/A, Jockey: G. F. Carroll (claim: 0), Trainer: Gavin Patrick Cromwell, Age: 4, Weight: 9-13, Rating: 69
2025-06-12 23:43:57,853 - INFO - Successfully extracted 28/28 horse records from https://www.racingtv.com/results/2023-02-01/dundalk/1342
2025-06-12 23:43:57,853 - INFO - :) First place horse found successfully
2025-06-12 23:43:57,853 - INFO - :) First place horse found successfully
2025-06-12 23:43:57,853 - INFO - :) First place horse found successfully
2025-06-12 23:43:57,854 - INFO - :) First place horse found successfully
2025-06-12 23:43:57,854 - INFO - :) First place horse found successfully
2025-06-12 23:43:57,854 - INFO - :) First place horse found successfully
2025-06-12 23:43:57,855 - INFO - :) First place horse found successfully
2025-06-12 23:43:57,855 - INFO - :) First place horse found successfully
2025-06-12 23:43:57,855 - INFO - :) First place horse found successfully
2025-06-12 23:43:57,855 - INFO - :) First place horse found successfully
2025-06-12 23:43:57,855 - INFO - :) First place horse found successfully
2025-06-12 23:43:57,856 - INFO - :) First place horse found successfully
2025-06-12 23:43:57,856 - INFO - :) First place horse found successfully
2025-06-12 23:43:57,856 - INFO - :) First place horse found successfully
2025-06-12 23:43:57,856 - INFO - :) First place horse found successfully
2025-06-12 23:43:57,856 - INFO - :) First place horse found successfully
2025-06-12 23:43:57,856 - INFO - :) First place horse found successfully
2025-06-12 23:43:57,857 - INFO - :) First place horse found successfully
2025-06-12 23:43:57,857 - INFO - :) First place horse found successfully
2025-06-12 23:43:57,857 - INFO - :) First place horse found successfully
2025-06-12 23:43:57,857 - INFO - :) First place horse found successfully
2025-06-12 23:43:57,857 - INFO - :) First place horse found successfully
2025-06-12 23:43:57,857 - INFO - :) First place horse found successfully
2025-06-12 23:43:57,858 - INFO - :) First place horse found successfully
2025-06-12 23:43:57,858 - INFO - :) First place horse found successfully
2025-06-12 23:43:57,858 - INFO - :) First place horse found successfully
2025-06-12 23:43:57,858 - INFO - :) First place horse found successfully
2025-06-12 23:43:57,858 - INFO - :) First place horse found successfully
2025-06-12 23:43:57,858 - INFO - :) First place horse found successfully
2025-06-12 23:43:57,858 - INFO - Successfully parsed 28 horse records from: https://www.racingtv.com/results/2023-02-01/dundalk/1342
2025-06-12 23:43:57,858 - INFO - Waiting 2 seconds before next request...
2025-06-12 23:43:59,860 - INFO - Batch 40 - URL 35/50: https://www.racingtv.com/results/2023-02-01/dundalk/1417
2025-06-12 23:43:59,860 - INFO - Loading page with Selenium: https://www.racingtv.com/results/2023-02-01/dundalk/1417
2025-06-12 23:44:04,794 - INFO - Racing main block detected for: https://www.racingtv.com/results/2023-02-01/dundalk/1417
2025-06-12 23:44:04,817 - INFO - Successfully loaded page: https://www.racingtv.com/results/2023-02-01/dundalk/1417
2025-06-12 23:44:04,943 - INFO - Extracted race info - Track: Dundalk Racing Results | 1st February 2023 14:17, Date: N/A, Time: 14:17
2025-06-12 23:44:04,944 - INFO - Found 2nd h3 tag: Standard  3YO only 1m 2f 150y Winner: €12,000 (10 runners)
2025-06-12 23:44:04,944 - INFO - Extracted - Going: Standard, Distance: 1m 2f 150y
2025-06-12 23:44:04,944 - INFO - Extracting racing data from: https://www.racingtv.com/results/2023-02-01/dundalk/1417
2025-06-12 23:44:04,955 - INFO - Processing main block #1 for https://www.racingtv.com/results/2023-02-01/dundalk/1417
2025-06-12 23:44:04,961 - INFO - Checking 2nd child of main block for first place horse...
2025-06-12 23:44:04,966 - INFO - Found alternative horse block structure with 3 links
2025-06-12 23:44:04,967 - INFO - Found alternative horse block structure with 3 links
2025-06-12 23:44:04,967 - INFO - Found alternative horse block structure with 3 links
2025-06-12 23:44:04,968 - INFO - Found alternative horse block structure with 3 links
2025-06-12 23:44:04,968 - INFO - Found alternative horse block structure with 3 links
2025-06-12 23:44:04,969 - INFO - Found alternative horse block structure with 3 links
2025-06-12 23:44:04,969 - INFO - Found alternative horse block structure with 3 links
2025-06-12 23:44:04,969 - INFO - Found alternative horse block structure with 3 links
2025-06-12 23:44:04,970 - INFO - Found alternative horse block structure with 3 links
2025-06-12 23:44:04,970 - INFO - Found alternative horse block structure with 3 links
2025-06-12 23:44:04,989 - INFO - Found likely first place horse via structure analysis: Cooler
2025-06-12 23:44:04,991 - INFO - Found potential first place horse with background styling
2025-06-12 23:44:04,991 - INFO - Found potential first place horse with background styling
2025-06-12 23:44:04,992 - INFO - Found potential first place horse with background styling
2025-06-12 23:44:04,992 - INFO - Found potential first place horse with background styling
2025-06-12 23:44:04,993 - INFO - Found potential first place horse with background styling
2025-06-12 23:44:04,993 - INFO - Found potential first place horse with background styling
2025-06-12 23:44:04,993 - INFO - Found potential first place horse with background styling
2025-06-12 23:44:04,994 - INFO - Found potential first place horse with background styling
2025-06-12 23:44:04,994 - INFO - Found potential first place horse with background styling
2025-06-12 23:44:04,995 - INFO - Found 20 horse entries for https://www.racingtv.com/results/2023-02-01/dundalk/1417 using multiple detection methods
2025-06-12 23:44:04,995 - INFO - Processing sub block #1 for https://www.racingtv.com/results/2023-02-01/dundalk/1417
2025-06-12 23:44:04,995 - INFO - Found 3 <a> tags - Horse: Marino Point (IRE), Jockey: C. D. Hayes (claim: 0), Trainer: Luke Comer
2025-06-12 23:44:04,996 - INFO - Position/Length - Found 2 children: Position: 10th, Lost by: 41 l
2025-06-12 23:44:04,996 - INFO - Extracted: Marino Point (IRE) - Position: 10th, Lost by: 41 l, Jockey: C. D. Hayes (claim: 0), Trainer: Luke Comer, Age: 3, Weight: 9-8, Rating: -
2025-06-12 23:44:04,996 - INFO - Processing sub block #2 for https://www.racingtv.com/results/2023-02-01/dundalk/1417
2025-06-12 23:44:04,998 - INFO - Found 3 <a> tags - Horse: Angel Dubh (IRE), Jockey: C. D. Maxwell (claim: 0), Trainer: John Andrew Kinsella
2025-06-12 23:44:04,998 - INFO - Position/Length - Found 2 children: Position: 9th, Lost by: 17 l
2025-06-12 23:44:04,998 - INFO - Extracted: Angel Dubh (IRE) - Position: 9th, Lost by: 17 l, Jockey: C. D. Maxwell (claim: 0), Trainer: John Andrew Kinsella, Age: 3, Weight: 9-3, Rating: -
2025-06-12 23:44:04,999 - INFO - Processing sub block #3 for https://www.racingtv.com/results/2023-02-01/dundalk/1417
2025-06-12 23:44:04,999 - INFO - Found 3 <a> tags - Horse: Mehsham (IRE), Jockey: C. J. MacRedmond (claim: 5), Trainer: Adrian McGuinness
2025-06-12 23:44:05,001 - INFO - Position/Length - Found 2 children: Position: 8th, Lost by: 12 l
2025-06-12 23:44:05,001 - INFO - Extracted: Mehsham (IRE) - Position: 8th, Lost by: 12 l, Jockey: C. J. MacRedmond (claim: 5), Trainer: Adrian McGuinness, Age: 3, Weight: 9-8, Rating: -
2025-06-12 23:44:05,001 - INFO - Processing sub block #4 for https://www.racingtv.com/results/2023-02-01/dundalk/1417
2025-06-12 23:44:05,002 - INFO - Found 3 <a> tags - Horse: Twentynine Palms (USA), Jockey: Declan McDonogh (claim: 0), Trainer: Joseph Patrick O'Brien
2025-06-12 23:44:05,002 - INFO - Position/Length - Found 2 children: Position: 7th, Lost by: 5 1/2 l
2025-06-12 23:44:05,002 - INFO - Extracted: Twentynine Palms (USA) - Position: 7th, Lost by: 5 1/2 l, Jockey: Declan McDonogh (claim: 0), Trainer: Joseph Patrick O'Brien, Age: 3, Weight: 9-3t1, Rating: -
2025-06-12 23:44:05,002 - INFO - Processing sub block #5 for https://www.racingtv.com/results/2023-02-01/dundalk/1417
2025-06-12 23:44:05,002 - INFO - Found 3 <a> tags - Horse: Luigi Antinori, Jockey: S. M. Crosse (claim: 0), Trainer: Joseph Patrick O'Brien
2025-06-12 23:44:05,002 - INFO - Position/Length - Found 2 children: Position: 6th, Lost by: 4 3/4 l
2025-06-12 23:44:05,002 - INFO - Extracted: Luigi Antinori - Position: 6th, Lost by: 4 3/4 l, Jockey: S. M. Crosse (claim: 0), Trainer: Joseph Patrick O'Brien, Age: 3, Weight: 9-8, Rating: -
2025-06-12 23:44:05,002 - INFO - Processing sub block #6 for https://www.racingtv.com/results/2023-02-01/dundalk/1417
2025-06-12 23:44:05,002 - INFO - Found 3 <a> tags - Horse: He Knows When (IRE), Jockey: N. M. Crosse (claim: 0), Trainer: Luke Comer
2025-06-12 23:44:05,007 - INFO - Position/Length - Found 2 children: Position: 5th, Lost by: 1 3/4 l
2025-06-12 23:44:05,007 - INFO - Extracted: He Knows When (IRE) - Position: 5th, Lost by: 1 3/4 l, Jockey: N. M. Crosse (claim: 0), Trainer: Luke Comer, Age: 3, Weight: 9-8, Rating: -
2025-06-12 23:44:05,007 - INFO - Processing sub block #7 for https://www.racingtv.com/results/2023-02-01/dundalk/1417
2025-06-12 23:44:05,007 - INFO - Found 3 <a> tags - Horse: Vista Baby (FR), Jockey: William James Lee (claim: 0), Trainer: A. Slattery
2025-06-12 23:44:05,008 - INFO - Position/Length - Found 2 children: Position: 4th, Lost by: 5 l
2025-06-12 23:44:05,008 - INFO - Extracted: Vista Baby (FR) - Position: 4th, Lost by: 5 l, Jockey: William James Lee (claim: 0), Trainer: A. Slattery, Age: 3, Weight: 9-8, Rating: -
2025-06-12 23:44:05,008 - INFO - Processing sub block #8 for https://www.racingtv.com/results/2023-02-01/dundalk/1417
2025-06-12 23:44:05,009 - INFO - Found 3 <a> tags - Horse: Giselles Defence (IRE), Jockey: G. F. Carroll (claim: 0), Trainer: Gavin Patrick Cromwell
2025-06-12 23:44:05,009 - INFO - Position/Length - Found 2 children: Position: 3rd, Lost by: 3 l
2025-06-12 23:44:05,010 - INFO - Extracted: Giselles Defence (IRE) - Position: 3rd, Lost by: 3 l, Jockey: G. F. Carroll (claim: 0), Trainer: Gavin Patrick Cromwell, Age: 3, Weight: 9-8, Rating: -
2025-06-12 23:44:05,010 - INFO - Processing sub block #9 for https://www.racingtv.com/results/2023-02-01/dundalk/1417
2025-06-12 23:44:05,010 - INFO - Found 3 <a> tags - Horse: Segomo (IRE), Jockey: G. M. Ryan (claim: 0), Trainer: Donnacha Aidan O'Brien
2025-06-12 23:44:05,011 - INFO - Position/Length - Found 2 children: Position: 2nd, Lost by: 2 3/4 l
2025-06-12 23:44:05,011 - INFO - Extracted: Segomo (IRE) - Position: 2nd, Lost by: 2 3/4 l, Jockey: G. M. Ryan (claim: 0), Trainer: Donnacha Aidan O'Brien, Age: 3, Weight: 9-8, Rating: -
2025-06-12 23:44:05,011 - INFO - Processing sub block #10 for https://www.racingtv.com/results/2023-02-01/dundalk/1417
2025-06-12 23:44:05,012 - INFO - Found 3 <a> tags - Horse: Cooler, Jockey: C. T. Keane (claim: 0), Trainer: G. M. Lyons
2025-06-12 23:44:05,012 - INFO - Position/Length - Found 1 children: Position: 1st, Lost by: N/A
2025-06-12 23:44:05,012 - INFO - Confirmed winner: Cooler
2025-06-12 23:44:05,013 - INFO - Extracted: Cooler - Position: 1st, Lost by: N/A, Jockey: C. T. Keane (claim: 0), Trainer: G. M. Lyons, Age: 3, Weight: 9-3, Rating: -
2025-06-12 23:44:05,013 - INFO - Processing sub block #11 for https://www.racingtv.com/results/2023-02-01/dundalk/1417
2025-06-12 23:44:05,013 - INFO - Found 3 <a> tags - Horse: Marino Point (IRE), Jockey: C. D. Hayes (claim: 0), Trainer: Luke Comer
2025-06-12 23:44:05,014 - INFO - Position/Length - Found 2 children: Position: 10th, Lost by: 41 l
2025-06-12 23:44:05,014 - INFO - Extracted: Marino Point (IRE) - Position: 10th, Lost by: 41 l, Jockey: C. D. Hayes (claim: 0), Trainer: Luke Comer, Age: 3, Weight: 9-8, Rating: -
2025-06-12 23:44:05,014 - INFO - Processing sub block #12 for https://www.racingtv.com/results/2023-02-01/dundalk/1417
2025-06-12 23:44:05,015 - INFO - Found 3 <a> tags - Horse: Angel Dubh (IRE), Jockey: C. D. Maxwell (claim: 0), Trainer: John Andrew Kinsella
2025-06-12 23:44:05,015 - INFO - Position/Length - Found 2 children: Position: 9th, Lost by: 17 l
2025-06-12 23:44:05,015 - INFO - Extracted: Angel Dubh (IRE) - Position: 9th, Lost by: 17 l, Jockey: C. D. Maxwell (claim: 0), Trainer: John Andrew Kinsella, Age: 3, Weight: 9-3, Rating: -
2025-06-12 23:44:05,016 - INFO - Processing sub block #13 for https://www.racingtv.com/results/2023-02-01/dundalk/1417
2025-06-12 23:44:05,017 - INFO - Found 3 <a> tags - Horse: Mehsham (IRE), Jockey: C. J. MacRedmond (claim: 5), Trainer: Adrian McGuinness
2025-06-12 23:44:05,017 - INFO - Position/Length - Found 2 children: Position: 8th, Lost by: 12 l
2025-06-12 23:44:05,018 - INFO - Extracted: Mehsham (IRE) - Position: 8th, Lost by: 12 l, Jockey: C. J. MacRedmond (claim: 5), Trainer: Adrian McGuinness, Age: 3, Weight: 9-8, Rating: -
2025-06-12 23:44:05,018 - INFO - Processing sub block #14 for https://www.racingtv.com/results/2023-02-01/dundalk/1417
2025-06-12 23:44:05,020 - INFO - Found 3 <a> tags - Horse: Twentynine Palms (USA), Jockey: Declan McDonogh (claim: 0), Trainer: Joseph Patrick O'Brien
2025-06-12 23:44:05,020 - INFO - Position/Length - Found 2 children: Position: 7th, Lost by: 5 1/2 l
2025-06-12 23:44:05,021 - INFO - Extracted: Twentynine Palms (USA) - Position: 7th, Lost by: 5 1/2 l, Jockey: Declan McDonogh (claim: 0), Trainer: Joseph Patrick O'Brien, Age: 3, Weight: 9-3t1, Rating: -
2025-06-12 23:44:05,021 - INFO - Processing sub block #15 for https://www.racingtv.com/results/2023-02-01/dundalk/1417
2025-06-12 23:44:05,022 - INFO - Found 3 <a> tags - Horse: Luigi Antinori, Jockey: S. M. Crosse (claim: 0), Trainer: Joseph Patrick O'Brien
2025-06-12 23:44:05,022 - INFO - Position/Length - Found 2 children: Position: 6th, Lost by: 4 3/4 l
2025-06-12 23:44:05,022 - INFO - Extracted: Luigi Antinori - Position: 6th, Lost by: 4 3/4 l, Jockey: S. M. Crosse (claim: 0), Trainer: Joseph Patrick O'Brien, Age: 3, Weight: 9-8, Rating: -
2025-06-12 23:44:05,023 - INFO - Processing sub block #16 for https://www.racingtv.com/results/2023-02-01/dundalk/1417
2025-06-12 23:44:05,023 - INFO - Found 3 <a> tags - Horse: He Knows When (IRE), Jockey: N. M. Crosse (claim: 0), Trainer: Luke Comer
2025-06-12 23:44:05,024 - INFO - Position/Length - Found 2 children: Position: 5th, Lost by: 1 3/4 l
2025-06-12 23:44:05,024 - INFO - Extracted: He Knows When (IRE) - Position: 5th, Lost by: 1 3/4 l, Jockey: N. M. Crosse (claim: 0), Trainer: Luke Comer, Age: 3, Weight: 9-8, Rating: -
2025-06-12 23:44:05,024 - INFO - Processing sub block #17 for https://www.racingtv.com/results/2023-02-01/dundalk/1417
2025-06-12 23:44:05,025 - INFO - Found 3 <a> tags - Horse: Vista Baby (FR), Jockey: William James Lee (claim: 0), Trainer: A. Slattery
2025-06-12 23:44:05,025 - INFO - Position/Length - Found 2 children: Position: 4th, Lost by: 5 l
2025-06-12 23:44:05,025 - INFO - Extracted: Vista Baby (FR) - Position: 4th, Lost by: 5 l, Jockey: William James Lee (claim: 0), Trainer: A. Slattery, Age: 3, Weight: 9-8, Rating: -
2025-06-12 23:44:05,026 - INFO - Processing sub block #18 for https://www.racingtv.com/results/2023-02-01/dundalk/1417
2025-06-12 23:44:05,027 - INFO - Found 3 <a> tags - Horse: Giselles Defence (IRE), Jockey: G. F. Carroll (claim: 0), Trainer: Gavin Patrick Cromwell
2025-06-12 23:44:05,028 - INFO - Position/Length - Found 2 children: Position: 3rd, Lost by: 3 l
2025-06-12 23:44:05,028 - INFO - Extracted: Giselles Defence (IRE) - Position: 3rd, Lost by: 3 l, Jockey: G. F. Carroll (claim: 0), Trainer: Gavin Patrick Cromwell, Age: 3, Weight: 9-8, Rating: -
2025-06-12 23:44:05,028 - INFO - Processing sub block #19 for https://www.racingtv.com/results/2023-02-01/dundalk/1417
2025-06-12 23:44:05,028 - INFO - Found 3 <a> tags - Horse: Segomo (IRE), Jockey: G. M. Ryan (claim: 0), Trainer: Donnacha Aidan O'Brien
2025-06-12 23:44:05,029 - INFO - Position/Length - Found 2 children: Position: 2nd, Lost by: 2 3/4 l
2025-06-12 23:44:05,029 - INFO - Extracted: Segomo (IRE) - Position: 2nd, Lost by: 2 3/4 l, Jockey: G. M. Ryan (claim: 0), Trainer: Donnacha Aidan O'Brien, Age: 3, Weight: 9-8, Rating: -
2025-06-12 23:44:05,029 - INFO - Processing sub block #20 for https://www.racingtv.com/results/2023-02-01/dundalk/1417
2025-06-12 23:44:05,030 - INFO - Found 3 <a> tags - Horse: Cooler, Jockey: C. T. Keane (claim: 0), Trainer: G. M. Lyons
2025-06-12 23:44:05,030 - INFO - Position/Length - Found 1 children: Position: 1st, Lost by: N/A
2025-06-12 23:44:05,031 - INFO - Extracted: Cooler - Position: 1st, Lost by: N/A, Jockey: C. T. Keane (claim: 0), Trainer: G. M. Lyons, Age: 3, Weight: 9-3, Rating: -
2025-06-12 23:44:05,031 - INFO - Successfully extracted 20/20 horse records from https://www.racingtv.com/results/2023-02-01/dundalk/1417
2025-06-12 23:44:05,031 - INFO - :) First place horse found successfully
2025-06-12 23:44:05,032 - INFO - :) First place horse found successfully
2025-06-12 23:44:05,032 - INFO - :) First place horse found successfully
2025-06-12 23:44:05,032 - INFO - :) First place horse found successfully
2025-06-12 23:44:05,032 - INFO - :) First place horse found successfully
2025-06-12 23:44:05,032 - INFO - :) First place horse found successfully
2025-06-12 23:44:05,032 - INFO - :) First place horse found successfully
2025-06-12 23:44:05,033 - INFO - :) First place horse found successfully
2025-06-12 23:44:05,033 - INFO - :) First place horse found successfully
2025-06-12 23:44:05,033 - INFO - :) First place horse found successfully
2025-06-12 23:44:05,033 - INFO - :) First place horse found successfully
2025-06-12 23:44:05,034 - INFO - :) First place horse found successfully
2025-06-12 23:44:05,034 - INFO - :) First place horse found successfully
2025-06-12 23:44:05,034 - INFO - :) First place horse found successfully
2025-06-12 23:44:05,034 - INFO - :) First place horse found successfully
2025-06-12 23:44:05,035 - INFO - :) First place horse found successfully
2025-06-12 23:44:05,035 - INFO - :) First place horse found successfully
2025-06-12 23:44:05,036 - INFO - :) First place horse found successfully
2025-06-12 23:44:05,037 - INFO - :) First place horse found successfully
2025-06-12 23:44:05,037 - INFO - :) First place horse found successfully
2025-06-12 23:44:05,037 - INFO - :) First place horse found successfully
2025-06-12 23:44:05,037 - INFO - Successfully parsed 20 horse records from: https://www.racingtv.com/results/2023-02-01/dundalk/1417
2025-06-12 23:44:05,038 - INFO - Waiting 2 seconds before next request...
2025-06-12 23:44:07,039 - INFO - Batch 40 - URL 36/50: https://www.racingtv.com/results/2023-02-01/dundalk/1452
2025-06-12 23:44:07,039 - INFO - Loading page with Selenium: https://www.racingtv.com/results/2023-02-01/dundalk/1452
2025-06-12 23:44:11,956 - INFO - Racing main block detected for: https://www.racingtv.com/results/2023-02-01/dundalk/1452
2025-06-12 23:44:11,998 - INFO - Successfully loaded page: https://www.racingtv.com/results/2023-02-01/dundalk/1452
2025-06-12 23:44:12,128 - INFO - Extracted race info - Track: Dundalk Racing Results | 1st February 2023 14:52, Date: N/A, Time: 14:52
2025-06-12 23:44:12,128 - INFO - Found 2nd h3 tag: Standard  4YO+ 1m 2f 150y Winner: €11,000 (14 runners)
2025-06-12 23:44:12,128 - INFO - Extracted - Going: Standard, Distance: 1m 2f 150y
2025-06-12 23:44:12,128 - INFO - Extracting racing data from: https://www.racingtv.com/results/2023-02-01/dundalk/1452
2025-06-12 23:44:12,150 - INFO - Processing main block #1 for https://www.racingtv.com/results/2023-02-01/dundalk/1452
2025-06-12 23:44:12,156 - INFO - Checking 2nd child of main block for first place horse...
2025-06-12 23:44:12,163 - INFO - Found alternative horse block structure with 3 links
2025-06-12 23:44:12,164 - INFO - Found alternative horse block structure with 3 links
2025-06-12 23:44:12,164 - INFO - Found alternative horse block structure with 3 links
2025-06-12 23:44:12,164 - INFO - Found alternative horse block structure with 3 links
2025-06-12 23:44:12,164 - INFO - Found alternative horse block structure with 3 links
2025-06-12 23:44:12,164 - INFO - Found alternative horse block structure with 3 links
2025-06-12 23:44:12,166 - INFO - Found alternative horse block structure with 3 links
2025-06-12 23:44:12,166 - INFO - Found alternative horse block structure with 3 links
2025-06-12 23:44:12,167 - INFO - Found alternative horse block structure with 3 links
2025-06-12 23:44:12,167 - INFO - Found alternative horse block structure with 3 links
2025-06-12 23:44:12,167 - INFO - Found alternative horse block structure with 3 links
2025-06-12 23:44:12,168 - INFO - Found alternative horse block structure with 3 links
2025-06-12 23:44:12,168 - INFO - Found alternative horse block structure with 3 links
2025-06-12 23:44:12,168 - INFO - Found alternative horse block structure with 3 links
2025-06-12 23:44:12,193 - INFO - Found likely first place horse via structure analysis: Rockview Consort
2025-06-12 23:44:12,195 - INFO - Found potential first place horse with background styling
2025-06-12 23:44:12,195 - INFO - Found potential first place horse with background styling
2025-06-12 23:44:12,196 - INFO - Found potential first place horse with background styling
2025-06-12 23:44:12,196 - INFO - Found potential first place horse with background styling
2025-06-12 23:44:12,196 - INFO - Found potential first place horse with background styling
2025-06-12 23:44:12,197 - INFO - Found potential first place horse with background styling
2025-06-12 23:44:12,197 - INFO - Found potential first place horse with background styling
2025-06-12 23:44:12,197 - INFO - Found potential first place horse with background styling
2025-06-12 23:44:12,198 - INFO - Found potential first place horse with background styling
2025-06-12 23:44:12,198 - INFO - Found potential first place horse with background styling
2025-06-12 23:44:12,199 - INFO - Found potential first place horse with background styling
2025-06-12 23:44:12,199 - INFO - Found potential first place horse with background styling
2025-06-12 23:44:12,200 - INFO - Found potential first place horse with background styling
2025-06-12 23:44:12,200 - INFO - Found 28 horse entries for https://www.racingtv.com/results/2023-02-01/dundalk/1452 using multiple detection methods
2025-06-12 23:44:12,201 - INFO - Processing sub block #1 for https://www.racingtv.com/results/2023-02-01/dundalk/1452
2025-06-12 23:44:12,201 - INFO - Found 3 <a> tags - Horse: Soul Control (IRE), Jockey: Seamie Heffernan (claim: 0), Trainer: W. P. Browne
2025-06-12 23:44:12,202 - INFO - Position/Length - Found 2 children: Position: 14th, Lost by: 28 l
2025-06-12 23:44:12,203 - INFO - Extracted: Soul Control (IRE) - Position: 14th, Lost by: 28 l, Jockey: Seamie Heffernan (claim: 0), Trainer: W. P. Browne, Age: 4, Weight: 9-9, Rating: -
2025-06-12 23:44:12,203 - INFO - Processing sub block #2 for https://www.racingtv.com/results/2023-02-01/dundalk/1452
2025-06-12 23:44:12,203 - INFO - Found 3 <a> tags - Horse: One Over the Top (IRE), Jockey: Gearoid Patrick Brouder (claim: 5), Trainer: Peter McCreery
2025-06-12 23:44:12,204 - INFO - Position/Length - Found 2 children: Position: 13th, Lost by: 4 1/4 l
2025-06-12 23:44:12,204 - INFO - Extracted: One Over the Top (IRE) - Position: 13th, Lost by: 4 1/4 l, Jockey: Gearoid Patrick Brouder (claim: 5), Trainer: Peter McCreery, Age: 6, Weight: 9-4, Rating: -
2025-06-12 23:44:12,205 - INFO - Processing sub block #3 for https://www.racingtv.com/results/2023-02-01/dundalk/1452
2025-06-12 23:44:12,205 - INFO - Found 3 <a> tags - Horse: Foreign Policy (IRE), Jockey: C. T. Keane (claim: 0), Trainer: Noel Meade
2025-06-12 23:44:12,206 - INFO - Position/Length - Found 2 children: Position: 12th, Lost by: 7 l
2025-06-12 23:44:12,206 - INFO - Extracted: Foreign Policy (IRE) - Position: 12th, Lost by: 7 l, Jockey: C. T. Keane (claim: 0), Trainer: Noel Meade, Age: 4, Weight: 9-9, Rating: -
2025-06-12 23:44:12,206 - INFO - Processing sub block #4 for https://www.racingtv.com/results/2023-02-01/dundalk/1452
2025-06-12 23:44:12,207 - INFO - Found 3 <a> tags - Horse: Galileo Impact (JPN), Jockey: K. W. de Oliveira (claim: 10), Trainer: W. P. Browne
2025-06-12 23:44:12,208 - INFO - Position/Length - Found 2 children: Position: 11th, Lost by: 3/4 l
2025-06-12 23:44:12,208 - INFO - Extracted: Galileo Impact (JPN) - Position: 11th, Lost by: 3/4 l, Jockey: K. W. de Oliveira (claim: 10), Trainer: W. P. Browne, Age: 5, Weight: 9-4, Rating: -
2025-06-12 23:44:12,208 - INFO - Processing sub block #5 for https://www.racingtv.com/results/2023-02-01/dundalk/1452
2025-06-12 23:44:12,208 - INFO - Found 3 <a> tags - Horse: Harrier Fighter (IRE), Jockey: N. M. Crosse (claim: 0), Trainer: Luke Comer
2025-06-12 23:44:12,209 - INFO - Position/Length - Found 2 children: Position: 10th, Lost by: 4 1/2 l
2025-06-12 23:44:12,209 - INFO - Extracted: Harrier Fighter (IRE) - Position: 10th, Lost by: 4 1/2 l, Jockey: N. M. Crosse (claim: 0), Trainer: Luke Comer, Age: 6, Weight: 9-9, Rating: -
2025-06-12 23:44:12,210 - INFO - Processing sub block #6 for https://www.racingtv.com/results/2023-02-01/dundalk/1452
2025-06-12 23:44:12,210 - INFO - Found 3 <a> tags - Horse: A Shin Undine (IRE), Jockey: M. A. Enright (claim: 0), Trainer: Mrs Denise Foster
2025-06-12 23:44:12,211 - INFO - Position/Length - Found 2 children: Position: 9th, Lost by: 2 1/2 l
2025-06-12 23:44:12,211 - INFO - Extracted: A Shin Undine (IRE) - Position: 9th, Lost by: 2 1/2 l, Jockey: M. A. Enright (claim: 0), Trainer: Mrs Denise Foster, Age: 4, Weight: 9-4p, Rating: -
2025-06-12 23:44:12,211 - INFO - Processing sub block #7 for https://www.racingtv.com/results/2023-02-01/dundalk/1452
2025-06-12 23:44:12,212 - INFO - Found 3 <a> tags - Horse: Thatsthat, Jockey: R. C. Colgan (claim: 0), Trainer: Ms Sheila Lavery
2025-06-12 23:44:12,212 - INFO - Position/Length - Found 2 children: Position: 8th, Lost by: 2 1/2 l
2025-06-12 23:44:12,213 - INFO - Extracted: Thatsthat - Position: 8th, Lost by: 2 1/2 l, Jockey: R. C. Colgan (claim: 0), Trainer: Ms Sheila Lavery, Age: 4, Weight: 9-4h1, Rating: -
2025-06-12 23:44:12,213 - INFO - Processing sub block #8 for https://www.racingtv.com/results/2023-02-01/dundalk/1452
2025-06-12 23:44:12,213 - INFO - Found 3 <a> tags - Horse: General Idea, Jockey: J. M. Sheridan (claim: 3), Trainer: Denis Hogan
2025-06-12 23:44:12,214 - INFO - Position/Length - Found 2 children: Position: 7th, Lost by: 3/4 l
2025-06-12 23:44:12,214 - INFO - Extracted: General Idea - Position: 7th, Lost by: 3/4 l, Jockey: J. M. Sheridan (claim: 3), Trainer: Denis Hogan, Age: 4, Weight: 9-9, Rating: -
2025-06-12 23:44:12,215 - INFO - Processing sub block #9 for https://www.racingtv.com/results/2023-02-01/dundalk/1452
2025-06-12 23:44:12,215 - INFO - Found 3 <a> tags - Horse: Isotta (IRE), Jockey: Adam Caffrey (claim: 7), Trainer: Adrian McGuinness
2025-06-12 23:44:12,216 - INFO - Position/Length - Found 2 children: Position: 6th, Lost by: Nose
2025-06-12 23:44:12,216 - INFO - Extracted: Isotta (IRE) - Position: 6th, Lost by: Nose, Jockey: Adam Caffrey (claim: 7), Trainer: Adrian McGuinness, Age: 4, Weight: 9-4, Rating: -
2025-06-12 23:44:12,217 - INFO - Processing sub block #10 for https://www.racingtv.com/results/2023-02-01/dundalk/1452
2025-06-12 23:44:12,217 - INFO - Found 3 <a> tags - Horse: Emperor Of Silk (IRE), Jockey: C. J. MacRedmond (claim: 5), Trainer: Anthony Mullins
2025-06-12 23:44:12,219 - INFO - Position/Length - Found 2 children: Position: 5th, Lost by: 1 1/4 l
2025-06-12 23:44:12,219 - INFO - Extracted: Emperor Of Silk (IRE) - Position: 5th, Lost by: 1 1/4 l, Jockey: C. J. MacRedmond (claim: 5), Trainer: Anthony Mullins, Age: 6, Weight: 9-9, Rating: -
2025-06-12 23:44:12,219 - INFO - Processing sub block #11 for https://www.racingtv.com/results/2023-02-01/dundalk/1452
2025-06-12 23:44:12,220 - INFO - Found 3 <a> tags - Horse: Zawahir, Jockey: C. D. Hayes (claim: 0), Trainer: D. K. Weld
2025-06-12 23:44:12,221 - INFO - Position/Length - Found 2 children: Position: 4th, Lost by: 2 1/4 l
2025-06-12 23:44:12,221 - INFO - Extracted: Zawahir - Position: 4th, Lost by: 2 1/4 l, Jockey: C. D. Hayes (claim: 0), Trainer: D. K. Weld, Age: 4, Weight: 9-4v1, Rating: -
2025-06-12 23:44:12,221 - INFO - Processing sub block #12 for https://www.racingtv.com/results/2023-02-01/dundalk/1452
2025-06-12 23:44:12,222 - INFO - Found 3 <a> tags - Horse: Wrecking Ball Paul (IRE), Jockey: R. P. Cleary (claim: 0), Trainer: P. Mulligan
2025-06-12 23:44:12,222 - INFO - Position/Length - Found 2 children: Position: 3rd, Lost by: 1 3/4 l
2025-06-12 23:44:12,223 - INFO - Extracted: Wrecking Ball Paul (IRE) - Position: 3rd, Lost by: 1 3/4 l, Jockey: R. P. Cleary (claim: 0), Trainer: P. Mulligan, Age: 5, Weight: 9-9t, Rating: -
2025-06-12 23:44:12,223 - INFO - Processing sub block #13 for https://www.racingtv.com/results/2023-02-01/dundalk/1452
2025-06-12 23:44:12,223 - INFO - Found 3 <a> tags - Horse: Banned, Jockey: M. P. Sheehy (claim: 0), Trainer: Joseph Patrick O'Brien
2025-06-12 23:44:12,224 - INFO - Position/Length - Found 2 children: Position: 2nd, Lost by: 3/4 l
2025-06-12 23:44:12,224 - INFO - Extracted: Banned - Position: 2nd, Lost by: 3/4 l, Jockey: M. P. Sheehy (claim: 0), Trainer: Joseph Patrick O'Brien, Age: 4, Weight: 9-4, Rating: -
2025-06-12 23:44:12,224 - INFO - Processing sub block #14 for https://www.racingtv.com/results/2023-02-01/dundalk/1452
2025-06-12 23:44:12,225 - INFO - Found 3 <a> tags - Horse: Rockview Consort, Jockey: Siobhan Rutledge (claim: 5), Trainer: John McConnell
2025-06-12 23:44:12,227 - INFO - Position/Length - Found 1 children: Position: 1st, Lost by: N/A
2025-06-12 23:44:12,227 - INFO - Confirmed winner: Rockview Consort
2025-06-12 23:44:12,227 - INFO - Extracted: Rockview Consort - Position: 1st, Lost by: N/A, Jockey: Siobhan Rutledge (claim: 5), Trainer: John McConnell, Age: 4, Weight: 9-4, Rating: -
2025-06-12 23:44:12,227 - INFO - Processing sub block #15 for https://www.racingtv.com/results/2023-02-01/dundalk/1452
2025-06-12 23:44:12,227 - INFO - Found 3 <a> tags - Horse: Soul Control (IRE), Jockey: Seamie Heffernan (claim: 0), Trainer: W. P. Browne
2025-06-12 23:44:12,227 - INFO - Position/Length - Found 2 children: Position: 14th, Lost by: 28 l
2025-06-12 23:44:12,227 - INFO - Extracted: Soul Control (IRE) - Position: 14th, Lost by: 28 l, Jockey: Seamie Heffernan (claim: 0), Trainer: W. P. Browne, Age: 4, Weight: 9-9, Rating: -
2025-06-12 23:44:12,227 - INFO - Processing sub block #16 for https://www.racingtv.com/results/2023-02-01/dundalk/1452
2025-06-12 23:44:12,227 - INFO - Found 3 <a> tags - Horse: One Over the Top (IRE), Jockey: Gearoid Patrick Brouder (claim: 5), Trainer: Peter McCreery
2025-06-12 23:44:12,227 - INFO - Position/Length - Found 2 children: Position: 13th, Lost by: 4 1/4 l
2025-06-12 23:44:12,227 - INFO - Extracted: One Over the Top (IRE) - Position: 13th, Lost by: 4 1/4 l, Jockey: Gearoid Patrick Brouder (claim: 5), Trainer: Peter McCreery, Age: 6, Weight: 9-4, Rating: -
2025-06-12 23:44:12,227 - INFO - Processing sub block #17 for https://www.racingtv.com/results/2023-02-01/dundalk/1452
2025-06-12 23:44:12,231 - INFO - Found 3 <a> tags - Horse: Foreign Policy (IRE), Jockey: C. T. Keane (claim: 0), Trainer: Noel Meade
2025-06-12 23:44:12,232 - INFO - Position/Length - Found 2 children: Position: 12th, Lost by: 7 l
2025-06-12 23:44:12,232 - INFO - Extracted: Foreign Policy (IRE) - Position: 12th, Lost by: 7 l, Jockey: C. T. Keane (claim: 0), Trainer: Noel Meade, Age: 4, Weight: 9-9, Rating: -
2025-06-12 23:44:12,232 - INFO - Processing sub block #18 for https://www.racingtv.com/results/2023-02-01/dundalk/1452
2025-06-12 23:44:12,233 - INFO - Found 3 <a> tags - Horse: Galileo Impact (JPN), Jockey: K. W. de Oliveira (claim: 10), Trainer: W. P. Browne
2025-06-12 23:44:12,233 - INFO - Position/Length - Found 2 children: Position: 11th, Lost by: 3/4 l
2025-06-12 23:44:12,234 - INFO - Extracted: Galileo Impact (JPN) - Position: 11th, Lost by: 3/4 l, Jockey: K. W. de Oliveira (claim: 10), Trainer: W. P. Browne, Age: 5, Weight: 9-4, Rating: -
2025-06-12 23:44:12,234 - INFO - Processing sub block #19 for https://www.racingtv.com/results/2023-02-01/dundalk/1452
2025-06-12 23:44:12,234 - INFO - Found 3 <a> tags - Horse: Harrier Fighter (IRE), Jockey: N. M. Crosse (claim: 0), Trainer: Luke Comer
2025-06-12 23:44:12,235 - INFO - Position/Length - Found 2 children: Position: 10th, Lost by: 4 1/2 l
2025-06-12 23:44:12,236 - INFO - Extracted: Harrier Fighter (IRE) - Position: 10th, Lost by: 4 1/2 l, Jockey: N. M. Crosse (claim: 0), Trainer: Luke Comer, Age: 6, Weight: 9-9, Rating: -
2025-06-12 23:44:12,236 - INFO - Processing sub block #20 for https://www.racingtv.com/results/2023-02-01/dundalk/1452
2025-06-12 23:44:12,237 - INFO - Found 3 <a> tags - Horse: A Shin Undine (IRE), Jockey: M. A. Enright (claim: 0), Trainer: Mrs Denise Foster
2025-06-12 23:44:12,238 - INFO - Position/Length - Found 2 children: Position: 9th, Lost by: 2 1/2 l
2025-06-12 23:44:12,238 - INFO - Extracted: A Shin Undine (IRE) - Position: 9th, Lost by: 2 1/2 l, Jockey: M. A. Enright (claim: 0), Trainer: Mrs Denise Foster, Age: 4, Weight: 9-4p, Rating: -
2025-06-12 23:44:12,238 - INFO - Processing sub block #21 for https://www.racingtv.com/results/2023-02-01/dundalk/1452
2025-06-12 23:44:12,239 - INFO - Found 3 <a> tags - Horse: Thatsthat, Jockey: R. C. Colgan (claim: 0), Trainer: Ms Sheila Lavery
2025-06-12 23:44:12,239 - INFO - Position/Length - Found 2 children: Position: 8th, Lost by: 2 1/2 l
2025-06-12 23:44:12,240 - INFO - Extracted: Thatsthat - Position: 8th, Lost by: 2 1/2 l, Jockey: R. C. Colgan (claim: 0), Trainer: Ms Sheila Lavery, Age: 4, Weight: 9-4h1, Rating: -
2025-06-12 23:44:12,240 - INFO - Processing sub block #22 for https://www.racingtv.com/results/2023-02-01/dundalk/1452
2025-06-12 23:44:12,241 - INFO - Found 3 <a> tags - Horse: General Idea, Jockey: J. M. Sheridan (claim: 3), Trainer: Denis Hogan
2025-06-12 23:44:12,241 - INFO - Position/Length - Found 2 children: Position: 7th, Lost by: 3/4 l
2025-06-12 23:44:12,241 - INFO - Extracted: General Idea - Position: 7th, Lost by: 3/4 l, Jockey: J. M. Sheridan (claim: 3), Trainer: Denis Hogan, Age: 4, Weight: 9-9, Rating: -
2025-06-12 23:44:12,242 - INFO - Processing sub block #23 for https://www.racingtv.com/results/2023-02-01/dundalk/1452
2025-06-12 23:44:12,242 - INFO - Found 3 <a> tags - Horse: Isotta (IRE), Jockey: Adam Caffrey (claim: 7), Trainer: Adrian McGuinness
2025-06-12 23:44:12,243 - INFO - Position/Length - Found 2 children: Position: 6th, Lost by: Nose
2025-06-12 23:44:12,243 - INFO - Extracted: Isotta (IRE) - Position: 6th, Lost by: Nose, Jockey: Adam Caffrey (claim: 7), Trainer: Adrian McGuinness, Age: 4, Weight: 9-4, Rating: -
2025-06-12 23:44:12,243 - INFO - Processing sub block #24 for https://www.racingtv.com/results/2023-02-01/dundalk/1452
2025-06-12 23:44:12,244 - INFO - Found 3 <a> tags - Horse: Emperor Of Silk (IRE), Jockey: C. J. MacRedmond (claim: 5), Trainer: Anthony Mullins
2025-06-12 23:44:12,244 - INFO - Position/Length - Found 2 children: Position: 5th, Lost by: 1 1/4 l
2025-06-12 23:44:12,245 - INFO - Extracted: Emperor Of Silk (IRE) - Position: 5th, Lost by: 1 1/4 l, Jockey: C. J. MacRedmond (claim: 5), Trainer: Anthony Mullins, Age: 6, Weight: 9-9, Rating: -
2025-06-12 23:44:12,245 - INFO - Processing sub block #25 for https://www.racingtv.com/results/2023-02-01/dundalk/1452
2025-06-12 23:44:12,246 - INFO - Found 3 <a> tags - Horse: Zawahir, Jockey: C. D. Hayes (claim: 0), Trainer: D. K. Weld
2025-06-12 23:44:12,246 - INFO - Position/Length - Found 2 children: Position: 4th, Lost by: 2 1/4 l
2025-06-12 23:44:12,246 - INFO - Extracted: Zawahir - Position: 4th, Lost by: 2 1/4 l, Jockey: C. D. Hayes (claim: 0), Trainer: D. K. Weld, Age: 4, Weight: 9-4v1, Rating: -
2025-06-12 23:44:12,247 - INFO - Processing sub block #26 for https://www.racingtv.com/results/2023-02-01/dundalk/1452
2025-06-12 23:44:12,247 - INFO - Found 3 <a> tags - Horse: Wrecking Ball Paul (IRE), Jockey: R. P. Cleary (claim: 0), Trainer: P. Mulligan
2025-06-12 23:44:12,248 - INFO - Position/Length - Found 2 children: Position: 3rd, Lost by: 1 3/4 l
2025-06-12 23:44:12,248 - INFO - Extracted: Wrecking Ball Paul (IRE) - Position: 3rd, Lost by: 1 3/4 l, Jockey: R. P. Cleary (claim: 0), Trainer: P. Mulligan, Age: 5, Weight: 9-9t, Rating: -
2025-06-12 23:44:12,249 - INFO - Processing sub block #27 for https://www.racingtv.com/results/2023-02-01/dundalk/1452
2025-06-12 23:44:12,249 - INFO - Found 3 <a> tags - Horse: Banned, Jockey: M. P. Sheehy (claim: 0), Trainer: Joseph Patrick O'Brien
2025-06-12 23:44:12,250 - INFO - Position/Length - Found 2 children: Position: 2nd, Lost by: 3/4 l
2025-06-12 23:44:12,250 - INFO - Extracted: Banned - Position: 2nd, Lost by: 3/4 l, Jockey: M. P. Sheehy (claim: 0), Trainer: Joseph Patrick O'Brien, Age: 4, Weight: 9-4, Rating: -
2025-06-12 23:44:12,251 - INFO - Processing sub block #28 for https://www.racingtv.com/results/2023-02-01/dundalk/1452
2025-06-12 23:44:12,251 - INFO - Found 3 <a> tags - Horse: Rockview Consort, Jockey: Siobhan Rutledge (claim: 5), Trainer: John McConnell
2025-06-12 23:44:12,252 - INFO - Position/Length - Found 1 children: Position: 1st, Lost by: N/A
2025-06-12 23:44:12,253 - INFO - Extracted: Rockview Consort - Position: 1st, Lost by: N/A, Jockey: Siobhan Rutledge (claim: 5), Trainer: John McConnell, Age: 4, Weight: 9-4, Rating: -
2025-06-12 23:44:12,253 - INFO - Successfully extracted 28/28 horse records from https://www.racingtv.com/results/2023-02-01/dundalk/1452
2025-06-12 23:44:12,253 - INFO - :) First place horse found successfully
2025-06-12 23:44:12,254 - INFO - :) First place horse found successfully
2025-06-12 23:44:12,254 - INFO - :) First place horse found successfully
2025-06-12 23:44:12,254 - INFO - :) First place horse found successfully
2025-06-12 23:44:12,254 - INFO - :) First place horse found successfully
2025-06-12 23:44:12,254 - INFO - :) First place horse found successfully
2025-06-12 23:44:12,254 - INFO - :) First place horse found successfully
2025-06-12 23:44:12,254 - INFO - :) First place horse found successfully
2025-06-12 23:44:12,254 - INFO - :) First place horse found successfully
2025-06-12 23:44:12,254 - INFO - :) First place horse found successfully
2025-06-12 23:44:12,256 - INFO - :) First place horse found successfully
2025-06-12 23:44:12,256 - INFO - :) First place horse found successfully
2025-06-12 23:44:12,256 - INFO - :) First place horse found successfully
2025-06-12 23:44:12,256 - INFO - :) First place horse found successfully
2025-06-12 23:44:12,256 - INFO - :) First place horse found successfully
2025-06-12 23:44:12,256 - INFO - :) First place horse found successfully
2025-06-12 23:44:12,257 - INFO - :) First place horse found successfully
2025-06-12 23:44:12,257 - INFO - :) First place horse found successfully
2025-06-12 23:44:12,257 - INFO - :) First place horse found successfully
2025-06-12 23:44:12,257 - INFO - :) First place horse found successfully
2025-06-12 23:44:12,257 - INFO - :) First place horse found successfully
2025-06-12 23:44:12,258 - INFO - :) First place horse found successfully
2025-06-12 23:44:12,258 - INFO - :) First place horse found successfully
2025-06-12 23:44:12,258 - INFO - :) First place horse found successfully
2025-06-12 23:44:12,258 - INFO - :) First place horse found successfully
2025-06-12 23:44:12,258 - INFO - :) First place horse found successfully
2025-06-12 23:44:12,259 - INFO - :) First place horse found successfully
2025-06-12 23:44:12,259 - INFO - :) First place horse found successfully
2025-06-12 23:44:12,259 - INFO - :) First place horse found successfully
2025-06-12 23:44:12,259 - INFO - Successfully parsed 28 horse records from: https://www.racingtv.com/results/2023-02-01/dundalk/1452
2025-06-12 23:44:12,260 - INFO - Waiting 2 seconds before next request...
2025-06-12 23:44:14,260 - INFO - Batch 40 - URL 37/50: https://www.racingtv.com/results/2023-02-01/dundalk/1527
2025-06-12 23:44:14,261 - INFO - Loading page with Selenium: https://www.racingtv.com/results/2023-02-01/dundalk/1527
2025-06-12 23:44:19,078 - INFO - Racing main block detected for: https://www.racingtv.com/results/2023-02-01/dundalk/1527
2025-06-12 23:44:19,151 - INFO - Successfully loaded page: https://www.racingtv.com/results/2023-02-01/dundalk/1527
2025-06-12 23:44:19,268 - INFO - Extracted race info - Track: Dundalk Racing Results | 1st February 2023 15:27, Date: N/A, Time: 15:27
2025-06-12 23:44:19,269 - INFO - Found 2nd h3 tag: Standard  4YO+ 7f Winner: €10,000 (12 runners)
2025-06-12 23:44:19,269 - INFO - Extracted - Going: Standard, Distance: 7f
2025-06-12 23:44:19,270 - INFO - Extracting racing data from: https://www.racingtv.com/results/2023-02-01/dundalk/1527
2025-06-12 23:44:19,282 - INFO - Processing main block #1 for https://www.racingtv.com/results/2023-02-01/dundalk/1527
2025-06-12 23:44:19,290 - INFO - Checking 2nd child of main block for first place horse...
2025-06-12 23:44:19,295 - INFO - Found alternative horse block structure with 3 links
2025-06-12 23:44:19,296 - INFO - Found alternative horse block structure with 3 links
2025-06-12 23:44:19,296 - INFO - Found alternative horse block structure with 3 links
2025-06-12 23:44:19,296 - INFO - Found alternative horse block structure with 3 links
2025-06-12 23:44:19,297 - INFO - Found alternative horse block structure with 3 links
2025-06-12 23:44:19,297 - INFO - Found alternative horse block structure with 3 links
2025-06-12 23:44:19,297 - INFO - Found alternative horse block structure with 3 links
2025-06-12 23:44:19,298 - INFO - Found alternative horse block structure with 3 links
2025-06-12 23:44:19,298 - INFO - Found alternative horse block structure with 3 links
2025-06-12 23:44:19,298 - INFO - Found alternative horse block structure with 3 links
2025-06-12 23:44:19,298 - INFO - Found alternative horse block structure with 3 links
2025-06-12 23:44:19,299 - INFO - Found alternative horse block structure with 3 links
2025-06-12 23:44:19,299 - INFO - Found alternative horse block structure with 3 links
2025-06-12 23:44:19,323 - INFO - Found likely first place horse via structure analysis: Indiana Grey (IRE)
2025-06-12 23:44:19,326 - INFO - Found potential first place horse with background styling
2025-06-12 23:44:19,326 - INFO - Found potential first place horse with background styling
2025-06-12 23:44:19,326 - INFO - Found potential first place horse with background styling
2025-06-12 23:44:19,327 - INFO - Found potential first place horse with background styling
2025-06-12 23:44:19,327 - INFO - Found potential first place horse with background styling
2025-06-12 23:44:19,327 - INFO - Found potential first place horse with background styling
2025-06-12 23:44:19,328 - INFO - Found potential first place horse with background styling
2025-06-12 23:44:19,328 - INFO - Found potential first place horse with background styling
2025-06-12 23:44:19,328 - INFO - Found potential first place horse with background styling
2025-06-12 23:44:19,329 - INFO - Found potential first place horse with background styling
2025-06-12 23:44:19,329 - INFO - Found potential first place horse with background styling
2025-06-12 23:44:19,329 - INFO - Found potential first place horse with background styling
2025-06-12 23:44:19,330 - INFO - Found 26 horse entries for https://www.racingtv.com/results/2023-02-01/dundalk/1527 using multiple detection methods
2025-06-12 23:44:19,330 - INFO - Processing sub block #1 for https://www.racingtv.com/results/2023-02-01/dundalk/1527
2025-06-12 23:44:19,330 - INFO - Found 3 <a> tags - Horse: Beleaguerment (IRE), Jockey: M. P. Sheehy (claim: 0), Trainer: James McAuley
2025-06-12 23:44:19,331 - INFO - Position/Length - Found 1 children: Position: NR, Lost by: N/A
2025-06-12 23:44:19,331 - INFO - Extracted: Beleaguerment (IRE) - Position: NR, Lost by: N/A, Jockey: M. P. Sheehy (claim: 0), Trainer: James McAuley, Age: 7, Weight: 8-13tp, Rating: 48
2025-06-12 23:44:19,331 - INFO - Processing sub block #2 for https://www.racingtv.com/results/2023-02-01/dundalk/1527
2025-06-12 23:44:19,332 - INFO - Found 3 <a> tags - Horse: Easky Maid (IRE), Jockey: S. D. Bowen (claim: 7), Trainer: Edward P. Mitchell
2025-06-12 23:44:19,333 - INFO - Position/Length - Found 2 children: Position: 12th, Lost by: 3/4 l
2025-06-12 23:44:19,333 - INFO - Extracted: Easky Maid (IRE) - Position: 12th, Lost by: 3/4 l, Jockey: S. D. Bowen (claim: 7), Trainer: Edward P. Mitchell, Age: 4, Weight: 8-12tp1, Rating: 47
2025-06-12 23:44:19,333 - INFO - Processing sub block #3 for https://www.racingtv.com/results/2023-02-01/dundalk/1527
2025-06-12 23:44:19,335 - INFO - Found 3 <a> tags - Horse: Prince of Flight, Jockey: K. S. McHugh (claim: 10), Trainer: Denis Hogan
2025-06-12 23:44:19,336 - INFO - Position/Length - Found 2 children: Position: 11th, Lost by: 2 1/2 l
2025-06-12 23:44:19,336 - INFO - Extracted: Prince of Flight - Position: 11th, Lost by: 2 1/2 l, Jockey: K. S. McHugh (claim: 10), Trainer: Denis Hogan, Age: 4, Weight: 9-11, Rating: 60
2025-06-12 23:44:19,336 - INFO - Processing sub block #4 for https://www.racingtv.com/results/2023-02-01/dundalk/1527
2025-06-12 23:44:19,337 - INFO - Found 3 <a> tags - Horse: Shimmerz (IRE), Jockey: N. M. Crosse (claim: 0), Trainer: Charles O'Brien
2025-06-12 23:44:19,337 - INFO - Position/Length - Found 2 children: Position: 10th, Lost by: Neck
2025-06-12 23:44:19,337 - INFO - Extracted: Shimmerz (IRE) - Position: 10th, Lost by: Neck, Jockey: N. M. Crosse (claim: 0), Trainer: Charles O'Brien, Age: 5, Weight: 8-12v1, Rating: 47
2025-06-12 23:44:19,338 - INFO - Processing sub block #5 for https://www.racingtv.com/results/2023-02-01/dundalk/1527
2025-06-12 23:44:19,338 - INFO - Found 3 <a> tags - Horse: Destivelle (IRE), Jockey: J. M. Sheridan (claim: 3), Trainer: Shane Kieran Ryder
2025-06-12 23:44:19,338 - INFO - Position/Length - Found 2 children: Position: 9th, Lost by: 1/2 l
2025-06-12 23:44:19,338 - INFO - Extracted: Destivelle (IRE) - Position: 9th, Lost by: 1/2 l, Jockey: J. M. Sheridan (claim: 3), Trainer: Shane Kieran Ryder, Age: 4, Weight: 8-12b, Rating: 47
2025-06-12 23:44:19,338 - INFO - Processing sub block #6 for https://www.racingtv.com/results/2023-02-01/dundalk/1527
2025-06-12 23:44:19,338 - INFO - Found 3 <a> tags - Horse: Hot Bell, Jockey: Amy Jo Hayes (claim: 7), Trainer: A. Slattery
2025-06-12 23:44:19,338 - INFO - Position/Length - Found 2 children: Position: 8th, Lost by: 2 1/2 l
2025-06-12 23:44:19,338 - INFO - Extracted: Hot Bell - Position: 8th, Lost by: 2 1/2 l, Jockey: Amy Jo Hayes (claim: 7), Trainer: A. Slattery, Age: 5, Weight: 8-12b, Rating: 47
2025-06-12 23:44:19,338 - INFO - Processing sub block #7 for https://www.racingtv.com/results/2023-02-01/dundalk/1527
2025-06-12 23:44:19,342 - INFO - Found 3 <a> tags - Horse: Eruption (IRE), Jockey: G. F. Carroll (claim: 0), Trainer: Matthew J. Smith
2025-06-12 23:44:19,343 - INFO - Position/Length - Found 2 children: Position: 7th, Lost by: 1/2 l
2025-06-12 23:44:19,343 - INFO - Extracted: Eruption (IRE) - Position: 7th, Lost by: 1/2 l, Jockey: G. F. Carroll (claim: 0), Trainer: Matthew J. Smith, Age: 4, Weight: 9-11, Rating: 60
2025-06-12 23:44:19,343 - INFO - Processing sub block #8 for https://www.racingtv.com/results/2023-02-01/dundalk/1527
2025-06-12 23:44:19,344 - INFO - Found 3 <a> tags - Horse: Red Cymbal, Jockey: S. R. Markey (claim: 10), Trainer: Anthony McCann
2025-06-12 23:44:19,344 - INFO - Position/Length - Found 2 children: Position: 6th, Lost by: Short Head
2025-06-12 23:44:19,345 - INFO - Extracted: Red Cymbal - Position: 6th, Lost by: Short Head, Jockey: S. R. Markey (claim: 10), Trainer: Anthony McCann, Age: 8, Weight: 8-12t, Rating: 47
2025-06-12 23:44:19,345 - INFO - Processing sub block #9 for https://www.racingtv.com/results/2023-02-01/dundalk/1527
2025-06-12 23:44:19,345 - INFO - Found 3 <a> tags - Horse: Above It All (IRE), Jockey: Siobhan Rutledge (claim: 5), Trainer: John McConnell
2025-06-12 23:44:19,346 - INFO - Position/Length - Found 2 children: Position: 5th, Lost by: 1 1/4 l
2025-06-12 23:44:19,346 - INFO - Extracted: Above It All (IRE) - Position: 5th, Lost by: 1 1/4 l, Jockey: Siobhan Rutledge (claim: 5), Trainer: John McConnell, Age: 4, Weight: 10-1, Rating: 64
2025-06-12 23:44:19,346 - INFO - Processing sub block #10 for https://www.racingtv.com/results/2023-02-01/dundalk/1527
2025-06-12 23:44:19,347 - INFO - Found 3 <a> tags - Horse: Poet's Pride, Jockey: Declan McDonogh (claim: 0), Trainer: David Marnane
2025-06-12 23:44:19,348 - INFO - Position/Length - Found 2 children: Position: 4th, Lost by: Head
2025-06-12 23:44:19,348 - INFO - Extracted: Poet's Pride - Position: 4th, Lost by: Head, Jockey: Declan McDonogh (claim: 0), Trainer: David Marnane, Age: 8, Weight: 8-12, Rating: 47
2025-06-12 23:44:19,348 - INFO - Processing sub block #11 for https://www.racingtv.com/results/2023-02-01/dundalk/1527
2025-06-12 23:44:19,349 - INFO - Found 3 <a> tags - Horse: Arcanears (IRE), Jockey: William James Lee (claim: 0), Trainer: M. Halford
2025-06-12 23:44:19,349 - INFO - Position/Length - Found 2 children: Position: 3rd, Lost by: 1 1/4 l
2025-06-12 23:44:19,349 - INFO - Extracted: Arcanears (IRE) - Position: 3rd, Lost by: 1 1/4 l, Jockey: William James Lee (claim: 0), Trainer: M. Halford, Age: 8, Weight: 10-2tp, Rating: 65
2025-06-12 23:44:19,349 - INFO - Processing sub block #12 for https://www.racingtv.com/results/2023-02-01/dundalk/1527
2025-06-12 23:44:19,349 - INFO - Found 3 <a> tags - Horse: Royal Tribute (IRE), Jockey: C. T. Keane (claim: 0), Trainer: James McAuley
2025-06-12 23:44:19,352 - INFO - Position/Length - Found 2 children: Position: 2nd, Lost by: 2 1/4 l
2025-06-12 23:44:19,352 - INFO - Extracted: Royal Tribute (IRE) - Position: 2nd, Lost by: 2 1/4 l, Jockey: C. T. Keane (claim: 0), Trainer: James McAuley, Age: 5, Weight: 9-9b, Rating: 58
2025-06-12 23:44:19,352 - INFO - Processing sub block #13 for https://www.racingtv.com/results/2023-02-01/dundalk/1527
2025-06-12 23:44:19,353 - INFO - Found 3 <a> tags - Horse: Indiana Grey (IRE), Jockey: J. Kearney (claim: 7), Trainer: Patrick Martin
2025-06-12 23:44:19,353 - INFO - Position/Length - Found 1 children: Position: 1st, Lost by: N/A
2025-06-12 23:44:19,353 - INFO - Confirmed winner: Indiana Grey (IRE)
2025-06-12 23:44:19,353 - INFO - Extracted: Indiana Grey (IRE) - Position: 1st, Lost by: N/A, Jockey: J. Kearney (claim: 7), Trainer: Patrick Martin, Age: 7, Weight: 9-3tv, Rating: 52
2025-06-12 23:44:19,353 - INFO - Processing sub block #14 for https://www.racingtv.com/results/2023-02-01/dundalk/1527
2025-06-12 23:44:19,353 - INFO - Found 3 <a> tags - Horse: Beleaguerment (IRE), Jockey: M. P. Sheehy (claim: 0), Trainer: James McAuley
2025-06-12 23:44:19,353 - INFO - Position/Length - Found 1 children: Position: NR, Lost by: N/A
2025-06-12 23:44:19,353 - INFO - Extracted: Beleaguerment (IRE) - Position: NR, Lost by: N/A, Jockey: M. P. Sheehy (claim: 0), Trainer: James McAuley, Age: 7, Weight: 8-13tp, Rating: 48
2025-06-12 23:44:19,353 - INFO - Processing sub block #15 for https://www.racingtv.com/results/2023-02-01/dundalk/1527
2025-06-12 23:44:19,353 - INFO - Found 3 <a> tags - Horse: Easky Maid (IRE), Jockey: S. D. Bowen (claim: 7), Trainer: Edward P. Mitchell
2025-06-12 23:44:19,353 - INFO - Position/Length - Found 2 children: Position: 12th, Lost by: 3/4 l
2025-06-12 23:44:19,353 - INFO - Extracted: Easky Maid (IRE) - Position: 12th, Lost by: 3/4 l, Jockey: S. D. Bowen (claim: 7), Trainer: Edward P. Mitchell, Age: 4, Weight: 8-12tp1, Rating: 47
2025-06-12 23:44:19,353 - INFO - Processing sub block #16 for https://www.racingtv.com/results/2023-02-01/dundalk/1527
2025-06-12 23:44:19,358 - INFO - Found 3 <a> tags - Horse: Prince of Flight, Jockey: K. S. McHugh (claim: 10), Trainer: Denis Hogan
2025-06-12 23:44:19,358 - INFO - Position/Length - Found 2 children: Position: 11th, Lost by: 2 1/2 l
2025-06-12 23:44:19,359 - INFO - Extracted: Prince of Flight - Position: 11th, Lost by: 2 1/2 l, Jockey: K. S. McHugh (claim: 10), Trainer: Denis Hogan, Age: 4, Weight: 9-11, Rating: 60
2025-06-12 23:44:19,359 - INFO - Processing sub block #17 for https://www.racingtv.com/results/2023-02-01/dundalk/1527
2025-06-12 23:44:19,359 - INFO - Found 3 <a> tags - Horse: Shimmerz (IRE), Jockey: N. M. Crosse (claim: 0), Trainer: Charles O'Brien
2025-06-12 23:44:19,360 - INFO - Position/Length - Found 2 children: Position: 10th, Lost by: Neck
2025-06-12 23:44:19,360 - INFO - Extracted: Shimmerz (IRE) - Position: 10th, Lost by: Neck, Jockey: N. M. Crosse (claim: 0), Trainer: Charles O'Brien, Age: 5, Weight: 8-12v1, Rating: 47
2025-06-12 23:44:19,360 - INFO - Processing sub block #18 for https://www.racingtv.com/results/2023-02-01/dundalk/1527
2025-06-12 23:44:19,361 - INFO - Found 3 <a> tags - Horse: Destivelle (IRE), Jockey: J. M. Sheridan (claim: 3), Trainer: Shane Kieran Ryder
2025-06-12 23:44:19,361 - INFO - Position/Length - Found 2 children: Position: 9th, Lost by: 1/2 l
2025-06-12 23:44:19,361 - INFO - Extracted: Destivelle (IRE) - Position: 9th, Lost by: 1/2 l, Jockey: J. M. Sheridan (claim: 3), Trainer: Shane Kieran Ryder, Age: 4, Weight: 8-12b, Rating: 47
2025-06-12 23:44:19,362 - INFO - Processing sub block #19 for https://www.racingtv.com/results/2023-02-01/dundalk/1527
2025-06-12 23:44:19,363 - INFO - Found 3 <a> tags - Horse: Hot Bell, Jockey: Amy Jo Hayes (claim: 7), Trainer: A. Slattery
2025-06-12 23:44:19,363 - INFO - Position/Length - Found 2 children: Position: 8th, Lost by: 2 1/2 l
2025-06-12 23:44:19,363 - INFO - Extracted: Hot Bell - Position: 8th, Lost by: 2 1/2 l, Jockey: Amy Jo Hayes (claim: 7), Trainer: A. Slattery, Age: 5, Weight: 8-12b, Rating: 47
2025-06-12 23:44:19,363 - INFO - Processing sub block #20 for https://www.racingtv.com/results/2023-02-01/dundalk/1527
2025-06-12 23:44:19,364 - INFO - Found 3 <a> tags - Horse: Eruption (IRE), Jockey: G. F. Carroll (claim: 0), Trainer: Matthew J. Smith
2025-06-12 23:44:19,364 - INFO - Position/Length - Found 2 children: Position: 7th, Lost by: 1/2 l
2025-06-12 23:44:19,364 - INFO - Extracted: Eruption (IRE) - Position: 7th, Lost by: 1/2 l, Jockey: G. F. Carroll (claim: 0), Trainer: Matthew J. Smith, Age: 4, Weight: 9-11, Rating: 60
2025-06-12 23:44:19,364 - INFO - Processing sub block #21 for https://www.racingtv.com/results/2023-02-01/dundalk/1527
2025-06-12 23:44:19,366 - INFO - Found 3 <a> tags - Horse: Red Cymbal, Jockey: S. R. Markey (claim: 10), Trainer: Anthony McCann
2025-06-12 23:44:19,366 - INFO - Position/Length - Found 2 children: Position: 6th, Lost by: Short Head
2025-06-12 23:44:19,366 - INFO - Extracted: Red Cymbal - Position: 6th, Lost by: Short Head, Jockey: S. R. Markey (claim: 10), Trainer: Anthony McCann, Age: 8, Weight: 8-12t, Rating: 47
2025-06-12 23:44:19,366 - INFO - Processing sub block #22 for https://www.racingtv.com/results/2023-02-01/dundalk/1527
2025-06-12 23:44:19,366 - INFO - Found 3 <a> tags - Horse: Above It All (IRE), Jockey: Siobhan Rutledge (claim: 5), Trainer: John McConnell
2025-06-12 23:44:19,369 - INFO - Position/Length - Found 2 children: Position: 5th, Lost by: 1 1/4 l
2025-06-12 23:44:19,369 - INFO - Extracted: Above It All (IRE) - Position: 5th, Lost by: 1 1/4 l, Jockey: Siobhan Rutledge (claim: 5), Trainer: John McConnell, Age: 4, Weight: 10-1, Rating: 64
2025-06-12 23:44:19,370 - INFO - Processing sub block #23 for https://www.racingtv.com/results/2023-02-01/dundalk/1527
2025-06-12 23:44:19,370 - INFO - Found 3 <a> tags - Horse: Poet's Pride, Jockey: Declan McDonogh (claim: 0), Trainer: David Marnane
2025-06-12 23:44:19,371 - INFO - Position/Length - Found 2 children: Position: 4th, Lost by: Head
2025-06-12 23:44:19,371 - INFO - Extracted: Poet's Pride - Position: 4th, Lost by: Head, Jockey: Declan McDonogh (claim: 0), Trainer: David Marnane, Age: 8, Weight: 8-12, Rating: 47
2025-06-12 23:44:19,371 - INFO - Processing sub block #24 for https://www.racingtv.com/results/2023-02-01/dundalk/1527
2025-06-12 23:44:19,372 - INFO - Found 3 <a> tags - Horse: Arcanears (IRE), Jockey: William James Lee (claim: 0), Trainer: M. Halford
2025-06-12 23:44:19,372 - INFO - Position/Length - Found 2 children: Position: 3rd, Lost by: 1 1/4 l
2025-06-12 23:44:19,372 - INFO - Extracted: Arcanears (IRE) - Position: 3rd, Lost by: 1 1/4 l, Jockey: William James Lee (claim: 0), Trainer: M. Halford, Age: 8, Weight: 10-2tp, Rating: 65
2025-06-12 23:44:19,373 - INFO - Processing sub block #25 for https://www.racingtv.com/results/2023-02-01/dundalk/1527
2025-06-12 23:44:19,373 - INFO - Found 3 <a> tags - Horse: Royal Tribute (IRE), Jockey: C. T. Keane (claim: 0), Trainer: James McAuley
2025-06-12 23:44:19,373 - INFO - Position/Length - Found 2 children: Position: 2nd, Lost by: 2 1/4 l
2025-06-12 23:44:19,374 - INFO - Extracted: Royal Tribute (IRE) - Position: 2nd, Lost by: 2 1/4 l, Jockey: C. T. Keane (claim: 0), Trainer: James McAuley, Age: 5, Weight: 9-9b, Rating: 58
2025-06-12 23:44:19,374 - INFO - Processing sub block #26 for https://www.racingtv.com/results/2023-02-01/dundalk/1527
2025-06-12 23:44:19,374 - INFO - Found 3 <a> tags - Horse: Indiana Grey (IRE), Jockey: J. Kearney (claim: 7), Trainer: Patrick Martin
2025-06-12 23:44:19,374 - INFO - Position/Length - Found 1 children: Position: 1st, Lost by: N/A
2025-06-12 23:44:19,374 - INFO - Extracted: Indiana Grey (IRE) - Position: 1st, Lost by: N/A, Jockey: J. Kearney (claim: 7), Trainer: Patrick Martin, Age: 7, Weight: 9-3tv, Rating: 52
2025-06-12 23:44:19,374 - INFO - Successfully extracted 26/26 horse records from https://www.racingtv.com/results/2023-02-01/dundalk/1527
2025-06-12 23:44:19,374 - INFO - :) First place horse found successfully
2025-06-12 23:44:19,374 - INFO - :) First place horse found successfully
2025-06-12 23:44:19,374 - INFO - :) First place horse found successfully
2025-06-12 23:44:19,374 - INFO - :) First place horse found successfully
2025-06-12 23:44:19,374 - INFO - :) First place horse found successfully
2025-06-12 23:44:19,374 - INFO - :) First place horse found successfully
2025-06-12 23:44:19,374 - INFO - :) First place horse found successfully
2025-06-12 23:44:19,378 - INFO - :) First place horse found successfully
2025-06-12 23:44:19,378 - INFO - :) First place horse found successfully
2025-06-12 23:44:19,378 - INFO - :) First place horse found successfully
2025-06-12 23:44:19,378 - INFO - :) First place horse found successfully
2025-06-12 23:44:19,378 - INFO - :) First place horse found successfully
2025-06-12 23:44:19,378 - INFO - :) First place horse found successfully
2025-06-12 23:44:19,378 - INFO - :) First place horse found successfully
2025-06-12 23:44:19,379 - INFO - :) First place horse found successfully
2025-06-12 23:44:19,379 - INFO - :) First place horse found successfully
2025-06-12 23:44:19,379 - INFO - :) First place horse found successfully
2025-06-12 23:44:19,379 - INFO - :) First place horse found successfully
2025-06-12 23:44:19,379 - INFO - :) First place horse found successfully
2025-06-12 23:44:19,380 - INFO - :) First place horse found successfully
2025-06-12 23:44:19,380 - INFO - :) First place horse found successfully
2025-06-12 23:44:19,380 - INFO - :) First place horse found successfully
2025-06-12 23:44:19,380 - INFO - :) First place horse found successfully
2025-06-12 23:44:19,380 - INFO - :) First place horse found successfully
2025-06-12 23:44:19,380 - INFO - :) First place horse found successfully
2025-06-12 23:44:19,381 - INFO - :) First place horse found successfully
2025-06-12 23:44:19,381 - INFO - :) First place horse found successfully
2025-06-12 23:44:19,381 - INFO - Successfully parsed 26 horse records from: https://www.racingtv.com/results/2023-02-01/dundalk/1527
2025-06-12 23:44:19,381 - INFO - Waiting 2 seconds before next request...
2025-06-12 23:44:21,382 - INFO - Batch 40 - URL 38/50: https://www.racingtv.com/results/2023-02-01/dundalk/1602
2025-06-12 23:44:21,382 - INFO - Loading page with Selenium: https://www.racingtv.com/results/2023-02-01/dundalk/1602
2025-06-12 23:44:26,153 - INFO - Racing main block detected for: https://www.racingtv.com/results/2023-02-01/dundalk/1602
2025-06-12 23:44:26,217 - INFO - Successfully loaded page: https://www.racingtv.com/results/2023-02-01/dundalk/1602
2025-06-12 23:44:26,342 - INFO - Extracted race info - Track: Dundalk Racing Results | 1st February 2023 16:02, Date: N/A, Time: 16:02
2025-06-12 23:44:26,342 - INFO - Found 2nd h3 tag: Standard  4YO+ 7f Winner: €10,000 (13 runners)
2025-06-12 23:44:26,342 - INFO - Extracted - Going: Standard, Distance: 7f
2025-06-12 23:44:26,342 - INFO - Extracting racing data from: https://www.racingtv.com/results/2023-02-01/dundalk/1602
2025-06-12 23:44:26,361 - INFO - Processing main block #1 for https://www.racingtv.com/results/2023-02-01/dundalk/1602
2025-06-12 23:44:26,368 - INFO - Checking 2nd child of main block for first place horse...
2025-06-12 23:44:26,368 - INFO - Found alternative horse block structure with 3 links
2025-06-12 23:44:26,368 - INFO - Found alternative horse block structure with 3 links
2025-06-12 23:44:26,368 - INFO - Found alternative horse block structure with 3 links
2025-06-12 23:44:26,376 - INFO - Found alternative horse block structure with 3 links
2025-06-12 23:44:26,376 - INFO - Found alternative horse block structure with 3 links
2025-06-12 23:44:26,376 - INFO - Found alternative horse block structure with 3 links
2025-06-12 23:44:26,377 - INFO - Found alternative horse block structure with 3 links
2025-06-12 23:44:26,377 - INFO - Found alternative horse block structure with 3 links
2025-06-12 23:44:26,377 - INFO - Found alternative horse block structure with 3 links
2025-06-12 23:44:26,377 - INFO - Found alternative horse block structure with 3 links
2025-06-12 23:44:26,378 - INFO - Found alternative horse block structure with 3 links
2025-06-12 23:44:26,378 - INFO - Found alternative horse block structure with 3 links
2025-06-12 23:44:26,378 - INFO - Found alternative horse block structure with 3 links
2025-06-12 23:44:26,402 - INFO - Found likely first place horse via structure analysis: Circles (IRE)
2025-06-12 23:44:26,404 - INFO - Found potential first place horse with background styling
2025-06-12 23:44:26,405 - INFO - Found potential first place horse with background styling
2025-06-12 23:44:26,405 - INFO - Found potential first place horse with background styling
2025-06-12 23:44:26,406 - INFO - Found potential first place horse with background styling
2025-06-12 23:44:26,406 - INFO - Found potential first place horse with background styling
2025-06-12 23:44:26,406 - INFO - Found potential first place horse with background styling
2025-06-12 23:44:26,406 - INFO - Found potential first place horse with background styling
2025-06-12 23:44:26,407 - INFO - Found potential first place horse with background styling
2025-06-12 23:44:26,407 - INFO - Found potential first place horse with background styling
2025-06-12 23:44:26,407 - INFO - Found potential first place horse with background styling
2025-06-12 23:44:26,408 - INFO - Found potential first place horse with background styling
2025-06-12 23:44:26,408 - INFO - Found potential first place horse with background styling
2025-06-12 23:44:26,409 - INFO - Found 26 horse entries for https://www.racingtv.com/results/2023-02-01/dundalk/1602 using multiple detection methods
2025-06-12 23:44:26,409 - INFO - Processing sub block #1 for https://www.racingtv.com/results/2023-02-01/dundalk/1602
2025-06-12 23:44:26,409 - INFO - Found 3 <a> tags - Horse: Adatorio, Jockey: J. M. Sheridan (claim: 3), Trainer: Denis Hogan
2025-06-12 23:44:26,410 - INFO - Position/Length - Found 2 children: Position: 13th, Lost by: 5 1/2 l
2025-06-12 23:44:26,410 - INFO - Extracted: Adatorio - Position: 13th, Lost by: 5 1/2 l, Jockey: J. M. Sheridan (claim: 3), Trainer: Denis Hogan, Age: 4, Weight: 9-11, Rating: 60
2025-06-12 23:44:26,411 - INFO - Processing sub block #2 for https://www.racingtv.com/results/2023-02-01/dundalk/1602
2025-06-12 23:44:26,411 - INFO - Found 3 <a> tags - Horse: Numoor, Jockey: Cillian McConnell (claim: 7), Trainer: John McConnell
2025-06-12 23:44:26,412 - INFO - Position/Length - Found 2 children: Position: 12th, Lost by: 1 3/4 l
2025-06-12 23:44:26,412 - INFO - Extracted: Numoor - Position: 12th, Lost by: 1 3/4 l, Jockey: Cillian McConnell (claim: 7), Trainer: John McConnell, Age: 5, Weight: 9-8tv, Rating: 57
2025-06-12 23:44:26,412 - INFO - Processing sub block #3 for https://www.racingtv.com/results/2023-02-01/dundalk/1602
2025-06-12 23:44:26,413 - INFO - Found 3 <a> tags - Horse: El Valle (IRE), Jockey: C. D. Hayes (claim: 0), Trainer: Craig O'Neill
2025-06-12 23:44:26,414 - INFO - Position/Length - Found 2 children: Position: 11th, Lost by: Nose
2025-06-12 23:44:26,414 - INFO - Extracted: El Valle (IRE) - Position: 11th, Lost by: Nose, Jockey: C. D. Hayes (claim: 0), Trainer: Craig O'Neill, Age: 4, Weight: 9-6, Rating: 55
2025-06-12 23:44:26,414 - INFO - Processing sub block #4 for https://www.racingtv.com/results/2023-02-01/dundalk/1602
2025-06-12 23:44:26,415 - INFO - Found 3 <a> tags - Horse: Fox Leicester (IRE), Jockey: Julie Burke (claim: 0), Trainer: John Michael Burke
2025-06-12 23:44:26,416 - INFO - Position/Length - Found 2 children: Position: 10th, Lost by: 1/2 l
2025-06-12 23:44:26,416 - INFO - Extracted: Fox Leicester (IRE) - Position: 10th, Lost by: 1/2 l, Jockey: Julie Burke (claim: 0), Trainer: John Michael Burke, Age: 7, Weight: 9-13eb, Rating: 62
2025-06-12 23:44:26,416 - INFO - Processing sub block #5 for https://www.racingtv.com/results/2023-02-01/dundalk/1602
2025-06-12 23:44:26,417 - INFO - Found 3 <a> tags - Horse: Markievicz (IRE), Jockey: R. C. Colgan (claim: 0), Trainer: Ms Sheila Lavery
2025-06-12 23:44:26,418 - INFO - Position/Length - Found 2 children: Position: 9th, Lost by: Short Head
2025-06-12 23:44:26,418 - INFO - Extracted: Markievicz (IRE) - Position: 9th, Lost by: Short Head, Jockey: R. C. Colgan (claim: 0), Trainer: Ms Sheila Lavery, Age: 5, Weight: 8-12, Rating: 47
2025-06-12 23:44:26,418 - INFO - Processing sub block #6 for https://www.racingtv.com/results/2023-02-01/dundalk/1602
2025-06-12 23:44:26,419 - INFO - Found 3 <a> tags - Horse: Sister Lola (IRE), Jockey: William James Lee (claim: 0), Trainer: James McAuley
2025-06-12 23:44:26,420 - INFO - Position/Length - Found 2 children: Position: 8th, Lost by: Neck
2025-06-12 23:44:26,420 - INFO - Extracted: Sister Lola (IRE) - Position: 8th, Lost by: Neck, Jockey: William James Lee (claim: 0), Trainer: James McAuley, Age: 6, Weight: 9-10tp, Rating: 59
2025-06-12 23:44:26,420 - INFO - Processing sub block #7 for https://www.racingtv.com/results/2023-02-01/dundalk/1602
2025-06-12 23:44:26,420 - INFO - Found 3 <a> tags - Horse: Happaugue (IRE), Jockey: D. W. O'Connor (claim: 0), Trainer: John McConnell
2025-06-12 23:44:26,421 - INFO - Position/Length - Found 2 children: Position: 7th, Lost by: 1/2 l
2025-06-12 23:44:26,421 - INFO - Extracted: Happaugue (IRE) - Position: 7th, Lost by: 1/2 l, Jockey: D. W. O'Connor (claim: 0), Trainer: John McConnell, Age: 7, Weight: 9-8, Rating: 57
2025-06-12 23:44:26,422 - INFO - Processing sub block #8 for https://www.racingtv.com/results/2023-02-01/dundalk/1602
2025-06-12 23:44:26,422 - INFO - Found 3 <a> tags - Horse: Dutch Glory (IRE), Jockey: Siobhan Rutledge (claim: 5), Trainer: Ross O'Sullivan
2025-06-12 23:44:26,423 - INFO - Position/Length - Found 2 children: Position: 6th, Lost by: Neck
2025-06-12 23:44:26,423 - INFO - Extracted: Dutch Glory (IRE) - Position: 6th, Lost by: Neck, Jockey: Siobhan Rutledge (claim: 5), Trainer: Ross O'Sullivan, Age: 4, Weight: 9-12, Rating: 61
2025-06-12 23:44:26,423 - INFO - Processing sub block #9 for https://www.racingtv.com/results/2023-02-01/dundalk/1602
2025-06-12 23:44:26,424 - INFO - Found 3 <a> tags - Horse: Caesar's Comet (IRE), Jockey: Declan McDonogh (claim: 0), Trainer: James McAuley
2025-06-12 23:44:26,425 - INFO - Position/Length - Found 2 children: Position: 5th, Lost by: 1/2 l
2025-06-12 23:44:26,425 - INFO - Extracted: Caesar's Comet (IRE) - Position: 5th, Lost by: 1/2 l, Jockey: Declan McDonogh (claim: 0), Trainer: James McAuley, Age: 9, Weight: 8-12v, Rating: 47
2025-06-12 23:44:26,425 - INFO - Processing sub block #10 for https://www.racingtv.com/results/2023-02-01/dundalk/1602
2025-06-12 23:44:26,426 - INFO - Found 3 <a> tags - Horse: Selective Power (IRE), Jockey: J. J. G. Ryan (claim: 7), Trainer: Edward Lynam
2025-06-12 23:44:26,426 - INFO - Position/Length - Found 2 children: Position: 4th, Lost by: 1 l
2025-06-12 23:44:26,427 - INFO - Extracted: Selective Power (IRE) - Position: 4th, Lost by: 1 l, Jockey: J. J. G. Ryan (claim: 7), Trainer: Edward Lynam, Age: 4, Weight: 9-8b1, Rating: 57
2025-06-12 23:44:26,427 - INFO - Processing sub block #11 for https://www.racingtv.com/results/2023-02-01/dundalk/1602
2025-06-12 23:44:26,427 - INFO - Found 3 <a> tags - Horse: Scarlet Dancer (IRE), Jockey: C. T. Keane (claim: 0), Trainer: James McAuley
2025-06-12 23:44:26,428 - INFO - Position/Length - Found 2 children: Position: 3rd, Lost by: Head
2025-06-12 23:44:26,428 - INFO - Extracted: Scarlet Dancer (IRE) - Position: 3rd, Lost by: Head, Jockey: C. T. Keane (claim: 0), Trainer: James McAuley, Age: 4, Weight: 10-2p, Rating: 65
2025-06-12 23:44:26,428 - INFO - Processing sub block #12 for https://www.racingtv.com/results/2023-02-01/dundalk/1602
2025-06-12 23:44:26,429 - INFO - Found 3 <a> tags - Horse: The Cola Brasil, Jockey: C. Martins (claim: 0), Trainer: Michael J. Browne
2025-06-12 23:44:26,430 - INFO - Position/Length - Found 2 children: Position: 2nd, Lost by: 4 l
2025-06-12 23:44:26,430 - INFO - Extracted: The Cola Brasil - Position: 2nd, Lost by: 4 l, Jockey: C. Martins (claim: 0), Trainer: Michael J. Browne, Age: 7, Weight: 9-11tp, Rating: 60
2025-06-12 23:44:26,430 - INFO - Processing sub block #13 for https://www.racingtv.com/results/2023-02-01/dundalk/1602
2025-06-12 23:44:26,431 - INFO - Found 3 <a> tags - Horse: Circles (IRE), Jockey: Seamie Heffernan (claim: 0), Trainer: Anthony McCann
2025-06-12 23:44:26,431 - INFO - Position/Length - Found 1 children: Position: 1st, Lost by: N/A
2025-06-12 23:44:26,432 - INFO - Confirmed winner: Circles (IRE)
2025-06-12 23:44:26,432 - INFO - Extracted: Circles (IRE) - Position: 1st, Lost by: N/A, Jockey: Seamie Heffernan (claim: 0), Trainer: Anthony McCann, Age: 4, Weight: 9-4t, Rating: 53
2025-06-12 23:44:26,432 - INFO - Processing sub block #14 for https://www.racingtv.com/results/2023-02-01/dundalk/1602
2025-06-12 23:44:26,432 - INFO - Found 3 <a> tags - Horse: Adatorio, Jockey: J. M. Sheridan (claim: 3), Trainer: Denis Hogan
2025-06-12 23:44:26,433 - INFO - Position/Length - Found 2 children: Position: 13th, Lost by: 5 1/2 l
2025-06-12 23:44:26,434 - INFO - Extracted: Adatorio - Position: 13th, Lost by: 5 1/2 l, Jockey: J. M. Sheridan (claim: 3), Trainer: Denis Hogan, Age: 4, Weight: 9-11, Rating: 60
2025-06-12 23:44:26,434 - INFO - Processing sub block #15 for https://www.racingtv.com/results/2023-02-01/dundalk/1602
2025-06-12 23:44:26,435 - INFO - Found 3 <a> tags - Horse: Numoor, Jockey: Cillian McConnell (claim: 7), Trainer: John McConnell
2025-06-12 23:44:26,435 - INFO - Position/Length - Found 2 children: Position: 12th, Lost by: 1 3/4 l
2025-06-12 23:44:26,435 - INFO - Extracted: Numoor - Position: 12th, Lost by: 1 3/4 l, Jockey: Cillian McConnell (claim: 7), Trainer: John McConnell, Age: 5, Weight: 9-8tv, Rating: 57
2025-06-12 23:44:26,436 - INFO - Processing sub block #16 for https://www.racingtv.com/results/2023-02-01/dundalk/1602
2025-06-12 23:44:26,436 - INFO - Found 3 <a> tags - Horse: El Valle (IRE), Jockey: C. D. Hayes (claim: 0), Trainer: Craig O'Neill
2025-06-12 23:44:26,437 - INFO - Position/Length - Found 2 children: Position: 11th, Lost by: Nose
2025-06-12 23:44:26,437 - INFO - Extracted: El Valle (IRE) - Position: 11th, Lost by: Nose, Jockey: C. D. Hayes (claim: 0), Trainer: Craig O'Neill, Age: 4, Weight: 9-6, Rating: 55
2025-06-12 23:44:26,437 - INFO - Processing sub block #17 for https://www.racingtv.com/results/2023-02-01/dundalk/1602
2025-06-12 23:44:26,438 - INFO - Found 3 <a> tags - Horse: Fox Leicester (IRE), Jockey: Julie Burke (claim: 0), Trainer: John Michael Burke
2025-06-12 23:44:26,438 - INFO - Position/Length - Found 2 children: Position: 10th, Lost by: 1/2 l
2025-06-12 23:44:26,438 - INFO - Extracted: Fox Leicester (IRE) - Position: 10th, Lost by: 1/2 l, Jockey: Julie Burke (claim: 0), Trainer: John Michael Burke, Age: 7, Weight: 9-13eb, Rating: 62
2025-06-12 23:44:26,438 - INFO - Processing sub block #18 for https://www.racingtv.com/results/2023-02-01/dundalk/1602
2025-06-12 23:44:26,439 - INFO - Found 3 <a> tags - Horse: Markievicz (IRE), Jockey: R. C. Colgan (claim: 0), Trainer: Ms Sheila Lavery
2025-06-12 23:44:26,440 - INFO - Position/Length - Found 2 children: Position: 9th, Lost by: Short Head
2025-06-12 23:44:26,440 - INFO - Extracted: Markievicz (IRE) - Position: 9th, Lost by: Short Head, Jockey: R. C. Colgan (claim: 0), Trainer: Ms Sheila Lavery, Age: 5, Weight: 8-12, Rating: 47
2025-06-12 23:44:26,440 - INFO - Processing sub block #19 for https://www.racingtv.com/results/2023-02-01/dundalk/1602
2025-06-12 23:44:26,440 - INFO - Found 3 <a> tags - Horse: Sister Lola (IRE), Jockey: William James Lee (claim: 0), Trainer: James McAuley
2025-06-12 23:44:26,441 - INFO - Position/Length - Found 2 children: Position: 8th, Lost by: Neck
2025-06-12 23:44:26,441 - INFO - Extracted: Sister Lola (IRE) - Position: 8th, Lost by: Neck, Jockey: William James Lee (claim: 0), Trainer: James McAuley, Age: 6, Weight: 9-10tp, Rating: 59
2025-06-12 23:44:26,441 - INFO - Processing sub block #20 for https://www.racingtv.com/results/2023-02-01/dundalk/1602
2025-06-12 23:44:26,442 - INFO - Found 3 <a> tags - Horse: Happaugue (IRE), Jockey: D. W. O'Connor (claim: 0), Trainer: John McConnell
2025-06-12 23:44:26,443 - INFO - Position/Length - Found 2 children: Position: 7th, Lost by: 1/2 l
2025-06-12 23:44:26,443 - INFO - Extracted: Happaugue (IRE) - Position: 7th, Lost by: 1/2 l, Jockey: D. W. O'Connor (claim: 0), Trainer: John McConnell, Age: 7, Weight: 9-8, Rating: 57
2025-06-12 23:44:26,443 - INFO - Processing sub block #21 for https://www.racingtv.com/results/2023-02-01/dundalk/1602
2025-06-12 23:44:26,443 - INFO - Found 3 <a> tags - Horse: Dutch Glory (IRE), Jockey: Siobhan Rutledge (claim: 5), Trainer: Ross O'Sullivan
2025-06-12 23:44:26,443 - INFO - Position/Length - Found 2 children: Position: 6th, Lost by: Neck
2025-06-12 23:44:26,445 - INFO - Extracted: Dutch Glory (IRE) - Position: 6th, Lost by: Neck, Jockey: Siobhan Rutledge (claim: 5), Trainer: Ross O'Sullivan, Age: 4, Weight: 9-12, Rating: 61
2025-06-12 23:44:26,445 - INFO - Processing sub block #22 for https://www.racingtv.com/results/2023-02-01/dundalk/1602
2025-06-12 23:44:26,445 - INFO - Found 3 <a> tags - Horse: Caesar's Comet (IRE), Jockey: Declan McDonogh (claim: 0), Trainer: James McAuley
2025-06-12 23:44:26,446 - INFO - Position/Length - Found 2 children: Position: 5th, Lost by: 1/2 l
2025-06-12 23:44:26,446 - INFO - Extracted: Caesar's Comet (IRE) - Position: 5th, Lost by: 1/2 l, Jockey: Declan McDonogh (claim: 0), Trainer: James McAuley, Age: 9, Weight: 8-12v, Rating: 47
2025-06-12 23:44:26,446 - INFO - Processing sub block #23 for https://www.racingtv.com/results/2023-02-01/dundalk/1602
2025-06-12 23:44:26,447 - INFO - Found 3 <a> tags - Horse: Selective Power (IRE), Jockey: J. J. G. Ryan (claim: 7), Trainer: Edward Lynam
2025-06-12 23:44:26,448 - INFO - Position/Length - Found 2 children: Position: 4th, Lost by: 1 l
2025-06-12 23:44:26,448 - INFO - Extracted: Selective Power (IRE) - Position: 4th, Lost by: 1 l, Jockey: J. J. G. Ryan (claim: 7), Trainer: Edward Lynam, Age: 4, Weight: 9-8b1, Rating: 57
2025-06-12 23:44:26,448 - INFO - Processing sub block #24 for https://www.racingtv.com/results/2023-02-01/dundalk/1602
2025-06-12 23:44:26,449 - INFO - Found 3 <a> tags - Horse: Scarlet Dancer (IRE), Jockey: C. T. Keane (claim: 0), Trainer: James McAuley
2025-06-12 23:44:26,449 - INFO - Position/Length - Found 2 children: Position: 3rd, Lost by: Head
2025-06-12 23:44:26,449 - INFO - Extracted: Scarlet Dancer (IRE) - Position: 3rd, Lost by: Head, Jockey: C. T. Keane (claim: 0), Trainer: James McAuley, Age: 4, Weight: 10-2p, Rating: 65
2025-06-12 23:44:26,450 - INFO - Processing sub block #25 for https://www.racingtv.com/results/2023-02-01/dundalk/1602
2025-06-12 23:44:26,450 - INFO - Found 3 <a> tags - Horse: The Cola Brasil, Jockey: C. Martins (claim: 0), Trainer: Michael J. Browne
2025-06-12 23:44:26,451 - INFO - Position/Length - Found 2 children: Position: 2nd, Lost by: 4 l
2025-06-12 23:44:26,452 - INFO - Extracted: The Cola Brasil - Position: 2nd, Lost by: 4 l, Jockey: C. Martins (claim: 0), Trainer: Michael J. Browne, Age: 7, Weight: 9-11tp, Rating: 60
2025-06-12 23:44:26,452 - INFO - Processing sub block #26 for https://www.racingtv.com/results/2023-02-01/dundalk/1602
2025-06-12 23:44:26,452 - INFO - Found 3 <a> tags - Horse: Circles (IRE), Jockey: Seamie Heffernan (claim: 0), Trainer: Anthony McCann
2025-06-12 23:44:26,453 - INFO - Position/Length - Found 1 children: Position: 1st, Lost by: N/A
2025-06-12 23:44:26,453 - INFO - Extracted: Circles (IRE) - Position: 1st, Lost by: N/A, Jockey: Seamie Heffernan (claim: 0), Trainer: Anthony McCann, Age: 4, Weight: 9-4t, Rating: 53
2025-06-12 23:44:26,453 - INFO - Successfully extracted 26/26 horse records from https://www.racingtv.com/results/2023-02-01/dundalk/1602
2025-06-12 23:44:26,454 - INFO - :) First place horse found successfully
2025-06-12 23:44:26,454 - INFO - :) First place horse found successfully
2025-06-12 23:44:26,454 - INFO - :) First place horse found successfully
2025-06-12 23:44:26,454 - INFO - :) First place horse found successfully
2025-06-12 23:44:26,454 - INFO - :) First place horse found successfully
2025-06-12 23:44:26,455 - INFO - :) First place horse found successfully
2025-06-12 23:44:26,455 - INFO - :) First place horse found successfully
2025-06-12 23:44:26,455 - INFO - :) First place horse found successfully
2025-06-12 23:44:26,455 - INFO - :) First place horse found successfully
2025-06-12 23:44:26,455 - INFO - :) First place horse found successfully
2025-06-12 23:44:26,455 - INFO - :) First place horse found successfully
2025-06-12 23:44:26,456 - INFO - :) First place horse found successfully
2025-06-12 23:44:26,456 - INFO - :) First place horse found successfully
2025-06-12 23:44:26,456 - INFO - :) First place horse found successfully
2025-06-12 23:44:26,456 - INFO - :) First place horse found successfully
2025-06-12 23:44:26,456 - INFO - :) First place horse found successfully
2025-06-12 23:44:26,456 - INFO - :) First place horse found successfully
2025-06-12 23:44:26,457 - INFO - :) First place horse found successfully
2025-06-12 23:44:26,457 - INFO - :) First place horse found successfully
2025-06-12 23:44:26,457 - INFO - :) First place horse found successfully
2025-06-12 23:44:26,457 - INFO - :) First place horse found successfully
2025-06-12 23:44:26,457 - INFO - :) First place horse found successfully
2025-06-12 23:44:26,457 - INFO - :) First place horse found successfully
2025-06-12 23:44:26,458 - INFO - :) First place horse found successfully
2025-06-12 23:44:26,458 - INFO - :) First place horse found successfully
2025-06-12 23:44:26,458 - INFO - :) First place horse found successfully
2025-06-12 23:44:26,458 - INFO - :) First place horse found successfully
2025-06-12 23:44:26,458 - INFO - Successfully parsed 26 horse records from: https://www.racingtv.com/results/2023-02-01/dundalk/1602
2025-06-12 23:44:26,458 - INFO - Waiting 2 seconds before next request...
2025-06-12 23:44:28,460 - INFO - Batch 40 - URL 39/50: https://www.racingtv.com/results/2023-02-01/dundalk/1637
2025-06-12 23:44:28,460 - INFO - Loading page with Selenium: https://www.racingtv.com/results/2023-02-01/dundalk/1637
2025-06-12 23:44:33,244 - INFO - Racing main block detected for: https://www.racingtv.com/results/2023-02-01/dundalk/1637
2025-06-12 23:44:33,267 - INFO - Successfully loaded page: https://www.racingtv.com/results/2023-02-01/dundalk/1637
2025-06-12 23:44:33,375 - INFO - Extracted race info - Track: Dundalk Racing Results | 1st February 2023 16:37, Date: N/A, Time: 16:37
2025-06-12 23:44:33,375 - INFO - Found 2nd h3 tag: Standard  4YO+ 7f Winner: €15,500 (8 runners)
2025-06-12 23:44:33,375 - INFO - Extracted - Going: Standard, Distance: 7f
2025-06-12 23:44:33,375 - INFO - Extracting racing data from: https://www.racingtv.com/results/2023-02-01/dundalk/1637
2025-06-12 23:44:33,395 - INFO - Processing main block #1 for https://www.racingtv.com/results/2023-02-01/dundalk/1637
2025-06-12 23:44:33,402 - INFO - Checking 2nd child of main block for first place horse...
2025-06-12 23:44:33,405 - INFO - Found alternative horse block structure with 3 links
2025-06-12 23:44:33,406 - INFO - Found alternative horse block structure with 3 links
2025-06-12 23:44:33,406 - INFO - Found alternative horse block structure with 3 links
2025-06-12 23:44:33,406 - INFO - Found alternative horse block structure with 3 links
2025-06-12 23:44:33,406 - INFO - Found alternative horse block structure with 3 links
2025-06-12 23:44:33,407 - INFO - Found alternative horse block structure with 3 links
2025-06-12 23:44:33,407 - INFO - Found alternative horse block structure with 3 links
2025-06-12 23:44:33,407 - INFO - Found alternative horse block structure with 3 links
2025-06-12 23:44:33,423 - INFO - Found likely first place horse via structure analysis: Tosen Wish (IRE)
2025-06-12 23:44:33,424 - INFO - Found potential first place horse with background styling
2025-06-12 23:44:33,425 - INFO - Found potential first place horse with background styling
2025-06-12 23:44:33,425 - INFO - Found potential first place horse with background styling
2025-06-12 23:44:33,425 - INFO - Found potential first place horse with background styling
2025-06-12 23:44:33,426 - INFO - Found potential first place horse with background styling
2025-06-12 23:44:33,426 - INFO - Found potential first place horse with background styling
2025-06-12 23:44:33,426 - INFO - Found potential first place horse with background styling
2025-06-12 23:44:33,427 - INFO - Found 16 horse entries for https://www.racingtv.com/results/2023-02-01/dundalk/1637 using multiple detection methods
2025-06-12 23:44:33,427 - INFO - Processing sub block #1 for https://www.racingtv.com/results/2023-02-01/dundalk/1637
2025-06-12 23:44:33,427 - INFO - Found 3 <a> tags - Horse: Majestic Colt (IRE), Jockey: W. M. Lordan (claim: 0), Trainer: James McAuley
2025-06-12 23:44:33,428 - INFO - Position/Length - Found 2 children: Position: 8th, Lost by: 8 l
2025-06-12 23:44:33,428 - INFO - Extracted: Majestic Colt (IRE) - Position: 8th, Lost by: 8 l, Jockey: W. M. Lordan (claim: 0), Trainer: James McAuley, Age: 8, Weight: 8-7b, Rating: 74
2025-06-12 23:44:33,429 - INFO - Processing sub block #2 for https://www.racingtv.com/results/2023-02-01/dundalk/1637
2025-06-12 23:44:33,429 - INFO - Found 3 <a> tags - Horse: Bucky Larson (IRE), Jockey: Jack Cleary (claim: 7), Trainer: R. Donohoe
2025-06-12 23:44:33,430 - INFO - Position/Length - Found 2 children: Position: 7th, Lost by: 2 1/4 l
2025-06-12 23:44:33,431 - INFO - Extracted: Bucky Larson (IRE) - Position: 7th, Lost by: 2 1/4 l, Jockey: Jack Cleary (claim: 7), Trainer: R. Donohoe, Age: 8, Weight: 8-11, Rating: 78
2025-06-12 23:44:33,431 - INFO - Processing sub block #3 for https://www.racingtv.com/results/2023-02-01/dundalk/1637
2025-06-12 23:44:33,432 - INFO - Found 3 <a> tags - Horse: Instrumental, Jockey: C. D. Hayes (claim: 0), Trainer: James McAuley
2025-06-12 23:44:33,433 - INFO - Position/Length - Found 2 children: Position: 6th, Lost by: 1/2 l
2025-06-12 23:44:33,433 - INFO - Extracted: Instrumental - Position: 6th, Lost by: 1/2 l, Jockey: C. D. Hayes (claim: 0), Trainer: James McAuley, Age: 4, Weight: 8-7tp, Rating: 74
2025-06-12 23:44:33,433 - INFO - Processing sub block #4 for https://www.racingtv.com/results/2023-02-01/dundalk/1637
2025-06-12 23:44:33,434 - INFO - Found 3 <a> tags - Horse: J J Jumbo (SWE), Jockey: D. N. Curran (claim: 7), Trainer: Darren Bunyan
2025-06-12 23:44:33,435 - INFO - Position/Length - Found 2 children: Position: 5th, Lost by: 1 l
2025-06-12 23:44:33,436 - INFO - Extracted: J J Jumbo (SWE) - Position: 5th, Lost by: 1 l, Jockey: D. N. Curran (claim: 7), Trainer: Darren Bunyan, Age: 4, Weight: 9-4b, Rating: 85
2025-06-12 23:44:33,436 - INFO - Processing sub block #5 for https://www.racingtv.com/results/2023-02-01/dundalk/1637
2025-06-12 23:44:33,436 - INFO - Found 3 <a> tags - Horse: Hodd's Girl (IRE), Jockey: Adam Caffrey (claim: 7), Trainer: Adrian McGuinness
2025-06-12 23:44:33,437 - INFO - Position/Length - Found 2 children: Position: 4th, Lost by: 1 l
2025-06-12 23:44:33,437 - INFO - Extracted: Hodd's Girl (IRE) - Position: 4th, Lost by: 1 l, Jockey: Adam Caffrey (claim: 7), Trainer: Adrian McGuinness, Age: 6, Weight: 10-0, Rating: 95
2025-06-12 23:44:33,438 - INFO - Processing sub block #6 for https://www.racingtv.com/results/2023-02-01/dundalk/1637
2025-06-12 23:44:33,438 - INFO - Found 3 <a> tags - Horse: Hightimeyouwon, Jockey: C. J. MacRedmond (claim: 5), Trainer: Adrian McGuinness
2025-06-12 23:44:33,439 - INFO - Position/Length - Found 2 children: Position: 3rd, Lost by: 1 3/4 l
2025-06-12 23:44:33,439 - INFO - Extracted: Hightimeyouwon - Position: 3rd, Lost by: 1 3/4 l, Jockey: C. J. MacRedmond (claim: 5), Trainer: Adrian McGuinness, Age: 7, Weight: 8-12v, Rating: 79
2025-06-12 23:44:33,439 - INFO - Processing sub block #7 for https://www.racingtv.com/results/2023-02-01/dundalk/1637
2025-06-12 23:44:33,440 - INFO - Found 3 <a> tags - Horse: Inflection Point (IRE), Jockey: Siobhan Rutledge (claim: 5), Trainer: John McConnell
2025-06-12 23:44:33,440 - INFO - Position/Length - Found 2 children: Position: 2nd, Lost by: 3/4 l
2025-06-12 23:44:33,441 - INFO - Extracted: Inflection Point (IRE) - Position: 2nd, Lost by: 3/4 l, Jockey: Siobhan Rutledge (claim: 5), Trainer: John McConnell, Age: 7, Weight: 8-7, Rating: 74
2025-06-12 23:44:33,441 - INFO - Processing sub block #8 for https://www.racingtv.com/results/2023-02-01/dundalk/1637
2025-06-12 23:44:33,442 - INFO - Found 3 <a> tags - Horse: Tosen Wish (IRE), Jockey: H. J. Horgan (claim: 7), Trainer: Joseph Patrick O'Brien
2025-06-12 23:44:33,442 - INFO - Position/Length - Found 1 children: Position: 1st, Lost by: N/A
2025-06-12 23:44:33,443 - INFO - Confirmed winner: Tosen Wish (IRE)
2025-06-12 23:44:33,443 - INFO - Extracted: Tosen Wish (IRE) - Position: 1st, Lost by: N/A, Jockey: H. J. Horgan (claim: 7), Trainer: Joseph Patrick O'Brien, Age: 4, Weight: 9-1t1, Rating: 82
2025-06-12 23:44:33,443 - INFO - Processing sub block #9 for https://www.racingtv.com/results/2023-02-01/dundalk/1637
2025-06-12 23:44:33,443 - INFO - Found 3 <a> tags - Horse: Majestic Colt (IRE), Jockey: W. M. Lordan (claim: 0), Trainer: James McAuley
2025-06-12 23:44:33,444 - INFO - Position/Length - Found 2 children: Position: 8th, Lost by: 8 l
2025-06-12 23:44:33,444 - INFO - Extracted: Majestic Colt (IRE) - Position: 8th, Lost by: 8 l, Jockey: W. M. Lordan (claim: 0), Trainer: James McAuley, Age: 8, Weight: 8-7b, Rating: 74
2025-06-12 23:44:33,444 - INFO - Processing sub block #10 for https://www.racingtv.com/results/2023-02-01/dundalk/1637
2025-06-12 23:44:33,445 - INFO - Found 3 <a> tags - Horse: Bucky Larson (IRE), Jockey: Jack Cleary (claim: 7), Trainer: R. Donohoe
2025-06-12 23:44:33,446 - INFO - Position/Length - Found 2 children: Position: 7th, Lost by: 2 1/4 l
2025-06-12 23:44:33,446 - INFO - Extracted: Bucky Larson (IRE) - Position: 7th, Lost by: 2 1/4 l, Jockey: Jack Cleary (claim: 7), Trainer: R. Donohoe, Age: 8, Weight: 8-11, Rating: 78
2025-06-12 23:44:33,446 - INFO - Processing sub block #11 for https://www.racingtv.com/results/2023-02-01/dundalk/1637
2025-06-12 23:44:33,446 - INFO - Found 3 <a> tags - Horse: Instrumental, Jockey: C. D. Hayes (claim: 0), Trainer: James McAuley
2025-06-12 23:44:33,447 - INFO - Position/Length - Found 2 children: Position: 6th, Lost by: 1/2 l
2025-06-12 23:44:33,447 - INFO - Extracted: Instrumental - Position: 6th, Lost by: 1/2 l, Jockey: C. D. Hayes (claim: 0), Trainer: James McAuley, Age: 4, Weight: 8-7tp, Rating: 74
2025-06-12 23:44:33,448 - INFO - Processing sub block #12 for https://www.racingtv.com/results/2023-02-01/dundalk/1637
2025-06-12 23:44:33,448 - INFO - Found 3 <a> tags - Horse: J J Jumbo (SWE), Jockey: D. N. Curran (claim: 7), Trainer: Darren Bunyan
2025-06-12 23:44:33,449 - INFO - Position/Length - Found 2 children: Position: 5th, Lost by: 1 l
2025-06-12 23:44:33,449 - INFO - Extracted: J J Jumbo (SWE) - Position: 5th, Lost by: 1 l, Jockey: D. N. Curran (claim: 7), Trainer: Darren Bunyan, Age: 4, Weight: 9-4b, Rating: 85
2025-06-12 23:44:33,449 - INFO - Processing sub block #13 for https://www.racingtv.com/results/2023-02-01/dundalk/1637
2025-06-12 23:44:33,450 - INFO - Found 3 <a> tags - Horse: Hodd's Girl (IRE), Jockey: Adam Caffrey (claim: 7), Trainer: Adrian McGuinness
2025-06-12 23:44:33,450 - INFO - Position/Length - Found 2 children: Position: 4th, Lost by: 1 l
2025-06-12 23:44:33,451 - INFO - Extracted: Hodd's Girl (IRE) - Position: 4th, Lost by: 1 l, Jockey: Adam Caffrey (claim: 7), Trainer: Adrian McGuinness, Age: 6, Weight: 10-0, Rating: 95
2025-06-12 23:44:33,451 - INFO - Processing sub block #14 for https://www.racingtv.com/results/2023-02-01/dundalk/1637
2025-06-12 23:44:33,452 - INFO - Found 3 <a> tags - Horse: Hightimeyouwon, Jockey: C. J. MacRedmond (claim: 5), Trainer: Adrian McGuinness
2025-06-12 23:44:33,452 - INFO - Position/Length - Found 2 children: Position: 3rd, Lost by: 1 3/4 l
2025-06-12 23:44:33,452 - INFO - Extracted: Hightimeyouwon - Position: 3rd, Lost by: 1 3/4 l, Jockey: C. J. MacRedmond (claim: 5), Trainer: Adrian McGuinness, Age: 7, Weight: 8-12v, Rating: 79
2025-06-12 23:44:33,453 - INFO - Processing sub block #15 for https://www.racingtv.com/results/2023-02-01/dundalk/1637
2025-06-12 23:44:33,453 - INFO - Found 3 <a> tags - Horse: Inflection Point (IRE), Jockey: Siobhan Rutledge (claim: 5), Trainer: John McConnell
2025-06-12 23:44:33,454 - INFO - Position/Length - Found 2 children: Position: 2nd, Lost by: 3/4 l
2025-06-12 23:44:33,454 - INFO - Extracted: Inflection Point (IRE) - Position: 2nd, Lost by: 3/4 l, Jockey: Siobhan Rutledge (claim: 5), Trainer: John McConnell, Age: 7, Weight: 8-7, Rating: 74
2025-06-12 23:44:33,454 - INFO - Processing sub block #16 for https://www.racingtv.com/results/2023-02-01/dundalk/1637
2025-06-12 23:44:33,455 - INFO - Found 3 <a> tags - Horse: Tosen Wish (IRE), Jockey: H. J. Horgan (claim: 7), Trainer: Joseph Patrick O'Brien
2025-06-12 23:44:33,455 - INFO - Position/Length - Found 1 children: Position: 1st, Lost by: N/A
2025-06-12 23:44:33,455 - INFO - Extracted: Tosen Wish (IRE) - Position: 1st, Lost by: N/A, Jockey: H. J. Horgan (claim: 7), Trainer: Joseph Patrick O'Brien, Age: 4, Weight: 9-1t1, Rating: 82
2025-06-12 23:44:33,456 - INFO - Successfully extracted 16/16 horse records from https://www.racingtv.com/results/2023-02-01/dundalk/1637
2025-06-12 23:44:33,456 - INFO - :) First place horse found successfully
2025-06-12 23:44:33,456 - INFO - :) First place horse found successfully
2025-06-12 23:44:33,456 - INFO - :) First place horse found successfully
2025-06-12 23:44:33,457 - INFO - :) First place horse found successfully
2025-06-12 23:44:33,457 - INFO - :) First place horse found successfully
2025-06-12 23:44:33,457 - INFO - :) First place horse found successfully
2025-06-12 23:44:33,457 - INFO - :) First place horse found successfully
2025-06-12 23:44:33,457 - INFO - :) First place horse found successfully
2025-06-12 23:44:33,457 - INFO - :) First place horse found successfully
2025-06-12 23:44:33,458 - INFO - :) First place horse found successfully
2025-06-12 23:44:33,458 - INFO - :) First place horse found successfully
2025-06-12 23:44:33,458 - INFO - :) First place horse found successfully
2025-06-12 23:44:33,458 - INFO - :) First place horse found successfully
2025-06-12 23:44:33,458 - INFO - :) First place horse found successfully
2025-06-12 23:44:33,459 - INFO - :) First place horse found successfully
2025-06-12 23:44:33,459 - INFO - :) First place horse found successfully
2025-06-12 23:44:33,459 - INFO - :) First place horse found successfully
2025-06-12 23:44:33,459 - INFO - Successfully parsed 16 horse records from: https://www.racingtv.com/results/2023-02-01/dundalk/1637
2025-06-12 23:44:33,459 - INFO - Waiting 2 seconds before next request...
2025-06-12 23:44:35,462 - INFO - Batch 40 - URL 40/50: https://www.racingtv.com/results/2023-02-01/dundalk/1712
2025-06-12 23:44:35,463 - INFO - Loading page with Selenium: https://www.racingtv.com/results/2023-02-01/dundalk/1712
2025-06-12 23:44:40,431 - INFO - Racing main block detected for: https://www.racingtv.com/results/2023-02-01/dundalk/1712
2025-06-12 23:44:40,462 - INFO - Successfully loaded page: https://www.racingtv.com/results/2023-02-01/dundalk/1712
2025-06-12 23:44:40,581 - INFO - Extracted race info - Track: Dundalk Racing Results | 1st February 2023 17:12, Date: N/A, Time: 17:12
2025-06-12 23:44:40,581 - INFO - Found 2nd h3 tag: Standard  3YO+ 6f Winner: €10,500 (9 runners)
2025-06-12 23:44:40,582 - INFO - Extracted - Going: Standard, Distance: 6f
2025-06-12 23:44:40,582 - INFO - Extracting racing data from: https://www.racingtv.com/results/2023-02-01/dundalk/1712
2025-06-12 23:44:40,592 - INFO - Processing main block #1 for https://www.racingtv.com/results/2023-02-01/dundalk/1712
2025-06-12 23:44:40,598 - INFO - Checking 2nd child of main block for first place horse...
2025-06-12 23:44:40,603 - INFO - Found alternative horse block structure with 3 links
2025-06-12 23:44:40,603 - INFO - Found alternative horse block structure with 3 links
2025-06-12 23:44:40,604 - INFO - Found alternative horse block structure with 3 links
2025-06-12 23:44:40,604 - INFO - Found alternative horse block structure with 3 links
2025-06-12 23:44:40,604 - INFO - Found alternative horse block structure with 3 links
2025-06-12 23:44:40,605 - INFO - Found alternative horse block structure with 3 links
2025-06-12 23:44:40,605 - INFO - Found alternative horse block structure with 3 links
2025-06-12 23:44:40,605 - INFO - Found alternative horse block structure with 3 links
2025-06-12 23:44:40,605 - INFO - Found alternative horse block structure with 3 links
2025-06-12 23:44:40,623 - INFO - Found likely first place horse via structure analysis: Tai Sing Yeh (IRE)
2025-06-12 23:44:40,624 - INFO - Found potential first place horse with background styling
2025-06-12 23:44:40,625 - INFO - Found potential first place horse with background styling
2025-06-12 23:44:40,625 - INFO - Found potential first place horse with background styling
2025-06-12 23:44:40,625 - INFO - Found potential first place horse with background styling
2025-06-12 23:44:40,626 - INFO - Found potential first place horse with background styling
2025-06-12 23:44:40,626 - INFO - Found potential first place horse with background styling
2025-06-12 23:44:40,626 - INFO - Found potential first place horse with background styling
2025-06-12 23:44:40,627 - INFO - Found potential first place horse with background styling
2025-06-12 23:44:40,627 - INFO - Found 18 horse entries for https://www.racingtv.com/results/2023-02-01/dundalk/1712 using multiple detection methods
2025-06-12 23:44:40,627 - INFO - Processing sub block #1 for https://www.racingtv.com/results/2023-02-01/dundalk/1712
2025-06-12 23:44:40,628 - INFO - Found 3 <a> tags - Horse: Samrogue (IRE), Jockey: C. P. Hoban (claim: 0), Trainer: Ross O'Sullivan
2025-06-12 23:44:40,629 - INFO - Position/Length - Found 2 children: Position: 9th, Lost by: 1 3/4 l
2025-06-12 23:44:40,629 - INFO - Extracted: Samrogue (IRE) - Position: 9th, Lost by: 1 3/4 l, Jockey: C. P. Hoban (claim: 0), Trainer: Ross O'Sullivan, Age: 5, Weight: 9-11, Rating: 67
2025-06-12 23:44:40,629 - INFO - Processing sub block #2 for https://www.racingtv.com/results/2023-02-01/dundalk/1712
2025-06-12 23:44:40,630 - INFO - Found 3 <a> tags - Horse: Sunset Nova (IRE), Jockey: Amy Jo Hayes (claim: 7), Trainer: A. Slattery
2025-06-12 23:44:40,630 - INFO - Position/Length - Found 2 children: Position: 8th, Lost by: 1/2 l
2025-06-12 23:44:40,631 - INFO - Extracted: Sunset Nova (IRE) - Position: 8th, Lost by: 1/2 l, Jockey: Amy Jo Hayes (claim: 7), Trainer: A. Slattery, Age: 7, Weight: 10-0, Rating: 70
2025-06-12 23:44:40,631 - INFO - Processing sub block #3 for https://www.racingtv.com/results/2023-02-01/dundalk/1712
2025-06-12 23:44:40,631 - INFO - Found 3 <a> tags - Horse: Zig Zag Zyggy (IRE), Jockey: Adam Caffrey (claim: 7), Trainer: Adrian McGuinness
2025-06-12 23:44:40,632 - INFO - Position/Length - Found 2 children: Position: 7th, Lost by: Neck
2025-06-12 23:44:40,632 - INFO - Extracted: Zig Zag Zyggy (IRE) - Position: 7th, Lost by: Neck, Jockey: Adam Caffrey (claim: 7), Trainer: Adrian McGuinness, Age: 8, Weight: 9-5, Rating: 61
2025-06-12 23:44:40,633 - INFO - Processing sub block #4 for https://www.racingtv.com/results/2023-02-01/dundalk/1712
2025-06-12 23:44:40,633 - INFO - Found 3 <a> tags - Horse: Transcendental (FR), Jockey: G. F. Carroll (claim: 0), Trainer: Gavin Patrick Cromwell
2025-06-12 23:44:40,634 - INFO - Position/Length - Found 2 children: Position: 6th, Lost by: 1 l
2025-06-12 23:44:40,634 - INFO - Extracted: Transcendental (FR) - Position: 6th, Lost by: 1 l, Jockey: G. F. Carroll (claim: 0), Trainer: Gavin Patrick Cromwell, Age: 5, Weight: 10-2, Rating: 72
2025-06-12 23:44:40,635 - INFO - Processing sub block #5 for https://www.racingtv.com/results/2023-02-01/dundalk/1712
2025-06-12 23:44:40,635 - INFO - Found 3 <a> tags - Horse: Hypernova (IRE), Jockey: M. W. Hassett (claim: 10), Trainer: Joseph Patrick O'Brien
2025-06-12 23:44:40,636 - INFO - Position/Length - Found 2 children: Position: 5th, Lost by: 1 1/2 l
2025-06-12 23:44:40,637 - INFO - Extracted: Hypernova (IRE) - Position: 5th, Lost by: 1 1/2 l, Jockey: M. W. Hassett (claim: 10), Trainer: Joseph Patrick O'Brien, Age: 4, Weight: 10-0t, Rating: 70
2025-06-12 23:44:40,637 - INFO - Processing sub block #6 for https://www.racingtv.com/results/2023-02-01/dundalk/1712
2025-06-12 23:44:40,637 - INFO - Found 3 <a> tags - Horse: Tawaazon (IRE), Jockey: S. D. Bowen (claim: 7), Trainer: Denis Hogan
2025-06-12 23:44:40,638 - INFO - Position/Length - Found 2 children: Position: 4th, Lost by: 1/2 l
2025-06-12 23:44:40,638 - INFO - Extracted: Tawaazon (IRE) - Position: 4th, Lost by: 1/2 l, Jockey: S. D. Bowen (claim: 7), Trainer: Denis Hogan, Age: 5, Weight: 9-10tb, Rating: 66
2025-06-12 23:44:40,639 - INFO - Processing sub block #7 for https://www.racingtv.com/results/2023-02-01/dundalk/1712
2025-06-12 23:44:40,639 - INFO - Found 3 <a> tags - Horse: No Speed Limit (FR), Jockey: W. M. Lordan (claim: 0), Trainer: P. J. McKenna
2025-06-12 23:44:40,640 - INFO - Position/Length - Found 2 children: Position: 3rd, Lost by: 1 1/4 l
2025-06-12 23:44:40,640 - INFO - Extracted: No Speed Limit (FR) - Position: 3rd, Lost by: 1 1/4 l, Jockey: W. M. Lordan (claim: 0), Trainer: P. J. McKenna, Age: 8, Weight: 9-9v, Rating: 65
2025-06-12 23:44:40,640 - INFO - Processing sub block #8 for https://www.racingtv.com/results/2023-02-01/dundalk/1712
2025-06-12 23:44:40,641 - INFO - Found 3 <a> tags - Horse: Collective Power (IRE), Jockey: S. M. Crosse (claim: 0), Trainer: Edward Lynam
2025-06-12 23:44:40,641 - INFO - Position/Length - Found 2 children: Position: 2nd, Lost by: 1 1/2 l
2025-06-12 23:44:40,642 - INFO - Extracted: Collective Power (IRE) - Position: 2nd, Lost by: 1 1/2 l, Jockey: S. M. Crosse (claim: 0), Trainer: Edward Lynam, Age: 5, Weight: 9-12, Rating: 68
2025-06-12 23:44:40,642 - INFO - Processing sub block #9 for https://www.racingtv.com/results/2023-02-01/dundalk/1712
2025-06-12 23:44:40,643 - INFO - Found 3 <a> tags - Horse: Tai Sing Yeh (IRE), Jockey: C. T. Keane (claim: 0), Trainer: James McAuley
2025-06-12 23:44:40,643 - INFO - Position/Length - Found 1 children: Position: 1st, Lost by: N/A
2025-06-12 23:44:40,643 - INFO - Confirmed winner: Tai Sing Yeh (IRE)
2025-06-12 23:44:40,644 - INFO - Extracted: Tai Sing Yeh (IRE) - Position: 1st, Lost by: N/A, Jockey: C. T. Keane (claim: 0), Trainer: James McAuley, Age: 9, Weight: 10-2tb, Rating: 72
2025-06-12 23:44:40,644 - INFO - Processing sub block #10 for https://www.racingtv.com/results/2023-02-01/dundalk/1712
2025-06-12 23:44:40,644 - INFO - Found 3 <a> tags - Horse: Samrogue (IRE), Jockey: C. P. Hoban (claim: 0), Trainer: Ross O'Sullivan
2025-06-12 23:44:40,645 - INFO - Position/Length - Found 2 children: Position: 9th, Lost by: 1 3/4 l
2025-06-12 23:44:40,645 - INFO - Extracted: Samrogue (IRE) - Position: 9th, Lost by: 1 3/4 l, Jockey: C. P. Hoban (claim: 0), Trainer: Ross O'Sullivan, Age: 5, Weight: 9-11, Rating: 67
2025-06-12 23:44:40,645 - INFO - Processing sub block #11 for https://www.racingtv.com/results/2023-02-01/dundalk/1712
2025-06-12 23:44:40,646 - INFO - Found 3 <a> tags - Horse: Sunset Nova (IRE), Jockey: Amy Jo Hayes (claim: 7), Trainer: A. Slattery
2025-06-12 23:44:40,646 - INFO - Position/Length - Found 2 children: Position: 8th, Lost by: 1/2 l
2025-06-12 23:44:40,646 - INFO - Extracted: Sunset Nova (IRE) - Position: 8th, Lost by: 1/2 l, Jockey: Amy Jo Hayes (claim: 7), Trainer: A. Slattery, Age: 7, Weight: 10-0, Rating: 70
2025-06-12 23:44:40,646 - INFO - Processing sub block #12 for https://www.racingtv.com/results/2023-02-01/dundalk/1712
2025-06-12 23:44:40,647 - INFO - Found 3 <a> tags - Horse: Zig Zag Zyggy (IRE), Jockey: Adam Caffrey (claim: 7), Trainer: Adrian McGuinness
2025-06-12 23:44:40,648 - INFO - Position/Length - Found 2 children: Position: 7th, Lost by: Neck
2025-06-12 23:44:40,648 - INFO - Extracted: Zig Zag Zyggy (IRE) - Position: 7th, Lost by: Neck, Jockey: Adam Caffrey (claim: 7), Trainer: Adrian McGuinness, Age: 8, Weight: 9-5, Rating: 61
2025-06-12 23:44:40,648 - INFO - Processing sub block #13 for https://www.racingtv.com/results/2023-02-01/dundalk/1712
2025-06-12 23:44:40,648 - INFO - Found 3 <a> tags - Horse: Transcendental (FR), Jockey: G. F. Carroll (claim: 0), Trainer: Gavin Patrick Cromwell
2025-06-12 23:44:40,649 - INFO - Position/Length - Found 2 children: Position: 6th, Lost by: 1 l
2025-06-12 23:44:40,649 - INFO - Extracted: Transcendental (FR) - Position: 6th, Lost by: 1 l, Jockey: G. F. Carroll (claim: 0), Trainer: Gavin Patrick Cromwell, Age: 5, Weight: 10-2, Rating: 72
2025-06-12 23:44:40,650 - INFO - Processing sub block #14 for https://www.racingtv.com/results/2023-02-01/dundalk/1712
2025-06-12 23:44:40,651 - INFO - Found 3 <a> tags - Horse: Hypernova (IRE), Jockey: M. W. Hassett (claim: 10), Trainer: Joseph Patrick O'Brien
2025-06-12 23:44:40,651 - INFO - Position/Length - Found 2 children: Position: 5th, Lost by: 1 1/2 l
2025-06-12 23:44:40,651 - INFO - Extracted: Hypernova (IRE) - Position: 5th, Lost by: 1 1/2 l, Jockey: M. W. Hassett (claim: 10), Trainer: Joseph Patrick O'Brien, Age: 4, Weight: 10-0t, Rating: 70
2025-06-12 23:44:40,651 - INFO - Processing sub block #15 for https://www.racingtv.com/results/2023-02-01/dundalk/1712
2025-06-12 23:44:40,651 - INFO - Found 3 <a> tags - Horse: Tawaazon (IRE), Jockey: S. D. Bowen (claim: 7), Trainer: Denis Hogan
2025-06-12 23:44:40,651 - INFO - Position/Length - Found 2 children: Position: 4th, Lost by: 1/2 l
2025-06-12 23:44:40,651 - INFO - Extracted: Tawaazon (IRE) - Position: 4th, Lost by: 1/2 l, Jockey: S. D. Bowen (claim: 7), Trainer: Denis Hogan, Age: 5, Weight: 9-10tb, Rating: 66
2025-06-12 23:44:40,651 - INFO - Processing sub block #16 for https://www.racingtv.com/results/2023-02-01/dundalk/1712
2025-06-12 23:44:40,651 - INFO - Found 3 <a> tags - Horse: No Speed Limit (FR), Jockey: W. M. Lordan (claim: 0), Trainer: P. J. McKenna
2025-06-12 23:44:40,651 - INFO - Position/Length - Found 2 children: Position: 3rd, Lost by: 1 1/4 l
2025-06-12 23:44:40,651 - INFO - Extracted: No Speed Limit (FR) - Position: 3rd, Lost by: 1 1/4 l, Jockey: W. M. Lordan (claim: 0), Trainer: P. J. McKenna, Age: 8, Weight: 9-9v, Rating: 65
2025-06-12 23:44:40,651 - INFO - Processing sub block #17 for https://www.racingtv.com/results/2023-02-01/dundalk/1712
2025-06-12 23:44:40,651 - INFO - Found 3 <a> tags - Horse: Collective Power (IRE), Jockey: S. M. Crosse (claim: 0), Trainer: Edward Lynam
2025-06-12 23:44:40,656 - INFO - Position/Length - Found 2 children: Position: 2nd, Lost by: 1 1/2 l
2025-06-12 23:44:40,656 - INFO - Extracted: Collective Power (IRE) - Position: 2nd, Lost by: 1 1/2 l, Jockey: S. M. Crosse (claim: 0), Trainer: Edward Lynam, Age: 5, Weight: 9-12, Rating: 68
2025-06-12 23:44:40,656 - INFO - Processing sub block #18 for https://www.racingtv.com/results/2023-02-01/dundalk/1712
2025-06-12 23:44:40,657 - INFO - Found 3 <a> tags - Horse: Tai Sing Yeh (IRE), Jockey: C. T. Keane (claim: 0), Trainer: James McAuley
2025-06-12 23:44:40,657 - INFO - Position/Length - Found 1 children: Position: 1st, Lost by: N/A
2025-06-12 23:44:40,658 - INFO - Extracted: Tai Sing Yeh (IRE) - Position: 1st, Lost by: N/A, Jockey: C. T. Keane (claim: 0), Trainer: James McAuley, Age: 9, Weight: 10-2tb, Rating: 72
2025-06-12 23:44:40,658 - INFO - Successfully extracted 18/18 horse records from https://www.racingtv.com/results/2023-02-01/dundalk/1712
2025-06-12 23:44:40,658 - INFO - :) First place horse found successfully
2025-06-12 23:44:40,658 - INFO - :) First place horse found successfully
2025-06-12 23:44:40,658 - INFO - :) First place horse found successfully
2025-06-12 23:44:40,659 - INFO - :) First place horse found successfully
2025-06-12 23:44:40,659 - INFO - :) First place horse found successfully
2025-06-12 23:44:40,659 - INFO - :) First place horse found successfully
2025-06-12 23:44:40,659 - INFO - :) First place horse found successfully
2025-06-12 23:44:40,659 - INFO - :) First place horse found successfully
2025-06-12 23:44:40,660 - INFO - :) First place horse found successfully
2025-06-12 23:44:40,660 - INFO - :) First place horse found successfully
2025-06-12 23:44:40,660 - INFO - :) First place horse found successfully
2025-06-12 23:44:40,660 - INFO - :) First place horse found successfully
2025-06-12 23:44:40,660 - INFO - :) First place horse found successfully
2025-06-12 23:44:40,660 - INFO - :) First place horse found successfully
2025-06-12 23:44:40,660 - INFO - :) First place horse found successfully
2025-06-12 23:44:40,660 - INFO - :) First place horse found successfully
2025-06-12 23:44:40,660 - INFO - :) First place horse found successfully
2025-06-12 23:44:40,660 - INFO - :) First place horse found successfully
2025-06-12 23:44:40,660 - INFO - :) First place horse found successfully
2025-06-12 23:44:40,660 - INFO - Successfully parsed 18 horse records from: https://www.racingtv.com/results/2023-02-01/dundalk/1712
2025-06-12 23:44:40,660 - INFO - Waiting 2 seconds before next request...
2025-06-12 23:44:42,663 - INFO - Batch 40 - URL 41/50: https://www.racingtv.com/results/2023-02-03/dundalk/1555
2025-06-12 23:44:42,663 - INFO - Loading page with Selenium: https://www.racingtv.com/results/2023-02-03/dundalk/1555
2025-06-12 23:44:47,522 - INFO - Racing main block detected for: https://www.racingtv.com/results/2023-02-03/dundalk/1555
2025-06-12 23:44:47,565 - INFO - Successfully loaded page: https://www.racingtv.com/results/2023-02-03/dundalk/1555
2025-06-12 23:44:47,648 - INFO - Extracted race info - Track: Dundalk Racing Results | 3rd February 2023 15:55, Date: N/A, Time: 15:55
2025-06-12 23:44:47,664 - INFO - Found 2nd h3 tag: Standard  3YO+ 5f Winner: €12,000 (7 runners)
2025-06-12 23:44:47,664 - INFO - Extracted - Going: Standard, Distance: 5f
2025-06-12 23:44:47,664 - INFO - Extracting racing data from: https://www.racingtv.com/results/2023-02-03/dundalk/1555
2025-06-12 23:44:47,664 - INFO - Processing main block #1 for https://www.racingtv.com/results/2023-02-03/dundalk/1555
2025-06-12 23:44:47,678 - INFO - Checking 2nd child of main block for first place horse...
2025-06-12 23:44:47,682 - INFO - Found alternative horse block structure with 3 links
2025-06-12 23:44:47,682 - INFO - Found alternative horse block structure with 3 links
2025-06-12 23:44:47,683 - INFO - Found alternative horse block structure with 3 links
2025-06-12 23:44:47,683 - INFO - Found alternative horse block structure with 3 links
2025-06-12 23:44:47,683 - INFO - Found alternative horse block structure with 3 links
2025-06-12 23:44:47,684 - INFO - Found alternative horse block structure with 3 links
2025-06-12 23:44:47,684 - INFO - Found alternative horse block structure with 3 links
2025-06-12 23:44:47,699 - INFO - Found likely first place horse via structure analysis: Mehman
2025-06-12 23:44:47,701 - INFO - Found potential first place horse with background styling
2025-06-12 23:44:47,702 - INFO - Found potential first place horse with background styling
2025-06-12 23:44:47,702 - INFO - Found potential first place horse with background styling
2025-06-12 23:44:47,702 - INFO - Found potential first place horse with background styling
2025-06-12 23:44:47,703 - INFO - Found potential first place horse with background styling
2025-06-12 23:44:47,703 - INFO - Found potential first place horse with background styling
2025-06-12 23:44:47,703 - INFO - Found 14 horse entries for https://www.racingtv.com/results/2023-02-03/dundalk/1555 using multiple detection methods
2025-06-12 23:44:47,704 - INFO - Processing sub block #1 for https://www.racingtv.com/results/2023-02-03/dundalk/1555
2025-06-12 23:44:47,704 - INFO - Found 3 <a> tags - Horse: Mna Na Mhi (IRE), Jockey: M. P. Sheehy (claim: 0), Trainer: Patrick Martin
2025-06-12 23:44:47,705 - INFO - Position/Length - Found 2 children: Position: 7th, Lost by: 12 l
2025-06-12 23:44:47,705 - INFO - Extracted: Mna Na Mhi (IRE) - Position: 7th, Lost by: 12 l, Jockey: M. P. Sheehy (claim: 0), Trainer: Patrick Martin, Age: 4, Weight: 8-11, Rating: 68
2025-06-12 23:44:47,705 - INFO - Processing sub block #2 for https://www.racingtv.com/results/2023-02-03/dundalk/1555
2025-06-12 23:44:47,706 - INFO - Found 3 <a> tags - Horse: Jawwaal, Jockey: M. W. Hassett (claim: 10), Trainer: Joseph Patrick O'Brien
2025-06-12 23:44:47,707 - INFO - Position/Length - Found 2 children: Position: 6th, Lost by: 3 l
2025-06-12 23:44:47,707 - INFO - Extracted: Jawwaal - Position: 6th, Lost by: 3 l, Jockey: M. W. Hassett (claim: 10), Trainer: Joseph Patrick O'Brien, Age: 8, Weight: 9-8, Rating: 79
2025-06-12 23:44:47,707 - INFO - Processing sub block #3 for https://www.racingtv.com/results/2023-02-03/dundalk/1555
2025-06-12 23:44:47,708 - INFO - Found 3 <a> tags - Horse: Aloysius Lilius (IRE), Jockey: J. M. Sheridan (claim: 3), Trainer: G. O'Leary
2025-06-12 23:44:47,709 - INFO - Position/Length - Found 2 children: Position: 5th, Lost by: 3/4 l
2025-06-12 23:44:47,709 - INFO - Extracted: Aloysius Lilius (IRE) - Position: 5th, Lost by: 3/4 l, Jockey: J. M. Sheridan (claim: 3), Trainer: G. O'Leary, Age: 7, Weight: 9-0t, Rating: 71
2025-06-12 23:44:47,709 - INFO - Processing sub block #4 for https://www.racingtv.com/results/2023-02-03/dundalk/1555
2025-06-12 23:44:47,710 - INFO - Found 3 <a> tags - Horse: Harmony Rose, Jockey: William James Lee (claim: 0), Trainer: K. J. Condon
2025-06-12 23:44:47,710 - INFO - Position/Length - Found 2 children: Position: 4th, Lost by: Short Head
2025-06-12 23:44:47,711 - INFO - Extracted: Harmony Rose - Position: 4th, Lost by: Short Head, Jockey: William James Lee (claim: 0), Trainer: K. J. Condon, Age: 4, Weight: 9-11t, Rating: 82
2025-06-12 23:44:47,711 - INFO - Processing sub block #5 for https://www.racingtv.com/results/2023-02-03/dundalk/1555
2025-06-12 23:44:47,711 - INFO - Found 3 <a> tags - Horse: Lovely Mana (IRE), Jockey: J. Kearney (claim: 7), Trainer: John Stephen O'Donoghue
2025-06-12 23:44:47,712 - INFO - Position/Length - Found 2 children: Position: 3rd, Lost by: 2 1/4 l
2025-06-12 23:44:47,712 - INFO - Extracted: Lovely Mana (IRE) - Position: 3rd, Lost by: 2 1/4 l, Jockey: J. Kearney (claim: 7), Trainer: John Stephen O'Donoghue, Age: 4, Weight: 10-4, Rating: 89
2025-06-12 23:44:47,713 - INFO - Processing sub block #6 for https://www.racingtv.com/results/2023-02-03/dundalk/1555
2025-06-12 23:44:47,713 - INFO - Found 3 <a> tags - Horse: Primo Uomo (IRE), Jockey: N. G. McCullagh (claim: 0), Trainer: G. O'Leary
2025-06-12 23:44:47,714 - INFO - Position/Length - Found 2 children: Position: 2nd, Lost by: 3 l
2025-06-12 23:44:47,714 - INFO - Extracted: Primo Uomo (IRE) - Position: 2nd, Lost by: 3 l, Jockey: N. G. McCullagh (claim: 0), Trainer: G. O'Leary, Age: 11, Weight: 10-6t, Rating: 91
2025-06-12 23:44:47,714 - INFO - Processing sub block #7 for https://www.racingtv.com/results/2023-02-03/dundalk/1555
2025-06-12 23:44:47,715 - INFO - Found 3 <a> tags - Horse: Mehman, Jockey: M. A. Enright (claim: 0), Trainer: G. O'Leary
2025-06-12 23:44:47,716 - INFO - Position/Length - Found 1 children: Position: 1st, Lost by: N/A
2025-06-12 23:44:47,716 - INFO - Confirmed winner: Mehman
2025-06-12 23:44:47,716 - INFO - Extracted: Mehman - Position: 1st, Lost by: N/A, Jockey: M. A. Enright (claim: 0), Trainer: G. O'Leary, Age: 4, Weight: 9-6t, Rating: 77
2025-06-12 23:44:47,717 - INFO - Processing sub block #8 for https://www.racingtv.com/results/2023-02-03/dundalk/1555
2025-06-12 23:44:47,717 - INFO - Found 3 <a> tags - Horse: Mna Na Mhi (IRE), Jockey: M. P. Sheehy (claim: 0), Trainer: Patrick Martin
2025-06-12 23:44:47,718 - INFO - Position/Length - Found 2 children: Position: 7th, Lost by: 12 l
2025-06-12 23:44:47,718 - INFO - Extracted: Mna Na Mhi (IRE) - Position: 7th, Lost by: 12 l, Jockey: M. P. Sheehy (claim: 0), Trainer: Patrick Martin, Age: 4, Weight: 8-11, Rating: 68
2025-06-12 23:44:47,718 - INFO - Processing sub block #9 for https://www.racingtv.com/results/2023-02-03/dundalk/1555
2025-06-12 23:44:47,719 - INFO - Found 3 <a> tags - Horse: Jawwaal, Jockey: M. W. Hassett (claim: 10), Trainer: Joseph Patrick O'Brien
2025-06-12 23:44:47,720 - INFO - Position/Length - Found 2 children: Position: 6th, Lost by: 3 l
2025-06-12 23:44:47,720 - INFO - Extracted: Jawwaal - Position: 6th, Lost by: 3 l, Jockey: M. W. Hassett (claim: 10), Trainer: Joseph Patrick O'Brien, Age: 8, Weight: 9-8, Rating: 79
2025-06-12 23:44:47,720 - INFO - Processing sub block #10 for https://www.racingtv.com/results/2023-02-03/dundalk/1555
2025-06-12 23:44:47,720 - INFO - Found 3 <a> tags - Horse: Aloysius Lilius (IRE), Jockey: J. M. Sheridan (claim: 3), Trainer: G. O'Leary
2025-06-12 23:44:47,721 - INFO - Position/Length - Found 2 children: Position: 5th, Lost by: 3/4 l
2025-06-12 23:44:47,721 - INFO - Extracted: Aloysius Lilius (IRE) - Position: 5th, Lost by: 3/4 l, Jockey: J. M. Sheridan (claim: 3), Trainer: G. O'Leary, Age: 7, Weight: 9-0t, Rating: 71
2025-06-12 23:44:47,722 - INFO - Processing sub block #11 for https://www.racingtv.com/results/2023-02-03/dundalk/1555
2025-06-12 23:44:47,722 - INFO - Found 3 <a> tags - Horse: Harmony Rose, Jockey: William James Lee (claim: 0), Trainer: K. J. Condon
2025-06-12 23:44:47,723 - INFO - Position/Length - Found 2 children: Position: 4th, Lost by: Short Head
2025-06-12 23:44:47,723 - INFO - Extracted: Harmony Rose - Position: 4th, Lost by: Short Head, Jockey: William James Lee (claim: 0), Trainer: K. J. Condon, Age: 4, Weight: 9-11t, Rating: 82
2025-06-12 23:44:47,723 - INFO - Processing sub block #12 for https://www.racingtv.com/results/2023-02-03/dundalk/1555
2025-06-12 23:44:47,724 - INFO - Found 3 <a> tags - Horse: Lovely Mana (IRE), Jockey: J. Kearney (claim: 7), Trainer: John Stephen O'Donoghue
2025-06-12 23:44:47,724 - INFO - Position/Length - Found 2 children: Position: 3rd, Lost by: 2 1/4 l
2025-06-12 23:44:47,724 - INFO - Extracted: Lovely Mana (IRE) - Position: 3rd, Lost by: 2 1/4 l, Jockey: J. Kearney (claim: 7), Trainer: John Stephen O'Donoghue, Age: 4, Weight: 10-4, Rating: 89
2025-06-12 23:44:47,725 - INFO - Processing sub block #13 for https://www.racingtv.com/results/2023-02-03/dundalk/1555
2025-06-12 23:44:47,725 - INFO - Found 3 <a> tags - Horse: Primo Uomo (IRE), Jockey: N. G. McCullagh (claim: 0), Trainer: G. O'Leary
2025-06-12 23:44:47,726 - INFO - Position/Length - Found 2 children: Position: 2nd, Lost by: 3 l
2025-06-12 23:44:47,726 - INFO - Extracted: Primo Uomo (IRE) - Position: 2nd, Lost by: 3 l, Jockey: N. G. McCullagh (claim: 0), Trainer: G. O'Leary, Age: 11, Weight: 10-6t, Rating: 91
2025-06-12 23:44:47,726 - INFO - Processing sub block #14 for https://www.racingtv.com/results/2023-02-03/dundalk/1555
2025-06-12 23:44:47,727 - INFO - Found 3 <a> tags - Horse: Mehman, Jockey: M. A. Enright (claim: 0), Trainer: G. O'Leary
2025-06-12 23:44:47,727 - INFO - Position/Length - Found 1 children: Position: 1st, Lost by: N/A
2025-06-12 23:44:47,727 - INFO - Extracted: Mehman - Position: 1st, Lost by: N/A, Jockey: M. A. Enright (claim: 0), Trainer: G. O'Leary, Age: 4, Weight: 9-6t, Rating: 77
2025-06-12 23:44:47,728 - INFO - Successfully extracted 14/14 horse records from https://www.racingtv.com/results/2023-02-03/dundalk/1555
2025-06-12 23:44:47,728 - INFO - :) First place horse found successfully
2025-06-12 23:44:47,728 - INFO - :) First place horse found successfully
2025-06-12 23:44:47,728 - INFO - :) First place horse found successfully
2025-06-12 23:44:47,729 - INFO - :) First place horse found successfully
2025-06-12 23:44:47,729 - INFO - :) First place horse found successfully
2025-06-12 23:44:47,729 - INFO - :) First place horse found successfully
2025-06-12 23:44:47,729 - INFO - :) First place horse found successfully
2025-06-12 23:44:47,729 - INFO - :) First place horse found successfully
2025-06-12 23:44:47,730 - INFO - :) First place horse found successfully
2025-06-12 23:44:47,730 - INFO - :) First place horse found successfully
2025-06-12 23:44:47,730 - INFO - :) First place horse found successfully
2025-06-12 23:44:47,730 - INFO - :) First place horse found successfully
2025-06-12 23:44:47,730 - INFO - :) First place horse found successfully
2025-06-12 23:44:47,731 - INFO - :) First place horse found successfully
2025-06-12 23:44:47,731 - INFO - :) First place horse found successfully
2025-06-12 23:44:47,731 - INFO - Successfully parsed 14 horse records from: https://www.racingtv.com/results/2023-02-03/dundalk/1555
2025-06-12 23:44:47,731 - INFO - Waiting 2 seconds before next request...
2025-06-12 23:44:49,732 - INFO - Batch 40 - URL 42/50: https://www.racingtv.com/results/2023-02-03/dundalk/1630
2025-06-12 23:44:49,734 - INFO - Loading page with Selenium: https://www.racingtv.com/results/2023-02-03/dundalk/1630
2025-06-12 23:44:54,772 - INFO - Racing main block detected for: https://www.racingtv.com/results/2023-02-03/dundalk/1630
2025-06-12 23:44:54,799 - INFO - Successfully loaded page: https://www.racingtv.com/results/2023-02-03/dundalk/1630
2025-06-12 23:44:54,935 - INFO - Extracted race info - Track: Dundalk Racing Results | 3rd February 2023 16:30, Date: N/A, Time: 16:30
2025-06-12 23:44:54,936 - INFO - Found 2nd h3 tag: Standard  3YO only 1m Winner: €12,000 (14 runners)
2025-06-12 23:44:54,936 - INFO - Extracted - Going: Standard, Distance: 1m
2025-06-12 23:44:54,936 - INFO - Extracting racing data from: https://www.racingtv.com/results/2023-02-03/dundalk/1630
2025-06-12 23:44:54,951 - INFO - Processing main block #1 for https://www.racingtv.com/results/2023-02-03/dundalk/1630
2025-06-12 23:44:54,961 - INFO - Checking 2nd child of main block for first place horse...
2025-06-12 23:44:54,968 - INFO - Found alternative horse block structure with 3 links
2025-06-12 23:44:54,969 - INFO - Found alternative horse block structure with 3 links
2025-06-12 23:44:54,969 - INFO - Found alternative horse block structure with 3 links
2025-06-12 23:44:54,969 - INFO - Found alternative horse block structure with 3 links
2025-06-12 23:44:54,970 - INFO - Found alternative horse block structure with 3 links
2025-06-12 23:44:54,970 - INFO - Found alternative horse block structure with 3 links
2025-06-12 23:44:54,970 - INFO - Found alternative horse block structure with 3 links
2025-06-12 23:44:54,971 - INFO - Found alternative horse block structure with 3 links
2025-06-12 23:44:54,971 - INFO - Found alternative horse block structure with 3 links
2025-06-12 23:44:54,971 - INFO - Found alternative horse block structure with 3 links
2025-06-12 23:44:54,971 - INFO - Found alternative horse block structure with 3 links
2025-06-12 23:44:54,972 - INFO - Found alternative horse block structure with 3 links
2025-06-12 23:44:54,972 - INFO - Found alternative horse block structure with 3 links
2025-06-12 23:44:54,972 - INFO - Found alternative horse block structure with 3 links
2025-06-12 23:44:54,988 - INFO - Found likely first place horse via structure analysis: News At Ten
2025-06-12 23:44:54,998 - INFO - Found potential first place horse with background styling
2025-06-12 23:44:54,999 - INFO - Found potential first place horse with background styling
2025-06-12 23:44:54,999 - INFO - Found potential first place horse with background styling
2025-06-12 23:44:55,000 - INFO - Found potential first place horse with background styling
2025-06-12 23:44:55,000 - INFO - Found potential first place horse with background styling
2025-06-12 23:44:55,000 - INFO - Found potential first place horse with background styling
2025-06-12 23:44:55,000 - INFO - Found potential first place horse with background styling
2025-06-12 23:44:55,001 - INFO - Found potential first place horse with background styling
2025-06-12 23:44:55,001 - INFO - Found potential first place horse with background styling
2025-06-12 23:44:55,002 - INFO - Found potential first place horse with background styling
2025-06-12 23:44:55,002 - INFO - Found potential first place horse with background styling
2025-06-12 23:44:55,002 - INFO - Found potential first place horse with background styling
2025-06-12 23:44:55,004 - INFO - Found potential first place horse with background styling
2025-06-12 23:44:55,004 - INFO - Found 28 horse entries for https://www.racingtv.com/results/2023-02-03/dundalk/1630 using multiple detection methods
2025-06-12 23:44:55,004 - INFO - Processing sub block #1 for https://www.racingtv.com/results/2023-02-03/dundalk/1630
2025-06-12 23:44:55,004 - INFO - Found 3 <a> tags - Horse: Wishes And Dreams (IRE), Jockey: M. P. Sheehy (claim: 0), Trainer: Joseph Patrick O'Brien
2025-06-12 23:44:55,005 - INFO - Position/Length - Found 2 children: Position: 14th, Lost by: Head
2025-06-12 23:44:55,005 - INFO - Extracted: Wishes And Dreams (IRE) - Position: 14th, Lost by: Head, Jockey: M. P. Sheehy (claim: 0), Trainer: Joseph Patrick O'Brien, Age: 3, Weight: 9-3, Rating: -
2025-06-12 23:44:55,005 - INFO - Processing sub block #2 for https://www.racingtv.com/results/2023-02-03/dundalk/1630
2025-06-12 23:44:55,006 - INFO - Found 3 <a> tags - Horse: Cletus (IRE), Jockey: Seamie Heffernan (claim: 0), Trainer: Kevin Thomas Coleman
2025-06-12 23:44:55,007 - INFO - Position/Length - Found 2 children: Position: 13th, Lost by: 1 1/4 l
2025-06-12 23:44:55,007 - INFO - Extracted: Cletus (IRE) - Position: 13th, Lost by: 1 1/4 l, Jockey: Seamie Heffernan (claim: 0), Trainer: Kevin Thomas Coleman, Age: 3, Weight: 9-8, Rating: -
2025-06-12 23:44:55,007 - INFO - Processing sub block #3 for https://www.racingtv.com/results/2023-02-03/dundalk/1630
2025-06-12 23:44:55,007 - INFO - Found 3 <a> tags - Horse: Grey Daze (IRE), Jockey: Jack Cleary (claim: 7), Trainer: Adrian Murray
2025-06-12 23:44:55,009 - INFO - Position/Length - Found 2 children: Position: 12th, Lost by: 2 1/2 l
2025-06-12 23:44:55,009 - INFO - Extracted: Grey Daze (IRE) - Position: 12th, Lost by: 2 1/2 l, Jockey: Jack Cleary (claim: 7), Trainer: Adrian Murray, Age: 3, Weight: 9-8, Rating: -
2025-06-12 23:44:55,009 - INFO - Processing sub block #4 for https://www.racingtv.com/results/2023-02-03/dundalk/1630
2025-06-12 23:44:55,009 - INFO - Found 3 <a> tags - Horse: Musterion (IRE), Jockey: Declan McDonogh (claim: 0), Trainer: Joseph Patrick O'Brien
2025-06-12 23:44:55,009 - INFO - Position/Length - Found 2 children: Position: 11th, Lost by: 1 l
2025-06-12 23:44:55,009 - INFO - Extracted: Musterion (IRE) - Position: 11th, Lost by: 1 l, Jockey: Declan McDonogh (claim: 0), Trainer: Joseph Patrick O'Brien, Age: 3, Weight: 9-3, Rating: -
2025-06-12 23:44:55,009 - INFO - Processing sub block #5 for https://www.racingtv.com/results/2023-02-03/dundalk/1630
2025-06-12 23:44:55,009 - INFO - Found 3 <a> tags - Horse: Sound of the Night (IRE), Jockey: C. D. Hayes (claim: 0), Trainer: Luke Comer
2025-06-12 23:44:55,009 - INFO - Position/Length - Found 2 children: Position: 10th, Lost by: 1/2 l
2025-06-12 23:44:55,009 - INFO - Extracted: Sound of the Night (IRE) - Position: 10th, Lost by: 1/2 l, Jockey: C. D. Hayes (claim: 0), Trainer: Luke Comer, Age: 3, Weight: 9-3, Rating: -
2025-06-12 23:44:55,009 - INFO - Processing sub block #6 for https://www.racingtv.com/results/2023-02-03/dundalk/1630
2025-06-12 23:44:55,009 - INFO - Found 3 <a> tags - Horse: Rhythm And Tyne (IRE), Jockey: Sam Ewing (claim: 3), Trainer: M. Halford
2025-06-12 23:44:55,014 - INFO - Position/Length - Found 2 children: Position: 9th, Lost by: Short Head
2025-06-12 23:44:55,014 - INFO - Extracted: Rhythm And Tyne (IRE) - Position: 9th, Lost by: Short Head, Jockey: Sam Ewing (claim: 3), Trainer: M. Halford, Age: 3, Weight: 9-8, Rating: -
2025-06-12 23:44:55,014 - INFO - Processing sub block #7 for https://www.racingtv.com/results/2023-02-03/dundalk/1630
2025-06-12 23:44:55,015 - INFO - Found 3 <a> tags - Horse: Zero Mostel, Jockey: C. T. Keane (claim: 0), Trainer: G. M. Lyons
2025-06-12 23:44:55,016 - INFO - Position/Length - Found 2 children: Position: 8th, Lost by: Neck
2025-06-12 23:44:55,016 - INFO - Extracted: Zero Mostel - Position: 8th, Lost by: Neck, Jockey: C. T. Keane (claim: 0), Trainer: G. M. Lyons, Age: 3, Weight: 9-8, Rating: -
2025-06-12 23:44:55,016 - INFO - Processing sub block #8 for https://www.racingtv.com/results/2023-02-03/dundalk/1630
2025-06-12 23:44:55,017 - INFO - Found 3 <a> tags - Horse: Alazne (IRE), Jockey: D. B. McMonagle (claim: 0), Trainer: Joseph Patrick O'Brien
2025-06-12 23:44:55,017 - INFO - Position/Length - Found 2 children: Position: 7th, Lost by: Head
2025-06-12 23:44:55,017 - INFO - Extracted: Alazne (IRE) - Position: 7th, Lost by: Head, Jockey: D. B. McMonagle (claim: 0), Trainer: Joseph Patrick O'Brien, Age: 3, Weight: 9-3, Rating: -
2025-06-12 23:44:55,018 - INFO - Processing sub block #9 for https://www.racingtv.com/results/2023-02-03/dundalk/1630
2025-06-12 23:44:55,019 - INFO - Found 3 <a> tags - Horse: Bitacora (IRE), Jockey: N. M. Crosse (claim: 0), Trainer: Joe Conlon
2025-06-12 23:44:55,019 - INFO - Position/Length - Found 2 children: Position: 6th, Lost by: Neck
2025-06-12 23:44:55,019 - INFO - Extracted: Bitacora (IRE) - Position: 6th, Lost by: Neck, Jockey: N. M. Crosse (claim: 0), Trainer: Joe Conlon, Age: 3, Weight: 9-3t1, Rating: -
2025-06-12 23:44:55,019 - INFO - Processing sub block #10 for https://www.racingtv.com/results/2023-02-03/dundalk/1630
2025-06-12 23:44:55,019 - INFO - Found 3 <a> tags - Horse: Autocrat (IRE), Jockey: J. M. Sheridan (claim: 3), Trainer: Denis Hogan
2025-06-12 23:44:55,019 - INFO - Position/Length - Found 2 children: Position: 5th, Lost by: 1 1/4 l
2025-06-12 23:44:55,019 - INFO - Extracted: Autocrat (IRE) - Position: 5th, Lost by: 1 1/4 l, Jockey: J. M. Sheridan (claim: 3), Trainer: Denis Hogan, Age: 3, Weight: 9-8p1, Rating: -
2025-06-12 23:44:55,019 - INFO - Processing sub block #11 for https://www.racingtv.com/results/2023-02-03/dundalk/1630
2025-06-12 23:44:55,019 - INFO - Found 3 <a> tags - Horse: Cherokee Run (IRE), Jockey: W. M. Lordan (claim: 0), Trainer: Luke Comer
2025-06-12 23:44:55,019 - INFO - Position/Length - Found 2 children: Position: 4th, Lost by: 1/2 l
2025-06-12 23:44:55,019 - INFO - Extracted: Cherokee Run (IRE) - Position: 4th, Lost by: 1/2 l, Jockey: W. M. Lordan (claim: 0), Trainer: Luke Comer, Age: 3, Weight: 9-8, Rating: -
2025-06-12 23:44:55,019 - INFO - Processing sub block #12 for https://www.racingtv.com/results/2023-02-03/dundalk/1630
2025-06-12 23:44:55,024 - INFO - Found 3 <a> tags - Horse: Miami Thunder, Jockey: J. Kearney (claim: 7), Trainer: Adrian Murray
2025-06-12 23:44:55,025 - INFO - Position/Length - Found 2 children: Position: 3rd, Lost by: 1 1/4 l
2025-06-12 23:44:55,025 - INFO - Extracted: Miami Thunder - Position: 3rd, Lost by: 1 1/4 l, Jockey: J. Kearney (claim: 7), Trainer: Adrian Murray, Age: 3, Weight: 9-8, Rating: -
2025-06-12 23:44:55,025 - INFO - Processing sub block #13 for https://www.racingtv.com/results/2023-02-03/dundalk/1630
2025-06-12 23:44:55,025 - INFO - Found 3 <a> tags - Horse: Seven Hills (IRE), Jockey: R. P. Cleary (claim: 0), Trainer: C. W. J. Farrell
2025-06-12 23:44:55,026 - INFO - Position/Length - Found 2 children: Position: 2nd, Lost by: 2 3/4 l
2025-06-12 23:44:55,026 - INFO - Extracted: Seven Hills (IRE) - Position: 2nd, Lost by: 2 3/4 l, Jockey: R. P. Cleary (claim: 0), Trainer: C. W. J. Farrell, Age: 3, Weight: 9-8, Rating: -
2025-06-12 23:44:55,027 - INFO - Processing sub block #14 for https://www.racingtv.com/results/2023-02-03/dundalk/1630
2025-06-12 23:44:55,027 - INFO - Found 3 <a> tags - Horse: News At Ten, Jockey: William James Lee (claim: 0), Trainer: M. D. O'Callaghan
2025-06-12 23:44:55,028 - INFO - Position/Length - Found 1 children: Position: 1st, Lost by: N/A
2025-06-12 23:44:55,028 - INFO - Confirmed winner: News At Ten
2025-06-12 23:44:55,028 - INFO - Extracted: News At Ten - Position: 1st, Lost by: N/A, Jockey: William James Lee (claim: 0), Trainer: M. D. O'Callaghan, Age: 3, Weight: 9-8, Rating: -
2025-06-12 23:44:55,029 - INFO - Processing sub block #15 for https://www.racingtv.com/results/2023-02-03/dundalk/1630
2025-06-12 23:44:55,029 - INFO - Found 3 <a> tags - Horse: Wishes And Dreams (IRE), Jockey: M. P. Sheehy (claim: 0), Trainer: Joseph Patrick O'Brien
2025-06-12 23:44:55,029 - INFO - Position/Length - Found 2 children: Position: 14th, Lost by: Head
2025-06-12 23:44:55,029 - INFO - Extracted: Wishes And Dreams (IRE) - Position: 14th, Lost by: Head, Jockey: M. P. Sheehy (claim: 0), Trainer: Joseph Patrick O'Brien, Age: 3, Weight: 9-3, Rating: -
2025-06-12 23:44:55,029 - INFO - Processing sub block #16 for https://www.racingtv.com/results/2023-02-03/dundalk/1630
2025-06-12 23:44:55,029 - INFO - Found 3 <a> tags - Horse: Cletus (IRE), Jockey: Seamie Heffernan (claim: 0), Trainer: Kevin Thomas Coleman
2025-06-12 23:44:55,031 - INFO - Position/Length - Found 2 children: Position: 13th, Lost by: 1 1/4 l
2025-06-12 23:44:55,031 - INFO - Extracted: Cletus (IRE) - Position: 13th, Lost by: 1 1/4 l, Jockey: Seamie Heffernan (claim: 0), Trainer: Kevin Thomas Coleman, Age: 3, Weight: 9-8, Rating: -
2025-06-12 23:44:55,031 - INFO - Processing sub block #17 for https://www.racingtv.com/results/2023-02-03/dundalk/1630
2025-06-12 23:44:55,032 - INFO - Found 3 <a> tags - Horse: Grey Daze (IRE), Jockey: Jack Cleary (claim: 7), Trainer: Adrian Murray
2025-06-12 23:44:55,033 - INFO - Position/Length - Found 2 children: Position: 12th, Lost by: 2 1/2 l
2025-06-12 23:44:55,033 - INFO - Extracted: Grey Daze (IRE) - Position: 12th, Lost by: 2 1/2 l, Jockey: Jack Cleary (claim: 7), Trainer: Adrian Murray, Age: 3, Weight: 9-8, Rating: -
2025-06-12 23:44:55,034 - INFO - Processing sub block #18 for https://www.racingtv.com/results/2023-02-03/dundalk/1630
2025-06-12 23:44:55,034 - INFO - Found 3 <a> tags - Horse: Musterion (IRE), Jockey: Declan McDonogh (claim: 0), Trainer: Joseph Patrick O'Brien
2025-06-12 23:44:55,035 - INFO - Position/Length - Found 2 children: Position: 11th, Lost by: 1 l
2025-06-12 23:44:55,036 - INFO - Extracted: Musterion (IRE) - Position: 11th, Lost by: 1 l, Jockey: Declan McDonogh (claim: 0), Trainer: Joseph Patrick O'Brien, Age: 3, Weight: 9-3, Rating: -
2025-06-12 23:44:55,036 - INFO - Processing sub block #19 for https://www.racingtv.com/results/2023-02-03/dundalk/1630
2025-06-12 23:44:55,036 - INFO - Found 3 <a> tags - Horse: Sound of the Night (IRE), Jockey: C. D. Hayes (claim: 0), Trainer: Luke Comer
2025-06-12 23:44:55,037 - INFO - Position/Length - Found 2 children: Position: 10th, Lost by: 1/2 l
2025-06-12 23:44:55,037 - INFO - Extracted: Sound of the Night (IRE) - Position: 10th, Lost by: 1/2 l, Jockey: C. D. Hayes (claim: 0), Trainer: Luke Comer, Age: 3, Weight: 9-3, Rating: -
2025-06-12 23:44:55,038 - INFO - Processing sub block #20 for https://www.racingtv.com/results/2023-02-03/dundalk/1630
2025-06-12 23:44:55,038 - INFO - Found 3 <a> tags - Horse: Rhythm And Tyne (IRE), Jockey: Sam Ewing (claim: 3), Trainer: M. Halford
2025-06-12 23:44:55,039 - INFO - Position/Length - Found 2 children: Position: 9th, Lost by: Short Head
2025-06-12 23:44:55,039 - INFO - Extracted: Rhythm And Tyne (IRE) - Position: 9th, Lost by: Short Head, Jockey: Sam Ewing (claim: 3), Trainer: M. Halford, Age: 3, Weight: 9-8, Rating: -
2025-06-12 23:44:55,039 - INFO - Processing sub block #21 for https://www.racingtv.com/results/2023-02-03/dundalk/1630
2025-06-12 23:44:55,039 - INFO - Found 3 <a> tags - Horse: Zero Mostel, Jockey: C. T. Keane (claim: 0), Trainer: G. M. Lyons
2025-06-12 23:44:55,040 - INFO - Position/Length - Found 2 children: Position: 8th, Lost by: Neck
2025-06-12 23:44:55,040 - INFO - Extracted: Zero Mostel - Position: 8th, Lost by: Neck, Jockey: C. T. Keane (claim: 0), Trainer: G. M. Lyons, Age: 3, Weight: 9-8, Rating: -
2025-06-12 23:44:55,040 - INFO - Processing sub block #22 for https://www.racingtv.com/results/2023-02-03/dundalk/1630
2025-06-12 23:44:55,040 - INFO - Found 3 <a> tags - Horse: Alazne (IRE), Jockey: D. B. McMonagle (claim: 0), Trainer: Joseph Patrick O'Brien
2025-06-12 23:44:55,040 - INFO - Position/Length - Found 2 children: Position: 7th, Lost by: Head
2025-06-12 23:44:55,040 - INFO - Extracted: Alazne (IRE) - Position: 7th, Lost by: Head, Jockey: D. B. McMonagle (claim: 0), Trainer: Joseph Patrick O'Brien, Age: 3, Weight: 9-3, Rating: -
2025-06-12 23:44:55,040 - INFO - Processing sub block #23 for https://www.racingtv.com/results/2023-02-03/dundalk/1630
2025-06-12 23:44:55,040 - INFO - Found 3 <a> tags - Horse: Bitacora (IRE), Jockey: N. M. Crosse (claim: 0), Trainer: Joe Conlon
2025-06-12 23:44:55,040 - INFO - Position/Length - Found 2 children: Position: 6th, Lost by: Neck
2025-06-12 23:44:55,040 - INFO - Extracted: Bitacora (IRE) - Position: 6th, Lost by: Neck, Jockey: N. M. Crosse (claim: 0), Trainer: Joe Conlon, Age: 3, Weight: 9-3t1, Rating: -
2025-06-12 23:44:55,040 - INFO - Processing sub block #24 for https://www.racingtv.com/results/2023-02-03/dundalk/1630
2025-06-12 23:44:55,044 - INFO - Found 3 <a> tags - Horse: Autocrat (IRE), Jockey: J. M. Sheridan (claim: 3), Trainer: Denis Hogan
2025-06-12 23:44:55,044 - INFO - Position/Length - Found 2 children: Position: 5th, Lost by: 1 1/4 l
2025-06-12 23:44:55,045 - INFO - Extracted: Autocrat (IRE) - Position: 5th, Lost by: 1 1/4 l, Jockey: J. M. Sheridan (claim: 3), Trainer: Denis Hogan, Age: 3, Weight: 9-8p1, Rating: -
2025-06-12 23:44:55,045 - INFO - Processing sub block #25 for https://www.racingtv.com/results/2023-02-03/dundalk/1630
2025-06-12 23:44:55,045 - INFO - Found 3 <a> tags - Horse: Cherokee Run (IRE), Jockey: W. M. Lordan (claim: 0), Trainer: Luke Comer
2025-06-12 23:44:55,046 - INFO - Position/Length - Found 2 children: Position: 4th, Lost by: 1/2 l
2025-06-12 23:44:55,046 - INFO - Extracted: Cherokee Run (IRE) - Position: 4th, Lost by: 1/2 l, Jockey: W. M. Lordan (claim: 0), Trainer: Luke Comer, Age: 3, Weight: 9-8, Rating: -
2025-06-12 23:44:55,046 - INFO - Processing sub block #26 for https://www.racingtv.com/results/2023-02-03/dundalk/1630
2025-06-12 23:44:55,047 - INFO - Found 3 <a> tags - Horse: Miami Thunder, Jockey: J. Kearney (claim: 7), Trainer: Adrian Murray
2025-06-12 23:44:55,047 - INFO - Position/Length - Found 2 children: Position: 3rd, Lost by: 1 1/4 l
2025-06-12 23:44:55,048 - INFO - Extracted: Miami Thunder - Position: 3rd, Lost by: 1 1/4 l, Jockey: J. Kearney (claim: 7), Trainer: Adrian Murray, Age: 3, Weight: 9-8, Rating: -
2025-06-12 23:44:55,048 - INFO - Processing sub block #27 for https://www.racingtv.com/results/2023-02-03/dundalk/1630
2025-06-12 23:44:55,049 - INFO - Found 3 <a> tags - Horse: Seven Hills (IRE), Jockey: R. P. Cleary (claim: 0), Trainer: C. W. J. Farrell
2025-06-12 23:44:55,050 - INFO - Position/Length - Found 2 children: Position: 2nd, Lost by: 2 3/4 l
2025-06-12 23:44:55,050 - INFO - Extracted: Seven Hills (IRE) - Position: 2nd, Lost by: 2 3/4 l, Jockey: R. P. Cleary (claim: 0), Trainer: C. W. J. Farrell, Age: 3, Weight: 9-8, Rating: -
2025-06-12 23:44:55,050 - INFO - Processing sub block #28 for https://www.racingtv.com/results/2023-02-03/dundalk/1630
2025-06-12 23:44:55,051 - INFO - Found 3 <a> tags - Horse: News At Ten, Jockey: William James Lee (claim: 0), Trainer: M. D. O'Callaghan
2025-06-12 23:44:55,052 - INFO - Position/Length - Found 1 children: Position: 1st, Lost by: N/A
2025-06-12 23:44:55,052 - INFO - Extracted: News At Ten - Position: 1st, Lost by: N/A, Jockey: William James Lee (claim: 0), Trainer: M. D. O'Callaghan, Age: 3, Weight: 9-8, Rating: -
2025-06-12 23:44:55,052 - INFO - Successfully extracted 28/28 horse records from https://www.racingtv.com/results/2023-02-03/dundalk/1630
2025-06-12 23:44:55,053 - INFO - :) First place horse found successfully
2025-06-12 23:44:55,054 - INFO - :) First place horse found successfully
2025-06-12 23:44:55,054 - INFO - :) First place horse found successfully
2025-06-12 23:44:55,054 - INFO - :) First place horse found successfully
2025-06-12 23:44:55,054 - INFO - :) First place horse found successfully
2025-06-12 23:44:55,054 - INFO - :) First place horse found successfully
2025-06-12 23:44:55,055 - INFO - :) First place horse found successfully
2025-06-12 23:44:55,055 - INFO - :) First place horse found successfully
2025-06-12 23:44:55,055 - INFO - :) First place horse found successfully
2025-06-12 23:44:55,055 - INFO - :) First place horse found successfully
2025-06-12 23:44:55,056 - INFO - :) First place horse found successfully
2025-06-12 23:44:55,056 - INFO - :) First place horse found successfully
2025-06-12 23:44:55,056 - INFO - :) First place horse found successfully
2025-06-12 23:44:55,056 - INFO - :) First place horse found successfully
2025-06-12 23:44:55,056 - INFO - :) First place horse found successfully
2025-06-12 23:44:55,057 - INFO - :) First place horse found successfully
2025-06-12 23:44:55,057 - INFO - :) First place horse found successfully
2025-06-12 23:44:55,057 - INFO - :) First place horse found successfully
2025-06-12 23:44:55,057 - INFO - :) First place horse found successfully
2025-06-12 23:44:55,057 - INFO - :) First place horse found successfully
2025-06-12 23:44:55,057 - INFO - :) First place horse found successfully
2025-06-12 23:44:55,057 - INFO - :) First place horse found successfully
2025-06-12 23:44:55,057 - INFO - :) First place horse found successfully
2025-06-12 23:44:55,057 - INFO - :) First place horse found successfully
2025-06-12 23:44:55,057 - INFO - :) First place horse found successfully
2025-06-12 23:44:55,057 - INFO - :) First place horse found successfully
2025-06-12 23:44:55,057 - INFO - :) First place horse found successfully
2025-06-12 23:44:55,059 - INFO - :) First place horse found successfully
2025-06-12 23:44:55,059 - INFO - :) First place horse found successfully
2025-06-12 23:44:55,059 - INFO - Successfully parsed 28 horse records from: https://www.racingtv.com/results/2023-02-03/dundalk/1630
2025-06-12 23:44:55,060 - INFO - Waiting 2 seconds before next request...
2025-06-12 23:44:57,060 - INFO - Batch 40 - URL 43/50: https://www.racingtv.com/results/2023-02-03/dundalk/1700
2025-06-12 23:44:57,060 - INFO - Loading page with Selenium: https://www.racingtv.com/results/2023-02-03/dundalk/1700
2025-06-12 23:45:02,027 - INFO - Racing main block detected for: https://www.racingtv.com/results/2023-02-03/dundalk/1700
2025-06-12 23:45:02,049 - INFO - Successfully loaded page: https://www.racingtv.com/results/2023-02-03/dundalk/1700
2025-06-12 23:45:02,226 - INFO - Extracted race info - Track: Dundalk Racing Results | 3rd February 2023 17:00, Date: N/A, Time: 17:00
2025-06-12 23:45:02,227 - INFO - Found 2nd h3 tag: Standard  4YO+ 1m Winner: €11,000 (12 runners)
2025-06-12 23:45:02,227 - INFO - Extracted - Going: Standard, Distance: 1m
2025-06-12 23:45:02,227 - INFO - Extracting racing data from: https://www.racingtv.com/results/2023-02-03/dundalk/1700
2025-06-12 23:45:02,238 - INFO - Processing main block #1 for https://www.racingtv.com/results/2023-02-03/dundalk/1700
2025-06-12 23:45:02,245 - INFO - Checking 2nd child of main block for first place horse...
2025-06-12 23:45:02,254 - INFO - Found alternative horse block structure with 3 links
2025-06-12 23:45:02,254 - INFO - Found alternative horse block structure with 3 links
2025-06-12 23:45:02,254 - INFO - Found alternative horse block structure with 3 links
2025-06-12 23:45:02,254 - INFO - Found alternative horse block structure with 3 links
2025-06-12 23:45:02,254 - INFO - Found alternative horse block structure with 3 links
2025-06-12 23:45:02,254 - INFO - Found alternative horse block structure with 3 links
2025-06-12 23:45:02,254 - INFO - Found alternative horse block structure with 3 links
2025-06-12 23:45:02,254 - INFO - Found alternative horse block structure with 3 links
2025-06-12 23:45:02,254 - INFO - Found alternative horse block structure with 3 links
2025-06-12 23:45:02,254 - INFO - Found alternative horse block structure with 3 links
2025-06-12 23:45:02,254 - INFO - Found alternative horse block structure with 3 links
2025-06-12 23:45:02,254 - INFO - Found alternative horse block structure with 3 links
2025-06-12 23:45:02,280 - INFO - Found likely first place horse via structure analysis: Solar Breeze (IRE)
2025-06-12 23:45:02,283 - INFO - Found potential first place horse with background styling
2025-06-12 23:45:02,284 - INFO - Found potential first place horse with background styling
2025-06-12 23:45:02,284 - INFO - Found potential first place horse with background styling
2025-06-12 23:45:02,285 - INFO - Found potential first place horse with background styling
2025-06-12 23:45:02,285 - INFO - Found potential first place horse with background styling
2025-06-12 23:45:02,285 - INFO - Found potential first place horse with background styling
2025-06-12 23:45:02,286 - INFO - Found potential first place horse with background styling
2025-06-12 23:45:02,287 - INFO - Found potential first place horse with background styling
2025-06-12 23:45:02,287 - INFO - Found potential first place horse with background styling
2025-06-12 23:45:02,287 - INFO - Found potential first place horse with background styling
2025-06-12 23:45:02,287 - INFO - Found potential first place horse with background styling
2025-06-12 23:45:02,288 - INFO - Found 24 horse entries for https://www.racingtv.com/results/2023-02-03/dundalk/1700 using multiple detection methods
2025-06-12 23:45:02,288 - INFO - Processing sub block #1 for https://www.racingtv.com/results/2023-02-03/dundalk/1700
2025-06-12 23:45:02,288 - INFO - Found 3 <a> tags - Horse: Love Me Doree (IRE), Jockey: C. D. Maxwell (claim: 0), Trainer: Dermot Anthony McLoughlin
2025-06-12 23:45:02,289 - INFO - Position/Length - Found 2 children: Position: 12th, Lost by: 1/2 l
2025-06-12 23:45:02,289 - INFO - Extracted: Love Me Doree (IRE) - Position: 12th, Lost by: 1/2 l, Jockey: C. D. Maxwell (claim: 0), Trainer: Dermot Anthony McLoughlin, Age: 4, Weight: 9-4, Rating: -
2025-06-12 23:45:02,289 - INFO - Processing sub block #2 for https://www.racingtv.com/results/2023-02-03/dundalk/1700
2025-06-12 23:45:02,289 - INFO - Found 3 <a> tags - Horse: Sli Phadraigin (IRE), Jockey: C. T. Keane (claim: 0), Trainer: Gerard Keane
2025-06-12 23:45:02,289 - INFO - Position/Length - Found 2 children: Position: 11th, Lost by: 3 l
2025-06-12 23:45:02,289 - INFO - Extracted: Sli Phadraigin (IRE) - Position: 11th, Lost by: 3 l, Jockey: C. T. Keane (claim: 0), Trainer: Gerard Keane, Age: 4, Weight: 9-4, Rating: -
2025-06-12 23:45:02,289 - INFO - Processing sub block #3 for https://www.racingtv.com/results/2023-02-03/dundalk/1700
2025-06-12 23:45:02,292 - INFO - Found 3 <a> tags - Horse: Bobbys Angel, Jockey: N. M. Crosse (claim: 0), Trainer: Luke Comer
2025-06-12 23:45:02,292 - INFO - Position/Length - Found 2 children: Position: 10th, Lost by: 2 l
2025-06-12 23:45:02,293 - INFO - Extracted: Bobbys Angel - Position: 10th, Lost by: 2 l, Jockey: N. M. Crosse (claim: 0), Trainer: Luke Comer, Age: 5, Weight: 9-4, Rating: -
2025-06-12 23:45:02,293 - INFO - Processing sub block #4 for https://www.racingtv.com/results/2023-02-03/dundalk/1700
2025-06-12 23:45:02,293 - INFO - Found 3 <a> tags - Horse: Way Forward (IRE), Jockey: D. B. McMonagle (claim: 0), Trainer: Luke Comer
2025-06-12 23:45:02,294 - INFO - Position/Length - Found 2 children: Position: 9th, Lost by: Neck
2025-06-12 23:45:02,294 - INFO - Extracted: Way Forward (IRE) - Position: 9th, Lost by: Neck, Jockey: D. B. McMonagle (claim: 0), Trainer: Luke Comer, Age: 4, Weight: 9-4, Rating: -
2025-06-12 23:45:02,295 - INFO - Processing sub block #5 for https://www.racingtv.com/results/2023-02-03/dundalk/1700
2025-06-12 23:45:02,295 - INFO - Found 3 <a> tags - Horse: Miss Upbeat (IRE), Jockey: D. W. O'Connor (claim: 0), Trainer: John McConnell
2025-06-12 23:45:02,296 - INFO - Position/Length - Found 2 children: Position: 8th, Lost by: 3 l
2025-06-12 23:45:02,296 - INFO - Extracted: Miss Upbeat (IRE) - Position: 8th, Lost by: 3 l, Jockey: D. W. O'Connor (claim: 0), Trainer: John McConnell, Age: 4, Weight: 9-4t, Rating: -
2025-06-12 23:45:02,296 - INFO - Processing sub block #6 for https://www.racingtv.com/results/2023-02-03/dundalk/1700
2025-06-12 23:45:02,297 - INFO - Found 3 <a> tags - Horse: Maggie and Me, Jockey: C. D. Hayes (claim: 0), Trainer: P. F. McEnery
2025-06-12 23:45:02,298 - INFO - Position/Length - Found 2 children: Position: 7th, Lost by: 1 1/4 l
2025-06-12 23:45:02,298 - INFO - Extracted: Maggie and Me - Position: 7th, Lost by: 1 1/4 l, Jockey: C. D. Hayes (claim: 0), Trainer: P. F. McEnery, Age: 4, Weight: 9-4h, Rating: -
2025-06-12 23:45:02,298 - INFO - Processing sub block #7 for https://www.racingtv.com/results/2023-02-03/dundalk/1700
2025-06-12 23:45:02,299 - INFO - Found 3 <a> tags - Horse: Banned, Jockey: M. P. Sheehy (claim: 0), Trainer: Joseph Patrick O'Brien
2025-06-12 23:45:02,300 - INFO - Position/Length - Found 2 children: Position: 6th, Lost by: 1 3/4 l
2025-06-12 23:45:02,300 - INFO - Extracted: Banned - Position: 6th, Lost by: 1 3/4 l, Jockey: M. P. Sheehy (claim: 0), Trainer: Joseph Patrick O'Brien, Age: 4, Weight: 9-4, Rating: -
2025-06-12 23:45:02,300 - INFO - Processing sub block #8 for https://www.racingtv.com/results/2023-02-03/dundalk/1700
2025-06-12 23:45:02,302 - INFO - Found 3 <a> tags - Horse: Wootton Babble (FR), Jockey: C. Horgan (claim: 7), Trainer: A. Slattery
2025-06-12 23:45:02,302 - INFO - Position/Length - Found 2 children: Position: 5th, Lost by: 2 1/4 l
2025-06-12 23:45:02,302 - INFO - Extracted: Wootton Babble (FR) - Position: 5th, Lost by: 2 1/4 l, Jockey: C. Horgan (claim: 7), Trainer: A. Slattery, Age: 4, Weight: 9-4, Rating: -
2025-06-12 23:45:02,303 - INFO - Processing sub block #9 for https://www.racingtv.com/results/2023-02-03/dundalk/1700
2025-06-12 23:45:02,303 - INFO - Found 3 <a> tags - Horse: Dagoda (IRE), Jockey: M. A. Enright (claim: 0), Trainer: Miss Jennifer Anne Lynch
2025-06-12 23:45:02,304 - INFO - Position/Length - Found 2 children: Position: 4th, Lost by: 3/4 l
2025-06-12 23:45:02,304 - INFO - Extracted: Dagoda (IRE) - Position: 4th, Lost by: 3/4 l, Jockey: M. A. Enright (claim: 0), Trainer: Miss Jennifer Anne Lynch, Age: 5, Weight: 9-4, Rating: -
2025-06-12 23:45:02,304 - INFO - Processing sub block #10 for https://www.racingtv.com/results/2023-02-03/dundalk/1700
2025-06-12 23:45:02,305 - INFO - Found 3 <a> tags - Horse: Dabana (IRE), Jockey: J. Kearney (claim: 7), Trainer: Mark Fahey
2025-06-12 23:45:02,306 - INFO - Position/Length - Found 2 children: Position: 3rd, Lost by: 1 1/2 l
2025-06-12 23:45:02,306 - INFO - Extracted: Dabana (IRE) - Position: 3rd, Lost by: 1 1/2 l, Jockey: J. Kearney (claim: 7), Trainer: Mark Fahey, Age: 4, Weight: 9-4tp1, Rating: -
2025-06-12 23:45:02,306 - INFO - Processing sub block #11 for https://www.racingtv.com/results/2023-02-03/dundalk/1700
2025-06-12 23:45:02,307 - INFO - Found 3 <a> tags - Horse: Lauroline, Jockey: C. Geerdharry (claim: 10), Trainer: John Patrick Murtagh
2025-06-12 23:45:02,308 - INFO - Position/Length - Found 2 children: Position: 2nd, Lost by: 3 1/4 l
2025-06-12 23:45:02,308 - INFO - Extracted: Lauroline - Position: 2nd, Lost by: 3 1/4 l, Jockey: C. Geerdharry (claim: 10), Trainer: John Patrick Murtagh, Age: 4, Weight: 9-4, Rating: -
2025-06-12 23:45:02,309 - INFO - Processing sub block #12 for https://www.racingtv.com/results/2023-02-03/dundalk/1700
2025-06-12 23:45:02,309 - INFO - Found 3 <a> tags - Horse: Solar Breeze (IRE), Jockey: R. C. Colgan (claim: 0), Trainer: Ms Sheila Lavery
2025-06-12 23:45:02,310 - INFO - Position/Length - Found 1 children: Position: 1st, Lost by: N/A
2025-06-12 23:45:02,310 - INFO - Confirmed winner: Solar Breeze (IRE)
2025-06-12 23:45:02,310 - INFO - Extracted: Solar Breeze (IRE) - Position: 1st, Lost by: N/A, Jockey: R. C. Colgan (claim: 0), Trainer: Ms Sheila Lavery, Age: 4, Weight: 9-4, Rating: -
2025-06-12 23:45:02,310 - INFO - Processing sub block #13 for https://www.racingtv.com/results/2023-02-03/dundalk/1700
2025-06-12 23:45:02,311 - INFO - Found 3 <a> tags - Horse: Love Me Doree (IRE), Jockey: C. D. Maxwell (claim: 0), Trainer: Dermot Anthony McLoughlin
2025-06-12 23:45:02,311 - INFO - Position/Length - Found 2 children: Position: 12th, Lost by: 1/2 l
2025-06-12 23:45:02,312 - INFO - Extracted: Love Me Doree (IRE) - Position: 12th, Lost by: 1/2 l, Jockey: C. D. Maxwell (claim: 0), Trainer: Dermot Anthony McLoughlin, Age: 4, Weight: 9-4, Rating: -
2025-06-12 23:45:02,312 - INFO - Processing sub block #14 for https://www.racingtv.com/results/2023-02-03/dundalk/1700
2025-06-12 23:45:02,312 - INFO - Found 3 <a> tags - Horse: Sli Phadraigin (IRE), Jockey: C. T. Keane (claim: 0), Trainer: Gerard Keane
2025-06-12 23:45:02,312 - INFO - Position/Length - Found 2 children: Position: 11th, Lost by: 3 l
2025-06-12 23:45:02,312 - INFO - Extracted: Sli Phadraigin (IRE) - Position: 11th, Lost by: 3 l, Jockey: C. T. Keane (claim: 0), Trainer: Gerard Keane, Age: 4, Weight: 9-4, Rating: -
2025-06-12 23:45:02,313 - INFO - Processing sub block #15 for https://www.racingtv.com/results/2023-02-03/dundalk/1700
2025-06-12 23:45:02,314 - INFO - Found 3 <a> tags - Horse: Bobbys Angel, Jockey: N. M. Crosse (claim: 0), Trainer: Luke Comer
2025-06-12 23:45:02,314 - INFO - Position/Length - Found 2 children: Position: 10th, Lost by: 2 l
2025-06-12 23:45:02,315 - INFO - Extracted: Bobbys Angel - Position: 10th, Lost by: 2 l, Jockey: N. M. Crosse (claim: 0), Trainer: Luke Comer, Age: 5, Weight: 9-4, Rating: -
2025-06-12 23:45:02,315 - INFO - Processing sub block #16 for https://www.racingtv.com/results/2023-02-03/dundalk/1700
2025-06-12 23:45:02,315 - INFO - Found 3 <a> tags - Horse: Way Forward (IRE), Jockey: D. B. McMonagle (claim: 0), Trainer: Luke Comer
2025-06-12 23:45:02,316 - INFO - Position/Length - Found 2 children: Position: 9th, Lost by: Neck
2025-06-12 23:45:02,316 - INFO - Extracted: Way Forward (IRE) - Position: 9th, Lost by: Neck, Jockey: D. B. McMonagle (claim: 0), Trainer: Luke Comer, Age: 4, Weight: 9-4, Rating: -
2025-06-12 23:45:02,316 - INFO - Processing sub block #17 for https://www.racingtv.com/results/2023-02-03/dundalk/1700
2025-06-12 23:45:02,317 - INFO - Found 3 <a> tags - Horse: Miss Upbeat (IRE), Jockey: D. W. O'Connor (claim: 0), Trainer: John McConnell
2025-06-12 23:45:02,318 - INFO - Position/Length - Found 2 children: Position: 8th, Lost by: 3 l
2025-06-12 23:45:02,318 - INFO - Extracted: Miss Upbeat (IRE) - Position: 8th, Lost by: 3 l, Jockey: D. W. O'Connor (claim: 0), Trainer: John McConnell, Age: 4, Weight: 9-4t, Rating: -
2025-06-12 23:45:02,318 - INFO - Processing sub block #18 for https://www.racingtv.com/results/2023-02-03/dundalk/1700
2025-06-12 23:45:02,319 - INFO - Found 3 <a> tags - Horse: Maggie and Me, Jockey: C. D. Hayes (claim: 0), Trainer: P. F. McEnery
2025-06-12 23:45:02,319 - INFO - Position/Length - Found 2 children: Position: 7th, Lost by: 1 1/4 l
2025-06-12 23:45:02,320 - INFO - Extracted: Maggie and Me - Position: 7th, Lost by: 1 1/4 l, Jockey: C. D. Hayes (claim: 0), Trainer: P. F. McEnery, Age: 4, Weight: 9-4h, Rating: -
2025-06-12 23:45:02,320 - INFO - Processing sub block #19 for https://www.racingtv.com/results/2023-02-03/dundalk/1700
2025-06-12 23:45:02,320 - INFO - Found 3 <a> tags - Horse: Banned, Jockey: M. P. Sheehy (claim: 0), Trainer: Joseph Patrick O'Brien
2025-06-12 23:45:02,321 - INFO - Position/Length - Found 2 children: Position: 6th, Lost by: 1 3/4 l
2025-06-12 23:45:02,321 - INFO - Extracted: Banned - Position: 6th, Lost by: 1 3/4 l, Jockey: M. P. Sheehy (claim: 0), Trainer: Joseph Patrick O'Brien, Age: 4, Weight: 9-4, Rating: -
2025-06-12 23:45:02,321 - INFO - Processing sub block #20 for https://www.racingtv.com/results/2023-02-03/dundalk/1700
2025-06-12 23:45:02,322 - INFO - Found 3 <a> tags - Horse: Wootton Babble (FR), Jockey: C. Horgan (claim: 7), Trainer: A. Slattery
2025-06-12 23:45:02,322 - INFO - Position/Length - Found 2 children: Position: 5th, Lost by: 2 1/4 l
2025-06-12 23:45:02,323 - INFO - Extracted: Wootton Babble (FR) - Position: 5th, Lost by: 2 1/4 l, Jockey: C. Horgan (claim: 7), Trainer: A. Slattery, Age: 4, Weight: 9-4, Rating: -
2025-06-12 23:45:02,323 - INFO - Processing sub block #21 for https://www.racingtv.com/results/2023-02-03/dundalk/1700
2025-06-12 23:45:02,323 - INFO - Found 3 <a> tags - Horse: Dagoda (IRE), Jockey: M. A. Enright (claim: 0), Trainer: Miss Jennifer Anne Lynch
2025-06-12 23:45:02,324 - INFO - Position/Length - Found 2 children: Position: 4th, Lost by: 3/4 l
2025-06-12 23:45:02,324 - INFO - Extracted: Dagoda (IRE) - Position: 4th, Lost by: 3/4 l, Jockey: M. A. Enright (claim: 0), Trainer: Miss Jennifer Anne Lynch, Age: 5, Weight: 9-4, Rating: -
2025-06-12 23:45:02,324 - INFO - Processing sub block #22 for https://www.racingtv.com/results/2023-02-03/dundalk/1700
2025-06-12 23:45:02,325 - INFO - Found 3 <a> tags - Horse: Dabana (IRE), Jockey: J. Kearney (claim: 7), Trainer: Mark Fahey
2025-06-12 23:45:02,325 - INFO - Position/Length - Found 2 children: Position: 3rd, Lost by: 1 1/2 l
2025-06-12 23:45:02,326 - INFO - Extracted: Dabana (IRE) - Position: 3rd, Lost by: 1 1/2 l, Jockey: J. Kearney (claim: 7), Trainer: Mark Fahey, Age: 4, Weight: 9-4tp1, Rating: -
2025-06-12 23:45:02,326 - INFO - Processing sub block #23 for https://www.racingtv.com/results/2023-02-03/dundalk/1700
2025-06-12 23:45:02,326 - INFO - Found 3 <a> tags - Horse: Lauroline, Jockey: C. Geerdharry (claim: 10), Trainer: John Patrick Murtagh
2025-06-12 23:45:02,327 - INFO - Position/Length - Found 2 children: Position: 2nd, Lost by: 3 1/4 l
2025-06-12 23:45:02,327 - INFO - Extracted: Lauroline - Position: 2nd, Lost by: 3 1/4 l, Jockey: C. Geerdharry (claim: 10), Trainer: John Patrick Murtagh, Age: 4, Weight: 9-4, Rating: -
2025-06-12 23:45:02,327 - INFO - Processing sub block #24 for https://www.racingtv.com/results/2023-02-03/dundalk/1700
2025-06-12 23:45:02,328 - INFO - Found 3 <a> tags - Horse: Solar Breeze (IRE), Jockey: R. C. Colgan (claim: 0), Trainer: Ms Sheila Lavery
2025-06-12 23:45:02,328 - INFO - Position/Length - Found 1 children: Position: 1st, Lost by: N/A
2025-06-12 23:45:02,329 - INFO - Extracted: Solar Breeze (IRE) - Position: 1st, Lost by: N/A, Jockey: R. C. Colgan (claim: 0), Trainer: Ms Sheila Lavery, Age: 4, Weight: 9-4, Rating: -
2025-06-12 23:45:02,329 - INFO - Successfully extracted 24/24 horse records from https://www.racingtv.com/results/2023-02-03/dundalk/1700
2025-06-12 23:45:02,329 - INFO - :) First place horse found successfully
2025-06-12 23:45:02,329 - INFO - :) First place horse found successfully
2025-06-12 23:45:02,329 - INFO - :) First place horse found successfully
2025-06-12 23:45:02,330 - INFO - :) First place horse found successfully
2025-06-12 23:45:02,330 - INFO - :) First place horse found successfully
2025-06-12 23:45:02,330 - INFO - :) First place horse found successfully
2025-06-12 23:45:02,330 - INFO - :) First place horse found successfully
2025-06-12 23:45:02,331 - INFO - :) First place horse found successfully
2025-06-12 23:45:02,331 - INFO - :) First place horse found successfully
2025-06-12 23:45:02,331 - INFO - :) First place horse found successfully
2025-06-12 23:45:02,331 - INFO - :) First place horse found successfully
2025-06-12 23:45:02,332 - INFO - :) First place horse found successfully
2025-06-12 23:45:02,332 - INFO - :) First place horse found successfully
2025-06-12 23:45:02,332 - INFO - :) First place horse found successfully
2025-06-12 23:45:02,332 - INFO - :) First place horse found successfully
2025-06-12 23:45:02,333 - INFO - :) First place horse found successfully
2025-06-12 23:45:02,333 - INFO - :) First place horse found successfully
2025-06-12 23:45:02,333 - INFO - :) First place horse found successfully
2025-06-12 23:45:02,333 - INFO - :) First place horse found successfully
2025-06-12 23:45:02,333 - INFO - :) First place horse found successfully
2025-06-12 23:45:02,334 - INFO - :) First place horse found successfully
2025-06-12 23:45:02,334 - INFO - :) First place horse found successfully
2025-06-12 23:45:02,334 - INFO - :) First place horse found successfully
2025-06-12 23:45:02,335 - INFO - :) First place horse found successfully
2025-06-12 23:45:02,335 - INFO - :) First place horse found successfully
2025-06-12 23:45:02,335 - INFO - Successfully parsed 24 horse records from: https://www.racingtv.com/results/2023-02-03/dundalk/1700
2025-06-12 23:45:02,335 - INFO - Waiting 2 seconds before next request...
2025-06-12 23:45:04,337 - INFO - Batch 40 - URL 44/50: https://www.racingtv.com/results/2023-02-03/dundalk/1730
2025-06-12 23:45:04,339 - INFO - Loading page with Selenium: https://www.racingtv.com/results/2023-02-03/dundalk/1730
2025-06-12 23:45:09,474 - INFO - Racing main block detected for: https://www.racingtv.com/results/2023-02-03/dundalk/1730
2025-06-12 23:45:09,531 - INFO - Successfully loaded page: https://www.racingtv.com/results/2023-02-03/dundalk/1730
2025-06-12 23:45:09,640 - INFO - Extracted race info - Track: Dundalk Racing Results | 3rd February 2023 17:30, Date: N/A, Time: 17:30
2025-06-12 23:45:09,640 - INFO - Found 2nd h3 tag: Standard  4YO+ 1m Winner: €11,000 (14 runners)
2025-06-12 23:45:09,640 - INFO - Extracted - Going: Standard, Distance: 1m
2025-06-12 23:45:09,640 - INFO - Extracting racing data from: https://www.racingtv.com/results/2023-02-03/dundalk/1730
2025-06-12 23:45:09,672 - INFO - Processing main block #1 for https://www.racingtv.com/results/2023-02-03/dundalk/1730
2025-06-12 23:45:09,683 - INFO - Checking 2nd child of main block for first place horse...
2025-06-12 23:45:09,687 - INFO - Found alternative horse block structure with 3 links
2025-06-12 23:45:09,687 - INFO - Found alternative horse block structure with 3 links
2025-06-12 23:45:09,687 - INFO - Found alternative horse block structure with 3 links
2025-06-12 23:45:09,690 - INFO - Found alternative horse block structure with 3 links
2025-06-12 23:45:09,690 - INFO - Found alternative horse block structure with 3 links
2025-06-12 23:45:09,690 - INFO - Found alternative horse block structure with 3 links
2025-06-12 23:45:09,691 - INFO - Found alternative horse block structure with 3 links
2025-06-12 23:45:09,691 - INFO - Found alternative horse block structure with 3 links
2025-06-12 23:45:09,691 - INFO - Found alternative horse block structure with 3 links
2025-06-12 23:45:09,692 - INFO - Found alternative horse block structure with 3 links
2025-06-12 23:45:09,692 - INFO - Found alternative horse block structure with 3 links
2025-06-12 23:45:09,692 - INFO - Found alternative horse block structure with 3 links
2025-06-12 23:45:09,692 - INFO - Found alternative horse block structure with 3 links
2025-06-12 23:45:09,693 - INFO - Found alternative horse block structure with 3 links
2025-06-12 23:45:09,721 - INFO - Found likely first place horse via structure analysis: Mulgrave (IRE)
2025-06-12 23:45:09,722 - INFO - Found potential first place horse with background styling
2025-06-12 23:45:09,723 - INFO - Found potential first place horse with background styling
2025-06-12 23:45:09,723 - INFO - Found potential first place horse with background styling
2025-06-12 23:45:09,724 - INFO - Found potential first place horse with background styling
2025-06-12 23:45:09,725 - INFO - Found potential first place horse with background styling
2025-06-12 23:45:09,725 - INFO - Found potential first place horse with background styling
2025-06-12 23:45:09,726 - INFO - Found potential first place horse with background styling
2025-06-12 23:45:09,726 - INFO - Found potential first place horse with background styling
2025-06-12 23:45:09,726 - INFO - Found potential first place horse with background styling
2025-06-12 23:45:09,727 - INFO - Found potential first place horse with background styling
2025-06-12 23:45:09,727 - INFO - Found potential first place horse with background styling
2025-06-12 23:45:09,728 - INFO - Found potential first place horse with background styling
2025-06-12 23:45:09,728 - INFO - Found potential first place horse with background styling
2025-06-12 23:45:09,728 - INFO - Found 28 horse entries for https://www.racingtv.com/results/2023-02-03/dundalk/1730 using multiple detection methods
2025-06-12 23:45:09,728 - INFO - Processing sub block #1 for https://www.racingtv.com/results/2023-02-03/dundalk/1730
2025-06-12 23:45:09,729 - INFO - Found 3 <a> tags - Horse: River Derwent, Jockey: Seamie Heffernan (claim: 0), Trainer: R. Donohoe
2025-06-12 23:45:09,730 - INFO - Position/Length - Found 2 children: Position: 14th, Lost by: 2 3/4 l
2025-06-12 23:45:09,730 - INFO - Extracted: River Derwent - Position: 14th, Lost by: 2 3/4 l, Jockey: Seamie Heffernan (claim: 0), Trainer: R. Donohoe, Age: 5, Weight: 9-10, Rating: 68
2025-06-12 23:45:09,730 - INFO - Processing sub block #2 for https://www.racingtv.com/results/2023-02-03/dundalk/1730
2025-06-12 23:45:09,731 - INFO - Found 3 <a> tags - Horse: Field Of Honour, Jockey: J. M. Sheridan (claim: 3), Trainer: Denis Hogan
2025-06-12 23:45:09,732 - INFO - Position/Length - Found 2 children: Position: 13th, Lost by: Nose
2025-06-12 23:45:09,733 - INFO - Extracted: Field Of Honour - Position: 13th, Lost by: Nose, Jockey: J. M. Sheridan (claim: 3), Trainer: Denis Hogan, Age: 4, Weight: 10-1, Rating: 73
2025-06-12 23:45:09,733 - INFO - Processing sub block #3 for https://www.racingtv.com/results/2023-02-03/dundalk/1730
2025-06-12 23:45:09,734 - INFO - Found 3 <a> tags - Horse: Lead on Mcduff, Jockey: J. Kearney (claim: 7), Trainer: Andrew McNamara
2025-06-12 23:45:09,735 - INFO - Position/Length - Found 2 children: Position: 12th, Lost by: 1 3/4 l
2025-06-12 23:45:09,735 - INFO - Extracted: Lead on Mcduff - Position: 12th, Lost by: 1 3/4 l, Jockey: J. Kearney (claim: 7), Trainer: Andrew McNamara, Age: 4, Weight: 9-13, Rating: 71
2025-06-12 23:45:09,735 - INFO - Processing sub block #4 for https://www.racingtv.com/results/2023-02-03/dundalk/1730
2025-06-12 23:45:09,736 - INFO - Found 3 <a> tags - Horse: Skontonovski, Jockey: C. J. MacRedmond (claim: 5), Trainer: Adrian McGuinness
2025-06-12 23:45:09,737 - INFO - Position/Length - Found 2 children: Position: 11th, Lost by: 1 l
2025-06-12 23:45:09,737 - INFO - Extracted: Skontonovski - Position: 11th, Lost by: 1 l, Jockey: C. J. MacRedmond (claim: 5), Trainer: Adrian McGuinness, Age: 6, Weight: 9-11v, Rating: 69
2025-06-12 23:45:09,737 - INFO - Processing sub block #5 for https://www.racingtv.com/results/2023-02-03/dundalk/1730
2025-06-12 23:45:09,738 - INFO - Found 3 <a> tags - Horse: Akmaam (FR), Jockey: E. A. Murphy (claim: 10), Trainer: J. F. Levins
2025-06-12 23:45:09,739 - INFO - Position/Length - Found 2 children: Position: 10th, Lost by: 4 1/2 l
2025-06-12 23:45:09,739 - INFO - Extracted: Akmaam (FR) - Position: 10th, Lost by: 4 1/2 l, Jockey: E. A. Murphy (claim: 10), Trainer: J. F. Levins, Age: 5, Weight: 10-1, Rating: 73
2025-06-12 23:45:09,739 - INFO - Processing sub block #6 for https://www.racingtv.com/results/2023-02-03/dundalk/1730
2025-06-12 23:45:09,740 - INFO - Found 3 <a> tags - Horse: Chavajod, Jockey: S. B. Kelly (claim: 0), Trainer: John Patrick Murtagh
2025-06-12 23:45:09,740 - INFO - Position/Length - Found 2 children: Position: 9th, Lost by: 1 l
2025-06-12 23:45:09,741 - INFO - Extracted: Chavajod - Position: 9th, Lost by: 1 l, Jockey: S. B. Kelly (claim: 0), Trainer: John Patrick Murtagh, Age: 5, Weight: 10-0b, Rating: 72
2025-06-12 23:45:09,741 - INFO - Processing sub block #7 for https://www.racingtv.com/results/2023-02-03/dundalk/1730
2025-06-12 23:45:09,741 - INFO - Found 3 <a> tags - Horse: Barbapapa (IRE), Jockey: Sam Ewing (claim: 3), Trainer: Henry de Bromhead
2025-06-12 23:45:09,742 - INFO - Position/Length - Found 2 children: Position: 8th, Lost by: Nose
2025-06-12 23:45:09,742 - INFO - Extracted: Barbapapa (IRE) - Position: 8th, Lost by: Nose, Jockey: Sam Ewing (claim: 3), Trainer: Henry de Bromhead, Age: 4, Weight: 10-1tp, Rating: 73
2025-06-12 23:45:09,743 - INFO - Processing sub block #8 for https://www.racingtv.com/results/2023-02-03/dundalk/1730
2025-06-12 23:45:09,743 - INFO - Found 3 <a> tags - Horse: Admiral Nelson, Jockey: K. Bailey (claim: 10), Trainer: J. F. Levins
2025-06-12 23:45:09,744 - INFO - Position/Length - Found 2 children: Position: 7th, Lost by: 1/2 l
2025-06-12 23:45:09,744 - INFO - Extracted: Admiral Nelson - Position: 7th, Lost by: 1/2 l, Jockey: K. Bailey (claim: 10), Trainer: J. F. Levins, Age: 5, Weight: 10-1t, Rating: 73
2025-06-12 23:45:09,744 - INFO - Processing sub block #9 for https://www.racingtv.com/results/2023-02-03/dundalk/1730
2025-06-12 23:45:09,745 - INFO - Found 3 <a> tags - Horse: Notforalongtime, Jockey: M. A. Enright (claim: 0), Trainer: Laura Hourigan
2025-06-12 23:45:09,746 - INFO - Position/Length - Found 2 children: Position: 6th, Lost by: Neck
2025-06-12 23:45:09,746 - INFO - Extracted: Notforalongtime - Position: 6th, Lost by: Neck, Jockey: M. A. Enright (claim: 0), Trainer: Laura Hourigan, Age: 6, Weight: 9-12p, Rating: 70
2025-06-12 23:45:09,746 - INFO - Processing sub block #10 for https://www.racingtv.com/results/2023-02-03/dundalk/1730
2025-06-12 23:45:09,747 - INFO - Found 3 <a> tags - Horse: Tyrconnell (IRE), Jockey: S. M. Crosse (claim: 0), Trainer: Sarah Lynam
2025-06-12 23:45:09,748 - INFO - Position/Length - Found 2 children: Position: 5th, Lost by: 3/4 l
2025-06-12 23:45:09,748 - INFO - Extracted: Tyrconnell (IRE) - Position: 5th, Lost by: 3/4 l, Jockey: S. M. Crosse (claim: 0), Trainer: Sarah Lynam, Age: 9, Weight: 10-2v, Rating: 74
2025-06-12 23:45:09,748 - INFO - Processing sub block #11 for https://www.racingtv.com/results/2023-02-03/dundalk/1730
2025-06-12 23:45:09,749 - INFO - Found 3 <a> tags - Horse: Evening Verse (IRE), Jockey: C. D. Hayes (claim: 0), Trainer: Miss Hilary McLoughlin
2025-06-12 23:45:09,750 - INFO - Position/Length - Found 2 children: Position: 4th, Lost by: Head
2025-06-12 23:45:09,750 - INFO - Extracted: Evening Verse (IRE) - Position: 4th, Lost by: Head, Jockey: C. D. Hayes (claim: 0), Trainer: Miss Hilary McLoughlin, Age: 6, Weight: 9-2p, Rating: 60
2025-06-12 23:45:09,750 - INFO - Processing sub block #12 for https://www.racingtv.com/results/2023-02-03/dundalk/1730
2025-06-12 23:45:09,751 - INFO - Found 3 <a> tags - Horse: Ghumama (IRE), Jockey: William James Lee (claim: 0), Trainer: James McAuley
2025-06-12 23:45:09,755 - INFO - Position/Length - Found 2 children: Position: 3rd, Lost by: Neck
2025-06-12 23:45:09,756 - INFO - Extracted: Ghumama (IRE) - Position: 3rd, Lost by: Neck, Jockey: William James Lee (claim: 0), Trainer: James McAuley, Age: 5, Weight: 9-10tp, Rating: 68
2025-06-12 23:45:09,757 - INFO - Processing sub block #13 for https://www.racingtv.com/results/2023-02-03/dundalk/1730
2025-06-12 23:45:09,768 - INFO - Found 3 <a> tags - Horse: Jered Maddox, Jockey: Declan McDonogh (claim: 0), Trainer: David Marnane
2025-06-12 23:45:09,769 - INFO - Position/Length - Found 2 children: Position: 2nd, Lost by: 1 1/2 l
2025-06-12 23:45:09,769 - INFO - Extracted: Jered Maddox - Position: 2nd, Lost by: 1 1/2 l, Jockey: Declan McDonogh (claim: 0), Trainer: David Marnane, Age: 7, Weight: 9-8, Rating: 66
2025-06-12 23:45:09,770 - INFO - Processing sub block #14 for https://www.racingtv.com/results/2023-02-03/dundalk/1730
2025-06-12 23:45:09,772 - INFO - Found 3 <a> tags - Horse: Mulgrave (IRE), Jockey: D. W. O'Connor (claim: 0), Trainer: John McConnell
2025-06-12 23:45:09,784 - INFO - Position/Length - Found 1 children: Position: 1st, Lost by: N/A
2025-06-12 23:45:09,785 - INFO - Confirmed winner: Mulgrave (IRE)
2025-06-12 23:45:09,785 - INFO - Extracted: Mulgrave (IRE) - Position: 1st, Lost by: N/A, Jockey: D. W. O'Connor (claim: 0), Trainer: John McConnell, Age: 5, Weight: 9-9ht, Rating: 67
2025-06-12 23:45:09,785 - INFO - Processing sub block #15 for https://www.racingtv.com/results/2023-02-03/dundalk/1730
2025-06-12 23:45:09,785 - INFO - Found 3 <a> tags - Horse: River Derwent, Jockey: Seamie Heffernan (claim: 0), Trainer: R. Donohoe
2025-06-12 23:45:09,785 - INFO - Position/Length - Found 2 children: Position: 14th, Lost by: 2 3/4 l
2025-06-12 23:45:09,785 - INFO - Extracted: River Derwent - Position: 14th, Lost by: 2 3/4 l, Jockey: Seamie Heffernan (claim: 0), Trainer: R. Donohoe, Age: 5, Weight: 9-10, Rating: 68
2025-06-12 23:45:09,785 - INFO - Processing sub block #16 for https://www.racingtv.com/results/2023-02-03/dundalk/1730
2025-06-12 23:45:09,785 - INFO - Found 3 <a> tags - Horse: Field Of Honour, Jockey: J. M. Sheridan (claim: 3), Trainer: Denis Hogan
2025-06-12 23:45:09,785 - INFO - Position/Length - Found 2 children: Position: 13th, Lost by: Nose
2025-06-12 23:45:09,785 - INFO - Extracted: Field Of Honour - Position: 13th, Lost by: Nose, Jockey: J. M. Sheridan (claim: 3), Trainer: Denis Hogan, Age: 4, Weight: 10-1, Rating: 73
2025-06-12 23:45:09,797 - INFO - Processing sub block #17 for https://www.racingtv.com/results/2023-02-03/dundalk/1730
2025-06-12 23:45:09,798 - INFO - Found 3 <a> tags - Horse: Lead on Mcduff, Jockey: J. Kearney (claim: 7), Trainer: Andrew McNamara
2025-06-12 23:45:09,798 - INFO - Position/Length - Found 2 children: Position: 12th, Lost by: 1 3/4 l
2025-06-12 23:45:09,799 - INFO - Extracted: Lead on Mcduff - Position: 12th, Lost by: 1 3/4 l, Jockey: J. Kearney (claim: 7), Trainer: Andrew McNamara, Age: 4, Weight: 9-13, Rating: 71
2025-06-12 23:45:09,799 - INFO - Processing sub block #18 for https://www.racingtv.com/results/2023-02-03/dundalk/1730
2025-06-12 23:45:09,799 - INFO - Found 3 <a> tags - Horse: Skontonovski, Jockey: C. J. MacRedmond (claim: 5), Trainer: Adrian McGuinness
2025-06-12 23:45:09,800 - INFO - Position/Length - Found 2 children: Position: 11th, Lost by: 1 l
2025-06-12 23:45:09,800 - INFO - Extracted: Skontonovski - Position: 11th, Lost by: 1 l, Jockey: C. J. MacRedmond (claim: 5), Trainer: Adrian McGuinness, Age: 6, Weight: 9-11v, Rating: 69
2025-06-12 23:45:09,800 - INFO - Processing sub block #19 for https://www.racingtv.com/results/2023-02-03/dundalk/1730
2025-06-12 23:45:09,800 - INFO - Found 3 <a> tags - Horse: Akmaam (FR), Jockey: E. A. Murphy (claim: 10), Trainer: J. F. Levins
2025-06-12 23:45:09,800 - INFO - Position/Length - Found 2 children: Position: 10th, Lost by: 4 1/2 l
2025-06-12 23:45:09,800 - INFO - Extracted: Akmaam (FR) - Position: 10th, Lost by: 4 1/2 l, Jockey: E. A. Murphy (claim: 10), Trainer: J. F. Levins, Age: 5, Weight: 10-1, Rating: 73
2025-06-12 23:45:09,800 - INFO - Processing sub block #20 for https://www.racingtv.com/results/2023-02-03/dundalk/1730
2025-06-12 23:45:09,800 - INFO - Found 3 <a> tags - Horse: Chavajod, Jockey: S. B. Kelly (claim: 0), Trainer: John Patrick Murtagh
2025-06-12 23:45:09,800 - INFO - Position/Length - Found 2 children: Position: 9th, Lost by: 1 l
2025-06-12 23:45:09,800 - INFO - Extracted: Chavajod - Position: 9th, Lost by: 1 l, Jockey: S. B. Kelly (claim: 0), Trainer: John Patrick Murtagh, Age: 5, Weight: 10-0b, Rating: 72
2025-06-12 23:45:09,800 - INFO - Processing sub block #21 for https://www.racingtv.com/results/2023-02-03/dundalk/1730
2025-06-12 23:45:09,800 - INFO - Found 3 <a> tags - Horse: Barbapapa (IRE), Jockey: Sam Ewing (claim: 3), Trainer: Henry de Bromhead
2025-06-12 23:45:09,800 - INFO - Position/Length - Found 2 children: Position: 8th, Lost by: Nose
2025-06-12 23:45:09,800 - INFO - Extracted: Barbapapa (IRE) - Position: 8th, Lost by: Nose, Jockey: Sam Ewing (claim: 3), Trainer: Henry de Bromhead, Age: 4, Weight: 10-1tp, Rating: 73
2025-06-12 23:45:09,800 - INFO - Processing sub block #22 for https://www.racingtv.com/results/2023-02-03/dundalk/1730
2025-06-12 23:45:09,800 - INFO - Found 3 <a> tags - Horse: Admiral Nelson, Jockey: K. Bailey (claim: 10), Trainer: J. F. Levins
2025-06-12 23:45:09,800 - INFO - Position/Length - Found 2 children: Position: 7th, Lost by: 1/2 l
2025-06-12 23:45:09,800 - INFO - Extracted: Admiral Nelson - Position: 7th, Lost by: 1/2 l, Jockey: K. Bailey (claim: 10), Trainer: J. F. Levins, Age: 5, Weight: 10-1t, Rating: 73
2025-06-12 23:45:09,800 - INFO - Processing sub block #23 for https://www.racingtv.com/results/2023-02-03/dundalk/1730
2025-06-12 23:45:09,800 - INFO - Found 3 <a> tags - Horse: Notforalongtime, Jockey: M. A. Enright (claim: 0), Trainer: Laura Hourigan
2025-06-12 23:45:09,800 - INFO - Position/Length - Found 2 children: Position: 6th, Lost by: Neck
2025-06-12 23:45:09,800 - INFO - Extracted: Notforalongtime - Position: 6th, Lost by: Neck, Jockey: M. A. Enright (claim: 0), Trainer: Laura Hourigan, Age: 6, Weight: 9-12p, Rating: 70
2025-06-12 23:45:09,814 - INFO - Processing sub block #24 for https://www.racingtv.com/results/2023-02-03/dundalk/1730
2025-06-12 23:45:09,816 - INFO - Found 3 <a> tags - Horse: Tyrconnell (IRE), Jockey: S. M. Crosse (claim: 0), Trainer: Sarah Lynam
2025-06-12 23:45:09,817 - INFO - Position/Length - Found 2 children: Position: 5th, Lost by: 3/4 l
2025-06-12 23:45:09,817 - INFO - Extracted: Tyrconnell (IRE) - Position: 5th, Lost by: 3/4 l, Jockey: S. M. Crosse (claim: 0), Trainer: Sarah Lynam, Age: 9, Weight: 10-2v, Rating: 74
2025-06-12 23:45:09,818 - INFO - Processing sub block #25 for https://www.racingtv.com/results/2023-02-03/dundalk/1730
2025-06-12 23:45:09,818 - INFO - Found 3 <a> tags - Horse: Evening Verse (IRE), Jockey: C. D. Hayes (claim: 0), Trainer: Miss Hilary McLoughlin
2025-06-12 23:45:09,819 - INFO - Position/Length - Found 2 children: Position: 4th, Lost by: Head
2025-06-12 23:45:09,819 - INFO - Extracted: Evening Verse (IRE) - Position: 4th, Lost by: Head, Jockey: C. D. Hayes (claim: 0), Trainer: Miss Hilary McLoughlin, Age: 6, Weight: 9-2p, Rating: 60
2025-06-12 23:45:09,819 - INFO - Processing sub block #26 for https://www.racingtv.com/results/2023-02-03/dundalk/1730
2025-06-12 23:45:09,820 - INFO - Found 3 <a> tags - Horse: Ghumama (IRE), Jockey: William James Lee (claim: 0), Trainer: James McAuley
2025-06-12 23:45:09,821 - INFO - Position/Length - Found 2 children: Position: 3rd, Lost by: Neck
2025-06-12 23:45:09,821 - INFO - Extracted: Ghumama (IRE) - Position: 3rd, Lost by: Neck, Jockey: William James Lee (claim: 0), Trainer: James McAuley, Age: 5, Weight: 9-10tp, Rating: 68
2025-06-12 23:45:09,821 - INFO - Processing sub block #27 for https://www.racingtv.com/results/2023-02-03/dundalk/1730
2025-06-12 23:45:09,821 - INFO - Found 3 <a> tags - Horse: Jered Maddox, Jockey: Declan McDonogh (claim: 0), Trainer: David Marnane
2025-06-12 23:45:09,822 - INFO - Position/Length - Found 2 children: Position: 2nd, Lost by: 1 1/2 l
2025-06-12 23:45:09,822 - INFO - Extracted: Jered Maddox - Position: 2nd, Lost by: 1 1/2 l, Jockey: Declan McDonogh (claim: 0), Trainer: David Marnane, Age: 7, Weight: 9-8, Rating: 66
2025-06-12 23:45:09,822 - INFO - Processing sub block #28 for https://www.racingtv.com/results/2023-02-03/dundalk/1730
2025-06-12 23:45:09,823 - INFO - Found 3 <a> tags - Horse: Mulgrave (IRE), Jockey: D. W. O'Connor (claim: 0), Trainer: John McConnell
2025-06-12 23:45:09,824 - INFO - Position/Length - Found 1 children: Position: 1st, Lost by: N/A
2025-06-12 23:45:09,824 - INFO - Extracted: Mulgrave (IRE) - Position: 1st, Lost by: N/A, Jockey: D. W. O'Connor (claim: 0), Trainer: John McConnell, Age: 5, Weight: 9-9ht, Rating: 67
2025-06-12 23:45:09,824 - INFO - Successfully extracted 28/28 horse records from https://www.racingtv.com/results/2023-02-03/dundalk/1730
2025-06-12 23:45:09,824 - INFO - :) First place horse found successfully
2025-06-12 23:45:09,824 - INFO - :) First place horse found successfully
2025-06-12 23:45:09,825 - INFO - :) First place horse found successfully
2025-06-12 23:45:09,825 - INFO - :) First place horse found successfully
2025-06-12 23:45:09,825 - INFO - :) First place horse found successfully
2025-06-12 23:45:09,825 - INFO - :) First place horse found successfully
2025-06-12 23:45:09,825 - INFO - :) First place horse found successfully
2025-06-12 23:45:09,825 - INFO - :) First place horse found successfully
2025-06-12 23:45:09,826 - INFO - :) First place horse found successfully
2025-06-12 23:45:09,826 - INFO - :) First place horse found successfully
2025-06-12 23:45:09,826 - INFO - :) First place horse found successfully
2025-06-12 23:45:09,826 - INFO - :) First place horse found successfully
2025-06-12 23:45:09,826 - INFO - :) First place horse found successfully
2025-06-12 23:45:09,826 - INFO - :) First place horse found successfully
2025-06-12 23:45:09,827 - INFO - :) First place horse found successfully
2025-06-12 23:45:09,827 - INFO - :) First place horse found successfully
2025-06-12 23:45:09,827 - INFO - :) First place horse found successfully
2025-06-12 23:45:09,827 - INFO - :) First place horse found successfully
2025-06-12 23:45:09,827 - INFO - :) First place horse found successfully
2025-06-12 23:45:09,827 - INFO - :) First place horse found successfully
2025-06-12 23:45:09,828 - INFO - :) First place horse found successfully
2025-06-12 23:45:09,828 - INFO - :) First place horse found successfully
2025-06-12 23:45:09,828 - INFO - :) First place horse found successfully
2025-06-12 23:45:09,828 - INFO - :) First place horse found successfully
2025-06-12 23:45:09,828 - INFO - :) First place horse found successfully
2025-06-12 23:45:09,828 - INFO - :) First place horse found successfully
2025-06-12 23:45:09,829 - INFO - :) First place horse found successfully
2025-06-12 23:45:09,829 - INFO - :) First place horse found successfully
2025-06-12 23:45:09,829 - INFO - :) First place horse found successfully
2025-06-12 23:45:09,829 - INFO - Successfully parsed 28 horse records from: https://www.racingtv.com/results/2023-02-03/dundalk/1730
2025-06-12 23:45:09,829 - INFO - Waiting 2 seconds before next request...
2025-06-12 23:45:11,830 - INFO - Batch 40 - URL 45/50: https://www.racingtv.com/results/2023-02-03/dundalk/1800
2025-06-12 23:45:11,832 - INFO - Loading page with Selenium: https://www.racingtv.com/results/2023-02-03/dundalk/1800
2025-06-12 23:45:17,033 - INFO - Racing main block detected for: https://www.racingtv.com/results/2023-02-03/dundalk/1800
2025-06-12 23:45:17,095 - INFO - Successfully loaded page: https://www.racingtv.com/results/2023-02-03/dundalk/1800
2025-06-12 23:45:17,265 - INFO - Extracted race info - Track: Dundalk Racing Results | 3rd February 2023 18:00, Date: N/A, Time: 18:00
2025-06-12 23:45:17,266 - INFO - Found 2nd h3 tag: Standard  3YO+ 1m 4f Winner: €10,000 (11 runners)
2025-06-12 23:45:17,266 - INFO - Extracted - Going: Standard, Distance: 1m 4f
2025-06-12 23:45:17,266 - INFO - Extracting racing data from: https://www.racingtv.com/results/2023-02-03/dundalk/1800
2025-06-12 23:45:17,281 - INFO - Processing main block #1 for https://www.racingtv.com/results/2023-02-03/dundalk/1800
2025-06-12 23:45:17,292 - INFO - Checking 2nd child of main block for first place horse...
2025-06-12 23:45:17,302 - INFO - Found alternative horse block structure with 3 links
2025-06-12 23:45:17,302 - INFO - Found alternative horse block structure with 3 links
2025-06-12 23:45:17,302 - INFO - Found alternative horse block structure with 3 links
2025-06-12 23:45:17,303 - INFO - Found alternative horse block structure with 3 links
2025-06-12 23:45:17,303 - INFO - Found alternative horse block structure with 3 links
2025-06-12 23:45:17,303 - INFO - Found alternative horse block structure with 3 links
2025-06-12 23:45:17,304 - INFO - Found alternative horse block structure with 3 links
2025-06-12 23:45:17,304 - INFO - Found alternative horse block structure with 3 links
2025-06-12 23:45:17,304 - INFO - Found alternative horse block structure with 3 links
2025-06-12 23:45:17,305 - INFO - Found alternative horse block structure with 3 links
2025-06-12 23:45:17,305 - INFO - Found alternative horse block structure with 3 links
2025-06-12 23:45:17,305 - INFO - Found alternative horse block structure with 3 links
2025-06-12 23:45:17,305 - INFO - Found alternative horse block structure with 3 links
2025-06-12 23:45:17,306 - INFO - Found alternative horse block structure with 3 links
2025-06-12 23:45:17,306 - INFO - Found alternative horse block structure with 3 links
2025-06-12 23:45:17,306 - INFO - Found alternative horse block structure with 3 links
2025-06-12 23:45:17,307 - INFO - Found alternative horse block structure with 3 links
2025-06-12 23:45:17,307 - INFO - Found alternative horse block structure with 3 links
2025-06-12 23:45:17,308 - INFO - Found alternative horse block structure with 3 links
2025-06-12 23:45:17,347 - INFO - Found likely first place horse via structure analysis: Doctor Grace (IRE)
2025-06-12 23:45:17,350 - INFO - Found potential first place horse with background styling
2025-06-12 23:45:17,351 - INFO - Found potential first place horse with background styling
2025-06-12 23:45:17,351 - INFO - Found potential first place horse with background styling
2025-06-12 23:45:17,351 - INFO - Found potential first place horse with background styling
2025-06-12 23:45:17,352 - INFO - Found potential first place horse with background styling
2025-06-12 23:45:17,352 - INFO - Found potential first place horse with background styling
2025-06-12 23:45:17,352 - INFO - Found potential first place horse with background styling
2025-06-12 23:45:17,353 - INFO - Found potential first place horse with background styling
2025-06-12 23:45:17,353 - INFO - Found potential first place horse with background styling
2025-06-12 23:45:17,354 - INFO - Found potential first place horse with background styling
2025-06-12 23:45:17,354 - INFO - Found potential first place horse with background styling
2025-06-12 23:45:17,355 - INFO - Found potential first place horse with background styling
2025-06-12 23:45:17,355 - INFO - Found potential first place horse with background styling
2025-06-12 23:45:17,355 - INFO - Found potential first place horse with background styling
2025-06-12 23:45:17,356 - INFO - Found potential first place horse with background styling
2025-06-12 23:45:17,356 - INFO - Found potential first place horse with background styling
2025-06-12 23:45:17,357 - INFO - Found potential first place horse with background styling
2025-06-12 23:45:17,358 - INFO - Found potential first place horse with background styling
2025-06-12 23:45:17,358 - INFO - Found 38 horse entries for https://www.racingtv.com/results/2023-02-03/dundalk/1800 using multiple detection methods
2025-06-12 23:45:17,358 - INFO - Processing sub block #1 for https://www.racingtv.com/results/2023-02-03/dundalk/1800
2025-06-12 23:45:17,359 - INFO - Found 3 <a> tags - Horse: Bowerman, Jockey: C D Hayes (claim: 0), Trainer: A McGuinness
2025-06-12 23:45:17,360 - INFO - Position/Length - Found 1 children: Position: , Lost by: N/A
2025-06-12 23:45:17,360 - INFO - Extracted: Bowerman - Position: , Lost by: N/A, Jockey: C D Hayes (claim: 0), Trainer: A McGuinness, Age: 9, Weight: 8-10, Rating: -
2025-06-12 23:45:17,360 - INFO - Processing sub block #2 for https://www.racingtv.com/results/2023-02-03/dundalk/1800
2025-06-12 23:45:17,360 - INFO - Found 3 <a> tags - Horse: Dalvey, Jockey: W J Lee (claim: 0), Trainer: J McAuley
2025-06-12 23:45:17,361 - INFO - Position/Length - Found 1 children: Position: , Lost by: N/A
2025-06-12 23:45:17,361 - INFO - Extracted: Dalvey - Position: , Lost by: N/A, Jockey: W J Lee (claim: 0), Trainer: J McAuley, Age: 6, Weight: 9-7, Rating: -
2025-06-12 23:45:17,362 - INFO - Processing sub block #3 for https://www.racingtv.com/results/2023-02-03/dundalk/1800
2025-06-12 23:45:17,362 - INFO - Found 3 <a> tags - Horse: Vina Sena (IRE), Jockey: W M Lordan (claim: 0), Trainer: H De Bromhead
2025-06-12 23:45:17,363 - INFO - Position/Length - Found 1 children: Position: , Lost by: N/A
2025-06-12 23:45:17,363 - INFO - Extracted: Vina Sena (IRE) - Position: , Lost by: N/A, Jockey: W M Lordan (claim: 0), Trainer: H De Bromhead, Age: 4, Weight: 9-5, Rating: -
2025-06-12 23:45:17,364 - INFO - Processing sub block #4 for https://www.racingtv.com/results/2023-02-03/dundalk/1800
2025-06-12 23:45:17,364 - INFO - Found 3 <a> tags - Horse: Kingswear, Jockey: J M Sheridan (claim: 0), Trainer: D Hogan
2025-06-12 23:45:17,365 - INFO - Position/Length - Found 1 children: Position: , Lost by: N/A
2025-06-12 23:45:17,365 - INFO - Extracted: Kingswear - Position: , Lost by: N/A, Jockey: J M Sheridan (claim: 0), Trainer: D Hogan, Age: 6, Weight: 10-0, Rating: -
2025-06-12 23:45:17,366 - INFO - Processing sub block #5 for https://www.racingtv.com/results/2023-02-03/dundalk/1800
2025-06-12 23:45:17,366 - INFO - Found 3 <a> tags - Horse: Big Kitten (USA), Jockey: M P Sheehy (claim: 0), Trainer: J C McConnell
2025-06-12 23:45:17,367 - INFO - Position/Length - Found 1 children: Position: , Lost by: N/A
2025-06-12 23:45:17,367 - INFO - Extracted: Big Kitten (USA) - Position: , Lost by: N/A, Jockey: M P Sheehy (claim: 0), Trainer: J C McConnell, Age: 8, Weight: 8-12, Rating: -
2025-06-12 23:45:17,367 - INFO - Processing sub block #6 for https://www.racingtv.com/results/2023-02-03/dundalk/1800
2025-06-12 23:45:17,368 - INFO - Found 3 <a> tags - Horse: Wontgetfooledagen (IRE), Jockey: J Kearney (claim: 0), Trainer: A McNamara
2025-06-12 23:45:17,369 - INFO - Position/Length - Found 1 children: Position: , Lost by: N/A
2025-06-12 23:45:17,369 - INFO - Extracted: Wontgetfooledagen (IRE) - Position: , Lost by: N/A, Jockey: J Kearney (claim: 0), Trainer: A McNamara, Age: 7, Weight: 9-3, Rating: -
2025-06-12 23:45:17,369 - INFO - Processing sub block #7 for https://www.racingtv.com/results/2023-02-03/dundalk/1800
2025-06-12 23:45:17,370 - INFO - Found 3 <a> tags - Horse: Firstman (FR), Jockey: C T Keane (claim: 0), Trainer: A J Martin
2025-06-12 23:45:17,371 - INFO - Position/Length - Found 1 children: Position: , Lost by: N/A
2025-06-12 23:45:17,371 - INFO - Extracted: Firstman (FR) - Position: , Lost by: N/A, Jockey: C T Keane (claim: 0), Trainer: A J Martin, Age: 6, Weight: 9-8, Rating: -
2025-06-12 23:45:17,371 - INFO - Processing sub block #8 for https://www.racingtv.com/results/2023-02-03/dundalk/1800
2025-06-12 23:45:17,372 - INFO - Found 3 <a> tags - Horse: Dancing Tango (IRE), Jockey: C Stone-Walsh (claim: 0), Trainer: J P O'Brien
2025-06-12 23:45:17,373 - INFO - Position/Length - Found 1 children: Position: , Lost by: N/A
2025-06-12 23:45:17,373 - INFO - Extracted: Dancing Tango (IRE) - Position: , Lost by: N/A, Jockey: C Stone-Walsh (claim: 0), Trainer: J P O'Brien, Age: 4, Weight: 9-3, Rating: -
2025-06-12 23:45:17,373 - INFO - Processing sub block #9 for https://www.racingtv.com/results/2023-02-03/dundalk/1800
2025-06-12 23:45:17,374 - INFO - Found 3 <a> tags - Horse: Louis Le Broc (IRE), Jockey: M. P. Sheehy (claim: 0), Trainer: Darren Bunyan
2025-06-12 23:45:17,374 - INFO - Position/Length - Found 2 children: Position: 11th, Lost by: 7 l
2025-06-12 23:45:17,375 - INFO - Extracted: Louis Le Broc (IRE) - Position: 11th, Lost by: 7 l, Jockey: M. P. Sheehy (claim: 0), Trainer: Darren Bunyan, Age: 3, Weight: 9-91, Rating: 61
2025-06-12 23:45:17,375 - INFO - Processing sub block #10 for https://www.racingtv.com/results/2023-02-03/dundalk/1800
2025-06-12 23:45:17,375 - INFO - Found 3 <a> tags - Horse: Junaina (IRE), Jockey: A. C. Persse (claim: 7), Trainer: John Stephen O'Donoghue
2025-06-12 23:45:17,376 - INFO - Position/Length - Found 2 children: Position: 10th, Lost by: 7 l
2025-06-12 23:45:17,376 - INFO - Extracted: Junaina (IRE) - Position: 10th, Lost by: 7 l, Jockey: A. C. Persse (claim: 7), Trainer: John Stephen O'Donoghue, Age: 3, Weight: 9-0, Rating: 52
2025-06-12 23:45:17,376 - INFO - Processing sub block #11 for https://www.racingtv.com/results/2023-02-03/dundalk/1800
2025-06-12 23:45:17,377 - INFO - Found 3 <a> tags - Horse: Where R U Now Bob (IRE), Jockey: D. B. McMonagle (claim: 0), Trainer: Rodger Sweeney
2025-06-12 23:45:17,378 - INFO - Position/Length - Found 2 children: Position: 9th, Lost by: 1 l
2025-06-12 23:45:17,378 - INFO - Extracted: Where R U Now Bob (IRE) - Position: 9th, Lost by: 1 l, Jockey: D. B. McMonagle (claim: 0), Trainer: Rodger Sweeney, Age: 3, Weight: 9-3p1, Rating: 55
2025-06-12 23:45:17,378 - INFO - Processing sub block #12 for https://www.racingtv.com/results/2023-02-03/dundalk/1800
2025-06-12 23:45:17,379 - INFO - Found 3 <a> tags - Horse: Fendi, Jockey: R. P. Cleary (claim: 0), Trainer: James M. Barrett
2025-06-12 23:45:17,380 - INFO - Position/Length - Found 2 children: Position: 8th, Lost by: Head
2025-06-12 23:45:17,380 - INFO - Extracted: Fendi - Position: 8th, Lost by: Head, Jockey: R. P. Cleary (claim: 0), Trainer: James M. Barrett, Age: 3, Weight: 8-10, Rating: 48
2025-06-12 23:45:17,380 - INFO - Processing sub block #13 for https://www.racingtv.com/results/2023-02-03/dundalk/1800
2025-06-12 23:45:17,381 - INFO - Found 3 <a> tags - Horse: Grange Lady, Jockey: C. D. Hayes (claim: 0), Trainer: Noel Meade
2025-06-12 23:45:17,382 - INFO - Position/Length - Found 2 children: Position: 7th, Lost by: 1/2 l
2025-06-12 23:45:17,382 - INFO - Extracted: Grange Lady - Position: 7th, Lost by: 1/2 l, Jockey: C. D. Hayes (claim: 0), Trainer: Noel Meade, Age: 3, Weight: 9-7, Rating: 59
2025-06-12 23:45:17,382 - INFO - Processing sub block #14 for https://www.racingtv.com/results/2023-02-03/dundalk/1800
2025-06-12 23:45:17,383 - INFO - Found 3 <a> tags - Horse: Lady Montse (IRE), Jockey: Jack Cleary (claim: 7), Trainer: Adrian Murray
2025-06-12 23:45:17,384 - INFO - Position/Length - Found 2 children: Position: 6th, Lost by: 1/2 l
2025-06-12 23:45:17,384 - INFO - Extracted: Lady Montse (IRE) - Position: 6th, Lost by: 1/2 l, Jockey: Jack Cleary (claim: 7), Trainer: Adrian Murray, Age: 3, Weight: 9-12, Rating: 64
2025-06-12 23:45:17,384 - INFO - Processing sub block #15 for https://www.racingtv.com/results/2023-02-03/dundalk/1800
2025-06-12 23:45:17,385 - INFO - Found 3 <a> tags - Horse: Monophonic (IRE), Jockey: J. Kearney (claim: 7), Trainer: G. M. Lyons
2025-06-12 23:45:17,386 - INFO - Position/Length - Found 2 children: Position: 5th, Lost by: 1 1/2 l
2025-06-12 23:45:17,386 - INFO - Extracted: Monophonic (IRE) - Position: 5th, Lost by: 1 1/2 l, Jockey: J. Kearney (claim: 7), Trainer: G. M. Lyons, Age: 3, Weight: 9-10b1, Rating: 62
2025-06-12 23:45:17,386 - INFO - Processing sub block #16 for https://www.racingtv.com/results/2023-02-03/dundalk/1800
2025-06-12 23:45:17,387 - INFO - Found 3 <a> tags - Horse: Thirtysecondstreet (IRE), Jockey: N. M. Crosse (claim: 0), Trainer: Luke Comer
2025-06-12 23:45:17,387 - INFO - Position/Length - Found 2 children: Position: 4th, Lost by: Head
2025-06-12 23:45:17,388 - INFO - Extracted: Thirtysecondstreet (IRE) - Position: 4th, Lost by: Head, Jockey: N. M. Crosse (claim: 0), Trainer: Luke Comer, Age: 3, Weight: 9-8, Rating: 60
2025-06-12 23:45:17,388 - INFO - Processing sub block #17 for https://www.racingtv.com/results/2023-02-03/dundalk/1800
2025-06-12 23:45:17,388 - INFO - Found 3 <a> tags - Horse: Cherry Pink (IRE), Jockey: N. G. McCullagh (claim: 0), Trainer: M. Halford
2025-06-12 23:45:17,389 - INFO - Position/Length - Found 2 children: Position: 3rd, Lost by: 1/2 l
2025-06-12 23:45:17,389 - INFO - Extracted: Cherry Pink (IRE) - Position: 3rd, Lost by: 1/2 l, Jockey: N. G. McCullagh (claim: 0), Trainer: M. Halford, Age: 3, Weight: 9-8, Rating: 60
2025-06-12 23:45:17,390 - INFO - Processing sub block #18 for https://www.racingtv.com/results/2023-02-03/dundalk/1800
2025-06-12 23:45:17,390 - INFO - Found 3 <a> tags - Horse: Knockmore Prince (IRE), Jockey: C. T. Keane (claim: 0), Trainer: Noel Meade
2025-06-12 23:45:17,391 - INFO - Position/Length - Found 2 children: Position: 2nd, Lost by: 3 1/4 l
2025-06-12 23:45:17,391 - INFO - Extracted: Knockmore Prince (IRE) - Position: 2nd, Lost by: 3 1/4 l, Jockey: C. T. Keane (claim: 0), Trainer: Noel Meade, Age: 3, Weight: 9-3, Rating: 55
2025-06-12 23:45:17,391 - INFO - Processing sub block #19 for https://www.racingtv.com/results/2023-02-03/dundalk/1800
2025-06-12 23:45:17,392 - INFO - Found 3 <a> tags - Horse: Doctor Grace (IRE), Jockey: William James Lee (claim: 0), Trainer: M. Halford
2025-06-12 23:45:17,393 - INFO - Position/Length - Found 1 children: Position: 1st, Lost by: N/A
2025-06-12 23:45:17,393 - INFO - Confirmed winner: Doctor Grace (IRE)
2025-06-12 23:45:17,393 - INFO - Extracted: Doctor Grace (IRE) - Position: 1st, Lost by: N/A, Jockey: William James Lee (claim: 0), Trainer: M. Halford, Age: 3, Weight: 9-2, Rating: 54
2025-06-12 23:45:17,393 - INFO - Processing sub block #20 for https://www.racingtv.com/results/2023-02-03/dundalk/1800
2025-06-12 23:45:17,394 - INFO - Found 3 <a> tags - Horse: Bowerman, Jockey: C D Hayes (claim: 0), Trainer: A McGuinness
2025-06-12 23:45:17,394 - INFO - Position/Length - Found 1 children: Position: , Lost by: N/A
2025-06-12 23:45:17,395 - INFO - Extracted: Bowerman - Position: , Lost by: N/A, Jockey: C D Hayes (claim: 0), Trainer: A McGuinness, Age: 9, Weight: 8-10, Rating: -
2025-06-12 23:45:17,395 - INFO - Processing sub block #21 for https://www.racingtv.com/results/2023-02-03/dundalk/1800
2025-06-12 23:45:17,395 - INFO - Found 3 <a> tags - Horse: Dalvey, Jockey: W J Lee (claim: 0), Trainer: J McAuley
2025-06-12 23:45:17,396 - INFO - Position/Length - Found 1 children: Position: , Lost by: N/A
2025-06-12 23:45:17,396 - INFO - Extracted: Dalvey - Position: , Lost by: N/A, Jockey: W J Lee (claim: 0), Trainer: J McAuley, Age: 6, Weight: 9-7, Rating: -
2025-06-12 23:45:17,396 - INFO - Processing sub block #22 for https://www.racingtv.com/results/2023-02-03/dundalk/1800
2025-06-12 23:45:17,397 - INFO - Found 3 <a> tags - Horse: Vina Sena (IRE), Jockey: W M Lordan (claim: 0), Trainer: H De Bromhead
2025-06-12 23:45:17,398 - INFO - Position/Length - Found 1 children: Position: , Lost by: N/A
2025-06-12 23:45:17,398 - INFO - Extracted: Vina Sena (IRE) - Position: , Lost by: N/A, Jockey: W M Lordan (claim: 0), Trainer: H De Bromhead, Age: 4, Weight: 9-5, Rating: -
2025-06-12 23:45:17,399 - INFO - Processing sub block #23 for https://www.racingtv.com/results/2023-02-03/dundalk/1800
2025-06-12 23:45:17,399 - INFO - Found 3 <a> tags - Horse: Kingswear, Jockey: J M Sheridan (claim: 0), Trainer: D Hogan
2025-06-12 23:45:17,400 - INFO - Position/Length - Found 1 children: Position: , Lost by: N/A
2025-06-12 23:45:17,400 - INFO - Extracted: Kingswear - Position: , Lost by: N/A, Jockey: J M Sheridan (claim: 0), Trainer: D Hogan, Age: 6, Weight: 10-0, Rating: -
2025-06-12 23:45:17,400 - INFO - Processing sub block #24 for https://www.racingtv.com/results/2023-02-03/dundalk/1800
2025-06-12 23:45:17,401 - INFO - Found 3 <a> tags - Horse: Big Kitten (USA), Jockey: M P Sheehy (claim: 0), Trainer: J C McConnell
2025-06-12 23:45:17,402 - INFO - Position/Length - Found 1 children: Position: , Lost by: N/A
2025-06-12 23:45:17,402 - INFO - Extracted: Big Kitten (USA) - Position: , Lost by: N/A, Jockey: M P Sheehy (claim: 0), Trainer: J C McConnell, Age: 8, Weight: 8-12, Rating: -
2025-06-12 23:45:17,402 - INFO - Processing sub block #25 for https://www.racingtv.com/results/2023-02-03/dundalk/1800
2025-06-12 23:45:17,403 - INFO - Found 3 <a> tags - Horse: Wontgetfooledagen (IRE), Jockey: J Kearney (claim: 0), Trainer: A McNamara
2025-06-12 23:45:17,403 - INFO - Position/Length - Found 1 children: Position: , Lost by: N/A
2025-06-12 23:45:17,403 - INFO - Extracted: Wontgetfooledagen (IRE) - Position: , Lost by: N/A, Jockey: J Kearney (claim: 0), Trainer: A McNamara, Age: 7, Weight: 9-3, Rating: -
2025-06-12 23:45:17,404 - INFO - Processing sub block #26 for https://www.racingtv.com/results/2023-02-03/dundalk/1800
2025-06-12 23:45:17,404 - INFO - Found 3 <a> tags - Horse: Firstman (FR), Jockey: C T Keane (claim: 0), Trainer: A J Martin
2025-06-12 23:45:17,405 - INFO - Position/Length - Found 1 children: Position: , Lost by: N/A
2025-06-12 23:45:17,405 - INFO - Extracted: Firstman (FR) - Position: , Lost by: N/A, Jockey: C T Keane (claim: 0), Trainer: A J Martin, Age: 6, Weight: 9-8, Rating: -
2025-06-12 23:45:17,405 - INFO - Processing sub block #27 for https://www.racingtv.com/results/2023-02-03/dundalk/1800
2025-06-12 23:45:17,406 - INFO - Found 3 <a> tags - Horse: Dancing Tango (IRE), Jockey: C Stone-Walsh (claim: 0), Trainer: J P O'Brien
2025-06-12 23:45:17,406 - INFO - Position/Length - Found 1 children: Position: , Lost by: N/A
2025-06-12 23:45:17,407 - INFO - Extracted: Dancing Tango (IRE) - Position: , Lost by: N/A, Jockey: C Stone-Walsh (claim: 0), Trainer: J P O'Brien, Age: 4, Weight: 9-3, Rating: -
2025-06-12 23:45:17,407 - INFO - Processing sub block #28 for https://www.racingtv.com/results/2023-02-03/dundalk/1800
2025-06-12 23:45:17,407 - INFO - Found 3 <a> tags - Horse: Louis Le Broc (IRE), Jockey: M. P. Sheehy (claim: 0), Trainer: Darren Bunyan
2025-06-12 23:45:17,408 - INFO - Position/Length - Found 2 children: Position: 11th, Lost by: 7 l
2025-06-12 23:45:17,408 - INFO - Extracted: Louis Le Broc (IRE) - Position: 11th, Lost by: 7 l, Jockey: M. P. Sheehy (claim: 0), Trainer: Darren Bunyan, Age: 3, Weight: 9-91, Rating: 61
2025-06-12 23:45:17,408 - INFO - Processing sub block #29 for https://www.racingtv.com/results/2023-02-03/dundalk/1800
2025-06-12 23:45:17,409 - INFO - Found 3 <a> tags - Horse: Junaina (IRE), Jockey: A. C. Persse (claim: 7), Trainer: John Stephen O'Donoghue
2025-06-12 23:45:17,409 - INFO - Position/Length - Found 2 children: Position: 10th, Lost by: 7 l
2025-06-12 23:45:17,410 - INFO - Extracted: Junaina (IRE) - Position: 10th, Lost by: 7 l, Jockey: A. C. Persse (claim: 7), Trainer: John Stephen O'Donoghue, Age: 3, Weight: 9-0, Rating: 52
2025-06-12 23:45:17,410 - INFO - Processing sub block #30 for https://www.racingtv.com/results/2023-02-03/dundalk/1800
2025-06-12 23:45:17,410 - INFO - Found 3 <a> tags - Horse: Where R U Now Bob (IRE), Jockey: D. B. McMonagle (claim: 0), Trainer: Rodger Sweeney
2025-06-12 23:45:17,411 - INFO - Position/Length - Found 2 children: Position: 9th, Lost by: 1 l
2025-06-12 23:45:17,411 - INFO - Extracted: Where R U Now Bob (IRE) - Position: 9th, Lost by: 1 l, Jockey: D. B. McMonagle (claim: 0), Trainer: Rodger Sweeney, Age: 3, Weight: 9-3p1, Rating: 55
2025-06-12 23:45:17,411 - INFO - Processing sub block #31 for https://www.racingtv.com/results/2023-02-03/dundalk/1800
2025-06-12 23:45:17,412 - INFO - Found 3 <a> tags - Horse: Fendi, Jockey: R. P. Cleary (claim: 0), Trainer: James M. Barrett
2025-06-12 23:45:17,412 - INFO - Position/Length - Found 2 children: Position: 8th, Lost by: Head
2025-06-12 23:45:17,413 - INFO - Extracted: Fendi - Position: 8th, Lost by: Head, Jockey: R. P. Cleary (claim: 0), Trainer: James M. Barrett, Age: 3, Weight: 8-10, Rating: 48
2025-06-12 23:45:17,413 - INFO - Processing sub block #32 for https://www.racingtv.com/results/2023-02-03/dundalk/1800
2025-06-12 23:45:17,414 - INFO - Found 3 <a> tags - Horse: Grange Lady, Jockey: C. D. Hayes (claim: 0), Trainer: Noel Meade
2025-06-12 23:45:17,414 - INFO - Position/Length - Found 2 children: Position: 7th, Lost by: 1/2 l
2025-06-12 23:45:17,415 - INFO - Extracted: Grange Lady - Position: 7th, Lost by: 1/2 l, Jockey: C. D. Hayes (claim: 0), Trainer: Noel Meade, Age: 3, Weight: 9-7, Rating: 59
2025-06-12 23:45:17,415 - INFO - Processing sub block #33 for https://www.racingtv.com/results/2023-02-03/dundalk/1800
2025-06-12 23:45:17,416 - INFO - Found 3 <a> tags - Horse: Lady Montse (IRE), Jockey: Jack Cleary (claim: 7), Trainer: Adrian Murray
2025-06-12 23:45:17,416 - INFO - Position/Length - Found 2 children: Position: 6th, Lost by: 1/2 l
2025-06-12 23:45:17,417 - INFO - Extracted: Lady Montse (IRE) - Position: 6th, Lost by: 1/2 l, Jockey: Jack Cleary (claim: 7), Trainer: Adrian Murray, Age: 3, Weight: 9-12, Rating: 64
2025-06-12 23:45:17,417 - INFO - Processing sub block #34 for https://www.racingtv.com/results/2023-02-03/dundalk/1800
2025-06-12 23:45:17,417 - INFO - Found 3 <a> tags - Horse: Monophonic (IRE), Jockey: J. Kearney (claim: 7), Trainer: G. M. Lyons
2025-06-12 23:45:17,418 - INFO - Position/Length - Found 2 children: Position: 5th, Lost by: 1 1/2 l
2025-06-12 23:45:17,418 - INFO - Extracted: Monophonic (IRE) - Position: 5th, Lost by: 1 1/2 l, Jockey: J. Kearney (claim: 7), Trainer: G. M. Lyons, Age: 3, Weight: 9-10b1, Rating: 62
2025-06-12 23:45:17,418 - INFO - Processing sub block #35 for https://www.racingtv.com/results/2023-02-03/dundalk/1800
2025-06-12 23:45:17,419 - INFO - Found 3 <a> tags - Horse: Thirtysecondstreet (IRE), Jockey: N. M. Crosse (claim: 0), Trainer: Luke Comer
2025-06-12 23:45:17,420 - INFO - Position/Length - Found 2 children: Position: 4th, Lost by: Head
2025-06-12 23:45:17,420 - INFO - Extracted: Thirtysecondstreet (IRE) - Position: 4th, Lost by: Head, Jockey: N. M. Crosse (claim: 0), Trainer: Luke Comer, Age: 3, Weight: 9-8, Rating: 60
2025-06-12 23:45:17,420 - INFO - Processing sub block #36 for https://www.racingtv.com/results/2023-02-03/dundalk/1800
2025-06-12 23:45:17,420 - INFO - Found 3 <a> tags - Horse: Cherry Pink (IRE), Jockey: N. G. McCullagh (claim: 0), Trainer: M. Halford
2025-06-12 23:45:17,421 - INFO - Position/Length - Found 2 children: Position: 3rd, Lost by: 1/2 l
2025-06-12 23:45:17,421 - INFO - Extracted: Cherry Pink (IRE) - Position: 3rd, Lost by: 1/2 l, Jockey: N. G. McCullagh (claim: 0), Trainer: M. Halford, Age: 3, Weight: 9-8, Rating: 60
2025-06-12 23:45:17,421 - INFO - Processing sub block #37 for https://www.racingtv.com/results/2023-02-03/dundalk/1800
2025-06-12 23:45:17,422 - INFO - Found 3 <a> tags - Horse: Knockmore Prince (IRE), Jockey: C. T. Keane (claim: 0), Trainer: Noel Meade
2025-06-12 23:45:17,423 - INFO - Position/Length - Found 2 children: Position: 2nd, Lost by: 3 1/4 l
2025-06-12 23:45:17,423 - INFO - Extracted: Knockmore Prince (IRE) - Position: 2nd, Lost by: 3 1/4 l, Jockey: C. T. Keane (claim: 0), Trainer: Noel Meade, Age: 3, Weight: 9-3, Rating: 55
2025-06-12 23:45:17,424 - INFO - Processing sub block #38 for https://www.racingtv.com/results/2023-02-03/dundalk/1800
2025-06-12 23:45:17,424 - INFO - Found 3 <a> tags - Horse: Doctor Grace (IRE), Jockey: William James Lee (claim: 0), Trainer: M. Halford
2025-06-12 23:45:17,425 - INFO - Position/Length - Found 1 children: Position: 1st, Lost by: N/A
2025-06-12 23:45:17,425 - INFO - Extracted: Doctor Grace (IRE) - Position: 1st, Lost by: N/A, Jockey: William James Lee (claim: 0), Trainer: M. Halford, Age: 3, Weight: 9-2, Rating: 54
2025-06-12 23:45:17,425 - INFO - Successfully extracted 38/38 horse records from https://www.racingtv.com/results/2023-02-03/dundalk/1800
2025-06-12 23:45:17,425 - INFO - :) First place horse found successfully
2025-06-12 23:45:17,426 - INFO - :) First place horse found successfully
2025-06-12 23:45:17,426 - INFO - :) First place horse found successfully
2025-06-12 23:45:17,426 - INFO - :) First place horse found successfully
2025-06-12 23:45:17,426 - INFO - :) First place horse found successfully
2025-06-12 23:45:17,426 - INFO - :) First place horse found successfully
2025-06-12 23:45:17,426 - INFO - :) First place horse found successfully
2025-06-12 23:45:17,427 - INFO - :) First place horse found successfully
2025-06-12 23:45:17,427 - INFO - :) First place horse found successfully
2025-06-12 23:45:17,427 - INFO - :) First place horse found successfully
2025-06-12 23:45:17,427 - INFO - :) First place horse found successfully
2025-06-12 23:45:17,427 - INFO - :) First place horse found successfully
2025-06-12 23:45:17,428 - INFO - :) First place horse found successfully
2025-06-12 23:45:17,428 - INFO - :) First place horse found successfully
2025-06-12 23:45:17,428 - INFO - :) First place horse found successfully
2025-06-12 23:45:17,428 - INFO - :) First place horse found successfully
2025-06-12 23:45:17,428 - INFO - :) First place horse found successfully
2025-06-12 23:45:17,429 - INFO - :) First place horse found successfully
2025-06-12 23:45:17,429 - INFO - :) First place horse found successfully
2025-06-12 23:45:17,429 - INFO - :) First place horse found successfully
2025-06-12 23:45:17,429 - INFO - :) First place horse found successfully
2025-06-12 23:45:17,429 - INFO - :) First place horse found successfully
2025-06-12 23:45:17,429 - INFO - :) First place horse found successfully
2025-06-12 23:45:17,430 - INFO - :) First place horse found successfully
2025-06-12 23:45:17,430 - INFO - :) First place horse found successfully
2025-06-12 23:45:17,430 - INFO - :) First place horse found successfully
2025-06-12 23:45:17,431 - INFO - :) First place horse found successfully
2025-06-12 23:45:17,431 - INFO - :) First place horse found successfully
2025-06-12 23:45:17,431 - INFO - :) First place horse found successfully
2025-06-12 23:45:17,431 - INFO - :) First place horse found successfully
2025-06-12 23:45:17,432 - INFO - :) First place horse found successfully
2025-06-12 23:45:17,432 - INFO - :) First place horse found successfully
2025-06-12 23:45:17,432 - INFO - :) First place horse found successfully
2025-06-12 23:45:17,432 - INFO - :) First place horse found successfully
2025-06-12 23:45:17,432 - INFO - :) First place horse found successfully
2025-06-12 23:45:17,433 - INFO - :) First place horse found successfully
2025-06-12 23:45:17,433 - INFO - :) First place horse found successfully
2025-06-12 23:45:17,433 - INFO - :) First place horse found successfully
2025-06-12 23:45:17,433 - INFO - :) First place horse found successfully
2025-06-12 23:45:17,434 - INFO - Successfully parsed 38 horse records from: https://www.racingtv.com/results/2023-02-03/dundalk/1800
2025-06-12 23:45:17,434 - INFO - Waiting 2 seconds before next request...
2025-06-12 23:45:19,434 - INFO - Batch 40 - URL 46/50: https://www.racingtv.com/results/2023-02-03/dundalk/1830
2025-06-12 23:45:19,437 - INFO - Loading page with Selenium: https://www.racingtv.com/results/2023-02-03/dundalk/1830
2025-06-12 23:45:24,787 - INFO - Racing main block detected for: https://www.racingtv.com/results/2023-02-03/dundalk/1830
2025-06-12 23:45:24,826 - INFO - Successfully loaded page: https://www.racingtv.com/results/2023-02-03/dundalk/1830
2025-06-12 23:45:24,973 - INFO - Extracted race info - Track: Dundalk Racing Results | 3rd February 2023 18:30, Date: N/A, Time: 18:30
2025-06-12 23:45:24,974 - INFO - Found 2nd h3 tag: Standard  4YO+ 1m 2f 150y Winner: €15,500 (8 runners)
2025-06-12 23:45:24,974 - INFO - Extracted - Going: Standard, Distance: 1m 2f 150y
2025-06-12 23:45:24,974 - INFO - Extracting racing data from: https://www.racingtv.com/results/2023-02-03/dundalk/1830
2025-06-12 23:45:24,988 - INFO - Processing main block #1 for https://www.racingtv.com/results/2023-02-03/dundalk/1830
2025-06-12 23:45:25,003 - INFO - Checking 2nd child of main block for first place horse...
2025-06-12 23:45:25,015 - INFO - Found alternative horse block structure with 3 links
2025-06-12 23:45:25,016 - INFO - Found alternative horse block structure with 3 links
2025-06-12 23:45:25,016 - INFO - Found alternative horse block structure with 3 links
2025-06-12 23:45:25,017 - INFO - Found alternative horse block structure with 3 links
2025-06-12 23:45:25,017 - INFO - Found alternative horse block structure with 3 links
2025-06-12 23:45:25,017 - INFO - Found alternative horse block structure with 3 links
2025-06-12 23:45:25,018 - INFO - Found alternative horse block structure with 3 links
2025-06-12 23:45:25,018 - INFO - Found alternative horse block structure with 3 links
2025-06-12 23:45:25,018 - INFO - Found alternative horse block structure with 3 links
2025-06-12 23:45:25,019 - INFO - Found alternative horse block structure with 3 links
2025-06-12 23:45:25,019 - INFO - Found alternative horse block structure with 3 links
2025-06-12 23:45:25,019 - INFO - Found alternative horse block structure with 3 links
2025-06-12 23:45:25,019 - INFO - Found alternative horse block structure with 3 links
2025-06-12 23:45:25,020 - INFO - Found alternative horse block structure with 3 links
2025-06-12 23:45:25,020 - INFO - Found alternative horse block structure with 3 links
2025-06-12 23:45:25,020 - INFO - Found alternative horse block structure with 3 links
2025-06-12 23:45:25,021 - INFO - Found alternative horse block structure with 3 links
2025-06-12 23:45:25,021 - INFO - Found alternative horse block structure with 3 links
2025-06-12 23:45:25,021 - INFO - Found alternative horse block structure with 3 links
2025-06-12 23:45:25,022 - INFO - Found alternative horse block structure with 3 links
2025-06-12 23:45:25,022 - INFO - Found alternative horse block structure with 3 links
2025-06-12 23:45:25,067 - INFO - Found likely first place horse via structure analysis: Bowerman
2025-06-12 23:45:25,070 - INFO - Found potential first place horse with background styling
2025-06-12 23:45:25,070 - INFO - Found potential first place horse with background styling
2025-06-12 23:45:25,071 - INFO - Found potential first place horse with background styling
2025-06-12 23:45:25,071 - INFO - Found potential first place horse with background styling
2025-06-12 23:45:25,072 - INFO - Found potential first place horse with background styling
2025-06-12 23:45:25,072 - INFO - Found potential first place horse with background styling
2025-06-12 23:45:25,072 - INFO - Found potential first place horse with background styling
2025-06-12 23:45:25,073 - INFO - Found potential first place horse with background styling
2025-06-12 23:45:25,073 - INFO - Found potential first place horse with background styling
2025-06-12 23:45:25,074 - INFO - Found potential first place horse with background styling
2025-06-12 23:45:25,074 - INFO - Found potential first place horse with background styling
2025-06-12 23:45:25,074 - INFO - Found potential first place horse with background styling
2025-06-12 23:45:25,075 - INFO - Found potential first place horse with background styling
2025-06-12 23:45:25,075 - INFO - Found potential first place horse with background styling
2025-06-12 23:45:25,076 - INFO - Found potential first place horse with background styling
2025-06-12 23:45:25,076 - INFO - Found potential first place horse with background styling
2025-06-12 23:45:25,077 - INFO - Found potential first place horse with background styling
2025-06-12 23:45:25,077 - INFO - Found potential first place horse with background styling
2025-06-12 23:45:25,078 - INFO - Found potential first place horse with background styling
2025-06-12 23:45:25,078 - INFO - Found potential first place horse with background styling
2025-06-12 23:45:25,079 - INFO - Found 42 horse entries for https://www.racingtv.com/results/2023-02-03/dundalk/1830 using multiple detection methods
2025-06-12 23:45:25,079 - INFO - Processing sub block #1 for https://www.racingtv.com/results/2023-02-03/dundalk/1830
2025-06-12 23:45:25,080 - INFO - Found 3 <a> tags - Horse: Dark Street (IRE), Jockey: N M Crosse (claim: 0), Trainer: L Comer
2025-06-12 23:45:25,080 - INFO - Position/Length - Found 1 children: Position: , Lost by: N/A
2025-06-12 23:45:25,081 - INFO - Extracted: Dark Street (IRE) - Position: , Lost by: N/A, Jockey: N M Crosse (claim: 0), Trainer: L Comer, Age: 5, Weight: 9-5, Rating: -
2025-06-12 23:45:25,081 - INFO - Processing sub block #2 for https://www.racingtv.com/results/2023-02-03/dundalk/1830
2025-06-12 23:45:25,081 - INFO - Found 3 <a> tags - Horse: Itsnoteasyhi (IRE), Jockey: M A Enright (claim: 0), Trainer: G Keane
2025-06-12 23:45:25,083 - INFO - Position/Length - Found 1 children: Position: , Lost by: N/A
2025-06-12 23:45:25,083 - INFO - Extracted: Itsnoteasyhi (IRE) - Position: , Lost by: N/A, Jockey: M A Enright (claim: 0), Trainer: G Keane, Age: 5, Weight: 8-12, Rating: -
2025-06-12 23:45:25,083 - INFO - Processing sub block #3 for https://www.racingtv.com/results/2023-02-03/dundalk/1830
2025-06-12 23:45:25,084 - INFO - Found 3 <a> tags - Horse: Magi Gal (IRE), Jockey: Jessica O'Gorman (claim: 0), Trainer: J C McConnell
2025-06-12 23:45:25,085 - INFO - Position/Length - Found 1 children: Position: , Lost by: N/A
2025-06-12 23:45:25,085 - INFO - Extracted: Magi Gal (IRE) - Position: , Lost by: N/A, Jockey: Jessica O'Gorman (claim: 0), Trainer: J C McConnell, Age: 7, Weight: 8-13, Rating: -
2025-06-12 23:45:25,086 - INFO - Processing sub block #4 for https://www.racingtv.com/results/2023-02-03/dundalk/1830
2025-06-12 23:45:25,086 - INFO - Found 3 <a> tags - Horse: Laurens Company (IRE), Jockey: J M Sheridan (claim: 0), Trainer: M Kelly
2025-06-12 23:45:25,087 - INFO - Position/Length - Found 1 children: Position: , Lost by: N/A
2025-06-12 23:45:25,087 - INFO - Extracted: Laurens Company (IRE) - Position: , Lost by: N/A, Jockey: J M Sheridan (claim: 0), Trainer: M Kelly, Age: 5, Weight: 8-12, Rating: -
2025-06-12 23:45:25,087 - INFO - Processing sub block #5 for https://www.racingtv.com/results/2023-02-03/dundalk/1830
2025-06-12 23:45:25,088 - INFO - Found 3 <a> tags - Horse: Baron Wild (IRE), Jockey: N G McCullagh (claim: 0), Trainer: D Cullen
2025-06-12 23:45:25,089 - INFO - Position/Length - Found 1 children: Position: , Lost by: N/A
2025-06-12 23:45:25,089 - INFO - Extracted: Baron Wild (IRE) - Position: , Lost by: N/A, Jockey: N G McCullagh (claim: 0), Trainer: D Cullen, Age: 5, Weight: 9-13, Rating: -
2025-06-12 23:45:25,089 - INFO - Processing sub block #6 for https://www.racingtv.com/results/2023-02-03/dundalk/1830
2025-06-12 23:45:25,090 - INFO - Found 3 <a> tags - Horse: Hot Lady (IRE), Jockey: C Geerdharry (claim: 0), Trainer: L Comer
2025-06-12 23:45:25,091 - INFO - Position/Length - Found 1 children: Position: , Lost by: N/A
2025-06-12 23:45:25,091 - INFO - Extracted: Hot Lady (IRE) - Position: , Lost by: N/A, Jockey: C Geerdharry (claim: 0), Trainer: L Comer, Age: 5, Weight: 9-7, Rating: -
2025-06-12 23:45:25,091 - INFO - Processing sub block #7 for https://www.racingtv.com/results/2023-02-03/dundalk/1830
2025-06-12 23:45:25,091 - INFO - Found 3 <a> tags - Horse: Everyhouronthehour (IRE), Jockey: C D Maxwell (claim: 0), Trainer: W Ross
2025-06-12 23:45:25,092 - INFO - Position/Length - Found 1 children: Position: , Lost by: N/A
2025-06-12 23:45:25,093 - INFO - Extracted: Everyhouronthehour (IRE) - Position: , Lost by: N/A, Jockey: C D Maxwell (claim: 0), Trainer: W Ross, Age: 7, Weight: 10-0, Rating: -
2025-06-12 23:45:25,093 - INFO - Processing sub block #8 for https://www.racingtv.com/results/2023-02-03/dundalk/1830
2025-06-12 23:45:25,093 - INFO - Found 3 <a> tags - Horse: Inchbae, Jockey: C J MacRedmond (claim: 0), Trainer: M Fahey
2025-06-12 23:45:25,094 - INFO - Position/Length - Found 1 children: Position: , Lost by: N/A
2025-06-12 23:45:25,094 - INFO - Extracted: Inchbae - Position: , Lost by: N/A, Jockey: C J MacRedmond (claim: 0), Trainer: M Fahey, Age: 4, Weight: 9-11, Rating: -
2025-06-12 23:45:25,094 - INFO - Processing sub block #9 for https://www.racingtv.com/results/2023-02-03/dundalk/1830
2025-06-12 23:45:25,095 - INFO - Found 3 <a> tags - Horse: Vlad the Impaler (IRE), Jockey: K J Leonard (claim: 0), Trainer: J J Lambe
2025-06-12 23:45:25,096 - INFO - Position/Length - Found 1 children: Position: , Lost by: N/A
2025-06-12 23:45:25,096 - INFO - Extracted: Vlad the Impaler (IRE) - Position: , Lost by: N/A, Jockey: K J Leonard (claim: 0), Trainer: J J Lambe, Age: 4, Weight: 8-12, Rating: -
2025-06-12 23:45:25,096 - INFO - Processing sub block #10 for https://www.racingtv.com/results/2023-02-03/dundalk/1830
2025-06-12 23:45:25,097 - INFO - Found 3 <a> tags - Horse: Satono Chevalier (IRE), Jockey: J Kearney (claim: 0), Trainer: R O'Brien
2025-06-12 23:45:25,097 - INFO - Position/Length - Found 1 children: Position: , Lost by: N/A
2025-06-12 23:45:25,098 - INFO - Extracted: Satono Chevalier (IRE) - Position: , Lost by: N/A, Jockey: J Kearney (claim: 0), Trainer: R O'Brien, Age: 5, Weight: 9-12, Rating: -
2025-06-12 23:45:25,098 - INFO - Processing sub block #11 for https://www.racingtv.com/results/2023-02-03/dundalk/1830
2025-06-12 23:45:25,099 - INFO - Found 3 <a> tags - Horse: Power Drive, Jockey: Ciara Flynn (claim: 0), Trainer: P W Flynn
2025-06-12 23:45:25,100 - INFO - Position/Length - Found 1 children: Position: , Lost by: N/A
2025-06-12 23:45:25,100 - INFO - Extracted: Power Drive - Position: , Lost by: N/A, Jockey: Ciara Flynn (claim: 0), Trainer: P W Flynn, Age: 8, Weight: 9-8, Rating: -
2025-06-12 23:45:25,100 - INFO - Processing sub block #12 for https://www.racingtv.com/results/2023-02-03/dundalk/1830
2025-06-12 23:45:25,100 - INFO - Found 3 <a> tags - Horse: Matilda with Me (IRE), Jockey: R P Cleary (claim: 0), Trainer: R Sweeney
2025-06-12 23:45:25,101 - INFO - Position/Length - Found 1 children: Position: , Lost by: N/A
2025-06-12 23:45:25,101 - INFO - Extracted: Matilda with Me (IRE) - Position: , Lost by: N/A, Jockey: R P Cleary (claim: 0), Trainer: R Sweeney, Age: 6, Weight: 10-0, Rating: -
2025-06-12 23:45:25,102 - INFO - Processing sub block #13 for https://www.racingtv.com/results/2023-02-03/dundalk/1830
2025-06-12 23:45:25,102 - INFO - Found 3 <a> tags - Horse: Wonder Spirit, Jockey: J J G Ryan (claim: 0), Trainer: G A Kingston
2025-06-12 23:45:25,103 - INFO - Position/Length - Found 1 children: Position: , Lost by: N/A
2025-06-12 23:45:25,103 - INFO - Extracted: Wonder Spirit - Position: , Lost by: N/A, Jockey: J J G Ryan (claim: 0), Trainer: G A Kingston, Age: 5, Weight: 9-2, Rating: -
2025-06-12 23:45:25,103 - INFO - Processing sub block #14 for https://www.racingtv.com/results/2023-02-03/dundalk/1830
2025-06-12 23:45:25,104 - INFO - Found 3 <a> tags - Horse: Wontgetfooledagen (IRE), Jockey: J. Kearney (claim: 7), Trainer: Andrew McNamara
2025-06-12 23:45:25,105 - INFO - Position/Length - Found 2 children: Position: 8th, Lost by: 9 l
2025-06-12 23:45:25,105 - INFO - Extracted: Wontgetfooledagen (IRE) - Position: 8th, Lost by: 9 l, Jockey: J. Kearney (claim: 7), Trainer: Andrew McNamara, Age: 7, Weight: 9-3tp, Rating: 80
2025-06-12 23:45:25,105 - INFO - Processing sub block #15 for https://www.racingtv.com/results/2023-02-03/dundalk/1830
2025-06-12 23:45:25,106 - INFO - Found 3 <a> tags - Horse: Kingswear, Jockey: J. M. Sheridan (claim: 3), Trainer: Denis Hogan
2025-06-12 23:45:25,106 - INFO - Position/Length - Found 2 children: Position: 7th, Lost by: Neck
2025-06-12 23:45:25,107 - INFO - Extracted: Kingswear - Position: 7th, Lost by: Neck, Jockey: J. M. Sheridan (claim: 3), Trainer: Denis Hogan, Age: 6, Weight: 10-0, Rating: 91
2025-06-12 23:45:25,107 - INFO - Processing sub block #16 for https://www.racingtv.com/results/2023-02-03/dundalk/1830
2025-06-12 23:45:25,107 - INFO - Found 3 <a> tags - Horse: Big Kitten (USA), Jockey: M. P. Sheehy (claim: 0), Trainer: John McConnell
2025-06-12 23:45:25,108 - INFO - Position/Length - Found 2 children: Position: 6th, Lost by: Head
2025-06-12 23:45:25,108 - INFO - Extracted: Big Kitten (USA) - Position: 6th, Lost by: Head, Jockey: M. P. Sheehy (claim: 0), Trainer: John McConnell, Age: 8, Weight: 8-12, Rating: 75
2025-06-12 23:45:25,109 - INFO - Processing sub block #17 for https://www.racingtv.com/results/2023-02-03/dundalk/1830
2025-06-12 23:45:25,109 - INFO - Found 3 <a> tags - Horse: Vina Sena (IRE), Jockey: W. M. Lordan (claim: 0), Trainer: Henry de Bromhead
2025-06-12 23:45:25,110 - INFO - Position/Length - Found 2 children: Position: 5th, Lost by: 1 3/4 l
2025-06-12 23:45:25,110 - INFO - Extracted: Vina Sena (IRE) - Position: 5th, Lost by: 1 3/4 l, Jockey: W. M. Lordan (claim: 0), Trainer: Henry de Bromhead, Age: 4, Weight: 9-5ht, Rating: 84
2025-06-12 23:45:25,110 - INFO - Processing sub block #18 for https://www.racingtv.com/results/2023-02-03/dundalk/1830
2025-06-12 23:45:25,111 - INFO - Found 3 <a> tags - Horse: Dancing Tango (IRE), Jockey: C. Stone-Walsh (claim: 7), Trainer: Joseph Patrick O'Brien
2025-06-12 23:45:25,112 - INFO - Position/Length - Found 2 children: Position: 4th, Lost by: 1/2 l
2025-06-12 23:45:25,112 - INFO - Extracted: Dancing Tango (IRE) - Position: 4th, Lost by: 1/2 l, Jockey: C. Stone-Walsh (claim: 7), Trainer: Joseph Patrick O'Brien, Age: 4, Weight: 9-3, Rating: 82
2025-06-12 23:45:25,112 - INFO - Processing sub block #19 for https://www.racingtv.com/results/2023-02-03/dundalk/1830
2025-06-12 23:45:25,113 - INFO - Found 3 <a> tags - Horse: Dalvey, Jockey: William James Lee (claim: 0), Trainer: James McAuley
2025-06-12 23:45:25,114 - INFO - Position/Length - Found 2 children: Position: 3rd, Lost by: 3 1/4 l
2025-06-12 23:45:25,114 - INFO - Extracted: Dalvey - Position: 3rd, Lost by: 3 1/4 l, Jockey: William James Lee (claim: 0), Trainer: James McAuley, Age: 6, Weight: 9-7tp, Rating: 84
2025-06-12 23:45:25,114 - INFO - Processing sub block #20 for https://www.racingtv.com/results/2023-02-03/dundalk/1830
2025-06-12 23:45:25,115 - INFO - Found 3 <a> tags - Horse: Firstman (FR), Jockey: C. T. Keane (claim: 0), Trainer: A. J. Martin
2025-06-12 23:45:25,116 - INFO - Position/Length - Found 2 children: Position: 2nd, Lost by: 1/2 l
2025-06-12 23:45:25,116 - INFO - Extracted: Firstman (FR) - Position: 2nd, Lost by: 1/2 l, Jockey: C. T. Keane (claim: 0), Trainer: A. J. Martin, Age: 6, Weight: 9-8t, Rating: 85
2025-06-12 23:45:25,117 - INFO - Processing sub block #21 for https://www.racingtv.com/results/2023-02-03/dundalk/1830
2025-06-12 23:45:25,117 - INFO - Found 3 <a> tags - Horse: Bowerman, Jockey: C. D. Hayes (claim: 0), Trainer: Adrian McGuinness
2025-06-12 23:45:25,118 - INFO - Position/Length - Found 1 children: Position: 1st, Lost by: N/A
2025-06-12 23:45:25,118 - INFO - Confirmed winner: Bowerman
2025-06-12 23:45:25,118 - INFO - Extracted: Bowerman - Position: 1st, Lost by: N/A, Jockey: C. D. Hayes (claim: 0), Trainer: Adrian McGuinness, Age: 9, Weight: 8-10p, Rating: 73
2025-06-12 23:45:25,119 - INFO - Processing sub block #22 for https://www.racingtv.com/results/2023-02-03/dundalk/1830
2025-06-12 23:45:25,119 - INFO - Found 3 <a> tags - Horse: Dark Street (IRE), Jockey: N M Crosse (claim: 0), Trainer: L Comer
2025-06-12 23:45:25,120 - INFO - Position/Length - Found 1 children: Position: , Lost by: N/A
2025-06-12 23:45:25,120 - INFO - Extracted: Dark Street (IRE) - Position: , Lost by: N/A, Jockey: N M Crosse (claim: 0), Trainer: L Comer, Age: 5, Weight: 9-5, Rating: -
2025-06-12 23:45:25,120 - INFO - Processing sub block #23 for https://www.racingtv.com/results/2023-02-03/dundalk/1830
2025-06-12 23:45:25,121 - INFO - Found 3 <a> tags - Horse: Itsnoteasyhi (IRE), Jockey: M A Enright (claim: 0), Trainer: G Keane
2025-06-12 23:45:25,121 - INFO - Position/Length - Found 1 children: Position: , Lost by: N/A
2025-06-12 23:45:25,121 - INFO - Extracted: Itsnoteasyhi (IRE) - Position: , Lost by: N/A, Jockey: M A Enright (claim: 0), Trainer: G Keane, Age: 5, Weight: 8-12, Rating: -
2025-06-12 23:45:25,122 - INFO - Processing sub block #24 for https://www.racingtv.com/results/2023-02-03/dundalk/1830
2025-06-12 23:45:25,122 - INFO - Found 3 <a> tags - Horse: Magi Gal (IRE), Jockey: Jessica O'Gorman (claim: 0), Trainer: J C McConnell
2025-06-12 23:45:25,123 - INFO - Position/Length - Found 1 children: Position: , Lost by: N/A
2025-06-12 23:45:25,123 - INFO - Extracted: Magi Gal (IRE) - Position: , Lost by: N/A, Jockey: Jessica O'Gorman (claim: 0), Trainer: J C McConnell, Age: 7, Weight: 8-13, Rating: -
2025-06-12 23:45:25,124 - INFO - Processing sub block #25 for https://www.racingtv.com/results/2023-02-03/dundalk/1830
2025-06-12 23:45:25,124 - INFO - Found 3 <a> tags - Horse: Laurens Company (IRE), Jockey: J M Sheridan (claim: 0), Trainer: M Kelly
2025-06-12 23:45:25,125 - INFO - Position/Length - Found 1 children: Position: , Lost by: N/A
2025-06-12 23:45:25,125 - INFO - Extracted: Laurens Company (IRE) - Position: , Lost by: N/A, Jockey: J M Sheridan (claim: 0), Trainer: M Kelly, Age: 5, Weight: 8-12, Rating: -
2025-06-12 23:45:25,125 - INFO - Processing sub block #26 for https://www.racingtv.com/results/2023-02-03/dundalk/1830
2025-06-12 23:45:25,126 - INFO - Found 3 <a> tags - Horse: Baron Wild (IRE), Jockey: N G McCullagh (claim: 0), Trainer: D Cullen
2025-06-12 23:45:25,126 - INFO - Position/Length - Found 1 children: Position: , Lost by: N/A
2025-06-12 23:45:25,126 - INFO - Extracted: Baron Wild (IRE) - Position: , Lost by: N/A, Jockey: N G McCullagh (claim: 0), Trainer: D Cullen, Age: 5, Weight: 9-13, Rating: -
2025-06-12 23:45:25,127 - INFO - Processing sub block #27 for https://www.racingtv.com/results/2023-02-03/dundalk/1830
2025-06-12 23:45:25,127 - INFO - Found 3 <a> tags - Horse: Hot Lady (IRE), Jockey: C Geerdharry (claim: 0), Trainer: L Comer
2025-06-12 23:45:25,128 - INFO - Position/Length - Found 1 children: Position: , Lost by: N/A
2025-06-12 23:45:25,128 - INFO - Extracted: Hot Lady (IRE) - Position: , Lost by: N/A, Jockey: C Geerdharry (claim: 0), Trainer: L Comer, Age: 5, Weight: 9-7, Rating: -
2025-06-12 23:45:25,128 - INFO - Processing sub block #28 for https://www.racingtv.com/results/2023-02-03/dundalk/1830
2025-06-12 23:45:25,129 - INFO - Found 3 <a> tags - Horse: Everyhouronthehour (IRE), Jockey: C D Maxwell (claim: 0), Trainer: W Ross
2025-06-12 23:45:25,130 - INFO - Position/Length - Found 1 children: Position: , Lost by: N/A
2025-06-12 23:45:25,130 - INFO - Extracted: Everyhouronthehour (IRE) - Position: , Lost by: N/A, Jockey: C D Maxwell (claim: 0), Trainer: W Ross, Age: 7, Weight: 10-0, Rating: -
2025-06-12 23:45:25,130 - INFO - Processing sub block #29 for https://www.racingtv.com/results/2023-02-03/dundalk/1830
2025-06-12 23:45:25,131 - INFO - Found 3 <a> tags - Horse: Inchbae, Jockey: C J MacRedmond (claim: 0), Trainer: M Fahey
2025-06-12 23:45:25,131 - INFO - Position/Length - Found 1 children: Position: , Lost by: N/A
2025-06-12 23:45:25,132 - INFO - Extracted: Inchbae - Position: , Lost by: N/A, Jockey: C J MacRedmond (claim: 0), Trainer: M Fahey, Age: 4, Weight: 9-11, Rating: -
2025-06-12 23:45:25,132 - INFO - Processing sub block #30 for https://www.racingtv.com/results/2023-02-03/dundalk/1830
2025-06-12 23:45:25,133 - INFO - Found 3 <a> tags - Horse: Vlad the Impaler (IRE), Jockey: K J Leonard (claim: 0), Trainer: J J Lambe
2025-06-12 23:45:25,133 - INFO - Position/Length - Found 1 children: Position: , Lost by: N/A
2025-06-12 23:45:25,134 - INFO - Extracted: Vlad the Impaler (IRE) - Position: , Lost by: N/A, Jockey: K J Leonard (claim: 0), Trainer: J J Lambe, Age: 4, Weight: 8-12, Rating: -
2025-06-12 23:45:25,134 - INFO - Processing sub block #31 for https://www.racingtv.com/results/2023-02-03/dundalk/1830
2025-06-12 23:45:25,134 - INFO - Found 3 <a> tags - Horse: Satono Chevalier (IRE), Jockey: J Kearney (claim: 0), Trainer: R O'Brien
2025-06-12 23:45:25,135 - INFO - Position/Length - Found 1 children: Position: , Lost by: N/A
2025-06-12 23:45:25,135 - INFO - Extracted: Satono Chevalier (IRE) - Position: , Lost by: N/A, Jockey: J Kearney (claim: 0), Trainer: R O'Brien, Age: 5, Weight: 9-12, Rating: -
2025-06-12 23:45:25,135 - INFO - Processing sub block #32 for https://www.racingtv.com/results/2023-02-03/dundalk/1830
2025-06-12 23:45:25,136 - INFO - Found 3 <a> tags - Horse: Power Drive, Jockey: Ciara Flynn (claim: 0), Trainer: P W Flynn
2025-06-12 23:45:25,137 - INFO - Position/Length - Found 1 children: Position: , Lost by: N/A
2025-06-12 23:45:25,137 - INFO - Extracted: Power Drive - Position: , Lost by: N/A, Jockey: Ciara Flynn (claim: 0), Trainer: P W Flynn, Age: 8, Weight: 9-8, Rating: -
2025-06-12 23:45:25,137 - INFO - Processing sub block #33 for https://www.racingtv.com/results/2023-02-03/dundalk/1830
2025-06-12 23:45:25,137 - INFO - Found 3 <a> tags - Horse: Matilda with Me (IRE), Jockey: R P Cleary (claim: 0), Trainer: R Sweeney
2025-06-12 23:45:25,138 - INFO - Position/Length - Found 1 children: Position: , Lost by: N/A
2025-06-12 23:45:25,138 - INFO - Extracted: Matilda with Me (IRE) - Position: , Lost by: N/A, Jockey: R P Cleary (claim: 0), Trainer: R Sweeney, Age: 6, Weight: 10-0, Rating: -
2025-06-12 23:45:25,139 - INFO - Processing sub block #34 for https://www.racingtv.com/results/2023-02-03/dundalk/1830
2025-06-12 23:45:25,139 - INFO - Found 3 <a> tags - Horse: Wonder Spirit, Jockey: J J G Ryan (claim: 0), Trainer: G A Kingston
2025-06-12 23:45:25,140 - INFO - Position/Length - Found 1 children: Position: , Lost by: N/A
2025-06-12 23:45:25,140 - INFO - Extracted: Wonder Spirit - Position: , Lost by: N/A, Jockey: J J G Ryan (claim: 0), Trainer: G A Kingston, Age: 5, Weight: 9-2, Rating: -
2025-06-12 23:45:25,140 - INFO - Processing sub block #35 for https://www.racingtv.com/results/2023-02-03/dundalk/1830
2025-06-12 23:45:25,141 - INFO - Found 3 <a> tags - Horse: Wontgetfooledagen (IRE), Jockey: J. Kearney (claim: 7), Trainer: Andrew McNamara
2025-06-12 23:45:25,142 - INFO - Position/Length - Found 2 children: Position: 8th, Lost by: 9 l
2025-06-12 23:45:25,142 - INFO - Extracted: Wontgetfooledagen (IRE) - Position: 8th, Lost by: 9 l, Jockey: J. Kearney (claim: 7), Trainer: Andrew McNamara, Age: 7, Weight: 9-3tp, Rating: 80
2025-06-12 23:45:25,142 - INFO - Processing sub block #36 for https://www.racingtv.com/results/2023-02-03/dundalk/1830
2025-06-12 23:45:25,143 - INFO - Found 3 <a> tags - Horse: Kingswear, Jockey: J. M. Sheridan (claim: 3), Trainer: Denis Hogan
2025-06-12 23:45:25,143 - INFO - Position/Length - Found 2 children: Position: 7th, Lost by: Neck
2025-06-12 23:45:25,143 - INFO - Extracted: Kingswear - Position: 7th, Lost by: Neck, Jockey: J. M. Sheridan (claim: 3), Trainer: Denis Hogan, Age: 6, Weight: 10-0, Rating: 91
2025-06-12 23:45:25,144 - INFO - Processing sub block #37 for https://www.racingtv.com/results/2023-02-03/dundalk/1830
2025-06-12 23:45:25,144 - INFO - Found 3 <a> tags - Horse: Big Kitten (USA), Jockey: M. P. Sheehy (claim: 0), Trainer: John McConnell
2025-06-12 23:45:25,145 - INFO - Position/Length - Found 2 children: Position: 6th, Lost by: Head
2025-06-12 23:45:25,145 - INFO - Extracted: Big Kitten (USA) - Position: 6th, Lost by: Head, Jockey: M. P. Sheehy (claim: 0), Trainer: John McConnell, Age: 8, Weight: 8-12, Rating: 75
2025-06-12 23:45:25,145 - INFO - Processing sub block #38 for https://www.racingtv.com/results/2023-02-03/dundalk/1830
2025-06-12 23:45:25,146 - INFO - Found 3 <a> tags - Horse: Vina Sena (IRE), Jockey: W. M. Lordan (claim: 0), Trainer: Henry de Bromhead
2025-06-12 23:45:25,146 - INFO - Position/Length - Found 2 children: Position: 5th, Lost by: 1 3/4 l
2025-06-12 23:45:25,146 - INFO - Extracted: Vina Sena (IRE) - Position: 5th, Lost by: 1 3/4 l, Jockey: W. M. Lordan (claim: 0), Trainer: Henry de Bromhead, Age: 4, Weight: 9-5ht, Rating: 84
2025-06-12 23:45:25,147 - INFO - Processing sub block #39 for https://www.racingtv.com/results/2023-02-03/dundalk/1830
2025-06-12 23:45:25,147 - INFO - Found 3 <a> tags - Horse: Dancing Tango (IRE), Jockey: C. Stone-Walsh (claim: 7), Trainer: Joseph Patrick O'Brien
2025-06-12 23:45:25,148 - INFO - Position/Length - Found 2 children: Position: 4th, Lost by: 1/2 l
2025-06-12 23:45:25,148 - INFO - Extracted: Dancing Tango (IRE) - Position: 4th, Lost by: 1/2 l, Jockey: C. Stone-Walsh (claim: 7), Trainer: Joseph Patrick O'Brien, Age: 4, Weight: 9-3, Rating: 82
2025-06-12 23:45:25,148 - INFO - Processing sub block #40 for https://www.racingtv.com/results/2023-02-03/dundalk/1830
2025-06-12 23:45:25,149 - INFO - Found 3 <a> tags - Horse: Dalvey, Jockey: William James Lee (claim: 0), Trainer: James McAuley
2025-06-12 23:45:25,150 - INFO - Position/Length - Found 2 children: Position: 3rd, Lost by: 3 1/4 l
2025-06-12 23:45:25,150 - INFO - Extracted: Dalvey - Position: 3rd, Lost by: 3 1/4 l, Jockey: William James Lee (claim: 0), Trainer: James McAuley, Age: 6, Weight: 9-7tp, Rating: 84
2025-06-12 23:45:25,151 - INFO - Processing sub block #41 for https://www.racingtv.com/results/2023-02-03/dundalk/1830
2025-06-12 23:45:25,151 - INFO - Found 3 <a> tags - Horse: Firstman (FR), Jockey: C. T. Keane (claim: 0), Trainer: A. J. Martin
2025-06-12 23:45:25,152 - INFO - Position/Length - Found 2 children: Position: 2nd, Lost by: 1/2 l
2025-06-12 23:45:25,152 - INFO - Extracted: Firstman (FR) - Position: 2nd, Lost by: 1/2 l, Jockey: C. T. Keane (claim: 0), Trainer: A. J. Martin, Age: 6, Weight: 9-8t, Rating: 85
2025-06-12 23:45:25,152 - INFO - Processing sub block #42 for https://www.racingtv.com/results/2023-02-03/dundalk/1830
2025-06-12 23:45:25,153 - INFO - Found 3 <a> tags - Horse: Bowerman, Jockey: C. D. Hayes (claim: 0), Trainer: Adrian McGuinness
2025-06-12 23:45:25,153 - INFO - Position/Length - Found 1 children: Position: 1st, Lost by: N/A
2025-06-12 23:45:25,154 - INFO - Extracted: Bowerman - Position: 1st, Lost by: N/A, Jockey: C. D. Hayes (claim: 0), Trainer: Adrian McGuinness, Age: 9, Weight: 8-10p, Rating: 73
2025-06-12 23:45:25,154 - INFO - Successfully extracted 42/42 horse records from https://www.racingtv.com/results/2023-02-03/dundalk/1830
2025-06-12 23:45:25,154 - INFO - :) First place horse found successfully
2025-06-12 23:45:25,154 - INFO - :) First place horse found successfully
2025-06-12 23:45:25,154 - INFO - :) First place horse found successfully
2025-06-12 23:45:25,155 - INFO - :) First place horse found successfully
2025-06-12 23:45:25,155 - INFO - :) First place horse found successfully
2025-06-12 23:45:25,155 - INFO - :) First place horse found successfully
2025-06-12 23:45:25,155 - INFO - :) First place horse found successfully
2025-06-12 23:45:25,155 - INFO - :) First place horse found successfully
2025-06-12 23:45:25,156 - INFO - :) First place horse found successfully
2025-06-12 23:45:25,156 - INFO - :) First place horse found successfully
2025-06-12 23:45:25,156 - INFO - :) First place horse found successfully
2025-06-12 23:45:25,156 - INFO - :) First place horse found successfully
2025-06-12 23:45:25,157 - INFO - :) First place horse found successfully
2025-06-12 23:45:25,157 - INFO - :) First place horse found successfully
2025-06-12 23:45:25,157 - INFO - :) First place horse found successfully
2025-06-12 23:45:25,157 - INFO - :) First place horse found successfully
2025-06-12 23:45:25,157 - INFO - :) First place horse found successfully
2025-06-12 23:45:25,158 - INFO - :) First place horse found successfully
2025-06-12 23:45:25,158 - INFO - :) First place horse found successfully
2025-06-12 23:45:25,158 - INFO - :) First place horse found successfully
2025-06-12 23:45:25,158 - INFO - :) First place horse found successfully
2025-06-12 23:45:25,159 - INFO - :) First place horse found successfully
2025-06-12 23:45:25,159 - INFO - :) First place horse found successfully
2025-06-12 23:45:25,159 - INFO - :) First place horse found successfully
2025-06-12 23:45:25,159 - INFO - :) First place horse found successfully
2025-06-12 23:45:25,159 - INFO - :) First place horse found successfully
2025-06-12 23:45:25,160 - INFO - :) First place horse found successfully
2025-06-12 23:45:25,160 - INFO - :) First place horse found successfully
2025-06-12 23:45:25,160 - INFO - :) First place horse found successfully
2025-06-12 23:45:25,160 - INFO - :) First place horse found successfully
2025-06-12 23:45:25,160 - INFO - :) First place horse found successfully
2025-06-12 23:45:25,161 - INFO - :) First place horse found successfully
2025-06-12 23:45:25,161 - INFO - :) First place horse found successfully
2025-06-12 23:45:25,161 - INFO - :) First place horse found successfully
2025-06-12 23:45:25,161 - INFO - :) First place horse found successfully
2025-06-12 23:45:25,161 - INFO - :) First place horse found successfully
2025-06-12 23:45:25,161 - INFO - :) First place horse found successfully
2025-06-12 23:45:25,162 - INFO - :) First place horse found successfully
2025-06-12 23:45:25,162 - INFO - :) First place horse found successfully
2025-06-12 23:45:25,162 - INFO - :) First place horse found successfully
2025-06-12 23:45:25,162 - INFO - :) First place horse found successfully
2025-06-12 23:45:25,162 - INFO - :) First place horse found successfully
2025-06-12 23:45:25,163 - INFO - :) First place horse found successfully
2025-06-12 23:45:25,163 - INFO - Successfully parsed 42 horse records from: https://www.racingtv.com/results/2023-02-03/dundalk/1830
2025-06-12 23:45:25,163 - INFO - Waiting 2 seconds before next request...
2025-06-12 23:45:27,164 - INFO - Batch 40 - URL 47/50: https://www.racingtv.com/results/2023-02-03/dundalk/1900
2025-06-12 23:45:27,165 - INFO - Loading page with Selenium: https://www.racingtv.com/results/2023-02-03/dundalk/1900
2025-06-12 23:45:32,300 - INFO - Racing main block detected for: https://www.racingtv.com/results/2023-02-03/dundalk/1900
2025-06-12 23:45:32,356 - INFO - Successfully loaded page: https://www.racingtv.com/results/2023-02-03/dundalk/1900
2025-06-12 23:45:32,524 - INFO - Extracted race info - Track: Dundalk Racing Results | 3rd February 2023 19:00, Date: N/A, Time: 19:00
2025-06-12 23:45:32,525 - INFO - Found 2nd h3 tag: Standard  4YO+ 1m 2f 150y Winner: €10,000 (13 runners)
2025-06-12 23:45:32,525 - INFO - Extracted - Going: Standard, Distance: 1m 2f 150y
2025-06-12 23:45:32,525 - INFO - Extracting racing data from: https://www.racingtv.com/results/2023-02-03/dundalk/1900
2025-06-12 23:45:32,547 - INFO - Processing main block #1 for https://www.racingtv.com/results/2023-02-03/dundalk/1900
2025-06-12 23:45:32,568 - INFO - Checking 2nd child of main block for first place horse...
2025-06-12 23:45:32,580 - INFO - Found alternative horse block structure with 3 links
2025-06-12 23:45:32,581 - INFO - Found alternative horse block structure with 3 links
2025-06-12 23:45:32,581 - INFO - Found alternative horse block structure with 3 links
2025-06-12 23:45:32,582 - INFO - Found alternative horse block structure with 3 links
2025-06-12 23:45:32,582 - INFO - Found alternative horse block structure with 3 links
2025-06-12 23:45:32,583 - INFO - Found alternative horse block structure with 3 links
2025-06-12 23:45:32,583 - INFO - Found alternative horse block structure with 3 links
2025-06-12 23:45:32,583 - INFO - Found alternative horse block structure with 3 links
2025-06-12 23:45:32,584 - INFO - Found alternative horse block structure with 3 links
2025-06-12 23:45:32,584 - INFO - Found alternative horse block structure with 3 links
2025-06-12 23:45:32,584 - INFO - Found alternative horse block structure with 3 links
2025-06-12 23:45:32,585 - INFO - Found alternative horse block structure with 3 links
2025-06-12 23:45:32,585 - INFO - Found alternative horse block structure with 3 links
2025-06-12 23:45:32,585 - INFO - Found alternative horse block structure with 3 links
2025-06-12 23:45:32,585 - INFO - Found alternative horse block structure with 3 links
2025-06-12 23:45:32,586 - INFO - Found alternative horse block structure with 3 links
2025-06-12 23:45:32,586 - INFO - Found alternative horse block structure with 3 links
2025-06-12 23:45:32,586 - INFO - Found alternative horse block structure with 3 links
2025-06-12 23:45:32,587 - INFO - Found alternative horse block structure with 3 links
2025-06-12 23:45:32,587 - INFO - Found alternative horse block structure with 3 links
2025-06-12 23:45:32,587 - INFO - Found alternative horse block structure with 3 links
2025-06-12 23:45:32,587 - INFO - Found alternative horse block structure with 3 links
2025-06-12 23:45:32,588 - INFO - Found alternative horse block structure with 3 links
2025-06-12 23:45:32,588 - INFO - Found alternative horse block structure with 3 links
2025-06-12 23:45:32,588 - INFO - Found alternative horse block structure with 3 links
2025-06-12 23:45:32,588 - INFO - Found alternative horse block structure with 3 links
2025-06-12 23:45:32,589 - INFO - Found alternative horse block structure with 3 links
2025-06-12 23:45:32,637 - INFO - Found likely first place horse via structure analysis: Wonder Spirit
2025-06-12 23:45:32,641 - INFO - Found potential first place horse with background styling
2025-06-12 23:45:32,641 - INFO - Found potential first place horse with background styling
2025-06-12 23:45:32,642 - INFO - Found potential first place horse with background styling
2025-06-12 23:45:32,642 - INFO - Found potential first place horse with background styling
2025-06-12 23:45:32,643 - INFO - Found potential first place horse with background styling
2025-06-12 23:45:32,643 - INFO - Found potential first place horse with background styling
2025-06-12 23:45:32,643 - INFO - Found potential first place horse with background styling
2025-06-12 23:45:32,644 - INFO - Found potential first place horse with background styling
2025-06-12 23:45:32,644 - INFO - Found potential first place horse with background styling
2025-06-12 23:45:32,645 - INFO - Found potential first place horse with background styling
2025-06-12 23:45:32,646 - INFO - Found potential first place horse with background styling
2025-06-12 23:45:32,646 - INFO - Found potential first place horse with background styling
2025-06-12 23:45:32,647 - INFO - Found potential first place horse with background styling
2025-06-12 23:45:32,647 - INFO - Found potential first place horse with background styling
2025-06-12 23:45:32,648 - INFO - Found potential first place horse with background styling
2025-06-12 23:45:32,648 - INFO - Found potential first place horse with background styling
2025-06-12 23:45:32,649 - INFO - Found potential first place horse with background styling
2025-06-12 23:45:32,649 - INFO - Found potential first place horse with background styling
2025-06-12 23:45:32,650 - INFO - Found potential first place horse with background styling
2025-06-12 23:45:32,650 - INFO - Found potential first place horse with background styling
2025-06-12 23:45:32,651 - INFO - Found potential first place horse with background styling
2025-06-12 23:45:32,651 - INFO - Found potential first place horse with background styling
2025-06-12 23:45:32,652 - INFO - Found potential first place horse with background styling
2025-06-12 23:45:32,653 - INFO - Found potential first place horse with background styling
2025-06-12 23:45:32,653 - INFO - Found potential first place horse with background styling
2025-06-12 23:45:32,654 - INFO - Found potential first place horse with background styling
2025-06-12 23:45:32,654 - INFO - Found 54 horse entries for https://www.racingtv.com/results/2023-02-03/dundalk/1900 using multiple detection methods
2025-06-12 23:45:32,655 - INFO - Processing sub block #1 for https://www.racingtv.com/results/2023-02-03/dundalk/1900
2025-06-12 23:45:32,655 - INFO - Found 3 <a> tags - Horse: Clever Capall (IRE), Jockey:  (claim: 0), Trainer: A. Slattery
2025-06-12 23:45:32,656 - INFO - Position/Length - Found 1 children: Position: , Lost by: N/A
2025-06-12 23:45:32,656 - INFO - Extracted: Clever Capall (IRE) - Position: , Lost by: N/A, Jockey:  (claim: 0), Trainer: A. Slattery, Age: 4, Weight: 8-12, Rating: 45
2025-06-12 23:45:32,656 - INFO - Processing sub block #2 for https://www.racingtv.com/results/2023-02-03/dundalk/1900
2025-06-12 23:45:32,657 - INFO - Found 3 <a> tags - Horse: Millyupdahilly (IRE), Jockey:  (claim: 0), Trainer: Peter McCreery
2025-06-12 23:45:32,658 - INFO - Position/Length - Found 1 children: Position: , Lost by: N/A
2025-06-12 23:45:32,658 - INFO - Extracted: Millyupdahilly (IRE) - Position: , Lost by: N/A, Jockey:  (claim: 0), Trainer: Peter McCreery, Age: 4, Weight: 8-13, Rating: 48
2025-06-12 23:45:32,658 - INFO - Processing sub block #3 for https://www.racingtv.com/results/2023-02-03/dundalk/1900
2025-06-12 23:45:32,660 - INFO - Found 3 <a> tags - Horse: Nevada Brave (IRE), Jockey:  (claim: 0), Trainer: Luke Comer
2025-06-12 23:45:32,661 - INFO - Position/Length - Found 1 children: Position: , Lost by: N/A
2025-06-12 23:45:32,661 - INFO - Extracted: Nevada Brave (IRE) - Position: , Lost by: N/A, Jockey:  (claim: 0), Trainer: Luke Comer, Age: 5, Weight: 9-3, Rating: 52
2025-06-12 23:45:32,661 - INFO - Processing sub block #4 for https://www.racingtv.com/results/2023-02-03/dundalk/1900
2025-06-12 23:45:32,661 - INFO - Found 3 <a> tags - Horse: Surac (IRE), Jockey:  (claim: 0), Trainer: Richard John O'Brien
2025-06-12 23:45:32,662 - INFO - Position/Length - Found 1 children: Position: , Lost by: N/A
2025-06-12 23:45:32,662 - INFO - Extracted: Surac (IRE) - Position: , Lost by: N/A, Jockey:  (claim: 0), Trainer: Richard John O'Brien, Age: 4, Weight: 9-10, Rating: 59
2025-06-12 23:45:32,662 - INFO - Processing sub block #5 for https://www.racingtv.com/results/2023-02-03/dundalk/1900
2025-06-12 23:45:32,664 - INFO - Found 3 <a> tags - Horse: Ragtime Red (IRE), Jockey:  (claim: 0), Trainer: Anthony McCann
2025-06-12 23:45:32,664 - INFO - Position/Length - Found 1 children: Position: , Lost by: N/A
2025-06-12 23:45:32,664 - INFO - Extracted: Ragtime Red (IRE) - Position: , Lost by: N/A, Jockey:  (claim: 0), Trainer: Anthony McCann, Age: 8, Weight: 8-12, Rating: 47
2025-06-12 23:45:32,664 - INFO - Processing sub block #6 for https://www.racingtv.com/results/2023-02-03/dundalk/1900
2025-06-12 23:45:32,665 - INFO - Found 3 <a> tags - Horse: Arch Enemy (IRE), Jockey:  (claim: 0), Trainer: Patrick Magee
2025-06-12 23:45:32,666 - INFO - Position/Length - Found 1 children: Position: , Lost by: N/A
2025-06-12 23:45:32,667 - INFO - Extracted: Arch Enemy (IRE) - Position: , Lost by: N/A, Jockey:  (claim: 0), Trainer: Patrick Magee, Age: 4, Weight: 10-2, Rating: 65
2025-06-12 23:45:32,667 - INFO - Processing sub block #7 for https://www.racingtv.com/results/2023-02-03/dundalk/1900
2025-06-12 23:45:32,667 - INFO - Found 3 <a> tags - Horse: Barretstown (IRE), Jockey:  (claim: 0), Trainer: Conor O'Dwyer
2025-06-12 23:45:32,668 - INFO - Position/Length - Found 1 children: Position: , Lost by: N/A
2025-06-12 23:45:32,668 - INFO - Extracted: Barretstown (IRE) - Position: , Lost by: N/A, Jockey:  (claim: 0), Trainer: Conor O'Dwyer, Age: 5, Weight: 9-9, Rating: 58
2025-06-12 23:45:32,668 - INFO - Processing sub block #8 for https://www.racingtv.com/results/2023-02-03/dundalk/1900
2025-06-12 23:45:32,669 - INFO - Found 3 <a> tags - Horse: Capla Knight (IRE), Jockey:  (claim: 0), Trainer: Muredach Kelly
2025-06-12 23:45:32,670 - INFO - Position/Length - Found 1 children: Position: , Lost by: N/A
2025-06-12 23:45:32,670 - INFO - Extracted: Capla Knight (IRE) - Position: , Lost by: N/A, Jockey:  (claim: 0), Trainer: Muredach Kelly, Age: 5, Weight: 9-0, Rating: 49
2025-06-12 23:45:32,670 - INFO - Processing sub block #9 for https://www.racingtv.com/results/2023-02-03/dundalk/1900
2025-06-12 23:45:32,671 - INFO - Found 3 <a> tags - Horse: Cometh the Man (IRE), Jockey:  (claim: 0), Trainer: John McConnell
2025-06-12 23:45:32,672 - INFO - Position/Length - Found 1 children: Position: , Lost by: N/A
2025-06-12 23:45:32,672 - INFO - Extracted: Cometh the Man (IRE) - Position: , Lost by: N/A, Jockey:  (claim: 0), Trainer: John McConnell, Age: 5, Weight: 9-5, Rating: 54
2025-06-12 23:45:32,672 - INFO - Processing sub block #10 for https://www.racingtv.com/results/2023-02-03/dundalk/1900
2025-06-12 23:45:32,673 - INFO - Found 3 <a> tags - Horse: Reverberation, Jockey:  (claim: 0), Trainer: J. J. Lambe
2025-06-12 23:45:32,673 - INFO - Position/Length - Found 1 children: Position: , Lost by: N/A
2025-06-12 23:45:32,674 - INFO - Extracted: Reverberation - Position: , Lost by: N/A, Jockey:  (claim: 0), Trainer: J. J. Lambe, Age: 8, Weight: 9-1, Rating: 50
2025-06-12 23:45:32,674 - INFO - Processing sub block #11 for https://www.racingtv.com/results/2023-02-03/dundalk/1900
2025-06-12 23:45:32,674 - INFO - Found 3 <a> tags - Horse: Together Aclaim, Jockey:  (claim: 0), Trainer: John McConnell
2025-06-12 23:45:32,675 - INFO - Position/Length - Found 1 children: Position: , Lost by: N/A
2025-06-12 23:45:32,675 - INFO - Extracted: Together Aclaim - Position: , Lost by: N/A, Jockey:  (claim: 0), Trainer: John McConnell, Age: 4, Weight: 9-10, Rating: 59
2025-06-12 23:45:32,676 - INFO - Processing sub block #12 for https://www.racingtv.com/results/2023-02-03/dundalk/1900
2025-06-12 23:45:32,683 - INFO - Found 3 <a> tags - Horse: Santorini Sun (IRE), Jockey:  (claim: 0), Trainer: F. G. Hand
2025-06-12 23:45:32,691 - INFO - Position/Length - Found 1 children: Position: , Lost by: N/A
2025-06-12 23:45:32,692 - INFO - Extracted: Santorini Sun (IRE) - Position: , Lost by: N/A, Jockey:  (claim: 0), Trainer: F. G. Hand, Age: 8, Weight: 8-12, Rating: 44
2025-06-12 23:45:32,693 - INFO - Processing sub block #13 for https://www.racingtv.com/results/2023-02-03/dundalk/1900
2025-06-12 23:45:32,694 - INFO - Found 3 <a> tags - Horse: Endless Season (IRE), Jockey:  (claim: 0), Trainer: G. Ahern
2025-06-12 23:45:32,702 - INFO - Position/Length - Found 1 children: Position: , Lost by: N/A
2025-06-12 23:45:32,703 - INFO - Extracted: Endless Season (IRE) - Position: , Lost by: N/A, Jockey:  (claim: 0), Trainer: G. Ahern, Age: 4, Weight: 9-3, Rating: 52
2025-06-12 23:45:32,703 - INFO - Processing sub block #14 for https://www.racingtv.com/results/2023-02-03/dundalk/1900
2025-06-12 23:45:32,704 - INFO - Found 3 <a> tags - Horse: Thatboathassailed (IRE), Jockey:  (claim: 0), Trainer: Luke Comer
2025-06-12 23:45:32,706 - INFO - Position/Length - Found 1 children: Position: , Lost by: N/A
2025-06-12 23:45:32,706 - INFO - Extracted: Thatboathassailed (IRE) - Position: , Lost by: N/A, Jockey:  (claim: 0), Trainer: Luke Comer, Age: 5, Weight: 9-10, Rating: 59
2025-06-12 23:45:32,706 - INFO - Processing sub block #15 for https://www.racingtv.com/results/2023-02-03/dundalk/1900
2025-06-12 23:45:32,707 - INFO - Found 3 <a> tags - Horse: Vlad the Impaler (IRE), Jockey: K. J. Leonard (claim: 0), Trainer: J. J. Lambe
2025-06-12 23:45:32,709 - INFO - Position/Length - Found 2 children: Position: 13th, Lost by: Head
2025-06-12 23:45:32,709 - INFO - Extracted: Vlad the Impaler (IRE) - Position: 13th, Lost by: Head, Jockey: K. J. Leonard (claim: 0), Trainer: J. J. Lambe, Age: 4, Weight: 8-12t, Rating: 47
2025-06-12 23:45:32,709 - INFO - Processing sub block #16 for https://www.racingtv.com/results/2023-02-03/dundalk/1900
2025-06-12 23:45:32,710 - INFO - Found 3 <a> tags - Horse: Itsnoteasyhi (IRE), Jockey: M. A. Enright (claim: 0), Trainer: Gerard Keane
2025-06-12 23:45:32,711 - INFO - Position/Length - Found 2 children: Position: 12th, Lost by: Neck
2025-06-12 23:45:32,711 - INFO - Extracted: Itsnoteasyhi (IRE) - Position: 12th, Lost by: Neck, Jockey: M. A. Enright (claim: 0), Trainer: Gerard Keane, Age: 5, Weight: 8-12b1, Rating: 47
2025-06-12 23:45:32,712 - INFO - Processing sub block #17 for https://www.racingtv.com/results/2023-02-03/dundalk/1900
2025-06-12 23:45:32,713 - INFO - Found 3 <a> tags - Horse: Laurens Company (IRE), Jockey: J. M. Sheridan (claim: 3), Trainer: Muredach Kelly
2025-06-12 23:45:32,714 - INFO - Position/Length - Found 2 children: Position: 11th, Lost by: Neck
2025-06-12 23:45:32,719 - INFO - Extracted: Laurens Company (IRE) - Position: 11th, Lost by: Neck, Jockey: J. M. Sheridan (claim: 3), Trainer: Muredach Kelly, Age: 5, Weight: 8-12, Rating: 47
2025-06-12 23:45:32,719 - INFO - Processing sub block #18 for https://www.racingtv.com/results/2023-02-03/dundalk/1900
2025-06-12 23:45:32,720 - INFO - Found 3 <a> tags - Horse: Everyhouronthehour (IRE), Jockey: C. D. Maxwell (claim: 0), Trainer: W. Ross
2025-06-12 23:45:32,721 - INFO - Position/Length - Found 2 children: Position: 10th, Lost by: 2 1/2 l
2025-06-12 23:45:32,722 - INFO - Extracted: Everyhouronthehour (IRE) - Position: 10th, Lost by: 2 1/2 l, Jockey: C. D. Maxwell (claim: 0), Trainer: W. Ross, Age: 7, Weight: 10-0t, Rating: 63
2025-06-12 23:45:32,722 - INFO - Processing sub block #19 for https://www.racingtv.com/results/2023-02-03/dundalk/1900
2025-06-12 23:45:32,723 - INFO - Found 3 <a> tags - Horse: Inchbae, Jockey: C. J. MacRedmond (claim: 5), Trainer: Mark Fahey
2025-06-12 23:45:32,725 - INFO - Position/Length - Found 2 children: Position: 9th, Lost by: Neck
2025-06-12 23:45:32,725 - INFO - Extracted: Inchbae - Position: 9th, Lost by: Neck, Jockey: C. J. MacRedmond (claim: 5), Trainer: Mark Fahey, Age: 4, Weight: 9-11, Rating: 60
2025-06-12 23:45:32,725 - INFO - Processing sub block #20 for https://www.racingtv.com/results/2023-02-03/dundalk/1900
2025-06-12 23:45:32,726 - INFO - Found 3 <a> tags - Horse: Baron Wild (IRE), Jockey: N. G. McCullagh (claim: 0), Trainer: Denis W. Cullen
2025-06-12 23:45:32,726 - INFO - Position/Length - Found 2 children: Position: 8th, Lost by: 6 l
2025-06-12 23:45:32,727 - INFO - Extracted: Baron Wild (IRE) - Position: 8th, Lost by: 6 l, Jockey: N. G. McCullagh (claim: 0), Trainer: Denis W. Cullen, Age: 5, Weight: 9-13t, Rating: 62
2025-06-12 23:45:32,727 - INFO - Processing sub block #21 for https://www.racingtv.com/results/2023-02-03/dundalk/1900
2025-06-12 23:45:32,727 - INFO - Found 3 <a> tags - Horse: Hot Lady (IRE), Jockey: C. Geerdharry (claim: 10), Trainer: Luke Comer
2025-06-12 23:45:32,728 - INFO - Position/Length - Found 2 children: Position: 7th, Lost by: 1 l
2025-06-12 23:45:32,728 - INFO - Extracted: Hot Lady (IRE) - Position: 7th, Lost by: 1 l, Jockey: C. Geerdharry (claim: 10), Trainer: Luke Comer, Age: 5, Weight: 9-7, Rating: 56
2025-06-12 23:45:32,728 - INFO - Processing sub block #22 for https://www.racingtv.com/results/2023-02-03/dundalk/1900
2025-06-12 23:45:32,729 - INFO - Found 3 <a> tags - Horse: Magi Gal (IRE), Jockey: Jessica O'Gorman (claim: 7), Trainer: John McConnell
2025-06-12 23:45:32,730 - INFO - Position/Length - Found 2 children: Position: 6th, Lost by: 3 1/4 l
2025-06-12 23:45:32,730 - INFO - Extracted: Magi Gal (IRE) - Position: 6th, Lost by: 3 1/4 l, Jockey: Jessica O'Gorman (claim: 7), Trainer: John McConnell, Age: 7, Weight: 8-13, Rating: 48
2025-06-12 23:45:32,730 - INFO - Processing sub block #23 for https://www.racingtv.com/results/2023-02-03/dundalk/1900
2025-06-12 23:45:32,731 - INFO - Found 3 <a> tags - Horse: Dark Street (IRE), Jockey: N. M. Crosse (claim: 0), Trainer: Luke Comer
2025-06-12 23:45:32,733 - INFO - Position/Length - Found 2 children: Position: 5th, Lost by: 1 l
2025-06-12 23:45:32,733 - INFO - Extracted: Dark Street (IRE) - Position: 5th, Lost by: 1 l, Jockey: N. M. Crosse (claim: 0), Trainer: Luke Comer, Age: 5, Weight: 9-5, Rating: 54
2025-06-12 23:45:32,733 - INFO - Processing sub block #24 for https://www.racingtv.com/results/2023-02-03/dundalk/1900
2025-06-12 23:45:32,734 - INFO - Found 3 <a> tags - Horse: Matilda with Me (IRE), Jockey: R. P. Cleary (claim: 0), Trainer: Rodger Sweeney
2025-06-12 23:45:32,734 - INFO - Position/Length - Found 2 children: Position: 4th, Lost by: 1 1/4 l
2025-06-12 23:45:32,735 - INFO - Extracted: Matilda with Me (IRE) - Position: 4th, Lost by: 1 1/4 l, Jockey: R. P. Cleary (claim: 0), Trainer: Rodger Sweeney, Age: 6, Weight: 10-0p, Rating: 63
2025-06-12 23:45:32,735 - INFO - Processing sub block #25 for https://www.racingtv.com/results/2023-02-03/dundalk/1900
2025-06-12 23:45:32,735 - INFO - Found 3 <a> tags - Horse: Power Drive, Jockey: Ciara Flynn (claim: 7), Trainer: Paul W. Flynn
2025-06-12 23:45:32,736 - INFO - Position/Length - Found 2 children: Position: 3rd, Lost by: Neck
2025-06-12 23:45:32,736 - INFO - Extracted: Power Drive - Position: 3rd, Lost by: Neck, Jockey: Ciara Flynn (claim: 7), Trainer: Paul W. Flynn, Age: 8, Weight: 9-8p, Rating: 57
2025-06-12 23:45:32,737 - INFO - Processing sub block #26 for https://www.racingtv.com/results/2023-02-03/dundalk/1900
2025-06-12 23:45:32,737 - INFO - Found 3 <a> tags - Horse: Satono Chevalier (IRE), Jockey: J. Kearney (claim: 7), Trainer: Richard John O'Brien
2025-06-12 23:45:32,738 - INFO - Position/Length - Found 2 children: Position: 2nd, Lost by: Neck
2025-06-12 23:45:32,738 - INFO - Extracted: Satono Chevalier (IRE) - Position: 2nd, Lost by: Neck, Jockey: J. Kearney (claim: 7), Trainer: Richard John O'Brien, Age: 5, Weight: 9-12, Rating: 61
2025-06-12 23:45:32,738 - INFO - Processing sub block #27 for https://www.racingtv.com/results/2023-02-03/dundalk/1900
2025-06-12 23:45:32,739 - INFO - Found 3 <a> tags - Horse: Wonder Spirit, Jockey: J. J. G. Ryan (claim: 7), Trainer: G. A. Kingston
2025-06-12 23:45:32,740 - INFO - Position/Length - Found 1 children: Position: 1st, Lost by: N/A
2025-06-12 23:45:32,740 - INFO - Confirmed winner: Wonder Spirit
2025-06-12 23:45:32,740 - INFO - Extracted: Wonder Spirit - Position: 1st, Lost by: N/A, Jockey: J. J. G. Ryan (claim: 7), Trainer: G. A. Kingston, Age: 5, Weight: 9-2, Rating: 51
2025-06-12 23:45:32,740 - INFO - Processing sub block #28 for https://www.racingtv.com/results/2023-02-03/dundalk/1900
2025-06-12 23:45:32,741 - INFO - Found 3 <a> tags - Horse: Clever Capall (IRE), Jockey:  (claim: 0), Trainer: A. Slattery
2025-06-12 23:45:32,741 - INFO - Position/Length - Found 1 children: Position: , Lost by: N/A
2025-06-12 23:45:32,742 - INFO - Extracted: Clever Capall (IRE) - Position: , Lost by: N/A, Jockey:  (claim: 0), Trainer: A. Slattery, Age: 4, Weight: 8-12, Rating: 45
2025-06-12 23:45:32,742 - INFO - Processing sub block #29 for https://www.racingtv.com/results/2023-02-03/dundalk/1900
2025-06-12 23:45:32,742 - INFO - Found 3 <a> tags - Horse: Millyupdahilly (IRE), Jockey:  (claim: 0), Trainer: Peter McCreery
2025-06-12 23:45:32,743 - INFO - Position/Length - Found 1 children: Position: , Lost by: N/A
2025-06-12 23:45:32,743 - INFO - Extracted: Millyupdahilly (IRE) - Position: , Lost by: N/A, Jockey:  (claim: 0), Trainer: Peter McCreery, Age: 4, Weight: 8-13, Rating: 48
2025-06-12 23:45:32,743 - INFO - Processing sub block #30 for https://www.racingtv.com/results/2023-02-03/dundalk/1900
2025-06-12 23:45:32,744 - INFO - Found 3 <a> tags - Horse: Nevada Brave (IRE), Jockey:  (claim: 0), Trainer: Luke Comer
2025-06-12 23:45:32,744 - INFO - Position/Length - Found 1 children: Position: , Lost by: N/A
2025-06-12 23:45:32,745 - INFO - Extracted: Nevada Brave (IRE) - Position: , Lost by: N/A, Jockey:  (claim: 0), Trainer: Luke Comer, Age: 5, Weight: 9-3, Rating: 52
2025-06-12 23:45:32,745 - INFO - Processing sub block #31 for https://www.racingtv.com/results/2023-02-03/dundalk/1900
2025-06-12 23:45:32,745 - INFO - Found 3 <a> tags - Horse: Surac (IRE), Jockey:  (claim: 0), Trainer: Richard John O'Brien
2025-06-12 23:45:32,746 - INFO - Position/Length - Found 1 children: Position: , Lost by: N/A
2025-06-12 23:45:32,746 - INFO - Extracted: Surac (IRE) - Position: , Lost by: N/A, Jockey:  (claim: 0), Trainer: Richard John O'Brien, Age: 4, Weight: 9-10, Rating: 59
2025-06-12 23:45:32,746 - INFO - Processing sub block #32 for https://www.racingtv.com/results/2023-02-03/dundalk/1900
2025-06-12 23:45:32,747 - INFO - Found 3 <a> tags - Horse: Ragtime Red (IRE), Jockey:  (claim: 0), Trainer: Anthony McCann
2025-06-12 23:45:32,748 - INFO - Position/Length - Found 1 children: Position: , Lost by: N/A
2025-06-12 23:45:32,748 - INFO - Extracted: Ragtime Red (IRE) - Position: , Lost by: N/A, Jockey:  (claim: 0), Trainer: Anthony McCann, Age: 8, Weight: 8-12, Rating: 47
2025-06-12 23:45:32,748 - INFO - Processing sub block #33 for https://www.racingtv.com/results/2023-02-03/dundalk/1900
2025-06-12 23:45:32,749 - INFO - Found 3 <a> tags - Horse: Arch Enemy (IRE), Jockey:  (claim: 0), Trainer: Patrick Magee
2025-06-12 23:45:32,750 - INFO - Position/Length - Found 1 children: Position: , Lost by: N/A
2025-06-12 23:45:32,750 - INFO - Extracted: Arch Enemy (IRE) - Position: , Lost by: N/A, Jockey:  (claim: 0), Trainer: Patrick Magee, Age: 4, Weight: 10-2, Rating: 65
2025-06-12 23:45:32,750 - INFO - Processing sub block #34 for https://www.racingtv.com/results/2023-02-03/dundalk/1900
2025-06-12 23:45:32,751 - INFO - Found 3 <a> tags - Horse: Barretstown (IRE), Jockey:  (claim: 0), Trainer: Conor O'Dwyer
2025-06-12 23:45:32,751 - INFO - Position/Length - Found 1 children: Position: , Lost by: N/A
2025-06-12 23:45:32,751 - INFO - Extracted: Barretstown (IRE) - Position: , Lost by: N/A, Jockey:  (claim: 0), Trainer: Conor O'Dwyer, Age: 5, Weight: 9-9, Rating: 58
2025-06-12 23:45:32,752 - INFO - Processing sub block #35 for https://www.racingtv.com/results/2023-02-03/dundalk/1900
2025-06-12 23:45:32,752 - INFO - Found 3 <a> tags - Horse: Capla Knight (IRE), Jockey:  (claim: 0), Trainer: Muredach Kelly
2025-06-12 23:45:32,753 - INFO - Position/Length - Found 1 children: Position: , Lost by: N/A
2025-06-12 23:45:32,753 - INFO - Extracted: Capla Knight (IRE) - Position: , Lost by: N/A, Jockey:  (claim: 0), Trainer: Muredach Kelly, Age: 5, Weight: 9-0, Rating: 49
2025-06-12 23:45:32,753 - INFO - Processing sub block #36 for https://www.racingtv.com/results/2023-02-03/dundalk/1900
2025-06-12 23:45:32,753 - INFO - Found 3 <a> tags - Horse: Cometh the Man (IRE), Jockey:  (claim: 0), Trainer: John McConnell
2025-06-12 23:45:32,754 - INFO - Position/Length - Found 1 children: Position: , Lost by: N/A
2025-06-12 23:45:32,754 - INFO - Extracted: Cometh the Man (IRE) - Position: , Lost by: N/A, Jockey:  (claim: 0), Trainer: John McConnell, Age: 5, Weight: 9-5, Rating: 54
2025-06-12 23:45:32,754 - INFO - Processing sub block #37 for https://www.racingtv.com/results/2023-02-03/dundalk/1900
2025-06-12 23:45:32,755 - INFO - Found 3 <a> tags - Horse: Reverberation, Jockey:  (claim: 0), Trainer: J. J. Lambe
2025-06-12 23:45:32,755 - INFO - Position/Length - Found 1 children: Position: , Lost by: N/A
2025-06-12 23:45:32,756 - INFO - Extracted: Reverberation - Position: , Lost by: N/A, Jockey:  (claim: 0), Trainer: J. J. Lambe, Age: 8, Weight: 9-1, Rating: 50
2025-06-12 23:45:32,756 - INFO - Processing sub block #38 for https://www.racingtv.com/results/2023-02-03/dundalk/1900
2025-06-12 23:45:32,756 - INFO - Found 3 <a> tags - Horse: Together Aclaim, Jockey:  (claim: 0), Trainer: John McConnell
2025-06-12 23:45:32,757 - INFO - Position/Length - Found 1 children: Position: , Lost by: N/A
2025-06-12 23:45:32,758 - INFO - Extracted: Together Aclaim - Position: , Lost by: N/A, Jockey:  (claim: 0), Trainer: John McConnell, Age: 4, Weight: 9-10, Rating: 59
2025-06-12 23:45:32,758 - INFO - Processing sub block #39 for https://www.racingtv.com/results/2023-02-03/dundalk/1900
2025-06-12 23:45:32,758 - INFO - Found 3 <a> tags - Horse: Santorini Sun (IRE), Jockey:  (claim: 0), Trainer: F. G. Hand
2025-06-12 23:45:32,759 - INFO - Position/Length - Found 1 children: Position: , Lost by: N/A
2025-06-12 23:45:32,759 - INFO - Extracted: Santorini Sun (IRE) - Position: , Lost by: N/A, Jockey:  (claim: 0), Trainer: F. G. Hand, Age: 8, Weight: 8-12, Rating: 44
2025-06-12 23:45:32,759 - INFO - Processing sub block #40 for https://www.racingtv.com/results/2023-02-03/dundalk/1900
2025-06-12 23:45:32,760 - INFO - Found 3 <a> tags - Horse: Endless Season (IRE), Jockey:  (claim: 0), Trainer: G. Ahern
2025-06-12 23:45:32,760 - INFO - Position/Length - Found 1 children: Position: , Lost by: N/A
2025-06-12 23:45:32,760 - INFO - Extracted: Endless Season (IRE) - Position: , Lost by: N/A, Jockey:  (claim: 0), Trainer: G. Ahern, Age: 4, Weight: 9-3, Rating: 52
2025-06-12 23:45:32,761 - INFO - Processing sub block #41 for https://www.racingtv.com/results/2023-02-03/dundalk/1900
2025-06-12 23:45:32,761 - INFO - Found 3 <a> tags - Horse: Thatboathassailed (IRE), Jockey:  (claim: 0), Trainer: Luke Comer
2025-06-12 23:45:32,762 - INFO - Position/Length - Found 1 children: Position: , Lost by: N/A
2025-06-12 23:45:32,762 - INFO - Extracted: Thatboathassailed (IRE) - Position: , Lost by: N/A, Jockey:  (claim: 0), Trainer: Luke Comer, Age: 5, Weight: 9-10, Rating: 59
2025-06-12 23:45:32,762 - INFO - Processing sub block #42 for https://www.racingtv.com/results/2023-02-03/dundalk/1900
2025-06-12 23:45:32,763 - INFO - Found 3 <a> tags - Horse: Vlad the Impaler (IRE), Jockey: K. J. Leonard (claim: 0), Trainer: J. J. Lambe
2025-06-12 23:45:32,763 - INFO - Position/Length - Found 2 children: Position: 13th, Lost by: Head
2025-06-12 23:45:32,763 - INFO - Extracted: Vlad the Impaler (IRE) - Position: 13th, Lost by: Head, Jockey: K. J. Leonard (claim: 0), Trainer: J. J. Lambe, Age: 4, Weight: 8-12t, Rating: 47
2025-06-12 23:45:32,764 - INFO - Processing sub block #43 for https://www.racingtv.com/results/2023-02-03/dundalk/1900
2025-06-12 23:45:32,764 - INFO - Found 3 <a> tags - Horse: Itsnoteasyhi (IRE), Jockey: M. A. Enright (claim: 0), Trainer: Gerard Keane
2025-06-12 23:45:32,765 - INFO - Position/Length - Found 2 children: Position: 12th, Lost by: Neck
2025-06-12 23:45:32,765 - INFO - Extracted: Itsnoteasyhi (IRE) - Position: 12th, Lost by: Neck, Jockey: M. A. Enright (claim: 0), Trainer: Gerard Keane, Age: 5, Weight: 8-12b1, Rating: 47
2025-06-12 23:45:32,766 - INFO - Processing sub block #44 for https://www.racingtv.com/results/2023-02-03/dundalk/1900
2025-06-12 23:45:32,766 - INFO - Found 3 <a> tags - Horse: Laurens Company (IRE), Jockey: J. M. Sheridan (claim: 3), Trainer: Muredach Kelly
2025-06-12 23:45:32,767 - INFO - Position/Length - Found 2 children: Position: 11th, Lost by: Neck
2025-06-12 23:45:32,767 - INFO - Extracted: Laurens Company (IRE) - Position: 11th, Lost by: Neck, Jockey: J. M. Sheridan (claim: 3), Trainer: Muredach Kelly, Age: 5, Weight: 8-12, Rating: 47
2025-06-12 23:45:32,767 - INFO - Processing sub block #45 for https://www.racingtv.com/results/2023-02-03/dundalk/1900
2025-06-12 23:45:32,768 - INFO - Found 3 <a> tags - Horse: Everyhouronthehour (IRE), Jockey: C. D. Maxwell (claim: 0), Trainer: W. Ross
2025-06-12 23:45:32,768 - INFO - Position/Length - Found 2 children: Position: 10th, Lost by: 2 1/2 l
2025-06-12 23:45:32,768 - INFO - Extracted: Everyhouronthehour (IRE) - Position: 10th, Lost by: 2 1/2 l, Jockey: C. D. Maxwell (claim: 0), Trainer: W. Ross, Age: 7, Weight: 10-0t, Rating: 63
2025-06-12 23:45:32,769 - INFO - Processing sub block #46 for https://www.racingtv.com/results/2023-02-03/dundalk/1900
2025-06-12 23:45:32,769 - INFO - Found 3 <a> tags - Horse: Inchbae, Jockey: C. J. MacRedmond (claim: 5), Trainer: Mark Fahey
2025-06-12 23:45:32,770 - INFO - Position/Length - Found 2 children: Position: 9th, Lost by: Neck
2025-06-12 23:45:32,770 - INFO - Extracted: Inchbae - Position: 9th, Lost by: Neck, Jockey: C. J. MacRedmond (claim: 5), Trainer: Mark Fahey, Age: 4, Weight: 9-11, Rating: 60
2025-06-12 23:45:32,770 - INFO - Processing sub block #47 for https://www.racingtv.com/results/2023-02-03/dundalk/1900
2025-06-12 23:45:32,770 - INFO - Found 3 <a> tags - Horse: Baron Wild (IRE), Jockey: N. G. McCullagh (claim: 0), Trainer: Denis W. Cullen
2025-06-12 23:45:32,771 - INFO - Position/Length - Found 2 children: Position: 8th, Lost by: 6 l
2025-06-12 23:45:32,771 - INFO - Extracted: Baron Wild (IRE) - Position: 8th, Lost by: 6 l, Jockey: N. G. McCullagh (claim: 0), Trainer: Denis W. Cullen, Age: 5, Weight: 9-13t, Rating: 62
2025-06-12 23:45:32,771 - INFO - Processing sub block #48 for https://www.racingtv.com/results/2023-02-03/dundalk/1900
2025-06-12 23:45:32,772 - INFO - Found 3 <a> tags - Horse: Hot Lady (IRE), Jockey: C. Geerdharry (claim: 10), Trainer: Luke Comer
2025-06-12 23:45:32,773 - INFO - Position/Length - Found 2 children: Position: 7th, Lost by: 1 l
2025-06-12 23:45:32,773 - INFO - Extracted: Hot Lady (IRE) - Position: 7th, Lost by: 1 l, Jockey: C. Geerdharry (claim: 10), Trainer: Luke Comer, Age: 5, Weight: 9-7, Rating: 56
2025-06-12 23:45:32,773 - INFO - Processing sub block #49 for https://www.racingtv.com/results/2023-02-03/dundalk/1900
2025-06-12 23:45:32,773 - INFO - Found 3 <a> tags - Horse: Magi Gal (IRE), Jockey: Jessica O'Gorman (claim: 7), Trainer: John McConnell
2025-06-12 23:45:32,774 - INFO - Position/Length - Found 2 children: Position: 6th, Lost by: 3 1/4 l
2025-06-12 23:45:32,774 - INFO - Extracted: Magi Gal (IRE) - Position: 6th, Lost by: 3 1/4 l, Jockey: Jessica O'Gorman (claim: 7), Trainer: John McConnell, Age: 7, Weight: 8-13, Rating: 48
2025-06-12 23:45:32,775 - INFO - Processing sub block #50 for https://www.racingtv.com/results/2023-02-03/dundalk/1900
2025-06-12 23:45:32,775 - INFO - Found 3 <a> tags - Horse: Dark Street (IRE), Jockey: N. M. Crosse (claim: 0), Trainer: Luke Comer
2025-06-12 23:45:32,776 - INFO - Position/Length - Found 2 children: Position: 5th, Lost by: 1 l
2025-06-12 23:45:32,776 - INFO - Extracted: Dark Street (IRE) - Position: 5th, Lost by: 1 l, Jockey: N. M. Crosse (claim: 0), Trainer: Luke Comer, Age: 5, Weight: 9-5, Rating: 54
2025-06-12 23:45:32,776 - INFO - Processing sub block #51 for https://www.racingtv.com/results/2023-02-03/dundalk/1900
2025-06-12 23:45:32,777 - INFO - Found 3 <a> tags - Horse: Matilda with Me (IRE), Jockey: R. P. Cleary (claim: 0), Trainer: Rodger Sweeney
2025-06-12 23:45:32,777 - INFO - Position/Length - Found 2 children: Position: 4th, Lost by: 1 1/4 l
2025-06-12 23:45:32,778 - INFO - Extracted: Matilda with Me (IRE) - Position: 4th, Lost by: 1 1/4 l, Jockey: R. P. Cleary (claim: 0), Trainer: Rodger Sweeney, Age: 6, Weight: 10-0p, Rating: 63
2025-06-12 23:45:32,778 - INFO - Processing sub block #52 for https://www.racingtv.com/results/2023-02-03/dundalk/1900
2025-06-12 23:45:32,778 - INFO - Found 3 <a> tags - Horse: Power Drive, Jockey: Ciara Flynn (claim: 7), Trainer: Paul W. Flynn
2025-06-12 23:45:32,779 - INFO - Position/Length - Found 2 children: Position: 3rd, Lost by: Neck
2025-06-12 23:45:32,779 - INFO - Extracted: Power Drive - Position: 3rd, Lost by: Neck, Jockey: Ciara Flynn (claim: 7), Trainer: Paul W. Flynn, Age: 8, Weight: 9-8p, Rating: 57
2025-06-12 23:45:32,779 - INFO - Processing sub block #53 for https://www.racingtv.com/results/2023-02-03/dundalk/1900
2025-06-12 23:45:32,780 - INFO - Found 3 <a> tags - Horse: Satono Chevalier (IRE), Jockey: J. Kearney (claim: 7), Trainer: Richard John O'Brien
2025-06-12 23:45:32,781 - INFO - Position/Length - Found 2 children: Position: 2nd, Lost by: Neck
2025-06-12 23:45:32,781 - INFO - Extracted: Satono Chevalier (IRE) - Position: 2nd, Lost by: Neck, Jockey: J. Kearney (claim: 7), Trainer: Richard John O'Brien, Age: 5, Weight: 9-12, Rating: 61
2025-06-12 23:45:32,781 - INFO - Processing sub block #54 for https://www.racingtv.com/results/2023-02-03/dundalk/1900
2025-06-12 23:45:32,781 - INFO - Found 3 <a> tags - Horse: Wonder Spirit, Jockey: J. J. G. Ryan (claim: 7), Trainer: G. A. Kingston
2025-06-12 23:45:32,782 - INFO - Position/Length - Found 1 children: Position: 1st, Lost by: N/A
2025-06-12 23:45:32,783 - INFO - Extracted: Wonder Spirit - Position: 1st, Lost by: N/A, Jockey: J. J. G. Ryan (claim: 7), Trainer: G. A. Kingston, Age: 5, Weight: 9-2, Rating: 51
2025-06-12 23:45:32,783 - INFO - Successfully extracted 54/54 horse records from https://www.racingtv.com/results/2023-02-03/dundalk/1900
2025-06-12 23:45:32,783 - INFO - :) First place horse found successfully
2025-06-12 23:45:32,783 - INFO - :) First place horse found successfully
2025-06-12 23:45:32,783 - INFO - :) First place horse found successfully
2025-06-12 23:45:32,784 - INFO - :) First place horse found successfully
2025-06-12 23:45:32,784 - INFO - :) First place horse found successfully
2025-06-12 23:45:32,784 - INFO - :) First place horse found successfully
2025-06-12 23:45:32,784 - INFO - :) First place horse found successfully
2025-06-12 23:45:32,784 - INFO - :) First place horse found successfully
2025-06-12 23:45:32,785 - INFO - :) First place horse found successfully
2025-06-12 23:45:32,785 - INFO - :) First place horse found successfully
2025-06-12 23:45:32,785 - INFO - :) First place horse found successfully
2025-06-12 23:45:32,785 - INFO - :) First place horse found successfully
2025-06-12 23:45:32,785 - INFO - :) First place horse found successfully
2025-06-12 23:45:32,785 - INFO - :) First place horse found successfully
2025-06-12 23:45:32,786 - INFO - :) First place horse found successfully
2025-06-12 23:45:32,786 - INFO - :) First place horse found successfully
2025-06-12 23:45:32,786 - INFO - :) First place horse found successfully
2025-06-12 23:45:32,786 - INFO - :) First place horse found successfully
2025-06-12 23:45:32,786 - INFO - :) First place horse found successfully
2025-06-12 23:45:32,786 - INFO - :) First place horse found successfully
2025-06-12 23:45:32,787 - INFO - :) First place horse found successfully
2025-06-12 23:45:32,787 - INFO - :) First place horse found successfully
2025-06-12 23:45:32,787 - INFO - :) First place horse found successfully
2025-06-12 23:45:32,787 - INFO - :) First place horse found successfully
2025-06-12 23:45:32,787 - INFO - :) First place horse found successfully
2025-06-12 23:45:32,787 - INFO - :) First place horse found successfully
2025-06-12 23:45:32,788 - INFO - :) First place horse found successfully
2025-06-12 23:45:32,788 - INFO - :) First place horse found successfully
2025-06-12 23:45:32,788 - INFO - :) First place horse found successfully
2025-06-12 23:45:32,788 - INFO - :) First place horse found successfully
2025-06-12 23:45:32,788 - INFO - :) First place horse found successfully
2025-06-12 23:45:32,788 - INFO - :) First place horse found successfully
2025-06-12 23:45:32,789 - INFO - :) First place horse found successfully
2025-06-12 23:45:32,789 - INFO - :) First place horse found successfully
2025-06-12 23:45:32,789 - INFO - :) First place horse found successfully
2025-06-12 23:45:32,789 - INFO - :) First place horse found successfully
2025-06-12 23:45:32,789 - INFO - :) First place horse found successfully
2025-06-12 23:45:32,790 - INFO - :) First place horse found successfully
2025-06-12 23:45:32,790 - INFO - :) First place horse found successfully
2025-06-12 23:45:32,790 - INFO - :) First place horse found successfully
2025-06-12 23:45:32,790 - INFO - :) First place horse found successfully
2025-06-12 23:45:32,790 - INFO - :) First place horse found successfully
2025-06-12 23:45:32,790 - INFO - :) First place horse found successfully
2025-06-12 23:45:32,791 - INFO - :) First place horse found successfully
2025-06-12 23:45:32,791 - INFO - :) First place horse found successfully
2025-06-12 23:45:32,791 - INFO - :) First place horse found successfully
2025-06-12 23:45:32,791 - INFO - :) First place horse found successfully
2025-06-12 23:45:32,791 - INFO - :) First place horse found successfully
2025-06-12 23:45:32,791 - INFO - :) First place horse found successfully
2025-06-12 23:45:32,791 - INFO - :) First place horse found successfully
2025-06-12 23:45:32,792 - INFO - :) First place horse found successfully
2025-06-12 23:45:32,792 - INFO - :) First place horse found successfully
2025-06-12 23:45:32,792 - INFO - :) First place horse found successfully
2025-06-12 23:45:32,792 - INFO - :) First place horse found successfully
2025-06-12 23:45:32,792 - INFO - :) First place horse found successfully
2025-06-12 23:45:32,792 - INFO - Successfully parsed 54 horse records from: https://www.racingtv.com/results/2023-02-03/dundalk/1900
2025-06-12 23:45:32,793 - INFO - Waiting 2 seconds before next request...
2025-06-12 23:45:34,794 - INFO - Batch 40 - URL 48/50: https://www.racingtv.com/results/2023-02-03/dundalk/1930
2025-06-12 23:45:34,796 - INFO - Loading page with Selenium: https://www.racingtv.com/results/2023-02-03/dundalk/1930
2025-06-12 23:45:39,731 - INFO - Racing main block detected for: https://www.racingtv.com/results/2023-02-03/dundalk/1930
2025-06-12 23:45:39,801 - INFO - Successfully loaded page: https://www.racingtv.com/results/2023-02-03/dundalk/1930
2025-06-12 23:45:39,934 - INFO - Extracted race info - Track: Dundalk Racing Results | 3rd February 2023 19:30, Date: N/A, Time: 19:30
2025-06-12 23:45:39,935 - INFO - Found 2nd h3 tag: Standard  4YO+ 1m 2f 150y Winner: £10,000 (14 runners)
2025-06-12 23:45:39,935 - INFO - Extracted - Going: Standard, Distance: 1m 2f 150y
2025-06-12 23:45:39,935 - INFO - Extracting racing data from: https://www.racingtv.com/results/2023-02-03/dundalk/1930
2025-06-12 23:45:39,951 - INFO - Processing main block #1 for https://www.racingtv.com/results/2023-02-03/dundalk/1930
2025-06-12 23:45:39,963 - INFO - Checking 2nd child of main block for first place horse...
2025-06-12 23:45:39,970 - INFO - Found alternative horse block structure with 3 links
2025-06-12 23:45:39,970 - INFO - Found alternative horse block structure with 3 links
2025-06-12 23:45:39,970 - INFO - Found alternative horse block structure with 3 links
2025-06-12 23:45:39,972 - INFO - Found alternative horse block structure with 3 links
2025-06-12 23:45:39,972 - INFO - Found alternative horse block structure with 3 links
2025-06-12 23:45:39,973 - INFO - Found alternative horse block structure with 3 links
2025-06-12 23:45:39,973 - INFO - Found alternative horse block structure with 3 links
2025-06-12 23:45:39,973 - INFO - Found alternative horse block structure with 3 links
2025-06-12 23:45:39,973 - INFO - Found alternative horse block structure with 3 links
2025-06-12 23:45:39,974 - INFO - Found alternative horse block structure with 3 links
2025-06-12 23:45:39,974 - INFO - Found alternative horse block structure with 3 links
2025-06-12 23:45:39,974 - INFO - Found alternative horse block structure with 3 links
2025-06-12 23:45:39,975 - INFO - Found alternative horse block structure with 3 links
2025-06-12 23:45:39,975 - INFO - Found alternative horse block structure with 3 links
2025-06-12 23:45:40,004 - INFO - Found likely first place horse via structure analysis: Barretstown (IRE)
2025-06-12 23:45:40,013 - INFO - Found potential first place horse with background styling
2025-06-12 23:45:40,013 - INFO - Found potential first place horse with background styling
2025-06-12 23:45:40,014 - INFO - Found potential first place horse with background styling
2025-06-12 23:45:40,015 - INFO - Found potential first place horse with background styling
2025-06-12 23:45:40,015 - INFO - Found potential first place horse with background styling
2025-06-12 23:45:40,016 - INFO - Found potential first place horse with background styling
2025-06-12 23:45:40,016 - INFO - Found potential first place horse with background styling
2025-06-12 23:45:40,016 - INFO - Found potential first place horse with background styling
2025-06-12 23:45:40,017 - INFO - Found potential first place horse with background styling
2025-06-12 23:45:40,017 - INFO - Found potential first place horse with background styling
2025-06-12 23:45:40,018 - INFO - Found potential first place horse with background styling
2025-06-12 23:45:40,018 - INFO - Found potential first place horse with background styling
2025-06-12 23:45:40,018 - INFO - Found potential first place horse with background styling
2025-06-12 23:45:40,019 - INFO - Found 28 horse entries for https://www.racingtv.com/results/2023-02-03/dundalk/1930 using multiple detection methods
2025-06-12 23:45:40,019 - INFO - Processing sub block #1 for https://www.racingtv.com/results/2023-02-03/dundalk/1930
2025-06-12 23:45:40,020 - INFO - Found 3 <a> tags - Horse: Endless Season (IRE), Jockey: H. J. Horgan (claim: 7), Trainer: G. Ahern
2025-06-12 23:45:40,021 - INFO - Position/Length - Found 2 children: Position: 14th, Lost by: 1 l
2025-06-12 23:45:40,021 - INFO - Extracted: Endless Season (IRE) - Position: 14th, Lost by: 1 l, Jockey: H. J. Horgan (claim: 7), Trainer: G. Ahern, Age: 4, Weight: 9-3, Rating: 52
2025-06-12 23:45:40,021 - INFO - Processing sub block #2 for https://www.racingtv.com/results/2023-02-03/dundalk/1930
2025-06-12 23:45:40,021 - INFO - Found 3 <a> tags - Horse: Millyupdahilly (IRE), Jockey: S. D. Bowen (claim: 7), Trainer: Peter McCreery
2025-06-12 23:45:40,021 - INFO - Position/Length - Found 2 children: Position: 13th, Lost by: 1 l
2025-06-12 23:45:40,021 - INFO - Extracted: Millyupdahilly (IRE) - Position: 13th, Lost by: 1 l, Jockey: S. D. Bowen (claim: 7), Trainer: Peter McCreery, Age: 4, Weight: 8-13p1, Rating: 48
2025-06-12 23:45:40,021 - INFO - Processing sub block #3 for https://www.racingtv.com/results/2023-02-03/dundalk/1930
2025-06-12 23:45:40,021 - INFO - Found 3 <a> tags - Horse: Surac (IRE), Jockey: J. Kearney (claim: 7), Trainer: Richard John O'Brien
2025-06-12 23:45:40,021 - INFO - Position/Length - Found 2 children: Position: 12th, Lost by: Neck
2025-06-12 23:45:40,021 - INFO - Extracted: Surac (IRE) - Position: 12th, Lost by: Neck, Jockey: J. Kearney (claim: 7), Trainer: Richard John O'Brien, Age: 4, Weight: 9-10, Rating: 59
2025-06-12 23:45:40,021 - INFO - Processing sub block #4 for https://www.racingtv.com/results/2023-02-03/dundalk/1930
2025-06-12 23:45:40,021 - INFO - Found 3 <a> tags - Horse: Capla Knight (IRE), Jockey: J. M. Sheridan (claim: 3), Trainer: Muredach Kelly
2025-06-12 23:45:40,026 - INFO - Position/Length - Found 2 children: Position: 11th, Lost by: Neck
2025-06-12 23:45:40,026 - INFO - Extracted: Capla Knight (IRE) - Position: 11th, Lost by: Neck, Jockey: J. M. Sheridan (claim: 3), Trainer: Muredach Kelly, Age: 5, Weight: 9-0, Rating: 49
2025-06-12 23:45:40,026 - INFO - Processing sub block #5 for https://www.racingtv.com/results/2023-02-03/dundalk/1930
2025-06-12 23:45:40,027 - INFO - Found 3 <a> tags - Horse: Ragtime Red (IRE), Jockey: S. R. Markey (claim: 10), Trainer: Anthony McCann
2025-06-12 23:45:40,027 - INFO - Position/Length - Found 2 children: Position: 10th, Lost by: 1 l
2025-06-12 23:45:40,028 - INFO - Extracted: Ragtime Red (IRE) - Position: 10th, Lost by: 1 l, Jockey: S. R. Markey (claim: 10), Trainer: Anthony McCann, Age: 8, Weight: 8-12tp, Rating: 47
2025-06-12 23:45:40,028 - INFO - Processing sub block #6 for https://www.racingtv.com/results/2023-02-03/dundalk/1930
2025-06-12 23:45:40,028 - INFO - Found 3 <a> tags - Horse: Thatboathassailed (IRE), Jockey: C. Geerdharry (claim: 10), Trainer: Luke Comer
2025-06-12 23:45:40,029 - INFO - Position/Length - Found 2 children: Position: 9th, Lost by: Neck
2025-06-12 23:45:40,029 - INFO - Extracted: Thatboathassailed (IRE) - Position: 9th, Lost by: Neck, Jockey: C. Geerdharry (claim: 10), Trainer: Luke Comer, Age: 5, Weight: 9-10t, Rating: 59
2025-06-12 23:45:40,030 - INFO - Processing sub block #7 for https://www.racingtv.com/results/2023-02-03/dundalk/1930
2025-06-12 23:45:40,030 - INFO - Found 3 <a> tags - Horse: Cometh the Man (IRE), Jockey: Cillian McConnell (claim: 7), Trainer: John McConnell
2025-06-12 23:45:40,031 - INFO - Position/Length - Found 2 children: Position: 8th, Lost by: Neck
2025-06-12 23:45:40,031 - INFO - Extracted: Cometh the Man (IRE) - Position: 8th, Lost by: Neck, Jockey: Cillian McConnell (claim: 7), Trainer: John McConnell, Age: 5, Weight: 9-5t, Rating: 54
2025-06-12 23:45:40,032 - INFO - Processing sub block #8 for https://www.racingtv.com/results/2023-02-03/dundalk/1930
2025-06-12 23:45:40,033 - INFO - Found 3 <a> tags - Horse: Santorini Sun (IRE), Jockey: R. M. Mulligan (claim: 10), Trainer: F. G. Hand
2025-06-12 23:45:40,033 - INFO - Position/Length - Found 2 children: Position: 7th, Lost by: 2 1/2 l
2025-06-12 23:45:40,034 - INFO - Extracted: Santorini Sun (IRE) - Position: 7th, Lost by: 2 1/2 l, Jockey: R. M. Mulligan (claim: 10), Trainer: F. G. Hand, Age: 8, Weight: 8-12, Rating: 47
2025-06-12 23:45:40,034 - INFO - Processing sub block #9 for https://www.racingtv.com/results/2023-02-03/dundalk/1930
2025-06-12 23:45:40,034 - INFO - Found 3 <a> tags - Horse: Arch Enemy (IRE), Jockey: C. Stone-Walsh (claim: 7), Trainer: Patrick Magee
2025-06-12 23:45:40,035 - INFO - Position/Length - Found 2 children: Position: 6th, Lost by: 1/2 l
2025-06-12 23:45:40,035 - INFO - Extracted: Arch Enemy (IRE) - Position: 6th, Lost by: 1/2 l, Jockey: C. Stone-Walsh (claim: 7), Trainer: Patrick Magee, Age: 4, Weight: 10-2, Rating: 65
2025-06-12 23:45:40,035 - INFO - Processing sub block #10 for https://www.racingtv.com/results/2023-02-03/dundalk/1930
2025-06-12 23:45:40,036 - INFO - Found 3 <a> tags - Horse: Reverberation, Jockey: C. Horgan (claim: 7), Trainer: J. J. Lambe
2025-06-12 23:45:40,037 - INFO - Position/Length - Found 2 children: Position: 5th, Lost by: Neck
2025-06-12 23:45:40,037 - INFO - Extracted: Reverberation - Position: 5th, Lost by: Neck, Jockey: C. Horgan (claim: 7), Trainer: J. J. Lambe, Age: 8, Weight: 9-1b, Rating: 50
2025-06-12 23:45:40,037 - INFO - Processing sub block #11 for https://www.racingtv.com/results/2023-02-03/dundalk/1930
2025-06-12 23:45:40,038 - INFO - Found 3 <a> tags - Horse: Together Aclaim, Jockey: J. J. G. Ryan (claim: 7), Trainer: John McConnell
2025-06-12 23:45:40,039 - INFO - Position/Length - Found 2 children: Position: 4th, Lost by: 1 1/2 l
2025-06-12 23:45:40,039 - INFO - Extracted: Together Aclaim - Position: 4th, Lost by: 1 1/2 l, Jockey: J. J. G. Ryan (claim: 7), Trainer: John McConnell, Age: 4, Weight: 9-10t, Rating: 59
2025-06-12 23:45:40,039 - INFO - Processing sub block #12 for https://www.racingtv.com/results/2023-02-03/dundalk/1930
2025-06-12 23:45:40,040 - INFO - Found 3 <a> tags - Horse: Nevada Brave (IRE), Jockey: Jack Cleary (claim: 7), Trainer: Luke Comer
2025-06-12 23:45:40,040 - INFO - Position/Length - Found 2 children: Position: 3rd, Lost by: 1 3/4 l
2025-06-12 23:45:40,041 - INFO - Extracted: Nevada Brave (IRE) - Position: 3rd, Lost by: 1 3/4 l, Jockey: Jack Cleary (claim: 7), Trainer: Luke Comer, Age: 5, Weight: 9-3, Rating: 52
2025-06-12 23:45:40,041 - INFO - Processing sub block #13 for https://www.racingtv.com/results/2023-02-03/dundalk/1930
2025-06-12 23:45:40,041 - INFO - Found 3 <a> tags - Horse: Clever Capall (IRE), Jockey: Amy Jo Hayes (claim: 7), Trainer: A. Slattery
2025-06-12 23:45:40,043 - INFO - Position/Length - Found 2 children: Position: 2nd, Lost by: Head
2025-06-12 23:45:40,043 - INFO - Extracted: Clever Capall (IRE) - Position: 2nd, Lost by: Head, Jockey: Amy Jo Hayes (claim: 7), Trainer: A. Slattery, Age: 4, Weight: 8-12, Rating: 47
2025-06-12 23:45:40,043 - INFO - Processing sub block #14 for https://www.racingtv.com/results/2023-02-03/dundalk/1930
2025-06-12 23:45:40,044 - INFO - Found 3 <a> tags - Horse: Barretstown (IRE), Jockey: C. G. O'Dwyer (claim: 7), Trainer: Conor O'Dwyer
2025-06-12 23:45:40,044 - INFO - Position/Length - Found 1 children: Position: 1st, Lost by: N/A
2025-06-12 23:45:40,045 - INFO - Confirmed winner: Barretstown (IRE)
2025-06-12 23:45:40,045 - INFO - Extracted: Barretstown (IRE) - Position: 1st, Lost by: N/A, Jockey: C. G. O'Dwyer (claim: 7), Trainer: Conor O'Dwyer, Age: 5, Weight: 9-9, Rating: 58
2025-06-12 23:45:40,045 - INFO - Processing sub block #15 for https://www.racingtv.com/results/2023-02-03/dundalk/1930
2025-06-12 23:45:40,046 - INFO - Found 3 <a> tags - Horse: Endless Season (IRE), Jockey: H. J. Horgan (claim: 7), Trainer: G. Ahern
2025-06-12 23:45:40,046 - INFO - Position/Length - Found 2 children: Position: 14th, Lost by: 1 l
2025-06-12 23:45:40,047 - INFO - Extracted: Endless Season (IRE) - Position: 14th, Lost by: 1 l, Jockey: H. J. Horgan (claim: 7), Trainer: G. Ahern, Age: 4, Weight: 9-3, Rating: 52
2025-06-12 23:45:40,047 - INFO - Processing sub block #16 for https://www.racingtv.com/results/2023-02-03/dundalk/1930
2025-06-12 23:45:40,048 - INFO - Found 3 <a> tags - Horse: Millyupdahilly (IRE), Jockey: S. D. Bowen (claim: 7), Trainer: Peter McCreery
2025-06-12 23:45:40,049 - INFO - Position/Length - Found 2 children: Position: 13th, Lost by: 1 l
2025-06-12 23:45:40,049 - INFO - Extracted: Millyupdahilly (IRE) - Position: 13th, Lost by: 1 l, Jockey: S. D. Bowen (claim: 7), Trainer: Peter McCreery, Age: 4, Weight: 8-13p1, Rating: 48
2025-06-12 23:45:40,050 - INFO - Processing sub block #17 for https://www.racingtv.com/results/2023-02-03/dundalk/1930
2025-06-12 23:45:40,050 - INFO - Found 3 <a> tags - Horse: Surac (IRE), Jockey: J. Kearney (claim: 7), Trainer: Richard John O'Brien
2025-06-12 23:45:40,051 - INFO - Position/Length - Found 2 children: Position: 12th, Lost by: Neck
2025-06-12 23:45:40,051 - INFO - Extracted: Surac (IRE) - Position: 12th, Lost by: Neck, Jockey: J. Kearney (claim: 7), Trainer: Richard John O'Brien, Age: 4, Weight: 9-10, Rating: 59
2025-06-12 23:45:40,051 - INFO - Processing sub block #18 for https://www.racingtv.com/results/2023-02-03/dundalk/1930
2025-06-12 23:45:40,052 - INFO - Found 3 <a> tags - Horse: Capla Knight (IRE), Jockey: J. M. Sheridan (claim: 3), Trainer: Muredach Kelly
2025-06-12 23:45:40,053 - INFO - Position/Length - Found 2 children: Position: 11th, Lost by: Neck
2025-06-12 23:45:40,053 - INFO - Extracted: Capla Knight (IRE) - Position: 11th, Lost by: Neck, Jockey: J. M. Sheridan (claim: 3), Trainer: Muredach Kelly, Age: 5, Weight: 9-0, Rating: 49
2025-06-12 23:45:40,053 - INFO - Processing sub block #19 for https://www.racingtv.com/results/2023-02-03/dundalk/1930
2025-06-12 23:45:40,054 - INFO - Found 3 <a> tags - Horse: Ragtime Red (IRE), Jockey: S. R. Markey (claim: 10), Trainer: Anthony McCann
2025-06-12 23:45:40,054 - INFO - Position/Length - Found 2 children: Position: 10th, Lost by: 1 l
2025-06-12 23:45:40,054 - INFO - Extracted: Ragtime Red (IRE) - Position: 10th, Lost by: 1 l, Jockey: S. R. Markey (claim: 10), Trainer: Anthony McCann, Age: 8, Weight: 8-12tp, Rating: 47
2025-06-12 23:45:40,055 - INFO - Processing sub block #20 for https://www.racingtv.com/results/2023-02-03/dundalk/1930
2025-06-12 23:45:40,055 - INFO - Found 3 <a> tags - Horse: Thatboathassailed (IRE), Jockey: C. Geerdharry (claim: 10), Trainer: Luke Comer
2025-06-12 23:45:40,056 - INFO - Position/Length - Found 2 children: Position: 9th, Lost by: Neck
2025-06-12 23:45:40,056 - INFO - Extracted: Thatboathassailed (IRE) - Position: 9th, Lost by: Neck, Jockey: C. Geerdharry (claim: 10), Trainer: Luke Comer, Age: 5, Weight: 9-10t, Rating: 59
2025-06-12 23:45:40,056 - INFO - Processing sub block #21 for https://www.racingtv.com/results/2023-02-03/dundalk/1930
2025-06-12 23:45:40,057 - INFO - Found 3 <a> tags - Horse: Cometh the Man (IRE), Jockey: Cillian McConnell (claim: 7), Trainer: John McConnell
2025-06-12 23:45:40,057 - INFO - Position/Length - Found 2 children: Position: 8th, Lost by: Neck
2025-06-12 23:45:40,058 - INFO - Extracted: Cometh the Man (IRE) - Position: 8th, Lost by: Neck, Jockey: Cillian McConnell (claim: 7), Trainer: John McConnell, Age: 5, Weight: 9-5t, Rating: 54
2025-06-12 23:45:40,058 - INFO - Processing sub block #22 for https://www.racingtv.com/results/2023-02-03/dundalk/1930
2025-06-12 23:45:40,058 - INFO - Found 3 <a> tags - Horse: Santorini Sun (IRE), Jockey: R. M. Mulligan (claim: 10), Trainer: F. G. Hand
2025-06-12 23:45:40,059 - INFO - Position/Length - Found 2 children: Position: 7th, Lost by: 2 1/2 l
2025-06-12 23:45:40,059 - INFO - Extracted: Santorini Sun (IRE) - Position: 7th, Lost by: 2 1/2 l, Jockey: R. M. Mulligan (claim: 10), Trainer: F. G. Hand, Age: 8, Weight: 8-12, Rating: 47
2025-06-12 23:45:40,059 - INFO - Processing sub block #23 for https://www.racingtv.com/results/2023-02-03/dundalk/1930
2025-06-12 23:45:40,060 - INFO - Found 3 <a> tags - Horse: Arch Enemy (IRE), Jockey: C. Stone-Walsh (claim: 7), Trainer: Patrick Magee
2025-06-12 23:45:40,060 - INFO - Position/Length - Found 2 children: Position: 6th, Lost by: 1/2 l
2025-06-12 23:45:40,061 - INFO - Extracted: Arch Enemy (IRE) - Position: 6th, Lost by: 1/2 l, Jockey: C. Stone-Walsh (claim: 7), Trainer: Patrick Magee, Age: 4, Weight: 10-2, Rating: 65
2025-06-12 23:45:40,061 - INFO - Processing sub block #24 for https://www.racingtv.com/results/2023-02-03/dundalk/1930
2025-06-12 23:45:40,061 - INFO - Found 3 <a> tags - Horse: Reverberation, Jockey: C. Horgan (claim: 7), Trainer: J. J. Lambe
2025-06-12 23:45:40,062 - INFO - Position/Length - Found 2 children: Position: 5th, Lost by: Neck
2025-06-12 23:45:40,062 - INFO - Extracted: Reverberation - Position: 5th, Lost by: Neck, Jockey: C. Horgan (claim: 7), Trainer: J. J. Lambe, Age: 8, Weight: 9-1b, Rating: 50
2025-06-12 23:45:40,062 - INFO - Processing sub block #25 for https://www.racingtv.com/results/2023-02-03/dundalk/1930
2025-06-12 23:45:40,063 - INFO - Found 3 <a> tags - Horse: Together Aclaim, Jockey: J. J. G. Ryan (claim: 7), Trainer: John McConnell
2025-06-12 23:45:40,064 - INFO - Position/Length - Found 2 children: Position: 4th, Lost by: 1 1/2 l
2025-06-12 23:45:40,064 - INFO - Extracted: Together Aclaim - Position: 4th, Lost by: 1 1/2 l, Jockey: J. J. G. Ryan (claim: 7), Trainer: John McConnell, Age: 4, Weight: 9-10t, Rating: 59
2025-06-12 23:45:40,064 - INFO - Processing sub block #26 for https://www.racingtv.com/results/2023-02-03/dundalk/1930
2025-06-12 23:45:40,065 - INFO - Found 3 <a> tags - Horse: Nevada Brave (IRE), Jockey: Jack Cleary (claim: 7), Trainer: Luke Comer
2025-06-12 23:45:40,066 - INFO - Position/Length - Found 2 children: Position: 3rd, Lost by: 1 3/4 l
2025-06-12 23:45:40,066 - INFO - Extracted: Nevada Brave (IRE) - Position: 3rd, Lost by: 1 3/4 l, Jockey: Jack Cleary (claim: 7), Trainer: Luke Comer, Age: 5, Weight: 9-3, Rating: 52
2025-06-12 23:45:40,066 - INFO - Processing sub block #27 for https://www.racingtv.com/results/2023-02-03/dundalk/1930
2025-06-12 23:45:40,067 - INFO - Found 3 <a> tags - Horse: Clever Capall (IRE), Jockey: Amy Jo Hayes (claim: 7), Trainer: A. Slattery
2025-06-12 23:45:40,067 - INFO - Position/Length - Found 2 children: Position: 2nd, Lost by: Head
2025-06-12 23:45:40,068 - INFO - Extracted: Clever Capall (IRE) - Position: 2nd, Lost by: Head, Jockey: Amy Jo Hayes (claim: 7), Trainer: A. Slattery, Age: 4, Weight: 8-12, Rating: 47
2025-06-12 23:45:40,068 - INFO - Processing sub block #28 for https://www.racingtv.com/results/2023-02-03/dundalk/1930
2025-06-12 23:45:40,068 - INFO - Found 3 <a> tags - Horse: Barretstown (IRE), Jockey: C. G. O'Dwyer (claim: 7), Trainer: Conor O'Dwyer
2025-06-12 23:45:40,069 - INFO - Position/Length - Found 1 children: Position: 1st, Lost by: N/A
2025-06-12 23:45:40,069 - INFO - Extracted: Barretstown (IRE) - Position: 1st, Lost by: N/A, Jockey: C. G. O'Dwyer (claim: 7), Trainer: Conor O'Dwyer, Age: 5, Weight: 9-9, Rating: 58
2025-06-12 23:45:40,069 - INFO - Successfully extracted 28/28 horse records from https://www.racingtv.com/results/2023-02-03/dundalk/1930
2025-06-12 23:45:40,070 - INFO - :) First place horse found successfully
2025-06-12 23:45:40,070 - INFO - :) First place horse found successfully
2025-06-12 23:45:40,070 - INFO - :) First place horse found successfully
2025-06-12 23:45:40,070 - INFO - :) First place horse found successfully
2025-06-12 23:45:40,071 - INFO - :) First place horse found successfully
2025-06-12 23:45:40,071 - INFO - :) First place horse found successfully
2025-06-12 23:45:40,071 - INFO - :) First place horse found successfully
2025-06-12 23:45:40,071 - INFO - :) First place horse found successfully
2025-06-12 23:45:40,071 - INFO - :) First place horse found successfully
2025-06-12 23:45:40,072 - INFO - :) First place horse found successfully
2025-06-12 23:45:40,072 - INFO - :) First place horse found successfully
2025-06-12 23:45:40,072 - INFO - :) First place horse found successfully
2025-06-12 23:45:40,072 - INFO - :) First place horse found successfully
2025-06-12 23:45:40,072 - INFO - :) First place horse found successfully
2025-06-12 23:45:40,072 - INFO - :) First place horse found successfully
2025-06-12 23:45:40,073 - INFO - :) First place horse found successfully
2025-06-12 23:45:40,073 - INFO - :) First place horse found successfully
2025-06-12 23:45:40,073 - INFO - :) First place horse found successfully
2025-06-12 23:45:40,073 - INFO - :) First place horse found successfully
2025-06-12 23:45:40,073 - INFO - :) First place horse found successfully
2025-06-12 23:45:40,073 - INFO - :) First place horse found successfully
2025-06-12 23:45:40,074 - INFO - :) First place horse found successfully
2025-06-12 23:45:40,074 - INFO - :) First place horse found successfully
2025-06-12 23:45:40,074 - INFO - :) First place horse found successfully
2025-06-12 23:45:40,074 - INFO - :) First place horse found successfully
2025-06-12 23:45:40,074 - INFO - :) First place horse found successfully
2025-06-12 23:45:40,075 - INFO - :) First place horse found successfully
2025-06-12 23:45:40,075 - INFO - :) First place horse found successfully
2025-06-12 23:45:40,075 - INFO - :) First place horse found successfully
2025-06-12 23:45:40,075 - INFO - Successfully parsed 28 horse records from: https://www.racingtv.com/results/2023-02-03/dundalk/1930
2025-06-12 23:45:40,075 - INFO - Waiting 2 seconds before next request...
2025-06-12 23:45:42,076 - INFO - Batch 40 - URL 49/50: https://www.racingtv.com/results/2023-02-04/leopardstown/1320
2025-06-12 23:45:42,078 - INFO - Loading page with Selenium: https://www.racingtv.com/results/2023-02-04/leopardstown/1320
2025-06-12 23:45:47,219 - INFO - Racing main block detected for: https://www.racingtv.com/results/2023-02-04/leopardstown/1320
2025-06-12 23:45:47,266 - INFO - Successfully loaded page: https://www.racingtv.com/results/2023-02-04/leopardstown/1320
2025-06-12 23:45:47,363 - INFO - Extracted race info - Track: N/A, Date: N/A, Time: 13:20
2025-06-12 23:45:47,363 - INFO - Found 2nd h3 tag: Yielding  5YO+ 2m 6f 27y Winner: €15,000 (8 runners)
2025-06-12 23:45:47,363 - INFO - Extracted - Going: Yielding, Distance: 2m 6f 27y
2025-06-12 23:45:47,363 - INFO - Extracting racing data from: https://www.racingtv.com/results/2023-02-04/leopardstown/1320
2025-06-12 23:45:47,363 - INFO - Processing main block #1 for https://www.racingtv.com/results/2023-02-04/leopardstown/1320
2025-06-12 23:45:47,377 - INFO - Checking 2nd child of main block for first place horse...
2025-06-12 23:45:47,381 - INFO - Found alternative horse block structure with 3 links
2025-06-12 23:45:47,382 - INFO - Found alternative horse block structure with 3 links
2025-06-12 23:45:47,382 - INFO - Found alternative horse block structure with 3 links
2025-06-12 23:45:47,382 - INFO - Found alternative horse block structure with 3 links
2025-06-12 23:45:47,383 - INFO - Found alternative horse block structure with 3 links
2025-06-12 23:45:47,383 - INFO - Found alternative horse block structure with 3 links
2025-06-12 23:45:47,383 - INFO - Found alternative horse block structure with 3 links
2025-06-12 23:45:47,383 - INFO - Found alternative horse block structure with 3 links
2025-06-12 23:45:47,398 - INFO - Found likely first place horse via structure analysis: Good Land (FR)
2025-06-12 23:45:47,400 - INFO - Found potential first place horse with background styling
2025-06-12 23:45:47,400 - INFO - Found potential first place horse with background styling
2025-06-12 23:45:47,401 - INFO - Found potential first place horse with background styling
2025-06-12 23:45:47,401 - INFO - Found potential first place horse with background styling
2025-06-12 23:45:47,401 - INFO - Found potential first place horse with background styling
2025-06-12 23:45:47,402 - INFO - Found potential first place horse with background styling
2025-06-12 23:45:47,402 - INFO - Found potential first place horse with background styling
2025-06-12 23:45:47,402 - INFO - Found 16 horse entries for https://www.racingtv.com/results/2023-02-04/leopardstown/1320 using multiple detection methods
2025-06-12 23:45:47,402 - INFO - Processing sub block #1 for https://www.racingtv.com/results/2023-02-04/leopardstown/1320
2025-06-12 23:45:47,403 - INFO - Found 3 <a> tags - Horse: Weveallbeencaught (IRE), Jockey: Sam Twiston-Davies (claim: 0), Trainer: Nigel Twiston-Davies
2025-06-12 23:45:47,403 - INFO - Position/Length - Found 2 children: Position: 8th, Lost by: 15 l
2025-06-12 23:45:47,404 - INFO - Extracted: Weveallbeencaught (IRE) - Position: 8th, Lost by: 15 l, Jockey: Sam Twiston-Davies (claim: 0), Trainer: Nigel Twiston-Davies, Age: 6, Weight: 11-10, Rating: -
2025-06-12 23:45:47,404 - INFO - Processing sub block #2 for https://www.racingtv.com/results/2023-02-04/leopardstown/1320
2025-06-12 23:45:47,404 - INFO - Found 3 <a> tags - Horse: Quais De Paris (FR), Jockey: P. Townend (claim: 0), Trainer: W. P. Mullins
2025-06-12 23:45:47,405 - INFO - Position/Length - Found 2 children: Position: 7th, Lost by: 1 1/2 l
2025-06-12 23:45:47,405 - INFO - Extracted: Quais De Paris (FR) - Position: 7th, Lost by: 1 1/2 l, Jockey: P. Townend (claim: 0), Trainer: W. P. Mullins, Age: 5, Weight: 11-10, Rating: -
2025-06-12 23:45:47,405 - INFO - Processing sub block #3 for https://www.racingtv.com/results/2023-02-04/leopardstown/1320
2025-06-12 23:45:47,406 - INFO - Found 3 <a> tags - Horse: Grangeclare West (IRE), Jockey: D. E. Mullins (claim: 0), Trainer: W. P. Mullins
2025-06-12 23:45:47,407 - INFO - Position/Length - Found 2 children: Position: 6th, Lost by: 16 l
2025-06-12 23:45:47,407 - INFO - Extracted: Grangeclare West (IRE) - Position: 6th, Lost by: 16 l, Jockey: D. E. Mullins (claim: 0), Trainer: W. P. Mullins, Age: 7, Weight: 11-10, Rating: -
2025-06-12 23:45:47,407 - INFO - Processing sub block #4 for https://www.racingtv.com/results/2023-02-04/leopardstown/1320
2025-06-12 23:45:47,408 - INFO - Found 3 <a> tags - Horse: Deep Cave (IRE), Jockey: Rachael Blackmore (claim: 0), Trainer: Henry de Bromhead
2025-06-12 23:45:47,408 - INFO - Position/Length - Found 2 children: Position: 5th, Lost by: Head
2025-06-12 23:45:47,409 - INFO - Extracted: Deep Cave (IRE) - Position: 5th, Lost by: Head, Jockey: Rachael Blackmore (claim: 0), Trainer: Henry de Bromhead, Age: 5, Weight: 11-10, Rating: -
2025-06-12 23:45:47,409 - INFO - Processing sub block #5 for https://www.racingtv.com/results/2023-02-04/leopardstown/1320
2025-06-12 23:45:47,409 - INFO - Found 3 <a> tags - Horse: Cool Survivor (IRE), Jockey: B. J. Cooper (claim: 0), Trainer: Gordon Elliott
2025-06-12 23:45:47,410 - INFO - Position/Length - Found 2 children: Position: 4th, Lost by: Neck
2025-06-12 23:45:47,410 - INFO - Extracted: Cool Survivor (IRE) - Position: 4th, Lost by: Neck, Jockey: B. J. Cooper (claim: 0), Trainer: Gordon Elliott, Age: 6, Weight: 11-10, Rating: -
2025-06-12 23:45:47,410 - INFO - Processing sub block #6 for https://www.racingtv.com/results/2023-02-04/leopardstown/1320
2025-06-12 23:45:47,411 - INFO - Found 3 <a> tags - Horse: Sandor Clegane (IRE), Jockey: S. F. O'Keeffe (claim: 0), Trainer: Paul Nolan
2025-06-12 23:45:47,412 - INFO - Position/Length - Found 2 children: Position: 3rd, Lost by: 2 3/4 l
2025-06-12 23:45:47,412 - INFO - Extracted: Sandor Clegane (IRE) - Position: 3rd, Lost by: 2 3/4 l, Jockey: S. F. O'Keeffe (claim: 0), Trainer: Paul Nolan, Age: 6, Weight: 11-10, Rating: -
2025-06-12 23:45:47,412 - INFO - Processing sub block #7 for https://www.racingtv.com/results/2023-02-04/leopardstown/1320
2025-06-12 23:45:47,413 - INFO - Found 3 <a> tags - Horse: Absolute Notions (IRE), Jockey: Davy Russell (claim: 0), Trainer: Gordon Elliott
2025-06-12 23:45:47,414 - INFO - Position/Length - Found 2 children: Position: 2nd, Lost by: 1 1/2 l
2025-06-12 23:45:47,414 - INFO - Extracted: Absolute Notions (IRE) - Position: 2nd, Lost by: 1 1/2 l, Jockey: Davy Russell (claim: 0), Trainer: Gordon Elliott, Age: 5, Weight: 11-10, Rating: -
2025-06-12 23:45:47,414 - INFO - Processing sub block #8 for https://www.racingtv.com/results/2023-02-04/leopardstown/1320
2025-06-12 23:45:47,415 - INFO - Found 3 <a> tags - Horse: Good Land (FR), Jockey: M. J. M. O'Sullivan (claim: 0), Trainer: Barry Connell
2025-06-12 23:45:47,416 - INFO - Position/Length - Found 1 children: Position: 1st, Lost by: N/A
2025-06-12 23:45:47,416 - INFO - Confirmed winner: Good Land (FR)
2025-06-12 23:45:47,416 - INFO - Extracted: Good Land (FR) - Position: 1st, Lost by: N/A, Jockey: M. J. M. O'Sullivan (claim: 0), Trainer: Barry Connell, Age: 7, Weight: 11-10, Rating: -
2025-06-12 23:45:47,417 - INFO - Processing sub block #9 for https://www.racingtv.com/results/2023-02-04/leopardstown/1320
2025-06-12 23:45:47,417 - INFO - Found 3 <a> tags - Horse: Weveallbeencaught (IRE), Jockey: Sam Twiston-Davies (claim: 0), Trainer: Nigel Twiston-Davies
2025-06-12 23:45:47,418 - INFO - Position/Length - Found 2 children: Position: 8th, Lost by: 15 l
2025-06-12 23:45:47,418 - INFO - Extracted: Weveallbeencaught (IRE) - Position: 8th, Lost by: 15 l, Jockey: Sam Twiston-Davies (claim: 0), Trainer: Nigel Twiston-Davies, Age: 6, Weight: 11-10, Rating: -
2025-06-12 23:45:47,418 - INFO - Processing sub block #10 for https://www.racingtv.com/results/2023-02-04/leopardstown/1320
2025-06-12 23:45:47,419 - INFO - Found 3 <a> tags - Horse: Quais De Paris (FR), Jockey: P. Townend (claim: 0), Trainer: W. P. Mullins
2025-06-12 23:45:47,419 - INFO - Position/Length - Found 2 children: Position: 7th, Lost by: 1 1/2 l
2025-06-12 23:45:47,419 - INFO - Extracted: Quais De Paris (FR) - Position: 7th, Lost by: 1 1/2 l, Jockey: P. Townend (claim: 0), Trainer: W. P. Mullins, Age: 5, Weight: 11-10, Rating: -
2025-06-12 23:45:47,420 - INFO - Processing sub block #11 for https://www.racingtv.com/results/2023-02-04/leopardstown/1320
2025-06-12 23:45:47,420 - INFO - Found 3 <a> tags - Horse: Grangeclare West (IRE), Jockey: D. E. Mullins (claim: 0), Trainer: W. P. Mullins
2025-06-12 23:45:47,421 - INFO - Position/Length - Found 2 children: Position: 6th, Lost by: 16 l
2025-06-12 23:45:47,421 - INFO - Extracted: Grangeclare West (IRE) - Position: 6th, Lost by: 16 l, Jockey: D. E. Mullins (claim: 0), Trainer: W. P. Mullins, Age: 7, Weight: 11-10, Rating: -
2025-06-12 23:45:47,421 - INFO - Processing sub block #12 for https://www.racingtv.com/results/2023-02-04/leopardstown/1320
2025-06-12 23:45:47,421 - INFO - Found 3 <a> tags - Horse: Deep Cave (IRE), Jockey: Rachael Blackmore (claim: 0), Trainer: Henry de Bromhead
2025-06-12 23:45:47,422 - INFO - Position/Length - Found 2 children: Position: 5th, Lost by: Head
2025-06-12 23:45:47,422 - INFO - Extracted: Deep Cave (IRE) - Position: 5th, Lost by: Head, Jockey: Rachael Blackmore (claim: 0), Trainer: Henry de Bromhead, Age: 5, Weight: 11-10, Rating: -
2025-06-12 23:45:47,422 - INFO - Processing sub block #13 for https://www.racingtv.com/results/2023-02-04/leopardstown/1320
2025-06-12 23:45:47,423 - INFO - Found 3 <a> tags - Horse: Cool Survivor (IRE), Jockey: B. J. Cooper (claim: 0), Trainer: Gordon Elliott
2025-06-12 23:45:47,424 - INFO - Position/Length - Found 2 children: Position: 4th, Lost by: Neck
2025-06-12 23:45:47,424 - INFO - Extracted: Cool Survivor (IRE) - Position: 4th, Lost by: Neck, Jockey: B. J. Cooper (claim: 0), Trainer: Gordon Elliott, Age: 6, Weight: 11-10, Rating: -
2025-06-12 23:45:47,424 - INFO - Processing sub block #14 for https://www.racingtv.com/results/2023-02-04/leopardstown/1320
2025-06-12 23:45:47,424 - INFO - Found 3 <a> tags - Horse: Sandor Clegane (IRE), Jockey: S. F. O'Keeffe (claim: 0), Trainer: Paul Nolan
2025-06-12 23:45:47,425 - INFO - Position/Length - Found 2 children: Position: 3rd, Lost by: 2 3/4 l
2025-06-12 23:45:47,425 - INFO - Extracted: Sandor Clegane (IRE) - Position: 3rd, Lost by: 2 3/4 l, Jockey: S. F. O'Keeffe (claim: 0), Trainer: Paul Nolan, Age: 6, Weight: 11-10, Rating: -
2025-06-12 23:45:47,425 - INFO - Processing sub block #15 for https://www.racingtv.com/results/2023-02-04/leopardstown/1320
2025-06-12 23:45:47,426 - INFO - Found 3 <a> tags - Horse: Absolute Notions (IRE), Jockey: Davy Russell (claim: 0), Trainer: Gordon Elliott
2025-06-12 23:45:47,427 - INFO - Position/Length - Found 2 children: Position: 2nd, Lost by: 1 1/2 l
2025-06-12 23:45:47,427 - INFO - Extracted: Absolute Notions (IRE) - Position: 2nd, Lost by: 1 1/2 l, Jockey: Davy Russell (claim: 0), Trainer: Gordon Elliott, Age: 5, Weight: 11-10, Rating: -
2025-06-12 23:45:47,427 - INFO - Processing sub block #16 for https://www.racingtv.com/results/2023-02-04/leopardstown/1320
2025-06-12 23:45:47,427 - INFO - Found 3 <a> tags - Horse: Good Land (FR), Jockey: M. J. M. O'Sullivan (claim: 0), Trainer: Barry Connell
2025-06-12 23:45:47,428 - INFO - Position/Length - Found 1 children: Position: 1st, Lost by: N/A
2025-06-12 23:45:47,428 - INFO - Extracted: Good Land (FR) - Position: 1st, Lost by: N/A, Jockey: M. J. M. O'Sullivan (claim: 0), Trainer: Barry Connell, Age: 7, Weight: 11-10, Rating: -
2025-06-12 23:45:47,428 - INFO - Successfully extracted 16/16 horse records from https://www.racingtv.com/results/2023-02-04/leopardstown/1320
2025-06-12 23:45:47,429 - INFO - :) First place horse found successfully
2025-06-12 23:45:47,429 - INFO - :) First place horse found successfully
2025-06-12 23:45:47,429 - INFO - :) First place horse found successfully
2025-06-12 23:45:47,429 - INFO - :) First place horse found successfully
2025-06-12 23:45:47,430 - INFO - :) First place horse found successfully
2025-06-12 23:45:47,430 - INFO - :) First place horse found successfully
2025-06-12 23:45:47,430 - INFO - :) First place horse found successfully
2025-06-12 23:45:47,430 - INFO - :) First place horse found successfully
2025-06-12 23:45:47,430 - INFO - :) First place horse found successfully
2025-06-12 23:45:47,431 - INFO - :) First place horse found successfully
2025-06-12 23:45:47,431 - INFO - :) First place horse found successfully
2025-06-12 23:45:47,431 - INFO - :) First place horse found successfully
2025-06-12 23:45:47,431 - INFO - :) First place horse found successfully
2025-06-12 23:45:47,432 - INFO - :) First place horse found successfully
2025-06-12 23:45:47,432 - INFO - :) First place horse found successfully
2025-06-12 23:45:47,432 - INFO - :) First place horse found successfully
2025-06-12 23:45:47,432 - INFO - :) First place horse found successfully
2025-06-12 23:45:47,433 - INFO - Successfully parsed 16 horse records from: https://www.racingtv.com/results/2023-02-04/leopardstown/1320
2025-06-12 23:45:47,433 - INFO - Waiting 2 seconds before next request...
2025-06-12 23:45:49,434 - INFO - Batch 40 - URL 50/50: https://www.racingtv.com/results/2023-02-04/leopardstown/1355
2025-06-12 23:45:49,434 - INFO - Loading page with Selenium: https://www.racingtv.com/results/2023-02-04/leopardstown/1355
2025-06-12 23:45:54,399 - INFO - Racing main block detected for: https://www.racingtv.com/results/2023-02-04/leopardstown/1355
2025-06-12 23:45:54,430 - INFO - Successfully loaded page: https://www.racingtv.com/results/2023-02-04/leopardstown/1355
2025-06-12 23:45:54,546 - INFO - Extracted race info - Track: N/A, Date: N/A, Time: 13:55
2025-06-12 23:45:54,547 - INFO - Found 2nd h3 tag: Yielding  4YO only 2m Winner: €150,000 (8 runners)
2025-06-12 23:45:54,547 - INFO - Extracted - Going: Yielding, Distance: 2m
2025-06-12 23:45:54,548 - INFO - Extracting racing data from: https://www.racingtv.com/results/2023-02-04/leopardstown/1355
2025-06-12 23:45:54,558 - INFO - Processing main block #1 for https://www.racingtv.com/results/2023-02-04/leopardstown/1355
2025-06-12 23:45:54,564 - INFO - Checking 2nd child of main block for first place horse...
2025-06-12 23:45:54,568 - INFO - Found alternative horse block structure with 3 links
2025-06-12 23:45:54,568 - INFO - Found alternative horse block structure with 3 links
2025-06-12 23:45:54,569 - INFO - Found alternative horse block structure with 3 links
2025-06-12 23:45:54,569 - INFO - Found alternative horse block structure with 3 links
2025-06-12 23:45:54,570 - INFO - Found alternative horse block structure with 3 links
2025-06-12 23:45:54,570 - INFO - Found alternative horse block structure with 3 links
2025-06-12 23:45:54,570 - INFO - Found alternative horse block structure with 3 links
2025-06-12 23:45:54,570 - INFO - Found alternative horse block structure with 3 links
2025-06-12 23:45:54,587 - INFO - Found likely first place horse via structure analysis: Gala Marceau (FR)
2025-06-12 23:45:54,588 - INFO - Found potential first place horse with background styling
2025-06-12 23:45:54,589 - INFO - Found potential first place horse with background styling
2025-06-12 23:45:54,589 - INFO - Found potential first place horse with background styling
2025-06-12 23:45:54,589 - INFO - Found potential first place horse with background styling
2025-06-12 23:45:54,590 - INFO - Found potential first place horse with background styling
2025-06-12 23:45:54,590 - INFO - Found potential first place horse with background styling
2025-06-12 23:45:54,591 - INFO - Found potential first place horse with background styling
2025-06-12 23:45:54,591 - INFO - Found 16 horse entries for https://www.racingtv.com/results/2023-02-04/leopardstown/1355 using multiple detection methods
2025-06-12 23:45:54,591 - INFO - Processing sub block #1 for https://www.racingtv.com/results/2023-02-04/leopardstown/1355
2025-06-12 23:45:54,592 - INFO - Found 3 <a> tags - Horse: Jourdefete (FR), Jockey: Jack Foley (claim: 0), Trainer: W. P. Mullins
2025-06-12 23:45:54,592 - INFO - Position/Length - Found 2 children: Position: 8th, Lost by: 11 l
2025-06-12 23:45:54,593 - INFO - Extracted: Jourdefete (FR) - Position: 8th, Lost by: 11 l, Jockey: Jack Foley (claim: 0), Trainer: W. P. Mullins, Age: 4, Weight: 11-0t, Rating: -
2025-06-12 23:45:54,593 - INFO - Processing sub block #2 for https://www.racingtv.com/results/2023-02-04/leopardstown/1355
2025-06-12 23:45:54,593 - INFO - Found 3 <a> tags - Horse: Darraby, Jockey: K. E. Buckley (claim: 0), Trainer: Brendan Duke
2025-06-12 23:45:54,594 - INFO - Position/Length - Found 2 children: Position: 7th, Lost by: 37 l
2025-06-12 23:45:54,595 - INFO - Extracted: Darraby - Position: 7th, Lost by: 37 l, Jockey: K. E. Buckley (claim: 0), Trainer: Brendan Duke, Age: 4, Weight: 11-0, Rating: -
2025-06-12 23:45:54,595 - INFO - Processing sub block #3 for https://www.racingtv.com/results/2023-02-04/leopardstown/1355
2025-06-12 23:45:54,596 - INFO - Found 3 <a> tags - Horse: Cinsa (FR), Jockey: B. Hayes (claim: 0), Trainer: W. P. Mullins
2025-06-12 23:45:54,596 - INFO - Position/Length - Found 2 children: Position: 6th, Lost by: 7 1/2 l
2025-06-12 23:45:54,597 - INFO - Extracted: Cinsa (FR) - Position: 6th, Lost by: 7 1/2 l, Jockey: B. Hayes (claim: 0), Trainer: W. P. Mullins, Age: 4, Weight: 10-7, Rating: -
2025-06-12 23:45:54,597 - INFO - Processing sub block #4 for https://www.racingtv.com/results/2023-02-04/leopardstown/1355
2025-06-12 23:45:54,598 - INFO - Found 3 <a> tags - Horse: Gust of Wind (FR), Jockey: S. F. O'Keeffe (claim: 0), Trainer: W. P. Mullins
2025-06-12 23:45:54,599 - INFO - Position/Length - Found 2 children: Position: 5th, Lost by: 2 1/4 l
2025-06-12 23:45:54,599 - INFO - Extracted: Gust of Wind (FR) - Position: 5th, Lost by: 2 1/4 l, Jockey: S. F. O'Keeffe (claim: 0), Trainer: W. P. Mullins, Age: 4, Weight: 11-0, Rating: -
2025-06-12 23:45:54,600 - INFO - Processing sub block #5 for https://www.racingtv.com/results/2023-02-04/leopardstown/1355
2025-06-12 23:45:54,600 - INFO - Found 3 <a> tags - Horse: Ascending (IRE), Jockey: Rachael Blackmore (claim: 0), Trainer: Henry de Bromhead
2025-06-12 23:45:54,601 - INFO - Position/Length - Found 2 children: Position: 4th, Lost by: 6 l
2025-06-12 23:45:54,601 - INFO - Extracted: Ascending (IRE) - Position: 4th, Lost by: 6 l, Jockey: Rachael Blackmore (claim: 0), Trainer: Henry de Bromhead, Age: 4, Weight: 11-0, Rating: -
2025-06-12 23:45:54,601 - INFO - Processing sub block #6 for https://www.racingtv.com/results/2023-02-04/leopardstown/1355
2025-06-12 23:45:54,602 - INFO - Found 3 <a> tags - Horse: Tekao (FR), Jockey: M. P. Walsh (claim: 0), Trainer: W. P. Mullins
2025-06-12 23:45:54,603 - INFO - Position/Length - Found 2 children: Position: 3rd, Lost by: 10 l
2025-06-12 23:45:54,603 - INFO - Extracted: Tekao (FR) - Position: 3rd, Lost by: 10 l, Jockey: M. P. Walsh (claim: 0), Trainer: W. P. Mullins, Age: 4, Weight: 11-0h1, Rating: -
2025-06-12 23:45:54,603 - INFO - Processing sub block #7 for https://www.racingtv.com/results/2023-02-04/leopardstown/1355
2025-06-12 23:45:54,604 - INFO - Found 3 <a> tags - Horse: Lossiemouth (FR), Jockey: P. Townend (claim: 0), Trainer: W. P. Mullins
2025-06-12 23:45:54,604 - INFO - Position/Length - Found 2 children: Position: 2nd, Lost by: 2 1/2 l
2025-06-12 23:45:54,604 - INFO - Extracted: Lossiemouth (FR) - Position: 2nd, Lost by: 2 1/2 l, Jockey: P. Townend (claim: 0), Trainer: W. P. Mullins, Age: 4, Weight: 10-7, Rating: -
2025-06-12 23:45:54,605 - INFO - Processing sub block #8 for https://www.racingtv.com/results/2023-02-04/leopardstown/1355
2025-06-12 23:45:54,605 - INFO - Found 3 <a> tags - Horse: Gala Marceau (FR), Jockey: D. E. Mullins (claim: 0), Trainer: W. P. Mullins
2025-06-12 23:45:54,605 - INFO - Position/Length - Found 1 children: Position: 1st, Lost by: N/A
2025-06-12 23:45:54,606 - INFO - Confirmed winner: Gala Marceau (FR)
2025-06-12 23:45:54,606 - INFO - Extracted: Gala Marceau (FR) - Position: 1st, Lost by: N/A, Jockey: D. E. Mullins (claim: 0), Trainer: W. P. Mullins, Age: 4, Weight: 10-7, Rating: -
2025-06-12 23:45:54,606 - INFO - Processing sub block #9 for https://www.racingtv.com/results/2023-02-04/leopardstown/1355
2025-06-12 23:45:54,606 - INFO - Found 3 <a> tags - Horse: Jourdefete (FR), Jockey: Jack Foley (claim: 0), Trainer: W. P. Mullins
2025-06-12 23:45:54,607 - INFO - Position/Length - Found 2 children: Position: 8th, Lost by: 11 l
2025-06-12 23:45:54,607 - INFO - Extracted: Jourdefete (FR) - Position: 8th, Lost by: 11 l, Jockey: Jack Foley (claim: 0), Trainer: W. P. Mullins, Age: 4, Weight: 11-0t, Rating: -
2025-06-12 23:45:54,608 - INFO - Processing sub block #10 for https://www.racingtv.com/results/2023-02-04/leopardstown/1355
2025-06-12 23:45:54,608 - INFO - Found 3 <a> tags - Horse: Darraby, Jockey: K. E. Buckley (claim: 0), Trainer: Brendan Duke
2025-06-12 23:45:54,609 - INFO - Position/Length - Found 2 children: Position: 7th, Lost by: 37 l
2025-06-12 23:45:54,609 - INFO - Extracted: Darraby - Position: 7th, Lost by: 37 l, Jockey: K. E. Buckley (claim: 0), Trainer: Brendan Duke, Age: 4, Weight: 11-0, Rating: -
2025-06-12 23:45:54,610 - INFO - Processing sub block #11 for https://www.racingtv.com/results/2023-02-04/leopardstown/1355
2025-06-12 23:45:54,610 - INFO - Found 3 <a> tags - Horse: Cinsa (FR), Jockey: B. Hayes (claim: 0), Trainer: W. P. Mullins
2025-06-12 23:45:54,610 - INFO - Position/Length - Found 2 children: Position: 6th, Lost by: 7 1/2 l
2025-06-12 23:45:54,611 - INFO - Extracted: Cinsa (FR) - Position: 6th, Lost by: 7 1/2 l, Jockey: B. Hayes (claim: 0), Trainer: W. P. Mullins, Age: 4, Weight: 10-7, Rating: -
2025-06-12 23:45:54,611 - INFO - Processing sub block #12 for https://www.racingtv.com/results/2023-02-04/leopardstown/1355
2025-06-12 23:45:54,612 - INFO - Found 3 <a> tags - Horse: Gust of Wind (FR), Jockey: S. F. O'Keeffe (claim: 0), Trainer: W. P. Mullins
2025-06-12 23:45:54,612 - INFO - Position/Length - Found 2 children: Position: 5th, Lost by: 2 1/4 l
2025-06-12 23:45:54,613 - INFO - Extracted: Gust of Wind (FR) - Position: 5th, Lost by: 2 1/4 l, Jockey: S. F. O'Keeffe (claim: 0), Trainer: W. P. Mullins, Age: 4, Weight: 11-0, Rating: -
2025-06-12 23:45:54,613 - INFO - Processing sub block #13 for https://www.racingtv.com/results/2023-02-04/leopardstown/1355
2025-06-12 23:45:54,613 - INFO - Found 3 <a> tags - Horse: Ascending (IRE), Jockey: Rachael Blackmore (claim: 0), Trainer: Henry de Bromhead
2025-06-12 23:45:54,614 - INFO - Position/Length - Found 2 children: Position: 4th, Lost by: 6 l
2025-06-12 23:45:54,614 - INFO - Extracted: Ascending (IRE) - Position: 4th, Lost by: 6 l, Jockey: Rachael Blackmore (claim: 0), Trainer: Henry de Bromhead, Age: 4, Weight: 11-0, Rating: -
2025-06-12 23:45:54,614 - INFO - Processing sub block #14 for https://www.racingtv.com/results/2023-02-04/leopardstown/1355
2025-06-12 23:45:54,616 - INFO - Found 3 <a> tags - Horse: Tekao (FR), Jockey: M. P. Walsh (claim: 0), Trainer: W. P. Mullins
2025-06-12 23:45:54,616 - INFO - Position/Length - Found 2 children: Position: 3rd, Lost by: 10 l
2025-06-12 23:45:54,616 - INFO - Extracted: Tekao (FR) - Position: 3rd, Lost by: 10 l, Jockey: M. P. Walsh (claim: 0), Trainer: W. P. Mullins, Age: 4, Weight: 11-0h1, Rating: -
2025-06-12 23:45:54,616 - INFO - Processing sub block #15 for https://www.racingtv.com/results/2023-02-04/leopardstown/1355
2025-06-12 23:45:54,617 - INFO - Found 3 <a> tags - Horse: Lossiemouth (FR), Jockey: P. Townend (claim: 0), Trainer: W. P. Mullins
2025-06-12 23:45:54,618 - INFO - Position/Length - Found 2 children: Position: 2nd, Lost by: 2 1/2 l
2025-06-12 23:45:54,618 - INFO - Extracted: Lossiemouth (FR) - Position: 2nd, Lost by: 2 1/2 l, Jockey: P. Townend (claim: 0), Trainer: W. P. Mullins, Age: 4, Weight: 10-7, Rating: -
2025-06-12 23:45:54,618 - INFO - Processing sub block #16 for https://www.racingtv.com/results/2023-02-04/leopardstown/1355
2025-06-12 23:45:54,618 - INFO - Found 3 <a> tags - Horse: Gala Marceau (FR), Jockey: D. E. Mullins (claim: 0), Trainer: W. P. Mullins
2025-06-12 23:45:54,619 - INFO - Position/Length - Found 1 children: Position: 1st, Lost by: N/A
2025-06-12 23:45:54,619 - INFO - Extracted: Gala Marceau (FR) - Position: 1st, Lost by: N/A, Jockey: D. E. Mullins (claim: 0), Trainer: W. P. Mullins, Age: 4, Weight: 10-7, Rating: -
2025-06-12 23:45:54,619 - INFO - Successfully extracted 16/16 horse records from https://www.racingtv.com/results/2023-02-04/leopardstown/1355
2025-06-12 23:45:54,620 - INFO - :) First place horse found successfully
2025-06-12 23:45:54,620 - INFO - :) First place horse found successfully
2025-06-12 23:45:54,620 - INFO - :) First place horse found successfully
2025-06-12 23:45:54,620 - INFO - :) First place horse found successfully
2025-06-12 23:45:54,620 - INFO - :) First place horse found successfully
2025-06-12 23:45:54,620 - INFO - :) First place horse found successfully
2025-06-12 23:45:54,620 - INFO - :) First place horse found successfully
2025-06-12 23:45:54,620 - INFO - :) First place horse found successfully
2025-06-12 23:45:54,620 - INFO - :) First place horse found successfully
2025-06-12 23:45:54,620 - INFO - :) First place horse found successfully
2025-06-12 23:45:54,620 - INFO - :) First place horse found successfully
2025-06-12 23:45:54,620 - INFO - :) First place horse found successfully
2025-06-12 23:45:54,620 - INFO - :) First place horse found successfully
2025-06-12 23:45:54,620 - INFO - :) First place horse found successfully
2025-06-12 23:45:54,620 - INFO - :) First place horse found successfully
2025-06-12 23:45:54,620 - INFO - :) First place horse found successfully
2025-06-12 23:45:54,620 - INFO - :) First place horse found successfully
2025-06-12 23:45:54,620 - INFO - Successfully parsed 16 horse records from: https://www.racingtv.com/results/2023-02-04/leopardstown/1355
2025-06-12 23:45:54,620 - INFO - 
Batch 40 complete - URLs: Success: 50, Failed: 0, Horses extracted: 1246
2025-06-12 23:45:54,638 - INFO - Batch 40 results saved to batch_horses_batch_0040_20250612_234554.csv
2025-06-12 23:45:54,643 - INFO - Progress saved: Batch 40/180 completed
2025-06-12 23:45:54,703 - INFO - Memory cleared after batch 40
2025-06-12 23:45:54,703 - INFO - Restarting browser to clear memory...
2025-06-12 23:46:03,847 - INFO - Browser restarted successfully
2025-06-12 23:46:03,847 - INFO - 
============================================================
2025-06-12 23:46:03,848 - INFO - STARTING BATCH 41/180 (50 URLs)
2025-06-12 23:46:03,848 - INFO - ============================================================

2025-06-12 23:46:03,848 - INFO - Batch 41 - URL 1/50: https://www.racingtv.com/results/2023-02-04/leopardstown/1430
2025-06-12 23:46:03,849 - INFO - Loading page with Selenium: https://www.racingtv.com/results/2023-02-04/leopardstown/1430
2025-06-12 23:46:16,171 - INFO - Racing main block detected for: https://www.racingtv.com/results/2023-02-04/leopardstown/1430
2025-06-12 23:46:16,201 - INFO - Successfully loaded page: https://www.racingtv.com/results/2023-02-04/leopardstown/1430
2025-06-12 23:46:16,328 - INFO - Extracted race info - Track: N/A, Date: N/A, Time: 14:30
2025-06-12 23:46:16,328 - INFO - Found 2nd h3 tag: Yielding  5YO+ 2m 1f Winner: €150,000 (8 runners)
2025-06-12 23:46:16,328 - INFO - Extracted - Going: Yielding, Distance: 2m 1f
2025-06-12 23:46:16,328 - INFO - Extracting racing data from: https://www.racingtv.com/results/2023-02-04/leopardstown/1430
2025-06-12 23:46:16,346 - INFO - Processing main block #1 for https://www.racingtv.com/results/2023-02-04/leopardstown/1430
2025-06-12 23:46:16,350 - INFO - Checking 2nd child of main block for first place horse...
2025-06-12 23:46:16,354 - INFO - Found alternative horse block structure with 3 links
2025-06-12 23:46:16,354 - INFO - Found alternative horse block structure with 3 links
2025-06-12 23:46:16,355 - INFO - Found alternative horse block structure with 3 links
2025-06-12 23:46:16,355 - INFO - Found alternative horse block structure with 3 links
2025-06-12 23:46:16,356 - INFO - Found alternative horse block structure with 3 links
2025-06-12 23:46:16,356 - INFO - Found alternative horse block structure with 3 links
2025-06-12 23:46:16,356 - INFO - Found alternative horse block structure with 3 links
2025-06-12 23:46:16,356 - INFO - Found alternative horse block structure with 3 links
2025-06-12 23:46:16,387 - INFO - Found likely first place horse via structure analysis: Appreciate It (IRE)
2025-06-12 23:46:16,391 - INFO - Found potential first place horse with background styling
2025-06-12 23:46:16,391 - INFO - Found potential first place horse with background styling
2025-06-12 23:46:16,392 - INFO - Found potential first place horse with background styling
2025-06-12 23:46:16,392 - INFO - Found potential first place horse with background styling
2025-06-12 23:46:16,392 - INFO - Found potential first place horse with background styling
2025-06-12 23:46:16,393 - INFO - Found potential first place horse with background styling
2025-06-12 23:46:16,393 - INFO - Found potential first place horse with background styling
2025-06-12 23:46:16,394 - INFO - Found 16 horse entries for https://www.racingtv.com/results/2023-02-04/leopardstown/1430 using multiple detection methods
2025-06-12 23:46:16,394 - INFO - Processing sub block #1 for https://www.racingtv.com/results/2023-02-04/leopardstown/1430
2025-06-12 23:46:16,395 - WARNING - Horse/jockey/trainer div not found in sub block 1
2025-06-12 23:46:16,396 - INFO - Position/Length - Found 2 children: Position: 6, Lost by: 
2025-06-12 23:46:16,396 - INFO - Extracted: N/A - Position: 6, Lost by: , Jockey: N/A (claim: 0), Trainer: N/A, Age: UR, Weight: 10/1, Rating: N/A
2025-06-12 23:46:16,396 - INFO - Processing sub block #2 for https://www.racingtv.com/results/2023-02-04/leopardstown/1430
2025-06-12 23:46:16,398 - WARNING - Horse/jockey/trainer div not found in sub block 2
2025-06-12 23:46:16,400 - INFO - Position/Length - Found 2 children: Position: 5, Lost by: 
2025-06-12 23:46:16,400 - INFO - Extracted: N/A - Position: 5, Lost by: , Jockey: N/A (claim: 0), Trainer: N/A, Age: 7th20 l, Weight: 22/1, Rating: N/A
2025-06-12 23:46:16,400 - INFO - Processing sub block #3 for https://www.racingtv.com/results/2023-02-04/leopardstown/1430
2025-06-12 23:46:16,400 - WARNING - Horse/jockey/trainer div not found in sub block 3
2025-06-12 23:46:16,402 - INFO - Position/Length - Found 2 children: Position: 7, Lost by: 
2025-06-12 23:46:16,402 - INFO - Extracted: N/A - Position: 7, Lost by: , Jockey: N/A (claim: 0), Trainer: N/A, Age: 6th5 l, Weight: 40/1, Rating: N/A
2025-06-12 23:46:16,402 - INFO - Processing sub block #4 for https://www.racingtv.com/results/2023-02-04/leopardstown/1430
2025-06-12 23:46:16,403 - WARNING - Horse/jockey/trainer div not found in sub block 4
2025-06-12 23:46:16,404 - INFO - Position/Length - Found 2 children: Position: 8, Lost by: 
2025-06-12 23:46:16,404 - INFO - Extracted: N/A - Position: 8, Lost by: , Jockey: N/A (claim: 0), Trainer: N/A, Age: 5th27 l, Weight: 16/1, Rating: N/A
2025-06-12 23:46:16,404 - INFO - Processing sub block #5 for https://www.racingtv.com/results/2023-02-04/leopardstown/1430
2025-06-12 23:46:16,405 - WARNING - Horse/jockey/trainer div not found in sub block 5
2025-06-12 23:46:16,406 - INFO - Position/Length - Found 2 children: Position: 3, Lost by: 
2025-06-12 23:46:16,406 - INFO - Extracted: N/A - Position: 3, Lost by: , Jockey: N/A (claim: 0), Trainer: N/A, Age: 4th1/2 l, Weight: 9/2, Rating: N/A
2025-06-12 23:46:16,406 - INFO - Processing sub block #6 for https://www.racingtv.com/results/2023-02-04/leopardstown/1430
2025-06-12 23:46:16,407 - WARNING - Horse/jockey/trainer div not found in sub block 6
2025-06-12 23:46:16,407 - INFO - Position/Length - Found 2 children: Position: 2, Lost by: 
2025-06-12 23:46:16,408 - INFO - Extracted: N/A - Position: 2, Lost by: , Jockey: N/A (claim: 0), Trainer: N/A, Age: 2nd10 l, Weight: 8/1, Rating: N/A
2025-06-12 23:46:16,408 - INFO - Processing sub block #7 for https://www.racingtv.com/results/2023-02-04/leopardstown/1430
2025-06-12 23:46:16,409 - WARNING - Horse/jockey/trainer div not found in sub block 7
2025-06-12 23:46:16,409 - INFO - Position/Length - Found 2 children: Position: 4, Lost by: 
2025-06-12 23:46:16,409 - INFO - Extracted: N/A - Position: 4, Lost by: , Jockey: N/A (claim: 0), Trainer: N/A, Age: 1st, Weight: 9/2, Rating: N/A
2025-06-12 23:46:16,409 - INFO - Processing sub block #8 for https://www.racingtv.com/results/2023-02-04/leopardstown/1430
2025-06-12 23:46:16,411 - WARNING - Horse/jockey/trainer div not found in sub block 8
2025-06-12 23:46:16,412 - INFO - Position/Length - Found 2 children: Position: 1, Lost by: 
2025-06-12 23:46:16,412 - INFO - Confirmed winner: N/A
2025-06-12 23:46:16,413 - INFO - Extracted: N/A - Position: 1, Lost by: , Jockey: N/A (claim: 0), Trainer: N/A, Age: 3rdNose, Weight: 11/8f, Rating: N/A
2025-06-12 23:46:16,413 - INFO - Processing sub block #9 for https://www.racingtv.com/results/2023-02-04/leopardstown/1430
2025-06-12 23:46:16,415 - WARNING - Horse/jockey/trainer div not found in sub block 9
2025-06-12 23:46:16,415 - INFO - Position/Length - Found 2 children: Position: 6, Lost by: 
2025-06-12 23:46:16,416 - INFO - Extracted: N/A - Position: 6, Lost by: , Jockey: N/A (claim: 0), Trainer: N/A, Age: UR, Weight: 10/1, Rating: N/A
2025-06-12 23:46:16,416 - INFO - Processing sub block #10 for https://www.racingtv.com/results/2023-02-04/leopardstown/1430
2025-06-12 23:46:16,416 - WARNING - Horse/jockey/trainer div not found in sub block 10
2025-06-12 23:46:16,417 - INFO - Position/Length - Found 2 children: Position: 5, Lost by: 
2025-06-12 23:46:16,417 - INFO - Extracted: N/A - Position: 5, Lost by: , Jockey: N/A (claim: 0), Trainer: N/A, Age: 7th20 l, Weight: 22/1, Rating: N/A
2025-06-12 23:46:16,418 - INFO - Processing sub block #11 for https://www.racingtv.com/results/2023-02-04/leopardstown/1430
2025-06-12 23:46:16,418 - WARNING - Horse/jockey/trainer div not found in sub block 11
2025-06-12 23:46:16,419 - INFO - Position/Length - Found 2 children: Position: 7, Lost by: 
2025-06-12 23:46:16,419 - INFO - Extracted: N/A - Position: 7, Lost by: , Jockey: N/A (claim: 0), Trainer: N/A, Age: 6th5 l, Weight: 40/1, Rating: N/A
2025-06-12 23:46:16,419 - INFO - Processing sub block #12 for https://www.racingtv.com/results/2023-02-04/leopardstown/1430
2025-06-12 23:46:16,419 - WARNING - Horse/jockey/trainer div not found in sub block 12
2025-06-12 23:46:16,419 - INFO - Position/Length - Found 2 children: Position: 8, Lost by: 
2025-06-12 23:46:16,419 - INFO - Extracted: N/A - Position: 8, Lost by: , Jockey: N/A (claim: 0), Trainer: N/A, Age: 5th27 l, Weight: 16/1, Rating: N/A
2025-06-12 23:46:16,419 - INFO - Processing sub block #13 for https://www.racingtv.com/results/2023-02-04/leopardstown/1430
2025-06-12 23:46:16,419 - WARNING - Horse/jockey/trainer div not found in sub block 13
2025-06-12 23:46:16,419 - INFO - Position/Length - Found 2 children: Position: 3, Lost by: 
2025-06-12 23:46:16,419 - INFO - Extracted: N/A - Position: 3, Lost by: , Jockey: N/A (claim: 0), Trainer: N/A, Age: 4th1/2 l, Weight: 9/2, Rating: N/A
2025-06-12 23:46:16,419 - INFO - Processing sub block #14 for https://www.racingtv.com/results/2023-02-04/leopardstown/1430
2025-06-12 23:46:16,419 - WARNING - Horse/jockey/trainer div not found in sub block 14
2025-06-12 23:46:16,424 - INFO - Position/Length - Found 2 children: Position: 1, Lost by: 
2025-06-12 23:46:16,424 - INFO - Extracted: N/A - Position: 1, Lost by: , Jockey: N/A (claim: 0), Trainer: N/A, Age: 3rdNose, Weight: 11/8f, Rating: N/A
2025-06-12 23:46:16,425 - INFO - Processing sub block #15 for https://www.racingtv.com/results/2023-02-04/leopardstown/1430
2025-06-12 23:46:16,425 - WARNING - Horse/jockey/trainer div not found in sub block 15
2025-06-12 23:46:16,426 - INFO - Position/Length - Found 2 children: Position: 2, Lost by: 
2025-06-12 23:46:16,426 - INFO - Extracted: N/A - Position: 2, Lost by: , Jockey: N/A (claim: 0), Trainer: N/A, Age: 2nd10 l, Weight: 8/1, Rating: N/A
2025-06-12 23:46:16,426 - INFO - Processing sub block #16 for https://www.racingtv.com/results/2023-02-04/leopardstown/1430
2025-06-12 23:46:16,427 - WARNING - Horse/jockey/trainer div not found in sub block 16
2025-06-12 23:46:16,427 - INFO - Position/Length - Found 2 children: Position: 4, Lost by: 
2025-06-12 23:46:16,428 - INFO - Extracted: N/A - Position: 4, Lost by: , Jockey: N/A (claim: 0), Trainer: N/A, Age: 1st, Weight: 9/2, Rating: N/A
2025-06-12 23:46:16,428 - INFO - Successfully extracted 0/16 horse records from https://www.racingtv.com/results/2023-02-04/leopardstown/1430
2025-06-12 23:46:16,428 - INFO - :) First place horse found successfully
2025-06-12 23:46:16,428 - INFO - :) First place horse found successfully
2025-06-12 23:46:16,429 - INFO - :) First place horse found successfully
2025-06-12 23:46:16,429 - INFO - :) First place horse found successfully
2025-06-12 23:46:16,429 - INFO - :) First place horse found successfully
2025-06-12 23:46:16,429 - INFO - :) First place horse found successfully
2025-06-12 23:46:16,430 - INFO - :) First place horse found successfully
2025-06-12 23:46:16,430 - INFO - :) First place horse found successfully
2025-06-12 23:46:16,430 - INFO - :) First place horse found successfully
2025-06-12 23:46:16,431 - INFO - :) First place horse found successfully
2025-06-12 23:46:16,431 - INFO - :) First place horse found successfully
2025-06-12 23:46:16,432 - INFO - :) First place horse found successfully
2025-06-12 23:46:16,432 - INFO - :) First place horse found successfully
2025-06-12 23:46:16,432 - INFO - :) First place horse found successfully
2025-06-12 23:46:16,432 - INFO - :) First place horse found successfully
2025-06-12 23:46:16,432 - INFO - :) First place horse found successfully
2025-06-12 23:46:16,432 - INFO - :) First place horse found successfully
2025-06-12 23:46:16,433 - INFO - Successfully parsed 16 horse records from: https://www.racingtv.com/results/2023-02-04/leopardstown/1430
2025-06-12 23:46:16,433 - INFO - Waiting 2 seconds before next request...
2025-06-12 23:46:18,434 - INFO - Batch 41 - URL 2/50: https://www.racingtv.com/results/2023-02-04/leopardstown/1505
2025-06-12 23:46:18,436 - INFO - Loading page with Selenium: https://www.racingtv.com/results/2023-02-04/leopardstown/1505
2025-06-12 23:46:23,519 - WARNING - Retrying (Retry(total=2, connect=None, read=None, redirect=None, status=None)) after connection broken by 'ConnectionResetError(10054, 'An existing connection was forcibly closed by the remote host', None, 10054, None)': /session/3aa40074d3b96d971f6644958d11478d
